計測日,計測時間,全体,空調,照明,動力,電灯,冷凍・冷熱,その他
2014/01/01,01,8,0,,,,,
2014/01/01,02,8,0,,,,,
2014/01/01,03,8,0,,,,,
2014/01/01,04,8,0,,,,,
2014/01/01,05,8,0,,,,,
2014/01/01,06,8,0,,,,,
2014/01/01,07,8,0,,,,,
2014/01/01,08,7,0,,,,,
2014/01/01,09,8,0,,,,,
2014/01/01,10,8,0,,,,,
2014/01/01,11,9,0,,,,,
2014/01/01,12,8,0,,,,,
2014/01/01,13,8,0,,,,,
2014/01/01,14,8,0,,,,,
2014/01/01,15,8,0,,,,,
2014/01/01,16,8,0,,,,,
2014/01/01,17,8,0,,,,,
2014/01/01,18,8,0,,,,,
2014/01/01,19,8,0,,,,,
2014/01/01,20,9,0,,,,,
2014/01/01,21,8,0,,,,,
2014/01/01,22,8,0,,,,,
2014/01/01,23,8,0,,,,,
2014/01/01,24,8,0,,,,,
2014/01/02,01,8,0,,,,,
2014/01/02,02,8,0,,,,,
2014/01/02,03,8,0,,,,,
2014/01/02,04,8,0,,,,,
2014/01/02,05,8,0,,,,,
2014/01/02,06,8,0,,,,,
2014/01/02,07,8,0,,,,,
2014/01/02,08,8,0,,,,,
2014/01/02,09,8,0,,,,,
2014/01/02,10,7,0,,,,,
2014/01/02,11,8,0,,,,,
2014/01/02,12,8,0,,,,,
2014/01/02,13,9,0,,,,,
2014/01/02,14,8,0,,,,,
2014/01/02,15,8,0,,,,,
2014/01/02,16,8,0,,,,,
2014/01/02,17,8,0,,,,,
2014/01/02,18,8,0,,,,,
2014/01/02,19,8,0,,,,,
2014/01/02,20,7,0,,,,,
2014/01/02,21,8,0,,,,,
2014/01/02,22,8,0,,,,,
2014/01/02,23,8,0,,,,,
2014/01/02,24,8,0,,,,,
2014/01/03,01,8,0,,,,,
2014/01/03,02,8,0,,,,,
2014/01/03,03,8,0,,,,,
2014/01/03,04,7,0,,,,,
2014/01/03,05,8,0,,,,,
2014/01/03,06,8,0,,,,,
2014/01/03,07,8,0,,,,,
2014/01/03,08,8,0,,,,,
2014/01/03,09,7,0,,,,,
2014/01/03,10,8,0,,,,,
2014/01/03,11,8,0,,,,,
2014/01/03,12,8,0,,,,,
2014/01/03,13,8,0,,,,,
2014/01/03,14,8,0,,,,,
2014/01/03,15,8,0,,,,,
2014/01/03,16,8,0,,,,,
2014/01/03,17,8,0,,,,,
2014/01/03,18,7,0,,,,,
2014/01/03,19,8,0,,,,,
2014/01/03,20,8,0,,,,,
2014/01/03,21,8,0,,,,,
2014/01/03,22,8,0,,,,,
2014/01/03,23,8,0,,,,,
2014/01/03,24,8,0,,,,,
2014/01/04,01,8,0,,,,,
2014/01/04,02,8,0,,,,,
2014/01/04,03,7,0,,,,,
2014/01/04,04,8,0,,,,,
2014/01/04,05,7,0,,,,,
2014/01/04,06,8,0,,,,,
2014/01/04,07,8,0,,,,,
2014/01/04,08,30,0,,,,,
2014/01/04,09,74,0,,,,,
2014/01/04,10,123,6,,,,,
2014/01/04,11,119,7,,,,,
2014/01/04,12,118,7,,,,,
2014/01/04,13,102,7,,,,,
2014/01/04,14,120,7,,,,,
2014/01/04,15,119,7,,,,,
2014/01/04,16,114,8,,,,,
2014/01/04,17,94,5,,,,,
2014/01/04,18,50,0,,,,,
2014/01/04,19,8,0,,,,,
2014/01/04,20,10,0,,,,,
2014/01/04,21,8,0,,,,,
2014/01/04,22,8,0,,,,,
2014/01/04,23,8,0,,,,,
2014/01/04,24,8,0,,,,,
2014/01/05,01,8,0,,,,,
2014/01/05,02,8,0,,,,,
2014/01/05,03,8,0,,,,,
2014/01/05,04,8,0,,,,,
2014/01/05,05,8,0,,,,,
2014/01/05,06,8,0,,,,,
2014/01/05,07,8,0,,,,,
2014/01/05,08,35,0,,,,,
2014/01/05,09,45,2,,,,,
2014/01/05,10,47,7,,,,,
2014/01/05,11,47,6,,,,,
2014/01/05,12,54,7,,,,,
2014/01/05,13,50,7,,,,,
2014/01/05,14,52,7,,,,,
2014/01/05,15,59,8,,,,,
2014/01/05,16,61,7,,,,,
2014/01/05,17,52,4,,,,,
2014/01/05,18,47,0,,,,,
2014/01/05,19,56,0,,,,,
2014/01/05,20,50,0,,,,,
2014/01/05,21,13,0,,,,,
2014/01/05,22,7,0,,,,,
2014/01/05,23,7,0,,,,,
2014/01/05,24,7,0,,,,,
2014/01/06,01,7,0,,,,,
2014/01/06,02,7,0,,,,,
2014/01/06,03,7,0,,,,,
2014/01/06,04,7,0,,,,,
2014/01/06,05,7,0,,,,,
2014/01/06,06,7,0,,,,,
2014/01/06,07,7,0,,,,,
2014/01/06,08,51,0,,,,,
2014/01/06,09,159,0,,,,,
2014/01/06,10,215,5,,,,,
2014/01/06,11,209,7,,,,,
2014/01/06,12,211,7,,,,,
2014/01/06,13,153,7,,,,,
2014/01/06,14,199,8,,,,,
2014/01/06,15,196,8,,,,,
2014/01/06,16,186,8,,,,,
2014/01/06,17,186,8,,,,,
2014/01/06,18,164,8,,,,,
2014/01/06,19,123,8,,,,,
2014/01/06,20,67,7,,,,,
2014/01/06,21,13,0,,,,,
2014/01/06,22,11,0,,,,,
2014/01/06,23,10,0,,,,,
2014/01/06,24,10,0,,,,,
2014/01/07,01,9,0,,,,,
2014/01/07,02,8,0,,,,,
2014/01/07,03,8,0,,,,,
2014/01/07,04,8,0,,,,,
2014/01/07,05,8,0,,,,,
2014/01/07,06,8,0,,,,,
2014/01/07,07,8,0,,,,,
2014/01/07,08,49,0,,,,,
2014/01/07,09,195,4,,,,,
2014/01/07,10,232,6,,,,,
2014/01/07,11,225,7,,,,,
2014/01/07,12,212,8,,,,,
2014/01/07,13,157,9,,,,,
2014/01/07,14,191,8,,,,,
2014/01/07,15,197,9,,,,,
2014/01/07,16,193,9,,,,,
2014/01/07,17,198,8,,,,,
2014/01/07,18,198,9,,,,,
2014/01/07,19,153,8,,,,,
2014/01/07,20,131,9,,,,,
2014/01/07,21,35,1,,,,,
2014/01/07,22,18,0,,,,,
2014/01/07,23,12,0,,,,,
2014/01/07,24,10,0,,,,,
2014/01/08,01,10,0,,,,,
2014/01/08,02,9,0,,,,,
2014/01/08,03,8,0,,,,,
2014/01/08,04,10,0,,,,,
2014/01/08,05,8,0,,,,,
2014/01/08,06,8,0,,,,,
2014/01/08,07,8,0,,,,,
2014/01/08,08,61,0,,,,,
2014/01/08,09,194,3,,,,,
2014/01/08,10,204,7,,,,,
2014/01/08,11,229,7,,,,,
2014/01/08,12,226,7,,,,,
2014/01/08,13,172,7,,,,,
2014/01/08,14,210,7,,,,,
2014/01/08,15,208,8,,,,,
2014/01/08,16,221,8,,,,,
2014/01/08,17,228,8,,,,,
2014/01/08,18,215,7,,,,,
2014/01/08,19,193,7,,,,,
2014/01/08,20,120,7,,,,,
2014/01/08,21,10,1,,,,,
2014/01/08,22,11,0,,,,,
2014/01/08,23,10,0,,,,,
2014/01/08,24,11,0,,,,,
2014/01/09,01,9,0,,,,,
2014/01/09,02,9,0,,,,,
2014/01/09,03,8,0,,,,,
2014/01/09,04,8,0,,,,,
2014/01/09,05,9,0,,,,,
2014/01/09,06,8,0,,,,,
2014/01/09,07,9,0,,,,,
2014/01/09,08,58,0,,,,,
2014/01/09,09,191,3,,,,,
2014/01/09,10,226,7,,,,,
2014/01/09,11,227,8,,,,,
2014/01/09,12,227,8,,,,,
2014/01/09,13,169,8,,,,,
2014/01/09,14,200,9,,,,,
2014/01/09,15,204,8,,,,,
2014/01/09,16,183,8,,,,,
2014/01/09,17,220,8,,,,,
2014/01/09,18,212,8,,,,,
2014/01/09,19,213,8,,,,,
2014/01/09,20,125,8,,,,,
2014/01/09,21,15,1,,,,,
2014/01/09,22,14,0,,,,,
2014/01/09,23,13,0,,,,,
2014/01/09,24,13,0,,,,,
2014/01/10,01,12,0,,,,,
2014/01/10,02,13,0,,,,,
2014/01/10,03,10,0,,,,,
2014/01/10,04,9,0,,,,,
2014/01/10,05,9,0,,,,,
2014/01/10,06,9,0,,,,,
2014/01/10,07,9,0,,,,,
2014/01/10,08,50,0,,,,,
2014/01/10,09,191,2,,,,,
2014/01/10,10,238,7,,,,,
2014/01/10,11,234,7,,,,,
2014/01/10,12,226,8,,,,,
2014/01/10,13,164,8,,,,,
2014/01/10,14,217,9,,,,,
2014/01/10,15,195,8,,,,,
2014/01/10,16,201,8,,,,,
2014/01/10,17,210,8,,,,,
2014/01/10,18,207,9,,,,,
2014/01/10,19,179,8,,,,,
2014/01/10,20,94,8,,,,,
2014/01/10,21,13,1,,,,,
2014/01/10,22,11,0,,,,,
2014/01/10,23,10,0,,,,,
2014/01/10,24,10,0,,,,,
2014/01/11,01,10,0,,,,,
2014/01/11,02,9,0,,,,,
2014/01/11,03,8,0,,,,,
2014/01/11,04,8,0,,,,,
2014/01/11,05,8,0,,,,,
2014/01/11,06,8,0,,,,,
2014/01/11,07,8,0,,,,,
2014/01/11,08,74,0,,,,,
2014/01/11,09,183,2,,,,,
2014/01/11,10,220,7,,,,,
2014/01/11,11,217,7,,,,,
2014/01/11,12,212,8,,,,,
2014/01/11,13,161,8,,,,,
2014/01/11,14,197,9,,,,,
2014/01/11,15,201,8,,,,,
2014/01/11,16,199,9,,,,,
2014/01/11,17,199,8,,,,,
2014/01/11,18,187,8,,,,,
2014/01/11,19,151,9,,,,,
2014/01/11,20,87,8,,,,,
2014/01/11,21,11,1,,,,,
2014/01/11,22,10,0,,,,,
2014/01/11,23,9,0,,,,,
2014/01/11,24,10,0,,,,,
2014/01/12,01,8,0,,,,,
2014/01/12,02,8,0,,,,,
2014/01/12,03,8,0,,,,,
2014/01/12,04,8,0,,,,,
2014/01/12,05,8,0,,,,,
2014/01/12,06,8,0,,,,,
2014/01/12,07,8,0,,,,,
2014/01/12,08,8,0,,,,,
2014/01/12,09,8,0,,,,,
2014/01/12,10,8,0,,,,,
2014/01/12,11,8,0,,,,,
2014/01/12,12,8,0,,,,,
2014/01/12,13,8,0,,,,,
2014/01/12,14,8,0,,,,,
2014/01/12,15,8,0,,,,,
2014/01/12,16,8,0,,,,,
2014/01/12,17,8,0,,,,,
2014/01/12,18,8,0,,,,,
2014/01/12,19,8,0,,,,,
2014/01/12,20,8,0,,,,,
2014/01/12,21,8,0,,,,,
2014/01/12,22,8,0,,,,,
2014/01/12,23,8,0,,,,,
2014/01/12,24,8,0,,,,,
2014/01/13,01,8,0,,,,,
2014/01/13,02,8,0,,,,,
2014/01/13,03,8,0,,,,,
2014/01/13,04,8,0,,,,,
2014/01/13,05,8,0,,,,,
2014/01/13,06,8,0,,,,,
2014/01/13,07,8,0,,,,,
2014/01/13,08,21,0,,,,,
2014/01/13,09,161,2,,,,,
2014/01/13,10,197,7,,,,,
2014/01/13,11,201,7,,,,,
2014/01/13,12,208,8,,,,,
2014/01/13,13,158,8,,,,,
2014/01/13,14,193,8,,,,,
2014/01/13,15,196,8,,,,,
2014/01/13,16,190,9,,,,,
2014/01/13,17,186,8,,,,,
2014/01/13,18,95,7,,,,,
2014/01/13,19,12,0,,,,,
2014/01/13,20,10,0,,,,,
2014/01/13,21,9,0,,,,,
2014/01/13,22,9,0,,,,,
2014/01/13,23,9,0,,,,,
2014/01/13,24,8,0,,,,,
2014/01/14,01,8,0,,,,,
2014/01/14,02,8,0,,,,,
2014/01/14,03,8,0,,,,,
2014/01/14,04,8,0,,,,,
2014/01/14,05,8,0,,,,,
2014/01/14,06,8,0,,,,,
2014/01/14,07,8,0,,,,,
2014/01/14,08,64,0,,,,,
2014/01/14,09,197,2,,,,,
2014/01/14,10,237,7,,,,,
2014/01/14,11,231,7,,,,,
2014/01/14,12,226,8,,,,,
2014/01/14,13,176,8,,,,,
2014/01/14,14,219,8,,,,,
2014/01/14,15,219,9,,,,,
2014/01/14,16,219,8,,,,,
2014/01/14,17,218,9,,,,,
2014/01/14,18,199,8,,,,,
2014/01/14,19,182,8,,,,,
2014/01/14,20,115,8,,,,,
2014/01/14,21,13,1,,,,,
2014/01/14,22,11,0,,,,,
2014/01/14,23,11,0,,,,,
2014/01/14,24,10,0,,,,,
2014/01/15,01,9,0,,,,,
2014/01/15,02,9,0,,,,,
2014/01/15,03,8,0,,,,,
2014/01/15,04,8,0,,,,,
2014/01/15,05,8,0,,,,,
2014/01/15,06,8,0,,,,,
2014/01/15,07,8,0,,,,,
2014/01/15,08,52,0,,,,,
2014/01/15,09,177,3,,,,,
2014/01/15,10,223,7,,,,,
2014/01/15,11,228,8,,,,,
2014/01/15,12,231,8,,,,,
2014/01/15,13,177,9,,,,,
2014/01/15,14,213,8,,,,,
2014/01/15,15,208,9,,,,,
2014/01/15,16,197,9,,,,,
2014/01/15,17,180,8,,,,,
2014/01/15,18,176,9,,,,,
2014/01/15,19,198,9,,,,,
2014/01/15,20,129,8,,,,,
2014/01/15,21,13,1,,,,,
2014/01/15,22,11,0,,,,,
2014/01/15,23,10,0,,,,,
2014/01/15,24,11,0,,,,,
2014/01/16,01,9,0,,,,,
2014/01/16,02,9,0,,,,,
2014/01/16,03,8,0,,,,,
2014/01/16,04,8,0,,,,,
2014/01/16,05,8,0,,,,,
2014/01/16,06,8,0,,,,,
2014/01/16,07,8,0,,,,,
2014/01/16,08,61,0,,,,,
2014/01/16,09,182,1,,,,,
2014/01/16,10,228,7,,,,,
2014/01/16,11,220,8,,,,,
2014/01/16,12,219,8,,,,,
2014/01/16,13,170,9,,,,,
2014/01/16,14,205,8,,,,,
2014/01/16,15,212,9,,,,,
2014/01/16,16,204,8,,,,,
2014/01/16,17,207,9,,,,,
2014/01/16,18,207,8,,,,,
2014/01/16,19,205,8,,,,,
2014/01/16,20,103,9,,,,,
2014/01/16,21,13,0,,,,,
2014/01/16,22,11,0,,,,,
2014/01/16,23,10,0,,,,,
2014/01/16,24,10,0,,,,,
2014/01/17,01,11,0,,,,,
2014/01/17,02,9,0,,,,,
2014/01/17,03,8,0,,,,,
2014/01/17,04,8,0,,,,,
2014/01/17,05,8,0,,,,,
2014/01/17,06,8,0,,,,,
2014/01/17,07,9,0,,,,,
2014/01/17,08,62,0,,,,,
2014/01/17,09,178,3,,,,,
2014/01/17,10,200,7,,,,,
2014/01/17,11,214,8,,,,,
2014/01/17,12,220,8,,,,,
2014/01/17,13,176,8,,,,,
2014/01/17,14,207,9,,,,,
2014/01/17,15,203,8,,,,,
2014/01/17,16,206,8,,,,,
2014/01/17,17,211,9,,,,,
2014/01/17,18,197,8,,,,,
2014/01/17,19,197,8,,,,,
2014/01/17,20,130,8,,,,,
2014/01/17,21,15,0,,,,,
2014/01/17,22,14,0,,,,,
2014/01/17,23,13,0,,,,,
2014/01/17,24,12,0,,,,,
2014/01/18,01,13,0,,,,,
2014/01/18,02,11,0,,,,,
2014/01/18,03,11,0,,,,,
2014/01/18,04,10,0,,,,,
2014/01/18,05,9,0,,,,,
2014/01/18,06,9,0,,,,,
2014/01/18,07,9,0,,,,,
2014/01/18,08,42,0,,,,,
2014/01/18,09,185,2,,,,,
2014/01/18,10,221,7,,,,,
2014/01/18,11,209,7,,,,,
2014/01/18,12,220,8,,,,,
2014/01/18,13,152,7,,,,,
2014/01/18,14,209,7,,,,,
2014/01/18,15,216,8,,,,,
2014/01/18,16,215,9,,,,,
2014/01/18,17,211,8,,,,,
2014/01/18,18,196,8,,,,,
2014/01/18,19,161,8,,,,,
2014/01/18,20,106,1,,,,,
2014/01/18,21,65,0,,,,,
2014/01/18,22,12,0,,,,,
2014/01/18,23,13,0,,,,,
2014/01/18,24,11,0,,,,,
2014/01/19,01,10,0,,,,,
2014/01/19,02,10,0,,,,,
2014/01/19,03,10,0,,,,,
2014/01/19,04,9,0,,,,,
2014/01/19,05,8,0,,,,,
2014/01/19,06,8,0,,,,,
2014/01/19,07,8,0,,,,,
2014/01/19,08,8,0,,,,,
2014/01/19,09,8,0,,,,,
2014/01/19,10,8,0,,,,,
2014/01/19,11,8,0,,,,,
2014/01/19,12,8,0,,,,,
2014/01/19,13,8,0,,,,,
2014/01/19,14,8,0,,,,,
2014/01/19,15,8,0,,,,,
2014/01/19,16,8,0,,,,,
2014/01/19,17,8,0,,,,,
2014/01/19,18,8,0,,,,,
2014/01/19,19,8,0,,,,,
2014/01/19,20,8,0,,,,,
2014/01/19,21,8,0,,,,,
2014/01/19,22,8,0,,,,,
2014/01/19,23,8,0,,,,,
2014/01/19,24,8,0,,,,,
2014/01/20,01,8,0,,,,,
2014/01/20,02,8,0,,,,,
2014/01/20,03,8,0,,,,,
2014/01/20,04,9,0,,,,,
2014/01/20,05,8,0,,,,,
2014/01/20,06,8,0,,,,,
2014/01/20,07,9,0,,,,,
2014/01/20,08,95,0,,,,,
2014/01/20,09,169,2,,,,,
2014/01/20,10,243,7,,,,,
2014/01/20,11,245,7,,,,,
2014/01/20,12,231,8,,,,,
2014/01/20,13,191,8,,,,,
2014/01/20,14,224,9,,,,,
2014/01/20,15,230,8,,,,,
2014/01/20,16,229,9,,,,,
2014/01/20,17,237,8,,,,,
2014/01/20,18,221,8,,,,,
2014/01/20,19,197,9,,,,,
2014/01/20,20,137,8,,,,,
2014/01/20,21,13,1,,,,,
2014/01/20,22,11,0,,,,,
2014/01/20,23,11,0,,,,,
2014/01/20,24,11,0,,,,,
2014/01/21,01,9,0,,,,,
2014/01/21,02,9,0,,,,,
2014/01/21,03,8,0,,,,,
2014/01/21,04,8,0,,,,,
2014/01/21,05,8,0,,,,,
2014/01/21,06,8,0,,,,,
2014/01/21,07,8,0,,,,,
2014/01/21,08,65,0,,,,,
2014/01/21,09,168,2,,,,,
2014/01/21,10,208,7,,,,,
2014/01/21,11,217,8,,,,,
2014/01/21,12,227,8,,,,,
2014/01/21,13,167,8,,,,,
2014/01/21,14,213,8,,,,,
2014/01/21,15,201,8,,,,,
2014/01/21,16,196,8,,,,,
2014/01/21,17,200,8,,,,,
2014/01/21,18,209,8,,,,,
2014/01/21,19,210,8,,,,,
2014/01/21,20,126,7,,,,,
2014/01/21,21,23,1,,,,,
2014/01/21,22,13,0,,,,,
2014/01/21,23,11,0,,,,,
2014/01/21,24,11,0,,,,,
2014/01/22,01,12,0,,,,,
2014/01/22,02,10,0,,,,,
2014/01/22,03,9,0,,,,,
2014/01/22,04,9,0,,,,,
2014/01/22,05,9,0,,,,,
2014/01/22,06,8,0,,,,,
2014/01/22,07,8,0,,,,,
2014/01/22,08,86,0,,,,,
2014/01/22,09,160,0,,,,,
2014/01/22,10,201,0,,,,,
2014/01/22,11,200,3,,,,,
2014/01/22,12,199,8,,,,,
2014/01/22,13,167,9,,,,,
2014/01/22,14,206,8,,,,,
2014/01/22,15,207,8,,,,,
2014/01/22,16,207,8,,,,,
2014/01/22,17,217,8,,,,,
2014/01/22,18,204,9,,,,,
2014/01/22,19,193,8,,,,,
2014/01/22,20,119,8,,,,,
2014/01/22,21,12,1,,,,,
2014/01/22,22,11,0,,,,,
2014/01/22,23,10,0,,,,,
2014/01/22,24,10,0,,,,,
2014/01/23,01,9,0,,,,,
2014/01/23,02,9,0,,,,,
2014/01/23,03,9,0,,,,,
2014/01/23,04,9,0,,,,,
2014/01/23,05,8,0,,,,,
2014/01/23,06,9,0,,,,,
2014/01/23,07,10,0,,,,,
2014/01/23,08,81,0,,,,,
2014/01/23,09,159,0,,,,,
2014/01/23,10,228,7,,,,,
2014/01/23,11,227,7,,,,,
2014/01/23,12,224,12,,,,,
2014/01/23,13,185,8,,,,,
2014/01/23,14,208,9,,,,,
2014/01/23,15,210,8,,,,,
2014/01/23,16,206,9,,,,,
2014/01/23,17,209,8,,,,,
2014/01/23,18,193,8,,,,,
2014/01/23,19,195,8,,,,,
2014/01/23,20,118,8,,,,,
2014/01/23,21,15,0,,,,,
2014/01/23,22,13,0,,,,,
2014/01/23,23,12,0,,,,,
2014/01/23,24,13,0,,,,,
2014/01/24,01,11,0,,,,,
2014/01/24,02,11,0,,,,,
2014/01/24,03,10,0,,,,,
2014/01/24,04,10,0,,,,,
2014/01/24,05,9,0,,,,,
2014/01/24,06,9,0,,,,,
2014/01/24,07,10,0,,,,,
2014/01/24,08,78,0,,,,,
2014/01/24,09,178,2,,,,,
2014/01/24,10,234,7,,,,,
2014/01/24,11,227,7,,,,,
2014/01/24,12,224,8,,,,,
2014/01/24,13,165,8,,,,,
2014/01/24,14,212,9,,,,,
2014/01/24,15,197,8,,,,,
2014/01/24,16,192,9,,,,,
2014/01/24,17,193,9,,,,,
2014/01/24,18,193,8,,,,,
2014/01/24,19,183,9,,,,,
2014/01/24,20,115,8,,,,,
2014/01/24,21,14,0,,,,,
2014/01/24,22,12,0,,,,,
2014/01/24,23,12,0,,,,,
2014/01/24,24,10,0,,,,,
2014/01/25,01,12,0,,,,,
2014/01/25,02,10,0,,,,,
2014/01/25,03,9,0,,,,,
2014/01/25,04,9,0,,,,,
2014/01/25,05,9,0,,,,,
2014/01/25,06,9,0,,,,,
2014/01/25,07,9,0,,,,,
2014/01/25,08,88,0,,,,,
2014/01/25,09,169,2,,,,,
2014/01/25,10,199,7,,,,,
2014/01/25,11,200,8,,,,,
2014/01/25,12,199,8,,,,,
2014/01/25,13,153,8,,,,,
2014/01/25,14,191,9,,,,,
2014/01/25,15,189,8,,,,,
2014/01/25,16,166,9,,,,,
2014/01/25,17,153,1,,,,,
2014/01/25,18,76,0,,,,,
2014/01/25,19,13,0,,,,,
2014/01/25,20,11,0,,,,,
2014/01/25,21,11,0,,,,,
2014/01/25,22,11,0,,,,,
2014/01/25,23,9,0,,,,,
2014/01/25,24,9,0,,,,,
2014/01/26,01,9,0,,,,,
2014/01/26,02,10,0,,,,,
2014/01/26,03,9,0,,,,,
2014/01/26,04,9,0,,,,,
2014/01/26,05,9,0,,,,,
2014/01/26,06,9,0,,,,,
2014/01/26,07,10,0,,,,,
2014/01/26,08,9,0,,,,,
2014/01/26,09,9,0,,,,,
2014/01/26,10,9,0,,,,,
2014/01/26,11,9,0,,,,,
2014/01/26,12,9,0,,,,,
2014/01/26,13,9,0,,,,,
2014/01/26,14,10,0,,,,,
2014/01/26,15,9,0,,,,,
2014/01/26,16,9,0,,,,,
2014/01/26,17,9,0,,,,,
2014/01/26,18,9,0,,,,,
2014/01/26,19,9,0,,,,,
2014/01/26,20,9,0,,,,,
2014/01/26,21,9,0,,,,,
2014/01/26,22,9,0,,,,,
2014/01/26,23,9,0,,,,,
2014/01/26,24,9,0,,,,,
2014/01/27,01,9,0,,,,,
2014/01/27,02,9,0,,,,,
2014/01/27,03,9,0,,,,,
2014/01/27,04,9,0,,,,,
2014/01/27,05,9,0,,,,,
2014/01/27,06,9,0,,,,,
2014/01/27,07,9,0,,,,,
2014/01/27,08,80,0,,,,,
2014/01/27,09,180,2,,,,,
2014/01/27,10,224,7,,,,,
2014/01/27,11,232,8,,,,,
2014/01/27,12,233,8,,,,,
2014/01/27,13,168,9,,,,,
2014/01/27,14,200,8,,,,,
2014/01/27,15,199,9,,,,,
2014/01/27,16,211,8,,,,,
2014/01/27,17,225,8,,,,,
2014/01/27,18,207,9,,,,,
2014/01/27,19,202,8,,,,,
2014/01/27,20,124,8,,,,,
2014/01/27,21,13,0,,,,,
2014/01/27,22,13,0,,,,,
2014/01/27,23,10,0,,,,,
2014/01/27,24,10,0,,,,,
2014/01/28,01,10,0,,,,,
2014/01/28,02,9,0,,,,,
2014/01/28,03,9,0,,,,,
2014/01/28,04,9,0,,,,,
2014/01/28,05,8,0,,,,,
2014/01/28,06,8,0,,,,,
2014/01/28,07,8,0,,,,,
2014/01/28,08,69,0,,,,,
2014/01/28,09,190,3,,,,,
2014/01/28,10,253,7,,,,,
2014/01/28,11,248,8,,,,,
2014/01/28,12,235,8,,,,,
2014/01/28,13,168,8,,,,,
2014/01/28,14,237,10,,,,,
2014/01/28,15,233,8,,,,,
2014/01/28,16,196,10,,,,,
2014/01/28,17,214,8,,,,,
2014/01/28,18,205,9,,,,,
2014/01/28,19,195,8,,,,,
2014/01/28,20,119,8,,,,,
2014/01/28,21,13,1,,,,,
2014/01/28,22,12,0,,,,,
2014/01/28,23,11,0,,,,,
2014/01/28,24,11,0,,,,,
2014/01/29,01,10,0,,,,,
2014/01/29,02,9,0,,,,,
2014/01/29,03,9,0,,,,,
2014/01/29,04,8,0,,,,,
2014/01/29,05,8,0,,,,,
2014/01/29,06,8,0,,,,,
2014/01/29,07,8,0,,,,,
2014/01/29,08,83,0,,,,,
2014/01/29,09,177,2,,,,,
2014/01/29,10,198,7,,,,,
2014/01/29,11,188,8,,,,,
2014/01/29,12,194,9,,,,,
2014/01/29,13,147,8,,,,,
2014/01/29,14,194,10,,,,,
2014/01/29,15,199,10,,,,,
2014/01/29,16,196,9,,,,,
2014/01/29,17,197,10,,,,,
2014/01/29,18,191,10,,,,,
2014/01/29,19,198,9,,,,,
2014/01/29,20,126,9,,,,,
2014/01/29,21,17,0,,,,,
2014/01/29,22,14,0,,,,,
2014/01/29,23,15,0,,,,,
2014/01/29,24,12,0,,,,,
2014/01/30,01,12,0,,,,,
2014/01/30,02,11,0,,,,,
2014/01/30,03,11,0,,,,,
2014/01/30,04,10,0,,,,,
2014/01/30,05,9,0,,,,,
2014/01/30,06,8,0,,,,,
2014/01/30,07,8,0,,,,,
2014/01/30,08,46,0,,,,,
2014/01/30,09,186,2,,,,,
2014/01/30,10,214,7,,,,,
2014/01/30,11,210,7,,,,,
2014/01/30,12,210,8,,,,,
2014/01/30,13,158,7,,,,,
2014/01/30,14,210,8,,,,,
2014/01/30,15,210,8,,,,,
2014/01/30,16,195,8,,,,,
2014/01/30,17,191,8,,,,,
2014/01/30,18,200,9,,,,,
2014/01/30,19,203,9,,,,,
2014/01/30,20,131,8,,,,,
2014/01/30,21,13,0,,,,,
2014/01/30,22,11,0,,,,,
2014/01/30,23,11,0,,,,,
2014/01/30,24,10,0,,,,,
2014/01/31,01,9,0,,,,,
2014/01/31,02,9,0,,,,,
2014/01/31,03,10,0,,,,,
2014/01/31,04,8,0,,,,,
2014/01/31,05,8,0,,,,,
2014/01/31,06,8,0,,,,,
2014/01/31,07,8,0,,,,,
2014/01/31,08,59,0,,,,,
2014/01/31,09,155,2,,,,,
2014/01/31,10,179,8,,,,,
2014/01/31,11,174,9,,,,,
2014/01/31,12,178,8,,,,,
2014/01/31,13,138,9,,,,,
2014/01/31,14,184,9,,,,,
2014/01/31,15,189,10,,,,,
2014/01/31,16,177,8,,,,,
2014/01/31,17,171,10,,,,,
2014/01/31,18,164,9,,,,,
2014/01/31,19,141,9,,,,,
2014/01/31,20,76,0,,,,,
2014/01/31,21,14,0,,,,,
2014/01/31,22,12,0,,,,,
2014/01/31,23,11,0,,,,,
2014/01/31,24,12,0,,,,,
2014/02/01,01,10,0,,,,,
2014/02/01,02,10,0,,,,,
2014/02/01,03,9,0,,,,,
2014/02/01,04,9,0,,,,,
2014/02/01,05,9,0,,,,,
2014/02/01,06,9,0,,,,,
2014/02/01,07,9,0,,,,,
2014/02/01,08,49,0,,,,,
2014/02/01,09,148,3,,,,,
2014/02/01,10,192,7,,,,,
2014/02/01,11,192,8,,,,,
2014/02/01,12,189,9,,,,,
2014/02/01,13,115,8,,,,,
2014/02/01,14,141,10,,,,,
2014/02/01,15,161,9,,,,,
2014/02/01,16,176,10,,,,,
2014/02/01,17,164,5,,,,,
2014/02/01,18,78,0,,,,,
2014/02/01,19,11,0,,,,,
2014/02/01,20,12,0,,,,,
2014/02/01,21,10,0,,,,,
2014/02/01,22,11,0,,,,,
2014/02/01,23,8,0,,,,,
2014/02/01,24,8,0,,,,,
2014/02/02,01,8,0,,,,,
2014/02/02,02,8,0,,,,,
2014/02/02,03,9,0,,,,,
2014/02/02,04,8,0,,,,,
2014/02/02,05,8,0,,,,,
2014/02/02,06,8,0,,,,,
2014/02/02,07,8,0,,,,,
2014/02/02,08,10,0,,,,,
2014/02/02,09,8,0,,,,,
2014/02/02,10,8,0,,,,,
2014/02/02,11,8,0,,,,,
2014/02/02,12,8,0,,,,,
2014/02/02,13,10,0,,,,,
2014/02/02,14,8,0,,,,,
2014/02/02,15,8,0,,,,,
2014/02/02,16,8,0,,,,,
2014/02/02,17,8,0,,,,,
2014/02/02,18,9,0,,,,,
2014/02/02,19,8,0,,,,,
2014/02/02,20,8,0,,,,,
2014/02/02,21,8,0,,,,,
2014/02/02,22,8,0,,,,,
2014/02/02,23,8,0,,,,,
2014/02/02,24,9,0,,,,,
2014/02/03,01,8,0,,,,,
2014/02/03,02,8,0,,,,,
2014/02/03,03,8,0,,,,,
2014/02/03,04,8,0,,,,,
2014/02/03,05,8,0,,,,,
2014/02/03,06,8,0,,,,,
2014/02/03,07,8,0,,,,,
2014/02/03,08,60,0,,,,,
2014/02/03,09,182,2,,,,,
2014/02/03,10,212,10,,,,,
2014/02/03,11,207,10,,,,,
2014/02/03,12,211,11,,,,,
2014/02/03,13,160,11,,,,,
2014/02/03,14,197,10,,,,,
2014/02/03,15,193,11,,,,,
2014/02/03,16,165,11,,,,,
2014/02/03,17,164,3,,,,,
2014/02/03,18,150,0,,,,,
2014/02/03,19,132,0,,,,,
2014/02/03,20,81,0,,,,,
2014/02/03,21,13,0,,,,,
2014/02/03,22,12,0,,,,,
2014/02/03,23,12,0,,,,,
2014/02/03,24,10,0,,,,,
2014/02/04,01,10,0,,,,,
2014/02/04,02,10,0,,,,,
2014/02/04,03,11,0,,,,,
2014/02/04,04,8,0,,,,,
2014/02/04,05,8,0,,,,,
2014/02/04,06,8,0,,,,,
2014/02/04,07,8,0,,,,,
2014/02/04,08,99,0,,,,,
2014/02/04,09,181,3,,,,,
2014/02/04,10,207,8,,,,,
2014/02/04,11,218,7,,,,,
2014/02/04,12,217,8,,,,,
2014/02/04,13,158,8,,,,,
2014/02/04,14,203,9,,,,,
2014/02/04,15,203,8,,,,,
2014/02/04,16,197,9,,,,,
2014/02/04,17,207,8,,,,,
2014/02/04,18,204,8,,,,,
2014/02/04,19,180,8,,,,,
2014/02/04,20,100,1,,,,,
2014/02/04,21,16,0,,,,,
2014/02/04,22,15,0,,,,,
2014/02/04,23,13,0,,,,,
2014/02/04,24,13,0,,,,,
2014/02/05,01,12,0,,,,,
2014/02/05,02,12,0,,,,,
2014/02/05,03,11,0,,,,,
2014/02/05,04,10,0,,,,,
2014/02/05,05,9,0,,,,,
2014/02/05,06,9,0,,,,,
2014/02/05,07,8,0,,,,,
2014/02/05,08,51,0,,,,,
2014/02/05,09,201,3,,,,,
2014/02/05,10,245,7,,,,,
2014/02/05,11,247,8,,,,,
2014/02/05,12,233,8,,,,,
2014/02/05,13,180,9,,,,,
2014/02/05,14,230,8,,,,,
2014/02/05,15,218,8,,,,,
2014/02/05,16,201,9,,,,,
2014/02/05,17,198,8,,,,,
2014/02/05,18,202,8,,,,,
2014/02/05,19,180,7,,,,,
2014/02/05,20,114,0,,,,,
2014/02/05,21,13,0,,,,,
2014/02/05,22,11,0,,,,,
2014/02/05,23,11,0,,,,,
2014/02/05,24,10,0,,,,,
2014/02/06,01,10,0,,,,,
2014/02/06,02,10,0,,,,,
2014/02/06,03,10,0,,,,,
2014/02/06,04,10,0,,,,,
2014/02/06,05,9,0,,,,,
2014/02/06,06,9,0,,,,,
2014/02/06,07,8,0,,,,,
2014/02/06,08,96,0,,,,,
2014/02/06,09,202,2,,,,,
2014/02/06,10,237,7,,,,,
2014/02/06,11,238,7,,,,,
2014/02/06,12,244,8,,,,,
2014/02/06,13,169,8,,,,,
2014/02/06,14,207,7,,,,,
2014/02/06,15,218,8,,,,,
2014/02/06,16,218,7,,,,,
2014/02/06,17,235,8,,,,,
2014/02/06,18,207,7,,,,,
2014/02/06,19,172,8,,,,,
2014/02/06,20,74,1,,,,,
2014/02/06,21,12,0,,,,,
2014/02/06,22,13,0,,,,,
2014/02/06,23,10,0,,,,,
2014/02/06,24,10,0,,,,,
2014/02/07,01,10,0,,,,,
2014/02/07,02,9,0,,,,,
2014/02/07,03,9,0,,,,,
2014/02/07,04,8,0,,,,,
2014/02/07,05,8,0,,,,,
2014/02/07,06,9,0,,,,,
2014/02/07,07,8,0,,,,,
2014/02/07,08,106,0,,,,,
2014/02/07,09,187,2,,,,,
2014/02/07,10,209,7,,,,,
2014/02/07,11,228,8,,,,,
2014/02/07,12,222,9,,,,,
2014/02/07,13,165,8,,,,,
2014/02/07,14,227,8,,,,,
2014/02/07,15,222,9,,,,,
2014/02/07,16,237,8,,,,,
2014/02/07,17,228,9,,,,,
2014/02/07,18,163,8,,,,,
2014/02/07,19,123,9,,,,,
2014/02/07,20,44,5,,,,,
2014/02/07,21,11,0,,,,,
2014/02/07,22,10,0,,,,,
2014/02/07,23,10,0,,,,,
2014/02/07,24,10,0,,,,,
2014/02/08,01,9,0,,,,,
2014/02/08,02,8,0,,,,,
2014/02/08,03,8,0,,,,,
2014/02/08,04,8,0,,,,,
2014/02/08,05,8,0,,,,,
2014/02/08,06,8,0,,,,,
2014/02/08,07,8,0,,,,,
2014/02/08,08,41,0,,,,,
2014/02/08,09,138,0,,,,,
2014/02/08,10,172,0,,,,,
2014/02/08,11,174,0,,,,,
2014/02/08,12,153,0,,,,,
2014/02/08,13,139,0,,,,,
2014/02/08,14,157,0,,,,,
2014/02/08,15,156,0,,,,,
2014/02/08,16,141,0,,,,,
2014/02/08,17,136,0,,,,,
2014/02/08,18,64,0,,,,,
2014/02/08,19,12,0,,,,,
2014/02/08,20,11,0,,,,,
2014/02/08,21,12,0,,,,,
2014/02/08,22,11,0,,,,,
2014/02/08,23,10,0,,,,,
2014/02/08,24,10,0,,,,,
2014/02/09,01,10,0,,,,,
2014/02/09,02,10,0,,,,,
2014/02/09,03,10,0,,,,,
2014/02/09,04,10,0,,,,,
2014/02/09,05,9,0,,,,,
2014/02/09,06,10,0,,,,,
2014/02/09,07,9,0,,,,,
2014/02/09,08,9,0,,,,,
2014/02/09,09,9,0,,,,,
2014/02/09,10,9,0,,,,,
2014/02/09,11,9,0,,,,,
2014/02/09,12,9,0,,,,,
2014/02/09,13,9,0,,,,,
2014/02/09,14,9,0,,,,,
2014/02/09,15,9,0,,,,,
2014/02/09,16,9,0,,,,,
2014/02/09,17,9,0,,,,,
2014/02/09,18,9,0,,,,,
2014/02/09,19,10,0,,,,,
2014/02/09,20,10,0,,,,,
2014/02/09,21,9,0,,,,,
2014/02/09,22,10,0,,,,,
2014/02/09,23,10,0,,,,,
2014/02/09,24,10,0,,,,,
2014/02/10,01,9,0,,,,,
2014/02/10,02,9,0,,,,,
2014/02/10,03,9,0,,,,,
2014/02/10,04,9,0,,,,,
2014/02/10,05,9,0,,,,,
2014/02/10,06,9,0,,,,,
2014/02/10,07,10,0,,,,,
2014/02/10,08,78,0,,,,,
2014/02/10,09,197,2,,,,,
2014/02/10,10,251,7,,,,,
2014/02/10,11,256,8,,,,,
2014/02/10,12,258,6,,,,,
2014/02/10,13,182,8,,,,,
2014/02/10,14,226,9,,,,,
2014/02/10,15,234,8,,,,,
2014/02/10,16,225,8,,,,,
2014/02/10,17,227,9,,,,,
2014/02/10,18,210,8,,,,,
2014/02/10,19,170,8,,,,,
2014/02/10,20,97,1,,,,,
2014/02/10,21,14,0,,,,,
2014/02/10,22,12,0,,,,,
2014/02/10,23,12,0,,,,,
2014/02/10,24,12,0,,,,,
2014/02/11,01,11,0,,,,,
2014/02/11,02,11,0,,,,,
2014/02/11,03,10,0,,,,,
2014/02/11,04,10,0,,,,,
2014/02/11,05,9,0,,,,,
2014/02/11,06,9,0,,,,,
2014/02/11,07,10,0,,,,,
2014/02/11,08,75,0,,,,,
2014/02/11,09,203,3,,,,,
2014/02/11,10,257,6,,,,,
2014/02/11,11,248,7,,,,,
2014/02/11,12,244,8,,,,,
2014/02/11,13,163,9,,,,,
2014/02/11,14,226,8,,,,,
2014/02/11,15,240,9,,,,,
2014/02/11,16,227,8,,,,,
2014/02/11,17,240,8,,,,,
2014/02/11,18,201,9,,,,,
2014/02/11,19,150,8,,,,,
2014/02/11,20,60,1,,,,,
2014/02/11,21,12,0,,,,,
2014/02/11,22,10,0,,,,,
2014/02/11,23,10,0,,,,,
2014/02/11,24,9,0,,,,,
2014/02/12,01,9,0,,,,,
2014/02/12,02,9,0,,,,,
2014/02/12,03,9,0,,,,,
2014/02/12,04,9,0,,,,,
2014/02/12,05,8,0,,,,,
2014/02/12,06,8,0,,,,,
2014/02/12,07,8,0,,,,,
2014/02/12,08,61,0,,,,,
2014/02/12,09,188,2,,,,,
2014/02/12,10,254,7,,,,,
2014/02/12,11,256,8,,,,,
2014/02/12,12,239,7,,,,,
2014/02/12,13,163,8,,,,,
2014/02/12,14,216,9,,,,,
2014/02/12,15,216,9,,,,,
2014/02/12,16,229,9,,,,,
2014/02/12,17,235,9,,,,,
2014/02/12,18,225,8,,,,,
2014/02/12,19,217,8,,,,,
2014/02/12,20,123,8,,,,,
2014/02/12,21,13,0,,,,,
2014/02/12,22,11,0,,,,,
2014/02/12,23,11,0,,,,,
2014/02/12,24,11,0,,,,,
2014/02/13,01,10,0,,,,,
2014/02/13,02,9,0,,,,,
2014/02/13,03,9,0,,,,,
2014/02/13,04,9,0,,,,,
2014/02/13,05,8,0,,,,,
2014/02/13,06,8,0,,,,,
2014/02/13,07,8,0,,,,,
2014/02/13,08,81,0,,,,,
2014/02/13,09,189,2,,,,,
2014/02/13,10,208,8,,,,,
2014/02/13,11,205,8,,,,,
2014/02/13,12,201,8,,,,,
2014/02/13,13,165,9,,,,,
2014/02/13,14,215,8,,,,,
2014/02/13,15,198,8,,,,,
2014/02/13,16,205,9,,,,,
2014/02/13,17,206,8,,,,,
2014/02/13,18,204,9,,,,,
2014/02/13,19,180,8,,,,,
2014/02/13,20,107,8,,,,,
2014/02/13,21,16,1,,,,,
2014/02/13,22,14,0,,,,,
2014/02/13,23,13,0,,,,,
2014/02/13,24,13,0,,,,,
2014/02/14,01,14,0,,,,,
2014/02/14,02,12,0,,,,,
2014/02/14,03,11,0,,,,,
2014/02/14,04,11,0,,,,,
2014/02/14,05,11,0,,,,,
2014/02/14,06,11,0,,,,,
2014/02/14,07,10,0,,,,,
2014/02/14,08,50,0,,,,,
2014/02/14,09,176,3,,,,,
2014/02/14,10,228,6,,,,,
2014/02/14,11,225,7,,,,,
2014/02/14,12,227,6,,,,,
2014/02/14,13,163,7,,,,,
2014/02/14,14,235,6,,,,,
2014/02/14,15,233,6,,,,,
2014/02/14,16,202,7,,,,,
2014/02/14,17,176,6,,,,,
2014/02/14,18,113,7,,,,,
2014/02/14,19,13,0,,,,,
2014/02/14,20,11,0,,,,,
2014/02/14,21,10,0,,,,,
2014/02/14,22,10,0,,,,,
2014/02/14,23,10,0,,,,,
2014/02/14,24,9,0,,,,,
2014/02/15,01,8,0,,,,,
2014/02/15,02,8,0,,,,,
2014/02/15,03,8,0,,,,,
2014/02/15,04,8,0,,,,,
2014/02/15,05,8,0,,,,,
2014/02/15,06,8,0,,,,,
2014/02/15,07,8,0,,,,,
2014/02/15,08,89,0,,,,,
2014/02/15,09,164,3,,,,,
2014/02/15,10,182,7,,,,,
2014/02/15,11,180,7,,,,,
2014/02/15,12,174,7,,,,,
2014/02/15,13,146,9,,,,,
2014/02/15,14,171,8,,,,,
2014/02/15,15,165,8,,,,,
2014/02/15,16,170,8,,,,,
2014/02/15,17,169,8,,,,,
2014/02/15,18,91,7,,,,,
2014/02/15,19,13,0,,,,,
2014/02/15,20,12,0,,,,,
2014/02/15,21,11,0,,,,,
2014/02/15,22,12,0,,,,,
2014/02/15,23,11,0,,,,,
2014/02/15,24,9,0,,,,,
2014/02/16,01,9,0,,,,,
2014/02/16,02,9,0,,,,,
2014/02/16,03,9,0,,,,,
2014/02/16,04,9,0,,,,,
2014/02/16,05,8,0,,,,,
2014/02/16,06,8,0,,,,,
2014/02/16,07,8,0,,,,,
2014/02/16,08,8,0,,,,,
2014/02/16,09,8,0,,,,,
2014/02/16,10,8,0,,,,,
2014/02/16,11,8,0,,,,,
2014/02/16,12,8,0,,,,,
2014/02/16,13,8,0,,,,,
2014/02/16,14,8,0,,,,,
2014/02/16,15,9,0,,,,,
2014/02/16,16,8,0,,,,,
2014/02/16,17,8,0,,,,,
2014/02/16,18,8,0,,,,,
2014/02/16,19,8,0,,,,,
2014/02/16,20,8,0,,,,,
2014/02/16,21,8,0,,,,,
2014/02/16,22,8,0,,,,,
2014/02/16,23,8,0,,,,,
2014/02/16,24,8,0,,,,,
2014/02/17,01,8,0,,,,,
2014/02/17,02,8,0,,,,,
2014/02/17,03,8,0,,,,,
2014/02/17,04,8,0,,,,,
2014/02/17,05,8,0,,,,,
2014/02/17,06,8,0,,,,,
2014/02/17,07,8,0,,,,,
2014/02/17,08,65,0,,,,,
2014/02/17,09,179,3,,,,,
2014/02/17,10,254,7,,,,,
2014/02/17,11,251,8,,,,,
2014/02/17,12,245,8,,,,,
2014/02/17,13,172,9,,,,,
2014/02/17,14,234,8,,,,,
2014/02/17,15,215,10,,,,,
2014/02/17,16,206,9,,,,,
2014/02/17,17,203,9,,,,,
2014/02/17,18,188,8,,,,,
2014/02/17,19,131,8,,,,,
2014/02/17,20,31,1,,,,,
2014/02/17,21,12,0,,,,,
2014/02/17,22,12,0,,,,,
2014/02/17,23,11,0,,,,,
2014/02/17,24,11,0,,,,,
2014/02/18,01,10,0,,,,,
2014/02/18,02,10,0,,,,,
2014/02/18,03,9,0,,,,,
2014/02/18,04,9,0,,,,,
2014/02/18,05,9,0,,,,,
2014/02/18,06,8,0,,,,,
2014/02/18,07,8,0,,,,,
2014/02/18,08,52,0,,,,,
2014/02/18,09,164,3,,,,,
2014/02/18,10,225,7,,,,,
2014/02/18,11,227,8,,,,,
2014/02/18,12,242,8,,,,,
2014/02/18,13,162,9,,,,,
2014/02/18,14,233,8,,,,,
2014/02/18,15,233,8,,,,,
2014/02/18,16,209,9,,,,,
2014/02/18,17,227,8,,,,,
2014/02/18,18,194,8,,,,,
2014/02/18,19,168,7,,,,,
2014/02/18,20,110,7,,,,,
2014/02/18,21,15,1,,,,,
2014/02/18,22,16,0,,,,,
2014/02/18,23,13,0,,,,,
2014/02/18,24,13,0,,,,,
2014/02/19,01,12,0,,,,,
2014/02/19,02,10,0,,,,,
2014/02/19,03,10,0,,,,,
2014/02/19,04,9,0,,,,,
2014/02/19,05,9,0,,,,,
2014/02/19,06,9,0,,,,,
2014/02/19,07,9,0,,,,,
2014/02/19,08,50,0,,,,,
2014/02/19,09,177,2,,,,,
2014/02/19,10,245,7,,,,,
2014/02/19,11,246,8,,,,,
2014/02/19,12,246,8,,,,,
2014/02/19,13,180,9,,,,,
2014/02/19,14,248,9,,,,,
2014/02/19,15,251,8,,,,,
2014/02/19,16,233,9,,,,,
2014/02/19,17,226,8,,,,,
2014/02/19,18,220,9,,,,,
2014/02/19,19,217,8,,,,,
2014/02/19,20,146,8,,,,,
2014/02/19,21,11,2,,,,,
2014/02/19,22,10,0,,,,,
2014/02/19,23,9,0,,,,,
2014/02/19,24,9,0,,,,,
2014/02/20,01,9,0,,,,,
2014/02/20,02,9,0,,,,,
2014/02/20,03,8,0,,,,,
2014/02/20,04,8,0,,,,,
2014/02/20,05,8,0,,,,,
2014/02/20,06,8,0,,,,,
2014/02/20,07,8,0,,,,,
2014/02/20,08,52,0,,,,,
2014/02/20,09,163,1,,,,,
2014/02/20,10,230,7,,,,,
2014/02/20,11,215,8,,,,,
2014/02/20,12,206,9,,,,,
2014/02/20,13,148,8,,,,,
2014/02/20,14,195,9,,,,,
2014/02/20,15,193,9,,,,,
2014/02/20,16,208,9,,,,,
2014/02/20,17,212,9,,,,,
2014/02/20,18,206,8,,,,,
2014/02/20,19,186,8,,,,,
2014/02/20,20,89,1,,,,,
2014/02/20,21,16,0,,,,,
2014/02/20,22,14,0,,,,,
2014/02/20,23,13,0,,,,,
2014/02/20,24,12,0,,,,,
2014/02/21,01,11,0,,,,,
2014/02/21,02,10,0,,,,,
2014/02/21,03,9,0,,,,,
2014/02/21,04,8,0,,,,,
2014/02/21,05,8,0,,,,,
2014/02/21,06,8,0,,,,,
2014/02/21,07,8,0,,,,,
2014/02/21,08,59,0,,,,,
2014/02/21,09,204,2,,,,,
2014/02/21,10,245,7,,,,,
2014/02/21,11,221,8,,,,,
2014/02/21,12,243,8,,,,,
2014/02/21,13,179,9,,,,,
2014/02/21,14,239,8,,,,,
2014/02/21,15,223,9,,,,,
2014/02/21,16,205,8,,,,,
2014/02/21,17,204,9,,,,,
2014/02/21,18,140,7,,,,,
2014/02/21,19,97,0,,,,,
2014/02/21,20,38,0,,,,,
2014/02/21,21,12,0,,,,,
2014/02/21,22,11,0,,,,,
2014/02/21,23,12,0,,,,,
2014/02/21,24,10,0,,,,,
2014/02/22,01,10,0,,,,,
2014/02/22,02,10,0,,,,,
2014/02/22,03,9,0,,,,,
2014/02/22,04,8,0,,,,,
2014/02/22,05,8,0,,,,,
2014/02/22,06,8,0,,,,,
2014/02/22,07,8,0,,,,,
2014/02/22,08,38,0,,,,,
2014/02/22,09,136,0,,,,,
2014/02/22,10,152,5,,,,,
2014/02/22,11,164,7,,,,,
2014/02/22,12,163,8,,,,,
2014/02/22,13,128,8,,,,,
2014/02/22,14,152,8,,,,,
2014/02/22,15,138,9,,,,,
2014/02/22,16,109,6,,,,,
2014/02/22,17,101,0,,,,,
2014/02/22,18,55,0,,,,,
2014/02/22,19,12,0,,,,,
2014/02/22,20,10,0,,,,,
2014/02/22,21,10,0,,,,,
2014/02/22,22,9,0,,,,,
2014/02/22,23,9,0,,,,,
2014/02/22,24,9,0,,,,,
2014/02/23,01,8,0,,,,,
2014/02/23,02,8,0,,,,,
2014/02/23,03,8,0,,,,,
2014/02/23,04,8,0,,,,,
2014/02/23,05,8,0,,,,,
2014/02/23,06,9,0,,,,,
2014/02/23,07,8,0,,,,,
2014/02/23,08,8,0,,,,,
2014/02/23,09,8,0,,,,,
2014/02/23,10,8,0,,,,,
2014/02/23,11,8,0,,,,,
2014/02/23,12,8,0,,,,,
2014/02/23,13,8,0,,,,,
2014/02/23,14,8,0,,,,,
2014/02/23,15,8,0,,,,,
2014/02/23,16,8,0,,,,,
2014/02/23,17,8,0,,,,,
2014/02/23,18,8,0,,,,,
2014/02/23,19,8,0,,,,,
2014/02/23,20,8,0,,,,,
2014/02/23,21,8,0,,,,,
2014/02/23,22,8,0,,,,,
2014/02/23,23,8,0,,,,,
2014/02/23,24,8,0,,,,,
2014/02/24,01,8,0,,,,,
2014/02/24,02,8,0,,,,,
2014/02/24,03,8,0,,,,,
2014/02/24,04,8,0,,,,,
2014/02/24,05,8,0,,,,,
2014/02/24,06,8,0,,,,,
2014/02/24,07,8,0,,,,,
2014/02/24,08,70,0,,,,,
2014/02/24,09,186,2,,,,,
2014/02/24,10,241,7,,,,,
2014/02/24,11,243,8,,,,,
2014/02/24,12,233,9,,,,,
2014/02/24,13,175,8,,,,,
2014/02/24,14,231,9,,,,,
2014/02/24,15,229,10,,,,,
2014/02/24,16,217,10,,,,,
2014/02/24,17,214,10,,,,,
2014/02/24,18,216,10,,,,,
2014/02/24,19,207,9,,,,,
2014/02/24,20,136,9,,,,,
2014/02/24,21,13,1,,,,,
2014/02/24,22,12,0,,,,,
2014/02/24,23,11,0,,,,,
2014/02/24,24,12,0,,,,,
2014/02/25,01,10,0,,,,,
2014/02/25,02,10,0,,,,,
2014/02/25,03,9,0,,,,,
2014/02/25,04,9,0,,,,,
2014/02/25,05,8,0,,,,,
2014/02/25,06,8,0,,,,,
2014/02/25,07,8,0,,,,,
2014/02/25,08,70,0,,,,,
2014/02/25,09,181,0,,,,,
2014/02/25,10,230,7,,,,,
2014/02/25,11,229,9,,,,,
2014/02/25,12,229,8,,,,,
2014/02/25,13,164,10,,,,,
2014/02/25,14,219,9,,,,,
2014/02/25,15,216,10,,,,,
2014/02/25,16,215,10,,,,,
2014/02/25,17,205,7,,,,,
2014/02/25,18,203,2,,,,,
2014/02/25,19,186,3,,,,,
2014/02/25,20,105,8,,,,,
2014/02/25,21,14,1,,,,,
2014/02/25,22,10,0,,,,,
2014/02/25,23,10,0,,,,,
2014/02/25,24,11,0,,,,,
2014/02/26,01,9,0,,,,,
2014/02/26,02,9,0,,,,,
2014/02/26,03,9,0,,,,,
2014/02/26,04,9,0,,,,,
2014/02/26,05,8,0,,,,,
2014/02/26,06,8,0,,,,,
2014/02/26,07,8,0,,,,,
2014/02/26,08,56,0,,,,,
2014/02/26,09,173,2,,,,,
2014/02/26,10,204,8,,,,,
2014/02/26,11,206,8,,,,,
2014/02/26,12,207,9,,,,,
2014/02/26,13,142,9,,,,,
2014/02/26,14,204,9,,,,,
2014/02/26,15,202,10,,,,,
2014/02/26,16,200,10,,,,,
2014/02/26,17,199,10,,,,,
2014/02/26,18,191,10,,,,,
2014/02/26,19,195,10,,,,,
2014/02/26,20,111,9,,,,,
2014/02/26,21,14,1,,,,,
2014/02/26,22,12,0,,,,,
2014/02/26,23,13,0,,,,,
2014/02/26,24,11,0,,,,,
2014/02/27,01,11,0,,,,,
2014/02/27,02,9,0,,,,,
2014/02/27,03,9,0,,,,,
2014/02/27,04,8,0,,,,,
2014/02/27,05,10,0,,,,,
2014/02/27,06,9,0,,,,,
2014/02/27,07,8,0,,,,,
2014/02/27,08,66,0,,,,,
2014/02/27,09,188,3,,,,,
2014/02/27,10,210,10,,,,,
2014/02/27,11,219,13,,,,,
2014/02/27,12,221,10,,,,,
2014/02/27,13,159,11,,,,,
2014/02/27,14,225,11,,,,,
2014/02/27,15,173,8,,,,,
2014/02/27,16,159,0,,,,,
2014/02/27,17,159,0,,,,,
2014/02/27,18,139,0,,,,,
2014/02/27,19,122,0,,,,,
2014/02/27,20,75,0,,,,,
2014/02/27,21,15,0,,,,,
2014/02/27,22,16,0,,,,,
2014/02/27,23,14,0,,,,,
2014/02/27,24,14,0,,,,,
2014/02/28,01,12,0,,,,,
2014/02/28,02,11,0,,,,,
2014/02/28,03,11,0,,,,,
2014/02/28,04,9,0,,,,,
2014/02/28,05,9,0,,,,,
2014/02/28,06,9,0,,,,,
2014/02/28,07,10,0,,,,,
2014/02/28,08,40,0,,,,,
2014/02/28,09,173,2,,,,,
2014/02/28,10,199,10,,,,,
2014/02/28,11,209,11,,,,,
2014/02/28,12,221,10,,,,,
2014/02/28,13,152,7,,,,,
2014/02/28,14,205,6,,,,,
2014/02/28,15,168,0,,,,,
2014/02/28,16,157,0,,,,,
2014/02/28,17,156,0,,,,,
2014/02/28,18,113,0,,,,,
2014/02/28,19,67,0,,,,,
2014/02/28,20,16,0,,,,,
2014/02/28,21,13,0,,,,,
2014/02/28,22,13,0,,,,,
2014/02/28,23,12,0,,,,,
2014/02/28,24,10,0,,,,,
2014/03/01,01,9,0,,,,,
2014/03/01,02,10,0,,,,,
2014/03/01,03,9,0,,,,,
2014/03/01,04,9,0,,,,,
2014/03/01,05,9,0,,,,,
2014/03/01,06,9,0,,,,,
2014/03/01,07,10,0,,,,,
2014/03/01,08,67,0,,,,,
2014/03/01,09,184,3,,,,,
2014/03/01,10,224,10,,,,,
2014/03/01,11,224,9,,,,,
2014/03/01,12,205,9,,,,,
2014/03/01,13,157,9,,,,,
2014/03/01,14,189,2,,,,,
2014/03/01,15,187,0,,,,,
2014/03/01,16,148,0,,,,,
2014/03/01,17,156,0,,,,,
2014/03/01,18,83,0,,,,,
2014/03/01,19,15,0,,,,,
2014/03/01,20,12,0,,,,,
2014/03/01,21,13,0,,,,,
2014/03/01,22,11,0,,,,,
2014/03/01,23,11,0,,,,,
2014/03/01,24,10,0,,,,,
2014/03/02,01,9,0,,,,,
2014/03/02,02,9,0,,,,,
2014/03/02,03,9,0,,,,,
2014/03/02,04,9,0,,,,,
2014/03/02,05,10,0,,,,,
2014/03/02,06,9,0,,,,,
2014/03/02,07,9,0,,,,,
2014/03/02,08,9,0,,,,,
2014/03/02,09,9,0,,,,,
2014/03/02,10,8,0,,,,,
2014/03/02,11,8,0,,,,,
2014/03/02,12,10,0,,,,,
2014/03/02,13,9,0,,,,,
2014/03/02,14,8,0,,,,,
2014/03/02,15,9,0,,,,,
2014/03/02,16,8,0,,,,,
2014/03/02,17,8,0,,,,,
2014/03/02,18,10,0,,,,,
2014/03/02,19,8,0,,,,,
2014/03/02,20,9,0,,,,,
2014/03/02,21,9,0,,,,,
2014/03/02,22,9,0,,,,,
2014/03/02,23,9,0,,,,,
2014/03/02,24,9,0,,,,,
2014/03/03,01,8,0,,,,,
2014/03/03,02,9,0,,,,,
2014/03/03,03,9,0,,,,,
2014/03/03,04,9,0,,,,,
2014/03/03,05,9,0,,,,,
2014/03/03,06,9,0,,,,,
2014/03/03,07,9,0,,,,,
2014/03/03,08,71,0,,,,,
2014/03/03,09,200,3,,,,,
2014/03/03,10,244,8,,,,,
2014/03/03,11,235,9,,,,,
2014/03/03,12,224,9,,,,,
2014/03/03,13,157,10,,,,,
2014/03/03,14,204,10,,,,,
2014/03/03,15,188,10,,,,,
2014/03/03,16,174,10,,,,,
2014/03/03,17,198,10,,,,,
2014/03/03,18,170,9,,,,,
2014/03/03,19,152,0,,,,,
2014/03/03,20,101,0,,,,,
2014/03/03,21,13,0,,,,,
2014/03/03,22,12,0,,,,,
2014/03/03,23,11,0,,,,,
2014/03/03,24,11,0,,,,,
2014/03/04,01,10,0,,,,,
2014/03/04,02,10,0,,,,,
2014/03/04,03,10,0,,,,,
2014/03/04,04,9,0,,,,,
2014/03/04,05,9,0,,,,,
2014/03/04,06,8,0,,,,,
2014/03/04,07,8,0,,,,,
2014/03/04,08,63,0,,,,,
2014/03/04,09,194,3,,,,,
2014/03/04,10,224,8,,,,,
2014/03/04,11,202,9,,,,,
2014/03/04,12,205,9,,,,,
2014/03/04,13,166,10,,,,,
2014/03/04,14,203,10,,,,,
2014/03/04,15,169,10,,,,,
2014/03/04,16,144,10,,,,,
2014/03/04,17,159,10,,,,,
2014/03/04,18,140,10,,,,,
2014/03/04,19,133,0,,,,,
2014/03/04,20,81,0,,,,,
2014/03/04,21,12,0,,,,,
2014/03/04,22,13,0,,,,,
2014/03/04,23,11,0,,,,,
2014/03/04,24,11,0,,,,,
2014/03/05,01,10,0,,,,,
2014/03/05,02,8,0,,,,,
2014/03/05,03,9,0,,,,,
2014/03/05,04,9,0,,,,,
2014/03/05,05,10,0,,,,,
2014/03/05,06,9,0,,,,,
2014/03/05,07,8,0,,,,,
2014/03/05,08,54,0,,,,,
2014/03/05,09,188,3,,,,,
2014/03/05,10,229,9,,,,,
2014/03/05,11,225,9,,,,,
2014/03/05,12,235,10,,,,,
2014/03/05,13,165,10,,,,,
2014/03/05,14,234,8,,,,,
2014/03/05,15,209,8,,,,,
2014/03/05,16,195,7,,,,,
2014/03/05,17,210,0,,,,,
2014/03/05,18,163,0,,,,,
2014/03/05,19,119,0,,,,,
2014/03/05,20,78,0,,,,,
2014/03/05,21,13,0,,,,,
2014/03/05,22,12,0,,,,,
2014/03/05,23,11,0,,,,,
2014/03/05,24,11,0,,,,,
2014/03/06,01,11,0,,,,,
2014/03/06,02,9,0,,,,,
2014/03/06,03,9,0,,,,,
2014/03/06,04,9,0,,,,,
2014/03/06,05,8,0,,,,,
2014/03/06,06,8,0,,,,,
2014/03/06,07,8,0,,,,,
2014/03/06,08,85,0,,,,,
2014/03/06,09,206,2,,,,,
2014/03/06,10,259,8,,,,,
2014/03/06,11,228,7,,,,,
2014/03/06,12,206,9,,,,,
2014/03/06,13,165,9,,,,,
2014/03/06,14,211,9,,,,,
2014/03/06,15,207,9,,,,,
2014/03/06,16,200,8,,,,,
2014/03/06,17,216,9,,,,,
2014/03/06,18,200,6,,,,,
2014/03/06,19,141,0,,,,,
2014/03/06,20,93,0,,,,,
2014/03/06,21,14,0,,,,,
2014/03/06,22,15,0,,,,,
2014/03/06,23,13,0,,,,,
2014/03/06,24,13,0,,,,,
2014/03/07,01,12,0,,,,,
2014/03/07,02,11,0,,,,,
2014/03/07,03,10,0,,,,,
2014/03/07,04,10,0,,,,,
2014/03/07,05,9,0,,,,,
2014/03/07,06,9,0,,,,,
2014/03/07,07,9,0,,,,,
2014/03/07,08,50,0,,,,,
2014/03/07,09,195,3,,,,,
2014/03/07,10,240,8,,,,,
2014/03/07,11,222,9,,,,,
2014/03/07,12,211,8,,,,,
2014/03/07,13,172,9,,,,,
2014/03/07,14,213,9,,,,,
2014/03/07,15,211,10,,,,,
2014/03/07,16,217,9,,,,,
2014/03/07,17,226,9,,,,,
2014/03/07,18,117,8,,,,,
2014/03/07,19,15,1,,,,,
2014/03/07,20,12,0,,,,,
2014/03/07,21,10,0,,,,,
2014/03/07,22,12,0,,,,,
2014/03/07,23,10,0,,,,,
2014/03/07,24,9,0,,,,,
2014/03/08,01,9,0,,,,,
2014/03/08,02,9,0,,,,,
2014/03/08,03,8,0,,,,,
2014/03/08,04,9,0,,,,,
2014/03/08,05,8,0,,,,,
2014/03/08,06,9,0,,,,,
2014/03/08,07,9,0,,,,,
2014/03/08,08,54,0,,,,,
2014/03/08,09,136,0,,,,,
2014/03/08,10,142,0,,,,,
2014/03/08,11,133,0,,,,,
2014/03/08,12,139,0,,,,,
2014/03/08,13,71,0,,,,,
2014/03/08,14,92,0,,,,,
2014/03/08,15,94,0,,,,,
2014/03/08,16,90,0,,,,,
2014/03/08,17,87,0,,,,,
2014/03/08,18,29,0,,,,,
2014/03/08,19,12,0,,,,,
2014/03/08,20,10,0,,,,,
2014/03/08,21,10,0,,,,,
2014/03/08,22,10,0,,,,,
2014/03/08,23,9,0,,,,,
2014/03/08,24,9,0,,,,,
2014/03/09,01,9,0,,,,,
2014/03/09,02,9,0,,,,,
2014/03/09,03,8,0,,,,,
2014/03/09,04,9,0,,,,,
2014/03/09,05,9,0,,,,,
2014/03/09,06,9,0,,,,,
2014/03/09,07,8,0,,,,,
2014/03/09,08,8,0,,,,,
2014/03/09,09,8,0,,,,,
2014/03/09,10,9,0,,,,,
2014/03/09,11,9,0,,,,,
2014/03/09,12,8,0,,,,,
2014/03/09,13,10,0,,,,,
2014/03/09,14,8,0,,,,,
2014/03/09,15,9,0,,,,,
2014/03/09,16,9,0,,,,,
2014/03/09,17,9,0,,,,,
2014/03/09,18,8,0,,,,,
2014/03/09,19,9,0,,,,,
2014/03/09,20,8,0,,,,,
2014/03/09,21,8,0,,,,,
2014/03/09,22,9,0,,,,,
2014/03/09,23,9,0,,,,,
2014/03/09,24,9,0,,,,,
2014/03/10,01,9,0,,,,,
2014/03/10,02,9,0,,,,,
2014/03/10,03,9,0,,,,,
2014/03/10,04,9,0,,,,,
2014/03/10,05,9,0,,,,,
2014/03/10,06,9,0,,,,,
2014/03/10,07,8,0,,,,,
2014/03/10,08,80,0,,,,,
2014/03/10,09,198,2,,,,,
2014/03/10,10,249,8,,,,,
2014/03/10,11,237,9,,,,,
2014/03/10,12,240,9,,,,,
2014/03/10,13,187,9,,,,,
2014/03/10,14,251,9,,,,,
2014/03/10,15,242,9,,,,,
2014/03/10,16,233,9,,,,,
2014/03/10,17,233,9,,,,,
2014/03/10,18,200,8,,,,,
2014/03/10,19,174,8,,,,,
2014/03/10,20,119,8,,,,,
2014/03/10,21,20,1,,,,,
2014/03/10,22,21,0,,,,,
2014/03/10,23,18,0,,,,,
2014/03/10,24,18,0,,,,,
2014/03/11,01,18,0,,,,,
2014/03/11,02,18,0,,,,,
2014/03/11,03,17,0,,,,,
2014/03/11,04,16,0,,,,,
2014/03/11,05,16,0,,,,,
2014/03/11,06,16,0,,,,,
2014/03/11,07,15,0,,,,,
2014/03/11,08,105,0,,,,,
2014/03/11,09,201,2,,,,,
2014/03/11,10,237,8,,,,,
2014/03/11,11,239,9,,,,,
2014/03/11,12,235,10,,,,,
2014/03/11,13,168,10,,,,,
2014/03/11,14,214,10,,,,,
2014/03/11,15,196,10,,,,,
2014/03/11,16,193,10,,,,,
2014/03/11,17,199,10,,,,,
2014/03/11,18,197,10,,,,,
2014/03/11,19,197,9,,,,,
2014/03/11,20,121,9,,,,,
2014/03/11,21,13,0,,,,,
2014/03/11,22,11,0,,,,,
2014/03/11,23,12,0,,,,,
2014/03/11,24,10,0,,,,,
2014/03/12,01,9,0,,,,,
2014/03/12,02,9,0,,,,,
2014/03/12,03,9,0,,,,,
2014/03/12,04,9,0,,,,,
2014/03/12,05,9,0,,,,,
2014/03/12,06,9,0,,,,,
2014/03/12,07,9,0,,,,,
2014/03/12,08,60,0,,,,,
2014/03/12,09,191,3,,,,,
2014/03/12,10,218,8,,,,,
2014/03/12,11,216,10,,,,,
2014/03/12,12,223,8,,,,,
2014/03/12,13,164,10,,,,,
2014/03/12,14,199,11,,,,,
2014/03/12,15,178,3,,,,,
2014/03/12,16,172,0,,,,,
2014/03/12,17,186,0,,,,,
2014/03/12,18,124,0,,,,,
2014/03/12,19,80,0,,,,,
2014/03/12,20,56,0,,,,,
2014/03/12,21,15,0,,,,,
2014/03/12,22,13,0,,,,,
2014/03/12,23,13,0,,,,,
2014/03/12,24,11,0,,,,,
2014/03/13,01,11,0,,,,,
2014/03/13,02,11,0,,,,,
2014/03/13,03,12,0,,,,,
2014/03/13,04,10,0,,,,,
2014/03/13,05,9,0,,,,,
2014/03/13,06,8,0,,,,,
2014/03/13,07,8,0,,,,,
2014/03/13,08,62,0,,,,,
2014/03/13,09,144,2,,,,,
2014/03/13,10,168,10,,,,,
2014/03/13,11,174,10,,,,,
2014/03/13,12,171,10,,,,,
2014/03/13,13,120,10,,,,,
2014/03/13,14,178,10,,,,,
2014/03/13,15,170,10,,,,,
2014/03/13,16,168,11,,,,,
2014/03/13,17,174,10,,,,,
2014/03/13,18,165,10,,,,,
2014/03/13,19,95,7,,,,,
2014/03/13,20,13,0,,,,,
2014/03/13,21,13,0,,,,,
2014/03/13,22,11,0,,,,,
2014/03/13,23,11,0,,,,,
2014/03/13,24,10,0,,,,,
2014/03/14,01,11,0,,,,,
2014/03/14,02,10,0,,,,,
2014/03/14,03,10,0,,,,,
2014/03/14,04,9,0,,,,,
2014/03/14,05,9,0,,,,,
2014/03/14,06,9,0,,,,,
2014/03/14,07,9,0,,,,,
2014/03/14,08,79,0,,,,,
2014/03/14,09,188,2,,,,,
2014/03/14,10,227,8,,,,,
2014/03/14,11,222,9,,,,,
2014/03/14,12,230,8,,,,,
2014/03/14,13,157,10,,,,,
2014/03/14,14,214,9,,,,,
2014/03/14,15,209,10,,,,,
2014/03/14,16,198,10,,,,,
2014/03/14,17,196,9,,,,,
2014/03/14,18,106,7,,,,,
2014/03/14,19,41,0,,,,,
2014/03/14,20,11,0,,,,,
2014/03/14,21,12,0,,,,,
2014/03/14,22,10,0,,,,,
2014/03/14,23,9,0,,,,,
2014/03/14,24,9,0,,,,,
2014/03/15,01,8,0,,,,,
2014/03/15,02,7,0,,,,,
2014/03/15,03,8,0,,,,,
2014/03/15,04,8,0,,,,,
2014/03/15,05,8,0,,,,,
2014/03/15,06,7,0,,,,,
2014/03/15,07,7,0,,,,,
2014/03/15,08,12,0,,,,,
2014/03/15,09,39,0,,,,,
2014/03/15,10,57,0,,,,,
2014/03/15,11,50,0,,,,,
2014/03/15,12,47,0,,,,,
2014/03/15,13,40,0,,,,,
2014/03/15,14,48,0,,,,,
2014/03/15,15,45,0,,,,,
2014/03/15,16,54,0,,,,,
2014/03/15,17,59,0,,,,,
2014/03/15,18,28,0,,,,,
2014/03/15,19,11,0,,,,,
2014/03/15,20,13,0,,,,,
2014/03/15,21,11,0,,,,,
2014/03/15,22,9,0,,,,,
2014/03/15,23,8,0,,,,,
2014/03/15,24,8,0,,,,,
2014/03/16,01,8,0,,,,,
2014/03/16,02,7,0,,,,,
2014/03/16,03,7,0,,,,,
2014/03/16,04,8,0,,,,,
2014/03/16,05,8,0,,,,,
2014/03/16,06,8,0,,,,,
2014/03/16,07,8,0,,,,,
2014/03/16,08,8,0,,,,,
2014/03/16,09,7,0,,,,,
2014/03/16,10,7,0,,,,,
2014/03/16,11,7,0,,,,,
2014/03/16,12,7,0,,,,,
2014/03/16,13,7,0,,,,,
2014/03/16,14,9,0,,,,,
2014/03/16,15,7,0,,,,,
2014/03/16,16,8,0,,,,,
2014/03/16,17,7,0,,,,,
2014/03/16,18,7,0,,,,,
2014/03/16,19,8,0,,,,,
2014/03/16,20,9,0,,,,,
2014/03/16,21,8,0,,,,,
2014/03/16,22,8,0,,,,,
2014/03/16,23,8,0,,,,,
2014/03/16,24,8,0,,,,,
2014/03/17,01,8,0,,,,,
2014/03/17,02,8,0,,,,,
2014/03/17,03,8,0,,,,,
2014/03/17,04,7,0,,,,,
2014/03/17,05,8,0,,,,,
2014/03/17,06,8,0,,,,,
2014/03/17,07,7,0,,,,,
2014/03/17,08,74,0,,,,,
2014/03/17,09,150,3,,,,,
2014/03/17,10,178,9,,,,,
2014/03/17,11,172,10,,,,,
2014/03/17,12,153,8,,,,,
2014/03/17,13,104,0,,,,,
2014/03/17,14,161,0,,,,,
2014/03/17,15,144,0,,,,,
2014/03/17,16,139,0,,,,,
2014/03/17,17,154,0,,,,,
2014/03/17,18,143,0,,,,,
2014/03/17,19,128,0,,,,,
2014/03/17,20,81,0,,,,,
2014/03/17,21,14,0,,,,,
2014/03/17,22,12,0,,,,,
2014/03/17,23,12,0,,,,,
2014/03/17,24,10,0,,,,,
2014/03/18,01,10,0,,,,,
2014/03/18,02,9,0,,,,,
2014/03/18,03,8,0,,,,,
2014/03/18,04,9,0,,,,,
2014/03/18,05,9,0,,,,,
2014/03/18,06,10,0,,,,,
2014/03/18,07,8,0,,,,,
2014/03/18,08,49,0,,,,,
2014/03/18,09,134,0,,,,,
2014/03/18,10,160,0,,,,,
2014/03/18,11,151,0,,,,,
2014/03/18,12,148,0,,,,,
2014/03/18,13,105,0,,,,,
2014/03/18,14,162,0,,,,,
2014/03/18,15,153,0,,,,,
2014/03/18,16,158,0,,,,,
2014/03/18,17,173,0,,,,,
2014/03/18,18,155,0,,,,,
2014/03/18,19,146,0,,,,,
2014/03/18,20,66,0,,,,,
2014/03/18,21,12,0,,,,,
2014/03/18,22,12,0,,,,,
2014/03/18,23,10,0,,,,,
2014/03/18,24,10,0,,,,,
2014/03/19,01,11,0,,,,,
2014/03/19,02,9,0,,,,,
2014/03/19,03,9,0,,,,,
2014/03/19,04,8,0,,,,,
2014/03/19,05,8,0,,,,,
2014/03/19,06,8,0,,,,,
2014/03/19,07,10,0,,,,,
2014/03/19,08,58,0,,,,,
2014/03/19,09,157,0,,,,,
2014/03/19,10,209,0,,,,,
2014/03/19,11,221,0,,,,,
2014/03/19,12,231,0,,,,,
2014/03/19,13,122,0,,,,,
2014/03/19,14,179,0,,,,,
2014/03/19,15,182,0,,,,,
2014/03/19,16,169,0,,,,,
2014/03/19,17,169,0,,,,,
2014/03/19,18,132,0,,,,,
2014/03/19,19,90,0,,,,,
2014/03/19,20,45,0,,,,,
2014/03/19,21,18,0,,,,,
2014/03/19,22,19,0,,,,,
2014/03/19,23,17,0,,,,,
2014/03/19,24,17,0,,,,,
2014/03/20,01,18,0,,,,,
2014/03/20,02,16,0,,,,,
2014/03/20,03,15,0,,,,,
2014/03/20,04,17,0,,,,,
2014/03/20,05,15,0,,,,,
2014/03/20,06,15,0,,,,,
2014/03/20,07,14,0,,,,,
2014/03/20,08,57,0,,,,,
2014/03/20,09,185,0,,,,,
2014/03/20,10,197,0,,,,,
2014/03/20,11,198,0,,,,,
2014/03/20,12,200,0,,,,,
2014/03/20,13,129,0,,,,,
2014/03/20,14,195,0,,,,,
2014/03/20,15,194,0,,,,,
2014/03/20,16,192,0,,,,,
2014/03/20,17,178,0,,,,,
2014/03/20,18,162,0,,,,,
2014/03/20,19,87,0,,,,,
2014/03/20,20,49,0,,,,,
2014/03/20,21,21,0,,,,,
2014/03/20,22,20,0,,,,,
2014/03/20,23,20,0,,,,,
2014/03/20,24,18,0,,,,,
2014/03/21,01,17,0,,,,,
2014/03/21,02,16,0,,,,,
2014/03/21,03,15,0,,,,,
2014/03/21,04,16,0,,,,,
2014/03/21,05,14,0,,,,,
2014/03/21,06,14,0,,,,,
2014/03/21,07,14,0,,,,,
2014/03/21,08,57,0,,,,,
2014/03/21,09,187,2,,,,,
2014/03/21,10,222,9,,,,,
2014/03/21,11,239,8,,,,,
2014/03/21,12,237,10,,,,,
2014/03/21,13,145,10,,,,,
2014/03/21,14,209,10,,,,,
2014/03/21,15,198,10,,,,,
2014/03/21,16,191,9,,,,,
2014/03/21,17,185,9,,,,,
2014/03/21,18,112,8,,,,,
2014/03/21,19,47,2,,,,,
2014/03/21,20,17,0,,,,,
2014/03/21,21,17,0,,,,,
2014/03/21,22,16,0,,,,,
2014/03/21,23,14,0,,,,,
2014/03/21,24,14,0,,,,,
2014/03/22,01,14,0,,,,,
2014/03/22,02,14,0,,,,,
2014/03/22,03,14,0,,,,,
2014/03/22,04,14,0,,,,,
2014/03/22,05,16,0,,,,,
2014/03/22,06,14,0,,,,,
2014/03/22,07,14,0,,,,,
2014/03/22,08,14,0,,,,,
2014/03/22,09,32,0,,,,,
2014/03/22,10,26,0,,,,,
2014/03/22,11,35,0,,,,,
2014/03/22,12,25,0,,,,,
2014/03/22,13,21,0,,,,,
2014/03/22,14,31,0,,,,,
2014/03/22,15,26,0,,,,,
2014/03/22,16,26,0,,,,,
2014/03/22,17,20,0,,,,,
2014/03/22,18,16,0,,,,,
2014/03/22,19,14,0,,,,,
2014/03/22,20,16,0,,,,,
2014/03/22,21,14,0,,,,,
2014/03/22,22,14,0,,,,,
2014/03/22,23,14,0,,,,,
2014/03/22,24,14,0,,,,,
2014/03/23,01,14,0,,,,,
2014/03/23,02,14,0,,,,,
2014/03/23,03,14,0,,,,,
2014/03/23,04,14,0,,,,,
2014/03/23,05,14,0,,,,,
2014/03/23,06,14,0,,,,,
2014/03/23,07,14,0,,,,,
2014/03/23,08,14,0,,,,,
2014/03/23,09,14,0,,,,,
2014/03/23,10,14,0,,,,,
2014/03/23,11,14,0,,,,,
2014/03/23,12,14,0,,,,,
2014/03/23,13,16,0,,,,,
2014/03/23,14,14,0,,,,,
2014/03/23,15,14,0,,,,,
2014/03/23,16,14,0,,,,,
2014/03/23,17,14,0,,,,,
2014/03/23,18,16,0,,,,,
2014/03/23,19,14,0,,,,,
2014/03/23,20,14,0,,,,,
2014/03/23,21,14,0,,,,,
2014/03/23,22,14,0,,,,,
2014/03/23,23,14,0,,,,,
2014/03/23,24,14,0,,,,,
2014/03/24,01,14,0,,,,,
2014/03/24,02,14,0,,,,,
2014/03/24,03,14,0,,,,,
2014/03/24,04,15,0,,,,,
2014/03/24,05,14,0,,,,,
2014/03/24,06,14,0,,,,,
2014/03/24,07,14,0,,,,,
2014/03/24,08,57,0,,,,,
2014/03/24,09,138,3,,,,,
2014/03/24,10,161,9,,,,,
2014/03/24,11,157,8,,,,,
2014/03/24,12,164,10,,,,,
2014/03/24,13,131,10,,,,,
2014/03/24,14,209,8,,,,,
2014/03/24,15,175,5,,,,,
2014/03/24,16,149,5,,,,,
2014/03/24,17,159,0,,,,,
2014/03/24,18,148,0,,,,,
2014/03/24,19,99,0,,,,,
2014/03/24,20,57,0,,,,,
2014/03/24,21,18,0,,,,,
2014/03/24,22,18,0,,,,,
2014/03/24,23,16,0,,,,,
2014/03/24,24,17,0,,,,,
2014/03/25,01,16,0,,,,,
2014/03/25,02,15,0,,,,,
2014/03/25,03,14,0,,,,,
2014/03/25,04,15,0,,,,,
2014/03/25,05,15,0,,,,,
2014/03/25,06,14,0,,,,,
2014/03/25,07,14,0,,,,,
2014/03/25,08,66,0,,,,,
2014/03/25,09,131,0,,,,,
2014/03/25,10,161,0,,,,,
2014/03/25,11,160,0,,,,,
2014/03/25,12,167,0,,,,,
2014/03/25,13,115,0,,,,,
2014/03/25,14,177,0,,,,,
2014/03/25,15,166,0,,,,,
2014/03/25,16,171,0,,,,,
2014/03/25,17,169,0,,,,,
2014/03/25,18,134,0,,,,,
2014/03/25,19,67,0,,,,,
2014/03/25,20,20,0,,,,,
2014/03/25,21,17,0,,,,,
2014/03/25,22,18,0,,,,,
2014/03/25,23,17,0,,,,,
2014/03/25,24,16,0,,,,,
2014/03/26,01,18,0,,,,,
2014/03/26,02,15,0,,,,,
2014/03/26,03,15,0,,,,,
2014/03/26,04,16,0,,,,,
2014/03/26,05,14,0,,,,,
2014/03/26,06,14,0,,,,,
2014/03/26,07,15,0,,,,,
2014/03/26,08,92,0,,,,,
2014/03/26,09,169,0,,,,,
2014/03/26,10,199,0,,,,,
2014/03/26,11,201,0,,,,,
2014/03/26,12,197,0,,,,,
2014/03/26,13,129,0,,,,,
2014/03/26,14,178,0,,,,,
2014/03/26,15,179,0,,,,,
2014/03/26,16,171,0,,,,,
2014/03/26,17,178,0,,,,,
2014/03/26,18,93,0,,,,,
2014/03/26,19,45,0,,,,,
2014/03/26,20,41,0,,,,,
2014/03/26,21,16,0,,,,,
2014/03/26,22,18,0,,,,,
2014/03/26,23,15,0,,,,,
2014/03/26,24,17,0,,,,,
2014/03/27,01,15,0,,,,,
2014/03/27,02,15,0,,,,,
2014/03/27,03,16,0,,,,,
2014/03/27,04,15,0,,,,,
2014/03/27,05,15,0,,,,,
2014/03/27,06,14,0,,,,,
2014/03/27,07,16,0,,,,,
2014/03/27,08,68,0,,,,,
2014/03/27,09,119,0,,,,,
2014/03/27,10,161,0,,,,,
2014/03/27,11,172,0,,,,,
2014/03/27,12,170,0,,,,,
2014/03/27,13,107,0,,,,,
2014/03/27,14,159,0,,,,,
2014/03/27,15,166,0,,,,,
2014/03/27,16,164,0,,,,,
2014/03/27,17,161,0,,,,,
2014/03/27,18,106,0,,,,,
2014/03/27,19,71,0,,,,,
2014/03/27,20,49,0,,,,,
2014/03/27,21,22,0,,,,,
2014/03/27,22,20,0,,,,,
2014/03/27,23,19,0,,,,,
2014/03/27,24,20,0,,,,,
2014/03/28,01,17,0,,,,,
2014/03/28,02,17,0,,,,,
2014/03/28,03,16,0,,,,,
2014/03/28,04,15,0,,,,,
2014/03/28,05,16,0,,,,,
2014/03/28,06,14,0,,,,,
2014/03/28,07,14,0,,,,,
2014/03/28,08,73,0,,,,,
2014/03/28,09,192,0,,,,,
2014/03/28,10,212,0,,,,,
2014/03/28,11,175,0,,,,,
2014/03/28,12,161,0,,,,,
2014/03/28,13,103,0,,,,,
2014/03/28,14,153,0,,,,,
2014/03/28,15,160,0,,,,,
2014/03/28,16,139,0,,,,,
2014/03/28,17,146,0,,,,,
2014/03/28,18,82,0,,,,,
2014/03/28,19,20,0,,,,,
2014/03/28,20,18,0,,,,,
2014/03/28,21,17,0,,,,,
2014/03/28,22,19,0,,,,,
2014/03/28,23,16,0,,,,,
2014/03/28,24,17,0,,,,,
2014/03/29,01,15,0,,,,,
2014/03/29,02,14,0,,,,,
2014/03/29,03,14,0,,,,,
2014/03/29,04,16,0,,,,,
2014/03/29,05,14,0,,,,,
2014/03/29,06,14,0,,,,,
2014/03/29,07,15,0,,,,,
2014/03/29,08,87,0,,,,,
2014/03/29,09,123,0,,,,,
2014/03/29,10,150,0,,,,,
2014/03/29,11,158,0,,,,,
2014/03/29,12,168,0,,,,,
2014/03/29,13,109,0,,,,,
2014/03/29,14,164,0,,,,,
2014/03/29,15,163,0,,,,,
2014/03/29,16,161,0,,,,,
2014/03/29,17,165,0,,,,,
2014/03/29,18,82,0,,,,,
2014/03/29,19,18,0,,,,,
2014/03/29,20,18,0,,,,,
2014/03/29,21,18,0,,,,,
2014/03/29,22,16,0,,,,,
2014/03/29,23,17,0,,,,,
2014/03/29,24,15,0,,,,,
2014/03/30,01,15,0,,,,,
2014/03/30,02,16,0,,,,,
2014/03/30,03,14,0,,,,,
2014/03/30,04,14,0,,,,,
2014/03/30,05,16,0,,,,,
2014/03/30,06,14,0,,,,,
2014/03/30,07,14,0,,,,,
2014/03/30,08,16,0,,,,,
2014/03/30,09,14,0,,,,,
2014/03/30,10,14,0,,,,,
2014/03/30,11,16,0,,,,,
2014/03/30,12,14,0,,,,,
2014/03/30,13,14,0,,,,,
2014/03/30,14,16,0,,,,,
2014/03/30,15,14,0,,,,,
2014/03/30,16,14,0,,,,,
2014/03/30,17,14,0,,,,,
2014/03/30,18,16,0,,,,,
2014/03/30,19,14,0,,,,,
2014/03/30,20,14,0,,,,,
2014/03/30,21,14,0,,,,,
2014/03/30,22,16,0,,,,,
2014/03/30,23,14,0,,,,,
2014/03/30,24,14,0,,,,,
2014/03/31,01,14,0,,,,,
2014/03/31,02,16,0,,,,,
2014/03/31,03,14,0,,,,,
2014/03/31,04,14,0,,,,,
2014/03/31,05,14,0,,,,,
2014/03/31,06,14,0,,,,,
2014/03/31,07,14,0,,,,,
2014/03/31,08,58,0,,,,,
2014/03/31,09,123,0,,,,,
2014/03/31,10,175,0,,,,,
2014/03/31,11,173,0,,,,,
2014/03/31,12,175,0,,,,,
2014/03/31,13,109,0,,,,,
2014/03/31,14,193,0,,,,,
2014/03/31,15,161,0,,,,,
2014/03/31,16,157,0,,,,,
2014/03/31,17,162,0,,,,,
2014/03/31,18,90,0,,,,,
2014/03/31,19,25,0,,,,,
2014/03/31,20,22,0,,,,,
2014/03/31,21,19,0,,,,,
2014/03/31,22,20,0,,,,,
2014/03/31,23,18,0,,,,,
2014/03/31,24,16,0,,,,,
2014/04/01,01,16,0,,,,,
2014/04/01,02,14,0,,,,,
2014/04/01,03,14,0,,,,,
2014/04/01,04,14,0,,,,,
2014/04/01,05,14,0,,,,,
2014/04/01,06,16,0,,,,,
2014/04/01,07,14,0,,,,,
2014/04/01,08,38,0,,,,,
2014/04/01,09,121,0,,,,,
2014/04/01,10,141,0,,,,,
2014/04/01,11,148,0,,,,,
2014/04/01,12,156,0,,,,,
2014/04/01,13,111,0,,,,,
2014/04/01,14,174,0,,,,,
2014/04/01,15,165,0,,,,,
2014/04/01,16,169,0,,,,,
2014/04/01,17,174,0,,,,,
2014/04/01,18,125,0,,,,,
2014/04/01,19,66,0,,,,,
2014/04/01,20,39,0,,,,,
2014/04/01,21,18,0,,,,,
2014/04/01,22,18,0,,,,,
2014/04/01,23,17,0,,,,,
2014/04/01,24,16,0,,,,,
2014/04/02,01,17,0,,,,,
2014/04/02,02,16,0,,,,,
2014/04/02,03,15,0,,,,,
2014/04/02,04,15,0,,,,,
2014/04/02,05,17,0,,,,,
2014/04/02,06,15,0,,,,,
2014/04/02,07,15,0,,,,,
2014/04/02,08,45,0,,,,,
2014/04/02,09,128,0,,,,,
2014/04/02,10,146,0,,,,,
2014/04/02,11,142,0,,,,,
2014/04/02,12,150,0,,,,,
2014/04/02,13,101,0,,,,,
2014/04/02,14,161,0,,,,,
2014/04/02,15,165,0,,,,,
2014/04/02,16,146,0,,,,,
2014/04/02,17,135,0,,,,,
2014/04/02,18,78,0,,,,,
2014/04/02,19,21,0,,,,,
2014/04/02,20,17,0,,,,,
2014/04/02,21,18,0,,,,,
2014/04/02,22,16,0,,,,,
2014/04/02,23,18,0,,,,,
2014/04/02,24,15,0,,,,,
2014/04/03,01,16,0,,,,,
2014/04/03,02,14,0,,,,,
2014/04/03,03,14,0,,,,,
2014/04/03,04,16,0,,,,,
2014/04/03,05,14,0,,,,,
2014/04/03,06,14,0,,,,,
2014/04/03,07,15,0,,,,,
2014/04/03,08,49,0,,,,,
2014/04/03,09,131,0,,,,,
2014/04/03,10,142,0,,,,,
2014/04/03,11,152,0,,,,,
2014/04/03,12,152,0,,,,,
2014/04/03,13,81,0,,,,,
2014/04/03,14,156,1,,,,,
2014/04/03,15,159,6,,,,,
2014/04/03,16,149,5,,,,,
2014/04/03,17,162,5,,,,,
2014/04/03,18,147,0,,,,,
2014/04/03,19,91,0,,,,,
2014/04/03,20,19,0,,,,,
2014/04/03,21,18,0,,,,,
2014/04/03,22,16,0,,,,,
2014/04/03,23,17,0,,,,,
2014/04/03,24,15,0,,,,,
2014/04/04,01,15,0,,,,,
2014/04/04,02,14,0,,,,,
2014/04/04,03,15,0,,,,,
2014/04/04,04,14,0,,,,,
2014/04/04,05,14,0,,,,,
2014/04/04,06,14,0,,,,,
2014/04/04,07,15,0,,,,,
2014/04/04,08,63,0,,,,,
2014/04/04,09,181,0,,,,,
2014/04/04,10,194,0,,,,,
2014/04/04,11,185,0,,,,,
2014/04/04,12,162,0,,,,,
2014/04/04,13,117,0,,,,,
2014/04/04,14,153,0,,,,,
2014/04/04,15,151,0,,,,,
2014/04/04,16,168,0,,,,,
2014/04/04,17,168,0,,,,,
2014/04/04,18,89,0,,,,,
2014/04/04,19,21,0,,,,,
2014/04/04,20,19,0,,,,,
2014/04/04,21,16,0,,,,,
2014/04/04,22,17,0,,,,,
2014/04/04,23,15,0,,,,,
2014/04/04,24,15,0,,,,,
2014/04/05,01,15,0,,,,,
2014/04/05,02,15,0,,,,,
2014/04/05,03,13,0,,,,,
2014/04/05,04,14,0,,,,,
2014/04/05,05,14,0,,,,,
2014/04/05,06,14,0,,,,,
2014/04/05,07,14,0,,,,,
2014/04/05,08,39,0,,,,,
2014/04/05,09,147,0,,,,,
2014/04/05,10,152,0,,,,,
2014/04/05,11,144,0,,,,,
2014/04/05,12,140,0,,,,,
2014/04/05,13,137,0,,,,,
2014/04/05,14,167,0,,,,,
2014/04/05,15,185,0,,,,,
2014/04/05,16,138,0,,,,,
2014/04/05,17,136,0,,,,,
2014/04/05,18,43,0,,,,,
2014/04/05,19,18,0,,,,,
2014/04/05,20,15,0,,,,,
2014/04/05,21,17,0,,,,,
2014/04/05,22,15,0,,,,,
2014/04/05,23,14,0,,,,,
2014/04/05,24,14,0,,,,,
2014/04/06,01,14,0,,,,,
2014/04/06,02,15,0,,,,,
2014/04/06,03,13,0,,,,,
2014/04/06,04,14,0,,,,,
2014/04/06,05,14,0,,,,,
2014/04/06,06,13,0,,,,,
2014/04/06,07,13,0,,,,,
2014/04/06,08,13,0,,,,,
2014/04/06,09,13,0,,,,,
2014/04/06,10,15,0,,,,,
2014/04/06,11,13,0,,,,,
2014/04/06,12,14,0,,,,,
2014/04/06,13,13,0,,,,,
2014/04/06,14,13,0,,,,,
2014/04/06,15,13,0,,,,,
2014/04/06,16,15,0,,,,,
2014/04/06,17,13,0,,,,,
2014/04/06,18,14,0,,,,,
2014/04/06,19,13,0,,,,,
2014/04/06,20,13,0,,,,,
2014/04/06,21,13,0,,,,,
2014/04/06,22,13,0,,,,,
2014/04/06,23,13,0,,,,,
2014/04/06,24,13,0,,,,,
2014/04/07,01,13,0,,,,,
2014/04/07,02,13,0,,,,,
2014/04/07,03,13,0,,,,,
2014/04/07,04,13,0,,,,,
2014/04/07,05,14,0,,,,,
2014/04/07,06,14,0,,,,,
2014/04/07,07,13,0,,,,,
2014/04/07,08,49,0,,,,,
2014/04/07,09,192,0,,,,,
2014/04/07,10,243,0,,,,,
2014/04/07,11,246,0,,,,,
2014/04/07,12,240,0,,,,,
2014/04/07,13,148,0,,,,,
2014/04/07,14,201,0,,,,,
2014/04/07,15,192,0,,,,,
2014/04/07,16,170,0,,,,,
2014/04/07,17,165,0,,,,,
2014/04/07,18,150,0,,,,,
2014/04/07,19,99,0,,,,,
2014/04/07,20,80,0,,,,,
2014/04/07,21,18,0,,,,,
2014/04/07,22,17,0,,,,,
2014/04/07,23,15,0,,,,,
2014/04/07,24,15,0,,,,,
2014/04/08,01,14,0,,,,,
2014/04/08,02,15,0,,,,,
2014/04/08,03,14,0,,,,,
2014/04/08,04,14,0,,,,,
2014/04/08,05,14,0,,,,,
2014/04/08,06,14,0,,,,,
2014/04/08,07,13,0,,,,,
2014/04/08,08,93,0,,,,,
2014/04/08,09,175,0,,,,,
2014/04/08,10,195,0,,,,,
2014/04/08,11,193,0,,,,,
2014/04/08,12,211,0,,,,,
2014/04/08,13,129,0,,,,,
2014/04/08,14,153,0,,,,,
2014/04/08,15,157,0,,,,,
2014/04/08,16,149,0,,,,,
2014/04/08,17,156,0,,,,,
2014/04/08,18,105,0,,,,,
2014/04/08,19,71,0,,,,,
2014/04/08,20,53,0,,,,,
2014/04/08,21,16,0,,,,,
2014/04/08,22,15,0,,,,,
2014/04/08,23,16,0,,,,,
2014/04/08,24,15,0,,,,,
2014/04/09,01,14,0,,,,,
2014/04/09,02,15,0,,,,,
2014/04/09,03,16,0,,,,,
2014/04/09,04,14,0,,,,,
2014/04/09,05,14,0,,,,,
2014/04/09,06,14,0,,,,,
2014/04/09,07,15,0,,,,,
2014/04/09,08,46,0,,,,,
2014/04/09,09,128,0,,,,,
2014/04/09,10,150,0,,,,,
2014/04/09,11,151,0,,,,,
2014/04/09,12,164,0,,,,,
2014/04/09,13,83,0,,,,,
2014/04/09,14,157,0,,,,,
2014/04/09,15,167,4,,,,,
2014/04/09,16,162,5,,,,,
2014/04/09,17,166,1,,,,,
2014/04/09,18,142,1,,,,,
2014/04/09,19,113,0,,,,,
2014/04/09,20,53,0,,,,,
2014/04/09,21,21,0,,,,,
2014/04/09,22,22,0,,,,,
2014/04/09,23,20,0,,,,,
2014/04/09,24,21,0,,,,,
2014/04/10,01,19,0,,,,,
2014/04/10,02,18,0,,,,,
2014/04/10,03,19,0,,,,,
2014/04/10,04,17,0,,,,,
2014/04/10,05,16,0,,,,,
2014/04/10,06,16,0,,,,,
2014/04/10,07,17,0,,,,,
2014/04/10,08,53,0,,,,,
2014/04/10,09,134,0,,,,,
2014/04/10,10,166,0,,,,,
2014/04/10,11,162,0,,,,,
2014/04/10,12,170,0,,,,,
2014/04/10,13,97,0,,,,,
2014/04/10,14,164,0,,,,,
2014/04/10,15,160,0,,,,,
2014/04/10,16,129,0,,,,,
2014/04/10,17,129,0,,,,,
2014/04/10,18,133,0,,,,,
2014/04/10,19,145,0,,,,,
2014/04/10,20,87,0,,,,,
2014/04/10,21,19,0,,,,,
2014/04/10,22,18,0,,,,,
2014/04/10,23,16,0,,,,,
2014/04/10,24,16,0,,,,,
2014/04/11,01,17,0,,,,,
2014/04/11,02,15,0,,,,,
2014/04/11,03,14,0,,,,,
2014/04/11,04,14,0,,,,,
2014/04/11,05,16,0,,,,,
2014/04/11,06,14,0,,,,,
2014/04/11,07,14,0,,,,,
2014/04/11,08,49,0,,,,,
2014/04/11,09,134,0,,,,,
2014/04/11,10,158,0,,,,,
2014/04/11,11,163,0,,,,,
2014/04/11,12,170,0,,,,,
2014/04/11,13,106,0,,,,,
2014/04/11,14,162,0,,,,,
2014/04/11,15,159,0,,,,,
2014/04/11,16,151,0,,,,,
2014/04/11,17,162,0,,,,,
2014/04/11,18,119,0,,,,,
2014/04/11,19,51,0,,,,,
2014/04/11,20,20,0,,,,,
2014/04/11,21,17,0,,,,,
2014/04/11,22,18,0,,,,,
2014/04/11,23,16,0,,,,,
2014/04/11,24,16,0,,,,,
2014/04/12,01,15,0,,,,,
2014/04/12,02,16,0,,,,,
2014/04/12,03,14,0,,,,,
2014/04/12,04,14,0,,,,,
2014/04/12,05,14,0,,,,,
2014/04/12,06,14,0,,,,,
2014/04/12,07,15,0,,,,,
2014/04/12,08,18,0,,,,,
2014/04/12,09,100,0,,,,,
2014/04/12,10,146,0,,,,,
2014/04/12,11,164,0,,,,,
2014/04/12,12,168,0,,,,,
2014/04/12,13,121,0,,,,,
2014/04/12,14,153,0,,,,,
2014/04/12,15,124,2,,,,,
2014/04/12,16,119,2,,,,,
2014/04/12,17,123,1,,,,,
2014/04/12,18,62,0,,,,,
2014/04/12,19,18,0,,,,,
2014/04/12,20,16,0,,,,,
2014/04/12,21,17,0,,,,,
2014/04/12,22,15,0,,,,,
2014/04/12,23,15,0,,,,,
2014/04/12,24,15,0,,,,,
2014/04/13,01,14,0,,,,,
2014/04/13,02,14,0,,,,,
2014/04/13,03,16,0,,,,,
2014/04/13,04,14,0,,,,,
2014/04/13,05,14,0,,,,,
2014/04/13,06,14,0,,,,,
2014/04/13,07,14,0,,,,,
2014/04/13,08,16,0,,,,,
2014/04/13,09,14,0,,,,,
2014/04/13,10,14,0,,,,,
2014/04/13,11,14,0,,,,,
2014/04/13,12,16,0,,,,,
2014/04/13,13,14,0,,,,,
2014/04/13,14,14,0,,,,,
2014/04/13,15,14,0,,,,,
2014/04/13,16,16,0,,,,,
2014/04/13,17,14,0,,,,,
2014/04/13,18,14,0,,,,,
2014/04/13,19,14,0,,,,,
2014/04/13,20,16,0,,,,,
2014/04/13,21,14,0,,,,,
2014/04/13,22,14,0,,,,,
2014/04/13,23,14,0,,,,,
2014/04/13,24,14,0,,,,,
2014/04/14,01,16,0,,,,,
2014/04/14,02,14,0,,,,,
2014/04/14,03,14,0,,,,,
2014/04/14,04,14,0,,,,,
2014/04/14,05,14,0,,,,,
2014/04/14,06,14,0,,,,,
2014/04/14,07,15,0,,,,,
2014/04/14,08,71,0,,,,,
2014/04/14,09,123,0,,,,,
2014/04/14,10,133,0,,,,,
2014/04/14,11,135,0,,,,,
2014/04/14,12,145,0,,,,,
2014/04/14,13,103,0,,,,,
2014/04/14,14,158,0,,,,,
2014/04/14,15,167,1,,,,,
2014/04/14,16,176,1,,,,,
2014/04/14,17,167,1,,,,,
2014/04/14,18,94,0,,,,,
2014/04/14,19,19,0,,,,,
2014/04/14,20,19,0,,,,,
2014/04/14,21,17,0,,,,,
2014/04/14,22,17,0,,,,,
2014/04/14,23,15,0,,,,,
2014/04/14,24,15,0,,,,,
2014/04/15,01,16,0,,,,,
2014/04/15,02,14,0,,,,,
2014/04/15,03,13,0,,,,,
2014/04/15,04,13,0,,,,,
2014/04/15,05,14,0,,,,,
2014/04/15,06,15,0,,,,,
2014/04/15,07,14,0,,,,,
2014/04/15,08,68,0,,,,,
2014/04/15,09,140,0,,,,,
2014/04/15,10,172,0,,,,,
2014/04/15,11,168,0,,,,,
2014/04/15,12,160,0,,,,,
2014/04/15,13,113,0,,,,,
2014/04/15,14,179,0,,,,,
2014/04/15,15,172,1,,,,,
2014/04/15,16,153,0,,,,,
2014/04/15,17,147,0,,,,,
2014/04/15,18,107,0,,,,,
2014/04/15,19,73,0,,,,,
2014/04/15,20,55,0,,,,,
2014/04/15,21,18,0,,,,,
2014/04/15,22,16,0,,,,,
2014/04/15,23,16,0,,,,,
2014/04/15,24,14,0,,,,,
2014/04/16,01,14,0,,,,,
2014/04/16,02,15,0,,,,,
2014/04/16,03,13,0,,,,,
2014/04/16,04,13,0,,,,,
2014/04/16,05,13,0,,,,,
2014/04/16,06,15,0,,,,,
2014/04/16,07,14,0,,,,,
2014/04/16,08,31,0,,,,,
2014/04/16,09,120,0,,,,,
2014/04/16,10,142,0,,,,,
2014/04/16,11,145,0,,,,,
2014/04/16,12,162,0,,,,,
2014/04/16,13,100,0,,,,,
2014/04/16,14,163,0,,,,,
2014/04/16,15,167,0,,,,,
2014/04/16,16,165,0,,,,,
2014/04/16,17,170,0,,,,,
2014/04/16,18,160,0,,,,,
2014/04/16,19,132,0,,,,,
2014/04/16,20,62,0,,,,,
2014/04/16,21,18,0,,,,,
2014/04/16,22,16,0,,,,,
2014/04/16,23,18,0,,,,,
2014/04/16,24,15,0,,,,,
2014/04/17,01,16,0,,,,,
2014/04/17,02,14,0,,,,,
2014/04/17,03,13,0,,,,,
2014/04/17,04,15,0,,,,,
2014/04/17,05,13,0,,,,,
2014/04/17,06,13,0,,,,,
2014/04/17,07,13,0,,,,,
2014/04/17,08,43,0,,,,,
2014/04/17,09,128,0,,,,,
2014/04/17,10,140,0,,,,,
2014/04/17,11,143,0,,,,,
2014/04/17,12,144,0,,,,,
2014/04/17,13,89,0,,,,,
2014/04/17,14,163,1,,,,,
2014/04/17,15,157,2,,,,,
2014/04/17,16,156,1,,,,,
2014/04/17,17,165,0,,,,,
2014/04/17,18,154,0,,,,,
2014/04/17,19,152,0,,,,,
2014/04/17,20,76,0,,,,,
2014/04/17,21,20,0,,,,,
2014/04/17,22,21,0,,,,,
2014/04/17,23,20,0,,,,,
2014/04/17,24,18,0,,,,,
2014/04/18,01,18,0,,,,,
2014/04/18,02,16,0,,,,,
2014/04/18,03,16,0,,,,,
2014/04/18,04,17,0,,,,,
2014/04/18,05,15,0,,,,,
2014/04/18,06,17,0,,,,,
2014/04/18,07,14,0,,,,,
2014/04/18,08,37,0,,,,,
2014/04/18,09,126,0,,,,,
2014/04/18,10,150,0,,,,,
2014/04/18,11,156,0,,,,,
2014/04/18,12,161,0,,,,,
2014/04/18,13,97,0,,,,,
2014/04/18,14,148,0,,,,,
2014/04/18,15,142,0,,,,,
2014/04/18,16,139,0,,,,,
2014/04/18,17,145,0,,,,,
2014/04/18,18,98,0,,,,,
2014/04/18,19,43,0,,,,,
2014/04/18,20,18,0,,,,,
2014/04/18,21,18,0,,,,,
2014/04/18,22,16,0,,,,,
2014/04/18,23,17,0,,,,,
2014/04/18,24,15,0,,,,,
2014/04/19,01,14,0,,,,,
2014/04/19,02,15,0,,,,,
2014/04/19,03,14,0,,,,,
2014/04/19,04,13,0,,,,,
2014/04/19,05,13,0,,,,,
2014/04/19,06,15,0,,,,,
2014/04/19,07,14,0,,,,,
2014/04/19,08,23,0,,,,,
2014/04/19,09,106,0,,,,,
2014/04/19,10,134,0,,,,,
2014/04/19,11,146,0,,,,,
2014/04/19,12,142,0,,,,,
2014/04/19,13,67,0,,,,,
2014/04/19,14,145,1,,,,,
2014/04/19,15,123,1,,,,,
2014/04/19,16,136,1,,,,,
2014/04/19,17,135,0,,,,,
2014/04/19,18,70,0,,,,,
2014/04/19,19,15,0,,,,,
2014/04/19,20,17,0,,,,,
2014/04/19,21,16,0,,,,,
2014/04/19,22,15,0,,,,,
2014/04/19,23,14,0,,,,,
2014/04/19,24,14,0,,,,,
2014/04/20,01,14,0,,,,,
2014/04/20,02,14,0,,,,,
2014/04/20,03,13,0,,,,,
2014/04/20,04,14,0,,,,,
2014/04/20,05,15,0,,,,,
2014/04/20,06,13,0,,,,,
2014/04/20,07,13,0,,,,,
2014/04/20,08,13,0,,,,,
2014/04/20,09,15,0,,,,,
2014/04/20,10,13,0,,,,,
2014/04/20,11,13,0,,,,,
2014/04/20,12,13,0,,,,,
2014/04/20,13,15,0,,,,,
2014/04/20,14,13,0,,,,,
2014/04/20,15,13,0,,,,,
2014/04/20,16,13,0,,,,,
2014/04/20,17,15,0,,,,,
2014/04/20,18,13,0,,,,,
2014/04/20,19,13,0,,,,,
2014/04/20,20,13,0,,,,,
2014/04/20,21,15,0,,,,,
2014/04/20,22,13,0,,,,,
2014/04/20,23,13,0,,,,,
2014/04/20,24,13,0,,,,,
2014/04/21,01,15,0,,,,,
2014/04/21,02,13,0,,,,,
2014/04/21,03,14,0,,,,,
2014/04/21,04,13,0,,,,,
2014/04/21,05,15,0,,,,,
2014/04/21,06,13,0,,,,,
2014/04/21,07,13,0,,,,,
2014/04/21,08,49,0,,,,,
2014/04/21,09,124,0,,,,,
2014/04/21,10,163,0,,,,,
2014/04/21,11,160,0,,,,,
2014/04/21,12,157,0,,,,,
2014/04/21,13,86,0,,,,,
2014/04/21,14,163,0,,,,,
2014/04/21,15,156,1,,,,,
2014/04/21,16,158,1,,,,,
2014/04/21,17,160,1,,,,,
2014/04/21,18,155,0,,,,,
2014/04/21,19,119,0,,,,,
2014/04/21,20,52,0,,,,,
2014/04/21,21,18,0,,,,,
2014/04/21,22,18,0,,,,,
2014/04/21,23,16,0,,,,,
2014/04/21,24,15,0,,,,,
2014/04/22,01,16,0,,,,,
2014/04/22,02,13,0,,,,,
2014/04/22,03,15,0,,,,,
2014/04/22,04,13,0,,,,,
2014/04/22,05,13,0,,,,,
2014/04/22,06,15,0,,,,,
2014/04/22,07,13,0,,,,,
2014/04/22,08,73,0,,,,,
2014/04/22,09,134,0,,,,,
2014/04/22,10,159,0,,,,,
2014/04/22,11,165,0,,,,,
2014/04/22,12,161,0,,,,,
2014/04/22,13,71,0,,,,,
2014/04/22,14,166,0,,,,,
2014/04/22,15,169,0,,,,,
2014/04/22,16,159,0,,,,,
2014/04/22,17,162,0,,,,,
2014/04/22,18,132,0,,,,,
2014/04/22,19,73,0,,,,,
2014/04/22,20,18,0,,,,,
2014/04/22,21,17,0,,,,,
2014/04/22,22,15,0,,,,,
2014/04/22,23,17,0,,,,,
2014/04/22,24,14,0,,,,,
2014/04/23,01,13,0,,,,,
2014/04/23,02,15,0,,,,,
2014/04/23,03,13,0,,,,,
2014/04/23,04,13,0,,,,,
2014/04/23,05,15,0,,,,,
2014/04/23,06,13,0,,,,,
2014/04/23,07,13,0,,,,,
2014/04/23,08,37,0,,,,,
2014/04/23,09,132,0,,,,,
2014/04/23,10,154,0,,,,,
2014/04/23,11,167,0,,,,,
2014/04/23,12,173,1,,,,,
2014/04/23,13,77,1,,,,,
2014/04/23,14,167,1,,,,,
2014/04/23,15,151,1,,,,,
2014/04/23,16,144,1,,,,,
2014/04/23,17,144,1,,,,,
2014/04/23,18,122,1,,,,,
2014/04/23,19,117,0,,,,,
2014/04/23,20,69,0,,,,,
2014/04/23,21,21,0,,,,,
2014/04/23,22,19,0,,,,,
2014/04/23,23,20,0,,,,,
2014/04/23,24,17,0,,,,,
2014/04/24,01,16,0,,,,,
2014/04/24,02,17,0,,,,,
2014/04/24,03,15,0,,,,,
2014/04/24,04,14,0,,,,,
2014/04/24,05,16,0,,,,,
2014/04/24,06,14,0,,,,,
2014/04/24,07,13,0,,,,,
2014/04/24,08,61,0,,,,,
2014/04/24,09,136,0,,,,,
2014/04/24,10,161,0,,,,,
2014/04/24,11,167,0,,,,,
2014/04/24,12,169,0,,,,,
2014/04/24,13,85,0,,,,,
2014/04/24,14,170,0,,,,,
2014/04/24,15,173,0,,,,,
2014/04/24,16,167,0,,,,,
2014/04/24,17,179,0,,,,,
2014/04/24,18,123,0,,,,,
2014/04/24,19,41,0,,,,,
2014/04/24,20,20,0,,,,,
2014/04/24,21,18,0,,,,,
2014/04/24,22,15,0,,,,,
2014/04/24,23,16,0,,,,,
2014/04/24,24,13,0,,,,,
2014/04/25,01,13,0,,,,,
2014/04/25,02,15,0,,,,,
2014/04/25,03,13,0,,,,,
2014/04/25,04,13,0,,,,,
2014/04/25,05,15,0,,,,,
2014/04/25,06,13,0,,,,,
2014/04/25,07,13,0,,,,,
2014/04/25,08,57,0,,,,,
2014/04/25,09,144,0,,,,,
2014/04/25,10,146,0,,,,,
2014/04/25,11,156,0,,,,,
2014/04/25,12,192,2,,,,,
2014/04/25,13,94,1,,,,,
2014/04/25,14,179,3,,,,,
2014/04/25,15,173,2,,,,,
2014/04/25,16,152,4,,,,,
2014/04/25,17,142,5,,,,,
2014/04/25,18,103,3,,,,,
2014/04/25,19,41,0,,,,,
2014/04/25,20,18,0,,,,,
2014/04/25,21,19,0,,,,,
2014/04/25,22,16,0,,,,,
2014/04/25,23,17,0,,,,,
2014/04/25,24,15,0,,,,,
2014/04/26,01,16,0,,,,,
2014/04/26,02,14,0,,,,,
2014/04/26,03,15,0,,,,,
2014/04/26,04,15,0,,,,,
2014/04/26,05,14,0,,,,,
2014/04/26,06,14,0,,,,,
2014/04/26,07,16,0,,,,,
2014/04/26,08,63,0,,,,,
2014/04/26,09,115,0,,,,,
2014/04/26,10,134,1,,,,,
2014/04/26,11,133,0,,,,,
2014/04/26,12,144,0,,,,,
2014/04/26,13,75,0,,,,,
2014/04/26,14,155,0,,,,,
2014/04/26,15,160,0,,,,,
2014/04/26,16,159,0,,,,,
2014/04/26,17,160,0,,,,,
2014/04/26,18,96,0,,,,,
2014/04/26,19,18,0,,,,,
2014/04/26,20,18,0,,,,,
2014/04/26,21,17,0,,,,,
2014/04/26,22,14,0,,,,,
2014/04/26,23,16,0,,,,,
2014/04/26,24,14,0,,,,,
2014/04/27,01,14,0,,,,,
2014/04/27,02,15,0,,,,,
2014/04/27,03,13,0,,,,,
2014/04/27,04,15,0,,,,,
2014/04/27,05,13,0,,,,,
2014/04/27,06,13,0,,,,,
2014/04/27,07,15,0,,,,,
2014/04/27,08,13,0,,,,,
2014/04/27,09,13,0,,,,,
2014/04/27,10,15,0,,,,,
2014/04/27,11,13,0,,,,,
2014/04/27,12,13,0,,,,,
2014/04/27,13,15,0,,,,,
2014/04/27,14,13,0,,,,,
2014/04/27,15,15,0,,,,,
2014/04/27,16,13,0,,,,,
2014/04/27,17,15,0,,,,,
2014/04/27,18,13,0,,,,,
2014/04/27,19,13,0,,,,,
2014/04/27,20,15,0,,,,,
2014/04/27,21,13,0,,,,,
2014/04/27,22,15,0,,,,,
2014/04/27,23,13,0,,,,,
2014/04/27,24,13,0,,,,,
2014/04/28,01,15,0,,,,,
2014/04/28,02,13,0,,,,,
2014/04/28,03,13,0,,,,,
2014/04/28,04,13,0,,,,,
2014/04/28,05,15,0,,,,,
2014/04/28,06,13,0,,,,,
2014/04/28,07,13,0,,,,,
2014/04/28,08,28,0,,,,,
2014/04/28,09,118,0,,,,,
2014/04/28,10,164,0,,,,,
2014/04/28,11,158,0,,,,,
2014/04/28,12,167,0,,,,,
2014/04/28,13,78,0,,,,,
2014/04/28,14,158,0,,,,,
2014/04/28,15,165,0,,,,,
2014/04/28,16,162,0,,,,,
2014/04/28,17,169,0,,,,,
2014/04/28,18,104,0,,,,,
2014/04/28,19,38,0,,,,,
2014/04/28,20,16,0,,,,,
2014/04/28,21,17,0,,,,,
2014/04/28,22,15,0,,,,,
2014/04/28,23,16,0,,,,,
2014/04/28,24,14,0,,,,,
2014/04/29,01,15,0,,,,,
2014/04/29,02,13,0,,,,,
2014/04/29,03,13,0,,,,,
2014/04/29,04,15,0,,,,,
2014/04/29,05,13,0,,,,,
2014/04/29,06,13,0,,,,,
2014/04/29,07,15,0,,,,,
2014/04/29,08,35,0,,,,,
2014/04/29,09,135,0,,,,,
2014/04/29,10,169,0,,,,,
2014/04/29,11,161,0,,,,,
2014/04/29,12,151,0,,,,,
2014/04/29,13,76,0,,,,,
2014/04/29,14,163,0,,,,,
2014/04/29,15,156,0,,,,,
2014/04/29,16,146,0,,,,,
2014/04/29,17,144,0,,,,,
2014/04/29,18,81,0,,,,,
2014/04/29,19,17,0,,,,,
2014/04/29,20,15,0,,,,,
2014/04/29,21,16,0,,,,,
2014/04/29,22,14,0,,,,,
2014/04/29,23,15,0,,,,,
2014/04/29,24,13,0,,,,,
2014/04/30,01,15,0,,,,,
2014/04/30,02,14,0,,,,,
2014/04/30,03,13,0,,,,,
2014/04/30,04,15,0,,,,,
2014/04/30,05,13,0,,,,,
2014/04/30,06,13,0,,,,,
2014/04/30,07,15,0,,,,,
2014/04/30,08,28,0,,,,,
2014/04/30,09,118,0,,,,,
2014/04/30,10,147,0,,,,,
2014/04/30,11,145,0,,,,,
2014/04/30,12,166,0,,,,,
2014/04/30,13,82,0,,,,,
2014/04/30,14,162,0,,,,,
2014/04/30,15,158,0,,,,,
2014/04/30,16,133,0,,,,,
2014/04/30,17,146,0,,,,,
2014/04/30,18,65,0,,,,,
2014/04/30,19,21,0,,,,,
2014/04/30,20,20,0,,,,,
2014/04/30,21,20,0,,,,,
2014/04/30,22,18,0,,,,,
2014/04/30,23,19,0,,,,,
2014/04/30,24,16,0,,,,,
2014/05/01,01,17,0,,,,,
2014/05/01,02,15,0,,,,,
2014/05/01,03,14,0,,,,,
2014/05/01,04,15,0,,,,,
2014/05/01,05,14,0,,,,,
2014/05/01,06,14,0,,,,,
2014/05/01,07,14,0,,,,,
2014/05/01,08,13,0,,,,,
2014/05/01,09,13,0,,,,,
2014/05/01,10,15,0,,,,,
2014/05/01,11,13,0,,,,,
2014/05/01,12,14,0,,,,,
2014/05/01,13,13,0,,,,,
2014/05/01,14,15,0,,,,,
2014/05/01,15,13,0,,,,,
2014/05/01,16,15,0,,,,,
2014/05/01,17,13,0,,,,,
2014/05/01,18,13,0,,,,,
2014/05/01,19,15,0,,,,,
2014/05/01,20,13,0,,,,,
2014/05/01,21,15,0,,,,,
2014/05/01,22,13,0,,,,,
2014/05/01,23,13,0,,,,,
2014/05/01,24,15,0,,,,,
2014/05/02,01,13,0,,,,,
2014/05/02,02,15,0,,,,,
2014/05/02,03,13,0,,,,,
2014/05/02,04,13,0,,,,,
2014/05/02,05,13,0,,,,,
2014/05/02,06,15,0,,,,,
2014/05/02,07,13,0,,,,,
2014/05/02,08,13,0,,,,,
2014/05/02,09,14,0,,,,,
2014/05/02,10,13,0,,,,,
2014/05/02,11,15,0,,,,,
2014/05/02,12,13,0,,,,,
2014/05/02,13,13,0,,,,,
2014/05/02,14,15,0,,,,,
2014/05/02,15,13,0,,,,,
2014/05/02,16,15,0,,,,,
2014/05/02,17,13,0,,,,,
2014/05/02,18,15,0,,,,,
2014/05/02,19,13,0,,,,,
2014/05/02,20,15,0,,,,,
2014/05/02,21,13,0,,,,,
2014/05/02,22,15,0,,,,,
2014/05/02,23,14,0,,,,,
2014/05/02,24,13,0,,,,,
2014/05/03,01,15,0,,,,,
2014/05/03,02,13,0,,,,,
2014/05/03,03,13,0,,,,,
2014/05/03,04,15,0,,,,,
2014/05/03,05,13,0,,,,,
2014/05/03,06,13,0,,,,,
2014/05/03,07,13,0,,,,,
2014/05/03,08,15,0,,,,,
2014/05/03,09,13,0,,,,,
2014/05/03,10,15,0,,,,,
2014/05/03,11,13,0,,,,,
2014/05/03,12,13,0,,,,,
2014/05/03,13,15,0,,,,,
2014/05/03,14,13,0,,,,,
2014/05/03,15,15,0,,,,,
2014/05/03,16,13,0,,,,,
2014/05/03,17,15,0,,,,,
2014/05/03,18,13,0,,,,,
2014/05/03,19,15,0,,,,,
2014/05/03,20,13,0,,,,,
2014/05/03,21,13,0,,,,,
2014/05/03,22,15,0,,,,,
2014/05/03,23,13,0,,,,,
2014/05/03,24,13,0,,,,,
2014/05/04,01,13,0,,,,,
2014/05/04,02,15,0,,,,,
2014/05/04,03,13,0,,,,,
2014/05/04,04,13,0,,,,,
2014/05/04,05,13,0,,,,,
2014/05/04,06,13,0,,,,,
2014/05/04,07,15,0,,,,,
2014/05/04,08,13,0,,,,,
2014/05/04,09,13,0,,,,,
2014/05/04,10,15,0,,,,,
2014/05/04,11,13,0,,,,,
2014/05/04,12,13,0,,,,,
2014/05/04,13,15,0,,,,,
2014/05/04,14,13,0,,,,,
2014/05/04,15,13,0,,,,,
2014/05/04,16,16,0,,,,,
2014/05/04,17,14,0,,,,,
2014/05/04,18,16,0,,,,,
2014/05/04,19,14,0,,,,,
2014/05/04,20,14,0,,,,,
2014/05/04,21,16,0,,,,,
2014/05/04,22,14,0,,,,,
2014/05/04,23,15,0,,,,,
2014/05/04,24,13,0,,,,,
2014/05/05,01,13,0,,,,,
2014/05/05,02,13,0,,,,,
2014/05/05,03,15,0,,,,,
2014/05/05,04,13,0,,,,,
2014/05/05,05,13,0,,,,,
2014/05/05,06,15,0,,,,,
2014/05/05,07,13,0,,,,,
2014/05/05,08,13,0,,,,,
2014/05/05,09,15,0,,,,,
2014/05/05,10,13,0,,,,,
2014/05/05,11,13,0,,,,,
2014/05/05,12,15,0,,,,,
2014/05/05,13,13,0,,,,,
2014/05/05,14,13,0,,,,,
2014/05/05,15,15,0,,,,,
2014/05/05,16,13,0,,,,,
2014/05/05,17,13,0,,,,,
2014/05/05,18,15,0,,,,,
2014/05/05,19,13,0,,,,,
2014/05/05,20,13,0,,,,,
2014/05/05,21,15,0,,,,,
2014/05/05,22,13,0,,,,,
2014/05/05,23,13,0,,,,,
2014/05/05,24,13,0,,,,,
2014/05/06,01,15,0,,,,,
2014/05/06,02,13,0,,,,,
2014/05/06,03,13,0,,,,,
2014/05/06,04,13,0,,,,,
2014/05/06,05,14,0,,,,,
2014/05/06,06,14,0,,,,,
2014/05/06,07,13,0,,,,,
2014/05/06,08,23,0,,,,,
2014/05/06,09,63,0,,,,,
2014/05/06,10,70,0,,,,,
2014/05/06,11,63,0,,,,,
2014/05/06,12,66,0,,,,,
2014/05/06,13,33,0,,,,,
2014/05/06,14,74,0,,,,,
2014/05/06,15,102,1,,,,,
2014/05/06,16,70,1,,,,,
2014/05/06,17,46,1,,,,,
2014/05/06,18,32,1,,,,,
2014/05/06,19,10,0,,,,,
2014/05/06,20,11,0,,,,,
2014/05/06,21,9,0,,,,,
2014/05/06,22,10,0,,,,,
2014/05/06,23,8,0,,,,,
2014/05/06,24,7,0,,,,,
2014/05/07,01,8,0,,,,,
2014/05/07,02,9,0,,,,,
2014/05/07,03,7,0,,,,,
2014/05/07,04,7,0,,,,,
2014/05/07,05,7,0,,,,,
2014/05/07,06,9,0,,,,,
2014/05/07,07,7,0,,,,,
2014/05/07,08,45,0,,,,,
2014/05/07,09,123,0,,,,,
2014/05/07,10,153,0,,,,,
2014/05/07,11,154,0,,,,,
2014/05/07,12,153,0,,,,,
2014/05/07,13,73,2,,,,,
2014/05/07,14,150,2,,,,,
2014/05/07,15,152,1,,,,,
2014/05/07,16,149,0,,,,,
2014/05/07,17,153,0,,,,,
2014/05/07,18,96,0,,,,,
2014/05/07,19,45,0,,,,,
2014/05/07,20,12,0,,,,,
2014/05/07,21,12,0,,,,,
2014/05/07,22,10,0,,,,,
2014/05/07,23,11,0,,,,,
2014/05/07,24,9,0,,,,,
2014/05/08,01,11,0,,,,,
2014/05/08,02,8,0,,,,,
2014/05/08,03,7,0,,,,,
2014/05/08,04,9,0,,,,,
2014/05/08,05,7,0,,,,,
2014/05/08,06,8,0,,,,,
2014/05/08,07,7,0,,,,,
2014/05/08,08,39,0,,,,,
2014/05/08,09,124,0,,,,,
2014/05/08,10,143,0,,,,,
2014/05/08,11,135,0,,,,,
2014/05/08,12,147,0,,,,,
2014/05/08,13,68,0,,,,,
2014/05/08,14,158,0,,,,,
2014/05/08,15,146,2,,,,,
2014/05/08,16,141,2,,,,,
2014/05/08,17,147,2,,,,,
2014/05/08,18,93,2,,,,,
2014/05/08,19,57,0,,,,,
2014/05/08,20,39,0,,,,,
2014/05/08,21,10,0,,,,,
2014/05/08,22,11,0,,,,,
2014/05/08,23,9,0,,,,,
2014/05/08,24,10,0,,,,,
2014/05/09,01,8,0,,,,,
2014/05/09,02,10,0,,,,,
2014/05/09,03,8,0,,,,,
2014/05/09,04,9,0,,,,,
2014/05/09,05,8,0,,,,,
2014/05/09,06,8,0,,,,,
2014/05/09,07,10,0,,,,,
2014/05/09,08,51,0,,,,,
2014/05/09,09,119,0,,,,,
2014/05/09,10,138,2,,,,,
2014/05/09,11,150,1,,,,,
2014/05/09,12,144,2,,,,,
2014/05/09,13,68,1,,,,,
2014/05/09,14,149,2,,,,,
2014/05/09,15,134,1,,,,,
2014/05/09,16,167,0,,,,,
2014/05/09,17,173,0,,,,,
2014/05/09,18,87,0,,,,,
2014/05/09,19,13,0,,,,,
2014/05/09,20,13,0,,,,,
2014/05/09,21,12,0,,,,,
2014/05/09,22,9,0,,,,,
2014/05/09,23,11,0,,,,,
2014/05/09,24,9,0,,,,,
2014/05/10,01,9,0,,,,,
2014/05/10,02,8,0,,,,,
2014/05/10,03,8,0,,,,,
2014/05/10,04,9,0,,,,,
2014/05/10,05,8,0,,,,,
2014/05/10,06,9,0,,,,,
2014/05/10,07,8,0,,,,,
2014/05/10,08,24,0,,,,,
2014/05/10,09,136,0,,,,,
2014/05/10,10,180,0,,,,,
2014/05/10,11,159,1,,,,,
2014/05/10,12,164,2,,,,,
2014/05/10,13,79,2,,,,,
2014/05/10,14,185,2,,,,,
2014/05/10,15,160,2,,,,,
2014/05/10,16,129,2,,,,,
2014/05/10,17,150,2,,,,,
2014/05/10,18,81,1,,,,,
2014/05/10,19,12,0,,,,,
2014/05/10,20,12,0,,,,,
2014/05/10,21,10,0,,,,,
2014/05/10,22,10,0,,,,,
2014/05/10,23,8,0,,,,,
2014/05/10,24,10,0,,,,,
2014/05/11,01,8,0,,,,,
2014/05/11,02,10,0,,,,,
2014/05/11,03,7,0,,,,,
2014/05/11,04,7,0,,,,,
2014/05/11,05,9,0,,,,,
2014/05/11,06,7,0,,,,,
2014/05/11,07,9,0,,,,,
2014/05/11,08,8,0,,,,,
2014/05/11,09,8,0,,,,,
2014/05/11,10,9,0,,,,,
2014/05/11,11,8,0,,,,,
2014/05/11,12,9,0,,,,,
2014/05/11,13,8,0,,,,,
2014/05/11,14,10,0,,,,,
2014/05/11,15,8,0,,,,,
2014/05/11,16,10,0,,,,,
2014/05/11,17,10,0,,,,,
2014/05/11,18,8,0,,,,,
2014/05/11,19,9,0,,,,,
2014/05/11,20,8,0,,,,,
2014/05/11,21,10,0,,,,,
2014/05/11,22,8,0,,,,,
2014/05/11,23,10,0,,,,,
2014/05/11,24,8,0,,,,,
2014/05/12,01,8,0,,,,,
2014/05/12,02,9,0,,,,,
2014/05/12,03,8,0,,,,,
2014/05/12,04,10,0,,,,,
2014/05/12,05,8,0,,,,,
2014/05/12,06,8,0,,,,,
2014/05/12,07,9,0,,,,,
2014/05/12,08,50,0,,,,,
2014/05/12,09,130,0,,,,,
2014/05/12,10,169,0,,,,,
2014/05/12,11,160,0,,,,,
2014/05/12,12,139,0,,,,,
2014/05/12,13,69,0,,,,,
2014/05/12,14,145,0,,,,,
2014/05/12,15,149,0,,,,,
2014/05/12,16,150,0,,,,,
2014/05/12,17,152,0,,,,,
2014/05/12,18,122,0,,,,,
2014/05/12,19,70,0,,,,,
2014/05/12,20,17,0,,,,,
2014/05/12,21,14,0,,,,,
2014/05/12,22,13,0,,,,,
2014/05/12,23,14,0,,,,,
2014/05/12,24,11,0,,,,,
2014/05/13,01,13,0,,,,,
2014/05/13,02,9,0,,,,,
2014/05/13,03,11,0,,,,,
2014/05/13,04,9,0,,,,,
2014/05/13,05,10,0,,,,,
2014/05/13,06,8,0,,,,,
2014/05/13,07,10,0,,,,,
2014/05/13,08,39,0,,,,,
2014/05/13,09,131,0,,,,,
2014/05/13,10,159,1,,,,,
2014/05/13,11,160,2,,,,,
2014/05/13,12,163,2,,,,,
2014/05/13,13,87,2,,,,,
2014/05/13,14,186,3,,,,,
2014/05/13,15,183,1,,,,,
2014/05/13,16,177,0,,,,,
2014/05/13,17,172,0,,,,,
2014/05/13,18,114,0,,,,,
2014/05/13,19,78,0,,,,,
2014/05/13,20,40,0,,,,,
2014/05/13,21,13,0,,,,,
2014/05/13,22,13,0,,,,,
2014/05/13,23,12,0,,,,,
2014/05/13,24,9,0,,,,,
2014/05/14,01,9,0,,,,,
2014/05/14,02,8,0,,,,,
2014/05/14,03,9,0,,,,,
2014/05/14,04,8,0,,,,,
2014/05/14,05,9,0,,,,,
2014/05/14,06,8,0,,,,,
2014/05/14,07,10,0,,,,,
2014/05/14,08,23,0,,,,,
2014/05/14,09,114,0,,,,,
2014/05/14,10,136,0,,,,,
2014/05/14,11,143,0,,,,,
2014/05/14,12,154,0,,,,,
2014/05/14,13,80,0,,,,,
2014/05/14,14,159,0,,,,,
2014/05/14,15,169,7,,,,,
2014/05/14,16,171,16,,,,,
2014/05/14,17,175,13,,,,,
2014/05/14,18,158,9,,,,,
2014/05/14,19,133,4,,,,,
2014/05/14,20,57,2,,,,,
2014/05/14,21,13,0,,,,,
2014/05/14,22,12,0,,,,,
2014/05/14,23,10,0,,,,,
2014/05/14,24,11,0,,,,,
2014/05/15,01,10,0,,,,,
2014/05/15,02,10,0,,,,,
2014/05/15,03,8,0,,,,,
2014/05/15,04,9,0,,,,,
2014/05/15,05,8,0,,,,,
2014/05/15,06,10,0,,,,,
2014/05/15,07,10,0,,,,,
2014/05/15,08,47,0,,,,,
2014/05/15,09,126,0,,,,,
2014/05/15,10,160,0,,,,,
2014/05/15,11,149,0,,,,,
2014/05/15,12,143,0,,,,,
2014/05/15,13,70,0,,,,,
2014/05/15,14,146,0,,,,,
2014/05/15,15,150,0,,,,,
2014/05/15,16,140,1,,,,,
2014/05/15,17,152,1,,,,,
2014/05/15,18,104,0,,,,,
2014/05/15,19,36,0,,,,,
2014/05/15,20,12,0,,,,,
2014/05/15,21,11,0,,,,,
2014/05/15,22,11,0,,,,,
2014/05/15,23,8,0,,,,,
2014/05/15,24,9,0,,,,,
2014/05/16,01,8,0,,,,,
2014/05/16,02,10,0,,,,,
2014/05/16,03,7,0,,,,,
2014/05/16,04,9,0,,,,,
2014/05/16,05,7,0,,,,,
2014/05/16,06,10,0,,,,,
2014/05/16,07,8,0,,,,,
2014/05/16,08,39,0,,,,,
2014/05/16,09,124,0,,,,,
2014/05/16,10,164,0,,,,,
2014/05/16,11,147,0,,,,,
2014/05/16,12,160,2,,,,,
2014/05/16,13,77,2,,,,,
2014/05/16,14,169,2,,,,,
2014/05/16,15,166,2,,,,,
2014/05/16,16,152,2,,,,,
2014/05/16,17,168,0,,,,,
2014/05/16,18,82,0,,,,,
2014/05/16,19,30,0,,,,,
2014/05/16,20,18,0,,,,,
2014/05/16,21,10,0,,,,,
2014/05/16,22,12,0,,,,,
2014/05/16,23,11,0,,,,,
2014/05/16,24,9,0,,,,,
2014/05/17,01,10,0,,,,,
2014/05/17,02,8,0,,,,,
2014/05/17,03,9,0,,,,,
2014/05/17,04,8,0,,,,,
2014/05/17,05,8,0,,,,,
2014/05/17,06,9,0,,,,,
2014/05/17,07,9,0,,,,,
2014/05/17,08,28,0,,,,,
2014/05/17,09,99,0,,,,,
2014/05/17,10,115,0,,,,,
2014/05/17,11,116,0,,,,,
2014/05/17,12,120,0,,,,,
2014/05/17,13,56,0,,,,,
2014/05/17,14,130,0,,,,,
2014/05/17,15,138,4,,,,,
2014/05/17,16,135,10,,,,,
2014/05/17,17,141,9,,,,,
2014/05/17,18,77,7,,,,,
2014/05/17,19,14,0,,,,,
2014/05/17,20,13,0,,,,,
2014/05/17,21,13,0,,,,,
2014/05/17,22,12,0,,,,,
2014/05/17,23,9,0,,,,,
2014/05/17,24,11,0,,,,,
2014/05/18,01,10,0,,,,,
2014/05/18,02,9,0,,,,,
2014/05/18,03,10,0,,,,,
2014/05/18,04,7,0,,,,,
2014/05/18,05,7,0,,,,,
2014/05/18,06,10,0,,,,,
2014/05/18,07,7,0,,,,,
2014/05/18,08,10,0,,,,,
2014/05/18,09,8,0,,,,,
2014/05/18,10,9,0,,,,,
2014/05/18,11,8,0,,,,,
2014/05/18,12,10,0,,,,,
2014/05/18,13,8,0,,,,,
2014/05/18,14,9,0,,,,,
2014/05/18,15,10,0,,,,,
2014/05/18,16,8,0,,,,,
2014/05/18,17,10,0,,,,,
2014/05/18,18,9,0,,,,,
2014/05/18,19,9,0,,,,,
2014/05/18,20,10,0,,,,,
2014/05/18,21,8,0,,,,,
2014/05/18,22,10,0,,,,,
2014/05/18,23,8,0,,,,,
2014/05/18,24,10,0,,,,,
2014/05/19,01,8,0,,,,,
2014/05/19,02,10,0,,,,,
2014/05/19,03,8,0,,,,,
2014/05/19,04,8,0,,,,,
2014/05/19,05,10,0,,,,,
2014/05/19,06,8,0,,,,,
2014/05/19,07,10,0,,,,,
2014/05/19,08,55,0,,,,,
2014/05/19,09,119,0,,,,,
2014/05/19,10,157,0,,,,,
2014/05/19,11,154,0,,,,,
2014/05/19,12,154,0,,,,,
2014/05/19,13,80,0,,,,,
2014/05/19,14,154,0,,,,,
2014/05/19,15,175,0,,,,,
2014/05/19,16,190,0,,,,,
2014/05/19,17,211,0,,,,,
2014/05/19,18,192,0,,,,,
2014/05/19,19,139,0,,,,,
2014/05/19,20,51,0,,,,,
2014/05/19,21,20,0,,,,,
2014/05/19,22,19,0,,,,,
2014/05/19,23,18,0,,,,,
2014/05/19,24,18,0,,,,,
2014/05/20,01,16,0,,,,,
2014/05/20,02,17,0,,,,,
2014/05/20,03,17,0,,,,,
2014/05/20,04,14,0,,,,,
2014/05/20,05,16,0,,,,,
2014/05/20,06,13,0,,,,,
2014/05/20,07,15,0,,,,,
2014/05/20,08,51,0,,,,,
2014/05/20,09,139,0,,,,,
2014/05/20,10,175,0,,,,,
2014/05/20,11,178,0,,,,,
2014/05/20,12,202,0,,,,,
2014/05/20,13,101,0,,,,,
2014/05/20,14,200,0,,,,,
2014/05/20,15,197,0,,,,,
2014/05/20,16,194,0,,,,,
2014/05/20,17,197,0,,,,,
2014/05/20,18,139,0,,,,,
2014/05/20,19,88,0,,,,,
2014/05/20,20,54,0,,,,,
2014/05/20,21,16,0,,,,,
2014/05/20,22,17,0,,,,,
2014/05/20,23,15,0,,,,,
2014/05/20,24,15,0,,,,,
2014/05/21,01,16,0,,,,,
2014/05/21,02,14,0,,,,,
2014/05/21,03,13,0,,,,,
2014/05/21,04,15,0,,,,,
2014/05/21,05,13,0,,,,,
2014/05/21,06,13,0,,,,,
2014/05/21,07,15,0,,,,,
2014/05/21,08,34,0,,,,,
2014/05/21,09,112,0,,,,,
2014/05/21,10,140,0,,,,,
2014/05/21,11,147,0,,,,,
2014/05/21,12,142,0,,,,,
2014/05/21,13,78,0,,,,,
2014/05/21,14,184,0,,,,,
2014/05/21,15,191,0,,,,,
2014/05/21,16,179,0,,,,,
2014/05/21,17,184,0,,,,,
2014/05/21,18,112,0,,,,,
2014/05/21,19,30,0,,,,,
2014/05/21,20,20,0,,,,,
2014/05/21,21,18,0,,,,,
2014/05/21,22,19,0,,,,,
2014/05/21,23,19,0,,,,,
2014/05/21,24,17,0,,,,,
2014/05/22,01,18,0,,,,,
2014/05/22,02,15,0,,,,,
2014/05/22,03,17,0,,,,,
2014/05/22,04,15,0,,,,,
2014/05/22,05,15,0,,,,,
2014/05/22,06,17,0,,,,,
2014/05/22,07,16,0,,,,,
2014/05/22,08,31,0,,,,,
2014/05/22,09,130,0,,,,,
2014/05/22,10,155,0,,,,,
2014/05/22,11,162,0,,,,,
2014/05/22,12,164,0,,,,,
2014/05/22,13,84,0,,,,,
2014/05/22,14,185,0,,,,,
2014/05/22,15,175,0,,,,,
2014/05/22,16,164,2,,,,,
2014/05/22,17,175,2,,,,,
2014/05/22,18,132,1,,,,,
2014/05/22,19,73,0,,,,,
2014/05/22,20,44,0,,,,,
2014/05/22,21,20,0,,,,,
2014/05/22,22,20,0,,,,,
2014/05/22,23,18,0,,,,,
2014/05/22,24,19,0,,,,,
2014/05/23,01,16,0,,,,,
2014/05/23,02,16,0,,,,,
2014/05/23,03,14,0,,,,,
2014/05/23,04,15,0,,,,,
2014/05/23,05,13,0,,,,,
2014/05/23,06,15,0,,,,,
2014/05/23,07,14,0,,,,,
2014/05/23,08,26,0,,,,,
2014/05/23,09,121,0,,,,,
2014/05/23,10,157,0,,,,,
2014/05/23,11,170,2,,,,,
2014/05/23,12,170,1,,,,,
2014/05/23,13,80,1,,,,,
2014/05/23,14,180,2,,,,,
2014/05/23,15,183,3,,,,,
2014/05/23,16,172,3,,,,,
2014/05/23,17,160,2,,,,,
2014/05/23,18,97,2,,,,,
2014/05/23,19,45,0,,,,,
2014/05/23,20,19,0,,,,,
2014/05/23,21,15,0,,,,,
2014/05/23,22,17,0,,,,,
2014/05/23,23,16,0,,,,,
2014/05/23,24,14,0,,,,,
2014/05/24,01,16,0,,,,,
2014/05/24,02,13,0,,,,,
2014/05/24,03,15,0,,,,,
2014/05/24,04,13,0,,,,,
2014/05/24,05,15,0,,,,,
2014/05/24,06,13,0,,,,,
2014/05/24,07,14,0,,,,,
2014/05/24,08,30,0,,,,,
2014/05/24,09,126,0,,,,,
2014/05/24,10,161,0,,,,,
2014/05/24,11,153,0,,,,,
2014/05/24,12,159,0,,,,,
2014/05/24,13,78,0,,,,,
2014/05/24,14,177,0,,,,,
2014/05/24,15,181,0,,,,,
2014/05/24,16,169,0,,,,,
2014/05/24,17,173,0,,,,,
2014/05/24,18,77,0,,,,,
2014/05/24,19,22,0,,,,,
2014/05/24,20,19,0,,,,,
2014/05/24,21,16,0,,,,,
2014/05/24,22,18,0,,,,,
2014/05/24,23,16,0,,,,,
2014/05/24,24,16,0,,,,,
2014/05/25,01,14,0,,,,,
2014/05/25,02,16,0,,,,,
2014/05/25,03,14,0,,,,,
2014/05/25,04,16,0,,,,,
2014/05/25,05,14,0,,,,,
2014/05/25,06,17,0,,,,,
2014/05/25,07,16,0,,,,,
2014/05/25,08,14,0,,,,,
2014/05/25,09,16,0,,,,,
2014/05/25,10,14,0,,,,,
2014/05/25,11,16,0,,,,,
2014/05/25,12,16,0,,,,,
2014/05/25,13,14,0,,,,,
2014/05/25,14,16,0,,,,,
2014/05/25,15,17,0,,,,,
2014/05/25,16,15,0,,,,,
2014/05/25,17,17,0,,,,,
2014/05/25,18,16,0,,,,,
2014/05/25,19,14,0,,,,,
2014/05/25,20,16,0,,,,,
2014/05/25,21,16,0,,,,,
2014/05/25,22,15,0,,,,,
2014/05/25,23,16,0,,,,,
2014/05/25,24,14,0,,,,,
2014/05/26,01,16,0,,,,,
2014/05/26,02,14,0,,,,,
2014/05/26,03,16,0,,,,,
2014/05/26,04,14,0,,,,,
2014/05/26,05,16,0,,,,,
2014/05/26,06,14,0,,,,,
2014/05/26,07,17,0,,,,,
2014/05/26,08,39,0,,,,,
2014/05/26,09,111,0,,,,,
2014/05/26,10,158,0,,,,,
2014/05/26,11,154,0,,,,,
2014/05/26,12,160,0,,,,,
2014/05/26,13,83,0,,,,,
2014/05/26,14,144,0,,,,,
2014/05/26,15,138,0,,,,,
2014/05/26,16,172,0,,,,,
2014/05/26,17,164,0,,,,,
2014/05/26,18,85,0,,,,,
2014/05/26,19,50,0,,,,,
2014/05/26,20,18,0,,,,,
2014/05/26,21,12,0,,,,,
2014/05/26,22,12,0,,,,,
2014/05/26,23,11,0,,,,,
2014/05/26,24,9,0,,,,,
2014/05/27,01,10,0,,,,,
2014/05/27,02,8,0,,,,,
2014/05/27,03,9,0,,,,,
2014/05/27,04,9,0,,,,,
2014/05/27,05,7,0,,,,,
2014/05/27,06,10,0,,,,,
2014/05/27,07,8,0,,,,,
2014/05/27,08,21,0,,,,,
2014/05/27,09,106,0,,,,,
2014/05/27,10,139,0,,,,,
2014/05/27,11,123,0,,,,,
2014/05/27,12,142,1,,,,,
2014/05/27,13,78,2,,,,,
2014/05/27,14,148,2,,,,,
2014/05/27,15,160,3,,,,,
2014/05/27,16,174,2,,,,,
2014/05/27,17,173,2,,,,,
2014/05/27,18,135,0,,,,,
2014/05/27,19,84,0,,,,,
2014/05/27,20,39,0,,,,,
2014/05/27,21,11,0,,,,,
2014/05/27,22,11,0,,,,,
2014/05/27,23,11,0,,,,,
2014/05/27,24,8,0,,,,,
2014/05/28,01,10,0,,,,,
2014/05/28,02,8,0,,,,,
2014/05/28,03,9,0,,,,,
2014/05/28,04,7,0,,,,,
2014/05/28,05,9,0,,,,,
2014/05/28,06,7,0,,,,,
2014/05/28,07,10,0,,,,,
2014/05/28,08,21,0,,,,,
2014/05/28,09,130,0,,,,,
2014/05/28,10,188,2,,,,,
2014/05/28,11,167,6,,,,,
2014/05/28,12,189,9,,,,,
2014/05/28,13,100,9,,,,,
2014/05/28,14,189,6,,,,,
2014/05/28,15,186,14,,,,,
2014/05/28,16,198,11,,,,,
2014/05/28,17,195,14,,,,,
2014/05/28,18,121,10,,,,,
2014/05/28,19,60,0,,,,,
2014/05/28,20,33,0,,,,,
2014/05/28,21,14,0,,,,,
2014/05/28,22,15,0,,,,,
2014/05/28,23,15,0,,,,,
2014/05/28,24,14,0,,,,,
2014/05/29,01,12,0,,,,,
2014/05/29,02,13,0,,,,,
2014/05/29,03,10,0,,,,,
2014/05/29,04,11,0,,,,,
2014/05/29,05,11,0,,,,,
2014/05/29,06,8,0,,,,,
2014/05/29,07,10,0,,,,,
2014/05/29,08,23,0,,,,,
2014/05/29,09,115,0,,,,,
2014/05/29,10,164,0,,,,,
2014/05/29,11,182,0,,,,,
2014/05/29,12,177,0,,,,,
2014/05/29,13,78,0,,,,,
2014/05/29,14,174,10,,,,,
2014/05/29,15,175,11,,,,,
2014/05/29,16,174,10,,,,,
2014/05/29,17,187,13,,,,,
2014/05/29,18,119,19,,,,,
2014/05/29,19,79,0,,,,,
2014/05/29,20,40,0,,,,,
2014/05/29,21,12,0,,,,,
2014/05/29,22,11,0,,,,,
2014/05/29,23,10,0,,,,,
2014/05/29,24,9,0,,,,,
2014/05/30,01,9,0,,,,,
2014/05/30,02,8,0,,,,,
2014/05/30,03,8,0,,,,,
2014/05/30,04,8,0,,,,,
2014/05/30,05,8,0,,,,,
2014/05/30,06,8,0,,,,,
2014/05/30,07,9,0,,,,,
2014/05/30,08,24,0,,,,,
2014/05/30,09,115,0,,,,,
2014/05/30,10,172,0,,,,,
2014/05/30,11,172,0,,,,,
2014/05/30,12,183,8,,,,,
2014/05/30,13,100,11,,,,,
2014/05/30,14,223,16,,,,,
2014/05/30,15,217,21,,,,,
2014/05/30,16,206,21,,,,,
2014/05/30,17,187,20,,,,,
2014/05/30,18,88,17,,,,,
2014/05/30,19,30,0,,,,,
2014/05/30,20,11,0,,,,,
2014/05/30,21,11,0,,,,,
2014/05/30,22,9,0,,,,,
2014/05/30,23,11,0,,,,,
2014/05/30,24,11,0,,,,,
2014/05/31,01,11,0,,,,,
2014/05/31,02,10,0,,,,,
2014/05/31,03,8,0,,,,,
2014/05/31,04,10,0,,,,,
2014/05/31,05,10,0,,,,,
2014/05/31,06,8,0,,,,,
2014/05/31,07,10,0,,,,,
2014/05/31,08,10,0,,,,,
2014/05/31,09,8,0,,,,,
2014/05/31,10,8,0,,,,,
2014/05/31,11,8,0,,,,,
2014/05/31,12,8,0,,,,,
2014/05/31,13,8,0,,,,,
2014/05/31,14,8,0,,,,,
2014/05/31,15,8,0,,,,,
2014/05/31,16,8,0,,,,,
2014/05/31,17,8,0,,,,,
2014/05/31,18,8,0,,,,,
2014/05/31,19,8,0,,,,,
2014/05/31,20,8,0,,,,,
2014/05/31,21,8,0,,,,,
2014/05/31,22,8,0,,,,,
2014/05/31,23,8,0,,,,,
2014/05/31,24,8,0,,,,,
2014/06/01,01,8,0,,,,,
2014/06/01,02,8,0,,,,,
2014/06/01,03,8,0,,,,,
2014/06/01,04,8,0,,,,,
2014/06/01,05,8,0,,,,,
2014/06/01,06,8,0,,,,,
2014/06/01,07,8,0,,,,,
2014/06/01,08,8,0,,,,,
2014/06/01,09,8,0,,,,,
2014/06/01,10,8,0,,,,,
2014/06/01,11,8,0,,,,,
2014/06/01,12,8,0,,,,,
2014/06/01,13,8,0,,,,,
2014/06/01,14,8,0,,,,,
2014/06/01,15,9,0,,,,,
2014/06/01,16,8,0,,,,,
2014/06/01,17,8,0,,,,,
2014/06/01,18,8,0,,,,,
2014/06/01,19,8,0,,,,,
2014/06/01,20,8,0,,,,,
2014/06/01,21,8,0,,,,,
2014/06/01,22,8,0,,,,,
2014/06/01,23,8,0,,,,,
2014/06/01,24,8,0,,,,,
2014/06/02,01,8,0,,,,,
2014/06/02,02,8,0,,,,,
2014/06/02,03,8,0,,,,,
2014/06/02,04,8,0,,,,,
2014/06/02,05,8,0,,,,,
2014/06/02,06,8,0,,,,,
2014/06/02,07,9,0,,,,,
2014/06/02,08,26,0,,,,,
2014/06/02,09,115,0,,,,,
2014/06/02,10,179,0,,,,,
2014/06/02,11,191,4,,,,,
2014/06/02,12,201,12,,,,,
2014/06/02,13,134,11,,,,,
2014/06/02,14,223,17,,,,,
2014/06/02,15,225,23,,,,,
2014/06/02,16,207,19,,,,,
2014/06/02,17,215,18,,,,,
2014/06/02,18,176,17,,,,,
2014/06/02,19,109,9,,,,,
2014/06/02,20,17,1,,,,,
2014/06/02,21,13,0,,,,,
2014/06/02,22,12,0,,,,,
2014/06/02,23,12,0,,,,,
2014/06/02,24,11,0,,,,,
2014/06/03,01,10,0,,,,,
2014/06/03,02,10,0,,,,,
2014/06/03,03,9,0,,,,,
2014/06/03,04,9,0,,,,,
2014/06/03,05,9,0,,,,,
2014/06/03,06,9,0,,,,,
2014/06/03,07,10,0,,,,,
2014/06/03,08,33,0,,,,,
2014/06/03,09,155,0,,,,,
2014/06/03,10,213,10,,,,,
2014/06/03,11,209,11,,,,,
2014/06/03,12,230,12,,,,,
2014/06/03,13,135,20,,,,,
2014/06/03,14,218,20,,,,,
2014/06/03,15,218,18,,,,,
2014/06/03,16,202,19,,,,,
2014/06/03,17,191,11,,,,,
2014/06/03,18,153,11,,,,,
2014/06/03,19,102,0,,,,,
2014/06/03,20,42,0,,,,,
2014/06/03,21,12,0,,,,,
2014/06/03,22,10,0,,,,,
2014/06/03,23,10,0,,,,,
2014/06/03,24,10,0,,,,,
2014/06/04,01,9,0,,,,,
2014/06/04,02,9,0,,,,,
2014/06/04,03,8,0,,,,,
2014/06/04,04,8,0,,,,,
2014/06/04,05,8,0,,,,,
2014/06/04,06,8,0,,,,,
2014/06/04,07,8,0,,,,,
2014/06/04,08,22,0,,,,,
2014/06/04,09,122,3,,,,,
2014/06/04,10,175,13,,,,,
2014/06/04,11,180,13,,,,,
2014/06/04,12,183,12,,,,,
2014/06/04,13,96,13,,,,,
2014/06/04,14,180,13,,,,,
2014/06/04,15,172,13,,,,,
2014/06/04,16,170,10,,,,,
2014/06/04,17,163,10,,,,,
2014/06/04,18,171,13,,,,,
2014/06/04,19,163,12,,,,,
2014/06/04,20,93,0,,,,,
2014/06/04,21,18,0,,,,,
2014/06/04,22,15,0,,,,,
2014/06/04,23,13,0,,,,,
2014/06/04,24,13,0,,,,,
2014/06/05,01,13,0,,,,,
2014/06/05,02,12,0,,,,,
2014/06/05,03,9,0,,,,,
2014/06/05,04,10,0,,,,,
2014/06/05,05,10,0,,,,,
2014/06/05,06,8,0,,,,,
2014/06/05,07,10,0,,,,,
2014/06/05,08,23,0,,,,,
2014/06/05,09,120,0,,,,,
2014/06/05,10,159,1,,,,,
2014/06/05,11,173,0,,,,,
2014/06/05,12,180,1,,,,,
2014/06/05,13,118,10,,,,,
2014/06/05,14,206,11,,,,,
2014/06/05,15,197,10,,,,,
2014/06/05,16,190,11,,,,,
2014/06/05,17,202,10,,,,,
2014/06/05,18,176,18,,,,,
2014/06/05,19,142,9,,,,,
2014/06/05,20,100,2,,,,,
2014/06/05,21,14,0,,,,,
2014/06/05,22,13,0,,,,,
2014/06/05,23,12,0,,,,,
2014/06/05,24,12,0,,,,,
2014/06/06,01,11,0,,,,,
2014/06/06,02,11,0,,,,,
2014/06/06,03,8,0,,,,,
2014/06/06,04,10,0,,,,,
2014/06/06,05,11,0,,,,,
2014/06/06,06,8,0,,,,,
2014/06/06,07,10,0,,,,,
2014/06/06,08,27,0,,,,,
2014/06/06,09,135,1,,,,,
2014/06/06,10,192,11,,,,,
2014/06/06,11,195,15,,,,,
2014/06/06,12,204,15,,,,,
2014/06/06,13,104,12,,,,,
2014/06/06,14,206,11,,,,,
2014/06/06,15,209,11,,,,,
2014/06/06,16,206,9,,,,,
2014/06/06,17,196,9,,,,,
2014/06/06,18,176,9,,,,,
2014/06/06,19,162,9,,,,,
2014/06/06,20,76,1,,,,,
2014/06/06,21,16,0,,,,,
2014/06/06,22,14,0,,,,,
2014/06/06,23,13,0,,,,,
2014/06/06,24,10,0,,,,,
2014/06/07,01,12,0,,,,,
2014/06/07,02,11,0,,,,,
2014/06/07,03,11,0,,,,,
2014/06/07,04,11,0,,,,,
2014/06/07,05,9,0,,,,,
2014/06/07,06,11,0,,,,,
2014/06/07,07,11,0,,,,,
2014/06/07,08,17,0,,,,,
2014/06/07,09,103,1,,,,,
2014/06/07,10,142,13,,,,,
2014/06/07,11,130,13,,,,,
2014/06/07,12,128,11,,,,,
2014/06/07,13,82,11,,,,,
2014/06/07,14,143,13,,,,,
2014/06/07,15,143,12,,,,,
2014/06/07,16,137,11,,,,,
2014/06/07,17,139,10,,,,,
2014/06/07,18,73,8,,,,,
2014/06/07,19,12,0,,,,,
2014/06/07,20,11,0,,,,,
2014/06/07,21,11,0,,,,,
2014/06/07,22,10,0,,,,,
2014/06/07,23,9,0,,,,,
2014/06/07,24,9,0,,,,,
2014/06/08,01,9,0,,,,,
2014/06/08,02,9,0,,,,,
2014/06/08,03,9,0,,,,,
2014/06/08,04,9,0,,,,,
2014/06/08,05,9,0,,,,,
2014/06/08,06,9,0,,,,,
2014/06/08,07,9,0,,,,,
2014/06/08,08,9,0,,,,,
2014/06/08,09,9,0,,,,,
2014/06/08,10,9,0,,,,,
2014/06/08,11,9,0,,,,,
2014/06/08,12,9,0,,,,,
2014/06/08,13,9,0,,,,,
2014/06/08,14,9,0,,,,,
2014/06/08,15,9,0,,,,,
2014/06/08,16,9,0,,,,,
2014/06/08,17,9,0,,,,,
2014/06/08,18,9,0,,,,,
2014/06/08,19,9,0,,,,,
2014/06/08,20,9,0,,,,,
2014/06/08,21,9,0,,,,,
2014/06/08,22,9,0,,,,,
2014/06/08,23,9,0,,,,,
2014/06/08,24,9,0,,,,,
2014/06/09,01,9,0,,,,,
2014/06/09,02,9,0,,,,,
2014/06/09,03,9,0,,,,,
2014/06/09,04,9,0,,,,,
2014/06/09,05,9,0,,,,,
2014/06/09,06,9,0,,,,,
2014/06/09,07,9,0,,,,,
2014/06/09,08,25,0,,,,,
2014/06/09,09,116,2,,,,,
2014/06/09,10,196,11,,,,,
2014/06/09,11,206,11,,,,,
2014/06/09,12,213,10,,,,,
2014/06/09,13,141,12,,,,,
2014/06/09,14,228,11,,,,,
2014/06/09,15,219,11,,,,,
2014/06/09,16,229,20,,,,,
2014/06/09,17,233,20,,,,,
2014/06/09,18,206,18,,,,,
2014/06/09,19,182,9,,,,,
2014/06/09,20,122,9,,,,,
2014/06/09,21,16,1,,,,,
2014/06/09,22,13,0,,,,,
2014/06/09,23,12,0,,,,,
2014/06/09,24,12,0,,,,,
2014/06/10,01,11,0,,,,,
2014/06/10,02,9,0,,,,,
2014/06/10,03,10,0,,,,,
2014/06/10,04,10,0,,,,,
2014/06/10,05,10,0,,,,,
2014/06/10,06,9,0,,,,,
2014/06/10,07,9,0,,,,,
2014/06/10,08,20,0,,,,,
2014/06/10,09,165,4,,,,,
2014/06/10,10,232,22,,,,,
2014/06/10,11,251,22,,,,,
2014/06/10,12,251,9,,,,,
2014/06/10,13,159,9,,,,,
2014/06/10,14,252,9,,,,,
2014/06/10,15,239,9,,,,,
2014/06/10,16,234,9,,,,,
2014/06/10,17,243,18,,,,,
2014/06/10,18,221,9,,,,,
2014/06/10,19,198,9,,,,,
2014/06/10,20,120,1,,,,,
2014/06/10,21,23,0,,,,,
2014/06/10,22,20,0,,,,,
2014/06/10,23,19,0,,,,,
2014/06/10,24,18,0,,,,,
2014/06/11,01,18,0,,,,,
2014/06/11,02,16,0,,,,,
2014/06/11,03,17,0,,,,,
2014/06/11,04,17,0,,,,,
2014/06/11,05,17,0,,,,,
2014/06/11,06,15,0,,,,,
2014/06/11,07,17,0,,,,,
2014/06/11,08,41,0,,,,,
2014/06/11,09,148,3,,,,,
2014/06/11,10,193,15,,,,,
2014/06/11,11,198,16,,,,,
2014/06/11,12,205,18,,,,,
2014/06/11,13,148,10,,,,,
2014/06/11,14,226,9,,,,,
2014/06/11,15,246,9,,,,,
2014/06/11,16,238,9,,,,,
2014/06/11,17,225,9,,,,,
2014/06/11,18,234,14,,,,,
2014/06/11,19,233,10,,,,,
2014/06/11,20,151,11,,,,,
2014/06/11,21,22,0,,,,,
2014/06/11,22,20,0,,,,,
2014/06/11,23,19,0,,,,,
2014/06/11,24,16,0,,,,,
2014/06/12,01,18,0,,,,,
2014/06/12,02,18,0,,,,,
2014/06/12,03,16,0,,,,,
2014/06/12,04,14,0,,,,,
2014/06/12,05,16,0,,,,,
2014/06/12,06,17,0,,,,,
2014/06/12,07,17,0,,,,,
2014/06/12,08,33,0,,,,,
2014/06/12,09,130,3,,,,,
2014/06/12,10,182,18,,,,,
2014/06/12,11,186,22,,,,,
2014/06/12,12,182,19,,,,,
2014/06/12,13,142,13,,,,,
2014/06/12,14,199,9,,,,,
2014/06/12,15,202,9,,,,,
2014/06/12,16,205,9,,,,,
2014/06/12,17,231,9,,,,,
2014/06/12,18,190,9,,,,,
2014/06/12,19,159,1,,,,,
2014/06/12,20,93,0,,,,,
2014/06/12,21,20,0,,,,,
2014/06/12,22,18,0,,,,,
2014/06/12,23,18,0,,,,,
2014/06/12,24,15,0,,,,,
2014/06/13,01,16,0,,,,,
2014/06/13,02,15,0,,,,,
2014/06/13,03,14,0,,,,,
2014/06/13,04,15,0,,,,,
2014/06/13,05,15,0,,,,,
2014/06/13,06,13,0,,,,,
2014/06/13,07,15,0,,,,,
2014/06/13,08,37,0,,,,,
2014/06/13,09,157,1,,,,,
2014/06/13,10,221,12,,,,,
2014/06/13,11,244,13,,,,,
2014/06/13,12,231,9,,,,,
2014/06/13,13,128,9,,,,,
2014/06/13,14,212,11,,,,,
2014/06/13,15,230,10,,,,,
2014/06/13,16,224,9,,,,,
2014/06/13,17,252,11,,,,,
2014/06/13,18,214,9,,,,,
2014/06/13,19,127,11,,,,,
2014/06/13,20,65,1,,,,,
2014/06/13,21,19,0,,,,,
2014/06/13,22,16,0,,,,,
2014/06/13,23,17,0,,,,,
2014/06/13,24,17,0,,,,,
2014/06/14,01,15,0,,,,,
2014/06/14,02,16,0,,,,,
2014/06/14,03,15,0,,,,,
2014/06/14,04,13,0,,,,,
2014/06/14,05,15,0,,,,,
2014/06/14,06,13,0,,,,,
2014/06/14,07,15,0,,,,,
2014/06/14,08,29,0,,,,,
2014/06/14,09,125,0,,,,,
2014/06/14,10,181,9,,,,,
2014/06/14,11,168,11,,,,,
2014/06/14,12,184,10,,,,,
2014/06/14,13,119,9,,,,,
2014/06/14,14,168,11,,,,,
2014/06/14,15,176,10,,,,,
2014/06/14,16,174,9,,,,,
2014/06/14,17,189,9,,,,,
2014/06/14,18,129,7,,,,,
2014/06/14,19,59,0,,,,,
2014/06/14,20,30,0,,,,,
2014/06/14,21,30,0,,,,,
2014/06/14,22,30,0,,,,,
2014/06/14,23,28,0,,,,,
2014/06/14,24,29,0,,,,,
2014/06/15,01,29,0,,,,,
2014/06/15,02,28,0,,,,,
2014/06/15,03,28,0,,,,,
2014/06/15,04,29,0,,,,,
2014/06/15,05,27,0,,,,,
2014/06/15,06,28,0,,,,,
2014/06/15,07,26,0,,,,,
2014/06/15,08,23,0,,,,,
2014/06/15,09,35,0,,,,,
2014/06/15,10,64,0,,,,,
2014/06/15,11,66,0,,,,,
2014/06/15,12,68,0,,,,,
2014/06/15,13,63,0,,,,,
2014/06/15,14,69,0,,,,,
2014/06/15,15,55,0,,,,,
2014/06/15,16,39,0,,,,,
2014/06/15,17,27,0,,,,,
2014/06/15,18,25,0,,,,,
2014/06/15,19,26,0,,,,,
2014/06/15,20,26,0,,,,,
2014/06/15,21,25,0,,,,,
2014/06/15,22,24,0,,,,,
2014/06/15,23,23,0,,,,,
2014/06/15,24,22,0,,,,,
2014/06/16,01,20,0,,,,,
2014/06/16,02,20,0,,,,,
2014/06/16,03,20,0,,,,,
2014/06/16,04,22,0,,,,,
2014/06/16,05,22,0,,,,,
2014/06/16,06,19,0,,,,,
2014/06/16,07,21,0,,,,,
2014/06/16,08,55,0,,,,,
2014/06/16,09,173,3,,,,,
2014/06/16,10,224,11,,,,,
2014/06/16,11,214,11,,,,,
2014/06/16,12,233,5,,,,,
2014/06/16,13,128,6,,,,,
2014/06/16,14,243,8,,,,,
2014/06/16,15,246,12,,,,,
2014/06/16,16,241,10,,,,,
2014/06/16,17,239,9,,,,,
2014/06/16,18,228,9,,,,,
2014/06/16,19,225,9,,,,,
2014/06/16,20,137,9,,,,,
2014/06/16,21,36,2,,,,,
2014/06/16,22,35,0,,,,,
2014/06/16,23,34,0,,,,,
2014/06/16,24,32,0,,,,,
2014/06/17,01,32,0,,,,,
2014/06/17,02,31,0,,,,,
2014/06/17,03,30,0,,,,,
2014/06/17,04,27,0,,,,,
2014/06/17,05,27,0,,,,,
2014/06/17,06,22,0,,,,,
2014/06/17,07,24,0,,,,,
2014/06/17,08,85,0,,,,,
2014/06/17,09,185,2,,,,,
2014/06/17,10,234,11,,,,,
2014/06/17,11,232,11,,,,,
2014/06/17,12,228,9,,,,,
2014/06/17,13,137,9,,,,,
2014/06/17,14,249,9,,,,,
2014/06/17,15,246,9,,,,,
2014/06/17,16,238,9,,,,,
2014/06/17,17,239,9,,,,,
2014/06/17,18,183,9,,,,,
2014/06/17,19,131,9,,,,,
2014/06/17,20,86,8,,,,,
2014/06/17,21,20,0,,,,,
2014/06/17,22,17,0,,,,,
2014/06/17,23,19,0,,,,,
2014/06/17,24,18,0,,,,,
2014/06/18,01,18,0,,,,,
2014/06/18,02,15,0,,,,,
2014/06/18,03,16,0,,,,,
2014/06/18,04,16,0,,,,,
2014/06/18,05,14,0,,,,,
2014/06/18,06,17,0,,,,,
2014/06/18,07,16,0,,,,,
2014/06/18,08,61,0,,,,,
2014/06/18,09,178,2,,,,,
2014/06/18,10,208,9,,,,,
2014/06/18,11,210,11,,,,,
2014/06/18,12,213,10,,,,,
2014/06/18,13,113,11,,,,,
2014/06/18,14,225,10,,,,,
2014/06/18,15,221,9,,,,,
2014/06/18,16,219,9,,,,,
2014/06/18,17,197,9,,,,,
2014/06/18,18,152,10,,,,,
2014/06/18,19,89,11,,,,,
2014/06/18,20,52,0,,,,,
2014/06/18,21,18,0,,,,,
2014/06/18,22,16,0,,,,,
2014/06/18,23,17,0,,,,,
2014/06/18,24,17,0,,,,,
2014/06/19,01,14,0,,,,,
2014/06/19,02,15,0,,,,,
2014/06/19,03,15,0,,,,,
2014/06/19,04,13,0,,,,,
2014/06/19,05,15,0,,,,,
2014/06/19,06,13,0,,,,,
2014/06/19,07,16,0,,,,,
2014/06/19,08,35,0,,,,,
2014/06/19,09,149,2,,,,,
2014/06/19,10,197,9,,,,,
2014/06/19,11,193,11,,,,,
2014/06/19,12,176,10,,,,,
2014/06/19,13,116,9,,,,,
2014/06/19,14,237,10,,,,,
2014/06/19,15,234,12,,,,,
2014/06/19,16,232,11,,,,,
2014/06/19,17,244,9,,,,,
2014/06/19,18,140,9,,,,,
2014/06/19,19,61,0,,,,,
2014/06/19,20,37,0,,,,,
2014/06/19,21,12,0,,,,,
2014/06/19,22,12,0,,,,,
2014/06/19,23,11,0,,,,,
2014/06/19,24,9,0,,,,,
2014/06/20,01,8,0,,,,,
2014/06/20,02,10,0,,,,,
2014/06/20,03,10,0,,,,,
2014/06/20,04,8,0,,,,,
2014/06/20,05,10,0,,,,,
2014/06/20,06,9,0,,,,,
2014/06/20,07,9,0,,,,,
2014/06/20,08,21,0,,,,,
2014/06/20,09,160,3,,,,,
2014/06/20,10,217,11,,,,,
2014/06/20,11,215,11,,,,,
2014/06/20,12,237,10,,,,,
2014/06/20,13,132,12,,,,,
2014/06/20,14,232,11,,,,,
2014/06/20,15,247,10,,,,,
2014/06/20,16,252,12,,,,,
2014/06/20,17,238,10,,,,,
2014/06/20,18,134,10,,,,,
2014/06/20,19,23,0,,,,,
2014/06/20,20,14,0,,,,,
2014/06/20,21,13,0,,,,,
2014/06/20,22,13,0,,,,,
2014/06/20,23,12,0,,,,,
2014/06/20,24,11,0,,,,,
2014/06/21,01,10,0,,,,,
2014/06/21,02,9,0,,,,,
2014/06/21,03,11,0,,,,,
2014/06/21,04,11,0,,,,,
2014/06/21,05,11,0,,,,,
2014/06/21,06,9,0,,,,,
2014/06/21,07,11,0,,,,,
2014/06/21,08,11,0,,,,,
2014/06/21,09,59,0,,,,,
2014/06/21,10,86,0,,,,,
2014/06/21,11,88,0,,,,,
2014/06/21,12,101,8,,,,,
2014/06/21,13,74,11,,,,,
2014/06/21,14,87,10,,,,,
2014/06/21,15,90,9,,,,,
2014/06/21,16,96,9,,,,,
2014/06/21,17,62,7,,,,,
2014/06/21,18,26,0,,,,,
2014/06/21,19,11,0,,,,,
2014/06/21,20,11,0,,,,,
2014/06/21,21,11,0,,,,,
2014/06/21,22,9,0,,,,,
2014/06/21,23,10,0,,,,,
2014/06/21,24,11,0,,,,,
2014/06/22,01,9,0,,,,,
2014/06/22,02,10,0,,,,,
2014/06/22,03,11,0,,,,,
2014/06/22,04,11,0,,,,,
2014/06/22,05,9,0,,,,,
2014/06/22,06,11,0,,,,,
2014/06/22,07,11,0,,,,,
2014/06/22,08,9,0,,,,,
2014/06/22,09,11,0,,,,,
2014/06/22,10,10,0,,,,,
2014/06/22,11,8,0,,,,,
2014/06/22,12,11,0,,,,,
2014/06/22,13,10,0,,,,,
2014/06/22,14,11,0,,,,,
2014/06/22,15,9,0,,,,,
2014/06/22,16,11,0,,,,,
2014/06/22,17,10,0,,,,,
2014/06/22,18,9,0,,,,,
2014/06/22,19,10,0,,,,,
2014/06/22,20,10,0,,,,,
2014/06/22,21,10,0,,,,,
2014/06/22,22,10,0,,,,,
2014/06/22,23,10,0,,,,,
2014/06/22,24,9,0,,,,,
2014/06/23,01,10,0,,,,,
2014/06/23,02,10,0,,,,,
2014/06/23,03,8,0,,,,,
2014/06/23,04,10,0,,,,,
2014/06/23,05,10,0,,,,,
2014/06/23,06,9,0,,,,,
2014/06/23,07,11,0,,,,,
2014/06/23,08,34,0,,,,,
2014/06/23,09,122,0,,,,,
2014/06/23,10,191,0,,,,,
2014/06/23,11,201,10,,,,,
2014/06/23,12,217,11,,,,,
2014/06/23,13,113,10,,,,,
2014/06/23,14,221,9,,,,,
2014/06/23,15,215,9,,,,,
2014/06/23,16,212,9,,,,,
2014/06/23,17,208,9,,,,,
2014/06/23,18,163,8,,,,,
2014/06/23,19,113,0,,,,,
2014/06/23,20,48,0,,,,,
2014/06/23,21,13,0,,,,,
2014/06/23,22,12,0,,,,,
2014/06/23,23,11,0,,,,,
2014/06/23,24,10,0,,,,,
2014/06/24,01,11,0,,,,,
2014/06/24,02,10,0,,,,,
2014/06/24,03,9,0,,,,,
2014/06/24,04,9,0,,,,,
2014/06/24,05,9,0,,,,,
2014/06/24,06,8,0,,,,,
2014/06/24,07,10,0,,,,,
2014/06/24,08,41,0,,,,,
2014/06/24,09,167,3,,,,,
2014/06/24,10,207,11,,,,,
2014/06/24,11,220,11,,,,,
2014/06/24,12,211,9,,,,,
2014/06/24,13,127,9,,,,,
2014/06/24,14,231,10,,,,,
2014/06/24,15,230,11,,,,,
2014/06/24,16,196,11,,,,,
2014/06/24,17,212,12,,,,,
2014/06/24,18,124,10,,,,,
2014/06/24,19,34,0,,,,,
2014/06/24,20,16,0,,,,,
2014/06/24,21,13,0,,,,,
2014/06/24,22,13,0,,,,,
2014/06/24,23,13,0,,,,,
2014/06/24,24,12,0,,,,,
2014/06/25,01,9,0,,,,,
2014/06/25,02,10,0,,,,,
2014/06/25,03,11,0,,,,,
2014/06/25,04,10,0,,,,,
2014/06/25,05,8,0,,,,,
2014/06/25,06,11,0,,,,,
2014/06/25,07,11,0,,,,,
2014/06/25,08,47,0,,,,,
2014/06/25,09,176,3,,,,,
2014/06/25,10,241,11,,,,,
2014/06/25,11,238,11,,,,,
2014/06/25,12,246,11,,,,,
2014/06/25,13,156,12,,,,,
2014/06/25,14,284,9,,,,,
2014/06/25,15,275,7,,,,,
2014/06/25,16,266,9,,,,,
2014/06/25,17,267,7,,,,,
2014/06/25,18,171,8,,,,,
2014/06/25,19,100,0,,,,,
2014/06/25,20,69,0,,,,,
2014/06/25,21,26,0,,,,,
2014/06/25,22,26,0,,,,,
2014/06/25,23,25,0,,,,,
2014/06/25,24,25,0,,,,,
2014/06/26,01,24,0,,,,,
2014/06/26,02,21,0,,,,,
2014/06/26,03,23,0,,,,,
2014/06/26,04,23,0,,,,,
2014/06/26,05,23,0,,,,,
2014/06/26,06,21,0,,,,,
2014/06/26,07,24,0,,,,,
2014/06/26,08,50,0,,,,,
2014/06/26,09,190,5,,,,,
2014/06/26,10,235,12,,,,,
2014/06/26,11,222,11,,,,,
2014/06/26,12,229,12,,,,,
2014/06/26,13,150,11,,,,,
2014/06/26,14,250,11,,,,,
2014/06/26,15,241,12,,,,,
2014/06/26,16,237,11,,,,,
2014/06/26,17,242,12,,,,,
2014/06/26,18,134,9,,,,,
2014/06/26,19,50,0,,,,,
2014/06/26,20,19,0,,,,,
2014/06/26,21,19,0,,,,,
2014/06/26,22,19,0,,,,,
2014/06/26,23,18,0,,,,,
2014/06/26,24,17,0,,,,,
2014/06/27,01,17,0,,,,,
2014/06/27,02,16,0,,,,,
2014/06/27,03,16,0,,,,,
2014/06/27,04,15,0,,,,,
2014/06/27,05,16,0,,,,,
2014/06/27,06,16,0,,,,,
2014/06/27,07,17,0,,,,,
2014/06/27,08,43,0,,,,,
2014/06/27,09,184,4,,,,,
2014/06/27,10,220,11,,,,,
2014/06/27,11,219,11,,,,,
2014/06/27,12,248,9,,,,,
2014/06/27,13,149,9,,,,,
2014/06/27,14,244,9,,,,,
2014/06/27,15,232,9,,,,,
2014/06/27,16,209,9,,,,,
2014/06/27,17,228,9,,,,,
2014/06/27,18,140,8,,,,,
2014/06/27,19,49,0,,,,,
2014/06/27,20,21,0,,,,,
2014/06/27,21,20,0,,,,,
2014/06/27,22,20,0,,,,,
2014/06/27,23,20,0,,,,,
2014/06/27,24,20,0,,,,,
2014/06/28,01,19,0,,,,,
2014/06/28,02,16,0,,,,,
2014/06/28,03,18,0,,,,,
2014/06/28,04,18,0,,,,,
2014/06/28,05,18,0,,,,,
2014/06/28,06,17,0,,,,,
2014/06/28,07,18,0,,,,,
2014/06/28,08,41,0,,,,,
2014/06/28,09,167,3,,,,,
2014/06/28,10,206,11,,,,,
2014/06/28,11,214,11,,,,,
2014/06/28,12,210,9,,,,,
2014/06/28,13,132,9,,,,,
2014/06/28,14,235,10,,,,,
2014/06/28,15,210,9,,,,,
2014/06/28,16,214,11,,,,,
2014/06/28,17,241,21,,,,,
2014/06/28,18,118,18,,,,,
2014/06/28,19,22,0,,,,,
2014/06/28,20,23,0,,,,,
2014/06/28,21,21,0,,,,,
2014/06/28,22,21,0,,,,,
2014/06/28,23,21,0,,,,,
2014/06/28,24,19,0,,,,,
2014/06/29,01,19,0,,,,,
2014/06/29,02,19,0,,,,,
2014/06/29,03,18,0,,,,,
2014/06/29,04,18,0,,,,,
2014/06/29,05,17,0,,,,,
2014/06/29,06,15,0,,,,,
2014/06/29,07,16,0,,,,,
2014/06/29,08,16,0,,,,,
2014/06/29,09,16,0,,,,,
2014/06/29,10,16,0,,,,,
2014/06/29,11,15,0,,,,,
2014/06/29,12,17,0,,,,,
2014/06/29,13,17,0,,,,,
2014/06/29,14,17,0,,,,,
2014/06/29,15,17,0,,,,,
2014/06/29,16,16,0,,,,,
2014/06/29,17,17,0,,,,,
2014/06/29,18,15,0,,,,,
2014/06/29,19,17,0,,,,,
2014/06/29,20,17,0,,,,,
2014/06/29,21,17,0,,,,,
2014/06/29,22,17,0,,,,,
2014/06/29,23,15,0,,,,,
2014/06/29,24,16,0,,,,,
2014/06/30,01,17,0,,,,,
2014/06/30,02,16,0,,,,,
2014/06/30,03,15,0,,,,,
2014/06/30,04,17,0,,,,,
2014/06/30,05,17,0,,,,,
2014/06/30,06,15,0,,,,,
2014/06/30,07,17,0,,,,,
2014/06/30,08,37,0,,,,,
2014/06/30,09,131,4,,,,,
2014/06/30,10,230,18,,,,,
2014/06/30,11,235,22,,,,,
2014/06/30,12,201,18,,,,,
2014/06/30,13,122,9,,,,,
2014/06/30,14,221,10,,,,,
2014/06/30,15,232,11,,,,,
2014/06/30,16,213,11,,,,,
2014/06/30,17,232,12,,,,,
2014/06/30,18,134,11,,,,,
2014/06/30,19,33,0,,,,,
2014/06/30,20,13,0,,,,,
2014/06/30,21,12,0,,,,,
2014/06/30,22,13,0,,,,,
2014/06/30,23,12,0,,,,,
2014/06/30,24,11,0,,,,,
2014/07/01,01,10,0,,,,,
2014/07/01,02,10,0,,,,,
2014/07/01,03,8,0,,,,,
2014/07/01,04,10,0,,,,,
2014/07/01,05,10,0,,,,,
2014/07/01,06,8,0,,,,,
2014/07/01,07,10,0,,,,,
2014/07/01,08,31,0,,,,,
2014/07/01,09,159,2,,,,,
2014/07/01,10,211,12,,,,,
2014/07/01,11,229,10,,,,,
2014/07/01,12,222,11,,,,,
2014/07/01,13,134,12,,,,,
2014/07/01,14,221,11,,,,,
2014/07/01,15,246,12,,,,,
2014/07/01,16,256,9,,,,,
2014/07/01,17,264,10,,,,,
2014/07/01,18,148,7,,,,,
2014/07/01,19,34,0,,,,,
2014/07/01,20,13,0,,,,,
2014/07/01,21,13,0,,,,,
2014/07/01,22,12,0,,,,,
2014/07/01,23,12,0,,,,,
2014/07/01,24,12,0,,,,,
2014/07/02,01,11,0,,,,,
2014/07/02,02,9,0,,,,,
2014/07/02,03,10,0,,,,,
2014/07/02,04,10,0,,,,,
2014/07/02,05,10,0,,,,,
2014/07/02,06,8,0,,,,,
2014/07/02,07,10,0,,,,,
2014/07/02,08,60,0,,,,,
2014/07/02,09,193,3,,,,,
2014/07/02,10,254,12,,,,,
2014/07/02,11,254,11,,,,,
2014/07/02,12,261,8,,,,,
2014/07/02,13,161,9,,,,,
2014/07/02,14,261,11,,,,,
2014/07/02,15,255,11,,,,,
2014/07/02,16,256,9,,,,,
2014/07/02,17,257,9,,,,,
2014/07/02,18,142,7,,,,,
2014/07/02,19,34,0,,,,,
2014/07/02,20,13,0,,,,,
2014/07/02,21,13,0,,,,,
2014/07/02,22,12,0,,,,,
2014/07/02,23,11,0,,,,,
2014/07/02,24,10,0,,,,,
2014/07/03,01,10,0,,,,,
2014/07/03,02,10,0,,,,,
2014/07/03,03,10,0,,,,,
2014/07/03,04,10,0,,,,,
2014/07/03,05,9,0,,,,,
2014/07/03,06,10,0,,,,,
2014/07/03,07,10,0,,,,,
2014/07/03,08,73,0,,,,,
2014/07/03,09,152,0,,,,,
2014/07/03,10,190,0,,,,,
2014/07/03,11,193,4,,,,,
2014/07/03,12,205,11,,,,,
2014/07/03,13,118,10,,,,,
2014/07/03,14,193,11,,,,,
2014/07/03,15,189,11,,,,,
2014/07/03,16,175,9,,,,,
2014/07/03,17,181,9,,,,,
2014/07/03,18,96,8,,,,,
2014/07/03,19,31,0,,,,,
2014/07/03,20,13,0,,,,,
2014/07/03,21,10,0,,,,,
2014/07/03,22,12,0,,,,,
2014/07/03,23,9,0,,,,,
2014/07/03,24,11,0,,,,,
2014/07/04,01,8,0,,,,,
2014/07/04,02,10,0,,,,,
2014/07/04,03,8,0,,,,,
2014/07/04,04,10,0,,,,,
2014/07/04,05,8,0,,,,,
2014/07/04,06,8,0,,,,,
2014/07/04,07,8,0,,,,,
2014/07/04,08,23,0,,,,,
2014/07/04,09,171,6,,,,,
2014/07/04,10,235,20,,,,,
2014/07/04,11,226,22,,,,,
2014/07/04,12,242,21,,,,,
2014/07/04,13,163,22,,,,,
2014/07/04,14,241,23,,,,,
2014/07/04,15,226,15,,,,,
2014/07/04,16,218,11,,,,,
2014/07/04,17,228,11,,,,,
2014/07/04,18,145,9,,,,,
2014/07/04,19,41,0,,,,,
2014/07/04,20,12,0,,,,,
2014/07/04,21,12,0,,,,,
2014/07/04,22,10,0,,,,,
2014/07/04,23,10,0,,,,,
2014/07/04,24,10,0,,,,,
2014/07/05,01,10,0,,,,,
2014/07/05,02,9,0,,,,,
2014/07/05,03,8,0,,,,,
2014/07/05,04,8,0,,,,,
2014/07/05,05,8,0,,,,,
2014/07/05,06,8,0,,,,,
2014/07/05,07,9,0,,,,,
2014/07/05,08,29,0,,,,,
2014/07/05,09,82,0,,,,,
2014/07/05,10,131,9,,,,,
2014/07/05,11,143,11,,,,,
2014/07/05,12,126,10,,,,,
2014/07/05,13,97,5,,,,,
2014/07/05,14,128,2,,,,,
2014/07/05,15,129,2,,,,,
2014/07/05,16,122,3,,,,,
2014/07/05,17,137,13,,,,,
2014/07/05,18,71,7,,,,,
2014/07/05,19,10,0,,,,,
2014/07/05,20,9,0,,,,,
2014/07/05,21,9,0,,,,,
2014/07/05,22,8,0,,,,,
2014/07/05,23,8,0,,,,,
2014/07/05,24,8,0,,,,,
2014/07/06,01,8,0,,,,,
2014/07/06,02,8,0,,,,,
2014/07/06,03,8,0,,,,,
2014/07/06,04,8,0,,,,,
2014/07/06,05,8,0,,,,,
2014/07/06,06,8,0,,,,,
2014/07/06,07,8,0,,,,,
2014/07/06,08,8,0,,,,,
2014/07/06,09,8,0,,,,,
2014/07/06,10,8,0,,,,,
2014/07/06,11,8,0,,,,,
2014/07/06,12,8,0,,,,,
2014/07/06,13,8,0,,,,,
2014/07/06,14,8,0,,,,,
2014/07/06,15,8,0,,,,,
2014/07/06,16,8,0,,,,,
2014/07/06,17,8,0,,,,,
2014/07/06,18,8,0,,,,,
2014/07/06,19,8,0,,,,,
2014/07/06,20,8,0,,,,,
2014/07/06,21,8,0,,,,,
2014/07/06,22,8,0,,,,,
2014/07/06,23,8,0,,,,,
2014/07/06,24,8,0,,,,,
2014/07/07,01,8,0,,,,,
2014/07/07,02,8,0,,,,,
2014/07/07,03,8,0,,,,,
2014/07/07,04,8,0,,,,,
2014/07/07,05,8,0,,,,,
2014/07/07,06,8,0,,,,,
2014/07/07,07,9,0,,,,,
2014/07/07,08,29,0,,,,,
2014/07/07,09,139,1,,,,,
2014/07/07,10,223,2,,,,,
2014/07/07,11,229,12,,,,,
2014/07/07,12,223,12,,,,,
2014/07/07,13,124,3,,,,,
2014/07/07,14,216,5,,,,,
2014/07/07,15,218,7,,,,,
2014/07/07,16,222,3,,,,,
2014/07/07,17,223,3,,,,,
2014/07/07,18,131,3,,,,,
2014/07/07,19,45,0,,,,,
2014/07/07,20,14,0,,,,,
2014/07/07,21,13,0,,,,,
2014/07/07,22,12,0,,,,,
2014/07/07,23,10,0,,,,,
2014/07/07,24,11,0,,,,,
2014/07/08,01,10,0,,,,,
2014/07/08,02,10,0,,,,,
2014/07/08,03,10,0,,,,,
2014/07/08,04,10,0,,,,,
2014/07/08,05,8,0,,,,,
2014/07/08,06,10,0,,,,,
2014/07/08,07,10,0,,,,,
2014/07/08,08,49,0,,,,,
2014/07/08,09,167,1,,,,,
2014/07/08,10,233,3,,,,,
2014/07/08,11,230,4,,,,,
2014/07/08,12,233,8,,,,,
2014/07/08,13,156,9,,,,,
2014/07/08,14,259,11,,,,,
2014/07/08,15,243,12,,,,,
2014/07/08,16,226,10,,,,,
2014/07/08,17,233,10,,,,,
2014/07/08,18,187,10,,,,,
2014/07/08,19,123,6,,,,,
2014/07/08,20,51,1,,,,,
2014/07/08,21,13,0,,,,,
2014/07/08,22,13,0,,,,,
2014/07/08,23,12,0,,,,,
2014/07/08,24,11,0,,,,,
2014/07/09,01,11,0,,,,,
2014/07/09,02,10,0,,,,,
2014/07/09,03,10,0,,,,,
2014/07/09,04,9,0,,,,,
2014/07/09,05,10,0,,,,,
2014/07/09,06,10,0,,,,,
2014/07/09,07,10,0,,,,,
2014/07/09,08,73,0,,,,,
2014/07/09,09,201,7,,,,,
2014/07/09,10,259,10,,,,,
2014/07/09,11,251,8,,,,,
2014/07/09,12,254,10,,,,,
2014/07/09,13,144,8,,,,,
2014/07/09,14,248,10,,,,,
2014/07/09,15,241,10,,,,,
2014/07/09,16,225,11,,,,,
2014/07/09,17,225,11,,,,,
2014/07/09,18,148,10,,,,,
2014/07/09,19,97,0,,,,,
2014/07/09,20,62,0,,,,,
2014/07/09,21,14,0,,,,,
2014/07/09,22,13,0,,,,,
2014/07/09,23,10,0,,,,,
2014/07/09,24,10,0,,,,,
2014/07/10,01,10,0,,,,,
2014/07/10,02,10,0,,,,,
2014/07/10,03,10,0,,,,,
2014/07/10,04,10,0,,,,,
2014/07/10,05,10,0,,,,,
2014/07/10,06,10,0,,,,,
2014/07/10,07,9,0,,,,,
2014/07/10,08,50,0,,,,,
2014/07/10,09,178,3,,,,,
2014/07/10,10,250,12,,,,,
2014/07/10,11,251,11,,,,,
2014/07/10,12,231,10,,,,,
2014/07/10,13,140,12,,,,,
2014/07/10,14,226,11,,,,,
2014/07/10,15,223,10,,,,,
2014/07/10,16,209,10,,,,,
2014/07/10,17,218,11,,,,,
2014/07/10,18,134,10,,,,,
2014/07/10,19,35,0,,,,,
2014/07/10,20,14,0,,,,,
2014/07/10,21,13,0,,,,,
2014/07/10,22,13,0,,,,,
2014/07/10,23,12,0,,,,,
2014/07/10,24,11,0,,,,,
2014/07/11,01,11,0,,,,,
2014/07/11,02,9,0,,,,,
2014/07/11,03,11,0,,,,,
2014/07/11,04,11,0,,,,,
2014/07/11,05,11,0,,,,,
2014/07/11,06,11,0,,,,,
2014/07/11,07,10,0,,,,,
2014/07/11,08,48,0,,,,,
2014/07/11,09,192,3,,,,,
2014/07/11,10,256,11,,,,,
2014/07/11,11,249,10,,,,,
2014/07/11,12,260,10,,,,,
2014/07/11,13,148,11,,,,,
2014/07/11,14,236,11,,,,,
2014/07/11,15,231,11,,,,,
2014/07/11,16,239,10,,,,,
2014/07/11,17,246,11,,,,,
2014/07/11,18,142,9,,,,,
2014/07/11,19,39,0,,,,,
2014/07/11,20,13,0,,,,,
2014/07/11,21,12,0,,,,,
2014/07/11,22,12,0,,,,,
2014/07/11,23,12,0,,,,,
2014/07/11,24,11,0,,,,,
2014/07/12,01,10,0,,,,,
2014/07/12,02,10,0,,,,,
2014/07/12,03,8,0,,,,,
2014/07/12,04,10,0,,,,,
2014/07/12,05,10,0,,,,,
2014/07/12,06,10,0,,,,,
2014/07/12,07,9,0,,,,,
2014/07/12,08,14,0,,,,,
2014/07/12,09,40,0,,,,,
2014/07/12,10,54,0,,,,,
2014/07/12,11,83,0,,,,,
2014/07/12,12,81,0,,,,,
2014/07/12,13,60,0,,,,,
2014/07/12,14,93,8,,,,,
2014/07/12,15,81,10,,,,,
2014/07/12,16,90,10,,,,,
2014/07/12,17,101,11,,,,,
2014/07/12,18,45,8,,,,,
2014/07/12,19,13,0,,,,,
2014/07/12,20,14,0,,,,,
2014/07/12,21,14,0,,,,,
2014/07/12,22,12,0,,,,,
2014/07/12,23,12,0,,,,,
2014/07/12,24,12,0,,,,,
2014/07/13,01,12,0,,,,,
2014/07/13,02,10,0,,,,,
2014/07/13,03,11,0,,,,,
2014/07/13,04,11,0,,,,,
2014/07/13,05,10,0,,,,,
2014/07/13,06,8,0,,,,,
2014/07/13,07,10,0,,,,,
2014/07/13,08,10,0,,,,,
2014/07/13,09,8,0,,,,,
2014/07/13,10,10,0,,,,,
2014/07/13,11,9,0,,,,,
2014/07/13,12,10,0,,,,,
2014/07/13,13,8,0,,,,,
2014/07/13,14,10,0,,,,,
2014/07/13,15,10,0,,,,,
2014/07/13,16,10,0,,,,,
2014/07/13,17,10,0,,,,,
2014/07/13,18,10,0,,,,,
2014/07/13,19,10,0,,,,,
2014/07/13,20,10,0,,,,,
2014/07/13,21,8,0,,,,,
2014/07/13,22,10,0,,,,,
2014/07/13,23,10,0,,,,,
2014/07/13,24,10,0,,,,,
2014/07/14,01,10,0,,,,,
2014/07/14,02,10,0,,,,,
2014/07/14,03,8,0,,,,,
2014/07/14,04,10,0,,,,,
2014/07/14,05,10,0,,,,,
2014/07/14,06,10,0,,,,,
2014/07/14,07,11,0,,,,,
2014/07/14,08,46,0,,,,,
2014/07/14,09,159,5,,,,,
2014/07/14,10,222,12,,,,,
2014/07/14,11,216,11,,,,,
2014/07/14,12,234,12,,,,,
2014/07/14,13,150,11,,,,,
2014/07/14,14,257,17,,,,,
2014/07/14,15,243,16,,,,,
2014/07/14,16,211,10,,,,,
2014/07/14,17,215,12,,,,,
2014/07/14,18,129,10,,,,,
2014/07/14,19,53,0,,,,,
2014/07/14,20,35,0,,,,,
2014/07/14,21,14,0,,,,,
2014/07/14,22,12,0,,,,,
2014/07/14,23,11,0,,,,,
2014/07/14,24,11,0,,,,,
2014/07/15,01,9,0,,,,,
2014/07/15,02,10,0,,,,,
2014/07/15,03,10,0,,,,,
2014/07/15,04,10,0,,,,,
2014/07/15,05,10,0,,,,,
2014/07/15,06,8,0,,,,,
2014/07/15,07,10,0,,,,,
2014/07/15,08,44,0,,,,,
2014/07/15,09,201,5,,,,,
2014/07/15,10,252,19,,,,,
2014/07/15,11,259,22,,,,,
2014/07/15,12,261,15,,,,,
2014/07/15,13,150,12,,,,,
2014/07/15,14,239,10,,,,,
2014/07/15,15,236,9,,,,,
2014/07/15,16,251,9,,,,,
2014/07/15,17,252,8,,,,,
2014/07/15,18,181,9,,,,,
2014/07/15,19,105,0,,,,,
2014/07/15,20,67,0,,,,,
2014/07/15,21,23,0,,,,,
2014/07/15,22,23,0,,,,,
2014/07/15,23,22,0,,,,,
2014/07/15,24,21,0,,,,,
2014/07/16,01,19,0,,,,,
2014/07/16,02,20,0,,,,,
2014/07/16,03,20,0,,,,,
2014/07/16,04,20,0,,,,,
2014/07/16,05,19,0,,,,,
2014/07/16,06,18,0,,,,,
2014/07/16,07,20,0,,,,,
2014/07/16,08,47,0,,,,,
2014/07/16,09,200,3,,,,,
2014/07/16,10,259,10,,,,,
2014/07/16,11,244,8,,,,,
2014/07/16,12,258,8,,,,,
2014/07/16,13,151,9,,,,,
2014/07/16,14,259,10,,,,,
2014/07/16,15,258,8,,,,,
2014/07/16,16,240,10,,,,,
2014/07/16,17,242,9,,,,,
2014/07/16,18,143,8,,,,,
2014/07/16,19,80,0,,,,,
2014/07/16,20,52,0,,,,,
2014/07/16,21,13,0,,,,,
2014/07/16,22,13,0,,,,,
2014/07/16,23,11,0,,,,,
2014/07/16,24,11,0,,,,,
2014/07/17,01,10,0,,,,,
2014/07/17,02,10,0,,,,,
2014/07/17,03,10,0,,,,,
2014/07/17,04,10,0,,,,,
2014/07/17,05,10,0,,,,,
2014/07/17,06,10,0,,,,,
2014/07/17,07,10,0,,,,,
2014/07/17,08,42,0,,,,,
2014/07/17,09,192,3,,,,,
2014/07/17,10,239,10,,,,,
2014/07/17,11,253,10,,,,,
2014/07/17,12,260,7,,,,,
2014/07/17,13,156,10,,,,,
2014/07/17,14,259,8,,,,,
2014/07/17,15,251,9,,,,,
2014/07/17,16,246,10,,,,,
2014/07/17,17,254,17,,,,,
2014/07/17,18,138,9,,,,,
2014/07/17,19,50,0,,,,,
2014/07/17,20,40,0,,,,,
2014/07/17,21,13,0,,,,,
2014/07/17,22,13,0,,,,,
2014/07/17,23,13,0,,,,,
2014/07/17,24,11,0,,,,,
2014/07/18,01,11,0,,,,,
2014/07/18,02,11,0,,,,,
2014/07/18,03,10,0,,,,,
2014/07/18,04,10,0,,,,,
2014/07/18,05,11,0,,,,,
2014/07/18,06,9,0,,,,,
2014/07/18,07,10,0,,,,,
2014/07/18,08,53,0,,,,,
2014/07/18,09,203,5,,,,,
2014/07/18,10,257,9,,,,,
2014/07/18,11,255,10,,,,,
2014/07/18,12,258,13,,,,,
2014/07/18,13,163,17,,,,,
2014/07/18,14,248,21,,,,,
2014/07/18,15,246,21,,,,,
2014/07/18,16,245,20,,,,,
2014/07/18,17,250,21,,,,,
2014/07/18,18,131,9,,,,,
2014/07/18,19,34,0,,,,,
2014/07/18,20,14,0,,,,,
2014/07/18,21,13,0,,,,,
2014/07/18,22,13,0,,,,,
2014/07/18,23,12,0,,,,,
2014/07/18,24,12,0,,,,,
2014/07/19,01,12,0,,,,,
2014/07/19,02,12,0,,,,,
2014/07/19,03,11,0,,,,,
2014/07/19,04,10,0,,,,,
2014/07/19,05,10,0,,,,,
2014/07/19,06,10,0,,,,,
2014/07/19,07,9,0,,,,,
2014/07/19,08,18,0,,,,,
2014/07/19,09,75,0,,,,,
2014/07/19,10,117,0,,,,,
2014/07/19,11,123,0,,,,,
2014/07/19,12,123,0,,,,,
2014/07/19,13,70,0,,,,,
2014/07/19,14,73,0,,,,,
2014/07/19,15,105,0,,,,,
2014/07/19,16,110,0,,,,,
2014/07/19,17,114,0,,,,,
2014/07/19,18,53,0,,,,,
2014/07/19,19,12,0,,,,,
2014/07/19,20,10,0,,,,,
2014/07/19,21,10,0,,,,,
2014/07/19,22,9,0,,,,,
2014/07/19,23,10,0,,,,,
2014/07/19,24,10,0,,,,,
2014/07/20,01,10,0,,,,,
2014/07/20,02,9,0,,,,,
2014/07/20,03,9,0,,,,,
2014/07/20,04,10,0,,,,,
2014/07/20,05,10,0,,,,,
2014/07/20,06,10,0,,,,,
2014/07/20,07,8,0,,,,,
2014/07/20,08,10,0,,,,,
2014/07/20,09,10,0,,,,,
2014/07/20,10,10,0,,,,,
2014/07/20,11,10,0,,,,,
2014/07/20,12,8,0,,,,,
2014/07/20,13,10,0,,,,,
2014/07/20,14,10,0,,,,,
2014/07/20,15,10,0,,,,,
2014/07/20,16,10,0,,,,,
2014/07/20,17,10,0,,,,,
2014/07/20,18,10,0,,,,,
2014/07/20,19,8,0,,,,,
2014/07/20,20,10,0,,,,,
2014/07/20,21,10,0,,,,,
2014/07/20,22,10,0,,,,,
2014/07/20,23,10,0,,,,,
2014/07/20,24,8,0,,,,,
2014/07/21,01,10,0,,,,,
2014/07/21,02,10,0,,,,,
2014/07/21,03,10,0,,,,,
2014/07/21,04,8,0,,,,,
2014/07/21,05,10,0,,,,,
2014/07/21,06,10,0,,,,,
2014/07/21,07,10,0,,,,,
2014/07/21,08,11,0,,,,,
2014/07/21,09,67,0,,,,,
2014/07/21,10,108,0,,,,,
2014/07/21,11,106,0,,,,,
2014/07/21,12,138,0,,,,,
2014/07/21,13,78,0,,,,,
2014/07/21,14,129,0,,,,,
2014/07/21,15,121,0,,,,,
2014/07/21,16,112,0,,,,,
2014/07/21,17,117,0,,,,,
2014/07/21,18,54,0,,,,,
2014/07/21,19,15,0,,,,,
2014/07/21,20,14,0,,,,,
2014/07/21,21,12,0,,,,,
2014/07/21,22,13,0,,,,,
2014/07/21,23,12,0,,,,,
2014/07/21,24,12,0,,,,,
2014/07/22,01,11,0,,,,,
2014/07/22,02,9,0,,,,,
2014/07/22,03,10,0,,,,,
2014/07/22,04,11,0,,,,,
2014/07/22,05,10,0,,,,,
2014/07/22,06,9,0,,,,,
2014/07/22,07,10,0,,,,,
2014/07/22,08,37,0,,,,,
2014/07/22,09,205,5,,,,,
2014/07/22,10,258,19,,,,,
2014/07/22,11,254,21,,,,,
2014/07/22,12,257,21,,,,,
2014/07/22,13,167,21,,,,,
2014/07/22,14,254,21,,,,,
2014/07/22,15,258,21,,,,,
2014/07/22,16,262,18,,,,,
2014/07/22,17,271,15,,,,,
2014/07/22,18,201,14,,,,,
2014/07/22,19,102,10,,,,,
2014/07/22,20,15,1,,,,,
2014/07/22,21,13,0,,,,,
2014/07/22,22,13,0,,,,,
2014/07/22,23,12,0,,,,,
2014/07/22,24,12,0,,,,,
2014/07/23,01,12,0,,,,,
2014/07/23,02,11,0,,,,,
2014/07/23,03,10,0,,,,,
2014/07/23,04,10,0,,,,,
2014/07/23,05,10,0,,,,,
2014/07/23,06,10,0,,,,,
2014/07/23,07,11,0,,,,,
2014/07/23,08,39,0,,,,,
2014/07/23,09,188,4,,,,,
2014/07/23,10,258,21,,,,,
2014/07/23,11,254,15,,,,,
2014/07/23,12,252,18,,,,,
2014/07/23,13,152,21,,,,,
2014/07/23,14,227,22,,,,,
2014/07/23,15,250,19,,,,,
2014/07/23,16,249,17,,,,,
2014/07/23,17,256,15,,,,,
2014/07/23,18,197,17,,,,,
2014/07/23,19,120,10,,,,,
2014/07/23,20,69,1,,,,,
2014/07/23,21,14,0,,,,,
2014/07/23,22,13,0,,,,,
2014/07/23,23,13,0,,,,,
2014/07/23,24,12,0,,,,,
2014/07/24,01,11,0,,,,,
2014/07/24,02,11,0,,,,,
2014/07/24,03,11,0,,,,,
2014/07/24,04,10,0,,,,,
2014/07/24,05,10,0,,,,,
2014/07/24,06,10,0,,,,,
2014/07/24,07,10,0,,,,,
2014/07/24,08,48,0,,,,,
2014/07/24,09,203,4,,,,,
2014/07/24,10,275,14,,,,,
2014/07/24,11,273,15,,,,,
2014/07/24,12,258,12,,,,,
2014/07/24,13,162,9,,,,,
2014/07/24,14,248,10,,,,,
2014/07/24,15,247,9,,,,,
2014/07/24,16,231,8,,,,,
2014/07/24,17,253,9,,,,,
2014/07/24,18,221,9,,,,,
2014/07/24,19,132,10,,,,,
2014/07/24,20,37,1,,,,,
2014/07/24,21,14,0,,,,,
2014/07/24,22,14,0,,,,,
2014/07/24,23,13,0,,,,,
2014/07/24,24,13,0,,,,,
2014/07/25,01,12,0,,,,,
2014/07/25,02,11,0,,,,,
2014/07/25,03,11,0,,,,,
2014/07/25,04,10,0,,,,,
2014/07/25,05,10,0,,,,,
2014/07/25,06,10,0,,,,,
2014/07/25,07,11,0,,,,,
2014/07/25,08,41,0,,,,,
2014/07/25,09,196,4,,,,,
2014/07/25,10,266,17,,,,,
2014/07/25,11,263,10,,,,,
2014/07/25,12,267,7,,,,,
2014/07/25,13,166,8,,,,,
2014/07/25,14,257,9,,,,,
2014/07/25,15,230,9,,,,,
2014/07/25,16,233,9,,,,,
2014/07/25,17,263,9,,,,,
2014/07/25,18,194,7,,,,,
2014/07/25,19,110,0,,,,,
2014/07/25,20,57,0,,,,,
2014/07/25,21,17,0,,,,,
2014/07/25,22,15,0,,,,,
2014/07/25,23,14,0,,,,,
2014/07/25,24,13,0,,,,,
2014/07/26,01,12,0,,,,,
2014/07/26,02,13,0,,,,,
2014/07/26,03,12,0,,,,,
2014/07/26,04,12,0,,,,,
2014/07/26,05,11,0,,,,,
2014/07/26,06,11,0,,,,,
2014/07/26,07,11,0,,,,,
2014/07/26,08,35,0,,,,,
2014/07/26,09,152,5,,,,,
2014/07/26,10,189,10,,,,,
2014/07/26,11,176,9,,,,,
2014/07/26,12,161,9,,,,,
2014/07/26,13,111,9,,,,,
2014/07/26,14,153,9,,,,,
2014/07/26,15,152,9,,,,,
2014/07/26,16,152,10,,,,,
2014/07/26,17,146,10,,,,,
2014/07/26,18,72,7,,,,,
2014/07/26,19,14,0,,,,,
2014/07/26,20,12,0,,,,,
2014/07/26,21,11,0,,,,,
2014/07/26,22,11,0,,,,,
2014/07/26,23,11,0,,,,,
2014/07/26,24,10,0,,,,,
2014/07/27,01,10,0,,,,,
2014/07/27,02,11,0,,,,,
2014/07/27,03,10,0,,,,,
2014/07/27,04,10,0,,,,,
2014/07/27,05,10,0,,,,,
2014/07/27,06,11,0,,,,,
2014/07/27,07,11,0,,,,,
2014/07/27,08,10,0,,,,,
2014/07/27,09,11,0,,,,,
2014/07/27,10,11,0,,,,,
2014/07/27,11,11,0,,,,,
2014/07/27,12,10,0,,,,,
2014/07/27,13,11,0,,,,,
2014/07/27,14,10,0,,,,,
2014/07/27,15,11,0,,,,,
2014/07/27,16,11,0,,,,,
2014/07/27,17,11,0,,,,,
2014/07/27,18,11,0,,,,,
2014/07/27,19,10,0,,,,,
2014/07/27,20,9,0,,,,,
2014/07/27,21,10,0,,,,,
2014/07/27,22,11,0,,,,,
2014/07/27,23,10,0,,,,,
2014/07/27,24,9,0,,,,,
2014/07/28,01,10,0,,,,,
2014/07/28,02,10,0,,,,,
2014/07/28,03,10,0,,,,,
2014/07/28,04,8,0,,,,,
2014/07/28,05,10,0,,,,,
2014/07/28,06,10,0,,,,,
2014/07/28,07,8,0,,,,,
2014/07/28,08,46,0,,,,,
2014/07/28,09,184,3,,,,,
2014/07/28,10,252,12,,,,,
2014/07/28,11,249,11,,,,,
2014/07/28,12,252,11,,,,,
2014/07/28,13,161,12,,,,,
2014/07/28,14,222,11,,,,,
2014/07/28,15,202,11,,,,,
2014/07/28,16,200,10,,,,,
2014/07/28,17,206,11,,,,,
2014/07/28,18,179,10,,,,,
2014/07/28,19,128,0,,,,,
2014/07/28,20,57,0,,,,,
2014/07/28,21,14,0,,,,,
2014/07/28,22,13,0,,,,,
2014/07/28,23,13,0,,,,,
2014/07/28,24,12,0,,,,,
2014/07/29,01,12,0,,,,,
2014/07/29,02,9,0,,,,,
2014/07/29,03,10,0,,,,,
2014/07/29,04,10,0,,,,,
2014/07/29,05,10,0,,,,,
2014/07/29,06,8,0,,,,,
2014/07/29,07,10,0,,,,,
2014/07/29,08,23,0,,,,,
2014/07/29,09,182,3,,,,,
2014/07/29,10,246,12,,,,,
2014/07/29,11,246,11,,,,,
2014/07/29,12,241,10,,,,,
2014/07/29,13,150,10,,,,,
2014/07/29,14,245,10,,,,,
2014/07/29,15,236,10,,,,,
2014/07/29,16,238,9,,,,,
2014/07/29,17,233,9,,,,,
2014/07/29,18,166,9,,,,,
2014/07/29,19,64,0,,,,,
2014/07/29,20,14,0,,,,,
2014/07/29,21,13,0,,,,,
2014/07/29,22,13,0,,,,,
2014/07/29,23,12,0,,,,,
2014/07/29,24,12,0,,,,,
2014/07/30,01,11,0,,,,,
2014/07/30,02,10,0,,,,,
2014/07/30,03,10,0,,,,,
2014/07/30,04,10,0,,,,,
2014/07/30,05,9,0,,,,,
2014/07/30,06,10,0,,,,,
2014/07/30,07,11,0,,,,,
2014/07/30,08,45,0,,,,,
2014/07/30,09,198,5,,,,,
2014/07/30,10,232,10,,,,,
2014/07/30,11,246,10,,,,,
2014/07/30,12,234,10,,,,,
2014/07/30,13,153,10,,,,,
2014/07/30,14,220,10,,,,,
2014/07/30,15,222,9,,,,,
2014/07/30,16,232,9,,,,,
2014/07/30,17,232,10,,,,,
2014/07/30,18,198,10,,,,,
2014/07/30,19,164,10,,,,,
2014/07/30,20,80,10,,,,,
2014/07/30,21,18,1,,,,,
2014/07/30,22,13,0,,,,,
2014/07/30,23,12,0,,,,,
2014/07/30,24,12,0,,,,,
2014/07/31,01,11,0,,,,,
2014/07/31,02,11,0,,,,,
2014/07/31,03,11,0,,,,,
2014/07/31,04,11,0,,,,,
2014/07/31,05,10,0,,,,,
2014/07/31,06,11,0,,,,,
2014/07/31,07,11,0,,,,,
2014/07/31,08,47,0,,,,,
2014/07/31,09,203,4,,,,,
2014/07/31,10,253,19,,,,,
2014/07/31,11,247,20,,,,,
2014/07/31,12,248,21,,,,,
2014/07/31,13,164,20,,,,,
2014/07/31,14,259,16,,,,,
2014/07/31,15,263,15,,,,,
2014/07/31,16,270,16,,,,,
2014/07/31,17,263,11,,,,,
2014/07/31,18,188,9,,,,,
2014/07/31,19,115,6,,,,,
2014/07/31,20,60,10,,,,,
2014/07/31,21,14,1,,,,,
2014/07/31,22,13,0,,,,,
2014/07/31,23,13,0,,,,,
2014/07/31,24,13,0,,,,,
2014/08/01,01,13,0,,,,,
2014/08/01,02,13,0,,,,,
2014/08/01,03,12,0,,,,,
2014/08/01,04,11,0,,,,,
2014/08/01,05,11,0,,,,,
2014/08/01,06,11,0,,,,,
2014/08/01,07,10,0,,,,,
2014/08/01,08,74,0,,,,,
2014/08/01,09,204,6,,,,,
2014/08/01,10,267,18,,,,,
2014/08/01,11,268,15,,,,,
2014/08/01,12,266,14,,,,,
2014/08/01,13,172,17,,,,,
2014/08/01,14,257,19,,,,,
2014/08/01,15,264,16,,,,,
2014/08/01,16,264,17,,,,,
2014/08/01,17,257,9,,,,,
2014/08/01,18,159,8,,,,,
2014/08/01,19,65,0,,,,,
2014/08/01,20,52,0,,,,,
2014/08/01,21,14,0,,,,,
2014/08/01,22,13,0,,,,,
2014/08/01,23,13,0,,,,,
2014/08/01,24,12,0,,,,,
2014/08/02,01,11,0,,,,,
2014/08/02,02,11,0,,,,,
2014/08/02,03,11,0,,,,,
2014/08/02,04,11,0,,,,,
2014/08/02,05,10,0,,,,,
2014/08/02,06,10,0,,,,,
2014/08/02,07,12,0,,,,,
2014/08/02,08,61,0,,,,,
2014/08/02,09,198,0,,,,,
2014/08/02,10,242,0,,,,,
2014/08/02,11,240,0,,,,,
2014/08/02,12,244,0,,,,,
2014/08/02,13,147,6,,,,,
2014/08/02,14,249,11,,,,,
2014/08/02,15,242,10,,,,,
2014/08/02,16,228,9,,,,,
2014/08/02,17,246,9,,,,,
2014/08/02,18,131,8,,,,,
2014/08/02,19,33,0,,,,,
2014/08/02,20,12,0,,,,,
2014/08/02,21,12,0,,,,,
2014/08/02,22,12,0,,,,,
2014/08/02,23,11,0,,,,,
2014/08/02,24,11,0,,,,,
2014/08/03,01,11,0,,,,,
2014/08/03,02,10,0,,,,,
2014/08/03,03,10,0,,,,,
2014/08/03,04,8,0,,,,,
2014/08/03,05,10,0,,,,,
2014/08/03,06,10,0,,,,,
2014/08/03,07,10,0,,,,,
2014/08/03,08,10,0,,,,,
2014/08/03,09,8,0,,,,,
2014/08/03,10,10,0,,,,,
2014/08/03,11,10,0,,,,,
2014/08/03,12,10,0,,,,,
2014/08/03,13,10,0,,,,,
2014/08/03,14,11,0,,,,,
2014/08/03,15,10,0,,,,,
2014/08/03,16,8,0,,,,,
2014/08/03,17,10,0,,,,,
2014/08/03,18,10,0,,,,,
2014/08/03,19,10,0,,,,,
2014/08/03,20,10,0,,,,,
2014/08/03,21,10,0,,,,,
2014/08/03,22,11,0,,,,,
2014/08/03,23,8,0,,,,,
2014/08/03,24,10,0,,,,,
2014/08/04,01,10,0,,,,,
2014/08/04,02,10,0,,,,,
2014/08/04,03,10,0,,,,,
2014/08/04,04,9,0,,,,,
2014/08/04,05,9,0,,,,,
2014/08/04,06,10,0,,,,,
2014/08/04,07,10,0,,,,,
2014/08/04,08,33,0,,,,,
2014/08/04,09,152,4,,,,,
2014/08/04,10,219,15,,,,,
2014/08/04,11,229,22,,,,,
2014/08/04,12,219,20,,,,,
2014/08/04,13,141,21,,,,,
2014/08/04,14,213,21,,,,,
2014/08/04,15,225,20,,,,,
2014/08/04,16,241,23,,,,,
2014/08/04,17,240,22,,,,,
2014/08/04,18,205,18,,,,,
2014/08/04,19,168,10,,,,,
2014/08/04,20,90,10,,,,,
2014/08/04,21,12,0,,,,,
2014/08/04,22,12,0,,,,,
2014/08/04,23,11,0,,,,,
2014/08/04,24,11,0,,,,,
2014/08/05,01,11,0,,,,,
2014/08/05,02,10,0,,,,,
2014/08/05,03,8,0,,,,,
2014/08/05,04,10,0,,,,,
2014/08/05,05,10,0,,,,,
2014/08/05,06,10,0,,,,,
2014/08/05,07,10,0,,,,,
2014/08/05,08,44,0,,,,,
2014/08/05,09,210,4,,,,,
2014/08/05,10,267,15,,,,,
2014/08/05,11,274,15,,,,,
2014/08/05,12,268,15,,,,,
2014/08/05,13,173,18,,,,,
2014/08/05,14,269,17,,,,,
2014/08/05,15,266,15,,,,,
2014/08/05,16,268,15,,,,,
2014/08/05,17,274,14,,,,,
2014/08/05,18,209,14,,,,,
2014/08/05,19,147,12,,,,,
2014/08/05,20,72,10,,,,,
2014/08/05,21,17,0,,,,,
2014/08/05,22,16,0,,,,,
2014/08/05,23,15,0,,,,,
2014/08/05,24,15,0,,,,,
2014/08/06,01,14,0,,,,,
2014/08/06,02,13,0,,,,,
2014/08/06,03,13,0,,,,,
2014/08/06,04,13,0,,,,,
2014/08/06,05,10,0,,,,,
2014/08/06,06,11,0,,,,,
2014/08/06,07,11,0,,,,,
2014/08/06,08,50,0,,,,,
2014/08/06,09,207,5,,,,,
2014/08/06,10,256,19,,,,,
2014/08/06,11,242,19,,,,,
2014/08/06,12,254,20,,,,,
2014/08/06,13,162,18,,,,,
2014/08/06,14,260,21,,,,,
2014/08/06,15,269,15,,,,,
2014/08/06,16,262,18,,,,,
2014/08/06,17,267,15,,,,,
2014/08/06,18,223,12,,,,,
2014/08/06,19,137,0,,,,,
2014/08/06,20,65,0,,,,,
2014/08/06,21,14,0,,,,,
2014/08/06,22,13,0,,,,,
2014/08/06,23,13,0,,,,,
2014/08/06,24,12,0,,,,,
2014/08/07,01,11,0,,,,,
2014/08/07,02,11,0,,,,,
2014/08/07,03,11,0,,,,,
2014/08/07,04,10,0,,,,,
2014/08/07,05,10,0,,,,,
2014/08/07,06,10,0,,,,,
2014/08/07,07,10,0,,,,,
2014/08/07,08,85,0,,,,,
2014/08/07,09,217,4,,,,,
2014/08/07,10,272,19,,,,,
2014/08/07,11,265,15,,,,,
2014/08/07,12,261,14,,,,,
2014/08/07,13,169,19,,,,,
2014/08/07,14,261,18,,,,,
2014/08/07,15,233,13,,,,,
2014/08/07,16,226,11,,,,,
2014/08/07,17,233,11,,,,,
2014/08/07,18,213,10,,,,,
2014/08/07,19,141,0,,,,,
2014/08/07,20,65,0,,,,,
2014/08/07,21,15,0,,,,,
2014/08/07,22,14,0,,,,,
2014/08/07,23,14,0,,,,,
2014/08/07,24,13,0,,,,,
2014/08/08,01,13,0,,,,,
2014/08/08,02,12,0,,,,,
2014/08/08,03,12,0,,,,,
2014/08/08,04,11,0,,,,,
2014/08/08,05,11,0,,,,,
2014/08/08,06,11,0,,,,,
2014/08/08,07,10,0,,,,,
2014/08/08,08,55,0,,,,,
2014/08/08,09,191,3,,,,,
2014/08/08,10,262,12,,,,,
2014/08/08,11,250,9,,,,,
2014/08/08,12,243,10,,,,,
2014/08/08,13,152,11,,,,,
2014/08/08,14,241,11,,,,,
2014/08/08,15,244,11,,,,,
2014/08/08,16,242,11,,,,,
2014/08/08,17,253,12,,,,,
2014/08/08,18,164,10,,,,,
2014/08/08,19,62,0,,,,,
2014/08/08,20,14,0,,,,,
2014/08/08,21,13,0,,,,,
2014/08/08,22,12,0,,,,,
2014/08/08,23,12,0,,,,,
2014/08/08,24,11,0,,,,,
2014/08/09,01,8,0,,,,,
2014/08/09,02,10,0,,,,,
2014/08/09,03,10,0,,,,,
2014/08/09,04,10,0,,,,,
2014/08/09,05,8,0,,,,,
2014/08/09,06,10,0,,,,,
2014/08/09,07,10,0,,,,,
2014/08/09,08,42,0,,,,,
2014/08/09,09,174,3,,,,,
2014/08/09,10,214,10,,,,,
2014/08/09,11,214,10,,,,,
2014/08/09,12,209,8,,,,,
2014/08/09,13,84,4,,,,,
2014/08/09,14,17,0,,,,,
2014/08/09,15,16,0,,,,,
2014/08/09,16,16,0,,,,,
2014/08/09,17,17,0,,,,,
2014/08/09,18,16,0,,,,,
2014/08/09,19,15,0,,,,,
2014/08/09,20,16,0,,,,,
2014/08/09,21,17,0,,,,,
2014/08/09,22,17,0,,,,,
2014/08/09,23,17,0,,,,,
2014/08/09,24,15,0,,,,,
2014/08/10,01,16,0,,,,,
2014/08/10,02,16,0,,,,,
2014/08/10,03,16,0,,,,,
2014/08/10,04,16,0,,,,,
2014/08/10,05,14,0,,,,,
2014/08/10,06,17,0,,,,,
2014/08/10,07,16,0,,,,,
2014/08/10,08,16,0,,,,,
2014/08/10,09,17,0,,,,,
2014/08/10,10,14,0,,,,,
2014/08/10,11,16,0,,,,,
2014/08/10,12,16,0,,,,,
2014/08/10,13,17,0,,,,,
2014/08/10,14,17,0,,,,,
2014/08/10,15,15,0,,,,,
2014/08/10,16,17,0,,,,,
2014/08/10,17,16,0,,,,,
2014/08/10,18,16,0,,,,,
2014/08/10,19,17,0,,,,,
2014/08/10,20,16,0,,,,,
2014/08/10,21,15,0,,,,,
2014/08/10,22,17,0,,,,,
2014/08/10,23,17,0,,,,,
2014/08/10,24,16,0,,,,,
2014/08/11,01,15,0,,,,,
2014/08/11,02,17,0,,,,,
2014/08/11,03,16,0,,,,,
2014/08/11,04,17,0,,,,,
2014/08/11,05,14,0,,,,,
2014/08/11,06,16,0,,,,,
2014/08/11,07,17,0,,,,,
2014/08/11,08,49,0,,,,,
2014/08/11,09,170,3,,,,,
2014/08/11,10,204,11,,,,,
2014/08/11,11,241,11,,,,,
2014/08/11,12,260,9,,,,,
2014/08/11,13,156,9,,,,,
2014/08/11,14,257,9,,,,,
2014/08/11,15,254,7,,,,,
2014/08/11,16,249,12,,,,,
2014/08/11,17,253,10,,,,,
2014/08/11,18,226,12,,,,,
2014/08/11,19,178,11,,,,,
2014/08/11,20,89,1,,,,,
2014/08/11,21,22,0,,,,,
2014/08/11,22,19,0,,,,,
2014/08/11,23,19,0,,,,,
2014/08/11,24,18,0,,,,,
2014/08/12,01,18,0,,,,,
2014/08/12,02,16,0,,,,,
2014/08/12,03,17,0,,,,,
2014/08/12,04,17,0,,,,,
2014/08/12,05,17,0,,,,,
2014/08/12,06,17,0,,,,,
2014/08/12,07,16,0,,,,,
2014/08/12,08,93,0,,,,,
2014/08/12,09,200,4,,,,,
2014/08/12,10,236,11,,,,,
2014/08/12,11,241,10,,,,,
2014/08/12,12,230,9,,,,,
2014/08/12,13,151,9,,,,,
2014/08/12,14,242,9,,,,,
2014/08/12,15,246,9,,,,,
2014/08/12,16,239,9,,,,,
2014/08/12,17,238,9,,,,,
2014/08/12,18,125,7,,,,,
2014/08/12,19,23,0,,,,,
2014/08/12,20,18,0,,,,,
2014/08/12,21,18,0,,,,,
2014/08/12,22,18,0,,,,,
2014/08/12,23,17,0,,,,,
2014/08/12,24,17,0,,,,,
2014/08/13,01,15,0,,,,,
2014/08/13,02,17,0,,,,,
2014/08/13,03,17,0,,,,,
2014/08/13,04,16,0,,,,,
2014/08/13,05,16,0,,,,,
2014/08/13,06,15,0,,,,,
2014/08/13,07,16,0,,,,,
2014/08/13,08,28,0,,,,,
2014/08/13,09,95,0,,,,,
2014/08/13,10,120,0,,,,,
2014/08/13,11,124,0,,,,,
2014/08/13,12,118,0,,,,,
2014/08/13,13,94,0,,,,,
2014/08/13,14,155,0,,,,,
2014/08/13,15,162,0,,,,,
2014/08/13,16,162,0,,,,,
2014/08/13,17,165,0,,,,,
2014/08/13,18,66,0,,,,,
2014/08/13,19,12,0,,,,,
2014/08/13,20,12,0,,,,,
2014/08/13,21,12,0,,,,,
2014/08/13,22,11,0,,,,,
2014/08/13,23,11,0,,,,,
2014/08/13,24,11,0,,,,,
2014/08/14,01,11,0,,,,,
2014/08/14,02,10,0,,,,,
2014/08/14,03,8,0,,,,,
2014/08/14,04,10,0,,,,,
2014/08/14,05,10,0,,,,,
2014/08/14,06,10,0,,,,,
2014/08/14,07,11,0,,,,,
2014/08/14,08,31,0,,,,,
2014/08/14,09,85,0,,,,,
2014/08/14,10,98,0,,,,,
2014/08/14,11,111,0,,,,,
2014/08/14,12,138,0,,,,,
2014/08/14,13,86,0,,,,,
2014/08/14,14,132,0,,,,,
2014/08/14,15,119,0,,,,,
2014/08/14,16,124,0,,,,,
2014/08/14,17,129,0,,,,,
2014/08/14,18,58,0,,,,,
2014/08/14,19,10,0,,,,,
2014/08/14,20,10,0,,,,,
2014/08/14,21,11,0,,,,,
2014/08/14,22,11,0,,,,,
2014/08/14,23,9,0,,,,,
2014/08/14,24,11,0,,,,,
2014/08/15,01,10,0,,,,,
2014/08/15,02,10,0,,,,,
2014/08/15,03,10,0,,,,,
2014/08/15,04,10,0,,,,,
2014/08/15,05,10,0,,,,,
2014/08/15,06,10,0,,,,,
2014/08/15,07,8,0,,,,,
2014/08/15,08,43,0,,,,,
2014/08/15,09,75,0,,,,,
2014/08/15,10,87,0,,,,,
2014/08/15,11,121,0,,,,,
2014/08/15,12,143,0,,,,,
2014/08/15,13,80,0,,,,,
2014/08/15,14,127,0,,,,,
2014/08/15,15,130,0,,,,,
2014/08/15,16,131,0,,,,,
2014/08/15,17,85,0,,,,,
2014/08/15,18,30,0,,,,,
2014/08/15,19,10,0,,,,,
2014/08/15,20,10,0,,,,,
2014/08/15,21,9,0,,,,,
2014/08/15,22,11,0,,,,,
2014/08/15,23,10,0,,,,,
2014/08/15,24,10,0,,,,,
2014/08/16,01,10,0,,,,,
2014/08/16,02,11,0,,,,,
2014/08/16,03,10,0,,,,,
2014/08/16,04,11,0,,,,,
2014/08/16,05,10,0,,,,,
2014/08/16,06,8,0,,,,,
2014/08/16,07,10,0,,,,,
2014/08/16,08,18,0,,,,,
2014/08/16,09,66,0,,,,,
2014/08/16,10,65,0,,,,,
2014/08/16,11,63,0,,,,,
2014/08/16,12,61,0,,,,,
2014/08/16,13,21,0,,,,,
2014/08/16,14,14,0,,,,,
2014/08/16,15,14,0,,,,,
2014/08/16,16,13,0,,,,,
2014/08/16,17,12,0,,,,,
2014/08/16,18,11,0,,,,,
2014/08/16,19,12,0,,,,,
2014/08/16,20,12,0,,,,,
2014/08/16,21,11,0,,,,,
2014/08/16,22,12,0,,,,,
2014/08/16,23,10,0,,,,,
2014/08/16,24,10,0,,,,,
2014/08/17,01,10,0,,,,,
2014/08/17,02,9,0,,,,,
2014/08/17,03,10,0,,,,,
2014/08/17,04,10,0,,,,,
2014/08/17,05,10,0,,,,,
2014/08/17,06,10,0,,,,,
2014/08/17,07,10,0,,,,,
2014/08/17,08,10,0,,,,,
2014/08/17,09,10,0,,,,,
2014/08/17,10,8,0,,,,,
2014/08/17,11,10,0,,,,,
2014/08/17,12,11,0,,,,,
2014/08/17,13,10,0,,,,,
2014/08/17,14,10,0,,,,,
2014/08/17,15,10,0,,,,,
2014/08/17,16,11,0,,,,,
2014/08/17,17,11,0,,,,,
2014/08/17,18,10,0,,,,,
2014/08/17,19,10,0,,,,,
2014/08/17,20,10,0,,,,,
2014/08/17,21,11,0,,,,,
2014/08/17,22,10,0,,,,,
2014/08/17,23,10,0,,,,,
2014/08/17,24,9,0,,,,,
2014/08/18,01,10,0,,,,,
2014/08/18,02,10,0,,,,,
2014/08/18,03,10,0,,,,,
2014/08/18,04,9,0,,,,,
2014/08/18,05,9,0,,,,,
2014/08/18,06,10,0,,,,,
2014/08/18,07,10,0,,,,,
2014/08/18,08,50,0,,,,,
2014/08/18,09,187,4,,,,,
2014/08/18,10,245,12,,,,,
2014/08/18,11,253,11,,,,,
2014/08/18,12,260,11,,,,,
2014/08/18,13,167,9,,,,,
2014/08/18,14,260,10,,,,,
2014/08/18,15,256,10,,,,,
2014/08/18,16,247,10,,,,,
2014/08/18,17,263,9,,,,,
2014/08/18,18,209,10,,,,,
2014/08/18,19,141,12,,,,,
2014/08/18,20,64,1,,,,,
2014/08/18,21,14,0,,,,,
2014/08/18,22,13,0,,,,,
2014/08/18,23,12,0,,,,,
2014/08/18,24,12,0,,,,,
2014/08/19,01,11,0,,,,,
2014/08/19,02,10,0,,,,,
2014/08/19,03,11,0,,,,,
2014/08/19,04,9,0,,,,,
2014/08/19,05,10,0,,,,,
2014/08/19,06,10,0,,,,,
2014/08/19,07,11,0,,,,,
2014/08/19,08,42,0,,,,,
2014/08/19,09,211,4,,,,,
2014/08/19,10,264,10,,,,,
2014/08/19,11,267,10,,,,,
2014/08/19,12,253,9,,,,,
2014/08/19,13,155,10,,,,,
2014/08/19,14,253,10,,,,,
2014/08/19,15,266,8,,,,,
2014/08/19,16,259,8,,,,,
2014/08/19,17,262,7,,,,,
2014/08/19,18,231,7,,,,,
2014/08/19,19,179,10,,,,,
2014/08/19,20,98,12,,,,,
2014/08/19,21,16,1,,,,,
2014/08/19,22,15,0,,,,,
2014/08/19,23,14,0,,,,,
2014/08/19,24,13,0,,,,,
2014/08/20,01,12,0,,,,,
2014/08/20,02,12,0,,,,,
2014/08/20,03,12,0,,,,,
2014/08/20,04,11,0,,,,,
2014/08/20,05,11,0,,,,,
2014/08/20,06,11,0,,,,,
2014/08/20,07,12,0,,,,,
2014/08/20,08,59,0,,,,,
2014/08/20,09,217,3,,,,,
2014/08/20,10,278,14,,,,,
2014/08/20,11,270,15,,,,,
2014/08/20,12,274,15,,,,,
2014/08/20,13,175,17,,,,,
2014/08/20,14,270,17,,,,,
2014/08/20,15,258,14,,,,,
2014/08/20,16,245,10,,,,,
2014/08/20,17,272,8,,,,,
2014/08/20,18,258,7,,,,,
2014/08/20,19,208,11,,,,,
2014/08/20,20,73,1,,,,,
2014/08/20,21,14,0,,,,,
2014/08/20,22,13,0,,,,,
2014/08/20,23,13,0,,,,,
2014/08/20,24,12,0,,,,,
2014/08/21,01,12,0,,,,,
2014/08/21,02,12,0,,,,,
2014/08/21,03,10,0,,,,,
2014/08/21,04,10,0,,,,,
2014/08/21,05,10,0,,,,,
2014/08/21,06,9,0,,,,,
2014/08/21,07,10,0,,,,,
2014/08/21,08,42,0,,,,,
2014/08/21,09,208,5,,,,,
2014/08/21,10,259,23,,,,,
2014/08/21,11,253,22,,,,,
2014/08/21,12,255,20,,,,,
2014/08/21,13,172,18,,,,,
2014/08/21,14,256,18,,,,,
2014/08/21,15,259,21,,,,,
2014/08/21,16,252,22,,,,,
2014/08/21,17,249,17,,,,,
2014/08/21,18,207,23,,,,,
2014/08/21,19,162,23,,,,,
2014/08/21,20,78,10,,,,,
2014/08/21,21,15,0,,,,,
2014/08/21,22,14,0,,,,,
2014/08/21,23,13,0,,,,,
2014/08/21,24,12,0,,,,,
2014/08/22,01,11,0,,,,,
2014/08/22,02,11,0,,,,,
2014/08/22,03,9,0,,,,,
2014/08/22,04,10,0,,,,,
2014/08/22,05,10,0,,,,,
2014/08/22,06,10,0,,,,,
2014/08/22,07,10,0,,,,,
2014/08/22,08,68,0,,,,,
2014/08/22,09,205,4,,,,,
2014/08/22,10,255,20,,,,,
2014/08/22,11,258,17,,,,,
2014/08/22,12,263,18,,,,,
2014/08/22,13,175,19,,,,,
2014/08/22,14,268,19,,,,,
2014/08/22,15,272,15,,,,,
2014/08/22,16,260,18,,,,,
2014/08/22,17,258,15,,,,,
2014/08/22,18,157,18,,,,,
2014/08/22,19,50,0,,,,,
2014/08/22,20,15,0,,,,,
2014/08/22,21,14,0,,,,,
2014/08/22,22,14,0,,,,,
2014/08/22,23,13,0,,,,,
2014/08/22,24,13,0,,,,,
2014/08/23,01,11,0,,,,,
2014/08/23,02,10,0,,,,,
2014/08/23,03,11,0,,,,,
2014/08/23,04,12,0,,,,,
2014/08/23,05,11,0,,,,,
2014/08/23,06,12,0,,,,,
2014/08/23,07,12,0,,,,,
2014/08/23,08,92,0,,,,,
2014/08/23,09,188,4,,,,,
2014/08/23,10,232,12,,,,,
2014/08/23,11,244,22,,,,,
2014/08/23,12,250,17,,,,,
2014/08/23,13,163,23,,,,,
2014/08/23,14,247,22,,,,,
2014/08/23,15,249,19,,,,,
2014/08/23,16,237,21,,,,,
2014/08/23,17,241,21,,,,,
2014/08/23,18,131,21,,,,,
2014/08/23,19,13,0,,,,,
2014/08/23,20,13,0,,,,,
2014/08/23,21,12,0,,,,,
2014/08/23,22,12,0,,,,,
2014/08/23,23,11,0,,,,,
2014/08/23,24,11,0,,,,,
2014/08/24,01,10,0,,,,,
2014/08/24,02,10,0,,,,,
2014/08/24,03,10,0,,,,,
2014/08/24,04,10,0,,,,,
2014/08/24,05,10,0,,,,,
2014/08/24,06,8,0,,,,,
2014/08/24,07,10,0,,,,,
2014/08/24,08,10,0,,,,,
2014/08/24,09,10,0,,,,,
2014/08/24,10,10,0,,,,,
2014/08/24,11,10,0,,,,,
2014/08/24,12,9,0,,,,,
2014/08/24,13,10,0,,,,,
2014/08/24,14,10,0,,,,,
2014/08/24,15,10,0,,,,,
2014/08/24,16,10,0,,,,,
2014/08/24,17,10,0,,,,,
2014/08/24,18,10,0,,,,,
2014/08/24,19,9,0,,,,,
2014/08/24,20,9,0,,,,,
2014/08/24,21,10,0,,,,,
2014/08/24,22,10,0,,,,,
2014/08/24,23,10,0,,,,,
2014/08/24,24,8,0,,,,,
2014/08/25,01,10,0,,,,,
2014/08/25,02,10,0,,,,,
2014/08/25,03,10,0,,,,,
2014/08/25,04,8,0,,,,,
2014/08/25,05,10,0,,,,,
2014/08/25,06,10,0,,,,,
2014/08/25,07,10,0,,,,,
2014/08/25,08,59,0,,,,,
2014/08/25,09,205,6,,,,,
2014/08/25,10,273,19,,,,,
2014/08/25,11,276,15,,,,,
2014/08/25,12,258,15,,,,,
2014/08/25,13,181,19,,,,,
2014/08/25,14,271,19,,,,,
2014/08/25,15,281,14,,,,,
2014/08/25,16,276,15,,,,,
2014/08/25,17,272,14,,,,,
2014/08/25,18,271,15,,,,,
2014/08/25,19,248,19,,,,,
2014/08/25,20,118,12,,,,,
2014/08/25,21,21,0,,,,,
2014/08/25,22,20,0,,,,,
2014/08/25,23,19,0,,,,,
2014/08/25,24,19,0,,,,,
2014/08/26,01,18,0,,,,,
2014/08/26,02,19,0,,,,,
2014/08/26,03,18,0,,,,,
2014/08/26,04,17,0,,,,,
2014/08/26,05,17,0,,,,,
2014/08/26,06,17,0,,,,,
2014/08/26,07,15,0,,,,,
2014/08/26,08,75,0,,,,,
2014/08/26,09,214,7,,,,,
2014/08/26,10,269,19,,,,,
2014/08/26,11,267,15,,,,,
2014/08/26,12,265,15,,,,,
2014/08/26,13,179,19,,,,,
2014/08/26,14,278,19,,,,,
2014/08/26,15,279,15,,,,,
2014/08/26,16,279,15,,,,,
2014/08/26,17,280,14,,,,,
2014/08/26,18,269,15,,,,,
2014/08/26,19,244,19,,,,,
2014/08/26,20,115,2,,,,,
2014/08/26,21,31,0,,,,,
2014/08/26,22,20,0,,,,,
2014/08/26,23,19,0,,,,,
2014/08/26,24,19,0,,,,,
2014/08/27,01,19,0,,,,,
2014/08/27,02,18,0,,,,,
2014/08/27,03,17,0,,,,,
2014/08/27,04,16,0,,,,,
2014/08/27,05,17,0,,,,,
2014/08/27,06,17,0,,,,,
2014/08/27,07,17,0,,,,,
2014/08/27,08,39,0,,,,,
2014/08/27,09,181,7,,,,,
2014/08/27,10,239,23,,,,,
2014/08/27,11,245,22,,,,,
2014/08/27,12,259,22,,,,,
2014/08/27,13,171,19,,,,,
2014/08/27,14,282,19,,,,,
2014/08/27,15,280,15,,,,,
2014/08/27,16,274,16,,,,,
2014/08/27,17,273,14,,,,,
2014/08/27,18,266,15,,,,,
2014/08/27,19,231,18,,,,,
2014/08/27,20,103,1,,,,,
2014/08/27,21,24,0,,,,,
2014/08/27,22,23,0,,,,,
2014/08/27,23,21,0,,,,,
2014/08/27,24,21,0,,,,,
2014/08/28,01,20,0,,,,,
2014/08/28,02,20,0,,,,,
2014/08/28,03,19,0,,,,,
2014/08/28,04,17,0,,,,,
2014/08/28,05,18,0,,,,,
2014/08/28,06,18,0,,,,,
2014/08/28,07,18,0,,,,,
2014/08/28,08,45,0,,,,,
2014/08/28,09,182,4,,,,,
2014/08/28,10,237,17,,,,,
2014/08/28,11,239,12,,,,,
2014/08/28,12,223,11,,,,,
2014/08/28,13,140,13,,,,,
2014/08/28,14,238,11,,,,,
2014/08/28,15,234,13,,,,,
2014/08/28,16,233,12,,,,,
2014/08/28,17,227,13,,,,,
2014/08/28,18,167,11,,,,,
2014/08/28,19,122,2,,,,,
2014/08/28,20,69,0,,,,,
2014/08/28,21,20,0,,,,,
2014/08/28,22,19,0,,,,,
2014/08/28,23,19,0,,,,,
2014/08/28,24,17,0,,,,,
2014/08/29,01,18,0,,,,,
2014/08/29,02,17,0,,,,,
2014/08/29,03,16,0,,,,,
2014/08/29,04,16,0,,,,,
2014/08/29,05,17,0,,,,,
2014/08/29,06,16,0,,,,,
2014/08/29,07,16,0,,,,,
2014/08/29,08,38,0,,,,,
2014/08/29,09,158,1,,,,,
2014/08/29,10,207,12,,,,,
2014/08/29,11,211,12,,,,,
2014/08/29,12,225,17,,,,,
2014/08/29,13,150,21,,,,,
2014/08/29,14,235,21,,,,,
2014/08/29,15,244,20,,,,,
2014/08/29,16,229,20,,,,,
2014/08/29,17,219,11,,,,,
2014/08/29,18,138,8,,,,,
2014/08/29,19,78,0,,,,,
2014/08/29,20,52,0,,,,,
2014/08/29,21,19,0,,,,,
2014/08/29,22,18,0,,,,,
2014/08/29,23,18,0,,,,,
2014/08/29,24,17,0,,,,,
2014/08/30,01,16,0,,,,,
2014/08/30,02,16,0,,,,,
2014/08/30,03,15,0,,,,,
2014/08/30,04,16,0,,,,,
2014/08/30,05,17,0,,,,,
2014/08/30,06,15,0,,,,,
2014/08/30,07,17,0,,,,,
2014/08/30,08,66,0,,,,,
2014/08/30,09,166,2,,,,,
2014/08/30,10,237,19,,,,,
2014/08/30,11,236,22,,,,,
2014/08/30,12,236,19,,,,,
2014/08/30,13,138,18,,,,,
2014/08/30,14,240,18,,,,,
2014/08/30,15,248,19,,,,,
2014/08/30,16,250,18,,,,,
2014/08/30,17,245,19,,,,,
2014/08/30,18,116,10,,,,,
2014/08/30,19,21,0,,,,,
2014/08/30,20,19,0,,,,,
2014/08/30,21,19,0,,,,,
2014/08/30,22,19,0,,,,,
2014/08/30,23,17,0,,,,,
2014/08/30,24,17,0,,,,,
2014/08/31,01,17,0,,,,,
2014/08/31,02,17,0,,,,,
2014/08/31,03,15,0,,,,,
2014/08/31,04,17,0,,,,,
2014/08/31,05,17,0,,,,,
2014/08/31,06,15,0,,,,,
2014/08/31,07,17,0,,,,,
2014/08/31,08,17,0,,,,,
2014/08/31,09,15,0,,,,,
2014/08/31,10,17,0,,,,,
2014/08/31,11,17,0,,,,,
2014/08/31,12,17,0,,,,,
2014/08/31,13,15,0,,,,,
2014/08/31,14,17,0,,,,,
2014/08/31,15,17,0,,,,,
2014/08/31,16,17,0,,,,,
2014/08/31,17,16,0,,,,,
2014/08/31,18,17,0,,,,,
2014/08/31,19,17,0,,,,,
2014/08/31,20,18,0,,,,,
2014/08/31,21,16,0,,,,,
2014/08/31,22,17,0,,,,,
2014/08/31,23,17,0,,,,,
2014/08/31,24,15,0,,,,,
2014/09/01,01,17,0,,,,,
2014/09/01,02,17,0,,,,,
2014/09/01,03,16,0,,,,,
2014/09/01,04,17,0,,,,,
2014/09/01,05,17,0,,,,,
2014/09/01,06,15,0,,,,,
2014/09/01,07,17,0,,,,,
2014/09/01,08,50,0,,,,,
2014/09/01,09,154,2,,,,,
2014/09/01,10,206,11,,,,,
2014/09/01,11,197,11,,,,,
2014/09/01,12,212,17,,,,,
2014/09/01,13,131,12,,,,,
2014/09/01,14,214,12,,,,,
2014/09/01,15,209,11,,,,,
2014/09/01,16,202,10,,,,,
2014/09/01,17,203,11,,,,,
2014/09/01,18,157,10,,,,,
2014/09/01,19,111,8,,,,,
2014/09/01,20,66,11,,,,,
2014/09/01,21,31,1,,,,,
2014/09/01,22,32,0,,,,,
2014/09/01,23,31,0,,,,,
2014/09/01,24,31,0,,,,,
2014/09/02,01,29,0,,,,,
2014/09/02,02,30,0,,,,,
2014/09/02,03,27,0,,,,,
2014/09/02,04,29,0,,,,,
2014/09/02,05,29,0,,,,,
2014/09/02,06,27,0,,,,,
2014/09/02,07,29,0,,,,,
2014/09/02,08,57,0,,,,,
2014/09/02,09,175,2,,,,,
2014/09/02,10,227,15,,,,,
2014/09/02,11,244,22,,,,,
2014/09/02,12,255,22,,,,,
2014/09/02,13,158,20,,,,,
2014/09/02,14,256,17,,,,,
2014/09/02,15,257,23,,,,,
2014/09/02,16,256,19,,,,,
2014/09/02,17,260,22,,,,,
2014/09/02,18,250,16,,,,,
2014/09/02,19,195,21,,,,,
2014/09/02,20,75,12,,,,,
2014/09/02,21,22,1,,,,,
2014/09/02,22,19,0,,,,,
2014/09/02,23,19,0,,,,,
2014/09/02,24,19,0,,,,,
2014/09/03,01,19,0,,,,,
2014/09/03,02,17,0,,,,,
2014/09/03,03,17,0,,,,,
2014/09/03,04,15,0,,,,,
2014/09/03,05,16,0,,,,,
2014/09/03,06,16,0,,,,,
2014/09/03,07,15,0,,,,,
2014/09/03,08,50,0,,,,,
2014/09/03,09,212,5,,,,,
2014/09/03,10,261,19,,,,,
2014/09/03,11,256,19,,,,,
2014/09/03,12,258,23,,,,,
2014/09/03,13,170,21,,,,,
2014/09/03,14,252,19,,,,,
2014/09/03,15,244,18,,,,,
2014/09/03,16,241,18,,,,,
2014/09/03,17,242,18,,,,,
2014/09/03,18,237,18,,,,,
2014/09/03,19,210,18,,,,,
2014/09/03,20,99,10,,,,,
2014/09/03,21,21,0,,,,,
2014/09/03,22,20,0,,,,,
2014/09/03,23,20,0,,,,,
2014/09/03,24,20,0,,,,,
2014/09/04,01,19,0,,,,,
2014/09/04,02,18,0,,,,,
2014/09/04,03,18,0,,,,,
2014/09/04,04,16,0,,,,,
2014/09/04,05,18,0,,,,,
2014/09/04,06,18,0,,,,,
2014/09/04,07,17,0,,,,,
2014/09/04,08,53,0,,,,,
2014/09/04,09,178,5,,,,,
2014/09/04,10,249,22,,,,,
2014/09/04,11,256,21,,,,,
2014/09/04,12,251,18,,,,,
2014/09/04,13,186,17,,,,,
2014/09/04,14,221,17,,,,,
2014/09/04,15,229,13,,,,,
2014/09/04,16,244,17,,,,,
2014/09/04,17,262,19,,,,,
2014/09/04,18,266,13,,,,,
2014/09/04,19,251,20,,,,,
2014/09/04,20,148,17,,,,,
2014/09/04,21,25,2,,,,,
2014/09/04,22,23,0,,,,,
2014/09/04,23,22,0,,,,,
2014/09/04,24,21,0,,,,,
2014/09/05,01,20,0,,,,,
2014/09/05,02,19,0,,,,,
2014/09/05,03,17,0,,,,,
2014/09/05,04,18,0,,,,,
2014/09/05,05,18,0,,,,,
2014/09/05,06,18,0,,,,,
2014/09/05,07,18,0,,,,,
2014/09/05,08,88,0,,,,,
2014/09/05,09,207,5,,,,,
2014/09/05,10,261,18,,,,,
2014/09/05,11,263,16,,,,,
2014/09/05,12,267,17,,,,,
2014/09/05,13,211,19,,,,,
2014/09/05,14,256,23,,,,,
2014/09/05,15,249,21,,,,,
2014/09/05,16,235,21,,,,,
2014/09/05,17,236,21,,,,,
2014/09/05,18,147,18,,,,,
2014/09/05,19,64,0,,,,,
2014/09/05,20,23,0,,,,,
2014/09/05,21,20,0,,,,,
2014/09/05,22,20,0,,,,,
2014/09/05,23,20,0,,,,,
2014/09/05,24,19,0,,,,,
2014/09/06,01,18,0,,,,,
2014/09/06,02,18,0,,,,,
2014/09/06,03,16,0,,,,,
2014/09/06,04,17,0,,,,,
2014/09/06,05,17,0,,,,,
2014/09/06,06,17,0,,,,,
2014/09/06,07,17,0,,,,,
2014/09/06,08,69,0,,,,,
2014/09/06,09,173,0,,,,,
2014/09/06,10,209,0,,,,,
2014/09/06,11,208,0,,,,,
2014/09/06,12,232,7,,,,,
2014/09/06,13,187,12,,,,,
2014/09/06,14,231,22,,,,,
2014/09/06,15,242,23,,,,,
2014/09/06,16,229,21,,,,,
2014/09/06,17,223,12,,,,,
2014/09/06,18,112,9,,,,,
2014/09/06,19,21,0,,,,,
2014/09/06,20,19,0,,,,,
2014/09/06,21,19,0,,,,,
2014/09/06,22,18,0,,,,,
2014/09/06,23,18,0,,,,,
2014/09/06,24,16,0,,,,,
2014/09/07,01,17,0,,,,,
2014/09/07,02,17,0,,,,,
2014/09/07,03,15,0,,,,,
2014/09/07,04,17,0,,,,,
2014/09/07,05,17,0,,,,,
2014/09/07,06,15,0,,,,,
2014/09/07,07,17,0,,,,,
2014/09/07,08,17,0,,,,,
2014/09/07,09,16,0,,,,,
2014/09/07,10,17,0,,,,,
2014/09/07,11,17,0,,,,,
2014/09/07,12,17,0,,,,,
2014/09/07,13,15,0,,,,,
2014/09/07,14,17,0,,,,,
2014/09/07,15,17,0,,,,,
2014/09/07,16,17,0,,,,,
2014/09/07,17,17,0,,,,,
2014/09/07,18,15,0,,,,,
2014/09/07,19,17,0,,,,,
2014/09/07,20,17,0,,,,,
2014/09/07,21,16,0,,,,,
2014/09/07,22,17,0,,,,,
2014/09/07,23,17,0,,,,,
2014/09/07,24,15,0,,,,,
2014/09/08,01,17,0,,,,,
2014/09/08,02,15,0,,,,,
2014/09/08,03,17,0,,,,,
2014/09/08,04,17,0,,,,,
2014/09/08,05,15,0,,,,,
2014/09/08,06,17,0,,,,,
2014/09/08,07,16,0,,,,,
2014/09/08,08,49,0,,,,,
2014/09/08,09,153,0,,,,,
2014/09/08,10,229,0,,,,,
2014/09/08,11,231,0,,,,,
2014/09/08,12,229,8,,,,,
2014/09/08,13,170,12,,,,,
2014/09/08,14,238,21,,,,,
2014/09/08,15,258,23,,,,,
2014/09/08,16,255,20,,,,,
2014/09/08,17,263,13,,,,,
2014/09/08,18,214,9,,,,,
2014/09/08,19,163,0,,,,,
2014/09/08,20,77,0,,,,,
2014/09/08,21,15,0,,,,,
2014/09/08,22,14,0,,,,,
2014/09/08,23,13,0,,,,,
2014/09/08,24,12,0,,,,,
2014/09/09,01,12,0,,,,,
2014/09/09,02,10,0,,,,,
2014/09/09,03,11,0,,,,,
2014/09/09,04,10,0,,,,,
2014/09/09,05,8,0,,,,,
2014/09/09,06,10,0,,,,,
2014/09/09,07,9,0,,,,,
2014/09/09,08,43,0,,,,,
2014/09/09,09,164,3,,,,,
2014/09/09,10,229,11,,,,,
2014/09/09,11,231,11,,,,,
2014/09/09,12,238,9,,,,,
2014/09/09,13,172,19,,,,,
2014/09/09,14,235,21,,,,,
2014/09/09,15,247,19,,,,,
2014/09/09,16,242,18,,,,,
2014/09/09,17,245,18,,,,,
2014/09/09,18,195,17,,,,,
2014/09/09,19,130,5,,,,,
2014/09/09,20,76,0,,,,,
2014/09/09,21,25,0,,,,,
2014/09/09,22,22,0,,,,,
2014/09/09,23,21,0,,,,,
2014/09/09,24,19,0,,,,,
2014/09/10,01,20,0,,,,,
2014/09/10,02,20,0,,,,,
2014/09/10,03,18,0,,,,,
2014/09/10,04,18,0,,,,,
2014/09/10,05,18,0,,,,,
2014/09/10,06,16,0,,,,,
2014/09/10,07,19,0,,,,,
2014/09/10,08,45,0,,,,,
2014/09/10,09,182,4,,,,,
2014/09/10,10,259,22,,,,,
2014/09/10,11,256,22,,,,,
2014/09/10,12,259,16,,,,,
2014/09/10,13,193,23,,,,,
2014/09/10,14,269,19,,,,,
2014/09/10,15,252,18,,,,,
2014/09/10,16,246,23,,,,,
2014/09/10,17,263,19,,,,,
2014/09/10,18,216,14,,,,,
2014/09/10,19,179,0,,,,,
2014/09/10,20,101,0,,,,,
2014/09/10,21,24,0,,,,,
2014/09/10,22,22,0,,,,,
2014/09/10,23,22,0,,,,,
2014/09/10,24,21,0,,,,,
2014/09/11,01,19,0,,,,,
2014/09/11,02,20,0,,,,,
2014/09/11,03,19,0,,,,,
2014/09/11,04,19,0,,,,,
2014/09/11,05,17,0,,,,,
2014/09/11,06,18,0,,,,,
2014/09/11,07,18,0,,,,,
2014/09/11,08,52,0,,,,,
2014/09/11,09,192,3,,,,,
2014/09/11,10,255,21,,,,,
2014/09/11,11,256,18,,,,,
2014/09/11,12,260,20,,,,,
2014/09/11,13,198,21,,,,,
2014/09/11,14,257,17,,,,,
2014/09/11,15,251,22,,,,,
2014/09/11,16,231,19,,,,,
2014/09/11,17,243,9,,,,,
2014/09/11,18,216,9,,,,,
2014/09/11,19,175,2,,,,,
2014/09/11,20,84,0,,,,,
2014/09/11,21,22,0,,,,,
2014/09/11,22,20,0,,,,,
2014/09/11,23,20,0,,,,,
2014/09/11,24,18,0,,,,,
2014/09/12,01,17,0,,,,,
2014/09/12,02,17,0,,,,,
2014/09/12,03,17,0,,,,,
2014/09/12,04,15,0,,,,,
2014/09/12,05,16,0,,,,,
2014/09/12,06,14,0,,,,,
2014/09/12,07,16,0,,,,,
2014/09/12,08,48,0,,,,,
2014/09/12,09,159,0,,,,,
2014/09/12,10,205,1,,,,,
2014/09/12,11,207,2,,,,,
2014/09/12,12,209,2,,,,,
2014/09/12,13,135,5,,,,,
2014/09/12,14,219,5,,,,,
2014/09/12,15,214,7,,,,,
2014/09/12,16,220,8,,,,,
2014/09/12,17,217,8,,,,,
2014/09/12,18,95,7,,,,,
2014/09/12,19,22,0,,,,,
2014/09/12,20,19,0,,,,,
2014/09/12,21,18,0,,,,,
2014/09/12,22,18,0,,,,,
2014/09/12,23,15,0,,,,,
2014/09/12,24,16,0,,,,,
2014/09/13,01,15,0,,,,,
2014/09/13,02,13,0,,,,,
2014/09/13,03,15,0,,,,,
2014/09/13,04,13,0,,,,,
2014/09/13,05,15,0,,,,,
2014/09/13,06,14,0,,,,,
2014/09/13,07,15,0,,,,,
2014/09/13,08,39,0,,,,,
2014/09/13,09,168,0,,,,,
2014/09/13,10,225,6,,,,,
2014/09/13,11,214,11,,,,,
2014/09/13,12,229,10,,,,,
2014/09/13,13,131,11,,,,,
2014/09/13,14,241,16,,,,,
2014/09/13,15,231,16,,,,,
2014/09/13,16,228,15,,,,,
2014/09/13,17,234,13,,,,,
2014/09/13,18,123,11,,,,,
2014/09/13,19,19,0,,,,,
2014/09/13,20,18,0,,,,,
2014/09/13,21,17,0,,,,,
2014/09/13,22,17,0,,,,,
2014/09/13,23,16,0,,,,,
2014/09/13,24,14,0,,,,,
2014/09/14,01,15,0,,,,,
2014/09/14,02,14,0,,,,,
2014/09/14,03,16,0,,,,,
2014/09/14,04,15,0,,,,,
2014/09/14,05,15,0,,,,,
2014/09/14,06,16,0,,,,,
2014/09/14,07,14,0,,,,,
2014/09/14,08,16,0,,,,,
2014/09/14,09,14,0,,,,,
2014/09/14,10,16,0,,,,,
2014/09/14,11,14,0,,,,,
2014/09/14,12,16,0,,,,,
2014/09/14,13,17,0,,,,,
2014/09/14,14,15,0,,,,,
2014/09/14,15,17,0,,,,,
2014/09/14,16,17,0,,,,,
2014/09/14,17,15,0,,,,,
2014/09/14,18,17,0,,,,,
2014/09/14,19,17,0,,,,,
2014/09/14,20,15,0,,,,,
2014/09/14,21,17,0,,,,,
2014/09/14,22,15,0,,,,,
2014/09/14,23,17,0,,,,,
2014/09/14,24,15,0,,,,,
2014/09/15,01,16,0,,,,,
2014/09/15,02,14,0,,,,,
2014/09/15,03,16,0,,,,,
2014/09/15,04,15,0,,,,,
2014/09/15,05,15,0,,,,,
2014/09/15,06,15,0,,,,,
2014/09/15,07,15,0,,,,,
2014/09/15,08,16,0,,,,,
2014/09/15,09,14,0,,,,,
2014/09/15,10,16,0,,,,,
2014/09/15,11,14,0,,,,,
2014/09/15,12,16,0,,,,,
2014/09/15,13,17,0,,,,,
2014/09/15,14,15,0,,,,,
2014/09/15,15,17,0,,,,,
2014/09/15,16,16,0,,,,,
2014/09/15,17,16,0,,,,,
2014/09/15,18,17,0,,,,,
2014/09/15,19,15,0,,,,,
2014/09/15,20,17,0,,,,,
2014/09/15,21,17,0,,,,,
2014/09/15,22,16,0,,,,,
2014/09/15,23,17,0,,,,,
2014/09/15,24,16,0,,,,,
2014/09/16,01,16,0,,,,,
2014/09/16,02,17,0,,,,,
2014/09/16,03,15,0,,,,,
2014/09/16,04,17,0,,,,,
2014/09/16,05,17,0,,,,,
2014/09/16,06,15,0,,,,,
2014/09/16,07,17,0,,,,,
2014/09/16,08,73,0,,,,,
2014/09/16,09,170,1,,,,,
2014/09/16,10,234,10,,,,,
2014/09/16,11,248,11,,,,,
2014/09/16,12,246,10,,,,,
2014/09/16,13,147,11,,,,,
2014/09/16,14,232,20,,,,,
2014/09/16,15,231,21,,,,,
2014/09/16,16,219,20,,,,,
2014/09/16,17,219,20,,,,,
2014/09/16,18,167,15,,,,,
2014/09/16,19,82,3,,,,,
2014/09/16,20,32,0,,,,,
2014/09/16,21,33,0,,,,,
2014/09/16,22,33,0,,,,,
2014/09/16,23,31,0,,,,,
2014/09/16,24,32,0,,,,,
2014/09/17,01,29,0,,,,,
2014/09/17,02,26,0,,,,,
2014/09/17,03,26,0,,,,,
2014/09/17,04,24,0,,,,,
2014/09/17,05,24,0,,,,,
2014/09/17,06,20,0,,,,,
2014/09/17,07,20,0,,,,,
2014/09/17,08,57,0,,,,,
2014/09/17,09,175,1,,,,,
2014/09/17,10,224,6,,,,,
2014/09/17,11,203,3,,,,,
2014/09/17,12,209,5,,,,,
2014/09/17,13,130,9,,,,,
2014/09/17,14,206,21,,,,,
2014/09/17,15,223,21,,,,,
2014/09/17,16,224,18,,,,,
2014/09/17,17,202,13,,,,,
2014/09/17,18,172,10,,,,,
2014/09/17,19,121,1,,,,,
2014/09/17,20,46,0,,,,,
2014/09/17,21,19,0,,,,,
2014/09/17,22,18,0,,,,,
2014/09/17,23,18,0,,,,,
2014/09/17,24,17,0,,,,,
2014/09/18,01,15,0,,,,,
2014/09/18,02,16,0,,,,,
2014/09/18,03,15,0,,,,,
2014/09/18,04,14,0,,,,,
2014/09/18,05,16,0,,,,,
2014/09/18,06,14,0,,,,,
2014/09/18,07,16,0,,,,,
2014/09/18,08,66,0,,,,,
2014/09/18,09,171,0,,,,,
2014/09/18,10,208,0,,,,,
2014/09/18,11,209,0,,,,,
2014/09/18,12,218,0,,,,,
2014/09/18,13,151,0,,,,,
2014/09/18,14,217,1,,,,,
2014/09/18,15,183,2,,,,,
2014/09/18,16,187,2,,,,,
2014/09/18,17,196,2,,,,,
2014/09/18,18,177,1,,,,,
2014/09/18,19,114,0,,,,,
2014/09/18,20,63,0,,,,,
2014/09/18,21,20,0,,,,,
2014/09/18,22,20,0,,,,,
2014/09/18,23,20,0,,,,,
2014/09/18,24,18,0,,,,,
2014/09/19,01,19,0,,,,,
2014/09/19,02,17,0,,,,,
2014/09/19,03,18,0,,,,,
2014/09/19,04,15,0,,,,,
2014/09/19,05,16,0,,,,,
2014/09/19,06,15,0,,,,,
2014/09/19,07,15,0,,,,,
2014/09/19,08,65,0,,,,,
2014/09/19,09,151,0,,,,,
2014/09/19,10,203,1,,,,,
2014/09/19,11,203,2,,,,,
2014/09/19,12,223,2,,,,,
2014/09/19,13,123,2,,,,,
2014/09/19,14,206,2,,,,,
2014/09/19,15,197,1,,,,,
2014/09/19,16,187,2,,,,,
2014/09/19,17,217,2,,,,,
2014/09/19,18,137,1,,,,,
2014/09/19,19,54,0,,,,,
2014/09/19,20,19,0,,,,,
2014/09/19,21,18,0,,,,,
2014/09/19,22,18,0,,,,,
2014/09/19,23,16,0,,,,,
2014/09/19,24,17,0,,,,,
2014/09/20,01,14,0,,,,,
2014/09/20,02,16,0,,,,,
2014/09/20,03,14,0,,,,,
2014/09/20,04,16,0,,,,,
2014/09/20,05,14,0,,,,,
2014/09/20,06,15,0,,,,,
2014/09/20,07,14,0,,,,,
2014/09/20,08,49,0,,,,,
2014/09/20,09,122,0,,,,,
2014/09/20,10,142,0,,,,,
2014/09/20,11,113,1,,,,,
2014/09/20,12,100,1,,,,,
2014/09/20,13,79,1,,,,,
2014/09/20,14,100,1,,,,,
2014/09/20,15,144,1,,,,,
2014/09/20,16,136,2,,,,,
2014/09/20,17,133,1,,,,,
2014/09/20,18,56,1,,,,,
2014/09/20,19,17,0,,,,,
2014/09/20,20,16,0,,,,,
2014/09/20,21,17,0,,,,,
2014/09/20,22,17,0,,,,,
2014/09/20,23,14,0,,,,,
2014/09/20,24,16,0,,,,,
2014/09/21,01,14,0,,,,,
2014/09/21,02,16,0,,,,,
2014/09/21,03,14,0,,,,,
2014/09/21,04,15,0,,,,,
2014/09/21,05,14,0,,,,,
2014/09/21,06,16,0,,,,,
2014/09/21,07,14,0,,,,,
2014/09/21,08,16,0,,,,,
2014/09/21,09,14,0,,,,,
2014/09/21,10,15,0,,,,,
2014/09/21,11,14,0,,,,,
2014/09/21,12,16,0,,,,,
2014/09/21,13,15,0,,,,,
2014/09/21,14,17,0,,,,,
2014/09/21,15,16,0,,,,,
2014/09/21,16,17,0,,,,,
2014/09/21,17,16,0,,,,,
2014/09/21,18,15,0,,,,,
2014/09/21,19,16,0,,,,,
2014/09/21,20,14,0,,,,,
2014/09/21,21,16,0,,,,,
2014/09/21,22,14,0,,,,,
2014/09/21,23,16,0,,,,,
2014/09/21,24,14,0,,,,,
2014/09/22,01,16,0,,,,,
2014/09/22,02,14,0,,,,,
2014/09/22,03,16,0,,,,,
2014/09/22,04,14,0,,,,,
2014/09/22,05,16,0,,,,,
2014/09/22,06,14,0,,,,,
2014/09/22,07,16,0,,,,,
2014/09/22,08,54,0,,,,,
2014/09/22,09,130,1,,,,,
2014/09/22,10,218,6,,,,,
2014/09/22,11,236,14,,,,,
2014/09/22,12,234,18,,,,,
2014/09/22,13,175,19,,,,,
2014/09/22,14,235,20,,,,,
2014/09/22,15,243,19,,,,,
2014/09/22,16,232,18,,,,,
2014/09/22,17,241,14,,,,,
2014/09/22,18,162,10,,,,,
2014/09/22,19,97,0,,,,,
2014/09/22,20,59,0,,,,,
2014/09/22,21,20,0,,,,,
2014/09/22,22,20,0,,,,,
2014/09/22,23,19,0,,,,,
2014/09/22,24,17,0,,,,,
2014/09/23,01,18,0,,,,,
2014/09/23,02,17,0,,,,,
2014/09/23,03,18,0,,,,,
2014/09/23,04,16,0,,,,,
2014/09/23,05,17,0,,,,,
2014/09/23,06,15,0,,,,,
2014/09/23,07,17,0,,,,,
2014/09/23,08,64,0,,,,,
2014/09/23,09,149,1,,,,,
2014/09/23,10,201,9,,,,,
2014/09/23,11,209,11,,,,,
2014/09/23,12,228,16,,,,,
2014/09/23,13,168,14,,,,,
2014/09/23,14,249,16,,,,,
2014/09/23,15,253,18,,,,,
2014/09/23,16,237,16,,,,,
2014/09/23,17,245,14,,,,,
2014/09/23,18,142,12,,,,,
2014/09/23,19,48,0,,,,,
2014/09/23,20,19,0,,,,,
2014/09/23,21,17,0,,,,,
2014/09/23,22,18,0,,,,,
2014/09/23,23,18,0,,,,,
2014/09/23,24,17,0,,,,,
2014/09/24,01,15,0,,,,,
2014/09/24,02,17,0,,,,,
2014/09/24,03,15,0,,,,,
2014/09/24,04,17,0,,,,,
2014/09/24,05,16,0,,,,,
2014/09/24,06,15,0,,,,,
2014/09/24,07,16,0,,,,,
2014/09/24,08,51,0,,,,,
2014/09/24,09,146,1,,,,,
2014/09/24,10,182,12,,,,,
2014/09/24,11,185,13,,,,,
2014/09/24,12,195,11,,,,,
2014/09/24,13,150,12,,,,,
2014/09/24,14,210,12,,,,,
2014/09/24,15,230,12,,,,,
2014/09/24,16,230,12,,,,,
2014/09/24,17,233,11,,,,,
2014/09/24,18,167,11,,,,,
2014/09/24,19,89,9,,,,,
2014/09/24,20,45,0,,,,,
2014/09/24,21,25,0,,,,,
2014/09/24,22,25,0,,,,,
2014/09/24,23,24,0,,,,,
2014/09/24,24,24,0,,,,,
2014/09/25,01,23,0,,,,,
2014/09/25,02,21,0,,,,,
2014/09/25,03,21,0,,,,,
2014/09/25,04,21,0,,,,,
2014/09/25,05,19,0,,,,,
2014/09/25,06,21,0,,,,,
2014/09/25,07,21,0,,,,,
2014/09/25,08,62,0,,,,,
2014/09/25,09,188,3,,,,,
2014/09/25,10,248,17,,,,,
2014/09/25,11,257,16,,,,,
2014/09/25,12,261,14,,,,,
2014/09/25,13,198,18,,,,,
2014/09/25,14,261,17,,,,,
2014/09/25,15,258,13,,,,,
2014/09/25,16,240,15,,,,,
2014/09/25,17,234,14,,,,,
2014/09/25,18,199,12,,,,,
2014/09/25,19,155,1,,,,,
2014/09/25,20,88,0,,,,,
2014/09/25,21,22,0,,,,,
2014/09/25,22,21,0,,,,,
2014/09/25,23,18,0,,,,,
2014/09/25,24,19,0,,,,,
2014/09/26,01,18,0,,,,,
2014/09/26,02,17,0,,,,,
2014/09/26,03,17,0,,,,,
2014/09/26,04,15,0,,,,,
2014/09/26,05,16,0,,,,,
2014/09/26,06,14,0,,,,,
2014/09/26,07,16,0,,,,,
2014/09/26,08,56,0,,,,,
2014/09/26,09,170,2,,,,,
2014/09/26,10,218,11,,,,,
2014/09/26,11,228,15,,,,,
2014/09/26,12,232,19,,,,,
2014/09/26,13,170,21,,,,,
2014/09/26,14,228,21,,,,,
2014/09/26,15,230,19,,,,,
2014/09/26,16,220,14,,,,,
2014/09/26,17,195,9,,,,,
2014/09/26,18,105,7,,,,,
2014/09/26,19,22,0,,,,,
2014/09/26,20,21,0,,,,,
2014/09/26,21,20,0,,,,,
2014/09/26,22,20,0,,,,,
2014/09/26,23,19,0,,,,,
2014/09/26,24,17,0,,,,,
2014/09/27,01,17,0,,,,,
2014/09/27,02,16,0,,,,,
2014/09/27,03,17,0,,,,,
2014/09/27,04,17,0,,,,,
2014/09/27,05,15,0,,,,,
2014/09/27,06,16,0,,,,,
2014/09/27,07,14,0,,,,,
2014/09/27,08,23,0,,,,,
2014/09/27,09,99,0,,,,,
2014/09/27,10,138,8,,,,,
2014/09/27,11,128,8,,,,,
2014/09/27,12,140,6,,,,,
2014/09/27,13,111,9,,,,,
2014/09/27,14,137,7,,,,,
2014/09/27,15,136,0,,,,,
2014/09/27,16,136,0,,,,,
2014/09/27,17,138,0,,,,,
2014/09/27,18,75,0,,,,,
2014/09/27,19,20,0,,,,,
2014/09/27,20,19,0,,,,,
2014/09/27,21,17,0,,,,,
2014/09/27,22,19,0,,,,,
2014/09/27,23,15,0,,,,,
2014/09/27,24,16,0,,,,,
2014/09/28,01,16,0,,,,,
2014/09/28,02,14,0,,,,,
2014/09/28,03,16,0,,,,,
2014/09/28,04,14,0,,,,,
2014/09/28,05,16,0,,,,,
2014/09/28,06,14,0,,,,,
2014/09/28,07,16,0,,,,,
2014/09/28,08,14,0,,,,,
2014/09/28,09,16,0,,,,,
2014/09/28,10,14,0,,,,,
2014/09/28,11,16,0,,,,,
2014/09/28,12,15,0,,,,,
2014/09/28,13,17,0,,,,,
2014/09/28,14,17,0,,,,,
2014/09/28,15,16,0,,,,,
2014/09/28,16,17,0,,,,,
2014/09/28,17,17,0,,,,,
2014/09/28,18,15,0,,,,,
2014/09/28,19,17,0,,,,,
2014/09/28,20,15,0,,,,,
2014/09/28,21,17,0,,,,,
2014/09/28,22,16,0,,,,,
2014/09/28,23,17,0,,,,,
2014/09/28,24,15,0,,,,,
2014/09/29,01,16,0,,,,,
2014/09/29,02,14,0,,,,,
2014/09/29,03,16,0,,,,,
2014/09/29,04,14,0,,,,,
2014/09/29,05,16,0,,,,,
2014/09/29,06,14,0,,,,,
2014/09/29,07,16,0,,,,,
2014/09/29,08,39,0,,,,,
2014/09/29,09,153,0,,,,,
2014/09/29,10,207,0,,,,,
2014/09/29,11,217,2,,,,,
2014/09/29,12,227,11,,,,,
2014/09/29,13,169,10,,,,,
2014/09/29,14,233,11,,,,,
2014/09/29,15,239,11,,,,,
2014/09/29,16,248,19,,,,,
2014/09/29,17,229,20,,,,,
2014/09/29,18,207,18,,,,,
2014/09/29,19,141,16,,,,,
2014/09/29,20,44,1,,,,,
2014/09/29,21,21,0,,,,,
2014/09/29,22,20,0,,,,,
2014/09/29,23,19,0,,,,,
2014/09/29,24,17,0,,,,,
2014/09/30,01,17,0,,,,,
2014/09/30,02,15,0,,,,,
2014/09/30,03,16,0,,,,,
2014/09/30,04,14,0,,,,,
2014/09/30,05,16,0,,,,,
2014/09/30,06,14,0,,,,,
2014/09/30,07,16,0,,,,,
2014/09/30,08,51,0,,,,,
2014/09/30,09,138,0,,,,,
2014/09/30,10,187,0,,,,,
2014/09/30,11,194,10,,,,,
2014/09/30,12,224,9,,,,,
2014/09/30,13,161,3,,,,,
2014/09/30,14,240,7,,,,,
2014/09/30,15,249,11,,,,,
2014/09/30,16,235,8,,,,,
2014/09/30,17,234,4,,,,,
2014/09/30,18,225,3,,,,,
2014/09/30,19,138,1,,,,,
2014/09/30,20,48,0,,,,,
2014/09/30,21,22,0,,,,,
2014/09/30,22,21,0,,,,,
2014/09/30,23,21,0,,,,,
2014/09/30,24,19,0,,,,,
2014/10/01,01,20,0,,,,,
2014/10/01,02,19,0,,,,,
2014/10/01,03,16,0,,,,,
2014/10/01,04,18,0,,,,,
2014/10/01,05,15,0,,,,,
2014/10/01,06,17,0,,,,,
2014/10/01,07,16,0,,,,,
2014/10/01,08,69,0,,,,,
2014/10/01,09,137,1,,,,,
2014/10/01,10,199,5,,,,,
2014/10/01,11,207,11,,,,,
2014/10/01,12,240,15,,,,,
2014/10/01,13,168,14,,,,,
2014/10/01,14,256,17,,,,,
2014/10/01,15,261,17,,,,,
2014/10/01,16,248,17,,,,,
2014/10/01,17,224,14,,,,,
2014/10/01,18,204,14,,,,,
2014/10/01,19,167,9,,,,,
2014/10/01,20,56,1,,,,,
2014/10/01,21,21,0,,,,,
2014/10/01,22,21,0,,,,,
2014/10/01,23,20,0,,,,,
2014/10/01,24,19,0,,,,,
2014/10/02,01,17,0,,,,,
2014/10/02,02,18,0,,,,,
2014/10/02,03,16,0,,,,,
2014/10/02,04,17,0,,,,,
2014/10/02,05,18,0,,,,,
2014/10/02,06,15,0,,,,,
2014/10/02,07,18,0,,,,,
2014/10/02,08,72,0,,,,,
2014/10/02,09,169,1,,,,,
2014/10/02,10,230,5,,,,,
2014/10/02,11,245,10,,,,,
2014/10/02,12,262,13,,,,,
2014/10/02,13,192,18,,,,,
2014/10/02,14,260,18,,,,,
2014/10/02,15,272,14,,,,,
2014/10/02,16,242,18,,,,,
2014/10/02,17,234,20,,,,,
2014/10/02,18,196,15,,,,,
2014/10/02,19,148,6,,,,,
2014/10/02,20,65,0,,,,,
2014/10/02,21,20,0,,,,,
2014/10/02,22,20,0,,,,,
2014/10/02,23,17,0,,,,,
2014/10/02,24,19,0,,,,,
2014/10/03,01,18,0,,,,,
2014/10/03,02,19,0,,,,,
2014/10/03,03,16,0,,,,,
2014/10/03,04,18,0,,,,,
2014/10/03,05,16,0,,,,,
2014/10/03,06,17,0,,,,,
2014/10/03,07,18,0,,,,,
2014/10/03,08,50,0,,,,,
2014/10/03,09,161,1,,,,,
2014/10/03,10,214,11,,,,,
2014/10/03,11,225,20,,,,,
2014/10/03,12,233,21,,,,,
2014/10/03,13,173,20,,,,,
2014/10/03,14,232,23,,,,,
2014/10/03,15,233,21,,,,,
2014/10/03,16,242,21,,,,,
2014/10/03,17,228,13,,,,,
2014/10/03,18,115,8,,,,,
2014/10/03,19,28,0,,,,,
2014/10/03,20,21,0,,,,,
2014/10/03,21,22,0,,,,,
2014/10/03,22,21,0,,,,,
2014/10/03,23,20,0,,,,,
2014/10/03,24,18,0,,,,,
2014/10/04,01,19,0,,,,,
2014/10/04,02,18,0,,,,,
2014/10/04,03,17,0,,,,,
2014/10/04,04,18,0,,,,,
2014/10/04,05,15,0,,,,,
2014/10/04,06,17,0,,,,,
2014/10/04,07,16,0,,,,,
2014/10/04,08,76,0,,,,,
2014/10/04,09,159,1,,,,,
2014/10/04,10,191,6,,,,,
2014/10/04,11,183,5,,,,,
2014/10/04,12,186,4,,,,,
2014/10/04,13,82,1,,,,,
2014/10/04,14,109,1,,,,,
2014/10/04,15,105,2,,,,,
2014/10/04,16,91,2,,,,,
2014/10/04,17,91,1,,,,,
2014/10/04,18,44,2,,,,,
2014/10/04,19,15,0,,,,,
2014/10/04,20,17,0,,,,,
2014/10/04,21,15,0,,,,,
2014/10/04,22,16,0,,,,,
2014/10/04,23,15,0,,,,,
2014/10/04,24,15,0,,,,,
2014/10/05,01,16,0,,,,,
2014/10/05,02,14,0,,,,,
2014/10/05,03,16,0,,,,,
2014/10/05,04,14,0,,,,,
2014/10/05,05,16,0,,,,,
2014/10/05,06,14,0,,,,,
2014/10/05,07,16,0,,,,,
2014/10/05,08,14,0,,,,,
2014/10/05,09,16,0,,,,,
2014/10/05,10,14,0,,,,,
2014/10/05,11,16,0,,,,,
2014/10/05,12,14,0,,,,,
2014/10/05,13,16,0,,,,,
2014/10/05,14,15,0,,,,,
2014/10/05,15,16,0,,,,,
2014/10/05,16,16,0,,,,,
2014/10/05,17,14,0,,,,,
2014/10/05,18,16,0,,,,,
2014/10/05,19,14,0,,,,,
2014/10/05,20,16,0,,,,,
2014/10/05,21,16,0,,,,,
2014/10/05,22,14,0,,,,,
2014/10/05,23,16,0,,,,,
2014/10/05,24,14,0,,,,,
2014/10/06,01,16,0,,,,,
2014/10/06,02,14,0,,,,,
2014/10/06,03,16,0,,,,,
2014/10/06,04,16,0,,,,,
2014/10/06,05,14,0,,,,,
2014/10/06,06,16,0,,,,,
2014/10/06,07,14,0,,,,,
2014/10/06,08,45,0,,,,,
2014/10/06,09,141,0,,,,,
2014/10/06,10,178,3,,,,,
2014/10/06,11,175,2,,,,,
2014/10/06,12,178,2,,,,,
2014/10/06,13,118,1,,,,,
2014/10/06,14,193,1,,,,,
2014/10/06,15,211,1,,,,,
2014/10/06,16,208,1,,,,,
2014/10/06,17,211,1,,,,,
2014/10/06,18,185,1,,,,,
2014/10/06,19,118,1,,,,,
2014/10/06,20,50,0,,,,,
2014/10/06,21,19,0,,,,,
2014/10/06,22,16,0,,,,,
2014/10/06,23,17,0,,,,,
2014/10/06,24,16,0,,,,,
2014/10/07,01,16,0,,,,,
2014/10/07,02,15,0,,,,,
2014/10/07,03,16,0,,,,,
2014/10/07,04,13,0,,,,,
2014/10/07,05,15,0,,,,,
2014/10/07,06,13,0,,,,,
2014/10/07,07,14,0,,,,,
2014/10/07,08,48,0,,,,,
2014/10/07,09,132,0,,,,,
2014/10/07,10,176,2,,,,,
2014/10/07,11,169,1,,,,,
2014/10/07,12,193,1,,,,,
2014/10/07,13,116,3,,,,,
2014/10/07,14,183,3,,,,,
2014/10/07,15,190,3,,,,,
2014/10/07,16,187,3,,,,,
2014/10/07,17,187,3,,,,,
2014/10/07,18,145,1,,,,,
2014/10/07,19,71,0,,,,,
2014/10/07,20,20,0,,,,,
2014/10/07,21,19,0,,,,,
2014/10/07,22,18,0,,,,,
2014/10/07,23,16,0,,,,,
2014/10/07,24,17,0,,,,,
2014/10/08,01,15,0,,,,,
2014/10/08,02,16,0,,,,,
2014/10/08,03,14,0,,,,,
2014/10/08,04,16,0,,,,,
2014/10/08,05,14,0,,,,,
2014/10/08,06,16,0,,,,,
2014/10/08,07,14,0,,,,,
2014/10/08,08,52,0,,,,,
2014/10/08,09,127,0,,,,,
2014/10/08,10,186,1,,,,,
2014/10/08,11,198,2,,,,,
2014/10/08,12,202,0,,,,,
2014/10/08,13,134,0,,,,,
2014/10/08,14,206,0,,,,,
2014/10/08,15,192,0,,,,,
2014/10/08,16,195,8,,,,,
2014/10/08,17,197,6,,,,,
2014/10/08,18,156,3,,,,,
2014/10/08,19,95,0,,,,,
2014/10/08,20,47,0,,,,,
2014/10/08,21,21,0,,,,,
2014/10/08,22,20,0,,,,,
2014/10/08,23,20,0,,,,,
2014/10/08,24,18,0,,,,,
2014/10/09,01,18,0,,,,,
2014/10/09,02,16,0,,,,,
2014/10/09,03,18,0,,,,,
2014/10/09,04,16,0,,,,,
2014/10/09,05,17,0,,,,,
2014/10/09,06,15,0,,,,,
2014/10/09,07,16,0,,,,,
2014/10/09,08,40,0,,,,,
2014/10/09,09,149,0,,,,,
2014/10/09,10,207,2,,,,,
2014/10/09,11,214,4,,,,,
2014/10/09,12,215,4,,,,,
2014/10/09,13,148,3,,,,,
2014/10/09,14,216,2,,,,,
2014/10/09,15,226,3,,,,,
2014/10/09,16,209,3,,,,,
2014/10/09,17,214,2,,,,,
2014/10/09,18,166,1,,,,,
2014/10/09,19,112,0,,,,,
2014/10/09,20,51,0,,,,,
2014/10/09,21,19,0,,,,,
2014/10/09,22,19,0,,,,,
2014/10/09,23,18,0,,,,,
2014/10/09,24,16,0,,,,,
2014/10/10,01,17,0,,,,,
2014/10/10,02,17,0,,,,,
2014/10/10,03,15,0,,,,,
2014/10/10,04,16,0,,,,,
2014/10/10,05,14,0,,,,,
2014/10/10,06,16,0,,,,,
2014/10/10,07,15,0,,,,,
2014/10/10,08,46,0,,,,,
2014/10/10,09,143,0,,,,,
2014/10/10,10,190,2,,,,,
2014/10/10,11,192,3,,,,,
2014/10/10,12,204,7,,,,,
2014/10/10,13,136,6,,,,,
2014/10/10,14,213,3,,,,,
2014/10/10,15,207,3,,,,,
2014/10/10,16,210,3,,,,,
2014/10/10,17,213,3,,,,,
2014/10/10,18,112,2,,,,,
2014/10/10,19,43,0,,,,,
2014/10/10,20,33,0,,,,,
2014/10/10,21,18,0,,,,,
2014/10/10,22,15,0,,,,,
2014/10/10,23,17,0,,,,,
2014/10/10,24,16,0,,,,,
2014/10/11,01,14,0,,,,,
2014/10/11,02,16,0,,,,,
2014/10/11,03,14,0,,,,,
2014/10/11,04,16,0,,,,,
2014/10/11,05,14,0,,,,,
2014/10/11,06,16,0,,,,,
2014/10/11,07,15,0,,,,,
2014/10/11,08,36,0,,,,,
2014/10/11,09,123,0,,,,,
2014/10/11,10,169,1,,,,,
2014/10/11,11,180,1,,,,,
2014/10/11,12,181,2,,,,,
2014/10/11,13,117,2,,,,,
2014/10/11,14,186,2,,,,,
2014/10/11,15,191,11,,,,,
2014/10/11,16,201,12,,,,,
2014/10/11,17,192,8,,,,,
2014/10/11,18,87,6,,,,,
2014/10/11,19,13,0,,,,,
2014/10/11,20,13,0,,,,,
2014/10/11,21,12,0,,,,,
2014/10/11,22,12,0,,,,,
2014/10/11,23,10,0,,,,,
2014/10/11,24,11,0,,,,,
2014/10/12,01,9,0,,,,,
2014/10/12,02,10,0,,,,,
2014/10/12,03,9,0,,,,,
2014/10/12,04,8,0,,,,,
2014/10/12,05,10,0,,,,,
2014/10/12,06,8,0,,,,,
2014/10/12,07,10,0,,,,,
2014/10/12,08,8,0,,,,,
2014/10/12,09,9,0,,,,,
2014/10/12,10,8,0,,,,,
2014/10/12,11,10,0,,,,,
2014/10/12,12,8,0,,,,,
2014/10/12,13,10,0,,,,,
2014/10/12,14,8,0,,,,,
2014/10/12,15,10,0,,,,,
2014/10/12,16,10,0,,,,,
2014/10/12,17,8,0,,,,,
2014/10/12,18,9,0,,,,,
2014/10/12,19,8,0,,,,,
2014/10/12,20,9,0,,,,,
2014/10/12,21,8,0,,,,,
2014/10/12,22,10,0,,,,,
2014/10/12,23,8,0,,,,,
2014/10/12,24,9,0,,,,,
2014/10/13,01,8,0,,,,,
2014/10/13,02,9,0,,,,,
2014/10/13,03,8,0,,,,,
2014/10/13,04,9,0,,,,,
2014/10/13,05,8,0,,,,,
2014/10/13,06,10,0,,,,,
2014/10/13,07,8,0,,,,,
2014/10/13,08,9,0,,,,,
2014/10/13,09,8,0,,,,,
2014/10/13,10,9,0,,,,,
2014/10/13,11,8,0,,,,,
2014/10/13,12,10,0,,,,,
2014/10/13,13,8,0,,,,,
2014/10/13,14,9,0,,,,,
2014/10/13,15,7,0,,,,,
2014/10/13,16,10,0,,,,,
2014/10/13,17,9,0,,,,,
2014/10/13,18,8,0,,,,,
2014/10/13,19,9,0,,,,,
2014/10/13,20,8,0,,,,,
2014/10/13,21,9,0,,,,,
2014/10/13,22,8,0,,,,,
2014/10/13,23,9,0,,,,,
2014/10/13,24,8,0,,,,,
2014/10/14,01,9,0,,,,,
2014/10/14,02,8,0,,,,,
2014/10/14,03,9,0,,,,,
2014/10/14,04,7,0,,,,,
2014/10/14,05,8,0,,,,,
2014/10/14,06,9,0,,,,,
2014/10/14,07,8,0,,,,,
2014/10/14,08,39,0,,,,,
2014/10/14,09,108,0,,,,,
2014/10/14,10,160,0,,,,,
2014/10/14,11,165,1,,,,,
2014/10/14,12,168,1,,,,,
2014/10/14,13,98,1,,,,,
2014/10/14,14,176,1,,,,,
2014/10/14,15,177,1,,,,,
2014/10/14,16,161,1,,,,,
2014/10/14,17,169,1,,,,,
2014/10/14,18,135,1,,,,,
2014/10/14,19,118,1,,,,,
2014/10/14,20,57,1,,,,,
2014/10/14,21,12,0,,,,,
2014/10/14,22,12,0,,,,,
2014/10/14,23,10,0,,,,,
2014/10/14,24,11,0,,,,,
2014/10/15,01,9,0,,,,,
2014/10/15,02,10,0,,,,,
2014/10/15,03,8,0,,,,,
2014/10/15,04,7,0,,,,,
2014/10/15,05,8,0,,,,,
2014/10/15,06,7,0,,,,,
2014/10/15,07,9,0,,,,,
2014/10/15,08,37,0,,,,,
2014/10/15,09,116,0,,,,,
2014/10/15,10,143,1,,,,,
2014/10/15,11,143,0,,,,,
2014/10/15,12,153,1,,,,,
2014/10/15,13,99,2,,,,,
2014/10/15,14,148,2,,,,,
2014/10/15,15,161,2,,,,,
2014/10/15,16,135,2,,,,,
2014/10/15,17,144,1,,,,,
2014/10/15,18,130,1,,,,,
2014/10/15,19,99,1,,,,,
2014/10/15,20,51,0,,,,,
2014/10/15,21,11,0,,,,,
2014/10/15,22,12,0,,,,,
2014/10/15,23,12,0,,,,,
2014/10/15,24,9,0,,,,,
2014/10/16,01,10,0,,,,,
2014/10/16,02,9,0,,,,,
2014/10/16,03,7,0,,,,,
2014/10/16,04,9,0,,,,,
2014/10/16,05,8,0,,,,,
2014/10/16,06,7,0,,,,,
2014/10/16,07,9,0,,,,,
2014/10/16,08,44,0,,,,,
2014/10/16,09,107,0,,,,,
2014/10/16,10,140,1,,,,,
2014/10/16,11,148,2,,,,,
2014/10/16,12,162,2,,,,,
2014/10/16,13,107,2,,,,,
2014/10/16,14,157,2,,,,,
2014/10/16,15,198,2,,,,,
2014/10/16,16,195,2,,,,,
2014/10/16,17,182,2,,,,,
2014/10/16,18,171,2,,,,,
2014/10/16,19,143,1,,,,,
2014/10/16,20,51,0,,,,,
2014/10/16,21,15,0,,,,,
2014/10/16,22,13,0,,,,,
2014/10/16,23,14,0,,,,,
2014/10/16,24,13,0,,,,,
2014/10/17,01,10,0,,,,,
2014/10/17,02,12,0,,,,,
2014/10/17,03,10,0,,,,,
2014/10/17,04,9,0,,,,,
2014/10/17,05,10,0,,,,,
2014/10/17,06,9,0,,,,,
2014/10/17,07,10,0,,,,,
2014/10/17,08,53,0,,,,,
2014/10/17,09,139,0,,,,,
2014/10/17,10,187,0,,,,,
2014/10/17,11,171,1,,,,,
2014/10/17,12,146,1,,,,,
2014/10/17,13,94,1,,,,,
2014/10/17,14,152,1,,,,,
2014/10/17,15,152,2,,,,,
2014/10/17,16,157,1,,,,,
2014/10/17,17,183,1,,,,,
2014/10/17,18,129,1,,,,,
2014/10/17,19,45,0,,,,,
2014/10/17,20,11,0,,,,,
2014/10/17,21,12,0,,,,,
2014/10/17,22,11,0,,,,,
2014/10/17,23,9,0,,,,,
2014/10/17,24,9,0,,,,,
2014/10/18,01,10,0,,,,,
2014/10/18,02,8,0,,,,,
2014/10/18,03,9,0,,,,,
2014/10/18,04,7,0,,,,,
2014/10/18,05,7,0,,,,,
2014/10/18,06,9,0,,,,,
2014/10/18,07,7,0,,,,,
2014/10/18,08,14,0,,,,,
2014/10/18,09,88,0,,,,,
2014/10/18,10,94,1,,,,,
2014/10/18,11,83,1,,,,,
2014/10/18,12,89,2,,,,,
2014/10/18,13,52,2,,,,,
2014/10/18,14,108,2,,,,,
2014/10/18,15,108,2,,,,,
2014/10/18,16,108,2,,,,,
2014/10/18,17,70,2,,,,,
2014/10/18,18,35,1,,,,,
2014/10/18,19,10,0,,,,,
2014/10/18,20,10,0,,,,,
2014/10/18,21,11,0,,,,,
2014/10/18,22,9,0,,,,,
2014/10/18,23,9,0,,,,,
2014/10/18,24,9,0,,,,,
2014/10/19,01,8,0,,,,,
2014/10/19,02,8,0,,,,,
2014/10/19,03,9,0,,,,,
2014/10/19,04,7,0,,,,,
2014/10/19,05,7,0,,,,,
2014/10/19,06,9,0,,,,,
2014/10/19,07,7,0,,,,,
2014/10/19,08,7,0,,,,,
2014/10/19,09,7,0,,,,,
2014/10/19,10,9,0,,,,,
2014/10/19,11,7,0,,,,,
2014/10/19,12,9,0,,,,,
2014/10/19,13,7,0,,,,,
2014/10/19,14,8,0,,,,,
2014/10/19,15,9,0,,,,,
2014/10/19,16,7,0,,,,,
2014/10/19,17,9,0,,,,,
2014/10/19,18,8,0,,,,,
2014/10/19,19,9,0,,,,,
2014/10/19,20,8,0,,,,,
2014/10/19,21,8,0,,,,,
2014/10/19,22,9,0,,,,,
2014/10/19,23,8,0,,,,,
2014/10/19,24,9,0,,,,,
2014/10/20,01,8,0,,,,,
2014/10/20,02,7,0,,,,,
2014/10/20,03,9,0,,,,,
2014/10/20,04,7,0,,,,,
2014/10/20,05,9,0,,,,,
2014/10/20,06,8,0,,,,,
2014/10/20,07,10,0,,,,,
2014/10/20,08,44,0,,,,,
2014/10/20,09,107,0,,,,,
2014/10/20,10,168,0,,,,,
2014/10/20,11,176,0,,,,,
2014/10/20,12,167,0,,,,,
2014/10/20,13,92,0,,,,,
2014/10/20,14,125,0,,,,,
2014/10/20,15,130,0,,,,,
2014/10/20,16,146,0,,,,,
2014/10/20,17,156,0,,,,,
2014/10/20,18,136,0,,,,,
2014/10/20,19,91,0,,,,,
2014/10/20,20,44,0,,,,,
2014/10/20,21,13,0,,,,,
2014/10/20,22,11,0,,,,,
2014/10/20,23,12,0,,,,,
2014/10/20,24,11,0,,,,,
2014/10/21,01,10,0,,,,,
2014/10/21,02,11,0,,,,,
2014/10/21,03,8,0,,,,,
2014/10/21,04,10,0,,,,,
2014/10/21,05,8,0,,,,,
2014/10/21,06,10,0,,,,,
2014/10/21,07,8,0,,,,,
2014/10/21,08,41,0,,,,,
2014/10/21,09,121,0,,,,,
2014/10/21,10,162,0,,,,,
2014/10/21,11,159,0,,,,,
2014/10/21,12,157,0,,,,,
2014/10/21,13,104,0,,,,,
2014/10/21,14,171,0,,,,,
2014/10/21,15,185,3,,,,,
2014/10/21,16,185,10,,,,,
2014/10/21,17,184,7,,,,,
2014/10/21,18,159,3,,,,,
2014/10/21,19,100,0,,,,,
2014/10/21,20,54,0,,,,,
2014/10/21,21,13,0,,,,,
2014/10/21,22,13,0,,,,,
2014/10/21,23,11,0,,,,,
2014/10/21,24,12,0,,,,,
2014/10/22,01,11,0,,,,,
2014/10/22,02,9,0,,,,,
2014/10/22,03,11,0,,,,,
2014/10/22,04,9,0,,,,,
2014/10/22,05,10,0,,,,,
2014/10/22,06,9,0,,,,,
2014/10/22,07,8,0,,,,,
2014/10/22,08,41,0,,,,,
2014/10/22,09,132,0,,,,,
2014/10/22,10,177,0,,,,,
2014/10/22,11,170,1,,,,,
2014/10/22,12,172,1,,,,,
2014/10/22,13,107,1,,,,,
2014/10/22,14,172,1,,,,,
2014/10/22,15,166,1,,,,,
2014/10/22,16,146,1,,,,,
2014/10/22,17,143,1,,,,,
2014/10/22,18,119,1,,,,,
2014/10/22,19,85,0,,,,,
2014/10/22,20,61,0,,,,,
2014/10/22,21,11,0,,,,,
2014/10/22,22,12,0,,,,,
2014/10/22,23,10,0,,,,,
2014/10/22,24,10,0,,,,,
2014/10/23,01,9,0,,,,,
2014/10/23,02,10,0,,,,,
2014/10/23,03,8,0,,,,,
2014/10/23,04,9,0,,,,,
2014/10/23,05,7,0,,,,,
2014/10/23,06,8,0,,,,,
2014/10/23,07,9,0,,,,,
2014/10/23,08,41,0,,,,,
2014/10/23,09,125,0,,,,,
2014/10/23,10,158,0,,,,,
2014/10/23,11,147,1,,,,,
2014/10/23,12,165,1,,,,,
2014/10/23,13,100,1,,,,,
2014/10/23,14,159,1,,,,,
2014/10/23,15,158,1,,,,,
2014/10/23,16,159,1,,,,,
2014/10/23,17,155,1,,,,,
2014/10/23,18,120,1,,,,,
2014/10/23,19,75,0,,,,,
2014/10/23,20,41,0,,,,,
2014/10/23,21,13,0,,,,,
2014/10/23,22,12,0,,,,,
2014/10/23,23,10,0,,,,,
2014/10/23,24,9,0,,,,,
2014/10/24,01,10,0,,,,,
2014/10/24,02,8,0,,,,,
2014/10/24,03,9,0,,,,,
2014/10/24,04,8,0,,,,,
2014/10/24,05,7,0,,,,,
2014/10/24,06,9,0,,,,,
2014/10/24,07,8,0,,,,,
2014/10/24,08,47,0,,,,,
2014/10/24,09,129,0,,,,,
2014/10/24,10,163,0,,,,,
2014/10/24,11,161,0,,,,,
2014/10/24,12,148,0,,,,,
2014/10/24,13,96,1,,,,,
2014/10/24,14,151,2,,,,,
2014/10/24,15,156,2,,,,,
2014/10/24,16,158,2,,,,,
2014/10/24,17,158,1,,,,,
2014/10/24,18,93,0,,,,,
2014/10/24,19,33,0,,,,,
2014/10/24,20,13,0,,,,,
2014/10/24,21,12,0,,,,,
2014/10/24,22,10,0,,,,,
2014/10/24,23,11,0,,,,,
2014/10/24,24,9,0,,,,,
2014/10/25,01,9,0,,,,,
2014/10/25,02,8,0,,,,,
2014/10/25,03,7,0,,,,,
2014/10/25,04,9,0,,,,,
2014/10/25,05,8,0,,,,,
2014/10/25,06,8,0,,,,,
2014/10/25,07,9,0,,,,,
2014/10/25,08,14,0,,,,,
2014/10/25,09,49,0,,,,,
2014/10/25,10,55,0,,,,,
2014/10/25,11,61,1,,,,,
2014/10/25,12,59,2,,,,,
2014/10/25,13,25,2,,,,,
2014/10/25,14,49,2,,,,,
2014/10/25,15,77,2,,,,,
2014/10/25,16,74,3,,,,,
2014/10/25,17,72,2,,,,,
2014/10/25,18,38,2,,,,,
2014/10/25,19,14,0,,,,,
2014/10/25,20,12,0,,,,,
2014/10/25,21,13,0,,,,,
2014/10/25,22,11,0,,,,,
2014/10/25,23,11,0,,,,,
2014/10/25,24,12,0,,,,,
2014/10/26,01,10,0,,,,,
2014/10/26,02,10,0,,,,,
2014/10/26,03,12,0,,,,,
2014/10/26,04,9,0,,,,,
2014/10/26,05,11,0,,,,,
2014/10/26,06,9,0,,,,,
2014/10/26,07,8,0,,,,,
2014/10/26,08,9,0,,,,,
2014/10/26,09,8,0,,,,,
2014/10/26,10,8,0,,,,,
2014/10/26,11,10,0,,,,,
2014/10/26,12,8,0,,,,,
2014/10/26,13,10,0,,,,,
2014/10/26,14,8,0,,,,,
2014/10/26,15,9,0,,,,,
2014/10/26,16,8,0,,,,,
2014/10/26,17,10,0,,,,,
2014/10/26,18,8,0,,,,,
2014/10/26,19,10,0,,,,,
2014/10/26,20,8,0,,,,,
2014/10/26,21,10,0,,,,,
2014/10/26,22,8,0,,,,,
2014/10/26,23,10,0,,,,,
2014/10/26,24,8,0,,,,,
2014/10/27,01,8,0,,,,,
2014/10/27,02,10,0,,,,,
2014/10/27,03,8,0,,,,,
2014/10/27,04,10,0,,,,,
2014/10/27,05,8,0,,,,,
2014/10/27,06,10,0,,,,,
2014/10/27,07,8,0,,,,,
2014/10/27,08,48,0,,,,,
2014/10/27,09,119,0,,,,,
2014/10/27,10,160,0,,,,,
2014/10/27,11,150,2,,,,,
2014/10/27,12,158,2,,,,,
2014/10/27,13,103,3,,,,,
2014/10/27,14,145,2,,,,,
2014/10/27,15,159,1,,,,,
2014/10/27,16,155,1,,,,,
2014/10/27,17,169,1,,,,,
2014/10/27,18,97,1,,,,,
2014/10/27,19,38,0,,,,,
2014/10/27,20,12,0,,,,,
2014/10/27,21,13,0,,,,,
2014/10/27,22,11,0,,,,,
2014/10/27,23,11,0,,,,,
2014/10/27,24,9,0,,,,,
2014/10/28,01,11,0,,,,,
2014/10/28,02,9,0,,,,,
2014/10/28,03,9,0,,,,,
2014/10/28,04,9,0,,,,,
2014/10/28,05,8,0,,,,,
2014/10/28,06,8,0,,,,,
2014/10/28,07,8,0,,,,,
2014/10/28,08,69,0,,,,,
2014/10/28,09,120,0,,,,,
2014/10/28,10,156,0,,,,,
2014/10/28,11,158,0,,,,,
2014/10/28,12,162,0,,,,,
2014/10/28,13,95,1,,,,,
2014/10/28,14,149,1,,,,,
2014/10/28,15,155,1,,,,,
2014/10/28,16,149,1,,,,,
2014/10/28,17,154,1,,,,,
2014/10/28,18,107,1,,,,,
2014/10/28,19,79,0,,,,,
2014/10/28,20,37,0,,,,,
2014/10/28,21,12,0,,,,,
2014/10/28,22,10,0,,,,,
2014/10/28,23,11,0,,,,,
2014/10/28,24,10,0,,,,,
2014/10/29,01,8,0,,,,,
2014/10/29,02,9,0,,,,,
2014/10/29,03,8,0,,,,,
2014/10/29,04,7,0,,,,,
2014/10/29,05,7,0,,,,,
2014/10/29,06,9,0,,,,,
2014/10/29,07,8,0,,,,,
2014/10/29,08,44,0,,,,,
2014/10/29,09,124,0,,,,,
2014/10/29,10,155,0,,,,,
2014/10/29,11,159,0,,,,,
2014/10/29,12,159,0,,,,,
2014/10/29,13,99,0,,,,,
2014/10/29,14,167,1,,,,,
2014/10/29,15,162,2,,,,,
2014/10/29,16,150,2,,,,,
2014/10/29,17,141,1,,,,,
2014/10/29,18,110,1,,,,,
2014/10/29,19,67,0,,,,,
2014/10/29,20,39,0,,,,,
2014/10/29,21,12,0,,,,,
2014/10/29,22,10,0,,,,,
2014/10/29,23,11,0,,,,,
2014/10/29,24,9,0,,,,,
2014/10/30,01,10,0,,,,,
2014/10/30,02,8,0,,,,,
2014/10/30,03,7,0,,,,,
2014/10/30,04,8,0,,,,,
2014/10/30,05,8,0,,,,,
2014/10/30,06,8,0,,,,,
2014/10/30,07,9,0,,,,,
2014/10/30,08,33,0,,,,,
2014/10/30,09,129,0,,,,,
2014/10/30,10,163,0,,,,,
2014/10/30,11,169,1,,,,,
2014/10/30,12,168,2,,,,,
2014/10/30,13,100,2,,,,,
2014/10/30,14,164,2,,,,,
2014/10/30,15,164,2,,,,,
2014/10/30,16,155,2,,,,,
2014/10/30,17,165,2,,,,,
2014/10/30,18,118,1,,,,,
2014/10/30,19,70,0,,,,,
2014/10/30,20,37,0,,,,,
2014/10/30,21,16,0,,,,,
2014/10/30,22,15,0,,,,,
2014/10/30,23,13,0,,,,,
2014/10/30,24,14,0,,,,,
2014/10/31,01,12,0,,,,,
2014/10/31,02,12,0,,,,,
2014/10/31,03,10,0,,,,,
2014/10/31,04,11,0,,,,,
2014/10/31,05,9,0,,,,,
2014/10/31,06,9,0,,,,,
2014/10/31,07,10,0,,,,,
2014/10/31,08,39,0,,,,,
2014/10/31,09,119,0,,,,,
2014/10/31,10,143,0,,,,,
2014/10/31,11,153,0,,,,,
2014/10/31,12,159,1,,,,,
2014/10/31,13,99,1,,,,,
2014/10/31,14,149,1,,,,,
2014/10/31,15,161,1,,,,,
2014/10/31,16,156,0,,,,,
2014/10/31,17,159,0,,,,,
2014/10/31,18,99,0,,,,,
2014/10/31,19,38,0,,,,,
2014/10/31,20,12,0,,,,,
2014/10/31,21,12,0,,,,,
2014/10/31,22,12,0,,,,,
2014/10/31,23,10,0,,,,,
2014/10/31,24,11,0,,,,,
2014/11/01,01,9,0,,,,,
2014/11/01,02,10,0,,,,,
2014/11/01,03,8,0,,,,,
2014/11/01,04,10,0,,,,,
2014/11/01,05,8,0,,,,,
2014/11/01,06,9,0,,,,,
2014/11/01,07,9,0,,,,,
2014/11/01,08,15,0,,,,,
2014/11/01,09,54,0,,,,,
2014/11/01,10,68,0,,,,,
2014/11/01,11,65,0,,,,,
2014/11/01,12,65,0,,,,,
2014/11/01,13,24,0,,,,,
2014/11/01,14,43,0,,,,,
2014/11/01,15,42,0,,,,,
2014/11/01,16,28,0,,,,,
2014/11/01,17,27,0,,,,,
2014/11/01,18,20,0,,,,,
2014/11/01,19,11,0,,,,,
2014/11/01,20,9,0,,,,,
2014/11/01,21,10,0,,,,,
2014/11/01,22,8,0,,,,,
2014/11/01,23,10,0,,,,,
2014/11/01,24,8,0,,,,,
2014/11/02,01,10,0,,,,,
2014/11/02,02,8,0,,,,,
2014/11/02,03,9,0,,,,,
2014/11/02,04,8,0,,,,,
2014/11/02,05,8,0,,,,,
2014/11/02,06,10,0,,,,,
2014/11/02,07,8,0,,,,,
2014/11/02,08,9,0,,,,,
2014/11/02,09,8,0,,,,,
2014/11/02,10,10,0,,,,,
2014/11/02,11,8,0,,,,,
2014/11/02,12,10,0,,,,,
2014/11/02,13,8,0,,,,,
2014/11/02,14,10,0,,,,,
2014/11/02,15,8,0,,,,,
2014/11/02,16,10,0,,,,,
2014/11/02,17,8,0,,,,,
2014/11/02,18,9,0,,,,,
2014/11/02,19,8,0,,,,,
2014/11/02,20,9,0,,,,,
2014/11/02,21,8,0,,,,,
2014/11/02,22,8,0,,,,,
2014/11/02,23,9,0,,,,,
2014/11/02,24,8,0,,,,,
2014/11/03,01,8,0,,,,,
2014/11/03,02,9,0,,,,,
2014/11/03,03,8,0,,,,,
2014/11/03,04,8,0,,,,,
2014/11/03,05,9,0,,,,,
2014/11/03,06,8,0,,,,,
2014/11/03,07,8,0,,,,,
2014/11/03,08,16,0,,,,,
2014/11/03,09,36,0,,,,,
2014/11/03,10,62,0,,,,,
2014/11/03,11,42,0,,,,,
2014/11/03,12,51,0,,,,,
2014/11/03,13,19,0,,,,,
2014/11/03,14,57,0,,,,,
2014/11/03,15,31,0,,,,,
2014/11/03,16,23,0,,,,,
2014/11/03,17,9,0,,,,,
2014/11/03,18,8,0,,,,,
2014/11/03,19,7,0,,,,,
2014/11/03,20,9,0,,,,,
2014/11/03,21,8,0,,,,,
2014/11/03,22,8,0,,,,,
2014/11/03,23,9,0,,,,,
2014/11/03,24,8,0,,,,,
2014/11/04,01,7,0,,,,,
2014/11/04,02,7,0,,,,,
2014/11/04,03,8,0,,,,,
2014/11/04,04,7,0,,,,,
2014/11/04,05,7,0,,,,,
2014/11/04,06,7,0,,,,,
2014/11/04,07,8,0,,,,,
2014/11/04,08,31,0,,,,,
2014/11/04,09,107,0,,,,,
2014/11/04,10,132,0,,,,,
2014/11/04,11,134,0,,,,,
2014/11/04,12,139,1,,,,,
2014/11/04,13,100,1,,,,,
2014/11/04,14,151,1,,,,,
2014/11/04,15,157,2,,,,,
2014/11/04,16,154,1,,,,,
2014/11/04,17,162,1,,,,,
2014/11/04,18,122,1,,,,,
2014/11/04,19,79,0,,,,,
2014/11/04,20,57,0,,,,,
2014/11/04,21,13,0,,,,,
2014/11/04,22,10,0,,,,,
2014/11/04,23,10,0,,,,,
2014/11/04,24,9,0,,,,,
2014/11/05,01,8,0,,,,,
2014/11/05,02,10,0,,,,,
2014/11/05,03,8,0,,,,,
2014/11/05,04,7,0,,,,,
2014/11/05,05,9,0,,,,,
2014/11/05,06,8,0,,,,,
2014/11/05,07,8,0,,,,,
2014/11/05,08,42,0,,,,,
2014/11/05,09,125,0,,,,,
2014/11/05,10,168,0,,,,,
2014/11/05,11,162,0,,,,,
2014/11/05,12,161,0,,,,,
2014/11/05,13,98,0,,,,,
2014/11/05,14,157,0,,,,,
2014/11/05,15,172,1,,,,,
2014/11/05,16,165,0,,,,,
2014/11/05,17,157,0,,,,,
2014/11/05,18,126,0,,,,,
2014/11/05,19,93,0,,,,,
2014/11/05,20,49,0,,,,,
2014/11/05,21,12,0,,,,,
2014/11/05,22,10,0,,,,,
2014/11/05,23,11,0,,,,,
2014/11/05,24,9,0,,,,,
2014/11/06,01,10,0,,,,,
2014/11/06,02,8,0,,,,,
2014/11/06,03,9,0,,,,,
2014/11/06,04,8,0,,,,,
2014/11/06,05,9,0,,,,,
2014/11/06,06,8,0,,,,,
2014/11/06,07,10,0,,,,,
2014/11/06,08,42,0,,,,,
2014/11/06,09,129,0,,,,,
2014/11/06,10,166,0,,,,,
2014/11/06,11,158,0,,,,,
2014/11/06,12,144,0,,,,,
2014/11/06,13,89,0,,,,,
2014/11/06,14,162,0,,,,,
2014/11/06,15,167,1,,,,,
2014/11/06,16,160,0,,,,,
2014/11/06,17,149,0,,,,,
2014/11/06,18,141,0,,,,,
2014/11/06,19,119,0,,,,,
2014/11/06,20,49,0,,,,,
2014/11/06,21,12,0,,,,,
2014/11/06,22,10,0,,,,,
2014/11/06,23,11,0,,,,,
2014/11/06,24,9,0,,,,,
2014/11/07,01,10,0,,,,,
2014/11/07,02,8,0,,,,,
2014/11/07,03,9,0,,,,,
2014/11/07,04,8,0,,,,,
2014/11/07,05,8,0,,,,,
2014/11/07,06,10,0,,,,,
2014/11/07,07,8,0,,,,,
2014/11/07,08,37,0,,,,,
2014/11/07,09,123,0,,,,,
2014/11/07,10,153,0,,,,,
2014/11/07,11,160,0,,,,,
2014/11/07,12,161,0,,,,,
2014/11/07,13,100,0,,,,,
2014/11/07,14,159,0,,,,,
2014/11/07,15,162,0,,,,,
2014/11/07,16,154,0,,,,,
2014/11/07,17,160,0,,,,,
2014/11/07,18,115,1,,,,,
2014/11/07,19,47,0,,,,,
2014/11/07,20,11,0,,,,,
2014/11/07,21,12,0,,,,,
2014/11/07,22,10,0,,,,,
2014/11/07,23,11,0,,,,,
2014/11/07,24,8,0,,,,,
2014/11/08,01,10,0,,,,,
2014/11/08,02,8,0,,,,,
2014/11/08,03,8,0,,,,,
2014/11/08,04,9,0,,,,,
2014/11/08,05,8,0,,,,,
2014/11/08,06,8,0,,,,,
2014/11/08,07,8,0,,,,,
2014/11/08,08,54,0,,,,,
2014/11/08,09,118,0,,,,,
2014/11/08,10,139,0,,,,,
2014/11/08,11,139,0,,,,,
2014/11/08,12,143,0,,,,,
2014/11/08,13,102,0,,,,,
2014/11/08,14,161,0,,,,,
2014/11/08,15,169,0,,,,,
2014/11/08,16,167,0,,,,,
2014/11/08,17,165,0,,,,,
2014/11/08,18,78,0,,,,,
2014/11/08,19,16,0,,,,,
2014/11/08,20,15,0,,,,,
2014/11/08,21,12,0,,,,,
2014/11/08,22,13,0,,,,,
2014/11/08,23,11,0,,,,,
2014/11/08,24,11,0,,,,,
2014/11/09,01,10,0,,,,,
2014/11/09,02,11,0,,,,,
2014/11/09,03,9,0,,,,,
2014/11/09,04,9,0,,,,,
2014/11/09,05,10,0,,,,,
2014/11/09,06,9,0,,,,,
2014/11/09,07,9,0,,,,,
2014/11/09,08,8,0,,,,,
2014/11/09,09,8,0,,,,,
2014/11/09,10,9,0,,,,,
2014/11/09,11,8,0,,,,,
2014/11/09,12,8,0,,,,,
2014/11/09,13,10,0,,,,,
2014/11/09,14,8,0,,,,,
2014/11/09,15,8,0,,,,,
2014/11/09,16,9,0,,,,,
2014/11/09,17,8,0,,,,,
2014/11/09,18,8,0,,,,,
2014/11/09,19,9,0,,,,,
2014/11/09,20,8,0,,,,,
2014/11/09,21,8,0,,,,,
2014/11/09,22,9,0,,,,,
2014/11/09,23,8,0,,,,,
2014/11/09,24,8,0,,,,,
2014/11/10,01,9,0,,,,,
2014/11/10,02,8,0,,,,,
2014/11/10,03,8,0,,,,,
2014/11/10,04,9,0,,,,,
2014/11/10,05,8,0,,,,,
2014/11/10,06,8,0,,,,,
2014/11/10,07,9,0,,,,,
2014/11/10,08,60,0,,,,,
2014/11/10,09,125,0,,,,,
2014/11/10,10,169,0,,,,,
2014/11/10,11,163,0,,,,,
2014/11/10,12,155,0,,,,,
2014/11/10,13,92,0,,,,,
2014/11/10,14,136,0,,,,,
2014/11/10,15,141,0,,,,,
2014/11/10,16,144,0,,,,,
2014/11/10,17,158,0,,,,,
2014/11/10,18,160,0,,,,,
2014/11/10,19,101,0,,,,,
2014/11/10,20,56,0,,,,,
2014/11/10,21,12,0,,,,,
2014/11/10,22,12,0,,,,,
2014/11/10,23,10,0,,,,,
2014/11/10,24,10,0,,,,,
2014/11/11,01,11,0,,,,,
2014/11/11,02,9,0,,,,,
2014/11/11,03,8,0,,,,,
2014/11/11,04,9,0,,,,,
2014/11/11,05,8,0,,,,,
2014/11/11,06,8,0,,,,,
2014/11/11,07,9,0,,,,,
2014/11/11,08,60,0,,,,,
2014/11/11,09,138,0,,,,,
2014/11/11,10,180,0,,,,,
2014/11/11,11,182,0,,,,,
2014/11/11,12,181,0,,,,,
2014/11/11,13,96,0,,,,,
2014/11/11,14,171,0,,,,,
2014/11/11,15,146,0,,,,,
2014/11/11,16,134,1,,,,,
2014/11/11,17,139,1,,,,,
2014/11/11,18,116,1,,,,,
2014/11/11,19,85,0,,,,,
2014/11/11,20,35,0,,,,,
2014/11/11,21,11,0,,,,,
2014/11/11,22,9,0,,,,,
2014/11/11,23,10,0,,,,,
2014/11/11,24,8,0,,,,,
2014/11/12,01,10,0,,,,,
2014/11/12,02,9,0,,,,,
2014/11/12,03,8,0,,,,,
2014/11/12,04,9,0,,,,,
2014/11/12,05,8,0,,,,,
2014/11/12,06,8,0,,,,,
2014/11/12,07,9,0,,,,,
2014/11/12,08,33,0,,,,,
2014/11/12,09,135,0,,,,,
2014/11/12,10,176,0,,,,,
2014/11/12,11,166,0,,,,,
2014/11/12,12,180,0,,,,,
2014/11/12,13,98,0,,,,,
2014/11/12,14,182,0,,,,,
2014/11/12,15,176,0,,,,,
2014/11/12,16,158,0,,,,,
2014/11/12,17,175,0,,,,,
2014/11/12,18,127,0,,,,,
2014/11/12,19,84,0,,,,,
2014/11/12,20,37,0,,,,,
2014/11/12,21,15,0,,,,,
2014/11/12,22,13,0,,,,,
2014/11/12,23,14,0,,,,,
2014/11/12,24,11,0,,,,,
2014/11/13,01,12,0,,,,,
2014/11/13,02,9,0,,,,,
2014/11/13,03,9,0,,,,,
2014/11/13,04,8,0,,,,,
2014/11/13,05,8,0,,,,,
2014/11/13,06,8,0,,,,,
2014/11/13,07,9,0,,,,,
2014/11/13,08,44,0,,,,,
2014/11/13,09,122,0,,,,,
2014/11/13,10,148,0,,,,,
2014/11/13,11,149,0,,,,,
2014/11/13,12,153,0,,,,,
2014/11/13,13,103,0,,,,,
2014/11/13,14,151,0,,,,,
2014/11/13,15,157,0,,,,,
2014/11/13,16,159,0,,,,,
2014/11/13,17,154,0,,,,,
2014/11/13,18,155,0,,,,,
2014/11/13,19,117,0,,,,,
2014/11/13,20,53,0,,,,,
2014/11/13,21,12,0,,,,,
2014/11/13,22,12,0,,,,,
2014/11/13,23,9,0,,,,,
2014/11/13,24,8,0,,,,,
2014/11/14,01,10,0,,,,,
2014/11/14,02,8,0,,,,,
2014/11/14,03,8,0,,,,,
2014/11/14,04,8,0,,,,,
2014/11/14,05,9,0,,,,,
2014/11/14,06,8,0,,,,,
2014/11/14,07,9,0,,,,,
2014/11/14,08,66,0,,,,,
2014/11/14,09,136,0,,,,,
2014/11/14,10,168,0,,,,,
2014/11/14,11,161,0,,,,,
2014/11/14,12,170,0,,,,,
2014/11/14,13,103,0,,,,,
2014/11/14,14,175,0,,,,,
2014/11/14,15,170,0,,,,,
2014/11/14,16,165,0,,,,,
2014/11/14,17,163,0,,,,,
2014/11/14,18,124,0,,,,,
2014/11/14,19,55,0,,,,,
2014/11/14,20,15,0,,,,,
2014/11/14,21,14,0,,,,,
2014/11/14,22,11,0,,,,,
2014/11/14,23,11,0,,,,,
2014/11/14,24,9,0,,,,,
2014/11/15,01,8,0,,,,,
2014/11/15,02,8,0,,,,,
2014/11/15,03,9,0,,,,,
2014/11/15,04,7,0,,,,,
2014/11/15,05,7,0,,,,,
2014/11/15,06,8,0,,,,,
2014/11/15,07,8,0,,,,,
2014/11/15,08,35,0,,,,,
2014/11/15,09,108,0,,,,,
2014/11/15,10,129,0,,,,,
2014/11/15,11,122,0,,,,,
2014/11/15,12,135,0,,,,,
2014/11/15,13,93,0,,,,,
2014/11/15,14,138,0,,,,,
2014/11/15,15,128,0,,,,,
2014/11/15,16,113,0,,,,,
2014/11/15,17,122,0,,,,,
2014/11/15,18,68,0,,,,,
2014/11/15,19,11,0,,,,,
2014/11/15,20,10,0,,,,,
2014/11/15,21,8,0,,,,,
2014/11/15,22,9,0,,,,,
2014/11/15,23,8,0,,,,,
2014/11/15,24,8,0,,,,,
2014/11/16,01,9,0,,,,,
2014/11/16,02,8,0,,,,,
2014/11/16,03,8,0,,,,,
2014/11/16,04,8,0,,,,,
2014/11/16,05,8,0,,,,,
2014/11/16,06,9,0,,,,,
2014/11/16,07,8,0,,,,,
2014/11/16,08,7,0,,,,,
2014/11/16,09,8,0,,,,,
2014/11/16,10,8,0,,,,,
2014/11/16,11,9,0,,,,,
2014/11/16,12,7,0,,,,,
2014/11/16,13,8,0,,,,,
2014/11/16,14,8,0,,,,,
2014/11/16,15,9,0,,,,,
2014/11/16,16,8,0,,,,,
2014/11/16,17,8,0,,,,,
2014/11/16,18,9,0,,,,,
2014/11/16,19,8,0,,,,,
2014/11/16,20,8,0,,,,,
2014/11/16,21,8,0,,,,,
2014/11/16,22,8,0,,,,,
2014/11/16,23,9,0,,,,,
2014/11/16,24,8,0,,,,,
2014/11/17,01,8,0,,,,,
2014/11/17,02,8,0,,,,,
2014/11/17,03,7,0,,,,,
2014/11/17,04,8,0,,,,,
2014/11/17,05,8,0,,,,,
2014/11/17,06,9,0,,,,,
2014/11/17,07,8,0,,,,,
2014/11/17,08,50,0,,,,,
2014/11/17,09,132,0,,,,,
2014/11/17,10,181,2,,,,,
2014/11/17,11,174,4,,,,,
2014/11/17,12,155,2,,,,,
2014/11/17,13,105,1,,,,,
2014/11/17,14,158,1,,,,,
2014/11/17,15,158,1,,,,,
2014/11/17,16,163,0,,,,,
2014/11/17,17,175,0,,,,,
2014/11/17,18,143,0,,,,,
2014/11/17,19,92,0,,,,,
2014/11/17,20,50,0,,,,,
2014/11/17,21,13,0,,,,,
2014/11/17,22,14,0,,,,,
2014/11/17,23,12,0,,,,,
2014/11/17,24,12,0,,,,,
2014/11/18,01,11,0,,,,,
2014/11/18,02,10,0,,,,,
2014/11/18,03,10,0,,,,,
2014/11/18,04,11,0,,,,,
2014/11/18,05,9,0,,,,,
2014/11/18,06,9,0,,,,,
2014/11/18,07,9,0,,,,,
2014/11/18,08,50,0,,,,,
2014/11/18,09,128,0,,,,,
2014/11/18,10,151,0,,,,,
2014/11/18,11,156,0,,,,,
2014/11/18,12,157,0,,,,,
2014/11/18,13,116,0,,,,,
2014/11/18,14,182,0,,,,,
2014/11/18,15,181,0,,,,,
2014/11/18,16,167,0,,,,,
2014/11/18,17,177,0,,,,,
2014/11/18,18,157,0,,,,,
2014/11/18,19,119,0,,,,,
2014/11/18,20,57,0,,,,,
2014/11/18,21,15,0,,,,,
2014/11/18,22,11,0,,,,,
2014/11/18,23,11,0,,,,,
2014/11/18,24,11,0,,,,,
2014/11/19,01,10,0,,,,,
2014/11/19,02,9,0,,,,,
2014/11/19,03,10,0,,,,,
2014/11/19,04,10,0,,,,,
2014/11/19,05,9,0,,,,,
2014/11/19,06,9,0,,,,,
2014/11/19,07,10,0,,,,,
2014/11/19,08,41,0,,,,,
2014/11/19,09,142,0,,,,,
2014/11/19,10,196,0,,,,,
2014/11/19,11,195,0,,,,,
2014/11/19,12,198,0,,,,,
2014/11/19,13,126,0,,,,,
2014/11/19,14,185,0,,,,,
2014/11/19,15,200,0,,,,,
2014/11/19,16,205,0,,,,,
2014/11/19,17,200,0,,,,,
2014/11/19,18,163,0,,,,,
2014/11/19,19,97,0,,,,,
2014/11/19,20,54,0,,,,,
2014/11/19,21,25,0,,,,,
2014/11/19,22,17,0,,,,,
2014/11/19,23,18,0,,,,,
2014/11/19,24,16,0,,,,,
2014/11/20,01,16,0,,,,,
2014/11/20,02,15,0,,,,,
2014/11/20,03,15,0,,,,,
2014/11/20,04,14,0,,,,,
2014/11/20,05,14,0,,,,,
2014/11/20,06,14,0,,,,,
2014/11/20,07,15,0,,,,,
2014/11/20,08,55,0,,,,,
2014/11/20,09,144,0,,,,,
2014/11/20,10,177,2,,,,,
2014/11/20,11,176,0,,,,,
2014/11/20,12,174,0,,,,,
2014/11/20,13,123,0,,,,,
2014/11/20,14,191,0,,,,,
2014/11/20,15,211,0,,,,,
2014/11/20,16,206,0,,,,,
2014/11/20,17,189,0,,,,,
2014/11/20,18,125,0,,,,,
2014/11/20,19,71,0,,,,,
2014/11/20,20,54,0,,,,,
2014/11/20,21,19,0,,,,,
2014/11/20,22,16,0,,,,,
2014/11/20,23,16,0,,,,,
2014/11/20,24,16,0,,,,,
2014/11/21,01,14,0,,,,,
2014/11/21,02,13,0,,,,,
2014/11/21,03,13,0,,,,,
2014/11/21,04,13,0,,,,,
2014/11/21,05,15,0,,,,,
2014/11/21,06,13,0,,,,,
2014/11/21,07,14,0,,,,,
2014/11/21,08,60,0,,,,,
2014/11/21,09,186,2,,,,,
2014/11/21,10,251,4,,,,,
2014/11/21,11,242,0,,,,,
2014/11/21,12,232,0,,,,,
2014/11/21,13,156,0,,,,,
2014/11/21,14,226,0,,,,,
2014/11/21,15,213,0,,,,,
2014/11/21,16,166,0,,,,,
2014/11/21,17,166,0,,,,,
2014/11/21,18,94,0,,,,,
2014/11/21,19,25,0,,,,,
2014/11/21,20,21,0,,,,,
2014/11/21,21,19,0,,,,,
2014/11/21,22,20,0,,,,,
2014/11/21,23,18,0,,,,,
2014/11/21,24,18,0,,,,,
2014/11/22,01,16,0,,,,,
2014/11/22,02,16,0,,,,,
2014/11/22,03,15,0,,,,,
2014/11/22,04,16,0,,,,,
2014/11/22,05,13,0,,,,,
2014/11/22,06,14,0,,,,,
2014/11/22,07,14,0,,,,,
2014/11/22,08,88,0,,,,,
2014/11/22,09,175,5,,,,,
2014/11/22,10,236,0,,,,,
2014/11/22,11,233,0,,,,,
2014/11/22,12,223,0,,,,,
2014/11/22,13,158,0,,,,,
2014/11/22,14,173,0,,,,,
2014/11/22,15,177,0,,,,,
2014/11/22,16,186,0,,,,,
2014/11/22,17,189,0,,,,,
2014/11/22,18,93,0,,,,,
2014/11/22,19,19,0,,,,,
2014/11/22,20,17,0,,,,,
2014/11/22,21,17,0,,,,,
2014/11/22,22,15,0,,,,,
2014/11/22,23,17,0,,,,,
2014/11/22,24,14,0,,,,,
2014/11/23,01,15,0,,,,,
2014/11/23,02,14,0,,,,,
2014/11/23,03,14,0,,,,,
2014/11/23,04,15,0,,,,,
2014/11/23,05,13,0,,,,,
2014/11/23,06,14,0,,,,,
2014/11/23,07,13,0,,,,,
2014/11/23,08,15,0,,,,,
2014/11/23,09,14,0,,,,,
2014/11/23,10,14,0,,,,,
2014/11/23,11,13,0,,,,,
2014/11/23,12,15,0,,,,,
2014/11/23,13,14,0,,,,,
2014/11/23,14,14,0,,,,,
2014/11/23,15,15,0,,,,,
2014/11/23,16,14,0,,,,,
2014/11/23,17,15,0,,,,,
2014/11/23,18,14,0,,,,,
2014/11/23,19,13,0,,,,,
2014/11/23,20,14,0,,,,,
2014/11/23,21,15,0,,,,,
2014/11/23,22,14,0,,,,,
2014/11/23,23,14,0,,,,,
2014/11/23,24,14,0,,,,,
2014/11/24,01,15,0,,,,,
2014/11/24,02,14,0,,,,,
2014/11/24,03,14,0,,,,,
2014/11/24,04,14,0,,,,,
2014/11/24,05,15,0,,,,,
2014/11/24,06,14,0,,,,,
2014/11/24,07,13,0,,,,,
2014/11/24,08,22,0,,,,,
2014/11/24,09,54,0,,,,,
2014/11/24,10,55,0,,,,,
2014/11/24,11,80,0,,,,,
2014/11/24,12,71,0,,,,,
2014/11/24,13,50,0,,,,,
2014/11/24,14,77,0,,,,,
2014/11/24,15,112,0,,,,,
2014/11/24,16,117,0,,,,,
2014/11/24,17,92,0,,,,,
2014/11/24,18,44,0,,,,,
2014/11/24,19,13,0,,,,,
2014/11/24,20,15,0,,,,,
2014/11/24,21,14,0,,,,,
2014/11/24,22,15,0,,,,,
2014/11/24,23,14,0,,,,,
2014/11/24,24,13,0,,,,,
2014/11/25,01,15,0,,,,,
2014/11/25,02,13,0,,,,,
2014/11/25,03,14,0,,,,,
2014/11/25,04,15,0,,,,,
2014/11/25,05,13,0,,,,,
2014/11/25,06,14,0,,,,,
2014/11/25,07,15,0,,,,,
2014/11/25,08,32,0,,,,,
2014/11/25,09,123,0,,,,,
2014/11/25,10,157,0,,,,,
2014/11/25,11,155,0,,,,,
2014/11/25,12,169,0,,,,,
2014/11/25,13,109,0,,,,,
2014/11/25,14,170,0,,,,,
2014/11/25,15,175,0,,,,,
2014/11/25,16,164,0,,,,,
2014/11/25,17,174,0,,,,,
2014/11/25,18,145,0,,,,,
2014/11/25,19,118,0,,,,,
2014/11/25,20,62,0,,,,,
2014/11/25,21,21,0,,,,,
2014/11/25,22,18,0,,,,,
2014/11/25,23,19,0,,,,,
2014/11/25,24,17,0,,,,,
2014/11/26,01,16,0,,,,,
2014/11/26,02,17,0,,,,,
2014/11/26,03,15,0,,,,,
2014/11/26,04,17,0,,,,,
2014/11/26,05,15,0,,,,,
2014/11/26,06,15,0,,,,,
2014/11/26,07,16,0,,,,,
2014/11/26,08,39,0,,,,,
2014/11/26,09,133,0,,,,,
2014/11/26,10,180,0,,,,,
2014/11/26,11,170,0,,,,,
2014/11/26,12,155,0,,,,,
2014/11/26,13,102,0,,,,,
2014/11/26,14,146,0,,,,,
2014/11/26,15,143,0,,,,,
2014/11/26,16,156,0,,,,,
2014/11/26,17,160,0,,,,,
2014/11/26,18,130,0,,,,,
2014/11/26,19,71,0,,,,,
2014/11/26,20,33,0,,,,,
2014/11/26,21,19,0,,,,,
2014/11/26,22,16,0,,,,,
2014/11/26,23,17,0,,,,,
2014/11/26,24,15,0,,,,,
2014/11/27,01,16,0,,,,,
2014/11/27,02,15,0,,,,,
2014/11/27,03,14,0,,,,,
2014/11/27,04,15,0,,,,,
2014/11/27,05,13,0,,,,,
2014/11/27,06,13,0,,,,,
2014/11/27,07,14,0,,,,,
2014/11/27,08,44,0,,,,,
2014/11/27,09,121,0,,,,,
2014/11/27,10,138,0,,,,,
2014/11/27,11,160,0,,,,,
2014/11/27,12,187,0,,,,,
2014/11/27,13,109,0,,,,,
2014/11/27,14,181,0,,,,,
2014/11/27,15,168,0,,,,,
2014/11/27,16,178,1,,,,,
2014/11/27,17,181,1,,,,,
2014/11/27,18,139,1,,,,,
2014/11/27,19,75,0,,,,,
2014/11/27,20,21,0,,,,,
2014/11/27,21,17,0,,,,,
2014/11/27,22,17,0,,,,,
2014/11/27,23,16,0,,,,,
2014/11/27,24,17,0,,,,,
2014/11/28,01,14,0,,,,,
2014/11/28,02,14,0,,,,,
2014/11/28,03,14,0,,,,,
2014/11/28,04,16,0,,,,,
2014/11/28,05,14,0,,,,,
2014/11/28,06,14,0,,,,,
2014/11/28,07,15,0,,,,,
2014/11/28,08,45,0,,,,,
2014/11/28,09,142,0,,,,,
2014/11/28,10,182,0,,,,,
2014/11/28,11,183,0,,,,,
2014/11/28,12,175,0,,,,,
2014/11/28,13,107,0,,,,,
2014/11/28,14,166,0,,,,,
2014/11/28,15,174,0,,,,,
2014/11/28,16,176,1,,,,,
2014/11/28,17,184,1,,,,,
2014/11/28,18,102,0,,,,,
2014/11/28,19,23,0,,,,,
2014/11/28,20,20,0,,,,,
2014/11/28,21,20,0,,,,,
2014/11/28,22,20,0,,,,,
2014/11/28,23,18,0,,,,,
2014/11/28,24,18,0,,,,,
2014/11/29,01,16,0,,,,,
2014/11/29,02,15,0,,,,,
2014/11/29,03,16,0,,,,,
2014/11/29,04,14,0,,,,,
2014/11/29,05,15,0,,,,,
2014/11/29,06,13,0,,,,,
2014/11/29,07,15,0,,,,,
2014/11/29,08,47,0,,,,,
2014/11/29,09,137,0,,,,,
2014/11/29,10,187,0,,,,,
2014/11/29,11,180,0,,,,,
2014/11/29,12,176,0,,,,,
2014/11/29,13,112,0,,,,,
2014/11/29,14,183,0,,,,,
2014/11/29,15,163,0,,,,,
2014/11/29,16,145,0,,,,,
2014/11/29,17,151,0,,,,,
2014/11/29,18,83,0,,,,,
2014/11/29,19,18,0,,,,,
2014/11/29,20,17,0,,,,,
2014/11/29,21,17,0,,,,,
2014/11/29,22,15,0,,,,,
2014/11/29,23,14,0,,,,,
2014/11/29,24,16,0,,,,,
2014/11/30,01,14,0,,,,,
2014/11/30,02,15,0,,,,,
2014/11/30,03,13,0,,,,,
2014/11/30,04,14,0,,,,,
2014/11/30,05,15,0,,,,,
2014/11/30,06,13,0,,,,,
2014/11/30,07,14,0,,,,,
2014/11/30,08,14,0,,,,,
2014/11/30,09,15,0,,,,,
2014/11/30,10,13,0,,,,,
2014/11/30,11,13,0,,,,,
2014/11/30,12,15,0,,,,,
2014/11/30,13,14,0,,,,,
2014/11/30,14,13,0,,,,,
2014/11/30,15,15,0,,,,,
2014/11/30,16,13,0,,,,,
2014/11/30,17,13,0,,,,,
2014/11/30,18,15,0,,,,,
2014/11/30,19,13,0,,,,,
2014/11/30,20,14,0,,,,,
2014/11/30,21,15,0,,,,,
2014/11/30,22,14,0,,,,,
2014/11/30,23,14,0,,,,,
2014/11/30,24,15,0,,,,,
2014/12/01,01,14,0,,,,,
2014/12/01,02,14,0,,,,,
2014/12/01,03,15,0,,,,,
2014/12/01,04,14,0,,,,,
2014/12/01,05,14,0,,,,,
2014/12/01,06,15,0,,,,,
2014/12/01,07,14,0,,,,,
2014/12/01,08,52,0,,,,,
2014/12/01,09,129,0,,,,,
2014/12/01,10,168,0,,,,,
2014/12/01,11,164,0,,,,,
2014/12/01,12,152,0,,,,,
2014/12/01,13,101,0,,,,,
2014/12/01,14,154,0,,,,,
2014/12/01,15,153,0,,,,,
2014/12/01,16,150,0,,,,,
2014/12/01,17,159,0,,,,,
2014/12/01,18,95,0,,,,,
2014/12/01,19,41,0,,,,,
2014/12/01,20,36,0,,,,,
2014/12/01,21,17,0,,,,,
2014/12/01,22,16,0,,,,,
2014/12/01,23,16,0,,,,,
2014/12/01,24,15,0,,,,,
2014/12/02,01,14,0,,,,,
2014/12/02,02,13,0,,,,,
2014/12/02,03,15,0,,,,,
2014/12/02,04,13,0,,,,,
2014/12/02,05,13,0,,,,,
2014/12/02,06,14,0,,,,,
2014/12/02,07,13,0,,,,,
2014/12/02,08,62,0,,,,,
2014/12/02,09,152,0,,,,,
2014/12/02,10,204,5,,,,,
2014/12/02,11,183,8,,,,,
2014/12/02,12,196,9,,,,,
2014/12/02,13,146,9,,,,,
2014/12/02,14,203,8,,,,,
2014/12/02,15,212,9,,,,,
2014/12/02,16,197,9,,,,,
2014/12/02,17,177,8,,,,,
2014/12/02,18,135,13,,,,,
2014/12/02,19,84,8,,,,,
2014/12/02,20,40,1,,,,,
2014/12/02,21,18,0,,,,,
2014/12/02,22,16,0,,,,,
2014/12/02,23,16,0,,,,,
2014/12/02,24,15,0,,,,,
2014/12/03,01,15,0,,,,,
2014/12/03,02,16,0,,,,,
2014/12/03,03,14,0,,,,,
2014/12/03,04,14,0,,,,,
2014/12/03,05,14,0,,,,,
2014/12/03,06,13,0,,,,,
2014/12/03,07,14,0,,,,,
2014/12/03,08,76,0,,,,,
2014/12/03,09,169,3,,,,,
2014/12/03,10,200,8,,,,,
2014/12/03,11,195,8,,,,,
2014/12/03,12,202,9,,,,,
2014/12/03,13,139,8,,,,,
2014/12/03,14,209,9,,,,,
2014/12/03,15,207,8,,,,,
2014/12/03,16,199,9,,,,,
2014/12/03,17,190,8,,,,,
2014/12/03,18,160,8,,,,,
2014/12/03,19,116,9,,,,,
2014/12/03,20,52,8,,,,,
2014/12/03,21,18,1,,,,,
2014/12/03,22,18,0,,,,,
2014/12/03,23,16,0,,,,,
2014/12/03,24,15,0,,,,,
2014/12/04,01,16,0,,,,,
2014/12/04,02,14,0,,,,,
2014/12/04,03,13,0,,,,,
2014/12/04,04,15,0,,,,,
2014/12/04,05,13,0,,,,,
2014/12/04,06,13,0,,,,,
2014/12/04,07,13,0,,,,,
2014/12/04,08,53,0,,,,,
2014/12/04,09,148,2,,,,,
2014/12/04,10,208,8,,,,,
2014/12/04,11,204,8,,,,,
2014/12/04,12,201,15,,,,,
2014/12/04,13,145,13,,,,,
2014/12/04,14,216,12,,,,,
2014/12/04,15,218,12,,,,,
2014/12/04,16,217,11,,,,,
2014/12/04,17,224,11,,,,,
2014/12/04,18,203,8,,,,,
2014/12/04,19,154,8,,,,,
2014/12/04,20,76,8,,,,,
2014/12/04,21,16,0,,,,,
2014/12/04,22,18,0,,,,,
2014/12/04,23,16,0,,,,,
2014/12/04,24,15,0,,,,,
2014/12/05,01,16,0,,,,,
2014/12/05,02,14,0,,,,,
2014/12/05,03,14,0,,,,,
2014/12/05,04,14,0,,,,,
2014/12/05,05,14,0,,,,,
2014/12/05,06,14,0,,,,,
2014/12/05,07,16,0,,,,,
2014/12/05,08,64,0,,,,,
2014/12/05,09,194,4,,,,,
2014/12/05,10,247,15,,,,,
2014/12/05,11,237,14,,,,,
2014/12/05,12,241,13,,,,,
2014/12/05,13,164,11,,,,,
2014/12/05,14,233,12,,,,,
2014/12/05,15,214,11,,,,,
2014/12/05,16,220,12,,,,,
2014/12/05,17,222,12,,,,,
2014/12/05,18,154,13,,,,,
2014/12/05,19,104,0,,,,,
2014/12/05,20,70,0,,,,,
2014/12/05,21,18,0,,,,,
2014/12/05,22,16,0,,,,,
2014/12/05,23,16,0,,,,,
2014/12/05,24,15,0,,,,,
2014/12/06,01,15,0,,,,,
2014/12/06,02,15,0,,,,,
2014/12/06,03,15,0,,,,,
2014/12/06,04,14,0,,,,,
2014/12/06,05,14,0,,,,,
2014/12/06,06,14,0,,,,,
2014/12/06,07,15,0,,,,,
2014/12/06,08,80,0,,,,,
2014/12/06,09,184,3,,,,,
2014/12/06,10,201,8,,,,,
2014/12/06,11,207,8,,,,,
2014/12/06,12,209,9,,,,,
2014/12/06,13,164,8,,,,,
2014/12/06,14,245,10,,,,,
2014/12/06,15,232,9,,,,,
2014/12/06,16,229,9,,,,,
2014/12/06,17,228,9,,,,,
2014/12/06,18,119,5,,,,,
2014/12/06,19,20,0,,,,,
2014/12/06,20,19,0,,,,,
2014/12/06,21,18,0,,,,,
2014/12/06,22,17,0,,,,,
2014/12/06,23,16,0,,,,,
2014/12/06,24,16,0,,,,,
2014/12/07,01,15,0,,,,,
2014/12/07,02,15,0,,,,,
2014/12/07,03,15,0,,,,,
2014/12/07,04,15,0,,,,,
2014/12/07,05,14,0,,,,,
2014/12/07,06,14,0,,,,,
2014/12/07,07,13,0,,,,,
2014/12/07,08,13,0,,,,,
2014/12/07,09,13,0,,,,,
2014/12/07,10,13,0,,,,,
2014/12/07,11,15,0,,,,,
2014/12/07,12,13,0,,,,,
2014/12/07,13,13,0,,,,,
2014/12/07,14,14,0,,,,,
2014/12/07,15,13,0,,,,,
2014/12/07,16,14,0,,,,,
2014/12/07,17,14,0,,,,,
2014/12/07,18,14,0,,,,,
2014/12/07,19,13,0,,,,,
2014/12/07,20,13,0,,,,,
2014/12/07,21,13,0,,,,,
2014/12/07,22,13,0,,,,,
2014/12/07,23,14,0,,,,,
2014/12/07,24,13,0,,,,,
2014/12/08,01,13,0,,,,,
2014/12/08,02,14,0,,,,,
2014/12/08,03,13,0,,,,,
2014/12/08,04,13,0,,,,,
2014/12/08,05,13,0,,,,,
2014/12/08,06,14,0,,,,,
2014/12/08,07,14,0,,,,,
2014/12/08,08,93,0,,,,,
2014/12/08,09,190,3,,,,,
2014/12/08,10,235,6,,,,,
2014/12/08,11,227,7,,,,,
2014/12/08,12,223,7,,,,,
2014/12/08,13,163,10,,,,,
2014/12/08,14,223,10,,,,,
2014/12/08,15,219,9,,,,,
2014/12/08,16,202,10,,,,,
2014/12/08,17,200,10,,,,,
2014/12/08,18,185,9,,,,,
2014/12/08,19,103,9,,,,,
2014/12/08,20,55,1,,,,,
2014/12/08,21,19,0,,,,,
2014/12/08,22,17,0,,,,,
2014/12/08,23,17,0,,,,,
2014/12/08,24,17,0,,,,,
2014/12/09,01,16,0,,,,,
2014/12/09,02,15,0,,,,,
2014/12/09,03,15,0,,,,,
2014/12/09,04,14,0,,,,,
2014/12/09,05,14,0,,,,,
2014/12/09,06,15,0,,,,,
2014/12/09,07,16,0,,,,,
2014/12/09,08,59,0,,,,,
2014/12/09,09,181,1,,,,,
2014/12/09,10,251,6,,,,,
2014/12/09,11,243,8,,,,,
2014/12/09,12,244,8,,,,,
2014/12/09,13,159,8,,,,,
2014/12/09,14,237,8,,,,,
2014/12/09,15,225,10,,,,,
2014/12/09,16,207,10,,,,,
2014/12/09,17,211,10,,,,,
2014/12/09,18,166,9,,,,,
2014/12/09,19,120,8,,,,,
2014/12/09,20,50,1,,,,,
2014/12/09,21,18,0,,,,,
2014/12/09,22,17,0,,,,,
2014/12/09,23,16,0,,,,,
2014/12/09,24,17,0,,,,,
2014/12/10,01,15,0,,,,,
2014/12/10,02,14,0,,,,,
2014/12/10,03,14,0,,,,,
2014/12/10,04,13,0,,,,,
2014/12/10,05,13,0,,,,,
2014/12/10,06,14,0,,,,,
2014/12/10,07,15,0,,,,,
2014/12/10,08,51,0,,,,,
2014/12/10,09,176,3,,,,,
2014/12/10,10,238,8,,,,,
2014/12/10,11,231,8,,,,,
2014/12/10,12,233,8,,,,,
2014/12/10,13,161,9,,,,,
2014/12/10,14,234,8,,,,,
2014/12/10,15,206,10,,,,,
2014/12/10,16,199,10,,,,,
2014/12/10,17,214,9,,,,,
2014/12/10,18,203,8,,,,,
2014/12/10,19,109,0,,,,,
2014/12/10,20,38,0,,,,,
2014/12/10,21,16,0,,,,,
2014/12/10,22,17,0,,,,,
2014/12/10,23,16,0,,,,,
2014/12/10,24,15,0,,,,,
2014/12/11,01,15,0,,,,,
2014/12/11,02,16,0,,,,,
2014/12/11,03,15,0,,,,,
2014/12/11,04,14,0,,,,,
2014/12/11,05,15,0,,,,,
2014/12/11,06,14,0,,,,,
2014/12/11,07,14,0,,,,,
2014/12/11,08,54,0,,,,,
2014/12/11,09,171,0,,,,,
2014/12/11,10,229,0,,,,,
2014/12/11,11,169,0,,,,,
2014/12/11,12,171,0,,,,,
2014/12/11,13,139,0,,,,,
2014/12/11,14,211,8,,,,,
2014/12/11,15,208,11,,,,,
2014/12/11,16,209,7,,,,,
2014/12/11,17,220,0,,,,,
2014/12/11,18,200,0,,,,,
2014/12/11,19,175,0,,,,,
2014/12/11,20,75,0,,,,,
2014/12/11,21,17,0,,,,,
2014/12/11,22,19,0,,,,,
2014/12/11,23,17,0,,,,,
2014/12/11,24,16,0,,,,,
2014/12/12,01,17,0,,,,,
2014/12/12,02,15,0,,,,,
2014/12/12,03,15,0,,,,,
2014/12/12,04,15,0,,,,,
2014/12/12,05,16,0,,,,,
2014/12/12,06,14,0,,,,,
2014/12/12,07,14,0,,,,,
2014/12/12,08,86,0,,,,,
2014/12/12,09,202,2,,,,,
2014/12/12,10,244,7,,,,,
2014/12/12,11,249,8,,,,,
2014/12/12,12,250,6,,,,,
2014/12/12,13,170,8,,,,,
2014/12/12,14,241,7,,,,,
2014/12/12,15,236,7,,,,,
2014/12/12,16,219,6,,,,,
2014/12/12,17,228,0,,,,,
2014/12/12,18,118,1,,,,,
2014/12/12,19,21,0,,,,,
2014/12/12,20,19,0,,,,,
2014/12/12,21,20,0,,,,,
2014/12/12,22,18,0,,,,,
2014/12/12,23,18,0,,,,,
2014/12/12,24,19,0,,,,,
2014/12/13,01,17,0,,,,,
2014/12/13,02,17,0,,,,,
2014/12/13,03,16,0,,,,,
2014/12/13,04,16,0,,,,,
2014/12/13,05,16,0,,,,,
2014/12/13,06,16,0,,,,,
2014/12/13,07,16,0,,,,,
2014/12/13,08,22,0,,,,,
2014/12/13,09,85,0,,,,,
2014/12/13,10,110,0,,,,,
2014/12/13,11,116,0,,,,,
2014/12/13,12,114,0,,,,,
2014/12/13,13,103,0,,,,,
2014/12/13,14,141,0,,,,,
2014/12/13,15,157,0,,,,,
2014/12/13,16,140,0,,,,,
2014/12/13,17,154,0,,,,,
2014/12/13,18,75,0,,,,,
2014/12/13,19,19,0,,,,,
2014/12/13,20,18,0,,,,,
2014/12/13,21,17,0,,,,,
2014/12/13,22,16,0,,,,,
2014/12/13,23,17,0,,,,,
2014/12/13,24,15,0,,,,,
2014/12/14,01,15,0,,,,,
2014/12/14,02,15,0,,,,,
2014/12/14,03,14,0,,,,,
2014/12/14,04,14,0,,,,,
2014/12/14,05,13,0,,,,,
2014/12/14,06,13,0,,,,,
2014/12/14,07,13,0,,,,,
2014/12/14,08,14,0,,,,,
2014/12/14,09,13,0,,,,,
2014/12/14,10,13,0,,,,,
2014/12/14,11,13,0,,,,,
2014/12/14,12,14,0,,,,,
2014/12/14,13,13,0,,,,,
2014/12/14,14,13,0,,,,,
2014/12/14,15,15,0,,,,,
2014/12/14,16,13,0,,,,,
2014/12/14,17,13,0,,,,,
2014/12/14,18,13,0,,,,,
2014/12/14,19,13,0,,,,,
2014/12/14,20,13,0,,,,,
2014/12/14,21,13,0,,,,,
2014/12/14,22,13,0,,,,,
2014/12/14,23,14,0,,,,,
2014/12/14,24,13,0,,,,,
2014/12/15,01,14,0,,,,,
2014/12/15,02,14,0,,,,,
2014/12/15,03,13,0,,,,,
2014/12/15,04,13,0,,,,,
2014/12/15,05,13,0,,,,,
2014/12/15,06,13,0,,,,,
2014/12/15,07,14,0,,,,,
2014/12/15,08,68,0,,,,,
2014/12/15,09,154,1,,,,,
2014/12/15,10,191,8,,,,,
2014/12/15,11,221,8,,,,,
2014/12/15,12,245,8,,,,,
2014/12/15,13,162,8,,,,,
2014/12/15,14,228,8,,,,,
2014/12/15,15,218,9,,,,,
2014/12/15,16,210,8,,,,,
2014/12/15,17,210,10,,,,,
2014/12/15,18,162,7,,,,,
2014/12/15,19,88,0,,,,,
2014/12/15,20,53,0,,,,,
2014/12/15,21,17,0,,,,,
2014/12/15,22,15,0,,,,,
2014/12/15,23,16,0,,,,,
2014/12/15,24,14,0,,,,,
2014/12/16,01,14,0,,,,,
2014/12/16,02,14,0,,,,,
2014/12/16,03,13,0,,,,,
2014/12/16,04,15,0,,,,,
2014/12/16,05,13,0,,,,,
2014/12/16,06,13,0,,,,,
2014/12/16,07,14,0,,,,,
2014/12/16,08,105,0,,,,,
2014/12/16,09,189,3,,,,,
2014/12/16,10,223,8,,,,,
2014/12/16,11,218,8,,,,,
2014/12/16,12,213,8,,,,,
2014/12/16,13,157,8,,,,,
2014/12/16,14,224,8,,,,,
2014/12/16,15,216,8,,,,,
2014/12/16,16,189,8,,,,,
2014/12/16,17,205,8,,,,,
2014/12/16,18,145,7,,,,,
2014/12/16,19,69,0,,,,,
2014/12/16,20,29,0,,,,,
2014/12/16,21,13,0,,,,,
2014/12/16,22,11,0,,,,,
2014/12/16,23,10,0,,,,,
2014/12/16,24,10,0,,,,,
2014/12/17,01,9,0,,,,,
2014/12/17,02,8,0,,,,,
2014/12/17,03,8,0,,,,,
2014/12/17,04,8,0,,,,,
2014/12/17,05,7,0,,,,,
2014/12/17,06,8,0,,,,,
2014/12/17,07,9,0,,,,,
2014/12/17,08,112,0,,,,,
2014/12/17,09,192,2,,,,,
2014/12/17,10,225,7,,,,,
2014/12/17,11,234,8,,,,,
2014/12/17,12,230,8,,,,,
2014/12/17,13,175,8,,,,,
2014/12/17,14,232,8,,,,,
2014/12/17,15,228,9,,,,,
2014/12/17,16,219,8,,,,,
2014/12/17,17,229,7,,,,,
2014/12/17,18,162,7,,,,,
2014/12/17,19,77,0,,,,,
2014/12/17,20,35,0,,,,,
2014/12/17,21,11,0,,,,,
2014/12/17,22,10,0,,,,,
2014/12/17,23,10,0,,,,,
2014/12/17,24,9,0,,,,,
2014/12/18,01,9,0,,,,,
2014/12/18,02,8,0,,,,,
2014/12/18,03,8,0,,,,,
2014/12/18,04,8,0,,,,,
2014/12/18,05,8,0,,,,,
2014/12/18,06,8,0,,,,,
2014/12/18,07,8,0,,,,,
2014/12/18,08,70,0,,,,,
2014/12/18,09,189,3,,,,,
2014/12/18,10,215,7,,,,,
2014/12/18,11,214,8,,,,,
2014/12/18,12,223,8,,,,,
2014/12/18,13,146,8,,,,,
2014/12/18,14,217,8,,,,,
2014/12/18,15,214,9,,,,,
2014/12/18,16,210,8,,,,,
2014/12/18,17,216,8,,,,,
2014/12/18,18,144,9,,,,,
2014/12/18,19,61,0,,,,,
2014/12/18,20,33,0,,,,,
2014/12/18,21,10,0,,,,,
2014/12/18,22,10,0,,,,,
2014/12/18,23,10,0,,,,,
2014/12/18,24,8,0,,,,,
2014/12/19,01,8,0,,,,,
2014/12/19,02,7,0,,,,,
2014/12/19,03,8,0,,,,,
2014/12/19,04,8,0,,,,,
2014/12/19,05,7,0,,,,,
2014/12/19,06,8,0,,,,,
2014/12/19,07,8,0,,,,,
2014/12/19,08,60,0,,,,,
2014/12/19,09,165,2,,,,,
2014/12/19,10,202,7,,,,,
2014/12/19,11,198,7,,,,,
2014/12/19,12,206,8,,,,,
2014/12/19,13,148,8,,,,,
2014/12/19,14,206,8,,,,,
2014/12/19,15,186,8,,,,,
2014/12/19,16,179,9,,,,,
2014/12/19,17,190,8,,,,,
2014/12/19,18,102,7,,,,,
2014/12/19,19,32,0,,,,,
2014/12/19,20,26,0,,,,,
2014/12/19,21,18,0,,,,,
2014/12/19,22,16,0,,,,,
2014/12/19,23,10,0,,,,,
2014/12/19,24,8,0,,,,,
2014/12/20,01,8,0,,,,,
2014/12/20,02,8,0,,,,,
2014/12/20,03,9,0,,,,,
2014/12/20,04,7,0,,,,,
2014/12/20,05,8,0,,,,,
2014/12/20,06,8,0,,,,,
2014/12/20,07,8,0,,,,,
2014/12/20,08,13,0,,,,,
2014/12/20,09,53,0,,,,,
2014/12/20,10,59,0,,,,,
2014/12/20,11,54,0,,,,,
2014/12/20,12,59,0,,,,,
2014/12/20,13,86,0,,,,,
2014/12/20,14,117,0,,,,,
2014/12/20,15,113,0,,,,,
2014/12/20,16,98,0,,,,,
2014/12/20,17,114,0,,,,,
2014/12/20,18,54,0,,,,,
2014/12/20,19,11,0,,,,,
2014/12/20,20,12,0,,,,,
2014/12/20,21,10,0,,,,,
2014/12/20,22,10,0,,,,,
2014/12/20,23,9,0,,,,,
2014/12/20,24,9,0,,,,,
2014/12/21,01,10,0,,,,,
2014/12/21,02,8,0,,,,,
2014/12/21,03,8,0,,,,,
2014/12/21,04,8,0,,,,,
2014/12/21,05,8,0,,,,,
2014/12/21,06,8,0,,,,,
2014/12/21,07,7,0,,,,,
2014/12/21,08,8,0,,,,,
2014/12/21,09,8,0,,,,,
2014/12/21,10,7,0,,,,,
2014/12/21,11,8,0,,,,,
2014/12/21,12,9,0,,,,,
2014/12/21,13,8,0,,,,,
2014/12/21,14,7,0,,,,,
2014/12/21,15,8,0,,,,,
2014/12/21,16,8,0,,,,,
2014/12/21,17,8,0,,,,,
2014/12/21,18,7,0,,,,,
2014/12/21,19,8,0,,,,,
2014/12/21,20,8,0,,,,,
2014/12/21,21,8,0,,,,,
2014/12/21,22,8,0,,,,,
2014/12/21,23,8,0,,,,,
2014/12/21,24,8,0,,,,,
2014/12/22,01,7,0,,,,,
2014/12/22,02,8,0,,,,,
2014/12/22,03,8,0,,,,,
2014/12/22,04,7,0,,,,,
2014/12/22,05,8,0,,,,,
2014/12/22,06,8,0,,,,,
2014/12/22,07,9,0,,,,,
2014/12/22,08,34,0,,,,,
2014/12/22,09,177,2,,,,,
2014/12/22,10,241,14,,,,,
2014/12/22,11,223,17,,,,,
2014/12/22,12,217,10,,,,,
2014/12/22,13,161,8,,,,,
2014/12/22,14,221,9,,,,,
2014/12/22,15,236,9,,,,,
2014/12/22,16,220,17,,,,,
2014/12/22,17,215,7,,,,,
2014/12/22,18,153,3,,,,,
2014/12/22,19,93,0,,,,,
2014/12/22,20,53,0,,,,,
2014/12/22,21,11,0,,,,,
2014/12/22,22,13,0,,,,,
2014/12/22,23,11,0,,,,,
2014/12/22,24,10,0,,,,,
2014/12/23,01,9,0,,,,,
2014/12/23,02,9,0,,,,,
2014/12/23,03,9,0,,,,,
2014/12/23,04,9,0,,,,,
2014/12/23,05,8,0,,,,,
2014/12/23,06,8,0,,,,,
2014/12/23,07,9,0,,,,,
2014/12/23,08,58,0,,,,,
2014/12/23,09,183,1,,,,,
2014/12/23,10,213,8,,,,,
2014/12/23,11,191,9,,,,,
2014/12/23,12,196,8,,,,,
2014/12/23,13,150,9,,,,,
2014/12/23,14,223,9,,,,,
2014/12/23,15,211,9,,,,,
2014/12/23,16,211,6,,,,,
2014/12/23,17,189,0,,,,,
2014/12/23,18,123,0,,,,,
2014/12/23,19,73,0,,,,,
2014/12/23,20,43,0,,,,,
2014/12/23,21,12,0,,,,,
2014/12/23,22,10,0,,,,,
2014/12/23,23,10,0,,,,,
2014/12/23,24,8,0,,,,,
2014/12/24,01,8,0,,,,,
2014/12/24,02,9,0,,,,,
2014/12/24,03,8,0,,,,,
2014/12/24,04,8,0,,,,,
2014/12/24,05,8,0,,,,,
2014/12/24,06,8,0,,,,,
2014/12/24,07,8,0,,,,,
2014/12/24,08,97,0,,,,,
2014/12/24,09,221,1,,,,,
2014/12/24,10,252,5,,,,,
2014/12/24,11,235,6,,,,,
2014/12/24,12,210,9,,,,,
2014/12/24,13,163,9,,,,,
2014/12/24,14,236,8,,,,,
2014/12/24,15,233,0,,,,,
2014/12/24,16,220,0,,,,,
2014/12/24,17,206,0,,,,,
2014/12/24,18,141,0,,,,,
2014/12/24,19,62,0,,,,,
2014/12/24,20,39,0,,,,,
2014/12/24,21,15,0,,,,,
2014/12/24,22,13,0,,,,,
2014/12/24,23,12,0,,,,,
2014/12/24,24,13,0,,,,,
2014/12/25,01,11,0,,,,,
2014/12/25,02,9,0,,,,,
2014/12/25,03,8,0,,,,,
2014/12/25,04,9,0,,,,,
2014/12/25,05,8,0,,,,,
2014/12/25,06,8,0,,,,,
2014/12/25,07,9,0,,,,,
2014/12/25,08,81,0,,,,,
2014/12/25,09,209,3,,,,,
2014/12/25,10,230,8,,,,,
2014/12/25,11,201,8,,,,,
2014/12/25,12,207,9,,,,,
2014/12/25,13,136,8,,,,,
2014/12/25,14,196,9,,,,,
2014/12/25,15,197,3,,,,,
2014/12/25,16,195,0,,,,,
2014/12/25,17,208,0,,,,,
2014/12/25,18,147,0,,,,,
2014/12/25,19,87,0,,,,,
2014/12/25,20,35,0,,,,,
2014/12/25,21,13,0,,,,,
2014/12/25,22,11,0,,,,,
2014/12/25,23,10,0,,,,,
2014/12/25,24,9,0,,,,,
2014/12/26,01,10,0,,,,,
2014/12/26,02,8,0,,,,,
2014/12/26,03,8,0,,,,,
2014/12/26,04,8,0,,,,,
2014/12/26,05,8,0,,,,,
2014/12/26,06,8,0,,,,,
2014/12/26,07,8,0,,,,,
2014/12/26,08,60,0,,,,,
2014/12/26,09,184,3,,,,,
2014/12/26,10,239,6,,,,,
2014/12/26,11,236,8,,,,,
2014/12/26,12,234,8,,,,,
2014/12/26,13,157,9,,,,,
2014/12/26,14,222,9,,,,,
2014/12/26,15,221,10,,,,,
2014/12/26,16,215,10,,,,,
2014/12/26,17,210,9,,,,,
2014/12/26,18,170,9,,,,,
2014/12/26,19,112,0,,,,,
2014/12/26,20,66,0,,,,,
2014/12/26,21,11,0,,,,,
2014/12/26,22,11,0,,,,,
2014/12/26,23,11,0,,,,,
2014/12/26,24,10,0,,,,,
2014/12/27,01,10,0,,,,,
2014/12/27,02,9,0,,,,,
2014/12/27,03,9,0,,,,,
2014/12/27,04,8,0,,,,,
2014/12/27,05,7,0,,,,,
2014/12/27,06,8,0,,,,,
2014/12/27,07,9,0,,,,,
2014/12/27,08,65,0,,,,,
2014/12/27,09,174,0,,,,,
2014/12/27,10,233,7,,,,,
2014/12/27,11,230,9,,,,,
2014/12/27,12,230,8,,,,,
2014/12/27,13,155,9,,,,,
2014/12/27,14,225,9,,,,,
2014/12/27,15,215,9,,,,,
2014/12/27,16,222,9,,,,,
2014/12/27,17,218,8,,,,,
2014/12/27,18,75,4,,,,,
2014/12/27,19,13,0,,,,,
2014/12/27,20,12,0,,,,,
2014/12/27,21,13,0,,,,,
2014/12/27,22,10,0,,,,,
2014/12/27,23,10,0,,,,,
2014/12/27,24,8,0,,,,,
2014/12/28,01,9,0,,,,,
2014/12/28,02,8,0,,,,,
2014/12/28,03,7,0,,,,,
2014/12/28,04,8,0,,,,,
2014/12/28,05,8,0,,,,,
2014/12/28,06,7,0,,,,,
2014/12/28,07,8,0,,,,,
2014/12/28,08,7,0,,,,,
2014/12/28,09,7,0,,,,,
2014/12/28,10,7,0,,,,,
2014/12/28,11,7,0,,,,,
2014/12/28,12,7,0,,,,,
2014/12/28,13,7,0,,,,,
2014/12/28,14,7,0,,,,,
2014/12/28,15,8,0,,,,,
2014/12/28,16,7,0,,,,,
2014/12/28,17,9,0,,,,,
2014/12/28,18,8,0,,,,,
2014/12/28,19,8,0,,,,,
2014/12/28,20,7,0,,,,,
2014/12/28,21,8,0,,,,,
2014/12/28,22,8,0,,,,,
2014/12/28,23,8,0,,,,,
2014/12/28,24,7,0,,,,,
2014/12/29,01,7,0,,,,,
2014/12/29,02,8,0,,,,,
2014/12/29,03,7,0,,,,,
2014/12/29,04,8,0,,,,,
2014/12/29,05,7,0,,,,,
2014/12/29,06,7,0,,,,,
2014/12/29,07,8,0,,,,,
2014/12/29,08,14,0,,,,,
2014/12/29,09,73,0,,,,,
2014/12/29,10,117,0,,,,,
2014/12/29,11,119,0,,,,,
2014/12/29,12,112,0,,,,,
2014/12/29,13,71,0,,,,,
2014/12/29,14,124,0,,,,,
2014/12/29,15,124,0,,,,,
2014/12/29,16,102,0,,,,,
2014/12/29,17,74,0,,,,,
2014/12/29,18,37,0,,,,,
2014/12/29,19,10,0,,,,,
2014/12/29,20,9,0,,,,,
2014/12/29,21,8,0,,,,,
2014/12/29,22,8,0,,,,,
2014/12/29,23,8,0,,,,,
2014/12/29,24,8,0,,,,,
2014/12/30,01,8,0,,,,,
2014/12/30,02,7,0,,,,,
2014/12/30,03,8,0,,,,,
2014/12/30,04,8,0,,,,,
2014/12/30,05,8,0,,,,,
2014/12/30,06,8,0,,,,,
2014/12/30,07,7,0,,,,,
2014/12/30,08,8,0,,,,,
2014/12/30,09,49,0,,,,,
2014/12/30,10,77,0,,,,,
2014/12/30,11,90,0,,,,,
2014/12/30,12,101,0,,,,,
2014/12/30,13,12,0,,,,,
2014/12/30,14,8,0,,,,,
2014/12/30,15,8,0,,,,,
2014/12/30,16,9,0,,,,,
2014/12/30,17,8,0,,,,,
2014/12/30,18,8,0,,,,,
2014/12/30,19,8,0,,,,,
2014/12/30,20,8,0,,,,,
2014/12/30,21,8,0,,,,,
2014/12/30,22,8,0,,,,,
2014/12/30,23,8,0,,,,,
2014/12/30,24,7,0,,,,,
2014/12/31,01,8,0,,,,,
2014/12/31,02,8,0,,,,,
2014/12/31,03,8,0,,,,,
2014/12/31,04,7,0,,,,,
2014/12/31,05,8,0,,,,,
2014/12/31,06,8,0,,,,,
2014/12/31,07,7,0,,,,,
2014/12/31,08,8,0,,,,,
2014/12/31,09,7,0,,,,,
2014/12/31,10,7,0,,,,,
2014/12/31,11,8,0,,,,,
2014/12/31,12,7,0,,,,,
2014/12/31,13,7,0,,,,,
2014/12/31,14,8,0,,,,,
2014/12/31,15,8,0,,,,,
2014/12/31,16,9,0,,,,,
2014/12/31,17,7,0,,,,,
2014/12/31,18,8,0,,,,,
2014/12/31,19,7,0,,,,,
2014/12/31,20,8,0,,,,,
2014/12/31,21,7,0,,,,,
2014/12/31,22,8,0,,,,,
2014/12/31,23,8,0,,,,,
2014/12/31,24,7,0,,,,,
