計測日,計測時間,全体,空調,照明,動力,電灯,冷凍・冷熱,その他
2013/04/01,01,5,4,1,,,,
2013/04/01,02,1,0,1,,,,
2013/04/01,03,3,3,0,,,,
2013/04/01,04,4,2,2,,,,
2013/04/01,05,2,1,1,,,,
2013/04/01,06,6,4,2,,,,
2013/04/01,07,2,0,2,,,,
2013/04/01,08,6,4,2,,,,
2013/04/01,09,22,12,10,,,,
2013/04/01,10,85,39,46,,,,
2013/04/01,11,88,41,47,,,,
2013/04/01,12,88,39,49,,,,
2013/04/01,13,87,39,48,,,,
2013/04/01,14,88,41,47,,,,
2013/04/01,15,85,38,47,,,,
2013/04/01,16,88,39,49,,,,
2013/04/01,17,88,40,48,,,,
2013/04/01,18,86,38,48,,,,
2013/04/01,19,92,44,48,,,,
2013/04/01,20,85,39,46,,,,
2013/04/01,21,27,16,11,,,,
2013/04/01,22,6,4,2,,,,
2013/04/01,23,2,0,2,,,,
2013/04/01,24,5,3,2,,,,
2013/04/02,01,4,2,2,,,,
2013/04/02,02,2,1,1,,,,
2013/04/02,03,6,4,2,,,,
2013/04/02,04,4,2,2,,,,
2013/04/02,05,3,1,2,,,,
2013/04/02,06,5,3,2,,,,
2013/04/02,07,2,1,1,,,,
2013/04/02,08,5,3,2,,,,
2013/04/02,09,16,11,5,,,,
2013/04/02,10,92,43,49,,,,
2013/04/02,11,96,48,48,,,,
2013/04/02,12,99,51,48,,,,
2013/04/02,13,103,56,47,,,,
2013/04/02,14,101,54,47,,,,
2013/04/02,15,104,55,49,,,,
2013/04/02,16,106,57,49,,,,
2013/04/02,17,104,56,48,,,,
2013/04/02,18,108,60,48,,,,
2013/04/02,19,102,53,49,,,,
2013/04/02,20,103,56,47,,,,
2013/04/02,21,24,15,9,,,,
2013/04/02,22,2,1,1,,,,
2013/04/02,23,2,1,1,,,,
2013/04/02,24,7,5,2,,,,
2013/04/03,01,3,1,2,,,,
2013/04/03,02,3,2,1,,,,
2013/04/03,03,5,3,2,,,,
2013/04/03,04,2,0,2,,,,
2013/04/03,05,4,3,1,,,,
2013/04/03,06,3,2,1,,,,
2013/04/03,07,2,0,2,,,,
2013/04/03,08,9,7,2,,,,
2013/04/03,09,13,8,5,,,,
2013/04/03,10,85,40,45,,,,
2013/04/03,11,87,40,47,,,,
2013/04/03,12,86,37,49,,,,
2013/04/03,13,88,41,47,,,,
2013/04/03,14,86,39,47,,,,
2013/04/03,15,87,40,47,,,,
2013/04/03,16,87,41,46,,,,
2013/04/03,17,87,40,47,,,,
2013/04/03,18,90,42,48,,,,
2013/04/03,19,86,40,46,,,,
2013/04/03,20,86,39,47,,,,
2013/04/03,21,26,16,10,,,,
2013/04/03,22,3,1,2,,,,
2013/04/03,23,2,2,0,,,,
2013/04/03,24,5,3,2,,,,
2013/04/04,01,3,1,2,,,,
2013/04/04,02,5,4,1,,,,
2013/04/04,03,3,1,2,,,,
2013/04/04,04,2,0,2,,,,
2013/04/04,05,6,5,1,,,,
2013/04/04,06,1,0,1,,,,
2013/04/04,07,5,3,2,,,,
2013/04/04,08,9,8,1,,,,
2013/04/04,09,14,9,5,,,,
2013/04/04,10,88,40,48,,,,
2013/04/04,11,82,38,44,,,,
2013/04/04,12,86,40,46,,,,
2013/04/04,13,87,39,48,,,,
2013/04/04,14,86,38,48,,,,
2013/04/04,15,86,41,45,,,,
2013/04/04,16,87,39,48,,,,
2013/04/04,17,84,37,47,,,,
2013/04/04,18,91,41,50,,,,
2013/04/04,19,83,37,46,,,,
2013/04/04,20,84,39,45,,,,
2013/04/04,21,39,21,18,,,,
2013/04/04,22,4,1,3,,,,
2013/04/04,23,5,5,0,,,,
2013/04/04,24,3,1,2,,,,
2013/04/05,01,5,3,2,,,,
2013/04/05,02,3,2,1,,,,
2013/04/05,03,2,0,2,,,,
2013/04/05,04,5,3,2,,,,
2013/04/05,05,3,2,1,,,,
2013/04/05,06,2,1,1,,,,
2013/04/05,07,5,3,2,,,,
2013/04/05,08,4,3,1,,,,
2013/04/05,09,17,10,7,,,,
2013/04/05,10,98,51,47,,,,
2013/04/05,11,106,58,48,,,,
2013/04/05,12,104,57,47,,,,
2013/04/05,13,109,60,49,,,,
2013/04/05,14,104,57,47,,,,
2013/04/05,15,107,60,47,,,,
2013/04/05,16,105,57,48,,,,
2013/04/05,17,108,61,47,,,,
2013/04/05,18,109,60,49,,,,
2013/04/05,19,110,62,48,,,,
2013/04/05,20,110,63,47,,,,
2013/04/05,21,62,40,22,,,,
2013/04/05,22,6,4,2,,,,
2013/04/05,23,4,2,2,,,,
2013/04/05,24,2,1,1,,,,
2013/04/06,01,5,3,2,,,,
2013/04/06,02,2,1,1,,,,
2013/04/06,03,4,3,1,,,,
2013/04/06,04,3,1,2,,,,
2013/04/06,05,3,2,1,,,,
2013/04/06,06,4,3,1,,,,
2013/04/06,07,2,1,1,,,,
2013/04/06,08,11,7,4,,,,
2013/04/06,09,20,11,9,,,,
2013/04/06,10,87,39,48,,,,
2013/04/06,11,89,40,49,,,,
2013/04/06,12,88,41,47,,,,
2013/04/06,13,88,40,48,,,,
2013/04/06,14,91,41,50,,,,
2013/04/06,15,90,41,49,,,,
2013/04/06,16,89,41,48,,,,
2013/04/06,17,88,40,48,,,,
2013/04/06,18,88,40,48,,,,
2013/04/06,19,88,42,46,,,,
2013/04/06,20,86,38,48,,,,
2013/04/06,21,38,19,19,,,,
2013/04/06,22,6,4,2,,,,
2013/04/06,23,3,1,2,,,,
2013/04/06,24,4,3,1,,,,
2013/04/07,01,2,1,1,,,,
2013/04/07,02,4,2,2,,,,
2013/04/07,03,4,3,1,,,,
2013/04/07,04,2,0,2,,,,
2013/04/07,05,4,3,1,,,,
2013/04/07,06,4,3,1,,,,
2013/04/07,07,4,2,2,,,,
2013/04/07,08,5,3,2,,,,
2013/04/07,09,15,10,5,,,,
2013/04/07,10,83,37,46,,,,
2013/04/07,11,90,41,49,,,,
2013/04/07,12,87,38,49,,,,
2013/04/07,13,90,42,48,,,,
2013/04/07,14,87,41,46,,,,
2013/04/07,15,89,41,48,,,,
2013/04/07,16,87,41,46,,,,
2013/04/07,17,86,39,47,,,,
2013/04/07,18,87,42,45,,,,
2013/04/07,19,90,41,49,,,,
2013/04/07,20,87,40,47,,,,
2013/04/07,21,21,13,8,,,,
2013/04/07,22,3,1,2,,,,
2013/04/07,23,3,3,0,,,,
2013/04/07,24,3,2,1,,,,
2013/04/08,01,2,1,1,,,,
2013/04/08,02,3,3,0,,,,
2013/04/08,03,3,2,1,,,,
2013/04/08,04,5,3,2,,,,
2013/04/08,05,3,1,2,,,,
2013/04/08,06,3,2,1,,,,
2013/04/08,07,4,2,2,,,,
2013/04/08,08,7,5,2,,,,
2013/04/08,09,12,9,3,,,,
2013/04/08,10,89,40,49,,,,
2013/04/08,11,87,39,48,,,,
2013/04/08,12,84,39,45,,,,
2013/04/08,13,89,40,49,,,,
2013/04/08,14,81,37,44,,,,
2013/04/08,15,88,40,48,,,,
2013/04/08,16,87,39,48,,,,
2013/04/08,17,85,42,43,,,,
2013/04/08,18,85,41,44,,,,
2013/04/08,19,85,40,45,,,,
2013/04/08,20,88,41,47,,,,
2013/04/08,21,28,16,12,,,,
2013/04/08,22,3,2,1,,,,
2013/04/08,23,4,2,2,,,,
2013/04/08,24,4,2,2,,,,
2013/04/09,01,2,1,1,,,,
2013/04/09,02,4,2,2,,,,
2013/04/09,03,5,3,2,,,,
2013/04/09,04,2,1,1,,,,
2013/04/09,05,6,4,2,,,,
2013/04/09,06,3,1,2,,,,
2013/04/09,07,4,3,1,,,,
2013/04/09,08,3,1,2,,,,
2013/04/09,09,13,9,4,,,,
2013/04/09,10,93,45,48,,,,
2013/04/09,11,91,42,49,,,,
2013/04/09,12,92,44,48,,,,
2013/04/09,13,91,43,48,,,,
2013/04/09,14,95,48,47,,,,
2013/04/09,15,94,45,49,,,,
2013/04/09,16,94,46,48,,,,
2013/04/09,17,95,46,49,,,,
2013/04/09,18,93,46,47,,,,
2013/04/09,19,94,47,47,,,,
2013/04/09,20,95,48,47,,,,
2013/04/09,21,27,19,8,,,,
2013/04/09,22,4,2,2,,,,
2013/04/09,23,2,2,0,,,,
2013/04/09,24,3,1,2,,,,
2013/04/10,01,3,2,1,,,,
2013/04/10,02,4,3,1,,,,
2013/04/10,03,3,1,2,,,,
2013/04/10,04,3,2,1,,,,
2013/04/10,05,3,2,1,,,,
2013/04/10,06,5,3,2,,,,
2013/04/10,07,3,2,1,,,,
2013/04/10,08,5,3,2,,,,
2013/04/10,09,15,11,4,,,,
2013/04/10,10,85,39,46,,,,
2013/04/10,11,83,39,44,,,,
2013/04/10,12,86,39,47,,,,
2013/04/10,13,87,40,47,,,,
2013/04/10,14,84,39,45,,,,
2013/04/10,15,85,40,45,,,,
2013/04/10,16,84,38,46,,,,
2013/04/10,17,84,38,46,,,,
2013/04/10,18,87,41,46,,,,
2013/04/10,19,89,41,48,,,,
2013/04/10,20,88,41,47,,,,
2013/04/10,21,21,12,9,,,,
2013/04/10,22,4,3,1,,,,
2013/04/10,23,4,2,2,,,,
2013/04/10,24,1,1,0,,,,
2013/04/11,01,4,3,1,,,,
2013/04/11,02,2,1,1,,,,
2013/04/11,03,5,3,2,,,,
2013/04/11,04,3,2,1,,,,
2013/04/11,05,4,2,2,,,,
2013/04/11,06,3,2,1,,,,
2013/04/11,07,4,2,2,,,,
2013/04/11,08,3,2,1,,,,
2013/04/11,09,13,9,4,,,,
2013/04/11,10,90,43,47,,,,
2013/04/11,11,90,44,46,,,,
2013/04/11,12,92,47,45,,,,
2013/04/11,13,90,45,45,,,,
2013/04/11,14,96,51,45,,,,
2013/04/11,15,96,47,49,,,,
2013/04/11,16,92,46,46,,,,
2013/04/11,17,99,51,48,,,,
2013/04/11,18,93,45,48,,,,
2013/04/11,19,94,49,45,,,,
2013/04/11,20,96,49,47,,,,
2013/04/11,21,24,16,8,,,,
2013/04/11,22,5,4,1,,,,
2013/04/11,23,1,0,1,,,,
2013/04/11,24,5,3,2,,,,
2013/04/12,01,4,3,1,,,,
2013/04/12,02,3,1,2,,,,
2013/04/12,03,2,2,0,,,,
2013/04/12,04,4,3,1,,,,
2013/04/12,05,1,0,1,,,,
2013/04/12,06,6,4,2,,,,
2013/04/12,07,3,1,2,,,,
2013/04/12,08,5,3,2,,,,
2013/04/12,09,22,14,8,,,,
2013/04/12,10,84,38,46,,,,
2013/04/12,11,91,42,49,,,,
2013/04/12,12,82,38,44,,,,
2013/04/12,13,85,38,47,,,,
2013/04/12,14,87,41,46,,,,
2013/04/12,15,84,37,47,,,,
2013/04/12,16,86,41,45,,,,
2013/04/12,17,86,38,48,,,,
2013/04/12,18,86,39,47,,,,
2013/04/12,19,89,43,46,,,,
2013/04/12,20,84,40,44,,,,
2013/04/12,21,26,14,12,,,,
2013/04/12,22,7,5,2,,,,
2013/04/12,23,2,0,2,,,,
2013/04/12,24,6,4,2,,,,
2013/04/13,01,2,1,1,,,,
2013/04/13,02,2,0,2,,,,
2013/04/13,03,6,5,1,,,,
2013/04/13,04,4,3,1,,,,
2013/04/13,05,3,2,1,,,,
2013/04/13,06,5,3,2,,,,
2013/04/13,07,3,1,2,,,,
2013/04/13,08,12,9,3,,,,
2013/04/13,09,13,8,5,,,,
2013/04/13,10,86,39,47,,,,
2013/04/13,11,89,41,48,,,,
2013/04/13,12,87,41,46,,,,
2013/04/13,13,93,44,49,,,,
2013/04/13,14,89,45,44,,,,
2013/04/13,15,91,46,45,,,,
2013/04/13,16,97,48,49,,,,
2013/04/13,17,91,41,50,,,,
2013/04/13,18,85,41,44,,,,
2013/04/13,19,88,42,46,,,,
2013/04/13,20,86,40,46,,,,
2013/04/13,21,24,13,11,,,,
2013/04/13,22,3,2,1,,,,
2013/04/13,23,3,2,1,,,,
2013/04/13,24,5,3,2,,,,
2013/04/14,01,4,3,1,,,,
2013/04/14,02,4,2,2,,,,
2013/04/14,03,3,1,2,,,,
2013/04/14,04,2,2,0,,,,
2013/04/14,05,4,2,2,,,,
2013/04/14,06,2,1,1,,,,
2013/04/14,07,4,3,1,,,,
2013/04/14,08,5,4,1,,,,
2013/04/14,09,17,11,6,,,,
2013/04/14,10,86,40,46,,,,
2013/04/14,11,88,41,47,,,,
2013/04/14,12,88,41,47,,,,
2013/04/14,13,84,40,44,,,,
2013/04/14,14,85,40,45,,,,
2013/04/14,15,90,41,49,,,,
2013/04/14,16,89,42,47,,,,
2013/04/14,17,86,40,46,,,,
2013/04/14,18,87,40,47,,,,
2013/04/14,19,86,40,46,,,,
2013/04/14,20,88,40,48,,,,
2013/04/14,21,59,31,28,,,,
2013/04/14,22,3,2,1,,,,
2013/04/14,23,5,3,2,,,,
2013/04/14,24,2,1,1,,,,
2013/04/15,01,5,3,2,,,,
2013/04/15,02,2,1,1,,,,
2013/04/15,03,3,1,2,,,,
2013/04/15,04,6,4,2,,,,
2013/04/15,05,2,2,0,,,,
2013/04/15,06,3,1,2,,,,
2013/04/15,07,4,3,1,,,,
2013/04/15,08,6,4,2,,,,
2013/04/15,09,17,11,6,,,,
2013/04/15,10,93,49,44,,,,
2013/04/15,11,94,52,42,,,,
2013/04/15,12,104,55,49,,,,
2013/04/15,13,105,58,47,,,,
2013/04/15,14,102,57,45,,,,
2013/04/15,15,104,58,46,,,,
2013/04/15,16,102,55,47,,,,
2013/04/15,17,103,56,47,,,,
2013/04/15,18,103,57,46,,,,
2013/04/15,19,108,60,48,,,,
2013/04/15,20,107,60,47,,,,
2013/04/15,21,34,25,9,,,,
2013/04/15,22,15,12,3,,,,
2013/04/15,23,6,4,2,,,,
2013/04/15,24,2,1,1,,,,
2013/04/16,01,4,2,2,,,,
2013/04/16,02,4,3,1,,,,
2013/04/16,03,3,1,2,,,,
2013/04/16,04,4,3,1,,,,
2013/04/16,05,3,2,1,,,,
2013/04/16,06,2,0,2,,,,
2013/04/16,07,6,5,1,,,,
2013/04/16,08,5,3,2,,,,
2013/04/16,09,19,11,8,,,,
2013/04/16,10,86,41,45,,,,
2013/04/16,11,84,37,47,,,,
2013/04/16,12,86,42,44,,,,
2013/04/16,13,83,37,46,,,,
2013/04/16,14,87,38,49,,,,
2013/04/16,15,86,40,46,,,,
2013/04/16,16,81,36,45,,,,
2013/04/16,17,87,41,46,,,,
2013/04/16,18,90,44,46,,,,
2013/04/16,19,111,71,40,,,,
2013/04/16,20,114,67,47,,,,
2013/04/16,21,44,32,12,,,,
2013/04/16,22,2,1,1,,,,
2013/04/16,23,4,3,1,,,,
2013/04/16,24,3,1,2,,,,
2013/04/17,01,6,4,2,,,,
2013/04/17,02,2,0,2,,,,
2013/04/17,03,2,1,1,,,,
2013/04/17,04,7,5,2,,,,
2013/04/17,05,3,1,2,,,,
2013/04/17,06,2,2,0,,,,
2013/04/17,07,4,2,2,,,,
2013/04/17,08,5,4,1,,,,
2013/04/17,09,17,11,6,,,,
2013/04/17,10,91,46,45,,,,
2013/04/17,11,104,59,45,,,,
2013/04/17,12,104,59,45,,,,
2013/04/17,13,102,60,42,,,,
2013/04/17,14,104,58,46,,,,
2013/04/17,15,104,58,46,,,,
2013/04/17,16,104,59,45,,,,
2013/04/17,17,109,61,48,,,,
2013/04/17,18,108,60,48,,,,
2013/04/17,19,105,59,46,,,,
2013/04/17,20,84,41,43,,,,
2013/04/17,21,27,15,12,,,,
2013/04/17,22,5,3,2,,,,
2013/04/17,23,4,2,2,,,,
2013/04/17,24,2,1,1,,,,
2013/04/18,01,4,3,1,,,,
2013/04/18,02,2,1,1,,,,
2013/04/18,03,5,3,2,,,,
2013/04/18,04,3,2,1,,,,
2013/04/18,05,3,2,1,,,,
2013/04/18,06,2,2,0,,,,
2013/04/18,07,3,2,1,,,,
2013/04/18,08,4,3,1,,,,
2013/04/18,09,18,11,7,,,,
2013/04/18,10,88,41,47,,,,
2013/04/18,11,81,37,44,,,,
2013/04/18,12,104,58,46,,,,
2013/04/18,13,109,62,47,,,,
2013/04/18,14,117,71,46,,,,
2013/04/18,15,106,60,46,,,,
2013/04/18,16,89,40,49,,,,
2013/04/18,17,81,37,44,,,,
2013/04/18,18,83,38,45,,,,
2013/04/18,19,83,37,46,,,,
2013/04/18,20,82,36,46,,,,
2013/04/18,21,35,19,16,,,,
2013/04/18,22,3,1,2,,,,
2013/04/18,23,2,1,1,,,,
2013/04/18,24,5,4,1,,,,
2013/04/19,01,1,0,1,,,,
2013/04/19,02,6,4,2,,,,
2013/04/19,03,2,1,1,,,,
2013/04/19,04,4,2,2,,,,
2013/04/19,05,5,4,1,,,,
2013/04/19,06,1,0,1,,,,
2013/04/19,07,3,2,1,,,,
2013/04/19,08,8,5,3,,,,
2013/04/19,09,18,15,3,,,,
2013/04/19,10,90,43,47,,,,
2013/04/19,11,96,51,45,,,,
2013/04/19,12,103,56,47,,,,
2013/04/19,13,99,53,46,,,,
2013/04/19,14,106,58,48,,,,
2013/04/19,15,102,55,47,,,,
2013/04/19,16,101,56,45,,,,
2013/04/19,17,105,57,48,,,,
2013/04/19,18,102,56,46,,,,
2013/04/19,19,100,54,46,,,,
2013/04/19,20,107,60,47,,,,
2013/04/19,21,32,19,13,,,,
2013/04/19,22,8,7,1,,,,
2013/04/19,23,4,3,1,,,,
2013/04/19,24,2,0,2,,,,
2013/04/20,01,6,4,2,,,,
2013/04/20,02,3,2,1,,,,
2013/04/20,03,4,2,2,,,,
2013/04/20,04,3,1,2,,,,
2013/04/20,05,3,2,1,,,,
2013/04/20,06,5,3,2,,,,
2013/04/20,07,4,2,2,,,,
2013/04/20,08,10,6,4,,,,
2013/04/20,09,20,12,8,,,,
2013/04/20,10,85,40,45,,,,
2013/04/20,11,84,37,47,,,,
2013/04/20,12,83,38,45,,,,
2013/04/20,13,88,40,48,,,,
2013/04/20,14,88,39,49,,,,
2013/04/20,15,86,39,47,,,,
2013/04/20,16,87,39,48,,,,
2013/04/20,17,89,40,49,,,,
2013/04/20,18,87,40,47,,,,
2013/04/20,19,87,40,47,,,,
2013/04/20,20,89,41,48,,,,
2013/04/20,21,18,10,8,,,,
2013/04/20,22,5,3,2,,,,
2013/04/20,23,4,2,2,,,,
2013/04/20,24,3,2,1,,,,
2013/04/21,01,3,1,2,,,,
2013/04/21,02,3,2,1,,,,
2013/04/21,03,5,3,2,,,,
2013/04/21,04,3,1,2,,,,
2013/04/21,05,3,2,1,,,,
2013/04/21,06,5,3,2,,,,
2013/04/21,07,3,3,0,,,,
2013/04/21,08,4,2,2,,,,
2013/04/21,09,18,11,7,,,,
2013/04/21,10,85,39,46,,,,
2013/04/21,11,86,39,47,,,,
2013/04/21,12,87,39,48,,,,
2013/04/21,13,83,37,46,,,,
2013/04/21,14,86,39,47,,,,
2013/04/21,15,82,39,43,,,,
2013/04/21,16,85,38,47,,,,
2013/04/21,17,86,39,47,,,,
2013/04/21,18,90,40,50,,,,
2013/04/21,19,87,41,46,,,,
2013/04/21,20,86,40,46,,,,
2013/04/21,21,37,20,17,,,,
2013/04/21,22,5,2,3,,,,
2013/04/21,23,4,3,1,,,,
2013/04/21,24,4,2,2,,,,
2013/04/22,01,3,1,2,,,,
2013/04/22,02,4,2,2,,,,
2013/04/22,03,3,2,1,,,,
2013/04/22,04,6,4,2,,,,
2013/04/22,05,3,1,2,,,,
2013/04/22,06,4,2,2,,,,
2013/04/22,07,3,2,1,,,,
2013/04/22,08,5,3,2,,,,
2013/04/22,09,14,11,3,,,,
2013/04/22,10,85,38,47,,,,
2013/04/22,11,87,38,49,,,,
2013/04/22,12,82,38,44,,,,
2013/04/22,13,84,38,46,,,,
2013/04/22,14,85,36,49,,,,
2013/04/22,15,86,38,48,,,,
2013/04/22,16,82,37,45,,,,
2013/04/22,17,82,37,45,,,,
2013/04/22,18,84,38,46,,,,
2013/04/22,19,88,40,48,,,,
2013/04/22,20,87,42,45,,,,
2013/04/22,21,35,18,17,,,,
2013/04/22,22,5,4,1,,,,
2013/04/22,23,2,2,0,,,,
2013/04/22,24,3,1,2,,,,
2013/04/23,01,5,4,1,,,,
2013/04/23,02,3,1,2,,,,
2013/04/23,03,5,3,2,,,,
2013/04/23,04,2,2,0,,,,
2013/04/23,05,4,2,2,,,,
2013/04/23,06,1,1,0,,,,
2013/04/23,07,4,2,2,,,,
2013/04/23,08,5,3,2,,,,
2013/04/23,09,25,15,10,,,,
2013/04/23,10,85,41,44,,,,
2013/04/23,11,87,41,46,,,,
2013/04/23,12,89,42,47,,,,
2013/04/23,13,84,39,45,,,,
2013/04/23,14,89,44,45,,,,
2013/04/23,15,92,45,47,,,,
2013/04/23,16,92,47,45,,,,
2013/04/23,17,96,49,47,,,,
2013/04/23,18,96,49,47,,,,
2013/04/23,19,99,52,47,,,,
2013/04/23,20,94,48,46,,,,
2013/04/23,21,39,23,16,,,,
2013/04/23,22,6,4,2,,,,
2013/04/23,23,2,0,2,,,,
2013/04/23,24,4,4,0,,,,
2013/04/24,01,3,1,2,,,,
2013/04/24,02,3,1,2,,,,
2013/04/24,03,4,4,0,,,,
2013/04/24,04,3,1,2,,,,
2013/04/24,05,3,1,2,,,,
2013/04/24,06,5,4,1,,,,
2013/04/24,07,3,1,2,,,,
2013/04/24,08,5,4,1,,,,
2013/04/24,09,17,10,7,,,,
2013/04/24,10,86,39,47,,,,
2013/04/24,11,90,44,46,,,,
2013/04/24,12,83,39,44,,,,
2013/04/24,13,87,41,46,,,,
2013/04/24,14,85,41,44,,,,
2013/04/24,15,87,39,48,,,,
2013/04/24,16,88,43,45,,,,
2013/04/24,17,85,39,46,,,,
2013/04/24,18,86,39,47,,,,
2013/04/24,19,92,42,50,,,,
2013/04/24,20,82,38,44,,,,
2013/04/24,21,25,15,10,,,,
2013/04/24,22,3,1,2,,,,
2013/04/24,23,2,1,1,,,,
2013/04/24,24,6,4,2,,,,
2013/04/25,01,2,1,1,,,,
2013/04/25,02,4,2,2,,,,
2013/04/25,03,6,4,2,,,,
2013/04/25,04,1,0,1,,,,
2013/04/25,05,5,3,2,,,,
2013/04/25,06,3,2,1,,,,
2013/04/25,07,2,0,2,,,,
2013/04/25,08,8,7,1,,,,
2013/04/25,09,13,8,5,,,,
2013/04/25,10,85,40,45,,,,
2013/04/25,11,86,38,48,,,,
2013/04/25,12,82,37,45,,,,
2013/04/25,13,86,39,47,,,,
2013/04/25,14,85,39,46,,,,
2013/04/25,15,93,47,46,,,,
2013/04/25,16,96,50,46,,,,
2013/04/25,17,101,53,48,,,,
2013/04/25,18,98,51,47,,,,
2013/04/25,19,102,54,48,,,,
2013/04/25,20,99,53,46,,,,
2013/04/25,21,50,30,20,,,,
2013/04/25,22,13,10,3,,,,
2013/04/25,23,4,2,2,,,,
2013/04/25,24,3,2,1,,,,
2013/04/26,01,4,2,2,,,,
2013/04/26,02,4,2,2,,,,
2013/04/26,03,3,2,1,,,,
2013/04/26,04,4,2,2,,,,
2013/04/26,05,2,2,0,,,,
2013/04/26,06,3,2,1,,,,
2013/04/26,07,5,3,2,,,,
2013/04/26,08,5,3,2,,,,
2013/04/26,09,23,14,9,,,,
2013/04/26,10,88,41,47,,,,
2013/04/26,11,89,41,48,,,,
2013/04/26,12,95,49,46,,,,
2013/04/26,13,99,53,46,,,,
2013/04/26,14,104,56,48,,,,
2013/04/26,15,98,51,47,,,,
2013/04/26,16,101,51,50,,,,
2013/04/26,17,100,54,46,,,,
2013/04/26,18,94,48,46,,,,
2013/04/26,19,94,47,47,,,,
2013/04/26,20,95,49,46,,,,
2013/04/26,21,33,18,15,,,,
2013/04/26,22,4,2,2,,,,
2013/04/26,23,3,2,1,,,,
2013/04/26,24,6,4,2,,,,
2013/04/27,01,1,0,1,,,,
2013/04/27,02,3,2,1,,,,
2013/04/27,03,5,3,2,,,,
2013/04/27,04,4,2,2,,,,
2013/04/27,05,2,1,1,,,,
2013/04/27,06,4,3,1,,,,
2013/04/27,07,2,1,1,,,,
2013/04/27,08,8,6,2,,,,
2013/04/27,09,19,10,9,,,,
2013/04/27,10,83,37,46,,,,
2013/04/27,11,87,41,46,,,,
2013/04/27,12,83,37,46,,,,
2013/04/27,13,87,40,47,,,,
2013/04/27,14,80,38,42,,,,
2013/04/27,15,96,49,47,,,,
2013/04/27,16,98,49,49,,,,
2013/04/27,17,102,53,49,,,,
2013/04/27,18,98,51,47,,,,
2013/04/27,19,101,52,49,,,,
2013/04/27,20,101,52,49,,,,
2013/04/27,21,79,42,37,,,,
2013/04/27,22,6,5,1,,,,
2013/04/27,23,3,1,2,,,,
2013/04/27,24,3,2,1,,,,
2013/04/28,01,4,3,1,,,,
2013/04/28,02,1,0,1,,,,
2013/04/28,03,5,4,1,,,,
2013/04/28,04,3,1,2,,,,
2013/04/28,05,3,2,1,,,,
2013/04/28,06,4,2,2,,,,
2013/04/28,07,4,2,2,,,,
2013/04/28,08,4,3,1,,,,
2013/04/28,09,19,11,8,,,,
2013/04/28,10,83,38,45,,,,
2013/04/28,11,87,40,47,,,,
2013/04/28,12,83,39,44,,,,
2013/04/28,13,82,38,44,,,,
2013/04/28,14,98,52,46,,,,
2013/04/28,15,104,57,47,,,,
2013/04/28,16,98,50,48,,,,
2013/04/28,17,105,55,50,,,,
2013/04/28,18,98,56,42,,,,
2013/04/28,19,104,58,46,,,,
2013/04/28,20,104,56,48,,,,
2013/04/28,21,50,29,21,,,,
2013/04/28,22,6,4,2,,,,
2013/04/28,23,2,0,2,,,,
2013/04/28,24,6,4,2,,,,
2013/04/29,01,2,1,1,,,,
2013/04/29,02,4,2,2,,,,
2013/04/29,03,3,2,1,,,,
2013/04/29,04,3,1,2,,,,
2013/04/29,05,6,4,2,,,,
2013/04/29,06,3,2,1,,,,
2013/04/29,07,3,1,2,,,,
2013/04/29,08,9,6,3,,,,
2013/04/29,09,18,12,6,,,,
2013/04/29,10,89,43,46,,,,
2013/04/29,11,91,45,46,,,,
2013/04/29,12,96,49,47,,,,
2013/04/29,13,102,53,49,,,,
2013/04/29,14,102,55,47,,,,
2013/04/29,15,104,56,48,,,,
2013/04/29,16,102,55,47,,,,
2013/04/29,17,100,54,46,,,,
2013/04/29,18,103,55,48,,,,
2013/04/29,19,101,56,45,,,,
2013/04/29,20,105,56,49,,,,
2013/04/29,21,42,27,15,,,,
2013/04/29,22,13,10,3,,,,
2013/04/29,23,5,3,2,,,,
2013/04/29,24,2,1,1,,,,
2013/04/30,01,3,2,1,,,,
2013/04/30,02,5,4,1,,,,
2013/04/30,03,3,1,2,,,,
2013/04/30,04,4,2,2,,,,
2013/04/30,05,3,2,1,,,,
2013/04/30,06,4,2,2,,,,
2013/04/30,07,3,2,1,,,,
2013/04/30,08,5,3,2,,,,
2013/04/30,09,16,11,5,,,,
2013/04/30,10,92,41,51,,,,
2013/04/30,11,86,39,47,,,,
2013/04/30,12,88,40,48,,,,
2013/04/30,13,103,56,47,,,,
2013/04/30,14,100,52,48,,,,
2013/04/30,15,100,54,46,,,,
2013/04/30,16,101,53,48,,,,
2013/04/30,17,120,74,46,,,,
2013/04/30,18,111,66,45,,,,
2013/04/30,19,110,64,46,,,,
2013/04/30,20,110,64,46,,,,
2013/04/30,21,27,19,8,,,,
2013/04/30,22,8,5,3,,,,
2013/04/30,23,2,0,2,,,,
2013/04/30,24,6,4,2,,,,
2013/05/01,01,2,1,1,,,,
2013/05/01,02,7,5,2,,,,
2013/05/01,03,3,1,2,,,,
2013/05/01,04,1,0,1,,,,
2013/05/01,05,6,5,1,,,,
2013/05/01,06,1,0,1,,,,
2013/05/01,07,3,2,1,,,,
2013/05/01,08,6,4,2,,,,
2013/05/01,09,18,11,7,,,,
2013/05/01,10,90,45,45,,,,
2013/05/01,11,95,47,48,,,,
2013/05/01,12,98,51,47,,,,
2013/05/01,13,105,58,47,,,,
2013/05/01,14,99,53,46,,,,
2013/05/01,15,103,56,47,,,,
2013/05/01,16,98,52,46,,,,
2013/05/01,17,101,57,44,,,,
2013/05/01,18,105,57,48,,,,
2013/05/01,19,101,56,45,,,,
2013/05/01,20,101,56,45,,,,
2013/05/01,21,34,21,13,,,,
2013/05/01,22,3,1,2,,,,
2013/05/01,23,5,4,1,,,,
2013/05/01,24,3,2,1,,,,
2013/05/02,01,2,1,1,,,,
2013/05/02,02,4,3,1,,,,
2013/05/02,03,2,1,1,,,,
2013/05/02,04,3,2,1,,,,
2013/05/02,05,5,3,2,,,,
2013/05/02,06,1,0,1,,,,
2013/05/02,07,5,4,1,,,,
2013/05/02,08,5,3,2,,,,
2013/05/02,09,20,12,8,,,,
2013/05/02,10,83,39,44,,,,
2013/05/02,11,87,39,48,,,,
2013/05/02,12,86,40,46,,,,
2013/05/02,13,86,39,47,,,,
2013/05/02,14,85,38,47,,,,
2013/05/02,15,87,40,47,,,,
2013/05/02,16,86,39,47,,,,
2013/05/02,17,84,39,45,,,,
2013/05/02,18,89,41,48,,,,
2013/05/02,19,88,39,49,,,,
2013/05/02,20,88,42,46,,,,
2013/05/02,21,28,15,13,,,,
2013/05/02,22,4,2,2,,,,
2013/05/02,23,4,3,1,,,,
2013/05/02,24,3,2,1,,,,
2013/05/03,01,4,3,1,,,,
2013/05/03,02,4,2,2,,,,
2013/05/03,03,1,0,1,,,,
2013/05/03,04,4,4,0,,,,
2013/05/03,05,2,1,1,,,,
2013/05/03,06,3,1,2,,,,
2013/05/03,07,4,3,1,,,,
2013/05/03,08,9,6,3,,,,
2013/05/03,09,20,14,6,,,,
2013/05/03,10,89,42,47,,,,
2013/05/03,11,89,42,47,,,,
2013/05/03,12,94,46,48,,,,
2013/05/03,13,97,51,46,,,,
2013/05/03,14,97,51,46,,,,
2013/05/03,15,95,53,42,,,,
2013/05/03,16,97,51,46,,,,
2013/05/03,17,99,52,47,,,,
2013/05/03,18,100,52,48,,,,
2013/05/03,19,98,51,47,,,,
2013/05/03,20,98,52,46,,,,
2013/05/03,21,28,16,12,,,,
2013/05/03,22,5,4,1,,,,
2013/05/03,23,3,1,2,,,,
2013/05/03,24,3,1,2,,,,
2013/05/04,01,5,3,2,,,,
2013/05/04,02,2,2,0,,,,
2013/05/04,03,4,2,2,,,,
2013/05/04,04,3,1,2,,,,
2013/05/04,05,4,3,1,,,,
2013/05/04,06,2,2,0,,,,
2013/05/04,07,2,1,1,,,,
2013/05/04,08,6,5,1,,,,
2013/05/04,09,14,10,4,,,,
2013/05/04,10,86,40,46,,,,
2013/05/04,11,86,42,44,,,,
2013/05/04,12,98,50,48,,,,
2013/05/04,13,99,53,46,,,,
2013/05/04,14,100,53,47,,,,
2013/05/04,15,105,56,49,,,,
2013/05/04,16,103,54,49,,,,
2013/05/04,17,101,61,40,,,,
2013/05/04,18,101,54,47,,,,
2013/05/04,19,106,57,49,,,,
2013/05/04,20,100,54,46,,,,
2013/05/04,21,38,26,12,,,,
2013/05/04,22,8,5,3,,,,
2013/05/04,23,4,2,2,,,,
2013/05/04,24,2,1,1,,,,
2013/05/05,01,5,4,1,,,,
2013/05/05,02,3,2,1,,,,
2013/05/05,03,3,1,2,,,,
2013/05/05,04,5,4,1,,,,
2013/05/05,05,1,0,1,,,,
2013/05/05,06,4,3,1,,,,
2013/05/05,07,4,2,2,,,,
2013/05/05,08,2,0,2,,,,
2013/05/05,09,18,13,5,,,,
2013/05/05,10,85,40,45,,,,
2013/05/05,11,96,52,44,,,,
2013/05/05,12,104,58,46,,,,
2013/05/05,13,104,57,47,,,,
2013/05/05,14,107,59,48,,,,
2013/05/05,15,103,57,46,,,,
2013/05/05,16,108,63,45,,,,
2013/05/05,17,103,57,46,,,,
2013/05/05,18,113,65,48,,,,
2013/05/05,19,107,61,46,,,,
2013/05/05,20,111,61,50,,,,
2013/05/05,21,40,24,16,,,,
2013/05/05,22,3,1,2,,,,
2013/05/05,23,6,4,2,,,,
2013/05/05,24,2,1,1,,,,
2013/05/06,01,3,2,1,,,,
2013/05/06,02,4,3,1,,,,
2013/05/06,03,2,1,1,,,,
2013/05/06,04,5,4,1,,,,
2013/05/06,05,1,0,1,,,,
2013/05/06,06,4,2,2,,,,
2013/05/06,07,3,3,0,,,,
2013/05/06,08,7,4,3,,,,
2013/05/06,09,25,17,8,,,,
2013/05/06,10,93,48,45,,,,
2013/05/06,11,92,47,45,,,,
2013/05/06,12,97,50,47,,,,
2013/05/06,13,99,53,46,,,,
2013/05/06,14,96,51,45,,,,
2013/05/06,15,103,55,48,,,,
2013/05/06,16,101,54,47,,,,
2013/05/06,17,100,54,46,,,,
2013/05/06,18,104,56,48,,,,
2013/05/06,19,106,59,47,,,,
2013/05/06,20,105,58,47,,,,
2013/05/06,21,27,18,9,,,,
2013/05/06,22,7,5,2,,,,
2013/05/06,23,2,1,1,,,,
2013/05/06,24,4,2,2,,,,
2013/05/07,01,4,2,2,,,,
2013/05/07,02,4,2,2,,,,
2013/05/07,03,4,3,1,,,,
2013/05/07,04,4,2,2,,,,
2013/05/07,05,4,3,1,,,,
2013/05/07,06,3,1,2,,,,
2013/05/07,07,2,1,1,,,,
2013/05/07,08,6,5,1,,,,
2013/05/07,09,19,12,7,,,,
2013/05/07,10,90,44,46,,,,
2013/05/07,11,101,56,45,,,,
2013/05/07,12,111,63,48,,,,
2013/05/07,13,104,61,43,,,,
2013/05/07,14,115,67,48,,,,
2013/05/07,15,108,62,46,,,,
2013/05/07,16,102,54,48,,,,
2013/05/07,17,92,47,45,,,,
2013/05/07,18,94,49,45,,,,
2013/05/07,19,96,52,44,,,,
2013/05/07,20,95,51,44,,,,
2013/05/07,21,32,21,11,,,,
2013/05/07,22,1,1,0,,,,
2013/05/07,23,3,1,2,,,,
2013/05/07,24,5,3,2,,,,
2013/05/08,01,3,2,1,,,,
2013/05/08,02,3,2,1,,,,
2013/05/08,03,2,2,0,,,,
2013/05/08,04,5,3,2,,,,
2013/05/08,05,3,2,1,,,,
2013/05/08,06,2,1,1,,,,
2013/05/08,07,4,2,2,,,,
2013/05/08,08,5,3,2,,,,
2013/05/08,09,20,13,7,,,,
2013/05/08,10,89,43,46,,,,
2013/05/08,11,102,56,46,,,,
2013/05/08,12,101,54,47,,,,
2013/05/08,13,107,63,44,,,,
2013/05/08,14,111,63,48,,,,
2013/05/08,15,108,61,47,,,,
2013/05/08,16,108,63,45,,,,
2013/05/08,17,104,58,46,,,,
2013/05/08,18,108,63,45,,,,
2013/05/08,19,113,68,45,,,,
2013/05/08,20,110,64,46,,,,
2013/05/08,21,35,26,9,,,,
2013/05/08,22,1,0,1,,,,
2013/05/08,23,8,6,2,,,,
2013/05/08,24,2,0,2,,,,
2013/05/09,01,2,1,1,,,,
2013/05/09,02,5,4,1,,,,
2013/05/09,03,2,0,2,,,,
2013/05/09,04,4,3,1,,,,
2013/05/09,05,4,2,2,,,,
2013/05/09,06,1,1,0,,,,
2013/05/09,07,7,5,2,,,,
2013/05/09,08,3,2,1,,,,
2013/05/09,09,17,9,8,,,,
2013/05/09,10,94,47,47,,,,
2013/05/09,11,89,42,47,,,,
2013/05/09,12,91,47,44,,,,
2013/05/09,13,96,48,48,,,,
2013/05/09,14,92,47,45,,,,
2013/05/09,15,97,50,47,,,,
2013/05/09,16,91,49,42,,,,
2013/05/09,17,98,51,47,,,,
2013/05/09,18,94,47,47,,,,
2013/05/09,19,99,52,47,,,,
2013/05/09,20,97,53,44,,,,
2013/05/09,21,27,20,7,,,,
2013/05/09,22,5,3,2,,,,
2013/05/09,23,4,2,2,,,,
2013/05/09,24,1,1,0,,,,
2013/05/10,01,4,3,1,,,,
2013/05/10,02,4,2,2,,,,
2013/05/10,03,4,3,1,,,,
2013/05/10,04,3,1,2,,,,
2013/05/10,05,3,2,1,,,,
2013/05/10,06,4,2,2,,,,
2013/05/10,07,4,3,1,,,,
2013/05/10,08,3,1,2,,,,
2013/05/10,09,15,12,3,,,,
2013/05/10,10,87,41,46,,,,
2013/05/10,11,97,50,47,,,,
2013/05/10,12,97,51,46,,,,
2013/05/10,13,95,51,44,,,,
2013/05/10,14,99,54,45,,,,
2013/05/10,15,101,57,44,,,,
2013/05/10,16,100,57,43,,,,
2013/05/10,17,101,56,45,,,,
2013/05/10,18,104,55,49,,,,
2013/05/10,19,96,53,43,,,,
2013/05/10,20,100,54,46,,,,
2013/05/10,21,22,16,6,,,,
2013/05/10,22,14,11,3,,,,
2013/05/10,23,4,1,3,,,,
2013/05/10,24,3,2,1,,,,
2013/05/11,01,6,4,2,,,,
2013/05/11,02,4,2,2,,,,
2013/05/11,03,1,1,0,,,,
2013/05/11,04,5,3,2,,,,
2013/05/11,05,3,1,2,,,,
2013/05/11,06,5,3,2,,,,
2013/05/11,07,2,1,1,,,,
2013/05/11,08,3,1,2,,,,
2013/05/11,09,16,11,5,,,,
2013/05/11,10,85,42,43,,,,
2013/05/11,11,91,46,45,,,,
2013/05/11,12,100,53,47,,,,
2013/05/11,13,100,53,47,,,,
2013/05/11,14,106,58,48,,,,
2013/05/11,15,117,71,46,,,,
2013/05/11,16,122,75,47,,,,
2013/05/11,17,118,71,47,,,,
2013/05/11,18,114,69,45,,,,
2013/05/11,19,115,67,48,,,,
2013/05/11,20,112,67,45,,,,
2013/05/11,21,57,35,22,,,,
2013/05/11,22,6,5,1,,,,
2013/05/11,23,2,0,2,,,,
2013/05/11,24,3,2,1,,,,
2013/05/12,01,4,3,1,,,,
2013/05/12,02,3,1,2,,,,
2013/05/12,03,6,5,1,,,,
2013/05/12,04,2,0,2,,,,
2013/05/12,05,3,1,2,,,,
2013/05/12,06,5,4,1,,,,
2013/05/12,07,2,0,2,,,,
2013/05/12,08,7,5,2,,,,
2013/05/12,09,17,10,7,,,,
2013/05/12,10,90,46,44,,,,
2013/05/12,11,102,57,45,,,,
2013/05/12,12,109,65,44,,,,
2013/05/12,13,111,64,47,,,,
2013/05/12,14,116,69,47,,,,
2013/05/12,15,119,70,49,,,,
2013/05/12,16,116,68,48,,,,
2013/05/12,17,111,67,44,,,,
2013/05/12,18,111,64,47,,,,
2013/05/12,19,116,69,47,,,,
2013/05/12,20,108,62,46,,,,
2013/05/12,21,62,41,21,,,,
2013/05/12,22,4,2,2,,,,
2013/05/12,23,4,3,1,,,,
2013/05/12,24,4,2,2,,,,
2013/05/13,01,3,1,2,,,,
2013/05/13,02,5,4,1,,,,
2013/05/13,03,2,1,1,,,,
2013/05/13,04,2,2,0,,,,
2013/05/13,05,5,3,2,,,,
2013/05/13,06,2,1,1,,,,
2013/05/13,07,3,2,1,,,,
2013/05/13,08,8,5,3,,,,
2013/05/13,09,19,12,7,,,,
2013/05/13,10,93,48,45,,,,
2013/05/13,11,102,57,45,,,,
2013/05/13,12,108,65,43,,,,
2013/05/13,13,107,61,46,,,,
2013/05/13,14,113,65,48,,,,
2013/05/13,15,112,67,45,,,,
2013/05/13,16,110,67,43,,,,
2013/05/13,17,112,63,49,,,,
2013/05/13,18,113,65,48,,,,
2013/05/13,19,111,65,46,,,,
2013/05/13,20,114,68,46,,,,
2013/05/13,21,25,18,7,,,,
2013/05/13,22,2,2,0,,,,
2013/05/13,23,3,2,1,,,,
2013/05/13,24,5,3,2,,,,
2013/05/14,01,4,2,2,,,,
2013/05/14,02,3,2,1,,,,
2013/05/14,03,3,2,1,,,,
2013/05/14,04,3,2,1,,,,
2013/05/14,05,3,1,2,,,,
2013/05/14,06,3,2,1,,,,
2013/05/14,07,10,7,3,,,,
2013/05/14,08,10,8,2,,,,
2013/05/14,09,26,17,9,,,,
2013/05/14,10,98,53,45,,,,
2013/05/14,11,106,60,46,,,,
2013/05/14,12,92,46,46,,,,
2013/05/14,13,100,54,46,,,,
2013/05/14,14,101,54,47,,,,
2013/05/14,15,105,61,44,,,,
2013/05/14,16,104,60,44,,,,
2013/05/14,17,108,60,48,,,,
2013/05/14,18,100,54,46,,,,
2013/05/14,19,106,62,44,,,,
2013/05/14,20,104,56,48,,,,
2013/05/14,21,34,23,11,,,,
2013/05/14,22,3,1,2,,,,
2013/05/14,23,2,0,2,,,,
2013/05/14,24,6,5,1,,,,
2013/05/15,01,1,0,1,,,,
2013/05/15,02,2,1,1,,,,
2013/05/15,03,5,4,1,,,,
2013/05/15,04,3,1,2,,,,
2013/05/15,05,6,5,1,,,,
2013/05/15,06,2,0,2,,,,
2013/05/15,07,3,1,2,,,,
2013/05/15,08,6,4,2,,,,
2013/05/15,09,13,9,4,,,,
2013/05/15,10,109,61,48,,,,
2013/05/15,11,126,79,47,,,,
2013/05/15,12,125,80,45,,,,
2013/05/15,13,129,80,49,,,,
2013/05/15,14,128,81,47,,,,
2013/05/15,15,119,75,44,,,,
2013/05/15,16,101,57,44,,,,
2013/05/15,17,93,46,47,,,,
2013/05/15,18,102,53,49,,,,
2013/05/15,19,98,55,43,,,,
2013/05/15,20,98,55,43,,,,
2013/05/15,21,17,11,6,,,,
2013/05/15,22,3,1,2,,,,
2013/05/15,23,5,3,2,,,,
2013/05/15,24,3,2,1,,,,
2013/05/16,01,3,1,2,,,,
2013/05/16,02,4,2,2,,,,
2013/05/16,03,2,2,0,,,,
2013/05/16,04,4,2,2,,,,
2013/05/16,05,4,2,2,,,,
2013/05/16,06,4,2,2,,,,
2013/05/16,07,4,3,1,,,,
2013/05/16,08,4,2,2,,,,
2013/05/16,09,19,10,9,,,,
2013/05/16,10,94,49,45,,,,
2013/05/16,11,113,69,44,,,,
2013/05/16,12,106,63,43,,,,
2013/05/16,13,108,62,46,,,,
2013/05/16,14,108,60,48,,,,
2013/05/16,15,104,59,45,,,,
2013/05/16,16,105,59,46,,,,
2013/05/16,17,103,59,44,,,,
2013/05/16,18,110,64,46,,,,
2013/05/16,19,111,64,47,,,,
2013/05/16,20,108,60,48,,,,
2013/05/16,21,28,18,10,,,,
2013/05/16,22,5,3,2,,,,
2013/05/16,23,3,1,2,,,,
2013/05/16,24,4,2,2,,,,
2013/05/17,01,5,3,2,,,,
2013/05/17,02,2,1,1,,,,
2013/05/17,03,5,4,1,,,,
2013/05/17,04,2,1,1,,,,
2013/05/17,05,2,1,1,,,,
2013/05/17,06,5,4,1,,,,
2013/05/17,07,1,0,1,,,,
2013/05/17,08,9,6,3,,,,
2013/05/17,09,23,14,9,,,,
2013/05/17,10,90,45,45,,,,
2013/05/17,11,107,61,46,,,,
2013/05/17,12,110,64,46,,,,
2013/05/17,13,111,65,46,,,,
2013/05/17,14,112,68,44,,,,
2013/05/17,15,114,70,44,,,,
2013/05/17,16,109,63,46,,,,
2013/05/17,17,109,62,47,,,,
2013/05/17,18,111,61,50,,,,
2013/05/17,19,113,64,49,,,,
2013/05/17,20,112,65,47,,,,
2013/05/17,21,42,32,10,,,,
2013/05/17,22,2,1,1,,,,
2013/05/17,23,6,4,2,,,,
2013/05/17,24,2,0,2,,,,
2013/05/18,01,2,2,0,,,,
2013/05/18,02,5,4,1,,,,
2013/05/18,03,2,1,1,,,,
2013/05/18,04,5,4,1,,,,
2013/05/18,05,3,1,2,,,,
2013/05/18,06,2,2,0,,,,
2013/05/18,07,4,3,1,,,,
2013/05/18,08,6,3,3,,,,
2013/05/18,09,18,12,6,,,,
2013/05/18,10,96,49,47,,,,
2013/05/18,11,106,62,44,,,,
2013/05/18,12,109,62,47,,,,
2013/05/18,13,114,64,50,,,,
2013/05/18,14,116,69,47,,,,
2013/05/18,15,111,62,49,,,,
2013/05/18,16,104,60,44,,,,
2013/05/18,17,108,62,46,,,,
2013/05/18,18,112,66,46,,,,
2013/05/18,19,108,59,49,,,,
2013/05/18,20,112,64,48,,,,
2013/05/18,21,41,28,13,,,,
2013/05/18,22,6,4,2,,,,
2013/05/18,23,2,1,1,,,,
2013/05/18,24,3,3,0,,,,
2013/05/19,01,5,3,2,,,,
2013/05/19,02,1,1,0,,,,
2013/05/19,03,5,3,2,,,,
2013/05/19,04,3,1,2,,,,
2013/05/19,05,2,1,1,,,,
2013/05/19,06,5,3,2,,,,
2013/05/19,07,3,2,1,,,,
2013/05/19,08,8,6,2,,,,
2013/05/19,09,24,14,10,,,,
2013/05/19,10,85,40,45,,,,
2013/05/19,11,93,48,45,,,,
2013/05/19,12,117,69,48,,,,
2013/05/19,13,112,66,46,,,,
2013/05/19,14,116,68,48,,,,
2013/05/19,15,117,71,46,,,,
2013/05/19,16,114,66,48,,,,
2013/05/19,17,106,60,46,,,,
2013/05/19,18,113,65,48,,,,
2013/05/19,19,112,67,45,,,,
2013/05/19,20,105,60,45,,,,
2013/05/19,21,28,18,10,,,,
2013/05/19,22,16,10,6,,,,
2013/05/19,23,12,8,4,,,,
2013/05/19,24,9,6,3,,,,
2013/05/20,01,3,2,1,,,,
2013/05/20,02,5,3,2,,,,
2013/05/20,03,5,3,2,,,,
2013/05/20,04,1,1,0,,,,
2013/05/20,05,4,2,2,,,,
2013/05/20,06,3,2,1,,,,
2013/05/20,07,2,1,1,,,,
2013/05/20,08,5,4,1,,,,
2013/05/20,09,21,14,7,,,,
2013/05/20,10,90,47,43,,,,
2013/05/20,11,103,58,45,,,,
2013/05/20,12,110,64,46,,,,
2013/05/20,13,113,68,45,,,,
2013/05/20,14,117,70,47,,,,
2013/05/20,15,112,66,46,,,,
2013/05/20,16,112,65,47,,,,
2013/05/20,17,113,67,46,,,,
2013/05/20,18,112,65,47,,,,
2013/05/20,19,108,65,43,,,,
2013/05/20,20,108,65,43,,,,
2013/05/20,21,25,16,9,,,,
2013/05/20,22,3,1,2,,,,
2013/05/20,23,6,4,2,,,,
2013/05/20,24,2,1,1,,,,
2013/05/21,01,4,3,1,,,,
2013/05/21,02,4,2,2,,,,
2013/05/21,03,1,1,0,,,,
2013/05/21,04,3,2,1,,,,
2013/05/21,05,3,2,1,,,,
2013/05/21,06,3,2,1,,,,
2013/05/21,07,4,2,2,,,,
2013/05/21,08,7,6,1,,,,
2013/05/21,09,25,16,9,,,,
2013/05/21,10,99,53,46,,,,
2013/05/21,11,108,61,47,,,,
2013/05/21,12,113,68,45,,,,
2013/05/21,13,120,72,48,,,,
2013/05/21,14,115,70,45,,,,
2013/05/21,15,108,66,42,,,,
2013/05/21,16,119,72,47,,,,
2013/05/21,17,109,63,46,,,,
2013/05/21,18,106,61,45,,,,
2013/05/21,19,106,59,47,,,,
2013/05/21,20,113,64,49,,,,
2013/05/21,21,36,25,11,,,,
2013/05/21,22,2,1,1,,,,
2013/05/21,23,3,2,1,,,,
2013/05/21,24,2,2,0,,,,
2013/05/22,01,5,3,2,,,,
2013/05/22,02,4,2,2,,,,
2013/05/22,03,1,1,0,,,,
2013/05/22,04,4,3,1,,,,
2013/05/22,05,3,2,1,,,,
2013/05/22,06,3,1,2,,,,
2013/05/22,07,3,3,0,,,,
2013/05/22,08,2,1,1,,,,
2013/05/22,09,20,15,5,,,,
2013/05/22,10,97,48,49,,,,
2013/05/22,11,109,61,48,,,,
2013/05/22,12,118,71,47,,,,
2013/05/22,13,119,76,43,,,,
2013/05/22,14,119,73,46,,,,
2013/05/22,15,123,75,48,,,,
2013/05/22,16,119,74,45,,,,
2013/05/22,17,115,70,45,,,,
2013/05/22,18,117,69,48,,,,
2013/05/22,19,111,62,49,,,,
2013/05/22,20,111,63,48,,,,
2013/05/22,21,36,27,9,,,,
2013/05/22,22,3,1,2,,,,
2013/05/22,23,2,1,1,,,,
2013/05/22,24,6,4,2,,,,
2013/05/23,01,2,1,1,,,,
2013/05/23,02,3,1,2,,,,
2013/05/23,03,5,4,1,,,,
2013/05/23,04,3,1,2,,,,
2013/05/23,05,3,3,0,,,,
2013/05/23,06,3,1,2,,,,
2013/05/23,07,2,2,0,,,,
2013/05/23,08,8,6,2,,,,
2013/05/23,09,18,10,8,,,,
2013/05/23,10,95,50,45,,,,
2013/05/23,11,105,62,43,,,,
2013/05/23,12,117,69,48,,,,
2013/05/23,13,107,63,44,,,,
2013/05/23,14,113,65,48,,,,
2013/05/23,15,110,63,47,,,,
2013/05/23,16,111,64,47,,,,
2013/05/23,17,111,61,50,,,,
2013/05/23,18,111,62,49,,,,
2013/05/23,19,110,62,48,,,,
2013/05/23,20,114,68,46,,,,
2013/05/23,21,24,16,8,,,,
2013/05/23,22,4,3,1,,,,
2013/05/23,23,3,2,1,,,,
2013/05/23,24,3,1,2,,,,
2013/05/24,01,5,3,2,,,,
2013/05/24,02,2,1,1,,,,
2013/05/24,03,3,2,1,,,,
2013/05/24,04,3,3,0,,,,
2013/05/24,05,2,0,2,,,,
2013/05/24,06,6,4,2,,,,
2013/05/24,07,3,2,1,,,,
2013/05/24,08,4,2,2,,,,
2013/05/24,09,22,16,6,,,,
2013/05/24,10,97,53,44,,,,
2013/05/24,11,109,61,48,,,,
2013/05/24,12,107,62,45,,,,
2013/05/24,13,108,64,44,,,,
2013/05/24,14,113,68,45,,,,
2013/05/24,15,113,67,46,,,,
2013/05/24,16,111,64,47,,,,
2013/05/24,17,118,72,46,,,,
2013/05/24,18,111,66,45,,,,
2013/05/24,19,111,65,46,,,,
2013/05/24,20,115,67,48,,,,
2013/05/24,21,36,28,8,,,,
2013/05/24,22,9,7,2,,,,
2013/05/24,23,4,2,2,,,,
2013/05/24,24,2,1,1,,,,
2013/05/25,01,4,2,2,,,,
2013/05/25,02,3,2,1,,,,
2013/05/25,03,2,2,0,,,,
2013/05/25,04,3,2,1,,,,
2013/05/25,05,4,3,1,,,,
2013/05/25,06,3,2,1,,,,
2013/05/25,07,3,1,2,,,,
2013/05/25,08,4,3,1,,,,
2013/05/25,09,20,11,9,,,,
2013/05/25,10,86,40,46,,,,
2013/05/25,11,114,68,46,,,,
2013/05/25,12,116,71,45,,,,
2013/05/25,13,119,69,50,,,,
2013/05/25,14,115,70,45,,,,
2013/05/25,15,119,74,45,,,,
2013/05/25,16,115,69,46,,,,
2013/05/25,17,118,68,50,,,,
2013/05/25,18,114,67,47,,,,
2013/05/25,19,110,67,43,,,,
2013/05/25,20,114,68,46,,,,
2013/05/25,21,119,71,48,,,,
2013/05/25,22,21,14,7,,,,
2013/05/25,23,2,1,1,,,,
2013/05/25,24,3,2,1,,,,
2013/05/26,01,5,3,2,,,,
2013/05/26,02,2,1,1,,,,
2013/05/26,03,4,3,1,,,,
2013/05/26,04,3,2,1,,,,
2013/05/26,05,4,2,2,,,,
2013/05/26,06,4,3,1,,,,
2013/05/26,07,4,3,1,,,,
2013/05/26,08,9,6,3,,,,
2013/05/26,09,16,10,6,,,,
2013/05/26,10,85,40,45,,,,
2013/05/26,11,119,71,48,,,,
2013/05/26,12,119,75,44,,,,
2013/05/26,13,116,71,45,,,,
2013/05/26,14,124,77,47,,,,
2013/05/26,15,122,74,48,,,,
2013/05/26,16,120,73,47,,,,
2013/05/26,17,118,69,49,,,,
2013/05/26,18,114,70,44,,,,
2013/05/26,19,120,73,47,,,,
2013/05/26,20,121,75,46,,,,
2013/05/26,21,109,66,43,,,,
2013/05/26,22,59,37,22,,,,
2013/05/26,23,3,2,1,,,,
2013/05/26,24,4,3,1,,,,
2013/05/27,01,3,1,2,,,,
2013/05/27,02,4,3,1,,,,
2013/05/27,03,3,2,1,,,,
2013/05/27,04,2,1,1,,,,
2013/05/27,05,4,3,1,,,,
2013/05/27,06,3,2,1,,,,
2013/05/27,07,3,1,2,,,,
2013/05/27,08,8,6,2,,,,
2013/05/27,09,23,13,10,,,,
2013/05/27,10,100,52,48,,,,
2013/05/27,11,110,67,43,,,,
2013/05/27,12,113,68,45,,,,
2013/05/27,13,115,65,50,,,,
2013/05/27,14,115,67,48,,,,
2013/05/27,15,109,64,45,,,,
2013/05/27,16,118,70,48,,,,
2013/05/27,17,108,64,44,,,,
2013/05/27,18,105,63,42,,,,
2013/05/27,19,109,63,46,,,,
2013/05/27,20,113,65,48,,,,
2013/05/27,21,25,18,7,,,,
2013/05/27,22,2,0,2,,,,
2013/05/27,23,4,4,0,,,,
2013/05/27,24,3,1,2,,,,
2013/05/28,01,1,0,1,,,,
2013/05/28,02,7,5,2,,,,
2013/05/28,03,2,1,1,,,,
2013/05/28,04,3,2,1,,,,
2013/05/28,05,6,4,2,,,,
2013/05/28,06,1,0,1,,,,
2013/05/28,07,6,4,2,,,,
2013/05/28,08,1,1,0,,,,
2013/05/28,09,20,14,6,,,,
2013/05/28,10,93,47,46,,,,
2013/05/28,11,104,59,45,,,,
2013/05/28,12,109,65,44,,,,
2013/05/28,13,110,61,49,,,,
2013/05/28,14,104,60,44,,,,
2013/05/28,15,115,70,45,,,,
2013/05/28,16,108,62,46,,,,
2013/05/28,17,111,66,45,,,,
2013/05/28,18,110,63,47,,,,
2013/05/28,19,113,66,47,,,,
2013/05/28,20,111,61,50,,,,
2013/05/28,21,36,27,9,,,,
2013/05/28,22,2,1,1,,,,
2013/05/28,23,5,3,2,,,,
2013/05/28,24,2,1,1,,,,
2013/05/29,01,5,3,2,,,,
2013/05/29,02,3,2,1,,,,
2013/05/29,03,1,0,1,,,,
2013/05/29,04,3,3,0,,,,
2013/05/29,05,3,2,1,,,,
2013/05/29,06,3,2,1,,,,
2013/05/29,07,3,2,1,,,,
2013/05/29,08,5,4,1,,,,
2013/05/29,09,13,10,3,,,,
2013/05/29,10,90,45,45,,,,
2013/05/29,11,99,53,46,,,,
2013/05/29,12,106,59,47,,,,
2013/05/29,13,112,66,46,,,,
2013/05/29,14,106,59,47,,,,
2013/05/29,15,107,61,46,,,,
2013/05/29,16,105,58,47,,,,
2013/05/29,17,106,59,47,,,,
2013/05/29,18,107,63,44,,,,
2013/05/29,19,108,62,46,,,,
2013/05/29,20,106,63,43,,,,
2013/05/29,21,102,62,40,,,,
2013/05/29,22,110,68,42,,,,
2013/05/29,23,110,69,41,,,,
2013/05/29,24,105,66,39,,,,
2013/05/30,01,108,67,41,,,,
2013/05/30,02,96,56,40,,,,
2013/05/30,03,88,49,39,,,,
2013/05/30,04,35,24,11,,,,
2013/05/30,05,4,2,2,,,,
2013/05/30,06,3,1,2,,,,
2013/05/30,07,4,3,1,,,,
2013/05/30,08,11,7,4,,,,
2013/05/30,09,26,17,9,,,,
2013/05/30,10,93,49,44,,,,
2013/05/30,11,107,63,44,,,,
2013/05/30,12,111,66,45,,,,
2013/05/30,13,115,68,47,,,,
2013/05/30,14,121,75,46,,,,
2013/05/30,15,110,65,45,,,,
2013/05/30,16,112,66,46,,,,
2013/05/30,17,113,66,47,,,,
2013/05/30,18,112,68,44,,,,
2013/05/30,19,117,68,49,,,,
2013/05/30,20,111,66,45,,,,
2013/05/30,21,36,28,8,,,,
2013/05/30,22,1,1,0,,,,
2013/05/30,23,4,3,1,,,,
2013/05/30,24,2,1,1,,,,
2013/05/31,01,2,2,0,,,,
2013/05/31,02,5,4,1,,,,
2013/05/31,03,3,2,1,,,,
2013/05/31,04,3,1,2,,,,
2013/05/31,05,3,2,1,,,,
2013/05/31,06,3,2,1,,,,
2013/05/31,07,3,2,1,,,,
2013/05/31,08,6,4,2,,,,
2013/05/31,09,18,11,7,,,,
2013/05/31,10,95,50,45,,,,
2013/05/31,11,104,58,46,,,,
2013/05/31,12,116,71,45,,,,
2013/05/31,13,111,65,46,,,,
2013/05/31,14,120,73,47,,,,
2013/05/31,15,115,68,47,,,,
2013/05/31,16,109,66,43,,,,
2013/05/31,17,107,63,44,,,,
2013/05/31,18,113,66,47,,,,
2013/05/31,19,113,66,47,,,,
2013/05/31,20,112,69,43,,,,
2013/05/31,21,105,64,41,,,,
2013/05/31,22,36,27,9,,,,
2013/05/31,23,4,2,2,,,,
2013/05/31,24,3,2,1,,,,
2013/06/01,01,4,3,1,,,,
2013/06/01,02,1,0,1,,,,
2013/06/01,03,5,3,2,,,,
2013/06/01,04,4,3,1,,,,
2013/06/01,05,2,0,2,,,,
2013/06/01,06,6,4,2,,,,
2013/06/01,07,2,1,1,,,,
2013/06/01,08,5,4,1,,,,
2013/06/01,09,18,11,7,,,,
2013/06/01,10,83,38,45,,,,
2013/06/01,11,113,67,46,,,,
2013/06/01,12,107,63,44,,,,
2013/06/01,13,109,63,46,,,,
2013/06/01,14,111,64,47,,,,
2013/06/01,15,111,64,47,,,,
2013/06/01,16,116,69,47,,,,
2013/06/01,17,111,64,47,,,,
2013/06/01,18,115,67,48,,,,
2013/06/01,19,112,67,45,,,,
2013/06/01,20,110,68,42,,,,
2013/06/01,21,35,24,11,,,,
2013/06/01,22,4,3,1,,,,
2013/06/01,23,2,1,1,,,,
2013/06/01,24,5,3,2,,,,
2013/06/02,01,1,1,0,,,,
2013/06/02,02,4,2,2,,,,
2013/06/02,03,5,4,1,,,,
2013/06/02,04,1,0,1,,,,
2013/06/02,05,6,4,2,,,,
2013/06/02,06,3,1,2,,,,
2013/06/02,07,2,1,1,,,,
2013/06/02,08,9,7,2,,,,
2013/06/02,09,17,9,8,,,,
2013/06/02,10,93,47,46,,,,
2013/06/02,11,112,67,45,,,,
2013/06/02,12,120,72,48,,,,
2013/06/02,13,117,71,46,,,,
2013/06/02,14,126,80,46,,,,
2013/06/02,15,112,67,45,,,,
2013/06/02,16,113,67,46,,,,
2013/06/02,17,112,65,47,,,,
2013/06/02,18,115,65,50,,,,
2013/06/02,19,110,66,44,,,,
2013/06/02,20,109,63,46,,,,
2013/06/02,21,52,32,20,,,,
2013/06/02,22,5,3,2,,,,
2013/06/02,23,3,1,2,,,,
2013/06/02,24,3,2,1,,,,
2013/06/03,01,4,2,2,,,,
2013/06/03,02,5,4,1,,,,
2013/06/03,03,1,0,1,,,,
2013/06/03,04,5,3,2,,,,
2013/06/03,05,4,2,2,,,,
2013/06/03,06,3,2,1,,,,
2013/06/03,07,3,2,1,,,,
2013/06/03,08,5,3,2,,,,
2013/06/03,09,23,16,7,,,,
2013/06/03,10,103,58,45,,,,
2013/06/03,11,111,64,47,,,,
2013/06/03,12,114,68,46,,,,
2013/06/03,13,112,67,45,,,,
2013/06/03,14,114,70,44,,,,
2013/06/03,15,116,73,43,,,,
2013/06/03,16,114,68,46,,,,
2013/06/03,17,114,68,46,,,,
2013/06/03,18,117,70,47,,,,
2013/06/03,19,104,63,41,,,,
2013/06/03,20,114,67,47,,,,
2013/06/03,21,33,22,11,,,,
2013/06/03,22,3,2,1,,,,
2013/06/03,23,3,2,1,,,,
2013/06/03,24,2,2,0,,,,
2013/06/04,01,5,3,2,,,,
2013/06/04,02,1,0,1,,,,
2013/06/04,03,5,3,2,,,,
2013/06/04,04,4,2,2,,,,
2013/06/04,05,3,1,2,,,,
2013/06/04,06,5,4,1,,,,
2013/06/04,07,3,1,2,,,,
2013/06/04,08,4,3,1,,,,
2013/06/04,09,22,16,6,,,,
2013/06/04,10,100,54,46,,,,
2013/06/04,11,115,70,45,,,,
2013/06/04,12,112,67,45,,,,
2013/06/04,13,118,73,45,,,,
2013/06/04,14,117,75,42,,,,
2013/06/04,15,121,75,46,,,,
2013/06/04,16,124,79,45,,,,
2013/06/04,17,118,71,47,,,,
2013/06/04,18,110,67,43,,,,
2013/06/04,19,112,67,45,,,,
2013/06/04,20,110,66,44,,,,
2013/06/04,21,33,24,9,,,,
2013/06/04,22,4,3,1,,,,
2013/06/04,23,3,2,1,,,,
2013/06/04,24,4,2,2,,,,
2013/06/05,01,3,2,1,,,,
2013/06/05,02,4,3,1,,,,
2013/06/05,03,3,2,1,,,,
2013/06/05,04,3,2,1,,,,
2013/06/05,05,2,1,1,,,,
2013/06/05,06,3,2,1,,,,
2013/06/05,07,4,3,1,,,,
2013/06/05,08,2,2,0,,,,
2013/06/05,09,22,15,7,,,,
2013/06/05,10,96,54,42,,,,
2013/06/05,11,113,71,42,,,,
2013/06/05,12,118,76,42,,,,
2013/06/05,13,116,70,46,,,,
2013/06/05,14,125,79,46,,,,
2013/06/05,15,127,81,46,,,,
2013/06/05,16,115,72,43,,,,
2013/06/05,17,112,67,45,,,,
2013/06/05,18,111,67,44,,,,
2013/06/05,19,114,69,45,,,,
2013/06/05,20,115,70,45,,,,
2013/06/05,21,20,13,7,,,,
2013/06/05,22,5,3,2,,,,
2013/06/05,23,3,2,1,,,,
2013/06/05,24,5,3,2,,,,
2013/06/06,01,3,1,2,,,,
2013/06/06,02,2,2,0,,,,
2013/06/06,03,4,3,1,,,,
2013/06/06,04,3,1,2,,,,
2013/06/06,05,3,2,1,,,,
2013/06/06,06,2,2,0,,,,
2013/06/06,07,5,3,2,,,,
2013/06/06,08,7,4,3,,,,
2013/06/06,09,23,18,5,,,,
2013/06/06,10,98,51,47,,,,
2013/06/06,11,113,68,45,,,,
2013/06/06,12,116,72,44,,,,
2013/06/06,13,107,63,44,,,,
2013/06/06,14,115,69,46,,,,
2013/06/06,15,114,69,45,,,,
2013/06/06,16,116,69,47,,,,
2013/06/06,17,113,66,47,,,,
2013/06/06,18,108,64,44,,,,
2013/06/06,19,111,65,46,,,,
2013/06/06,20,113,69,44,,,,
2013/06/06,21,37,28,9,,,,
2013/06/06,22,4,2,2,,,,
2013/06/06,23,3,1,2,,,,
2013/06/06,24,2,2,0,,,,
2013/06/07,01,4,2,2,,,,
2013/06/07,02,3,2,1,,,,
2013/06/07,03,3,1,2,,,,
2013/06/07,04,4,3,1,,,,
2013/06/07,05,4,2,2,,,,
2013/06/07,06,6,4,2,,,,
2013/06/07,07,4,3,1,,,,
2013/06/07,08,7,4,3,,,,
2013/06/07,09,23,17,6,,,,
2013/06/07,10,97,51,46,,,,
2013/06/07,11,118,72,46,,,,
2013/06/07,12,111,71,40,,,,
2013/06/07,13,119,73,46,,,,
2013/06/07,14,116,73,43,,,,
2013/06/07,15,115,68,47,,,,
2013/06/07,16,112,66,46,,,,
2013/06/07,17,106,63,43,,,,
2013/06/07,18,112,66,46,,,,
2013/06/07,19,114,67,47,,,,
2013/06/07,20,112,69,43,,,,
2013/06/07,21,35,23,12,,,,
2013/06/07,22,3,2,1,,,,
2013/06/07,23,4,2,2,,,,
2013/06/07,24,3,1,2,,,,
2013/06/08,01,2,2,0,,,,
2013/06/08,02,5,3,2,,,,
2013/06/08,03,5,3,2,,,,
2013/06/08,04,1,1,0,,,,
2013/06/08,05,4,3,1,,,,
2013/06/08,06,2,1,1,,,,
2013/06/08,07,4,3,1,,,,
2013/06/08,08,6,3,3,,,,
2013/06/08,09,20,16,4,,,,
2013/06/08,10,101,54,47,,,,
2013/06/08,11,115,71,44,,,,
2013/06/08,12,117,71,46,,,,
2013/06/08,13,120,73,47,,,,
2013/06/08,14,109,65,44,,,,
2013/06/08,15,103,54,49,,,,
2013/06/08,16,110,62,48,,,,
2013/06/08,17,105,59,46,,,,
2013/06/08,18,108,61,47,,,,
2013/06/08,19,98,54,44,,,,
2013/06/08,20,103,60,43,,,,
2013/06/08,21,26,20,6,,,,
2013/06/08,22,4,2,2,,,,
2013/06/08,23,4,3,1,,,,
2013/06/08,24,2,1,1,,,,
2013/06/09,01,2,1,1,,,,
2013/06/09,02,4,4,0,,,,
2013/06/09,03,1,0,1,,,,
2013/06/09,04,5,4,1,,,,
2013/06/09,05,2,1,1,,,,
2013/06/09,06,1,1,0,,,,
2013/06/09,07,6,4,2,,,,
2013/06/09,08,4,2,2,,,,
2013/06/09,09,17,14,3,,,,
2013/06/09,10,88,41,47,,,,
2013/06/09,11,111,69,42,,,,
2013/06/09,12,118,73,45,,,,
2013/06/09,13,119,72,47,,,,
2013/06/09,14,120,76,44,,,,
2013/06/09,15,121,75,46,,,,
2013/06/09,16,118,76,42,,,,
2013/06/09,17,121,76,45,,,,
2013/06/09,18,97,52,45,,,,
2013/06/09,19,104,58,46,,,,
2013/06/09,20,103,58,45,,,,
2013/06/09,21,37,26,11,,,,
2013/06/09,22,6,5,1,,,,
2013/06/09,23,1,0,1,,,,
2013/06/09,24,5,3,2,,,,
2013/06/10,01,3,2,1,,,,
2013/06/10,02,2,1,1,,,,
2013/06/10,03,6,4,2,,,,
2013/06/10,04,1,0,1,,,,
2013/06/10,05,4,2,2,,,,
2013/06/10,06,5,3,2,,,,
2013/06/10,07,3,2,1,,,,
2013/06/10,08,5,3,2,,,,
2013/06/10,09,17,14,3,,,,
2013/06/10,10,87,40,47,,,,
2013/06/10,11,100,53,47,,,,
2013/06/10,12,100,56,44,,,,
2013/06/10,13,102,56,46,,,,
2013/06/10,14,101,56,45,,,,
2013/06/10,15,110,63,47,,,,
2013/06/10,16,114,68,46,,,,
2013/06/10,17,104,58,46,,,,
2013/06/10,18,106,58,48,,,,
2013/06/10,19,100,57,43,,,,
2013/06/10,20,104,58,46,,,,
2013/06/10,21,24,16,8,,,,
2013/06/10,22,5,3,2,,,,
2013/06/10,23,4,2,2,,,,
2013/06/10,24,5,3,2,,,,
2013/06/11,01,4,2,2,,,,
2013/06/11,02,3,2,1,,,,
2013/06/11,03,3,2,1,,,,
2013/06/11,04,4,2,2,,,,
2013/06/11,05,3,1,2,,,,
2013/06/11,06,3,2,1,,,,
2013/06/11,07,4,3,1,,,,
2013/06/11,08,3,2,1,,,,
2013/06/11,09,18,14,4,,,,
2013/06/11,10,99,53,46,,,,
2013/06/11,11,118,71,47,,,,
2013/06/11,12,120,73,47,,,,
2013/06/11,13,114,70,44,,,,
2013/06/11,14,117,71,46,,,,
2013/06/11,15,120,74,46,,,,
2013/06/11,16,114,73,41,,,,
2013/06/11,17,111,65,46,,,,
2013/06/11,18,97,53,44,,,,
2013/06/11,19,97,56,41,,,,
2013/06/11,20,107,61,46,,,,
2013/06/11,21,31,22,9,,,,
2013/06/11,22,12,10,2,,,,
2013/06/11,23,13,11,2,,,,
2013/06/11,24,9,8,1,,,,
2013/06/12,01,12,11,1,,,,
2013/06/12,02,9,9,0,,,,
2013/06/12,03,12,10,2,,,,
2013/06/12,04,11,10,1,,,,
2013/06/12,05,11,10,1,,,,
2013/06/12,06,10,9,1,,,,
2013/06/12,07,11,10,1,,,,
2013/06/12,08,11,9,2,,,,
2013/06/12,09,17,13,4,,,,
2013/06/12,10,100,53,47,,,,
2013/06/12,11,106,62,44,,,,
2013/06/12,12,106,63,43,,,,
2013/06/12,13,109,63,46,,,,
2013/06/12,14,112,66,46,,,,
2013/06/12,15,116,68,48,,,,
2013/06/12,16,111,66,45,,,,
2013/06/12,17,109,65,44,,,,
2013/06/12,18,110,65,45,,,,
2013/06/12,19,113,69,44,,,,
2013/06/12,20,108,62,46,,,,
2013/06/12,21,54,33,21,,,,
2013/06/12,22,6,4,2,,,,
2013/06/12,23,4,2,2,,,,
2013/06/12,24,2,1,1,,,,
2013/06/13,01,5,3,2,,,,
2013/06/13,02,2,1,1,,,,
2013/06/13,03,4,3,1,,,,
2013/06/13,04,2,1,1,,,,
2013/06/13,05,3,2,1,,,,
2013/06/13,06,3,2,1,,,,
2013/06/13,07,4,3,1,,,,
2013/06/13,08,5,3,2,,,,
2013/06/13,09,40,33,7,,,,
2013/06/13,10,122,77,45,,,,
2013/06/13,11,131,87,44,,,,
2013/06/13,12,136,91,45,,,,
2013/06/13,13,138,93,45,,,,
2013/06/13,14,131,87,44,,,,
2013/06/13,15,139,94,45,,,,
2013/06/13,16,128,84,44,,,,
2013/06/13,17,131,84,47,,,,
2013/06/13,18,129,85,44,,,,
2013/06/13,19,123,77,46,,,,
2013/06/13,20,132,85,47,,,,
2013/06/13,21,51,40,11,,,,
2013/06/13,22,2,1,1,,,,
2013/06/13,23,4,3,1,,,,
2013/06/13,24,3,1,2,,,,
2013/06/14,01,4,3,1,,,,
2013/06/14,02,4,1,3,,,,
2013/06/14,03,5,3,2,,,,
2013/06/14,04,4,3,1,,,,
2013/06/14,05,3,1,2,,,,
2013/06/14,06,3,2,1,,,,
2013/06/14,07,4,2,2,,,,
2013/06/14,08,5,2,3,,,,
2013/06/14,09,43,34,9,,,,
2013/06/14,10,127,85,42,,,,
2013/06/14,11,130,84,46,,,,
2013/06/14,12,132,88,44,,,,
2013/06/14,13,134,90,44,,,,
2013/06/14,14,147,100,47,,,,
2013/06/14,15,150,102,48,,,,
2013/06/14,16,152,107,45,,,,
2013/06/14,17,157,112,45,,,,
2013/06/14,18,136,93,43,,,,
2013/06/14,19,136,91,45,,,,
2013/06/14,20,126,82,44,,,,
2013/06/14,21,40,28,12,,,,
2013/06/14,22,4,2,2,,,,
2013/06/14,23,4,3,1,,,,
2013/06/14,24,3,2,1,,,,
2013/06/15,01,1,0,1,,,,
2013/06/15,02,6,5,1,,,,
2013/06/15,03,3,1,2,,,,
2013/06/15,04,3,2,1,,,,
2013/06/15,05,4,2,2,,,,
2013/06/15,06,3,1,2,,,,
2013/06/15,07,3,3,0,,,,
2013/06/15,08,12,10,2,,,,
2013/06/15,09,35,29,6,,,,
2013/06/15,10,108,64,44,,,,
2013/06/15,11,122,76,46,,,,
2013/06/15,12,125,77,48,,,,
2013/06/15,13,123,77,46,,,,
2013/06/15,14,122,78,44,,,,
2013/06/15,15,126,79,47,,,,
2013/06/15,16,125,81,44,,,,
2013/06/15,17,124,77,47,,,,
2013/06/15,18,121,77,44,,,,
2013/06/15,19,125,79,46,,,,
2013/06/15,20,121,76,45,,,,
2013/06/15,21,105,66,39,,,,
2013/06/15,22,10,8,2,,,,
2013/06/15,23,2,1,1,,,,
2013/06/15,24,4,3,1,,,,
2013/06/16,01,2,1,1,,,,
2013/06/16,02,5,3,2,,,,
2013/06/16,03,3,1,2,,,,
2013/06/16,04,3,2,1,,,,
2013/06/16,05,3,2,1,,,,
2013/06/16,06,4,2,2,,,,
2013/06/16,07,3,2,1,,,,
2013/06/16,08,16,13,3,,,,
2013/06/16,09,33,29,4,,,,
2013/06/16,10,113,68,45,,,,
2013/06/16,11,135,91,44,,,,
2013/06/16,12,141,95,46,,,,
2013/06/16,13,137,94,43,,,,
2013/06/16,14,143,98,45,,,,
2013/06/16,15,142,94,48,,,,
2013/06/16,16,139,95,44,,,,
2013/06/16,17,140,94,46,,,,
2013/06/16,18,130,84,46,,,,
2013/06/16,19,127,82,45,,,,
2013/06/16,20,124,78,46,,,,
2013/06/16,21,66,45,21,,,,
2013/06/16,22,4,2,2,,,,
2013/06/16,23,5,3,2,,,,
2013/06/16,24,2,1,1,,,,
2013/06/17,01,3,3,0,,,,
2013/06/17,02,3,2,1,,,,
2013/06/17,03,3,2,1,,,,
2013/06/17,04,3,1,2,,,,
2013/06/17,05,4,3,1,,,,
2013/06/17,06,3,1,2,,,,
2013/06/17,07,4,2,2,,,,
2013/06/17,08,3,2,1,,,,
2013/06/17,09,31,27,4,,,,
2013/06/17,10,109,63,46,,,,
2013/06/17,11,120,76,44,,,,
2013/06/17,12,134,88,46,,,,
2013/06/17,13,131,89,42,,,,
2013/06/17,14,132,91,41,,,,
2013/06/17,15,134,89,45,,,,
2013/06/17,16,127,85,42,,,,
2013/06/17,17,131,86,45,,,,
2013/06/17,18,132,87,45,,,,
2013/06/17,19,133,90,43,,,,
2013/06/17,20,135,90,45,,,,
2013/06/17,21,20,12,8,,,,
2013/06/17,22,3,2,1,,,,
2013/06/17,23,5,3,2,,,,
2013/06/17,24,3,1,2,,,,
2013/06/18,01,3,2,1,,,,
2013/06/18,02,4,2,2,,,,
2013/06/18,03,2,2,0,,,,
2013/06/18,04,5,3,2,,,,
2013/06/18,05,1,0,1,,,,
2013/06/18,06,5,4,1,,,,
2013/06/18,07,4,2,2,,,,
2013/06/18,08,13,11,2,,,,
2013/06/18,09,39,31,8,,,,
2013/06/18,10,113,70,43,,,,
2013/06/18,11,123,81,42,,,,
2013/06/18,12,127,85,42,,,,
2013/06/18,13,120,77,43,,,,
2013/06/18,14,120,78,42,,,,
2013/06/18,15,123,79,44,,,,
2013/06/18,16,123,79,44,,,,
2013/06/18,17,126,81,45,,,,
2013/06/18,18,126,82,44,,,,
2013/06/18,19,118,73,45,,,,
2013/06/18,20,115,71,44,,,,
2013/06/18,21,42,36,6,,,,
2013/06/18,22,12,9,3,,,,
2013/06/18,23,4,3,1,,,,
2013/06/18,24,1,0,1,,,,
2013/06/19,01,4,2,2,,,,
2013/06/19,02,5,4,1,,,,
2013/06/19,03,1,0,1,,,,
2013/06/19,04,6,4,2,,,,
2013/06/19,05,3,1,2,,,,
2013/06/19,06,4,2,2,,,,
2013/06/19,07,4,3,1,,,,
2013/06/19,08,3,1,2,,,,
2013/06/19,09,30,23,7,,,,
2013/06/19,10,108,65,43,,,,
2013/06/19,11,118,74,44,,,,
2013/06/19,12,120,78,42,,,,
2013/06/19,13,118,74,44,,,,
2013/06/19,14,117,76,41,,,,
2013/06/19,15,128,82,46,,,,
2013/06/19,16,119,74,45,,,,
2013/06/19,17,123,76,47,,,,
2013/06/19,18,121,74,47,,,,
2013/06/19,19,119,75,44,,,,
2013/06/19,20,113,74,39,,,,
2013/06/19,21,68,50,18,,,,
2013/06/19,22,5,3,2,,,,
2013/06/19,23,4,2,2,,,,
2013/06/19,24,1,0,1,,,,
2013/06/20,01,5,4,1,,,,
2013/06/20,02,3,1,2,,,,
2013/06/20,03,4,3,1,,,,
2013/06/20,04,4,2,2,,,,
2013/06/20,05,3,1,2,,,,
2013/06/20,06,5,4,1,,,,
2013/06/20,07,3,1,2,,,,
2013/06/20,08,8,5,3,,,,
2013/06/20,09,20,12,8,,,,
2013/06/20,10,97,56,41,,,,
2013/06/20,11,117,74,43,,,,
2013/06/20,12,122,77,45,,,,
2013/06/20,13,121,76,45,,,,
2013/06/20,14,116,73,43,,,,
2013/06/20,15,119,72,47,,,,
2013/06/20,16,119,73,46,,,,
2013/06/20,17,120,74,46,,,,
2013/06/20,18,113,71,42,,,,
2013/06/20,19,117,74,43,,,,
2013/06/20,20,119,72,47,,,,
2013/06/20,21,54,39,15,,,,
2013/06/20,22,4,4,0,,,,
2013/06/20,23,2,1,1,,,,
2013/06/20,24,5,3,2,,,,
2013/06/21,01,3,1,2,,,,
2013/06/21,02,4,3,1,,,,
2013/06/21,03,5,3,2,,,,
2013/06/21,04,3,1,2,,,,
2013/06/21,05,3,2,1,,,,
2013/06/21,06,4,2,2,,,,
2013/06/21,07,2,1,1,,,,
2013/06/21,08,10,7,3,,,,
2013/06/21,09,15,10,5,,,,
2013/06/21,10,98,53,45,,,,
2013/06/21,11,110,66,44,,,,
2013/06/21,12,118,73,45,,,,
2013/06/21,13,112,68,44,,,,
2013/06/21,14,107,68,39,,,,
2013/06/21,15,113,69,44,,,,
2013/06/21,16,112,69,43,,,,
2013/06/21,17,117,74,43,,,,
2013/06/21,18,118,71,47,,,,
2013/06/21,19,115,69,46,,,,
2013/06/21,20,114,67,47,,,,
2013/06/21,21,53,34,19,,,,
2013/06/21,22,4,2,2,,,,
2013/06/21,23,3,2,1,,,,
2013/06/21,24,2,1,1,,,,
2013/06/22,01,4,2,2,,,,
2013/06/22,02,5,3,2,,,,
2013/06/22,03,3,2,1,,,,
2013/06/22,04,5,3,2,,,,
2013/06/22,05,2,1,1,,,,
2013/06/22,06,3,3,0,,,,
2013/06/22,07,1,1,0,,,,
2013/06/22,08,7,5,2,,,,
2013/06/22,09,25,18,7,,,,
2013/06/22,10,90,49,41,,,,
2013/06/22,11,110,66,44,,,,
2013/06/22,12,117,75,42,,,,
2013/06/22,13,116,73,43,,,,
2013/06/22,14,120,75,45,,,,
2013/06/22,15,120,75,45,,,,
2013/06/22,16,122,79,43,,,,
2013/06/22,17,118,72,46,,,,
2013/06/22,18,113,67,46,,,,
2013/06/22,19,113,68,45,,,,
2013/06/22,20,111,66,45,,,,
2013/06/22,21,50,33,17,,,,
2013/06/22,22,6,4,2,,,,
2013/06/22,23,5,3,2,,,,
2013/06/22,24,4,2,2,,,,
2013/06/23,01,1,0,1,,,,
2013/06/23,02,4,3,1,,,,
2013/06/23,03,2,2,0,,,,
2013/06/23,04,3,2,1,,,,
2013/06/23,05,4,2,2,,,,
2013/06/23,06,4,3,1,,,,
2013/06/23,07,4,2,2,,,,
2013/06/23,08,5,4,1,,,,
2013/06/23,09,14,9,5,,,,
2013/06/23,10,110,64,46,,,,
2013/06/23,11,114,69,45,,,,
2013/06/23,12,120,75,45,,,,
2013/06/23,13,126,80,46,,,,
2013/06/23,14,119,76,43,,,,
2013/06/23,15,130,83,47,,,,
2013/06/23,16,126,80,46,,,,
2013/06/23,17,123,79,44,,,,
2013/06/23,18,127,80,47,,,,
2013/06/23,19,121,76,45,,,,
2013/06/23,20,115,70,45,,,,
2013/06/23,21,41,35,6,,,,
2013/06/23,22,4,3,1,,,,
2013/06/23,23,3,1,2,,,,
2013/06/23,24,3,2,1,,,,
2013/06/24,01,4,3,1,,,,
2013/06/24,02,3,1,2,,,,
2013/06/24,03,3,2,1,,,,
2013/06/24,04,4,2,2,,,,
2013/06/24,05,4,2,2,,,,
2013/06/24,06,4,3,1,,,,
2013/06/24,07,2,1,1,,,,
2013/06/24,08,7,5,2,,,,
2013/06/24,09,27,17,10,,,,
2013/06/24,10,96,53,43,,,,
2013/06/24,11,116,73,43,,,,
2013/06/24,12,119,75,44,,,,
2013/06/24,13,126,79,47,,,,
2013/06/24,14,123,78,45,,,,
2013/06/24,15,121,78,43,,,,
2013/06/24,16,116,73,43,,,,
2013/06/24,17,112,69,43,,,,
2013/06/24,18,128,82,46,,,,
2013/06/24,19,117,72,45,,,,
2013/06/24,20,115,72,43,,,,
2013/06/24,21,29,19,10,,,,
2013/06/24,22,4,2,2,,,,
2013/06/24,23,3,2,1,,,,
2013/06/24,24,8,6,2,,,,
2013/06/25,01,1,0,1,,,,
2013/06/25,02,3,2,1,,,,
2013/06/25,03,3,3,0,,,,
2013/06/25,04,2,0,2,,,,
2013/06/25,05,5,4,1,,,,
2013/06/25,06,2,1,1,,,,
2013/06/25,07,2,1,1,,,,
2013/06/25,08,10,7,3,,,,
2013/06/25,09,25,20,5,,,,
2013/06/25,10,93,52,41,,,,
2013/06/25,11,111,67,44,,,,
2013/06/25,12,117,71,46,,,,
2013/06/25,13,116,74,42,,,,
2013/06/25,14,128,85,43,,,,
2013/06/25,15,123,79,44,,,,
2013/06/25,16,116,75,41,,,,
2013/06/25,17,122,78,44,,,,
2013/06/25,18,117,74,43,,,,
2013/06/25,19,111,69,42,,,,
2013/06/25,20,116,72,44,,,,
2013/06/25,21,40,28,12,,,,
2013/06/25,22,3,2,1,,,,
2013/06/25,23,3,2,1,,,,
2013/06/25,24,2,1,1,,,,
2013/06/26,01,2,2,0,,,,
2013/06/26,02,4,3,1,,,,
2013/06/26,03,3,1,2,,,,
2013/06/26,04,3,3,0,,,,
2013/06/26,05,4,3,1,,,,
2013/06/26,06,3,1,2,,,,
2013/06/26,07,2,2,0,,,,
2013/06/26,08,4,3,1,,,,
2013/06/26,09,23,16,7,,,,
2013/06/26,10,97,54,43,,,,
2013/06/26,11,112,70,42,,,,
2013/06/26,12,112,67,45,,,,
2013/06/26,13,115,70,45,,,,
2013/06/26,14,116,70,46,,,,
2013/06/26,15,117,70,47,,,,
2013/06/26,16,111,68,43,,,,
2013/06/26,17,115,72,43,,,,
2013/06/26,18,112,65,47,,,,
2013/06/26,19,116,71,45,,,,
2013/06/26,20,112,66,46,,,,
2013/06/26,21,41,32,9,,,,
2013/06/26,22,4,2,2,,,,
2013/06/26,23,3,1,2,,,,
2013/06/26,24,5,3,2,,,,
2013/06/27,01,2,1,1,,,,
2013/06/27,02,4,2,2,,,,
2013/06/27,03,5,3,2,,,,
2013/06/27,04,2,2,0,,,,
2013/06/27,05,4,2,2,,,,
2013/06/27,06,3,2,1,,,,
2013/06/27,07,4,2,2,,,,
2013/06/27,08,6,4,2,,,,
2013/06/27,09,13,9,4,,,,
2013/06/27,10,86,43,43,,,,
2013/06/27,11,132,87,45,,,,
2013/06/27,12,125,83,42,,,,
2013/06/27,13,121,76,45,,,,
2013/06/27,14,123,78,45,,,,
2013/06/27,15,120,78,42,,,,
2013/06/27,16,126,82,44,,,,
2013/06/27,17,123,79,44,,,,
2013/06/27,18,120,76,44,,,,
2013/06/27,19,122,74,48,,,,
2013/06/27,20,114,72,42,,,,
2013/06/27,21,33,23,10,,,,
2013/06/27,22,1,0,1,,,,
2013/06/27,23,1,1,0,,,,
2013/06/27,24,5,4,1,,,,
2013/06/28,01,1,0,1,,,,
2013/06/28,02,6,4,2,,,,
2013/06/28,03,3,1,2,,,,
2013/06/28,04,1,1,0,,,,
2013/06/28,05,6,4,2,,,,
2013/06/28,06,3,1,2,,,,
2013/06/28,07,3,2,1,,,,
2013/06/28,08,9,7,2,,,,
2013/06/28,09,20,15,5,,,,
2013/06/28,10,98,52,46,,,,
2013/06/28,11,111,71,40,,,,
2013/06/28,12,112,68,44,,,,
2013/06/28,13,119,70,49,,,,
2013/06/28,14,119,74,45,,,,
2013/06/28,15,121,72,49,,,,
2013/06/28,16,117,73,44,,,,
2013/06/28,17,116,71,45,,,,
2013/06/28,18,117,71,46,,,,
2013/06/28,19,113,67,46,,,,
2013/06/28,20,113,68,45,,,,
2013/06/28,21,53,37,16,,,,
2013/06/28,22,3,3,0,,,,
2013/06/28,23,5,3,2,,,,
2013/06/28,24,2,1,1,,,,
2013/06/29,01,3,2,1,,,,
2013/06/29,02,5,3,2,,,,
2013/06/29,03,2,0,2,,,,
2013/06/29,04,3,3,0,,,,
2013/06/29,05,4,2,2,,,,
2013/06/29,06,2,1,1,,,,
2013/06/29,07,5,4,1,,,,
2013/06/29,08,5,3,2,,,,
2013/06/29,09,29,21,8,,,,
2013/06/29,10,103,59,44,,,,
2013/06/29,11,119,73,46,,,,
2013/06/29,12,123,75,48,,,,
2013/06/29,13,126,79,47,,,,
2013/06/29,14,123,80,43,,,,
2013/06/29,15,134,85,49,,,,
2013/06/29,16,139,92,47,,,,
2013/06/29,17,125,79,46,,,,
2013/06/29,18,122,76,46,,,,
2013/06/29,19,118,75,43,,,,
2013/06/29,20,120,73,47,,,,
2013/06/29,21,40,25,15,,,,
2013/06/29,22,4,3,1,,,,
2013/06/29,23,4,3,1,,,,
2013/06/29,24,3,1,2,,,,
2013/06/30,01,3,2,1,,,,
2013/06/30,02,4,2,2,,,,
2013/06/30,03,3,2,1,,,,
2013/06/30,04,4,3,1,,,,
2013/06/30,05,1,0,1,,,,
2013/06/30,06,5,3,2,,,,
2013/06/30,07,4,3,1,,,,
2013/06/30,08,2,1,1,,,,
2013/06/30,09,15,11,4,,,,
2013/06/30,10,107,59,48,,,,
2013/06/30,11,119,74,45,,,,
2013/06/30,12,112,70,42,,,,
2013/06/30,13,129,83,46,,,,
2013/06/30,14,125,79,46,,,,
2013/06/30,15,125,80,45,,,,
2013/06/30,16,127,79,48,,,,
2013/06/30,17,121,75,46,,,,
2013/06/30,18,120,74,46,,,,
2013/06/30,19,117,72,45,,,,
2013/06/30,20,120,72,48,,,,
2013/06/30,21,44,36,8,,,,
2013/06/30,22,2,1,1,,,,
2013/06/30,23,4,3,1,,,,
2013/06/30,24,3,1,2,,,,
2013/07/01,01,6,4,2,,,,
2013/07/01,02,2,2,0,,,,
2013/07/01,03,3,1,2,,,,
2013/07/01,04,4,3,1,,,,
2013/07/01,05,3,1,2,,,,
2013/07/01,06,3,2,1,,,,
2013/07/01,07,4,3,1,,,,
2013/07/01,08,3,2,1,,,,
2013/07/01,09,26,19,7,,,,
2013/07/01,10,106,60,46,,,,
2013/07/01,11,116,71,45,,,,
2013/07/01,12,121,74,47,,,,
2013/07/01,13,123,77,46,,,,
2013/07/01,14,127,79,48,,,,
2013/07/01,15,127,79,48,,,,
2013/07/01,16,122,75,47,,,,
2013/07/01,17,120,79,41,,,,
2013/07/01,18,115,67,48,,,,
2013/07/01,19,117,71,46,,,,
2013/07/01,20,115,71,44,,,,
2013/07/01,21,27,19,8,,,,
2013/07/01,22,4,2,2,,,,
2013/07/01,23,2,1,1,,,,
2013/07/01,24,4,3,1,,,,
2013/07/02,01,4,3,1,,,,
2013/07/02,02,3,1,2,,,,
2013/07/02,03,5,3,2,,,,
2013/07/02,04,2,1,1,,,,
2013/07/02,05,4,3,1,,,,
2013/07/02,06,2,1,1,,,,
2013/07/02,07,2,1,1,,,,
2013/07/02,08,6,4,2,,,,
2013/07/02,09,27,20,7,,,,
2013/07/02,10,97,54,43,,,,
2013/07/02,11,119,75,44,,,,
2013/07/02,12,118,74,44,,,,
2013/07/02,13,125,80,45,,,,
2013/07/02,14,122,76,46,,,,
2013/07/02,15,121,75,46,,,,
2013/07/02,16,119,74,45,,,,
2013/07/02,17,118,72,46,,,,
2013/07/02,18,120,74,46,,,,
2013/07/02,19,121,72,49,,,,
2013/07/02,20,113,68,45,,,,
2013/07/02,21,34,26,8,,,,
2013/07/02,22,3,2,1,,,,
2013/07/02,23,2,1,1,,,,
2013/07/02,24,3,2,1,,,,
2013/07/03,01,4,3,1,,,,
2013/07/03,02,4,3,1,,,,
2013/07/03,03,3,1,2,,,,
2013/07/03,04,4,2,2,,,,
2013/07/03,05,4,2,2,,,,
2013/07/03,06,3,3,0,,,,
2013/07/03,07,2,0,2,,,,
2013/07/03,08,6,5,1,,,,
2013/07/03,09,22,15,7,,,,
2013/07/03,10,102,54,48,,,,
2013/07/03,11,119,71,48,,,,
2013/07/03,12,117,71,46,,,,
2013/07/03,13,115,71,44,,,,
2013/07/03,14,119,74,45,,,,
2013/07/03,15,123,75,48,,,,
2013/07/03,16,111,68,43,,,,
2013/07/03,17,122,77,45,,,,
2013/07/03,18,119,71,48,,,,
2013/07/03,19,119,72,47,,,,
2013/07/03,20,122,75,47,,,,
2013/07/03,21,47,30,17,,,,
2013/07/03,22,4,3,1,,,,
2013/07/03,23,3,2,1,,,,
2013/07/03,24,2,1,1,,,,
2013/07/04,01,5,4,1,,,,
2013/07/04,02,3,1,2,,,,
2013/07/04,03,4,4,0,,,,
2013/07/04,04,1,0,1,,,,
2013/07/04,05,3,1,2,,,,
2013/07/04,06,6,4,2,,,,
2013/07/04,07,2,1,1,,,,
2013/07/04,08,11,9,2,,,,
2013/07/04,09,20,13,7,,,,
2013/07/04,10,112,67,45,,,,
2013/07/04,11,126,78,48,,,,
2013/07/04,12,123,77,46,,,,
2013/07/04,13,134,85,49,,,,
2013/07/04,14,122,76,46,,,,
2013/07/04,15,122,76,46,,,,
2013/07/04,16,124,77,47,,,,
2013/07/04,17,121,76,45,,,,
2013/07/04,18,122,77,45,,,,
2013/07/04,19,124,78,46,,,,
2013/07/04,20,122,76,46,,,,
2013/07/04,21,43,33,10,,,,
2013/07/04,22,4,2,2,,,,
2013/07/04,23,2,1,1,,,,
2013/07/04,24,5,3,2,,,,
2013/07/05,01,4,2,2,,,,
2013/07/05,02,4,2,2,,,,
2013/07/05,03,4,3,1,,,,
2013/07/05,04,3,1,2,,,,
2013/07/05,05,5,3,2,,,,
2013/07/05,06,2,1,1,,,,
2013/07/05,07,3,2,1,,,,
2013/07/05,08,5,4,1,,,,
2013/07/05,09,28,18,10,,,,
2013/07/05,10,111,67,44,,,,
2013/07/05,11,129,86,43,,,,
2013/07/05,12,131,86,45,,,,
2013/07/05,13,133,88,45,,,,
2013/07/05,14,133,86,47,,,,
2013/07/05,15,145,98,47,,,,
2013/07/05,16,146,101,45,,,,
2013/07/05,17,135,89,46,,,,
2013/07/05,18,139,94,45,,,,
2013/07/05,19,127,82,45,,,,
2013/07/05,20,133,87,46,,,,
2013/07/05,21,35,25,10,,,,
2013/07/05,22,2,0,2,,,,
2013/07/05,23,4,3,1,,,,
2013/07/05,24,4,3,1,,,,
2013/07/06,01,3,1,2,,,,
2013/07/06,02,4,3,1,,,,
2013/07/06,03,4,2,2,,,,
2013/07/06,04,1,0,1,,,,
2013/07/06,05,4,3,1,,,,
2013/07/06,06,3,2,1,,,,
2013/07/06,07,3,1,2,,,,
2013/07/06,08,8,6,2,,,,
2013/07/06,09,33,27,6,,,,
2013/07/06,10,116,69,47,,,,
2013/07/06,11,128,81,47,,,,
2013/07/06,12,130,84,46,,,,
2013/07/06,13,131,87,44,,,,
2013/07/06,14,132,87,45,,,,
2013/07/06,15,130,86,44,,,,
2013/07/06,16,143,96,47,,,,
2013/07/06,17,137,90,47,,,,
2013/07/06,18,134,87,47,,,,
2013/07/06,19,129,83,46,,,,
2013/07/06,20,123,78,45,,,,
2013/07/06,21,47,30,17,,,,
2013/07/06,22,4,2,2,,,,
2013/07/06,23,3,2,1,,,,
2013/07/06,24,3,2,1,,,,
2013/07/07,01,5,4,1,,,,
2013/07/07,02,3,1,2,,,,
2013/07/07,03,1,0,1,,,,
2013/07/07,04,7,5,2,,,,
2013/07/07,05,2,0,2,,,,
2013/07/07,06,3,2,1,,,,
2013/07/07,07,5,3,2,,,,
2013/07/07,08,4,2,2,,,,
2013/07/07,09,37,29,8,,,,
2013/07/07,10,110,63,47,,,,
2013/07/07,11,127,83,44,,,,
2013/07/07,12,139,92,47,,,,
2013/07/07,13,133,86,47,,,,
2013/07/07,14,139,90,49,,,,
2013/07/07,15,136,90,46,,,,
2013/07/07,16,137,89,48,,,,
2013/07/07,17,139,89,50,,,,
2013/07/07,18,130,82,48,,,,
2013/07/07,19,127,80,47,,,,
2013/07/07,20,127,81,46,,,,
2013/07/07,21,87,55,32,,,,
2013/07/07,22,5,3,2,,,,
2013/07/07,23,5,3,2,,,,
2013/07/07,24,4,2,2,,,,
2013/07/08,01,6,4,2,,,,
2013/07/08,02,1,0,1,,,,
2013/07/08,03,3,2,1,,,,
2013/07/08,04,4,3,1,,,,
2013/07/08,05,2,0,2,,,,
2013/07/08,06,5,3,2,,,,
2013/07/08,07,3,2,1,,,,
2013/07/08,08,22,20,2,,,,
2013/07/08,09,48,42,6,,,,
2013/07/08,10,123,76,47,,,,
2013/07/08,11,140,94,46,,,,
2013/07/08,12,146,97,49,,,,
2013/07/08,13,141,94,47,,,,
2013/07/08,14,141,94,47,,,,
2013/07/08,15,142,97,45,,,,
2013/07/08,16,134,88,46,,,,
2013/07/08,17,133,89,44,,,,
2013/07/08,18,142,92,50,,,,
2013/07/08,19,132,85,47,,,,
2013/07/08,20,123,76,47,,,,
2013/07/08,21,36,24,12,,,,
2013/07/08,22,1,1,0,,,,
2013/07/08,23,5,3,2,,,,
2013/07/08,24,2,1,1,,,,
2013/07/09,01,5,4,1,,,,
2013/07/09,02,4,2,2,,,,
2013/07/09,03,2,2,0,,,,
2013/07/09,04,4,2,2,,,,
2013/07/09,05,1,1,0,,,,
2013/07/09,06,3,2,1,,,,
2013/07/09,07,3,2,1,,,,
2013/07/09,08,6,4,2,,,,
2013/07/09,09,45,39,6,,,,
2013/07/09,10,121,74,47,,,,
2013/07/09,11,131,91,40,,,,
2013/07/09,12,142,97,45,,,,
2013/07/09,13,132,89,43,,,,
2013/07/09,14,135,91,44,,,,
2013/07/09,15,142,95,47,,,,
2013/07/09,16,143,98,45,,,,
2013/07/09,17,134,87,47,,,,
2013/07/09,18,133,91,42,,,,
2013/07/09,19,130,85,45,,,,
2013/07/09,20,125,80,45,,,,
2013/07/09,21,42,29,13,,,,
2013/07/09,22,3,2,1,,,,
2013/07/09,23,4,3,1,,,,
2013/07/09,24,4,2,2,,,,
2013/07/10,01,3,1,2,,,,
2013/07/10,02,4,3,1,,,,
2013/07/10,03,3,1,2,,,,
2013/07/10,04,4,3,1,,,,
2013/07/10,05,2,1,1,,,,
2013/07/10,06,5,3,2,,,,
2013/07/10,07,2,1,1,,,,
2013/07/10,08,20,17,3,,,,
2013/07/10,09,42,38,4,,,,
2013/07/10,10,125,81,44,,,,
2013/07/10,11,141,97,44,,,,
2013/07/10,12,146,99,47,,,,
2013/07/10,13,143,101,42,,,,
2013/07/10,14,145,98,47,,,,
2013/07/10,15,140,93,47,,,,
2013/07/10,16,136,91,45,,,,
2013/07/10,17,129,84,45,,,,
2013/07/10,18,129,85,44,,,,
2013/07/10,19,134,86,48,,,,
2013/07/10,20,125,78,47,,,,
2013/07/10,21,41,27,14,,,,
2013/07/10,22,2,1,1,,,,
2013/07/10,23,4,3,1,,,,
2013/07/10,24,3,2,1,,,,
2013/07/11,01,3,1,2,,,,
2013/07/11,02,5,3,2,,,,
2013/07/11,03,2,1,1,,,,
2013/07/11,04,4,3,1,,,,
2013/07/11,05,2,1,1,,,,
2013/07/11,06,5,3,2,,,,
2013/07/11,07,3,2,1,,,,
2013/07/11,08,4,3,1,,,,
2013/07/11,09,42,39,3,,,,
2013/07/11,10,125,78,47,,,,
2013/07/11,11,144,100,44,,,,
2013/07/11,12,153,105,48,,,,
2013/07/11,13,154,107,47,,,,
2013/07/11,14,151,107,44,,,,
2013/07/11,15,137,96,41,,,,
2013/07/11,16,138,91,47,,,,
2013/07/11,17,133,88,45,,,,
2013/07/11,18,132,85,47,,,,
2013/07/11,19,132,87,45,,,,
2013/07/11,20,123,77,46,,,,
2013/07/11,21,47,36,11,,,,
2013/07/11,22,4,3,1,,,,
2013/07/11,23,3,1,2,,,,
2013/07/11,24,2,2,0,,,,
2013/07/12,01,4,2,2,,,,
2013/07/12,02,4,2,2,,,,
2013/07/12,03,4,3,1,,,,
2013/07/12,04,1,0,1,,,,
2013/07/12,05,3,3,0,,,,
2013/07/12,06,4,3,1,,,,
2013/07/12,07,2,1,1,,,,
2013/07/12,08,10,10,0,,,,
2013/07/12,09,44,37,7,,,,
2013/07/12,10,126,80,46,,,,
2013/07/12,11,146,101,45,,,,
2013/07/12,12,155,109,46,,,,
2013/07/12,13,145,101,44,,,,
2013/07/12,14,143,98,45,,,,
2013/07/12,15,141,96,45,,,,
2013/07/12,16,143,95,48,,,,
2013/07/12,17,138,91,47,,,,
2013/07/12,18,143,95,48,,,,
2013/07/12,19,134,87,47,,,,
2013/07/12,20,127,81,46,,,,
2013/07/12,21,31,22,9,,,,
2013/07/12,22,2,1,1,,,,
2013/07/12,23,3,3,0,,,,
2013/07/12,24,4,3,1,,,,
2013/07/13,01,2,0,2,,,,
2013/07/13,02,6,4,2,,,,
2013/07/13,03,3,1,2,,,,
2013/07/13,04,4,3,1,,,,
2013/07/13,05,3,1,2,,,,
2013/07/13,06,2,1,1,,,,
2013/07/13,07,5,4,1,,,,
2013/07/13,08,19,16,3,,,,
2013/07/13,09,39,31,8,,,,
2013/07/13,10,124,76,48,,,,
2013/07/13,11,126,82,44,,,,
2013/07/13,12,135,87,48,,,,
2013/07/13,13,132,88,44,,,,
2013/07/13,14,135,91,44,,,,
2013/07/13,15,140,95,45,,,,
2013/07/13,16,133,86,47,,,,
2013/07/13,17,126,83,43,,,,
2013/07/13,18,129,82,47,,,,
2013/07/13,19,135,88,47,,,,
2013/07/13,20,121,77,44,,,,
2013/07/13,21,27,19,8,,,,
2013/07/13,22,4,3,1,,,,
2013/07/13,23,2,0,2,,,,
2013/07/13,24,5,3,2,,,,
2013/07/14,01,2,2,0,,,,
2013/07/14,02,4,3,1,,,,
2013/07/14,03,3,2,1,,,,
2013/07/14,04,3,2,1,,,,
2013/07/14,05,3,1,2,,,,
2013/07/14,06,4,3,1,,,,
2013/07/14,07,3,1,2,,,,
2013/07/14,08,17,14,3,,,,
2013/07/14,09,39,31,8,,,,
2013/07/14,10,126,79,47,,,,
2013/07/14,11,132,87,45,,,,
2013/07/14,12,141,92,49,,,,
2013/07/14,13,135,91,44,,,,
2013/07/14,14,140,95,45,,,,
2013/07/14,15,139,93,46,,,,
2013/07/14,16,140,96,44,,,,
2013/07/14,17,140,89,51,,,,
2013/07/14,18,131,85,46,,,,
2013/07/14,19,134,86,48,,,,
2013/07/14,20,129,83,46,,,,
2013/07/14,21,60,42,18,,,,
2013/07/14,22,4,3,1,,,,
2013/07/14,23,3,2,1,,,,
2013/07/14,24,1,1,0,,,,
2013/07/15,01,4,3,1,,,,
2013/07/15,02,3,2,1,,,,
2013/07/15,03,1,0,1,,,,
2013/07/15,04,5,4,1,,,,
2013/07/15,05,4,2,2,,,,
2013/07/15,06,4,2,2,,,,
2013/07/15,07,4,3,1,,,,
2013/07/15,08,2,0,2,,,,
2013/07/15,09,37,32,5,,,,
2013/07/15,10,123,78,45,,,,
2013/07/15,11,137,90,47,,,,
2013/07/15,12,139,90,49,,,,
2013/07/15,13,128,84,44,,,,
2013/07/15,14,131,84,47,,,,
2013/07/15,15,133,87,46,,,,
2013/07/15,16,136,88,48,,,,
2013/07/15,17,126,77,49,,,,
2013/07/15,18,117,75,42,,,,
2013/07/15,19,121,74,47,,,,
2013/07/15,20,119,75,44,,,,
2013/07/15,21,49,35,14,,,,
2013/07/15,22,5,2,3,,,,
2013/07/15,23,1,0,1,,,,
2013/07/15,24,7,5,2,,,,
2013/07/16,01,2,0,2,,,,
2013/07/16,02,5,4,1,,,,
2013/07/16,03,4,2,2,,,,
2013/07/16,04,1,1,0,,,,
2013/07/16,05,4,2,2,,,,
2013/07/16,06,4,2,2,,,,
2013/07/16,07,2,1,1,,,,
2013/07/16,08,9,6,3,,,,
2013/07/16,09,29,25,4,,,,
2013/07/16,10,116,68,48,,,,
2013/07/16,11,127,81,46,,,,
2013/07/16,12,133,85,48,,,,
2013/07/16,13,130,84,46,,,,
2013/07/16,14,130,83,47,,,,
2013/07/16,15,134,91,43,,,,
2013/07/16,16,135,89,46,,,,
2013/07/16,17,132,87,45,,,,
2013/07/16,18,135,89,46,,,,
2013/07/16,19,135,89,46,,,,
2013/07/16,20,127,80,47,,,,
2013/07/16,21,112,71,41,,,,
2013/07/16,22,6,5,1,,,,
2013/07/16,23,1,1,0,,,,
2013/07/16,24,4,2,2,,,,
2013/07/17,01,4,2,2,,,,
2013/07/17,02,2,1,1,,,,
2013/07/17,03,6,4,2,,,,
2013/07/17,04,2,1,1,,,,
2013/07/17,05,5,3,2,,,,
2013/07/17,06,4,2,2,,,,
2013/07/17,07,2,1,1,,,,
2013/07/17,08,5,4,1,,,,
2013/07/17,09,35,27,8,,,,
2013/07/17,10,116,67,49,,,,
2013/07/17,11,128,81,47,,,,
2013/07/17,12,136,93,43,,,,
2013/07/17,13,132,86,46,,,,
2013/07/17,14,135,90,45,,,,
2013/07/17,15,141,95,46,,,,
2013/07/17,16,134,88,46,,,,
2013/07/17,17,137,91,46,,,,
2013/07/17,18,135,88,47,,,,
2013/07/17,19,130,86,44,,,,
2013/07/17,20,137,90,47,,,,
2013/07/17,21,29,19,10,,,,
2013/07/17,22,5,3,2,,,,
2013/07/17,23,3,2,1,,,,
2013/07/17,24,3,2,1,,,,
2013/07/18,01,5,3,2,,,,
2013/07/18,02,2,1,1,,,,
2013/07/18,03,3,2,1,,,,
2013/07/18,04,3,2,1,,,,
2013/07/18,05,4,2,2,,,,
2013/07/18,06,4,3,1,,,,
2013/07/18,07,3,1,2,,,,
2013/07/18,08,6,4,2,,,,
2013/07/18,09,39,35,4,,,,
2013/07/18,10,111,65,46,,,,
2013/07/18,11,127,82,45,,,,
2013/07/18,12,129,82,47,,,,
2013/07/18,13,127,79,48,,,,
2013/07/18,14,127,80,47,,,,
2013/07/18,15,123,81,42,,,,
2013/07/18,16,125,81,44,,,,
2013/07/18,17,121,74,47,,,,
2013/07/18,18,119,74,45,,,,
2013/07/18,19,124,75,49,,,,
2013/07/18,20,116,73,43,,,,
2013/07/18,21,91,58,33,,,,
2013/07/18,22,4,3,1,,,,
2013/07/18,23,3,3,0,,,,
2013/07/18,24,2,1,1,,,,
2013/07/19,01,4,3,1,,,,
2013/07/19,02,2,1,1,,,,
2013/07/19,03,4,3,1,,,,
2013/07/19,04,3,1,2,,,,
2013/07/19,05,3,2,1,,,,
2013/07/19,06,4,2,2,,,,
2013/07/19,07,4,3,1,,,,
2013/07/19,08,18,16,2,,,,
2013/07/19,09,31,23,8,,,,
2013/07/19,10,112,67,45,,,,
2013/07/19,11,129,85,44,,,,
2013/07/19,12,129,83,46,,,,
2013/07/19,13,129,86,43,,,,
2013/07/19,14,132,88,44,,,,
2013/07/19,15,139,92,47,,,,
2013/07/19,16,129,86,43,,,,
2013/07/19,17,130,83,47,,,,
2013/07/19,18,122,77,45,,,,
2013/07/19,19,118,74,44,,,,
2013/07/19,20,117,71,46,,,,
2013/07/19,21,64,43,21,,,,
2013/07/19,22,4,3,1,,,,
2013/07/19,23,3,2,1,,,,
2013/07/19,24,6,4,2,,,,
2013/07/20,01,2,1,1,,,,
2013/07/20,02,2,0,2,,,,
2013/07/20,03,5,4,1,,,,
2013/07/20,04,3,1,2,,,,
2013/07/20,05,4,3,1,,,,
2013/07/20,06,4,2,2,,,,
2013/07/20,07,4,2,2,,,,
2013/07/20,08,7,5,2,,,,
2013/07/20,09,35,27,8,,,,
2013/07/20,10,110,63,47,,,,
2013/07/20,11,127,80,47,,,,
2013/07/20,12,132,85,47,,,,
2013/07/20,13,131,82,49,,,,
2013/07/20,14,125,80,45,,,,
2013/07/20,15,142,96,46,,,,
2013/07/20,16,141,92,49,,,,
2013/07/20,17,133,90,43,,,,
2013/07/20,18,135,88,47,,,,
2013/07/20,19,134,87,47,,,,
2013/07/20,20,132,85,47,,,,
2013/07/20,21,54,44,10,,,,
2013/07/20,22,5,4,1,,,,
2013/07/20,23,4,2,2,,,,
2013/07/20,24,4,2,2,,,,
2013/07/21,01,2,1,1,,,,
2013/07/21,02,2,2,0,,,,
2013/07/21,03,3,2,1,,,,
2013/07/21,04,3,3,0,,,,
2013/07/21,05,2,1,1,,,,
2013/07/21,06,3,2,1,,,,
2013/07/21,07,5,4,1,,,,
2013/07/21,08,7,5,2,,,,
2013/07/21,09,36,30,6,,,,
2013/07/21,10,113,65,48,,,,
2013/07/21,11,136,88,48,,,,
2013/07/21,12,132,84,48,,,,
2013/07/21,13,140,94,46,,,,
2013/07/21,14,142,97,45,,,,
2013/07/21,15,146,101,45,,,,
2013/07/21,16,141,97,44,,,,
2013/07/21,17,147,98,49,,,,
2013/07/21,18,139,92,47,,,,
2013/07/21,19,139,94,45,,,,
2013/07/21,20,130,86,44,,,,
2013/07/21,21,60,40,20,,,,
2013/07/21,22,4,4,0,,,,
2013/07/21,23,4,2,2,,,,
2013/07/21,24,4,2,2,,,,
2013/07/22,01,5,3,2,,,,
2013/07/22,02,2,1,1,,,,
2013/07/22,03,4,2,2,,,,
2013/07/22,04,5,3,2,,,,
2013/07/22,05,2,1,1,,,,
2013/07/22,06,1,1,0,,,,
2013/07/22,07,5,4,1,,,,
2013/07/22,08,12,11,1,,,,
2013/07/22,09,47,38,9,,,,
2013/07/22,10,114,68,46,,,,
2013/07/22,11,128,83,45,,,,
2013/07/22,12,131,84,47,,,,
2013/07/22,13,138,90,48,,,,
2013/07/22,14,140,93,47,,,,
2013/07/22,15,137,89,48,,,,
2013/07/22,16,131,85,46,,,,
2013/07/22,17,129,83,46,,,,
2013/07/22,18,121,77,44,,,,
2013/07/22,19,123,79,44,,,,
2013/07/22,20,128,79,49,,,,
2013/07/22,21,33,23,10,,,,
2013/07/22,22,4,2,2,,,,
2013/07/22,23,4,3,1,,,,
2013/07/22,24,3,1,2,,,,
2013/07/23,01,5,4,1,,,,
2013/07/23,02,3,2,1,,,,
2013/07/23,03,2,0,2,,,,
2013/07/23,04,5,4,1,,,,
2013/07/23,05,1,1,0,,,,
2013/07/23,06,3,1,2,,,,
2013/07/23,07,5,4,1,,,,
2013/07/23,08,30,29,1,,,,
2013/07/23,09,47,43,4,,,,
2013/07/23,10,118,71,47,,,,
2013/07/23,11,128,84,44,,,,
2013/07/23,12,136,89,47,,,,
2013/07/23,13,133,87,46,,,,
2013/07/23,14,134,90,44,,,,
2013/07/23,15,130,84,46,,,,
2013/07/23,16,132,87,45,,,,
2013/07/23,17,124,79,45,,,,
2013/07/23,18,124,80,44,,,,
2013/07/23,19,120,77,43,,,,
2013/07/23,20,124,77,47,,,,
2013/07/23,21,36,27,9,,,,
2013/07/23,22,1,0,1,,,,
2013/07/23,23,5,3,2,,,,
2013/07/23,24,2,2,0,,,,
2013/07/24,01,3,1,2,,,,
2013/07/24,02,4,3,1,,,,
2013/07/24,03,2,1,1,,,,
2013/07/24,04,4,2,2,,,,
2013/07/24,05,5,3,2,,,,
2013/07/24,06,3,2,1,,,,
2013/07/24,07,4,2,2,,,,
2013/07/24,08,5,3,2,,,,
2013/07/24,09,34,28,6,,,,
2013/07/24,10,124,75,49,,,,
2013/07/24,11,127,81,46,,,,
2013/07/24,12,131,86,45,,,,
2013/07/24,13,128,81,47,,,,
2013/07/24,14,132,85,47,,,,
2013/07/24,15,137,89,48,,,,
2013/07/24,16,132,85,47,,,,
2013/07/24,17,130,85,45,,,,
2013/07/24,18,126,79,47,,,,
2013/07/24,19,123,77,46,,,,
2013/07/24,20,127,83,44,,,,
2013/07/24,21,44,33,11,,,,
2013/07/24,22,5,3,2,,,,
2013/07/24,23,4,2,2,,,,
2013/07/24,24,3,1,2,,,,
2013/07/25,01,5,2,3,,,,
2013/07/25,02,3,2,1,,,,
2013/07/25,03,3,2,1,,,,
2013/07/25,04,4,2,2,,,,
2013/07/25,05,4,3,1,,,,
2013/07/25,06,2,0,2,,,,
2013/07/25,07,6,4,2,,,,
2013/07/25,08,5,3,2,,,,
2013/07/25,09,39,32,7,,,,
2013/07/25,10,118,72,46,,,,
2013/07/25,11,124,77,47,,,,
2013/07/25,12,129,82,47,,,,
2013/07/25,13,129,83,46,,,,
2013/07/25,14,132,87,45,,,,
2013/07/25,15,140,94,46,,,,
2013/07/25,16,133,89,44,,,,
2013/07/25,17,125,79,46,,,,
2013/07/25,18,120,74,46,,,,
2013/07/25,19,125,79,46,,,,
2013/07/25,20,122,77,45,,,,
2013/07/25,21,43,28,15,,,,
2013/07/25,22,6,4,2,,,,
2013/07/25,23,5,3,2,,,,
2013/07/25,24,3,2,1,,,,
2013/07/26,01,4,2,2,,,,
2013/07/26,02,2,1,1,,,,
2013/07/26,03,5,3,2,,,,
2013/07/26,04,3,2,1,,,,
2013/07/26,05,1,0,1,,,,
2013/07/26,06,6,4,2,,,,
2013/07/26,07,4,2,2,,,,
2013/07/26,08,4,3,1,,,,
2013/07/26,09,40,32,8,,,,
2013/07/26,10,117,70,47,,,,
2013/07/26,11,129,83,46,,,,
2013/07/26,12,138,95,43,,,,
2013/07/26,13,140,94,46,,,,
2013/07/26,14,134,90,44,,,,
2013/07/26,15,136,89,47,,,,
2013/07/26,16,142,97,45,,,,
2013/07/26,17,138,89,49,,,,
2013/07/26,18,123,80,43,,,,
2013/07/26,19,116,70,46,,,,
2013/07/26,20,109,65,44,,,,
2013/07/26,21,58,33,25,,,,
2013/07/26,22,3,2,1,,,,
2013/07/26,23,4,2,2,,,,
2013/07/26,24,2,1,1,,,,
2013/07/27,01,5,3,2,,,,
2013/07/27,02,4,2,2,,,,
2013/07/27,03,4,3,1,,,,
2013/07/27,04,3,1,2,,,,
2013/07/27,05,3,2,1,,,,
2013/07/27,06,4,3,1,,,,
2013/07/27,07,2,1,1,,,,
2013/07/27,08,9,7,2,,,,
2013/07/27,09,30,24,6,,,,
2013/07/27,10,117,71,46,,,,
2013/07/27,11,133,88,45,,,,
2013/07/27,12,146,97,49,,,,
2013/07/27,13,136,88,48,,,,
2013/07/27,14,137,91,46,,,,
2013/07/27,15,135,88,47,,,,
2013/07/27,16,133,86,47,,,,
2013/07/27,17,133,86,47,,,,
2013/07/27,18,124,80,44,,,,
2013/07/27,19,125,78,47,,,,
2013/07/27,20,122,75,47,,,,
2013/07/27,21,68,48,20,,,,
2013/07/27,22,3,2,1,,,,
2013/07/27,23,3,2,1,,,,
2013/07/27,24,2,1,1,,,,
2013/07/28,01,3,3,0,,,,
2013/07/28,02,3,2,1,,,,
2013/07/28,03,3,2,1,,,,
2013/07/28,04,3,2,1,,,,
2013/07/28,05,4,2,2,,,,
2013/07/28,06,4,3,1,,,,
2013/07/28,07,3,1,2,,,,
2013/07/28,08,3,2,1,,,,
2013/07/28,09,70,46,24,,,,
2013/07/28,10,124,79,45,,,,
2013/07/28,11,135,90,45,,,,
2013/07/28,12,141,94,47,,,,
2013/07/28,13,144,99,45,,,,
2013/07/28,14,143,97,46,,,,
2013/07/28,15,152,103,49,,,,
2013/07/28,16,138,92,46,,,,
2013/07/28,17,145,101,44,,,,
2013/07/28,18,140,92,48,,,,
2013/07/28,19,132,86,46,,,,
2013/07/28,20,125,76,49,,,,
2013/07/28,21,60,44,16,,,,
2013/07/28,22,7,5,2,,,,
2013/07/28,23,5,4,1,,,,
2013/07/28,24,3,2,1,,,,
2013/07/29,01,5,3,2,,,,
2013/07/29,02,2,1,1,,,,
2013/07/29,03,2,1,1,,,,
2013/07/29,04,5,3,2,,,,
2013/07/29,05,4,2,2,,,,
2013/07/29,06,2,1,1,,,,
2013/07/29,07,4,3,1,,,,
2013/07/29,08,5,3,2,,,,
2013/07/29,09,28,21,7,,,,
2013/07/29,10,116,73,43,,,,
2013/07/29,11,121,76,45,,,,
2013/07/29,12,117,74,43,,,,
2013/07/29,13,126,83,43,,,,
2013/07/29,14,134,86,48,,,,
2013/07/29,15,128,83,45,,,,
2013/07/29,16,125,81,44,,,,
2013/07/29,17,123,80,43,,,,
2013/07/29,18,126,80,46,,,,
2013/07/29,19,127,85,42,,,,
2013/07/29,20,127,80,47,,,,
2013/07/29,21,58,46,12,,,,
2013/07/29,22,25,23,2,,,,
2013/07/29,23,19,17,2,,,,
2013/07/29,24,2,1,1,,,,
2013/07/30,01,4,2,2,,,,
2013/07/30,02,2,2,0,,,,
2013/07/30,03,4,3,1,,,,
2013/07/30,04,4,2,2,,,,
2013/07/30,05,3,2,1,,,,
2013/07/30,06,3,2,1,,,,
2013/07/30,07,3,2,1,,,,
2013/07/30,08,6,4,2,,,,
2013/07/30,09,22,17,5,,,,
2013/07/30,10,106,62,44,,,,
2013/07/30,11,132,88,44,,,,
2013/07/30,12,136,88,48,,,,
2013/07/30,13,134,85,49,,,,
2013/07/30,14,133,87,46,,,,
2013/07/30,15,127,84,43,,,,
2013/07/30,16,131,84,47,,,,
2013/07/30,17,127,83,44,,,,
2013/07/30,18,124,79,45,,,,
2013/07/30,19,124,76,48,,,,
2013/07/30,20,118,75,43,,,,
2013/07/30,21,67,46,21,,,,
2013/07/30,22,3,1,2,,,,
2013/07/30,23,3,2,1,,,,
2013/07/30,24,5,3,2,,,,
2013/07/31,01,1,0,1,,,,
2013/07/31,02,6,4,2,,,,
2013/07/31,03,3,1,2,,,,
2013/07/31,04,2,1,1,,,,
2013/07/31,05,7,5,2,,,,
2013/07/31,06,2,0,2,,,,
2013/07/31,07,4,3,1,,,,
2013/07/31,08,20,20,0,,,,
2013/07/31,09,28,22,6,,,,
2013/07/31,10,109,68,41,,,,
2013/07/31,11,139,91,48,,,,
2013/07/31,12,133,87,46,,,,
2013/07/31,13,135,88,47,,,,
2013/07/31,14,132,85,47,,,,
2013/07/31,15,126,83,43,,,,
2013/07/31,16,130,82,48,,,,
2013/07/31,17,122,78,44,,,,
2013/07/31,18,127,82,45,,,,
2013/07/31,19,122,79,43,,,,
2013/07/31,20,130,82,48,,,,
2013/07/31,21,108,68,40,,,,
2013/07/31,22,13,11,2,,,,
2013/07/31,23,4,2,2,,,,
2013/07/31,24,3,1,2,,,,
2013/08/01,01,3,2,1,,,,
2013/08/01,02,3,2,1,,,,
2013/08/01,03,3,1,2,,,,
2013/08/01,04,4,3,1,,,,
2013/08/01,05,3,2,1,,,,
2013/08/01,06,5,3,2,,,,
2013/08/01,07,4,2,2,,,,
2013/08/01,08,8,7,1,,,,
2013/08/01,09,35,32,3,,,,
2013/08/01,10,119,72,47,,,,
2013/08/01,11,136,90,46,,,,
2013/08/01,12,144,97,47,,,,
2013/08/01,13,139,95,44,,,,
2013/08/01,14,139,94,45,,,,
2013/08/01,15,139,94,45,,,,
2013/08/01,16,131,88,43,,,,
2013/08/01,17,129,82,47,,,,
2013/08/01,18,125,81,44,,,,
2013/08/01,19,122,77,45,,,,
2013/08/01,20,121,76,45,,,,
2013/08/01,21,26,17,9,,,,
2013/08/01,22,4,2,2,,,,
2013/08/01,23,3,2,1,,,,
2013/08/01,24,4,3,1,,,,
2013/08/02,01,4,2,2,,,,
2013/08/02,02,4,2,2,,,,
2013/08/02,03,3,2,1,,,,
2013/08/02,04,3,1,2,,,,
2013/08/02,05,4,3,1,,,,
2013/08/02,06,1,1,0,,,,
2013/08/02,07,4,3,1,,,,
2013/08/02,08,29,27,2,,,,
2013/08/02,09,37,33,4,,,,
2013/08/02,10,113,69,44,,,,
2013/08/02,11,132,86,46,,,,
2013/08/02,12,128,82,46,,,,
2013/08/02,13,135,91,44,,,,
2013/08/02,14,125,81,44,,,,
2013/08/02,15,129,83,46,,,,
2013/08/02,16,123,82,41,,,,
2013/08/02,17,123,77,46,,,,
2013/08/02,18,120,75,45,,,,
2013/08/02,19,119,74,45,,,,
2013/08/02,20,118,73,45,,,,
2013/08/02,21,67,47,20,,,,
2013/08/02,22,8,6,2,,,,
2013/08/02,23,3,2,1,,,,
2013/08/02,24,2,1,1,,,,
2013/08/03,01,4,3,1,,,,
2013/08/03,02,3,2,1,,,,
2013/08/03,03,3,2,1,,,,
2013/08/03,04,3,2,1,,,,
2013/08/03,05,3,2,1,,,,
2013/08/03,06,4,3,1,,,,
2013/08/03,07,2,1,1,,,,
2013/08/03,08,6,4,2,,,,
2013/08/03,09,15,10,5,,,,
2013/08/03,10,126,82,44,,,,
2013/08/03,11,126,81,45,,,,
2013/08/03,12,129,85,44,,,,
2013/08/03,13,132,85,47,,,,
2013/08/03,14,131,86,45,,,,
2013/08/03,15,128,85,43,,,,
2013/08/03,16,131,83,48,,,,
2013/08/03,17,128,80,48,,,,
2013/08/03,18,123,76,47,,,,
2013/08/03,19,122,78,44,,,,
2013/08/03,20,121,75,46,,,,
2013/08/03,21,62,43,19,,,,
2013/08/03,22,3,3,0,,,,
2013/08/03,23,3,1,2,,,,
2013/08/03,24,5,3,2,,,,
2013/08/04,01,2,1,1,,,,
2013/08/04,02,5,3,2,,,,
2013/08/04,03,3,1,2,,,,
2013/08/04,04,4,2,2,,,,
2013/08/04,05,4,3,1,,,,
2013/08/04,06,4,2,2,,,,
2013/08/04,07,4,2,2,,,,
2013/08/04,08,4,2,2,,,,
2013/08/04,09,28,24,4,,,,
2013/08/04,10,97,49,48,,,,
2013/08/04,11,119,74,45,,,,
2013/08/04,12,122,77,45,,,,
2013/08/04,13,134,87,47,,,,
2013/08/04,14,126,82,44,,,,
2013/08/04,15,133,89,44,,,,
2013/08/04,16,132,86,46,,,,
2013/08/04,17,138,93,45,,,,
2013/08/04,18,133,87,46,,,,
2013/08/04,19,123,80,43,,,,
2013/08/04,20,121,72,49,,,,
2013/08/04,21,40,30,10,,,,
2013/08/04,22,3,2,1,,,,
2013/08/04,23,2,1,1,,,,
2013/08/04,24,4,2,2,,,,
2013/08/05,01,4,2,2,,,,
2013/08/05,02,3,2,1,,,,
2013/08/05,03,5,3,2,,,,
2013/08/05,04,2,1,1,,,,
2013/08/05,05,3,3,0,,,,
2013/08/05,06,3,2,1,,,,
2013/08/05,07,2,1,1,,,,
2013/08/05,08,8,6,2,,,,
2013/08/05,09,18,13,5,,,,
2013/08/05,10,101,57,44,,,,
2013/08/05,11,119,73,46,,,,
2013/08/05,12,125,79,46,,,,
2013/08/05,13,123,78,45,,,,
2013/08/05,14,136,90,46,,,,
2013/08/05,15,132,87,45,,,,
2013/08/05,16,128,81,47,,,,
2013/08/05,17,124,80,44,,,,
2013/08/05,18,127,83,44,,,,
2013/08/05,19,114,71,43,,,,
2013/08/05,20,121,76,45,,,,
2013/08/05,21,27,19,8,,,,
2013/08/05,22,5,4,1,,,,
2013/08/05,23,1,0,1,,,,
2013/08/05,24,4,3,1,,,,
2013/08/06,01,4,2,2,,,,
2013/08/06,02,2,0,2,,,,
2013/08/06,03,6,5,1,,,,
2013/08/06,04,3,1,2,,,,
2013/08/06,05,4,3,1,,,,
2013/08/06,06,3,2,1,,,,
2013/08/06,07,2,0,2,,,,
2013/08/06,08,9,9,0,,,,
2013/08/06,09,26,19,7,,,,
2013/08/06,10,102,58,44,,,,
2013/08/06,11,111,67,44,,,,
2013/08/06,12,117,70,47,,,,
2013/08/06,13,119,73,46,,,,
2013/08/06,14,128,83,45,,,,
2013/08/06,15,129,84,45,,,,
2013/08/06,16,122,74,48,,,,
2013/08/06,17,115,71,44,,,,
2013/08/06,18,114,69,45,,,,
2013/08/06,19,111,67,44,,,,
2013/08/06,20,115,72,43,,,,
2013/08/06,21,24,15,9,,,,
2013/08/06,22,3,1,2,,,,
2013/08/06,23,5,3,2,,,,
2013/08/06,24,1,1,0,,,,
2013/08/07,01,2,1,1,,,,
2013/08/07,02,3,3,0,,,,
2013/08/07,03,2,1,1,,,,
2013/08/07,04,4,3,1,,,,
2013/08/07,05,5,3,2,,,,
2013/08/07,06,3,1,2,,,,
2013/08/07,07,4,3,1,,,,
2013/08/07,08,12,11,1,,,,
2013/08/07,09,36,26,10,,,,
2013/08/07,10,109,63,46,,,,
2013/08/07,11,116,72,44,,,,
2013/08/07,12,120,73,47,,,,
2013/08/07,13,113,68,45,,,,
2013/08/07,14,117,72,45,,,,
2013/08/07,15,118,73,45,,,,
2013/08/07,16,117,77,40,,,,
2013/08/07,17,112,69,43,,,,
2013/08/07,18,112,68,44,,,,
2013/08/07,19,114,71,43,,,,
2013/08/07,20,115,68,47,,,,
2013/08/07,21,24,15,9,,,,
2013/08/07,22,2,2,0,,,,
2013/08/07,23,4,3,1,,,,
2013/08/07,24,4,2,2,,,,
2013/08/08,01,2,1,1,,,,
2013/08/08,02,4,3,1,,,,
2013/08/08,03,3,2,1,,,,
2013/08/08,04,2,1,1,,,,
2013/08/08,05,5,3,2,,,,
2013/08/08,06,2,1,1,,,,
2013/08/08,07,4,3,1,,,,
2013/08/08,08,3,2,1,,,,
2013/08/08,09,43,35,8,,,,
2013/08/08,10,107,62,45,,,,
2013/08/08,11,121,75,46,,,,
2013/08/08,12,125,78,47,,,,
2013/08/08,13,128,81,47,,,,
2013/08/08,14,126,82,44,,,,
2013/08/08,15,121,75,46,,,,
2013/08/08,16,117,72,45,,,,
2013/08/08,17,112,70,42,,,,
2013/08/08,18,114,72,42,,,,
2013/08/08,19,115,70,45,,,,
2013/08/08,20,118,74,44,,,,
2013/08/08,21,36,21,15,,,,
2013/08/08,22,3,1,2,,,,
2013/08/08,23,4,2,2,,,,
2013/08/08,24,5,3,2,,,,
2013/08/09,01,2,1,1,,,,
2013/08/09,02,5,3,2,,,,
2013/08/09,03,4,2,2,,,,
2013/08/09,04,2,0,2,,,,
2013/08/09,05,6,5,1,,,,
2013/08/09,06,3,1,2,,,,
2013/08/09,07,5,3,2,,,,
2013/08/09,08,9,7,2,,,,
2013/08/09,09,57,52,5,,,,
2013/08/09,10,100,56,44,,,,
2013/08/09,11,128,83,45,,,,
2013/08/09,12,131,85,46,,,,
2013/08/09,13,127,82,45,,,,
2013/08/09,14,138,93,45,,,,
2013/08/09,15,128,85,43,,,,
2013/08/09,16,127,81,46,,,,
2013/08/09,17,117,71,46,,,,
2013/08/09,18,114,71,43,,,,
2013/08/09,19,114,69,45,,,,
2013/08/09,20,111,66,45,,,,
2013/08/09,21,21,14,7,,,,
2013/08/09,22,4,2,2,,,,
2013/08/09,23,4,3,1,,,,
2013/08/09,24,3,1,2,,,,
2013/08/10,01,5,3,2,,,,
2013/08/10,02,2,1,1,,,,
2013/08/10,03,3,1,2,,,,
2013/08/10,04,3,3,0,,,,
2013/08/10,05,2,2,0,,,,
2013/08/10,06,2,1,1,,,,
2013/08/10,07,7,5,2,,,,
2013/08/10,08,29,27,2,,,,
2013/08/10,09,48,44,4,,,,
2013/08/10,10,108,66,42,,,,
2013/08/10,11,122,77,45,,,,
2013/08/10,12,129,82,47,,,,
2013/08/10,13,122,79,43,,,,
2013/08/10,14,122,79,43,,,,
2013/08/10,15,125,79,46,,,,
2013/08/10,16,123,78,45,,,,
2013/08/10,17,122,77,45,,,,
2013/08/10,18,123,80,43,,,,
2013/08/10,19,122,76,46,,,,
2013/08/10,20,115,70,45,,,,
2013/08/10,21,28,17,11,,,,
2013/08/10,22,5,3,2,,,,
2013/08/10,23,2,1,1,,,,
2013/08/10,24,4,2,2,,,,
2013/08/11,01,4,3,1,,,,
2013/08/11,02,2,0,2,,,,
2013/08/11,03,3,2,1,,,,
2013/08/11,04,5,3,2,,,,
2013/08/11,05,3,2,1,,,,
2013/08/11,06,4,3,1,,,,
2013/08/11,07,4,2,2,,,,
2013/08/11,08,3,1,2,,,,
2013/08/11,09,69,61,8,,,,
2013/08/11,10,103,59,44,,,,
2013/08/11,11,124,79,45,,,,
2013/08/11,12,123,77,46,,,,
2013/08/11,13,128,83,45,,,,
2013/08/11,14,123,78,45,,,,
2013/08/11,15,128,80,48,,,,
2013/08/11,16,131,87,44,,,,
2013/08/11,17,121,75,46,,,,
2013/08/11,18,122,75,47,,,,
2013/08/11,19,113,70,43,,,,
2013/08/11,20,116,71,45,,,,
2013/08/11,21,32,21,11,,,,
2013/08/11,22,5,3,2,,,,
2013/08/11,23,5,3,2,,,,
2013/08/11,24,3,1,2,,,,
2013/08/12,01,5,3,2,,,,
2013/08/12,02,3,1,2,,,,
2013/08/12,03,3,2,1,,,,
2013/08/12,04,5,3,2,,,,
2013/08/12,05,2,0,2,,,,
2013/08/12,06,5,4,1,,,,
2013/08/12,07,3,1,2,,,,
2013/08/12,08,3,2,1,,,,
2013/08/12,09,62,56,6,,,,
2013/08/12,10,108,61,47,,,,
2013/08/12,11,121,77,44,,,,
2013/08/12,12,121,77,44,,,,
2013/08/12,13,121,76,45,,,,
2013/08/12,14,124,79,45,,,,
2013/08/12,15,124,79,45,,,,
2013/08/12,16,124,77,47,,,,
2013/08/12,17,117,70,47,,,,
2013/08/12,18,119,73,46,,,,
2013/08/12,19,117,70,47,,,,
2013/08/12,20,110,64,46,,,,
2013/08/12,21,23,15,8,,,,
2013/08/12,22,2,0,2,,,,
2013/08/12,23,6,4,2,,,,
2013/08/12,24,4,2,2,,,,
2013/08/13,01,1,1,0,,,,
2013/08/13,02,6,4,2,,,,
2013/08/13,03,2,0,2,,,,
2013/08/13,04,2,1,1,,,,
2013/08/13,05,5,4,1,,,,
2013/08/13,06,2,1,1,,,,
2013/08/13,07,4,3,1,,,,
2013/08/13,08,14,13,1,,,,
2013/08/13,09,49,40,9,,,,
2013/08/13,10,103,58,45,,,,
2013/08/13,11,115,69,46,,,,
2013/08/13,12,119,75,44,,,,
2013/08/13,13,130,86,44,,,,
2013/08/13,14,134,87,47,,,,
2013/08/13,15,123,79,44,,,,
2013/08/13,16,122,73,49,,,,
2013/08/13,17,120,75,45,,,,
2013/08/13,18,116,73,43,,,,
2013/08/13,19,114,69,45,,,,
2013/08/13,20,110,67,43,,,,
2013/08/13,21,26,17,9,,,,
2013/08/13,22,2,1,1,,,,
2013/08/13,23,4,2,2,,,,
2013/08/13,24,5,3,2,,,,
2013/08/14,01,1,0,1,,,,
2013/08/14,02,5,4,1,,,,
2013/08/14,03,3,2,1,,,,
2013/08/14,04,4,2,2,,,,
2013/08/14,05,3,2,1,,,,
2013/08/14,06,1,1,0,,,,
2013/08/14,07,5,3,2,,,,
2013/08/14,08,3,2,1,,,,
2013/08/14,09,61,54,7,,,,
2013/08/14,10,106,63,43,,,,
2013/08/14,11,118,73,45,,,,
2013/08/14,12,124,79,45,,,,
2013/08/14,13,127,82,45,,,,
2013/08/14,14,140,95,45,,,,
2013/08/14,15,136,91,45,,,,
2013/08/14,16,128,83,45,,,,
2013/08/14,17,132,88,44,,,,
2013/08/14,18,128,84,44,,,,
2013/08/14,19,126,81,45,,,,
2013/08/14,20,123,80,43,,,,
2013/08/14,21,38,25,13,,,,
2013/08/14,22,3,2,1,,,,
2013/08/14,23,5,3,2,,,,
2013/08/14,24,2,0,2,,,,
2013/08/15,01,6,4,2,,,,
2013/08/15,02,1,1,0,,,,
2013/08/15,03,2,1,1,,,,
2013/08/15,04,6,5,1,,,,
2013/08/15,05,1,0,1,,,,
2013/08/15,06,4,2,2,,,,
2013/08/15,07,5,3,2,,,,
2013/08/15,08,30,29,1,,,,
2013/08/15,09,68,62,6,,,,
2013/08/15,10,103,55,48,,,,
2013/08/15,11,122,79,43,,,,
2013/08/15,12,129,85,44,,,,
2013/08/15,13,133,85,48,,,,
2013/08/15,14,127,81,46,,,,
2013/08/15,15,138,95,43,,,,
2013/08/15,16,134,87,47,,,,
2013/08/15,17,128,84,44,,,,
2013/08/15,18,128,83,45,,,,
2013/08/15,19,124,77,47,,,,
2013/08/15,20,118,75,43,,,,
2013/08/15,21,28,19,9,,,,
2013/08/15,22,3,1,2,,,,
2013/08/15,23,4,2,2,,,,
2013/08/15,24,3,2,1,,,,
2013/08/16,01,2,1,1,,,,
2013/08/16,02,5,4,1,,,,
2013/08/16,03,3,1,2,,,,
2013/08/16,04,2,1,1,,,,
2013/08/16,05,6,4,2,,,,
2013/08/16,06,2,1,1,,,,
2013/08/16,07,3,2,1,,,,
2013/08/16,08,5,3,2,,,,
2013/08/16,09,63,52,11,,,,
2013/08/16,10,106,60,46,,,,
2013/08/16,11,125,79,46,,,,
2013/08/16,12,134,86,48,,,,
2013/08/16,13,131,83,48,,,,
2013/08/16,14,135,90,45,,,,
2013/08/16,15,134,89,45,,,,
2013/08/16,16,130,84,46,,,,
2013/08/16,17,127,82,45,,,,
2013/08/16,18,121,78,43,,,,
2013/08/16,19,118,75,43,,,,
2013/08/16,20,119,72,47,,,,
2013/08/16,21,57,33,24,,,,
2013/08/16,22,3,2,1,,,,
2013/08/16,23,3,1,2,,,,
2013/08/16,24,4,3,1,,,,
2013/08/17,01,3,2,1,,,,
2013/08/17,02,5,3,2,,,,
2013/08/17,03,1,0,1,,,,
2013/08/17,04,3,2,1,,,,
2013/08/17,05,5,3,2,,,,
2013/08/17,06,3,1,2,,,,
2013/08/17,07,3,2,1,,,,
2013/08/17,08,12,10,2,,,,
2013/08/17,09,55,51,4,,,,
2013/08/17,10,106,59,47,,,,
2013/08/17,11,121,75,46,,,,
2013/08/17,12,125,79,46,,,,
2013/08/17,13,129,81,48,,,,
2013/08/17,14,137,91,46,,,,
2013/08/17,15,141,97,44,,,,
2013/08/17,16,154,106,48,,,,
2013/08/17,17,126,79,47,,,,
2013/08/17,18,120,76,44,,,,
2013/08/17,19,122,77,45,,,,
2013/08/17,20,119,72,47,,,,
2013/08/17,21,34,20,14,,,,
2013/08/17,22,7,5,2,,,,
2013/08/17,23,3,1,2,,,,
2013/08/17,24,5,3,2,,,,
2013/08/18,01,4,3,1,,,,
2013/08/18,02,2,1,1,,,,
2013/08/18,03,3,2,1,,,,
2013/08/18,04,3,2,1,,,,
2013/08/18,05,4,2,2,,,,
2013/08/18,06,3,2,1,,,,
2013/08/18,07,3,1,2,,,,
2013/08/18,08,4,3,1,,,,
2013/08/18,09,52,48,4,,,,
2013/08/18,10,97,53,44,,,,
2013/08/18,11,127,83,44,,,,
2013/08/18,12,132,83,49,,,,
2013/08/18,13,119,75,44,,,,
2013/08/18,14,138,91,47,,,,
2013/08/18,15,147,101,46,,,,
2013/08/18,16,131,84,47,,,,
2013/08/18,17,128,82,46,,,,
2013/08/18,18,130,85,45,,,,
2013/08/18,19,131,87,44,,,,
2013/08/18,20,128,82,46,,,,
2013/08/18,21,30,20,10,,,,
2013/08/18,22,4,2,2,,,,
2013/08/18,23,3,2,1,,,,
2013/08/18,24,6,4,2,,,,
2013/08/19,01,2,1,1,,,,
2013/08/19,02,2,1,1,,,,
2013/08/19,03,6,4,2,,,,
2013/08/19,04,3,1,2,,,,
2013/08/19,05,2,1,1,,,,
2013/08/19,06,5,3,2,,,,
2013/08/19,07,3,1,2,,,,
2013/08/19,08,4,4,0,,,,
2013/08/19,09,55,47,8,,,,
2013/08/19,10,105,60,45,,,,
2013/08/19,11,115,75,40,,,,
2013/08/19,12,119,76,43,,,,
2013/08/19,13,137,92,45,,,,
2013/08/19,14,128,84,44,,,,
2013/08/19,15,141,95,46,,,,
2013/08/19,16,135,92,43,,,,
2013/08/19,17,138,92,46,,,,
2013/08/19,18,158,111,47,,,,
2013/08/19,19,132,88,44,,,,
2013/08/19,20,124,81,43,,,,
2013/08/19,21,42,29,13,,,,
2013/08/19,22,11,9,2,,,,
2013/08/19,23,10,8,2,,,,
2013/08/19,24,10,9,1,,,,
2013/08/20,01,9,8,1,,,,
2013/08/20,02,10,9,1,,,,
2013/08/20,03,10,8,2,,,,
2013/08/20,04,8,6,2,,,,
2013/08/20,05,10,9,1,,,,
2013/08/20,06,8,7,1,,,,
2013/08/20,07,10,8,2,,,,
2013/08/20,08,21,17,4,,,,
2013/08/20,09,24,17,7,,,,
2013/08/20,10,89,46,43,,,,
2013/08/20,11,91,47,44,,,,
2013/08/20,12,91,47,44,,,,
2013/08/20,13,92,50,42,,,,
2013/08/20,14,92,47,45,,,,
2013/08/20,15,129,86,43,,,,
2013/08/20,16,166,120,46,,,,
2013/08/20,17,141,96,45,,,,
2013/08/20,18,153,105,48,,,,
2013/08/20,19,137,92,45,,,,
2013/08/20,20,137,89,48,,,,
2013/08/20,21,28,20,8,,,,
2013/08/20,22,5,3,2,,,,
2013/08/20,23,4,2,2,,,,
2013/08/20,24,2,0,2,,,,
2013/08/21,01,4,4,0,,,,
2013/08/21,02,3,2,1,,,,
2013/08/21,03,4,2,2,,,,
2013/08/21,04,5,3,2,,,,
2013/08/21,05,2,0,2,,,,
2013/08/21,06,5,4,1,,,,
2013/08/21,07,2,1,1,,,,
2013/08/21,08,7,5,2,,,,
2013/08/21,09,82,76,6,,,,
2013/08/21,10,100,56,44,,,,
2013/08/21,11,124,80,44,,,,
2013/08/21,12,130,87,43,,,,
2013/08/21,13,142,98,44,,,,
2013/08/21,14,126,81,45,,,,
2013/08/21,15,127,81,46,,,,
2013/08/21,16,130,83,47,,,,
2013/08/21,17,120,76,44,,,,
2013/08/21,18,120,73,47,,,,
2013/08/21,19,118,73,45,,,,
2013/08/21,20,119,72,47,,,,
2013/08/21,21,24,16,8,,,,
2013/08/21,22,9,6,3,,,,
2013/08/21,23,4,2,2,,,,
2013/08/21,24,3,1,2,,,,
2013/08/22,01,5,3,2,,,,
2013/08/22,02,3,2,1,,,,
2013/08/22,03,3,1,2,,,,
2013/08/22,04,4,3,1,,,,
2013/08/22,05,2,1,1,,,,
2013/08/22,06,2,2,0,,,,
2013/08/22,07,5,3,2,,,,
2013/08/22,08,24,23,1,,,,
2013/08/22,09,57,50,7,,,,
2013/08/22,10,116,73,43,,,,
2013/08/22,11,130,91,39,,,,
2013/08/22,12,127,84,43,,,,
2013/08/22,13,134,89,45,,,,
2013/08/22,14,136,89,47,,,,
2013/08/22,15,157,113,44,,,,
2013/08/22,16,144,99,45,,,,
2013/08/22,17,123,78,45,,,,
2013/08/22,18,131,83,48,,,,
2013/08/22,19,125,80,45,,,,
2013/08/22,20,121,76,45,,,,
2013/08/22,21,28,21,7,,,,
2013/08/22,22,4,2,2,,,,
2013/08/22,23,4,2,2,,,,
2013/08/22,24,6,4,2,,,,
2013/08/23,01,2,1,1,,,,
2013/08/23,02,4,2,2,,,,
2013/08/23,03,3,2,1,,,,
2013/08/23,04,3,1,2,,,,
2013/08/23,05,6,4,2,,,,
2013/08/23,06,2,0,2,,,,
2013/08/23,07,3,2,1,,,,
2013/08/23,08,8,6,2,,,,
2013/08/23,09,56,48,8,,,,
2013/08/23,10,119,77,42,,,,
2013/08/23,11,135,91,44,,,,
2013/08/23,12,129,84,45,,,,
2013/08/23,13,126,83,43,,,,
2013/08/23,14,121,79,42,,,,
2013/08/23,15,130,85,45,,,,
2013/08/23,16,130,84,46,,,,
2013/08/23,17,116,74,42,,,,
2013/08/23,18,115,69,46,,,,
2013/08/23,19,107,65,42,,,,
2013/08/23,20,113,69,44,,,,
2013/08/23,21,46,27,19,,,,
2013/08/23,22,3,3,0,,,,
2013/08/23,23,5,3,2,,,,
2013/08/23,24,2,1,1,,,,
2013/08/24,01,5,3,2,,,,
2013/08/24,02,4,2,2,,,,
2013/08/24,03,4,2,2,,,,
2013/08/24,04,4,2,2,,,,
2013/08/24,05,3,1,2,,,,
2013/08/24,06,5,3,2,,,,
2013/08/24,07,3,1,2,,,,
2013/08/24,08,22,20,2,,,,
2013/08/24,09,51,43,8,,,,
2013/08/24,10,110,65,45,,,,
2013/08/24,11,119,76,43,,,,
2013/08/24,12,120,73,47,,,,
2013/08/24,13,120,73,47,,,,
2013/08/24,14,116,72,44,,,,
2013/08/24,15,118,73,45,,,,
2013/08/24,16,113,70,43,,,,
2013/08/24,17,113,65,48,,,,
2013/08/24,18,119,76,43,,,,
2013/08/24,19,109,65,44,,,,
2013/08/24,20,111,69,42,,,,
2013/08/24,21,43,25,18,,,,
2013/08/24,22,5,4,1,,,,
2013/08/24,23,4,2,2,,,,
2013/08/24,24,3,2,1,,,,
2013/08/25,01,5,3,2,,,,
2013/08/25,02,1,0,1,,,,
2013/08/25,03,4,2,2,,,,
2013/08/25,04,5,3,2,,,,
2013/08/25,05,3,1,2,,,,
2013/08/25,06,4,3,1,,,,
2013/08/25,07,3,2,1,,,,
2013/08/25,08,9,7,2,,,,
2013/08/25,09,34,28,6,,,,
2013/08/25,10,111,66,45,,,,
2013/08/25,11,115,71,44,,,,
2013/08/25,12,109,61,48,,,,
2013/08/25,13,122,74,48,,,,
2013/08/25,14,116,73,43,,,,
2013/08/25,15,121,77,44,,,,
2013/08/25,16,114,69,45,,,,
2013/08/25,17,120,74,46,,,,
2013/08/25,18,116,69,47,,,,
2013/08/25,19,115,69,46,,,,
2013/08/25,20,114,66,48,,,,
2013/08/25,21,48,30,18,,,,
2013/08/25,22,7,5,2,,,,
2013/08/25,23,4,2,2,,,,
2013/08/25,24,4,2,2,,,,
2013/08/26,01,2,1,1,,,,
2013/08/26,02,5,3,2,,,,
2013/08/26,03,4,2,2,,,,
2013/08/26,04,2,1,1,,,,
2013/08/26,05,3,2,1,,,,
2013/08/26,06,5,3,2,,,,
2013/08/26,07,4,2,2,,,,
2013/08/26,08,3,2,1,,,,
2013/08/26,09,54,43,11,,,,
2013/08/26,10,106,59,47,,,,
2013/08/26,11,115,69,46,,,,
2013/08/26,12,112,65,47,,,,
2013/08/26,13,110,67,43,,,,
2013/08/26,14,113,68,45,,,,
2013/08/26,15,113,68,45,,,,
2013/08/26,16,111,67,44,,,,
2013/08/26,17,109,64,45,,,,
2013/08/26,18,110,64,46,,,,
2013/08/26,19,105,61,44,,,,
2013/08/26,20,109,67,42,,,,
2013/08/26,21,31,19,12,,,,
2013/08/26,22,5,3,2,,,,
2013/08/26,23,3,1,2,,,,
2013/08/26,24,4,2,2,,,,
2013/08/27,01,3,2,1,,,,
2013/08/27,02,3,1,2,,,,
2013/08/27,03,4,2,2,,,,
2013/08/27,04,5,3,2,,,,
2013/08/27,05,4,2,2,,,,
2013/08/27,06,4,3,1,,,,
2013/08/27,07,2,0,2,,,,
2013/08/27,08,9,7,2,,,,
2013/08/27,09,40,33,7,,,,
2013/08/27,10,112,68,44,,,,
2013/08/27,11,112,67,45,,,,
2013/08/27,12,109,67,42,,,,
2013/08/27,13,113,69,44,,,,
2013/08/27,14,111,65,46,,,,
2013/08/27,15,124,76,48,,,,
2013/08/27,16,117,72,45,,,,
2013/08/27,17,113,66,47,,,,
2013/08/27,18,109,63,46,,,,
2013/08/27,19,109,62,47,,,,
2013/08/27,20,115,71,44,,,,
2013/08/27,21,25,14,11,,,,
2013/08/27,22,3,2,1,,,,
2013/08/27,23,5,3,2,,,,
2013/08/27,24,1,1,0,,,,
2013/08/28,01,5,3,2,,,,
2013/08/28,02,4,2,2,,,,
2013/08/28,03,2,1,1,,,,
2013/08/28,04,2,2,0,,,,
2013/08/28,05,4,2,2,,,,
2013/08/28,06,3,2,1,,,,
2013/08/28,07,4,3,1,,,,
2013/08/28,08,3,2,1,,,,
2013/08/28,09,49,44,5,,,,
2013/08/28,10,105,58,47,,,,
2013/08/28,11,111,65,46,,,,
2013/08/28,12,112,66,46,,,,
2013/08/28,13,121,74,47,,,,
2013/08/28,14,114,70,44,,,,
2013/08/28,15,119,76,43,,,,
2013/08/28,16,116,70,46,,,,
2013/08/28,17,115,67,48,,,,
2013/08/28,18,114,67,47,,,,
2013/08/28,19,108,61,47,,,,
2013/08/28,20,112,64,48,,,,
2013/08/28,21,23,16,7,,,,
2013/08/28,22,2,0,2,,,,
2013/08/28,23,2,1,1,,,,
2013/08/28,24,6,5,1,,,,
2013/08/29,01,2,0,2,,,,
2013/08/29,02,6,4,2,,,,
2013/08/29,03,2,1,1,,,,
2013/08/29,04,3,2,1,,,,
2013/08/29,05,4,3,1,,,,
2013/08/29,06,2,0,2,,,,
2013/08/29,07,4,3,1,,,,
2013/08/29,08,4,2,2,,,,
2013/08/29,09,58,50,8,,,,
2013/08/29,10,108,62,46,,,,
2013/08/29,11,111,64,47,,,,
2013/08/29,12,120,75,45,,,,
2013/08/29,13,114,69,45,,,,
2013/08/29,14,123,77,46,,,,
2013/08/29,15,125,79,46,,,,
2013/08/29,16,121,76,45,,,,
2013/08/29,17,123,77,46,,,,
2013/08/29,18,114,65,49,,,,
2013/08/29,19,121,75,46,,,,
2013/08/29,20,111,67,44,,,,
2013/08/29,21,25,15,10,,,,
2013/08/29,22,3,3,0,,,,
2013/08/29,23,2,0,2,,,,
2013/08/29,24,4,2,2,,,,
2013/08/30,01,4,3,1,,,,
2013/08/30,02,4,2,2,,,,
2013/08/30,03,2,2,0,,,,
2013/08/30,04,4,2,2,,,,
2013/08/30,05,4,3,1,,,,
2013/08/30,06,4,2,2,,,,
2013/08/30,07,4,3,1,,,,
2013/08/30,08,23,20,3,,,,
2013/08/30,09,41,36,5,,,,
2013/08/30,10,111,64,47,,,,
2013/08/30,11,116,70,46,,,,
2013/08/30,12,112,67,45,,,,
2013/08/30,13,109,64,45,,,,
2013/08/30,14,114,65,49,,,,
2013/08/30,15,119,75,44,,,,
2013/08/30,16,118,74,44,,,,
2013/08/30,17,112,71,41,,,,
2013/08/30,18,123,76,47,,,,
2013/08/30,19,116,68,48,,,,
2013/08/30,20,109,68,41,,,,
2013/08/30,21,41,25,16,,,,
2013/08/30,22,9,7,2,,,,
2013/08/30,23,9,7,2,,,,
2013/08/30,24,6,6,0,,,,
2013/08/31,01,9,8,1,,,,
2013/08/31,02,6,6,0,,,,
2013/08/31,03,8,7,1,,,,
2013/08/31,04,9,7,2,,,,
2013/08/31,05,8,6,2,,,,
2013/08/31,06,8,7,1,,,,
2013/08/31,07,8,6,2,,,,
2013/08/31,08,10,8,2,,,,
2013/08/31,09,43,34,9,,,,
2013/08/31,10,110,63,47,,,,
2013/08/31,11,114,70,44,,,,
2013/08/31,12,115,70,45,,,,
2013/08/31,13,123,75,48,,,,
2013/08/31,14,122,74,48,,,,
2013/08/31,15,125,84,41,,,,
2013/08/31,16,124,75,49,,,,
2013/08/31,17,120,76,44,,,,
2013/08/31,18,127,81,46,,,,
2013/08/31,19,124,77,47,,,,
2013/08/31,20,112,67,45,,,,
2013/08/31,21,43,23,20,,,,
2013/08/31,22,5,3,2,,,,
2013/08/31,23,3,2,1,,,,
2013/08/31,24,5,3,2,,,,
2013/09/01,01,3,2,1,,,,
2013/09/01,02,4,2,2,,,,
2013/09/01,03,3,3,0,,,,
2013/09/01,04,3,1,2,,,,
2013/09/01,05,4,2,2,,,,
2013/09/01,06,3,2,1,,,,
2013/09/01,07,2,1,1,,,,
2013/09/01,08,9,7,2,,,,
2013/09/01,09,41,33,8,,,,
2013/09/01,10,114,69,45,,,,
2013/09/01,11,125,78,47,,,,
2013/09/01,12,110,66,44,,,,
2013/09/01,13,111,66,45,,,,
2013/09/01,14,114,67,47,,,,
2013/09/01,15,121,73,48,,,,
2013/09/01,16,119,75,44,,,,
2013/09/01,17,113,68,45,,,,
2013/09/01,18,110,65,45,,,,
2013/09/01,19,113,66,47,,,,
2013/09/01,20,113,69,44,,,,
2013/09/01,21,47,26,21,,,,
2013/09/01,22,5,3,2,,,,
2013/09/01,23,4,2,2,,,,
2013/09/01,24,2,2,0,,,,
2013/09/02,01,2,1,1,,,,
2013/09/02,02,4,3,1,,,,
2013/09/02,03,1,1,0,,,,
2013/09/02,04,3,2,1,,,,
2013/09/02,05,4,3,1,,,,
2013/09/02,06,3,1,2,,,,
2013/09/02,07,5,4,1,,,,
2013/09/02,08,1,1,0,,,,
2013/09/02,09,59,49,10,,,,
2013/09/02,10,109,64,45,,,,
2013/09/02,11,121,75,46,,,,
2013/09/02,12,112,67,45,,,,
2013/09/02,13,107,64,43,,,,
2013/09/02,14,115,68,47,,,,
2013/09/02,15,114,68,46,,,,
2013/09/02,16,114,72,42,,,,
2013/09/02,17,114,73,41,,,,
2013/09/02,18,110,65,45,,,,
2013/09/02,19,106,62,44,,,,
2013/09/02,20,111,68,43,,,,
2013/09/02,21,50,29,21,,,,
2013/09/02,22,1,0,1,,,,
2013/09/02,23,4,3,1,,,,
2013/09/02,24,3,2,1,,,,
2013/09/03,01,2,1,1,,,,
2013/09/03,02,6,4,2,,,,
2013/09/03,03,4,2,2,,,,
2013/09/03,04,2,1,1,,,,
2013/09/03,05,4,2,2,,,,
2013/09/03,06,3,2,1,,,,
2013/09/03,07,3,2,1,,,,
2013/09/03,08,8,6,2,,,,
2013/09/03,09,55,48,7,,,,
2013/09/03,10,100,55,45,,,,
2013/09/03,11,115,70,45,,,,
2013/09/03,12,113,66,47,,,,
2013/09/03,13,111,66,45,,,,
2013/09/03,14,112,67,45,,,,
2013/09/03,15,111,65,46,,,,
2013/09/03,16,119,74,45,,,,
2013/09/03,17,112,67,45,,,,
2013/09/03,18,122,75,47,,,,
2013/09/03,19,110,65,45,,,,
2013/09/03,20,111,66,45,,,,
2013/09/03,21,23,14,9,,,,
2013/09/03,22,3,2,1,,,,
2013/09/03,23,3,1,2,,,,
2013/09/03,24,4,3,1,,,,
2013/09/04,01,3,2,1,,,,
2013/09/04,02,4,2,2,,,,
2013/09/04,03,3,3,0,,,,
2013/09/04,04,2,1,1,,,,
2013/09/04,05,3,3,0,,,,
2013/09/04,06,2,1,1,,,,
2013/09/04,07,3,1,2,,,,
2013/09/04,08,6,5,1,,,,
2013/09/04,09,34,28,6,,,,
2013/09/04,10,111,65,46,,,,
2013/09/04,11,127,81,46,,,,
2013/09/04,12,109,63,46,,,,
2013/09/04,13,110,67,43,,,,
2013/09/04,14,119,71,48,,,,
2013/09/04,15,113,68,45,,,,
2013/09/04,16,117,72,45,,,,
2013/09/04,17,109,64,45,,,,
2013/09/04,18,107,60,47,,,,
2013/09/04,19,113,68,45,,,,
2013/09/04,20,106,62,44,,,,
2013/09/04,21,24,15,9,,,,
2013/09/04,22,3,1,2,,,,
2013/09/04,23,3,2,1,,,,
2013/09/04,24,3,2,1,,,,
2013/09/05,01,4,2,2,,,,
2013/09/05,02,4,3,1,,,,
2013/09/05,03,1,1,0,,,,
2013/09/05,04,3,2,1,,,,
2013/09/05,05,4,2,2,,,,
2013/09/05,06,1,1,0,,,,
2013/09/05,07,4,3,1,,,,
2013/09/05,08,7,5,2,,,,
2013/09/05,09,34,24,10,,,,
2013/09/05,10,108,63,45,,,,
2013/09/05,11,105,62,43,,,,
2013/09/05,12,112,64,48,,,,
2013/09/05,13,111,67,44,,,,
2013/09/05,14,109,64,45,,,,
2013/09/05,15,113,67,46,,,,
2013/09/05,16,116,72,44,,,,
2013/09/05,17,107,62,45,,,,
2013/09/05,18,104,60,44,,,,
2013/09/05,19,107,62,45,,,,
2013/09/05,20,110,66,44,,,,
2013/09/05,21,37,21,16,,,,
2013/09/05,22,2,2,0,,,,
2013/09/05,23,4,3,1,,,,
2013/09/05,24,3,1,2,,,,
2013/09/06,01,2,1,1,,,,
2013/09/06,02,4,3,1,,,,
2013/09/06,03,3,2,1,,,,
2013/09/06,04,3,2,1,,,,
2013/09/06,05,3,2,1,,,,
2013/09/06,06,2,2,0,,,,
2013/09/06,07,5,3,2,,,,
2013/09/06,08,5,4,1,,,,
2013/09/06,09,34,26,8,,,,
2013/09/06,10,122,77,45,,,,
2013/09/06,11,119,73,46,,,,
2013/09/06,12,118,70,48,,,,
2013/09/06,13,117,71,46,,,,
2013/09/06,14,126,80,46,,,,
2013/09/06,15,121,74,47,,,,
2013/09/06,16,115,71,44,,,,
2013/09/06,17,116,73,43,,,,
2013/09/06,18,111,64,47,,,,
2013/09/06,19,110,64,46,,,,
2013/09/06,20,106,62,44,,,,
2013/09/06,21,29,18,11,,,,
2013/09/06,22,6,5,1,,,,
2013/09/06,23,3,1,2,,,,
2013/09/06,24,4,3,1,,,,
2013/09/07,01,2,1,1,,,,
2013/09/07,02,3,2,1,,,,
2013/09/07,03,2,2,0,,,,
2013/09/07,04,3,1,2,,,,
2013/09/07,05,6,4,2,,,,
2013/09/07,06,3,2,1,,,,
2013/09/07,07,3,2,1,,,,
2013/09/07,08,9,8,1,,,,
2013/09/07,09,23,17,6,,,,
2013/09/07,10,110,63,47,,,,
2013/09/07,11,101,57,44,,,,
2013/09/07,12,117,71,46,,,,
2013/09/07,13,108,64,44,,,,
2013/09/07,14,113,66,47,,,,
2013/09/07,15,111,67,44,,,,
2013/09/07,16,111,68,43,,,,
2013/09/07,17,116,71,45,,,,
2013/09/07,18,112,65,47,,,,
2013/09/07,19,107,59,48,,,,
2013/09/07,20,112,67,45,,,,
2013/09/07,21,31,21,10,,,,
2013/09/07,22,4,2,2,,,,
2013/09/07,23,3,3,0,,,,
2013/09/07,24,3,1,2,,,,
2013/09/08,01,3,1,2,,,,
2013/09/08,02,6,4,2,,,,
2013/09/08,03,2,0,2,,,,
2013/09/08,04,3,2,1,,,,
2013/09/08,05,5,3,2,,,,
2013/09/08,06,3,2,1,,,,
2013/09/08,07,4,3,1,,,,
2013/09/08,08,3,1,2,,,,
2013/09/08,09,38,34,4,,,,
2013/09/08,10,101,57,44,,,,
2013/09/08,11,113,65,48,,,,
2013/09/08,12,114,71,43,,,,
2013/09/08,13,123,75,48,,,,
2013/09/08,14,115,69,46,,,,
2013/09/08,15,121,71,50,,,,
2013/09/08,16,122,74,48,,,,
2013/09/08,17,120,74,46,,,,
2013/09/08,18,114,67,47,,,,
2013/09/08,19,107,63,44,,,,
2013/09/08,20,110,64,46,,,,
2013/09/08,21,32,23,9,,,,
2013/09/08,22,3,1,2,,,,
2013/09/08,23,1,1,0,,,,
2013/09/08,24,6,4,2,,,,
2013/09/09,01,3,1,2,,,,
2013/09/09,02,4,2,2,,,,
2013/09/09,03,3,3,0,,,,
2013/09/09,04,2,1,1,,,,
2013/09/09,05,5,3,2,,,,
2013/09/09,06,3,2,1,,,,
2013/09/09,07,1,0,1,,,,
2013/09/09,08,8,7,1,,,,
2013/09/09,09,46,38,8,,,,
2013/09/09,10,104,60,44,,,,
2013/09/09,11,118,71,47,,,,
2013/09/09,12,117,67,50,,,,
2013/09/09,13,111,67,44,,,,
2013/09/09,14,116,68,48,,,,
2013/09/09,15,113,68,45,,,,
2013/09/09,16,117,72,45,,,,
2013/09/09,17,112,67,45,,,,
2013/09/09,18,109,62,47,,,,
2013/09/09,19,108,62,46,,,,
2013/09/09,20,118,71,47,,,,
2013/09/09,21,41,25,16,,,,
2013/09/09,22,3,2,1,,,,
2013/09/09,23,4,2,2,,,,
2013/09/09,24,3,2,1,,,,
2013/09/10,01,4,3,1,,,,
2013/09/10,02,3,1,2,,,,
2013/09/10,03,4,2,2,,,,
2013/09/10,04,2,2,0,,,,
2013/09/10,05,4,2,2,,,,
2013/09/10,06,3,2,1,,,,
2013/09/10,07,4,2,2,,,,
2013/09/10,08,35,32,3,,,,
2013/09/10,09,78,56,22,,,,
2013/09/10,10,101,62,39,,,,
2013/09/10,11,97,58,39,,,,
2013/09/10,12,95,57,38,,,,
2013/09/10,13,96,57,39,,,,
2013/09/10,14,96,59,37,,,,
2013/09/10,15,101,61,40,,,,
2013/09/10,16,103,65,38,,,,
2013/09/10,17,98,61,37,,,,
2013/09/10,18,96,57,39,,,,
2013/09/10,19,14,7,7,,,,
2013/09/10,20,5,3,2,,,,
2013/09/10,21,3,2,1,,,,
2013/09/10,22,2,1,1,,,,
2013/09/10,23,4,2,2,,,,
2013/09/10,24,5,3,2,,,,
2013/09/11,01,5,3,2,,,,
2013/09/11,02,2,0,2,,,,
2013/09/11,03,3,3,0,,,,
2013/09/11,04,4,2,2,,,,
2013/09/11,05,4,2,2,,,,
2013/09/11,06,4,2,2,,,,
2013/09/11,07,3,1,2,,,,
2013/09/11,08,19,18,1,,,,
2013/09/11,09,54,46,8,,,,
2013/09/11,10,105,62,43,,,,
2013/09/11,11,116,72,44,,,,
2013/09/11,12,118,73,45,,,,
2013/09/11,13,110,66,44,,,,
2013/09/11,14,119,73,46,,,,
2013/09/11,15,133,84,49,,,,
2013/09/11,16,118,73,45,,,,
2013/09/11,17,117,72,45,,,,
2013/09/11,18,113,67,46,,,,
2013/09/11,19,110,67,43,,,,
2013/09/11,20,112,68,44,,,,
2013/09/11,21,33,22,11,,,,
2013/09/11,22,2,2,0,,,,
2013/09/11,23,5,3,2,,,,
2013/09/11,24,2,0,2,,,,
2013/09/12,01,6,5,1,,,,
2013/09/12,02,2,1,1,,,,
2013/09/12,03,4,2,2,,,,
2013/09/12,04,4,3,1,,,,
2013/09/12,05,2,0,2,,,,
2013/09/12,06,4,3,1,,,,
2013/09/12,07,2,2,0,,,,
2013/09/12,08,9,7,2,,,,
2013/09/12,09,49,43,6,,,,
2013/09/12,10,107,65,42,,,,
2013/09/12,11,117,73,44,,,,
2013/09/12,12,114,70,44,,,,
2013/09/12,13,116,69,47,,,,
2013/09/12,14,117,73,44,,,,
2013/09/12,15,118,74,44,,,,
2013/09/12,16,121,74,47,,,,
2013/09/12,17,110,67,43,,,,
2013/09/12,18,122,73,49,,,,
2013/09/12,19,112,68,44,,,,
2013/09/12,20,108,62,46,,,,
2013/09/12,21,27,18,9,,,,
2013/09/12,22,3,1,2,,,,
2013/09/12,23,4,3,1,,,,
2013/09/12,24,4,3,1,,,,
2013/09/13,01,2,1,1,,,,
2013/09/13,02,4,2,2,,,,
2013/09/13,03,4,3,1,,,,
2013/09/13,04,2,1,1,,,,
2013/09/13,05,3,2,1,,,,
2013/09/13,06,4,2,2,,,,
2013/09/13,07,2,1,1,,,,
2013/09/13,08,11,9,2,,,,
2013/09/13,09,50,39,11,,,,
2013/09/13,10,117,74,43,,,,
2013/09/13,11,120,76,44,,,,
2013/09/13,12,125,77,48,,,,
2013/09/13,13,120,72,48,,,,
2013/09/13,14,135,88,47,,,,
2013/09/13,15,124,78,46,,,,
2013/09/13,16,128,81,47,,,,
2013/09/13,17,123,78,45,,,,
2013/09/13,18,119,74,45,,,,
2013/09/13,19,119,74,45,,,,
2013/09/13,20,115,73,42,,,,
2013/09/13,21,79,50,29,,,,
2013/09/13,22,49,46,3,,,,
2013/09/13,23,2,0,2,,,,
2013/09/13,24,4,2,2,,,,
2013/09/14,01,4,3,1,,,,
2013/09/14,02,3,1,2,,,,
2013/09/14,03,4,3,1,,,,
2013/09/14,04,3,2,1,,,,
2013/09/14,05,4,2,2,,,,
2013/09/14,06,4,3,1,,,,
2013/09/14,07,12,10,2,,,,
2013/09/14,08,49,46,3,,,,
2013/09/14,09,43,37,6,,,,
2013/09/14,10,123,74,49,,,,
2013/09/14,11,125,81,44,,,,
2013/09/14,12,119,74,45,,,,
2013/09/14,13,120,76,44,,,,
2013/09/14,14,122,79,43,,,,
2013/09/14,15,129,84,45,,,,
2013/09/14,16,138,92,46,,,,
2013/09/14,17,126,81,45,,,,
2013/09/14,18,123,78,45,,,,
2013/09/14,19,120,74,46,,,,
2013/09/14,20,119,75,44,,,,
2013/09/14,21,31,22,9,,,,
2013/09/14,22,6,4,2,,,,
2013/09/14,23,2,2,0,,,,
2013/09/14,24,2,2,0,,,,
2013/09/15,01,5,3,2,,,,
2013/09/15,02,2,0,2,,,,
2013/09/15,03,5,5,0,,,,
2013/09/15,04,2,0,2,,,,
2013/09/15,05,2,0,2,,,,
2013/09/15,06,6,5,1,,,,
2013/09/15,07,1,0,1,,,,
2013/09/15,08,46,42,4,,,,
2013/09/15,09,28,21,7,,,,
2013/09/15,10,112,71,41,,,,
2013/09/15,11,124,79,45,,,,
2013/09/15,12,118,72,46,,,,
2013/09/15,13,119,74,45,,,,
2013/09/15,14,127,82,45,,,,
2013/09/15,15,123,77,46,,,,
2013/09/15,16,119,75,44,,,,
2013/09/15,17,116,71,45,,,,
2013/09/15,18,125,79,46,,,,
2013/09/15,19,114,71,43,,,,
2013/09/15,20,115,70,45,,,,
2013/09/15,21,35,23,12,,,,
2013/09/15,22,5,3,2,,,,
2013/09/15,23,4,2,2,,,,
2013/09/15,24,4,2,2,,,,
2013/09/16,01,4,3,1,,,,
2013/09/16,02,4,2,2,,,,
2013/09/16,03,2,1,1,,,,
2013/09/16,04,4,2,2,,,,
2013/09/16,05,5,3,2,,,,
2013/09/16,06,2,2,0,,,,
2013/09/16,07,2,1,1,,,,
2013/09/16,08,12,11,1,,,,
2013/09/16,09,37,32,5,,,,
2013/09/16,10,103,59,44,,,,
2013/09/16,11,107,63,44,,,,
2013/09/16,12,114,68,46,,,,
2013/09/16,13,106,63,43,,,,
2013/09/16,14,116,70,46,,,,
2013/09/16,15,111,66,45,,,,
2013/09/16,16,111,64,47,,,,
2013/09/16,17,111,66,45,,,,
2013/09/16,18,106,61,45,,,,
2013/09/16,19,104,60,44,,,,
2013/09/16,20,108,60,48,,,,
2013/09/16,21,39,23,16,,,,
2013/09/16,22,4,3,1,,,,
2013/09/16,23,2,2,0,,,,
2013/09/16,24,2,1,1,,,,
2013/09/17,01,5,3,2,,,,
2013/09/17,02,3,1,2,,,,
2013/09/17,03,3,3,0,,,,
2013/09/17,04,4,2,2,,,,
2013/09/17,05,4,2,2,,,,
2013/09/17,06,4,3,1,,,,
2013/09/17,07,3,1,2,,,,
2013/09/17,08,7,5,2,,,,
2013/09/17,09,28,23,5,,,,
2013/09/17,10,108,62,46,,,,
2013/09/17,11,104,61,43,,,,
2013/09/17,12,111,63,48,,,,
2013/09/17,13,104,61,43,,,,
2013/09/17,14,110,63,47,,,,
2013/09/17,15,108,65,43,,,,
2013/09/17,16,108,65,43,,,,
2013/09/17,17,107,61,46,,,,
2013/09/17,18,111,66,45,,,,
2013/09/17,19,106,60,46,,,,
2013/09/17,20,107,63,44,,,,
2013/09/17,21,36,21,15,,,,
2013/09/17,22,3,1,2,,,,
2013/09/17,23,5,4,1,,,,
2013/09/17,24,3,1,2,,,,
2013/09/18,01,3,2,1,,,,
2013/09/18,02,5,3,2,,,,
2013/09/18,03,3,1,2,,,,
2013/09/18,04,5,4,1,,,,
2013/09/18,05,2,0,2,,,,
2013/09/18,06,4,2,2,,,,
2013/09/18,07,4,3,1,,,,
2013/09/18,08,4,2,2,,,,
2013/09/18,09,37,30,7,,,,
2013/09/18,10,105,61,44,,,,
2013/09/18,11,110,63,47,,,,
2013/09/18,12,107,62,45,,,,
2013/09/18,13,112,67,45,,,,
2013/09/18,14,116,72,44,,,,
2013/09/18,15,121,75,46,,,,
2013/09/18,16,110,68,42,,,,
2013/09/18,17,106,65,41,,,,
2013/09/18,18,110,66,44,,,,
2013/09/18,19,107,63,44,,,,
2013/09/18,20,109,65,44,,,,
2013/09/18,21,29,18,11,,,,
2013/09/18,22,4,2,2,,,,
2013/09/18,23,3,2,1,,,,
2013/09/18,24,4,2,2,,,,
2013/09/19,01,3,1,2,,,,
2013/09/19,02,5,3,2,,,,
2013/09/19,03,2,2,0,,,,
2013/09/19,04,2,1,1,,,,
2013/09/19,05,6,4,2,,,,
2013/09/19,06,2,1,1,,,,
2013/09/19,07,3,2,1,,,,
2013/09/19,08,4,3,1,,,,
2013/09/19,09,55,47,8,,,,
2013/09/19,10,102,60,42,,,,
2013/09/19,11,112,67,45,,,,
2013/09/19,12,105,61,44,,,,
2013/09/19,13,108,61,47,,,,
2013/09/19,14,121,76,45,,,,
2013/09/19,15,113,67,46,,,,
2013/09/19,16,114,69,45,,,,
2013/09/19,17,106,64,42,,,,
2013/09/19,18,109,64,45,,,,
2013/09/19,19,117,72,45,,,,
2013/09/19,20,105,63,42,,,,
2013/09/19,21,93,48,45,,,,
2013/09/19,22,48,30,18,,,,
2013/09/19,23,5,4,1,,,,
2013/09/19,24,1,1,0,,,,
2013/09/20,01,2,1,1,,,,
2013/09/20,02,7,5,2,,,,
2013/09/20,03,2,1,1,,,,
2013/09/20,04,3,2,1,,,,
2013/09/20,05,5,3,2,,,,
2013/09/20,06,2,1,1,,,,
2013/09/20,07,5,4,1,,,,
2013/09/20,08,21,19,2,,,,
2013/09/20,09,41,27,14,,,,
2013/09/20,10,108,63,45,,,,
2013/09/20,11,105,60,45,,,,
2013/09/20,12,102,56,46,,,,
2013/09/20,13,113,67,46,,,,
2013/09/20,14,112,69,43,,,,
2013/09/20,15,112,67,45,,,,
2013/09/20,16,106,61,45,,,,
2013/09/20,17,110,64,46,,,,
2013/09/20,18,108,62,46,,,,
2013/09/20,19,105,60,45,,,,
2013/09/20,20,106,61,45,,,,
2013/09/20,21,30,20,10,,,,
2013/09/20,22,3,2,1,,,,
2013/09/20,23,1,1,0,,,,
2013/09/20,24,5,3,2,,,,
2013/09/21,01,4,2,2,,,,
2013/09/21,02,4,3,1,,,,
2013/09/21,03,1,0,1,,,,
2013/09/21,04,5,4,1,,,,
2013/09/21,05,2,1,1,,,,
2013/09/21,06,4,3,1,,,,
2013/09/21,07,2,1,1,,,,
2013/09/21,08,11,10,1,,,,
2013/09/21,09,35,27,8,,,,
2013/09/21,10,109,63,46,,,,
2013/09/21,11,110,63,47,,,,
2013/09/21,12,105,61,44,,,,
2013/09/21,13,110,68,42,,,,
2013/09/21,14,114,69,45,,,,
2013/09/21,15,115,69,46,,,,
2013/09/21,16,119,74,45,,,,
2013/09/21,17,110,66,44,,,,
2013/09/21,18,107,65,42,,,,
2013/09/21,19,109,65,44,,,,
2013/09/21,20,109,62,47,,,,
2013/09/21,21,36,22,14,,,,
2013/09/21,22,4,3,1,,,,
2013/09/21,23,4,3,1,,,,
2013/09/21,24,3,1,2,,,,
2013/09/22,01,3,2,1,,,,
2013/09/22,02,4,3,1,,,,
2013/09/22,03,3,1,2,,,,
2013/09/22,04,4,3,1,,,,
2013/09/22,05,3,1,2,,,,
2013/09/22,06,6,4,2,,,,
2013/09/22,07,2,1,1,,,,
2013/09/22,08,24,21,3,,,,
2013/09/22,09,59,51,8,,,,
2013/09/22,10,107,63,44,,,,
2013/09/22,11,107,62,45,,,,
2013/09/22,12,112,66,46,,,,
2013/09/22,13,108,64,44,,,,
2013/09/22,14,115,69,46,,,,
2013/09/22,15,114,71,43,,,,
2013/09/22,16,116,73,43,,,,
2013/09/22,17,113,70,43,,,,
2013/09/22,18,114,69,45,,,,
2013/09/22,19,107,65,42,,,,
2013/09/22,20,106,62,44,,,,
2013/09/22,21,44,26,18,,,,
2013/09/22,22,3,1,2,,,,
2013/09/22,23,5,4,1,,,,
2013/09/22,24,2,1,1,,,,
2013/09/23,01,2,2,0,,,,
2013/09/23,02,4,2,2,,,,
2013/09/23,03,4,2,2,,,,
2013/09/23,04,3,2,1,,,,
2013/09/23,05,4,2,2,,,,
2013/09/23,06,3,2,1,,,,
2013/09/23,07,5,3,2,,,,
2013/09/23,08,2,1,1,,,,
2013/09/23,09,54,47,7,,,,
2013/09/23,10,106,61,45,,,,
2013/09/23,11,110,64,46,,,,
2013/09/23,12,111,66,45,,,,
2013/09/23,13,116,71,45,,,,
2013/09/23,14,117,72,45,,,,
2013/09/23,15,120,76,44,,,,
2013/09/23,16,119,73,46,,,,
2013/09/23,17,116,69,47,,,,
2013/09/23,18,114,68,46,,,,
2013/09/23,19,115,68,47,,,,
2013/09/23,20,108,64,44,,,,
2013/09/23,21,49,29,20,,,,
2013/09/23,22,2,1,1,,,,
2013/09/23,23,2,2,0,,,,
2013/09/23,24,3,2,1,,,,
2013/09/24,01,5,3,2,,,,
2013/09/24,02,3,2,1,,,,
2013/09/24,03,3,2,1,,,,
2013/09/24,04,3,2,1,,,,
2013/09/24,05,3,2,1,,,,
2013/09/24,06,5,3,2,,,,
2013/09/24,07,1,0,1,,,,
2013/09/24,08,6,5,1,,,,
2013/09/24,09,58,53,5,,,,
2013/09/24,10,113,66,47,,,,
2013/09/24,11,110,64,46,,,,
2013/09/24,12,113,67,46,,,,
2013/09/24,13,110,65,45,,,,
2013/09/24,14,110,65,45,,,,
2013/09/24,15,116,70,46,,,,
2013/09/24,16,129,84,45,,,,
2013/09/24,17,116,69,47,,,,
2013/09/24,18,109,64,45,,,,
2013/09/24,19,112,67,45,,,,
2013/09/24,20,111,64,47,,,,
2013/09/24,21,24,17,7,,,,
2013/09/24,22,1,0,1,,,,
2013/09/24,23,5,4,1,,,,
2013/09/24,24,3,1,2,,,,
2013/09/25,01,3,2,1,,,,
2013/09/25,02,5,3,2,,,,
2013/09/25,03,2,1,1,,,,
2013/09/25,04,4,3,1,,,,
2013/09/25,05,4,2,2,,,,
2013/09/25,06,3,2,1,,,,
2013/09/25,07,3,2,1,,,,
2013/09/25,08,8,7,1,,,,
2013/09/25,09,56,48,8,,,,
2013/09/25,10,111,63,48,,,,
2013/09/25,11,107,65,42,,,,
2013/09/25,12,112,70,42,,,,
2013/09/25,13,111,65,46,,,,
2013/09/25,14,113,72,41,,,,
2013/09/25,15,113,69,44,,,,
2013/09/25,16,110,65,45,,,,
2013/09/25,17,108,63,45,,,,
2013/09/25,18,111,65,46,,,,
2013/09/25,19,109,64,45,,,,
2013/09/25,20,115,68,47,,,,
2013/09/25,21,42,25,17,,,,
2013/09/25,22,3,1,2,,,,
2013/09/25,23,4,2,2,,,,
2013/09/25,24,5,3,2,,,,
2013/09/26,01,5,2,3,,,,
2013/09/26,02,3,1,2,,,,
2013/09/26,03,3,3,0,,,,
2013/09/26,04,3,1,2,,,,
2013/09/26,05,5,4,1,,,,
2013/09/26,06,1,0,1,,,,
2013/09/26,07,5,3,2,,,,
2013/09/26,08,12,10,2,,,,
2013/09/26,09,62,50,12,,,,
2013/09/26,10,99,56,43,,,,
2013/09/26,11,97,53,44,,,,
2013/09/26,12,100,56,44,,,,
2013/09/26,13,102,56,46,,,,
2013/09/26,14,102,56,46,,,,
2013/09/26,15,99,56,43,,,,
2013/09/26,16,108,65,43,,,,
2013/09/26,17,104,60,44,,,,
2013/09/26,18,104,60,44,,,,
2013/09/26,19,100,57,43,,,,
2013/09/26,20,101,58,43,,,,
2013/09/26,21,19,13,6,,,,
2013/09/26,22,5,4,1,,,,
2013/09/26,23,3,1,2,,,,
2013/09/26,24,2,1,1,,,,
2013/09/27,01,5,5,0,,,,
2013/09/27,02,1,0,1,,,,
2013/09/27,03,5,4,1,,,,
2013/09/27,04,2,1,1,,,,
2013/09/27,05,3,1,2,,,,
2013/09/27,06,5,4,1,,,,
2013/09/27,07,3,1,2,,,,
2013/09/27,08,8,7,1,,,,
2013/09/27,09,50,42,8,,,,
2013/09/27,10,101,56,45,,,,
2013/09/27,11,104,57,47,,,,
2013/09/27,12,100,53,47,,,,
2013/09/27,13,102,57,45,,,,
2013/09/27,14,99,54,45,,,,
2013/09/27,15,96,55,41,,,,
2013/09/27,16,98,52,46,,,,
2013/09/27,17,108,64,44,,,,
2013/09/27,18,103,59,44,,,,
2013/09/27,19,102,59,43,,,,
2013/09/27,20,106,60,46,,,,
2013/09/27,21,39,23,16,,,,
2013/09/27,22,4,2,2,,,,
2013/09/27,23,3,2,1,,,,
2013/09/27,24,5,3,2,,,,
2013/09/28,01,4,2,2,,,,
2013/09/28,02,4,2,2,,,,
2013/09/28,03,2,1,1,,,,
2013/09/28,04,5,3,2,,,,
2013/09/28,05,5,3,2,,,,
2013/09/28,06,3,1,2,,,,
2013/09/28,07,4,2,2,,,,
2013/09/28,08,13,12,1,,,,
2013/09/28,09,40,34,6,,,,
2013/09/28,10,102,56,46,,,,
2013/09/28,11,99,55,44,,,,
2013/09/28,12,103,58,45,,,,
2013/09/28,13,105,58,47,,,,
2013/09/28,14,112,68,44,,,,
2013/09/28,15,102,59,43,,,,
2013/09/28,16,104,60,44,,,,
2013/09/28,17,105,61,44,,,,
2013/09/28,18,105,61,44,,,,
2013/09/28,19,107,63,44,,,,
2013/09/28,20,105,61,44,,,,
2013/09/28,21,40,24,16,,,,
2013/09/28,22,8,6,2,,,,
2013/09/28,23,4,2,2,,,,
2013/09/28,24,4,2,2,,,,
2013/09/29,01,4,2,2,,,,
2013/09/29,02,2,2,0,,,,
2013/09/29,03,5,3,2,,,,
2013/09/29,04,2,1,1,,,,
2013/09/29,05,2,1,1,,,,
2013/09/29,06,6,4,2,,,,
2013/09/29,07,2,1,1,,,,
2013/09/29,08,6,6,0,,,,
2013/09/29,09,56,47,9,,,,
2013/09/29,10,100,55,45,,,,
2013/09/29,11,105,61,44,,,,
2013/09/29,12,103,60,43,,,,
2013/09/29,13,104,60,44,,,,
2013/09/29,14,109,63,46,,,,
2013/09/29,15,107,61,46,,,,
2013/09/29,16,107,62,45,,,,
2013/09/29,17,118,71,47,,,,
2013/09/29,18,112,66,46,,,,
2013/09/29,19,104,62,42,,,,
2013/09/29,20,104,61,43,,,,
2013/09/29,21,35,22,13,,,,
2013/09/29,22,12,9,3,,,,
2013/09/29,23,9,6,3,,,,
2013/09/29,24,3,2,1,,,,
2013/09/30,01,1,0,1,,,,
2013/09/30,02,7,5,2,,,,
2013/09/30,03,1,0,1,,,,
2013/09/30,04,3,1,2,,,,
2013/09/30,05,5,4,1,,,,
2013/09/30,06,2,1,1,,,,
2013/09/30,07,5,4,1,,,,
2013/09/30,08,4,3,1,,,,
2013/09/30,09,53,43,10,,,,
2013/09/30,10,98,54,44,,,,
2013/09/30,11,104,60,44,,,,
2013/09/30,12,100,59,41,,,,
2013/09/30,13,111,63,48,,,,
2013/09/30,14,105,60,45,,,,
2013/09/30,15,104,60,44,,,,
2013/09/30,16,104,60,44,,,,
2013/09/30,17,98,57,41,,,,
2013/09/30,18,106,60,46,,,,
2013/09/30,19,103,60,43,,,,
2013/09/30,20,109,65,44,,,,
2013/09/30,21,34,22,12,,,,
2013/09/30,22,4,3,1,,,,
2013/09/30,23,4,3,1,,,,
2013/09/30,24,3,1,2,,,,
2013/10/01,01,4,3,1,,,,
2013/10/01,02,3,2,1,,,,
2013/10/01,03,2,1,1,,,,
2013/10/01,04,4,3,1,,,,
2013/10/01,05,3,2,1,,,,
2013/10/01,06,3,1,2,,,,
2013/10/01,07,3,3,0,,,,
2013/10/01,08,18,15,3,,,,
2013/10/01,09,46,42,4,,,,
2013/10/01,10,120,77,43,,,,
2013/10/01,11,129,85,44,,,,
2013/10/01,12,129,85,44,,,,
2013/10/01,13,132,88,44,,,,
2013/10/01,14,132,88,44,,,,
2013/10/01,15,135,89,46,,,,
2013/10/01,16,115,70,45,,,,
2013/10/01,17,116,73,43,,,,
2013/10/01,18,115,71,44,,,,
2013/10/01,19,123,77,46,,,,
2013/10/01,20,114,70,44,,,,
2013/10/01,21,28,20,8,,,,
2013/10/01,22,7,6,1,,,,
2013/10/01,23,6,4,2,,,,
2013/10/01,24,2,1,1,,,,
2013/10/02,01,5,3,2,,,,
2013/10/02,02,2,2,0,,,,
2013/10/02,03,2,1,1,,,,
2013/10/02,04,4,3,1,,,,
2013/10/02,05,3,2,1,,,,
2013/10/02,06,2,0,2,,,,
2013/10/02,07,6,5,1,,,,
2013/10/02,08,9,7,2,,,,
2013/10/02,09,32,26,6,,,,
2013/10/02,10,108,65,43,,,,
2013/10/02,11,122,77,45,,,,
2013/10/02,12,131,87,44,,,,
2013/10/02,13,124,78,46,,,,
2013/10/02,14,124,77,47,,,,
2013/10/02,15,118,72,46,,,,
2013/10/02,16,116,72,44,,,,
2013/10/02,17,116,73,43,,,,
2013/10/02,18,111,70,41,,,,
2013/10/02,19,117,73,44,,,,
2013/10/02,20,113,69,44,,,,
2013/10/02,21,28,19,9,,,,
2013/10/02,22,14,10,4,,,,
2013/10/02,23,7,4,3,,,,
2013/10/02,24,5,4,1,,,,
2013/10/03,01,2,1,1,,,,
2013/10/03,02,5,3,2,,,,
2013/10/03,03,4,3,1,,,,
2013/10/03,04,2,0,2,,,,
2013/10/03,05,5,4,1,,,,
2013/10/03,06,2,1,1,,,,
2013/10/03,07,5,3,2,,,,
2013/10/03,08,8,6,2,,,,
2013/10/03,09,30,22,8,,,,
2013/10/03,10,98,56,42,,,,
2013/10/03,11,109,66,43,,,,
2013/10/03,12,104,57,47,,,,
2013/10/03,13,100,59,41,,,,
2013/10/03,14,105,60,45,,,,
2013/10/03,15,100,56,44,,,,
2013/10/03,16,99,55,44,,,,
2013/10/03,17,106,58,48,,,,
2013/10/03,18,103,58,45,,,,
2013/10/03,19,109,67,42,,,,
2013/10/03,20,106,60,46,,,,
2013/10/03,21,26,18,8,,,,
2013/10/03,22,6,4,2,,,,
2013/10/03,23,2,1,1,,,,
2013/10/03,24,3,2,1,,,,
2013/10/04,01,3,2,1,,,,
2013/10/04,02,3,2,1,,,,
2013/10/04,03,4,3,1,,,,
2013/10/04,04,2,1,1,,,,
2013/10/04,05,5,3,2,,,,
2013/10/04,06,4,2,2,,,,
2013/10/04,07,4,3,1,,,,
2013/10/04,08,8,6,2,,,,
2013/10/04,09,36,27,9,,,,
2013/10/04,10,98,54,44,,,,
2013/10/04,11,104,57,47,,,,
2013/10/04,12,97,56,41,,,,
2013/10/04,13,100,57,43,,,,
2013/10/04,14,102,58,44,,,,
2013/10/04,15,105,64,41,,,,
2013/10/04,16,107,60,47,,,,
2013/10/04,17,105,59,46,,,,
2013/10/04,18,105,58,47,,,,
2013/10/04,19,104,61,43,,,,
2013/10/04,20,106,62,44,,,,
2013/10/04,21,31,20,11,,,,
2013/10/04,22,12,8,4,,,,
2013/10/04,23,3,2,1,,,,
2013/10/04,24,3,2,1,,,,
2013/10/05,01,3,1,2,,,,
2013/10/05,02,4,3,1,,,,
2013/10/05,03,2,1,1,,,,
2013/10/05,04,5,3,2,,,,
2013/10/05,05,3,2,1,,,,
2013/10/05,06,3,2,1,,,,
2013/10/05,07,4,3,1,,,,
2013/10/05,08,6,5,1,,,,
2013/10/05,09,37,30,7,,,,
2013/10/05,10,97,52,45,,,,
2013/10/05,11,104,64,40,,,,
2013/10/05,12,106,59,47,,,,
2013/10/05,13,105,60,45,,,,
2013/10/05,14,102,63,39,,,,
2013/10/05,15,108,64,44,,,,
2013/10/05,16,107,63,44,,,,
2013/10/05,17,106,62,44,,,,
2013/10/05,18,106,61,45,,,,
2013/10/05,19,114,69,45,,,,
2013/10/05,20,104,62,42,,,,
2013/10/05,21,30,17,13,,,,
2013/10/05,22,4,3,1,,,,
2013/10/05,23,3,2,1,,,,
2013/10/05,24,2,1,1,,,,
2013/10/06,01,4,2,2,,,,
2013/10/06,02,5,3,2,,,,
2013/10/06,03,1,1,0,,,,
2013/10/06,04,5,3,2,,,,
2013/10/06,05,4,2,2,,,,
2013/10/06,06,3,3,0,,,,
2013/10/06,07,3,2,1,,,,
2013/10/06,08,20,19,1,,,,
2013/10/06,09,34,28,6,,,,
2013/10/06,10,104,59,45,,,,
2013/10/06,11,105,59,46,,,,
2013/10/06,12,108,65,43,,,,
2013/10/06,13,116,70,46,,,,
2013/10/06,14,113,70,43,,,,
2013/10/06,15,111,66,45,,,,
2013/10/06,16,118,72,46,,,,
2013/10/06,17,115,71,44,,,,
2013/10/06,18,112,66,46,,,,
2013/10/06,19,105,63,42,,,,
2013/10/06,20,106,61,45,,,,
2013/10/06,21,34,23,11,,,,
2013/10/06,22,2,1,1,,,,
2013/10/06,23,3,2,1,,,,
2013/10/06,24,3,2,1,,,,
2013/10/07,01,3,2,1,,,,
2013/10/07,02,5,3,2,,,,
2013/10/07,03,3,1,2,,,,
2013/10/07,04,4,3,1,,,,
2013/10/07,05,4,2,2,,,,
2013/10/07,06,1,1,0,,,,
2013/10/07,07,4,3,1,,,,
2013/10/07,08,10,8,2,,,,
2013/10/07,09,59,53,6,,,,
2013/10/07,10,96,54,42,,,,
2013/10/07,11,99,55,44,,,,
2013/10/07,12,111,66,45,,,,
2013/10/07,13,113,69,44,,,,
2013/10/07,14,107,63,44,,,,
2013/10/07,15,101,58,43,,,,
2013/10/07,16,110,65,45,,,,
2013/10/07,17,114,67,47,,,,
2013/10/07,18,111,66,45,,,,
2013/10/07,19,107,65,42,,,,
2013/10/07,20,115,69,46,,,,
2013/10/07,21,23,14,9,,,,
2013/10/07,22,3,2,1,,,,
2013/10/07,23,4,2,2,,,,
2013/10/07,24,4,2,2,,,,
2013/10/08,01,2,1,1,,,,
2013/10/08,02,3,2,1,,,,
2013/10/08,03,6,4,2,,,,
2013/10/08,04,3,2,1,,,,
2013/10/08,05,3,2,1,,,,
2013/10/08,06,2,1,1,,,,
2013/10/08,07,5,3,2,,,,
2013/10/08,08,8,6,2,,,,
2013/10/08,09,42,36,6,,,,
2013/10/08,10,107,62,45,,,,
2013/10/08,11,125,81,44,,,,
2013/10/08,12,122,78,44,,,,
2013/10/08,13,122,76,46,,,,
2013/10/08,14,124,78,46,,,,
2013/10/08,15,119,74,45,,,,
2013/10/08,16,119,74,45,,,,
2013/10/08,17,119,74,45,,,,
2013/10/08,18,116,71,45,,,,
2013/10/08,19,118,73,45,,,,
2013/10/08,20,115,71,44,,,,
2013/10/08,21,31,20,11,,,,
2013/10/08,22,5,3,2,,,,
2013/10/08,23,4,3,1,,,,
2013/10/08,24,2,1,1,,,,
2013/10/09,01,3,2,1,,,,
2013/10/09,02,3,2,1,,,,
2013/10/09,03,3,2,1,,,,
2013/10/09,04,4,2,2,,,,
2013/10/09,05,5,3,2,,,,
2013/10/09,06,1,0,1,,,,
2013/10/09,07,5,3,2,,,,
2013/10/09,08,7,6,1,,,,
2013/10/09,09,31,24,7,,,,
2013/10/09,10,109,64,45,,,,
2013/10/09,11,107,65,42,,,,
2013/10/09,12,109,64,45,,,,
2013/10/09,13,112,68,44,,,,
2013/10/09,14,121,77,44,,,,
2013/10/09,15,110,65,45,,,,
2013/10/09,16,106,61,45,,,,
2013/10/09,17,112,68,44,,,,
2013/10/09,18,113,68,45,,,,
2013/10/09,19,114,68,46,,,,
2013/10/09,20,111,66,45,,,,
2013/10/09,21,28,19,9,,,,
2013/10/09,22,4,2,2,,,,
2013/10/09,23,3,1,2,,,,
2013/10/09,24,3,2,1,,,,
2013/10/10,01,4,2,2,,,,
2013/10/10,02,2,2,0,,,,
2013/10/10,03,3,2,1,,,,
2013/10/10,04,4,3,1,,,,
2013/10/10,05,3,1,2,,,,
2013/10/10,06,4,2,2,,,,
2013/10/10,07,4,3,1,,,,
2013/10/10,08,12,10,2,,,,
2013/10/10,09,48,41,7,,,,
2013/10/10,10,106,59,47,,,,
2013/10/10,11,110,64,46,,,,
2013/10/10,12,107,61,46,,,,
2013/10/10,13,107,62,45,,,,
2013/10/10,14,111,66,45,,,,
2013/10/10,15,115,71,44,,,,
2013/10/10,16,111,67,44,,,,
2013/10/10,17,109,68,41,,,,
2013/10/10,18,122,76,46,,,,
2013/10/10,19,113,69,44,,,,
2013/10/10,20,110,66,44,,,,
2013/10/10,21,20,14,6,,,,
2013/10/10,22,1,1,0,,,,
2013/10/10,23,4,2,2,,,,
2013/10/10,24,2,2,0,,,,
2013/10/11,01,3,2,1,,,,
2013/10/11,02,4,2,2,,,,
2013/10/11,03,5,3,2,,,,
2013/10/11,04,2,1,1,,,,
2013/10/11,05,6,4,2,,,,
2013/10/11,06,2,0,2,,,,
2013/10/11,07,3,2,1,,,,
2013/10/11,08,10,8,2,,,,
2013/10/11,09,81,72,9,,,,
2013/10/11,10,104,59,45,,,,
2013/10/11,11,121,74,47,,,,
2013/10/11,12,122,77,45,,,,
2013/10/11,13,109,64,45,,,,
2013/10/11,14,123,78,45,,,,
2013/10/11,15,125,79,46,,,,
2013/10/11,16,124,81,43,,,,
2013/10/11,17,121,77,44,,,,
2013/10/11,18,120,74,46,,,,
2013/10/11,19,111,67,44,,,,
2013/10/11,20,109,65,44,,,,
2013/10/11,21,64,35,29,,,,
2013/10/11,22,2,1,1,,,,
2013/10/11,23,3,2,1,,,,
2013/10/11,24,4,2,2,,,,
2013/10/12,01,5,3,2,,,,
2013/10/12,02,2,1,1,,,,
2013/10/12,03,6,4,2,,,,
2013/10/12,04,2,1,1,,,,
2013/10/12,05,3,2,1,,,,
2013/10/12,06,2,2,0,,,,
2013/10/12,07,3,1,2,,,,
2013/10/12,08,13,11,2,,,,
2013/10/12,09,51,47,4,,,,
2013/10/12,10,107,61,46,,,,
2013/10/12,11,107,61,46,,,,
2013/10/12,12,108,65,43,,,,
2013/10/12,13,114,67,47,,,,
2013/10/12,14,112,65,47,,,,
2013/10/12,15,113,68,45,,,,
2013/10/12,16,113,66,47,,,,
2013/10/12,17,115,68,47,,,,
2013/10/12,18,114,69,45,,,,
2013/10/12,19,107,63,44,,,,
2013/10/12,20,111,66,45,,,,
2013/10/12,21,28,17,11,,,,
2013/10/12,22,2,1,1,,,,
2013/10/12,23,5,3,2,,,,
2013/10/12,24,3,2,1,,,,
2013/10/13,01,3,1,2,,,,
2013/10/13,02,3,3,0,,,,
2013/10/13,03,3,1,2,,,,
2013/10/13,04,4,2,2,,,,
2013/10/13,05,4,3,1,,,,
2013/10/13,06,3,1,2,,,,
2013/10/13,07,5,3,2,,,,
2013/10/13,08,15,14,1,,,,
2013/10/13,09,51,45,6,,,,
2013/10/13,10,101,57,44,,,,
2013/10/13,11,108,60,48,,,,
2013/10/13,12,106,59,47,,,,
2013/10/13,13,109,62,47,,,,
2013/10/13,14,106,62,44,,,,
2013/10/13,15,111,64,47,,,,
2013/10/13,16,108,63,45,,,,
2013/10/13,17,109,64,45,,,,
2013/10/13,18,114,67,47,,,,
2013/10/13,19,108,67,41,,,,
2013/10/13,20,111,67,44,,,,
2013/10/13,21,45,26,19,,,,
2013/10/13,22,3,2,1,,,,
2013/10/13,23,3,2,1,,,,
2013/10/13,24,5,3,2,,,,
2013/10/14,01,2,0,2,,,,
2013/10/14,02,5,4,1,,,,
2013/10/14,03,3,2,1,,,,
2013/10/14,04,3,2,1,,,,
2013/10/14,05,4,2,2,,,,
2013/10/14,06,2,1,1,,,,
2013/10/14,07,3,3,0,,,,
2013/10/14,08,3,2,1,,,,
2013/10/14,09,40,35,5,,,,
2013/10/14,10,102,57,45,,,,
2013/10/14,11,98,56,42,,,,
2013/10/14,12,104,59,45,,,,
2013/10/14,13,108,64,44,,,,
2013/10/14,14,110,62,48,,,,
2013/10/14,15,118,74,44,,,,
2013/10/14,16,111,63,48,,,,
2013/10/14,17,113,68,45,,,,
2013/10/14,18,112,67,45,,,,
2013/10/14,19,112,65,47,,,,
2013/10/14,20,110,63,47,,,,
2013/10/14,21,60,45,15,,,,
2013/10/14,22,4,2,2,,,,
2013/10/14,23,5,3,2,,,,
2013/10/14,24,3,1,2,,,,
2013/10/15,01,3,3,0,,,,
2013/10/15,02,3,2,1,,,,
2013/10/15,03,3,1,2,,,,
2013/10/15,04,5,3,2,,,,
2013/10/15,05,2,2,0,,,,
2013/10/15,06,3,1,2,,,,
2013/10/15,07,6,4,2,,,,
2013/10/15,08,11,9,2,,,,
2013/10/15,09,63,55,8,,,,
2013/10/15,10,103,56,47,,,,
2013/10/15,11,104,59,45,,,,
2013/10/15,12,110,66,44,,,,
2013/10/15,13,110,66,44,,,,
2013/10/15,14,107,61,46,,,,
2013/10/15,15,111,63,48,,,,
2013/10/15,16,112,64,48,,,,
2013/10/15,17,109,63,46,,,,
2013/10/15,18,105,61,44,,,,
2013/10/15,19,104,63,41,,,,
2013/10/15,20,106,63,43,,,,
2013/10/15,21,29,17,12,,,,
2013/10/15,22,4,1,3,,,,
2013/10/15,23,5,4,1,,,,
2013/10/15,24,2,0,2,,,,
2013/10/16,01,3,1,2,,,,
2013/10/16,02,5,4,1,,,,
2013/10/16,03,3,1,2,,,,
2013/10/16,04,3,2,1,,,,
2013/10/16,05,6,4,2,,,,
2013/10/16,06,1,0,1,,,,
2013/10/16,07,4,3,1,,,,
2013/10/16,08,28,26,2,,,,
2013/10/16,09,63,58,5,,,,
2013/10/16,10,100,55,45,,,,
2013/10/16,11,105,60,45,,,,
2013/10/16,12,99,54,45,,,,
2013/10/16,13,106,63,43,,,,
2013/10/16,14,108,63,45,,,,
2013/10/16,15,110,65,45,,,,
2013/10/16,16,106,61,45,,,,
2013/10/16,17,105,60,45,,,,
2013/10/16,18,106,63,43,,,,
2013/10/16,19,105,61,44,,,,
2013/10/16,20,109,63,46,,,,
2013/10/16,21,31,23,8,,,,
2013/10/16,22,7,5,2,,,,
2013/10/16,23,3,1,2,,,,
2013/10/16,24,4,3,1,,,,
2013/10/17,01,3,3,0,,,,
2013/10/17,02,2,1,1,,,,
2013/10/17,03,4,2,2,,,,
2013/10/17,04,4,2,2,,,,
2013/10/17,05,4,2,2,,,,
2013/10/17,06,3,2,1,,,,
2013/10/17,07,3,2,1,,,,
2013/10/17,08,12,10,2,,,,
2013/10/17,09,51,44,7,,,,
2013/10/17,10,98,51,47,,,,
2013/10/17,11,102,56,46,,,,
2013/10/17,12,103,57,46,,,,
2013/10/17,13,102,59,43,,,,
2013/10/17,14,105,61,44,,,,
2013/10/17,15,99,57,42,,,,
2013/10/17,16,109,64,45,,,,
2013/10/17,17,104,61,43,,,,
2013/10/17,18,109,64,45,,,,
2013/10/17,19,104,61,43,,,,
2013/10/17,20,106,63,43,,,,
2013/10/17,21,26,15,11,,,,
2013/10/17,22,2,0,2,,,,
2013/10/17,23,4,3,1,,,,
2013/10/17,24,4,2,2,,,,
2013/10/18,01,3,2,1,,,,
2013/10/18,02,5,4,1,,,,
2013/10/18,03,3,1,2,,,,
2013/10/18,04,4,2,2,,,,
2013/10/18,05,4,2,2,,,,
2013/10/18,06,2,1,1,,,,
2013/10/18,07,3,2,1,,,,
2013/10/18,08,7,5,2,,,,
2013/10/18,09,51,44,7,,,,
2013/10/18,10,100,55,45,,,,
2013/10/18,11,99,56,43,,,,
2013/10/18,12,106,59,47,,,,
2013/10/18,13,107,61,46,,,,
2013/10/18,14,109,63,46,,,,
2013/10/18,15,103,58,45,,,,
2013/10/18,16,103,60,43,,,,
2013/10/18,17,112,67,45,,,,
2013/10/18,18,106,61,45,,,,
2013/10/18,19,111,64,47,,,,
2013/10/18,20,108,64,44,,,,
2013/10/18,21,30,18,12,,,,
2013/10/18,22,4,2,2,,,,
2013/10/18,23,5,4,1,,,,
2013/10/18,24,4,2,2,,,,
2013/10/19,01,2,0,2,,,,
2013/10/19,02,4,3,1,,,,
2013/10/19,03,3,2,1,,,,
2013/10/19,04,4,2,2,,,,
2013/10/19,05,3,1,2,,,,
2013/10/19,06,5,3,2,,,,
2013/10/19,07,4,2,2,,,,
2013/10/19,08,15,12,3,,,,
2013/10/19,09,49,44,5,,,,
2013/10/19,10,99,53,46,,,,
2013/10/19,11,101,56,45,,,,
2013/10/19,12,105,60,45,,,,
2013/10/19,13,109,62,47,,,,
2013/10/19,14,110,65,45,,,,
2013/10/19,15,112,67,45,,,,
2013/10/19,16,113,66,47,,,,
2013/10/19,17,111,64,47,,,,
2013/10/19,18,109,64,45,,,,
2013/10/19,19,109,63,46,,,,
2013/10/19,20,112,66,46,,,,
2013/10/19,21,35,21,14,,,,
2013/10/19,22,3,1,2,,,,
2013/10/19,23,5,4,1,,,,
2013/10/19,24,2,1,1,,,,
2013/10/20,01,2,1,1,,,,
2013/10/20,02,5,3,2,,,,
2013/10/20,03,4,3,1,,,,
2013/10/20,04,2,0,2,,,,
2013/10/20,05,5,3,2,,,,
2013/10/20,06,4,2,2,,,,
2013/10/20,07,4,2,2,,,,
2013/10/20,08,12,9,3,,,,
2013/10/20,09,12,9,3,,,,
2013/10/20,10,89,49,40,,,,
2013/10/20,11,113,66,47,,,,
2013/10/20,12,106,60,46,,,,
2013/10/20,13,105,61,44,,,,
2013/10/20,14,108,63,45,,,,
2013/10/20,15,107,62,45,,,,
2013/10/20,16,118,73,45,,,,
2013/10/20,17,111,66,45,,,,
2013/10/20,18,109,61,48,,,,
2013/10/20,19,113,66,47,,,,
2013/10/20,20,109,62,47,,,,
2013/10/20,21,41,31,10,,,,
2013/10/20,22,9,6,3,,,,
2013/10/20,23,1,0,1,,,,
2013/10/20,24,3,2,1,,,,
2013/10/21,01,5,4,1,,,,
2013/10/21,02,2,0,2,,,,
2013/10/21,03,4,3,1,,,,
2013/10/21,04,4,2,2,,,,
2013/10/21,05,3,2,1,,,,
2013/10/21,06,5,3,2,,,,
2013/10/21,07,2,0,2,,,,
2013/10/21,08,10,9,1,,,,
2013/10/21,09,53,47,6,,,,
2013/10/21,10,100,56,44,,,,
2013/10/21,11,99,54,45,,,,
2013/10/21,12,103,59,44,,,,
2013/10/21,13,106,62,44,,,,
2013/10/21,14,112,65,47,,,,
2013/10/21,15,108,62,46,,,,
2013/10/21,16,105,57,48,,,,
2013/10/21,17,108,63,45,,,,
2013/10/21,18,111,64,47,,,,
2013/10/21,19,106,61,45,,,,
2013/10/21,20,108,64,44,,,,
2013/10/21,21,30,20,10,,,,
2013/10/21,22,4,1,3,,,,
2013/10/21,23,3,2,1,,,,
2013/10/21,24,6,4,2,,,,
2013/10/22,01,4,1,3,,,,
2013/10/22,02,3,2,1,,,,
2013/10/22,03,3,2,1,,,,
2013/10/22,04,6,3,3,,,,
2013/10/22,05,2,1,1,,,,
2013/10/22,06,2,1,1,,,,
2013/10/22,07,5,3,2,,,,
2013/10/22,08,24,22,2,,,,
2013/10/22,09,54,46,8,,,,
2013/10/22,10,100,56,44,,,,
2013/10/22,11,103,60,43,,,,
2013/10/22,12,105,61,44,,,,
2013/10/22,13,107,60,47,,,,
2013/10/22,14,93,53,40,,,,
2013/10/22,15,107,61,46,,,,
2013/10/22,16,105,61,44,,,,
2013/10/22,17,114,69,45,,,,
2013/10/22,18,105,61,44,,,,
2013/10/22,19,109,65,44,,,,
2013/10/22,20,110,67,43,,,,
2013/10/22,21,38,21,17,,,,
2013/10/22,22,4,2,2,,,,
2013/10/22,23,3,1,2,,,,
2013/10/22,24,4,2,2,,,,
2013/10/23,01,3,2,1,,,,
2013/10/23,02,6,4,2,,,,
2013/10/23,03,3,1,2,,,,
2013/10/23,04,4,3,1,,,,
2013/10/23,05,1,1,0,,,,
2013/10/23,06,3,2,1,,,,
2013/10/23,07,3,2,1,,,,
2013/10/23,08,9,7,2,,,,
2013/10/23,09,55,50,5,,,,
2013/10/23,10,111,60,51,,,,
2013/10/23,11,101,57,44,,,,
2013/10/23,12,104,59,45,,,,
2013/10/23,13,108,63,45,,,,
2013/10/23,14,107,62,45,,,,
2013/10/23,15,111,63,48,,,,
2013/10/23,16,109,63,46,,,,
2013/10/23,17,111,65,46,,,,
2013/10/23,18,105,60,45,,,,
2013/10/23,19,107,61,46,,,,
2013/10/23,20,114,67,47,,,,
2013/10/23,21,44,27,17,,,,
2013/10/23,22,13,11,2,,,,
2013/10/23,23,3,2,1,,,,
2013/10/23,24,5,3,2,,,,
2013/10/24,01,2,1,1,,,,
2013/10/24,02,4,3,1,,,,
2013/10/24,03,2,1,1,,,,
2013/10/24,04,6,4,2,,,,
2013/10/24,05,2,1,1,,,,
2013/10/24,06,2,1,1,,,,
2013/10/24,07,5,3,2,,,,
2013/10/24,08,12,10,2,,,,
2013/10/24,09,54,51,3,,,,
2013/10/24,10,96,54,42,,,,
2013/10/24,11,101,55,46,,,,
2013/10/24,12,97,56,41,,,,
2013/10/24,13,107,63,44,,,,
2013/10/24,14,107,62,45,,,,
2013/10/24,15,111,61,50,,,,
2013/10/24,16,110,62,48,,,,
2013/10/24,17,108,64,44,,,,
2013/10/24,18,110,63,47,,,,
2013/10/24,19,114,69,45,,,,
2013/10/24,20,112,66,46,,,,
2013/10/24,21,24,15,9,,,,
2013/10/24,22,2,0,2,,,,
2013/10/24,23,5,4,1,,,,
2013/10/24,24,3,1,2,,,,
2013/10/25,01,3,2,1,,,,
2013/10/25,02,5,4,1,,,,
2013/10/25,03,1,0,1,,,,
2013/10/25,04,5,3,2,,,,
2013/10/25,05,3,2,1,,,,
2013/10/25,06,3,1,2,,,,
2013/10/25,07,5,3,2,,,,
2013/10/25,08,3,1,2,,,,
2013/10/25,09,56,49,7,,,,
2013/10/25,10,103,59,44,,,,
2013/10/25,11,98,56,42,,,,
2013/10/25,12,103,58,45,,,,
2013/10/25,13,111,66,45,,,,
2013/10/25,14,105,61,44,,,,
2013/10/25,15,106,60,46,,,,
2013/10/25,16,108,66,42,,,,
2013/10/25,17,109,67,42,,,,
2013/10/25,18,108,62,46,,,,
2013/10/25,19,114,68,46,,,,
2013/10/25,20,104,61,43,,,,
2013/10/25,21,50,32,18,,,,
2013/10/25,22,18,14,4,,,,
2013/10/25,23,5,4,1,,,,
2013/10/25,24,7,5,2,,,,
2013/10/26,01,6,4,2,,,,
2013/10/26,02,6,4,2,,,,
2013/10/26,03,6,5,1,,,,
2013/10/26,04,5,3,2,,,,
2013/10/26,05,7,5,2,,,,
2013/10/26,06,6,4,2,,,,
2013/10/26,07,3,3,0,,,,
2013/10/26,08,16,14,2,,,,
2013/10/26,09,52,44,8,,,,
2013/10/26,10,99,51,48,,,,
2013/10/26,11,102,57,45,,,,
2013/10/26,12,101,53,48,,,,
2013/10/26,13,105,60,45,,,,
2013/10/26,14,110,62,48,,,,
2013/10/26,15,111,65,46,,,,
2013/10/26,16,115,69,46,,,,
2013/10/26,17,102,57,45,,,,
2013/10/26,18,106,62,44,,,,
2013/10/26,19,106,61,45,,,,
2013/10/26,20,105,58,47,,,,
2013/10/26,21,34,19,15,,,,
2013/10/26,22,4,2,2,,,,
2013/10/26,23,4,3,1,,,,
2013/10/26,24,3,2,1,,,,
2013/10/27,01,4,2,2,,,,
2013/10/27,02,4,2,2,,,,
2013/10/27,03,3,3,0,,,,
2013/10/27,04,3,1,2,,,,
2013/10/27,05,3,1,2,,,,
2013/10/27,06,5,3,2,,,,
2013/10/27,07,2,1,1,,,,
2013/10/27,08,24,23,1,,,,
2013/10/27,09,41,38,3,,,,
2013/10/27,10,93,50,43,,,,
2013/10/27,11,97,53,44,,,,
2013/10/27,12,101,56,45,,,,
2013/10/27,13,104,57,47,,,,
2013/10/27,14,107,63,44,,,,
2013/10/27,15,110,65,45,,,,
2013/10/27,16,109,62,47,,,,
2013/10/27,17,106,62,44,,,,
2013/10/27,18,105,58,47,,,,
2013/10/27,19,104,59,45,,,,
2013/10/27,20,106,61,45,,,,
2013/10/27,21,31,17,14,,,,
2013/10/27,22,3,1,2,,,,
2013/10/27,23,3,2,1,,,,
2013/10/27,24,6,4,2,,,,
2013/10/28,01,1,0,1,,,,
2013/10/28,02,7,5,2,,,,
2013/10/28,03,2,0,2,,,,
2013/10/28,04,4,2,2,,,,
2013/10/28,05,4,3,1,,,,
2013/10/28,06,2,0,2,,,,
2013/10/28,07,4,3,1,,,,
2013/10/28,08,16,13,3,,,,
2013/10/28,09,40,34,6,,,,
2013/10/28,10,92,48,44,,,,
2013/10/28,11,96,52,44,,,,
2013/10/28,12,96,52,44,,,,
2013/10/28,13,99,56,43,,,,
2013/10/28,14,102,56,46,,,,
2013/10/28,15,103,58,45,,,,
2013/10/28,16,105,60,45,,,,
2013/10/28,17,109,60,49,,,,
2013/10/28,18,103,58,45,,,,
2013/10/28,19,106,60,46,,,,
2013/10/28,20,103,59,44,,,,
2013/10/28,21,20,13,7,,,,
2013/10/28,22,4,3,1,,,,
2013/10/28,23,3,2,1,,,,
2013/10/28,24,2,1,1,,,,
2013/10/29,01,4,3,1,,,,
2013/10/29,02,2,1,1,,,,
2013/10/29,03,3,3,0,,,,
2013/10/29,04,3,2,1,,,,
2013/10/29,05,3,1,2,,,,
2013/10/29,06,6,4,2,,,,
2013/10/29,07,2,1,1,,,,
2013/10/29,08,8,6,2,,,,
2013/10/29,09,41,35,6,,,,
2013/10/29,10,97,52,45,,,,
2013/10/29,11,92,47,45,,,,
2013/10/29,12,96,53,43,,,,
2013/10/29,13,106,58,48,,,,
2013/10/29,14,100,57,43,,,,
2013/10/29,15,100,53,47,,,,
2013/10/29,16,102,56,46,,,,
2013/10/29,17,104,57,47,,,,
2013/10/29,18,102,58,44,,,,
2013/10/29,19,105,59,46,,,,
2013/10/29,20,101,55,46,,,,
2013/10/29,21,27,16,11,,,,
2013/10/29,22,3,2,1,,,,
2013/10/29,23,5,3,2,,,,
2013/10/29,24,1,0,1,,,,
2013/10/30,01,5,4,1,,,,
2013/10/30,02,2,2,0,,,,
2013/10/30,03,2,2,0,,,,
2013/10/30,04,3,2,1,,,,
2013/10/30,05,2,2,0,,,,
2013/10/30,06,2,1,1,,,,
2013/10/30,07,5,3,2,,,,
2013/10/30,08,3,3,0,,,,
2013/10/30,09,52,44,8,,,,
2013/10/30,10,97,52,45,,,,
2013/10/30,11,98,53,45,,,,
2013/10/30,12,98,53,45,,,,
2013/10/30,13,107,62,45,,,,
2013/10/30,14,107,64,43,,,,
2013/10/30,15,104,60,44,,,,
2013/10/30,16,97,53,44,,,,
2013/10/30,17,106,62,44,,,,
2013/10/30,18,108,63,45,,,,
2013/10/30,19,103,58,45,,,,
2013/10/30,20,102,57,45,,,,
2013/10/30,21,48,27,21,,,,
2013/10/30,22,2,1,1,,,,
2013/10/30,23,2,1,1,,,,
2013/10/30,24,3,3,0,,,,
2013/10/31,01,3,1,2,,,,
2013/10/31,02,7,5,2,,,,
2013/10/31,03,2,1,1,,,,
2013/10/31,04,4,2,2,,,,
2013/10/31,05,4,2,2,,,,
2013/10/31,06,3,1,2,,,,
2013/10/31,07,2,2,0,,,,
2013/10/31,08,9,7,2,,,,
2013/10/31,09,44,36,8,,,,
2013/10/31,10,93,49,44,,,,
2013/10/31,11,104,57,47,,,,
2013/10/31,12,103,58,45,,,,
2013/10/31,13,100,59,41,,,,
2013/10/31,14,107,61,46,,,,
2013/10/31,15,103,59,44,,,,
2013/10/31,16,101,59,42,,,,
2013/10/31,17,104,60,44,,,,
2013/10/31,18,105,59,46,,,,
2013/10/31,19,102,59,43,,,,
2013/10/31,20,103,60,43,,,,
2013/10/31,21,32,21,11,,,,
2013/10/31,22,2,0,2,,,,
2013/10/31,23,4,3,1,,,,
2013/10/31,24,3,3,0,,,,
2013/11/01,01,2,1,1,,,,
2013/11/01,02,6,4,2,,,,
2013/11/01,03,2,1,1,,,,
2013/11/01,04,3,2,1,,,,
2013/11/01,05,3,2,1,,,,
2013/11/01,06,2,1,1,,,,
2013/11/01,07,3,2,1,,,,
2013/11/01,08,16,14,2,,,,
2013/11/01,09,46,41,5,,,,
2013/11/01,10,96,49,47,,,,
2013/11/01,11,98,54,44,,,,
2013/11/01,12,98,53,45,,,,
2013/11/01,13,103,57,46,,,,
2013/11/01,14,103,58,45,,,,
2013/11/01,15,107,62,45,,,,
2013/11/01,16,102,55,47,,,,
2013/11/01,17,104,60,44,,,,
2013/11/01,18,105,61,44,,,,
2013/11/01,19,107,60,47,,,,
2013/11/01,20,102,60,42,,,,
2013/11/01,21,65,45,20,,,,
2013/11/01,22,18,16,2,,,,
2013/11/01,23,2,1,1,,,,
2013/11/01,24,5,3,2,,,,
2013/11/02,01,2,2,0,,,,
2013/11/02,02,5,3,2,,,,
2013/11/02,03,2,0,2,,,,
2013/11/02,04,3,2,1,,,,
2013/11/02,05,5,3,2,,,,
2013/11/02,06,4,2,2,,,,
2013/11/02,07,3,2,1,,,,
2013/11/02,08,7,5,2,,,,
2013/11/02,09,46,39,7,,,,
2013/11/02,10,93,50,43,,,,
2013/11/02,11,95,49,46,,,,
2013/11/02,12,97,53,44,,,,
2013/11/02,13,98,56,42,,,,
2013/11/02,14,105,61,44,,,,
2013/11/02,15,108,60,48,,,,
2013/11/02,16,107,61,46,,,,
2013/11/02,17,109,63,46,,,,
2013/11/02,18,108,61,47,,,,
2013/11/02,19,104,59,45,,,,
2013/11/02,20,104,58,46,,,,
2013/11/02,21,22,14,8,,,,
2013/11/02,22,3,1,2,,,,
2013/11/02,23,2,2,0,,,,
2013/11/02,24,4,3,1,,,,
2013/11/03,01,2,0,2,,,,
2013/11/03,02,5,4,1,,,,
2013/11/03,03,2,1,1,,,,
2013/11/03,04,2,1,1,,,,
2013/11/03,05,4,3,1,,,,
2013/11/03,06,4,3,1,,,,
2013/11/03,07,3,1,2,,,,
2013/11/03,08,20,18,2,,,,
2013/11/03,09,47,42,5,,,,
2013/11/03,10,98,51,47,,,,
2013/11/03,11,100,55,45,,,,
2013/11/03,12,101,55,46,,,,
2013/11/03,13,104,61,43,,,,
2013/11/03,14,110,62,48,,,,
2013/11/03,15,111,65,46,,,,
2013/11/03,16,106,63,43,,,,
2013/11/03,17,105,60,45,,,,
2013/11/03,18,107,64,43,,,,
2013/11/03,19,106,60,46,,,,
2013/11/03,20,108,63,45,,,,
2013/11/03,21,47,27,20,,,,
2013/11/03,22,4,2,2,,,,
2013/11/03,23,2,2,0,,,,
2013/11/03,24,3,1,2,,,,
2013/11/04,01,5,3,2,,,,
2013/11/04,02,3,2,1,,,,
2013/11/04,03,3,1,2,,,,
2013/11/04,04,3,3,0,,,,
2013/11/04,05,3,2,1,,,,
2013/11/04,06,5,3,2,,,,
2013/11/04,07,3,1,2,,,,
2013/11/04,08,8,8,0,,,,
2013/11/04,09,42,36,6,,,,
2013/11/04,10,98,53,45,,,,
2013/11/04,11,100,54,46,,,,
2013/11/04,12,103,58,45,,,,
2013/11/04,13,106,61,45,,,,
2013/11/04,14,102,57,45,,,,
2013/11/04,15,104,58,46,,,,
2013/11/04,16,105,61,44,,,,
2013/11/04,17,108,61,47,,,,
2013/11/04,18,115,70,45,,,,
2013/11/04,19,103,58,45,,,,
2013/11/04,20,104,59,45,,,,
2013/11/04,21,30,20,10,,,,
2013/11/04,22,2,1,1,,,,
2013/11/04,23,2,2,0,,,,
2013/11/04,24,3,2,1,,,,
2013/11/05,01,2,1,1,,,,
2013/11/05,02,6,4,2,,,,
2013/11/05,03,2,1,1,,,,
2013/11/05,04,4,3,1,,,,
2013/11/05,05,4,3,1,,,,
2013/11/05,06,4,2,2,,,,
2013/11/05,07,1,1,0,,,,
2013/11/05,08,7,6,1,,,,
2013/11/05,09,31,27,4,,,,
2013/11/05,10,97,51,46,,,,
2013/11/05,11,95,55,40,,,,
2013/11/05,12,98,55,43,,,,
2013/11/05,13,99,56,43,,,,
2013/11/05,14,103,55,48,,,,
2013/11/05,15,106,60,46,,,,
2013/11/05,16,106,57,49,,,,
2013/11/05,17,102,60,42,,,,
2013/11/05,18,111,65,46,,,,
2013/11/05,19,103,58,45,,,,
2013/11/05,20,102,56,46,,,,
2013/11/05,21,20,14,6,,,,
2013/11/05,22,2,2,0,,,,
2013/11/05,23,1,0,1,,,,
2013/11/05,24,5,4,1,,,,
2013/11/06,01,3,1,2,,,,
2013/11/06,02,5,3,2,,,,
2013/11/06,03,1,1,0,,,,
2013/11/06,04,3,1,2,,,,
2013/11/06,05,4,3,1,,,,
2013/11/06,06,3,2,1,,,,
2013/11/06,07,4,2,2,,,,
2013/11/06,08,9,7,2,,,,
2013/11/06,09,32,26,6,,,,
2013/11/06,10,93,48,45,,,,
2013/11/06,11,97,50,47,,,,
2013/11/06,12,96,53,43,,,,
2013/11/06,13,98,55,43,,,,
2013/11/06,14,97,54,43,,,,
2013/11/06,15,98,54,44,,,,
2013/11/06,16,100,56,44,,,,
2013/11/06,17,107,60,47,,,,
2013/11/06,18,104,58,46,,,,
2013/11/06,19,109,64,45,,,,
2013/11/06,20,107,60,47,,,,
2013/11/06,21,20,12,8,,,,
2013/11/06,22,2,1,1,,,,
2013/11/06,23,5,3,2,,,,
2013/11/06,24,3,2,1,,,,
2013/11/07,01,4,3,1,,,,
2013/11/07,02,3,1,2,,,,
2013/11/07,03,5,3,2,,,,
2013/11/07,04,2,1,1,,,,
2013/11/07,05,3,2,1,,,,
2013/11/07,06,3,2,1,,,,
2013/11/07,07,4,2,2,,,,
2013/11/07,08,11,10,1,,,,
2013/11/07,09,33,26,7,,,,
2013/11/07,10,99,53,46,,,,
2013/11/07,11,96,52,44,,,,
2013/11/07,12,101,55,46,,,,
2013/11/07,13,97,54,43,,,,
2013/11/07,14,103,53,50,,,,
2013/11/07,15,102,57,45,,,,
2013/11/07,16,104,57,47,,,,
2013/11/07,17,102,57,45,,,,
2013/11/07,18,104,59,45,,,,
2013/11/07,19,107,61,46,,,,
2013/11/07,20,99,54,45,,,,
2013/11/07,21,32,20,12,,,,
2013/11/07,22,2,1,1,,,,
2013/11/07,23,6,4,2,,,,
2013/11/07,24,3,1,2,,,,
2013/11/08,01,3,2,1,,,,
2013/11/08,02,5,3,2,,,,
2013/11/08,03,2,1,1,,,,
2013/11/08,04,4,3,1,,,,
2013/11/08,05,1,1,0,,,,
2013/11/08,06,4,2,2,,,,
2013/11/08,07,4,2,2,,,,
2013/11/08,08,5,4,1,,,,
2013/11/08,09,34,28,6,,,,
2013/11/08,10,95,49,46,,,,
2013/11/08,11,103,56,47,,,,
2013/11/08,12,99,52,47,,,,
2013/11/08,13,98,55,43,,,,
2013/11/08,14,105,58,47,,,,
2013/11/08,15,102,58,44,,,,
2013/11/08,16,106,60,46,,,,
2013/11/08,17,102,58,44,,,,
2013/11/08,18,105,62,43,,,,
2013/11/08,19,100,55,45,,,,
2013/11/08,20,104,57,47,,,,
2013/11/08,21,43,25,18,,,,
2013/11/08,22,3,2,1,,,,
2013/11/08,23,5,4,1,,,,
2013/11/08,24,2,1,1,,,,
2013/11/09,01,4,3,1,,,,
2013/11/09,02,4,2,2,,,,
2013/11/09,03,1,0,1,,,,
2013/11/09,04,7,5,2,,,,
2013/11/09,05,1,0,1,,,,
2013/11/09,06,4,2,2,,,,
2013/11/09,07,3,3,0,,,,
2013/11/09,08,11,9,2,,,,
2013/11/09,09,48,35,13,,,,
2013/11/09,10,95,50,45,,,,
2013/11/09,11,98,52,46,,,,
2013/11/09,12,103,54,49,,,,
2013/11/09,13,103,59,44,,,,
2013/11/09,14,103,57,46,,,,
2013/11/09,15,103,57,46,,,,
2013/11/09,16,106,61,45,,,,
2013/11/09,17,108,59,49,,,,
2013/11/09,18,108,62,46,,,,
2013/11/09,19,103,58,45,,,,
2013/11/09,20,98,56,42,,,,
2013/11/09,21,34,19,15,,,,
2013/11/09,22,6,4,2,,,,
2013/11/09,23,3,1,2,,,,
2013/11/09,24,2,2,0,,,,
2013/11/10,01,4,2,2,,,,
2013/11/10,02,4,2,2,,,,
2013/11/10,03,3,2,1,,,,
2013/11/10,04,2,1,1,,,,
2013/11/10,05,2,2,0,,,,
2013/11/10,06,4,3,1,,,,
2013/11/10,07,4,3,1,,,,
2013/11/10,08,14,11,3,,,,
2013/11/10,09,26,23,3,,,,
2013/11/10,10,101,53,48,,,,
2013/11/10,11,98,51,47,,,,
2013/11/10,12,101,54,47,,,,
2013/11/10,13,107,60,47,,,,
2013/11/10,14,105,62,43,,,,
2013/11/10,15,108,60,48,,,,
2013/11/10,16,105,58,47,,,,
2013/11/10,17,108,60,48,,,,
2013/11/10,18,112,64,48,,,,
2013/11/10,19,101,56,45,,,,
2013/11/10,20,103,58,45,,,,
2013/11/10,21,30,19,11,,,,
2013/11/10,22,8,6,2,,,,
2013/11/10,23,2,1,1,,,,
2013/11/10,24,5,4,1,,,,
2013/11/11,01,3,1,2,,,,
2013/11/11,02,2,1,1,,,,
2013/11/11,03,5,3,2,,,,
2013/11/11,04,3,2,1,,,,
2013/11/11,05,3,2,1,,,,
2013/11/11,06,3,2,1,,,,
2013/11/11,07,4,2,2,,,,
2013/11/11,08,9,7,2,,,,
2013/11/11,09,27,20,7,,,,
2013/11/11,10,94,50,44,,,,
2013/11/11,11,97,52,45,,,,
2013/11/11,12,95,51,44,,,,
2013/11/11,13,100,53,47,,,,
2013/11/11,14,95,52,43,,,,
2013/11/11,15,105,58,47,,,,
2013/11/11,16,98,51,47,,,,
2013/11/11,17,95,48,47,,,,
2013/11/11,18,99,51,48,,,,
2013/11/11,19,99,52,47,,,,
2013/11/11,20,102,53,49,,,,
2013/11/11,21,26,15,11,,,,
2013/11/11,22,4,2,2,,,,
2013/11/11,23,3,2,1,,,,
2013/11/11,24,4,2,2,,,,
2013/11/12,01,3,2,1,,,,
2013/11/12,02,5,3,2,,,,
2013/11/12,03,3,2,1,,,,
2013/11/12,04,3,1,2,,,,
2013/11/12,05,4,2,2,,,,
2013/11/12,06,4,2,2,,,,
2013/11/12,07,4,2,2,,,,
2013/11/12,08,7,6,1,,,,
2013/11/12,09,25,18,7,,,,
2013/11/12,10,92,46,46,,,,
2013/11/12,11,90,45,45,,,,
2013/11/12,12,92,45,47,,,,
2013/11/12,13,99,50,49,,,,
2013/11/12,14,93,47,46,,,,
2013/11/12,15,91,45,46,,,,
2013/11/12,16,97,50,47,,,,
2013/11/12,17,94,49,45,,,,
2013/11/12,18,97,49,48,,,,
2013/11/12,19,96,49,47,,,,
2013/11/12,20,97,51,46,,,,
2013/11/12,21,26,16,10,,,,
2013/11/12,22,4,3,1,,,,
2013/11/12,23,1,1,0,,,,
2013/11/12,24,4,3,1,,,,
2013/11/13,01,4,2,2,,,,
2013/11/13,02,3,1,2,,,,
2013/11/13,03,5,4,1,,,,
2013/11/13,04,2,1,1,,,,
2013/11/13,05,4,2,2,,,,
2013/11/13,06,3,2,1,,,,
2013/11/13,07,3,2,1,,,,
2013/11/13,08,8,6,2,,,,
2013/11/13,09,28,21,7,,,,
2013/11/13,10,90,45,45,,,,
2013/11/13,11,87,46,41,,,,
2013/11/13,12,90,46,44,,,,
2013/11/13,13,96,48,48,,,,
2013/11/13,14,94,47,47,,,,
2013/11/13,15,90,48,42,,,,
2013/11/13,16,98,50,48,,,,
2013/11/13,17,99,52,47,,,,
2013/11/13,18,98,51,47,,,,
2013/11/13,19,95,50,45,,,,
2013/11/13,20,99,53,46,,,,
2013/11/13,21,24,17,7,,,,
2013/11/13,22,2,1,1,,,,
2013/11/13,23,5,3,2,,,,
2013/11/13,24,2,1,1,,,,
2013/11/14,01,2,2,0,,,,
2013/11/14,02,4,2,2,,,,
2013/11/14,03,4,2,2,,,,
2013/11/14,04,3,2,1,,,,
2013/11/14,05,3,2,1,,,,
2013/11/14,06,3,2,1,,,,
2013/11/14,07,4,2,2,,,,
2013/11/14,08,4,3,1,,,,
2013/11/14,09,14,10,4,,,,
2013/11/14,10,85,41,44,,,,
2013/11/14,11,94,51,43,,,,
2013/11/14,12,92,46,46,,,,
2013/11/14,13,93,46,47,,,,
2013/11/14,14,96,47,49,,,,
2013/11/14,15,97,50,47,,,,
2013/11/14,16,94,48,46,,,,
2013/11/14,17,97,51,46,,,,
2013/11/14,18,93,48,45,,,,
2013/11/14,19,92,48,44,,,,
2013/11/14,20,100,52,48,,,,
2013/11/14,21,17,11,6,,,,
2013/11/14,22,4,2,2,,,,
2013/11/14,23,4,3,1,,,,
2013/11/14,24,4,3,1,,,,
2013/11/15,01,2,1,1,,,,
2013/11/15,02,5,3,2,,,,
2013/11/15,03,2,1,1,,,,
2013/11/15,04,3,1,2,,,,
2013/11/15,05,5,3,2,,,,
2013/11/15,06,2,1,1,,,,
2013/11/15,07,4,3,1,,,,
2013/11/15,08,8,5,3,,,,
2013/11/15,09,29,22,7,,,,
2013/11/15,10,95,48,47,,,,
2013/11/15,11,91,46,45,,,,
2013/11/15,12,94,48,46,,,,
2013/11/15,13,97,50,47,,,,
2013/11/15,14,96,50,46,,,,
2013/11/15,15,96,51,45,,,,
2013/11/15,16,97,52,45,,,,
2013/11/15,17,96,48,48,,,,
2013/11/15,18,94,49,45,,,,
2013/11/15,19,99,52,47,,,,
2013/11/15,20,97,50,47,,,,
2013/11/15,21,52,28,24,,,,
2013/11/15,22,4,3,1,,,,
2013/11/15,23,4,2,2,,,,
2013/11/15,24,4,2,2,,,,
2013/11/16,01,2,2,0,,,,
2013/11/16,02,3,1,2,,,,
2013/11/16,03,3,2,1,,,,
2013/11/16,04,2,2,0,,,,
2013/11/16,05,5,3,2,,,,
2013/11/16,06,5,3,2,,,,
2013/11/16,07,2,1,1,,,,
2013/11/16,08,4,4,0,,,,
2013/11/16,09,25,18,7,,,,
2013/11/16,10,91,45,46,,,,
2013/11/16,11,94,48,46,,,,
2013/11/16,12,96,49,47,,,,
2013/11/16,13,97,52,45,,,,
2013/11/16,14,98,53,45,,,,
2013/11/16,15,102,53,49,,,,
2013/11/16,16,101,54,47,,,,
2013/11/16,17,97,51,46,,,,
2013/11/16,18,103,55,48,,,,
2013/11/16,19,94,51,43,,,,
2013/11/16,20,99,51,48,,,,
2013/11/16,21,59,32,27,,,,
2013/11/16,22,4,3,1,,,,
2013/11/16,23,2,1,1,,,,
2013/11/16,24,5,3,2,,,,
2013/11/17,01,3,1,2,,,,
2013/11/17,02,2,1,1,,,,
2013/11/17,03,6,5,1,,,,
2013/11/17,04,3,1,2,,,,
2013/11/17,05,3,3,0,,,,
2013/11/17,06,3,1,2,,,,
2013/11/17,07,3,1,2,,,,
2013/11/17,08,9,7,2,,,,
2013/11/17,09,25,20,5,,,,
2013/11/17,10,94,48,46,,,,
2013/11/17,11,94,47,47,,,,
2013/11/17,12,97,50,47,,,,
2013/11/17,13,100,53,47,,,,
2013/11/17,14,99,52,47,,,,
2013/11/17,15,100,54,46,,,,
2013/11/17,16,103,53,50,,,,
2013/11/17,17,104,56,48,,,,
2013/11/17,18,104,58,46,,,,
2013/11/17,19,99,54,45,,,,
2013/11/17,20,101,53,48,,,,
2013/11/17,21,63,34,29,,,,
2013/11/17,22,5,3,2,,,,
2013/11/17,23,5,4,1,,,,
2013/11/17,24,4,2,2,,,,
2013/11/18,01,1,1,0,,,,
2013/11/18,02,5,4,1,,,,
2013/11/18,03,2,0,2,,,,
2013/11/18,04,4,3,1,,,,
2013/11/18,05,4,2,2,,,,
2013/11/18,06,1,0,1,,,,
2013/11/18,07,6,5,1,,,,
2013/11/18,08,2,2,0,,,,
2013/11/18,09,25,21,4,,,,
2013/11/18,10,94,46,48,,,,
2013/11/18,11,96,49,47,,,,
2013/11/18,12,94,46,48,,,,
2013/11/18,13,95,50,45,,,,
2013/11/18,14,96,51,45,,,,
2013/11/18,15,96,51,45,,,,
2013/11/18,16,96,52,44,,,,
2013/11/18,17,99,53,46,,,,
2013/11/18,18,99,54,45,,,,
2013/11/18,19,99,51,48,,,,
2013/11/18,20,99,53,46,,,,
2013/11/18,21,24,16,8,,,,
2013/11/18,22,4,3,1,,,,
2013/11/18,23,5,3,2,,,,
2013/11/18,24,2,0,2,,,,
2013/11/19,01,6,5,1,,,,
2013/11/19,02,2,0,2,,,,
2013/11/19,03,4,3,1,,,,
2013/11/19,04,2,2,0,,,,
2013/11/19,05,3,1,2,,,,
2013/11/19,06,4,3,1,,,,
2013/11/19,07,4,2,2,,,,
2013/11/19,08,8,7,1,,,,
2013/11/19,09,24,20,4,,,,
2013/11/19,10,94,47,47,,,,
2013/11/19,11,92,44,48,,,,
2013/11/19,12,98,49,49,,,,
2013/11/19,13,92,46,46,,,,
2013/11/19,14,92,49,43,,,,
2013/11/19,15,89,48,41,,,,
2013/11/19,16,91,47,44,,,,
2013/11/19,17,97,51,46,,,,
2013/11/19,18,95,50,45,,,,
2013/11/19,19,95,50,45,,,,
2013/11/19,20,94,50,44,,,,
2013/11/19,21,84,42,42,,,,
2013/11/19,22,83,43,40,,,,
2013/11/19,23,79,39,40,,,,
2013/11/19,24,84,41,43,,,,
2013/11/20,01,79,41,38,,,,
2013/11/20,02,82,41,41,,,,
2013/11/20,03,81,40,41,,,,
2013/11/20,04,24,12,12,,,,
2013/11/20,05,2,1,1,,,,
2013/11/20,06,5,4,1,,,,
2013/11/20,07,3,2,1,,,,
2013/11/20,08,7,7,0,,,,
2013/11/20,09,83,49,34,,,,
2013/11/20,10,93,49,44,,,,
2013/11/20,11,94,48,46,,,,
2013/11/20,12,93,47,46,,,,
2013/11/20,13,90,46,44,,,,
2013/11/20,14,103,54,49,,,,
2013/11/20,15,91,48,43,,,,
2013/11/20,16,99,52,47,,,,
2013/11/20,17,98,52,46,,,,
2013/11/20,18,97,52,45,,,,
2013/11/20,19,99,54,45,,,,
2013/11/20,20,94,50,44,,,,
2013/11/20,21,37,20,17,,,,
2013/11/20,22,6,5,1,,,,
2013/11/20,23,4,2,2,,,,
2013/11/20,24,4,2,2,,,,
2013/11/21,01,4,3,1,,,,
2013/11/21,02,3,1,2,,,,
2013/11/21,03,4,3,1,,,,
2013/11/21,04,3,1,2,,,,
2013/11/21,05,3,1,2,,,,
2013/11/21,06,6,4,2,,,,
2013/11/21,07,3,1,2,,,,
2013/11/21,08,6,4,2,,,,
2013/11/21,09,26,19,7,,,,
2013/11/21,10,94,46,48,,,,
2013/11/21,11,94,44,50,,,,
2013/11/21,12,87,44,43,,,,
2013/11/21,13,90,48,42,,,,
2013/11/21,14,94,47,47,,,,
2013/11/21,15,96,48,48,,,,
2013/11/21,16,93,49,44,,,,
2013/11/21,17,92,48,44,,,,
2013/11/21,18,96,50,46,,,,
2013/11/21,19,96,49,47,,,,
2013/11/21,20,91,49,42,,,,
2013/11/21,21,26,17,9,,,,
2013/11/21,22,11,7,4,,,,
2013/11/21,23,2,1,1,,,,
2013/11/21,24,6,5,1,,,,
2013/11/22,01,3,1,2,,,,
2013/11/22,02,4,3,1,,,,
2013/11/22,03,3,1,2,,,,
2013/11/22,04,2,1,1,,,,
2013/11/22,05,6,4,2,,,,
2013/11/22,06,2,0,2,,,,
2013/11/22,07,2,2,0,,,,
2013/11/22,08,8,5,3,,,,
2013/11/22,09,21,18,3,,,,
2013/11/22,10,91,44,47,,,,
2013/11/22,11,90,46,44,,,,
2013/11/22,12,90,45,45,,,,
2013/11/22,13,96,48,48,,,,
2013/11/22,14,92,48,44,,,,
2013/11/22,15,95,48,47,,,,
2013/11/22,16,98,51,47,,,,
2013/11/22,17,98,52,46,,,,
2013/11/22,18,96,50,46,,,,
2013/11/22,19,100,51,49,,,,
2013/11/22,20,93,49,44,,,,
2013/11/22,21,41,22,19,,,,
2013/11/22,22,4,2,2,,,,
2013/11/22,23,4,4,0,,,,
2013/11/22,24,1,0,1,,,,
2013/11/23,01,5,3,2,,,,
2013/11/23,02,4,2,2,,,,
2013/11/23,03,3,2,1,,,,
2013/11/23,04,4,3,1,,,,
2013/11/23,05,2,0,2,,,,
2013/11/23,06,5,3,2,,,,
2013/11/23,07,3,2,1,,,,
2013/11/23,08,10,9,1,,,,
2013/11/23,09,26,19,7,,,,
2013/11/23,10,92,48,44,,,,
2013/11/23,11,87,43,44,,,,
2013/11/23,12,91,47,44,,,,
2013/11/23,13,98,51,47,,,,
2013/11/23,14,92,50,42,,,,
2013/11/23,15,98,52,46,,,,
2013/11/23,16,100,57,43,,,,
2013/11/23,17,103,56,47,,,,
2013/11/23,18,101,55,46,,,,
2013/11/23,19,98,53,45,,,,
2013/11/23,20,105,62,43,,,,
2013/11/23,21,57,30,27,,,,
2013/11/23,22,7,5,2,,,,
2013/11/23,23,4,2,2,,,,
2013/11/23,24,3,2,1,,,,
2013/11/24,01,4,2,2,,,,
2013/11/24,02,3,1,2,,,,
2013/11/24,03,5,3,2,,,,
2013/11/24,04,3,2,1,,,,
2013/11/24,05,5,3,2,,,,
2013/11/24,06,1,1,0,,,,
2013/11/24,07,4,2,2,,,,
2013/11/24,08,6,5,1,,,,
2013/11/24,09,28,20,8,,,,
2013/11/24,10,94,46,48,,,,
2013/11/24,11,89,46,43,,,,
2013/11/24,12,93,48,45,,,,
2013/11/24,13,97,52,45,,,,
2013/11/24,14,101,55,46,,,,
2013/11/24,15,101,53,48,,,,
2013/11/24,16,105,58,47,,,,
2013/11/24,17,99,52,47,,,,
2013/11/24,18,102,55,47,,,,
2013/11/24,19,99,52,47,,,,
2013/11/24,20,94,51,43,,,,
2013/11/24,21,41,24,17,,,,
2013/11/24,22,1,0,1,,,,
2013/11/24,23,2,2,0,,,,
2013/11/24,24,5,3,2,,,,
2013/11/25,01,3,1,2,,,,
2013/11/25,02,6,5,1,,,,
2013/11/25,03,1,0,1,,,,
2013/11/25,04,2,1,1,,,,
2013/11/25,05,6,4,2,,,,
2013/11/25,06,3,1,2,,,,
2013/11/25,07,2,1,1,,,,
2013/11/25,08,7,5,2,,,,
2013/11/25,09,26,19,7,,,,
2013/11/25,10,92,49,43,,,,
2013/11/25,11,91,45,46,,,,
2013/11/25,12,93,47,46,,,,
2013/11/25,13,97,50,47,,,,
2013/11/25,14,90,46,44,,,,
2013/11/25,15,97,48,49,,,,
2013/11/25,16,95,49,46,,,,
2013/11/25,17,96,51,45,,,,
2013/11/25,18,94,50,44,,,,
2013/11/25,19,96,51,45,,,,
2013/11/25,20,96,51,45,,,,
2013/11/25,21,27,18,9,,,,
2013/11/25,22,6,4,2,,,,
2013/11/25,23,1,1,0,,,,
2013/11/25,24,3,2,1,,,,
2013/11/26,01,4,3,1,,,,
2013/11/26,02,3,1,2,,,,
2013/11/26,03,2,2,0,,,,
2013/11/26,04,4,2,2,,,,
2013/11/26,05,3,2,1,,,,
2013/11/26,06,4,3,1,,,,
2013/11/26,07,3,1,2,,,,
2013/11/26,08,9,7,2,,,,
2013/11/26,09,17,14,3,,,,
2013/11/26,10,94,48,46,,,,
2013/11/26,11,88,43,45,,,,
2013/11/26,12,94,46,48,,,,
2013/11/26,13,93,47,46,,,,
2013/11/26,14,91,46,45,,,,
2013/11/26,15,94,47,47,,,,
2013/11/26,16,91,46,45,,,,
2013/11/26,17,100,50,50,,,,
2013/11/26,18,91,47,44,,,,
2013/11/26,19,90,48,42,,,,
2013/11/26,20,93,47,46,,,,
2013/11/26,21,22,15,7,,,,
2013/11/26,22,2,1,1,,,,
2013/11/26,23,5,3,2,,,,
2013/11/26,24,3,1,2,,,,
2013/11/27,01,2,2,0,,,,
2013/11/27,02,5,3,2,,,,
2013/11/27,03,2,0,2,,,,
2013/11/27,04,3,3,0,,,,
2013/11/27,05,3,2,1,,,,
2013/11/27,06,4,2,2,,,,
2013/11/27,07,5,4,1,,,,
2013/11/27,08,6,3,3,,,,
2013/11/27,09,23,17,6,,,,
2013/11/27,10,89,43,46,,,,
2013/11/27,11,94,46,48,,,,
2013/11/27,12,89,44,45,,,,
2013/11/27,13,93,45,48,,,,
2013/11/27,14,93,45,48,,,,
2013/11/27,15,93,47,46,,,,
2013/11/27,16,95,47,48,,,,
2013/11/27,17,92,47,45,,,,
2013/11/27,18,96,48,48,,,,
2013/11/27,19,95,49,46,,,,
2013/11/27,20,96,47,49,,,,
2013/11/27,21,23,15,8,,,,
2013/11/27,22,4,2,2,,,,
2013/11/27,23,2,2,0,,,,
2013/11/27,24,4,3,1,,,,
2013/11/28,01,3,1,2,,,,
2013/11/28,02,2,2,0,,,,
2013/11/28,03,4,3,1,,,,
2013/11/28,04,3,1,2,,,,
2013/11/28,05,4,3,1,,,,
2013/11/28,06,3,1,2,,,,
2013/11/28,07,5,3,2,,,,
2013/11/28,08,6,4,2,,,,
2013/11/28,09,24,17,7,,,,
2013/11/28,10,88,44,44,,,,
2013/11/28,11,92,45,47,,,,
2013/11/28,12,90,44,46,,,,
2013/11/28,13,92,45,47,,,,
2013/11/28,14,90,44,46,,,,
2013/11/28,15,91,45,46,,,,
2013/11/28,16,93,46,47,,,,
2013/11/28,17,90,45,45,,,,
2013/11/28,18,97,50,47,,,,
2013/11/28,19,92,47,45,,,,
2013/11/28,20,92,47,45,,,,
2013/11/28,21,24,15,9,,,,
2013/11/28,22,3,2,1,,,,
2013/11/28,23,3,2,1,,,,
2013/11/28,24,3,2,1,,,,
2013/11/29,01,3,2,1,,,,
2013/11/29,02,3,2,1,,,,
2013/11/29,03,3,2,1,,,,
2013/11/29,04,3,2,1,,,,
2013/11/29,05,3,2,1,,,,
2013/11/29,06,4,2,2,,,,
2013/11/29,07,3,2,1,,,,
2013/11/29,08,7,6,1,,,,
2013/11/29,09,20,14,6,,,,
2013/11/29,10,95,46,49,,,,
2013/11/29,11,91,43,48,,,,
2013/11/29,12,93,45,48,,,,
2013/11/29,13,94,45,49,,,,
2013/11/29,14,90,45,45,,,,
2013/11/29,15,94,48,46,,,,
2013/11/29,16,91,45,46,,,,
2013/11/29,17,93,48,45,,,,
2013/11/29,18,92,48,44,,,,
2013/11/29,19,95,49,46,,,,
2013/11/29,20,93,49,44,,,,
2013/11/29,21,90,47,43,,,,
2013/11/29,22,13,9,4,,,,
2013/11/29,23,8,6,2,,,,
2013/11/29,24,3,1,2,,,,
2013/11/30,01,3,2,1,,,,
2013/11/30,02,4,3,1,,,,
2013/11/30,03,1,0,1,,,,
2013/11/30,04,6,4,2,,,,
2013/11/30,05,1,1,0,,,,
2013/11/30,06,3,2,1,,,,
2013/11/30,07,2,2,0,,,,
2013/11/30,08,7,5,2,,,,
2013/11/30,09,21,14,7,,,,
2013/11/30,10,91,46,45,,,,
2013/11/30,11,92,46,46,,,,
2013/11/30,12,93,47,46,,,,
2013/11/30,13,92,45,47,,,,
2013/11/30,14,90,45,45,,,,
2013/11/30,15,91,47,44,,,,
2013/11/30,16,93,47,46,,,,
2013/11/30,17,95,48,47,,,,
2013/11/30,18,93,47,46,,,,
2013/11/30,19,92,45,47,,,,
2013/11/30,20,94,50,44,,,,
2013/11/30,21,40,22,18,,,,
2013/11/30,22,5,3,2,,,,
2013/11/30,23,4,3,1,,,,
2013/11/30,24,2,1,1,,,,
2013/12/01,01,5,3,2,,,,
2013/12/01,02,3,1,2,,,,
2013/12/01,03,1,1,0,,,,
2013/12/01,04,6,4,2,,,,
2013/12/01,05,2,1,1,,,,
2013/12/01,06,3,1,2,,,,
2013/12/01,07,7,5,2,,,,
2013/12/01,08,7,5,2,,,,
2013/12/01,09,24,18,6,,,,
2013/12/01,10,88,43,45,,,,
2013/12/01,11,89,45,44,,,,
2013/12/01,12,94,46,48,,,,
2013/12/01,13,94,46,48,,,,
2013/12/01,14,93,47,46,,,,
2013/12/01,15,94,48,46,,,,
2013/12/01,16,97,48,49,,,,
2013/12/01,17,93,49,44,,,,
2013/12/01,18,93,48,45,,,,
2013/12/01,19,96,49,47,,,,
2013/12/01,20,96,48,48,,,,
2013/12/01,21,26,15,11,,,,
2013/12/01,22,6,4,2,,,,
2013/12/01,23,3,1,2,,,,
2013/12/01,24,4,3,1,,,,
2013/12/02,01,3,1,2,,,,
2013/12/02,02,5,3,2,,,,
2013/12/02,03,2,1,1,,,,
2013/12/02,04,2,1,1,,,,
2013/12/02,05,5,3,2,,,,
2013/12/02,06,4,2,2,,,,
2013/12/02,07,4,3,1,,,,
2013/12/02,08,5,3,2,,,,
2013/12/02,09,26,20,6,,,,
2013/12/02,10,89,43,46,,,,
2013/12/02,11,94,46,48,,,,
2013/12/02,12,94,47,47,,,,
2013/12/02,13,90,43,47,,,,
2013/12/02,14,94,49,45,,,,
2013/12/02,15,93,46,47,,,,
2013/12/02,16,96,50,46,,,,
2013/12/02,17,96,48,48,,,,
2013/12/02,18,90,47,43,,,,
2013/12/02,19,96,52,44,,,,
2013/12/02,20,97,49,48,,,,
2013/12/02,21,19,14,5,,,,
2013/12/02,22,5,3,2,,,,
2013/12/02,23,1,1,0,,,,
2013/12/02,24,3,2,1,,,,
2013/12/03,01,5,3,2,,,,
2013/12/03,02,3,1,2,,,,
2013/12/03,03,4,3,1,,,,
2013/12/03,04,4,3,1,,,,
2013/12/03,05,1,0,1,,,,
2013/12/03,06,4,3,1,,,,
2013/12/03,07,3,2,1,,,,
2013/12/03,08,4,2,2,,,,
2013/12/03,09,21,17,4,,,,
2013/12/03,10,91,44,47,,,,
2013/12/03,11,90,45,45,,,,
2013/12/03,12,91,43,48,,,,
2013/12/03,13,92,47,45,,,,
2013/12/03,14,90,45,45,,,,
2013/12/03,15,92,47,45,,,,
2013/12/03,16,99,51,48,,,,
2013/12/03,17,94,48,46,,,,
2013/12/03,18,92,47,45,,,,
2013/12/03,19,97,48,49,,,,
2013/12/03,20,95,49,46,,,,
2013/12/03,21,20,12,8,,,,
2013/12/03,22,4,2,2,,,,
2013/12/03,23,3,1,2,,,,
2013/12/03,24,5,4,1,,,,
2013/12/04,01,4,2,2,,,,
2013/12/04,02,3,2,1,,,,
2013/12/04,03,3,2,1,,,,
2013/12/04,04,2,1,1,,,,
2013/12/04,05,4,3,1,,,,
2013/12/04,06,2,1,1,,,,
2013/12/04,07,3,1,2,,,,
2013/12/04,08,9,7,2,,,,
2013/12/04,09,24,16,8,,,,
2013/12/04,10,90,45,45,,,,
2013/12/04,11,94,44,50,,,,
2013/12/04,12,93,45,48,,,,
2013/12/04,13,91,45,46,,,,
2013/12/04,14,92,46,46,,,,
2013/12/04,15,93,47,46,,,,
2013/12/04,16,96,46,50,,,,
2013/12/04,17,96,48,48,,,,
2013/12/04,18,97,50,47,,,,
2013/12/04,19,93,50,43,,,,
2013/12/04,20,95,46,49,,,,
2013/12/04,21,39,23,16,,,,
2013/12/04,22,2,0,2,,,,
2013/12/04,23,4,3,1,,,,
2013/12/04,24,4,2,2,,,,
2013/12/05,01,3,2,1,,,,
2013/12/05,02,4,3,1,,,,
2013/12/05,03,3,1,2,,,,
2013/12/05,04,3,2,1,,,,
2013/12/05,05,4,3,1,,,,
2013/12/05,06,2,0,2,,,,
2013/12/05,07,6,4,2,,,,
2013/12/05,08,7,5,2,,,,
2013/12/05,09,26,17,9,,,,
2013/12/05,10,92,45,47,,,,
2013/12/05,11,93,46,47,,,,
2013/12/05,12,91,46,45,,,,
2013/12/05,13,95,47,48,,,,
2013/12/05,14,92,44,48,,,,
2013/12/05,15,90,44,46,,,,
2013/12/05,16,86,41,45,,,,
2013/12/05,17,90,45,45,,,,
2013/12/05,18,90,43,47,,,,
2013/12/05,19,92,42,50,,,,
2013/12/05,20,93,46,47,,,,
2013/12/05,21,23,13,10,,,,
2013/12/05,22,2,0,2,,,,
2013/12/05,23,6,4,2,,,,
2013/12/05,24,2,1,1,,,,
2013/12/06,01,4,3,1,,,,
2013/12/06,02,4,3,1,,,,
2013/12/06,03,1,0,1,,,,
2013/12/06,04,6,5,1,,,,
2013/12/06,05,2,0,2,,,,
2013/12/06,06,2,0,2,,,,
2013/12/06,07,6,5,1,,,,
2013/12/06,08,2,0,2,,,,
2013/12/06,09,18,12,6,,,,
2013/12/06,10,86,40,46,,,,
2013/12/06,11,82,39,43,,,,
2013/12/06,12,110,63,47,,,,
2013/12/06,13,111,64,47,,,,
2013/12/06,14,113,66,47,,,,
2013/12/06,15,115,68,47,,,,
2013/12/06,16,113,64,49,,,,
2013/12/06,17,109,62,47,,,,
2013/12/06,18,113,67,46,,,,
2013/12/06,19,114,66,48,,,,
2013/12/06,20,99,50,49,,,,
2013/12/06,21,59,31,28,,,,
2013/12/06,22,5,4,1,,,,
2013/12/06,23,3,1,2,,,,
2013/12/06,24,2,2,0,,,,
2013/12/07,01,4,3,1,,,,
2013/12/07,02,2,1,1,,,,
2013/12/07,03,5,3,2,,,,
2013/12/07,04,3,2,1,,,,
2013/12/07,05,5,3,2,,,,
2013/12/07,06,3,1,2,,,,
2013/12/07,07,3,2,1,,,,
2013/12/07,08,5,5,0,,,,
2013/12/07,09,63,56,7,,,,
2013/12/07,10,112,67,45,,,,
2013/12/07,11,95,50,45,,,,
2013/12/07,12,91,42,49,,,,
2013/12/07,13,89,42,47,,,,
2013/12/07,14,86,40,46,,,,
2013/12/07,15,91,43,48,,,,
2013/12/07,16,89,41,48,,,,
2013/12/07,17,91,43,48,,,,
2013/12/07,18,91,43,48,,,,
2013/12/07,19,91,42,49,,,,
2013/12/07,20,90,43,47,,,,
2013/12/07,21,35,19,16,,,,
2013/12/07,22,5,3,2,,,,
2013/12/07,23,4,2,2,,,,
2013/12/07,24,4,2,2,,,,
2013/12/08,01,3,2,1,,,,
2013/12/08,02,5,3,2,,,,
2013/12/08,03,2,0,2,,,,
2013/12/08,04,4,3,1,,,,
2013/12/08,05,4,2,2,,,,
2013/12/08,06,4,2,2,,,,
2013/12/08,07,5,3,2,,,,
2013/12/08,08,2,1,1,,,,
2013/12/08,09,36,32,4,,,,
2013/12/08,10,102,53,49,,,,
2013/12/08,11,96,48,48,,,,
2013/12/08,12,89,42,47,,,,
2013/12/08,13,88,40,48,,,,
2013/12/08,14,93,42,51,,,,
2013/12/08,15,85,42,43,,,,
2013/12/08,16,86,40,46,,,,
2013/12/08,17,92,44,48,,,,
2013/12/08,18,104,55,49,,,,
2013/12/08,19,94,52,42,,,,
2013/12/08,20,99,52,47,,,,
2013/12/08,21,43,23,20,,,,
2013/12/08,22,8,6,2,,,,
2013/12/08,23,2,1,1,,,,
2013/12/08,24,4,2,2,,,,
2013/12/09,01,3,2,1,,,,
2013/12/09,02,6,4,2,,,,
2013/12/09,03,3,2,1,,,,
2013/12/09,04,4,3,1,,,,
2013/12/09,05,5,4,1,,,,
2013/12/09,06,3,1,2,,,,
2013/12/09,07,5,4,1,,,,
2013/12/09,08,5,3,2,,,,
2013/12/09,09,62,57,5,,,,
2013/12/09,10,117,74,43,,,,
2013/12/09,11,101,55,46,,,,
2013/12/09,12,92,42,50,,,,
2013/12/09,13,92,46,46,,,,
2013/12/09,14,94,47,47,,,,
2013/12/09,15,96,49,47,,,,
2013/12/09,16,99,53,46,,,,
2013/12/09,17,90,44,46,,,,
2013/12/09,18,88,43,45,,,,
2013/12/09,19,91,43,48,,,,
2013/12/09,20,93,45,48,,,,
2013/12/09,21,85,42,43,,,,
2013/12/09,22,20,11,9,,,,
2013/12/09,23,2,1,1,,,,
2013/12/09,24,4,2,2,,,,
2013/12/10,01,4,2,2,,,,
2013/12/10,02,3,2,1,,,,
2013/12/10,03,5,3,2,,,,
2013/12/10,04,2,1,1,,,,
2013/12/10,05,3,2,1,,,,
2013/12/10,06,5,3,2,,,,
2013/12/10,07,4,3,1,,,,
2013/12/10,08,3,3,0,,,,
2013/12/10,09,31,26,5,,,,
2013/12/10,10,94,49,45,,,,
2013/12/10,11,89,42,47,,,,
2013/12/10,12,86,41,45,,,,
2013/12/10,13,89,43,46,,,,
2013/12/10,14,88,43,45,,,,
2013/12/10,15,85,40,45,,,,
2013/12/10,16,89,47,42,,,,
2013/12/10,17,91,48,43,,,,
2013/12/10,18,94,49,45,,,,
2013/12/10,19,87,41,46,,,,
2013/12/10,20,88,41,47,,,,
2013/12/10,21,25,15,10,,,,
2013/12/10,22,2,0,2,,,,
2013/12/10,23,6,5,1,,,,
2013/12/10,24,2,1,1,,,,
2013/12/11,01,1,1,0,,,,
2013/12/11,02,6,4,2,,,,
2013/12/11,03,2,0,2,,,,
2013/12/11,04,5,4,1,,,,
2013/12/11,05,3,1,2,,,,
2013/12/11,06,2,1,1,,,,
2013/12/11,07,6,4,2,,,,
2013/12/11,08,4,2,2,,,,
2013/12/11,09,39,31,8,,,,
2013/12/11,10,121,76,45,,,,
2013/12/11,11,102,56,46,,,,
2013/12/11,12,95,48,47,,,,
2013/12/11,13,92,48,44,,,,
2013/12/11,14,98,48,50,,,,
2013/12/11,15,97,47,50,,,,
2013/12/11,16,94,48,46,,,,
2013/12/11,17,113,64,49,,,,
2013/12/11,18,123,78,45,,,,
2013/12/11,19,102,56,46,,,,
2013/12/11,20,107,61,46,,,,
2013/12/11,21,26,16,10,,,,
2013/12/11,22,3,2,1,,,,
2013/12/11,23,2,1,1,,,,
2013/12/11,24,6,5,1,,,,
2013/12/12,01,2,1,1,,,,
2013/12/12,02,5,3,2,,,,
2013/12/12,03,3,2,1,,,,
2013/12/12,04,2,1,1,,,,
2013/12/12,05,4,3,1,,,,
2013/12/12,06,3,1,2,,,,
2013/12/12,07,3,2,1,,,,
2013/12/12,08,21,18,3,,,,
2013/12/12,09,46,40,6,,,,
2013/12/12,10,115,66,49,,,,
2013/12/12,11,95,50,45,,,,
2013/12/12,12,89,46,43,,,,
2013/12/12,13,97,50,47,,,,
2013/12/12,14,92,47,45,,,,
2013/12/12,15,101,55,46,,,,
2013/12/12,16,101,58,43,,,,
2013/12/12,17,104,57,47,,,,
2013/12/12,18,107,59,48,,,,
2013/12/12,19,114,67,47,,,,
2013/12/12,20,114,68,46,,,,
2013/12/12,21,17,10,7,,,,
2013/12/12,22,3,1,2,,,,
2013/12/12,23,6,4,2,,,,
2013/12/12,24,2,1,1,,,,
2013/12/13,01,4,2,2,,,,
2013/12/13,02,4,3,1,,,,
2013/12/13,03,3,2,1,,,,
2013/12/13,04,4,3,1,,,,
2013/12/13,05,2,1,1,,,,
2013/12/13,06,3,2,1,,,,
2013/12/13,07,4,2,2,,,,
2013/12/13,08,13,11,2,,,,
2013/12/13,09,66,60,6,,,,
2013/12/13,10,128,80,48,,,,
2013/12/13,11,128,79,49,,,,
2013/12/13,12,130,83,47,,,,
2013/12/13,13,111,61,50,,,,
2013/12/13,14,109,62,47,,,,
2013/12/13,15,107,61,46,,,,
2013/12/13,16,112,63,49,,,,
2013/12/13,17,95,48,47,,,,
2013/12/13,18,90,44,46,,,,
2013/12/13,19,109,63,46,,,,
2013/12/13,20,115,67,48,,,,
2013/12/13,21,26,15,11,,,,
2013/12/13,22,4,2,2,,,,
2013/12/13,23,2,2,0,,,,
2013/12/13,24,5,3,2,,,,
2013/12/14,01,3,1,2,,,,
2013/12/14,02,3,2,1,,,,
2013/12/14,03,3,3,0,,,,
2013/12/14,04,5,3,2,,,,
2013/12/14,05,3,2,1,,,,
2013/12/14,06,3,1,2,,,,
2013/12/14,07,3,2,1,,,,
2013/12/14,08,17,16,1,,,,
2013/12/14,09,65,57,8,,,,
2013/12/14,10,137,89,48,,,,
2013/12/14,11,119,72,47,,,,
2013/12/14,12,102,55,47,,,,
2013/12/14,13,96,48,48,,,,
2013/12/14,14,95,48,47,,,,
2013/12/14,15,102,55,47,,,,
2013/12/14,16,106,58,48,,,,
2013/12/14,17,114,65,49,,,,
2013/12/14,18,121,75,46,,,,
2013/12/14,19,123,77,46,,,,
2013/12/14,20,121,76,45,,,,
2013/12/14,21,23,14,9,,,,
2013/12/14,22,4,3,1,,,,
2013/12/14,23,2,1,1,,,,
2013/12/14,24,5,3,2,,,,
2013/12/15,01,3,2,1,,,,
2013/12/15,02,1,1,0,,,,
2013/12/15,03,5,3,2,,,,
2013/12/15,04,2,1,1,,,,
2013/12/15,05,3,3,0,,,,
2013/12/15,06,5,3,2,,,,
2013/12/15,07,4,2,2,,,,
2013/12/15,08,2,1,1,,,,
2013/12/15,09,64,57,7,,,,
2013/12/15,10,131,85,46,,,,
2013/12/15,11,115,67,48,,,,
2013/12/15,12,95,48,47,,,,
2013/12/15,13,96,47,49,,,,
2013/12/15,14,101,50,51,,,,
2013/12/15,15,92,45,47,,,,
2013/12/15,16,100,51,49,,,,
2013/12/15,17,99,49,50,,,,
2013/12/15,18,96,49,47,,,,
2013/12/15,19,100,55,45,,,,
2013/12/15,20,96,52,44,,,,
2013/12/15,21,38,21,17,,,,
2013/12/15,22,7,4,3,,,,
2013/12/15,23,2,1,1,,,,
2013/12/15,24,5,4,1,,,,
2013/12/16,01,1,0,1,,,,
2013/12/16,02,5,4,1,,,,
2013/12/16,03,2,1,1,,,,
2013/12/16,04,3,2,1,,,,
2013/12/16,05,4,3,1,,,,
2013/12/16,06,2,0,2,,,,
2013/12/16,07,7,5,2,,,,
2013/12/16,08,3,1,2,,,,
2013/12/16,09,63,58,5,,,,
2013/12/16,10,114,68,46,,,,
2013/12/16,11,99,55,44,,,,
2013/12/16,12,95,50,45,,,,
2013/12/16,13,94,46,48,,,,
2013/12/16,14,94,47,47,,,,
2013/12/16,15,89,48,41,,,,
2013/12/16,16,102,55,47,,,,
2013/12/16,17,95,49,46,,,,
2013/12/16,18,99,52,47,,,,
2013/12/16,19,98,50,48,,,,
2013/12/16,20,105,60,45,,,,
2013/12/16,21,26,14,12,,,,
2013/12/16,22,3,2,1,,,,
2013/12/16,23,3,2,1,,,,
2013/12/16,24,4,2,2,,,,
2013/12/17,01,5,3,2,,,,
2013/12/17,02,4,3,1,,,,
2013/12/17,03,3,1,2,,,,
2013/12/17,04,2,1,1,,,,
2013/12/17,05,5,3,2,,,,
2013/12/17,06,3,2,1,,,,
2013/12/17,07,4,3,1,,,,
2013/12/17,08,3,2,1,,,,
2013/12/17,09,61,55,6,,,,
2013/12/17,10,113,68,45,,,,
2013/12/17,11,116,66,50,,,,
2013/12/17,12,93,46,47,,,,
2013/12/17,13,95,46,49,,,,
2013/12/17,14,99,51,48,,,,
2013/12/17,15,89,43,46,,,,
2013/12/17,16,91,45,46,,,,
2013/12/17,17,89,42,47,,,,
2013/12/17,18,92,46,46,,,,
2013/12/17,19,90,44,46,,,,
2013/12/17,20,88,43,45,,,,
2013/12/17,21,28,16,12,,,,
2013/12/17,22,3,2,1,,,,
2013/12/17,23,3,2,1,,,,
2013/12/17,24,3,3,0,,,,
2013/12/18,01,3,1,2,,,,
2013/12/18,02,4,2,2,,,,
2013/12/18,03,3,2,1,,,,
2013/12/18,04,2,2,0,,,,
2013/12/18,05,5,4,1,,,,
2013/12/18,06,1,0,1,,,,
2013/12/18,07,6,4,2,,,,
2013/12/18,08,7,5,2,,,,
2013/12/18,09,44,37,7,,,,
2013/12/18,10,123,79,44,,,,
2013/12/18,11,117,74,43,,,,
2013/12/18,12,110,64,46,,,,
2013/12/18,13,103,56,47,,,,
2013/12/18,14,102,54,48,,,,
2013/12/18,15,105,58,47,,,,
2013/12/18,16,106,59,47,,,,
2013/12/18,17,107,61,46,,,,
2013/12/18,18,111,63,48,,,,
2013/12/18,19,101,55,46,,,,
2013/12/18,20,108,62,46,,,,
2013/12/18,21,22,14,8,,,,
2013/12/18,22,2,1,1,,,,
2013/12/18,23,6,4,2,,,,
2013/12/18,24,2,1,1,,,,
2013/12/19,01,2,1,1,,,,
2013/12/19,02,5,4,1,,,,
2013/12/19,03,2,1,1,,,,
2013/12/19,04,5,3,2,,,,
2013/12/19,05,2,1,1,,,,
2013/12/19,06,2,2,0,,,,
2013/12/19,07,4,3,1,,,,
2013/12/19,08,18,16,2,,,,
2013/12/19,09,46,41,5,,,,
2013/12/19,10,121,72,49,,,,
2013/12/19,11,111,64,47,,,,
2013/12/19,12,115,68,47,,,,
2013/12/19,13,122,75,47,,,,
2013/12/19,14,99,54,45,,,,
2013/12/19,15,98,52,46,,,,
2013/12/19,16,97,51,46,,,,
2013/12/19,17,103,56,47,,,,
2013/12/19,18,96,49,47,,,,
2013/12/19,19,94,49,45,,,,
2013/12/19,20,94,48,46,,,,
2013/12/19,21,26,15,11,,,,
2013/12/19,22,3,2,1,,,,
2013/12/19,23,5,3,2,,,,
2013/12/19,24,3,2,1,,,,
2013/12/20,01,2,2,0,,,,
2013/12/20,02,4,2,2,,,,
2013/12/20,03,3,2,1,,,,
2013/12/20,04,3,2,1,,,,
2013/12/20,05,5,3,2,,,,
2013/12/20,06,3,1,2,,,,
2013/12/20,07,6,4,2,,,,
2013/12/20,08,7,5,2,,,,
2013/12/20,09,66,60,6,,,,
2013/12/20,10,127,81,46,,,,
2013/12/20,11,112,68,44,,,,
2013/12/20,12,96,54,42,,,,
2013/12/20,13,97,50,47,,,,
2013/12/20,14,95,48,47,,,,
2013/12/20,15,101,51,50,,,,
2013/12/20,16,105,55,50,,,,
2013/12/20,17,105,59,46,,,,
2013/12/20,18,123,72,51,,,,
2013/12/20,19,128,78,50,,,,
2013/12/20,20,135,87,48,,,,
2013/12/20,21,39,24,15,,,,
2013/12/20,22,3,2,1,,,,
2013/12/20,23,5,3,2,,,,
2013/12/20,24,3,1,2,,,,
2013/12/21,01,4,3,1,,,,
2013/12/21,02,1,1,0,,,,
2013/12/21,03,4,2,2,,,,
2013/12/21,04,3,3,0,,,,
2013/12/21,05,2,1,1,,,,
2013/12/21,06,6,4,2,,,,
2013/12/21,07,3,1,2,,,,
2013/12/21,08,17,16,1,,,,
2013/12/21,09,66,60,6,,,,
2013/12/21,10,127,83,44,,,,
2013/12/21,11,129,83,46,,,,
2013/12/21,12,123,76,47,,,,
2013/12/21,13,115,68,47,,,,
2013/12/21,14,100,54,46,,,,
2013/12/21,15,94,46,48,,,,
2013/12/21,16,105,61,44,,,,
2013/12/21,17,111,61,50,,,,
2013/12/21,18,120,73,47,,,,
2013/12/21,19,112,62,50,,,,
2013/12/21,20,109,62,47,,,,
2013/12/21,21,66,34,32,,,,
2013/12/21,22,3,2,1,,,,
2013/12/21,23,2,2,0,,,,
2013/12/21,24,3,1,2,,,,
2013/12/22,01,4,3,1,,,,
2013/12/22,02,2,2,0,,,,
2013/12/22,03,3,2,1,,,,
2013/12/22,04,5,3,2,,,,
2013/12/22,05,2,0,2,,,,
2013/12/22,06,5,4,1,,,,
2013/12/22,07,3,2,1,,,,
2013/12/22,08,24,23,1,,,,
2013/12/22,09,52,45,7,,,,
2013/12/22,10,119,73,46,,,,
2013/12/22,11,99,52,47,,,,
2013/12/22,12,94,48,46,,,,
2013/12/22,13,96,48,48,,,,
2013/12/22,14,105,56,49,,,,
2013/12/22,15,89,40,49,,,,
2013/12/22,16,92,43,49,,,,
2013/12/22,17,90,43,47,,,,
2013/12/22,18,96,48,48,,,,
2013/12/22,19,107,59,48,,,,
2013/12/22,20,107,57,50,,,,
2013/12/22,21,95,53,42,,,,
2013/12/22,22,27,14,13,,,,
2013/12/22,23,4,3,1,,,,
2013/12/22,24,2,1,1,,,,
2013/12/23,01,4,3,1,,,,
2013/12/23,02,2,2,0,,,,
2013/12/23,03,4,2,2,,,,
2013/12/23,04,3,2,1,,,,
2013/12/23,05,3,1,2,,,,
2013/12/23,06,4,2,2,,,,
2013/12/23,07,4,3,1,,,,
2013/12/23,08,29,27,2,,,,
2013/12/23,09,63,54,9,,,,
2013/12/23,10,131,83,48,,,,
2013/12/23,11,113,63,50,,,,
2013/12/23,12,105,56,49,,,,
2013/12/23,13,97,51,46,,,,
2013/12/23,14,95,50,45,,,,
2013/12/23,15,93,44,49,,,,
2013/12/23,16,95,46,49,,,,
2013/12/23,17,89,43,46,,,,
2013/12/23,18,89,45,44,,,,
2013/12/23,19,103,55,48,,,,
2013/12/23,20,108,60,48,,,,
2013/12/23,21,35,22,13,,,,
2013/12/23,22,4,1,3,,,,
2013/12/23,23,5,4,1,,,,
2013/12/23,24,4,2,2,,,,
2013/12/24,01,4,3,1,,,,
2013/12/24,02,3,2,1,,,,
2013/12/24,03,2,0,2,,,,
2013/12/24,04,5,4,1,,,,
2013/12/24,05,4,1,3,,,,
2013/12/24,06,5,3,2,,,,
2013/12/24,07,2,1,1,,,,
2013/12/24,08,5,3,2,,,,
2013/12/24,09,58,55,3,,,,
2013/12/24,10,125,80,45,,,,
2013/12/24,11,113,66,47,,,,
2013/12/24,12,93,45,48,,,,
2013/12/24,13,92,45,47,,,,
2013/12/24,14,95,49,46,,,,
2013/12/24,15,93,47,46,,,,
2013/12/24,16,104,59,45,,,,
2013/12/24,17,98,52,46,,,,
2013/12/24,18,96,50,46,,,,
2013/12/24,19,105,56,49,,,,
2013/12/24,20,107,59,48,,,,
2013/12/24,21,68,41,27,,,,
2013/12/24,22,8,6,2,,,,
2013/12/24,23,3,2,1,,,,
2013/12/24,24,2,2,0,,,,
2013/12/25,01,2,1,1,,,,
2013/12/25,02,3,2,1,,,,
2013/12/25,03,5,3,2,,,,
2013/12/25,04,3,2,1,,,,
2013/12/25,05,2,1,1,,,,
2013/12/25,06,4,2,2,,,,
2013/12/25,07,6,4,2,,,,
2013/12/25,08,7,5,2,,,,
2013/12/25,09,67,60,7,,,,
2013/12/25,10,130,81,49,,,,
2013/12/25,11,123,75,48,,,,
2013/12/25,12,99,53,46,,,,
2013/12/25,13,115,68,47,,,,
2013/12/25,14,102,57,45,,,,
2013/12/25,15,99,53,46,,,,
2013/12/25,16,109,63,46,,,,
2013/12/25,17,102,54,48,,,,
2013/12/25,18,104,58,46,,,,
2013/12/25,19,103,56,47,,,,
2013/12/25,20,102,60,42,,,,
2013/12/25,21,40,23,17,,,,
2013/12/25,22,4,2,2,,,,
2013/12/25,23,5,3,2,,,,
2013/12/25,24,2,1,1,,,,
2013/12/26,01,2,1,1,,,,
2013/12/26,02,6,5,1,,,,
2013/12/26,03,2,1,1,,,,
2013/12/26,04,4,2,2,,,,
2013/12/26,05,4,2,2,,,,
2013/12/26,06,2,1,1,,,,
2013/12/26,07,6,4,2,,,,
2013/12/26,08,18,15,3,,,,
2013/12/26,09,61,53,8,,,,
2013/12/26,10,127,81,46,,,,
2013/12/26,11,115,68,47,,,,
2013/12/26,12,99,56,43,,,,
2013/12/26,13,112,65,47,,,,
2013/12/26,14,102,56,46,,,,
2013/12/26,15,106,57,49,,,,
2013/12/26,16,108,60,48,,,,
2013/12/26,17,105,57,48,,,,
2013/12/26,18,92,46,46,,,,
2013/12/26,19,92,45,47,,,,
2013/12/26,20,93,43,50,,,,
2013/12/26,21,30,17,13,,,,
2013/12/26,22,4,3,1,,,,
2013/12/26,23,3,2,1,,,,
2013/12/26,24,5,3,2,,,,
2013/12/27,01,2,1,1,,,,
2013/12/27,02,3,2,1,,,,
2013/12/27,03,3,2,1,,,,
2013/12/27,04,3,2,1,,,,
2013/12/27,05,5,3,2,,,,
2013/12/27,06,3,1,2,,,,
2013/12/27,07,5,3,2,,,,
2013/12/27,08,3,2,1,,,,
2013/12/27,09,50,47,3,,,,
2013/12/27,10,115,70,45,,,,
2013/12/27,11,110,60,50,,,,
2013/12/27,12,91,44,47,,,,
2013/12/27,13,95,47,48,,,,
2013/12/27,14,99,48,51,,,,
2013/12/27,15,87,41,46,,,,
2013/12/27,16,90,44,46,,,,
2013/12/27,17,94,42,52,,,,
2013/12/27,18,96,48,48,,,,
2013/12/27,19,106,58,48,,,,
2013/12/27,20,109,60,49,,,,
2013/12/27,21,42,28,14,,,,
2013/12/27,22,3,2,1,,,,
2013/12/27,23,5,3,2,,,,
2013/12/27,24,6,4,2,,,,
2013/12/28,01,6,4,2,,,,
2013/12/28,02,3,1,2,,,,
2013/12/28,03,3,2,1,,,,
2013/12/28,04,4,4,0,,,,
2013/12/28,05,2,0,2,,,,
2013/12/28,06,5,4,1,,,,
2013/12/28,07,2,1,1,,,,
2013/12/28,08,27,25,2,,,,
2013/12/28,09,65,59,6,,,,
2013/12/28,10,136,87,49,,,,
2013/12/28,11,127,80,47,,,,
2013/12/28,12,130,84,46,,,,
2013/12/28,13,130,81,49,,,,
2013/12/28,14,134,84,50,,,,
2013/12/28,15,135,85,50,,,,
2013/12/28,16,136,88,48,,,,
2013/12/28,17,135,89,46,,,,
2013/12/28,18,130,84,46,,,,
2013/12/28,19,128,83,45,,,,
2013/12/28,20,133,87,46,,,,
2013/12/28,21,37,22,15,,,,
2013/12/28,22,3,1,2,,,,
2013/12/28,23,4,3,1,,,,
2013/12/28,24,3,2,1,,,,
2013/12/29,01,3,2,1,,,,
2013/12/29,02,3,1,2,,,,
2013/12/29,03,3,3,0,,,,
2013/12/29,04,4,2,2,,,,
2013/12/29,05,4,2,2,,,,
2013/12/29,06,2,2,0,,,,
2013/12/29,07,4,2,2,,,,
2013/12/29,08,6,4,2,,,,
2013/12/29,09,91,82,9,,,,
2013/12/29,10,125,78,47,,,,
2013/12/29,11,130,86,44,,,,
2013/12/29,12,132,85,47,,,,
2013/12/29,13,130,81,49,,,,
2013/12/29,14,130,84,46,,,,
2013/12/29,15,124,75,49,,,,
2013/12/29,16,137,93,44,,,,
2013/12/29,17,132,87,45,,,,
2013/12/29,18,137,92,45,,,,
2013/12/29,19,135,87,48,,,,
2013/12/29,20,135,89,46,,,,
2013/12/29,21,33,22,11,,,,
2013/12/29,22,2,1,1,,,,
2013/12/29,23,5,3,2,,,,
2013/12/29,24,3,2,1,,,,
2013/12/30,01,2,1,1,,,,
2013/12/30,02,4,3,1,,,,
2013/12/30,03,3,1,2,,,,
2013/12/30,04,2,2,0,,,,
2013/12/30,05,5,3,2,,,,
2013/12/30,06,3,2,1,,,,
2013/12/30,07,4,2,2,,,,
2013/12/30,08,30,29,1,,,,
2013/12/30,09,73,68,5,,,,
2013/12/30,10,143,96,47,,,,
2013/12/30,11,119,72,47,,,,
2013/12/30,12,129,81,48,,,,
2013/12/30,13,113,68,45,,,,
2013/12/30,14,113,66,47,,,,
2013/12/30,15,114,66,48,,,,
2013/12/30,16,116,70,46,,,,
2013/12/30,17,112,64,48,,,,
2013/12/30,18,120,74,46,,,,
2013/12/30,19,118,71,47,,,,
2013/12/30,20,119,73,46,,,,
2013/12/30,21,30,17,13,,,,
2013/12/30,22,5,3,2,,,,
2013/12/30,23,5,3,2,,,,
2013/12/30,24,2,1,1,,,,
2013/12/31,01,3,2,1,,,,
2013/12/31,02,3,2,1,,,,
2013/12/31,03,3,2,1,,,,
2013/12/31,04,3,3,0,,,,
2013/12/31,05,2,1,1,,,,
2013/12/31,06,4,3,1,,,,
2013/12/31,07,3,2,1,,,,
2013/12/31,08,30,29,1,,,,
2013/12/31,09,85,80,5,,,,
2013/12/31,10,133,85,48,,,,
2013/12/31,11,115,69,46,,,,
2013/12/31,12,118,70,48,,,,
2013/12/31,13,112,65,47,,,,
2013/12/31,14,109,62,47,,,,
2013/12/31,15,116,70,46,,,,
2013/12/31,16,104,54,50,,,,
2013/12/31,17,125,77,48,,,,
2013/12/31,18,132,83,49,,,,
2013/12/31,19,123,77,46,,,,
2013/12/31,20,137,91,46,,,,
2013/12/31,21,84,41,43,,,,
2013/12/31,22,7,5,2,,,,
2013/12/31,23,5,3,2,,,,
2013/12/31,24,2,1,1,,,,
2014/01/01,01,4,3,1,,,,
2014/01/01,02,2,1,1,,,,
2014/01/01,03,5,3,2,,,,
2014/01/01,04,2,2,0,,,,
2014/01/01,05,3,1,2,,,,
2014/01/01,06,4,3,1,,,,
2014/01/01,07,4,3,1,,,,
2014/01/01,08,101,88,13,,,,
2014/01/01,09,135,88,47,,,,
2014/01/01,10,121,74,47,,,,
2014/01/01,11,119,75,44,,,,
2014/01/01,12,102,55,47,,,,
2014/01/01,13,99,52,47,,,,
2014/01/01,14,111,64,47,,,,
2014/01/01,15,95,48,47,,,,
2014/01/01,16,95,50,45,,,,
2014/01/01,17,95,49,46,,,,
2014/01/01,18,97,51,46,,,,
2014/01/01,19,103,56,47,,,,
2014/01/01,20,93,48,45,,,,
2014/01/01,21,62,34,28,,,,
2014/01/01,22,6,3,3,,,,
2014/01/01,23,4,3,1,,,,
2014/01/01,24,3,2,1,,,,
2014/01/02,01,4,2,2,,,,
2014/01/02,02,5,3,2,,,,
2014/01/02,03,2,1,1,,,,
2014/01/02,04,3,1,2,,,,
2014/01/02,05,5,3,2,,,,
2014/01/02,06,2,2,0,,,,
2014/01/02,07,4,3,1,,,,
2014/01/02,08,28,27,1,,,,
2014/01/02,09,61,58,3,,,,
2014/01/02,10,112,65,47,,,,
2014/01/02,11,110,66,44,,,,
2014/01/02,12,105,58,47,,,,
2014/01/02,13,107,59,48,,,,
2014/01/02,14,91,47,44,,,,
2014/01/02,15,96,48,48,,,,
2014/01/02,16,115,67,48,,,,
2014/01/02,17,121,75,46,,,,
2014/01/02,18,122,76,46,,,,
2014/01/02,19,126,79,47,,,,
2014/01/02,20,127,79,48,,,,
2014/01/02,21,94,56,38,,,,
2014/01/02,22,34,18,16,,,,
2014/01/02,23,4,2,2,,,,
2014/01/02,24,4,3,1,,,,
2014/01/03,01,2,1,1,,,,
2014/01/03,02,5,4,1,,,,
2014/01/03,03,2,1,1,,,,
2014/01/03,04,4,3,1,,,,
2014/01/03,05,3,2,1,,,,
2014/01/03,06,2,0,2,,,,
2014/01/03,07,4,3,1,,,,
2014/01/03,08,30,29,1,,,,
2014/01/03,09,73,68,5,,,,
2014/01/03,10,125,78,47,,,,
2014/01/03,11,110,69,41,,,,
2014/01/03,12,101,55,46,,,,
2014/01/03,13,98,53,45,,,,
2014/01/03,14,104,57,47,,,,
2014/01/03,15,101,55,46,,,,
2014/01/03,16,94,47,47,,,,
2014/01/03,17,91,47,44,,,,
2014/01/03,18,98,49,49,,,,
2014/01/03,19,99,51,48,,,,
2014/01/03,20,99,53,46,,,,
2014/01/03,21,34,20,14,,,,
2014/01/03,22,9,7,2,,,,
2014/01/03,23,3,2,1,,,,
2014/01/03,24,6,4,2,,,,
2014/01/04,01,7,5,2,,,,
2014/01/04,02,2,1,1,,,,
2014/01/04,03,6,5,1,,,,
2014/01/04,04,4,3,1,,,,
2014/01/04,05,5,3,2,,,,
2014/01/04,06,7,6,1,,,,
2014/01/04,07,4,2,2,,,,
2014/01/04,08,8,6,2,,,,
2014/01/04,09,75,65,10,,,,
2014/01/04,10,111,64,47,,,,
2014/01/04,11,100,55,45,,,,
2014/01/04,12,93,48,45,,,,
2014/01/04,13,93,47,46,,,,
2014/01/04,14,93,47,46,,,,
2014/01/04,15,93,47,46,,,,
2014/01/04,16,95,49,46,,,,
2014/01/04,17,96,48,48,,,,
2014/01/04,18,96,50,46,,,,
2014/01/04,19,101,54,47,,,,
2014/01/04,20,123,78,45,,,,
2014/01/04,21,32,20,12,,,,
2014/01/04,22,3,1,2,,,,
2014/01/04,23,4,3,1,,,,
2014/01/04,24,4,2,2,,,,
2014/01/05,01,3,1,2,,,,
2014/01/05,02,5,3,2,,,,
2014/01/05,03,2,1,1,,,,
2014/01/05,04,5,3,2,,,,
2014/01/05,05,3,1,2,,,,
2014/01/05,06,5,4,1,,,,
2014/01/05,07,3,2,1,,,,
2014/01/05,08,30,29,1,,,,
2014/01/05,09,64,58,6,,,,
2014/01/05,10,118,72,46,,,,
2014/01/05,11,101,52,49,,,,
2014/01/05,12,112,63,49,,,,
2014/01/05,13,97,53,44,,,,
2014/01/05,14,91,49,42,,,,
2014/01/05,15,95,49,46,,,,
2014/01/05,16,103,55,48,,,,
2014/01/05,17,101,52,49,,,,
2014/01/05,18,104,56,48,,,,
2014/01/05,19,103,57,46,,,,
2014/01/05,20,105,59,46,,,,
2014/01/05,21,20,13,7,,,,
2014/01/05,22,2,1,1,,,,
2014/01/05,23,6,5,1,,,,
2014/01/05,24,3,1,2,,,,
2014/01/06,01,3,2,1,,,,
2014/01/06,02,4,2,2,,,,
2014/01/06,03,4,2,2,,,,
2014/01/06,04,3,3,0,,,,
2014/01/06,05,3,1,2,,,,
2014/01/06,06,4,2,2,,,,
2014/01/06,07,3,2,1,,,,
2014/01/06,08,5,3,2,,,,
2014/01/06,09,73,68,5,,,,
2014/01/06,10,115,68,47,,,,
2014/01/06,11,108,60,48,,,,
2014/01/06,12,104,58,46,,,,
2014/01/06,13,108,59,49,,,,
2014/01/06,14,98,50,48,,,,
2014/01/06,15,100,53,47,,,,
2014/01/06,16,105,60,45,,,,
2014/01/06,17,100,53,47,,,,
2014/01/06,18,102,56,46,,,,
2014/01/06,19,103,57,46,,,,
2014/01/06,20,117,68,49,,,,
2014/01/06,21,44,26,18,,,,
2014/01/06,22,5,3,2,,,,
2014/01/06,23,2,1,1,,,,
2014/01/06,24,4,3,1,,,,
2014/01/07,01,3,1,2,,,,
2014/01/07,02,3,2,1,,,,
2014/01/07,03,3,3,0,,,,
2014/01/07,04,3,2,1,,,,
2014/01/07,05,3,3,0,,,,
2014/01/07,06,2,1,1,,,,
2014/01/07,07,4,3,1,,,,
2014/01/07,08,2,1,1,,,,
2014/01/07,09,73,68,5,,,,
2014/01/07,10,127,82,45,,,,
2014/01/07,11,128,81,47,,,,
2014/01/07,12,113,67,46,,,,
2014/01/07,13,110,62,48,,,,
2014/01/07,14,110,62,48,,,,
2014/01/07,15,132,83,49,,,,
2014/01/07,16,120,77,43,,,,
2014/01/07,17,123,77,46,,,,
2014/01/07,18,126,80,46,,,,
2014/01/07,19,125,80,45,,,,
2014/01/07,20,128,83,45,,,,
2014/01/07,21,41,24,17,,,,
2014/01/07,22,4,3,1,,,,
2014/01/07,23,3,1,2,,,,
2014/01/07,24,5,3,2,,,,
2014/01/08,01,3,2,1,,,,
2014/01/08,02,2,1,1,,,,
2014/01/08,03,5,3,2,,,,
2014/01/08,04,1,1,0,,,,
2014/01/08,05,5,3,2,,,,
2014/01/08,06,4,3,1,,,,
2014/01/08,07,4,2,2,,,,
2014/01/08,08,14,12,2,,,,
2014/01/08,09,77,72,5,,,,
2014/01/08,10,142,97,45,,,,
2014/01/08,11,129,84,45,,,,
2014/01/08,12,127,82,45,,,,
2014/01/08,13,124,80,44,,,,
2014/01/08,14,134,85,49,,,,
2014/01/08,15,130,86,44,,,,
2014/01/08,16,121,76,45,,,,
2014/01/08,17,120,77,43,,,,
2014/01/08,18,118,74,44,,,,
2014/01/08,19,123,76,47,,,,
2014/01/08,20,125,77,48,,,,
2014/01/08,21,35,20,15,,,,
2014/01/08,22,4,3,1,,,,
2014/01/08,23,3,2,1,,,,
2014/01/08,24,3,1,2,,,,
2014/01/09,01,6,4,2,,,,
2014/01/09,02,3,2,1,,,,
2014/01/09,03,2,1,1,,,,
2014/01/09,04,6,4,2,,,,
2014/01/09,05,3,2,1,,,,
2014/01/09,06,5,3,2,,,,
2014/01/09,07,4,2,2,,,,
2014/01/09,08,1,0,1,,,,
2014/01/09,09,69,62,7,,,,
2014/01/09,10,123,76,47,,,,
2014/01/09,11,122,79,43,,,,
2014/01/09,12,118,73,45,,,,
2014/01/09,13,113,63,50,,,,
2014/01/09,14,98,53,45,,,,
2014/01/09,15,109,66,43,,,,
2014/01/09,16,109,65,44,,,,
2014/01/09,17,119,73,46,,,,
2014/01/09,18,124,77,47,,,,
2014/01/09,19,121,78,43,,,,
2014/01/09,20,131,84,47,,,,
2014/01/09,21,31,17,14,,,,
2014/01/09,22,5,4,1,,,,
2014/01/09,23,2,1,1,,,,
2014/01/09,24,3,1,2,,,,
2014/01/10,01,5,3,2,,,,
2014/01/10,02,1,1,0,,,,
2014/01/10,03,4,3,1,,,,
2014/01/10,04,3,2,1,,,,
2014/01/10,05,3,3,0,,,,
2014/01/10,06,4,2,2,,,,
2014/01/10,07,3,1,2,,,,
2014/01/10,08,10,8,2,,,,
2014/01/10,09,73,68,5,,,,
2014/01/10,10,135,88,47,,,,
2014/01/10,11,132,85,47,,,,
2014/01/10,12,126,81,45,,,,
2014/01/10,13,126,81,45,,,,
2014/01/10,14,128,82,46,,,,
2014/01/10,15,129,85,44,,,,
2014/01/10,16,139,90,49,,,,
2014/01/10,17,143,95,48,,,,
2014/01/10,18,134,90,44,,,,
2014/01/10,19,136,90,46,,,,
2014/01/10,20,134,93,41,,,,
2014/01/10,21,29,18,11,,,,
2014/01/10,22,2,2,0,,,,
2014/01/10,23,4,3,1,,,,
2014/01/10,24,2,1,1,,,,
2014/01/11,01,5,3,2,,,,
2014/01/11,02,3,2,1,,,,
2014/01/11,03,2,2,0,,,,
2014/01/11,04,4,3,1,,,,
2014/01/11,05,2,0,2,,,,
2014/01/11,06,5,3,2,,,,
2014/01/11,07,2,2,0,,,,
2014/01/11,08,30,29,1,,,,
2014/01/11,09,104,97,7,,,,
2014/01/11,10,125,78,47,,,,
2014/01/11,11,143,96,47,,,,
2014/01/11,12,129,82,47,,,,
2014/01/11,13,130,84,46,,,,
2014/01/11,14,124,78,46,,,,
2014/01/11,15,127,81,46,,,,
2014/01/11,16,122,77,45,,,,
2014/01/11,17,137,88,49,,,,
2014/01/11,18,140,93,47,,,,
2014/01/11,19,126,82,44,,,,
2014/01/11,20,144,96,48,,,,
2014/01/11,21,35,22,13,,,,
2014/01/11,22,3,3,0,,,,
2014/01/11,23,3,1,2,,,,
2014/01/11,24,4,2,2,,,,
2014/01/12,01,3,2,1,,,,
2014/01/12,02,4,3,1,,,,
2014/01/12,03,3,2,1,,,,
2014/01/12,04,3,1,2,,,,
2014/01/12,05,3,2,1,,,,
2014/01/12,06,5,3,2,,,,
2014/01/12,07,5,3,2,,,,
2014/01/12,08,9,8,1,,,,
2014/01/12,09,73,68,5,,,,
2014/01/12,10,145,99,46,,,,
2014/01/12,11,126,81,45,,,,
2014/01/12,12,123,78,45,,,,
2014/01/12,13,128,81,47,,,,
2014/01/12,14,120,74,46,,,,
2014/01/12,15,117,74,43,,,,
2014/01/12,16,122,75,47,,,,
2014/01/12,17,128,81,47,,,,
2014/01/12,18,128,82,46,,,,
2014/01/12,19,136,87,49,,,,
2014/01/12,20,124,82,42,,,,
2014/01/12,21,62,33,29,,,,
2014/01/12,22,4,3,1,,,,
2014/01/12,23,2,2,0,,,,
2014/01/12,24,3,2,1,,,,
2014/01/13,01,4,3,1,,,,
2014/01/13,02,3,1,2,,,,
2014/01/13,03,3,2,1,,,,
2014/01/13,04,3,3,0,,,,
2014/01/13,05,3,1,2,,,,
2014/01/13,06,4,2,2,,,,
2014/01/13,07,4,3,1,,,,
2014/01/13,08,33,31,2,,,,
2014/01/13,09,80,72,8,,,,
2014/01/13,10,123,79,44,,,,
2014/01/13,11,132,86,46,,,,
2014/01/13,12,124,75,49,,,,
2014/01/13,13,121,75,46,,,,
2014/01/13,14,121,72,49,,,,
2014/01/13,15,116,69,47,,,,
2014/01/13,16,114,69,45,,,,
2014/01/13,17,121,74,47,,,,
2014/01/13,18,125,79,46,,,,
2014/01/13,19,131,82,49,,,,
2014/01/13,20,128,82,46,,,,
2014/01/13,21,25,17,8,,,,
2014/01/13,22,4,2,2,,,,
2014/01/13,23,4,3,1,,,,
2014/01/13,24,3,1,2,,,,
2014/01/14,01,6,4,2,,,,
2014/01/14,02,3,2,1,,,,
2014/01/14,03,1,0,1,,,,
2014/01/14,04,5,3,2,,,,
2014/01/14,05,3,1,2,,,,
2014/01/14,06,3,2,1,,,,
2014/01/14,07,5,3,2,,,,
2014/01/14,08,16,15,1,,,,
2014/01/14,09,73,68,5,,,,
2014/01/14,10,137,89,48,,,,
2014/01/14,11,129,85,44,,,,
2014/01/14,12,130,82,48,,,,
2014/01/14,13,133,85,48,,,,
2014/01/14,14,129,83,46,,,,
2014/01/14,15,132,88,44,,,,
2014/01/14,16,132,84,48,,,,
2014/01/14,17,134,87,47,,,,
2014/01/14,18,136,88,48,,,,
2014/01/14,19,136,90,46,,,,
2014/01/14,20,136,91,45,,,,
2014/01/14,21,23,15,8,,,,
2014/01/14,22,3,1,2,,,,
2014/01/14,23,5,4,1,,,,
2014/01/14,24,3,1,2,,,,
2014/01/15,01,4,2,2,,,,
2014/01/15,02,3,3,0,,,,
2014/01/15,03,3,2,1,,,,
2014/01/15,04,4,3,1,,,,
2014/01/15,05,1,0,1,,,,
2014/01/15,06,4,2,2,,,,
2014/01/15,07,5,3,2,,,,
2014/01/15,08,30,29,1,,,,
2014/01/15,09,80,73,7,,,,
2014/01/15,10,135,89,46,,,,
2014/01/15,11,137,92,45,,,,
2014/01/15,12,131,83,48,,,,
2014/01/15,13,126,82,44,,,,
2014/01/15,14,126,77,49,,,,
2014/01/15,15,124,76,48,,,,
2014/01/15,16,119,73,46,,,,
2014/01/15,17,123,75,48,,,,
2014/01/15,18,125,78,47,,,,
2014/01/15,19,129,82,47,,,,
2014/01/15,20,124,79,45,,,,
2014/01/15,21,31,17,14,,,,
2014/01/15,22,4,3,1,,,,
2014/01/15,23,3,2,1,,,,
2014/01/15,24,3,1,2,,,,
2014/01/16,01,5,3,2,,,,
2014/01/16,02,3,2,1,,,,
2014/01/16,03,3,2,1,,,,
2014/01/16,04,4,3,1,,,,
2014/01/16,05,3,2,1,,,,
2014/01/16,06,3,2,1,,,,
2014/01/16,07,2,2,0,,,,
2014/01/16,08,30,29,1,,,,
2014/01/16,09,82,75,7,,,,
2014/01/16,10,133,88,45,,,,
2014/01/16,11,120,76,44,,,,
2014/01/16,12,123,75,48,,,,
2014/01/16,13,119,74,45,,,,
2014/01/16,14,120,72,48,,,,
2014/01/16,15,126,78,48,,,,
2014/01/16,16,123,76,47,,,,
2014/01/16,17,126,78,48,,,,
2014/01/16,18,129,82,47,,,,
2014/01/16,19,125,77,48,,,,
2014/01/16,20,137,90,47,,,,
2014/01/16,21,30,19,11,,,,
2014/01/16,22,2,2,0,,,,
2014/01/16,23,4,3,1,,,,
2014/01/16,24,3,2,1,,,,
2014/01/17,01,1,0,1,,,,
2014/01/17,02,5,3,2,,,,
2014/01/17,03,2,2,0,,,,
2014/01/17,04,4,2,2,,,,
2014/01/17,05,4,2,2,,,,
2014/01/17,06,4,2,2,,,,
2014/01/17,07,2,2,0,,,,
2014/01/17,08,30,29,1,,,,
2014/01/17,09,87,81,6,,,,
2014/01/17,10,143,96,47,,,,
2014/01/17,11,129,81,48,,,,
2014/01/17,12,126,79,47,,,,
2014/01/17,13,111,64,47,,,,
2014/01/17,14,86,40,46,,,,
2014/01/17,15,88,39,49,,,,
2014/01/17,16,87,38,49,,,,
2014/01/17,17,91,43,48,,,,
2014/01/17,18,88,40,48,,,,
2014/01/17,19,88,43,45,,,,
2014/01/17,20,88,41,47,,,,
2014/01/17,21,28,16,12,,,,
2014/01/17,22,4,3,1,,,,
2014/01/17,23,3,1,2,,,,
2014/01/17,24,2,2,0,,,,
2014/01/18,01,3,2,1,,,,
2014/01/18,02,2,1,1,,,,
2014/01/18,03,5,3,2,,,,
2014/01/18,04,4,3,1,,,,
2014/01/18,05,3,1,2,,,,
2014/01/18,06,6,4,2,,,,
2014/01/18,07,2,0,2,,,,
2014/01/18,08,5,3,2,,,,
2014/01/18,09,73,68,5,,,,
2014/01/18,10,138,92,46,,,,
2014/01/18,11,135,88,47,,,,
2014/01/18,12,137,90,47,,,,
2014/01/18,13,137,90,47,,,,
2014/01/18,14,127,80,47,,,,
2014/01/18,15,105,59,46,,,,
2014/01/18,16,120,71,49,,,,
2014/01/18,17,88,41,47,,,,
2014/01/18,18,89,43,46,,,,
2014/01/18,19,88,41,47,,,,
2014/01/18,20,146,100,46,,,,
2014/01/18,21,32,20,12,,,,
2014/01/18,22,3,1,2,,,,
2014/01/18,23,6,4,2,,,,
2014/01/18,24,2,0,2,,,,
2014/01/19,01,4,3,1,,,,
2014/01/19,02,4,2,2,,,,
2014/01/19,03,3,2,1,,,,
2014/01/19,04,5,3,2,,,,
2014/01/19,05,3,1,2,,,,
2014/01/19,06,5,3,2,,,,
2014/01/19,07,4,2,2,,,,
2014/01/19,08,13,11,2,,,,
2014/01/19,09,73,68,5,,,,
2014/01/19,10,138,92,46,,,,
2014/01/19,11,125,78,47,,,,
2014/01/19,12,121,78,43,,,,
2014/01/19,13,120,72,48,,,,
2014/01/19,14,119,71,48,,,,
2014/01/19,15,117,69,48,,,,
2014/01/19,16,117,72,45,,,,
2014/01/19,17,129,82,47,,,,
2014/01/19,18,128,83,45,,,,
2014/01/19,19,124,82,42,,,,
2014/01/19,20,128,82,46,,,,
2014/01/19,21,33,26,7,,,,
2014/01/19,22,4,2,2,,,,
2014/01/19,23,4,2,2,,,,
2014/01/19,24,6,4,2,,,,
2014/01/20,01,1,1,0,,,,
2014/01/20,02,4,2,2,,,,
2014/01/20,03,3,2,1,,,,
2014/01/20,04,4,3,1,,,,
2014/01/20,05,2,1,1,,,,
2014/01/20,06,2,2,0,,,,
2014/01/20,07,3,2,1,,,,
2014/01/20,08,13,11,2,,,,
2014/01/20,09,73,68,5,,,,
2014/01/20,10,138,93,45,,,,
2014/01/20,11,139,94,45,,,,
2014/01/20,12,131,84,47,,,,
2014/01/20,13,125,80,45,,,,
2014/01/20,14,125,80,45,,,,
2014/01/20,15,124,75,49,,,,
2014/01/20,16,124,80,44,,,,
2014/01/20,17,131,86,45,,,,
2014/01/20,18,132,86,46,,,,
2014/01/20,19,132,85,47,,,,
2014/01/20,20,137,92,45,,,,
2014/01/20,21,27,17,10,,,,
2014/01/20,22,4,2,2,,,,
2014/01/20,23,1,1,0,,,,
2014/01/20,24,5,4,1,,,,
2014/01/21,01,1,0,1,,,,
2014/01/21,02,6,5,1,,,,
2014/01/21,03,3,1,2,,,,
2014/01/21,04,2,1,1,,,,
2014/01/21,05,5,4,1,,,,
2014/01/21,06,1,0,1,,,,
2014/01/21,07,5,3,2,,,,
2014/01/21,08,4,2,2,,,,
2014/01/21,09,73,68,5,,,,
2014/01/21,10,147,100,47,,,,
2014/01/21,11,131,86,45,,,,
2014/01/21,12,131,83,48,,,,
2014/01/21,13,121,77,44,,,,
2014/01/21,14,127,84,43,,,,
2014/01/21,15,122,76,46,,,,
2014/01/21,16,127,79,48,,,,
2014/01/21,17,132,85,47,,,,
2014/01/21,18,125,80,45,,,,
2014/01/21,19,133,83,50,,,,
2014/01/21,20,133,84,49,,,,
2014/01/21,21,28,20,8,,,,
2014/01/21,22,6,4,2,,,,
2014/01/21,23,1,0,1,,,,
2014/01/21,24,7,5,2,,,,
2014/01/22,01,2,0,2,,,,
2014/01/22,02,4,3,1,,,,
2014/01/22,03,4,3,1,,,,
2014/01/22,04,3,1,2,,,,
2014/01/22,05,4,3,1,,,,
2014/01/22,06,1,1,0,,,,
2014/01/22,07,2,1,1,,,,
2014/01/22,08,30,29,1,,,,
2014/01/22,09,77,70,7,,,,
2014/01/22,10,143,96,47,,,,
2014/01/22,11,123,76,47,,,,
2014/01/22,12,120,74,46,,,,
2014/01/22,13,116,72,44,,,,
2014/01/22,14,123,77,46,,,,
2014/01/22,15,121,74,47,,,,
2014/01/22,16,125,80,45,,,,
2014/01/22,17,127,81,46,,,,
2014/01/22,18,121,76,45,,,,
2014/01/22,19,137,89,48,,,,
2014/01/22,20,129,83,46,,,,
2014/01/22,21,20,14,6,,,,
2014/01/22,22,5,3,2,,,,
2014/01/22,23,3,2,1,,,,
2014/01/22,24,2,1,1,,,,
2014/01/23,01,4,3,1,,,,
2014/01/23,02,2,1,1,,,,
2014/01/23,03,5,4,1,,,,
2014/01/23,04,1,1,0,,,,
2014/01/23,05,1,0,1,,,,
2014/01/23,06,6,4,2,,,,
2014/01/23,07,1,1,0,,,,
2014/01/23,08,24,22,2,,,,
2014/01/23,09,63,56,7,,,,
2014/01/23,10,145,100,45,,,,
2014/01/23,11,132,84,48,,,,
2014/01/23,12,119,74,45,,,,
2014/01/23,13,121,73,48,,,,
2014/01/23,14,113,68,45,,,,
2014/01/23,15,109,65,44,,,,
2014/01/23,16,118,72,46,,,,
2014/01/23,17,119,72,47,,,,
2014/01/23,18,123,78,45,,,,
2014/01/23,19,126,80,46,,,,
2014/01/23,20,131,83,48,,,,
2014/01/23,21,23,16,7,,,,
2014/01/23,22,2,1,1,,,,
2014/01/23,23,5,3,2,,,,
2014/01/23,24,3,2,1,,,,
2014/01/24,01,4,2,2,,,,
2014/01/24,02,4,3,1,,,,
2014/01/24,03,1,1,0,,,,
2014/01/24,04,5,3,2,,,,
2014/01/24,05,4,2,2,,,,
2014/01/24,06,2,0,2,,,,
2014/01/24,07,5,4,1,,,,
2014/01/24,08,9,7,2,,,,
2014/01/24,09,64,58,6,,,,
2014/01/24,10,135,90,45,,,,
2014/01/24,11,127,81,46,,,,
2014/01/24,12,123,76,47,,,,
2014/01/24,13,120,73,47,,,,
2014/01/24,14,114,70,44,,,,
2014/01/24,15,94,46,48,,,,
2014/01/24,16,128,82,46,,,,
2014/01/24,17,113,65,48,,,,
2014/01/24,18,113,67,46,,,,
2014/01/24,19,116,73,43,,,,
2014/01/24,20,119,73,46,,,,
2014/01/24,21,33,23,10,,,,
2014/01/24,22,3,1,2,,,,
2014/01/24,23,4,3,1,,,,
2014/01/24,24,3,1,2,,,,
2014/01/25,01,6,4,2,,,,
2014/01/25,02,1,1,0,,,,
2014/01/25,03,3,1,2,,,,
2014/01/25,04,4,3,1,,,,
2014/01/25,05,2,1,1,,,,
2014/01/25,06,3,2,1,,,,
2014/01/25,07,6,4,2,,,,
2014/01/25,08,9,8,1,,,,
2014/01/25,09,59,52,7,,,,
2014/01/25,10,137,93,44,,,,
2014/01/25,11,126,79,47,,,,
2014/01/25,12,120,74,46,,,,
2014/01/25,13,115,69,46,,,,
2014/01/25,14,111,65,46,,,,
2014/01/25,15,115,69,46,,,,
2014/01/25,16,115,69,46,,,,
2014/01/25,17,110,61,49,,,,
2014/01/25,18,121,73,48,,,,
2014/01/25,19,110,65,45,,,,
2014/01/25,20,118,72,46,,,,
2014/01/25,21,32,19,13,,,,
2014/01/25,22,2,0,2,,,,
2014/01/25,23,5,3,2,,,,
2014/01/25,24,3,2,1,,,,
2014/01/26,01,3,1,2,,,,
2014/01/26,02,5,3,2,,,,
2014/01/26,03,2,1,1,,,,
2014/01/26,04,4,3,1,,,,
2014/01/26,05,4,2,2,,,,
2014/01/26,06,3,2,1,,,,
2014/01/26,07,5,3,2,,,,
2014/01/26,08,10,8,2,,,,
2014/01/26,09,31,25,6,,,,
2014/01/26,10,125,78,47,,,,
2014/01/26,11,105,59,46,,,,
2014/01/26,12,112,64,48,,,,
2014/01/26,13,102,60,42,,,,
2014/01/26,14,105,59,46,,,,
2014/01/26,15,101,56,45,,,,
2014/01/26,16,111,66,45,,,,
2014/01/26,17,119,70,49,,,,
2014/01/26,18,119,74,45,,,,
2014/01/26,19,114,68,46,,,,
2014/01/26,20,122,75,47,,,,
2014/01/26,21,44,32,12,,,,
2014/01/26,22,3,2,1,,,,
2014/01/26,23,4,2,2,,,,
2014/01/26,24,3,2,1,,,,
2014/01/27,01,3,2,1,,,,
2014/01/27,02,3,2,1,,,,
2014/01/27,03,4,3,1,,,,
2014/01/27,04,3,2,1,,,,
2014/01/27,05,3,2,1,,,,
2014/01/27,06,3,2,1,,,,
2014/01/27,07,2,1,1,,,,
2014/01/27,08,30,29,1,,,,
2014/01/27,09,88,80,8,,,,
2014/01/27,10,129,86,43,,,,
2014/01/27,11,123,79,44,,,,
2014/01/27,12,124,76,48,,,,
2014/01/27,13,126,77,49,,,,
2014/01/27,14,118,74,44,,,,
2014/01/27,15,120,74,46,,,,
2014/01/27,16,120,77,43,,,,
2014/01/27,17,127,79,48,,,,
2014/01/27,18,126,79,47,,,,
2014/01/27,19,124,80,44,,,,
2014/01/27,20,132,85,47,,,,
2014/01/27,21,39,22,17,,,,
2014/01/27,22,2,1,1,,,,
2014/01/27,23,3,1,2,,,,
2014/01/27,24,5,3,2,,,,
2014/01/28,01,2,1,1,,,,
2014/01/28,02,4,3,1,,,,
2014/01/28,03,5,2,3,,,,
2014/01/28,04,3,2,1,,,,
2014/01/28,05,2,2,0,,,,
2014/01/28,06,4,3,1,,,,
2014/01/28,07,3,1,2,,,,
2014/01/28,08,30,29,1,,,,
2014/01/28,09,81,74,7,,,,
2014/01/28,10,131,85,46,,,,
2014/01/28,11,126,80,46,,,,
2014/01/28,12,124,79,45,,,,
2014/01/28,13,116,72,44,,,,
2014/01/28,14,114,68,46,,,,
2014/01/28,15,113,67,46,,,,
2014/01/28,16,113,69,44,,,,
2014/01/28,17,116,70,46,,,,
2014/01/28,18,115,71,44,,,,
2014/01/28,19,117,72,45,,,,
2014/01/28,20,116,74,42,,,,
2014/01/28,21,58,31,27,,,,
2014/01/28,22,4,2,2,,,,
2014/01/28,23,4,3,1,,,,
2014/01/28,24,3,2,1,,,,
2014/01/29,01,4,2,2,,,,
2014/01/29,02,3,2,1,,,,
2014/01/29,03,3,2,1,,,,
2014/01/29,04,3,2,1,,,,
2014/01/29,05,5,3,2,,,,
2014/01/29,06,2,1,1,,,,
2014/01/29,07,4,3,1,,,,
2014/01/29,08,11,10,1,,,,
2014/01/29,09,73,68,5,,,,
2014/01/29,10,122,79,43,,,,
2014/01/29,11,112,68,44,,,,
2014/01/29,12,114,67,47,,,,
2014/01/29,13,110,62,48,,,,
2014/01/29,14,110,64,46,,,,
2014/01/29,15,112,66,46,,,,
2014/01/29,16,110,65,45,,,,
2014/01/29,17,107,61,46,,,,
2014/01/29,18,106,62,44,,,,
2014/01/29,19,113,68,45,,,,
2014/01/29,20,119,75,44,,,,
2014/01/29,21,35,22,13,,,,
2014/01/29,22,5,3,2,,,,
2014/01/29,23,4,2,2,,,,
2014/01/29,24,2,2,0,,,,
2014/01/30,01,3,2,1,,,,
2014/01/30,02,2,2,0,,,,
2014/01/30,03,3,2,1,,,,
2014/01/30,04,3,2,1,,,,
2014/01/30,05,4,2,2,,,,
2014/01/30,06,5,3,2,,,,
2014/01/30,07,4,2,2,,,,
2014/01/30,08,30,29,1,,,,
2014/01/30,09,91,79,12,,,,
2014/01/30,10,141,96,45,,,,
2014/01/30,11,130,87,43,,,,
2014/01/30,12,129,83,46,,,,
2014/01/30,13,123,78,45,,,,
2014/01/30,14,110,67,43,,,,
2014/01/30,15,122,76,46,,,,
2014/01/30,16,116,71,45,,,,
2014/01/30,17,121,76,45,,,,
2014/01/30,18,123,75,48,,,,
2014/01/30,19,113,68,45,,,,
2014/01/30,20,117,70,47,,,,
2014/01/30,21,30,18,12,,,,
2014/01/30,22,3,2,1,,,,
2014/01/30,23,4,2,2,,,,
2014/01/30,24,4,2,2,,,,
2014/01/31,01,3,2,1,,,,
2014/01/31,02,3,1,2,,,,
2014/01/31,03,4,3,1,,,,
2014/01/31,04,2,2,0,,,,
2014/01/31,05,4,3,1,,,,
2014/01/31,06,2,2,0,,,,
2014/01/31,07,3,1,2,,,,
2014/01/31,08,24,22,2,,,,
2014/01/31,09,68,62,6,,,,
2014/01/31,10,124,79,45,,,,
2014/01/31,11,94,47,47,,,,
2014/01/31,12,83,38,45,,,,
2014/01/31,13,82,38,44,,,,
2014/01/31,14,88,42,46,,,,
2014/01/31,15,80,36,44,,,,
2014/01/31,16,86,43,43,,,,
2014/01/31,17,83,39,44,,,,
2014/01/31,18,83,40,43,,,,
2014/01/31,19,94,44,50,,,,
2014/01/31,20,85,39,46,,,,
2014/01/31,21,28,17,11,,,,
2014/01/31,22,1,0,1,,,,
2014/01/31,23,4,2,2,,,,
2014/01/31,24,5,3,2,,,,
2014/02/01,01,2,1,1,,,,
2014/02/01,02,5,3,2,,,,
2014/02/01,03,3,1,2,,,,
2014/02/01,04,2,2,0,,,,
2014/02/01,05,4,3,1,,,,
2014/02/01,06,4,2,2,,,,
2014/02/01,07,4,3,1,,,,
2014/02/01,08,30,29,1,,,,
2014/02/01,09,77,69,8,,,,
2014/02/01,10,127,83,44,,,,
2014/02/01,11,113,67,46,,,,
2014/02/01,12,87,40,47,,,,
2014/02/01,13,83,39,44,,,,
2014/02/01,14,86,38,48,,,,
2014/02/01,15,85,41,44,,,,
2014/02/01,16,88,39,49,,,,
2014/02/01,17,86,42,44,,,,
2014/02/01,18,88,41,47,,,,
2014/02/01,19,85,40,45,,,,
2014/02/01,20,91,44,47,,,,
2014/02/01,21,34,18,16,,,,
2014/02/01,22,6,4,2,,,,
2014/02/01,23,4,2,2,,,,
2014/02/01,24,2,0,2,,,,
2014/02/02,01,5,4,1,,,,
2014/02/02,02,3,1,2,,,,
2014/02/02,03,4,4,0,,,,
2014/02/02,04,3,2,1,,,,
2014/02/02,05,1,0,1,,,,
2014/02/02,06,4,4,0,,,,
2014/02/02,07,2,1,1,,,,
2014/02/02,08,24,21,3,,,,
2014/02/02,09,38,30,8,,,,
2014/02/02,10,137,92,45,,,,
2014/02/02,11,122,77,45,,,,
2014/02/02,12,108,62,46,,,,
2014/02/02,13,110,66,44,,,,
2014/02/02,14,90,46,44,,,,
2014/02/02,15,91,43,48,,,,
2014/02/02,16,87,41,46,,,,
2014/02/02,17,85,42,43,,,,
2014/02/02,18,87,40,47,,,,
2014/02/02,19,82,40,42,,,,
2014/02/02,20,86,42,44,,,,
2014/02/02,21,23,14,9,,,,
2014/02/02,22,3,2,1,,,,
2014/02/02,23,3,1,2,,,,
2014/02/02,24,4,3,1,,,,
2014/02/03,01,4,2,2,,,,
2014/02/03,02,4,2,2,,,,
2014/02/03,03,2,2,0,,,,
2014/02/03,04,3,1,2,,,,
2014/02/03,05,5,3,2,,,,
2014/02/03,06,4,2,2,,,,
2014/02/03,07,5,4,1,,,,
2014/02/03,08,2,1,1,,,,
2014/02/03,09,35,26,9,,,,
2014/02/03,10,118,75,43,,,,
2014/02/03,11,84,39,45,,,,
2014/02/03,12,84,39,45,,,,
2014/02/03,13,87,40,47,,,,
2014/02/03,14,84,39,45,,,,
2014/02/03,15,88,41,47,,,,
2014/02/03,16,87,40,47,,,,
2014/02/03,17,84,41,43,,,,
2014/02/03,18,86,40,46,,,,
2014/02/03,19,87,41,46,,,,
2014/02/03,20,86,42,44,,,,
2014/02/03,21,27,16,11,,,,
2014/02/03,22,4,2,2,,,,
2014/02/03,23,4,3,1,,,,
2014/02/03,24,3,1,2,,,,
2014/02/04,01,5,4,1,,,,
2014/02/04,02,2,0,2,,,,
2014/02/04,03,4,3,1,,,,
2014/02/04,04,3,2,1,,,,
2014/02/04,05,2,1,1,,,,
2014/02/04,06,6,4,2,,,,
2014/02/04,07,1,0,1,,,,
2014/02/04,08,9,7,2,,,,
2014/02/04,09,62,55,7,,,,
2014/02/04,10,131,87,44,,,,
2014/02/04,11,108,61,47,,,,
2014/02/04,12,110,64,46,,,,
2014/02/04,13,131,85,46,,,,
2014/02/04,14,103,59,44,,,,
2014/02/04,15,105,61,44,,,,
2014/02/04,16,127,81,46,,,,
2014/02/04,17,115,71,44,,,,
2014/02/04,18,107,61,46,,,,
2014/02/04,19,119,73,46,,,,
2014/02/04,20,112,71,41,,,,
2014/02/04,21,22,14,8,,,,
2014/02/04,22,3,1,2,,,,
2014/02/04,23,3,2,1,,,,
2014/02/04,24,2,2,0,,,,
2014/02/05,01,4,2,2,,,,
2014/02/05,02,4,3,1,,,,
2014/02/05,03,3,2,1,,,,
2014/02/05,04,4,2,2,,,,
2014/02/05,05,4,2,2,,,,
2014/02/05,06,4,3,1,,,,
2014/02/05,07,1,0,1,,,,
2014/02/05,08,16,14,2,,,,
2014/02/05,09,63,56,7,,,,
2014/02/05,10,151,105,46,,,,
2014/02/05,11,122,75,47,,,,
2014/02/05,12,129,84,45,,,,
2014/02/05,13,116,74,42,,,,
2014/02/05,14,126,84,42,,,,
2014/02/05,15,130,84,46,,,,
2014/02/05,16,124,76,48,,,,
2014/02/05,17,120,77,43,,,,
2014/02/05,18,135,89,46,,,,
2014/02/05,19,120,75,45,,,,
2014/02/05,20,123,77,46,,,,
2014/02/05,21,45,32,13,,,,
2014/02/05,22,2,1,1,,,,
2014/02/05,23,4,3,1,,,,
2014/02/05,24,3,2,1,,,,
2014/02/06,01,3,1,2,,,,
2014/02/06,02,5,4,1,,,,
2014/02/06,03,2,0,2,,,,
2014/02/06,04,5,3,2,,,,
2014/02/06,05,5,3,2,,,,
2014/02/06,06,2,1,1,,,,
2014/02/06,07,4,3,1,,,,
2014/02/06,08,14,14,0,,,,
2014/02/06,09,55,51,4,,,,
2014/02/06,10,140,96,44,,,,
2014/02/06,11,126,82,44,,,,
2014/02/06,12,127,81,46,,,,
2014/02/06,13,122,76,46,,,,
2014/02/06,14,117,71,46,,,,
2014/02/06,15,127,77,50,,,,
2014/02/06,16,125,79,46,,,,
2014/02/06,17,120,74,46,,,,
2014/02/06,18,125,81,44,,,,
2014/02/06,19,130,84,46,,,,
2014/02/06,20,125,77,48,,,,
2014/02/06,21,26,17,9,,,,
2014/02/06,22,4,3,1,,,,
2014/02/06,23,3,2,1,,,,
2014/02/06,24,32,31,1,,,,
2014/02/07,01,44,43,1,,,,
2014/02/07,02,44,43,1,,,,
2014/02/07,03,43,42,1,,,,
2014/02/07,04,42,41,1,,,,
2014/02/07,05,33,32,1,,,,
2014/02/07,06,3,1,2,,,,
2014/02/07,07,4,3,1,,,,
2014/02/07,08,4,4,0,,,,
2014/02/07,09,69,62,7,,,,
2014/02/07,10,137,94,43,,,,
2014/02/07,11,117,72,45,,,,
2014/02/07,12,126,79,47,,,,
2014/02/07,13,112,71,41,,,,
2014/02/07,14,118,72,46,,,,
2014/02/07,15,115,71,44,,,,
2014/02/07,16,119,73,46,,,,
2014/02/07,17,121,77,44,,,,
2014/02/07,18,125,79,46,,,,
2014/02/07,19,123,78,45,,,,
2014/02/07,20,115,72,43,,,,
2014/02/07,21,37,27,10,,,,
2014/02/07,22,4,2,2,,,,
2014/02/07,23,4,3,1,,,,
2014/02/07,24,4,2,2,,,,
2014/02/08,01,3,2,1,,,,
2014/02/08,02,4,2,2,,,,
2014/02/08,03,4,2,2,,,,
2014/02/08,04,3,2,1,,,,
2014/02/08,05,4,3,1,,,,
2014/02/08,06,4,2,2,,,,
2014/02/08,07,1,1,0,,,,
2014/02/08,08,29,27,2,,,,
2014/02/08,09,69,62,7,,,,
2014/02/08,10,174,129,45,,,,
2014/02/08,11,135,90,45,,,,
2014/02/08,12,131,86,45,,,,
2014/02/08,13,143,93,50,,,,
2014/02/08,14,138,91,47,,,,
2014/02/08,15,135,90,45,,,,
2014/02/08,16,135,92,43,,,,
2014/02/08,17,142,93,49,,,,
2014/02/08,18,134,89,45,,,,
2014/02/08,19,130,84,46,,,,
2014/02/08,20,140,92,48,,,,
2014/02/08,21,33,22,11,,,,
2014/02/08,22,9,8,1,,,,
2014/02/08,23,5,3,2,,,,
2014/02/08,24,3,1,2,,,,
2014/02/09,01,5,4,1,,,,
2014/02/09,02,3,1,2,,,,
2014/02/09,03,3,1,2,,,,
2014/02/09,04,5,4,1,,,,
2014/02/09,05,2,0,2,,,,
2014/02/09,06,7,5,2,,,,
2014/02/09,07,2,1,1,,,,
2014/02/09,08,12,10,2,,,,
2014/02/09,09,63,56,7,,,,
2014/02/09,10,133,88,45,,,,
2014/02/09,11,113,64,49,,,,
2014/02/09,12,99,54,45,,,,
2014/02/09,13,80,38,42,,,,
2014/02/09,14,87,40,47,,,,
2014/02/09,15,85,40,45,,,,
2014/02/09,16,85,39,46,,,,
2014/02/09,17,105,59,46,,,,
2014/02/09,18,115,69,46,,,,
2014/02/09,19,120,75,45,,,,
2014/02/09,20,110,68,42,,,,
2014/02/09,21,38,24,14,,,,
2014/02/09,22,3,1,2,,,,
2014/02/09,23,3,2,1,,,,
2014/02/09,24,3,2,1,,,,
2014/02/10,01,3,2,1,,,,
2014/02/10,02,3,2,1,,,,
2014/02/10,03,3,3,0,,,,
2014/02/10,04,2,2,0,,,,
2014/02/10,05,2,2,0,,,,
2014/02/10,06,3,2,1,,,,
2014/02/10,07,4,2,2,,,,
2014/02/10,08,6,5,1,,,,
2014/02/10,09,77,73,4,,,,
2014/02/10,10,134,88,46,,,,
2014/02/10,11,114,68,46,,,,
2014/02/10,12,108,64,44,,,,
2014/02/10,13,105,60,45,,,,
2014/02/10,14,122,74,48,,,,
2014/02/10,15,112,67,45,,,,
2014/02/10,16,108,63,45,,,,
2014/02/10,17,127,81,46,,,,
2014/02/10,18,121,73,48,,,,
2014/02/10,19,114,68,46,,,,
2014/02/10,20,128,84,44,,,,
2014/02/10,21,31,19,12,,,,
2014/02/10,22,2,0,2,,,,
2014/02/10,23,4,2,2,,,,
2014/02/10,24,4,3,1,,,,
2014/02/11,01,2,0,2,,,,
2014/02/11,02,7,5,2,,,,
2014/02/11,03,1,0,1,,,,
2014/02/11,04,5,4,1,,,,
2014/02/11,05,2,1,1,,,,
2014/02/11,06,1,0,1,,,,
2014/02/11,07,6,5,1,,,,
2014/02/11,08,21,19,2,,,,
2014/02/11,09,68,64,4,,,,
2014/02/11,10,139,93,46,,,,
2014/02/11,11,113,65,48,,,,
2014/02/11,12,113,67,46,,,,
2014/02/11,13,105,61,44,,,,
2014/02/11,14,105,59,46,,,,
2014/02/11,15,86,42,44,,,,
2014/02/11,16,86,39,47,,,,
2014/02/11,17,117,70,47,,,,
2014/02/11,18,113,67,46,,,,
2014/02/11,19,129,81,48,,,,
2014/02/11,20,119,71,48,,,,
2014/02/11,21,27,16,11,,,,
2014/02/11,22,3,1,2,,,,
2014/02/11,23,4,3,1,,,,
2014/02/11,24,3,2,1,,,,
2014/02/12,01,5,3,2,,,,
2014/02/12,02,3,2,1,,,,
2014/02/12,03,2,2,0,,,,
2014/02/12,04,4,2,2,,,,
2014/02/12,05,3,1,2,,,,
2014/02/12,06,4,3,1,,,,
2014/02/12,07,4,2,2,,,,
2014/02/12,08,30,29,1,,,,
2014/02/12,09,73,68,5,,,,
2014/02/12,10,119,82,37,,,,
2014/02/12,11,78,40,38,,,,
2014/02/12,12,76,37,39,,,,
2014/02/12,13,77,40,37,,,,
2014/02/12,14,77,37,40,,,,
2014/02/12,15,79,40,39,,,,
2014/02/12,16,75,37,38,,,,
2014/02/12,17,76,38,38,,,,
2014/02/12,18,77,39,38,,,,
2014/02/12,19,10,4,6,,,,
2014/02/12,20,6,4,2,,,,
2014/02/12,21,4,2,2,,,,
2014/02/12,22,4,3,1,,,,
2014/02/12,23,3,2,1,,,,
2014/02/12,24,3,1,2,,,,
2014/02/13,01,2,2,0,,,,
2014/02/13,02,3,2,1,,,,
2014/02/13,03,3,2,1,,,,
2014/02/13,04,4,3,1,,,,
2014/02/13,05,2,1,1,,,,
2014/02/13,06,3,3,0,,,,
2014/02/13,07,5,3,2,,,,
2014/02/13,08,30,29,1,,,,
2014/02/13,09,68,64,4,,,,
2014/02/13,10,120,76,44,,,,
2014/02/13,11,124,79,45,,,,
2014/02/13,12,108,63,45,,,,
2014/02/13,13,107,62,45,,,,
2014/02/13,14,120,74,46,,,,
2014/02/13,15,114,68,46,,,,
2014/02/13,16,101,55,46,,,,
2014/02/13,17,114,69,45,,,,
2014/02/13,18,126,80,46,,,,
2014/02/13,19,105,61,44,,,,
2014/02/13,20,112,66,46,,,,
2014/02/13,21,23,15,8,,,,
2014/02/13,22,3,2,1,,,,
2014/02/13,23,2,2,0,,,,
2014/02/13,24,5,3,2,,,,
2014/02/14,01,2,1,1,,,,
2014/02/14,02,4,2,2,,,,
2014/02/14,03,3,2,1,,,,
2014/02/14,04,4,2,2,,,,
2014/02/14,05,5,4,1,,,,
2014/02/14,06,2,0,2,,,,
2014/02/14,07,5,4,1,,,,
2014/02/14,08,30,29,1,,,,
2014/02/14,09,95,87,8,,,,
2014/02/14,10,162,119,43,,,,
2014/02/14,11,141,94,47,,,,
2014/02/14,12,138,93,45,,,,
2014/02/14,13,141,95,46,,,,
2014/02/14,14,134,88,46,,,,
2014/02/14,15,133,87,46,,,,
2014/02/14,16,130,85,45,,,,
2014/02/14,17,135,89,46,,,,
2014/02/14,18,130,86,44,,,,
2014/02/14,19,136,89,47,,,,
2014/02/14,20,132,87,45,,,,
2014/02/14,21,33,23,10,,,,
2014/02/14,22,6,4,2,,,,
2014/02/14,23,2,2,0,,,,
2014/02/14,24,4,2,2,,,,
2014/02/15,01,3,2,1,,,,
2014/02/15,02,5,4,1,,,,
2014/02/15,03,3,2,1,,,,
2014/02/15,04,3,1,2,,,,
2014/02/15,05,3,2,1,,,,
2014/02/15,06,3,2,1,,,,
2014/02/15,07,3,2,1,,,,
2014/02/15,08,11,9,2,,,,
2014/02/15,09,73,68,5,,,,
2014/02/15,10,133,87,46,,,,
2014/02/15,11,111,68,43,,,,
2014/02/15,12,106,61,45,,,,
2014/02/15,13,111,67,44,,,,
2014/02/15,14,109,64,45,,,,
2014/02/15,15,108,62,46,,,,
2014/02/15,16,103,55,48,,,,
2014/02/15,17,110,67,43,,,,
2014/02/15,18,109,63,46,,,,
2014/02/15,19,109,62,47,,,,
2014/02/15,20,108,61,47,,,,
2014/02/15,21,32,18,14,,,,
2014/02/15,22,5,3,2,,,,
2014/02/15,23,3,2,1,,,,
2014/02/15,24,4,2,2,,,,
2014/02/16,01,3,1,2,,,,
2014/02/16,02,4,2,2,,,,
2014/02/16,03,4,3,1,,,,
2014/02/16,04,3,2,1,,,,
2014/02/16,05,4,2,2,,,,
2014/02/16,06,4,3,1,,,,
2014/02/16,07,2,1,1,,,,
2014/02/16,08,12,12,0,,,,
2014/02/16,09,73,68,5,,,,
2014/02/16,10,117,71,46,,,,
2014/02/16,11,110,62,48,,,,
2014/02/16,12,103,54,49,,,,
2014/02/16,13,97,51,46,,,,
2014/02/16,14,100,53,47,,,,
2014/02/16,15,96,52,44,,,,
2014/02/16,16,97,50,47,,,,
2014/02/16,17,95,47,48,,,,
2014/02/16,18,100,56,44,,,,
2014/02/16,19,104,56,48,,,,
2014/02/16,20,99,54,45,,,,
2014/02/16,21,28,19,9,,,,
2014/02/16,22,9,7,2,,,,
2014/02/16,23,5,3,2,,,,
2014/02/16,24,3,2,1,,,,
2014/02/17,01,3,2,1,,,,
2014/02/17,02,5,3,2,,,,
2014/02/17,03,2,1,1,,,,
2014/02/17,04,2,1,1,,,,
2014/02/17,05,5,3,2,,,,
2014/02/17,06,4,2,2,,,,
2014/02/17,07,5,4,1,,,,
2014/02/17,08,30,29,1,,,,
2014/02/17,09,79,72,7,,,,
2014/02/17,10,134,90,44,,,,
2014/02/17,11,123,76,47,,,,
2014/02/17,12,108,59,49,,,,
2014/02/17,13,99,52,47,,,,
2014/02/17,14,101,57,44,,,,
2014/02/17,15,110,62,48,,,,
2014/02/17,16,104,57,47,,,,
2014/02/17,17,108,62,46,,,,
2014/02/17,18,110,66,44,,,,
2014/02/17,19,109,64,45,,,,
2014/02/17,20,115,69,46,,,,
2014/02/17,21,34,19,15,,,,
2014/02/17,22,6,4,2,,,,
2014/02/17,23,2,0,2,,,,
2014/02/17,24,3,2,1,,,,
2014/02/18,01,5,3,2,,,,
2014/02/18,02,2,1,1,,,,
2014/02/18,03,5,4,1,,,,
2014/02/18,04,3,1,2,,,,
2014/02/18,05,4,2,2,,,,
2014/02/18,06,4,3,1,,,,
2014/02/18,07,3,1,2,,,,
2014/02/18,08,30,29,1,,,,
2014/02/18,09,72,67,5,,,,
2014/02/18,10,128,81,47,,,,
2014/02/18,11,109,62,47,,,,
2014/02/18,12,102,60,42,,,,
2014/02/18,13,104,56,48,,,,
2014/02/18,14,99,53,46,,,,
2014/02/18,15,98,52,46,,,,
2014/02/18,16,100,54,46,,,,
2014/02/18,17,103,57,46,,,,
2014/02/18,18,102,56,46,,,,
2014/02/18,19,100,55,45,,,,
2014/02/18,20,101,57,44,,,,
2014/02/18,21,34,18,16,,,,
2014/02/18,22,5,3,2,,,,
2014/02/18,23,4,2,2,,,,
2014/02/18,24,3,1,2,,,,
2014/02/19,01,4,3,1,,,,
2014/02/19,02,1,1,0,,,,
2014/02/19,03,4,3,1,,,,
2014/02/19,04,4,3,1,,,,
2014/02/19,05,2,0,2,,,,
2014/02/19,06,5,4,1,,,,
2014/02/19,07,2,1,1,,,,
2014/02/19,08,4,3,1,,,,
2014/02/19,09,73,69,4,,,,
2014/02/19,10,141,92,49,,,,
2014/02/19,11,112,69,43,,,,
2014/02/19,12,111,67,44,,,,
2014/02/19,13,104,59,45,,,,
2014/02/19,14,107,63,44,,,,
2014/02/19,15,103,60,43,,,,
2014/02/19,16,104,58,46,,,,
2014/02/19,17,110,65,45,,,,
2014/02/19,18,109,64,45,,,,
2014/02/19,19,104,59,45,,,,
2014/02/19,20,119,74,45,,,,
2014/02/19,21,43,29,14,,,,
2014/02/19,22,2,0,2,,,,
2014/02/19,23,3,2,1,,,,
2014/02/19,24,4,3,1,,,,
2014/02/20,01,1,0,1,,,,
2014/02/20,02,7,6,1,,,,
2014/02/20,03,2,0,2,,,,
2014/02/20,04,5,3,2,,,,
2014/02/20,05,2,2,0,,,,
2014/02/20,06,2,0,2,,,,
2014/02/20,07,6,4,2,,,,
2014/02/20,08,2,1,1,,,,
2014/02/20,09,81,78,3,,,,
2014/02/20,10,151,104,47,,,,
2014/02/20,11,127,82,45,,,,
2014/02/20,12,112,69,43,,,,
2014/02/20,13,101,54,47,,,,
2014/02/20,14,108,60,48,,,,
2014/02/20,15,111,66,45,,,,
2014/02/20,16,110,66,44,,,,
2014/02/20,17,114,68,46,,,,
2014/02/20,18,111,65,46,,,,
2014/02/20,19,107,62,45,,,,
2014/02/20,20,122,76,46,,,,
2014/02/20,21,33,23,10,,,,
2014/02/20,22,4,3,1,,,,
2014/02/20,23,3,2,1,,,,
2014/02/20,24,3,1,2,,,,
2014/02/21,01,6,4,2,,,,
2014/02/21,02,3,1,2,,,,
2014/02/21,03,4,3,1,,,,
2014/02/21,04,2,1,1,,,,
2014/02/21,05,4,2,2,,,,
2014/02/21,06,4,3,1,,,,
2014/02/21,07,4,3,1,,,,
2014/02/21,08,30,29,1,,,,
2014/02/21,09,73,66,7,,,,
2014/02/21,10,135,88,47,,,,
2014/02/21,11,105,60,45,,,,
2014/02/21,12,101,57,44,,,,
2014/02/21,13,108,59,49,,,,
2014/02/21,14,113,68,45,,,,
2014/02/21,15,106,60,46,,,,
2014/02/21,16,102,57,45,,,,
2014/02/21,17,112,67,45,,,,
2014/02/21,18,115,70,45,,,,
2014/02/21,19,126,77,49,,,,
2014/02/21,20,112,67,45,,,,
2014/02/21,21,22,14,8,,,,
2014/02/21,22,6,4,2,,,,
2014/02/21,23,2,0,2,,,,
2014/02/21,24,4,2,2,,,,
2014/02/22,01,4,3,1,,,,
2014/02/22,02,4,2,2,,,,
2014/02/22,03,4,2,2,,,,
2014/02/22,04,3,2,1,,,,
2014/02/22,05,4,2,2,,,,
2014/02/22,06,3,3,0,,,,
2014/02/22,07,4,2,2,,,,
2014/02/22,08,68,64,4,,,,
2014/02/22,09,70,62,8,,,,
2014/02/22,10,130,86,44,,,,
2014/02/22,11,105,59,46,,,,
2014/02/22,12,104,57,47,,,,
2014/02/22,13,100,55,45,,,,
2014/02/22,14,101,55,46,,,,
2014/02/22,15,96,54,42,,,,
2014/02/22,16,100,52,48,,,,
2014/02/22,17,103,54,49,,,,
2014/02/22,18,104,57,47,,,,
2014/02/22,19,104,55,49,,,,
2014/02/22,20,110,64,46,,,,
2014/02/22,21,43,22,21,,,,
2014/02/22,22,5,3,2,,,,
2014/02/22,23,4,3,1,,,,
2014/02/22,24,3,1,2,,,,
2014/02/23,01,4,4,0,,,,
2014/02/23,02,2,1,1,,,,
2014/02/23,03,3,2,1,,,,
2014/02/23,04,4,3,1,,,,
2014/02/23,05,3,1,2,,,,
2014/02/23,06,5,4,1,,,,
2014/02/23,07,2,1,1,,,,
2014/02/23,08,3,1,2,,,,
2014/02/23,09,78,71,7,,,,
2014/02/23,10,132,86,46,,,,
2014/02/23,11,112,67,45,,,,
2014/02/23,12,106,61,45,,,,
2014/02/23,13,103,56,47,,,,
2014/02/23,14,110,61,49,,,,
2014/02/23,15,96,51,45,,,,
2014/02/23,16,94,48,46,,,,
2014/02/23,17,99,54,45,,,,
2014/02/23,18,101,54,47,,,,
2014/02/23,19,98,54,44,,,,
2014/02/23,20,101,54,47,,,,
2014/02/23,21,48,26,22,,,,
2014/02/23,22,8,6,2,,,,
2014/02/23,23,2,2,0,,,,
2014/02/23,24,3,2,1,,,,
2014/02/24,01,3,2,1,,,,
2014/02/24,02,2,1,1,,,,
2014/02/24,03,5,4,1,,,,
2014/02/24,04,2,2,0,,,,
2014/02/24,05,3,1,2,,,,
2014/02/24,06,5,4,1,,,,
2014/02/24,07,1,0,1,,,,
2014/02/24,08,11,9,2,,,,
2014/02/24,09,78,71,7,,,,
2014/02/24,10,136,92,44,,,,
2014/02/24,11,114,69,45,,,,
2014/02/24,12,114,67,47,,,,
2014/02/24,13,105,61,44,,,,
2014/02/24,14,95,52,43,,,,
2014/02/24,15,104,60,44,,,,
2014/02/24,16,104,58,46,,,,
2014/02/24,17,99,55,44,,,,
2014/02/24,18,107,61,46,,,,
2014/02/24,19,114,69,45,,,,
2014/02/24,20,112,68,44,,,,
2014/02/24,21,23,15,8,,,,
2014/02/24,22,3,2,1,,,,
2014/02/24,23,4,2,2,,,,
2014/02/24,24,4,2,2,,,,
2014/02/25,01,4,3,1,,,,
2014/02/25,02,3,1,2,,,,
2014/02/25,03,5,3,2,,,,
2014/02/25,04,3,2,1,,,,
2014/02/25,05,3,2,1,,,,
2014/02/25,06,1,1,0,,,,
2014/02/25,07,3,3,0,,,,
2014/02/25,08,4,3,1,,,,
2014/02/25,09,73,65,8,,,,
2014/02/25,10,133,89,44,,,,
2014/02/25,11,88,46,42,,,,
2014/02/25,12,82,37,45,,,,
2014/02/25,13,86,42,44,,,,
2014/02/25,14,82,38,44,,,,
2014/02/25,15,87,40,47,,,,
2014/02/25,16,87,40,47,,,,
2014/02/25,17,85,39,46,,,,
2014/02/25,18,87,43,44,,,,
2014/02/25,19,84,40,44,,,,
2014/02/25,20,87,42,45,,,,
2014/02/25,21,59,30,29,,,,
2014/02/25,22,3,1,2,,,,
2014/02/25,23,4,3,1,,,,
2014/02/25,24,2,2,0,,,,
2014/02/26,01,3,2,1,,,,
2014/02/26,02,3,2,1,,,,
2014/02/26,03,2,1,1,,,,
2014/02/26,04,5,3,2,,,,
2014/02/26,05,5,3,2,,,,
2014/02/26,06,3,2,1,,,,
2014/02/26,07,4,3,1,,,,
2014/02/26,08,2,0,2,,,,
2014/02/26,09,68,65,3,,,,
2014/02/26,10,136,90,46,,,,
2014/02/26,11,102,57,45,,,,
2014/02/26,12,103,56,47,,,,
2014/02/26,13,102,57,45,,,,
2014/02/26,14,103,57,46,,,,
2014/02/26,15,95,52,43,,,,
2014/02/26,16,101,57,44,,,,
2014/02/26,17,99,52,47,,,,
2014/02/26,18,96,50,46,,,,
2014/02/26,19,97,51,46,,,,
2014/02/26,20,102,56,46,,,,
2014/02/26,21,24,13,11,,,,
2014/02/26,22,4,3,1,,,,
2014/02/26,23,2,1,1,,,,
2014/02/26,24,5,4,1,,,,
2014/02/27,01,2,2,0,,,,
2014/02/27,02,3,1,2,,,,
2014/02/27,03,4,3,1,,,,
2014/02/27,04,2,1,1,,,,
2014/02/27,05,5,3,2,,,,
2014/02/27,06,3,2,1,,,,
2014/02/27,07,2,1,1,,,,
2014/02/27,08,7,7,0,,,,
2014/02/27,09,61,52,9,,,,
2014/02/27,10,116,69,47,,,,
2014/02/27,11,101,58,43,,,,
2014/02/27,12,100,54,46,,,,
2014/02/27,13,103,58,45,,,,
2014/02/27,14,101,54,47,,,,
2014/02/27,15,105,59,46,,,,
2014/02/27,16,102,54,48,,,,
2014/02/27,17,105,62,43,,,,
2014/02/27,18,100,55,45,,,,
2014/02/27,19,94,52,42,,,,
2014/02/27,20,98,52,46,,,,
2014/02/27,21,27,15,12,,,,
2014/02/27,22,4,2,2,,,,
2014/02/27,23,6,4,2,,,,
2014/02/27,24,1,0,1,,,,
2014/02/28,01,6,4,2,,,,
2014/02/28,02,3,1,2,,,,
2014/02/28,03,3,2,1,,,,
2014/02/28,04,5,3,2,,,,
2014/02/28,05,2,0,2,,,,
2014/02/28,06,5,4,1,,,,
2014/02/28,07,2,1,1,,,,
2014/02/28,08,5,4,1,,,,
2014/02/28,09,13,10,3,,,,
2014/02/28,10,85,38,47,,,,
2014/02/28,11,85,40,45,,,,
2014/02/28,12,85,39,46,,,,
2014/02/28,13,88,40,48,,,,
2014/02/28,14,85,40,45,,,,
2014/02/28,15,82,38,44,,,,
2014/02/28,16,86,40,46,,,,
2014/02/28,17,87,41,46,,,,
2014/02/28,18,88,41,47,,,,
2014/02/28,19,87,42,45,,,,
2014/02/28,20,86,39,47,,,,
2014/02/28,21,29,17,12,,,,
2014/02/28,22,4,2,2,,,,
2014/02/28,23,4,2,2,,,,
2014/02/28,24,4,3,1,,,,
2014/03/01,01,3,1,2,,,,
2014/03/01,02,4,4,0,,,,
2014/03/01,03,3,1,2,,,,
2014/03/01,04,3,2,1,,,,
2014/03/01,05,5,3,2,,,,
2014/03/01,06,2,0,2,,,,
2014/03/01,07,6,4,2,,,,
2014/03/01,08,2,1,1,,,,
2014/03/01,09,49,40,9,,,,
2014/03/01,10,101,58,43,,,,
2014/03/01,11,98,53,45,,,,
2014/03/01,12,97,54,43,,,,
2014/03/01,13,87,41,46,,,,
2014/03/01,14,81,38,43,,,,
2014/03/01,15,88,43,45,,,,
2014/03/01,16,86,40,46,,,,
2014/03/01,17,88,40,48,,,,
2014/03/01,18,86,42,44,,,,
2014/03/01,19,87,41,46,,,,
2014/03/01,20,89,43,46,,,,
2014/03/01,21,28,15,13,,,,
2014/03/01,22,2,2,0,,,,
2014/03/01,23,5,3,2,,,,
2014/03/01,24,4,2,2,,,,
2014/03/02,01,2,2,0,,,,
2014/03/02,02,3,2,1,,,,
2014/03/02,03,3,1,2,,,,
2014/03/02,04,5,3,2,,,,
2014/03/02,05,3,2,1,,,,
2014/03/02,06,1,1,0,,,,
2014/03/02,07,7,5,2,,,,
2014/03/02,08,30,29,1,,,,
2014/03/02,09,17,11,6,,,,
2014/03/02,10,89,41,48,,,,
2014/03/02,11,82,39,43,,,,
2014/03/02,12,87,42,45,,,,
2014/03/02,13,82,37,45,,,,
2014/03/02,14,88,40,48,,,,
2014/03/02,15,88,40,48,,,,
2014/03/02,16,85,39,46,,,,
2014/03/02,17,87,41,46,,,,
2014/03/02,18,83,38,45,,,,
2014/03/02,19,87,41,46,,,,
2014/03/02,20,85,42,43,,,,
2014/03/02,21,39,21,18,,,,
2014/03/02,22,9,7,2,,,,
2014/03/02,23,5,4,1,,,,
2014/03/02,24,2,1,1,,,,
2014/03/03,01,3,3,0,,,,
2014/03/03,02,2,1,1,,,,
2014/03/03,03,3,1,2,,,,
2014/03/03,04,7,5,2,,,,
2014/03/03,05,1,1,0,,,,
2014/03/03,06,3,2,1,,,,
2014/03/03,07,2,2,0,,,,
2014/03/03,08,3,3,0,,,,
2014/03/03,09,19,14,5,,,,
2014/03/03,10,87,41,46,,,,
2014/03/03,11,85,40,45,,,,
2014/03/03,12,87,41,46,,,,
2014/03/03,13,84,38,46,,,,
2014/03/03,14,87,41,46,,,,
2014/03/03,15,85,39,46,,,,
2014/03/03,16,81,38,43,,,,
2014/03/03,17,88,43,45,,,,
2014/03/03,18,86,39,47,,,,
2014/03/03,19,90,44,46,,,,
2014/03/03,20,85,40,45,,,,
2014/03/03,21,32,17,15,,,,
2014/03/03,22,5,3,2,,,,
2014/03/03,23,2,1,1,,,,
2014/03/03,24,2,2,0,,,,
2014/03/04,01,5,3,2,,,,
2014/03/04,02,3,2,1,,,,
2014/03/04,03,2,1,1,,,,
2014/03/04,04,5,3,2,,,,
2014/03/04,05,2,1,1,,,,
2014/03/04,06,6,4,2,,,,
2014/03/04,07,2,1,1,,,,
2014/03/04,08,6,4,2,,,,
2014/03/04,09,70,63,7,,,,
2014/03/04,10,119,75,44,,,,
2014/03/04,11,113,68,45,,,,
2014/03/04,12,104,57,47,,,,
2014/03/04,13,108,61,47,,,,
2014/03/04,14,107,61,46,,,,
2014/03/04,15,106,60,46,,,,
2014/03/04,16,102,55,47,,,,
2014/03/04,17,114,68,46,,,,
2014/03/04,18,102,59,43,,,,
2014/03/04,19,102,56,46,,,,
2014/03/04,20,101,54,47,,,,
2014/03/04,21,23,15,8,,,,
2014/03/04,22,3,2,1,,,,
2014/03/04,23,3,2,1,,,,
2014/03/04,24,4,2,2,,,,
2014/03/05,01,4,2,2,,,,
2014/03/05,02,6,4,2,,,,
2014/03/05,03,2,1,1,,,,
2014/03/05,04,3,2,1,,,,
2014/03/05,05,4,2,2,,,,
2014/03/05,06,1,1,0,,,,
2014/03/05,07,6,4,2,,,,
2014/03/05,08,4,3,1,,,,
2014/03/05,09,23,20,3,,,,
2014/03/05,10,125,78,47,,,,
2014/03/05,11,106,59,47,,,,
2014/03/05,12,100,55,45,,,,
2014/03/05,13,100,56,44,,,,
2014/03/05,14,105,57,48,,,,
2014/03/05,15,96,49,47,,,,
2014/03/05,16,88,42,46,,,,
2014/03/05,17,99,56,43,,,,
2014/03/05,18,103,56,47,,,,
2014/03/05,19,100,54,46,,,,
2014/03/05,20,100,54,46,,,,
2014/03/05,21,25,15,10,,,,
2014/03/05,22,5,3,2,,,,
2014/03/05,23,4,2,2,,,,
2014/03/05,24,3,1,2,,,,
2014/03/06,01,4,3,1,,,,
2014/03/06,02,3,1,2,,,,
2014/03/06,03,5,4,1,,,,
2014/03/06,04,4,2,2,,,,
2014/03/06,05,3,2,1,,,,
2014/03/06,06,3,2,1,,,,
2014/03/06,07,2,1,1,,,,
2014/03/06,08,12,11,1,,,,
2014/03/06,09,54,50,4,,,,
2014/03/06,10,115,71,44,,,,
2014/03/06,11,102,57,45,,,,
2014/03/06,12,101,57,44,,,,
2014/03/06,13,105,58,47,,,,
2014/03/06,14,114,68,46,,,,
2014/03/06,15,100,53,47,,,,
2014/03/06,16,109,60,49,,,,
2014/03/06,17,111,69,42,,,,
2014/03/06,18,112,68,44,,,,
2014/03/06,19,116,71,45,,,,
2014/03/06,20,123,76,47,,,,
2014/03/06,21,29,17,12,,,,
2014/03/06,22,4,3,1,,,,
2014/03/06,23,3,1,2,,,,
2014/03/06,24,5,4,1,,,,
2014/03/07,01,1,0,1,,,,
2014/03/07,02,4,3,1,,,,
2014/03/07,03,3,2,1,,,,
2014/03/07,04,4,2,2,,,,
2014/03/07,05,2,2,0,,,,
2014/03/07,06,4,2,2,,,,
2014/03/07,07,5,3,2,,,,
2014/03/07,08,43,40,3,,,,
2014/03/07,09,62,53,9,,,,
2014/03/07,10,125,81,44,,,,
2014/03/07,11,124,77,47,,,,
2014/03/07,12,119,72,47,,,,
2014/03/07,13,112,66,46,,,,
2014/03/07,14,108,65,43,,,,
2014/03/07,15,104,56,48,,,,
2014/03/07,16,110,63,47,,,,
2014/03/07,17,115,67,48,,,,
2014/03/07,18,111,67,44,,,,
2014/03/07,19,117,73,44,,,,
2014/03/07,20,112,67,45,,,,
2014/03/07,21,46,24,22,,,,
2014/03/07,22,5,3,2,,,,
2014/03/07,23,4,3,1,,,,
2014/03/07,24,2,0,2,,,,
2014/03/08,01,4,3,1,,,,
2014/03/08,02,3,2,1,,,,
2014/03/08,03,4,2,2,,,,
2014/03/08,04,5,3,2,,,,
2014/03/08,05,2,1,1,,,,
2014/03/08,06,3,2,1,,,,
2014/03/08,07,4,3,1,,,,
2014/03/08,08,8,6,2,,,,
2014/03/08,09,64,60,4,,,,
2014/03/08,10,123,77,46,,,,
2014/03/08,11,113,69,44,,,,
2014/03/08,12,118,69,49,,,,
2014/03/08,13,98,53,45,,,,
2014/03/08,14,108,60,48,,,,
2014/03/08,15,109,63,46,,,,
2014/03/08,16,106,57,49,,,,
2014/03/08,17,104,59,45,,,,
2014/03/08,18,105,62,43,,,,
2014/03/08,19,113,69,44,,,,
2014/03/08,20,114,68,46,,,,
2014/03/08,21,36,21,15,,,,
2014/03/08,22,6,4,2,,,,
2014/03/08,23,2,0,2,,,,
2014/03/08,24,4,4,0,,,,
2014/03/09,01,2,1,1,,,,
2014/03/09,02,3,1,2,,,,
2014/03/09,03,6,4,2,,,,
2014/03/09,04,1,0,1,,,,
2014/03/09,05,5,4,1,,,,
2014/03/09,06,3,1,2,,,,
2014/03/09,07,4,2,2,,,,
2014/03/09,08,7,6,1,,,,
2014/03/09,09,68,62,6,,,,
2014/03/09,10,116,71,45,,,,
2014/03/09,11,106,61,45,,,,
2014/03/09,12,108,61,47,,,,
2014/03/09,13,105,61,44,,,,
2014/03/09,14,102,59,43,,,,
2014/03/09,15,103,56,47,,,,
2014/03/09,16,96,51,45,,,,
2014/03/09,17,101,53,48,,,,
2014/03/09,18,99,54,45,,,,
2014/03/09,19,101,54,47,,,,
2014/03/09,20,101,57,44,,,,
2014/03/09,21,59,37,22,,,,
2014/03/09,22,7,5,2,,,,
2014/03/09,23,3,2,1,,,,
2014/03/09,24,2,1,1,,,,
2014/03/10,01,6,4,2,,,,
2014/03/10,02,2,1,1,,,,
2014/03/10,03,4,2,2,,,,
2014/03/10,04,5,3,2,,,,
2014/03/10,05,1,0,1,,,,
2014/03/10,06,7,5,2,,,,
2014/03/10,07,2,1,1,,,,
2014/03/10,08,23,20,3,,,,
2014/03/10,09,66,59,7,,,,
2014/03/10,10,128,82,46,,,,
2014/03/10,11,114,66,48,,,,
2014/03/10,12,116,70,46,,,,
2014/03/10,13,113,69,44,,,,
2014/03/10,14,122,74,48,,,,
2014/03/10,15,120,74,46,,,,
2014/03/10,16,119,74,45,,,,
2014/03/10,17,124,79,45,,,,
2014/03/10,18,126,80,46,,,,
2014/03/10,19,123,76,47,,,,
2014/03/10,20,123,80,43,,,,
2014/03/10,21,28,19,9,,,,
2014/03/10,22,5,4,1,,,,
2014/03/10,23,2,1,1,,,,
2014/03/10,24,4,2,2,,,,
2014/03/11,01,5,3,2,,,,
2014/03/11,02,1,0,1,,,,
2014/03/11,03,4,2,2,,,,
2014/03/11,04,5,3,2,,,,
2014/03/11,05,2,2,0,,,,
2014/03/11,06,5,3,2,,,,
2014/03/11,07,2,1,1,,,,
2014/03/11,08,5,3,2,,,,
2014/03/11,09,61,55,6,,,,
2014/03/11,10,89,43,46,,,,
2014/03/11,11,84,38,46,,,,
2014/03/11,12,89,42,47,,,,
2014/03/11,13,90,42,48,,,,
2014/03/11,14,84,40,44,,,,
2014/03/11,15,85,43,42,,,,
2014/03/11,16,87,40,47,,,,
2014/03/11,17,87,40,47,,,,
2014/03/11,18,90,46,44,,,,
2014/03/11,19,86,42,44,,,,
2014/03/11,20,93,46,47,,,,
2014/03/11,21,18,12,6,,,,
2014/03/11,22,1,0,1,,,,
2014/03/11,23,7,5,2,,,,
2014/03/11,24,2,0,2,,,,
2014/03/12,01,3,3,0,,,,
2014/03/12,02,5,3,2,,,,
2014/03/12,03,2,1,1,,,,
2014/03/12,04,5,4,1,,,,
2014/03/12,05,2,0,2,,,,
2014/03/12,06,2,1,1,,,,
2014/03/12,07,6,4,2,,,,
2014/03/12,08,17,15,2,,,,
2014/03/12,09,63,57,6,,,,
2014/03/12,10,130,82,48,,,,
2014/03/12,11,102,59,43,,,,
2014/03/12,12,101,55,46,,,,
2014/03/12,13,94,47,47,,,,
2014/03/12,14,88,39,49,,,,
2014/03/12,15,85,40,45,,,,
2014/03/12,16,83,39,44,,,,
2014/03/12,17,87,42,45,,,,
2014/03/12,18,85,40,45,,,,
2014/03/12,19,88,41,47,,,,
2014/03/12,20,90,41,49,,,,
2014/03/12,21,35,20,15,,,,
2014/03/12,22,3,2,1,,,,
2014/03/12,23,3,1,2,,,,
2014/03/12,24,3,2,1,,,,
2014/03/13,01,3,2,1,,,,
2014/03/13,02,5,3,2,,,,
2014/03/13,03,2,1,1,,,,
2014/03/13,04,6,4,2,,,,
2014/03/13,05,3,1,2,,,,
2014/03/13,06,3,2,1,,,,
2014/03/13,07,5,3,2,,,,
2014/03/13,08,7,5,2,,,,
2014/03/13,09,32,25,7,,,,
2014/03/13,10,125,78,47,,,,
2014/03/13,11,102,58,44,,,,
2014/03/13,12,105,59,46,,,,
2014/03/13,13,100,54,46,,,,
2014/03/13,14,100,57,43,,,,
2014/03/13,15,103,57,46,,,,
2014/03/13,16,96,53,43,,,,
2014/03/13,17,100,54,46,,,,
2014/03/13,18,98,52,46,,,,
2014/03/13,19,90,50,40,,,,
2014/03/13,20,97,49,48,,,,
2014/03/13,21,35,18,17,,,,
2014/03/13,22,4,2,2,,,,
2014/03/13,23,4,3,1,,,,
2014/03/13,24,1,0,1,,,,
2014/03/14,01,7,5,2,,,,
2014/03/14,02,1,0,1,,,,
2014/03/14,03,6,4,2,,,,
2014/03/14,04,4,2,2,,,,
2014/03/14,05,1,0,1,,,,
2014/03/14,06,6,4,2,,,,
2014/03/14,07,2,1,1,,,,
2014/03/14,08,8,6,2,,,,
2014/03/14,09,21,16,5,,,,
2014/03/14,10,113,68,45,,,,
2014/03/14,11,105,60,45,,,,
2014/03/14,12,96,49,47,,,,
2014/03/14,13,108,62,46,,,,
2014/03/14,14,95,50,45,,,,
2014/03/14,15,94,51,43,,,,
2014/03/14,16,100,52,48,,,,
2014/03/14,17,94,50,44,,,,
2014/03/14,18,101,55,46,,,,
2014/03/14,19,104,56,48,,,,
2014/03/14,20,104,58,46,,,,
2014/03/14,21,40,23,17,,,,
2014/03/14,22,6,4,2,,,,
2014/03/14,23,3,2,1,,,,
2014/03/14,24,3,2,1,,,,
2014/03/15,01,2,1,1,,,,
2014/03/15,02,5,3,2,,,,
2014/03/15,03,4,2,2,,,,
2014/03/15,04,4,3,1,,,,
2014/03/15,05,3,1,2,,,,
2014/03/15,06,5,3,2,,,,
2014/03/15,07,3,2,1,,,,
2014/03/15,08,17,15,2,,,,
2014/03/15,09,52,44,8,,,,
2014/03/15,10,114,69,45,,,,
2014/03/15,11,100,56,44,,,,
2014/03/15,12,100,55,45,,,,
2014/03/15,13,103,56,47,,,,
2014/03/15,14,98,50,48,,,,
2014/03/15,15,100,52,48,,,,
2014/03/15,16,98,53,45,,,,
2014/03/15,17,98,52,46,,,,
2014/03/15,18,98,53,45,,,,
2014/03/15,19,98,54,44,,,,
2014/03/15,20,97,54,43,,,,
2014/03/15,21,42,24,18,,,,
2014/03/15,22,3,1,2,,,,
2014/03/15,23,4,3,1,,,,
2014/03/15,24,2,1,1,,,,
2014/03/16,01,3,3,0,,,,
2014/03/16,02,3,2,1,,,,
2014/03/16,03,4,2,2,,,,
2014/03/16,04,3,2,1,,,,
2014/03/16,05,4,2,2,,,,
2014/03/16,06,4,3,1,,,,
2014/03/16,07,1,1,0,,,,
2014/03/16,08,15,14,1,,,,
2014/03/16,09,25,16,9,,,,
2014/03/16,10,114,66,48,,,,
2014/03/16,11,100,54,46,,,,
2014/03/16,12,102,54,48,,,,
2014/03/16,13,102,56,46,,,,
2014/03/16,14,99,52,47,,,,
2014/03/16,15,92,47,45,,,,
2014/03/16,16,88,40,48,,,,
2014/03/16,17,88,40,48,,,,
2014/03/16,18,89,43,46,,,,
2014/03/16,19,84,39,45,,,,
2014/03/16,20,84,42,42,,,,
2014/03/16,21,20,13,7,,,,
2014/03/16,22,2,0,2,,,,
2014/03/16,23,4,3,1,,,,
2014/03/16,24,3,2,1,,,,
2014/03/17,01,5,3,2,,,,
2014/03/17,02,3,2,1,,,,
2014/03/17,03,2,1,1,,,,
2014/03/17,04,4,2,2,,,,
2014/03/17,05,4,2,2,,,,
2014/03/17,06,6,4,2,,,,
2014/03/17,07,3,1,2,,,,
2014/03/17,08,8,7,1,,,,
2014/03/17,09,20,18,2,,,,
2014/03/17,10,85,41,44,,,,
2014/03/17,11,85,39,46,,,,
2014/03/17,12,83,38,45,,,,
2014/03/17,13,84,41,43,,,,
2014/03/17,14,83,38,45,,,,
2014/03/17,15,87,41,46,,,,
2014/03/17,16,83,39,44,,,,
2014/03/17,17,85,40,45,,,,
2014/03/17,18,85,41,44,,,,
2014/03/17,19,88,41,47,,,,
2014/03/17,20,87,41,46,,,,
2014/03/17,21,24,14,10,,,,
2014/03/17,22,3,2,1,,,,
2014/03/17,23,4,3,1,,,,
2014/03/17,24,2,2,0,,,,
2014/03/18,01,4,2,2,,,,
2014/03/18,02,5,3,2,,,,
2014/03/18,03,2,1,1,,,,
2014/03/18,04,3,1,2,,,,
2014/03/18,05,4,3,1,,,,
2014/03/18,06,3,2,1,,,,
2014/03/18,07,4,3,1,,,,
2014/03/18,08,1,1,0,,,,
2014/03/18,09,22,14,8,,,,
2014/03/18,10,88,42,46,,,,
2014/03/18,11,90,42,48,,,,
2014/03/18,12,86,41,45,,,,
2014/03/18,13,86,41,45,,,,
2014/03/18,14,91,42,49,,,,
2014/03/18,15,87,41,46,,,,
2014/03/18,16,92,42,50,,,,
2014/03/18,17,84,41,43,,,,
2014/03/18,18,89,42,47,,,,
2014/03/18,19,86,41,45,,,,
2014/03/18,20,90,42,48,,,,
2014/03/18,21,22,12,10,,,,
2014/03/18,22,3,1,2,,,,
2014/03/18,23,4,3,1,,,,
2014/03/18,24,3,1,2,,,,
2014/03/19,01,3,2,1,,,,
2014/03/19,02,4,3,1,,,,
2014/03/19,03,4,2,2,,,,
2014/03/19,04,3,2,1,,,,
2014/03/19,05,4,2,2,,,,
2014/03/19,06,3,2,1,,,,
2014/03/19,07,3,3,0,,,,
2014/03/19,08,4,3,1,,,,
2014/03/19,09,17,10,7,,,,
2014/03/19,10,89,41,48,,,,
2014/03/19,11,102,57,45,,,,
2014/03/19,12,99,52,47,,,,
2014/03/19,13,92,49,43,,,,
2014/03/19,14,98,51,47,,,,
2014/03/19,15,104,56,48,,,,
2014/03/19,16,100,54,46,,,,
2014/03/19,17,96,50,46,,,,
2014/03/19,18,101,54,47,,,,
2014/03/19,19,97,52,45,,,,
2014/03/19,20,107,62,45,,,,
2014/03/19,21,54,27,27,,,,
2014/03/19,22,4,2,2,,,,
2014/03/19,23,1,1,0,,,,
2014/03/19,24,3,2,1,,,,
2014/03/20,01,4,3,1,,,,
2014/03/20,02,4,3,1,,,,
2014/03/20,03,2,1,1,,,,
2014/03/20,04,4,3,1,,,,
2014/03/20,05,3,1,2,,,,
2014/03/20,06,3,1,2,,,,
2014/03/20,07,5,4,1,,,,
2014/03/20,08,5,3,2,,,,
2014/03/20,09,20,13,7,,,,
2014/03/20,10,84,40,44,,,,
2014/03/20,11,90,42,48,,,,
2014/03/20,12,88,42,46,,,,
2014/03/20,13,88,41,47,,,,
2014/03/20,14,89,41,48,,,,
2014/03/20,15,89,41,48,,,,
2014/03/20,16,88,41,47,,,,
2014/03/20,17,86,42,44,,,,
2014/03/20,18,87,41,46,,,,
2014/03/20,19,85,41,44,,,,
2014/03/20,20,84,41,43,,,,
2014/03/20,21,35,18,17,,,,
2014/03/20,22,10,8,2,,,,
2014/03/20,23,3,1,2,,,,
2014/03/20,24,4,2,2,,,,
2014/03/21,01,3,2,1,,,,
2014/03/21,02,3,1,2,,,,
2014/03/21,03,6,4,2,,,,
2014/03/21,04,2,1,1,,,,
2014/03/21,05,4,3,1,,,,
2014/03/21,06,3,2,1,,,,
2014/03/21,07,4,2,2,,,,
2014/03/21,08,5,3,2,,,,
2014/03/21,09,16,11,5,,,,
2014/03/21,10,86,40,46,,,,
2014/03/21,11,86,40,46,,,,
2014/03/21,12,84,39,45,,,,
2014/03/21,13,88,40,48,,,,
2014/03/21,14,89,39,50,,,,
2014/03/21,15,84,40,44,,,,
2014/03/21,16,87,40,47,,,,
2014/03/21,17,85,39,46,,,,
2014/03/21,18,86,39,47,,,,
2014/03/21,19,84,39,45,,,,
2014/03/21,20,88,42,46,,,,
2014/03/21,21,28,17,11,,,,
2014/03/21,22,5,4,1,,,,
2014/03/21,23,4,2,2,,,,
2014/03/21,24,3,2,1,,,,
2014/03/22,01,3,2,1,,,,
2014/03/22,02,3,2,1,,,,
2014/03/22,03,3,2,1,,,,
2014/03/22,04,4,3,1,,,,
2014/03/22,05,2,1,1,,,,
2014/03/22,06,4,3,1,,,,
2014/03/22,07,4,2,2,,,,
2014/03/22,08,29,28,1,,,,
2014/03/22,09,42,34,8,,,,
2014/03/22,10,125,78,47,,,,
2014/03/22,11,103,55,48,,,,
2014/03/22,12,98,53,45,,,,
2014/03/22,13,98,51,47,,,,
2014/03/22,14,84,39,45,,,,
2014/03/22,15,88,41,47,,,,
2014/03/22,16,84,39,45,,,,
2014/03/22,17,87,39,48,,,,
2014/03/22,18,86,41,45,,,,
2014/03/22,19,89,42,47,,,,
2014/03/22,20,86,42,44,,,,
2014/03/22,21,49,25,24,,,,
2014/03/22,22,5,3,2,,,,
2014/03/22,23,1,1,0,,,,
2014/03/22,24,5,3,2,,,,
2014/03/23,01,3,1,2,,,,
2014/03/23,02,4,3,1,,,,
2014/03/23,03,5,3,2,,,,
2014/03/23,04,2,1,1,,,,
2014/03/23,05,4,3,1,,,,
2014/03/23,06,3,1,2,,,,
2014/03/23,07,5,3,2,,,,
2014/03/23,08,3,2,1,,,,
2014/03/23,09,20,15,5,,,,
2014/03/23,10,86,39,47,,,,
2014/03/23,11,93,43,50,,,,
2014/03/23,12,86,39,47,,,,
2014/03/23,13,86,41,45,,,,
2014/03/23,14,82,38,44,,,,
2014/03/23,15,84,39,45,,,,
2014/03/23,16,86,40,46,,,,
2014/03/23,17,86,39,47,,,,
2014/03/23,18,88,41,47,,,,
2014/03/23,19,89,41,48,,,,
2014/03/23,20,87,41,46,,,,
2014/03/23,21,27,16,11,,,,
2014/03/23,22,2,1,1,,,,
2014/03/23,23,5,3,2,,,,
2014/03/23,24,1,1,0,,,,
2014/03/24,01,4,2,2,,,,
2014/03/24,02,3,2,1,,,,
2014/03/24,03,4,2,2,,,,
2014/03/24,04,4,2,2,,,,
2014/03/24,05,3,2,1,,,,
2014/03/24,06,5,4,1,,,,
2014/03/24,07,3,1,2,,,,
2014/03/24,08,6,4,2,,,,
2014/03/24,09,19,13,6,,,,
2014/03/24,10,111,64,47,,,,
2014/03/24,11,101,54,47,,,,
2014/03/24,12,91,47,44,,,,
2014/03/24,13,94,49,45,,,,
2014/03/24,14,84,39,45,,,,
2014/03/24,15,82,39,43,,,,
2014/03/24,16,87,40,47,,,,
2014/03/24,17,85,40,45,,,,
2014/03/24,18,89,42,47,,,,
2014/03/24,19,86,40,46,,,,
2014/03/24,20,84,40,44,,,,
2014/03/24,21,25,15,10,,,,
2014/03/24,22,3,2,1,,,,
2014/03/24,23,5,3,2,,,,
2014/03/24,24,2,1,1,,,,
2014/03/25,01,2,1,1,,,,
2014/03/25,02,6,4,2,,,,
2014/03/25,03,3,2,1,,,,
2014/03/25,04,3,2,1,,,,
2014/03/25,05,3,2,1,,,,
2014/03/25,06,2,1,1,,,,
2014/03/25,07,5,4,1,,,,
2014/03/25,08,4,3,1,,,,
2014/03/25,09,23,15,8,,,,
2014/03/25,10,95,54,41,,,,
2014/03/25,11,93,50,43,,,,
2014/03/25,12,91,46,45,,,,
2014/03/25,13,90,45,45,,,,
2014/03/25,14,87,44,43,,,,
2014/03/25,15,83,39,44,,,,
2014/03/25,16,83,38,45,,,,
2014/03/25,17,86,40,46,,,,
2014/03/25,18,83,39,44,,,,
2014/03/25,19,89,41,48,,,,
2014/03/25,20,86,41,45,,,,
2014/03/25,21,23,12,11,,,,
2014/03/25,22,5,3,2,,,,
2014/03/25,23,3,2,1,,,,
2014/03/25,24,4,2,2,,,,
2014/03/26,01,3,2,1,,,,
2014/03/26,02,2,1,1,,,,
2014/03/26,03,7,5,2,,,,
2014/03/26,04,2,1,1,,,,
2014/03/26,05,3,1,2,,,,
2014/03/26,06,5,3,2,,,,
2014/03/26,07,3,1,2,,,,
2014/03/26,08,5,4,1,,,,
2014/03/26,09,16,9,7,,,,
2014/03/26,10,84,42,42,,,,
2014/03/26,11,84,42,42,,,,
2014/03/26,12,87,42,45,,,,
2014/03/26,13,89,43,46,,,,
2014/03/26,14,83,40,43,,,,
2014/03/26,15,88,43,45,,,,
2014/03/26,16,89,42,47,,,,
2014/03/26,17,87,41,46,,,,
2014/03/26,18,84,43,41,,,,
2014/03/26,19,83,40,43,,,,
2014/03/26,20,88,43,45,,,,
2014/03/26,21,18,11,7,,,,
2014/03/26,22,2,1,1,,,,
2014/03/26,23,6,4,2,,,,
2014/03/26,24,1,1,0,,,,
2014/03/27,01,3,3,0,,,,
2014/03/27,02,4,2,2,,,,
2014/03/27,03,3,1,2,,,,
2014/03/27,04,4,3,1,,,,
2014/03/27,05,3,2,1,,,,
2014/03/27,06,1,0,1,,,,
2014/03/27,07,6,5,1,,,,
2014/03/27,08,1,0,1,,,,
2014/03/27,09,21,13,8,,,,
2014/03/27,10,85,39,46,,,,
2014/03/27,11,84,38,46,,,,
2014/03/27,12,89,42,47,,,,
2014/03/27,13,80,37,43,,,,
2014/03/27,14,85,41,44,,,,
2014/03/27,15,82,38,44,,,,
2014/03/27,16,86,40,46,,,,
2014/03/27,17,85,40,45,,,,
2014/03/27,18,89,40,49,,,,
2014/03/27,19,86,41,45,,,,
2014/03/27,20,86,41,45,,,,
2014/03/27,21,30,17,13,,,,
2014/03/27,22,5,3,2,,,,
2014/03/27,23,3,1,2,,,,
2014/03/27,24,3,2,1,,,,
2014/03/28,01,5,3,2,,,,
2014/03/28,02,2,0,2,,,,
2014/03/28,03,6,4,2,,,,
2014/03/28,04,3,2,1,,,,
2014/03/28,05,4,2,2,,,,
2014/03/28,06,4,3,1,,,,
2014/03/28,07,1,0,1,,,,
2014/03/28,08,7,5,2,,,,
2014/03/28,09,19,14,5,,,,
2014/03/28,10,103,57,46,,,,
2014/03/28,11,99,55,44,,,,
2014/03/28,12,93,47,46,,,,
2014/03/28,13,90,46,44,,,,
2014/03/28,14,94,47,47,,,,
2014/03/28,15,87,42,45,,,,
2014/03/28,16,84,37,47,,,,
2014/03/28,17,87,41,46,,,,
2014/03/28,18,83,38,45,,,,
2014/03/28,19,85,40,45,,,,
2014/03/28,20,84,39,45,,,,
2014/03/28,21,27,14,13,,,,
2014/03/28,22,6,5,1,,,,
2014/03/28,23,4,2,2,,,,
2014/03/28,24,3,2,1,,,,
2014/03/29,01,5,3,2,,,,
2014/03/29,02,2,1,1,,,,
2014/03/29,03,5,3,2,,,,
2014/03/29,04,3,1,2,,,,
2014/03/29,05,4,2,2,,,,
2014/03/29,06,5,3,2,,,,
2014/03/29,07,2,1,1,,,,
2014/03/29,08,9,6,3,,,,
2014/03/29,09,20,12,8,,,,
2014/03/29,10,85,39,46,,,,
2014/03/29,11,86,42,44,,,,
2014/03/29,12,83,38,45,,,,
2014/03/29,13,82,40,42,,,,
2014/03/29,14,85,40,45,,,,
2014/03/29,15,79,38,41,,,,
2014/03/29,16,85,40,45,,,,
2014/03/29,17,85,39,46,,,,
2014/03/29,18,83,41,42,,,,
2014/03/29,19,88,42,46,,,,
2014/03/29,20,85,40,45,,,,
2014/03/29,21,59,30,29,,,,
2014/03/29,22,3,2,1,,,,
2014/03/29,23,3,2,1,,,,
2014/03/29,24,5,3,2,,,,
2014/03/30,01,2,2,0,,,,
2014/03/30,02,4,3,1,,,,
2014/03/30,03,4,2,2,,,,
2014/03/30,04,2,1,1,,,,
2014/03/30,05,4,2,2,,,,
2014/03/30,06,5,3,2,,,,
2014/03/30,07,2,2,0,,,,
2014/03/30,08,5,3,2,,,,
2014/03/30,09,15,9,6,,,,
2014/03/30,10,91,43,48,,,,
2014/03/30,11,87,41,46,,,,
2014/03/30,12,84,41,43,,,,
2014/03/30,13,83,40,43,,,,
2014/03/30,14,84,40,44,,,,
2014/03/30,15,88,42,46,,,,
2014/03/30,16,83,41,42,,,,
2014/03/30,17,104,59,45,,,,
2014/03/30,18,114,66,48,,,,
2014/03/30,19,90,46,44,,,,
2014/03/30,20,85,42,43,,,,
2014/03/30,21,49,24,25,,,,
2014/03/30,22,7,5,2,,,,
2014/03/30,23,3,2,1,,,,
2014/03/30,24,4,3,1,,,,
2014/03/31,01,3,2,1,,,,
2014/03/31,02,4,2,2,,,,
2014/03/31,03,2,1,1,,,,
2014/03/31,04,4,3,1,,,,
2014/03/31,05,4,2,2,,,,
2014/03/31,06,3,1,2,,,,
2014/03/31,07,3,3,0,,,,
2014/03/31,08,2,1,1,,,,
2014/03/31,09,17,12,5,,,,
2014/03/31,10,79,37,42,,,,
2014/03/31,11,83,41,42,,,,
2014/03/31,12,85,39,46,,,,
2014/03/31,13,82,38,44,,,,
2014/03/31,14,84,39,45,,,,
2014/03/31,15,84,39,45,,,,
2014/03/31,16,83,39,44,,,,
2014/03/31,17,86,41,45,,,,
2014/03/31,18,84,40,44,,,,
2014/03/31,19,85,40,45,,,,
2014/03/31,20,87,41,46,,,,
2014/03/31,21,31,18,13,,,,
2014/03/31,22,5,4,1,,,,
2014/03/31,23,4,2,2,,,,
2014/03/31,24,3,2,1,,,,
