計測日,計測時間,全体,空調,照明,動力,電灯,冷凍・冷熱,その他
2013/10/01,01,99,18,0,0,0,0,0
2013/10/01,02,20,4,0,0,0,0,0
2013/10/01,03,20,4,0,0,0,0,0
2013/10/01,04,20,4,0,0,0,0,0
2013/10/01,05,20,4,0,0,0,0,0
2013/10/01,06,20,4,0,0,0,0,0
2013/10/01,07,24,4,0,0,0,0,0
2013/10/01,08,48,5,0,0,0,0,0
2013/10/01,09,153,5,0,0,0,0,0
2013/10/01,10,189,24,0,0,0,0,0
2013/10/01,11,216,44,0,0,0,0,0
2013/10/01,12,243,67,0,0,0,0,0
2013/10/01,13,248,69,0,0,0,0,0
2013/10/01,14,275,90,0,0,0,0,0
2013/10/01,15,270,86,0,0,0,0,0
2013/10/01,16,256,73,0,0,0,0,0
2013/10/01,17,242,62,0,0,0,0,0
2013/10/01,18,252,54,0,0,0,0,0
2013/10/01,19,250,48,0,0,0,0,0
2013/10/01,20,246,50,0,0,0,0,0
2013/10/01,21,241,47,0,0,0,0,0
2013/10/01,22,236,43,0,0,0,0,0
2013/10/01,23,223,40,0,0,0,0,0
2013/10/01,24,169,33,0,0,0,0,0
2013/10/02,01,117,21,0,0,0,0,0
2013/10/02,02,20,4,0,0,0,0,0
2013/10/02,03,20,4,0,0,0,0,0
2013/10/02,04,19,4,0,0,0,0,0
2013/10/02,05,20,4,0,0,0,0,0
2013/10/02,06,20,4,0,0,0,0,0
2013/10/02,07,24,4,0,0,0,0,0
2013/10/02,08,30,4,0,0,0,0,0
2013/10/02,09,153,5,0,0,0,0,0
2013/10/02,10,191,30,0,0,0,0,0
2013/10/02,11,226,54,0,0,0,0,0
2013/10/02,12,254,75,0,0,0,0,0
2013/10/02,13,263,81,0,0,0,0,0
2013/10/02,14,261,81,0,0,0,0,0
2013/10/02,15,257,80,0,0,0,0,0
2013/10/02,16,256,78,0,0,0,0,0
2013/10/02,17,238,63,0,0,0,0,0
2013/10/02,18,259,62,0,0,0,0,0
2013/10/02,19,266,63,0,0,0,0,0
2013/10/02,20,261,63,0,0,0,0,0
2013/10/02,21,257,60,0,0,0,0,0
2013/10/02,22,255,59,0,0,0,0,0
2013/10/02,23,234,51,0,0,0,0,0
2013/10/02,24,185,48,0,0,0,0,0
2013/10/03,01,133,24,0,0,0,0,0
2013/10/03,02,24,4,0,0,0,0,0
2013/10/03,03,20,4,0,0,0,0,0
2013/10/03,04,19,4,0,0,0,0,0
2013/10/03,05,19,4,0,0,0,0,0
2013/10/03,06,20,4,0,0,0,0,0
2013/10/03,07,24,4,0,0,0,0,0
2013/10/03,08,51,5,0,0,0,0,0
2013/10/03,09,157,8,0,0,0,0,0
2013/10/03,10,188,22,0,0,0,0,0
2013/10/03,11,198,29,0,0,0,0,0
2013/10/03,12,202,31,0,0,0,0,0
2013/10/03,13,213,40,0,0,0,0,0
2013/10/03,14,211,38,0,0,0,0,0
2013/10/03,15,208,35,0,0,0,0,0
2013/10/03,16,203,32,0,0,0,0,0
2013/10/03,17,206,35,0,0,0,0,0
2013/10/03,18,219,24,0,0,0,0,0
2013/10/03,19,208,9,0,0,0,0,0
2013/10/03,20,231,32,0,0,0,0,0
2013/10/03,21,211,16,0,0,0,0,0
2013/10/03,22,202,8,0,0,0,0,0
2013/10/03,23,191,7,0,0,0,0,0
2013/10/03,24,162,26,0,0,0,0,0
2013/10/04,01,109,14,0,0,0,0,0
2013/10/04,02,20,4,0,0,0,0,0
2013/10/04,03,20,4,0,0,0,0,0
2013/10/04,04,19,4,0,0,0,0,0
2013/10/04,05,20,4,0,0,0,0,0
2013/10/04,06,20,4,0,0,0,0,0
2013/10/04,07,24,4,0,0,0,0,0
2013/10/04,08,31,4,0,0,0,0,0
2013/10/04,09,160,4,0,0,0,0,0
2013/10/04,10,168,4,0,0,0,0,0
2013/10/04,11,176,4,0,0,0,0,0
2013/10/04,12,191,15,0,0,0,0,0
2013/10/04,13,212,34,0,0,0,0,0
2013/10/04,14,222,43,0,0,0,0,0
2013/10/04,15,228,50,0,0,0,0,0
2013/10/04,16,217,41,0,0,0,0,0
2013/10/04,17,214,41,0,0,0,0,0
2013/10/04,18,227,32,0,0,0,0,0
2013/10/04,19,235,35,0,0,0,0,0
2013/10/04,20,233,38,0,0,0,0,0
2013/10/04,21,228,33,0,0,0,0,0
2013/10/04,22,236,43,0,0,0,0,0
2013/10/04,23,250,66,0,0,0,0,0
2013/10/04,24,228,77,0,0,0,0,0
2013/10/05,01,147,45,0,0,0,0,0
2013/10/05,02,19,4,0,0,0,0,0
2013/10/05,03,19,4,0,0,0,0,0
2013/10/05,04,19,4,0,0,0,0,0
2013/10/05,05,19,4,0,0,0,0,0
2013/10/05,06,19,4,0,0,0,0,0
2013/10/05,07,23,4,0,0,0,0,0
2013/10/05,08,56,12,0,0,0,0,0
2013/10/05,09,190,33,0,0,0,0,0
2013/10/05,10,161,4,0,0,0,0,0
2013/10/05,11,166,4,0,0,0,0,0
2013/10/05,12,171,5,0,0,0,0,0
2013/10/05,13,192,17,0,0,0,0,0
2013/10/05,14,222,42,0,0,0,0,0
2013/10/05,15,215,35,0,0,0,0,0
2013/10/05,16,217,37,0,0,0,0,0
2013/10/05,17,208,31,0,0,0,0,0
2013/10/05,18,235,33,0,0,0,0,0
2013/10/05,19,227,23,0,0,0,0,0
2013/10/05,20,235,33,0,0,0,0,0
2013/10/05,21,233,35,0,0,0,0,0
2013/10/05,22,225,30,0,0,0,0,0
2013/10/05,23,194,10,0,0,0,0,0
2013/10/05,24,150,4,0,0,0,0,0
2013/10/06,01,99,4,0,0,0,0,0
2013/10/06,02,20,4,0,0,0,0,0
2013/10/06,03,19,4,0,0,0,0,0
2013/10/06,04,18,4,0,0,0,0,0
2013/10/06,05,19,4,0,0,0,0,0
2013/10/06,06,19,4,0,0,0,0,0
2013/10/06,07,21,4,0,0,0,0,0
2013/10/06,08,25,5,0,0,0,0,0
2013/10/06,09,150,5,0,0,0,0,0
2013/10/06,10,162,4,0,0,0,0,0
2013/10/06,11,185,17,0,0,0,0,0
2013/10/06,12,211,36,0,0,0,0,0
2013/10/06,13,221,44,0,0,0,0,0
2013/10/06,14,236,58,0,0,0,0,0
2013/10/06,15,238,60,0,0,0,0,0
2013/10/06,16,236,59,0,0,0,0,0
2013/10/06,17,230,53,0,0,0,0,0
2013/10/06,18,243,42,0,0,0,0,0
2013/10/06,19,242,41,0,0,0,0,0
2013/10/06,20,239,41,0,0,0,0,0
2013/10/06,21,221,27,0,0,0,0,0
2013/10/06,22,209,17,0,0,0,0,0
2013/10/06,23,196,13,0,0,0,0,0
2013/10/06,24,158,10,0,0,0,0,0
2013/10/07,01,138,7,0,0,0,0,0
2013/10/07,02,33,8,0,0,0,0,0
2013/10/07,03,19,4,0,0,0,0,0
2013/10/07,04,19,4,0,0,0,0,0
2013/10/07,05,19,4,0,0,0,0,0
2013/10/07,06,19,4,0,0,0,0,0
2013/10/07,07,24,4,0,0,0,0,0
2013/10/07,08,54,4,0,0,0,0,0
2013/10/07,09,153,4,0,0,0,0,0
2013/10/07,10,165,9,0,0,0,0,0
2013/10/07,11,190,29,0,0,0,0,0
2013/10/07,12,208,43,0,0,0,0,0
2013/10/07,13,242,63,0,0,0,0,0
2013/10/07,14,235,55,0,0,0,0,0
2013/10/07,15,226,46,0,0,0,0,0
2013/10/07,16,224,46,0,0,0,0,0
2013/10/07,17,222,44,0,0,0,0,0
2013/10/07,18,244,42,0,0,0,0,0
2013/10/07,19,251,48,0,0,0,0,0
2013/10/07,20,244,45,0,0,0,0,0
2013/10/07,21,238,43,0,0,0,0,0
2013/10/07,22,238,43,0,0,0,0,0
2013/10/07,23,220,36,0,0,0,0,0
2013/10/07,24,168,27,0,0,0,0,0
2013/10/08,01,160,27,0,0,0,0,0
2013/10/08,02,92,15,0,0,0,0,0
2013/10/08,03,19,4,0,0,0,0,0
2013/10/08,04,19,4,0,0,0,0,0
2013/10/08,05,19,4,0,0,0,0,0
2013/10/08,06,20,4,0,0,0,0,0
2013/10/08,07,24,4,0,0,0,0,0
2013/10/08,08,38,4,0,0,0,0,0
2013/10/08,09,173,15,0,0,0,0,0
2013/10/08,10,203,36,0,0,0,0,0
2013/10/08,11,202,31,0,0,0,0,0
2013/10/08,12,216,42,0,0,0,0,0
2013/10/08,13,217,42,0,0,0,0,0
2013/10/08,14,218,43,0,0,0,0,0
2013/10/08,15,232,57,0,0,0,0,0
2013/10/08,16,218,44,0,0,0,0,0
2013/10/08,17,226,41,0,0,0,0,0
2013/10/08,18,237,38,0,0,0,0,0
2013/10/08,19,239,39,0,0,0,0,0
2013/10/08,20,234,34,0,0,0,0,0
2013/10/08,21,222,25,0,0,0,0,0
2013/10/08,22,225,27,0,0,0,0,0
2013/10/08,23,210,25,0,0,0,0,0
2013/10/08,24,180,39,0,0,0,0,0
2013/10/09,01,124,26,0,0,0,0,0
2013/10/09,02,23,4,0,0,0,0,0
2013/10/09,03,20,4,0,0,0,0,0
2013/10/09,04,20,4,0,0,0,0,0
2013/10/09,05,20,4,0,0,0,0,0
2013/10/09,06,20,4,0,0,0,0,0
2013/10/09,07,24,4,0,0,0,0,0
2013/10/09,08,48,4,0,0,0,0,0
2013/10/09,09,163,4,0,0,0,0,0
2013/10/09,10,167,4,0,0,0,0,0
2013/10/09,11,178,8,0,0,0,0,0
2013/10/09,12,192,20,0,0,0,0,0
2013/10/09,13,206,32,0,0,0,0,0
2013/10/09,14,207,33,0,0,0,0,0
2013/10/09,15,208,33,0,0,0,0,0
2013/10/09,16,207,33,0,0,0,0,0
2013/10/09,17,219,32,0,0,0,0,0
2013/10/09,18,230,31,0,0,0,0,0
2013/10/09,19,218,20,0,0,0,0,0
2013/10/09,20,223,25,0,0,0,0,0
2013/10/09,21,217,22,0,0,0,0,0
2013/10/09,22,210,18,0,0,0,0,0
2013/10/09,23,199,17,0,0,0,0,0
2013/10/09,24,156,13,0,0,0,0,0
2013/10/10,01,106,12,0,0,0,0,0
2013/10/10,02,20,4,0,0,0,0,0
2013/10/10,03,19,4,0,0,0,0,0
2013/10/10,04,19,4,0,0,0,0,0
2013/10/10,05,19,4,0,0,0,0,0
2013/10/10,06,20,4,0,0,0,0,0
2013/10/10,07,24,4,0,0,0,0,0
2013/10/10,08,42,4,0,0,0,0,0
2013/10/10,09,164,4,0,0,0,0,0
2013/10/10,10,188,21,0,0,0,0,0
2013/10/10,11,212,36,0,0,0,0,0
2013/10/10,12,220,42,0,0,0,0,0
2013/10/10,13,223,45,0,0,0,0,0
2013/10/10,14,227,52,0,0,0,0,0
2013/10/10,15,225,52,0,0,0,0,0
2013/10/10,16,224,51,0,0,0,0,0
2013/10/10,17,230,45,0,0,0,0,0
2013/10/10,18,230,33,0,0,0,0,0
2013/10/10,19,236,36,0,0,0,0,0
2013/10/10,20,221,24,0,0,0,0,0
2013/10/10,21,219,24,0,0,0,0,0
2013/10/10,22,215,19,0,0,0,0,0
2013/10/10,23,201,16,0,0,0,0,0
2013/10/10,24,164,16,0,0,0,0,0
2013/10/11,01,92,9,0,0,0,0,0
2013/10/11,02,20,4,0,0,0,0,0
2013/10/11,03,19,4,0,0,0,0,0
2013/10/11,04,19,4,0,0,0,0,0
2013/10/11,05,19,4,0,0,0,0,0
2013/10/11,06,20,4,0,0,0,0,0
2013/10/11,07,24,4,0,0,0,0,0
2013/10/11,08,40,4,0,0,0,0,0
2013/10/11,09,161,4,0,0,0,0,0
2013/10/11,10,168,6,0,0,0,0,0
2013/10/11,11,196,27,0,0,0,0,0
2013/10/11,12,211,37,0,0,0,0,0
2013/10/11,13,218,43,0,0,0,0,0
2013/10/11,14,224,49,0,0,0,0,0
2013/10/11,15,227,52,0,0,0,0,0
2013/10/11,16,225,50,0,0,0,0,0
2013/10/11,17,245,57,0,0,0,0,0
2013/10/11,18,250,52,0,0,0,0,0
2013/10/11,19,250,50,0,0,0,0,0
2013/10/11,20,249,51,0,0,0,0,0
2013/10/11,21,258,59,0,0,0,0,0
2013/10/11,22,246,52,0,0,0,0,0
2013/10/11,23,231,47,0,0,0,0,0
2013/10/11,24,161,24,0,0,0,0,0
2013/10/12,01,104,17,0,0,0,0,0
2013/10/12,02,20,4,0,0,0,0,0
2013/10/12,03,20,4,0,0,0,0,0
2013/10/12,04,19,4,0,0,0,0,0
2013/10/12,05,20,4,0,0,0,0,0
2013/10/12,06,20,4,0,0,0,0,0
2013/10/12,07,24,4,0,0,0,0,0
2013/10/12,08,52,4,0,0,0,0,0
2013/10/12,09,154,4,0,0,0,0,0
2013/10/12,10,171,7,0,0,0,0,0
2013/10/12,11,184,13,0,0,0,0,0
2013/10/12,12,200,27,0,0,0,0,0
2013/10/12,13,197,24,0,0,0,0,0
2013/10/12,14,196,22,0,0,0,0,0
2013/10/12,15,195,22,0,0,0,0,0
2013/10/12,16,187,15,0,0,0,0,0
2013/10/12,17,202,15,0,0,0,0,0
2013/10/12,18,208,10,0,0,0,0,0
2013/10/12,19,206,8,0,0,0,0,0
2013/10/12,20,203,8,0,0,0,0,0
2013/10/12,21,199,5,0,0,0,0,0
2013/10/12,22,199,6,0,0,0,0,0
2013/10/12,23,186,4,0,0,0,0,0
2013/10/12,24,141,4,0,0,0,0,0
2013/10/13,01,101,4,0,0,0,0,0
2013/10/13,02,20,4,0,0,0,0,0
2013/10/13,03,20,4,0,0,0,0,0
2013/10/13,04,19,4,0,0,0,0,0
2013/10/13,05,19,4,0,0,0,0,0
2013/10/13,06,20,4,0,0,0,0,0
2013/10/13,07,22,4,0,0,0,0,0
2013/10/13,08,41,5,0,0,0,0,0
2013/10/13,09,157,6,0,0,0,0,0
2013/10/13,10,168,4,0,0,0,0,0
2013/10/13,11,173,4,0,0,0,0,0
2013/10/13,12,175,4,0,0,0,0,0
2013/10/13,13,178,5,0,0,0,0,0
2013/10/13,14,187,13,0,0,0,0,0
2013/10/13,15,185,12,0,0,0,0,0
2013/10/13,16,180,9,0,0,0,0,0
2013/10/13,17,196,11,0,0,0,0,0
2013/10/13,18,212,14,0,0,0,0,0
2013/10/13,19,208,9,0,0,0,0,0
2013/10/13,20,208,12,0,0,0,0,0
2013/10/13,21,201,7,0,0,0,0,0
2013/10/13,22,198,6,0,0,0,0,0
2013/10/13,23,187,5,0,0,0,0,0
2013/10/13,24,160,20,0,0,0,0,0
2013/10/14,01,110,17,0,0,0,0,0
2013/10/14,02,21,4,0,0,0,0,0
2013/10/14,03,19,4,0,0,0,0,0
2013/10/14,04,19,4,0,0,0,0,0
2013/10/14,05,19,4,0,0,0,0,0
2013/10/14,06,19,4,0,0,0,0,0
2013/10/14,07,23,4,0,0,0,0,0
2013/10/14,08,51,6,0,0,0,0,0
2013/10/14,09,156,5,0,0,0,0,0
2013/10/14,10,171,4,0,0,0,0,0
2013/10/14,11,183,12,0,0,0,0,0
2013/10/14,12,203,29,0,0,0,0,0
2013/10/14,13,210,33,0,0,0,0,0
2013/10/14,14,225,49,0,0,0,0,0
2013/10/14,15,226,52,0,0,0,0,0
2013/10/14,16,221,48,0,0,0,0,0
2013/10/14,17,219,37,0,0,0,0,0
2013/10/14,18,219,21,0,0,0,0,0
2013/10/14,19,217,18,0,0,0,0,0
2013/10/14,20,210,13,0,0,0,0,0
2013/10/14,21,205,11,0,0,0,0,0
2013/10/14,22,203,9,0,0,0,0,0
2013/10/14,23,188,5,0,0,0,0,0
2013/10/14,24,167,24,0,0,0,0,0
2013/10/15,01,101,14,0,0,0,0,0
2013/10/15,02,20,4,0,0,0,0,0
2013/10/15,03,19,4,0,0,0,0,0
2013/10/15,04,18,4,0,0,0,0,0
2013/10/15,05,18,4,0,0,0,0,0
2013/10/15,06,19,4,0,0,0,0,0
2013/10/15,07,23,4,0,0,0,0,0
2013/10/15,08,52,4,0,0,0,0,0
2013/10/15,09,152,4,0,0,0,0,0
2013/10/15,10,170,4,0,0,0,0,0
2013/10/15,11,192,21,0,0,0,0,0
2013/10/15,12,193,22,0,0,0,0,0
2013/10/15,13,196,23,0,0,0,0,0
2013/10/15,14,195,22,0,0,0,0,0
2013/10/15,15,196,23,0,0,0,0,0
2013/10/15,16,194,21,0,0,0,0,0
2013/10/15,17,205,19,0,0,0,0,0
2013/10/15,18,217,19,0,0,0,0,0
2013/10/15,19,220,19,0,0,0,0,0
2013/10/15,20,216,18,0,0,0,0,0
2013/10/15,21,216,19,0,0,0,0,0
2013/10/15,22,208,14,0,0,0,0,0
2013/10/15,23,193,11,0,0,0,0,0
2013/10/15,24,162,20,0,0,0,0,0
2013/10/16,01,124,20,0,0,0,0,0
2013/10/16,02,20,4,0,0,0,0,0
2013/10/16,03,19,4,0,0,0,0,0
2013/10/16,04,18,4,0,0,0,0,0
2013/10/16,05,18,4,0,0,0,0,0
2013/10/16,06,19,4,0,0,0,0,0
2013/10/16,07,23,4,0,0,0,0,0
2013/10/16,08,42,6,0,0,0,0,0
2013/10/16,09,158,12,0,0,0,0,0
2013/10/16,10,199,34,0,0,0,0,0
2013/10/16,11,188,20,0,0,0,0,0
2013/10/16,12,183,14,0,0,0,0,0
2013/10/16,13,183,14,0,0,0,0,0
2013/10/16,14,186,16,0,0,0,0,0
2013/10/16,15,182,14,0,0,0,0,0
2013/10/16,16,184,14,0,0,0,0,0
2013/10/16,17,197,13,0,0,0,0,0
2013/10/16,18,206,9,0,0,0,0,0
2013/10/16,19,206,10,0,0,0,0,0
2013/10/16,20,206,11,0,0,0,0,0
2013/10/16,21,210,15,0,0,0,0,0
2013/10/16,22,215,20,0,0,0,0,0
2013/10/16,23,201,18,0,0,0,0,0
2013/10/16,24,143,13,0,0,0,0,0
2013/10/17,01,72,5,0,0,0,0,0
2013/10/17,02,19,4,0,0,0,0,0
2013/10/17,03,18,4,0,0,0,0,0
2013/10/17,04,18,4,0,0,0,0,0
2013/10/17,05,18,4,0,0,0,0,0
2013/10/17,06,19,4,0,0,0,0,0
2013/10/17,07,23,4,0,0,0,0,0
2013/10/17,08,73,26,0,0,0,0,0
2013/10/17,09,188,30,0,0,0,0,0
2013/10/17,10,187,23,0,0,0,0,0
2013/10/17,11,189,20,0,0,0,0,0
2013/10/17,12,190,20,0,0,0,0,0
2013/10/17,13,185,15,0,0,0,0,0
2013/10/17,14,181,12,0,0,0,0,0
2013/10/17,15,178,9,0,0,0,0,0
2013/10/17,16,180,12,0,0,0,0,0
2013/10/17,17,192,11,0,0,0,0,0
2013/10/17,18,203,9,0,0,0,0,0
2013/10/17,19,203,8,0,0,0,0,0
2013/10/17,20,205,11,0,0,0,0,0
2013/10/17,21,210,12,0,0,0,0,0
2013/10/17,22,209,17,0,0,0,0,0
2013/10/17,23,201,18,0,0,0,0,0
2013/10/17,24,161,16,0,0,0,0,0
2013/10/18,01,105,7,0,0,0,0,0
2013/10/18,02,19,4,0,0,0,0,0
2013/10/18,03,19,4,0,0,0,0,0
2013/10/18,04,18,4,0,0,0,0,0
2013/10/18,05,19,4,0,0,0,0,0
2013/10/18,06,19,4,0,0,0,0,0
2013/10/18,07,23,4,0,0,0,0,0
2013/10/18,08,58,18,0,0,0,0,0
2013/10/18,09,193,32,0,0,0,0,0
2013/10/18,10,180,15,0,0,0,0,0
2013/10/18,11,176,6,0,0,0,0,0
2013/10/18,12,179,9,0,0,0,0,0
2013/10/18,13,176,5,0,0,0,0,0
2013/10/18,14,176,6,0,0,0,0,0
2013/10/18,15,175,6,0,0,0,0,0
2013/10/18,16,183,13,0,0,0,0,0
2013/10/18,17,187,10,0,0,0,0,0
2013/10/18,18,208,13,0,0,0,0,0
2013/10/18,19,204,5,0,0,0,0,0
2013/10/18,20,203,6,0,0,0,0,0
2013/10/18,21,201,6,0,0,0,0,0
2013/10/18,22,202,7,0,0,0,0,0
2013/10/18,23,191,6,0,0,0,0,0
2013/10/18,24,119,7,0,0,0,0,0
2013/10/19,01,107,7,0,0,0,0,0
2013/10/19,02,59,7,0,0,0,0,0
2013/10/19,03,22,7,0,0,0,0,0
2013/10/19,04,22,8,0,0,0,0,0
2013/10/19,05,22,6,0,0,0,0,0
2013/10/19,06,24,8,0,0,0,0,0
2013/10/19,07,27,7,0,0,0,0,0
2013/10/19,08,61,9,0,0,0,0,0
2013/10/19,09,165,8,0,0,0,0,0
2013/10/19,10,170,7,0,0,0,0,0
2013/10/19,11,178,6,0,0,0,0,0
2013/10/19,12,180,5,0,0,0,0,0
2013/10/19,13,213,33,0,0,0,0,0
2013/10/19,14,216,35,0,0,0,0,0
2013/10/19,15,224,47,0,0,0,0,0
2013/10/19,16,205,30,0,0,0,0,0
2013/10/19,17,205,23,0,0,0,0,0
2013/10/19,18,219,20,0,0,0,0,0
2013/10/19,19,215,15,0,0,0,0,0
2013/10/19,20,211,14,0,0,0,0,0
2013/10/19,21,207,11,0,0,0,0,0
2013/10/19,22,199,6,0,0,0,0,0
2013/10/19,23,189,6,0,0,0,0,0
2013/10/19,24,152,7,0,0,0,0,0
2013/10/20,01,113,6,0,0,0,0,0
2013/10/20,02,19,4,0,0,0,0,0
2013/10/20,03,19,4,0,0,0,0,0
2013/10/20,04,18,4,0,0,0,0,0
2013/10/20,05,18,4,0,0,0,0,0
2013/10/20,06,19,4,0,0,0,0,0
2013/10/20,07,22,4,0,0,0,0,0
2013/10/20,08,56,6,0,0,0,0,0
2013/10/20,09,163,8,0,0,0,0,0
2013/10/20,10,172,8,0,0,0,0,0
2013/10/20,11,174,7,0,0,0,0,0
2013/10/20,12,175,6,0,0,0,0,0
2013/10/20,13,176,5,0,0,0,0,0
2013/10/20,14,189,17,0,0,0,0,0
2013/10/20,15,190,18,0,0,0,0,0
2013/10/20,16,188,17,0,0,0,0,0
2013/10/20,17,206,18,0,0,0,0,0
2013/10/20,18,212,11,0,0,0,0,0
2013/10/20,19,215,14,0,0,0,0,0
2013/10/20,20,209,11,0,0,0,0,0
2013/10/20,21,207,12,0,0,0,0,0
2013/10/20,22,201,8,0,0,0,0,0
2013/10/20,23,190,6,0,0,0,0,0
2013/10/20,24,161,20,0,0,0,0,0
2013/10/21,01,162,22,0,0,0,0,0
2013/10/21,02,161,23,0,0,0,0,0
2013/10/21,03,82,6,0,0,0,0,0
2013/10/21,04,19,4,0,0,0,0,0
2013/10/21,05,19,4,0,0,0,0,0
2013/10/21,06,20,4,0,0,0,0,0
2013/10/21,07,24,4,0,0,0,0,0
2013/10/21,08,46,6,0,0,0,0,0
2013/10/21,09,167,6,0,0,0,0,0
2013/10/21,10,170,5,0,0,0,0,0
2013/10/21,11,174,5,0,0,0,0,0
2013/10/21,12,193,23,0,0,0,0,0
2013/10/21,13,200,26,0,0,0,0,0
2013/10/21,14,207,33,0,0,0,0,0
2013/10/21,15,206,33,0,0,0,0,0
2013/10/21,16,196,26,0,0,0,0,0
2013/10/21,17,200,17,0,0,0,0,0
2013/10/21,18,218,22,0,0,0,0,0
2013/10/21,19,218,17,0,0,0,0,0
2013/10/21,20,214,17,0,0,0,0,0
2013/10/21,21,213,16,0,0,0,0,0
2013/10/21,22,212,16,0,0,0,0,0
2013/10/21,23,193,8,0,0,0,0,0
2013/10/21,24,150,14,0,0,0,0,0
2013/10/22,01,118,16,0,0,0,0,0
2013/10/22,02,59,4,0,0,0,0,0
2013/10/22,03,20,4,0,0,0,0,0
2013/10/22,04,19,4,0,0,0,0,0
2013/10/22,05,19,4,0,0,0,0,0
2013/10/22,06,20,4,0,0,0,0,0
2013/10/22,07,24,4,0,0,0,0,0
2013/10/22,08,51,12,0,0,0,0,0
2013/10/22,09,176,17,0,0,0,0,0
2013/10/22,10,171,9,0,0,0,0,0
2013/10/22,11,175,7,0,0,0,0,0
2013/10/22,12,174,5,0,0,0,0,0
2013/10/22,13,196,24,0,0,0,0,0
2013/10/22,14,198,27,0,0,0,0,0
2013/10/22,15,197,27,0,0,0,0,0
2013/10/22,16,197,27,0,0,0,0,0
2013/10/22,17,210,27,0,0,0,0,0
2013/10/22,18,219,26,0,0,0,0,0
2013/10/22,19,221,26,0,0,0,0,0
2013/10/22,20,214,21,0,0,0,0,0
2013/10/22,21,212,18,0,0,0,0,0
2013/10/22,22,212,18,0,0,0,0,0
2013/10/22,23,199,15,0,0,0,0,0
2013/10/22,24,152,6,0,0,0,0,0
2013/10/23,01,141,6,0,0,0,0,0
2013/10/23,02,49,5,0,0,0,0,0
2013/10/23,03,21,4,0,0,0,0,0
2013/10/23,04,20,4,0,0,0,0,0
2013/10/23,05,20,4,0,0,0,0,0
2013/10/23,06,20,4,0,0,0,0,0
2013/10/23,07,24,4,0,0,0,0,0
2013/10/23,08,50,8,0,0,0,0,0
2013/10/23,09,172,16,0,0,0,0,0
2013/10/23,10,170,6,0,0,0,0,0
2013/10/23,11,182,6,0,0,0,0,0
2013/10/23,12,184,10,0,0,0,0,0
2013/10/23,13,191,19,0,0,0,0,0
2013/10/23,14,198,27,0,0,0,0,0
2013/10/23,15,194,24,0,0,0,0,0
2013/10/23,16,198,28,0,0,0,0,0
2013/10/23,17,196,15,0,0,0,0,0
2013/10/23,18,211,15,0,0,0,0,0
2013/10/23,19,209,13,0,0,0,0,0
2013/10/23,20,204,9,0,0,0,0,0
2013/10/23,21,201,7,0,0,0,0,0
2013/10/23,22,200,6,0,0,0,0,0
2013/10/23,23,190,6,0,0,0,0,0
2013/10/23,24,162,15,0,0,0,0,0
2013/10/24,01,126,9,0,0,0,0,0
2013/10/24,02,88,9,0,0,0,0,0
2013/10/24,03,60,8,0,0,0,0,0
2013/10/24,04,20,4,0,0,0,0,0
2013/10/24,05,20,4,0,0,0,0,0
2013/10/24,06,20,4,0,0,0,0,0
2013/10/24,07,24,4,0,0,0,0,0
2013/10/24,08,56,18,0,0,0,0,0
2013/10/24,09,182,24,0,0,0,0,0
2013/10/24,10,170,7,0,0,0,0,0
2013/10/24,11,172,5,0,0,0,0,0
2013/10/24,12,183,14,0,0,0,0,0
2013/10/24,13,191,22,0,0,0,0,0
2013/10/24,14,195,26,0,0,0,0,0
2013/10/24,15,187,19,0,0,0,0,0
2013/10/24,16,204,32,0,0,0,0,0
2013/10/24,17,207,24,0,0,0,0,0
2013/10/24,18,198,5,0,0,0,0,0
2013/10/24,19,200,5,0,0,0,0,0
2013/10/24,20,206,11,0,0,0,0,0
2013/10/24,21,202,8,0,0,0,0,0
2013/10/24,22,203,11,0,0,0,0,0
2013/10/24,23,187,5,0,0,0,0,0
2013/10/24,24,151,11,0,0,0,0,0
2013/10/25,01,114,5,0,0,0,0,0
2013/10/25,02,21,4,0,0,0,0,0
2013/10/25,03,21,4,0,0,0,0,0
2013/10/25,04,20,4,0,0,0,0,0
2013/10/25,05,19,4,0,0,0,0,0
2013/10/25,06,20,4,0,0,0,0,0
2013/10/25,07,24,4,0,0,0,0,0
2013/10/25,08,38,5,0,0,0,0,0
2013/10/25,09,151,4,0,0,0,0,0
2013/10/25,10,167,4,0,0,0,0,0
2013/10/25,11,171,4,0,0,0,0,0
2013/10/25,12,173,4,0,0,0,0,0
2013/10/25,13,174,4,0,0,0,0,0
2013/10/25,14,194,23,0,0,0,0,0
2013/10/25,15,200,29,0,0,0,0,0
2013/10/25,16,209,33,0,0,0,0,0
2013/10/25,17,222,35,0,0,0,0,0
2013/10/25,18,201,4,0,0,0,0,0
2013/10/25,19,201,4,0,0,0,0,0
2013/10/25,20,215,19,0,0,0,0,0
2013/10/25,21,230,34,0,0,0,0,0
2013/10/25,22,220,28,0,0,0,0,0
2013/10/25,23,186,4,0,0,0,0,0
2013/10/25,24,146,10,0,0,0,0,0
2013/10/26,01,138,10,0,0,0,0,0
2013/10/26,02,33,4,0,0,0,0,0
2013/10/26,03,20,4,0,0,0,0,0
2013/10/26,04,20,4,0,0,0,0,0
2013/10/26,05,19,4,0,0,0,0,0
2013/10/26,06,20,4,0,0,0,0,0
2013/10/26,07,24,4,0,0,0,0,0
2013/10/26,08,42,9,0,0,0,0,0
2013/10/26,09,164,14,0,0,0,0,0
2013/10/26,10,182,12,0,0,0,0,0
2013/10/26,11,177,11,0,0,0,0,0
2013/10/26,12,181,6,0,0,0,0,0
2013/10/26,13,176,7,0,0,0,0,0
2013/10/26,14,187,6,0,0,0,0,0
2013/10/26,15,205,7,0,0,0,0,0
2013/10/26,16,198,9,0,0,0,0,0
2013/10/26,17,195,9,0,0,0,0,0
2013/10/26,18,214,15,0,0,0,0,0
2013/10/26,19,215,16,0,0,0,0,0
2013/10/26,20,212,13,0,0,0,0,0
2013/10/26,21,209,13,0,0,0,0,0
2013/10/26,22,206,11,0,0,0,0,0
2013/10/26,23,192,6,0,0,0,0,0
2013/10/26,24,139,7,0,0,0,0,0
2013/10/27,01,134,7,0,0,0,0,0
2013/10/27,02,133,7,0,0,0,0,0
2013/10/27,03,58,5,0,0,0,0,0
2013/10/27,04,20,4,0,0,0,0,0
2013/10/27,05,19,4,0,0,0,0,0
2013/10/27,06,20,4,0,0,0,0,0
2013/10/27,07,22,4,0,0,0,0,0
2013/10/27,08,69,24,0,0,0,0,0
2013/10/27,09,191,32,0,0,0,0,0
2013/10/27,10,184,18,0,0,0,0,0
2013/10/27,11,186,17,0,0,0,0,0
2013/10/27,12,186,12,0,0,0,0,0
2013/10/27,13,183,10,0,0,0,0,0
2013/10/27,14,179,7,0,0,0,0,0
2013/10/27,15,178,6,0,0,0,0,0
2013/10/27,16,191,19,0,0,0,0,0
2013/10/27,17,212,26,0,0,0,0,0
2013/10/27,18,223,26,0,0,0,0,0
2013/10/27,19,207,10,0,0,0,0,0
2013/10/27,20,202,6,0,0,0,0,0
2013/10/27,21,199,6,0,0,0,0,0
2013/10/27,22,200,6,0,0,0,0,0
2013/10/27,23,190,6,0,0,0,0,0
2013/10/27,24,137,6,0,0,0,0,0
2013/10/28,01,127,6,0,0,0,0,0
2013/10/28,02,21,4,0,0,0,0,0
2013/10/28,03,20,4,0,0,0,0,0
2013/10/28,04,19,4,0,0,0,0,0
2013/10/28,05,19,4,0,0,0,0,0
2013/10/28,06,20,4,0,0,0,0,0
2013/10/28,07,24,4,0,0,0,0,0
2013/10/28,08,56,19,0,0,0,0,0
2013/10/28,09,185,26,0,0,0,0,0
2013/10/28,10,179,14,0,0,0,0,0
2013/10/28,11,178,9,0,0,0,0,0
2013/10/28,12,177,6,0,0,0,0,0
2013/10/28,13,178,6,0,0,0,0,0
2013/10/28,14,178,5,0,0,0,0,0
2013/10/28,15,195,21,0,0,0,0,0
2013/10/28,16,197,24,0,0,0,0,0
2013/10/28,17,201,17,0,0,0,0,0
2013/10/28,18,207,12,0,0,0,0,0
2013/10/28,19,203,7,0,0,0,0,0
2013/10/28,20,203,8,0,0,0,0,0
2013/10/28,21,204,10,0,0,0,0,0
2013/10/28,22,204,11,0,0,0,0,0
2013/10/28,23,188,4,0,0,0,0,0
2013/10/28,24,146,4,0,0,0,0,0
2013/10/29,01,115,4,0,0,0,0,0
2013/10/29,02,20,4,0,0,0,0,0
2013/10/29,03,20,4,0,0,0,0,0
2013/10/29,04,19,4,0,0,0,0,0
2013/10/29,05,19,4,0,0,0,0,0
2013/10/29,06,20,4,0,0,0,0,0
2013/10/29,07,24,4,0,0,0,0,0
2013/10/29,08,69,25,0,0,0,0,0
2013/10/29,09,176,30,0,0,0,0,0
2013/10/29,10,185,20,0,0,0,0,0
2013/10/29,11,183,14,0,0,0,0,0
2013/10/29,12,175,7,0,0,0,0,0
2013/10/29,13,174,5,0,0,0,0,0
2013/10/29,14,197,26,0,0,0,0,0
2013/10/29,15,197,28,0,0,0,0,0
2013/10/29,16,192,22,0,0,0,0,0
2013/10/29,17,206,21,0,0,0,0,0
2013/10/29,18,212,15,0,0,0,0,0
2013/10/29,19,214,15,0,0,0,0,0
2013/10/29,20,204,8,0,0,0,0,0
2013/10/29,21,201,6,0,0,0,0,0
2013/10/29,22,197,4,0,0,0,0,0
2013/10/29,23,187,4,0,0,0,0,0
2013/10/29,24,146,4,0,0,0,0,0
2013/10/30,01,100,4,0,0,0,0,0
2013/10/30,02,20,4,0,0,0,0,0
2013/10/30,03,20,4,0,0,0,0,0
2013/10/30,04,19,4,0,0,0,0,0
2013/10/30,05,19,4,0,0,0,0,0
2013/10/30,06,20,4,0,0,0,0,0
2013/10/30,07,24,4,0,0,0,0,0
2013/10/30,08,54,5,0,0,0,0,0
2013/10/30,09,152,9,0,0,0,0,0
2013/10/30,10,170,6,0,0,0,0,0
2013/10/30,11,182,12,0,0,0,0,0
2013/10/30,12,181,10,0,0,0,0,0
2013/10/30,13,179,6,0,0,0,0,0
2013/10/30,14,176,6,0,0,0,0,0
2013/10/30,15,200,29,0,0,0,0,0
2013/10/30,16,194,24,0,0,0,0,0
2013/10/30,17,201,16,0,0,0,0,0
2013/10/30,18,217,19,0,0,0,0,0
2013/10/30,19,210,12,0,0,0,0,0
2013/10/30,20,214,15,0,0,0,0,0
2013/10/30,21,203,7,0,0,0,0,0
2013/10/30,22,204,8,0,0,0,0,0
2013/10/30,23,190,4,0,0,0,0,0
2013/10/30,24,165,23,0,0,0,0,0
2013/10/31,01,86,17,0,0,0,0,0
2013/10/31,02,20,4,0,0,0,0,0
2013/10/31,03,20,4,0,0,0,0,0
2013/10/31,04,19,4,0,0,0,0,0
2013/10/31,05,19,4,0,0,0,0,0
2013/10/31,06,19,4,0,0,0,0,0
2013/10/31,07,24,4,0,0,0,0,0
2013/10/31,08,40,4,0,0,0,0,0
2013/10/31,09,153,6,0,0,0,0,0
2013/10/31,10,168,5,0,0,0,0,0
2013/10/31,11,170,4,0,0,0,0,0
2013/10/31,12,176,7,0,0,0,0,0
2013/10/31,13,180,9,0,0,0,0,0
2013/10/31,14,179,11,0,0,0,0,0
2013/10/31,15,181,13,0,0,0,0,0
2013/10/31,16,182,14,0,0,0,0,0
2013/10/31,17,192,11,0,0,0,0,0
2013/10/31,18,206,9,0,0,0,0,0
2013/10/31,19,206,7,0,0,0,0,0
2013/10/31,20,206,8,0,0,0,0,0
2013/10/31,21,202,5,0,0,0,0,0
2013/10/31,22,203,7,0,0,0,0,0
2013/10/31,23,189,4,0,0,0,0,0
2013/10/31,24,135,10,0,0,0,0,0
2013/11/01,01,67,7,0,0,0,0,0
2013/11/01,02,21,4,0,0,0,0,0
2013/11/01,03,20,4,0,0,0,0,0
2013/11/01,04,20,4,0,0,0,0,0
2013/11/01,05,19,4,0,0,0,0,0
2013/11/01,06,20,4,0,0,0,0,0
2013/11/01,07,24,4,0,0,0,0,0
2013/11/01,08,43,5,0,0,0,0,0
2013/11/01,09,154,6,0,0,0,0,0
2013/11/01,10,172,7,0,0,0,0,0
2013/11/01,11,175,6,0,0,0,0,0
2013/11/01,12,177,6,0,0,0,0,0
2013/11/01,13,177,9,0,0,0,0,0
2013/11/01,14,179,11,0,0,0,0,0
2013/11/01,15,179,10,0,0,0,0,0
2013/11/01,16,180,11,0,0,0,0,0
2013/11/01,17,192,9,0,0,0,0,0
2013/11/01,18,203,6,0,0,0,0,0
2013/11/01,19,205,6,0,0,0,0,0
2013/11/01,20,203,6,0,0,0,0,0
2013/11/01,21,206,9,0,0,0,0,0
2013/11/01,22,203,7,0,0,0,0,0
2013/11/01,23,192,7,0,0,0,0,0
2013/11/01,24,136,7,0,0,0,0,0
2013/11/02,01,112,7,0,0,0,0,0
2013/11/02,02,20,4,0,0,0,0,0
2013/11/02,03,20,4,0,0,0,0,0
2013/11/02,04,20,4,0,0,0,0,0
2013/11/02,05,20,4,0,0,0,0,0
2013/11/02,06,20,4,0,0,0,0,0
2013/11/02,07,25,4,0,0,0,0,0
2013/11/02,08,45,5,0,0,0,0,0
2013/11/02,09,155,9,0,0,0,0,0
2013/11/02,10,204,36,0,0,0,0,0
2013/11/02,11,182,14,0,0,0,0,0
2013/11/02,12,176,7,0,0,0,0,0
2013/11/02,13,175,6,0,0,0,0,0
2013/11/02,14,175,5,0,0,0,0,0
2013/11/02,15,176,6,0,0,0,0,0
2013/11/02,16,175,5,0,0,0,0,0
2013/11/02,17,190,6,0,0,0,0,0
2013/11/02,18,207,10,0,0,0,0,0
2013/11/02,19,204,7,0,0,0,0,0
2013/11/02,20,204,8,0,0,0,0,0
2013/11/02,21,202,7,0,0,0,0,0
2013/11/02,22,201,8,0,0,0,0,0
2013/11/02,23,190,6,0,0,0,0,0
2013/11/02,24,132,7,0,0,0,0,0
2013/11/03,01,90,7,0,0,0,0,0
2013/11/03,02,20,4,0,0,0,0,0
2013/11/03,03,20,4,0,0,0,0,0
2013/11/03,04,19,4,0,0,0,0,0
2013/11/03,05,19,4,0,0,0,0,0
2013/11/03,06,20,4,0,0,0,0,0
2013/11/03,07,22,4,0,0,0,0,0
2013/11/03,08,43,5,0,0,0,0,0
2013/11/03,09,171,15,0,0,0,0,0
2013/11/03,10,188,23,0,0,0,0,0
2013/11/03,11,176,8,0,0,0,0,0
2013/11/03,12,177,7,0,0,0,0,0
2013/11/03,13,185,14,0,0,0,0,0
2013/11/03,14,188,17,0,0,0,0,0
2013/11/03,15,187,16,0,0,0,0,0
2013/11/03,16,191,20,0,0,0,0,0
2013/11/03,17,197,12,0,0,0,0,0
2013/11/03,18,209,10,0,0,0,0,0
2013/11/03,19,209,9,0,0,0,0,0
2013/11/03,20,208,9,0,0,0,0,0
2013/11/03,21,200,5,0,0,0,0,0
2013/11/03,22,197,4,0,0,0,0,0
2013/11/03,23,186,4,0,0,0,0,0
2013/11/03,24,125,8,0,0,0,0,0
2013/11/04,01,67,9,0,0,0,0,0
2013/11/04,02,20,4,0,0,0,0,0
2013/11/04,03,20,4,0,0,0,0,0
2013/11/04,04,19,4,0,0,0,0,0
2013/11/04,05,19,4,0,0,0,0,0
2013/11/04,06,20,4,0,0,0,0,0
2013/11/04,07,24,4,0,0,0,0,0
2013/11/04,08,65,20,0,0,0,0,0
2013/11/04,09,191,31,0,0,0,0,0
2013/11/04,10,180,16,0,0,0,0,0
2013/11/04,11,177,9,0,0,0,0,0
2013/11/04,12,177,5,0,0,0,0,0
2013/11/04,13,186,16,0,0,0,0,0
2013/11/04,14,182,11,0,0,0,0,0
2013/11/04,15,178,7,0,0,0,0,0
2013/11/04,16,178,8,0,0,0,0,0
2013/11/04,17,194,10,0,0,0,0,0
2013/11/04,18,206,9,0,0,0,0,0
2013/11/04,19,205,6,0,0,0,0,0
2013/11/04,20,202,6,0,0,0,0,0
2013/11/04,21,198,5,0,0,0,0,0
2013/11/04,22,195,4,0,0,0,0,0
2013/11/04,23,185,4,0,0,0,0,0
2013/11/04,24,144,4,0,0,0,0,0
2013/11/05,01,141,4,0,0,0,0,0
2013/11/05,02,139,4,0,0,0,0,0
2013/11/05,03,34,4,0,0,0,0,0
2013/11/05,04,20,4,0,0,0,0,0
2013/11/05,05,20,4,0,0,0,0,0
2013/11/05,06,21,4,0,0,0,0,0
2013/11/05,07,25,4,0,0,0,0,0
2013/11/05,08,64,9,0,0,0,0,0
2013/11/05,09,160,9,0,0,0,0,0
2013/11/05,10,173,9,0,0,0,0,0
2013/11/05,11,178,8,0,0,0,0,0
2013/11/05,12,178,8,0,0,0,0,0
2013/11/05,13,179,7,0,0,0,0,0
2013/11/05,14,177,6,0,0,0,0,0
2013/11/05,15,187,16,0,0,0,0,0
2013/11/05,16,192,21,0,0,0,0,0
2013/11/05,17,198,14,0,0,0,0,0
2013/11/05,18,205,8,0,0,0,0,0
2013/11/05,19,206,8,0,0,0,0,0
2013/11/05,20,201,4,0,0,0,0,0
2013/11/05,21,200,4,0,0,0,0,0
2013/11/05,22,199,4,0,0,0,0,0
2013/11/05,23,186,4,0,0,0,0,0
2013/11/05,24,144,4,0,0,0,0,0
2013/11/06,01,116,4,0,0,0,0,0
2013/11/06,02,25,4,0,0,0,0,0
2013/11/06,03,21,4,0,0,0,0,0
2013/11/06,04,21,4,0,0,0,0,0
2013/11/06,05,20,4,0,0,0,0,0
2013/11/06,06,21,4,0,0,0,0,0
2013/11/06,07,25,4,0,0,0,0,0
2013/11/06,08,65,25,0,0,0,0,0
2013/11/06,09,193,37,0,0,0,0,0
2013/11/06,10,182,18,0,0,0,0,0
2013/11/06,11,180,10,0,0,0,0,0
2013/11/06,12,178,7,0,0,0,0,0
2013/11/06,13,198,26,0,0,0,0,0
2013/11/06,14,195,24,0,0,0,0,0
2013/11/06,15,196,26,0,0,0,0,0
2013/11/06,16,188,19,0,0,0,0,0
2013/11/06,17,203,19,0,0,0,0,0
2013/11/06,18,212,15,0,0,0,0,0
2013/11/06,19,215,16,0,0,0,0,0
2013/11/06,20,208,11,0,0,0,0,0
2013/11/06,21,208,12,0,0,0,0,0
2013/11/06,22,206,10,0,0,0,0,0
2013/11/06,23,188,6,0,0,0,0,0
2013/11/06,24,154,8,0,0,0,0,0
2013/11/07,01,141,13,0,0,0,0,0
2013/11/07,02,20,4,0,0,0,0,0
2013/11/07,03,20,4,0,0,0,0,0
2013/11/07,04,19,4,0,0,0,0,0
2013/11/07,05,19,4,0,0,0,0,0
2013/11/07,06,20,4,0,0,0,0,0
2013/11/07,07,24,4,0,0,0,0,0
2013/11/07,08,57,21,0,0,0,0,0
2013/11/07,09,166,15,0,0,0,0,0
2013/11/07,10,181,19,0,0,0,0,0
2013/11/07,11,177,11,0,0,0,0,0
2013/11/07,12,186,17,0,0,0,0,0
2013/11/07,13,181,11,0,0,0,0,0
2013/11/07,14,184,14,0,0,0,0,0
2013/11/07,15,184,14,0,0,0,0,0
2013/11/07,16,186,15,0,0,0,0,0
2013/11/07,17,199,14,0,0,0,0,0
2013/11/07,18,210,11,0,0,0,0,0
2013/11/07,19,207,7,0,0,0,0,0
2013/11/07,20,203,10,0,0,0,0,0
2013/11/07,21,202,8,0,0,0,0,0
2013/11/07,22,199,7,0,0,0,0,0
2013/11/07,23,187,7,0,0,0,0,0
2013/11/07,24,149,6,0,0,0,0,0
2013/11/08,01,118,6,0,0,0,0,0
2013/11/08,02,38,7,0,0,0,0,0
2013/11/08,03,23,8,0,0,0,0,0
2013/11/08,04,22,7,0,0,0,0,0
2013/11/08,05,22,7,0,0,0,0,0
2013/11/08,06,23,7,0,0,0,0,0
2013/11/08,07,27,7,0,0,0,0,0
2013/11/08,08,79,39,0,0,0,0,0
2013/11/08,09,176,29,0,0,0,0,0
2013/11/08,10,192,29,0,0,0,0,0
2013/11/08,11,191,20,0,0,0,0,0
2013/11/08,12,183,13,0,0,0,0,0
2013/11/08,13,178,7,0,0,0,0,0
2013/11/08,14,178,7,0,0,0,0,0
2013/11/08,15,181,8,0,0,0,0,0
2013/11/08,16,178,7,0,0,0,0,0
2013/11/08,17,192,9,0,0,0,0,0
2013/11/08,18,209,13,0,0,0,0,0
2013/11/08,19,211,14,0,0,0,0,0
2013/11/08,20,211,15,0,0,0,0,0
2013/11/08,21,201,8,0,0,0,0,0
2013/11/08,22,201,8,0,0,0,0,0
2013/11/08,23,203,15,0,0,0,0,0
2013/11/08,24,147,9,0,0,0,0,0
2013/11/09,01,148,23,0,0,0,0,0
2013/11/09,02,83,19,0,0,0,0,0
2013/11/09,03,21,4,0,0,0,0,0
2013/11/09,04,21,4,0,0,0,0,0
2013/11/09,05,20,4,0,0,0,0,0
2013/11/09,06,21,4,0,0,0,0,0
2013/11/09,07,25,4,0,0,0,0,0
2013/11/09,08,48,9,0,0,0,0,0
2013/11/09,09,209,57,0,0,0,0,0
2013/11/09,10,206,38,0,0,0,0,0
2013/11/09,11,193,22,0,0,0,0,0
2013/11/09,12,191,18,0,0,0,0,0
2013/11/09,13,191,18,0,0,0,0,0
2013/11/09,14,185,12,0,0,0,0,0
2013/11/09,15,177,7,0,0,0,0,0
2013/11/09,16,180,7,0,0,0,0,0
2013/11/09,17,194,7,0,0,0,0,0
2013/11/09,18,207,7,0,0,0,0,0
2013/11/09,19,209,8,0,0,0,0,0
2013/11/09,20,205,9,0,0,0,0,0
2013/11/09,21,205,9,0,0,0,0,0
2013/11/09,22,203,8,0,0,0,0,0
2013/11/09,23,194,8,0,0,0,0,0
2013/11/09,24,142,7,0,0,0,0,0
2013/11/10,01,136,8,0,0,0,0,0
2013/11/10,02,26,6,0,0,0,0,0
2013/11/10,03,22,6,0,0,0,0,0
2013/11/10,04,22,6,0,0,0,0,0
2013/11/10,05,22,6,0,0,0,0,0
2013/11/10,06,21,6,0,0,0,0,0
2013/11/10,07,23,6,0,0,0,0,0
2013/11/10,08,71,33,0,0,0,0,0
2013/11/10,09,176,28,0,0,0,0,0
2013/11/10,10,193,22,0,0,0,0,0
2013/11/10,11,196,21,0,0,0,0,0
2013/11/10,12,198,20,0,0,0,0,0
2013/11/10,13,200,20,0,0,0,0,0
2013/11/10,14,198,19,0,0,0,0,0
2013/11/10,15,200,21,0,0,0,0,0
2013/11/10,16,198,19,0,0,0,0,0
2013/11/10,17,217,23,0,0,0,0,0
2013/11/10,18,239,31,0,0,0,0,0
2013/11/10,19,215,9,0,0,0,0,0
2013/11/10,20,211,10,0,0,0,0,0
2013/11/10,21,208,9,0,0,0,0,0
2013/11/10,22,207,9,0,0,0,0,0
2013/11/10,23,196,9,0,0,0,0,0
2013/11/10,24,150,9,0,0,0,0,0
2013/11/11,01,115,9,0,0,0,0,0
2013/11/11,02,68,8,0,0,0,0,0
2013/11/11,03,22,4,0,0,0,0,0
2013/11/11,04,21,4,0,0,0,0,0
2013/11/11,05,20,4,0,0,0,0,0
2013/11/11,06,21,4,0,0,0,0,0
2013/11/11,07,25,4,0,0,0,0,0
2013/11/11,08,51,11,0,0,0,0,0
2013/11/11,09,249,90,0,0,0,0,0
2013/11/11,10,247,68,0,0,0,0,0
2013/11/11,11,245,60,0,0,0,0,0
2013/11/11,12,246,58,0,0,0,0,0
2013/11/11,13,243,54,0,0,0,0,0
2013/11/11,14,245,55,0,0,0,0,0
2013/11/11,15,246,57,0,0,0,0,0
2013/11/11,16,248,59,0,0,0,0,0
2013/11/11,17,264,59,0,0,0,0,0
2013/11/11,18,272,57,0,0,0,0,0
2013/11/11,19,265,51,0,0,0,0,0
2013/11/11,20,252,48,0,0,0,0,0
2013/11/11,21,251,48,0,0,0,0,0
2013/11/11,22,252,49,0,0,0,0,0
2013/11/11,23,248,53,0,0,0,0,0
2013/11/11,24,154,27,0,0,0,0,0
2013/11/12,01,106,21,0,0,0,0,0
2013/11/12,02,21,4,0,0,0,0,0
2013/11/12,03,21,4,0,0,0,0,0
2013/11/12,04,21,4,0,0,0,0,0
2013/11/12,05,20,4,0,0,0,0,0
2013/11/12,06,22,4,0,0,0,0,0
2013/11/12,07,25,4,0,0,0,0,0
2013/11/12,08,114,71,0,0,0,0,0
2013/11/12,09,244,86,0,0,0,0,0
2013/11/12,10,263,82,0,0,0,0,0
2013/11/12,11,251,65,0,0,0,0,0
2013/11/12,12,246,59,0,0,0,0,0
2013/11/12,13,243,55,0,0,0,0,0
2013/11/12,14,241,53,0,0,0,0,0
2013/11/12,15,238,50,0,0,0,0,0
2013/11/12,16,231,48,0,0,0,0,0
2013/11/12,17,261,58,0,0,0,0,0
2013/11/12,18,279,60,0,0,0,0,0
2013/11/12,19,269,55,0,0,0,0,0
2013/11/12,20,243,44,0,0,0,0,0
2013/11/12,21,240,40,0,0,0,0,0
2013/11/12,22,241,42,0,0,0,0,0
2013/11/12,23,246,51,0,0,0,0,0
2013/11/12,24,143,26,0,0,0,0,0
2013/11/13,01,107,23,0,0,0,0,0
2013/11/13,02,22,4,0,0,0,0,0
2013/11/13,03,22,4,0,0,0,0,0
2013/11/13,04,21,4,0,0,0,0,0
2013/11/13,05,21,4,0,0,0,0,0
2013/11/13,06,22,4,0,0,0,0,0
2013/11/13,07,26,4,0,0,0,0,0
2013/11/13,08,116,64,0,0,0,0,0
2013/11/13,09,281,111,0,0,0,0,0
2013/11/13,10,273,93,0,0,0,0,0
2013/11/13,11,268,79,0,0,0,0,0
2013/11/13,12,259,71,0,0,0,0,0
2013/11/13,13,249,57,0,0,0,0,0
2013/11/13,14,236,50,0,0,0,0,0
2013/11/13,15,230,46,0,0,0,0,0
2013/11/13,16,231,46,0,0,0,0,0
2013/11/13,17,262,48,0,0,0,0,0
2013/11/13,18,260,47,0,0,0,0,0
2013/11/13,19,266,51,0,0,0,0,0
2013/11/13,20,252,46,0,0,0,0,0
2013/11/13,21,253,47,0,0,0,0,0
2013/11/13,22,259,54,0,0,0,0,0
2013/11/13,23,248,51,0,0,0,0,0
2013/11/13,24,146,23,0,0,0,0,0
2013/11/14,01,105,12,0,0,0,0,0
2013/11/14,02,36,7,0,0,0,0,0
2013/11/14,03,23,4,0,0,0,0,0
2013/11/14,04,22,4,0,0,0,0,0
2013/11/14,05,22,4,0,0,0,0,0
2013/11/14,06,22,4,0,0,0,0,0
2013/11/14,07,27,4,0,0,0,0,0
2013/11/14,08,144,69,0,0,0,0,0
2013/11/14,09,277,100,0,0,0,0,0
2013/11/14,10,256,75,0,0,0,0,0
2013/11/14,11,240,56,0,0,0,0,0
2013/11/14,12,227,44,0,0,0,0,0
2013/11/14,13,224,39,0,0,0,0,0
2013/11/14,14,218,34,0,0,0,0,0
2013/11/14,15,214,31,0,0,0,0,0
2013/11/14,16,220,36,0,0,0,0,0
2013/11/14,17,249,37,0,0,0,0,0
2013/11/14,18,249,39,0,0,0,0,0
2013/11/14,19,248,38,0,0,0,0,0
2013/11/14,20,243,37,0,0,0,0,0
2013/11/14,21,242,37,0,0,0,0,0
2013/11/14,22,248,43,0,0,0,0,0
2013/11/14,23,234,40,0,0,0,0,0
2013/11/14,24,181,33,0,0,0,0,0
2013/11/15,01,180,46,0,0,0,0,0
2013/11/15,02,37,10,0,0,0,0,0
2013/11/15,03,22,4,0,0,0,0,0
2013/11/15,04,22,4,0,0,0,0,0
2013/11/15,05,22,4,0,0,0,0,0
2013/11/15,06,23,4,0,0,0,0,0
2013/11/15,07,27,4,0,0,0,0,0
2013/11/15,08,99,55,0,0,0,0,0
2013/11/15,09,216,58,0,0,0,0,0
2013/11/15,10,239,60,0,0,0,0,0
2013/11/15,11,236,50,0,0,0,0,0
2013/11/15,12,223,37,0,0,0,0,0
2013/11/15,13,221,34,0,0,0,0,0
2013/11/15,14,209,26,0,0,0,0,0
2013/11/15,15,205,21,0,0,0,0,0
2013/11/15,16,204,22,0,0,0,0,0
2013/11/15,17,230,22,0,0,0,0,0
2013/11/15,18,235,25,0,0,0,0,0
2013/11/15,19,236,26,0,0,0,0,0
2013/11/15,20,237,32,0,0,0,0,0
2013/11/15,21,228,27,0,0,0,0,0
2013/11/15,22,230,29,0,0,0,0,0
2013/11/15,23,218,30,0,0,0,0,0
2013/11/15,24,176,29,0,0,0,0,0
2013/11/16,01,129,24,0,0,0,0,0
2013/11/16,02,22,4,0,0,0,0,0
2013/11/16,03,22,4,0,0,0,0,0
2013/11/16,04,21,4,0,0,0,0,0
2013/11/16,05,21,4,0,0,0,0,0
2013/11/16,06,22,4,0,0,0,0,0
2013/11/16,07,27,4,0,0,0,0,0
2013/11/16,08,79,41,0,0,0,0,0
2013/11/16,09,242,70,0,0,0,0,0
2013/11/16,10,226,50,0,0,0,0,0
2013/11/16,11,207,31,0,0,0,0,0
2013/11/16,12,198,22,0,0,0,0,0
2013/11/16,13,197,20,0,0,0,0,0
2013/11/16,14,198,24,0,0,0,0,0
2013/11/16,15,197,24,0,0,0,0,0
2013/11/16,16,198,24,0,0,0,0,0
2013/11/16,17,212,9,0,0,0,0,0
2013/11/16,18,212,10,0,0,0,0,0
2013/11/16,19,213,8,0,0,0,0,0
2013/11/16,20,211,11,0,0,0,0,0
2013/11/16,21,209,9,0,0,0,0,0
2013/11/16,22,211,12,0,0,0,0,0
2013/11/16,23,217,31,0,0,0,0,0
2013/11/16,24,171,26,0,0,0,0,0
2013/11/17,01,130,16,0,0,0,0,0
2013/11/17,02,29,7,0,0,0,0,0
2013/11/17,03,26,6,0,0,0,0,0
2013/11/17,04,22,4,0,0,0,0,0
2013/11/17,05,21,4,0,0,0,0,0
2013/11/17,06,21,4,0,0,0,0,0
2013/11/17,07,23,4,0,0,0,0,0
2013/11/17,08,114,58,0,0,0,0,0
2013/11/17,09,242,71,0,0,0,0,0
2013/11/17,10,227,52,0,0,0,0,0
2013/11/17,11,202,27,0,0,0,0,0
2013/11/17,12,194,19,0,0,0,0,0
2013/11/17,13,193,18,0,0,0,0,0
2013/11/17,14,185,11,0,0,0,0,0
2013/11/17,15,194,19,0,0,0,0,0
2013/11/17,16,191,16,0,0,0,0,0
2013/11/17,17,215,14,0,0,0,0,0
2013/11/17,18,211,12,0,0,0,0,0
2013/11/17,19,213,8,0,0,0,0,0
2013/11/17,20,209,9,0,0,0,0,0
2013/11/17,21,206,10,0,0,0,0,0
2013/11/17,22,202,8,0,0,0,0,0
2013/11/17,23,193,9,0,0,0,0,0
2013/11/17,24,155,7,0,0,0,0,0
2013/11/18,01,151,6,0,0,0,0,0
2013/11/18,02,151,7,0,0,0,0,0
2013/11/18,03,94,5,0,0,0,0,0
2013/11/18,04,19,4,0,0,0,0,0
2013/11/18,05,19,4,0,0,0,0,0
2013/11/18,06,20,4,0,0,0,0,0
2013/11/18,07,24,4,0,0,0,0,0
2013/11/18,08,93,35,0,0,0,0,0
2013/11/18,09,194,28,0,0,0,0,0
2013/11/18,10,181,14,0,0,0,0,0
2013/11/18,11,179,9,0,0,0,0,0
2013/11/18,12,180,8,0,0,0,0,0
2013/11/18,13,182,8,0,0,0,0,0
2013/11/18,14,184,7,0,0,0,0,0
2013/11/18,15,183,9,0,0,0,0,0
2013/11/18,16,185,9,0,0,0,0,0
2013/11/18,17,211,9,0,0,0,0,0
2013/11/18,18,213,9,0,0,0,0,0
2013/11/18,19,213,9,0,0,0,0,0
2013/11/18,20,211,10,0,0,0,0,0
2013/11/18,21,207,8,0,0,0,0,0
2013/11/18,22,206,8,0,0,0,0,0
2013/11/18,23,197,9,0,0,0,0,0
2013/11/18,24,139,11,0,0,0,0,0
2013/11/19,01,120,8,0,0,0,0,0
2013/11/19,02,37,5,0,0,0,0,0
2013/11/19,03,20,4,0,0,0,0,0
2013/11/19,04,19,4,0,0,0,0,0
2013/11/19,05,20,4,0,0,0,0,0
2013/11/19,06,21,4,0,0,0,0,0
2013/11/19,07,25,4,0,0,0,0,0
2013/11/19,08,95,39,0,0,0,0,0
2013/11/19,09,224,55,0,0,0,0,0
2013/11/19,10,207,34,0,0,0,0,0
2013/11/19,11,210,30,0,0,0,0,0
2013/11/19,12,186,9,0,0,0,0,0
2013/11/19,13,186,9,0,0,0,0,0
2013/11/19,14,187,9,0,0,0,0,0
2013/11/19,15,188,9,0,0,0,0,0
2013/11/19,16,186,11,0,0,0,0,0
2013/11/19,17,219,15,0,0,0,0,0
2013/11/19,18,231,26,0,0,0,0,0
2013/11/19,19,230,25,0,0,0,0,0
2013/11/19,20,225,23,0,0,0,0,0
2013/11/19,21,224,26,0,0,0,0,0
2013/11/19,22,229,30,0,0,0,0,0
2013/11/19,23,223,31,0,0,0,0,0
2013/11/19,24,170,22,0,0,0,0,0
2013/11/20,01,118,15,0,0,0,0,0
2013/11/20,02,20,4,0,0,0,0,0
2013/11/20,03,21,4,0,0,0,0,0
2013/11/20,04,20,4,0,0,0,0,0
2013/11/20,05,20,4,0,0,0,0,0
2013/11/20,06,21,4,0,0,0,0,0
2013/11/20,07,26,4,0,0,0,0,0
2013/11/20,08,110,54,0,0,0,0,0
2013/11/20,09,242,72,0,0,0,0,0
2013/11/20,10,227,52,0,0,0,0,0
2013/11/20,11,208,31,0,0,0,0,0
2013/11/20,12,204,27,0,0,0,0,0
2013/11/20,13,197,21,0,0,0,0,0
2013/11/20,14,197,20,0,0,0,0,0
2013/11/20,15,195,20,0,0,0,0,0
2013/11/20,16,196,20,0,0,0,0,0
2013/11/20,17,229,22,0,0,0,0,0
2013/11/20,18,227,22,0,0,0,0,0
2013/11/20,19,225,20,0,0,0,0,0
2013/11/20,20,224,22,0,0,0,0,0
2013/11/20,21,218,19,0,0,0,0,0
2013/11/20,22,222,23,0,0,0,0,0
2013/11/20,23,215,25,0,0,0,0,0
2013/11/20,24,173,23,0,0,0,0,0
2013/11/21,01,167,24,0,0,0,0,0
2013/11/21,02,65,16,0,0,0,0,0
2013/11/21,03,22,4,0,0,0,0,0
2013/11/21,04,22,4,0,0,0,0,0
2013/11/21,05,22,4,0,0,0,0,0
2013/11/21,06,22,4,0,0,0,0,0
2013/11/21,07,27,4,0,0,0,0,0
2013/11/21,08,114,60,0,0,0,0,0
2013/11/21,09,210,48,0,0,0,0,0
2013/11/21,10,222,49,0,0,0,0,0
2013/11/21,11,213,34,0,0,0,0,0
2013/11/21,12,212,32,0,0,0,0,0
2013/11/21,13,202,22,0,0,0,0,0
2013/11/21,14,202,21,0,0,0,0,0
2013/11/21,15,204,23,0,0,0,0,0
2013/11/21,16,200,18,0,0,0,0,0
2013/11/21,17,221,12,0,0,0,0,0
2013/11/21,18,219,11,0,0,0,0,0
2013/11/21,19,220,12,0,0,0,0,0
2013/11/21,20,213,10,0,0,0,0,0
2013/11/21,21,216,17,0,0,0,0,0
2013/11/21,22,225,26,0,0,0,0,0
2013/11/21,23,215,27,0,0,0,0,0
2013/11/21,24,168,24,0,0,0,0,0
2013/11/22,01,147,20,0,0,0,0,0
2013/11/22,02,47,9,0,0,0,0,0
2013/11/22,03,22,4,0,0,0,0,0
2013/11/22,04,21,4,0,0,0,0,0
2013/11/22,05,21,4,0,0,0,0,0
2013/11/22,06,22,4,0,0,0,0,0
2013/11/22,07,26,4,0,0,0,0,0
2013/11/22,08,65,32,0,0,0,0,0
2013/11/22,09,191,47,0,0,0,0,0
2013/11/22,10,224,49,0,0,0,0,0
2013/11/22,11,227,45,0,0,0,0,0
2013/11/22,12,211,32,0,0,0,0,0
2013/11/22,13,205,24,0,0,0,0,0
2013/11/22,14,205,24,0,0,0,0,0
2013/11/22,15,195,14,0,0,0,0,0
2013/11/22,16,195,13,0,0,0,0,0
2013/11/22,17,219,12,0,0,0,0,0
2013/11/22,18,219,11,0,0,0,0,0
2013/11/22,19,219,10,0,0,0,0,0
2013/11/22,20,225,17,0,0,0,0,0
2013/11/22,21,230,29,0,0,0,0,0
2013/11/22,22,225,25,0,0,0,0,0
2013/11/22,23,212,23,0,0,0,0,0
2013/11/22,24,171,20,0,0,0,0,0
2013/11/23,01,146,21,0,0,0,0,0
2013/11/23,02,101,16,0,0,0,0,0
2013/11/23,03,44,9,0,0,0,0,0
2013/11/23,04,24,6,0,0,0,0,0
2013/11/23,05,24,7,0,0,0,0,0
2013/11/23,06,24,6,0,0,0,0,0
2013/11/23,07,28,6,0,0,0,0,0
2013/11/23,08,93,40,0,0,0,0,0
2013/11/23,09,207,46,0,0,0,0,0
2013/11/23,10,196,26,0,0,0,0,0
2013/11/23,11,196,21,0,0,0,0,0
2013/11/23,12,195,19,0,0,0,0,0
2013/11/23,13,195,20,0,0,0,0,0
2013/11/23,14,195,20,0,0,0,0,0
2013/11/23,15,193,18,0,0,0,0,0
2013/11/23,16,240,63,0,0,0,0,0
2013/11/23,17,246,41,0,0,0,0,0
2013/11/23,18,229,21,0,0,0,0,0
2013/11/23,19,231,23,0,0,0,0,0
2013/11/23,20,225,21,0,0,0,0,0
2013/11/23,21,220,20,0,0,0,0,0
2013/11/23,22,226,24,0,0,0,0,0
2013/11/23,23,205,17,0,0,0,0,0
2013/11/23,24,153,13,0,0,0,0,0
2013/11/24,01,95,4,0,0,0,0,0
2013/11/24,02,65,4,0,0,0,0,0
2013/11/24,03,70,7,0,0,0,0,0
2013/11/24,04,68,27,0,0,0,0,0
2013/11/24,05,20,4,0,0,0,0,0
2013/11/24,06,20,4,0,0,0,0,0
2013/11/24,07,22,4,0,0,0,0,0
2013/11/24,08,87,39,0,0,0,0,0
2013/11/24,09,224,56,0,0,0,0,0
2013/11/24,10,215,42,0,0,0,0,0
2013/11/24,11,193,21,0,0,0,0,0
2013/11/24,12,194,19,0,0,0,0,0
2013/11/24,13,194,19,0,0,0,0,0
2013/11/24,14,192,18,0,0,0,0,0
2013/11/24,15,199,24,0,0,0,0,0
2013/11/24,16,186,10,0,0,0,0,0
2013/11/24,17,216,11,0,0,0,0,0
2013/11/24,18,214,11,0,0,0,0,0
2013/11/24,19,212,9,0,0,0,0,0
2013/11/24,20,208,10,0,0,0,0,0
2013/11/24,21,209,10,0,0,0,0,0
2013/11/24,22,206,10,0,0,0,0,0
2013/11/24,23,199,11,0,0,0,0,0
2013/11/24,24,139,10,0,0,0,0,0
2013/11/25,01,126,10,0,0,0,0,0
2013/11/25,02,86,7,0,0,0,0,0
2013/11/25,03,22,4,0,0,0,0,0
2013/11/25,04,21,4,0,0,0,0,0
2013/11/25,05,21,4,0,0,0,0,0
2013/11/25,06,22,4,0,0,0,0,0
2013/11/25,07,26,4,0,0,0,0,0
2013/11/25,08,116,53,0,0,0,0,0
2013/11/25,09,241,75,0,0,0,0,0
2013/11/25,10,231,55,0,0,0,0,0
2013/11/25,11,220,43,0,0,0,0,0
2013/11/25,12,210,29,0,0,0,0,0
2013/11/25,13,205,26,0,0,0,0,0
2013/11/25,14,196,19,0,0,0,0,0
2013/11/25,15,197,20,0,0,0,0,0
2013/11/25,16,196,19,0,0,0,0,0
2013/11/25,17,222,19,0,0,0,0,0
2013/11/25,18,216,13,0,0,0,0,0
2013/11/25,19,212,8,0,0,0,0,0
2013/11/25,20,209,8,0,0,0,0,0
2013/11/25,21,206,8,0,0,0,0,0
2013/11/25,22,207,9,0,0,0,0,0
2013/11/25,23,196,8,0,0,0,0,0
2013/11/25,24,127,8,0,0,0,0,0
2013/11/26,01,116,8,0,0,0,0,0
2013/11/26,02,38,7,0,0,0,0,0
2013/11/26,03,22,6,0,0,0,0,0
2013/11/26,04,21,6,0,0,0,0,0
2013/11/26,05,21,6,0,0,0,0,0
2013/11/26,06,22,6,0,0,0,0,0
2013/11/26,07,28,7,0,0,0,0,0
2013/11/26,08,82,38,0,0,0,0,0
2013/11/26,09,206,45,0,0,0,0,0
2013/11/26,10,202,34,0,0,0,0,0
2013/11/26,11,197,23,0,0,0,0,0
2013/11/26,12,200,24,0,0,0,0,0
2013/11/26,13,199,22,0,0,0,0,0
2013/11/26,14,197,19,0,0,0,0,0
2013/11/26,15,200,23,0,0,0,0,0
2013/11/26,16,201,22,0,0,0,0,0
2013/11/26,17,230,24,0,0,0,0,0
2013/11/26,18,227,20,0,0,0,0,0
2013/11/26,19,231,23,0,0,0,0,0
2013/11/26,20,230,28,0,0,0,0,0
2013/11/26,21,224,24,0,0,0,0,0
2013/11/26,22,228,29,0,0,0,0,0
2013/11/26,23,217,25,0,0,0,0,0
2013/11/26,24,160,27,0,0,0,0,0
2013/11/27,01,129,31,0,0,0,0,0
2013/11/27,02,22,4,0,0,0,0,0
2013/11/27,03,22,4,0,0,0,0,0
2013/11/27,04,21,4,0,0,0,0,0
2013/11/27,05,21,4,0,0,0,0,0
2013/11/27,06,21,4,0,0,0,0,0
2013/11/27,07,26,4,0,0,0,0,0
2013/11/27,08,89,46,0,0,0,0,0
2013/11/27,09,209,53,0,0,0,0,0
2013/11/27,10,223,51,0,0,0,0,0
2013/11/27,11,215,40,0,0,0,0,0
2013/11/27,12,219,36,0,0,0,0,0
2013/11/27,13,217,35,0,0,0,0,0
2013/11/27,14,213,32,0,0,0,0,0
2013/11/27,15,215,34,0,0,0,0,0
2013/11/27,16,213,33,0,0,0,0,0
2013/11/27,17,244,35,0,0,0,0,0
2013/11/27,18,244,36,0,0,0,0,0
2013/11/27,19,239,32,0,0,0,0,0
2013/11/27,20,234,33,0,0,0,0,0
2013/11/27,21,229,29,0,0,0,0,0
2013/11/27,22,231,31,0,0,0,0,0
2013/11/27,23,224,33,0,0,0,0,0
2013/11/27,24,158,28,0,0,0,0,0
2013/11/28,01,138,16,0,0,0,0,0
2013/11/28,02,53,4,0,0,0,0,0
2013/11/28,03,22,4,0,0,0,0,0
2013/11/28,04,21,4,0,0,0,0,0
2013/11/28,05,22,4,0,0,0,0,0
2013/11/28,06,23,4,0,0,0,0,0
2013/11/28,07,26,4,0,0,0,0,0
2013/11/28,08,109,47,0,0,0,0,0
2013/11/28,09,226,62,0,0,0,0,0
2013/11/28,10,226,53,0,0,0,0,0
2013/11/28,11,230,51,0,0,0,0,0
2013/11/28,12,233,48,0,0,0,0,0
2013/11/28,13,227,44,0,0,0,0,0
2013/11/28,14,216,34,0,0,0,0,0
2013/11/28,15,220,36,0,0,0,0,0
2013/11/28,16,231,44,0,0,0,0,0
2013/11/28,17,268,52,0,0,0,0,0
2013/11/28,18,249,37,0,0,0,0,0
2013/11/28,19,251,38,0,0,0,0,0
2013/11/28,20,246,40,0,0,0,0,0
2013/11/28,21,244,41,0,0,0,0,0
2013/11/28,22,244,40,0,0,0,0,0
2013/11/28,23,233,39,0,0,0,0,0
2013/11/28,24,156,24,0,0,0,0,0
2013/11/29,01,127,26,0,0,0,0,0
2013/11/29,02,30,4,0,0,0,0,0
2013/11/29,03,33,7,0,0,0,0,0
2013/11/29,04,37,12,0,0,0,0,0
2013/11/29,05,39,14,0,0,0,0,0
2013/11/29,06,43,17,0,0,0,0,0
2013/11/29,07,49,18,0,0,0,0,0
2013/11/29,08,121,43,0,0,0,0,0
2013/11/29,09,237,65,0,0,0,0,0
2013/11/29,10,224,50,0,0,0,0,0
2013/11/29,11,221,43,0,0,0,0,0
2013/11/29,12,209,30,0,0,0,0,0
2013/11/29,13,203,23,0,0,0,0,0
2013/11/29,14,207,27,0,0,0,0,0
2013/11/29,15,216,35,0,0,0,0,0
2013/11/29,16,219,36,0,0,0,0,0
2013/11/29,17,248,38,0,0,0,0,0
2013/11/29,18,250,40,0,0,0,0,0
2013/11/29,19,247,35,0,0,0,0,0
2013/11/29,20,246,41,0,0,0,0,0
2013/11/29,21,246,43,0,0,0,0,0
2013/11/29,22,248,46,0,0,0,0,0
2013/11/29,23,236,41,0,0,0,0,0
2013/11/29,24,144,20,0,0,0,0,0
2013/11/30,01,135,18,0,0,0,0,0
2013/11/30,02,82,16,0,0,0,0,0
2013/11/30,03,41,11,0,0,0,0,0
2013/11/30,04,22,4,0,0,0,0,0
2013/11/30,05,21,4,0,0,0,0,0
2013/11/30,06,22,4,0,0,0,0,0
2013/11/30,07,26,4,0,0,0,0,0
2013/11/30,08,124,62,0,0,0,0,0
2013/11/30,09,265,92,0,0,0,0,0
2013/11/30,10,253,74,0,0,0,0,0
2013/11/30,11,245,60,0,0,0,0,0
2013/11/30,12,244,57,0,0,0,0,0
2013/11/30,13,230,42,0,0,0,0,0
2013/11/30,14,220,35,0,0,0,0,0
2013/11/30,15,207,25,0,0,0,0,0
2013/11/30,16,205,23,0,0,0,0,0
2013/11/30,17,232,22,0,0,0,0,0
2013/11/30,18,238,26,0,0,0,0,0
2013/11/30,19,239,30,0,0,0,0,0
2013/11/30,20,240,33,0,0,0,0,0
2013/11/30,21,226,23,0,0,0,0,0
2013/11/30,22,227,27,0,0,0,0,0
2013/11/30,23,215,25,0,0,0,0,0
2013/11/30,24,171,22,0,0,0,0,0
2013/12/01,01,169,26,0,0,0,0,0
2013/12/01,02,79,20,0,0,0,0,0
2013/12/01,03,21,4,0,0,0,0,0
2013/12/01,04,20,4,0,0,0,0,0
2013/12/01,05,20,4,0,0,0,0,0
2013/12/01,06,21,4,0,0,0,0,0
2013/12/01,07,23,4,0,0,0,0,0
2013/12/01,08,103,54,0,0,0,0,0
2013/12/01,09,225,61,0,0,0,0,0
2013/12/01,10,229,52,0,0,0,0,0
2013/12/01,11,227,44,0,0,0,0,0
2013/12/01,12,220,36,0,0,0,0,0
2013/12/01,13,213,29,0,0,0,0,0
2013/12/01,14,206,23,0,0,0,0,0
2013/12/01,15,203,23,0,0,0,0,0
2013/12/01,16,205,24,0,0,0,0,0
2013/12/01,17,236,25,0,0,0,0,0
2013/12/01,18,235,24,0,0,0,0,0
2013/12/01,19,221,12,0,0,0,0,0
2013/12/01,20,214,11,0,0,0,0,0
2013/12/01,21,211,11,0,0,0,0,0
2013/12/01,22,214,14,0,0,0,0,0
2013/12/01,23,249,55,0,0,0,0,0
2013/12/01,24,162,25,0,0,0,0,0
2013/12/02,01,149,19,0,0,0,0,0
2013/12/02,02,151,18,0,0,0,0,0
2013/12/02,03,155,19,0,0,0,0,0
2013/12/02,04,117,14,0,0,0,0,0
2013/12/02,05,30,5,0,0,0,0,0
2013/12/02,06,22,4,0,0,0,0,0
2013/12/02,07,26,4,0,0,0,0,0
2013/12/02,08,108,42,0,0,0,0,0
2013/12/02,09,202,45,0,0,0,0,0
2013/12/02,10,215,41,0,0,0,0,0
2013/12/02,11,217,37,0,0,0,0,0
2013/12/02,12,215,33,0,0,0,0,0
2013/12/02,13,206,24,0,0,0,0,0
2013/12/02,14,203,20,0,0,0,0,0
2013/12/02,15,204,22,0,0,0,0,0
2013/12/02,16,204,23,0,0,0,0,0
2013/12/02,17,234,24,0,0,0,0,0
2013/12/02,18,229,21,0,0,0,0,0
2013/12/02,19,234,24,0,0,0,0,0
2013/12/02,20,224,21,0,0,0,0,0
2013/12/02,21,222,20,0,0,0,0,0
2013/12/02,22,224,23,0,0,0,0,0
2013/12/02,23,207,19,0,0,0,0,0
2013/12/02,24,159,20,0,0,0,0,0
2013/12/03,01,163,18,0,0,0,0,0
2013/12/03,02,113,16,0,0,0,0,0
2013/12/03,03,20,4,0,0,0,0,0
2013/12/03,04,20,4,0,0,0,0,0
2013/12/03,05,19,4,0,0,0,0,0
2013/12/03,06,21,4,0,0,0,0,0
2013/12/03,07,24,4,0,0,0,0,0
2013/12/03,08,118,50,0,0,0,0,0
2013/12/03,09,209,55,0,0,0,0,0
2013/12/03,10,218,44,0,0,0,0,0
2013/12/03,11,209,31,0,0,0,0,0
2013/12/03,12,202,25,0,0,0,0,0
2013/12/03,13,198,21,0,0,0,0,0
2013/12/03,14,197,20,0,0,0,0,0
2013/12/03,15,195,17,0,0,0,0,0
2013/12/03,16,191,11,0,0,0,0,0
2013/12/03,17,217,10,0,0,0,0,0
2013/12/03,18,218,13,0,0,0,0,0
2013/12/03,19,219,11,0,0,0,0,0
2013/12/03,20,216,12,0,0,0,0,0
2013/12/03,21,219,18,0,0,0,0,0
2013/12/03,22,241,39,0,0,0,0,0
2013/12/03,23,230,39,0,0,0,0,0
2013/12/03,24,183,36,0,0,0,0,0
2013/12/04,01,167,49,0,0,0,0,0
2013/12/04,02,106,37,0,0,0,0,0
2013/12/04,03,20,4,0,0,0,0,0
2013/12/04,04,20,4,0,0,0,0,0
2013/12/04,05,20,4,0,0,0,0,0
2013/12/04,06,20,4,0,0,0,0,0
2013/12/04,07,25,4,0,0,0,0,0
2013/12/04,08,112,53,0,0,0,0,0
2013/12/04,09,218,64,0,0,0,0,0
2013/12/04,10,232,55,0,0,0,0,0
2013/12/04,11,218,43,0,0,0,0,0
2013/12/04,12,203,27,0,0,0,0,0
2013/12/04,13,195,20,0,0,0,0,0
2013/12/04,14,191,14,0,0,0,0,0
2013/12/04,15,185,11,0,0,0,0,0
2013/12/04,16,182,9,0,0,0,0,0
2013/12/04,17,214,11,0,0,0,0,0
2013/12/04,18,218,14,0,0,0,0,0
2013/12/04,19,219,13,0,0,0,0,0
2013/12/04,20,213,12,0,0,0,0,0
2013/12/04,21,213,13,0,0,0,0,0
2013/12/04,22,214,14,0,0,0,0,0
2013/12/04,23,214,21,0,0,0,0,0
2013/12/04,24,167,26,0,0,0,0,0
2013/12/05,01,165,36,0,0,0,0,0
2013/12/05,02,88,29,0,0,0,0,0
2013/12/05,03,59,14,0,0,0,0,0
2013/12/05,04,20,4,0,0,0,0,0
2013/12/05,05,19,4,0,0,0,0,0
2013/12/05,06,20,4,0,0,0,0,0
2013/12/05,07,25,4,0,0,0,0,0
2013/12/05,08,82,37,0,0,0,0,0
2013/12/05,09,244,82,0,0,0,0,0
2013/12/05,10,242,61,0,0,0,0,0
2013/12/05,11,231,50,0,0,0,0,0
2013/12/05,12,226,43,0,0,0,0,0
2013/12/05,13,206,25,0,0,0,0,0
2013/12/05,14,198,21,0,0,0,0,0
2013/12/05,15,194,18,0,0,0,0,0
2013/12/05,16,199,21,0,0,0,0,0
2013/12/05,17,230,24,0,0,0,0,0
2013/12/05,18,226,21,0,0,0,0,0
2013/12/05,19,225,19,0,0,0,0,0
2013/12/05,20,221,21,0,0,0,0,0
2013/12/05,21,218,19,0,0,0,0,0
2013/12/05,22,218,21,0,0,0,0,0
2013/12/05,23,212,25,0,0,0,0,0
2013/12/05,24,160,28,0,0,0,0,0
2013/12/06,01,156,30,0,0,0,0,0
2013/12/06,02,128,27,0,0,0,0,0
2013/12/06,03,21,4,0,0,0,0,0
2013/12/06,04,19,4,0,0,0,0,0
2013/12/06,05,20,4,0,0,0,0,0
2013/12/06,06,20,4,0,0,0,0,0
2013/12/06,07,24,4,0,0,0,0,0
2013/12/06,08,91,43,0,0,0,0,0
2013/12/06,09,209,55,0,0,0,0,0
2013/12/06,10,221,48,0,0,0,0,0
2013/12/06,11,219,40,0,0,0,0,0
2013/12/06,12,213,32,0,0,0,0,0
2013/12/06,13,212,29,0,0,0,0,0
2013/12/06,14,207,26,0,0,0,0,0
2013/12/06,15,204,24,0,0,0,0,0
2013/12/06,16,205,26,0,0,0,0,0
2013/12/06,17,240,32,0,0,0,0,0
2013/12/06,18,246,36,0,0,0,0,0
2013/12/06,19,241,32,0,0,0,0,0
2013/12/06,20,236,31,0,0,0,0,0
2013/12/06,21,230,29,0,0,0,0,0
2013/12/06,22,230,30,0,0,0,0,0
2013/12/06,23,224,35,0,0,0,0,0
2013/12/06,24,172,36,0,0,0,0,0
2013/12/07,01,166,39,0,0,0,0,0
2013/12/07,02,141,34,0,0,0,0,0
2013/12/07,03,25,8,0,0,0,0,0
2013/12/07,04,24,8,0,0,0,0,0
2013/12/07,05,25,8,0,0,0,0,0
2013/12/07,06,25,8,0,0,0,0,0
2013/12/07,07,29,8,0,0,0,0,0
2013/12/07,08,91,47,0,0,0,0,0
2013/12/07,09,222,73,0,0,0,0,0
2013/12/07,10,258,77,0,0,0,0,0
2013/12/07,11,254,68,0,0,0,0,0
2013/12/07,12,237,51,0,0,0,0,0
2013/12/07,13,238,50,0,0,0,0,0
2013/12/07,14,235,46,0,0,0,0,0
2013/12/07,15,240,52,0,0,0,0,0
2013/12/07,16,238,50,0,0,0,0,0
2013/12/07,17,262,49,0,0,0,0,0
2013/12/07,18,261,47,0,0,0,0,0
2013/12/07,19,263,50,0,0,0,0,0
2013/12/07,20,251,46,0,0,0,0,0
2013/12/07,21,254,50,0,0,0,0,0
2013/12/07,22,249,48,0,0,0,0,0
2013/12/07,23,240,47,0,0,0,0,0
2013/12/07,24,162,34,0,0,0,0,0
2013/12/08,01,108,12,0,0,0,0,0
2013/12/08,02,20,4,0,0,0,0,0
2013/12/08,03,20,4,0,0,0,0,0
2013/12/08,04,21,4,0,0,0,0,0
2013/12/08,05,21,4,0,0,0,0,0
2013/12/08,06,21,4,0,0,0,0,0
2013/12/08,07,23,4,0,0,0,0,0
2013/12/08,08,93,55,0,0,0,0,0
2013/12/08,09,240,83,0,0,0,0,0
2013/12/08,10,268,82,0,0,0,0,0
2013/12/08,11,252,62,0,0,0,0,0
2013/12/08,12,240,51,0,0,0,0,0
2013/12/08,13,234,46,0,0,0,0,0
2013/12/08,14,229,42,0,0,0,0,0
2013/12/08,15,233,44,0,0,0,0,0
2013/12/08,16,226,38,0,0,0,0,0
2013/12/08,17,246,33,0,0,0,0,0
2013/12/08,18,249,38,0,0,0,0,0
2013/12/08,19,255,42,0,0,0,0,0
2013/12/08,20,258,48,0,0,0,0,0
2013/12/08,21,253,46,0,0,0,0,0
2013/12/08,22,249,45,0,0,0,0,0
2013/12/08,23,234,43,0,0,0,0,0
2013/12/08,24,154,25,0,0,0,0,0
2013/12/09,01,139,21,0,0,0,0,0
2013/12/09,02,31,7,0,0,0,0,0
2013/12/09,03,21,4,0,0,0,0,0
2013/12/09,04,20,4,0,0,0,0,0
2013/12/09,05,20,4,0,0,0,0,0
2013/12/09,06,21,4,0,0,0,0,0
2013/12/09,07,25,4,0,0,0,0,0
2013/12/09,08,191,93,0,0,0,0,0
2013/12/09,09,248,76,0,0,0,0,0
2013/12/09,10,236,61,0,0,0,0,0
2013/12/09,11,234,52,0,0,0,0,0
2013/12/09,12,229,46,0,0,0,0,0
2013/12/09,13,228,43,0,0,0,0,0
2013/12/09,14,219,37,0,0,0,0,0
2013/12/09,15,211,30,0,0,0,0,0
2013/12/09,16,213,31,0,0,0,0,0
2013/12/09,17,242,33,0,0,0,0,0
2013/12/09,18,247,38,0,0,0,0,0
2013/12/09,19,241,33,0,0,0,0,0
2013/12/09,20,236,34,0,0,0,0,0
2013/12/09,21,230,30,0,0,0,0,0
2013/12/09,22,239,36,0,0,0,0,0
2013/12/09,23,228,37,0,0,0,0,0
2013/12/09,24,135,17,0,0,0,0,0
2013/12/10,01,121,13,0,0,0,0,0
2013/12/10,02,35,7,0,0,0,0,0
2013/12/10,03,21,4,0,0,0,0,0
2013/12/10,04,20,4,0,0,0,0,0
2013/12/10,05,20,4,0,0,0,0,0
2013/12/10,06,21,4,0,0,0,0,0
2013/12/10,07,25,4,0,0,0,0,0
2013/12/10,08,140,56,0,0,0,0,0
2013/12/10,09,219,54,0,0,0,0,0
2013/12/10,10,213,44,0,0,0,0,0
2013/12/10,11,211,35,0,0,0,0,0
2013/12/10,12,204,27,0,0,0,0,0
2013/12/10,13,197,20,0,0,0,0,0
2013/12/10,14,195,20,0,0,0,0,0
2013/12/10,15,199,23,0,0,0,0,0
2013/12/10,16,187,12,0,0,0,0,0
2013/12/10,17,254,49,0,0,0,0,0
2013/12/10,18,263,58,0,0,0,0,0
2013/12/10,19,271,64,0,0,0,0,0
2013/12/10,20,266,63,0,0,0,0,0
2013/12/10,21,257,55,0,0,0,0,0
2013/12/10,22,255,54,0,0,0,0,0
2013/12/10,23,239,48,0,0,0,0,0
2013/12/10,24,165,39,0,0,0,0,0
2013/12/11,01,117,12,0,0,0,0,0
2013/12/11,02,23,4,0,0,0,0,0
2013/12/11,03,19,4,0,0,0,0,0
2013/12/11,04,20,4,0,0,0,0,0
2013/12/11,05,20,4,0,0,0,0,0
2013/12/11,06,20,4,0,0,0,0,0
2013/12/11,07,24,4,0,0,0,0,0
2013/12/11,08,162,59,0,0,0,0,0
2013/12/11,09,251,81,0,0,0,0,0
2013/12/11,10,234,59,0,0,0,0,0
2013/12/11,11,219,40,0,0,0,0,0
2013/12/11,12,215,35,0,0,0,0,0
2013/12/11,13,211,31,0,0,0,0,0
2013/12/11,14,202,24,0,0,0,0,0
2013/12/11,15,201,22,0,0,0,0,0
2013/12/11,16,202,24,0,0,0,0,0
2013/12/11,17,235,26,0,0,0,0,0
2013/12/11,18,234,26,0,0,0,0,0
2013/12/11,19,240,31,0,0,0,0,0
2013/12/11,20,242,38,0,0,0,0,0
2013/12/11,21,249,44,0,0,0,0,0
2013/12/11,22,244,41,0,0,0,0,0
2013/12/11,23,236,45,0,0,0,0,0
2013/12/11,24,199,38,0,0,0,0,0
2013/12/12,01,155,38,0,0,0,0,0
2013/12/12,02,21,4,0,0,0,0,0
2013/12/12,03,21,4,0,0,0,0,0
2013/12/12,04,20,4,0,0,0,0,0
2013/12/12,05,21,4,0,0,0,0,0
2013/12/12,06,21,4,0,0,0,0,0
2013/12/12,07,28,5,0,0,0,0,0
2013/12/12,08,230,97,0,0,0,0,0
2013/12/12,09,229,69,0,0,0,0,0
2013/12/12,10,257,77,0,0,0,0,0
2013/12/12,11,251,65,0,0,0,0,0
2013/12/12,12,248,59,0,0,0,0,0
2013/12/12,13,239,50,0,0,0,0,0
2013/12/12,14,240,50,0,0,0,0,0
2013/12/12,15,236,49,0,0,0,0,0
2013/12/12,16,240,52,0,0,0,0,0
2013/12/12,17,269,53,0,0,0,0,0
2013/12/12,18,273,56,0,0,0,0,0
2013/12/12,19,262,48,0,0,0,0,0
2013/12/12,20,256,49,0,0,0,0,0
2013/12/12,21,252,48,0,0,0,0,0
2013/12/12,22,255,50,0,0,0,0,0
2013/12/12,23,245,49,0,0,0,0,0
2013/12/12,24,206,47,0,0,0,0,0
2013/12/13,01,197,45,0,0,0,0,0
2013/12/13,02,94,24,0,0,0,0,0
2013/12/13,03,22,4,0,0,0,0,0
2013/12/13,04,21,4,0,0,0,0,0
2013/12/13,05,22,4,0,0,0,0,0
2013/12/13,06,21,4,0,0,0,0,0
2013/12/13,07,26,4,0,0,0,0,0
2013/12/13,08,208,94,0,0,0,0,0
2013/12/13,09,263,91,0,0,0,0,0
2013/12/13,10,262,82,0,0,0,0,0
2013/12/13,11,249,62,0,0,0,0,0
2013/12/13,12,239,53,0,0,0,0,0
2013/12/13,13,236,49,0,0,0,0,0
2013/12/13,14,231,47,0,0,0,0,0
2013/12/13,15,224,40,0,0,0,0,0
2013/12/13,16,252,62,0,0,0,0,0
2013/12/13,17,286,65,0,0,0,0,0
2013/12/13,18,282,62,0,0,0,0,0
2013/12/13,19,269,52,0,0,0,0,0
2013/12/13,20,264,53,0,0,0,0,0
2013/12/13,21,262,56,0,0,0,0,0
2013/12/13,22,269,61,0,0,0,0,0
2013/12/13,23,259,60,0,0,0,0,0
2013/12/13,24,222,65,0,0,0,0,0
2013/12/14,01,173,66,0,0,0,0,0
2013/12/14,02,22,4,0,0,0,0,0
2013/12/14,03,22,4,0,0,0,0,0
2013/12/14,04,21,4,0,0,0,0,0
2013/12/14,05,21,4,0,0,0,0,0
2013/12/14,06,21,4,0,0,0,0,0
2013/12/14,07,25,4,0,0,0,0,0
2013/12/14,08,189,89,0,0,0,0,0
2013/12/14,09,277,109,0,0,0,0,0
2013/12/14,10,261,86,0,0,0,0,0
2013/12/14,11,247,72,0,0,0,0,0
2013/12/14,12,245,66,0,0,0,0,0
2013/12/14,13,240,61,0,0,0,0,0
2013/12/14,14,256,70,0,0,0,0,0
2013/12/14,15,250,62,0,0,0,0,0
2013/12/14,16,238,60,0,0,0,0,0
2013/12/14,17,268,63,0,0,0,0,0
2013/12/14,18,262,58,0,0,0,0,0
2013/12/14,19,256,53,0,0,0,0,0
2013/12/14,20,261,61,0,0,0,0,0
2013/12/14,21,255,60,0,0,0,0,0
2013/12/14,22,255,61,0,0,0,0,0
2013/12/14,23,247,63,0,0,0,0,0
2013/12/14,24,200,69,0,0,0,0,0
2013/12/15,01,188,69,0,0,0,0,0
2013/12/15,02,36,15,0,0,0,0,0
2013/12/15,03,30,11,0,0,0,0,0
2013/12/15,04,30,11,0,0,0,0,0
2013/12/15,05,30,11,0,0,0,0,0
2013/12/15,06,31,11,0,0,0,0,0
2013/12/15,07,32,11,0,0,0,0,0
2013/12/15,08,244,127,0,0,0,0,0
2013/12/15,09,281,117,0,0,0,0,0
2013/12/15,10,301,112,0,0,0,0,0
2013/12/15,11,298,101,0,0,0,0,0
2013/12/15,12,279,81,0,0,0,0,0
2013/12/15,13,274,75,0,0,0,0,0
2013/12/15,14,266,69,0,0,0,0,0
2013/12/15,15,260,63,0,0,0,0,0
2013/12/15,16,264,69,0,0,0,0,0
2013/12/15,17,291,71,0,0,0,0,0
2013/12/15,18,285,69,0,0,0,0,0
2013/12/15,19,278,63,0,0,0,0,0
2013/12/15,20,276,65,0,0,0,0,0
2013/12/15,21,272,64,0,0,0,0,0
2013/12/15,22,271,66,0,0,0,0,0
2013/12/15,23,267,69,0,0,0,0,0
2013/12/15,24,187,37,0,0,0,0,0
2013/12/16,01,167,29,0,0,0,0,0
2013/12/16,02,157,25,0,0,0,0,0
2013/12/16,03,161,31,0,0,0,0,0
2013/12/16,04,75,10,0,0,0,0,0
2013/12/16,05,22,4,0,0,0,0,0
2013/12/16,06,23,4,0,0,0,0,0
2013/12/16,07,26,4,0,0,0,0,0
2013/12/16,08,127,77,0,0,0,0,0
2013/12/16,09,242,81,0,0,0,0,0
2013/12/16,10,250,69,0,0,0,0,0
2013/12/16,11,254,66,0,0,0,0,0
2013/12/16,12,240,53,0,0,0,0,0
2013/12/16,13,234,45,0,0,0,0,0
2013/12/16,14,226,41,0,0,0,0,0
2013/12/16,15,223,35,0,0,0,0,0
2013/12/16,16,225,38,0,0,0,0,0
2013/12/16,17,255,40,0,0,0,0,0
2013/12/16,18,255,43,0,0,0,0,0
2013/12/16,19,250,39,0,0,0,0,0
2013/12/16,20,249,40,0,0,0,0,0
2013/12/16,21,241,35,0,0,0,0,0
2013/12/16,22,241,38,0,0,0,0,0
2013/12/16,23,230,37,0,0,0,0,0
2013/12/16,24,184,42,0,0,0,0,0
2013/12/17,01,171,43,0,0,0,0,0
2013/12/17,02,51,12,0,0,0,0,0
2013/12/17,03,22,4,0,0,0,0,0
2013/12/17,04,22,4,0,0,0,0,0
2013/12/17,05,22,4,0,0,0,0,0
2013/12/17,06,23,4,0,0,0,0,0
2013/12/17,07,27,4,0,0,0,0,0
2013/12/17,08,116,68,0,0,0,0,0
2013/12/17,09,255,92,0,0,0,0,0
2013/12/17,10,259,76,0,0,0,0,0
2013/12/17,11,235,53,0,0,0,0,0
2013/12/17,12,222,40,0,0,0,0,0
2013/12/17,13,211,31,0,0,0,0,0
2013/12/17,14,200,22,0,0,0,0,0
2013/12/17,15,197,21,0,0,0,0,0
2013/12/17,16,202,23,0,0,0,0,0
2013/12/17,17,236,27,0,0,0,0,0
2013/12/17,18,246,36,0,0,0,0,0
2013/12/17,19,253,41,0,0,0,0,0
2013/12/17,20,256,49,0,0,0,0,0
2013/12/17,21,248,46,0,0,0,0,0
2013/12/17,22,257,53,0,0,0,0,0
2013/12/17,23,247,50,0,0,0,0,0
2013/12/17,24,173,39,0,0,0,0,0
2013/12/18,01,135,22,0,0,0,0,0
2013/12/18,02,120,22,0,0,0,0,0
2013/12/18,03,22,4,0,0,0,0,0
2013/12/18,04,21,4,0,0,0,0,0
2013/12/18,05,21,4,0,0,0,0,0
2013/12/18,06,21,4,0,0,0,0,0
2013/12/18,07,26,4,0,0,0,0,0
2013/12/18,08,113,59,0,0,0,0,0
2013/12/18,09,280,103,0,0,0,0,0
2013/12/18,10,257,75,0,0,0,0,0
2013/12/18,11,237,54,0,0,0,0,0
2013/12/18,12,224,41,0,0,0,0,0
2013/12/18,13,212,31,0,0,0,0,0
2013/12/18,14,201,21,0,0,0,0,0
2013/12/18,15,199,21,0,0,0,0,0
2013/12/18,16,199,21,0,0,0,0,0
2013/12/18,17,230,22,0,0,0,0,0
2013/12/18,18,233,26,0,0,0,0,0
2013/12/18,19,236,32,0,0,0,0,0
2013/12/18,20,234,33,0,0,0,0,0
2013/12/18,21,240,39,0,0,0,0,0
2013/12/18,22,246,46,0,0,0,0,0
2013/12/18,23,243,50,0,0,0,0,0
2013/12/18,24,151,27,0,0,0,0,0
2013/12/19,01,134,23,0,0,0,0,0
2013/12/19,02,32,7,0,0,0,0,0
2013/12/19,03,22,4,0,0,0,0,0
2013/12/19,04,22,4,0,0,0,0,0
2013/12/19,05,21,4,0,0,0,0,0
2013/12/19,06,22,4,0,0,0,0,0
2013/12/19,07,26,4,0,0,0,0,0
2013/12/19,08,140,76,0,0,0,0,0
2013/12/19,09,297,119,0,0,0,0,0
2013/12/19,10,258,79,0,0,0,0,0
2013/12/19,11,244,61,0,0,0,0,0
2013/12/19,12,235,49,0,0,0,0,0
2013/12/19,13,212,31,0,0,0,0,0
2013/12/19,14,201,23,0,0,0,0,0
2013/12/19,15,197,20,0,0,0,0,0
2013/12/19,16,198,20,0,0,0,0,0
2013/12/19,17,229,24,0,0,0,0,0
2013/12/19,18,232,26,0,0,0,0,0
2013/12/19,19,238,29,0,0,0,0,0
2013/12/19,20,239,35,0,0,0,0,0
2013/12/19,21,233,30,0,0,0,0,0
2013/12/19,22,238,36,0,0,0,0,0
2013/12/19,23,224,31,0,0,0,0,0
2013/12/19,24,179,28,0,0,0,0,0
2013/12/20,01,160,32,0,0,0,0,0
2013/12/20,02,23,4,0,0,0,0,0
2013/12/20,03,23,4,0,0,0,0,0
2013/12/20,04,23,4,0,0,0,0,0
2013/12/20,05,23,4,0,0,0,0,0
2013/12/20,06,23,4,0,0,0,0,0
2013/12/20,07,28,4,0,0,0,0,0
2013/12/20,08,114,54,0,0,0,0,0
2013/12/20,09,244,75,0,0,0,0,0
2013/12/20,10,236,59,0,0,0,0,0
2013/12/20,11,227,49,0,0,0,0,0
2013/12/20,12,228,44,0,0,0,0,0
2013/12/20,13,222,39,0,0,0,0,0
2013/12/20,14,221,38,0,0,0,0,0
2013/12/20,15,223,39,0,0,0,0,0
2013/12/20,16,222,39,0,0,0,0,0
2013/12/20,17,247,38,0,0,0,0,0
2013/12/20,18,245,38,0,0,0,0,0
2013/12/20,19,246,37,0,0,0,0,0
2013/12/20,20,241,36,0,0,0,0,0
2013/12/20,21,239,37,0,0,0,0,0
2013/12/20,22,241,39,0,0,0,0,0
2013/12/20,23,233,40,0,0,0,0,0
2013/12/20,24,152,19,0,0,0,0,0
2013/12/21,01,137,12,0,0,0,0,0
2013/12/21,02,104,6,0,0,0,0,0
2013/12/21,03,21,4,0,0,0,0,0
2013/12/21,04,20,4,0,0,0,0,0
2013/12/21,05,21,4,0,0,0,0,0
2013/12/21,06,22,4,0,0,0,0,0
2013/12/21,07,25,4,0,0,0,0,0
2013/12/21,08,223,106,0,0,0,0,0
2013/12/21,09,231,65,0,0,0,0,0
2013/12/21,10,226,52,0,0,0,0,0
2013/12/21,11,219,39,0,0,0,0,0
2013/12/21,12,213,32,0,0,0,0,0
2013/12/21,13,208,26,0,0,0,0,0
2013/12/21,14,202,22,0,0,0,0,0
2013/12/21,15,202,21,0,0,0,0,0
2013/12/21,16,204,23,0,0,0,0,0
2013/12/21,17,238,30,0,0,0,0,0
2013/12/21,18,244,34,0,0,0,0,0
2013/12/21,19,238,29,0,0,0,0,0
2013/12/21,20,237,32,0,0,0,0,0
2013/12/21,21,240,34,0,0,0,0,0
2013/12/21,22,244,39,0,0,0,0,0
2013/12/21,23,241,44,0,0,0,0,0
2013/12/21,24,205,44,0,0,0,0,0
2013/12/22,01,192,44,0,0,0,0,0
2013/12/22,02,209,58,0,0,0,0,0
2013/12/22,03,73,19,0,0,0,0,0
2013/12/22,04,24,4,0,0,0,0,0
2013/12/22,05,24,4,0,0,0,0,0
2013/12/22,06,24,4,0,0,0,0,0
2013/12/22,07,26,4,0,0,0,0,0
2013/12/22,08,272,117,0,0,0,0,0
2013/12/22,09,262,86,0,0,0,0,0
2013/12/22,10,263,80,0,0,0,0,0
2013/12/22,11,243,55,0,0,0,0,0
2013/12/22,12,238,51,0,0,0,0,0
2013/12/22,13,212,36,0,0,0,0,0
2013/12/22,14,202,29,0,0,0,0,0
2013/12/22,15,212,36,0,0,0,0,0
2013/12/22,16,217,40,0,0,0,0,0
2013/12/22,17,268,54,0,0,0,0,0
2013/12/22,18,278,62,0,0,0,0,0
2013/12/22,19,275,59,0,0,0,0,0
2013/12/22,20,274,62,0,0,0,0,0
2013/12/22,21,261,55,0,0,0,0,0
2013/12/22,22,261,57,0,0,0,0,0
2013/12/22,23,250,55,0,0,0,0,0
2013/12/22,24,200,45,0,0,0,0,0
2013/12/23,01,203,57,0,0,0,0,0
2013/12/23,02,74,19,0,0,0,0,0
2013/12/23,03,21,4,0,0,0,0,0
2013/12/23,04,21,4,0,0,0,0,0
2013/12/23,05,20,4,0,0,0,0,0
2013/12/23,06,21,4,0,0,0,0,0
2013/12/23,07,26,4,0,0,0,0,0
2013/12/23,08,115,59,0,0,0,0,0
2013/12/23,09,281,105,0,0,0,0,0
2013/12/23,10,256,74,0,0,0,0,0
2013/12/23,11,247,60,0,0,0,0,0
2013/12/23,12,244,54,0,0,0,0,0
2013/12/23,13,241,50,0,0,0,0,0
2013/12/23,14,237,47,0,0,0,0,0
2013/12/23,15,228,42,0,0,0,0,0
2013/12/23,16,227,41,0,0,0,0,0
2013/12/23,17,257,44,0,0,0,0,0
2013/12/23,18,256,44,0,0,0,0,0
2013/12/23,19,255,42,0,0,0,0,0
2013/12/23,20,248,44,0,0,0,0,0
2013/12/23,21,246,44,0,0,0,0,0
2013/12/23,22,247,44,0,0,0,0,0
2013/12/23,23,235,43,0,0,0,0,0
2013/12/23,24,183,43,0,0,0,0,0
2013/12/24,01,134,22,0,0,0,0,0
2013/12/24,02,63,15,0,0,0,0,0
2013/12/24,03,21,4,0,0,0,0,0
2013/12/24,04,21,4,0,0,0,0,0
2013/12/24,05,21,4,0,0,0,0,0
2013/12/24,06,21,4,0,0,0,0,0
2013/12/24,07,26,4,0,0,0,0,0
2013/12/24,08,116,55,0,0,0,0,0
2013/12/24,09,279,104,0,0,0,0,0
2013/12/24,10,256,78,0,0,0,0,0
2013/12/24,11,254,69,0,0,0,0,0
2013/12/24,12,250,62,0,0,0,0,0
2013/12/24,13,247,59,0,0,0,0,0
2013/12/24,14,244,58,0,0,0,0,0
2013/12/24,15,264,75,0,0,0,0,0
2013/12/24,16,245,58,0,0,0,0,0
2013/12/24,17,274,59,0,0,0,0,0
2013/12/24,18,274,61,0,0,0,0,0
2013/12/24,19,256,49,0,0,0,0,0
2013/12/24,20,260,54,0,0,0,0,0
2013/12/24,21,260,54,0,0,0,0,0
2013/12/24,22,267,61,0,0,0,0,0
2013/12/24,23,269,71,0,0,0,0,0
2013/12/24,24,206,52,0,0,0,0,0
2013/12/25,01,135,16,0,0,0,0,0
2013/12/25,02,57,6,0,0,0,0,0
2013/12/25,03,22,4,0,0,0,0,0
2013/12/25,04,21,4,0,0,0,0,0
2013/12/25,05,21,4,0,0,0,0,0
2013/12/25,06,22,4,0,0,0,0,0
2013/12/25,07,26,4,0,0,0,0,0
2013/12/25,08,206,133,0,0,0,0,0
2013/12/25,09,285,107,0,0,0,0,0
2013/12/25,10,268,89,0,0,0,0,0
2013/12/25,11,266,78,0,0,0,0,0
2013/12/25,12,251,62,0,0,0,0,0
2013/12/25,13,244,55,0,0,0,0,0
2013/12/25,14,239,52,0,0,0,0,0
2013/12/25,15,235,47,0,0,0,0,0
2013/12/25,16,236,48,0,0,0,0,0
2013/12/25,17,264,48,0,0,0,0,0
2013/12/25,18,257,44,0,0,0,0,0
2013/12/25,19,259,47,0,0,0,0,0
2013/12/25,20,254,48,0,0,0,0,0
2013/12/25,21,248,45,0,0,0,0,0
2013/12/25,22,251,46,0,0,0,0,0
2013/12/25,23,242,46,0,0,0,0,0
2013/12/25,24,192,36,0,0,0,0,0
2013/12/26,01,189,41,0,0,0,0,0
2013/12/26,02,204,54,0,0,0,0,0
2013/12/26,03,186,44,0,0,0,0,0
2013/12/26,04,34,4,0,0,0,0,0
2013/12/26,05,22,4,0,0,0,0,0
2013/12/26,06,22,4,0,0,0,0,0
2013/12/26,07,26,4,0,0,0,0,0
2013/12/26,08,148,93,0,0,0,0,0
2013/12/26,09,271,98,0,0,0,0,0
2013/12/26,10,252,73,0,0,0,0,0
2013/12/26,11,241,58,0,0,0,0,0
2013/12/26,12,219,39,0,0,0,0,0
2013/12/26,13,206,27,0,0,0,0,0
2013/12/26,14,200,23,0,0,0,0,0
2013/12/26,15,201,23,0,0,0,0,0
2013/12/26,16,204,24,0,0,0,0,0
2013/12/26,17,235,27,0,0,0,0,0
2013/12/26,18,241,31,0,0,0,0,0
2013/12/26,19,241,31,0,0,0,0,0
2013/12/26,20,233,25,0,0,0,0,0
2013/12/26,21,228,25,0,0,0,0,0
2013/12/26,22,231,30,0,0,0,0,0
2013/12/26,23,220,31,0,0,0,0,0
2013/12/26,24,161,24,0,0,0,0,0
2013/12/27,01,151,18,0,0,0,0,0
2013/12/27,02,117,17,0,0,0,0,0
2013/12/27,03,102,19,0,0,0,0,0
2013/12/27,04,34,6,0,0,0,0,0
2013/12/27,05,21,4,0,0,0,0,0
2013/12/27,06,22,4,0,0,0,0,0
2013/12/27,07,26,4,0,0,0,0,0
2013/12/27,08,27,4,0,0,0,0,0
2013/12/27,09,221,68,0,0,0,0,0
2013/12/27,10,237,59,0,0,0,0,0
2013/12/27,11,233,53,0,0,0,0,0
2013/12/27,12,227,46,0,0,0,0,0
2013/12/27,13,226,43,0,0,0,0,0
2013/12/27,14,226,42,0,0,0,0,0
2013/12/27,15,225,43,0,0,0,0,0
2013/12/27,16,220,36,0,0,0,0,0
2013/12/27,17,252,40,0,0,0,0,0
2013/12/27,18,254,41,0,0,0,0,0
2013/12/27,19,261,48,0,0,0,0,0
2013/12/27,20,259,50,0,0,0,0,0
2013/12/27,21,259,50,0,0,0,0,0
2013/12/27,22,259,52,0,0,0,0,0
2013/12/27,23,255,57,0,0,0,0,0
2013/12/27,24,217,61,0,0,0,0,0
2013/12/28,01,199,52,0,0,0,0,0
2013/12/28,02,82,26,0,0,0,0,0
2013/12/28,03,22,4,0,0,0,0,0
2013/12/28,04,21,4,0,0,0,0,0
2013/12/28,05,21,4,0,0,0,0,0
2013/12/28,06,22,4,0,0,0,0,0
2013/12/28,07,26,4,0,0,0,0,0
2013/12/28,08,200,111,0,0,0,0,0
2013/12/28,09,270,97,0,0,0,0,0
2013/12/28,10,254,76,0,0,0,0,0
2013/12/28,11,254,70,0,0,0,0,0
2013/12/28,12,247,58,0,0,0,0,0
2013/12/28,13,247,56,0,0,0,0,0
2013/12/28,14,248,57,0,0,0,0,0
2013/12/28,15,250,58,0,0,0,0,0
2013/12/28,16,251,60,0,0,0,0,0
2013/12/28,17,281,61,0,0,0,0,0
2013/12/28,18,277,59,0,0,0,0,0
2013/12/28,19,275,59,0,0,0,0,0
2013/12/28,20,274,63,0,0,0,0,0
2013/12/28,21,275,68,0,0,0,0,0
2013/12/28,22,278,71,0,0,0,0,0
2013/12/28,23,269,68,0,0,0,0,0
2013/12/28,24,186,41,0,0,0,0,0
2013/12/29,01,165,32,0,0,0,0,0
2013/12/29,02,100,25,0,0,0,0,0
2013/12/29,03,22,4,0,0,0,0,0
2013/12/29,04,22,4,0,0,0,0,0
2013/12/29,05,21,4,0,0,0,0,0
2013/12/29,06,22,4,0,0,0,0,0
2013/12/29,07,24,4,0,0,0,0,0
2013/12/29,08,121,74,0,0,0,0,0
2013/12/29,09,253,93,0,0,0,0,0
2013/12/29,10,279,93,0,0,0,0,0
2013/12/29,11,266,75,0,0,0,0,0
2013/12/29,12,262,72,0,0,0,0,0
2013/12/29,13,257,65,0,0,0,0,0
2013/12/29,14,252,59,0,0,0,0,0
2013/12/29,15,250,56,0,0,0,0,0
2013/12/29,16,256,60,0,0,0,0,0
2013/12/29,17,276,56,0,0,0,0,0
2013/12/29,18,269,53,0,0,0,0,0
2013/12/29,19,265,52,0,0,0,0,0
2013/12/29,20,258,51,0,0,0,0,0
2013/12/29,21,265,55,0,0,0,0,0
2013/12/29,22,258,53,0,0,0,0,0
2013/12/29,23,245,51,0,0,0,0,0
2013/12/29,24,157,25,0,0,0,0,0
2013/12/30,01,142,25,0,0,0,0,0
2013/12/30,02,73,13,0,0,0,0,0
2013/12/30,03,24,7,0,0,0,0,0
2013/12/30,04,24,7,0,0,0,0,0
2013/12/30,05,24,6,0,0,0,0,0
2013/12/30,06,24,6,0,0,0,0,0
2013/12/30,07,28,6,0,0,0,0,0
2013/12/30,08,101,55,0,0,0,0,0
2013/12/30,09,236,77,0,0,0,0,0
2013/12/30,10,243,61,0,0,0,0,0
2013/12/30,11,240,55,0,0,0,0,0
2013/12/30,12,220,42,0,0,0,0,0
2013/12/30,13,215,33,0,0,0,0,0
2013/12/30,14,210,31,0,0,0,0,0
2013/12/30,15,212,28,0,0,0,0,0
2013/12/30,16,214,31,0,0,0,0,0
2013/12/30,17,244,36,0,0,0,0,0
2013/12/30,18,244,36,0,0,0,0,0
2013/12/30,19,242,35,0,0,0,0,0
2013/12/30,20,240,35,0,0,0,0,0
2013/12/30,21,238,39,0,0,0,0,0
2013/12/30,22,237,40,0,0,0,0,0
2013/12/30,23,229,43,0,0,0,0,0
2013/12/30,24,153,27,0,0,0,0,0
2013/12/31,01,134,22,0,0,0,0,0
2013/12/31,02,54,15,0,0,0,0,0
2013/12/31,03,21,4,0,0,0,0,0
2013/12/31,04,21,4,0,0,0,0,0
2013/12/31,05,21,4,0,0,0,0,0
2013/12/31,06,21,4,0,0,0,0,0
2013/12/31,07,25,4,0,0,0,0,0
2013/12/31,08,96,57,0,0,0,0,0
2013/12/31,09,208,60,0,0,0,0,0
2013/12/31,10,203,41,0,0,0,0,0
2013/12/31,11,214,39,0,0,0,0,0
2013/12/31,12,213,33,0,0,0,0,0
2013/12/31,13,205,29,0,0,0,0,0
2013/12/31,14,201,24,0,0,0,0,0
2013/12/31,15,199,24,0,0,0,0,0
2013/12/31,16,194,22,0,0,0,0,0
2013/12/31,17,222,28,0,0,0,0,0
2013/12/31,18,222,34,0,0,0,0,0
2013/12/31,19,176,27,0,0,0,0,0
2013/12/31,20,83,5,0,0,0,0,0
2013/12/31,21,25,4,0,0,0,0,0
2013/12/31,22,25,4,0,0,0,0,0
2013/12/31,23,24,4,0,0,0,0,0
2013/12/31,24,23,4,0,0,0,0,0
2014/01/01,01,22,4,0,0,0,0,0
2014/01/01,02,22,4,0,0,0,0,0
2014/01/01,03,22,4,0,0,0,0,0
2014/01/01,04,23,4,0,0,0,0,0
2014/01/01,05,24,4,0,0,0,0,0
2014/01/01,06,24,4,0,0,0,0,0
2014/01/01,07,28,4,0,0,0,0,0
2014/01/01,08,111,65,0,0,0,0,0
2014/01/01,09,235,81,0,0,0,0,0
2014/01/01,10,248,73,0,0,0,0,0
2014/01/01,11,245,63,0,0,0,0,0
2014/01/01,12,240,57,0,0,0,0,0
2014/01/01,13,231,47,0,0,0,0,0
2014/01/01,14,223,42,0,0,0,0,0
2014/01/01,15,228,43,0,0,0,0,0
2014/01/01,16,216,38,0,0,0,0,0
2014/01/01,17,241,40,0,0,0,0,0
2014/01/01,18,239,42,0,0,0,0,0
2014/01/01,19,235,39,0,0,0,0,0
2014/01/01,20,237,41,0,0,0,0,0
2014/01/01,21,239,44,0,0,0,0,0
2014/01/01,22,240,46,0,0,0,0,0
2014/01/01,23,233,48,0,0,0,0,0
2014/01/01,24,168,39,0,0,0,0,0
2014/01/02,01,104,20,0,0,0,0,0
2014/01/02,02,22,4,0,0,0,0,0
2014/01/02,03,21,4,0,0,0,0,0
2014/01/02,04,21,4,0,0,0,0,0
2014/01/02,05,21,4,0,0,0,0,0
2014/01/02,06,22,4,0,0,0,0,0
2014/01/02,07,26,4,0,0,0,0,0
2014/01/02,08,198,119,0,0,0,0,0
2014/01/02,09,302,129,0,0,0,0,0
2014/01/02,10,270,94,0,0,0,0,0
2014/01/02,11,272,85,0,0,0,0,0
2014/01/02,12,261,72,0,0,0,0,0
2014/01/02,13,250,61,0,0,0,0,0
2014/01/02,14,248,60,0,0,0,0,0
2014/01/02,15,239,54,0,0,0,0,0
2014/01/02,16,244,58,0,0,0,0,0
2014/01/02,17,268,55,0,0,0,0,0
2014/01/02,18,270,57,0,0,0,0,0
2014/01/02,19,265,57,0,0,0,0,0
2014/01/02,20,255,54,0,0,0,0,0
2014/01/02,21,255,56,0,0,0,0,0
2014/01/02,22,256,59,0,0,0,0,0
2014/01/02,23,241,54,0,0,0,0,0
2014/01/02,24,201,54,0,0,0,0,0
2014/01/03,01,129,34,0,0,0,0,0
2014/01/03,02,21,4,0,0,0,0,0
2014/01/03,03,21,4,0,0,0,0,0
2014/01/03,04,21,4,0,0,0,0,0
2014/01/03,05,21,4,0,0,0,0,0
2014/01/03,06,22,4,0,0,0,0,0
2014/01/03,07,25,4,0,0,0,0,0
2014/01/03,08,154,98,0,0,0,0,0
2014/01/03,09,254,90,0,0,0,0,0
2014/01/03,10,237,64,0,0,0,0,0
2014/01/03,11,235,55,0,0,0,0,0
2014/01/03,12,224,41,0,0,0,0,0
2014/01/03,13,216,32,0,0,0,0,0
2014/01/03,14,213,31,0,0,0,0,0
2014/01/03,15,215,33,0,0,0,0,0
2014/01/03,16,214,32,0,0,0,0,0
2014/01/03,17,243,37,0,0,0,0,0
2014/01/03,18,249,45,0,0,0,0,0
2014/01/03,19,254,48,0,0,0,0,0
2014/01/03,20,247,45,0,0,0,0,0
2014/01/03,21,252,52,0,0,0,0,0
2014/01/03,22,242,48,0,0,0,0,0
2014/01/03,23,233,48,0,0,0,0,0
2014/01/03,24,153,32,0,0,0,0,0
2014/01/04,01,98,15,0,0,0,0,0
2014/01/04,02,21,4,0,0,0,0,0
2014/01/04,03,21,4,0,0,0,0,0
2014/01/04,04,21,4,0,0,0,0,0
2014/01/04,05,21,4,0,0,0,0,0
2014/01/04,06,22,4,0,0,0,0,0
2014/01/04,07,26,4,0,0,0,0,0
2014/01/04,08,161,90,0,0,0,0,0
2014/01/04,09,278,115,0,0,0,0,0
2014/01/04,10,272,100,0,0,0,0,0
2014/01/04,11,263,80,0,0,0,0,0
2014/01/04,12,257,70,0,0,0,0,0
2014/01/04,13,251,64,0,0,0,0,0
2014/01/04,14,247,62,0,0,0,0,0
2014/01/04,15,251,66,0,0,0,0,0
2014/01/04,16,245,61,0,0,0,0,0
2014/01/04,17,277,64,0,0,0,0,0
2014/01/04,18,276,65,0,0,0,0,0
2014/01/04,19,278,69,0,0,0,0,0
2014/01/04,20,266,64,0,0,0,0,0
2014/01/04,21,275,73,0,0,0,0,0
2014/01/04,22,272,73,0,0,0,0,0
2014/01/04,23,260,71,0,0,0,0,0
2014/01/04,24,196,51,0,0,0,0,0
2014/01/05,01,145,35,0,0,0,0,0
2014/01/05,02,27,5,0,0,0,0,0
2014/01/05,03,22,4,0,0,0,0,0
2014/01/05,04,22,4,0,0,0,0,0
2014/01/05,05,22,4,0,0,0,0,0
2014/01/05,06,22,4,0,0,0,0,0
2014/01/05,07,24,4,0,0,0,0,0
2014/01/05,08,131,81,0,0,0,0,0
2014/01/05,09,260,99,0,0,0,0,0
2014/01/05,10,244,74,0,0,0,0,0
2014/01/05,11,236,61,0,0,0,0,0
2014/01/05,12,223,44,0,0,0,0,0
2014/01/05,13,215,35,0,0,0,0,0
2014/01/05,14,210,31,0,0,0,0,0
2014/01/05,15,221,37,0,0,0,0,0
2014/01/05,16,231,47,0,0,0,0,0
2014/01/05,17,254,44,0,0,0,0,0
2014/01/05,18,256,49,0,0,0,0,0
2014/01/05,19,262,54,0,0,0,0,0
2014/01/05,20,254,51,0,0,0,0,0
2014/01/05,21,255,56,0,0,0,0,0
2014/01/05,22,248,54,0,0,0,0,0
2014/01/05,23,253,66,0,0,0,0,0
2014/01/05,24,226,74,0,0,0,0,0
2014/01/06,01,196,56,0,0,0,0,0
2014/01/06,02,181,42,0,0,0,0,0
2014/01/06,03,170,36,0,0,0,0,0
2014/01/06,04,122,25,0,0,0,0,0
2014/01/06,05,21,4,0,0,0,0,0
2014/01/06,06,22,4,0,0,0,0,0
2014/01/06,07,26,4,0,0,0,0,0
2014/01/06,08,136,87,0,0,0,0,0
2014/01/06,09,273,112,0,0,0,0,0
2014/01/06,10,272,98,0,0,0,0,0
2014/01/06,11,257,75,0,0,0,0,0
2014/01/06,12,257,71,0,0,0,0,0
2014/01/06,13,252,69,0,0,0,0,0
2014/01/06,14,250,67,0,0,0,0,0
2014/01/06,15,244,62,0,0,0,0,0
2014/01/06,16,243,60,0,0,0,0,0
2014/01/06,17,274,64,0,0,0,0,0
2014/01/06,18,269,61,0,0,0,0,0
2014/01/06,19,266,60,0,0,0,0,0
2014/01/06,20,258,54,0,0,0,0,0
2014/01/06,21,253,55,0,0,0,0,0
2014/01/06,22,254,56,0,0,0,0,0
2014/01/06,23,251,63,0,0,0,0,0
2014/01/06,24,202,54,0,0,0,0,0
2014/01/07,01,194,54,0,0,0,0,0
2014/01/07,02,115,20,0,0,0,0,0
2014/01/07,03,80,4,0,0,0,0,0
2014/01/07,04,81,4,0,0,0,0,0
2014/01/07,05,81,4,0,0,0,0,0
2014/01/07,06,81,4,0,0,0,0,0
2014/01/07,07,86,4,0,0,0,0,0
2014/01/07,08,150,73,0,0,0,0,0
2014/01/07,09,256,93,0,0,0,0,0
2014/01/07,10,247,75,0,0,0,0,0
2014/01/07,11,234,58,0,0,0,0,0
2014/01/07,12,236,52,0,0,0,0,0
2014/01/07,13,224,42,0,0,0,0,0
2014/01/07,14,215,33,0,0,0,0,0
2014/01/07,15,214,33,0,0,0,0,0
2014/01/07,16,216,34,0,0,0,0,0
2014/01/07,17,242,34,0,0,0,0,0
2014/01/07,18,248,39,0,0,0,0,0
2014/01/07,19,248,40,0,0,0,0,0
2014/01/07,20,237,37,0,0,0,0,0
2014/01/07,21,233,36,0,0,0,0,0
2014/01/07,22,232,37,0,0,0,0,0
2014/01/07,23,239,39,0,0,0,0,0
2014/01/07,24,201,31,0,0,0,0,0
2014/01/08,01,165,30,0,0,0,0,0
2014/01/08,02,46,4,0,0,0,0,0
2014/01/08,03,48,4,0,0,0,0,0
2014/01/08,04,49,4,0,0,0,0,0
2014/01/08,05,48,4,0,0,0,0,0
2014/01/08,06,48,4,0,0,0,0,0
2014/01/08,07,51,4,0,0,0,0,0
2014/01/08,08,170,84,0,0,0,0,0
2014/01/08,09,276,87,0,0,0,0,0
2014/01/08,10,259,67,0,0,0,0,0
2014/01/08,11,258,57,0,0,0,0,0
2014/01/08,12,247,45,0,0,0,0,0
2014/01/08,13,245,42,0,0,0,0,0
2014/01/08,14,229,30,0,0,0,0,0
2014/01/08,15,231,32,0,0,0,0,0
2014/01/08,16,238,36,0,0,0,0,0
2014/01/08,17,254,28,0,0,0,0,0
2014/01/08,18,257,30,0,0,0,0,0
2014/01/08,19,259,30,0,0,0,0,0
2014/01/08,20,260,37,0,0,0,0,0
2014/01/08,21,247,27,0,0,0,0,0
2014/01/08,22,246,30,0,0,0,0,0
2014/01/08,23,244,35,0,0,0,0,0
2014/01/08,24,174,24,0,0,0,0,0
2014/01/09,01,154,22,0,0,0,0,0
2014/01/09,02,62,7,0,0,0,0,0
2014/01/09,03,44,4,0,0,0,0,0
2014/01/09,04,43,4,0,0,0,0,0
2014/01/09,05,43,4,0,0,0,0,0
2014/01/09,06,43,4,0,0,0,0,0
2014/01/09,07,48,4,0,0,0,0,0
2014/01/09,08,125,59,0,0,0,0,0
2014/01/09,09,250,80,0,0,0,0,0
2014/01/09,10,249,60,0,0,0,0,0
2014/01/09,11,266,61,0,0,0,0,0
2014/01/09,12,268,58,0,0,0,0,0
2014/01/09,13,275,65,0,0,0,0,0
2014/01/09,14,280,69,0,0,0,0,0
2014/01/09,15,277,66,0,0,0,0,0
2014/01/09,16,292,78,0,0,0,0,0
2014/01/09,17,328,89,0,0,0,0,0
2014/01/09,18,315,78,0,0,0,0,0
2014/01/09,19,336,98,0,0,0,0,0
2014/01/09,20,323,95,0,0,0,0,0
2014/01/09,21,317,93,0,0,0,0,0
2014/01/09,22,313,87,0,0,0,0,0
2014/01/09,23,315,97,0,0,0,0,0
2014/01/09,24,228,73,0,0,0,0,0
2014/01/10,01,197,53,0,0,0,0,0
2014/01/10,02,56,6,0,0,0,0,0
2014/01/10,03,49,4,0,0,0,0,0
2014/01/10,04,48,4,0,0,0,0,0
2014/01/10,05,48,4,0,0,0,0,0
2014/01/10,06,48,4,0,0,0,0,0
2014/01/10,07,52,4,0,0,0,0,0
2014/01/10,08,113,51,0,0,0,0,0
2014/01/10,09,302,129,0,0,0,0,0
2014/01/10,10,295,103,0,0,0,0,0
2014/01/10,11,286,80,0,0,0,0,0
2014/01/10,12,293,81,0,0,0,0,0
2014/01/10,13,296,84,0,0,0,0,0
2014/01/10,14,297,85,0,0,0,0,0
2014/01/10,15,291,78,0,0,0,0,0
2014/01/10,16,295,82,0,0,0,0,0
2014/01/10,17,326,86,0,0,0,0,0
2014/01/10,18,319,83,0,0,0,0,0
2014/01/10,19,321,87,0,0,0,0,0
2014/01/10,20,308,81,0,0,0,0,0
2014/01/10,21,299,76,0,0,0,0,0
2014/01/10,22,310,85,0,0,0,0,0
2014/01/10,23,297,80,0,0,0,0,0
2014/01/10,24,208,57,0,0,0,0,0
2014/01/11,01,132,34,0,0,0,0,0
2014/01/11,02,52,8,0,0,0,0,0
2014/01/11,03,50,7,0,0,0,0,0
2014/01/11,04,51,8,0,0,0,0,0
2014/01/11,05,50,7,0,0,0,0,0
2014/01/11,06,52,8,0,0,0,0,0
2014/01/11,07,57,9,0,0,0,0,0
2014/01/11,08,178,91,0,0,0,0,0
2014/01/11,09,293,105,0,0,0,0,0
2014/01/11,10,331,129,0,0,0,0,0
2014/01/11,11,316,103,0,0,0,0,0
2014/01/11,12,305,90,0,0,0,0,0
2014/01/11,13,306,91,0,0,0,0,0
2014/01/11,14,303,87,0,0,0,0,0
2014/01/11,15,296,81,0,0,0,0,0
2014/01/11,16,298,84,0,0,0,0,0
2014/01/11,17,323,82,0,0,0,0,0
2014/01/11,18,317,78,0,0,0,0,0
2014/01/11,19,310,75,0,0,0,0,0
2014/01/11,20,318,85,0,0,0,0,0
2014/01/11,21,300,71,0,0,0,0,0
2014/01/11,22,303,77,0,0,0,0,0
2014/01/11,23,282,66,0,0,0,0,0
2014/01/11,24,209,44,0,0,0,0,0
2014/01/12,01,177,33,0,0,0,0,0
2014/01/12,02,162,35,0,0,0,0,0
2014/01/12,03,63,14,0,0,0,0,0
2014/01/12,04,52,11,0,0,0,0,0
2014/01/12,05,51,9,0,0,0,0,0
2014/01/12,06,53,10,0,0,0,0,0
2014/01/12,07,55,11,0,0,0,0,0
2014/01/12,08,165,91,0,0,0,0,0
2014/01/12,09,311,120,0,0,0,0,0
2014/01/12,10,294,95,0,0,0,0,0
2014/01/12,11,294,85,0,0,0,0,0
2014/01/12,12,283,72,0,0,0,0,0
2014/01/12,13,272,59,0,0,0,0,0
2014/01/12,14,260,47,0,0,0,0,0
2014/01/12,15,258,47,0,0,0,0,0
2014/01/12,16,264,54,0,0,0,0,0
2014/01/12,17,286,49,0,0,0,0,0
2014/01/12,18,290,54,0,0,0,0,0
2014/01/12,19,296,62,0,0,0,0,0
2014/01/12,20,292,62,0,0,0,0,0
2014/01/12,21,289,61,0,0,0,0,0
2014/01/12,22,292,71,0,0,0,0,0
2014/01/12,23,287,71,0,0,0,0,0
2014/01/12,24,217,60,0,0,0,0,0
2014/01/13,01,114,31,0,0,0,0,0
2014/01/13,02,49,4,0,0,0,0,0
2014/01/13,03,48,4,0,0,0,0,0
2014/01/13,04,49,4,0,0,0,0,0
2014/01/13,05,49,4,0,0,0,0,0
2014/01/13,06,49,4,0,0,0,0,0
2014/01/13,07,53,4,0,0,0,0,0
2014/01/13,08,158,79,0,0,0,0,0
2014/01/13,09,330,133,0,0,0,0,0
2014/01/13,10,329,125,0,0,0,0,0
2014/01/13,11,328,115,0,0,0,0,0
2014/01/13,12,320,105,0,0,0,0,0
2014/01/13,13,316,102,0,0,0,0,0
2014/01/13,14,294,82,0,0,0,0,0
2014/01/13,15,292,80,0,0,0,0,0
2014/01/13,16,298,86,0,0,0,0,0
2014/01/13,17,320,83,0,0,0,0,0
2014/01/13,18,324,88,0,0,0,0,0
2014/01/13,19,321,84,0,0,0,0,0
2014/01/13,20,316,88,0,0,0,0,0
2014/01/13,21,307,83,0,0,0,0,0
2014/01/13,22,308,84,0,0,0,0,0
2014/01/13,23,308,91,0,0,0,0,0
2014/01/13,24,261,83,0,0,0,0,0
2014/01/14,01,148,54,0,0,0,0,0
2014/01/14,02,48,4,0,0,0,0,0
2014/01/14,03,48,4,0,0,0,0,0
2014/01/14,04,48,4,0,0,0,0,0
2014/01/14,05,48,4,0,0,0,0,0
2014/01/14,06,48,4,0,0,0,0,0
2014/01/14,07,52,4,0,0,0,0,0
2014/01/14,08,132,67,0,0,0,0,0
2014/01/14,09,312,129,0,0,0,0,0
2014/01/14,10,319,119,0,0,0,0,0
2014/01/14,11,315,107,0,0,0,0,0
2014/01/14,12,312,102,0,0,0,0,0
2014/01/14,13,295,85,0,0,0,0,0
2014/01/14,14,270,62,0,0,0,0,0
2014/01/14,15,282,73,0,0,0,0,0
2014/01/14,16,270,65,0,0,0,0,0
2014/01/14,17,302,68,0,0,0,0,0
2014/01/14,18,319,82,0,0,0,0,0
2014/01/14,19,319,83,0,0,0,0,0
2014/01/14,20,299,74,0,0,0,0,0
2014/01/14,21,302,80,0,0,0,0,0
2014/01/14,22,308,86,0,0,0,0,0
2014/01/14,23,300,87,0,0,0,0,0
2014/01/14,24,266,88,0,0,0,0,0
2014/01/15,01,232,81,0,0,0,0,0
2014/01/15,02,46,4,0,0,0,0,0
2014/01/15,03,45,4,0,0,0,0,0
2014/01/15,04,45,4,0,0,0,0,0
2014/01/15,05,46,4,0,0,0,0,0
2014/01/15,06,46,4,0,0,0,0,0
2014/01/15,07,50,4,0,0,0,0,0
2014/01/15,08,181,102,0,0,0,0,0
2014/01/15,09,333,140,0,0,0,0,0
2014/01/15,10,313,113,0,0,0,0,0
2014/01/15,11,300,90,0,0,0,0,0
2014/01/15,12,289,77,0,0,0,0,0
2014/01/15,13,280,68,0,0,0,0,0
2014/01/15,14,263,54,0,0,0,0,0
2014/01/15,15,257,50,0,0,0,0,0
2014/01/15,16,258,48,0,0,0,0,0
2014/01/15,17,285,52,0,0,0,0,0
2014/01/15,18,284,52,0,0,0,0,0
2014/01/15,19,289,56,0,0,0,0,0
2014/01/15,20,290,61,0,0,0,0,0
2014/01/15,21,289,64,0,0,0,0,0
2014/01/15,22,284,61,0,0,0,0,0
2014/01/15,23,280,64,0,0,0,0,0
2014/01/15,24,214,45,0,0,0,0,0
2014/01/16,01,182,26,0,0,0,0,0
2014/01/16,02,61,6,0,0,0,0,0
2014/01/16,03,46,4,0,0,0,0,0
2014/01/16,04,46,4,0,0,0,0,0
2014/01/16,05,44,4,0,0,0,0,0
2014/01/16,06,46,4,0,0,0,0,0
2014/01/16,07,50,4,0,0,0,0,0
2014/01/16,08,181,91,0,0,0,0,0
2014/01/16,09,320,123,0,0,0,0,0
2014/01/16,10,305,105,0,0,0,0,0
2014/01/16,11,303,94,0,0,0,0,0
2014/01/16,12,299,86,0,0,0,0,0
2014/01/16,13,286,77,0,0,0,0,0
2014/01/16,14,282,73,0,0,0,0,0
2014/01/16,15,279,70,0,0,0,0,0
2014/01/16,16,280,70,0,0,0,0,0
2014/01/16,17,311,74,0,0,0,0,0
2014/01/16,18,298,64,0,0,0,0,0
2014/01/16,19,304,69,0,0,0,0,0
2014/01/16,20,296,69,0,0,0,0,0
2014/01/16,21,298,74,0,0,0,0,0
2014/01/16,22,282,61,0,0,0,0,0
2014/01/16,23,273,61,0,0,0,0,0
2014/01/16,24,242,64,0,0,0,0,0
2014/01/17,01,139,40,0,0,0,0,0
2014/01/17,02,48,7,0,0,0,0,0
2014/01/17,03,49,7,0,0,0,0,0
2014/01/17,04,48,7,0,0,0,0,0
2014/01/17,05,50,7,0,0,0,0,0
2014/01/17,06,49,7,0,0,0,0,0
2014/01/17,07,53,8,0,0,0,0,0
2014/01/17,08,177,90,0,0,0,0,0
2014/01/17,09,285,104,0,0,0,0,0
2014/01/17,10,265,78,0,0,0,0,0
2014/01/17,11,251,57,0,0,0,0,0
2014/01/17,12,240,44,0,0,0,0,0
2014/01/17,13,227,33,0,0,0,0,0
2014/01/17,14,215,23,0,0,0,0,0
2014/01/17,15,219,25,0,0,0,0,0
2014/01/17,16,222,29,0,0,0,0,0
2014/01/17,17,280,53,0,0,0,0,0
2014/01/17,18,310,76,0,0,0,0,0
2014/01/17,19,343,100,0,0,0,0,0
2014/01/17,20,349,108,0,0,0,0,0
2014/01/17,21,344,109,0,0,0,0,0
2014/01/17,22,340,106,0,0,0,0,0
2014/01/17,23,334,110,0,0,0,0,0
2014/01/17,24,209,61,0,0,0,0,0
2014/01/18,01,154,54,0,0,0,0,0
2014/01/18,02,47,4,0,0,0,0,0
2014/01/18,03,47,4,0,0,0,0,0
2014/01/18,04,46,4,0,0,0,0,0
2014/01/18,05,45,4,0,0,0,0,0
2014/01/18,06,45,4,0,0,0,0,0
2014/01/18,07,49,4,0,0,0,0,0
2014/01/18,08,134,65,0,0,0,0,0
2014/01/18,09,339,147,0,0,0,0,0
2014/01/18,10,347,138,0,0,0,0,0
2014/01/18,11,329,111,0,0,0,0,0
2014/01/18,12,306,86,0,0,0,0,0
2014/01/18,13,286,67,0,0,0,0,0
2014/01/18,14,270,53,0,0,0,0,0
2014/01/18,15,270,54,0,0,0,0,0
2014/01/18,16,274,56,0,0,0,0,0
2014/01/18,17,297,55,0,0,0,0,0
2014/01/18,18,305,60,0,0,0,0,0
2014/01/18,19,295,54,0,0,0,0,0
2014/01/18,20,293,56,0,0,0,0,0
2014/01/18,21,298,64,0,0,0,0,0
2014/01/18,22,297,66,0,0,0,0,0
2014/01/18,23,280,59,0,0,0,0,0
2014/01/18,24,202,44,0,0,0,0,0
2014/01/19,01,128,30,0,0,0,0,0
2014/01/19,02,47,4,0,0,0,0,0
2014/01/19,03,48,4,0,0,0,0,0
2014/01/19,04,46,4,0,0,0,0,0
2014/01/19,05,45,4,0,0,0,0,0
2014/01/19,06,47,4,0,0,0,0,0
2014/01/19,07,48,4,0,0,0,0,0
2014/01/19,08,133,68,0,0,0,0,0
2014/01/19,09,288,104,0,0,0,0,0
2014/01/19,10,271,76,0,0,0,0,0
2014/01/19,11,258,57,0,0,0,0,0
2014/01/19,12,270,56,0,0,0,0,0
2014/01/19,13,277,62,0,0,0,0,0
2014/01/19,14,276,59,0,0,0,0,0
2014/01/19,15,274,56,0,0,0,0,0
2014/01/19,16,274,56,0,0,0,0,0
2014/01/19,17,307,60,0,0,0,0,0
2014/01/19,18,313,67,0,0,0,0,0
2014/01/19,19,307,66,0,0,0,0,0
2014/01/19,20,302,65,0,0,0,0,0
2014/01/19,21,300,68,0,0,0,0,0
2014/01/19,22,302,70,0,0,0,0,0
2014/01/19,23,290,68,0,0,0,0,0
2014/01/19,24,249,76,0,0,0,0,0
2014/01/20,01,212,57,0,0,0,0,0
2014/01/20,02,194,46,0,0,0,0,0
2014/01/20,03,86,20,0,0,0,0,0
2014/01/20,04,57,15,0,0,0,0,0
2014/01/20,05,55,13,0,0,0,0,0
2014/01/20,06,57,15,0,0,0,0,0
2014/01/20,07,61,14,0,0,0,0,0
2014/01/20,08,142,71,0,0,0,0,0
2014/01/20,09,278,98,0,0,0,0,0
2014/01/20,10,279,79,0,0,0,0,0
2014/01/20,11,307,91,0,0,0,0,0
2014/01/20,12,293,76,0,0,0,0,0
2014/01/20,13,286,68,0,0,0,0,0
2014/01/20,14,269,55,0,0,0,0,0
2014/01/20,15,272,59,0,0,0,0,0
2014/01/20,16,270,58,0,0,0,0,0
2014/01/20,17,300,59,0,0,0,0,0
2014/01/20,18,301,62,0,0,0,0,0
2014/01/20,19,305,66,0,0,0,0,0
2014/01/20,20,289,57,0,0,0,0,0
2014/01/20,21,294,64,0,0,0,0,0
2014/01/20,22,292,62,0,0,0,0,0
2014/01/20,23,282,61,0,0,0,0,0
2014/01/20,24,212,52,0,0,0,0,0
2014/01/21,01,139,34,0,0,0,0,0
2014/01/21,02,83,20,0,0,0,0,0
2014/01/21,03,45,4,0,0,0,0,0
2014/01/21,04,44,4,0,0,0,0,0
2014/01/21,05,45,4,0,0,0,0,0
2014/01/21,06,46,4,0,0,0,0,0
2014/01/21,07,50,4,0,0,0,0,0
2014/01/21,08,151,80,0,0,0,0,0
2014/01/21,09,318,116,0,0,0,0,0
2014/01/21,10,309,103,0,0,0,0,0
2014/01/21,11,293,79,0,0,0,0,0
2014/01/21,12,289,71,0,0,0,0,0
2014/01/21,13,278,63,0,0,0,0,0
2014/01/21,14,273,59,0,0,0,0,0
2014/01/21,15,272,59,0,0,0,0,0
2014/01/21,16,281,65,0,0,0,0,0
2014/01/21,17,306,65,0,0,0,0,0
2014/01/21,18,295,58,0,0,0,0,0
2014/01/21,19,304,66,0,0,0,0,0
2014/01/21,20,293,61,0,0,0,0,0
2014/01/21,21,290,59,0,0,0,0,0
2014/01/21,22,290,61,0,0,0,0,0
2014/01/21,23,288,66,0,0,0,0,0
2014/01/21,24,211,49,0,0,0,0,0
2014/01/22,01,176,31,0,0,0,0,0
2014/01/22,02,118,32,0,0,0,0,0
2014/01/22,03,48,4,0,0,0,0,0
2014/01/22,04,49,4,0,0,0,0,0
2014/01/22,05,50,4,0,0,0,0,0
2014/01/22,06,49,4,0,0,0,0,0
2014/01/22,07,54,4,0,0,0,0,0
2014/01/22,08,178,81,0,0,0,0,0
2014/01/22,09,315,114,0,0,0,0,0
2014/01/22,10,308,101,0,0,0,0,0
2014/01/22,11,302,86,0,0,0,0,0
2014/01/22,12,303,83,0,0,0,0,0
2014/01/22,13,286,67,0,0,0,0,0
2014/01/22,14,288,68,0,0,0,0,0
2014/01/22,15,289,71,0,0,0,0,0
2014/01/22,16,286,67,0,0,0,0,0
2014/01/22,17,325,77,0,0,0,0,0
2014/01/22,18,321,75,0,0,0,0,0
2014/01/22,19,315,71,0,0,0,0,0
2014/01/22,20,315,79,0,0,0,0,0
2014/01/22,21,306,72,0,0,0,0,0
2014/01/22,22,313,79,0,0,0,0,0
2014/01/22,23,313,87,0,0,0,0,0
2014/01/22,24,269,80,0,0,0,0,0
2014/01/23,01,126,39,0,0,0,0,0
2014/01/23,02,50,4,0,0,0,0,0
2014/01/23,03,50,4,0,0,0,0,0
2014/01/23,04,49,4,0,0,0,0,0
2014/01/23,05,50,4,0,0,0,0,0
2014/01/23,06,50,4,0,0,0,0,0
2014/01/23,07,54,4,0,0,0,0,0
2014/01/23,08,136,62,0,0,0,0,0
2014/01/23,09,300,106,0,0,0,0,0
2014/01/23,10,276,78,0,0,0,0,0
2014/01/23,11,284,71,0,0,0,0,0
2014/01/23,12,292,74,0,0,0,0,0
2014/01/23,13,277,60,0,0,0,0,0
2014/01/23,14,274,59,0,0,0,0,0
2014/01/23,15,278,64,0,0,0,0,0
2014/01/23,16,277,60,0,0,0,0,0
2014/01/23,17,303,61,0,0,0,0,0
2014/01/23,18,305,61,0,0,0,0,0
2014/01/23,19,300,58,0,0,0,0,0
2014/01/23,20,296,62,0,0,0,0,0
2014/01/23,21,302,67,0,0,0,0,0
2014/01/23,22,303,73,0,0,0,0,0
2014/01/23,23,305,83,0,0,0,0,0
2014/01/23,24,227,51,0,0,0,0,0
2014/01/24,01,182,41,0,0,0,0,0
2014/01/24,02,47,4,0,0,0,0,0
2014/01/24,03,47,4,0,0,0,0,0
2014/01/24,04,46,4,0,0,0,0,0
2014/01/24,05,46,4,0,0,0,0,0
2014/01/24,06,46,4,0,0,0,0,0
2014/01/24,07,50,4,0,0,0,0,0
2014/01/24,08,154,78,0,0,0,0,0
2014/01/24,09,320,123,0,0,0,0,0
2014/01/24,10,297,91,0,0,0,0,0
2014/01/24,11,283,69,0,0,0,0,0
2014/01/24,12,271,55,0,0,0,0,0
2014/01/24,13,259,48,0,0,0,0,0
2014/01/24,14,256,46,0,0,0,0,0
2014/01/24,15,255,43,0,0,0,0,0
2014/01/24,16,255,45,0,0,0,0,0
2014/01/24,17,276,44,0,0,0,0,0
2014/01/24,18,282,43,0,0,0,0,0
2014/01/24,19,277,40,0,0,0,0,0
2014/01/24,20,272,37,0,0,0,0,0
2014/01/24,21,265,37,0,0,0,0,0
2014/01/24,22,272,44,0,0,0,0,0
2014/01/24,23,258,40,0,0,0,0,0
2014/01/24,24,171,22,0,0,0,0,0
2014/01/25,01,89,15,0,0,0,0,0
2014/01/25,02,51,10,0,0,0,0,0
2014/01/25,03,51,10,0,0,0,0,0
2014/01/25,04,50,10,0,0,0,0,0
2014/01/25,05,51,10,0,0,0,0,0
2014/01/25,06,52,11,0,0,0,0,0
2014/01/25,07,55,10,0,0,0,0,0
2014/01/25,08,136,61,0,0,0,0,0
2014/01/25,09,244,53,0,0,0,0,0
2014/01/25,10,256,52,0,0,0,0,0
2014/01/25,11,257,49,0,0,0,0,0
2014/01/25,12,247,38,0,0,0,0,0
2014/01/25,13,243,35,0,0,0,0,0
2014/01/25,14,245,36,0,0,0,0,0
2014/01/25,15,248,38,0,0,0,0,0
2014/01/25,16,252,38,0,0,0,0,0
2014/01/25,17,278,38,0,0,0,0,0
2014/01/25,18,280,38,0,0,0,0,0
2014/01/25,19,287,44,0,0,0,0,0
2014/01/25,20,272,40,0,0,0,0,0
2014/01/25,21,270,39,0,0,0,0,0
2014/01/25,22,274,44,0,0,0,0,0
2014/01/25,23,265,45,0,0,0,0,0
2014/01/25,24,214,30,0,0,0,0,0
2014/01/26,01,123,28,0,0,0,0,0
2014/01/26,02,49,4,0,0,0,0,0
2014/01/26,03,49,4,0,0,0,0,0
2014/01/26,04,47,4,0,0,0,0,0
2014/01/26,05,47,4,0,0,0,0,0
2014/01/26,06,48,4,0,0,0,0,0
2014/01/26,07,49,4,0,0,0,0,0
2014/01/26,08,161,78,0,0,0,0,0
2014/01/26,09,299,97,0,0,0,0,0
2014/01/26,10,282,74,0,0,0,0,0
2014/01/26,11,276,58,0,0,0,0,0
2014/01/26,12,276,55,0,0,0,0,0
2014/01/26,13,275,53,0,0,0,0,0
2014/01/26,14,275,52,0,0,0,0,0
2014/01/26,15,278,54,0,0,0,0,0
2014/01/26,16,282,58,0,0,0,0,0
2014/01/26,17,318,64,0,0,0,0,0
2014/01/26,18,320,69,0,0,0,0,0
2014/01/26,19,327,78,0,0,0,0,0
2014/01/26,20,312,72,0,0,0,0,0
2014/01/26,21,305,69,0,0,0,0,0
2014/01/26,22,305,70,0,0,0,0,0
2014/01/26,23,307,80,0,0,0,0,0
2014/01/26,24,280,71,0,0,0,0,0
2014/01/27,01,194,66,0,0,0,0,0
2014/01/27,02,68,17,0,0,0,0,0
2014/01/27,03,68,17,0,0,0,0,0
2014/01/27,04,68,17,0,0,0,0,0
2014/01/27,05,67,17,0,0,0,0,0
2014/01/27,06,68,17,0,0,0,0,0
2014/01/27,07,74,18,0,0,0,0,0
2014/01/27,08,198,94,0,0,0,0,0
2014/01/27,09,339,135,0,0,0,0,0
2014/01/27,10,326,120,0,0,0,0,0
2014/01/27,11,300,84,0,0,0,0,0
2014/01/27,12,298,82,0,0,0,0,0
2014/01/27,13,280,63,0,0,0,0,0
2014/01/27,14,278,62,0,0,0,0,0
2014/01/27,15,269,54,0,0,0,0,0
2014/01/27,16,268,53,0,0,0,0,0
2014/01/27,17,285,53,0,0,0,0,0
2014/01/27,18,307,64,0,0,0,0,0
2014/01/27,19,297,57,0,0,0,0,0
2014/01/27,20,303,69,0,0,0,0,0
2014/01/27,21,299,68,0,0,0,0,0
2014/01/27,22,302,70,0,0,0,0,0
2014/01/27,23,289,66,0,0,0,0,0
2014/01/27,24,183,35,0,0,0,0,0
2014/01/28,01,90,17,0,0,0,0,0
2014/01/28,02,46,4,0,0,0,0,0
2014/01/28,03,46,4,0,0,0,0,0
2014/01/28,04,45,4,0,0,0,0,0
2014/01/28,05,46,4,0,0,0,0,0
2014/01/28,06,47,4,0,0,0,0,0
2014/01/28,07,50,4,0,0,0,0,0
2014/01/28,08,142,69,0,0,0,0,0
2014/01/28,09,269,88,0,0,0,0,0
2014/01/28,10,268,69,0,0,0,0,0
2014/01/28,11,284,69,0,0,0,0,0
2014/01/28,12,281,62,0,0,0,0,0
2014/01/28,13,273,52,0,0,0,0,0
2014/01/28,14,268,51,0,0,0,0,0
2014/01/28,15,271,53,0,0,0,0,0
2014/01/28,16,270,53,0,0,0,0,0
2014/01/28,17,306,63,0,0,0,0,0
2014/01/28,18,302,63,0,0,0,0,0
2014/01/28,19,305,65,0,0,0,0,0
2014/01/28,20,299,66,0,0,0,0,0
2014/01/28,21,299,67,0,0,0,0,0
2014/01/28,22,302,71,0,0,0,0,0
2014/01/28,23,299,78,0,0,0,0,0
2014/01/28,24,227,63,0,0,0,0,0
2014/01/29,01,148,31,0,0,0,0,0
2014/01/29,02,50,4,0,0,0,0,0
2014/01/29,03,50,4,0,0,0,0,0
2014/01/29,04,49,4,0,0,0,0,0
2014/01/29,05,49,4,0,0,0,0,0
2014/01/29,06,49,4,0,0,0,0,0
2014/01/29,07,54,4,0,0,0,0,0
2014/01/29,08,140,67,0,0,0,0,0
2014/01/29,09,331,143,0,0,0,0,0
2014/01/29,10,294,92,0,0,0,0,0
2014/01/29,11,283,73,0,0,0,0,0
2014/01/29,12,300,78,0,0,0,0,0
2014/01/29,13,294,72,0,0,0,0,0
2014/01/29,14,295,75,0,0,0,0,0
2014/01/29,15,280,62,0,0,0,0,0
2014/01/29,16,272,56,0,0,0,0,0
2014/01/29,17,283,56,0,0,0,0,0
2014/01/29,18,294,56,0,0,0,0,0
2014/01/29,19,296,59,0,0,0,0,0
2014/01/29,20,294,61,0,0,0,0,0
2014/01/29,21,290,61,0,0,0,0,0
2014/01/29,22,311,78,0,0,0,0,0
2014/01/29,23,296,74,0,0,0,0,0
2014/01/29,24,205,45,0,0,0,0,0
2014/01/30,01,180,32,0,0,0,0,0
2014/01/30,02,48,4,0,0,0,0,0
2014/01/30,03,46,4,0,0,0,0,0
2014/01/30,04,45,4,0,0,0,0,0
2014/01/30,05,44,4,0,0,0,0,0
2014/01/30,06,45,4,0,0,0,0,0
2014/01/30,07,50,4,0,0,0,0,0
2014/01/30,08,173,87,0,0,0,0,0
2014/01/30,09,291,94,0,0,0,0,0
2014/01/30,10,263,63,0,0,0,0,0
2014/01/30,11,251,52,0,0,0,0,0
2014/01/30,12,242,42,0,0,0,0,0
2014/01/30,13,226,28,0,0,0,0,0
2014/01/30,14,222,23,0,0,0,0,0
2014/01/30,15,225,26,0,0,0,0,0
2014/01/30,16,224,24,0,0,0,0,0
2014/01/30,17,251,24,0,0,0,0,0
2014/01/30,18,261,34,0,0,0,0,0
2014/01/30,19,267,33,0,0,0,0,0
2014/01/30,20,269,39,0,0,0,0,0
2014/01/30,21,273,42,0,0,0,0,0
2014/01/30,22,277,48,0,0,0,0,0
2014/01/30,23,271,51,0,0,0,0,0
2014/01/30,24,187,25,0,0,0,0,0
2014/01/31,01,139,21,0,0,0,0,0
2014/01/31,02,51,7,0,0,0,0,0
2014/01/31,03,51,7,0,0,0,0,0
2014/01/31,04,52,6,0,0,0,0,0
2014/01/31,05,52,7,0,0,0,0,0
2014/01/31,06,52,6,0,0,0,0,0
2014/01/31,07,57,7,0,0,0,0,0
2014/01/31,08,174,89,0,0,0,0,0
2014/01/31,09,317,116,0,0,0,0,0
2014/01/31,10,313,107,0,0,0,0,0
2014/01/31,11,327,109,0,0,0,0,0
2014/01/31,12,321,100,0,0,0,0,0
2014/01/31,13,314,92,0,0,0,0,0
2014/01/31,14,303,85,0,0,0,0,0
2014/01/31,15,305,87,0,0,0,0,0
2014/01/31,16,315,97,0,0,0,0,0
2014/01/31,17,337,91,0,0,0,0,0
2014/01/31,18,330,89,0,0,0,0,0
2014/01/31,19,330,86,0,0,0,0,0
2014/01/31,20,319,82,0,0,0,0,0
2014/01/31,21,320,85,0,0,0,0,0
2014/01/31,22,315,82,0,0,0,0,0
2014/01/31,23,312,86,0,0,0,0,0
2014/01/31,24,264,75,0,0,0,0,0
2014/02/01,01,237,72,0,0,0,0,0
2014/02/01,02,58,11,0,0,0,0,0
2014/02/01,03,54,10,0,0,0,0,0
2014/02/01,04,54,10,0,0,0,0,0
2014/02/01,05,54,11,0,0,0,0,0
2014/02/01,06,53,9,0,0,0,0,0
2014/02/01,07,57,10,0,0,0,0,0
2014/02/01,08,176,99,0,0,0,0,0
2014/02/01,09,288,102,0,0,0,0,0
2014/02/01,10,300,91,0,0,0,0,0
2014/02/01,11,293,76,0,0,0,0,0
2014/02/01,12,289,67,0,0,0,0,0
2014/02/01,13,282,61,0,0,0,0,0
2014/02/01,14,271,54,0,0,0,0,0
2014/02/01,15,262,47,0,0,0,0,0
2014/02/01,16,262,47,0,0,0,0,0
2014/02/01,17,288,48,0,0,0,0,0
2014/02/01,18,286,50,0,0,0,0,0
2014/02/01,19,283,48,0,0,0,0,0
2014/02/01,20,281,48,0,0,0,0,0
2014/02/01,21,279,51,0,0,0,0,0
2014/02/01,22,283,55,0,0,0,0,0
2014/02/01,23,280,61,0,0,0,0,0
2014/02/01,24,240,62,0,0,0,0,0
2014/02/02,01,256,80,0,0,0,0,0
2014/02/02,02,204,70,0,0,0,0,0
2014/02/02,03,42,4,0,0,0,0,0
2014/02/02,04,41,4,0,0,0,0,0
2014/02/02,05,42,4,0,0,0,0,0
2014/02/02,06,43,4,0,0,0,0,0
2014/02/02,07,44,4,0,0,0,0,0
2014/02/02,08,149,84,0,0,0,0,0
2014/02/02,09,282,103,0,0,0,0,0
2014/02/02,10,287,87,0,0,0,0,0
2014/02/02,11,280,71,0,0,0,0,0
2014/02/02,12,276,63,0,0,0,0,0
2014/02/02,13,266,49,0,0,0,0,0
2014/02/02,14,272,55,0,0,0,0,0
2014/02/02,15,265,48,0,0,0,0,0
2014/02/02,16,252,40,0,0,0,0,0
2014/02/02,17,272,34,0,0,0,0,0
2014/02/02,18,268,35,0,0,0,0,0
2014/02/02,19,260,31,0,0,0,0,0
2014/02/02,20,260,32,0,0,0,0,0
2014/02/02,21,250,29,0,0,0,0,0
2014/02/02,22,249,29,0,0,0,0,0
2014/02/02,23,240,30,0,0,0,0,0
2014/02/02,24,203,23,0,0,0,0,0
2014/02/03,01,204,32,0,0,0,0,0
2014/02/03,02,209,36,0,0,0,0,0
2014/02/03,03,209,38,0,0,0,0,0
2014/02/03,04,82,12,0,0,0,0,0
2014/02/03,05,47,4,0,0,0,0,0
2014/02/03,06,47,4,0,0,0,0,0
2014/02/03,07,51,4,0,0,0,0,0
2014/02/03,08,122,53,0,0,0,0,0
2014/02/03,09,256,71,0,0,0,0,0
2014/02/03,10,275,70,0,0,0,0,0
2014/02/03,11,282,68,0,0,0,0,0
2014/02/03,12,281,64,0,0,0,0,0
2014/02/03,13,277,61,0,0,0,0,0
2014/02/03,14,270,57,0,0,0,0,0
2014/02/03,15,264,53,0,0,0,0,0
2014/02/03,16,265,55,0,0,0,0,0
2014/02/03,17,299,61,0,0,0,0,0
2014/02/03,18,292,56,0,0,0,0,0
2014/02/03,19,292,57,0,0,0,0,0
2014/02/03,20,290,59,0,0,0,0,0
2014/02/03,21,286,56,0,0,0,0,0
2014/02/03,22,285,58,0,0,0,0,0
2014/02/03,23,280,59,0,0,0,0,0
2014/02/03,24,240,58,0,0,0,0,0
2014/02/04,01,236,60,0,0,0,0,0
2014/02/04,02,90,23,0,0,0,0,0
2014/02/04,03,47,4,0,0,0,0,0
2014/02/04,04,47,4,0,0,0,0,0
2014/02/04,05,47,4,0,0,0,0,0
2014/02/04,06,47,4,0,0,0,0,0
2014/02/04,07,51,4,0,0,0,0,0
2014/02/04,08,176,92,0,0,0,0,0
2014/02/04,09,325,125,0,0,0,0,0
2014/02/04,10,306,99,0,0,0,0,0
2014/02/04,11,291,79,0,0,0,0,0
2014/02/04,12,287,71,0,0,0,0,0
2014/02/04,13,289,72,0,0,0,0,0
2014/02/04,14,281,64,0,0,0,0,0
2014/02/04,15,283,64,0,0,0,0,0
2014/02/04,16,286,71,0,0,0,0,0
2014/02/04,17,314,70,0,0,0,0,0
2014/02/04,18,309,68,0,0,0,0,0
2014/02/04,19,310,67,0,0,0,0,0
2014/02/04,20,309,72,0,0,0,0,0
2014/02/04,21,314,79,0,0,0,0,0
2014/02/04,22,313,79,0,0,0,0,0
2014/02/04,23,316,92,0,0,0,0,0
2014/02/04,24,273,84,0,0,0,0,0
2014/02/05,01,270,91,0,0,0,0,0
2014/02/05,02,105,30,0,0,0,0,0
2014/02/05,03,48,4,0,0,0,0,0
2014/02/05,04,48,4,0,0,0,0,0
2014/02/05,05,49,4,0,0,0,0,0
2014/02/05,06,50,4,0,0,0,0,0
2014/02/05,07,54,4,0,0,0,0,0
2014/02/05,08,229,113,0,0,0,0,0
2014/02/05,09,347,141,0,0,0,0,0
2014/02/05,10,339,128,0,0,0,0,0
2014/02/05,11,339,117,0,0,0,0,0
2014/02/05,12,342,118,0,0,0,0,0
2014/02/05,13,310,90,0,0,0,0,0
2014/02/05,14,310,89,0,0,0,0,0
2014/02/05,15,314,94,0,0,0,0,0
2014/02/05,16,311,90,0,0,0,0,0
2014/02/05,17,349,101,0,0,0,0,0
2014/02/05,18,352,107,0,0,0,0,0
2014/02/05,19,345,106,0,0,0,0,0
2014/02/05,20,342,110,0,0,0,0,0
2014/02/05,21,341,110,0,0,0,0,0
2014/02/05,22,332,101,0,0,0,0,0
2014/02/05,23,328,109,0,0,0,0,0
2014/02/05,24,201,54,0,0,0,0,0
2014/02/06,01,154,49,0,0,0,0,0
2014/02/06,02,82,24,0,0,0,0,0
2014/02/06,03,46,8,0,0,0,0,0
2014/02/06,04,45,7,0,0,0,0,0
2014/02/06,05,47,8,0,0,0,0,0
2014/02/06,06,48,8,0,0,0,0,0
2014/02/06,07,51,8,0,0,0,0,0
2014/02/06,08,120,58,0,0,0,0,0
2014/02/06,09,320,138,0,0,0,0,0
2014/02/06,10,298,100,0,0,0,0,0
2014/02/06,11,317,104,0,0,0,0,0
2014/02/06,12,325,108,0,0,0,0,0
2014/02/06,13,318,101,0,0,0,0,0
2014/02/06,14,314,97,0,0,0,0,0
2014/02/06,15,300,84,0,0,0,0,0
2014/02/06,16,299,82,0,0,0,0,0
2014/02/06,17,333,89,0,0,0,0,0
2014/02/06,18,338,96,0,0,0,0,0
2014/02/06,19,332,95,0,0,0,0,0
2014/02/06,20,327,96,0,0,0,0,0
2014/02/06,21,317,88,0,0,0,0,0
2014/02/06,22,323,93,0,0,0,0,0
2014/02/06,23,315,96,0,0,0,0,0
2014/02/06,24,197,47,0,0,0,0,0
2014/02/07,01,74,11,0,0,0,0,0
2014/02/07,02,41,4,0,0,0,0,0
2014/02/07,03,41,4,0,0,0,0,0
2014/02/07,04,41,4,0,0,0,0,0
2014/02/07,05,42,4,0,0,0,0,0
2014/02/07,06,43,4,0,0,0,0,0
2014/02/07,07,47,4,0,0,0,0,0
2014/02/07,08,128,66,0,0,0,0,0
2014/02/07,09,319,137,0,0,0,0,0
2014/02/07,10,302,107,0,0,0,0,0
2014/02/07,11,327,115,0,0,0,0,0
2014/02/07,12,313,99,0,0,0,0,0
2014/02/07,13,305,90,0,0,0,0,0
2014/02/07,14,300,86,0,0,0,0,0
2014/02/07,15,302,88,0,0,0,0,0
2014/02/07,16,292,79,0,0,0,0,0
2014/02/07,17,328,89,0,0,0,0,0
2014/02/07,18,320,82,0,0,0,0,0
2014/02/07,19,318,83,0,0,0,0,0
2014/02/07,20,318,87,0,0,0,0,0
2014/02/07,21,305,78,0,0,0,0,0
2014/02/07,22,309,83,0,0,0,0,0
2014/02/07,23,299,83,0,0,0,0,0
2014/02/07,24,207,54,0,0,0,0,0
2014/02/08,01,99,21,0,0,0,0,0
2014/02/08,02,40,4,0,0,0,0,0
2014/02/08,03,40,4,0,0,0,0,0
2014/02/08,04,40,4,0,0,0,0,0
2014/02/08,05,40,4,0,0,0,0,0
2014/02/08,06,40,4,0,0,0,0,0
2014/02/08,07,43,4,0,0,0,0,0
2014/02/08,08,193,97,0,0,0,0,0
2014/02/08,09,347,149,0,0,0,0,0
2014/02/08,10,345,141,0,0,0,0,0
2014/02/08,11,318,106,0,0,0,0,0
2014/02/08,12,294,78,0,0,0,0,0
2014/02/08,13,280,67,0,0,0,0,0
2014/02/08,14,271,58,0,0,0,0,0
2014/02/08,15,276,61,0,0,0,0,0
2014/02/08,16,269,57,0,0,0,0,0
2014/02/08,17,298,60,0,0,0,0,0
2014/02/08,18,299,64,0,0,0,0,0
2014/02/08,19,297,62,0,0,0,0,0
2014/02/08,20,294,64,0,0,0,0,0
2014/02/08,21,293,65,0,0,0,0,0
2014/02/08,22,294,70,0,0,0,0,0
2014/02/08,23,287,74,0,0,0,0,0
2014/02/08,24,175,35,0,0,0,0,0
2014/02/09,01,147,27,0,0,0,0,0
2014/02/09,02,83,20,0,0,0,0,0
2014/02/09,03,46,8,0,0,0,0,0
2014/02/09,04,40,4,0,0,0,0,0
2014/02/09,05,40,4,0,0,0,0,0
2014/02/09,06,40,4,0,0,0,0,0
2014/02/09,07,43,4,0,0,0,0,0
2014/02/09,08,207,102,0,0,0,0,0
2014/02/09,09,306,110,0,0,0,0,0
2014/02/09,10,287,88,0,0,0,0,0
2014/02/09,11,286,77,0,0,0,0,0
2014/02/09,12,278,65,0,0,0,0,0
2014/02/09,13,272,61,0,0,0,0,0
2014/02/09,14,264,54,0,0,0,0,0
2014/02/09,15,267,56,0,0,0,0,0
2014/02/09,16,264,54,0,0,0,0,0
2014/02/09,17,291,57,0,0,0,0,0
2014/02/09,18,294,57,0,0,0,0,0
2014/02/09,19,296,61,0,0,0,0,0
2014/02/09,20,290,62,0,0,0,0,0
2014/02/09,21,286,63,0,0,0,0,0
2014/02/09,22,285,65,0,0,0,0,0
2014/02/09,23,290,78,0,0,0,0,0
2014/02/09,24,246,70,0,0,0,0,0
2014/02/10,01,208,59,0,0,0,0,0
2014/02/10,02,41,4,0,0,0,0,0
2014/02/10,03,39,4,0,0,0,0,0
2014/02/10,04,38,4,0,0,0,0,0
2014/02/10,05,38,4,0,0,0,0,0
2014/02/10,06,38,4,0,0,0,0,0
2014/02/10,07,43,4,0,0,0,0,0
2014/02/10,08,178,89,0,0,0,0,0
2014/02/10,09,332,136,0,0,0,0,0
2014/02/10,10,303,105,0,0,0,0,0
2014/02/10,11,278,72,0,0,0,0,0
2014/02/10,12,270,59,0,0,0,0,0
2014/02/10,13,268,58,0,0,0,0,0
2014/02/10,14,267,57,0,0,0,0,0
2014/02/10,15,262,54,0,0,0,0,0
2014/02/10,16,272,62,0,0,0,0,0
2014/02/10,17,298,60,0,0,0,0,0
2014/02/10,18,291,55,0,0,0,0,0
2014/02/10,19,298,61,0,0,0,0,0
2014/02/10,20,298,65,0,0,0,0,0
2014/02/10,21,292,61,0,0,0,0,0
2014/02/10,22,292,67,0,0,0,0,0
2014/02/10,23,283,71,0,0,0,0,0
2014/02/10,24,250,70,0,0,0,0,0
2014/02/11,01,241,70,0,0,0,0,0
2014/02/11,02,79,10,0,0,0,0,0
2014/02/11,03,40,4,0,0,0,0,0
2014/02/11,04,41,4,0,0,0,0,0
2014/02/11,05,41,4,0,0,0,0,0
2014/02/11,06,41,4,0,0,0,0,0
2014/02/11,07,46,4,0,0,0,0,0
2014/02/11,08,173,85,0,0,0,0,0
2014/02/11,09,329,132,0,0,0,0,0
2014/02/11,10,294,95,0,0,0,0,0
2014/02/11,11,278,73,0,0,0,0,0
2014/02/11,12,270,63,0,0,0,0,0
2014/02/11,13,252,49,0,0,0,0,0
2014/02/11,14,251,46,0,0,0,0,0
2014/02/11,15,251,44,0,0,0,0,0
2014/02/11,16,255,46,0,0,0,0,0
2014/02/11,17,286,51,0,0,0,0,0
2014/02/11,18,292,55,0,0,0,0,0
2014/02/11,19,287,52,0,0,0,0,0
2014/02/11,20,285,55,0,0,0,0,0
2014/02/11,21,282,57,0,0,0,0,0
2014/02/11,22,288,63,0,0,0,0,0
2014/02/11,23,281,66,0,0,0,0,0
2014/02/11,24,197,48,0,0,0,0,0
2014/02/12,01,131,41,0,0,0,0,0
2014/02/12,02,39,4,0,0,0,0,0
2014/02/12,03,39,4,0,0,0,0,0
2014/02/12,04,38,4,0,0,0,0,0
2014/02/12,05,38,4,0,0,0,0,0
2014/02/12,06,39,4,0,0,0,0,0
2014/02/12,07,43,4,0,0,0,0,0
2014/02/12,08,160,76,0,0,0,0,0
2014/02/12,09,342,148,0,0,0,0,0
2014/02/12,10,304,106,0,0,0,0,0
2014/02/12,11,287,84,0,0,0,0,0
2014/02/12,12,270,66,0,0,0,0,0
2014/02/12,13,251,51,0,0,0,0,0
2014/02/12,14,235,39,0,0,0,0,0
2014/02/12,15,234,39,0,0,0,0,0
2014/02/12,16,230,36,0,0,0,0,0
2014/02/12,17,237,36,0,0,0,0,0
2014/02/12,18,271,45,0,0,0,0,0
2014/02/12,19,280,51,0,0,0,0,0
2014/02/12,20,282,54,0,0,0,0,0
2014/02/12,21,279,57,0,0,0,0,0
2014/02/12,22,281,59,0,0,0,0,0
2014/02/12,23,273,60,0,0,0,0,0
2014/02/12,24,206,40,0,0,0,0,0
2014/02/13,01,190,30,0,0,0,0,0
2014/02/13,02,194,34,0,0,0,0,0
2014/02/13,03,127,21,0,0,0,0,0
2014/02/13,04,39,4,0,0,0,0,0
2014/02/13,05,40,4,0,0,0,0,0
2014/02/13,06,41,4,0,0,0,0,0
2014/02/13,07,44,4,0,0,0,0,0
2014/02/13,08,136,69,0,0,0,0,0
2014/02/13,09,263,84,0,0,0,0,0
2014/02/13,10,276,77,0,0,0,0,0
2014/02/13,11,272,67,0,0,0,0,0
2014/02/13,12,264,59,0,0,0,0,0
2014/02/13,13,263,56,0,0,0,0,0
2014/02/13,14,267,57,0,0,0,0,0
2014/02/13,15,265,56,0,0,0,0,0
2014/02/13,16,270,62,0,0,0,0,0
2014/02/13,17,296,63,0,0,0,0,0
2014/02/13,18,307,69,0,0,0,0,0
2014/02/13,19,302,65,0,0,0,0,0
2014/02/13,20,301,70,0,0,0,0,0
2014/02/13,21,300,69,0,0,0,0,0
2014/02/13,22,303,78,0,0,0,0,0
2014/02/13,23,297,79,0,0,0,0,0
2014/02/13,24,198,45,0,0,0,0,0
2014/02/14,01,153,27,0,0,0,0,0
2014/02/14,02,46,4,0,0,0,0,0
2014/02/14,03,40,4,0,0,0,0,0
2014/02/14,04,40,4,0,0,0,0,0
2014/02/14,05,40,4,0,0,0,0,0
2014/02/14,06,42,4,0,0,0,0,0
2014/02/14,07,45,4,0,0,0,0,0
2014/02/14,08,207,107,0,0,0,0,0
2014/02/14,09,316,122,0,0,0,0,0
2014/02/14,10,301,101,0,0,0,0,0
2014/02/14,11,292,85,0,0,0,0,0
2014/02/14,12,278,69,0,0,0,0,0
2014/02/14,13,265,57,0,0,0,0,0
2014/02/14,14,258,51,0,0,0,0,0
2014/02/14,15,255,49,0,0,0,0,0
2014/02/14,16,257,51,0,0,0,0,0
2014/02/14,17,282,54,0,0,0,0,0
2014/02/14,18,287,54,0,0,0,0,0
2014/02/14,19,290,57,0,0,0,0,0
2014/02/14,20,293,62,0,0,0,0,0
2014/02/14,21,288,64,0,0,0,0,0
2014/02/14,22,289,67,0,0,0,0,0
2014/02/14,23,289,75,0,0,0,0,0
2014/02/14,24,262,85,0,0,0,0,0
2014/02/15,01,249,84,0,0,0,0,0
2014/02/15,02,120,38,0,0,0,0,0
2014/02/15,03,37,4,0,0,0,0,0
2014/02/15,04,37,4,0,0,0,0,0
2014/02/15,05,38,4,0,0,0,0,0
2014/02/15,06,39,4,0,0,0,0,0
2014/02/15,07,43,4,0,0,0,0,0
2014/02/15,08,140,43,0,0,0,0,0
2014/02/15,09,316,121,0,0,0,0,0
2014/02/15,10,288,87,0,0,0,0,0
2014/02/15,11,290,80,0,0,0,0,0
2014/02/15,12,281,67,0,0,0,0,0
2014/02/15,13,276,63,0,0,0,0,0
2014/02/15,14,271,58,0,0,0,0,0
2014/02/15,15,266,56,0,0,0,0,0
2014/02/15,16,268,58,0,0,0,0,0
2014/02/15,17,295,59,0,0,0,0,0
2014/02/15,18,300,62,0,0,0,0,0
2014/02/15,19,295,60,0,0,0,0,0
2014/02/15,20,293,62,0,0,0,0,0
2014/02/15,21,288,62,0,0,0,0,0
2014/02/15,22,285,61,0,0,0,0,0
2014/02/15,23,279,66,0,0,0,0,0
2014/02/15,24,243,68,0,0,0,0,0
2014/02/16,01,188,65,0,0,0,0,0
2014/02/16,02,135,49,0,0,0,0,0
2014/02/16,03,39,4,0,0,0,0,0
2014/02/16,04,40,4,0,0,0,0,0
2014/02/16,05,40,4,0,0,0,0,0
2014/02/16,06,41,4,0,0,0,0,0
2014/02/16,07,42,4,0,0,0,0,0
2014/02/16,08,166,84,0,0,0,0,0
2014/02/16,09,302,111,0,0,0,0,0
2014/02/16,10,291,93,0,0,0,0,0
2014/02/16,11,278,75,0,0,0,0,0
2014/02/16,12,272,66,0,0,0,0,0
2014/02/16,13,263,58,0,0,0,0,0
2014/02/16,14,252,49,0,0,0,0,0
2014/02/16,15,246,45,0,0,0,0,0
2014/02/16,16,251,46,0,0,0,0,0
2014/02/16,17,284,55,0,0,0,0,0
2014/02/16,18,288,53,0,0,0,0,0
2014/02/16,19,288,55,0,0,0,0,0
2014/02/16,20,285,53,0,0,0,0,0
2014/02/16,21,277,51,0,0,0,0,0
2014/02/16,22,279,52,0,0,0,0,0
2014/02/16,23,278,60,0,0,0,0,0
2014/02/16,24,197,28,0,0,0,0,0
2014/02/17,01,150,32,0,0,0,0,0
2014/02/17,02,75,15,0,0,0,0,0
2014/02/17,03,43,4,0,0,0,0,0
2014/02/17,04,43,4,0,0,0,0,0
2014/02/17,05,42,4,0,0,0,0,0
2014/02/17,06,43,4,0,0,0,0,0
2014/02/17,07,47,4,0,0,0,0,0
2014/02/17,08,184,89,0,0,0,0,0
2014/02/17,09,297,101,0,0,0,0,0
2014/02/17,10,291,90,0,0,0,0,0
2014/02/17,11,279,73,0,0,0,0,0
2014/02/17,12,281,73,0,0,0,0,0
2014/02/17,13,274,64,0,0,0,0,0
2014/02/17,14,278,67,0,0,0,0,0
2014/02/17,15,266,56,0,0,0,0,0
2014/02/17,16,271,61,0,0,0,0,0
2014/02/17,17,290,64,0,0,0,0,0
2014/02/17,18,295,61,0,0,0,0,0
2014/02/17,19,295,61,0,0,0,0,0
2014/02/17,20,292,61,0,0,0,0,0
2014/02/17,21,288,62,0,0,0,0,0
2014/02/17,22,288,62,0,0,0,0,0
2014/02/17,23,279,63,0,0,0,0,0
2014/02/17,24,192,36,0,0,0,0,0
2014/02/18,01,183,35,0,0,0,0,0
2014/02/18,02,178,31,0,0,0,0,0
2014/02/18,03,90,15,0,0,0,0,0
2014/02/18,04,41,4,0,0,0,0,0
2014/02/18,05,41,4,0,0,0,0,0
2014/02/18,06,41,4,0,0,0,0,0
2014/02/18,07,46,4,0,0,0,0,0
2014/02/18,08,195,84,0,0,0,0,0
2014/02/18,09,323,126,0,0,0,0,0
2014/02/18,10,293,95,0,0,0,0,0
2014/02/18,11,279,72,0,0,0,0,0
2014/02/18,12,275,65,0,0,0,0,0
2014/02/18,13,267,59,0,0,0,0,0
2014/02/18,14,262,54,0,0,0,0,0
2014/02/18,15,265,56,0,0,0,0,0
2014/02/18,16,265,55,0,0,0,0,0
2014/02/18,17,295,58,0,0,0,0,0
2014/02/18,18,301,64,0,0,0,0,0
2014/02/18,19,307,68,0,0,0,0,0
2014/02/18,20,302,70,0,0,0,0,0
2014/02/18,21,298,71,0,0,0,0,0
2014/02/18,22,299,73,0,0,0,0,0
2014/02/18,23,290,73,0,0,0,0,0
2014/02/18,24,241,64,0,0,0,0,0
2014/02/19,01,201,69,0,0,0,0,0
2014/02/19,02,67,15,0,0,0,0,0
2014/02/19,03,39,4,0,0,0,0,0
2014/02/19,04,38,4,0,0,0,0,0
2014/02/19,05,39,4,0,0,0,0,0
2014/02/19,06,40,4,0,0,0,0,0
2014/02/19,07,45,4,0,0,0,0,0
2014/02/19,08,144,77,0,0,0,0,0
2014/02/19,09,289,98,0,0,0,0,0
2014/02/19,10,295,93,0,0,0,0,0
2014/02/19,11,284,73,0,0,0,0,0
2014/02/19,12,274,61,0,0,0,0,0
2014/02/19,13,267,54,0,0,0,0,0
2014/02/19,14,258,48,0,0,0,0,0
2014/02/19,15,253,45,0,0,0,0,0
2014/02/19,16,259,49,0,0,0,0,0
2014/02/19,17,284,50,0,0,0,0,0
2014/02/19,18,291,56,0,0,0,0,0
2014/02/19,19,290,57,0,0,0,0,0
2014/02/19,20,281,54,0,0,0,0,0
2014/02/19,21,281,56,0,0,0,0,0
2014/02/19,22,286,61,0,0,0,0,0
2014/02/19,23,272,58,0,0,0,0,0
2014/02/19,24,228,51,0,0,0,0,0
2014/02/20,01,189,61,0,0,0,0,0
2014/02/20,02,76,18,0,0,0,0,0
2014/02/20,03,39,4,0,0,0,0,0
2014/02/20,04,38,4,0,0,0,0,0
2014/02/20,05,39,4,0,0,0,0,0
2014/02/20,06,37,4,0,0,0,0,0
2014/02/20,07,42,4,0,0,0,0,0
2014/02/20,08,124,57,0,0,0,0,0
2014/02/20,09,301,117,0,0,0,0,0
2014/02/20,10,278,83,0,0,0,0,0
2014/02/20,11,268,65,0,0,0,0,0
2014/02/20,12,255,51,0,0,0,0,0
2014/02/20,13,247,43,0,0,0,0,0
2014/02/20,14,244,41,0,0,0,0,0
2014/02/20,15,240,40,0,0,0,0,0
2014/02/20,16,247,44,0,0,0,0,0
2014/02/20,17,285,51,0,0,0,0,0
2014/02/20,18,286,52,0,0,0,0,0
2014/02/20,19,292,57,0,0,0,0,0
2014/02/20,20,286,56,0,0,0,0,0
2014/02/20,21,282,56,0,0,0,0,0
2014/02/20,22,291,65,0,0,0,0,0
2014/02/20,23,285,65,0,0,0,0,0
2014/02/20,24,233,65,0,0,0,0,0
2014/02/21,01,229,70,0,0,0,0,0
2014/02/21,02,181,38,0,0,0,0,0
2014/02/21,03,179,35,0,0,0,0,0
2014/02/21,04,49,6,0,0,0,0,0
2014/02/21,05,40,4,0,0,0,0,0
2014/02/21,06,40,4,0,0,0,0,0
2014/02/21,07,45,4,0,0,0,0,0
2014/02/21,08,155,69,0,0,0,0,0
2014/02/21,09,284,96,0,0,0,0,0
2014/02/21,10,289,88,0,0,0,0,0
2014/02/21,11,283,75,0,0,0,0,0
2014/02/21,12,273,65,0,0,0,0,0
2014/02/21,13,260,52,0,0,0,0,0
2014/02/21,14,256,49,0,0,0,0,0
2014/02/21,15,258,50,0,0,0,0,0
2014/02/21,16,262,55,0,0,0,0,0
2014/02/21,17,277,56,0,0,0,0,0
2014/02/21,18,297,62,0,0,0,0,0
2014/02/21,19,300,62,0,0,0,0,0
2014/02/21,20,302,63,0,0,0,0,0
2014/02/21,21,293,66,0,0,0,0,0
2014/02/21,22,291,63,0,0,0,0,0
2014/02/21,23,287,69,0,0,0,0,0
2014/02/21,24,251,67,0,0,0,0,0
2014/02/22,01,138,40,0,0,0,0,0
2014/02/22,02,39,4,0,0,0,0,0
2014/02/22,03,40,4,0,0,0,0,0
2014/02/22,04,40,4,0,0,0,0,0
2014/02/22,05,40,4,0,0,0,0,0
2014/02/22,06,40,4,0,0,0,0,0
2014/02/22,07,42,4,0,0,0,0,0
2014/02/22,08,150,74,0,0,0,0,0
2014/02/22,09,336,137,0,0,0,0,0
2014/02/22,10,303,101,0,0,0,0,0
2014/02/22,11,284,76,0,0,0,0,0
2014/02/22,12,268,60,0,0,0,0,0
2014/02/22,13,250,46,0,0,0,0,0
2014/02/22,14,246,41,0,0,0,0,0
2014/02/22,15,247,42,0,0,0,0,0
2014/02/22,16,241,37,0,0,0,0,0
2014/02/22,17,253,34,0,0,0,0,0
2014/02/22,18,283,49,0,0,0,0,0
2014/02/22,19,288,54,0,0,0,0,0
2014/02/22,20,283,52,0,0,0,0,0
2014/02/22,21,277,51,0,0,0,0,0
2014/02/22,22,292,66,0,0,0,0,0
2014/02/22,23,283,66,0,0,0,0,0
2014/02/22,24,238,73,0,0,0,0,0
2014/02/23,01,233,76,0,0,0,0,0
2014/02/23,02,46,6,0,0,0,0,0
2014/02/23,03,39,4,0,0,0,0,0
2014/02/23,04,38,4,0,0,0,0,0
2014/02/23,05,38,4,0,0,0,0,0
2014/02/23,06,39,4,0,0,0,0,0
2014/02/23,07,40,4,0,0,0,0,0
2014/02/23,08,143,69,0,0,0,0,0
2014/02/23,09,320,124,0,0,0,0,0
2014/02/23,10,293,91,0,0,0,0,0
2014/02/23,11,271,66,0,0,0,0,0
2014/02/23,12,255,47,0,0,0,0,0
2014/02/23,13,246,39,0,0,0,0,0
2014/02/23,14,241,33,0,0,0,0,0
2014/02/23,15,245,35,0,0,0,0,0
2014/02/23,16,245,36,0,0,0,0,0
2014/02/23,17,260,38,0,0,0,0,0
2014/02/23,18,279,44,0,0,0,0,0
2014/02/23,19,280,46,0,0,0,0,0
2014/02/23,20,272,45,0,0,0,0,0
2014/02/23,21,271,44,0,0,0,0,0
2014/02/23,22,276,50,0,0,0,0,0
2014/02/23,23,261,49,0,0,0,0,0
2014/02/23,24,219,42,0,0,0,0,0
2014/02/24,01,191,28,0,0,0,0,0
2014/02/24,02,184,24,0,0,0,0,0
2014/02/24,03,58,7,0,0,0,0,0
2014/02/24,04,37,4,0,0,0,0,0
2014/02/24,05,38,4,0,0,0,0,0
2014/02/24,06,38,4,0,0,0,0,0
2014/02/24,07,43,4,0,0,0,0,0
2014/02/24,08,174,70,0,0,0,0,0
2014/02/24,09,294,99,0,0,0,0,0
2014/02/24,10,266,70,0,0,0,0,0
2014/02/24,11,247,48,0,0,0,0,0
2014/02/24,12,233,34,0,0,0,0,0
2014/02/24,13,222,22,0,0,0,0,0
2014/02/24,14,223,23,0,0,0,0,0
2014/02/24,15,218,20,0,0,0,0,0
2014/02/24,16,221,23,0,0,0,0,0
2014/02/24,17,246,25,0,0,0,0,0
2014/02/24,18,261,33,0,0,0,0,0
2014/02/24,19,261,32,0,0,0,0,0
2014/02/24,20,254,31,0,0,0,0,0
2014/02/24,21,254,33,0,0,0,0,0
2014/02/24,22,256,35,0,0,0,0,0
2014/02/24,23,248,36,0,0,0,0,0
2014/02/24,24,191,20,0,0,0,0,0
2014/02/25,01,178,18,0,0,0,0,0
2014/02/25,02,75,8,0,0,0,0,0
2014/02/25,03,38,4,0,0,0,0,0
2014/02/25,04,37,4,0,0,0,0,0
2014/02/25,05,37,4,0,0,0,0,0
2014/02/25,06,38,4,0,0,0,0,0
2014/02/25,07,41,4,0,0,0,0,0
2014/02/25,08,171,68,0,0,0,0,0
2014/02/25,09,277,85,0,0,0,0,0
2014/02/25,10,245,50,0,0,0,0,0
2014/02/25,11,235,36,0,0,0,0,0
2014/02/25,12,229,30,0,0,0,0,0
2014/02/25,13,220,22,0,0,0,0,0
2014/02/25,14,215,18,0,0,0,0,0
2014/02/25,15,210,14,0,0,0,0,0
2014/02/25,16,213,16,0,0,0,0,0
2014/02/25,17,233,20,0,0,0,0,0
2014/02/25,18,259,27,0,0,0,0,0
2014/02/25,19,260,28,0,0,0,0,0
2014/02/25,20,260,32,0,0,0,0,0
2014/02/25,21,254,27,0,0,0,0,0
2014/02/25,22,259,33,0,0,0,0,0
2014/02/25,23,248,32,0,0,0,0,0
2014/02/25,24,202,23,0,0,0,0,0
2014/02/26,01,160,29,0,0,0,0,0
2014/02/26,02,54,8,0,0,0,0,0
2014/02/26,03,38,4,0,0,0,0,0
2014/02/26,04,37,4,0,0,0,0,0
2014/02/26,05,38,4,0,0,0,0,0
2014/02/26,06,37,4,0,0,0,0,0
2014/02/26,07,41,4,0,0,0,0,0
2014/02/26,08,112,36,0,0,0,0,0
2014/02/26,09,267,79,0,0,0,0,0
2014/02/26,10,246,50,0,0,0,0,0
2014/02/26,11,225,31,0,0,0,0,0
2014/02/26,12,216,21,0,0,0,0,0
2014/02/26,13,202,12,0,0,0,0,0
2014/02/26,14,202,11,0,0,0,0,0
2014/02/26,15,201,9,0,0,0,0,0
2014/02/26,16,203,11,0,0,0,0,0
2014/02/26,17,206,11,0,0,0,0,0
2014/02/26,18,235,14,0,0,0,0,0
2014/02/26,19,247,23,0,0,0,0,0
2014/02/26,20,247,26,0,0,0,0,0
2014/02/26,21,257,34,0,0,0,0,0
2014/02/26,22,270,44,0,0,0,0,0
2014/02/26,23,265,50,0,0,0,0,0
2014/02/26,24,221,55,0,0,0,0,0
2014/02/27,01,212,59,0,0,0,0,0
2014/02/27,02,45,9,0,0,0,0,0
2014/02/27,03,41,7,0,0,0,0,0
2014/02/27,04,42,8,0,0,0,0,0
2014/02/27,05,41,7,0,0,0,0,0
2014/02/27,06,42,8,0,0,0,0,0
2014/02/27,07,44,7,0,0,0,0,0
2014/02/27,08,168,81,0,0,0,0,0
2014/02/27,09,299,107,0,0,0,0,0
2014/02/27,10,262,67,0,0,0,0,0
2014/02/27,11,233,39,0,0,0,0,0
2014/02/27,12,218,25,0,0,0,0,0
2014/02/27,13,203,15,0,0,0,0,0
2014/02/27,14,198,11,0,0,0,0,0
2014/02/27,15,198,10,0,0,0,0,0
2014/02/27,16,201,11,0,0,0,0,0
2014/02/27,17,231,11,0,0,0,0,0
2014/02/27,18,233,13,0,0,0,0,0
2014/02/27,19,235,12,0,0,0,0,0
2014/02/27,20,232,15,0,0,0,0,0
2014/02/27,21,229,14,0,0,0,0,0
2014/02/27,22,237,20,0,0,0,0,0
2014/02/27,23,231,24,0,0,0,0,0
2014/02/27,24,191,29,0,0,0,0,0
2014/02/28,01,183,32,0,0,0,0,0
2014/02/28,02,55,8,0,0,0,0,0
2014/02/28,03,36,4,0,0,0,0,0
2014/02/28,04,37,4,0,0,0,0,0
2014/02/28,05,40,4,0,0,0,0,0
2014/02/28,06,40,4,0,0,0,0,0
2014/02/28,07,43,4,0,0,0,0,0
2014/02/28,08,126,44,0,0,0,0,0
2014/02/28,09,244,61,0,0,0,0,0
2014/02/28,10,234,42,0,0,0,0,0
2014/02/28,11,228,32,0,0,0,0,0
2014/02/28,12,225,25,0,0,0,0,0
2014/02/28,13,216,17,0,0,0,0,0
2014/02/28,14,211,13,0,0,0,0,0
2014/02/28,15,211,15,0,0,0,0,0
2014/02/28,16,219,21,0,0,0,0,0
2014/02/28,17,237,24,0,0,0,0,0
2014/02/28,18,255,24,0,0,0,0,0
2014/02/28,19,261,26,0,0,0,0,0
2014/02/28,20,266,33,0,0,0,0,0
2014/02/28,21,260,33,0,0,0,0,0
2014/02/28,22,263,37,0,0,0,0,0
2014/02/28,23,252,37,0,0,0,0,0
2014/02/28,24,218,39,0,0,0,0,0
2014/03/01,01,204,36,0,0,0,0,0
2014/03/01,02,85,12,0,0,0,0,0
2014/03/01,03,37,4,0,0,0,0,0
2014/03/01,04,36,4,0,0,0,0,0
2014/03/01,05,37,4,0,0,0,0,0
2014/03/01,06,38,4,0,0,0,0,0
2014/03/01,07,42,4,0,0,0,0,0
2014/03/01,08,135,55,0,0,0,0,0
2014/03/01,09,231,57,0,0,0,0,0
2014/03/01,10,252,53,0,0,0,0,0
2014/03/01,11,236,35,0,0,0,0,0
2014/03/01,12,222,21,0,0,0,0,0
2014/03/01,13,217,16,0,0,0,0,0
2014/03/01,14,210,11,0,0,0,0,0
2014/03/01,15,209,14,0,0,0,0,0
2014/03/01,16,216,16,0,0,0,0,0
2014/03/01,17,231,19,0,0,0,0,0
2014/03/01,18,254,25,0,0,0,0,0
2014/03/01,19,256,28,0,0,0,0,0
2014/03/01,20,268,38,0,0,0,0,0
2014/03/01,21,264,39,0,0,0,0,0
2014/03/01,22,275,49,0,0,0,0,0
2014/03/01,23,258,44,0,0,0,0,0
2014/03/01,24,214,37,0,0,0,0,0
2014/03/02,01,208,38,0,0,0,0,0
2014/03/02,02,157,27,0,0,0,0,0
2014/03/02,03,37,4,0,0,0,0,0
2014/03/02,04,36,4,0,0,0,0,0
2014/03/02,05,37,4,0,0,0,0,0
2014/03/02,06,37,4,0,0,0,0,0
2014/03/02,07,38,4,0,0,0,0,0
2014/03/02,08,135,64,0,0,0,0,0
2014/03/02,09,295,101,0,0,0,0,0
2014/03/02,10,266,67,0,0,0,0,0
2014/03/02,11,248,48,0,0,0,0,0
2014/03/02,12,229,30,0,0,0,0,0
2014/03/02,13,214,14,0,0,0,0,0
2014/03/02,14,217,15,0,0,0,0,0
2014/03/02,15,219,18,0,0,0,0,0
2014/03/02,16,219,19,0,0,0,0,0
2014/03/02,17,226,23,0,0,0,0,0
2014/03/02,18,263,32,0,0,0,0,0
2014/03/02,19,267,36,0,0,0,0,0
2014/03/02,20,274,46,0,0,0,0,0
2014/03/02,21,278,52,0,0,0,0,0
2014/03/02,22,296,69,0,0,0,0,0
2014/03/02,23,287,70,0,0,0,0,0
2014/03/02,24,243,61,0,0,0,0,0
2014/03/03,01,231,65,0,0,0,0,0
2014/03/03,02,79,24,0,0,0,0,0
2014/03/03,03,38,4,0,0,0,0,0
2014/03/03,04,38,4,0,0,0,0,0
2014/03/03,05,38,4,0,0,0,0,0
2014/03/03,06,38,4,0,0,0,0,0
2014/03/03,07,43,4,0,0,0,0,0
2014/03/03,08,124,65,0,0,0,0,0
2014/03/03,09,312,113,0,0,0,0,0
2014/03/03,10,308,104,0,0,0,0,0
2014/03/03,11,290,79,0,0,0,0,0
2014/03/03,12,285,69,0,0,0,0,0
2014/03/03,13,271,59,0,0,0,0,0
2014/03/03,14,265,57,0,0,0,0,0
2014/03/03,15,270,61,0,0,0,0,0
2014/03/03,16,263,54,0,0,0,0,0
2014/03/03,17,305,63,0,0,0,0,0
2014/03/03,18,301,63,0,0,0,0,0
2014/03/03,19,304,63,0,0,0,0,0
2014/03/03,20,302,67,0,0,0,0,0
2014/03/03,21,294,63,0,0,0,0,0
2014/03/03,22,297,67,0,0,0,0,0
2014/03/03,23,278,59,0,0,0,0,0
2014/03/03,24,196,26,0,0,0,0,0
2014/03/04,01,165,25,0,0,0,0,0
2014/03/04,02,92,17,0,0,0,0,0
2014/03/04,03,40,4,0,0,0,0,0
2014/03/04,04,40,4,0,0,0,0,0
2014/03/04,05,40,4,0,0,0,0,0
2014/03/04,06,40,4,0,0,0,0,0
2014/03/04,07,43,4,0,0,0,0,0
2014/03/04,08,150,69,0,0,0,0,0
2014/03/04,09,295,96,0,0,0,0,0
2014/03/04,10,275,73,0,0,0,0,0
2014/03/04,11,258,54,0,0,0,0,0
2014/03/04,12,239,40,0,0,0,0,0
2014/03/04,13,224,30,0,0,0,0,0
2014/03/04,14,217,25,0,0,0,0,0
2014/03/04,15,209,19,0,0,0,0,0
2014/03/04,16,213,19,0,0,0,0,0
2014/03/04,17,239,22,0,0,0,0,0
2014/03/04,18,257,29,0,0,0,0,0
2014/03/04,19,256,29,0,0,0,0,0
2014/03/04,20,258,32,0,0,0,0,0
2014/03/04,21,256,32,0,0,0,0,0
2014/03/04,22,256,34,0,0,0,0,0
2014/03/04,23,246,33,0,0,0,0,0
2014/03/04,24,168,19,0,0,0,0,0
2014/03/05,01,110,12,0,0,0,0,0
2014/03/05,02,44,7,0,0,0,0,0
2014/03/05,03,37,4,0,0,0,0,0
2014/03/05,04,36,4,0,0,0,0,0
2014/03/05,05,36,4,0,0,0,0,0
2014/03/05,06,38,4,0,0,0,0,0
2014/03/05,07,40,4,0,0,0,0,0
2014/03/05,08,137,58,0,0,0,0,0
2014/03/05,09,262,71,0,0,0,0,0
2014/03/05,10,249,55,0,0,0,0,0
2014/03/05,11,235,39,0,0,0,0,0
2014/03/05,12,220,26,0,0,0,0,0
2014/03/05,13,212,20,0,0,0,0,0
2014/03/05,14,207,14,0,0,0,0,0
2014/03/05,15,209,16,0,0,0,0,0
2014/03/05,16,208,15,0,0,0,0,0
2014/03/05,17,245,18,0,0,0,0,0
2014/03/05,18,254,25,0,0,0,0,0
2014/03/05,19,261,28,0,0,0,0,0
2014/03/05,20,261,34,0,0,0,0,0
2014/03/05,21,260,34,0,0,0,0,0
2014/03/05,22,273,44,0,0,0,0,0
2014/03/05,23,268,47,0,0,0,0,0
2014/03/05,24,188,35,0,0,0,0,0
2014/03/06,01,186,40,0,0,0,0,0
2014/03/06,02,165,30,0,0,0,0,0
2014/03/06,03,96,8,0,0,0,0,0
2014/03/06,04,41,4,0,0,0,0,0
2014/03/06,05,41,4,0,0,0,0,0
2014/03/06,06,41,4,0,0,0,0,0
2014/03/06,07,45,4,0,0,0,0,0
2014/03/06,08,130,67,0,0,0,0,0
2014/03/06,09,289,105,0,0,0,0,0
2014/03/06,10,306,99,0,0,0,0,0
2014/03/06,11,295,79,0,0,0,0,0
2014/03/06,12,295,76,0,0,0,0,0
2014/03/06,13,287,70,0,0,0,0,0
2014/03/06,14,287,70,0,0,0,0,0
2014/03/06,15,288,69,0,0,0,0,0
2014/03/06,16,289,70,0,0,0,0,0
2014/03/06,17,315,72,0,0,0,0,0
2014/03/06,18,311,70,0,0,0,0,0
2014/03/06,19,310,69,0,0,0,0,0
2014/03/06,20,307,72,0,0,0,0,0
2014/03/06,21,299,69,0,0,0,0,0
2014/03/06,22,302,72,0,0,0,0,0
2014/03/06,23,293,71,0,0,0,0,0
2014/03/06,24,245,76,0,0,0,0,0
2014/03/07,01,230,75,0,0,0,0,0
2014/03/07,02,114,42,0,0,0,0,0
2014/03/07,03,49,11,0,0,0,0,0
2014/03/07,04,50,12,0,0,0,0,0
2014/03/07,05,48,11,0,0,0,0,0
2014/03/07,06,51,13,0,0,0,0,0
2014/03/07,07,53,12,0,0,0,0,0
2014/03/07,08,142,75,0,0,0,0,0
2014/03/07,09,282,102,0,0,0,0,0
2014/03/07,10,283,82,0,0,0,0,0
2014/03/07,11,322,101,0,0,0,0,0
2014/03/07,12,316,97,0,0,0,0,0
2014/03/07,13,296,79,0,0,0,0,0
2014/03/07,14,298,79,0,0,0,0,0
2014/03/07,15,290,75,0,0,0,0,0
2014/03/07,16,293,78,0,0,0,0,0
2014/03/07,17,324,81,0,0,0,0,0
2014/03/07,18,324,84,0,0,0,0,0
2014/03/07,19,323,82,0,0,0,0,0
2014/03/07,20,321,80,0,0,0,0,0
2014/03/07,21,329,93,0,0,0,0,0
2014/03/07,22,324,90,0,0,0,0,0
2014/03/07,23,322,97,0,0,0,0,0
2014/03/07,24,212,54,0,0,0,0,0
2014/03/08,01,159,56,0,0,0,0,0
2014/03/08,02,42,4,0,0,0,0,0
2014/03/08,03,41,4,0,0,0,0,0
2014/03/08,04,41,4,0,0,0,0,0
2014/03/08,05,41,4,0,0,0,0,0
2014/03/08,06,42,4,0,0,0,0,0
2014/03/08,07,45,4,0,0,0,0,0
2014/03/08,08,139,71,0,0,0,0,0
2014/03/08,09,312,127,0,0,0,0,0
2014/03/08,10,278,80,0,0,0,0,0
2014/03/08,11,283,69,0,0,0,0,0
2014/03/08,12,296,74,0,0,0,0,0
2014/03/08,13,291,70,0,0,0,0,0
2014/03/08,14,285,65,0,0,0,0,0
2014/03/08,15,287,67,0,0,0,0,0
2014/03/08,16,272,56,0,0,0,0,0
2014/03/08,17,302,59,0,0,0,0,0
2014/03/08,18,317,74,0,0,0,0,0
2014/03/08,19,317,74,0,0,0,0,0
2014/03/08,20,305,68,0,0,0,0,0
2014/03/08,21,306,72,0,0,0,0,0
2014/03/08,22,306,74,0,0,0,0,0
2014/03/08,23,293,69,0,0,0,0,0
2014/03/08,24,199,36,0,0,0,0,0
2014/03/09,01,154,31,0,0,0,0,0
2014/03/09,02,130,40,0,0,0,0,0
2014/03/09,03,82,21,0,0,0,0,0
2014/03/09,04,39,4,0,0,0,0,0
2014/03/09,05,39,4,0,0,0,0,0
2014/03/09,06,40,4,0,0,0,0,0
2014/03/09,07,41,4,0,0,0,0,0
2014/03/09,08,246,115,0,0,0,0,0
2014/03/09,09,300,104,0,0,0,0,0
2014/03/09,10,276,71,0,0,0,0,0
2014/03/09,11,255,50,0,0,0,0,0
2014/03/09,12,240,35,0,0,0,0,0
2014/03/09,13,229,28,0,0,0,0,0
2014/03/09,14,219,20,0,0,0,0,0
2014/03/09,15,227,23,0,0,0,0,0
2014/03/09,16,231,25,0,0,0,0,0
2014/03/09,17,273,36,0,0,0,0,0
2014/03/09,18,273,42,0,0,0,0,0
2014/03/09,19,285,48,0,0,0,0,0
2014/03/09,20,291,54,0,0,0,0,0
2014/03/09,21,286,54,0,0,0,0,0
2014/03/09,22,284,57,0,0,0,0,0
2014/03/09,23,273,55,0,0,0,0,0
2014/03/09,24,181,25,0,0,0,0,0
2014/03/10,01,174,31,0,0,0,0,0
2014/03/10,02,118,34,0,0,0,0,0
2014/03/10,03,102,33,0,0,0,0,0
2014/03/10,04,40,4,0,0,0,0,0
2014/03/10,05,40,4,0,0,0,0,0
2014/03/10,06,40,4,0,0,0,0,0
2014/03/10,07,45,4,0,0,0,0,0
2014/03/10,08,215,96,0,0,0,0,0
2014/03/10,09,305,105,0,0,0,0,0
2014/03/10,10,299,95,0,0,0,0,0
2014/03/10,11,288,76,0,0,0,0,0
2014/03/10,12,262,53,0,0,0,0,0
2014/03/10,13,240,35,0,0,0,0,0
2014/03/10,14,235,31,0,0,0,0,0
2014/03/10,15,236,32,0,0,0,0,0
2014/03/10,16,247,39,0,0,0,0,0
2014/03/10,17,257,36,0,0,0,0,0
2014/03/10,18,278,44,0,0,0,0,0
2014/03/10,19,279,45,0,0,0,0,0
2014/03/10,20,274,43,0,0,0,0,0
2014/03/10,21,273,46,0,0,0,0,0
2014/03/10,22,280,54,0,0,0,0,0
2014/03/10,23,273,54,0,0,0,0,0
2014/03/10,24,212,39,0,0,0,0,0
2014/03/11,01,211,51,0,0,0,0,0
2014/03/11,02,176,49,0,0,0,0,0
2014/03/11,03,39,4,0,0,0,0,0
2014/03/11,04,39,4,0,0,0,0,0
2014/03/11,05,38,4,0,0,0,0,0
2014/03/11,06,39,4,0,0,0,0,0
2014/03/11,07,44,4,0,0,0,0,0
2014/03/11,08,203,81,0,0,0,0,0
2014/03/11,09,252,64,0,0,0,0,0
2014/03/11,10,234,45,0,0,0,0,0
2014/03/11,11,246,43,0,0,0,0,0
2014/03/11,12,248,41,0,0,0,0,0
2014/03/11,13,251,41,0,0,0,0,0
2014/03/11,14,256,45,0,0,0,0,0
2014/03/11,15,250,43,0,0,0,0,0
2014/03/11,16,245,37,0,0,0,0,0
2014/03/11,17,270,38,0,0,0,0,0
2014/03/11,18,279,48,0,0,0,0,0
2014/03/11,19,273,41,0,0,0,0,0
2014/03/11,20,262,35,0,0,0,0,0
2014/03/11,21,263,40,0,0,0,0,0
2014/03/11,22,266,43,0,0,0,0,0
2014/03/11,23,251,39,0,0,0,0,0
2014/03/11,24,215,35,0,0,0,0,0
2014/03/12,01,135,32,0,0,0,0,0
2014/03/12,02,39,4,0,0,0,0,0
2014/03/12,03,38,4,0,0,0,0,0
2014/03/12,04,37,4,0,0,0,0,0
2014/03/12,05,37,4,0,0,0,0,0
2014/03/12,06,37,4,0,0,0,0,0
2014/03/12,07,41,4,0,0,0,0,0
2014/03/12,08,166,76,0,0,0,0,0
2014/03/12,09,263,77,0,0,0,0,0
2014/03/12,10,261,63,0,0,0,0,0
2014/03/12,11,245,44,0,0,0,0,0
2014/03/12,12,233,31,0,0,0,0,0
2014/03/12,13,228,27,0,0,0,0,0
2014/03/12,14,217,17,0,0,0,0,0
2014/03/12,15,214,17,0,0,0,0,0
2014/03/12,16,214,17,0,0,0,0,0
2014/03/12,17,243,21,0,0,0,0,0
2014/03/12,18,255,26,0,0,0,0,0
2014/03/12,19,272,36,0,0,0,0,0
2014/03/12,20,260,32,0,0,0,0,0
2014/03/12,21,262,36,0,0,0,0,0
2014/03/12,22,264,40,0,0,0,0,0
2014/03/12,23,254,39,0,0,0,0,0
2014/03/12,24,205,40,0,0,0,0,0
2014/03/13,01,130,30,0,0,0,0,0
2014/03/13,02,39,4,0,0,0,0,0
2014/03/13,03,39,4,0,0,0,0,0
2014/03/13,04,39,4,0,0,0,0,0
2014/03/13,05,39,4,0,0,0,0,0
2014/03/13,06,39,4,0,0,0,0,0
2014/03/13,07,42,4,0,0,0,0,0
2014/03/13,08,156,69,0,0,0,0,0
2014/03/13,09,276,89,0,0,0,0,0
2014/03/13,10,270,68,0,0,0,0,0
2014/03/13,11,257,50,0,0,0,0,0
2014/03/13,12,244,36,0,0,0,0,0
2014/03/13,13,243,36,0,0,0,0,0
2014/03/13,14,235,30,0,0,0,0,0
2014/03/13,15,232,29,0,0,0,0,0
2014/03/13,16,235,30,0,0,0,0,0
2014/03/13,17,268,38,0,0,0,0,0
2014/03/13,18,273,39,0,0,0,0,0
2014/03/13,19,277,43,0,0,0,0,0
2014/03/13,20,273,45,0,0,0,0,0
2014/03/13,21,269,44,0,0,0,0,0
2014/03/13,22,273,48,0,0,0,0,0
2014/03/13,23,267,51,0,0,0,0,0
2014/03/13,24,225,48,0,0,0,0,0
2014/03/14,01,151,31,0,0,0,0,0
2014/03/14,02,40,4,0,0,0,0,0
2014/03/14,03,40,4,0,0,0,0,0
2014/03/14,04,40,4,0,0,0,0,0
2014/03/14,05,39,4,0,0,0,0,0
2014/03/14,06,39,4,0,0,0,0,0
2014/03/14,07,43,4,0,0,0,0,0
2014/03/14,08,131,58,0,0,0,0,0
2014/03/14,09,283,87,0,0,0,0,0
2014/03/14,10,276,77,0,0,0,0,0
2014/03/14,11,266,60,0,0,0,0,0
2014/03/14,12,254,47,0,0,0,0,0
2014/03/14,13,240,36,0,0,0,0,0
2014/03/14,14,231,29,0,0,0,0,0
2014/03/14,15,226,24,0,0,0,0,0
2014/03/14,16,226,25,0,0,0,0,0
2014/03/14,17,243,32,0,0,0,0,0
2014/03/14,18,267,38,0,0,0,0,0
2014/03/14,19,275,38,0,0,0,0,0
2014/03/14,20,277,42,0,0,0,0,0
2014/03/14,21,272,43,0,0,0,0,0
2014/03/14,22,267,41,0,0,0,0,0
2014/03/14,23,266,47,0,0,0,0,0
2014/03/14,24,211,40,0,0,0,0,0
2014/03/15,01,155,43,0,0,0,0,0
2014/03/15,02,40,4,0,0,0,0,0
2014/03/15,03,39,4,0,0,0,0,0
2014/03/15,04,38,4,0,0,0,0,0
2014/03/15,05,38,4,0,0,0,0,0
2014/03/15,06,39,4,0,0,0,0,0
2014/03/15,07,42,4,0,0,0,0,0
2014/03/15,08,148,57,0,0,0,0,0
2014/03/15,09,264,76,0,0,0,0,0
2014/03/15,10,258,55,0,0,0,0,0
2014/03/15,11,242,37,0,0,0,0,0
2014/03/15,12,235,25,0,0,0,0,0
2014/03/15,13,222,17,0,0,0,0,0
2014/03/15,14,217,13,0,0,0,0,0
2014/03/15,15,217,13,0,0,0,0,0
2014/03/15,16,218,14,0,0,0,0,0
2014/03/15,17,249,15,0,0,0,0,0
2014/03/15,18,247,16,0,0,0,0,0
2014/03/15,19,247,17,0,0,0,0,0
2014/03/15,20,245,19,0,0,0,0,0
2014/03/15,21,248,19,0,0,0,0,0
2014/03/15,22,250,27,0,0,0,0,0
2014/03/15,23,242,32,0,0,0,0,0
2014/03/15,24,202,29,0,0,0,0,0
2014/03/16,01,161,38,0,0,0,0,0
2014/03/16,02,40,4,0,0,0,0,0
2014/03/16,03,39,4,0,0,0,0,0
2014/03/16,04,39,4,0,0,0,0,0
2014/03/16,05,40,4,0,0,0,0,0
2014/03/16,06,41,4,0,0,0,0,0
2014/03/16,07,43,4,0,0,0,0,0
2014/03/16,08,158,71,0,0,0,0,0
2014/03/16,09,275,85,0,0,0,0,0
2014/03/16,10,278,74,0,0,0,0,0
2014/03/16,11,279,66,0,0,0,0,0
2014/03/16,12,273,59,0,0,0,0,0
2014/03/16,13,236,26,0,0,0,0,0
2014/03/16,14,231,22,0,0,0,0,0
2014/03/16,15,233,23,0,0,0,0,0
2014/03/16,16,228,21,0,0,0,0,0
2014/03/16,17,228,17,0,0,0,0,0
2014/03/16,18,256,23,0,0,0,0,0
2014/03/16,19,268,34,0,0,0,0,0
2014/03/16,20,266,35,0,0,0,0,0
2014/03/16,21,262,35,0,0,0,0,0
2014/03/16,22,265,38,0,0,0,0,0
2014/03/16,23,254,39,0,0,0,0,0
2014/03/16,24,189,17,0,0,0,0,0
2014/03/17,01,187,20,0,0,0,0,0
2014/03/17,02,177,16,0,0,0,0,0
2014/03/17,03,78,7,0,0,0,0,0
2014/03/17,04,38,4,0,0,0,0,0
2014/03/17,05,38,4,0,0,0,0,0
2014/03/17,06,38,4,0,0,0,0,0
2014/03/17,07,42,4,0,0,0,0,0
2014/03/17,08,141,59,0,0,0,0,0
2014/03/17,09,252,68,0,0,0,0,0
2014/03/17,10,241,45,0,0,0,0,0
2014/03/17,11,230,31,0,0,0,0,0
2014/03/17,12,216,18,0,0,0,0,0
2014/03/17,13,209,11,0,0,0,0,0
2014/03/17,14,205,10,0,0,0,0,0
2014/03/17,15,206,12,0,0,0,0,0
2014/03/17,16,205,11,0,0,0,0,0
2014/03/17,17,209,11,0,0,0,0,0
2014/03/17,18,224,12,0,0,0,0,0
2014/03/17,19,232,10,0,0,0,0,0
2014/03/17,20,236,15,0,0,0,0,0
2014/03/17,21,238,18,0,0,0,0,0
2014/03/17,22,243,22,0,0,0,0,0
2014/03/17,23,238,27,0,0,0,0,0
2014/03/17,24,198,30,0,0,0,0,0
2014/03/18,01,196,30,0,0,0,0,0
2014/03/18,02,143,19,0,0,0,0,0
2014/03/18,03,40,4,0,0,0,0,0
2014/03/18,04,39,4,0,0,0,0,0
2014/03/18,05,39,4,0,0,0,0,0
2014/03/18,06,40,4,0,0,0,0,0
2014/03/18,07,42,4,0,0,0,0,0
2014/03/18,08,178,55,0,0,0,0,0
2014/03/18,09,233,45,0,0,0,0,0
2014/03/18,10,223,30,0,0,0,0,0
2014/03/18,11,218,22,0,0,0,0,0
2014/03/18,12,223,22,0,0,0,0,0
2014/03/18,13,216,12,0,0,0,0,0
2014/03/18,14,216,11,0,0,0,0,0
2014/03/18,15,216,13,0,0,0,0,0
2014/03/18,16,218,13,0,0,0,0,0
2014/03/18,17,245,13,0,0,0,0,0
2014/03/18,18,251,23,0,0,0,0,0
2014/03/18,19,247,19,0,0,0,0,0
2014/03/18,20,252,23,0,0,0,0,0
2014/03/18,21,256,26,0,0,0,0,0
2014/03/18,22,256,30,0,0,0,0,0
2014/03/18,23,253,36,0,0,0,0,0
2014/03/18,24,202,24,0,0,0,0,0
2014/03/19,01,168,33,0,0,0,0,0
2014/03/19,02,42,4,0,0,0,0,0
2014/03/19,03,41,4,0,0,0,0,0
2014/03/19,04,40,4,0,0,0,0,0
2014/03/19,05,39,4,0,0,0,0,0
2014/03/19,06,40,4,0,0,0,0,0
2014/03/19,07,42,4,0,0,0,0,0
2014/03/19,08,221,84,0,0,0,0,0
2014/03/19,09,248,59,0,0,0,0,0
2014/03/19,10,224,34,0,0,0,0,0
2014/03/19,11,218,25,0,0,0,0,0
2014/03/19,12,208,14,0,0,0,0,0
2014/03/19,13,206,13,0,0,0,0,0
2014/03/19,14,205,12,0,0,0,0,0
2014/03/19,15,206,11,0,0,0,0,0
2014/03/19,16,202,10,0,0,0,0,0
2014/03/19,17,207,10,0,0,0,0,0
2014/03/19,18,222,15,0,0,0,0,0
2014/03/19,19,241,16,0,0,0,0,0
2014/03/19,20,236,14,0,0,0,0,0
2014/03/19,21,249,28,0,0,0,0,0
2014/03/19,22,252,31,0,0,0,0,0
2014/03/19,23,253,41,0,0,0,0,0
2014/03/19,24,191,23,0,0,0,0,0
2014/03/20,01,112,11,0,0,0,0,0
2014/03/20,02,37,4,0,0,0,0,0
2014/03/20,03,36,4,0,0,0,0,0
2014/03/20,04,36,4,0,0,0,0,0
2014/03/20,05,36,4,0,0,0,0,0
2014/03/20,06,36,4,0,0,0,0,0
2014/03/20,07,40,4,0,0,0,0,0
2014/03/20,08,160,64,0,0,0,0,0
2014/03/20,09,272,84,0,0,0,0,0
2014/03/20,10,247,55,0,0,0,0,0
2014/03/20,11,219,28,0,0,0,0,0
2014/03/20,12,209,19,0,0,0,0,0
2014/03/20,13,210,16,0,0,0,0,0
2014/03/20,14,212,18,0,0,0,0,0
2014/03/20,15,212,17,0,0,0,0,0
2014/03/20,16,214,17,0,0,0,0,0
2014/03/20,17,246,17,0,0,0,0,0
2014/03/20,18,265,35,0,0,0,0,0
2014/03/20,19,262,29,0,0,0,0,0
2014/03/20,20,271,40,0,0,0,0,0
2014/03/20,21,258,34,0,0,0,0,0
2014/03/20,22,267,42,0,0,0,0,0
2014/03/20,23,261,44,0,0,0,0,0
2014/03/20,24,198,24,0,0,0,0,0
2014/03/21,01,116,15,0,0,0,0,0
2014/03/21,02,43,4,0,0,0,0,0
2014/03/21,03,43,4,0,0,0,0,0
2014/03/21,04,42,4,0,0,0,0,0
2014/03/21,05,43,4,0,0,0,0,0
2014/03/21,06,43,4,0,0,0,0,0
2014/03/21,07,44,4,0,0,0,0,0
2014/03/21,08,118,49,0,0,0,0,0
2014/03/21,09,285,91,0,0,0,0,0
2014/03/21,10,285,86,0,0,0,0,0
2014/03/21,11,284,76,0,0,0,0,0
2014/03/21,12,267,57,0,0,0,0,0
2014/03/21,13,266,54,0,0,0,0,0
2014/03/21,14,257,45,0,0,0,0,0
2014/03/21,15,253,41,0,0,0,0,0
2014/03/21,16,259,43,0,0,0,0,0
2014/03/21,17,274,43,0,0,0,0,0
2014/03/21,18,280,40,0,0,0,0,0
2014/03/21,19,278,40,0,0,0,0,0
2014/03/21,20,278,42,0,0,0,0,0
2014/03/21,21,273,41,0,0,0,0,0
2014/03/21,22,271,42,0,0,0,0,0
2014/03/21,23,267,46,0,0,0,0,0
2014/03/21,24,197,26,0,0,0,0,0
2014/03/22,01,114,21,0,0,0,0,0
2014/03/22,02,41,4,0,0,0,0,0
2014/03/22,03,40,4,0,0,0,0,0
2014/03/22,04,41,4,0,0,0,0,0
2014/03/22,05,41,4,0,0,0,0,0
2014/03/22,06,41,4,0,0,0,0,0
2014/03/22,07,43,4,0,0,0,0,0
2014/03/22,08,133,54,0,0,0,0,0
2014/03/22,09,278,78,0,0,0,0,0
2014/03/22,10,264,57,0,0,0,0,0
2014/03/22,11,249,43,0,0,0,0,0
2014/03/22,12,231,27,0,0,0,0,0
2014/03/22,13,223,21,0,0,0,0,0
2014/03/22,14,217,18,0,0,0,0,0
2014/03/22,15,213,15,0,0,0,0,0
2014/03/22,16,211,14,0,0,0,0,0
2014/03/22,17,226,13,0,0,0,0,0
2014/03/22,18,247,19,0,0,0,0,0
2014/03/22,19,251,21,0,0,0,0,0
2014/03/22,20,246,20,0,0,0,0,0
2014/03/22,21,249,23,0,0,0,0,0
2014/03/22,22,257,29,0,0,0,0,0
2014/03/22,23,249,33,0,0,0,0,0
2014/03/22,24,167,15,0,0,0,0,0
2014/03/23,01,140,14,0,0,0,0,0
2014/03/23,02,68,9,0,0,0,0,0
2014/03/23,03,37,4,0,0,0,0,0
2014/03/23,04,37,4,0,0,0,0,0
2014/03/23,05,39,4,0,0,0,0,0
2014/03/23,06,38,4,0,0,0,0,0
2014/03/23,07,40,4,0,0,0,0,0
2014/03/23,08,134,57,0,0,0,0,0
2014/03/23,09,268,71,0,0,0,0,0
2014/03/23,10,243,47,0,0,0,0,0
2014/03/23,11,232,33,0,0,0,0,0
2014/03/23,12,224,24,0,0,0,0,0
2014/03/23,13,216,19,0,0,0,0,0
2014/03/23,14,211,14,0,0,0,0,0
2014/03/23,15,215,17,0,0,0,0,0
2014/03/23,16,210,13,0,0,0,0,0
2014/03/23,17,221,18,0,0,0,0,0
2014/03/23,18,229,19,0,0,0,0,0
2014/03/23,19,246,19,0,0,0,0,0
2014/03/23,20,247,25,0,0,0,0,0
2014/03/23,21,255,29,0,0,0,0,0
2014/03/23,22,260,34,0,0,0,0,0
2014/03/23,23,257,43,0,0,0,0,0
2014/03/23,24,204,27,0,0,0,0,0
2014/03/24,01,137,29,0,0,0,0,0
2014/03/24,02,37,4,0,0,0,0,0
2014/03/24,03,37,4,0,0,0,0,0
2014/03/24,04,36,4,0,0,0,0,0
2014/03/24,05,36,4,0,0,0,0,0
2014/03/24,06,37,4,0,0,0,0,0
2014/03/24,07,41,4,0,0,0,0,0
2014/03/24,08,143,57,0,0,0,0,0
2014/03/24,09,246,56,0,0,0,0,0
2014/03/24,10,213,24,0,0,0,0,0
2014/03/24,11,200,11,0,0,0,0,0
2014/03/24,12,200,11,0,0,0,0,0
2014/03/24,13,197,8,0,0,0,0,0
2014/03/24,14,209,20,0,0,0,0,0
2014/03/24,15,208,21,0,0,0,0,0
2014/03/24,16,205,17,0,0,0,0,0
2014/03/24,17,212,20,0,0,0,0,0
2014/03/24,18,223,14,0,0,0,0,0
2014/03/24,19,229,10,0,0,0,0,0
2014/03/24,20,224,10,0,0,0,0,0
2014/03/24,21,224,9,0,0,0,0,0
2014/03/24,22,227,11,0,0,0,0,0
2014/03/24,23,211,8,0,0,0,0,0
2014/03/24,24,173,6,0,0,0,0,0
2014/03/25,01,99,6,0,0,0,0,0
2014/03/25,02,35,4,0,0,0,0,0
2014/03/25,03,34,4,0,0,0,0,0
2014/03/25,04,34,4,0,0,0,0,0
2014/03/25,05,33,4,0,0,0,0,0
2014/03/25,06,34,4,0,0,0,0,0
2014/03/25,07,38,4,0,0,0,0,0
2014/03/25,08,122,43,0,0,0,0,0
2014/03/25,09,203,26,0,0,0,0,0
2014/03/25,10,194,12,0,0,0,0,0
2014/03/25,11,195,9,0,0,0,0,0
2014/03/25,12,197,9,0,0,0,0,0
2014/03/25,13,218,29,0,0,0,0,0
2014/03/25,14,219,30,0,0,0,0,0
2014/03/25,15,225,37,0,0,0,0,0
2014/03/25,16,216,28,0,0,0,0,0
2014/03/25,17,216,26,0,0,0,0,0
2014/03/25,18,237,24,0,0,0,0,0
2014/03/25,19,230,14,0,0,0,0,0
2014/03/25,20,221,8,0,0,0,0,0
2014/03/25,21,221,8,0,0,0,0,0
2014/03/25,22,219,7,0,0,0,0,0
2014/03/25,23,209,7,0,0,0,0,0
2014/03/25,24,164,8,0,0,0,0,0
2014/03/26,01,146,12,0,0,0,0,0
2014/03/26,02,34,4,0,0,0,0,0
2014/03/26,03,35,4,0,0,0,0,0
2014/03/26,04,35,4,0,0,0,0,0
2014/03/26,05,34,4,0,0,0,0,0
2014/03/26,06,35,4,0,0,0,0,0
2014/03/26,07,38,4,0,0,0,0,0
2014/03/26,08,100,45,0,0,0,0,0
2014/03/26,09,229,51,0,0,0,0,0
2014/03/26,10,211,25,0,0,0,0,0
2014/03/26,11,200,14,0,0,0,0,0
2014/03/26,12,197,10,0,0,0,0,0
2014/03/26,13,180,7,0,0,0,0,0
2014/03/26,14,214,27,0,0,0,0,0
2014/03/26,15,214,28,0,0,0,0,0
2014/03/26,16,208,21,0,0,0,0,0
2014/03/26,17,229,18,0,0,0,0,0
2014/03/26,18,228,14,0,0,0,0,0
2014/03/26,19,225,11,0,0,0,0,0
2014/03/26,20,226,12,0,0,0,0,0
2014/03/26,21,221,8,0,0,0,0,0
2014/03/26,22,220,7,0,0,0,0,0
2014/03/26,23,212,10,0,0,0,0,0
2014/03/26,24,165,10,0,0,0,0,0
2014/03/27,01,136,11,0,0,0,0,0
2014/03/27,02,98,11,0,0,0,0,0
2014/03/27,03,57,5,0,0,0,0,0
2014/03/27,04,35,4,0,0,0,0,0
2014/03/27,05,35,4,0,0,0,0,0
2014/03/27,06,36,4,0,0,0,0,0
2014/03/27,07,40,4,0,0,0,0,0
2014/03/27,08,73,11,0,0,0,0,0
2014/03/27,09,186,15,0,0,0,0,0
2014/03/27,10,217,31,0,0,0,0,0
2014/03/27,11,194,10,0,0,0,0,0
2014/03/27,12,194,8,0,0,0,0,0
2014/03/27,13,196,12,0,0,0,0,0
2014/03/27,14,204,20,0,0,0,0,0
2014/03/27,15,208,24,0,0,0,0,0
2014/03/27,16,209,23,0,0,0,0,0
2014/03/27,17,214,23,0,0,0,0,0
2014/03/27,18,225,26,0,0,0,0,0
2014/03/27,19,233,18,0,0,0,0,0
2014/03/27,20,228,13,0,0,0,0,0
2014/03/27,21,221,9,0,0,0,0,0
2014/03/27,22,221,9,0,0,0,0,0
2014/03/27,23,212,10,0,0,0,0,0
2014/03/27,24,154,13,0,0,0,0,0
2014/03/28,01,74,10,0,0,0,0,0
2014/03/28,02,32,4,0,0,0,0,0
2014/03/28,03,32,4,0,0,0,0,0
2014/03/28,04,32,4,0,0,0,0,0
2014/03/28,05,32,4,0,0,0,0,0
2014/03/28,06,33,4,0,0,0,0,0
2014/03/28,07,37,4,0,0,0,0,0
2014/03/28,08,134,16,0,0,0,0,0
2014/03/28,09,207,26,0,0,0,0,0
2014/03/28,10,190,10,0,0,0,0,0
2014/03/28,11,195,10,0,0,0,0,0
2014/03/28,12,195,8,0,0,0,0,0
2014/03/28,13,192,6,0,0,0,0,0
2014/03/28,14,210,22,0,0,0,0,0
2014/03/28,15,220,32,0,0,0,0,0
2014/03/28,16,207,20,0,0,0,0,0
2014/03/28,17,207,18,0,0,0,0,0
2014/03/28,18,231,26,0,0,0,0,0
2014/03/28,19,228,9,0,0,0,0,0
2014/03/28,20,223,7,0,0,0,0,0
2014/03/28,21,221,6,0,0,0,0,0
2014/03/28,22,220,6,0,0,0,0,0
2014/03/28,23,209,6,0,0,0,0,0
2014/03/28,24,153,6,0,0,0,0,0
2014/03/29,01,126,5,0,0,0,0,0
2014/03/29,02,40,4,0,0,0,0,0
2014/03/29,03,33,4,0,0,0,0,0
2014/03/29,04,32,4,0,0,0,0,0
2014/03/29,05,32,4,0,0,0,0,0
2014/03/29,06,32,4,0,0,0,0,0
2014/03/29,07,35,4,0,0,0,0,0
2014/03/29,08,63,14,0,0,0,0,0
2014/03/29,09,173,7,0,0,0,0,0
2014/03/29,10,194,9,0,0,0,0,0
2014/03/29,11,194,7,0,0,0,0,0
2014/03/29,12,195,7,0,0,0,0,0
2014/03/29,13,206,16,0,0,0,0,0
2014/03/29,14,216,24,0,0,0,0,0
2014/03/29,15,220,28,0,0,0,0,0
2014/03/29,16,212,20,0,0,0,0,0
2014/03/29,17,230,16,0,0,0,0,0
2014/03/29,18,245,27,0,0,0,0,0
2014/03/29,19,236,19,0,0,0,0,0
2014/03/29,20,230,15,0,0,0,0,0
2014/03/29,21,230,16,0,0,0,0,0
2014/03/29,22,223,11,0,0,0,0,0
2014/03/29,23,212,9,0,0,0,0,0
2014/03/29,24,160,13,0,0,0,0,0
2014/03/30,01,93,13,0,0,0,0,0
2014/03/30,02,32,4,0,0,0,0,0
2014/03/30,03,32,4,0,0,0,0,0
2014/03/30,04,32,4,0,0,0,0,0
2014/03/30,05,31,4,0,0,0,0,0
2014/03/30,06,33,4,0,0,0,0,0
2014/03/30,07,35,4,0,0,0,0,0
2014/03/30,08,111,39,0,0,0,0,0
2014/03/30,09,233,47,0,0,0,0,0
2014/03/30,10,219,32,0,0,0,0,0
2014/03/30,11,208,18,0,0,0,0,0
2014/03/30,12,205,10,0,0,0,0,0
2014/03/30,13,214,15,0,0,0,0,0
2014/03/30,14,210,11,0,0,0,0,0
2014/03/30,15,218,15,0,0,0,0,0
2014/03/30,16,222,19,0,0,0,0,0
2014/03/30,17,252,19,0,0,0,0,0
2014/03/30,18,258,25,0,0,0,0,0
2014/03/30,19,259,27,0,0,0,0,0
2014/03/30,20,265,37,0,0,0,0,0
2014/03/30,21,261,37,0,0,0,0,0
2014/03/30,22,265,41,0,0,0,0,0
2014/03/30,23,256,41,0,0,0,0,0
2014/03/30,24,178,23,0,0,0,0,0
2014/03/31,01,160,15,0,0,0,0,0
2014/03/31,02,159,16,0,0,0,0,0
2014/03/31,03,71,8,0,0,0,0,0
2014/03/31,04,45,4,0,0,0,0,0
2014/03/31,05,42,4,0,0,0,0,0
2014/03/31,06,43,4,0,0,0,0,0
2014/03/31,07,47,4,0,0,0,0,0
2014/03/31,08,118,51,0,0,0,0,0
2014/03/31,09,240,64,0,0,0,0,0
2014/03/31,10,229,37,0,0,0,0,0
2014/03/31,11,224,28,0,0,0,0,0
2014/03/31,12,211,17,0,0,0,0,0
2014/03/31,13,205,11,0,0,0,0,0
2014/03/31,14,201,8,0,0,0,0,0
2014/03/31,15,203,10,0,0,0,0,0
2014/03/31,16,204,11,0,0,0,0,0
2014/03/31,17,206,11,0,0,0,0,0
2014/03/31,18,217,14,0,0,0,0,0
2014/03/31,19,227,8,0,0,0,0,0
2014/03/31,20,229,11,0,0,0,0,0
2014/03/31,21,227,10,0,0,0,0,0
2014/03/31,22,226,11,0,0,0,0,0
2014/03/31,23,215,9,0,0,0,0,0
2014/03/31,24,159,9,0,0,0,0,0
2014/04/01,01,152,11,0,0,0,0,0
2014/04/01,02,147,9,0,0,0,0,0
2014/04/01,03,146,10,0,0,0,0,0
2014/04/01,04,102,9,0,0,0,0,0
2014/04/01,05,38,4,0,0,0,0,0
2014/04/01,06,36,4,0,0,0,0,0
2014/04/01,07,40,4,0,0,0,0,0
2014/04/01,08,136,16,0,0,0,0,0
2014/04/01,09,198,16,0,0,0,0,0
2014/04/01,10,198,13,0,0,0,0,0
2014/04/01,11,197,10,0,0,0,0,0
2014/04/01,12,199,11,0,0,0,0,0
2014/04/01,13,196,8,0,0,0,0,0
2014/04/01,14,195,6,0,0,0,0,0
2014/04/01,15,210,20,0,0,0,0,0
2014/04/01,16,200,11,0,0,0,0,0
2014/04/01,17,204,14,0,0,0,0,0
2014/04/01,18,208,15,0,0,0,0,0
2014/04/01,19,221,7,0,0,0,0,0
2014/04/01,20,219,7,0,0,0,0,0
2014/04/01,21,218,6,0,0,0,0,0
2014/04/01,22,221,8,0,0,0,0,0
2014/04/01,23,213,8,0,0,0,0,0
2014/04/01,24,164,7,0,0,0,0,0
2014/04/02,01,156,7,0,0,0,0,0
2014/04/02,02,151,7,0,0,0,0,0
2014/04/02,03,41,4,0,0,0,0,0
2014/04/02,04,35,4,0,0,0,0,0
2014/04/02,05,35,4,0,0,0,0,0
2014/04/02,06,36,4,0,0,0,0,0
2014/04/02,07,39,4,0,0,0,0,0
2014/04/02,08,115,12,0,0,0,0,0
2014/04/02,09,224,42,0,0,0,0,0
2014/04/02,10,195,16,0,0,0,0,0
2014/04/02,11,192,9,0,0,0,0,0
2014/04/02,12,206,22,0,0,0,0,0
2014/04/02,13,216,30,0,0,0,0,0
2014/04/02,14,216,32,0,0,0,0,0
2014/04/02,15,222,36,0,0,0,0,0
2014/04/02,16,222,33,0,0,0,0,0
2014/04/02,17,219,29,0,0,0,0,0
2014/04/02,18,234,33,0,0,0,0,0
2014/04/02,19,248,33,0,0,0,0,0
2014/04/02,20,241,27,0,0,0,0,0
2014/04/02,21,217,4,0,0,0,0,0
2014/04/02,22,218,5,0,0,0,0,0
2014/04/02,23,210,8,0,0,0,0,0
2014/04/02,24,161,7,0,0,0,0,0
2014/04/03,01,153,8,0,0,0,0,0
2014/04/03,02,133,7,0,0,0,0,0
2014/04/03,03,129,8,0,0,0,0,0
2014/04/03,04,50,4,0,0,0,0,0
2014/04/03,05,32,4,0,0,0,0,0
2014/04/03,06,32,4,0,0,0,0,0
2014/04/03,07,35,4,0,0,0,0,0
2014/04/03,08,106,17,0,0,0,0,0
2014/04/03,09,187,8,0,0,0,0,0
2014/04/03,10,187,5,0,0,0,0,0
2014/04/03,11,191,8,0,0,0,0,0
2014/04/03,12,204,20,0,0,0,0,0
2014/04/03,13,230,44,0,0,0,0,0
2014/04/03,14,234,47,0,0,0,0,0
2014/04/03,15,233,46,0,0,0,0,0
2014/04/03,16,231,42,0,0,0,0,0
2014/04/03,17,234,32,0,0,0,0,0
2014/04/03,18,261,45,0,0,0,0,0
2014/04/03,19,229,15,0,0,0,0,0
2014/04/03,20,228,13,0,0,0,0,0
2014/04/03,21,225,11,0,0,0,0,0
2014/04/03,22,222,11,0,0,0,0,0
2014/04/03,23,209,9,0,0,0,0,0
2014/04/03,24,144,4,0,0,0,0,0
2014/04/04,01,141,7,0,0,0,0,0
2014/04/04,02,131,14,0,0,0,0,0
2014/04/04,03,51,6,0,0,0,0,0
2014/04/04,04,32,4,0,0,0,0,0
2014/04/04,05,31,4,0,0,0,0,0
2014/04/04,06,32,4,0,0,0,0,0
2014/04/04,07,36,4,0,0,0,0,0
2014/04/04,08,126,18,0,0,0,0,0
2014/04/04,09,202,21,0,0,0,0,0
2014/04/04,10,201,19,0,0,0,0,0
2014/04/04,11,201,15,0,0,0,0,0
2014/04/04,12,210,18,0,0,0,0,0
2014/04/04,13,205,11,0,0,0,0,0
2014/04/04,14,200,8,0,0,0,0,0
2014/04/04,15,197,6,0,0,0,0,0
2014/04/04,16,198,7,0,0,0,0,0
2014/04/04,17,230,9,0,0,0,0,0
2014/04/04,18,226,8,0,0,0,0,0
2014/04/04,19,222,4,0,0,0,0,0
2014/04/04,20,222,6,0,0,0,0,0
2014/04/04,21,223,6,0,0,0,0,0
2014/04/04,22,228,11,0,0,0,0,0
2014/04/04,23,229,18,0,0,0,0,0
2014/04/04,24,168,13,0,0,0,0,0
2014/04/05,01,151,7,0,0,0,0,0
2014/04/05,02,151,7,0,0,0,0,0
2014/04/05,03,157,14,0,0,0,0,0
2014/04/05,04,156,14,0,0,0,0,0
2014/04/05,05,82,7,0,0,0,0,0
2014/04/05,06,42,4,0,0,0,0,0
2014/04/05,07,45,4,0,0,0,0,0
2014/04/05,08,131,50,0,0,0,0,0
2014/04/05,09,267,72,0,0,0,0,0
2014/04/05,10,262,61,0,0,0,0,0
2014/04/05,11,249,44,0,0,0,0,0
2014/04/05,12,238,33,0,0,0,0,0
2014/04/05,13,223,22,0,0,0,0,0
2014/04/05,14,213,14,0,0,0,0,0
2014/04/05,15,214,12,0,0,0,0,0
2014/04/05,16,217,13,0,0,0,0,0
2014/04/05,17,229,10,0,0,0,0,0
2014/04/05,18,247,16,0,0,0,0,0
2014/04/05,19,243,13,0,0,0,0,0
2014/04/05,20,242,16,0,0,0,0,0
2014/04/05,21,235,9,0,0,0,0,0
2014/04/05,22,235,11,0,0,0,0,0
2014/04/05,23,219,7,0,0,0,0,0
2014/04/05,24,161,8,0,0,0,0,0
2014/04/06,01,131,7,0,0,0,0,0
2014/04/06,02,99,7,0,0,0,0,0
2014/04/06,03,39,4,0,0,0,0,0
2014/04/06,04,38,4,0,0,0,0,0
2014/04/06,05,37,4,0,0,0,0,0
2014/04/06,06,37,4,0,0,0,0,0
2014/04/06,07,40,4,0,0,0,0,0
2014/04/06,08,90,9,0,0,0,0,0
2014/04/06,09,265,74,0,0,0,0,0
2014/04/06,10,236,39,0,0,0,0,0
2014/04/06,11,227,30,0,0,0,0,0
2014/04/06,12,214,19,0,0,0,0,0
2014/04/06,13,209,13,0,0,0,0,0
2014/04/06,14,206,9,0,0,0,0,0
2014/04/06,15,210,13,0,0,0,0,0
2014/04/06,16,208,10,0,0,0,0,0
2014/04/06,17,241,10,0,0,0,0,0
2014/04/06,18,241,11,0,0,0,0,0
2014/04/06,19,239,8,0,0,0,0,0
2014/04/06,20,237,11,0,0,0,0,0
2014/04/06,21,233,9,0,0,0,0,0
2014/04/06,22,256,32,0,0,0,0,0
2014/04/06,23,241,27,0,0,0,0,0
2014/04/06,24,187,21,0,0,0,0,0
2014/04/07,01,185,24,0,0,0,0,0
2014/04/07,02,184,26,0,0,0,0,0
2014/04/07,03,179,28,0,0,0,0,0
2014/04/07,04,158,13,0,0,0,0,0
2014/04/07,05,65,5,0,0,0,0,0
2014/04/07,06,39,4,0,0,0,0,0
2014/04/07,07,42,4,0,0,0,0,0
2014/04/07,08,129,31,0,0,0,0,0
2014/04/07,09,221,33,0,0,0,0,0
2014/04/07,10,201,17,0,0,0,0,0
2014/04/07,11,202,13,0,0,0,0,0
2014/04/07,12,199,10,0,0,0,0,0
2014/04/07,13,200,10,0,0,0,0,0
2014/04/07,14,193,5,0,0,0,0,0
2014/04/07,15,197,9,0,0,0,0,0
2014/04/07,16,209,19,0,0,0,0,0
2014/04/07,17,211,19,0,0,0,0,0
2014/04/07,18,219,20,0,0,0,0,0
2014/04/07,19,232,14,0,0,0,0,0
2014/04/07,20,222,6,0,0,0,0,0
2014/04/07,21,222,6,0,0,0,0,0
2014/04/07,22,223,6,0,0,0,0,0
2014/04/07,23,212,7,0,0,0,0,0
2014/04/07,24,168,13,0,0,0,0,0
2014/04/08,01,137,7,0,0,0,0,0
2014/04/08,02,81,6,0,0,0,0,0
2014/04/08,03,34,4,0,0,0,0,0
2014/04/08,04,35,4,0,0,0,0,0
2014/04/08,05,35,4,0,0,0,0,0
2014/04/08,06,36,4,0,0,0,0,0
2014/04/08,07,39,4,0,0,0,0,0
2014/04/08,08,102,34,0,0,0,0,0
2014/04/08,09,194,23,0,0,0,0,0
2014/04/08,10,184,10,0,0,0,0,0
2014/04/08,11,189,12,0,0,0,0,0
2014/04/08,12,198,19,0,0,0,0,0
2014/04/08,13,220,36,0,0,0,0,0
2014/04/08,14,224,36,0,0,0,0,0
2014/04/08,15,217,27,0,0,0,0,0
2014/04/08,16,198,9,0,0,0,0,0
2014/04/08,17,200,10,0,0,0,0,0
2014/04/08,18,202,8,0,0,0,0,0
2014/04/08,19,226,7,0,0,0,0,0
2014/04/08,20,228,9,0,0,0,0,0
2014/04/08,21,224,8,0,0,0,0,0
2014/04/08,22,221,7,0,0,0,0,0
2014/04/08,23,212,7,0,0,0,0,0
2014/04/08,24,163,7,0,0,0,0,0
2014/04/09,01,154,8,0,0,0,0,0
2014/04/09,02,85,6,0,0,0,0,0
2014/04/09,03,36,4,0,0,0,0,0
2014/04/09,04,36,4,0,0,0,0,0
2014/04/09,05,36,4,0,0,0,0,0
2014/04/09,06,37,4,0,0,0,0,0
2014/04/09,07,41,4,0,0,0,0,0
2014/04/09,08,138,46,0,0,0,0,0
2014/04/09,09,237,51,0,0,0,0,0
2014/04/09,10,200,19,0,0,0,0,0
2014/04/09,11,193,8,0,0,0,0,0
2014/04/09,12,192,6,0,0,0,0,0
2014/04/09,13,206,18,0,0,0,0,0
2014/04/09,14,224,36,0,0,0,0,0
2014/04/09,15,219,31,0,0,0,0,0
2014/04/09,16,214,25,0,0,0,0,0
2014/04/09,17,217,24,0,0,0,0,0
2014/04/09,18,222,27,0,0,0,0,0
2014/04/09,19,241,26,0,0,0,0,0
2014/04/09,20,232,17,0,0,0,0,0
2014/04/09,21,224,11,0,0,0,0,0
2014/04/09,22,224,10,0,0,0,0,0
2014/04/09,23,208,7,0,0,0,0,0
2014/04/09,24,148,6,0,0,0,0,0
2014/04/10,01,128,13,0,0,0,0,0
2014/04/10,02,34,4,0,0,0,0,0
2014/04/10,03,32,4,0,0,0,0,0
2014/04/10,04,33,4,0,0,0,0,0
2014/04/10,05,33,4,0,0,0,0,0
2014/04/10,06,34,4,0,0,0,0,0
2014/04/10,07,38,4,0,0,0,0,0
2014/04/10,08,61,6,0,0,0,0,0
2014/04/10,09,240,49,0,0,0,0,0
2014/04/10,10,226,35,0,0,0,0,0
2014/04/10,11,226,33,0,0,0,0,0
2014/04/10,12,228,29,0,0,0,0,0
2014/04/10,13,220,22,0,0,0,0,0
2014/04/10,14,210,15,0,0,0,0,0
2014/04/10,15,210,15,0,0,0,0,0
2014/04/10,16,201,8,0,0,0,0,0
2014/04/10,17,206,10,0,0,0,0,0
2014/04/10,18,210,9,0,0,0,0,0
2014/04/10,19,224,4,0,0,0,0,0
2014/04/10,20,221,4,0,0,0,0,0
2014/04/10,21,220,5,0,0,0,0,0
2014/04/10,22,233,14,0,0,0,0,0
2014/04/10,23,227,17,0,0,0,0,0
2014/04/10,24,155,7,0,0,0,0,0
2014/04/11,01,140,4,0,0,0,0,0
2014/04/11,02,60,4,0,0,0,0,0
2014/04/11,03,34,4,0,0,0,0,0
2014/04/11,04,34,4,0,0,0,0,0
2014/04/11,05,35,4,0,0,0,0,0
2014/04/11,06,37,4,0,0,0,0,0
2014/04/11,07,42,4,0,0,0,0,0
2014/04/11,08,108,38,0,0,0,0,0
2014/04/11,09,254,60,0,0,0,0,0
2014/04/11,10,233,38,0,0,0,0,0
2014/04/11,11,228,31,0,0,0,0,0
2014/04/11,12,217,21,0,0,0,0,0
2014/04/11,13,203,9,0,0,0,0,0
2014/04/11,14,204,9,0,0,0,0,0
2014/04/11,15,205,10,0,0,0,0,0
2014/04/11,16,198,5,0,0,0,0,0
2014/04/11,17,202,8,0,0,0,0,0
2014/04/11,18,208,8,0,0,0,0,0
2014/04/11,19,228,5,0,0,0,0,0
2014/04/11,20,233,11,0,0,0,0,0
2014/04/11,21,230,9,0,0,0,0,0
2014/04/11,22,225,8,0,0,0,0,0
2014/04/11,23,228,16,0,0,0,0,0
2014/04/11,24,175,12,0,0,0,0,0
2014/04/12,01,157,7,0,0,0,0,0
2014/04/12,02,153,9,0,0,0,0,0
2014/04/12,03,42,4,0,0,0,0,0
2014/04/12,04,35,4,0,0,0,0,0
2014/04/12,05,34,4,0,0,0,0,0
2014/04/12,06,35,4,0,0,0,0,0
2014/04/12,07,38,4,0,0,0,0,0
2014/04/12,08,120,44,0,0,0,0,0
2014/04/12,09,230,42,0,0,0,0,0
2014/04/12,10,216,27,0,0,0,0,0
2014/04/12,11,207,15,0,0,0,0,0
2014/04/12,12,203,9,0,0,0,0,0
2014/04/12,13,203,8,0,0,0,0,0
2014/04/12,14,200,6,0,0,0,0,0
2014/04/12,15,204,8,0,0,0,0,0
2014/04/12,16,202,6,0,0,0,0,0
2014/04/12,17,223,23,0,0,0,0,0
2014/04/12,18,223,26,0,0,0,0,0
2014/04/12,19,228,6,0,0,0,0,0
2014/04/12,20,228,8,0,0,0,0,0
2014/04/12,21,228,9,0,0,0,0,0
2014/04/12,22,230,10,0,0,0,0,0
2014/04/12,23,232,19,0,0,0,0,0
2014/04/12,24,157,9,0,0,0,0,0
2014/04/13,01,146,8,0,0,0,0,0
2014/04/13,02,65,6,0,0,0,0,0
2014/04/13,03,35,4,0,0,0,0,0
2014/04/13,04,34,4,0,0,0,0,0
2014/04/13,05,33,4,0,0,0,0,0
2014/04/13,06,35,4,0,0,0,0,0
2014/04/13,07,37,4,0,0,0,0,0
2014/04/13,08,106,44,0,0,0,0,0
2014/04/13,09,229,45,0,0,0,0,0
2014/04/13,10,205,17,0,0,0,0,0
2014/04/13,11,198,9,0,0,0,0,0
2014/04/13,12,198,8,0,0,0,0,0
2014/04/13,13,210,19,0,0,0,0,0
2014/04/13,14,209,18,0,0,0,0,0
2014/04/13,15,215,22,0,0,0,0,0
2014/04/13,16,214,21,0,0,0,0,0
2014/04/13,17,218,23,0,0,0,0,0
2014/04/13,18,215,21,0,0,0,0,0
2014/04/13,19,230,10,0,0,0,0,0
2014/04/13,20,225,10,0,0,0,0,0
2014/04/13,21,220,4,0,0,0,0,0
2014/04/13,22,220,5,0,0,0,0,0
2014/04/13,23,224,13,0,0,0,0,0
2014/04/13,24,153,6,0,0,0,0,0
2014/04/14,01,124,4,0,0,0,0,0
2014/04/14,02,63,4,0,0,0,0,0
2014/04/14,03,36,4,0,0,0,0,0
2014/04/14,04,35,4,0,0,0,0,0
2014/04/14,05,35,4,0,0,0,0,0
2014/04/14,06,35,4,0,0,0,0,0
2014/04/14,07,39,4,0,0,0,0,0
2014/04/14,08,120,44,0,0,0,0,0
2014/04/14,09,221,38,0,0,0,0,0
2014/04/14,10,197,14,0,0,0,0,0
2014/04/14,11,198,9,0,0,0,0,0
2014/04/14,12,196,8,0,0,0,0,0
2014/04/14,13,218,27,0,0,0,0,0
2014/04/14,14,222,31,0,0,0,0,0
2014/04/14,15,207,19,0,0,0,0,0
2014/04/14,16,201,13,0,0,0,0,0
2014/04/14,17,208,14,0,0,0,0,0
2014/04/14,18,229,36,0,0,0,0,0
2014/04/14,19,225,8,0,0,0,0,0
2014/04/14,20,223,6,0,0,0,0,0
2014/04/14,21,219,4,0,0,0,0,0
2014/04/14,22,224,10,0,0,0,0,0
2014/04/14,23,216,9,0,0,0,0,0
2014/04/14,24,173,9,0,0,0,0,0
2014/04/15,01,163,17,0,0,0,0,0
2014/04/15,02,69,9,0,0,0,0,0
2014/04/15,03,35,4,0,0,0,0,0
2014/04/15,04,35,4,0,0,0,0,0
2014/04/15,05,35,4,0,0,0,0,0
2014/04/15,06,36,4,0,0,0,0,0
2014/04/15,07,40,4,0,0,0,0,0
2014/04/15,08,101,32,0,0,0,0,0
2014/04/15,09,205,22,0,0,0,0,0
2014/04/15,10,192,7,0,0,0,0,0
2014/04/15,11,196,6,0,0,0,0,0
2014/04/15,12,197,6,0,0,0,0,0
2014/04/15,13,221,26,0,0,0,0,0
2014/04/15,14,231,39,0,0,0,0,0
2014/04/15,15,218,27,0,0,0,0,0
2014/04/15,16,209,16,0,0,0,0,0
2014/04/15,17,210,15,0,0,0,0,0
2014/04/15,18,217,8,0,0,0,0,0
2014/04/15,19,230,9,0,0,0,0,0
2014/04/15,20,229,9,0,0,0,0,0
2014/04/15,21,232,11,0,0,0,0,0
2014/04/15,22,227,8,0,0,0,0,0
2014/04/15,23,214,8,0,0,0,0,0
2014/04/15,24,167,4,0,0,0,0,0
2014/04/16,01,159,4,0,0,0,0,0
2014/04/16,02,147,4,0,0,0,0,0
2014/04/16,03,109,4,0,0,0,0,0
2014/04/16,04,35,4,0,0,0,0,0
2014/04/16,05,34,4,0,0,0,0,0
2014/04/16,06,35,4,0,0,0,0,0
2014/04/16,07,39,4,0,0,0,0,0
2014/04/16,08,80,9,0,0,0,0,0
2014/04/16,09,197,11,0,0,0,0,0
2014/04/16,10,197,8,0,0,0,0,0
2014/04/16,11,200,8,0,0,0,0,0
2014/04/16,12,200,8,0,0,0,0,0
2014/04/16,13,197,5,0,0,0,0,0
2014/04/16,14,201,11,0,0,0,0,0
2014/04/16,15,202,11,0,0,0,0,0
2014/04/16,16,201,10,0,0,0,0,0
2014/04/16,17,202,10,0,0,0,0,0
2014/04/16,18,213,9,0,0,0,0,0
2014/04/16,19,226,7,0,0,0,0,0
2014/04/16,20,224,6,0,0,0,0,0
2014/04/16,21,225,8,0,0,0,0,0
2014/04/16,22,230,14,0,0,0,0,0
2014/04/16,23,225,17,0,0,0,0,0
2014/04/16,24,187,26,0,0,0,0,0
2014/04/17,01,175,27,0,0,0,0,0
2014/04/17,02,124,23,0,0,0,0,0
2014/04/17,03,35,4,0,0,0,0,0
2014/04/17,04,35,4,0,0,0,0,0
2014/04/17,05,35,4,0,0,0,0,0
2014/04/17,06,36,4,0,0,0,0,0
2014/04/17,07,40,4,0,0,0,0,0
2014/04/17,08,140,52,0,0,0,0,0
2014/04/17,09,220,34,0,0,0,0,0
2014/04/17,10,211,23,0,0,0,0,0
2014/04/17,11,200,12,0,0,0,0,0
2014/04/17,12,197,5,0,0,0,0,0
2014/04/17,13,198,7,0,0,0,0,0
2014/04/17,14,200,10,0,0,0,0,0
2014/04/17,15,195,6,0,0,0,0,0
2014/04/17,16,214,23,0,0,0,0,0
2014/04/17,17,227,33,0,0,0,0,0
2014/04/17,18,230,34,0,0,0,0,0
2014/04/17,19,233,12,0,0,0,0,0
2014/04/17,20,233,13,0,0,0,0,0
2014/04/17,21,225,7,0,0,0,0,0
2014/04/17,22,224,8,0,0,0,0,0
2014/04/17,23,215,7,0,0,0,0,0
2014/04/17,24,154,6,0,0,0,0,0
2014/04/18,01,75,6,0,0,0,0,0
2014/04/18,02,35,4,0,0,0,0,0
2014/04/18,03,35,4,0,0,0,0,0
2014/04/18,04,34,4,0,0,0,0,0
2014/04/18,05,34,4,0,0,0,0,0
2014/04/18,06,35,4,0,0,0,0,0
2014/04/18,07,40,4,0,0,0,0,0
2014/04/18,08,107,41,0,0,0,0,0
2014/04/18,09,246,60,0,0,0,0,0
2014/04/18,10,217,30,0,0,0,0,0
2014/04/18,11,204,16,0,0,0,0,0
2014/04/18,12,200,10,0,0,0,0,0
2014/04/18,13,208,16,0,0,0,0,0
2014/04/18,14,210,17,0,0,0,0,0
2014/04/18,15,212,20,0,0,0,0,0
2014/04/18,16,208,16,0,0,0,0,0
2014/04/18,17,209,14,0,0,0,0,0
2014/04/18,18,226,19,0,0,0,0,0
2014/04/18,19,246,27,0,0,0,0,0
2014/04/18,20,242,23,0,0,0,0,0
2014/04/18,21,229,11,0,0,0,0,0
2014/04/18,22,228,12,0,0,0,0,0
2014/04/18,23,213,7,0,0,0,0,0
2014/04/18,24,153,6,0,0,0,0,0
2014/04/19,01,116,6,0,0,0,0,0
2014/04/19,02,48,4,0,0,0,0,0
2014/04/19,03,34,4,0,0,0,0,0
2014/04/19,04,33,4,0,0,0,0,0
2014/04/19,05,33,4,0,0,0,0,0
2014/04/19,06,33,4,0,0,0,0,0
2014/04/19,07,38,4,0,0,0,0,0
2014/04/19,08,102,36,0,0,0,0,0
2014/04/19,09,226,44,0,0,0,0,0
2014/04/19,10,210,25,0,0,0,0,0
2014/04/19,11,199,12,0,0,0,0,0
2014/04/19,12,199,10,0,0,0,0,0
2014/04/19,13,206,16,0,0,0,0,0
2014/04/19,14,211,20,0,0,0,0,0
2014/04/19,15,210,21,0,0,0,0,0
2014/04/19,16,212,22,0,0,0,0,0
2014/04/19,17,212,19,0,0,0,0,0
2014/04/19,18,208,15,0,0,0,0,0
2014/04/19,19,228,12,0,0,0,0,0
2014/04/19,20,227,10,0,0,0,0,0
2014/04/19,21,230,12,0,0,0,0,0
2014/04/19,22,227,10,0,0,0,0,0
2014/04/19,23,219,11,0,0,0,0,0
2014/04/19,24,161,10,0,0,0,0,0
2014/04/20,01,150,10,0,0,0,0,0
2014/04/20,02,147,9,0,0,0,0,0
2014/04/20,03,144,10,0,0,0,0,0
2014/04/20,04,50,7,0,0,0,0,0
2014/04/20,05,35,4,0,0,0,0,0
2014/04/20,06,35,4,0,0,0,0,0
2014/04/20,07,38,4,0,0,0,0,0
2014/04/20,08,114,43,0,0,0,0,0
2014/04/20,09,222,38,0,0,0,0,0
2014/04/20,10,199,14,0,0,0,0,0
2014/04/20,11,199,9,0,0,0,0,0
2014/04/20,12,210,19,0,0,0,0,0
2014/04/20,13,218,24,0,0,0,0,0
2014/04/20,14,219,25,0,0,0,0,0
2014/04/20,15,218,25,0,0,0,0,0
2014/04/20,16,213,20,0,0,0,0,0
2014/04/20,17,228,31,0,0,0,0,0
2014/04/20,18,229,27,0,0,0,0,0
2014/04/20,19,238,17,0,0,0,0,0
2014/04/20,20,235,17,0,0,0,0,0
2014/04/20,21,228,12,0,0,0,0,0
2014/04/20,22,228,13,0,0,0,0,0
2014/04/20,23,214,8,0,0,0,0,0
2014/04/20,24,163,9,0,0,0,0,0
2014/04/21,01,159,9,0,0,0,0,0
2014/04/21,02,158,10,0,0,0,0,0
2014/04/21,03,155,10,0,0,0,0,0
2014/04/21,04,103,9,0,0,0,0,0
2014/04/21,05,37,7,0,0,0,0,0
2014/04/21,06,36,6,0,0,0,0,0
2014/04/21,07,41,6,0,0,0,0,0
2014/04/21,08,116,43,0,0,0,0,0
2014/04/21,09,216,33,0,0,0,0,0
2014/04/21,10,194,12,0,0,0,0,0
2014/04/21,11,196,9,0,0,0,0,0
2014/04/21,12,197,7,0,0,0,0,0
2014/04/21,13,197,8,0,0,0,0,0
2014/04/21,14,225,34,0,0,0,0,0
2014/04/21,15,215,25,0,0,0,0,0
2014/04/21,16,217,25,0,0,0,0,0
2014/04/21,17,215,19,0,0,0,0,0
2014/04/21,18,225,19,0,0,0,0,0
2014/04/21,19,237,17,0,0,0,0,0
2014/04/21,20,232,14,0,0,0,0,0
2014/04/21,21,230,14,0,0,0,0,0
2014/04/21,22,232,17,0,0,0,0,0
2014/04/21,23,218,12,0,0,0,0,0
2014/04/21,24,161,13,0,0,0,0,0
2014/04/22,01,139,15,0,0,0,0,0
2014/04/22,02,47,5,0,0,0,0,0
2014/04/22,03,33,4,0,0,0,0,0
2014/04/22,04,32,4,0,0,0,0,0
2014/04/22,05,32,4,0,0,0,0,0
2014/04/22,06,33,4,0,0,0,0,0
2014/04/22,07,37,4,0,0,0,0,0
2014/04/22,08,70,9,0,0,0,0,0
2014/04/22,09,192,13,0,0,0,0,0
2014/04/22,10,193,9,0,0,0,0,0
2014/04/22,11,197,12,0,0,0,0,0
2014/04/22,12,220,31,0,0,0,0,0
2014/04/22,13,228,37,0,0,0,0,0
2014/04/22,14,222,31,0,0,0,0,0
2014/04/22,15,196,6,0,0,0,0,0
2014/04/22,16,206,15,0,0,0,0,0
2014/04/22,17,223,30,0,0,0,0,0
2014/04/22,18,219,26,0,0,0,0,0
2014/04/22,19,244,25,0,0,0,0,0
2014/04/22,20,244,26,0,0,0,0,0
2014/04/22,21,240,22,0,0,0,0,0
2014/04/22,22,228,12,0,0,0,0,0
2014/04/22,23,218,11,0,0,0,0,0
2014/04/22,24,164,6,0,0,0,0,0
2014/04/23,01,153,6,0,0,0,0,0
2014/04/23,02,78,5,0,0,0,0,0
2014/04/23,03,34,4,0,0,0,0,0
2014/04/23,04,33,4,0,0,0,0,0
2014/04/23,05,33,4,0,0,0,0,0
2014/04/23,06,33,4,0,0,0,0,0
2014/04/23,07,38,4,0,0,0,0,0
2014/04/23,08,75,8,0,0,0,0,0
2014/04/23,09,190,8,0,0,0,0,0
2014/04/23,10,194,10,0,0,0,0,0
2014/04/23,11,195,8,0,0,0,0,0
2014/04/23,12,198,8,0,0,0,0,0
2014/04/23,13,196,7,0,0,0,0,0
2014/04/23,14,230,39,0,0,0,0,0
2014/04/23,15,226,34,0,0,0,0,0
2014/04/23,16,221,30,0,0,0,0,0
2014/04/23,17,207,13,0,0,0,0,0
2014/04/23,18,209,11,0,0,0,0,0
2014/04/23,19,228,8,0,0,0,0,0
2014/04/23,20,226,8,0,0,0,0,0
2014/04/23,21,225,8,0,0,0,0,0
2014/04/23,22,221,6,0,0,0,0,0
2014/04/23,23,212,6,0,0,0,0,0
2014/04/23,24,165,10,0,0,0,0,0
2014/04/24,01,168,23,0,0,0,0,0
2014/04/24,02,88,6,0,0,0,0,0
2014/04/24,03,33,4,0,0,0,0,0
2014/04/24,04,33,4,0,0,0,0,0
2014/04/24,05,33,4,0,0,0,0,0
2014/04/24,06,33,4,0,0,0,0,0
2014/04/24,07,37,4,0,0,0,0,0
2014/04/24,08,87,13,0,0,0,0,0
2014/04/24,09,201,20,0,0,0,0,0
2014/04/24,10,190,8,0,0,0,0,0
2014/04/24,11,212,23,0,0,0,0,0
2014/04/24,12,222,31,0,0,0,0,0
2014/04/24,13,223,33,0,0,0,0,0
2014/04/24,14,223,33,0,0,0,0,0
2014/04/24,15,231,39,0,0,0,0,0
2014/04/24,16,216,26,0,0,0,0,0
2014/04/24,17,219,27,0,0,0,0,0
2014/04/24,18,226,37,0,0,0,0,0
2014/04/24,19,242,28,0,0,0,0,0
2014/04/24,20,238,21,0,0,0,0,0
2014/04/24,21,236,21,0,0,0,0,0
2014/04/24,22,230,15,0,0,0,0,0
2014/04/24,23,215,11,0,0,0,0,0
2014/04/24,24,166,19,0,0,0,0,0
2014/04/25,01,144,15,0,0,0,0,0
2014/04/25,02,48,7,0,0,0,0,0
2014/04/25,03,33,4,0,0,0,0,0
2014/04/25,04,33,4,0,0,0,0,0
2014/04/25,05,33,4,0,0,0,0,0
2014/04/25,06,34,4,0,0,0,0,0
2014/04/25,07,37,4,0,0,0,0,0
2014/04/25,08,75,21,0,0,0,0,0
2014/04/25,09,193,13,0,0,0,0,0
2014/04/25,10,191,10,0,0,0,0,0
2014/04/25,11,215,29,0,0,0,0,0
2014/04/25,12,232,41,0,0,0,0,0
2014/04/25,13,233,41,0,0,0,0,0
2014/04/25,14,235,42,0,0,0,0,0
2014/04/25,15,238,46,0,0,0,0,0
2014/04/25,16,233,40,0,0,0,0,0
2014/04/25,17,237,42,0,0,0,0,0
2014/04/25,18,235,34,0,0,0,0,0
2014/04/25,19,240,21,0,0,0,0,0
2014/04/25,20,236,17,0,0,0,0,0
2014/04/25,21,230,14,0,0,0,0,0
2014/04/25,22,226,10,0,0,0,0,0
2014/04/25,23,213,7,0,0,0,0,0
2014/04/25,24,155,9,0,0,0,0,0
2014/04/26,01,151,14,0,0,0,0,0
2014/04/26,02,134,8,0,0,0,0,0
2014/04/26,03,33,4,0,0,0,0,0
2014/04/26,04,32,4,0,0,0,0,0
2014/04/26,05,32,4,0,0,0,0,0
2014/04/26,06,33,4,0,0,0,0,0
2014/04/26,07,36,4,0,0,0,0,0
2014/04/26,08,52,7,0,0,0,0,0
2014/04/26,09,187,7,0,0,0,0,0
2014/04/26,10,194,10,0,0,0,0,0
2014/04/26,11,215,26,0,0,0,0,0
2014/04/26,12,237,45,0,0,0,0,0
2014/04/26,13,255,61,0,0,0,0,0
2014/04/26,14,251,55,0,0,0,0,0
2014/04/26,15,247,50,0,0,0,0,0
2014/04/26,16,250,52,0,0,0,0,0
2014/04/26,17,244,46,0,0,0,0,0
2014/04/26,18,246,46,0,0,0,0,0
2014/04/26,19,253,33,0,0,0,0,0
2014/04/26,20,262,42,0,0,0,0,0
2014/04/26,21,251,33,0,0,0,0,0
2014/04/26,22,250,30,0,0,0,0,0
2014/04/26,23,218,12,0,0,0,0,0
2014/04/26,24,166,17,0,0,0,0,0
2014/04/27,01,138,13,0,0,0,0,0
2014/04/27,02,53,4,0,0,0,0,0
2014/04/27,03,32,4,0,0,0,0,0
2014/04/27,04,32,4,0,0,0,0,0
2014/04/27,05,33,4,0,0,0,0,0
2014/04/27,06,33,4,0,0,0,0,0
2014/04/27,07,35,4,0,0,0,0,0
2014/04/27,08,97,22,0,0,0,0,0
2014/04/27,09,186,6,0,0,0,0,0
2014/04/27,10,188,4,0,0,0,0,0
2014/04/27,11,240,49,0,0,0,0,0
2014/04/27,12,249,50,0,0,0,0,0
2014/04/27,13,254,56,0,0,0,0,0
2014/04/27,14,258,59,0,0,0,0,0
2014/04/27,15,263,64,0,0,0,0,0
2014/04/27,16,258,59,0,0,0,0,0
2014/04/27,17,256,54,0,0,0,0,0
2014/04/27,18,252,40,0,0,0,0,0
2014/04/27,19,264,41,0,0,0,0,0
2014/04/27,20,251,32,0,0,0,0,0
2014/04/27,21,251,33,0,0,0,0,0
2014/04/27,22,243,29,0,0,0,0,0
2014/04/27,23,225,21,0,0,0,0,0
2014/04/27,24,181,36,0,0,0,0,0
2014/04/28,01,169,33,0,0,0,0,0
2014/04/28,02,59,12,0,0,0,0,0
2014/04/28,03,32,4,0,0,0,0,0
2014/04/28,04,32,4,0,0,0,0,0
2014/04/28,05,32,4,0,0,0,0,0
2014/04/28,06,32,4,0,0,0,0,0
2014/04/28,07,36,4,0,0,0,0,0
2014/04/28,08,70,5,0,0,0,0,0
2014/04/28,09,184,4,0,0,0,0,0
2014/04/28,10,188,4,0,0,0,0,0
2014/04/28,11,193,5,0,0,0,0,0
2014/04/28,12,194,4,0,0,0,0,0
2014/04/28,13,232,36,0,0,0,0,0
2014/04/28,14,232,38,0,0,0,0,0
2014/04/28,15,224,31,0,0,0,0,0
2014/04/28,16,222,29,0,0,0,0,0
2014/04/28,17,230,35,0,0,0,0,0
2014/04/28,18,243,43,0,0,0,0,0
2014/04/28,19,244,25,0,0,0,0,0
2014/04/28,20,224,5,0,0,0,0,0
2014/04/28,21,224,6,0,0,0,0,0
2014/04/28,22,227,9,0,0,0,0,0
2014/04/28,23,210,4,0,0,0,0,0
2014/04/28,24,160,4,0,0,0,0,0
2014/04/29,01,153,4,0,0,0,0,0
2014/04/29,02,62,4,0,0,0,0,0
2014/04/29,03,33,4,0,0,0,0,0
2014/04/29,04,33,4,0,0,0,0,0
2014/04/29,05,33,4,0,0,0,0,0
2014/04/29,06,34,4,0,0,0,0,0
2014/04/29,07,38,4,0,0,0,0,0
2014/04/29,08,68,7,0,0,0,0,0
2014/04/29,09,189,9,0,0,0,0,0
2014/04/29,10,190,6,0,0,0,0,0
2014/04/29,11,199,12,0,0,0,0,0
2014/04/29,12,236,40,0,0,0,0,0
2014/04/29,13,237,39,0,0,0,0,0
2014/04/29,14,239,44,0,0,0,0,0
2014/04/29,15,237,42,0,0,0,0,0
2014/04/29,16,231,37,0,0,0,0,0
2014/04/29,17,239,41,0,0,0,0,0
2014/04/29,18,229,33,0,0,0,0,0
2014/04/29,19,238,26,0,0,0,0,0
2014/04/29,20,242,23,0,0,0,0,0
2014/04/29,21,236,19,0,0,0,0,0
2014/04/29,22,229,13,0,0,0,0,0
2014/04/29,23,215,11,0,0,0,0,0
2014/04/29,24,168,22,0,0,0,0,0
2014/04/30,01,69,6,0,0,0,0,0
2014/04/30,02,33,4,0,0,0,0,0
2014/04/30,03,33,4,0,0,0,0,0
2014/04/30,04,32,4,0,0,0,0,0
2014/04/30,05,32,4,0,0,0,0,0
2014/04/30,06,33,4,0,0,0,0,0
2014/04/30,07,37,4,0,0,0,0,0
2014/04/30,08,71,8,0,0,0,0,0
2014/04/30,09,190,9,0,0,0,0,0
2014/04/30,10,187,7,0,0,0,0,0
2014/04/30,11,192,6,0,0,0,0,0
2014/04/30,12,195,7,0,0,0,0,0
2014/04/30,13,215,26,0,0,0,0,0
2014/04/30,14,222,32,0,0,0,0,0
2014/04/30,15,226,35,0,0,0,0,0
2014/04/30,16,238,46,0,0,0,0,0
2014/04/30,17,236,43,0,0,0,0,0
2014/04/30,18,238,33,0,0,0,0,0
2014/04/30,19,250,34,0,0,0,0,0
2014/04/30,20,238,22,0,0,0,0,0
2014/04/30,21,235,19,0,0,0,0,0
2014/04/30,22,227,14,0,0,0,0,0
2014/04/30,23,217,14,0,0,0,0,0
2014/04/30,24,164,9,0,0,0,0,0
2014/05/01,01,152,5,0,0,0,0,0
2014/05/01,02,92,4,0,0,0,0,0
2014/05/01,03,31,4,0,0,0,0,0
2014/05/01,04,31,4,0,0,0,0,0
2014/05/01,05,31,4,0,0,0,0,0
2014/05/01,06,32,4,0,0,0,0,0
2014/05/01,07,37,4,0,0,0,0,0
2014/05/01,08,65,7,0,0,0,0,0
2014/05/01,09,185,7,0,0,0,0,0
2014/05/01,10,204,21,0,0,0,0,0
2014/05/01,11,215,28,0,0,0,0,0
2014/05/01,12,223,34,0,0,0,0,0
2014/05/01,13,240,48,0,0,0,0,0
2014/05/01,14,252,58,0,0,0,0,0
2014/05/01,15,246,53,0,0,0,0,0
2014/05/01,16,245,51,0,0,0,0,0
2014/05/01,17,260,59,0,0,0,0,0
2014/05/01,18,239,32,0,0,0,0,0
2014/05/01,19,269,45,0,0,0,0,0
2014/05/01,20,270,47,0,0,0,0,0
2014/05/01,21,239,21,0,0,0,0,0
2014/05/01,22,228,12,0,0,0,0,0
2014/05/01,23,230,20,0,0,0,0,0
2014/05/01,24,160,14,0,0,0,0,0
2014/05/02,01,103,17,0,0,0,0,0
2014/05/02,02,32,4,0,0,0,0,0
2014/05/02,03,32,4,0,0,0,0,0
2014/05/02,04,33,4,0,0,0,0,0
2014/05/02,05,33,4,0,0,0,0,0
2014/05/02,06,33,4,0,0,0,0,0
2014/05/02,07,38,4,0,0,0,0,0
2014/05/02,08,71,6,0,0,0,0,0
2014/05/02,09,189,6,0,0,0,0,0
2014/05/02,10,191,7,0,0,0,0,0
2014/05/02,11,226,37,0,0,0,0,0
2014/05/02,12,258,60,0,0,0,0,0
2014/05/02,13,230,37,0,0,0,0,0
2014/05/02,14,228,35,0,0,0,0,0
2014/05/02,15,228,35,0,0,0,0,0
2014/05/02,16,238,46,0,0,0,0,0
2014/05/02,17,231,38,0,0,0,0,0
2014/05/02,18,228,36,0,0,0,0,0
2014/05/02,19,257,42,0,0,0,0,0
2014/05/02,20,264,46,0,0,0,0,0
2014/05/02,21,254,37,0,0,0,0,0
2014/05/02,22,250,32,0,0,0,0,0
2014/05/02,23,232,26,0,0,0,0,0
2014/05/02,24,170,23,0,0,0,0,0
2014/05/03,01,119,14,0,0,0,0,0
2014/05/03,02,50,4,0,0,0,0,0
2014/05/03,03,32,4,0,0,0,0,0
2014/05/03,04,32,4,0,0,0,0,0
2014/05/03,05,32,4,0,0,0,0,0
2014/05/03,06,32,4,0,0,0,0,0
2014/05/03,07,36,4,0,0,0,0,0
2014/05/03,08,46,5,0,0,0,0,0
2014/05/03,09,160,4,0,0,0,0,0
2014/05/03,10,201,17,0,0,0,0,0
2014/05/03,11,243,49,0,0,0,0,0
2014/05/03,12,260,64,0,0,0,0,0
2014/05/03,13,263,65,0,0,0,0,0
2014/05/03,14,265,68,0,0,0,0,0
2014/05/03,15,258,60,0,0,0,0,0
2014/05/03,16,240,42,0,0,0,0,0
2014/05/03,17,235,34,0,0,0,0,0
2014/05/03,18,239,28,0,0,0,0,0
2014/05/03,19,244,22,0,0,0,0,0
2014/05/03,20,234,17,0,0,0,0,0
2014/05/03,21,234,17,0,0,0,0,0
2014/05/03,22,228,12,0,0,0,0,0
2014/05/03,23,216,11,0,0,0,0,0
2014/05/03,24,161,13,0,0,0,0,0
2014/05/04,01,130,13,0,0,0,0,0
2014/05/04,02,38,4,0,0,0,0,0
2014/05/04,03,34,4,0,0,0,0,0
2014/05/04,04,34,4,0,0,0,0,0
2014/05/04,05,34,4,0,0,0,0,0
2014/05/04,06,34,4,0,0,0,0,0
2014/05/04,07,35,4,0,0,0,0,0
2014/05/04,08,72,5,0,0,0,0,0
2014/05/04,09,186,6,0,0,0,0,0
2014/05/04,10,196,10,0,0,0,0,0
2014/05/04,11,208,19,0,0,0,0,0
2014/05/04,12,218,27,0,0,0,0,0
2014/05/04,13,228,32,0,0,0,0,0
2014/05/04,14,233,37,0,0,0,0,0
2014/05/04,15,235,40,0,0,0,0,0
2014/05/04,16,237,42,0,0,0,0,0
2014/05/04,17,239,41,0,0,0,0,0
2014/05/04,18,237,40,0,0,0,0,0
2014/05/04,19,248,34,0,0,0,0,0
2014/05/04,20,243,25,0,0,0,0,0
2014/05/04,21,238,22,0,0,0,0,0
2014/05/04,22,230,18,0,0,0,0,0
2014/05/04,23,210,8,0,0,0,0,0
2014/05/04,24,162,19,0,0,0,0,0
2014/05/05,01,106,12,0,0,0,0,0
2014/05/05,02,41,4,0,0,0,0,0
2014/05/05,03,31,4,0,0,0,0,0
2014/05/05,04,31,4,0,0,0,0,0
2014/05/05,05,31,4,0,0,0,0,0
2014/05/05,06,32,4,0,0,0,0,0
2014/05/05,07,35,4,0,0,0,0,0
2014/05/05,08,87,14,0,0,0,0,0
2014/05/05,09,183,12,0,0,0,0,0
2014/05/05,10,190,8,0,0,0,0,0
2014/05/05,11,211,24,0,0,0,0,0
2014/05/05,12,230,36,0,0,0,0,0
2014/05/05,13,226,33,0,0,0,0,0
2014/05/05,14,221,27,0,0,0,0,0
2014/05/05,15,229,36,0,0,0,0,0
2014/05/05,16,232,37,0,0,0,0,0
2014/05/05,17,224,28,0,0,0,0,0
2014/05/05,18,231,22,0,0,0,0,0
2014/05/05,19,236,15,0,0,0,0,0
2014/05/05,20,233,15,0,0,0,0,0
2014/05/05,21,233,14,0,0,0,0,0
2014/05/05,22,224,9,0,0,0,0,0
2014/05/05,23,211,7,0,0,0,0,0
2014/05/05,24,158,4,0,0,0,0,0
2014/05/06,01,146,4,0,0,0,0,0
2014/05/06,02,58,4,0,0,0,0,0
2014/05/06,03,34,4,0,0,0,0,0
2014/05/06,04,33,4,0,0,0,0,0
2014/05/06,05,32,4,0,0,0,0,0
2014/05/06,06,33,4,0,0,0,0,0
2014/05/06,07,36,4,0,0,0,0,0
2014/05/06,08,76,11,0,0,0,0,0
2014/05/06,09,184,5,0,0,0,0,0
2014/05/06,10,191,7,0,0,0,0,0
2014/05/06,11,210,20,0,0,0,0,0
2014/05/06,12,213,21,0,0,0,0,0
2014/05/06,13,216,23,0,0,0,0,0
2014/05/06,14,219,26,0,0,0,0,0
2014/05/06,15,223,31,0,0,0,0,0
2014/05/06,16,220,29,0,0,0,0,0
2014/05/06,17,223,29,0,0,0,0,0
2014/05/06,18,215,25,0,0,0,0,0
2014/05/06,19,244,27,0,0,0,0,0
2014/05/06,20,241,24,0,0,0,0,0
2014/05/06,21,233,17,0,0,0,0,0
2014/05/06,22,228,14,0,0,0,0,0
2014/05/06,23,211,8,0,0,0,0,0
2014/05/06,24,181,20,0,0,0,0,0
2014/05/07,01,174,19,0,0,0,0,0
2014/05/07,02,103,11,0,0,0,0,0
2014/05/07,03,96,4,0,0,0,0,0
2014/05/07,04,95,4,0,0,0,0,0
2014/05/07,05,96,4,0,0,0,0,0
2014/05/07,06,96,4,0,0,0,0,0
2014/05/07,07,101,4,0,0,0,0,0
2014/05/07,08,102,5,0,0,0,0,0
2014/05/07,09,103,8,0,0,0,0,0
2014/05/07,10,120,11,0,0,0,0,0
2014/05/07,11,123,16,0,0,0,0,0
2014/05/07,12,112,15,0,0,0,0,0
2014/05/07,13,116,20,0,0,0,0,0
2014/05/07,14,140,42,0,0,0,0,0
2014/05/07,15,140,42,0,0,0,0,0
2014/05/07,16,119,9,0,0,0,0,0
2014/05/07,17,174,12,0,0,0,0,0
2014/05/07,18,186,18,0,0,0,0,0
2014/05/07,19,205,20,0,0,0,0,0
2014/05/07,20,204,19,0,0,0,0,0
2014/05/07,21,202,16,0,0,0,0,0
2014/05/07,22,206,20,0,0,0,0,0
2014/05/07,23,203,20,0,0,0,0,0
2014/05/07,24,180,19,0,0,0,0,0
2014/05/08,01,173,17,0,0,0,0,0
2014/05/08,02,126,15,0,0,0,0,0
2014/05/08,03,74,7,0,0,0,0,0
2014/05/08,04,31,4,0,0,0,0,0
2014/05/08,05,31,4,0,0,0,0,0
2014/05/08,06,32,4,0,0,0,0,0
2014/05/08,07,34,4,0,0,0,0,0
2014/05/08,08,72,6,0,0,0,0,0
2014/05/08,09,103,4,0,0,0,0,0
2014/05/08,10,106,8,0,0,0,0,0
2014/05/08,11,116,17,0,0,0,0,0
2014/05/08,12,172,23,0,0,0,0,0
2014/05/08,13,206,40,0,0,0,0,0
2014/05/08,14,216,50,0,0,0,0,0
2014/05/08,15,220,52,0,0,0,0,0
2014/05/08,16,208,38,0,0,0,0,0
2014/05/08,17,214,41,0,0,0,0,0
2014/05/08,18,204,29,0,0,0,0,0
2014/05/08,19,244,31,0,0,0,0,0
2014/05/08,20,243,30,0,0,0,0,0
2014/05/08,21,244,29,0,0,0,0,0
2014/05/08,22,237,23,0,0,0,0,0
2014/05/08,23,221,20,0,0,0,0,0
2014/05/08,24,169,10,0,0,0,0,0
2014/05/09,01,156,6,0,0,0,0,0
2014/05/09,02,155,8,0,0,0,0,0
2014/05/09,03,87,7,0,0,0,0,0
2014/05/09,04,41,4,0,0,0,0,0
2014/05/09,05,40,4,0,0,0,0,0
2014/05/09,06,42,4,0,0,0,0,0
2014/05/09,07,44,4,0,0,0,0,0
2014/05/09,08,88,17,0,0,0,0,0
2014/05/09,09,179,5,0,0,0,0,0
2014/05/09,10,182,4,0,0,0,0,0
2014/05/09,11,190,8,0,0,0,0,0
2014/05/09,12,190,10,0,0,0,0,0
2014/05/09,13,205,16,0,0,0,0,0
2014/05/09,14,211,18,0,0,0,0,0
2014/05/09,15,215,24,0,0,0,0,0
2014/05/09,16,212,20,0,0,0,0,0
2014/05/09,17,216,22,0,0,0,0,0
2014/05/09,18,225,19,0,0,0,0,0
2014/05/09,19,234,16,0,0,0,0,0
2014/05/09,20,232,16,0,0,0,0,0
2014/05/09,21,232,16,0,0,0,0,0
2014/05/09,22,227,14,0,0,0,0,0
2014/05/09,23,204,8,0,0,0,0,0
2014/05/09,24,160,9,0,0,0,0,0
2014/05/10,01,152,13,0,0,0,0,0
2014/05/10,02,149,11,0,0,0,0,0
2014/05/10,03,108,7,0,0,0,0,0
2014/05/10,04,40,4,0,0,0,0,0
2014/05/10,05,31,4,0,0,0,0,0
2014/05/10,06,32,4,0,0,0,0,0
2014/05/10,07,36,4,0,0,0,0,0
2014/05/10,08,75,14,0,0,0,0,0
2014/05/10,09,190,12,0,0,0,0,0
2014/05/10,10,188,6,0,0,0,0,0
2014/05/10,11,191,4,0,0,0,0,0
2014/05/10,12,197,6,0,0,0,0,0
2014/05/10,13,210,18,0,0,0,0,0
2014/05/10,14,211,19,0,0,0,0,0
2014/05/10,15,207,16,0,0,0,0,0
2014/05/10,16,209,18,0,0,0,0,0
2014/05/10,17,212,19,0,0,0,0,0
2014/05/10,18,209,17,0,0,0,0,0
2014/05/10,19,223,17,0,0,0,0,0
2014/05/10,20,232,16,0,0,0,0,0
2014/05/10,21,223,9,0,0,0,0,0
2014/05/10,22,220,7,0,0,0,0,0
2014/05/10,23,208,5,0,0,0,0,0
2014/05/10,24,163,15,0,0,0,0,0
2014/05/11,01,148,10,0,0,0,0,0
2014/05/11,02,148,11,0,0,0,0,0
2014/05/11,03,88,8,0,0,0,0,0
2014/05/11,04,31,4,0,0,0,0,0
2014/05/11,05,31,4,0,0,0,0,0
2014/05/11,06,31,4,0,0,0,0,0
2014/05/11,07,33,4,0,0,0,0,0
2014/05/11,08,68,8,0,0,0,0,0
2014/05/11,09,181,4,0,0,0,0,0
2014/05/11,10,199,18,0,0,0,0,0
2014/05/11,11,237,51,0,0,0,0,0
2014/05/11,12,251,58,0,0,0,0,0
2014/05/11,13,251,59,0,0,0,0,0
2014/05/11,14,256,60,0,0,0,0,0
2014/05/11,15,252,59,0,0,0,0,0
2014/05/11,16,252,59,0,0,0,0,0
2014/05/11,17,249,56,0,0,0,0,0
2014/05/11,18,241,46,0,0,0,0,0
2014/05/11,19,233,27,0,0,0,0,0
2014/05/11,20,247,30,0,0,0,0,0
2014/05/11,21,240,26,0,0,0,0,0
2014/05/11,22,233,22,0,0,0,0,0
2014/05/11,23,220,20,0,0,0,0,0
2014/05/11,24,167,12,0,0,0,0,0
2014/05/12,01,158,14,0,0,0,0,0
2014/05/12,02,87,4,0,0,0,0,0
2014/05/12,03,32,4,0,0,0,0,0
2014/05/12,04,31,4,0,0,0,0,0
2014/05/12,05,31,4,0,0,0,0,0
2014/05/12,06,31,4,0,0,0,0,0
2014/05/12,07,35,4,0,0,0,0,0
2014/05/12,08,54,5,0,0,0,0,0
2014/05/12,09,166,6,0,0,0,0,0
2014/05/12,10,199,20,0,0,0,0,0
2014/05/12,11,232,44,0,0,0,0,0
2014/05/12,12,254,63,0,0,0,0,0
2014/05/12,13,265,71,0,0,0,0,0
2014/05/12,14,282,88,0,0,0,0,0
2014/05/12,15,264,72,0,0,0,0,0
2014/05/12,16,256,65,0,0,0,0,0
2014/05/12,17,246,54,0,0,0,0,0
2014/05/12,18,255,50,0,0,0,0,0
2014/05/12,19,260,41,0,0,0,0,0
2014/05/12,20,253,39,0,0,0,0,0
2014/05/12,21,246,37,0,0,0,0,0
2014/05/12,22,248,40,0,0,0,0,0
2014/05/12,23,203,5,0,0,0,0,0
2014/05/12,24,193,33,0,0,0,0,0
2014/05/13,01,165,27,0,0,0,0,0
2014/05/13,02,49,5,0,0,0,0,0
2014/05/13,03,33,4,0,0,0,0,0
2014/05/13,04,33,4,0,0,0,0,0
2014/05/13,05,33,4,0,0,0,0,0
2014/05/13,06,34,4,0,0,0,0,0
2014/05/13,07,37,4,0,0,0,0,0
2014/05/13,08,65,4,0,0,0,0,0
2014/05/13,09,204,25,0,0,0,0,0
2014/05/13,10,216,34,0,0,0,0,0
2014/05/13,11,232,43,0,0,0,0,0
2014/05/13,12,232,42,0,0,0,0,0
2014/05/13,13,236,45,0,0,0,0,0
2014/05/13,14,227,38,0,0,0,0,0
2014/05/13,15,231,43,0,0,0,0,0
2014/05/13,16,238,49,0,0,0,0,0
2014/05/13,17,234,44,0,0,0,0,0
2014/05/13,18,234,41,0,0,0,0,0
2014/05/13,19,247,36,0,0,0,0,0
2014/05/13,20,244,33,0,0,0,0,0
2014/05/13,21,248,36,0,0,0,0,0
2014/05/13,22,242,30,0,0,0,0,0
2014/05/13,23,233,32,0,0,0,0,0
2014/05/13,24,188,43,0,0,0,0,0
2014/05/14,01,121,18,0,0,0,0,0
2014/05/14,02,43,6,0,0,0,0,0
2014/05/14,03,33,4,0,0,0,0,0
2014/05/14,04,32,4,0,0,0,0,0
2014/05/14,05,31,4,0,0,0,0,0
2014/05/14,06,32,4,0,0,0,0,0
2014/05/14,07,36,4,0,0,0,0,0
2014/05/14,08,66,4,0,0,0,0,0
2014/05/14,09,183,6,0,0,0,0,0
2014/05/14,10,215,34,0,0,0,0,0
2014/05/14,11,232,44,0,0,0,0,0
2014/05/14,12,233,44,0,0,0,0,0
2014/05/14,13,245,56,0,0,0,0,0
2014/05/14,14,246,58,0,0,0,0,0
2014/05/14,15,252,64,0,0,0,0,0
2014/05/14,16,253,64,0,0,0,0,0
2014/05/14,17,261,67,0,0,0,0,0
2014/05/14,18,263,64,0,0,0,0,0
2014/05/14,19,259,45,0,0,0,0,0
2014/05/14,20,268,54,0,0,0,0,0
2014/05/14,21,253,40,0,0,0,0,0
2014/05/14,22,237,27,0,0,0,0,0
2014/05/14,23,217,18,0,0,0,0,0
2014/05/14,24,172,28,0,0,0,0,0
2014/05/15,01,123,10,0,0,0,0,0
2014/05/15,02,110,4,0,0,0,0,0
2014/05/15,03,40,4,0,0,0,0,0
2014/05/15,04,31,4,0,0,0,0,0
2014/05/15,05,31,4,0,0,0,0,0
2014/05/15,06,31,4,0,0,0,0,0
2014/05/15,07,34,4,0,0,0,0,0
2014/05/15,08,60,4,0,0,0,0,0
2014/05/15,09,195,19,0,0,0,0,0
2014/05/15,10,224,42,0,0,0,0,0
2014/05/15,11,256,64,0,0,0,0,0
2014/05/15,12,273,80,0,0,0,0,0
2014/05/15,13,263,69,0,0,0,0,0
2014/05/15,14,257,64,0,0,0,0,0
2014/05/15,15,245,53,0,0,0,0,0
2014/05/15,16,236,45,0,0,0,0,0
2014/05/15,17,233,39,0,0,0,0,0
2014/05/15,18,238,33,0,0,0,0,0
2014/05/15,19,248,29,0,0,0,0,0
2014/05/15,20,246,28,0,0,0,0,0
2014/05/15,21,240,23,0,0,0,0,0
2014/05/15,22,241,24,0,0,0,0,0
2014/05/15,23,224,18,0,0,0,0,0
2014/05/15,24,169,22,0,0,0,0,0
2014/05/16,01,163,28,0,0,0,0,0
2014/05/16,02,127,20,0,0,0,0,0
2014/05/16,03,33,4,0,0,0,0,0
2014/05/16,04,32,4,0,0,0,0,0
2014/05/16,05,33,4,0,0,0,0,0
2014/05/16,06,33,4,0,0,0,0,0
2014/05/16,07,37,4,0,0,0,0,0
2014/05/16,08,64,4,0,0,0,0,0
2014/05/16,09,159,6,0,0,0,0,0
2014/05/16,10,212,31,0,0,0,0,0
2014/05/16,11,223,38,0,0,0,0,0
2014/05/16,12,232,43,0,0,0,0,0
2014/05/16,13,224,35,0,0,0,0,0
2014/05/16,14,216,28,0,0,0,0,0
2014/05/16,15,216,31,0,0,0,0,0
2014/05/16,16,216,28,0,0,0,0,0
2014/05/16,17,216,25,0,0,0,0,0
2014/05/16,18,228,24,0,0,0,0,0
2014/05/16,19,231,14,0,0,0,0,0
2014/05/16,20,229,14,0,0,0,0,0
2014/05/16,21,236,21,0,0,0,0,0
2014/05/16,22,236,22,0,0,0,0,0
2014/05/16,23,238,34,0,0,0,0,0
2014/05/16,24,186,29,0,0,0,0,0
2014/05/17,01,153,11,0,0,0,0,0
2014/05/17,02,94,8,0,0,0,0,0
2014/05/17,03,63,3,0,0,0,0,0
2014/05/17,04,36,4,0,0,0,0,0
2014/05/17,05,35,4,0,0,0,0,0
2014/05/17,06,35,4,0,0,0,0,0
2014/05/17,07,38,4,0,0,0,0,0
2014/05/17,08,70,5,0,0,0,0,0
2014/05/17,09,152,7,0,0,0,0,0
2014/05/17,10,175,4,0,0,0,0,0
2014/05/17,11,196,8,0,0,0,0,0
2014/05/17,12,208,16,0,0,0,0,0
2014/05/17,13,221,30,0,0,0,0,0
2014/05/17,14,224,35,0,0,0,0,0
2014/05/17,15,219,29,0,0,0,0,0
2014/05/17,16,215,25,0,0,0,0,0
2014/05/17,17,212,20,0,0,0,0,0
2014/05/17,18,228,23,0,0,0,0,0
2014/05/17,19,238,19,0,0,0,0,0
2014/05/17,20,241,22,0,0,0,0,0
2014/05/17,21,238,21,0,0,0,0,0
2014/05/17,22,240,24,0,0,0,0,0
2014/05/17,23,226,19,0,0,0,0,0
2014/05/17,24,174,15,0,0,0,0,0
2014/05/18,01,156,8,0,0,0,0,0
2014/05/18,02,139,4,0,0,0,0,0
2014/05/18,03,34,4,0,0,0,0,0
2014/05/18,04,32,4,0,0,0,0,0
2014/05/18,05,33,4,0,0,0,0,0
2014/05/18,06,34,4,0,0,0,0,0
2014/05/18,07,34,4,0,0,0,0,0
2014/05/18,08,104,24,0,0,0,0,0
2014/05/18,09,183,11,0,0,0,0,0
2014/05/18,10,189,7,0,0,0,0,0
2014/05/18,11,218,27,0,0,0,0,0
2014/05/18,12,226,35,0,0,0,0,0
2014/05/18,13,238,45,0,0,0,0,0
2014/05/18,14,237,44,0,0,0,0,0
2014/05/18,15,223,31,0,0,0,0,0
2014/05/18,16,220,28,0,0,0,0,0
2014/05/18,17,222,26,0,0,0,0,0
2014/05/18,18,223,29,0,0,0,0,0
2014/05/18,19,246,32,0,0,0,0,0
2014/05/18,20,239,22,0,0,0,0,0
2014/05/18,21,238,23,0,0,0,0,0
2014/05/18,22,235,22,0,0,0,0,0
2014/05/18,23,215,13,0,0,0,0,0
2014/05/18,24,171,15,0,0,0,0,0
2014/05/19,01,160,11,0,0,0,0,0
2014/05/19,02,158,17,0,0,0,0,0
2014/05/19,03,121,13,0,0,0,0,0
2014/05/19,04,32,4,0,0,0,0,0
2014/05/19,05,32,4,0,0,0,0,0
2014/05/19,06,33,4,0,0,0,0,0
2014/05/19,07,36,4,0,0,0,0,0
2014/05/19,08,89,7,0,0,0,0,0
2014/05/19,09,181,4,0,0,0,0,0
2014/05/19,10,184,6,0,0,0,0,0
2014/05/19,11,211,25,0,0,0,0,0
2014/05/19,12,228,38,0,0,0,0,0
2014/05/19,13,235,44,0,0,0,0,0
2014/05/19,14,240,48,0,0,0,0,0
2014/05/19,15,235,45,0,0,0,0,0
2014/05/19,16,241,51,0,0,0,0,0
2014/05/19,17,244,47,0,0,0,0,0
2014/05/19,18,233,41,0,0,0,0,0
2014/05/19,19,242,37,0,0,0,0,0
2014/05/19,20,242,28,0,0,0,0,0
2014/05/19,21,238,25,0,0,0,0,0
2014/05/19,22,235,23,0,0,0,0,0
2014/05/19,23,217,16,0,0,0,0,0
2014/05/19,24,170,22,0,0,0,0,0
2014/05/20,01,156,19,0,0,0,0,0
2014/05/20,02,155,17,0,0,0,0,0
2014/05/20,03,100,8,0,0,0,0,0
2014/05/20,04,32,4,0,0,0,0,0
2014/05/20,05,32,4,0,0,0,0,0
2014/05/20,06,32,4,0,0,0,0,0
2014/05/20,07,35,4,0,0,0,0,0
2014/05/20,08,75,4,0,0,0,0,0
2014/05/20,09,181,5,0,0,0,0,0
2014/05/20,10,183,5,0,0,0,0,0
2014/05/20,11,211,26,0,0,0,0,0
2014/05/20,12,232,43,0,0,0,0,0
2014/05/20,13,253,63,0,0,0,0,0
2014/05/20,14,265,75,0,0,0,0,0
2014/05/20,15,262,73,0,0,0,0,0
2014/05/20,16,270,79,0,0,0,0,0
2014/05/20,17,264,66,0,0,0,0,0
2014/05/20,18,256,61,0,0,0,0,0
2014/05/20,19,266,57,0,0,0,0,0
2014/05/20,20,258,43,0,0,0,0,0
2014/05/20,21,245,33,0,0,0,0,0
2014/05/20,22,241,30,0,0,0,0,0
2014/05/20,23,222,22,0,0,0,0,0
2014/05/20,24,178,25,0,0,0,0,0
2014/05/21,01,173,24,0,0,0,0,0
2014/05/21,02,155,14,0,0,0,0,0
2014/05/21,03,62,6,0,0,0,0,0
2014/05/21,04,32,4,0,0,0,0,0
2014/05/21,05,32,4,0,0,0,0,0
2014/05/21,06,32,4,0,0,0,0,0
2014/05/21,07,35,4,0,0,0,0,0
2014/05/21,08,112,40,0,0,0,0,0
2014/05/21,09,187,11,0,0,0,0,0
2014/05/21,10,182,4,0,0,0,0,0
2014/05/21,11,197,14,0,0,0,0,0
2014/05/21,12,210,26,0,0,0,0,0
2014/05/21,13,217,30,0,0,0,0,0
2014/05/21,14,218,31,0,0,0,0,0
2014/05/21,15,231,42,0,0,0,0,0
2014/05/21,16,223,33,0,0,0,0,0
2014/05/21,17,213,23,0,0,0,0,0
2014/05/21,18,215,13,0,0,0,0,0
2014/05/21,19,237,20,0,0,0,0,0
2014/05/21,20,249,32,0,0,0,0,0
2014/05/21,21,239,24,0,0,0,0,0
2014/05/21,22,219,7,0,0,0,0,0
2014/05/21,23,210,5,0,0,0,0,0
2014/05/21,24,158,4,0,0,0,0,0
2014/05/22,01,120,4,0,0,0,0,0
2014/05/22,02,58,4,0,0,0,0,0
2014/05/22,03,34,4,0,0,0,0,0
2014/05/22,04,33,4,0,0,0,0,0
2014/05/22,05,33,4,0,0,0,0,0
2014/05/22,06,34,4,0,0,0,0,0
2014/05/22,07,36,4,0,0,0,0,0
2014/05/22,08,102,27,0,0,0,0,0
2014/05/22,09,183,11,0,0,0,0,0
2014/05/22,10,186,4,0,0,0,0,0
2014/05/22,11,190,5,0,0,0,0,0
2014/05/22,12,191,6,0,0,0,0,0
2014/05/22,13,192,6,0,0,0,0,0
2014/05/22,14,193,7,0,0,0,0,0
2014/05/22,15,195,9,0,0,0,0,0
2014/05/22,16,203,16,0,0,0,0,0
2014/05/22,17,214,21,0,0,0,0,0
2014/05/22,18,220,17,0,0,0,0,0
2014/05/22,19,244,29,0,0,0,0,0
2014/05/22,20,242,27,0,0,0,0,0
2014/05/22,21,235,23,0,0,0,0,0
2014/05/22,22,219,7,0,0,0,0,0
2014/05/22,23,211,9,0,0,0,0,0
2014/05/22,24,176,18,0,0,0,0,0
2014/05/23,01,134,9,0,0,0,0,0
2014/05/23,02,113,4,0,0,0,0,0
2014/05/23,03,44,4,0,0,0,0,0
2014/05/23,04,32,4,0,0,0,0,0
2014/05/23,05,32,4,0,0,0,0,0
2014/05/23,06,32,4,0,0,0,0,0
2014/05/23,07,35,4,0,0,0,0,0
2014/05/23,08,79,5,0,0,0,0,0
2014/05/23,09,180,4,0,0,0,0,0
2014/05/23,10,191,11,0,0,0,0,0
2014/05/23,11,207,21,0,0,0,0,0
2014/05/23,12,219,29,0,0,0,0,0
2014/05/23,13,228,38,0,0,0,0,0
2014/05/23,14,219,31,0,0,0,0,0
2014/05/23,15,224,35,0,0,0,0,0
2014/05/23,16,238,47,0,0,0,0,0
2014/05/23,17,228,36,0,0,0,0,0
2014/05/23,18,240,36,0,0,0,0,0
2014/05/23,19,247,30,0,0,0,0,0
2014/05/23,20,229,20,0,0,0,0,0
2014/05/23,21,222,15,0,0,0,0,0
2014/05/23,22,220,14,0,0,0,0,0
2014/05/23,23,210,13,0,0,0,0,0
2014/05/23,24,165,13,0,0,0,0,0
2014/05/24,01,162,18,0,0,0,0,0
2014/05/24,02,64,6,0,0,0,0,0
2014/05/24,03,31,4,0,0,0,0,0
2014/05/24,04,31,4,0,0,0,0,0
2014/05/24,05,31,4,0,0,0,0,0
2014/05/24,06,32,4,0,0,0,0,0
2014/05/24,07,35,4,0,0,0,0,0
2014/05/24,08,57,4,0,0,0,0,0
2014/05/24,09,177,4,0,0,0,0,0
2014/05/24,10,198,18,0,0,0,0,0
2014/05/24,11,220,33,0,0,0,0,0
2014/05/24,12,230,41,0,0,0,0,0
2014/05/24,13,242,51,0,0,0,0,0
2014/05/24,14,253,61,0,0,0,0,0
2014/05/24,15,250,59,0,0,0,0,0
2014/05/24,16,226,34,0,0,0,0,0
2014/05/24,17,229,34,0,0,0,0,0
2014/05/24,18,242,37,0,0,0,0,0
2014/05/24,19,245,29,0,0,0,0,0
2014/05/24,20,248,34,0,0,0,0,0
2014/05/24,21,249,34,0,0,0,0,0
2014/05/24,22,249,35,0,0,0,0,0
2014/05/24,23,231,27,0,0,0,0,0
2014/05/24,24,185,36,0,0,0,0,0
2014/05/25,01,169,32,0,0,0,0,0
2014/05/25,02,119,8,0,0,0,0,0
2014/05/25,03,97,4,0,0,0,0,0
2014/05/25,04,32,4,0,0,0,0,0
2014/05/25,05,33,4,0,0,0,0,0
2014/05/25,06,34,4,0,0,0,0,0
2014/05/25,07,35,4,0,0,0,0,0
2014/05/25,08,59,4,0,0,0,0,0
2014/05/25,09,181,7,0,0,0,0,0
2014/05/25,10,212,32,0,0,0,0,0
2014/05/25,11,238,49,0,0,0,0,0
2014/05/25,12,236,47,0,0,0,0,0
2014/05/25,13,242,53,0,0,0,0,0
2014/05/25,14,259,66,0,0,0,0,0
2014/05/25,15,261,69,0,0,0,0,0
2014/05/25,16,255,61,0,0,0,0,0
2014/05/25,17,255,57,0,0,0,0,0
2014/05/25,18,249,53,0,0,0,0,0
2014/05/25,19,264,45,0,0,0,0,0
2014/05/25,20,258,41,0,0,0,0,0
2014/05/25,21,246,33,0,0,0,0,0
2014/05/25,22,242,30,0,0,0,0,0
2014/05/25,23,225,23,0,0,0,0,0
2014/05/25,24,183,30,0,0,0,0,0
2014/05/26,01,162,40,0,0,0,0,0
2014/05/26,02,33,4,0,0,0,0,0
2014/05/26,03,32,4,0,0,0,0,0
2014/05/26,04,31,4,0,0,0,0,0
2014/05/26,05,32,4,0,0,0,0,0
2014/05/26,06,34,4,0,0,0,0,0
2014/05/26,07,37,4,0,0,0,0,0
2014/05/26,08,77,4,0,0,0,0,0
2014/05/26,09,179,4,0,0,0,0,0
2014/05/26,10,185,6,0,0,0,0,0
2014/05/26,11,195,9,0,0,0,0,0
2014/05/26,12,201,15,0,0,0,0,0
2014/05/26,13,212,24,0,0,0,0,0
2014/05/26,14,225,36,0,0,0,0,0
2014/05/26,15,228,38,0,0,0,0,0
2014/05/26,16,203,16,0,0,0,0,0
2014/05/26,17,201,12,0,0,0,0,0
2014/05/26,18,201,11,0,0,0,0,0
2014/05/26,19,226,11,0,0,0,0,0
2014/05/26,20,236,22,0,0,0,0,0
2014/05/26,21,227,13,0,0,0,0,0
2014/05/26,22,224,9,0,0,0,0,0
2014/05/26,23,210,6,0,0,0,0,0
2014/05/26,24,162,6,0,0,0,0,0
2014/05/27,01,129,4,0,0,0,0,0
2014/05/27,02,45,4,0,0,0,0,0
2014/05/27,03,33,4,0,0,0,0,0
2014/05/27,04,33,4,0,0,0,0,0
2014/05/27,05,32,4,0,0,0,0,0
2014/05/27,06,32,4,0,0,0,0,0
2014/05/27,07,35,4,0,0,0,0,0
2014/05/27,08,66,6,0,0,0,0,0
2014/05/27,09,197,21,0,0,0,0,0
2014/05/27,10,229,45,0,0,0,0,0
2014/05/27,11,234,47,0,0,0,0,0
2014/05/27,12,242,52,0,0,0,0,0
2014/05/27,13,252,59,0,0,0,0,0
2014/05/27,14,252,60,0,0,0,0,0
2014/05/27,15,257,64,0,0,0,0,0
2014/05/27,16,257,65,0,0,0,0,0
2014/05/27,17,270,75,0,0,0,0,0
2014/05/27,18,262,66,0,0,0,0,0
2014/05/27,19,270,64,0,0,0,0,0
2014/05/27,20,267,52,0,0,0,0,0
2014/05/27,21,259,44,0,0,0,0,0
2014/05/27,22,251,40,0,0,0,0,0
2014/05/27,23,234,31,0,0,0,0,0
2014/05/27,24,180,26,0,0,0,0,0
2014/05/28,01,164,23,0,0,0,0,0
2014/05/28,02,90,22,0,0,0,0,0
2014/05/28,03,32,4,0,0,0,0,0
2014/05/28,04,32,4,0,0,0,0,0
2014/05/28,05,32,4,0,0,0,0,0
2014/05/28,06,32,4,0,0,0,0,0
2014/05/28,07,35,4,0,0,0,0,0
2014/05/28,08,63,4,0,0,0,0,0
2014/05/28,09,190,22,0,0,0,0,0
2014/05/28,10,209,36,0,0,0,0,0
2014/05/28,11,227,45,0,0,0,0,0
2014/05/28,12,254,72,0,0,0,0,0
2014/05/28,13,256,74,0,0,0,0,0
2014/05/28,14,260,77,0,0,0,0,0
2014/05/28,15,256,74,0,0,0,0,0
2014/05/28,16,265,83,0,0,0,0,0
2014/05/28,17,265,81,0,0,0,0,0
2014/05/28,18,257,74,0,0,0,0,0
2014/05/28,19,266,69,0,0,0,0,0
2014/05/28,20,281,69,0,0,0,0,0
2014/05/28,21,279,65,0,0,0,0,0
2014/05/28,22,259,46,0,0,0,0,0
2014/05/28,23,240,36,0,0,0,0,0
2014/05/28,24,181,37,0,0,0,0,0
2014/05/29,01,165,31,0,0,0,0,0
2014/05/29,02,160,26,0,0,0,0,0
2014/05/29,03,43,6,0,0,0,0,0
2014/05/29,04,31,4,0,0,0,0,0
2014/05/29,05,32,4,0,0,0,0,0
2014/05/29,06,32,4,0,0,0,0,0
2014/05/29,07,35,4,0,0,0,0,0
2014/05/29,08,98,25,0,0,0,0,0
2014/05/29,09,218,52,0,0,0,0,0
2014/05/29,10,248,64,0,0,0,0,0
2014/05/29,11,264,71,0,0,0,0,0
2014/05/29,12,278,82,0,0,0,0,0
2014/05/29,13,287,88,0,0,0,0,0
2014/05/29,14,274,79,0,0,0,0,0
2014/05/29,15,294,94,0,0,0,0,0
2014/05/29,16,286,87,0,0,0,0,0
2014/05/29,17,273,76,0,0,0,0,0
2014/05/29,18,269,74,0,0,0,0,0
2014/05/29,19,280,69,0,0,0,0,0
2014/05/29,20,279,62,0,0,0,0,0
2014/05/29,21,268,53,0,0,0,0,0
2014/05/29,22,262,48,0,0,0,0,0
2014/05/29,23,235,32,0,0,0,0,0
2014/05/29,24,190,33,0,0,0,0,0
2014/05/30,01,134,23,0,0,0,0,0
2014/05/30,02,32,4,0,0,0,0,0
2014/05/30,03,34,3,0,0,0,0,0
2014/05/30,04,37,4,0,0,0,0,0
2014/05/30,05,33,4,0,0,0,0,0
2014/05/30,06,32,4,0,0,0,0,0
2014/05/30,07,35,4,0,0,0,0,0
2014/05/30,08,105,24,0,0,0,0,0
2014/05/30,09,234,53,0,0,0,0,0
2014/05/30,10,252,65,0,0,0,0,0
2014/05/30,11,269,77,0,0,0,0,0
2014/05/30,12,270,75,0,0,0,0,0
2014/05/30,13,275,79,0,0,0,0,0
2014/05/30,14,276,79,0,0,0,0,0
2014/05/30,15,270,74,0,0,0,0,0
2014/05/30,16,265,70,0,0,0,0,0
2014/05/30,17,263,66,0,0,0,0,0
2014/05/30,18,271,76,0,0,0,0,0
2014/05/30,19,275,66,0,0,0,0,0
2014/05/30,20,266,48,0,0,0,0,0
2014/05/30,21,265,50,0,0,0,0,0
2014/05/30,22,254,41,0,0,0,0,0
2014/05/30,23,234,31,0,0,0,0,0
2014/05/30,24,186,37,0,0,0,0,0
2014/05/31,01,153,28,0,0,0,0,0
2014/05/31,02,66,13,0,0,0,0,0
2014/05/31,03,32,4,0,0,0,0,0
2014/05/31,04,32,4,0,0,0,0,0
2014/05/31,05,32,4,0,0,0,0,0
2014/05/31,06,32,4,0,0,0,0,0
2014/05/31,07,35,4,0,0,0,0,0
2014/05/31,08,63,5,0,0,0,0,0
2014/05/31,09,190,19,0,0,0,0,0
2014/05/31,10,223,39,0,0,0,0,0
2014/05/31,11,236,46,0,0,0,0,0
2014/05/31,12,243,50,0,0,0,0,0
2014/05/31,13,253,58,0,0,0,0,0
2014/05/31,14,255,60,0,0,0,0,0
2014/05/31,15,250,56,0,0,0,0,0
2014/05/31,16,257,62,0,0,0,0,0
2014/05/31,17,257,61,0,0,0,0,0
2014/05/31,18,257,61,0,0,0,0,0
2014/05/31,19,250,49,0,0,0,0,0
2014/05/31,20,263,45,0,0,0,0,0
2014/05/31,21,255,40,0,0,0,0,0
2014/05/31,22,244,30,0,0,0,0,0
2014/05/31,23,231,29,0,0,0,0,0
2014/05/31,24,202,36,0,0,0,0,0
2014/06/01,01,170,43,0,0,0,0,0
2014/06/01,02,118,35,0,0,0,0,0
2014/06/01,03,31,4,0,0,0,0,0
2014/06/01,04,31,4,0,0,0,0,0
2014/06/01,05,31,4,0,0,0,0,0
2014/06/01,06,32,4,0,0,0,0,0
2014/06/01,07,33,4,0,0,0,0,0
2014/06/01,08,88,9,0,0,0,0,0
2014/06/01,09,220,40,0,0,0,0,0
2014/06/01,10,243,57,0,0,0,0,0
2014/06/01,11,260,64,0,0,0,0,0
2014/06/01,12,265,67,0,0,0,0,0
2014/06/01,13,263,64,0,0,0,0,0
2014/06/01,14,262,63,0,0,0,0,0
2014/06/01,15,261,64,0,0,0,0,0
2014/06/01,16,259,62,0,0,0,0,0
2014/06/01,17,257,57,0,0,0,0,0
2014/06/01,18,254,57,0,0,0,0,0
2014/06/01,19,254,49,0,0,0,0,0
2014/06/01,20,266,47,0,0,0,0,0
2014/06/01,21,253,39,0,0,0,0,0
2014/06/01,22,246,34,0,0,0,0,0
2014/06/01,23,226,22,0,0,0,0,0
2014/06/01,24,214,38,0,0,0,0,0
2014/06/02,01,201,33,0,0,0,0,0
2014/06/02,02,200,33,0,0,0,0,0
2014/06/02,03,195,30,0,0,0,0,0
2014/06/02,04,126,15,0,0,0,0,0
2014/06/02,05,32,4,0,0,0,0,0
2014/06/02,06,32,4,0,0,0,0,0
2014/06/02,07,36,4,0,0,0,0,0
2014/06/02,08,36,4,0,0,0,0,0
2014/06/02,09,196,37,0,0,0,0,0
2014/06/02,10,239,57,0,0,0,0,0
2014/06/02,11,262,69,0,0,0,0,0
2014/06/02,12,270,74,0,0,0,0,0
2014/06/02,13,271,75,0,0,0,0,0
2014/06/02,14,275,79,0,0,0,0,0
2014/06/02,15,276,81,0,0,0,0,0
2014/06/02,16,272,77,0,0,0,0,0
2014/06/02,17,276,77,0,0,0,0,0
2014/06/02,18,271,75,0,0,0,0,0
2014/06/02,19,268,63,0,0,0,0,0
2014/06/02,20,276,59,0,0,0,0,0
2014/06/02,21,274,59,0,0,0,0,0
2014/06/02,22,263,49,0,0,0,0,0
2014/06/02,23,243,40,0,0,0,0,0
2014/06/02,24,188,33,0,0,0,0,0
2014/06/03,01,180,32,0,0,0,0,0
2014/06/03,02,152,24,0,0,0,0,0
2014/06/03,03,48,8,0,0,0,0,0
2014/06/03,04,32,4,0,0,0,0,0
2014/06/03,05,32,4,0,0,0,0,0
2014/06/03,06,32,4,0,0,0,0,0
2014/06/03,07,35,4,0,0,0,0,0
2014/06/03,08,110,38,0,0,0,0,0
2014/06/03,09,228,52,0,0,0,0,0
2014/06/03,10,258,73,0,0,0,0,0
2014/06/03,11,265,70,0,0,0,0,0
2014/06/03,12,275,79,0,0,0,0,0
2014/06/03,13,293,94,0,0,0,0,0
2014/06/03,14,298,100,0,0,0,0,0
2014/06/03,15,309,108,0,0,0,0,0
2014/06/03,16,308,105,0,0,0,0,0
2014/06/03,17,302,101,0,0,0,0,0
2014/06/03,18,292,93,0,0,0,0,0
2014/06/03,19,280,75,0,0,0,0,0
2014/06/03,20,279,63,0,0,0,0,0
2014/06/03,21,274,61,0,0,0,0,0
2014/06/03,22,275,61,0,0,0,0,0
2014/06/03,23,258,54,0,0,0,0,0
2014/06/03,24,186,39,0,0,0,0,0
2014/06/04,01,171,33,0,0,0,0,0
2014/06/04,02,164,27,0,0,0,0,0
2014/06/04,03,106,17,0,0,0,0,0
2014/06/04,04,31,4,0,0,0,0,0
2014/06/04,05,33,4,0,0,0,0,0
2014/06/04,06,33,4,0,0,0,0,0
2014/06/04,07,36,4,0,0,0,0,0
2014/06/04,08,97,32,0,0,0,0,0
2014/06/04,09,260,78,0,0,0,0,0
2014/06/04,10,265,80,0,0,0,0,0
2014/06/04,11,282,85,0,0,0,0,0
2014/06/04,12,283,83,0,0,0,0,0
2014/06/04,13,294,94,0,0,0,0,0
2014/06/04,14,299,98,0,0,0,0,0
2014/06/04,15,316,112,0,0,0,0,0
2014/06/04,16,302,99,0,0,0,0,0
2014/06/04,17,287,85,0,0,0,0,0
2014/06/04,18,280,81,0,0,0,0,0
2014/06/04,19,285,77,0,0,0,0,0
2014/06/04,20,293,77,0,0,0,0,0
2014/06/04,21,282,65,0,0,0,0,0
2014/06/04,22,268,53,0,0,0,0,0
2014/06/04,23,252,47,0,0,0,0,0
2014/06/04,24,195,44,0,0,0,0,0
2014/06/05,01,170,32,0,0,0,0,0
2014/06/05,02,136,27,0,0,0,0,0
2014/06/05,03,57,11,0,0,0,0,0
2014/06/05,04,31,4,0,0,0,0,0
2014/06/05,05,32,4,0,0,0,0,0
2014/06/05,06,31,4,0,0,0,0,0
2014/06/05,07,34,4,0,0,0,0,0
2014/06/05,08,87,22,0,0,0,0,0
2014/06/05,09,234,55,0,0,0,0,0
2014/06/05,10,255,71,0,0,0,0,0
2014/06/05,11,272,79,0,0,0,0,0
2014/06/05,12,277,80,0,0,0,0,0
2014/06/05,13,283,85,0,0,0,0,0
2014/06/05,14,283,85,0,0,0,0,0
2014/06/05,15,280,82,0,0,0,0,0
2014/06/05,16,274,78,0,0,0,0,0
2014/06/05,17,272,73,0,0,0,0,0
2014/06/05,18,264,68,0,0,0,0,0
2014/06/05,19,288,65,0,0,0,0,0
2014/06/05,20,281,64,0,0,0,0,0
2014/06/05,21,260,45,0,0,0,0,0
2014/06/05,22,260,47,0,0,0,0,0
2014/06/05,23,241,38,0,0,0,0,0
2014/06/05,24,185,40,0,0,0,0,0
2014/06/06,01,168,29,0,0,0,0,0
2014/06/06,02,102,19,0,0,0,0,0
2014/06/06,03,32,4,0,0,0,0,0
2014/06/06,04,31,4,0,0,0,0,0
2014/06/06,05,32,4,0,0,0,0,0
2014/06/06,06,33,4,0,0,0,0,0
2014/06/06,07,35,4,0,0,0,0,0
2014/06/06,08,79,7,0,0,0,0,0
2014/06/06,09,200,21,0,0,0,0,0
2014/06/06,10,220,39,0,0,0,0,0
2014/06/06,11,239,51,0,0,0,0,0
2014/06/06,12,259,69,0,0,0,0,0
2014/06/06,13,259,66,0,0,0,0,0
2014/06/06,14,246,55,0,0,0,0,0
2014/06/06,15,247,56,0,0,0,0,0
2014/06/06,16,250,59,0,0,0,0,0
2014/06/06,17,244,52,0,0,0,0,0
2014/06/06,18,236,45,0,0,0,0,0
2014/06/06,19,257,39,0,0,0,0,0
2014/06/06,20,252,36,0,0,0,0,0
2014/06/06,21,250,35,0,0,0,0,0
2014/06/06,22,244,29,0,0,0,0,0
2014/06/06,23,235,30,0,0,0,0,0
2014/06/06,24,193,40,0,0,0,0,0
2014/06/07,01,127,20,0,0,0,0,0
2014/06/07,02,39,4,0,0,0,0,0
2014/06/07,03,32,4,0,0,0,0,0
2014/06/07,04,32,4,0,0,0,0,0
2014/06/07,05,33,4,0,0,0,0,0
2014/06/07,06,33,4,0,0,0,0,0
2014/06/07,07,36,4,0,0,0,0,0
2014/06/07,08,88,11,0,0,0,0,0
2014/06/07,09,206,33,0,0,0,0,0
2014/06/07,10,227,44,0,0,0,0,0
2014/06/07,11,246,54,0,0,0,0,0
2014/06/07,12,256,63,0,0,0,0,0
2014/06/07,13,262,66,0,0,0,0,0
2014/06/07,14,268,73,0,0,0,0,0
2014/06/07,15,269,73,0,0,0,0,0
2014/06/07,16,265,70,0,0,0,0,0
2014/06/07,17,267,69,0,0,0,0,0
2014/06/07,18,248,54,0,0,0,0,0
2014/06/07,19,259,39,0,0,0,0,0
2014/06/07,20,254,38,0,0,0,0,0
2014/06/07,21,251,39,0,0,0,0,0
2014/06/07,22,249,37,0,0,0,0,0
2014/06/07,23,235,32,0,0,0,0,0
2014/06/07,24,187,32,0,0,0,0,0
2014/06/08,01,175,26,0,0,0,0,0
2014/06/08,02,140,22,0,0,0,0,0
2014/06/08,03,44,5,0,0,0,0,0
2014/06/08,04,33,4,0,0,0,0,0
2014/06/08,05,34,4,0,0,0,0,0
2014/06/08,06,34,4,0,0,0,0,0
2014/06/08,07,34,4,0,0,0,0,0
2014/06/08,08,85,21,0,0,0,0,0
2014/06/08,09,189,25,0,0,0,0,0
2014/06/08,10,195,12,0,0,0,0,0
2014/06/08,11,226,38,0,0,0,0,0
2014/06/08,12,230,38,0,0,0,0,0
2014/06/08,13,246,53,0,0,0,0,0
2014/06/08,14,247,53,0,0,0,0,0
2014/06/08,15,246,52,0,0,0,0,0
2014/06/08,16,250,56,0,0,0,0,0
2014/06/08,17,243,46,0,0,0,0,0
2014/06/08,18,238,42,0,0,0,0,0
2014/06/08,19,263,40,0,0,0,0,0
2014/06/08,20,253,34,0,0,0,0,0
2014/06/08,21,241,24,0,0,0,0,0
2014/06/08,22,239,25,0,0,0,0,0
2014/06/08,23,226,20,0,0,0,0,0
2014/06/08,24,177,20,0,0,0,0,0
2014/06/09,01,193,42,0,0,0,0,0
2014/06/09,02,143,29,0,0,0,0,0
2014/06/09,03,32,4,0,0,0,0,0
2014/06/09,04,31,4,0,0,0,0,0
2014/06/09,05,31,4,0,0,0,0,0
2014/06/09,06,32,4,0,0,0,0,0
2014/06/09,07,35,4,0,0,0,0,0
2014/06/09,08,73,9,0,0,0,0,0
2014/06/09,09,188,22,0,0,0,0,0
2014/06/09,10,211,30,0,0,0,0,0
2014/06/09,11,223,35,0,0,0,0,0
2014/06/09,12,251,60,0,0,0,0,0
2014/06/09,13,261,67,0,0,0,0,0
2014/06/09,14,263,70,0,0,0,0,0
2014/06/09,15,253,61,0,0,0,0,0
2014/06/09,16,231,47,0,0,0,0,0
2014/06/09,17,232,46,0,0,0,0,0
2014/06/09,18,227,42,0,0,0,0,0
2014/06/09,19,238,35,0,0,0,0,0
2014/06/09,20,238,32,0,0,0,0,0
2014/06/09,21,233,28,0,0,0,0,0
2014/06/09,22,230,26,0,0,0,0,0
2014/06/09,23,218,25,0,0,0,0,0
2014/06/09,24,162,19,0,0,0,0,0
2014/06/10,01,139,16,0,0,0,0,0
2014/06/10,02,34,4,0,0,0,0,0
2014/06/10,03,34,4,0,0,0,0,0
2014/06/10,04,33,4,0,0,0,0,0
2014/06/10,05,33,4,0,0,0,0,0
2014/06/10,06,33,4,0,0,0,0,0
2014/06/10,07,36,4,0,0,0,0,0
2014/06/10,08,93,14,0,0,0,0,0
2014/06/10,09,213,34,0,0,0,0,0
2014/06/10,10,228,43,0,0,0,0,0
2014/06/10,11,251,59,0,0,0,0,0
2014/06/10,12,256,61,0,0,0,0,0
2014/06/10,13,270,75,0,0,0,0,0
2014/06/10,14,275,78,0,0,0,0,0
2014/06/10,15,274,77,0,0,0,0,0
2014/06/10,16,265,71,0,0,0,0,0
2014/06/10,17,268,73,0,0,0,0,0
2014/06/10,18,269,72,0,0,0,0,0
2014/06/10,19,274,70,0,0,0,0,0
2014/06/10,20,260,43,0,0,0,0,0
2014/06/10,21,253,39,0,0,0,0,0
2014/06/10,22,247,35,0,0,0,0,0
2014/06/10,23,232,29,0,0,0,0,0
2014/06/10,24,181,24,0,0,0,0,0
2014/06/11,01,169,24,0,0,0,0,0
2014/06/11,02,75,9,0,0,0,0,0
2014/06/11,03,32,4,0,0,0,0,0
2014/06/11,04,31,4,0,0,0,0,0
2014/06/11,05,31,4,0,0,0,0,0
2014/06/11,06,32,4,0,0,0,0,0
2014/06/11,07,35,4,0,0,0,0,0
2014/06/11,08,88,16,0,0,0,0,0
2014/06/11,09,213,37,0,0,0,0,0
2014/06/11,10,230,45,0,0,0,0,0
2014/06/11,11,242,49,0,0,0,0,0
2014/06/11,12,254,60,0,0,0,0,0
2014/06/11,13,245,52,0,0,0,0,0
2014/06/11,14,268,71,0,0,0,0,0
2014/06/11,15,264,69,0,0,0,0,0
2014/06/11,16,258,64,0,0,0,0,0
2014/06/11,17,263,66,0,0,0,0,0
2014/06/11,18,253,59,0,0,0,0,0
2014/06/11,19,279,60,0,0,0,0,0
2014/06/11,20,267,53,0,0,0,0,0
2014/06/11,21,256,42,0,0,0,0,0
2014/06/11,22,252,42,0,0,0,0,0
2014/06/11,23,240,39,0,0,0,0,0
2014/06/11,24,195,43,0,0,0,0,0
2014/06/12,01,157,31,0,0,0,0,0
2014/06/12,02,52,4,0,0,0,0,0
2014/06/12,03,35,4,0,0,0,0,0
2014/06/12,04,33,4,0,0,0,0,0
2014/06/12,05,33,4,0,0,0,0,0
2014/06/12,06,33,4,0,0,0,0,0
2014/06/12,07,36,4,0,0,0,0,0
2014/06/12,08,128,35,0,0,0,0,0
2014/06/12,09,232,51,0,0,0,0,0
2014/06/12,10,251,63,0,0,0,0,0
2014/06/12,11,253,59,0,0,0,0,0
2014/06/12,12,262,65,0,0,0,0,0
2014/06/12,13,262,64,0,0,0,0,0
2014/06/12,14,260,63,0,0,0,0,0
2014/06/12,15,256,61,0,0,0,0,0
2014/06/12,16,258,61,0,0,0,0,0
2014/06/12,17,265,65,0,0,0,0,0
2014/06/12,18,248,50,0,0,0,0,0
2014/06/12,19,256,34,0,0,0,0,0
2014/06/12,20,255,36,0,0,0,0,0
2014/06/12,21,247,30,0,0,0,0,0
2014/06/12,22,241,26,0,0,0,0,0
2014/06/12,23,224,18,0,0,0,0,0
2014/06/12,24,184,22,0,0,0,0,0
2014/06/13,01,191,38,0,0,0,0,0
2014/06/13,02,121,32,0,0,0,0,0
2014/06/13,03,36,4,0,0,0,0,0
2014/06/13,04,35,4,0,0,0,0,0
2014/06/13,05,34,4,0,0,0,0,0
2014/06/13,06,35,4,0,0,0,0,0
2014/06/13,07,38,4,0,0,0,0,0
2014/06/13,08,140,38,0,0,0,0,0
2014/06/13,09,221,37,0,0,0,0,0
2014/06/13,10,206,24,0,0,0,0,0
2014/06/13,11,219,32,0,0,0,0,0
2014/06/13,12,249,58,0,0,0,0,0
2014/06/13,13,244,52,0,0,0,0,0
2014/06/13,14,245,52,0,0,0,0,0
2014/06/13,15,234,39,0,0,0,0,0
2014/06/13,16,239,45,0,0,0,0,0
2014/06/13,17,237,40,0,0,0,0,0
2014/06/13,18,233,40,0,0,0,0,0
2014/06/13,19,272,50,0,0,0,0,0
2014/06/13,20,272,55,0,0,0,0,0
2014/06/13,21,231,17,0,0,0,0,0
2014/06/13,22,244,25,0,0,0,0,0
2014/06/13,23,215,9,0,0,0,0,0
2014/06/13,24,203,45,0,0,0,0,0
2014/06/14,01,147,4,0,0,0,0,0
2014/06/14,02,94,4,0,0,0,0,0
2014/06/14,03,66,4,0,0,0,0,0
2014/06/14,04,34,4,0,0,0,0,0
2014/06/14,05,34,4,0,0,0,0,0
2014/06/14,06,34,4,0,0,0,0,0
2014/06/14,07,37,4,0,0,0,0,0
2014/06/14,08,108,31,0,0,0,0,0
2014/06/14,09,215,41,0,0,0,0,0
2014/06/14,10,204,28,0,0,0,0,0
2014/06/14,11,225,36,0,0,0,0,0
2014/06/14,12,212,19,0,0,0,0,0
2014/06/14,13,250,53,0,0,0,0,0
2014/06/14,14,266,66,0,0,0,0,0
2014/06/14,15,271,72,0,0,0,0,0
2014/06/14,16,264,67,0,0,0,0,0
2014/06/14,17,270,70,0,0,0,0,0
2014/06/14,18,257,58,0,0,0,0,0
2014/06/14,19,264,39,0,0,0,0,0
2014/06/14,20,254,36,0,0,0,0,0
2014/06/14,21,252,36,0,0,0,0,0
2014/06/14,22,236,23,0,0,0,0,0
2014/06/14,23,223,20,0,0,0,0,0
2014/06/14,24,180,23,0,0,0,0,0
2014/06/15,01,175,25,0,0,0,0,0
2014/06/15,02,113,14,0,0,0,0,0
2014/06/15,03,32,4,0,0,0,0,0
2014/06/15,04,32,4,0,0,0,0,0
2014/06/15,05,32,4,0,0,0,0,0
2014/06/15,06,32,4,0,0,0,0,0
2014/06/15,07,33,4,0,0,0,0,0
2014/06/15,08,127,43,0,0,0,0,0
2014/06/15,09,189,19,0,0,0,0,0
2014/06/15,10,207,24,0,0,0,0,0
2014/06/15,11,225,37,0,0,0,0,0
2014/06/15,12,230,40,0,0,0,0,0
2014/06/15,13,231,39,0,0,0,0,0
2014/06/15,14,238,45,0,0,0,0,0
2014/06/15,15,248,54,0,0,0,0,0
2014/06/15,16,242,47,0,0,0,0,0
2014/06/15,17,242,45,0,0,0,0,0
2014/06/15,18,255,58,0,0,0,0,0
2014/06/15,19,268,59,0,0,0,0,0
2014/06/15,20,270,48,0,0,0,0,0
2014/06/15,21,250,34,0,0,0,0,0
2014/06/15,22,240,28,0,0,0,0,0
2014/06/15,23,225,23,0,0,0,0,0
2014/06/15,24,201,43,0,0,0,0,0
2014/06/16,01,226,69,0,0,0,0,0
2014/06/16,02,186,41,0,0,0,0,0
2014/06/16,03,106,4,0,0,0,0,0
2014/06/16,04,31,4,0,0,0,0,0
2014/06/16,05,32,4,0,0,0,0,0
2014/06/16,06,32,4,0,0,0,0,0
2014/06/16,07,35,4,0,0,0,0,0
2014/06/16,08,122,38,0,0,0,0,0
2014/06/16,09,188,26,0,0,0,0,0
2014/06/16,10,210,30,0,0,0,0,0
2014/06/16,11,221,35,0,0,0,0,0
2014/06/16,12,232,41,0,0,0,0,0
2014/06/16,13,230,42,0,0,0,0,0
2014/06/16,14,235,44,0,0,0,0,0
2014/06/16,15,236,47,0,0,0,0,0
2014/06/16,16,233,45,0,0,0,0,0
2014/06/16,17,234,45,0,0,0,0,0
2014/06/16,18,228,41,0,0,0,0,0
2014/06/16,19,259,42,0,0,0,0,0
2014/06/16,20,255,42,0,0,0,0,0
2014/06/16,21,252,40,0,0,0,0,0
2014/06/16,22,248,37,0,0,0,0,0
2014/06/16,23,239,37,0,0,0,0,0
2014/06/16,24,190,35,0,0,0,0,0
2014/06/17,01,177,34,0,0,0,0,0
2014/06/17,02,98,17,0,0,0,0,0
2014/06/17,03,33,4,0,0,0,0,0
2014/06/17,04,32,4,0,0,0,0,0
2014/06/17,05,32,4,0,0,0,0,0
2014/06/17,06,32,4,0,0,0,0,0
2014/06/17,07,35,4,0,0,0,0,0
2014/06/17,08,107,36,0,0,0,0,0
2014/06/17,09,231,55,0,0,0,0,0
2014/06/17,10,249,65,0,0,0,0,0
2014/06/17,11,250,60,0,0,0,0,0
2014/06/17,12,247,56,0,0,0,0,0
2014/06/17,13,259,66,0,0,0,0,0
2014/06/17,14,263,71,0,0,0,0,0
2014/06/17,15,264,71,0,0,0,0,0
2014/06/17,16,261,67,0,0,0,0,0
2014/06/17,17,263,67,0,0,0,0,0
2014/06/17,18,252,57,0,0,0,0,0
2014/06/17,19,275,54,0,0,0,0,0
2014/06/17,20,264,47,0,0,0,0,0
2014/06/17,21,245,31,0,0,0,0,0
2014/06/17,22,237,25,0,0,0,0,0
2014/06/17,23,224,21,0,0,0,0,0
2014/06/17,24,175,22,0,0,0,0,0
2014/06/18,01,180,31,0,0,0,0,0
2014/06/18,02,83,11,0,0,0,0,0
2014/06/18,03,32,4,0,0,0,0,0
2014/06/18,04,31,4,0,0,0,0,0
2014/06/18,05,31,4,0,0,0,0,0
2014/06/18,06,32,4,0,0,0,0,0
2014/06/18,07,35,4,0,0,0,0,0
2014/06/18,08,79,19,0,0,0,0,0
2014/06/18,09,223,48,0,0,0,0,0
2014/06/18,10,236,54,0,0,0,0,0
2014/06/18,11,259,68,0,0,0,0,0
2014/06/18,12,268,73,0,0,0,0,0
2014/06/18,13,273,78,0,0,0,0,0
2014/06/18,14,271,76,0,0,0,0,0
2014/06/18,15,266,71,0,0,0,0,0
2014/06/18,16,266,72,0,0,0,0,0
2014/06/18,17,263,68,0,0,0,0,0
2014/06/18,18,267,73,0,0,0,0,0
2014/06/18,19,277,67,0,0,0,0,0
2014/06/18,20,276,60,0,0,0,0,0
2014/06/18,21,262,47,0,0,0,0,0
2014/06/18,22,241,28,0,0,0,0,0
2014/06/18,23,220,20,0,0,0,0,0
2014/06/18,24,175,20,0,0,0,0,0
2014/06/19,01,120,11,0,0,0,0,0
2014/06/19,02,43,4,0,0,0,0,0
2014/06/19,03,32,4,0,0,0,0,0
2014/06/19,04,31,4,0,0,0,0,0
2014/06/19,05,32,4,0,0,0,0,0
2014/06/19,06,32,4,0,0,0,0,0
2014/06/19,07,35,4,0,0,0,0,0
2014/06/19,08,80,4,0,0,0,0,0
2014/06/19,09,187,13,0,0,0,0,0
2014/06/19,10,215,37,0,0,0,0,0
2014/06/19,11,238,51,0,0,0,0,0
2014/06/19,12,254,62,0,0,0,0,0
2014/06/19,13,239,46,0,0,0,0,0
2014/06/19,14,237,45,0,0,0,0,0
2014/06/19,15,232,40,0,0,0,0,0
2014/06/19,16,232,41,0,0,0,0,0
2014/06/19,17,230,37,0,0,0,0,0
2014/06/19,18,224,33,0,0,0,0,0
2014/06/19,19,249,31,0,0,0,0,0
2014/06/19,20,250,33,0,0,0,0,0
2014/06/19,21,243,29,0,0,0,0,0
2014/06/19,22,247,33,0,0,0,0,0
2014/06/19,23,241,37,0,0,0,0,0
2014/06/19,24,189,41,0,0,0,0,0
2014/06/20,01,113,7,0,0,0,0,0
2014/06/20,02,38,4,0,0,0,0,0
2014/06/20,03,34,4,0,0,0,0,0
2014/06/20,04,35,4,0,0,0,0,0
2014/06/20,05,35,4,0,0,0,0,0
2014/06/20,06,35,4,0,0,0,0,0
2014/06/20,07,38,4,0,0,0,0,0
2014/06/20,08,88,4,0,0,0,0,0
2014/06/20,09,190,11,0,0,0,0,0
2014/06/20,10,201,20,0,0,0,0,0
2014/06/20,11,209,22,0,0,0,0,0
2014/06/20,12,206,18,0,0,0,0,0
2014/06/20,13,227,36,0,0,0,0,0
2014/06/20,14,243,50,0,0,0,0,0
2014/06/20,15,247,54,0,0,0,0,0
2014/06/20,16,247,53,0,0,0,0,0
2014/06/20,17,247,52,0,0,0,0,0
2014/06/20,18,240,50,0,0,0,0,0
2014/06/20,19,240,48,0,0,0,0,0
2014/06/20,20,255,43,0,0,0,0,0
2014/06/20,21,252,38,0,0,0,0,0
2014/06/20,22,248,33,0,0,0,0,0
2014/06/20,23,238,34,0,0,0,0,0
2014/06/20,24,187,37,0,0,0,0,0
2014/06/21,01,117,23,0,0,0,0,0
2014/06/21,02,40,4,0,0,0,0,0
2014/06/21,03,32,4,0,0,0,0,0
2014/06/21,04,32,4,0,0,0,0,0
2014/06/21,05,32,4,0,0,0,0,0
2014/06/21,06,32,4,0,0,0,0,0
2014/06/21,07,35,4,0,0,0,0,0
2014/06/21,08,91,7,0,0,0,0,0
2014/06/21,09,196,23,0,0,0,0,0
2014/06/21,10,214,35,0,0,0,0,0
2014/06/21,11,241,55,0,0,0,0,0
2014/06/21,12,261,71,0,0,0,0,0
2014/06/21,13,270,78,0,0,0,0,0
2014/06/21,14,270,79,0,0,0,0,0
2014/06/21,15,270,79,0,0,0,0,0
2014/06/21,16,264,74,0,0,0,0,0
2014/06/21,17,261,71,0,0,0,0,0
2014/06/21,18,253,63,0,0,0,0,0
2014/06/21,19,255,64,0,0,0,0,0
2014/06/21,20,274,60,0,0,0,0,0
2014/06/21,21,264,49,0,0,0,0,0
2014/06/21,22,251,37,0,0,0,0,0
2014/06/21,23,229,25,0,0,0,0,0
2014/06/21,24,199,41,0,0,0,0,0
2014/06/22,01,150,19,0,0,0,0,0
2014/06/22,02,97,4,0,0,0,0,0
2014/06/22,03,33,4,0,0,0,0,0
2014/06/22,04,31,4,0,0,0,0,0
2014/06/22,05,31,4,0,0,0,0,0
2014/06/22,06,32,4,0,0,0,0,0
2014/06/22,07,33,4,0,0,0,0,0
2014/06/22,08,78,9,0,0,0,0,0
2014/06/22,09,217,38,0,0,0,0,0
2014/06/22,10,244,56,0,0,0,0,0
2014/06/22,11,256,64,0,0,0,0,0
2014/06/22,12,262,67,0,0,0,0,0
2014/06/22,13,275,78,0,0,0,0,0
2014/06/22,14,272,76,0,0,0,0,0
2014/06/22,15,277,79,0,0,0,0,0
2014/06/22,16,273,76,0,0,0,0,0
2014/06/22,17,275,75,0,0,0,0,0
2014/06/22,18,267,70,0,0,0,0,0
2014/06/22,19,263,65,0,0,0,0,0
2014/06/22,20,283,64,0,0,0,0,0
2014/06/22,21,272,55,0,0,0,0,0
2014/06/22,22,264,50,0,0,0,0,0
2014/06/22,23,233,30,0,0,0,0,0
2014/06/22,24,201,38,0,0,0,0,0
2014/06/23,01,215,61,0,0,0,0,0
2014/06/23,02,74,17,0,0,0,0,0
2014/06/23,03,32,4,0,0,0,0,0
2014/06/23,04,32,4,0,0,0,0,0
2014/06/23,05,32,4,0,0,0,0,0
2014/06/23,06,32,4,0,0,0,0,0
2014/06/23,07,36,4,0,0,0,0,0
2014/06/23,08,79,4,0,0,0,0,0
2014/06/23,09,192,14,0,0,0,0,0
2014/06/23,10,204,23,0,0,0,0,0
2014/06/23,11,222,33,0,0,0,0,0
2014/06/23,12,224,34,0,0,0,0,0
2014/06/23,13,228,36,0,0,0,0,0
2014/06/23,14,229,37,0,0,0,0,0
2014/06/23,15,230,38,0,0,0,0,0
2014/06/23,16,233,41,0,0,0,0,0
2014/06/23,17,228,35,0,0,0,0,0
2014/06/23,18,227,34,0,0,0,0,0
2014/06/23,19,255,35,0,0,0,0,0
2014/06/23,20,249,33,0,0,0,0,0
2014/06/23,21,245,30,0,0,0,0,0
2014/06/23,22,246,33,0,0,0,0,0
2014/06/23,23,229,25,0,0,0,0,0
2014/06/23,24,198,33,0,0,0,0,0
2014/06/24,01,168,34,0,0,0,0,0
2014/06/24,02,57,7,0,0,0,0,0
2014/06/24,03,31,4,0,0,0,0,0
2014/06/24,04,30,4,0,0,0,0,0
2014/06/24,05,30,4,0,0,0,0,0
2014/06/24,06,31,4,0,0,0,0,0
2014/06/24,07,34,4,0,0,0,0,0
2014/06/24,08,107,21,0,0,0,0,0
2014/06/24,09,211,33,0,0,0,0,0
2014/06/24,10,226,44,0,0,0,0,0
2014/06/24,11,221,36,0,0,0,0,0
2014/06/24,12,236,48,0,0,0,0,0
2014/06/24,13,246,54,0,0,0,0,0
2014/06/24,14,254,62,0,0,0,0,0
2014/06/24,15,246,54,0,0,0,0,0
2014/06/24,16,251,59,0,0,0,0,0
2014/06/24,17,248,54,0,0,0,0,0
2014/06/24,18,247,53,0,0,0,0,0
2014/06/24,19,269,49,0,0,0,0,0
2014/06/24,20,254,41,0,0,0,0,0
2014/06/24,21,254,40,0,0,0,0,0
2014/06/24,22,247,35,0,0,0,0,0
2014/06/24,23,230,27,0,0,0,0,0
2014/06/24,24,181,24,0,0,0,0,0
2014/06/25,01,59,6,0,0,0,0,0
2014/06/25,02,31,4,0,0,0,0,0
2014/06/25,03,31,4,0,0,0,0,0
2014/06/25,04,31,4,0,0,0,0,0
2014/06/25,05,31,4,0,0,0,0,0
2014/06/25,06,32,4,0,0,0,0,0
2014/06/25,07,34,4,0,0,0,0,0
2014/06/25,08,94,26,0,0,0,0,0
2014/06/25,09,219,40,0,0,0,0,0
2014/06/25,10,220,38,0,0,0,0,0
2014/06/25,11,243,55,0,0,0,0,0
2014/06/25,12,256,63,0,0,0,0,0
2014/06/25,13,258,64,0,0,0,0,0
2014/06/25,14,259,63,0,0,0,0,0
2014/06/25,15,265,69,0,0,0,0,0
2014/06/25,16,260,65,0,0,0,0,0
2014/06/25,17,261,64,0,0,0,0,0
2014/06/25,18,260,65,0,0,0,0,0
2014/06/25,19,251,54,0,0,0,0,0
2014/06/25,20,264,48,0,0,0,0,0
2014/06/25,21,261,45,0,0,0,0,0
2014/06/25,22,245,32,0,0,0,0,0
2014/06/25,23,223,21,0,0,0,0,0
2014/06/25,24,175,29,0,0,0,0,0
2014/06/26,01,135,15,0,0,0,0,0
2014/06/26,02,62,5,0,0,0,0,0
2014/06/26,03,32,4,0,0,0,0,0
2014/06/26,04,31,4,0,0,0,0,0
2014/06/26,05,31,4,0,0,0,0,0
2014/06/26,06,32,4,0,0,0,0,0
2014/06/26,07,34,4,0,0,0,0,0
2014/06/26,08,73,16,0,0,0,0,0
2014/06/26,09,228,50,0,0,0,0,0
2014/06/26,10,252,67,0,0,0,0,0
2014/06/26,11,271,80,0,0,0,0,0
2014/06/26,12,279,85,0,0,0,0,0
2014/06/26,13,282,86,0,0,0,0,0
2014/06/26,14,281,85,0,0,0,0,0
2014/06/26,15,280,84,0,0,0,0,0
2014/06/26,16,279,83,0,0,0,0,0
2014/06/26,17,286,88,0,0,0,0,0
2014/06/26,18,281,84,0,0,0,0,0
2014/06/26,19,273,74,0,0,0,0,0
2014/06/26,20,285,67,0,0,0,0,0
2014/06/26,21,274,58,0,0,0,0,0
2014/06/26,22,269,53,0,0,0,0,0
2014/06/26,23,247,43,0,0,0,0,0
2014/06/26,24,189,36,0,0,0,0,0
2014/06/27,01,176,32,0,0,0,0,0
2014/06/27,02,42,4,0,0,0,0,0
2014/06/27,03,35,4,0,0,0,0,0
2014/06/27,04,34,4,0,0,0,0,0
2014/06/27,05,35,4,0,0,0,0,0
2014/06/27,06,35,4,0,0,0,0,0
2014/06/27,07,38,4,0,0,0,0,0
2014/06/27,08,111,34,0,0,0,0,0
2014/06/27,09,247,70,0,0,0,0,0
2014/06/27,10,272,85,0,0,0,0,0
2014/06/27,11,281,87,0,0,0,0,0
2014/06/27,12,283,86,0,0,0,0,0
2014/06/27,13,287,88,0,0,0,0,0
2014/06/27,14,286,87,0,0,0,0,0
2014/06/27,15,294,93,0,0,0,0,0
2014/06/27,16,298,98,0,0,0,0,0
2014/06/27,17,289,90,0,0,0,0,0
2014/06/27,18,287,89,0,0,0,0,0
2014/06/27,19,277,76,0,0,0,0,0
2014/06/27,20,293,73,0,0,0,0,0
2014/06/27,21,287,70,0,0,0,0,0
2014/06/27,22,273,58,0,0,0,0,0
2014/06/27,23,258,54,0,0,0,0,0
2014/06/27,24,205,48,0,0,0,0,0
2014/06/28,01,127,24,0,0,0,0,0
2014/06/28,02,32,4,0,0,0,0,0
2014/06/28,03,31,4,0,0,0,0,0
2014/06/28,04,31,4,0,0,0,0,0
2014/06/28,05,31,4,0,0,0,0,0
2014/06/28,06,31,4,0,0,0,0,0
2014/06/28,07,34,4,0,0,0,0,0
2014/06/28,08,125,49,0,0,0,0,0
2014/06/28,09,262,82,0,0,0,0,0
2014/06/28,10,277,91,0,0,0,0,0
2014/06/28,11,286,92,0,0,0,0,0
2014/06/28,12,292,95,0,0,0,0,0
2014/06/28,13,301,99,0,0,0,0,0
2014/06/28,14,306,104,0,0,0,0,0
2014/06/28,15,312,108,0,0,0,0,0
2014/06/28,16,305,104,0,0,0,0,0
2014/06/28,17,302,99,0,0,0,0,0
2014/06/28,18,284,86,0,0,0,0,0
2014/06/28,19,299,87,0,0,0,0,0
2014/06/28,20,292,71,0,0,0,0,0
2014/06/28,21,295,79,0,0,0,0,0
2014/06/28,22,285,70,0,0,0,0,0
2014/06/28,23,275,68,0,0,0,0,0
2014/06/28,24,197,50,0,0,0,0,0
2014/06/29,01,99,6,0,0,0,0,0
2014/06/29,02,41,5,0,0,0,0,0
2014/06/29,03,31,4,0,0,0,0,0
2014/06/29,04,31,4,0,0,0,0,0
2014/06/29,05,31,4,0,0,0,0,0
2014/06/29,06,32,4,0,0,0,0,0
2014/06/29,07,33,4,0,0,0,0,0
2014/06/29,08,109,28,0,0,0,0,0
2014/06/29,09,216,46,0,0,0,0,0
2014/06/29,10,218,39,0,0,0,0,0
2014/06/29,11,248,59,0,0,0,0,0
2014/06/29,12,262,66,0,0,0,0,0
2014/06/29,13,263,67,0,0,0,0,0
2014/06/29,14,265,68,0,0,0,0,0
2014/06/29,15,264,66,0,0,0,0,0
2014/06/29,16,266,68,0,0,0,0,0
2014/06/29,17,266,68,0,0,0,0,0
2014/06/29,18,261,63,0,0,0,0,0
2014/06/29,19,286,62,0,0,0,0,0
2014/06/29,20,277,57,0,0,0,0,0
2014/06/29,21,274,57,0,0,0,0,0
2014/06/29,22,241,28,0,0,0,0,0
2014/06/29,23,235,30,0,0,0,0,0
2014/06/29,24,208,39,0,0,0,0,0
2014/06/30,01,176,31,0,0,0,0,0
2014/06/30,02,44,5,0,0,0,0,0
2014/06/30,03,34,4,0,0,0,0,0
2014/06/30,04,32,4,0,0,0,0,0
2014/06/30,05,32,4,0,0,0,0,0
2014/06/30,06,31,4,0,0,0,0,0
2014/06/30,07,35,4,0,0,0,0,0
2014/06/30,08,67,4,0,0,0,0,0
2014/06/30,09,226,51,0,0,0,0,0
2014/06/30,10,240,57,0,0,0,0,0
2014/06/30,11,254,63,0,0,0,0,0
2014/06/30,12,234,43,0,0,0,0,0
2014/06/30,13,252,59,0,0,0,0,0
2014/06/30,14,259,65,0,0,0,0,0
2014/06/30,15,260,65,0,0,0,0,0
2014/06/30,16,273,77,0,0,0,0,0
2014/06/30,17,286,88,0,0,0,0,0
2014/06/30,18,272,77,0,0,0,0,0
2014/06/30,19,283,67,0,0,0,0,0
2014/06/30,20,280,64,0,0,0,0,0
2014/06/30,21,277,63,0,0,0,0,0
2014/06/30,22,267,55,0,0,0,0,0
2014/06/30,23,256,53,0,0,0,0,0
2014/06/30,24,195,44,0,0,0,0,0
2014/07/01,01,109,22,0,0,0,0,0
2014/07/01,02,36,4,0,0,0,0,0
2014/07/01,03,32,4,0,0,0,0,0
2014/07/01,04,32,4,0,0,0,0,0
2014/07/01,05,32,4,0,0,0,0,0
2014/07/01,06,33,4,0,0,0,0,0
2014/07/01,07,35,4,0,0,0,0,0
2014/07/01,08,110,33,0,0,0,0,0
2014/07/01,09,251,71,0,0,0,0,0
2014/07/01,10,259,74,0,0,0,0,0
2014/07/01,11,271,79,0,0,0,0,0
2014/07/01,12,278,84,0,0,0,0,0
2014/07/01,13,274,79,0,0,0,0,0
2014/07/01,14,282,86,0,0,0,0,0
2014/07/01,15,279,82,0,0,0,0,0
2014/07/01,16,272,77,0,0,0,0,0
2014/07/01,17,271,75,0,0,0,0,0
2014/07/01,18,264,70,0,0,0,0,0
2014/07/01,19,278,70,0,0,0,0,0
2014/07/01,20,270,57,0,0,0,0,0
2014/07/01,21,266,56,0,0,0,0,0
2014/07/01,22,254,46,0,0,0,0,0
2014/07/01,23,241,43,0,0,0,0,0
2014/07/01,24,186,39,0,0,0,0,0
2014/07/02,01,123,32,0,0,0,0,0
2014/07/02,02,32,4,0,0,0,0,0
2014/07/02,03,31,4,0,0,0,0,0
2014/07/02,04,31,4,0,0,0,0,0
2014/07/02,05,31,4,0,0,0,0,0
2014/07/02,06,32,4,0,0,0,0,0
2014/07/02,07,35,4,0,0,0,0,0
2014/07/02,08,111,34,0,0,0,0,0
2014/07/02,09,256,74,0,0,0,0,0
2014/07/02,10,270,82,0,0,0,0,0
2014/07/02,11,273,77,0,0,0,0,0
2014/07/02,12,276,80,0,0,0,0,0
2014/07/02,13,282,84,0,0,0,0,0
2014/07/02,14,275,78,0,0,0,0,0
2014/07/02,15,274,78,0,0,0,0,0
2014/07/02,16,273,76,0,0,0,0,0
2014/07/02,17,267,71,0,0,0,0,0
2014/07/02,18,263,70,0,0,0,0,0
2014/07/02,19,285,67,0,0,0,0,0
2014/07/02,20,280,66,0,0,0,0,0
2014/07/02,21,267,55,0,0,0,0,0
2014/07/02,22,265,55,0,0,0,0,0
2014/07/02,23,254,51,0,0,0,0,0
2014/07/02,24,204,45,0,0,0,0,0
2014/07/03,01,155,43,0,0,0,0,0
2014/07/03,02,59,14,0,0,0,0,0
2014/07/03,03,31,4,0,0,0,0,0
2014/07/03,04,30,4,0,0,0,0,0
2014/07/03,05,30,4,0,0,0,0,0
2014/07/03,06,31,4,0,0,0,0,0
2014/07/03,07,34,4,0,0,0,0,0
2014/07/03,08,96,28,0,0,0,0,0
2014/07/03,09,226,49,0,0,0,0,0
2014/07/03,10,245,59,0,0,0,0,0
2014/07/03,11,244,54,0,0,0,0,0
2014/07/03,12,270,75,0,0,0,0,0
2014/07/03,13,285,89,0,0,0,0,0
2014/07/03,14,289,92,0,0,0,0,0
2014/07/03,15,300,102,0,0,0,0,0
2014/07/03,16,287,92,0,0,0,0,0
2014/07/03,17,286,90,0,0,0,0,0
2014/07/03,18,270,77,0,0,0,0,0
2014/07/03,19,279,71,0,0,0,0,0
2014/07/03,20,280,67,0,0,0,0,0
2014/07/03,21,270,57,0,0,0,0,0
2014/07/03,22,264,53,0,0,0,0,0
2014/07/03,23,248,48,0,0,0,0,0
2014/07/03,24,195,38,0,0,0,0,0
2014/07/04,01,192,45,0,0,0,0,0
2014/07/04,02,40,6,0,0,0,0,0
2014/07/04,03,32,4,0,0,0,0,0
2014/07/04,04,31,4,0,0,0,0,0
2014/07/04,05,32,4,0,0,0,0,0
2014/07/04,06,32,4,0,0,0,0,0
2014/07/04,07,36,4,0,0,0,0,0
2014/07/04,08,100,26,0,0,0,0,0
2014/07/04,09,232,52,0,0,0,0,0
2014/07/04,10,247,63,0,0,0,0,0
2014/07/04,11,265,72,0,0,0,0,0
2014/07/04,12,267,73,0,0,0,0,0
2014/07/04,13,272,75,0,0,0,0,0
2014/07/04,14,281,84,0,0,0,0,0
2014/07/04,15,266,71,0,0,0,0,0
2014/07/04,16,271,76,0,0,0,0,0
2014/07/04,17,264,69,0,0,0,0,0
2014/07/04,18,258,66,0,0,0,0,0
2014/07/04,19,267,67,0,0,0,0,0
2014/07/04,20,259,46,0,0,0,0,0
2014/07/04,21,244,33,0,0,0,0,0
2014/07/04,22,244,33,0,0,0,0,0
2014/07/04,23,226,26,0,0,0,0,0
2014/07/04,24,181,34,0,0,0,0,0
2014/07/05,01,125,24,0,0,0,0,0
2014/07/05,02,32,4,0,0,0,0,0
2014/07/05,03,33,4,0,0,0,0,0
2014/07/05,04,32,4,0,0,0,0,0
2014/07/05,05,32,4,0,0,0,0,0
2014/07/05,06,32,4,0,0,0,0,0
2014/07/05,07,36,4,0,0,0,0,0
2014/07/05,08,98,22,0,0,0,0,0
2014/07/05,09,225,44,0,0,0,0,0
2014/07/05,10,242,55,0,0,0,0,0
2014/07/05,11,248,56,0,0,0,0,0
2014/07/05,12,251,57,0,0,0,0,0
2014/07/05,13,262,66,0,0,0,0,0
2014/07/05,14,256,61,0,0,0,0,0
2014/07/05,15,260,64,0,0,0,0,0
2014/07/05,16,259,64,0,0,0,0,0
2014/07/05,17,259,63,0,0,0,0,0
2014/07/05,18,257,63,0,0,0,0,0
2014/07/05,19,253,54,0,0,0,0,0
2014/07/05,20,250,38,0,0,0,0,0
2014/07/05,21,248,35,0,0,0,0,0
2014/07/05,22,242,32,0,0,0,0,0
2014/07/05,23,230,28,0,0,0,0,0
2014/07/05,24,195,40,0,0,0,0,0
2014/07/06,01,71,8,0,0,0,0,0
2014/07/06,02,31,4,0,0,0,0,0
2014/07/06,03,32,4,0,0,0,0,0
2014/07/06,04,31,4,0,0,0,0,0
2014/07/06,05,31,4,0,0,0,0,0
2014/07/06,06,31,4,0,0,0,0,0
2014/07/06,07,33,4,0,0,0,0,0
2014/07/06,08,81,10,0,0,0,0,0
2014/07/06,09,205,28,0,0,0,0,0
2014/07/06,10,236,51,0,0,0,0,0
2014/07/06,11,262,69,0,0,0,0,0
2014/07/06,12,277,79,0,0,0,0,0
2014/07/06,13,279,81,0,0,0,0,0
2014/07/06,14,288,88,0,0,0,0,0
2014/07/06,15,295,94,0,0,0,0,0
2014/07/06,16,289,89,0,0,0,0,0
2014/07/06,17,290,90,0,0,0,0,0
2014/07/06,18,271,75,0,0,0,0,0
2014/07/06,19,273,72,0,0,0,0,0
2014/07/06,20,287,68,0,0,0,0,0
2014/07/06,21,283,68,0,0,0,0,0
2014/07/06,22,267,54,0,0,0,0,0
2014/07/06,23,247,44,0,0,0,0,0
2014/07/06,24,194,43,0,0,0,0,0
2014/07/07,01,127,15,0,0,0,0,0
2014/07/07,02,32,4,0,0,0,0,0
2014/07/07,03,32,4,0,0,0,0,0
2014/07/07,04,32,4,0,0,0,0,0
2014/07/07,05,31,4,0,0,0,0,0
2014/07/07,06,32,4,0,0,0,0,0
2014/07/07,07,35,4,0,0,0,0,0
2014/07/07,08,107,26,0,0,0,0,0
2014/07/07,09,233,53,0,0,0,0,0
2014/07/07,10,253,67,0,0,0,0,0
2014/07/07,11,272,78,0,0,0,0,0
2014/07/07,12,261,67,0,0,0,0,0
2014/07/07,13,274,76,0,0,0,0,0
2014/07/07,14,276,77,0,0,0,0,0
2014/07/07,15,278,81,0,0,0,0,0
2014/07/07,16,275,79,0,0,0,0,0
2014/07/07,17,272,77,0,0,0,0,0
2014/07/07,18,262,68,0,0,0,0,0
2014/07/07,19,276,66,0,0,0,0,0
2014/07/07,20,270,55,0,0,0,0,0
2014/07/07,21,263,50,0,0,0,0,0
2014/07/07,22,257,46,0,0,0,0,0
2014/07/07,23,244,41,0,0,0,0,0
2014/07/07,24,210,49,0,0,0,0,0
2014/07/08,01,207,53,0,0,0,0,0
2014/07/08,02,192,42,0,0,0,0,0
2014/07/08,03,40,4,0,0,0,0,0
2014/07/08,04,32,4,0,0,0,0,0
2014/07/08,05,32,4,0,0,0,0,0
2014/07/08,06,32,4,0,0,0,0,0
2014/07/08,07,35,4,0,0,0,0,0
2014/07/08,08,106,36,0,0,0,0,0
2014/07/08,09,268,86,0,0,0,0,0
2014/07/08,10,277,90,0,0,0,0,0
2014/07/08,11,286,90,0,0,0,0,0
2014/07/08,12,284,87,0,0,0,0,0
2014/07/08,13,284,85,0,0,0,0,0
2014/07/08,14,278,81,0,0,0,0,0
2014/07/08,15,284,86,0,0,0,0,0
2014/07/08,16,283,86,0,0,0,0,0
2014/07/08,17,270,74,0,0,0,0,0
2014/07/08,18,268,76,0,0,0,0,0
2014/07/08,19,291,72,0,0,0,0,0
2014/07/08,20,286,70,0,0,0,0,0
2014/07/08,21,267,54,0,0,0,0,0
2014/07/08,22,267,54,0,0,0,0,0
2014/07/08,23,240,40,0,0,0,0,0
2014/07/08,24,190,38,0,0,0,0,0
2014/07/09,01,163,35,0,0,0,0,0
2014/07/09,02,52,10,0,0,0,0,0
2014/07/09,03,31,4,0,0,0,0,0
2014/07/09,04,31,4,0,0,0,0,0
2014/07/09,05,31,4,0,0,0,0,0
2014/07/09,06,32,4,0,0,0,0,0
2014/07/09,07,34,4,0,0,0,0,0
2014/07/09,08,108,31,0,0,0,0,0
2014/07/09,09,245,63,0,0,0,0,0
2014/07/09,10,235,50,0,0,0,0,0
2014/07/09,11,260,67,0,0,0,0,0
2014/07/09,12,272,77,0,0,0,0,0
2014/07/09,13,285,87,0,0,0,0,0
2014/07/09,14,282,84,0,0,0,0,0
2014/07/09,15,286,88,0,0,0,0,0
2014/07/09,16,285,88,0,0,0,0,0
2014/07/09,17,283,86,0,0,0,0,0
2014/07/09,18,280,85,0,0,0,0,0
2014/07/09,19,302,81,0,0,0,0,0
2014/07/09,20,293,76,0,0,0,0,0
2014/07/09,21,293,78,0,0,0,0,0
2014/07/09,22,288,74,0,0,0,0,0
2014/07/09,23,273,70,0,0,0,0,0
2014/07/09,24,224,71,0,0,0,0,0
2014/07/10,01,204,61,0,0,0,0,0
2014/07/10,02,145,43,0,0,0,0,0
2014/07/10,03,34,4,0,0,0,0,0
2014/07/10,04,34,4,0,0,0,0,0
2014/07/10,05,34,4,0,0,0,0,0
2014/07/10,06,35,4,0,0,0,0,0
2014/07/10,07,39,4,0,0,0,0,0
2014/07/10,08,134,42,0,0,0,0,0
2014/07/10,09,241,62,0,0,0,0,0
2014/07/10,10,257,64,0,0,0,0,0
2014/07/10,11,229,35,0,0,0,0,0
2014/07/10,12,241,44,0,0,0,0,0
2014/07/10,13,260,59,0,0,0,0,0
2014/07/10,14,260,61,0,0,0,0,0
2014/07/10,15,262,62,0,0,0,0,0
2014/07/10,16,260,61,0,0,0,0,0
2014/07/10,17,267,68,0,0,0,0,0
2014/07/10,18,265,69,0,0,0,0,0
2014/07/10,19,290,67,0,0,0,0,0
2014/07/10,20,291,70,0,0,0,0,0
2014/07/10,21,287,68,0,0,0,0,0
2014/07/10,22,285,67,0,0,0,0,0
2014/07/10,23,275,69,0,0,0,0,0
2014/07/10,24,216,60,0,0,0,0,0
2014/07/11,01,142,43,0,0,0,0,0
2014/07/11,02,52,4,0,0,0,0,0
2014/07/11,03,29,4,0,0,0,0,0
2014/07/11,04,29,4,0,0,0,0,0
2014/07/11,05,29,4,0,0,0,0,0
2014/07/11,06,30,4,0,0,0,0,0
2014/07/11,07,32,4,0,0,0,0,0
2014/07/11,08,127,42,0,0,0,0,0
2014/07/11,09,241,67,0,0,0,0,0
2014/07/11,10,259,77,0,0,0,0,0
2014/07/11,11,269,79,0,0,0,0,0
2014/07/11,12,270,77,0,0,0,0,0
2014/07/11,13,287,92,0,0,0,0,0
2014/07/11,14,287,91,0,0,0,0,0
2014/07/11,15,275,80,0,0,0,0,0
2014/07/11,16,281,86,0,0,0,0,0
2014/07/11,17,271,76,0,0,0,0,0
2014/07/11,18,270,77,0,0,0,0,0
2014/07/11,19,277,75,0,0,0,0,0
2014/07/11,20,284,71,0,0,0,0,0
2014/07/11,21,282,69,0,0,0,0,0
2014/07/11,22,279,66,0,0,0,0,0
2014/07/11,23,266,63,0,0,0,0,0
2014/07/11,24,213,54,0,0,0,0,0
2014/07/12,01,168,49,0,0,0,0,0
2014/07/12,02,42,9,0,0,0,0,0
2014/07/12,03,30,4,0,0,0,0,0
2014/07/12,04,29,4,0,0,0,0,0
2014/07/12,05,29,4,0,0,0,0,0
2014/07/12,06,29,4,0,0,0,0,0
2014/07/12,07,33,4,0,0,0,0,0
2014/07/12,08,109,39,0,0,0,0,0
2014/07/12,09,259,82,0,0,0,0,0
2014/07/12,10,280,93,0,0,0,0,0
2014/07/12,11,274,78,0,0,0,0,0
2014/07/12,12,280,83,0,0,0,0,0
2014/07/12,13,284,86,0,0,0,0,0
2014/07/12,14,291,94,0,0,0,0,0
2014/07/12,15,294,95,0,0,0,0,0
2014/07/12,16,285,87,0,0,0,0,0
2014/07/12,17,299,99,0,0,0,0,0
2014/07/12,18,292,95,0,0,0,0,0
2014/07/12,19,289,85,0,0,0,0,0
2014/07/12,20,296,79,0,0,0,0,0
2014/07/12,21,294,81,0,0,0,0,0
2014/07/12,22,283,71,0,0,0,0,0
2014/07/12,23,279,74,0,0,0,0,0
2014/07/12,24,228,71,0,0,0,0,0
2014/07/13,01,202,64,0,0,0,0,0
2014/07/13,02,44,11,0,0,0,0,0
2014/07/13,03,29,4,0,0,0,0,0
2014/07/13,04,29,4,0,0,0,0,0
2014/07/13,05,29,4,0,0,0,0,0
2014/07/13,06,29,4,0,0,0,0,0
2014/07/13,07,30,4,0,0,0,0,0
2014/07/13,08,117,43,0,0,0,0,0
2014/07/13,09,240,68,0,0,0,0,0
2014/07/13,10,266,78,0,0,0,0,0
2014/07/13,11,278,84,0,0,0,0,0
2014/07/13,12,280,84,0,0,0,0,0
2014/07/13,13,280,83,0,0,0,0,0
2014/07/13,14,289,91,0,0,0,0,0
2014/07/13,15,287,90,0,0,0,0,0
2014/07/13,16,284,87,0,0,0,0,0
2014/07/13,17,278,82,0,0,0,0,0
2014/07/13,18,269,75,0,0,0,0,0
2014/07/13,19,291,70,0,0,0,0,0
2014/07/13,20,291,73,0,0,0,0,0
2014/07/13,21,278,65,0,0,0,0,0
2014/07/13,22,281,69,0,0,0,0,0
2014/07/13,23,255,52,0,0,0,0,0
2014/07/13,24,205,48,0,0,0,0,0
2014/07/14,01,195,45,0,0,0,0,0
2014/07/14,02,65,10,0,0,0,0,0
2014/07/14,03,29,4,0,0,0,0,0
2014/07/14,04,28,4,0,0,0,0,0
2014/07/14,05,29,4,0,0,0,0,0
2014/07/14,06,29,4,0,0,0,0,0
2014/07/14,07,32,4,0,0,0,0,0
2014/07/14,08,91,26,0,0,0,0,0
2014/07/14,09,239,62,0,0,0,0,0
2014/07/14,10,262,77,0,0,0,0,0
2014/07/14,11,270,80,0,0,0,0,0
2014/07/14,12,276,81,0,0,0,0,0
2014/07/14,13,281,85,0,0,0,0,0
2014/07/14,14,280,86,0,0,0,0,0
2014/07/14,15,278,84,0,0,0,0,0
2014/07/14,16,281,87,0,0,0,0,0
2014/07/14,17,277,83,0,0,0,0,0
2014/07/14,18,268,76,0,0,0,0,0
2014/07/14,19,285,74,0,0,0,0,0
2014/07/14,20,285,70,0,0,0,0,0
2014/07/14,21,270,59,0,0,0,0,0
2014/07/14,22,262,53,0,0,0,0,0
2014/07/14,23,252,55,0,0,0,0,0
2014/07/14,24,199,47,0,0,0,0,0
2014/07/15,01,159,38,0,0,0,0,0
2014/07/15,02,77,15,0,0,0,0,0
2014/07/15,03,30,4,0,0,0,0,0
2014/07/15,04,30,4,0,0,0,0,0
2014/07/15,05,30,4,0,0,0,0,0
2014/07/15,06,31,4,0,0,0,0,0
2014/07/15,07,33,4,0,0,0,0,0
2014/07/15,08,119,45,0,0,0,0,0
2014/07/15,09,263,87,0,0,0,0,0
2014/07/15,10,281,95,0,0,0,0,0
2014/07/15,11,292,94,0,0,0,0,0
2014/07/15,12,293,92,0,0,0,0,0
2014/07/15,13,301,100,0,0,0,0,0
2014/07/15,14,304,102,0,0,0,0,0
2014/07/15,15,305,102,0,0,0,0,0
2014/07/15,16,302,99,0,0,0,0,0
2014/07/15,17,302,99,0,0,0,0,0
2014/07/15,18,295,95,0,0,0,0,0
2014/07/15,19,296,85,0,0,0,0,0
2014/07/15,20,298,81,0,0,0,0,0
2014/07/15,21,294,77,0,0,0,0,0
2014/07/15,22,289,72,0,0,0,0,0
2014/07/15,23,276,70,0,0,0,0,0
2014/07/15,24,221,61,0,0,0,0,0
2014/07/16,01,168,36,0,0,0,0,0
2014/07/16,02,111,4,0,0,0,0,0
2014/07/16,03,95,5,0,0,0,0,0
2014/07/16,04,31,4,0,0,0,0,0
2014/07/16,05,32,4,0,0,0,0,0
2014/07/16,06,33,4,0,0,0,0,0
2014/07/16,07,36,4,0,0,0,0,0
2014/07/16,08,127,50,0,0,0,0,0
2014/07/16,09,251,77,0,0,0,0,0
2014/07/16,10,260,78,0,0,0,0,0
2014/07/16,11,280,86,0,0,0,0,0
2014/07/16,12,279,81,0,0,0,0,0
2014/07/16,13,274,77,0,0,0,0,0
2014/07/16,14,273,76,0,0,0,0,0
2014/07/16,15,276,79,0,0,0,0,0
2014/07/16,16,275,78,0,0,0,0,0
2014/07/16,17,275,77,0,0,0,0,0
2014/07/16,18,270,74,0,0,0,0,0
2014/07/16,19,295,74,0,0,0,0,0
2014/07/16,20,286,72,0,0,0,0,0
2014/07/16,21,284,70,0,0,0,0,0
2014/07/16,22,283,72,0,0,0,0,0
2014/07/16,23,273,69,0,0,0,0,0
2014/07/16,24,223,65,0,0,0,0,0
2014/07/17,01,180,52,0,0,0,0,0
2014/07/17,02,50,11,0,0,0,0,0
2014/07/17,03,31,4,0,0,0,0,0
2014/07/17,04,30,4,0,0,0,0,0
2014/07/17,05,31,4,0,0,0,0,0
2014/07/17,06,32,4,0,0,0,0,0
2014/07/17,07,35,4,0,0,0,0,0
2014/07/17,08,126,48,0,0,0,0,0
2014/07/17,09,256,81,0,0,0,0,0
2014/07/17,10,281,98,0,0,0,0,0
2014/07/17,11,285,92,0,0,0,0,0
2014/07/17,12,296,99,0,0,0,0,0
2014/07/17,13,301,100,0,0,0,0,0
2014/07/17,14,281,89,0,0,0,0,0
2014/07/17,15,313,113,0,0,0,0,0
2014/07/17,16,309,107,0,0,0,0,0
2014/07/17,17,317,112,0,0,0,0,0
2014/07/17,18,292,93,0,0,0,0,0
2014/07/17,19,298,88,0,0,0,0,0
2014/07/17,20,297,82,0,0,0,0,0
2014/07/17,21,286,72,0,0,0,0,0
2014/07/17,22,284,71,0,0,0,0,0
2014/07/17,23,275,71,0,0,0,0,0
2014/07/17,24,227,68,0,0,0,0,0
2014/07/18,01,217,65,0,0,0,0,0
2014/07/18,02,86,24,0,0,0,0,0
2014/07/18,03,31,4,0,0,0,0,0
2014/07/18,04,31,4,0,0,0,0,0
2014/07/18,05,32,4,0,0,0,0,0
2014/07/18,06,31,4,0,0,0,0,0
2014/07/18,07,34,4,0,0,0,0,0
2014/07/18,08,125,45,0,0,0,0,0
2014/07/18,09,251,77,0,0,0,0,0
2014/07/18,10,277,91,0,0,0,0,0
2014/07/18,11,285,89,0,0,0,0,0
2014/07/18,12,285,87,0,0,0,0,0
2014/07/18,13,289,91,0,0,0,0,0
2014/07/18,14,292,94,0,0,0,0,0
2014/07/18,15,295,93,0,0,0,0,0
2014/07/18,16,287,86,0,0,0,0,0
2014/07/18,17,277,78,0,0,0,0,0
2014/07/18,18,275,79,0,0,0,0,0
2014/07/18,19,297,74,0,0,0,0,0
2014/07/18,20,287,71,0,0,0,0,0
2014/07/18,21,290,75,0,0,0,0,0
2014/07/18,22,282,68,0,0,0,0,0
2014/07/18,23,273,68,0,0,0,0,0
2014/07/18,24,216,59,0,0,0,0,0
2014/07/19,01,183,56,0,0,0,0,0
2014/07/19,02,115,30,0,0,0,0,0
2014/07/19,03,38,4,0,0,0,0,0
2014/07/19,04,31,4,0,0,0,0,0
2014/07/19,05,32,4,0,0,0,0,0
2014/07/19,06,33,4,0,0,0,0,0
2014/07/19,07,35,4,0,0,0,0,0
2014/07/19,08,100,32,0,0,0,0,0
2014/07/19,09,248,68,0,0,0,0,0
2014/07/19,10,262,73,0,0,0,0,0
2014/07/19,11,268,73,0,0,0,0,0
2014/07/19,12,270,74,0,0,0,0,0
2014/07/19,13,287,91,0,0,0,0,0
2014/07/19,14,283,87,0,0,0,0,0
2014/07/19,15,292,90,0,0,0,0,0
2014/07/19,16,270,71,0,0,0,0,0
2014/07/19,17,264,64,0,0,0,0,0
2014/07/19,18,255,59,0,0,0,0,0
2014/07/19,19,268,57,0,0,0,0,0
2014/07/19,20,268,54,0,0,0,0,0
2014/07/19,21,264,51,0,0,0,0,0
2014/07/19,22,260,48,0,0,0,0,0
2014/07/19,23,250,45,0,0,0,0,0
2014/07/19,24,192,38,0,0,0,0,0
2014/07/20,01,148,31,0,0,0,0,0
2014/07/20,02,58,9,0,0,0,0,0
2014/07/20,03,31,4,0,0,0,0,0
2014/07/20,04,31,4,0,0,0,0,0
2014/07/20,05,31,4,0,0,0,0,0
2014/07/20,06,32,4,0,0,0,0,0
2014/07/20,07,33,4,0,0,0,0,0
2014/07/20,08,103,31,0,0,0,0,0
2014/07/20,09,251,70,0,0,0,0,0
2014/07/20,10,270,82,0,0,0,0,0
2014/07/20,11,268,74,0,0,0,0,0
2014/07/20,12,275,77,0,0,0,0,0
2014/07/20,13,277,78,0,0,0,0,0
2014/07/20,14,278,80,0,0,0,0,0
2014/07/20,15,286,86,0,0,0,0,0
2014/07/20,16,290,90,0,0,0,0,0
2014/07/20,17,284,85,0,0,0,0,0
2014/07/20,18,275,81,0,0,0,0,0
2014/07/20,19,277,79,0,0,0,0,0
2014/07/20,20,284,68,0,0,0,0,0
2014/07/20,21,271,59,0,0,0,0,0
2014/07/20,22,265,54,0,0,0,0,0
2014/07/20,23,233,31,0,0,0,0,0
2014/07/20,24,207,57,0,0,0,0,0
2014/07/21,01,156,42,0,0,0,0,0
2014/07/21,02,69,17,0,0,0,0,0
2014/07/21,03,32,4,0,0,0,0,0
2014/07/21,04,31,4,0,0,0,0,0
2014/07/21,05,31,4,0,0,0,0,0
2014/07/21,06,32,4,0,0,0,0,0
2014/07/21,07,34,4,0,0,0,0,0
2014/07/21,08,104,33,0,0,0,0,0
2014/07/21,09,263,82,0,0,0,0,0
2014/07/21,10,282,90,0,0,0,0,0
2014/07/21,11,287,92,0,0,0,0,0
2014/07/21,12,285,87,0,0,0,0,0
2014/07/21,13,285,85,0,0,0,0,0
2014/07/21,14,286,88,0,0,0,0,0
2014/07/21,15,285,85,0,0,0,0,0
2014/07/21,16,287,86,0,0,0,0,0
2014/07/21,17,286,87,0,0,0,0,0
2014/07/21,18,277,82,0,0,0,0,0
2014/07/21,19,278,75,0,0,0,0,0
2014/07/21,20,288,71,0,0,0,0,0
2014/07/21,21,275,63,0,0,0,0,0
2014/07/21,22,271,61,0,0,0,0,0
2014/07/21,23,253,50,0,0,0,0,0
2014/07/21,24,201,45,0,0,0,0,0
2014/07/22,01,105,37,0,0,0,0,0
2014/07/22,02,31,4,0,0,0,0,0
2014/07/22,03,32,4,0,0,0,0,0
2014/07/22,04,31,4,0,0,0,0,0
2014/07/22,05,32,4,0,0,0,0,0
2014/07/22,06,32,4,0,0,0,0,0
2014/07/22,07,36,4,0,0,0,0,0
2014/07/22,08,177,52,0,0,0,0,0
2014/07/22,09,249,70,0,0,0,0,0
2014/07/22,10,273,88,0,0,0,0,0
2014/07/22,11,277,83,0,0,0,0,0
2014/07/22,12,282,86,0,0,0,0,0
2014/07/22,13,296,98,0,0,0,0,0
2014/07/22,14,296,97,0,0,0,0,0
2014/07/22,15,303,103,0,0,0,0,0
2014/07/22,16,302,101,0,0,0,0,0
2014/07/22,17,297,97,0,0,0,0,0
2014/07/22,18,284,87,0,0,0,0,0
2014/07/22,19,301,78,0,0,0,0,0
2014/07/22,20,295,80,0,0,0,0,0
2014/07/22,21,289,75,0,0,0,0,0
2014/07/22,22,283,72,0,0,0,0,0
2014/07/22,23,275,71,0,0,0,0,0
2014/07/22,24,205,58,0,0,0,0,0
2014/07/23,01,175,46,0,0,0,0,0
2014/07/23,02,52,12,0,0,0,0,0
2014/07/23,03,31,4,0,0,0,0,0
2014/07/23,04,32,4,0,0,0,0,0
2014/07/23,05,32,4,0,0,0,0,0
2014/07/23,06,33,4,0,0,0,0,0
2014/07/23,07,36,4,0,0,0,0,0
2014/07/23,08,172,65,0,0,0,0,0
2014/07/23,09,253,71,0,0,0,0,0
2014/07/23,10,269,81,0,0,0,0,0
2014/07/23,11,265,71,0,0,0,0,0
2014/07/23,12,257,60,0,0,0,0,0
2014/07/23,13,272,72,0,0,0,0,0
2014/07/23,14,269,70,0,0,0,0,0
2014/07/23,15,266,68,0,0,0,0,0
2014/07/23,16,263,66,0,0,0,0,0
2014/07/23,17,264,68,0,0,0,0,0
2014/07/23,18,259,66,0,0,0,0,0
2014/07/23,19,279,59,0,0,0,0,0
2014/07/23,20,277,62,0,0,0,0,0
2014/07/23,21,274,61,0,0,0,0,0
2014/07/23,22,270,58,0,0,0,0,0
2014/07/23,23,252,50,0,0,0,0,0
2014/07/23,24,196,47,0,0,0,0,0
2014/07/24,01,138,41,0,0,0,0,0
2014/07/24,02,39,7,0,0,0,0,0
2014/07/24,03,31,4,0,0,0,0,0
2014/07/24,04,30,4,0,0,0,0,0
2014/07/24,05,31,4,0,0,0,0,0
2014/07/24,06,31,4,0,0,0,0,0
2014/07/24,07,34,4,0,0,0,0,0
2014/07/24,08,141,50,0,0,0,0,0
2014/07/24,09,264,85,0,0,0,0,0
2014/07/24,10,283,98,0,0,0,0,0
2014/07/24,11,292,98,0,0,0,0,0
2014/07/24,12,298,102,0,0,0,0,0
2014/07/24,13,305,105,0,0,0,0,0
2014/07/24,14,298,100,0,0,0,0,0
2014/07/24,15,301,101,0,0,0,0,0
2014/07/24,16,303,103,0,0,0,0,0
2014/07/24,17,306,106,0,0,0,0,0
2014/07/24,18,284,88,0,0,0,0,0
2014/07/24,19,301,83,0,0,0,0,0
2014/07/24,20,291,77,0,0,0,0,0
2014/07/24,21,290,78,0,0,0,0,0
2014/07/24,22,282,72,0,0,0,0,0
2014/07/24,23,281,77,0,0,0,0,0
2014/07/24,24,231,75,0,0,0,0,0
2014/07/25,01,166,66,0,0,0,0,0
2014/07/25,02,31,5,0,0,0,0,0
2014/07/25,03,31,4,0,0,0,0,0
2014/07/25,04,33,4,0,0,0,0,0
2014/07/25,05,33,4,0,0,0,0,0
2014/07/25,06,34,4,0,0,0,0,0
2014/07/25,07,37,4,0,0,0,0,0
2014/07/25,08,149,54,0,0,0,0,0
2014/07/25,09,279,97,0,0,0,0,0
2014/07/25,10,275,90,0,0,0,0,0
2014/07/25,11,285,91,0,0,0,0,0
2014/07/25,12,282,86,0,0,0,0,0
2014/07/25,13,287,90,0,0,0,0,0
2014/07/25,14,289,92,0,0,0,0,0
2014/07/25,15,287,89,0,0,0,0,0
2014/07/25,16,287,89,0,0,0,0,0
2014/07/25,17,281,83,0,0,0,0,0
2014/07/25,18,273,79,0,0,0,0,0
2014/07/25,19,299,80,0,0,0,0,0
2014/07/25,20,290,77,0,0,0,0,0
2014/07/25,21,286,73,0,0,0,0,0
2014/07/25,22,253,44,0,0,0,0,0
2014/07/25,23,252,51,0,0,0,0,0
2014/07/25,24,202,48,0,0,0,0,0
2014/07/26,01,187,40,0,0,0,0,0
2014/07/26,02,145,36,0,0,0,0,0
2014/07/26,03,31,4,0,0,0,0,0
2014/07/26,04,31,4,0,0,0,0,0
2014/07/26,05,32,4,0,0,0,0,0
2014/07/26,06,32,4,0,0,0,0,0
2014/07/26,07,35,4,0,0,0,0,0
2014/07/26,08,97,35,0,0,0,0,0
2014/07/26,09,252,71,0,0,0,0,0
2014/07/26,10,273,85,0,0,0,0,0
2014/07/26,11,290,94,0,0,0,0,0
2014/07/26,12,299,99,0,0,0,0,0
2014/07/26,13,313,110,0,0,0,0,0
2014/07/26,14,321,115,0,0,0,0,0
2014/07/26,15,329,124,0,0,0,0,0
2014/07/26,16,337,129,0,0,0,0,0
2014/07/26,17,341,134,0,0,0,0,0
2014/07/26,18,329,125,0,0,0,0,0
2014/07/26,19,334,118,0,0,0,0,0
2014/07/26,20,317,98,0,0,0,0,0
2014/07/26,21,319,101,0,0,0,0,0
2014/07/26,22,309,92,0,0,0,0,0
2014/07/26,23,297,90,0,0,0,0,0
2014/07/26,24,232,75,0,0,0,0,0
2014/07/27,01,211,63,0,0,0,0,0
2014/07/27,02,209,62,0,0,0,0,0
2014/07/27,03,166,58,0,0,0,0,0
2014/07/27,04,53,13,0,0,0,0,0
2014/07/27,05,32,4,0,0,0,0,0
2014/07/27,06,32,4,0,0,0,0,0
2014/07/27,07,34,4,0,0,0,0,0
2014/07/27,08,158,63,0,0,0,0,0
2014/07/27,09,270,87,0,0,0,0,0
2014/07/27,10,271,82,0,0,0,0,0
2014/07/27,11,273,78,0,0,0,0,0
2014/07/27,12,274,76,0,0,0,0,0
2014/07/27,13,274,74,0,0,0,0,0
2014/07/27,14,270,71,0,0,0,0,0
2014/07/27,15,265,66,0,0,0,0,0
2014/07/27,16,271,72,0,0,0,0,0
2014/07/27,17,274,75,0,0,0,0,0
2014/07/27,18,269,72,0,0,0,0,0
2014/07/27,19,288,68,0,0,0,0,0
2014/07/27,20,283,65,0,0,0,0,0
2014/07/27,21,262,53,0,0,0,0,0
2014/07/27,22,233,62,0,0,0,0,0
2014/07/27,23,208,62,0,0,0,0,0
2014/07/27,24,204,59,0,0,0,0,0
2014/07/28,01,183,36,0,0,0,0,0
2014/07/28,02,173,28,0,0,0,0,0
2014/07/28,03,183,37,0,0,0,0,0
2014/07/28,04,180,35,0,0,0,0,0
2014/07/28,05,147,35,0,0,0,0,0
2014/07/28,06,140,32,0,0,0,0,0
2014/07/28,07,149,32,0,0,0,0,0
2014/07/28,08,162,44,0,0,0,0,0
2014/07/28,09,212,53,0,0,0,0,0
2014/07/28,10,218,60,0,0,0,0,0
2014/07/28,11,224,66,0,0,0,0,0
2014/07/28,12,239,70,0,0,0,0,0
2014/07/28,13,253,73,0,0,0,0,0
2014/07/28,14,253,74,0,0,0,0,0
2014/07/28,15,258,77,0,0,0,0,0
2014/07/28,16,257,76,0,0,0,0,0
2014/07/28,17,257,77,0,0,0,0,0
2014/07/28,18,255,76,0,0,0,0,0
2014/07/28,19,276,71,0,0,0,0,0
2014/07/28,20,287,71,0,0,0,0,0
2014/07/28,21,288,71,0,0,0,0,0
2014/07/28,22,285,70,0,0,0,0,0
2014/07/28,23,264,58,0,0,0,0,0
2014/07/28,24,217,63,0,0,0,0,0
2014/07/29,01,155,27,0,0,0,0,0
2014/07/29,02,115,22,0,0,0,0,0
2014/07/29,03,41,8,0,0,0,0,0
2014/07/29,04,30,4,0,0,0,0,0
2014/07/29,05,31,4,0,0,0,0,0
2014/07/29,06,31,4,0,0,0,0,0
2014/07/29,07,34,4,0,0,0,0,0
2014/07/29,08,143,46,0,0,0,0,0
2014/07/29,09,258,76,0,0,0,0,0
2014/07/29,10,281,89,0,0,0,0,0
2014/07/29,11,284,87,0,0,0,0,0
2014/07/29,12,287,88,0,0,0,0,0
2014/07/29,13,298,98,0,0,0,0,0
2014/07/29,14,300,99,0,0,0,0,0
2014/07/29,15,300,97,0,0,0,0,0
2014/07/29,16,298,96,0,0,0,0,0
2014/07/29,17,293,89,0,0,0,0,0
2014/07/29,18,288,87,0,0,0,0,0
2014/07/29,19,307,80,0,0,0,0,0
2014/07/29,20,297,78,0,0,0,0,0
2014/07/29,21,292,75,0,0,0,0,0
2014/07/29,22,282,67,0,0,0,0,0
2014/07/29,23,265,59,0,0,0,0,0
2014/07/29,24,200,50,0,0,0,0,0
2014/07/30,01,186,43,0,0,0,0,0
2014/07/30,02,182,39,0,0,0,0,0
2014/07/30,03,116,32,0,0,0,0,0
2014/07/30,04,30,4,0,0,0,0,0
2014/07/30,05,31,4,0,0,0,0,0
2014/07/30,06,31,4,0,0,0,0,0
2014/07/30,07,34,4,0,0,0,0,0
2014/07/30,08,104,29,0,0,0,0,0
2014/07/30,09,240,58,0,0,0,0,0
2014/07/30,10,256,71,0,0,0,0,0
2014/07/30,11,287,90,0,0,0,0,0
2014/07/30,12,298,98,0,0,0,0,0
2014/07/30,13,306,103,0,0,0,0,0
2014/07/30,14,318,114,0,0,0,0,0
2014/07/30,15,322,118,0,0,0,0,0
2014/07/30,16,318,114,0,0,0,0,0
2014/07/30,17,317,112,0,0,0,0,0
2014/07/30,18,302,99,0,0,0,0,0
2014/07/30,19,317,90,0,0,0,0,0
2014/07/30,20,313,93,0,0,0,0,0
2014/07/30,21,301,84,0,0,0,0,0
2014/07/30,22,300,83,0,0,0,0,0
2014/07/30,23,282,74,0,0,0,0,0
2014/07/30,24,223,67,0,0,0,0,0
2014/07/31,01,177,57,0,0,0,0,0
2014/07/31,02,74,18,0,0,0,0,0
2014/07/31,03,65,15,0,0,0,0,0
2014/07/31,04,37,5,0,0,0,0,0
2014/07/31,05,31,4,0,0,0,0,0
2014/07/31,06,31,4,0,0,0,0,0
2014/07/31,07,34,4,0,0,0,0,0
2014/07/31,08,61,14,0,0,0,0,0
2014/07/31,09,265,86,0,0,0,0,0
2014/07/31,10,281,95,0,0,0,0,0
2014/07/31,11,309,112,0,0,0,0,0
2014/07/31,12,316,116,0,0,0,0,0
2014/07/31,13,320,113,0,0,0,0,0
2014/07/31,14,313,107,0,0,0,0,0
2014/07/31,15,319,112,0,0,0,0,0
2014/07/31,16,327,121,0,0,0,0,0
2014/07/31,17,319,112,0,0,0,0,0
2014/07/31,18,305,103,0,0,0,0,0
2014/07/31,19,318,91,0,0,0,0,0
2014/07/31,20,303,83,0,0,0,0,0
2014/07/31,21,310,97,0,0,0,0,0
2014/07/31,22,305,92,0,0,0,0,0
2014/07/31,23,288,83,0,0,0,0,0
2014/07/31,24,227,73,0,0,0,0,0
2014/08/01,01,208,68,0,0,0,0,0
2014/08/01,02,123,32,0,0,0,0,0
2014/08/01,03,33,6,0,0,0,0,0
2014/08/01,04,33,5,0,0,0,0,0
2014/08/01,05,33,5,0,0,0,0,0
2014/08/01,06,36,5,0,0,0,0,0
2014/08/01,07,38,5,0,0,0,0,0
2014/08/01,08,133,50,0,0,0,0,0
2014/08/01,09,260,76,0,0,0,0,0
2014/08/01,10,268,80,0,0,0,0,0
2014/08/01,11,285,89,0,0,0,0,0
2014/08/01,12,304,100,0,0,0,0,0
2014/08/01,13,313,107,0,0,0,0,0
2014/08/01,14,312,109,0,0,0,0,0
2014/08/01,15,313,109,0,0,0,0,0
2014/08/01,16,313,107,0,0,0,0,0
2014/08/01,17,309,104,0,0,0,0,0
2014/08/01,18,296,95,0,0,0,0,0
2014/08/01,19,312,89,0,0,0,0,0
2014/08/01,20,313,92,0,0,0,0,0
2014/08/01,21,305,87,0,0,0,0,0
2014/08/01,22,293,76,0,0,0,0,0
2014/08/01,23,279,73,0,0,0,0,0
2014/08/01,24,213,68,0,0,0,0,0
2014/08/02,01,188,69,0,0,0,0,0
2014/08/02,02,66,22,0,0,0,0,0
2014/08/02,03,30,4,0,0,0,0,0
2014/08/02,04,31,4,0,0,0,0,0
2014/08/02,05,31,4,0,0,0,0,0
2014/08/02,06,32,4,0,0,0,0,0
2014/08/02,07,35,4,0,0,0,0,0
2014/08/02,08,126,40,0,0,0,0,0
2014/08/02,09,264,82,0,0,0,0,0
2014/08/02,10,291,99,0,0,0,0,0
2014/08/02,11,307,107,0,0,0,0,0
2014/08/02,12,322,117,0,0,0,0,0
2014/08/02,13,321,114,0,0,0,0,0
2014/08/02,14,328,121,0,0,0,0,0
2014/08/02,15,327,119,0,0,0,0,0
2014/08/02,16,333,126,0,0,0,0,0
2014/08/02,17,321,114,0,0,0,0,0
2014/08/02,18,307,104,0,0,0,0,0
2014/08/02,19,320,95,0,0,0,0,0
2014/08/02,20,314,93,0,0,0,0,0
2014/08/02,21,309,90,0,0,0,0,0
2014/08/02,22,309,93,0,0,0,0,0
2014/08/02,23,295,88,0,0,0,0,0
2014/08/02,24,225,77,0,0,0,0,0
2014/08/03,01,209,70,0,0,0,0,0
2014/08/03,02,138,51,0,0,0,0,0
2014/08/03,03,32,4,0,0,0,0,0
2014/08/03,04,31,4,0,0,0,0,0
2014/08/03,05,31,4,0,0,0,0,0
2014/08/03,06,32,4,0,0,0,0,0
2014/08/03,07,34,4,0,0,0,0,0
2014/08/03,08,152,67,0,0,0,0,0
2014/08/03,09,255,84,0,0,0,0,0
2014/08/03,10,267,85,0,0,0,0,0
2014/08/03,11,310,109,0,0,0,0,0
2014/08/03,12,323,117,0,0,0,0,0
2014/08/03,13,341,132,0,0,0,0,0
2014/08/03,14,347,137,0,0,0,0,0
2014/08/03,15,354,144,0,0,0,0,0
2014/08/03,16,346,138,0,0,0,0,0
2014/08/03,17,350,139,0,0,0,0,0
2014/08/03,18,326,120,0,0,0,0,0
2014/08/03,19,331,115,0,0,0,0,0
2014/08/03,20,328,105,0,0,0,0,0
2014/08/03,21,315,96,0,0,0,0,0
2014/08/03,22,299,85,0,0,0,0,0
2014/08/03,23,286,81,0,0,0,0,0
2014/08/03,24,218,65,0,0,0,0,0
2014/08/04,01,207,59,0,0,0,0,0
2014/08/04,02,46,8,0,0,0,0,0
2014/08/04,03,31,4,0,0,0,0,0
2014/08/04,04,31,4,0,0,0,0,0
2014/08/04,05,31,4,0,0,0,0,0
2014/08/04,06,31,4,0,0,0,0,0
2014/08/04,07,35,4,0,0,0,0,0
2014/08/04,08,192,83,0,0,0,0,0
2014/08/04,09,264,81,0,0,0,0,0
2014/08/04,10,287,97,0,0,0,0,0
2014/08/04,11,319,117,0,0,0,0,0
2014/08/04,12,319,115,0,0,0,0,0
2014/08/04,13,322,115,0,0,0,0,0
2014/08/04,14,320,115,0,0,0,0,0
2014/08/04,15,329,123,0,0,0,0,0
2014/08/04,16,329,123,0,0,0,0,0
2014/08/04,17,321,115,0,0,0,0,0
2014/08/04,18,306,103,0,0,0,0,0
2014/08/04,19,327,100,0,0,0,0,0
2014/08/04,20,318,98,0,0,0,0,0
2014/08/04,21,311,94,0,0,0,0,0
2014/08/04,22,303,88,0,0,0,0,0
2014/08/04,23,287,81,0,0,0,0,0
2014/08/04,24,214,65,0,0,0,0,0
2014/08/05,01,181,52,0,0,0,0,0
2014/08/05,02,68,19,0,0,0,0,0
2014/08/05,03,32,4,0,0,0,0,0
2014/08/05,04,32,4,0,0,0,0,0
2014/08/05,05,33,4,0,0,0,0,0
2014/08/05,06,33,4,0,0,0,0,0
2014/08/05,07,37,4,0,0,0,0,0
2014/08/05,08,183,78,0,0,0,0,0
2014/08/05,09,259,76,0,0,0,0,0
2014/08/05,10,269,81,0,0,0,0,0
2014/08/05,11,290,91,0,0,0,0,0
2014/08/05,12,299,99,0,0,0,0,0
2014/08/05,13,307,103,0,0,0,0,0
2014/08/05,14,310,107,0,0,0,0,0
2014/08/05,15,299,95,0,0,0,0,0
2014/08/05,16,297,92,0,0,0,0,0
2014/08/05,17,297,95,0,0,0,0,0
2014/08/05,18,288,89,0,0,0,0,0
2014/08/05,19,321,95,0,0,0,0,0
2014/08/05,20,304,88,0,0,0,0,0
2014/08/05,21,301,84,0,0,0,0,0
2014/08/05,22,305,88,0,0,0,0,0
2014/08/05,23,291,83,0,0,0,0,0
2014/08/05,24,239,80,0,0,0,0,0
2014/08/06,01,195,80,0,0,0,0,0
2014/08/06,02,100,39,0,0,0,0,0
2014/08/06,03,38,4,0,0,0,0,0
2014/08/06,04,37,4,0,0,0,0,0
2014/08/06,05,38,4,0,0,0,0,0
2014/08/06,06,39,4,0,0,0,0,0
2014/08/06,07,41,4,0,0,0,0,0
2014/08/06,08,164,65,0,0,0,0,0
2014/08/06,09,263,77,0,0,0,0,0
2014/08/06,10,271,78,0,0,0,0,0
2014/08/06,11,277,82,0,0,0,0,0
2014/08/06,12,291,92,0,0,0,0,0
2014/08/06,13,293,90,0,0,0,0,0
2014/08/06,14,293,91,0,0,0,0,0
2014/08/06,15,297,94,0,0,0,0,0
2014/08/06,16,305,103,0,0,0,0,0
2014/08/06,17,298,98,0,0,0,0,0
2014/08/06,18,291,92,0,0,0,0,0
2014/08/06,19,314,90,0,0,0,0,0
2014/08/06,20,313,96,0,0,0,0,0
2014/08/06,21,301,86,0,0,0,0,0
2014/08/06,22,306,93,0,0,0,0,0
2014/08/06,23,301,95,0,0,0,0,0
2014/08/06,24,241,82,0,0,0,0,0
2014/08/07,01,232,82,0,0,0,0,0
2014/08/07,02,196,73,0,0,0,0,0
2014/08/07,03,33,4,0,0,0,0,0
2014/08/07,04,32,4,0,0,0,0,0
2014/08/07,05,33,4,0,0,0,0,0
2014/08/07,06,35,4,0,0,0,0,0
2014/08/07,07,39,4,0,0,0,0,0
2014/08/07,08,175,64,0,0,0,0,0
2014/08/07,09,252,69,0,0,0,0,0
2014/08/07,10,263,73,0,0,0,0,0
2014/08/07,11,271,73,0,0,0,0,0
2014/08/07,12,273,73,0,0,0,0,0
2014/08/07,13,277,76,0,0,0,0,0
2014/08/07,14,279,79,0,0,0,0,0
2014/08/07,15,280,80,0,0,0,0,0
2014/08/07,16,277,80,0,0,0,0,0
2014/08/07,17,281,82,0,0,0,0,0
2014/08/07,18,277,80,0,0,0,0,0
2014/08/07,19,290,66,0,0,0,0,0
2014/08/07,20,280,63,0,0,0,0,0
2014/08/07,21,279,64,0,0,0,0,0
2014/08/07,22,274,57,0,0,0,0,0
2014/08/07,23,266,59,0,0,0,0,0
2014/08/07,24,200,48,0,0,0,0,0
2014/08/08,01,191,45,0,0,0,0,0
2014/08/08,02,184,41,0,0,0,0,0
2014/08/08,03,121,29,0,0,0,0,0
2014/08/08,04,34,4,0,0,0,0,0
2014/08/08,05,33,4,0,0,0,0,0
2014/08/08,06,34,4,0,0,0,0,0
2014/08/08,07,38,4,0,0,0,0,0
2014/08/08,08,188,41,0,0,0,0,0
2014/08/08,09,231,50,0,0,0,0,0
2014/08/08,10,247,59,0,0,0,0,0
2014/08/08,11,268,73,0,0,0,0,0
2014/08/08,12,274,76,0,0,0,0,0
2014/08/08,13,280,81,0,0,0,0,0
2014/08/08,14,277,79,0,0,0,0,0
2014/08/08,15,279,81,0,0,0,0,0
2014/08/08,16,282,83,0,0,0,0,0
2014/08/08,17,278,81,0,0,0,0,0
2014/08/08,18,274,78,0,0,0,0,0
2014/08/08,19,289,68,0,0,0,0,0
2014/08/08,20,284,65,0,0,0,0,0
2014/08/08,21,278,62,0,0,0,0,0
2014/08/08,22,268,55,0,0,0,0,0
2014/08/08,23,254,50,0,0,0,0,0
2014/08/08,24,201,45,0,0,0,0,0
2014/08/09,01,183,36,0,0,0,0,0
2014/08/09,02,126,25,0,0,0,0,0
2014/08/09,03,31,4,0,0,0,0,0
2014/08/09,04,31,4,0,0,0,0,0
2014/08/09,05,31,4,0,0,0,0,0
2014/08/09,06,32,4,0,0,0,0,0
2014/08/09,07,35,4,0,0,0,0,0
2014/08/09,08,142,35,0,0,0,0,0
2014/08/09,09,233,51,0,0,0,0,0
2014/08/09,10,257,68,0,0,0,0,0
2014/08/09,11,280,85,0,0,0,0,0
2014/08/09,12,280,82,0,0,0,0,0
2014/08/09,13,291,91,0,0,0,0,0
2014/08/09,14,296,95,0,0,0,0,0
2014/08/09,15,292,91,0,0,0,0,0
2014/08/09,16,289,89,0,0,0,0,0
2014/08/09,17,288,88,0,0,0,0,0
2014/08/09,18,283,85,0,0,0,0,0
2014/08/09,19,296,77,0,0,0,0,0
2014/08/09,20,292,72,0,0,0,0,0
2014/08/09,21,282,67,0,0,0,0,0
2014/08/09,22,274,62,0,0,0,0,0
2014/08/09,23,264,60,0,0,0,0,0
2014/08/09,24,198,52,0,0,0,0,0
2014/08/10,01,184,46,0,0,0,0,0
2014/08/10,02,130,31,0,0,0,0,0
2014/08/10,03,30,4,0,0,0,0,0
2014/08/10,04,30,4,0,0,0,0,0
2014/08/10,05,30,4,0,0,0,0,0
2014/08/10,06,32,4,0,0,0,0,0
2014/08/10,07,34,4,0,0,0,0,0
2014/08/10,08,108,28,0,0,0,0,0
2014/08/10,09,242,58,0,0,0,0,0
2014/08/10,10,253,63,0,0,0,0,0
2014/08/10,11,247,50,0,0,0,0,0
2014/08/10,12,260,60,0,0,0,0,0
2014/08/10,13,263,61,0,0,0,0,0
2014/08/10,14,261,61,0,0,0,0,0
2014/08/10,15,266,66,0,0,0,0,0
2014/08/10,16,265,66,0,0,0,0,0
2014/08/10,17,263,65,0,0,0,0,0
2014/08/10,18,260,64,0,0,0,0,0
2014/08/10,19,277,55,0,0,0,0,0
2014/08/10,20,270,52,0,0,0,0,0
2014/08/10,21,271,55,0,0,0,0,0
2014/08/10,22,264,49,0,0,0,0,0
2014/08/10,23,261,54,0,0,0,0,0
2014/08/10,24,202,50,0,0,0,0,0
2014/08/11,01,188,45,0,0,0,0,0
2014/08/11,02,185,45,0,0,0,0,0
2014/08/11,03,78,16,0,0,0,0,0
2014/08/11,04,32,4,0,0,0,0,0
2014/08/11,05,32,4,0,0,0,0,0
2014/08/11,06,32,4,0,0,0,0,0
2014/08/11,07,36,4,0,0,0,0,0
2014/08/11,08,132,48,0,0,0,0,0
2014/08/11,09,259,80,0,0,0,0,0
2014/08/11,10,276,88,0,0,0,0,0
2014/08/11,11,284,86,0,0,0,0,0
2014/08/11,12,290,91,0,0,0,0,0
2014/08/11,13,293,92,0,0,0,0,0
2014/08/11,14,299,97,0,0,0,0,0
2014/08/11,15,306,103,0,0,0,0,0
2014/08/11,16,303,100,0,0,0,0,0
2014/08/11,17,290,88,0,0,0,0,0
2014/08/11,18,279,80,0,0,0,0,0
2014/08/11,19,300,76,0,0,0,0,0
2014/08/11,20,291,72,0,0,0,0,0
2014/08/11,21,288,70,0,0,0,0,0
2014/08/11,22,284,70,0,0,0,0,0
2014/08/11,23,270,64,0,0,0,0,0
2014/08/11,24,212,60,0,0,0,0,0
2014/08/12,01,189,48,0,0,0,0,0
2014/08/12,02,152,45,0,0,0,0,0
2014/08/12,03,31,4,0,0,0,0,0
2014/08/12,04,31,4,0,0,0,0,0
2014/08/12,05,31,4,0,0,0,0,0
2014/08/12,06,32,4,0,0,0,0,0
2014/08/12,07,36,4,0,0,0,0,0
2014/08/12,08,107,29,0,0,0,0,0
2014/08/12,09,243,61,0,0,0,0,0
2014/08/12,10,268,76,0,0,0,0,0
2014/08/12,11,279,83,0,0,0,0,0
2014/08/12,12,283,83,0,0,0,0,0
2014/08/12,13,287,87,0,0,0,0,0
2014/08/12,14,288,88,0,0,0,0,0
2014/08/12,15,287,88,0,0,0,0,0
2014/08/12,16,285,85,0,0,0,0,0
2014/08/12,17,281,82,0,0,0,0,0
2014/08/12,18,283,87,0,0,0,0,0
2014/08/12,19,293,82,0,0,0,0,0
2014/08/12,20,294,76,0,0,0,0,0
2014/08/12,21,295,80,0,0,0,0,0
2014/08/12,22,278,66,0,0,0,0,0
2014/08/12,23,267,62,0,0,0,0,0
2014/08/12,24,206,48,0,0,0,0,0
2014/08/13,01,193,42,0,0,0,0,0
2014/08/13,02,107,21,0,0,0,0,0
2014/08/13,03,32,4,0,0,0,0,0
2014/08/13,04,31,4,0,0,0,0,0
2014/08/13,05,32,4,0,0,0,0,0
2014/08/13,06,32,4,0,0,0,0,0
2014/08/13,07,36,4,0,0,0,0,0
2014/08/13,08,139,49,0,0,0,0,0
2014/08/13,09,272,87,0,0,0,0,0
2014/08/13,10,281,88,0,0,0,0,0
2014/08/13,11,287,89,0,0,0,0,0
2014/08/13,12,291,91,0,0,0,0,0
2014/08/13,13,287,87,0,0,0,0,0
2014/08/13,14,281,81,0,0,0,0,0
2014/08/13,15,282,83,0,0,0,0,0
2014/08/13,16,283,83,0,0,0,0,0
2014/08/13,17,279,79,0,0,0,0,0
2014/08/13,18,273,76,0,0,0,0,0
2014/08/13,19,293,72,0,0,0,0,0
2014/08/13,20,284,66,0,0,0,0,0
2014/08/13,21,276,60,0,0,0,0,0
2014/08/13,22,278,63,0,0,0,0,0
2014/08/13,23,257,53,0,0,0,0,0
2014/08/13,24,210,51,0,0,0,0,0
2014/08/14,01,186,45,0,0,0,0,0
2014/08/14,02,48,10,0,0,0,0,0
2014/08/14,03,32,4,0,0,0,0,0
2014/08/14,04,31,4,0,0,0,0,0
2014/08/14,05,31,4,0,0,0,0,0
2014/08/14,06,31,4,0,0,0,0,0
2014/08/14,07,35,4,0,0,0,0,0
2014/08/14,08,125,36,0,0,0,0,0
2014/08/14,09,234,52,0,0,0,0,0
2014/08/14,10,256,65,0,0,0,0,0
2014/08/14,11,268,70,0,0,0,0,0
2014/08/14,12,272,72,0,0,0,0,0
2014/08/14,13,277,76,0,0,0,0,0
2014/08/14,14,281,80,0,0,0,0,0
2014/08/14,15,283,83,0,0,0,0,0
2014/08/14,16,283,82,0,0,0,0,0
2014/08/14,17,280,80,0,0,0,0,0
2014/08/14,18,275,77,0,0,0,0,0
2014/08/14,19,289,67,0,0,0,0,0
2014/08/14,20,287,68,0,0,0,0,0
2014/08/14,21,280,66,0,0,0,0,0
2014/08/14,22,269,58,0,0,0,0,0
2014/08/14,23,254,52,0,0,0,0,0
2014/08/14,24,198,44,0,0,0,0,0
2014/08/15,01,184,39,0,0,0,0,0
2014/08/15,02,122,30,0,0,0,0,0
2014/08/15,03,31,4,0,0,0,0,0
2014/08/15,04,30,4,0,0,0,0,0
2014/08/15,05,31,4,0,0,0,0,0
2014/08/15,06,32,4,0,0,0,0,0
2014/08/15,07,38,4,0,0,0,0,0
2014/08/15,08,125,37,0,0,0,0,0
2014/08/15,09,241,57,0,0,0,0,0
2014/08/15,10,249,53,0,0,0,0,0
2014/08/15,11,236,40,0,0,0,0,0
2014/08/15,12,251,50,0,0,0,0,0
2014/08/15,13,260,57,0,0,0,0,0
2014/08/15,14,271,69,0,0,0,0,0
2014/08/15,15,264,65,0,0,0,0,0
2014/08/15,16,259,59,0,0,0,0,0
2014/08/15,17,264,64,0,0,0,0,0
2014/08/15,18,258,60,0,0,0,0,0
2014/08/15,19,278,56,0,0,0,0,0
2014/08/15,20,275,55,0,0,0,0,0
2014/08/15,21,271,55,0,0,0,0,0
2014/08/15,22,266,51,0,0,0,0,0
2014/08/15,23,246,41,0,0,0,0,0
2014/08/15,24,195,38,0,0,0,0,0
2014/08/16,01,177,35,0,0,0,0,0
2014/08/16,02,138,28,0,0,0,0,0
2014/08/16,03,32,4,0,0,0,0,0
2014/08/16,04,31,4,0,0,0,0,0
2014/08/16,05,31,4,0,0,0,0,0
2014/08/16,06,31,4,0,0,0,0,0
2014/08/16,07,36,4,0,0,0,0,0
2014/08/16,08,108,27,0,0,0,0,0
2014/08/16,09,225,44,0,0,0,0,0
2014/08/16,10,234,48,0,0,0,0,0
2014/08/16,11,261,67,0,0,0,0,0
2014/08/16,12,271,73,0,0,0,0,0
2014/08/16,13,281,79,0,0,0,0,0
2014/08/16,14,287,86,0,0,0,0,0
2014/08/16,15,284,83,0,0,0,0,0
2014/08/16,16,292,90,0,0,0,0,0
2014/08/16,17,284,83,0,0,0,0,0
2014/08/16,18,269,71,0,0,0,0,0
2014/08/16,19,296,72,0,0,0,0,0
2014/08/16,20,291,71,0,0,0,0,0
2014/08/16,21,282,67,0,0,0,0,0
2014/08/16,22,273,60,0,0,0,0,0
2014/08/16,23,251,50,0,0,0,0,0
2014/08/16,24,211,49,0,0,0,0,0
2014/08/17,01,201,47,0,0,0,0,0
2014/08/17,02,195,44,0,0,0,0,0
2014/08/17,03,33,4,0,0,0,0,0
2014/08/17,04,31,4,0,0,0,0,0
2014/08/17,05,31,4,0,0,0,0,0
2014/08/17,06,31,4,0,0,0,0,0
2014/08/17,07,33,4,0,0,0,0,0
2014/08/17,08,95,28,0,0,0,0,0
2014/08/17,09,237,59,0,0,0,0,0
2014/08/17,10,270,80,0,0,0,0,0
2014/08/17,11,284,89,0,0,0,0,0
2014/08/17,12,306,107,0,0,0,0,0
2014/08/17,13,295,95,0,0,0,0,0
2014/08/17,14,304,105,0,0,0,0,0
2014/08/17,15,302,102,0,0,0,0,0
2014/08/17,16,300,100,0,0,0,0,0
2014/08/17,17,296,99,0,0,0,0,0
2014/08/17,18,282,86,0,0,0,0,0
2014/08/17,19,295,74,0,0,0,0,0
2014/08/17,20,288,71,0,0,0,0,0
2014/08/17,21,276,61,0,0,0,0,0
2014/08/17,22,272,61,0,0,0,0,0
2014/08/17,23,255,54,0,0,0,0,0
2014/08/17,24,213,54,0,0,0,0,0
2014/08/18,01,198,50,0,0,0,0,0
2014/08/18,02,93,27,0,0,0,0,0
2014/08/18,03,31,4,0,0,0,0,0
2014/08/18,04,32,4,0,0,0,0,0
2014/08/18,05,31,4,0,0,0,0,0
2014/08/18,06,32,4,0,0,0,0,0
2014/08/18,07,35,4,0,0,0,0,0
2014/08/18,08,97,27,0,0,0,0,0
2014/08/18,09,239,61,0,0,0,0,0
2014/08/18,10,266,75,0,0,0,0,0
2014/08/18,11,287,91,0,0,0,0,0
2014/08/18,12,294,94,0,0,0,0,0
2014/08/18,13,303,100,0,0,0,0,0
2014/08/18,14,310,107,0,0,0,0,0
2014/08/18,15,309,105,0,0,0,0,0
2014/08/18,16,308,104,0,0,0,0,0
2014/08/18,17,297,94,0,0,0,0,0
2014/08/18,18,291,90,0,0,0,0,0
2014/08/18,19,306,82,0,0,0,0,0
2014/08/18,20,291,74,0,0,0,0,0
2014/08/18,21,284,68,0,0,0,0,0
2014/08/18,22,299,85,0,0,0,0,0
2014/08/18,23,279,75,0,0,0,0,0
2014/08/18,24,204,58,0,0,0,0,0
2014/08/19,01,193,54,0,0,0,0,0
2014/08/19,02,184,43,0,0,0,0,0
2014/08/19,03,193,50,0,0,0,0,0
2014/08/19,04,186,44,0,0,0,0,0
2014/08/19,05,180,44,0,0,0,0,0
2014/08/19,06,166,43,0,0,0,0,0
2014/08/19,07,101,24,0,0,0,0,0
2014/08/19,08,94,30,0,0,0,0,0
2014/08/19,09,230,52,0,0,0,0,0
2014/08/19,10,250,66,0,0,0,0,0
2014/08/19,11,283,86,0,0,0,0,0
2014/08/19,12,285,86,0,0,0,0,0
2014/08/19,13,282,83,0,0,0,0,0
2014/08/19,14,299,99,0,0,0,0,0
2014/08/19,15,312,109,0,0,0,0,0
2014/08/19,16,315,111,0,0,0,0,0
2014/08/19,17,304,101,0,0,0,0,0
2014/08/19,18,297,97,0,0,0,0,0
2014/08/19,19,321,97,0,0,0,0,0
2014/08/19,20,307,90,0,0,0,0,0
2014/08/19,21,306,91,0,0,0,0,0
2014/08/19,22,297,80,0,0,0,0,0
2014/08/19,23,288,81,0,0,0,0,0
2014/08/19,24,219,67,0,0,0,0,0
2014/08/20,01,195,56,0,0,0,0,0
2014/08/20,02,173,49,0,0,0,0,0
2014/08/20,03,34,5,0,0,0,0,0
2014/08/20,04,32,4,0,0,0,0,0
2014/08/20,05,33,4,0,0,0,0,0
2014/08/20,06,33,4,0,0,0,0,0
2014/08/20,07,37,4,0,0,0,0,0
2014/08/20,08,123,44,0,0,0,0,0
2014/08/20,09,265,80,0,0,0,0,0
2014/08/20,10,280,88,0,0,0,0,0
2014/08/20,11,288,88,0,0,0,0,0
2014/08/20,12,287,86,0,0,0,0,0
2014/08/20,13,293,90,0,0,0,0,0
2014/08/20,14,296,94,0,0,0,0,0
2014/08/20,15,294,93,0,0,0,0,0
2014/08/20,16,293,90,0,0,0,0,0
2014/08/20,17,290,88,0,0,0,0,0
2014/08/20,18,275,76,0,0,0,0,0
2014/08/20,19,302,77,0,0,0,0,0
2014/08/20,20,297,75,0,0,0,0,0
2014/08/20,21,295,77,0,0,0,0,0
2014/08/20,22,286,69,0,0,0,0,0
2014/08/20,23,277,68,0,0,0,0,0
2014/08/20,24,205,56,0,0,0,0,0
2014/08/21,01,199,56,0,0,0,0,0
2014/08/21,02,149,47,0,0,0,0,0
2014/08/21,03,91,29,0,0,0,0,0
2014/08/21,04,31,4,0,0,0,0,0
2014/08/21,05,31,4,0,0,0,0,0
2014/08/21,06,31,4,0,0,0,0,0
2014/08/21,07,35,4,0,0,0,0,0
2014/08/21,08,116,34,0,0,0,0,0
2014/08/21,09,254,70,0,0,0,0,0
2014/08/21,10,267,79,0,0,0,0,0
2014/08/21,11,274,78,0,0,0,0,0
2014/08/21,12,286,88,0,0,0,0,0
2014/08/21,13,287,86,0,0,0,0,0
2014/08/21,14,294,93,0,0,0,0,0
2014/08/21,15,292,90,0,0,0,0,0
2014/08/21,16,291,91,0,0,0,0,0
2014/08/21,17,294,94,0,0,0,0,0
2014/08/21,18,280,82,0,0,0,0,0
2014/08/21,19,309,83,0,0,0,0,0
2014/08/21,20,300,80,0,0,0,0,0
2014/08/21,21,292,74,0,0,0,0,0
2014/08/21,22,293,76,0,0,0,0,0
2014/08/21,23,281,73,0,0,0,0,0
2014/08/21,24,224,70,0,0,0,0,0
2014/08/22,01,207,62,0,0,0,0,0
2014/08/22,02,118,36,0,0,0,0,0
2014/08/22,03,35,4,0,0,0,0,0
2014/08/22,04,33,4,0,0,0,0,0
2014/08/22,05,33,4,0,0,0,0,0
2014/08/22,06,33,4,0,0,0,0,0
2014/08/22,07,35,4,0,0,0,0,0
2014/08/22,08,155,56,0,0,0,0,0
2014/08/22,09,256,71,0,0,0,0,0
2014/08/22,10,273,82,0,0,0,0,0
2014/08/22,11,275,77,0,0,0,0,0
2014/08/22,12,278,76,0,0,0,0,0
2014/08/22,13,280,78,0,0,0,0,0
2014/08/22,14,289,86,0,0,0,0,0
2014/08/22,15,305,100,0,0,0,0,0
2014/08/22,16,305,101,0,0,0,0,0
2014/08/22,17,307,100,0,0,0,0,0
2014/08/22,18,300,96,0,0,0,0,0
2014/08/22,19,315,87,0,0,0,0,0
2014/08/22,20,302,79,0,0,0,0,0
2014/08/22,21,296,76,0,0,0,0,0
2014/08/22,22,293,75,0,0,0,0,0
2014/08/22,23,281,74,0,0,0,0,0
2014/08/22,24,226,70,0,0,0,0,0
2014/08/23,01,218,69,0,0,0,0,0
2014/08/23,02,87,26,0,0,0,0,0
2014/08/23,03,35,4,0,0,0,0,0
2014/08/23,04,35,4,0,0,0,0,0
2014/08/23,05,34,4,0,0,0,0,0
2014/08/23,06,33,4,0,0,0,0,0
2014/08/23,07,36,4,0,0,0,0,0
2014/08/23,08,167,63,0,0,0,0,0
2014/08/23,09,272,87,0,0,0,0,0
2014/08/23,10,275,82,0,0,0,0,0
2014/08/23,11,277,74,0,0,0,0,0
2014/08/23,12,307,100,0,0,0,0,0
2014/08/23,13,300,93,0,0,0,0,0
2014/08/23,14,302,94,0,0,0,0,0
2014/08/23,15,306,97,0,0,0,0,0
2014/08/23,16,304,98,0,0,0,0,0
2014/08/23,17,306,99,0,0,0,0,0
2014/08/23,18,291,86,0,0,0,0,0
2014/08/23,19,302,74,0,0,0,0,0
2014/08/23,20,301,77,0,0,0,0,0
2014/08/23,21,286,66,0,0,0,0,0
2014/08/23,22,281,64,0,0,0,0,0
2014/08/23,23,270,63,0,0,0,0,0
2014/08/23,24,208,52,0,0,0,0,0
2014/08/24,01,181,48,0,0,0,0,0
2014/08/24,02,136,54,0,0,0,0,0
2014/08/24,03,31,4,0,0,0,0,0
2014/08/24,04,31,4,0,0,0,0,0
2014/08/24,05,31,4,0,0,0,0,0
2014/08/24,06,31,4,0,0,0,0,0
2014/08/24,07,33,4,0,0,0,0,0
2014/08/24,08,140,48,0,0,0,0,0
2014/08/24,09,257,72,0,0,0,0,0
2014/08/24,10,283,90,0,0,0,0,0
2014/08/24,11,291,92,0,0,0,0,0
2014/08/24,12,304,101,0,0,0,0,0
2014/08/24,13,306,99,0,0,0,0,0
2014/08/24,14,311,106,0,0,0,0,0
2014/08/24,15,308,102,0,0,0,0,0
2014/08/24,16,308,102,0,0,0,0,0
2014/08/24,17,300,95,0,0,0,0,0
2014/08/24,18,300,97,0,0,0,0,0
2014/08/24,19,311,83,0,0,0,0,0
2014/08/24,20,314,90,0,0,0,0,0
2014/08/24,21,300,80,0,0,0,0,0
2014/08/24,22,292,74,0,0,0,0,0
2014/08/24,23,277,70,0,0,0,0,0
2014/08/24,24,212,59,0,0,0,0,0
2014/08/25,01,165,49,0,0,0,0,0
2014/08/25,02,48,11,0,0,0,0,0
2014/08/25,03,32,4,0,0,0,0,0
2014/08/25,04,31,4,0,0,0,0,0
2014/08/25,05,32,4,0,0,0,0,0
2014/08/25,06,34,4,0,0,0,0,0
2014/08/25,07,36,4,0,0,0,0,0
2014/08/25,08,135,37,0,0,0,0,0
2014/08/25,09,236,50,0,0,0,0,0
2014/08/25,10,254,59,0,0,0,0,0
2014/08/25,11,267,67,0,0,0,0,0
2014/08/25,12,273,70,0,0,0,0,0
2014/08/25,13,274,71,0,0,0,0,0
2014/08/25,14,284,82,0,0,0,0,0
2014/08/25,15,287,83,0,0,0,0,0
2014/08/25,16,279,77,0,0,0,0,0
2014/08/25,17,278,75,0,0,0,0,0
2014/08/25,18,276,75,0,0,0,0,0
2014/08/25,19,303,75,0,0,0,0,0
2014/08/25,20,268,46,0,0,0,0,0
2014/08/25,21,271,52,0,0,0,0,0
2014/08/25,22,264,48,0,0,0,0,0
2014/08/25,23,251,45,0,0,0,0,0
2014/08/25,24,189,40,0,0,0,0,0
2014/08/26,01,160,31,0,0,0,0,0
2014/08/26,02,100,19,0,0,0,0,0
2014/08/26,03,31,4,0,0,0,0,0
2014/08/26,04,31,4,0,0,0,0,0
2014/08/26,05,31,4,0,0,0,0,0
2014/08/26,06,32,4,0,0,0,0,0
2014/08/26,07,35,4,0,0,0,0,0
2014/08/26,08,99,17,0,0,0,0,0
2014/08/26,09,224,48,0,0,0,0,0
2014/08/26,10,253,65,0,0,0,0,0
2014/08/26,11,265,69,0,0,0,0,0
2014/08/26,12,267,70,0,0,0,0,0
2014/08/26,13,275,76,0,0,0,0,0
2014/08/26,14,268,70,0,0,0,0,0
2014/08/26,15,270,72,0,0,0,0,0
2014/08/26,16,264,66,0,0,0,0,0
2014/08/26,17,257,59,0,0,0,0,0
2014/08/26,18,246,53,0,0,0,0,0
2014/08/26,19,264,50,0,0,0,0,0
2014/08/26,20,261,45,0,0,0,0,0
2014/08/26,21,257,44,0,0,0,0,0
2014/08/26,22,253,41,0,0,0,0,0
2014/08/26,23,240,36,0,0,0,0,0
2014/08/26,24,184,38,0,0,0,0,0
2014/08/27,01,156,35,0,0,0,0,0
2014/08/27,02,56,12,0,0,0,0,0
2014/08/27,03,31,4,0,0,0,0,0
2014/08/27,04,31,4,0,0,0,0,0
2014/08/27,05,32,4,0,0,0,0,0
2014/08/27,06,32,4,0,0,0,0,0
2014/08/27,07,35,4,0,0,0,0,0
2014/08/27,08,100,16,0,0,0,0,0
2014/08/27,09,216,36,0,0,0,0,0
2014/08/27,10,231,47,0,0,0,0,0
2014/08/27,11,260,65,0,0,0,0,0
2014/08/27,12,273,75,0,0,0,0,0
2014/08/27,13,277,78,0,0,0,0,0
2014/08/27,14,276,76,0,0,0,0,0
2014/08/27,15,272,72,0,0,0,0,0
2014/08/27,16,276,77,0,0,0,0,0
2014/08/27,17,271,72,0,0,0,0,0
2014/08/27,18,271,73,0,0,0,0,0
2014/08/27,19,280,58,0,0,0,0,0
2014/08/27,20,268,51,0,0,0,0,0
2014/08/27,21,266,50,0,0,0,0,0
2014/08/27,22,241,29,0,0,0,0,0
2014/08/27,23,226,23,0,0,0,0,0
2014/08/27,24,180,32,0,0,0,0,0
2014/08/28,01,143,25,0,0,0,0,0
2014/08/28,02,47,7,0,0,0,0,0
2014/08/28,03,32,4,0,0,0,0,0
2014/08/28,04,31,4,0,0,0,0,0
2014/08/28,05,31,4,0,0,0,0,0
2014/08/28,06,32,4,0,0,0,0,0
2014/08/28,07,35,4,0,0,0,0,0
2014/08/28,08,72,9,0,0,0,0,0
2014/08/28,09,208,28,0,0,0,0,0
2014/08/28,10,241,54,0,0,0,0,0
2014/08/28,11,259,63,0,0,0,0,0
2014/08/28,12,266,68,0,0,0,0,0
2014/08/28,13,271,71,0,0,0,0,0
2014/08/28,14,276,77,0,0,0,0,0
2014/08/28,15,271,73,0,0,0,0,0
2014/08/28,16,272,73,0,0,0,0,0
2014/08/28,17,261,64,0,0,0,0,0
2014/08/28,18,258,61,0,0,0,0,0
2014/08/28,19,273,51,0,0,0,0,0
2014/08/28,20,267,49,0,0,0,0,0
2014/08/28,21,264,49,0,0,0,0,0
2014/08/28,22,260,45,0,0,0,0,0
2014/08/28,23,244,40,0,0,0,0,0
2014/08/28,24,192,33,0,0,0,0,0
2014/08/29,01,150,24,0,0,0,0,0
2014/08/29,02,39,5,0,0,0,0,0
2014/08/29,03,31,4,0,0,0,0,0
2014/08/29,04,31,4,0,0,0,0,0
2014/08/29,05,31,4,0,0,0,0,0
2014/08/29,06,32,4,0,0,0,0,0
2014/08/29,07,35,4,0,0,0,0,0
2014/08/29,08,130,38,0,0,0,0,0
2014/08/29,09,236,54,0,0,0,0,0
2014/08/29,10,238,53,0,0,0,0,0
2014/08/29,11,263,68,0,0,0,0,0
2014/08/29,12,281,83,0,0,0,0,0
2014/08/29,13,273,75,0,0,0,0,0
2014/08/29,14,272,73,0,0,0,0,0
2014/08/29,15,275,75,0,0,0,0,0
2014/08/29,16,276,77,0,0,0,0,0
2014/08/29,17,273,74,0,0,0,0,0
2014/08/29,18,264,67,0,0,0,0,0
2014/08/29,19,280,57,0,0,0,0,0
2014/08/29,20,274,53,0,0,0,0,0
2014/08/29,21,258,42,0,0,0,0,0
2014/08/29,22,264,49,0,0,0,0,0
2014/08/29,23,248,43,0,0,0,0,0
2014/08/29,24,201,47,0,0,0,0,0
2014/08/30,01,167,35,0,0,0,0,0
2014/08/30,02,57,12,0,0,0,0,0
2014/08/30,03,31,4,0,0,0,0,0
2014/08/30,04,31,4,0,0,0,0,0
2014/08/30,05,31,4,0,0,0,0,0
2014/08/30,06,32,4,0,0,0,0,0
2014/08/30,07,35,4,0,0,0,0,0
2014/08/30,08,102,21,0,0,0,0,0
2014/08/30,09,239,58,0,0,0,0,0
2014/08/30,10,269,80,0,0,0,0,0
2014/08/30,11,287,89,0,0,0,0,0
2014/08/30,12,289,89,0,0,0,0,0
2014/08/30,13,291,88,0,0,0,0,0
2014/08/30,14,287,85,0,0,0,0,0
2014/08/30,15,276,73,0,0,0,0,0
2014/08/30,16,275,72,0,0,0,0,0
2014/08/30,17,285,85,0,0,0,0,0
2014/08/30,18,274,74,0,0,0,0,0
2014/08/30,19,286,62,0,0,0,0,0
2014/08/30,20,282,61,0,0,0,0,0
2014/08/30,21,269,54,0,0,0,0,0
2014/08/30,22,261,48,0,0,0,0,0
2014/08/30,23,247,41,0,0,0,0,0
2014/08/30,24,189,33,0,0,0,0,0
2014/08/31,01,154,28,0,0,0,0,0
2014/08/31,02,46,7,0,0,0,0,0
2014/08/31,03,31,4,0,0,0,0,0
2014/08/31,04,31,4,0,0,0,0,0
2014/08/31,05,31,4,0,0,0,0,0
2014/08/31,06,32,4,0,0,0,0,0
2014/08/31,07,34,4,0,0,0,0,0
2014/08/31,08,78,12,0,0,0,0,0
2014/08/31,09,224,50,0,0,0,0,0
2014/08/31,10,271,78,0,0,0,0,0
2014/08/31,11,279,80,0,0,0,0,0
2014/08/31,12,277,77,0,0,0,0,0
2014/08/31,13,278,77,0,0,0,0,0
2014/08/31,14,290,87,0,0,0,0,0
2014/08/31,15,284,81,0,0,0,0,0
2014/08/31,16,289,86,0,0,0,0,0
2014/08/31,17,292,89,0,0,0,0,0
2014/08/31,18,273,74,0,0,0,0,0
2014/08/31,19,283,63,0,0,0,0,0
2014/08/31,20,265,50,0,0,0,0,0
2014/08/31,21,265,52,0,0,0,0,0
2014/08/31,22,246,36,0,0,0,0,0
2014/08/31,23,230,27,0,0,0,0,0
2014/08/31,24,195,36,0,0,0,0,0
2014/09/01,01,131,26,0,0,0,0,0
2014/09/01,02,65,9,0,0,0,0,0
2014/09/01,03,32,4,0,0,0,0,0
2014/09/01,04,31,4,0,0,0,0,0
2014/09/01,05,31,4,0,0,0,0,0
2014/09/01,06,32,4,0,0,0,0,0
2014/09/01,07,36,4,0,0,0,0,0
2014/09/01,08,88,4,0,0,0,0,0
2014/09/01,09,218,40,0,0,0,0,0
2014/09/01,10,247,62,0,0,0,0,0
2014/09/01,11,272,78,0,0,0,0,0
2014/09/01,12,285,89,0,0,0,0,0
2014/09/01,13,291,94,0,0,0,0,0
2014/09/01,14,291,90,0,0,0,0,0
2014/09/01,15,287,85,0,0,0,0,0
2014/09/01,16,280,80,0,0,0,0,0
2014/09/01,17,279,79,0,0,0,0,0
2014/09/01,18,276,77,0,0,0,0,0
2014/09/01,19,287,66,0,0,0,0,0
2014/09/01,20,283,67,0,0,0,0,0
2014/09/01,21,277,60,0,0,0,0,0
2014/09/01,22,272,56,0,0,0,0,0
2014/09/01,23,254,49,0,0,0,0,0
2014/09/01,24,198,43,0,0,0,0,0
2014/09/02,01,178,33,0,0,0,0,0
2014/09/02,02,83,15,0,0,0,0,0
2014/09/02,03,32,4,0,0,0,0,0
2014/09/02,04,31,4,0,0,0,0,0
2014/09/02,05,31,4,0,0,0,0,0
2014/09/02,06,32,4,0,0,0,0,0
2014/09/02,07,35,4,0,0,0,0,0
2014/09/02,08,107,23,0,0,0,0,0
2014/09/02,09,221,46,0,0,0,0,0
2014/09/02,10,257,70,0,0,0,0,0
2014/09/02,11,285,88,0,0,0,0,0
2014/09/02,12,280,82,0,0,0,0,0
2014/09/02,13,284,84,0,0,0,0,0
2014/09/02,14,284,85,0,0,0,0,0
2014/09/02,15,286,87,0,0,0,0,0
2014/09/02,16,282,83,0,0,0,0,0
2014/09/02,17,281,81,0,0,0,0,0
2014/09/02,18,270,73,0,0,0,0,0
2014/09/02,19,297,74,0,0,0,0,0
2014/09/02,20,290,72,0,0,0,0,0
2014/09/02,21,259,46,0,0,0,0,0
2014/09/02,22,258,45,0,0,0,0,0
2014/09/02,23,236,34,0,0,0,0,0
2014/09/02,24,186,31,0,0,0,0,0
2014/09/03,01,156,20,0,0,0,0,0
2014/09/03,02,49,8,0,0,0,0,0
2014/09/03,03,30,4,0,0,0,0,0
2014/09/03,04,31,4,0,0,0,0,0
2014/09/03,05,31,4,0,0,0,0,0
2014/09/03,06,32,4,0,0,0,0,0
2014/09/03,07,35,4,0,0,0,0,0
2014/09/03,08,85,9,0,0,0,0,0
2014/09/03,09,232,52,0,0,0,0,0
2014/09/03,10,247,60,0,0,0,0,0
2014/09/03,11,267,71,0,0,0,0,0
2014/09/03,12,271,75,0,0,0,0,0
2014/09/03,13,273,75,0,0,0,0,0
2014/09/03,14,282,83,0,0,0,0,0
2014/09/03,15,281,81,0,0,0,0,0
2014/09/03,16,270,73,0,0,0,0,0
2014/09/03,17,265,67,0,0,0,0,0
2014/09/03,18,247,54,0,0,0,0,0
2014/09/03,19,267,47,0,0,0,0,0
2014/09/03,20,260,45,0,0,0,0,0
2014/09/03,21,263,50,0,0,0,0,0
2014/09/03,22,254,42,0,0,0,0,0
2014/09/03,23,242,39,0,0,0,0,0
2014/09/03,24,196,39,0,0,0,0,0
2014/09/04,01,122,24,0,0,0,0,0
2014/09/04,02,31,4,0,0,0,0,0
2014/09/04,03,31,4,0,0,0,0,0
2014/09/04,04,30,4,0,0,0,0,0
2014/09/04,05,30,4,0,0,0,0,0
2014/09/04,06,32,4,0,0,0,0,0
2014/09/04,07,35,4,0,0,0,0,0
2014/09/04,08,79,9,0,0,0,0,0
2014/09/04,09,209,29,0,0,0,0,0
2014/09/04,10,223,38,0,0,0,0,0
2014/09/04,11,234,41,0,0,0,0,0
2014/09/04,12,246,50,0,0,0,0,0
2014/09/04,13,247,49,0,0,0,0,0
2014/09/04,14,247,54,0,0,0,0,0
2014/09/04,15,253,59,0,0,0,0,0
2014/09/04,16,246,52,0,0,0,0,0
2014/09/04,17,248,55,0,0,0,0,0
2014/09/04,18,251,58,0,0,0,0,0
2014/09/04,19,290,69,0,0,0,0,0
2014/09/04,20,288,70,0,0,0,0,0
2014/09/04,21,262,47,0,0,0,0,0
2014/09/04,22,266,52,0,0,0,0,0
2014/09/04,23,253,46,0,0,0,0,0
2014/09/04,24,197,40,0,0,0,0,0
2014/09/05,01,162,34,0,0,0,0,0
2014/09/05,02,35,4,0,0,0,0,0
2014/09/05,03,34,4,0,0,0,0,0
2014/09/05,04,33,4,0,0,0,0,0
2014/09/05,05,35,4,0,0,0,0,0
2014/09/05,06,33,4,0,0,0,0,0
2014/09/05,07,36,4,0,0,0,0,0
2014/09/05,08,97,20,0,0,0,0,0
2014/09/05,09,235,52,0,0,0,0,0
2014/09/05,10,264,73,0,0,0,0,0
2014/09/05,11,281,84,0,0,0,0,0
2014/09/05,12,287,88,0,0,0,0,0
2014/09/05,13,296,95,0,0,0,0,0
2014/09/05,14,299,98,0,0,0,0,0
2014/09/05,15,308,105,0,0,0,0,0
2014/09/05,16,301,99,0,0,0,0,0
2014/09/05,17,295,93,0,0,0,0,0
2014/09/05,18,288,87,0,0,0,0,0
2014/09/05,19,306,81,0,0,0,0,0
2014/09/05,20,284,67,0,0,0,0,0
2014/09/05,21,257,49,0,0,0,0,0
2014/09/05,22,271,58,0,0,0,0,0
2014/09/05,23,258,51,0,0,0,0,0
2014/09/05,24,213,49,0,0,0,0,0
2014/09/06,01,172,40,0,0,0,0,0
2014/09/06,02,53,10,0,0,0,0,0
2014/09/06,03,31,4,0,0,0,0,0
2014/09/06,04,32,4,0,0,0,0,0
2014/09/06,05,33,4,0,0,0,0,0
2014/09/06,06,33,4,0,0,0,0,0
2014/09/06,07,36,4,0,0,0,0,0
2014/09/06,08,131,22,0,0,0,0,0
2014/09/06,09,231,45,0,0,0,0,0
2014/09/06,10,244,49,0,0,0,0,0
2014/09/06,11,255,55,0,0,0,0,0
2014/09/06,12,264,61,0,0,0,0,0
2014/09/06,13,276,72,0,0,0,0,0
2014/09/06,14,281,77,0,0,0,0,0
2014/09/06,15,288,83,0,0,0,0,0
2014/09/06,16,293,88,0,0,0,0,0
2014/09/06,17,271,67,0,0,0,0,0
2014/09/06,18,259,60,0,0,0,0,0
2014/09/06,19,282,57,0,0,0,0,0
2014/09/06,20,274,54,0,0,0,0,0
2014/09/06,21,268,50,0,0,0,0,0
2014/09/06,22,266,50,0,0,0,0,0
2014/09/06,23,244,38,0,0,0,0,0
2014/09/06,24,189,38,0,0,0,0,0
2014/09/07,01,124,25,0,0,0,0,0
2014/09/07,02,31,4,0,0,0,0,0
2014/09/07,03,31,4,0,0,0,0,0
2014/09/07,04,31,4,0,0,0,0,0
2014/09/07,05,31,4,0,0,0,0,0
2014/09/07,06,31,4,0,0,0,0,0
2014/09/07,07,33,4,0,0,0,0,0
2014/09/07,08,122,20,0,0,0,0,0
2014/09/07,09,225,42,0,0,0,0,0
2014/09/07,10,249,56,0,0,0,0,0
2014/09/07,11,263,62,0,0,0,0,0
2014/09/07,12,275,74,0,0,0,0,0
2014/09/07,13,270,68,0,0,0,0,0
2014/09/07,14,276,74,0,0,0,0,0
2014/09/07,15,290,87,0,0,0,0,0
2014/09/07,16,282,78,0,0,0,0,0
2014/09/07,17,274,71,0,0,0,0,0
2014/09/07,18,256,60,0,0,0,0,0
2014/09/07,19,284,60,0,0,0,0,0
2014/09/07,20,274,54,0,0,0,0,0
2014/09/07,21,257,43,0,0,0,0,0
2014/09/07,22,252,39,0,0,0,0,0
2014/09/07,23,241,35,0,0,0,0,0
2014/09/07,24,226,57,0,0,0,0,0
2014/09/08,01,200,38,0,0,0,0,0
2014/09/08,02,200,38,0,0,0,0,0
2014/09/08,03,190,32,0,0,0,0,0
2014/09/08,04,99,16,0,0,0,0,0
2014/09/08,05,31,4,0,0,0,0,0
2014/09/08,06,32,4,0,0,0,0,0
2014/09/08,07,35,4,0,0,0,0,0
2014/09/08,08,122,6,0,0,0,0,0
2014/09/08,09,203,23,0,0,0,0,0
2014/09/08,10,227,45,0,0,0,0,0
2014/09/08,11,255,59,0,0,0,0,0
2014/09/08,12,273,76,0,0,0,0,0
2014/09/08,13,277,80,0,0,0,0,0
2014/09/08,14,273,77,0,0,0,0,0
2014/09/08,15,273,75,0,0,0,0,0
2014/09/08,16,274,76,0,0,0,0,0
2014/09/08,17,283,84,0,0,0,0,0
2014/09/08,18,271,75,0,0,0,0,0
2014/09/08,19,290,68,0,0,0,0,0
2014/09/08,20,278,59,0,0,0,0,0
2014/09/08,21,269,54,0,0,0,0,0
2014/09/08,22,248,33,0,0,0,0,0
2014/09/08,23,237,32,0,0,0,0,0
2014/09/08,24,189,32,0,0,0,0,0
2014/09/09,01,173,25,0,0,0,0,0
2014/09/09,02,141,20,0,0,0,0,0
2014/09/09,03,31,4,0,0,0,0,0
2014/09/09,04,30,4,0,0,0,0,0
2014/09/09,05,30,4,0,0,0,0,0
2014/09/09,06,31,4,0,0,0,0,0
2014/09/09,07,35,4,0,0,0,0,0
2014/09/09,08,102,8,0,0,0,0,0
2014/09/09,09,224,41,0,0,0,0,0
2014/09/09,10,245,54,0,0,0,0,0
2014/09/09,11,269,72,0,0,0,0,0
2014/09/09,12,281,81,0,0,0,0,0
2014/09/09,13,291,88,0,0,0,0,0
2014/09/09,14,278,77,0,0,0,0,0
2014/09/09,15,280,78,0,0,0,0,0
2014/09/09,16,282,81,0,0,0,0,0
2014/09/09,17,284,85,0,0,0,0,0
2014/09/09,18,269,73,0,0,0,0,0
2014/09/09,19,277,56,0,0,0,0,0
2014/09/09,20,266,50,0,0,0,0,0
2014/09/09,21,260,45,0,0,0,0,0
2014/09/09,22,256,41,0,0,0,0,0
2014/09/09,23,235,30,0,0,0,0,0
2014/09/09,24,189,39,0,0,0,0,0
2014/09/10,01,165,26,0,0,0,0,0
2014/09/10,02,90,17,0,0,0,0,0
2014/09/10,03,32,4,0,0,0,0,0
2014/09/10,04,30,4,0,0,0,0,0
2014/09/10,05,31,4,0,0,0,0,0
2014/09/10,06,31,4,0,0,0,0,0
2014/09/10,07,35,4,0,0,0,0,0
2014/09/10,08,43,4,0,0,0,0,0
2014/09/10,09,218,36,0,0,0,0,0
2014/09/10,10,229,45,0,0,0,0,0
2014/09/10,11,257,65,0,0,0,0,0
2014/09/10,12,250,56,0,0,0,0,0
2014/09/10,13,249,53,0,0,0,0,0
2014/09/10,14,259,63,0,0,0,0,0
2014/09/10,15,270,73,0,0,0,0,0
2014/09/10,16,263,68,0,0,0,0,0
2014/09/10,17,260,64,0,0,0,0,0
2014/09/10,18,256,61,0,0,0,0,0
2014/09/10,19,264,42,0,0,0,0,0
2014/09/10,20,266,51,0,0,0,0,0
2014/09/10,21,259,44,0,0,0,0,0
2014/09/10,22,252,40,0,0,0,0,0
2014/09/10,23,235,30,0,0,0,0,0
2014/09/10,24,201,37,0,0,0,0,0
2014/09/11,01,183,30,0,0,0,0,0
2014/09/11,02,52,10,0,0,0,0,0
2014/09/11,03,31,4,0,0,0,0,0
2014/09/11,04,30,4,0,0,0,0,0
2014/09/11,05,31,4,0,0,0,0,0
2014/09/11,06,31,4,0,0,0,0,0
2014/09/11,07,35,4,0,0,0,0,0
2014/09/11,08,90,13,0,0,0,0,0
2014/09/11,09,215,37,0,0,0,0,0
2014/09/11,10,235,50,0,0,0,0,0
2014/09/11,11,253,59,0,0,0,0,0
2014/09/11,12,262,68,0,0,0,0,0
2014/09/11,13,270,74,0,0,0,0,0
2014/09/11,14,272,76,0,0,0,0,0
2014/09/11,15,275,80,0,0,0,0,0
2014/09/11,16,272,77,0,0,0,0,0
2014/09/11,17,268,73,0,0,0,0,0
2014/09/11,18,255,64,0,0,0,0,0
2014/09/11,19,272,54,0,0,0,0,0
2014/09/11,20,260,48,0,0,0,0,0
2014/09/11,21,253,42,0,0,0,0,0
2014/09/11,22,243,32,0,0,0,0,0
2014/09/11,23,233,30,0,0,0,0,0
2014/09/11,24,180,30,0,0,0,0,0
2014/09/12,01,153,30,0,0,0,0,0
2014/09/12,02,45,8,0,0,0,0,0
2014/09/12,03,32,4,0,0,0,0,0
2014/09/12,04,31,4,0,0,0,0,0
2014/09/12,05,32,4,0,0,0,0,0
2014/09/12,06,32,4,0,0,0,0,0
2014/09/12,07,36,4,0,0,0,0,0
2014/09/12,08,74,6,0,0,0,0,0
2014/09/12,09,199,21,0,0,0,0,0
2014/09/12,10,223,37,0,0,0,0,0
2014/09/12,11,256,63,0,0,0,0,0
2014/09/12,12,240,44,0,0,0,0,0
2014/09/12,13,243,48,0,0,0,0,0
2014/09/12,14,257,62,0,0,0,0,0
2014/09/12,15,262,65,0,0,0,0,0
2014/09/12,16,261,65,0,0,0,0,0
2014/09/12,17,248,52,0,0,0,0,0
2014/09/12,18,228,37,0,0,0,0,0
2014/09/12,19,263,43,0,0,0,0,0
2014/09/12,20,254,36,0,0,0,0,0
2014/09/12,21,252,37,0,0,0,0,0
2014/09/12,22,262,46,0,0,0,0,0
2014/09/12,23,247,37,0,0,0,0,0
2014/09/12,24,217,46,0,0,0,0,0
2014/09/13,01,210,48,0,0,0,0,0
2014/09/13,02,103,12,0,0,0,0,0
2014/09/13,03,32,4,0,0,0,0,0
2014/09/13,04,31,4,0,0,0,0,0
2014/09/13,05,32,4,0,0,0,0,0
2014/09/13,06,33,4,0,0,0,0,0
2014/09/13,07,36,4,0,0,0,0,0
2014/09/13,08,73,4,0,0,0,0,0
2014/09/13,09,190,11,0,0,0,0,0
2014/09/13,10,221,36,0,0,0,0,0
2014/09/13,11,234,41,0,0,0,0,0
2014/09/13,12,252,56,0,0,0,0,0
2014/09/13,13,264,66,0,0,0,0,0
2014/09/13,14,268,73,0,0,0,0,0
2014/09/13,15,273,75,0,0,0,0,0
2014/09/13,16,268,71,0,0,0,0,0
2014/09/13,17,266,69,0,0,0,0,0
2014/09/13,18,259,67,0,0,0,0,0
2014/09/13,19,270,53,0,0,0,0,0
2014/09/13,20,254,43,0,0,0,0,0
2014/09/13,21,258,47,0,0,0,0,0
2014/09/13,22,246,36,0,0,0,0,0
2014/09/13,23,231,29,0,0,0,0,0
2014/09/13,24,187,31,0,0,0,0,0
2014/09/14,01,165,19,0,0,0,0,0
2014/09/14,02,31,4,0,0,0,0,0
2014/09/14,03,31,4,0,0,0,0,0
2014/09/14,04,30,4,0,0,0,0,0
2014/09/14,05,31,4,0,0,0,0,0
2014/09/14,06,31,4,0,0,0,0,0
2014/09/14,07,33,4,0,0,0,0,0
2014/09/14,08,84,4,0,0,0,0,0
2014/09/14,09,203,27,0,0,0,0,0
2014/09/14,10,232,46,0,0,0,0,0
2014/09/14,11,255,60,0,0,0,0,0
2014/09/14,12,264,64,0,0,0,0,0
2014/09/14,13,263,63,0,0,0,0,0
2014/09/14,14,270,68,0,0,0,0,0
2014/09/14,15,264,62,0,0,0,0,0
2014/09/14,16,267,67,0,0,0,0,0
2014/09/14,17,256,57,0,0,0,0,0
2014/09/14,18,252,55,0,0,0,0,0
2014/09/14,19,275,51,0,0,0,0,0
2014/09/14,20,265,44,0,0,0,0,0
2014/09/14,21,252,37,0,0,0,0,0
2014/09/14,22,242,28,0,0,0,0,0
2014/09/14,23,231,26,0,0,0,0,0
2014/09/14,24,177,19,0,0,0,0,0
2014/09/15,01,148,14,0,0,0,0,0
2014/09/15,02,46,5,0,0,0,0,0
2014/09/15,03,31,4,0,0,0,0,0
2014/09/15,04,31,4,0,0,0,0,0
2014/09/15,05,32,4,0,0,0,0,0
2014/09/15,06,32,4,0,0,0,0,0
2014/09/15,07,36,4,0,0,0,0,0
2014/09/15,08,117,6,0,0,0,0,0
2014/09/15,09,200,15,0,0,0,0,0
2014/09/15,10,232,38,0,0,0,0,0
2014/09/15,11,258,58,0,0,0,0,0
2014/09/15,12,271,68,0,0,0,0,0
2014/09/15,13,277,71,0,0,0,0,0
2014/09/15,14,277,71,0,0,0,0,0
2014/09/15,15,269,64,0,0,0,0,0
2014/09/15,16,275,71,0,0,0,0,0
2014/09/15,17,277,72,0,0,0,0,0
2014/09/15,18,263,62,0,0,0,0,0
2014/09/15,19,286,59,0,0,0,0,0
2014/09/15,20,266,48,0,0,0,0,0
2014/09/15,21,263,46,0,0,0,0,0
2014/09/15,22,254,38,0,0,0,0,0
2014/09/15,23,246,39,0,0,0,0,0
2014/09/15,24,194,36,0,0,0,0,0
2014/09/16,01,186,35,0,0,0,0,0
2014/09/16,02,111,24,0,0,0,0,0
2014/09/16,03,31,4,0,0,0,0,0
2014/09/16,04,31,4,0,0,0,0,0
2014/09/16,05,31,4,0,0,0,0,0
2014/09/16,06,32,4,0,0,0,0,0
2014/09/16,07,36,4,0,0,0,0,0
2014/09/16,08,85,4,0,0,0,0,0
2014/09/16,09,188,12,0,0,0,0,0
2014/09/16,10,222,35,0,0,0,0,0
2014/09/16,11,233,36,0,0,0,0,0
2014/09/16,12,257,58,0,0,0,0,0
2014/09/16,13,258,58,0,0,0,0,0
2014/09/16,14,255,56,0,0,0,0,0
2014/09/16,15,257,59,0,0,0,0,0
2014/09/16,16,253,55,0,0,0,0,0
2014/09/16,17,259,60,0,0,0,0,0
2014/09/16,18,249,52,0,0,0,0,0
2014/09/16,19,258,35,0,0,0,0,0
2014/09/16,20,253,34,0,0,0,0,0
2014/09/16,21,242,24,0,0,0,0,0
2014/09/16,22,241,25,0,0,0,0,0
2014/09/16,23,222,15,0,0,0,0,0
2014/09/16,24,171,15,0,0,0,0,0
2014/09/17,01,158,11,0,0,0,0,0
2014/09/17,02,127,7,0,0,0,0,0
2014/09/17,03,33,4,0,0,0,0,0
2014/09/17,04,32,4,0,0,0,0,0
2014/09/17,05,32,4,0,0,0,0,0
2014/09/17,06,32,4,0,0,0,0,0
2014/09/17,07,36,4,0,0,0,0,0
2014/09/17,08,76,4,0,0,0,0,0
2014/09/17,09,185,5,0,0,0,0,0
2014/09/17,10,198,15,0,0,0,0,0
2014/09/17,11,224,31,0,0,0,0,0
2014/09/17,12,224,35,0,0,0,0,0
2014/09/17,13,242,50,0,0,0,0,0
2014/09/17,14,249,54,0,0,0,0,0
2014/09/17,15,248,53,0,0,0,0,0
2014/09/17,16,245,48,0,0,0,0,0
2014/09/17,17,238,42,0,0,0,0,0
2014/09/17,18,230,36,0,0,0,0,0
2014/09/17,19,249,32,0,0,0,0,0
2014/09/17,20,254,35,0,0,0,0,0
2014/09/17,21,226,14,0,0,0,0,0
2014/09/17,22,228,16,0,0,0,0,0
2014/09/17,23,216,15,0,0,0,0,0
2014/09/17,24,164,10,0,0,0,0,0
2014/09/18,01,154,7,0,0,0,0,0
2014/09/18,02,107,6,0,0,0,0,0
2014/09/18,03,32,4,0,0,0,0,0
2014/09/18,04,32,4,0,0,0,0,0
2014/09/18,05,32,4,0,0,0,0,0
2014/09/18,06,33,4,0,0,0,0,0
2014/09/18,07,38,4,0,0,0,0,0
2014/09/18,08,72,4,0,0,0,0,0
2014/09/18,09,184,5,0,0,0,0,0
2014/09/18,10,188,6,0,0,0,0,0
2014/09/18,11,215,24,0,0,0,0,0
2014/09/18,12,231,36,0,0,0,0,0
2014/09/18,13,235,40,0,0,0,0,0
2014/09/18,14,242,47,0,0,0,0,0
2014/09/18,15,232,40,0,0,0,0,0
2014/09/18,16,227,34,0,0,0,0,0
2014/09/18,17,232,38,0,0,0,0,0
2014/09/18,18,226,35,0,0,0,0,0
2014/09/18,19,244,30,0,0,0,0,0
2014/09/18,20,239,28,0,0,0,0,0
2014/09/18,21,238,27,0,0,0,0,0
2014/09/18,22,239,30,0,0,0,0,0
2014/09/18,23,222,22,0,0,0,0,0
2014/09/18,24,176,20,0,0,0,0,0
2014/09/19,01,124,12,0,0,0,0,0
2014/09/19,02,33,4,0,0,0,0,0
2014/09/19,03,32,4,0,0,0,0,0
2014/09/19,04,32,4,0,0,0,0,0
2014/09/19,05,32,4,0,0,0,0,0
2014/09/19,06,33,4,0,0,0,0,0
2014/09/19,07,36,4,0,0,0,0,0
2014/09/19,08,74,4,0,0,0,0,0
2014/09/19,09,193,11,0,0,0,0,0
2014/09/19,10,204,21,0,0,0,0,0
2014/09/19,11,225,31,0,0,0,0,0
2014/09/19,12,239,45,0,0,0,0,0
2014/09/19,13,247,50,0,0,0,0,0
2014/09/19,14,243,48,0,0,0,0,0
2014/09/19,15,251,55,0,0,0,0,0
2014/09/19,16,253,56,0,0,0,0,0
2014/09/19,17,242,45,0,0,0,0,0
2014/09/19,18,234,41,0,0,0,0,0
2014/09/19,19,259,39,0,0,0,0,0
2014/09/19,20,253,38,0,0,0,0,0
2014/09/19,21,242,29,0,0,0,0,0
2014/09/19,22,240,27,0,0,0,0,0
2014/09/19,23,227,22,0,0,0,0,0
2014/09/19,24,185,24,0,0,0,0,0
2014/09/20,01,180,35,0,0,0,0,0
2014/09/20,02,99,20,0,0,0,0,0
2014/09/20,03,54,7,0,0,0,0,0
2014/09/20,04,33,4,0,0,0,0,0
2014/09/20,05,32,4,0,0,0,0,0
2014/09/20,06,34,4,0,0,0,0,0
2014/09/20,07,37,4,0,0,0,0,0
2014/09/20,08,82,4,0,0,0,0,0
2014/09/20,09,195,13,0,0,0,0,0
2014/09/20,10,209,21,0,0,0,0,0
2014/09/20,11,232,38,0,0,0,0,0
2014/09/20,12,241,43,0,0,0,0,0
2014/09/20,13,260,59,0,0,0,0,0
2014/09/20,14,264,62,0,0,0,0,0
2014/09/20,15,265,64,0,0,0,0,0
2014/09/20,16,252,53,0,0,0,0,0
2014/09/20,17,254,54,0,0,0,0,0
2014/09/20,18,247,52,0,0,0,0,0
2014/09/20,19,261,43,0,0,0,0,0
2014/09/20,20,245,30,0,0,0,0,0
2014/09/20,21,231,19,0,0,0,0,0
2014/09/20,22,234,22,0,0,0,0,0
2014/09/20,23,213,11,0,0,0,0,0
2014/09/20,24,183,22,0,0,0,0,0
2014/09/21,01,117,16,0,0,0,0,0
2014/09/21,02,32,4,0,0,0,0,0
2014/09/21,03,32,4,0,0,0,0,0
2014/09/21,04,32,4,0,0,0,0,0
2014/09/21,05,32,4,0,0,0,0,0
2014/09/21,06,33,4,0,0,0,0,0
2014/09/21,07,34,4,0,0,0,0,0
2014/09/21,08,91,5,0,0,0,0,0
2014/09/21,09,161,5,0,0,0,0,0
2014/09/21,10,199,18,0,0,0,0,0
2014/09/21,11,232,35,0,0,0,0,0
2014/09/21,12,252,51,0,0,0,0,0
2014/09/21,13,262,58,0,0,0,0,0
2014/09/21,14,264,61,0,0,0,0,0
2014/09/21,15,264,60,0,0,0,0,0
2014/09/21,16,267,63,0,0,0,0,0
2014/09/21,17,260,57,0,0,0,0,0
2014/09/21,18,255,53,0,0,0,0,0
2014/09/21,19,258,37,0,0,0,0,0
2014/09/21,20,249,29,0,0,0,0,0
2014/09/21,21,238,23,0,0,0,0,0
2014/09/21,22,233,20,0,0,0,0,0
2014/09/21,23,219,15,0,0,0,0,0
2014/09/21,24,198,33,0,0,0,0,0
2014/09/22,01,185,24,0,0,0,0,0
2014/09/22,02,185,26,0,0,0,0,0
2014/09/22,03,177,19,0,0,0,0,0
2014/09/22,04,180,23,0,0,0,0,0
2014/09/22,05,55,8,0,0,0,0,0
2014/09/22,06,32,4,0,0,0,0,0
2014/09/22,07,36,4,0,0,0,0,0
2014/09/22,08,119,4,0,0,0,0,0
2014/09/22,09,158,4,0,0,0,0,0
2014/09/22,10,196,18,0,0,0,0,0
2014/09/22,11,231,34,0,0,0,0,0
2014/09/22,12,251,49,0,0,0,0,0
2014/09/22,13,257,54,0,0,0,0,0
2014/09/22,14,259,57,0,0,0,0,0
2014/09/22,15,263,62,0,0,0,0,0
2014/09/22,16,254,54,0,0,0,0,0
2014/09/22,17,256,53,0,0,0,0,0
2014/09/22,18,270,50,0,0,0,0,0
2014/09/22,19,269,46,0,0,0,0,0
2014/09/22,20,255,37,0,0,0,0,0
2014/09/22,21,247,31,0,0,0,0,0
2014/09/22,22,243,28,0,0,0,0,0
2014/09/22,23,224,20,0,0,0,0,0
2014/09/22,24,186,23,0,0,0,0,0
2014/09/23,01,184,28,0,0,0,0,0
2014/09/23,02,159,22,0,0,0,0,0
2014/09/23,03,32,4,0,0,0,0,0
2014/09/23,04,31,4,0,0,0,0,0
2014/09/23,05,31,4,0,0,0,0,0
2014/09/23,06,32,4,0,0,0,0,0
2014/09/23,07,36,4,0,0,0,0,0
2014/09/23,08,88,4,0,0,0,0,0
2014/09/23,09,160,4,0,0,0,0,0
2014/09/23,10,214,24,0,0,0,0,0
2014/09/23,11,242,44,0,0,0,0,0
2014/09/23,12,257,56,0,0,0,0,0
2014/09/23,13,270,66,0,0,0,0,0
2014/09/23,14,265,64,0,0,0,0,0
2014/09/23,15,264,65,0,0,0,0,0
2014/09/23,16,267,67,0,0,0,0,0
2014/09/23,17,262,61,0,0,0,0,0
2014/09/23,18,274,54,0,0,0,0,0
2014/09/23,19,268,44,0,0,0,0,0
2014/09/23,20,259,41,0,0,0,0,0
2014/09/23,21,252,37,0,0,0,0,0
2014/09/23,22,247,34,0,0,0,0,0
2014/09/23,23,227,23,0,0,0,0,0
2014/09/23,24,197,31,0,0,0,0,0
2014/09/24,01,151,28,0,0,0,0,0
2014/09/24,02,55,10,0,0,0,0,0
2014/09/24,03,32,4,0,0,0,0,0
2014/09/24,04,32,4,0,0,0,0,0
2014/09/24,05,32,4,0,0,0,0,0
2014/09/24,06,32,4,0,0,0,0,0
2014/09/24,07,36,4,0,0,0,0,0
2014/09/24,08,75,4,0,0,0,0,0
2014/09/24,09,157,4,0,0,0,0,0
2014/09/24,10,159,4,0,0,0,0,0
2014/09/24,11,225,34,0,0,0,0,0
2014/09/24,12,239,44,0,0,0,0,0
2014/09/24,13,247,51,0,0,0,0,0
2014/09/24,14,243,47,0,0,0,0,0
2014/09/24,15,246,50,0,0,0,0,0
2014/09/24,16,247,52,0,0,0,0,0
2014/09/24,17,246,52,0,0,0,0,0
2014/09/24,18,265,50,0,0,0,0,0
2014/09/24,19,261,46,0,0,0,0,0
2014/09/24,20,255,41,0,0,0,0,0
2014/09/24,21,254,41,0,0,0,0,0
2014/09/24,22,247,35,0,0,0,0,0
2014/09/24,23,228,25,0,0,0,0,0
2014/09/24,24,177,21,0,0,0,0,0
2014/09/25,01,169,21,0,0,0,0,0
2014/09/25,02,154,15,0,0,0,0,0
2014/09/25,03,74,4,0,0,0,0,0
2014/09/25,04,34,4,0,0,0,0,0
2014/09/25,05,34,4,0,0,0,0,0
2014/09/25,06,34,4,0,0,0,0,0
2014/09/25,07,37,4,0,0,0,0,0
2014/09/25,08,90,5,0,0,0,0,0
2014/09/25,09,161,4,0,0,0,0,0
2014/09/25,10,181,7,0,0,0,0,0
2014/09/25,11,212,22,0,0,0,0,0
2014/09/25,12,239,42,0,0,0,0,0
2014/09/25,13,244,45,0,0,0,0,0
2014/09/25,14,256,57,0,0,0,0,0
2014/09/25,15,249,51,0,0,0,0,0
2014/09/25,16,249,50,0,0,0,0,0
2014/09/25,17,250,51,0,0,0,0,0
2014/09/25,18,274,53,0,0,0,0,0
2014/09/25,19,272,48,0,0,0,0,0
2014/09/25,20,262,41,0,0,0,0,0
2014/09/25,21,259,41,0,0,0,0,0
2014/09/25,22,247,30,0,0,0,0,0
2014/09/25,23,234,29,0,0,0,0,0
2014/09/25,24,204,40,0,0,0,0,0
2014/09/26,01,96,12,0,0,0,0,0
2014/09/26,02,31,4,0,0,0,0,0
2014/09/26,03,31,4,0,0,0,0,0
2014/09/26,04,31,4,0,0,0,0,0
2014/09/26,05,31,4,0,0,0,0,0
2014/09/26,06,31,4,0,0,0,0,0
2014/09/26,07,35,4,0,0,0,0,0
2014/09/26,08,69,5,0,0,0,0,0
2014/09/26,09,186,8,0,0,0,0,0
2014/09/26,10,205,22,0,0,0,0,0
2014/09/26,11,225,33,0,0,0,0,0
2014/09/26,12,232,40,0,0,0,0,0
2014/09/26,13,232,39,0,0,0,0,0
2014/09/26,14,235,44,0,0,0,0,0
2014/09/26,15,252,56,0,0,0,0,0
2014/09/26,16,254,61,0,0,0,0,0
2014/09/26,17,253,61,0,0,0,0,0
2014/09/26,18,252,44,0,0,0,0,0
2014/09/26,19,249,31,0,0,0,0,0
2014/09/26,20,242,26,0,0,0,0,0
2014/09/26,21,238,23,0,0,0,0,0
2014/09/26,22,232,18,0,0,0,0,0
2014/09/26,23,218,15,0,0,0,0,0
2014/09/26,24,166,10,0,0,0,0,0
2014/09/27,01,118,7,0,0,0,0,0
2014/09/27,02,32,4,0,0,0,0,0
2014/09/27,03,31,4,0,0,0,0,0
2014/09/27,04,31,4,0,0,0,0,0
2014/09/27,05,31,4,0,0,0,0,0
2014/09/27,06,32,4,0,0,0,0,0
2014/09/27,07,35,4,0,0,0,0,0
2014/09/27,08,77,14,0,0,0,0,0
2014/09/27,09,191,12,0,0,0,0,0
2014/09/27,10,188,4,0,0,0,0,0
2014/09/27,11,218,24,0,0,0,0,0
2014/09/27,12,250,55,0,0,0,0,0
2014/09/27,13,257,60,0,0,0,0,0
2014/09/27,14,262,64,0,0,0,0,0
2014/09/27,15,263,65,0,0,0,0,0
2014/09/27,16,260,63,0,0,0,0,0
2014/09/27,17,256,58,0,0,0,0,0
2014/09/27,18,268,48,0,0,0,0,0
2014/09/27,19,271,51,0,0,0,0,0
2014/09/27,20,262,48,0,0,0,0,0
2014/09/27,21,253,40,0,0,0,0,0
2014/09/27,22,246,34,0,0,0,0,0
2014/09/27,23,227,24,0,0,0,0,0
2014/09/27,24,179,30,0,0,0,0,0
2014/09/28,01,166,27,0,0,0,0,0
2014/09/28,02,59,7,0,0,0,0,0
2014/09/28,03,32,4,0,0,0,0,0
2014/09/28,04,31,4,0,0,0,0,0
2014/09/28,05,32,4,0,0,0,0,0
2014/09/28,06,32,4,0,0,0,0,0
2014/09/28,07,33,4,0,0,0,0,0
2014/09/28,08,66,4,0,0,0,0,0
2014/09/28,09,187,7,0,0,0,0,0
2014/09/28,10,223,35,0,0,0,0,0
2014/09/28,11,250,56,0,0,0,0,0
2014/09/28,12,265,67,0,0,0,0,0
2014/09/28,13,269,68,0,0,0,0,0
2014/09/28,14,275,76,0,0,0,0,0
2014/09/28,15,275,76,0,0,0,0,0
2014/09/28,16,264,66,0,0,0,0,0
2014/09/28,17,255,57,0,0,0,0,0
2014/09/28,18,272,52,0,0,0,0,0
2014/09/28,19,272,49,0,0,0,0,0
2014/09/28,20,262,43,0,0,0,0,0
2014/09/28,21,240,26,0,0,0,0,0
2014/09/28,22,238,25,0,0,0,0,0
2014/09/28,23,224,21,0,0,0,0,0
2014/09/28,24,171,18,0,0,0,0,0
2014/09/29,01,74,8,0,0,0,0,0
2014/09/29,02,32,4,0,0,0,0,0
2014/09/29,03,32,4,0,0,0,0,0
2014/09/29,04,31,4,0,0,0,0,0
2014/09/29,05,31,4,0,0,0,0,0
2014/09/29,06,32,4,0,0,0,0,0
2014/09/29,07,35,4,0,0,0,0,0
2014/09/29,08,69,5,0,0,0,0,0
2014/09/29,09,186,7,0,0,0,0,0
2014/09/29,10,205,23,0,0,0,0,0
2014/09/29,11,247,55,0,0,0,0,0
2014/09/29,12,256,62,0,0,0,0,0
2014/09/29,13,275,79,0,0,0,0,0
2014/09/29,14,277,79,0,0,0,0,0
2014/09/29,15,268,71,0,0,0,0,0
2014/09/29,16,248,53,0,0,0,0,0
2014/09/29,17,247,52,0,0,0,0,0
2014/09/29,18,257,41,0,0,0,0,0
2014/09/29,19,260,45,0,0,0,0,0
2014/09/29,20,244,32,0,0,0,0,0
2014/09/29,21,237,27,0,0,0,0,0
2014/09/29,22,230,22,0,0,0,0,0
2014/09/29,23,218,17,0,0,0,0,0
2014/09/29,24,172,23,0,0,0,0,0
2014/09/30,01,157,30,0,0,0,0,0
2014/09/30,02,32,4,0,0,0,0,0
2014/09/30,03,32,4,0,0,0,0,0
2014/09/30,04,31,4,0,0,0,0,0
2014/09/30,05,32,4,0,0,0,0,0
2014/09/30,06,33,4,0,0,0,0,0
2014/09/30,07,36,4,0,0,0,0,0
2014/09/30,08,84,5,0,0,0,0,0
2014/09/30,09,190,9,0,0,0,0,0
2014/09/30,10,210,23,0,0,0,0,0
2014/09/30,11,219,28,0,0,0,0,0
2014/09/30,12,228,34,0,0,0,0,0
2014/09/30,13,236,41,0,0,0,0,0
2014/09/30,14,224,29,0,0,0,0,0
2014/09/30,15,222,27,0,0,0,0,0
2014/09/30,16,224,30,0,0,0,0,0
2014/09/30,17,218,22,0,0,0,0,0
2014/09/30,18,241,23,0,0,0,0,0
2014/09/30,19,244,26,0,0,0,0,0
2014/09/30,20,237,23,0,0,0,0,0
2014/09/30,21,236,23,0,0,0,0,0
2014/09/30,22,232,21,0,0,0,0,0
2014/09/30,23,217,15,0,0,0,0,0
2014/09/30,24,185,24,0,0,0,0,0
