計測日,計測時間,全体,空調,照明,動力,電灯,冷凍・冷熱,その他
2013/05/01,01,3,,,2,0,,
2013/05/01,02,3,,,3,0,,
2013/05/01,03,3,,,2,0,,
2013/05/01,04,3,,,2,0,,
2013/05/01,05,3,,,2,0,,
2013/05/01,06,3,,,3,0,,
2013/05/01,07,3,,,2,0,,
2013/05/01,08,3,,,3,0,,
2013/05/01,09,3,,,2,0,,
2013/05/01,10,4,,,3,0,,
2013/05/01,11,64,,,5,58,,
2013/05/01,12,66,,,6,59,,
2013/05/01,13,66,,,5,59,,
2013/05/01,14,66,,,6,59,,
2013/05/01,15,67,,,5,60,,
2013/05/01,16,66,,,5,60,,
2013/05/01,17,67,,,5,60,,
2013/05/01,18,73,,,5,66,,
2013/05/01,19,78,,,6,70,,
2013/05/01,20,78,,,6,70,,
2013/05/01,21,30,,,4,25,,
2013/05/01,22,3,,,3,0,,
2013/05/01,23,3,,,2,0,,
2013/05/01,24,3,,,3,0,,
2013/05/02,01,4,,,3,0,,
2013/05/02,02,3,,,2,0,,
2013/05/02,03,3,,,3,0,,
2013/05/02,04,3,,,2,0,,
2013/05/02,05,3,,,3,0,,
2013/05/02,06,3,,,2,0,,
2013/05/02,07,3,,,3,0,,
2013/05/02,08,3,,,3,0,,
2013/05/02,09,3,,,3,0,,
2013/05/02,10,11,,,3,7,,
2013/05/02,11,65,,,5,59,,
2013/05/02,12,66,,,5,59,,
2013/05/02,13,67,,,6,60,,
2013/05/02,14,72,,,11,59,,
2013/05/02,15,67,,,6,59,,
2013/05/02,16,67,,,6,59,,
2013/05/02,17,66,,,5,59,,
2013/05/02,18,66,,,6,59,,
2013/05/02,19,79,,,6,71,,
2013/05/02,20,78,,,5,72,,
2013/05/02,21,62,,,5,55,,
2013/05/02,22,9,,,3,6,,
2013/05/02,23,3,,,2,0,,
2013/05/02,24,3,,,2,0,,
2013/05/03,01,3,,,3,0,,
2013/05/03,02,3,,,2,0,,
2013/05/03,03,3,,,3,0,,
2013/05/03,04,3,,,2,0,,
2013/05/03,05,3,,,2,0,,
2013/05/03,06,3,,,2,0,,
2013/05/03,07,3,,,3,0,,
2013/05/03,08,3,,,2,0,,
2013/05/03,09,3,,,3,0,,
2013/05/03,10,31,,,3,26,,
2013/05/03,11,66,,,5,59,,
2013/05/03,12,67,,,6,60,,
2013/05/03,13,67,,,6,60,,
2013/05/03,14,68,,,6,60,,
2013/05/03,15,67,,,6,59,,
2013/05/03,16,69,,,9,59,,
2013/05/03,17,72,,,10,60,,
2013/05/03,18,70,,,9,60,,
2013/05/03,19,81,,,8,71,,
2013/05/03,20,81,,,9,70,,
2013/05/03,21,69,,,9,59,,
2013/05/03,22,30,,,8,21,,
2013/05/03,23,11,,,5,6,,
2013/05/03,24,3,,,3,0,,
2013/05/04,01,4,,,3,0,,
2013/05/04,02,3,,,3,0,,
2013/05/04,03,3,,,3,0,,
2013/05/04,04,3,,,3,0,,
2013/05/04,05,3,,,3,0,,
2013/05/04,06,4,,,3,0,,
2013/05/04,07,3,,,3,0,,
2013/05/04,08,3,,,3,0,,
2013/05/04,09,3,,,3,0,,
2013/05/04,10,29,,,3,25,,
2013/05/04,11,66,,,5,60,,
2013/05/04,12,67,,,5,60,,
2013/05/04,13,67,,,6,60,,
2013/05/04,14,67,,,6,59,,
2013/05/04,15,67,,,6,59,,
2013/05/04,16,67,,,6,59,,
2013/05/04,17,67,,,6,59,,
2013/05/04,18,67,,,6,59,,
2013/05/04,19,78,,,6,71,,
2013/05/04,20,78,,,6,71,,
2013/05/04,21,70,,,5,62,,
2013/05/04,22,53,,,4,48,,
2013/05/04,23,4,,,3,0,,
2013/05/04,24,4,,,3,0,,
2013/05/05,01,4,,,3,0,,
2013/05/05,02,4,,,3,0,,
2013/05/05,03,4,,,3,0,,
2013/05/05,04,4,,,3,0,,
2013/05/05,05,4,,,3,0,,
2013/05/05,06,4,,,3,0,,
2013/05/05,07,4,,,3,0,,
2013/05/05,08,4,,,3,0,,
2013/05/05,09,4,,,3,0,,
2013/05/05,10,12,,,4,7,,
2013/05/05,11,66,,,5,59,,
2013/05/05,12,65,,,5,59,,
2013/05/05,13,66,,,5,59,,
2013/05/05,14,66,,,5,59,,
2013/05/05,15,68,,,7,60,,
2013/05/05,16,69,,,7,60,,
2013/05/05,17,68,,,7,59,,
2013/05/05,18,67,,,7,59,,
2013/05/05,19,79,,,6,71,,
2013/05/05,20,81,,,6,73,,
2013/05/05,21,49,,,5,43,,
2013/05/05,22,3,,,3,0,,
2013/05/05,23,3,,,3,0,,
2013/05/05,24,3,,,2,0,,
2013/05/06,01,3,,,3,0,,
2013/05/06,02,3,,,3,0,,
2013/05/06,03,3,,,2,0,,
2013/05/06,04,3,,,2,0,,
2013/05/06,05,3,,,2,0,,
2013/05/06,06,3,,,3,0,,
2013/05/06,07,3,,,2,0,,
2013/05/06,08,3,,,3,0,,
2013/05/06,09,3,,,3,0,,
2013/05/06,10,11,,,3,7,,
2013/05/06,11,66,,,5,60,,
2013/05/06,12,67,,,5,60,,
2013/05/06,13,67,,,5,60,,
2013/05/06,14,68,,,6,60,,
2013/05/06,15,68,,,6,60,,
2013/05/06,16,68,,,6,60,,
2013/05/06,17,69,,,7,61,,
2013/05/06,18,68,,,6,59,,
2013/05/06,19,80,,,6,72,,
2013/05/06,20,78,,,5,71,,
2013/05/06,21,38,,,5,32,,
2013/05/06,22,13,,,3,9,,
2013/05/06,23,3,,,2,0,,
2013/05/06,24,3,,,2,0,,
2013/05/07,01,3,,,2,0,,
2013/05/07,02,2,,,2,0,,
2013/05/07,03,3,,,2,0,,
2013/05/07,04,3,,,2,0,,
2013/05/07,05,3,,,2,0,,
2013/05/07,06,3,,,2,0,,
2013/05/07,07,2,,,2,0,,
2013/05/07,08,3,,,2,0,,
2013/05/07,09,7,,,3,4,,
2013/05/07,10,15,,,4,11,,
2013/05/07,11,66,,,5,59,,
2013/05/07,12,67,,,6,60,,
2013/05/07,13,68,,,6,60,,
2013/05/07,14,67,,,6,60,,
2013/05/07,15,68,,,6,60,,
2013/05/07,16,67,,,6,60,,
2013/05/07,17,68,,,6,60,,
2013/05/07,18,67,,,6,61,,
2013/05/07,19,79,,,5,72,,
2013/05/07,20,79,,,5,71,,
2013/05/07,21,64,,,5,58,,
2013/05/07,22,4,,,3,0,,
2013/05/07,23,3,,,3,0,,
2013/05/07,24,4,,,3,0,,
2013/05/08,01,4,,,3,0,,
2013/05/08,02,3,,,3,0,,
2013/05/08,03,4,,,3,0,,
2013/05/08,04,3,,,3,0,,
2013/05/08,05,4,,,3,0,,
2013/05/08,06,3,,,3,0,,
2013/05/08,07,4,,,3,0,,
2013/05/08,08,4,,,4,0,,
2013/05/08,09,4,,,4,0,,
2013/05/08,10,14,,,4,9,,
2013/05/08,11,67,,,5,60,,
2013/05/08,12,68,,,6,60,,
2013/05/08,13,68,,,6,60,,
2013/05/08,14,67,,,6,60,,
2013/05/08,15,67,,,6,60,,
2013/05/08,16,67,,,6,60,,
2013/05/08,17,67,,,6,60,,
2013/05/08,18,68,,,5,60,,
2013/05/08,19,77,,,5,71,,
2013/05/08,20,79,,,5,72,,
2013/05/08,21,35,,,5,29,,
2013/05/08,22,3,,,3,0,,
2013/05/08,23,3,,,3,0,,
2013/05/08,24,3,,,3,0,,
2013/05/09,01,4,,,3,0,,
2013/05/09,02,3,,,2,0,,
2013/05/09,03,3,,,3,0,,
2013/05/09,04,3,,,3,0,,
2013/05/09,05,3,,,3,0,,
2013/05/09,06,3,,,3,0,,
2013/05/09,07,3,,,3,0,,
2013/05/09,08,3,,,3,0,,
2013/05/09,09,3,,,3,0,,
2013/05/09,10,28,,,4,23,,
2013/05/09,11,67,,,5,61,,
2013/05/09,12,68,,,6,61,,
2013/05/09,13,69,,,6,61,,
2013/05/09,14,73,,,11,60,,
2013/05/09,15,75,,,13,61,,
2013/05/09,16,75,,,13,60,,
2013/05/09,17,77,,,14,61,,
2013/05/09,18,74,,,12,60,,
2013/05/09,19,86,,,11,72,,
2013/05/09,20,83,,,9,72,,
2013/05/09,21,29,,,5,24,,
2013/05/09,22,14,,,4,9,,
2013/05/09,23,3,,,3,0,,
2013/05/09,24,3,,,3,0,,
2013/05/10,01,4,,,3,0,,
2013/05/10,02,3,,,3,0,,
2013/05/10,03,3,,,3,0,,
2013/05/10,04,3,,,3,0,,
2013/05/10,05,3,,,3,0,,
2013/05/10,06,4,,,3,0,,
2013/05/10,07,3,,,3,0,,
2013/05/10,08,3,,,3,0,,
2013/05/10,09,3,,,3,0,,
2013/05/10,10,21,,,3,17,,
2013/05/10,11,67,,,5,60,,
2013/05/10,12,67,,,5,60,,
2013/05/10,13,68,,,6,60,,
2013/05/10,14,66,,,5,60,,
2013/05/10,15,68,,,6,60,,
2013/05/10,16,67,,,5,60,,
2013/05/10,17,66,,,5,60,,
2013/05/10,18,68,,,5,61,,
2013/05/10,19,79,,,5,71,,
2013/05/10,20,78,,,6,71,,
2013/05/10,21,60,,,5,53,,
2013/05/10,22,17,,,4,12,,
2013/05/10,23,3,,,2,0,,
2013/05/10,24,3,,,3,0,,
2013/05/11,01,3,,,2,0,,
2013/05/11,02,3,,,3,0,,
2013/05/11,03,3,,,3,0,,
2013/05/11,04,3,,,2,0,,
2013/05/11,05,3,,,2,0,,
2013/05/11,06,3,,,2,0,,
2013/05/11,07,3,,,2,0,,
2013/05/11,08,3,,,2,0,,
2013/05/11,09,3,,,2,0,,
2013/05/11,10,21,,,3,17,,
2013/05/11,11,64,,,5,57,,
2013/05/11,12,66,,,6,60,,
2013/05/11,13,68,,,6,59,,
2013/05/11,14,67,,,6,60,,
2013/05/11,15,69,,,6,61,,
2013/05/11,16,67,,,6,60,,
2013/05/11,17,68,,,6,60,,
2013/05/11,18,68,,,6,60,,
2013/05/11,19,79,,,6,71,,
2013/05/11,20,80,,,6,71,,
2013/05/11,21,39,,,5,32,,
2013/05/11,22,4,,,3,0,,
2013/05/11,23,3,,,3,0,,
2013/05/11,24,4,,,3,0,,
2013/05/12,01,3,,,2,0,,
2013/05/12,02,3,,,2,0,,
2013/05/12,03,3,,,2,0,,
2013/05/12,04,3,,,2,0,,
2013/05/12,05,3,,,2,0,,
2013/05/12,06,2,,,2,0,,
2013/05/12,07,3,,,2,0,,
2013/05/12,08,3,,,2,0,,
2013/05/12,09,4,,,3,0,,
2013/05/12,10,24,,,4,20,,
2013/05/12,11,70,,,8,60,,
2013/05/12,12,71,,,9,60,,
2013/05/12,13,71,,,10,60,,
2013/05/12,14,72,,,11,60,,
2013/05/12,15,76,,,14,60,,
2013/05/12,16,77,,,15,60,,
2013/05/12,17,76,,,13,61,,
2013/05/12,18,74,,,12,60,,
2013/05/12,19,81,,,9,71,,
2013/05/12,20,82,,,8,71,,
2013/05/12,21,73,,,8,63,,
2013/05/12,22,50,,,7,41,,
2013/05/12,23,19,,,4,15,,
2013/05/12,24,19,,,4,14,,
2013/05/13,01,3,,,3,0,,
2013/05/13,02,3,,,2,0,,
2013/05/13,03,3,,,3,0,,
2013/05/13,04,3,,,3,0,,
2013/05/13,05,3,,,2,0,,
2013/05/13,06,3,,,2,0,,
2013/05/13,07,3,,,3,0,,
2013/05/13,08,3,,,3,0,,
2013/05/13,09,3,,,3,0,,
2013/05/13,10,5,,,3,1,,
2013/05/13,11,67,,,5,60,,
2013/05/13,12,70,,,7,61,,
2013/05/13,13,78,,,16,61,,
2013/05/13,14,78,,,16,60,,
2013/05/13,15,78,,,15,61,,
2013/05/13,16,78,,,16,61,,
2013/05/13,17,79,,,16,61,,
2013/05/13,18,76,,,13,61,,
2013/05/13,19,85,,,12,71,,
2013/05/13,20,85,,,11,72,,
2013/05/13,21,40,,,10,29,,
2013/05/13,22,9,,,5,5,,
2013/05/13,23,4,,,3,0,,
2013/05/13,24,3,,,3,0,,
2013/05/14,01,3,,,3,0,,
2013/05/14,02,3,,,3,0,,
2013/05/14,03,3,,,3,0,,
2013/05/14,04,3,,,3,0,,
2013/05/14,05,3,,,2,0,,
2013/05/14,06,4,,,3,0,,
2013/05/14,07,3,,,3,0,,
2013/05/14,08,3,,,3,0,,
2013/05/14,09,3,,,3,0,,
2013/05/14,10,15,,,3,12,,
2013/05/14,11,67,,,5,60,,
2013/05/14,12,75,,,12,61,,
2013/05/14,13,79,,,17,61,,
2013/05/14,14,80,,,17,61,,
2013/05/14,15,80,,,17,61,,
2013/05/14,16,78,,,15,61,,
2013/05/14,17,76,,,14,60,,
2013/05/14,18,76,,,14,61,,
2013/05/14,19,86,,,12,71,,
2013/05/14,20,85,,,10,72,,
2013/05/14,21,38,,,6,32,,
2013/05/14,22,11,,,3,6,,
2013/05/14,23,3,,,3,0,,
2013/05/14,24,3,,,3,0,,
2013/05/15,01,3,,,3,0,,
2013/05/15,02,3,,,2,0,,
2013/05/15,03,3,,,3,0,,
2013/05/15,04,3,,,2,0,,
2013/05/15,05,3,,,2,0,,
2013/05/15,06,3,,,2,0,,
2013/05/15,07,3,,,3,0,,
2013/05/15,08,3,,,3,0,,
2013/05/15,09,3,,,3,0,,
2013/05/15,10,20,,,8,11,,
2013/05/15,11,70,,,9,58,,
2013/05/15,12,74,,,12,61,,
2013/05/15,13,75,,,13,60,,
2013/05/15,14,77,,,14,60,,
2013/05/15,15,76,,,14,61,,
2013/05/15,16,76,,,14,60,,
2013/05/15,17,75,,,13,61,,
2013/05/15,18,74,,,11,61,,
2013/05/15,19,85,,,10,72,,
2013/05/15,20,82,,,9,71,,
2013/05/15,21,73,,,7,64,,
2013/05/15,22,20,,,5,13,,
2013/05/15,23,4,,,3,0,,
2013/05/15,24,3,,,3,0,,
2013/05/16,01,4,,,3,0,,
2013/05/16,02,4,,,3,0,,
2013/05/16,03,4,,,3,0,,
2013/05/16,04,4,,,3,0,,
2013/05/16,05,4,,,3,0,,
2013/05/16,06,3,,,3,0,,
2013/05/16,07,4,,,3,0,,
2013/05/16,08,4,,,3,0,,
2013/05/16,09,5,,,4,0,,
2013/05/16,10,21,,,4,16,,
2013/05/16,11,69,,,7,60,,
2013/05/16,12,73,,,11,61,,
2013/05/16,13,74,,,11,60,,
2013/05/16,14,73,,,11,60,,
2013/05/16,15,73,,,11,60,,
2013/05/16,16,73,,,11,61,,
2013/05/16,17,73,,,11,61,,
2013/05/16,18,73,,,10,61,,
2013/05/16,19,83,,,9,72,,
2013/05/16,20,83,,,9,72,,
2013/05/16,21,30,,,5,23,,
2013/05/16,22,5,,,4,0,,
2013/05/16,23,3,,,3,0,,
2013/05/16,24,3,,,3,0,,
2013/05/17,01,4,,,3,0,,
2013/05/17,02,3,,,3,0,,
2013/05/17,03,3,,,3,0,,
2013/05/17,04,3,,,3,0,,
2013/05/17,05,3,,,3,0,,
2013/05/17,06,4,,,3,0,,
2013/05/17,07,3,,,3,0,,
2013/05/17,08,3,,,3,0,,
2013/05/17,09,3,,,3,0,,
2013/05/17,10,32,,,6,25,,
2013/05/17,11,69,,,7,60,,
2013/05/17,12,71,,,9,60,,
2013/05/17,13,73,,,11,61,,
2013/05/17,14,72,,,11,59,,
2013/05/17,15,74,,,11,60,,
2013/05/17,16,73,,,12,60,,
2013/05/17,17,75,,,12,61,,
2013/05/17,18,73,,,11,60,,
2013/05/17,19,83,,,10,71,,
2013/05/17,20,83,,,9,72,,
2013/05/17,21,38,,,5,31,,
2013/05/17,22,12,,,3,8,,
2013/05/17,23,3,,,3,0,,
2013/05/17,24,3,,,3,0,,
2013/05/18,01,4,,,3,0,,
2013/05/18,02,3,,,3,0,,
2013/05/18,03,3,,,3,0,,
2013/05/18,04,3,,,3,0,,
2013/05/18,05,3,,,3,0,,
2013/05/18,06,3,,,3,0,,
2013/05/18,07,3,,,2,0,,
2013/05/18,08,4,,,3,0,,
2013/05/18,09,3,,,3,0,,
2013/05/18,10,5,,,4,2,,
2013/05/18,11,72,,,9,61,,
2013/05/18,12,73,,,11,60,,
2013/05/18,13,78,,,16,61,,
2013/05/18,14,75,,,14,60,,
2013/05/18,15,78,,,16,60,,
2013/05/18,16,75,,,13,60,,
2013/05/18,17,75,,,12,60,,
2013/05/18,18,73,,,12,60,,
2013/05/18,19,85,,,11,71,,
2013/05/18,20,83,,,10,71,,
2013/05/18,21,47,,,7,39,,
2013/05/18,22,24,,,4,19,,
2013/05/18,23,24,,,4,19,,
2013/05/18,24,24,,,4,19,,
2013/05/19,01,18,,,4,14,,
2013/05/19,02,3,,,3,0,,
2013/05/19,03,3,,,2,0,,
2013/05/19,04,3,,,3,0,,
2013/05/19,05,3,,,2,0,,
2013/05/19,06,3,,,2,0,,
2013/05/19,07,3,,,3,0,,
2013/05/19,08,3,,,2,0,,
2013/05/19,09,4,,,3,0,,
2013/05/19,10,22,,,3,18,,
2013/05/19,11,67,,,6,60,,
2013/05/19,12,69,,,7,60,,
2013/05/19,13,70,,,7,61,,
2013/05/19,14,69,,,7,61,,
2013/05/19,15,71,,,7,62,,
2013/05/19,16,70,,,8,61,,
2013/05/19,17,70,,,8,61,,
2013/05/19,18,70,,,8,60,,
2013/05/19,19,81,,,8,71,,
2013/05/19,20,82,,,8,72,,
2013/05/19,21,64,,,7,56,,
2013/05/19,22,25,,,6,18,,
2013/05/19,23,19,,,6,12,,
2013/05/19,24,3,,,3,0,,
2013/05/20,01,3,,,2,0,,
2013/05/20,02,3,,,3,0,,
2013/05/20,03,3,,,3,0,,
2013/05/20,04,3,,,3,0,,
2013/05/20,05,3,,,3,0,,
2013/05/20,06,4,,,3,0,,
2013/05/20,07,3,,,3,0,,
2013/05/20,08,3,,,3,0,,
2013/05/20,09,3,,,3,0,,
2013/05/20,10,13,,,6,6,,
2013/05/20,11,71,,,9,60,,
2013/05/20,12,76,,,14,61,,
2013/05/20,13,78,,,15,60,,
2013/05/20,14,78,,,16,60,,
2013/05/20,15,79,,,16,61,,
2013/05/20,16,77,,,15,60,,
2013/05/20,17,78,,,15,61,,
2013/05/20,18,76,,,13,61,,
2013/05/20,19,87,,,13,72,,
2013/05/20,20,85,,,11,72,,
2013/05/20,21,73,,,10,61,,
2013/05/20,22,25,,,7,17,,
2013/05/20,23,3,,,3,0,,
2013/05/20,24,3,,,3,0,,
2013/05/21,01,4,,,3,0,,
2013/05/21,02,3,,,3,0,,
2013/05/21,03,3,,,3,0,,
2013/05/21,04,4,,,3,0,,
2013/05/21,05,3,,,3,0,,
2013/05/21,06,3,,,3,0,,
2013/05/21,07,3,,,3,0,,
2013/05/21,08,4,,,3,0,,
2013/05/21,09,3,,,3,0,,
2013/05/21,10,32,,,7,25,,
2013/05/21,11,74,,,11,60,,
2013/05/21,12,78,,,15,61,,
2013/05/21,13,77,,,16,59,,
2013/05/21,14,75,,,16,57,,
2013/05/21,15,77,,,16,59,,
2013/05/21,16,78,,,16,60,,
2013/05/21,17,78,,,15,61,,
2013/05/21,18,75,,,13,60,,
2013/05/21,19,86,,,12,72,,
2013/05/21,20,85,,,12,71,,
2013/05/21,21,75,,,9,63,,
2013/05/21,22,5,,,3,1,,
2013/05/21,23,3,,,3,0,,
2013/05/21,24,3,,,3,0,,
2013/05/22,01,3,,,3,0,,
2013/05/22,02,3,,,3,0,,
2013/05/22,03,4,,,3,0,,
2013/05/22,04,3,,,3,0,,
2013/05/22,05,3,,,3,0,,
2013/05/22,06,3,,,3,0,,
2013/05/22,07,3,,,3,0,,
2013/05/22,08,4,,,3,0,,
2013/05/22,09,3,,,3,0,,
2013/05/22,10,30,,,5,24,,
2013/05/22,11,70,,,8,60,,
2013/05/22,12,75,,,12,61,,
2013/05/22,13,76,,,13,61,,
2013/05/22,14,75,,,13,61,,
2013/05/22,15,75,,,13,61,,
2013/05/22,16,76,,,13,60,,
2013/05/22,17,75,,,13,60,,
2013/05/22,18,75,,,13,60,,
2013/05/22,19,88,,,13,73,,
2013/05/22,20,84,,,10,72,,
2013/05/22,21,74,,,9,64,,
2013/05/22,22,7,,,4,3,,
2013/05/22,23,5,,,4,0,,
2013/05/22,24,4,,,4,0,,
2013/05/23,01,4,,,4,0,,
2013/05/23,02,4,,,4,0,,
2013/05/23,03,4,,,3,0,,
2013/05/23,04,4,,,4,0,,
2013/05/23,05,4,,,4,0,,
2013/05/23,06,5,,,3,0,,
2013/05/23,07,4,,,3,0,,
2013/05/23,08,4,,,4,0,,
2013/05/23,09,4,,,4,0,,
2013/05/23,10,12,,,8,7,,
2013/05/23,11,73,,,8,50,,
2013/05/23,12,75,,,13,60,,
2013/05/23,13,77,,,14,61,,
2013/05/23,14,77,,,15,61,,
2013/05/23,15,77,,,14,60,,
2013/05/23,16,77,,,15,61,,
2013/05/23,17,77,,,13,61,,
2013/05/23,18,75,,,12,61,,
2013/05/23,19,83,,,10,71,,
2013/05/23,20,84,,,10,72,,
2013/05/23,21,42,,,6,34,,
2013/05/23,22,25,,,4,19,,
2013/05/23,23,7,,,3,4,,
2013/05/23,24,4,,,3,0,,
2013/05/24,01,3,,,3,0,,
2013/05/24,02,3,,,3,0,,
2013/05/24,03,3,,,3,0,,
2013/05/24,04,4,,,3,0,,
2013/05/24,05,3,,,3,0,,
2013/05/24,06,3,,,3,0,,
2013/05/24,07,3,,,3,0,,
2013/05/24,08,3,,,3,0,,
2013/05/24,09,3,,,3,0,,
2013/05/24,10,33,,,4,28,,
2013/05/24,11,70,,,8,60,,
2013/05/24,12,75,,,12,61,,
2013/05/24,13,73,,,11,60,,
2013/05/24,14,75,,,13,61,,
2013/05/24,15,74,,,12,60,,
2013/05/24,16,75,,,13,60,,
2013/05/24,17,75,,,13,60,,
2013/05/24,18,76,,,14,61,,
2013/05/24,19,86,,,11,73,,
2013/05/24,20,83,,,9,72,,
2013/05/24,21,46,,,6,38,,
2013/05/24,22,3,,,3,0,,
2013/05/24,23,3,,,3,0,,
2013/05/24,24,4,,,3,0,,
2013/05/25,01,3,,,3,0,,
2013/05/25,02,3,,,3,0,,
2013/05/25,03,3,,,3,0,,
2013/05/25,04,4,,,3,0,,
2013/05/25,05,3,,,3,0,,
2013/05/25,06,3,,,3,0,,
2013/05/25,07,3,,,3,0,,
2013/05/25,08,3,,,3,0,,
2013/05/25,09,4,,,3,0,,
2013/05/25,10,4,,,4,0,,
2013/05/25,11,69,,,10,58,,
2013/05/25,12,77,,,14,60,,
2013/05/25,13,78,,,17,60,,
2013/05/25,14,80,,,17,60,,
2013/05/25,15,77,,,16,60,,
2013/05/25,16,77,,,15,60,,
2013/05/25,17,77,,,14,61,,
2013/05/25,18,75,,,13,60,,
2013/05/25,19,85,,,11,72,,
2013/05/25,20,83,,,10,71,,
2013/05/25,21,40,,,7,31,,
2013/05/25,22,7,,,4,2,,
2013/05/25,23,4,,,4,0,,
2013/05/25,24,4,,,4,0,,
2013/05/26,01,5,,,4,0,,
2013/05/26,02,4,,,4,0,,
2013/05/26,03,4,,,4,0,,
2013/05/26,04,4,,,4,0,,
2013/05/26,05,5,,,4,0,,
2013/05/26,06,4,,,4,0,,
2013/05/26,07,4,,,4,0,,
2013/05/26,08,7,,,6,0,,
2013/05/26,09,13,,,9,3,,
2013/05/26,10,38,,,9,27,,
2013/05/26,11,73,,,12,60,,
2013/05/26,12,76,,,14,59,,
2013/05/26,13,78,,,17,60,,
2013/05/26,14,79,,,17,60,,
2013/05/26,15,79,,,17,60,,
2013/05/26,16,80,,,18,60,,
2013/05/26,17,79,,,16,61,,
2013/05/26,18,76,,,14,61,,
2013/05/26,19,81,,,13,66,,
2013/05/26,20,85,,,10,72,,
2013/05/26,21,46,,,7,37,,
2013/05/26,22,21,,,5,16,,
2013/05/26,23,8,,,3,4,,
2013/05/26,24,3,,,3,0,,
2013/05/27,01,3,,,3,0,,
2013/05/27,02,3,,,3,0,,
2013/05/27,03,4,,,3,0,,
2013/05/27,04,3,,,3,0,,
2013/05/27,05,3,,,3,0,,
2013/05/27,06,3,,,3,0,,
2013/05/27,07,3,,,3,0,,
2013/05/27,08,3,,,3,0,,
2013/05/27,09,4,,,3,0,,
2013/05/27,10,11,,,6,5,,
2013/05/27,11,72,,,11,60,,
2013/05/27,12,77,,,14,61,,
2013/05/27,13,78,,,16,60,,
2013/05/27,14,75,,,13,60,,
2013/05/27,15,74,,,12,60,,
2013/05/27,16,75,,,12,60,,
2013/05/27,17,76,,,13,61,,
2013/05/27,18,75,,,12,61,,
2013/05/27,19,84,,,11,72,,
2013/05/27,20,84,,,10,72,,
2013/05/27,21,61,,,9,50,,
2013/05/27,22,4,,,4,0,,
2013/05/27,23,4,,,4,0,,
2013/05/27,24,5,,,4,0,,
2013/05/28,01,4,,,4,0,,
2013/05/28,02,4,,,4,0,,
2013/05/28,03,5,,,4,0,,
2013/05/28,04,4,,,4,0,,
2013/05/28,05,4,,,4,0,,
2013/05/28,06,4,,,4,0,,
2013/05/28,07,5,,,4,0,,
2013/05/28,08,4,,,4,0,,
2013/05/28,09,4,,,4,0,,
2013/05/28,10,13,,,8,4,,
2013/05/28,11,72,,,10,60,,
2013/05/28,12,73,,,10,61,,
2013/05/28,13,72,,,11,60,,
2013/05/28,14,73,,,11,60,,
2013/05/28,15,70,,,8,60,,
2013/05/28,16,71,,,9,61,,
2013/05/28,17,72,,,9,60,,
2013/05/28,18,70,,,8,60,,
2013/05/28,19,82,,,8,72,,
2013/05/28,20,82,,,8,72,,
2013/05/28,21,72,,,8,63,,
2013/05/28,22,8,,,3,4,,
2013/05/28,23,3,,,3,0,,
2013/05/28,24,4,,,3,0,,
2013/05/29,01,3,,,3,0,,
2013/05/29,02,3,,,3,0,,
2013/05/29,03,3,,,3,0,,
2013/05/29,04,3,,,3,0,,
2013/05/29,05,4,,,3,0,,
2013/05/29,06,3,,,3,0,,
2013/05/29,07,3,,,3,0,,
2013/05/29,08,3,,,3,0,,
2013/05/29,09,3,,,3,0,,
2013/05/29,10,29,,,3,24,,
2013/05/29,11,66,,,4,60,,
2013/05/29,12,67,,,5,60,,
2013/05/29,13,67,,,6,60,,
2013/05/29,14,67,,,6,60,,
2013/05/29,15,67,,,5,60,,
2013/05/29,16,68,,,7,60,,
2013/05/29,17,74,,,11,60,,
2013/05/29,18,73,,,11,61,,
2013/05/29,19,85,,,11,72,,
2013/05/29,20,84,,,11,72,,
2013/05/29,21,41,,,7,33,,
2013/05/29,22,5,,,3,1,,
2013/05/29,23,3,,,3,0,,
2013/05/29,24,3,,,3,0,,
2013/05/30,01,4,,,3,0,,
2013/05/30,02,3,,,3,0,,
2013/05/30,03,3,,,3,0,,
2013/05/30,04,4,,,3,0,,
2013/05/30,05,3,,,3,0,,
2013/05/30,06,3,,,3,0,,
2013/05/30,07,3,,,3,0,,
2013/05/30,08,4,,,3,0,,
2013/05/30,09,3,,,3,0,,
2013/05/30,10,23,,,4,18,,
2013/05/30,11,67,,,5,60,,
2013/05/30,12,68,,,6,61,,
2013/05/30,13,71,,,9,60,,
2013/05/30,14,73,,,10,61,,
2013/05/30,15,72,,,10,61,,
2013/05/30,16,74,,,11,61,,
2013/05/30,17,73,,,12,60,,
2013/05/30,18,73,,,10,61,,
2013/05/30,19,84,,,11,72,,
2013/05/30,20,84,,,10,72,,
2013/05/30,21,45,,,5,38,,
2013/05/30,22,3,,,3,0,,
2013/05/30,23,3,,,3,0,,
2013/05/30,24,4,,,3,0,,
2013/05/31,01,3,,,3,0,,
2013/05/31,02,3,,,3,0,,
2013/05/31,03,3,,,3,0,,
2013/05/31,04,3,,,3,0,,
2013/05/31,05,3,,,2,0,,
2013/05/31,06,3,,,2,0,,
2013/05/31,07,3,,,3,0,,
2013/05/31,08,3,,,2,0,,
2013/05/31,09,3,,,3,0,,
2013/05/31,10,23,,,6,16,,
2013/05/31,11,72,,,11,60,,
2013/05/31,12,77,,,15,61,,
2013/05/31,13,79,,,17,60,,
2013/05/31,14,78,,,16,60,,
2013/05/31,15,81,,,18,61,,
2013/05/31,16,79,,,17,60,,
2013/05/31,17,78,,,16,60,,
2013/05/31,18,77,,,15,60,,
2013/05/31,19,86,,,13,70,,
2013/05/31,20,84,,,10,71,,
2013/05/31,21,35,,,7,27,,
2013/05/31,22,4,,,4,0,,
2013/05/31,23,4,,,4,0,,
2013/05/31,24,4,,,4,0,,
2013/06/01,01,4,,,4,0,,
2013/06/01,02,5,,,4,0,,
2013/06/01,03,4,,,4,0,,
2013/06/01,04,4,,,4,0,,
2013/06/01,05,4,,,4,0,,
2013/06/01,06,4,,,4,0,,
2013/06/01,07,4,,,4,0,,
2013/06/01,08,4,,,4,0,,
2013/06/01,09,5,,,4,0,,
2013/06/01,10,12,,,6,6,,
2013/06/01,11,70,,,10,58,,
2013/06/01,12,73,,,13,58,,
2013/06/01,13,74,,,14,58,,
2013/06/01,14,75,,,16,57,,
2013/06/01,15,74,,,14,58,,
2013/06/01,16,75,,,14,59,,
2013/06/01,17,76,,,14,60,,
2013/06/01,18,74,,,12,61,,
2013/06/01,19,84,,,11,70,,
2013/06/01,20,84,,,11,71,,
2013/06/01,21,40,,,6,32,,
2013/06/01,22,9,,,3,5,,
2013/06/01,23,3,,,3,0,,
2013/06/01,24,3,,,3,0,,
2013/06/02,01,3,,,3,0,,
2013/06/02,02,4,,,3,0,,
2013/06/02,03,3,,,3,0,,
2013/06/02,04,3,,,3,0,,
2013/06/02,05,4,,,3,0,,
2013/06/02,06,3,,,3,0,,
2013/06/02,07,3,,,3,0,,
2013/06/02,08,4,,,3,0,,
2013/06/02,09,3,,,3,0,,
2013/06/02,10,24,,,3,20,,
2013/06/02,11,71,,,9,60,,
2013/06/02,12,71,,,10,60,,
2013/06/02,13,74,,,12,60,,
2013/06/02,14,76,,,15,60,,
2013/06/02,15,78,,,16,60,,
2013/06/02,16,77,,,16,60,,
2013/06/02,17,76,,,14,60,,
2013/06/02,18,75,,,13,61,,
2013/06/02,19,85,,,11,72,,
2013/06/02,20,83,,,10,71,,
2013/06/02,21,74,,,9,63,,
2013/06/02,22,12,,,4,8,,
2013/06/02,23,3,,,3,0,,
2013/06/02,24,3,,,2,0,,
2013/06/03,01,4,,,3,0,,
2013/06/03,02,3,,,3,0,,
2013/06/03,03,3,,,3,0,,
2013/06/03,04,3,,,3,0,,
2013/06/03,05,3,,,3,0,,
2013/06/03,06,3,,,2,0,,
2013/06/03,07,3,,,3,0,,
2013/06/03,08,3,,,3,0,,
2013/06/03,09,3,,,3,0,,
2013/06/03,10,7,,,6,0,,
2013/06/03,11,70,,,10,59,,
2013/06/03,12,76,,,13,61,,
2013/06/03,13,77,,,15,60,,
2013/06/03,14,77,,,15,60,,
2013/06/03,15,77,,,16,60,,
2013/06/03,16,77,,,16,59,,
2013/06/03,17,78,,,16,60,,
2013/06/03,18,75,,,13,60,,
2013/06/03,19,83,,,10,71,,
2013/06/03,20,82,,,10,70,,
2013/06/03,21,73,,,8,63,,
2013/06/03,22,4,,,3,1,,
2013/06/03,23,4,,,3,0,,
2013/06/03,24,3,,,3,0,,
2013/06/04,01,3,,,3,0,,
2013/06/04,02,4,,,3,0,,
2013/06/04,03,3,,,3,0,,
2013/06/04,04,3,,,3,0,,
2013/06/04,05,4,,,3,0,,
2013/06/04,06,3,,,3,0,,
2013/06/04,07,3,,,3,0,,
2013/06/04,08,3,,,3,0,,
2013/06/04,09,4,,,3,0,,
2013/06/04,10,14,,,6,7,,
2013/06/04,11,74,,,12,60,,
2013/06/04,12,78,,,15,60,,
2013/06/04,13,79,,,17,60,,
2013/06/04,14,79,,,17,60,,
2013/06/04,15,80,,,17,61,,
2013/06/04,16,78,,,16,60,,
2013/06/04,17,78,,,15,61,,
2013/06/04,18,74,,,13,60,,
2013/06/04,19,86,,,12,71,,
2013/06/04,20,84,,,11,72,,
2013/06/04,21,75,,,9,64,,
2013/06/04,22,41,,,6,33,,
2013/06/04,23,3,,,3,0,,
2013/06/04,24,3,,,3,0,,
2013/06/05,01,4,,,3,0,,
2013/06/05,02,3,,,3,0,,
2013/06/05,03,3,,,3,0,,
2013/06/05,04,4,,,3,0,,
2013/06/05,05,3,,,3,0,,
2013/06/05,06,3,,,3,0,,
2013/06/05,07,3,,,3,0,,
2013/06/05,08,4,,,3,0,,
2013/06/05,09,3,,,3,0,,
2013/06/05,10,23,,,4,19,,
2013/06/05,11,67,,,6,60,,
2013/06/05,12,81,,,18,60,,
2013/06/05,13,79,,,18,60,,
2013/06/05,14,79,,,18,60,,
2013/06/05,15,77,,,14,61,,
2013/06/05,16,73,,,11,60,,
2013/06/05,17,71,,,9,60,,
2013/06/05,18,73,,,11,60,,
2013/06/05,19,84,,,11,70,,
2013/06/05,20,83,,,10,71,,
2013/06/05,21,56,,,9,45,,
2013/06/05,22,4,,,4,0,,
2013/06/05,23,5,,,4,0,,
2013/06/05,24,4,,,4,0,,
2013/06/06,01,4,,,4,0,,
2013/06/06,02,4,,,4,0,,
2013/06/06,03,4,,,4,0,,
2013/06/06,04,5,,,4,0,,
2013/06/06,05,4,,,4,0,,
2013/06/06,06,4,,,4,0,,
2013/06/06,07,4,,,4,0,,
2013/06/06,08,4,,,4,0,,
2013/06/06,09,4,,,3,0,,
2013/06/06,10,30,,,8,21,,
2013/06/06,11,73,,,12,59,,
2013/06/06,12,77,,,16,60,,
2013/06/06,13,79,,,16,61,,
2013/06/06,14,79,,,17,60,,
2013/06/06,15,77,,,15,61,,
2013/06/06,16,75,,,14,60,,
2013/06/06,17,76,,,13,61,,
2013/06/06,18,74,,,12,61,,
2013/06/06,19,85,,,11,72,,
2013/06/06,20,83,,,9,72,,
2013/06/06,21,36,,,5,29,,
2013/06/06,22,11,,,3,7,,
2013/06/06,23,4,,,3,0,,
2013/06/06,24,3,,,3,0,,
2013/06/07,01,3,,,3,0,,
2013/06/07,02,3,,,3,0,,
2013/06/07,03,3,,,3,0,,
2013/06/07,04,3,,,3,0,,
2013/06/07,05,3,,,3,0,,
2013/06/07,06,4,,,3,0,,
2013/06/07,07,3,,,3,0,,
2013/06/07,08,3,,,3,0,,
2013/06/07,09,3,,,3,0,,
2013/06/07,10,9,,,5,3,,
2013/06/07,11,71,,,10,59,,
2013/06/07,12,75,,,13,61,,
2013/06/07,13,77,,,15,60,,
2013/06/07,14,78,,,15,61,,
2013/06/07,15,76,,,14,61,,
2013/06/07,16,75,,,13,60,,
2013/06/07,17,75,,,13,60,,
2013/06/07,18,75,,,12,61,,
2013/06/07,19,85,,,12,72,,
2013/06/07,20,84,,,10,71,,
2013/06/07,21,67,,,5,60,,
2013/06/07,22,18,,,5,13,,
2013/06/07,23,3,,,3,0,,
2013/06/07,24,4,,,3,0,,
2013/06/08,01,3,,,3,0,,
2013/06/08,02,3,,,3,0,,
2013/06/08,03,4,,,3,0,,
2013/06/08,04,3,,,3,0,,
2013/06/08,05,3,,,3,0,,
2013/06/08,06,3,,,3,0,,
2013/06/08,07,4,,,3,0,,
2013/06/08,08,3,,,3,0,,
2013/06/08,09,3,,,3,0,,
2013/06/08,10,29,,,7,22,,
2013/06/08,11,74,,,13,59,,
2013/06/08,12,77,,,16,59,,
2013/06/08,13,79,,,17,60,,
2013/06/08,14,79,,,17,59,,
2013/06/08,15,78,,,18,59,,
2013/06/08,16,78,,,17,59,,
2013/06/08,17,78,,,16,60,,
2013/06/08,18,74,,,13,59,,
2013/06/08,19,83,,,12,69,,
2013/06/08,20,83,,,11,70,,
2013/06/08,21,29,,,5,22,,
2013/06/08,22,3,,,3,0,,
2013/06/08,23,3,,,3,0,,
2013/06/08,24,3,,,3,0,,
2013/06/09,01,3,,,3,0,,
2013/06/09,02,4,,,3,0,,
2013/06/09,03,3,,,3,0,,
2013/06/09,04,3,,,3,0,,
2013/06/09,05,3,,,3,0,,
2013/06/09,06,3,,,3,0,,
2013/06/09,07,3,,,2,0,,
2013/06/09,08,3,,,3,0,,
2013/06/09,09,3,,,3,0,,
2013/06/09,10,19,,,6,12,,
2013/06/09,11,70,,,11,57,,
2013/06/09,12,75,,,14,59,,
2013/06/09,13,78,,,16,60,,
2013/06/09,14,77,,,16,59,,
2013/06/09,15,78,,,16,61,,
2013/06/09,16,80,,,17,61,,
2013/06/09,17,76,,,14,61,,
2013/06/09,18,76,,,14,60,,
2013/06/09,19,86,,,13,72,,
2013/06/09,20,82,,,10,71,,
2013/06/09,21,37,,,8,27,,
2013/06/09,22,26,,,7,19,,
2013/06/09,23,24,,,4,19,,
2013/06/09,24,10,,,3,6,,
2013/06/10,01,3,,,2,0,,
2013/06/10,02,3,,,2,0,,
2013/06/10,03,3,,,2,0,,
2013/06/10,04,3,,,2,0,,
2013/06/10,05,3,,,2,0,,
2013/06/10,06,3,,,2,0,,
2013/06/10,07,3,,,2,0,,
2013/06/10,08,3,,,2,0,,
2013/06/10,09,3,,,2,0,,
2013/06/10,10,17,,,5,11,,
2013/06/10,11,68,,,8,59,,
2013/06/10,12,74,,,13,60,,
2013/06/10,13,74,,,13,59,,
2013/06/10,14,76,,,14,59,,
2013/06/10,15,76,,,15,59,,
2013/06/10,16,77,,,16,60,,
2013/06/10,17,74,,,13,60,,
2013/06/10,18,73,,,11,60,,
2013/06/10,19,82,,,10,71,,
2013/06/10,20,84,,,10,71,,
2013/06/10,21,42,,,7,35,,
2013/06/10,22,5,,,4,0,,
2013/06/10,23,4,,,4,0,,
2013/06/10,24,4,,,4,0,,
2013/06/11,01,4,,,4,0,,
2013/06/11,02,5,,,4,0,,
2013/06/11,03,4,,,3,0,,
2013/06/11,04,4,,,4,0,,
2013/06/11,05,4,,,4,0,,
2013/06/11,06,4,,,3,0,,
2013/06/11,07,4,,,4,0,,
2013/06/11,08,4,,,4,0,,
2013/06/11,09,4,,,3,0,,
2013/06/11,10,13,,,7,5,,
2013/06/11,11,74,,,14,58,,
2013/06/11,12,75,,,15,59,,
2013/06/11,13,76,,,16,58,,
2013/06/11,14,75,,,15,58,,
2013/06/11,15,74,,,15,58,,
2013/06/11,16,73,,,13,58,,
2013/06/11,17,74,,,14,59,,
2013/06/11,18,73,,,13,59,,
2013/06/11,19,78,,,11,64,,
2013/06/11,20,79,,,9,69,,
2013/06/11,21,68,,,8,58,,
2013/06/11,22,11,,,4,8,,
2013/06/11,23,4,,,3,0,,
2013/06/11,24,3,,,3,0,,
2013/06/12,01,3,,,3,0,,
2013/06/12,02,3,,,3,0,,
2013/06/12,03,3,,,3,0,,
2013/06/12,04,3,,,3,0,,
2013/06/12,05,3,,,3,0,,
2013/06/12,06,3,,,3,0,,
2013/06/12,07,4,,,2,0,,
2013/06/12,08,3,,,3,0,,
2013/06/12,09,3,,,3,0,,
2013/06/12,10,20,,,9,10,,
2013/06/12,11,79,,,17,60,,
2013/06/12,12,78,,,18,59,,
2013/06/12,13,79,,,18,59,,
2013/06/12,14,79,,,17,60,,
2013/06/12,15,79,,,17,60,,
2013/06/12,16,76,,,14,60,,
2013/06/12,17,76,,,14,61,,
2013/06/12,18,77,,,14,60,,
2013/06/12,19,81,,,14,66,,
2013/06/12,20,86,,,13,71,,
2013/06/12,21,69,,,10,58,,
2013/06/12,22,10,,,9,0,,
2013/06/12,23,10,,,9,0,,
2013/06/12,24,10,,,9,0,,
2013/06/13,01,9,,,9,0,,
2013/06/13,02,3,,,3,0,,
2013/06/13,03,3,,,3,0,,
2013/06/13,04,4,,,3,0,,
2013/06/13,05,3,,,3,0,,
2013/06/13,06,3,,,3,0,,
2013/06/13,07,3,,,3,0,,
2013/06/13,08,3,,,3,0,,
2013/06/13,09,4,,,3,0,,
2013/06/13,10,26,,,10,15,,
2013/06/13,11,81,,,19,60,,
2013/06/13,12,80,,,19,59,,
2013/06/13,13,81,,,19,60,,
2013/06/13,14,80,,,19,60,,
2013/06/13,15,82,,,19,61,,
2013/06/13,16,81,,,19,60,,
2013/06/13,17,81,,,19,60,,
2013/06/13,18,81,,,18,60,,
2013/06/13,19,87,,,17,68,,
2013/06/13,20,86,,,13,71,,
2013/06/13,21,37,,,6,30,,
2013/06/13,22,3,,,3,0,,
2013/06/13,23,4,,,3,0,,
2013/06/13,24,3,,,3,0,,
2013/06/14,01,3,,,3,0,,
2013/06/14,02,3,,,3,0,,
2013/06/14,03,4,,,3,0,,
2013/06/14,04,3,,,3,0,,
2013/06/14,05,3,,,3,0,,
2013/06/14,06,3,,,3,0,,
2013/06/14,07,3,,,3,0,,
2013/06/14,08,4,,,3,0,,
2013/06/14,09,3,,,3,0,,
2013/06/14,10,28,,,13,14,,
2013/06/14,11,80,,,18,60,,
2013/06/14,12,82,,,19,61,,
2013/06/14,13,81,,,19,60,,
2013/06/14,14,82,,,19,60,,
2013/06/14,15,81,,,19,60,,
2013/06/14,16,81,,,20,59,,
2013/06/14,17,80,,,18,60,,
2013/06/14,18,78,,,16,61,,
2013/06/14,19,89,,,15,71,,
2013/06/14,20,86,,,13,71,,
2013/06/14,21,72,,,8,63,,
2013/06/14,22,19,,,5,14,,
2013/06/14,23,5,,,4,0,,
2013/06/14,24,5,,,4,0,,
2013/06/15,01,4,,,4,0,,
2013/06/15,02,5,,,4,0,,
2013/06/15,03,5,,,4,0,,
2013/06/15,04,4,,,4,0,,
2013/06/15,05,5,,,4,0,,
2013/06/15,06,4,,,4,0,,
2013/06/15,07,4,,,4,0,,
2013/06/15,08,5,,,4,0,,
2013/06/15,09,5,,,4,0,,
2013/06/15,10,30,,,8,21,,
2013/06/15,11,73,,,13,59,,
2013/06/15,12,73,,,11,60,,
2013/06/15,13,75,,,13,60,,
2013/06/15,14,75,,,12,61,,
2013/06/15,15,73,,,12,61,,
2013/06/15,16,75,,,12,60,,
2013/06/15,17,75,,,13,61,,
2013/06/15,18,73,,,11,59,,
2013/06/15,19,84,,,12,71,,
2013/06/15,20,85,,,11,72,,
2013/06/15,21,33,,,9,23,,
2013/06/15,22,4,,,3,0,,
2013/06/15,23,3,,,3,0,,
2013/06/15,24,4,,,3,0,,
2013/06/16,01,4,,,3,0,,
2013/06/16,02,3,,,3,0,,
2013/06/16,03,4,,,3,0,,
2013/06/16,04,4,,,3,0,,
2013/06/16,05,3,,,3,0,,
2013/06/16,06,4,,,3,0,,
2013/06/16,07,3,,,3,0,,
2013/06/16,08,4,,,3,0,,
2013/06/16,09,4,,,3,0,,
2013/06/16,10,15,,,8,7,,
2013/06/16,11,77,,,16,60,,
2013/06/16,12,77,,,17,59,,
2013/06/16,13,81,,,19,59,,
2013/06/16,14,79,,,18,59,,
2013/06/16,15,81,,,19,59,,
2013/06/16,16,79,,,19,59,,
2013/06/16,17,81,,,19,60,,
2013/06/16,18,81,,,18,61,,
2013/06/16,19,84,,,15,67,,
2013/06/16,20,87,,,13,72,,
2013/06/16,21,59,,,7,51,,
2013/06/16,22,6,,,5,0,,
2013/06/16,23,5,,,5,0,,
2013/06/16,24,5,,,5,0,,
2013/06/17,01,5,,,5,0,,
2013/06/17,02,5,,,4,0,,
2013/06/17,03,4,,,4,0,,
2013/06/17,04,5,,,4,0,,
2013/06/17,05,4,,,4,0,,
2013/06/17,06,4,,,4,0,,
2013/06/17,07,5,,,4,0,,
2013/06/17,08,4,,,4,0,,
2013/06/17,09,5,,,5,0,,
2013/06/17,10,15,,,10,4,,
2013/06/17,11,81,,,18,61,,
2013/06/17,12,82,,,19,61,,
2013/06/17,13,82,,,20,60,,
2013/06/17,14,81,,,19,60,,
2013/06/17,15,82,,,19,60,,
2013/06/17,16,80,,,19,59,,
2013/06/17,17,82,,,19,60,,
2013/06/17,18,80,,,18,60,,
2013/06/17,19,90,,,16,71,,
2013/06/17,20,87,,,14,71,,
2013/06/17,21,53,,,10,42,,
2013/06/17,22,6,,,5,0,,
2013/06/17,23,5,,,5,0,,
2013/06/17,24,5,,,4,0,,
2013/06/18,01,5,,,4,0,,
2013/06/18,02,5,,,4,0,,
2013/06/18,03,5,,,4,0,,
2013/06/18,04,5,,,4,0,,
2013/06/18,05,4,,,4,0,,
2013/06/18,06,4,,,4,0,,
2013/06/18,07,5,,,4,0,,
2013/06/18,08,4,,,4,0,,
2013/06/18,09,5,,,4,0,,
2013/06/18,10,40,,,10,29,,
2013/06/18,11,70,,,11,58,,
2013/06/18,12,70,,,11,57,,
2013/06/18,13,72,,,12,58,,
2013/06/18,14,72,,,13,58,,
2013/06/18,15,72,,,12,58,,
2013/06/18,16,71,,,11,58,,
2013/06/18,17,70,,,11,57,,
2013/06/18,18,70,,,11,58,,
2013/06/18,19,85,,,13,70,,
2013/06/18,20,84,,,11,70,,
2013/06/18,21,24,,,7,17,,
2013/06/18,22,5,,,4,0,,
2013/06/18,23,4,,,4,0,,
2013/06/18,24,4,,,4,0,,
2013/06/19,01,5,,,4,0,,
2013/06/19,02,4,,,4,0,,
2013/06/19,03,4,,,3,0,,
2013/06/19,04,4,,,4,0,,
2013/06/19,05,4,,,4,0,,
2013/06/19,06,4,,,3,0,,
2013/06/19,07,4,,,4,0,,
2013/06/19,08,4,,,3,0,,
2013/06/19,09,4,,,4,0,,
2013/06/19,10,21,,,7,12,,
2013/06/19,11,71,,,11,60,,
2013/06/19,12,73,,,11,60,,
2013/06/19,13,74,,,12,60,,
2013/06/19,14,76,,,13,61,,
2013/06/19,15,75,,,13,60,,
2013/06/19,16,74,,,12,60,,
2013/06/19,17,73,,,12,60,,
2013/06/19,18,73,,,12,60,,
2013/06/19,19,86,,,11,72,,
2013/06/19,20,83,,,10,71,,
2013/06/19,21,42,,,7,33,,
2013/06/19,22,4,,,3,0,,
2013/06/19,23,4,,,4,0,,
2013/06/19,24,4,,,3,0,,
2013/06/20,01,3,,,3,0,,
2013/06/20,02,4,,,3,0,,
2013/06/20,03,3,,,3,0,,
2013/06/20,04,4,,,3,0,,
2013/06/20,05,3,,,3,0,,
2013/06/20,06,3,,,3,0,,
2013/06/20,07,4,,,3,0,,
2013/06/20,08,3,,,3,0,,
2013/06/20,09,3,,,3,0,,
2013/06/20,10,26,,,3,21,,
2013/06/20,11,67,,,6,60,,
2013/06/20,12,70,,,8,60,,
2013/06/20,13,74,,,11,60,,
2013/06/20,14,74,,,13,60,,
2013/06/20,15,75,,,12,61,,
2013/06/20,16,75,,,12,61,,
2013/06/20,17,74,,,12,61,,
2013/06/20,18,75,,,12,61,,
2013/06/20,19,86,,,11,73,,
2013/06/20,20,84,,,11,71,,
2013/06/20,21,45,,,9,34,,
2013/06/20,22,25,,,5,19,,
2013/06/20,23,20,,,4,14,,
2013/06/20,24,3,,,3,0,,
2013/06/21,01,3,,,3,0,,
2013/06/21,02,3,,,2,0,,
2013/06/21,03,3,,,3,0,,
2013/06/21,04,3,,,3,0,,
2013/06/21,05,3,,,2,0,,
2013/06/21,06,3,,,2,0,,
2013/06/21,07,3,,,2,0,,
2013/06/21,08,3,,,3,0,,
2013/06/21,09,3,,,2,0,,
2013/06/21,10,46,,,6,38,,
2013/06/21,11,67,,,9,57,,
2013/06/21,12,70,,,10,58,,
2013/06/21,13,70,,,10,58,,
2013/06/21,14,69,,,10,58,,
2013/06/21,15,71,,,10,59,,
2013/06/21,16,71,,,10,60,,
2013/06/21,17,71,,,10,59,,
2013/06/21,18,73,,,10,61,,
2013/06/21,19,85,,,10,73,,
2013/06/21,20,84,,,10,72,,
2013/06/21,21,41,,,9,31,,
2013/06/21,22,26,,,6,19,,
2013/06/21,23,10,,,3,6,,
2013/06/21,24,3,,,3,0,,
2013/06/22,01,3,,,3,0,,
2013/06/22,02,3,,,3,0,,
2013/06/22,03,3,,,3,0,,
2013/06/22,04,3,,,3,0,,
2013/06/22,05,3,,,2,0,,
2013/06/22,06,3,,,2,0,,
2013/06/22,07,3,,,2,0,,
2013/06/22,08,3,,,3,0,,
2013/06/22,09,3,,,3,0,,
2013/06/22,10,7,,,3,3,,
2013/06/22,11,70,,,8,60,,
2013/06/22,12,73,,,11,60,,
2013/06/22,13,73,,,11,61,,
2013/06/22,14,73,,,11,60,,
2013/06/22,15,75,,,14,60,,
2013/06/22,16,76,,,15,59,,
2013/06/22,17,77,,,15,61,,
2013/06/22,18,77,,,14,61,,
2013/06/22,19,86,,,12,72,,
2013/06/22,20,83,,,10,72,,
2013/06/22,21,40,,,7,31,,
2013/06/22,22,3,,,3,0,,
2013/06/22,23,3,,,3,0,,
2013/06/22,24,3,,,3,0,,
2013/06/23,01,3,,,3,0,,
2013/06/23,02,3,,,3,0,,
2013/06/23,03,3,,,2,0,,
2013/06/23,04,3,,,3,0,,
2013/06/23,05,3,,,2,0,,
2013/06/23,06,3,,,2,0,,
2013/06/23,07,3,,,3,0,,
2013/06/23,08,4,,,3,0,,
2013/06/23,09,3,,,2,0,,
2013/06/23,10,32,,,6,26,,
2013/06/23,11,75,,,13,60,,
2013/06/23,12,76,,,15,60,,
2013/06/23,13,77,,,15,60,,
2013/06/23,14,77,,,16,59,,
2013/06/23,15,76,,,14,60,,
2013/06/23,16,74,,,13,60,,
2013/06/23,17,72,,,11,60,,
2013/06/23,18,72,,,11,59,,
2013/06/23,19,84,,,11,71,,
2013/06/23,20,85,,,11,71,,
2013/06/23,21,73,,,8,63,,
2013/06/23,22,70,,,8,61,,
2013/06/23,23,25,,,5,18,,
2013/06/23,24,4,,,4,0,,
2013/06/24,01,5,,,4,0,,
2013/06/24,02,4,,,4,0,,
2013/06/24,03,5,,,4,0,,
2013/06/24,04,4,,,4,0,,
2013/06/24,05,5,,,4,0,,
2013/06/24,06,4,,,4,0,,
2013/06/24,07,4,,,4,0,,
2013/06/24,08,5,,,4,0,,
2013/06/24,09,4,,,4,0,,
2013/06/24,10,17,,,7,10,,
2013/06/24,11,76,,,14,60,,
2013/06/24,12,77,,,15,60,,
2013/06/24,13,79,,,16,61,,
2013/06/24,14,78,,,16,60,,
2013/06/24,15,77,,,15,60,,
2013/06/24,16,77,,,15,61,,
2013/06/24,17,77,,,14,61,,
2013/06/24,18,75,,,13,60,,
2013/06/24,19,87,,,12,72,,
2013/06/24,20,85,,,11,73,,
2013/06/24,21,73,,,8,63,,
2013/06/24,22,68,,,6,61,,
2013/06/24,23,68,,,6,61,,
2013/06/24,24,69,,,6,61,,
2013/06/25,01,67,,,6,60,,
2013/06/25,02,8,,,3,4,,
2013/06/25,03,3,,,3,0,,
2013/06/25,04,3,,,2,0,,
2013/06/25,05,3,,,2,0,,
2013/06/25,06,3,,,2,0,,
2013/06/25,07,2,,,2,0,,
2013/06/25,08,3,,,2,0,,
2013/06/25,09,3,,,2,0,,
2013/06/25,10,16,,,9,6,,
2013/06/25,11,77,,,15,59,,
2013/06/25,12,78,,,17,60,,
2013/06/25,13,79,,,17,60,,
2013/06/25,14,78,,,17,59,,
2013/06/25,15,75,,,14,59,,
2013/06/25,16,77,,,16,60,,
2013/06/25,17,79,,,17,60,,
2013/06/25,18,78,,,15,60,,
2013/06/25,19,87,,,14,72,,
2013/06/25,20,85,,,12,71,,
2013/06/25,21,62,,,9,51,,
2013/06/25,22,3,,,3,0,,
2013/06/25,23,3,,,3,0,,
2013/06/25,24,3,,,3,0,,
2013/06/26,01,4,,,3,0,,
2013/06/26,02,3,,,3,0,,
2013/06/26,03,3,,,3,0,,
2013/06/26,04,4,,,3,0,,
2013/06/26,05,3,,,3,0,,
2013/06/26,06,3,,,3,0,,
2013/06/26,07,3,,,3,0,,
2013/06/26,08,3,,,3,0,,
2013/06/26,09,3,,,3,0,,
2013/06/26,10,25,,,7,17,,
2013/06/26,11,71,,,9,60,,
2013/06/26,12,71,,,10,60,,
2013/06/26,13,72,,,10,60,,
2013/06/26,14,71,,,10,60,,
2013/06/26,15,75,,,12,60,,
2013/06/26,16,72,,,11,60,,
2013/06/26,17,74,,,12,60,,
2013/06/26,18,73,,,11,60,,
2013/06/26,19,73,,,9,62,,
2013/06/26,20,84,,,10,72,,
2013/06/26,21,51,,,6,43,,
2013/06/26,22,11,,,4,7,,
2013/06/26,23,3,,,2,0,,
2013/06/26,24,3,,,2,0,,
2013/06/27,01,3,,,2,0,,
2013/06/27,02,2,,,2,0,,
2013/06/27,03,3,,,2,0,,
2013/06/27,04,3,,,2,0,,
2013/06/27,05,3,,,2,0,,
2013/06/27,06,3,,,2,0,,
2013/06/27,07,3,,,2,0,,
2013/06/27,08,3,,,2,0,,
2013/06/27,09,3,,,2,0,,
2013/06/27,10,17,,,6,11,,
2013/06/27,11,73,,,10,61,,
2013/06/27,12,76,,,14,60,,
2013/06/27,13,77,,,15,60,,
2013/06/27,14,78,,,17,60,,
2013/06/27,15,80,,,17,61,,
2013/06/27,16,78,,,17,60,,
2013/06/27,17,79,,,17,61,,
2013/06/27,18,80,,,17,60,,
2013/06/27,19,78,,,14,63,,
2013/06/27,20,86,,,13,71,,
2013/06/27,21,54,,,9,44,,
2013/06/27,22,25,,,6,18,,
2013/06/27,23,3,,,2,0,,
2013/06/27,24,3,,,3,0,,
2013/06/28,01,3,,,2,0,,
2013/06/28,02,3,,,2,0,,
2013/06/28,03,3,,,2,0,,
2013/06/28,04,3,,,2,0,,
2013/06/28,05,3,,,2,0,,
2013/06/28,06,3,,,2,0,,
2013/06/28,07,3,,,2,0,,
2013/06/28,08,3,,,2,0,,
2013/06/28,09,3,,,3,0,,
2013/06/28,10,7,,,7,0,,
2013/06/28,11,66,,,11,52,,
2013/06/28,12,68,,,13,53,,
2013/06/28,13,78,,,17,60,,
2013/06/28,14,76,,,15,59,,
2013/06/28,15,79,,,17,60,,
2013/06/28,16,80,,,17,60,,
2013/06/28,17,78,,,16,60,,
2013/06/28,18,75,,,14,60,,
2013/06/28,19,77,,,12,63,,
2013/06/28,20,86,,,12,72,,
2013/06/28,21,50,,,7,42,,
2013/06/28,22,4,,,3,0,,
2013/06/28,23,3,,,2,0,,
2013/06/28,24,3,,,3,0,,
2013/06/29,01,3,,,3,0,,
2013/06/29,02,3,,,2,0,,
2013/06/29,03,3,,,3,0,,
2013/06/29,04,3,,,3,0,,
2013/06/29,05,3,,,2,0,,
2013/06/29,06,3,,,2,0,,
2013/06/29,07,3,,,3,0,,
2013/06/29,08,3,,,2,0,,
2013/06/29,09,3,,,3,0,,
2013/06/29,10,19,,,7,11,,
2013/06/29,11,78,,,16,59,,
2013/06/29,12,79,,,18,60,,
2013/06/29,13,82,,,19,61,,
2013/06/29,14,81,,,19,60,,
2013/06/29,15,81,,,18,60,,
2013/06/29,16,78,,,16,60,,
2013/06/29,17,78,,,16,61,,
2013/06/29,18,77,,,14,61,,
2013/06/29,19,77,,,13,62,,
2013/06/29,20,86,,,13,71,,
2013/06/29,21,69,,,7,60,,
2013/06/29,22,4,,,4,0,,
2013/06/29,23,4,,,3,0,,
2013/06/29,24,4,,,3,0,,
2013/06/30,01,4,,,3,0,,
2013/06/30,02,4,,,3,0,,
2013/06/30,03,4,,,3,0,,
2013/06/30,04,4,,,3,0,,
2013/06/30,05,3,,,3,0,,
2013/06/30,06,4,,,3,0,,
2013/06/30,07,4,,,3,0,,
2013/06/30,08,6,,,5,0,,
2013/06/30,09,8,,,8,0,,
2013/06/30,10,23,,,9,13,,
2013/06/30,11,76,,,13,61,,
2013/06/30,12,76,,,14,60,,
2013/06/30,13,78,,,15,61,,
2013/06/30,14,78,,,15,61,,
2013/06/30,15,77,,,15,60,,
2013/06/30,16,77,,,15,60,,
2013/06/30,17,77,,,15,60,,
2013/06/30,18,76,,,14,60,,
2013/06/30,19,77,,,13,62,,
2013/06/30,20,84,,,10,71,,
2013/06/30,21,52,,,11,40,,
2013/06/30,22,25,,,8,16,,
2013/06/30,23,4,,,3,0,,
2013/06/30,24,4,,,3,0,,
2013/07/01,01,4,,,3,0,,
2013/07/01,02,4,,,3,0,,
2013/07/01,03,4,,,3,0,,
2013/07/01,04,4,,,3,0,,
2013/07/01,05,4,,,3,0,,
2013/07/01,06,3,,,3,0,,
2013/07/01,07,4,,,3,0,,
2013/07/01,08,4,,,3,0,,
2013/07/01,09,4,,,3,0,,
2013/07/01,10,21,,,8,13,,
2013/07/01,11,80,,,18,60,,
2013/07/01,12,80,,,18,61,,
2013/07/01,13,82,,,18,62,,
2013/07/01,14,80,,,17,62,,
2013/07/01,15,82,,,18,62,,
2013/07/01,16,80,,,17,62,,
2013/07/01,17,82,,,17,62,,
2013/07/01,18,79,,,16,62,,
2013/07/01,19,80,,,13,64,,
2013/07/01,20,88,,,13,73,,
2013/07/01,21,54,,,7,45,,
2013/07/01,22,6,,,3,3,,
2013/07/01,23,4,,,3,0,,
2013/07/01,24,3,,,3,0,,
2013/07/02,01,3,,,3,0,,
2013/07/02,02,4,,,3,0,,
2013/07/02,03,3,,,3,0,,
2013/07/02,04,4,,,3,0,,
2013/07/02,05,3,,,3,0,,
2013/07/02,06,3,,,3,0,,
2013/07/02,07,4,,,3,0,,
2013/07/02,08,3,,,3,0,,
2013/07/02,09,3,,,3,0,,
2013/07/02,10,13,,,7,5,,
2013/07/02,11,77,,,15,61,,
2013/07/02,12,79,,,15,61,,
2013/07/02,13,79,,,16,62,,
2013/07/02,14,79,,,15,62,,
2013/07/02,15,79,,,15,62,,
2013/07/02,16,79,,,16,62,,
2013/07/02,17,80,,,16,62,,
2013/07/02,18,78,,,14,62,,
2013/07/02,19,77,,,12,64,,
2013/07/02,20,86,,,11,72,,
2013/07/02,21,61,,,9,51,,
2013/07/02,22,5,,,4,0,,
2013/07/02,23,4,,,4,0,,
2013/07/02,24,4,,,4,0,,
2013/07/03,01,4,,,4,0,,
2013/07/03,02,5,,,4,0,,
2013/07/03,03,4,,,4,0,,
2013/07/03,04,4,,,4,0,,
2013/07/03,05,4,,,4,0,,
2013/07/03,06,4,,,3,0,,
2013/07/03,07,4,,,4,0,,
2013/07/03,08,4,,,3,0,,
2013/07/03,09,5,,,4,0,,
2013/07/03,10,20,,,7,12,,
2013/07/03,11,73,,,10,61,,
2013/07/03,12,75,,,11,62,,
2013/07/03,13,74,,,11,61,,
2013/07/03,14,75,,,11,62,,
2013/07/03,15,74,,,10,62,,
2013/07/03,16,75,,,11,61,,
2013/07/03,17,76,,,13,62,,
2013/07/03,18,75,,,11,62,,
2013/07/03,19,77,,,10,65,,
2013/07/03,20,87,,,10,74,,
2013/07/03,21,57,,,6,50,,
2013/07/03,22,4,,,3,0,,
2013/07/03,23,4,,,4,0,,
2013/07/03,24,4,,,3,0,,
2013/07/04,01,4,,,4,0,,
2013/07/04,02,4,,,3,0,,
2013/07/04,03,4,,,3,0,,
2013/07/04,04,4,,,3,0,,
2013/07/04,05,4,,,3,0,,
2013/07/04,06,4,,,3,0,,
2013/07/04,07,4,,,3,0,,
2013/07/04,08,3,,,3,0,,
2013/07/04,09,4,,,3,0,,
2013/07/04,10,20,,,6,13,,
2013/07/04,11,77,,,13,62,,
2013/07/04,12,79,,,15,62,,
2013/07/04,13,79,,,15,62,,
2013/07/04,14,79,,,16,61,,
2013/07/04,15,79,,,15,61,,
2013/07/04,16,76,,,13,62,,
2013/07/04,17,77,,,13,62,,
2013/07/04,18,74,,,11,61,,
2013/07/04,19,77,,,11,64,,
2013/07/04,20,86,,,11,73,,
2013/07/04,21,34,,,9,24,,
2013/07/04,22,5,,,3,1,,
2013/07/04,23,3,,,3,0,,
2013/07/04,24,3,,,2,0,,
2013/07/05,01,3,,,3,0,,
2013/07/05,02,3,,,3,0,,
2013/07/05,03,3,,,3,0,,
2013/07/05,04,3,,,3,0,,
2013/07/05,05,3,,,2,0,,
2013/07/05,06,3,,,2,0,,
2013/07/05,07,3,,,2,0,,
2013/07/05,08,3,,,3,0,,
2013/07/05,09,3,,,2,0,,
2013/07/05,10,21,,,6,14,,
2013/07/05,11,74,,,12,61,,
2013/07/05,12,74,,,12,60,,
2013/07/05,13,75,,,13,60,,
2013/07/05,14,78,,,16,61,,
2013/07/05,15,78,,,15,61,,
2013/07/05,16,77,,,15,60,,
2013/07/05,17,78,,,16,60,,
2013/07/05,18,78,,,15,61,,
2013/07/05,19,79,,,16,61,,
2013/07/05,20,83,,,14,68,,
2013/07/05,21,46,,,11,33,,
2013/07/05,22,15,,,7,8,,
2013/07/05,23,5,,,4,0,,
2013/07/05,24,4,,,3,0,,
2013/07/06,01,4,,,4,0,,
2013/07/06,02,4,,,4,0,,
2013/07/06,03,4,,,4,0,,
2013/07/06,04,4,,,3,0,,
2013/07/06,05,4,,,4,0,,
2013/07/06,06,4,,,4,0,,
2013/07/06,07,5,,,4,0,,
2013/07/06,08,4,,,4,0,,
2013/07/06,09,4,,,4,0,,
2013/07/06,10,29,,,7,21,,
2013/07/06,11,76,,,15,60,,
2013/07/06,12,77,,,15,59,,
2013/07/06,13,79,,,17,60,,
2013/07/06,14,80,,,17,61,,
2013/07/06,15,80,,,17,61,,
2013/07/06,16,78,,,16,60,,
2013/07/06,17,79,,,17,60,,
2013/07/06,18,77,,,14,61,,
2013/07/06,19,80,,,15,63,,
2013/07/06,20,84,,,14,69,,
2013/07/06,21,35,,,6,28,,
2013/07/06,22,3,,,3,0,,
2013/07/06,23,4,,,3,0,,
2013/07/06,24,3,,,3,0,,
2013/07/07,01,3,,,3,0,,
2013/07/07,02,3,,,3,0,,
2013/07/07,03,4,,,3,0,,
2013/07/07,04,3,,,3,0,,
2013/07/07,05,3,,,3,0,,
2013/07/07,06,3,,,3,0,,
2013/07/07,07,4,,,3,0,,
2013/07/07,08,3,,,3,0,,
2013/07/07,09,3,,,3,0,,
2013/07/07,10,31,,,7,23,,
2013/07/07,11,73,,,11,60,,
2013/07/07,12,75,,,13,60,,
2013/07/07,13,77,,,14,61,,
2013/07/07,14,81,,,18,61,,
2013/07/07,15,81,,,19,61,,
2013/07/07,16,80,,,17,61,,
2013/07/07,17,80,,,17,61,,
2013/07/07,18,77,,,15,60,,
2013/07/07,19,76,,,14,60,,
2013/07/07,20,82,,,12,68,,
2013/07/07,21,73,,,8,63,,
2013/07/07,22,10,,,3,6,,
2013/07/07,23,3,,,3,0,,
2013/07/07,24,3,,,3,0,,
2013/07/08,01,3,,,2,0,,
2013/07/08,02,4,,,3,0,,
2013/07/08,03,3,,,3,0,,
2013/07/08,04,3,,,3,0,,
2013/07/08,05,3,,,2,0,,
2013/07/08,06,3,,,3,0,,
2013/07/08,07,3,,,2,0,,
2013/07/08,08,3,,,3,0,,
2013/07/08,09,3,,,3,0,,
2013/07/08,10,19,,,11,7,,
2013/07/08,11,76,,,17,58,,
2013/07/08,12,78,,,18,58,,
2013/07/08,13,79,,,18,58,,
2013/07/08,14,77,,,17,58,,
2013/07/08,15,77,,,17,58,,
2013/07/08,16,78,,,18,58,,
2013/07/08,17,79,,,18,59,,
2013/07/08,18,77,,,17,58,,
2013/07/08,19,77,,,16,59,,
2013/07/08,20,80,,,14,65,,
2013/07/08,21,48,,,7,39,,
2013/07/08,22,3,,,3,0,,
2013/07/08,23,4,,,3,0,,
2013/07/08,24,3,,,3,0,,
2013/07/09,01,3,,,3,0,,
2013/07/09,02,3,,,3,0,,
2013/07/09,03,4,,,3,0,,
2013/07/09,04,3,,,3,0,,
2013/07/09,05,3,,,3,0,,
2013/07/09,06,4,,,3,0,,
2013/07/09,07,3,,,3,0,,
2013/07/09,08,3,,,3,0,,
2013/07/09,09,4,,,3,0,,
2013/07/09,10,13,,,12,1,,
2013/07/09,11,79,,,17,60,,
2013/07/09,12,79,,,17,60,,
2013/07/09,13,81,,,17,61,,
2013/07/09,14,78,,,16,60,,
2013/07/09,15,79,,,17,61,,
2013/07/09,16,80,,,18,60,,
2013/07/09,17,81,,,18,61,,
2013/07/09,18,80,,,18,60,,
2013/07/09,19,81,,,18,61,,
2013/07/09,20,89,,,16,71,,
2013/07/09,21,53,,,10,42,,
2013/07/09,22,5,,,4,0,,
2013/07/09,23,4,,,4,0,,
2013/07/09,24,5,,,4,0,,
2013/07/10,01,4,,,4,0,,
2013/07/10,02,5,,,4,0,,
2013/07/10,03,4,,,4,0,,
2013/07/10,04,5,,,4,0,,
2013/07/10,05,4,,,4,0,,
2013/07/10,06,5,,,4,0,,
2013/07/10,07,4,,,4,0,,
2013/07/10,08,4,,,4,0,,
2013/07/10,09,5,,,4,0,,
2013/07/10,10,28,,,14,14,,
2013/07/10,11,78,,,18,58,,
2013/07/10,12,78,,,18,58,,
2013/07/10,13,80,,,19,59,,
2013/07/10,14,79,,,18,59,,
2013/07/10,15,79,,,18,59,,
2013/07/10,16,78,,,18,59,,
2013/07/10,17,81,,,19,59,,
2013/07/10,18,80,,,19,59,,
2013/07/10,19,83,,,19,62,,
2013/07/10,20,88,,,16,70,,
2013/07/10,21,55,,,10,44,,
2013/07/10,22,4,,,4,0,,
2013/07/10,23,4,,,3,0,,
2013/07/10,24,5,,,4,0,,
2013/07/11,01,3,,,3,0,,
2013/07/11,02,5,,,4,0,,
2013/07/11,03,4,,,3,0,,
2013/07/11,04,4,,,3,0,,
2013/07/11,05,4,,,3,0,,
2013/07/11,06,4,,,3,0,,
2013/07/11,07,3,,,3,0,,
2013/07/11,08,4,,,4,0,,
2013/07/11,09,5,,,4,0,,
2013/07/11,10,28,,,15,13,,
2013/07/11,11,83,,,20,61,,
2013/07/11,12,82,,,20,60,,
2013/07/11,13,83,,,20,61,,
2013/07/11,14,82,,,19,60,,
2013/07/11,15,82,,,19,61,,
2013/07/11,16,82,,,19,61,,
2013/07/11,17,81,,,19,61,,
2013/07/11,18,82,,,18,61,,
2013/07/11,19,84,,,18,65,,
2013/07/11,20,89,,,15,72,,
2013/07/11,21,49,,,10,37,,
2013/07/11,22,6,,,4,2,,
2013/07/11,23,4,,,4,0,,
2013/07/11,24,4,,,4,0,,
2013/07/12,01,4,,,4,0,,
2013/07/12,02,4,,,4,0,,
2013/07/12,03,5,,,4,0,,
2013/07/12,04,4,,,3,0,,
2013/07/12,05,4,,,3,0,,
2013/07/12,06,3,,,3,0,,
2013/07/12,07,4,,,3,0,,
2013/07/12,08,4,,,4,0,,
2013/07/12,09,4,,,4,0,,
2013/07/12,10,25,,,14,10,,
2013/07/12,11,81,,,19,61,,
2013/07/12,12,83,,,20,61,,
2013/07/12,13,83,,,20,61,,
2013/07/12,14,80,,,18,61,,
2013/07/12,15,81,,,18,61,,
2013/07/12,16,82,,,19,61,,
2013/07/12,17,82,,,18,61,,
2013/07/12,18,81,,,18,61,,
2013/07/12,19,84,,,18,64,,
2013/07/12,20,89,,,15,72,,
2013/07/12,21,71,,,8,61,,
2013/07/12,22,21,,,5,15,,
2013/07/12,23,17,,,5,11,,
2013/07/12,24,5,,,4,0,,
2013/07/13,01,4,,,4,0,,
2013/07/13,02,5,,,4,0,,
2013/07/13,03,4,,,4,0,,
2013/07/13,04,5,,,4,0,,
2013/07/13,05,4,,,4,0,,
2013/07/13,06,4,,,4,0,,
2013/07/13,07,5,,,4,0,,
2013/07/13,08,4,,,4,0,,
2013/07/13,09,4,,,4,0,,
2013/07/13,10,19,,,8,10,,
2013/07/13,11,70,,,11,58,,
2013/07/13,12,74,,,12,60,,
2013/07/13,13,78,,,15,60,,
2013/07/13,14,81,,,18,61,,
2013/07/13,15,77,,,15,61,,
2013/07/13,16,79,,,16,61,,
2013/07/13,17,78,,,15,60,,
2013/07/13,18,78,,,16,61,,
2013/07/13,19,80,,,13,64,,
2013/07/13,20,88,,,14,73,,
2013/07/13,21,51,,,11,38,,
2013/07/13,22,25,,,6,18,,
2013/07/13,23,25,,,5,19,,
2013/07/13,24,25,,,6,19,,
2013/07/14,01,17,,,5,12,,
2013/07/14,02,5,,,4,0,,
2013/07/14,03,4,,,4,0,,
2013/07/14,04,4,,,4,0,,
2013/07/14,05,4,,,4,0,,
2013/07/14,06,5,,,4,0,,
2013/07/14,07,4,,,4,0,,
2013/07/14,08,4,,,4,0,,
2013/07/14,09,5,,,4,0,,
2013/07/14,10,33,,,6,26,,
2013/07/14,11,75,,,14,60,,
2013/07/14,12,78,,,15,61,,
2013/07/14,13,78,,,16,61,,
2013/07/14,14,79,,,16,61,,
2013/07/14,15,78,,,16,61,,
2013/07/14,16,78,,,16,61,,
2013/07/14,17,80,,,16,62,,
2013/07/14,18,79,,,16,61,,
2013/07/14,19,81,,,14,65,,
2013/07/14,20,88,,,13,73,,
2013/07/14,21,58,,,8,49,,
2013/07/14,22,3,,,3,0,,
2013/07/14,23,3,,,3,0,,
2013/07/14,24,4,,,3,0,,
2013/07/15,01,3,,,3,0,,
2013/07/15,02,3,,,3,0,,
2013/07/15,03,3,,,3,0,,
2013/07/15,04,3,,,3,0,,
2013/07/15,05,3,,,3,0,,
2013/07/15,06,3,,,3,0,,
2013/07/15,07,4,,,3,0,,
2013/07/15,08,3,,,3,0,,
2013/07/15,09,3,,,3,0,,
2013/07/15,10,25,,,10,14,,
2013/07/15,11,78,,,15,61,,
2013/07/15,12,80,,,16,62,,
2013/07/15,13,80,,,17,62,,
2013/07/15,14,80,,,16,62,,
2013/07/15,15,80,,,16,61,,
2013/07/15,16,79,,,16,61,,
2013/07/15,17,80,,,16,61,,
2013/07/15,18,78,,,15,61,,
2013/07/15,19,79,,,14,63,,
2013/07/15,20,88,,,13,73,,
2013/07/15,21,45,,,6,37,,
2013/07/15,22,3,,,3,0,,
2013/07/15,23,3,,,3,0,,
2013/07/15,24,4,,,3,0,,
2013/07/16,01,3,,,3,0,,
2013/07/16,02,3,,,3,0,,
2013/07/16,03,4,,,3,0,,
2013/07/16,04,3,,,3,0,,
2013/07/16,05,3,,,3,0,,
2013/07/16,06,3,,,3,0,,
2013/07/16,07,4,,,3,0,,
2013/07/16,08,3,,,3,0,,
2013/07/16,09,3,,,3,0,,
2013/07/16,10,34,,,11,22,,
2013/07/16,11,75,,,14,59,,
2013/07/16,12,79,,,16,61,,
2013/07/16,13,81,,,17,62,,
2013/07/16,14,78,,,16,61,,
2013/07/16,15,79,,,16,61,,
2013/07/16,16,80,,,16,62,,
2013/07/16,17,79,,,16,61,,
2013/07/16,18,79,,,16,61,,
2013/07/16,19,83,,,16,65,,
2013/07/16,20,89,,,14,73,,
2013/07/16,21,26,,,6,18,,
2013/07/16,22,3,,,3,0,,
2013/07/16,23,3,,,3,0,,
2013/07/16,24,4,,,3,0,,
2013/07/17,01,3,,,3,0,,
2013/07/17,02,3,,,3,0,,
2013/07/17,03,3,,,3,0,,
2013/07/17,04,3,,,3,0,,
2013/07/17,05,3,,,3,0,,
2013/07/17,06,3,,,3,0,,
2013/07/17,07,4,,,3,0,,
2013/07/17,08,3,,,3,0,,
2013/07/17,09,3,,,3,0,,
2013/07/17,10,27,,,11,15,,
2013/07/17,11,77,,,15,61,,
2013/07/17,12,79,,,16,60,,
2013/07/17,13,82,,,19,61,,
2013/07/17,14,79,,,18,60,,
2013/07/17,15,81,,,17,61,,
2013/07/17,16,79,,,17,61,,
2013/07/17,17,81,,,18,61,,
2013/07/17,18,80,,,17,61,,
2013/07/17,19,82,,,16,64,,
2013/07/17,20,89,,,14,73,,
2013/07/17,21,55,,,9,44,,
2013/07/17,22,5,,,4,1,,
2013/07/17,23,4,,,3,0,,
2013/07/17,24,3,,,2,0,,
2013/07/18,01,3,,,3,0,,
2013/07/18,02,3,,,3,0,,
2013/07/18,03,3,,,3,0,,
2013/07/18,04,3,,,3,0,,
2013/07/18,05,3,,,3,0,,
2013/07/18,06,3,,,2,0,,
2013/07/18,07,3,,,3,0,,
2013/07/18,08,3,,,2,0,,
2013/07/18,09,3,,,3,0,,
2013/07/18,10,11,,,5,5,,
2013/07/18,11,75,,,14,59,,
2013/07/18,12,77,,,16,60,,
2013/07/18,13,78,,,16,60,,
2013/07/18,14,77,,,15,60,,
2013/07/18,15,76,,,15,59,,
2013/07/18,16,77,,,16,59,,
2013/07/18,17,79,,,16,60,,
2013/07/18,18,77,,,16,60,,
2013/07/18,19,80,,,15,63,,
2013/07/18,20,87,,,15,70,,
2013/07/18,21,57,,,8,47,,
2013/07/18,22,19,,,6,12,,
2013/07/18,23,6,,,3,2,,
2013/07/18,24,3,,,3,0,,
2013/07/19,01,3,,,3,0,,
2013/07/19,02,3,,,3,0,,
2013/07/19,03,4,,,3,0,,
2013/07/19,04,3,,,3,0,,
2013/07/19,05,3,,,3,0,,
2013/07/19,06,3,,,2,0,,
2013/07/19,07,3,,,3,0,,
2013/07/19,08,3,,,3,0,,
2013/07/19,09,5,,,3,2,,
2013/07/19,10,20,,,8,11,,
2013/07/19,11,71,,,13,56,,
2013/07/19,12,74,,,15,57,,
2013/07/19,13,74,,,16,57,,
2013/07/19,14,77,,,15,60,,
2013/07/19,15,77,,,14,60,,
2013/07/19,16,77,,,15,61,,
2013/07/19,17,79,,,16,61,,
2013/07/19,18,79,,,15,61,,
2013/07/19,19,79,,,14,63,,
2013/07/19,20,88,,,13,73,,
2013/07/19,21,53,,,7,45,,
2013/07/19,22,3,,,3,0,,
2013/07/19,23,4,,,3,0,,
2013/07/19,24,3,,,2,0,,
2013/07/20,01,3,,,3,0,,
2013/07/20,02,3,,,3,0,,
2013/07/20,03,3,,,2,0,,
2013/07/20,04,3,,,3,0,,
2013/07/20,05,3,,,2,0,,
2013/07/20,06,3,,,2,0,,
2013/07/20,07,3,,,2,0,,
2013/07/20,08,3,,,3,0,,
2013/07/20,09,3,,,3,0,,
2013/07/20,10,32,,,8,23,,
2013/07/20,11,75,,,13,60,,
2013/07/20,12,77,,,15,60,,
2013/07/20,13,78,,,15,60,,
2013/07/20,14,77,,,15,60,,
2013/07/20,15,78,,,16,61,,
2013/07/20,16,78,,,15,61,,
2013/07/20,17,79,,,16,61,,
2013/07/20,18,78,,,15,61,,
2013/07/20,19,79,,,14,63,,
2013/07/20,20,87,,,14,71,,
2013/07/20,21,36,,,5,29,,
2013/07/20,22,4,,,3,0,,
2013/07/20,23,3,,,3,0,,
2013/07/20,24,3,,,3,0,,
2013/07/21,01,3,,,3,0,,
2013/07/21,02,3,,,3,0,,
2013/07/21,03,4,,,3,0,,
2013/07/21,04,3,,,3,0,,
2013/07/21,05,3,,,3,0,,
2013/07/21,06,3,,,3,0,,
2013/07/21,07,3,,,3,0,,
2013/07/21,08,3,,,3,0,,
2013/07/21,09,4,,,3,0,,
2013/07/21,10,31,,,9,21,,
2013/07/21,11,77,,,15,60,,
2013/07/21,12,78,,,16,61,,
2013/07/21,13,80,,,18,61,,
2013/07/21,14,80,,,17,61,,
2013/07/21,15,81,,,18,61,,
2013/07/21,16,79,,,16,60,,
2013/07/21,17,80,,,17,62,,
2013/07/21,18,80,,,17,60,,
2013/07/21,19,82,,,17,64,,
2013/07/21,20,89,,,13,73,,
2013/07/21,21,31,,,6,25,,
2013/07/21,22,4,,,3,0,,
2013/07/21,23,3,,,3,0,,
2013/07/21,24,4,,,3,0,,
2013/07/22,01,3,,,3,0,,
2013/07/22,02,3,,,3,0,,
2013/07/22,03,3,,,3,0,,
2013/07/22,04,3,,,3,0,,
2013/07/22,05,4,,,3,0,,
2013/07/22,06,3,,,3,0,,
2013/07/22,07,3,,,3,0,,
2013/07/22,08,3,,,3,0,,
2013/07/22,09,3,,,3,0,,
2013/07/22,10,18,,,12,5,,
2013/07/22,11,78,,,17,58,,
2013/07/22,12,77,,,18,58,,
2013/07/22,13,79,,,18,59,,
2013/07/22,14,75,,,14,58,,
2013/07/22,15,76,,,16,59,,
2013/07/22,16,79,,,18,59,,
2013/07/22,17,78,,,18,59,,
2013/07/22,18,77,,,16,59,,
2013/07/22,19,78,,,15,62,,
2013/07/22,20,87,,,14,71,,
2013/07/22,21,52,,,8,43,,
2013/07/22,22,3,,,3,0,,
2013/07/22,23,3,,,3,0,,
2013/07/22,24,4,,,3,0,,
2013/07/23,01,3,,,3,0,,
2013/07/23,02,3,,,3,0,,
2013/07/23,03,3,,,3,0,,
2013/07/23,04,3,,,3,0,,
2013/07/23,05,4,,,3,0,,
2013/07/23,06,3,,,3,0,,
2013/07/23,07,3,,,3,0,,
2013/07/23,08,3,,,3,0,,
2013/07/23,09,3,,,3,0,,
2013/07/23,10,22,,,11,10,,
2013/07/23,11,77,,,15,60,,
2013/07/23,12,80,,,17,61,,
2013/07/23,13,79,,,17,61,,
2013/07/23,14,80,,,16,61,,
2013/07/23,15,80,,,16,62,,
2013/07/23,16,78,,,16,61,,
2013/07/23,17,81,,,17,61,,
2013/07/23,18,80,,,17,61,,
2013/07/23,19,83,,,17,64,,
2013/07/23,20,89,,,14,73,,
2013/07/23,21,59,,,9,48,,
2013/07/23,22,4,,,4,0,,
2013/07/23,23,4,,,4,0,,
2013/07/23,24,4,,,4,0,,
2013/07/24,01,4,,,4,0,,
2013/07/24,02,5,,,4,0,,
2013/07/24,03,4,,,4,0,,
2013/07/24,04,4,,,4,0,,
2013/07/24,05,4,,,4,0,,
2013/07/24,06,4,,,3,0,,
2013/07/24,07,4,,,4,0,,
2013/07/24,08,4,,,4,0,,
2013/07/24,09,4,,,3,0,,
2013/07/24,10,15,,,8,6,,
2013/07/24,11,75,,,12,61,,
2013/07/24,12,76,,,13,61,,
2013/07/24,13,76,,,14,61,,
2013/07/24,14,77,,,14,62,,
2013/07/24,15,78,,,14,62,,
2013/07/24,16,75,,,13,61,,
2013/07/24,17,77,,,14,61,,
2013/07/24,18,76,,,14,60,,
2013/07/24,19,79,,,13,64,,
2013/07/24,20,86,,,12,72,,
2013/07/24,21,55,,,8,46,,
2013/07/24,22,4,,,3,0,,
2013/07/24,23,3,,,3,0,,
2013/07/24,24,4,,,3,0,,
2013/07/25,01,3,,,3,0,,
2013/07/25,02,4,,,3,0,,
2013/07/25,03,3,,,3,0,,
2013/07/25,04,4,,,3,0,,
2013/07/25,05,3,,,3,0,,
2013/07/25,06,4,,,3,0,,
2013/07/25,07,3,,,3,0,,
2013/07/25,08,4,,,3,0,,
2013/07/25,09,3,,,3,0,,
2013/07/25,10,27,,,12,13,,
2013/07/25,11,79,,,17,61,,
2013/07/25,12,81,,,18,61,,
2013/07/25,13,82,,,19,61,,
2013/07/25,14,80,,,18,61,,
2013/07/25,15,81,,,18,61,,
2013/07/25,16,79,,,17,61,,
2013/07/25,17,83,,,19,62,,
2013/07/25,18,81,,,19,61,,
2013/07/25,19,84,,,18,64,,
2013/07/25,20,88,,,13,73,,
2013/07/25,21,47,,,6,39,,
2013/07/25,22,20,,,4,15,,
2013/07/25,23,3,,,3,0,,
2013/07/25,24,3,,,3,0,,
2013/07/26,01,3,,,3,0,,
2013/07/26,02,4,,,3,0,,
2013/07/26,03,3,,,3,0,,
2013/07/26,04,3,,,3,0,,
2013/07/26,05,3,,,3,0,,
2013/07/26,06,3,,,3,0,,
2013/07/26,07,3,,,3,0,,
2013/07/26,08,3,,,3,0,,
2013/07/26,09,4,,,3,0,,
2013/07/26,10,25,,,11,14,,
2013/07/26,11,80,,,17,61,,
2013/07/26,12,82,,,19,61,,
2013/07/26,13,82,,,20,61,,
2013/07/26,14,82,,,19,61,,
2013/07/26,15,80,,,17,61,,
2013/07/26,16,80,,,18,61,,
2013/07/26,17,81,,,18,60,,
2013/07/26,18,81,,,18,61,,
2013/07/26,19,80,,,15,64,,
2013/07/26,20,88,,,14,72,,
2013/07/26,21,56,,,9,46,,
2013/07/26,22,23,,,6,17,,
2013/07/26,23,3,,,3,0,,
2013/07/26,24,3,,,3,0,,
2013/07/27,01,4,,,3,0,,
2013/07/27,02,3,,,3,0,,
2013/07/27,03,3,,,3,0,,
2013/07/27,04,4,,,3,0,,
2013/07/27,05,3,,,3,0,,
2013/07/27,06,3,,,3,0,,
2013/07/27,07,3,,,3,0,,
2013/07/27,08,5,,,4,0,,
2013/07/27,09,25,,,8,16,,
2013/07/27,10,72,,,14,56,,
2013/07/27,11,76,,,14,60,,
2013/07/27,12,78,,,17,60,,
2013/07/27,13,80,,,17,61,,
2013/07/27,14,80,,,17,61,,
2013/07/27,15,80,,,16,61,,
2013/07/27,16,80,,,17,61,,
2013/07/27,17,80,,,17,61,,
2013/07/27,18,79,,,16,61,,
2013/07/27,19,78,,,13,64,,
2013/07/27,20,87,,,12,73,,
2013/07/27,21,34,,,6,26,,
2013/07/27,22,3,,,3,0,,
2013/07/27,23,3,,,3,0,,
2013/07/27,24,3,,,3,0,,
2013/07/28,01,3,,,3,0,,
2013/07/28,02,3,,,3,0,,
2013/07/28,03,4,,,3,0,,
2013/07/28,04,3,,,3,0,,
2013/07/28,05,3,,,3,0,,
2013/07/28,06,3,,,3,0,,
2013/07/28,07,3,,,3,0,,
2013/07/28,08,4,,,3,0,,
2013/07/28,09,7,,,4,3,,
2013/07/28,10,36,,,12,23,,
2013/07/28,11,79,,,17,61,,
2013/07/28,12,81,,,18,61,,
2013/07/28,13,81,,,18,61,,
2013/07/28,14,79,,,16,60,,
2013/07/28,15,80,,,17,61,,
2013/07/28,16,80,,,17,61,,
2013/07/28,17,79,,,16,61,,
2013/07/28,18,79,,,17,61,,
2013/07/28,19,83,,,17,64,,
2013/07/28,20,89,,,13,73,,
2013/07/28,21,54,,,9,43,,
2013/07/28,22,5,,,4,0,,
2013/07/28,23,5,,,4,0,,
2013/07/28,24,5,,,4,0,,
2013/07/29,01,4,,,4,0,,
2013/07/29,02,5,,,4,0,,
2013/07/29,03,5,,,4,0,,
2013/07/29,04,5,,,4,0,,
2013/07/29,05,4,,,4,0,,
2013/07/29,06,4,,,4,0,,
2013/07/29,07,5,,,4,0,,
2013/07/29,08,4,,,4,0,,
2013/07/29,09,4,,,4,0,,
2013/07/29,10,13,,,7,4,,
2013/07/29,11,71,,,10,59,,
2013/07/29,12,73,,,12,60,,
2013/07/29,13,74,,,12,59,,
2013/07/29,14,73,,,13,58,,
2013/07/29,15,72,,,12,59,,
2013/07/29,16,73,,,12,59,,
2013/07/29,17,74,,,13,59,,
2013/07/29,18,71,,,12,58,,
2013/07/29,19,75,,,12,61,,
2013/07/29,20,84,,,11,70,,
2013/07/29,21,51,,,9,42,,
2013/07/29,22,4,,,3,0,,
2013/07/29,23,5,,,3,0,,
2013/07/29,24,4,,,4,0,,
2013/07/30,01,4,,,3,0,,
2013/07/30,02,4,,,4,0,,
2013/07/30,03,4,,,3,0,,
2013/07/30,04,4,,,4,0,,
2013/07/30,05,4,,,3,0,,
2013/07/30,06,4,,,3,0,,
2013/07/30,07,4,,,4,0,,
2013/07/30,08,4,,,3,0,,
2013/07/30,09,4,,,3,0,,
2013/07/30,10,22,,,4,17,,
2013/07/30,11,75,,,15,60,,
2013/07/30,12,80,,,17,61,,
2013/07/30,13,80,,,17,60,,
2013/07/30,14,80,,,17,61,,
2013/07/30,15,78,,,16,61,,
2013/07/30,16,79,,,16,61,,
2013/07/30,17,79,,,16,61,,
2013/07/30,18,80,,,17,60,,
2013/07/30,19,83,,,17,64,,
2013/07/30,20,89,,,15,72,,
2013/07/30,21,73,,,10,61,,
2013/07/30,22,5,,,5,0,,
2013/07/30,23,4,,,4,0,,
2013/07/30,24,4,,,4,0,,
2013/07/31,01,4,,,3,0,,
2013/07/31,02,4,,,4,0,,
2013/07/31,03,5,,,3,0,,
2013/07/31,04,4,,,4,0,,
2013/07/31,05,4,,,3,0,,
2013/07/31,06,4,,,3,0,,
2013/07/31,07,4,,,3,0,,
2013/07/31,08,4,,,4,0,,
2013/07/31,09,4,,,4,0,,
2013/07/31,10,45,,,14,30,,
2013/07/31,11,82,,,20,60,,
2013/07/31,12,81,,,20,60,,
2013/07/31,13,82,,,20,60,,
2013/07/31,14,81,,,19,60,,
2013/07/31,15,82,,,19,62,,
2013/07/31,16,81,,,18,61,,
2013/07/31,17,82,,,19,61,,
2013/07/31,18,78,,,15,61,,
2013/07/31,19,81,,,16,64,,
2013/07/31,20,88,,,14,72,,
2013/07/31,21,28,,,5,21,,
2013/07/31,22,3,,,3,0,,
2013/07/31,23,3,,,3,0,,
2013/07/31,24,3,,,3,0,,
2013/08/01,01,3,,,3,0,,
2013/08/01,02,3,,,3,0,,
2013/08/01,03,4,,,3,0,,
2013/08/01,04,3,,,3,0,,
2013/08/01,05,3,,,3,0,,
2013/08/01,06,3,,,3,0,,
2013/08/01,07,3,,,3,0,,
2013/08/01,08,3,,,3,0,,
2013/08/01,09,4,,,3,0,,
2013/08/01,10,31,,,7,23,,
2013/08/01,11,75,,,17,57,,
2013/08/01,12,78,,,19,57,,
2013/08/01,13,79,,,20,57,,
2013/08/01,14,79,,,19,58,,
2013/08/01,15,78,,,19,58,,
2013/08/01,16,78,,,18,57,,
2013/08/01,17,79,,,20,58,,
2013/08/01,18,78,,,19,57,,
2013/08/01,19,80,,,17,61,,
2013/08/01,20,89,,,15,72,,
2013/08/01,21,28,,,5,21,,
2013/08/01,22,4,,,4,0,,
2013/08/01,23,4,,,3,0,,
2013/08/01,24,3,,,3,0,,
2013/08/02,01,3,,,3,0,,
2013/08/02,02,3,,,3,0,,
2013/08/02,03,3,,,3,0,,
2013/08/02,04,3,,,3,0,,
2013/08/02,05,4,,,3,0,,
2013/08/02,06,3,,,3,0,,
2013/08/02,07,3,,,3,0,,
2013/08/02,08,3,,,3,0,,
2013/08/02,09,3,,,3,0,,
2013/08/02,10,19,,,12,6,,
2013/08/02,11,77,,,16,60,,
2013/08/02,12,80,,,17,61,,
2013/08/02,13,80,,,18,60,,
2013/08/02,14,80,,,17,61,,
2013/08/02,15,79,,,17,59,,
2013/08/02,16,79,,,18,60,,
2013/08/02,17,81,,,18,60,,
2013/08/02,18,79,,,17,60,,
2013/08/02,19,82,,,16,63,,
2013/08/02,20,89,,,15,72,,
2013/08/02,21,32,,,9,23,,
2013/08/02,22,5,,,4,0,,
2013/08/02,23,3,,,3,0,,
2013/08/02,24,3,,,3,0,,
2013/08/03,01,3,,,3,0,,
2013/08/03,02,4,,,3,0,,
2013/08/03,03,3,,,3,0,,
2013/08/03,04,3,,,3,0,,
2013/08/03,05,4,,,3,0,,
2013/08/03,06,3,,,3,0,,
2013/08/03,07,3,,,3,0,,
2013/08/03,08,3,,,3,0,,
2013/08/03,09,4,,,3,0,,
2013/08/03,10,20,,,10,9,,
2013/08/03,11,78,,,16,61,,
2013/08/03,12,78,,,16,60,,
2013/08/03,13,80,,,17,61,,
2013/08/03,14,78,,,16,60,,
2013/08/03,15,80,,,16,62,,
2013/08/03,16,80,,,17,62,,
2013/08/03,17,79,,,17,60,,
2013/08/03,18,79,,,17,61,,
2013/08/03,19,82,,,17,63,,
2013/08/03,20,87,,,15,70,,
2013/08/03,21,23,,,9,13,,
2013/08/03,22,4,,,4,0,,
2013/08/03,23,5,,,4,0,,
2013/08/03,24,4,,,4,0,,
2013/08/04,01,5,,,4,0,,
2013/08/04,02,4,,,4,0,,
2013/08/04,03,4,,,4,0,,
2013/08/04,04,4,,,4,0,,
2013/08/04,05,5,,,4,0,,
2013/08/04,06,4,,,4,0,,
2013/08/04,07,5,,,4,0,,
2013/08/04,08,4,,,4,0,,
2013/08/04,09,4,,,4,0,,
2013/08/04,10,21,,,9,10,,
2013/08/04,11,77,,,16,60,,
2013/08/04,12,78,,,16,60,,
2013/08/04,13,79,,,17,60,,
2013/08/04,14,77,,,16,59,,
2013/08/04,15,80,,,18,60,,
2013/08/04,16,80,,,17,61,,
2013/08/04,17,80,,,17,61,,
2013/08/04,18,79,,,17,61,,
2013/08/04,19,81,,,16,63,,
2013/08/04,20,88,,,16,71,,
2013/08/04,21,25,,,9,15,,
2013/08/04,22,4,,,3,0,,
2013/08/04,23,3,,,3,0,,
2013/08/04,24,3,,,3,0,,
2013/08/05,01,4,,,3,0,,
2013/08/05,02,3,,,3,0,,
2013/08/05,03,3,,,3,0,,
2013/08/05,04,3,,,3,0,,
2013/08/05,05,4,,,3,0,,
2013/08/05,06,3,,,3,0,,
2013/08/05,07,3,,,3,0,,
2013/08/05,08,3,,,3,0,,
2013/08/05,09,4,,,3,0,,
2013/08/05,10,7,,,5,1,,
2013/08/05,11,69,,,10,57,,
2013/08/05,12,72,,,13,57,,
2013/08/05,13,77,,,16,60,,
2013/08/05,14,79,,,16,60,,
2013/08/05,15,80,,,17,61,,
2013/08/05,16,78,,,16,60,,
2013/08/05,17,79,,,17,60,,
2013/08/05,18,78,,,16,60,,
2013/08/05,19,78,,,14,62,,
2013/08/05,20,85,,,13,71,,
2013/08/05,21,63,,,8,53,,
2013/08/05,22,4,,,4,0,,
2013/08/05,23,5,,,4,0,,
2013/08/05,24,4,,,4,0,,
2013/08/06,01,5,,,4,0,,
2013/08/06,02,4,,,4,0,,
2013/08/06,03,5,,,4,0,,
2013/08/06,04,4,,,4,0,,
2013/08/06,05,5,,,4,0,,
2013/08/06,06,4,,,4,0,,
2013/08/06,07,4,,,4,0,,
2013/08/06,08,5,,,4,0,,
2013/08/06,09,4,,,4,0,,
2013/08/06,10,16,,,7,8,,
2013/08/06,11,76,,,14,60,,
2013/08/06,12,79,,,17,60,,
2013/08/06,13,80,,,18,60,,
2013/08/06,14,78,,,16,60,,
2013/08/06,15,79,,,16,60,,
2013/08/06,16,79,,,17,61,,
2013/08/06,17,80,,,18,61,,
2013/08/06,18,80,,,17,60,,
2013/08/06,19,79,,,17,60,,
2013/08/06,20,78,,,16,61,,
2013/08/06,21,40,,,7,32,,
2013/08/06,22,3,,,3,0,,
2013/08/06,23,3,,,3,0,,
2013/08/06,24,3,,,2,0,,
2013/08/07,01,3,,,3,0,,
2013/08/07,02,3,,,2,0,,
2013/08/07,03,4,,,3,0,,
2013/08/07,04,3,,,3,0,,
2013/08/07,05,3,,,3,0,,
2013/08/07,06,3,,,2,0,,
2013/08/07,07,3,,,3,0,,
2013/08/07,08,3,,,3,0,,
2013/08/07,09,4,,,3,0,,
2013/08/07,10,25,,,11,14,,
2013/08/07,11,78,,,18,58,,
2013/08/07,12,79,,,19,59,,
2013/08/07,13,80,,,20,58,,
2013/08/07,14,80,,,19,59,,
2013/08/07,15,79,,,18,59,,
2013/08/07,16,78,,,18,58,,
2013/08/07,17,80,,,19,59,,
2013/08/07,18,77,,,17,58,,
2013/08/07,19,77,,,17,58,,
2013/08/07,20,77,,,17,58,,
2013/08/07,21,46,,,8,36,,
2013/08/07,22,3,,,3,0,,
2013/08/07,23,3,,,3,0,,
2013/08/07,24,3,,,3,0,,
2013/08/08,01,4,,,3,0,,
2013/08/08,02,3,,,3,0,,
2013/08/08,03,3,,,3,0,,
2013/08/08,04,3,,,3,0,,
2013/08/08,05,4,,,3,0,,
2013/08/08,06,3,,,3,0,,
2013/08/08,07,3,,,3,0,,
2013/08/08,08,3,,,3,0,,
2013/08/08,09,3,,,3,0,,
2013/08/08,10,24,,,10,13,,
2013/08/08,11,78,,,17,59,,
2013/08/08,12,82,,,19,61,,
2013/08/08,13,83,,,20,61,,
2013/08/08,14,84,,,20,62,,
2013/08/08,15,83,,,20,62,,
2013/08/08,16,82,,,20,60,,
2013/08/08,17,84,,,20,61,,
2013/08/08,18,81,,,18,61,,
2013/08/08,19,81,,,18,61,,
2013/08/08,20,81,,,18,61,,
2013/08/08,21,33,,,10,22,,
2013/08/08,22,17,,,7,9,,
2013/08/08,23,3,,,3,0,,
2013/08/08,24,4,,,3,0,,
2013/08/09,01,3,,,3,0,,
2013/08/09,02,3,,,3,0,,
2013/08/09,03,4,,,3,0,,
2013/08/09,04,3,,,3,0,,
2013/08/09,05,3,,,3,0,,
2013/08/09,06,3,,,3,0,,
2013/08/09,07,4,,,3,0,,
2013/08/09,08,3,,,3,0,,
2013/08/09,09,3,,,3,0,,
2013/08/09,10,33,,,11,21,,
2013/08/09,11,80,,,18,60,,
2013/08/09,12,81,,,19,61,,
2013/08/09,13,82,,,19,61,,
2013/08/09,14,80,,,17,61,,
2013/08/09,15,81,,,19,61,,
2013/08/09,16,81,,,19,60,,
2013/08/09,17,82,,,19,61,,
2013/08/09,18,80,,,18,60,,
2013/08/09,19,81,,,18,61,,
2013/08/09,20,79,,,17,61,,
2013/08/09,21,30,,,10,19,,
2013/08/09,22,25,,,9,15,,
2013/08/09,23,24,,,9,15,,
2013/08/09,24,9,,,4,4,,
2013/08/10,01,3,,,3,0,,
2013/08/10,02,3,,,3,0,,
2013/08/10,03,3,,,3,0,,
2013/08/10,04,3,,,3,0,,
2013/08/10,05,3,,,3,0,,
2013/08/10,06,3,,,3,0,,
2013/08/10,07,4,,,3,0,,
2013/08/10,08,3,,,3,0,,
2013/08/10,09,3,,,3,0,,
2013/08/10,10,18,,,15,3,,
2013/08/10,11,79,,,17,60,,
2013/08/10,12,80,,,18,60,,
2013/08/10,13,81,,,19,61,,
2013/08/10,14,80,,,17,60,,
2013/08/10,15,81,,,18,60,,
2013/08/10,16,81,,,19,61,,
2013/08/10,17,82,,,19,61,,
2013/08/10,18,81,,,18,61,,
2013/08/10,19,81,,,19,60,,
2013/08/10,20,82,,,19,61,,
2013/08/10,21,23,,,9,14,,
2013/08/10,22,4,,,3,0,,
2013/08/10,23,3,,,3,0,,
2013/08/10,24,3,,,3,0,,
2013/08/11,01,4,,,3,0,,
2013/08/11,02,3,,,3,0,,
2013/08/11,03,3,,,3,0,,
2013/08/11,04,4,,,3,0,,
2013/08/11,05,3,,,3,0,,
2013/08/11,06,4,,,3,0,,
2013/08/11,07,3,,,3,0,,
2013/08/11,08,3,,,3,0,,
2013/08/11,09,4,,,3,0,,
2013/08/11,10,26,,,12,13,,
2013/08/11,11,79,,,17,60,,
2013/08/11,12,80,,,18,61,,
2013/08/11,13,81,,,18,61,,
2013/08/11,14,81,,,18,61,,
2013/08/11,15,82,,,19,61,,
2013/08/11,16,82,,,19,61,,
2013/08/11,17,81,,,18,61,,
2013/08/11,18,80,,,18,61,,
2013/08/11,19,83,,,19,61,,
2013/08/11,20,82,,,19,61,,
2013/08/11,21,28,,,8,19,,
2013/08/11,22,4,,,3,0,,
2013/08/11,23,3,,,3,0,,
2013/08/11,24,3,,,3,0,,
2013/08/12,01,4,,,3,0,,
2013/08/12,02,3,,,3,0,,
2013/08/12,03,3,,,3,0,,
2013/08/12,04,4,,,3,0,,
2013/08/12,05,3,,,3,0,,
2013/08/12,06,3,,,3,0,,
2013/08/12,07,3,,,3,0,,
2013/08/12,08,4,,,3,0,,
2013/08/12,09,3,,,3,0,,
2013/08/12,10,30,,,11,18,,
2013/08/12,11,80,,,19,58,,
2013/08/12,12,81,,,20,59,,
2013/08/12,13,82,,,20,60,,
2013/08/12,14,80,,,19,59,,
2013/08/12,15,80,,,19,59,,
2013/08/12,16,80,,,19,59,,
2013/08/12,17,81,,,19,59,,
2013/08/12,18,79,,,18,59,,
2013/08/12,19,80,,,18,60,,
2013/08/12,20,79,,,18,59,,
2013/08/12,21,37,,,7,29,,
2013/08/12,22,3,,,3,0,,
2013/08/12,23,3,,,3,0,,
2013/08/12,24,4,,,3,0,,
2013/08/13,01,3,,,3,0,,
2013/08/13,02,3,,,3,0,,
2013/08/13,03,4,,,3,0,,
2013/08/13,04,3,,,3,0,,
2013/08/13,05,3,,,3,0,,
2013/08/13,06,3,,,3,0,,
2013/08/13,07,4,,,3,0,,
2013/08/13,08,3,,,3,0,,
2013/08/13,09,3,,,3,0,,
2013/08/13,10,28,,,12,15,,
2013/08/13,11,78,,,17,60,,
2013/08/13,12,80,,,18,60,,
2013/08/13,13,80,,,18,61,,
2013/08/13,14,78,,,16,60,,
2013/08/13,15,78,,,16,60,,
2013/08/13,16,81,,,18,61,,
2013/08/13,17,83,,,19,61,,
2013/08/13,18,82,,,18,61,,
2013/08/13,19,81,,,18,61,,
2013/08/13,20,80,,,17,61,,
2013/08/13,21,42,,,8,33,,
2013/08/13,22,3,,,3,0,,
2013/08/13,23,3,,,2,0,,
2013/08/13,24,3,,,3,0,,
2013/08/14,01,3,,,2,0,,
2013/08/14,02,4,,,3,0,,
2013/08/14,03,3,,,2,0,,
2013/08/14,04,3,,,3,0,,
2013/08/14,05,3,,,2,0,,
2013/08/14,06,3,,,3,0,,
2013/08/14,07,2,,,2,0,,
2013/08/14,08,4,,,3,0,,
2013/08/14,09,3,,,3,0,,
2013/08/14,10,32,,,13,19,,
2013/08/14,11,81,,,19,60,,
2013/08/14,12,80,,,18,60,,
2013/08/14,13,81,,,19,60,,
2013/08/14,14,81,,,19,60,,
2013/08/14,15,81,,,19,60,,
2013/08/14,16,80,,,19,60,,
2013/08/14,17,83,,,19,61,,
2013/08/14,18,82,,,19,61,,
2013/08/14,19,81,,,19,60,,
2013/08/14,20,84,,,18,64,,
2013/08/14,21,19,,,7,11,,
2013/08/14,22,3,,,3,0,,
2013/08/14,23,3,,,3,0,,
2013/08/14,24,4,,,3,0,,
2013/08/15,01,3,,,3,0,,
2013/08/15,02,3,,,3,0,,
2013/08/15,03,4,,,3,0,,
2013/08/15,04,3,,,3,0,,
2013/08/15,05,3,,,3,0,,
2013/08/15,06,3,,,3,0,,
2013/08/15,07,4,,,3,0,,
2013/08/15,08,3,,,3,0,,
2013/08/15,09,3,,,3,0,,
2013/08/15,10,26,,,13,12,,
2013/08/15,11,79,,,18,60,,
2013/08/15,12,81,,,18,60,,
2013/08/15,13,80,,,19,60,,
2013/08/15,14,81,,,18,61,,
2013/08/15,15,84,,,20,61,,
2013/08/15,16,82,,,20,61,,
2013/08/15,17,83,,,20,60,,
2013/08/15,18,81,,,18,61,,
2013/08/15,19,82,,,19,61,,
2013/08/15,20,84,,,18,64,,
2013/08/15,21,28,,,9,19,,
2013/08/15,22,3,,,3,0,,
2013/08/15,23,4,,,3,0,,
2013/08/15,24,3,,,3,0,,
2013/08/16,01,3,,,3,0,,
2013/08/16,02,3,,,3,0,,
2013/08/16,03,3,,,3,0,,
2013/08/16,04,3,,,3,0,,
2013/08/16,05,3,,,3,0,,
2013/08/16,06,4,,,3,0,,
2013/08/16,07,3,,,3,0,,
2013/08/16,08,3,,,3,0,,
2013/08/16,09,3,,,3,0,,
2013/08/16,10,27,,,9,17,,
2013/08/16,11,76,,,16,58,,
2013/08/16,12,77,,,16,58,,
2013/08/16,13,78,,,17,60,,
2013/08/16,14,79,,,18,59,,
2013/08/16,15,78,,,18,58,,
2013/08/16,16,80,,,19,58,,
2013/08/16,17,79,,,19,59,,
2013/08/16,18,81,,,18,61,,
2013/08/16,19,81,,,18,60,,
2013/08/16,20,83,,,19,63,,
2013/08/16,21,28,,,8,19,,
2013/08/16,22,4,,,3,0,,
2013/08/16,23,4,,,3,0,,
2013/08/16,24,3,,,3,0,,
2013/08/17,01,3,,,3,0,,
2013/08/17,02,3,,,3,0,,
2013/08/17,03,4,,,3,0,,
2013/08/17,04,3,,,3,0,,
2013/08/17,05,3,,,3,0,,
2013/08/17,06,3,,,3,0,,
2013/08/17,07,3,,,3,0,,
2013/08/17,08,3,,,3,0,,
2013/08/17,09,3,,,3,0,,
2013/08/17,10,23,,,12,10,,
2013/08/17,11,79,,,17,60,,
2013/08/17,12,80,,,18,60,,
2013/08/17,13,81,,,18,61,,
2013/08/17,14,80,,,18,61,,
2013/08/17,15,81,,,18,61,,
2013/08/17,16,81,,,19,60,,
2013/08/17,17,81,,,19,61,,
2013/08/17,18,82,,,18,61,,
2013/08/17,19,81,,,18,61,,
2013/08/17,20,83,,,18,63,,
2013/08/17,21,17,,,7,10,,
2013/08/17,22,4,,,3,0,,
2013/08/17,23,3,,,3,0,,
2013/08/17,24,3,,,3,0,,
2013/08/18,01,3,,,3,0,,
2013/08/18,02,4,,,3,0,,
2013/08/18,03,3,,,3,0,,
2013/08/18,04,3,,,3,0,,
2013/08/18,05,3,,,3,0,,
2013/08/18,06,3,,,3,0,,
2013/08/18,07,4,,,3,0,,
2013/08/18,08,3,,,3,0,,
2013/08/18,09,3,,,3,0,,
2013/08/18,10,31,,,13,18,,
2013/08/18,11,79,,,16,60,,
2013/08/18,12,81,,,18,61,,
2013/08/18,13,81,,,18,61,,
2013/08/18,14,80,,,18,60,,
2013/08/18,15,80,,,18,60,,
2013/08/18,16,81,,,18,60,,
2013/08/18,17,82,,,19,61,,
2013/08/18,18,82,,,19,61,,
2013/08/18,19,81,,,18,61,,
2013/08/18,20,84,,,19,63,,
2013/08/18,21,52,,,10,40,,
2013/08/18,22,4,,,4,0,,
2013/08/18,23,5,,,4,0,,
2013/08/18,24,4,,,4,0,,
2013/08/19,01,4,,,4,0,,
2013/08/19,02,4,,,4,0,,
2013/08/19,03,4,,,4,0,,
2013/08/19,04,4,,,4,0,,
2013/08/19,05,5,,,4,0,,
2013/08/19,06,4,,,4,0,,
2013/08/19,07,4,,,4,0,,
2013/08/19,08,4,,,4,0,,
2013/08/19,09,4,,,4,0,,
2013/08/19,10,24,,,12,11,,
2013/08/19,11,80,,,18,60,,
2013/08/19,12,80,,,18,60,,
2013/08/19,13,80,,,17,61,,
2013/08/19,14,78,,,16,60,,
2013/08/19,15,81,,,17,62,,
2013/08/19,16,80,,,17,61,,
2013/08/19,17,81,,,18,61,,
2013/08/19,18,79,,,16,61,,
2013/08/19,19,80,,,17,61,,
2013/08/19,20,82,,,17,63,,
2013/08/19,21,42,,,7,33,,
2013/08/19,22,3,,,3,0,,
2013/08/19,23,4,,,3,0,,
2013/08/19,24,4,,,3,0,,
2013/08/20,01,4,,,3,0,,
2013/08/20,02,4,,,3,0,,
2013/08/20,03,3,,,3,0,,
2013/08/20,04,4,,,3,0,,
2013/08/20,05,4,,,3,0,,
2013/08/20,06,4,,,3,0,,
2013/08/20,07,3,,,3,0,,
2013/08/20,08,4,,,3,0,,
2013/08/20,09,4,,,3,0,,
2013/08/20,10,24,,,11,12,,
2013/08/20,11,78,,,15,61,,
2013/08/20,12,79,,,15,62,,
2013/08/20,13,78,,,15,61,,
2013/08/20,14,78,,,15,61,,
2013/08/20,15,79,,,16,62,,
2013/08/20,16,79,,,16,61,,
2013/08/20,17,80,,,17,61,,
2013/08/20,18,78,,,16,61,,
2013/08/20,19,79,,,15,61,,
2013/08/20,20,80,,,15,64,,
2013/08/20,21,42,,,7,33,,
2013/08/20,22,4,,,3,0,,
2013/08/20,23,4,,,4,0,,
2013/08/20,24,4,,,3,0,,
2013/08/21,01,4,,,4,0,,
2013/08/21,02,4,,,4,0,,
2013/08/21,03,4,,,4,0,,
2013/08/21,04,4,,,3,0,,
2013/08/21,05,4,,,4,0,,
2013/08/21,06,4,,,3,0,,
2013/08/21,07,4,,,3,0,,
2013/08/21,08,4,,,3,0,,
2013/08/21,09,4,,,4,0,,
2013/08/21,10,18,,,7,11,,
2013/08/21,11,79,,,16,61,,
2013/08/21,12,78,,,16,60,,
2013/08/21,13,79,,,16,61,,
2013/08/21,14,78,,,16,61,,
2013/08/21,15,79,,,16,61,,
2013/08/21,16,78,,,16,61,,
2013/08/21,17,80,,,17,61,,
2013/08/21,18,78,,,16,61,,
2013/08/21,19,78,,,15,61,,
2013/08/21,20,78,,,13,63,,
2013/08/21,21,18,,,5,13,,
2013/08/21,22,3,,,2,0,,
2013/08/21,23,3,,,3,0,,
2013/08/21,24,3,,,3,0,,
2013/08/22,01,4,,,3,0,,
2013/08/22,02,3,,,3,0,,
2013/08/22,03,3,,,3,0,,
2013/08/22,04,3,,,3,0,,
2013/08/22,05,3,,,3,0,,
2013/08/22,06,3,,,2,0,,
2013/08/22,07,4,,,3,0,,
2013/08/22,08,3,,,3,0,,
2013/08/22,09,3,,,3,0,,
2013/08/22,10,22,,,10,11,,
2013/08/22,11,78,,,16,60,,
2013/08/22,12,80,,,16,61,,
2013/08/22,13,78,,,16,60,,
2013/08/22,14,78,,,15,61,,
2013/08/22,15,80,,,18,60,,
2013/08/22,16,82,,,19,61,,
2013/08/22,17,83,,,20,61,,
2013/08/22,18,80,,,18,61,,
2013/08/22,19,81,,,18,61,,
2013/08/22,20,84,,,18,64,,
2013/08/22,21,24,,,7,16,,
2013/08/22,22,3,,,3,0,,
2013/08/22,23,3,,,3,0,,
2013/08/22,24,4,,,3,0,,
2013/08/23,01,3,,,3,0,,
2013/08/23,02,3,,,3,0,,
2013/08/23,03,3,,,3,0,,
2013/08/23,04,3,,,3,0,,
2013/08/23,05,3,,,3,0,,
2013/08/23,06,3,,,3,0,,
2013/08/23,07,4,,,3,0,,
2013/08/23,08,3,,,3,0,,
2013/08/23,09,3,,,3,0,,
2013/08/23,10,23,,,8,14,,
2013/08/23,11,79,,,17,60,,
2013/08/23,12,81,,,18,60,,
2013/08/23,13,80,,,17,61,,
2013/08/23,14,78,,,15,61,,
2013/08/23,15,78,,,15,61,,
2013/08/23,16,85,,,14,69,,
2013/08/23,17,85,,,13,70,,
2013/08/23,18,75,,,13,61,,
2013/08/23,19,81,,,13,66,,
2013/08/23,20,83,,,13,68,,
2013/08/23,21,62,,,7,53,,
2013/08/23,22,19,,,5,13,,
2013/08/23,23,3,,,3,0,,
2013/08/23,24,3,,,3,0,,
2013/08/24,01,4,,,3,0,,
2013/08/24,02,3,,,3,0,,
2013/08/24,03,3,,,3,0,,
2013/08/24,04,3,,,3,0,,
2013/08/24,05,3,,,3,0,,
2013/08/24,06,3,,,3,0,,
2013/08/24,07,4,,,3,0,,
2013/08/24,08,3,,,3,0,,
2013/08/24,09,3,,,3,0,,
2013/08/24,10,30,,,11,18,,
2013/08/24,11,79,,,16,61,,
2013/08/24,12,80,,,18,60,,
2013/08/24,13,81,,,19,61,,
2013/08/24,14,80,,,18,61,,
2013/08/24,15,82,,,18,61,,
2013/08/24,16,81,,,18,61,,
2013/08/24,17,82,,,19,61,,
2013/08/24,18,78,,,16,61,,
2013/08/24,19,83,,,14,66,,
2013/08/24,20,89,,,14,72,,
2013/08/24,21,21,,,7,13,,
2013/08/24,22,4,,,4,0,,
2013/08/24,23,4,,,4,0,,
2013/08/24,24,4,,,3,0,,
2013/08/25,01,4,,,4,0,,
2013/08/25,02,4,,,3,0,,
2013/08/25,03,4,,,4,0,,
2013/08/25,04,4,,,3,0,,
2013/08/25,05,4,,,4,0,,
2013/08/25,06,4,,,3,0,,
2013/08/25,07,4,,,4,0,,
2013/08/25,08,4,,,3,0,,
2013/08/25,09,4,,,4,0,,
2013/08/25,10,30,,,6,23,,
2013/08/25,11,72,,,10,60,,
2013/08/25,12,78,,,16,60,,
2013/08/25,13,78,,,16,60,,
2013/08/25,14,77,,,16,60,,
2013/08/25,15,79,,,16,62,,
2013/08/25,16,79,,,16,61,,
2013/08/25,17,81,,,18,62,,
2013/08/25,18,80,,,16,62,,
2013/08/25,19,80,,,15,63,,
2013/08/25,20,87,,,13,72,,
2013/08/25,21,29,,,5,22,,
2013/08/25,22,4,,,4,0,,
2013/08/25,23,4,,,3,0,,
2013/08/25,24,4,,,4,0,,
2013/08/26,01,4,,,3,0,,
2013/08/26,02,4,,,4,0,,
2013/08/26,03,4,,,3,0,,
2013/08/26,04,4,,,3,0,,
2013/08/26,05,4,,,3,0,,
2013/08/26,06,4,,,3,0,,
2013/08/26,07,4,,,4,0,,
2013/08/26,08,4,,,3,0,,
2013/08/26,09,4,,,3,0,,
2013/08/26,10,14,,,6,7,,
2013/08/26,11,77,,,15,60,,
2013/08/26,12,78,,,16,61,,
2013/08/26,13,79,,,16,60,,
2013/08/26,14,79,,,16,61,,
2013/08/26,15,79,,,16,61,,
2013/08/26,16,79,,,16,61,,
2013/08/26,17,80,,,16,61,,
2013/08/26,18,80,,,16,62,,
2013/08/26,19,83,,,15,67,,
2013/08/26,20,88,,,13,73,,
2013/08/26,21,41,,,7,33,,
2013/08/26,22,4,,,3,0,,
2013/08/26,23,3,,,3,0,,
2013/08/26,24,4,,,3,0,,
2013/08/27,01,3,,,3,0,,
2013/08/27,02,4,,,3,0,,
2013/08/27,03,4,,,3,0,,
2013/08/27,04,3,,,3,0,,
2013/08/27,05,4,,,3,0,,
2013/08/27,06,3,,,3,0,,
2013/08/27,07,4,,,3,0,,
2013/08/27,08,3,,,3,0,,
2013/08/27,09,4,,,3,0,,
2013/08/27,10,20,,,9,10,,
2013/08/27,11,76,,,14,60,,
2013/08/27,12,79,,,15,62,,
2013/08/27,13,78,,,15,61,,
2013/08/27,14,79,,,16,62,,
2013/08/27,15,80,,,15,62,,
2013/08/27,16,78,,,16,61,,
2013/08/27,17,79,,,16,61,,
2013/08/27,18,79,,,16,61,,
2013/08/27,19,83,,,15,66,,
2013/08/27,20,89,,,13,73,,
2013/08/27,21,37,,,5,30,,
2013/08/27,22,3,,,3,0,,
2013/08/27,23,3,,,3,0,,
2013/08/27,24,4,,,3,0,,
2013/08/28,01,3,,,3,0,,
2013/08/28,02,3,,,3,0,,
2013/08/28,03,3,,,3,0,,
2013/08/28,04,3,,,3,0,,
2013/08/28,05,4,,,3,0,,
2013/08/28,06,3,,,3,0,,
2013/08/28,07,3,,,3,0,,
2013/08/28,08,3,,,3,0,,
2013/08/28,09,3,,,3,0,,
2013/08/28,10,21,,,8,12,,
2013/08/28,11,79,,,16,61,,
2013/08/28,12,79,,,16,62,,
2013/08/28,13,79,,,17,60,,
2013/08/28,14,80,,,17,61,,
2013/08/28,15,80,,,18,60,,
2013/08/28,16,81,,,18,61,,
2013/08/28,17,81,,,18,61,,
2013/08/28,18,81,,,18,61,,
2013/08/28,19,83,,,14,68,,
2013/08/28,20,90,,,15,73,,
2013/08/28,21,77,,,14,61,,
2013/08/28,22,74,,,12,60,,
2013/08/28,23,74,,,12,61,,
2013/08/28,24,73,,,10,60,,
2013/08/29,01,75,,,12,61,,
2013/08/29,02,74,,,11,61,,
2013/08/29,03,74,,,11,61,,
2013/08/29,04,73,,,11,61,,
2013/08/29,05,75,,,12,61,,
2013/08/29,06,75,,,11,62,,
2013/08/29,07,36,,,7,29,,
2013/08/29,08,5,,,4,0,,
2013/08/29,09,5,,,4,0,,
2013/08/29,10,34,,,12,22,,
2013/08/29,11,77,,,17,59,,
2013/08/29,12,78,,,17,59,,
2013/08/29,13,78,,,17,59,,
2013/08/29,14,78,,,17,59,,
2013/08/29,15,80,,,17,61,,
2013/08/29,16,80,,,17,61,,
2013/08/29,17,81,,,17,61,,
2013/08/29,18,78,,,16,60,,
2013/08/29,19,83,,,14,66,,
2013/08/29,20,89,,,15,72,,
2013/08/29,21,34,,,6,28,,
2013/08/29,22,15,,,4,10,,
2013/08/29,23,15,,,4,10,,
2013/08/29,24,10,,,4,6,,
2013/08/30,01,3,,,3,0,,
2013/08/30,02,3,,,3,0,,
2013/08/30,03,3,,,3,0,,
2013/08/30,04,4,,,3,0,,
2013/08/30,05,3,,,3,0,,
2013/08/30,06,3,,,3,0,,
2013/08/30,07,3,,,2,0,,
2013/08/30,08,3,,,3,0,,
2013/08/30,09,3,,,3,0,,
2013/08/30,10,26,,,9,17,,
2013/08/30,11,75,,,13,60,,
2013/08/30,12,79,,,16,61,,
2013/08/30,13,78,,,16,61,,
2013/08/30,14,78,,,16,60,,
2013/08/30,15,78,,,15,61,,
2013/08/30,16,78,,,16,60,,
2013/08/30,17,76,,,14,61,,
2013/08/30,18,78,,,15,61,,
2013/08/30,19,80,,,13,66,,
2013/08/30,20,86,,,11,73,,
2013/08/30,21,49,,,7,40,,
2013/08/30,22,3,,,3,0,,
2013/08/30,23,3,,,3,0,,
2013/08/30,24,4,,,3,0,,
2013/08/31,01,3,,,3,0,,
2013/08/31,02,4,,,3,0,,
2013/08/31,03,4,,,3,0,,
2013/08/31,04,3,,,3,0,,
2013/08/31,05,4,,,3,0,,
2013/08/31,06,3,,,3,0,,
2013/08/31,07,4,,,3,0,,
2013/08/31,08,3,,,3,0,,
2013/08/31,09,4,,,3,0,,
2013/08/31,10,15,,,9,5,,
2013/08/31,11,75,,,12,61,,
2013/08/31,12,77,,,15,60,,
2013/08/31,13,76,,,15,60,,
2013/08/31,14,79,,,16,61,,
2013/08/31,15,78,,,15,60,,
2013/08/31,16,79,,,16,61,,
2013/08/31,17,77,,,16,60,,
2013/08/31,18,77,,,14,60,,
2013/08/31,19,82,,,12,68,,
2013/08/31,20,86,,,13,72,,
2013/08/31,21,56,,,7,47,,
2013/08/31,22,4,,,4,0,,
2013/08/31,23,4,,,3,0,,
2013/08/31,24,3,,,3,0,,
2013/09/01,01,3,,,3,0,,
2013/09/01,02,4,,,3,0,,
2013/09/01,03,3,,,3,0,,
2013/09/01,04,4,,,3,0,,
2013/09/01,05,3,,,3,0,,
2013/09/01,06,3,,,3,0,,
2013/09/01,07,4,,,3,0,,
2013/09/01,08,3,,,3,0,,
2013/09/01,09,3,,,3,0,,
2013/09/01,10,31,,,9,21,,
2013/09/01,11,75,,,16,57,,
2013/09/01,12,77,,,17,58,,
2013/09/01,13,78,,,18,58,,
2013/09/01,14,77,,,16,59,,
2013/09/01,15,76,,,14,60,,
2013/09/01,16,76,,,15,60,,
2013/09/01,17,79,,,16,60,,
2013/09/01,18,76,,,14,60,,
2013/09/01,19,83,,,13,69,,
2013/09/01,20,86,,,13,71,,
2013/09/01,21,51,,,9,40,,
2013/09/01,22,9,,,7,2,,
2013/09/01,23,7,,,5,1,,
2013/09/01,24,4,,,3,0,,
2013/09/02,01,4,,,3,0,,
2013/09/02,02,4,,,3,0,,
2013/09/02,03,4,,,3,0,,
2013/09/02,04,4,,,3,0,,
2013/09/02,05,4,,,3,0,,
2013/09/02,06,4,,,3,0,,
2013/09/02,07,3,,,3,0,,
2013/09/02,08,4,,,3,0,,
2013/09/02,09,4,,,3,0,,
2013/09/02,10,18,,,8,9,,
2013/09/02,11,73,,,11,60,,
2013/09/02,12,74,,,13,60,,
2013/09/02,13,76,,,13,60,,
2013/09/02,14,76,,,13,62,,
2013/09/02,15,76,,,13,61,,
2013/09/02,16,75,,,12,61,,
2013/09/02,17,73,,,11,61,,
2013/09/02,18,74,,,12,60,,
2013/09/02,19,83,,,12,69,,
2013/09/02,20,87,,,12,73,,
2013/09/02,21,59,,,8,50,,
2013/09/02,22,4,,,3,0,,
2013/09/02,23,3,,,3,0,,
2013/09/02,24,4,,,3,0,,
2013/09/03,01,4,,,3,0,,
2013/09/03,02,3,,,3,0,,
2013/09/03,03,4,,,3,0,,
2013/09/03,04,3,,,3,0,,
2013/09/03,05,4,,,3,0,,
2013/09/03,06,3,,,3,0,,
2013/09/03,07,4,,,3,0,,
2013/09/03,08,3,,,3,0,,
2013/09/03,09,4,,,3,0,,
2013/09/03,10,16,,,8,7,,
2013/09/03,11,77,,,15,60,,
2013/09/03,12,75,,,13,60,,
2013/09/03,13,75,,,13,60,,
2013/09/03,14,74,,,12,61,,
2013/09/03,15,75,,,12,61,,
2013/09/03,16,76,,,13,61,,
2013/09/03,17,75,,,13,61,,
2013/09/03,18,75,,,12,61,,
2013/09/03,19,82,,,11,68,,
2013/09/03,20,85,,,11,72,,
2013/09/03,21,46,,,8,37,,
2013/09/03,22,5,,,4,0,,
2013/09/03,23,4,,,4,0,,
2013/09/03,24,4,,,4,0,,
2013/09/04,01,4,,,4,0,,
2013/09/04,02,5,,,4,0,,
2013/09/04,03,4,,,4,0,,
2013/09/04,04,4,,,4,0,,
2013/09/04,05,4,,,4,0,,
2013/09/04,06,4,,,4,0,,
2013/09/04,07,4,,,4,0,,
2013/09/04,08,5,,,4,0,,
2013/09/04,09,4,,,4,0,,
2013/09/04,10,35,,,10,24,,
2013/09/04,11,78,,,15,60,,
2013/09/04,12,78,,,17,60,,
2013/09/04,13,79,,,17,60,,
2013/09/04,14,78,,,16,61,,
2013/09/04,15,79,,,16,61,,
2013/09/04,16,76,,,13,62,,
2013/09/04,17,75,,,12,61,,
2013/09/04,18,81,,,10,70,,
2013/09/04,19,85,,,11,73,,
2013/09/04,20,86,,,11,73,,
2013/09/04,21,26,,,6,20,,
2013/09/04,22,3,,,3,0,,
2013/09/04,23,3,,,3,0,,
2013/09/04,24,4,,,3,0,,
2013/09/05,01,3,,,3,0,,
2013/09/05,02,3,,,3,0,,
2013/09/05,03,3,,,3,0,,
2013/09/05,04,3,,,3,0,,
2013/09/05,05,3,,,3,0,,
2013/09/05,06,3,,,3,0,,
2013/09/05,07,3,,,3,0,,
2013/09/05,08,4,,,3,0,,
2013/09/05,09,3,,,3,0,,
2013/09/05,10,26,,,6,20,,
2013/09/05,11,74,,,12,60,,
2013/09/05,12,76,,,14,60,,
2013/09/05,13,78,,,16,60,,
2013/09/05,14,78,,,16,61,,
2013/09/05,15,78,,,15,61,,
2013/09/05,16,77,,,15,60,,
2013/09/05,17,79,,,16,60,,
2013/09/05,18,74,,,13,60,,
2013/09/05,19,86,,,12,72,,
2013/09/05,20,86,,,13,72,,
2013/09/05,21,39,,,8,29,,
2013/09/05,22,14,,,6,8,,
2013/09/05,23,3,,,3,0,,
2013/09/05,24,4,,,3,0,,
2013/09/06,01,3,,,3,0,,
2013/09/06,02,3,,,3,0,,
2013/09/06,03,4,,,3,0,,
2013/09/06,04,3,,,3,0,,
2013/09/06,05,3,,,3,0,,
2013/09/06,06,3,,,3,0,,
2013/09/06,07,3,,,3,0,,
2013/09/06,08,3,,,3,0,,
2013/09/06,09,4,,,3,0,,
2013/09/06,10,21,,,6,15,,
2013/09/06,11,73,,,12,59,,
2013/09/06,12,75,,,13,60,,
2013/09/06,13,75,,,14,59,,
2013/09/06,14,74,,,14,59,,
2013/09/06,15,75,,,14,59,,
2013/09/06,16,75,,,14,59,,
2013/09/06,17,76,,,14,60,,
2013/09/06,18,75,,,14,60,,
2013/09/06,19,87,,,13,71,,
2013/09/06,20,85,,,12,71,,
2013/09/06,21,51,,,7,42,,
2013/09/06,22,3,,,3,0,,
2013/09/06,23,3,,,3,0,,
2013/09/06,24,3,,,3,0,,
2013/09/07,01,3,,,3,0,,
2013/09/07,02,4,,,3,0,,
2013/09/07,03,3,,,3,0,,
2013/09/07,04,3,,,3,0,,
2013/09/07,05,3,,,3,0,,
2013/09/07,06,3,,,3,0,,
2013/09/07,07,4,,,3,0,,
2013/09/07,08,3,,,3,0,,
2013/09/07,09,3,,,3,0,,
2013/09/07,10,32,,,7,24,,
2013/09/07,11,70,,,11,58,,
2013/09/07,12,74,,,12,60,,
2013/09/07,13,73,,,11,60,,
2013/09/07,14,72,,,11,60,,
2013/09/07,15,73,,,11,60,,
2013/09/07,16,74,,,12,61,,
2013/09/07,17,73,,,11,60,,
2013/09/07,18,72,,,10,60,,
2013/09/07,19,82,,,10,71,,
2013/09/07,20,85,,,11,72,,
2013/09/07,21,29,,,6,22,,
2013/09/07,22,3,,,3,0,,
2013/09/07,23,4,,,4,0,,
2013/09/07,24,4,,,3,0,,
2013/09/08,01,4,,,3,0,,
2013/09/08,02,4,,,3,0,,
2013/09/08,03,4,,,3,0,,
2013/09/08,04,4,,,3,0,,
2013/09/08,05,4,,,3,0,,
2013/09/08,06,4,,,3,0,,
2013/09/08,07,4,,,3,0,,
2013/09/08,08,4,,,3,0,,
2013/09/08,09,4,,,3,0,,
2013/09/08,10,22,,,4,17,,
2013/09/08,11,70,,,10,59,,
2013/09/08,12,73,,,12,59,,
2013/09/08,13,74,,,12,60,,
2013/09/08,14,74,,,14,60,,
2013/09/08,15,78,,,16,59,,
2013/09/08,16,78,,,17,60,,
2013/09/08,17,76,,,14,60,,
2013/09/08,18,74,,,12,59,,
2013/09/08,19,84,,,12,70,,
2013/09/08,20,85,,,11,72,,
2013/09/08,21,32,,,8,23,,
2013/09/08,22,4,,,3,0,,
2013/09/08,23,3,,,3,0,,
2013/09/08,24,3,,,3,0,,
2013/09/09,01,3,,,3,0,,
2013/09/09,02,4,,,3,0,,
2013/09/09,03,3,,,3,0,,
2013/09/09,04,3,,,3,0,,
2013/09/09,05,3,,,3,0,,
2013/09/09,06,3,,,3,0,,
2013/09/09,07,4,,,3,0,,
2013/09/09,08,3,,,3,0,,
2013/09/09,09,3,,,3,0,,
2013/09/09,10,29,,,6,22,,
2013/09/09,11,77,,,15,60,,
2013/09/09,12,76,,,14,60,,
2013/09/09,13,78,,,16,61,,
2013/09/09,14,77,,,15,60,,
2013/09/09,15,79,,,17,60,,
2013/09/09,16,79,,,17,60,,
2013/09/09,17,80,,,17,60,,
2013/09/09,18,76,,,15,59,,
2013/09/09,19,87,,,14,71,,
2013/09/09,20,86,,,12,72,,
2013/09/09,21,67,,,9,55,,
2013/09/09,22,4,,,4,0,,
2013/09/09,23,4,,,4,0,,
2013/09/09,24,4,,,4,0,,
2013/09/10,01,5,,,4,0,,
2013/09/10,02,4,,,4,0,,
2013/09/10,03,4,,,4,0,,
2013/09/10,04,5,,,4,0,,
2013/09/10,05,4,,,4,0,,
2013/09/10,06,4,,,4,0,,
2013/09/10,07,4,,,4,0,,
2013/09/10,08,4,,,4,0,,
2013/09/10,09,5,,,4,0,,
2013/09/10,10,17,,,8,9,,
2013/09/10,11,74,,,14,59,,
2013/09/10,12,78,,,16,60,,
2013/09/10,13,77,,,15,60,,
2013/09/10,14,76,,,14,60,,
2013/09/10,15,77,,,15,60,,
2013/09/10,16,79,,,17,60,,
2013/09/10,17,81,,,18,60,,
2013/09/10,18,76,,,14,61,,
2013/09/10,19,86,,,13,71,,
2013/09/10,20,85,,,12,71,,
2013/09/10,21,63,,,9,51,,
2013/09/10,22,3,,,3,0,,
2013/09/10,23,4,,,3,0,,
2013/09/10,24,3,,,3,0,,
2013/09/11,01,4,,,3,0,,
2013/09/11,02,3,,,3,0,,
2013/09/11,03,3,,,3,0,,
2013/09/11,04,4,,,3,0,,
2013/09/11,05,3,,,3,0,,
2013/09/11,06,3,,,3,0,,
2013/09/11,07,4,,,3,0,,
2013/09/11,08,3,,,3,0,,
2013/09/11,09,4,,,3,0,,
2013/09/11,10,22,,,8,14,,
2013/09/11,11,77,,,16,60,,
2013/09/11,12,79,,,16,60,,
2013/09/11,13,78,,,17,60,,
2013/09/11,14,79,,,17,61,,
2013/09/11,15,80,,,17,61,,
2013/09/11,16,78,,,17,60,,
2013/09/11,17,80,,,17,60,,
2013/09/11,18,78,,,17,60,,
2013/09/11,19,88,,,16,70,,
2013/09/11,20,89,,,15,72,,
2013/09/11,21,33,,,6,25,,
2013/09/11,22,3,,,3,0,,
2013/09/11,23,3,,,3,0,,
2013/09/11,24,3,,,2,0,,
2013/09/12,01,3,,,3,0,,
2013/09/12,02,3,,,3,0,,
2013/09/12,03,3,,,3,0,,
2013/09/12,04,3,,,3,0,,
2013/09/12,05,3,,,2,0,,
2013/09/12,06,3,,,2,0,,
2013/09/12,07,3,,,2,0,,
2013/09/12,08,3,,,2,0,,
2013/09/12,09,3,,,3,0,,
2013/09/12,10,20,,,7,11,,
2013/09/12,11,76,,,15,59,,
2013/09/12,12,79,,,16,60,,
2013/09/12,13,78,,,17,60,,
2013/09/12,14,80,,,18,60,,
2013/09/12,15,79,,,17,60,,
2013/09/12,16,79,,,17,60,,
2013/09/12,17,79,,,17,60,,
2013/09/12,18,77,,,16,60,,
2013/09/12,19,87,,,14,71,,
2013/09/12,20,87,,,14,71,,
2013/09/12,21,28,,,8,18,,
2013/09/12,22,15,,,4,10,,
2013/09/12,23,4,,,4,0,,
2013/09/12,24,4,,,3,0,,
2013/09/13,01,4,,,3,0,,
2013/09/13,02,4,,,3,0,,
2013/09/13,03,4,,,4,0,,
2013/09/13,04,4,,,3,0,,
2013/09/13,05,4,,,4,0,,
2013/09/13,06,4,,,3,0,,
2013/09/13,07,4,,,4,0,,
2013/09/13,08,4,,,3,0,,
2013/09/13,09,4,,,4,0,,
2013/09/13,10,13,,,10,2,,
2013/09/13,11,77,,,16,60,,
2013/09/13,12,79,,,16,60,,
2013/09/13,13,78,,,17,60,,
2013/09/13,14,79,,,17,60,,
2013/09/13,15,80,,,17,60,,
2013/09/13,16,79,,,17,60,,
2013/09/13,17,79,,,18,60,,
2013/09/13,18,79,,,17,60,,
2013/09/13,19,87,,,16,69,,
2013/09/13,20,89,,,15,72,,
2013/09/13,21,33,,,8,23,,
2013/09/13,22,3,,,3,0,,
2013/09/13,23,3,,,3,0,,
2013/09/13,24,3,,,3,0,,
2013/09/14,01,4,,,3,0,,
2013/09/14,02,3,,,3,0,,
2013/09/14,03,3,,,3,0,,
2013/09/14,04,3,,,3,0,,
2013/09/14,05,3,,,3,0,,
2013/09/14,06,3,,,3,0,,
2013/09/14,07,3,,,3,0,,
2013/09/14,08,4,,,3,0,,
2013/09/14,09,3,,,3,0,,
2013/09/14,10,22,,,8,14,,
2013/09/14,11,80,,,18,60,,
2013/09/14,12,79,,,18,59,,
2013/09/14,13,80,,,18,59,,
2013/09/14,14,79,,,19,60,,
2013/09/14,15,80,,,18,60,,
2013/09/14,16,81,,,19,60,,
2013/09/14,17,81,,,19,60,,
2013/09/14,18,81,,,19,60,,
2013/09/14,19,86,,,16,69,,
2013/09/14,20,89,,,15,72,,
2013/09/14,21,69,,,10,57,,
2013/09/14,22,5,,,5,0,,
2013/09/14,23,6,,,5,0,,
2013/09/14,24,4,,,3,0,,
2013/09/15,01,4,,,4,0,,
2013/09/15,02,4,,,4,0,,
2013/09/15,03,4,,,4,0,,
2013/09/15,04,4,,,4,0,,
2013/09/15,05,4,,,4,0,,
2013/09/15,06,5,,,4,0,,
2013/09/15,07,4,,,4,0,,
2013/09/15,08,6,,,6,0,,
2013/09/15,09,10,,,9,0,,
2013/09/15,10,25,,,9,16,,
2013/09/15,11,71,,,10,59,,
2013/09/15,12,74,,,14,59,,
2013/09/15,13,77,,,16,60,,
2013/09/15,14,78,,,15,61,,
2013/09/15,15,77,,,15,60,,
2013/09/15,16,77,,,16,60,,
2013/09/15,17,76,,,14,61,,
2013/09/15,18,77,,,14,61,,
2013/09/15,19,86,,,12,72,,
2013/09/15,20,85,,,12,71,,
2013/09/15,21,32,,,8,22,,
2013/09/15,22,6,,,5,0,,
2013/09/15,23,4,,,3,0,,
2013/09/15,24,3,,,3,0,,
2013/09/16,01,3,,,3,0,,
2013/09/16,02,3,,,3,0,,
2013/09/16,03,4,,,3,0,,
2013/09/16,04,3,,,3,0,,
2013/09/16,05,3,,,3,0,,
2013/09/16,06,3,,,3,0,,
2013/09/16,07,4,,,3,0,,
2013/09/16,08,3,,,3,0,,
2013/09/16,09,3,,,3,0,,
2013/09/16,10,29,,,8,20,,
2013/09/16,11,71,,,10,59,,
2013/09/16,12,71,,,11,59,,
2013/09/16,13,73,,,11,59,,
2013/09/16,14,75,,,14,60,,
2013/09/16,15,73,,,12,59,,
2013/09/16,16,74,,,13,59,,
2013/09/16,17,74,,,12,60,,
2013/09/16,18,75,,,12,62,,
2013/09/16,19,83,,,9,72,,
2013/09/16,20,84,,,10,72,,
2013/09/16,21,54,,,8,44,,
2013/09/16,22,14,,,5,8,,
2013/09/16,23,3,,,3,0,,
2013/09/16,24,4,,,3,0,,
2013/09/17,01,3,,,3,0,,
2013/09/17,02,3,,,3,0,,
2013/09/17,03,3,,,3,0,,
2013/09/17,04,4,,,3,0,,
2013/09/17,05,3,,,3,0,,
2013/09/17,06,3,,,3,0,,
2013/09/17,07,3,,,3,0,,
2013/09/17,08,4,,,3,0,,
2013/09/17,09,3,,,3,0,,
2013/09/17,10,15,,,7,7,,
2013/09/17,11,66,,,10,55,,
2013/09/17,12,71,,,13,57,,
2013/09/17,13,74,,,14,59,,
2013/09/17,14,76,,,13,60,,
2013/09/17,15,75,,,14,60,,
2013/09/17,16,76,,,14,60,,
2013/09/17,17,75,,,14,59,,
2013/09/17,18,76,,,12,62,,
2013/09/17,19,84,,,11,71,,
2013/09/17,20,82,,,9,71,,
2013/09/17,21,66,,,8,57,,
2013/09/17,22,3,,,3,0,,
2013/09/17,23,3,,,3,0,,
2013/09/17,24,3,,,3,0,,
2013/09/18,01,3,,,2,0,,
2013/09/18,02,4,,,3,0,,
2013/09/18,03,3,,,3,0,,
2013/09/18,04,3,,,3,0,,
2013/09/18,05,3,,,3,0,,
2013/09/18,06,3,,,3,0,,
2013/09/18,07,3,,,2,0,,
2013/09/18,08,3,,,3,0,,
2013/09/18,09,3,,,3,0,,
2013/09/18,10,14,,,6,7,,
2013/09/18,11,70,,,9,60,,
2013/09/18,12,74,,,13,59,,
2013/09/18,13,77,,,14,60,,
2013/09/18,14,75,,,14,60,,
2013/09/18,15,76,,,14,60,,
2013/09/18,16,78,,,16,60,,
2013/09/18,17,79,,,17,60,,
2013/09/18,18,78,,,15,62,,
2013/09/18,19,87,,,13,72,,
2013/09/18,20,86,,,11,73,,
2013/09/18,21,27,,,6,20,,
2013/09/18,22,4,,,4,0,,
2013/09/18,23,4,,,4,0,,
2013/09/18,24,4,,,3,0,,
2013/09/19,01,4,,,3,0,,
2013/09/19,02,4,,,3,0,,
2013/09/19,03,4,,,3,0,,
2013/09/19,04,4,,,3,0,,
2013/09/19,05,4,,,3,0,,
2013/09/19,06,4,,,3,0,,
2013/09/19,07,4,,,3,0,,
2013/09/19,08,4,,,3,0,,
2013/09/19,09,4,,,3,0,,
2013/09/19,10,16,,,7,7,,
2013/09/19,11,72,,,10,60,,
2013/09/19,12,75,,,13,60,,
2013/09/19,13,77,,,15,60,,
2013/09/19,14,77,,,15,60,,
2013/09/19,15,76,,,14,60,,
2013/09/19,16,77,,,15,60,,
2013/09/19,17,77,,,16,60,,
2013/09/19,18,79,,,15,62,,
2013/09/19,19,85,,,12,72,,
2013/09/19,20,86,,,11,72,,
2013/09/19,21,72,,,9,61,,
2013/09/19,22,11,,,7,3,,
2013/09/19,23,3,,,3,0,,
2013/09/19,24,3,,,2,0,,
2013/09/20,01,3,,,3,0,,
2013/09/20,02,3,,,3,0,,
2013/09/20,03,3,,,2,0,,
2013/09/20,04,3,,,3,0,,
2013/09/20,05,3,,,2,0,,
2013/09/20,06,3,,,2,0,,
2013/09/20,07,3,,,2,0,,
2013/09/20,08,3,,,3,0,,
2013/09/20,09,3,,,3,0,,
2013/09/20,10,15,,,8,7,,
2013/09/20,11,73,,,11,60,,
2013/09/20,12,77,,,16,60,,
2013/09/20,13,79,,,16,60,,
2013/09/20,14,77,,,15,60,,
2013/09/20,15,77,,,16,60,,
2013/09/20,16,79,,,16,60,,
2013/09/20,17,79,,,17,61,,
2013/09/20,18,79,,,15,62,,
2013/09/20,19,88,,,13,72,,
2013/09/20,20,86,,,12,72,,
2013/09/20,21,42,,,9,32,,
2013/09/20,22,27,,,8,18,,
2013/09/20,23,8,,,4,4,,
2013/09/20,24,3,,,3,0,,
2013/09/21,01,3,,,2,0,,
2013/09/21,02,3,,,3,0,,
2013/09/21,03,3,,,2,0,,
2013/09/21,04,3,,,2,0,,
2013/09/21,05,3,,,3,0,,
2013/09/21,06,3,,,2,0,,
2013/09/21,07,3,,,3,0,,
2013/09/21,08,3,,,2,0,,
2013/09/21,09,3,,,3,0,,
2013/09/21,10,10,,,6,3,,
2013/09/21,11,70,,,11,57,,
2013/09/21,12,77,,,15,60,,
2013/09/21,13,77,,,15,61,,
2013/09/21,14,77,,,15,59,,
2013/09/21,15,76,,,15,60,,
2013/09/21,16,79,,,17,60,,
2013/09/21,17,77,,,16,59,,
2013/09/21,18,80,,,16,62,,
2013/09/21,19,86,,,13,71,,
2013/09/21,20,86,,,12,72,,
2013/09/21,21,70,,,10,58,,
2013/09/21,22,4,,,4,0,,
2013/09/21,23,5,,,4,0,,
2013/09/21,24,4,,,4,0,,
2013/09/22,01,4,,,4,0,,
2013/09/22,02,5,,,4,0,,
2013/09/22,03,4,,,4,0,,
2013/09/22,04,4,,,4,0,,
2013/09/22,05,5,,,4,0,,
2013/09/22,06,4,,,4,0,,
2013/09/22,07,4,,,4,0,,
2013/09/22,08,5,,,4,0,,
2013/09/22,09,4,,,4,0,,
2013/09/22,10,15,,,7,8,,
2013/09/22,11,70,,,9,59,,
2013/09/22,12,72,,,11,59,,
2013/09/22,13,76,,,14,60,,
2013/09/22,14,75,,,14,59,,
2013/09/22,15,77,,,15,60,,
2013/09/22,16,76,,,14,60,,
2013/09/22,17,76,,,14,60,,
2013/09/22,18,75,,,12,62,,
2013/09/22,19,84,,,11,71,,
2013/09/22,20,85,,,12,71,,
2013/09/22,21,25,,,9,15,,
2013/09/22,22,3,,,3,0,,
2013/09/22,23,4,,,3,0,,
2013/09/22,24,4,,,3,0,,
2013/09/23,01,3,,,3,0,,
2013/09/23,02,4,,,3,0,,
2013/09/23,03,3,,,3,0,,
2013/09/23,04,4,,,3,0,,
2013/09/23,05,3,,,3,0,,
2013/09/23,06,4,,,3,0,,
2013/09/23,07,4,,,3,0,,
2013/09/23,08,3,,,3,0,,
2013/09/23,09,4,,,3,0,,
2013/09/23,10,12,,,6,5,,
2013/09/23,11,73,,,11,60,,
2013/09/23,12,75,,,15,59,,
2013/09/23,13,78,,,16,60,,
2013/09/23,14,77,,,15,60,,
2013/09/23,15,78,,,15,61,,
2013/09/23,16,77,,,16,60,,
2013/09/23,17,78,,,16,60,,
2013/09/23,18,84,,,16,65,,
2013/09/23,19,88,,,14,72,,
2013/09/23,20,87,,,13,72,,
2013/09/23,21,32,,,9,23,,
2013/09/23,22,9,,,4,4,,
2013/09/23,23,3,,,3,0,,
2013/09/23,24,3,,,3,0,,
2013/09/24,01,3,,,3,0,,
2013/09/24,02,3,,,3,0,,
2013/09/24,03,3,,,3,0,,
2013/09/24,04,4,,,3,0,,
2013/09/24,05,3,,,3,0,,
2013/09/24,06,3,,,3,0,,
2013/09/24,07,3,,,3,0,,
2013/09/24,08,3,,,3,0,,
2013/09/24,09,3,,,3,0,,
2013/09/24,10,10,,,5,4,,
2013/09/24,11,74,,,12,60,,
2013/09/24,12,75,,,13,60,,
2013/09/24,13,75,,,14,60,,
2013/09/24,14,75,,,14,59,,
2013/09/24,15,75,,,14,60,,
2013/09/24,16,76,,,14,60,,
2013/09/24,17,76,,,14,60,,
2013/09/24,18,80,,,14,64,,
2013/09/24,19,88,,,13,72,,
2013/09/24,20,85,,,12,71,,
2013/09/24,21,26,,,6,20,,
2013/09/24,22,4,,,3,0,,
2013/09/24,23,3,,,3,0,,
2013/09/24,24,3,,,3,0,,
2013/09/25,01,4,,,3,0,,
2013/09/25,02,3,,,3,0,,
2013/09/25,03,3,,,3,0,,
2013/09/25,04,4,,,3,0,,
2013/09/25,05,3,,,3,0,,
2013/09/25,06,3,,,3,0,,
2013/09/25,07,4,,,3,0,,
2013/09/25,08,3,,,3,0,,
2013/09/25,09,3,,,3,0,,
2013/09/25,10,16,,,6,9,,
2013/09/25,11,71,,,11,59,,
2013/09/25,12,75,,,13,60,,
2013/09/25,13,75,,,14,60,,
2013/09/25,14,75,,,14,59,,
2013/09/25,15,75,,,13,60,,
2013/09/25,16,75,,,13,60,,
2013/09/25,17,77,,,15,61,,
2013/09/25,18,80,,,14,65,,
2013/09/25,19,86,,,13,71,,
2013/09/25,20,85,,,12,71,,
2013/09/25,21,24,,,8,15,,
2013/09/25,22,9,,,5,3,,
2013/09/25,23,5,,,4,0,,
2013/09/25,24,6,,,4,1,,
2013/09/26,01,3,,,3,0,,
2013/09/26,02,4,,,3,0,,
2013/09/26,03,3,,,3,0,,
2013/09/26,04,4,,,3,0,,
2013/09/26,05,3,,,3,0,,
2013/09/26,06,3,,,3,0,,
2013/09/26,07,4,,,3,0,,
2013/09/26,08,3,,,3,0,,
2013/09/26,09,4,,,3,0,,
2013/09/26,10,14,,,6,7,,
2013/09/26,11,69,,,8,59,,
2013/09/26,12,70,,,10,59,,
2013/09/26,13,74,,,11,60,,
2013/09/26,14,71,,,9,60,,
2013/09/26,15,72,,,10,60,,
2013/09/26,16,72,,,10,60,,
2013/09/26,17,71,,,10,60,,
2013/09/26,18,75,,,8,65,,
2013/09/26,19,84,,,9,72,,
2013/09/26,20,80,,,8,71,,
2013/09/26,21,70,,,7,61,,
2013/09/26,22,5,,,3,1,,
2013/09/26,23,3,,,3,0,,
2013/09/26,24,3,,,3,0,,
2013/09/27,01,4,,,3,0,,
2013/09/27,02,3,,,3,0,,
2013/09/27,03,3,,,3,0,,
2013/09/27,04,4,,,3,0,,
2013/09/27,05,3,,,3,0,,
2013/09/27,06,3,,,3,0,,
2013/09/27,07,4,,,3,0,,
2013/09/27,08,3,,,3,0,,
2013/09/27,09,3,,,3,0,,
2013/09/27,10,6,,,5,0,,
2013/09/27,11,66,,,8,56,,
2013/09/27,12,71,,,11,58,,
2013/09/27,13,73,,,11,60,,
2013/09/27,14,72,,,11,60,,
2013/09/27,15,72,,,11,59,,
2013/09/27,16,75,,,13,60,,
2013/09/27,17,75,,,13,60,,
2013/09/27,18,78,,,11,66,,
2013/09/27,19,85,,,10,73,,
2013/09/27,20,83,,,10,71,,
2013/09/27,21,59,,,7,51,,
2013/09/27,22,4,,,3,0,,
2013/09/27,23,3,,,3,0,,
2013/09/27,24,3,,,3,0,,
2013/09/28,01,4,,,3,0,,
2013/09/28,02,3,,,3,0,,
2013/09/28,03,3,,,3,0,,
2013/09/28,04,3,,,3,0,,
2013/09/28,05,3,,,3,0,,
2013/09/28,06,4,,,3,0,,
2013/09/28,07,3,,,3,0,,
2013/09/28,08,3,,,3,0,,
2013/09/28,09,3,,,3,0,,
2013/09/28,10,7,,,6,1,,
2013/09/28,11,63,,,8,54,,
2013/09/28,12,70,,,11,57,,
2013/09/28,13,69,,,12,56,,
2013/09/28,14,69,,,12,55,,
2013/09/28,15,70,,,12,57,,
2013/09/28,16,74,,,13,60,,
2013/09/28,17,75,,,14,59,,
2013/09/28,18,78,,,11,65,,
2013/09/28,19,83,,,10,71,,
2013/09/28,20,84,,,10,72,,
2013/09/28,21,46,,,7,37,,
2013/09/28,22,4,,,4,0,,
2013/09/28,23,5,,,4,0,,
2013/09/28,24,4,,,4,0,,
2013/09/29,01,4,,,4,0,,
2013/09/29,02,4,,,4,0,,
2013/09/29,03,4,,,4,0,,
2013/09/29,04,5,,,4,0,,
2013/09/29,05,4,,,4,0,,
2013/09/29,06,4,,,4,0,,
2013/09/29,07,4,,,4,0,,
2013/09/29,08,5,,,4,0,,
2013/09/29,09,4,,,4,0,,
2013/09/29,10,12,,,6,5,,
2013/09/29,11,71,,,10,60,,
2013/09/29,12,74,,,13,59,,
2013/09/29,13,76,,,14,61,,
2013/09/29,14,76,,,13,61,,
2013/09/29,15,76,,,14,60,,
2013/09/29,16,75,,,14,59,,
2013/09/29,17,78,,,15,61,,
2013/09/29,18,81,,,14,65,,
2013/09/29,19,85,,,11,72,,
2013/09/29,20,85,,,11,71,,
2013/09/29,21,38,,,8,30,,
2013/09/29,22,11,,,4,6,,
2013/09/29,23,3,,,3,0,,
2013/09/29,24,3,,,3,0,,
2013/09/30,01,4,,,3,0,,
2013/09/30,02,3,,,3,0,,
2013/09/30,03,3,,,3,0,,
2013/09/30,04,4,,,3,0,,
2013/09/30,05,3,,,3,0,,
2013/09/30,06,3,,,3,0,,
2013/09/30,07,4,,,3,0,,
2013/09/30,08,3,,,3,0,,
2013/09/30,09,4,,,3,0,,
2013/09/30,10,15,,,6,8,,
2013/09/30,11,71,,,10,59,,
2013/09/30,12,75,,,14,60,,
2013/09/30,13,77,,,15,60,,
2013/09/30,14,75,,,15,59,,
2013/09/30,15,76,,,14,59,,
2013/09/30,16,75,,,14,60,,
2013/09/30,17,75,,,13,60,,
2013/09/30,18,78,,,11,65,,
2013/09/30,19,86,,,11,72,,
2013/09/30,20,84,,,11,71,,
2013/09/30,21,73,,,10,61,,
2013/09/30,22,24,,,5,18,,
2013/09/30,23,4,,,3,0,,
2013/09/30,24,4,,,4,0,,
2013/10/01,01,4,,,3,0,,
2013/10/01,02,3,,,3,0,,
2013/10/01,03,4,,,3,0,,
2013/10/01,04,4,,,3,0,,
2013/10/01,05,4,,,3,0,,
2013/10/01,06,4,,,3,0,,
2013/10/01,07,4,,,3,0,,
2013/10/01,08,4,,,3,0,,
2013/10/01,09,4,,,3,0,,
2013/10/01,10,16,,,8,8,,
2013/10/01,11,73,,,12,59,,
2013/10/01,12,75,,,14,59,,
2013/10/01,13,75,,,14,59,,
2013/10/01,14,76,,,15,59,,
2013/10/01,15,75,,,15,59,,
2013/10/01,16,77,,,16,59,,
2013/10/01,17,76,,,16,59,,
2013/10/01,18,79,,,14,63,,
2013/10/01,19,84,,,12,70,,
2013/10/01,20,84,,,12,71,,
2013/10/01,21,31,,,7,22,,
2013/10/01,22,4,,,4,0,,
2013/10/01,23,5,,,4,0,,
2013/10/01,24,5,,,4,0,,
2013/10/02,01,4,,,4,0,,
2013/10/02,02,5,,,4,0,,
2013/10/02,03,4,,,4,0,,
2013/10/02,04,5,,,4,0,,
2013/10/02,05,4,,,4,0,,
2013/10/02,06,5,,,4,0,,
2013/10/02,07,4,,,4,0,,
2013/10/02,08,5,,,4,0,,
2013/10/02,09,4,,,4,0,,
2013/10/02,10,20,,,7,12,,
2013/10/02,11,72,,,13,56,,
2013/10/02,12,75,,,15,59,,
2013/10/02,13,76,,,16,58,,
2013/10/02,14,75,,,15,58,,
2013/10/02,15,75,,,15,59,,
2013/10/02,16,75,,,15,58,,
2013/10/02,17,76,,,15,59,,
2013/10/02,18,78,,,13,63,,
2013/10/02,19,84,,,12,70,,
2013/10/02,20,84,,,12,70,,
2013/10/02,21,39,,,8,30,,
2013/10/02,22,4,,,4,0,,
2013/10/02,23,4,,,3,0,,
2013/10/02,24,3,,,3,0,,
2013/10/03,01,3,,,3,0,,
2013/10/03,02,4,,,3,0,,
2013/10/03,03,3,,,3,0,,
2013/10/03,04,3,,,3,0,,
2013/10/03,05,4,,,3,0,,
2013/10/03,06,3,,,3,0,,
2013/10/03,07,3,,,3,0,,
2013/10/03,08,4,,,3,0,,
2013/10/03,09,3,,,3,0,,
2013/10/03,10,16,,,6,9,,
2013/10/03,11,69,,,10,58,,
2013/10/03,12,70,,,10,58,,
2013/10/03,13,71,,,11,59,,
2013/10/03,14,71,,,11,58,,
2013/10/03,15,71,,,11,58,,
2013/10/03,16,70,,,10,59,,
2013/10/03,17,71,,,10,59,,
2013/10/03,18,75,,,10,64,,
2013/10/03,19,81,,,8,70,,
2013/10/03,20,81,,,9,70,,
2013/10/03,21,28,,,8,19,,
2013/10/03,22,4,,,4,0,,
2013/10/03,23,4,,,3,0,,
2013/10/03,24,3,,,3,0,,
2013/10/04,01,3,,,3,0,,
2013/10/04,02,4,,,3,0,,
2013/10/04,03,3,,,3,0,,
2013/10/04,04,4,,,3,0,,
2013/10/04,05,3,,,3,0,,
2013/10/04,06,3,,,3,0,,
2013/10/04,07,3,,,3,0,,
2013/10/04,08,4,,,3,0,,
2013/10/04,09,3,,,3,0,,
2013/10/04,10,16,,,6,10,,
2013/10/04,11,68,,,8,58,,
2013/10/04,12,70,,,10,58,,
2013/10/04,13,70,,,10,58,,
2013/10/04,14,73,,,12,59,,
2013/10/04,15,73,,,12,59,,
2013/10/04,16,72,,,12,59,,
2013/10/04,17,71,,,11,58,,
2013/10/04,18,76,,,11,63,,
2013/10/04,19,81,,,9,70,,
2013/10/04,20,83,,,11,70,,
2013/10/04,21,44,,,8,35,,
2013/10/04,22,4,,,3,0,,
2013/10/04,23,3,,,3,0,,
2013/10/04,24,4,,,3,0,,
2013/10/05,01,3,,,3,0,,
2013/10/05,02,3,,,3,0,,
2013/10/05,03,3,,,3,0,,
2013/10/05,04,4,,,3,0,,
2013/10/05,05,3,,,3,0,,
2013/10/05,06,3,,,3,0,,
2013/10/05,07,3,,,3,0,,
2013/10/05,08,4,,,3,0,,
2013/10/05,09,3,,,3,0,,
2013/10/05,10,27,,,6,20,,
2013/10/05,11,68,,,8,58,,
2013/10/05,12,68,,,9,58,,
2013/10/05,13,70,,,10,58,,
2013/10/05,14,73,,,12,59,,
2013/10/05,15,72,,,12,59,,
2013/10/05,16,73,,,11,59,,
2013/10/05,17,73,,,12,60,,
2013/10/05,18,79,,,11,66,,
2013/10/05,19,82,,,10,70,,
2013/10/05,20,82,,,10,70,,
2013/10/05,21,18,,,6,11,,
2013/10/05,22,4,,,4,0,,
2013/10/05,23,4,,,3,0,,
2013/10/05,24,4,,,3,0,,
2013/10/06,01,3,,,3,0,,
2013/10/06,02,4,,,3,0,,
2013/10/06,03,4,,,3,0,,
2013/10/06,04,4,,,3,0,,
2013/10/06,05,4,,,3,0,,
2013/10/06,06,4,,,3,0,,
2013/10/06,07,3,,,3,0,,
2013/10/06,08,4,,,3,0,,
2013/10/06,09,4,,,3,0,,
2013/10/06,10,14,,,7,6,,
2013/10/06,11,71,,,11,59,,
2013/10/06,12,74,,,14,58,,
2013/10/06,13,75,,,15,59,,
2013/10/06,14,76,,,15,59,,
2013/10/06,15,76,,,14,61,,
2013/10/06,16,76,,,14,60,,
2013/10/06,17,76,,,14,60,,
2013/10/06,18,84,,,14,68,,
2013/10/06,19,87,,,13,72,,
2013/10/06,20,86,,,11,72,,
2013/10/06,21,32,,,6,25,,
2013/10/06,22,3,,,3,0,,
2013/10/06,23,4,,,3,0,,
2013/10/06,24,3,,,3,0,,
2013/10/07,01,4,,,3,0,,
2013/10/07,02,3,,,3,0,,
2013/10/07,03,4,,,3,0,,
2013/10/07,04,3,,,3,0,,
2013/10/07,05,4,,,3,0,,
2013/10/07,06,4,,,3,0,,
2013/10/07,07,3,,,3,0,,
2013/10/07,08,4,,,3,0,,
2013/10/07,09,3,,,3,0,,
2013/10/07,10,20,,,6,13,,
2013/10/07,11,76,,,13,61,,
2013/10/07,12,78,,,14,61,,
2013/10/07,13,78,,,15,61,,
2013/10/07,14,78,,,15,61,,
2013/10/07,15,78,,,15,61,,
2013/10/07,16,77,,,14,61,,
2013/10/07,17,79,,,14,62,,
2013/10/07,18,85,,,14,69,,
2013/10/07,19,89,,,14,73,,
2013/10/07,20,88,,,13,73,,
2013/10/07,21,73,,,8,64,,
2013/10/07,22,71,,,7,61,,
2013/10/07,23,21,,,4,17,,
2013/10/07,24,4,,,3,0,,
2013/10/08,01,3,,,3,0,,
2013/10/08,02,3,,,3,0,,
2013/10/08,03,4,,,3,0,,
2013/10/08,04,3,,,3,0,,
2013/10/08,05,4,,,3,0,,
2013/10/08,06,3,,,3,0,,
2013/10/08,07,3,,,3,0,,
2013/10/08,08,4,,,3,0,,
2013/10/08,09,3,,,3,0,,
2013/10/08,10,18,,,7,11,,
2013/10/08,11,73,,,12,59,,
2013/10/08,12,75,,,14,60,,
2013/10/08,13,74,,,13,59,,
2013/10/08,14,76,,,15,59,,
2013/10/08,15,74,,,13,59,,
2013/10/08,16,74,,,13,59,,
2013/10/08,17,75,,,14,59,,
2013/10/08,18,81,,,13,67,,
2013/10/08,19,86,,,12,71,,
2013/10/08,20,84,,,11,71,,
2013/10/08,21,70,,,9,60,,
2013/10/08,22,70,,,9,60,,
2013/10/08,23,70,,,9,59,,
2013/10/08,24,70,,,9,60,,
2013/10/09,01,39,,,6,32,,
2013/10/09,02,4,,,3,0,,
2013/10/09,03,3,,,3,0,,
2013/10/09,04,4,,,3,0,,
2013/10/09,05,3,,,3,0,,
2013/10/09,06,4,,,3,0,,
2013/10/09,07,3,,,3,0,,
2013/10/09,08,4,,,3,0,,
2013/10/09,09,3,,,3,0,,
2013/10/09,10,16,,,3,12,,
2013/10/09,11,69,,,6,61,,
2013/10/09,12,72,,,9,61,,
2013/10/09,13,75,,,12,61,,
2013/10/09,14,75,,,13,61,,
2013/10/09,15,75,,,12,61,,
2013/10/09,16,76,,,13,61,,
2013/10/09,17,75,,,12,61,,
2013/10/09,18,83,,,13,69,,
2013/10/09,19,87,,,12,73,,
2013/10/09,20,87,,,12,73,,
2013/10/09,21,37,,,9,27,,
2013/10/09,22,12,,,5,7,,
2013/10/09,23,5,,,4,0,,
2013/10/09,24,5,,,4,0,,
2013/10/10,01,4,,,4,0,,
2013/10/10,02,5,,,4,0,,
2013/10/10,03,5,,,4,0,,
2013/10/10,04,4,,,4,0,,
2013/10/10,05,5,,,4,0,,
2013/10/10,06,5,,,4,0,,
2013/10/10,07,4,,,4,0,,
2013/10/10,08,5,,,4,0,,
2013/10/10,09,4,,,4,0,,
2013/10/10,10,31,,,8,22,,
2013/10/10,11,76,,,13,61,,
2013/10/10,12,77,,,15,61,,
2013/10/10,13,78,,,15,61,,
2013/10/10,14,78,,,15,61,,
2013/10/10,15,80,,,16,62,,
2013/10/10,16,78,,,16,61,,
2013/10/10,17,79,,,16,61,,
2013/10/10,18,82,,,13,67,,
2013/10/10,19,87,,,12,72,,
2013/10/10,20,87,,,13,72,,
2013/10/10,21,21,,,7,14,,
2013/10/10,22,5,,,4,0,,
2013/10/10,23,4,,,4,0,,
2013/10/10,24,4,,,3,0,,
2013/10/11,01,3,,,3,0,,
2013/10/11,02,4,,,3,0,,
2013/10/11,03,3,,,3,0,,
2013/10/11,04,4,,,3,0,,
2013/10/11,05,3,,,3,0,,
2013/10/11,06,3,,,3,0,,
2013/10/11,07,4,,,3,0,,
2013/10/11,08,3,,,3,0,,
2013/10/11,09,4,,,3,0,,
2013/10/11,10,16,,,7,9,,
2013/10/11,11,74,,,11,61,,
2013/10/11,12,76,,,13,61,,
2013/10/11,13,77,,,14,61,,
2013/10/11,14,77,,,15,61,,
2013/10/11,15,79,,,15,61,,
2013/10/11,16,77,,,15,61,,
2013/10/11,17,75,,,13,61,,
2013/10/11,18,84,,,12,69,,
2013/10/11,19,87,,,12,73,,
2013/10/11,20,86,,,11,73,,
2013/10/11,21,39,,,9,28,,
2013/10/11,22,5,,,3,1,,
2013/10/11,23,3,,,3,0,,
2013/10/11,24,4,,,3,0,,
2013/10/12,01,3,,,3,0,,
2013/10/12,02,3,,,3,0,,
2013/10/12,03,4,,,3,0,,
2013/10/12,04,3,,,3,0,,
2013/10/12,05,4,,,3,0,,
2013/10/12,06,3,,,3,0,,
2013/10/12,07,4,,,3,0,,
2013/10/12,08,3,,,3,0,,
2013/10/12,09,4,,,3,0,,
2013/10/12,10,13,,,7,6,,
2013/10/12,11,73,,,10,61,,
2013/10/12,12,74,,,11,62,,
2013/10/12,13,78,,,15,61,,
2013/10/12,14,76,,,12,61,,
2013/10/12,15,75,,,11,62,,
2013/10/12,16,74,,,11,62,,
2013/10/12,17,73,,,10,61,,
2013/10/12,18,79,,,9,69,,
2013/10/12,19,82,,,9,71,,
2013/10/12,20,84,,,10,72,,
2013/10/12,21,39,,,8,30,,
2013/10/12,22,6,,,4,1,,
2013/10/12,23,4,,,4,0,,
2013/10/12,24,4,,,4,0,,
2013/10/13,01,4,,,4,0,,
2013/10/13,02,4,,,4,0,,
2013/10/13,03,5,,,4,0,,
2013/10/13,04,4,,,3,0,,
2013/10/13,05,4,,,4,0,,
2013/10/13,06,4,,,4,0,,
2013/10/13,07,4,,,4,0,,
2013/10/13,08,5,,,4,0,,
2013/10/13,09,5,,,5,0,,
2013/10/13,10,34,,,5,28,,
2013/10/13,11,73,,,10,61,,
2013/10/13,12,75,,,11,62,,
2013/10/13,13,76,,,12,62,,
2013/10/13,14,74,,,11,62,,
2013/10/13,15,77,,,12,62,,
2013/10/13,16,75,,,12,62,,
2013/10/13,17,75,,,11,61,,
2013/10/13,18,79,,,10,68,,
2013/10/13,19,84,,,9,73,,
2013/10/13,20,83,,,9,73,,
2013/10/13,21,46,,,8,36,,
2013/10/13,22,4,,,4,0,,
2013/10/13,23,4,,,3,0,,
2013/10/13,24,3,,,3,0,,
2013/10/14,01,3,,,3,0,,
2013/10/14,02,4,,,3,0,,
2013/10/14,03,3,,,3,0,,
2013/10/14,04,3,,,3,0,,
2013/10/14,05,3,,,3,0,,
2013/10/14,06,3,,,3,0,,
2013/10/14,07,4,,,3,0,,
2013/10/14,08,3,,,3,0,,
2013/10/14,09,3,,,3,0,,
2013/10/14,10,14,,,6,7,,
2013/10/14,11,69,,,7,60,,
2013/10/14,12,71,,,9,60,,
2013/10/14,13,75,,,11,62,,
2013/10/14,14,75,,,12,61,,
2013/10/14,15,75,,,12,61,,
2013/10/14,16,74,,,12,61,,
2013/10/14,17,74,,,11,62,,
2013/10/14,18,81,,,10,69,,
2013/10/14,19,85,,,10,73,,
2013/10/14,20,84,,,9,73,,
2013/10/14,21,65,,,8,55,,
2013/10/14,22,4,,,4,0,,
2013/10/14,23,4,,,4,0,,
2013/10/14,24,4,,,3,0,,
2013/10/15,01,4,,,4,0,,
2013/10/15,02,4,,,4,0,,
2013/10/15,03,4,,,3,0,,
2013/10/15,04,4,,,3,0,,
2013/10/15,05,4,,,4,0,,
2013/10/15,06,4,,,3,0,,
2013/10/15,07,5,,,4,0,,
2013/10/15,08,4,,,3,0,,
2013/10/15,09,4,,,4,0,,
2013/10/15,10,14,,,4,10,,
2013/10/15,11,66,,,5,59,,
2013/10/15,12,66,,,6,60,,
2013/10/15,13,67,,,6,59,,
2013/10/15,14,66,,,6,59,,
2013/10/15,15,66,,,6,59,,
2013/10/15,16,67,,,6,59,,
2013/10/15,17,66,,,6,58,,
2013/10/15,18,77,,,6,70,,
2013/10/15,19,78,,,6,71,,
2013/10/15,20,79,,,6,71,,
2013/10/15,21,32,,,6,25,,
2013/10/15,22,3,,,3,0,,
2013/10/15,23,3,,,3,0,,
2013/10/15,24,3,,,3,0,,
2013/10/16,01,4,,,3,0,,
2013/10/16,02,3,,,3,0,,
2013/10/16,03,3,,,3,0,,
2013/10/16,04,4,,,3,0,,
2013/10/16,05,3,,,3,0,,
2013/10/16,06,3,,,3,0,,
2013/10/16,07,3,,,3,0,,
2013/10/16,08,3,,,3,0,,
2013/10/16,09,3,,,3,0,,
2013/10/16,10,13,,,4,8,,
2013/10/16,11,68,,,6,61,,
2013/10/16,12,70,,,6,62,,
2013/10/16,13,68,,,7,60,,
2013/10/16,14,69,,,7,61,,
2013/10/16,15,69,,,7,61,,
2013/10/16,16,72,,,9,61,,
2013/10/16,17,71,,,9,61,,
2013/10/16,18,83,,,9,72,,
2013/10/16,19,83,,,9,72,,
2013/10/16,20,82,,,8,71,,
2013/10/16,21,36,,,8,28,,
2013/10/16,22,30,,,5,24,,
2013/10/16,23,30,,,6,24,,
2013/10/16,24,20,,,5,14,,
2013/10/17,01,4,,,4,0,,
2013/10/17,02,4,,,4,0,,
2013/10/17,03,5,,,4,0,,
2013/10/17,04,4,,,4,0,,
2013/10/17,05,4,,,4,0,,
2013/10/17,06,4,,,4,0,,
2013/10/17,07,4,,,4,0,,
2013/10/17,08,4,,,4,0,,
2013/10/17,09,4,,,4,0,,
2013/10/17,10,10,,,7,3,,
2013/10/17,11,71,,,8,61,,
2013/10/17,12,72,,,8,62,,
2013/10/17,13,72,,,10,61,,
2013/10/17,14,73,,,11,61,,
2013/10/17,15,73,,,10,61,,
2013/10/17,16,72,,,9,61,,
2013/10/17,17,72,,,9,61,,
2013/10/17,18,82,,,8,72,,
2013/10/17,19,83,,,8,73,,
2013/10/17,20,82,,,8,72,,
2013/10/17,21,37,,,7,29,,
2013/10/17,22,7,,,3,3,,
2013/10/17,23,3,,,3,0,,
2013/10/17,24,4,,,3,0,,
2013/10/18,01,3,,,3,0,,
2013/10/18,02,4,,,3,0,,
2013/10/18,03,3,,,3,0,,
2013/10/18,04,3,,,3,0,,
2013/10/18,05,4,,,3,0,,
2013/10/18,06,3,,,3,0,,
2013/10/18,07,4,,,3,0,,
2013/10/18,08,3,,,3,0,,
2013/10/18,09,3,,,3,0,,
2013/10/18,10,23,,,6,15,,
2013/10/18,11,70,,,8,61,,
2013/10/18,12,71,,,8,61,,
2013/10/18,13,72,,,9,61,,
2013/10/18,14,71,,,9,61,,
2013/10/18,15,71,,,8,61,,
2013/10/18,16,72,,,9,61,,
2013/10/18,17,71,,,9,61,,
2013/10/18,18,85,,,10,73,,
2013/10/18,19,85,,,10,72,,
2013/10/18,20,84,,,10,72,,
2013/10/18,21,69,,,5,63,,
2013/10/18,22,16,,,3,11,,
2013/10/18,23,3,,,3,0,,
2013/10/18,24,4,,,3,0,,
2013/10/19,01,3,,,3,0,,
2013/10/19,02,4,,,3,0,,
2013/10/19,03,3,,,3,0,,
2013/10/19,04,3,,,3,0,,
2013/10/19,05,4,,,3,0,,
2013/10/19,06,3,,,3,0,,
2013/10/19,07,4,,,3,0,,
2013/10/19,08,3,,,3,0,,
2013/10/19,09,4,,,3,0,,
2013/10/19,10,18,,,6,12,,
2013/10/19,11,70,,,8,61,,
2013/10/19,12,72,,,9,61,,
2013/10/19,13,72,,,9,61,,
2013/10/19,14,72,,,10,61,,
2013/10/19,15,73,,,10,61,,
2013/10/19,16,72,,,9,61,,
2013/10/19,17,72,,,9,61,,
2013/10/19,18,83,,,9,73,,
2013/10/19,19,83,,,8,73,,
2013/10/19,20,83,,,8,73,,
2013/10/19,21,49,,,8,40,,
2013/10/19,22,14,,,5,9,,
2013/10/19,23,4,,,3,0,,
2013/10/19,24,3,,,3,0,,
2013/10/20,01,4,,,3,0,,
2013/10/20,02,4,,,3,0,,
2013/10/20,03,3,,,3,0,,
2013/10/20,04,4,,,3,0,,
2013/10/20,05,3,,,3,0,,
2013/10/20,06,4,,,3,0,,
2013/10/20,07,3,,,3,0,,
2013/10/20,08,4,,,3,0,,
2013/10/20,09,4,,,3,1,,
2013/10/20,10,23,,,5,17,,
2013/10/20,11,68,,,6,61,,
2013/10/20,12,69,,,7,61,,
2013/10/20,13,70,,,7,61,,
2013/10/20,14,70,,,7,62,,
2013/10/20,15,70,,,7,61,,
2013/10/20,16,72,,,9,61,,
2013/10/20,17,72,,,8,62,,
2013/10/20,18,82,,,9,72,,
2013/10/20,19,82,,,8,72,,
2013/10/20,20,83,,,9,72,,
2013/10/20,21,74,,,8,63,,
2013/10/20,22,71,,,8,62,,
2013/10/20,23,16,,,5,10,,
2013/10/20,24,4,,,4,0,,
2013/10/21,01,5,,,4,0,,
2013/10/21,02,4,,,4,0,,
2013/10/21,03,4,,,4,0,,
2013/10/21,04,5,,,4,0,,
2013/10/21,05,4,,,4,0,,
2013/10/21,06,4,,,4,0,,
2013/10/21,07,5,,,4,0,,
2013/10/21,08,4,,,4,0,,
2013/10/21,09,4,,,4,0,,
2013/10/21,10,16,,,4,11,,
2013/10/21,11,68,,,6,61,,
2013/10/21,12,73,,,9,61,,
2013/10/21,13,74,,,11,61,,
2013/10/21,14,75,,,12,61,,
2013/10/21,15,74,,,12,61,,
2013/10/21,16,73,,,11,61,,
2013/10/21,17,72,,,9,61,,
2013/10/21,18,84,,,9,73,,
2013/10/21,19,83,,,8,73,,
2013/10/21,20,84,,,9,73,,
2013/10/21,21,73,,,8,64,,
2013/10/21,22,71,,,7,61,,
2013/10/21,23,65,,,7,57,,
2013/10/21,24,4,,,4,0,,
2013/10/22,01,4,,,3,0,,
2013/10/22,02,4,,,4,0,,
2013/10/22,03,4,,,3,0,,
2013/10/22,04,4,,,3,0,,
2013/10/22,05,4,,,3,0,,
2013/10/22,06,4,,,3,0,,
2013/10/22,07,3,,,3,0,,
2013/10/22,08,4,,,3,0,,
2013/10/22,09,4,,,3,0,,
2013/10/22,10,24,,,7,17,,
2013/10/22,11,72,,,9,61,,
2013/10/22,12,73,,,10,61,,
2013/10/22,13,75,,,12,61,,
2013/10/22,14,75,,,13,61,,
2013/10/22,15,76,,,13,61,,
2013/10/22,16,74,,,12,60,,
2013/10/22,17,76,,,13,61,,
2013/10/22,18,85,,,10,73,,
2013/10/22,19,84,,,10,72,,
2013/10/22,20,86,,,10,73,,
2013/10/22,21,48,,,6,41,,
2013/10/22,22,3,,,3,0,,
2013/10/22,23,4,,,3,0,,
2013/10/22,24,3,,,3,0,,
2013/10/23,01,3,,,3,0,,
2013/10/23,02,4,,,3,0,,
2013/10/23,03,3,,,3,0,,
2013/10/23,04,4,,,3,0,,
2013/10/23,05,3,,,3,0,,
2013/10/23,06,3,,,3,0,,
2013/10/23,07,4,,,3,0,,
2013/10/23,08,3,,,3,0,,
2013/10/23,09,3,,,3,0,,
2013/10/23,10,20,,,6,13,,
2013/10/23,11,71,,,9,60,,
2013/10/23,12,71,,,10,60,,
2013/10/23,13,73,,,10,62,,
2013/10/23,14,73,,,10,61,,
2013/10/23,15,72,,,10,61,,
2013/10/23,16,72,,,10,61,,
2013/10/23,17,72,,,10,60,,
2013/10/23,18,84,,,10,72,,
2013/10/23,19,84,,,10,72,,
2013/10/23,20,85,,,10,73,,
2013/10/23,21,54,,,9,43,,
2013/10/23,22,5,,,4,0,,
2013/10/23,23,4,,,3,0,,
2013/10/23,24,4,,,4,0,,
2013/10/24,01,4,,,3,0,,
2013/10/24,02,4,,,4,0,,
2013/10/24,03,4,,,3,0,,
2013/10/24,04,4,,,4,0,,
2013/10/24,05,4,,,3,0,,
2013/10/24,06,4,,,3,0,,
2013/10/24,07,3,,,3,0,,
2013/10/24,08,4,,,3,0,,
2013/10/24,09,4,,,3,0,,
2013/10/24,10,17,,,7,10,,
2013/10/24,11,73,,,10,61,,
2013/10/24,12,74,,,10,62,,
2013/10/24,13,73,,,10,62,,
2013/10/24,14,72,,,10,61,,
2013/10/24,15,74,,,10,62,,
2013/10/24,16,73,,,11,60,,
2013/10/24,17,75,,,11,62,,
2013/10/24,18,85,,,10,73,,
2013/10/24,19,85,,,10,73,,
2013/10/24,20,84,,,10,72,,
2013/10/24,21,37,,,9,26,,
2013/10/24,22,15,,,4,10,,
2013/10/24,23,13,,,4,8,,
2013/10/24,24,3,,,3,0,,
2013/10/25,01,4,,,3,0,,
2013/10/25,02,4,,,3,0,,
2013/10/25,03,4,,,3,0,,
2013/10/25,04,4,,,3,0,,
2013/10/25,05,3,,,3,0,,
2013/10/25,06,4,,,3,0,,
2013/10/25,07,4,,,3,0,,
2013/10/25,08,4,,,3,0,,
2013/10/25,09,3,,,3,0,,
2013/10/25,10,11,,,4,6,,
2013/10/25,11,67,,,5,60,,
2013/10/25,12,68,,,6,61,,
2013/10/25,13,69,,,6,60,,
2013/10/25,14,68,,,7,61,,
2013/10/25,15,69,,,7,60,,
2013/10/25,16,69,,,7,61,,
2013/10/25,17,73,,,7,64,,
2013/10/25,18,80,,,6,73,,
2013/10/25,19,81,,,6,72,,
2013/10/25,20,81,,,7,72,,
2013/10/25,21,52,,,6,46,,
2013/10/25,22,43,,,5,37,,
2013/10/25,23,4,,,3,0,,
2013/10/25,24,4,,,3,0,,
2013/10/26,01,3,,,3,0,,
2013/10/26,02,4,,,3,0,,
2013/10/26,03,4,,,3,0,,
2013/10/26,04,3,,,3,0,,
2013/10/26,05,4,,,3,0,,
2013/10/26,06,4,,,3,0,,
2013/10/26,07,4,,,3,0,,
2013/10/26,08,4,,,4,0,,
2013/10/26,09,5,,,4,0,,
2013/10/26,10,13,,,5,8,,
2013/10/26,11,67,,,6,59,,
2013/10/26,12,68,,,6,60,,
2013/10/26,13,68,,,7,60,,
2013/10/26,14,68,,,6,60,,
2013/10/26,15,68,,,7,60,,
2013/10/26,16,68,,,7,60,,
2013/10/26,17,71,,,7,63,,
2013/10/26,18,79,,,6,71,,
2013/10/26,19,81,,,7,72,,
2013/10/26,20,80,,,6,72,,
2013/10/26,21,46,,,5,39,,
2013/10/26,22,3,,,3,0,,
2013/10/26,23,4,,,3,0,,
2013/10/26,24,4,,,3,0,,
2013/10/27,01,3,,,3,0,,
2013/10/27,02,4,,,3,0,,
2013/10/27,03,4,,,3,0,,
2013/10/27,04,3,,,3,0,,
2013/10/27,05,4,,,3,0,,
2013/10/27,06,4,,,3,0,,
2013/10/27,07,3,,,3,0,,
2013/10/27,08,4,,,3,0,,
2013/10/27,09,4,,,3,0,,
2013/10/27,10,16,,,4,12,,
2013/10/27,11,68,,,5,61,,
2013/10/27,12,67,,,5,61,,
2013/10/27,13,68,,,6,60,,
2013/10/27,14,69,,,5,62,,
2013/10/27,15,68,,,6,61,,
2013/10/27,16,69,,,7,61,,
2013/10/27,17,71,,,6,63,,
2013/10/27,18,79,,,5,72,,
2013/10/27,19,80,,,6,72,,
2013/10/27,20,80,,,6,72,,
2013/10/27,21,23,,,5,17,,
2013/10/27,22,4,,,3,0,,
2013/10/27,23,3,,,3,0,,
2013/10/27,24,4,,,3,0,,
2013/10/28,01,4,,,3,0,,
2013/10/28,02,3,,,3,0,,
2013/10/28,03,4,,,3,0,,
2013/10/28,04,3,,,3,0,,
2013/10/28,05,4,,,3,0,,
2013/10/28,06,3,,,3,0,,
2013/10/28,07,4,,,3,0,,
2013/10/28,08,3,,,3,0,,
2013/10/28,09,4,,,3,0,,
2013/10/28,10,4,,,4,0,,
2013/10/28,11,67,,,5,60,,
2013/10/28,12,67,,,5,61,,
2013/10/28,13,69,,,6,61,,
2013/10/28,14,68,,,5,61,,
2013/10/28,15,68,,,6,61,,
2013/10/28,16,72,,,10,61,,
2013/10/28,17,76,,,11,63,,
2013/10/28,18,87,,,11,73,,
2013/10/28,19,85,,,11,72,,
2013/10/28,20,86,,,11,72,,
2013/10/28,21,25,,,7,17,,
2013/10/28,22,5,,,4,0,,
2013/10/28,23,3,,,3,0,,
2013/10/28,24,4,,,3,0,,
2013/10/29,01,3,,,3,0,,
2013/10/29,02,4,,,3,0,,
2013/10/29,03,4,,,3,0,,
2013/10/29,04,3,,,3,0,,
2013/10/29,05,4,,,3,0,,
2013/10/29,06,3,,,3,0,,
2013/10/29,07,4,,,3,0,,
2013/10/29,08,3,,,3,0,,
2013/10/29,09,4,,,3,0,,
2013/10/29,10,26,,,7,19,,
2013/10/29,11,65,,,9,54,,
2013/10/29,12,65,,,9,55,,
2013/10/29,13,66,,,10,54,,
2013/10/29,14,66,,,10,54,,
2013/10/29,15,67,,,10,55,,
2013/10/29,16,66,,,10,55,,
2013/10/29,17,69,,,10,58,,
2013/10/29,18,78,,,10,66,,
2013/10/29,19,78,,,9,67,,
2013/10/29,20,76,,,9,66,,
2013/10/29,21,34,,,7,26,,
2013/10/29,22,25,,,5,19,,
2013/10/29,23,15,,,4,10,,
2013/10/29,24,4,,,3,0,,
2013/10/30,01,4,,,3,0,,
2013/10/30,02,3,,,3,0,,
2013/10/30,03,4,,,3,0,,
2013/10/30,04,4,,,3,0,,
2013/10/30,05,4,,,3,0,,
2013/10/30,06,3,,,3,0,,
2013/10/30,07,4,,,3,0,,
2013/10/30,08,4,,,3,0,,
2013/10/30,09,3,,,3,0,,
2013/10/30,10,8,,,6,1,,
2013/10/30,11,69,,,8,60,,
2013/10/30,12,71,,,8,62,,
2013/10/30,13,71,,,9,60,,
2013/10/30,14,71,,,8,61,,
2013/10/30,15,71,,,9,60,,
2013/10/30,16,72,,,9,61,,
2013/10/30,17,74,,,9,63,,
2013/10/30,18,84,,,9,73,,
2013/10/30,19,84,,,10,72,,
2013/10/30,20,83,,,10,72,,
2013/10/30,21,73,,,9,62,,
2013/10/30,22,32,,,7,24,,
2013/10/30,23,30,,,8,21,,
2013/10/30,24,27,,,7,19,,
2013/10/31,01,4,,,4,0,,
2013/10/31,02,4,,,3,0,,
2013/10/31,03,4,,,3,0,,
2013/10/31,04,4,,,3,0,,
2013/10/31,05,4,,,3,0,,
2013/10/31,06,3,,,3,0,,
2013/10/31,07,4,,,3,0,,
2013/10/31,08,4,,,3,0,,
2013/10/31,09,4,,,3,0,,
2013/10/31,10,6,,,4,2,,
2013/10/31,11,67,,,5,61,,
2013/10/31,12,71,,,8,61,,
2013/10/31,13,71,,,9,61,,
2013/10/31,14,73,,,10,61,,
2013/10/31,15,73,,,10,61,,
2013/10/31,16,72,,,9,61,,
2013/10/31,17,76,,,10,64,,
2013/10/31,18,84,,,9,73,,
2013/10/31,19,83,,,10,72,,
2013/10/31,20,84,,,9,73,,
2013/10/31,21,34,,,8,25,,
2013/10/31,22,19,,,5,13,,
2013/10/31,23,12,,,4,7,,
2013/10/31,24,4,,,3,0,,
2013/11/01,01,4,,,3,0,,
2013/11/01,02,4,,,3,0,,
2013/11/01,03,4,,,3,0,,
2013/11/01,04,4,,,3,0,,
2013/11/01,05,4,,,3,0,,
2013/11/01,06,4,,,3,0,,
2013/11/01,07,4,,,3,0,,
2013/11/01,08,3,,,3,0,,
2013/11/01,09,4,,,3,0,,
2013/11/01,10,11,,,4,6,,
2013/11/01,11,68,,,6,61,,
2013/11/01,12,69,,,7,60,,
2013/11/01,13,71,,,9,61,,
2013/11/01,14,72,,,9,61,,
2013/11/01,15,72,,,10,61,,
2013/11/01,16,72,,,10,60,,
2013/11/01,17,78,,,12,64,,
2013/11/01,18,83,,,10,71,,
2013/11/01,19,83,,,9,73,,
2013/11/01,20,84,,,9,73,,
2013/11/01,21,32,,,8,23,,
2013/11/01,22,5,,,4,0,,
2013/11/01,23,5,,,4,0,,
2013/11/01,24,4,,,4,0,,
2013/11/02,01,5,,,4,0,,
2013/11/02,02,5,,,4,0,,
2013/11/02,03,5,,,4,0,,
2013/11/02,04,5,,,4,0,,
2013/11/02,05,5,,,4,0,,
2013/11/02,06,5,,,4,0,,
2013/11/02,07,5,,,4,0,,
2013/11/02,08,5,,,4,0,,
2013/11/02,09,5,,,4,0,,
2013/11/02,10,17,,,5,12,,
2013/11/02,11,69,,,7,61,,
2013/11/02,12,69,,,6,61,,
2013/11/02,13,69,,,6,61,,
2013/11/02,14,70,,,7,62,,
2013/11/02,15,69,,,7,61,,
2013/11/02,16,70,,,7,61,,
2013/11/02,17,73,,,7,64,,
2013/11/02,18,82,,,7,72,,
2013/11/02,19,81,,,7,72,,
2013/11/02,20,82,,,7,73,,
2013/11/02,21,40,,,7,31,,
2013/11/02,22,5,,,5,0,,
2013/11/02,23,5,,,5,0,,
2013/11/02,24,5,,,4,0,,
2013/11/03,01,5,,,5,0,,
2013/11/03,02,5,,,4,0,,
2013/11/03,03,5,,,4,0,,
2013/11/03,04,5,,,5,0,,
2013/11/03,05,5,,,4,0,,
2013/11/03,06,5,,,4,0,,
2013/11/03,07,5,,,4,0,,
2013/11/03,08,5,,,4,0,,
2013/11/03,09,5,,,5,0,,
2013/11/03,10,18,,,5,12,,
2013/11/03,11,68,,,5,61,,
2013/11/03,12,67,,,6,60,,
2013/11/03,13,68,,,6,61,,
2013/11/03,14,70,,,7,61,,
2013/11/03,15,68,,,6,60,,
2013/11/03,16,69,,,7,61,,
2013/11/03,17,72,,,7,64,,
2013/11/03,18,81,,,6,72,,
2013/11/03,19,80,,,7,71,,
2013/11/03,20,80,,,7,72,,
2013/11/03,21,40,,,6,33,,
2013/11/03,22,4,,,4,0,,
2013/11/03,23,4,,,4,0,,
2013/11/03,24,5,,,4,0,,
2013/11/04,01,4,,,4,0,,
2013/11/04,02,4,,,4,0,,
2013/11/04,03,4,,,4,0,,
2013/11/04,04,4,,,4,0,,
2013/11/04,05,4,,,4,0,,
2013/11/04,06,4,,,4,0,,
2013/11/04,07,5,,,4,0,,
2013/11/04,08,4,,,4,0,,
2013/11/04,09,4,,,4,0,,
2013/11/04,10,11,,,4,7,,
2013/11/04,11,68,,,6,60,,
2013/11/04,12,69,,,7,61,,
2013/11/04,13,71,,,8,61,,
2013/11/04,14,69,,,7,61,,
2013/11/04,15,70,,,7,61,,
2013/11/04,16,69,,,7,61,,
2013/11/04,17,73,,,7,64,,
2013/11/04,18,80,,,7,72,,
2013/11/04,19,81,,,7,73,,
2013/11/04,20,82,,,8,72,,
2013/11/04,21,64,,,6,56,,
2013/11/04,22,4,,,4,0,,
2013/11/04,23,5,,,4,0,,
2013/11/04,24,4,,,4,0,,
2013/11/05,01,4,,,4,0,,
2013/11/05,02,4,,,4,0,,
2013/11/05,03,5,,,4,0,,
2013/11/05,04,4,,,4,0,,
2013/11/05,05,4,,,4,0,,
2013/11/05,06,5,,,4,0,,
2013/11/05,07,4,,,4,0,,
2013/11/05,08,4,,,4,0,,
2013/11/05,09,4,,,4,0,,
2013/11/05,10,28,,,4,23,,
2013/11/05,11,68,,,5,61,,
2013/11/05,12,67,,,5,60,,
2013/11/05,13,68,,,6,60,,
2013/11/05,14,68,,,6,61,,
2013/11/05,15,69,,,7,61,,
2013/11/05,16,69,,,7,60,,
2013/11/05,17,73,,,7,63,,
2013/11/05,18,80,,,7,72,,
2013/11/05,19,82,,,7,73,,
2013/11/05,20,80,,,6,72,,
2013/11/05,21,58,,,6,50,,
2013/11/05,22,25,,,5,19,,
2013/11/05,23,16,,,4,11,,
2013/11/05,24,4,,,3,0,,
2013/11/06,01,3,,,3,0,,
2013/11/06,02,4,,,3,0,,
2013/11/06,03,4,,,3,0,,
2013/11/06,04,4,,,3,0,,
2013/11/06,05,4,,,3,0,,
2013/11/06,06,4,,,3,0,,
2013/11/06,07,4,,,3,0,,
2013/11/06,08,4,,,3,0,,
2013/11/06,09,3,,,3,0,,
2013/11/06,10,21,,,4,16,,
2013/11/06,11,67,,,5,60,,
2013/11/06,12,67,,,6,60,,
2013/11/06,13,68,,,6,60,,
2013/11/06,14,68,,,6,60,,
2013/11/06,15,68,,,7,60,,
2013/11/06,16,69,,,7,60,,
2013/11/06,17,72,,,7,64,,
2013/11/06,18,79,,,7,71,,
2013/11/06,19,81,,,7,72,,
2013/11/06,20,80,,,7,71,,
2013/11/06,21,57,,,7,48,,
2013/11/06,22,21,,,5,15,,
2013/11/06,23,4,,,4,0,,
2013/11/06,24,6,,,4,0,,
2013/11/07,01,4,,,4,0,,
2013/11/07,02,5,,,4,0,,
2013/11/07,03,6,,,4,0,,
2013/11/07,04,4,,,4,0,,
2013/11/07,05,5,,,4,0,,
2013/11/07,06,5,,,4,0,,
2013/11/07,07,5,,,4,0,,
2013/11/07,08,5,,,4,0,,
2013/11/07,09,5,,,4,0,,
2013/11/07,10,14,,,5,8,,
2013/11/07,11,67,,,6,60,,
2013/11/07,12,68,,,7,60,,
2013/11/07,13,68,,,6,60,,
2013/11/07,14,67,,,7,60,,
2013/11/07,15,67,,,6,59,,
2013/11/07,16,68,,,6,60,,
2013/11/07,17,73,,,7,63,,
2013/11/07,18,80,,,7,72,,
2013/11/07,19,81,,,7,73,,
2013/11/07,20,81,,,7,72,,
2013/11/07,21,64,,,7,56,,
2013/11/07,22,22,,,6,15,,
2013/11/07,23,16,,,5,10,,
2013/11/07,24,5,,,5,0,,
2013/11/08,01,5,,,5,0,,
2013/11/08,02,5,,,5,0,,
2013/11/08,03,5,,,4,0,,
2013/11/08,04,6,,,5,0,,
2013/11/08,05,5,,,4,0,,
2013/11/08,06,5,,,5,0,,
2013/11/08,07,5,,,4,0,,
2013/11/08,08,5,,,5,0,,
2013/11/08,09,5,,,4,0,,
2013/11/08,10,7,,,5,2,,
2013/11/08,11,68,,,6,60,,
2013/11/08,12,68,,,6,60,,
2013/11/08,13,70,,,7,61,,
2013/11/08,14,68,,,7,60,,
2013/11/08,15,69,,,7,60,,
2013/11/08,16,69,,,7,60,,
2013/11/08,17,72,,,7,63,,
2013/11/08,18,80,,,7,72,,
2013/11/08,19,80,,,7,71,,
2013/11/08,20,80,,,6,72,,
2013/11/08,21,36,,,6,29,,
2013/11/08,22,5,,,4,0,,
2013/11/08,23,4,,,4,0,,
2013/11/08,24,5,,,4,0,,
2013/11/09,01,4,,,4,0,,
2013/11/09,02,4,,,4,0,,
2013/11/09,03,5,,,4,0,,
2013/11/09,04,4,,,4,0,,
2013/11/09,05,4,,,4,0,,
2013/11/09,06,5,,,4,0,,
2013/11/09,07,4,,,4,0,,
2013/11/09,08,4,,,4,0,,
2013/11/09,09,5,,,4,0,,
2013/11/09,10,9,,,7,2,,
2013/11/09,11,71,,,8,61,,
2013/11/09,12,72,,,9,61,,
2013/11/09,13,71,,,9,60,,
2013/11/09,14,71,,,9,60,,
2013/11/09,15,71,,,9,61,,
2013/11/09,16,72,,,10,60,,
2013/11/09,17,75,,,10,63,,
2013/11/09,18,85,,,11,73,,
2013/11/09,19,85,,,10,73,,
2013/11/09,20,84,,,10,73,,
2013/11/09,21,34,,,10,23,,
2013/11/09,22,4,,,3,0,,
2013/11/09,23,4,,,3,0,,
2013/11/09,24,4,,,3,0,,
2013/11/10,01,4,,,3,0,,
2013/11/10,02,4,,,3,0,,
2013/11/10,03,3,,,3,0,,
2013/11/10,04,4,,,3,0,,
2013/11/10,05,4,,,3,0,,
2013/11/10,06,4,,,3,0,,
2013/11/10,07,4,,,3,0,,
2013/11/10,08,4,,,3,0,,
2013/11/10,09,4,,,3,0,,
2013/11/10,10,13,,,7,5,,
2013/11/10,11,70,,,9,59,,
2013/11/10,12,70,,,10,59,,
2013/11/10,13,71,,,10,59,,
2013/11/10,14,70,,,10,58,,
2013/11/10,15,73,,,10,61,,
2013/11/10,16,73,,,10,61,,
2013/11/10,17,75,,,10,63,,
2013/11/10,18,84,,,10,72,,
2013/11/10,19,85,,,10,73,,
2013/11/10,20,85,,,10,73,,
2013/11/10,21,53,,,9,43,,
2013/11/10,22,5,,,5,0,,
2013/11/10,23,5,,,5,0,,
2013/11/10,24,5,,,5,0,,
2013/11/11,01,5,,,5,0,,
2013/11/11,02,5,,,5,0,,
2013/11/11,03,6,,,4,0,,
2013/11/11,04,5,,,5,0,,
2013/11/11,05,5,,,4,0,,
2013/11/11,06,5,,,4,0,,
2013/11/11,07,4,,,4,0,,
2013/11/11,08,5,,,4,0,,
2013/11/11,09,5,,,4,0,,
2013/11/11,10,16,,,8,7,,
2013/11/11,11,71,,,10,60,,
2013/11/11,12,72,,,10,61,,
2013/11/11,13,72,,,10,60,,
2013/11/11,14,73,,,10,61,,
2013/11/11,15,73,,,10,61,,
2013/11/11,16,74,,,10,62,,
2013/11/11,17,75,,,10,63,,
2013/11/11,18,83,,,9,72,,
2013/11/11,19,85,,,10,73,,
2013/11/11,20,84,,,10,72,,
2013/11/11,21,74,,,10,62,,
2013/11/11,22,62,,,9,52,,
2013/11/11,23,5,,,4,0,,
2013/11/11,24,5,,,4,0,,
2013/11/12,01,4,,,4,0,,
2013/11/12,02,5,,,4,0,,
2013/11/12,03,5,,,4,0,,
2013/11/12,04,5,,,4,0,,
2013/11/12,05,5,,,4,0,,
2013/11/12,06,5,,,4,0,,
2013/11/12,07,5,,,4,0,,
2013/11/12,08,5,,,4,0,,
2013/11/12,09,5,,,4,0,,
2013/11/12,10,33,,,8,24,,
2013/11/12,11,70,,,9,60,,
2013/11/12,12,70,,,9,60,,
2013/11/12,13,71,,,9,61,,
2013/11/12,14,72,,,9,61,,
2013/11/12,15,72,,,9,62,,
2013/11/12,16,72,,,9,61,,
2013/11/12,17,75,,,10,63,,
2013/11/12,18,85,,,10,73,,
2013/11/12,19,83,,,10,72,,
2013/11/12,20,83,,,10,72,,
2013/11/12,21,54,,,9,44,,
2013/11/12,22,6,,,6,0,,
2013/11/12,23,6,,,5,0,,
2013/11/12,24,4,,,4,0,,
2013/11/13,01,4,,,4,0,,
2013/11/13,02,4,,,3,0,,
2013/11/13,03,4,,,3,0,,
2013/11/13,04,4,,,4,0,,
2013/11/13,05,4,,,4,0,,
2013/11/13,06,4,,,4,0,,
2013/11/13,07,4,,,3,0,,
2013/11/13,08,4,,,4,0,,
2013/11/13,09,4,,,3,0,,
2013/11/13,10,14,,,4,9,,
2013/11/13,11,67,,,6,59,,
2013/11/13,12,68,,,6,61,,
2013/11/13,13,69,,,6,61,,
2013/11/13,14,69,,,6,61,,
2013/11/13,15,69,,,6,61,,
2013/11/13,16,69,,,7,61,,
2013/11/13,17,72,,,7,63,,
2013/11/13,18,81,,,7,73,,
2013/11/13,19,82,,,7,72,,
2013/11/13,20,81,,,7,72,,
2013/11/13,21,32,,,6,25,,
2013/11/13,22,0,,,0,0,,
2013/11/13,23,0,,,0,0,,
2013/11/13,24,0,,,0,0,,
2013/11/14,01,4,,,3,0,,
2013/11/14,02,5,,,4,0,,
2013/11/14,03,5,,,4,0,,
2013/11/14,04,5,,,4,0,,
2013/11/14,05,4,,,4,0,,
2013/11/14,06,5,,,4,0,,
2013/11/14,07,5,,,4,0,,
2013/11/14,08,5,,,4,0,,
2013/11/14,09,5,,,4,0,,
2013/11/14,10,17,,,9,8,,
2013/11/14,11,72,,,10,61,,
2013/11/14,12,71,,,9,60,,
2013/11/14,13,72,,,10,61,,
2013/11/14,14,73,,,10,61,,
2013/11/14,15,73,,,10,62,,
2013/11/14,16,72,,,10,61,,
2013/11/14,17,75,,,10,63,,
2013/11/14,18,84,,,10,72,,
2013/11/14,19,84,,,10,73,,
2013/11/14,20,85,,,10,73,,
2013/11/14,21,70,,,9,59,,
2013/11/14,22,5,,,4,1,,
2013/11/14,23,4,,,3,0,,
2013/11/14,24,4,,,3,0,,
2013/11/15,01,3,,,3,0,,
2013/11/15,02,4,,,3,0,,
2013/11/15,03,3,,,3,0,,
2013/11/15,04,4,,,3,0,,
2013/11/15,05,4,,,3,0,,
2013/11/15,06,3,,,3,0,,
2013/11/15,07,4,,,3,0,,
2013/11/15,08,4,,,3,0,,
2013/11/15,09,3,,,3,0,,
2013/11/15,10,38,,,7,30,,
2013/11/15,11,72,,,10,61,,
2013/11/15,12,73,,,10,61,,
2013/11/15,13,72,,,11,61,,
2013/11/15,14,74,,,11,61,,
2013/11/15,15,73,,,11,61,,
2013/11/15,16,73,,,10,61,,
2013/11/15,17,77,,,10,64,,
2013/11/15,18,86,,,11,73,,
2013/11/15,19,86,,,11,73,,
2013/11/15,20,85,,,11,73,,
2013/11/15,21,30,,,6,23,,
2013/11/15,22,4,,,3,0,,
2013/11/15,23,4,,,3,0,,
2013/11/15,24,3,,,3,0,,
2013/11/16,01,4,,,3,0,,
2013/11/16,02,4,,,3,0,,
2013/11/16,03,4,,,3,0,,
2013/11/16,04,3,,,3,0,,
2013/11/16,05,4,,,3,0,,
2013/11/16,06,4,,,3,0,,
2013/11/16,07,3,,,3,0,,
2013/11/16,08,4,,,3,0,,
2013/11/16,09,4,,,3,0,,
2013/11/16,10,9,,,6,2,,
2013/11/16,11,71,,,9,61,,
2013/11/16,12,73,,,10,62,,
2013/11/16,13,74,,,10,61,,
2013/11/16,14,72,,,10,61,,
2013/11/16,15,73,,,10,61,,
2013/11/16,16,73,,,11,61,,
2013/11/16,17,74,,,9,63,,
2013/11/16,18,84,,,10,72,,
2013/11/16,19,84,,,10,73,,
2013/11/16,20,86,,,10,74,,
2013/11/16,21,32,,,7,25,,
2013/11/16,22,4,,,3,0,,
2013/11/16,23,4,,,3,0,,
2013/11/16,24,4,,,3,0,,
2013/11/17,01,3,,,3,0,,
2013/11/17,02,4,,,3,0,,
2013/11/17,03,4,,,3,0,,
2013/11/17,04,4,,,3,0,,
2013/11/17,05,3,,,3,0,,
2013/11/17,06,4,,,3,0,,
2013/11/17,07,4,,,3,0,,
2013/11/17,08,4,,,3,0,,
2013/11/17,09,4,,,3,0,,
2013/11/17,10,11,,,4,7,,
2013/11/17,11,67,,,5,60,,
2013/11/17,12,70,,,8,60,,
2013/11/17,13,70,,,9,61,,
2013/11/17,14,73,,,9,62,,
2013/11/17,15,70,,,9,61,,
2013/11/17,16,73,,,10,61,,
2013/11/17,17,75,,,10,63,,
2013/11/17,18,82,,,9,71,,
2013/11/17,19,83,,,9,72,,
2013/11/17,20,83,,,9,72,,
2013/11/17,21,47,,,8,39,,
2013/11/17,22,4,,,3,0,,
2013/11/17,23,4,,,3,0,,
2013/11/17,24,4,,,3,0,,
2013/11/18,01,4,,,3,0,,
2013/11/18,02,4,,,3,0,,
2013/11/18,03,4,,,3,0,,
2013/11/18,04,4,,,3,0,,
2013/11/18,05,4,,,3,0,,
2013/11/18,06,4,,,3,0,,
2013/11/18,07,3,,,3,0,,
2013/11/18,08,4,,,3,0,,
2013/11/18,09,4,,,3,0,,
2013/11/18,10,38,,,6,31,,
2013/11/18,11,71,,,9,61,,
2013/11/18,12,72,,,9,61,,
2013/11/18,13,73,,,10,61,,
2013/11/18,14,74,,,10,62,,
2013/11/18,15,74,,,10,62,,
2013/11/18,16,73,,,10,61,,
2013/11/18,17,75,,,10,64,,
2013/11/18,18,85,,,10,73,,
2013/11/18,19,86,,,10,73,,
2013/11/18,20,85,,,10,73,,
2013/11/18,21,52,,,9,42,,
2013/11/18,22,5,,,4,0,,
2013/11/18,23,4,,,4,0,,
2013/11/18,24,5,,,4,0,,
2013/11/19,01,5,,,4,0,,
2013/11/19,02,5,,,4,0,,
2013/11/19,03,5,,,4,0,,
2013/11/19,04,5,,,4,0,,
2013/11/19,05,4,,,4,0,,
2013/11/19,06,5,,,4,0,,
2013/11/19,07,5,,,4,0,,
2013/11/19,08,5,,,4,0,,
2013/11/19,09,5,,,4,0,,
2013/11/19,10,44,,,5,38,,
2013/11/19,11,67,,,5,60,,
2013/11/19,12,67,,,5,60,,
2013/11/19,13,68,,,5,61,,
2013/11/19,14,68,,,5,61,,
2013/11/19,15,69,,,6,62,,
2013/11/19,16,69,,,7,61,,
2013/11/19,17,73,,,6,65,,
2013/11/19,18,81,,,7,73,,
2013/11/19,19,81,,,6,73,,
2013/11/19,20,81,,,7,73,,
2013/11/19,21,35,,,5,28,,
2013/11/19,22,4,,,4,0,,
2013/11/19,23,4,,,3,0,,
2013/11/19,24,4,,,3,0,,
2013/11/20,01,4,,,3,0,,
2013/11/20,02,4,,,3,0,,
2013/11/20,03,4,,,3,0,,
2013/11/20,04,4,,,3,0,,
2013/11/20,05,3,,,3,0,,
2013/11/20,06,4,,,3,0,,
2013/11/20,07,4,,,3,0,,
2013/11/20,08,4,,,3,0,,
2013/11/20,09,4,,,3,0,,
2013/11/20,10,12,,,7,5,,
2013/11/20,11,67,,,8,57,,
2013/11/20,12,69,,,8,59,,
2013/11/20,13,71,,,9,60,,
2013/11/20,14,72,,,9,61,,
2013/11/20,15,71,,,9,61,,
2013/11/20,16,72,,,9,61,,
2013/11/20,17,76,,,9,65,,
2013/11/20,18,83,,,10,72,,
2013/11/20,19,84,,,9,72,,
2013/11/20,20,83,,,9,73,,
2013/11/20,21,21,,,5,15,,
2013/11/20,22,3,,,3,0,,
2013/11/20,23,4,,,3,0,,
2013/11/20,24,4,,,3,0,,
2013/11/21,01,4,,,3,0,,
2013/11/21,02,4,,,3,0,,
2013/11/21,03,4,,,3,0,,
2013/11/21,04,3,,,3,0,,
2013/11/21,05,4,,,3,0,,
2013/11/21,06,4,,,3,0,,
2013/11/21,07,4,,,3,0,,
2013/11/21,08,3,,,3,0,,
2013/11/21,09,4,,,3,0,,
2013/11/21,10,30,,,7,22,,
2013/11/21,11,76,,,15,60,,
2013/11/21,12,73,,,9,61,,
2013/11/21,13,71,,,9,61,,
2013/11/21,14,72,,,9,62,,
2013/11/21,15,71,,,9,61,,
2013/11/21,16,72,,,9,61,,
2013/11/21,17,75,,,10,64,,
2013/11/21,18,84,,,9,73,,
2013/11/21,19,83,,,9,73,,
2013/11/21,20,83,,,9,73,,
2013/11/21,21,16,,,5,10,,
2013/11/21,22,0,,,0,0,,
2013/11/21,23,4,,,3,0,,
2013/11/21,24,4,,,4,0,,
2013/11/22,01,5,,,4,0,,
2013/11/22,02,4,,,4,0,,
2013/11/22,03,4,,,4,0,,
2013/11/22,04,5,,,4,0,,
2013/11/22,05,4,,,4,0,,
2013/11/22,06,4,,,4,0,,
2013/11/22,07,4,,,4,0,,
2013/11/22,08,5,,,4,0,,
2013/11/22,09,4,,,4,0,,
2013/11/22,10,22,,,10,11,,
2013/11/22,11,74,,,11,61,,
2013/11/22,12,72,,,10,61,,
2013/11/22,13,73,,,10,62,,
2013/11/22,14,72,,,9,61,,
2013/11/22,15,70,,,8,61,,
2013/11/22,16,71,,,8,61,,
2013/11/22,17,75,,,9,65,,
2013/11/22,18,83,,,8,73,,
2013/11/22,19,84,,,9,73,,
2013/11/22,20,84,,,9,73,,
2013/11/22,21,48,,,8,39,,
2013/11/22,22,7,,,6,0,,
2013/11/22,23,6,,,6,0,,
2013/11/22,24,6,,,6,0,,
2013/11/23,01,7,,,6,0,,
2013/11/23,02,6,,,6,0,,
2013/11/23,03,7,,,6,0,,
2013/11/23,04,6,,,6,0,,
2013/11/23,05,7,,,6,0,,
2013/11/23,06,6,,,6,0,,
2013/11/23,07,7,,,6,0,,
2013/11/23,08,7,,,6,0,,
2013/11/23,09,6,,,6,0,,
2013/11/23,10,50,,,10,38,,
2013/11/23,11,69,,,10,58,,
2013/11/23,12,69,,,8,59,,
2013/11/23,13,66,,,6,59,,
2013/11/23,14,66,,,6,59,,
2013/11/23,15,70,,,9,59,,
2013/11/23,16,70,,,10,59,,
2013/11/23,17,73,,,9,61,,
2013/11/23,18,79,,,9,69,,
2013/11/23,19,78,,,6,70,,
2013/11/23,20,79,,,7,70,,
2013/11/23,21,23,,,6,17,,
2013/11/23,22,3,,,3,0,,
2013/11/23,23,4,,,3,0,,
2013/11/23,24,3,,,3,0,,
2013/11/24,01,4,,,3,0,,
2013/11/24,02,4,,,3,0,,
2013/11/24,03,4,,,3,0,,
2013/11/24,04,3,,,3,0,,
2013/11/24,05,4,,,3,0,,
2013/11/24,06,3,,,3,0,,
2013/11/24,07,4,,,3,0,,
2013/11/24,08,4,,,3,0,,
2013/11/24,09,3,,,3,0,,
2013/11/24,10,40,,,10,29,,
2013/11/24,11,72,,,13,58,,
2013/11/24,12,70,,,8,61,,
2013/11/24,13,70,,,7,61,,
2013/11/24,14,68,,,6,61,,
2013/11/24,15,68,,,6,61,,
2013/11/24,16,72,,,9,61,,
2013/11/24,17,75,,,10,64,,
2013/11/24,18,84,,,10,72,,
2013/11/24,19,83,,,9,72,,
2013/11/24,20,84,,,9,73,,
2013/11/24,21,36,,,7,28,,
2013/11/24,22,4,,,4,0,,
2013/11/24,23,5,,,4,0,,
2013/11/24,24,5,,,4,0,,
2013/11/25,01,4,,,4,0,,
2013/11/25,02,5,,,4,0,,
2013/11/25,03,5,,,4,0,,
2013/11/25,04,4,,,4,0,,
2013/11/25,05,5,,,4,0,,
2013/11/25,06,5,,,4,0,,
2013/11/25,07,4,,,4,0,,
2013/11/25,08,5,,,4,0,,
2013/11/25,09,4,,,4,0,,
2013/11/25,10,40,,,5,35,,
2013/11/25,11,69,,,6,61,,
2013/11/25,12,69,,,6,61,,
2013/11/25,13,68,,,6,61,,
2013/11/25,14,70,,,7,61,,
2013/11/25,15,69,,,7,61,,
2013/11/25,16,70,,,7,61,,
2013/11/25,17,73,,,7,65,,
2013/11/25,18,81,,,7,73,,
2013/11/25,19,81,,,7,73,,
2013/11/25,20,82,,,7,73,,
2013/11/25,21,29,,,5,24,,
2013/11/25,22,5,,,4,0,,
2013/11/25,23,4,,,4,0,,
2013/11/25,24,5,,,4,0,,
2013/11/26,01,5,,,4,0,,
2013/11/26,02,4,,,4,0,,
2013/11/26,03,5,,,4,0,,
2013/11/26,04,4,,,4,0,,
2013/11/26,05,5,,,4,0,,
2013/11/26,06,5,,,4,0,,
2013/11/26,07,5,,,4,0,,
2013/11/26,08,4,,,4,0,,
2013/11/26,09,5,,,4,0,,
2013/11/26,10,38,,,5,33,,
2013/11/26,11,68,,,6,60,,
2013/11/26,12,69,,,6,62,,
2013/11/26,13,69,,,6,62,,
2013/11/26,14,71,,,6,63,,
2013/11/26,15,70,,,7,62,,
2013/11/26,16,71,,,7,63,,
2013/11/26,17,74,,,7,65,,
2013/11/26,18,82,,,7,74,,
2013/11/26,19,84,,,7,74,,
2013/11/26,20,82,,,7,74,,
2013/11/26,21,39,,,6,33,,
2013/11/26,22,5,,,4,0,,
2013/11/26,23,5,,,4,0,,
2013/11/26,24,5,,,4,0,,
2013/11/27,01,4,,,4,0,,
2013/11/27,02,5,,,4,0,,
2013/11/27,03,5,,,4,0,,
2013/11/27,04,5,,,4,0,,
2013/11/27,05,5,,,4,0,,
2013/11/27,06,4,,,4,0,,
2013/11/27,07,5,,,4,0,,
2013/11/27,08,5,,,4,0,,
2013/11/27,09,4,,,4,0,,
2013/11/27,10,43,,,8,34,,
2013/11/27,11,69,,,10,58,,
2013/11/27,12,68,,,9,58,,
2013/11/27,13,68,,,9,57,,
2013/11/27,14,69,,,9,58,,
2013/11/27,15,71,,,9,60,,
2013/11/27,16,72,,,9,62,,
2013/11/27,17,76,,,10,65,,
2013/11/27,18,85,,,10,73,,
2013/11/27,19,86,,,9,74,,
2013/11/27,20,85,,,9,74,,
2013/11/27,21,23,,,7,15,,
2013/11/27,22,4,,,3,0,,
2013/11/27,23,4,,,4,0,,
2013/11/27,24,4,,,3,0,,
2013/11/28,01,4,,,4,0,,
2013/11/28,02,4,,,3,0,,
2013/11/28,03,4,,,4,0,,
2013/11/28,04,4,,,3,0,,
2013/11/28,05,4,,,3,0,,
2013/11/28,06,4,,,3,0,,
2013/11/28,07,4,,,3,0,,
2013/11/28,08,4,,,3,0,,
2013/11/28,09,4,,,3,0,,
2013/11/28,10,21,,,10,10,,
2013/11/28,11,78,,,14,62,,
2013/11/28,12,73,,,9,62,,
2013/11/28,13,72,,,9,62,,
2013/11/28,14,73,,,9,62,,
2013/11/28,15,73,,,9,63,,
2013/11/28,16,73,,,9,63,,
2013/11/28,17,77,,,10,65,,
2013/11/28,18,87,,,10,75,,
2013/11/28,19,85,,,10,73,,
2013/11/28,20,86,,,10,74,,
2013/11/28,21,30,,,9,20,,
2013/11/28,22,5,,,4,0,,
2013/11/28,23,5,,,4,0,,
2013/11/28,24,4,,,4,0,,
2013/11/29,01,5,,,4,0,,
2013/11/29,02,5,,,4,0,,
2013/11/29,03,4,,,4,0,,
2013/11/29,04,5,,,4,0,,
2013/11/29,05,5,,,4,0,,
2013/11/29,06,4,,,4,0,,
2013/11/29,07,5,,,4,0,,
2013/11/29,08,5,,,4,0,,
2013/11/29,09,4,,,4,0,,
2013/11/29,10,17,,,11,5,,
2013/11/29,11,79,,,17,61,,
2013/11/29,12,77,,,12,62,,
2013/11/29,13,75,,,12,62,,
2013/11/29,14,75,,,12,62,,
2013/11/29,15,75,,,11,62,,
2013/11/29,16,74,,,11,61,,
2013/11/29,17,80,,,11,68,,
2013/11/29,18,88,,,11,74,,
2013/11/29,19,86,,,11,73,,
2013/11/29,20,86,,,11,73,,
2013/11/29,21,35,,,9,25,,
2013/11/29,22,5,,,5,0,,
2013/11/29,23,5,,,5,0,,
2013/11/29,24,6,,,5,0,,
2013/11/30,01,5,,,5,0,,
2013/11/30,02,5,,,5,0,,
2013/11/30,03,5,,,5,0,,
2013/11/30,04,6,,,5,0,,
2013/11/30,05,5,,,5,0,,
2013/11/30,06,5,,,5,0,,
2013/11/30,07,5,,,5,0,,
2013/11/30,08,6,,,5,0,,
2013/11/30,09,5,,,5,0,,
2013/11/30,10,33,,,10,22,,
2013/11/30,11,77,,,14,61,,
2013/11/30,12,73,,,9,62,,
2013/11/30,13,72,,,9,62,,
2013/11/30,14,71,,,8,62,,
2013/11/30,15,72,,,8,62,,
2013/11/30,16,71,,,8,62,,
2013/11/30,17,82,,,9,71,,
2013/11/30,18,84,,,9,74,,
2013/11/30,19,83,,,8,74,,
2013/11/30,20,83,,,8,74,,
2013/11/30,21,20,,,5,14,,
2013/11/30,22,4,,,3,0,,
2013/11/30,23,4,,,3,0,,
2013/11/30,24,4,,,3,0,,
2013/12/01,01,4,,,3,0,,
2013/12/01,02,4,,,3,0,,
2013/12/01,03,4,,,3,0,,
2013/12/01,04,4,,,3,0,,
2013/12/01,05,4,,,3,0,,
2013/12/01,06,4,,,3,0,,
2013/12/01,07,3,,,3,0,,
2013/12/01,08,4,,,3,0,,
2013/12/01,09,4,,,3,0,,
2013/12/01,10,19,,,10,7,,
2013/12/01,11,77,,,15,61,,
2013/12/01,12,73,,,10,61,,
2013/12/01,13,73,,,10,61,,
2013/12/01,14,73,,,10,62,,
2013/12/01,15,75,,,10,63,,
2013/12/01,16,75,,,10,63,,
2013/12/01,17,82,,,10,70,,
2013/12/01,18,85,,,10,73,,
2013/12/01,19,85,,,10,74,,
2013/12/01,20,86,,,10,74,,
2013/12/01,21,44,,,10,33,,
2013/12/01,22,6,,,4,2,,
2013/12/01,23,4,,,3,0,,
2013/12/01,24,4,,,3,0,,
2013/12/02,01,4,,,3,0,,
2013/12/02,02,4,,,3,0,,
2013/12/02,03,4,,,3,0,,
2013/12/02,04,4,,,3,0,,
2013/12/02,05,3,,,3,0,,
2013/12/02,06,4,,,3,0,,
2013/12/02,07,4,,,3,0,,
2013/12/02,08,4,,,3,0,,
2013/12/02,09,4,,,3,0,,
2013/12/02,10,44,,,4,39,,
2013/12/02,11,66,,,5,59,,
2013/12/02,12,69,,,6,62,,
2013/12/02,13,70,,,7,62,,
2013/12/02,14,71,,,7,62,,
2013/12/02,15,70,,,7,62,,
2013/12/02,16,69,,,7,61,,
2013/12/02,17,79,,,7,70,,
2013/12/02,18,81,,,6,73,,
2013/12/02,19,81,,,7,73,,
2013/12/02,20,82,,,7,73,,
2013/12/02,21,60,,,6,53,,
2013/12/02,22,5,,,4,0,,
2013/12/02,23,5,,,4,0,,
2013/12/02,24,4,,,4,0,,
2013/12/03,01,5,,,4,0,,
2013/12/03,02,5,,,4,0,,
2013/12/03,03,4,,,4,0,,
2013/12/03,04,5,,,4,0,,
2013/12/03,05,5,,,4,0,,
2013/12/03,06,4,,,4,0,,
2013/12/03,07,5,,,4,0,,
2013/12/03,08,4,,,4,0,,
2013/12/03,09,5,,,4,0,,
2013/12/03,10,34,,,5,29,,
2013/12/03,11,64,,,6,57,,
2013/12/03,12,65,,,6,57,,
2013/12/03,13,64,,,6,57,,
2013/12/03,14,66,,,6,58,,
2013/12/03,15,65,,,6,57,,
2013/12/03,16,65,,,6,57,,
2013/12/03,17,74,,,6,66,,
2013/12/03,18,76,,,6,69,,
2013/12/03,19,78,,,7,69,,
2013/12/03,20,80,,,10,68,,
2013/12/03,21,49,,,9,39,,
2013/12/03,22,5,,,4,0,,
2013/12/03,23,4,,,4,0,,
2013/12/03,24,5,,,4,0,,
2013/12/04,01,5,,,4,0,,
2013/12/04,02,5,,,4,0,,
2013/12/04,03,4,,,4,0,,
2013/12/04,04,5,,,4,0,,
2013/12/04,05,5,,,4,0,,
2013/12/04,06,4,,,4,0,,
2013/12/04,07,5,,,4,0,,
2013/12/04,08,5,,,4,0,,
2013/12/04,09,5,,,4,0,,
2013/12/04,10,15,,,11,4,,
2013/12/04,11,79,,,16,61,,
2013/12/04,12,74,,,10,62,,
2013/12/04,13,73,,,10,62,,
2013/12/04,14,73,,,10,62,,
2013/12/04,15,72,,,10,61,,
2013/12/04,16,71,,,8,61,,
2013/12/04,17,78,,,7,70,,
2013/12/04,18,81,,,7,73,,
2013/12/04,19,83,,,7,74,,
2013/12/04,20,82,,,7,73,,
2013/12/04,21,69,,,5,62,,
2013/12/04,22,24,,,4,19,,
2013/12/04,23,4,,,3,0,,
2013/12/04,24,4,,,3,0,,
2013/12/05,01,4,,,3,0,,
2013/12/05,02,3,,,3,0,,
2013/12/05,03,4,,,3,0,,
2013/12/05,04,4,,,3,0,,
2013/12/05,05,4,,,3,0,,
2013/12/05,06,4,,,3,0,,
2013/12/05,07,3,,,3,0,,
2013/12/05,08,4,,,3,0,,
2013/12/05,09,4,,,3,0,,
2013/12/05,10,45,,,12,32,,
2013/12/05,11,79,,,18,60,,
2013/12/05,12,76,,,13,62,,
2013/12/05,13,75,,,12,62,,
2013/12/05,14,75,,,11,62,,
2013/12/05,15,74,,,11,62,,
2013/12/05,16,73,,,10,61,,
2013/12/05,17,83,,,11,70,,
2013/12/05,18,86,,,10,74,,
2013/12/05,19,85,,,10,74,,
2013/12/05,20,86,,,10,74,,
2013/12/05,21,25,,,8,16,,
2013/12/05,22,5,,,4,0,,
2013/12/05,23,4,,,4,0,,
2013/12/05,24,5,,,4,0,,
2013/12/06,01,5,,,4,0,,
2013/12/06,02,5,,,4,0,,
2013/12/06,03,5,,,4,0,,
2013/12/06,04,4,,,4,0,,
2013/12/06,05,5,,,4,0,,
2013/12/06,06,5,,,4,0,,
2013/12/06,07,5,,,4,0,,
2013/12/06,08,5,,,4,0,,
2013/12/06,09,4,,,4,0,,
2013/12/06,10,23,,,12,11,,
2013/12/06,11,78,,,15,62,,
2013/12/06,12,74,,,11,61,,
2013/12/06,13,73,,,11,61,,
2013/12/06,14,74,,,11,62,,
2013/12/06,15,75,,,11,62,,
2013/12/06,16,74,,,11,62,,
2013/12/06,17,83,,,10,71,,
2013/12/06,18,85,,,10,73,,
2013/12/06,19,85,,,10,74,,
2013/12/06,20,85,,,10,72,,
2013/12/06,21,20,,,8,12,,
2013/12/06,22,4,,,3,0,,
2013/12/06,23,4,,,3,0,,
2013/12/06,24,4,,,3,0,,
2013/12/07,01,4,,,3,0,,
2013/12/07,02,4,,,3,0,,
2013/12/07,03,4,,,3,0,,
2013/12/07,04,4,,,3,0,,
2013/12/07,05,4,,,3,0,,
2013/12/07,06,4,,,3,0,,
2013/12/07,07,4,,,3,0,,
2013/12/07,08,4,,,3,0,,
2013/12/07,09,4,,,3,0,,
2013/12/07,10,54,,,12,42,,
2013/12/07,11,77,,,13,61,,
2013/12/07,12,72,,,10,62,,
2013/12/07,13,74,,,10,62,,
2013/12/07,14,73,,,9,62,,
2013/12/07,15,73,,,9,63,,
2013/12/07,16,72,,,9,62,,
2013/12/07,17,81,,,9,70,,
2013/12/07,18,84,,,9,74,,
2013/12/07,19,83,,,8,72,,
2013/12/07,20,83,,,8,73,,
2013/12/07,21,27,,,7,19,,
2013/12/07,22,4,,,3,0,,
2013/12/07,23,4,,,3,0,,
2013/12/07,24,4,,,3,0,,
2013/12/08,01,4,,,3,0,,
2013/12/08,02,3,,,3,0,,
2013/12/08,03,4,,,3,0,,
2013/12/08,04,4,,,3,0,,
2013/12/08,05,4,,,3,0,,
2013/12/08,06,4,,,3,0,,
2013/12/08,07,4,,,3,0,,
2013/12/08,08,4,,,3,0,,
2013/12/08,09,4,,,4,0,,
2013/12/08,10,56,,,11,43,,
2013/12/08,11,78,,,14,62,,
2013/12/08,12,73,,,10,62,,
2013/12/08,13,73,,,9,62,,
2013/12/08,14,74,,,10,62,,
2013/12/08,15,72,,,9,62,,
2013/12/08,16,73,,,9,62,,
2013/12/08,17,81,,,9,70,,
2013/12/08,18,86,,,9,75,,
2013/12/08,19,84,,,9,74,,
2013/12/08,20,85,,,9,74,,
2013/12/08,21,74,,,9,64,,
2013/12/08,22,37,,,7,29,,
2013/12/08,23,6,,,5,0,,
2013/12/08,24,6,,,5,0,,
2013/12/09,01,6,,,5,0,,
2013/12/09,02,5,,,5,0,,
2013/12/09,03,6,,,5,0,,
2013/12/09,04,5,,,5,0,,
2013/12/09,05,5,,,5,0,,
2013/12/09,06,6,,,5,0,,
2013/12/09,07,5,,,5,0,,
2013/12/09,08,5,,,5,0,,
2013/12/09,09,5,,,5,0,,
2013/12/09,10,53,,,11,41,,
2013/12/09,11,78,,,14,62,,
2013/12/09,12,75,,,11,62,,
2013/12/09,13,74,,,10,63,,
2013/12/09,14,73,,,10,62,,
2013/12/09,15,75,,,10,63,,
2013/12/09,16,73,,,10,62,,
2013/12/09,17,83,,,10,71,,
2013/12/09,18,86,,,10,74,,
2013/12/09,19,85,,,10,74,,
2013/12/09,20,84,,,9,74,,
2013/12/09,21,38,,,8,29,,
2013/12/09,22,5,,,4,0,,
2013/12/09,23,4,,,4,0,,
2013/12/09,24,4,,,4,0,,
2013/12/10,01,5,,,4,0,,
2013/12/10,02,4,,,4,0,,
2013/12/10,03,4,,,4,0,,
2013/12/10,04,5,,,4,0,,
2013/12/10,05,4,,,4,0,,
2013/12/10,06,5,,,4,0,,
2013/12/10,07,4,,,4,0,,
2013/12/10,08,4,,,4,0,,
2013/12/10,09,4,,,4,0,,
2013/12/10,10,52,,,5,46,,
2013/12/10,11,71,,,8,61,,
2013/12/10,12,75,,,12,62,,
2013/12/10,13,72,,,8,62,,
2013/12/10,14,72,,,8,63,,
2013/12/10,15,72,,,8,62,,
2013/12/10,16,72,,,8,62,,
2013/12/10,17,81,,,9,71,,
2013/12/10,18,84,,,9,73,,
2013/12/10,19,85,,,9,74,,
2013/12/10,20,84,,,9,74,,
2013/12/10,21,73,,,8,63,,
2013/12/10,22,71,,,8,62,,
2013/12/10,23,73,,,8,63,,
2013/12/10,24,71,,,8,62,,
2013/12/11,01,23,,,5,18,,
2013/12/11,02,5,,,4,0,,
2013/12/11,03,4,,,4,0,,
2013/12/11,04,5,,,4,0,,
2013/12/11,05,4,,,4,0,,
2013/12/11,06,4,,,4,0,,
2013/12/11,07,4,,,4,0,,
2013/12/11,08,5,,,4,0,,
2013/12/11,09,4,,,4,0,,
2013/12/11,10,41,,,10,30,,
2013/12/11,11,77,,,14,61,,
2013/12/11,12,74,,,10,62,,
2013/12/11,13,74,,,11,62,,
2013/12/11,14,74,,,10,62,,
2013/12/11,15,74,,,10,62,,
2013/12/11,16,73,,,10,62,,
2013/12/11,17,84,,,10,71,,
2013/12/11,18,84,,,10,72,,
2013/12/11,19,86,,,10,73,,
2013/12/11,20,85,,,10,74,,
2013/12/11,21,38,,,8,29,,
2013/12/11,22,5,,,5,0,,
2013/12/11,23,5,,,4,0,,
2013/12/11,24,5,,,4,0,,
2013/12/12,01,5,,,5,0,,
2013/12/12,02,5,,,5,0,,
2013/12/12,03,6,,,4,0,,
2013/12/12,04,5,,,4,0,,
2013/12/12,05,5,,,5,0,,
2013/12/12,06,5,,,4,0,,
2013/12/12,07,5,,,5,0,,
2013/12/12,08,5,,,5,0,,
2013/12/12,09,5,,,5,0,,
2013/12/12,10,22,,,10,11,,
2013/12/12,11,77,,,14,62,,
2013/12/12,12,75,,,12,62,,
2013/12/12,13,74,,,10,62,,
2013/12/12,14,73,,,10,62,,
2013/12/12,15,72,,,9,62,,
2013/12/12,16,73,,,10,62,,
2013/12/12,17,83,,,10,71,,
2013/12/12,18,85,,,10,74,,
2013/12/12,19,84,,,10,73,,
2013/12/12,20,86,,,10,74,,
2013/12/12,21,28,,,8,19,,
2013/12/12,22,7,,,4,2,,
2013/12/12,23,7,,,4,2,,
2013/12/12,24,4,,,3,0,,
2013/12/13,01,3,,,3,0,,
2013/12/13,02,4,,,3,0,,
2013/12/13,03,4,,,3,0,,
2013/12/13,04,4,,,3,0,,
2013/12/13,05,3,,,3,0,,
2013/12/13,06,4,,,3,0,,
2013/12/13,07,4,,,3,0,,
2013/12/13,08,4,,,3,0,,
2013/12/13,09,4,,,3,0,,
2013/12/13,10,43,,,9,34,,
2013/12/13,11,76,,,13,61,,
2013/12/13,12,78,,,14,62,,
2013/12/13,13,78,,,15,62,,
2013/12/13,14,72,,,10,61,,
2013/12/13,15,73,,,9,62,,
2013/12/13,16,72,,,9,62,,
2013/12/13,17,74,,,9,63,,
2013/12/13,18,83,,,11,70,,
2013/12/13,19,85,,,11,71,,
2013/12/13,20,84,,,11,72,,
2013/12/13,21,31,,,8,22,,
2013/12/13,22,4,,,3,0,,
2013/12/13,23,4,,,3,0,,
2013/12/13,24,4,,,3,0,,
2013/12/14,01,4,,,3,0,,
2013/12/14,02,3,,,3,0,,
2013/12/14,03,4,,,3,0,,
2013/12/14,04,4,,,3,0,,
2013/12/14,05,4,,,3,0,,
2013/12/14,06,4,,,3,0,,
2013/12/14,07,3,,,3,0,,
2013/12/14,08,4,,,3,0,,
2013/12/14,09,4,,,3,0,,
2013/12/14,10,44,,,8,35,,
2013/12/14,11,77,,,13,62,,
2013/12/14,12,77,,,14,62,,
2013/12/14,13,77,,,14,62,,
2013/12/14,14,75,,,11,62,,
2013/12/14,15,73,,,9,63,,
2013/12/14,16,72,,,8,62,,
2013/12/14,17,80,,,8,70,,
2013/12/14,18,84,,,10,73,,
2013/12/14,19,87,,,10,74,,
2013/12/14,20,85,,,10,73,,
2013/12/14,21,41,,,9,30,,
2013/12/14,22,8,,,4,4,,
2013/12/14,23,4,,,3,0,,
2013/12/14,24,4,,,3,0,,
2013/12/15,01,3,,,3,0,,
2013/12/15,02,4,,,3,0,,
2013/12/15,03,4,,,3,0,,
2013/12/15,04,3,,,3,0,,
2013/12/15,05,4,,,3,0,,
2013/12/15,06,4,,,3,0,,
2013/12/15,07,3,,,3,0,,
2013/12/15,08,4,,,3,0,,
2013/12/15,09,4,,,3,0,,
2013/12/15,10,14,,,10,4,,
2013/12/15,11,78,,,15,61,,
2013/12/15,12,77,,,15,61,,
2013/12/15,13,73,,,10,62,,
2013/12/15,14,74,,,9,62,,
2013/12/15,15,72,,,9,62,,
2013/12/15,16,75,,,10,63,,
2013/12/15,17,84,,,10,71,,
2013/12/15,18,85,,,10,74,,
2013/12/15,19,85,,,10,73,,
2013/12/15,20,85,,,9,74,,
2013/12/15,21,47,,,7,39,,
2013/12/15,22,5,,,5,0,,
2013/12/15,23,6,,,5,0,,
2013/12/15,24,6,,,5,0,,
2013/12/16,01,5,,,5,0,,
2013/12/16,02,6,,,5,0,,
2013/12/16,03,6,,,5,0,,
2013/12/16,04,5,,,5,0,,
2013/12/16,05,6,,,5,0,,
2013/12/16,06,5,,,5,0,,
2013/12/16,07,6,,,5,0,,
2013/12/16,08,6,,,5,0,,
2013/12/16,09,5,,,5,0,,
2013/12/16,10,44,,,11,32,,
2013/12/16,11,70,,,15,53,,
2013/12/16,12,67,,,13,53,,
2013/12/16,13,67,,,12,53,,
2013/12/16,14,65,,,10,54,,
2013/12/16,15,64,,,9,53,,
2013/12/16,16,64,,,9,53,,
2013/12/16,17,73,,,9,62,,
2013/12/16,18,85,,,10,73,,
2013/12/16,19,84,,,10,73,,
2013/12/16,20,85,,,10,74,,
2013/12/16,21,59,,,9,49,,
2013/12/16,22,5,,,4,0,,
2013/12/16,23,4,,,4,0,,
2013/12/16,24,4,,,4,0,,
2013/12/17,01,4,,,4,0,,
2013/12/17,02,4,,,4,0,,
2013/12/17,03,5,,,4,0,,
2013/12/17,04,4,,,4,0,,
2013/12/17,05,4,,,3,0,,
2013/12/17,06,4,,,4,0,,
2013/12/17,07,4,,,4,0,,
2013/12/17,08,4,,,4,0,,
2013/12/17,09,4,,,4,0,,
2013/12/17,10,47,,,9,36,,
2013/12/17,11,75,,,14,60,,
2013/12/17,12,76,,,15,60,,
2013/12/17,13,72,,,10,60,,
2013/12/17,14,69,,,9,60,,
2013/12/17,15,71,,,9,60,,
2013/12/17,16,69,,,9,59,,
2013/12/17,17,79,,,9,68,,
2013/12/17,18,81,,,8,71,,
2013/12/17,19,81,,,8,71,,
2013/12/17,20,83,,,10,71,,
2013/12/17,21,53,,,9,43,,
2013/12/17,22,13,,,7,6,,
2013/12/17,23,6,,,5,0,,
2013/12/17,24,5,,,5,0,,
2013/12/18,01,5,,,5,0,,
2013/12/18,02,5,,,5,0,,
2013/12/18,03,5,,,5,0,,
2013/12/18,04,6,,,5,0,,
2013/12/18,05,5,,,5,0,,
2013/12/18,06,5,,,5,0,,
2013/12/18,07,5,,,5,0,,
2013/12/18,08,5,,,5,0,,
2013/12/18,09,5,,,5,0,,
2013/12/18,10,24,,,12,11,,
2013/12/18,11,78,,,15,62,,
2013/12/18,12,79,,,15,62,,
2013/12/18,13,75,,,11,62,,
2013/12/18,14,73,,,10,62,,
2013/12/18,15,74,,,10,62,,
2013/12/18,16,73,,,10,62,,
2013/12/18,17,82,,,10,70,,
2013/12/18,18,86,,,10,74,,
2013/12/18,19,84,,,9,73,,
2013/12/18,20,83,,,9,73,,
2013/12/18,21,38,,,8,29,,
2013/12/18,22,25,,,8,16,,
2013/12/18,23,4,,,4,0,,
2013/12/18,24,4,,,4,0,,
2013/12/19,01,4,,,4,0,,
2013/12/19,02,4,,,4,0,,
2013/12/19,03,4,,,3,0,,
2013/12/19,04,4,,,4,0,,
2013/12/19,05,4,,,3,0,,
2013/12/19,06,4,,,3,0,,
2013/12/19,07,4,,,3,0,,
2013/12/19,08,4,,,4,0,,
2013/12/19,09,5,,,4,0,,
2013/12/19,10,47,,,9,37,,
2013/12/19,11,72,,,14,57,,
2013/12/19,12,75,,,13,60,,
2013/12/19,13,73,,,9,62,,
2013/12/19,14,72,,,9,62,,
2013/12/19,15,72,,,8,62,,
2013/12/19,16,72,,,8,62,,
2013/12/19,17,81,,,8,71,,
2013/12/19,18,83,,,8,73,,
2013/12/19,19,83,,,8,73,,
2013/12/19,20,84,,,9,73,,
2013/12/19,21,72,,,7,63,,
2013/12/19,22,57,,,6,50,,
2013/12/19,23,4,,,4,0,,
2013/12/19,24,4,,,4,0,,
2013/12/20,01,4,,,4,0,,
2013/12/20,02,5,,,4,0,,
2013/12/20,03,4,,,4,0,,
2013/12/20,04,4,,,4,0,,
2013/12/20,05,4,,,4,0,,
2013/12/20,06,4,,,3,0,,
2013/12/20,07,4,,,4,0,,
2013/12/20,08,4,,,4,0,,
2013/12/20,09,5,,,4,0,,
2013/12/20,10,68,,,11,56,,
2013/12/20,11,72,,,14,56,,
2013/12/20,12,71,,,12,57,,
2013/12/20,13,67,,,9,56,,
2013/12/20,14,66,,,9,56,,
2013/12/20,15,68,,,10,56,,
2013/12/20,16,68,,,11,56,,
2013/12/20,17,75,,,9,65,,
2013/12/20,18,78,,,8,68,,
2013/12/20,19,80,,,10,68,,
2013/12/20,20,79,,,10,68,,
2013/12/20,21,46,,,7,37,,
2013/12/20,22,5,,,5,0,,
2013/12/20,23,6,,,5,0,,
2013/12/20,24,5,,,5,0,,
2013/12/21,01,5,,,5,0,,
2013/12/21,02,5,,,5,0,,
2013/12/21,03,5,,,5,0,,
2013/12/21,04,5,,,4,0,,
2013/12/21,05,6,,,5,0,,
2013/12/21,06,5,,,5,0,,
2013/12/21,07,5,,,5,0,,
2013/12/21,08,5,,,5,0,,
2013/12/21,09,5,,,5,0,,
2013/12/21,10,50,,,6,43,,
2013/12/21,11,77,,,14,62,,
2013/12/21,12,77,,,14,62,,
2013/12/21,13,78,,,14,62,,
2013/12/21,14,73,,,11,61,,
2013/12/21,15,72,,,8,62,,
2013/12/21,16,71,,,8,61,,
2013/12/21,17,82,,,11,70,,
2013/12/21,18,84,,,10,72,,
2013/12/21,19,85,,,10,73,,
2013/12/21,20,85,,,10,74,,
2013/12/21,21,48,,,7,40,,
2013/12/21,22,4,,,4,0,,
2013/12/21,23,4,,,4,0,,
2013/12/21,24,5,,,4,0,,
2013/12/22,01,4,,,4,0,,
2013/12/22,02,4,,,4,0,,
2013/12/22,03,5,,,4,0,,
2013/12/22,04,4,,,4,0,,
2013/12/22,05,5,,,4,0,,
2013/12/22,06,4,,,4,0,,
2013/12/22,07,4,,,4,0,,
2013/12/22,08,5,,,4,0,,
2013/12/22,09,4,,,4,0,,
2013/12/22,10,23,,,11,11,,
2013/12/22,11,78,,,16,61,,
2013/12/22,12,78,,,15,61,,
2013/12/22,13,73,,,11,61,,
2013/12/22,14,74,,,12,61,,
2013/12/22,15,73,,,11,61,,
2013/12/22,16,75,,,11,61,,
2013/12/22,17,83,,,11,70,,
2013/12/22,18,85,,,11,72,,
2013/12/22,19,85,,,10,72,,
2013/12/22,20,85,,,11,74,,
2013/12/22,21,44,,,8,34,,
2013/12/22,22,4,,,4,0,,
2013/12/22,23,4,,,3,0,,
2013/12/22,24,4,,,3,0,,
2013/12/23,01,4,,,3,0,,
2013/12/23,02,4,,,3,0,,
2013/12/23,03,4,,,3,0,,
2013/12/23,04,3,,,3,0,,
2013/12/23,05,5,,,4,0,,
2013/12/23,06,4,,,3,0,,
2013/12/23,07,4,,,3,0,,
2013/12/23,08,3,,,3,0,,
2013/12/23,09,4,,,4,0,,
2013/12/23,10,54,,,10,42,,
2013/12/23,11,76,,,15,60,,
2013/12/23,12,77,,,16,60,,
2013/12/23,13,72,,,11,60,,
2013/12/23,14,73,,,11,60,,
2013/12/23,15,73,,,10,61,,
2013/12/23,16,71,,,10,60,,
2013/12/23,17,82,,,10,69,,
2013/12/23,18,83,,,10,71,,
2013/12/23,19,83,,,10,72,,
2013/12/23,20,84,,,9,73,,
2013/12/23,21,68,,,9,58,,
2013/12/23,22,5,,,4,0,,
2013/12/23,23,4,,,4,0,,
2013/12/23,24,4,,,3,0,,
2013/12/24,01,4,,,3,0,,
2013/12/24,02,4,,,4,0,,
2013/12/24,03,4,,,3,0,,
2013/12/24,04,4,,,4,0,,
2013/12/24,05,4,,,4,0,,
2013/12/24,06,4,,,3,0,,
2013/12/24,07,4,,,4,0,,
2013/12/24,08,4,,,3,0,,
2013/12/24,09,4,,,3,0,,
2013/12/24,10,39,,,8,29,,
2013/12/24,11,72,,,14,57,,
2013/12/24,12,74,,,15,57,,
2013/12/24,13,72,,,13,58,,
2013/12/24,14,68,,,9,57,,
2013/12/24,15,69,,,9,58,,
2013/12/24,16,68,,,9,58,,
2013/12/24,17,79,,,11,66,,
2013/12/24,18,84,,,13,70,,
2013/12/24,19,83,,,12,69,,
2013/12/24,20,81,,,10,69,,
2013/12/24,21,48,,,8,39,,
2013/12/24,22,5,,,4,0,,
2013/12/24,23,5,,,4,0,,
2013/12/24,24,5,,,4,0,,
2013/12/25,01,5,,,4,0,,
2013/12/25,02,5,,,4,0,,
2013/12/25,03,5,,,4,0,,
2013/12/25,04,5,,,4,0,,
2013/12/25,05,4,,,4,0,,
2013/12/25,06,5,,,4,0,,
2013/12/25,07,5,,,4,0,,
2013/12/25,08,5,,,4,0,,
2013/12/25,09,5,,,4,0,,
2013/12/25,10,22,,,12,10,,
2013/12/25,11,78,,,15,61,,
2013/12/25,12,78,,,14,62,,
2013/12/25,13,75,,,11,62,,
2013/12/25,14,74,,,11,62,,
2013/12/25,15,75,,,11,62,,
2013/12/25,16,75,,,11,62,,
2013/12/25,17,82,,,10,70,,
2013/12/25,18,85,,,11,73,,
2013/12/25,19,87,,,11,74,,
2013/12/25,20,86,,,11,73,,
2013/12/25,21,47,,,9,37,,
2013/12/25,22,21,,,5,15,,
2013/12/25,23,20,,,4,15,,
2013/12/25,24,12,,,4,8,,
2013/12/26,01,4,,,3,0,,
2013/12/26,02,4,,,3,0,,
2013/12/26,03,4,,,3,0,,
2013/12/26,04,3,,,3,0,,
2013/12/26,05,4,,,3,0,,
2013/12/26,06,4,,,3,0,,
2013/12/26,07,4,,,3,0,,
2013/12/26,08,3,,,3,0,,
2013/12/26,09,4,,,3,0,,
2013/12/26,10,44,,,5,38,,
2013/12/26,11,78,,,15,61,,
2013/12/26,12,78,,,15,62,,
2013/12/26,13,75,,,12,61,,
2013/12/26,14,73,,,10,61,,
2013/12/26,15,73,,,10,62,,
2013/12/26,16,73,,,10,61,,
2013/12/26,17,81,,,9,70,,
2013/12/26,18,85,,,9,74,,
2013/12/26,19,85,,,9,74,,
2013/12/26,20,83,,,9,73,,
2013/12/26,21,54,,,8,44,,
2013/12/26,22,5,,,4,1,,
2013/12/26,23,4,,,3,0,,
2013/12/26,24,4,,,3,0,,
2013/12/27,01,3,,,3,0,,
2013/12/27,02,4,,,3,0,,
2013/12/27,03,3,,,3,0,,
2013/12/27,04,4,,,3,0,,
2013/12/27,05,4,,,3,0,,
2013/12/27,06,3,,,3,0,,
2013/12/27,07,4,,,3,0,,
2013/12/27,08,3,,,3,0,,
2013/12/27,09,4,,,3,0,,
2013/12/27,10,55,,,10,44,,
2013/12/27,11,75,,,15,59,,
2013/12/27,12,75,,,15,59,,
2013/12/27,13,72,,,11,59,,
2013/12/27,14,71,,,9,61,,
2013/12/27,15,73,,,9,63,,
2013/12/27,16,73,,,9,62,,
2013/12/27,17,83,,,11,70,,
2013/12/27,18,86,,,11,73,,
2013/12/27,19,86,,,11,74,,
2013/12/27,20,85,,,10,73,,
2013/12/27,21,34,,,7,26,,
2013/12/27,22,4,,,3,0,,
2013/12/27,23,4,,,3,0,,
2013/12/27,24,3,,,3,0,,
2013/12/28,01,4,,,3,0,,
2013/12/28,02,4,,,3,0,,
2013/12/28,03,3,,,3,0,,
2013/12/28,04,4,,,3,0,,
2013/12/28,05,4,,,3,0,,
2013/12/28,06,3,,,3,0,,
2013/12/28,07,4,,,3,0,,
2013/12/28,08,3,,,3,0,,
2013/12/28,09,4,,,3,0,,
2013/12/28,10,24,,,10,13,,
2013/12/28,11,79,,,16,61,,
2013/12/28,12,79,,,16,62,,
2013/12/28,13,78,,,14,62,,
2013/12/28,14,76,,,12,62,,
2013/12/28,15,75,,,11,63,,
2013/12/28,16,74,,,10,62,,
2013/12/28,17,82,,,11,70,,
2013/12/28,18,85,,,11,72,,
2013/12/28,19,86,,,11,73,,
2013/12/28,20,85,,,10,73,,
2013/12/28,21,57,,,7,48,,
2013/12/28,22,4,,,4,0,,
2013/12/28,23,4,,,4,0,,
2013/12/28,24,4,,,4,0,,
2013/12/29,01,4,,,4,0,,
2013/12/29,02,4,,,4,0,,
2013/12/29,03,4,,,4,0,,
2013/12/29,04,4,,,4,0,,
2013/12/29,05,4,,,4,0,,
2013/12/29,06,4,,,3,0,,
2013/12/29,07,5,,,4,0,,
2013/12/29,08,4,,,4,0,,
2013/12/29,09,4,,,4,0,,
2013/12/29,10,17,,,10,6,,
2013/12/29,11,78,,,15,62,,
2013/12/29,12,79,,,16,62,,
2013/12/29,13,75,,,12,61,,
2013/12/29,14,74,,,11,62,,
2013/12/29,15,74,,,11,62,,
2013/12/29,16,74,,,11,62,,
2013/12/29,17,83,,,11,70,,
2013/12/29,18,87,,,11,74,,
2013/12/29,19,87,,,12,74,,
2013/12/29,20,87,,,11,74,,
2013/12/29,21,27,,,5,22,,
2013/12/29,22,5,,,4,0,,
2013/12/29,23,4,,,4,0,,
2013/12/29,24,5,,,4,0,,
2013/12/30,01,4,,,4,0,,
2013/12/30,02,4,,,4,0,,
2013/12/30,03,5,,,4,0,,
2013/12/30,04,4,,,4,0,,
2013/12/30,05,5,,,4,0,,
2013/12/30,06,4,,,4,0,,
2013/12/30,07,4,,,4,0,,
2013/12/30,08,5,,,4,0,,
2013/12/30,09,4,,,4,0,,
2013/12/30,10,18,,,10,7,,
2013/12/30,11,79,,,15,62,,
2013/12/30,12,78,,,14,61,,
2013/12/30,13,72,,,10,62,,
2013/12/30,14,73,,,9,62,,
2013/12/30,15,72,,,9,62,,
2013/12/30,16,73,,,10,61,,
2013/12/30,17,81,,,10,70,,
2013/12/30,18,86,,,10,73,,
2013/12/30,19,85,,,10,74,,
2013/12/30,20,85,,,10,73,,
2013/12/30,21,33,,,9,23,,
2013/12/30,22,12,,,5,6,,
2013/12/30,23,4,,,3,0,,
2013/12/30,24,4,,,3,0,,
2013/12/31,01,4,,,3,0,,
2013/12/31,02,3,,,3,0,,
2013/12/31,03,4,,,3,0,,
2013/12/31,04,4,,,3,0,,
2013/12/31,05,3,,,3,0,,
2013/12/31,06,4,,,3,0,,
2013/12/31,07,4,,,3,0,,
2013/12/31,08,4,,,3,0,,
2013/12/31,09,4,,,3,0,,
2013/12/31,10,43,,,8,34,,
2013/12/31,11,69,,,13,55,,
2013/12/31,12,69,,,13,55,,
2013/12/31,13,72,,,8,62,,
2013/12/31,14,70,,,7,62,,
2013/12/31,15,71,,,7,62,,
2013/12/31,16,71,,,7,62,,
2013/12/31,17,80,,,8,71,,
2013/12/31,18,84,,,8,74,,
2013/12/31,19,82,,,7,73,,
2013/12/31,20,83,,,8,74,,
2013/12/31,21,47,,,6,40,,
2013/12/31,22,4,,,3,0,,
2013/12/31,23,3,,,3,0,,
2013/12/31,24,4,,,3,0,,
2014/01/01,01,3,,,3,0,,
2014/01/01,02,4,,,3,0,,
2014/01/01,03,4,,,3,0,,
2014/01/01,04,3,,,3,0,,
2014/01/01,05,4,,,3,0,,
2014/01/01,06,3,,,3,0,,
2014/01/01,07,4,,,3,0,,
2014/01/01,08,3,,,3,0,,
2014/01/01,09,28,,,4,22,,
2014/01/01,10,74,,,12,62,,
2014/01/01,11,78,,,13,63,,
2014/01/01,12,78,,,14,62,,
2014/01/01,13,73,,,9,63,,
2014/01/01,14,73,,,9,62,,
2014/01/01,15,73,,,9,62,,
2014/01/01,16,72,,,8,62,,
2014/01/01,17,81,,,9,71,,
2014/01/01,18,85,,,11,73,,
2014/01/01,19,87,,,11,74,,
2014/01/01,20,85,,,10,74,,
2014/01/01,21,19,,,6,13,,
2014/01/01,22,5,,,4,0,,
2014/01/01,23,5,,,4,0,,
2014/01/01,24,4,,,4,0,,
2014/01/02,01,5,,,4,0,,
2014/01/02,02,4,,,4,0,,
2014/01/02,03,5,,,4,0,,
2014/01/02,04,4,,,4,0,,
2014/01/02,05,5,,,4,0,,
2014/01/02,06,5,,,4,0,,
2014/01/02,07,4,,,4,0,,
2014/01/02,08,5,,,4,0,,
2014/01/02,09,4,,,4,0,,
2014/01/02,10,22,,,11,10,,
2014/01/02,11,78,,,15,61,,
2014/01/02,12,78,,,15,61,,
2014/01/02,13,75,,,12,62,,
2014/01/02,14,73,,,9,62,,
2014/01/02,15,72,,,9,62,,
2014/01/02,16,73,,,9,61,,
2014/01/02,17,82,,,10,71,,
2014/01/02,18,86,,,10,75,,
2014/01/02,19,87,,,10,74,,
2014/01/02,20,85,,,10,73,,
2014/01/02,21,47,,,8,38,,
2014/01/02,22,5,,,4,0,,
2014/01/02,23,5,,,4,0,,
2014/01/02,24,5,,,4,0,,
2014/01/03,01,5,,,4,0,,
2014/01/03,02,5,,,4,0,,
2014/01/03,03,4,,,4,0,,
2014/01/03,04,5,,,4,0,,
2014/01/03,05,5,,,4,0,,
2014/01/03,06,5,,,4,0,,
2014/01/03,07,5,,,4,0,,
2014/01/03,08,5,,,4,0,,
2014/01/03,09,5,,,4,0,,
2014/01/03,10,40,,,11,28,,
2014/01/03,11,78,,,15,61,,
2014/01/03,12,78,,,15,62,,
2014/01/03,13,73,,,10,62,,
2014/01/03,14,72,,,9,62,,
2014/01/03,15,73,,,9,62,,
2014/01/03,16,72,,,9,61,,
2014/01/03,17,81,,,9,71,,
2014/01/03,18,85,,,9,74,,
2014/01/03,19,85,,,10,73,,
2014/01/03,20,85,,,10,74,,
2014/01/03,21,46,,,8,37,,
2014/01/03,22,5,,,4,0,,
2014/01/03,23,5,,,5,0,,
2014/01/03,24,5,,,4,0,,
2014/01/04,01,5,,,4,0,,
2014/01/04,02,5,,,4,0,,
2014/01/04,03,5,,,4,0,,
2014/01/04,04,5,,,4,0,,
2014/01/04,05,5,,,4,0,,
2014/01/04,06,5,,,4,0,,
2014/01/04,07,5,,,4,0,,
2014/01/04,08,5,,,4,0,,
2014/01/04,09,5,,,4,0,,
2014/01/04,10,27,,,11,15,,
2014/01/04,11,75,,,15,59,,
2014/01/04,12,75,,,14,59,,
2014/01/04,13,71,,,10,60,,
2014/01/04,14,71,,,9,60,,
2014/01/04,15,70,,,9,60,,
2014/01/04,16,70,,,9,60,,
2014/01/04,17,80,,,9,69,,
2014/01/04,18,84,,,10,73,,
2014/01/04,19,87,,,10,74,,
2014/01/04,20,86,,,10,74,,
2014/01/04,21,17,,,5,11,,
2014/01/04,22,4,,,3,0,,
2014/01/04,23,4,,,3,0,,
2014/01/04,24,3,,,3,0,,
2014/01/05,01,4,,,3,0,,
2014/01/05,02,3,,,3,0,,
2014/01/05,03,4,,,3,0,,
2014/01/05,04,4,,,3,0,,
2014/01/05,05,3,,,3,0,,
2014/01/05,06,4,,,3,0,,
2014/01/05,07,3,,,3,0,,
2014/01/05,08,4,,,3,0,,
2014/01/05,09,4,,,3,0,,
2014/01/05,10,26,,,8,17,,
2014/01/05,11,76,,,13,61,,
2014/01/05,12,77,,,14,62,,
2014/01/05,13,73,,,9,62,,
2014/01/05,14,72,,,9,62,,
2014/01/05,15,73,,,9,62,,
2014/01/05,16,72,,,9,62,,
2014/01/05,17,81,,,9,70,,
2014/01/05,18,85,,,10,73,,
2014/01/05,19,86,,,11,73,,
2014/01/05,20,85,,,11,73,,
2014/01/05,21,31,,,8,21,,
2014/01/05,22,3,,,3,0,,
2014/01/05,23,4,,,3,0,,
2014/01/05,24,4,,,3,0,,
2014/01/06,01,4,,,3,0,,
2014/01/06,02,3,,,3,0,,
2014/01/06,03,4,,,3,0,,
2014/01/06,04,4,,,3,0,,
2014/01/06,05,4,,,3,0,,
2014/01/06,06,4,,,3,0,,
2014/01/06,07,3,,,3,0,,
2014/01/06,08,4,,,3,0,,
2014/01/06,09,4,,,3,0,,
2014/01/06,10,25,,,10,15,,
2014/01/06,11,76,,,14,61,,
2014/01/06,12,77,,,14,62,,
2014/01/06,13,76,,,13,61,,
2014/01/06,14,73,,,10,62,,
2014/01/06,15,73,,,9,61,,
2014/01/06,16,73,,,10,62,,
2014/01/06,17,82,,,11,70,,
2014/01/06,18,88,,,12,73,,
2014/01/06,19,86,,,12,73,,
2014/01/06,20,85,,,10,73,,
2014/01/06,21,33,,,7,26,,
2014/01/06,22,9,,,5,4,,
2014/01/06,23,7,,,5,2,,
2014/01/06,24,6,,,4,0,,
2014/01/07,01,4,,,4,0,,
2014/01/07,02,4,,,3,0,,
2014/01/07,03,3,,,3,0,,
2014/01/07,04,4,,,3,0,,
2014/01/07,05,4,,,3,0,,
2014/01/07,06,4,,,3,0,,
2014/01/07,07,3,,,3,0,,
2014/01/07,08,4,,,3,0,,
2014/01/07,09,4,,,3,0,,
2014/01/07,10,34,,,5,29,,
2014/01/07,11,76,,,12,62,,
2014/01/07,12,75,,,12,62,,
2014/01/07,13,76,,,13,62,,
2014/01/07,14,72,,,9,61,,
2014/01/07,15,70,,,7,62,,
2014/01/07,16,71,,,7,62,,
2014/01/07,17,79,,,8,70,,
2014/01/07,18,84,,,8,74,,
2014/01/07,19,83,,,8,74,,
2014/01/07,20,82,,,7,73,,
2014/01/07,21,36,,,6,29,,
2014/01/07,22,5,,,4,0,,
2014/01/07,23,5,,,4,0,,
2014/01/07,24,4,,,4,0,,
2014/01/08,01,5,,,4,0,,
2014/01/08,02,4,,,4,0,,
2014/01/08,03,5,,,4,0,,
2014/01/08,04,4,,,4,0,,
2014/01/08,05,5,,,4,0,,
2014/01/08,06,5,,,4,0,,
2014/01/08,07,4,,,4,0,,
2014/01/08,08,5,,,4,0,,
2014/01/08,09,4,,,4,0,,
2014/01/08,10,44,,,10,33,,
2014/01/08,11,70,,,14,55,,
2014/01/08,12,71,,,14,56,,
2014/01/08,13,71,,,14,55,,
2014/01/08,14,71,,,15,55,,
2014/01/08,15,71,,,15,55,,
2014/01/08,16,66,,,9,55,,
2014/01/08,17,74,,,9,64,,
2014/01/08,18,80,,,11,67,,
2014/01/08,19,79,,,11,67,,
2014/01/08,20,79,,,10,67,,
2014/01/08,21,45,,,6,38,,
2014/01/08,22,4,,,3,0,,
2014/01/08,23,3,,,3,0,,
2014/01/08,24,4,,,3,0,,
2014/01/09,01,4,,,3,0,,
2014/01/09,02,4,,,3,0,,
2014/01/09,03,4,,,3,0,,
2014/01/09,04,4,,,3,0,,
2014/01/09,05,4,,,3,0,,
2014/01/09,06,4,,,3,0,,
2014/01/09,07,3,,,3,0,,
2014/01/09,08,4,,,3,0,,
2014/01/09,09,4,,,3,0,,
2014/01/09,10,24,,,9,14,,
2014/01/09,11,79,,,15,61,,
2014/01/09,12,78,,,15,62,,
2014/01/09,13,74,,,10,62,,
2014/01/09,14,73,,,9,62,,
2014/01/09,15,73,,,9,62,,
2014/01/09,16,73,,,9,62,,
2014/01/09,17,83,,,11,70,,
2014/01/09,18,87,,,12,74,,
2014/01/09,19,87,,,12,73,,
2014/01/09,20,86,,,10,74,,
2014/01/09,21,62,,,7,54,,
2014/01/09,22,4,,,3,0,,
2014/01/09,23,4,,,3,0,,
2014/01/09,24,4,,,3,0,,
2014/01/10,01,4,,,3,0,,
2014/01/10,02,4,,,3,0,,
2014/01/10,03,3,,,3,0,,
2014/01/10,04,4,,,3,0,,
2014/01/10,05,4,,,3,0,,
2014/01/10,06,4,,,3,0,,
2014/01/10,07,4,,,3,0,,
2014/01/10,08,4,,,3,0,,
2014/01/10,09,3,,,3,0,,
2014/01/10,10,49,,,9,39,,
2014/01/10,11,76,,,13,62,,
2014/01/10,12,76,,,13,62,,
2014/01/10,13,77,,,14,62,,
2014/01/10,14,77,,,13,63,,
2014/01/10,15,74,,,10,62,,
2014/01/10,16,74,,,11,62,,
2014/01/10,17,82,,,10,70,,
2014/01/10,18,85,,,10,74,,
2014/01/10,19,84,,,9,73,,
2014/01/10,20,82,,,8,73,,
2014/01/10,21,36,,,6,28,,
2014/01/10,22,4,,,3,0,,
2014/01/10,23,3,,,3,0,,
2014/01/10,24,4,,,3,0,,
2014/01/11,01,4,,,3,0,,
2014/01/11,02,3,,,3,0,,
2014/01/11,03,4,,,3,0,,
2014/01/11,04,4,,,3,0,,
2014/01/11,05,4,,,3,0,,
2014/01/11,06,3,,,3,0,,
2014/01/11,07,4,,,3,0,,
2014/01/11,08,4,,,3,0,,
2014/01/11,09,3,,,3,0,,
2014/01/11,10,16,,,9,6,,
2014/01/11,11,77,,,14,61,,
2014/01/11,12,78,,,15,62,,
2014/01/11,13,79,,,15,62,,
2014/01/11,14,75,,,11,62,,
2014/01/11,15,73,,,9,62,,
2014/01/11,16,72,,,9,62,,
2014/01/11,17,83,,,10,71,,
2014/01/11,18,85,,,10,73,,
2014/01/11,19,88,,,12,74,,
2014/01/11,20,86,,,11,73,,
2014/01/11,21,46,,,9,37,,
2014/01/11,22,7,,,6,0,,
2014/01/11,23,6,,,6,0,,
2014/01/11,24,7,,,6,0,,
2014/01/12,01,6,,,6,0,,
2014/01/12,02,7,,,6,0,,
2014/01/12,03,6,,,6,0,,
2014/01/12,04,6,,,5,0,,
2014/01/12,05,6,,,5,0,,
2014/01/12,06,6,,,5,0,,
2014/01/12,07,6,,,5,0,,
2014/01/12,08,6,,,5,0,,
2014/01/12,09,6,,,5,0,,
2014/01/12,10,19,,,11,8,,
2014/01/12,11,77,,,14,61,,
2014/01/12,12,77,,,14,62,,
2014/01/12,13,74,,,10,62,,
2014/01/12,14,73,,,9,62,,
2014/01/12,15,73,,,9,62,,
2014/01/12,16,73,,,10,61,,
2014/01/12,17,81,,,10,70,,
2014/01/12,18,85,,,10,74,,
2014/01/12,19,85,,,9,74,,
2014/01/12,20,85,,,10,74,,
2014/01/12,21,37,,,9,27,,
2014/01/12,22,5,,,4,0,,
2014/01/12,23,4,,,4,0,,
2014/01/12,24,5,,,4,0,,
2014/01/13,01,4,,,4,0,,
2014/01/13,02,5,,,4,0,,
2014/01/13,03,4,,,4,0,,
2014/01/13,04,5,,,4,0,,
2014/01/13,05,5,,,4,0,,
2014/01/13,06,4,,,4,0,,
2014/01/13,07,5,,,4,0,,
2014/01/13,08,4,,,4,0,,
2014/01/13,09,5,,,4,0,,
2014/01/13,10,20,,,10,10,,
2014/01/13,11,77,,,14,62,,
2014/01/13,12,77,,,14,61,,
2014/01/13,13,77,,,14,62,,
2014/01/13,14,76,,,12,62,,
2014/01/13,15,72,,,8,63,,
2014/01/13,16,71,,,8,62,,
2014/01/13,17,82,,,10,70,,
2014/01/13,18,86,,,10,74,,
2014/01/13,19,86,,,10,74,,
2014/01/13,20,85,,,10,73,,
2014/01/13,21,53,,,6,46,,
2014/01/13,22,4,,,3,0,,
2014/01/13,23,4,,,3,0,,
2014/01/13,24,4,,,3,0,,
2014/01/14,01,4,,,3,0,,
2014/01/14,02,3,,,3,0,,
2014/01/14,03,4,,,3,0,,
2014/01/14,04,4,,,3,0,,
2014/01/14,05,4,,,3,0,,
2014/01/14,06,4,,,3,0,,
2014/01/14,07,4,,,3,0,,
2014/01/14,08,4,,,4,0,,
2014/01/14,09,4,,,3,0,,
2014/01/14,10,47,,,8,38,,
2014/01/14,11,70,,,12,56,,
2014/01/14,12,69,,,12,56,,
2014/01/14,13,71,,,14,56,,
2014/01/14,14,68,,,11,56,,
2014/01/14,15,65,,,8,56,,
2014/01/14,16,66,,,8,56,,
2014/01/14,17,75,,,8,66,,
2014/01/14,18,79,,,10,68,,
2014/01/14,19,83,,,13,67,,
2014/01/14,20,80,,,11,68,,
2014/01/14,21,53,,,7,45,,
2014/01/14,22,11,,,4,6,,
2014/01/14,23,4,,,3,0,,
2014/01/14,24,3,,,3,0,,
2014/01/15,01,4,,,3,0,,
2014/01/15,02,3,,,3,0,,
2014/01/15,03,4,,,3,0,,
2014/01/15,04,3,,,3,0,,
2014/01/15,05,4,,,3,0,,
2014/01/15,06,3,,,3,0,,
2014/01/15,07,4,,,3,0,,
2014/01/15,08,3,,,3,0,,
2014/01/15,09,3,,,3,0,,
2014/01/15,10,24,,,9,14,,
2014/01/15,11,75,,,13,61,,
2014/01/15,12,78,,,14,62,,
2014/01/15,13,78,,,15,62,,
2014/01/15,14,75,,,11,62,,
2014/01/15,15,72,,,9,62,,
2014/01/15,16,73,,,9,62,,
2014/01/15,17,81,,,9,70,,
2014/01/15,18,85,,,9,73,,
2014/01/15,19,85,,,9,74,,
2014/01/15,20,84,,,10,73,,
2014/01/15,21,45,,,8,36,,
2014/01/15,22,4,,,3,0,,
2014/01/15,23,4,,,3,0,,
2014/01/15,24,4,,,3,0,,
2014/01/16,01,4,,,4,0,,
2014/01/16,02,4,,,3,0,,
2014/01/16,03,4,,,3,0,,
2014/01/16,04,4,,,3,0,,
2014/01/16,05,4,,,3,0,,
2014/01/16,06,4,,,3,0,,
2014/01/16,07,4,,,3,0,,
2014/01/16,08,4,,,3,0,,
2014/01/16,09,4,,,3,0,,
2014/01/16,10,19,,,9,9,,
2014/01/16,11,76,,,14,61,,
2014/01/16,12,79,,,15,62,,
2014/01/16,13,77,,,13,62,,
2014/01/16,14,72,,,10,62,,
2014/01/16,15,74,,,10,62,,
2014/01/16,16,72,,,9,62,,
2014/01/16,17,81,,,9,70,,
2014/01/16,18,85,,,10,73,,
2014/01/16,19,85,,,10,73,,
2014/01/16,20,85,,,10,73,,
2014/01/16,21,22,,,6,16,,
2014/01/16,22,4,,,3,0,,
2014/01/16,23,3,,,3,0,,
2014/01/16,24,4,,,3,0,,
2014/01/17,01,4,,,3,0,,
2014/01/17,02,3,,,3,0,,
2014/01/17,03,4,,,3,0,,
2014/01/17,04,4,,,3,0,,
2014/01/17,05,3,,,3,0,,
2014/01/17,06,4,,,3,0,,
2014/01/17,07,3,,,3,0,,
2014/01/17,08,4,,,3,0,,
2014/01/17,09,3,,,3,0,,
2014/01/17,10,18,,,9,8,,
2014/01/17,11,77,,,14,61,,
2014/01/17,12,78,,,15,62,,
2014/01/17,13,74,,,11,61,,
2014/01/17,14,73,,,10,62,,
2014/01/17,15,74,,,10,62,,
2014/01/17,16,73,,,10,62,,
2014/01/17,17,82,,,9,71,,
2014/01/17,18,85,,,10,73,,
2014/01/17,19,86,,,12,73,,
2014/01/17,20,86,,,11,72,,
2014/01/17,21,26,,,7,18,,
2014/01/17,22,4,,,4,0,,
2014/01/17,23,5,,,4,0,,
2014/01/17,24,4,,,4,0,,
2014/01/18,01,5,,,4,0,,
2014/01/18,02,4,,,4,0,,
2014/01/18,03,5,,,4,0,,
2014/01/18,04,4,,,4,0,,
2014/01/18,05,5,,,4,0,,
2014/01/18,06,4,,,4,0,,
2014/01/18,07,5,,,4,0,,
2014/01/18,08,4,,,4,0,,
2014/01/18,09,4,,,4,0,,
2014/01/18,10,38,,,10,27,,
2014/01/18,11,74,,,13,60,,
2014/01/18,12,78,,,14,62,,
2014/01/18,13,74,,,12,61,,
2014/01/18,14,73,,,10,62,,
2014/01/18,15,72,,,9,61,,
2014/01/18,16,74,,,10,62,,
2014/01/18,17,82,,,10,70,,
2014/01/18,18,83,,,9,72,,
2014/01/18,19,85,,,10,74,,
2014/01/18,20,84,,,9,73,,
2014/01/18,21,70,,,6,63,,
2014/01/18,22,33,,,4,28,,
2014/01/18,23,4,,,4,0,,
2014/01/18,24,4,,,3,0,,
2014/01/19,01,4,,,3,0,,
2014/01/19,02,5,,,4,0,,
2014/01/19,03,4,,,3,0,,
2014/01/19,04,3,,,3,0,,
2014/01/19,05,4,,,3,0,,
2014/01/19,06,4,,,3,0,,
2014/01/19,07,4,,,3,0,,
2014/01/19,08,4,,,3,0,,
2014/01/19,09,4,,,3,0,,
2014/01/19,10,54,,,10,42,,
2014/01/19,11,76,,,13,61,,
2014/01/19,12,77,,,14,62,,
2014/01/19,13,77,,,14,61,,
2014/01/19,14,76,,,14,61,,
2014/01/19,15,76,,,12,62,,
2014/01/19,16,74,,,11,62,,
2014/01/19,17,84,,,11,71,,
2014/01/19,18,87,,,12,73,,
2014/01/19,19,88,,,14,73,,
2014/01/19,20,85,,,11,72,,
2014/01/19,21,39,,,6,32,,
2014/01/19,22,4,,,3,0,,
2014/01/19,23,4,,,4,0,,
2014/01/19,24,4,,,3,0,,
2014/01/20,01,4,,,3,0,,
2014/01/20,02,4,,,3,0,,
2014/01/20,03,4,,,3,0,,
2014/01/20,04,4,,,4,0,,
2014/01/20,05,4,,,3,0,,
2014/01/20,06,3,,,3,0,,
2014/01/20,07,4,,,3,0,,
2014/01/20,08,4,,,3,0,,
2014/01/20,09,4,,,3,0,,
2014/01/20,10,23,,,9,13,,
2014/01/20,11,75,,,13,61,,
2014/01/20,12,77,,,15,61,,
2014/01/20,13,78,,,15,61,,
2014/01/20,14,74,,,12,61,,
2014/01/20,15,74,,,11,61,,
2014/01/20,16,74,,,11,62,,
2014/01/20,17,84,,,13,70,,
2014/01/20,18,87,,,12,73,,
2014/01/20,19,86,,,12,73,,
2014/01/20,20,87,,,12,74,,
2014/01/20,21,40,,,8,30,,
2014/01/20,22,3,,,3,0,,
2014/01/20,23,4,,,3,0,,
2014/01/20,24,4,,,3,0,,
2014/01/21,01,3,,,3,0,,
2014/01/21,02,4,,,3,0,,
2014/01/21,03,3,,,3,0,,
2014/01/21,04,4,,,3,0,,
2014/01/21,05,4,,,3,0,,
2014/01/21,06,3,,,3,0,,
2014/01/21,07,4,,,3,0,,
2014/01/21,08,3,,,3,0,,
2014/01/21,09,4,,,3,0,,
2014/01/21,10,54,,,12,41,,
2014/01/21,11,79,,,17,62,,
2014/01/21,12,77,,,13,62,,
2014/01/21,13,74,,,10,63,,
2014/01/21,14,72,,,9,62,,
2014/01/21,15,73,,,10,62,,
2014/01/21,16,75,,,11,62,,
2014/01/21,17,82,,,11,70,,
2014/01/21,18,85,,,10,73,,
2014/01/21,19,85,,,10,73,,
2014/01/21,20,85,,,10,73,,
2014/01/21,21,43,,,7,35,,
2014/01/21,22,3,,,3,0,,
2014/01/21,23,4,,,3,0,,
2014/01/21,24,3,,,3,0,,
2014/01/22,01,4,,,3,0,,
2014/01/22,02,4,,,3,0,,
2014/01/22,03,3,,,3,0,,
2014/01/22,04,4,,,3,0,,
2014/01/22,05,3,,,3,0,,
2014/01/22,06,4,,,3,0,,
2014/01/22,07,3,,,3,0,,
2014/01/22,08,4,,,3,0,,
2014/01/22,09,4,,,3,0,,
2014/01/22,10,23,,,11,11,,
2014/01/22,11,80,,,18,61,,
2014/01/22,12,81,,,17,62,,
2014/01/22,13,77,,,13,62,,
2014/01/22,14,75,,,12,62,,
2014/01/22,15,75,,,11,61,,
2014/01/22,16,76,,,13,62,,
2014/01/22,17,85,,,12,71,,
2014/01/22,18,87,,,12,73,,
2014/01/22,19,87,,,12,74,,
2014/01/22,20,88,,,12,74,,
2014/01/22,21,36,,,10,26,,
2014/01/22,22,5,,,4,0,,
2014/01/22,23,4,,,4,0,,
2014/01/22,24,5,,,4,0,,
2014/01/23,01,4,,,4,0,,
2014/01/23,02,5,,,4,0,,
2014/01/23,03,4,,,4,0,,
2014/01/23,04,5,,,4,0,,
2014/01/23,05,4,,,4,0,,
2014/01/23,06,4,,,4,0,,
2014/01/23,07,5,,,4,0,,
2014/01/23,08,4,,,4,0,,
2014/01/23,09,5,,,4,0,,
2014/01/23,10,19,,,13,5,,
2014/01/23,11,80,,,17,61,,
2014/01/23,12,76,,,13,61,,
2014/01/23,13,75,,,12,62,,
2014/01/23,14,75,,,11,62,,
2014/01/23,15,75,,,11,62,,
2014/01/23,16,76,,,12,62,,
2014/01/23,17,85,,,12,71,,
2014/01/23,18,88,,,12,74,,
2014/01/23,19,88,,,13,74,,
2014/01/23,20,88,,,13,73,,
2014/01/23,21,42,,,12,28,,
2014/01/23,22,20,,,8,11,,
2014/01/23,23,4,,,4,0,,
2014/01/23,24,5,,,4,0,,
2014/01/24,01,4,,,4,0,,
2014/01/24,02,5,,,4,0,,
2014/01/24,03,5,,,4,0,,
2014/01/24,04,4,,,4,0,,
2014/01/24,05,5,,,4,0,,
2014/01/24,06,4,,,4,0,,
2014/01/24,07,5,,,4,0,,
2014/01/24,08,4,,,4,0,,
2014/01/24,09,65,,,4,59,,
2014/01/24,10,67,,,5,62,,
2014/01/24,11,83,,,19,62,,
2014/01/24,12,74,,,11,61,,
2014/01/24,13,73,,,10,62,,
2014/01/24,14,74,,,10,62,,
2014/01/24,15,74,,,11,62,,
2014/01/24,16,74,,,11,62,,
2014/01/24,17,82,,,10,70,,
2014/01/24,18,85,,,10,73,,
2014/01/24,19,87,,,11,74,,
2014/01/24,20,85,,,11,73,,
2014/01/24,21,22,,,6,15,,
2014/01/24,22,4,,,3,0,,
2014/01/24,23,3,,,3,0,,
2014/01/24,24,4,,,3,0,,
2014/01/25,01,4,,,3,0,,
2014/01/25,02,3,,,3,0,,
2014/01/25,03,4,,,3,0,,
2014/01/25,04,3,,,3,0,,
2014/01/25,05,4,,,3,0,,
2014/01/25,06,4,,,3,0,,
2014/01/25,07,3,,,3,0,,
2014/01/25,08,5,,,5,0,,
2014/01/25,09,10,,,9,0,,
2014/01/25,10,31,,,15,15,,
2014/01/25,11,82,,,18,62,,
2014/01/25,12,76,,,12,63,,
2014/01/25,13,76,,,12,62,,
2014/01/25,14,77,,,12,63,,
2014/01/25,15,75,,,12,63,,
2014/01/25,16,75,,,11,62,,
2014/01/25,17,78,,,11,65,,
2014/01/25,18,86,,,11,73,,
2014/01/25,19,87,,,12,73,,
2014/01/25,20,86,,,12,72,,
2014/01/25,21,21,,,7,13,,
2014/01/25,22,4,,,4,0,,
2014/01/25,23,5,,,4,0,,
2014/01/25,24,4,,,4,0,,
2014/01/26,01,4,,,4,0,,
2014/01/26,02,5,,,4,0,,
2014/01/26,03,4,,,4,0,,
2014/01/26,04,5,,,4,0,,
2014/01/26,05,4,,,4,0,,
2014/01/26,06,4,,,4,0,,
2014/01/26,07,5,,,4,0,,
2014/01/26,08,4,,,4,0,,
2014/01/26,09,5,,,4,0,,
2014/01/26,10,20,,,13,7,,
2014/01/26,11,80,,,17,62,,
2014/01/26,12,75,,,12,61,,
2014/01/26,13,76,,,12,62,,
2014/01/26,14,74,,,12,61,,
2014/01/26,15,73,,,11,61,,
2014/01/26,16,74,,,11,62,,
2014/01/26,17,79,,,12,65,,
2014/01/26,18,86,,,12,73,,
2014/01/26,19,86,,,12,73,,
2014/01/26,20,88,,,12,74,,
2014/01/26,21,65,,,11,53,,
2014/01/26,22,5,,,4,0,,
2014/01/26,23,5,,,4,0,,
2014/01/26,24,5,,,4,0,,
2014/01/27,01,4,,,4,0,,
2014/01/27,02,5,,,4,0,,
2014/01/27,03,5,,,4,0,,
2014/01/27,04,5,,,4,0,,
2014/01/27,05,4,,,4,0,,
2014/01/27,06,5,,,4,0,,
2014/01/27,07,5,,,4,0,,
2014/01/27,08,4,,,4,0,,
2014/01/27,09,5,,,4,0,,
2014/01/27,10,20,,,13,6,,
2014/01/27,11,82,,,19,62,,
2014/01/27,12,76,,,13,62,,
2014/01/27,13,75,,,11,62,,
2014/01/27,14,75,,,11,62,,
2014/01/27,15,75,,,12,62,,
2014/01/27,16,75,,,11,62,,
2014/01/27,17,78,,,11,65,,
2014/01/27,18,86,,,11,72,,
2014/01/27,19,86,,,11,74,,
2014/01/27,20,85,,,11,73,,
2014/01/27,21,64,,,10,53,,
2014/01/27,22,4,,,4,0,,
2014/01/27,23,5,,,4,0,,
2014/01/27,24,4,,,4,0,,
2014/01/28,01,4,,,4,0,,
2014/01/28,02,4,,,4,0,,
2014/01/28,03,5,,,4,0,,
2014/01/28,04,4,,,4,0,,
2014/01/28,05,4,,,4,0,,
2014/01/28,06,4,,,4,0,,
2014/01/28,07,5,,,4,0,,
2014/01/28,08,4,,,4,0,,
2014/01/28,09,4,,,4,0,,
2014/01/28,10,51,,,13,37,,
2014/01/28,11,76,,,18,57,,
2014/01/28,12,70,,,12,57,,
2014/01/28,13,70,,,10,59,,
2014/01/28,14,71,,,10,60,,
2014/01/28,15,72,,,10,60,,
2014/01/28,16,71,,,10,59,,
2014/01/28,17,74,,,11,62,,
2014/01/28,18,85,,,11,72,,
2014/01/28,19,84,,,11,72,,
2014/01/28,20,82,,,11,70,,
2014/01/28,21,50,,,8,41,,
2014/01/28,22,5,,,4,0,,
2014/01/28,23,4,,,4,0,,
2014/01/28,24,4,,,4,0,,
2014/01/29,01,4,,,4,0,,
2014/01/29,02,4,,,4,0,,
2014/01/29,03,4,,,4,0,,
2014/01/29,04,5,,,4,0,,
2014/01/29,05,4,,,4,0,,
2014/01/29,06,4,,,4,0,,
2014/01/29,07,4,,,3,0,,
2014/01/29,08,4,,,4,0,,
2014/01/29,09,4,,,4,0,,
2014/01/29,10,22,,,14,7,,
2014/01/29,11,82,,,17,62,,
2014/01/29,12,74,,,12,61,,
2014/01/29,13,75,,,12,62,,
2014/01/29,14,75,,,11,62,,
2014/01/29,15,75,,,11,62,,
2014/01/29,16,74,,,11,62,,
2014/01/29,17,78,,,11,65,,
2014/01/29,18,87,,,12,73,,
2014/01/29,19,87,,,12,74,,
2014/01/29,20,88,,,12,74,,
2014/01/29,21,32,,,10,21,,
2014/01/29,22,6,,,4,2,,
2014/01/29,23,5,,,4,1,,
2014/01/29,24,4,,,3,0,,
2014/01/30,01,4,,,3,0,,
2014/01/30,02,4,,,3,0,,
2014/01/30,03,3,,,3,0,,
2014/01/30,04,4,,,3,0,,
2014/01/30,05,4,,,3,0,,
2014/01/30,06,3,,,3,0,,
2014/01/30,07,4,,,3,0,,
2014/01/30,08,4,,,3,0,,
2014/01/30,09,4,,,3,0,,
2014/01/30,10,32,,,14,17,,
2014/01/30,11,80,,,17,61,,
2014/01/30,12,74,,,11,62,,
2014/01/30,13,75,,,11,62,,
2014/01/30,14,75,,,12,61,,
2014/01/30,15,76,,,13,62,,
2014/01/30,16,76,,,12,62,,
2014/01/30,17,80,,,13,65,,
2014/01/30,18,88,,,13,73,,
2014/01/30,19,87,,,12,74,,
2014/01/30,20,88,,,12,73,,
2014/01/30,21,33,,,9,23,,
2014/01/30,22,4,,,4,0,,
2014/01/30,23,4,,,4,0,,
2014/01/30,24,4,,,4,0,,
2014/01/31,01,5,,,4,0,,
2014/01/31,02,4,,,4,0,,
2014/01/31,03,4,,,4,0,,
2014/01/31,04,4,,,4,0,,
2014/01/31,05,4,,,4,0,,
2014/01/31,06,4,,,4,0,,
2014/01/31,07,4,,,3,0,,
2014/01/31,08,4,,,4,0,,
2014/01/31,09,4,,,4,0,,
2014/01/31,10,20,,,12,6,,
2014/01/31,11,80,,,16,62,,
2014/01/31,12,76,,,12,63,,
2014/01/31,13,75,,,12,62,,
2014/01/31,14,76,,,12,62,,
2014/01/31,15,75,,,12,62,,
2014/01/31,16,76,,,12,62,,
2014/01/31,17,78,,,12,65,,
2014/01/31,18,87,,,12,73,,
2014/01/31,19,88,,,12,74,,
2014/01/31,20,87,,,12,73,,
2014/01/31,21,42,,,11,30,,
2014/01/31,22,35,,,11,23,,
2014/01/31,23,28,,,11,17,,
2014/01/31,24,4,,,4,0,,
2014/02/01,01,4,,,3,0,,
2014/02/01,02,4,,,3,0,,
2014/02/01,03,4,,,3,0,,
2014/02/01,04,3,,,3,0,,
2014/02/01,05,4,,,3,0,,
2014/02/01,06,4,,,3,0,,
2014/02/01,07,4,,,3,0,,
2014/02/01,08,4,,,3,0,,
2014/02/01,09,4,,,3,0,,
2014/02/01,10,62,,,14,48,,
2014/02/01,11,71,,,16,53,,
2014/02/01,12,66,,,11,53,,
2014/02/01,13,72,,,11,60,,
2014/02/01,14,72,,,11,60,,
2014/02/01,15,70,,,10,59,,
2014/02/01,16,68,,,8,59,,
2014/02/01,17,70,,,7,62,,
2014/02/01,18,79,,,6,71,,
2014/02/01,19,78,,,6,71,,
2014/02/01,20,79,,,6,70,,
2014/02/01,21,58,,,5,51,,
2014/02/01,22,3,,,3,0,,
2014/02/01,23,4,,,3,0,,
2014/02/01,24,4,,,3,0,,
2014/02/02,01,3,,,3,0,,
2014/02/02,02,4,,,3,0,,
2014/02/02,03,4,,,3,0,,
2014/02/02,04,3,,,3,0,,
2014/02/02,05,4,,,3,0,,
2014/02/02,06,4,,,3,0,,
2014/02/02,07,3,,,3,0,,
2014/02/02,08,4,,,3,0,,
2014/02/02,09,4,,,3,0,,
2014/02/02,10,28,,,14,13,,
2014/02/02,11,80,,,17,62,,
2014/02/02,12,75,,,12,61,,
2014/02/02,13,77,,,13,62,,
2014/02/02,14,76,,,13,62,,
2014/02/02,15,77,,,12,63,,
2014/02/02,16,76,,,11,63,,
2014/02/02,17,78,,,11,66,,
2014/02/02,18,87,,,12,73,,
2014/02/02,19,87,,,12,74,,
2014/02/02,20,88,,,12,74,,
2014/02/02,21,23,,,8,14,,
2014/02/02,22,4,,,4,0,,
2014/02/02,23,5,,,4,0,,
2014/02/02,24,4,,,4,0,,
2014/02/03,01,5,,,4,0,,
2014/02/03,02,5,,,4,0,,
2014/02/03,03,4,,,4,0,,
2014/02/03,04,5,,,4,0,,
2014/02/03,05,4,,,4,0,,
2014/02/03,06,5,,,4,0,,
2014/02/03,07,4,,,4,0,,
2014/02/03,08,5,,,4,0,,
2014/02/03,09,4,,,4,0,,
2014/02/03,10,46,,,13,32,,
2014/02/03,11,74,,,14,60,,
2014/02/03,12,74,,,11,61,,
2014/02/03,13,75,,,11,62,,
2014/02/03,14,75,,,11,62,,
2014/02/03,15,75,,,11,62,,
2014/02/03,16,74,,,11,62,,
2014/02/03,17,77,,,11,65,,
2014/02/03,18,85,,,10,73,,
2014/02/03,19,86,,,11,73,,
2014/02/03,20,84,,,10,73,,
2014/02/03,21,33,,,6,25,,
2014/02/03,22,3,,,3,0,,
2014/02/03,23,4,,,3,0,,
2014/02/03,24,4,,,3,0,,
2014/02/04,01,4,,,3,0,,
2014/02/04,02,3,,,3,0,,
2014/02/04,03,4,,,3,0,,
2014/02/04,04,4,,,3,0,,
2014/02/04,05,3,,,3,0,,
2014/02/04,06,4,,,3,0,,
2014/02/04,07,4,,,3,0,,
2014/02/04,08,3,,,3,0,,
2014/02/04,09,4,,,3,0,,
2014/02/04,10,51,,,12,38,,
2014/02/04,11,70,,,15,54,,
2014/02/04,12,65,,,10,54,,
2014/02/04,13,65,,,10,53,,
2014/02/04,14,65,,,11,53,,
2014/02/04,15,65,,,10,53,,
2014/02/04,16,66,,,11,54,,
2014/02/04,17,73,,,12,59,,
2014/02/04,18,82,,,12,69,,
2014/02/04,19,84,,,12,70,,
2014/02/04,20,81,,,11,68,,
2014/02/04,21,36,,,7,27,,
2014/02/04,22,3,,,3,0,,
2014/02/04,23,4,,,3,0,,
2014/02/04,24,4,,,3,0,,
2014/02/05,01,4,,,3,0,,
2014/02/05,02,4,,,3,0,,
2014/02/05,03,4,,,3,0,,
2014/02/05,04,3,,,3,0,,
2014/02/05,05,4,,,3,0,,
2014/02/05,06,4,,,3,0,,
2014/02/05,07,3,,,3,0,,
2014/02/05,08,4,,,3,0,,
2014/02/05,09,4,,,3,0,,
2014/02/05,10,24,,,12,11,,
2014/02/05,11,80,,,18,61,,
2014/02/05,12,80,,,17,62,,
2014/02/05,13,76,,,13,62,,
2014/02/05,14,73,,,11,61,,
2014/02/05,15,78,,,14,62,,
2014/02/05,16,74,,,11,61,,
2014/02/05,17,79,,,13,65,,
2014/02/05,18,87,,,12,73,,
2014/02/05,19,89,,,13,74,,
2014/02/05,20,87,,,12,73,,
2014/02/05,21,42,,,7,34,,
2014/02/05,22,4,,,4,0,,
2014/02/05,23,5,,,4,0,,
2014/02/05,24,4,,,4,0,,
2014/02/06,01,5,,,4,0,,
2014/02/06,02,4,,,4,0,,
2014/02/06,03,5,,,4,0,,
2014/02/06,04,4,,,4,0,,
2014/02/06,05,5,,,4,0,,
2014/02/06,06,4,,,4,0,,
2014/02/06,07,5,,,4,0,,
2014/02/06,08,5,,,4,0,,
2014/02/06,09,4,,,4,0,,
2014/02/06,10,27,,,14,12,,
2014/02/06,11,81,,,19,61,,
2014/02/06,12,78,,,14,62,,
2014/02/06,13,77,,,14,62,,
2014/02/06,14,77,,,14,62,,
2014/02/06,15,76,,,13,61,,
2014/02/06,16,76,,,15,61,,
2014/02/06,17,79,,,13,64,,
2014/02/06,18,87,,,13,73,,
2014/02/06,19,88,,,14,73,,
2014/02/06,20,87,,,12,73,,
2014/02/06,21,25,,,8,17,,
2014/02/06,22,4,,,3,0,,
2014/02/06,23,4,,,3,0,,
2014/02/06,24,3,,,3,0,,
2014/02/07,01,4,,,3,0,,
2014/02/07,02,4,,,3,0,,
2014/02/07,03,3,,,3,0,,
2014/02/07,04,4,,,3,0,,
2014/02/07,05,4,,,3,0,,
2014/02/07,06,3,,,3,0,,
2014/02/07,07,4,,,3,0,,
2014/02/07,08,4,,,3,0,,
2014/02/07,09,3,,,3,0,,
2014/02/07,10,17,,,13,4,,
2014/02/07,11,82,,,19,61,,
2014/02/07,12,77,,,13,62,,
2014/02/07,13,74,,,12,61,,
2014/02/07,14,75,,,12,61,,
2014/02/07,15,75,,,12,61,,
2014/02/07,16,75,,,12,62,,
2014/02/07,17,77,,,12,64,,
2014/02/07,18,86,,,12,72,,
2014/02/07,19,87,,,12,74,,
2014/02/07,20,87,,,12,73,,
2014/02/07,21,30,,,8,20,,
2014/02/07,22,3,,,3,0,,
2014/02/07,23,4,,,3,0,,
2014/02/07,24,4,,,3,0,,
2014/02/08,01,4,,,3,0,,
2014/02/08,02,3,,,3,0,,
2014/02/08,03,4,,,3,0,,
2014/02/08,04,4,,,3,0,,
2014/02/08,05,4,,,3,0,,
2014/02/08,06,3,,,3,0,,
2014/02/08,07,4,,,3,0,,
2014/02/08,08,4,,,3,0,,
2014/02/08,09,3,,,3,0,,
2014/02/08,10,18,,,12,6,,
2014/02/08,11,82,,,19,61,,
2014/02/08,12,75,,,12,61,,
2014/02/08,13,78,,,14,62,,
2014/02/08,14,75,,,12,62,,
2014/02/08,15,76,,,12,62,,
2014/02/08,16,75,,,12,62,,
2014/02/08,17,79,,,12,64,,
2014/02/08,18,87,,,13,73,,
2014/02/08,19,89,,,13,73,,
2014/02/08,20,86,,,12,73,,
2014/02/08,21,16,,,6,9,,
2014/02/08,22,4,,,4,0,,
2014/02/08,23,4,,,4,0,,
2014/02/08,24,4,,,3,0,,
2014/02/09,01,4,,,4,0,,
2014/02/09,02,4,,,4,0,,
2014/02/09,03,4,,,3,0,,
2014/02/09,04,4,,,3,0,,
2014/02/09,05,4,,,3,0,,
2014/02/09,06,4,,,3,0,,
2014/02/09,07,4,,,3,0,,
2014/02/09,08,4,,,3,0,,
2014/02/09,09,4,,,3,0,,
2014/02/09,10,20,,,12,8,,
2014/02/09,11,81,,,19,61,,
2014/02/09,12,75,,,11,61,,
2014/02/09,13,74,,,12,61,,
2014/02/09,14,76,,,12,62,,
2014/02/09,15,76,,,12,62,,
2014/02/09,16,76,,,12,63,,
2014/02/09,17,80,,,13,65,,
2014/02/09,18,88,,,13,73,,
2014/02/09,19,86,,,13,72,,
2014/02/09,20,88,,,12,74,,
2014/02/09,21,37,,,10,27,,
2014/02/09,22,6,,,5,0,,
2014/02/09,23,5,,,5,0,,
2014/02/09,24,6,,,5,0,,
2014/02/10,01,5,,,4,0,,
2014/02/10,02,5,,,4,0,,
2014/02/10,03,5,,,4,0,,
2014/02/10,04,5,,,4,0,,
2014/02/10,05,5,,,4,0,,
2014/02/10,06,5,,,4,0,,
2014/02/10,07,5,,,4,0,,
2014/02/10,08,5,,,4,0,,
2014/02/10,09,5,,,4,0,,
2014/02/10,10,44,,,13,31,,
2014/02/10,11,77,,,18,57,,
2014/02/10,12,75,,,12,62,,
2014/02/10,13,75,,,12,61,,
2014/02/10,14,75,,,12,61,,
2014/02/10,15,76,,,12,62,,
2014/02/10,16,74,,,12,61,,
2014/02/10,17,77,,,12,63,,
2014/02/10,18,87,,,12,72,,
2014/02/10,19,86,,,12,73,,
2014/02/10,20,86,,,12,72,,
2014/02/10,21,37,,,9,26,,
2014/02/10,22,3,,,3,0,,
2014/02/10,23,4,,,3,0,,
2014/02/10,24,4,,,3,0,,
2014/02/11,01,4,,,3,0,,
2014/02/11,02,4,,,3,0,,
2014/02/11,03,3,,,3,0,,
2014/02/11,04,4,,,3,0,,
2014/02/11,05,4,,,3,0,,
2014/02/11,06,4,,,3,0,,
2014/02/11,07,3,,,3,0,,
2014/02/11,08,4,,,3,0,,
2014/02/11,09,4,,,3,0,,
2014/02/11,10,53,,,12,40,,
2014/02/11,11,77,,,17,58,,
2014/02/11,12,73,,,12,60,,
2014/02/11,13,73,,,12,59,,
2014/02/11,14,72,,,11,59,,
2014/02/11,15,70,,,9,59,,
2014/02/11,16,73,,,12,60,,
2014/02/11,17,74,,,11,62,,
2014/02/11,18,86,,,13,71,,
2014/02/11,19,84,,,11,71,,
2014/02/11,20,86,,,12,71,,
2014/02/11,21,56,,,9,46,,
2014/02/11,22,3,,,3,0,,
2014/02/11,23,4,,,3,0,,
2014/02/11,24,4,,,3,0,,
2014/02/12,01,3,,,3,0,,
2014/02/12,02,4,,,3,0,,
2014/02/12,03,3,,,3,0,,
2014/02/12,04,4,,,3,0,,
2014/02/12,05,4,,,3,0,,
2014/02/12,06,3,,,3,0,,
2014/02/12,07,4,,,3,0,,
2014/02/12,08,3,,,3,0,,
2014/02/12,09,4,,,3,0,,
2014/02/12,10,16,,,12,3,,
2014/02/12,11,73,,,17,55,,
2014/02/12,12,69,,,11,56,,
2014/02/12,13,67,,,11,56,,
2014/02/12,14,69,,,11,56,,
2014/02/12,15,70,,,12,56,,
2014/02/12,16,69,,,12,55,,
2014/02/12,17,72,,,12,59,,
2014/02/12,18,81,,,12,68,,
2014/02/12,19,81,,,12,67,,
2014/02/12,20,81,,,12,67,,
2014/02/12,21,48,,,9,38,,
2014/02/12,22,4,,,4,0,,
2014/02/12,23,5,,,4,0,,
2014/02/12,24,4,,,4,0,,
2014/02/13,01,5,,,4,0,,
2014/02/13,02,4,,,4,0,,
2014/02/13,03,5,,,4,0,,
2014/02/13,04,4,,,4,0,,
2014/02/13,05,5,,,4,0,,
2014/02/13,06,4,,,4,0,,
2014/02/13,07,4,,,4,0,,
2014/02/13,08,5,,,4,0,,
2014/02/13,09,4,,,4,0,,
2014/02/13,10,16,,,13,2,,
2014/02/13,11,82,,,19,61,,
2014/02/13,12,78,,,14,62,,
2014/02/13,13,76,,,13,62,,
2014/02/13,14,75,,,12,62,,
2014/02/13,15,76,,,12,62,,
2014/02/13,16,75,,,12,61,,
2014/02/13,17,77,,,12,64,,
2014/02/13,18,87,,,12,73,,
2014/02/13,19,87,,,12,74,,
2014/02/13,20,86,,,12,73,,
2014/02/13,21,24,,,8,15,,
2014/02/13,22,4,,,3,0,,
2014/02/13,23,3,,,3,0,,
2014/02/13,24,4,,,3,0,,
2014/02/14,01,4,,,3,0,,
2014/02/14,02,3,,,3,0,,
2014/02/14,03,4,,,3,0,,
2014/02/14,04,4,,,3,0,,
2014/02/14,05,3,,,3,0,,
2014/02/14,06,4,,,3,0,,
2014/02/14,07,3,,,3,0,,
2014/02/14,08,4,,,3,0,,
2014/02/14,09,4,,,3,0,,
2014/02/14,10,49,,,13,36,,
2014/02/14,11,71,,,18,50,,
2014/02/14,12,65,,,14,50,,
2014/02/14,13,70,,,14,55,,
2014/02/14,14,70,,,11,57,,
2014/02/14,15,72,,,13,57,,
2014/02/14,16,71,,,12,58,,
2014/02/14,17,73,,,13,59,,
2014/02/14,18,85,,,13,70,,
2014/02/14,19,84,,,11,72,,
2014/02/14,20,86,,,14,70,,
2014/02/14,21,53,,,10,42,,
2014/02/14,22,3,,,3,0,,
2014/02/14,23,4,,,3,0,,
2014/02/14,24,4,,,3,0,,
2014/02/15,01,3,,,3,0,,
2014/02/15,02,4,,,3,0,,
2014/02/15,03,4,,,3,0,,
2014/02/15,04,3,,,3,0,,
2014/02/15,05,4,,,3,0,,
2014/02/15,06,4,,,3,0,,
2014/02/15,07,4,,,3,0,,
2014/02/15,08,3,,,3,0,,
2014/02/15,09,4,,,3,0,,
2014/02/15,10,16,,,12,4,,
2014/02/15,11,81,,,19,61,,
2014/02/15,12,75,,,12,61,,
2014/02/15,13,74,,,11,61,,
2014/02/15,14,75,,,12,62,,
2014/02/15,15,75,,,12,61,,
2014/02/15,16,75,,,12,62,,
2014/02/15,17,74,,,12,61,,
2014/02/15,18,87,,,12,72,,
2014/02/15,19,88,,,12,73,,
2014/02/15,20,86,,,12,72,,
2014/02/15,21,18,,,7,10,,
2014/02/15,22,3,,,3,0,,
2014/02/15,23,4,,,3,0,,
2014/02/15,24,4,,,3,0,,
2014/02/16,01,3,,,3,0,,
2014/02/16,02,4,,,3,0,,
2014/02/16,03,3,,,3,0,,
2014/02/16,04,4,,,3,0,,
2014/02/16,05,3,,,3,0,,
2014/02/16,06,4,,,3,0,,
2014/02/16,07,4,,,3,0,,
2014/02/16,08,3,,,3,0,,
2014/02/16,09,4,,,3,0,,
2014/02/16,10,13,,,10,3,,
2014/02/16,11,81,,,18,61,,
2014/02/16,12,73,,,11,61,,
2014/02/16,13,75,,,13,61,,
2014/02/16,14,75,,,12,62,,
2014/02/16,15,76,,,12,62,,
2014/02/16,16,74,,,12,61,,
2014/02/16,17,75,,,12,61,,
2014/02/16,18,86,,,12,72,,
2014/02/16,19,86,,,12,72,,
2014/02/16,20,87,,,12,73,,
2014/02/16,21,29,,,8,20,,
2014/02/16,22,4,,,4,0,,
2014/02/16,23,5,,,4,0,,
2014/02/16,24,4,,,4,0,,
2014/02/17,01,4,,,4,0,,
2014/02/17,02,4,,,4,0,,
2014/02/17,03,5,,,4,0,,
2014/02/17,04,4,,,4,0,,
2014/02/17,05,4,,,4,0,,
2014/02/17,06,5,,,4,0,,
2014/02/17,07,4,,,4,0,,
2014/02/17,08,4,,,4,0,,
2014/02/17,09,4,,,4,0,,
2014/02/17,10,56,,,13,42,,
2014/02/17,11,75,,,18,56,,
2014/02/17,12,69,,,11,56,,
2014/02/17,13,68,,,11,56,,
2014/02/17,14,67,,,10,55,,
2014/02/17,15,70,,,13,56,,
2014/02/17,16,67,,,10,56,,
2014/02/17,17,67,,,10,56,,
2014/02/17,18,80,,,11,68,,
2014/02/17,19,81,,,12,67,,
2014/02/17,20,79,,,11,68,,
2014/02/17,21,49,,,10,38,,
2014/02/17,22,8,,,6,1,,
2014/02/17,23,4,,,3,0,,
2014/02/17,24,3,,,3,0,,
2014/02/18,01,4,,,3,0,,
2014/02/18,02,4,,,3,0,,
2014/02/18,03,3,,,3,0,,
2014/02/18,04,4,,,3,0,,
2014/02/18,05,4,,,3,0,,
2014/02/18,06,3,,,3,0,,
2014/02/18,07,4,,,3,0,,
2014/02/18,08,4,,,3,0,,
2014/02/18,09,3,,,3,0,,
2014/02/18,10,19,,,8,10,,
2014/02/18,11,80,,,18,61,,
2014/02/18,12,76,,,12,62,,
2014/02/18,13,76,,,13,62,,
2014/02/18,14,73,,,10,62,,
2014/02/18,15,75,,,12,62,,
2014/02/18,16,75,,,12,62,,
2014/02/18,17,75,,,11,62,,
2014/02/18,18,88,,,13,73,,
2014/02/18,19,87,,,12,74,,
2014/02/18,20,85,,,11,72,,
2014/02/18,21,48,,,8,39,,
2014/02/18,22,4,,,4,0,,
2014/02/18,23,5,,,4,0,,
2014/02/18,24,4,,,4,0,,
2014/02/19,01,4,,,4,0,,
2014/02/19,02,5,,,4,0,,
2014/02/19,03,4,,,4,0,,
2014/02/19,04,4,,,4,0,,
2014/02/19,05,5,,,4,0,,
2014/02/19,06,4,,,4,0,,
2014/02/19,07,4,,,4,0,,
2014/02/19,08,4,,,4,0,,
2014/02/19,09,4,,,4,0,,
2014/02/19,10,39,,,14,24,,
2014/02/19,11,83,,,20,61,,
2014/02/19,12,77,,,14,62,,
2014/02/19,13,77,,,14,62,,
2014/02/19,14,75,,,12,61,,
2014/02/19,15,76,,,12,62,,
2014/02/19,16,75,,,12,61,,
2014/02/19,17,74,,,12,61,,
2014/02/19,18,87,,,12,73,,
2014/02/19,19,87,,,12,73,,
2014/02/19,20,87,,,12,73,,
2014/02/19,21,20,,,6,13,,
2014/02/19,22,3,,,3,0,,
2014/02/19,23,4,,,3,0,,
2014/02/19,24,4,,,3,0,,
2014/02/20,01,4,,,3,0,,
2014/02/20,02,3,,,3,0,,
2014/02/20,03,4,,,3,0,,
2014/02/20,04,4,,,3,0,,
2014/02/20,05,4,,,3,0,,
2014/02/20,06,3,,,3,0,,
2014/02/20,07,4,,,3,0,,
2014/02/20,08,4,,,3,0,,
2014/02/20,09,4,,,3,0,,
2014/02/20,10,19,,,12,6,,
2014/02/20,11,82,,,20,61,,
2014/02/20,12,79,,,15,62,,
2014/02/20,13,75,,,12,62,,
2014/02/20,14,76,,,12,62,,
2014/02/20,15,76,,,12,62,,
2014/02/20,16,74,,,12,61,,
2014/02/20,17,76,,,12,61,,
2014/02/20,18,86,,,12,72,,
2014/02/20,19,87,,,12,73,,
2014/02/20,20,87,,,13,72,,
2014/02/20,21,69,,,11,56,,
2014/02/20,22,4,,,4,0,,
2014/02/20,23,4,,,4,0,,
2014/02/20,24,5,,,4,0,,
2014/02/21,01,4,,,4,0,,
2014/02/21,02,4,,,4,0,,
2014/02/21,03,4,,,4,0,,
2014/02/21,04,5,,,4,0,,
2014/02/21,05,4,,,4,0,,
2014/02/21,06,4,,,4,0,,
2014/02/21,07,4,,,4,0,,
2014/02/21,08,5,,,4,0,,
2014/02/21,09,4,,,4,0,,
2014/02/21,10,30,,,13,16,,
2014/02/21,11,84,,,20,62,,
2014/02/21,12,77,,,14,62,,
2014/02/21,13,76,,,13,61,,
2014/02/21,14,76,,,13,62,,
2014/02/21,15,77,,,13,62,,
2014/02/21,16,75,,,12,62,,
2014/02/21,17,77,,,13,62,,
2014/02/21,18,88,,,12,74,,
2014/02/21,19,86,,,12,73,,
2014/02/21,20,87,,,12,74,,
2014/02/21,21,76,,,11,63,,
2014/02/21,22,14,,,5,9,,
2014/02/21,23,4,,,3,0,,
2014/02/21,24,4,,,3,0,,
2014/02/22,01,3,,,3,0,,
2014/02/22,02,4,,,3,0,,
2014/02/22,03,4,,,3,0,,
2014/02/22,04,4,,,3,0,,
2014/02/22,05,3,,,3,0,,
2014/02/22,06,4,,,3,0,,
2014/02/22,07,4,,,3,0,,
2014/02/22,08,3,,,3,0,,
2014/02/22,09,4,,,3,0,,
2014/02/22,10,58,,,12,45,,
2014/02/22,11,79,,,18,59,,
2014/02/22,12,73,,,12,60,,
2014/02/22,13,72,,,11,60,,
2014/02/22,14,72,,,11,60,,
2014/02/22,15,72,,,11,60,,
2014/02/22,16,72,,,11,59,,
2014/02/22,17,71,,,11,59,,
2014/02/22,18,83,,,11,71,,
2014/02/22,19,83,,,11,71,,
2014/02/22,20,84,,,11,71,,
2014/02/22,21,34,,,8,25,,
2014/02/22,22,5,,,4,0,,
2014/02/22,23,4,,,4,0,,
2014/02/22,24,5,,,4,0,,
2014/02/23,01,4,,,4,0,,
2014/02/23,02,4,,,4,0,,
2014/02/23,03,5,,,4,0,,
2014/02/23,04,4,,,4,0,,
2014/02/23,05,5,,,4,0,,
2014/02/23,06,4,,,4,0,,
2014/02/23,07,5,,,4,0,,
2014/02/23,08,4,,,4,0,,
2014/02/23,09,5,,,4,0,,
2014/02/23,10,24,,,13,11,,
2014/02/23,11,81,,,18,61,,
2014/02/23,12,75,,,11,63,,
2014/02/23,13,74,,,10,61,,
2014/02/23,14,73,,,10,62,,
2014/02/23,15,73,,,10,62,,
2014/02/23,16,73,,,10,61,,
2014/02/23,17,74,,,11,62,,
2014/02/23,18,86,,,11,73,,
2014/02/23,19,85,,,10,74,,
2014/02/23,20,86,,,11,74,,
2014/02/23,21,50,,,8,41,,
2014/02/23,22,4,,,3,0,,
2014/02/23,23,4,,,3,0,,
2014/02/23,24,4,,,3,0,,
2014/02/24,01,3,,,3,0,,
2014/02/24,02,4,,,3,0,,
2014/02/24,03,4,,,3,0,,
2014/02/24,04,3,,,3,0,,
2014/02/24,05,4,,,3,0,,
2014/02/24,06,4,,,3,0,,
2014/02/24,07,4,,,3,0,,
2014/02/24,08,3,,,3,0,,
2014/02/24,09,4,,,3,0,,
2014/02/24,10,52,,,12,39,,
2014/02/24,11,77,,,18,57,,
2014/02/24,12,71,,,11,58,,
2014/02/24,13,74,,,11,61,,
2014/02/24,14,73,,,11,61,,
2014/02/24,15,75,,,11,62,,
2014/02/24,16,74,,,11,62,,
2014/02/24,17,74,,,11,62,,
2014/02/24,18,85,,,10,73,,
2014/02/24,19,86,,,10,73,,
2014/02/24,20,85,,,10,73,,
2014/02/24,21,74,,,9,63,,
2014/02/24,22,72,,,9,62,,
2014/02/24,23,10,,,4,6,,
2014/02/24,24,4,,,3,0,,
2014/02/25,01,4,,,3,0,,
2014/02/25,02,3,,,3,0,,
2014/02/25,03,4,,,3,0,,
2014/02/25,04,3,,,3,0,,
2014/02/25,05,4,,,3,0,,
2014/02/25,06,4,,,3,0,,
2014/02/25,07,3,,,3,0,,
2014/02/25,08,4,,,3,0,,
2014/02/25,09,3,,,3,0,,
2014/02/25,10,22,,,13,8,,
2014/02/25,11,82,,,19,61,,
2014/02/25,12,74,,,12,61,,
2014/02/25,13,76,,,12,62,,
2014/02/25,14,76,,,13,62,,
2014/02/25,15,76,,,12,62,,
2014/02/25,16,74,,,12,61,,
2014/02/25,17,74,,,11,61,,
2014/02/25,18,86,,,11,73,,
2014/02/25,19,87,,,12,73,,
2014/02/25,20,87,,,12,73,,
2014/02/25,21,40,,,10,29,,
2014/02/25,22,4,,,4,0,,
2014/02/25,23,5,,,4,0,,
2014/02/25,24,4,,,4,0,,
2014/02/26,01,4,,,4,0,,
2014/02/26,02,5,,,4,0,,
2014/02/26,03,4,,,4,0,,
2014/02/26,04,4,,,4,0,,
2014/02/26,05,5,,,4,0,,
2014/02/26,06,4,,,4,0,,
2014/02/26,07,4,,,4,0,,
2014/02/26,08,5,,,4,0,,
2014/02/26,09,4,,,4,0,,
2014/02/26,10,38,,,17,21,,
2014/02/26,11,75,,,15,58,,
2014/02/26,12,73,,,11,61,,
2014/02/26,13,73,,,10,61,,
2014/02/26,14,74,,,10,62,,
2014/02/26,15,75,,,11,62,,
2014/02/26,16,74,,,11,62,,
2014/02/26,17,73,,,10,62,,
2014/02/26,18,86,,,10,73,,
2014/02/26,19,85,,,10,74,,
2014/02/26,20,86,,,11,73,,
2014/02/26,21,76,,,11,63,,
2014/02/26,22,73,,,10,62,,
2014/02/26,23,74,,,10,62,,
2014/02/26,24,72,,,9,61,,
2014/02/27,01,73,,,10,61,,
2014/02/27,02,71,,,10,61,,
2014/02/27,03,73,,,10,61,,
2014/02/27,04,73,,,10,61,,
2014/02/27,05,72,,,10,61,,
2014/02/27,06,74,,,10,62,,
2014/02/27,07,73,,,10,62,,
2014/02/27,08,21,,,5,15,,
2014/02/27,09,4,,,4,0,,
2014/02/27,10,18,,,4,13,,
2014/02/27,11,65,,,6,58,,
2014/02/27,12,68,,,6,61,,
2014/02/27,13,70,,,7,61,,
2014/02/27,14,70,,,7,61,,
2014/02/27,15,69,,,7,61,,
2014/02/27,16,70,,,6,62,,
2014/02/27,17,71,,,7,62,,
2014/02/27,18,82,,,7,73,,
2014/02/27,19,81,,,7,73,,
2014/02/27,20,80,,,6,72,,
2014/02/27,21,39,,,6,33,,
2014/02/27,22,13,,,5,7,,
2014/02/27,23,4,,,3,0,,
2014/02/27,24,4,,,3,0,,
2014/02/28,01,3,,,3,0,,
2014/02/28,02,4,,,3,0,,
2014/02/28,03,4,,,3,0,,
2014/02/28,04,3,,,3,0,,
2014/02/28,05,4,,,3,0,,
2014/02/28,06,4,,,3,0,,
2014/02/28,07,3,,,3,0,,
2014/02/28,08,4,,,3,0,,
2014/02/28,09,3,,,3,0,,
2014/02/28,10,13,,,4,8,,
2014/02/28,11,67,,,6,59,,
2014/02/28,12,67,,,7,59,,
2014/02/28,13,66,,,7,59,,
2014/02/28,14,68,,,7,59,,
2014/02/28,15,67,,,7,59,,
2014/02/28,16,67,,,6,59,,
2014/02/28,17,66,,,6,59,,
2014/02/28,18,78,,,6,71,,
2014/02/28,19,78,,,5,71,,
2014/02/28,20,78,,,5,71,,
2014/02/28,21,61,,,5,55,,
2014/02/28,22,3,,,3,0,,
2014/02/28,23,4,,,3,0,,
2014/02/28,24,4,,,3,0,,
2014/03/01,01,3,,,3,0,,
2014/03/01,02,4,,,3,0,,
2014/03/01,03,3,,,3,0,,
2014/03/01,04,4,,,3,0,,
2014/03/01,05,3,,,3,0,,
2014/03/01,06,4,,,3,0,,
2014/03/01,07,3,,,3,0,,
2014/03/01,08,4,,,3,0,,
2014/03/01,09,4,,,3,0,,
2014/03/01,10,12,,,11,0,,
2014/03/01,11,75,,,13,61,,
2014/03/01,12,73,,,10,62,,
2014/03/01,13,73,,,10,61,,
2014/03/01,14,73,,,11,61,,
2014/03/01,15,74,,,11,61,,
2014/03/01,16,74,,,11,62,,
2014/03/01,17,73,,,10,61,,
2014/03/01,18,86,,,11,72,,
2014/03/01,19,85,,,11,73,,
2014/03/01,20,85,,,10,72,,
2014/03/01,21,33,,,9,24,,
2014/03/01,22,8,,,7,0,,
2014/03/01,23,8,,,8,0,,
2014/03/01,24,8,,,8,0,,
2014/03/02,01,9,,,8,0,,
2014/03/02,02,8,,,8,0,,
2014/03/02,03,9,,,8,0,,
2014/03/02,04,8,,,8,0,,
2014/03/02,05,8,,,8,0,,
2014/03/02,06,8,,,8,0,,
2014/03/02,07,9,,,7,0,,
2014/03/02,08,8,,,8,0,,
2014/03/02,09,8,,,8,0,,
2014/03/02,10,28,,,13,15,,
2014/03/02,11,74,,,11,61,,
2014/03/02,12,73,,,9,62,,
2014/03/02,13,74,,,10,62,,
2014/03/02,14,74,,,10,61,,
2014/03/02,15,73,,,10,62,,
2014/03/02,16,73,,,11,61,,
2014/03/02,17,73,,,10,61,,
2014/03/02,18,87,,,11,74,,
2014/03/02,19,86,,,11,73,,
2014/03/02,20,86,,,11,73,,
2014/03/02,21,42,,,10,32,,
2014/03/02,22,7,,,6,0,,
2014/03/02,23,5,,,4,0,,
2014/03/02,24,4,,,4,0,,
2014/03/03,01,4,,,4,0,,
2014/03/03,02,5,,,4,0,,
2014/03/03,03,4,,,4,0,,
2014/03/03,04,4,,,4,0,,
2014/03/03,05,5,,,4,0,,
2014/03/03,06,4,,,4,0,,
2014/03/03,07,4,,,4,0,,
2014/03/03,08,4,,,4,0,,
2014/03/03,09,14,,,4,9,,
2014/03/03,10,64,,,8,55,,
2014/03/03,11,80,,,17,61,,
2014/03/03,12,75,,,12,61,,
2014/03/03,13,75,,,12,61,,
2014/03/03,14,75,,,12,62,,
2014/03/03,15,73,,,10,62,,
2014/03/03,16,70,,,7,61,,
2014/03/03,17,71,,,8,61,,
2014/03/03,18,82,,,8,73,,
2014/03/03,19,81,,,7,73,,
2014/03/03,20,82,,,7,73,,
2014/03/03,21,25,,,5,19,,
2014/03/03,22,4,,,3,0,,
2014/03/03,23,3,,,3,0,,
2014/03/03,24,4,,,3,0,,
2014/03/04,01,4,,,3,0,,
2014/03/04,02,3,,,3,0,,
2014/03/04,03,4,,,3,0,,
2014/03/04,04,4,,,3,0,,
2014/03/04,05,4,,,3,0,,
2014/03/04,06,3,,,3,0,,
2014/03/04,07,4,,,3,0,,
2014/03/04,08,4,,,3,0,,
2014/03/04,09,3,,,3,0,,
2014/03/04,10,22,,,12,9,,
2014/03/04,11,80,,,18,61,,
2014/03/04,12,76,,,12,62,,
2014/03/04,13,76,,,12,62,,
2014/03/04,14,75,,,12,62,,
2014/03/04,15,75,,,11,62,,
2014/03/04,16,74,,,11,62,,
2014/03/04,17,76,,,12,62,,
2014/03/04,18,87,,,12,73,,
2014/03/04,19,87,,,12,73,,
2014/03/04,20,86,,,11,73,,
2014/03/04,21,35,,,7,28,,
2014/03/04,22,4,,,3,0,,
2014/03/04,23,4,,,3,0,,
2014/03/04,24,3,,,3,0,,
2014/03/05,01,4,,,3,0,,
2014/03/05,02,4,,,3,0,,
2014/03/05,03,3,,,3,0,,
2014/03/05,04,4,,,3,0,,
2014/03/05,05,4,,,3,0,,
2014/03/05,06,3,,,3,0,,
2014/03/05,07,4,,,3,0,,
2014/03/05,08,4,,,3,0,,
2014/03/05,09,4,,,3,0,,
2014/03/05,10,26,,,12,14,,
2014/03/05,11,80,,,17,61,,
2014/03/05,12,74,,,12,61,,
2014/03/05,13,76,,,13,61,,
2014/03/05,14,76,,,13,61,,
2014/03/05,15,76,,,13,62,,
2014/03/05,16,76,,,13,61,,
2014/03/05,17,77,,,13,62,,
2014/03/05,18,87,,,12,73,,
2014/03/05,19,88,,,12,74,,
2014/03/05,20,87,,,12,73,,
2014/03/05,21,55,,,9,44,,
2014/03/05,22,3,,,3,0,,
2014/03/05,23,4,,,3,0,,
2014/03/05,24,4,,,3,0,,
2014/03/06,01,4,,,3,0,,
2014/03/06,02,4,,,3,0,,
2014/03/06,03,4,,,3,0,,
2014/03/06,04,4,,,3,0,,
2014/03/06,05,4,,,3,0,,
2014/03/06,06,3,,,3,0,,
2014/03/06,07,4,,,3,0,,
2014/03/06,08,4,,,3,0,,
2014/03/06,09,4,,,3,0,,
2014/03/06,10,20,,,12,7,,
2014/03/06,11,82,,,20,61,,
2014/03/06,12,77,,,13,62,,
2014/03/06,13,75,,,13,62,,
2014/03/06,14,77,,,13,62,,
2014/03/06,15,77,,,13,63,,
2014/03/06,16,75,,,12,61,,
2014/03/06,17,76,,,13,62,,
2014/03/06,18,87,,,12,73,,
2014/03/06,19,87,,,12,73,,
2014/03/06,20,87,,,12,73,,
2014/03/06,21,77,,,12,63,,
2014/03/06,22,34,,,12,22,,
2014/03/06,23,10,,,5,4,,
2014/03/06,24,4,,,4,0,,
2014/03/07,01,4,,,4,0,,
2014/03/07,02,5,,,4,0,,
2014/03/07,03,4,,,4,0,,
2014/03/07,04,4,,,4,0,,
2014/03/07,05,5,,,4,0,,
2014/03/07,06,4,,,4,0,,
2014/03/07,07,5,,,4,0,,
2014/03/07,08,4,,,4,0,,
2014/03/07,09,4,,,4,0,,
2014/03/07,10,13,,,12,0,,
2014/03/07,11,78,,,16,60,,
2014/03/07,12,73,,,10,61,,
2014/03/07,13,74,,,11,62,,
2014/03/07,14,74,,,10,61,,
2014/03/07,15,73,,,10,62,,
2014/03/07,16,73,,,10,61,,
2014/03/07,17,75,,,11,62,,
2014/03/07,18,85,,,10,73,,
2014/03/07,19,85,,,10,73,,
2014/03/07,20,85,,,11,73,,
2014/03/07,21,69,,,9,58,,
2014/03/07,22,3,,,3,0,,
2014/03/07,23,4,,,3,0,,
2014/03/07,24,4,,,3,0,,
2014/03/08,01,4,,,3,0,,
2014/03/08,02,3,,,3,0,,
2014/03/08,03,4,,,3,0,,
2014/03/08,04,4,,,3,0,,
2014/03/08,05,4,,,3,0,,
2014/03/08,06,3,,,3,0,,
2014/03/08,07,4,,,3,0,,
2014/03/08,08,4,,,3,0,,
2014/03/08,09,3,,,3,0,,
2014/03/08,10,42,,,11,29,,
2014/03/08,11,79,,,17,61,,
2014/03/08,12,73,,,10,61,,
2014/03/08,13,74,,,11,62,,
2014/03/08,14,74,,,10,62,,
2014/03/08,15,74,,,10,62,,
2014/03/08,16,73,,,10,61,,
2014/03/08,17,74,,,10,62,,
2014/03/08,18,86,,,11,73,,
2014/03/08,19,86,,,10,74,,
2014/03/08,20,84,,,10,72,,
2014/03/08,21,65,,,9,54,,
2014/03/08,22,4,,,3,0,,
2014/03/08,23,3,,,3,0,,
2014/03/08,24,4,,,3,0,,
2014/03/09,01,4,,,3,0,,
2014/03/09,02,3,,,3,0,,
2014/03/09,03,4,,,3,0,,
2014/03/09,04,4,,,3,0,,
2014/03/09,05,3,,,3,0,,
2014/03/09,06,4,,,3,0,,
2014/03/09,07,4,,,3,0,,
2014/03/09,08,3,,,3,0,,
2014/03/09,09,4,,,3,0,,
2014/03/09,10,19,,,12,7,,
2014/03/09,11,80,,,17,61,,
2014/03/09,12,72,,,10,61,,
2014/03/09,13,75,,,11,62,,
2014/03/09,14,73,,,11,61,,
2014/03/09,15,75,,,11,62,,
2014/03/09,16,72,,,9,62,,
2014/03/09,17,69,,,7,61,,
2014/03/09,18,81,,,7,72,,
2014/03/09,19,82,,,7,74,,
2014/03/09,20,82,,,7,74,,
2014/03/09,21,62,,,5,56,,
2014/03/09,22,4,,,3,0,,
2014/03/09,23,4,,,3,0,,
2014/03/09,24,4,,,3,0,,
2014/03/10,01,3,,,3,0,,
2014/03/10,02,4,,,3,0,,
2014/03/10,03,4,,,3,0,,
2014/03/10,04,4,,,3,0,,
2014/03/10,05,3,,,3,0,,
2014/03/10,06,4,,,3,0,,
2014/03/10,07,4,,,3,0,,
2014/03/10,08,3,,,3,0,,
2014/03/10,09,4,,,3,0,,
2014/03/10,10,23,,,11,11,,
2014/03/10,11,81,,,18,61,,
2014/03/10,12,78,,,15,62,,
2014/03/10,13,77,,,14,61,,
2014/03/10,14,75,,,12,62,,
2014/03/10,15,76,,,13,61,,
2014/03/10,16,75,,,12,62,,
2014/03/10,17,75,,,11,62,,
2014/03/10,18,88,,,14,73,,
2014/03/10,19,87,,,13,72,,
2014/03/10,20,86,,,11,73,,
2014/03/10,21,35,,,8,25,,
2014/03/10,22,4,,,4,0,,
2014/03/10,23,5,,,4,0,,
2014/03/10,24,4,,,4,0,,
2014/03/11,01,4,,,4,0,,
2014/03/11,02,4,,,4,0,,
2014/03/11,03,5,,,4,0,,
2014/03/11,04,4,,,4,0,,
2014/03/11,05,4,,,4,0,,
2014/03/11,06,4,,,4,0,,
2014/03/11,07,4,,,4,0,,
2014/03/11,08,5,,,4,0,,
2014/03/11,09,4,,,4,0,,
2014/03/11,10,26,,,12,14,,
2014/03/11,11,81,,,18,62,,
2014/03/11,12,77,,,13,62,,
2014/03/11,13,75,,,10,62,,
2014/03/11,14,74,,,11,62,,
2014/03/11,15,74,,,11,62,,
2014/03/11,16,75,,,11,62,,
2014/03/11,17,75,,,11,62,,
2014/03/11,18,85,,,10,73,,
2014/03/11,19,85,,,10,73,,
2014/03/11,20,86,,,11,73,,
2014/03/11,21,35,,,10,24,,
2014/03/11,22,25,,,9,15,,
2014/03/11,23,6,,,4,1,,
2014/03/11,24,4,,,3,0,,
2014/03/12,01,4,,,3,0,,
2014/03/12,02,3,,,3,0,,
2014/03/12,03,4,,,3,0,,
2014/03/12,04,4,,,3,0,,
2014/03/12,05,4,,,3,0,,
2014/03/12,06,4,,,3,0,,
2014/03/12,07,3,,,3,0,,
2014/03/12,08,4,,,3,0,,
2014/03/12,09,4,,,3,0,,
2014/03/12,10,13,,,11,2,,
2014/03/12,11,79,,,17,61,,
2014/03/12,12,75,,,11,62,,
2014/03/12,13,73,,,10,61,,
2014/03/12,14,74,,,11,62,,
2014/03/12,15,73,,,9,62,,
2014/03/12,16,69,,,6,61,,
2014/03/12,17,70,,,6,62,,
2014/03/12,18,82,,,7,73,,
2014/03/12,19,82,,,7,73,,
2014/03/12,20,82,,,7,74,,
2014/03/12,21,35,,,6,28,,
2014/03/12,22,25,,,6,19,,
2014/03/12,23,14,,,4,9,,
2014/03/12,24,4,,,3,0,,
2014/03/13,01,4,,,3,0,,
2014/03/13,02,3,,,3,0,,
2014/03/13,03,4,,,3,0,,
2014/03/13,04,4,,,3,0,,
2014/03/13,05,4,,,3,0,,
2014/03/13,06,4,,,3,0,,
2014/03/13,07,3,,,3,0,,
2014/03/13,08,4,,,3,0,,
2014/03/13,09,4,,,4,0,,
2014/03/13,10,48,,,16,31,,
2014/03/13,11,79,,,16,61,,
2014/03/13,12,75,,,12,62,,
2014/03/13,13,76,,,12,61,,
2014/03/13,14,75,,,13,61,,
2014/03/13,15,76,,,13,62,,
2014/03/13,16,76,,,13,61,,
2014/03/13,17,76,,,13,61,,
2014/03/13,18,86,,,12,72,,
2014/03/13,19,87,,,12,73,,
2014/03/13,20,87,,,13,73,,
2014/03/13,21,43,,,11,31,,
2014/03/13,22,30,,,10,19,,
2014/03/13,23,30,,,9,19,,
2014/03/13,24,30,,,9,19,,
2014/03/14,01,4,,,4,1,,
2014/03/14,02,5,,,4,0,,
2014/03/14,03,4,,,4,0,,
2014/03/14,04,4,,,4,0,,
2014/03/14,05,5,,,4,0,,
2014/03/14,06,4,,,4,0,,
2014/03/14,07,4,,,4,0,,
2014/03/14,08,4,,,4,0,,
2014/03/14,09,5,,,4,0,,
2014/03/14,10,51,,,12,38,,
2014/03/14,11,76,,,13,61,,
2014/03/14,12,74,,,10,62,,
2014/03/14,13,74,,,10,62,,
2014/03/14,14,74,,,11,62,,
2014/03/14,15,74,,,11,62,,
2014/03/14,16,74,,,10,62,,
2014/03/14,17,75,,,11,63,,
2014/03/14,18,85,,,11,73,,
2014/03/14,19,86,,,11,74,,
2014/03/14,20,86,,,11,73,,
2014/03/14,21,74,,,10,63,,
2014/03/14,22,73,,,9,62,,
2014/03/14,23,74,,,10,63,,
2014/03/14,24,73,,,10,61,,
2014/03/15,01,18,,,5,12,,
2014/03/15,02,4,,,4,0,,
2014/03/15,03,4,,,4,0,,
2014/03/15,04,5,,,4,0,,
2014/03/15,05,4,,,4,0,,
2014/03/15,06,4,,,4,0,,
2014/03/15,07,5,,,4,0,,
2014/03/15,08,4,,,4,0,,
2014/03/15,09,4,,,4,0,,
2014/03/15,10,16,,,12,3,,
2014/03/15,11,76,,,13,62,,
2014/03/15,12,74,,,11,62,,
2014/03/15,13,75,,,11,62,,
2014/03/15,14,72,,,10,61,,
2014/03/15,15,72,,,9,61,,
2014/03/15,16,72,,,9,62,,
2014/03/15,17,73,,,10,61,,
2014/03/15,18,85,,,10,73,,
2014/03/15,19,85,,,11,73,,
2014/03/15,20,85,,,10,74,,
2014/03/15,21,59,,,9,48,,
2014/03/15,22,4,,,3,0,,
2014/03/15,23,4,,,3,0,,
2014/03/15,24,4,,,3,0,,
2014/03/16,01,4,,,3,0,,
2014/03/16,02,4,,,3,0,,
2014/03/16,03,4,,,3,0,,
2014/03/16,04,4,,,3,0,,
2014/03/16,05,4,,,3,0,,
2014/03/16,06,4,,,3,0,,
2014/03/16,07,3,,,3,0,,
2014/03/16,08,6,,,5,0,,
2014/03/16,09,6,,,6,0,,
2014/03/16,10,20,,,14,6,,
2014/03/16,11,79,,,16,61,,
2014/03/16,12,76,,,12,62,,
2014/03/16,13,77,,,13,62,,
2014/03/16,14,76,,,12,62,,
2014/03/16,15,76,,,12,62,,
2014/03/16,16,75,,,12,62,,
2014/03/16,17,75,,,12,61,,
2014/03/16,18,85,,,11,72,,
2014/03/16,19,86,,,11,73,,
2014/03/16,20,87,,,13,72,,
2014/03/16,21,33,,,5,27,,
2014/03/16,22,5,,,3,1,,
2014/03/16,23,4,,,3,0,,
2014/03/16,24,4,,,3,0,,
2014/03/17,01,3,,,3,0,,
2014/03/17,02,4,,,3,0,,
2014/03/17,03,4,,,3,0,,
2014/03/17,04,3,,,3,0,,
2014/03/17,05,4,,,3,0,,
2014/03/17,06,4,,,3,0,,
2014/03/17,07,3,,,3,0,,
2014/03/17,08,4,,,3,0,,
2014/03/17,09,4,,,3,0,,
2014/03/17,10,53,,,10,42,,
2014/03/17,11,68,,,6,61,,
2014/03/17,12,69,,,6,61,,
2014/03/17,13,69,,,6,61,,
2014/03/17,14,70,,,6,62,,
2014/03/17,15,69,,,6,62,,
2014/03/17,16,69,,,6,61,,
2014/03/17,17,70,,,7,61,,
2014/03/17,18,81,,,7,73,,
2014/03/17,19,81,,,6,72,,
2014/03/17,20,82,,,6,74,,
2014/03/17,21,70,,,5,63,,
2014/03/17,22,52,,,4,47,,
2014/03/17,23,4,,,3,0,,
2014/03/17,24,3,,,3,0,,
2014/03/18,01,4,,,3,0,,
2014/03/18,02,3,,,3,0,,
2014/03/18,03,4,,,3,0,,
2014/03/18,04,3,,,3,0,,
2014/03/18,05,4,,,3,0,,
2014/03/18,06,3,,,3,0,,
2014/03/18,07,4,,,3,0,,
2014/03/18,08,3,,,3,0,,
2014/03/18,09,4,,,3,0,,
2014/03/18,10,26,,,12,14,,
2014/03/18,11,77,,,15,60,,
2014/03/18,12,74,,,12,61,,
2014/03/18,13,75,,,12,62,,
2014/03/18,14,76,,,11,62,,
2014/03/18,15,75,,,11,62,,
2014/03/18,16,75,,,12,62,,
2014/03/18,17,74,,,12,61,,
2014/03/18,18,78,,,8,67,,
2014/03/18,19,82,,,8,73,,
2014/03/18,20,83,,,8,73,,
2014/03/18,21,31,,,6,24,,
2014/03/18,22,4,,,3,0,,
2014/03/18,23,3,,,3,0,,
2014/03/18,24,4,,,3,0,,
2014/03/19,01,4,,,3,0,,
2014/03/19,02,4,,,3,0,,
2014/03/19,03,4,,,3,0,,
2014/03/19,04,3,,,3,0,,
2014/03/19,05,4,,,3,0,,
2014/03/19,06,4,,,3,0,,
2014/03/19,07,4,,,3,0,,
2014/03/19,08,3,,,3,0,,
2014/03/19,09,4,,,3,0,,
2014/03/19,10,21,,,11,9,,
2014/03/19,11,75,,,12,62,,
2014/03/19,12,73,,,10,62,,
2014/03/19,13,72,,,9,62,,
2014/03/19,14,73,,,9,63,,
2014/03/19,15,73,,,8,62,,
2014/03/19,16,71,,,9,61,,
2014/03/19,17,73,,,9,62,,
2014/03/19,18,78,,,9,67,,
2014/03/19,19,84,,,10,73,,
2014/03/19,20,86,,,10,74,,
2014/03/19,21,66,,,8,57,,
2014/03/19,22,4,,,3,0,,
2014/03/19,23,4,,,3,0,,
2014/03/19,24,3,,,3,0,,
2014/03/20,01,4,,,3,0,,
2014/03/20,02,4,,,3,0,,
2014/03/20,03,3,,,3,0,,
2014/03/20,04,4,,,3,0,,
2014/03/20,05,4,,,3,0,,
2014/03/20,06,3,,,3,0,,
2014/03/20,07,4,,,3,0,,
2014/03/20,08,3,,,3,0,,
2014/03/20,09,4,,,3,0,,
2014/03/20,10,39,,,12,26,,
2014/03/20,11,78,,,16,61,,
2014/03/20,12,75,,,13,61,,
2014/03/20,13,76,,,13,61,,
2014/03/20,14,76,,,13,62,,
2014/03/20,15,75,,,12,62,,
2014/03/20,16,76,,,13,61,,
2014/03/20,17,76,,,12,62,,
2014/03/20,18,80,,,12,67,,
2014/03/20,19,86,,,12,73,,
2014/03/20,20,87,,,12,73,,
2014/03/20,21,35,,,9,25,,
2014/03/20,22,13,,,5,8,,
2014/03/20,23,20,,,4,15,,
2014/03/20,24,14,,,5,8,,
2014/03/21,01,5,,,4,1,,
2014/03/21,02,4,,,3,0,,
2014/03/21,03,3,,,3,0,,
2014/03/21,04,4,,,3,0,,
2014/03/21,05,4,,,3,0,,
2014/03/21,06,3,,,3,0,,
2014/03/21,07,4,,,3,0,,
2014/03/21,08,4,,,3,0,,
2014/03/21,09,3,,,3,0,,
2014/03/21,10,20,,,12,7,,
2014/03/21,11,80,,,16,62,,
2014/03/21,12,73,,,10,62,,
2014/03/21,13,74,,,11,62,,
2014/03/21,14,74,,,11,61,,
2014/03/21,15,75,,,11,62,,
2014/03/21,16,74,,,11,62,,
2014/03/21,17,74,,,10,62,,
2014/03/21,18,80,,,11,68,,
2014/03/21,19,84,,,10,72,,
2014/03/21,20,86,,,10,73,,
2014/03/21,21,31,,,8,23,,
2014/03/21,22,4,,,3,0,,
2014/03/21,23,4,,,3,0,,
2014/03/21,24,3,,,3,0,,
2014/03/22,01,4,,,3,0,,
2014/03/22,02,3,,,3,0,,
2014/03/22,03,4,,,3,0,,
2014/03/22,04,4,,,3,0,,
2014/03/22,05,3,,,3,0,,
2014/03/22,06,4,,,3,0,,
2014/03/22,07,4,,,3,0,,
2014/03/22,08,3,,,3,0,,
2014/03/22,09,4,,,3,0,,
2014/03/22,10,42,,,12,29,,
2014/03/22,11,77,,,15,61,,
2014/03/22,12,74,,,11,61,,
2014/03/22,13,75,,,11,62,,
2014/03/22,14,73,,,11,61,,
2014/03/22,15,73,,,11,61,,
2014/03/22,16,74,,,10,62,,
2014/03/22,17,73,,,10,61,,
2014/03/22,18,80,,,11,67,,
2014/03/22,19,83,,,10,72,,
2014/03/22,20,85,,,10,72,,
2014/03/22,21,60,,,9,50,,
2014/03/22,22,4,,,4,0,,
2014/03/22,23,5,,,4,0,,
2014/03/22,24,4,,,4,0,,
2014/03/23,01,4,,,4,0,,
2014/03/23,02,5,,,4,0,,
2014/03/23,03,4,,,4,0,,
2014/03/23,04,4,,,4,0,,
2014/03/23,05,4,,,4,0,,
2014/03/23,06,5,,,4,0,,
2014/03/23,07,4,,,4,0,,
2014/03/23,08,4,,,4,0,,
2014/03/23,09,4,,,4,0,,
2014/03/23,10,32,,,12,18,,
2014/03/23,11,78,,,15,62,,
2014/03/23,12,75,,,12,62,,
2014/03/23,13,71,,,7,62,,
2014/03/23,14,69,,,6,62,,
2014/03/23,15,71,,,7,62,,
2014/03/23,16,70,,,7,62,,
2014/03/23,17,70,,,7,61,,
2014/03/23,18,75,,,7,67,,
2014/03/23,19,82,,,7,74,,
2014/03/23,20,82,,,7,74,,
2014/03/23,21,57,,,6,50,,
2014/03/23,22,5,,,4,0,,
2014/03/23,23,5,,,4,0,,
2014/03/23,24,5,,,4,0,,
2014/03/24,01,5,,,4,0,,
2014/03/24,02,4,,,4,0,,
2014/03/24,03,5,,,4,0,,
2014/03/24,04,5,,,4,0,,
2014/03/24,05,5,,,4,0,,
2014/03/24,06,5,,,4,0,,
2014/03/24,07,5,,,4,0,,
2014/03/24,08,4,,,4,0,,
2014/03/24,09,5,,,4,0,,
2014/03/24,10,15,,,13,1,,
2014/03/24,11,76,,,13,61,,
2014/03/24,12,73,,,10,61,,
2014/03/24,13,73,,,10,61,,
2014/03/24,14,72,,,10,61,,
2014/03/24,15,73,,,10,61,,
2014/03/24,16,73,,,10,62,,
2014/03/24,17,73,,,10,61,,
2014/03/24,18,77,,,8,67,,
2014/03/24,19,81,,,7,72,,
2014/03/24,20,82,,,7,73,,
2014/03/24,21,72,,,7,64,,
2014/03/24,22,70,,,6,62,,
2014/03/24,23,70,,,6,62,,
2014/03/24,24,69,,,6,61,,
2014/03/25,01,69,,,6,61,,
2014/03/25,02,36,,,6,29,,
2014/03/25,03,5,,,4,0,,
2014/03/25,04,5,,,4,0,,
2014/03/25,05,5,,,4,0,,
2014/03/25,06,5,,,4,0,,
2014/03/25,07,5,,,4,0,,
2014/03/25,08,5,,,4,0,,
2014/03/25,09,5,,,4,0,,
2014/03/25,10,16,,,6,10,,
2014/03/25,11,77,,,14,61,,
2014/03/25,12,73,,,10,61,,
2014/03/25,13,73,,,10,62,,
2014/03/25,14,73,,,9,61,,
2014/03/25,15,69,,,7,61,,
2014/03/25,16,70,,,7,61,,
2014/03/25,17,70,,,7,62,,
2014/03/25,18,75,,,7,67,,
2014/03/25,19,80,,,7,72,,
2014/03/25,20,82,,,7,73,,
2014/03/25,21,71,,,6,63,,
2014/03/25,22,68,,,5,62,,
2014/03/25,23,70,,,5,62,,
2014/03/25,24,68,,,5,62,,
2014/03/26,01,69,,,5,62,,
2014/03/26,02,39,,,5,33,,
2014/03/26,03,4,,,4,0,,
2014/03/26,04,5,,,4,0,,
2014/03/26,05,4,,,4,0,,
2014/03/26,06,4,,,4,0,,
2014/03/26,07,4,,,4,0,,
2014/03/26,08,5,,,4,0,,
2014/03/26,09,4,,,4,0,,
2014/03/26,10,32,,,10,21,,
2014/03/26,11,73,,,11,61,,
2014/03/26,12,73,,,10,61,,
2014/03/26,13,73,,,11,61,,
2014/03/26,14,75,,,11,62,,
2014/03/26,15,71,,,8,62,,
2014/03/26,16,70,,,7,61,,
2014/03/26,17,70,,,7,62,,
2014/03/26,18,76,,,6,68,,
2014/03/26,19,81,,,7,73,,
2014/03/26,20,82,,,7,74,,
2014/03/26,21,68,,,6,60,,
2014/03/26,22,38,,,5,33,,
2014/03/26,23,21,,,5,15,,
2014/03/26,24,21,,,5,15,,
2014/03/27,01,16,,,4,11,,
2014/03/27,02,3,,,3,0,,
2014/03/27,03,4,,,3,0,,
2014/03/27,04,4,,,3,0,,
2014/03/27,05,3,,,3,0,,
2014/03/27,06,4,,,3,0,,
2014/03/27,07,4,,,3,0,,
2014/03/27,08,3,,,3,0,,
2014/03/27,09,4,,,3,0,,
2014/03/27,10,13,,,9,3,,
2014/03/27,11,72,,,9,61,,
2014/03/27,12,73,,,10,61,,
2014/03/27,13,74,,,10,62,,
2014/03/27,14,74,,,10,62,,
2014/03/27,15,75,,,10,62,,
2014/03/27,16,72,,,9,61,,
2014/03/27,17,72,,,9,61,,
2014/03/27,18,78,,,10,67,,
2014/03/27,19,85,,,10,73,,
2014/03/27,20,85,,,10,73,,
2014/03/27,21,74,,,9,63,,
2014/03/27,22,23,,,7,15,,
2014/03/27,23,20,,,5,15,,
2014/03/27,24,16,,,4,11,,
2014/03/28,01,4,,,3,0,,
2014/03/28,02,4,,,3,0,,
2014/03/28,03,4,,,3,0,,
2014/03/28,04,3,,,3,0,,
2014/03/28,05,4,,,3,0,,
2014/03/28,06,4,,,3,0,,
2014/03/28,07,3,,,3,0,,
2014/03/28,08,4,,,3,0,,
2014/03/28,09,4,,,3,0,,
2014/03/28,10,12,,,4,7,,
2014/03/28,11,68,,,5,62,,
2014/03/28,12,70,,,6,62,,
2014/03/28,13,69,,,6,61,,
2014/03/28,14,70,,,7,62,,
2014/03/28,15,71,,,7,62,,
2014/03/28,16,70,,,8,61,,
2014/03/28,17,71,,,8,62,,
2014/03/28,18,75,,,7,66,,
2014/03/28,19,83,,,8,73,,
2014/03/28,20,82,,,7,73,,
2014/03/28,21,36,,,6,29,,
2014/03/28,22,5,,,4,0,,
2014/03/28,23,4,,,4,0,,
2014/03/28,24,4,,,4,0,,
2014/03/29,01,4,,,4,0,,
2014/03/29,02,4,,,4,0,,
2014/03/29,03,4,,,4,0,,
2014/03/29,04,5,,,4,0,,
2014/03/29,05,4,,,4,0,,
2014/03/29,06,4,,,3,0,,
2014/03/29,07,4,,,4,0,,
2014/03/29,08,4,,,4,0,,
2014/03/29,09,4,,,4,0,,
2014/03/29,10,34,,,4,28,,
2014/03/29,11,69,,,6,62,,
2014/03/29,12,69,,,6,62,,
2014/03/29,13,69,,,6,61,,
2014/03/29,14,69,,,7,61,,
2014/03/29,15,71,,,7,62,,
2014/03/29,16,71,,,7,62,,
2014/03/29,17,72,,,9,62,,
2014/03/29,18,78,,,8,68,,
2014/03/29,19,83,,,8,73,,
2014/03/29,20,83,,,8,74,,
2014/03/29,21,46,,,6,38,,
2014/03/29,22,4,,,3,0,,
2014/03/29,23,4,,,3,0,,
2014/03/29,24,4,,,3,0,,
2014/03/30,01,3,,,3,0,,
2014/03/30,02,4,,,3,0,,
2014/03/30,03,4,,,3,0,,
2014/03/30,04,3,,,3,0,,
2014/03/30,05,4,,,3,0,,
2014/03/30,06,4,,,3,0,,
2014/03/30,07,3,,,3,0,,
2014/03/30,08,4,,,3,0,,
2014/03/30,09,4,,,3,0,,
2014/03/30,10,27,,,4,22,,
2014/03/30,11,68,,,6,61,,
2014/03/30,12,69,,,6,61,,
2014/03/30,13,70,,,6,62,,
2014/03/30,14,71,,,7,62,,
2014/03/30,15,70,,,7,62,,
2014/03/30,16,70,,,7,61,,
2014/03/30,17,69,,,7,61,,
2014/03/30,18,76,,,7,67,,
2014/03/30,19,82,,,7,73,,
2014/03/30,20,80,,,6,73,,
2014/03/30,21,62,,,6,55,,
2014/03/30,22,18,,,4,13,,
2014/03/30,23,3,,,3,0,,
2014/03/30,24,4,,,3,0,,
2014/03/31,01,4,,,3,0,,
2014/03/31,02,3,,,3,0,,
2014/03/31,03,4,,,3,0,,
2014/03/31,04,3,,,3,0,,
2014/03/31,05,4,,,3,0,,
2014/03/31,06,4,,,3,0,,
2014/03/31,07,3,,,3,0,,
2014/03/31,08,4,,,3,0,,
2014/03/31,09,3,,,3,0,,
2014/03/31,10,8,,,3,4,,
2014/03/31,11,67,,,5,61,,
2014/03/31,12,69,,,5,62,,
2014/03/31,13,68,,,6,61,,
2014/03/31,14,68,,,6,61,,
2014/03/31,15,69,,,7,61,,
2014/03/31,16,70,,,6,62,,
2014/03/31,17,70,,,6,62,,
2014/03/31,18,74,,,6,67,,
2014/03/31,19,81,,,6,72,,
2014/03/31,20,81,,,6,73,,
2014/03/31,21,71,,,6,63,,
2014/03/31,22,30,,,5,24,,
2014/03/31,23,5,,,4,0,,
2014/03/31,24,4,,,4,0,,
2014/04/01,01,5,,,4,0,,
2014/04/01,02,4,,,4,0,,
2014/04/01,03,5,,,4,0,,
2014/04/01,04,5,,,4,0,,
2014/04/01,05,4,,,4,0,,
2014/04/01,06,5,,,4,0,,
2014/04/01,07,4,,,4,0,,
2014/04/01,08,4,,,4,0,,
2014/04/01,09,5,,,4,0,,
2014/04/01,10,6,,,4,1,,
2014/04/01,11,67,,,5,61,,
2014/04/01,12,69,,,6,61,,
2014/04/01,13,69,,,6,61,,
2014/04/01,14,69,,,7,61,,
2014/04/01,15,70,,,7,61,,
2014/04/01,16,69,,,7,61,,
2014/04/01,17,69,,,7,61,,
2014/04/01,18,75,,,6,67,,
2014/04/01,19,79,,,6,71,,
2014/04/01,20,79,,,6,72,,
2014/04/01,21,46,,,4,40,,
2014/04/01,22,3,,,3,0,,
2014/04/01,23,4,,,3,0,,
2014/04/01,24,3,,,3,0,,
2014/04/02,01,4,,,3,0,,
2014/04/02,02,4,,,3,0,,
2014/04/02,03,3,,,3,0,,
2014/04/02,04,4,,,3,0,,
2014/04/02,05,3,,,3,0,,
2014/04/02,06,4,,,3,0,,
2014/04/02,07,4,,,3,0,,
2014/04/02,08,3,,,3,0,,
2014/04/02,09,4,,,3,0,,
2014/04/02,10,8,,,4,4,,
2014/04/02,11,67,,,6,60,,
2014/04/02,12,69,,,6,61,,
2014/04/02,13,68,,,6,61,,
2014/04/02,14,69,,,6,60,,
2014/04/02,15,69,,,6,61,,
2014/04/02,16,68,,,7,60,,
2014/04/02,17,70,,,9,60,,
2014/04/02,18,77,,,8,67,,
2014/04/02,19,81,,,8,72,,
2014/04/02,20,81,,,7,72,,
2014/04/02,21,35,,,6,28,,
2014/04/02,22,25,,,5,19,,
2014/04/02,23,20,,,5,14,,
2014/04/02,24,4,,,4,0,,
2014/04/03,01,5,,,4,0,,
2014/04/03,02,5,,,4,0,,
2014/04/03,03,4,,,4,0,,
2014/04/03,04,5,,,4,0,,
2014/04/03,05,4,,,4,0,,
2014/04/03,06,5,,,4,0,,
2014/04/03,07,4,,,4,0,,
2014/04/03,08,4,,,4,0,,
2014/04/03,09,5,,,4,0,,
2014/04/03,10,34,,,5,29,,
2014/04/03,11,68,,,6,60,,
2014/04/03,12,69,,,6,61,,
2014/04/03,13,68,,,6,61,,
2014/04/03,14,70,,,8,60,,
2014/04/03,15,69,,,8,60,,
2014/04/03,16,71,,,9,60,,
2014/04/03,17,71,,,9,61,,
2014/04/03,18,76,,,9,66,,
2014/04/03,19,83,,,9,72,,
2014/04/03,20,82,,,8,72,,
2014/04/03,21,31,,,6,25,,
2014/04/03,22,21,,,4,15,,
2014/04/03,23,4,,,4,0,,
2014/04/03,24,4,,,3,0,,
2014/04/04,01,3,,,3,0,,
2014/04/04,02,4,,,3,0,,
2014/04/04,03,4,,,3,0,,
2014/04/04,04,3,,,3,0,,
2014/04/04,05,4,,,3,0,,
2014/04/04,06,3,,,3,0,,
2014/04/04,07,4,,,3,0,,
2014/04/04,08,4,,,3,0,,
2014/04/04,09,3,,,3,0,,
2014/04/04,10,28,,,4,23,,
2014/04/04,11,68,,,6,60,,
2014/04/04,12,69,,,6,61,,
2014/04/04,13,64,,,6,57,,
2014/04/04,14,70,,,7,61,,
2014/04/04,15,69,,,7,61,,
2014/04/04,16,68,,,6,60,,
2014/04/04,17,69,,,6,61,,
2014/04/04,18,74,,,7,66,,
2014/04/04,19,80,,,7,72,,
2014/04/04,20,81,,,7,72,,
2014/04/04,21,50,,,6,43,,
2014/04/04,22,11,,,4,6,,
2014/04/04,23,4,,,4,0,,
2014/04/04,24,4,,,4,0,,
2014/04/05,01,4,,,3,0,,
2014/04/05,02,4,,,4,0,,
2014/04/05,03,4,,,4,0,,
2014/04/05,04,4,,,4,0,,
2014/04/05,05,4,,,4,0,,
2014/04/05,06,4,,,3,0,,
2014/04/05,07,4,,,3,0,,
2014/04/05,08,4,,,3,0,,
2014/04/05,09,4,,,3,0,,
2014/04/05,10,15,,,5,9,,
2014/04/05,11,67,,,5,60,,
2014/04/05,12,68,,,5,61,,
2014/04/05,13,66,,,5,60,,
2014/04/05,14,68,,,6,60,,
2014/04/05,15,68,,,6,60,,
2014/04/05,16,68,,,6,61,,
2014/04/05,17,68,,,6,61,,
2014/04/05,18,75,,,6,66,,
2014/04/05,19,79,,,7,71,,
2014/04/05,20,80,,,7,71,,
2014/04/05,21,27,,,6,21,,
2014/04/05,22,4,,,4,0,,
2014/04/05,23,4,,,3,0,,
2014/04/05,24,4,,,4,0,,
2014/04/06,01,4,,,3,0,,
2014/04/06,02,4,,,4,0,,
2014/04/06,03,5,,,4,0,,
2014/04/06,04,4,,,4,0,,
2014/04/06,05,4,,,4,0,,
2014/04/06,06,4,,,3,0,,
2014/04/06,07,4,,,4,0,,
2014/04/06,08,4,,,4,0,,
2014/04/06,09,4,,,3,0,,
2014/04/06,10,19,,,4,14,,
2014/04/06,11,67,,,5,60,,
2014/04/06,12,67,,,6,60,,
2014/04/06,13,68,,,6,60,,
2014/04/06,14,67,,,6,60,,
2014/04/06,15,68,,,6,61,,
2014/04/06,16,69,,,6,61,,
2014/04/06,17,69,,,7,61,,
2014/04/06,18,74,,,7,66,,
2014/04/06,19,80,,,6,72,,
2014/04/06,20,81,,,7,72,,
2014/04/06,21,70,,,6,62,,
2014/04/06,22,48,,,5,42,,
2014/04/06,23,6,,,6,0,,
2014/04/06,24,5,,,4,0,,
2014/04/07,01,3,,,3,0,,
2014/04/07,02,4,,,3,0,,
2014/04/07,03,4,,,3,0,,
2014/04/07,04,4,,,3,0,,
2014/04/07,05,4,,,3,0,,
2014/04/07,06,4,,,3,0,,
2014/04/07,07,3,,,3,0,,
2014/04/07,08,4,,,3,0,,
2014/04/07,09,4,,,3,0,,
2014/04/07,10,5,,,4,0,,
2014/04/07,11,67,,,5,60,,
2014/04/07,12,67,,,6,60,,
2014/04/07,13,68,,,6,61,,
2014/04/07,14,68,,,6,60,,
2014/04/07,15,69,,,6,61,,
2014/04/07,16,67,,,6,60,,
2014/04/07,17,68,,,6,61,,
2014/04/07,18,73,,,6,66,,
2014/04/07,19,81,,,6,72,,
2014/04/07,20,82,,,7,73,,
2014/04/07,21,53,,,6,47,,
2014/04/07,22,4,,,3,0,,
2014/04/07,23,4,,,3,0,,
2014/04/07,24,4,,,3,0,,
2014/04/08,01,4,,,3,0,,
2014/04/08,02,3,,,3,0,,
2014/04/08,03,4,,,3,0,,
2014/04/08,04,4,,,3,0,,
2014/04/08,05,4,,,3,0,,
2014/04/08,06,4,,,3,0,,
2014/04/08,07,3,,,3,0,,
2014/04/08,08,4,,,3,0,,
2014/04/08,09,4,,,3,0,,
2014/04/08,10,6,,,4,2,,
2014/04/08,11,66,,,5,60,,
2014/04/08,12,69,,,6,61,,
2014/04/08,13,68,,,6,61,,
2014/04/08,14,68,,,6,60,,
2014/04/08,15,68,,,6,61,,
2014/04/08,16,70,,,7,61,,
2014/04/08,17,69,,,7,61,,
2014/04/08,18,74,,,7,66,,
2014/04/08,19,80,,,7,71,,
2014/04/08,20,81,,,6,72,,
2014/04/08,21,65,,,5,59,,
2014/04/08,22,7,,,3,3,,
2014/04/08,23,4,,,3,0,,
2014/04/08,24,3,,,3,0,,
2014/04/09,01,4,,,3,0,,
2014/04/09,02,4,,,3,0,,
2014/04/09,03,3,,,3,0,,
2014/04/09,04,4,,,3,0,,
2014/04/09,05,4,,,3,0,,
2014/04/09,06,3,,,3,0,,
2014/04/09,07,4,,,3,0,,
2014/04/09,08,3,,,3,0,,
2014/04/09,09,4,,,3,0,,
2014/04/09,10,21,,,4,16,,
2014/04/09,11,67,,,5,60,,
2014/04/09,12,68,,,6,61,,
2014/04/09,13,68,,,6,61,,
2014/04/09,14,68,,,6,61,,
2014/04/09,15,72,,,8,61,,
2014/04/09,16,72,,,9,61,,
2014/04/09,17,73,,,10,61,,
2014/04/09,18,79,,,10,67,,
2014/04/09,19,84,,,10,72,,
2014/04/09,20,85,,,10,72,,
2014/04/09,21,38,,,7,30,,
2014/04/09,22,9,,,3,5,,
2014/04/09,23,3,,,3,0,,
2014/04/09,24,4,,,3,0,,
2014/04/10,01,3,,,3,0,,
2014/04/10,02,3,,,3,0,,
2014/04/10,03,4,,,3,0,,
2014/04/10,04,3,,,3,0,,
2014/04/10,05,3,,,3,0,,
2014/04/10,06,4,,,3,0,,
2014/04/10,07,3,,,3,0,,
2014/04/10,08,3,,,3,0,,
2014/04/10,09,4,,,3,0,,
2014/04/10,10,14,,,3,11,,
2014/04/10,11,67,,,4,61,,
2014/04/10,12,68,,,5,61,,
2014/04/10,13,68,,,6,61,,
2014/04/10,14,68,,,6,61,,
2014/04/10,15,68,,,6,62,,
2014/04/10,16,68,,,6,60,,
2014/04/10,17,68,,,6,60,,
2014/04/10,18,74,,,6,67,,
2014/04/10,19,79,,,6,72,,
2014/04/10,20,79,,,6,71,,
2014/04/10,21,21,,,5,15,,
2014/04/10,22,4,,,4,0,,
2014/04/10,23,4,,,3,0,,
2014/04/10,24,4,,,3,0,,
2014/04/11,01,4,,,3,0,,
2014/04/11,02,4,,,3,0,,
2014/04/11,03,4,,,3,0,,
2014/04/11,04,4,,,3,0,,
2014/04/11,05,4,,,3,0,,
2014/04/11,06,4,,,3,0,,
2014/04/11,07,4,,,3,0,,
2014/04/11,08,4,,,3,0,,
2014/04/11,09,4,,,4,0,,
2014/04/11,10,25,,,4,20,,
2014/04/11,11,68,,,5,61,,
2014/04/11,12,68,,,5,61,,
2014/04/11,13,68,,,6,61,,
2014/04/11,14,67,,,6,60,,
2014/04/11,15,68,,,6,61,,
2014/04/11,16,72,,,9,61,,
2014/04/11,17,73,,,9,61,,
2014/04/11,18,77,,,9,67,,
2014/04/11,19,83,,,9,72,,
2014/04/11,20,83,,,9,72,,
2014/04/11,21,43,,,9,33,,
2014/04/11,22,26,,,6,19,,
2014/04/11,23,19,,,4,15,,
2014/04/11,24,20,,,4,15,,
2014/04/12,01,11,,,4,7,,
2014/04/12,02,3,,,3,0,,
2014/04/12,03,3,,,3,0,,
2014/04/12,04,4,,,3,0,,
2014/04/12,05,3,,,3,0,,
2014/04/12,06,3,,,3,0,,
2014/04/12,07,3,,,3,0,,
2014/04/12,08,3,,,3,0,,
2014/04/12,09,4,,,3,0,,
2014/04/12,10,9,,,3,6,,
2014/04/12,11,67,,,5,60,,
2014/04/12,12,68,,,5,60,,
2014/04/12,13,67,,,6,61,,
2014/04/12,14,67,,,5,60,,
2014/04/12,15,67,,,6,60,,
2014/04/12,16,68,,,6,60,,
2014/04/12,17,69,,,6,61,,
2014/04/12,18,73,,,6,66,,
2014/04/12,19,80,,,6,71,,
2014/04/12,20,79,,,6,72,,
2014/04/12,21,50,,,5,43,,
2014/04/12,22,3,,,3,0,,
2014/04/12,23,4,,,3,0,,
2014/04/12,24,4,,,3,0,,
2014/04/13,01,4,,,3,0,,
2014/04/13,02,4,,,3,0,,
2014/04/13,03,4,,,3,0,,
2014/04/13,04,3,,,3,0,,
2014/04/13,05,4,,,3,0,,
2014/04/13,06,4,,,3,0,,
2014/04/13,07,4,,,3,0,,
2014/04/13,08,4,,,3,0,,
2014/04/13,09,4,,,3,0,,
2014/04/13,10,8,,,4,3,,
2014/04/13,11,66,,,5,60,,
2014/04/13,12,67,,,5,60,,
2014/04/13,13,68,,,6,60,,
2014/04/13,14,70,,,6,62,,
2014/04/13,15,68,,,6,61,,
2014/04/13,16,69,,,7,61,,
2014/04/13,17,69,,,6,61,,
2014/04/13,18,75,,,7,67,,
2014/04/13,19,79,,,6,72,,
2014/04/13,20,80,,,6,72,,
2014/04/13,21,42,,,6,35,,
2014/04/13,22,11,,,4,6,,
2014/04/13,23,12,,,4,7,,
2014/04/13,24,14,,,4,9,,
2014/04/14,01,12,,,4,7,,
2014/04/14,02,6,,,3,3,,
2014/04/14,03,4,,,3,0,,
2014/04/14,04,3,,,3,0,,
2014/04/14,05,3,,,3,0,,
2014/04/14,06,3,,,3,0,,
2014/04/14,07,4,,,3,0,,
2014/04/14,08,3,,,3,0,,
2014/04/14,09,3,,,3,0,,
2014/04/14,10,12,,,3,8,,
2014/04/14,11,64,,,5,58,,
2014/04/14,12,64,,,6,58,,
2014/04/14,13,66,,,6,58,,
2014/04/14,14,66,,,5,59,,
2014/04/14,15,65,,,5,59,,
2014/04/14,16,66,,,6,58,,
2014/04/14,17,65,,,6,58,,
2014/04/14,18,72,,,5,64,,
2014/04/14,19,75,,,5,69,,
2014/04/14,20,76,,,5,69,,
2014/04/14,21,59,,,5,52,,
2014/04/14,22,9,,,5,3,,
2014/04/14,23,5,,,4,0,,
2014/04/14,24,4,,,4,0,,
2014/04/15,01,5,,,4,0,,
2014/04/15,02,5,,,4,0,,
2014/04/15,03,4,,,3,0,,
2014/04/15,04,4,,,3,0,,
2014/04/15,05,3,,,3,0,,
2014/04/15,06,4,,,3,0,,
2014/04/15,07,4,,,3,0,,
2014/04/15,08,4,,,3,0,,
2014/04/15,09,4,,,3,0,,
2014/04/15,10,12,,,4,7,,
2014/04/15,11,67,,,5,60,,
2014/04/15,12,68,,,6,60,,
2014/04/15,13,68,,,6,60,,
2014/04/15,14,68,,,6,60,,
2014/04/15,15,67,,,6,60,,
2014/04/15,16,68,,,6,60,,
2014/04/15,17,68,,,6,61,,
2014/04/15,18,75,,,6,67,,
2014/04/15,19,81,,,6,72,,
2014/04/15,20,80,,,6,72,,
2014/04/15,21,68,,,5,62,,
2014/04/15,22,14,,,3,10,,
2014/04/15,23,3,,,3,0,,
2014/04/15,24,4,,,3,0,,
2014/04/16,01,3,,,3,0,,
2014/04/16,02,3,,,3,0,,
2014/04/16,03,4,,,3,0,,
2014/04/16,04,3,,,3,0,,
2014/04/16,05,3,,,3,0,,
2014/04/16,06,4,,,3,0,,
2014/04/16,07,3,,,3,0,,
2014/04/16,08,3,,,3,0,,
2014/04/16,09,4,,,3,0,,
2014/04/16,10,14,,,3,10,,
2014/04/16,11,67,,,6,60,,
2014/04/16,12,68,,,6,61,,
2014/04/16,13,68,,,6,61,,
2014/04/16,14,70,,,8,61,,
2014/04/16,15,74,,,11,61,,
2014/04/16,16,73,,,11,61,,
2014/04/16,17,73,,,11,61,,
2014/04/16,18,78,,,10,66,,
2014/04/16,19,84,,,10,71,,
2014/04/16,20,83,,,10,72,,
2014/04/16,21,50,,,9,39,,
2014/04/16,22,24,,,5,19,,
2014/04/16,23,24,,,5,19,,
2014/04/16,24,14,,,4,9,,
2014/04/17,01,3,,,3,0,,
2014/04/17,02,3,,,3,0,,
2014/04/17,03,4,,,3,0,,
2014/04/17,04,3,,,3,0,,
2014/04/17,05,3,,,3,0,,
2014/04/17,06,3,,,3,0,,
2014/04/17,07,3,,,3,0,,
2014/04/17,08,4,,,3,0,,
2014/04/17,09,3,,,3,0,,
2014/04/17,10,21,,,4,17,,
2014/04/17,11,68,,,6,60,,
2014/04/17,12,70,,,8,60,,
2014/04/17,13,73,,,11,61,,
2014/04/17,14,75,,,12,61,,
2014/04/17,15,78,,,15,61,,
2014/04/17,16,76,,,13,60,,
2014/04/17,17,75,,,12,61,,
2014/04/17,18,80,,,12,67,,
2014/04/17,19,83,,,11,71,,
2014/04/17,20,86,,,11,72,,
2014/04/17,21,55,,,10,44,,
2014/04/17,22,9,,,5,3,,
2014/04/17,23,4,,,3,0,,
2014/04/17,24,3,,,3,0,,
2014/04/18,01,3,,,3,0,,
2014/04/18,02,4,,,3,0,,
2014/04/18,03,3,,,3,0,,
2014/04/18,04,3,,,3,0,,
2014/04/18,05,4,,,3,0,,
2014/04/18,06,3,,,3,0,,
2014/04/18,07,3,,,3,0,,
2014/04/18,08,4,,,3,0,,
2014/04/18,09,3,,,3,0,,
2014/04/18,10,10,,,3,6,,
2014/04/18,11,66,,,5,60,,
2014/04/18,12,67,,,5,60,,
2014/04/18,13,69,,,7,60,,
2014/04/18,14,72,,,11,60,,
2014/04/18,15,72,,,10,60,,
2014/04/18,16,72,,,10,60,,
2014/04/18,17,72,,,10,61,,
2014/04/18,18,80,,,11,67,,
2014/04/18,19,84,,,10,73,,
2014/04/18,20,84,,,10,72,,
2014/04/18,21,53,,,9,43,,
2014/04/18,22,26,,,6,19,,
2014/04/18,23,20,,,4,15,,
2014/04/18,24,10,,,4,5,,
2014/04/19,01,15,,,4,11,,
2014/04/19,02,15,,,4,10,,
2014/04/19,03,3,,,3,0,,
2014/04/19,04,4,,,3,0,,
2014/04/19,05,3,,,3,0,,
2014/04/19,06,3,,,3,0,,
2014/04/19,07,4,,,3,0,,
2014/04/19,08,3,,,3,0,,
2014/04/19,09,12,,,3,8,,
2014/04/19,10,28,,,4,23,,
2014/04/19,11,67,,,6,59,,
2014/04/19,12,68,,,6,60,,
2014/04/19,13,68,,,6,61,,
2014/04/19,14,68,,,6,60,,
2014/04/19,15,69,,,7,60,,
2014/04/19,16,68,,,6,61,,
2014/04/19,17,67,,,6,60,,
2014/04/19,18,74,,,6,66,,
2014/04/19,19,80,,,6,72,,
2014/04/19,20,79,,,6,72,,
2014/04/19,21,70,,,6,62,,
2014/04/19,22,62,,,6,55,,
2014/04/19,23,4,,,4,0,,
2014/04/19,24,4,,,4,0,,
2014/04/20,01,4,,,4,0,,
2014/04/20,02,4,,,4,0,,
2014/04/20,03,4,,,4,0,,
2014/04/20,04,4,,,4,0,,
2014/04/20,05,5,,,4,0,,
2014/04/20,06,4,,,4,0,,
2014/04/20,07,4,,,4,0,,
2014/04/20,08,4,,,4,0,,
2014/04/20,09,4,,,4,0,,
2014/04/20,10,31,,,4,26,,
2014/04/20,11,66,,,5,60,,
2014/04/20,12,68,,,6,60,,
2014/04/20,13,68,,,6,60,,
2014/04/20,14,69,,,6,61,,
2014/04/20,15,68,,,6,60,,
2014/04/20,16,68,,,6,60,,
2014/04/20,17,67,,,6,60,,
2014/04/20,18,74,,,6,65,,
2014/04/20,19,79,,,6,71,,
2014/04/20,20,80,,,7,72,,
2014/04/20,21,70,,,6,63,,
2014/04/20,22,60,,,5,54,,
2014/04/20,23,4,,,3,0,,
2014/04/20,24,3,,,3,0,,
2014/04/21,01,3,,,3,0,,
2014/04/21,02,4,,,3,0,,
2014/04/21,03,3,,,3,0,,
2014/04/21,04,4,,,3,0,,
2014/04/21,05,3,,,3,0,,
2014/04/21,06,4,,,3,0,,
2014/04/21,07,3,,,3,0,,
2014/04/21,08,4,,,3,0,,
2014/04/21,09,3,,,3,0,,
2014/04/21,10,21,,,4,16,,
2014/04/21,11,62,,,5,56,,
2014/04/21,12,62,,,5,56,,
2014/04/21,13,66,,,5,59,,
2014/04/21,14,67,,,5,60,,
2014/04/21,15,68,,,6,60,,
2014/04/21,16,68,,,6,60,,
2014/04/21,17,67,,,6,60,,
2014/04/21,18,75,,,6,67,,
2014/04/21,19,79,,,6,71,,
2014/04/21,20,80,,,6,72,,
2014/04/21,21,70,,,6,62,,
2014/04/21,22,16,,,5,11,,
2014/04/21,23,4,,,4,0,,
2014/04/21,24,5,,,4,0,,
2014/04/22,01,4,,,3,0,,
2014/04/22,02,4,,,4,0,,
2014/04/22,03,4,,,3,0,,
2014/04/22,04,4,,,4,0,,
2014/04/22,05,4,,,3,0,,
2014/04/22,06,4,,,3,0,,
2014/04/22,07,4,,,3,0,,
2014/04/22,08,3,,,3,0,,
2014/04/22,09,4,,,3,0,,
2014/04/22,10,12,,,4,7,,
2014/04/22,11,68,,,6,61,,
2014/04/22,12,68,,,6,60,,
2014/04/22,13,69,,,7,61,,
2014/04/22,14,69,,,6,61,,
2014/04/22,15,68,,,6,60,,
2014/04/22,16,68,,,6,60,,
2014/04/22,17,67,,,6,60,,
2014/04/22,18,75,,,6,67,,
2014/04/22,19,80,,,6,72,,
2014/04/22,20,79,,,6,71,,
2014/04/22,21,47,,,5,40,,
2014/04/22,22,4,,,4,0,,
2014/04/22,23,4,,,4,0,,
2014/04/22,24,5,,,4,0,,
2014/04/23,01,4,,,4,0,,
2014/04/23,02,4,,,4,0,,
2014/04/23,03,4,,,4,0,,
2014/04/23,04,4,,,4,0,,
2014/04/23,05,4,,,4,0,,
2014/04/23,06,4,,,4,0,,
2014/04/23,07,5,,,4,0,,
2014/04/23,08,4,,,4,0,,
2014/04/23,09,4,,,4,0,,
2014/04/23,10,13,,,4,8,,
2014/04/23,11,64,,,6,56,,
2014/04/23,12,66,,,6,60,,
2014/04/23,13,69,,,6,61,,
2014/04/23,14,68,,,6,60,,
2014/04/23,15,68,,,6,60,,
2014/04/23,16,67,,,6,60,,
2014/04/23,17,69,,,6,60,,
2014/04/23,18,74,,,6,67,,
2014/04/23,19,79,,,6,72,,
2014/04/23,20,79,,,5,71,,
2014/04/23,21,50,,,5,44,,
2014/04/23,22,4,,,3,0,,
2014/04/23,23,3,,,3,0,,
2014/04/23,24,4,,,3,0,,
2014/04/24,01,3,,,3,0,,
2014/04/24,02,4,,,3,0,,
2014/04/24,03,3,,,3,0,,
2014/04/24,04,4,,,3,0,,
2014/04/24,05,3,,,3,0,,
2014/04/24,06,4,,,3,0,,
2014/04/24,07,3,,,3,0,,
2014/04/24,08,3,,,3,0,,
2014/04/24,09,4,,,3,0,,
2014/04/24,10,6,,,3,3,,
2014/04/24,11,66,,,5,60,,
2014/04/24,12,67,,,5,60,,
2014/04/24,13,70,,,8,60,,
2014/04/24,14,72,,,10,60,,
2014/04/24,15,75,,,13,60,,
2014/04/24,16,75,,,13,60,,
2014/04/24,17,74,,,12,60,,
2014/04/24,18,80,,,11,67,,
2014/04/24,19,85,,,11,72,,
2014/04/24,20,85,,,11,73,,
2014/04/24,21,42,,,9,32,,
2014/04/24,22,4,,,3,0,,
2014/04/24,23,4,,,3,0,,
2014/04/24,24,3,,,3,0,,
2014/04/25,01,4,,,3,0,,
2014/04/25,02,4,,,3,0,,
2014/04/25,03,4,,,3,0,,
2014/04/25,04,4,,,3,0,,
2014/04/25,05,4,,,3,0,,
2014/04/25,06,3,,,3,0,,
2014/04/25,07,4,,,3,0,,
2014/04/25,08,4,,,3,0,,
2014/04/25,09,4,,,3,0,,
2014/04/25,10,6,,,4,2,,
2014/04/25,11,67,,,5,60,,
2014/04/25,12,68,,,6,60,,
2014/04/25,13,73,,,11,61,,
2014/04/25,14,75,,,12,61,,
2014/04/25,15,74,,,12,60,,
2014/04/25,16,75,,,12,61,,
2014/04/25,17,75,,,12,61,,
2014/04/25,18,79,,,11,66,,
2014/04/25,19,85,,,11,72,,
2014/04/25,20,85,,,10,73,,
2014/04/25,21,66,,,10,55,,
2014/04/25,22,17,,,6,10,,
2014/04/25,23,3,,,3,0,,
2014/04/25,24,4,,,3,0,,
2014/04/26,01,3,,,3,0,,
2014/04/26,02,4,,,3,0,,
2014/04/26,03,3,,,3,0,,
2014/04/26,04,4,,,3,0,,
2014/04/26,05,3,,,3,0,,
2014/04/26,06,4,,,3,0,,
2014/04/26,07,3,,,3,0,,
2014/04/26,08,4,,,3,0,,
2014/04/26,09,3,,,3,0,,
2014/04/26,10,8,,,4,3,,
2014/04/26,11,67,,,5,60,,
2014/04/26,12,67,,,6,60,,
2014/04/26,13,76,,,12,61,,
2014/04/26,14,74,,,12,61,,
2014/04/26,15,76,,,14,61,,
2014/04/26,16,75,,,12,60,,
2014/04/26,17,75,,,13,61,,
2014/04/26,18,81,,,12,66,,
2014/04/26,19,85,,,11,73,,
2014/04/26,20,85,,,10,73,,
2014/04/26,21,48,,,10,37,,
2014/04/26,22,28,,,8,20,,
2014/04/26,23,5,,,4,0,,
2014/04/26,24,4,,,4,0,,
2014/04/27,01,4,,,4,0,,
2014/04/27,02,4,,,4,0,,
2014/04/27,03,4,,,4,0,,
2014/04/27,04,4,,,3,0,,
2014/04/27,05,5,,,4,0,,
2014/04/27,06,4,,,3,0,,
2014/04/27,07,4,,,4,0,,
2014/04/27,08,4,,,3,0,,
2014/04/27,09,4,,,4,0,,
2014/04/27,10,7,,,4,2,,
2014/04/27,11,68,,,6,61,,
2014/04/27,12,68,,,6,61,,
2014/04/27,13,75,,,12,61,,
2014/04/27,14,75,,,13,60,,
2014/04/27,15,77,,,14,61,,
2014/04/27,16,76,,,14,60,,
2014/04/27,17,75,,,13,61,,
2014/04/27,18,81,,,13,66,,
2014/04/27,19,86,,,12,72,,
2014/04/27,20,84,,,11,71,,
2014/04/27,21,75,,,11,63,,
2014/04/27,22,18,,,4,12,,
2014/04/27,23,4,,,3,0,,
2014/04/27,24,3,,,3,0,,
2014/04/28,01,4,,,3,0,,
2014/04/28,02,3,,,3,0,,
2014/04/28,03,4,,,3,0,,
2014/04/28,04,4,,,3,0,,
2014/04/28,05,3,,,3,0,,
2014/04/28,06,4,,,3,0,,
2014/04/28,07,3,,,3,0,,
2014/04/28,08,3,,,3,0,,
2014/04/28,09,4,,,3,0,,
2014/04/28,10,11,,,3,7,,
2014/04/28,11,66,,,5,60,,
2014/04/28,12,69,,,6,61,,
2014/04/28,13,68,,,6,61,,
2014/04/28,14,68,,,6,60,,
2014/04/28,15,68,,,6,60,,
2014/04/28,16,68,,,6,60,,
2014/04/28,17,68,,,6,60,,
2014/04/28,18,73,,,6,65,,
2014/04/28,19,81,,,6,73,,
2014/04/28,20,80,,,6,72,,
2014/04/28,21,70,,,6,63,,
2014/04/28,22,57,,,5,50,,
2014/04/28,23,4,,,4,0,,
2014/04/28,24,4,,,3,0,,
2014/04/29,01,4,,,3,0,,
2014/04/29,02,4,,,3,0,,
2014/04/29,03,4,,,3,0,,
2014/04/29,04,4,,,3,0,,
2014/04/29,05,3,,,3,0,,
2014/04/29,06,4,,,3,0,,
2014/04/29,07,4,,,3,0,,
2014/04/29,08,4,,,3,0,,
2014/04/29,09,8,,,3,4,,
2014/04/29,10,26,,,4,21,,
2014/04/29,11,67,,,5,60,,
2014/04/29,12,68,,,6,61,,
2014/04/29,13,69,,,6,61,,
2014/04/29,14,68,,,6,61,,
2014/04/29,15,69,,,6,61,,
2014/04/29,16,69,,,6,61,,
2014/04/29,17,68,,,6,60,,
2014/04/29,18,78,,,10,66,,
2014/04/29,19,84,,,10,71,,
2014/04/29,20,84,,,10,73,,
2014/04/29,21,40,,,9,29,,
2014/04/29,22,4,,,4,0,,
2014/04/29,23,5,,,4,0,,
2014/04/29,24,5,,,4,0,,
2014/04/30,01,4,,,4,0,,
2014/04/30,02,5,,,4,0,,
2014/04/30,03,4,,,4,0,,
2014/04/30,04,4,,,4,0,,
2014/04/30,05,5,,,4,0,,
2014/04/30,06,4,,,4,0,,
2014/04/30,07,4,,,4,0,,
2014/04/30,08,4,,,4,0,,
2014/04/30,09,4,,,4,0,,
2014/04/30,10,13,,,4,8,,
2014/04/30,11,68,,,5,60,,
2014/04/30,12,67,,,6,60,,
2014/04/30,13,67,,,6,60,,
2014/04/30,14,68,,,7,60,,
2014/04/30,15,74,,,11,61,,
2014/04/30,16,73,,,11,61,,
2014/04/30,17,74,,,11,60,,
2014/04/30,18,74,,,11,61,,
2014/04/30,19,75,,,11,63,,
2014/04/30,20,85,,,11,72,,
2014/04/30,21,26,,,7,18,,
2014/04/30,22,5,,,4,0,,
2014/04/30,23,5,,,4,0,,
2014/04/30,24,4,,,4,0,,
