計測日,計測時間,全体,空調,照明,動力,電灯,冷凍・冷熱,その他
2014/02/01,01,23,,,5,,,
2014/02/01,02,22,,,5,,,
2014/02/01,03,46,,,18,,,
2014/02/01,04,33,,,8,,,
2014/02/01,05,24,,,5,,,
2014/02/01,06,30,,,8,,,
2014/02/01,07,32,,,10,,,
2014/02/01,08,34,,,11,,,
2014/02/01,09,75,,,36,,,
2014/02/01,10,70,,,33,,,
2014/02/01,11,63,,,29,,,
2014/02/01,12,68,,,31,,,
2014/02/01,13,62,,,28,,,
2014/02/01,14,65,,,30,,,
2014/02/01,15,88,,,42,,,
2014/02/01,16,76,,,35,,,
2014/02/01,17,70,,,33,,,
2014/02/01,18,68,,,31,,,
2014/02/01,19,66,,,29,,,
2014/02/01,20,65,,,29,,,
2014/02/01,21,85,,,40,,,
2014/02/01,22,42,,,15,,,
2014/02/01,23,25,,,7,,,
2014/02/01,24,25,,,7,,,
2014/02/02,01,23,,,4,,,
2014/02/02,02,23,,,5,,,
2014/02/02,03,46,,,14,,,
2014/02/02,04,34,,,9,,,
2014/02/02,05,24,,,5,,,
2014/02/02,06,25,,,7,,,
2014/02/02,07,25,,,7,,,
2014/02/02,08,24,,,9,,,
2014/02/02,09,63,,,28,,,
2014/02/02,10,55,,,22,,,
2014/02/02,11,49,,,19,,,
2014/02/02,12,50,,,20,,,
2014/02/02,13,49,,,21,,,
2014/02/02,14,49,,,20,,,
2014/02/02,15,71,,,30,,,
2014/02/02,16,61,,,25,,,
2014/02/02,17,56,,,22,,,
2014/02/02,18,50,,,20,,,
2014/02/02,19,52,,,20,,,
2014/02/02,20,50,,,19,,,
2014/02/02,21,66,,,28,,,
2014/02/02,22,35,,,14,,,
2014/02/02,23,24,,,6,,,
2014/02/02,24,25,,,6,,,
2014/02/03,01,23,,,5,,,
2014/02/03,02,22,,,5,,,
2014/02/03,03,46,,,17,,,
2014/02/03,04,33,,,7,,,
2014/02/03,05,24,,,5,,,
2014/02/03,06,25,,,7,,,
2014/02/03,07,24,,,7,,,
2014/02/03,08,29,,,8,,,
2014/02/03,09,70,,,33,,,
2014/02/03,10,59,,,28,,,
2014/02/03,11,58,,,28,,,
2014/02/03,12,60,,,29,,,
2014/02/03,13,59,,,28,,,
2014/02/03,14,58,,,27,,,
2014/02/03,15,79,,,37,,,
2014/02/03,16,63,,,28,,,
2014/02/03,17,57,,,26,,,
2014/02/03,18,59,,,26,,,
2014/02/03,19,58,,,26,,,
2014/02/03,20,57,,,25,,,
2014/02/03,21,77,,,36,,,
2014/02/03,22,38,,,16,,,
2014/02/03,23,24,,,6,,,
2014/02/03,24,25,,,7,,,
2014/02/04,01,23,,,6,,,
2014/02/04,02,23,,,6,,,
2014/02/04,03,46,,,17,,,
2014/02/04,04,33,,,9,,,
2014/02/04,05,23,,,5,,,
2014/02/04,06,24,,,6,,,
2014/02/04,07,23,,,6,,,
2014/02/04,08,28,,,11,,,
2014/02/04,09,72,,,32,,,
2014/02/04,10,59,,,24,,,
2014/02/04,11,56,,,22,,,
2014/02/04,12,58,,,23,,,
2014/02/04,13,58,,,23,,,
2014/02/04,14,57,,,22,,,
2014/02/04,15,79,,,33,,,
2014/02/04,16,63,,,25,,,
2014/02/04,17,58,,,23,,,
2014/02/04,18,58,,,24,,,
2014/02/04,19,58,,,22,,,
2014/02/04,20,58,,,21,,,
2014/02/04,21,77,,,32,,,
2014/02/04,22,49,,,14,,,
2014/02/04,23,26,,,7,,,
2014/02/04,24,26,,,7,,,
2014/02/05,01,23,,,6,,,
2014/02/05,02,24,,,5,,,
2014/02/05,03,46,,,17,,,
2014/02/05,04,27,,,6,,,
2014/02/05,05,23,,,5,,,
2014/02/05,06,25,,,6,,,
2014/02/05,07,23,,,6,,,
2014/02/05,08,26,,,10,,,
2014/02/05,09,68,,,33,,,
2014/02/05,10,66,,,31,,,
2014/02/05,11,59,,,27,,,
2014/02/05,12,60,,,28,,,
2014/02/05,13,58,,,27,,,
2014/02/05,14,59,,,20,,,
2014/02/05,15,79,,,28,,,
2014/02/05,16,65,,,19,,,
2014/02/05,17,58,,,16,,,
2014/02/05,18,60,,,18,,,
2014/02/05,19,58,,,17,,,
2014/02/05,20,57,,,25,,,
2014/02/05,21,78,,,36,,,
2014/02/05,22,59,,,21,,,
2014/02/05,23,26,,,7,,,
2014/02/05,24,25,,,6,,,
2014/02/06,01,23,,,5,,,
2014/02/06,02,23,,,5,,,
2014/02/06,03,45,,,16,,,
2014/02/06,04,27,,,6,,,
2014/02/06,05,23,,,5,,,
2014/02/06,06,38,,,10,,,
2014/02/06,07,53,,,14,,,
2014/02/06,08,58,,,13,,,
2014/02/06,09,80,,,27,,,
2014/02/06,10,73,,,29,,,
2014/02/06,11,65,,,25,,,
2014/02/06,12,65,,,27,,,
2014/02/06,13,63,,,25,,,
2014/02/06,14,64,,,26,,,
2014/02/06,15,85,,,37,,,
2014/02/06,16,68,,,28,,,
2014/02/06,17,62,,,25,,,
2014/02/06,18,66,,,26,,,
2014/02/06,19,66,,,25,,,
2014/02/06,20,66,,,24,,,
2014/02/06,21,85,,,36,,,
2014/02/06,22,55,,,19,,,
2014/02/06,23,25,,,6,,,
2014/02/06,24,25,,,6,,,
2014/02/07,01,22,,,6,,,
2014/02/07,02,24,,,5,,,
2014/02/07,03,45,,,16,,,
2014/02/07,04,32,,,7,,,
2014/02/07,05,22,,,5,,,
2014/02/07,06,24,,,6,,,
2014/02/07,07,23,,,6,,,
2014/02/07,08,29,,,7,,,
2014/02/07,09,69,,,33,,,
2014/02/07,10,71,,,34,,,
2014/02/07,11,63,,,30,,,
2014/02/07,12,64,,,31,,,
2014/02/07,13,62,,,29,,,
2014/02/07,14,64,,,30,,,
2014/02/07,15,84,,,41,,,
2014/02/07,16,74,,,34,,,
2014/02/07,17,64,,,31,,,
2014/02/07,18,66,,,30,,,
2014/02/07,19,65,,,30,,,
2014/02/07,20,59,,,26,,,
2014/02/07,21,61,,,26,,,
2014/02/07,22,33,,,9,,,
2014/02/07,23,25,,,7,,,
2014/02/07,24,25,,,5,,,
2014/02/08,01,23,,,5,,,
2014/02/08,02,22,,,5,,,
2014/02/08,03,46,,,18,,,
2014/02/08,04,33,,,8,,,
2014/02/08,05,24,,,5,,,
2014/02/08,06,30,,,8,,,
2014/02/08,07,32,,,10,,,
2014/02/08,08,34,,,11,,,
2014/02/08,09,75,,,36,,,
2014/02/08,10,70,,,33,,,
2014/02/08,11,63,,,29,,,
2014/02/08,12,68,,,31,,,
2014/02/08,13,62,,,28,,,
2014/02/08,14,65,,,30,,,
2014/02/08,15,88,,,42,,,
2014/02/08,16,76,,,35,,,
2014/02/08,17,70,,,33,,,
2014/02/08,18,68,,,31,,,
2014/02/08,19,66,,,29,,,
2014/02/08,20,65,,,29,,,
2014/02/08,21,85,,,40,,,
2014/02/08,22,42,,,15,,,
2014/02/08,23,25,,,7,,,
2014/02/08,24,25,,,7,,,
2014/02/09,01,23,,,4,,,
2014/02/09,02,23,,,5,,,
2014/02/09,03,46,,,14,,,
2014/02/09,04,34,,,9,,,
2014/02/09,05,24,,,5,,,
2014/02/09,06,25,,,7,,,
2014/02/09,07,25,,,7,,,
2014/02/09,08,24,,,9,,,
2014/02/09,09,63,,,28,,,
2014/02/09,10,55,,,22,,,
2014/02/09,11,49,,,19,,,
2014/02/09,12,50,,,20,,,
2014/02/09,13,49,,,21,,,
2014/02/09,14,49,,,20,,,
2014/02/09,15,71,,,30,,,
2014/02/09,16,61,,,25,,,
2014/02/09,17,56,,,22,,,
2014/02/09,18,50,,,20,,,
2014/02/09,19,52,,,20,,,
2014/02/09,20,50,,,19,,,
2014/02/09,21,66,,,28,,,
2014/02/09,22,35,,,14,,,
2014/02/09,23,24,,,6,,,
2014/02/09,24,25,,,6,,,
2014/02/10,01,23,,,5,,,
2014/02/10,02,22,,,5,,,
2014/02/10,03,46,,,17,,,
2014/02/10,04,33,,,7,,,
2014/02/10,05,24,,,5,,,
2014/02/10,06,25,,,7,,,
2014/02/10,07,24,,,7,,,
2014/02/10,08,29,,,8,,,
2014/02/10,09,70,,,33,,,
2014/02/10,10,59,,,28,,,
2014/02/10,11,58,,,28,,,
2014/02/10,12,60,,,29,,,
2014/02/10,13,59,,,28,,,
2014/02/10,14,58,,,27,,,
2014/02/10,15,79,,,37,,,
2014/02/10,16,63,,,28,,,
2014/02/10,17,57,,,26,,,
2014/02/10,18,59,,,26,,,
2014/02/10,19,58,,,26,,,
2014/02/10,20,57,,,25,,,
2014/02/10,21,77,,,36,,,
2014/02/10,22,38,,,16,,,
2014/02/10,23,24,,,6,,,
2014/02/10,24,25,,,7,,,
2014/02/11,01,23,,,6,,,
2014/02/11,02,23,,,6,,,
2014/02/11,03,46,,,17,,,
2014/02/11,04,33,,,9,,,
2014/02/11,05,23,,,5,,,
2014/02/11,06,24,,,6,,,
2014/02/11,07,23,,,6,,,
2014/02/11,08,28,,,11,,,
2014/02/11,09,72,,,32,,,
2014/02/11,10,59,,,24,,,
2014/02/11,11,56,,,22,,,
2014/02/11,12,58,,,23,,,
2014/02/11,13,58,,,23,,,
2014/02/11,14,57,,,22,,,
2014/02/11,15,79,,,33,,,
2014/02/11,16,63,,,25,,,
2014/02/11,17,58,,,23,,,
2014/02/11,18,60,,,24,,,
2014/02/11,19,59,,,22,,,
2014/02/11,20,56,,,20,,,
2014/02/11,21,77,,,32,,,
2014/02/11,22,42,,,12,,,
2014/02/11,23,24,,,6,,,
2014/02/11,24,25,,,6,,,
2014/02/12,01,22,,,6,,,
2014/02/12,02,22,,,5,,,
2014/02/12,03,45,,,17,,,
2014/02/12,04,32,,,7,,,
2014/02/12,05,23,,,5,,,
2014/02/12,06,24,,,6,,,
2014/02/12,07,23,,,6,,,
2014/02/12,08,31,,,12,,,
2014/02/12,09,72,,,35,,,
2014/02/12,10,60,,,28,,,
2014/02/12,11,58,,,26,,,
2014/02/12,12,60,,,28,,,
2014/02/12,13,61,,,29,,,
2014/02/12,14,60,,,20,,,
2014/02/12,15,82,,,29,,,
2014/02/12,16,72,,,21,,,
2014/02/12,17,65,,,18,,,
2014/02/12,18,63,,,19,,,
2014/02/12,19,59,,,17,,,
2014/02/12,20,60,,,26,,,
2014/02/12,21,79,,,37,,,
2014/02/12,22,54,,,19,,,
2014/02/12,23,31,,,8,,,
2014/02/12,24,25,,,6,,,
2014/02/13,01,23,,,5,,,
2014/02/13,02,24,,,6,,,
2014/02/13,03,46,,,17,,,
2014/02/13,04,34,,,8,,,
2014/02/13,05,25,,,6,,,
2014/02/13,06,26,,,7,,,
2014/02/13,07,24,,,7,,,
2014/02/13,08,32,,,7,,,
2014/02/13,09,71,,,24,,,
2014/02/13,10,62,,,25,,,
2014/02/13,11,58,,,23,,,
2014/02/13,12,59,,,24,,,
2014/02/13,13,58,,,23,,,
2014/02/13,14,58,,,24,,,
2014/02/13,15,81,,,35,,,
2014/02/13,16,64,,,27,,,
2014/02/13,17,58,,,23,,,
2014/02/13,18,60,,,23,,,
2014/02/13,19,59,,,22,,,
2014/02/13,20,58,,,21,,,
2014/02/13,21,72,,,30,,,
2014/02/13,22,38,,,13,,,
2014/02/13,23,25,,,6,,,
2014/02/13,24,26,,,7,,,
2014/02/14,01,23,,,6,,,
2014/02/14,02,23,,,5,,,
2014/02/14,03,46,,,17,,,
2014/02/14,04,29,,,7,,,
2014/02/14,05,24,,,5,,,
2014/02/14,06,25,,,7,,,
2014/02/14,07,24,,,7,,,
2014/02/14,08,33,,,8,,,
2014/02/14,09,78,,,38,,,
2014/02/14,10,73,,,35,,,
2014/02/14,11,62,,,30,,,
2014/02/14,12,63,,,30,,,
2014/02/14,13,64,,,30,,,
2014/02/14,14,60,,,28,,,
2014/02/14,15,86,,,41,,,
2014/02/14,16,66,,,31,,,
2014/02/14,17,65,,,31,,,
2014/02/14,18,65,,,30,,,
2014/02/14,19,62,,,28,,,
2014/02/14,20,65,,,29,,,
2014/02/14,21,80,,,34,,,
2014/02/14,22,32,,,9,,,
2014/02/14,23,23,,,6,,,
2014/02/14,24,24,,,5,,,
2014/02/15,01,22,,,5,,,
2014/02/15,02,21,,,5,,,
2014/02/15,03,44,,,17,,,
2014/02/15,04,31,,,8,,,
2014/02/15,05,23,,,5,,,
2014/02/15,06,23,,,6,,,
2014/02/15,07,23,,,7,,,
2014/02/15,08,30,,,10,,,
2014/02/15,09,63,,,30,,,
2014/02/15,10,60,,,29,,,
2014/02/15,11,57,,,26,,,
2014/02/15,12,59,,,27,,,
2014/02/15,13,57,,,26,,,
2014/02/15,14,57,,,26,,,
2014/02/15,15,79,,,38,,,
2014/02/15,16,62,,,29,,,
2014/02/15,17,57,,,27,,,
2014/02/15,18,59,,,27,,,
2014/02/15,19,52,,,23,,,
2014/02/15,20,56,,,21,,,
2014/02/15,21,76,,,32,,,
2014/02/15,22,39,,,9,,,
2014/02/15,23,32,,,5,,,
2014/02/15,24,30,,,5,,,
2014/02/16,01,31,,,5,,,
2014/02/16,02,34,,,7,,,
2014/02/16,03,54,,,17,,,
2014/02/16,04,31,,,8,,,
2014/02/16,05,22,,,5,,,
2014/02/16,06,22,,,6,,,
2014/02/16,07,22,,,6,,,
2014/02/16,08,38,,,15,,,
2014/02/16,09,73,,,33,,,
2014/02/16,10,60,,,24,,,
2014/02/16,11,59,,,23,,,
2014/02/16,12,61,,,25,,,
2014/02/16,13,62,,,26,,,
2014/02/16,14,65,,,26,,,
2014/02/16,15,85,,,36,,,
2014/02/16,16,68,,,28,,,
2014/02/16,17,63,,,25,,,
2014/02/16,18,63,,,25,,,
2014/02/16,19,61,,,24,,,
2014/02/16,20,58,,,22,,,
2014/02/16,21,77,,,33,,,
2014/02/16,22,46,,,19,,,
2014/02/16,23,23,,,6,,,
2014/02/16,24,24,,,6,,,
2014/02/17,01,21,,,5,,,
2014/02/17,02,22,,,5,,,
2014/02/17,03,44,,,16,,,
2014/02/17,04,27,,,6,,,
2014/02/17,05,22,,,5,,,
2014/02/17,06,23,,,6,,,
2014/02/17,07,23,,,7,,,
2014/02/17,08,28,,,8,,,
2014/02/17,09,78,,,37,,,
2014/02/17,10,68,,,32,,,
2014/02/17,11,67,,,32,,,
2014/02/17,12,69,,,33,,,
2014/02/17,13,68,,,32,,,
2014/02/17,14,67,,,31,,,
2014/02/17,15,87,,,41,,,
2014/02/17,16,71,,,32,,,
2014/02/17,17,68,,,31,,,
2014/02/17,18,70,,,31,,,
2014/02/17,19,67,,,30,,,
2014/02/17,20,66,,,29,,,
2014/02/17,21,85,,,40,,,
2014/02/17,22,52,,,22,,,
2014/02/17,23,24,,,6,,,
2014/02/17,24,25,,,7,,,
2014/02/18,01,22,,,6,,,
2014/02/18,02,23,,,6,,,
2014/02/18,03,44,,,16,,,
2014/02/18,04,27,,,7,,,
2014/02/18,05,23,,,5,,,
2014/02/18,06,24,,,6,,,
2014/02/18,07,23,,,6,,,
2014/02/18,08,41,,,16,,,
2014/02/18,09,74,,,33,,,
2014/02/18,10,60,,,24,,,
2014/02/18,11,58,,,23,,,
2014/02/18,12,60,,,24,,,
2014/02/18,13,57,,,23,,,
2014/02/18,14,58,,,22,,,
2014/02/18,15,78,,,33,,,
2014/02/18,16,61,,,24,,,
2014/02/18,17,57,,,23,,,
2014/02/18,18,59,,,24,,,
2014/02/18,19,58,,,22,,,
2014/02/18,20,58,,,21,,,
2014/02/18,21,78,,,32,,,
2014/02/18,22,41,,,12,,,
2014/02/18,23,24,,,6,,,
2014/02/18,24,24,,,6,,,
2014/02/19,01,22,,,6,,,
2014/02/19,02,22,,,5,,,
2014/02/19,03,43,,,16,,,
2014/02/19,04,26,,,6,,,
2014/02/19,05,23,,,5,,,
2014/02/19,06,24,,,6,,,
2014/02/19,07,23,,,6,,,
2014/02/19,08,39,,,15,,,
2014/02/19,09,78,,,38,,,
2014/02/19,10,69,,,32,,,
2014/02/19,11,66,,,30,,,
2014/02/19,12,66,,,31,,,
2014/02/19,13,64,,,30,,,
2014/02/19,14,53,,,18,,,
2014/02/19,15,70,,,25,,,
2014/02/19,16,52,,,15,,,
2014/02/19,17,50,,,14,,,
2014/02/19,18,53,,,16,,,
2014/02/19,19,55,,,16,,,
2014/02/19,20,67,,,29,,,
2014/02/19,21,86,,,40,,,
2014/02/19,22,45,,,16,,,
2014/02/19,23,23,,,6,,,
2014/02/19,24,24,,,6,,,
2014/02/20,01,22,,,5,,,
2014/02/20,02,21,,,5,,,
2014/02/20,03,44,,,16,,,
2014/02/20,04,26,,,6,,,
2014/02/20,05,22,,,5,,,
2014/02/20,06,23,,,6,,,
2014/02/20,07,22,,,6,,,
2014/02/20,08,22,,,5,,,
2014/02/20,09,60,,,20,,,
2014/02/20,10,60,,,24,,,
2014/02/20,11,59,,,23,,,
2014/02/20,12,61,,,25,,,
2014/02/20,13,62,,,25,,,
2014/02/20,14,61,,,25,,,
2014/02/20,15,81,,,35,,,
2014/02/20,16,65,,,27,,,
2014/02/20,17,60,,,24,,,
2014/02/20,18,62,,,24,,,
2014/02/20,19,61,,,23,,,
2014/02/20,20,60,,,22,,,
2014/02/20,21,79,,,33,,,
2014/02/20,22,37,,,13,,,
2014/02/20,23,24,,,6,,,
2014/02/20,24,24,,,6,,,
2014/02/21,01,22,,,6,,,
2014/02/21,02,22,,,5,,,
2014/02/21,03,44,,,16,,,
2014/02/21,04,26,,,6,,,
2014/02/21,05,23,,,5,,,
2014/02/21,06,23,,,6,,,
2014/02/21,07,22,,,6,,,
2014/02/21,08,33,,,8,,,
2014/02/21,09,79,,,38,,,
2014/02/21,10,67,,,32,,,
2014/02/21,11,65,,,31,,,
2014/02/21,12,67,,,32,,,
2014/02/21,13,66,,,31,,,
2014/02/21,14,65,,,30,,,
2014/02/21,15,85,,,41,,,
2014/02/21,16,69,,,32,,,
2014/02/21,17,65,,,31,,,
2014/02/21,18,66,,,30,,,
2014/02/21,19,66,,,30,,,
2014/02/21,20,65,,,29,,,
2014/02/21,21,77,,,33,,,
2014/02/21,22,30,,,8,,,
2014/02/21,23,22,,,6,,,
2014/02/21,24,30,,,6,,,
2014/02/22,01,24,,,5,,,
2014/02/22,02,21,,,5,,,
2014/02/22,03,42,,,16,,,
2014/02/22,04,24,,,6,,,
2014/02/22,05,22,,,5,,,
2014/02/22,06,23,,,6,,,
2014/02/22,07,22,,,7,,,
2014/02/22,08,30,,,10,,,
2014/02/22,09,75,,,36,,,
2014/02/22,10,67,,,32,,,
2014/02/22,11,64,,,29,,,
2014/02/22,12,67,,,31,,,
2014/02/22,13,66,,,30,,,
2014/02/22,14,65,,,30,,,
2014/02/22,15,86,,,41,,,
2014/02/22,16,69,,,32,,,
2014/02/22,17,66,,,31,,,
2014/02/22,18,69,,,31,,,
2014/02/22,19,68,,,30,,,
2014/02/22,20,66,,,29,,,
2014/02/22,21,86,,,40,,,
2014/02/22,22,41,,,15,,,
2014/02/22,23,23,,,6,,,
2014/02/22,24,23,,,6,,,
2014/02/23,01,22,,,5,,,
2014/02/23,02,22,,,5,,,
2014/02/23,03,44,,,16,,,
2014/02/23,04,25,,,6,,,
2014/02/23,05,22,,,5,,,
2014/02/23,06,23,,,6,,,
2014/02/23,07,22,,,6,,,
2014/02/23,08,26,,,7,,,
2014/02/23,09,76,,,35,,,
2014/02/23,10,70,,,32,,,
2014/02/23,11,68,,,30,,,
2014/02/23,12,68,,,31,,,
2014/02/23,13,67,,,31,,,
2014/02/23,14,67,,,31,,,
2014/02/23,15,88,,,42,,,
2014/02/23,16,72,,,33,,,
2014/02/23,17,69,,,33,,,
2014/02/23,18,70,,,32,,,
2014/02/23,19,68,,,30,,,
2014/02/23,20,67,,,29,,,
2014/02/23,21,84,,,38,,,
2014/02/23,22,38,,,13,,,
2014/02/23,23,24,,,6,,,
2014/02/23,24,24,,,6,,,
2014/02/24,01,22,,,5,,,
2014/02/24,02,22,,,5,,,
2014/02/24,03,43,,,16,,,
2014/02/24,04,26,,,7,,,
2014/02/24,05,23,,,5,,,
2014/02/24,06,24,,,6,,,
2014/02/24,07,22,,,5,,,
2014/02/24,08,34,,,8,,,
2014/02/24,09,79,,,38,,,
2014/02/24,10,67,,,32,,,
2014/02/24,11,64,,,30,,,
2014/02/24,12,67,,,32,,,
2014/02/24,13,67,,,32,,,
2014/02/24,14,67,,,31,,,
2014/02/24,15,87,,,41,,,
2014/02/24,16,70,,,33,,,
2014/02/24,17,68,,,33,,,
2014/02/24,18,71,,,33,,,
2014/02/24,19,69,,,32,,,
2014/02/24,20,67,,,31,,,
2014/02/24,21,84,,,39,,,
2014/02/24,22,37,,,13,,,
2014/02/24,23,24,,,6,,,
2014/02/24,24,23,,,7,,,
2014/02/25,01,21,,,6,,,
2014/02/25,02,22,,,6,,,
2014/02/25,03,44,,,17,,,
2014/02/25,04,26,,,7,,,
2014/02/25,05,22,,,6,,,
2014/02/25,06,23,,,6,,,
2014/02/25,07,22,,,6,,,
2014/02/25,08,30,,,6,,,
2014/02/25,09,69,,,28,,,
2014/02/25,10,60,,,25,,,
2014/02/25,11,59,,,24,,,
2014/02/25,12,63,,,28,,,
2014/02/25,13,62,,,27,,,
2014/02/25,14,63,,,27,,,
2014/02/25,15,82,,,37,,,
2014/02/25,16,67,,,29,,,
2014/02/25,17,64,,,28,,,
2014/02/25,18,64,,,27,,,
2014/02/25,19,64,,,26,,,
2014/02/25,20,62,,,25,,,
2014/02/25,21,74,,,30,,,
2014/02/25,22,31,,,9,,,
2014/02/25,23,23,,,6,,,
2014/02/25,24,24,,,7,,,
2014/02/26,01,21,,,6,,,
2014/02/26,02,21,,,6,,,
2014/02/26,03,43,,,17,,,
2014/02/26,04,26,,,7,,,
2014/02/26,05,22,,,5,,,
2014/02/26,06,23,,,6,,,
2014/02/26,07,27,,,7,,,
2014/02/26,08,33,,,13,,,
2014/02/26,09,60,,,29,,,
2014/02/26,10,47,,,22,,,
2014/02/26,11,50,,,23,,,
2014/02/26,12,66,,,31,,,
2014/02/26,13,67,,,31,,,
2014/02/26,14,64,,,22,,,
2014/02/26,15,85,,,30,,,
2014/02/26,16,71,,,20,,,
2014/02/26,17,66,,,18,,,
2014/02/26,18,66,,,20,,,
2014/02/26,19,69,,,20,,,
2014/02/26,20,67,,,29,,,
2014/02/26,21,86,,,40,,,
2014/02/26,22,39,,,14,,,
2014/02/26,23,28,,,7,,,
2014/02/26,24,28,,,7,,,
2014/02/27,01,28,,,6,,,
2014/02/27,02,27,,,6,,,
2014/02/27,03,47,,,17,,,
2014/02/27,04,33,,,8,,,
2014/02/27,05,26,,,6,,,
2014/02/27,06,27,,,7,,,
2014/02/27,07,27,,,7,,,
2014/02/27,08,34,,,8,,,
2014/02/27,09,76,,,25,,,
2014/02/27,10,69,,,28,,,
2014/02/27,11,66,,,26,,,
2014/02/27,12,65,,,27,,,
2014/02/27,13,70,,,28,,,
2014/02/27,14,68,,,28,,,
2014/02/27,15,89,,,38,,,
2014/02/27,16,74,,,31,,,
2014/02/27,17,68,,,27,,,
2014/02/27,18,68,,,26,,,
2014/02/27,19,71,,,27,,,
2014/02/27,20,69,,,25,,,
2014/02/27,21,88,,,37,,,
2014/02/27,22,41,,,14,,,
2014/02/27,23,30,,,8,,,
2014/02/27,24,29,,,7,,,
2014/02/28,01,29,,,8,,,
2014/02/28,02,27,,,6,,,
2014/02/28,03,48,,,17,,,
2014/02/28,04,33,,,8,,,
2014/02/28,05,28,,,6,,,
2014/02/28,06,28,,,7,,,
2014/02/28,07,28,,,8,,,
2014/02/28,08,39,,,9,,,
2014/02/28,09,84,,,40,,,
2014/02/28,10,71,,,34,,,
2014/02/28,11,69,,,33,,,
2014/02/28,12,70,,,33,,,
2014/02/28,13,71,,,33,,,
2014/02/28,14,68,,,31,,,
2014/02/28,15,89,,,43,,,
2014/02/28,16,77,,,36,,,
2014/02/28,17,70,,,33,,,
2014/02/28,18,68,,,31,,,
2014/02/28,19,69,,,31,,,
2014/02/28,20,67,,,30,,,
2014/02/28,21,84,,,36,,,
2014/02/28,22,50,,,13,,,
2014/02/28,23,28,,,8,,,
2014/02/28,24,27,,,5,,,
2014/03/01,01,27,,,6,,,
2014/03/01,02,26,,,6,,,
2014/03/01,03,46,,,18,,,
2014/03/01,04,32,,,8,,,
2014/03/01,05,27,,,6,,,
2014/03/01,06,26,,,7,,,
2014/03/01,07,27,,,9,,,
2014/03/01,08,32,,,11,,,
2014/03/01,09,64,,,31,,,
2014/03/01,10,69,,,33,,,
2014/03/01,11,66,,,30,,,
2014/03/01,12,67,,,31,,,
2014/03/01,13,69,,,31,,,
2014/03/01,14,67,,,31,,,
2014/03/01,15,87,,,41,,,
2014/03/01,16,73,,,34,,,
2014/03/01,17,67,,,31,,,
2014/03/01,18,68,,,31,,,
2014/03/01,19,68,,,30,,,
2014/03/01,20,65,,,29,,,
2014/03/01,21,85,,,40,,,
2014/03/01,22,42,,,15,,,
2014/03/01,23,27,,,7,,,
2014/03/01,24,27,,,7,,,
2014/03/02,01,27,,,4,,,
2014/03/02,02,25,,,5,,,
2014/03/02,03,47,,,15,,,
2014/03/02,04,32,,,8,,,
2014/03/02,05,26,,,6,,,
2014/03/02,06,26,,,7,,,
2014/03/02,07,27,,,7,,,
2014/03/02,08,28,,,11,,,
2014/03/02,09,62,,,28,,,
2014/03/02,10,51,,,20,,,
2014/03/02,11,47,,,18,,,
2014/03/02,12,48,,,20,,,
2014/03/02,13,49,,,21,,,
2014/03/02,14,47,,,19,,,
2014/03/02,15,69,,,29,,,
2014/03/02,16,54,,,22,,,
2014/03/02,17,49,,,19,,,
2014/03/02,18,47,,,19,,,
2014/03/02,19,48,,,19,,,
2014/03/02,20,45,,,17,,,
2014/03/02,21,64,,,27,,,
2014/03/02,22,37,,,15,,,
2014/03/02,23,26,,,7,,,
2014/03/02,24,25,,,6,,,
2014/03/03,01,26,,,6,,,
2014/03/03,02,25,,,6,,,
2014/03/03,03,46,,,17,,,
2014/03/03,04,30,,,7,,,
2014/03/03,05,25,,,6,,,
2014/03/03,06,25,,,7,,,
2014/03/03,07,26,,,8,,,
2014/03/03,08,35,,,10,,,
2014/03/03,09,76,,,36,,,
2014/03/03,10,62,,,29,,,
2014/03/03,11,59,,,28,,,
2014/03/03,12,63,,,30,,,
2014/03/03,13,64,,,30,,,
2014/03/03,14,61,,,28,,,
2014/03/03,15,82,,,39,,,
2014/03/03,16,69,,,31,,,
2014/03/03,17,62,,,28,,,
2014/03/03,18,60,,,27,,,
2014/03/03,19,62,,,28,,,
2014/03/03,20,61,,,27,,,
2014/03/03,21,79,,,37,,,
2014/03/03,22,35,,,15,,,
2014/03/03,23,25,,,6,,,
2014/03/03,24,24,,,7,,,
2014/03/04,01,25,,,7,,,
2014/03/04,02,23,,,6,,,
2014/03/04,03,46,,,17,,,
2014/03/04,04,30,,,8,,,
2014/03/04,05,23,,,5,,,
2014/03/04,06,24,,,6,,,
2014/03/04,07,24,,,6,,,
2014/03/04,08,25,,,10,,,
2014/03/04,09,70,,,31,,,
2014/03/04,10,63,,,25,,,
2014/03/04,11,58,,,23,,,
2014/03/04,12,61,,,24,,,
2014/03/04,13,65,,,26,,,
2014/03/04,14,64,,,24,,,
2014/03/04,15,86,,,36,,,
2014/03/04,16,71,,,28,,,
2014/03/04,17,65,,,26,,,
2014/03/04,18,66,,,27,,,
2014/03/04,19,67,,,25,,,
2014/03/04,20,64,,,23,,,
2014/03/04,21,81,,,33,,,
2014/03/04,22,38,,,11,,,
2014/03/04,23,27,,,7,,,
2014/03/04,24,27,,,7,,,
2014/03/05,01,26,,,7,,,
2014/03/05,02,25,,,6,,,
2014/03/05,03,46,,,17,,,
2014/03/05,04,31,,,7,,,
2014/03/05,05,25,,,5,,,
2014/03/05,06,25,,,6,,,
2014/03/05,07,27,,,7,,,
2014/03/05,08,29,,,11,,,
2014/03/05,09,61,,,30,,,
2014/03/05,10,50,,,23,,,
2014/03/05,11,47,,,21,,,
2014/03/05,12,47,,,22,,,
2014/03/05,13,48,,,23,,,
2014/03/05,14,45,,,15,,,
2014/03/05,15,66,,,24,,,
2014/03/05,16,51,,,15,,,
2014/03/05,17,46,,,13,,,
2014/03/05,18,46,,,14,,,
2014/03/05,19,46,,,13,,,
2014/03/05,20,49,,,21,,,
2014/03/05,21,75,,,35,,,
2014/03/05,22,37,,,13,,,
2014/03/05,23,25,,,7,,,
2014/03/05,24,24,,,6,,,
2014/03/06,01,24,,,5,,,
2014/03/06,02,24,,,6,,,
2014/03/06,03,45,,,16,,,
2014/03/06,04,31,,,7,,,
2014/03/06,05,23,,,5,,,
2014/03/06,06,24,,,6,,,
2014/03/06,07,28,,,8,,,
2014/03/06,08,33,,,8,,,
2014/03/06,09,69,,,23,,,
2014/03/06,10,63,,,25,,,
2014/03/06,11,57,,,22,,,
2014/03/06,12,58,,,24,,,
2014/03/06,13,61,,,25,,,
2014/03/06,14,59,,,24,,,
2014/03/06,15,82,,,35,,,
2014/03/06,16,65,,,27,,,
2014/03/06,17,60,,,24,,,
2014/03/06,18,60,,,23,,,
2014/03/06,19,61,,,23,,,
2014/03/06,20,59,,,22,,,
2014/03/06,21,79,,,33,,,
2014/03/06,22,35,,,12,,,
2014/03/06,23,24,,,6,,,
2014/03/06,24,23,,,6,,,
2014/03/07,01,24,,,7,,,
2014/03/07,02,22,,,5,,,
2014/03/07,03,45,,,16,,,
2014/03/07,04,29,,,7,,,
2014/03/07,05,23,,,5,,,
2014/03/07,06,23,,,6,,,
2014/03/07,07,24,,,7,,,
2014/03/07,08,32,,,8,,,
2014/03/07,09,74,,,36,,,
2014/03/07,10,62,,,30,,,
2014/03/07,11,57,,,27,,,
2014/03/07,12,58,,,28,,,
2014/03/07,13,59,,,28,,,
2014/03/07,14,59,,,27,,,
2014/03/07,15,81,,,39,,,
2014/03/07,16,65,,,30,,,
2014/03/07,17,61,,,29,,,
2014/03/07,18,61,,,28,,,
2014/03/07,19,61,,,28,,,
2014/03/07,20,59,,,26,,,
2014/03/07,21,78,,,33,,,
2014/03/07,22,43,,,11,,,
2014/03/07,23,25,,,7,,,
2014/03/07,24,24,,,5,,,
2014/03/08,01,24,,,5,,,
2014/03/08,02,23,,,5,,,
2014/03/08,03,45,,,17,,,
2014/03/08,04,31,,,8,,,
2014/03/08,05,23,,,5,,,
2014/03/08,06,24,,,6,,,
2014/03/08,07,25,,,8,,,
2014/03/08,08,24,,,8,,,
2014/03/08,09,70,,,34,,,
2014/03/08,10,69,,,33,,,
2014/03/08,11,66,,,30,,,
2014/03/08,12,62,,,29,,,
2014/03/08,13,63,,,29,,,
2014/03/08,14,63,,,29,,,
2014/03/08,15,82,,,39,,,
2014/03/08,16,74,,,34,,,
2014/03/08,17,70,,,33,,,
2014/03/08,18,67,,,30,,,
2014/03/08,19,61,,,27,,,
2014/03/08,20,59,,,26,,,
2014/03/08,21,80,,,37,,,
2014/03/08,22,42,,,15,,,
2014/03/08,23,25,,,7,,,
2014/03/08,24,24,,,6,,,
2014/03/09,01,25,,,4,,,
2014/03/09,02,23,,,5,,,
2014/03/09,03,46,,,14,,,
2014/03/09,04,29,,,7,,,
2014/03/09,05,24,,,5,,,
2014/03/09,06,24,,,7,,,
2014/03/09,07,25,,,7,,,
2014/03/09,08,26,,,10,,,
2014/03/09,09,58,,,26,,,
2014/03/09,10,52,,,21,,,
2014/03/09,11,49,,,19,,,
2014/03/09,12,42,,,17,,,
2014/03/09,13,45,,,19,,,
2014/03/09,14,43,,,17,,,
2014/03/09,15,66,,,28,,,
2014/03/09,16,50,,,21,,,
2014/03/09,17,46,,,18,,,
2014/03/09,18,44,,,17,,,
2014/03/09,19,46,,,18,,,
2014/03/09,20,44,,,17,,,
2014/03/09,21,63,,,27,,,
2014/03/09,22,34,,,14,,,
2014/03/09,23,25,,,7,,,
2014/03/09,24,24,,,6,,,
2014/03/10,01,24,,,6,,,
2014/03/10,02,23,,,5,,,
2014/03/10,03,46,,,17,,,
2014/03/10,04,28,,,6,,,
2014/03/10,05,24,,,5,,,
2014/03/10,06,23,,,6,,,
2014/03/10,07,24,,,7,,,
2014/03/10,08,32,,,9,,,
2014/03/10,09,75,,,36,,,
2014/03/10,10,65,,,31,,,
2014/03/10,11,63,,,30,,,
2014/03/10,12,67,,,32,,,
2014/03/10,13,68,,,32,,,
2014/03/10,14,65,,,30,,,
2014/03/10,15,87,,,41,,,
2014/03/10,16,70,,,32,,,
2014/03/10,17,67,,,31,,,
2014/03/10,18,65,,,29,,,
2014/03/10,19,67,,,30,,,
2014/03/10,20,66,,,29,,,
2014/03/10,21,82,,,39,,,
2014/03/10,22,33,,,14,,,
2014/03/10,23,25,,,6,,,
2014/03/10,24,24,,,7,,,
2014/03/11,01,25,,,7,,,
2014/03/11,02,23,,,6,,,
2014/03/11,03,45,,,16,,,
2014/03/11,04,30,,,8,,,
2014/03/11,05,24,,,5,,,
2014/03/11,06,23,,,6,,,
2014/03/11,07,25,,,7,,,
2014/03/11,08,23,,,9,,,
2014/03/11,09,69,,,31,,,
2014/03/11,10,63,,,25,,,
2014/03/11,11,57,,,23,,,
2014/03/11,12,60,,,24,,,
2014/03/11,13,63,,,25,,,
2014/03/11,14,62,,,24,,,
2014/03/11,15,82,,,35,,,
2014/03/11,16,68,,,27,,,
2014/03/11,17,63,,,25,,,
2014/03/11,18,62,,,25,,,
2014/03/11,19,62,,,24,,,
2014/03/11,20,61,,,22,,,
2014/03/11,21,81,,,33,,,
2014/03/11,22,45,,,13,,,
2014/03/11,23,27,,,7,,,
2014/03/11,24,25,,,6,,,
2014/03/12,01,25,,,7,,,
2014/03/12,02,24,,,5,,,
2014/03/12,03,46,,,17,,,
2014/03/12,04,29,,,7,,,
2014/03/12,05,24,,,5,,,
2014/03/12,06,24,,,6,,,
2014/03/12,07,25,,,7,,,
2014/03/12,08,29,,,11,,,
2014/03/12,09,74,,,36,,,
2014/03/12,10,62,,,29,,,
2014/03/12,11,62,,,28,,,
2014/03/12,12,63,,,30,,,
2014/03/12,13,67,,,31,,,
2014/03/12,14,66,,,22,,,
2014/03/12,15,86,,,31,,,
2014/03/12,16,74,,,21,,,
2014/03/12,17,66,,,18,,,
2014/03/12,18,67,,,20,,,
2014/03/12,19,69,,,20,,,
2014/03/12,20,67,,,29,,,
2014/03/12,21,86,,,40,,,
2014/03/12,22,47,,,17,,,
2014/03/12,23,33,,,9,,,
2014/03/12,24,28,,,7,,,
2014/03/13,01,28,,,6,,,
2014/03/13,02,25,,,6,,,
2014/03/13,03,47,,,17,,,
2014/03/13,04,31,,,7,,,
2014/03/13,05,27,,,6,,,
2014/03/13,06,26,,,7,,,
2014/03/13,07,29,,,8,,,
2014/03/13,08,36,,,8,,,
2014/03/13,09,80,,,27,,,
2014/03/13,10,69,,,28,,,
2014/03/13,11,66,,,26,,,
2014/03/13,12,66,,,27,,,
2014/03/13,13,67,,,27,,,
2014/03/13,14,64,,,26,,,
2014/03/13,15,85,,,37,,,
2014/03/13,16,71,,,29,,,
2014/03/13,17,66,,,26,,,
2014/03/13,18,65,,,25,,,
2014/03/13,19,65,,,25,,,
2014/03/13,20,64,,,23,,,
2014/03/13,21,82,,,34,,,
2014/03/13,22,50,,,18,,,
2014/03/13,23,26,,,7,,,
2014/03/13,24,25,,,6,,,
2014/03/14,01,25,,,7,,,
2014/03/14,02,24,,,5,,,
2014/03/14,03,46,,,17,,,
2014/03/14,04,30,,,7,,,
2014/03/14,05,24,,,5,,,
2014/03/14,06,24,,,6,,,
2014/03/14,07,25,,,7,,,
2014/03/14,08,30,,,7,,,
2014/03/14,09,78,,,38,,,
2014/03/14,10,63,,,30,,,
2014/03/14,11,62,,,30,,,
2014/03/14,12,62,,,30,,,
2014/03/14,13,63,,,30,,,
2014/03/14,14,61,,,28,,,
2014/03/14,15,83,,,40,,,
2014/03/14,16,68,,,32,,,
2014/03/14,17,64,,,31,,,
2014/03/14,18,63,,,29,,,
2014/03/14,19,62,,,28,,,
2014/03/14,20,60,,,27,,,
2014/03/14,21,80,,,34,,,
2014/03/14,22,46,,,12,,,
2014/03/14,23,25,,,7,,,
2014/03/14,24,25,,,5,,,
2014/03/15,01,24,,,5,,,
2014/03/15,02,24,,,6,,,
2014/03/15,03,46,,,18,,,
2014/03/15,04,32,,,8,,,
2014/03/15,05,23,,,5,,,
2014/03/15,06,24,,,6,,,
2014/03/15,07,25,,,8,,,
2014/03/15,08,26,,,9,,,
2014/03/15,09,68,,,33,,,
2014/03/15,10,66,,,32,,,
2014/03/15,11,62,,,28,,,
2014/03/15,12,61,,,28,,,
2014/03/15,13,65,,,30,,,
2014/03/15,14,64,,,30,,,
2014/03/15,15,86,,,41,,,
2014/03/15,16,71,,,33,,,
2014/03/15,17,65,,,31,,,
2014/03/15,18,64,,,29,,,
2014/03/15,19,65,,,29,,,
2014/03/15,20,62,,,27,,,
2014/03/15,21,81,,,38,,,
2014/03/15,22,41,,,15,,,
2014/03/15,23,26,,,7,,,
2014/03/15,24,25,,,7,,,
2014/03/16,01,25,,,4,,,
2014/03/16,02,24,,,5,,,
2014/03/16,03,46,,,14,,,
2014/03/16,04,29,,,7,,,
2014/03/16,05,24,,,5,,,
2014/03/16,06,24,,,7,,,
2014/03/16,07,25,,,7,,,
2014/03/16,08,27,,,11,,,
2014/03/16,09,70,,,32,,,
2014/03/16,10,68,,,27,,,
2014/03/16,11,66,,,26,,,
2014/03/16,12,66,,,27,,,
2014/03/16,13,69,,,29,,,
2014/03/16,14,67,,,27,,,
2014/03/16,15,88,,,37,,,
2014/03/16,16,75,,,31,,,
2014/03/16,17,68,,,27,,,
2014/03/16,18,69,,,27,,,
2014/03/16,19,71,,,28,,,
2014/03/16,20,69,,,26,,,
2014/03/16,21,87,,,37,,,
2014/03/16,22,54,,,22,,,
2014/03/16,23,29,,,8,,,
2014/03/16,24,27,,,7,,,
2014/03/17,01,27,,,6,,,
2014/03/17,02,26,,,6,,,
2014/03/17,03,47,,,17,,,
2014/03/17,04,31,,,7,,,
2014/03/17,05,25,,,6,,,
2014/03/17,06,26,,,7,,,
2014/03/17,07,26,,,8,,,
2014/03/17,08,31,,,9,,,
2014/03/17,09,79,,,37,,,
2014/03/17,10,68,,,32,,,
2014/03/17,11,66,,,32,,,
2014/03/17,12,68,,,33,,,
2014/03/17,13,59,,,28,,,
2014/03/17,14,50,,,23,,,
2014/03/17,15,71,,,33,,,
2014/03/17,16,60,,,27,,,
2014/03/17,17,52,,,24,,,
2014/03/17,18,50,,,22,,,
2014/03/17,19,54,,,24,,,
2014/03/17,20,51,,,22,,,
2014/03/17,21,63,,,14,,,
2014/03/17,22,35,,,9,,,
2014/03/17,23,27,,,7,,,
2014/03/17,24,27,,,7,,,
2014/03/18,01,25,,,8,,,
2014/03/18,02,24,,,7,,,
2014/03/18,03,46,,,17,,,
2014/03/18,04,29,,,8,,,
2014/03/18,05,26,,,7,,,
2014/03/18,06,25,,,6,,,
2014/03/18,07,26,,,8,,,
2014/03/18,08,34,,,11,,,
2014/03/18,09,83,,,37,,,
2014/03/18,10,69,,,29,,,
2014/03/18,11,51,,,11,,,
2014/03/18,12,49,,,10,,,
2014/03/18,13,52,,,12,,,
2014/03/18,14,50,,,11,,,
2014/03/18,15,70,,,20,,,
2014/03/18,16,56,,,13,,,
2014/03/18,17,51,,,11,,,
2014/03/18,18,49,,,10,,,
2014/03/18,19,51,,,11,,,
2014/03/18,20,50,,,11,,,
2014/03/18,21,66,,,19,,,
2014/03/18,22,41,,,10,,,
2014/03/18,23,29,,,8,,,
2014/03/18,24,25,,,7,,,
2014/03/19,01,25,,,8,,,
2014/03/19,02,24,,,7,,,
2014/03/19,03,47,,,17,,,
2014/03/19,04,28,,,8,,,
2014/03/19,05,25,,,7,,,
2014/03/19,06,24,,,6,,,
2014/03/19,07,26,,,8,,,
2014/03/19,08,30,,,10,,,
2014/03/19,09,77,,,34,,,
2014/03/19,10,54,,,17,,,
2014/03/19,11,46,,,9,,,
2014/03/19,12,47,,,10,,,
2014/03/19,13,49,,,11,,,
2014/03/19,14,48,,,10,,,
2014/03/19,15,69,,,20,,,
2014/03/19,16,54,,,13,,,
2014/03/19,17,51,,,11,,,
2014/03/19,18,52,,,10,,,
2014/03/19,19,52,,,10,,,
2014/03/19,20,48,,,9,,,
2014/03/19,21,67,,,19,,,
2014/03/19,22,42,,,9,,,
2014/03/19,23,29,,,8,,,
2014/03/19,24,26,,,7,,,
2014/03/20,01,27,,,8,,,
2014/03/20,02,25,,,7,,,
2014/03/20,03,47,,,18,,,
2014/03/20,04,29,,,8,,,
2014/03/20,05,27,,,7,,,
2014/03/20,06,25,,,7,,,
2014/03/20,07,26,,,8,,,
2014/03/20,08,32,,,10,,,
2014/03/20,09,81,,,37,,,
2014/03/20,10,68,,,28,,,
2014/03/20,11,67,,,28,,,
2014/03/20,12,57,,,19,,,
2014/03/20,13,56,,,17,,,
2014/03/20,14,65,,,26,,,
2014/03/20,15,87,,,38,,,
2014/03/20,16,71,,,30,,,
2014/03/20,17,69,,,29,,,
2014/03/20,18,66,,,27,,,
2014/03/20,19,66,,,26,,,
2014/03/20,20,64,,,25,,,
2014/03/20,21,81,,,34,,,
2014/03/20,22,38,,,9,,,
2014/03/20,23,28,,,7,,,
2014/03/20,24,25,,,7,,,
2014/03/21,01,25,,,7,,,
2014/03/21,02,24,,,7,,,
2014/03/21,03,47,,,17,,,
2014/03/21,04,28,,,7,,,
2014/03/21,05,25,,,6,,,
2014/03/21,06,24,,,6,,,
2014/03/21,07,26,,,8,,,
2014/03/21,08,33,,,10,,,
2014/03/21,09,76,,,33,,,
2014/03/21,10,61,,,25,,,
2014/03/21,11,62,,,25,,,
2014/03/21,12,62,,,26,,,
2014/03/21,13,64,,,27,,,
2014/03/21,14,62,,,26,,,
2014/03/21,15,82,,,36,,,
2014/03/21,16,65,,,28,,,
2014/03/21,17,64,,,26,,,
2014/03/21,18,55,,,17,,,
2014/03/21,19,53,,,15,,,
2014/03/21,20,51,,,14,,,
2014/03/21,21,71,,,24,,,
2014/03/21,22,45,,,14,,,
2014/03/21,23,24,,,6,,,
2014/03/21,24,23,,,6,,,
2014/03/22,01,23,,,7,,,
2014/03/22,02,23,,,6,,,
2014/03/22,03,45,,,17,,,
2014/03/22,04,27,,,7,,,
2014/03/22,05,24,,,6,,,
2014/03/22,06,24,,,6,,,
2014/03/22,07,24,,,7,,,
2014/03/22,08,27,,,6,,,
2014/03/22,09,60,,,17,,,
2014/03/22,10,46,,,9,,,
2014/03/22,11,45,,,8,,,
2014/03/22,12,46,,,8,,,
2014/03/22,13,48,,,9,,,
2014/03/22,14,50,,,13,,,
2014/03/22,15,75,,,27,,,
2014/03/22,16,59,,,19,,,
2014/03/22,17,56,,,17,,,
2014/03/22,18,54,,,16,,,
2014/03/22,19,55,,,16,,,
2014/03/22,20,53,,,15,,,
2014/03/22,21,67,,,22,,,
2014/03/22,22,36,,,8,,,
2014/03/22,23,26,,,7,,,
2014/03/22,24,24,,,6,,,
2014/03/23,01,24,,,7,,,
2014/03/23,02,23,,,6,,,
2014/03/23,03,45,,,17,,,
2014/03/23,04,26,,,7,,,
2014/03/23,05,24,,,6,,,
2014/03/23,06,23,,,5,,,
2014/03/23,07,24,,,7,,,
2014/03/23,08,26,,,6,,,
2014/03/23,09,61,,,20,,,
2014/03/23,10,53,,,16,,,
2014/03/23,11,53,,,16,,,
2014/03/23,12,55,,,18,,,
2014/03/23,13,58,,,19,,,
2014/03/23,14,55,,,17,,,
2014/03/23,15,77,,,28,,,
2014/03/23,16,61,,,20,,,
2014/03/23,17,60,,,21,,,
2014/03/23,18,57,,,18,,,
2014/03/23,19,58,,,18,,,
2014/03/23,20,55,,,17,,,
2014/03/23,21,73,,,26,,,
2014/03/23,22,37,,,10,,,
2014/03/23,23,28,,,8,,,
2014/03/23,24,25,,,7,,,
2014/03/24,01,24,,,7,,,
2014/03/24,02,25,,,7,,,
2014/03/24,03,46,,,17,,,
2014/03/24,04,28,,,7,,,
2014/03/24,05,25,,,6,,,
2014/03/24,06,24,,,6,,,
2014/03/24,07,25,,,7,,,
2014/03/24,08,28,,,8,,,
2014/03/24,09,67,,,25,,,
2014/03/24,10,55,,,17,,,
2014/03/24,11,55,,,17,,,
2014/03/24,12,55,,,19,,,
2014/03/24,13,53,,,14,,,
2014/03/24,14,48,,,11,,,
2014/03/24,15,68,,,20,,,
2014/03/24,16,55,,,14,,,
2014/03/24,17,51,,,12,,,
2014/03/24,18,49,,,10,,,
2014/03/24,19,49,,,11,,,
2014/03/24,20,48,,,9,,,
2014/03/24,21,64,,,19,,,
2014/03/24,22,39,,,10,,,
2014/03/24,23,30,,,8,,,
2014/03/24,24,27,,,8,,,
2014/03/25,01,27,,,8,,,
2014/03/25,02,25,,,7,,,
2014/03/25,03,47,,,18,,,
2014/03/25,04,30,,,8,,,
2014/03/25,05,27,,,7,,,
2014/03/25,06,25,,,7,,,
2014/03/25,07,26,,,8,,,
2014/03/25,08,35,,,10,,,
2014/03/25,09,72,,,27,,,
2014/03/25,10,61,,,20,,,
2014/03/25,11,60,,,20,,,
2014/03/25,12,59,,,20,,,
2014/03/25,13,62,,,22,,,
2014/03/25,14,57,,,19,,,
2014/03/25,15,78,,,29,,,
2014/03/25,16,66,,,24,,,
2014/03/25,17,60,,,21,,,
2014/03/25,18,59,,,20,,,
2014/03/25,19,61,,,20,,,
2014/03/25,20,60,,,19,,,
2014/03/25,21,77,,,28,,,
2014/03/25,22,50,,,15,,,
2014/03/25,23,42,,,10,,,
2014/03/25,24,42,,,10,,,
2014/03/26,01,32,,,10,,,
2014/03/26,02,28,,,9,,,
2014/03/26,03,48,,,18,,,
2014/03/26,04,31,,,9,,,
2014/03/26,05,29,,,8,,,
2014/03/26,06,27,,,8,,,
2014/03/26,07,28,,,9,,,
2014/03/26,08,30,,,8,,,
2014/03/26,09,68,,,26,,,
2014/03/26,10,58,,,19,,,
2014/03/26,11,57,,,18,,,
2014/03/26,12,57,,,18,,,
2014/03/26,13,60,,,20,,,
2014/03/26,14,57,,,19,,,
2014/03/26,15,76,,,28,,,
2014/03/26,16,62,,,21,,,
2014/03/26,17,58,,,19,,,
2014/03/26,18,57,,,19,,,
2014/03/26,19,59,,,19,,,
2014/03/26,20,59,,,19,,,
2014/03/26,21,75,,,28,,,
2014/03/26,22,49,,,18,,,
2014/03/26,23,29,,,9,,,
2014/03/26,24,28,,,9,,,
2014/03/27,01,28,,,9,,,
2014/03/27,02,27,,,8,,,
2014/03/27,03,49,,,19,,,
2014/03/27,04,32,,,10,,,
2014/03/27,05,30,,,9,,,
2014/03/27,06,30,,,9,,,
2014/03/27,07,29,,,9,,,
2014/03/27,08,33,,,9,,,
2014/03/27,09,63,,,19,,,
2014/03/27,10,49,,,11,,,
2014/03/27,11,49,,,10,,,
2014/03/27,12,48,,,10,,,
2014/03/27,13,49,,,11,,,
2014/03/27,14,46,,,9,,,
2014/03/27,15,67,,,20,,,
2014/03/27,16,53,,,13,,,
2014/03/27,17,49,,,11,,,
2014/03/27,18,47,,,10,,,
2014/03/27,19,48,,,10,,,
2014/03/27,20,49,,,9,,,
2014/03/27,21,65,,,18,,,
2014/03/27,22,39,,,9,,,
2014/03/27,23,28,,,8,,,
2014/03/27,24,25,,,7,,,
2014/03/28,01,25,,,8,,,
2014/03/28,02,23,,,7,,,
2014/03/28,03,46,,,17,,,
2014/03/28,04,27,,,7,,,
2014/03/28,05,26,,,7,,,
2014/03/28,06,24,,,6,,,
2014/03/28,07,25,,,8,,,
2014/03/28,08,31,,,7,,,
2014/03/28,09,67,,,25,,,
2014/03/28,10,55,,,18,,,
2014/03/28,11,55,,,17,,,
2014/03/28,12,56,,,18,,,
2014/03/28,13,53,,,14,,,
2014/03/28,14,50,,,12,,,
2014/03/28,15,71,,,21,,,
2014/03/28,16,58,,,15,,,
2014/03/28,17,55,,,14,,,
2014/03/28,18,51,,,12,,,
2014/03/28,19,52,,,12,,,
2014/03/28,20,50,,,11,,,
2014/03/28,21,68,,,20,,,
2014/03/28,22,42,,,11,,,
2014/03/28,23,29,,,9,,,
2014/03/28,24,28,,,9,,,
2014/03/29,01,27,,,9,,,
2014/03/29,02,26,,,8,,,
2014/03/29,03,47,,,18,,,
2014/03/29,04,29,,,9,,,
2014/03/29,05,27,,,8,,,
2014/03/29,06,26,,,7,,,
2014/03/29,07,27,,,8,,,
2014/03/29,08,32,,,9,,,
2014/03/29,09,70,,,27,,,
2014/03/29,10,58,,,20,,,
2014/03/29,11,59,,,20,,,
2014/03/29,12,53,,,15,,,
2014/03/29,13,55,,,15,,,
2014/03/29,14,51,,,13,,,
2014/03/29,15,71,,,21,,,
2014/03/29,16,61,,,17,,,
2014/03/29,17,56,,,15,,,
2014/03/29,18,53,,,13,,,
2014/03/29,19,55,,,13,,,
2014/03/29,20,54,,,12,,,
2014/03/29,21,69,,,21,,,
2014/03/29,22,46,,,12,,,
2014/03/29,23,34,,,10,,,
2014/03/29,24,32,,,10,,,
2014/03/30,01,29,,,10,,,
2014/03/30,02,28,,,9,,,
2014/03/30,03,49,,,19,,,
2014/03/30,04,33,,,10,,,
2014/03/30,05,30,,,9,,,
2014/03/30,06,29,,,9,,,
2014/03/30,07,29,,,10,,,
2014/03/30,08,35,,,10,,,
2014/03/30,09,64,,,20,,,
2014/03/30,10,53,,,12,,,
2014/03/30,11,53,,,11,,,
2014/03/30,12,52,,,12,,,
2014/03/30,13,55,,,13,,,
2014/03/30,14,50,,,11,,,
2014/03/30,15,71,,,21,,,
2014/03/30,16,57,,,14,,,
2014/03/30,17,52,,,12,,,
2014/03/30,18,50,,,10,,,
2014/03/30,19,52,,,11,,,
2014/03/30,20,50,,,10,,,
2014/03/30,21,68,,,19,,,
2014/03/30,22,44,,,11,,,
2014/03/30,23,32,,,9,,,
2014/03/30,24,28,,,8,,,
2014/03/31,01,27,,,9,,,
2014/03/31,02,26,,,8,,,
2014/03/31,03,47,,,18,,,
2014/03/31,04,30,,,9,,,
2014/03/31,05,27,,,7,,,
2014/03/31,06,26,,,7,,,
2014/03/31,07,27,,,8,,,
2014/03/31,08,32,,,9,,,
2014/03/31,09,69,,,26,,,
2014/03/31,10,57,,,18,,,
2014/03/31,11,57,,,18,,,
2014/03/31,12,58,,,20,,,
2014/03/31,13,60,,,20,,,
2014/03/31,14,50,,,12,,,
2014/03/31,15,69,,,20,,,
2014/03/31,16,57,,,14,,,
2014/03/31,17,50,,,12,,,
2014/03/31,18,50,,,10,,,
2014/03/31,19,50,,,11,,,
2014/03/31,20,49,,,10,,,
2014/03/31,21,66,,,19,,,
2014/03/31,22,42,,,10,,,
2014/03/31,23,39,,,8,,,
2014/03/31,24,38,,,8,,,
2014/04/01,01,36,,,10,,,
2014/04/01,02,27,,,8,,,
2014/04/01,03,47,,,18,,,
2014/04/01,04,40,,,12,,,
2014/04/01,05,33,,,10,,,
2014/04/01,06,32,,,7,,,
2014/04/01,07,37,,,8,,,
2014/04/01,08,38,,,9,,,
2014/04/01,09,69,,,26,,,
2014/04/01,10,58,,,19,,,
2014/04/01,11,55,,,17,,,
2014/04/01,12,57,,,19,,,
2014/04/01,13,58,,,20,,,
2014/04/01,14,53,,,16,,,
2014/04/01,15,74,,,25,,,
2014/04/01,16,61,,,19,,,
2014/04/01,17,57,,,17,,,
2014/04/01,18,57,,,17,,,
2014/04/01,19,62,,,21,,,
2014/04/01,20,59,,,20,,,
2014/04/01,21,74,,,28,,,
2014/04/01,22,46,,,16,,,
2014/04/01,23,31,,,9,,,
2014/04/01,24,30,,,9,,,
2014/04/02,01,29,,,9,,,
2014/04/02,02,27,,,8,,,
2014/04/02,03,47,,,18,,,
2014/04/02,04,32,,,10,,,
2014/04/02,05,28,,,8,,,
2014/04/02,06,28,,,8,,,
2014/04/02,07,29,,,9,,,
2014/04/02,08,33,,,10,,,
2014/04/02,09,66,,,22,,,
2014/04/02,10,51,,,12,,,
2014/04/02,11,51,,,12,,,
2014/04/02,12,53,,,13,,,
2014/04/02,13,58,,,15,,,
2014/04/02,14,55,,,14,,,
2014/04/02,15,75,,,22,,,
2014/04/02,16,59,,,15,,,
2014/04/02,17,54,,,13,,,
2014/04/02,18,53,,,12,,,
2014/04/02,19,54,,,13,,,
2014/04/02,20,52,,,11,,,
2014/04/02,21,68,,,20,,,
2014/04/02,22,49,,,12,,,
2014/04/02,23,43,,,10,,,
2014/04/02,24,32,,,10,,,
2014/04/03,01,31,,,10,,,
2014/04/03,02,29,,,9,,,
2014/04/03,03,49,,,18,,,
2014/04/03,04,33,,,10,,,
2014/04/03,05,29,,,9,,,
2014/04/03,06,29,,,8,,,
2014/04/03,07,34,,,10,,,
2014/04/03,08,42,,,9,,,
2014/04/03,09,66,,,20,,,
2014/04/03,10,54,,,13,,,
2014/04/03,11,53,,,12,,,
2014/04/03,12,54,,,13,,,
2014/04/03,13,58,,,16,,,
2014/04/03,14,53,,,13,,,
2014/04/03,15,72,,,22,,,
2014/04/03,16,59,,,16,,,
2014/04/03,17,54,,,13,,,
2014/04/03,18,53,,,13,,,
2014/04/03,19,55,,,13,,,
2014/04/03,20,54,,,13,,,
2014/04/03,21,70,,,21,,,
2014/04/03,22,49,,,13,,,
2014/04/03,23,44,,,11,,,
2014/04/03,24,36,,,11,,,
2014/04/04,01,32,,,11,,,
2014/04/04,02,30,,,9,,,
2014/04/04,03,49,,,19,,,
2014/04/04,04,35,,,11,,,
2014/04/04,05,32,,,9,,,
2014/04/04,06,31,,,9,,,
2014/04/04,07,31,,,10,,,
2014/04/04,08,36,,,9,,,
2014/04/04,09,67,,,20,,,
2014/04/04,10,53,,,12,,,
2014/04/04,11,52,,,12,,,
2014/04/04,12,51,,,11,,,
2014/04/04,13,51,,,12,,,
2014/04/04,14,49,,,10,,,
2014/04/04,15,68,,,20,,,
2014/04/04,16,52,,,12,,,
2014/04/04,17,49,,,10,,,
2014/04/04,18,47,,,9,,,
2014/04/04,19,47,,,9,,,
2014/04/04,20,47,,,10,,,
2014/04/04,21,64,,,18,,,
2014/04/04,22,39,,,9,,,
2014/04/04,23,26,,,7,,,
2014/04/04,24,26,,,7,,,
2014/04/05,01,26,,,8,,,
2014/04/05,02,25,,,7,,,
2014/04/05,03,46,,,17,,,
2014/04/05,04,29,,,8,,,
2014/04/05,05,26,,,7,,,
2014/04/05,06,25,,,6,,,
2014/04/05,07,26,,,8,,,
2014/04/05,08,25,,,6,,,
2014/04/05,09,59,,,18,,,
2014/04/05,10,47,,,9,,,
2014/04/05,11,46,,,8,,,
2014/04/05,12,48,,,9,,,
2014/04/05,13,48,,,10,,,
2014/04/05,14,47,,,9,,,
2014/04/05,15,68,,,19,,,
2014/04/05,16,51,,,11,,,
2014/04/05,17,48,,,10,,,
2014/04/05,18,47,,,9,,,
2014/04/05,19,48,,,9,,,
2014/04/05,20,45,,,8,,,
2014/04/05,21,64,,,18,,,
2014/04/05,22,36,,,9,,,
2014/04/05,23,26,,,7,,,
2014/04/05,24,25,,,7,,,
2014/04/06,01,24,,,7,,,
2014/04/06,02,24,,,6,,,
2014/04/06,03,45,,,17,,,
2014/04/06,04,28,,,8,,,
2014/04/06,05,25,,,6,,,
2014/04/06,06,25,,,6,,,
2014/04/06,07,26,,,8,,,
2014/04/06,08,29,,,8,,,
2014/04/06,09,68,,,25,,,
2014/04/06,10,54,,,16,,,
2014/04/06,11,53,,,15,,,
2014/04/06,12,53,,,16,,,
2014/04/06,13,55,,,17,,,
2014/04/06,14,53,,,16,,,
2014/04/06,15,73,,,26,,,
2014/04/06,16,56,,,18,,,
2014/04/06,17,53,,,17,,,
2014/04/06,18,52,,,16,,,
2014/04/06,19,52,,,16,,,
2014/04/06,20,49,,,14,,,
2014/04/06,21,69,,,25,,,
2014/04/06,22,41,,,14,,,
2014/04/06,23,24,,,7,,,
2014/04/06,24,24,,,7,,,
2014/04/07,01,25,,,8,,,
2014/04/07,02,23,,,6,,,
2014/04/07,03,42,,,16,,,
2014/04/07,04,29,,,8,,,
2014/04/07,05,24,,,6,,,
2014/04/07,06,23,,,6,,,
2014/04/07,07,24,,,7,,,
2014/04/07,08,34,,,7,,,
2014/04/07,09,70,,,29,,,
2014/04/07,10,63,,,27,,,
2014/04/07,11,63,,,28,,,
2014/04/07,12,66,,,29,,,
2014/04/07,13,62,,,24,,,
2014/04/07,14,54,,,18,,,
2014/04/07,15,75,,,28,,,
2014/04/07,16,59,,,20,,,
2014/04/07,17,57,,,18,,,
2014/04/07,18,56,,,18,,,
2014/04/07,19,56,,,18,,,
2014/04/07,20,56,,,17,,,
2014/04/07,21,72,,,26,,,
2014/04/07,22,36,,,12,,,
2014/04/07,23,27,,,7,,,
2014/04/07,24,26,,,7,,,
2014/04/08,01,27,,,8,,,
2014/04/08,02,25,,,7,,,
2014/04/08,03,45,,,17,,,
2014/04/08,04,28,,,8,,,
2014/04/08,05,27,,,7,,,
2014/04/08,06,25,,,6,,,
2014/04/08,07,26,,,8,,,
2014/04/08,08,28,,,6,,,
2014/04/08,09,59,,,18,,,
2014/04/08,10,48,,,9,,,
2014/04/08,11,48,,,9,,,
2014/04/08,12,49,,,10,,,
2014/04/08,13,53,,,13,,,
2014/04/08,14,51,,,11,,,
2014/04/08,15,71,,,21,,,
2014/04/08,16,56,,,14,,,
2014/04/08,17,53,,,12,,,
2014/04/08,18,52,,,11,,,
2014/04/08,19,53,,,12,,,
2014/04/08,20,50,,,10,,,
2014/04/08,21,68,,,20,,,
2014/04/08,22,41,,,11,,,
2014/04/08,23,31,,,8,,,
2014/04/08,24,29,,,8,,,
2014/04/09,01,29,,,9,,,
2014/04/09,02,27,,,8,,,
2014/04/09,03,47,,,18,,,
2014/04/09,04,30,,,9,,,
2014/04/09,05,27,,,7,,,
2014/04/09,06,27,,,7,,,
2014/04/09,07,29,,,9,,,
2014/04/09,08,31,,,9,,,
2014/04/09,09,70,,,26,,,
2014/04/09,10,58,,,19,,,
2014/04/09,11,58,,,19,,,
2014/04/09,12,52,,,13,,,
2014/04/09,13,56,,,15,,,
2014/04/09,14,53,,,13,,,
2014/04/09,15,72,,,22,,,
2014/04/09,16,59,,,16,,,
2014/04/09,17,55,,,14,,,
2014/04/09,18,53,,,12,,,
2014/04/09,19,55,,,13,,,
2014/04/09,20,52,,,11,,,
2014/04/09,21,70,,,21,,,
2014/04/09,22,47,,,12,,,
2014/04/09,23,31,,,9,,,
2014/04/09,24,29,,,9,,,
2014/04/10,01,31,,,10,,,
2014/04/10,02,29,,,8,,,
2014/04/10,03,47,,,18,,,
2014/04/10,04,32,,,9,,,
2014/04/10,05,29,,,8,,,
2014/04/10,06,28,,,8,,,
2014/04/10,07,29,,,9,,,
2014/04/10,08,33,,,8,,,
2014/04/10,09,72,,,26,,,
2014/04/10,10,61,,,21,,,
2014/04/10,11,60,,,20,,,
2014/04/10,12,61,,,21,,,
2014/04/10,13,61,,,20,,,
2014/04/10,14,57,,,17,,,
2014/04/10,15,76,,,26,,,
2014/04/10,16,63,,,21,,,
2014/04/10,17,61,,,20,,,
2014/04/10,18,58,,,19,,,
2014/04/10,19,59,,,19,,,
2014/04/10,20,57,,,18,,,
2014/04/10,21,73,,,26,,,
2014/04/10,22,52,,,17,,,
2014/04/10,23,39,,,12,,,
2014/04/10,24,28,,,8,,,
2014/04/11,01,28,,,8,,,
2014/04/11,02,26,,,7,,,
2014/04/11,03,46,,,17,,,
2014/04/11,04,29,,,8,,,
2014/04/11,05,27,,,7,,,
2014/04/11,06,26,,,7,,,
2014/04/11,07,27,,,8,,,
2014/04/11,08,31,,,8,,,
2014/04/11,09,70,,,26,,,
2014/04/11,10,56,,,18,,,
2014/04/11,11,56,,,18,,,
2014/04/11,12,48,,,11,,,
2014/04/11,13,51,,,12,,,
2014/04/11,14,49,,,11,,,
2014/04/11,15,70,,,21,,,
2014/04/11,16,55,,,14,,,
2014/04/11,17,52,,,12,,,
2014/04/11,18,50,,,11,,,
2014/04/11,19,51,,,11,,,
2014/04/11,20,48,,,9,,,
2014/04/11,21,65,,,19,,,
2014/04/11,22,39,,,10,,,
2014/04/11,23,28,,,8,,,
2014/04/11,24,27,,,8,,,
2014/04/12,01,27,,,8,,,
2014/04/12,02,26,,,7,,,
2014/04/12,03,45,,,17,,,
2014/04/12,04,29,,,8,,,
2014/04/12,05,26,,,7,,,
2014/04/12,06,25,,,6,,,
2014/04/12,07,27,,,8,,,
2014/04/12,08,27,,,6,,,
2014/04/12,09,63,,,18,,,
2014/04/12,10,48,,,10,,,
2014/04/12,11,48,,,9,,,
2014/04/12,12,48,,,10,,,
2014/04/12,13,51,,,13,,,
2014/04/12,14,49,,,11,,,
2014/04/12,15,69,,,21,,,
2014/04/12,16,53,,,13,,,
2014/04/12,17,52,,,12,,,
2014/04/12,18,50,,,11,,,
2014/04/12,19,51,,,11,,,
2014/04/12,20,49,,,10,,,
2014/04/12,21,68,,,19,,,
2014/04/12,22,43,,,10,,,
2014/04/12,23,28,,,8,,,
2014/04/12,24,27,,,8,,,
2014/04/13,01,28,,,9,,,
2014/04/13,02,26,,,7,,,
2014/04/13,03,47,,,18,,,
2014/04/13,04,30,,,9,,,
2014/04/13,05,28,,,8,,,
2014/04/13,06,27,,,7,,,
2014/04/13,07,27,,,8,,,
2014/04/13,08,29,,,7,,,
2014/04/13,09,63,,,19,,,
2014/04/13,10,49,,,11,,,
2014/04/13,11,47,,,9,,,
2014/04/13,12,47,,,10,,,
2014/04/13,13,50,,,11,,,
2014/04/13,14,48,,,10,,,
2014/04/13,15,68,,,20,,,
2014/04/13,16,52,,,13,,,
2014/04/13,17,49,,,11,,,
2014/04/13,18,50,,,10,,,
2014/04/13,19,51,,,11,,,
2014/04/13,20,49,,,9,,,
2014/04/13,21,67,,,19,,,
2014/04/13,22,44,,,10,,,
2014/04/13,23,29,,,8,,,
2014/04/13,24,28,,,8,,,
2014/04/14,01,29,,,9,,,
2014/04/14,02,27,,,8,,,
2014/04/14,03,47,,,18,,,
2014/04/14,04,30,,,9,,,
2014/04/14,05,27,,,7,,,
2014/04/14,06,27,,,7,,,
2014/04/14,07,28,,,8,,,
2014/04/14,08,30,,,9,,,
2014/04/14,09,70,,,26,,,
2014/04/14,10,56,,,19,,,
2014/04/14,11,50,,,13,,,
2014/04/14,12,50,,,12,,,
2014/04/14,13,53,,,14,,,
2014/04/14,14,52,,,13,,,
2014/04/14,15,71,,,22,,,
2014/04/14,16,57,,,15,,,
2014/04/14,17,54,,,13,,,
2014/04/14,18,52,,,12,,,
2014/04/14,19,52,,,12,,,
2014/04/14,20,48,,,10,,,
2014/04/14,21,66,,,19,,,
2014/04/14,22,42,,,10,,,
2014/04/14,23,28,,,8,,,
2014/04/14,24,27,,,8,,,
2014/04/15,01,28,,,9,,,
2014/04/15,02,26,,,7,,,
2014/04/15,03,46,,,17,,,
2014/04/15,04,30,,,8,,,
2014/04/15,05,26,,,7,,,
2014/04/15,06,26,,,7,,,
2014/04/15,07,27,,,8,,,
2014/04/15,08,29,,,6,,,
2014/04/15,09,61,,,18,,,
2014/04/15,10,48,,,10,,,
2014/04/15,11,48,,,9,,,
2014/04/15,12,49,,,11,,,
2014/04/15,13,54,,,13,,,
2014/04/15,14,50,,,11,,,
2014/04/15,15,71,,,21,,,
2014/04/15,16,56,,,15,,,
2014/04/15,17,53,,,13,,,
2014/04/15,18,51,,,12,,,
2014/04/15,19,53,,,12,,,
2014/04/15,20,50,,,10,,,
2014/04/15,21,68,,,19,,,
2014/04/15,22,45,,,11,,,
2014/04/15,23,30,,,9,,,
2014/04/15,24,29,,,9,,,
2014/04/16,01,30,,,9,,,
2014/04/16,02,27,,,8,,,
2014/04/16,03,47,,,18,,,
2014/04/16,04,31,,,9,,,
2014/04/16,05,28,,,7,,,
2014/04/16,06,28,,,7,,,
2014/04/16,07,29,,,9,,,
2014/04/16,08,32,,,7,,,
2014/04/16,09,63,,,19,,,
2014/04/16,10,51,,,12,,,
2014/04/16,11,51,,,11,,,
2014/04/16,12,51,,,12,,,
2014/04/16,13,54,,,14,,,
2014/04/16,14,51,,,12,,,
2014/04/16,15,71,,,21,,,
2014/04/16,16,57,,,15,,,
2014/04/16,17,52,,,13,,,
2014/04/16,18,53,,,12,,,
2014/04/16,19,55,,,13,,,
2014/04/16,20,52,,,12,,,
2014/04/16,21,69,,,21,,,
2014/04/16,22,48,,,13,,,
2014/04/16,23,31,,,10,,,
2014/04/16,24,30,,,10,,,
2014/04/17,01,30,,,10,,,
2014/04/17,02,29,,,9,,,
2014/04/17,03,47,,,18,,,
2014/04/17,04,32,,,10,,,
2014/04/17,05,29,,,8,,,
2014/04/17,06,28,,,8,,,
2014/04/17,07,29,,,9,,,
2014/04/17,08,33,,,8,,,
2014/04/17,09,64,,,20,,,
2014/04/17,10,52,,,12,,,
2014/04/17,11,52,,,12,,,
2014/04/17,12,53,,,13,,,
2014/04/17,13,59,,,16,,,
2014/04/17,14,53,,,12,,,
2014/04/17,15,73,,,21,,,
2014/04/17,16,62,,,17,,,
2014/04/17,17,55,,,13,,,
2014/04/17,18,54,,,12,,,
2014/04/17,19,54,,,11,,,
2014/04/17,20,55,,,13,,,
2014/04/17,21,73,,,23,,,
2014/04/17,22,48,,,14,,,
2014/04/17,23,34,,,11,,,
2014/04/17,24,33,,,11,,,
2014/04/18,01,33,,,12,,,
2014/04/18,02,31,,,10,,,
2014/04/18,03,49,,,19,,,
2014/04/18,04,34,,,11,,,
2014/04/18,05,31,,,9,,,
2014/04/18,06,30,,,9,,,
2014/04/18,07,30,,,9,,,
2014/04/18,08,35,,,9,,,
2014/04/18,09,65,,,19,,,
2014/04/18,10,51,,,11,,,
2014/04/18,11,52,,,12,,,
2014/04/18,12,52,,,13,,,
2014/04/18,13,55,,,14,,,
2014/04/18,14,52,,,12,,,
2014/04/18,15,72,,,21,,,
2014/04/18,16,60,,,16,,,
2014/04/18,17,56,,,13,,,
2014/04/18,18,53,,,12,,,
2014/04/18,19,55,,,13,,,
2014/04/18,20,51,,,11,,,
2014/04/18,21,69,,,20,,,
2014/04/18,22,43,,,12,,,
2014/04/18,23,30,,,9,,,
2014/04/18,24,30,,,9,,,
2014/04/19,01,31,,,10,,,
2014/04/19,02,28,,,8,,,
2014/04/19,03,47,,,18,,,
2014/04/19,04,31,,,9,,,
2014/04/19,05,28,,,8,,,
2014/04/19,06,28,,,8,,,
2014/04/19,07,29,,,9,,,
2014/04/19,08,31,,,8,,,
2014/04/19,09,62,,,19,,,
2014/04/19,10,49,,,11,,,
2014/04/19,11,50,,,10,,,
2014/04/19,12,51,,,12,,,
2014/04/19,13,54,,,14,,,
2014/04/19,14,51,,,12,,,
2014/04/19,15,70,,,21,,,
2014/04/19,16,55,,,14,,,
2014/04/19,17,52,,,11,,,
2014/04/19,18,50,,,10,,,
2014/04/19,19,51,,,11,,,
2014/04/19,20,47,,,9,,,
2014/04/19,21,66,,,19,,,
2014/04/19,22,37,,,10,,,
2014/04/19,23,28,,,8,,,
2014/04/19,24,27,,,8,,,
2014/04/20,01,28,,,9,,,
2014/04/20,02,26,,,7,,,
2014/04/20,03,47,,,18,,,
2014/04/20,04,30,,,9,,,
2014/04/20,05,28,,,7,,,
2014/04/20,06,27,,,7,,,
2014/04/20,07,28,,,8,,,
2014/04/20,08,28,,,7,,,
2014/04/20,09,61,,,19,,,
2014/04/20,10,48,,,11,,,
2014/04/20,11,50,,,11,,,
2014/04/20,12,49,,,11,,,
2014/04/20,13,52,,,13,,,
2014/04/20,14,49,,,11,,,
2014/04/20,15,68,,,20,,,
2014/04/20,16,54,,,12,,,
2014/04/20,17,51,,,11,,,
2014/04/20,18,50,,,10,,,
2014/04/20,19,52,,,11,,,
2014/04/20,20,49,,,10,,,
2014/04/20,21,67,,,19,,,
2014/04/20,22,43,,,11,,,
2014/04/20,23,29,,,9,,,
2014/04/20,24,29,,,9,,,
2014/04/21,01,30,,,10,,,
2014/04/21,02,28,,,8,,,
2014/04/21,03,48,,,18,,,
2014/04/21,04,32,,,10,,,
2014/04/21,05,29,,,8,,,
2014/04/21,06,29,,,8,,,
2014/04/21,07,30,,,9,,,
2014/04/21,08,35,,,8,,,
2014/04/21,09,63,,,20,,,
2014/04/21,10,51,,,12,,,
2014/04/21,11,50,,,12,,,
2014/04/21,12,52,,,13,,,
2014/04/21,13,57,,,14,,,
2014/04/21,14,52,,,12,,,
2014/04/21,15,71,,,21,,,
2014/04/21,16,58,,,15,,,
2014/04/21,17,54,,,13,,,
2014/04/21,18,54,,,12,,,
2014/04/21,19,55,,,13,,,
2014/04/21,20,53,,,12,,,
2014/04/21,21,70,,,21,,,
2014/04/21,22,45,,,13,,,
2014/04/21,23,32,,,10,,,
2014/04/21,24,31,,,10,,,
2014/04/22,01,32,,,11,,,
2014/04/22,02,30,,,9,,,
2014/04/22,03,48,,,19,,,
2014/04/22,04,33,,,11,,,
2014/04/22,05,30,,,9,,,
2014/04/22,06,29,,,8,,,
2014/04/22,07,31,,,10,,,
2014/04/22,08,36,,,9,,,
2014/04/22,09,64,,,20,,,
2014/04/22,10,53,,,13,,,
2014/04/22,11,51,,,11,,,
2014/04/22,12,52,,,11,,,
2014/04/22,13,54,,,13,,,
2014/04/22,14,49,,,11,,,
2014/04/22,15,70,,,21,,,
2014/04/22,16,56,,,14,,,
2014/04/22,17,52,,,12,,,
2014/04/22,18,51,,,11,,,
2014/04/22,19,53,,,12,,,
2014/04/22,20,50,,,10,,,
2014/04/22,21,68,,,20,,,
2014/04/22,22,44,,,11,,,
2014/04/22,23,30,,,9,,,
2014/04/22,24,29,,,9,,,
2014/04/23,01,29,,,9,,,
2014/04/23,02,27,,,8,,,
2014/04/23,03,46,,,17,,,
2014/04/23,04,30,,,9,,,
2014/04/23,05,28,,,8,,,
2014/04/23,06,27,,,7,,,
2014/04/23,07,28,,,9,,,
2014/04/23,08,29,,,7,,,
2014/04/23,09,62,,,19,,,
2014/04/23,10,49,,,11,,,
2014/04/23,11,51,,,12,,,
2014/04/23,12,51,,,13,,,
2014/04/23,13,56,,,15,,,
2014/04/23,14,54,,,14,,,
2014/04/23,15,72,,,22,,,
2014/04/23,16,59,,,17,,,
2014/04/23,17,55,,,15,,,
2014/04/23,18,53,,,13,,,
2014/04/23,19,54,,,13,,,
2014/04/23,20,51,,,11,,,
2014/04/23,21,69,,,20,,,
2014/04/23,22,44,,,12,,,
2014/04/23,23,29,,,9,,,
2014/04/23,24,29,,,9,,,
2014/04/24,01,30,,,10,,,
2014/04/24,02,27,,,8,,,
2014/04/24,03,46,,,18,,,
2014/04/24,04,30,,,9,,,
2014/04/24,05,27,,,7,,,
2014/04/24,06,27,,,7,,,
2014/04/24,07,28,,,9,,,
2014/04/24,08,33,,,7,,,
2014/04/24,09,63,,,19,,,
2014/04/24,10,50,,,12,,,
2014/04/24,11,50,,,11,,,
2014/04/24,12,51,,,13,,,
2014/04/24,13,55,,,15,,,
2014/04/24,14,54,,,14,,,
2014/04/24,15,71,,,22,,,
2014/04/24,16,61,,,18,,,
2014/04/24,17,55,,,15,,,
2014/04/24,18,53,,,13,,,
2014/04/24,19,55,,,14,,,
2014/04/24,20,52,,,12,,,
2014/04/24,21,69,,,21,,,
2014/04/24,22,48,,,13,,,
2014/04/24,23,41,,,10,,,
2014/04/24,24,33,,,10,,,
2014/04/25,01,31,,,11,,,
2014/04/25,02,30,,,9,,,
2014/04/25,03,46,,,18,,,
2014/04/25,04,33,,,10,,,
2014/04/25,05,29,,,9,,,
2014/04/25,06,29,,,8,,,
2014/04/25,07,30,,,9,,,
2014/04/25,08,34,,,9,,,
2014/04/25,09,64,,,20,,,
2014/04/25,10,52,,,13,,,
2014/04/25,11,51,,,12,,,
2014/04/25,12,55,,,16,,,
2014/04/25,13,68,,,27,,,
2014/04/25,14,68,,,29,,,
2014/04/25,15,86,,,37,,,
2014/04/25,16,76,,,32,,,
2014/04/25,17,70,,,29,,,
2014/04/25,18,69,,,28,,,
2014/04/25,19,58,,,17,,,
2014/04/25,20,55,,,13,,,
2014/04/25,21,70,,,21,,,
2014/04/25,22,45,,,14,,,
2014/04/25,23,33,,,11,,,
2014/04/25,24,32,,,11,,,
2014/04/26,01,32,,,12,,,
2014/04/26,02,30,,,10,,,
2014/04/26,03,47,,,19,,,
2014/04/26,04,34,,,11,,,
2014/04/26,05,31,,,9,,,
2014/04/26,06,30,,,9,,,
2014/04/26,07,31,,,10,,,
2014/04/26,08,33,,,10,,,
2014/04/26,09,66,,,21,,,
2014/04/26,10,55,,,14,,,
2014/04/26,11,54,,,14,,,
2014/04/26,12,56,,,15,,,
2014/04/26,13,76,,,35,,,
2014/04/26,14,77,,,37,,,
2014/04/26,15,96,,,47,,,
2014/04/26,16,83,,,39,,,
2014/04/26,17,68,,,27,,,
2014/04/26,18,64,,,23,,,
2014/04/26,19,65,,,23,,,
2014/04/26,20,62,,,21,,,
2014/04/26,21,76,,,27,,,
2014/04/26,22,56,,,21,,,
2014/04/26,23,49,,,16,,,
2014/04/26,24,47,,,14,,,
2014/04/27,01,46,,,14,,,
2014/04/27,02,45,,,13,,,
2014/04/27,03,62,,,22,,,
2014/04/27,04,48,,,14,,,
2014/04/27,05,35,,,10,,,
2014/04/27,06,30,,,9,,,
2014/04/27,07,31,,,10,,,
2014/04/27,08,35,,,10,,,
2014/04/27,09,67,,,21,,,
2014/04/27,10,53,,,13,,,
2014/04/27,11,53,,,13,,,
2014/04/27,12,54,,,14,,,
2014/04/27,13,56,,,16,,,
2014/04/27,14,54,,,14,,,
2014/04/27,15,73,,,23,,,
2014/04/27,16,64,,,20,,,
2014/04/27,17,58,,,17,,,
2014/04/27,18,56,,,16,,,
2014/04/27,19,59,,,17,,,
2014/04/27,20,57,,,15,,,
2014/04/27,21,72,,,24,,,
2014/04/27,22,48,,,15,,,
2014/04/27,23,31,,,10,,,
2014/04/27,24,32,,,10,,,
2014/04/28,01,32,,,11,,,
2014/04/28,02,30,,,10,,,
2014/04/28,03,48,,,19,,,
2014/04/28,04,34,,,11,,,
2014/04/28,05,30,,,10,,,
2014/04/28,06,30,,,9,,,
2014/04/28,07,31,,,10,,,
2014/04/28,08,33,,,9,,,
2014/04/28,09,64,,,20,,,
2014/04/28,10,54,,,14,,,
2014/04/28,11,54,,,13,,,
2014/04/28,12,55,,,13,,,
2014/04/28,13,57,,,14,,,
2014/04/28,14,53,,,12,,,
2014/04/28,15,71,,,21,,,
2014/04/28,16,57,,,14,,,
2014/04/28,17,52,,,12,,,
2014/04/28,18,52,,,11,,,
2014/04/28,19,54,,,12,,,
2014/04/28,20,53,,,12,,,
2014/04/28,21,71,,,21,,,
2014/04/28,22,43,,,13,,,
2014/04/28,23,31,,,10,,,
2014/04/28,24,32,,,10,,,
2014/04/29,01,32,,,11,,,
2014/04/29,02,30,,,9,,,
2014/04/29,03,48,,,19,,,
2014/04/29,04,35,,,11,,,
2014/04/29,05,31,,,10,,,
2014/04/29,06,31,,,9,,,
2014/04/29,07,31,,,10,,,
2014/04/29,08,33,,,9,,,
2014/04/29,09,64,,,20,,,
2014/04/29,10,51,,,12,,,
2014/04/29,11,51,,,11,,,
2014/04/29,12,53,,,12,,,
2014/04/29,13,54,,,13,,,
2014/04/29,14,50,,,11,,,
2014/04/29,15,69,,,21,,,
2014/04/29,16,55,,,14,,,
2014/04/29,17,51,,,12,,,
2014/04/29,18,50,,,11,,,
2014/04/29,19,52,,,12,,,
2014/04/29,20,51,,,11,,,
2014/04/29,21,68,,,21,,,
2014/04/29,22,42,,,12,,,
2014/04/29,23,30,,,10,,,
2014/04/29,24,30,,,10,,,
2014/04/30,01,31,,,11,,,
2014/04/30,02,29,,,10,,,
2014/04/30,03,46,,,19,,,
2014/04/30,04,34,,,12,,,
2014/04/30,05,29,,,10,,,
2014/04/30,06,29,,,10,,,
2014/04/30,07,29,,,10,,,
2014/04/30,08,36,,,10,,,
2014/04/30,09,65,,,21,,,
2014/04/30,10,53,,,14,,,
2014/04/30,11,55,,,14,,,
2014/04/30,12,55,,,14,,,
2014/04/30,13,58,,,16,,,
2014/04/30,14,54,,,14,,,
2014/04/30,15,73,,,22,,,
2014/04/30,16,61,,,16,,,
2014/04/30,17,55,,,14,,,
2014/04/30,18,54,,,13,,,
2014/04/30,19,57,,,14,,,
2014/04/30,20,59,,,15,,,
2014/04/30,21,73,,,22,,,
2014/04/30,22,47,,,14,,,
2014/04/30,23,40,,,11,,,
2014/04/30,24,39,,,12,,,
2014/05/01,01,37,,,12,,,
2014/05/01,02,31,,,11,,,
2014/05/01,03,50,,,20,,,
2014/05/01,04,38,,,13,,,
2014/05/01,05,32,,,10,,,
2014/05/01,06,32,,,10,,,
2014/05/01,07,37,,,11,,,
2014/05/01,08,46,,,12,,,
2014/05/01,09,68,,,21,,,
2014/05/01,10,56,,,14,,,
2014/05/01,11,55,,,13,,,
2014/05/01,12,56,,,14,,,
2014/05/01,13,59,,,16,,,
2014/05/01,14,55,,,14,,,
2014/05/01,15,73,,,23,,,
2014/05/01,16,79,,,34,,,
2014/05/01,17,75,,,33,,,
2014/05/01,18,73,,,31,,,
2014/05/01,19,68,,,26,,,
2014/05/01,20,67,,,24,,,
2014/05/01,21,82,,,32,,,
2014/05/01,22,55,,,18,,,
2014/05/01,23,33,,,11,,,
2014/05/01,24,34,,,11,,,
2014/05/02,01,35,,,12,,,
2014/05/02,02,31,,,11,,,
2014/05/02,03,48,,,19,,,
2014/05/02,04,36,,,12,,,
2014/05/02,05,32,,,10,,,
2014/05/02,06,31,,,10,,,
2014/05/02,07,32,,,11,,,
2014/05/02,08,36,,,10,,,
2014/05/02,09,67,,,22,,,
2014/05/02,10,57,,,15,,,
2014/05/02,11,55,,,14,,,
2014/05/02,12,56,,,14,,,
2014/05/02,13,58,,,16,,,
2014/05/02,14,57,,,16,,,
2014/05/02,15,74,,,23,,,
2014/05/02,16,79,,,32,,,
2014/05/02,17,75,,,34,,,
2014/05/02,18,74,,,32,,,
2014/05/02,19,74,,,32,,,
2014/05/02,20,69,,,26,,,
2014/05/02,21,76,,,25,,,
2014/05/02,22,50,,,18,,,
2014/05/02,23,35,,,13,,,
2014/05/02,24,36,,,13,,,
2014/05/03,01,35,,,13,,,
2014/05/03,02,32,,,11,,,
2014/05/03,03,49,,,19,,,
2014/05/03,04,36,,,13,,,
2014/05/03,05,32,,,10,,,
2014/05/03,06,31,,,10,,,
2014/05/03,07,32,,,11,,,
2014/05/03,08,41,,,13,,,
2014/05/03,09,69,,,24,,,
2014/05/03,10,59,,,18,,,
2014/05/03,11,58,,,17,,,
2014/05/03,12,58,,,18,,,
2014/05/03,13,63,,,20,,,
2014/05/03,14,60,,,18,,,
2014/05/03,15,85,,,33,,,
2014/05/03,16,82,,,37,,,
2014/05/03,17,75,,,35,,,
2014/05/03,18,73,,,31,,,
2014/05/03,19,68,,,27,,,
2014/05/03,20,62,,,21,,,
2014/05/03,21,74,,,26,,,
2014/05/03,22,46,,,14,,,
2014/05/03,23,30,,,9,,,
2014/05/03,24,31,,,10,,,
2014/05/04,01,30,,,10,,,
2014/05/04,02,29,,,9,,,
2014/05/04,03,45,,,18,,,
2014/05/04,04,32,,,10,,,
2014/05/04,05,29,,,8,,,
2014/05/04,06,28,,,8,,,
2014/05/04,07,29,,,9,,,
2014/05/04,08,33,,,8,,,
2014/05/04,09,65,,,20,,,
2014/05/04,10,49,,,11,,,
2014/05/04,11,52,,,13,,,
2014/05/04,12,53,,,14,,,
2014/05/04,13,57,,,16,,,
2014/05/04,14,58,,,19,,,
2014/05/04,15,79,,,30,,,
2014/05/04,16,71,,,27,,,
2014/05/04,17,63,,,23,,,
2014/05/04,18,60,,,20,,,
2014/05/04,19,61,,,19,,,
2014/05/04,20,58,,,17,,,
2014/05/04,21,74,,,24,,,
2014/05/04,22,44,,,14,,,
2014/05/04,23,32,,,10,,,
2014/05/04,24,32,,,10,,,
2014/05/05,01,32,,,11,,,
2014/05/05,02,30,,,10,,,
2014/05/05,03,48,,,19,,,
2014/05/05,04,36,,,12,,,
2014/05/05,05,32,,,10,,,
2014/05/05,06,31,,,10,,,
2014/05/05,07,31,,,11,,,
2014/05/05,08,40,,,10,,,
2014/05/05,09,69,,,21,,,
2014/05/05,10,56,,,14,,,
2014/05/05,11,53,,,12,,,
2014/05/05,12,54,,,12,,,
2014/05/05,13,58,,,16,,,
2014/05/05,14,54,,,14,,,
2014/05/05,15,74,,,23,,,
2014/05/05,16,59,,,16,,,
2014/05/05,17,54,,,13,,,
2014/05/05,18,53,,,12,,,
2014/05/05,19,53,,,13,,,
2014/05/05,20,55,,,14,,,
2014/05/05,21,69,,,22,,,
2014/05/05,22,43,,,13,,,
2014/05/05,23,30,,,9,,,
2014/05/05,24,31,,,9,,,
2014/05/06,01,31,,,10,,,
2014/05/06,02,30,,,9,,,
2014/05/06,03,47,,,18,,,
2014/05/06,04,33,,,10,,,
2014/05/06,05,29,,,8,,,
2014/05/06,06,29,,,8,,,
2014/05/06,07,29,,,9,,,
2014/05/06,08,41,,,8,,,
2014/05/06,09,63,,,19,,,
2014/05/06,10,51,,,12,,,
2014/05/06,11,50,,,12,,,
2014/05/06,12,51,,,12,,,
2014/05/06,13,55,,,14,,,
2014/05/06,14,51,,,12,,,
2014/05/06,15,70,,,22,,,
2014/05/06,16,59,,,16,,,
2014/05/06,17,53,,,13,,,
2014/05/06,18,52,,,13,,,
2014/05/06,19,52,,,13,,,
2014/05/06,20,51,,,11,,,
2014/05/06,21,67,,,20,,,
2014/05/06,22,47,,,12,,,
2014/05/06,23,36,,,9,,,
2014/05/06,24,30,,,9,,,
2014/05/07,01,30,,,10,,,
2014/05/07,02,29,,,8,,,
2014/05/07,03,46,,,18,,,
2014/05/07,04,32,,,9,,,
2014/05/07,05,28,,,8,,,
2014/05/07,06,28,,,8,,,
2014/05/07,07,29,,,9,,,
2014/05/07,08,29,,,8,,,
2014/05/07,09,63,,,20,,,
2014/05/07,10,50,,,12,,,
2014/05/07,11,50,,,12,,,
2014/05/07,12,52,,,13,,,
2014/05/07,13,56,,,16,,,
2014/05/07,14,53,,,14,,,
2014/05/07,15,74,,,24,,,
2014/05/07,16,69,,,26,,,
2014/05/07,17,72,,,32,,,
2014/05/07,18,72,,,31,,,
2014/05/07,19,69,,,29,,,
2014/05/07,20,67,,,26,,,
2014/05/07,21,81,,,33,,,
2014/05/07,22,52,,,16,,,
2014/05/07,23,42,,,10,,,
2014/05/07,24,34,,,11,,,
2014/05/08,01,32,,,11,,,
2014/05/08,02,30,,,9,,,
2014/05/08,03,48,,,19,,,
2014/05/08,04,34,,,11,,,
2014/05/08,05,30,,,9,,,
2014/05/08,06,30,,,9,,,
2014/05/08,07,30,,,10,,,
2014/05/08,08,33,,,9,,,
2014/05/08,09,65,,,22,,,
2014/05/08,10,60,,,20,,,
2014/05/08,11,58,,,18,,,
2014/05/08,12,60,,,20,,,
2014/05/08,13,63,,,22,,,
2014/05/08,14,61,,,22,,,
2014/05/08,15,90,,,42,,,
2014/05/08,16,84,,,39,,,
2014/05/08,17,76,,,34,,,
2014/05/08,18,74,,,33,,,
2014/05/08,19,73,,,31,,,
2014/05/08,20,71,,,30,,,
2014/05/08,21,87,,,38,,,
2014/05/08,22,54,,,18,,,
2014/05/08,23,39,,,11,,,
2014/05/08,24,33,,,11,,,
2014/05/09,01,34,,,12,,,
2014/05/09,02,32,,,10,,,
2014/05/09,03,50,,,20,,,
2014/05/09,04,37,,,12,,,
2014/05/09,05,32,,,10,,,
2014/05/09,06,32,,,10,,,
2014/05/09,07,35,,,11,,,
2014/05/09,08,39,,,11,,,
2014/05/09,09,65,,,21,,,
2014/05/09,10,56,,,15,,,
2014/05/09,11,61,,,21,,,
2014/05/09,12,73,,,33,,,
2014/05/09,13,75,,,34,,,
2014/05/09,14,70,,,29,,,
2014/05/09,15,89,,,39,,,
2014/05/09,16,74,,,29,,,
2014/05/09,17,59,,,17,,,
2014/05/09,18,58,,,16,,,
2014/05/09,19,57,,,16,,,
2014/05/09,20,55,,,15,,,
2014/05/09,21,70,,,23,,,
2014/05/09,22,45,,,15,,,
2014/05/09,23,32,,,11,,,
2014/05/09,24,32,,,10,,,
2014/05/10,01,32,,,11,,,
2014/05/10,02,29,,,9,,,
2014/05/10,03,46,,,18,,,
2014/05/10,04,35,,,11,,,
2014/05/10,05,31,,,9,,,
2014/05/10,06,30,,,9,,,
2014/05/10,07,31,,,10,,,
2014/05/10,08,34,,,11,,,
2014/05/10,09,65,,,23,,,
2014/05/10,10,55,,,16,,,
2014/05/10,11,56,,,16,,,
2014/05/10,12,57,,,17,,,
2014/05/10,13,60,,,19,,,
2014/05/10,14,55,,,17,,,
2014/05/10,15,74,,,26,,,
2014/05/10,16,65,,,20,,,
2014/05/10,17,70,,,30,,,
2014/05/10,18,68,,,26,,,
2014/05/10,19,65,,,25,,,
2014/05/10,20,61,,,20,,,
2014/05/10,21,75,,,28,,,
2014/05/10,22,45,,,15,,,
2014/05/10,23,31,,,10,,,
2014/05/10,24,32,,,10,,,
2014/05/11,01,32,,,11,,,
2014/05/11,02,31,,,10,,,
2014/05/11,03,49,,,19,,,
2014/05/11,04,37,,,12,,,
2014/05/11,05,31,,,9,,,
2014/05/11,06,30,,,9,,,
2014/05/11,07,31,,,10,,,
2014/05/11,08,38,,,10,,,
2014/05/11,09,67,,,23,,,
2014/05/11,10,63,,,20,,,
2014/05/11,11,57,,,17,,,
2014/05/11,12,61,,,19,,,
2014/05/11,13,70,,,26,,,
2014/05/11,14,78,,,36,,,
2014/05/11,15,95,,,45,,,
2014/05/11,16,99,,,46,,,
2014/05/11,17,89,,,41,,,
2014/05/11,18,85,,,38,,,
2014/05/11,19,82,,,36,,,
2014/05/11,20,68,,,26,,,
2014/05/11,21,76,,,26,,,
2014/05/11,22,54,,,16,,,
2014/05/11,23,33,,,11,,,
2014/05/11,24,35,,,12,,,
2014/05/12,01,35,,,13,,,
2014/05/12,02,31,,,11,,,
2014/05/12,03,50,,,20,,,
2014/05/12,04,40,,,13,,,
2014/05/12,05,32,,,10,,,
2014/05/12,06,31,,,10,,,
2014/05/12,07,32,,,11,,,
2014/05/12,08,42,,,11,,,
2014/05/12,09,67,,,22,,,
2014/05/12,10,62,,,17,,,
2014/05/12,11,55,,,14,,,
2014/05/12,12,56,,,15,,,
2014/05/12,13,60,,,16,,,
2014/05/12,14,56,,,14,,,
2014/05/12,15,74,,,22,,,
2014/05/12,16,67,,,18,,,
2014/05/12,17,55,,,13,,,
2014/05/12,18,54,,,12,,,
2014/05/12,19,56,,,13,,,
2014/05/12,20,54,,,12,,,
2014/05/12,21,72,,,22,,,
2014/05/12,22,55,,,15,,,
2014/05/12,23,36,,,11,,,
2014/05/12,24,34,,,11,,,
2014/05/13,01,34,,,12,,,
2014/05/13,02,31,,,11,,,
2014/05/13,03,50,,,20,,,
2014/05/13,04,41,,,14,,,
2014/05/13,05,33,,,11,,,
2014/05/13,06,33,,,11,,,
2014/05/13,07,34,,,12,,,
2014/05/13,08,42,,,12,,,
2014/05/13,09,73,,,26,,,
2014/05/13,10,66,,,20,,,
2014/05/13,11,59,,,18,,,
2014/05/13,12,62,,,19,,,
2014/05/13,13,65,,,21,,,
2014/05/13,14,60,,,19,,,
2014/05/13,15,79,,,27,,,
2014/05/13,16,75,,,25,,,
2014/05/13,17,67,,,22,,,
2014/05/13,18,62,,,19,,,
2014/05/13,19,63,,,19,,,
2014/05/13,20,62,,,18,,,
2014/05/13,21,77,,,26,,,
2014/05/13,22,61,,,20,,,
2014/05/13,23,48,,,14,,,
2014/05/13,24,36,,,13,,,
2014/05/14,01,36,,,13,,,
2014/05/14,02,33,,,11,,,
2014/05/14,03,52,,,20,,,
2014/05/14,04,41,,,14,,,
2014/05/14,05,32,,,10,,,
2014/05/14,06,33,,,10,,,
2014/05/14,07,33,,,12,,,
2014/05/14,08,36,,,11,,,
2014/05/14,09,69,,,22,,,
2014/05/14,10,67,,,21,,,
2014/05/14,11,75,,,34,,,
2014/05/14,12,78,,,35,,,
2014/05/14,13,79,,,36,,,
2014/05/14,14,75,,,34,,,
2014/05/14,15,91,,,41,,,
2014/05/14,16,87,,,38,,,
2014/05/14,17,74,,,32,,,
2014/05/14,18,72,,,29,,,
2014/05/14,19,75,,,32,,,
2014/05/14,20,73,,,31,,,
2014/05/14,21,87,,,38,,,
2014/05/14,22,55,,,16,,,
2014/05/14,23,33,,,11,,,
2014/05/14,24,35,,,12,,,
2014/05/15,01,35,,,12,,,
2014/05/15,02,31,,,10,,,
2014/05/15,03,50,,,20,,,
2014/05/15,04,39,,,13,,,
2014/05/15,05,32,,,10,,,
2014/05/15,06,32,,,10,,,
2014/05/15,07,32,,,11,,,
2014/05/15,08,37,,,11,,,
2014/05/15,09,69,,,24,,,
2014/05/15,10,61,,,19,,,
2014/05/15,11,56,,,16,,,
2014/05/15,12,55,,,16,,,
2014/05/15,13,59,,,18,,,
2014/05/15,14,53,,,15,,,
2014/05/15,15,73,,,24,,,
2014/05/15,16,68,,,20,,,
2014/05/15,17,57,,,16,,,
2014/05/15,18,56,,,15,,,
2014/05/15,19,57,,,16,,,
2014/05/15,20,56,,,16,,,
2014/05/15,21,72,,,25,,,
2014/05/15,22,58,,,19,,,
2014/05/15,23,51,,,15,,,
2014/05/15,24,45,,,14,,,
2014/05/16,01,35,,,13,,,
2014/05/16,02,36,,,10,,,
2014/05/16,03,54,,,21,,,
2014/05/16,04,43,,,15,,,
2014/05/16,05,38,,,12,,,
2014/05/16,06,35,,,12,,,
2014/05/16,07,31,,,11,,,
2014/05/16,08,35,,,12,,,
2014/05/16,09,70,,,24,,,
2014/05/16,10,64,,,19,,,
2014/05/16,11,57,,,17,,,
2014/05/16,12,64,,,22,,,
2014/05/16,13,78,,,35,,,
2014/05/16,14,74,,,33,,,
2014/05/16,15,91,,,41,,,
2014/05/16,16,87,,,37,,,
2014/05/16,17,76,,,32,,,
2014/05/16,18,75,,,31,,,
2014/05/16,19,72,,,29,,,
2014/05/16,20,58,,,16,,,
2014/05/16,21,76,,,25,,,
2014/05/16,22,56,,,17,,,
2014/05/16,23,42,,,12,,,
2014/05/16,24,34,,,11,,,
2014/05/17,01,33,,,12,,,
2014/05/17,02,31,,,10,,,
2014/05/17,03,50,,,19,,,
2014/05/17,04,37,,,12,,,
2014/05/17,05,31,,,9,,,
2014/05/17,06,30,,,9,,,
2014/05/17,07,33,,,11,,,
2014/05/17,08,36,,,10,,,
2014/05/17,09,67,,,21,,,
2014/05/17,10,60,,,16,,,
2014/05/17,11,53,,,13,,,
2014/05/17,12,56,,,14,,,
2014/05/17,13,58,,,15,,,
2014/05/17,14,58,,,16,,,
2014/05/17,15,76,,,25,,,
2014/05/17,16,71,,,21,,,
2014/05/17,17,59,,,16,,,
2014/05/17,18,61,,,18,,,
2014/05/17,19,61,,,19,,,
2014/05/17,20,58,,,17,,,
2014/05/17,21,75,,,25,,,
2014/05/17,22,56,,,16,,,
2014/05/17,23,41,,,11,,,
2014/05/17,24,35,,,12,,,
2014/05/18,01,34,,,12,,,
2014/05/18,02,31,,,10,,,
2014/05/18,03,50,,,19,,,
2014/05/18,04,38,,,13,,,
2014/05/18,05,32,,,10,,,
2014/05/18,06,31,,,9,,,
2014/05/18,07,32,,,11,,,
2014/05/18,08,36,,,10,,,
2014/05/18,09,71,,,25,,,
2014/05/18,10,71,,,24,,,
2014/05/18,11,65,,,22,,,
2014/05/18,12,75,,,32,,,
2014/05/18,13,86,,,42,,,
2014/05/18,14,81,,,39,,,
2014/05/18,15,98,,,47,,,
2014/05/18,16,98,,,46,,,
2014/05/18,17,87,,,41,,,
2014/05/18,18,81,,,39,,,
2014/05/18,19,79,,,36,,,
2014/05/18,20,73,,,31,,,
2014/05/18,21,84,,,36,,,
2014/05/18,22,60,,,20,,,
2014/05/18,23,43,,,15,,,
2014/05/18,24,38,,,15,,,
2014/05/19,01,37,,,15,,,
2014/05/19,02,34,,,13,,,
2014/05/19,03,53,,,22,,,
2014/05/19,04,42,,,16,,,
2014/05/19,05,33,,,12,,,
2014/05/19,06,32,,,11,,,
2014/05/19,07,34,,,13,,,
2014/05/19,08,42,,,14,,,
2014/05/19,09,73,,,27,,,
2014/05/19,10,82,,,36,,,
2014/05/19,11,74,,,33,,,
2014/05/19,12,74,,,33,,,
2014/05/19,13,79,,,36,,,
2014/05/19,14,75,,,33,,,
2014/05/19,15,93,,,42,,,
2014/05/19,16,90,,,40,,,
2014/05/19,17,78,,,35,,,
2014/05/19,18,75,,,33,,,
2014/05/19,19,74,,,32,,,
2014/05/19,20,73,,,32,,,
2014/05/19,21,87,,,40,,,
2014/05/19,22,80,,,36,,,
2014/05/19,23,52,,,24,,,
2014/05/19,24,50,,,22,,,
2014/05/20,01,47,,,20,,,
2014/05/20,02,43,,,18,,,
2014/05/20,03,58,,,27,,,
2014/05/20,04,56,,,25,,,
2014/05/20,05,45,,,19,,,
2014/05/20,06,45,,,17,,,
2014/05/20,07,43,,,20,,,
2014/05/20,08,47,,,22,,,
2014/05/20,09,83,,,39,,,
2014/05/20,10,81,,,36,,,
2014/05/20,11,74,,,33,,,
2014/05/20,12,75,,,32,,,
2014/05/20,13,70,,,28,,,
2014/05/20,14,67,,,25,,,
2014/05/20,15,78,,,27,,,
2014/05/20,16,71,,,22,,,
2014/05/20,17,58,,,17,,,
2014/05/20,18,57,,,16,,,
2014/05/20,19,59,,,17,,,
2014/05/20,20,57,,,16,,,
2014/05/20,21,73,,,24,,,
2014/05/20,22,54,,,15,,,
2014/05/20,23,34,,,11,,,
2014/05/20,24,36,,,12,,,
2014/05/21,01,35,,,13,,,
2014/05/21,02,32,,,11,,,
2014/05/21,03,51,,,20,,,
2014/05/21,04,41,,,14,,,
2014/05/21,05,34,,,11,,,
2014/05/21,06,33,,,11,,,
2014/05/21,07,33,,,11,,,
2014/05/21,08,35,,,11,,,
2014/05/21,09,68,,,22,,,
2014/05/21,10,59,,,16,,,
2014/05/21,11,59,,,18,,,
2014/05/21,12,69,,,29,,,
2014/05/21,13,73,,,31,,,
2014/05/21,14,68,,,29,,,
2014/05/21,15,86,,,38,,,
2014/05/21,16,83,,,35,,,
2014/05/21,17,71,,,30,,,
2014/05/21,18,70,,,29,,,
2014/05/21,19,69,,,28,,,
2014/05/21,20,66,,,26,,,
2014/05/21,21,77,,,29,,,
2014/05/21,22,57,,,19,,,
2014/05/21,23,33,,,11,,,
2014/05/21,24,33,,,11,,,
2014/05/22,01,34,,,12,,,
2014/05/22,02,31,,,10,,,
2014/05/22,03,50,,,20,,,
2014/05/22,04,39,,,13,,,
2014/05/22,05,30,,,10,,,
2014/05/22,06,32,,,10,,,
2014/05/22,07,33,,,11,,,
2014/05/22,08,41,,,12,,,
2014/05/22,09,71,,,25,,,
2014/05/22,10,63,,,19,,,
2014/05/22,11,64,,,24,,,
2014/05/22,12,73,,,33,,,
2014/05/22,13,77,,,35,,,
2014/05/22,14,73,,,33,,,
2014/05/22,15,92,,,42,,,
2014/05/22,16,88,,,39,,,
2014/05/22,17,75,,,33,,,
2014/05/22,18,73,,,32,,,
2014/05/22,19,72,,,31,,,
2014/05/22,20,70,,,29,,,
2014/05/22,21,82,,,34,,,
2014/05/22,22,61,,,23,,,
2014/05/22,23,50,,,17,,,
2014/05/22,24,35,,,12,,,
2014/05/23,01,34,,,12,,,
2014/05/23,02,31,,,10,,,
2014/05/23,03,51,,,20,,,
2014/05/23,04,40,,,13,,,
2014/05/23,05,31,,,10,,,
2014/05/23,06,31,,,10,,,
2014/05/23,07,34,,,12,,,
2014/05/23,08,36,,,12,,,
2014/05/23,09,69,,,24,,,
2014/05/23,10,61,,,18,,,
2014/05/23,11,57,,,17,,,
2014/05/23,12,57,,,17,,,
2014/05/23,13,60,,,19,,,
2014/05/23,14,56,,,17,,,
2014/05/23,15,75,,,26,,,
2014/05/23,16,70,,,23,,,
2014/05/23,17,61,,,18,,,
2014/05/23,18,61,,,17,,,
2014/05/23,19,62,,,18,,,
2014/05/23,20,58,,,16,,,
2014/05/23,21,75,,,25,,,
2014/05/23,22,59,,,19,,,
2014/05/23,23,44,,,13,,,
2014/05/23,24,35,,,14,,,
2014/05/24,01,35,,,14,,,
2014/05/24,02,31,,,11,,,
2014/05/24,03,50,,,20,,,
2014/05/24,04,38,,,14,,,
2014/05/24,05,32,,,10,,,
2014/05/24,06,30,,,10,,,
2014/05/24,07,33,,,12,,,
2014/05/24,08,39,,,13,,,
2014/05/24,09,69,,,24,,,
2014/05/24,10,59,,,16,,,
2014/05/24,11,54,,,14,,,
2014/05/24,12,56,,,16,,,
2014/05/24,13,61,,,18,,,
2014/05/24,14,74,,,34,,,
2014/05/24,15,95,,,45,,,
2014/05/24,16,90,,,41,,,
2014/05/24,17,84,,,38,,,
2014/05/24,18,82,,,36,,,
2014/05/24,19,83,,,36,,,
2014/05/24,20,75,,,32,,,
2014/05/24,21,91,,,39,,,
2014/05/24,22,58,,,22,,,
2014/05/24,23,37,,,12,,,
2014/05/24,24,37,,,13,,,
2014/05/25,01,38,,,14,,,
2014/05/25,02,34,,,12,,,
2014/05/25,03,52,,,21,,,
2014/05/25,04,43,,,15,,,
2014/05/25,05,34,,,11,,,
2014/05/25,06,34,,,11,,,
2014/05/25,07,35,,,13,,,
2014/05/25,08,38,,,12,,,
2014/05/25,09,71,,,25,,,
2014/05/25,10,71,,,26,,,
2014/05/25,11,64,,,23,,,
2014/05/25,12,68,,,25,,,
2014/05/25,13,84,,,40,,,
2014/05/25,14,83,,,42,,,
2014/05/25,15,101,,,51,,,
2014/05/25,16,99,,,48,,,
2014/05/25,17,88,,,43,,,
2014/05/25,18,84,,,40,,,
2014/05/25,19,81,,,38,,,
2014/05/25,20,77,,,34,,,
2014/05/25,21,82,,,31,,,
2014/05/25,22,59,,,17,,,
2014/05/25,23,40,,,12,,,
2014/05/25,24,37,,,13,,,
2014/05/26,01,37,,,14,,,
2014/05/26,02,33,,,11,,,
2014/05/26,03,53,,,21,,,
2014/05/26,04,43,,,15,,,
2014/05/26,05,33,,,11,,,
2014/05/26,06,34,,,11,,,
2014/05/26,07,35,,,12,,,
2014/05/26,08,39,,,12,,,
2014/05/26,09,71,,,25,,,
2014/05/26,10,78,,,33,,,
2014/05/26,11,71,,,30,,,
2014/05/26,12,71,,,30,,,
2014/05/26,13,75,,,32,,,
2014/05/26,14,72,,,30,,,
2014/05/26,15,88,,,37,,,
2014/05/26,16,82,,,34,,,
2014/05/26,17,70,,,30,,,
2014/05/26,18,69,,,28,,,
2014/05/26,19,69,,,27,,,
2014/05/26,20,67,,,26,,,
2014/05/26,21,85,,,35,,,
2014/05/26,22,72,,,27,,,
2014/05/26,23,49,,,20,,,
2014/05/26,24,45,,,18,,,
2014/05/27,01,44,,,18,,,
2014/05/27,02,36,,,15,,,
2014/05/27,03,55,,,24,,,
2014/05/27,04,49,,,19,,,
2014/05/27,05,43,,,16,,,
2014/05/27,06,43,,,16,,,
2014/05/27,07,43,,,18,,,
2014/05/27,08,45,,,20,,,
2014/05/27,09,85,,,39,,,
2014/05/27,10,81,,,36,,,
2014/05/27,11,73,,,32,,,
2014/05/27,12,74,,,33,,,
2014/05/27,13,77,,,35,,,
2014/05/27,14,73,,,33,,,
2014/05/27,15,92,,,41,,,
2014/05/27,16,86,,,38,,,
2014/05/27,17,79,,,33,,,
2014/05/27,18,79,,,34,,,
2014/05/27,19,75,,,32,,,
2014/05/27,20,72,,,30,,,
2014/05/27,21,86,,,38,,,
2014/05/27,22,63,,,21,,,
2014/05/27,23,36,,,11,,,
2014/05/27,24,35,,,12,,,
2014/05/28,01,35,,,13,,,
2014/05/28,02,32,,,10,,,
2014/05/28,03,51,,,20,,,
2014/05/28,04,39,,,13,,,
2014/05/28,05,32,,,10,,,
2014/05/28,06,31,,,10,,,
2014/05/28,07,33,,,11,,,
2014/05/28,08,37,,,12,,,
2014/05/28,09,82,,,37,,,
2014/05/28,10,85,,,39,,,
2014/05/28,11,81,,,40,,,
2014/05/28,12,84,,,42,,,
2014/05/28,13,89,,,44,,,
2014/05/28,14,81,,,39,,,
2014/05/28,15,100,,,49,,,
2014/05/28,16,103,,,49,,,
2014/05/28,17,102,,,47,,,
2014/05/28,18,89,,,41,,,
2014/05/28,19,94,,,43,,,
2014/05/28,20,87,,,38,,,
2014/05/28,21,91,,,40,,,
2014/05/28,22,65,,,21,,,
2014/05/28,23,49,,,16,,,
2014/05/28,24,44,,,16,,,
2014/05/29,01,44,,,16,,,
2014/05/29,02,40,,,14,,,
2014/05/29,03,51,,,20,,,
2014/05/29,04,42,,,15,,,
2014/05/29,05,32,,,11,,,
2014/05/29,06,34,,,11,,,
2014/05/29,07,35,,,12,,,
2014/05/29,08,37,,,12,,,
2014/05/29,09,77,,,33,,,
2014/05/29,10,80,,,36,,,
2014/05/29,11,81,,,40,,,
2014/05/29,12,83,,,41,,,
2014/05/29,13,88,,,44,,,
2014/05/29,14,83,,,42,,,
2014/05/29,15,101,,,51,,,
2014/05/29,16,104,,,51,,,
2014/05/29,17,103,,,49,,,
2014/05/29,18,94,,,44,,,
2014/05/29,19,95,,,44,,,
2014/05/29,20,91,,,42,,,
2014/05/29,21,96,,,45,,,
2014/05/29,22,75,,,32,,,
2014/05/29,23,44,,,15,,,
2014/05/29,24,46,,,16,,,
2014/05/30,01,46,,,17,,,
2014/05/30,02,36,,,13,,,
2014/05/30,03,52,,,21,,,
2014/05/30,04,45,,,16,,,
2014/05/30,05,35,,,12,,,
2014/05/30,06,35,,,12,,,
2014/05/30,07,37,,,14,,,
2014/05/30,08,45,,,14,,,
2014/05/30,09,85,,,41,,,
2014/05/30,10,88,,,43,,,
2014/05/30,11,86,,,44,,,
2014/05/30,12,92,,,47,,,
2014/05/30,13,90,,,48,,,
2014/05/30,14,94,,,49,,,
2014/05/30,15,104,,,53,,,
2014/05/30,16,106,,,54,,,
2014/05/30,17,98,,,49,,,
2014/05/30,18,90,,,45,,,
2014/05/30,19,91,,,45,,,
2014/05/30,20,85,,,42,,,
2014/05/30,21,94,,,42,,,
2014/05/30,22,74,,,29,,,
2014/05/30,23,56,,,22,,,
2014/05/30,24,44,,,19,,,
2014/05/31,01,43,,,19,,,
2014/05/31,02,40,,,17,,,
2014/05/31,03,58,,,25,,,
2014/05/31,04,51,,,21,,,
2014/05/31,05,40,,,16,,,
2014/05/31,06,39,,,16,,,
2014/05/31,07,42,,,18,,,
2014/05/31,08,45,,,17,,,
2014/05/31,09,75,,,30,,,
2014/05/31,10,75,,,29,,,
2014/05/31,11,73,,,30,,,
2014/05/31,12,77,,,32,,,
2014/05/31,13,85,,,40,,,
2014/05/31,14,99,,,52,,,
2014/05/31,15,109,,,57,,,
2014/05/31,16,115,,,59,,,
2014/05/31,17,102,,,53,,,
2014/05/31,18,99,,,51,,,
2014/05/31,19,94,,,49,,,
2014/05/31,20,92,,,45,,,
2014/05/31,21,98,,,48,,,
2014/05/31,22,85,,,39,,,
2014/05/31,23,63,,,28,,,
2014/05/31,24,45,,,19,,,
2014/06/01,01,43,,,19,,,
2014/06/01,02,40,,,17,,,
2014/06/01,03,57,,,25,,,
2014/06/01,04,56,,,22,,,
2014/06/01,05,47,,,19,,,
2014/06/01,06,47,,,18,,,
2014/06/01,07,48,,,20,,,
2014/06/01,08,63,,,29,,,
2014/06/01,09,91,,,45,,,
2014/06/01,10,98,,,48,,,
2014/06/01,11,96,,,48,,,
2014/06/01,12,100,,,51,,,
2014/06/01,13,110,,,57,,,
2014/06/01,14,100,,,53,,,
2014/06/01,15,107,,,57,,,
2014/06/01,16,118,,,61,,,
2014/06/01,17,108,,,57,,,
2014/06/01,18,107,,,54,,,
2014/06/01,19,101,,,52,,,
2014/06/01,20,94,,,47,,,
2014/06/01,21,104,,,51,,,
2014/06/01,22,77,,,33,,,
2014/06/01,23,51,,,18,,,
2014/06/01,24,49,,,18,,,
2014/06/02,01,46,,,17,,,
2014/06/02,02,45,,,16,,,
2014/06/02,03,55,,,22,,,
2014/06/02,04,53,,,19,,,
2014/06/02,05,44,,,15,,,
2014/06/02,06,45,,,15,,,
2014/06/02,07,46,,,17,,,
2014/06/02,08,53,,,19,,,
2014/06/02,09,91,,,44,,,
2014/06/02,10,94,,,46,,,
2014/06/02,11,93,,,46,,,
2014/06/02,12,93,,,48,,,
2014/06/02,13,107,,,56,,,
2014/06/02,14,94,,,50,,,
2014/06/02,15,109,,,56,,,
2014/06/02,16,109,,,55,,,
2014/06/02,17,105,,,51,,,
2014/06/02,18,95,,,46,,,
2014/06/02,19,98,,,47,,,
2014/06/02,20,81,,,36,,,
2014/06/02,21,92,,,40,,,
2014/06/02,22,66,,,26,,,
2014/06/02,23,43,,,14,,,
2014/06/02,24,40,,,14,,,
2014/06/03,01,40,,,15,,,
2014/06/03,02,36,,,13,,,
2014/06/03,03,55,,,22,,,
2014/06/03,04,48,,,17,,,
2014/06/03,05,38,,,13,,,
2014/06/03,06,38,,,13,,,
2014/06/03,07,39,,,14,,,
2014/06/03,08,41,,,14,,,
2014/06/03,09,86,,,40,,,
2014/06/03,10,91,,,42,,,
2014/06/03,11,87,,,42,,,
2014/06/03,12,91,,,45,,,
2014/06/03,13,94,,,46,,,
2014/06/03,14,85,,,41,,,
2014/06/03,15,101,,,48,,,
2014/06/03,16,103,,,48,,,
2014/06/03,17,97,,,44,,,
2014/06/03,18,89,,,40,,,
2014/06/03,19,84,,,37,,,
2014/06/03,20,85,,,38,,,
2014/06/03,21,93,,,43,,,
2014/06/03,22,67,,,27,,,
2014/06/03,23,45,,,16,,,
2014/06/03,24,44,,,16,,,
2014/06/04,01,45,,,17,,,
2014/06/04,02,42,,,15,,,
2014/06/04,03,53,,,21,,,
2014/06/04,04,45,,,17,,,
2014/06/04,05,36,,,13,,,
2014/06/04,06,36,,,13,,,
2014/06/04,07,37,,,14,,,
2014/06/04,08,47,,,20,,,
2014/06/04,09,91,,,44,,,
2014/06/04,10,96,,,46,,,
2014/06/04,11,87,,,42,,,
2014/06/04,12,87,,,41,,,
2014/06/04,13,87,,,42,,,
2014/06/04,14,82,,,39,,,
2014/06/04,15,98,,,47,,,
2014/06/04,16,97,,,44,,,
2014/06/04,17,82,,,38,,,
2014/06/04,18,80,,,36,,,
2014/06/04,19,80,,,37,,,
2014/06/04,20,76,,,33,,,
2014/06/04,21,93,,,41,,,
2014/06/04,22,69,,,26,,,
2014/06/04,23,47,,,16,,,
2014/06/04,24,38,,,14,,,
2014/06/05,01,39,,,15,,,
2014/06/05,02,35,,,13,,,
2014/06/05,03,53,,,21,,,
2014/06/05,04,47,,,17,,,
2014/06/05,05,36,,,13,,,
2014/06/05,06,37,,,13,,,
2014/06/05,07,38,,,13,,,
2014/06/05,08,47,,,13,,,
2014/06/05,09,72,,,26,,,
2014/06/05,10,67,,,23,,,
2014/06/05,11,64,,,25,,,
2014/06/05,12,58,,,17,,,
2014/06/05,13,61,,,19,,,
2014/06/05,14,58,,,17,,,
2014/06/05,15,77,,,27,,,
2014/06/05,16,72,,,23,,,
2014/06/05,17,62,,,19,,,
2014/06/05,18,59,,,18,,,
2014/06/05,19,61,,,18,,,
2014/06/05,20,61,,,18,,,
2014/06/05,21,78,,,26,,,
2014/06/05,22,63,,,19,,,
2014/06/05,23,41,,,12,,,
2014/06/05,24,38,,,13,,,
2014/06/06,01,39,,,14,,,
2014/06/06,02,35,,,12,,,
2014/06/06,03,53,,,21,,,
2014/06/06,04,47,,,16,,,
2014/06/06,05,37,,,12,,,
2014/06/06,06,36,,,12,,,
2014/06/06,07,37,,,13,,,
2014/06/06,08,39,,,12,,,
2014/06/06,09,75,,,28,,,
2014/06/06,10,83,,,37,,,
2014/06/06,11,79,,,38,,,
2014/06/06,12,78,,,38,,,
2014/06/06,13,82,,,40,,,
2014/06/06,14,81,,,40,,,
2014/06/06,15,103,,,52,,,
2014/06/06,16,105,,,52,,,
2014/06/06,17,98,,,48,,,
2014/06/06,18,89,,,40,,,
2014/06/06,19,83,,,35,,,
2014/06/06,20,77,,,28,,,
2014/06/06,21,83,,,33,,,
2014/06/06,22,76,,,30,,,
2014/06/06,23,65,,,24,,,
2014/06/06,24,51,,,17,,,
2014/06/07,01,49,,,17,,,
2014/06/07,02,35,,,12,,,
2014/06/07,03,55,,,22,,,
2014/06/07,04,43,,,15,,,
2014/06/07,05,38,,,13,,,
2014/06/07,06,37,,,13,,,
2014/06/07,07,38,,,14,,,
2014/06/07,08,42,,,14,,,
2014/06/07,09,73,,,27,,,
2014/06/07,10,72,,,26,,,
2014/06/07,11,64,,,23,,,
2014/06/07,12,65,,,22,,,
2014/06/07,13,68,,,23,,,
2014/06/07,14,64,,,22,,,
2014/06/07,15,83,,,31,,,
2014/06/07,16,96,,,43,,,
2014/06/07,17,90,,,44,,,
2014/06/07,18,85,,,41,,,
2014/06/07,19,82,,,39,,,
2014/06/07,20,68,,,23,,,
2014/06/07,21,81,,,31,,,
2014/06/07,22,52,,,18,,,
2014/06/07,23,38,,,13,,,
2014/06/07,24,39,,,13,,,
2014/06/08,01,39,,,14,,,
2014/06/08,02,36,,,13,,,
2014/06/08,03,54,,,21,,,
2014/06/08,04,43,,,15,,,
2014/06/08,05,37,,,12,,,
2014/06/08,06,36,,,12,,,
2014/06/08,07,38,,,14,,,
2014/06/08,08,42,,,13,,,
2014/06/08,09,74,,,27,,,
2014/06/08,10,88,,,40,,,
2014/06/08,11,84,,,40,,,
2014/06/08,12,87,,,43,,,
2014/06/08,13,90,,,46,,,
2014/06/08,14,93,,,47,,,
2014/06/08,15,104,,,52,,,
2014/06/08,16,97,,,43,,,
2014/06/08,17,86,,,37,,,
2014/06/08,18,81,,,34,,,
2014/06/08,19,81,,,35,,,
2014/06/08,20,78,,,33,,,
2014/06/08,21,92,,,39,,,
2014/06/08,22,74,,,32,,,
2014/06/08,23,40,,,14,,,
2014/06/08,24,41,,,14,,,
2014/06/09,01,40,,,15,,,
2014/06/09,02,37,,,13,,,
2014/06/09,03,56,,,22,,,
2014/06/09,04,45,,,16,,,
2014/06/09,05,40,,,13,,,
2014/06/09,06,38,,,13,,,
2014/06/09,07,38,,,14,,,
2014/06/09,08,48,,,15,,,
2014/06/09,09,87,,,38,,,
2014/06/09,10,90,,,41,,,
2014/06/09,11,84,,,39,,,
2014/06/09,12,86,,,40,,,
2014/06/09,13,89,,,42,,,
2014/06/09,14,88,,,41,,,
2014/06/09,15,100,,,47,,,
2014/06/09,16,104,,,48,,,
2014/06/09,17,100,,,45,,,
2014/06/09,18,96,,,41,,,
2014/06/09,19,91,,,39,,,
2014/06/09,20,89,,,37,,,
2014/06/09,21,95,,,41,,,
2014/06/09,22,78,,,31,,,
2014/06/09,23,57,,,19,,,
2014/06/09,24,43,,,17,,,
2014/06/10,01,44,,,19,,,
2014/06/10,02,41,,,17,,,
2014/06/10,03,60,,,25,,,
2014/06/10,04,50,,,19,,,
2014/06/10,05,41,,,16,,,
2014/06/10,06,40,,,16,,,
2014/06/10,07,40,,,17,,,
2014/06/10,08,47,,,17,,,
2014/06/10,09,75,,,27,,,
2014/06/10,10,72,,,24,,,
2014/06/10,11,67,,,22,,,
2014/06/10,12,66,,,22,,,
2014/06/10,13,68,,,23,,,
2014/06/10,14,63,,,20,,,
2014/06/10,15,79,,,28,,,
2014/06/10,16,76,,,26,,,
2014/06/10,17,68,,,21,,,
2014/06/10,18,64,,,19,,,
2014/06/10,19,65,,,20,,,
2014/06/10,20,67,,,20,,,
2014/06/10,21,80,,,26,,,
2014/06/10,22,61,,,20,,,
2014/06/10,23,44,,,14,,,
2014/06/10,24,39,,,14,,,
2014/06/11,01,41,,,15,,,
2014/06/11,02,37,,,13,,,
2014/06/11,03,55,,,22,,,
2014/06/11,04,44,,,16,,,
2014/06/11,05,39,,,13,,,
2014/06/11,06,37,,,13,,,
2014/06/11,07,40,,,15,,,
2014/06/11,08,48,,,14,,,
2014/06/11,09,88,,,39,,,
2014/06/11,10,89,,,40,,,
2014/06/11,11,86,,,40,,,
2014/06/11,12,84,,,40,,,
2014/06/11,13,85,,,41,,,
2014/06/11,14,75,,,34,,,
2014/06/11,15,90,,,38,,,
2014/06/11,16,86,,,35,,,
2014/06/11,17,74,,,30,,,
2014/06/11,18,71,,,28,,,
2014/06/11,19,70,,,28,,,
2014/06/11,20,71,,,28,,,
2014/06/11,21,88,,,37,,,
2014/06/11,22,54,,,21,,,
2014/06/11,23,36,,,13,,,
2014/06/11,24,37,,,13,,,
2014/06/12,01,36,,,14,,,
2014/06/12,02,34,,,12,,,
2014/06/12,03,53,,,21,,,
2014/06/12,04,42,,,15,,,
2014/06/12,05,36,,,12,,,
2014/06/12,06,34,,,12,,,
2014/06/12,07,38,,,14,,,
2014/06/12,08,41,,,13,,,
2014/06/12,09,71,,,26,,,
2014/06/12,10,84,,,35,,,
2014/06/12,11,79,,,31,,,
2014/06/12,12,71,,,24,,,
2014/06/12,13,74,,,26,,,
2014/06/12,14,75,,,29,,,
2014/06/12,15,82,,,30,,,
2014/06/12,16,78,,,27,,,
2014/06/12,17,73,,,24,,,
2014/06/12,18,69,,,22,,,
2014/06/12,19,75,,,26,,,
2014/06/12,20,74,,,24,,,
2014/06/12,21,84,,,31,,,
2014/06/12,22,54,,,20,,,
2014/06/12,23,38,,,12,,,
2014/06/12,24,38,,,12,,,
2014/06/13,01,38,,,14,,,
2014/06/13,02,36,,,12,,,
2014/06/13,03,55,,,21,,,
2014/06/13,04,41,,,14,,,
2014/06/13,05,37,,,12,,,
2014/06/13,06,36,,,12,,,
2014/06/13,07,39,,,13,,,
2014/06/13,08,42,,,12,,,
2014/06/13,09,79,,,32,,,
2014/06/13,10,84,,,37,,,
2014/06/13,11,76,,,33,,,
2014/06/13,12,78,,,33,,,
2014/06/13,13,81,,,36,,,
2014/06/13,14,68,,,26,,,
2014/06/13,15,86,,,32,,,
2014/06/13,16,85,,,33,,,
2014/06/13,17,79,,,34,,,
2014/06/13,18,68,,,26,,,
2014/06/13,19,63,,,19,,,
2014/06/13,20,63,,,18,,,
2014/06/13,21,78,,,25,,,
2014/06/13,22,47,,,15,,,
2014/06/13,23,38,,,12,,,
2014/06/13,24,38,,,13,,,
2014/06/14,01,37,,,13,,,
2014/06/14,02,34,,,12,,,
2014/06/14,03,54,,,21,,,
2014/06/14,04,45,,,16,,,
2014/06/14,05,38,,,13,,,
2014/06/14,06,34,,,12,,,
2014/06/14,07,37,,,13,,,
2014/06/14,08,43,,,14,,,
2014/06/14,09,76,,,30,,,
2014/06/14,10,78,,,29,,,
2014/06/14,11,75,,,27,,,
2014/06/14,12,77,,,29,,,
2014/06/14,13,80,,,31,,,
2014/06/14,14,75,,,28,,,
2014/06/14,15,85,,,33,,,
2014/06/14,16,98,,,43,,,
2014/06/14,17,91,,,40,,,
2014/06/14,18,82,,,36,,,
2014/06/14,19,90,,,39,,,
2014/06/14,20,88,,,37,,,
2014/06/14,21,92,,,40,,,
2014/06/14,22,60,,,23,,,
2014/06/14,23,44,,,14,,,
2014/06/14,24,39,,,14,,,
2014/06/15,01,40,,,15,,,
2014/06/15,02,36,,,13,,,
2014/06/15,03,56,,,22,,,
2014/06/15,04,49,,,18,,,
2014/06/15,05,39,,,13,,,
2014/06/15,06,36,,,12,,,
2014/06/15,07,39,,,14,,,
2014/06/15,08,44,,,15,,,
2014/06/15,09,81,,,32,,,
2014/06/15,10,82,,,32,,,
2014/06/15,11,87,,,38,,,
2014/06/15,12,91,,,40,,,
2014/06/15,13,94,,,45,,,
2014/06/15,14,84,,,35,,,
2014/06/15,15,90,,,37,,,
2014/06/15,16,98,,,42,,,
2014/06/15,17,96,,,42,,,
2014/06/15,18,87,,,37,,,
2014/06/15,19,89,,,38,,,
2014/06/15,20,86,,,35,,,
2014/06/15,21,93,,,39,,,
2014/06/15,22,62,,,23,,,
2014/06/15,23,44,,,15,,,
2014/06/15,24,39,,,14,,,
2014/06/16,01,39,,,15,,,
2014/06/16,02,35,,,13,,,
2014/06/16,03,56,,,22,,,
2014/06/16,04,43,,,15,,,
2014/06/16,05,37,,,13,,,
2014/06/16,06,36,,,12,,,
2014/06/16,07,38,,,13,,,
2014/06/16,08,54,,,20,,,
2014/06/16,09,93,,,46,,,
2014/06/16,10,95,,,45,,,
2014/06/16,11,83,,,34,,,
2014/06/16,12,83,,,34,,,
2014/06/16,13,91,,,40,,,
2014/06/16,14,89,,,41,,,
2014/06/16,15,96,,,44,,,
2014/06/16,16,94,,,42,,,
2014/06/16,17,85,,,38,,,
2014/06/16,18,73,,,31,,,
2014/06/16,19,73,,,28,,,
2014/06/16,20,71,,,25,,,
2014/06/16,21,87,,,33,,,
2014/06/16,22,54,,,19,,,
2014/06/16,23,41,,,14,,,
2014/06/16,24,40,,,14,,,
2014/06/17,01,40,,,15,,,
2014/06/17,02,36,,,13,,,
2014/06/17,03,56,,,22,,,
2014/06/17,04,43,,,16,,,
2014/06/17,05,37,,,13,,,
2014/06/17,06,37,,,13,,,
2014/06/17,07,39,,,14,,,
2014/06/17,08,45,,,13,,,
2014/06/17,09,75,,,24,,,
2014/06/17,10,69,,,20,,,
2014/06/17,11,62,,,18,,,
2014/06/17,12,61,,,17,,,
2014/06/17,13,65,,,20,,,
2014/06/17,14,59,,,16,,,
2014/06/17,15,78,,,25,,,
2014/06/17,16,77,,,25,,,
2014/06/17,17,66,,,21,,,
2014/06/17,18,63,,,19,,,
2014/06/17,19,65,,,20,,,
2014/06/17,20,64,,,19,,,
2014/06/17,21,78,,,27,,,
2014/06/17,22,50,,,17,,,
2014/06/17,23,39,,,13,,,
2014/06/17,24,39,,,14,,,
2014/06/18,01,39,,,14,,,
2014/06/18,02,35,,,12,,,
2014/06/18,03,54,,,21,,,
2014/06/18,04,48,,,17,,,
2014/06/18,05,40,,,14,,,
2014/06/18,06,37,,,13,,,
2014/06/18,07,39,,,14,,,
2014/06/18,08,39,,,13,,,
2014/06/18,09,86,,,43,,,
2014/06/18,10,90,,,42,,,
2014/06/18,11,85,,,39,,,
2014/06/18,12,87,,,40,,,
2014/06/18,13,86,,,38,,,
2014/06/18,14,78,,,32,,,
2014/06/18,15,81,,,30,,,
2014/06/18,16,74,,,26,,,
2014/06/18,17,63,,,22,,,
2014/06/18,18,61,,,20,,,
2014/06/18,19,62,,,19,,,
2014/06/18,20,61,,,18,,,
2014/06/18,21,79,,,27,,,
2014/06/18,22,53,,,18,,,
2014/06/18,23,38,,,13,,,
2014/06/18,24,37,,,13,,,
2014/06/19,01,37,,,14,,,
2014/06/19,02,33,,,12,,,
2014/06/19,03,54,,,21,,,
2014/06/19,04,45,,,16,,,
2014/06/19,05,37,,,13,,,
2014/06/19,06,34,,,12,,,
2014/06/19,07,36,,,13,,,
2014/06/19,08,42,,,13,,,
2014/06/19,09,72,,,25,,,
2014/06/19,10,85,,,36,,,
2014/06/19,11,81,,,35,,,
2014/06/19,12,78,,,29,,,
2014/06/19,13,88,,,36,,,
2014/06/19,14,91,,,44,,,
2014/06/19,15,96,,,42,,,
2014/06/19,16,99,,,43,,,
2014/06/19,17,97,,,42,,,
2014/06/19,18,93,,,38,,,
2014/06/19,19,93,,,37,,,
2014/06/19,20,89,,,34,,,
2014/06/19,21,86,,,32,,,
2014/06/19,22,59,,,21,,,
2014/06/19,23,45,,,15,,,
2014/06/19,24,40,,,14,,,
2014/06/20,01,39,,,15,,,
2014/06/20,02,36,,,13,,,
2014/06/20,03,56,,,22,,,
2014/06/20,04,43,,,15,,,
2014/06/20,05,37,,,13,,,
2014/06/20,06,36,,,12,,,
2014/06/20,07,40,,,14,,,
2014/06/20,08,51,,,20,,,
2014/06/20,09,95,,,47,,,
2014/06/20,10,95,,,45,,,
2014/06/20,11,83,,,39,,,
2014/06/20,12,94,,,47,,,
2014/06/20,13,94,,,49,,,
2014/06/20,14,90,,,47,,,
2014/06/20,15,102,,,48,,,
2014/06/20,16,95,,,42,,,
2014/06/20,17,91,,,42,,,
2014/06/20,18,87,,,39,,,
2014/06/20,19,88,,,38,,,
2014/06/20,20,86,,,36,,,
2014/06/20,21,94,,,41,,,
2014/06/20,22,59,,,25,,,
2014/06/20,23,42,,,16,,,
2014/06/20,24,42,,,16,,,
2014/06/21,01,41,,,17,,,
2014/06/21,02,39,,,15,,,
2014/06/21,03,57,,,24,,,
2014/06/21,04,46,,,18,,,
2014/06/21,05,41,,,15,,,
2014/06/21,06,40,,,15,,,
2014/06/21,07,40,,,16,,,
2014/06/21,08,47,,,17,,,
2014/06/21,09,79,,,33,,,
2014/06/21,10,88,,,35,,,
2014/06/21,11,83,,,34,,,
2014/06/21,12,86,,,38,,,
2014/06/21,13,84,,,39,,,
2014/06/21,14,79,,,35,,,
2014/06/21,15,98,,,43,,,
2014/06/21,16,97,,,42,,,
2014/06/21,17,84,,,37,,,
2014/06/21,18,81,,,35,,,
2014/06/21,19,80,,,35,,,
2014/06/21,20,79,,,33,,,
2014/06/21,21,94,,,40,,,
2014/06/21,22,53,,,20,,,
2014/06/21,23,39,,,13,,,
2014/06/21,24,39,,,13,,,
2014/06/22,01,40,,,15,,,
2014/06/22,02,36,,,13,,,
2014/06/22,03,56,,,22,,,
2014/06/22,04,42,,,15,,,
2014/06/22,05,37,,,13,,,
2014/06/22,06,36,,,12,,,
2014/06/22,07,38,,,14,,,
2014/06/22,08,42,,,13,,,
2014/06/22,09,76,,,27,,,
2014/06/22,10,79,,,33,,,
2014/06/22,11,70,,,24,,,
2014/06/22,12,68,,,23,,,
2014/06/22,13,74,,,27,,,
2014/06/22,14,71,,,26,,,
2014/06/22,15,85,,,35,,,
2014/06/22,16,82,,,32,,,
2014/06/22,17,75,,,28,,,
2014/06/22,18,74,,,26,,,
2014/06/22,19,78,,,28,,,
2014/06/22,20,74,,,25,,,
2014/06/22,21,83,,,30,,,
2014/06/22,22,53,,,17,,,
2014/06/22,23,39,,,13,,,
2014/06/22,24,38,,,13,,,
2014/06/23,01,38,,,14,,,
2014/06/23,02,35,,,12,,,
2014/06/23,03,55,,,21,,,
2014/06/23,04,42,,,15,,,
2014/06/23,05,37,,,12,,,
2014/06/23,06,36,,,12,,,
2014/06/23,07,38,,,13,,,
2014/06/23,08,49,,,19,,,
2014/06/23,09,93,,,45,,,
2014/06/23,10,90,,,43,,,
2014/06/23,11,85,,,38,,,
2014/06/23,12,82,,,35,,,
2014/06/23,13,88,,,40,,,
2014/06/23,14,85,,,37,,,
2014/06/23,15,95,,,43,,,
2014/06/23,16,95,,,42,,,
2014/06/23,17,84,,,37,,,
2014/06/23,18,82,,,34,,,
2014/06/23,19,84,,,35,,,
2014/06/23,20,80,,,31,,,
2014/06/23,21,84,,,31,,,
2014/06/23,22,50,,,18,,,
2014/06/23,23,39,,,13,,,
2014/06/23,24,39,,,13,,,
2014/06/24,01,39,,,14,,,
2014/06/24,02,35,,,12,,,
2014/06/24,03,55,,,22,,,
2014/06/24,04,42,,,15,,,
2014/06/24,05,37,,,13,,,
2014/06/24,06,37,,,12,,,
2014/06/24,07,38,,,14,,,
2014/06/24,08,43,,,13,,,
2014/06/24,09,79,,,30,,,
2014/06/24,10,84,,,35,,,
2014/06/24,11,77,,,32,,,
2014/06/24,12,83,,,36,,,
2014/06/24,13,84,,,39,,,
2014/06/24,14,82,,,35,,,
2014/06/24,15,94,,,40,,,
2014/06/24,16,97,,,40,,,
2014/06/24,17,83,,,33,,,
2014/06/24,18,79,,,30,,,
2014/06/24,19,80,,,31,,,
2014/06/24,20,78,,,28,,,
2014/06/24,21,82,,,29,,,
2014/06/24,22,63,,,21,,,
2014/06/24,23,47,,,16,,,
2014/06/24,24,40,,,14,,,
2014/06/25,01,39,,,15,,,
2014/06/25,02,35,,,13,,,
2014/06/25,03,55,,,22,,,
2014/06/25,04,41,,,15,,,
2014/06/25,05,37,,,13,,,
2014/06/25,06,36,,,13,,,
2014/06/25,07,39,,,14,,,
2014/06/25,08,47,,,18,,,
2014/06/25,09,93,,,46,,,
2014/06/25,10,98,,,46,,,
2014/06/25,11,98,,,47,,,
2014/06/25,12,97,,,49,,,
2014/06/25,13,98,,,46,,,
2014/06/25,14,101,,,50,,,
2014/06/25,15,107,,,55,,,
2014/06/25,16,101,,,43,,,
2014/06/25,17,96,,,47,,,
2014/06/25,18,95,,,44,,,
2014/06/25,19,86,,,40,,,
2014/06/25,20,87,,,39,,,
2014/06/25,21,89,,,34,,,
2014/06/25,22,53,,,19,,,
2014/06/25,23,41,,,14,,,
2014/06/25,24,41,,,15,,,
2014/06/26,01,40,,,15,,,
2014/06/26,02,37,,,13,,,
2014/06/26,03,56,,,22,,,
2014/06/26,04,45,,,16,,,
2014/06/26,05,38,,,14,,,
2014/06/26,06,38,,,13,,,
2014/06/26,07,39,,,15,,,
2014/06/26,08,46,,,18,,,
2014/06/26,09,94,,,45,,,
2014/06/26,10,85,,,36,,,
2014/06/26,11,88,,,39,,,
2014/06/26,12,87,,,39,,,
2014/06/26,13,91,,,42,,,
2014/06/26,14,87,,,40,,,
2014/06/26,15,95,,,43,,,
2014/06/26,16,91,,,39,,,
2014/06/26,17,80,,,32,,,
2014/06/26,18,79,,,31,,,
2014/06/26,19,74,,,24,,,
2014/06/26,20,70,,,21,,,
2014/06/26,21,76,,,24,,,
2014/06/26,22,58,,,19,,,
2014/06/26,23,45,,,16,,,
2014/06/26,24,40,,,14,,,
2014/06/27,01,40,,,15,,,
2014/06/27,02,37,,,14,,,
2014/06/27,03,57,,,22,,,
2014/06/27,04,45,,,16,,,
2014/06/27,05,39,,,14,,,
2014/06/27,06,38,,,13,,,
2014/06/27,07,40,,,15,,,
2014/06/27,08,46,,,17,,,
2014/06/27,09,96,,,47,,,
2014/06/27,10,96,,,45,,,
2014/06/27,11,93,,,43,,,
2014/06/27,12,92,,,45,,,
2014/06/27,13,87,,,44,,,
2014/06/27,14,74,,,32,,,
2014/06/27,15,93,,,41,,,
2014/06/27,16,90,,,39,,,
2014/06/27,17,77,,,33,,,
2014/06/27,18,75,,,32,,,
2014/06/27,19,77,,,33,,,
2014/06/27,20,73,,,31,,,
2014/06/27,21,92,,,39,,,
2014/06/27,22,53,,,19,,,
2014/06/27,23,38,,,14,,,
2014/06/27,24,38,,,14,,,
2014/06/28,01,38,,,14,,,
2014/06/28,02,34,,,12,,,
2014/06/28,03,54,,,21,,,
2014/06/28,04,40,,,15,,,
2014/06/28,05,36,,,13,,,
2014/06/28,06,35,,,12,,,
2014/06/28,07,37,,,14,,,
2014/06/28,08,43,,,15,,,
2014/06/28,09,79,,,32,,,
2014/06/28,10,77,,,30,,,
2014/06/28,11,78,,,32,,,
2014/06/28,12,76,,,31,,,
2014/06/28,13,81,,,34,,,
2014/06/28,14,77,,,32,,,
2014/06/28,15,89,,,38,,,
2014/06/28,16,89,,,37,,,
2014/06/28,17,88,,,35,,,
2014/06/28,18,86,,,33,,,
2014/06/28,19,89,,,35,,,
2014/06/28,20,85,,,32,,,
2014/06/28,21,82,,,29,,,
2014/06/28,22,54,,,19,,,
2014/06/28,23,42,,,15,,,
2014/06/28,24,37,,,13,,,
2014/06/29,01,37,,,14,,,
2014/06/29,02,34,,,12,,,
2014/06/29,03,54,,,22,,,
2014/06/29,04,48,,,17,,,
2014/06/29,05,39,,,14,,,
2014/06/29,06,35,,,13,,,
2014/06/29,07,37,,,14,,,
2014/06/29,08,42,,,15,,,
2014/06/29,09,84,,,36,,,
2014/06/29,10,98,,,47,,,
2014/06/29,11,89,,,39,,,
2014/06/29,12,98,,,49,,,
2014/06/29,13,97,,,51,,,
2014/06/29,14,94,,,49,,,
2014/06/29,15,101,,,47,,,
2014/06/29,16,89,,,39,,,
2014/06/29,17,78,,,34,,,
2014/06/29,18,80,,,36,,,
2014/06/29,19,80,,,34,,,
2014/06/29,20,79,,,34,,,
2014/06/29,21,94,,,40,,,
2014/06/29,22,53,,,20,,,
2014/06/29,23,40,,,14,,,
2014/06/29,24,40,,,14,,,
2014/06/30,01,41,,,15,,,
2014/06/30,02,37,,,13,,,
2014/06/30,03,57,,,22,,,
2014/06/30,04,44,,,15,,,
2014/06/30,05,38,,,13,,,
2014/06/30,06,37,,,13,,,
2014/06/30,07,39,,,14,,,
2014/06/30,08,53,,,20,,,
2014/06/30,09,91,,,42,,,
2014/06/30,10,91,,,39,,,
2014/06/30,11,82,,,35,,,
2014/06/30,12,75,,,28,,,
2014/06/30,13,75,,,29,,,
2014/06/30,14,73,,,27,,,
2014/06/30,15,89,,,34,,,
2014/06/30,16,88,,,33,,,
2014/06/30,17,78,,,29,,,
2014/06/30,18,71,,,26,,,
2014/06/30,19,76,,,28,,,
2014/06/30,20,75,,,27,,,
2014/06/30,21,86,,,33,,,
2014/06/30,22,69,,,24,,,
2014/06/30,23,54,,,16,,,
2014/06/30,24,41,,,14,,,
2014/07/01,01,41,,,15,,,
2014/07/01,02,37,,,13,,,
2014/07/01,03,55,,,22,,,
2014/07/01,04,45,,,16,,,
2014/07/01,05,38,,,13,,,
2014/07/01,06,37,,,12,,,
2014/07/01,07,40,,,14,,,
2014/07/01,08,46,,,14,,,
2014/07/01,09,76,,,26,,,
2014/07/01,10,81,,,31,,,
2014/07/01,11,80,,,30,,,
2014/07/01,12,80,,,31,,,
2014/07/01,13,85,,,34,,,
2014/07/01,14,83,,,33,,,
2014/07/01,15,94,,,38,,,
2014/07/01,16,95,,,37,,,
2014/07/01,17,83,,,33,,,
2014/07/01,18,85,,,34,,,
2014/07/01,19,90,,,42,,,
2014/07/01,20,88,,,39,,,
2014/07/01,21,97,,,42,,,
2014/07/01,22,59,,,23,,,
2014/07/01,23,43,,,15,,,
2014/07/01,24,41,,,15,,,
2014/07/02,01,42,,,16,,,
2014/07/02,02,37,,,13,,,
2014/07/02,03,58,,,23,,,
2014/07/02,04,44,,,16,,,
2014/07/02,05,39,,,14,,,
2014/07/02,06,39,,,13,,,
2014/07/02,07,39,,,14,,,
2014/07/02,08,49,,,20,,,
2014/07/02,09,95,,,47,,,
2014/07/02,10,99,,,48,,,
2014/07/02,11,101,,,51,,,
2014/07/02,12,101,,,52,,,
2014/07/02,13,100,,,51,,,
2014/07/02,14,88,,,45,,,
2014/07/02,15,102,,,47,,,
2014/07/02,16,105,,,50,,,
2014/07/02,17,90,,,39,,,
2014/07/02,18,84,,,36,,,
2014/07/02,19,88,,,38,,,
2014/07/02,20,83,,,36,,,
2014/07/02,21,97,,,42,,,
2014/07/02,22,60,,,24,,,
2014/07/02,23,45,,,18,,,
2014/07/02,24,44,,,17,,,
2014/07/03,01,44,,,18,,,
2014/07/03,02,39,,,16,,,
2014/07/03,03,60,,,25,,,
2014/07/03,04,49,,,19,,,
2014/07/03,05,42,,,17,,,
2014/07/03,06,40,,,15,,,
2014/07/03,07,40,,,15,,,
2014/07/03,08,46,,,16,,,
2014/07/03,09,75,,,30,,,
2014/07/03,10,74,,,26,,,
2014/07/03,11,68,,,22,,,
2014/07/03,12,67,,,22,,,
2014/07/03,13,70,,,24,,,
2014/07/03,14,65,,,22,,,
2014/07/03,15,85,,,31,,,
2014/07/03,16,78,,,27,,,
2014/07/03,17,66,,,23,,,
2014/07/03,18,66,,,22,,,
2014/07/03,19,69,,,23,,,
2014/07/03,20,67,,,23,,,
2014/07/03,21,81,,,29,,,
2014/07/03,22,48,,,17,,,
2014/07/03,23,41,,,15,,,
2014/07/03,24,41,,,16,,,
2014/07/04,01,41,,,17,,,
2014/07/04,02,37,,,15,,,
2014/07/04,03,59,,,25,,,
2014/07/04,04,51,,,20,,,
2014/07/04,05,43,,,16,,,
2014/07/04,06,39,,,15,,,
2014/07/04,07,41,,,16,,,
2014/07/04,08,49,,,21,,,
2014/07/04,09,94,,,46,,,
2014/07/04,10,98,,,45,,,
2014/07/04,11,97,,,46,,,
2014/07/04,12,102,,,50,,,
2014/07/04,13,101,,,52,,,
2014/07/04,14,84,,,39,,,
2014/07/04,15,101,,,47,,,
2014/07/04,16,105,,,51,,,
2014/07/04,17,88,,,40,,,
2014/07/04,18,96,,,41,,,
2014/07/04,19,88,,,37,,,
2014/07/04,20,94,,,41,,,
2014/07/04,21,96,,,42,,,
2014/07/04,22,58,,,21,,,
2014/07/04,23,43,,,15,,,
2014/07/04,24,40,,,14,,,
2014/07/05,01,39,,,15,,,
2014/07/05,02,37,,,13,,,
2014/07/05,03,58,,,22,,,
2014/07/05,04,46,,,16,,,
2014/07/05,05,39,,,14,,,
2014/07/05,06,38,,,13,,,
2014/07/05,07,41,,,15,,,
2014/07/05,08,47,,,17,,,
2014/07/05,09,77,,,31,,,
2014/07/05,10,86,,,38,,,
2014/07/05,11,80,,,36,,,
2014/07/05,12,76,,,34,,,
2014/07/05,13,79,,,36,,,
2014/07/05,14,77,,,35,,,
2014/07/05,15,94,,,42,,,
2014/07/05,16,96,,,43,,,
2014/07/05,17,88,,,39,,,
2014/07/05,18,84,,,37,,,
2014/07/05,19,87,,,37,,,
2014/07/05,20,85,,,35,,,
2014/07/05,21,90,,,37,,,
2014/07/05,22,63,,,23,,,
2014/07/05,23,48,,,18,,,
2014/07/05,24,42,,,16,,,
2014/07/06,01,42,,,18,,,
2014/07/06,02,39,,,16,,,
2014/07/06,03,60,,,25,,,
2014/07/06,04,53,,,21,,,
2014/07/06,05,44,,,17,,,
2014/07/06,06,40,,,15,,,
2014/07/06,07,44,,,18,,,
2014/07/06,08,49,,,18,,,
2014/07/06,09,83,,,35,,,
2014/07/06,10,99,,,50,,,
2014/07/06,11,91,,,46,,,
2014/07/06,12,88,,,45,,,
2014/07/06,13,88,,,45,,,
2014/07/06,14,86,,,43,,,
2014/07/06,15,96,,,43,,,
2014/07/06,16,90,,,39,,,
2014/07/06,17,75,,,32,,,
2014/07/06,18,73,,,29,,,
2014/07/06,19,76,,,31,,,
2014/07/06,20,72,,,28,,,
2014/07/06,21,86,,,35,,,
2014/07/06,22,52,,,20,,,
2014/07/06,23,39,,,13,,,
2014/07/06,24,39,,,13,,,
2014/07/07,01,39,,,14,,,
2014/07/07,02,35,,,12,,,
2014/07/07,03,56,,,22,,,
2014/07/07,04,43,,,15,,,
2014/07/07,05,37,,,13,,,
2014/07/07,06,37,,,12,,,
2014/07/07,07,38,,,14,,,
2014/07/07,08,46,,,18,,,
2014/07/07,09,89,,,43,,,
2014/07/07,10,98,,,45,,,
2014/07/07,11,97,,,47,,,
2014/07/07,12,96,,,46,,,
2014/07/07,13,87,,,40,,,
2014/07/07,14,72,,,30,,,
2014/07/07,15,93,,,40,,,
2014/07/07,16,93,,,38,,,
2014/07/07,17,87,,,36,,,
2014/07/07,18,85,,,34,,,
2014/07/07,19,83,,,32,,,
2014/07/07,20,87,,,36,,,
2014/07/07,21,92,,,40,,,
2014/07/07,22,62,,,24,,,
2014/07/07,23,47,,,17,,,
2014/07/07,24,42,,,15,,,
2014/07/08,01,42,,,17,,,
2014/07/08,02,39,,,15,,,
2014/07/08,03,59,,,24,,,
2014/07/08,04,53,,,19,,,
2014/07/08,05,45,,,17,,,
2014/07/08,06,40,,,15,,,
2014/07/08,07,43,,,16,,,
2014/07/08,08,60,,,21,,,
2014/07/08,09,86,,,36,,,
2014/07/08,10,87,,,35,,,
2014/07/08,11,84,,,34,,,
2014/07/08,12,83,,,33,,,
2014/07/08,13,85,,,35,,,
2014/07/08,14,85,,,35,,,
2014/07/08,15,92,,,37,,,
2014/07/08,16,98,,,40,,,
2014/07/08,17,92,,,36,,,
2014/07/08,18,89,,,34,,,
2014/07/08,19,93,,,36,,,
2014/07/08,20,92,,,35,,,
2014/07/08,21,90,,,37,,,
2014/07/08,22,60,,,24,,,
2014/07/08,23,47,,,20,,,
2014/07/08,24,47,,,20,,,
2014/07/09,01,47,,,20,,,
2014/07/09,02,43,,,18,,,
2014/07/09,03,63,,,27,,,
2014/07/09,04,58,,,24,,,
2014/07/09,05,51,,,21,,,
2014/07/09,06,43,,,17,,,
2014/07/09,07,45,,,19,,,
2014/07/09,08,55,,,24,,,
2014/07/09,09,98,,,49,,,
2014/07/09,10,104,,,54,,,
2014/07/09,11,103,,,54,,,
2014/07/09,12,95,,,52,,,
2014/07/09,13,101,,,54,,,
2014/07/09,14,96,,,51,,,
2014/07/09,15,109,,,56,,,
2014/07/09,16,105,,,52,,,
2014/07/09,17,100,,,51,,,
2014/07/09,18,101,,,49,,,
2014/07/09,19,102,,,50,,,
2014/07/09,20,100,,,49,,,
2014/07/09,21,108,,,54,,,
2014/07/09,22,67,,,24,,,
2014/07/09,23,44,,,16,,,
2014/07/09,24,42,,,15,,,
2014/07/10,01,42,,,16,,,
2014/07/10,02,38,,,14,,,
2014/07/10,03,59,,,23,,,
2014/07/10,04,53,,,19,,,
2014/07/10,05,43,,,15,,,
2014/07/10,06,38,,,13,,,
2014/07/10,07,44,,,16,,,
2014/07/10,08,46,,,15,,,
2014/07/10,09,83,,,34,,,
2014/07/10,10,98,,,50,,,
2014/07/10,11,92,,,46,,,
2014/07/10,12,93,,,46,,,
2014/07/10,13,94,,,47,,,
2014/07/10,14,89,,,45,,,
2014/07/10,15,108,,,54,,,
2014/07/10,16,107,,,53,,,
2014/07/10,17,103,,,51,,,
2014/07/10,18,98,,,48,,,
2014/07/10,19,101,,,50,,,
2014/07/10,20,93,,,47,,,
2014/07/10,21,104,,,52,,,
2014/07/10,22,74,,,35,,,
2014/07/10,23,59,,,29,,,
2014/07/10,24,57,,,28,,,
2014/07/11,01,51,,,27,,,
2014/07/11,02,49,,,26,,,
2014/07/11,03,68,,,34,,,
2014/07/11,04,64,,,31,,,
2014/07/11,05,55,,,28,,,
2014/07/11,06,51,,,26,,,
2014/07/11,07,54,,,28,,,
2014/07/11,08,58,,,27,,,
2014/07/11,09,93,,,45,,,
2014/07/11,10,98,,,46,,,
2014/07/11,11,98,,,47,,,
2014/07/11,12,96,,,46,,,
2014/07/11,13,101,,,49,,,
2014/07/11,14,91,,,47,,,
2014/07/11,15,113,,,57,,,
2014/07/11,16,107,,,51,,,
2014/07/11,17,99,,,47,,,
2014/07/11,18,99,,,45,,,
2014/07/11,19,99,,,45,,,
2014/07/11,20,96,,,44,,,
2014/07/11,21,99,,,46,,,
2014/07/11,22,64,,,25,,,
2014/07/11,23,50,,,18,,,
2014/07/11,24,45,,,16,,,
2014/07/12,01,42,,,17,,,
2014/07/12,02,39,,,14,,,
2014/07/12,03,58,,,23,,,
2014/07/12,04,48,,,18,,,
2014/07/12,05,40,,,15,,,
2014/07/12,06,39,,,14,,,
2014/07/12,07,42,,,16,,,
2014/07/12,08,47,,,16,,,
2014/07/12,09,90,,,42,,,
2014/07/12,10,98,,,48,,,
2014/07/12,11,93,,,46,,,
2014/07/12,12,92,,,47,,,
2014/07/12,13,94,,,50,,,
2014/07/12,14,97,,,49,,,
2014/07/12,15,109,,,55,,,
2014/07/12,16,107,,,53,,,
2014/07/12,17,100,,,50,,,
2014/07/12,18,102,,,49,,,
2014/07/12,19,103,,,50,,,
2014/07/12,20,99,,,48,,,
2014/07/12,21,105,,,51,,,
2014/07/12,22,61,,,22,,,
2014/07/12,23,49,,,18,,,
2014/07/12,24,42,,,15,,,
2014/07/13,01,43,,,17,,,
2014/07/13,02,38,,,14,,,
2014/07/13,03,59,,,23,,,
2014/07/13,04,48,,,18,,,
2014/07/13,05,40,,,14,,,
2014/07/13,06,39,,,14,,,
2014/07/13,07,45,,,17,,,
2014/07/13,08,44,,,15,,,
2014/07/13,09,78,,,29,,,
2014/07/13,10,90,,,39,,,
2014/07/13,11,87,,,38,,,
2014/07/13,12,86,,,38,,,
2014/07/13,13,95,,,45,,,
2014/07/13,14,93,,,44,,,
2014/07/13,15,104,,,50,,,
2014/07/13,16,102,,,48,,,
2014/07/13,17,99,,,49,,,
2014/07/13,18,97,,,47,,,
2014/07/13,19,101,,,49,,,
2014/07/13,20,101,,,48,,,
2014/07/13,21,105,,,51,,,
2014/07/13,22,67,,,26,,,
2014/07/13,23,50,,,18,,,
2014/07/13,24,42,,,15,,,
2014/07/14,01,43,,,17,,,
2014/07/14,02,38,,,14,,,
2014/07/14,03,60,,,24,,,
2014/07/14,04,54,,,20,,,
2014/07/14,05,44,,,16,,,
2014/07/14,06,39,,,13,,,
2014/07/14,07,44,,,17,,,
2014/07/14,08,50,,,21,,,
2014/07/14,09,99,,,51,,,
2014/07/14,10,103,,,53,,,
2014/07/14,11,101,,,52,,,
2014/07/14,12,99,,,51,,,
2014/07/14,13,93,,,50,,,
2014/07/14,14,93,,,49,,,
2014/07/14,15,109,,,57,,,
2014/07/14,16,104,,,53,,,
2014/07/14,17,99,,,52,,,
2014/07/14,18,100,,,50,,,
2014/07/14,19,99,,,49,,,
2014/07/14,20,92,,,46,,,
2014/07/14,21,104,,,51,,,
2014/07/14,22,74,,,33,,,
2014/07/14,23,51,,,20,,,
2014/07/14,24,45,,,18,,,
2014/07/15,01,43,,,19,,,
2014/07/15,02,40,,,17,,,
2014/07/15,03,60,,,25,,,
2014/07/15,04,55,,,22,,,
2014/07/15,05,46,,,18,,,
2014/07/15,06,41,,,16,,,
2014/07/15,07,43,,,18,,,
2014/07/15,08,51,,,22,,,
2014/07/15,09,99,,,50,,,
2014/07/15,10,102,,,52,,,
2014/07/15,11,104,,,53,,,
2014/07/15,12,101,,,53,,,
2014/07/15,13,101,,,54,,,
2014/07/15,14,101,,,55,,,
2014/07/15,15,116,,,60,,,
2014/07/15,16,116,,,59,,,
2014/07/15,17,110,,,57,,,
2014/07/15,18,108,,,55,,,
2014/07/15,19,102,,,53,,,
2014/07/15,20,99,,,50,,,
2014/07/15,21,110,,,55,,,
2014/07/15,22,80,,,34,,,
2014/07/15,23,56,,,19,,,
2014/07/15,24,49,,,18,,,
2014/07/16,01,44,,,17,,,
2014/07/16,02,39,,,14,,,
2014/07/16,03,59,,,23,,,
2014/07/16,04,50,,,19,,,
2014/07/16,05,41,,,15,,,
2014/07/16,06,39,,,14,,,
2014/07/16,07,44,,,16,,,
2014/07/16,08,52,,,22,,,
2014/07/16,09,102,,,54,,,
2014/07/16,10,105,,,56,,,
2014/07/16,11,98,,,52,,,
2014/07/16,12,100,,,55,,,
2014/07/16,13,102,,,56,,,
2014/07/16,14,102,,,55,,,
2014/07/16,15,116,,,59,,,
2014/07/16,16,106,,,48,,,
2014/07/16,17,108,,,56,,,
2014/07/16,18,97,,,51,,,
2014/07/16,19,103,,,53,,,
2014/07/16,20,99,,,51,,,
2014/07/16,21,111,,,56,,,
2014/07/16,22,79,,,36,,,
2014/07/16,23,54,,,18,,,
2014/07/16,24,44,,,16,,,
2014/07/17,01,45,,,18,,,
2014/07/17,02,40,,,15,,,
2014/07/17,03,61,,,24,,,
2014/07/17,04,57,,,21,,,
2014/07/17,05,49,,,18,,,
2014/07/17,06,41,,,15,,,
2014/07/17,07,47,,,18,,,
2014/07/17,08,48,,,19,,,
2014/07/17,09,101,,,53,,,
2014/07/17,10,107,,,56,,,
2014/07/17,11,105,,,55,,,
2014/07/17,12,108,,,56,,,
2014/07/17,13,104,,,56,,,
2014/07/17,14,102,,,55,,,
2014/07/17,15,112,,,56,,,
2014/07/17,16,109,,,51,,,
2014/07/17,17,106,,,52,,,
2014/07/17,18,98,,,46,,,
2014/07/17,19,101,,,48,,,
2014/07/17,20,98,,,42,,,
2014/07/17,21,109,,,55,,,
2014/07/17,22,72,,,30,,,
2014/07/17,23,54,,,20,,,
2014/07/17,24,53,,,20,,,
2014/07/18,01,46,,,18,,,
2014/07/18,02,40,,,15,,,
2014/07/18,03,60,,,24,,,
2014/07/18,04,57,,,22,,,
2014/07/18,05,50,,,19,,,
2014/07/18,06,41,,,15,,,
2014/07/18,07,43,,,17,,,
2014/07/18,08,53,,,21,,,
2014/07/18,09,101,,,53,,,
2014/07/18,10,105,,,55,,,
2014/07/18,11,103,,,52,,,
2014/07/18,12,102,,,54,,,
2014/07/18,13,101,,,55,,,
2014/07/18,14,98,,,54,,,
2014/07/18,15,111,,,57,,,
2014/07/18,16,109,,,53,,,
2014/07/18,17,106,,,52,,,
2014/07/18,18,101,,,49,,,
2014/07/18,19,100,,,48,,,
2014/07/18,20,95,,,46,,,
2014/07/18,21,106,,,52,,,
2014/07/18,22,71,,,29,,,
2014/07/18,23,45,,,17,,,
2014/07/18,24,44,,,17,,,
2014/07/19,01,44,,,17,,,
2014/07/19,02,38,,,14,,,
2014/07/19,03,59,,,24,,,
2014/07/19,04,57,,,22,,,
2014/07/19,05,45,,,17,,,
2014/07/19,06,40,,,14,,,
2014/07/19,07,46,,,18,,,
2014/07/19,08,51,,,19,,,
2014/07/19,09,91,,,42,,,
2014/07/19,10,100,,,46,,,
2014/07/19,11,102,,,46,,,
2014/07/19,12,99,,,45,,,
2014/07/19,13,100,,,47,,,
2014/07/19,14,95,,,45,,,
2014/07/19,15,103,,,49,,,
2014/07/19,16,96,,,43,,,
2014/07/19,17,86,,,38,,,
2014/07/19,18,78,,,35,,,
2014/07/19,19,81,,,36,,,
2014/07/19,20,80,,,35,,,
2014/07/19,21,88,,,36,,,
2014/07/19,22,66,,,25,,,
2014/07/19,23,47,,,17,,,
2014/07/19,24,41,,,14,,,
2014/07/20,01,41,,,15,,,
2014/07/20,02,36,,,13,,,
2014/07/20,03,57,,,22,,,
2014/07/20,04,52,,,19,,,
2014/07/20,05,42,,,15,,,
2014/07/20,06,37,,,13,,,
2014/07/20,07,40,,,15,,,
2014/07/20,08,49,,,20,,,
2014/07/20,09,95,,,47,,,
2014/07/20,10,99,,,49,,,
2014/07/20,11,100,,,51,,,
2014/07/20,12,101,,,53,,,
2014/07/20,13,100,,,54,,,
2014/07/20,14,98,,,52,,,
2014/07/20,15,106,,,54,,,
2014/07/20,16,99,,,45,,,
2014/07/20,17,94,,,44,,,
2014/07/20,18,90,,,41,,,
2014/07/20,19,91,,,41,,,
2014/07/20,20,90,,,40,,,
2014/07/20,21,95,,,44,,,
2014/07/20,22,62,,,22,,,
2014/07/20,23,45,,,16,,,
2014/07/20,24,40,,,14,,,
2014/07/21,01,40,,,15,,,
2014/07/21,02,37,,,13,,,
2014/07/21,03,58,,,23,,,
2014/07/21,04,53,,,18,,,
2014/07/21,05,41,,,14,,,
2014/07/21,06,37,,,13,,,
2014/07/21,07,41,,,15,,,
2014/07/21,08,48,,,19,,,
2014/07/21,09,96,,,47,,,
2014/07/21,10,100,,,50,,,
2014/07/21,11,97,,,50,,,
2014/07/21,12,94,,,48,,,
2014/07/21,13,100,,,52,,,
2014/07/21,14,98,,,52,,,
2014/07/21,15,113,,,58,,,
2014/07/21,16,108,,,52,,,
2014/07/21,17,105,,,52,,,
2014/07/21,18,103,,,53,,,
2014/07/21,19,101,,,51,,,
2014/07/21,20,97,,,49,,,
2014/07/21,21,109,,,54,,,
2014/07/21,22,68,,,28,,,
2014/07/21,23,48,,,18,,,
2014/07/21,24,43,,,16,,,
2014/07/22,01,44,,,17,,,
2014/07/22,02,38,,,14,,,
2014/07/22,03,58,,,23,,,
2014/07/22,04,50,,,19,,,
2014/07/22,05,40,,,15,,,
2014/07/22,06,39,,,14,,,
2014/07/22,07,45,,,17,,,
2014/07/22,08,47,,,19,,,
2014/07/22,09,94,,,46,,,
2014/07/22,10,102,,,51,,,
2014/07/22,11,99,,,50,,,
2014/07/22,12,96,,,49,,,
2014/07/22,13,98,,,52,,,
2014/07/22,14,102,,,55,,,
2014/07/22,15,113,,,58,,,
2014/07/22,16,110,,,53,,,
2014/07/22,17,102,,,49,,,
2014/07/22,18,101,,,47,,,
2014/07/22,19,101,,,47,,,
2014/07/22,20,97,,,45,,,
2014/07/22,21,103,,,48,,,
2014/07/22,22,67,,,27,,,
2014/07/22,23,53,,,19,,,
2014/07/22,24,51,,,19,,,
2014/07/23,01,45,,,18,,,
2014/07/23,02,40,,,15,,,
2014/07/23,03,60,,,24,,,
2014/07/23,04,56,,,21,,,
2014/07/23,05,50,,,18,,,
2014/07/23,06,42,,,15,,,
2014/07/23,07,46,,,18,,,
2014/07/23,08,53,,,21,,,
2014/07/23,09,103,,,54,,,
2014/07/23,10,105,,,55,,,
2014/07/23,11,106,,,56,,,
2014/07/23,12,101,,,54,,,
2014/07/23,13,101,,,56,,,
2014/07/23,14,97,,,53,,,
2014/07/23,15,117,,,61,,,
2014/07/23,16,118,,,61,,,
2014/07/23,17,112,,,58,,,
2014/07/23,18,100,,,52,,,
2014/07/23,19,99,,,52,,,
2014/07/23,20,100,,,51,,,
2014/07/23,21,109,,,55,,,
2014/07/23,22,78,,,36,,,
2014/07/23,23,57,,,23,,,
2014/07/23,24,56,,,23,,,
2014/07/24,01,56,,,24,,,
2014/07/24,02,49,,,20,,,
2014/07/24,03,64,,,27,,,
2014/07/24,04,61,,,25,,,
2014/07/24,05,54,,,22,,,
2014/07/24,06,46,,,19,,,
2014/07/24,07,52,,,22,,,
2014/07/24,08,56,,,26,,,
2014/07/24,09,105,,,54,,,
2014/07/24,10,111,,,58,,,
2014/07/24,11,108,,,56,,,
2014/07/24,12,101,,,54,,,
2014/07/24,13,104,,,56,,,
2014/07/24,14,103,,,56,,,
2014/07/24,15,120,,,62,,,
2014/07/24,16,123,,,62,,,
2014/07/24,17,115,,,59,,,
2014/07/24,18,110,,,57,,,
2014/07/24,19,105,,,54,,,
2014/07/24,20,100,,,52,,,
2014/07/24,21,112,,,57,,,
2014/07/24,22,103,,,54,,,
2014/07/24,23,66,,,30,,,
2014/07/24,24,55,,,20,,,
2014/07/25,01,54,,,21,,,
2014/07/25,02,41,,,16,,,
2014/07/25,03,62,,,24,,,
2014/07/25,04,58,,,22,,,
2014/07/25,05,52,,,19,,,
2014/07/25,06,45,,,16,,,
2014/07/25,07,48,,,18,,,
2014/07/25,08,56,,,23,,,
2014/07/25,09,106,,,56,,,
2014/07/25,10,111,,,57,,,
2014/07/25,11,106,,,52,,,
2014/07/25,12,106,,,51,,,
2014/07/25,13,105,,,52,,,
2014/07/25,14,96,,,51,,,
2014/07/25,15,115,,,59,,,
2014/07/25,16,119,,,59,,,
2014/07/25,17,114,,,56,,,
2014/07/25,18,110,,,53,,,
2014/07/25,19,104,,,50,,,
2014/07/25,20,103,,,50,,,
2014/07/25,21,109,,,52,,,
2014/07/25,22,77,,,31,,,
2014/07/25,23,58,,,22,,,
2014/07/25,24,55,,,21,,,
2014/07/26,01,55,,,22,,,
2014/07/26,02,46,,,18,,,
2014/07/26,03,62,,,25,,,
2014/07/26,04,59,,,23,,,
2014/07/26,05,53,,,20,,,
2014/07/26,06,43,,,16,,,
2014/07/26,07,44,,,17,,,
2014/07/26,08,58,,,26,,,
2014/07/26,09,105,,,55,,,
2014/07/26,10,108,,,52,,,
2014/07/26,11,116,,,61,,,
2014/07/26,12,111,,,59,,,
2014/07/26,13,111,,,60,,,
2014/07/26,14,108,,,59,,,
2014/07/26,15,126,,,66,,,
2014/07/26,16,128,,,67,,,
2014/07/26,17,119,,,62,,,
2014/07/26,18,113,,,58,,,
2014/07/26,19,105,,,55,,,
2014/07/26,20,100,,,52,,,
2014/07/26,21,115,,,58,,,
2014/07/26,22,106,,,55,,,
2014/07/26,23,99,,,53,,,
2014/07/26,24,96,,,52,,,
2014/07/27,01,94,,,53,,,
2014/07/27,02,89,,,49,,,
2014/07/27,03,96,,,55,,,
2014/07/27,04,62,,,25,,,
2014/07/27,05,52,,,20,,,
2014/07/27,06,44,,,16,,,
2014/07/27,07,51,,,20,,,
2014/07/27,08,46,,,18,,,
2014/07/27,09,93,,,48,,,
2014/07/27,10,102,,,55,,,
2014/07/27,11,89,,,49,,,
2014/07/27,12,86,,,46,,,
2014/07/27,13,84,,,47,,,
2014/07/27,14,78,,,42,,,
2014/07/27,15,101,,,54,,,
2014/07/27,16,102,,,53,,,
2014/07/27,17,96,,,50,,,
2014/07/27,18,94,,,49,,,
2014/07/27,19,92,,,48,,,
2014/07/27,20,90,,,45,,,
2014/07/27,21,93,,,48,,,
2014/07/27,22,62,,,27,,,
2014/07/27,23,48,,,17,,,
2014/07/27,24,42,,,15,,,
2014/07/28,01,40,,,15,,,
2014/07/28,02,37,,,13,,,
2014/07/28,03,57,,,22,,,
2014/07/28,04,51,,,18,,,
2014/07/28,05,43,,,15,,,
2014/07/28,06,37,,,12,,,
2014/07/28,07,41,,,15,,,
2014/07/28,08,47,,,20,,,
2014/07/28,09,87,,,47,,,
2014/07/28,10,91,,,47,,,
2014/07/28,11,93,,,49,,,
2014/07/28,12,92,,,51,,,
2014/07/28,13,98,,,55,,,
2014/07/28,14,98,,,55,,,
2014/07/28,15,102,,,58,,,
2014/07/28,16,102,,,56,,,
2014/07/28,17,94,,,53,,,
2014/07/28,18,98,,,54,,,
2014/07/28,19,94,,,52,,,
2014/07/28,20,94,,,50,,,
2014/07/28,21,96,,,51,,,
2014/07/28,22,60,,,28,,,
2014/07/28,23,48,,,20,,,
2014/07/28,24,42,,,17,,,
2014/07/29,01,42,,,19,,,
2014/07/29,02,38,,,16,,,
2014/07/29,03,57,,,25,,,
2014/07/29,04,54,,,22,,,
2014/07/29,05,43,,,17,,,
2014/07/29,06,39,,,16,,,
2014/07/29,07,43,,,18,,,
2014/07/29,08,59,,,29,,,
2014/07/29,09,96,,,50,,,
2014/07/29,10,100,,,54,,,
2014/07/29,11,97,,,53,,,
2014/07/29,12,92,,,51,,,
2014/07/29,13,93,,,52,,,
2014/07/29,14,95,,,51,,,
2014/07/29,15,108,,,59,,,
2014/07/29,16,107,,,58,,,
2014/07/29,17,96,,,53,,,
2014/07/29,18,95,,,51,,,
2014/07/29,19,97,,,52,,,
2014/07/29,20,93,,,50,,,
2014/07/29,21,102,,,54,,,
2014/07/29,22,71,,,34,,,
2014/07/29,23,45,,,16,,,
2014/07/29,24,44,,,16,,,
2014/07/30,01,46,,,17,,,
2014/07/30,02,41,,,15,,,
2014/07/30,03,60,,,23,,,
2014/07/30,04,51,,,19,,,
2014/07/30,05,44,,,15,,,
2014/07/30,06,41,,,14,,,
2014/07/30,07,46,,,17,,,
2014/07/30,08,53,,,22,,,
2014/07/30,09,100,,,54,,,
2014/07/30,10,101,,,56,,,
2014/07/30,11,100,,,57,,,
2014/07/30,12,96,,,55,,,
2014/07/30,13,97,,,56,,,
2014/07/30,14,95,,,56,,,
2014/07/30,15,111,,,60,,,
2014/07/30,16,110,,,59,,,
2014/07/30,17,102,,,54,,,
2014/07/30,18,99,,,51,,,
2014/07/30,19,102,,,54,,,
2014/07/30,20,98,,,52,,,
2014/07/30,21,105,,,56,,,
2014/07/30,22,72,,,33,,,
2014/07/30,23,54,,,19,,,
2014/07/30,24,49,,,17,,,
2014/07/31,01,45,,,17,,,
2014/07/31,02,40,,,14,,,
2014/07/31,03,62,,,24,,,
2014/07/31,04,55,,,20,,,
2014/07/31,05,50,,,18,,,
2014/07/31,06,40,,,14,,,
2014/07/31,07,46,,,17,,,
2014/07/31,08,49,,,20,,,
2014/07/31,09,99,,,53,,,
2014/07/31,10,102,,,56,,,
2014/07/31,11,98,,,54,,,
2014/07/31,12,93,,,54,,,
2014/07/31,13,96,,,56,,,
2014/07/31,14,97,,,56,,,
2014/07/31,15,115,,,62,,,
2014/07/31,16,115,,,62,,,
2014/07/31,17,108,,,58,,,
2014/07/31,18,104,,,57,,,
2014/07/31,19,103,,,55,,,
2014/07/31,20,99,,,52,,,
2014/07/31,21,107,,,57,,,
2014/07/31,22,87,,,44,,,
2014/07/31,23,61,,,25,,,
2014/07/31,24,55,,,20,,,
2014/08/01,01,56,,,21,,,
2014/08/01,02,43,,,16,,,
2014/08/01,03,63,,,24,,,
2014/08/01,04,53,,,20,,,
2014/08/01,05,44,,,16,,,
2014/08/01,06,42,,,15,,,
2014/08/01,07,49,,,18,,,
2014/08/01,08,63,,,32,,,
2014/08/01,09,100,,,55,,,
2014/08/01,10,102,,,57,,,
2014/08/01,11,93,,,53,,,
2014/08/01,12,99,,,55,,,
2014/08/01,13,98,,,56,,,
2014/08/01,14,92,,,53,,,
2014/08/01,15,110,,,60,,,
2014/08/01,16,111,,,61,,,
2014/08/01,17,105,,,56,,,
2014/08/01,18,99,,,53,,,
2014/08/01,19,103,,,56,,,
2014/08/01,20,101,,,53,,,
2014/08/01,21,104,,,55,,,
2014/08/01,22,70,,,29,,,
2014/08/01,23,57,,,23,,,
2014/08/01,24,56,,,22,,,
2014/08/02,01,57,,,24,,,
2014/08/02,02,43,,,18,,,
2014/08/02,03,66,,,27,,,
2014/08/02,04,60,,,24,,,
2014/08/02,05,52,,,20,,,
2014/08/02,06,44,,,17,,,
2014/08/02,07,50,,,20,,,
2014/08/02,08,57,,,27,,,
2014/08/02,09,94,,,50,,,
2014/08/02,10,101,,,56,,,
2014/08/02,11,94,,,51,,,
2014/08/02,12,92,,,49,,,
2014/08/02,13,90,,,50,,,
2014/08/02,14,83,,,47,,,
2014/08/02,15,101,,,54,,,
2014/08/02,16,100,,,53,,,
2014/08/02,17,91,,,48,,,
2014/08/02,18,88,,,47,,,
2014/08/02,19,89,,,47,,,
2014/08/02,20,82,,,43,,,
2014/08/02,21,97,,,51,,,
2014/08/02,22,63,,,26,,,
2014/08/02,23,50,,,17,,,
2014/08/02,24,42,,,15,,,
2014/08/03,01,43,,,16,,,
2014/08/03,02,38,,,14,,,
2014/08/03,03,60,,,23,,,
2014/08/03,04,53,,,19,,,
2014/08/03,05,45,,,15,,,
2014/08/03,06,39,,,14,,,
2014/08/03,07,44,,,16,,,
2014/08/03,08,50,,,21,,,
2014/08/03,09,92,,,49,,,
2014/08/03,10,99,,,53,,,
2014/08/03,11,96,,,53,,,
2014/08/03,12,99,,,53,,,
2014/08/03,13,100,,,55,,,
2014/08/03,14,97,,,54,,,
2014/08/03,15,104,,,57,,,
2014/08/03,16,104,,,55,,,
2014/08/03,17,98,,,52,,,
2014/08/03,18,93,,,49,,,
2014/08/03,19,93,,,48,,,
2014/08/03,20,89,,,47,,,
2014/08/03,21,96,,,50,,,
2014/08/03,22,66,,,30,,,
2014/08/03,23,49,,,19,,,
2014/08/03,24,43,,,17,,,
2014/08/04,01,46,,,19,,,
2014/08/04,02,41,,,16,,,
2014/08/04,03,62,,,26,,,
2014/08/04,04,50,,,20,,,
2014/08/04,05,43,,,17,,,
2014/08/04,06,42,,,16,,,
2014/08/04,07,46,,,19,,,
2014/08/04,08,48,,,20,,,
2014/08/04,09,90,,,46,,,
2014/08/04,10,96,,,51,,,
2014/08/04,11,95,,,51,,,
2014/08/04,12,84,,,46,,,
2014/08/04,13,91,,,50,,,
2014/08/04,14,83,,,47,,,
2014/08/04,15,102,,,55,,,
2014/08/04,16,103,,,54,,,
2014/08/04,17,100,,,52,,,
2014/08/04,18,96,,,50,,,
2014/08/04,19,98,,,52,,,
2014/08/04,20,98,,,50,,,
2014/08/04,21,101,,,52,,,
2014/08/04,22,66,,,31,,,
2014/08/04,23,45,,,16,,,
2014/08/04,24,45,,,16,,,
2014/08/05,01,46,,,17,,,
2014/08/05,02,41,,,15,,,
2014/08/05,03,60,,,24,,,
2014/08/05,04,56,,,20,,,
2014/08/05,05,51,,,18,,,
2014/08/05,06,41,,,15,,,
2014/08/05,07,48,,,18,,,
2014/08/05,08,68,,,32,,,
2014/08/05,09,104,,,58,,,
2014/08/05,10,105,,,57,,,
2014/08/05,11,104,,,58,,,
2014/08/05,12,95,,,54,,,
2014/08/05,13,99,,,57,,,
2014/08/05,14,97,,,55,,,
2014/08/05,15,111,,,60,,,
2014/08/05,16,110,,,59,,,
2014/08/05,17,103,,,55,,,
2014/08/05,18,99,,,53,,,
2014/08/05,19,101,,,54,,,
2014/08/05,20,99,,,54,,,
2014/08/05,21,105,,,57,,,
2014/08/05,22,73,,,31,,,
2014/08/05,23,54,,,20,,,
2014/08/05,24,52,,,19,,,
2014/08/06,01,48,,,19,,,
2014/08/06,02,42,,,15,,,
2014/08/06,03,63,,,24,,,
2014/08/06,04,52,,,19,,,
2014/08/06,05,46,,,17,,,
2014/08/06,06,42,,,15,,,
2014/08/06,07,49,,,19,,,
2014/08/06,08,53,,,22,,,
2014/08/06,09,97,,,52,,,
2014/08/06,10,99,,,54,,,
2014/08/06,11,96,,,55,,,
2014/08/06,12,101,,,56,,,
2014/08/06,13,98,,,55,,,
2014/08/06,14,92,,,53,,,
2014/08/06,15,109,,,60,,,
2014/08/06,16,111,,,60,,,
2014/08/06,17,105,,,57,,,
2014/08/06,18,99,,,53,,,
2014/08/06,19,101,,,54,,,
2014/08/06,20,98,,,51,,,
2014/08/06,21,106,,,56,,,
2014/08/06,22,75,,,34,,,
2014/08/06,23,57,,,23,,,
2014/08/06,24,56,,,22,,,
2014/08/07,01,50,,,21,,,
2014/08/07,02,45,,,19,,,
2014/08/07,03,65,,,27,,,
2014/08/07,04,61,,,24,,,
2014/08/07,05,55,,,22,,,
2014/08/07,06,44,,,17,,,
2014/08/07,07,51,,,21,,,
2014/08/07,08,58,,,24,,,
2014/08/07,09,88,,,41,,,
2014/08/07,10,89,,,41,,,
2014/08/07,11,91,,,40,,,
2014/08/07,12,89,,,40,,,
2014/08/07,13,89,,,42,,,
2014/08/07,14,92,,,42,,,
2014/08/07,15,94,,,44,,,
2014/08/07,16,114,,,62,,,
2014/08/07,17,106,,,58,,,
2014/08/07,18,97,,,54,,,
2014/08/07,19,102,,,55,,,
2014/08/07,20,101,,,54,,,
2014/08/07,21,104,,,55,,,
2014/08/07,22,74,,,35,,,
2014/08/07,23,56,,,23,,,
2014/08/07,24,54,,,22,,,
2014/08/08,01,49,,,21,,,
2014/08/08,02,44,,,18,,,
2014/08/08,03,63,,,27,,,
2014/08/08,04,60,,,24,,,
2014/08/08,05,53,,,21,,,
2014/08/08,06,43,,,17,,,
2014/08/08,07,50,,,20,,,
2014/08/08,08,54,,,24,,,
2014/08/08,09,90,,,45,,,
2014/08/08,10,96,,,47,,,
2014/08/08,11,99,,,48,,,
2014/08/08,12,95,,,47,,,
2014/08/08,13,94,,,47,,,
2014/08/08,14,93,,,45,,,
2014/08/08,15,97,,,48,,,
2014/08/08,16,96,,,46,,,
2014/08/08,17,85,,,40,,,
2014/08/08,18,77,,,37,,,
2014/08/08,19,82,,,38,,,
2014/08/08,20,76,,,35,,,
2014/08/08,21,86,,,41,,,
2014/08/08,22,61,,,26,,,
2014/08/08,23,46,,,17,,,
2014/08/08,24,42,,,16,,,
2014/08/09,01,43,,,17,,,
2014/08/09,02,38,,,15,,,
2014/08/09,03,59,,,25,,,
2014/08/09,04,52,,,20,,,
2014/08/09,05,44,,,17,,,
2014/08/09,06,40,,,15,,,
2014/08/09,07,41,,,17,,,
2014/08/09,08,42,,,16,,,
2014/08/09,09,73,,,30,,,
2014/08/09,10,82,,,38,,,
2014/08/09,11,77,,,36,,,
2014/08/09,12,70,,,33,,,
2014/08/09,13,67,,,29,,,
2014/08/09,14,53,,,16,,,
2014/08/09,15,74,,,26,,,
2014/08/09,16,72,,,24,,,
2014/08/09,17,63,,,20,,,
2014/08/09,18,63,,,20,,,
2014/08/09,19,63,,,20,,,
2014/08/09,20,64,,,25,,,
2014/08/09,21,90,,,43,,,
2014/08/09,22,58,,,22,,,
2014/08/09,23,50,,,19,,,
2014/08/09,24,43,,,17,,,
2014/08/10,01,46,,,18,,,
2014/08/10,02,40,,,15,,,
2014/08/10,03,62,,,26,,,
2014/08/10,04,55,,,21,,,
2014/08/10,05,45,,,17,,,
2014/08/10,06,42,,,16,,,
2014/08/10,07,46,,,18,,,
2014/08/10,08,44,,,17,,,
2014/08/10,09,73,,,29,,,
2014/08/10,10,84,,,39,,,
2014/08/10,11,75,,,35,,,
2014/08/10,12,73,,,35,,,
2014/08/10,13,76,,,37,,,
2014/08/10,14,74,,,36,,,
2014/08/10,15,92,,,44,,,
2014/08/10,16,94,,,45,,,
2014/08/10,17,86,,,41,,,
2014/08/10,18,83,,,39,,,
2014/08/10,19,81,,,40,,,
2014/08/10,20,78,,,38,,,
2014/08/10,21,92,,,45,,,
2014/08/10,22,66,,,29,,,
2014/08/10,23,54,,,21,,,
2014/08/10,24,45,,,18,,,
2014/08/11,01,45,,,19,,,
2014/08/11,02,42,,,17,,,
2014/08/11,03,63,,,26,,,
2014/08/11,04,57,,,23,,,
2014/08/11,05,48,,,19,,,
2014/08/11,06,41,,,16,,,
2014/08/11,07,44,,,18,,,
2014/08/11,08,56,,,26,,,
2014/08/11,09,89,,,44,,,
2014/08/11,10,90,,,43,,,
2014/08/11,11,90,,,44,,,
2014/08/11,12,85,,,42,,,
2014/08/11,13,95,,,46,,,
2014/08/11,14,87,,,43,,,
2014/08/11,15,97,,,48,,,
2014/08/11,16,98,,,47,,,
2014/08/11,17,86,,,43,,,
2014/08/11,18,80,,,39,,,
2014/08/11,19,82,,,40,,,
2014/08/11,20,78,,,39,,,
2014/08/11,21,92,,,45,,,
2014/08/11,22,73,,,35,,,
2014/08/11,23,52,,,21,,,
2014/08/11,24,48,,,19,,,
2014/08/12,01,46,,,19,,,
2014/08/12,02,41,,,16,,,
2014/08/12,03,61,,,26,,,
2014/08/12,04,54,,,21,,,
2014/08/12,05,47,,,18,,,
2014/08/12,06,41,,,16,,,
2014/08/12,07,43,,,17,,,
2014/08/12,08,44,,,16,,,
2014/08/12,09,82,,,39,,,
2014/08/12,10,86,,,41,,,
2014/08/12,11,84,,,40,,,
2014/08/12,12,84,,,41,,,
2014/08/12,13,85,,,42,,,
2014/08/12,14,82,,,40,,,
2014/08/12,15,91,,,45,,,
2014/08/12,16,95,,,46,,,
2014/08/12,17,92,,,44,,,
2014/08/12,18,91,,,43,,,
2014/08/12,19,85,,,41,,,
2014/08/12,20,84,,,40,,,
2014/08/12,21,92,,,44,,,
2014/08/12,22,69,,,31,,,
2014/08/12,23,51,,,20,,,
2014/08/12,24,44,,,18,,,
2014/08/13,01,46,,,19,,,
2014/08/13,02,41,,,16,,,
2014/08/13,03,61,,,26,,,
2014/08/13,04,56,,,22,,,
2014/08/13,05,48,,,18,,,
2014/08/13,06,41,,,16,,,
2014/08/13,07,43,,,18,,,
2014/08/13,08,51,,,22,,,
2014/08/13,09,86,,,43,,,
2014/08/13,10,92,,,45,,,
2014/08/13,11,91,,,46,,,
2014/08/13,12,88,,,43,,,
2014/08/13,13,90,,,44,,,
2014/08/13,14,90,,,43,,,
2014/08/13,15,96,,,46,,,
2014/08/13,16,97,,,46,,,
2014/08/13,17,92,,,43,,,
2014/08/13,18,83,,,39,,,
2014/08/13,19,90,,,42,,,
2014/08/13,20,83,,,38,,,
2014/08/13,21,91,,,43,,,
2014/08/13,22,64,,,26,,,
2014/08/13,23,53,,,19,,,
2014/08/13,24,45,,,16,,,
2014/08/14,01,46,,,18,,,
2014/08/14,02,41,,,15,,,
2014/08/14,03,60,,,24,,,
2014/08/14,04,50,,,19,,,
2014/08/14,05,43,,,15,,,
2014/08/14,06,40,,,14,,,
2014/08/14,07,43,,,16,,,
2014/08/14,08,66,,,33,,,
2014/08/14,09,90,,,44,,,
2014/08/14,10,93,,,46,,,
2014/08/14,11,90,,,43,,,
2014/08/14,12,83,,,41,,,
2014/08/14,13,92,,,46,,,
2014/08/14,14,89,,,45,,,
2014/08/14,15,101,,,51,,,
2014/08/14,16,104,,,53,,,
2014/08/14,17,101,,,51,,,
2014/08/14,18,92,,,47,,,
2014/08/14,19,102,,,50,,,
2014/08/14,20,89,,,44,,,
2014/08/14,21,94,,,46,,,
2014/08/14,22,68,,,32,,,
2014/08/14,23,46,,,17,,,
2014/08/14,24,45,,,16,,,
2014/08/15,01,47,,,18,,,
2014/08/15,02,41,,,15,,,
2014/08/15,03,60,,,24,,,
2014/08/15,04,50,,,19,,,
2014/08/15,05,44,,,16,,,
2014/08/15,06,42,,,15,,,
2014/08/15,07,48,,,18,,,
2014/08/15,08,51,,,20,,,
2014/08/15,09,91,,,45,,,
2014/08/15,10,100,,,50,,,
2014/08/15,11,100,,,49,,,
2014/08/15,12,95,,,49,,,
2014/08/15,13,93,,,48,,,
2014/08/15,14,75,,,36,,,
2014/08/15,15,94,,,44,,,
2014/08/15,16,103,,,51,,,
2014/08/15,17,98,,,48,,,
2014/08/15,18,92,,,45,,,
2014/08/15,19,88,,,43,,,
2014/08/15,20,85,,,41,,,
2014/08/15,21,84,,,36,,,
2014/08/15,22,57,,,24,,,
2014/08/15,23,45,,,16,,,
2014/08/15,24,45,,,16,,,
2014/08/16,01,48,,,19,,,
2014/08/16,02,42,,,16,,,
2014/08/16,03,62,,,24,,,
2014/08/16,04,59,,,22,,,
2014/08/16,05,52,,,19,,,
2014/08/16,06,43,,,16,,,
2014/08/16,07,49,,,19,,,
2014/08/16,08,59,,,29,,,
2014/08/16,09,95,,,49,,,
2014/08/16,10,99,,,51,,,
2014/08/16,11,96,,,47,,,
2014/08/16,12,87,,,42,,,
2014/08/16,13,83,,,41,,,
2014/08/16,14,76,,,38,,,
2014/08/16,15,92,,,45,,,
2014/08/16,16,92,,,44,,,
2014/08/16,17,90,,,43,,,
2014/08/16,18,85,,,41,,,
2014/08/16,19,86,,,42,,,
2014/08/16,20,84,,,41,,,
2014/08/16,21,91,,,45,,,
2014/08/16,22,67,,,31,,,
2014/08/16,23,52,,,21,,,
2014/08/16,24,47,,,19,,,
2014/08/17,01,47,,,20,,,
2014/08/17,02,40,,,17,,,
2014/08/17,03,61,,,26,,,
2014/08/17,04,52,,,21,,,
2014/08/17,05,44,,,18,,,
2014/08/17,06,43,,,17,,,
2014/08/17,07,47,,,20,,,
2014/08/17,08,61,,,30,,,
2014/08/17,09,90,,,45,,,
2014/08/17,10,92,,,45,,,
2014/08/17,11,92,,,45,,,
2014/08/17,12,85,,,43,,,
2014/08/17,13,98,,,49,,,
2014/08/17,14,92,,,46,,,
2014/08/17,15,100,,,51,,,
2014/08/17,16,103,,,51,,,
2014/08/17,17,92,,,46,,,
2014/08/17,18,88,,,44,,,
2014/08/17,19,81,,,41,,,
2014/08/17,20,83,,,41,,,
2014/08/17,21,94,,,46,,,
2014/08/17,22,62,,,27,,,
2014/08/17,23,46,,,17,,,
2014/08/17,24,45,,,16,,,
2014/08/18,01,46,,,18,,,
2014/08/18,02,39,,,14,,,
2014/08/18,03,62,,,24,,,
2014/08/18,04,56,,,20,,,
2014/08/18,05,50,,,18,,,
2014/08/18,06,40,,,14,,,
2014/08/18,07,42,,,16,,,
2014/08/18,08,58,,,27,,,
2014/08/18,09,91,,,46,,,
2014/08/18,10,94,,,47,,,
2014/08/18,11,90,,,45,,,
2014/08/18,12,90,,,45,,,
2014/08/18,13,91,,,47,,,
2014/08/18,14,87,,,45,,,
2014/08/18,15,101,,,51,,,
2014/08/18,16,104,,,52,,,
2014/08/18,17,98,,,49,,,
2014/08/18,18,91,,,44,,,
2014/08/18,19,99,,,48,,,
2014/08/18,20,88,,,43,,,
2014/08/18,21,95,,,46,,,
2014/08/18,22,66,,,29,,,
2014/08/18,23,45,,,18,,,
2014/08/18,24,46,,,19,,,
2014/08/19,01,48,,,20,,,
2014/08/19,02,42,,,17,,,
2014/08/19,03,63,,,27,,,
2014/08/19,04,57,,,23,,,
2014/08/19,05,54,,,21,,,
2014/08/19,06,45,,,18,,,
2014/08/19,07,47,,,20,,,
2014/08/19,08,48,,,19,,,
2014/08/19,09,87,,,42,,,
2014/08/19,10,96,,,47,,,
2014/08/19,11,97,,,47,,,
2014/08/19,12,96,,,47,,,
2014/08/19,13,100,,,50,,,
2014/08/19,14,91,,,46,,,
2014/08/19,15,103,,,52,,,
2014/08/19,16,104,,,51,,,
2014/08/19,17,97,,,48,,,
2014/08/19,18,96,,,47,,,
2014/08/19,19,94,,,47,,,
2014/08/19,20,81,,,41,,,
2014/08/19,21,97,,,47,,,
2014/08/19,22,68,,,30,,,
2014/08/19,23,47,,,17,,,
2014/08/19,24,47,,,17,,,
2014/08/20,01,47,,,18,,,
2014/08/20,02,42,,,15,,,
2014/08/20,03,62,,,24,,,
2014/08/20,04,50,,,19,,,
2014/08/20,05,46,,,16,,,
2014/08/20,06,42,,,15,,,
2014/08/20,07,47,,,18,,,
2014/08/20,08,51,,,21,,,
2014/08/20,09,92,,,47,,,
2014/08/20,10,99,,,48,,,
2014/08/20,11,103,,,50,,,
2014/08/20,12,98,,,47,,,
2014/08/20,13,101,,,50,,,
2014/08/20,14,93,,,47,,,
2014/08/20,15,104,,,52,,,
2014/08/20,16,103,,,51,,,
2014/08/20,17,96,,,48,,,
2014/08/20,18,93,,,45,,,
2014/08/20,19,88,,,43,,,
2014/08/20,20,82,,,39,,,
2014/08/20,21,97,,,47,,,
2014/08/20,22,72,,,30,,,
2014/08/20,23,58,,,23,,,
2014/08/20,24,56,,,22,,,
2014/08/21,01,56,,,23,,,
2014/08/21,02,44,,,18,,,
2014/08/21,03,65,,,28,,,
2014/08/21,04,60,,,25,,,
2014/08/21,05,55,,,22,,,
2014/08/21,06,49,,,20,,,
2014/08/21,07,54,,,23,,,
2014/08/21,08,51,,,19,,,
2014/08/21,09,88,,,41,,,
2014/08/21,10,96,,,47,,,
2014/08/21,11,101,,,50,,,
2014/08/21,12,99,,,49,,,
2014/08/21,13,97,,,49,,,
2014/08/21,14,92,,,47,,,
2014/08/21,15,100,,,50,,,
2014/08/21,16,103,,,50,,,
2014/08/21,17,101,,,49,,,
2014/08/21,18,97,,,46,,,
2014/08/21,19,93,,,46,,,
2014/08/21,20,92,,,44,,,
2014/08/21,21,96,,,47,,,
2014/08/21,22,82,,,40,,,
2014/08/21,23,57,,,23,,,
2014/08/21,24,57,,,23,,,
2014/08/22,01,53,,,22,,,
2014/08/22,02,44,,,18,,,
2014/08/22,03,64,,,27,,,
2014/08/22,04,61,,,25,,,
2014/08/22,05,55,,,22,,,
2014/08/22,06,47,,,19,,,
2014/08/22,07,49,,,21,,,
2014/08/22,08,54,,,25,,,
2014/08/22,09,90,,,46,,,
2014/08/22,10,97,,,47,,,
2014/08/22,11,96,,,48,,,
2014/08/22,12,94,,,46,,,
2014/08/22,13,94,,,47,,,
2014/08/22,14,90,,,44,,,
2014/08/22,15,97,,,49,,,
2014/08/22,16,99,,,48,,,
2014/08/22,17,96,,,45,,,
2014/08/22,18,89,,,43,,,
2014/08/22,19,92,,,44,,,
2014/08/22,20,85,,,40,,,
2014/08/22,21,97,,,47,,,
2014/08/22,22,68,,,30,,,
2014/08/22,23,55,,,22,,,
2014/08/22,24,48,,,19,,,
2014/08/23,01,49,,,21,,,
2014/08/23,02,44,,,18,,,
2014/08/23,03,65,,,27,,,
2014/08/23,04,59,,,24,,,
2014/08/23,05,55,,,22,,,
2014/08/23,06,44,,,17,,,
2014/08/23,07,49,,,21,,,
2014/08/23,08,50,,,19,,,
2014/08/23,09,85,,,41,,,
2014/08/23,10,91,,,45,,,
2014/08/23,11,82,,,44,,,
2014/08/23,12,81,,,41,,,
2014/08/23,13,90,,,46,,,
2014/08/23,14,86,,,43,,,
2014/08/23,15,100,,,51,,,
2014/08/23,16,103,,,51,,,
2014/08/23,17,96,,,47,,,
2014/08/23,18,89,,,43,,,
2014/08/23,19,81,,,40,,,
2014/08/23,20,81,,,41,,,
2014/08/23,21,91,,,43,,,
2014/08/23,22,68,,,30,,,
2014/08/23,23,52,,,20,,,
2014/08/23,24,47,,,19,,,
2014/08/24,01,44,,,18,,,
2014/08/24,02,40,,,16,,,
2014/08/24,03,62,,,26,,,
2014/08/24,04,55,,,22,,,
2014/08/24,05,49,,,19,,,
2014/08/24,06,42,,,16,,,
2014/08/24,07,45,,,19,,,
2014/08/24,08,45,,,17,,,
2014/08/24,09,84,,,40,,,
2014/08/24,10,91,,,44,,,
2014/08/24,11,87,,,43,,,
2014/08/24,12,88,,,42,,,
2014/08/24,13,87,,,43,,,
2014/08/24,14,85,,,41,,,
2014/08/24,15,89,,,43,,,
2014/08/24,16,84,,,39,,,
2014/08/24,17,75,,,37,,,
2014/08/24,18,72,,,37,,,
2014/08/24,19,72,,,38,,,
2014/08/24,20,72,,,35,,,
2014/08/24,21,88,,,42,,,
2014/08/24,22,61,,,29,,,
2014/08/24,23,45,,,18,,,
2014/08/24,24,43,,,17,,,
2014/08/25,01,44,,,18,,,
2014/08/25,02,40,,,16,,,
2014/08/25,03,60,,,25,,,
2014/08/25,04,48,,,19,,,
2014/08/25,05,43,,,17,,,
2014/08/25,06,41,,,16,,,
2014/08/25,07,43,,,18,,,
2014/08/25,08,47,,,20,,,
2014/08/25,09,86,,,43,,,
2014/08/25,10,88,,,42,,,
2014/08/25,11,93,,,45,,,
2014/08/25,12,93,,,45,,,
2014/08/25,13,91,,,46,,,
2014/08/25,14,94,,,46,,,
2014/08/25,15,98,,,50,,,
2014/08/25,16,101,,,49,,,
2014/08/25,17,87,,,43,,,
2014/08/25,18,85,,,41,,,
2014/08/25,19,85,,,42,,,
2014/08/25,20,81,,,39,,,
2014/08/25,21,92,,,45,,,
2014/08/25,22,59,,,22,,,
2014/08/25,23,45,,,18,,,
2014/08/25,24,46,,,18,,,
2014/08/26,01,47,,,20,,,
2014/08/26,02,42,,,17,,,
2014/08/26,03,61,,,26,,,
2014/08/26,04,57,,,23,,,
2014/08/26,05,51,,,20,,,
2014/08/26,06,42,,,17,,,
2014/08/26,07,45,,,18,,,
2014/08/26,08,46,,,17,,,
2014/08/26,09,76,,,31,,,
2014/08/26,10,91,,,44,,,
2014/08/26,11,90,,,44,,,
2014/08/26,12,88,,,43,,,
2014/08/26,13,94,,,48,,,
2014/08/26,14,92,,,45,,,
2014/08/26,15,95,,,47,,,
2014/08/26,16,98,,,48,,,
2014/08/26,17,86,,,42,,,
2014/08/26,18,76,,,38,,,
2014/08/26,19,81,,,41,,,
2014/08/26,20,77,,,38,,,
2014/08/26,21,91,,,45,,,
2014/08/26,22,70,,,29,,,
2014/08/26,23,58,,,21,,,
2014/08/26,24,45,,,17,,,
2014/08/27,01,46,,,19,,,
2014/08/27,02,41,,,17,,,
2014/08/27,03,61,,,26,,,
2014/08/27,04,56,,,23,,,
2014/08/27,05,49,,,19,,,
2014/08/27,06,42,,,16,,,
2014/08/27,07,43,,,18,,,
2014/08/27,08,50,,,22,,,
2014/08/27,09,86,,,44,,,
2014/08/27,10,91,,,44,,,
2014/08/27,11,88,,,43,,,
2014/08/27,12,90,,,45,,,
2014/08/27,13,94,,,46,,,
2014/08/27,14,92,,,44,,,
2014/08/27,15,94,,,46,,,
2014/08/27,16,100,,,47,,,
2014/08/27,17,85,,,41,,,
2014/08/27,18,78,,,36,,,
2014/08/27,19,77,,,36,,,
2014/08/27,20,76,,,37,,,
2014/08/27,21,93,,,46,,,
2014/08/27,22,66,,,28,,,
2014/08/27,23,53,,,21,,,
2014/08/27,24,48,,,18,,,
2014/08/28,01,45,,,19,,,
2014/08/28,02,41,,,17,,,
2014/08/28,03,60,,,26,,,
2014/08/28,04,54,,,22,,,
2014/08/28,05,46,,,18,,,
2014/08/28,06,40,,,15,,,
2014/08/28,07,42,,,17,,,
2014/08/28,08,42,,,16,,,
2014/08/28,09,78,,,37,,,
2014/08/28,10,82,,,39,,,
2014/08/28,11,81,,,37,,,
2014/08/28,12,75,,,35,,,
2014/08/28,13,80,,,38,,,
2014/08/28,14,72,,,36,,,
2014/08/28,15,87,,,43,,,
2014/08/28,16,90,,,43,,,
2014/08/28,17,80,,,38,,,
2014/08/28,18,80,,,43,,,
2014/08/28,19,81,,,39,,,
2014/08/28,20,75,,,35,,,
2014/08/28,21,87,,,42,,,
2014/08/28,22,58,,,23,,,
2014/08/28,23,46,,,18,,,
2014/08/28,24,41,,,17,,,
2014/08/29,01,41,,,16,,,
2014/08/29,02,37,,,14,,,
2014/08/29,03,57,,,23,,,
2014/08/29,04,52,,,20,,,
2014/08/29,05,42,,,16,,,
2014/08/29,06,38,,,15,,,
2014/08/29,07,41,,,17,,,
2014/08/29,08,47,,,20,,,
2014/08/29,09,82,,,40,,,
2014/08/29,10,83,,,40,,,
2014/08/29,11,84,,,49,,,
2014/08/29,12,84,,,41,,,
2014/08/29,13,86,,,43,,,
2014/08/29,14,82,,,41,,,
2014/08/29,15,88,,,44,,,
2014/08/29,16,93,,,45,,,
2014/08/29,17,82,,,40,,,
2014/08/29,18,78,,,37,,,
2014/08/29,19,78,,,37,,,
2014/08/29,20,79,,,37,,,
2014/08/29,21,85,,,41,,,
2014/08/29,22,61,,,26,,,
2014/08/29,23,45,,,18,,,
2014/08/29,24,42,,,17,,,
2014/08/30,01,41,,,16,,,
2014/08/30,02,37,,,15,,,
2014/08/30,03,56,,,23,,,
2014/08/30,04,44,,,17,,,
2014/08/30,05,39,,,14,,,
2014/08/30,06,37,,,13,,,
2014/08/30,07,39,,,15,,,
2014/08/30,08,44,,,15,,,
2014/08/30,09,69,,,27,,,
2014/08/30,10,71,,,27,,,
2014/08/30,11,84,,,40,,,
2014/08/30,12,89,,,43,,,
2014/08/30,13,89,,,44,,,
2014/08/30,14,85,,,42,,,
2014/08/30,15,89,,,45,,,
2014/08/30,16,95,,,46,,,
2014/08/30,17,86,,,41,,,
2014/08/30,18,83,,,39,,,
2014/08/30,19,82,,,39,,,
2014/08/30,20,80,,,37,,,
2014/08/30,21,86,,,41,,,
2014/08/30,22,63,,,28,,,
2014/08/30,23,45,,,17,,,
2014/08/30,24,42,,,16,,,
2014/08/31,01,42,,,18,,,
2014/08/31,02,38,,,16,,,
2014/08/31,03,57,,,25,,,
2014/08/31,04,47,,,19,,,
2014/08/31,05,41,,,16,,,
2014/08/31,06,39,,,15,,,
2014/08/31,07,41,,,17,,,
2014/08/31,08,44,,,16,,,
2014/08/31,09,70,,,27,,,
2014/08/31,10,82,,,39,,,
2014/08/31,11,80,,,42,,,
2014/08/31,12,79,,,40,,,
2014/08/31,13,81,,,42,,,
2014/08/31,14,82,,,42,,,
2014/08/31,15,96,,,49,,,
2014/08/31,16,99,,,49,,,
2014/08/31,17,83,,,41,,,
2014/08/31,18,73,,,37,,,
2014/08/31,19,78,,,39,,,
2014/08/31,20,76,,,37,,,
2014/08/31,21,89,,,44,,,
2014/08/31,22,69,,,33,,,
2014/08/31,23,51,,,21,,,
2014/08/31,24,43,,,18,,,
2014/09/01,01,44,,,19,,,
2014/09/01,02,40,,,17,,,
2014/09/01,03,61,,,26,,,
2014/09/01,04,55,,,22,,,
2014/09/01,05,48,,,19,,,
2014/09/01,06,40,,,16,,,
2014/09/01,07,44,,,18,,,
2014/09/01,08,47,,,18,,,
2014/09/01,09,81,,,38,,,
2014/09/01,10,82,,,39,,,
2014/09/01,11,79,,,37,,,
2014/09/01,12,74,,,35,,,
2014/09/01,13,71,,,35,,,
2014/09/01,14,65,,,32,,,
2014/09/01,15,84,,,41,,,
2014/09/01,16,83,,,39,,,
2014/09/01,17,69,,,33,,,
2014/09/01,18,69,,,33,,,
2014/09/01,19,71,,,34,,,
2014/09/01,20,69,,,32,,,
2014/09/01,21,83,,,39,,,
2014/09/01,22,53,,,23,,,
2014/09/01,23,39,,,15,,,
2014/09/01,24,39,,,15,,,
2014/09/02,01,40,,,15,,,
2014/09/02,02,36,,,14,,,
2014/09/02,03,56,,,22,,,
2014/09/02,04,49,,,18,,,
2014/09/02,05,38,,,13,,,
2014/09/02,06,37,,,13,,,
2014/09/02,07,39,,,15,,,
2014/09/02,08,42,,,16,,,
2014/09/02,09,79,,,37,,,
2014/09/02,10,85,,,41,,,
2014/09/02,11,83,,,40,,,
2014/09/02,12,85,,,41,,,
2014/09/02,13,89,,,44,,,
2014/09/02,14,85,,,42,,,
2014/09/02,15,92,,,46,,,
2014/09/02,16,97,,,47,,,
2014/09/02,17,91,,,44,,,
2014/09/02,18,81,,,40,,,
2014/09/02,19,88,,,42,,,
2014/09/02,20,83,,,39,,,
2014/09/02,21,89,,,44,,,
2014/09/02,22,67,,,31,,,
2014/09/02,23,43,,,17,,,
2014/09/02,24,43,,,17,,,
2014/09/03,01,45,,,19,,,
2014/09/03,02,40,,,16,,,
2014/09/03,03,60,,,26,,,
2014/09/03,04,54,,,21,,,
2014/09/03,05,48,,,18,,,
2014/09/03,06,40,,,16,,,
2014/09/03,07,42,,,17,,,
2014/09/03,08,47,,,20,,,
2014/09/03,09,86,,,43,,,
2014/09/03,10,89,,,43,,,
2014/09/03,11,90,,,43,,,
2014/09/03,12,89,,,43,,,
2014/09/03,13,88,,,44,,,
2014/09/03,14,83,,,41,,,
2014/09/03,15,90,,,44,,,
2014/09/03,16,93,,,44,,,
2014/09/03,17,83,,,40,,,
2014/09/03,18,81,,,39,,,
2014/09/03,19,81,,,39,,,
2014/09/03,20,75,,,35,,,
2014/09/03,21,88,,,42,,,
2014/09/03,22,58,,,26,,,
2014/09/03,23,43,,,17,,,
2014/09/03,24,44,,,17,,,
2014/09/04,01,45,,,19,,,
2014/09/04,02,40,,,16,,,
2014/09/04,03,60,,,25,,,
2014/09/04,04,54,,,21,,,
2014/09/04,05,44,,,17,,,
2014/09/04,06,39,,,15,,,
2014/09/04,07,44,,,18,,,
2014/09/04,08,51,,,21,,,
2014/09/04,09,85,,,43,,,
2014/09/04,10,82,,,40,,,
2014/09/04,11,73,,,35,,,
2014/09/04,12,72,,,35,,,
2014/09/04,13,73,,,36,,,
2014/09/04,14,68,,,34,,,
2014/09/04,15,90,,,44,,,
2014/09/04,16,94,,,44,,,
2014/09/04,17,84,,,41,,,
2014/09/04,18,80,,,39,,,
2014/09/04,19,82,,,39,,,
2014/09/04,20,75,,,36,,,
2014/09/04,21,88,,,42,,,
2014/09/04,22,55,,,22,,,
2014/09/04,23,43,,,17,,,
2014/09/04,24,43,,,17,,,
2014/09/05,01,44,,,18,,,
2014/09/05,02,39,,,16,,,
2014/09/05,03,60,,,26,,,
2014/09/05,04,54,,,22,,,
2014/09/05,05,45,,,18,,,
2014/09/05,06,40,,,16,,,
2014/09/05,07,42,,,17,,,
2014/09/05,08,45,,,17,,,
2014/09/05,09,82,,,40,,,
2014/09/05,10,84,,,41,,,
2014/09/05,11,78,,,39,,,
2014/09/05,12,81,,,41,,,
2014/09/05,13,80,,,42,,,
2014/09/05,14,81,,,42,,,
2014/09/05,15,96,,,48,,,
2014/09/05,16,97,,,48,,,
2014/09/05,17,90,,,44,,,
2014/09/05,18,85,,,41,,,
2014/09/05,19,80,,,40,,,
2014/09/05,20,77,,,35,,,
2014/09/05,21,90,,,44,,,
2014/09/05,22,67,,,34,,,
2014/09/05,23,44,,,18,,,
2014/09/05,24,44,,,18,,,
2014/09/06,01,45,,,19,,,
2014/09/06,02,40,,,17,,,
2014/09/06,03,60,,,26,,,
2014/09/06,04,56,,,22,,,
2014/09/06,05,49,,,19,,,
2014/09/06,06,39,,,16,,,
2014/09/06,07,45,,,19,,,
2014/09/06,08,47,,,18,,,
2014/09/06,09,85,,,41,,,
2014/09/06,10,87,,,44,,,
2014/09/06,11,81,,,42,,,
2014/09/06,12,79,,,40,,,
2014/09/06,13,82,,,43,,,
2014/09/06,14,80,,,41,,,
2014/09/06,15,98,,,49,,,
2014/09/06,16,103,,,50,,,
2014/09/06,17,96,,,46,,,
2014/09/06,18,85,,,41,,,
2014/09/06,19,80,,,37,,,
2014/09/06,20,77,,,36,,,
2014/09/06,21,82,,,38,,,
2014/09/06,22,55,,,20,,,
2014/09/06,23,45,,,17,,,
2014/09/06,24,42,,,16,,,
2014/09/07,01,42,,,16,,,
2014/09/07,02,38,,,15,,,
2014/09/07,03,58,,,23,,,
2014/09/07,04,52,,,20,,,
2014/09/07,05,44,,,16,,,
2014/09/07,06,39,,,14,,,
2014/09/07,07,40,,,15,,,
2014/09/07,08,48,,,20,,,
2014/09/07,09,82,,,40,,,
2014/09/07,10,82,,,39,,,
2014/09/07,11,80,,,38,,,
2014/09/07,12,84,,,40,,,
2014/09/07,13,86,,,43,,,
2014/09/07,14,87,,,43,,,
2014/09/07,15,93,,,47,,,
2014/09/07,16,98,,,49,,,
2014/09/07,17,84,,,42,,,
2014/09/07,18,76,,,38,,,
2014/09/07,19,77,,,38,,,
2014/09/07,20,73,,,35,,,
2014/09/07,21,84,,,41,,,
2014/09/07,22,58,,,28,,,
2014/09/07,23,39,,,16,,,
2014/09/07,24,40,,,16,,,
2014/09/08,01,39,,,16,,,
2014/09/08,02,36,,,15,,,
2014/09/08,03,55,,,23,,,
2014/09/08,04,44,,,17,,,
2014/09/08,05,38,,,15,,,
2014/09/08,06,35,,,13,,,
2014/09/08,07,39,,,15,,,
2014/09/08,08,39,,,15,,,
2014/09/08,09,78,,,40,,,
2014/09/08,10,86,,,41,,,
2014/09/08,11,80,,,37,,,
2014/09/08,12,82,,,39,,,
2014/09/08,13,88,,,42,,,
2014/09/08,14,82,,,40,,,
2014/09/08,15,93,,,45,,,
2014/09/08,16,93,,,44,,,
2014/09/08,17,80,,,38,,,
2014/09/08,18,74,,,35,,,
2014/09/08,19,74,,,35,,,
2014/09/08,20,72,,,33,,,
2014/09/08,21,85,,,40,,,
2014/09/08,22,60,,,26,,,
2014/09/08,23,48,,,17,,,
2014/09/08,24,41,,,15,,,
2014/09/09,01,41,,,15,,,
2014/09/09,02,37,,,14,,,
2014/09/09,03,57,,,22,,,
2014/09/09,04,45,,,16,,,
2014/09/09,05,38,,,13,,,
2014/09/09,06,36,,,12,,,
2014/09/09,07,41,,,15,,,
2014/09/09,08,48,,,20,,,
2014/09/09,09,82,,,41,,,
2014/09/09,10,84,,,39,,,
2014/09/09,11,82,,,38,,,
2014/09/09,12,87,,,40,,,
2014/09/09,13,91,,,44,,,
2014/09/09,14,89,,,43,,,
2014/09/09,15,96,,,46,,,
2014/09/09,16,98,,,48,,,
2014/09/09,17,87,,,41,,,
2014/09/09,18,75,,,36,,,
2014/09/09,19,80,,,38,,,
2014/09/09,20,76,,,35,,,
2014/09/09,21,88,,,41,,,
2014/09/09,22,59,,,24,,,
2014/09/09,23,50,,,19,,,
2014/09/09,24,44,,,17,,,
2014/09/10,01,42,,,17,,,
2014/09/10,02,39,,,15,,,
2014/09/10,03,59,,,25,,,
2014/09/10,04,53,,,20,,,
2014/09/10,05,43,,,16,,,
2014/09/10,06,39,,,15,,,
2014/09/10,07,43,,,17,,,
2014/09/10,08,43,,,17,,,
2014/09/10,09,83,,,41,,,
2014/09/10,10,85,,,40,,,
2014/09/10,11,83,,,39,,,
2014/09/10,12,87,,,41,,,
2014/09/10,13,89,,,44,,,
2014/09/10,14,85,,,41,,,
2014/09/10,15,92,,,45,,,
2014/09/10,16,98,,,46,,,
2014/09/10,17,92,,,43,,,
2014/09/10,18,81,,,39,,,
2014/09/10,19,89,,,41,,,
2014/09/10,20,84,,,39,,,
2014/09/10,21,88,,,42,,,
2014/09/10,22,65,,,27,,,
2014/09/10,23,50,,,19,,,
2014/09/10,24,43,,,16,,,
2014/09/11,01,42,,,17,,,
2014/09/11,02,37,,,14,,,
2014/09/11,03,57,,,24,,,
2014/09/11,04,50,,,19,,,
2014/09/11,05,41,,,15,,,
2014/09/11,06,37,,,13,,,
2014/09/11,07,39,,,14,,,
2014/09/11,08,46,,,15,,,
2014/09/11,09,80,,,39,,,
2014/09/11,10,81,,,38,,,
2014/09/11,11,77,,,35,,,
2014/09/11,12,80,,,38,,,
2014/09/11,13,85,,,41,,,
2014/09/11,14,79,,,38,,,
2014/09/11,15,90,,,43,,,
2014/09/11,16,92,,,43,,,
2014/09/11,17,82,,,39,,,
2014/09/11,18,78,,,36,,,
2014/09/11,19,76,,,35,,,
2014/09/11,20,70,,,30,,,
2014/09/11,21,69,,,25,,,
2014/09/11,22,55,,,20,,,
2014/09/11,23,40,,,14,,,
2014/09/11,24,38,,,13,,,
2014/09/12,01,38,,,14,,,
2014/09/12,02,35,,,12,,,
2014/09/12,03,54,,,21,,,
2014/09/12,04,45,,,16,,,
2014/09/12,05,36,,,12,,,
2014/09/12,06,34,,,11,,,
2014/09/12,07,36,,,13,,,
2014/09/12,08,39,,,14,,,
2014/09/12,09,65,,,24,,,
2014/09/12,10,66,,,23,,,
2014/09/12,11,66,,,22,,,
2014/09/12,12,63,,,21,,,
2014/09/12,13,83,,,39,,,
2014/09/12,14,80,,,39,,,
2014/09/12,15,88,,,43,,,
2014/09/12,16,89,,,41,,,
2014/09/12,17,77,,,36,,,
2014/09/12,18,75,,,34,,,
2014/09/12,19,76,,,34,,,
2014/09/12,20,65,,,29,,,
2014/09/12,21,81,,,38,,,
2014/09/12,22,67,,,32,,,
2014/09/12,23,42,,,16,,,
2014/09/12,24,39,,,15,,,
2014/09/13,01,38,,,14,,,
2014/09/13,02,35,,,13,,,
2014/09/13,03,54,,,21,,,
2014/09/13,04,46,,,16,,,
2014/09/13,05,34,,,12,,,
2014/09/13,06,34,,,11,,,
2014/09/13,07,37,,,13,,,
2014/09/13,08,39,,,13,,,
2014/09/13,09,78,,,37,,,
2014/09/13,10,79,,,37,,,
2014/09/13,11,75,,,36,,,
2014/09/13,12,79,,,37,,,
2014/09/13,13,83,,,41,,,
2014/09/13,14,79,,,38,,,
2014/09/13,15,91,,,45,,,
2014/09/13,16,93,,,44,,,
2014/09/13,17,84,,,40,,,
2014/09/13,18,79,,,37,,,
2014/09/13,19,75,,,34,,,
2014/09/13,20,68,,,27,,,
2014/09/13,21,70,,,26,,,
2014/09/13,22,47,,,18,,,
2014/09/13,23,38,,,14,,,
2014/09/13,24,38,,,14,,,
2014/09/14,01,38,,,14,,,
2014/09/14,02,35,,,12,,,
2014/09/14,03,54,,,21,,,
2014/09/14,04,40,,,14,,,
2014/09/14,05,36,,,12,,,
2014/09/14,06,35,,,12,,,
2014/09/14,07,37,,,13,,,
2014/09/14,08,40,,,13,,,
2014/09/14,09,70,,,28,,,
2014/09/14,10,82,,,39,,,
2014/09/14,11,82,,,38,,,
2014/09/14,12,76,,,36,,,
2014/09/14,13,86,,,42,,,
2014/09/14,14,86,,,41,,,
2014/09/14,15,92,,,46,,,
2014/09/14,16,97,,,46,,,
2014/09/14,17,88,,,42,,,
2014/09/14,18,79,,,37,,,
2014/09/14,19,81,,,37,,,
2014/09/14,20,59,,,20,,,
2014/09/14,21,70,,,26,,,
2014/09/14,22,55,,,20,,,
2014/09/14,23,43,,,16,,,
2014/09/14,24,39,,,15,,,
2014/09/15,01,38,,,15,,,
2014/09/15,02,36,,,13,,,
2014/09/15,03,56,,,22,,,
2014/09/15,04,47,,,17,,,
2014/09/15,05,38,,,13,,,
2014/09/15,06,36,,,12,,,
2014/09/15,07,38,,,14,,,
2014/09/15,08,41,,,14,,,
2014/09/15,09,68,,,26,,,
2014/09/15,10,68,,,24,,,
2014/09/15,11,63,,,22,,,
2014/09/15,12,66,,,23,,,
2014/09/15,13,71,,,26,,,
2014/09/15,14,65,,,23,,,
2014/09/15,15,74,,,28,,,
2014/09/15,16,73,,,26,,,
2014/09/15,17,58,,,20,,,
2014/09/15,18,57,,,20,,,
2014/09/15,19,61,,,21,,,
2014/09/15,20,57,,,19,,,
2014/09/15,21,73,,,27,,,
2014/09/15,22,59,,,22,,,
2014/09/15,23,50,,,19,,,
2014/09/15,24,44,,,17,,,
2014/09/16,01,43,,,18,,,
2014/09/16,02,38,,,15,,,
2014/09/16,03,58,,,23,,,
2014/09/16,04,50,,,19,,,
2014/09/16,05,44,,,16,,,
2014/09/16,06,38,,,14,,,
2014/09/16,07,40,,,15,,,
2014/09/16,08,43,,,15,,,
2014/09/16,09,80,,,38,,,
2014/09/16,10,84,,,40,,,
2014/09/16,11,80,,,38,,,
2014/09/16,12,84,,,40,,,
2014/09/16,13,86,,,42,,,
2014/09/16,14,84,,,40,,,
2014/09/16,15,93,,,46,,,
2014/09/16,16,96,,,47,,,
2014/09/16,17,74,,,38,,,
2014/09/16,18,76,,,36,,,
2014/09/16,19,74,,,36,,,
2014/09/16,20,71,,,33,,,
2014/09/16,21,83,,,39,,,
2014/09/16,22,57,,,21,,,
2014/09/16,23,47,,,18,,,
2014/09/16,24,40,,,15,,,
2014/09/17,01,39,,,15,,,
2014/09/17,02,36,,,13,,,
2014/09/17,03,56,,,22,,,
2014/09/17,04,47,,,17,,,
2014/09/17,05,38,,,13,,,
2014/09/17,06,36,,,12,,,
2014/09/17,07,39,,,14,,,
2014/09/17,08,38,,,13,,,
2014/09/17,09,66,,,27,,,
2014/09/17,10,71,,,27,,,
2014/09/17,11,70,,,28,,,
2014/09/17,12,71,,,28,,,
2014/09/17,13,75,,,31,,,
2014/09/17,14,71,,,29,,,
2014/09/17,15,81,,,34,,,
2014/09/17,16,76,,,31,,,
2014/09/17,17,64,,,26,,,
2014/09/17,18,60,,,23,,,
2014/09/17,19,60,,,22,,,
2014/09/17,20,60,,,22,,,
2014/09/17,21,75,,,31,,,
2014/09/17,22,56,,,22,,,
2014/09/17,23,43,,,16,,,
2014/09/17,24,39,,,14,,,
2014/09/18,01,38,,,14,,,
2014/09/18,02,35,,,13,,,
2014/09/18,03,55,,,21,,,
2014/09/18,04,46,,,17,,,
2014/09/18,05,39,,,14,,,
2014/09/18,06,35,,,12,,,
2014/09/18,07,37,,,14,,,
2014/09/18,08,40,,,15,,,
2014/09/18,09,70,,,29,,,
2014/09/18,10,70,,,27,,,
2014/09/18,11,64,,,24,,,
2014/09/18,12,63,,,24,,,
2014/09/18,13,58,,,23,,,
2014/09/18,14,57,,,24,,,
2014/09/18,15,74,,,31,,,
2014/09/18,16,72,,,29,,,
2014/09/18,17,58,,,24,,,
2014/09/18,18,56,,,22,,,
2014/09/18,19,58,,,21,,,
2014/09/18,20,56,,,20,,,
2014/09/18,21,71,,,28,,,
2014/09/18,22,53,,,21,,,
2014/09/18,23,41,,,14,,,
2014/09/18,24,37,,,13,,,
2014/09/19,01,36,,,14,,,
2014/09/19,02,33,,,11,,,
2014/09/19,03,53,,,21,,,
2014/09/19,04,44,,,15,,,
2014/09/19,05,37,,,12,,,
2014/09/19,06,33,,,11,,,
2014/09/19,07,35,,,12,,,
2014/09/19,08,39,,,14,,,
2014/09/19,09,64,,,23,,,
2014/09/19,10,62,,,21,,,
2014/09/19,11,56,,,18,,,
2014/09/19,12,58,,,19,,,
2014/09/19,13,57,,,20,,,
2014/09/19,14,49,,,16,,,
2014/09/19,15,68,,,25,,,
2014/09/19,16,66,,,23,,,
2014/09/19,17,57,,,19,,,
2014/09/19,18,53,,,17,,,
2014/09/19,19,53,,,17,,,
2014/09/19,20,50,,,15,,,
2014/09/19,21,66,,,23,,,
2014/09/19,22,47,,,16,,,
2014/09/19,23,35,,,12,,,
2014/09/19,24,36,,,12,,,
2014/09/20,01,36,,,13,,,
2014/09/20,02,33,,,11,,,
2014/09/20,03,53,,,21,,,
2014/09/20,04,43,,,15,,,
2014/09/20,05,34,,,11,,,
2014/09/20,06,33,,,11,,,
2014/09/20,07,35,,,13,,,
2014/09/20,08,37,,,12,,,
2014/09/20,09,63,,,23,,,
2014/09/20,10,62,,,21,,,
2014/09/20,11,55,,,18,,,
2014/09/20,12,50,,,16,,,
2014/09/20,13,52,,,18,,,
2014/09/20,14,49,,,16,,,
2014/09/20,15,70,,,26,,,
2014/09/20,16,69,,,23,,,
2014/09/20,17,58,,,19,,,
2014/09/20,18,59,,,19,,,
2014/09/20,19,53,,,17,,,
2014/09/20,20,52,,,16,,,
2014/09/20,21,66,,,23,,,
2014/09/20,22,48,,,16,,,
2014/09/20,23,36,,,12,,,
2014/09/20,24,35,,,11,,,
2014/09/21,01,34,,,12,,,
2014/09/21,02,31,,,10,,,
2014/09/21,03,52,,,20,,,
2014/09/21,04,39,,,13,,,
2014/09/21,05,32,,,10,,,
2014/09/21,06,31,,,10,,,
2014/09/21,07,33,,,11,,,
2014/09/21,08,36,,,11,,,
2014/09/21,09,64,,,23,,,
2014/09/21,10,55,,,19,,,
2014/09/21,11,51,,,17,,,
2014/09/21,12,52,,,18,,,
2014/09/21,13,56,,,21,,,
2014/09/21,14,59,,,25,,,
2014/09/21,15,88,,,43,,,
2014/09/21,16,85,,,41,,,
2014/09/21,17,72,,,35,,,
2014/09/21,18,65,,,30,,,
2014/09/21,19,68,,,32,,,
2014/09/21,20,64,,,29,,,
2014/09/21,21,81,,,37,,,
2014/09/21,22,54,,,23,,,
2014/09/21,23,38,,,13,,,
2014/09/21,24,38,,,13,,,
2014/09/22,01,37,,,14,,,
2014/09/22,02,35,,,12,,,
2014/09/22,03,56,,,22,,,
2014/09/22,04,46,,,16,,,
2014/09/22,05,36,,,12,,,
2014/09/22,06,35,,,12,,,
2014/09/22,07,37,,,13,,,
2014/09/22,08,41,,,15,,,
2014/09/22,09,68,,,26,,,
2014/09/22,10,61,,,21,,,
2014/09/22,11,58,,,22,,,
2014/09/22,12,59,,,24,,,
2014/09/22,13,65,,,28,,,
2014/09/22,14,61,,,26,,,
2014/09/22,15,80,,,34,,,
2014/09/22,16,74,,,31,,,
2014/09/22,17,61,,,25,,,
2014/09/22,18,59,,,23,,,
2014/09/22,19,60,,,22,,,
2014/09/22,20,58,,,22,,,
2014/09/22,21,73,,,29,,,
2014/09/22,22,57,,,22,,,
2014/09/22,23,39,,,14,,,
2014/09/22,24,39,,,15,,,
2014/09/23,01,36,,,13,,,
2014/09/23,02,34,,,11,,,
2014/09/23,03,54,,,20,,,
2014/09/23,04,42,,,14,,,
2014/09/23,05,34,,,11,,,
2014/09/23,06,33,,,11,,,
2014/09/23,07,35,,,12,,,
2014/09/23,08,37,,,11,,,
2014/09/23,09,73,,,33,,,
2014/09/23,10,70,,,32,,,
2014/09/23,11,65,,,31,,,
2014/09/23,12,68,,,34,,,
2014/09/23,13,75,,,38,,,
2014/09/23,14,71,,,36,,,
2014/09/23,15,91,,,44,,,
2014/09/23,16,87,,,42,,,
2014/09/23,17,75,,,37,,,
2014/09/23,18,67,,,31,,,
2014/09/23,19,71,,,34,,,
2014/09/23,20,63,,,26,,,
2014/09/23,21,71,,,26,,,
2014/09/23,22,55,,,20,,,
2014/09/23,23,41,,,16,,,
2014/09/23,24,40,,,15,,,
2014/09/24,01,39,,,15,,,
2014/09/24,02,38,,,14,,,
2014/09/24,03,57,,,23,,,
2014/09/24,04,49,,,17,,,
2014/09/24,05,38,,,14,,,
2014/09/24,06,38,,,13,,,
2014/09/24,07,40,,,15,,,
2014/09/24,08,42,,,15,,,
2014/09/24,09,68,,,26,,,
2014/09/24,10,75,,,34,,,
2014/09/24,11,68,,,32,,,
2014/09/24,12,59,,,23,,,
2014/09/24,13,63,,,26,,,
2014/09/24,14,59,,,24,,,
2014/09/24,15,78,,,32,,,
2014/09/24,16,68,,,27,,,
2014/09/24,17,59,,,23,,,
2014/09/24,18,58,,,23,,,
2014/09/24,19,62,,,24,,,
2014/09/24,20,58,,,20,,,
2014/09/24,21,75,,,31,,,
2014/09/24,22,52,,,20,,,
2014/09/24,23,42,,,16,,,
2014/09/24,24,41,,,16,,,
2014/09/25,01,40,,,15,,,
2014/09/25,02,37,,,14,,,
2014/09/25,03,58,,,23,,,
2014/09/25,04,46,,,18,,,
2014/09/25,05,40,,,15,,,
2014/09/25,06,39,,,14,,,
2014/09/25,07,40,,,16,,,
2014/09/25,08,44,,,16,,,
2014/09/25,09,83,,,40,,,
2014/09/25,10,84,,,41,,,
2014/09/25,11,73,,,36,,,
2014/09/25,12,73,,,36,,,
2014/09/25,13,75,,,38,,,
2014/09/25,14,69,,,34,,,
2014/09/25,15,82,,,37,,,
2014/09/25,16,72,,,31,,,
2014/09/25,17,60,,,26,,,
2014/09/25,18,61,,,26,,,
2014/09/25,19,64,,,27,,,
2014/09/25,20,62,,,25,,,
2014/09/25,21,78,,,33,,,
2014/09/25,22,56,,,21,,,
2014/09/25,23,45,,,15,,,
2014/09/25,24,39,,,13,,,
2014/09/26,01,38,,,14,,,
2014/09/26,02,36,,,13,,,
2014/09/26,03,55,,,21,,,
2014/09/26,04,42,,,15,,,
2014/09/26,05,36,,,12,,,
2014/09/26,06,35,,,11,,,
2014/09/26,07,36,,,12,,,
2014/09/26,08,37,,,12,,,
2014/09/26,09,65,,,24,,,
2014/09/26,10,60,,,20,,,
2014/09/26,11,59,,,24,,,
2014/09/26,12,67,,,31,,,
2014/09/26,13,72,,,35,,,
2014/09/26,14,71,,,36,,,
2014/09/26,15,90,,,44,,,
2014/09/26,16,87,,,41,,,
2014/09/26,17,74,,,35,,,
2014/09/26,18,67,,,32,,,
2014/09/26,19,70,,,32,,,
2014/09/26,20,60,,,23,,,
2014/09/26,21,69,,,25,,,
2014/09/26,22,53,,,19,,,
2014/09/26,23,40,,,14,,,
2014/09/26,24,40,,,14,,,
2014/09/27,01,39,,,14,,,
2014/09/27,02,37,,,14,,,
2014/09/27,03,57,,,22,,,
2014/09/27,04,49,,,18,,,
2014/09/27,05,37,,,13,,,
2014/09/27,06,37,,,13,,,
2014/09/27,07,38,,,14,,,
2014/09/27,08,40,,,14,,,
2014/09/27,09,68,,,26,,,
2014/09/27,10,70,,,29,,,
2014/09/27,11,69,,,33,,,
2014/09/27,12,69,,,34,,,
2014/09/27,13,74,,,38,,,
2014/09/27,14,72,,,36,,,
2014/09/27,15,90,,,44,,,
2014/09/27,16,85,,,41,,,
2014/09/27,17,71,,,35,,,
2014/09/27,18,72,,,36,,,
2014/09/27,19,71,,,34,,,
2014/09/27,20,68,,,32,,,
2014/09/27,21,82,,,37,,,
2014/09/27,22,59,,,29,,,
2014/09/27,23,46,,,22,,,
2014/09/27,24,45,,,20,,,
2014/09/28,01,42,,,19,,,
2014/09/28,02,39,,,16,,,
2014/09/28,03,58,,,25,,,
2014/09/28,04,46,,,17,,,
2014/09/28,05,37,,,14,,,
2014/09/28,06,37,,,13,,,
2014/09/28,07,40,,,17,,,
2014/09/28,08,44,,,18,,,
2014/09/28,09,77,,,37,,,
2014/09/28,10,73,,,34,,,
2014/09/28,11,67,,,33,,,
2014/09/28,12,68,,,34,,,
2014/09/28,13,75,,,38,,,
2014/09/28,14,70,,,35,,,
2014/09/28,15,89,,,43,,,
2014/09/28,16,87,,,41,,,
2014/09/28,17,72,,,34,,,
2014/09/28,18,62,,,26,,,
2014/09/28,19,64,,,27,,,
2014/09/28,20,61,,,25,,,
2014/09/28,21,70,,,26,,,
2014/09/28,22,55,,,19,,,
2014/09/28,23,39,,,14,,,
2014/09/28,24,39,,,15,,,
2014/09/29,01,38,,,15,,,
2014/09/29,02,36,,,12,,,
2014/09/29,03,55,,,22,,,
2014/09/29,04,48,,,17,,,
2014/09/29,05,37,,,13,,,
2014/09/29,06,36,,,12,,,
2014/09/29,07,38,,,13,,,
2014/09/29,08,42,,,16,,,
2014/09/29,09,76,,,35,,,
2014/09/29,10,74,,,34,,,
2014/09/29,11,66,,,32,,,
2014/09/29,12,67,,,32,,,
2014/09/29,13,73,,,37,,,
2014/09/29,14,69,,,35,,,
2014/09/29,15,89,,,43,,,
2014/09/29,16,87,,,42,,,
2014/09/29,17,76,,,38,,,
2014/09/29,18,68,,,32,,,
2014/09/29,19,69,,,31,,,
2014/09/29,20,67,,,30,,,
2014/09/29,21,80,,,37,,,
2014/09/29,22,58,,,24,,,
2014/09/29,23,38,,,13,,,
2014/09/29,24,38,,,13,,,
2014/09/30,01,37,,,14,,,
2014/09/30,02,36,,,12,,,
2014/09/30,03,56,,,22,,,
2014/09/30,04,45,,,16,,,
2014/09/30,05,35,,,12,,,
2014/09/30,06,36,,,12,,,
2014/09/30,07,38,,,13,,,
2014/09/30,08,39,,,13,,,
2014/09/30,09,66,,,25,,,
2014/09/30,10,66,,,26,,,
2014/09/30,11,61,,,27,,,
2014/09/30,12,62,,,27,,,
2014/09/30,13,67,,,30,,,
2014/09/30,14,62,,,28,,,
2014/09/30,15,83,,,37,,,
2014/09/30,16,79,,,34,,,
2014/09/30,17,64,,,28,,,
2014/09/30,18,62,,,26,,,
2014/09/30,19,64,,,27,,,
2014/09/30,20,60,,,24,,,
2014/09/30,21,78,,,34,,,
2014/09/30,22,63,,,27,,,
2014/09/30,23,50,,,18,,,
2014/09/30,24,48,,,15,,,
2014/10/01,01,43,,,15,,,
2014/10/01,02,36,,,14,,,
2014/10/01,03,56,,,23,,,
2014/10/01,04,48,,,18,,,
2014/10/01,05,36,,,14,,,
2014/10/01,06,36,,,13,,,
2014/10/01,07,41,,,15,,,
2014/10/01,08,44,,,15,,,
2014/10/01,09,70,,,30,,,
2014/10/01,10,75,,,35,,,
2014/10/01,11,69,,,34,,,
2014/10/01,12,68,,,33,,,
2014/10/01,13,73,,,37,,,
2014/10/01,14,70,,,35,,,
2014/10/01,15,87,,,43,,,
2014/10/01,16,79,,,39,,,
2014/10/01,17,68,,,34,,,
2014/10/01,18,68,,,33,,,
2014/10/01,19,70,,,34,,,
2014/10/01,20,66,,,32,,,
2014/10/01,21,82,,,38,,,
2014/10/01,22,58,,,27,,,
2014/10/01,23,37,,,14,,,
2014/10/01,24,38,,,14,,,
2014/10/02,01,37,,,14,,,
2014/10/02,02,35,,,14,,,
2014/10/02,03,54,,,22,,,
2014/10/02,04,42,,,16,,,
2014/10/02,05,36,,,13,,,
2014/10/02,06,35,,,13,,,
2014/10/02,07,37,,,14,,,
2014/10/02,08,44,,,20,,,
2014/10/02,09,81,,,40,,,
2014/10/02,10,69,,,34,,,
2014/10/02,11,69,,,34,,,
2014/10/02,12,71,,,35,,,
2014/10/02,13,76,,,39,,,
2014/10/02,14,69,,,35,,,
2014/10/02,15,87,,,42,,,
2014/10/02,16,82,,,38,,,
2014/10/02,17,73,,,35,,,
2014/10/02,18,67,,,34,,,
2014/10/02,19,70,,,34,,,
2014/10/02,20,68,,,33,,,
2014/10/02,21,84,,,41,,,
2014/10/02,22,59,,,26,,,
2014/10/02,23,40,,,16,,,
2014/10/02,24,39,,,16,,,
2014/10/03,01,39,,,16,,,
2014/10/03,02,37,,,15,,,
2014/10/03,03,54,,,23,,,
2014/10/03,04,50,,,20,,,
2014/10/03,05,37,,,15,,,
2014/10/03,06,36,,,14,,,
2014/10/03,07,38,,,16,,,
2014/10/03,08,40,,,15,,,
2014/10/03,09,77,,,38,,,
2014/10/03,10,78,,,38,,,
2014/10/03,11,71,,,35,,,
2014/10/03,12,58,,,24,,,
2014/10/03,13,64,,,27,,,
2014/10/03,14,59,,,25,,,
2014/10/03,15,75,,,32,,,
2014/10/03,16,64,,,27,,,
2014/10/03,17,57,,,24,,,
2014/10/03,18,57,,,23,,,
2014/10/03,19,59,,,24,,,
2014/10/03,20,57,,,23,,,
2014/10/03,21,70,,,28,,,
2014/10/03,22,48,,,18,,,
2014/10/03,23,37,,,15,,,
2014/10/03,24,37,,,15,,,
2014/10/04,01,37,,,15,,,
2014/10/04,02,35,,,14,,,
2014/10/04,03,53,,,22,,,
2014/10/04,04,46,,,17,,,
2014/10/04,05,35,,,13,,,
2014/10/04,06,34,,,12,,,
2014/10/04,07,35,,,13,,,
2014/10/04,08,46,,,21,,,
2014/10/04,09,75,,,37,,,
2014/10/04,10,72,,,33,,,
2014/10/04,11,66,,,31,,,
2014/10/04,12,63,,,30,,,
2014/10/04,13,66,,,32,,,
2014/10/04,14,63,,,31,,,
2014/10/04,15,81,,,39,,,
2014/10/04,16,70,,,34,,,
2014/10/04,17,62,,,30,,,
2014/10/04,18,60,,,28,,,
2014/10/04,19,63,,,29,,,
2014/10/04,20,61,,,28,,,
2014/10/04,21,76,,,35,,,
2014/10/04,22,50,,,20,,,
2014/10/04,23,34,,,12,,,
2014/10/04,24,35,,,13,,,
2014/10/05,01,35,,,13,,,
2014/10/05,02,33,,,12,,,
2014/10/05,03,52,,,21,,,
2014/10/05,04,44,,,16,,,
2014/10/05,05,34,,,12,,,
2014/10/05,06,35,,,12,,,
2014/10/05,07,36,,,14,,,
2014/10/05,08,42,,,17,,,
2014/10/05,09,79,,,39,,,
2014/10/05,10,72,,,35,,,
2014/10/05,11,66,,,33,,,
2014/10/05,12,66,,,32,,,
2014/10/05,13,68,,,34,,,
2014/10/05,14,64,,,32,,,
2014/10/05,15,86,,,42,,,
2014/10/05,16,72,,,34,,,
2014/10/05,17,66,,,31,,,
2014/10/05,18,66,,,31,,,
2014/10/05,19,67,,,31,,,
2014/10/05,20,54,,,17,,,
2014/10/05,21,72,,,25,,,
2014/10/05,22,48,,,18,,,
2014/10/05,23,40,,,15,,,
2014/10/05,24,40,,,16,,,
2014/10/06,01,39,,,15,,,
2014/10/06,02,36,,,13,,,
2014/10/06,03,56,,,22,,,
2014/10/06,04,47,,,17,,,
2014/10/06,05,37,,,12,,,
2014/10/06,06,36,,,12,,,
2014/10/06,07,38,,,13,,,
2014/10/06,08,40,,,13,,,
2014/10/06,09,69,,,26,,,
2014/10/06,10,59,,,24,,,
2014/10/06,11,58,,,24,,,
2014/10/06,12,56,,,23,,,
2014/10/06,13,59,,,25,,,
2014/10/06,14,54,,,22,,,
2014/10/06,15,72,,,28,,,
2014/10/06,16,58,,,20,,,
2014/10/06,17,50,,,17,,,
2014/10/06,18,49,,,15,,,
2014/10/06,19,54,,,17,,,
2014/10/06,20,48,,,14,,,
2014/10/06,21,64,,,22,,,
2014/10/06,22,42,,,14,,,
2014/10/06,23,33,,,11,,,
2014/10/06,24,34,,,11,,,
2014/10/07,01,34,,,13,,,
2014/10/07,02,31,,,10,,,
2014/10/07,03,49,,,20,,,
2014/10/07,04,39,,,14,,,
2014/10/07,05,31,,,10,,,
2014/10/07,06,30,,,10,,,
2014/10/07,07,32,,,11,,,
2014/10/07,08,39,,,12,,,
2014/10/07,09,60,,,22,,,
2014/10/07,10,52,,,17,,,
2014/10/07,11,50,,,16,,,
2014/10/07,12,49,,,16,,,
2014/10/07,13,62,,,28,,,
2014/10/07,14,62,,,29,,,
2014/10/07,15,81,,,38,,,
2014/10/07,16,68,,,32,,,
2014/10/07,17,63,,,30,,,
2014/10/07,18,60,,,27,,,
2014/10/07,19,59,,,26,,,
2014/10/07,20,56,,,22,,,
2014/10/07,21,71,,,28,,,
2014/10/07,22,47,,,16,,,
2014/10/07,23,32,,,10,,,
2014/10/07,24,32,,,11,,,
2014/10/08,01,32,,,11,,,
2014/10/08,02,30,,,10,,,
2014/10/08,03,49,,,19,,,
2014/10/08,04,38,,,13,,,
2014/10/08,05,31,,,10,,,
2014/10/08,06,30,,,9,,,
2014/10/08,07,32,,,11,,,
2014/10/08,08,32,,,10,,,
2014/10/08,09,61,,,21,,,
2014/10/08,10,52,,,16,,,
2014/10/08,11,50,,,16,,,
2014/10/08,12,51,,,17,,,
2014/10/08,13,56,,,20,,,
2014/10/08,14,54,,,18,,,
2014/10/08,15,72,,,27,,,
2014/10/08,16,66,,,26,,,
2014/10/08,17,63,,,27,,,
2014/10/08,18,60,,,25,,,
2014/10/08,19,62,,,26,,,
2014/10/08,20,54,,,18,,,
2014/10/08,21,68,,,24,,,
2014/10/08,22,56,,,19,,,
2014/10/08,23,44,,,14,,,
2014/10/08,24,41,,,14,,,
2014/10/09,01,37,,,13,,,
2014/10/09,02,34,,,11,,,
2014/10/09,03,54,,,20,,,
2014/10/09,04,43,,,15,,,
2014/10/09,05,35,,,11,,,
2014/10/09,06,35,,,11,,,
2014/10/09,07,36,,,13,,,
2014/10/09,08,40,,,13,,,
2014/10/09,09,66,,,25,,,
2014/10/09,10,61,,,21,,,
2014/10/09,11,52,,,17,,,
2014/10/09,12,52,,,17,,,
2014/10/09,13,55,,,19,,,
2014/10/09,14,51,,,17,,,
2014/10/09,15,70,,,26,,,
2014/10/09,16,58,,,20,,,
2014/10/09,17,51,,,16,,,
2014/10/09,18,53,,,17,,,
2014/10/09,19,55,,,17,,,
2014/10/09,20,52,,,16,,,
2014/10/09,21,68,,,25,,,
2014/10/09,22,47,,,17,,,
2014/10/09,23,38,,,13,,,
2014/10/09,24,37,,,13,,,
2014/10/10,01,38,,,13,,,
2014/10/10,02,35,,,12,,,
2014/10/10,03,54,,,21,,,
2014/10/10,04,44,,,15,,,
2014/10/10,05,36,,,12,,,
2014/10/10,06,35,,,11,,,
2014/10/10,07,36,,,12,,,
2014/10/10,08,45,,,18,,,
2014/10/10,09,66,,,24,,,
2014/10/10,10,61,,,21,,,
2014/10/10,11,52,,,17,,,
2014/10/10,12,68,,,33,,,
2014/10/10,13,74,,,37,,,
2014/10/10,14,70,,,36,,,
2014/10/10,15,87,,,42,,,
2014/10/10,16,69,,,29,,,
2014/10/10,17,69,,,34,,,
2014/10/10,18,67,,,31,,,
2014/10/10,19,67,,,30,,,
2014/10/10,20,65,,,30,,,
2014/10/10,21,81,,,36,,,
2014/10/10,22,53,,,23,,,
2014/10/10,23,39,,,14,,,
2014/10/10,24,38,,,13,,,
2014/10/11,01,38,,,14,,,
2014/10/11,02,36,,,13,,,
2014/10/11,03,55,,,21,,,
2014/10/11,04,46,,,16,,,
2014/10/11,05,37,,,12,,,
2014/10/11,06,36,,,12,,,
2014/10/11,07,37,,,13,,,
2014/10/11,08,40,,,13,,,
2014/10/11,09,64,,,24,,,
2014/10/11,10,57,,,19,,,
2014/10/11,11,50,,,15,,,
2014/10/11,12,50,,,16,,,
2014/10/11,13,56,,,19,,,
2014/10/11,14,54,,,20,,,
2014/10/11,15,73,,,27,,,
2014/10/11,16,68,,,24,,,
2014/10/11,17,54,,,17,,,
2014/10/11,18,52,,,16,,,
2014/10/11,19,54,,,18,,,
2014/10/11,20,52,,,16,,,
2014/10/11,21,68,,,24,,,
2014/10/11,22,55,,,19,,,
2014/10/11,23,37,,,13,,,
2014/10/11,24,37,,,13,,,
2014/10/12,01,38,,,14,,,
2014/10/12,02,34,,,12,,,
2014/10/12,03,55,,,21,,,
2014/10/12,04,44,,,16,,,
2014/10/12,05,36,,,12,,,
2014/10/12,06,35,,,12,,,
2014/10/12,07,37,,,13,,,
2014/10/12,08,39,,,14,,,
2014/10/12,09,67,,,25,,,
2014/10/12,10,61,,,21,,,
2014/10/12,11,52,,,17,,,
2014/10/12,12,51,,,17,,,
2014/10/12,13,56,,,20,,,
2014/10/12,14,51,,,17,,,
2014/10/12,15,71,,,26,,,
2014/10/12,16,60,,,21,,,
2014/10/12,17,51,,,16,,,
2014/10/12,18,51,,,15,,,
2014/10/12,19,55,,,18,,,
2014/10/12,20,53,,,17,,,
2014/10/12,21,70,,,25,,,
2014/10/12,22,50,,,17,,,
2014/10/12,23,44,,,15,,,
2014/10/12,24,38,,,14,,,
2014/10/13,01,38,,,13,,,
2014/10/13,02,35,,,12,,,
2014/10/13,03,53,,,21,,,
2014/10/13,04,43,,,15,,,
2014/10/13,05,35,,,12,,,
2014/10/13,06,34,,,11,,,
2014/10/13,07,36,,,13,,,
2014/10/13,08,38,,,12,,,
2014/10/13,09,65,,,23,,,
2014/10/13,10,57,,,19,,,
2014/10/13,11,52,,,17,,,
2014/10/13,12,50,,,16,,,
2014/10/13,13,54,,,18,,,
2014/10/13,14,49,,,16,,,
2014/10/13,15,70,,,25,,,
2014/10/13,16,55,,,18,,,
2014/10/13,17,50,,,15,,,
2014/10/13,18,50,,,15,,,
2014/10/13,19,52,,,16,,,
2014/10/13,20,50,,,15,,,
2014/10/13,21,60,,,23,,,
2014/10/13,22,46,,,17,,,
2014/10/13,23,37,,,12,,,
2014/10/13,24,37,,,13,,,
2014/10/14,01,36,,,14,,,
2014/10/14,02,34,,,13,,,
2014/10/14,03,53,,,21,,,
2014/10/14,04,43,,,16,,,
2014/10/14,05,35,,,12,,,
2014/10/14,06,34,,,11,,,
2014/10/14,07,34,,,12,,,
2014/10/14,08,37,,,12,,,
2014/10/14,09,60,,,27,,,
2014/10/14,10,52,,,21,,,
2014/10/14,11,46,,,18,,,
2014/10/14,12,46,,,18,,,
2014/10/14,13,49,,,20,,,
2014/10/14,14,45,,,17,,,
2014/10/14,15,64,,,27,,,
2014/10/14,16,57,,,22,,,
2014/10/14,17,45,,,18,,,
2014/10/14,18,46,,,19,,,
2014/10/14,19,48,,,18,,,
2014/10/14,20,45,,,16,,,
2014/10/14,21,64,,,26,,,
2014/10/14,22,48,,,14,,,
2014/10/14,23,33,,,8,,,
2014/10/14,24,32,,,8,,,
2014/10/15,01,33,,,9,,,
2014/10/15,02,30,,,7,,,
2014/10/15,03,51,,,19,,,
2014/10/15,04,37,,,9,,,
2014/10/15,05,31,,,7,,,
2014/10/15,06,30,,,8,,,
2014/10/15,07,32,,,8,,,
2014/10/15,08,32,,,12,,,
2014/10/15,09,58,,,28,,,
2014/10/15,10,48,,,22,,,
2014/10/15,11,44,,,20,,,
2014/10/15,12,46,,,22,,,
2014/10/15,13,44,,,12,,,
2014/10/15,14,45,,,12,,,
2014/10/15,15,64,,,21,,,
2014/10/15,16,57,,,17,,,
2014/10/15,17,47,,,13,,,
2014/10/15,18,44,,,11,,,
2014/10/15,19,46,,,12,,,
2014/10/15,20,44,,,11,,,
2014/10/15,21,62,,,20,,,
2014/10/15,22,41,,,14,,,
2014/10/15,23,31,,,10,,,
2014/10/15,24,31,,,10,,,
2014/10/16,01,32,,,11,,,
2014/10/16,02,29,,,9,,,
2014/10/16,03,49,,,19,,,
2014/10/16,04,36,,,12,,,
2014/10/16,05,30,,,9,,,
2014/10/16,06,29,,,9,,,
2014/10/16,07,30,,,10,,,
2014/10/16,08,30,,,9,,,
2014/10/16,09,56,,,20,,,
2014/10/16,10,46,,,13,,,
2014/10/16,11,43,,,11,,,
2014/10/16,12,44,,,12,,,
2014/10/16,13,49,,,15,,,
2014/10/16,14,45,,,13,,,
2014/10/16,15,64,,,22,,,
2014/10/16,16,58,,,18,,,
2014/10/16,17,45,,,13,,,
2014/10/16,18,45,,,12,,,
2014/10/16,19,48,,,13,,,
2014/10/16,20,46,,,12,,,
2014/10/16,21,62,,,21,,,
2014/10/16,22,43,,,15,,,
2014/10/16,23,31,,,10,,,
2014/10/16,24,33,,,11,,,
2014/10/17,01,32,,,12,,,
2014/10/17,02,30,,,10,,,
2014/10/17,03,50,,,19,,,
2014/10/17,04,37,,,13,,,
2014/10/17,05,30,,,9,,,
2014/10/17,06,29,,,9,,,
2014/10/17,07,30,,,10,,,
2014/10/17,08,33,,,9,,,
2014/10/17,09,60,,,20,,,
2014/10/17,10,51,,,14,,,
2014/10/17,11,46,,,12,,,
2014/10/17,12,47,,,13,,,
2014/10/17,13,48,,,14,,,
2014/10/17,14,44,,,12,,,
2014/10/17,15,63,,,21,,,
2014/10/17,16,56,,,17,,,
2014/10/17,17,44,,,13,,,
2014/10/17,18,44,,,11,,,
2014/10/17,19,46,,,12,,,
2014/10/17,20,43,,,11,,,
2014/10/17,21,61,,,20,,,
2014/10/17,22,43,,,14,,,
2014/10/17,23,30,,,9,,,
2014/10/17,24,31,,,10,,,
2014/10/18,01,32,,,10,,,
2014/10/18,02,30,,,9,,,
2014/10/18,03,49,,,19,,,
2014/10/18,04,36,,,11,,,
2014/10/18,05,29,,,8,,,
2014/10/18,06,29,,,8,,,
2014/10/18,07,29,,,9,,,
2014/10/18,08,30,,,8,,,
2014/10/18,09,57,,,19,,,
2014/10/18,10,42,,,12,,,
2014/10/18,11,41,,,11,,,
2014/10/18,12,43,,,12,,,
2014/10/18,13,46,,,14,,,
2014/10/18,14,44,,,12,,,
2014/10/18,15,63,,,21,,,
2014/10/18,16,57,,,17,,,
2014/10/18,17,45,,,13,,,
2014/10/18,18,44,,,12,,,
2014/10/18,19,47,,,13,,,
2014/10/18,20,43,,,12,,,
2014/10/18,21,61,,,21,,,
2014/10/18,22,41,,,14,,,
2014/10/18,23,29,,,9,,,
2014/10/18,24,31,,,10,,,
2014/10/19,01,31,,,10,,,
2014/10/19,02,28,,,9,,,
2014/10/19,03,49,,,19,,,
2014/10/19,04,35,,,11,,,
2014/10/19,05,29,,,8,,,
2014/10/19,06,28,,,8,,,
2014/10/19,07,29,,,10,,,
2014/10/19,08,30,,,8,,,
2014/10/19,09,59,,,20,,,
2014/10/19,10,47,,,13,,,
2014/10/19,11,45,,,11,,,
2014/10/19,12,47,,,13,,,
2014/10/19,13,50,,,15,,,
2014/10/19,14,47,,,13,,,
2014/10/19,15,68,,,23,,,
2014/10/19,16,61,,,25,,,
2014/10/19,17,55,,,20,,,
2014/10/19,18,53,,,18,,,
2014/10/19,19,55,,,19,,,
2014/10/19,20,50,,,16,,,
2014/10/19,21,68,,,26,,,
2014/10/19,22,47,,,16,,,
2014/10/19,23,34,,,11,,,
2014/10/19,24,35,,,12,,,
2014/10/20,01,36,,,13,,,
2014/10/20,02,33,,,11,,,
2014/10/20,03,55,,,21,,,
2014/10/20,04,44,,,15,,,
2014/10/20,05,36,,,11,,,
2014/10/20,06,35,,,11,,,
2014/10/20,07,37,,,13,,,
2014/10/20,08,37,,,12,,,
2014/10/20,09,63,,,21,,,
2014/10/20,10,54,,,16,,,
2014/10/20,11,49,,,13,,,
2014/10/20,12,47,,,13,,,
2014/10/20,13,50,,,14,,,
2014/10/20,14,45,,,12,,,
2014/10/20,15,64,,,21,,,
2014/10/20,16,55,,,16,,,
2014/10/20,17,46,,,12,,,
2014/10/20,18,47,,,11,,,
2014/10/20,19,50,,,13,,,
2014/10/20,20,46,,,12,,,
2014/10/20,21,66,,,22,,,
2014/10/20,22,49,,,15,,,
2014/10/20,23,35,,,11,,,
2014/10/20,24,35,,,11,,,
2014/10/21,01,35,,,13,,,
2014/10/21,02,32,,,11,,,
2014/10/21,03,53,,,20,,,
2014/10/21,04,42,,,15,,,
2014/10/21,05,34,,,11,,,
2014/10/21,06,33,,,11,,,
2014/10/21,07,34,,,12,,,
2014/10/21,08,35,,,11,,,
2014/10/21,09,62,,,22,,,
2014/10/21,10,51,,,15,,,
2014/10/21,11,47,,,13,,,
2014/10/21,12,47,,,13,,,
2014/10/21,13,55,,,19,,,
2014/10/21,14,55,,,22,,,
2014/10/21,15,74,,,30,,,
2014/10/21,16,65,,,25,,,
2014/10/21,17,54,,,20,,,
2014/10/21,18,56,,,20,,,
2014/10/21,19,58,,,21,,,
2014/10/21,20,54,,,19,,,
2014/10/21,21,71,,,27,,,
2014/10/21,22,44,,,14,,,
2014/10/21,23,36,,,11,,,
2014/10/21,24,36,,,12,,,
2014/10/22,01,35,,,11,,,
2014/10/22,02,33,,,10,,,
2014/10/22,03,53,,,19,,,
2014/10/22,04,43,,,14,,,
2014/10/22,05,35,,,11,,,
2014/10/22,06,34,,,10,,,
2014/10/22,07,33,,,10,,,
2014/10/22,08,35,,,11,,,
2014/10/22,09,64,,,24,,,
2014/10/22,10,53,,,17,,,
2014/10/22,11,46,,,13,,,
2014/10/22,12,45,,,13,,,
2014/10/22,13,48,,,14,,,
2014/10/22,14,43,,,12,,,
2014/10/22,15,62,,,21,,,
2014/10/22,16,49,,,14,,,
2014/10/22,17,43,,,12,,,
2014/10/22,18,44,,,11,,,
2014/10/22,19,47,,,13,,,
2014/10/22,20,45,,,12,,,
2014/10/22,21,63,,,21,,,
2014/10/22,22,45,,,15,,,
2014/10/22,23,32,,,10,,,
2014/10/22,24,33,,,11,,,
2014/10/23,01,33,,,12,,,
2014/10/23,02,31,,,10,,,
2014/10/23,03,51,,,20,,,
2014/10/23,04,40,,,14,,,
2014/10/23,05,31,,,10,,,
2014/10/23,06,30,,,9,,,
2014/10/23,07,32,,,11,,,
2014/10/23,08,32,,,10,,,
2014/10/23,09,59,,,21,,,
2014/10/23,10,48,,,14,,,
2014/10/23,11,43,,,11,,,
2014/10/23,12,45,,,13,,,
2014/10/23,13,47,,,14,,,
2014/10/23,14,43,,,12,,,
2014/10/23,15,63,,,21,,,
2014/10/23,16,51,,,15,,,
2014/10/23,17,44,,,12,,,
2014/10/23,18,43,,,11,,,
2014/10/23,19,45,,,12,,,
2014/10/23,20,44,,,11,,,
2014/10/23,21,63,,,21,,,
2014/10/23,22,47,,,13,,,
2014/10/23,23,37,,,10,,,
2014/10/23,24,33,,,9,,,
2014/10/24,01,31,,,10,,,
2014/10/24,02,28,,,9,,,
2014/10/24,03,49,,,19,,,
2014/10/24,04,36,,,11,,,
2014/10/24,05,28,,,8,,,
2014/10/24,06,28,,,8,,,
2014/10/24,07,29,,,10,,,
2014/10/24,08,28,,,8,,,
2014/10/24,09,56,,,19,,,
2014/10/24,10,42,,,11,,,
2014/10/24,11,42,,,11,,,
2014/10/24,12,44,,,12,,,
2014/10/24,13,50,,,17,,,
2014/10/24,14,47,,,15,,,
2014/10/24,15,68,,,25,,,
2014/10/24,16,55,,,19,,,
2014/10/24,17,49,,,16,,,
2014/10/24,18,46,,,14,,,
2014/10/24,19,48,,,14,,,
2014/10/24,20,44,,,11,,,
2014/10/24,21,61,,,20,,,
2014/10/24,22,44,,,14,,,
2014/10/24,23,32,,,9,,,
2014/10/24,24,30,,,10,,,
2014/10/25,01,31,,,11,,,
2014/10/25,02,28,,,9,,,
2014/10/25,03,49,,,19,,,
2014/10/25,04,35,,,11,,,
2014/10/25,05,29,,,8,,,
2014/10/25,06,29,,,9,,,
2014/10/25,07,30,,,10,,,
2014/10/25,08,31,,,9,,,
2014/10/25,09,57,,,20,,,
2014/10/25,10,47,,,13,,,
2014/10/25,11,44,,,11,,,
2014/10/25,12,46,,,12,,,
2014/10/25,13,50,,,15,,,
2014/10/25,14,46,,,13,,,
2014/10/25,15,67,,,22,,,
2014/10/25,16,55,,,16,,,
2014/10/25,17,49,,,14,,,
2014/10/25,18,47,,,13,,,
2014/10/25,19,50,,,13,,,
2014/10/25,20,46,,,12,,,
2014/10/25,21,65,,,21,,,
2014/10/25,22,47,,,15,,,
2014/10/25,23,32,,,10,,,
2014/10/25,24,33,,,11,,,
2014/10/26,01,34,,,12,,,
2014/10/26,02,30,,,10,,,
2014/10/26,03,51,,,20,,,
2014/10/26,04,39,,,13,,,
2014/10/26,05,31,,,10,,,
2014/10/26,06,30,,,10,,,
2014/10/26,07,32,,,11,,,
2014/10/26,08,33,,,10,,,
2014/10/26,09,62,,,22,,,
2014/10/26,10,53,,,15,,,
2014/10/26,11,47,,,13,,,
2014/10/26,12,48,,,14,,,
2014/10/26,13,53,,,16,,,
2014/10/26,14,49,,,14,,,
2014/10/26,15,72,,,24,,,
2014/10/26,16,61,,,19,,,
2014/10/26,17,53,,,16,,,
2014/10/26,18,51,,,13,,,
2014/10/26,19,52,,,15,,,
2014/10/26,20,48,,,13,,,
2014/10/26,21,65,,,22,,,
2014/10/26,22,52,,,17,,,
2014/10/26,23,36,,,11,,,
2014/10/26,24,34,,,11,,,
2014/10/27,01,35,,,12,,,
2014/10/27,02,31,,,10,,,
2014/10/27,03,52,,,20,,,
2014/10/27,04,41,,,14,,,
2014/10/27,05,32,,,11,,,
2014/10/27,06,32,,,10,,,
2014/10/27,07,34,,,12,,,
2014/10/27,08,34,,,11,,,
2014/10/27,09,63,,,22,,,
2014/10/27,10,53,,,16,,,
2014/10/27,11,52,,,18,,,
2014/10/27,12,57,,,24,,,
2014/10/27,13,58,,,24,,,
2014/10/27,14,53,,,21,,,
2014/10/27,15,68,,,28,,,
2014/10/27,16,58,,,21,,,
2014/10/27,17,47,,,16,,,
2014/10/27,18,44,,,13,,,
2014/10/27,19,46,,,13,,,
2014/10/27,20,44,,,11,,,
2014/10/27,21,61,,,20,,,
2014/10/27,22,41,,,13,,,
2014/10/27,23,29,,,9,,,
2014/10/27,24,30,,,9,,,
2014/10/28,01,30,,,10,,,
2014/10/28,02,28,,,9,,,
2014/10/28,03,47,,,18,,,
2014/10/28,04,36,,,12,,,
2014/10/28,05,29,,,8,,,
2014/10/28,06,28,,,8,,,
2014/10/28,07,29,,,10,,,
2014/10/28,08,29,,,8,,,
2014/10/28,09,55,,,19,,,
2014/10/28,10,44,,,12,,,
2014/10/28,11,41,,,10,,,
2014/10/28,12,42,,,12,,,
2014/10/28,13,44,,,12,,,
2014/10/28,14,39,,,10,,,
2014/10/28,15,60,,,19,,,
2014/10/28,16,51,,,14,,,
2014/10/28,17,23,,,10,,,
2014/10/28,18,40,,,9,,,
2014/10/28,19,43,,,10,,,
2014/10/28,20,42,,,11,,,
2014/10/28,21,59,,,20,,,
2014/10/28,22,42,,,13,,,
2014/10/28,23,30,,,8,,,
2014/10/28,24,28,,,8,,,
2014/10/29,01,28,,,9,,,
2014/10/29,02,26,,,8,,,
2014/10/29,03,46,,,18,,,
2014/10/29,04,29,,,9,,,
2014/10/29,05,27,,,8,,,
2014/10/29,06,26,,,7,,,
2014/10/29,07,27,,,9,,,
2014/10/29,08,26,,,7,,,
2014/10/29,09,55,,,18,,,
2014/10/29,10,42,,,11,,,
2014/10/29,11,39,,,9,,,
2014/10/29,12,41,,,11,,,
2014/10/29,13,43,,,13,,,
2014/10/29,14,41,,,11,,,
2014/10/29,15,62,,,21,,,
2014/10/29,16,54,,,17,,,
2014/10/29,17,43,,,12,,,
2014/10/29,18,41,,,11,,,
2014/10/29,19,44,,,11,,,
2014/10/29,20,41,,,10,,,
2014/10/29,21,59,,,19,,,
2014/10/29,22,43,,,12,,,
2014/10/29,23,30,,,9,,,
2014/10/29,24,29,,,9,,,
2014/10/30,01,30,,,10,,,
2014/10/30,02,27,,,9,,,
2014/10/30,03,47,,,18,,,
2014/10/30,04,34,,,11,,,
2014/10/30,05,28,,,8,,,
2014/10/30,06,27,,,8,,,
2014/10/30,07,29,,,10,,,
2014/10/30,08,29,,,8,,,
2014/10/30,09,54,,,19,,,
2014/10/30,10,44,,,12,,,
2014/10/30,11,41,,,10,,,
2014/10/30,12,44,,,12,,,
2014/10/30,13,47,,,14,,,
2014/10/30,14,43,,,12,,,
2014/10/30,15,63,,,21,,,
2014/10/30,16,58,,,18,,,
2014/10/30,17,46,,,13,,,
2014/10/30,18,45,,,12,,,
2014/10/30,19,48,,,13,,,
2014/10/30,20,45,,,12,,,
2014/10/30,21,64,,,21,,,
2014/10/30,22,47,,,15,,,
2014/10/30,23,34,,,11,,,
2014/10/30,24,34,,,11,,,
2014/10/31,01,34,,,12,,,
2014/10/31,02,30,,,10,,,
2014/10/31,03,51,,,20,,,
2014/10/31,04,40,,,14,,,
2014/10/31,05,32,,,10,,,
2014/10/31,06,32,,,10,,,
2014/10/31,07,33,,,11,,,
2014/10/31,08,36,,,11,,,
2014/10/31,09,61,,,21,,,
2014/10/31,10,49,,,14,,,
2014/10/31,11,47,,,14,,,
2014/10/31,12,48,,,15,,,
2014/10/31,13,50,,,15,,,
2014/10/31,14,44,,,12,,,
2014/10/31,15,61,,,19,,,
2014/10/31,16,50,,,15,,,
2014/10/31,17,44,,,12,,,
2014/10/31,18,45,,,12,,,
2014/10/31,19,49,,,14,,,
2014/10/31,20,47,,,13,,,
2014/10/31,21,64,,,22,,,
2014/10/31,22,48,,,15,,,
2014/10/31,23,35,,,12,,,
2014/10/31,24,33,,,12,,,
2014/11/01,01,34,,,13,,,
2014/11/01,02,31,,,11,,,
2014/11/01,03,51,,,20,,,
2014/11/01,04,40,,,14,,,
2014/11/01,05,32,,,11,,,
2014/11/01,06,32,,,11,,,
2014/11/01,07,32,,,11,,,
2014/11/01,08,33,,,11,,,
2014/11/01,09,59,,,21,,,
2014/11/01,10,49,,,14,,,
2014/11/01,11,44,,,12,,,
2014/11/01,12,45,,,12,,,
2014/11/01,13,49,,,14,,,
2014/11/01,14,44,,,12,,,
2014/11/01,15,65,,,22,,,
2014/11/01,16,56,,,16,,,
2014/11/01,17,46,,,12,,,
2014/11/01,18,46,,,12,,,
2014/11/01,19,49,,,13,,,
2014/11/01,20,46,,,12,,,
2014/11/01,21,63,,,21,,,
2014/11/01,22,44,,,15,,,
2014/11/01,23,33,,,11,,,
2014/11/01,24,33,,,11,,,
2014/11/02,01,35,,,12,,,
2014/11/02,02,31,,,10,,,
2014/11/02,03,51,,,20,,,
2014/11/02,04,40,,,14,,,
2014/11/02,05,33,,,11,,,
2014/11/02,06,33,,,11,,,
2014/11/02,07,33,,,12,,,
2014/11/02,08,36,,,11,,,
2014/11/02,09,62,,,21,,,
2014/11/02,10,53,,,15,,,
2014/11/02,11,48,,,13,,,
2014/11/02,12,48,,,14,,,
2014/11/02,13,51,,,15,,,
2014/11/02,14,47,,,13,,,
2014/11/02,15,65,,,22,,,
2014/11/02,16,59,,,18,,,
2014/11/02,17,48,,,13,,,
2014/11/02,18,48,,,13,,,
2014/11/02,19,51,,,14,,,
2014/11/02,20,48,,,13,,,
2014/11/02,21,66,,,22,,,
2014/11/02,22,47,,,15,,,
2014/11/02,23,35,,,11,,,
2014/11/02,24,33,,,11,,,
2014/11/03,01,34,,,12,,,
2014/11/03,02,30,,,10,,,
2014/11/03,03,50,,,20,,,
2014/11/03,04,39,,,14,,,
2014/11/03,05,31,,,10,,,
2014/11/03,06,30,,,10,,,
2014/11/03,07,31,,,10,,,
2014/11/03,08,30,,,9,,,
2014/11/03,09,59,,,20,,,
2014/11/03,10,47,,,13,,,
2014/11/03,11,42,,,11,,,
2014/11/03,12,43,,,12,,,
2014/11/03,13,46,,,14,,,
2014/11/03,14,41,,,11,,,
2014/11/03,15,61,,,21,,,
2014/11/03,16,52,,,15,,,
2014/11/03,17,42,,,11,,,
2014/11/03,18,41,,,10,,,
2014/11/03,19,44,,,11,,,
2014/11/03,20,42,,,10,,,
2014/11/03,21,60,,,20,,,
2014/11/03,22,38,,,12,,,
2014/11/03,23,27,,,8,,,
2014/11/03,24,28,,,8,,,
2014/11/04,01,28,,,9,,,
2014/11/04,02,26,,,8,,,
2014/11/04,03,46,,,18,,,
2014/11/04,04,32,,,10,,,
2014/11/04,05,26,,,7,,,
2014/11/04,06,26,,,7,,,
2014/11/04,07,27,,,9,,,
2014/11/04,08,27,,,7,,,
2014/11/04,09,56,,,19,,,
2014/11/04,10,43,,,11,,,
2014/11/04,11,40,,,10,,,
2014/11/04,12,41,,,11,,,
2014/11/04,13,45,,,13,,,
2014/11/04,14,40,,,11,,,
2014/11/04,15,59,,,19,,,
2014/11/04,16,50,,,14,,,
2014/11/04,17,41,,,11,,,
2014/11/04,18,41,,,10,,,
2014/11/04,19,42,,,9,,,
2014/11/04,20,43,,,12,,,
2014/11/04,21,59,,,20,,,
2014/11/04,22,36,,,12,,,
2014/11/04,23,27,,,8,,,
2014/11/04,24,27,,,8,,,
2014/11/05,01,28,,,9,,,
2014/11/05,02,26,,,8,,,
2014/11/05,03,46,,,18,,,
2014/11/05,04,29,,,9,,,
2014/11/05,05,27,,,8,,,
2014/11/05,06,26,,,7,,,
2014/11/05,07,27,,,9,,,
2014/11/05,08,28,,,7,,,
2014/11/05,09,56,,,19,,,
2014/11/05,10,44,,,12,,,
2014/11/05,11,41,,,11,,,
2014/11/05,12,42,,,11,,,
2014/11/05,13,44,,,13,,,
2014/11/05,14,43,,,12,,,
2014/11/05,15,62,,,21,,,
2014/11/05,16,54,,,15,,,
2014/11/05,17,44,,,12,,,
2014/11/05,18,44,,,11,,,
2014/11/05,19,46,,,12,,,
2014/11/05,20,44,,,11,,,
2014/11/05,21,62,,,21,,,
2014/11/05,22,44,,,14,,,
2014/11/05,23,30,,,10,,,
2014/11/05,24,31,,,10,,,
2014/11/06,01,32,,,11,,,
2014/11/06,02,29,,,10,,,
2014/11/06,03,49,,,19,,,
2014/11/06,04,36,,,12,,,
2014/11/06,05,31,,,10,,,
2014/11/06,06,30,,,9,,,
2014/11/06,07,31,,,11,,,
2014/11/06,08,36,,,10,,,
2014/11/06,09,59,,,21,,,
2014/11/06,10,50,,,15,,,
2014/11/06,11,44,,,12,,,
2014/11/06,12,46,,,13,,,
2014/11/06,13,50,,,15,,,
2014/11/06,14,46,,,13,,,
2014/11/06,15,64,,,21,,,
2014/11/06,16,56,,,16,,,
2014/11/06,17,46,,,12,,,
2014/11/06,18,44,,,11,,,
2014/11/06,19,47,,,13,,,
2014/11/06,20,45,,,11,,,
2014/11/06,21,63,,,21,,,
2014/11/06,22,45,,,14,,,
2014/11/06,23,33,,,10,,,
2014/11/06,24,31,,,11,,,
2014/11/07,01,31,,,11,,,
2014/11/07,02,28,,,9,,,
2014/11/07,03,48,,,19,,,
2014/11/07,04,36,,,12,,,
2014/11/07,05,30,,,10,,,
2014/11/07,06,29,,,9,,,
2014/11/07,07,31,,,10,,,
2014/11/07,08,30,,,9,,,
2014/11/07,09,59,,,20,,,
2014/11/07,10,47,,,14,,,
2014/11/07,11,43,,,12,,,
2014/11/07,12,43,,,12,,,
2014/11/07,13,46,,,14,,,
2014/11/07,14,42,,,12,,,
2014/11/07,15,62,,,21,,,
2014/11/07,16,53,,,16,,,
2014/11/07,17,42,,,12,,,
2014/11/07,18,41,,,11,,,
2014/11/07,19,44,,,11,,,
2014/11/07,20,42,,,10,,,
2014/11/07,21,60,,,20,,,
2014/11/07,22,40,,,12,,,
2014/11/07,23,27,,,8,,,
2014/11/07,24,28,,,9,,,
2014/11/08,01,28,,,9,,,
2014/11/08,02,26,,,8,,,
2014/11/08,03,45,,,18,,,
2014/11/08,04,29,,,9,,,
2014/11/08,05,27,,,8,,,
2014/11/08,06,26,,,7,,,
2014/11/08,07,27,,,9,,,
2014/11/08,08,30,,,8,,,
2014/11/08,09,56,,,20,,,
2014/11/08,10,44,,,12,,,
2014/11/08,11,40,,,10,,,
2014/11/08,12,41,,,11,,,
2014/11/08,13,44,,,12,,,
2014/11/08,14,40,,,10,,,
2014/11/08,15,61,,,20,,,
2014/11/08,16,50,,,15,,,
2014/11/08,17,42,,,11,,,
2014/11/08,18,42,,,10,,,
2014/11/08,19,45,,,12,,,
2014/11/08,20,43,,,11,,,
2014/11/08,21,61,,,20,,,
2014/11/08,22,39,,,12,,,
2014/11/08,23,29,,,9,,,
2014/11/08,24,29,,,9,,,
2014/11/09,01,30,,,10,,,
2014/11/09,02,27,,,9,,,
2014/11/09,03,47,,,18,,,
2014/11/09,04,31,,,10,,,
2014/11/09,05,29,,,9,,,
2014/11/09,06,29,,,9,,,
2014/11/09,07,30,,,10,,,
2014/11/09,08,30,,,8,,,
2014/11/09,09,58,,,20,,,
2014/11/09,10,45,,,12,,,
2014/11/09,11,41,,,10,,,
2014/11/09,12,42,,,10,,,
2014/11/09,13,44,,,11,,,
2014/11/09,14,41,,,10,,,
2014/11/09,15,61,,,20,,,
2014/11/09,16,50,,,14,,,
2014/11/09,17,44,,,12,,,
2014/11/09,18,43,,,10,,,
2014/11/09,19,45,,,11,,,
2014/11/09,20,42,,,10,,,
2014/11/09,21,61,,,20,,,
2014/11/09,22,40,,,13,,,
2014/11/09,23,30,,,9,,,
2014/11/09,24,30,,,10,,,
2014/11/10,01,31,,,11,,,
2014/11/10,02,28,,,9,,,
2014/11/10,03,49,,,19,,,
2014/11/10,04,36,,,12,,,
2014/11/10,05,30,,,9,,,
2014/11/10,06,29,,,9,,,
2014/11/10,07,29,,,10,,,
2014/11/10,08,30,,,9,,,
2014/11/10,09,57,,,20,,,
2014/11/10,10,46,,,13,,,
2014/11/10,11,42,,,11,,,
2014/11/10,12,43,,,12,,,
2014/11/10,13,45,,,13,,,
2014/11/10,14,41,,,12,,,
2014/11/10,15,61,,,21,,,
2014/11/10,16,51,,,15,,,
2014/11/10,17,42,,,12,,,
2014/11/10,18,42,,,10,,,
2014/11/10,19,44,,,11,,,
2014/11/10,20,42,,,10,,,
2014/11/10,21,59,,,19,,,
2014/11/10,22,37,,,11,,,
2014/11/10,23,28,,,8,,,
2014/11/10,24,28,,,8,,,
2014/11/11,01,28,,,9,,,
2014/11/11,02,26,,,8,,,
2014/11/11,03,46,,,18,,,
2014/11/11,04,31,,,10,,,
2014/11/11,05,26,,,7,,,
2014/11/11,06,26,,,7,,,
2014/11/11,07,27,,,9,,,
2014/11/11,08,30,,,7,,,
2014/11/11,09,56,,,19,,,
2014/11/11,10,44,,,11,,,
2014/11/11,11,41,,,9,,,
2014/11/11,12,43,,,11,,,
2014/11/11,13,45,,,13,,,
2014/11/11,14,43,,,12,,,
2014/11/11,15,62,,,21,,,
2014/11/11,16,51,,,15,,,
2014/11/11,17,43,,,12,,,
2014/11/11,18,43,,,11,,,
2014/11/11,19,45,,,12,,,
2014/11/11,20,43,,,11,,,
2014/11/11,21,61,,,20,,,
2014/11/11,22,40,,,13,,,
2014/11/11,23,30,,,9,,,
2014/11/11,24,30,,,9,,,
2014/11/12,01,31,,,11,,,
2014/11/12,02,28,,,9,,,
2014/11/12,03,47,,,18,,,
2014/11/12,04,32,,,10,,,
2014/11/12,05,29,,,9,,,
2014/11/12,06,28,,,8,,,
2014/11/12,07,30,,,10,,,
2014/11/12,08,31,,,9,,,
2014/11/12,09,59,,,20,,,
2014/11/12,10,47,,,13,,,
2014/11/12,11,43,,,12,,,
2014/11/12,12,43,,,12,,,
2014/11/12,13,46,,,13,,,
2014/11/12,14,41,,,11,,,
2014/11/12,15,63,,,21,,,
2014/11/12,16,52,,,15,,,
2014/11/12,17,44,,,12,,,
2014/11/12,18,43,,,11,,,
2014/11/12,19,47,,,12,,,
2014/11/12,20,44,,,11,,,
2014/11/12,21,62,,,21,,,
2014/11/12,22,44,,,13,,,
2014/11/12,23,31,,,9,,,
2014/11/12,24,29,,,9,,,
2014/11/13,01,30,,,10,,,
2014/11/13,02,28,,,9,,,
2014/11/13,03,48,,,19,,,
2014/11/13,04,35,,,11,,,
2014/11/13,05,28,,,8,,,
2014/11/13,06,28,,,8,,,
2014/11/13,07,28,,,9,,,
2014/11/13,08,29,,,8,,,
2014/11/13,09,56,,,19,,,
2014/11/13,10,44,,,11,,,
2014/11/13,11,41,,,9,,,
2014/11/13,12,42,,,10,,,
2014/11/13,13,43,,,11,,,
2014/11/13,14,39,,,9,,,
2014/11/13,15,59,,,19,,,
2014/11/13,16,46,,,12,,,
2014/11/13,17,40,,,10,,,
2014/11/13,18,40,,,9,,,
2014/11/13,19,40,,,9,,,
2014/11/13,20,39,,,9,,,
2014/11/13,21,57,,,18,,,
2014/11/13,22,36,,,10,,,
2014/11/13,23,26,,,7,,,
2014/11/13,24,26,,,7,,,
2014/11/14,01,25,,,8,,,
2014/11/14,02,25,,,7,,,
2014/11/14,03,45,,,17,,,
2014/11/14,04,28,,,8,,,
2014/11/14,05,25,,,7,,,
2014/11/14,06,24,,,6,,,
2014/11/14,07,25,,,8,,,
2014/11/14,08,26,,,6,,,
2014/11/14,09,67,,,30,,,
2014/11/14,10,59,,,28,,,
2014/11/14,11,58,,,28,,,
2014/11/14,12,59,,,29,,,
2014/11/14,13,59,,,28,,,
2014/11/14,14,55,,,27,,,
2014/11/14,15,76,,,37,,,
2014/11/14,16,64,,,30,,,
2014/11/14,17,58,,,29,,,
2014/11/14,18,58,,,27,,,
2014/11/14,19,60,,,28,,,
2014/11/14,20,58,,,27,,,
2014/11/14,21,76,,,37,,,
2014/11/14,22,37,,,13,,,
2014/11/14,23,27,,,8,,,
2014/11/14,24,26,,,7,,,
2014/11/15,01,27,,,9,,,
2014/11/15,02,25,,,7,,,
2014/11/15,03,45,,,17,,,
2014/11/15,04,29,,,9,,,
2014/11/15,05,25,,,7,,,
2014/11/15,06,25,,,7,,,
2014/11/15,07,26,,,8,,,
2014/11/15,08,26,,,6,,,
2014/11/15,09,67,,,31,,,
2014/11/15,10,58,,,28,,,
2014/11/15,11,58,,,28,,,
2014/11/15,12,58,,,28,,,
2014/11/15,13,57,,,26,,,
2014/11/15,14,53,,,24,,,
2014/11/15,15,75,,,35,,,
2014/11/15,16,64,,,29,,,
2014/11/15,17,60,,,29,,,
2014/11/15,18,60,,,29,,,
2014/11/15,19,62,,,30,,,
2014/11/15,20,60,,,29,,,
2014/11/15,21,77,,,37,,,
2014/11/15,22,36,,,13,,,
2014/11/15,23,27,,,8,,,
2014/11/15,24,27,,,8,,,
2014/11/16,01,27,,,9,,,
2014/11/16,02,25,,,7,,,
2014/11/16,03,45,,,17,,,
2014/11/16,04,29,,,9,,,
2014/11/16,05,26,,,7,,,
2014/11/16,06,25,,,7,,,
2014/11/16,07,26,,,8,,,
2014/11/16,08,27,,,7,,,
2014/11/16,09,60,,,24,,,
2014/11/16,10,44,,,14,,,
2014/11/16,11,42,,,12,,,
2014/11/16,12,43,,,13,,,
2014/11/16,13,45,,,14,,,
2014/11/16,14,41,,,12,,,
2014/11/16,15,63,,,22,,,
2014/11/16,16,51,,,16,,,
2014/11/16,17,43,,,12,,,
2014/11/16,18,41,,,9,,,
2014/11/16,19,42,,,10,,,
2014/11/16,20,40,,,9,,,
2014/11/16,21,58,,,19,,,
2014/11/16,22,38,,,11,,,
2014/11/16,23,26,,,7,,,
2014/11/16,24,26,,,8,,,
2014/11/17,01,27,,,8,,,
2014/11/17,02,25,,,7,,,
2014/11/17,03,45,,,17,,,
2014/11/17,04,27,,,8,,,
2014/11/17,05,25,,,7,,,
2014/11/17,06,25,,,7,,,
2014/11/17,07,27,,,8,,,
2014/11/17,08,26,,,6,,,
2014/11/17,09,54,,,18,,,
2014/11/17,10,58,,,27,,,
2014/11/17,11,59,,,29,,,
2014/11/17,12,56,,,26,,,
2014/11/17,13,57,,,26,,,
2014/11/17,14,53,,,24,,,
2014/11/17,15,74,,,34,,,
2014/11/17,16,64,,,28,,,
2014/11/17,17,58,,,26,,,
2014/11/17,18,58,,,25,,,
2014/11/17,19,59,,,26,,,
2014/11/17,20,58,,,26,,,
2014/11/17,21,75,,,35,,,
2014/11/17,22,39,,,13,,,
2014/11/17,23,28,,,8,,,
2014/11/17,24,28,,,8,,,
2014/11/18,01,29,,,9,,,
2014/11/18,02,26,,,8,,,
2014/11/18,03,46,,,18,,,
2014/11/18,04,31,,,9,,,
2014/11/18,05,27,,,8,,,
2014/11/18,06,26,,,7,,,
2014/11/18,07,28,,,9,,,
2014/11/18,08,28,,,7,,,
2014/11/18,09,55,,,18,,,
2014/11/18,10,41,,,10,,,
2014/11/18,11,39,,,9,,,
2014/11/18,12,51,,,21,,,
2014/11/18,13,60,,,29,,,
2014/11/18,14,55,,,26,,,
2014/11/18,15,74,,,35,,,
2014/11/18,16,64,,,31,,,
2014/11/18,17,59,,,29,,,
2014/11/18,18,59,,,28,,,
2014/11/18,19,60,,,28,,,
2014/11/18,20,59,,,27,,,
2014/11/18,21,77,,,37,,,
2014/11/18,22,51,,,28,,,
2014/11/18,23,46,,,27,,,
2014/11/18,24,46,,,27,,,
2014/11/19,01,46,,,27,,,
2014/11/19,02,44,,,26,,,
2014/11/19,03,64,,,36,,,
2014/11/19,04,49,,,28,,,
2014/11/19,05,45,,,25,,,
2014/11/19,06,44,,,25,,,
2014/11/19,07,45,,,27,,,
2014/11/19,08,45,,,26,,,
2014/11/19,09,72,,,36,,,
2014/11/19,10,60,,,29,,,
2014/11/19,11,59,,,29,,,
2014/11/19,12,58,,,28,,,
2014/11/19,13,58,,,26,,,
2014/11/19,14,51,,,22,,,
2014/11/19,15,70,,,30,,,
2014/11/19,16,59,,,24,,,
2014/11/19,17,52,,,21,,,
2014/11/19,18,51,,,20,,,
2014/11/19,19,52,,,20,,,
2014/11/19,20,50,,,19,,,
2014/11/19,21,68,,,29,,,
2014/11/19,22,43,,,17,,,
2014/11/19,23,30,,,7,,,
2014/11/19,24,27,,,8,,,
2014/11/20,01,27,,,8,,,
2014/11/20,02,25,,,7,,,
2014/11/20,03,46,,,17,,,
2014/11/20,04,29,,,8,,,
2014/11/20,05,26,,,7,,,
2014/11/20,06,25,,,8,,,
2014/11/20,07,28,,,9,,,
2014/11/20,08,26,,,6,,,
2014/11/20,09,61,,,25,,,
2014/11/20,10,52,,,21,,,
2014/11/20,11,50,,,19,,,
2014/11/20,12,51,,,21,,,
2014/11/20,13,52,,,22,,,
2014/11/20,14,49,,,20,,,
2014/11/20,15,70,,,30,,,
2014/11/20,16,58,,,23,,,
2014/11/20,17,53,,,23,,,
2014/11/20,18,52,,,21,,,
2014/11/20,19,53,,,21,,,
2014/11/20,20,53,,,20,,,
2014/11/20,21,70,,,29,,,
2014/11/20,22,49,,,21,,,
2014/11/20,23,29,,,8,,,
2014/11/20,24,28,,,8,,,
2014/11/21,01,25,,,7,,,
2014/11/21,02,25,,,7,,,
2014/11/21,03,45,,,17,,,
2014/11/21,04,26,,,8,,,
2014/11/21,05,24,,,6,,,
2014/11/21,06,23,,,6,,,
2014/11/21,07,26,,,8,,,
2014/11/21,08,28,,,8,,,
2014/11/21,09,63,,,27,,,
2014/11/21,10,50,,,20,,,
2014/11/21,11,50,,,20,,,
2014/11/21,12,52,,,21,,,
2014/11/21,13,53,,,22,,,
2014/11/21,14,50,,,20,,,
2014/11/21,15,71,,,30,,,
2014/11/21,16,57,,,23,,,
2014/11/21,17,52,,,21,,,
2014/11/21,18,51,,,21,,,
2014/11/21,19,54,,,22,,,
2014/11/21,20,51,,,20,,,
2014/11/21,21,67,,,29,,,
2014/11/21,22,52,,,24,,,
2014/11/21,23,31,,,8,,,
2014/11/21,24,26,,,8,,,
2014/11/22,01,26,,,8,,,
2014/11/22,02,25,,,8,,,
2014/11/22,03,45,,,17,,,
2014/11/22,04,28,,,8,,,
2014/11/22,05,25,,,7,,,
2014/11/22,06,26,,,7,,,
2014/11/22,07,27,,,8,,,
2014/11/22,08,29,,,7,,,
2014/11/22,09,55,,,19,,,
2014/11/22,10,42,,,11,,,
2014/11/22,11,40,,,9,,,
2014/11/22,12,41,,,11,,,
2014/11/22,13,45,,,13,,,
2014/11/22,14,41,,,11,,,
2014/11/22,15,63,,,22,,,
2014/11/22,16,49,,,15,,,
2014/11/22,17,43,,,12,,,
2014/11/22,18,43,,,11,,,
2014/11/22,19,44,,,11,,,
2014/11/22,20,42,,,10,,,
2014/11/22,21,59,,,19,,,
2014/11/22,22,36,,,10,,,
2014/11/22,23,26,,,7,,,
2014/11/22,24,26,,,8,,,
2014/11/23,01,27,,,9,,,
2014/11/23,02,25,,,7,,,
2014/11/23,03,46,,,18,,,
2014/11/23,04,28,,,9,,,
2014/11/23,05,25,,,7,,,
2014/11/23,06,25,,,7,,,
2014/11/23,07,26,,,8,,,
2014/11/23,08,28,,,7,,,
2014/11/23,09,60,,,23,,,
2014/11/23,10,44,,,14,,,
2014/11/23,11,43,,,12,,,
2014/11/23,12,44,,,13,,,
2014/11/23,13,47,,,15,,,
2014/11/23,14,43,,,13,,,
2014/11/23,15,64,,,22,,,
2014/11/23,16,51,,,16,,,
2014/11/23,17,47,,,14,,,
2014/11/23,18,47,,,13,,,
2014/11/23,19,47,,,14,,,
2014/11/23,20,45,,,13,,,
2014/11/23,21,62,,,22,,,
2014/11/23,22,36,,,11,,,
2014/11/23,23,27,,,8,,,
2014/11/23,24,26,,,8,,,
2014/11/24,01,27,,,8,,,
2014/11/24,02,25,,,7,,,
2014/11/24,03,47,,,18,,,
2014/11/24,04,29,,,8,,,
2014/11/24,05,25,,,7,,,
2014/11/24,06,25,,,7,,,
2014/11/24,07,26,,,8,,,
2014/11/24,08,31,,,10,,,
2014/11/24,09,67,,,29,,,
2014/11/24,10,53,,,22,,,
2014/11/24,11,52,,,21,,,
2014/11/24,12,48,,,17,,,
2014/11/24,13,45,,,13,,,
2014/11/24,14,42,,,11,,,
2014/11/24,15,62,,,21,,,
2014/11/24,16,51,,,15,,,
2014/11/24,17,44,,,12,,,
2014/11/24,18,43,,,10,,,
2014/11/24,19,44,,,11,,,
2014/11/24,20,42,,,10,,,
2014/11/24,21,59,,,19,,,
2014/11/24,22,36,,,11,,,
2014/11/24,23,29,,,8,,,
2014/11/24,24,27,,,8,,,
2014/11/25,01,29,,,10,,,
2014/11/25,02,26,,,8,,,
2014/11/25,03,48,,,19,,,
2014/11/25,04,32,,,10,,,
2014/11/25,05,28,,,8,,,
2014/11/25,06,27,,,8,,,
2014/11/25,07,28,,,9,,,
2014/11/25,08,33,,,10,,,
2014/11/25,09,67,,,30,,,
2014/11/25,10,54,,,23,,,
2014/11/25,11,50,,,20,,,
2014/11/25,12,51,,,21,,,
2014/11/25,13,53,,,22,,,
2014/11/25,14,50,,,20,,,
2014/11/25,15,72,,,31,,,
2014/11/25,16,57,,,24,,,
2014/11/25,17,53,,,21,,,
2014/11/25,18,46,,,14,,,
2014/11/25,19,44,,,12,,,
2014/11/25,20,42,,,10,,,
2014/11/25,21,58,,,19,,,
2014/11/25,22,37,,,11,,,
2014/11/25,23,28,,,9,,,
2014/11/25,24,28,,,8,,,
2014/11/26,01,29,,,10,,,
2014/11/26,02,26,,,8,,,
2014/11/26,03,48,,,19,,,
2014/11/26,04,32,,,10,,,
2014/11/26,05,28,,,8,,,
2014/11/26,06,27,,,8,,,
2014/11/26,07,28,,,9,,,
2014/11/26,08,27,,,8,,,
2014/11/26,09,65,,,28,,,
2014/11/26,10,52,,,22,,,
2014/11/26,11,48,,,20,,,
2014/11/26,12,51,,,22,,,
2014/11/26,13,54,,,23,,,
2014/11/26,14,51,,,21,,,
2014/11/26,15,72,,,31,,,
2014/11/26,16,58,,,24,,,
2014/11/26,17,53,,,22,,,
2014/11/26,18,52,,,21,,,
2014/11/26,19,55,,,22,,,
2014/11/26,20,54,,,22,,,
2014/11/26,21,72,,,31,,,
2014/11/26,22,49,,,22,,,
2014/11/26,23,31,,,10,,,
2014/11/26,24,29,,,9,,,
2014/11/27,01,28,,,9,,,
2014/11/27,02,26,,,8,,,
2014/11/27,03,47,,,18,,,
2014/11/27,04,31,,,10,,,
2014/11/27,05,27,,,8,,,
2014/11/27,06,26,,,8,,,
2014/11/27,07,27,,,9,,,
2014/11/27,08,27,,,8,,,
2014/11/27,09,63,,,27,,,
2014/11/27,10,53,,,22,,,
2014/11/27,11,51,,,21,,,
2014/11/27,12,52,,,22,,,
2014/11/27,13,54,,,23,,,
2014/11/27,14,52,,,22,,,
2014/11/27,15,62,,,22,,,
2014/11/27,16,47,,,14,,,
2014/11/27,17,41,,,11,,,
2014/11/27,18,40,,,10,,,
2014/11/27,19,42,,,10,,,
2014/11/27,20,43,,,13,,,
2014/11/27,21,66,,,29,,,
2014/11/27,22,33,,,11,,,
2014/11/27,23,25,,,7,,,
2014/11/27,24,25,,,7,,,
2014/11/28,01,25,,,8,,,
2014/11/28,02,23,,,7,,,
2014/11/28,03,45,,,17,,,
2014/11/28,04,28,,,8,,,
2014/11/28,05,24,,,7,,,
2014/11/28,06,24,,,7,,,
2014/11/28,07,25,,,8,,,
2014/11/28,08,27,,,8,,,
2014/11/28,09,65,,,29,,,
2014/11/28,10,51,,,22,,,
2014/11/28,11,51,,,22,,,
2014/11/28,12,51,,,22,,,
2014/11/28,13,54,,,24,,,
2014/11/28,14,50,,,22,,,
2014/11/28,15,71,,,31,,,
2014/11/28,16,61,,,26,,,
2014/11/28,17,54,,,23,,,
2014/11/28,18,52,,,22,,,
2014/11/28,19,55,,,23,,,
2014/11/28,20,53,,,22,,,
2014/11/28,21,70,,,31,,,
2014/11/28,22,44,,,18,,,
2014/11/28,23,29,,,9,,,
2014/11/28,24,28,,,9,,,
2014/11/29,01,30,,,10,,,
2014/11/29,02,27,,,9,,,
2014/11/29,03,48,,,19,,,
2014/11/29,04,33,,,11,,,
2014/11/29,05,29,,,9,,,
2014/11/29,06,28,,,9,,,
2014/11/29,07,28,,,9,,,
2014/11/29,08,30,,,9,,,
2014/11/29,09,55,,,20,,,
2014/11/29,10,46,,,13,,,
2014/11/29,11,41,,,10,,,
2014/11/29,12,43,,,12,,,
2014/11/29,13,45,,,13,,,
2014/11/29,14,39,,,10,,,
2014/11/29,15,62,,,21,,,
2014/11/29,16,50,,,14,,,
2014/11/29,17,43,,,12,,,
2014/11/29,18,42,,,10,,,
2014/11/29,19,45,,,12,,,
2014/11/29,20,42,,,10,,,
2014/11/29,21,58,,,19,,,
2014/11/29,22,34,,,11,,,
2014/11/29,23,28,,,8,,,
2014/11/29,24,27,,,8,,,
2014/11/30,01,28,,,9,,,
2014/11/30,02,25,,,8,,,
2014/11/30,03,47,,,18,,,
2014/11/30,04,30,,,9,,,
2014/11/30,05,27,,,8,,,
2014/11/30,06,26,,,7,,,
2014/11/30,07,26,,,8,,,
2014/11/30,08,27,,,7,,,
2014/11/30,09,56,,,19,,,
2014/11/30,10,41,,,11,,,
2014/11/30,11,41,,,10,,,
2014/11/30,12,43,,,12,,,
2014/11/30,13,46,,,13,,,
2014/11/30,14,42,,,11,,,
2014/11/30,15,63,,,21,,,
2014/11/30,16,52,,,15,,,
2014/11/30,17,45,,,13,,,
2014/11/30,18,43,,,11,,,
2014/11/30,19,45,,,12,,,
2014/11/30,20,44,,,11,,,
2014/11/30,21,59,,,20,,,
2014/11/30,22,39,,,11,,,
2014/11/30,23,30,,,9,,,
2014/11/30,24,29,,,9,,,
2014/12/01,01,29,,,10,,,
2014/12/01,02,27,,,8,,,
2014/12/01,03,48,,,18,,,
2014/12/01,04,33,,,10,,,
2014/12/01,05,28,,,9,,,
2014/12/01,06,28,,,8,,,
2014/12/01,07,30,,,9,,,
2014/12/01,08,34,,,10,,,
2014/12/01,09,69,,,30,,,
2014/12/01,10,56,,,24,,,
2014/12/01,11,53,,,22,,,
2014/12/01,12,53,,,23,,,
2014/12/01,13,55,,,24,,,
2014/12/01,14,51,,,22,,,
2014/12/01,15,71,,,31,,,
2014/12/01,16,60,,,25,,,
2014/12/01,17,54,,,23,,,
2014/12/01,18,53,,,22,,,
2014/12/01,19,55,,,22,,,
2014/12/01,20,52,,,21,,,
2014/12/01,21,68,,,29,,,
2014/12/01,22,37,,,13,,,
2014/12/01,23,27,,,8,,,
2014/12/01,24,26,,,8,,,
2014/12/02,01,26,,,8,,,
2014/12/02,02,25,,,7,,,
2014/12/02,03,45,,,17,,,
2014/12/02,04,27,,,8,,,
2014/12/02,05,23,,,6,,,
2014/12/02,06,24,,,6,,,
2014/12/02,07,24,,,8,,,
2014/12/02,08,23,,,6,,,
2014/12/02,09,59,,,24,,,
2014/12/02,10,47,,,18,,,
2014/12/02,11,44,,,17,,,
2014/12/02,12,46,,,18,,,
2014/12/02,13,47,,,19,,,
2014/12/02,14,45,,,18,,,
2014/12/02,15,65,,,28,,,
2014/12/02,16,49,,,19,,,
2014/12/02,17,47,,,18,,,
2014/12/02,18,46,,,17,,,
2014/12/02,19,46,,,18,,,
2014/12/02,20,45,,,16,,,
2014/12/02,21,72,,,34,,,
2014/12/02,22,30,,,9,,,
2014/12/02,23,23,,,6,,,
2014/12/02,24,23,,,6,,,
2014/12/03,01,22,,,7,,,
2014/12/03,02,22,,,6,,,
2014/12/03,03,44,,,17,,,
2014/12/03,04,25,,,7,,,
2014/12/03,05,22,,,5,,,
2014/12/03,06,22,,,5,,,
2014/12/03,07,24,,,7,,,
2014/12/03,08,22,,,5,,,
2014/12/03,09,66,,,31,,,
2014/12/03,10,54,,,25,,,
2014/12/03,11,52,,,25,,,
2014/12/03,12,53,,,26,,,
2014/12/03,13,54,,,26,,,
2014/12/03,14,52,,,24,,,
2014/12/03,15,75,,,36,,,
2014/12/03,16,58,,,27,,,
2014/12/03,17,55,,,26,,,
2014/12/03,18,54,,,24,,,
2014/12/03,19,55,,,25,,,
2014/12/03,20,54,,,24,,,
2014/12/03,21,72,,,34,,,
2014/12/03,22,47,,,24,,,
2014/12/03,23,39,,,22,,,
2014/12/03,24,40,,,22,,,
2014/12/04,01,41,,,23,,,
2014/12/04,02,40,,,22,,,
2014/12/04,03,60,,,32,,,
2014/12/04,04,43,,,23,,,
2014/12/04,05,40,,,22,,,
2014/12/04,06,40,,,22,,,
2014/12/04,07,41,,,22,,,
2014/12/04,08,34,,,9,,,
2014/12/04,09,65,,,28,,,
2014/12/04,10,49,,,20,,,
2014/12/04,11,48,,,19,,,
2014/12/04,12,47,,,19,,,
2014/12/04,13,49,,,20,,,
2014/12/04,14,50,,,23,,,
2014/12/04,15,74,,,35,,,
2014/12/04,16,56,,,26,,,
2014/12/04,17,54,,,25,,,
2014/12/04,18,53,,,24,,,
2014/12/04,19,54,,,25,,,
2014/12/04,20,53,,,23,,,
2014/12/04,21,70,,,33,,,
2014/12/04,22,36,,,13,,,
2014/12/04,23,24,,,6,,,
2014/12/04,24,24,,,6,,,
2014/12/05,01,23,,,7,,,
2014/12/05,02,22,,,6,,,
2014/12/05,03,44,,,17,,,
2014/12/05,04,26,,,7,,,
2014/12/05,05,23,,,6,,,
2014/12/05,06,22,,,5,,,
2014/12/05,07,24,,,8,,,
2014/12/05,08,28,,,9,,,
2014/12/05,09,70,,,35,,,
2014/12/05,10,51,,,24,,,
2014/12/05,11,50,,,23,,,
2014/12/05,12,51,,,25,,,
2014/12/05,13,52,,,25,,,
2014/12/05,14,49,,,23,,,
2014/12/05,15,72,,,35,,,
2014/12/05,16,55,,,26,,,
2014/12/05,17,53,,,25,,,
2014/12/05,18,52,,,24,,,
2014/12/05,19,52,,,24,,,
2014/12/05,20,50,,,22,,,
2014/12/05,21,69,,,32,,,
2014/12/05,22,31,,,8,,,
2014/12/05,23,23,,,6,,,
2014/12/05,24,21,,,5,,,
2014/12/06,01,22,,,6,,,
2014/12/06,02,21,,,5,,,
2014/12/06,03,43,,,17,,,
2014/12/06,04,24,,,6,,,
2014/12/06,05,22,,,5,,,
2014/12/06,06,21,,,5,,,
2014/12/06,07,22,,,7,,,
2014/12/06,08,24,,,7,,,
2014/12/06,09,66,,,32,,,
2014/12/06,10,52,,,25,,,
2014/12/06,11,50,,,24,,,
2014/12/06,12,49,,,24,,,
2014/12/06,13,51,,,25,,,
2014/12/06,14,49,,,23,,,
2014/12/06,15,71,,,34,,,
2014/12/06,16,55,,,26,,,
2014/12/06,17,54,,,25,,,
2014/12/06,18,54,,,25,,,
2014/12/06,19,54,,,25,,,
2014/12/06,20,50,,,22,,,
2014/12/06,21,71,,,34,,,
2014/12/06,22,43,,,19,,,
2014/12/06,23,24,,,6,,,
2014/12/06,24,23,,,6,,,
2014/12/07,01,24,,,6,,,
2014/12/07,02,22,,,5,,,
2014/12/07,03,44,,,16,,,
2014/12/07,04,27,,,7,,,
2014/12/07,05,23,,,5,,,
2014/12/07,06,23,,,5,,,
2014/12/07,07,24,,,7,,,
2014/12/07,08,24,,,5,,,
2014/12/07,09,56,,,22,,,
2014/12/07,10,42,,,14,,,
2014/12/07,11,41,,,13,,,
2014/12/07,12,42,,,14,,,
2014/12/07,13,42,,,15,,,
2014/12/07,14,41,,,14,,,
2014/12/07,15,63,,,25,,,
2014/12/07,16,46,,,16,,,
2014/12/07,17,45,,,16,,,
2014/12/07,18,43,,,14,,,
2014/12/07,19,45,,,15,,,
2014/12/07,20,40,,,13,,,
2014/12/07,21,60,,,24,,,
2014/12/07,22,30,,,8,,,
2014/12/07,23,23,,,6,,,
2014/12/07,24,22,,,5,,,
2014/12/08,01,22,,,6,,,
2014/12/08,02,21,,,5,,,
2014/12/08,03,44,,,17,,,
2014/12/08,04,25,,,7,,,
2014/12/08,05,21,,,5,,,
2014/12/08,06,21,,,5,,,
2014/12/08,07,23,,,6,,,
2014/12/08,08,25,,,7,,,
2014/12/08,09,63,,,28,,,
2014/12/08,10,44,,,15,,,
2014/12/08,11,43,,,15,,,
2014/12/08,12,44,,,15,,,
2014/12/08,13,43,,,14,,,
2014/12/08,14,41,,,13,,,
2014/12/08,15,62,,,24,,,
2014/12/08,16,45,,,15,,,
2014/12/08,17,45,,,15,,,
2014/12/08,18,43,,,14,,,
2014/12/08,19,44,,,15,,,
2014/12/08,20,42,,,14,,,
2014/12/08,21,61,,,24,,,
2014/12/08,22,32,,,9,,,
2014/12/08,23,23,,,6,,,
2014/12/08,24,23,,,6,,,
2014/12/09,01,23,,,7,,,
2014/12/09,02,21,,,6,,,
2014/12/09,03,44,,,17,,,
2014/12/09,04,25,,,7,,,
2014/12/09,05,22,,,5,,,
2014/12/09,06,22,,,5,,,
2014/12/09,07,23,,,7,,,
2014/12/09,08,24,,,5,,,
2014/12/09,09,53,,,17,,,
2014/12/09,10,37,,,8,,,
2014/12/09,11,35,,,7,,,
2014/12/09,12,36,,,8,,,
2014/12/09,13,38,,,9,,,
2014/12/09,14,35,,,8,,,
2014/12/09,15,59,,,19,,,
2014/12/09,16,40,,,10,,,
2014/12/09,17,38,,,9,,,
2014/12/09,18,37,,,7,,,
2014/12/09,19,37,,,8,,,
2014/12/09,20,35,,,7,,,
2014/12/09,21,54,,,17,,,
2014/12/09,22,32,,,8,,,
2014/12/09,23,28,,,6,,,
2014/12/09,24,27,,,6,,,
2014/12/10,01,27,,,7,,,
2014/12/10,02,26,,,6,,,
2014/12/10,03,48,,,17,,,
2014/12/10,04,30,,,7,,,
2014/12/10,05,27,,,5,,,
2014/12/10,06,27,,,5,,,
2014/12/10,07,27,,,7,,,
2014/12/10,08,26,,,5,,,
2014/12/10,09,53,,,17,,,
2014/12/10,10,37,,,9,,,
2014/12/10,11,35,,,8,,,
2014/12/10,12,35,,,8,,,
2014/12/10,13,36,,,7,,,
2014/12/10,14,35,,,8,,,
2014/12/10,15,59,,,20,,,
2014/12/10,16,41,,,11,,,
2014/12/10,17,37,,,9,,,
2014/12/10,18,37,,,8,,,
2014/12/10,19,38,,,9,,,
2014/12/10,20,36,,,7,,,
2014/12/10,21,56,,,18,,,
2014/12/10,22,35,,,9,,,
2014/12/10,23,29,,,7,,,
2014/12/10,24,29,,,6,,,
2014/12/11,01,28,,,7,,,
2014/12/11,02,28,,,7,,,
2014/12/11,03,50,,,17,,,
2014/12/11,04,32,,,8,,,
2014/12/11,05,29,,,6,,,
2014/12/11,06,29,,,6,,,
2014/12/11,07,30,,,7,,,
2014/12/11,08,31,,,7,,,
2014/12/11,09,55,,,18,,,
2014/12/11,10,39,,,9,,,
2014/12/11,11,37,,,8,,,
2014/12/11,12,37,,,8,,,
2014/12/11,13,39,,,9,,,
2014/12/11,14,36,,,7,,,
2014/12/11,15,57,,,18,,,
2014/12/11,16,41,,,9,,,
2014/12/11,17,38,,,9,,,
2014/12/11,18,36,,,8,,,
2014/12/11,19,38,,,8,,,
2014/12/11,20,36,,,7,,,
2014/12/11,21,55,,,17,,,
2014/12/11,22,35,,,9,,,
2014/12/11,23,29,,,7,,,
2014/12/11,24,29,,,6,,,
2014/12/12,01,29,,,7,,,
2014/12/12,02,28,,,7,,,
2014/12/12,03,49,,,17,,,
2014/12/12,04,32,,,7,,,
2014/12/12,05,28,,,6,,,
2014/12/12,06,28,,,6,,,
2014/12/12,07,29,,,7,,,
2014/12/12,08,30,,,6,,,
2014/12/12,09,55,,,18,,,
2014/12/12,10,38,,,9,,,
2014/12/12,11,37,,,8,,,
2014/12/12,12,38,,,9,,,
2014/12/12,13,39,,,9,,,
2014/12/12,14,34,,,7,,,
2014/12/12,15,57,,,19,,,
2014/12/12,16,40,,,9,,,
2014/12/12,17,39,,,9,,,
2014/12/12,18,38,,,8,,,
2014/12/12,19,38,,,8,,,
2014/12/12,20,35,,,7,,,
2014/12/12,21,53,,,17,,,
2014/12/12,22,32,,,9,,,
2014/12/12,23,22,,,6,,,
2014/12/12,24,22,,,6,,,
2014/12/13,01,22,,,6,,,
2014/12/13,02,22,,,7,,,
2014/12/13,03,44,,,17,,,
2014/12/13,04,24,,,6,,,
2014/12/13,05,22,,,5,,,
2014/12/13,06,21,,,5,,,
2014/12/13,07,23,,,6,,,
2014/12/13,08,23,,,5,,,
2014/12/13,09,51,,,17,,,
2014/12/13,10,37,,,8,,,
2014/12/13,11,35,,,7,,,
2014/12/13,12,36,,,7,,,
2014/12/13,13,36,,,8,,,
2014/12/13,14,35,,,7,,,
2014/12/13,15,58,,,19,,,
2014/12/13,16,40,,,9,,,
2014/12/13,17,50,,,21,,,
2014/12/13,18,85,,,55,,,
2014/12/13,19,83,,,53,,,
2014/12/13,20,86,,,56,,,
2014/12/13,21,99,,,61,,,
2014/12/13,22,35,,,13,,,
2014/12/13,23,23,,,6,,,
2014/12/13,24,22,,,6,,,
2014/12/14,01,22,,,6,,,
2014/12/14,02,21,,,5,,,
2014/12/14,03,44,,,17,,,
2014/12/14,04,25,,,7,,,
2014/12/14,05,22,,,5,,,
2014/12/14,06,22,,,5,,,
2014/12/14,07,23,,,7,,,
2014/12/14,08,23,,,5,,,
2014/12/14,09,91,,,55,,,
2014/12/14,10,83,,,53,,,
2014/12/14,11,81,,,52,,,
2014/12/14,12,78,,,49,,,
2014/12/14,13,75,,,45,,,
2014/12/14,14,70,,,42,,,
2014/12/14,15,91,,,52,,,
2014/12/14,16,80,,,47,,,
2014/12/14,17,77,,,47,,,
2014/12/14,18,79,,,48,,,
2014/12/14,19,81,,,50,,,
2014/12/14,20,80,,,50,,,
2014/12/14,21,95,,,56,,,
2014/12/14,22,40,,,16,,,
2014/12/14,23,24,,,6,,,
2014/12/14,24,23,,,6,,,
2014/12/15,01,23,,,7,,,
2014/12/15,02,21,,,6,,,
2014/12/15,03,44,,,17,,,
2014/12/15,04,25,,,7,,,
2014/12/15,05,22,,,5,,,
2014/12/15,06,22,,,5,,,
2014/12/15,07,23,,,6,,,
2014/12/15,08,24,,,5,,,
2014/12/15,09,66,,,30,,,
2014/12/15,10,91,,,62,,,
2014/12/15,11,82,,,53,,,
2014/12/15,12,76,,,47,,,
2014/12/15,13,72,,,42,,,
2014/12/15,14,67,,,39,,,
2014/12/15,15,85,,,47,,,
2014/12/15,16,68,,,37,,,
2014/12/15,17,67,,,37,,,
2014/12/15,18,70,,,39,,,
2014/12/15,19,71,,,39,,,
2014/12/15,20,69,,,38,,,
2014/12/15,21,86,,,47,,,
2014/12/15,22,43,,,19,,,
2014/12/15,23,24,,,7,,,
2014/12/15,24,24,,,7,,,
2014/12/16,01,24,,,7,,,
2014/12/16,02,23,,,7,,,
2014/12/16,03,44,,,17,,,
2014/12/16,04,27,,,7,,,
2014/12/16,05,24,,,6,,,
2014/12/16,06,23,,,6,,,
2014/12/16,07,25,,,7,,,
2014/12/16,08,48,,,26,,,
2014/12/16,09,95,,,60,,,
2014/12/16,10,82,,,50,,,
2014/12/16,11,72,,,42,,,
2014/12/16,12,70,,,39,,,
2014/12/16,13,70,,,38,,,
2014/12/16,14,65,,,36,,,
2014/12/16,15,85,,,44,,,
2014/12/16,16,71,,,37,,,
2014/12/16,17,66,,,35,,,
2014/12/16,18,66,,,35,,,
2014/12/16,19,70,,,38,,,
2014/12/16,20,77,,,46,,,
2014/12/16,21,102,,,62,,,
2014/12/16,22,40,,,15,,,
2014/12/16,23,24,,,6,,,
2014/12/16,24,23,,,6,,,
2014/12/17,01,23,,,7,,,
2014/12/17,02,22,,,6,,,
2014/12/17,03,45,,,17,,,
2014/12/17,04,25,,,7,,,
2014/12/17,05,21,,,5,,,
2014/12/17,06,21,,,5,,,
2014/12/17,07,23,,,6,,,
2014/12/17,08,28,,,10,,,
2014/12/17,09,106,,,69,,,
2014/12/17,10,91,,,62,,,
2014/12/17,11,93,,,64,,,
2014/12/17,12,91,,,62,,,
2014/12/17,13,96,,,66,,,
2014/12/17,14,88,,,60,,,
2014/12/17,15,100,,,62,,,
2014/12/17,16,75,,,43,,,
2014/12/17,17,69,,,40,,,
2014/12/17,18,70,,,42,,,
2014/12/17,19,70,,,40,,,
2014/12/17,20,86,,,57,,,
2014/12/17,21,96,,,57,,,
2014/12/17,22,37,,,14,,,
2014/12/17,23,22,,,6,,,
2014/12/17,24,21,,,5,,,
2014/12/18,01,21,,,6,,,
2014/12/18,02,21,,,5,,,
2014/12/18,03,45,,,17,,,
2014/12/18,04,24,,,6,,,
2014/12/18,05,21,,,5,,,
2014/12/18,06,21,,,5,,,
2014/12/18,07,23,,,7,,,
2014/12/18,08,29,,,11,,,
2014/12/18,09,106,,,69,,,
2014/12/18,10,88,,,59,,,
2014/12/18,11,94,,,64,,,
2014/12/18,12,85,,,56,,,
2014/12/18,13,85,,,55,,,
2014/12/18,14,78,,,49,,,
2014/12/18,15,96,,,57,,,
2014/12/18,16,80,,,49,,,
2014/12/18,17,84,,,54,,,
2014/12/18,18,86,,,55,,,
2014/12/18,19,90,,,58,,,
2014/12/18,20,86,,,55,,,
2014/12/18,21,108,,,68,,,
2014/12/18,22,45,,,22,,,
2014/12/18,23,23,,,6,,,
2014/12/18,24,22,,,6,,,
2014/12/19,01,23,,,6,,,
2014/12/19,02,21,,,5,,,
2014/12/19,03,44,,,17,,,
2014/12/19,04,25,,,6,,,
2014/12/19,05,21,,,5,,,
2014/12/19,06,21,,,5,,,
2014/12/19,07,23,,,7,,,
2014/12/19,08,30,,,11,,,
2014/12/19,09,105,,,69,,,
2014/12/19,10,85,,,56,,,
2014/12/19,11,78,,,49,,,
2014/12/19,12,71,,,42,,,
2014/12/19,13,68,,,39,,,
2014/12/19,14,61,,,33,,,
2014/12/19,15,79,,,41,,,
2014/12/19,16,65,,,35,,,
2014/12/19,17,67,,,37,,,
2014/12/19,18,70,,,38,,,
2014/12/19,19,73,,,41,,,
2014/12/19,20,74,,,43,,,
2014/12/19,21,91,,,52,,,
2014/12/19,22,46,,,22,,,
2014/12/19,23,24,,,7,,,
2014/12/19,24,24,,,7,,,
2014/12/20,01,24,,,7,,,
2014/12/20,02,23,,,6,,,
2014/12/20,03,45,,,17,,,
2014/12/20,04,26,,,7,,,
2014/12/20,05,23,,,6,,,
2014/12/20,06,23,,,6,,,
2014/12/20,07,25,,,7,,,
2014/12/20,08,40,,,20,,,
2014/12/20,09,98,,,61,,,
2014/12/20,10,77,,,46,,,
2014/12/20,11,72,,,42,,,
2014/12/20,12,68,,,38,,,
2014/12/20,13,69,,,38,,,
2014/12/20,14,63,,,34,,,
2014/12/20,15,83,,,43,,,
2014/12/20,16,67,,,34,,,
2014/12/20,17,63,,,33,,,
2014/12/20,18,63,,,31,,,
2014/12/20,19,63,,,31,,,
2014/12/20,20,64,,,32,,,
2014/12/20,21,81,,,42,,,
2014/12/20,22,37,,,15,,,
2014/12/20,23,25,,,7,,,
2014/12/20,24,25,,,7,,,
2014/12/21,01,25,,,8,,,
2014/12/21,02,23,,,7,,,
2014/12/21,03,45,,,17,,,
2014/12/21,04,27,,,8,,,
2014/12/21,05,23,,,6,,,
2014/12/21,06,23,,,6,,,
2014/12/21,07,25,,,8,,,
2014/12/21,08,27,,,7,,,
2014/12/21,09,93,,,56,,,
2014/12/21,10,80,,,49,,,
2014/12/21,11,71,,,40,,,
2014/12/21,12,62,,,31,,,
2014/12/21,13,65,,,33,,,
2014/12/21,14,60,,,30,,,
2014/12/21,15,80,,,40,,,
2014/12/21,16,66,,,34,,,
2014/12/21,17,67,,,36,,,
2014/12/21,18,68,,,37,,,
2014/12/21,19,72,,,39,,,
2014/12/21,20,70,,,39,,,
2014/12/21,21,87,,,48,,,
2014/12/21,22,41,,,18,,,
2014/12/21,23,24,,,7,,,
2014/12/21,24,24,,,7,,,
2014/12/22,01,24,,,7,,,
2014/12/22,02,22,,,6,,,
2014/12/22,03,44,,,17,,,
2014/12/22,04,26,,,7,,,
2014/12/22,05,23,,,5,,,
2014/12/22,06,22,,,5,,,
2014/12/22,07,23,,,6,,,
2014/12/22,08,32,,,12,,,
2014/12/22,09,102,,,65,,,
2014/12/22,10,89,,,59,,,
2014/12/22,11,94,,,65,,,
2014/12/22,12,85,,,56,,,
2014/12/22,13,82,,,52,,,
2014/12/22,14,81,,,53,,,
2014/12/22,15,103,,,63,,,
2014/12/22,16,88,,,57,,,
2014/12/22,17,89,,,60,,,
2014/12/22,18,92,,,60,,,
2014/12/22,19,91,,,59,,,
2014/12/22,20,87,,,56,,,
2014/12/22,21,106,,,67,,,
2014/12/22,22,48,,,23,,,
2014/12/22,23,24,,,7,,,
2014/12/22,24,24,,,7,,,
2014/12/23,01,25,,,7,,,
2014/12/23,02,23,,,6,,,
2014/12/23,03,44,,,17,,,
2014/12/23,04,27,,,7,,,
2014/12/23,05,23,,,6,,,
2014/12/23,06,23,,,6,,,
2014/12/23,07,26,,,8,,,
2014/12/23,08,33,,,13,,,
2014/12/23,09,93,,,55,,,
2014/12/23,10,73,,,42,,,
2014/12/23,11,72,,,41,,,
2014/12/23,12,61,,,30,,,
2014/12/23,13,60,,,28,,,
2014/12/23,14,55,,,25,,,
2014/12/23,15,73,,,33,,,
2014/12/23,16,64,,,30,,,
2014/12/23,17,55,,,24,,,
2014/12/23,18,55,,,23,,,
2014/12/23,19,57,,,24,,,
2014/12/23,20,56,,,25,,,
2014/12/23,21,75,,,36,,,
2014/12/23,22,41,,,18,,,
2014/12/23,23,24,,,7,,,
2014/12/23,24,24,,,7,,,
2014/12/24,01,24,,,7,,,
2014/12/24,02,23,,,6,,,
2014/12/24,03,45,,,17,,,
2014/12/24,04,26,,,7,,,
2014/12/24,05,23,,,6,,,
2014/12/24,06,23,,,5,,,
2014/12/24,07,24,,,7,,,
2014/12/24,08,26,,,8,,,
2014/12/24,09,83,,,47,,,
2014/12/24,10,70,,,40,,,
2014/12/24,11,61,,,31,,,
2014/12/24,12,56,,,26,,,
2014/12/24,13,58,,,27,,,
2014/12/24,14,51,,,21,,,
2014/12/24,15,72,,,32,,,
2014/12/24,16,59,,,30,,,
2014/12/24,17,59,,,27,,,
2014/12/24,18,58,,,26,,,
2014/12/24,19,58,,,27,,,
2014/12/24,20,55,,,24,,,
2014/12/24,21,75,,,35,,,
2014/12/24,22,41,,,15,,,
2014/12/24,23,26,,,7,,,
2014/12/24,24,25,,,7,,,
2014/12/25,01,25,,,8,,,
2014/12/25,02,24,,,7,,,
2014/12/25,03,45,,,17,,,
2014/12/25,04,27,,,8,,,
2014/12/25,05,24,,,7,,,
2014/12/25,06,24,,,6,,,
2014/12/25,07,26,,,8,,,
2014/12/25,08,33,,,13,,,
2014/12/25,09,84,,,48,,,
2014/12/25,10,69,,,38,,,
2014/12/25,11,62,,,32,,,
2014/12/25,12,59,,,29,,,
2014/12/25,13,57,,,28,,,
2014/12/25,14,54,,,32,,,
2014/12/25,15,76,,,36,,,
2014/12/25,16,58,,,27,,,
2014/12/25,17,55,,,26,,,
2014/12/25,18,57,,,28,,,
2014/12/25,19,62,,,31,,,
2014/12/25,20,63,,,32,,,
2014/12/25,21,82,,,43,,,
2014/12/25,22,56,,,28,,,
2014/12/25,23,24,,,7,,,
2014/12/25,24,24,,,7,,,
2014/12/26,01,24,,,7,,,
2014/12/26,02,23,,,7,,,
2014/12/26,03,45,,,17,,,
2014/12/26,04,27,,,7,,,
2014/12/26,05,23,,,6,,,
2014/12/26,06,23,,,6,,,
2014/12/26,07,25,,,7,,,
2014/12/26,08,31,,,11,,,
2014/12/26,09,94,,,58,,,
2014/12/26,10,78,,,47,,,
2014/12/26,11,71,,,42,,,
2014/12/26,12,64,,,35,,,
2014/12/26,13,61,,,32,,,
2014/12/26,14,58,,,29,,,
2014/12/26,15,75,,,37,,,
2014/12/26,16,61,,,30,,,
2014/12/26,17,61,,,30,,,
2014/12/26,18,63,,,32,,,
2014/12/26,19,66,,,35,,,
2014/12/26,20,66,,,35,,,
2014/12/26,21,88,,,48,,,
2014/12/26,22,57,,,29,,,
2014/12/26,23,30,,,13,,,
2014/12/26,24,30,,,13,,,
2014/12/27,01,30,,,13,,,
2014/12/27,02,29,,,13,,,
2014/12/27,03,51,,,23,,,
2014/12/27,04,33,,,13,,,
2014/12/27,05,30,,,12,,,
2014/12/27,06,29,,,12,,,
2014/12/27,07,30,,,13,,,
2014/12/27,08,44,,,24,,,
2014/12/27,09,96,,,59,,,
2014/12/27,10,70,,,38,,,
2014/12/27,11,67,,,34,,,
2014/12/27,12,61,,,31,,,
2014/12/27,13,60,,,30,,,
2014/12/27,14,56,,,27,,,
2014/12/27,15,76,,,35,,,
2014/12/27,16,61,,,29,,,
2014/12/27,17,60,,,29,,,
2014/12/27,18,65,,,34,,,
2014/12/27,19,65,,,34,,,
2014/12/27,20,64,,,33,,,
2014/12/27,21,85,,,45,,,
2014/12/27,22,42,,,17,,,
2014/12/27,23,24,,,6,,,
2014/12/27,24,23,,,6,,,
2014/12/28,01,23,,,7,,,
2014/12/28,02,22,,,6,,,
2014/12/28,03,44,,,17,,,
2014/12/28,04,25,,,6,,,
2014/12/28,05,22,,,5,,,
2014/12/28,06,22,,,5,,,
2014/12/28,07,24,,,7,,,
2014/12/28,08,28,,,9,,,
2014/12/28,09,91,,,55,,,
2014/12/28,10,78,,,47,,,
2014/12/28,11,80,,,50,,,
2014/12/28,12,73,,,44,,,
2014/12/28,13,69,,,40,,,
2014/12/28,14,65,,,36,,,
2014/12/28,15,83,,,44,,,
2014/12/28,16,72,,,39,,,
2014/12/28,17,69,,,38,,,
2014/12/28,18,70,,,39,,,
2014/12/28,19,75,,,42,,,
2014/12/28,20,70,,,40,,,
2014/12/28,21,89,,,50,,,
2014/12/28,22,43,,,21,,,
2014/12/28,23,28,,,12,,,
2014/12/28,24,29,,,12,,,
2014/12/29,01,29,,,12,,,
2014/12/29,02,28,,,12,,,
2014/12/29,03,50,,,22,,,
2014/12/29,04,32,,,13,,,
2014/12/29,05,29,,,12,,,
2014/12/29,06,29,,,12,,,
2014/12/29,07,30,,,13,,,
2014/12/29,08,38,,,18,,,
2014/12/29,09,91,,,54,,,
2014/12/29,10,76,,,43,,,
2014/12/29,11,68,,,37,,,
2014/12/29,12,67,,,36,,,
2014/12/29,13,63,,,31,,,
2014/12/29,14,58,,,27,,,
2014/12/29,15,72,,,32,,,
2014/12/29,16,60,,,26,,,
2014/12/29,17,58,,,26,,,
2014/12/29,18,58,,,26,,,
2014/12/29,19,60,,,28,,,
2014/12/29,20,60,,,29,,,
2014/12/29,21,77,,,38,,,
2014/12/29,22,42,,,17,,,
2014/12/29,23,41,,,17,,,
2014/12/29,24,38,,,14,,,
2014/12/30,01,29,,,8,,,
2014/12/30,02,24,,,7,,,
2014/12/30,03,45,,,17,,,
2014/12/30,04,26,,,7,,,
2014/12/30,05,24,,,6,,,
2014/12/30,06,23,,,6,,,
2014/12/30,07,26,,,9,,,
2014/12/30,08,31,,,12,,,
2014/12/30,09,93,,,55,,,
2014/12/30,10,71,,,40,,,
2014/12/30,11,67,,,36,,,
2014/12/30,12,66,,,35,,,
2014/12/30,13,66,,,35,,,
2014/12/30,14,60,,,30,,,
2014/12/30,15,79,,,38,,,
2014/12/30,16,63,,,30,,,
2014/12/30,17,61,,,29,,,
2014/12/30,18,61,,,29,,,
2014/12/30,19,62,,,29,,,
2014/12/30,20,60,,,29,,,
2014/12/30,21,78,,,39,,,
2014/12/30,22,44,,,19,,,
2014/12/30,23,24,,,7,,,
2014/12/30,24,24,,,7,,,
2014/12/31,01,24,,,7,,,
2014/12/31,02,23,,,7,,,
2014/12/31,03,44,,,17,,,
2014/12/31,04,26,,,7,,,
2014/12/31,05,23,,,6,,,
2014/12/31,06,23,,,6,,,
2014/12/31,07,24,,,7,,,
2014/12/31,08,29,,,9,,,
2014/12/31,09,90,,,52,,,
2014/12/31,10,70,,,39,,,
2014/12/31,11,62,,,31,,,
2014/12/31,12,57,,,26,,,
2014/12/31,13,57,,,25,,,
2014/12/31,14,52,,,22,,,
2014/12/31,15,70,,,29,,,
2014/12/31,16,57,,,22,,,
2014/12/31,17,55,,,23,,,
2014/12/31,18,56,,,23,,,
2014/12/31,19,61,,,29,,,
2014/12/31,20,58,,,26,,,
2014/12/31,21,76,,,36,,,
2014/12/31,22,41,,,16,,,
2014/12/31,23,24,,,7,,,
2014/12/31,24,24,,,7,,,
2015/01/01,01,24,,,7,,,
2015/01/01,02,23,,,7,,,
2015/01/01,03,45,,,17,,,
2015/01/01,04,26,,,7,,,
2015/01/01,05,23,,,6,,,
2015/01/01,06,23,,,6,,,
2015/01/01,07,24,,,7,,,
2015/01/01,08,22,,,6,,,
2015/01/01,09,44,,,17,,,
2015/01/01,10,26,,,7,,,
2015/01/01,11,23,,,6,,,
2015/01/01,12,23,,,6,,,
2015/01/01,13,24,,,7,,,
2015/01/01,14,22,,,5,,,
2015/01/01,15,45,,,17,,,
2015/01/01,16,26,,,7,,,
2015/01/01,17,23,,,6,,,
2015/01/01,18,22,,,5,,,
2015/01/01,19,22,,,6,,,
2015/01/01,20,20,,,5,,,
2015/01/01,21,42,,,16,,,
2015/01/01,22,24,,,7,,,
2015/01/01,23,22,,,5,,,
2015/01/01,24,20,,,5,,,
2015/01/02,01,21,,,6,,,
2015/01/02,02,20,,,5,,,
2015/01/02,03,44,,,17,,,
2015/01/02,04,23,,,6,,,
2015/01/02,05,22,,,5,,,
2015/01/02,06,21,,,5,,,
2015/01/02,07,22,,,6,,,
2015/01/02,08,20,,,5,,,
2015/01/02,09,45,,,17,,,
2015/01/02,10,26,,,7,,,
2015/01/02,11,22,,,5,,,
2015/01/02,12,22,,,5,,,
2015/01/02,13,22,,,6,,,
2015/01/02,14,21,,,5,,,
2015/01/02,15,45,,,17,,,
2015/01/02,16,26,,,7,,,
2015/01/02,17,23,,,6,,,
2015/01/02,18,21,,,5,,,
2015/01/02,19,21,,,6,,,
2015/01/02,20,21,,,5,,,
2015/01/02,21,41,,,16,,,
2015/01/02,22,24,,,7,,,
2015/01/02,23,21,,,5,,,
2015/01/02,24,20,,,4,,,
2015/01/03,01,21,,,5,,,
2015/01/03,02,20,,,5,,,
2015/01/03,03,43,,,16,,,
2015/01/03,04,24,,,6,,,
2015/01/03,05,21,,,5,,,
2015/01/03,06,20,,,5,,,
2015/01/03,07,22,,,6,,,
2015/01/03,08,20,,,4,,,
2015/01/03,09,45,,,17,,,
2015/01/03,10,26,,,7,,,
2015/01/03,11,22,,,5,,,
2015/01/03,12,31,,,12,,,
2015/01/03,13,59,,,36,,,
2015/01/03,14,51,,,29,,,
2015/01/03,15,47,,,18,,,
2015/01/03,16,28,,,8,,,
2015/01/03,17,25,,,7,,,
2015/01/03,18,23,,,6,,,
2015/01/03,19,23,,,6,,,
2015/01/03,20,20,,,4,,,
2015/01/03,21,42,,,16,,,
2015/01/03,22,26,,,7,,,
2015/01/03,23,21,,,5,,,
2015/01/03,24,21,,,5,,,
2015/01/04,01,20,,,5,,,
2015/01/04,02,20,,,5,,,
2015/01/04,03,43,,,16,,,
2015/01/04,04,24,,,6,,,
2015/01/04,05,21,,,5,,,
2015/01/04,06,21,,,5,,,
2015/01/04,07,22,,,6,,,
2015/01/04,08,37,,,18,,,
2015/01/04,09,94,,,57,,,
2015/01/04,10,77,,,47,,,
2015/01/04,11,76,,,47,,,
2015/01/04,12,68,,,39,,,
2015/01/04,13,67,,,36,,,
2015/01/04,14,61,,,32,,,
2015/01/04,15,83,,,43,,,
2015/01/04,16,66,,,33,,,
2015/01/04,17,64,,,33,,,
2015/01/04,18,63,,,33,,,
2015/01/04,19,64,,,32,,,
2015/01/04,20,60,,,30,,,
2015/01/04,21,78,,,40,,,
2015/01/04,22,37,,,14,,,
2015/01/04,23,24,,,7,,,
2015/01/04,24,24,,,6,,,
2015/01/05,01,23,,,7,,,
2015/01/05,02,22,,,6,,,
2015/01/05,03,44,,,17,,,
2015/01/05,04,26,,,7,,,
2015/01/05,05,23,,,6,,,
2015/01/05,06,23,,,5,,,
2015/01/05,07,24,,,7,,,
2015/01/05,08,29,,,11,,,
2015/01/05,09,94,,,57,,,
2015/01/05,10,70,,,41,,,
2015/01/05,11,63,,,33,,,
2015/01/05,12,57,,,28,,,
2015/01/05,13,57,,,26,,,
2015/01/05,14,51,,,23,,,
2015/01/05,15,70,,,31,,,
2015/01/05,16,58,,,25,,,
2015/01/05,17,55,,,26,,,
2015/01/05,18,58,,,27,,,
2015/01/05,19,61,,,29,,,
2015/01/05,20,59,,,29,,,
2015/01/05,21,79,,,40,,,
2015/01/05,22,34,,,11,,,
2015/01/05,23,24,,,7,,,
2015/01/05,24,24,,,7,,,
2015/01/06,01,24,,,7,,,
2015/01/06,02,23,,,6,,,
2015/01/06,03,45,,,17,,,
2015/01/06,04,27,,,7,,,
2015/01/06,05,24,,,6,,,
2015/01/06,06,24,,,6,,,
2015/01/06,07,25,,,7,,,
2015/01/06,08,29,,,10,,,
2015/01/06,09,70,,,34,,,
2015/01/06,10,65,,,34,,,
2015/01/06,11,60,,,30,,,
2015/01/06,12,59,,,29,,,
2015/01/06,13,60,,,29,,,
2015/01/06,14,55,,,25,,,
2015/01/06,15,76,,,35,,,
2015/01/06,16,58,,,24,,,
2015/01/06,17,56,,,24,,,
2015/01/06,18,57,,,25,,,
2015/01/06,19,57,,,25,,,
2015/01/06,20,58,,,27,,,
2015/01/06,21,76,,,37,,,
2015/01/06,22,38,,,15,,,
2015/01/06,23,25,,,7,,,
2015/01/06,24,24,,,7,,,
2015/01/07,01,24,,,7,,,
2015/01/07,02,22,,,7,,,
2015/01/07,03,45,,,17,,,
2015/01/07,04,28,,,8,,,
2015/01/07,05,24,,,6,,,
2015/01/07,06,23,,,6,,,
2015/01/07,07,24,,,7,,,
2015/01/07,08,36,,,16,,,
2015/01/07,09,95,,,56,,,
2015/01/07,10,74,,,43,,,
2015/01/07,11,67,,,37,,,
2015/01/07,12,64,,,34,,,
2015/01/07,13,62,,,33,,,
2015/01/07,14,57,,,28,,,
2015/01/07,15,81,,,41,,,
2015/01/07,16,65,,,33,,,
2015/01/07,17,64,,,34,,,
2015/01/07,18,67,,,36,,,
2015/01/07,19,68,,,38,,,
2015/01/07,20,66,,,37,,,
2015/01/07,21,84,,,46,,,
2015/01/07,22,37,,,15,,,
2015/01/07,23,24,,,6,,,
2015/01/07,24,23,,,6,,,
2015/01/08,01,23,,,7,,,
2015/01/08,02,22,,,6,,,
2015/01/08,03,44,,,17,,,
2015/01/08,04,26,,,7,,,
2015/01/08,05,23,,,6,,,
2015/01/08,06,22,,,5,,,
2015/01/08,07,24,,,7,,,
2015/01/08,08,58,,,34,,,
2015/01/08,09,93,,,56,,,
2015/01/08,10,77,,,46,,,
2015/01/08,11,69,,,40,,,
2015/01/08,12,69,,,40,,,
2015/01/08,13,68,,,38,,,
2015/01/08,14,61,,,33,,,
2015/01/08,15,80,,,42,,,
2015/01/08,16,64,,,33,,,
2015/01/08,17,62,,,33,,,
2015/01/08,18,63,,,34,,,
2015/01/08,19,68,,,37,,,
2015/01/08,20,67,,,37,,,
2015/01/08,21,86,,,48,,,
2015/01/08,22,47,,,22,,,
2015/01/08,23,33,,,11,,,
2015/01/08,24,24,,,7,,,
2015/01/09,01,24,,,7,,,
2015/01/09,02,22,,,6,,,
2015/01/09,03,45,,,17,,,
2015/01/09,04,26,,,7,,,
2015/01/09,05,23,,,6,,,
2015/01/09,06,23,,,6,,,
2015/01/09,07,24,,,7,,,
2015/01/09,08,33,,,13,,,
2015/01/09,09,94,,,57,,,
2015/01/09,10,75,,,44,,,
2015/01/09,11,69,,,39,,,
2015/01/09,12,63,,,33,,,
2015/01/09,13,65,,,35,,,
2015/01/09,14,62,,,33,,,
2015/01/09,15,78,,,39,,,
2015/01/09,16,68,,,36,,,
2015/01/09,17,65,,,35,,,
2015/01/09,18,67,,,36,,,
2015/01/09,19,75,,,43,,,
2015/01/09,20,69,,,38,,,
2015/01/09,21,88,,,49,,,
2015/01/09,22,40,,,14,,,
2015/01/09,23,29,,,8,,,
2015/01/09,24,29,,,9,,,
2015/01/10,01,27,,,9,,,
2015/01/10,02,25,,,8,,,
2015/01/10,03,46,,,18,,,
2015/01/10,04,27,,,7,,,
2015/01/10,05,24,,,6,,,
2015/01/10,06,23,,,6,,,
2015/01/10,07,23,,,7,,,
2015/01/10,08,43,,,23,,,
2015/01/10,09,98,,,62,,,
2015/01/10,10,78,,,47,,,
2015/01/10,11,79,,,48,,,
2015/01/10,12,73,,,43,,,
2015/01/10,13,70,,,38,,,
2015/01/10,14,62,,,32,,,
2015/01/10,15,82,,,42,,,
2015/01/10,16,68,,,36,,,
2015/01/10,17,71,,,40,,,
2015/01/10,18,71,,,41,,,
2015/01/10,19,73,,,41,,,
2015/01/10,20,68,,,37,,,
2015/01/10,21,87,,,48,,,
2015/01/10,22,50,,,24,,,
2015/01/10,23,29,,,7,,,
2015/01/10,24,26,,,7,,,
2015/01/11,01,24,,,7,,,
2015/01/11,02,22,,,6,,,
2015/01/11,03,45,,,17,,,
2015/01/11,04,34,,,12,,,
2015/01/11,05,25,,,7,,,
2015/01/11,06,24,,,6,,,
2015/01/11,07,27,,,9,,,
2015/01/11,08,29,,,9,,,
2015/01/11,09,59,,,23,,,
2015/01/11,10,71,,,42,,,
2015/01/11,11,71,,,39,,,
2015/01/11,12,68,,,37,,,
2015/01/11,13,63,,,32,,,
2015/01/11,14,62,,,33,,,
2015/01/11,15,70,,,35,,,
2015/01/11,16,71,,,33,,,
2015/01/11,17,45,,,13,,,
2015/01/11,18,39,,,9,,,
2015/01/11,19,42,,,10,,,
2015/01/11,20,40,,,9,,,
2015/01/11,21,56,,,18,,,
2015/01/11,22,34,,,9,,,
2015/01/11,23,28,,,7,,,
2015/01/11,24,23,,,6,,,
2015/01/12,01,24,,,7,,,
2015/01/12,02,22,,,6,,,
2015/01/12,03,45,,,17,,,
2015/01/12,04,26,,,7,,,
2015/01/12,05,22,,,5,,,
2015/01/12,06,22,,,5,,,
2015/01/12,07,23,,,7,,,
2015/01/12,08,30,,,11,,,
2015/01/12,09,97,,,60,,,
2015/01/12,10,77,,,48,,,
2015/01/12,11,79,,,49,,,
2015/01/12,12,68,,,38,,,
2015/01/12,13,46,,,17,,,
2015/01/12,14,39,,,11,,,
2015/01/12,15,62,,,21,,,
2015/01/12,16,46,,,13,,,
2015/01/12,17,42,,,12,,,
2015/01/12,18,45,,,12,,,
2015/01/12,19,43,,,11,,,
2015/01/12,20,38,,,10,,,
2015/01/12,21,58,,,21,,,
2015/01/12,22,33,,,10,,,
2015/01/12,23,24,,,6,,,
2015/01/12,24,22,,,5,,,
2015/01/13,01,23,,,6,,,
2015/01/13,02,22,,,6,,,
2015/01/13,03,45,,,17,,,
2015/01/13,04,26,,,7,,,
2015/01/13,05,23,,,6,,,
2015/01/13,06,23,,,6,,,
2015/01/13,07,24,,,7,,,
2015/01/13,08,32,,,9,,,
2015/01/13,09,75,,,39,,,
2015/01/13,10,74,,,44,,,
2015/01/13,11,66,,,36,,,
2015/01/13,12,62,,,33,,,
2015/01/13,13,61,,,31,,,
2015/01/13,14,56,,,28,,,
2015/01/13,15,77,,,37,,,
2015/01/13,16,61,,,30,,,
2015/01/13,17,59,,,29,,,
2015/01/13,18,60,,,32,,,
2015/01/13,19,64,,,33,,,
2015/01/13,20,65,,,34,,,
2015/01/13,21,82,,,42,,,
2015/01/13,22,38,,,12,,,
2015/01/13,23,24,,,7,,,
2015/01/13,24,24,,,7,,,
2015/01/14,01,24,,,7,,,
2015/01/14,02,23,,,6,,,
2015/01/14,03,46,,,17,,,
2015/01/14,04,26,,,7,,,
2015/01/14,05,23,,,5,,,
2015/01/14,06,23,,,5,,,
2015/01/14,07,24,,,7,,,
2015/01/14,08,33,,,11,,,
2015/01/14,09,93,,,57,,,
2015/01/14,10,78,,,49,,,
2015/01/14,11,74,,,45,,,
2015/01/14,12,67,,,38,,,
2015/01/14,13,65,,,36,,,
2015/01/14,14,59,,,32,,,
2015/01/14,15,80,,,41,,,
2015/01/14,16,63,,,32,,,
2015/01/14,17,61,,,32,,,
2015/01/14,18,61,,,32,,,
2015/01/14,19,66,,,35,,,
2015/01/14,20,64,,,33,,,
2015/01/14,21,80,,,40,,,
2015/01/14,22,37,,,12,,,
2015/01/14,23,25,,,7,,,
2015/01/14,24,25,,,7,,,
2015/01/15,01,25,,,8,,,
2015/01/15,02,24,,,7,,,
2015/01/15,03,47,,,18,,,
2015/01/15,04,29,,,8,,,
2015/01/15,05,25,,,6,,,
2015/01/15,06,24,,,6,,,
2015/01/15,07,26,,,8,,,
2015/01/15,08,29,,,9,,,
2015/01/15,09,70,,,33,,,
2015/01/15,10,69,,,38,,,
2015/01/15,11,54,,,24,,,
2015/01/15,12,53,,,24,,,
2015/01/15,13,55,,,26,,,
2015/01/15,14,53,,,25,,,
2015/01/15,15,77,,,37,,,
2015/01/15,16,59,,,27,,,
2015/01/15,17,57,,,27,,,
2015/01/15,18,55,,,25,,,
2015/01/15,19,56,,,26,,,
2015/01/15,20,56,,,25,,,
2015/01/15,21,74,,,34,,,
2015/01/15,22,36,,,11,,,
2015/01/15,23,25,,,7,,,
2015/01/15,24,24,,,7,,,
2015/01/16,01,25,,,7,,,
2015/01/16,02,23,,,6,,,
2015/01/16,03,46,,,17,,,
2015/01/16,04,28,,,8,,,
2015/01/16,05,24,,,6,,,
2015/01/16,06,24,,,6,,,
2015/01/16,07,25,,,8,,,
2015/01/16,08,33,,,13,,,
2015/01/16,09,92,,,55,,,
2015/01/16,10,71,,,41,,,
2015/01/16,11,62,,,32,,,
2015/01/16,12,39,,,9,,,
2015/01/16,13,40,,,10,,,
2015/01/16,14,36,,,9,,,
2015/01/16,15,61,,,18,,,
2015/01/16,16,44,,,10,,,
2015/01/16,17,38,,,9,,,
2015/01/16,18,38,,,8,,,
2015/01/16,19,38,,,8,,,
2015/01/16,20,35,,,7,,,
2015/01/16,21,56,,,18,,,
2015/01/16,22,32,,,9,,,
2015/01/16,23,24,,,6,,,
2015/01/16,24,23,,,6,,,
2015/01/17,01,23,,,7,,,
2015/01/17,02,23,,,6,,,
2015/01/17,03,44,,,17,,,
2015/01/17,04,27,,,7,,,
2015/01/17,05,24,,,6,,,
2015/01/17,06,23,,,6,,,
2015/01/17,07,23,,,7,,,
2015/01/17,08,47,,,27,,,
2015/01/17,09,91,,,56,,,
2015/01/17,10,72,,,42,,,
2015/01/17,11,68,,,40,,,
2015/01/17,12,67,,,38,,,
2015/01/17,13,69,,,41,,,
2015/01/17,14,60,,,32,,,
2015/01/17,15,81,,,42,,,
2015/01/17,16,69,,,38,,,
2015/01/17,17,67,,,38,,,
2015/01/17,18,68,,,38,,,
2015/01/17,19,70,,,39,,,
2015/01/17,20,66,,,37,,,
2015/01/17,21,80,,,41,,,
2015/01/17,22,34,,,9,,,
2015/01/17,23,23,,,6,,,
2015/01/17,24,24,,,6,,,
2015/01/18,01,22,,,6,,,
2015/01/18,02,23,,,6,,,
2015/01/18,03,45,,,17,,,
2015/01/18,04,26,,,7,,,
2015/01/18,05,21,,,5,,,
2015/01/18,06,21,,,5,,,
2015/01/18,07,23,,,7,,,
2015/01/18,08,29,,,10,,,
2015/01/18,09,86,,,49,,,
2015/01/18,10,74,,,44,,,
2015/01/18,11,69,,,40,,,
2015/01/18,12,47,,,16,,,
2015/01/18,13,43,,,13,,,
2015/01/18,14,39,,,11,,,
2015/01/18,15,60,,,21,,,
2015/01/18,16,43,,,13,,,
2015/01/18,17,40,,,11,,,
2015/01/18,18,41,,,12,,,
2015/01/18,19,40,,,11,,,
2015/01/18,20,38,,,10,,,
2015/01/18,21,59,,,21,,,
2015/01/18,22,36,,,12,,,
2015/01/18,23,23,,,6,,,
2015/01/18,24,22,,,5,,,
2015/01/19,01,21,,,6,,,
2015/01/19,02,21,,,5,,,
2015/01/19,03,45,,,17,,,
2015/01/19,04,25,,,6,,,
2015/01/19,05,21,,,5,,,
2015/01/19,06,22,,,5,,,
2015/01/19,07,23,,,7,,,
2015/01/19,08,47,,,27,,,
2015/01/19,09,94,,,56,,,
2015/01/19,10,81,,,50,,,
2015/01/19,11,73,,,43,,,
2015/01/19,12,70,,,40,,,
2015/01/19,13,64,,,33,,,
2015/01/19,14,59,,,30,,,
2015/01/19,15,76,,,37,,,
2015/01/19,16,66,,,34,,,
2015/01/19,17,64,,,34,,,
2015/01/19,18,63,,,33,,,
2015/01/19,19,67,,,37,,,
2015/01/19,20,64,,,34,,,
2015/01/19,21,81,,,42,,,
2015/01/19,22,46,,,21,,,
2015/01/19,23,27,,,10,,,
2015/01/19,24,27,,,10,,,
2015/01/20,01,27,,,11,,,
2015/01/20,02,25,,,9,,,
2015/01/20,03,48,,,21,,,
2015/01/20,04,29,,,11,,,
2015/01/20,05,26,,,10,,,
2015/01/20,06,25,,,9,,,
2015/01/20,07,27,,,10,,,
2015/01/20,08,27,,,8,,,
2015/01/20,09,57,,,21,,,
2015/01/20,10,41,,,12,,,
2015/01/20,11,39,,,10,,,
2015/01/20,12,38,,,11,,,
2015/01/20,13,40,,,11,,,
2015/01/20,14,36,,,9,,,
2015/01/20,15,59,,,21,,,
2015/01/20,16,42,,,12,,,
2015/01/20,17,40,,,12,,,
2015/01/20,18,39,,,10,,,
2015/01/20,19,40,,,11,,,
2015/01/20,20,37,,,9,,,
2015/01/20,21,56,,,18,,,
2015/01/20,22,32,,,8,,,
2015/01/20,23,22,,,5,,,
2015/01/20,24,21,,,5,,,
2015/01/21,01,21,,,6,,,
2015/01/21,02,21,,,5,,,
2015/01/21,03,44,,,17,,,
2015/01/21,04,25,,,6,,,
2015/01/21,05,21,,,5,,,
2015/01/21,06,21,,,5,,,
2015/01/21,07,23,,,7,,,
2015/01/21,08,29,,,10,,,
2015/01/21,09,86,,,50,,,
2015/01/21,10,73,,,43,,,
2015/01/21,11,68,,,39,,,
2015/01/21,12,66,,,37,,,
2015/01/21,13,53,,,24,,,
2015/01/21,14,51,,,23,,,
2015/01/21,15,73,,,33,,,
2015/01/21,16,56,,,24,,,
2015/01/21,17,53,,,24,,,
2015/01/21,18,54,,,24,,,
2015/01/21,19,48,,,18,,,
2015/01/21,20,47,,,18,,,
2015/01/21,21,66,,,27,,,
2015/01/21,22,36,,,13,,,
2015/01/21,23,24,,,6,,,
2015/01/21,24,23,,,6,,,
2015/01/22,01,24,,,7,,,
2015/01/22,02,22,,,6,,,
2015/01/22,03,46,,,17,,,
2015/01/22,04,27,,,7,,,
2015/01/22,05,23,,,6,,,
2015/01/22,06,23,,,6,,,
2015/01/22,07,24,,,7,,,
2015/01/22,08,44,,,23,,,
2015/01/22,09,86,,,49,,,
2015/01/22,10,65,,,34,,,
2015/01/22,11,63,,,31,,,
2015/01/22,12,61,,,29,,,
2015/01/22,13,62,,,30,,,
2015/01/22,14,55,,,27,,,
2015/01/22,15,77,,,36,,,
2015/01/22,16,60,,,28,,,
2015/01/22,17,57,,,27,,,
2015/01/22,18,56,,,27,,,
2015/01/22,19,60,,,28,,,
2015/01/22,20,59,,,27,,,
2015/01/22,21,75,,,34,,,
2015/01/22,22,45,,,17,,,
2015/01/22,23,27,,,7,,,
2015/01/22,24,25,,,8,,,
2015/01/23,01,25,,,8,,,
2015/01/23,02,24,,,7,,,
2015/01/23,03,46,,,17,,,
2015/01/23,04,27,,,8,,,
2015/01/23,05,24,,,6,,,
2015/01/23,06,23,,,6,,,
2015/01/23,07,26,,,8,,,
2015/01/23,08,34,,,14,,,
2015/01/23,09,92,,,54,,,
2015/01/23,10,73,,,42,,,
2015/01/23,11,63,,,33,,,
2015/01/23,12,54,,,25,,,
2015/01/23,13,57,,,28,,,
2015/01/23,14,53,,,25,,,
2015/01/23,15,74,,,36,,,
2015/01/23,16,59,,,28,,,
2015/01/23,17,59,,,29,,,
2015/01/23,18,57,,,27,,,
2015/01/23,19,60,,,29,,,
2015/01/23,20,57,,,28,,,
2015/01/23,21,74,,,35,,,
2015/01/23,22,35,,,10,,,
2015/01/23,23,23,,,6,,,
2015/01/23,24,23,,,6,,,
2015/01/24,01,23,,,7,,,
2015/01/24,02,22,,,6,,,
2015/01/24,03,44,,,17,,,
2015/01/24,04,26,,,7,,,
2015/01/24,05,22,,,5,,,
2015/01/24,06,22,,,5,,,
2015/01/24,07,23,,,6,,,
2015/01/24,08,27,,,14,,,
2015/01/24,09,57,,,35,,,
2015/01/24,10,42,,,25,,,
2015/01/24,11,48,,,28,,,
2015/01/24,12,47,,,26,,,
2015/01/24,13,48,,,26,,,
2015/01/24,14,45,,,24,,,
2015/01/24,15,66,,,34,,,
2015/01/24,16,50,,,25,,,
2015/01/24,17,49,,,26,,,
2015/01/24,18,49,,,24,,,
2015/01/24,19,50,,,25,,,
2015/01/24,20,47,,,24,,,
2015/01/24,21,65,,,34,,,
2015/01/24,22,33,,,13,,,
2015/01/24,23,23,,,6,,,
2015/01/24,24,22,,,6,,,
2015/01/25,01,22,,,7,,,
2015/01/25,02,21,,,6,,,
2015/01/25,03,44,,,17,,,
2015/01/25,04,25,,,7,,,
2015/01/25,05,21,,,5,,,
2015/01/25,06,22,,,6,,,
2015/01/25,07,23,,,7,,,
2015/01/25,08,26,,,7,,,
2015/01/25,09,56,,,34,,,
2015/01/25,10,62,,,38,,,
2015/01/25,11,67,,,38,,,
2015/01/25,12,59,,,30,,,
2015/01/25,13,55,,,28,,,
2015/01/25,14,47,,,24,,,
2015/01/25,15,64,,,32,,,
2015/01/25,16,50,,,26,,,
2015/01/25,17,47,,,25,,,
2015/01/25,18,48,,,26,,,
2015/01/25,19,49,,,27,,,
2015/01/25,20,46,,,26,,,
2015/01/25,21,66,,,36,,,
2015/01/25,22,37,,,16,,,
2015/01/25,23,23,,,7,,,
2015/01/25,24,23,,,7,,,
2015/01/26,01,23,,,7,,,
2015/01/26,02,22,,,6,,,
2015/01/26,03,45,,,17,,,
2015/01/26,04,26,,,7,,,
2015/01/26,05,22,,,5,,,
2015/01/26,06,22,,,5,,,
2015/01/26,07,24,,,6,,,
2015/01/26,08,30,,,11,,,
2015/01/26,09,91,,,58,,,
2015/01/26,10,69,,,46,,,
2015/01/26,11,64,,,44,,,
2015/01/26,12,63,,,42,,,
2015/01/26,13,59,,,37,,,
2015/01/26,14,57,,,37,,,
2015/01/26,15,80,,,49,,,
2015/01/26,16,64,,,41,,,
2015/01/26,17,60,,,40,,,
2015/01/26,18,61,,,40,,,
2015/01/26,19,62,,,40,,,
2015/01/26,20,60,,,39,,,
2015/01/26,21,79,,,50,,,
2015/01/26,22,35,,,17,,,
2015/01/26,23,25,,,7,,,
2015/01/26,24,25,,,7,,,
2015/01/27,01,22,,,6,,,
2015/01/27,02,24,,,6,,,
2015/01/27,03,47,,,18,,,
2015/01/27,04,29,,,8,,,
2015/01/27,05,25,,,7,,,
2015/01/27,06,25,,,7,,,
2015/01/27,07,25,,,8,,,
2015/01/27,08,31,,,12,,,
2015/01/27,09,67,,,40,,,
2015/01/27,10,63,,,36,,,
2015/01/27,11,60,,,34,,,
2015/01/27,12,58,,,29,,,
2015/01/27,13,55,,,26,,,
2015/01/27,14,46,,,21,,,
2015/01/27,15,66,,,30,,,
2015/01/27,16,51,,,24,,,
2015/01/27,17,47,,,21,,,
2015/01/27,18,49,,,20,,,
2015/01/27,19,49,,,21,,,
2015/01/27,20,50,,,22,,,
2015/01/27,21,68,,,33,,,
2015/01/27,22,41,,,18,,,
2015/01/27,23,24,,,7,,,
2015/01/27,24,23,,,7,,,
2015/01/28,01,23,,,7,,,
2015/01/28,02,22,,,6,,,
2015/01/28,03,43,,,16,,,
2015/01/28,04,26,,,7,,,
2015/01/28,05,22,,,6,,,
2015/01/28,06,22,,,5,,,
2015/01/28,07,24,,,7,,,
2015/01/28,08,24,,,7,,,
2015/01/28,09,93,,,53,,,
2015/01/28,10,77,,,44,,,
2015/01/28,11,55,,,28,,,
2015/01/28,12,47,,,22,,,
2015/01/28,13,48,,,22,,,
2015/01/28,14,45,,,19,,,
2015/01/28,15,66,,,29,,,
2015/01/28,16,50,,,25,,,
2015/01/28,17,47,,,22,,,
2015/01/28,18,46,,,21,,,
2015/01/28,19,46,,,21,,,
2015/01/28,20,43,,,19,,,
2015/01/28,21,66,,,31,,,
2015/01/28,22,32,,,12,,,
2015/01/28,23,22,,,6,,,
2015/01/28,24,21,,,6,,,
2015/01/29,01,21,,,7,,,
2015/01/29,02,21,,,6,,,
2015/01/29,03,43,,,16,,,
2015/01/29,04,25,,,7,,,
2015/01/29,05,21,,,6,,,
2015/01/29,06,21,,,5,,,
2015/01/29,07,22,,,7,,,
2015/01/29,08,26,,,10,,,
2015/01/29,09,72,,,41,,,
2015/01/29,10,72,,,40,,,
2015/01/29,11,71,,,37,,,
2015/01/29,12,58,,,29,,,
2015/01/29,13,64,,,31,,,
2015/01/29,14,60,,,36,,,
2015/01/29,15,75,,,36,,,
2015/01/29,16,65,,,30,,,
2015/01/29,17,61,,,29,,,
2015/01/29,18,59,,,29,,,
2015/01/29,19,59,,,30,,,
2015/01/29,20,59,,,30,,,
2015/01/29,21,72,,,38,,,
2015/01/29,22,31,,,16,,,
2015/01/29,23,23,,,7,,,
2015/01/29,24,23,,,7,,,
2015/01/30,01,22,,,6,,,
2015/01/30,02,22,,,7,,,
2015/01/30,03,44,,,17,,,
2015/01/30,04,26,,,7,,,
2015/01/30,05,22,,,6,,,
2015/01/30,06,22,,,6,,,
2015/01/30,07,23,,,6,,,
2015/01/30,08,29,,,10,,,
2015/01/30,09,86,,,53,,,
2015/01/30,10,75,,,45,,,
2015/01/30,11,73,,,43,,,
2015/01/30,12,71,,,39,,,
2015/01/30,13,73,,,38,,,
2015/01/30,14,48,,,24,,,
2015/01/30,15,76,,,37,,,
2015/01/30,16,60,,,30,,,
2015/01/30,17,59,,,29,,,
2015/01/30,18,56,,,28,,,
2015/01/30,19,59,,,31,,,
2015/01/30,20,56,,,30,,,
2015/01/30,21,69,,,38,,,
2015/01/30,22,33,,,17,,,
2015/01/30,23,23,,,10,,,
2015/01/30,24,23,,,10,,,
2015/01/31,01,23,,,7,,,
2015/01/31,02,23,,,6,,,
2015/01/31,03,44,,,17,,,
2015/01/31,04,26,,,7,,,
2015/01/31,05,22,,,6,,,
2015/01/31,06,22,,,6,,,
2015/01/31,07,24,,,7,,,
2015/01/31,08,42,,,21,,,
2015/01/31,09,97,,,60,,,
2015/01/31,10,80,,,48,,,
2015/01/31,11,77,,,45,,,
2015/01/31,12,75,,,42,,,
2015/01/31,13,73,,,40,,,
2015/01/31,14,61,,,24,,,
2015/01/31,15,86,,,48,,,
2015/01/31,16,74,,,43,,,
2015/01/31,17,74,,,45,,,
2015/01/31,18,81,,,51,,,
2015/01/31,19,82,,,51,,,
2015/01/31,20,74,,,44,,,
2015/01/31,21,93,,,54,,,
2015/01/31,22,61,,,36,,,
2015/01/31,23,24,,,7,,,
2015/01/31,24,24,,,8,,,
