計測日,計測時間,全体,空調,照明,動力,電灯,冷凍・冷熱,その他
2013/10/01,01,12,1,,,,,
2013/10/01,02,12,1,,,,,
2013/10/01,03,12,1,,,,,
2013/10/01,04,12,1,,,,,
2013/10/01,05,12,1,,,,,
2013/10/01,06,12,1,,,,,
2013/10/01,07,13,1,,,,,
2013/10/01,08,24,8,,,,,
2013/10/01,09,111,59,,,,,
2013/10/01,10,160,89,,,,,
2013/10/01,11,184,109,,,,,
2013/10/01,12,191,121,,,,,
2013/10/01,13,126,86,,,,,
2013/10/01,14,186,111,,,,,
2013/10/01,15,214,137,,,,,
2013/10/01,16,191,120,,,,,
2013/10/01,17,196,121,,,,,
2013/10/01,18,180,108,,,,,
2013/10/01,19,173,101,,,,,
2013/10/01,20,152,84,,,,,
2013/10/01,21,140,74,,,,,
2013/10/01,22,129,67,,,,,
2013/10/01,23,109,68,,,,,
2013/10/01,24,89,56,,,,,
2013/10/02,01,17,5,,,,,
2013/10/02,02,12,1,,,,,
2013/10/02,03,12,1,,,,,
2013/10/02,04,12,1,,,,,
2013/10/02,05,11,1,,,,,
2013/10/02,06,12,1,,,,,
2013/10/02,07,13,1,,,,,
2013/10/02,08,39,13,,,,,
2013/10/02,09,109,56,,,,,
2013/10/02,10,170,100,,,,,
2013/10/02,11,185,108,,,,,
2013/10/02,12,189,77,,,,,
2013/10/02,13,142,75,,,,,
2013/10/02,14,187,78,,,,,
2013/10/02,15,200,95,,,,,
2013/10/02,16,188,87,,,,,
2013/10/02,17,187,94,,,,,
2013/10/02,18,178,83,,,,,
2013/10/02,19,153,77,,,,,
2013/10/02,20,124,67,,,,,
2013/10/02,21,127,78,,,,,
2013/10/02,22,118,70,,,,,
2013/10/02,23,100,51,,,,,
2013/10/02,24,66,18,,,,,
2013/10/03,01,19,1,,,,,
2013/10/03,02,17,1,,,,,
2013/10/03,03,14,1,,,,,
2013/10/03,04,13,1,,,,,
2013/10/03,05,13,1,,,,,
2013/10/03,06,13,1,,,,,
2013/10/03,07,14,1,,,,,
2013/10/03,08,26,5,,,,,
2013/10/03,09,92,41,,,,,
2013/10/03,10,122,51,,,,,
2013/10/03,11,130,61,,,,,
2013/10/03,12,140,70,,,,,
2013/10/03,13,91,53,,,,,
2013/10/03,14,125,49,,,,,
2013/10/03,15,147,78,,,,,
2013/10/03,16,142,74,,,,,
2013/10/03,17,131,71,,,,,
2013/10/03,18,122,59,,,,,
2013/10/03,19,109,55,,,,,
2013/10/03,20,98,44,,,,,
2013/10/03,21,92,45,,,,,
2013/10/03,22,90,55,,,,,
2013/10/03,23,79,45,,,,,
2013/10/03,24,57,23,,,,,
2013/10/04,01,17,2,,,,,
2013/10/04,02,10,2,,,,,
2013/10/04,03,10,1,,,,,
2013/10/04,04,10,1,,,,,
2013/10/04,05,10,1,,,,,
2013/10/04,06,10,1,,,,,
2013/10/04,07,11,1,,,,,
2013/10/04,08,23,2,,,,,
2013/10/04,09,93,42,,,,,
2013/10/04,10,122,55,,,,,
2013/10/04,11,131,58,,,,,
2013/10/04,12,135,62,,,,,
2013/10/04,13,88,43,,,,,
2013/10/04,14,126,48,,,,,
2013/10/04,15,145,70,,,,,
2013/10/04,16,134,63,,,,,
2013/10/04,17,143,69,,,,,
2013/10/04,18,118,52,,,,,
2013/10/04,19,49,16,,,,,
2013/10/04,20,37,3,,,,,
2013/10/04,21,21,0,,,,,
2013/10/04,22,16,0,,,,,
2013/10/04,23,14,0,,,,,
2013/10/04,24,13,0,,,,,
2013/10/05,01,13,1,,,,,
2013/10/05,02,10,0,,,,,
2013/10/05,03,11,1,,,,,
2013/10/05,04,10,0,,,,,
2013/10/05,05,11,1,,,,,
2013/10/05,06,11,1,,,,,
2013/10/05,07,11,1,,,,,
2013/10/05,08,11,0,,,,,
2013/10/05,09,37,5,,,,,
2013/10/05,10,50,13,,,,,
2013/10/05,11,54,15,,,,,
2013/10/05,12,54,21,,,,,
2013/10/05,13,35,15,,,,,
2013/10/05,14,55,20,,,,,
2013/10/05,15,59,23,,,,,
2013/10/05,16,55,21,,,,,
2013/10/05,17,58,22,,,,,
2013/10/05,18,43,18,,,,,
2013/10/05,19,12,3,,,,,
2013/10/05,20,10,0,,,,,
2013/10/05,21,10,0,,,,,
2013/10/05,22,10,0,,,,,
2013/10/05,23,10,0,,,,,
2013/10/05,24,10,0,,,,,
2013/10/06,01,10,0,,,,,
2013/10/06,02,10,1,,,,,
2013/10/06,03,10,1,,,,,
2013/10/06,04,10,0,,,,,
2013/10/06,05,10,1,,,,,
2013/10/06,06,10,0,,,,,
2013/10/06,07,10,0,,,,,
2013/10/06,08,10,0,,,,,
2013/10/06,09,10,0,,,,,
2013/10/06,10,10,0,,,,,
2013/10/06,11,10,0,,,,,
2013/10/06,12,10,0,,,,,
2013/10/06,13,11,1,,,,,
2013/10/06,14,10,0,,,,,
2013/10/06,15,11,0,,,,,
2013/10/06,16,11,0,,,,,
2013/10/06,17,11,0,,,,,
2013/10/06,18,11,1,,,,,
2013/10/06,19,13,2,,,,,
2013/10/06,20,13,2,,,,,
2013/10/06,21,12,2,,,,,
2013/10/06,22,10,0,,,,,
2013/10/06,23,10,1,,,,,
2013/10/06,24,10,1,,,,,
2013/10/07,01,10,1,,,,,
2013/10/07,02,10,1,,,,,
2013/10/07,03,10,1,,,,,
2013/10/07,04,10,1,,,,,
2013/10/07,05,10,1,,,,,
2013/10/07,06,10,1,,,,,
2013/10/07,07,11,1,,,,,
2013/10/07,08,18,2,,,,,
2013/10/07,09,93,39,,,,,
2013/10/07,10,126,57,,,,,
2013/10/07,11,161,77,,,,,
2013/10/07,12,169,80,,,,,
2013/10/07,13,131,75,,,,,
2013/10/07,14,189,85,,,,,
2013/10/07,15,195,91,,,,,
2013/10/07,16,188,87,,,,,
2013/10/07,17,185,87,,,,,
2013/10/07,18,167,75,,,,,
2013/10/07,19,134,58,,,,,
2013/10/07,20,74,29,,,,,
2013/10/07,21,65,23,,,,,
2013/10/07,22,40,9,,,,,
2013/10/07,23,19,1,,,,,
2013/10/07,24,16,1,,,,,
2013/10/08,01,14,1,,,,,
2013/10/08,02,11,1,,,,,
2013/10/08,03,11,1,,,,,
2013/10/08,04,11,1,,,,,
2013/10/08,05,11,1,,,,,
2013/10/08,06,11,1,,,,,
2013/10/08,07,12,1,,,,,
2013/10/08,08,23,2,,,,,
2013/10/08,09,104,48,,,,,
2013/10/08,10,160,73,,,,,
2013/10/08,11,180,82,,,,,
2013/10/08,12,178,84,,,,,
2013/10/08,13,105,54,,,,,
2013/10/08,14,160,65,,,,,
2013/10/08,15,185,85,,,,,
2013/10/08,16,179,73,,,,,
2013/10/08,17,181,80,,,,,
2013/10/08,18,170,74,,,,,
2013/10/08,19,146,57,,,,,
2013/10/08,20,90,26,,,,,
2013/10/08,21,86,19,,,,,
2013/10/08,22,82,15,,,,,
2013/10/08,23,75,7,,,,,
2013/10/08,24,16,1,,,,,
2013/10/09,01,11,1,,,,,
2013/10/09,02,10,1,,,,,
2013/10/09,03,10,1,,,,,
2013/10/09,04,10,1,,,,,
2013/10/09,05,10,1,,,,,
2013/10/09,06,10,1,,,,,
2013/10/09,07,11,1,,,,,
2013/10/09,08,19,6,,,,,
2013/10/09,09,131,61,,,,,
2013/10/09,10,191,87,,,,,
2013/10/09,11,211,92,,,,,
2013/10/09,12,213,91,,,,,
2013/10/09,13,139,73,,,,,
2013/10/09,14,187,78,,,,,
2013/10/09,15,198,91,,,,,
2013/10/09,16,171,76,,,,,
2013/10/09,17,181,86,,,,,
2013/10/09,18,175,75,,,,,
2013/10/09,19,146,64,,,,,
2013/10/09,20,132,50,,,,,
2013/10/09,21,130,53,,,,,
2013/10/09,22,127,51,,,,,
2013/10/09,23,106,37,,,,,
2013/10/09,24,95,18,,,,,
2013/10/10,01,20,1,,,,,
2013/10/10,02,12,1,,,,,
2013/10/10,03,11,0,,,,,
2013/10/10,04,11,1,,,,,
2013/10/10,05,11,0,,,,,
2013/10/10,06,11,0,,,,,
2013/10/10,07,12,1,,,,,
2013/10/10,08,17,3,,,,,
2013/10/10,09,116,52,,,,,
2013/10/10,10,170,75,,,,,
2013/10/10,11,189,86,,,,,
2013/10/10,12,181,85,,,,,
2013/10/10,13,133,72,,,,,
2013/10/10,14,197,78,,,,,
2013/10/10,15,191,92,,,,,
2013/10/10,16,170,78,,,,,
2013/10/10,17,183,89,,,,,
2013/10/10,18,169,73,,,,,
2013/10/10,19,148,64,,,,,
2013/10/10,20,130,51,,,,,
2013/10/10,21,118,47,,,,,
2013/10/10,22,118,48,,,,,
2013/10/10,23,99,40,,,,,
2013/10/10,24,72,20,,,,,
2013/10/11,01,18,2,,,,,
2013/10/11,02,16,2,,,,,
2013/10/11,03,13,1,,,,,
2013/10/11,04,11,1,,,,,
2013/10/11,05,11,1,,,,,
2013/10/11,06,11,1,,,,,
2013/10/11,07,12,1,,,,,
2013/10/11,08,19,2,,,,,
2013/10/11,09,100,45,,,,,
2013/10/11,10,157,73,,,,,
2013/10/11,11,171,76,,,,,
2013/10/11,12,196,88,,,,,
2013/10/11,13,106,53,,,,,
2013/10/11,14,137,56,,,,,
2013/10/11,15,174,81,,,,,
2013/10/11,16,176,80,,,,,
2013/10/11,17,176,85,,,,,
2013/10/11,18,155,64,,,,,
2013/10/11,19,133,50,,,,,
2013/10/11,20,103,26,,,,,
2013/10/11,21,25,7,,,,,
2013/10/11,22,23,3,,,,,
2013/10/11,23,16,1,,,,,
2013/10/11,24,11,0,,,,,
2013/10/12,01,11,1,,,,,
2013/10/12,02,10,0,,,,,
2013/10/12,03,10,0,,,,,
2013/10/12,04,10,0,,,,,
2013/10/12,05,10,0,,,,,
2013/10/12,06,10,0,,,,,
2013/10/12,07,10,0,,,,,
2013/10/12,08,10,1,,,,,
2013/10/12,09,12,4,,,,,
2013/10/12,10,14,5,,,,,
2013/10/12,11,14,5,,,,,
2013/10/12,12,15,6,,,,,
2013/10/12,13,14,6,,,,,
2013/10/12,14,14,4,,,,,
2013/10/12,15,14,5,,,,,
2013/10/12,16,14,5,,,,,
2013/10/12,17,12,4,,,,,
2013/10/12,18,13,5,,,,,
2013/10/12,19,11,3,,,,,
2013/10/12,20,10,0,,,,,
2013/10/12,21,10,0,,,,,
2013/10/12,22,10,0,,,,,
2013/10/12,23,9,0,,,,,
2013/10/12,24,9,0,,,,,
2013/10/13,01,9,0,,,,,
2013/10/13,02,9,0,,,,,
2013/10/13,03,9,0,,,,,
2013/10/13,04,9,0,,,,,
2013/10/13,05,9,0,,,,,
2013/10/13,06,9,0,,,,,
2013/10/13,07,9,0,,,,,
2013/10/13,08,9,0,,,,,
2013/10/13,09,9,0,,,,,
2013/10/13,10,9,0,,,,,
2013/10/13,11,10,0,,,,,
2013/10/13,12,10,0,,,,,
2013/10/13,13,10,0,,,,,
2013/10/13,14,10,0,,,,,
2013/10/13,15,10,0,,,,,
2013/10/13,16,10,0,,,,,
2013/10/13,17,9,0,,,,,
2013/10/13,18,10,0,,,,,
2013/10/13,19,10,1,,,,,
2013/10/13,20,10,1,,,,,
2013/10/13,21,10,0,,,,,
2013/10/13,22,10,0,,,,,
2013/10/13,23,9,0,,,,,
2013/10/13,24,9,0,,,,,
2013/10/14,01,9,0,,,,,
2013/10/14,02,9,0,,,,,
2013/10/14,03,9,0,,,,,
2013/10/14,04,9,0,,,,,
2013/10/14,05,9,0,,,,,
2013/10/14,06,9,0,,,,,
2013/10/14,07,9,0,,,,,
2013/10/14,08,10,0,,,,,
2013/10/14,09,10,4,,,,,
2013/10/14,10,11,4,,,,,
2013/10/14,11,11,4,,,,,
2013/10/14,12,11,5,,,,,
2013/10/14,13,11,6,,,,,
2013/10/14,14,11,5,,,,,
2013/10/14,15,11,5,,,,,
2013/10/14,16,11,5,,,,,
2013/10/14,17,13,6,,,,,
2013/10/14,18,11,5,,,,,
2013/10/14,19,12,5,,,,,
2013/10/14,20,13,5,,,,,
2013/10/14,21,11,4,,,,,
2013/10/14,22,9,4,,,,,
2013/10/14,23,9,4,,,,,
2013/10/14,24,9,2,,,,,
2013/10/15,01,9,1,,,,,
2013/10/15,02,9,0,,,,,
2013/10/15,03,9,0,,,,,
2013/10/15,04,9,0,,,,,
2013/10/15,05,9,0,,,,,
2013/10/15,06,9,0,,,,,
2013/10/15,07,10,0,,,,,
2013/10/15,08,16,3,,,,,
2013/10/15,09,79,34,,,,,
2013/10/15,10,93,44,,,,,
2013/10/15,11,103,50,,,,,
2013/10/15,12,105,52,,,,,
2013/10/15,13,65,38,,,,,
2013/10/15,14,91,43,,,,,
2013/10/15,15,114,57,,,,,
2013/10/15,16,93,45,,,,,
2013/10/15,17,105,52,,,,,
2013/10/15,18,111,54,,,,,
2013/10/15,19,88,41,,,,,
2013/10/15,20,43,19,,,,,
2013/10/15,21,29,13,,,,,
2013/10/15,22,23,11,,,,,
2013/10/15,23,19,9,,,,,
2013/10/15,24,15,6,,,,,
2013/10/16,01,13,1,,,,,
2013/10/16,02,13,1,,,,,
2013/10/16,03,11,1,,,,,
2013/10/16,04,12,1,,,,,
2013/10/16,05,12,1,,,,,
2013/10/16,06,11,1,,,,,
2013/10/16,07,13,1,,,,,
2013/10/16,08,20,6,,,,,
2013/10/16,09,85,42,,,,,
2013/10/16,10,116,60,,,,,
2013/10/16,11,131,66,,,,,
2013/10/16,12,123,61,,,,,
2013/10/16,13,78,44,,,,,
2013/10/16,14,98,49,,,,,
2013/10/16,15,110,56,,,,,
2013/10/16,16,104,51,,,,,
2013/10/16,17,111,56,,,,,
2013/10/16,18,106,50,,,,,
2013/10/16,19,77,38,,,,,
2013/10/16,20,29,13,,,,,
2013/10/16,21,21,10,,,,,
2013/10/16,22,18,9,,,,,
2013/10/16,23,15,7,,,,,
2013/10/16,24,14,5,,,,,
2013/10/17,01,11,3,,,,,
2013/10/17,02,11,3,,,,,
2013/10/17,03,11,2,,,,,
2013/10/17,04,11,2,,,,,
2013/10/17,05,11,2,,,,,
2013/10/17,06,11,2,,,,,
2013/10/17,07,12,3,,,,,
2013/10/17,08,20,5,,,,,
2013/10/17,09,83,39,,,,,
2013/10/17,10,106,54,,,,,
2013/10/17,11,112,55,,,,,
2013/10/17,12,105,50,,,,,
2013/10/17,13,64,35,,,,,
2013/10/17,14,90,40,,,,,
2013/10/17,15,94,45,,,,,
2013/10/17,16,79,38,,,,,
2013/10/17,17,91,46,,,,,
2013/10/17,18,87,39,,,,,
2013/10/17,19,76,32,,,,,
2013/10/17,20,59,23,,,,,
2013/10/17,21,46,20,,,,,
2013/10/17,22,20,9,,,,,
2013/10/17,23,21,9,,,,,
2013/10/17,24,12,4,,,,,
2013/10/18,01,11,2,,,,,
2013/10/18,02,10,1,,,,,
2013/10/18,03,10,1,,,,,
2013/10/18,04,10,1,,,,,
2013/10/18,05,10,1,,,,,
2013/10/18,06,10,1,,,,,
2013/10/18,07,11,1,,,,,
2013/10/18,08,23,3,,,,,
2013/10/18,09,84,39,,,,,
2013/10/18,10,109,52,,,,,
2013/10/18,11,113,51,,,,,
2013/10/18,12,108,48,,,,,
2013/10/18,13,72,40,,,,,
2013/10/18,14,95,42,,,,,
2013/10/18,15,110,51,,,,,
2013/10/18,16,105,45,,,,,
2013/10/18,17,112,52,,,,,
2013/10/18,18,99,39,,,,,
2013/10/18,19,77,29,,,,,
2013/10/18,20,70,24,,,,,
2013/10/18,21,63,21,,,,,
2013/10/18,22,55,12,,,,,
2013/10/18,23,42,4,,,,,
2013/10/18,24,15,1,,,,,
2013/10/19,01,13,1,,,,,
2013/10/19,02,11,0,,,,,
2013/10/19,03,11,1,,,,,
2013/10/19,04,11,1,,,,,
2013/10/19,05,11,0,,,,,
2013/10/19,06,11,1,,,,,
2013/10/19,07,12,1,,,,,
2013/10/19,08,20,2,,,,,
2013/10/19,09,88,31,,,,,
2013/10/19,10,114,46,,,,,
2013/10/19,11,109,46,,,,,
2013/10/19,12,107,49,,,,,
2013/10/19,13,66,35,,,,,
2013/10/19,14,93,39,,,,,
2013/10/19,15,105,47,,,,,
2013/10/19,16,94,40,,,,,
2013/10/19,17,104,47,,,,,
2013/10/19,18,96,44,,,,,
2013/10/19,19,64,28,,,,,
2013/10/19,20,20,1,,,,,
2013/10/19,21,17,1,,,,,
2013/10/19,22,16,1,,,,,
2013/10/19,23,15,1,,,,,
2013/10/19,24,13,1,,,,,
2013/10/20,01,10,1,,,,,
2013/10/20,02,10,1,,,,,
2013/10/20,03,10,1,,,,,
2013/10/20,04,10,1,,,,,
2013/10/20,05,10,1,,,,,
2013/10/20,06,10,1,,,,,
2013/10/20,07,10,1,,,,,
2013/10/20,08,10,1,,,,,
2013/10/20,09,10,1,,,,,
2013/10/20,10,10,1,,,,,
2013/10/20,11,11,1,,,,,
2013/10/20,12,10,1,,,,,
2013/10/20,13,11,1,,,,,
2013/10/20,14,11,1,,,,,
2013/10/20,15,11,1,,,,,
2013/10/20,16,11,1,,,,,
2013/10/20,17,11,1,,,,,
2013/10/20,18,13,3,,,,,
2013/10/20,19,16,6,,,,,
2013/10/20,20,16,6,,,,,
2013/10/20,21,14,4,,,,,
2013/10/20,22,11,1,,,,,
2013/10/20,23,10,1,,,,,
2013/10/20,24,10,1,,,,,
2013/10/21,01,10,1,,,,,
2013/10/21,02,10,1,,,,,
2013/10/21,03,10,1,,,,,
2013/10/21,04,10,1,,,,,
2013/10/21,05,10,1,,,,,
2013/10/21,06,10,1,,,,,
2013/10/21,07,10,1,,,,,
2013/10/21,08,18,4,,,,,
2013/10/21,09,89,41,,,,,
2013/10/21,10,121,59,,,,,
2013/10/21,11,122,62,,,,,
2013/10/21,12,120,61,,,,,
2013/10/21,13,86,54,,,,,
2013/10/21,14,127,67,,,,,
2013/10/21,15,129,67,,,,,
2013/10/21,16,116,61,,,,,
2013/10/21,17,121,64,,,,,
2013/10/21,18,116,59,,,,,
2013/10/21,19,94,46,,,,,
2013/10/21,20,84,41,,,,,
2013/10/21,21,79,38,,,,,
2013/10/21,22,33,12,,,,,
2013/10/21,23,15,1,,,,,
2013/10/21,24,13,1,,,,,
2013/10/22,01,11,1,,,,,
2013/10/22,02,11,1,,,,,
2013/10/22,03,11,1,,,,,
2013/10/22,04,11,1,,,,,
2013/10/22,05,11,1,,,,,
2013/10/22,06,11,1,,,,,
2013/10/22,07,11,1,,,,,
2013/10/22,08,15,1,,,,,
2013/10/22,09,94,48,,,,,
2013/10/22,10,111,53,,,,,
2013/10/22,11,114,55,,,,,
2013/10/22,12,122,65,,,,,
2013/10/22,13,74,41,,,,,
2013/10/22,14,104,45,,,,,
2013/10/22,15,120,59,,,,,
2013/10/22,16,102,44,,,,,
2013/10/22,17,115,54,,,,,
2013/10/22,18,105,46,,,,,
2013/10/22,19,90,40,,,,,
2013/10/22,20,64,20,,,,,
2013/10/22,21,53,14,,,,,
2013/10/22,22,43,11,,,,,
2013/10/22,23,15,1,,,,,
2013/10/22,24,13,1,,,,,
2013/10/23,01,11,1,,,,,
2013/10/23,02,11,1,,,,,
2013/10/23,03,11,1,,,,,
2013/10/23,04,11,1,,,,,
2013/10/23,05,11,1,,,,,
2013/10/23,06,11,1,,,,,
2013/10/23,07,11,1,,,,,
2013/10/23,08,20,6,,,,,
2013/10/23,09,93,44,,,,,
2013/10/23,10,109,51,,,,,
2013/10/23,11,110,51,,,,,
2013/10/23,12,107,47,,,,,
2013/10/23,13,73,40,,,,,
2013/10/23,14,100,43,,,,,
2013/10/23,15,125,64,,,,,
2013/10/23,16,110,53,,,,,
2013/10/23,17,118,61,,,,,
2013/10/23,18,110,53,,,,,
2013/10/23,19,98,46,,,,,
2013/10/23,20,87,39,,,,,
2013/10/23,21,85,43,,,,,
2013/10/23,22,47,23,,,,,
2013/10/23,23,37,15,,,,,
2013/10/23,24,12,1,,,,,
2013/10/24,01,10,1,,,,,
2013/10/24,02,10,1,,,,,
2013/10/24,03,10,1,,,,,
2013/10/24,04,10,1,,,,,
2013/10/24,05,10,1,,,,,
2013/10/24,06,10,1,,,,,
2013/10/24,07,11,1,,,,,
2013/10/24,08,14,1,,,,,
2013/10/24,09,87,38,,,,,
2013/10/24,10,108,47,,,,,
2013/10/24,11,114,54,,,,,
2013/10/24,12,120,62,,,,,
2013/10/24,13,76,44,,,,,
2013/10/24,14,92,36,,,,,
2013/10/24,15,117,58,,,,,
2013/10/24,16,98,44,,,,,
2013/10/24,17,109,52,,,,,
2013/10/24,18,99,44,,,,,
2013/10/24,19,95,45,,,,,
2013/10/24,20,72,27,,,,,
2013/10/24,21,52,17,,,,,
2013/10/24,22,40,15,,,,,
2013/10/24,23,14,2,,,,,
2013/10/24,24,13,2,,,,,
2013/10/25,01,11,2,,,,,
2013/10/25,02,9,2,,,,,
2013/10/25,03,9,1,,,,,
2013/10/25,04,10,1,,,,,
2013/10/25,05,9,1,,,,,
2013/10/25,06,9,1,,,,,
2013/10/25,07,10,1,,,,,
2013/10/25,08,13,1,,,,,
2013/10/25,09,84,38,,,,,
2013/10/25,10,104,49,,,,,
2013/10/25,11,116,57,,,,,
2013/10/25,12,115,58,,,,,
2013/10/25,13,65,34,,,,,
2013/10/25,14,92,38,,,,,
2013/10/25,15,121,63,,,,,
2013/10/25,16,106,56,,,,,
2013/10/25,17,110,57,,,,,
2013/10/25,18,104,55,,,,,
2013/10/25,19,48,21,,,,,
2013/10/25,20,21,1,,,,,
2013/10/25,21,16,1,,,,,
2013/10/25,22,16,1,,,,,
2013/10/25,23,15,1,,,,,
2013/10/25,24,14,1,,,,,
2013/10/26,01,10,1,,,,,
2013/10/26,02,10,1,,,,,
2013/10/26,03,9,1,,,,,
2013/10/26,04,9,1,,,,,
2013/10/26,05,10,1,,,,,
2013/10/26,06,9,1,,,,,
2013/10/26,07,9,1,,,,,
2013/10/26,08,10,1,,,,,
2013/10/26,09,13,2,,,,,
2013/10/26,10,35,12,,,,,
2013/10/26,11,36,12,,,,,
2013/10/26,12,34,10,,,,,
2013/10/26,13,27,9,,,,,
2013/10/26,14,38,13,,,,,
2013/10/26,15,36,11,,,,,
2013/10/26,16,34,11,,,,,
2013/10/26,17,33,9,,,,,
2013/10/26,18,12,1,,,,,
2013/10/26,19,11,1,,,,,
2013/10/26,20,10,1,,,,,
2013/10/26,21,10,1,,,,,
2013/10/26,22,10,1,,,,,
2013/10/26,23,10,1,,,,,
2013/10/26,24,9,1,,,,,
2013/10/27,01,10,1,,,,,
2013/10/27,02,9,1,,,,,
2013/10/27,03,9,1,,,,,
2013/10/27,04,10,1,,,,,
2013/10/27,05,9,1,,,,,
2013/10/27,06,10,1,,,,,
2013/10/27,07,10,1,,,,,
2013/10/27,08,9,1,,,,,
2013/10/27,09,9,1,,,,,
2013/10/27,10,10,1,,,,,
2013/10/27,11,10,1,,,,,
2013/10/27,12,10,1,,,,,
2013/10/27,13,10,1,,,,,
2013/10/27,14,10,1,,,,,
2013/10/27,15,10,1,,,,,
2013/10/27,16,10,1,,,,,
2013/10/27,17,10,1,,,,,
2013/10/27,18,10,1,,,,,
2013/10/27,19,10,1,,,,,
2013/10/27,20,10,1,,,,,
2013/10/27,21,10,1,,,,,
2013/10/27,22,10,1,,,,,
2013/10/27,23,9,1,,,,,
2013/10/27,24,9,1,,,,,
2013/10/28,01,9,1,,,,,
2013/10/28,02,9,1,,,,,
2013/10/28,03,9,1,,,,,
2013/10/28,04,9,1,,,,,
2013/10/28,05,9,1,,,,,
2013/10/28,06,9,1,,,,,
2013/10/28,07,10,1,,,,,
2013/10/28,08,16,2,,,,,
2013/10/28,09,85,37,,,,,
2013/10/28,10,105,48,,,,,
2013/10/28,11,119,58,,,,,
2013/10/28,12,116,56,,,,,
2013/10/28,13,79,47,,,,,
2013/10/28,14,95,38,,,,,
2013/10/28,15,105,48,,,,,
2013/10/28,16,98,43,,,,,
2013/10/28,17,103,46,,,,,
2013/10/28,18,98,42,,,,,
2013/10/28,19,87,37,,,,,
2013/10/28,20,60,20,,,,,
2013/10/28,21,20,1,,,,,
2013/10/28,22,18,1,,,,,
2013/10/28,23,15,1,,,,,
2013/10/28,24,13,1,,,,,
2013/10/29,01,13,1,,,,,
2013/10/29,02,12,1,,,,,
2013/10/29,03,11,1,,,,,
2013/10/29,04,11,1,,,,,
2013/10/29,05,11,1,,,,,
2013/10/29,06,11,1,,,,,
2013/10/29,07,11,1,,,,,
2013/10/29,08,16,1,,,,,
2013/10/29,09,77,31,,,,,
2013/10/29,10,107,47,,,,,
2013/10/29,11,110,50,,,,,
2013/10/29,12,111,49,,,,,
2013/10/29,13,73,37,,,,,
2013/10/29,14,100,41,,,,,
2013/10/29,15,114,51,,,,,
2013/10/29,16,96,38,,,,,
2013/10/29,17,105,43,,,,,
2013/10/29,18,107,46,,,,,
2013/10/29,19,82,28,,,,,
2013/10/29,20,62,19,,,,,
2013/10/29,21,49,12,,,,,
2013/10/29,22,19,2,,,,,
2013/10/29,23,16,2,,,,,
2013/10/29,24,13,1,,,,,
2013/10/30,01,12,1,,,,,
2013/10/30,02,11,1,,,,,
2013/10/30,03,11,1,,,,,
2013/10/30,04,11,1,,,,,
2013/10/30,05,10,1,,,,,
2013/10/30,06,11,1,,,,,
2013/10/30,07,11,1,,,,,
2013/10/30,08,20,6,,,,,
2013/10/30,09,87,40,,,,,
2013/10/30,10,106,48,,,,,
2013/10/30,11,103,43,,,,,
2013/10/30,12,105,44,,,,,
2013/10/30,13,73,39,,,,,
2013/10/30,14,95,39,,,,,
2013/10/30,15,106,45,,,,,
2013/10/30,16,100,44,,,,,
2013/10/30,17,112,54,,,,,
2013/10/30,18,104,47,,,,,
2013/10/30,19,102,47,,,,,
2013/10/30,20,87,35,,,,,
2013/10/30,21,81,34,,,,,
2013/10/30,22,74,32,,,,,
2013/10/30,23,61,24,,,,,
2013/10/30,24,44,12,,,,,
2013/10/31,01,12,1,,,,,
2013/10/31,02,12,1,,,,,
2013/10/31,03,12,1,,,,,
2013/10/31,04,12,1,,,,,
2013/10/31,05,12,1,,,,,
2013/10/31,06,12,1,,,,,
2013/10/31,07,12,1,,,,,
2013/10/31,08,20,6,,,,,
2013/10/31,09,84,39,,,,,
2013/10/31,10,98,41,,,,,
2013/10/31,11,114,54,,,,,
2013/10/31,12,111,51,,,,,
2013/10/31,13,73,40,,,,,
2013/10/31,14,97,37,,,,,
2013/10/31,15,119,60,,,,,
2013/10/31,16,113,58,,,,,
2013/10/31,17,124,66,,,,,
2013/10/31,18,112,53,,,,,
2013/10/31,19,110,51,,,,,
2013/10/31,20,92,41,,,,,
2013/10/31,21,91,45,,,,,
2013/10/31,22,84,44,,,,,
2013/10/31,23,77,41,,,,,
2013/10/31,24,47,18,,,,,
2013/11/01,01,14,2,,,,,
2013/11/01,02,11,2,,,,,
2013/11/01,03,11,2,,,,,
2013/11/01,04,11,2,,,,,
2013/11/01,05,11,2,,,,,
2013/11/01,06,11,2,,,,,
2013/11/01,07,12,2,,,,,
2013/11/01,08,17,3,,,,,
2013/11/01,09,88,40,,,,,
2013/11/01,10,102,46,,,,,
2013/11/01,11,98,40,,,,,
2013/11/01,12,102,43,,,,,
2013/11/01,13,67,33,,,,,
2013/11/01,14,91,34,,,,,
2013/11/01,15,103,46,,,,,
2013/11/01,16,97,42,,,,,
2013/11/01,17,110,51,,,,,
2013/11/01,18,86,30,,,,,
2013/11/01,19,54,18,,,,,
2013/11/01,20,31,6,,,,,
2013/11/01,21,21,1,,,,,
2013/11/01,22,19,1,,,,,
2013/11/01,23,17,1,,,,,
2013/11/01,24,16,1,,,,,
2013/11/02,01,12,1,,,,,
2013/11/02,02,12,1,,,,,
2013/11/02,03,12,1,,,,,
2013/11/02,04,12,1,,,,,
2013/11/02,05,12,1,,,,,
2013/11/02,06,12,1,,,,,
2013/11/02,07,12,1,,,,,
2013/11/02,08,16,1,,,,,
2013/11/02,09,60,15,,,,,
2013/11/02,10,81,29,,,,,
2013/11/02,11,88,33,,,,,
2013/11/02,12,84,32,,,,,
2013/11/02,13,48,19,,,,,
2013/11/02,14,73,23,,,,,
2013/11/02,15,83,33,,,,,
2013/11/02,16,71,25,,,,,
2013/11/02,17,81,30,,,,,
2013/11/02,18,76,33,,,,,
2013/11/02,19,25,4,,,,,
2013/11/02,20,13,1,,,,,
2013/11/02,21,12,1,,,,,
2013/11/02,22,12,1,,,,,
2013/11/02,23,11,1,,,,,
2013/11/02,24,11,1,,,,,
2013/11/03,01,11,1,,,,,
2013/11/03,02,11,1,,,,,
2013/11/03,03,10,1,,,,,
2013/11/03,04,11,1,,,,,
2013/11/03,05,11,1,,,,,
2013/11/03,06,11,1,,,,,
2013/11/03,07,11,1,,,,,
2013/11/03,08,12,1,,,,,
2013/11/03,09,14,1,,,,,
2013/11/03,10,15,1,,,,,
2013/11/03,11,15,1,,,,,
2013/11/03,12,14,1,,,,,
2013/11/03,13,12,1,,,,,
2013/11/03,14,15,1,,,,,
2013/11/03,15,16,1,,,,,
2013/11/03,16,16,1,,,,,
2013/11/03,17,14,1,,,,,
2013/11/03,18,11,1,,,,,
2013/11/03,19,12,1,,,,,
2013/11/03,20,11,1,,,,,
2013/11/03,21,11,1,,,,,
2013/11/03,22,11,1,,,,,
2013/11/03,23,11,1,,,,,
2013/11/03,24,10,1,,,,,
2013/11/04,01,11,1,,,,,
2013/11/04,02,11,1,,,,,
2013/11/04,03,11,1,,,,,
2013/11/04,04,10,1,,,,,
2013/11/04,05,11,1,,,,,
2013/11/04,06,11,1,,,,,
2013/11/04,07,10,1,,,,,
2013/11/04,08,11,1,,,,,
2013/11/04,09,12,1,,,,,
2013/11/04,10,12,1,,,,,
2013/11/04,11,12,1,,,,,
2013/11/04,12,12,1,,,,,
2013/11/04,13,12,1,,,,,
2013/11/04,14,12,1,,,,,
2013/11/04,15,12,1,,,,,
2013/11/04,16,12,1,,,,,
2013/11/04,17,12,1,,,,,
2013/11/04,18,12,1,,,,,
2013/11/04,19,13,1,,,,,
2013/11/04,20,13,1,,,,,
2013/11/04,21,12,1,,,,,
2013/11/04,22,11,1,,,,,
2013/11/04,23,10,1,,,,,
2013/11/04,24,10,1,,,,,
2013/11/05,01,10,1,,,,,
2013/11/05,02,10,1,,,,,
2013/11/05,03,10,1,,,,,
2013/11/05,04,10,1,,,,,
2013/11/05,05,10,1,,,,,
2013/11/05,06,10,1,,,,,
2013/11/05,07,11,1,,,,,
2013/11/05,08,17,3,,,,,
2013/11/05,09,83,39,,,,,
2013/11/05,10,102,47,,,,,
2013/11/05,11,103,45,,,,,
2013/11/05,12,106,47,,,,,
2013/11/05,13,65,33,,,,,
2013/11/05,14,90,35,,,,,
2013/11/05,15,101,44,,,,,
2013/11/05,16,90,37,,,,,
2013/11/05,17,103,46,,,,,
2013/11/05,18,95,42,,,,,
2013/11/05,19,52,20,,,,,
2013/11/05,20,30,7,,,,,
2013/11/05,21,20,2,,,,,
2013/11/05,22,19,2,,,,,
2013/11/05,23,16,2,,,,,
2013/11/05,24,14,2,,,,,
2013/11/06,01,13,2,,,,,
2013/11/06,02,13,2,,,,,
2013/11/06,03,10,2,,,,,
2013/11/06,04,10,2,,,,,
2013/11/06,05,10,2,,,,,
2013/11/06,06,10,2,,,,,
2013/11/06,07,11,2,,,,,
2013/11/06,08,21,8,,,,,
2013/11/06,09,87,41,,,,,
2013/11/06,10,106,48,,,,,
2013/11/06,11,105,46,,,,,
2013/11/06,12,105,45,,,,,
2013/11/06,13,64,32,,,,,
2013/11/06,14,102,43,,,,,
2013/11/06,15,107,47,,,,,
2013/11/06,16,97,40,,,,,
2013/11/06,17,107,46,,,,,
2013/11/06,18,89,31,,,,,
2013/11/06,19,76,29,,,,,
2013/11/06,20,28,3,,,,,
2013/11/06,21,24,1,,,,,
2013/11/06,22,18,1,,,,,
2013/11/06,23,15,1,,,,,
2013/11/06,24,15,1,,,,,
2013/11/07,01,14,1,,,,,
2013/11/07,02,14,1,,,,,
2013/11/07,03,12,1,,,,,
2013/11/07,04,11,1,,,,,
2013/11/07,05,12,1,,,,,
2013/11/07,06,12,1,,,,,
2013/11/07,07,12,1,,,,,
2013/11/07,08,19,4,,,,,
2013/11/07,09,93,43,,,,,
2013/11/07,10,114,55,,,,,
2013/11/07,11,107,46,,,,,
2013/11/07,12,106,46,,,,,
2013/11/07,13,68,34,,,,,
2013/11/07,14,100,42,,,,,
2013/11/07,15,110,49,,,,,
2013/11/07,16,99,42,,,,,
2013/11/07,17,106,47,,,,,
2013/11/07,18,95,36,,,,,
2013/11/07,19,88,31,,,,,
2013/11/07,20,75,26,,,,,
2013/11/07,21,57,18,,,,,
2013/11/07,22,45,11,,,,,
2013/11/07,23,40,10,,,,,
2013/11/07,24,15,1,,,,,
2013/11/08,01,11,1,,,,,
2013/11/08,02,11,1,,,,,
2013/11/08,03,11,1,,,,,
2013/11/08,04,11,1,,,,,
2013/11/08,05,11,1,,,,,
2013/11/08,06,11,1,,,,,
2013/11/08,07,11,1,,,,,
2013/11/08,08,15,1,,,,,
2013/11/08,09,86,39,,,,,
2013/11/08,10,114,54,,,,,
2013/11/08,11,115,51,,,,,
2013/11/08,12,110,47,,,,,
2013/11/08,13,68,34,,,,,
2013/11/08,14,102,45,,,,,
2013/11/08,15,108,46,,,,,
2013/11/08,16,97,40,,,,,
2013/11/08,17,107,50,,,,,
2013/11/08,18,87,31,,,,,
2013/11/08,19,91,34,,,,,
2013/11/08,20,71,25,,,,,
2013/11/08,21,67,28,,,,,
2013/11/08,22,25,7,,,,,
2013/11/08,23,15,2,,,,,
2013/11/08,24,15,2,,,,,
2013/11/09,01,14,2,,,,,
2013/11/09,02,12,1,,,,,
2013/11/09,03,11,1,,,,,
2013/11/09,04,11,1,,,,,
2013/11/09,05,11,1,,,,,
2013/11/09,06,11,1,,,,,
2013/11/09,07,12,1,,,,,
2013/11/09,08,25,6,,,,,
2013/11/09,09,97,46,,,,,
2013/11/09,10,112,53,,,,,
2013/11/09,11,115,55,,,,,
2013/11/09,12,105,48,,,,,
2013/11/09,13,65,34,,,,,
2013/11/09,14,90,35,,,,,
2013/11/09,15,105,48,,,,,
2013/11/09,16,93,41,,,,,
2013/11/09,17,104,46,,,,,
2013/11/09,18,96,39,,,,,
2013/11/09,19,54,21,,,,,
2013/11/09,20,19,1,,,,,
2013/11/09,21,14,1,,,,,
2013/11/09,22,14,1,,,,,
2013/11/09,23,14,1,,,,,
2013/11/09,24,14,1,,,,,
2013/11/10,01,14,1,,,,,
2013/11/10,02,13,1,,,,,
2013/11/10,03,13,1,,,,,
2013/11/10,04,11,1,,,,,
2013/11/10,05,11,1,,,,,
2013/11/10,06,11,1,,,,,
2013/11/10,07,11,1,,,,,
2013/11/10,08,11,1,,,,,
2013/11/10,09,12,1,,,,,
2013/11/10,10,12,1,,,,,
2013/11/10,11,12,1,,,,,
2013/11/10,12,12,1,,,,,
2013/11/10,13,11,1,,,,,
2013/11/10,14,12,1,,,,,
2013/11/10,15,12,1,,,,,
2013/11/10,16,12,1,,,,,
2013/11/10,17,12,1,,,,,
2013/11/10,18,12,1,,,,,
2013/11/10,19,17,5,,,,,
2013/11/10,20,14,3,,,,,
2013/11/10,21,12,1,,,,,
2013/11/10,22,12,1,,,,,
2013/11/10,23,11,1,,,,,
2013/11/10,24,11,1,,,,,
2013/11/11,01,11,1,,,,,
2013/11/11,02,11,1,,,,,
2013/11/11,03,11,1,,,,,
2013/11/11,04,11,1,,,,,
2013/11/11,05,11,1,,,,,
2013/11/11,06,11,1,,,,,
2013/11/11,07,12,1,,,,,
2013/11/11,08,17,1,,,,,
2013/11/11,09,83,34,,,,,
2013/11/11,10,111,51,,,,,
2013/11/11,11,109,49,,,,,
2013/11/11,12,113,53,,,,,
2013/11/11,13,73,43,,,,,
2013/11/11,14,127,70,,,,,
2013/11/11,15,132,76,,,,,
2013/11/11,16,131,78,,,,,
2013/11/11,17,131,73,,,,,
2013/11/11,18,129,67,,,,,
2013/11/11,19,110,51,,,,,
2013/11/11,20,107,56,,,,,
2013/11/11,21,100,56,,,,,
2013/11/11,22,101,62,,,,,
2013/11/11,23,84,50,,,,,
2013/11/11,24,31,15,,,,,
2013/11/12,01,13,2,,,,,
2013/11/12,02,12,1,,,,,
2013/11/12,03,11,1,,,,,
2013/11/12,04,11,1,,,,,
2013/11/12,05,11,1,,,,,
2013/11/12,06,11,1,,,,,
2013/11/12,07,11,1,,,,,
2013/11/12,08,22,9,,,,,
2013/11/12,09,85,37,,,,,
2013/11/12,10,129,68,,,,,
2013/11/12,11,138,76,,,,,
2013/11/12,12,154,91,,,,,
2013/11/12,13,119,82,,,,,
2013/11/12,14,143,84,,,,,
2013/11/12,15,155,92,,,,,
2013/11/12,16,139,83,,,,,
2013/11/12,17,149,89,,,,,
2013/11/12,18,135,77,,,,,
2013/11/12,19,133,79,,,,,
2013/11/12,20,116,69,,,,,
2013/11/12,21,126,77,,,,,
2013/11/12,22,125,76,,,,,
2013/11/12,23,91,56,,,,,
2013/11/12,24,65,36,,,,,
2013/11/13,01,12,1,,,,,
2013/11/13,02,11,1,,,,,
2013/11/13,03,11,1,,,,,
2013/11/13,04,11,1,,,,,
2013/11/13,05,11,1,,,,,
2013/11/13,06,11,1,,,,,
2013/11/13,07,12,1,,,,,
2013/11/13,08,24,7,,,,,
2013/11/13,09,119,67,,,,,
2013/11/13,10,160,97,,,,,
2013/11/13,11,166,102,,,,,
2013/11/13,12,156,94,,,,,
2013/11/13,13,98,63,,,,,
2013/11/13,14,152,94,,,,,
2013/11/13,15,163,101,,,,,
2013/11/13,16,144,85,,,,,
2013/11/13,17,146,86,,,,,
2013/11/13,18,143,82,,,,,
2013/11/13,19,141,84,,,,,
2013/11/13,20,126,76,,,,,
2013/11/13,21,112,70,,,,,
2013/11/13,22,104,66,,,,,
2013/11/13,23,94,58,,,,,
2013/11/13,24,73,43,,,,,
2013/11/14,01,27,14,,,,,
2013/11/14,02,24,13,,,,,
2013/11/14,03,18,9,,,,,
2013/11/14,04,18,9,,,,,
2013/11/14,05,18,9,,,,,
2013/11/14,06,18,9,,,,,
2013/11/14,07,19,9,,,,,
2013/11/14,08,35,12,,,,,
2013/11/14,09,103,51,,,,,
2013/11/14,10,149,90,,,,,
2013/11/14,11,141,80,,,,,
2013/11/14,12,134,71,,,,,
2013/11/14,13,92,55,,,,,
2013/11/14,14,122,63,,,,,
2013/11/14,15,119,61,,,,,
2013/11/14,16,116,60,,,,,
2013/11/14,17,134,73,,,,,
2013/11/14,18,122,62,,,,,
2013/11/14,19,106,48,,,,,
2013/11/14,20,83,31,,,,,
2013/11/14,21,85,39,,,,,
2013/11/14,22,81,41,,,,,
2013/11/14,23,73,34,,,,,
2013/11/14,24,62,27,,,,,
2013/11/15,01,19,5,,,,,
2013/11/15,02,11,1,,,,,
2013/11/15,03,11,1,,,,,
2013/11/15,04,11,1,,,,,
2013/11/15,05,11,1,,,,,
2013/11/15,06,11,1,,,,,
2013/11/15,07,11,1,,,,,
2013/11/15,08,20,4,,,,,
2013/11/15,09,101,49,,,,,
2013/11/15,10,131,67,,,,,
2013/11/15,11,123,61,,,,,
2013/11/15,12,125,62,,,,,
2013/11/15,13,107,69,,,,,
2013/11/15,14,119,59,,,,,
2013/11/15,15,129,68,,,,,
2013/11/15,16,112,52,,,,,
2013/11/15,17,115,54,,,,,
2013/11/15,18,106,49,,,,,
2013/11/15,19,98,42,,,,,
2013/11/15,20,75,31,,,,,
2013/11/15,21,62,22,,,,,
2013/11/15,22,20,7,,,,,
2013/11/15,23,13,2,,,,,
2013/11/15,24,12,1,,,,,
2013/11/16,01,11,1,,,,,
2013/11/16,02,11,1,,,,,
2013/11/16,03,10,1,,,,,
2013/11/16,04,10,1,,,,,
2013/11/16,05,11,1,,,,,
2013/11/16,06,10,1,,,,,
2013/11/16,07,11,1,,,,,
2013/11/16,08,13,1,,,,,
2013/11/16,09,54,15,,,,,
2013/11/16,10,70,26,,,,,
2013/11/16,11,76,32,,,,,
2013/11/16,12,79,37,,,,,
2013/11/16,13,49,26,,,,,
2013/11/16,14,59,23,,,,,
2013/11/16,15,64,27,,,,,
2013/11/16,16,52,18,,,,,
2013/11/16,17,46,12,,,,,
2013/11/16,18,34,7,,,,,
2013/11/16,19,12,1,,,,,
2013/11/16,20,11,1,,,,,
2013/11/16,21,11,1,,,,,
2013/11/16,22,11,1,,,,,
2013/11/16,23,10,1,,,,,
2013/11/16,24,10,1,,,,,
2013/11/17,01,10,1,,,,,
2013/11/17,02,10,1,,,,,
2013/11/17,03,10,1,,,,,
2013/11/17,04,10,1,,,,,
2013/11/17,05,10,1,,,,,
2013/11/17,06,10,1,,,,,
2013/11/17,07,10,1,,,,,
2013/11/17,08,10,1,,,,,
2013/11/17,09,10,1,,,,,
2013/11/17,10,10,1,,,,,
2013/11/17,11,11,1,,,,,
2013/11/17,12,10,1,,,,,
2013/11/17,13,10,1,,,,,
2013/11/17,14,11,1,,,,,
2013/11/17,15,12,1,,,,,
2013/11/17,16,13,3,,,,,
2013/11/17,17,16,6,,,,,
2013/11/17,18,16,6,,,,,
2013/11/17,19,16,6,,,,,
2013/11/17,20,16,6,,,,,
2013/11/17,21,12,2,,,,,
2013/11/17,22,11,1,,,,,
2013/11/17,23,10,1,,,,,
2013/11/17,24,10,1,,,,,
2013/11/18,01,10,1,,,,,
2013/11/18,02,10,1,,,,,
2013/11/18,03,10,1,,,,,
2013/11/18,04,10,1,,,,,
2013/11/18,05,10,1,,,,,
2013/11/18,06,10,1,,,,,
2013/11/18,07,10,1,,,,,
2013/11/18,08,56,33,,,,,
2013/11/18,09,122,71,,,,,
2013/11/18,10,139,79,,,,,
2013/11/18,11,135,75,,,,,
2013/11/18,12,145,86,,,,,
2013/11/18,13,103,69,,,,,
2013/11/18,14,126,68,,,,,
2013/11/18,15,132,73,,,,,
2013/11/18,16,129,73,,,,,
2013/11/18,17,133,73,,,,,
2013/11/18,18,122,65,,,,,
2013/11/18,19,112,56,,,,,
2013/11/18,20,94,47,,,,,
2013/11/18,21,89,46,,,,,
2013/11/18,22,61,27,,,,,
2013/11/18,23,15,1,,,,,
2013/11/18,24,12,1,,,,,
2013/11/19,01,11,1,,,,,
2013/11/19,02,11,1,,,,,
2013/11/19,03,11,1,,,,,
2013/11/19,04,11,1,,,,,
2013/11/19,05,11,1,,,,,
2013/11/19,06,11,1,,,,,
2013/11/19,07,12,1,,,,,
2013/11/19,08,20,3,,,,,
2013/11/19,09,109,61,,,,,
2013/11/19,10,151,90,,,,,
2013/11/19,11,159,95,,,,,
2013/11/19,12,151,92,,,,,
2013/11/19,13,99,63,,,,,
2013/11/19,14,157,96,,,,,
2013/11/19,15,170,110,,,,,
2013/11/19,16,154,98,,,,,
2013/11/19,17,157,99,,,,,
2013/11/19,18,154,95,,,,,
2013/11/19,19,151,93,,,,,
2013/11/19,20,136,88,,,,,
2013/11/19,21,120,78,,,,,
2013/11/19,22,123,84,,,,,
2013/11/19,23,112,74,,,,,
2013/11/19,24,69,35,,,,,
2013/11/20,01,18,7,,,,,
2013/11/20,02,15,4,,,,,
2013/11/20,03,11,1,,,,,
2013/11/20,04,11,1,,,,,
2013/11/20,05,11,1,,,,,
2013/11/20,06,11,1,,,,,
2013/11/20,07,11,1,,,,,
2013/11/20,08,23,3,,,,,
2013/11/20,09,133,81,,,,,
2013/11/20,10,167,107,,,,,
2013/11/20,11,186,116,,,,,
2013/11/20,12,183,110,,,,,
2013/11/20,13,117,82,,,,,
2013/11/20,14,167,110,,,,,
2013/11/20,15,169,109,,,,,
2013/11/20,16,151,95,,,,,
2013/11/20,17,152,93,,,,,
2013/11/20,18,154,95,,,,,
2013/11/20,19,148,93,,,,,
2013/11/20,20,117,69,,,,,
2013/11/20,21,118,74,,,,,
2013/11/20,22,108,70,,,,,
2013/11/20,23,91,57,,,,,
2013/11/20,24,27,14,,,,,
2013/11/21,01,22,10,,,,,
2013/11/21,02,12,2,,,,,
2013/11/21,03,11,1,,,,,
2013/11/21,04,11,1,,,,,
2013/11/21,05,11,1,,,,,
2013/11/21,06,11,1,,,,,
2013/11/21,07,11,1,,,,,
2013/11/21,08,20,3,,,,,
2013/11/21,09,133,82,,,,,
2013/11/21,10,159,99,,,,,
2013/11/21,11,165,103,,,,,
2013/11/21,12,159,97,,,,,
2013/11/21,13,111,76,,,,,
2013/11/21,14,183,110,,,,,
2013/11/21,15,178,107,,,,,
2013/11/21,16,165,96,,,,,
2013/11/21,17,167,100,,,,,
2013/11/21,18,159,99,,,,,
2013/11/21,19,163,103,,,,,
2013/11/21,20,136,85,,,,,
2013/11/21,21,131,88,,,,,
2013/11/21,22,117,77,,,,,
2013/11/21,23,103,67,,,,,
2013/11/21,24,25,11,,,,,
2013/11/22,01,17,6,,,,,
2013/11/22,02,13,2,,,,,
2013/11/22,03,12,2,,,,,
2013/11/22,04,13,2,,,,,
2013/11/22,05,13,2,,,,,
2013/11/22,06,13,2,,,,,
2013/11/22,07,13,3,,,,,
2013/11/22,08,18,4,,,,,
2013/11/22,09,114,66,,,,,
2013/11/22,10,144,85,,,,,
2013/11/22,11,159,95,,,,,
2013/11/22,12,156,84,,,,,
2013/11/22,13,108,74,,,,,
2013/11/22,14,139,84,,,,,
2013/11/22,15,147,90,,,,,
2013/11/22,16,139,83,,,,,
2013/11/22,17,142,84,,,,,
2013/11/22,18,136,80,,,,,
2013/11/22,19,103,55,,,,,
2013/11/22,20,54,30,,,,,
2013/11/22,21,46,27,,,,,
2013/11/22,22,21,8,,,,,
2013/11/22,23,19,7,,,,,
2013/11/22,24,21,9,,,,,
2013/11/23,01,20,7,,,,,
2013/11/23,02,22,10,,,,,
2013/11/23,03,16,6,,,,,
2013/11/23,04,16,6,,,,,
2013/11/23,05,18,8,,,,,
2013/11/23,06,18,7,,,,,
2013/11/23,07,19,9,,,,,
2013/11/23,08,18,8,,,,,
2013/11/23,09,23,9,,,,,
2013/11/23,10,55,23,,,,,
2013/11/23,11,56,27,,,,,
2013/11/23,12,66,37,,,,,
2013/11/23,13,42,22,,,,,
2013/11/23,14,45,16,,,,,
2013/11/23,15,56,25,,,,,
2013/11/23,16,60,31,,,,,
2013/11/23,17,60,28,,,,,
2013/11/23,18,37,13,,,,,
2013/11/23,19,13,2,,,,,
2013/11/23,20,12,1,,,,,
2013/11/23,21,12,1,,,,,
2013/11/23,22,12,1,,,,,
2013/11/23,23,12,1,,,,,
2013/11/23,24,12,1,,,,,
2013/11/24,01,12,1,,,,,
2013/11/24,02,12,1,,,,,
2013/11/24,03,12,1,,,,,
2013/11/24,04,11,1,,,,,
2013/11/24,05,12,1,,,,,
2013/11/24,06,12,1,,,,,
2013/11/24,07,12,1,,,,,
2013/11/24,08,11,1,,,,,
2013/11/24,09,12,1,,,,,
2013/11/24,10,12,1,,,,,
2013/11/24,11,12,1,,,,,
2013/11/24,12,12,1,,,,,
2013/11/24,13,11,1,,,,,
2013/11/24,14,12,1,,,,,
2013/11/24,15,12,1,,,,,
2013/11/24,16,12,1,,,,,
2013/11/24,17,18,8,,,,,
2013/11/24,18,20,9,,,,,
2013/11/24,19,20,9,,,,,
2013/11/24,20,20,9,,,,,
2013/11/24,21,16,5,,,,,
2013/11/24,22,12,1,,,,,
2013/11/24,23,12,1,,,,,
2013/11/24,24,11,1,,,,,
2013/11/25,01,11,1,,,,,
2013/11/25,02,12,1,,,,,
2013/11/25,03,12,1,,,,,
2013/11/25,04,11,1,,,,,
2013/11/25,05,12,1,,,,,
2013/11/25,06,11,1,,,,,
2013/11/25,07,12,1,,,,,
2013/11/25,08,26,11,,,,,
2013/11/25,09,115,64,,,,,
2013/11/25,10,166,105,,,,,
2013/11/25,11,171,111,,,,,
2013/11/25,12,170,111,,,,,
2013/11/25,13,114,77,,,,,
2013/11/25,14,161,92,,,,,
2013/11/25,15,169,98,,,,,
2013/11/25,16,151,85,,,,,
2013/11/25,17,139,69,,,,,
2013/11/25,18,129,64,,,,,
2013/11/25,19,111,58,,,,,
2013/11/25,20,95,52,,,,,
2013/11/25,21,83,45,,,,,
2013/11/25,22,75,43,,,,,
2013/11/25,23,64,36,,,,,
2013/11/25,24,27,11,,,,,
2013/11/26,01,22,9,,,,,
2013/11/26,02,14,2,,,,,
2013/11/26,03,12,1,,,,,
2013/11/26,04,12,1,,,,,
2013/11/26,05,12,1,,,,,
2013/11/26,06,12,1,,,,,
2013/11/26,07,12,1,,,,,
2013/11/26,08,20,5,,,,,
2013/11/26,09,115,68,,,,,
2013/11/26,10,147,88,,,,,
2013/11/26,11,140,82,,,,,
2013/11/26,12,137,80,,,,,
2013/11/26,13,106,72,,,,,
2013/11/26,14,145,79,,,,,
2013/11/26,15,144,85,,,,,
2013/11/26,16,142,87,,,,,
2013/11/26,17,139,80,,,,,
2013/11/26,18,134,75,,,,,
2013/11/26,19,136,80,,,,,
2013/11/26,20,123,74,,,,,
2013/11/26,21,122,78,,,,,
2013/11/26,22,111,72,,,,,
2013/11/26,23,102,65,,,,,
2013/11/26,24,61,31,,,,,
2013/11/27,01,13,1,,,,,
2013/11/27,02,12,1,,,,,
2013/11/27,03,11,1,,,,,
2013/11/27,04,11,1,,,,,
2013/11/27,05,12,1,,,,,
2013/11/27,06,11,1,,,,,
2013/11/27,07,12,1,,,,,
2013/11/27,08,25,10,,,,,
2013/11/27,09,132,83,,,,,
2013/11/27,10,164,105,,,,,
2013/11/27,11,160,100,,,,,
2013/11/27,12,143,83,,,,,
2013/11/27,13,93,56,,,,,
2013/11/27,14,118,58,,,,,
2013/11/27,15,123,63,,,,,
2013/11/27,16,116,58,,,,,
2013/11/27,17,133,71,,,,,
2013/11/27,18,130,66,,,,,
2013/11/27,19,134,71,,,,,
2013/11/27,20,120,68,,,,,
2013/11/27,21,113,64,,,,,
2013/11/27,22,99,58,,,,,
2013/11/27,23,90,52,,,,,
2013/11/27,24,74,41,,,,,
2013/11/28,01,20,8,,,,,
2013/11/28,02,12,1,,,,,
2013/11/28,03,12,1,,,,,
2013/11/28,04,11,1,,,,,
2013/11/28,05,12,1,,,,,
2013/11/28,06,12,1,,,,,
2013/11/28,07,12,1,,,,,
2013/11/28,08,19,4,,,,,
2013/11/28,09,122,75,,,,,
2013/11/28,10,171,111,,,,,
2013/11/28,11,179,108,,,,,
2013/11/28,12,179,107,,,,,
2013/11/28,13,137,97,,,,,
2013/11/28,14,172,106,,,,,
2013/11/28,15,168,110,,,,,
2013/11/28,16,156,100,,,,,
2013/11/28,17,166,104,,,,,
2013/11/28,18,164,102,,,,,
2013/11/28,19,165,105,,,,,
2013/11/28,20,140,81,,,,,
2013/11/28,21,129,73,,,,,
2013/11/28,22,116,74,,,,,
2013/11/28,23,101,56,,,,,
2013/11/28,24,74,37,,,,,
2013/11/29,01,21,6,,,,,
2013/11/29,02,14,3,,,,,
2013/11/29,03,12,1,,,,,
2013/11/29,04,12,1,,,,,
2013/11/29,05,12,1,,,,,
2013/11/29,06,12,1,,,,,
2013/11/29,07,12,1,,,,,
2013/11/29,08,23,7,,,,,
2013/11/29,09,129,80,,,,,
2013/11/29,10,179,112,,,,,
2013/11/29,11,187,116,,,,,
2013/11/29,12,200,126,,,,,
2013/11/29,13,153,114,,,,,
2013/11/29,14,176,106,,,,,
2013/11/29,15,174,110,,,,,
2013/11/29,16,160,104,,,,,
2013/11/29,17,181,121,,,,,
2013/11/29,18,164,106,,,,,
2013/11/29,19,127,81,,,,,
2013/11/29,20,94,52,,,,,
2013/11/29,21,49,24,,,,,
2013/11/29,22,21,7,,,,,
2013/11/29,23,16,5,,,,,
2013/11/29,24,12,2,,,,,
2013/11/30,01,11,1,,,,,
2013/11/30,02,11,1,,,,,
2013/11/30,03,11,1,,,,,
2013/11/30,04,11,1,,,,,
2013/11/30,05,11,1,,,,,
2013/11/30,06,11,1,,,,,
2013/11/30,07,11,1,,,,,
2013/11/30,08,11,2,,,,,
2013/11/30,09,16,4,,,,,
2013/11/30,10,28,14,,,,,
2013/11/30,11,26,12,,,,,
2013/11/30,12,24,10,,,,,
2013/11/30,13,24,11,,,,,
2013/11/30,14,34,18,,,,,
2013/11/30,15,33,16,,,,,
2013/11/30,16,23,9,,,,,
2013/11/30,17,19,7,,,,,
2013/11/30,18,19,7,,,,,
2013/11/30,19,14,3,,,,,
2013/11/30,20,12,2,,,,,
2013/11/30,21,13,2,,,,,
2013/11/30,22,13,2,,,,,
2013/11/30,23,12,2,,,,,
2013/11/30,24,12,2,,,,,
2013/12/01,01,12,2,,,,,
2013/12/01,02,12,2,,,,,
2013/12/01,03,12,3,,,,,
2013/12/01,04,13,3,,,,,
2013/12/01,05,12,2,,,,,
2013/12/01,06,12,3,,,,,
2013/12/01,07,12,3,,,,,
2013/12/01,08,13,3,,,,,
2013/12/01,09,13,3,,,,,
2013/12/01,10,12,3,,,,,
2013/12/01,11,12,3,,,,,
2013/12/01,12,12,2,,,,,
2013/12/01,13,12,2,,,,,
2013/12/01,14,11,1,,,,,
2013/12/01,15,11,1,,,,,
2013/12/01,16,12,2,,,,,
2013/12/01,17,12,2,,,,,
2013/12/01,18,12,2,,,,,
2013/12/01,19,13,2,,,,,
2013/12/01,20,13,3,,,,,
2013/12/01,21,13,3,,,,,
2013/12/01,22,13,3,,,,,
2013/12/01,23,13,3,,,,,
2013/12/01,24,12,3,,,,,
2013/12/02,01,12,3,,,,,
2013/12/02,02,12,3,,,,,
2013/12/02,03,12,3,,,,,
2013/12/02,04,13,3,,,,,
2013/12/02,05,13,3,,,,,
2013/12/02,06,12,3,,,,,
2013/12/02,07,14,3,,,,,
2013/12/02,08,31,15,,,,,
2013/12/02,09,169,105,,,,,
2013/12/02,10,212,139,,,,,
2013/12/02,11,214,139,,,,,
2013/12/02,12,215,141,,,,,
2013/12/02,13,153,121,,,,,
2013/12/02,14,201,128,,,,,
2013/12/02,15,191,118,,,,,
2013/12/02,16,178,108,,,,,
2013/12/02,17,170,110,,,,,
2013/12/02,18,174,116,,,,,
2013/12/02,19,162,103,,,,,
2013/12/02,20,145,88,,,,,
2013/12/02,21,148,89,,,,,
2013/12/02,22,142,86,,,,,
2013/12/02,23,93,48,,,,,
2013/12/02,24,19,6,,,,,
2013/12/03,01,12,1,,,,,
2013/12/03,02,12,1,,,,,
2013/12/03,03,12,1,,,,,
2013/12/03,04,12,1,,,,,
2013/12/03,05,12,1,,,,,
2013/12/03,06,12,1,,,,,
2013/12/03,07,12,1,,,,,
2013/12/03,08,25,10,,,,,
2013/12/03,09,118,70,,,,,
2013/12/03,10,174,110,,,,,
2013/12/03,11,177,113,,,,,
2013/12/03,12,169,104,,,,,
2013/12/03,13,127,90,,,,,
2013/12/03,14,160,97,,,,,
2013/12/03,15,167,106,,,,,
2013/12/03,16,144,88,,,,,
2013/12/03,17,148,89,,,,,
2013/12/03,18,152,89,,,,,
2013/12/03,19,142,82,,,,,
2013/12/03,20,108,59,,,,,
2013/12/03,21,113,66,,,,,
2013/12/03,22,113,65,,,,,
2013/12/03,23,92,52,,,,,
2013/12/03,24,63,32,,,,,
2013/12/04,01,13,1,,,,,
2013/12/04,02,12,1,,,,,
2013/12/04,03,12,1,,,,,
2013/12/04,04,12,1,,,,,
2013/12/04,05,12,1,,,,,
2013/12/04,06,12,1,,,,,
2013/12/04,07,13,1,,,,,
2013/12/04,08,30,10,,,,,
2013/12/04,09,118,66,,,,,
2013/12/04,10,131,71,,,,,
2013/12/04,11,152,90,,,,,
2013/12/04,12,159,96,,,,,
2013/12/04,13,120,83,,,,,
2013/12/04,14,152,90,,,,,
2013/12/04,15,157,94,,,,,
2013/12/04,16,138,81,,,,,
2013/12/04,17,134,72,,,,,
2013/12/04,18,137,75,,,,,
2013/12/04,19,122,60,,,,,
2013/12/04,20,114,58,,,,,
2013/12/04,21,101,52,,,,,
2013/12/04,22,102,59,,,,,
2013/12/04,23,96,57,,,,,
2013/12/04,24,69,33,,,,,
2013/12/05,01,22,7,,,,,
2013/12/05,02,19,6,,,,,
2013/12/05,03,15,4,,,,,
2013/12/05,04,12,1,,,,,
2013/12/05,05,12,1,,,,,
2013/12/05,06,12,1,,,,,
2013/12/05,07,12,1,,,,,
2013/12/05,08,24,3,,,,,
2013/12/05,09,117,65,,,,,
2013/12/05,10,166,105,,,,,
2013/12/05,11,177,113,,,,,
2013/12/05,12,153,91,,,,,
2013/12/05,13,128,87,,,,,
2013/12/05,14,144,84,,,,,
2013/12/05,15,139,77,,,,,
2013/12/05,16,127,71,,,,,
2013/12/05,17,134,73,,,,,
2013/12/05,18,121,62,,,,,
2013/12/05,19,124,64,,,,,
2013/12/05,20,103,53,,,,,
2013/12/05,21,120,62,,,,,
2013/12/05,22,107,51,,,,,
2013/12/05,23,103,51,,,,,
2013/12/05,24,79,41,,,,,
2013/12/06,01,41,23,,,,,
2013/12/06,02,20,6,,,,,
2013/12/06,03,12,2,,,,,
2013/12/06,04,11,1,,,,,
2013/12/06,05,12,1,,,,,
2013/12/06,06,12,1,,,,,
2013/12/06,07,12,1,,,,,
2013/12/06,08,23,3,,,,,
2013/12/06,09,108,56,,,,,
2013/12/06,10,141,82,,,,,
2013/12/06,11,138,78,,,,,
2013/12/06,12,127,65,,,,,
2013/12/06,13,104,67,,,,,
2013/12/06,14,135,75,,,,,
2013/12/06,15,139,79,,,,,
2013/12/06,16,130,75,,,,,
2013/12/06,17,134,77,,,,,
2013/12/06,18,134,79,,,,,
2013/12/06,19,117,65,,,,,
2013/12/06,20,106,63,,,,,
2013/12/06,21,76,47,,,,,
2013/12/06,22,31,9,,,,,
2013/12/06,23,19,6,,,,,
2013/12/06,24,18,5,,,,,
2013/12/07,01,19,6,,,,,
2013/12/07,02,18,6,,,,,
2013/12/07,03,17,6,,,,,
2013/12/07,04,13,4,,,,,
2013/12/07,05,10,1,,,,,
2013/12/07,06,10,1,,,,,
2013/12/07,07,10,1,,,,,
2013/12/07,08,10,1,,,,,
2013/12/07,09,19,2,,,,,
2013/12/07,10,55,25,,,,,
2013/12/07,11,64,30,,,,,
2013/12/07,12,70,28,,,,,
2013/12/07,13,51,32,,,,,
2013/12/07,14,65,26,,,,,
2013/12/07,15,69,27,,,,,
2013/12/07,16,62,23,,,,,
2013/12/07,17,61,25,,,,,
2013/12/07,18,17,7,,,,,
2013/12/07,19,17,7,,,,,
2013/12/07,20,12,2,,,,,
2013/12/07,21,10,1,,,,,
2013/12/07,22,10,1,,,,,
2013/12/07,23,10,1,,,,,
2013/12/07,24,10,1,,,,,
2013/12/08,01,10,1,,,,,
2013/12/08,02,10,1,,,,,
2013/12/08,03,10,1,,,,,
2013/12/08,04,10,1,,,,,
2013/12/08,05,10,1,,,,,
2013/12/08,06,10,2,,,,,
2013/12/08,07,10,1,,,,,
2013/12/08,08,10,1,,,,,
2013/12/08,09,10,2,,,,,
2013/12/08,10,10,1,,,,,
2013/12/08,11,10,1,,,,,
2013/12/08,12,12,2,,,,,
2013/12/08,13,15,6,,,,,
2013/12/08,14,16,7,,,,,
2013/12/08,15,10,1,,,,,
2013/12/08,16,10,1,,,,,
2013/12/08,17,10,1,,,,,
2013/12/08,18,17,8,,,,,
2013/12/08,19,18,8,,,,,
2013/12/08,20,18,9,,,,,
2013/12/08,21,14,5,,,,,
2013/12/08,22,11,2,,,,,
2013/12/08,23,11,2,,,,,
2013/12/08,24,11,3,,,,,
2013/12/09,01,11,3,,,,,
2013/12/09,02,11,3,,,,,
2013/12/09,03,11,3,,,,,
2013/12/09,04,11,3,,,,,
2013/12/09,05,12,3,,,,,
2013/12/09,06,12,3,,,,,
2013/12/09,07,12,3,,,,,
2013/12/09,08,33,17,,,,,
2013/12/09,09,172,113,,,,,
2013/12/09,10,217,146,,,,,
2013/12/09,11,230,155,,,,,
2013/12/09,12,220,146,,,,,
2013/12/09,13,144,110,,,,,
2013/12/09,14,192,117,,,,,
2013/12/09,15,192,117,,,,,
2013/12/09,16,181,109,,,,,
2013/12/09,17,173,96,,,,,
2013/12/09,18,171,98,,,,,
2013/12/09,19,144,72,,,,,
2013/12/09,20,120,60,,,,,
2013/12/09,21,113,65,,,,,
2013/12/09,22,119,76,,,,,
2013/12/09,23,78,40,,,,,
2013/12/09,24,71,36,,,,,
2013/12/10,01,21,7,,,,,
2013/12/10,02,21,7,,,,,
2013/12/10,03,20,7,,,,,
2013/12/10,04,16,4,,,,,
2013/12/10,05,12,1,,,,,
2013/12/10,06,12,1,,,,,
2013/12/10,07,13,1,,,,,
2013/12/10,08,18,3,,,,,
2013/12/10,09,128,77,,,,,
2013/12/10,10,156,97,,,,,
2013/12/10,11,163,103,,,,,
2013/12/10,12,160,98,,,,,
2013/12/10,13,138,99,,,,,
2013/12/10,14,154,92,,,,,
2013/12/10,15,160,96,,,,,
2013/12/10,16,153,96,,,,,
2013/12/10,17,163,101,,,,,
2013/12/10,18,158,96,,,,,
2013/12/10,19,154,92,,,,,
2013/12/10,20,134,82,,,,,
2013/12/10,21,135,88,,,,,
2013/12/10,22,122,85,,,,,
2013/12/10,23,112,79,,,,,
2013/12/10,24,80,51,,,,,
2013/12/11,01,29,14,,,,,
2013/12/11,02,26,12,,,,,
2013/12/11,03,18,6,,,,,
2013/12/11,04,17,6,,,,,
2013/12/11,05,17,6,,,,,
2013/12/11,06,17,6,,,,,
2013/12/11,07,20,9,,,,,
2013/12/11,08,30,15,,,,,
2013/12/11,09,131,80,,,,,
2013/12/11,10,160,99,,,,,
2013/12/11,11,175,104,,,,,
2013/12/11,12,168,96,,,,,
2013/12/11,13,116,78,,,,,
2013/12/11,14,159,82,,,,,
2013/12/11,15,173,94,,,,,
2013/12/11,16,160,85,,,,,
2013/12/11,17,171,92,,,,,
2013/12/11,18,158,84,,,,,
2013/12/11,19,147,82,,,,,
2013/12/11,20,130,80,,,,,
2013/12/11,21,120,72,,,,,
2013/12/11,22,122,78,,,,,
2013/12/11,23,106,68,,,,,
2013/12/11,24,75,42,,,,,
2013/12/12,01,29,13,,,,,
2013/12/12,02,32,17,,,,,
2013/12/12,03,19,8,,,,,
2013/12/12,04,18,8,,,,,
2013/12/12,05,19,8,,,,,
2013/12/12,06,20,9,,,,,
2013/12/12,07,19,8,,,,,
2013/12/12,08,25,9,,,,,
2013/12/12,09,120,66,,,,,
2013/12/12,10,187,115,,,,,
2013/12/12,11,184,113,,,,,
2013/12/12,12,187,120,,,,,
2013/12/12,13,136,96,,,,,
2013/12/12,14,177,100,,,,,
2013/12/12,15,184,105,,,,,
2013/12/12,16,168,95,,,,,
2013/12/12,17,166,89,,,,,
2013/12/12,18,153,90,,,,,
2013/12/12,19,137,76,,,,,
2013/12/12,20,139,84,,,,,
2013/12/12,21,131,79,,,,,
2013/12/12,22,139,95,,,,,
2013/12/12,23,124,78,,,,,
2013/12/12,24,91,55,,,,,
2013/12/13,01,32,15,,,,,
2013/12/13,02,30,13,,,,,
2013/12/13,03,14,3,,,,,
2013/12/13,04,12,1,,,,,
2013/12/13,05,12,1,,,,,
2013/12/13,06,12,1,,,,,
2013/12/13,07,12,1,,,,,
2013/12/13,08,21,7,,,,,
2013/12/13,09,142,84,,,,,
2013/12/13,10,185,112,,,,,
2013/12/13,11,197,121,,,,,
2013/12/13,12,195,117,,,,,
2013/12/13,13,148,103,,,,,
2013/12/13,14,186,108,,,,,
2013/12/13,15,190,116,,,,,
2013/12/13,16,183,110,,,,,
2013/12/13,17,184,111,,,,,
2013/12/13,18,167,100,,,,,
2013/12/13,19,143,91,,,,,
2013/12/13,20,135,87,,,,,
2013/12/13,21,120,77,,,,,
2013/12/13,22,84,53,,,,,
2013/12/13,23,28,10,,,,,
2013/12/13,24,24,7,,,,,
2013/12/14,01,23,7,,,,,
2013/12/14,02,19,5,,,,,
2013/12/14,03,13,1,,,,,
2013/12/14,04,13,1,,,,,
2013/12/14,05,13,1,,,,,
2013/12/14,06,13,1,,,,,
2013/12/14,07,14,1,,,,,
2013/12/14,08,24,7,,,,,
2013/12/14,09,169,106,,,,,
2013/12/14,10,222,147,,,,,
2013/12/14,11,216,143,,,,,
2013/12/14,12,207,136,,,,,
2013/12/14,13,156,117,,,,,
2013/12/14,14,181,113,,,,,
2013/12/14,15,184,120,,,,,
2013/12/14,16,165,106,,,,,
2013/12/14,17,165,107,,,,,
2013/12/14,18,136,84,,,,,
2013/12/14,19,52,23,,,,,
2013/12/14,20,25,9,,,,,
2013/12/14,21,21,7,,,,,
2013/12/14,22,19,7,,,,,
2013/12/14,23,10,1,,,,,
2013/12/14,24,10,1,,,,,
2013/12/15,01,10,1,,,,,
2013/12/15,02,10,1,,,,,
2013/12/15,03,10,1,,,,,
2013/12/15,04,10,1,,,,,
2013/12/15,05,10,1,,,,,
2013/12/15,06,10,1,,,,,
2013/12/15,07,10,1,,,,,
2013/12/15,08,10,1,,,,,
2013/12/15,09,10,1,,,,,
2013/12/15,10,15,7,,,,,
2013/12/15,11,18,9,,,,,
2013/12/15,12,18,9,,,,,
2013/12/15,13,16,7,,,,,
2013/12/15,14,10,1,,,,,
2013/12/15,15,17,8,,,,,
2013/12/15,16,19,9,,,,,
2013/12/15,17,19,10,,,,,
2013/12/15,18,20,10,,,,,
2013/12/15,19,12,2,,,,,
2013/12/15,20,12,3,,,,,
2013/12/15,21,12,3,,,,,
2013/12/15,22,12,3,,,,,
2013/12/15,23,12,3,,,,,
2013/12/15,24,12,3,,,,,
2013/12/16,01,12,3,,,,,
2013/12/16,02,12,3,,,,,
2013/12/16,03,11,3,,,,,
2013/12/16,04,12,3,,,,,
2013/12/16,05,12,3,,,,,
2013/12/16,06,12,3,,,,,
2013/12/16,07,15,6,,,,,
2013/12/16,08,30,15,,,,,
2013/12/16,09,184,120,,,,,
2013/12/16,10,233,157,,,,,
2013/12/16,11,224,148,,,,,
2013/12/16,12,221,145,,,,,
2013/12/16,13,155,114,,,,,
2013/12/16,14,190,112,,,,,
2013/12/16,15,195,119,,,,,
2013/12/16,16,185,114,,,,,
2013/12/16,17,192,118,,,,,
2013/12/16,18,184,114,,,,,
2013/12/16,19,165,109,,,,,
2013/12/16,20,138,87,,,,,
2013/12/16,21,129,82,,,,,
2013/12/16,22,135,93,,,,,
2013/12/16,23,124,87,,,,,
2013/12/16,24,92,58,,,,,
2013/12/17,01,25,8,,,,,
2013/12/17,02,19,7,,,,,
2013/12/17,03,18,7,,,,,
2013/12/17,04,11,2,,,,,
2013/12/17,05,10,1,,,,,
2013/12/17,06,10,1,,,,,
2013/12/17,07,11,1,,,,,
2013/12/17,08,22,8,,,,,
2013/12/17,09,148,98,,,,,
2013/12/17,10,185,123,,,,,
2013/12/17,11,192,127,,,,,
2013/12/17,12,183,119,,,,,
2013/12/17,13,155,115,,,,,
2013/12/17,14,168,101,,,,,
2013/12/17,15,167,100,,,,,
2013/12/17,16,153,91,,,,,
2013/12/17,17,165,99,,,,,
2013/12/17,18,162,99,,,,,
2013/12/17,19,142,82,,,,,
2013/12/17,20,125,70,,,,,
2013/12/17,21,127,75,,,,,
2013/12/17,22,121,79,,,,,
2013/12/17,23,100,65,,,,,
2013/12/17,24,71,43,,,,,
2013/12/18,01,31,15,,,,,
2013/12/18,02,21,7,,,,,
2013/12/18,03,12,1,,,,,
2013/12/18,04,11,1,,,,,
2013/12/18,05,11,1,,,,,
2013/12/18,06,11,1,,,,,
2013/12/18,07,11,1,,,,,
2013/12/18,08,21,7,,,,,
2013/12/18,09,135,82,,,,,
2013/12/18,10,169,107,,,,,
2013/12/18,11,169,108,,,,,
2013/12/18,12,170,107,,,,,
2013/12/18,13,135,91,,,,,
2013/12/18,14,178,102,,,,,
2013/12/18,15,170,99,,,,,
2013/12/18,16,159,90,,,,,
2013/12/18,17,165,92,,,,,
2013/12/18,18,146,75,,,,,
2013/12/18,19,138,66,,,,,
2013/12/18,20,145,80,,,,,
2013/12/18,21,131,73,,,,,
2013/12/18,22,121,85,,,,,
2013/12/18,23,118,84,,,,,
2013/12/18,24,84,58,,,,,
2013/12/19,01,37,20,,,,,
2013/12/19,02,26,12,,,,,
2013/12/19,03,16,6,,,,,
2013/12/19,04,15,6,,,,,
2013/12/19,05,15,6,,,,,
2013/12/19,06,14,6,,,,,
2013/12/19,07,15,6,,,,,
2013/12/19,08,27,14,,,,,
2013/12/19,09,134,83,,,,,
2013/12/19,10,158,95,,,,,
2013/12/19,11,172,105,,,,,
2013/12/19,12,158,93,,,,,
2013/12/19,13,130,87,,,,,
2013/12/19,14,145,82,,,,,
2013/12/19,15,154,90,,,,,
2013/12/19,16,135,77,,,,,
2013/12/19,17,144,81,,,,,
2013/12/19,18,120,61,,,,,
2013/12/19,19,125,65,,,,,
2013/12/19,20,111,57,,,,,
2013/12/19,21,111,57,,,,,
2013/12/19,22,108,70,,,,,
2013/12/19,23,83,51,,,,,
2013/12/19,24,70,43,,,,,
2013/12/20,01,65,37,,,,,
2013/12/20,02,32,15,,,,,
2013/12/20,03,18,6,,,,,
2013/12/20,04,10,1,,,,,
2013/12/20,05,10,1,,,,,
2013/12/20,06,10,1,,,,,
2013/12/20,07,11,1,,,,,
2013/12/20,08,19,5,,,,,
2013/12/20,09,136,84,,,,,
2013/12/20,10,163,103,,,,,
2013/12/20,11,181,111,,,,,
2013/12/20,12,176,110,,,,,
2013/12/20,13,140,96,,,,,
2013/12/20,14,192,116,,,,,
2013/12/20,15,175,107,,,,,
2013/12/20,16,145,86,,,,,
2013/12/20,17,161,99,,,,,
2013/12/20,18,152,90,,,,,
2013/12/20,19,144,78,,,,,
2013/12/20,20,84,50,,,,,
2013/12/20,21,39,14,,,,,
2013/12/20,22,31,12,,,,,
2013/12/20,23,28,12,,,,,
2013/12/20,24,27,12,,,,,
2013/12/21,01,23,11,,,,,
2013/12/21,02,15,6,,,,,
2013/12/21,03,15,6,,,,,
2013/12/21,04,15,6,,,,,
2013/12/21,05,15,6,,,,,
2013/12/21,06,15,6,,,,,
2013/12/21,07,16,7,,,,,
2013/12/21,08,27,14,,,,,
2013/12/21,09,167,105,,,,,
2013/12/21,10,206,136,,,,,
2013/12/21,11,214,139,,,,,
2013/12/21,12,204,130,,,,,
2013/12/21,13,135,103,,,,,
2013/12/21,14,172,105,,,,,
2013/12/21,15,174,112,,,,,
2013/12/21,16,154,99,,,,,
2013/12/21,17,165,106,,,,,
2013/12/21,18,136,85,,,,,
2013/12/21,19,53,25,,,,,
2013/12/21,20,34,12,,,,,
2013/12/21,21,24,8,,,,,
2013/12/21,22,23,8,,,,,
2013/12/21,23,23,8,,,,,
2013/12/21,24,19,6,,,,,
2013/12/22,01,10,1,,,,,
2013/12/22,02,10,1,,,,,
2013/12/22,03,10,1,,,,,
2013/12/22,04,10,1,,,,,
2013/12/22,05,10,1,,,,,
2013/12/22,06,10,1,,,,,
2013/12/22,07,10,1,,,,,
2013/12/22,08,10,1,,,,,
2013/12/22,09,10,1,,,,,
2013/12/22,10,13,4,,,,,
2013/12/22,11,16,7,,,,,
2013/12/22,12,15,6,,,,,
2013/12/22,13,13,4,,,,,
2013/12/22,14,10,2,,,,,
2013/12/22,15,10,2,,,,,
2013/12/22,16,10,2,,,,,
2013/12/22,17,11,2,,,,,
2013/12/22,18,11,2,,,,,
2013/12/22,19,11,2,,,,,
2013/12/22,20,12,2,,,,,
2013/12/22,21,11,2,,,,,
2013/12/22,22,12,3,,,,,
2013/12/22,23,11,3,,,,,
2013/12/22,24,11,3,,,,,
2013/12/23,01,12,3,,,,,
2013/12/23,02,11,3,,,,,
2013/12/23,03,11,3,,,,,
2013/12/23,04,11,3,,,,,
2013/12/23,05,11,3,,,,,
2013/12/23,06,12,3,,,,,
2013/12/23,07,12,4,,,,,
2013/12/23,08,32,17,,,,,
2013/12/23,09,172,108,,,,,
2013/12/23,10,224,150,,,,,
2013/12/23,11,227,152,,,,,
2013/12/23,12,217,146,,,,,
2013/12/23,13,165,125,,,,,
2013/12/23,14,196,124,,,,,
2013/12/23,15,204,127,,,,,
2013/12/23,16,194,120,,,,,
2013/12/23,17,192,117,,,,,
2013/12/23,18,182,110,,,,,
2013/12/23,19,134,74,,,,,
2013/12/23,20,109,59,,,,,
2013/12/23,21,92,52,,,,,
2013/12/23,22,23,8,,,,,
2013/12/23,23,20,8,,,,,
2013/12/23,24,21,9,,,,,
2013/12/24,01,18,8,,,,,
2013/12/24,02,10,1,,,,,
2013/12/24,03,11,2,,,,,
2013/12/24,04,12,3,,,,,
2013/12/24,05,11,2,,,,,
2013/12/24,06,12,3,,,,,
2013/12/24,07,11,2,,,,,
2013/12/24,08,25,13,,,,,
2013/12/24,09,176,117,,,,,
2013/12/24,10,222,147,,,,,
2013/12/24,11,222,150,,,,,
2013/12/24,12,216,148,,,,,
2013/12/24,13,167,116,,,,,
2013/12/24,14,195,126,,,,,
2013/12/24,15,196,135,,,,,
2013/12/24,16,185,128,,,,,
2013/12/24,17,199,125,,,,,
2013/12/24,18,183,113,,,,,
2013/12/24,19,139,91,,,,,
2013/12/24,20,93,61,,,,,
2013/12/24,21,80,52,,,,,
2013/12/24,22,24,8,,,,,
2013/12/24,23,27,14,,,,,
2013/12/24,24,29,17,,,,,
2013/12/25,01,20,9,,,,,
2013/12/25,02,12,3,,,,,
2013/12/25,03,12,3,,,,,
2013/12/25,04,12,3,,,,,
2013/12/25,05,12,3,,,,,
2013/12/25,06,12,3,,,,,
2013/12/25,07,13,3,,,,,
2013/12/25,08,23,9,,,,,
2013/12/25,09,165,101,,,,,
2013/12/25,10,204,134,,,,,
2013/12/25,11,204,132,,,,,
2013/12/25,12,190,115,,,,,
2013/12/25,13,144,93,,,,,
2013/12/25,14,151,90,,,,,
2013/12/25,15,153,93,,,,,
2013/12/25,16,146,89,,,,,
2013/12/25,17,151,89,,,,,
2013/12/25,18,145,83,,,,,
2013/12/25,19,109,61,,,,,
2013/12/25,20,78,42,,,,,
2013/12/25,21,69,40,,,,,
2013/12/25,22,27,13,,,,,
2013/12/25,23,21,9,,,,,
2013/12/25,24,22,9,,,,,
2013/12/26,01,22,10,,,,,
2013/12/26,02,12,2,,,,,
2013/12/26,03,10,1,,,,,
2013/12/26,04,10,1,,,,,
2013/12/26,05,10,1,,,,,
2013/12/26,06,10,1,,,,,
2013/12/26,07,11,2,,,,,
2013/12/26,08,32,15,,,,,
2013/12/26,09,159,96,,,,,
2013/12/26,10,213,138,,,,,
2013/12/26,11,210,134,,,,,
2013/12/26,12,197,124,,,,,
2013/12/26,13,143,98,,,,,
2013/12/26,14,175,103,,,,,
2013/12/26,15,170,105,,,,,
2013/12/26,16,156,96,,,,,
2013/12/26,17,169,105,,,,,
2013/12/26,18,151,90,,,,,
2013/12/26,19,121,70,,,,,
2013/12/26,20,94,54,,,,,
2013/12/26,21,81,45,,,,,
2013/12/26,22,64,33,,,,,
2013/12/26,23,31,15,,,,,
2013/12/26,24,20,7,,,,,
2013/12/27,01,19,7,,,,,
2013/12/27,02,16,5,,,,,
2013/12/27,03,10,2,,,,,
2013/12/27,04,10,2,,,,,
2013/12/27,05,10,2,,,,,
2013/12/27,06,10,2,,,,,
2013/12/27,07,11,2,,,,,
2013/12/27,08,19,6,,,,,
2013/12/27,09,155,90,,,,,
2013/12/27,10,204,130,,,,,
2013/12/27,11,192,125,,,,,
2013/12/27,12,190,116,,,,,
2013/12/27,13,146,105,,,,,
2013/12/27,14,191,114,,,,,
2013/12/27,15,189,123,,,,,
2013/12/27,16,167,109,,,,,
2013/12/27,17,164,102,,,,,
2013/12/27,18,147,90,,,,,
2013/12/27,19,98,64,,,,,
2013/12/27,20,53,29,,,,,
2013/12/27,21,26,8,,,,,
2013/12/27,22,22,8,,,,,
2013/12/27,23,20,8,,,,,
2013/12/27,24,12,3,,,,,
2013/12/28,01,13,3,,,,,
2013/12/28,02,12,2,,,,,
2013/12/28,03,13,3,,,,,
2013/12/28,04,13,3,,,,,
2013/12/28,05,15,3,,,,,
2013/12/28,06,15,4,,,,,
2013/12/28,07,15,3,,,,,
2013/12/28,08,24,10,,,,,
2013/12/28,09,149,86,,,,,
2013/12/28,10,178,108,,,,,
2013/12/28,11,176,113,,,,,
2013/12/28,12,176,115,,,,,
2013/12/28,13,140,102,,,,,
2013/12/28,14,181,107,,,,,
2013/12/28,15,191,118,,,,,
2013/12/28,16,151,96,,,,,
2013/12/28,17,116,69,,,,,
2013/12/28,18,64,30,,,,,
2013/12/28,19,31,9,,,,,
2013/12/28,20,24,10,,,,,
2013/12/28,21,22,9,,,,,
2013/12/28,22,20,10,,,,,
2013/12/28,23,20,11,,,,,
2013/12/28,24,21,12,,,,,
2013/12/29,01,21,11,,,,,
2013/12/29,02,21,11,,,,,
2013/12/29,03,15,7,,,,,
2013/12/29,04,11,3,,,,,
2013/12/29,05,10,3,,,,,
2013/12/29,06,11,3,,,,,
2013/12/29,07,11,3,,,,,
2013/12/29,08,11,3,,,,,
2013/12/29,09,11,3,,,,,
2013/12/29,10,11,3,,,,,
2013/12/29,11,11,3,,,,,
2013/12/29,12,15,7,,,,,
2013/12/29,13,21,13,,,,,
2013/12/29,14,13,6,,,,,
2013/12/29,15,11,3,,,,,
2013/12/29,16,13,5,,,,,
2013/12/29,17,18,10,,,,,
2013/12/29,18,11,3,,,,,
2013/12/29,19,12,3,,,,,
2013/12/29,20,12,4,,,,,
2013/12/29,21,11,3,,,,,
2013/12/29,22,12,4,,,,,
2013/12/29,23,11,3,,,,,
2013/12/29,24,11,3,,,,,
2013/12/30,01,11,4,,,,,
2013/12/30,02,11,4,,,,,
2013/12/30,03,11,3,,,,,
2013/12/30,04,11,4,,,,,
2013/12/30,05,11,4,,,,,
2013/12/30,06,11,3,,,,,
2013/12/30,07,11,4,,,,,
2013/12/30,08,11,4,,,,,
2013/12/30,09,11,4,,,,,
2013/12/30,10,24,15,,,,,
2013/12/30,11,24,15,,,,,
2013/12/30,12,23,14,,,,,
2013/12/30,13,22,14,,,,,
2013/12/30,14,22,13,,,,,
2013/12/30,15,22,14,,,,,
2013/12/30,16,17,9,,,,,
2013/12/30,17,11,3,,,,,
2013/12/30,18,11,3,,,,,
2013/12/30,19,12,3,,,,,
2013/12/30,20,12,3,,,,,
2013/12/30,21,11,3,,,,,
2013/12/30,22,12,4,,,,,
2013/12/30,23,11,3,,,,,
2013/12/30,24,11,4,,,,,
2013/12/31,01,11,3,,,,,
2013/12/31,02,12,4,,,,,
2013/12/31,03,11,4,,,,,
2013/12/31,04,11,4,,,,,
2013/12/31,05,12,4,,,,,
2013/12/31,06,11,3,,,,,
2013/12/31,07,11,4,,,,,
2013/12/31,08,11,4,,,,,
2013/12/31,09,12,4,,,,,
2013/12/31,10,11,3,,,,,
2013/12/31,11,10,3,,,,,
2013/12/31,12,10,2,,,,,
2013/12/31,13,10,2,,,,,
2013/12/31,14,21,13,,,,,
2013/12/31,15,25,17,,,,,
2013/12/31,16,11,3,,,,,
2013/12/31,17,11,3,,,,,
2013/12/31,18,11,3,,,,,
2013/12/31,19,11,3,,,,,
2013/12/31,20,11,3,,,,,
2013/12/31,21,12,3,,,,,
2013/12/31,22,11,3,,,,,
2013/12/31,23,11,4,,,,,
2013/12/31,24,11,3,,,,,
2014/01/01,01,11,3,,,,,
2014/01/01,02,11,3,,,,,
2014/01/01,03,11,3,,,,,
2014/01/01,04,11,3,,,,,
2014/01/01,05,11,3,,,,,
2014/01/01,06,11,3,,,,,
2014/01/01,07,11,3,,,,,
2014/01/01,08,10,3,,,,,
2014/01/01,09,11,4,,,,,
2014/01/01,10,11,3,,,,,
2014/01/01,11,11,3,,,,,
2014/01/01,12,11,3,,,,,
2014/01/01,13,11,3,,,,,
2014/01/01,14,11,3,,,,,
2014/01/01,15,10,3,,,,,
2014/01/01,16,11,3,,,,,
2014/01/01,17,11,3,,,,,
2014/01/01,18,11,3,,,,,
2014/01/01,19,11,3,,,,,
2014/01/01,20,12,3,,,,,
2014/01/01,21,11,3,,,,,
2014/01/01,22,11,3,,,,,
2014/01/01,23,11,3,,,,,
2014/01/01,24,11,4,,,,,
2014/01/02,01,11,3,,,,,
2014/01/02,02,11,3,,,,,
2014/01/02,03,11,4,,,,,
2014/01/02,04,11,3,,,,,
2014/01/02,05,11,3,,,,,
2014/01/02,06,11,3,,,,,
2014/01/02,07,11,3,,,,,
2014/01/02,08,11,3,,,,,
2014/01/02,09,11,3,,,,,
2014/01/02,10,11,3,,,,,
2014/01/02,11,11,3,,,,,
2014/01/02,12,11,3,,,,,
2014/01/02,13,11,3,,,,,
2014/01/02,14,11,4,,,,,
2014/01/02,15,11,3,,,,,
2014/01/02,16,11,4,,,,,
2014/01/02,17,24,16,,,,,
2014/01/02,18,20,12,,,,,
2014/01/02,19,12,3,,,,,
2014/01/02,20,11,3,,,,,
2014/01/02,21,12,4,,,,,
2014/01/02,22,11,3,,,,,
2014/01/02,23,12,4,,,,,
2014/01/02,24,11,4,,,,,
2014/01/03,01,11,4,,,,,
2014/01/03,02,12,4,,,,,
2014/01/03,03,12,4,,,,,
2014/01/03,04,12,4,,,,,
2014/01/03,05,12,4,,,,,
2014/01/03,06,12,4,,,,,
2014/01/03,07,12,4,,,,,
2014/01/03,08,12,4,,,,,
2014/01/03,09,12,4,,,,,
2014/01/03,10,11,4,,,,,
2014/01/03,11,11,3,,,,,
2014/01/03,12,11,3,,,,,
2014/01/03,13,10,2,,,,,
2014/01/03,14,10,2,,,,,
2014/01/03,15,10,3,,,,,
2014/01/03,16,10,3,,,,,
2014/01/03,17,10,3,,,,,
2014/01/03,18,11,3,,,,,
2014/01/03,19,11,3,,,,,
2014/01/03,20,12,3,,,,,
2014/01/03,21,11,3,,,,,
2014/01/03,22,11,3,,,,,
2014/01/03,23,11,3,,,,,
2014/01/03,24,11,4,,,,,
2014/01/04,01,10,3,,,,,
2014/01/04,02,11,3,,,,,
2014/01/04,03,11,3,,,,,
2014/01/04,04,11,4,,,,,
2014/01/04,05,11,4,,,,,
2014/01/04,06,11,3,,,,,
2014/01/04,07,11,4,,,,,
2014/01/04,08,11,3,,,,,
2014/01/04,09,11,3,,,,,
2014/01/04,10,11,3,,,,,
2014/01/04,11,21,14,,,,,
2014/01/04,12,23,15,,,,,
2014/01/04,13,22,14,,,,,
2014/01/04,14,22,14,,,,,
2014/01/04,15,22,14,,,,,
2014/01/04,16,23,15,,,,,
2014/01/04,17,21,13,,,,,
2014/01/04,18,12,4,,,,,
2014/01/04,19,12,4,,,,,
2014/01/04,20,12,4,,,,,
2014/01/04,21,12,4,,,,,
2014/01/04,22,12,4,,,,,
2014/01/04,23,12,4,,,,,
2014/01/04,24,12,4,,,,,
2014/01/05,01,12,4,,,,,
2014/01/05,02,12,4,,,,,
2014/01/05,03,12,4,,,,,
2014/01/05,04,12,4,,,,,
2014/01/05,05,12,4,,,,,
2014/01/05,06,12,4,,,,,
2014/01/05,07,12,4,,,,,
2014/01/05,08,12,4,,,,,
2014/01/05,09,25,17,,,,,
2014/01/05,10,19,11,,,,,
2014/01/05,11,11,4,,,,,
2014/01/05,12,11,3,,,,,
2014/01/05,13,11,3,,,,,
2014/01/05,14,11,3,,,,,
2014/01/05,15,11,3,,,,,
2014/01/05,16,10,3,,,,,
2014/01/05,17,11,4,,,,,
2014/01/05,18,11,3,,,,,
2014/01/05,19,12,4,,,,,
2014/01/05,20,12,4,,,,,
2014/01/05,21,12,4,,,,,
2014/01/05,22,13,5,,,,,
2014/01/05,23,12,5,,,,,
2014/01/05,24,13,5,,,,,
2014/01/06,01,12,4,,,,,
2014/01/06,02,13,5,,,,,
2014/01/06,03,12,5,,,,,
2014/01/06,04,12,4,,,,,
2014/01/06,05,13,6,,,,,
2014/01/06,06,12,4,,,,,
2014/01/06,07,17,9,,,,,
2014/01/06,08,46,27,,,,,
2014/01/06,09,179,122,,,,,
2014/01/06,10,228,156,,,,,
2014/01/06,11,237,163,,,,,
2014/01/06,12,231,163,,,,,
2014/01/06,13,152,116,,,,,
2014/01/06,14,200,142,,,,,
2014/01/06,15,233,159,,,,,
2014/01/06,16,212,142,,,,,
2014/01/06,17,212,141,,,,,
2014/01/06,18,109,71,,,,,
2014/01/06,19,56,34,,,,,
2014/01/06,20,33,15,,,,,
2014/01/06,21,26,10,,,,,
2014/01/06,22,27,11,,,,,
2014/01/06,23,23,10,,,,,
2014/01/06,24,13,3,,,,,
2014/01/07,01,13,3,,,,,
2014/01/07,02,14,4,,,,,
2014/01/07,03,14,4,,,,,
2014/01/07,04,14,4,,,,,
2014/01/07,05,14,4,,,,,
2014/01/07,06,15,5,,,,,
2014/01/07,07,15,5,,,,,
2014/01/07,08,26,12,,,,,
2014/01/07,09,181,120,,,,,
2014/01/07,10,225,153,,,,,
2014/01/07,11,220,145,,,,,
2014/01/07,12,222,147,,,,,
2014/01/07,13,173,126,,,,,
2014/01/07,14,194,120,,,,,
2014/01/07,15,201,124,,,,,
2014/01/07,16,193,122,,,,,
2014/01/07,17,194,119,,,,,
2014/01/07,18,100,60,,,,,
2014/01/07,19,48,25,,,,,
2014/01/07,20,39,19,,,,,
2014/01/07,21,23,8,,,,,
2014/01/07,22,21,7,,,,,
2014/01/07,23,20,7,,,,,
2014/01/07,24,14,3,,,,,
2014/01/08,01,11,1,,,,,
2014/01/08,02,11,1,,,,,
2014/01/08,03,11,2,,,,,
2014/01/08,04,12,3,,,,,
2014/01/08,05,12,3,,,,,
2014/01/08,06,12,3,,,,,
2014/01/08,07,12,3,,,,,
2014/01/08,08,22,8,,,,,
2014/01/08,09,174,109,,,,,
2014/01/08,10,218,141,,,,,
2014/01/08,11,211,136,,,,,
2014/01/08,12,208,134,,,,,
2014/01/08,13,163,123,,,,,
2014/01/08,14,189,114,,,,,
2014/01/08,15,181,117,,,,,
2014/01/08,16,164,107,,,,,
2014/01/08,17,171,109,,,,,
2014/01/08,18,145,90,,,,,
2014/01/08,19,134,82,,,,,
2014/01/08,20,65,40,,,,,
2014/01/08,21,40,22,,,,,
2014/01/08,22,32,17,,,,,
2014/01/08,23,19,7,,,,,
2014/01/08,24,19,7,,,,,
2014/01/09,01,18,6,,,,,
2014/01/09,02,10,1,,,,,
2014/01/09,03,10,1,,,,,
2014/01/09,04,10,1,,,,,
2014/01/09,05,10,1,,,,,
2014/01/09,06,10,1,,,,,
2014/01/09,07,12,2,,,,,
2014/01/09,08,33,18,,,,,
2014/01/09,09,157,92,,,,,
2014/01/09,10,187,119,,,,,
2014/01/09,11,191,127,,,,,
2014/01/09,12,186,120,,,,,
2014/01/09,13,145,103,,,,,
2014/01/09,14,171,106,,,,,
2014/01/09,15,181,116,,,,,
2014/01/09,16,178,116,,,,,
2014/01/09,17,176,110,,,,,
2014/01/09,18,161,102,,,,,
2014/01/09,19,146,89,,,,,
2014/01/09,20,69,38,,,,,
2014/01/09,21,32,11,,,,,
2014/01/09,22,24,7,,,,,
2014/01/09,23,26,10,,,,,
2014/01/09,24,27,12,,,,,
2014/01/10,01,26,11,,,,,
2014/01/10,02,20,8,,,,,
2014/01/10,03,13,3,,,,,
2014/01/10,04,14,3,,,,,
2014/01/10,05,13,3,,,,,
2014/01/10,06,14,3,,,,,
2014/01/10,07,14,3,,,,,
2014/01/10,08,19,6,,,,,
2014/01/10,09,170,108,,,,,
2014/01/10,10,213,141,,,,,
2014/01/10,11,207,142,,,,,
2014/01/10,12,218,149,,,,,
2014/01/10,13,161,120,,,,,
2014/01/10,14,191,121,,,,,
2014/01/10,15,204,143,,,,,
2014/01/10,16,196,133,,,,,
2014/01/10,17,197,133,,,,,
2014/01/10,18,174,117,,,,,
2014/01/10,19,165,107,,,,,
2014/01/10,20,71,41,,,,,
2014/01/10,21,39,20,,,,,
2014/01/10,22,30,14,,,,,
2014/01/10,23,27,13,,,,,
2014/01/10,24,28,14,,,,,
2014/01/11,01,26,13,,,,,
2014/01/11,02,16,7,,,,,
2014/01/11,03,18,8,,,,,
2014/01/11,04,17,8,,,,,
2014/01/11,05,17,8,,,,,
2014/01/11,06,18,8,,,,,
2014/01/11,07,18,9,,,,,
2014/01/11,08,26,13,,,,,
2014/01/11,09,179,115,,,,,
2014/01/11,10,215,148,,,,,
2014/01/11,11,228,154,,,,,
2014/01/11,12,211,144,,,,,
2014/01/11,13,169,124,,,,,
2014/01/11,14,204,128,,,,,
2014/01/11,15,204,138,,,,,
2014/01/11,16,204,134,,,,,
2014/01/11,17,200,140,,,,,
2014/01/11,18,98,58,,,,,
2014/01/11,19,48,25,,,,,
2014/01/11,20,37,20,,,,,
2014/01/11,21,34,17,,,,,
2014/01/11,22,35,20,,,,,
2014/01/11,23,36,21,,,,,
2014/01/11,24,38,23,,,,,
2014/01/12,01,38,23,,,,,
2014/01/12,02,27,14,,,,,
2014/01/12,03,13,3,,,,,
2014/01/12,04,13,4,,,,,
2014/01/12,05,13,3,,,,,
2014/01/12,06,13,4,,,,,
2014/01/12,07,13,3,,,,,
2014/01/12,08,13,4,,,,,
2014/01/12,09,13,3,,,,,
2014/01/12,10,13,4,,,,,
2014/01/12,11,13,3,,,,,
2014/01/12,12,12,3,,,,,
2014/01/12,13,13,3,,,,,
2014/01/12,14,13,4,,,,,
2014/01/12,15,13,3,,,,,
2014/01/12,16,13,3,,,,,
2014/01/12,17,14,4,,,,,
2014/01/12,18,21,11,,,,,
2014/01/12,19,27,17,,,,,
2014/01/12,20,25,15,,,,,
2014/01/12,21,18,8,,,,,
2014/01/12,22,14,4,,,,,
2014/01/12,23,14,4,,,,,
2014/01/12,24,14,4,,,,,
2014/01/13,01,14,4,,,,,
2014/01/13,02,14,4,,,,,
2014/01/13,03,14,4,,,,,
2014/01/13,04,14,5,,,,,
2014/01/13,05,14,5,,,,,
2014/01/13,06,14,4,,,,,
2014/01/13,07,14,5,,,,,
2014/01/13,08,23,13,,,,,
2014/01/13,09,28,17,,,,,
2014/01/13,10,25,14,,,,,
2014/01/13,11,27,16,,,,,
2014/01/13,12,26,15,,,,,
2014/01/13,13,25,14,,,,,
2014/01/13,14,25,14,,,,,
2014/01/13,15,26,14,,,,,
2014/01/13,16,24,13,,,,,
2014/01/13,17,26,15,,,,,
2014/01/13,18,27,14,,,,,
2014/01/13,19,27,14,,,,,
2014/01/13,20,26,15,,,,,
2014/01/13,21,26,15,,,,,
2014/01/13,22,15,5,,,,,
2014/01/13,23,15,5,,,,,
2014/01/13,24,15,5,,,,,
2014/01/14,01,15,6,,,,,
2014/01/14,02,14,5,,,,,
2014/01/14,03,14,5,,,,,
2014/01/14,04,15,5,,,,,
2014/01/14,05,15,6,,,,,
2014/01/14,06,15,6,,,,,
2014/01/14,07,18,8,,,,,
2014/01/14,08,46,27,,,,,
2014/01/14,09,195,132,,,,,
2014/01/14,10,246,172,,,,,
2014/01/14,11,236,165,,,,,
2014/01/14,12,236,157,,,,,
2014/01/14,13,165,126,,,,,
2014/01/14,14,213,140,,,,,
2014/01/14,15,221,142,,,,,
2014/01/14,16,207,136,,,,,
2014/01/14,17,217,144,,,,,
2014/01/14,18,208,137,,,,,
2014/01/14,19,192,121,,,,,
2014/01/14,20,135,82,,,,,
2014/01/14,21,48,26,,,,,
2014/01/14,22,27,11,,,,,
2014/01/14,23,25,11,,,,,
2014/01/14,24,25,12,,,,,
2014/01/15,01,26,13,,,,,
2014/01/15,02,26,14,,,,,
2014/01/15,03,26,13,,,,,
2014/01/15,04,14,4,,,,,
2014/01/15,05,15,4,,,,,
2014/01/15,06,15,4,,,,,
2014/01/15,07,15,4,,,,,
2014/01/15,08,36,21,,,,,
2014/01/15,09,188,125,,,,,
2014/01/15,10,229,163,,,,,
2014/01/15,11,248,171,,,,,
2014/01/15,12,240,165,,,,,
2014/01/15,13,168,125,,,,,
2014/01/15,14,202,123,,,,,
2014/01/15,15,204,123,,,,,
2014/01/15,16,184,109,,,,,
2014/01/15,17,187,119,,,,,
2014/01/15,18,188,122,,,,,
2014/01/15,19,176,106,,,,,
2014/01/15,20,156,101,,,,,
2014/01/15,21,145,100,,,,,
2014/01/15,22,66,45,,,,,
2014/01/15,23,33,17,,,,,
2014/01/15,24,32,18,,,,,
2014/01/16,01,25,13,,,,,
2014/01/16,02,22,11,,,,,
2014/01/16,03,21,11,,,,,
2014/01/16,04,22,12,,,,,
2014/01/16,05,22,12,,,,,
2014/01/16,06,23,13,,,,,
2014/01/16,07,22,12,,,,,
2014/01/16,08,43,28,,,,,
2014/01/16,09,199,133,,,,,
2014/01/16,10,233,159,,,,,
2014/01/16,11,230,151,,,,,
2014/01/16,12,207,133,,,,,
2014/01/16,13,166,123,,,,,
2014/01/16,14,186,110,,,,,
2014/01/16,15,185,119,,,,,
2014/01/16,16,174,114,,,,,
2014/01/16,17,184,120,,,,,
2014/01/16,18,180,117,,,,,
2014/01/16,19,161,100,,,,,
2014/01/16,20,128,77,,,,,
2014/01/16,21,113,67,,,,,
2014/01/16,22,98,61,,,,,
2014/01/16,23,74,43,,,,,
2014/01/16,24,23,8,,,,,
2014/01/17,01,21,8,,,,,
2014/01/17,02,21,8,,,,,
2014/01/17,03,20,8,,,,,
2014/01/17,04,13,2,,,,,
2014/01/17,05,12,1,,,,,
2014/01/17,06,12,1,,,,,
2014/01/17,07,15,3,,,,,
2014/01/17,08,44,27,,,,,
2014/01/17,09,158,102,,,,,
2014/01/17,10,208,142,,,,,
2014/01/17,11,207,139,,,,,
2014/01/17,12,202,133,,,,,
2014/01/17,13,146,101,,,,,
2014/01/17,14,175,109,,,,,
2014/01/17,15,183,116,,,,,
2014/01/17,16,180,118,,,,,
2014/01/17,17,177,113,,,,,
2014/01/17,18,165,104,,,,,
2014/01/17,19,157,98,,,,,
2014/01/17,20,144,91,,,,,
2014/01/17,21,113,64,,,,,
2014/01/17,22,101,64,,,,,
2014/01/17,23,87,54,,,,,
2014/01/17,24,30,14,,,,,
2014/01/18,01,12,1,,,,,
2014/01/18,02,10,1,,,,,
2014/01/18,03,10,1,,,,,
2014/01/18,04,10,1,,,,,
2014/01/18,05,10,1,,,,,
2014/01/18,06,10,1,,,,,
2014/01/18,07,10,1,,,,,
2014/01/18,08,13,4,,,,,
2014/01/18,09,10,1,,,,,
2014/01/18,10,10,1,,,,,
2014/01/18,11,10,1,,,,,
2014/01/18,12,10,1,,,,,
2014/01/18,13,10,1,,,,,
2014/01/18,14,10,1,,,,,
2014/01/18,15,16,6,,,,,
2014/01/18,16,20,10,,,,,
2014/01/18,17,21,11,,,,,
2014/01/18,18,19,9,,,,,
2014/01/18,19,12,2,,,,,
2014/01/18,20,12,2,,,,,
2014/01/18,21,12,3,,,,,
2014/01/18,22,12,3,,,,,
2014/01/18,23,12,3,,,,,
2014/01/18,24,12,3,,,,,
2014/01/19,01,12,4,,,,,
2014/01/19,02,13,4,,,,,
2014/01/19,03,12,3,,,,,
2014/01/19,04,12,4,,,,,
2014/01/19,05,12,3,,,,,
2014/01/19,06,13,4,,,,,
2014/01/19,07,13,4,,,,,
2014/01/19,08,13,4,,,,,
2014/01/19,09,12,3,,,,,
2014/01/19,10,13,4,,,,,
2014/01/19,11,12,4,,,,,
2014/01/19,12,12,3,,,,,
2014/01/19,13,12,3,,,,,
2014/01/19,14,12,3,,,,,
2014/01/19,15,12,3,,,,,
2014/01/19,16,12,3,,,,,
2014/01/19,17,12,3,,,,,
2014/01/19,18,13,4,,,,,
2014/01/19,19,13,4,,,,,
2014/01/19,20,13,4,,,,,
2014/01/19,21,13,4,,,,,
2014/01/19,22,13,4,,,,,
2014/01/19,23,13,4,,,,,
2014/01/19,24,13,4,,,,,
2014/01/20,01,13,4,,,,,
2014/01/20,02,13,4,,,,,
2014/01/20,03,13,4,,,,,
2014/01/20,04,13,4,,,,,
2014/01/20,05,13,4,,,,,
2014/01/20,06,13,4,,,,,
2014/01/20,07,13,4,,,,,
2014/01/20,08,56,35,,,,,
2014/01/20,09,202,140,,,,,
2014/01/20,10,239,164,,,,,
2014/01/20,11,230,160,,,,,
2014/01/20,12,230,152,,,,,
2014/01/20,13,161,120,,,,,
2014/01/20,14,218,144,,,,,
2014/01/20,15,229,155,,,,,
2014/01/20,16,210,140,,,,,
2014/01/20,17,214,140,,,,,
2014/01/20,18,217,142,,,,,
2014/01/20,19,196,137,,,,,
2014/01/20,20,133,89,,,,,
2014/01/20,21,36,13,,,,,
2014/01/20,22,25,10,,,,,
2014/01/20,23,25,11,,,,,
2014/01/20,24,25,12,,,,,
2014/01/21,01,17,7,,,,,
2014/01/21,02,12,3,,,,,
2014/01/21,03,11,3,,,,,
2014/01/21,04,12,3,,,,,
2014/01/21,05,12,3,,,,,
2014/01/21,06,12,3,,,,,
2014/01/21,07,13,3,,,,,
2014/01/21,08,30,16,,,,,
2014/01/21,09,179,116,,,,,
2014/01/21,10,227,154,,,,,
2014/01/21,11,228,148,,,,,
2014/01/21,12,233,154,,,,,
2014/01/21,13,179,128,,,,,
2014/01/21,14,205,135,,,,,
2014/01/21,15,213,138,,,,,
2014/01/21,16,195,128,,,,,
2014/01/21,17,192,125,,,,,
2014/01/21,18,167,113,,,,,
2014/01/21,19,135,90,,,,,
2014/01/21,20,60,34,,,,,
2014/01/21,21,43,22,,,,,
2014/01/21,22,27,10,,,,,
2014/01/21,23,25,10,,,,,
2014/01/21,24,19,7,,,,,
2014/01/22,01,13,2,,,,,
2014/01/22,02,13,3,,,,,
2014/01/22,03,13,3,,,,,
2014/01/22,04,13,2,,,,,
2014/01/22,05,13,3,,,,,
2014/01/22,06,14,3,,,,,
2014/01/22,07,14,3,,,,,
2014/01/22,08,35,17,,,,,
2014/01/22,09,188,125,,,,,
2014/01/22,10,223,150,,,,,
2014/01/22,11,223,152,,,,,
2014/01/22,12,210,140,,,,,
2014/01/22,13,161,121,,,,,
2014/01/22,14,201,127,,,,,
2014/01/22,15,211,140,,,,,
2014/01/22,16,184,120,,,,,
2014/01/22,17,190,119,,,,,
2014/01/22,18,165,101,,,,,
2014/01/22,19,153,92,,,,,
2014/01/22,20,71,45,,,,,
2014/01/22,21,43,23,,,,,
2014/01/22,22,27,11,,,,,
2014/01/22,23,22,9,,,,,
2014/01/22,24,22,10,,,,,
2014/01/23,01,14,4,,,,,
2014/01/23,02,13,3,,,,,
2014/01/23,03,12,3,,,,,
2014/01/23,04,12,3,,,,,
2014/01/23,05,13,3,,,,,
2014/01/23,06,13,4,,,,,
2014/01/23,07,14,4,,,,,
2014/01/23,08,33,18,,,,,
2014/01/23,09,181,122,,,,,
2014/01/23,10,216,146,,,,,
2014/01/23,11,226,154,,,,,
2014/01/23,12,216,150,,,,,
2014/01/23,13,149,110,,,,,
2014/01/23,14,191,114,,,,,
2014/01/23,15,178,104,,,,,
2014/01/23,16,150,94,,,,,
2014/01/23,17,160,100,,,,,
2014/01/23,18,143,90,,,,,
2014/01/23,19,109,62,,,,,
2014/01/23,20,44,18,,,,,
2014/01/23,21,30,13,,,,,
2014/01/23,22,25,10,,,,,
2014/01/23,23,24,9,,,,,
2014/01/23,24,24,10,,,,,
2014/01/24,01,22,10,,,,,
2014/01/24,02,24,13,,,,,
2014/01/24,03,15,4,,,,,
2014/01/24,04,15,4,,,,,
2014/01/24,05,15,4,,,,,
2014/01/24,06,15,4,,,,,
2014/01/24,07,15,4,,,,,
2014/01/24,08,37,20,,,,,
2014/01/24,09,187,124,,,,,
2014/01/24,10,218,147,,,,,
2014/01/24,11,211,137,,,,,
2014/01/24,12,205,131,,,,,
2014/01/24,13,146,108,,,,,
2014/01/24,14,162,100,,,,,
2014/01/24,15,157,93,,,,,
2014/01/24,16,140,81,,,,,
2014/01/24,17,155,96,,,,,
2014/01/24,18,105,61,,,,,
2014/01/24,19,66,35,,,,,
2014/01/24,20,45,22,,,,,
2014/01/24,21,27,12,,,,,
2014/01/24,22,19,7,,,,,
2014/01/24,23,10,1,,,,,
2014/01/24,24,9,1,,,,,
2014/01/25,01,9,1,,,,,
2014/01/25,02,9,1,,,,,
2014/01/25,03,9,1,,,,,
2014/01/25,04,10,1,,,,,
2014/01/25,05,10,1,,,,,
2014/01/25,06,10,1,,,,,
2014/01/25,07,10,2,,,,,
2014/01/25,08,9,1,,,,,
2014/01/25,09,55,36,,,,,
2014/01/25,10,83,61,,,,,
2014/01/25,11,87,65,,,,,
2014/01/25,12,87,64,,,,,
2014/01/25,13,60,44,,,,,
2014/01/25,14,63,45,,,,,
2014/01/25,15,60,40,,,,,
2014/01/25,16,54,34,,,,,
2014/01/25,17,47,27,,,,,
2014/01/25,18,15,4,,,,,
2014/01/25,19,10,1,,,,,
2014/01/25,20,10,1,,,,,
2014/01/25,21,10,1,,,,,
2014/01/25,22,9,1,,,,,
2014/01/25,23,9,1,,,,,
2014/01/25,24,9,1,,,,,
2014/01/26,01,9,1,,,,,
2014/01/26,02,9,1,,,,,
2014/01/26,03,9,1,,,,,
2014/01/26,04,9,1,,,,,
2014/01/26,05,10,2,,,,,
2014/01/26,06,10,2,,,,,
2014/01/26,07,10,2,,,,,
2014/01/26,08,10,2,,,,,
2014/01/26,09,10,2,,,,,
2014/01/26,10,10,2,,,,,
2014/01/26,11,10,2,,,,,
2014/01/26,12,10,2,,,,,
2014/01/26,13,10,2,,,,,
2014/01/26,14,11,3,,,,,
2014/01/26,15,11,3,,,,,
2014/01/26,16,11,3,,,,,
2014/01/26,17,11,3,,,,,
2014/01/26,18,12,4,,,,,
2014/01/26,19,12,3,,,,,
2014/01/26,20,12,4,,,,,
2014/01/26,21,12,4,,,,,
2014/01/26,22,12,3,,,,,
2014/01/26,23,12,4,,,,,
2014/01/26,24,12,4,,,,,
2014/01/27,01,12,4,,,,,
2014/01/27,02,12,4,,,,,
2014/01/27,03,12,4,,,,,
2014/01/27,04,12,4,,,,,
2014/01/27,05,12,4,,,,,
2014/01/27,06,12,4,,,,,
2014/01/27,07,12,4,,,,,
2014/01/27,08,55,35,,,,,
2014/01/27,09,165,104,,,,,
2014/01/27,10,215,140,,,,,
2014/01/27,11,215,140,,,,,
2014/01/27,12,205,131,,,,,
2014/01/27,13,148,115,,,,,
2014/01/27,14,195,126,,,,,
2014/01/27,15,207,131,,,,,
2014/01/27,16,186,115,,,,,
2014/01/27,17,171,107,,,,,
2014/01/27,18,144,93,,,,,
2014/01/27,19,86,50,,,,,
2014/01/27,20,50,22,,,,,
2014/01/27,21,31,11,,,,,
2014/01/27,22,31,14,,,,,
2014/01/27,23,28,12,,,,,
2014/01/27,24,25,11,,,,,
2014/01/28,01,26,12,,,,,
2014/01/28,02,19,9,,,,,
2014/01/28,03,13,5,,,,,
2014/01/28,04,13,5,,,,,
2014/01/28,05,13,5,,,,,
2014/01/28,06,14,6,,,,,
2014/01/28,07,15,6,,,,,
2014/01/28,08,37,23,,,,,
2014/01/28,09,181,120,,,,,
2014/01/28,10,238,164,,,,,
2014/01/28,11,251,174,,,,,
2014/01/28,12,235,158,,,,,
2014/01/28,13,164,125,,,,,
2014/01/28,14,186,124,,,,,
2014/01/28,15,188,124,,,,,
2014/01/28,16,173,110,,,,,
2014/01/28,17,169,105,,,,,
2014/01/28,18,99,53,,,,,
2014/01/28,19,41,13,,,,,
2014/01/28,20,38,14,,,,,
2014/01/28,21,27,8,,,,,
2014/01/28,22,24,8,,,,,
2014/01/28,23,22,9,,,,,
2014/01/28,24,21,8,,,,,
2014/01/29,01,22,10,,,,,
2014/01/29,02,20,9,,,,,
2014/01/29,03,16,6,,,,,
2014/01/29,04,12,2,,,,,
2014/01/29,05,12,3,,,,,
2014/01/29,06,13,3,,,,,
2014/01/29,07,13,3,,,,,
2014/01/29,08,23,10,,,,,
2014/01/29,09,179,119,,,,,
2014/01/29,10,221,154,,,,,
2014/01/29,11,213,149,,,,,
2014/01/29,12,205,143,,,,,
2014/01/29,13,142,102,,,,,
2014/01/29,14,150,88,,,,,
2014/01/29,15,150,87,,,,,
2014/01/29,16,149,90,,,,,
2014/01/29,17,146,84,,,,,
2014/01/29,18,121,68,,,,,
2014/01/29,19,70,31,,,,,
2014/01/29,20,34,8,,,,,
2014/01/29,21,27,8,,,,,
2014/01/29,22,26,6,,,,,
2014/01/29,23,20,7,,,,,
2014/01/29,24,12,1,,,,,
2014/01/30,01,10,1,,,,,
2014/01/30,02,10,1,,,,,
2014/01/30,03,10,1,,,,,
2014/01/30,04,11,2,,,,,
2014/01/30,05,12,3,,,,,
2014/01/30,06,11,2,,,,,
2014/01/30,07,12,3,,,,,
2014/01/30,08,40,22,,,,,
2014/01/30,09,159,93,,,,,
2014/01/30,10,186,118,,,,,
2014/01/30,11,190,125,,,,,
2014/01/30,12,191,128,,,,,
2014/01/30,13,165,124,,,,,
2014/01/30,14,190,127,,,,,
2014/01/30,15,181,120,,,,,
2014/01/30,16,169,110,,,,,
2014/01/30,17,151,91,,,,,
2014/01/30,18,133,80,,,,,
2014/01/30,19,109,64,,,,,
2014/01/30,20,70,37,,,,,
2014/01/30,21,53,26,,,,,
2014/01/30,22,20,6,,,,,
2014/01/30,23,17,5,,,,,
2014/01/30,24,15,5,,,,,
2014/01/31,01,13,3,,,,,
2014/01/31,02,9,0,,,,,
2014/01/31,03,9,0,,,,,
2014/01/31,04,9,0,,,,,
2014/01/31,05,9,0,,,,,
2014/01/31,06,9,0,,,,,
2014/01/31,07,13,3,,,,,
2014/01/31,08,29,13,,,,,
2014/01/31,09,132,74,,,,,
2014/01/31,10,146,91,,,,,
2014/01/31,11,167,104,,,,,
2014/01/31,12,161,99,,,,,
2014/01/31,13,109,71,,,,,
2014/01/31,14,134,73,,,,,
2014/01/31,15,143,80,,,,,
2014/01/31,16,123,65,,,,,
2014/01/31,17,125,66,,,,,
2014/01/31,18,85,41,,,,,
2014/01/31,19,71,36,,,,,
2014/01/31,20,59,28,,,,,
2014/01/31,21,38,14,,,,,
2014/01/31,22,19,5,,,,,
2014/01/31,23,18,5,,,,,
2014/01/31,24,17,5,,,,,
2014/02/01,01,18,6,,,,,
2014/02/01,02,17,6,,,,,
2014/02/01,03,11,2,,,,,
2014/02/01,04,9,0,,,,,
2014/02/01,05,9,0,,,,,
2014/02/01,06,9,0,,,,,
2014/02/01,07,9,0,,,,,
2014/02/01,08,9,0,,,,,
2014/02/01,09,10,0,,,,,
2014/02/01,10,12,0,,,,,
2014/02/01,11,11,0,,,,,
2014/02/01,12,10,0,,,,,
2014/02/01,13,11,0,,,,,
2014/02/01,14,12,0,,,,,
2014/02/01,15,17,6,,,,,
2014/02/01,16,15,5,,,,,
2014/02/01,17,15,5,,,,,
2014/02/01,18,15,5,,,,,
2014/02/01,19,15,4,,,,,
2014/02/01,20,10,0,,,,,
2014/02/01,21,10,0,,,,,
2014/02/01,22,10,0,,,,,
2014/02/01,23,9,0,,,,,
2014/02/01,24,9,0,,,,,
2014/02/02,01,9,0,,,,,
2014/02/02,02,9,0,,,,,
2014/02/02,03,9,0,,,,,
2014/02/02,04,9,0,,,,,
2014/02/02,05,9,0,,,,,
2014/02/02,06,9,0,,,,,
2014/02/02,07,9,0,,,,,
2014/02/02,08,9,0,,,,,
2014/02/02,09,9,0,,,,,
2014/02/02,10,9,0,,,,,
2014/02/02,11,16,7,,,,,
2014/02/02,12,16,7,,,,,
2014/02/02,13,9,0,,,,,
2014/02/02,14,9,0,,,,,
2014/02/02,15,9,0,,,,,
2014/02/02,16,9,0,,,,,
2014/02/02,17,9,0,,,,,
2014/02/02,18,10,0,,,,,
2014/02/02,19,10,0,,,,,
2014/02/02,20,10,0,,,,,
2014/02/02,21,10,0,,,,,
2014/02/02,22,10,0,,,,,
2014/02/02,23,9,0,,,,,
2014/02/02,24,9,0,,,,,
2014/02/03,01,9,0,,,,,
2014/02/03,02,9,0,,,,,
2014/02/03,03,9,0,,,,,
2014/02/03,04,9,0,,,,,
2014/02/03,05,9,0,,,,,
2014/02/03,06,9,0,,,,,
2014/02/03,07,11,1,,,,,
2014/02/03,08,57,35,,,,,
2014/02/03,09,175,111,,,,,
2014/02/03,10,213,139,,,,,
2014/02/03,11,197,125,,,,,
2014/02/03,12,187,116,,,,,
2014/02/03,13,134,98,,,,,
2014/02/03,14,163,103,,,,,
2014/02/03,15,160,99,,,,,
2014/02/03,16,156,98,,,,,
2014/02/03,17,151,92,,,,,
2014/02/03,18,142,88,,,,,
2014/02/03,19,122,74,,,,,
2014/02/03,20,87,46,,,,,
2014/02/03,21,53,22,,,,,
2014/02/03,22,23,6,,,,,
2014/02/03,23,23,7,,,,,
2014/02/03,24,14,1,,,,,
2014/02/04,01,10,0,,,,,
2014/02/04,02,10,0,,,,,
2014/02/04,03,10,0,,,,,
2014/02/04,04,10,0,,,,,
2014/02/04,05,10,0,,,,,
2014/02/04,06,10,0,,,,,
2014/02/04,07,11,0,,,,,
2014/02/04,08,34,16,,,,,
2014/02/04,09,161,101,,,,,
2014/02/04,10,212,145,,,,,
2014/02/04,11,199,135,,,,,
2014/02/04,12,206,138,,,,,
2014/02/04,13,151,110,,,,,
2014/02/04,14,189,119,,,,,
2014/02/04,15,202,128,,,,,
2014/02/04,16,195,123,,,,,
2014/02/04,17,197,128,,,,,
2014/02/04,18,182,114,,,,,
2014/02/04,19,176,107,,,,,
2014/02/04,20,130,82,,,,,
2014/02/04,21,88,53,,,,,
2014/02/04,22,25,9,,,,,
2014/02/04,23,23,9,,,,,
2014/02/04,24,20,7,,,,,
2014/02/05,01,14,3,,,,,
2014/02/05,02,13,3,,,,,
2014/02/05,03,13,3,,,,,
2014/02/05,04,14,3,,,,,
2014/02/05,05,14,4,,,,,
2014/02/05,06,14,4,,,,,
2014/02/05,07,13,3,,,,,
2014/02/05,08,23,9,,,,,
2014/02/05,09,184,126,,,,,
2014/02/05,10,233,160,,,,,
2014/02/05,11,225,150,,,,,
2014/02/05,12,221,145,,,,,
2014/02/05,13,168,127,,,,,
2014/02/05,14,216,140,,,,,
2014/02/05,15,220,148,,,,,
2014/02/05,16,209,140,,,,,
2014/02/05,17,219,145,,,,,
2014/02/05,18,198,128,,,,,
2014/02/05,19,197,128,,,,,
2014/02/05,20,179,125,,,,,
2014/02/05,21,154,108,,,,,
2014/02/05,22,86,58,,,,,
2014/02/05,23,35,18,,,,,
2014/02/05,24,29,15,,,,,
2014/02/06,01,17,7,,,,,
2014/02/06,02,17,7,,,,,
2014/02/06,03,18,8,,,,,
2014/02/06,04,18,8,,,,,
2014/02/06,05,18,8,,,,,
2014/02/06,06,19,9,,,,,
2014/02/06,07,18,8,,,,,
2014/02/06,08,28,14,,,,,
2014/02/06,09,189,126,,,,,
2014/02/06,10,204,139,,,,,
2014/02/06,11,199,133,,,,,
2014/02/06,12,219,143,,,,,
2014/02/06,13,154,114,,,,,
2014/02/06,14,202,130,,,,,
2014/02/06,15,209,135,,,,,
2014/02/06,16,192,126,,,,,
2014/02/06,17,197,123,,,,,
2014/02/06,18,200,130,,,,,
2014/02/06,19,177,108,,,,,
2014/02/06,20,167,104,,,,,
2014/02/06,21,147,93,,,,,
2014/02/06,22,127,84,,,,,
2014/02/06,23,101,62,,,,,
2014/02/06,24,25,11,,,,,
2014/02/07,01,12,3,,,,,
2014/02/07,02,12,3,,,,,
2014/02/07,03,13,3,,,,,
2014/02/07,04,12,3,,,,,
2014/02/07,05,12,3,,,,,
2014/02/07,06,13,3,,,,,
2014/02/07,07,14,4,,,,,
2014/02/07,08,41,25,,,,,
2014/02/07,09,176,114,,,,,
2014/02/07,10,208,134,,,,,
2014/02/07,11,197,122,,,,,
2014/02/07,12,199,126,,,,,
2014/02/07,13,143,104,,,,,
2014/02/07,14,187,125,,,,,
2014/02/07,15,190,126,,,,,
2014/02/07,16,171,115,,,,,
2014/02/07,17,189,129,,,,,
2014/02/07,18,168,109,,,,,
2014/02/07,19,166,110,,,,,
2014/02/07,20,156,104,,,,,
2014/02/07,21,125,86,,,,,
2014/02/07,22,31,13,,,,,
2014/02/07,23,20,7,,,,,
2014/02/07,24,19,8,,,,,
2014/02/08,01,18,8,,,,,
2014/02/08,02,18,8,,,,,
2014/02/08,03,15,6,,,,,
2014/02/08,04,11,2,,,,,
2014/02/08,05,12,3,,,,,
2014/02/08,06,11,2,,,,,
2014/02/08,07,12,3,,,,,
2014/02/08,08,11,2,,,,,
2014/02/08,09,15,7,,,,,
2014/02/08,10,22,11,,,,,
2014/02/08,11,23,11,,,,,
2014/02/08,12,21,10,,,,,
2014/02/08,13,20,9,,,,,
2014/02/08,14,21,9,,,,,
2014/02/08,15,21,9,,,,,
2014/02/08,16,20,9,,,,,
2014/02/08,17,22,10,,,,,
2014/02/08,18,22,10,,,,,
2014/02/08,19,20,9,,,,,
2014/02/08,20,12,3,,,,,
2014/02/08,21,13,3,,,,,
2014/02/08,22,12,3,,,,,
2014/02/08,23,12,3,,,,,
2014/02/08,24,12,3,,,,,
2014/02/09,01,12,3,,,,,
2014/02/09,02,12,3,,,,,
2014/02/09,03,12,3,,,,,
2014/02/09,04,12,4,,,,,
2014/02/09,05,12,3,,,,,
2014/02/09,06,12,3,,,,,
2014/02/09,07,12,3,,,,,
2014/02/09,08,12,3,,,,,
2014/02/09,09,12,3,,,,,
2014/02/09,10,11,3,,,,,
2014/02/09,11,11,3,,,,,
2014/02/09,12,12,3,,,,,
2014/02/09,13,12,3,,,,,
2014/02/09,14,12,3,,,,,
2014/02/09,15,11,3,,,,,
2014/02/09,16,11,3,,,,,
2014/02/09,17,12,3,,,,,
2014/02/09,18,12,3,,,,,
2014/02/09,19,12,3,,,,,
2014/02/09,20,13,4,,,,,
2014/02/09,21,13,3,,,,,
2014/02/09,22,12,3,,,,,
2014/02/09,23,12,3,,,,,
2014/02/09,24,12,4,,,,,
2014/02/10,01,12,4,,,,,
2014/02/10,02,12,4,,,,,
2014/02/10,03,12,4,,,,,
2014/02/10,04,12,4,,,,,
2014/02/10,05,12,4,,,,,
2014/02/10,06,13,4,,,,,
2014/02/10,07,13,4,,,,,
2014/02/10,08,43,28,,,,,
2014/02/10,09,208,144,,,,,
2014/02/10,10,236,162,,,,,
2014/02/10,11,232,159,,,,,
2014/02/10,12,227,155,,,,,
2014/02/10,13,172,131,,,,,
2014/02/10,14,218,142,,,,,
2014/02/10,15,227,151,,,,,
2014/02/10,16,212,140,,,,,
2014/02/10,17,223,149,,,,,
2014/02/10,18,210,140,,,,,
2014/02/10,19,199,134,,,,,
2014/02/10,20,175,122,,,,,
2014/02/10,21,133,92,,,,,
2014/02/10,22,23,9,,,,,
2014/02/10,23,17,8,,,,,
2014/02/10,24,17,8,,,,,
2014/02/11,01,17,8,,,,,
2014/02/11,02,17,8,,,,,
2014/02/11,03,17,8,,,,,
2014/02/11,04,18,9,,,,,
2014/02/11,05,18,9,,,,,
2014/02/11,06,18,8,,,,,
2014/02/11,07,18,9,,,,,
2014/02/11,08,19,9,,,,,
2014/02/11,09,75,43,,,,,
2014/02/11,10,95,58,,,,,
2014/02/11,11,100,59,,,,,
2014/02/11,12,103,61,,,,,
2014/02/11,13,96,67,,,,,
2014/02/11,14,110,72,,,,,
2014/02/11,15,100,61,,,,,
2014/02/11,16,97,59,,,,,
2014/02/11,17,87,51,,,,,
2014/02/11,18,29,16,,,,,
2014/02/11,19,18,8,,,,,
2014/02/11,20,18,8,,,,,
2014/02/11,21,18,8,,,,,
2014/02/11,22,19,9,,,,,
2014/02/11,23,19,9,,,,,
2014/02/11,24,18,9,,,,,
2014/02/12,01,18,8,,,,,
2014/02/12,02,18,9,,,,,
2014/02/12,03,18,9,,,,,
2014/02/12,04,18,9,,,,,
2014/02/12,05,18,9,,,,,
2014/02/12,06,18,9,,,,,
2014/02/12,07,20,10,,,,,
2014/02/12,08,53,36,,,,,
2014/02/12,09,193,131,,,,,
2014/02/12,10,218,144,,,,,
2014/02/12,11,219,143,,,,,
2014/02/12,12,216,141,,,,,
2014/02/12,13,162,117,,,,,
2014/02/12,14,196,120,,,,,
2014/02/12,15,195,117,,,,,
2014/02/12,16,182,110,,,,,
2014/02/12,17,188,112,,,,,
2014/02/12,18,181,106,,,,,
2014/02/12,19,160,87,,,,,
2014/02/12,20,129,66,,,,,
2014/02/12,21,113,57,,,,,
2014/02/12,22,74,38,,,,,
2014/02/12,23,20,5,,,,,
2014/02/12,24,16,5,,,,,
2014/02/13,01,16,5,,,,,
2014/02/13,02,17,6,,,,,
2014/02/13,03,17,6,,,,,
2014/02/13,04,17,6,,,,,
2014/02/13,05,17,7,,,,,
2014/02/13,06,18,7,,,,,
2014/02/13,07,23,12,,,,,
2014/02/13,08,48,30,,,,,
2014/02/13,09,188,125,,,,,
2014/02/13,10,224,147,,,,,
2014/02/13,11,214,138,,,,,
2014/02/13,12,211,136,,,,,
2014/02/13,13,151,110,,,,,
2014/02/13,14,171,108,,,,,
2014/02/13,15,176,114,,,,,
2014/02/13,16,182,117,,,,,
2014/02/13,17,198,125,,,,,
2014/02/13,18,181,108,,,,,
2014/02/13,19,180,106,,,,,
2014/02/13,20,142,78,,,,,
2014/02/13,21,107,52,,,,,
2014/02/13,22,84,43,,,,,
2014/02/13,23,23,8,,,,,
2014/02/13,24,12,1,,,,,
2014/02/14,01,11,1,,,,,
2014/02/14,02,12,1,,,,,
2014/02/14,03,13,2,,,,,
2014/02/14,04,13,2,,,,,
2014/02/14,05,14,2,,,,,
2014/02/14,06,13,2,,,,,
2014/02/14,07,14,3,,,,,
2014/02/14,08,42,23,,,,,
2014/02/14,09,175,110,,,,,
2014/02/14,10,194,118,,,,,
2014/02/14,11,174,105,,,,,
2014/02/14,12,181,117,,,,,
2014/02/14,13,153,113,,,,,
2014/02/14,14,204,129,,,,,
2014/02/14,15,203,136,,,,,
2014/02/14,16,204,138,,,,,
2014/02/14,17,199,129,,,,,
2014/02/14,18,161,104,,,,,
2014/02/14,19,153,97,,,,,
2014/02/14,20,130,82,,,,,
2014/02/14,21,94,53,,,,,
2014/02/14,22,21,7,,,,,
2014/02/14,23,11,1,,,,,
2014/02/14,24,12,2,,,,,
2014/02/15,01,12,2,,,,,
2014/02/15,02,13,3,,,,,
2014/02/15,03,12,2,,,,,
2014/02/15,04,13,3,,,,,
2014/02/15,05,13,3,,,,,
2014/02/15,06,13,3,,,,,
2014/02/15,07,13,3,,,,,
2014/02/15,08,21,8,,,,,
2014/02/15,09,132,77,,,,,
2014/02/15,10,184,120,,,,,
2014/02/15,11,178,114,,,,,
2014/02/15,12,192,126,,,,,
2014/02/15,13,139,104,,,,,
2014/02/15,14,188,122,,,,,
2014/02/15,15,193,125,,,,,
2014/02/15,16,176,110,,,,,
2014/02/15,17,172,110,,,,,
2014/02/15,18,92,54,,,,,
2014/02/15,19,34,10,,,,,
2014/02/15,20,19,7,,,,,
2014/02/15,21,17,7,,,,,
2014/02/15,22,17,7,,,,,
2014/02/15,23,16,7,,,,,
2014/02/15,24,16,7,,,,,
2014/02/16,01,17,7,,,,,
2014/02/16,02,17,8,,,,,
2014/02/16,03,17,7,,,,,
2014/02/16,04,17,7,,,,,
2014/02/16,05,18,8,,,,,
2014/02/16,06,17,8,,,,,
2014/02/16,07,17,8,,,,,
2014/02/16,08,22,13,,,,,
2014/02/16,09,20,11,,,,,
2014/02/16,10,16,7,,,,,
2014/02/16,11,16,6,,,,,
2014/02/16,12,16,7,,,,,
2014/02/16,13,15,6,,,,,
2014/02/16,14,15,6,,,,,
2014/02/16,15,15,5,,,,,
2014/02/16,16,15,5,,,,,
2014/02/16,17,16,6,,,,,
2014/02/16,18,17,7,,,,,
2014/02/16,19,18,8,,,,,
2014/02/16,20,18,8,,,,,
2014/02/16,21,18,8,,,,,
2014/02/16,22,18,8,,,,,
2014/02/16,23,17,8,,,,,
2014/02/16,24,18,8,,,,,
2014/02/17,01,18,9,,,,,
2014/02/17,02,18,9,,,,,
2014/02/17,03,18,9,,,,,
2014/02/17,04,18,9,,,,,
2014/02/17,05,19,9,,,,,
2014/02/17,06,18,9,,,,,
2014/02/17,07,19,9,,,,,
2014/02/17,08,64,42,,,,,
2014/02/17,09,207,142,,,,,
2014/02/17,10,233,156,,,,,
2014/02/17,11,231,162,,,,,
2014/02/17,12,219,154,,,,,
2014/02/17,13,166,127,,,,,
2014/02/17,14,210,135,,,,,
2014/02/17,15,214,139,,,,,
2014/02/17,16,196,126,,,,,
2014/02/17,17,204,131,,,,,
2014/02/17,18,181,116,,,,,
2014/02/17,19,173,112,,,,,
2014/02/17,20,133,84,,,,,
2014/02/17,21,88,56,,,,,
2014/02/17,22,76,51,,,,,
2014/02/17,23,15,2,,,,,
2014/02/17,24,13,1,,,,,
2014/02/18,01,12,1,,,,,
2014/02/18,02,12,1,,,,,
2014/02/18,03,12,1,,,,,
2014/02/18,04,13,1,,,,,
2014/02/18,05,14,2,,,,,
2014/02/18,06,13,1,,,,,
2014/02/18,07,15,3,,,,,
2014/02/18,08,36,18,,,,,
2014/02/18,09,189,123,,,,,
2014/02/18,10,209,136,,,,,
2014/02/18,11,228,150,,,,,
2014/02/18,12,211,139,,,,,
2014/02/18,13,161,119,,,,,
2014/02/18,14,188,123,,,,,
2014/02/18,15,193,129,,,,,
2014/02/18,16,174,113,,,,,
2014/02/18,17,189,123,,,,,
2014/02/18,18,175,111,,,,,
2014/02/18,19,161,95,,,,,
2014/02/18,20,139,81,,,,,
2014/02/18,21,75,46,,,,,
2014/02/18,22,58,35,,,,,
2014/02/18,23,12,1,,,,,
2014/02/18,24,11,1,,,,,
2014/02/19,01,11,1,,,,,
2014/02/19,02,11,1,,,,,
2014/02/19,03,12,3,,,,,
2014/02/19,04,12,2,,,,,
2014/02/19,05,12,3,,,,,
2014/02/19,06,13,3,,,,,
2014/02/19,07,13,3,,,,,
2014/02/19,08,30,15,,,,,
2014/02/19,09,178,114,,,,,
2014/02/19,10,216,138,,,,,
2014/02/19,11,211,134,,,,,
2014/02/19,12,214,136,,,,,
2014/02/19,13,154,113,,,,,
2014/02/19,14,182,116,,,,,
2014/02/19,15,187,121,,,,,
2014/02/19,16,175,115,,,,,
2014/02/19,17,188,125,,,,,
2014/02/19,18,186,125,,,,,
2014/02/19,19,191,131,,,,,
2014/02/19,20,166,111,,,,,
2014/02/19,21,120,77,,,,,
2014/02/19,22,82,55,,,,,
2014/02/19,23,62,40,,,,,
2014/02/19,24,19,7,,,,,
2014/02/20,01,17,6,,,,,
2014/02/20,02,17,6,,,,,
2014/02/20,03,17,6,,,,,
2014/02/20,04,17,6,,,,,
2014/02/20,05,17,6,,,,,
2014/02/20,06,18,7,,,,,
2014/02/20,07,18,7,,,,,
2014/02/20,08,40,24,,,,,
2014/02/20,09,178,111,,,,,
2014/02/20,10,211,136,,,,,
2014/02/20,11,202,125,,,,,
2014/02/20,12,196,117,,,,,
2014/02/20,13,137,93,,,,,
2014/02/20,14,165,97,,,,,
2014/02/20,15,160,94,,,,,
2014/02/20,16,148,89,,,,,
2014/02/20,17,158,93,,,,,
2014/02/20,18,153,90,,,,,
2014/02/20,19,148,87,,,,,
2014/02/20,20,119,72,,,,,
2014/02/20,21,110,75,,,,,
2014/02/20,22,78,52,,,,,
2014/02/20,23,55,33,,,,,
2014/02/20,24,19,6,,,,,
2014/02/21,01,18,6,,,,,
2014/02/21,02,18,6,,,,,
2014/02/21,03,18,6,,,,,
2014/02/21,04,18,6,,,,,
2014/02/21,05,18,6,,,,,
2014/02/21,06,18,6,,,,,
2014/02/21,07,19,7,,,,,
2014/02/21,08,40,20,,,,,
2014/02/21,09,168,104,,,,,
2014/02/21,10,207,130,,,,,
2014/02/21,11,190,116,,,,,
2014/02/21,12,187,111,,,,,
2014/02/21,13,133,92,,,,,
2014/02/21,14,163,99,,,,,
2014/02/21,15,162,97,,,,,
2014/02/21,16,146,85,,,,,
2014/02/21,17,160,96,,,,,
2014/02/21,18,150,91,,,,,
2014/02/21,19,124,77,,,,,
2014/02/21,20,59,31,,,,,
2014/02/21,21,29,10,,,,,
2014/02/21,22,19,7,,,,,
2014/02/21,23,13,4,,,,,
2014/02/21,24,9,1,,,,,
2014/02/22,01,9,1,,,,,
2014/02/22,02,9,1,,,,,
2014/02/22,03,10,2,,,,,
2014/02/22,04,10,2,,,,,
2014/02/22,05,11,2,,,,,
2014/02/22,06,10,2,,,,,
2014/02/22,07,11,3,,,,,
2014/02/22,08,16,7,,,,,
2014/02/22,09,45,28,,,,,
2014/02/22,10,65,46,,,,,
2014/02/22,11,63,44,,,,,
2014/02/22,12,67,46,,,,,
2014/02/22,13,57,42,,,,,
2014/02/22,14,58,38,,,,,
2014/02/22,15,48,27,,,,,
2014/02/22,16,45,25,,,,,
2014/02/22,17,45,25,,,,,
2014/02/22,18,25,10,,,,,
2014/02/22,19,26,11,,,,,
2014/02/22,20,23,11,,,,,
2014/02/22,21,18,7,,,,,
2014/02/22,22,11,2,,,,,
2014/02/22,23,11,3,,,,,
2014/02/22,24,11,3,,,,,
2014/02/23,01,11,3,,,,,
2014/02/23,02,11,3,,,,,
2014/02/23,03,11,3,,,,,
2014/02/23,04,12,3,,,,,
2014/02/23,05,12,4,,,,,
2014/02/23,06,12,3,,,,,
2014/02/23,07,11,3,,,,,
2014/02/23,08,12,3,,,,,
2014/02/23,09,11,3,,,,,
2014/02/23,10,11,2,,,,,
2014/02/23,11,13,5,,,,,
2014/02/23,12,16,7,,,,,
2014/02/23,13,15,6,,,,,
2014/02/23,14,15,6,,,,,
2014/02/23,15,10,1,,,,,
2014/02/23,16,10,1,,,,,
2014/02/23,17,10,1,,,,,
2014/02/23,18,10,1,,,,,
2014/02/23,19,12,2,,,,,
2014/02/23,20,13,3,,,,,
2014/02/23,21,13,3,,,,,
2014/02/23,22,13,3,,,,,
2014/02/23,23,13,3,,,,,
2014/02/23,24,13,4,,,,,
2014/02/24,01,13,4,,,,,
2014/02/24,02,12,3,,,,,
2014/02/24,03,13,4,,,,,
2014/02/24,04,13,4,,,,,
2014/02/24,05,13,4,,,,,
2014/02/24,06,13,4,,,,,
2014/02/24,07,14,4,,,,,
2014/02/24,08,57,38,,,,,
2014/02/24,09,202,142,,,,,
2014/02/24,10,240,164,,,,,
2014/02/24,11,231,150,,,,,
2014/02/24,12,223,144,,,,,
2014/02/24,13,153,114,,,,,
2014/02/24,14,201,126,,,,,
2014/02/24,15,205,139,,,,,
2014/02/24,16,186,124,,,,,
2014/02/24,17,188,124,,,,,
2014/02/24,18,170,110,,,,,
2014/02/24,19,156,93,,,,,
2014/02/24,20,139,82,,,,,
2014/02/24,21,116,68,,,,,
2014/02/24,22,75,40,,,,,
2014/02/24,23,16,4,,,,,
2014/02/24,24,12,1,,,,,
2014/02/25,01,12,1,,,,,
2014/02/25,02,12,1,,,,,
2014/02/25,03,12,1,,,,,
2014/02/25,04,12,1,,,,,
2014/02/25,05,12,1,,,,,
2014/02/25,06,13,2,,,,,
2014/02/25,07,13,2,,,,,
2014/02/25,08,40,22,,,,,
2014/02/25,09,172,109,,,,,
2014/02/25,10,208,136,,,,,
2014/02/25,11,197,132,,,,,
2014/02/25,12,189,123,,,,,
2014/02/25,13,140,99,,,,,
2014/02/25,14,178,113,,,,,
2014/02/25,15,173,106,,,,,
2014/02/25,16,161,100,,,,,
2014/02/25,17,171,108,,,,,
2014/02/25,18,156,95,,,,,
2014/02/25,19,134,76,,,,,
2014/02/25,20,127,77,,,,,
2014/02/25,21,90,53,,,,,
2014/02/25,22,75,44,,,,,
2014/02/25,23,57,34,,,,,
2014/02/25,24,12,1,,,,,
2014/02/26,01,11,1,,,,,
2014/02/26,02,11,1,,,,,
2014/02/26,03,11,1,,,,,
2014/02/26,04,11,1,,,,,
2014/02/26,05,11,1,,,,,
2014/02/26,06,12,2,,,,,
2014/02/26,07,13,3,,,,,
2014/02/26,08,33,17,,,,,
2014/02/26,09,174,113,,,,,
2014/02/26,10,199,134,,,,,
2014/02/26,11,191,130,,,,,
2014/02/26,12,182,121,,,,,
2014/02/26,13,134,98,,,,,
2014/02/26,14,133,75,,,,,
2014/02/26,15,129,71,,,,,
2014/02/26,16,105,49,,,,,
2014/02/26,17,114,55,,,,,
2014/02/26,18,114,56,,,,,
2014/02/26,19,104,47,,,,,
2014/02/26,20,91,45,,,,,
2014/02/26,21,80,41,,,,,
2014/02/26,22,78,38,,,,,
2014/02/26,23,55,17,,,,,
2014/02/26,24,15,3,,,,,
2014/02/27,01,12,1,,,,,
2014/02/27,02,12,1,,,,,
2014/02/27,03,12,1,,,,,
2014/02/27,04,12,1,,,,,
2014/02/27,05,12,1,,,,,
2014/02/27,06,12,1,,,,,
2014/02/27,07,12,1,,,,,
2014/02/27,08,24,8,,,,,
2014/02/27,09,116,61,,,,,
2014/02/27,10,146,86,,,,,
2014/02/27,11,135,75,,,,,
2014/02/27,12,131,71,,,,,
2014/02/27,13,101,68,,,,,
2014/02/27,14,121,65,,,,,
2014/02/27,15,123,65,,,,,
2014/02/27,16,117,62,,,,,
2014/02/27,17,127,67,,,,,
2014/02/27,18,107,52,,,,,
2014/02/27,19,110,55,,,,,
2014/02/27,20,77,35,,,,,
2014/02/27,21,62,31,,,,,
2014/02/27,22,56,28,,,,,
2014/02/27,23,54,33,,,,,
2014/02/27,24,33,17,,,,,
2014/02/28,01,11,1,,,,,
2014/02/28,02,11,1,,,,,
2014/02/28,03,11,1,,,,,
2014/02/28,04,11,1,,,,,
2014/02/28,05,11,1,,,,,
2014/02/28,06,11,1,,,,,
2014/02/28,07,11,1,,,,,
2014/02/28,08,25,9,,,,,
2014/02/28,09,100,48,,,,,
2014/02/28,10,112,54,,,,,
2014/02/28,11,113,52,,,,,
2014/02/28,12,115,52,,,,,
2014/02/28,13,78,41,,,,,
2014/02/28,14,105,44,,,,,
2014/02/28,15,108,50,,,,,
2014/02/28,16,103,47,,,,,
2014/02/28,17,107,49,,,,,
2014/02/28,18,100,47,,,,,
2014/02/28,19,99,48,,,,,
2014/02/28,20,79,38,,,,,
2014/02/28,21,38,15,,,,,
2014/02/28,22,24,11,,,,,
2014/02/28,23,15,6,,,,,
2014/02/28,24,14,6,,,,,
2014/03/01,01,14,6,,,,,
2014/03/01,02,14,6,,,,,
2014/03/01,03,14,6,,,,,
2014/03/01,04,14,6,,,,,
2014/03/01,05,14,6,,,,,
2014/03/01,06,14,6,,,,,
2014/03/01,07,15,6,,,,,
2014/03/01,08,18,6,,,,,
2014/03/01,09,72,34,,,,,
2014/03/01,10,112,55,,,,,
2014/03/01,11,121,58,,,,,
2014/03/01,12,120,61,,,,,
2014/03/01,13,84,56,,,,,
2014/03/01,14,127,69,,,,,
2014/03/01,15,142,82,,,,,
2014/03/01,16,118,60,,,,,
2014/03/01,17,124,66,,,,,
2014/03/01,18,58,31,,,,,
2014/03/01,19,18,4,,,,,
2014/03/01,20,12,1,,,,,
2014/03/01,21,12,2,,,,,
2014/03/01,22,11,2,,,,,
2014/03/01,23,10,2,,,,,
2014/03/01,24,10,2,,,,,
2014/03/02,01,10,2,,,,,
2014/03/02,02,11,2,,,,,
2014/03/02,03,10,2,,,,,
2014/03/02,04,11,3,,,,,
2014/03/02,05,11,3,,,,,
2014/03/02,06,11,2,,,,,
2014/03/02,07,11,2,,,,,
2014/03/02,08,11,3,,,,,
2014/03/02,09,11,2,,,,,
2014/03/02,10,10,2,,,,,
2014/03/02,11,9,1,,,,,
2014/03/02,12,9,1,,,,,
2014/03/02,13,10,1,,,,,
2014/03/02,14,10,1,,,,,
2014/03/02,15,9,1,,,,,
2014/03/02,16,9,1,,,,,
2014/03/02,17,10,1,,,,,
2014/03/02,18,10,2,,,,,
2014/03/02,19,11,2,,,,,
2014/03/02,20,11,2,,,,,
2014/03/02,21,11,3,,,,,
2014/03/02,22,12,3,,,,,
2014/03/02,23,11,3,,,,,
2014/03/02,24,11,3,,,,,
2014/03/03,01,11,3,,,,,
2014/03/03,02,11,3,,,,,
2014/03/03,03,12,4,,,,,
2014/03/03,04,12,4,,,,,
2014/03/03,05,12,4,,,,,
2014/03/03,06,12,4,,,,,
2014/03/03,07,13,4,,,,,
2014/03/03,08,36,21,,,,,
2014/03/03,09,187,122,,,,,
2014/03/03,10,229,154,,,,,
2014/03/03,11,223,146,,,,,
2014/03/03,12,205,130,,,,,
2014/03/03,13,128,91,,,,,
2014/03/03,14,170,109,,,,,
2014/03/03,15,176,112,,,,,
2014/03/03,16,152,90,,,,,
2014/03/03,17,151,87,,,,,
2014/03/03,18,155,94,,,,,
2014/03/03,19,120,66,,,,,
2014/03/03,20,109,63,,,,,
2014/03/03,21,98,56,,,,,
2014/03/03,22,39,18,,,,,
2014/03/03,23,18,4,,,,,
2014/03/03,24,15,2,,,,,
2014/03/04,01,15,2,,,,,
2014/03/04,02,15,2,,,,,
2014/03/04,03,14,3,,,,,
2014/03/04,04,14,3,,,,,
2014/03/04,05,15,4,,,,,
2014/03/04,06,15,3,,,,,
2014/03/04,07,15,3,,,,,
2014/03/04,08,35,17,,,,,
2014/03/04,09,177,114,,,,,
2014/03/04,10,209,133,,,,,
2014/03/04,11,200,124,,,,,
2014/03/04,12,195,118,,,,,
2014/03/04,13,130,90,,,,,
2014/03/04,14,162,97,,,,,
2014/03/04,15,144,79,,,,,
2014/03/04,16,121,62,,,,,
2014/03/04,17,126,64,,,,,
2014/03/04,18,132,70,,,,,
2014/03/04,19,131,73,,,,,
2014/03/04,20,129,76,,,,,
2014/03/04,21,109,62,,,,,
2014/03/04,22,108,70,,,,,
2014/03/04,23,100,65,,,,,
2014/03/04,24,31,15,,,,,
2014/03/05,01,19,4,,,,,
2014/03/05,02,20,5,,,,,
2014/03/05,03,13,1,,,,,
2014/03/05,04,12,1,,,,,
2014/03/05,05,11,1,,,,,
2014/03/05,06,12,1,,,,,
2014/03/05,07,13,2,,,,,
2014/03/05,08,43,19,,,,,
2014/03/05,09,145,78,,,,,
2014/03/05,10,164,97,,,,,
2014/03/05,11,171,104,,,,,
2014/03/05,12,179,112,,,,,
2014/03/05,13,134,95,,,,,
2014/03/05,14,170,109,,,,,
2014/03/05,15,159,95,,,,,
2014/03/05,16,143,80,,,,,
2014/03/05,17,137,70,,,,,
2014/03/05,18,130,67,,,,,
2014/03/05,19,115,59,,,,,
2014/03/05,20,99,49,,,,,
2014/03/05,21,104,59,,,,,
2014/03/05,22,87,55,,,,,
2014/03/05,23,75,45,,,,,
2014/03/05,24,33,13,,,,,
2014/03/06,01,30,13,,,,,
2014/03/06,02,12,1,,,,,
2014/03/06,03,11,1,,,,,
2014/03/06,04,11,1,,,,,
2014/03/06,05,12,2,,,,,
2014/03/06,06,12,2,,,,,
2014/03/06,07,14,4,,,,,
2014/03/06,08,37,17,,,,,
2014/03/06,09,126,73,,,,,
2014/03/06,10,171,108,,,,,
2014/03/06,11,179,104,,,,,
2014/03/06,12,175,101,,,,,
2014/03/06,13,119,83,,,,,
2014/03/06,14,165,100,,,,,
2014/03/06,15,157,94,,,,,
2014/03/06,16,149,92,,,,,
2014/03/06,17,153,92,,,,,
2014/03/06,18,148,89,,,,,
2014/03/06,19,148,95,,,,,
2014/03/06,20,136,87,,,,,
2014/03/06,21,119,78,,,,,
2014/03/06,22,113,79,,,,,
2014/03/06,23,105,75,,,,,
2014/03/06,24,106,82,,,,,
2014/03/07,01,48,33,,,,,
2014/03/07,02,53,39,,,,,
2014/03/07,03,49,35,,,,,
2014/03/07,04,42,29,,,,,
2014/03/07,05,30,21,,,,,
2014/03/07,06,30,21,,,,,
2014/03/07,07,30,21,,,,,
2014/03/07,08,42,27,,,,,
2014/03/07,09,172,110,,,,,
2014/03/07,10,190,128,,,,,
2014/03/07,11,184,122,,,,,
2014/03/07,12,174,114,,,,,
2014/03/07,13,126,90,,,,,
2014/03/07,14,156,95,,,,,
2014/03/07,15,165,105,,,,,
2014/03/07,16,161,106,,,,,
2014/03/07,17,159,100,,,,,
2014/03/07,18,149,92,,,,,
2014/03/07,19,123,75,,,,,
2014/03/07,20,111,63,,,,,
2014/03/07,21,112,62,,,,,
2014/03/07,22,71,40,,,,,
2014/03/07,23,17,6,,,,,
2014/03/07,24,10,1,,,,,
2014/03/08,01,10,1,,,,,
2014/03/08,02,10,1,,,,,
2014/03/08,03,10,1,,,,,
2014/03/08,04,11,2,,,,,
2014/03/08,05,11,2,,,,,
2014/03/08,06,11,2,,,,,
2014/03/08,07,12,3,,,,,
2014/03/08,08,17,5,,,,,
2014/03/08,09,139,86,,,,,
2014/03/08,10,192,129,,,,,
2014/03/08,11,187,126,,,,,
2014/03/08,12,175,118,,,,,
2014/03/08,13,127,94,,,,,
2014/03/08,14,152,92,,,,,
2014/03/08,15,156,99,,,,,
2014/03/08,16,151,98,,,,,
2014/03/08,17,149,92,,,,,
2014/03/08,18,121,73,,,,,
2014/03/08,19,28,8,,,,,
2014/03/08,20,21,8,,,,,
2014/03/08,21,16,5,,,,,
2014/03/08,22,11,1,,,,,
2014/03/08,23,11,2,,,,,
2014/03/08,24,11,2,,,,,
2014/03/09,01,11,2,,,,,
2014/03/09,02,11,2,,,,,
2014/03/09,03,11,2,,,,,
2014/03/09,04,11,2,,,,,
2014/03/09,05,12,3,,,,,
2014/03/09,06,11,3,,,,,
2014/03/09,07,12,3,,,,,
2014/03/09,08,12,3,,,,,
2014/03/09,09,11,3,,,,,
2014/03/09,10,11,2,,,,,
2014/03/09,11,11,2,,,,,
2014/03/09,12,10,1,,,,,
2014/03/09,13,11,1,,,,,
2014/03/09,14,11,1,,,,,
2014/03/09,15,11,1,,,,,
2014/03/09,16,11,1,,,,,
2014/03/09,17,12,2,,,,,
2014/03/09,18,12,2,,,,,
2014/03/09,19,12,2,,,,,
2014/03/09,20,13,3,,,,,
2014/03/09,21,14,2,,,,,
2014/03/09,22,14,3,,,,,
2014/03/09,23,14,3,,,,,
2014/03/09,24,13,3,,,,,
2014/03/10,01,13,3,,,,,
2014/03/10,02,13,3,,,,,
2014/03/10,03,14,3,,,,,
2014/03/10,04,13,3,,,,,
2014/03/10,05,14,3,,,,,
2014/03/10,06,14,3,,,,,
2014/03/10,07,13,3,,,,,
2014/03/10,08,59,37,,,,,
2014/03/10,09,201,136,,,,,
2014/03/10,10,234,157,,,,,
2014/03/10,11,241,163,,,,,
2014/03/10,12,234,156,,,,,
2014/03/10,13,172,132,,,,,
2014/03/10,14,226,150,,,,,
2014/03/10,15,238,159,,,,,
2014/03/10,16,215,141,,,,,
2014/03/10,17,219,144,,,,,
2014/03/10,18,209,139,,,,,
2014/03/10,19,211,141,,,,,
2014/03/10,20,168,113,,,,,
2014/03/10,21,147,97,,,,,
2014/03/10,22,123,76,,,,,
2014/03/10,23,102,60,,,,,
2014/03/10,24,26,9,,,,,
2014/03/11,01,12,1,,,,,
2014/03/11,02,12,2,,,,,
2014/03/11,03,13,3,,,,,
2014/03/11,04,14,3,,,,,
2014/03/11,05,14,3,,,,,
2014/03/11,06,14,3,,,,,
2014/03/11,07,15,4,,,,,
2014/03/11,08,39,21,,,,,
2014/03/11,09,170,112,,,,,
2014/03/11,10,207,133,,,,,
2014/03/11,11,210,134,,,,,
2014/03/11,12,201,124,,,,,
2014/03/11,13,148,108,,,,,
2014/03/11,14,170,97,,,,,
2014/03/11,15,152,76,,,,,
2014/03/11,16,143,70,,,,,
2014/03/11,17,158,81,,,,,
2014/03/11,18,158,95,,,,,
2014/03/11,19,161,87,,,,,
2014/03/11,20,149,81,,,,,
2014/03/11,21,133,80,,,,,
2014/03/11,22,132,79,,,,,
2014/03/11,23,117,67,,,,,
2014/03/11,24,109,71,,,,,
2014/03/12,01,42,22,,,,,
2014/03/12,02,30,16,,,,,
2014/03/12,03,18,5,,,,,
2014/03/12,04,11,1,,,,,
2014/03/12,05,12,2,,,,,
2014/03/12,06,12,2,,,,,
2014/03/12,07,13,2,,,,,
2014/03/12,08,52,21,,,,,
2014/03/12,09,146,80,,,,,
2014/03/12,10,162,89,,,,,
2014/03/12,11,166,92,,,,,
2014/03/12,12,149,74,,,,,
2014/03/12,13,103,69,,,,,
2014/03/12,14,115,57,,,,,
2014/03/12,15,114,54,,,,,
2014/03/12,16,104,48,,,,,
2014/03/12,17,118,59,,,,,
2014/03/12,18,108,51,,,,,
2014/03/12,19,120,60,,,,,
2014/03/12,20,104,49,,,,,
2014/03/12,21,92,41,,,,,
2014/03/12,22,87,35,,,,,
2014/03/12,23,83,32,,,,,
2014/03/12,24,76,28,,,,,
2014/03/13,01,64,19,,,,,
2014/03/13,02,46,15,,,,,
2014/03/13,03,17,4,,,,,
2014/03/13,04,11,1,,,,,
2014/03/13,05,11,1,,,,,
2014/03/13,06,11,1,,,,,
2014/03/13,07,12,1,,,,,
2014/03/13,08,31,10,,,,,
2014/03/13,09,102,50,,,,,
2014/03/13,10,118,53,,,,,
2014/03/13,11,137,62,,,,,
2014/03/13,12,150,77,,,,,
2014/03/13,13,109,71,,,,,
2014/03/13,14,143,69,,,,,
2014/03/13,15,150,75,,,,,
2014/03/13,16,138,66,,,,,
2014/03/13,17,134,68,,,,,
2014/03/13,18,130,71,,,,,
2014/03/13,19,122,62,,,,,
2014/03/13,20,116,60,,,,,
2014/03/13,21,112,60,,,,,
2014/03/13,22,115,69,,,,,
2014/03/13,23,103,55,,,,,
2014/03/13,24,81,44,,,,,
2014/03/14,01,27,9,,,,,
2014/03/14,02,24,8,,,,,
2014/03/14,03,22,6,,,,,
2014/03/14,04,18,4,,,,,
2014/03/14,05,12,1,,,,,
2014/03/14,06,12,1,,,,,
2014/03/14,07,12,1,,,,,
2014/03/14,08,40,20,,,,,
2014/03/14,09,140,89,,,,,
2014/03/14,10,196,126,,,,,
2014/03/14,11,198,121,,,,,
2014/03/14,12,178,104,,,,,
2014/03/14,13,132,90,,,,,
2014/03/14,14,162,86,,,,,
2014/03/14,15,173,96,,,,,
2014/03/14,16,144,81,,,,,
2014/03/14,17,156,92,,,,,
2014/03/14,18,151,91,,,,,
2014/03/14,19,145,89,,,,,
2014/03/14,20,129,82,,,,,
2014/03/14,21,120,75,,,,,
2014/03/14,22,127,88,,,,,
2014/03/14,23,106,77,,,,,
2014/03/14,24,96,69,,,,,
2014/03/15,01,54,35,,,,,
2014/03/15,02,12,1,,,,,
2014/03/15,03,11,1,,,,,
2014/03/15,04,11,1,,,,,
2014/03/15,05,11,1,,,,,
2014/03/15,06,11,1,,,,,
2014/03/15,07,12,2,,,,,
2014/03/15,08,17,3,,,,,
2014/03/15,09,127,70,,,,,
2014/03/15,10,155,91,,,,,
2014/03/15,11,159,95,,,,,
2014/03/15,12,166,97,,,,,
2014/03/15,13,111,74,,,,,
2014/03/15,14,120,68,,,,,
2014/03/15,15,121,66,,,,,
2014/03/15,16,123,72,,,,,
2014/03/15,17,126,71,,,,,
2014/03/15,18,111,61,,,,,
2014/03/15,19,75,41,,,,,
2014/03/15,20,41,23,,,,,
2014/03/15,21,31,18,,,,,
2014/03/15,22,14,4,,,,,
2014/03/15,23,12,3,,,,,
2014/03/15,24,12,3,,,,,
2014/03/16,01,13,4,,,,,
2014/03/16,02,12,3,,,,,
2014/03/16,03,12,4,,,,,
2014/03/16,04,13,4,,,,,
2014/03/16,05,12,4,,,,,
2014/03/16,06,13,4,,,,,
2014/03/16,07,12,3,,,,,
2014/03/16,08,12,4,,,,,
2014/03/16,09,13,4,,,,,
2014/03/16,10,14,4,,,,,
2014/03/16,11,15,3,,,,,
2014/03/16,12,14,3,,,,,
2014/03/16,13,13,3,,,,,
2014/03/16,14,12,3,,,,,
2014/03/16,15,12,3,,,,,
2014/03/16,16,12,3,,,,,
2014/03/16,17,12,3,,,,,
2014/03/16,18,13,3,,,,,
2014/03/16,19,13,3,,,,,
2014/03/16,20,14,4,,,,,
2014/03/16,21,14,4,,,,,
2014/03/16,22,15,5,,,,,
2014/03/16,23,14,5,,,,,
2014/03/16,24,15,5,,,,,
2014/03/17,01,15,6,,,,,
2014/03/17,02,16,7,,,,,
2014/03/17,03,15,6,,,,,
2014/03/17,04,16,6,,,,,
2014/03/17,05,16,7,,,,,
2014/03/17,06,16,7,,,,,
2014/03/17,07,16,7,,,,,
2014/03/17,08,53,30,,,,,
2014/03/17,09,178,115,,,,,
2014/03/17,10,222,148,,,,,
2014/03/17,11,210,140,,,,,
2014/03/17,12,192,118,,,,,
2014/03/17,13,139,100,,,,,
2014/03/17,14,158,98,,,,,
2014/03/17,15,148,86,,,,,
2014/03/17,16,132,76,,,,,
2014/03/17,17,115,56,,,,,
2014/03/17,18,97,40,,,,,
2014/03/17,19,94,39,,,,,
2014/03/17,20,73,31,,,,,
2014/03/17,21,65,28,,,,,
2014/03/17,22,65,33,,,,,
2014/03/17,23,63,36,,,,,
2014/03/17,24,20,4,,,,,
2014/03/18,01,10,1,,,,,
2014/03/18,02,10,1,,,,,
2014/03/18,03,10,1,,,,,
2014/03/18,04,10,1,,,,,
2014/03/18,05,10,1,,,,,
2014/03/18,06,10,1,,,,,
2014/03/18,07,10,1,,,,,
2014/03/18,08,30,12,,,,,
2014/03/18,09,116,59,,,,,
2014/03/18,10,154,93,,,,,
2014/03/18,11,139,80,,,,,
2014/03/18,12,141,79,,,,,
2014/03/18,13,108,68,,,,,
2014/03/18,14,122,60,,,,,
2014/03/18,15,132,69,,,,,
2014/03/18,16,123,66,,,,,
2014/03/18,17,126,66,,,,,
2014/03/18,18,115,55,,,,,
2014/03/18,19,112,51,,,,,
2014/03/18,20,100,45,,,,,
2014/03/18,21,95,46,,,,,
2014/03/18,22,76,35,,,,,
2014/03/18,23,67,33,,,,,
2014/03/18,24,33,13,,,,,
2014/03/19,01,17,3,,,,,
2014/03/19,02,11,1,,,,,
2014/03/19,03,11,1,,,,,
2014/03/19,04,11,1,,,,,
2014/03/19,05,12,1,,,,,
2014/03/19,06,11,1,,,,,
2014/03/19,07,12,1,,,,,
2014/03/19,08,21,5,,,,,
2014/03/19,09,107,53,,,,,
2014/03/19,10,121,58,,,,,
2014/03/19,11,119,57,,,,,
2014/03/19,12,113,50,,,,,
2014/03/19,13,80,42,,,,,
2014/03/19,14,111,53,,,,,
2014/03/19,15,125,66,,,,,
2014/03/19,16,115,58,,,,,
2014/03/19,17,120,62,,,,,
2014/03/19,18,120,61,,,,,
2014/03/19,19,124,65,,,,,
2014/03/19,20,112,56,,,,,
2014/03/19,21,102,53,,,,,
2014/03/19,22,86,47,,,,,
2014/03/19,23,89,54,,,,,
2014/03/19,24,43,23,,,,,
2014/03/20,01,26,10,,,,,
2014/03/20,02,30,15,,,,,
2014/03/20,03,16,2,,,,,
2014/03/20,04,11,1,,,,,
2014/03/20,05,11,1,,,,,
2014/03/20,06,11,1,,,,,
2014/03/20,07,11,1,,,,,
2014/03/20,08,27,11,,,,,
2014/03/20,09,131,72,,,,,
2014/03/20,10,154,92,,,,,
2014/03/20,11,161,99,,,,,
2014/03/20,12,167,103,,,,,
2014/03/20,13,115,76,,,,,
2014/03/20,14,131,66,,,,,
2014/03/20,15,144,77,,,,,
2014/03/20,16,130,69,,,,,
2014/03/20,17,126,63,,,,,
2014/03/20,18,116,57,,,,,
2014/03/20,19,112,53,,,,,
2014/03/20,20,94,37,,,,,
2014/03/20,21,107,45,,,,,
2014/03/20,22,95,46,,,,,
2014/03/20,23,85,44,,,,,
2014/03/20,24,38,20,,,,,
2014/03/21,01,26,10,,,,,
2014/03/21,02,30,15,,,,,
2014/03/21,03,24,9,,,,,
2014/03/21,04,15,2,,,,,
2014/03/21,05,10,1,,,,,
2014/03/21,06,10,1,,,,,
2014/03/21,07,11,1,,,,,
2014/03/21,08,23,8,,,,,
2014/03/21,09,111,64,,,,,
2014/03/21,10,147,87,,,,,
2014/03/21,11,153,88,,,,,
2014/03/21,12,154,89,,,,,
2014/03/21,13,108,73,,,,,
2014/03/21,14,141,75,,,,,
2014/03/21,15,143,75,,,,,
2014/03/21,16,135,70,,,,,
2014/03/21,17,137,71,,,,,
2014/03/21,18,120,65,,,,,
2014/03/21,19,116,67,,,,,
2014/03/21,20,108,61,,,,,
2014/03/21,21,111,62,,,,,
2014/03/21,22,106,70,,,,,
2014/03/21,23,77,54,,,,,
2014/03/21,24,42,27,,,,,
2014/03/22,01,28,13,,,,,
2014/03/22,02,33,19,,,,,
2014/03/22,03,19,5,,,,,
2014/03/22,04,12,2,,,,,
2014/03/22,05,12,2,,,,,
2014/03/22,06,12,2,,,,,
2014/03/22,07,12,2,,,,,
2014/03/22,08,27,12,,,,,
2014/03/22,09,124,69,,,,,
2014/03/22,10,143,80,,,,,
2014/03/22,11,144,80,,,,,
2014/03/22,12,139,74,,,,,
2014/03/22,13,101,65,,,,,
2014/03/22,14,124,63,,,,,
2014/03/22,15,125,66,,,,,
2014/03/22,16,117,61,,,,,
2014/03/22,17,125,65,,,,,
2014/03/22,18,120,63,,,,,
2014/03/22,19,60,30,,,,,
2014/03/22,20,30,9,,,,,
2014/03/22,21,23,6,,,,,
2014/03/22,22,23,7,,,,,
2014/03/22,23,21,7,,,,,
2014/03/22,24,21,7,,,,,
2014/03/23,01,17,5,,,,,
2014/03/23,02,11,1,,,,,
2014/03/23,03,12,1,,,,,
2014/03/23,04,11,1,,,,,
2014/03/23,05,12,1,,,,,
2014/03/23,06,12,1,,,,,
2014/03/23,07,12,1,,,,,
2014/03/23,08,11,1,,,,,
2014/03/23,09,16,3,,,,,
2014/03/23,10,46,25,,,,,
2014/03/23,11,49,28,,,,,
2014/03/23,12,50,28,,,,,
2014/03/23,13,41,24,,,,,
2014/03/23,14,43,23,,,,,
2014/03/23,15,38,18,,,,,
2014/03/23,16,37,18,,,,,
2014/03/23,17,41,22,,,,,
2014/03/23,18,12,1,,,,,
2014/03/23,19,12,1,,,,,
2014/03/23,20,13,1,,,,,
2014/03/23,21,13,1,,,,,
2014/03/23,22,13,1,,,,,
2014/03/23,23,13,1,,,,,
2014/03/23,24,12,1,,,,,
2014/03/24,01,12,1,,,,,
2014/03/24,02,12,1,,,,,
2014/03/24,03,12,1,,,,,
2014/03/24,04,12,1,,,,,
2014/03/24,05,13,1,,,,,
2014/03/24,06,12,1,,,,,
2014/03/24,07,13,1,,,,,
2014/03/24,08,31,12,,,,,
2014/03/24,09,170,108,,,,,
2014/03/24,10,194,120,,,,,
2014/03/24,11,190,112,,,,,
2014/03/24,12,152,75,,,,,
2014/03/24,13,106,58,,,,,
2014/03/24,14,116,53,,,,,
2014/03/24,15,119,56,,,,,
2014/03/24,16,107,49,,,,,
2014/03/24,17,113,51,,,,,
2014/03/24,18,100,41,,,,,
2014/03/24,19,89,32,,,,,
2014/03/24,20,90,40,,,,,
2014/03/24,21,88,42,,,,,
2014/03/24,22,82,42,,,,,
2014/03/24,23,74,38,,,,,
2014/03/24,24,65,35,,,,,
2014/03/25,01,24,8,,,,,
2014/03/25,02,21,6,,,,,
2014/03/25,03,26,11,,,,,
2014/03/25,04,12,1,,,,,
2014/03/25,05,11,1,,,,,
2014/03/25,06,11,1,,,,,
2014/03/25,07,11,1,,,,,
2014/03/25,08,23,7,,,,,
2014/03/25,09,89,35,,,,,
2014/03/25,10,112,50,,,,,
2014/03/25,11,118,56,,,,,
2014/03/25,12,111,49,,,,,
2014/03/25,13,76,38,,,,,
2014/03/25,14,101,40,,,,,
2014/03/25,15,119,59,,,,,
2014/03/25,16,105,47,,,,,
2014/03/25,17,106,47,,,,,
2014/03/25,18,107,48,,,,,
2014/03/25,19,96,36,,,,,
2014/03/25,20,87,34,,,,,
2014/03/25,21,81,33,,,,,
2014/03/25,22,68,27,,,,,
2014/03/25,23,73,34,,,,,
2014/03/25,24,38,18,,,,,
2014/03/26,01,19,3,,,,,
2014/03/26,02,17,1,,,,,
2014/03/26,03,12,1,,,,,
2014/03/26,04,11,1,,,,,
2014/03/26,05,11,1,,,,,
2014/03/26,06,11,1,,,,,
2014/03/26,07,12,1,,,,,
2014/03/26,08,24,5,,,,,
2014/03/26,09,89,38,,,,,
2014/03/26,10,110,51,,,,,
2014/03/26,11,113,52,,,,,
2014/03/26,12,101,41,,,,,
2014/03/26,13,70,33,,,,,
2014/03/26,14,116,59,,,,,
2014/03/26,15,121,61,,,,,
2014/03/26,16,109,51,,,,,
2014/03/26,17,114,55,,,,,
2014/03/26,18,112,54,,,,,
2014/03/26,19,110,49,,,,,
2014/03/26,20,93,39,,,,,
2014/03/26,21,81,31,,,,,
2014/03/26,22,76,34,,,,,
2014/03/26,23,72,34,,,,,
2014/03/26,24,37,15,,,,,
2014/03/27,01,26,6,,,,,
2014/03/27,02,21,4,,,,,
2014/03/27,03,13,1,,,,,
2014/03/27,04,12,1,,,,,
2014/03/27,05,12,1,,,,,
2014/03/27,06,12,1,,,,,
2014/03/27,07,13,1,,,,,
2014/03/27,08,28,7,,,,,
2014/03/27,09,86,35,,,,,
2014/03/27,10,103,45,,,,,
2014/03/27,11,102,43,,,,,
2014/03/27,12,110,49,,,,,
2014/03/27,13,76,41,,,,,
2014/03/27,14,95,37,,,,,
2014/03/27,15,101,42,,,,,
2014/03/27,16,98,41,,,,,
2014/03/27,17,99,40,,,,,
2014/03/27,18,105,45,,,,,
2014/03/27,19,92,33,,,,,
2014/03/27,20,81,28,,,,,
2014/03/27,21,75,25,,,,,
2014/03/27,22,67,24,,,,,
2014/03/27,23,62,22,,,,,
2014/03/27,24,58,23,,,,,
2014/03/28,01,38,16,,,,,
2014/03/28,02,39,20,,,,,
2014/03/28,03,12,1,,,,,
2014/03/28,04,10,1,,,,,
2014/03/28,05,10,1,,,,,
2014/03/28,06,10,1,,,,,
2014/03/28,07,10,1,,,,,
2014/03/28,08,18,3,,,,,
2014/03/28,09,74,33,,,,,
2014/03/28,10,101,46,,,,,
2014/03/28,11,101,42,,,,,
2014/03/28,12,100,38,,,,,
2014/03/28,13,52,20,,,,,
2014/03/28,14,91,32,,,,,
2014/03/28,15,99,40,,,,,
2014/03/28,16,92,37,,,,,
2014/03/28,17,97,37,,,,,
2014/03/28,18,97,40,,,,,
2014/03/28,19,97,40,,,,,
2014/03/28,20,73,21,,,,,
2014/03/28,21,94,45,,,,,
2014/03/28,22,82,41,,,,,
2014/03/28,23,71,35,,,,,
2014/03/28,24,59,30,,,,,
2014/03/29,01,26,8,,,,,
2014/03/29,02,21,6,,,,,
2014/03/29,03,11,0,,,,,
2014/03/29,04,9,0,,,,,
2014/03/29,05,9,0,,,,,
2014/03/29,06,9,0,,,,,
2014/03/29,07,10,0,,,,,
2014/03/29,08,25,5,,,,,
2014/03/29,09,76,29,,,,,
2014/03/29,10,96,38,,,,,
2014/03/29,11,98,41,,,,,
2014/03/29,12,101,44,,,,,
2014/03/29,13,66,31,,,,,
2014/03/29,14,91,34,,,,,
2014/03/29,15,108,50,,,,,
2014/03/29,16,100,46,,,,,
2014/03/29,17,107,49,,,,,
2014/03/29,18,92,39,,,,,
2014/03/29,19,51,23,,,,,
2014/03/29,20,38,14,,,,,
2014/03/29,21,20,0,,,,,
2014/03/29,22,18,0,,,,,
2014/03/29,23,17,0,,,,,
2014/03/29,24,10,0,,,,,
2014/03/30,01,9,0,,,,,
2014/03/30,02,9,0,,,,,
2014/03/30,03,9,0,,,,,
2014/03/30,04,9,0,,,,,
2014/03/30,05,9,0,,,,,
2014/03/30,06,9,0,,,,,
2014/03/30,07,10,0,,,,,
2014/03/30,08,11,0,,,,,
2014/03/30,09,36,6,,,,,
2014/03/30,10,82,35,,,,,
2014/03/30,11,84,35,,,,,
2014/03/30,12,86,38,,,,,
2014/03/30,13,55,19,,,,,
2014/03/30,14,60,23,,,,,
2014/03/30,15,64,27,,,,,
2014/03/30,16,64,27,,,,,
2014/03/30,17,66,29,,,,,
2014/03/30,18,18,2,,,,,
2014/03/30,19,10,0,,,,,
2014/03/30,20,10,0,,,,,
2014/03/30,21,10,0,,,,,
2014/03/30,22,10,0,,,,,
2014/03/30,23,10,0,,,,,
2014/03/30,24,10,0,,,,,
2014/03/31,01,9,0,,,,,
2014/03/31,02,9,0,,,,,
2014/03/31,03,9,0,,,,,
2014/03/31,04,9,0,,,,,
2014/03/31,05,9,0,,,,,
2014/03/31,06,9,0,,,,,
2014/03/31,07,10,0,,,,,
2014/03/31,08,25,10,,,,,
2014/03/31,09,85,38,,,,,
2014/03/31,10,95,35,,,,,
2014/03/31,11,103,42,,,,,
2014/03/31,12,114,55,,,,,
2014/03/31,13,72,40,,,,,
2014/03/31,14,103,44,,,,,
2014/03/31,15,118,57,,,,,
2014/03/31,16,104,45,,,,,
2014/03/31,17,109,48,,,,,
2014/03/31,18,93,35,,,,,
2014/03/31,19,100,43,,,,,
2014/03/31,20,87,38,,,,,
2014/03/31,21,92,45,,,,,
2014/03/31,22,89,47,,,,,
2014/03/31,23,71,35,,,,,
2014/03/31,24,39,17,,,,,
2014/04/01,01,33,13,,,,,
2014/04/01,02,24,7,,,,,
2014/04/01,03,12,0,,,,,
2014/04/01,04,10,0,,,,,
2014/04/01,05,10,0,,,,,
2014/04/01,06,10,0,,,,,
2014/04/01,07,11,0,,,,,
2014/04/01,08,16,0,,,,,
2014/04/01,09,96,45,,,,,
2014/04/01,10,125,63,,,,,
2014/04/01,11,127,65,,,,,
2014/04/01,12,123,61,,,,,
2014/04/01,13,86,49,,,,,
2014/04/01,14,91,36,,,,,
2014/04/01,15,108,48,,,,,
2014/04/01,16,107,48,,,,,
2014/04/01,17,117,53,,,,,
2014/04/01,18,114,52,,,,,
2014/04/01,19,101,42,,,,,
2014/04/01,20,92,37,,,,,
2014/04/01,21,84,32,,,,,
2014/04/01,22,82,39,,,,,
2014/04/01,23,77,37,,,,,
2014/04/01,24,44,20,,,,,
2014/04/02,01,32,13,,,,,
2014/04/02,02,31,14,,,,,
2014/04/02,03,12,0,,,,,
2014/04/02,04,11,0,,,,,
2014/04/02,05,11,0,,,,,
2014/04/02,06,11,0,,,,,
2014/04/02,07,11,0,,,,,
2014/04/02,08,18,0,,,,,
2014/04/02,09,83,32,,,,,
2014/04/02,10,113,51,,,,,
2014/04/02,11,130,66,,,,,
2014/04/02,12,114,52,,,,,
2014/04/02,13,68,34,,,,,
2014/04/02,14,93,34,,,,,
2014/04/02,15,103,44,,,,,
2014/04/02,16,101,43,,,,,
2014/04/02,17,111,51,,,,,
2014/04/02,18,107,46,,,,,
2014/04/02,19,106,48,,,,,
2014/04/02,20,89,34,,,,,
2014/04/02,21,88,38,,,,,
2014/04/02,22,77,34,,,,,
2014/04/02,23,76,37,,,,,
2014/04/02,24,62,26,,,,,
2014/04/03,01,32,11,,,,,
2014/04/03,02,30,10,,,,,
2014/04/03,03,17,3,,,,,
2014/04/03,04,11,0,,,,,
2014/04/03,05,11,0,,,,,
2014/04/03,06,12,0,,,,,
2014/04/03,07,12,0,,,,,
2014/04/03,08,15,0,,,,,
2014/04/03,09,77,26,,,,,
2014/04/03,10,101,42,,,,,
2014/04/03,11,101,42,,,,,
2014/04/03,12,108,49,,,,,
2014/04/03,13,71,38,,,,,
2014/04/03,14,99,39,,,,,
2014/04/03,15,110,49,,,,,
2014/04/03,16,106,50,,,,,
2014/04/03,17,110,50,,,,,
2014/04/03,18,105,47,,,,,
2014/04/03,19,95,40,,,,,
2014/04/03,20,82,33,,,,,
2014/04/03,21,79,30,,,,,
2014/04/03,22,76,34,,,,,
2014/04/03,23,78,41,,,,,
2014/04/03,24,55,19,,,,,
2014/04/04,01,29,9,,,,,
2014/04/04,02,26,10,,,,,
2014/04/04,03,11,0,,,,,
2014/04/04,04,10,0,,,,,
2014/04/04,05,10,0,,,,,
2014/04/04,06,10,0,,,,,
2014/04/04,07,10,0,,,,,
2014/04/04,08,15,0,,,,,
2014/04/04,09,87,38,,,,,
2014/04/04,10,98,38,,,,,
2014/04/04,11,107,47,,,,,
2014/04/04,12,109,49,,,,,
2014/04/04,13,65,31,,,,,
2014/04/04,14,107,50,,,,,
2014/04/04,15,111,54,,,,,
2014/04/04,16,97,44,,,,,
2014/04/04,17,95,39,,,,,
2014/04/04,18,98,41,,,,,
2014/04/04,19,90,33,,,,,
2014/04/04,20,87,37,,,,,
2014/04/04,21,92,43,,,,,
2014/04/04,22,84,42,,,,,
2014/04/04,23,78,41,,,,,
2014/04/04,24,71,37,,,,,
2014/04/05,01,40,23,,,,,
2014/04/05,02,23,9,,,,,
2014/04/05,03,9,0,,,,,
2014/04/05,04,8,0,,,,,
2014/04/05,05,9,0,,,,,
2014/04/05,06,9,0,,,,,
2014/04/05,07,9,0,,,,,
2014/04/05,08,18,4,,,,,
2014/04/05,09,91,44,,,,,
2014/04/05,10,131,72,,,,,
2014/04/05,11,133,74,,,,,
2014/04/05,12,127,70,,,,,
2014/04/05,13,71,38,,,,,
2014/04/05,14,90,32,,,,,
2014/04/05,15,100,43,,,,,
2014/04/05,16,103,50,,,,,
2014/04/05,17,112,56,,,,,
2014/04/05,18,105,52,,,,,
2014/04/05,19,99,51,,,,,
2014/04/05,20,101,61,,,,,
2014/04/05,21,81,43,,,,,
2014/04/05,22,36,17,,,,,
2014/04/05,23,18,6,,,,,
2014/04/05,24,10,1,,,,,
2014/04/06,01,8,0,,,,,
2014/04/06,02,8,0,,,,,
2014/04/06,03,8,0,,,,,
2014/04/06,04,9,0,,,,,
2014/04/06,05,9,0,,,,,
2014/04/06,06,9,0,,,,,
2014/04/06,07,9,0,,,,,
2014/04/06,08,8,0,,,,,
2014/04/06,09,12,0,,,,,
2014/04/06,10,13,0,,,,,
2014/04/06,11,22,8,,,,,
2014/04/06,12,21,7,,,,,
2014/04/06,13,14,5,,,,,
2014/04/06,14,8,0,,,,,
2014/04/06,15,9,0,,,,,
2014/04/06,16,9,0,,,,,
2014/04/06,17,8,0,,,,,
2014/04/06,18,9,0,,,,,
2014/04/06,19,9,0,,,,,
2014/04/06,20,11,0,,,,,
2014/04/06,21,9,0,,,,,
2014/04/06,22,9,0,,,,,
2014/04/06,23,8,0,,,,,
2014/04/06,24,8,0,,,,,
2014/04/07,01,8,0,,,,,
2014/04/07,02,8,0,,,,,
2014/04/07,03,8,0,,,,,
2014/04/07,04,8,0,,,,,
2014/04/07,05,8,0,,,,,
2014/04/07,06,8,0,,,,,
2014/04/07,07,9,1,,,,,
2014/04/07,08,25,10,,,,,
2014/04/07,09,149,91,,,,,
2014/04/07,10,195,122,,,,,
2014/04/07,11,168,104,,,,,
2014/04/07,12,166,103,,,,,
2014/04/07,13,103,69,,,,,
2014/04/07,14,120,65,,,,,
2014/04/07,15,130,71,,,,,
2014/04/07,16,115,58,,,,,
2014/04/07,17,119,60,,,,,
2014/04/07,18,114,55,,,,,
2014/04/07,19,115,56,,,,,
2014/04/07,20,111,59,,,,,
2014/04/07,21,109,60,,,,,
2014/04/07,22,101,61,,,,,
2014/04/07,23,96,59,,,,,
2014/04/07,24,85,49,,,,,
2014/04/08,01,45,26,,,,,
2014/04/08,02,40,23,,,,,
2014/04/08,03,39,24,,,,,
2014/04/08,04,17,4,,,,,
2014/04/08,05,10,0,,,,,
2014/04/08,06,10,0,,,,,
2014/04/08,07,10,0,,,,,
2014/04/08,08,14,0,,,,,
2014/04/08,09,73,24,,,,,
2014/04/08,10,89,31,,,,,
2014/04/08,11,98,38,,,,,
2014/04/08,12,98,39,,,,,
2014/04/08,13,75,41,,,,,
2014/04/08,14,100,40,,,,,
2014/04/08,15,116,53,,,,,
2014/04/08,16,108,51,,,,,
2014/04/08,17,125,64,,,,,
2014/04/08,18,123,64,,,,,
2014/04/08,19,102,43,,,,,
2014/04/08,20,93,36,,,,,
2014/04/08,21,100,47,,,,,
2014/04/08,22,99,52,,,,,
2014/04/08,23,89,50,,,,,
2014/04/08,24,73,34,,,,,
2014/04/09,01,38,15,,,,,
2014/04/09,02,33,15,,,,,
2014/04/09,03,17,2,,,,,
2014/04/09,04,11,0,,,,,
2014/04/09,05,11,0,,,,,
2014/04/09,06,11,0,,,,,
2014/04/09,07,11,0,,,,,
2014/04/09,08,16,0,,,,,
2014/04/09,09,94,43,,,,,
2014/04/09,10,104,40,,,,,
2014/04/09,11,117,53,,,,,
2014/04/09,12,112,47,,,,,
2014/04/09,13,76,38,,,,,
2014/04/09,14,101,38,,,,,
2014/04/09,15,115,52,,,,,
2014/04/09,16,106,47,,,,,
2014/04/09,17,121,57,,,,,
2014/04/09,18,119,58,,,,,
2014/04/09,19,118,57,,,,,
2014/04/09,20,100,44,,,,,
2014/04/09,21,96,43,,,,,
2014/04/09,22,83,37,,,,,
2014/04/09,23,70,28,,,,,
2014/04/09,24,67,27,,,,,
2014/04/10,01,32,10,,,,,
2014/04/10,02,24,8,,,,,
2014/04/10,03,15,1,,,,,
2014/04/10,04,13,0,,,,,
2014/04/10,05,10,0,,,,,
2014/04/10,06,10,0,,,,,
2014/04/10,07,10,0,,,,,
2014/04/10,08,15,0,,,,,
2014/04/10,09,82,32,,,,,
2014/04/10,10,102,39,,,,,
2014/04/10,11,105,41,,,,,
2014/04/10,12,114,51,,,,,
2014/04/10,13,81,39,,,,,
2014/04/10,14,104,39,,,,,
2014/04/10,15,118,53,,,,,
2014/04/10,16,107,46,,,,,
2014/04/10,17,118,56,,,,,
2014/04/10,18,126,64,,,,,
2014/04/10,19,125,63,,,,,
2014/04/10,20,112,55,,,,,
2014/04/10,21,99,46,,,,,
2014/04/10,22,89,40,,,,,
2014/04/10,23,75,32,,,,,
2014/04/10,24,68,30,,,,,
2014/04/11,01,31,11,,,,,
2014/04/11,02,31,13,,,,,
2014/04/11,03,17,2,,,,,
2014/04/11,04,14,0,,,,,
2014/04/11,05,12,0,,,,,
2014/04/11,06,10,0,,,,,
2014/04/11,07,10,0,,,,,
2014/04/11,08,16,0,,,,,
2014/04/11,09,91,40,,,,,
2014/04/11,10,107,43,,,,,
2014/04/11,11,132,67,,,,,
2014/04/11,12,124,60,,,,,
2014/04/11,13,90,49,,,,,
2014/04/11,14,113,48,,,,,
2014/04/11,15,126,60,,,,,
2014/04/11,16,115,53,,,,,
2014/04/11,17,138,74,,,,,
2014/04/11,18,127,66,,,,,
2014/04/11,19,111,52,,,,,
2014/04/11,20,93,38,,,,,
2014/04/11,21,96,44,,,,,
2014/04/11,22,98,51,,,,,
2014/04/11,23,81,39,,,,,
2014/04/11,24,73,35,,,,,
2014/04/12,01,23,5,,,,,
2014/04/12,02,24,8,,,,,
2014/04/12,03,17,2,,,,,
2014/04/12,04,13,0,,,,,
2014/04/12,05,10,0,,,,,
2014/04/12,06,10,0,,,,,
2014/04/12,07,11,0,,,,,
2014/04/12,08,16,1,,,,,
2014/04/12,09,56,14,,,,,
2014/04/12,10,78,27,,,,,
2014/04/12,11,92,41,,,,,
2014/04/12,12,94,44,,,,,
2014/04/12,13,58,24,,,,,
2014/04/12,14,58,19,,,,,
2014/04/12,15,77,38,,,,,
2014/04/12,16,84,46,,,,,
2014/04/12,17,80,41,,,,,
2014/04/12,18,51,16,,,,,
2014/04/12,19,20,1,,,,,
2014/04/12,20,18,6,,,,,
2014/04/12,21,15,4,,,,,
2014/04/12,22,10,0,,,,,
2014/04/12,23,10,0,,,,,
2014/04/12,24,9,0,,,,,
2014/04/13,01,10,0,,,,,
2014/04/13,02,9,0,,,,,
2014/04/13,03,9,0,,,,,
2014/04/13,04,9,0,,,,,
2014/04/13,05,10,0,,,,,
2014/04/13,06,10,0,,,,,
2014/04/13,07,10,0,,,,,
2014/04/13,08,10,0,,,,,
2014/04/13,09,10,0,,,,,
2014/04/13,10,10,0,,,,,
2014/04/13,11,10,0,,,,,
2014/04/13,12,10,0,,,,,
2014/04/13,13,10,0,,,,,
2014/04/13,14,12,0,,,,,
2014/04/13,15,10,0,,,,,
2014/04/13,16,10,0,,,,,
2014/04/13,17,10,0,,,,,
2014/04/13,18,10,0,,,,,
2014/04/13,19,10,0,,,,,
2014/04/13,20,10,0,,,,,
2014/04/13,21,10,0,,,,,
2014/04/13,22,10,0,,,,,
2014/04/13,23,9,0,,,,,
2014/04/13,24,9,0,,,,,
2014/04/14,01,9,0,,,,,
2014/04/14,02,9,0,,,,,
2014/04/14,03,9,0,,,,,
2014/04/14,04,9,0,,,,,
2014/04/14,05,9,0,,,,,
2014/04/14,06,9,0,,,,,
2014/04/14,07,10,0,,,,,
2014/04/14,08,16,0,,,,,
2014/04/14,09,87,38,,,,,
2014/04/14,10,139,77,,,,,
2014/04/14,11,141,78,,,,,
2014/04/14,12,146,80,,,,,
2014/04/14,13,116,71,,,,,
2014/04/14,14,127,62,,,,,
2014/04/14,15,134,69,,,,,
2014/04/14,16,123,64,,,,,
2014/04/14,17,130,67,,,,,
2014/04/14,18,120,59,,,,,
2014/04/14,19,106,43,,,,,
2014/04/14,20,101,44,,,,,
2014/04/14,21,95,41,,,,,
2014/04/14,22,70,29,,,,,
2014/04/14,23,72,34,,,,,
2014/04/14,24,58,26,,,,,
2014/04/15,01,13,2,,,,,
2014/04/15,02,10,0,,,,,
2014/04/15,03,10,0,,,,,
2014/04/15,04,10,0,,,,,
2014/04/15,05,10,0,,,,,
2014/04/15,06,10,0,,,,,
2014/04/15,07,11,0,,,,,
2014/04/15,08,14,0,,,,,
2014/04/15,09,79,30,,,,,
2014/04/15,10,109,44,,,,,
2014/04/15,11,113,49,,,,,
2014/04/15,12,113,50,,,,,
2014/04/15,13,81,40,,,,,
2014/04/15,14,106,42,,,,,
2014/04/15,15,115,50,,,,,
2014/04/15,16,116,58,,,,,
2014/04/15,17,114,51,,,,,
2014/04/15,18,109,47,,,,,
2014/04/15,19,98,38,,,,,
2014/04/15,20,100,44,,,,,
2014/04/15,21,93,39,,,,,
2014/04/15,22,70,29,,,,,
2014/04/15,23,71,33,,,,,
2014/04/15,24,56,23,,,,,
2014/04/16,01,11,0,,,,,
2014/04/16,02,10,0,,,,,
2014/04/16,03,10,0,,,,,
2014/04/16,04,10,0,,,,,
2014/04/16,05,10,0,,,,,
2014/04/16,06,10,0,,,,,
2014/04/16,07,10,0,,,,,
2014/04/16,08,14,0,,,,,
2014/04/16,09,84,34,,,,,
2014/04/16,10,110,48,,,,,
2014/04/16,11,111,49,,,,,
2014/04/16,12,108,46,,,,,
2014/04/16,13,73,35,,,,,
2014/04/16,14,103,40,,,,,
2014/04/16,15,119,56,,,,,
2014/04/16,16,110,51,,,,,
2014/04/16,17,119,57,,,,,
2014/04/16,18,113,52,,,,,
2014/04/16,19,107,46,,,,,
2014/04/16,20,98,42,,,,,
2014/04/16,21,82,33,,,,,
2014/04/16,22,72,31,,,,,
2014/04/16,23,43,23,,,,,
2014/04/16,24,14,1,,,,,
2014/04/17,01,10,0,,,,,
2014/04/17,02,10,0,,,,,
2014/04/17,03,10,0,,,,,
2014/04/17,04,10,0,,,,,
2014/04/17,05,10,0,,,,,
2014/04/17,06,10,0,,,,,
2014/04/17,07,10,0,,,,,
2014/04/17,08,15,0,,,,,
2014/04/17,09,86,36,,,,,
2014/04/17,10,102,40,,,,,
2014/04/17,11,118,56,,,,,
2014/04/17,12,116,53,,,,,
2014/04/17,13,80,42,,,,,
2014/04/17,14,106,42,,,,,
2014/04/17,15,116,51,,,,,
2014/04/17,16,105,45,,,,,
2014/04/17,17,114,52,,,,,
2014/04/17,18,110,49,,,,,
2014/04/17,19,100,40,,,,,
2014/04/17,20,86,33,,,,,
2014/04/17,21,80,33,,,,,
2014/04/17,22,75,35,,,,,
2014/04/17,23,44,21,,,,,
2014/04/17,24,18,3,,,,,
2014/04/18,01,9,0,,,,,
2014/04/18,02,9,0,,,,,
2014/04/18,03,9,0,,,,,
2014/04/18,04,9,0,,,,,
2014/04/18,05,9,0,,,,,
2014/04/18,06,9,0,,,,,
2014/04/18,07,10,0,,,,,
2014/04/18,08,13,0,,,,,
2014/04/18,09,80,31,,,,,
2014/04/18,10,99,38,,,,,
2014/04/18,11,106,46,,,,,
2014/04/18,12,111,50,,,,,
2014/04/18,13,73,37,,,,,
2014/04/18,14,105,46,,,,,
2014/04/18,15,112,52,,,,,
2014/04/18,16,105,47,,,,,
2014/04/18,17,106,45,,,,,
2014/04/18,18,103,46,,,,,
2014/04/18,19,96,41,,,,,
2014/04/18,20,81,30,,,,,
2014/04/18,21,75,28,,,,,
2014/04/18,22,66,29,,,,,
2014/04/18,23,17,2,,,,,
2014/04/18,24,12,0,,,,,
2014/04/19,01,12,0,,,,,
2014/04/19,02,10,0,,,,,
2014/04/19,03,9,0,,,,,
2014/04/19,04,9,0,,,,,
2014/04/19,05,9,0,,,,,
2014/04/19,06,9,0,,,,,
2014/04/19,07,9,0,,,,,
2014/04/19,08,9,0,,,,,
2014/04/19,09,9,0,,,,,
2014/04/19,10,9,0,,,,,
2014/04/19,11,9,0,,,,,
2014/04/19,12,10,0,,,,,
2014/04/19,13,11,0,,,,,
2014/04/19,14,10,0,,,,,
2014/04/19,15,10,0,,,,,
2014/04/19,16,9,0,,,,,
2014/04/19,17,10,0,,,,,
2014/04/19,18,9,0,,,,,
2014/04/19,19,10,0,,,,,
2014/04/19,20,10,0,,,,,
2014/04/19,21,10,0,,,,,
2014/04/19,22,9,0,,,,,
2014/04/19,23,9,0,,,,,
2014/04/19,24,9,0,,,,,
2014/04/20,01,9,0,,,,,
2014/04/20,02,9,0,,,,,
2014/04/20,03,9,0,,,,,
2014/04/20,04,9,0,,,,,
2014/04/20,05,9,0,,,,,
2014/04/20,06,9,0,,,,,
2014/04/20,07,9,0,,,,,
2014/04/20,08,9,0,,,,,
2014/04/20,09,9,0,,,,,
2014/04/20,10,9,0,,,,,
2014/04/20,11,9,0,,,,,
2014/04/20,12,9,0,,,,,
2014/04/20,13,9,0,,,,,
2014/04/20,14,10,0,,,,,
2014/04/20,15,10,0,,,,,
2014/04/20,16,9,0,,,,,
2014/04/20,17,9,0,,,,,
2014/04/20,18,9,0,,,,,
2014/04/20,19,10,0,,,,,
2014/04/20,20,10,0,,,,,
2014/04/20,21,10,0,,,,,
2014/04/20,22,10,0,,,,,
2014/04/20,23,9,0,,,,,
2014/04/20,24,9,0,,,,,
2014/04/21,01,9,0,,,,,
2014/04/21,02,9,0,,,,,
2014/04/21,03,9,0,,,,,
2014/04/21,04,9,0,,,,,
2014/04/21,05,9,0,,,,,
2014/04/21,06,9,0,,,,,
2014/04/21,07,9,0,,,,,
2014/04/21,08,25,11,,,,,
2014/04/21,09,95,44,,,,,
2014/04/21,10,120,55,,,,,
2014/04/21,11,128,63,,,,,
2014/04/21,12,145,80,,,,,
2014/04/21,13,104,66,,,,,
2014/04/21,14,129,67,,,,,
2014/04/21,15,122,55,,,,,
2014/04/21,16,112,53,,,,,
2014/04/21,17,118,53,,,,,
2014/04/21,18,109,50,,,,,
2014/04/21,19,100,45,,,,,
2014/04/21,20,75,30,,,,,
2014/04/21,21,62,21,,,,,
2014/04/21,22,16,0,,,,,
2014/04/21,23,13,0,,,,,
2014/04/21,24,13,0,,,,,
2014/04/22,01,12,0,,,,,
2014/04/22,02,9,0,,,,,
2014/04/22,03,9,0,,,,,
2014/04/22,04,9,0,,,,,
2014/04/22,05,9,0,,,,,
2014/04/22,06,9,0,,,,,
2014/04/22,07,9,0,,,,,
2014/04/22,08,13,0,,,,,
2014/04/22,09,86,37,,,,,
2014/04/22,10,109,46,,,,,
2014/04/22,11,104,41,,,,,
2014/04/22,12,105,42,,,,,
2014/04/22,13,65,25,,,,,
2014/04/22,14,92,31,,,,,
2014/04/22,15,108,44,,,,,
2014/04/22,16,107,46,,,,,
2014/04/22,17,110,48,,,,,
2014/04/22,18,105,47,,,,,
2014/04/22,19,105,51,,,,,
2014/04/22,20,71,28,,,,,
2014/04/22,21,74,35,,,,,
2014/04/22,22,54,17,,,,,
2014/04/22,23,16,0,,,,,
2014/04/22,24,12,0,,,,,
2014/04/23,01,10,0,,,,,
2014/04/23,02,10,0,,,,,
2014/04/23,03,9,0,,,,,
2014/04/23,04,9,0,,,,,
2014/04/23,05,9,0,,,,,
2014/04/23,06,10,0,,,,,
2014/04/23,07,10,0,,,,,
2014/04/23,08,14,0,,,,,
2014/04/23,09,91,39,,,,,
2014/04/23,10,113,51,,,,,
2014/04/23,11,112,50,,,,,
2014/04/23,12,115,52,,,,,
2014/04/23,13,73,38,,,,,
2014/04/23,14,103,42,,,,,
2014/04/23,15,114,51,,,,,
2014/04/23,16,107,48,,,,,
2014/04/23,17,112,49,,,,,
2014/04/23,18,109,48,,,,,
2014/04/23,19,88,37,,,,,
2014/04/23,20,73,29,,,,,
2014/04/23,21,68,30,,,,,
2014/04/23,22,65,29,,,,,
2014/04/23,23,55,21,,,,,
2014/04/23,24,11,0,,,,,
2014/04/24,01,10,0,,,,,
2014/04/24,02,9,0,,,,,
2014/04/24,03,9,0,,,,,
2014/04/24,04,9,0,,,,,
2014/04/24,05,10,0,,,,,
2014/04/24,06,10,0,,,,,
2014/04/24,07,10,0,,,,,
2014/04/24,08,14,0,,,,,
2014/04/24,09,82,33,,,,,
2014/04/24,10,103,42,,,,,
2014/04/24,11,108,46,,,,,
2014/04/24,12,111,49,,,,,
2014/04/24,13,115,32,,,,,
2014/04/24,14,80,38,,,,,
2014/04/24,15,105,48,,,,,
2014/04/24,16,117,46,,,,,
2014/04/24,17,106,50,,,,,
2014/04/24,18,116,49,,,,,
2014/04/24,19,118,48,,,,,
2014/04/24,20,112,36,,,,,
2014/04/24,21,52,16,,,,,
2014/04/24,22,16,0,,,,,
2014/04/24,23,13,0,,,,,
2014/04/24,24,13,0,,,,,
2014/04/25,01,11,0,,,,,
2014/04/25,02,10,0,,,,,
2014/04/25,03,10,0,,,,,
2014/04/25,04,10,0,,,,,
2014/04/25,05,10,0,,,,,
2014/04/25,06,9,0,,,,,
2014/04/25,07,10,0,,,,,
2014/04/25,08,14,0,,,,,
2014/04/25,09,84,32,,,,,
2014/04/25,10,108,45,,,,,
2014/04/25,11,114,50,,,,,
2014/04/25,12,118,55,,,,,
2014/04/25,13,67,30,,,,,
2014/04/25,14,101,38,,,,,
2014/04/25,15,115,52,,,,,
2014/04/25,16,100,42,,,,,
2014/04/25,17,112,50,,,,,
2014/04/25,18,100,45,,,,,
2014/04/25,19,56,25,,,,,
2014/04/25,20,26,5,,,,,
2014/04/25,21,13,0,,,,,
2014/04/25,22,14,0,,,,,
2014/04/25,23,12,0,,,,,
2014/04/25,24,10,0,,,,,
2014/04/26,01,9,0,,,,,
2014/04/26,02,9,0,,,,,
2014/04/26,03,8,0,,,,,
2014/04/26,04,9,0,,,,,
2014/04/26,05,9,0,,,,,
2014/04/26,06,9,0,,,,,
2014/04/26,07,9,0,,,,,
2014/04/26,08,10,0,,,,,
2014/04/26,09,11,0,,,,,
2014/04/26,10,11,0,,,,,
2014/04/26,11,11,0,,,,,
2014/04/26,12,10,0,,,,,
2014/04/26,13,10,0,,,,,
2014/04/26,14,10,0,,,,,
2014/04/26,15,9,0,,,,,
2014/04/26,16,9,0,,,,,
2014/04/26,17,9,0,,,,,
2014/04/26,18,9,0,,,,,
2014/04/26,19,10,0,,,,,
2014/04/26,20,10,0,,,,,
2014/04/26,21,10,0,,,,,
2014/04/26,22,10,0,,,,,
2014/04/26,23,8,0,,,,,
2014/04/26,24,8,0,,,,,
2014/04/27,01,8,0,,,,,
2014/04/27,02,8,0,,,,,
2014/04/27,03,8,0,,,,,
2014/04/27,04,9,0,,,,,
2014/04/27,05,8,0,,,,,
2014/04/27,06,8,0,,,,,
2014/04/27,07,9,0,,,,,
2014/04/27,08,8,0,,,,,
2014/04/27,09,9,0,,,,,
2014/04/27,10,9,0,,,,,
2014/04/27,11,9,0,,,,,
2014/04/27,12,9,0,,,,,
2014/04/27,13,9,0,,,,,
2014/04/27,14,10,0,,,,,
2014/04/27,15,9,0,,,,,
2014/04/27,16,9,0,,,,,
2014/04/27,17,9,0,,,,,
2014/04/27,18,9,0,,,,,
2014/04/27,19,10,0,,,,,
2014/04/27,20,9,0,,,,,
2014/04/27,21,10,0,,,,,
2014/04/27,22,9,0,,,,,
2014/04/27,23,9,0,,,,,
2014/04/27,24,9,0,,,,,
2014/04/28,01,9,0,,,,,
2014/04/28,02,9,0,,,,,
2014/04/28,03,9,0,,,,,
2014/04/28,04,9,0,,,,,
2014/04/28,05,9,0,,,,,
2014/04/28,06,9,0,,,,,
2014/04/28,07,9,0,,,,,
2014/04/28,08,14,0,,,,,
2014/04/28,09,81,33,,,,,
2014/04/28,10,97,37,,,,,
2014/04/28,11,104,43,,,,,
2014/04/28,12,101,38,,,,,
2014/04/28,13,61,27,,,,,
2014/04/28,14,100,40,,,,,
2014/04/28,15,108,49,,,,,
2014/04/28,16,109,51,,,,,
2014/04/28,17,110,50,,,,,
2014/04/28,18,102,45,,,,,
2014/04/28,19,49,16,,,,,
2014/04/28,20,21,0,,,,,
2014/04/28,21,17,0,,,,,
2014/04/28,22,13,0,,,,,
2014/04/28,23,12,0,,,,,
2014/04/28,24,12,0,,,,,
2014/04/29,01,11,0,,,,,
2014/04/29,02,10,0,,,,,
2014/04/29,03,10,0,,,,,
2014/04/29,04,10,0,,,,,
2014/04/29,05,9,0,,,,,
2014/04/29,06,9,0,,,,,
2014/04/29,07,9,0,,,,,
2014/04/29,08,9,0,,,,,
2014/04/29,09,10,0,,,,,
2014/04/29,10,11,0,,,,,
2014/04/29,11,12,0,,,,,
2014/04/29,12,13,0,,,,,
2014/04/29,13,12,0,,,,,
2014/04/29,14,11,0,,,,,
2014/04/29,15,11,0,,,,,
2014/04/29,16,10,0,,,,,
2014/04/29,17,10,0,,,,,
2014/04/29,18,10,0,,,,,
2014/04/29,19,9,0,,,,,
2014/04/29,20,9,0,,,,,
2014/04/29,21,9,0,,,,,
2014/04/29,22,9,0,,,,,
2014/04/29,23,9,0,,,,,
2014/04/29,24,9,0,,,,,
2014/04/30,01,9,0,,,,,
2014/04/30,02,9,0,,,,,
2014/04/30,03,9,0,,,,,
2014/04/30,04,9,0,,,,,
2014/04/30,05,9,0,,,,,
2014/04/30,06,9,0,,,,,
2014/04/30,07,9,0,,,,,
2014/04/30,08,13,0,,,,,
2014/04/30,09,81,32,,,,,
2014/04/30,10,97,37,,,,,
2014/04/30,11,103,41,,,,,
2014/04/30,12,106,46,,,,,
2014/04/30,13,69,32,,,,,
2014/04/30,14,102,42,,,,,
2014/04/30,15,113,51,,,,,
2014/04/30,16,105,48,,,,,
2014/04/30,17,118,57,,,,,
2014/04/30,18,107,49,,,,,
2014/04/30,19,33,5,,,,,
2014/04/30,20,27,2,,,,,
2014/04/30,21,24,1,,,,,
2014/04/30,22,20,1,,,,,
2014/04/30,23,18,1,,,,,
2014/04/30,24,17,1,,,,,
2014/05/01,01,11,1,,,,,
2014/05/01,02,10,1,,,,,
2014/05/01,03,10,1,,,,,
2014/05/01,04,10,1,,,,,
2014/05/01,05,10,1,,,,,
2014/05/01,06,10,1,,,,,
2014/05/01,07,10,1,,,,,
2014/05/01,08,16,1,,,,,
2014/05/01,09,87,34,,,,,
2014/05/01,10,105,41,,,,,
2014/05/01,11,107,45,,,,,
2014/05/01,12,111,48,,,,,
2014/05/01,13,70,33,,,,,
2014/05/01,14,105,43,,,,,
2014/05/01,15,112,48,,,,,
2014/05/01,16,113,51,,,,,
2014/05/01,17,113,48,,,,,
2014/05/01,18,101,44,,,,,
2014/05/01,19,77,38,,,,,
2014/05/01,20,32,3,,,,,
2014/05/01,21,26,0,,,,,
2014/05/01,22,23,0,,,,,
2014/05/01,23,20,0,,,,,
2014/05/01,24,16,0,,,,,
2014/05/02,01,13,0,,,,,
2014/05/02,02,10,0,,,,,
2014/05/02,03,10,0,,,,,
2014/05/02,04,10,0,,,,,
2014/05/02,05,10,0,,,,,
2014/05/02,06,10,0,,,,,
2014/05/02,07,10,0,,,,,
2014/05/02,08,14,0,,,,,
2014/05/02,09,88,38,,,,,
2014/05/02,10,106,45,,,,,
2014/05/02,11,114,53,,,,,
2014/05/02,12,119,56,,,,,
2014/05/02,13,76,37,,,,,
2014/05/02,14,104,39,,,,,
2014/05/02,15,113,49,,,,,
2014/05/02,16,107,44,,,,,
2014/05/02,17,119,53,,,,,
2014/05/02,18,103,45,,,,,
2014/05/02,19,40,14,,,,,
2014/05/02,20,24,0,,,,,
2014/05/02,21,21,0,,,,,
2014/05/02,22,20,0,,,,,
2014/05/02,23,20,0,,,,,
2014/05/02,24,13,0,,,,,
2014/05/03,01,9,0,,,,,
2014/05/03,02,9,0,,,,,
2014/05/03,03,9,0,,,,,
2014/05/03,04,9,0,,,,,
2014/05/03,05,9,0,,,,,
2014/05/03,06,9,0,,,,,
2014/05/03,07,9,0,,,,,
2014/05/03,08,9,0,,,,,
2014/05/03,09,9,0,,,,,
2014/05/03,10,9,0,,,,,
2014/05/03,11,9,0,,,,,
2014/05/03,12,9,0,,,,,
2014/05/03,13,9,0,,,,,
2014/05/03,14,10,0,,,,,
2014/05/03,15,9,0,,,,,
2014/05/03,16,9,0,,,,,
2014/05/03,17,9,0,,,,,
2014/05/03,18,9,0,,,,,
2014/05/03,19,9,0,,,,,
2014/05/03,20,9,0,,,,,
2014/05/03,21,9,0,,,,,
2014/05/03,22,9,0,,,,,
2014/05/03,23,9,0,,,,,
2014/05/03,24,9,0,,,,,
2014/05/04,01,9,0,,,,,
2014/05/04,02,9,0,,,,,
2014/05/04,03,9,0,,,,,
2014/05/04,04,9,0,,,,,
2014/05/04,05,9,0,,,,,
2014/05/04,06,9,0,,,,,
2014/05/04,07,9,0,,,,,
2014/05/04,08,9,0,,,,,
2014/05/04,09,9,0,,,,,
2014/05/04,10,9,0,,,,,
2014/05/04,11,9,0,,,,,
2014/05/04,12,9,0,,,,,
2014/05/04,13,9,0,,,,,
2014/05/04,14,9,0,,,,,
2014/05/04,15,9,0,,,,,
2014/05/04,16,9,0,,,,,
2014/05/04,17,9,0,,,,,
2014/05/04,18,9,0,,,,,
2014/05/04,19,9,0,,,,,
2014/05/04,20,9,0,,,,,
2014/05/04,21,9,0,,,,,
2014/05/04,22,9,0,,,,,
2014/05/04,23,9,0,,,,,
2014/05/04,24,9,0,,,,,
2014/05/05,01,9,0,,,,,
2014/05/05,02,9,0,,,,,
2014/05/05,03,9,0,,,,,
2014/05/05,04,9,0,,,,,
2014/05/05,05,9,0,,,,,
2014/05/05,06,9,0,,,,,
2014/05/05,07,9,0,,,,,
2014/05/05,08,9,0,,,,,
2014/05/05,09,10,0,,,,,
2014/05/05,10,10,0,,,,,
2014/05/05,11,11,0,,,,,
2014/05/05,12,11,0,,,,,
2014/05/05,13,11,0,,,,,
2014/05/05,14,11,0,,,,,
2014/05/05,15,11,0,,,,,
2014/05/05,16,11,0,,,,,
2014/05/05,17,11,0,,,,,
2014/05/05,18,10,0,,,,,
2014/05/05,19,10,0,,,,,
2014/05/05,20,17,7,,,,,
2014/05/05,21,10,0,,,,,
2014/05/05,22,9,0,,,,,
2014/05/05,23,9,0,,,,,
2014/05/05,24,9,0,,,,,
2014/05/06,01,9,0,,,,,
2014/05/06,02,9,0,,,,,
2014/05/06,03,9,0,,,,,
2014/05/06,04,9,0,,,,,
2014/05/06,05,9,0,,,,,
2014/05/06,06,9,0,,,,,
2014/05/06,07,9,0,,,,,
2014/05/06,08,9,0,,,,,
2014/05/06,09,9,0,,,,,
2014/05/06,10,11,0,,,,,
2014/05/06,11,11,0,,,,,
2014/05/06,12,11,0,,,,,
2014/05/06,13,10,0,,,,,
2014/05/06,14,10,0,,,,,
2014/05/06,15,10,0,,,,,
2014/05/06,16,9,0,,,,,
2014/05/06,17,9,0,,,,,
2014/05/06,18,9,0,,,,,
2014/05/06,19,9,0,,,,,
2014/05/06,20,9,0,,,,,
2014/05/06,21,10,0,,,,,
2014/05/06,22,9,0,,,,,
2014/05/06,23,9,0,,,,,
2014/05/06,24,9,0,,,,,
2014/05/07,01,9,0,,,,,
2014/05/07,02,9,0,,,,,
2014/05/07,03,9,0,,,,,
2014/05/07,04,9,0,,,,,
2014/05/07,05,9,0,,,,,
2014/05/07,06,9,0,,,,,
2014/05/07,07,9,0,,,,,
2014/05/07,08,16,0,,,,,
2014/05/07,09,98,39,,,,,
2014/05/07,10,102,36,,,,,
2014/05/07,11,124,57,,,,,
2014/05/07,12,119,51,,,,,
2014/05/07,13,74,33,,,,,
2014/05/07,14,94,31,,,,,
2014/05/07,15,111,48,,,,,
2014/05/07,16,105,45,,,,,
2014/05/07,17,113,48,,,,,
2014/05/07,18,109,48,,,,,
2014/05/07,19,97,38,,,,,
2014/05/07,20,74,16,,,,,
2014/05/07,21,32,1,,,,,
2014/05/07,22,23,0,,,,,
2014/05/07,23,18,0,,,,,
2014/05/07,24,13,0,,,,,
2014/05/08,01,12,0,,,,,
2014/05/08,02,11,0,,,,,
2014/05/08,03,9,0,,,,,
2014/05/08,04,9,0,,,,,
2014/05/08,05,9,0,,,,,
2014/05/08,06,10,0,,,,,
2014/05/08,07,10,0,,,,,
2014/05/08,08,14,0,,,,,
2014/05/08,09,97,45,,,,,
2014/05/08,10,109,46,,,,,
2014/05/08,11,117,53,,,,,
2014/05/08,12,121,57,,,,,
2014/05/08,13,80,36,,,,,
2014/05/08,14,107,45,,,,,
2014/05/08,15,116,50,,,,,
2014/05/08,16,108,46,,,,,
2014/05/08,17,115,49,,,,,
2014/05/08,18,115,51,,,,,
2014/05/08,19,102,43,,,,,
2014/05/08,20,94,35,,,,,
2014/05/08,21,85,34,,,,,
2014/05/08,22,73,34,,,,,
2014/05/08,23,18,0,,,,,
2014/05/08,24,13,0,,,,,
2014/05/09,01,12,0,,,,,
2014/05/09,02,10,0,,,,,
2014/05/09,03,10,0,,,,,
2014/05/09,04,10,0,,,,,
2014/05/09,05,10,0,,,,,
2014/05/09,06,10,0,,,,,
2014/05/09,07,10,0,,,,,
2014/05/09,08,14,0,,,,,
2014/05/09,09,83,34,,,,,
2014/05/09,10,104,41,,,,,
2014/05/09,11,109,46,,,,,
2014/05/09,12,117,49,,,,,
2014/05/09,13,73,34,,,,,
2014/05/09,14,104,40,,,,,
2014/05/09,15,117,50,,,,,
2014/05/09,16,112,48,,,,,
2014/05/09,17,116,50,,,,,
2014/05/09,18,107,44,,,,,
2014/05/09,19,95,37,,,,,
2014/05/09,20,86,31,,,,,
2014/05/09,21,82,34,,,,,
2014/05/09,22,80,36,,,,,
2014/05/09,23,22,2,,,,,
2014/05/09,24,11,0,,,,,
2014/05/10,01,9,0,,,,,
2014/05/10,02,10,0,,,,,
2014/05/10,03,10,0,,,,,
2014/05/10,04,10,0,,,,,
2014/05/10,05,10,0,,,,,
2014/05/10,06,10,0,,,,,
2014/05/10,07,10,0,,,,,
2014/05/10,08,14,0,,,,,
2014/05/10,09,84,34,,,,,
2014/05/10,10,103,41,,,,,
2014/05/10,11,115,50,,,,,
2014/05/10,12,121,54,,,,,
2014/05/10,13,67,28,,,,,
2014/05/10,14,102,38,,,,,
2014/05/10,15,112,48,,,,,
2014/05/10,16,105,45,,,,,
2014/05/10,17,116,52,,,,,
2014/05/10,18,94,38,,,,,
2014/05/10,19,21,1,,,,,
2014/05/10,20,18,0,,,,,
2014/05/10,21,16,0,,,,,
2014/05/10,22,15,0,,,,,
2014/05/10,23,13,0,,,,,
2014/05/10,24,12,0,,,,,
2014/05/11,01,12,0,,,,,
2014/05/11,02,9,0,,,,,
2014/05/11,03,9,0,,,,,
2014/05/11,04,9,0,,,,,
2014/05/11,05,9,0,,,,,
2014/05/11,06,9,0,,,,,
2014/05/11,07,9,0,,,,,
2014/05/11,08,9,0,,,,,
2014/05/11,09,11,0,,,,,
2014/05/11,10,10,0,,,,,
2014/05/11,11,10,0,,,,,
2014/05/11,12,9,0,,,,,
2014/05/11,13,9,0,,,,,
2014/05/11,14,9,0,,,,,
2014/05/11,15,9,0,,,,,
2014/05/11,16,9,0,,,,,
2014/05/11,17,9,0,,,,,
2014/05/11,18,10,0,,,,,
2014/05/11,19,10,0,,,,,
2014/05/11,20,10,0,,,,,
2014/05/11,21,10,0,,,,,
2014/05/11,22,9,0,,,,,
2014/05/11,23,9,0,,,,,
2014/05/11,24,9,0,,,,,
2014/05/12,01,9,0,,,,,
2014/05/12,02,9,0,,,,,
2014/05/12,03,9,0,,,,,
2014/05/12,04,9,0,,,,,
2014/05/12,05,9,0,,,,,
2014/05/12,06,9,0,,,,,
2014/05/12,07,10,0,,,,,
2014/05/12,08,15,0,,,,,
2014/05/12,09,81,30,,,,,
2014/05/12,10,104,38,,,,,
2014/05/12,11,107,43,,,,,
2014/05/12,12,104,40,,,,,
2014/05/12,13,73,33,,,,,
2014/05/12,14,105,41,,,,,
2014/05/12,15,113,48,,,,,
2014/05/12,16,107,46,,,,,
2014/05/12,17,117,50,,,,,
2014/05/12,18,111,48,,,,,
2014/05/12,19,99,42,,,,,
2014/05/12,20,95,39,,,,,
2014/05/12,21,87,43,,,,,
2014/05/12,22,30,2,,,,,
2014/05/12,23,20,0,,,,,
2014/05/12,24,14,0,,,,,
2014/05/13,01,12,0,,,,,
2014/05/13,02,10,0,,,,,
2014/05/13,03,10,0,,,,,
2014/05/13,04,10,0,,,,,
2014/05/13,05,10,0,,,,,
2014/05/13,06,10,0,,,,,
2014/05/13,07,10,0,,,,,
2014/05/13,08,16,0,,,,,
2014/05/13,09,87,35,,,,,
2014/05/13,10,114,48,,,,,
2014/05/13,11,122,56,,,,,
2014/05/13,12,115,50,,,,,
2014/05/13,13,73,32,,,,,
2014/05/13,14,110,45,,,,,
2014/05/13,15,124,56,,,,,
2014/05/13,16,117,53,,,,,
2014/05/13,17,112,47,,,,,
2014/05/13,18,111,49,,,,,
2014/05/13,19,99,39,,,,,
2014/05/13,20,86,33,,,,,
2014/05/13,21,80,34,,,,,
2014/05/13,22,35,7,,,,,
2014/05/13,23,22,1,,,,,
2014/05/13,24,19,0,,,,,
2014/05/14,01,15,0,,,,,
2014/05/14,02,11,0,,,,,
2014/05/14,03,11,0,,,,,
2014/05/14,04,11,0,,,,,
2014/05/14,05,10,0,,,,,
2014/05/14,06,10,0,,,,,
2014/05/14,07,11,0,,,,,
2014/05/14,08,16,0,,,,,
2014/05/14,09,87,35,,,,,
2014/05/14,10,109,43,,,,,
2014/05/14,11,118,53,,,,,
2014/05/14,12,124,59,,,,,
2014/05/14,13,81,40,,,,,
2014/05/14,14,110,44,,,,,
2014/05/14,15,120,54,,,,,
2014/05/14,16,114,52,,,,,
2014/05/14,17,119,52,,,,,
2014/05/14,18,110,49,,,,,
2014/05/14,19,98,41,,,,,
2014/05/14,20,86,35,,,,,
2014/05/14,21,84,37,,,,,
2014/05/14,22,86,40,,,,,
2014/05/14,23,27,4,,,,,
2014/05/14,24,18,0,,,,,
2014/05/15,01,16,0,,,,,
2014/05/15,02,13,0,,,,,
2014/05/15,03,11,0,,,,,
2014/05/15,04,9,0,,,,,
2014/05/15,05,10,0,,,,,
2014/05/15,06,9,0,,,,,
2014/05/15,07,10,0,,,,,
2014/05/15,08,14,0,,,,,
2014/05/15,09,87,36,,,,,
2014/05/15,10,117,53,,,,,
2014/05/15,11,115,50,,,,,
2014/05/15,12,122,58,,,,,
2014/05/15,13,80,41,,,,,
2014/05/15,14,109,45,,,,,
2014/05/15,15,117,52,,,,,
2014/05/15,16,111,51,,,,,
2014/05/15,17,120,55,,,,,
2014/05/15,18,114,52,,,,,
2014/05/15,19,88,33,,,,,
2014/05/15,20,64,16,,,,,
2014/05/15,21,49,14,,,,,
2014/05/15,22,48,16,,,,,
2014/05/15,23,18,0,,,,,
2014/05/15,24,16,0,,,,,
2014/05/16,01,16,0,,,,,
2014/05/16,02,12,0,,,,,
2014/05/16,03,9,0,,,,,
2014/05/16,04,9,0,,,,,
2014/05/16,05,9,0,,,,,
2014/05/16,06,9,0,,,,,
2014/05/16,07,10,0,,,,,
2014/05/16,08,14,0,,,,,
2014/05/16,09,81,30,,,,,
2014/05/16,10,104,41,,,,,
2014/05/16,11,112,48,,,,,
2014/05/16,12,121,58,,,,,
2014/05/16,13,76,37,,,,,
2014/05/16,14,106,44,,,,,
2014/05/16,15,120,55,,,,,
2014/05/16,16,107,48,,,,,
2014/05/16,17,118,55,,,,,
2014/05/16,18,99,42,,,,,
2014/05/16,19,57,22,,,,,
2014/05/16,20,28,5,,,,,
2014/05/16,21,18,0,,,,,
2014/05/16,22,17,0,,,,,
2014/05/16,23,18,0,,,,,
2014/05/16,24,14,0,,,,,
2014/05/17,01,10,0,,,,,
2014/05/17,02,10,0,,,,,
2014/05/17,03,10,0,,,,,
2014/05/17,04,10,0,,,,,
2014/05/17,05,10,0,,,,,
2014/05/17,06,10,0,,,,,
2014/05/17,07,10,0,,,,,
2014/05/17,08,14,0,,,,,
2014/05/17,09,57,16,,,,,
2014/05/17,10,79,26,,,,,
2014/05/17,11,92,35,,,,,
2014/05/17,12,93,36,,,,,
2014/05/17,13,57,20,,,,,
2014/05/17,14,87,30,,,,,
2014/05/17,15,98,43,,,,,
2014/05/17,16,93,41,,,,,
2014/05/17,17,92,39,,,,,
2014/05/17,18,75,29,,,,,
2014/05/17,19,10,0,,,,,
2014/05/17,20,10,0,,,,,
2014/05/17,21,10,0,,,,,
2014/05/17,22,10,0,,,,,
2014/05/17,23,9,0,,,,,
2014/05/17,24,9,0,,,,,
2014/05/18,01,9,0,,,,,
2014/05/18,02,9,0,,,,,
2014/05/18,03,9,0,,,,,
2014/05/18,04,9,0,,,,,
2014/05/18,05,9,0,,,,,
2014/05/18,06,9,0,,,,,
2014/05/18,07,9,0,,,,,
2014/05/18,08,9,0,,,,,
2014/05/18,09,9,0,,,,,
2014/05/18,10,9,0,,,,,
2014/05/18,11,9,0,,,,,
2014/05/18,12,10,0,,,,,
2014/05/18,13,9,0,,,,,
2014/05/18,14,9,0,,,,,
2014/05/18,15,10,0,,,,,
2014/05/18,16,11,1,,,,,
2014/05/18,17,10,1,,,,,
2014/05/18,18,10,1,,,,,
2014/05/18,19,10,1,,,,,
2014/05/18,20,10,1,,,,,
2014/05/18,21,10,1,,,,,
2014/05/18,22,10,1,,,,,
2014/05/18,23,10,1,,,,,
2014/05/18,24,10,1,,,,,
2014/05/19,01,10,1,,,,,
2014/05/19,02,10,1,,,,,
2014/05/19,03,10,1,,,,,
2014/05/19,04,9,1,,,,,
2014/05/19,05,10,1,,,,,
2014/05/19,06,10,1,,,,,
2014/05/19,07,10,1,,,,,
2014/05/19,08,16,1,,,,,
2014/05/19,09,83,33,,,,,
2014/05/19,10,100,36,,,,,
2014/05/19,11,106,43,,,,,
2014/05/19,12,114,51,,,,,
2014/05/19,13,80,44,,,,,
2014/05/19,14,103,41,,,,,
2014/05/19,15,119,52,,,,,
2014/05/19,16,108,47,,,,,
2014/05/19,17,117,53,,,,,
2014/05/19,18,94,37,,,,,
2014/05/19,19,29,3,,,,,
2014/05/19,20,29,4,,,,,
2014/05/19,21,22,1,,,,,
2014/05/19,22,21,1,,,,,
2014/05/19,23,19,1,,,,,
2014/05/19,24,14,1,,,,,
2014/05/20,01,12,1,,,,,
2014/05/20,02,10,1,,,,,
2014/05/20,03,10,1,,,,,
2014/05/20,04,10,1,,,,,
2014/05/20,05,10,1,,,,,
2014/05/20,06,10,1,,,,,
2014/05/20,07,10,1,,,,,
2014/05/20,08,15,1,,,,,
2014/05/20,09,86,38,,,,,
2014/05/20,10,113,51,,,,,
2014/05/20,11,119,54,,,,,
2014/05/20,12,117,51,,,,,
2014/05/20,13,72,31,,,,,
2014/05/20,14,104,41,,,,,
2014/05/20,15,116,51,,,,,
2014/05/20,16,107,45,,,,,
2014/05/20,17,115,50,,,,,
2014/05/20,18,101,44,,,,,
2014/05/20,19,37,11,,,,,
2014/05/20,20,20,1,,,,,
2014/05/20,21,17,1,,,,,
2014/05/20,22,17,1,,,,,
2014/05/20,23,16,1,,,,,
2014/05/20,24,15,1,,,,,
2014/05/21,01,12,1,,,,,
2014/05/21,02,10,1,,,,,
2014/05/21,03,10,1,,,,,
2014/05/21,04,10,1,,,,,
2014/05/21,05,10,1,,,,,
2014/05/21,06,10,1,,,,,
2014/05/21,07,11,1,,,,,
2014/05/21,08,16,1,,,,,
2014/05/21,09,85,35,,,,,
2014/05/21,10,107,44,,,,,
2014/05/21,11,119,55,,,,,
2014/05/21,12,120,56,,,,,
2014/05/21,13,64,31,,,,,
2014/05/21,14,105,43,,,,,
2014/05/21,15,113,49,,,,,
2014/05/21,16,107,47,,,,,
2014/05/21,17,115,50,,,,,
2014/05/21,18,105,45,,,,,
2014/05/21,19,45,9,,,,,
2014/05/21,20,28,6,,,,,
2014/05/21,21,19,1,,,,,
2014/05/21,22,17,1,,,,,
2014/05/21,23,15,1,,,,,
2014/05/21,24,10,1,,,,,
2014/05/22,01,9,1,,,,,
2014/05/22,02,9,1,,,,,
2014/05/22,03,9,1,,,,,
2014/05/22,04,9,1,,,,,
2014/05/22,05,9,1,,,,,
2014/05/22,06,9,1,,,,,
2014/05/22,07,10,1,,,,,
2014/05/22,08,15,2,,,,,
2014/05/22,09,91,38,,,,,
2014/05/22,10,111,45,,,,,
2014/05/22,11,121,53,,,,,
2014/05/22,12,123,56,,,,,
2014/05/22,13,75,35,,,,,
2014/05/22,14,99,37,,,,,
2014/05/22,15,115,51,,,,,
2014/05/22,16,112,50,,,,,
2014/05/22,17,117,53,,,,,
2014/05/22,18,90,33,,,,,
2014/05/22,19,27,1,,,,,
2014/05/22,20,21,1,,,,,
2014/05/22,21,17,1,,,,,
2014/05/22,22,14,1,,,,,
2014/05/22,23,12,1,,,,,
2014/05/22,24,11,1,,,,,
2014/05/23,01,10,1,,,,,
2014/05/23,02,10,1,,,,,
2014/05/23,03,10,1,,,,,
2014/05/23,04,10,1,,,,,
2014/05/23,05,10,1,,,,,
2014/05/23,06,10,1,,,,,
2014/05/23,07,10,1,,,,,
2014/05/23,08,14,1,,,,,
2014/05/23,09,90,39,,,,,
2014/05/23,10,107,41,,,,,
2014/05/23,11,112,46,,,,,
2014/05/23,12,115,50,,,,,
2014/05/23,13,74,33,,,,,
2014/05/23,14,111,47,,,,,
2014/05/23,15,122,55,,,,,
2014/05/23,16,115,51,,,,,
2014/05/23,17,117,50,,,,,
2014/05/23,18,91,31,,,,,
2014/05/23,19,30,1,,,,,
2014/05/23,20,19,1,,,,,
2014/05/23,21,15,1,,,,,
2014/05/23,22,14,1,,,,,
2014/05/23,23,13,1,,,,,
2014/05/23,24,12,1,,,,,
2014/05/24,01,10,1,,,,,
2014/05/24,02,9,1,,,,,
2014/05/24,03,9,1,,,,,
2014/05/24,04,9,1,,,,,
2014/05/24,05,9,1,,,,,
2014/05/24,06,9,1,,,,,
2014/05/24,07,9,1,,,,,
2014/05/24,08,9,1,,,,,
2014/05/24,09,9,1,,,,,
2014/05/24,10,10,1,,,,,
2014/05/24,11,11,1,,,,,
2014/05/24,12,10,1,,,,,
2014/05/24,13,10,1,,,,,
2014/05/24,14,15,3,,,,,
2014/05/24,15,13,1,,,,,
2014/05/24,16,12,1,,,,,
2014/05/24,17,11,1,,,,,
2014/05/24,18,9,1,,,,,
2014/05/24,19,9,1,,,,,
2014/05/24,20,9,1,,,,,
2014/05/24,21,9,1,,,,,
2014/05/24,22,9,1,,,,,
2014/05/24,23,9,1,,,,,
2014/05/24,24,9,1,,,,,
2014/05/25,01,9,1,,,,,
2014/05/25,02,9,1,,,,,
2014/05/25,03,9,1,,,,,
2014/05/25,04,9,1,,,,,
2014/05/25,05,9,1,,,,,
2014/05/25,06,9,1,,,,,
2014/05/25,07,9,1,,,,,
2014/05/25,08,9,1,,,,,
2014/05/25,09,9,1,,,,,
2014/05/25,10,9,1,,,,,
2014/05/25,11,9,1,,,,,
2014/05/25,12,9,1,,,,,
2014/05/25,13,9,1,,,,,
2014/05/25,14,9,1,,,,,
2014/05/25,15,9,1,,,,,
2014/05/25,16,9,1,,,,,
2014/05/25,17,9,1,,,,,
2014/05/25,18,9,1,,,,,
2014/05/25,19,9,1,,,,,
2014/05/25,20,9,1,,,,,
2014/05/25,21,9,1,,,,,
2014/05/25,22,9,1,,,,,
2014/05/25,23,9,1,,,,,
2014/05/25,24,9,1,,,,,
2014/05/26,01,9,1,,,,,
2014/05/26,02,9,1,,,,,
2014/05/26,03,9,1,,,,,
2014/05/26,04,9,1,,,,,
2014/05/26,05,9,1,,,,,
2014/05/26,06,9,1,,,,,
2014/05/26,07,9,1,,,,,
2014/05/26,08,14,1,,,,,
2014/05/26,09,89,37,,,,,
2014/05/26,10,115,51,,,,,
2014/05/26,11,123,58,,,,,
2014/05/26,12,122,57,,,,,
2014/05/26,13,76,37,,,,,
2014/05/26,14,105,41,,,,,
2014/05/26,15,115,50,,,,,
2014/05/26,16,109,48,,,,,
2014/05/26,17,116,52,,,,,
2014/05/26,18,99,41,,,,,
2014/05/26,19,48,13,,,,,
2014/05/26,20,34,5,,,,,
2014/05/26,21,21,1,,,,,
2014/05/26,22,19,1,,,,,
2014/05/26,23,18,1,,,,,
2014/05/26,24,17,1,,,,,
2014/05/27,01,14,1,,,,,
2014/05/27,02,12,1,,,,,
2014/05/27,03,12,1,,,,,
2014/05/27,04,12,1,,,,,
2014/05/27,05,12,1,,,,,
2014/05/27,06,12,1,,,,,
2014/05/27,07,12,1,,,,,
2014/05/27,08,15,1,,,,,
2014/05/27,09,81,29,,,,,
2014/05/27,10,101,40,,,,,
2014/05/27,11,112,48,,,,,
2014/05/27,12,120,57,,,,,
2014/05/27,13,77,36,,,,,
2014/05/27,14,109,46,,,,,
2014/05/27,15,117,55,,,,,
2014/05/27,16,120,60,,,,,
2014/05/27,17,134,72,,,,,
2014/05/27,18,104,47,,,,,
2014/05/27,19,29,2,,,,,
2014/05/27,20,18,1,,,,,
2014/05/27,21,15,1,,,,,
2014/05/27,22,16,1,,,,,
2014/05/27,23,15,1,,,,,
2014/05/27,24,12,1,,,,,
2014/05/28,01,10,1,,,,,
2014/05/28,02,10,1,,,,,
2014/05/28,03,10,1,,,,,
2014/05/28,04,10,1,,,,,
2014/05/28,05,10,1,,,,,
2014/05/28,06,11,1,,,,,
2014/05/28,07,11,1,,,,,
2014/05/28,08,15,1,,,,,
2014/05/28,09,86,34,,,,,
2014/05/28,10,114,49,,,,,
2014/05/28,11,117,53,,,,,
2014/05/28,12,118,54,,,,,
2014/05/28,13,73,35,,,,,
2014/05/28,14,128,64,,,,,
2014/05/28,15,135,70,,,,,
2014/05/28,16,114,53,,,,,
2014/05/28,17,126,58,,,,,
2014/05/28,18,112,52,,,,,
2014/05/28,19,42,6,,,,,
2014/05/28,20,24,3,,,,,
2014/05/28,21,16,2,,,,,
2014/05/28,22,13,2,,,,,
2014/05/28,23,11,2,,,,,
2014/05/28,24,11,2,,,,,
2014/05/29,01,10,2,,,,,
2014/05/29,02,10,2,,,,,
2014/05/29,03,10,2,,,,,
2014/05/29,04,10,2,,,,,
2014/05/29,05,10,2,,,,,
2014/05/29,06,10,2,,,,,
2014/05/29,07,11,2,,,,,
2014/05/29,08,16,3,,,,,
2014/05/29,09,90,39,,,,,
2014/05/29,10,116,54,,,,,
2014/05/29,11,127,63,,,,,
2014/05/29,12,126,61,,,,,
2014/05/29,13,89,48,,,,,
2014/05/29,14,124,59,,,,,
2014/05/29,15,140,73,,,,,
2014/05/29,16,176,112,,,,,
2014/05/29,17,192,115,,,,,
2014/05/29,18,170,101,,,,,
2014/05/29,19,75,37,,,,,
2014/05/29,20,58,27,,,,,
2014/05/29,21,19,4,,,,,
2014/05/29,22,16,4,,,,,
2014/05/29,23,10,1,,,,,
2014/05/29,24,10,1,,,,,
2014/05/30,01,10,1,,,,,
2014/05/30,02,10,1,,,,,
2014/05/30,03,9,1,,,,,
2014/05/30,04,10,1,,,,,
2014/05/30,05,10,1,,,,,
2014/05/30,06,10,1,,,,,
2014/05/30,07,10,1,,,,,
2014/05/30,08,14,1,,,,,
2014/05/30,09,92,40,,,,,
2014/05/30,10,127,61,,,,,
2014/05/30,11,157,86,,,,,
2014/05/30,12,177,98,,,,,
2014/05/30,13,125,84,,,,,
2014/05/30,14,188,111,,,,,
2014/05/30,15,207,127,,,,,
2014/05/30,16,192,116,,,,,
2014/05/30,17,189,110,,,,,
2014/05/30,18,172,102,,,,,
2014/05/30,19,94,55,,,,,
2014/05/30,20,58,30,,,,,
2014/05/30,21,22,4,,,,,
2014/05/30,22,14,2,,,,,
2014/05/30,23,10,1,,,,,
2014/05/30,24,9,1,,,,,
2014/05/31,01,9,1,,,,,
2014/05/31,02,9,1,,,,,
2014/05/31,03,9,1,,,,,
2014/05/31,04,9,1,,,,,
2014/05/31,05,9,1,,,,,
2014/05/31,06,9,1,,,,,
2014/05/31,07,9,1,,,,,
2014/05/31,08,9,1,,,,,
2014/05/31,09,10,1,,,,,
2014/05/31,10,13,1,,,,,
2014/05/31,11,15,2,,,,,
2014/05/31,12,16,3,,,,,
2014/05/31,13,16,3,,,,,
2014/05/31,14,18,4,,,,,
2014/05/31,15,19,4,,,,,
2014/05/31,16,16,5,,,,,
2014/05/31,17,13,4,,,,,
2014/05/31,18,13,3,,,,,
2014/05/31,19,10,1,,,,,
2014/05/31,20,10,1,,,,,
2014/05/31,21,10,1,,,,,
2014/05/31,22,11,2,,,,,
2014/05/31,23,10,2,,,,,
2014/05/31,24,9,1,,,,,
2014/06/01,01,9,1,,,,,
2014/06/01,02,9,1,,,,,
2014/06/01,03,9,1,,,,,
2014/06/01,04,9,1,,,,,
2014/06/01,05,9,1,,,,,
2014/06/01,06,9,1,,,,,
2014/06/01,07,9,1,,,,,
2014/06/01,08,9,1,,,,,
2014/06/01,09,9,1,,,,,
2014/06/01,10,9,1,,,,,
2014/06/01,11,10,1,,,,,
2014/06/01,12,11,1,,,,,
2014/06/01,13,12,1,,,,,
2014/06/01,14,11,1,,,,,
2014/06/01,15,12,2,,,,,
2014/06/01,16,12,2,,,,,
2014/06/01,17,12,2,,,,,
2014/06/01,18,11,1,,,,,
2014/06/01,19,11,1,,,,,
2014/06/01,20,11,1,,,,,
2014/06/01,21,11,1,,,,,
2014/06/01,22,11,1,,,,,
2014/06/01,23,10,1,,,,,
2014/06/01,24,10,1,,,,,
2014/06/02,01,10,1,,,,,
2014/06/02,02,10,1,,,,,
2014/06/02,03,10,1,,,,,
2014/06/02,04,10,1,,,,,
2014/06/02,05,10,1,,,,,
2014/06/02,06,10,1,,,,,
2014/06/02,07,11,1,,,,,
2014/06/02,08,16,1,,,,,
2014/06/02,09,84,31,,,,,
2014/06/02,10,113,51,,,,,
2014/06/02,11,127,60,,,,,
2014/06/02,12,128,61,,,,,
2014/06/02,13,97,54,,,,,
2014/06/02,14,160,88,,,,,
2014/06/02,15,188,110,,,,,
2014/06/02,16,187,112,,,,,
2014/06/02,17,180,100,,,,,
2014/06/02,18,105,56,,,,,
2014/06/02,19,47,21,,,,,
2014/06/02,20,24,5,,,,,
2014/06/02,21,20,4,,,,,
2014/06/02,22,18,4,,,,,
2014/06/02,23,15,2,,,,,
2014/06/02,24,11,1,,,,,
2014/06/03,01,10,1,,,,,
2014/06/03,02,10,1,,,,,
2014/06/03,03,10,1,,,,,
2014/06/03,04,10,1,,,,,
2014/06/03,05,10,1,,,,,
2014/06/03,06,10,1,,,,,
2014/06/03,07,11,1,,,,,
2014/06/03,08,14,1,,,,,
2014/06/03,09,80,29,,,,,
2014/06/03,10,148,83,,,,,
2014/06/03,11,164,90,,,,,
2014/06/03,12,180,100,,,,,
2014/06/03,13,131,88,,,,,
2014/06/03,14,190,112,,,,,
2014/06/03,15,193,112,,,,,
2014/06/03,16,191,114,,,,,
2014/06/03,17,197,116,,,,,
2014/06/03,18,165,94,,,,,
2014/06/03,19,149,83,,,,,
2014/06/03,20,39,7,,,,,
2014/06/03,21,21,4,,,,,
2014/06/03,22,16,2,,,,,
2014/06/03,23,15,2,,,,,
2014/06/03,24,13,1,,,,,
2014/06/04,01,10,1,,,,,
2014/06/04,02,10,1,,,,,
2014/06/04,03,10,1,,,,,
2014/06/04,04,10,1,,,,,
2014/06/04,05,10,1,,,,,
2014/06/04,06,10,1,,,,,
2014/06/04,07,11,1,,,,,
2014/06/04,08,15,1,,,,,
2014/06/04,09,98,45,,,,,
2014/06/04,10,159,82,,,,,
2014/06/04,11,179,99,,,,,
2014/06/04,12,206,123,,,,,
2014/06/04,13,158,108,,,,,
2014/06/04,14,193,110,,,,,
2014/06/04,15,194,113,,,,,
2014/06/04,16,182,106,,,,,
2014/06/04,17,188,113,,,,,
2014/06/04,18,162,98,,,,,
2014/06/04,19,148,93,,,,,
2014/06/04,20,112,69,,,,,
2014/06/04,21,27,5,,,,,
2014/06/04,22,17,3,,,,,
2014/06/04,23,15,2,,,,,
2014/06/04,24,11,1,,,,,
2014/06/05,01,11,1,,,,,
2014/06/05,02,11,1,,,,,
2014/06/05,03,11,1,,,,,
2014/06/05,04,11,1,,,,,
2014/06/05,05,11,1,,,,,
2014/06/05,06,11,1,,,,,
2014/06/05,07,11,1,,,,,
2014/06/05,08,15,1,,,,,
2014/06/05,09,97,43,,,,,
2014/06/05,10,152,82,,,,,
2014/06/05,11,154,83,,,,,
2014/06/05,12,158,86,,,,,
2014/06/05,13,101,57,,,,,
2014/06/05,14,131,61,,,,,
2014/06/05,15,151,78,,,,,
2014/06/05,16,153,76,,,,,
2014/06/05,17,154,78,,,,,
2014/06/05,18,144,72,,,,,
2014/06/05,19,129,63,,,,,
2014/06/05,20,96,51,,,,,
2014/06/05,21,71,34,,,,,
2014/06/05,22,17,2,,,,,
2014/06/05,23,13,2,,,,,
2014/06/05,24,12,2,,,,,
2014/06/06,01,12,2,,,,,
2014/06/06,02,11,2,,,,,
2014/06/06,03,12,2,,,,,
2014/06/06,04,11,2,,,,,
2014/06/06,05,12,2,,,,,
2014/06/06,06,12,2,,,,,
2014/06/06,07,12,2,,,,,
2014/06/06,08,15,2,,,,,
2014/06/06,09,101,47,,,,,
2014/06/06,10,153,80,,,,,
2014/06/06,11,159,87,,,,,
2014/06/06,12,171,95,,,,,
2014/06/06,13,131,84,,,,,
2014/06/06,14,171,97,,,,,
2014/06/06,15,185,107,,,,,
2014/06/06,16,175,102,,,,,
2014/06/06,17,192,114,,,,,
2014/06/06,18,110,64,,,,,
2014/06/06,19,44,16,,,,,
2014/06/06,20,28,7,,,,,
2014/06/06,21,17,3,,,,,
2014/06/06,22,17,3,,,,,
2014/06/06,23,15,2,,,,,
2014/06/06,24,11,1,,,,,
2014/06/07,01,11,1,,,,,
2014/06/07,02,11,1,,,,,
2014/06/07,03,11,1,,,,,
2014/06/07,04,11,1,,,,,
2014/06/07,05,11,1,,,,,
2014/06/07,06,11,1,,,,,
2014/06/07,07,11,1,,,,,
2014/06/07,08,11,1,,,,,
2014/06/07,09,11,1,,,,,
2014/06/07,10,15,3,,,,,
2014/06/07,11,15,4,,,,,
2014/06/07,12,15,4,,,,,
2014/06/07,13,17,5,,,,,
2014/06/07,14,17,5,,,,,
2014/06/07,15,16,5,,,,,
2014/06/07,16,15,4,,,,,
2014/06/07,17,14,4,,,,,
2014/06/07,18,14,3,,,,,
2014/06/07,19,11,1,,,,,
2014/06/07,20,11,1,,,,,
2014/06/07,21,12,1,,,,,
2014/06/07,22,10,1,,,,,
2014/06/07,23,10,1,,,,,
2014/06/07,24,10,1,,,,,
2014/06/08,01,10,1,,,,,
2014/06/08,02,10,1,,,,,
2014/06/08,03,10,1,,,,,
2014/06/08,04,10,1,,,,,
2014/06/08,05,10,1,,,,,
2014/06/08,06,10,1,,,,,
2014/06/08,07,10,1,,,,,
2014/06/08,08,10,1,,,,,
2014/06/08,09,10,1,,,,,
2014/06/08,10,10,1,,,,,
2014/06/08,11,10,1,,,,,
2014/06/08,12,11,1,,,,,
2014/06/08,13,10,1,,,,,
2014/06/08,14,11,1,,,,,
2014/06/08,15,11,1,,,,,
2014/06/08,16,11,1,,,,,
2014/06/08,17,11,1,,,,,
2014/06/08,18,10,1,,,,,
2014/06/08,19,10,1,,,,,
2014/06/08,20,11,1,,,,,
2014/06/08,21,11,1,,,,,
2014/06/08,22,10,1,,,,,
2014/06/08,23,10,1,,,,,
2014/06/08,24,10,1,,,,,
2014/06/09,01,10,1,,,,,
2014/06/09,02,10,1,,,,,
2014/06/09,03,10,1,,,,,
2014/06/09,04,10,1,,,,,
2014/06/09,05,10,1,,,,,
2014/06/09,06,10,1,,,,,
2014/06/09,07,10,1,,,,,
2014/06/09,08,16,1,,,,,
2014/06/09,09,89,36,,,,,
2014/06/09,10,137,67,,,,,
2014/06/09,11,171,93,,,,,
2014/06/09,12,180,105,,,,,
2014/06/09,13,127,83,,,,,
2014/06/09,14,157,84,,,,,
2014/06/09,15,182,102,,,,,
2014/06/09,16,183,105,,,,,
2014/06/09,17,193,115,,,,,
2014/06/09,18,103,58,,,,,
2014/06/09,19,40,15,,,,,
2014/06/09,20,25,7,,,,,
2014/06/09,21,21,5,,,,,
2014/06/09,22,18,4,,,,,
2014/06/09,23,14,3,,,,,
2014/06/09,24,13,2,,,,,
2014/06/10,01,12,2,,,,,
2014/06/10,02,12,2,,,,,
2014/06/10,03,12,2,,,,,
2014/06/10,04,12,2,,,,,
2014/06/10,05,12,2,,,,,
2014/06/10,06,12,2,,,,,
2014/06/10,07,12,2,,,,,
2014/06/10,08,16,2,,,,,
2014/06/10,09,105,53,,,,,
2014/06/10,10,183,104,,,,,
2014/06/10,11,192,110,,,,,
2014/06/10,12,203,117,,,,,
2014/06/10,13,145,99,,,,,
2014/06/10,14,188,105,,,,,
2014/06/10,15,181,104,,,,,
2014/06/10,16,175,103,,,,,
2014/06/10,17,178,102,,,,,
2014/06/10,18,115,69,,,,,
2014/06/10,19,69,39,,,,,
2014/06/10,20,32,7,,,,,
2014/06/10,21,22,3,,,,,
2014/06/10,22,18,2,,,,,
2014/06/10,23,16,3,,,,,
2014/06/10,24,14,2,,,,,
2014/06/11,01,11,1,,,,,
2014/06/11,02,10,1,,,,,
2014/06/11,03,9,1,,,,,
2014/06/11,04,9,1,,,,,
2014/06/11,05,9,1,,,,,
2014/06/11,06,9,1,,,,,
2014/06/11,07,10,1,,,,,
2014/06/11,08,26,13,,,,,
2014/06/11,09,101,51,,,,,
2014/06/11,10,152,90,,,,,
2014/06/11,11,160,98,,,,,
2014/06/11,12,167,102,,,,,
2014/06/11,13,130,92,,,,,
2014/06/11,14,170,94,,,,,
2014/06/11,15,181,104,,,,,
2014/06/11,16,169,97,,,,,
2014/06/11,17,170,100,,,,,
2014/06/11,18,125,67,,,,,
2014/06/11,19,104,62,,,,,
2014/06/11,20,45,14,,,,,
2014/06/11,21,26,6,,,,,
2014/06/11,22,21,4,,,,,
2014/06/11,23,18,3,,,,,
2014/06/11,24,16,2,,,,,
2014/06/12,01,15,3,,,,,
2014/06/12,02,15,2,,,,,
2014/06/12,03,12,1,,,,,
2014/06/12,04,11,1,,,,,
2014/06/12,05,10,1,,,,,
2014/06/12,06,11,1,,,,,
2014/06/12,07,11,1,,,,,
2014/06/12,08,17,2,,,,,
2014/06/12,09,98,47,,,,,
2014/06/12,10,143,74,,,,,
2014/06/12,11,161,88,,,,,
2014/06/12,12,161,90,,,,,
2014/06/12,13,94,57,,,,,
2014/06/12,14,150,77,,,,,
2014/06/12,15,159,80,,,,,
2014/06/12,16,142,71,,,,,
2014/06/12,17,149,75,,,,,
2014/06/12,18,125,66,,,,,
2014/06/12,19,111,57,,,,,
2014/06/12,20,81,39,,,,,
2014/06/12,21,31,8,,,,,
2014/06/12,22,15,1,,,,,
2014/06/12,23,11,1,,,,,
2014/06/12,24,11,1,,,,,
2014/06/13,01,11,1,,,,,
2014/06/13,02,11,1,,,,,
2014/06/13,03,11,1,,,,,
2014/06/13,04,11,1,,,,,
2014/06/13,05,11,1,,,,,
2014/06/13,06,11,1,,,,,
2014/06/13,07,11,1,,,,,
2014/06/13,08,14,1,,,,,
2014/06/13,09,88,34,,,,,
2014/06/13,10,129,58,,,,,
2014/06/13,11,134,64,,,,,
2014/06/13,12,131,61,,,,,
2014/06/13,13,78,38,,,,,
2014/06/13,14,114,49,,,,,
2014/06/13,15,135,66,,,,,
2014/06/13,16,122,58,,,,,
2014/06/13,17,139,71,,,,,
2014/06/13,18,81,33,,,,,
2014/06/13,19,41,5,,,,,
2014/06/13,20,28,3,,,,,
2014/06/13,21,17,2,,,,,
2014/06/13,22,15,2,,,,,
2014/06/13,23,10,1,,,,,
2014/06/13,24,11,1,,,,,
2014/06/14,01,10,1,,,,,
2014/06/14,02,10,1,,,,,
2014/06/14,03,10,1,,,,,
2014/06/14,04,10,1,,,,,
2014/06/14,05,10,1,,,,,
2014/06/14,06,10,1,,,,,
2014/06/14,07,10,1,,,,,
2014/06/14,08,10,1,,,,,
2014/06/14,09,11,1,,,,,
2014/06/14,10,11,1,,,,,
2014/06/14,11,11,1,,,,,
2014/06/14,12,11,1,,,,,
2014/06/14,13,11,1,,,,,
2014/06/14,14,12,1,,,,,
2014/06/14,15,12,1,,,,,
2014/06/14,16,13,1,,,,,
2014/06/14,17,13,2,,,,,
2014/06/14,18,15,5,,,,,
2014/06/14,19,13,2,,,,,
2014/06/14,20,13,2,,,,,
2014/06/14,21,13,2,,,,,
2014/06/14,22,11,1,,,,,
2014/06/14,23,10,1,,,,,
2014/06/14,24,10,1,,,,,
2014/06/15,01,10,1,,,,,
2014/06/15,02,10,1,,,,,
2014/06/15,03,10,1,,,,,
2014/06/15,04,10,1,,,,,
2014/06/15,05,10,1,,,,,
2014/06/15,06,10,1,,,,,
2014/06/15,07,10,1,,,,,
2014/06/15,08,10,1,,,,,
2014/06/15,09,10,1,,,,,
2014/06/15,10,10,1,,,,,
2014/06/15,11,10,1,,,,,
2014/06/15,12,11,1,,,,,
2014/06/15,13,11,1,,,,,
2014/06/15,14,14,4,,,,,
2014/06/15,15,15,5,,,,,
2014/06/15,16,14,4,,,,,
2014/06/15,17,14,4,,,,,
2014/06/15,18,13,3,,,,,
2014/06/15,19,11,1,,,,,
2014/06/15,20,11,1,,,,,
2014/06/15,21,11,1,,,,,
2014/06/15,22,11,1,,,,,
2014/06/15,23,10,1,,,,,
2014/06/15,24,10,1,,,,,
2014/06/16,01,10,1,,,,,
2014/06/16,02,10,1,,,,,
2014/06/16,03,10,1,,,,,
2014/06/16,04,10,1,,,,,
2014/06/16,05,10,1,,,,,
2014/06/16,06,10,1,,,,,
2014/06/16,07,10,1,,,,,
2014/06/16,08,16,1,,,,,
2014/06/16,09,87,33,,,,,
2014/06/16,10,128,57,,,,,
2014/06/16,11,141,68,,,,,
2014/06/16,12,150,79,,,,,
2014/06/16,13,92,56,,,,,
2014/06/16,14,151,79,,,,,
2014/06/16,15,169,95,,,,,
2014/06/16,16,161,92,,,,,
2014/06/16,17,165,92,,,,,
2014/06/16,18,92,45,,,,,
2014/06/16,19,38,9,,,,,
2014/06/16,20,26,4,,,,,
2014/06/16,21,23,2,,,,,
2014/06/16,22,21,3,,,,,
2014/06/16,23,13,1,,,,,
2014/06/16,24,11,1,,,,,
2014/06/17,01,10,1,,,,,
2014/06/17,02,10,1,,,,,
2014/06/17,03,10,1,,,,,
2014/06/17,04,10,1,,,,,
2014/06/17,05,10,1,,,,,
2014/06/17,06,10,1,,,,,
2014/06/17,07,10,1,,,,,
2014/06/17,08,14,1,,,,,
2014/06/17,09,81,31,,,,,
2014/06/17,10,126,60,,,,,
2014/06/17,11,143,74,,,,,
2014/06/17,12,154,86,,,,,
2014/06/17,13,110,68,,,,,
2014/06/17,14,151,78,,,,,
2014/06/17,15,178,101,,,,,
2014/06/17,16,160,88,,,,,
2014/06/17,17,166,93,,,,,
2014/06/17,18,111,62,,,,,
2014/06/17,19,77,47,,,,,
2014/06/17,20,61,38,,,,,
2014/06/17,21,22,5,,,,,
2014/06/17,22,17,2,,,,,
2014/06/17,23,13,1,,,,,
2014/06/17,24,10,1,,,,,
2014/06/18,01,9,1,,,,,
2014/06/18,02,9,1,,,,,
2014/06/18,03,9,1,,,,,
2014/06/18,04,9,1,,,,,
2014/06/18,05,9,1,,,,,
2014/06/18,06,9,1,,,,,
2014/06/18,07,10,1,,,,,
2014/06/18,08,27,13,,,,,
2014/06/18,09,84,31,,,,,
2014/06/18,10,131,62,,,,,
2014/06/18,11,140,71,,,,,
2014/06/18,12,150,81,,,,,
2014/06/18,13,90,47,,,,,
2014/06/18,14,141,67,,,,,
2014/06/18,15,152,77,,,,,
2014/06/18,16,141,68,,,,,
2014/06/18,17,154,78,,,,,
2014/06/18,18,119,63,,,,,
2014/06/18,19,100,50,,,,,
2014/06/18,20,64,38,,,,,
2014/06/18,21,29,7,,,,,
2014/06/18,22,19,4,,,,,
2014/06/18,23,16,2,,,,,
2014/06/18,24,15,3,,,,,
2014/06/19,01,11,1,,,,,
2014/06/19,02,10,1,,,,,
2014/06/19,03,10,1,,,,,
2014/06/19,04,10,1,,,,,
2014/06/19,05,10,1,,,,,
2014/06/19,06,10,1,,,,,
2014/06/19,07,11,1,,,,,
2014/06/19,08,19,4,,,,,
2014/06/19,09,97,41,,,,,
2014/06/19,10,140,72,,,,,
2014/06/19,11,152,78,,,,,
2014/06/19,12,163,87,,,,,
2014/06/19,13,97,56,,,,,
2014/06/19,14,163,87,,,,,
2014/06/19,15,179,101,,,,,
2014/06/19,16,173,99,,,,,
2014/06/19,17,185,108,,,,,
2014/06/19,18,164,93,,,,,
2014/06/19,19,145,84,,,,,
2014/06/19,20,42,9,,,,,
2014/06/19,21,26,5,,,,,
2014/06/19,22,17,2,,,,,
2014/06/19,23,14,2,,,,,
2014/06/19,24,11,1,,,,,
2014/06/20,01,10,1,,,,,
2014/06/20,02,10,1,,,,,
2014/06/20,03,10,1,,,,,
2014/06/20,04,10,1,,,,,
2014/06/20,05,10,1,,,,,
2014/06/20,06,10,1,,,,,
2014/06/20,07,10,1,,,,,
2014/06/20,08,15,2,,,,,
2014/06/20,09,93,39,,,,,
2014/06/20,10,154,81,,,,,
2014/06/20,11,178,102,,,,,
2014/06/20,12,181,106,,,,,
2014/06/20,13,134,91,,,,,
2014/06/20,14,182,105,,,,,
2014/06/20,15,208,125,,,,,
2014/06/20,16,190,111,,,,,
2014/06/20,17,195,114,,,,,
2014/06/20,18,104,56,,,,,
2014/06/20,19,43,14,,,,,
2014/06/20,20,23,4,,,,,
2014/06/20,21,17,3,,,,,
2014/06/20,22,14,2,,,,,
2014/06/20,23,12,2,,,,,
2014/06/20,24,10,1,,,,,
2014/06/21,01,10,1,,,,,
2014/06/21,02,10,1,,,,,
2014/06/21,03,10,1,,,,,
2014/06/21,04,10,1,,,,,
2014/06/21,05,10,1,,,,,
2014/06/21,06,10,1,,,,,
2014/06/21,07,10,1,,,,,
2014/06/21,08,10,1,,,,,
2014/06/21,09,10,1,,,,,
2014/06/21,10,12,2,,,,,
2014/06/21,11,18,5,,,,,
2014/06/21,12,20,7,,,,,
2014/06/21,13,20,7,,,,,
2014/06/21,14,22,10,,,,,
2014/06/21,15,17,5,,,,,
2014/06/21,16,19,6,,,,,
2014/06/21,17,17,5,,,,,
2014/06/21,18,16,4,,,,,
2014/06/21,19,13,2,,,,,
2014/06/21,20,12,2,,,,,
2014/06/21,21,10,1,,,,,
2014/06/21,22,10,1,,,,,
2014/06/21,23,10,1,,,,,
2014/06/21,24,9,1,,,,,
2014/06/22,01,10,1,,,,,
2014/06/22,02,10,1,,,,,
2014/06/22,03,10,1,,,,,
2014/06/22,04,10,1,,,,,
2014/06/22,05,10,1,,,,,
2014/06/22,06,10,1,,,,,
2014/06/22,07,10,1,,,,,
2014/06/22,08,10,1,,,,,
2014/06/22,09,10,1,,,,,
2014/06/22,10,10,1,,,,,
2014/06/22,11,10,1,,,,,
2014/06/22,12,10,1,,,,,
2014/06/22,13,10,1,,,,,
2014/06/22,14,10,1,,,,,
2014/06/22,15,10,1,,,,,
2014/06/22,16,10,1,,,,,
2014/06/22,17,10,1,,,,,
2014/06/22,18,10,1,,,,,
2014/06/22,19,10,1,,,,,
2014/06/22,20,10,1,,,,,
2014/06/22,21,10,1,,,,,
2014/06/22,22,10,1,,,,,
2014/06/22,23,10,1,,,,,
2014/06/22,24,9,1,,,,,
2014/06/23,01,9,1,,,,,
2014/06/23,02,9,1,,,,,
2014/06/23,03,9,1,,,,,
2014/06/23,04,9,1,,,,,
2014/06/23,05,10,1,,,,,
2014/06/23,06,9,1,,,,,
2014/06/23,07,10,1,,,,,
2014/06/23,08,14,1,,,,,
2014/06/23,09,83,32,,,,,
2014/06/23,10,126,58,,,,,
2014/06/23,11,133,67,,,,,
2014/06/23,12,145,77,,,,,
2014/06/23,13,74,37,,,,,
2014/06/23,14,134,64,,,,,
2014/06/23,15,157,81,,,,,
2014/06/23,16,152,76,,,,,
2014/06/23,17,156,79,,,,,
2014/06/23,18,75,28,,,,,
2014/06/23,19,35,6,,,,,
2014/06/23,20,27,3,,,,,
2014/06/23,21,21,1,,,,,
2014/06/23,22,15,1,,,,,
2014/06/23,23,14,1,,,,,
2014/06/23,24,10,1,,,,,
2014/06/24,01,10,1,,,,,
2014/06/24,02,10,1,,,,,
2014/06/24,03,10,1,,,,,
2014/06/24,04,10,1,,,,,
2014/06/24,05,10,1,,,,,
2014/06/24,06,10,1,,,,,
2014/06/24,07,10,1,,,,,
2014/06/24,08,19,5,,,,,
2014/06/24,09,82,33,,,,,
2014/06/24,10,134,67,,,,,
2014/06/24,11,138,72,,,,,
2014/06/24,12,154,84,,,,,
2014/06/24,13,99,56,,,,,
2014/06/24,14,151,78,,,,,
2014/06/24,15,166,92,,,,,
2014/06/24,16,151,83,,,,,
2014/06/24,17,166,90,,,,,
2014/06/24,18,130,70,,,,,
2014/06/24,19,102,50,,,,,
2014/06/24,20,71,36,,,,,
2014/06/24,21,36,8,,,,,
2014/06/24,22,18,1,,,,,
2014/06/24,23,14,1,,,,,
2014/06/24,24,16,2,,,,,
2014/06/25,01,11,1,,,,,
2014/06/25,02,10,1,,,,,
2014/06/25,03,10,1,,,,,
2014/06/25,04,10,1,,,,,
2014/06/25,05,10,1,,,,,
2014/06/25,06,10,1,,,,,
2014/06/25,07,11,1,,,,,
2014/06/25,08,28,13,,,,,
2014/06/25,09,87,36,,,,,
2014/06/25,10,135,68,,,,,
2014/06/25,11,142,75,,,,,
2014/06/25,12,149,80,,,,,
2014/06/25,13,96,54,,,,,
2014/06/25,14,169,90,,,,,
2014/06/25,15,190,108,,,,,
2014/06/25,16,172,93,,,,,
2014/06/25,17,196,118,,,,,
2014/06/25,18,170,98,,,,,
2014/06/25,19,153,81,,,,,
2014/06/25,20,111,55,,,,,
2014/06/25,21,38,11,,,,,
2014/06/25,22,22,3,,,,,
2014/06/25,23,17,3,,,,,
2014/06/25,24,14,2,,,,,
2014/06/26,01,14,2,,,,,
2014/06/26,02,11,1,,,,,
2014/06/26,03,10,1,,,,,
2014/06/26,04,10,1,,,,,
2014/06/26,05,10,1,,,,,
2014/06/26,06,10,1,,,,,
2014/06/26,07,11,1,,,,,
2014/06/26,08,16,1,,,,,
2014/06/26,09,101,46,,,,,
2014/06/26,10,168,92,,,,,
2014/06/26,11,194,113,,,,,
2014/06/26,12,200,119,,,,,
2014/06/26,13,118,75,,,,,
2014/06/26,14,183,104,,,,,
2014/06/26,15,209,127,,,,,
2014/06/26,16,209,126,,,,,
2014/06/26,17,217,134,,,,,
2014/06/26,18,198,126,,,,,
2014/06/26,19,184,111,,,,,
2014/06/26,20,143,88,,,,,
2014/06/26,21,125,73,,,,,
2014/06/26,22,62,40,,,,,
2014/06/26,23,29,14,,,,,
2014/06/26,24,14,3,,,,,
2014/06/27,01,14,3,,,,,
2014/06/27,02,10,1,,,,,
2014/06/27,03,10,1,,,,,
2014/06/27,04,9,1,,,,,
2014/06/27,05,9,1,,,,,
2014/06/27,06,10,1,,,,,
2014/06/27,07,10,1,,,,,
2014/06/27,08,15,2,,,,,
2014/06/27,09,117,63,,,,,
2014/06/27,10,177,100,,,,,
2014/06/27,11,173,101,,,,,
2014/06/27,12,187,114,,,,,
2014/06/27,13,141,93,,,,,
2014/06/27,14,186,114,,,,,
2014/06/27,15,220,132,,,,,
2014/06/27,16,192,110,,,,,
2014/06/27,17,204,120,,,,,
2014/06/27,18,140,89,,,,,
2014/06/27,19,73,40,,,,,
2014/06/27,20,44,15,,,,,
2014/06/27,21,26,4,,,,,
2014/06/27,22,18,2,,,,,
2014/06/27,23,14,3,,,,,
2014/06/27,24,13,2,,,,,
2014/06/28,01,13,2,,,,,
2014/06/28,02,13,2,,,,,
2014/06/28,03,10,1,,,,,
2014/06/28,04,10,1,,,,,
2014/06/28,05,10,1,,,,,
2014/06/28,06,10,1,,,,,
2014/06/28,07,10,1,,,,,
2014/06/28,08,10,1,,,,,
2014/06/28,09,11,1,,,,,
2014/06/28,10,12,3,,,,,
2014/06/28,11,13,3,,,,,
2014/06/28,12,13,3,,,,,
2014/06/28,13,13,2,,,,,
2014/06/28,14,13,3,,,,,
2014/06/28,15,13,2,,,,,
2014/06/28,16,14,3,,,,,
2014/06/28,17,14,2,,,,,
2014/06/28,18,13,3,,,,,
2014/06/28,19,13,2,,,,,
2014/06/28,20,14,3,,,,,
2014/06/28,21,13,2,,,,,
2014/06/28,22,13,3,,,,,
2014/06/28,23,12,2,,,,,
2014/06/28,24,10,1,,,,,
2014/06/29,01,10,1,,,,,
2014/06/29,02,10,1,,,,,
2014/06/29,03,10,1,,,,,
2014/06/29,04,10,1,,,,,
2014/06/29,05,10,1,,,,,
2014/06/29,06,10,1,,,,,
2014/06/29,07,10,1,,,,,
2014/06/29,08,10,1,,,,,
2014/06/29,09,10,1,,,,,
2014/06/29,10,10,1,,,,,
2014/06/29,11,10,1,,,,,
2014/06/29,12,10,1,,,,,
2014/06/29,13,10,1,,,,,
2014/06/29,14,10,1,,,,,
2014/06/29,15,10,1,,,,,
2014/06/29,16,11,1,,,,,
2014/06/29,17,11,1,,,,,
2014/06/29,18,10,1,,,,,
2014/06/29,19,10,1,,,,,
2014/06/29,20,10,1,,,,,
2014/06/29,21,10,1,,,,,
2014/06/29,22,10,1,,,,,
2014/06/29,23,10,1,,,,,
2014/06/29,24,9,1,,,,,
2014/06/30,01,10,1,,,,,
2014/06/30,02,10,1,,,,,
2014/06/30,03,10,1,,,,,
2014/06/30,04,9,1,,,,,
2014/06/30,05,10,1,,,,,
2014/06/30,06,10,1,,,,,
2014/06/30,07,10,1,,,,,
2014/06/30,08,16,1,,,,,
2014/06/30,09,93,40,,,,,
2014/06/30,10,141,69,,,,,
2014/06/30,11,135,65,,,,,
2014/06/30,12,149,74,,,,,
2014/06/30,13,98,61,,,,,
2014/06/30,14,153,83,,,,,
2014/06/30,15,173,89,,,,,
2014/06/30,16,179,99,,,,,
2014/06/30,17,182,101,,,,,
2014/06/30,18,161,90,,,,,
2014/06/30,19,135,73,,,,,
2014/06/30,20,55,16,,,,,
2014/06/30,21,37,8,,,,,
2014/06/30,22,25,6,,,,,
2014/06/30,23,21,6,,,,,
2014/06/30,24,16,3,,,,,
2014/07/01,01,11,1,,,,,
2014/07/01,02,11,1,,,,,
2014/07/01,03,11,1,,,,,
2014/07/01,04,11,1,,,,,
2014/07/01,05,11,1,,,,,
2014/07/01,06,11,1,,,,,
2014/07/01,07,11,1,,,,,
2014/07/01,08,15,1,,,,,
2014/07/01,09,100,50,,,,,
2014/07/01,10,167,92,,,,,
2014/07/01,11,178,103,,,,,
2014/07/01,12,181,106,,,,,
2014/07/01,13,124,81,,,,,
2014/07/01,14,170,93,,,,,
2014/07/01,15,199,112,,,,,
2014/07/01,16,176,95,,,,,
2014/07/01,17,194,110,,,,,
2014/07/01,18,164,92,,,,,
2014/07/01,19,150,81,,,,,
2014/07/01,20,49,19,,,,,
2014/07/01,21,27,6,,,,,
2014/07/01,22,22,5,,,,,
2014/07/01,23,19,5,,,,,
2014/07/01,24,14,2,,,,,
2014/07/02,01,11,1,,,,,
2014/07/02,02,11,1,,,,,
2014/07/02,03,11,1,,,,,
2014/07/02,04,11,1,,,,,
2014/07/02,05,11,1,,,,,
2014/07/02,06,11,1,,,,,
2014/07/02,07,12,1,,,,,
2014/07/02,08,16,2,,,,,
2014/07/02,09,117,63,,,,,
2014/07/02,10,162,85,,,,,
2014/07/02,11,187,101,,,,,
2014/07/02,12,190,106,,,,,
2014/07/02,13,144,96,,,,,
2014/07/02,14,194,114,,,,,
2014/07/02,15,228,141,,,,,
2014/07/02,16,225,142,,,,,
2014/07/02,17,233,148,,,,,
2014/07/02,18,205,125,,,,,
2014/07/02,19,185,109,,,,,
2014/07/02,20,143,81,,,,,
2014/07/02,21,82,48,,,,,
2014/07/02,22,40,17,,,,,
2014/07/02,23,19,4,,,,,
2014/07/02,24,14,2,,,,,
2014/07/03,01,13,2,,,,,
2014/07/03,02,13,2,,,,,
2014/07/03,03,12,1,,,,,
2014/07/03,04,12,1,,,,,
2014/07/03,05,12,1,,,,,
2014/07/03,06,12,2,,,,,
2014/07/03,07,12,1,,,,,
2014/07/03,08,15,2,,,,,
2014/07/03,09,120,65,,,,,
2014/07/03,10,155,84,,,,,
2014/07/03,11,162,91,,,,,
2014/07/03,12,173,103,,,,,
2014/07/03,13,125,84,,,,,
2014/07/03,14,174,95,,,,,
2014/07/03,15,185,98,,,,,
2014/07/03,16,174,90,,,,,
2014/07/03,17,177,93,,,,,
2014/07/03,18,153,80,,,,,
2014/07/03,19,144,75,,,,,
2014/07/03,20,129,71,,,,,
2014/07/03,21,63,35,,,,,
2014/07/03,22,30,9,,,,,
2014/07/03,23,20,3,,,,,
2014/07/03,24,12,1,,,,,
2014/07/04,01,10,1,,,,,
2014/07/04,02,10,1,,,,,
2014/07/04,03,10,1,,,,,
2014/07/04,04,10,1,,,,,
2014/07/04,05,10,1,,,,,
2014/07/04,06,10,1,,,,,
2014/07/04,07,10,1,,,,,
2014/07/04,08,14,1,,,,,
2014/07/04,09,105,49,,,,,
2014/07/04,10,155,75,,,,,
2014/07/04,11,167,81,,,,,
2014/07/04,12,175,89,,,,,
2014/07/04,13,127,79,,,,,
2014/07/04,14,180,98,,,,,
2014/07/04,15,185,101,,,,,
2014/07/04,16,174,98,,,,,
2014/07/04,17,181,101,,,,,
2014/07/04,18,124,71,,,,,
2014/07/04,19,94,58,,,,,
2014/07/04,20,67,36,,,,,
2014/07/04,21,28,6,,,,,
2014/07/04,22,18,3,,,,,
2014/07/04,23,16,3,,,,,
2014/07/04,24,16,3,,,,,
2014/07/05,01,13,2,,,,,
2014/07/05,02,10,1,,,,,
2014/07/05,03,10,1,,,,,
2014/07/05,04,10,1,,,,,
2014/07/05,05,10,1,,,,,
2014/07/05,06,10,1,,,,,
2014/07/05,07,10,1,,,,,
2014/07/05,08,10,1,,,,,
2014/07/05,09,9,1,,,,,
2014/07/05,10,22,8,,,,,
2014/07/05,11,23,9,,,,,
2014/07/05,12,23,9,,,,,
2014/07/05,13,16,7,,,,,
2014/07/05,14,16,7,,,,,
2014/07/05,15,20,7,,,,,
2014/07/05,16,10,1,,,,,
2014/07/05,17,10,1,,,,,
2014/07/05,18,10,1,,,,,
2014/07/05,19,10,1,,,,,
2014/07/05,20,10,1,,,,,
2014/07/05,21,10,1,,,,,
2014/07/05,22,10,1,,,,,
2014/07/05,23,9,1,,,,,
2014/07/05,24,9,1,,,,,
2014/07/06,01,9,1,,,,,
2014/07/06,02,9,1,,,,,
2014/07/06,03,9,1,,,,,
2014/07/06,04,9,1,,,,,
2014/07/06,05,9,1,,,,,
2014/07/06,06,9,1,,,,,
2014/07/06,07,9,1,,,,,
2014/07/06,08,9,1,,,,,
2014/07/06,09,9,1,,,,,
2014/07/06,10,12,3,,,,,
2014/07/06,11,12,4,,,,,
2014/07/06,12,13,5,,,,,
2014/07/06,13,11,2,,,,,
2014/07/06,14,10,1,,,,,
2014/07/06,15,10,1,,,,,
2014/07/06,16,10,1,,,,,
2014/07/06,17,10,1,,,,,
2014/07/06,18,10,1,,,,,
2014/07/06,19,12,3,,,,,
2014/07/06,20,13,3,,,,,
2014/07/06,21,10,1,,,,,
2014/07/06,22,10,1,,,,,
2014/07/06,23,9,1,,,,,
2014/07/06,24,9,1,,,,,
2014/07/07,01,9,1,,,,,
2014/07/07,02,9,1,,,,,
2014/07/07,03,9,1,,,,,
2014/07/07,04,9,1,,,,,
2014/07/07,05,9,1,,,,,
2014/07/07,06,9,1,,,,,
2014/07/07,07,9,1,,,,,
2014/07/07,08,13,1,,,,,
2014/07/07,09,105,48,,,,,
2014/07/07,10,168,83,,,,,
2014/07/07,11,179,94,,,,,
2014/07/07,12,164,86,,,,,
2014/07/07,13,97,59,,,,,
2014/07/07,14,159,85,,,,,
2014/07/07,15,178,99,,,,,
2014/07/07,16,167,90,,,,,
2014/07/07,17,181,99,,,,,
2014/07/07,18,122,70,,,,,
2014/07/07,19,89,50,,,,,
2014/07/07,20,53,18,,,,,
2014/07/07,21,27,3,,,,,
2014/07/07,22,22,3,,,,,
2014/07/07,23,18,3,,,,,
2014/07/07,24,14,2,,,,,
2014/07/08,01,11,1,,,,,
2014/07/08,02,10,1,,,,,
2014/07/08,03,10,1,,,,,
2014/07/08,04,10,1,,,,,
2014/07/08,05,10,1,,,,,
2014/07/08,06,11,1,,,,,
2014/07/08,07,10,1,,,,,
2014/07/08,08,13,1,,,,,
2014/07/08,09,111,59,,,,,
2014/07/08,10,175,94,,,,,
2014/07/08,11,193,110,,,,,
2014/07/08,12,210,130,,,,,
2014/07/08,13,157,109,,,,,
2014/07/08,14,217,132,,,,,
2014/07/08,15,233,145,,,,,
2014/07/08,16,227,140,,,,,
2014/07/08,17,223,135,,,,,
2014/07/08,18,188,110,,,,,
2014/07/08,19,184,115,,,,,
2014/07/08,20,156,92,,,,,
2014/07/08,21,143,89,,,,,
2014/07/08,22,34,13,,,,,
2014/07/08,23,15,3,,,,,
2014/07/08,24,10,1,,,,,
2014/07/09,01,10,1,,,,,
2014/07/09,02,10,1,,,,,
2014/07/09,03,10,1,,,,,
2014/07/09,04,10,1,,,,,
2014/07/09,05,10,1,,,,,
2014/07/09,06,10,1,,,,,
2014/07/09,07,10,1,,,,,
2014/07/09,08,30,17,,,,,
2014/07/09,09,172,105,,,,,
2014/07/09,10,257,166,,,,,
2014/07/09,11,249,160,,,,,
2014/07/09,12,254,166,,,,,
2014/07/09,13,177,122,,,,,
2014/07/09,14,236,148,,,,,
2014/07/09,15,244,152,,,,,
2014/07/09,16,244,158,,,,,
2014/07/09,17,250,159,,,,,
2014/07/09,18,217,134,,,,,
2014/07/09,19,210,125,,,,,
2014/07/09,20,180,117,,,,,
2014/07/09,21,144,81,,,,,
2014/07/09,22,74,50,,,,,
2014/07/09,23,25,12,,,,,
2014/07/09,24,16,5,,,,,
2014/07/10,01,16,5,,,,,
2014/07/10,02,15,5,,,,,
2014/07/10,03,15,5,,,,,
2014/07/10,04,15,5,,,,,
2014/07/10,05,15,5,,,,,
2014/07/10,06,15,5,,,,,
2014/07/10,07,15,5,,,,,
2014/07/10,08,20,7,,,,,
2014/07/10,09,168,106,,,,,
2014/07/10,10,210,127,,,,,
2014/07/10,11,220,135,,,,,
2014/07/10,12,215,131,,,,,
2014/07/10,13,146,100,,,,,
2014/07/10,14,186,104,,,,,
2014/07/10,15,205,123,,,,,
2014/07/10,16,197,123,,,,,
2014/07/10,17,216,141,,,,,
2014/07/10,18,199,131,,,,,
2014/07/10,19,178,109,,,,,
2014/07/10,20,149,90,,,,,
2014/07/10,21,130,81,,,,,
2014/07/10,22,66,43,,,,,
2014/07/10,23,24,8,,,,,
2014/07/10,24,16,3,,,,,
2014/07/11,01,13,1,,,,,
2014/07/11,02,12,1,,,,,
2014/07/11,03,12,1,,,,,
2014/07/11,04,12,1,,,,,
2014/07/11,05,12,1,,,,,
2014/07/11,06,12,1,,,,,
2014/07/11,07,12,1,,,,,
2014/07/11,08,14,1,,,,,
2014/07/11,09,146,87,,,,,
2014/07/11,10,184,105,,,,,
2014/07/11,11,206,124,,,,,
2014/07/11,12,199,119,,,,,
2014/07/11,13,144,98,,,,,
2014/07/11,14,203,126,,,,,
2014/07/11,15,217,135,,,,,
2014/07/11,16,208,130,,,,,
2014/07/11,17,211,131,,,,,
2014/07/11,18,126,79,,,,,
2014/07/11,19,42,14,,,,,
2014/07/11,20,24,7,,,,,
2014/07/11,21,20,6,,,,,
2014/07/11,22,20,6,,,,,
2014/07/11,23,18,6,,,,,
2014/07/11,24,17,5,,,,,
2014/07/12,01,13,3,,,,,
2014/07/12,02,13,3,,,,,
2014/07/12,03,11,1,,,,,
2014/07/12,04,11,1,,,,,
2014/07/12,05,11,1,,,,,
2014/07/12,06,11,1,,,,,
2014/07/12,07,11,1,,,,,
2014/07/12,08,11,1,,,,,
2014/07/12,09,15,5,,,,,
2014/07/12,10,16,6,,,,,
2014/07/12,11,18,7,,,,,
2014/07/12,12,19,8,,,,,
2014/07/12,13,18,7,,,,,
2014/07/12,14,25,15,,,,,
2014/07/12,15,24,13,,,,,
2014/07/12,16,25,13,,,,,
2014/07/12,17,23,12,,,,,
2014/07/12,18,22,11,,,,,
2014/07/12,19,20,9,,,,,
2014/07/12,20,16,5,,,,,
2014/07/12,21,15,5,,,,,
2014/07/12,22,14,3,,,,,
2014/07/12,23,14,4,,,,,
2014/07/12,24,14,4,,,,,
2014/07/13,01,13,3,,,,,
2014/07/13,02,13,3,,,,,
2014/07/13,03,13,3,,,,,
2014/07/13,04,11,1,,,,,
2014/07/13,05,12,3,,,,,
2014/07/13,06,11,1,,,,,
2014/07/13,07,11,1,,,,,
2014/07/13,08,13,3,,,,,
2014/07/13,09,11,1,,,,,
2014/07/13,10,11,2,,,,,
2014/07/13,11,11,1,,,,,
2014/07/13,12,11,1,,,,,
2014/07/13,13,12,2,,,,,
2014/07/13,14,14,4,,,,,
2014/07/13,15,13,3,,,,,
2014/07/13,16,15,5,,,,,
2014/07/13,17,14,4,,,,,
2014/07/13,18,14,4,,,,,
2014/07/13,19,14,3,,,,,
2014/07/13,20,14,3,,,,,
2014/07/13,21,12,1,,,,,
2014/07/13,22,12,1,,,,,
2014/07/13,23,11,1,,,,,
2014/07/13,24,10,1,,,,,
2014/07/14,01,11,1,,,,,
2014/07/14,02,11,1,,,,,
2014/07/14,03,10,1,,,,,
2014/07/14,04,11,1,,,,,
2014/07/14,05,11,1,,,,,
2014/07/14,06,11,1,,,,,
2014/07/14,07,11,1,,,,,
2014/07/14,08,15,1,,,,,
2014/07/14,09,109,55,,,,,
2014/07/14,10,175,97,,,,,
2014/07/14,11,183,103,,,,,
2014/07/14,12,191,111,,,,,
2014/07/14,13,122,73,,,,,
2014/07/14,14,171,95,,,,,
2014/07/14,15,183,108,,,,,
2014/07/14,16,181,108,,,,,
2014/07/14,17,205,128,,,,,
2014/07/14,18,134,85,,,,,
2014/07/14,19,86,55,,,,,
2014/07/14,20,42,16,,,,,
2014/07/14,21,22,3,,,,,
2014/07/14,22,19,2,,,,,
2014/07/14,23,12,1,,,,,
2014/07/14,24,11,1,,,,,
2014/07/15,01,11,1,,,,,
2014/07/15,02,11,1,,,,,
2014/07/15,03,11,1,,,,,
2014/07/15,04,11,1,,,,,
2014/07/15,05,11,1,,,,,
2014/07/15,06,11,1,,,,,
2014/07/15,07,12,1,,,,,
2014/07/15,08,16,3,,,,,
2014/07/15,09,103,53,,,,,
2014/07/15,10,169,99,,,,,
2014/07/15,11,190,111,,,,,
2014/07/15,12,185,105,,,,,
2014/07/15,13,157,105,,,,,
2014/07/15,14,203,126,,,,,
2014/07/15,15,216,134,,,,,
2014/07/15,16,211,133,,,,,
2014/07/15,17,199,117,,,,,
2014/07/15,18,168,101,,,,,
2014/07/15,19,153,101,,,,,
2014/07/15,20,48,15,,,,,
2014/07/15,21,30,5,,,,,
2014/07/15,22,21,3,,,,,
2014/07/15,23,16,3,,,,,
2014/07/15,24,13,2,,,,,
2014/07/16,01,11,1,,,,,
2014/07/16,02,11,1,,,,,
2014/07/16,03,11,1,,,,,
2014/07/16,04,11,1,,,,,
2014/07/16,05,11,1,,,,,
2014/07/16,06,11,1,,,,,
2014/07/16,07,11,1,,,,,
2014/07/16,08,29,16,,,,,
2014/07/16,09,141,86,,,,,
2014/07/16,10,213,132,,,,,
2014/07/16,11,234,149,,,,,
2014/07/16,12,229,145,,,,,
2014/07/16,13,179,121,,,,,
2014/07/16,14,229,147,,,,,
2014/07/16,15,241,157,,,,,
2014/07/16,16,219,141,,,,,
2014/07/16,17,215,138,,,,,
2014/07/16,18,185,118,,,,,
2014/07/16,19,163,98,,,,,
2014/07/16,20,111,53,,,,,
2014/07/16,21,108,52,,,,,
2014/07/16,22,25,5,,,,,
2014/07/16,23,17,3,,,,,
2014/07/16,24,16,2,,,,,
2014/07/17,01,13,2,,,,,
2014/07/17,02,11,1,,,,,
2014/07/17,03,11,1,,,,,
2014/07/17,04,11,1,,,,,
2014/07/17,05,11,1,,,,,
2014/07/17,06,11,1,,,,,
2014/07/17,07,11,1,,,,,
2014/07/17,08,21,7,,,,,
2014/07/17,09,163,97,,,,,
2014/07/17,10,208,121,,,,,
2014/07/17,11,229,143,,,,,
2014/07/17,12,224,142,,,,,
2014/07/17,13,169,114,,,,,
2014/07/17,14,190,109,,,,,
2014/07/17,15,199,117,,,,,
2014/07/17,16,186,108,,,,,
2014/07/17,17,199,121,,,,,
2014/07/17,18,186,116,,,,,
2014/07/17,19,162,102,,,,,
2014/07/17,20,63,28,,,,,
2014/07/17,21,51,20,,,,,
2014/07/17,22,25,7,,,,,
2014/07/17,23,15,3,,,,,
2014/07/17,24,11,1,,,,,
2014/07/18,01,11,1,,,,,
2014/07/18,02,11,1,,,,,
2014/07/18,03,11,1,,,,,
2014/07/18,04,11,1,,,,,
2014/07/18,05,11,1,,,,,
2014/07/18,06,11,1,,,,,
2014/07/18,07,11,1,,,,,
2014/07/18,08,15,2,,,,,
2014/07/18,09,136,77,,,,,
2014/07/18,10,197,115,,,,,
2014/07/18,11,208,123,,,,,
2014/07/18,12,206,122,,,,,
2014/07/18,13,157,109,,,,,
2014/07/18,14,207,127,,,,,
2014/07/18,15,223,140,,,,,
2014/07/18,16,207,132,,,,,
2014/07/18,17,231,153,,,,,
2014/07/18,18,145,95,,,,,
2014/07/18,19,98,63,,,,,
2014/07/18,20,69,44,,,,,
2014/07/18,21,29,11,,,,,
2014/07/18,22,24,8,,,,,
2014/07/18,23,21,7,,,,,
2014/07/18,24,19,8,,,,,
2014/07/19,01,14,5,,,,,
2014/07/19,02,14,5,,,,,
2014/07/19,03,14,4,,,,,
2014/07/19,04,14,5,,,,,
2014/07/19,05,13,4,,,,,
2014/07/19,06,14,5,,,,,
2014/07/19,07,14,5,,,,,
2014/07/19,08,16,5,,,,,
2014/07/19,09,103,54,,,,,
2014/07/19,10,158,89,,,,,
2014/07/19,11,157,91,,,,,
2014/07/19,12,169,103,,,,,
2014/07/19,13,105,66,,,,,
2014/07/19,14,137,84,,,,,
2014/07/19,15,139,87,,,,,
2014/07/19,16,149,97,,,,,
2014/07/19,17,121,69,,,,,
2014/07/19,18,67,36,,,,,
2014/07/19,19,43,22,,,,,
2014/07/19,20,26,8,,,,,
2014/07/19,21,12,1,,,,,
2014/07/19,22,11,1,,,,,
2014/07/19,23,11,1,,,,,
2014/07/19,24,11,1,,,,,
2014/07/20,01,11,1,,,,,
2014/07/20,02,11,1,,,,,
2014/07/20,03,11,1,,,,,
2014/07/20,04,11,1,,,,,
2014/07/20,05,11,1,,,,,
2014/07/20,06,11,1,,,,,
2014/07/20,07,11,1,,,,,
2014/07/20,08,11,1,,,,,
2014/07/20,09,10,1,,,,,
2014/07/20,10,10,2,,,,,
2014/07/20,11,11,2,,,,,
2014/07/20,12,17,2,,,,,
2014/07/20,13,16,2,,,,,
2014/07/20,14,38,25,,,,,
2014/07/20,15,56,41,,,,,
2014/07/20,16,58,42,,,,,
2014/07/20,17,54,40,,,,,
2014/07/20,18,23,10,,,,,
2014/07/20,19,14,0,,,,,
2014/07/20,20,11,0,,,,,
2014/07/20,21,10,0,,,,,
2014/07/20,22,10,0,,,,,
2014/07/20,23,9,0,,,,,
2014/07/20,24,9,0,,,,,
2014/07/21,01,9,0,,,,,
2014/07/21,02,9,0,,,,,
2014/07/21,03,9,0,,,,,
2014/07/21,04,9,0,,,,,
2014/07/21,05,9,0,,,,,
2014/07/21,06,9,0,,,,,
2014/07/21,07,9,0,,,,,
2014/07/21,08,12,3,,,,,
2014/07/21,09,16,6,,,,,
2014/07/21,10,21,10,,,,,
2014/07/21,11,22,11,,,,,
2014/07/21,12,20,9,,,,,
2014/07/21,13,17,6,,,,,
2014/07/21,14,19,9,,,,,
2014/07/21,15,23,12,,,,,
2014/07/21,16,23,12,,,,,
2014/07/21,17,19,9,,,,,
2014/07/21,18,16,6,,,,,
2014/07/21,19,10,1,,,,,
2014/07/21,20,10,0,,,,,
2014/07/21,21,10,0,,,,,
2014/07/21,22,10,0,,,,,
2014/07/21,23,9,0,,,,,
2014/07/21,24,9,0,,,,,
2014/07/22,01,9,0,,,,,
2014/07/22,02,9,0,,,,,
2014/07/22,03,9,0,,,,,
2014/07/22,04,9,0,,,,,
2014/07/22,05,9,0,,,,,
2014/07/22,06,9,0,,,,,
2014/07/22,07,11,2,,,,,
2014/07/22,08,16,4,,,,,
2014/07/22,09,147,88,,,,,
2014/07/22,10,220,143,,,,,
2014/07/22,11,220,143,,,,,
2014/07/22,12,226,150,,,,,
2014/07/22,13,166,116,,,,,
2014/07/22,14,245,160,,,,,
2014/07/22,15,275,174,,,,,
2014/07/22,16,253,159,,,,,
2014/07/22,17,251,156,,,,,
2014/07/22,18,157,102,,,,,
2014/07/22,19,94,50,,,,,
2014/07/22,20,77,45,,,,,
2014/07/22,21,30,9,,,,,
2014/07/22,22,20,5,,,,,
2014/07/22,23,16,4,,,,,
2014/07/22,24,13,3,,,,,
2014/07/23,01,11,1,,,,,
2014/07/23,02,11,1,,,,,
2014/07/23,03,11,1,,,,,
2014/07/23,04,11,1,,,,,
2014/07/23,05,11,1,,,,,
2014/07/23,06,11,1,,,,,
2014/07/23,07,12,2,,,,,
2014/07/23,08,31,19,,,,,
2014/07/23,09,165,112,,,,,
2014/07/23,10,236,148,,,,,
2014/07/23,11,245,158,,,,,
2014/07/23,12,259,166,,,,,
2014/07/23,13,177,123,,,,,
2014/07/23,14,248,158,,,,,
2014/07/23,15,253,160,,,,,
2014/07/23,16,226,141,,,,,
2014/07/23,17,243,146,,,,,
2014/07/23,18,165,98,,,,,
2014/07/23,19,118,56,,,,,
2014/07/23,20,95,44,,,,,
2014/07/23,21,50,15,,,,,
2014/07/23,22,25,4,,,,,
2014/07/23,23,19,4,,,,,
2014/07/23,24,12,1,,,,,
2014/07/24,01,11,1,,,,,
2014/07/24,02,10,1,,,,,
2014/07/24,03,10,1,,,,,
2014/07/24,04,10,1,,,,,
2014/07/24,05,10,1,,,,,
2014/07/24,06,11,1,,,,,
2014/07/24,07,10,1,,,,,
2014/07/24,08,19,6,,,,,
2014/07/24,09,167,103,,,,,
2014/07/24,10,227,128,,,,,
2014/07/24,11,229,132,,,,,
2014/07/24,12,208,113,,,,,
2014/07/24,13,146,99,,,,,
2014/07/24,14,219,125,,,,,
2014/07/24,15,248,144,,,,,
2014/07/24,16,232,139,,,,,
2014/07/24,17,256,160,,,,,
2014/07/24,18,200,137,,,,,
2014/07/24,19,191,123,,,,,
2014/07/24,20,116,63,,,,,
2014/07/24,21,97,57,,,,,
2014/07/24,22,40,18,,,,,
2014/07/24,23,17,3,,,,,
2014/07/24,24,13,2,,,,,
2014/07/25,01,10,1,,,,,
2014/07/25,02,10,1,,,,,
2014/07/25,03,10,1,,,,,
2014/07/25,04,10,1,,,,,
2014/07/25,05,10,1,,,,,
2014/07/25,06,10,1,,,,,
2014/07/25,07,10,1,,,,,
2014/07/25,08,14,3,,,,,
2014/07/25,09,177,111,,,,,
2014/07/25,10,255,145,,,,,
2014/07/25,11,258,153,,,,,
2014/07/25,12,270,164,,,,,
2014/07/25,13,193,138,,,,,
2014/07/25,14,278,174,,,,,
2014/07/25,15,283,178,,,,,
2014/07/25,16,259,160,,,,,
2014/07/25,17,280,178,,,,,
2014/07/25,18,259,169,,,,,
2014/07/25,19,218,149,,,,,
2014/07/25,20,109,57,,,,,
2014/07/25,21,94,50,,,,,
2014/07/25,22,29,8,,,,,
2014/07/25,23,12,1,,,,,
2014/07/25,24,12,1,,,,,
2014/07/26,01,11,1,,,,,
2014/07/26,02,11,1,,,,,
2014/07/26,03,11,1,,,,,
2014/07/26,04,11,1,,,,,
2014/07/26,05,11,1,,,,,
2014/07/26,06,11,1,,,,,
2014/07/26,07,11,1,,,,,
2014/07/26,08,29,17,,,,,
2014/07/26,09,222,151,,,,,
2014/07/26,10,274,177,,,,,
2014/07/26,11,272,187,,,,,
2014/07/26,12,281,190,,,,,
2014/07/26,13,193,142,,,,,
2014/07/26,14,249,173,,,,,
2014/07/26,15,276,197,,,,,
2014/07/26,16,269,193,,,,,
2014/07/26,17,268,188,,,,,
2014/07/26,18,149,105,,,,,
2014/07/26,19,77,51,,,,,
2014/07/26,20,64,42,,,,,
2014/07/26,21,40,22,,,,,
2014/07/26,22,21,8,,,,,
2014/07/26,23,17,5,,,,,
2014/07/26,24,18,6,,,,,
2014/07/27,01,17,6,,,,,
2014/07/27,02,11,2,,,,,
2014/07/27,03,11,3,,,,,
2014/07/27,04,11,2,,,,,
2014/07/27,05,11,2,,,,,
2014/07/27,06,11,2,,,,,
2014/07/27,07,11,2,,,,,
2014/07/27,08,10,1,,,,,
2014/07/27,09,10,1,,,,,
2014/07/27,10,11,2,,,,,
2014/07/27,11,11,2,,,,,
2014/07/27,12,11,2,,,,,
2014/07/27,13,12,3,,,,,
2014/07/27,14,12,3,,,,,
2014/07/27,15,21,11,,,,,
2014/07/27,16,13,4,,,,,
2014/07/27,17,12,3,,,,,
2014/07/27,18,12,3,,,,,
2014/07/27,19,12,2,,,,,
2014/07/27,20,11,2,,,,,
2014/07/27,21,11,2,,,,,
2014/07/27,22,11,1,,,,,
2014/07/27,23,10,1,,,,,
2014/07/27,24,10,1,,,,,
2014/07/28,01,10,1,,,,,
2014/07/28,02,10,1,,,,,
2014/07/28,03,10,1,,,,,
2014/07/28,04,10,1,,,,,
2014/07/28,05,10,1,,,,,
2014/07/28,06,10,1,,,,,
2014/07/28,07,12,3,,,,,
2014/07/28,08,22,10,,,,,
2014/07/28,09,145,95,,,,,
2014/07/28,10,212,135,,,,,
2014/07/28,11,217,136,,,,,
2014/07/28,12,235,142,,,,,
2014/07/28,13,155,110,,,,,
2014/07/28,14,216,138,,,,,
2014/07/28,15,238,157,,,,,
2014/07/28,16,230,149,,,,,
2014/07/28,17,233,154,,,,,
2014/07/28,18,197,130,,,,,
2014/07/28,19,155,106,,,,,
2014/07/28,20,135,93,,,,,
2014/07/28,21,122,82,,,,,
2014/07/28,22,62,40,,,,,
2014/07/28,23,55,35,,,,,
2014/07/28,24,21,7,,,,,
2014/07/29,01,12,2,,,,,
2014/07/29,02,12,2,,,,,
2014/07/29,03,11,2,,,,,
2014/07/29,04,11,2,,,,,
2014/07/29,05,11,2,,,,,
2014/07/29,06,11,2,,,,,
2014/07/29,07,12,2,,,,,
2014/07/29,08,20,8,,,,,
2014/07/29,09,141,86,,,,,
2014/07/29,10,194,119,,,,,
2014/07/29,11,218,140,,,,,
2014/07/29,12,231,157,,,,,
2014/07/29,13,176,124,,,,,
2014/07/29,14,228,150,,,,,
2014/07/29,15,259,170,,,,,
2014/07/29,16,247,164,,,,,
2014/07/29,17,267,172,,,,,
2014/07/29,18,206,141,,,,,
2014/07/29,19,179,115,,,,,
2014/07/29,20,151,89,,,,,
2014/07/29,21,150,88,,,,,
2014/07/29,22,36,13,,,,,
2014/07/29,23,16,4,,,,,
2014/07/29,24,14,3,,,,,
2014/07/30,01,13,3,,,,,
2014/07/30,02,10,1,,,,,
2014/07/30,03,10,1,,,,,
2014/07/30,04,10,1,,,,,
2014/07/30,05,10,1,,,,,
2014/07/30,06,10,1,,,,,
2014/07/30,07,10,1,,,,,
2014/07/30,08,34,23,,,,,
2014/07/30,09,187,111,,,,,
2014/07/30,10,243,143,,,,,
2014/07/30,11,261,163,,,,,
2014/07/30,12,266,165,,,,,
2014/07/30,13,184,130,,,,,
2014/07/30,14,269,170,,,,,
2014/07/30,15,271,170,,,,,
2014/07/30,16,263,176,,,,,
2014/07/30,17,281,185,,,,,
2014/07/30,18,251,171,,,,,
2014/07/30,19,240,159,,,,,
2014/07/30,20,211,129,,,,,
2014/07/30,21,175,105,,,,,
2014/07/30,22,89,51,,,,,
2014/07/30,23,29,12,,,,,
2014/07/30,24,21,7,,,,,
2014/07/31,01,17,6,,,,,
2014/07/31,02,14,4,,,,,
2014/07/31,03,14,4,,,,,
2014/07/31,04,14,5,,,,,
2014/07/31,05,13,3,,,,,
2014/07/31,06,13,3,,,,,
2014/07/31,07,13,3,,,,,
2014/07/31,08,30,19,,,,,
2014/07/31,09,208,143,,,,,
2014/07/31,10,270,170,,,,,
2014/07/31,11,272,175,,,,,
2014/07/31,12,276,170,,,,,
2014/07/31,13,207,150,,,,,
2014/07/31,14,274,173,,,,,
2014/07/31,15,274,172,,,,,
2014/07/31,16,262,176,,,,,
2014/07/31,17,284,182,,,,,
2014/07/31,18,256,169,,,,,
2014/07/31,19,247,158,,,,,
2014/07/31,20,195,124,,,,,
2014/07/31,21,197,112,,,,,
2014/07/31,22,166,100,,,,,
2014/07/31,23,80,44,,,,,
2014/07/31,24,37,18,,,,,
2014/08/01,01,11,1,,,,,
2014/08/01,02,11,1,,,,,
2014/08/01,03,11,1,,,,,
2014/08/01,04,11,1,,,,,
2014/08/01,05,11,1,,,,,
2014/08/01,06,11,1,,,,,
2014/08/01,07,11,1,,,,,
2014/08/01,08,23,11,,,,,
2014/08/01,09,218,145,,,,,
2014/08/01,10,246,160,,,,,
2014/08/01,11,259,170,,,,,
2014/08/01,12,257,174,,,,,
2014/08/01,13,211,160,,,,,
2014/08/01,14,254,174,,,,,
2014/08/01,15,270,180,,,,,
2014/08/01,16,269,180,,,,,
2014/08/01,17,274,175,,,,,
2014/08/01,18,239,163,,,,,
2014/08/01,19,147,96,,,,,
2014/08/01,20,54,25,,,,,
2014/08/01,21,24,6,,,,,
2014/08/01,22,17,5,,,,,
2014/08/01,23,14,4,,,,,
2014/08/01,24,13,4,,,,,
2014/08/02,01,13,3,,,,,
2014/08/02,02,11,2,,,,,
2014/08/02,03,10,1,,,,,
2014/08/02,04,10,1,,,,,
2014/08/02,05,10,1,,,,,
2014/08/02,06,10,1,,,,,
2014/08/02,07,10,1,,,,,
2014/08/02,08,10,1,,,,,
2014/08/02,09,10,1,,,,,
2014/08/02,10,15,5,,,,,
2014/08/02,11,16,5,,,,,
2014/08/02,12,16,6,,,,,
2014/08/02,13,16,6,,,,,
2014/08/02,14,19,9,,,,,
2014/08/02,15,17,7,,,,,
2014/08/02,16,15,5,,,,,
2014/08/02,17,15,5,,,,,
2014/08/02,18,12,3,,,,,
2014/08/02,19,11,1,,,,,
2014/08/02,20,11,1,,,,,
2014/08/02,21,11,1,,,,,
2014/08/02,22,10,1,,,,,
2014/08/02,23,10,1,,,,,
2014/08/02,24,10,1,,,,,
2014/08/03,01,10,1,,,,,
2014/08/03,02,10,1,,,,,
2014/08/03,03,10,1,,,,,
2014/08/03,04,10,1,,,,,
2014/08/03,05,10,1,,,,,
2014/08/03,06,10,1,,,,,
2014/08/03,07,10,1,,,,,
2014/08/03,08,10,1,,,,,
2014/08/03,09,10,1,,,,,
2014/08/03,10,10,1,,,,,
2014/08/03,11,11,2,,,,,
2014/08/03,12,11,1,,,,,
2014/08/03,13,11,2,,,,,
2014/08/03,14,11,2,,,,,
2014/08/03,15,11,2,,,,,
2014/08/03,16,11,2,,,,,
2014/08/03,17,11,2,,,,,
2014/08/03,18,11,1,,,,,
2014/08/03,19,11,2,,,,,
2014/08/03,20,11,1,,,,,
2014/08/03,21,11,1,,,,,
2014/08/03,22,11,1,,,,,
2014/08/03,23,10,1,,,,,
2014/08/03,24,10,1,,,,,
2014/08/04,01,10,1,,,,,
2014/08/04,02,10,1,,,,,
2014/08/04,03,10,1,,,,,
2014/08/04,04,10,1,,,,,
2014/08/04,05,10,1,,,,,
2014/08/04,06,10,1,,,,,
2014/08/04,07,10,1,,,,,
2014/08/04,08,27,16,,,,,
2014/08/04,09,199,134,,,,,
2014/08/04,10,249,160,,,,,
2014/08/04,11,251,157,,,,,
2014/08/04,12,258,160,,,,,
2014/08/04,13,187,146,,,,,
2014/08/04,14,264,165,,,,,
2014/08/04,15,282,178,,,,,
2014/08/04,16,258,164,,,,,
2014/08/04,17,266,168,,,,,
2014/08/04,18,218,131,,,,,
2014/08/04,19,190,107,,,,,
2014/08/04,20,63,27,,,,,
2014/08/04,21,37,6,,,,,
2014/08/04,22,26,4,,,,,
2014/08/04,23,22,4,,,,,
2014/08/04,24,18,3,,,,,
2014/08/05,01,13,1,,,,,
2014/08/05,02,10,1,,,,,
2014/08/05,03,10,1,,,,,
2014/08/05,04,10,1,,,,,
2014/08/05,05,10,1,,,,,
2014/08/05,06,10,1,,,,,
2014/08/05,07,10,1,,,,,
2014/08/05,08,27,15,,,,,
2014/08/05,09,192,126,,,,,
2014/08/05,10,268,158,,,,,
2014/08/05,11,279,173,,,,,
2014/08/05,12,276,170,,,,,
2014/08/05,13,200,152,,,,,
2014/08/05,14,268,172,,,,,
2014/08/05,15,276,172,,,,,
2014/08/05,16,267,174,,,,,
2014/08/05,17,291,189,,,,,
2014/08/05,18,256,158,,,,,
2014/08/05,19,209,133,,,,,
2014/08/05,20,166,105,,,,,
2014/08/05,21,167,104,,,,,
2014/08/05,22,42,21,,,,,
2014/08/05,23,22,7,,,,,
2014/08/05,24,20,7,,,,,
2014/08/06,01,17,5,,,,,
2014/08/06,02,12,1,,,,,
2014/08/06,03,11,1,,,,,
2014/08/06,04,11,1,,,,,
2014/08/06,05,11,1,,,,,
2014/08/06,06,11,1,,,,,
2014/08/06,07,11,1,,,,,
2014/08/06,08,29,17,,,,,
2014/08/06,09,207,133,,,,,
2014/08/06,10,264,163,,,,,
2014/08/06,11,272,172,,,,,
2014/08/06,12,273,170,,,,,
2014/08/06,13,204,148,,,,,
2014/08/06,14,267,164,,,,,
2014/08/06,15,263,176,,,,,
2014/08/06,16,250,160,,,,,
2014/08/06,17,250,156,,,,,
2014/08/06,18,226,135,,,,,
2014/08/06,19,207,115,,,,,
2014/08/06,20,179,95,,,,,
2014/08/06,21,164,82,,,,,
2014/08/06,22,83,47,,,,,
2014/08/06,23,73,39,,,,,
2014/08/06,24,23,6,,,,,
2014/08/07,01,14,3,,,,,
2014/08/07,02,13,2,,,,,
2014/08/07,03,12,2,,,,,
2014/08/07,04,12,2,,,,,
2014/08/07,05,12,2,,,,,
2014/08/07,06,12,2,,,,,
2014/08/07,07,12,2,,,,,
2014/08/07,08,24,13,,,,,
2014/08/07,09,191,118,,,,,
2014/08/07,10,244,142,,,,,
2014/08/07,11,241,143,,,,,
2014/08/07,12,239,140,,,,,
2014/08/07,13,175,123,,,,,
2014/08/07,14,248,149,,,,,
2014/08/07,15,239,146,,,,,
2014/08/07,16,240,149,,,,,
2014/08/07,17,265,170,,,,,
2014/08/07,18,231,152,,,,,
2014/08/07,19,214,141,,,,,
2014/08/07,20,158,99,,,,,
2014/08/07,21,132,78,,,,,
2014/08/07,22,73,48,,,,,
2014/08/07,23,61,38,,,,,
2014/08/07,24,24,9,,,,,
2014/08/08,01,14,3,,,,,
2014/08/08,02,13,3,,,,,
2014/08/08,03,12,2,,,,,
2014/08/08,04,12,2,,,,,
2014/08/08,05,12,2,,,,,
2014/08/08,06,12,2,,,,,
2014/08/08,07,12,2,,,,,
2014/08/08,08,23,11,,,,,
2014/08/08,09,167,104,,,,,
2014/08/08,10,208,124,,,,,
2014/08/08,11,216,128,,,,,
2014/08/08,12,225,122,,,,,
2014/08/08,13,140,93,,,,,
2014/08/08,14,196,105,,,,,
2014/08/08,15,201,108,,,,,
2014/08/08,16,172,94,,,,,
2014/08/08,17,185,99,,,,,
2014/08/08,18,121,66,,,,,
2014/08/08,19,85,40,,,,,
2014/08/08,20,78,29,,,,,
2014/08/08,21,24,5,,,,,
2014/08/08,22,17,3,,,,,
2014/08/08,23,17,3,,,,,
2014/08/08,24,14,2,,,,,
2014/08/09,01,11,1,,,,,
2014/08/09,02,10,1,,,,,
2014/08/09,03,10,1,,,,,
2014/08/09,04,10,1,,,,,
2014/08/09,05,10,1,,,,,
2014/08/09,06,10,1,,,,,
2014/08/09,07,10,1,,,,,
2014/08/09,08,11,1,,,,,
2014/08/09,09,73,28,,,,,
2014/08/09,10,143,68,,,,,
2014/08/09,11,157,79,,,,,
2014/08/09,12,162,85,,,,,
2014/08/09,13,88,53,,,,,
2014/08/09,14,139,64,,,,,
2014/08/09,15,165,81,,,,,
2014/08/09,16,138,66,,,,,
2014/08/09,17,161,81,,,,,
2014/08/09,18,58,24,,,,,
2014/08/09,19,14,2,,,,,
2014/08/09,20,11,1,,,,,
2014/08/09,21,11,1,,,,,
2014/08/09,22,11,1,,,,,
2014/08/09,23,10,1,,,,,
2014/08/09,24,10,1,,,,,
2014/08/10,01,10,1,,,,,
2014/08/10,02,10,1,,,,,
2014/08/10,03,10,1,,,,,
2014/08/10,04,10,1,,,,,
2014/08/10,05,10,1,,,,,
2014/08/10,06,10,1,,,,,
2014/08/10,07,10,1,,,,,
2014/08/10,08,10,1,,,,,
2014/08/10,09,10,1,,,,,
2014/08/10,10,11,1,,,,,
2014/08/10,11,11,1,,,,,
2014/08/10,12,12,2,,,,,
2014/08/10,13,14,4,,,,,
2014/08/10,14,13,3,,,,,
2014/08/10,15,13,3,,,,,
2014/08/10,16,10,1,,,,,
2014/08/10,17,11,1,,,,,
2014/08/10,18,12,2,,,,,
2014/08/10,19,12,2,,,,,
2014/08/10,20,12,2,,,,,
2014/08/10,21,12,2,,,,,
2014/08/10,22,11,1,,,,,
2014/08/10,23,11,1,,,,,
2014/08/10,24,11,1,,,,,
2014/08/11,01,13,3,,,,,
2014/08/11,02,11,1,,,,,
2014/08/11,03,10,1,,,,,
2014/08/11,04,10,1,,,,,
2014/08/11,05,10,1,,,,,
2014/08/11,06,10,1,,,,,
2014/08/11,07,10,1,,,,,
2014/08/11,08,17,5,,,,,
2014/08/11,09,131,67,,,,,
2014/08/11,10,204,104,,,,,
2014/08/11,11,200,106,,,,,
2014/08/11,12,204,108,,,,,
2014/08/11,13,134,86,,,,,
2014/08/11,14,192,100,,,,,
2014/08/11,15,212,117,,,,,
2014/08/11,16,184,101,,,,,
2014/08/11,17,203,109,,,,,
2014/08/11,18,130,74,,,,,
2014/08/11,19,95,47,,,,,
2014/08/11,20,32,7,,,,,
2014/08/11,21,23,4,,,,,
2014/08/11,22,22,4,,,,,
2014/08/11,23,21,4,,,,,
2014/08/11,24,19,3,,,,,
2014/08/12,01,15,1,,,,,
2014/08/12,02,13,1,,,,,
2014/08/12,03,11,1,,,,,
2014/08/12,04,11,1,,,,,
2014/08/12,05,11,1,,,,,
2014/08/12,06,11,1,,,,,
2014/08/12,07,11,1,,,,,
2014/08/12,08,16,3,,,,,
2014/08/12,09,115,62,,,,,
2014/08/12,10,191,96,,,,,
2014/08/12,11,216,120,,,,,
2014/08/12,12,213,114,,,,,
2014/08/12,13,142,91,,,,,
2014/08/12,14,199,107,,,,,
2014/08/12,15,223,127,,,,,
2014/08/12,16,202,117,,,,,
2014/08/12,17,234,134,,,,,
2014/08/12,18,185,116,,,,,
2014/08/12,19,170,106,,,,,
2014/08/12,20,50,22,,,,,
2014/08/12,21,28,9,,,,,
2014/08/12,22,19,4,,,,,
2014/08/12,23,15,3,,,,,
2014/08/12,24,11,1,,,,,
2014/08/13,01,11,1,,,,,
2014/08/13,02,11,1,,,,,
2014/08/13,03,11,1,,,,,
2014/08/13,04,11,1,,,,,
2014/08/13,05,11,1,,,,,
2014/08/13,06,11,1,,,,,
2014/08/13,07,12,1,,,,,
2014/08/13,08,29,18,,,,,
2014/08/13,09,147,76,,,,,
2014/08/13,10,208,110,,,,,
2014/08/13,11,229,129,,,,,
2014/08/13,12,231,132,,,,,
2014/08/13,13,156,108,,,,,
2014/08/13,14,213,124,,,,,
2014/08/13,15,228,137,,,,,
2014/08/13,16,222,137,,,,,
2014/08/13,17,227,138,,,,,
2014/08/13,18,175,107,,,,,
2014/08/13,19,155,82,,,,,
2014/08/13,20,86,36,,,,,
2014/08/13,21,16,3,,,,,
2014/08/13,22,15,4,,,,,
2014/08/13,23,15,3,,,,,
2014/08/13,24,14,3,,,,,
2014/08/14,01,9,1,,,,,
2014/08/14,02,9,1,,,,,
2014/08/14,03,9,1,,,,,
2014/08/14,04,9,1,,,,,
2014/08/14,05,9,1,,,,,
2014/08/14,06,9,1,,,,,
2014/08/14,07,9,1,,,,,
2014/08/14,08,9,1,,,,,
2014/08/14,09,10,2,,,,,
2014/08/14,10,10,2,,,,,
2014/08/14,11,11,2,,,,,
2014/08/14,12,12,3,,,,,
2014/08/14,13,13,4,,,,,
2014/08/14,14,13,4,,,,,
2014/08/14,15,16,6,,,,,
2014/08/14,16,14,5,,,,,
2014/08/14,17,13,4,,,,,
2014/08/14,18,14,5,,,,,
2014/08/14,19,12,2,,,,,
2014/08/14,20,10,1,,,,,
2014/08/14,21,10,1,,,,,
2014/08/14,22,10,1,,,,,
2014/08/14,23,9,1,,,,,
2014/08/14,24,9,1,,,,,
2014/08/15,01,9,1,,,,,
2014/08/15,02,9,1,,,,,
2014/08/15,03,9,1,,,,,
2014/08/15,04,9,1,,,,,
2014/08/15,05,9,1,,,,,
2014/08/15,06,9,1,,,,,
2014/08/15,07,9,1,,,,,
2014/08/15,08,9,1,,,,,
2014/08/15,09,9,1,,,,,
2014/08/15,10,9,1,,,,,
2014/08/15,11,10,1,,,,,
2014/08/15,12,10,1,,,,,
2014/08/15,13,9,1,,,,,
2014/08/15,14,9,1,,,,,
2014/08/15,15,9,1,,,,,
2014/08/15,16,13,5,,,,,
2014/08/15,17,13,5,,,,,
2014/08/15,18,13,5,,,,,
2014/08/15,19,13,4,,,,,
2014/08/15,20,13,4,,,,,
2014/08/15,21,10,1,,,,,
2014/08/15,22,10,1,,,,,
2014/08/15,23,9,1,,,,,
2014/08/15,24,9,1,,,,,
2014/08/16,01,9,1,,,,,
2014/08/16,02,9,1,,,,,
2014/08/16,03,9,1,,,,,
2014/08/16,04,9,1,,,,,
2014/08/16,05,9,1,,,,,
2014/08/16,06,9,1,,,,,
2014/08/16,07,9,1,,,,,
2014/08/16,08,9,1,,,,,
2014/08/16,09,9,1,,,,,
2014/08/16,10,9,1,,,,,
2014/08/16,11,9,1,,,,,
2014/08/16,12,11,2,,,,,
2014/08/16,13,12,3,,,,,
2014/08/16,14,11,3,,,,,
2014/08/16,15,11,1,,,,,
2014/08/16,16,11,1,,,,,
2014/08/16,17,10,1,,,,,
2014/08/16,18,10,1,,,,,
2014/08/16,19,11,1,,,,,
2014/08/16,20,11,1,,,,,
2014/08/16,21,11,1,,,,,
2014/08/16,22,11,1,,,,,
2014/08/16,23,10,1,,,,,
2014/08/16,24,10,1,,,,,
2014/08/17,01,10,1,,,,,
2014/08/17,02,10,1,,,,,
2014/08/17,03,10,1,,,,,
2014/08/17,04,10,1,,,,,
2014/08/17,05,10,1,,,,,
2014/08/17,06,10,1,,,,,
2014/08/17,07,10,1,,,,,
2014/08/17,08,10,1,,,,,
2014/08/17,09,10,1,,,,,
2014/08/17,10,10,1,,,,,
2014/08/17,11,10,1,,,,,
2014/08/17,12,10,1,,,,,
2014/08/17,13,11,1,,,,,
2014/08/17,14,16,6,,,,,
2014/08/17,15,14,4,,,,,
2014/08/17,16,14,5,,,,,
2014/08/17,17,14,5,,,,,
2014/08/17,18,13,3,,,,,
2014/08/17,19,13,3,,,,,
2014/08/17,20,13,3,,,,,
2014/08/17,21,11,1,,,,,
2014/08/17,22,11,1,,,,,
2014/08/17,23,10,1,,,,,
2014/08/17,24,10,1,,,,,
2014/08/18,01,10,1,,,,,
2014/08/18,02,10,1,,,,,
2014/08/18,03,10,1,,,,,
2014/08/18,04,10,1,,,,,
2014/08/18,05,10,1,,,,,
2014/08/18,06,10,1,,,,,
2014/08/18,07,10,1,,,,,
2014/08/18,08,17,6,,,,,
2014/08/18,09,142,85,,,,,
2014/08/18,10,203,117,,,,,
2014/08/18,11,223,135,,,,,
2014/08/18,12,245,151,,,,,
2014/08/18,13,198,141,,,,,
2014/08/18,14,267,166,,,,,
2014/08/18,15,274,172,,,,,
2014/08/18,16,258,168,,,,,
2014/08/18,17,270,170,,,,,
2014/08/18,18,209,130,,,,,
2014/08/18,19,143,82,,,,,
2014/08/18,20,41,14,,,,,
2014/08/18,21,30,5,,,,,
2014/08/18,22,23,4,,,,,
2014/08/18,23,22,7,,,,,
2014/08/18,24,14,2,,,,,
2014/08/19,01,12,2,,,,,
2014/08/19,02,11,1,,,,,
2014/08/19,03,10,1,,,,,
2014/08/19,04,11,1,,,,,
2014/08/19,05,10,1,,,,,
2014/08/19,06,10,1,,,,,
2014/08/19,07,10,1,,,,,
2014/08/19,08,21,10,,,,,
2014/08/19,09,176,116,,,,,
2014/08/19,10,248,149,,,,,
2014/08/19,11,266,164,,,,,
2014/08/19,12,273,169,,,,,
2014/08/19,13,199,140,,,,,
2014/08/19,14,276,182,,,,,
2014/08/19,15,283,184,,,,,
2014/08/19,16,274,182,,,,,
2014/08/19,17,283,184,,,,,
2014/08/19,18,258,171,,,,,
2014/08/19,19,203,118,,,,,
2014/08/19,20,108,53,,,,,
2014/08/19,21,48,19,,,,,
2014/08/19,22,30,10,,,,,
2014/08/19,23,24,9,,,,,
2014/08/19,24,15,4,,,,,
2014/08/20,01,12,2,,,,,
2014/08/20,02,12,2,,,,,
2014/08/20,03,12,2,,,,,
2014/08/20,04,12,2,,,,,
2014/08/20,05,11,2,,,,,
2014/08/20,06,12,2,,,,,
2014/08/20,07,12,2,,,,,
2014/08/20,08,45,33,,,,,
2014/08/20,09,209,135,,,,,
2014/08/20,10,265,164,,,,,
2014/08/20,11,269,168,,,,,
2014/08/20,12,279,184,,,,,
2014/08/20,13,215,156,,,,,
2014/08/20,14,270,176,,,,,
2014/08/20,15,270,184,,,,,
2014/08/20,16,283,182,,,,,
2014/08/20,17,284,177,,,,,
2014/08/20,18,216,138,,,,,
2014/08/20,19,90,53,,,,,
2014/08/20,20,50,23,,,,,
2014/08/20,21,39,16,,,,,
2014/08/20,22,21,5,,,,,
2014/08/20,23,14,1,,,,,
2014/08/20,24,11,1,,,,,
2014/08/21,01,11,1,,,,,
2014/08/21,02,10,1,,,,,
2014/08/21,03,11,1,,,,,
2014/08/21,04,11,1,,,,,
2014/08/21,05,11,1,,,,,
2014/08/21,06,11,1,,,,,
2014/08/21,07,11,1,,,,,
2014/08/21,08,29,18,,,,,
2014/08/21,09,205,139,,,,,
2014/08/21,10,270,163,,,,,
2014/08/21,11,281,177,,,,,
2014/08/21,12,278,175,,,,,
2014/08/21,13,214,158,,,,,
2014/08/21,14,281,180,,,,,
2014/08/21,15,281,177,,,,,
2014/08/21,16,285,186,,,,,
2014/08/21,17,284,181,,,,,
2014/08/21,18,199,133,,,,,
2014/08/21,19,129,78,,,,,
2014/08/21,20,41,19,,,,,
2014/08/21,21,28,11,,,,,
2014/08/21,22,25,10,,,,,
2014/08/21,23,21,8,,,,,
2014/08/21,24,12,1,,,,,
2014/08/22,01,11,1,,,,,
2014/08/22,02,11,1,,,,,
2014/08/22,03,10,1,,,,,
2014/08/22,04,11,1,,,,,
2014/08/22,05,10,1,,,,,
2014/08/22,06,10,1,,,,,
2014/08/22,07,11,1,,,,,
2014/08/22,08,33,22,,,,,
2014/08/22,09,228,147,,,,,
2014/08/22,10,271,166,,,,,
2014/08/22,11,272,170,,,,,
2014/08/22,12,252,148,,,,,
2014/08/22,13,186,112,,,,,
2014/08/22,14,226,123,,,,,
2014/08/22,15,230,129,,,,,
2014/08/22,16,222,129,,,,,
2014/08/22,17,242,142,,,,,
2014/08/22,18,163,95,,,,,
2014/08/22,19,121,69,,,,,
2014/08/22,20,93,49,,,,,
2014/08/22,21,40,15,,,,,
2014/08/22,22,16,2,,,,,
2014/08/22,23,15,3,,,,,
2014/08/22,24,11,1,,,,,
2014/08/23,01,10,1,,,,,
2014/08/23,02,10,1,,,,,
2014/08/23,03,10,1,,,,,
2014/08/23,04,10,1,,,,,
2014/08/23,05,10,1,,,,,
2014/08/23,06,11,1,,,,,
2014/08/23,07,10,1,,,,,
2014/08/23,08,18,7,,,,,
2014/08/23,09,191,112,,,,,
2014/08/23,10,243,141,,,,,
2014/08/23,11,250,150,,,,,
2014/08/23,12,260,157,,,,,
2014/08/23,13,195,130,,,,,
2014/08/23,14,253,153,,,,,
2014/08/23,15,265,167,,,,,
2014/08/23,16,257,166,,,,,
2014/08/23,17,257,162,,,,,
2014/08/23,18,134,72,,,,,
2014/08/23,19,45,16,,,,,
2014/08/23,20,13,2,,,,,
2014/08/23,21,11,1,,,,,
2014/08/23,22,10,1,,,,,
2014/08/23,23,9,1,,,,,
2014/08/23,24,10,1,,,,,
2014/08/24,01,9,1,,,,,
2014/08/24,02,9,1,,,,,
2014/08/24,03,10,1,,,,,
2014/08/24,04,9,1,,,,,
2014/08/24,05,10,1,,,,,
2014/08/24,06,10,1,,,,,
2014/08/24,07,10,1,,,,,
2014/08/24,08,10,1,,,,,
2014/08/24,09,10,1,,,,,
2014/08/24,10,10,1,,,,,
2014/08/24,11,10,1,,,,,
2014/08/24,12,10,1,,,,,
2014/08/24,13,10,1,,,,,
2014/08/24,14,10,1,,,,,
2014/08/24,15,10,1,,,,,
2014/08/24,16,10,1,,,,,
2014/08/24,17,10,1,,,,,
2014/08/24,18,10,1,,,,,
2014/08/24,19,10,1,,,,,
2014/08/24,20,10,1,,,,,
2014/08/24,21,10,1,,,,,
2014/08/24,22,10,1,,,,,
2014/08/24,23,9,1,,,,,
2014/08/24,24,10,1,,,,,
2014/08/25,01,9,1,,,,,
2014/08/25,02,9,1,,,,,
2014/08/25,03,9,1,,,,,
2014/08/25,04,9,1,,,,,
2014/08/25,05,9,1,,,,,
2014/08/25,06,9,1,,,,,
2014/08/25,07,10,1,,,,,
2014/08/25,08,18,8,,,,,
2014/08/25,09,169,93,,,,,
2014/08/25,10,228,125,,,,,
2014/08/25,11,232,132,,,,,
2014/08/25,12,232,132,,,,,
2014/08/25,13,166,112,,,,,
2014/08/25,14,235,130,,,,,
2014/08/25,15,229,135,,,,,
2014/08/25,16,211,118,,,,,
2014/08/25,17,233,130,,,,,
2014/08/25,18,188,95,,,,,
2014/08/25,19,156,74,,,,,
2014/08/25,20,75,22,,,,,
2014/08/25,21,29,8,,,,,
2014/08/25,22,20,4,,,,,
2014/08/25,23,24,5,,,,,
2014/08/25,24,24,5,,,,,
2014/08/26,01,12,1,,,,,
2014/08/26,02,10,1,,,,,
2014/08/26,03,11,1,,,,,
2014/08/26,04,11,1,,,,,
2014/08/26,05,10,1,,,,,
2014/08/26,06,10,1,,,,,
2014/08/26,07,11,1,,,,,
2014/08/26,08,19,8,,,,,
2014/08/26,09,140,73,,,,,
2014/08/26,10,219,117,,,,,
2014/08/26,11,215,118,,,,,
2014/08/26,12,208,112,,,,,
2014/08/26,13,141,82,,,,,
2014/08/26,14,192,98,,,,,
2014/08/26,15,212,118,,,,,
2014/08/26,16,209,115,,,,,
2014/08/26,17,233,128,,,,,
2014/08/26,18,173,99,,,,,
2014/08/26,19,128,64,,,,,
2014/08/26,20,94,44,,,,,
2014/08/26,21,33,9,,,,,
2014/08/26,22,23,4,,,,,
2014/08/26,23,12,1,,,,,
2014/08/26,24,11,1,,,,,
2014/08/27,01,11,1,,,,,
2014/08/27,02,10,1,,,,,
2014/08/27,03,10,1,,,,,
2014/08/27,04,10,1,,,,,
2014/08/27,05,10,1,,,,,
2014/08/27,06,10,1,,,,,
2014/08/27,07,11,1,,,,,
2014/08/27,08,30,17,,,,,
2014/08/27,09,153,81,,,,,
2014/08/27,10,224,124,,,,,
2014/08/27,11,229,132,,,,,
2014/08/27,12,230,135,,,,,
2014/08/27,13,166,102,,,,,
2014/08/27,14,227,130,,,,,
2014/08/27,15,235,139,,,,,
2014/08/27,16,229,136,,,,,
2014/08/27,17,238,139,,,,,
2014/08/27,18,180,104,,,,,
2014/08/27,19,104,54,,,,,
2014/08/27,20,92,44,,,,,
2014/08/27,21,22,5,,,,,
2014/08/27,22,17,3,,,,,
2014/08/27,23,14,1,,,,,
2014/08/27,24,12,1,,,,,
2014/08/28,01,11,1,,,,,
2014/08/28,02,10,1,,,,,
2014/08/28,03,10,1,,,,,
2014/08/28,04,10,1,,,,,
2014/08/28,05,10,1,,,,,
2014/08/28,06,10,1,,,,,
2014/08/28,07,11,1,,,,,
2014/08/28,08,14,3,,,,,
2014/08/28,09,146,77,,,,,
2014/08/28,10,196,103,,,,,
2014/08/28,11,214,122,,,,,
2014/08/28,12,220,126,,,,,
2014/08/28,13,166,101,,,,,
2014/08/28,14,198,106,,,,,
2014/08/28,15,208,113,,,,,
2014/08/28,16,201,110,,,,,
2014/08/28,17,217,119,,,,,
2014/08/28,18,177,101,,,,,
2014/08/28,19,126,64,,,,,
2014/08/28,20,53,25,,,,,
2014/08/28,21,23,4,,,,,
2014/08/28,22,22,4,,,,,
2014/08/28,23,24,4,,,,,
2014/08/28,24,12,2,,,,,
2014/08/29,01,10,1,,,,,
2014/08/29,02,10,1,,,,,
2014/08/29,03,10,1,,,,,
2014/08/29,04,10,1,,,,,
2014/08/29,05,10,1,,,,,
2014/08/29,06,10,1,,,,,
2014/08/29,07,10,1,,,,,
2014/08/29,08,13,2,,,,,
2014/08/29,09,121,57,,,,,
2014/08/29,10,190,102,,,,,
2014/08/29,11,207,111,,,,,
2014/08/29,12,210,116,,,,,
2014/08/29,13,166,97,,,,,
2014/08/29,14,215,124,,,,,
2014/08/29,15,227,129,,,,,
2014/08/29,16,204,112,,,,,
2014/08/29,17,218,124,,,,,
2014/08/29,18,160,98,,,,,
2014/08/29,19,118,69,,,,,
2014/08/29,20,71,29,,,,,
2014/08/29,21,22,4,,,,,
2014/08/29,22,17,3,,,,,
2014/08/29,23,15,3,,,,,
2014/08/29,24,11,1,,,,,
2014/08/30,01,11,1,,,,,
2014/08/30,02,11,1,,,,,
2014/08/30,03,11,1,,,,,
2014/08/30,04,11,1,,,,,
2014/08/30,05,11,1,,,,,
2014/08/30,06,11,1,,,,,
2014/08/30,07,11,1,,,,,
2014/08/30,08,11,1,,,,,
2014/08/30,09,11,1,,,,,
2014/08/30,10,14,3,,,,,
2014/08/30,11,16,4,,,,,
2014/08/30,12,16,4,,,,,
2014/08/30,13,27,14,,,,,
2014/08/30,14,30,18,,,,,
2014/08/30,15,27,15,,,,,
2014/08/30,16,26,14,,,,,
2014/08/30,17,24,12,,,,,
2014/08/30,18,23,11,,,,,
2014/08/30,19,22,10,,,,,
2014/08/30,20,12,1,,,,,
2014/08/30,21,10,0,,,,,
2014/08/30,22,10,0,,,,,
2014/08/30,23,9,0,,,,,
2014/08/30,24,9,0,,,,,
2014/08/31,01,9,0,,,,,
2014/08/31,02,9,0,,,,,
2014/08/31,03,9,0,,,,,
2014/08/31,04,9,0,,,,,
2014/08/31,05,9,0,,,,,
2014/08/31,06,9,0,,,,,
2014/08/31,07,9,0,,,,,
2014/08/31,08,9,0,,,,,
2014/08/31,09,10,0,,,,,
2014/08/31,10,10,0,,,,,
2014/08/31,11,11,1,,,,,
2014/08/31,12,12,2,,,,,
2014/08/31,13,12,2,,,,,
2014/08/31,14,12,2,,,,,
2014/08/31,15,11,1,,,,,
2014/08/31,16,10,0,,,,,
2014/08/31,17,10,0,,,,,
2014/08/31,18,10,0,,,,,
2014/08/31,19,10,0,,,,,
2014/08/31,20,10,0,,,,,
2014/08/31,21,10,0,,,,,
2014/08/31,22,10,0,,,,,
2014/08/31,23,9,0,,,,,
2014/08/31,24,9,0,,,,,
2014/09/01,01,9,0,,,,,
2014/09/01,02,9,0,,,,,
2014/09/01,03,9,0,,,,,
2014/09/01,04,9,0,,,,,
2014/09/01,05,9,0,,,,,
2014/09/01,06,9,0,,,,,
2014/09/01,07,9,0,,,,,
2014/09/01,08,14,2,,,,,
2014/09/01,09,118,55,,,,,
2014/09/01,10,183,93,,,,,
2014/09/01,11,204,114,,,,,
2014/09/01,12,202,112,,,,,
2014/09/01,13,151,90,,,,,
2014/09/01,14,191,107,,,,,
2014/09/01,15,219,118,,,,,
2014/09/01,16,202,108,,,,,
2014/09/01,17,202,106,,,,,
2014/09/01,18,153,77,,,,,
2014/09/01,19,100,39,,,,,
2014/09/01,20,28,4,,,,,
2014/09/01,21,21,3,,,,,
2014/09/01,22,17,2,,,,,
2014/09/01,23,15,2,,,,,
2014/09/01,24,11,1,,,,,
2014/09/02,01,10,1,,,,,
2014/09/02,02,10,1,,,,,
2014/09/02,03,10,1,,,,,
2014/09/02,04,10,1,,,,,
2014/09/02,05,10,1,,,,,
2014/09/02,06,10,1,,,,,
2014/09/02,07,10,1,,,,,
2014/09/02,08,12,1,,,,,
2014/09/02,09,132,63,,,,,
2014/09/02,10,206,111,,,,,
2014/09/02,11,228,133,,,,,
2014/09/02,12,231,135,,,,,
2014/09/02,13,178,104,,,,,
2014/09/02,14,233,136,,,,,
2014/09/02,15,234,134,,,,,
2014/09/02,16,218,130,,,,,
2014/09/02,17,229,136,,,,,
2014/09/02,18,191,110,,,,,
2014/09/02,19,161,87,,,,,
2014/09/02,20,40,12,,,,,
2014/09/02,21,37,3,,,,,
2014/09/02,22,35,4,,,,,
2014/09/02,23,26,3,,,,,
2014/09/02,24,16,2,,,,,
2014/09/03,01,16,2,,,,,
2014/09/03,02,12,1,,,,,
2014/09/03,03,10,1,,,,,
2014/09/03,04,10,1,,,,,
2014/09/03,05,10,1,,,,,
2014/09/03,06,11,1,,,,,
2014/09/03,07,11,1,,,,,
2014/09/03,08,26,14,,,,,
2014/09/03,09,134,66,,,,,
2014/09/03,10,209,122,,,,,
2014/09/03,11,209,120,,,,,
2014/09/03,12,222,133,,,,,
2014/09/03,13,163,99,,,,,
2014/09/03,14,218,121,,,,,
2014/09/03,15,231,134,,,,,
2014/09/03,16,213,121,,,,,
2014/09/03,17,227,129,,,,,
2014/09/03,18,192,119,,,,,
2014/09/03,19,158,94,,,,,
2014/09/03,20,48,18,,,,,
2014/09/03,21,26,7,,,,,
2014/09/03,22,18,4,,,,,
2014/09/03,23,12,1,,,,,
2014/09/03,24,11,1,,,,,
2014/09/04,01,11,1,,,,,
2014/09/04,02,11,1,,,,,
2014/09/04,03,11,1,,,,,
2014/09/04,04,11,1,,,,,
2014/09/04,05,11,1,,,,,
2014/09/04,06,11,1,,,,,
2014/09/04,07,11,1,,,,,
2014/09/04,08,13,2,,,,,
2014/09/04,09,163,91,,,,,
2014/09/04,10,231,128,,,,,
2014/09/04,11,222,128,,,,,
2014/09/04,12,230,129,,,,,
2014/09/04,13,152,94,,,,,
2014/09/04,14,220,122,,,,,
2014/09/04,15,220,120,,,,,
2014/09/04,16,211,120,,,,,
2014/09/04,17,234,134,,,,,
2014/09/04,18,182,106,,,,,
2014/09/04,19,158,91,,,,,
2014/09/04,20,80,50,,,,,
2014/09/04,21,67,41,,,,,
2014/09/04,22,23,6,,,,,
2014/09/04,23,12,1,,,,,
2014/09/04,24,11,1,,,,,
2014/09/05,01,11,1,,,,,
2014/09/05,02,11,1,,,,,
2014/09/05,03,11,1,,,,,
2014/09/05,04,11,1,,,,,
2014/09/05,05,11,1,,,,,
2014/09/05,06,11,1,,,,,
2014/09/05,07,11,1,,,,,
2014/09/05,08,13,1,,,,,
2014/09/05,09,138,69,,,,,
2014/09/05,10,201,105,,,,,
2014/09/05,11,210,113,,,,,
2014/09/05,12,225,122,,,,,
2014/09/05,13,156,97,,,,,
2014/09/05,14,208,117,,,,,
2014/09/05,15,225,127,,,,,
2014/09/05,16,226,134,,,,,
2014/09/05,17,233,135,,,,,
2014/09/05,18,119,65,,,,,
2014/09/05,19,48,21,,,,,
2014/09/05,20,23,5,,,,,
2014/09/05,21,21,4,,,,,
2014/09/05,22,20,4,,,,,
2014/09/05,23,17,3,,,,,
2014/09/05,24,11,1,,,,,
2014/09/06,01,10,1,,,,,
2014/09/06,02,10,1,,,,,
2014/09/06,03,10,1,,,,,
2014/09/06,04,10,1,,,,,
2014/09/06,05,10,1,,,,,
2014/09/06,06,10,1,,,,,
2014/09/06,07,10,1,,,,,
2014/09/06,08,11,1,,,,,
2014/09/06,09,11,1,,,,,
2014/09/06,10,17,5,,,,,
2014/09/06,11,33,18,,,,,
2014/09/06,12,38,22,,,,,
2014/09/06,13,33,18,,,,,
2014/09/06,14,35,20,,,,,
2014/09/06,15,33,17,,,,,
2014/09/06,16,30,15,,,,,
2014/09/06,17,28,13,,,,,
2014/09/06,18,19,7,,,,,
2014/09/06,19,12,1,,,,,
2014/09/06,20,11,1,,,,,
2014/09/06,21,11,1,,,,,
2014/09/06,22,11,1,,,,,
2014/09/06,23,10,1,,,,,
2014/09/06,24,10,1,,,,,
2014/09/07,01,10,1,,,,,
2014/09/07,02,10,1,,,,,
2014/09/07,03,10,1,,,,,
2014/09/07,04,10,1,,,,,
2014/09/07,05,10,1,,,,,
2014/09/07,06,10,1,,,,,
2014/09/07,07,10,1,,,,,
2014/09/07,08,10,1,,,,,
2014/09/07,09,10,1,,,,,
2014/09/07,10,10,1,,,,,
2014/09/07,11,11,1,,,,,
2014/09/07,12,13,3,,,,,
2014/09/07,13,16,5,,,,,
2014/09/07,14,17,6,,,,,
2014/09/07,15,16,5,,,,,
2014/09/07,16,13,3,,,,,
2014/09/07,17,12,2,,,,,
2014/09/07,18,11,1,,,,,
2014/09/07,19,11,1,,,,,
2014/09/07,20,11,1,,,,,
2014/09/07,21,11,1,,,,,
2014/09/07,22,11,1,,,,,
2014/09/07,23,10,1,,,,,
2014/09/07,24,10,1,,,,,
2014/09/08,01,10,1,,,,,
2014/09/08,02,10,1,,,,,
2014/09/08,03,10,1,,,,,
2014/09/08,04,10,1,,,,,
2014/09/08,05,10,1,,,,,
2014/09/08,06,10,1,,,,,
2014/09/08,07,11,1,,,,,
2014/09/08,08,15,4,,,,,
2014/09/08,09,114,49,,,,,
2014/09/08,10,177,95,,,,,
2014/09/08,11,202,113,,,,,
2014/09/08,12,204,119,,,,,
2014/09/08,13,158,99,,,,,
2014/09/08,14,222,129,,,,,
2014/09/08,15,239,137,,,,,
2014/09/08,16,227,133,,,,,
2014/09/08,17,235,133,,,,,
2014/09/08,18,102,52,,,,,
2014/09/08,19,35,12,,,,,
2014/09/08,20,27,6,,,,,
2014/09/08,21,26,5,,,,,
2014/09/08,22,21,4,,,,,
2014/09/08,23,15,2,,,,,
2014/09/08,24,11,1,,,,,
2014/09/09,01,11,1,,,,,
2014/09/09,02,10,1,,,,,
2014/09/09,03,10,1,,,,,
2014/09/09,04,11,1,,,,,
2014/09/09,05,11,1,,,,,
2014/09/09,06,10,1,,,,,
2014/09/09,07,11,1,,,,,
2014/09/09,08,12,1,,,,,
2014/09/09,09,116,59,,,,,
2014/09/09,10,194,100,,,,,
2014/09/09,11,205,113,,,,,
2014/09/09,12,211,116,,,,,
2014/09/09,13,162,97,,,,,
2014/09/09,14,215,132,,,,,
2014/09/09,15,226,131,,,,,
2014/09/09,16,217,125,,,,,
2014/09/09,17,227,125,,,,,
2014/09/09,18,137,71,,,,,
2014/09/09,19,74,26,,,,,
2014/09/09,20,37,6,,,,,
2014/09/09,21,28,5,,,,,
2014/09/09,22,19,4,,,,,
2014/09/09,23,17,3,,,,,
2014/09/09,24,13,2,,,,,
2014/09/10,01,11,1,,,,,
2014/09/10,02,11,1,,,,,
2014/09/10,03,11,1,,,,,
2014/09/10,04,11,1,,,,,
2014/09/10,05,11,1,,,,,
2014/09/10,06,11,1,,,,,
2014/09/10,07,11,1,,,,,
2014/09/10,08,27,15,,,,,
2014/09/10,09,128,56,,,,,
2014/09/10,10,195,99,,,,,
2014/09/10,11,217,121,,,,,
2014/09/10,12,214,124,,,,,
2014/09/10,13,170,105,,,,,
2014/09/10,14,232,133,,,,,
2014/09/10,15,231,133,,,,,
2014/09/10,16,209,118,,,,,
2014/09/10,17,222,122,,,,,
2014/09/10,18,145,81,,,,,
2014/09/10,19,83,36,,,,,
2014/09/10,20,38,10,,,,,
2014/09/10,21,24,4,,,,,
2014/09/10,22,21,3,,,,,
2014/09/10,23,19,3,,,,,
2014/09/10,24,14,1,,,,,
2014/09/11,01,12,1,,,,,
2014/09/11,02,11,1,,,,,
2014/09/11,03,11,1,,,,,
2014/09/11,04,11,1,,,,,
2014/09/11,05,11,1,,,,,
2014/09/11,06,11,1,,,,,
2014/09/11,07,11,1,,,,,
2014/09/11,08,12,1,,,,,
2014/09/11,09,122,54,,,,,
2014/09/11,10,195,95,,,,,
2014/09/11,11,209,111,,,,,
2014/09/11,12,206,109,,,,,
2014/09/11,13,171,99,,,,,
2014/09/11,14,203,110,,,,,
2014/09/11,15,221,121,,,,,
2014/09/11,16,202,109,,,,,
2014/09/11,17,211,111,,,,,
2014/09/11,18,167,84,,,,,
2014/09/11,19,126,64,,,,,
2014/09/11,20,94,44,,,,,
2014/09/11,21,47,15,,,,,
2014/09/11,22,22,1,,,,,
2014/09/11,23,15,1,,,,,
2014/09/11,24,11,1,,,,,
2014/09/12,01,11,1,,,,,
2014/09/12,02,11,1,,,,,
2014/09/12,03,11,1,,,,,
2014/09/12,04,11,1,,,,,
2014/09/12,05,11,1,,,,,
2014/09/12,06,11,1,,,,,
2014/09/12,07,11,1,,,,,
2014/09/12,08,16,4,,,,,
2014/09/12,09,125,57,,,,,
2014/09/12,10,159,81,,,,,
2014/09/12,11,177,95,,,,,
2014/09/12,12,177,94,,,,,
2014/09/12,13,118,73,,,,,
2014/09/12,14,186,97,,,,,
2014/09/12,15,194,105,,,,,
2014/09/12,16,189,97,,,,,
2014/09/12,17,188,97,,,,,
2014/09/12,18,119,61,,,,,
2014/09/12,19,74,35,,,,,
2014/09/12,20,55,20,,,,,
2014/09/12,21,25,6,,,,,
2014/09/12,22,17,2,,,,,
2014/09/12,23,14,1,,,,,
2014/09/12,24,11,1,,,,,
2014/09/13,01,11,1,,,,,
2014/09/13,02,11,1,,,,,
2014/09/13,03,11,1,,,,,
2014/09/13,04,11,1,,,,,
2014/09/13,05,11,1,,,,,
2014/09/13,06,11,1,,,,,
2014/09/13,07,11,1,,,,,
2014/09/13,08,11,1,,,,,
2014/09/13,09,10,1,,,,,
2014/09/13,10,14,2,,,,,
2014/09/13,11,17,5,,,,,
2014/09/13,12,21,9,,,,,
2014/09/13,13,34,21,,,,,
2014/09/13,14,30,18,,,,,
2014/09/13,15,30,18,,,,,
2014/09/13,16,30,17,,,,,
2014/09/13,17,29,16,,,,,
2014/09/13,18,27,14,,,,,
2014/09/13,19,26,12,,,,,
2014/09/13,20,24,11,,,,,
2014/09/13,21,13,1,,,,,
2014/09/13,22,12,1,,,,,
2014/09/13,23,11,1,,,,,
2014/09/13,24,10,1,,,,,
2014/09/14,01,10,1,,,,,
2014/09/14,02,10,1,,,,,
2014/09/14,03,10,1,,,,,
2014/09/14,04,10,1,,,,,
2014/09/14,05,10,1,,,,,
2014/09/14,06,10,1,,,,,
2014/09/14,07,10,1,,,,,
2014/09/14,08,10,1,,,,,
2014/09/14,09,10,1,,,,,
2014/09/14,10,11,1,,,,,
2014/09/14,11,10,1,,,,,
2014/09/14,12,11,1,,,,,
2014/09/14,13,11,1,,,,,
2014/09/14,14,11,1,,,,,
2014/09/14,15,11,1,,,,,
2014/09/14,16,11,1,,,,,
2014/09/14,17,11,1,,,,,
2014/09/14,18,11,1,,,,,
2014/09/14,19,11,1,,,,,
2014/09/14,20,11,1,,,,,
2014/09/14,21,11,1,,,,,
2014/09/14,22,11,1,,,,,
2014/09/14,23,10,1,,,,,
2014/09/14,24,10,1,,,,,
2014/09/15,01,10,1,,,,,
2014/09/15,02,10,1,,,,,
2014/09/15,03,10,1,,,,,
2014/09/15,04,10,1,,,,,
2014/09/15,05,10,1,,,,,
2014/09/15,06,11,1,,,,,
2014/09/15,07,10,1,,,,,
2014/09/15,08,11,1,,,,,
2014/09/15,09,12,2,,,,,
2014/09/15,10,14,3,,,,,
2014/09/15,11,14,3,,,,,
2014/09/15,12,15,4,,,,,
2014/09/15,13,15,4,,,,,
2014/09/15,14,15,4,,,,,
2014/09/15,15,15,3,,,,,
2014/09/15,16,13,2,,,,,
2014/09/15,17,11,1,,,,,
2014/09/15,18,13,2,,,,,
2014/09/15,19,13,2,,,,,
2014/09/15,20,12,2,,,,,
2014/09/15,21,11,1,,,,,
2014/09/15,22,11,1,,,,,
2014/09/15,23,10,1,,,,,
2014/09/15,24,10,1,,,,,
2014/09/16,01,10,1,,,,,
2014/09/16,02,10,1,,,,,
2014/09/16,03,10,1,,,,,
2014/09/16,04,10,1,,,,,
2014/09/16,05,10,1,,,,,
2014/09/16,06,10,1,,,,,
2014/09/16,07,10,1,,,,,
2014/09/16,08,13,1,,,,,
2014/09/16,09,110,41,,,,,
2014/09/16,10,158,72,,,,,
2014/09/16,11,177,90,,,,,
2014/09/16,12,186,98,,,,,
2014/09/16,13,151,85,,,,,
2014/09/16,14,196,104,,,,,
2014/09/16,15,207,112,,,,,
2014/09/16,16,191,110,,,,,
2014/09/16,17,217,117,,,,,
2014/09/16,18,151,70,,,,,
2014/09/16,19,106,43,,,,,
2014/09/16,20,31,7,,,,,
2014/09/16,21,20,4,,,,,
2014/09/16,22,20,3,,,,,
2014/09/16,23,16,3,,,,,
2014/09/16,24,14,3,,,,,
2014/09/17,01,13,2,,,,,
2014/09/17,02,11,1,,,,,
2014/09/17,03,10,1,,,,,
2014/09/17,04,10,1,,,,,
2014/09/17,05,10,1,,,,,
2014/09/17,06,11,1,,,,,
2014/09/17,07,11,1,,,,,
2014/09/17,08,25,13,,,,,
2014/09/17,09,91,33,,,,,
2014/09/17,10,151,60,,,,,
2014/09/17,11,166,78,,,,,
2014/09/17,12,171,86,,,,,
2014/09/17,13,124,63,,,,,
2014/09/17,14,162,82,,,,,
2014/09/17,15,183,96,,,,,
2014/09/17,16,177,94,,,,,
2014/09/17,17,192,96,,,,,
2014/09/17,18,159,72,,,,,
2014/09/17,19,147,62,,,,,
2014/09/17,20,113,46,,,,,
2014/09/17,21,53,24,,,,,
2014/09/17,22,23,3,,,,,
2014/09/17,23,19,2,,,,,
2014/09/17,24,15,1,,,,,
2014/09/18,01,14,1,,,,,
2014/09/18,02,12,1,,,,,
2014/09/18,03,11,1,,,,,
2014/09/18,04,11,1,,,,,
2014/09/18,05,11,1,,,,,
2014/09/18,06,11,1,,,,,
2014/09/18,07,11,1,,,,,
2014/09/18,08,12,1,,,,,
2014/09/18,09,110,44,,,,,
2014/09/18,10,149,63,,,,,
2014/09/18,11,163,78,,,,,
2014/09/18,12,163,77,,,,,
2014/09/18,13,112,53,,,,,
2014/09/18,14,157,74,,,,,
2014/09/18,15,167,82,,,,,
2014/09/18,16,159,76,,,,,
2014/09/18,17,167,82,,,,,
2014/09/18,18,153,75,,,,,
2014/09/18,19,155,77,,,,,
2014/09/18,20,114,59,,,,,
2014/09/18,21,66,32,,,,,
2014/09/18,22,49,25,,,,,
2014/09/18,23,19,4,,,,,
2014/09/18,24,14,1,,,,,
2014/09/19,01,11,1,,,,,
2014/09/19,02,11,1,,,,,
2014/09/19,03,11,1,,,,,
2014/09/19,04,11,1,,,,,
2014/09/19,05,11,1,,,,,
2014/09/19,06,11,1,,,,,
2014/09/19,07,11,1,,,,,
2014/09/19,08,12,1,,,,,
2014/09/19,09,110,42,,,,,
2014/09/19,10,149,62,,,,,
2014/09/19,11,150,63,,,,,
2014/09/19,12,152,66,,,,,
2014/09/19,13,112,47,,,,,
2014/09/19,14,157,73,,,,,
2014/09/19,15,169,84,,,,,
2014/09/19,16,148,72,,,,,
2014/09/19,17,158,73,,,,,
2014/09/19,18,147,70,,,,,
2014/09/19,19,139,62,,,,,
2014/09/19,20,105,48,,,,,
2014/09/19,21,32,6,,,,,
2014/09/19,22,23,2,,,,,
2014/09/19,23,21,1,,,,,
2014/09/19,24,11,1,,,,,
2014/09/20,01,10,1,,,,,
2014/09/20,02,10,1,,,,,
2014/09/20,03,10,1,,,,,
2014/09/20,04,10,1,,,,,
2014/09/20,05,10,1,,,,,
2014/09/20,06,10,1,,,,,
2014/09/20,07,10,1,,,,,
2014/09/20,08,11,1,,,,,
2014/09/20,09,108,41,,,,,
2014/09/20,10,144,60,,,,,
2014/09/20,11,156,71,,,,,
2014/09/20,12,157,72,,,,,
2014/09/20,13,111,57,,,,,
2014/09/20,14,155,73,,,,,
2014/09/20,15,174,88,,,,,
2014/09/20,16,172,87,,,,,
2014/09/20,17,179,88,,,,,
2014/09/20,18,103,46,,,,,
2014/09/20,19,50,10,,,,,
2014/09/20,20,20,1,,,,,
2014/09/20,21,18,1,,,,,
2014/09/20,22,16,1,,,,,
2014/09/20,23,12,1,,,,,
2014/09/20,24,11,1,,,,,
2014/09/21,01,11,1,,,,,
2014/09/21,02,11,1,,,,,
2014/09/21,03,11,1,,,,,
2014/09/21,04,11,1,,,,,
2014/09/21,05,11,1,,,,,
2014/09/21,06,11,1,,,,,
2014/09/21,07,11,1,,,,,
2014/09/21,08,11,1,,,,,
2014/09/21,09,12,1,,,,,
2014/09/21,10,11,1,,,,,
2014/09/21,11,11,1,,,,,
2014/09/21,12,11,1,,,,,
2014/09/21,13,11,2,,,,,
2014/09/21,14,13,4,,,,,
2014/09/21,15,11,2,,,,,
2014/09/21,16,10,1,,,,,
2014/09/21,17,10,1,,,,,
2014/09/21,18,10,1,,,,,
2014/09/21,19,10,1,,,,,
2014/09/21,20,10,1,,,,,
2014/09/21,21,10,1,,,,,
2014/09/21,22,10,1,,,,,
2014/09/21,23,10,1,,,,,
2014/09/21,24,10,1,,,,,
2014/09/22,01,10,1,,,,,
2014/09/22,02,10,1,,,,,
2014/09/22,03,10,1,,,,,
2014/09/22,04,9,1,,,,,
2014/09/22,05,10,1,,,,,
2014/09/22,06,10,1,,,,,
2014/09/22,07,10,1,,,,,
2014/09/22,08,12,1,,,,,
2014/09/22,09,107,37,,,,,
2014/09/22,10,140,54,,,,,
2014/09/22,11,154,71,,,,,
2014/09/22,12,166,77,,,,,
2014/09/22,13,88,45,,,,,
2014/09/22,14,161,74,,,,,
2014/09/22,15,188,101,,,,,
2014/09/22,16,152,73,,,,,
2014/09/22,17,161,78,,,,,
2014/09/22,18,134,66,,,,,
2014/09/22,19,114,57,,,,,
2014/09/22,20,96,45,,,,,
2014/09/22,21,29,4,,,,,
2014/09/22,22,20,2,,,,,
2014/09/22,23,15,1,,,,,
2014/09/22,24,12,1,,,,,
2014/09/23,01,10,1,,,,,
2014/09/23,02,11,1,,,,,
2014/09/23,03,10,1,,,,,
2014/09/23,04,10,1,,,,,
2014/09/23,05,10,1,,,,,
2014/09/23,06,10,1,,,,,
2014/09/23,07,10,1,,,,,
2014/09/23,08,10,1,,,,,
2014/09/23,09,10,1,,,,,
2014/09/23,10,11,2,,,,,
2014/09/23,11,13,3,,,,,
2014/09/23,12,15,5,,,,,
2014/09/23,13,15,4,,,,,
2014/09/23,14,15,4,,,,,
2014/09/23,15,16,6,,,,,
2014/09/23,16,16,5,,,,,
2014/09/23,17,15,5,,,,,
2014/09/23,18,14,3,,,,,
2014/09/23,19,12,1,,,,,
2014/09/23,20,11,1,,,,,
2014/09/23,21,10,1,,,,,
2014/09/23,22,11,2,,,,,
2014/09/23,23,10,1,,,,,
2014/09/23,24,10,1,,,,,
2014/09/24,01,10,1,,,,,
2014/09/24,02,10,1,,,,,
2014/09/24,03,10,1,,,,,
2014/09/24,04,10,1,,,,,
2014/09/24,05,10,1,,,,,
2014/09/24,06,10,1,,,,,
2014/09/24,07,10,1,,,,,
2014/09/24,08,24,12,,,,,
2014/09/24,09,87,35,,,,,
2014/09/24,10,140,54,,,,,
2014/09/24,11,152,66,,,,,
2014/09/24,12,149,63,,,,,
2014/09/24,13,83,39,,,,,
2014/09/24,14,119,53,,,,,
2014/09/24,15,168,81,,,,,
2014/09/24,16,145,68,,,,,
2014/09/24,17,168,79,,,,,
2014/09/24,18,149,70,,,,,
2014/09/24,19,135,60,,,,,
2014/09/24,20,72,26,,,,,
2014/09/24,21,28,3,,,,,
2014/09/24,22,19,1,,,,,
2014/09/24,23,18,1,,,,,
2014/09/24,24,15,1,,,,,
2014/09/25,01,14,1,,,,,
2014/09/25,02,13,1,,,,,
2014/09/25,03,11,1,,,,,
2014/09/25,04,11,1,,,,,
2014/09/25,05,11,1,,,,,
2014/09/25,06,11,1,,,,,
2014/09/25,07,11,1,,,,,
2014/09/25,08,15,1,,,,,
2014/09/25,09,117,48,,,,,
2014/09/25,10,179,88,,,,,
2014/09/25,11,197,101,,,,,
2014/09/25,12,188,88,,,,,
2014/09/25,13,108,59,,,,,
2014/09/25,14,161,71,,,,,
2014/09/25,15,187,91,,,,,
2014/09/25,16,160,79,,,,,
2014/09/25,17,179,84,,,,,
2014/09/25,18,160,75,,,,,
2014/09/25,19,106,41,,,,,
2014/09/25,20,37,8,,,,,
2014/09/25,21,27,5,,,,,
2014/09/25,22,14,1,,,,,
2014/09/25,23,12,1,,,,,
2014/09/25,24,12,1,,,,,
2014/09/26,01,11,1,,,,,
2014/09/26,02,11,1,,,,,
2014/09/26,03,11,1,,,,,
2014/09/26,04,11,1,,,,,
2014/09/26,05,11,1,,,,,
2014/09/26,06,11,1,,,,,
2014/09/26,07,12,1,,,,,
2014/09/26,08,12,1,,,,,
2014/09/26,09,110,40,,,,,
2014/09/26,10,150,63,,,,,
2014/09/26,11,168,75,,,,,
2014/09/26,12,172,81,,,,,
2014/09/26,13,125,65,,,,,
2014/09/26,14,185,92,,,,,
2014/09/26,15,216,117,,,,,
2014/09/26,16,187,98,,,,,
2014/09/26,17,192,96,,,,,
2014/09/26,18,158,70,,,,,
2014/09/26,19,145,63,,,,,
2014/09/26,20,84,34,,,,,
2014/09/26,21,46,20,,,,,
2014/09/26,22,30,10,,,,,
2014/09/26,23,27,11,,,,,
2014/09/26,24,20,9,,,,,
2014/09/27,01,18,8,,,,,
2014/09/27,02,18,8,,,,,
2014/09/27,03,18,8,,,,,
2014/09/27,04,18,8,,,,,
2014/09/27,05,18,8,,,,,
2014/09/27,06,19,8,,,,,
2014/09/27,07,22,8,,,,,
2014/09/27,08,25,10,,,,,
2014/09/27,09,101,35,,,,,
2014/09/27,10,152,65,,,,,
2014/09/27,11,189,99,,,,,
2014/09/27,12,186,98,,,,,
2014/09/27,13,138,74,,,,,
2014/09/27,14,189,105,,,,,
2014/09/27,15,205,112,,,,,
2014/09/27,16,193,106,,,,,
2014/09/27,17,201,109,,,,,
2014/09/27,18,88,43,,,,,
2014/09/27,19,26,5,,,,,
2014/09/27,20,20,4,,,,,
2014/09/27,21,16,3,,,,,
2014/09/27,22,11,1,,,,,
2014/09/27,23,10,1,,,,,
2014/09/27,24,10,1,,,,,
2014/09/28,01,10,1,,,,,
2014/09/28,02,10,1,,,,,
2014/09/28,03,10,1,,,,,
2014/09/28,04,10,1,,,,,
2014/09/28,05,10,1,,,,,
2014/09/28,06,10,1,,,,,
2014/09/28,07,10,1,,,,,
2014/09/28,08,10,1,,,,,
2014/09/28,09,10,1,,,,,
2014/09/28,10,10,1,,,,,
2014/09/28,11,10,1,,,,,
2014/09/28,12,10,1,,,,,
2014/09/28,13,10,1,,,,,
2014/09/28,14,10,1,,,,,
2014/09/28,15,10,1,,,,,
2014/09/28,16,10,1,,,,,
2014/09/28,17,10,1,,,,,
2014/09/28,18,10,1,,,,,
2014/09/28,19,11,1,,,,,
2014/09/28,20,10,1,,,,,
2014/09/28,21,10,1,,,,,
2014/09/28,22,10,1,,,,,
2014/09/28,23,10,1,,,,,
2014/09/28,24,10,1,,,,,
2014/09/29,01,9,1,,,,,
2014/09/29,02,10,1,,,,,
2014/09/29,03,10,1,,,,,
2014/09/29,04,10,1,,,,,
2014/09/29,05,9,1,,,,,
2014/09/29,06,10,1,,,,,
2014/09/29,07,10,1,,,,,
2014/09/29,08,12,1,,,,,
2014/09/29,09,114,43,,,,,
2014/09/29,10,147,62,,,,,
2014/09/29,11,161,75,,,,,
2014/09/29,12,167,82,,,,,
2014/09/29,13,101,44,,,,,
2014/09/29,14,131,63,,,,,
2014/09/29,15,182,98,,,,,
2014/09/29,16,177,99,,,,,
2014/09/29,17,188,103,,,,,
2014/09/29,18,163,81,,,,,
2014/09/29,19,143,62,,,,,
2014/09/29,20,121,52,,,,,
2014/09/29,21,78,30,,,,,
2014/09/29,22,26,5,,,,,
2014/09/29,23,19,3,,,,,
2014/09/29,24,15,3,,,,,
2014/09/30,01,11,1,,,,,
2014/09/30,02,10,1,,,,,
2014/09/30,03,11,1,,,,,
2014/09/30,04,10,1,,,,,
2014/09/30,05,10,1,,,,,
2014/09/30,06,11,1,,,,,
2014/09/30,07,11,1,,,,,
2014/09/30,08,14,1,,,,,
2014/09/30,09,106,47,,,,,
2014/09/30,10,159,72,,,,,
2014/09/30,11,178,91,,,,,
2014/09/30,12,185,96,,,,,
2014/09/30,13,143,77,,,,,
2014/09/30,14,177,88,,,,,
2014/09/30,15,188,96,,,,,
2014/09/30,16,176,87,,,,,
2014/09/30,17,201,99,,,,,
2014/09/30,18,172,78,,,,,
2014/09/30,19,171,79,,,,,
2014/09/30,20,140,61,,,,,
2014/09/30,21,130,59,,,,,
2014/09/30,22,38,9,,,,,
2014/09/30,23,17,2,,,,,
2014/09/30,24,15,2,,,,,
