計測日,計測時間,全体,空調,照明,動力,電灯,冷凍・冷熱,その他
2014/01/01,01,16,,,3,13,,
2014/01/01,02,13,,,1,12,,
2014/01/01,03,17,,,1,16,,
2014/01/01,04,16,,,1,15,,
2014/01/01,05,12,,,2,10,,
2014/01/01,06,14,,,1,13,,
2014/01/01,07,10,,,1,9,,
2014/01/01,08,13,,,1,12,,
2014/01/01,09,9,,,1,8,,
2014/01/01,10,9,,,1,8,,
2014/01/01,11,9,,,1,8,,
2014/01/01,12,9,,,1,8,,
2014/01/01,13,9,,,1,8,,
2014/01/01,14,9,,,1,8,,
2014/01/01,15,9,,,1,8,,
2014/01/01,16,10,,,1,9,,
2014/01/01,17,14,,,0,14,,
2014/01/01,18,15,,,1,14,,
2014/01/01,19,19,,,1,18,,
2014/01/01,20,15,,,1,14,,
2014/01/01,21,14,,,1,13,,
2014/01/01,22,13,,,2,11,,
2014/01/01,23,11,,,0,11,,
2014/01/01,24,18,,,4,14,,
2014/01/02,01,13,,,1,12,,
2014/01/02,02,12,,,1,11,,
2014/01/02,03,16,,,2,14,,
2014/01/02,04,16,,,1,15,,
2014/01/02,05,13,,,1,12,,
2014/01/02,06,14,,,1,13,,
2014/01/02,07,17,,,1,16,,
2014/01/02,08,16,,,1,15,,
2014/01/02,09,86,,,52,34,,
2014/01/02,10,103,,,44,59,,
2014/01/02,11,112,,,30,82,,
2014/01/02,12,107,,,24,83,,
2014/01/02,13,105,,,22,83,,
2014/01/02,14,108,,,18,90,,
2014/01/02,15,114,,,19,95,,
2014/01/02,16,115,,,17,98,,
2014/01/02,17,119,,,18,101,,
2014/01/02,18,115,,,18,97,,
2014/01/02,19,116,,,18,98,,
2014/01/02,20,114,,,15,99,,
2014/01/02,21,54,,,5,49,,
2014/01/02,22,16,,,1,15,,
2014/01/02,23,14,,,1,13,,
2014/01/02,24,15,,,2,13,,
2014/01/03,01,20,,,4,16,,
2014/01/03,02,16,,,3,13,,
2014/01/03,03,12,,,1,11,,
2014/01/03,04,15,,,1,14,,
2014/01/03,05,16,,,1,15,,
2014/01/03,06,14,,,1,13,,
2014/01/03,07,14,,,1,13,,
2014/01/03,08,19,,,2,17,,
2014/01/03,09,83,,,49,34,,
2014/01/03,10,89,,,45,44,,
2014/01/03,11,122,,,32,90,,
2014/01/03,12,111,,,25,86,,
2014/01/03,13,113,,,22,91,,
2014/01/03,14,105,,,18,87,,
2014/01/03,15,102,,,17,85,,
2014/01/03,16,107,,,15,92,,
2014/01/03,17,116,,,15,101,,
2014/01/03,18,116,,,17,99,,
2014/01/03,19,116,,,15,101,,
2014/01/03,20,105,,,8,97,,
2014/01/03,21,26,,,2,24,,
2014/01/03,22,15,,,2,13,,
2014/01/03,23,9,,,1,8,,
2014/01/03,24,16,,,4,12,,
2014/01/04,01,15,,,4,11,,
2014/01/04,02,12,,,2,10,,
2014/01/04,03,16,,,2,14,,
2014/01/04,04,14,,,1,13,,
2014/01/04,05,13,,,1,12,,
2014/01/04,06,16,,,0,16,,
2014/01/04,07,17,,,1,16,,
2014/01/04,08,14,,,1,13,,
2014/01/04,09,85,,,48,37,,
2014/01/04,10,81,,,41,40,,
2014/01/04,11,108,,,27,81,,
2014/01/04,12,104,,,23,81,,
2014/01/04,13,102,,,18,84,,
2014/01/04,14,100,,,17,83,,
2014/01/04,15,99,,,14,85,,
2014/01/04,16,105,,,15,90,,
2014/01/04,17,115,,,14,101,,
2014/01/04,18,117,,,17,100,,
2014/01/04,19,113,,,15,98,,
2014/01/04,20,112,,,15,97,,
2014/01/04,21,44,,,13,31,,
2014/01/04,22,29,,,14,15,,
2014/01/04,23,29,,,15,14,,
2014/01/04,24,34,,,16,18,,
2014/01/05,01,34,,,16,18,,
2014/01/05,02,29,,,15,14,,
2014/01/05,03,34,,,15,18,,
2014/01/05,04,29,,,14,15,,
2014/01/05,05,31,,,16,15,,
2014/01/05,06,37,,,19,18,,
2014/01/05,07,35,,,21,14,,
2014/01/05,08,33,,,21,12,,
2014/01/05,09,81,,,46,35,,
2014/01/05,10,79,,,36,43,,
2014/01/05,11,110,,,26,84,,
2014/01/05,12,104,,,19,85,,
2014/01/05,13,102,,,18,84,,
2014/01/05,14,101,,,17,84,,
2014/01/05,15,100,,,17,83,,
2014/01/05,16,107,,,16,91,,
2014/01/05,17,113,,,16,97,,
2014/01/05,18,114,,,16,98,,
2014/01/05,19,117,,,17,100,,
2014/01/05,20,111,,,11,100,,
2014/01/05,21,26,,,2,24,,
2014/01/05,22,15,,,1,14,,
2014/01/05,23,16,,,0,16,,
2014/01/05,24,20,,,3,17,,
2014/01/06,01,23,,,5,18,,
2014/01/06,02,17,,,1,16,,
2014/01/06,03,18,,,1,17,,
2014/01/06,04,20,,,1,19,,
2014/01/06,05,19,,,0,19,,
2014/01/06,06,19,,,1,18,,
2014/01/06,07,16,,,1,15,,
2014/01/06,08,17,,,1,16,,
2014/01/06,09,71,,,39,32,,
2014/01/06,10,90,,,51,39,,
2014/01/06,11,112,,,30,82,,
2014/01/06,12,105,,,23,82,,
2014/01/06,13,102,,,19,83,,
2014/01/06,14,101,,,18,83,,
2014/01/06,15,100,,,18,82,,
2014/01/06,16,102,,,18,84,,
2014/01/06,17,118,,,17,101,,
2014/01/06,18,113,,,17,96,,
2014/01/06,19,118,,,16,102,,
2014/01/06,20,110,,,10,100,,
2014/01/06,21,23,,,2,21,,
2014/01/06,22,15,,,1,14,,
2014/01/06,23,15,,,0,15,,
2014/01/06,24,19,,,4,15,,
2014/01/07,01,12,,,3,9,,
2014/01/07,02,14,,,0,14,,
2014/01/07,03,16,,,1,15,,
2014/01/07,04,13,,,2,11,,
2014/01/07,05,14,,,1,13,,
2014/01/07,06,15,,,1,14,,
2014/01/07,07,16,,,2,14,,
2014/01/07,08,13,,,0,13,,
2014/01/07,09,39,,,19,20,,
2014/01/07,10,88,,,44,44,,
2014/01/07,11,106,,,26,80,,
2014/01/07,12,105,,,20,85,,
2014/01/07,13,98,,,17,81,,
2014/01/07,14,100,,,15,85,,
2014/01/07,15,96,,,14,82,,
2014/01/07,16,100,,,15,85,,
2014/01/07,17,108,,,14,94,,
2014/01/07,18,111,,,13,98,,
2014/01/07,19,113,,,13,100,,
2014/01/07,20,108,,,14,94,,
2014/01/07,21,33,,,7,26,,
2014/01/07,22,14,,,0,14,,
2014/01/07,23,14,,,1,13,,
2014/01/07,24,12,,,4,8,,
2014/01/08,01,16,,,2,14,,
2014/01/08,02,15,,,1,14,,
2014/01/08,03,14,,,1,13,,
2014/01/08,04,13,,,1,12,,
2014/01/08,05,15,,,1,14,,
2014/01/08,06,15,,,2,13,,
2014/01/08,07,9,,,1,8,,
2014/01/08,08,13,,,1,12,,
2014/01/08,09,68,,,40,28,,
2014/01/08,10,74,,,35,39,,
2014/01/08,11,102,,,22,80,,
2014/01/08,12,96,,,18,78,,
2014/01/08,13,95,,,17,78,,
2014/01/08,14,92,,,14,78,,
2014/01/08,15,90,,,13,77,,
2014/01/08,16,96,,,14,82,,
2014/01/08,17,106,,,15,91,,
2014/01/08,18,105,,,14,91,,
2014/01/08,19,104,,,13,91,,
2014/01/08,20,97,,,8,89,,
2014/01/08,21,24,,,2,22,,
2014/01/08,22,11,,,1,10,,
2014/01/08,23,14,,,1,13,,
2014/01/08,24,12,,,3,9,,
2014/01/09,01,15,,,2,13,,
2014/01/09,02,12,,,1,11,,
2014/01/09,03,13,,,1,12,,
2014/01/09,04,16,,,2,14,,
2014/01/09,05,13,,,1,12,,
2014/01/09,06,12,,,2,10,,
2014/01/09,07,14,,,1,13,,
2014/01/09,08,12,,,1,11,,
2014/01/09,09,39,,,20,18,,
2014/01/09,10,80,,,42,38,,
2014/01/09,11,106,,,24,82,,
2014/01/09,12,101,,,19,82,,
2014/01/09,13,97,,,17,80,,
2014/01/09,14,96,,,15,81,,
2014/01/09,15,94,,,14,80,,
2014/01/09,16,99,,,15,84,,
2014/01/09,17,113,,,15,98,,
2014/01/09,18,115,,,18,97,,
2014/01/09,19,114,,,18,96,,
2014/01/09,20,118,,,20,98,,
2014/01/09,21,41,,,4,37,,
2014/01/09,22,14,,,1,13,,
2014/01/09,23,18,,,1,17,,
2014/01/09,24,17,,,3,14,,
2014/01/10,01,21,,,3,18,,
2014/01/10,02,15,,,1,14,,
2014/01/10,03,16,,,2,14,,
2014/01/10,04,18,,,0,18,,
2014/01/10,05,16,,,1,15,,
2014/01/10,06,19,,,1,18,,
2014/01/10,07,15,,,1,14,,
2014/01/10,08,20,,,2,18,,
2014/01/10,09,79,,,46,33,,
2014/01/10,10,90,,,47,43,,
2014/01/10,11,107,,,34,73,,
2014/01/10,12,100,,,28,72,,
2014/01/10,13,94,,,25,69,,
2014/01/10,14,91,,,24,67,,
2014/01/10,15,94,,,23,71,,
2014/01/10,16,94,,,23,71,,
2014/01/10,17,104,,,23,81,,
2014/01/10,18,112,,,26,86,,
2014/01/10,19,105,,,21,84,,
2014/01/10,20,100,,,20,80,,
2014/01/10,21,33,,,3,30,,
2014/01/10,22,17,,,1,16,,
2014/01/10,23,15,,,0,15,,
2014/01/10,24,22,,,3,19,,
2014/01/11,01,23,,,4,19,,
2014/01/11,02,20,,,2,18,,
2014/01/11,03,20,,,1,19,,
2014/01/11,04,20,,,1,19,,
2014/01/11,05,19,,,0,19,,
2014/01/11,06,19,,,0,19,,
2014/01/11,07,20,,,1,19,,
2014/01/11,08,20,,,1,19,,
2014/01/11,09,64,,,35,29,,
2014/01/11,10,90,,,52,38,,
2014/01/11,11,112,,,38,74,,
2014/01/11,12,100,,,30,70,,
2014/01/11,13,96,,,26,70,,
2014/01/11,14,91,,,23,68,,
2014/01/11,15,93,,,22,71,,
2014/01/11,16,93,,,22,71,,
2014/01/11,17,103,,,22,81,,
2014/01/11,18,106,,,22,84,,
2014/01/11,19,109,,,24,85,,
2014/01/11,20,104,,,23,81,,
2014/01/11,21,36,,,7,29,,
2014/01/11,22,19,,,0,19,,
2014/01/11,23,16,,,1,15,,
2014/01/11,24,21,,,3,18,,
2014/01/12,01,19,,,4,15,,
2014/01/12,02,21,,,3,18,,
2014/01/12,03,16,,,1,15,,
2014/01/12,04,19,,,0,19,,
2014/01/12,05,20,,,1,19,,
2014/01/12,06,19,,,1,18,,
2014/01/12,07,19,,,1,18,,
2014/01/12,08,20,,,1,19,,
2014/01/12,09,67,,,35,32,,
2014/01/12,10,96,,,55,41,,
2014/01/12,11,109,,,42,67,,
2014/01/12,12,101,,,30,71,,
2014/01/12,13,97,,,26,71,,
2014/01/12,14,92,,,23,69,,
2014/01/12,15,91,,,22,69,,
2014/01/12,16,95,,,23,72,,
2014/01/12,17,111,,,27,84,,
2014/01/12,18,110,,,28,82,,
2014/01/12,19,106,,,26,80,,
2014/01/12,20,110,,,27,83,,
2014/01/12,21,45,,,12,33,,
2014/01/12,22,14,,,1,13,,
2014/01/12,23,15,,,1,14,,
2014/01/12,24,18,,,3,15,,
2014/01/13,01,17,,,4,13,,
2014/01/13,02,18,,,1,17,,
2014/01/13,03,16,,,1,15,,
2014/01/13,04,19,,,1,18,,
2014/01/13,05,18,,,0,18,,
2014/01/13,06,14,,,1,13,,
2014/01/13,07,18,,,1,17,,
2014/01/13,08,19,,,1,18,,
2014/01/13,09,71,,,40,31,,
2014/01/13,10,97,,,55,42,,
2014/01/13,11,115,,,44,71,,
2014/01/13,12,114,,,38,76,,
2014/01/13,13,107,,,34,73,,
2014/01/13,14,97,,,29,68,,
2014/01/13,15,98,,,28,70,,
2014/01/13,16,100,,,27,73,,
2014/01/13,17,108,,,27,81,,
2014/01/13,18,110,,,27,83,,
2014/01/13,19,117,,,27,90,,
2014/01/13,20,102,,,19,83,,
2014/01/13,21,36,,,3,33,,
2014/01/13,22,19,,,0,19,,
2014/01/13,23,16,,,1,15,,
2014/01/13,24,22,,,4,18,,
2014/01/14,01,19,,,4,15,,
2014/01/14,02,19,,,1,18,,
2014/01/14,03,19,,,0,19,,
2014/01/14,04,16,,,1,15,,
2014/01/14,05,19,,,1,18,,
2014/01/14,06,15,,,1,14,,
2014/01/14,07,20,,,2,18,,
2014/01/14,08,19,,,1,18,,
2014/01/14,09,76,,,48,28,,
2014/01/14,10,88,,,48,40,,
2014/01/14,11,104,,,32,72,,
2014/01/14,12,97,,,27,70,,
2014/01/14,13,92,,,24,68,,
2014/01/14,14,91,,,22,69,,
2014/01/14,15,88,,,22,66,,
2014/01/14,16,92,,,20,72,,
2014/01/14,17,98,,,18,80,,
2014/01/14,18,104,,,20,84,,
2014/01/14,19,104,,,20,84,,
2014/01/14,20,100,,,18,82,,
2014/01/14,21,22,,,1,21,,
2014/01/14,22,14,,,1,13,,
2014/01/14,23,19,,,2,17,,
2014/01/14,24,16,,,3,13,,
2014/01/15,01,18,,,4,14,,
2014/01/15,02,18,,,1,17,,
2014/01/15,03,19,,,1,18,,
2014/01/15,04,15,,,1,14,,
2014/01/15,05,15,,,1,14,,
2014/01/15,06,18,,,1,17,,
2014/01/15,07,16,,,1,15,,
2014/01/15,08,18,,,1,17,,
2014/01/15,09,59,,,35,24,,
2014/01/15,10,87,,,51,36,,
2014/01/15,11,122,,,34,88,,
2014/01/15,12,114,,,27,87,,
2014/01/15,13,112,,,22,90,,
2014/01/15,14,108,,,22,86,,
2014/01/15,15,108,,,19,89,,
2014/01/15,16,106,,,18,88,,
2014/01/15,17,116,,,20,96,,
2014/01/15,18,118,,,20,98,,
2014/01/15,19,115,,,21,94,,
2014/01/15,20,118,,,21,97,,
2014/01/15,21,76,,,27,49,,
2014/01/15,22,71,,,30,41,,
2014/01/15,23,36,,,10,26,,
2014/01/15,24,16,,,2,14,,
2014/01/16,01,22,,,5,17,,
2014/01/16,02,15,,,1,14,,
2014/01/16,03,17,,,1,16,,
2014/01/16,04,17,,,1,16,,
2014/01/16,05,15,,,1,14,,
2014/01/16,06,19,,,1,18,,
2014/01/16,07,17,,,0,17,,
2014/01/16,08,17,,,1,16,,
2014/01/16,09,71,,,37,34,,
2014/01/16,10,94,,,48,46,,
2014/01/16,11,104,,,33,71,,
2014/01/16,12,92,,,26,66,,
2014/01/16,13,93,,,25,68,,
2014/01/16,14,93,,,24,69,,
2014/01/16,15,92,,,21,71,,
2014/01/16,16,90,,,21,69,,
2014/01/16,17,104,,,21,83,,
2014/01/16,18,106,,,22,84,,
2014/01/16,19,102,,,20,82,,
2014/01/16,20,96,,,16,80,,
2014/01/16,21,26,,,1,25,,
2014/01/16,22,15,,,1,14,,
2014/01/16,23,16,,,1,15,,
2014/01/16,24,21,,,3,18,,
2014/01/17,01,20,,,4,16,,
2014/01/17,02,20,,,2,18,,
2014/01/17,03,16,,,1,15,,
2014/01/17,04,20,,,1,19,,
2014/01/17,05,15,,,0,15,,
2014/01/17,06,20,,,1,19,,
2014/01/17,07,15,,,1,14,,
2014/01/17,08,14,,,1,13,,
2014/01/17,09,69,,,40,29,,
2014/01/17,10,86,,,54,32,,
2014/01/17,11,108,,,39,69,,
2014/01/17,12,99,,,31,68,,
2014/01/17,13,93,,,28,65,,
2014/01/17,14,88,,,23,65,,
2014/01/17,15,93,,,23,70,,
2014/01/17,16,91,,,23,68,,
2014/01/17,17,102,,,23,79,,
2014/01/17,18,108,,,25,83,,
2014/01/17,19,110,,,26,84,,
2014/01/17,20,83,,,3,80,,
2014/01/17,21,26,,,1,25,,
2014/01/17,22,19,,,0,19,,
2014/01/17,23,16,,,2,14,,
2014/01/17,24,20,,,3,17,,
2014/01/18,01,20,,,3,17,,
2014/01/18,02,15,,,1,14,,
2014/01/18,03,20,,,1,19,,
2014/01/18,04,16,,,1,15,,
2014/01/18,05,19,,,0,19,,
2014/01/18,06,15,,,1,14,,
2014/01/18,07,20,,,1,19,,
2014/01/18,08,18,,,2,16,,
2014/01/18,09,65,,,35,30,,
2014/01/18,10,91,,,55,36,,
2014/01/18,11,111,,,41,70,,
2014/01/18,12,99,,,32,67,,
2014/01/18,13,92,,,25,67,,
2014/01/18,14,90,,,23,67,,
2014/01/18,15,93,,,22,71,,
2014/01/18,16,88,,,20,68,,
2014/01/18,17,105,,,21,84,,
2014/01/18,18,111,,,25,86,,
2014/01/18,19,110,,,24,86,,
2014/01/18,20,107,,,24,83,,
2014/01/18,21,40,,,10,30,,
2014/01/18,22,17,,,1,16,,
2014/01/18,23,19,,,1,18,,
2014/01/18,24,19,,,4,15,,
2014/01/19,01,18,,,4,14,,
2014/01/19,02,20,,,2,18,,
2014/01/19,03,16,,,1,15,,
2014/01/19,04,20,,,1,19,,
2014/01/19,05,16,,,1,15,,
2014/01/19,06,19,,,1,18,,
2014/01/19,07,15,,,0,15,,
2014/01/19,08,17,,,1,16,,
2014/01/19,09,73,,,42,31,,
2014/01/19,10,94,,,56,38,,
2014/01/19,11,103,,,37,66,,
2014/01/19,12,97,,,29,68,,
2014/01/19,13,94,,,26,68,,
2014/01/19,14,96,,,25,71,,
2014/01/19,15,93,,,24,69,,
2014/01/19,16,95,,,24,71,,
2014/01/19,17,105,,,22,83,,
2014/01/19,18,105,,,21,84,,
2014/01/19,19,110,,,25,85,,
2014/01/19,20,116,,,30,86,,
2014/01/19,21,43,,,9,34,,
2014/01/19,22,16,,,2,14,,
2014/01/19,23,17,,,2,15,,
2014/01/19,24,23,,,4,19,,
2014/01/20,01,19,,,4,15,,
2014/01/20,02,21,,,2,19,,
2014/01/20,03,16,,,1,15,,
2014/01/20,04,21,,,2,19,,
2014/01/20,05,17,,,2,15,,
2014/01/20,06,21,,,2,19,,
2014/01/20,07,21,,,2,19,,
2014/01/20,08,21,,,2,19,,
2014/01/20,09,65,,,36,28,,
2014/01/20,10,100,,,58,42,,
2014/01/20,11,114,,,44,70,,
2014/01/20,12,100,,,33,67,,
2014/01/20,13,98,,,27,71,,
2014/01/20,14,93,,,25,68,,
2014/01/20,15,91,,,23,68,,
2014/01/20,16,95,,,24,71,,
2014/01/20,17,105,,,26,79,,
2014/01/20,18,113,,,28,85,,
2014/01/20,19,118,,,30,88,,
2014/01/20,20,115,,,33,82,,
2014/01/20,21,56,,,23,32,,
2014/01/20,22,17,,,1,16,,
2014/01/20,23,18,,,0,18,,
2014/01/20,24,19,,,3,16,,
2014/01/21,01,22,,,3,19,,
2014/01/21,02,22,,,3,19,,
2014/01/21,03,22,,,3,19,,
2014/01/21,04,23,,,4,19,,
2014/01/21,05,18,,,3,15,,
2014/01/21,06,19,,,0,19,,
2014/01/21,07,16,,,1,15,,
2014/01/21,08,19,,,1,18,,
2014/01/21,09,58,,,31,27,,
2014/01/21,10,90,,,54,36,,
2014/01/21,11,112,,,46,66,,
2014/01/21,12,101,,,33,68,,
2014/01/21,13,97,,,28,69,,
2014/01/21,14,94,,,26,68,,
2014/01/21,15,91,,,23,68,,
2014/01/21,16,92,,,23,69,,
2014/01/21,17,106,,,24,82,,
2014/01/21,18,107,,,25,82,,
2014/01/21,19,110,,,26,84,,
2014/01/21,20,108,,,26,82,,
2014/01/21,21,30,,,3,27,,
2014/01/21,22,13,,,1,12,,
2014/01/21,23,12,,,1,11,,
2014/01/21,24,17,,,4,13,,
2014/01/22,01,15,,,2,13,,
2014/01/22,02,13,,,1,12,,
2014/01/22,03,17,,,1,16,,
2014/01/22,04,18,,,1,17,,
2014/01/22,05,17,,,1,16,,
2014/01/22,06,18,,,1,17,,
2014/01/22,07,21,,,2,19,,
2014/01/22,08,15,,,1,14,,
2014/01/22,09,69,,,42,27,,
2014/01/22,10,88,,,51,37,,
2014/01/22,11,110,,,39,71,,
2014/01/22,12,100,,,30,70,,
2014/01/22,13,96,,,26,70,,
2014/01/22,14,95,,,25,70,,
2014/01/22,15,94,,,24,70,,
2014/01/22,16,96,,,24,72,,
2014/01/22,17,109,,,24,85,,
2014/01/22,18,106,,,25,81,,
2014/01/22,19,108,,,25,83,,
2014/01/22,20,95,,,11,84,,
2014/01/22,21,24,,,2,22,,
2014/01/22,22,14,,,1,13,,
2014/01/22,23,16,,,1,15,,
2014/01/22,24,20,,,3,17,,
2014/01/23,01,18,,,4,14,,
2014/01/23,02,15,,,1,14,,
2014/01/23,03,16,,,2,14,,
2014/01/23,04,19,,,0,19,,
2014/01/23,05,15,,,1,14,,
2014/01/23,06,20,,,1,19,,
2014/01/23,07,19,,,1,18,,
2014/01/23,08,14,,,1,13,,
2014/01/23,09,32,,,14,18,,
2014/01/23,10,95,,,58,37,,
2014/01/23,11,122,,,47,75,,
2014/01/23,12,107,,,36,71,,
2014/01/23,13,106,,,32,74,,
2014/01/23,14,100,,,28,72,,
2014/01/23,15,97,,,25,72,,
2014/01/23,16,97,,,26,71,,
2014/01/23,17,113,,,27,86,,
2014/01/23,18,117,,,31,86,,
2014/01/23,19,125,,,36,89,,
2014/01/23,20,122,,,36,86,,
2014/01/23,21,74,,,6,68,,
2014/01/23,22,54,,,4,50,,
2014/01/23,23,18,,,1,17,,
2014/01/23,24,20,,,2,18,,
2014/01/24,01,21,,,3,18,,
2014/01/24,02,20,,,2,18,,
2014/01/24,03,21,,,3,18,,
2014/01/24,04,20,,,2,18,,
2014/01/24,05,21,,,3,18,,
2014/01/24,06,21,,,3,18,,
2014/01/24,07,20,,,2,18,,
2014/01/24,08,19,,,1,18,,
2014/01/24,09,68,,,39,29,,
2014/01/24,10,93,,,53,40,,
2014/01/24,11,119,,,51,68,,
2014/01/24,12,110,,,42,68,,
2014/01/24,13,101,,,32,69,,
2014/01/24,14,96,,,28,68,,
2014/01/24,15,94,,,26,68,,
2014/01/24,16,97,,,26,71,,
2014/01/24,17,104,,,26,78,,
2014/01/24,18,106,,,25,81,,
2014/01/24,19,111,,,28,83,,
2014/01/24,20,106,,,29,77,,
2014/01/24,21,28,,,5,23,,
2014/01/24,22,10,,,1,9,,
2014/01/24,23,13,,,1,12,,
2014/01/24,24,12,,,3,8,,
2014/01/25,01,16,,,2,14,,
2014/01/25,02,15,,,4,11,,
2014/01/25,03,16,,,4,12,,
2014/01/25,04,16,,,1,15,,
2014/01/25,05,15,,,1,14,,
2014/01/25,06,13,,,1,12,,
2014/01/25,07,13,,,1,12,,
2014/01/25,08,14,,,1,13,,
2014/01/25,09,34,,,20,14,,
2014/01/25,10,87,,,54,33,,
2014/01/25,11,103,,,36,67,,
2014/01/25,12,97,,,30,67,,
2014/01/25,13,94,,,26,68,,
2014/01/25,14,93,,,25,68,,
2014/01/25,15,90,,,24,66,,
2014/01/25,16,88,,,20,68,,
2014/01/25,17,98,,,20,78,,
2014/01/25,18,99,,,20,79,,
2014/01/25,19,101,,,21,80,,
2014/01/25,20,95,,,18,77,,
2014/01/25,21,21,,,2,19,,
2014/01/25,22,9,,,1,8,,
2014/01/25,23,10,,,1,8,,
2014/01/25,24,11,,,3,8,,
2014/01/26,01,15,,,3,12,,
2014/01/26,02,11,,,3,8,,
2014/01/26,03,14,,,2,12,,
2014/01/26,04,13,,,1,12,,
2014/01/26,05,10,,,1,9,,
2014/01/26,06,14,,,1,13,,
2014/01/26,07,15,,,1,14,,
2014/01/26,08,14,,,2,12,,
2014/01/26,09,74,,,46,28,,
2014/01/26,10,83,,,47,36,,
2014/01/26,11,104,,,33,71,,
2014/01/26,12,91,,,23,68,,
2014/01/26,13,93,,,23,70,,
2014/01/26,14,92,,,22,70,,
2014/01/26,15,94,,,21,73,,
2014/01/26,16,96,,,22,74,,
2014/01/26,17,104,,,20,84,,
2014/01/26,18,103,,,18,85,,
2014/01/26,19,107,,,20,87,,
2014/01/26,20,93,,,11,82,,
2014/01/26,21,23,,,1,22,,
2014/01/26,22,15,,,1,14,,
2014/01/26,23,14,,,1,13,,
2014/01/26,24,16,,,4,12,,
2014/01/27,01,14,,,2,12,,
2014/01/27,02,14,,,0,14,,
2014/01/27,03,18,,,1,17,,
2014/01/27,04,15,,,2,13,,
2014/01/27,05,15,,,1,14,,
2014/01/27,06,17,,,1,16,,
2014/01/27,07,16,,,1,15,,
2014/01/27,08,12,,,1,11,,
2014/01/27,09,70,,,44,25,,
2014/01/27,10,89,,,52,37,,
2014/01/27,11,107,,,39,68,,
2014/01/27,12,101,,,31,70,,
2014/01/27,13,101,,,29,72,,
2014/01/27,14,96,,,27,69,,
2014/01/27,15,95,,,27,68,,
2014/01/27,16,97,,,26,71,,
2014/01/27,17,105,,,22,83,,
2014/01/27,18,106,,,24,82,,
2014/01/27,19,112,,,24,88,,
2014/01/27,20,103,,,21,82,,
2014/01/27,21,31,,,1,30,,
2014/01/27,22,16,,,1,15,,
2014/01/27,23,19,,,0,19,,
2014/01/27,24,18,,,4,14,,
2014/01/28,01,23,,,5,18,,
2014/01/28,02,16,,,2,14,,
2014/01/28,03,15,,,0,15,,
2014/01/28,04,15,,,2,13,,
2014/01/28,05,17,,,0,17,,
2014/01/28,06,16,,,1,15,,
2014/01/28,07,14,,,1,13,,
2014/01/28,08,13,,,1,12,,
2014/01/28,09,35,,,18,17,,
2014/01/28,10,96,,,61,35,,
2014/01/28,11,102,,,36,66,,
2014/01/28,12,99,,,35,64,,
2014/01/28,13,96,,,30,66,,
2014/01/28,14,91,,,23,68,,
2014/01/28,15,87,,,20,67,,
2014/01/28,16,88,,,21,67,,
2014/01/28,17,97,,,20,77,,
2014/01/28,18,100,,,19,81,,
2014/01/28,19,98,,,19,79,,
2014/01/28,20,97,,,19,78,,
2014/01/28,21,18,,,2,16,,
2014/01/28,22,14,,,0,14,,
2014/01/28,23,16,,,1,15,,
2014/01/28,24,16,,,3,13,,
2014/01/29,01,17,,,5,12,,
2014/01/29,02,18,,,3,15,,
2014/01/29,03,17,,,1,16,,
2014/01/29,04,15,,,1,14,,
2014/01/29,05,16,,,1,15,,
2014/01/29,06,19,,,0,19,,
2014/01/29,07,17,,,2,15,,
2014/01/29,08,16,,,1,15,,
2014/01/29,09,41,,,19,22,,
2014/01/29,10,101,,,65,36,,
2014/01/29,11,113,,,43,70,,
2014/01/29,12,107,,,38,69,,
2014/01/29,13,102,,,32,70,,
2014/01/29,14,103,,,30,73,,
2014/01/29,15,104,,,31,73,,
2014/01/29,16,101,,,29,72,,
2014/01/29,17,105,,,29,76,,
2014/01/29,18,112,,,26,86,,
2014/01/29,19,115,,,28,87,,
2014/01/29,20,111,,,29,82,,
2014/01/29,21,71,,,30,41,,
2014/01/29,22,18,,,2,16,,
2014/01/29,23,18,,,2,16,,
2014/01/29,24,20,,,3,17,,
2014/01/30,01,23,,,5,18,,
2014/01/30,02,21,,,6,15,,
2014/01/30,03,23,,,4,19,,
2014/01/30,04,20,,,5,15,,
2014/01/30,05,20,,,3,17,,
2014/01/30,06,16,,,2,14,,
2014/01/30,07,14,,,1,13,,
2014/01/30,08,15,,,3,12,,
2014/01/30,09,38,,,20,18,,
2014/01/30,10,99,,,62,36,,
2014/01/30,11,111,,,39,72,,
2014/01/30,12,101,,,30,71,,
2014/01/30,13,100,,,28,72,,
2014/01/30,14,99,,,27,72,,
2014/01/30,15,95,,,24,71,,
2014/01/30,16,93,,,22,71,,
2014/01/30,17,95,,,20,75,,
2014/01/30,18,97,,,22,75,,
2014/01/30,19,97,,,21,76,,
2014/01/30,20,86,,,13,73,,
2014/01/30,21,18,,,2,16,,
2014/01/30,22,10,,,1,9,,
2014/01/30,23,10,,,1,9,,
2014/01/30,24,12,,,3,9,,
2014/01/31,01,13,,,4,9,,
2014/01/31,02,10,,,1,9,,
2014/01/31,03,10,,,1,9,,
2014/01/31,04,10,,,1,9,,
2014/01/31,05,10,,,1,9,,
2014/01/31,06,13,,,1,12,,
2014/01/31,07,10,,,1,9,,
2014/01/31,08,9,,,1,8,,
2014/01/31,09,67,,,42,24,,
2014/01/31,10,71,,,37,34,,
2014/01/31,11,98,,,32,66,,
2014/01/31,12,101,,,28,73,,
2014/01/31,13,96,,,26,70,,
2014/01/31,14,95,,,26,69,,
2014/01/31,15,98,,,26,72,,
2014/01/31,16,96,,,26,70,,
2014/01/31,17,107,,,26,81,,
2014/01/31,18,111,,,26,85,,
2014/01/31,19,113,,,27,86,,
2014/01/31,20,101,,,18,83,,
2014/01/31,21,32,,,2,30,,
2014/01/31,22,16,,,1,15,,
2014/01/31,23,19,,,0,19,,
2014/01/31,24,18,,,4,14,,
2014/02/01,01,20,,,4,16,,
2014/02/01,02,18,,,1,17,,
2014/02/01,03,16,,,1,15,,
2014/02/01,04,16,,,1,15,,
2014/02/01,05,19,,,0,19,,
2014/02/01,06,16,,,2,14,,
2014/02/01,07,19,,,0,19,,
2014/02/01,08,16,,,2,14,,
2014/02/01,09,85,,,55,30,,
2014/02/01,10,88,,,51,37,,
2014/02/01,11,110,,,36,74,,
2014/02/01,12,93,,,25,68,,
2014/02/01,13,95,,,22,73,,
2014/02/01,14,92,,,20,72,,
2014/02/01,15,89,,,18,71,,
2014/02/01,16,92,,,18,74,,
2014/02/01,17,98,,,18,80,,
2014/02/01,18,104,,,20,84,,
2014/02/01,19,108,,,21,87,,
2014/02/01,20,99,,,16,83,,
2014/02/01,21,29,,,1,28,,
2014/02/01,22,15,,,1,14,,
2014/02/01,23,19,,,1,18,,
2014/02/01,24,18,,,4,14,,
2014/02/02,01,22,,,3,19,,
2014/02/02,02,20,,,2,18,,
2014/02/02,03,17,,,1,16,,
2014/02/02,04,20,,,1,19,,
2014/02/02,05,19,,,0,19,,
2014/02/02,06,20,,,1,19,,
2014/02/02,07,19,,,1,18,,
2014/02/02,08,20,,,1,19,,
2014/02/02,09,63,,,35,28,,
2014/02/02,10,96,,,58,38,,
2014/02/02,11,106,,,38,68,,
2014/02/02,12,97,,,29,68,,
2014/02/02,13,93,,,24,69,,
2014/02/02,14,91,,,22,69,,
2014/02/02,15,91,,,21,70,,
2014/02/02,16,91,,,21,70,,
2014/02/02,17,100,,,20,80,,
2014/02/02,18,103,,,22,81,,
2014/02/02,19,101,,,20,81,,
2014/02/02,20,102,,,19,83,,
2014/02/02,21,20,,,1,19,,
2014/02/02,22,11,,,2,9,,
2014/02/02,23,10,,,1,9,,
2014/02/02,24,16,,,4,12,,
2014/02/03,01,11,,,2,9,,
2014/02/03,02,10,,,1,9,,
2014/02/03,03,11,,,2,9,,
2014/02/03,04,10,,,1,9,,
2014/02/03,05,11,,,2,9,,
2014/02/03,06,10,,,1,9,,
2014/02/03,07,14,,,1,13,,
2014/02/03,08,10,,,1,9,,
2014/02/03,09,67,,,41,26,,
2014/02/03,10,64,,,31,33,,
2014/02/03,11,90,,,24,66,,
2014/02/03,12,83,,,16,67,,
2014/02/03,13,78,,,12,66,,
2014/02/03,14,74,,,7,67,,
2014/02/03,15,78,,,10,68,,
2014/02/03,16,75,,,6,69,,
2014/02/03,17,83,,,10,73,,
2014/02/03,18,86,,,7,79,,
2014/02/03,19,88,,,9,79,,
2014/02/03,20,88,,,11,77,,
2014/02/03,21,25,,,2,23,,
2014/02/03,22,10,,,1,9,,
2014/02/03,23,14,,,1,13,,
2014/02/03,24,12,,,4,8,,
2014/02/04,01,17,,,4,13,,
2014/02/04,02,14,,,2,12,,
2014/02/04,03,11,,,2,9,,
2014/02/04,04,14,,,1,13,,
2014/02/04,05,13,,,1,12,,
2014/02/04,06,12,,,1,11,,
2014/02/04,07,13,,,1,12,,
2014/02/04,08,13,,,1,12,,
2014/02/04,09,61,,,39,22,,
2014/02/04,10,71,,,34,37,,
2014/02/04,11,92,,,26,66,,
2014/02/04,12,91,,,21,70,,
2014/02/04,13,84,,,15,69,,
2014/02/04,14,79,,,8,71,,
2014/02/04,15,81,,,12,69,,
2014/02/04,16,78,,,8,70,,
2014/02/04,17,89,,,9,80,,
2014/02/04,18,98,,,9,89,,
2014/02/04,19,102,,,16,86,,
2014/02/04,20,94,,,13,81,,
2014/02/04,21,35,,,2,33,,
2014/02/04,22,16,,,0,16,,
2014/02/04,23,16,,,1,15,,
2014/02/04,24,17,,,4,13,,
2014/02/05,01,17,,,3,14,,
2014/02/05,02,17,,,1,16,,
2014/02/05,03,17,,,1,16,,
2014/02/05,04,19,,,0,19,,
2014/02/05,05,17,,,1,16,,
2014/02/05,06,19,,,0,19,,
2014/02/05,07,20,,,2,18,,
2014/02/05,08,20,,,1,19,,
2014/02/05,09,40,,,20,20,,
2014/02/05,10,94,,,57,37,,
2014/02/05,11,105,,,35,70,,
2014/02/05,12,101,,,29,72,,
2014/02/05,13,101,,,27,74,,
2014/02/05,14,95,,,25,70,,
2014/02/05,15,96,,,24,72,,
2014/02/05,16,91,,,18,73,,
2014/02/05,17,103,,,19,84,,
2014/02/05,18,104,,,20,84,,
2014/02/05,19,106,,,20,86,,
2014/02/05,20,106,,,19,87,,
2014/02/05,21,37,,,7,30,,
2014/02/05,22,20,,,1,19,,
2014/02/05,23,14,,,1,13,,
2014/02/05,24,20,,,2,18,,
2014/02/06,01,19,,,3,16,,
2014/02/06,02,22,,,4,18,,
2014/02/06,03,18,,,1,17,,
2014/02/06,04,19,,,1,18,,
2014/02/06,05,18,,,1,17,,
2014/02/06,06,17,,,0,17,,
2014/02/06,07,19,,,1,18,,
2014/02/06,08,15,,,1,14,,
2014/02/06,09,40,,,18,22,,
2014/02/06,10,107,,,63,44,,
2014/02/06,11,125,,,50,75,,
2014/02/06,12,112,,,39,73,,
2014/02/06,13,95,,,25,70,,
2014/02/06,14,90,,,19,71,,
2014/02/06,15,87,,,16,71,,
2014/02/06,16,88,,,17,71,,
2014/02/06,17,90,,,9,81,,
2014/02/06,18,94,,,15,79,,
2014/02/06,19,106,,,24,82,,
2014/02/06,20,105,,,22,83,,
2014/02/06,21,24,,,1,23,,
2014/02/06,22,17,,,2,15,,
2014/02/06,23,17,,,0,17,,
2014/02/06,24,20,,,3,17,,
2014/02/07,01,22,,,3,19,,
2014/02/07,02,22,,,4,18,,
2014/02/07,03,22,,,3,19,,
2014/02/07,04,23,,,4,19,,
2014/02/07,05,22,,,3,19,,
2014/02/07,06,20,,,1,19,,
2014/02/07,07,19,,,1,18,,
2014/02/07,08,19,,,0,19,,
2014/02/07,09,70,,,38,32,,
2014/02/07,10,102,,,64,38,,
2014/02/07,11,116,,,46,70,,
2014/02/07,12,104,,,32,72,,
2014/02/07,13,97,,,28,69,,
2014/02/07,14,94,,,22,72,,
2014/02/07,15,93,,,22,71,,
2014/02/07,16,82,,,9,73,,
2014/02/07,17,97,,,18,79,,
2014/02/07,18,109,,,23,86,,
2014/02/07,19,100,,,14,86,,
2014/02/07,20,97,,,13,84,,
2014/02/07,21,31,,,1,30,,
2014/02/07,22,19,,,1,18,,
2014/02/07,23,19,,,1,18,,
2014/02/07,24,21,,,3,18,,
2014/02/08,01,22,,,4,18,,
2014/02/08,02,22,,,4,18,,
2014/02/08,03,20,,,1,19,,
2014/02/08,04,19,,,0,19,,
2014/02/08,05,20,,,2,18,,
2014/02/08,06,19,,,0,19,,
2014/02/08,07,19,,,0,19,,
2014/02/08,08,20,,,1,19,,
2014/02/08,09,66,,,38,28,,
2014/02/08,10,89,,,53,36,,
2014/02/08,11,112,,,38,74,,
2014/02/08,12,99,,,28,71,,
2014/02/08,13,96,,,25,71,,
2014/02/08,14,90,,,21,69,,
2014/02/08,15,92,,,19,73,,
2014/02/08,16,91,,,20,71,,
2014/02/08,17,103,,,22,81,,
2014/02/08,18,110,,,21,89,,
2014/02/08,19,110,,,21,89,,
2014/02/08,20,100,,,12,88,,
2014/02/08,21,35,,,1,34,,
2014/02/08,22,19,,,0,19,,
2014/02/08,23,18,,,1,17,,
2014/02/08,24,20,,,4,16,,
2014/02/09,01,21,,,4,17,,
2014/02/09,02,18,,,2,16,,
2014/02/09,03,15,,,1,14,,
2014/02/09,04,17,,,1,16,,
2014/02/09,05,16,,,1,15,,
2014/02/09,06,13,,,1,12,,
2014/02/09,07,14,,,2,12,,
2014/02/09,08,15,,,0,15,,
2014/02/09,09,72,,,45,27,,
2014/02/09,10,81,,,44,37,,
2014/02/09,11,108,,,35,73,,
2014/02/09,12,102,,,30,72,,
2014/02/09,13,99,,,28,71,,
2014/02/09,14,100,,,27,73,,
2014/02/09,15,100,,,26,74,,
2014/02/09,16,104,,,25,79,,
2014/02/09,17,110,,,25,85,,
2014/02/09,18,106,,,19,87,,
2014/02/09,19,107,,,19,88,,
2014/02/09,20,101,,,20,81,,
2014/02/09,21,26,,,4,22,,
2014/02/09,22,18,,,1,17,,
2014/02/09,23,16,,,2,14,,
2014/02/09,24,19,,,5,14,,
2014/02/10,01,20,,,2,18,,
2014/02/10,02,17,,,2,14,,
2014/02/10,03,18,,,2,16,,
2014/02/10,04,18,,,2,16,,
2014/02/10,05,15,,,1,14,,
2014/02/10,06,16,,,2,14,,
2014/02/10,07,19,,,2,17,,
2014/02/10,08,15,,,2,13,,
2014/02/10,09,66,,,42,24,,
2014/02/10,10,79,,,42,37,,
2014/02/10,11,103,,,31,72,,
2014/02/10,12,93,,,25,68,,
2014/02/10,13,90,,,22,68,,
2014/02/10,14,88,,,20,68,,
2014/02/10,15,89,,,21,68,,
2014/02/10,16,83,,,15,68,,
2014/02/10,17,86,,,15,71,,
2014/02/10,18,93,,,17,76,,
2014/02/10,19,94,,,18,76,,
2014/02/10,20,86,,,8,78,,
2014/02/10,21,26,,,3,23,,
2014/02/10,22,16,,,2,14,,
2014/02/10,23,14,,,0,14,,
2014/02/10,24,17,,,3,14,,
2014/02/11,01,17,,,3,14,,
2014/02/11,02,18,,,4,14,,
2014/02/11,03,17,,,3,14,,
2014/02/11,04,15,,,1,14,,
2014/02/11,05,16,,,2,14,,
2014/02/11,06,19,,,1,18,,
2014/02/11,07,15,,,0,15,,
2014/02/11,08,17,,,1,16,,
2014/02/11,09,71,,,43,28,,
2014/02/11,10,78,,,44,34,,
2014/02/11,11,101,,,31,70,,
2014/02/11,12,91,,,25,66,,
2014/02/11,13,87,,,20,67,,
2014/02/11,14,83,,,16,67,,
2014/02/11,15,76,,,9,67,,
2014/02/11,16,77,,,11,66,,
2014/02/11,17,81,,,9,72,,
2014/02/11,18,96,,,11,85,,
2014/02/11,19,97,,,11,86,,
2014/02/11,20,88,,,7,81,,
2014/02/11,21,40,,,2,38,,
2014/02/11,22,19,,,1,18,,
2014/02/11,23,15,,,1,14,,
2014/02/11,24,22,,,4,18,,
2014/02/12,01,22,,,4,18,,
2014/02/12,02,21,,,3,18,,
2014/02/12,03,16,,,1,15,,
2014/02/12,04,20,,,1,19,,
2014/02/12,05,19,,,1,18,,
2014/02/12,06,19,,,0,19,,
2014/02/12,07,19,,,1,18,,
2014/02/12,08,15,,,1,14,,
2014/02/12,09,42,,,23,19,,
2014/02/12,10,90,,,53,37,,
2014/02/12,11,104,,,33,71,,
2014/02/12,12,99,,,29,70,,
2014/02/12,13,95,,,24,71,,
2014/02/12,14,88,,,17,71,,
2014/02/12,15,82,,,12,70,,
2014/02/12,16,83,,,12,71,,
2014/02/12,17,84,,,8,76,,
2014/02/12,18,102,,,16,86,,
2014/02/12,19,94,,,8,86,,
2014/02/12,20,92,,,11,81,,
2014/02/12,21,25,,,3,22,,
2014/02/12,22,14,,,1,13,,
2014/02/12,23,12,,,1,11,,
2014/02/12,24,14,,,3,11,,
2014/02/13,01,17,,,4,13,,
2014/02/13,02,14,,,1,13,,
2014/02/13,03,13,,,1,12,,
2014/02/13,04,14,,,1,13,,
2014/02/13,05,14,,,1,13,,
2014/02/13,06,15,,,1,14,,
2014/02/13,07,15,,,2,13,,
2014/02/13,08,9,,,1,8,,
2014/02/13,09,70,,,42,28,,
2014/02/13,10,65,,,37,28,,
2014/02/13,11,81,,,30,51,,
2014/02/13,12,95,,,24,71,,
2014/02/13,13,88,,,20,68,,
2014/02/13,14,82,,,14,68,,
2014/02/13,15,79,,,11,68,,
2014/02/13,16,79,,,11,68,,
2014/02/13,17,86,,,10,76,,
2014/02/13,18,94,,,13,81,,
2014/02/13,19,94,,,12,82,,
2014/02/13,20,96,,,16,80,,
2014/02/13,21,25,,,2,23,,
2014/02/13,22,17,,,4,13,,
2014/02/13,23,16,,,3,13,,
2014/02/13,24,24,,,6,18,,
2014/02/14,01,19,,,6,13,,
2014/02/14,02,16,,,4,12,,
2014/02/14,03,19,,,3,16,,
2014/02/14,04,19,,,4,15,,
2014/02/14,05,18,,,4,14,,
2014/02/14,06,23,,,5,18,,
2014/02/14,07,19,,,4,15,,
2014/02/14,08,22,,,4,18,,
2014/02/14,09,40,,,21,19,,
2014/02/14,10,86,,,53,33,,
2014/02/14,11,106,,,34,72,,
2014/02/14,12,94,,,24,70,,
2014/02/14,13,93,,,21,72,,
2014/02/14,14,88,,,18,70,,
2014/02/14,15,85,,,15,70,,
2014/02/14,16,79,,,11,68,,
2014/02/14,17,88,,,16,72,,
2014/02/14,18,90,,,6,84,,
2014/02/14,19,102,,,20,82,,
2014/02/14,20,87,,,8,79,,
2014/02/14,21,43,,,1,42,,
2014/02/14,22,17,,,1,16,,
2014/02/14,23,19,,,1,18,,
2014/02/14,24,18,,,3,15,,
2014/02/15,01,22,,,4,18,,
2014/02/15,02,21,,,3,18,,
2014/02/15,03,22,,,3,19,,
2014/02/15,04,22,,,3,19,,
2014/02/15,05,22,,,3,19,,
2014/02/15,06,21,,,3,18,,
2014/02/15,07,21,,,2,19,,
2014/02/15,08,20,,,2,18,,
2014/02/15,09,71,,,42,29,,
2014/02/15,10,87,,,51,36,,
2014/02/15,11,102,,,34,68,,
2014/02/15,12,95,,,27,68,,
2014/02/15,13,92,,,23,69,,
2014/02/15,14,87,,,19,68,,
2014/02/15,15,86,,,17,69,,
2014/02/15,16,84,,,16,68,,
2014/02/15,17,88,,,15,73,,
2014/02/15,18,93,,,14,79,,
2014/02/15,19,97,,,14,83,,
2014/02/15,20,82,,,3,79,,
2014/02/15,21,23,,,1,22,,
2014/02/15,22,11,,,2,9,,
2014/02/15,23,17,,,1,16,,
2014/02/15,24,16,,,3,13,,
2014/02/16,01,16,,,4,12,,
2014/02/16,02,15,,,2,13,,
2014/02/16,03,15,,,0,15,,
2014/02/16,04,18,,,1,17,,
2014/02/16,05,15,,,1,14,,
2014/02/16,06,16,,,1,15,,
2014/02/16,07,15,,,1,14,,
2014/02/16,08,18,,,1,17,,
2014/02/16,09,71,,,40,31,,
2014/02/16,10,84,,,48,36,,
2014/02/16,11,119,,,40,79,,
2014/02/16,12,110,,,33,77,,
2014/02/16,13,107,,,27,80,,
2014/02/16,14,96,,,20,76,,
2014/02/16,15,101,,,23,78,,
2014/02/16,16,91,,,19,72,,
2014/02/16,17,21,,,2,19,,
2014/02/16,18,19,,,0,19,,
2014/02/16,19,19,,,1,18,,
2014/02/16,20,17,,,1,16,,
2014/02/16,21,12,,,1,11,,
2014/02/16,22,14,,,1,13,,
2014/02/16,23,13,,,0,13,,
2014/02/16,24,15,,,3,12,,
2014/02/17,01,15,,,3,12,,
2014/02/17,02,17,,,5,12,,
2014/02/17,03,14,,,2,12,,
2014/02/17,04,18,,,1,17,,
2014/02/17,05,16,,,1,15,,
2014/02/17,06,14,,,0,14,,
2014/02/17,07,19,,,2,17,,
2014/02/17,08,13,,,1,12,,
2014/02/17,09,75,,,48,27,,
2014/02/17,10,87,,,50,37,,
2014/02/17,11,109,,,33,76,,
2014/02/17,12,107,,,34,73,,
2014/02/17,13,101,,,29,72,,
2014/02/17,14,102,,,26,76,,
2014/02/17,15,104,,,30,74,,
2014/02/17,16,95,,,23,72,,
2014/02/17,17,96,,,18,78,,
2014/02/17,18,99,,,19,80,,
2014/02/17,19,87,,,19,68,,
2014/02/17,20,23,,,0,23,,
2014/02/17,21,19,,,1,18,,
2014/02/17,22,18,,,1,17,,
2014/02/17,23,15,,,1,14,,
2014/02/17,24,20,,,3,17,,
2014/02/18,01,16,,,2,14,,
2014/02/18,02,19,,,4,15,,
2014/02/18,03,18,,,3,15,,
2014/02/18,04,15,,,3,12,,
2014/02/18,05,16,,,4,12,,
2014/02/18,06,17,,,4,13,,
2014/02/18,07,17,,,3,14,,
2014/02/18,08,14,,,1,13,,
2014/02/18,09,88,,,54,33,,
2014/02/18,10,86,,,46,40,,
2014/02/18,11,107,,,36,71,,
2014/02/18,12,99,,,31,68,,
2014/02/18,13,90,,,25,65,,
2014/02/18,14,90,,,20,70,,
2014/02/18,15,94,,,23,71,,
2014/02/18,16,96,,,21,75,,
2014/02/18,17,93,,,18,75,,
2014/02/18,18,103,,,18,85,,
2014/02/18,19,103,,,16,87,,
2014/02/18,20,87,,,10,77,,
2014/02/18,21,20,,,2,18,,
2014/02/18,22,16,,,0,16,,
2014/02/18,23,14,,,1,13,,
2014/02/18,24,15,,,3,12,,
2014/02/19,01,15,,,3,12,,
2014/02/19,02,16,,,3,13,,
2014/02/19,03,15,,,1,14,,
2014/02/19,04,13,,,1,12,,
2014/02/19,05,13,,,2,11,,
2014/02/19,06,13,,,1,12,,
2014/02/19,07,13,,,1,12,,
2014/02/19,08,9,,,1,8,,
2014/02/19,09,79,,,49,30,,
2014/02/19,10,76,,,43,33,,
2014/02/19,11,102,,,33,69,,
2014/02/19,12,96,,,27,69,,
2014/02/19,13,85,,,16,69,,
2014/02/19,14,88,,,17,71,,
2014/02/19,15,78,,,8,70,,
2014/02/19,16,84,,,14,70,,
2014/02/19,17,85,,,12,73,,
2014/02/19,18,87,,,7,80,,
2014/02/19,19,96,,,14,82,,
2014/02/19,20,82,,,2,80,,
2014/02/19,21,20,,,2,18,,
2014/02/19,22,15,,,1,14,,
2014/02/19,23,13,,,1,12,,
2014/02/19,24,15,,,3,12,,
2014/02/20,01,18,,,3,15,,
2014/02/20,02,18,,,3,15,,
2014/02/20,03,13,,,1,12,,
2014/02/20,04,16,,,2,14,,
2014/02/20,05,20,,,2,18,,
2014/02/20,06,13,,,1,12,,
2014/02/20,07,13,,,1,12,,
2014/02/20,08,14,,,1,13,,
2014/02/20,09,38,,,20,18,,
2014/02/20,10,80,,,50,30,,
2014/02/20,11,102,,,34,68,,
2014/02/20,12,96,,,27,69,,
2014/02/20,13,92,,,22,70,,
2014/02/20,14,89,,,19,70,,
2014/02/20,15,87,,,17,70,,
2014/02/20,16,76,,,6,70,,
2014/02/20,17,85,,,13,72,,
2014/02/20,18,94,,,14,80,,
2014/02/20,19,95,,,13,82,,
2014/02/20,20,89,,,9,80,,
2014/02/20,21,22,,,2,20,,
2014/02/20,22,12,,,1,11,,
2014/02/20,23,11,,,1,10,,
2014/02/20,24,16,,,3,13,,
2014/02/21,01,15,,,3,12,,
2014/02/21,02,13,,,3,10,,
2014/02/21,03,16,,,4,12,,
2014/02/21,04,18,,,4,14,,
2014/02/21,05,17,,,3,14,,
2014/02/21,06,14,,,1,13,,
2014/02/21,07,15,,,3,12,,
2014/02/21,08,15,,,1,14,,
2014/02/21,09,79,,,51,28,,
2014/02/21,10,73,,,42,31,,
2014/02/21,11,100,,,31,69,,
2014/02/21,12,91,,,24,67,,
2014/02/21,13,89,,,22,67,,
2014/02/21,14,87,,,19,68,,
2014/02/21,15,84,,,15,69,,
2014/02/21,16,77,,,8,69,,
2014/02/21,17,83,,,14,69,,
2014/02/21,18,95,,,17,78,,
2014/02/21,19,85,,,8,77,,
2014/02/21,20,87,,,12,75,,
2014/02/21,21,34,,,2,32,,
2014/02/21,22,16,,,1,15,,
2014/02/21,23,15,,,1,14,,
2014/02/21,24,14,,,3,11,,
2014/02/22,01,18,,,4,14,,
2014/02/22,02,17,,,3,14,,
2014/02/22,03,12,,,0,12,,
2014/02/22,04,14,,,2,12,,
2014/02/22,05,11,,,1,10,,
2014/02/22,06,13,,,2,11,,
2014/02/22,07,13,,,1,12,,
2014/02/22,08,12,,,1,11,,
2014/02/22,09,71,,,46,24,,
2014/02/22,10,80,,,40,40,,
2014/02/22,11,101,,,31,70,,
2014/02/22,12,97,,,27,70,,
2014/02/22,13,93,,,21,72,,
2014/02/22,14,86,,,19,67,,
2014/02/22,15,85,,,17,68,,
2014/02/22,16,85,,,18,67,,
2014/02/22,17,87,,,15,72,,
2014/02/22,18,97,,,11,86,,
2014/02/22,19,96,,,9,87,,
2014/02/22,20,99,,,15,84,,
2014/02/22,21,22,,,2,20,,
2014/02/22,22,16,,,1,15,,
2014/02/22,23,16,,,1,15,,
2014/02/22,24,18,,,4,14,,
2014/02/23,01,16,,,3,13,,
2014/02/23,02,13,,,0,13,,
2014/02/23,03,16,,,1,15,,
2014/02/23,04,15,,,1,14,,
2014/02/23,05,15,,,1,14,,
2014/02/23,06,14,,,1,13,,
2014/02/23,07,14,,,2,12,,
2014/02/23,08,12,,,1,11,,
2014/02/23,09,71,,,42,29,,
2014/02/23,10,85,,,44,41,,
2014/02/23,11,94,,,28,66,,
2014/02/23,12,90,,,23,67,,
2014/02/23,13,88,,,20,68,,
2014/02/23,14,86,,,18,68,,
2014/02/23,15,82,,,14,68,,
2014/02/23,16,72,,,4,68,,
2014/02/23,17,82,,,12,70,,
2014/02/23,18,94,,,14,80,,
2014/02/23,19,88,,,4,84,,
2014/02/23,20,90,,,10,80,,
2014/02/23,21,22,,,1,21,,
2014/02/23,22,17,,,1,16,,
2014/02/23,23,17,,,1,16,,
2014/02/23,24,18,,,4,14,,
2014/02/24,01,21,,,3,18,,
2014/02/24,02,20,,,4,16,,
2014/02/24,03,17,,,1,16,,
2014/02/24,04,19,,,1,18,,
2014/02/24,05,20,,,4,16,,
2014/02/24,06,19,,,0,19,,
2014/02/24,07,17,,,1,16,,
2014/02/24,08,16,,,1,15,,
2014/02/24,09,49,,,21,28,,
2014/02/24,10,103,,,44,59,,
2014/02/24,11,97,,,28,69,,
2014/02/24,12,90,,,22,68,,
2014/02/24,13,88,,,20,68,,
2014/02/24,14,87,,,18,69,,
2014/02/24,15,81,,,12,69,,
2014/02/24,16,81,,,13,68,,
2014/02/24,17,75,,,5,70,,
2014/02/24,18,86,,,12,74,,
2014/02/24,19,90,,,12,78,,
2014/02/24,20,90,,,8,82,,
2014/02/24,21,25,,,1,24,,
2014/02/24,22,11,,,0,11,,
2014/02/24,23,14,,,2,12,,
2014/02/24,24,17,,,2,15,,
2014/02/25,01,18,,,4,14,,
2014/02/25,02,17,,,3,14,,
2014/02/25,03,21,,,3,18,,
2014/02/25,04,17,,,3,14,,
2014/02/25,05,21,,,3,18,,
2014/02/25,06,18,,,4,14,,
2014/02/25,07,21,,,3,18,,
2014/02/25,08,14,,,2,12,,
2014/02/25,09,40,,,22,18,,
2014/02/25,10,84,,,50,34,,
2014/02/25,11,93,,,28,65,,
2014/02/25,12,87,,,22,65,,
2014/02/25,13,85,,,19,66,,
2014/02/25,14,81,,,16,65,,
2014/02/25,15,76,,,11,65,,
2014/02/25,16,69,,,4,65,,
2014/02/25,17,76,,,9,67,,
2014/02/25,18,87,,,9,78,,
2014/02/25,19,87,,,10,77,,
2014/02/25,20,86,,,6,80,,
2014/02/25,21,19,,,1,18,,
2014/02/25,22,12,,,2,10,,
2014/02/25,23,13,,,0,13,,
2014/02/25,24,13,,,4,9,,
2014/02/26,01,15,,,4,11,,
2014/02/26,02,14,,,1,13,,
2014/02/26,03,10,,,1,9,,
2014/02/26,04,13,,,2,11,,
2014/02/26,05,12,,,1,11,,
2014/02/26,06,12,,,1,11,,
2014/02/26,07,12,,,2,10,,
2014/02/26,08,13,,,1,12,,
2014/02/26,09,67,,,44,23,,
2014/02/26,10,71,,,36,35,,
2014/02/26,11,93,,,27,66,,
2014/02/26,12,87,,,22,65,,
2014/02/26,13,80,,,14,66,,
2014/02/26,14,77,,,12,65,,
2014/02/26,15,68,,,3,65,,
2014/02/26,16,75,,,10,65,,
2014/02/26,17,70,,,3,67,,
2014/02/26,18,86,,,8,78,,
2014/02/26,19,88,,,9,79,,
2014/02/26,20,86,,,6,80,,
2014/02/26,21,17,,,2,15,,
2014/02/26,22,11,,,1,10,,
2014/02/26,23,15,,,1,14,,
2014/02/26,24,17,,,4,13,,
2014/02/27,01,14,,,2,12,,
2014/02/27,02,14,,,2,12,,
2014/02/27,03,14,,,1,13,,
2014/02/27,04,19,,,2,17,,
2014/02/27,05,15,,,1,14,,
2014/02/27,06,15,,,1,14,,
2014/02/27,07,17,,,1,16,,
2014/02/27,08,16,,,2,14,,
2014/02/27,09,78,,,50,27,,
2014/02/27,10,72,,,37,35,,
2014/02/27,11,93,,,27,66,,
2014/02/27,12,85,,,19,66,,
2014/02/27,13,85,,,17,68,,
2014/02/27,14,79,,,12,67,,
2014/02/27,15,71,,,4,67,,
2014/02/27,16,76,,,10,66,,
2014/02/27,17,73,,,5,68,,
2014/02/27,18,86,,,7,79,,
2014/02/27,19,88,,,8,80,,
2014/02/27,20,83,,,6,77,,
2014/02/27,21,19,,,2,17,,
2014/02/27,22,11,,,3,8,,
2014/02/27,23,11,,,3,8,,
2014/02/27,24,13,,,5,8,,
2014/02/28,01,12,,,3,9,,
2014/02/28,02,11,,,3,8,,
2014/02/28,03,11,,,3,8,,
2014/02/28,04,12,,,3,9,,
2014/02/28,05,11,,,2,9,,
2014/02/28,06,12,,,3,8,,
2014/02/28,07,11,,,3,8,,
2014/02/28,08,11,,,3,8,,
2014/02/28,09,55,,,33,22,,
2014/02/28,10,63,,,29,34,,
2014/02/28,11,85,,,21,64,,
2014/02/28,12,80,,,16,64,,
2014/02/28,13,77,,,14,63,,
2014/02/28,14,70,,,6,64,,
2014/02/28,15,73,,,8,65,,
2014/02/28,16,73,,,9,64,,
2014/02/28,17,71,,,6,65,,
2014/02/28,18,85,,,7,78,,
2014/02/28,19,84,,,6,78,,
2014/02/28,20,86,,,6,80,,
2014/02/28,21,19,,,2,17,,
2014/02/28,22,11,,,1,10,,
2014/02/28,23,16,,,1,15,,
2014/02/28,24,16,,,3,13,,
2014/03/01,01,13,,,2,11,,
2014/03/01,02,14,,,2,12,,
2014/03/01,03,15,,,1,14,,
2014/03/01,04,15,,,1,14,,
2014/03/01,05,12,,,1,11,,
2014/03/01,06,12,,,0,12,,
2014/03/01,07,14,,,1,13,,
2014/03/01,08,10,,,2,8,,
2014/03/01,09,75,,,48,27,,
2014/03/01,10,66,,,34,32,,
2014/03/01,11,91,,,26,65,,
2014/03/01,12,85,,,20,65,,
2014/03/01,13,78,,,12,66,,
2014/03/01,14,74,,,9,65,,
2014/03/01,15,72,,,7,65,,
2014/03/01,16,73,,,7,66,,
2014/03/01,17,76,,,9,67,,
2014/03/01,18,80,,,2,78,,
2014/03/01,19,92,,,10,82,,
2014/03/01,20,86,,,6,80,,
2014/03/01,21,33,,,1,32,,
2014/03/01,22,16,,,2,14,,
2014/03/01,23,13,,,1,12,,
2014/03/01,24,16,,,4,12,,
2014/03/02,01,18,,,2,16,,
2014/03/02,02,17,,,1,16,,
2014/03/02,03,16,,,2,14,,
2014/03/02,04,18,,,1,17,,
2014/03/02,05,16,,,0,16,,
2014/03/02,06,17,,,2,15,,
2014/03/02,07,20,,,1,19,,
2014/03/02,08,14,,,2,12,,
2014/03/02,09,73,,,46,27,,
2014/03/02,10,80,,,42,38,,
2014/03/02,11,90,,,24,66,,
2014/03/02,12,85,,,19,66,,
2014/03/02,13,83,,,17,66,,
2014/03/02,14,81,,,15,66,,
2014/03/02,15,77,,,11,66,,
2014/03/02,16,77,,,12,65,,
2014/03/02,17,71,,,4,67,,
2014/03/02,18,95,,,16,79,,
2014/03/02,19,86,,,2,84,,
2014/03/02,20,91,,,12,79,,
2014/03/02,21,30,,,2,28,,
2014/03/02,22,14,,,2,12,,
2014/03/02,23,11,,,1,10,,
2014/03/02,24,15,,,4,11,,
2014/03/03,01,15,,,2,13,,
2014/03/03,02,13,,,1,12,,
2014/03/03,03,13,,,1,12,,
2014/03/03,04,17,,,0,17,,
2014/03/03,05,16,,,1,15,,
2014/03/03,06,15,,,1,14,,
2014/03/03,07,17,,,1,16,,
2014/03/03,08,15,,,2,13,,
2014/03/03,09,86,,,54,32,,
2014/03/03,10,72,,,37,35,,
2014/03/03,11,102,,,30,72,,
2014/03/03,12,90,,,22,68,,
2014/03/03,13,82,,,14,68,,
2014/03/03,14,80,,,13,67,,
2014/03/03,15,74,,,6,68,,
2014/03/03,16,80,,,12,68,,
2014/03/03,17,76,,,6,70,,
2014/03/03,18,96,,,14,82,,
2014/03/03,19,95,,,13,82,,
2014/03/03,20,88,,,6,82,,
2014/03/03,21,29,,,1,28,,
2014/03/03,22,15,,,1,14,,
2014/03/03,23,14,,,1,13,,
2014/03/03,24,18,,,2,16,,
2014/03/04,01,20,,,4,16,,
2014/03/04,02,19,,,4,15,,
2014/03/04,03,21,,,4,17,,
2014/03/04,04,18,,,1,17,,
2014/03/04,05,16,,,1,15,,
2014/03/04,06,20,,,1,19,,
2014/03/04,07,16,,,0,16,,
2014/03/04,08,18,,,1,17,,
2014/03/04,09,82,,,54,28,,
2014/03/04,10,79,,,42,37,,
2014/03/04,11,98,,,28,70,,
2014/03/04,12,88,,,21,67,,
2014/03/04,13,85,,,18,67,,
2014/03/04,14,73,,,6,67,,
2014/03/04,15,78,,,11,67,,
2014/03/04,16,73,,,7,66,,
2014/03/04,17,75,,,10,65,,
2014/03/04,18,87,,,9,78,,
2014/03/04,19,93,,,11,82,,
2014/03/04,20,81,,,6,75,,
2014/03/04,21,23,,,2,21,,
2014/03/04,22,13,,,1,12,,
2014/03/04,23,10,,,2,8,,
2014/03/04,24,17,,,4,13,,
2014/03/05,01,16,,,3,13,,
2014/03/05,02,11,,,2,9,,
2014/03/05,03,13,,,1,12,,
2014/03/05,04,14,,,1,13,,
2014/03/05,05,12,,,0,12,,
2014/03/05,06,12,,,2,10,,
2014/03/05,07,14,,,1,13,,
2014/03/05,08,14,,,1,13,,
2014/03/05,09,67,,,43,24,,
2014/03/05,10,70,,,40,30,,
2014/03/05,11,98,,,34,64,,
2014/03/05,12,91,,,26,65,,
2014/03/05,13,86,,,21,65,,
2014/03/05,14,82,,,16,66,,
2014/03/05,15,75,,,10,65,,
2014/03/05,16,76,,,12,64,,
2014/03/05,17,82,,,11,71,,
2014/03/05,18,89,,,11,78,,
2014/03/05,19,92,,,9,83,,
2014/03/05,20,81,,,4,77,,
2014/03/05,21,23,,,2,21,,
2014/03/05,22,13,,,1,12,,
2014/03/05,23,11,,,2,9,,
2014/03/05,24,15,,,3,12,,
2014/03/06,01,11,,,2,9,,
2014/03/06,02,11,,,1,10,,
2014/03/06,03,9,,,1,8,,
2014/03/06,04,13,,,1,12,,
2014/03/06,05,13,,,1,12,,
2014/03/06,06,10,,,2,8,,
2014/03/06,07,13,,,1,12,,
2014/03/06,08,9,,,1,8,,
2014/03/06,09,62,,,39,22,,
2014/03/06,10,66,,,34,32,,
2014/03/06,11,94,,,27,67,,
2014/03/06,12,92,,,21,71,,
2014/03/06,13,89,,,20,69,,
2014/03/06,14,83,,,17,66,,
2014/03/06,15,80,,,14,66,,
2014/03/06,16,84,,,14,70,,
2014/03/06,17,90,,,15,75,,
2014/03/06,18,102,,,15,87,,
2014/03/06,19,102,,,16,86,,
2014/03/06,20,93,,,8,85,,
2014/03/06,21,23,,,1,22,,
2014/03/06,22,18,,,0,18,,
2014/03/06,23,15,,,1,14,,
2014/03/06,24,21,,,3,18,,
2014/03/07,01,16,,,2,14,,
2014/03/07,02,16,,,1,15,,
2014/03/07,03,18,,,1,17,,
2014/03/07,04,16,,,2,14,,
2014/03/07,05,15,,,1,14,,
2014/03/07,06,19,,,1,18,,
2014/03/07,07,15,,,2,13,,
2014/03/07,08,13,,,2,11,,
2014/03/07,09,78,,,50,28,,
2014/03/07,10,77,,,38,39,,
2014/03/07,11,94,,,28,66,,
2014/03/07,12,90,,,24,66,,
2014/03/07,13,87,,,21,66,,
2014/03/07,14,84,,,19,65,,
2014/03/07,15,78,,,13,65,,
2014/03/07,16,84,,,20,64,,
2014/03/07,17,79,,,12,67,,
2014/03/07,18,97,,,17,80,,
2014/03/07,19,96,,,16,80,,
2014/03/07,20,90,,,10,80,,
2014/03/07,21,26,,,2,24,,
2014/03/07,22,15,,,1,14,,
2014/03/07,23,13,,,1,12,,
2014/03/07,24,17,,,2,15,,
2014/03/08,01,21,,,4,17,,
2014/03/08,02,18,,,4,14,,
2014/03/08,03,22,,,4,18,,
2014/03/08,04,19,,,4,15,,
2014/03/08,05,19,,,1,18,,
2014/03/08,06,16,,,1,15,,
2014/03/08,07,19,,,1,18,,
2014/03/08,08,15,,,1,14,,
2014/03/08,09,80,,,51,29,,
2014/03/08,10,77,,,40,37,,
2014/03/08,11,93,,,28,65,,
2014/03/08,12,86,,,22,64,,
2014/03/08,13,85,,,19,66,,
2014/03/08,14,83,,,16,67,,
2014/03/08,15,73,,,7,66,,
2014/03/08,16,74,,,10,64,,
2014/03/08,17,75,,,9,66,,
2014/03/08,18,85,,,9,76,,
2014/03/08,19,91,,,10,81,,
2014/03/08,20,87,,,7,80,,
2014/03/08,21,31,,,2,29,,
2014/03/08,22,13,,,1,12,,
2014/03/08,23,13,,,1,12,,
2014/03/08,24,18,,,3,15,,
2014/03/09,01,19,,,3,16,,
2014/03/09,02,15,,,1,14,,
2014/03/09,03,16,,,2,14,,
2014/03/09,04,18,,,0,18,,
2014/03/09,05,17,,,2,15,,
2014/03/09,06,15,,,1,14,,
2014/03/09,07,17,,,1,16,,
2014/03/09,08,16,,,2,14,,
2014/03/09,09,77,,,50,27,,
2014/03/09,10,72,,,40,32,,
2014/03/09,11,93,,,27,66,,
2014/03/09,12,84,,,18,66,,
2014/03/09,13,80,,,16,64,,
2014/03/09,14,71,,,7,64,,
2014/03/09,15,73,,,9,64,,
2014/03/09,16,68,,,4,64,,
2014/03/09,17,68,,,2,66,,
2014/03/09,18,80,,,6,74,,
2014/03/09,19,89,,,10,79,,
2014/03/09,20,84,,,6,78,,
2014/03/09,21,28,,,3,25,,
2014/03/09,22,13,,,2,11,,
2014/03/09,23,14,,,3,11,,
2014/03/09,24,18,,,5,13,,
2014/03/10,01,16,,,6,10,,
2014/03/10,02,13,,,2,11,,
2014/03/10,03,16,,,3,13,,
2014/03/10,04,15,,,3,12,,
2014/03/10,05,14,,,4,10,,
2014/03/10,06,16,,,3,13,,
2014/03/10,07,14,,,2,12,,
2014/03/10,08,12,,,3,8,,
2014/03/10,09,66,,,42,24,,
2014/03/10,10,68,,,36,32,,
2014/03/10,11,93,,,27,66,,
2014/03/10,12,87,,,22,65,,
2014/03/10,13,83,,,18,65,,
2014/03/10,14,73,,,8,65,,
2014/03/10,15,79,,,14,65,,
2014/03/10,16,69,,,3,66,,
2014/03/10,17,71,,,3,68,,
2014/03/10,18,84,,,9,75,,
2014/03/10,19,89,,,12,77,,
2014/03/10,20,83,,,7,76,,
2014/03/10,21,17,,,2,15,,
2014/03/10,22,12,,,1,11,,
2014/03/10,23,15,,,1,14,,
2014/03/10,24,14,,,3,11,,
2014/03/11,01,15,,,4,11,,
2014/03/11,02,17,,,3,14,,
2014/03/11,03,14,,,1,13,,
2014/03/11,04,12,,,2,10,,
2014/03/11,05,12,,,1,11,,
2014/03/11,06,14,,,1,13,,
2014/03/11,07,14,,,2,12,,
2014/03/11,08,13,,,1,12,,
2014/03/11,09,65,,,40,25,,
2014/03/11,10,71,,,35,36,,
2014/03/11,11,92,,,22,70,,
2014/03/11,12,86,,,17,69,,
2014/03/11,13,82,,,14,68,,
2014/03/11,14,71,,,3,68,,
2014/03/11,15,75,,,7,68,,
2014/03/11,16,71,,,2,69,,
2014/03/11,17,70,,,2,68,,
2014/03/11,18,87,,,7,80,,
2014/03/11,19,94,,,8,86,,
2014/03/11,20,91,,,7,84,,
2014/03/11,21,42,,,1,41,,
2014/03/11,22,14,,,2,12,,
2014/03/11,23,12,,,1,11,,
2014/03/11,24,17,,,4,13,,
2014/03/12,01,18,,,2,16,,
2014/03/12,02,14,,,1,13,,
2014/03/12,03,15,,,1,14,,
2014/03/12,04,18,,,1,17,,
2014/03/12,05,16,,,1,15,,
2014/03/12,06,19,,,1,18,,
2014/03/12,07,16,,,2,14,,
2014/03/12,08,13,,,2,11,,
2014/03/12,09,41,,,21,20,,
2014/03/12,10,88,,,46,42,,
2014/03/12,11,102,,,28,74,,
2014/03/12,12,98,,,24,74,,
2014/03/12,13,87,,,13,74,,
2014/03/12,14,82,,,9,73,,
2014/03/12,15,72,,,1,71,,
2014/03/12,16,71,,,2,69,,
2014/03/12,17,71,,,2,69,,
2014/03/12,18,81,,,2,79,,
2014/03/12,19,94,,,12,82,,
2014/03/12,20,88,,,6,82,,
2014/03/12,21,27,,,3,24,,
2014/03/12,22,13,,,2,11,,
2014/03/12,23,17,,,2,15,,
2014/03/12,24,19,,,4,15,,
2014/03/13,01,18,,,6,12,,
2014/03/13,02,16,,,3,13,,
2014/03/13,03,15,,,1,14,,
2014/03/13,04,16,,,2,14,,
2014/03/13,05,14,,,1,13,,
2014/03/13,06,14,,,2,12,,
2014/03/13,07,11,,,2,8,,
2014/03/13,08,10,,,2,8,,
2014/03/13,09,63,,,39,24,,
2014/03/13,10,74,,,37,37,,
2014/03/13,11,95,,,29,66,,
2014/03/13,12,92,,,24,68,,
2014/03/13,13,84,,,16,68,,
2014/03/13,14,82,,,14,68,,
2014/03/13,15,77,,,7,70,,
2014/03/13,16,82,,,14,68,,
2014/03/13,17,73,,,6,67,,
2014/03/13,18,89,,,10,79,,
2014/03/13,19,96,,,10,86,,
2014/03/13,20,87,,,7,80,,
2014/03/13,21,22,,,1,21,,
2014/03/13,22,14,,,1,13,,
2014/03/13,23,15,,,1,14,,
2014/03/13,24,15,,,4,11,,
2014/03/14,01,15,,,2,13,,
2014/03/14,02,18,,,0,18,,
2014/03/14,03,17,,,2,15,,
2014/03/14,04,19,,,1,18,,
2014/03/14,05,19,,,1,18,,
2014/03/14,06,19,,,1,18,,
2014/03/14,07,18,,,0,18,,
2014/03/14,08,17,,,1,16,,
2014/03/14,09,46,,,26,20,,
2014/03/14,10,77,,,43,34,,
2014/03/14,11,95,,,29,66,,
2014/03/14,12,89,,,22,67,,
2014/03/14,13,88,,,21,67,,
2014/03/14,14,86,,,19,67,,
2014/03/14,15,85,,,18,67,,
2014/03/14,16,80,,,14,66,,
2014/03/14,17,78,,,12,66,,
2014/03/14,18,96,,,13,83,,
2014/03/14,19,97,,,11,86,,
2014/03/14,20,90,,,7,83,,
2014/03/14,21,21,,,1,20,,
2014/03/14,22,11,,,1,10,,
2014/03/14,23,13,,,1,12,,
2014/03/14,24,12,,,3,9,,
2014/03/15,01,17,,,4,13,,
2014/03/15,02,11,,,3,8,,
2014/03/15,03,14,,,2,12,,
2014/03/15,04,11,,,1,10,,
2014/03/15,05,13,,,1,12,,
2014/03/15,06,15,,,2,13,,
2014/03/15,07,9,,,1,8,,
2014/03/15,08,12,,,1,11,,
2014/03/15,09,69,,,43,26,,
2014/03/15,10,67,,,34,33,,
2014/03/15,11,93,,,25,68,,
2014/03/15,12,89,,,18,71,,
2014/03/15,13,85,,,16,69,,
2014/03/15,14,84,,,15,69,,
2014/03/15,15,77,,,9,68,,
2014/03/15,16,73,,,6,67,,
2014/03/15,17,70,,,3,67,,
2014/03/15,18,89,,,10,79,,
2014/03/15,19,88,,,9,79,,
2014/03/15,20,80,,,2,78,,
2014/03/15,21,25,,,1,24,,
2014/03/15,22,14,,,2,12,,
2014/03/15,23,13,,,1,12,,
2014/03/15,24,17,,,3,14,,
2014/03/16,01,17,,,3,14,,
2014/03/16,02,12,,,1,11,,
2014/03/16,03,12,,,2,10,,
2014/03/16,04,15,,,1,14,,
2014/03/16,05,15,,,1,14,,
2014/03/16,06,13,,,0,13,,
2014/03/16,07,15,,,2,13,,
2014/03/16,08,14,,,1,13,,
2014/03/16,09,68,,,42,26,,
2014/03/16,10,69,,,34,35,,
2014/03/16,11,94,,,26,68,,
2014/03/16,12,83,,,16,67,,
2014/03/16,13,81,,,15,66,,
2014/03/16,14,78,,,13,65,,
2014/03/16,15,72,,,5,67,,
2014/03/16,16,73,,,7,66,,
2014/03/16,17,72,,,5,67,,
2014/03/16,18,84,,,4,80,,
2014/03/16,19,88,,,7,81,,
2014/03/16,20,81,,,2,79,,
2014/03/16,21,46,,,3,43,,
2014/03/16,22,13,,,0,13,,
2014/03/16,23,12,,,1,11,,
2014/03/16,24,14,,,4,10,,
2014/03/17,01,17,,,3,14,,
2014/03/17,02,14,,,1,13,,
2014/03/17,03,13,,,2,11,,
2014/03/17,04,14,,,1,13,,
2014/03/17,05,14,,,0,14,,
2014/03/17,06,12,,,2,10,,
2014/03/17,07,12,,,1,11,,
2014/03/17,08,12,,,1,11,,
2014/03/17,09,43,,,26,16,,
2014/03/17,10,69,,,34,35,,
2014/03/17,11,92,,,24,68,,
2014/03/17,12,87,,,20,67,,
2014/03/17,13,85,,,18,67,,
2014/03/17,14,74,,,7,67,,
2014/03/17,15,77,,,10,67,,
2014/03/17,16,72,,,6,66,,
2014/03/17,17,68,,,3,65,,
2014/03/17,18,75,,,3,72,,
2014/03/17,19,82,,,4,78,,
2014/03/17,20,80,,,2,78,,
2014/03/17,21,36,,,3,33,,
2014/03/17,22,11,,,2,9,,
2014/03/17,23,13,,,1,12,,
2014/03/17,24,16,,,4,12,,
2014/03/18,01,13,,,4,9,,
2014/03/18,02,14,,,1,13,,
2014/03/18,03,13,,,1,12,,
2014/03/18,04,10,,,0,10,,
2014/03/18,05,15,,,2,13,,
2014/03/18,06,10,,,1,9,,
2014/03/18,07,12,,,1,11,,
2014/03/18,08,9,,,1,8,,
2014/03/18,09,63,,,38,24,,
2014/03/18,10,70,,,34,36,,
2014/03/18,11,95,,,27,68,,
2014/03/18,12,89,,,20,69,,
2014/03/18,13,86,,,18,68,,
2014/03/18,14,86,,,17,69,,
2014/03/18,15,86,,,17,69,,
2014/03/18,16,79,,,11,68,,
2014/03/18,17,84,,,10,74,,
2014/03/18,18,89,,,10,79,,
2014/03/18,19,95,,,11,84,,
2014/03/18,20,85,,,5,80,,
2014/03/18,21,23,,,2,21,,
2014/03/18,22,13,,,1,12,,
2014/03/18,23,9,,,1,8,,
2014/03/18,24,13,,,3,10,,
2014/03/19,01,12,,,2,10,,
2014/03/19,02,15,,,2,13,,
2014/03/19,03,12,,,1,11,,
2014/03/19,04,13,,,1,12,,
2014/03/19,05,19,,,1,18,,
2014/03/19,06,14,,,1,13,,
2014/03/19,07,12,,,1,11,,
2014/03/19,08,9,,,1,8,,
2014/03/19,09,65,,,37,28,,
2014/03/19,10,71,,,34,37,,
2014/03/19,11,95,,,24,71,,
2014/03/19,12,93,,,21,72,,
2014/03/19,13,86,,,14,72,,
2014/03/19,14,80,,,10,70,,
2014/03/19,15,80,,,9,71,,
2014/03/19,16,74,,,4,70,,
2014/03/19,17,76,,,6,70,,
2014/03/19,18,79,,,4,75,,
2014/03/19,19,87,,,6,81,,
2014/03/19,20,90,,,6,84,,
2014/03/19,21,29,,,2,27,,
2014/03/19,22,15,,,2,13,,
2014/03/19,23,16,,,0,16,,
2014/03/19,24,19,,,4,15,,
2014/03/20,01,17,,,3,14,,
2014/03/20,02,17,,,1,16,,
2014/03/20,03,18,,,0,18,,
2014/03/20,04,16,,,1,15,,
2014/03/20,05,20,,,1,19,,
2014/03/20,06,15,,,0,15,,
2014/03/20,07,15,,,1,14,,
2014/03/20,08,11,,,2,8,,
2014/03/20,09,40,,,24,16,,
2014/03/20,10,78,,,43,34,,
2014/03/20,11,99,,,29,70,,
2014/03/20,12,89,,,20,69,,
2014/03/20,13,86,,,18,68,,
2014/03/20,14,83,,,16,67,,
2014/03/20,15,75,,,9,66,,
2014/03/20,16,78,,,12,66,,
2014/03/20,17,78,,,8,70,,
2014/03/20,18,91,,,12,79,,
2014/03/20,19,91,,,11,80,,
2014/03/20,20,83,,,5,78,,
2014/03/20,21,57,,,3,54,,
2014/03/20,22,12,,,1,11,,
2014/03/20,23,12,,,1,11,,
2014/03/20,24,13,,,3,9,,
2014/03/21,01,14,,,3,11,,
2014/03/21,02,16,,,4,12,,
2014/03/21,03,10,,,1,9,,
2014/03/21,04,14,,,1,13,,
2014/03/21,05,14,,,1,13,,
2014/03/21,06,14,,,1,13,,
2014/03/21,07,14,,,1,13,,
2014/03/21,08,28,,,3,25,,
2014/03/21,09,85,,,50,35,,
2014/03/21,10,85,,,40,45,,
2014/03/21,11,112,,,35,77,,
2014/03/21,12,104,,,28,76,,
2014/03/21,13,100,,,22,78,,
2014/03/21,14,105,,,24,81,,
2014/03/21,15,104,,,22,82,,
2014/03/21,16,97,,,17,80,,
2014/03/21,17,93,,,14,79,,
2014/03/21,18,97,,,14,83,,
2014/03/21,19,102,,,12,90,,
2014/03/21,20,92,,,8,84,,
2014/03/21,21,39,,,1,38,,
2014/03/21,22,18,,,1,17,,
2014/03/21,23,19,,,1,18,,
2014/03/21,24,20,,,2,18,,
2014/03/22,01,17,,,3,14,,
2014/03/22,02,21,,,3,18,,
2014/03/22,03,17,,,3,14,,
2014/03/22,04,22,,,4,18,,
2014/03/22,05,17,,,3,14,,
2014/03/22,06,20,,,3,17,,
2014/03/22,07,15,,,1,14,,
2014/03/22,08,13,,,1,12,,
2014/03/22,09,81,,,49,31,,
2014/03/22,10,81,,,44,37,,
2014/03/22,11,102,,,32,70,,
2014/03/22,12,98,,,28,70,,
2014/03/22,13,87,,,20,67,,
2014/03/22,14,80,,,12,68,,
2014/03/22,15,78,,,10,68,,
2014/03/22,16,77,,,11,66,,
2014/03/22,17,71,,,5,66,,
2014/03/22,18,85,,,9,76,,
2014/03/22,19,89,,,9,80,,
2014/03/22,20,83,,,4,79,,
2014/03/22,21,27,,,2,25,,
2014/03/22,22,14,,,0,14,,
2014/03/22,23,10,,,2,8,,
2014/03/22,24,16,,,4,12,,
2014/03/23,01,13,,,4,9,,
2014/03/23,02,16,,,4,12,,
2014/03/23,03,15,,,1,14,,
2014/03/23,04,10,,,2,8,,
2014/03/23,05,15,,,1,14,,
2014/03/23,06,13,,,0,13,,
2014/03/23,07,9,,,1,8,,
2014/03/23,08,9,,,1,8,,
2014/03/23,09,75,,,48,27,,
2014/03/23,10,78,,,39,39,,
2014/03/23,11,97,,,27,70,,
2014/03/23,12,89,,,20,69,,
2014/03/23,13,84,,,16,68,,
2014/03/23,14,73,,,4,69,,
2014/03/23,15,78,,,9,69,,
2014/03/23,16,71,,,3,68,,
2014/03/23,17,70,,,2,68,,
2014/03/23,18,77,,,3,74,,
2014/03/23,19,81,,,1,80,,
2014/03/23,20,82,,,5,77,,
2014/03/23,21,20,,,2,18,,
2014/03/23,22,8,,,1,7,,
2014/03/23,23,12,,,1,11,,
2014/03/23,24,15,,,4,11,,
2014/03/24,01,13,,,4,9,,
2014/03/24,02,13,,,1,12,,
2014/03/24,03,12,,,2,10,,
2014/03/24,04,13,,,1,12,,
2014/03/24,05,15,,,1,14,,
2014/03/24,06,16,,,1,15,,
2014/03/24,07,9,,,1,8,,
2014/03/24,08,13,,,2,11,,
2014/03/24,09,63,,,38,24,,
2014/03/24,10,64,,,30,34,,
2014/03/24,11,88,,,20,68,,
2014/03/24,12,83,,,16,67,,
2014/03/24,13,74,,,8,66,,
2014/03/24,14,71,,,4,67,,
2014/03/24,15,69,,,4,65,,
2014/03/24,16,64,,,0,64,,
2014/03/24,17,64,,,0,64,,
2014/03/24,18,73,,,1,72,,
2014/03/24,19,79,,,1,78,,
2014/03/24,20,76,,,1,75,,
2014/03/24,21,19,,,1,18,,
2014/03/24,22,8,,,1,7,,
2014/03/24,23,8,,,1,7,,
2014/03/24,24,11,,,4,7,,
2014/03/25,01,9,,,2,7,,
2014/03/25,02,8,,,0,8,,
2014/03/25,03,9,,,2,7,,
2014/03/25,04,9,,,1,8,,
2014/03/25,05,9,,,1,8,,
2014/03/25,06,9,,,1,8,,
2014/03/25,07,8,,,1,7,,
2014/03/25,08,8,,,1,7,,
2014/03/25,09,35,,,21,14,,
2014/03/25,10,60,,,28,32,,
2014/03/25,11,88,,,21,67,,
2014/03/25,12,85,,,18,67,,
2014/03/25,13,72,,,5,67,,
2014/03/25,14,76,,,9,67,,
2014/03/25,15,69,,,3,66,,
2014/03/25,16,68,,,2,66,,
2014/03/25,17,67,,,2,65,,
2014/03/25,18,79,,,3,76,,
2014/03/25,19,82,,,3,79,,
2014/03/25,20,80,,,4,76,,
2014/03/25,21,23,,,2,21,,
2014/03/25,22,7,,,1,6,,
2014/03/25,23,7,,,1,6,,
2014/03/25,24,10,,,4,6,,
2014/03/26,01,8,,,1,7,,
2014/03/26,02,8,,,1,7,,
2014/03/26,03,9,,,1,7,,
2014/03/26,04,8,,,1,7,,
2014/03/26,05,9,,,2,7,,
2014/03/26,06,9,,,1,8,,
2014/03/26,07,8,,,1,7,,
2014/03/26,08,15,,,3,12,,
2014/03/26,09,67,,,39,28,,
2014/03/26,10,58,,,25,33,,
2014/03/26,11,84,,,18,66,,
2014/03/26,12,70,,,2,68,,
2014/03/26,13,69,,,1,68,,
2014/03/26,14,70,,,1,69,,
2014/03/26,15,68,,,0,68,,
2014/03/26,16,68,,,0,68,,
2014/03/26,17,68,,,1,67,,
2014/03/26,18,75,,,2,73,,
2014/03/26,19,79,,,1,78,,
2014/03/26,20,79,,,3,76,,
2014/03/26,21,22,,,2,19,,
2014/03/26,22,7,,,0,7,,
2014/03/26,23,8,,,1,7,,
2014/03/26,24,11,,,4,7,,
2014/03/27,01,8,,,1,7,,
2014/03/27,02,9,,,1,7,,
2014/03/27,03,8,,,1,7,,
2014/03/27,04,9,,,1,8,,
2014/03/27,05,9,,,1,8,,
2014/03/27,06,12,,,1,11,,
2014/03/27,07,9,,,1,8,,
2014/03/27,08,9,,,1,8,,
2014/03/27,09,60,,,36,24,,
2014/03/27,10,65,,,33,32,,
2014/03/27,11,88,,,24,64,,
2014/03/27,12,81,,,16,65,,
2014/03/27,13,74,,,9,65,,
2014/03/27,14,66,,,1,65,,
2014/03/27,15,73,,,8,65,,
2014/03/27,16,67,,,1,66,,
2014/03/27,17,73,,,1,72,,
2014/03/27,18,79,,,1,78,,
2014/03/27,19,87,,,9,78,,
2014/03/27,20,80,,,2,78,,
2014/03/27,21,42,,,2,40,,
2014/03/27,22,54,,,0,54,,
2014/03/27,23,57,,,0,57,,
2014/03/27,24,60,,,3,57,,
2014/03/28,01,58,,,1,57,,
2014/03/28,02,38,,,0,38,,
2014/03/28,03,11,,,1,10,,
2014/03/28,04,16,,,2,14,,
2014/03/28,05,11,,,1,10,,
2014/03/28,06,15,,,1,14,,
2014/03/28,07,12,,,2,10,,
2014/03/28,08,12,,,2,10,,
2014/03/28,09,42,,,22,20,,
2014/03/28,10,62,,,29,33,,
2014/03/28,11,96,,,18,78,,
2014/03/28,12,90,,,13,77,,
2014/03/28,13,79,,,1,78,,
2014/03/28,14,78,,,0,78,,
2014/03/28,15,79,,,1,78,,
2014/03/28,16,77,,,0,77,,
2014/03/28,17,81,,,0,81,,
2014/03/28,18,90,,,0,90,,
2014/03/28,19,93,,,1,92,,
2014/03/28,20,90,,,0,90,,
2014/03/28,21,33,,,1,32,,
2014/03/28,22,8,,,1,6,,
2014/03/28,23,7,,,1,6,,
2014/03/28,24,10,,,3,7,,
2014/03/29,01,8,,,1,6,,
2014/03/29,02,8,,,1,6,,
2014/03/29,03,8,,,1,7,,
2014/03/29,04,8,,,1,7,,
2014/03/29,05,7,,,0,7,,
2014/03/29,06,8,,,1,7,,
2014/03/29,07,7,,,1,6,,
2014/03/29,08,6,,,0,6,,
2014/03/29,09,52,,,24,28,,
2014/03/29,10,54,,,18,36,,
2014/03/29,11,83,,,5,78,,
2014/03/29,12,78,,,0,78,,
2014/03/29,13,78,,,0,78,,
2014/03/29,14,78,,,0,78,,
2014/03/29,15,77,,,0,77,,
2014/03/29,16,77,,,0,77,,
2014/03/29,17,76,,,0,76,,
2014/03/29,18,83,,,0,83,,
2014/03/29,19,89,,,0,89,,
2014/03/29,20,89,,,0,89,,
2014/03/29,21,40,,,1,39,,
2014/03/29,22,6,,,1,5,,
2014/03/29,23,7,,,1,6,,
2014/03/29,24,10,,,4,6,,
2014/03/30,01,7,,,1,6,,
2014/03/30,02,8,,,2,6,,
2014/03/30,03,8,,,2,6,,
2014/03/30,04,8,,,1,7,,
2014/03/30,05,8,,,1,7,,
2014/03/30,06,9,,,2,7,,
2014/03/30,07,7,,,1,6,,
2014/03/30,08,7,,,1,6,,
2014/03/30,09,62,,,34,28,,
2014/03/30,10,62,,,27,35,,
2014/03/30,11,88,,,12,76,,
2014/03/30,12,81,,,3,78,,
2014/03/30,13,81,,,3,78,,
2014/03/30,14,81,,,2,79,,
2014/03/30,15,82,,,3,79,,
2014/03/30,16,81,,,3,78,,
2014/03/30,17,82,,,4,78,,
2014/03/30,18,94,,,3,91,,
2014/03/30,19,96,,,3,93,,
2014/03/30,20,92,,,3,89,,
2014/03/30,21,39,,,3,36,,
2014/03/30,22,7,,,1,6,,
2014/03/30,23,7,,,1,6,,
2014/03/30,24,10,,,4,6,,
2014/03/31,01,11,,,4,6,,
2014/03/31,02,9,,,1,8,,
2014/03/31,03,12,,,1,11,,
2014/03/31,04,13,,,1,12,,
2014/03/31,05,13,,,1,12,,
2014/03/31,06,10,,,1,9,,
2014/03/31,07,13,,,2,11,,
2014/03/31,08,22,,,3,19,,
2014/03/31,09,74,,,41,33,,
2014/03/31,10,67,,,29,38,,
2014/03/31,11,96,,,17,79,,
2014/03/31,12,83,,,4,79,,
2014/03/31,13,83,,,4,79,,
2014/03/31,14,83,,,3,80,,
2014/03/31,15,83,,,3,80,,
2014/03/31,16,84,,,4,80,,
2014/03/31,17,84,,,4,80,,
2014/03/31,18,89,,,3,86,,
2014/03/31,19,98,,,4,94,,
2014/03/31,20,94,,,1,93,,
2014/03/31,21,52,,,1,51,,
2014/03/31,22,16,,,2,14,,
2014/03/31,23,12,,,0,12,,
2014/03/31,24,11,,,4,7,,
2014/04/01,01,11,,,4,7,,
2014/04/01,02,8,,,1,7,,
2014/04/01,03,12,,,1,11,,
2014/04/01,04,9,,,1,8,,
2014/04/01,05,13,,,1,12,,
2014/04/01,06,10,,,2,8,,
2014/04/01,07,13,,,2,11,,
2014/04/01,08,9,,,2,7,,
2014/04/01,09,73,,,40,33,,
2014/04/01,10,73,,,32,41,,
2014/04/01,11,103,,,21,82,,
2014/04/01,12,87,,,5,82,,
2014/04/01,13,86,,,4,82,,
2014/04/01,14,88,,,4,84,,
2014/04/01,15,87,,,4,83,,
2014/04/01,16,88,,,5,83,,
2014/04/01,17,86,,,3,83,,
2014/04/01,18,89,,,3,86,,
2014/04/01,19,93,,,0,93,,
2014/04/01,20,92,,,1,91,,
2014/04/01,21,26,,,1,25,,
2014/04/01,22,10,,,0,10,,
2014/04/01,23,13,,,1,12,,
2014/04/01,24,12,,,4,8,,
2014/04/02,01,13,,,2,11,,
2014/04/02,02,10,,,2,8,,
2014/04/02,03,13,,,1,12,,
2014/04/02,04,14,,,1,13,,
2014/04/02,05,14,,,1,13,,
2014/04/02,06,14,,,1,13,,
2014/04/02,07,9,,,1,8,,
2014/04/02,08,11,,,1,10,,
2014/04/02,09,41,,,23,17,,
2014/04/02,10,70,,,29,41,,
2014/04/02,11,102,,,21,81,,
2014/04/02,12,84,,,3,81,,
2014/04/02,13,84,,,3,81,,
2014/04/02,14,85,,,3,82,,
2014/04/02,15,84,,,2,82,,
2014/04/02,16,83,,,2,81,,
2014/04/02,17,83,,,2,81,,
2014/04/02,18,87,,,4,83,,
2014/04/02,19,91,,,4,87,,
2014/04/02,20,90,,,4,86,,
2014/04/02,21,38,,,4,34,,
2014/04/02,22,13,,,2,10,,
2014/04/02,23,7,,,1,6,,
2014/04/02,24,10,,,4,6,,
2014/04/03,01,11,,,4,7,,
2014/04/03,02,8,,,2,6,,
2014/04/03,03,8,,,1,7,,
2014/04/03,04,8,,,1,7,,
2014/04/03,05,9,,,2,7,,
2014/04/03,06,8,,,1,7,,
2014/04/03,07,7,,,1,6,,
2014/04/03,08,7,,,1,6,,
2014/04/03,09,35,,,20,15,,
2014/04/03,10,72,,,30,42,,
2014/04/03,11,99,,,21,78,,
2014/04/03,12,84,,,5,79,,
2014/04/03,13,82,,,3,79,,
2014/04/03,14,83,,,4,79,,
2014/04/03,15,81,,,2,79,,
2014/04/03,16,82,,,3,79,,
2014/04/03,17,81,,,3,78,,
2014/04/03,18,89,,,3,86,,
2014/04/03,19,96,,,4,92,,
2014/04/03,20,93,,,4,89,,
2014/04/03,21,48,,,3,45,,
2014/04/03,22,7,,,1,5,,
2014/04/03,23,6,,,1,5,,
2014/04/03,24,10,,,4,5,,
2014/04/04,01,6,,,1,5,,
2014/04/04,02,7,,,1,5,,
2014/04/04,03,7,,,1,6,,
2014/04/04,04,7,,,1,6,,
2014/04/04,05,7,,,1,6,,
2014/04/04,06,7,,,1,6,,
2014/04/04,07,7,,,1,6,,
2014/04/04,08,7,,,1,6,,
2014/04/04,09,67,,,35,32,,
2014/04/04,10,63,,,25,38,,
2014/04/04,11,89,,,11,78,,
2014/04/04,12,81,,,2,79,,
2014/04/04,13,81,,,2,79,,
2014/04/04,14,79,,,0,79,,
2014/04/04,15,80,,,2,78,,
2014/04/04,16,82,,,0,82,,
2014/04/04,17,87,,,2,85,,
2014/04/04,18,90,,,1,89,,
2014/04/04,19,93,,,1,92,,
2014/04/04,20,88,,,0,88,,
2014/04/04,21,15,,,2,13,,
2014/04/04,22,8,,,2,6,,
2014/04/04,23,7,,,1,6,,
2014/04/04,24,11,,,4,6,,
2014/04/05,01,8,,,2,6,,
2014/04/05,02,8,,,1,7,,
2014/04/05,03,9,,,2,7,,
2014/04/05,04,9,,,2,7,,
2014/04/05,05,12,,,1,11,,
2014/04/05,06,9,,,2,7,,
2014/04/05,07,9,,,2,7,,
2014/04/05,08,8,,,2,6,,
2014/04/05,09,36,,,21,15,,
2014/04/05,10,67,,,30,37,,
2014/04/05,11,98,,,20,78,,
2014/04/05,12,88,,,11,77,,
2014/04/05,13,82,,,4,78,,
2014/04/05,14,81,,,4,77,,
2014/04/05,15,82,,,4,78,,
2014/04/05,16,81,,,3,78,,
2014/04/05,17,80,,,2,78,,
2014/04/05,18,81,,,0,81,,
2014/04/05,19,92,,,1,91,,
2014/04/05,20,90,,,1,89,,
2014/04/05,21,16,,,2,14,,
2014/04/05,22,7,,,1,6,,
2014/04/05,23,7,,,1,6,,
2014/04/05,24,10,,,4,6,,
2014/04/06,01,10,,,2,8,,
2014/04/06,02,10,,,1,9,,
2014/04/06,03,8,,,1,7,,
2014/04/06,04,11,,,1,10,,
2014/04/06,05,9,,,2,7,,
2014/04/06,06,11,,,1,10,,
2014/04/06,07,8,,,2,6,,
2014/04/06,08,8,,,2,6,,
2014/04/06,09,34,,,19,15,,
2014/04/06,10,67,,,27,40,,
2014/04/06,11,91,,,14,77,,
2014/04/06,12,81,,,2,79,,
2014/04/06,13,81,,,2,79,,
2014/04/06,14,79,,,0,79,,
2014/04/06,15,79,,,0,79,,
2014/04/06,16,78,,,0,78,,
2014/04/06,17,79,,,0,79,,
2014/04/06,18,86,,,1,85,,
2014/04/06,19,92,,,0,92,,
2014/04/06,20,90,,,0,90,,
2014/04/06,21,20,,,1,19,,
2014/04/06,22,7,,,1,6,,
2014/04/06,23,8,,,1,6,,
2014/04/06,24,10,,,4,6,,
2014/04/07,01,9,,,2,7,,
2014/04/07,02,9,,,1,8,,
2014/04/07,03,11,,,2,9,,
2014/04/07,04,13,,,0,13,,
2014/04/07,05,12,,,2,10,,
2014/04/07,06,11,,,1,10,,
2014/04/07,07,11,,,1,10,,
2014/04/07,08,8,,,1,7,,
2014/04/07,09,65,,,34,30,,
2014/04/07,10,61,,,22,39,,
2014/04/07,11,89,,,11,78,,
2014/04/07,12,79,,,1,78,,
2014/04/07,13,79,,,1,78,,
2014/04/07,14,79,,,0,79,,
2014/04/07,15,79,,,0,79,,
2014/04/07,16,79,,,1,78,,
2014/04/07,17,78,,,1,77,,
2014/04/07,18,87,,,1,86,,
2014/04/07,19,94,,,1,93,,
2014/04/07,20,92,,,0,92,,
2014/04/07,21,30,,,1,29,,
2014/04/07,22,7,,,0,7,,
2014/04/07,23,9,,,1,7,,
2014/04/07,24,12,,,4,8,,
2014/04/08,01,11,,,1,10,,
2014/04/08,02,9,,,1,8,,
2014/04/08,03,12,,,1,11,,
2014/04/08,04,9,,,1,8,,
2014/04/08,05,12,,,1,11,,
2014/04/08,06,11,,,1,10,,
2014/04/08,07,9,,,1,7,,
2014/04/08,08,7,,,0,7,,
2014/04/08,09,51,,,26,25,,
2014/04/08,10,61,,,21,40,,
2014/04/08,11,88,,,8,80,,
2014/04/08,12,83,,,2,81,,
2014/04/08,13,81,,,0,81,,
2014/04/08,14,81,,,0,81,,
2014/04/08,15,81,,,1,80,,
2014/04/08,16,80,,,0,80,,
2014/04/08,17,80,,,0,80,,
2014/04/08,18,82,,,0,82,,
2014/04/08,19,90,,,0,90,,
2014/04/08,20,87,,,0,87,,
2014/04/08,21,18,,,1,17,,
2014/04/08,22,7,,,1,6,,
2014/04/08,23,8,,,2,6,,
2014/04/08,24,10,,,4,6,,
2014/04/09,01,10,,,2,8,,
2014/04/09,02,10,,,1,9,,
2014/04/09,03,12,,,2,10,,
2014/04/09,04,11,,,1,10,,
2014/04/09,05,11,,,1,10,,
2014/04/09,06,12,,,1,11,,
2014/04/09,07,8,,,1,7,,
2014/04/09,08,45,,,2,43,,
2014/04/09,09,101,,,29,72,,
2014/04/09,10,86,,,11,75,,
2014/04/09,11,83,,,2,81,,
2014/04/09,12,83,,,2,81,,
2014/04/09,13,83,,,2,81,,
2014/04/09,14,83,,,1,82,,
2014/04/09,15,82,,,1,81,,
2014/04/09,16,81,,,1,80,,
2014/04/09,17,81,,,0,81,,
2014/04/09,18,87,,,2,85,,
2014/04/09,19,93,,,3,90,,
2014/04/09,20,90,,,2,88,,
2014/04/09,21,16,,,1,15,,
2014/04/09,22,7,,,1,5,,
2014/04/09,23,6,,,1,5,,
2014/04/09,24,9,,,4,5,,
2014/04/10,01,7,,,1,5,,
2014/04/10,02,6,,,1,5,,
2014/04/10,03,7,,,1,5,,
2014/04/10,04,7,,,1,6,,
2014/04/10,05,7,,,1,6,,
2014/04/10,06,6,,,0,6,,
2014/04/10,07,7,,,1,5,,
2014/04/10,08,16,,,2,14,,
2014/04/10,09,68,,,36,32,,
2014/04/10,10,68,,,28,40,,
2014/04/10,11,90,,,10,80,,
2014/04/10,12,86,,,4,82,,
2014/04/10,13,87,,,4,83,,
2014/04/10,14,87,,,3,84,,
2014/04/10,15,85,,,3,82,,
2014/04/10,16,85,,,4,81,,
2014/04/10,17,86,,,4,82,,
2014/04/10,18,90,,,4,86,,
2014/04/10,19,98,,,4,94,,
2014/04/10,20,96,,,4,92,,
2014/04/10,21,33,,,3,30,,
2014/04/10,22,12,,,1,11,,
2014/04/10,23,8,,,1,7,,
2014/04/10,24,15,,,3,12,,
2014/04/11,01,17,,,4,13,,
2014/04/11,02,11,,,1,10,,
2014/04/11,03,12,,,1,11,,
2014/04/11,04,15,,,2,13,,
2014/04/11,05,14,,,1,13,,
2014/04/11,06,11,,,1,10,,
2014/04/11,07,11,,,2,9,,
2014/04/11,08,9,,,2,7,,
2014/04/11,09,62,,,33,28,,
2014/04/11,10,67,,,26,41,,
2014/04/11,11,95,,,17,78,,
2014/04/11,12,78,,,0,78,,
2014/04/11,13,80,,,1,79,,
2014/04/11,14,79,,,1,78,,
2014/04/11,15,80,,,2,78,,
2014/04/11,16,79,,,1,78,,
2014/04/11,17,85,,,2,83,,
2014/04/11,18,90,,,2,88,,
2014/04/11,19,98,,,2,96,,
2014/04/11,20,92,,,2,90,,
2014/04/11,21,21,,,2,19,,
2014/04/11,22,7,,,1,6,,
2014/04/11,23,13,,,2,11,,
2014/04/11,24,16,,,3,13,,
2014/04/12,01,13,,,1,12,,
2014/04/12,02,11,,,1,10,,
2014/04/12,03,9,,,2,7,,
2014/04/12,04,10,,,1,9,,
2014/04/12,05,8,,,2,6,,
2014/04/12,06,7,,,1,6,,
2014/04/12,07,7,,,1,6,,
2014/04/12,08,7,,,1,6,,
2014/04/12,09,63,,,35,28,,
2014/04/12,10,61,,,25,36,,
2014/04/12,11,94,,,17,77,,
2014/04/12,12,81,,,4,77,,
2014/04/12,13,80,,,1,79,,
2014/04/12,14,80,,,1,79,,
2014/04/12,15,80,,,1,79,,
2014/04/12,16,80,,,1,79,,
2014/04/12,17,81,,,1,80,,
2014/04/12,18,87,,,1,86,,
2014/04/12,19,94,,,1,93,,
2014/04/12,20,91,,,1,90,,
2014/04/12,21,26,,,1,25,,
2014/04/12,22,8,,,2,6,,
2014/04/12,23,8,,,2,6,,
2014/04/12,24,13,,,4,9,,
2014/04/13,01,9,,,2,7,,
2014/04/13,02,12,,,2,10,,
2014/04/13,03,8,,,2,6,,
2014/04/13,04,12,,,2,10,,
2014/04/13,05,9,,,2,6,,
2014/04/13,06,8,,,2,6,,
2014/04/13,07,8,,,2,6,,
2014/04/13,08,8,,,2,5,,
2014/04/13,09,36,,,20,16,,
2014/04/13,10,65,,,28,37,,
2014/04/13,11,95,,,16,79,,
2014/04/13,12,85,,,3,82,,
2014/04/13,13,84,,,3,81,,
2014/04/13,14,82,,,1,81,,
2014/04/13,15,81,,,1,80,,
2014/04/13,16,81,,,0,81,,
2014/04/13,17,81,,,0,81,,
2014/04/13,18,87,,,0,87,,
2014/04/13,19,91,,,0,91,,
2014/04/13,20,88,,,0,88,,
2014/04/13,21,20,,,1,19,,
2014/04/13,22,7,,,1,6,,
2014/04/13,23,7,,,1,6,,
2014/04/13,24,10,,,4,6,,
2014/04/14,01,9,,,2,7,,
2014/04/14,02,10,,,2,8,,
2014/04/14,03,11,,,1,10,,
2014/04/14,04,12,,,1,11,,
2014/04/14,05,8,,,2,6,,
2014/04/14,06,11,,,1,10,,
2014/04/14,07,7,,,1,6,,
2014/04/14,08,6,,,0,6,,
2014/04/14,09,50,,,26,24,,
2014/04/14,10,62,,,19,43,,
2014/04/14,11,81,,,5,76,,
2014/04/14,12,76,,,0,76,,
2014/04/14,13,76,,,0,76,,
2014/04/14,14,75,,,0,75,,
2014/04/14,15,78,,,0,78,,
2014/04/14,16,78,,,0,78,,
2014/04/14,17,76,,,0,76,,
2014/04/14,18,80,,,0,80,,
2014/04/14,19,87,,,0,87,,
2014/04/14,20,86,,,0,86,,
2014/04/14,21,24,,,1,23,,
2014/04/14,22,7,,,1,5,,
2014/04/14,23,6,,,1,5,,
2014/04/14,24,9,,,4,5,,
2014/04/15,01,7,,,1,6,,
2014/04/15,02,7,,,2,5,,
2014/04/15,03,7,,,1,6,,
2014/04/15,04,7,,,1,6,,
2014/04/15,05,7,,,1,6,,
2014/04/15,06,7,,,2,5,,
2014/04/15,07,6,,,1,5,,
2014/04/15,08,6,,,1,5,,
2014/04/15,09,50,,,24,26,,
2014/04/15,10,51,,,12,39,,
2014/04/15,11,78,,,2,76,,
2014/04/15,12,77,,,1,76,,
2014/04/15,13,76,,,1,75,,
2014/04/15,14,76,,,0,76,,
2014/04/15,15,76,,,0,76,,
2014/04/15,16,75,,,0,75,,
2014/04/15,17,75,,,0,75,,
2014/04/15,18,79,,,0,79,,
2014/04/15,19,86,,,0,86,,
2014/04/15,20,86,,,0,86,,
2014/04/15,21,18,,,1,17,,
2014/04/15,22,4,,,1,3,,
2014/04/15,23,3,,,0,3,,
2014/04/15,24,4,,,1,3,,
2014/04/16,01,4,,,1,3,,
2014/04/16,02,4,,,1,3,,
2014/04/16,03,4,,,1,3,,
2014/04/16,04,4,,,1,3,,
2014/04/16,05,5,,,1,3,,
2014/04/16,06,4,,,1,3,,
2014/04/16,07,3,,,1,2,,
2014/04/16,08,8,,,1,7,,
2014/04/16,09,58,,,21,37,,
2014/04/16,10,53,,,9,44,,
2014/04/16,11,88,,,2,86,,
2014/04/16,12,87,,,2,85,,
2014/04/16,13,87,,,2,85,,
2014/04/16,14,88,,,2,86,,
2014/04/16,15,86,,,0,86,,
2014/04/16,16,84,,,0,84,,
2014/04/16,17,83,,,0,83,,
2014/04/16,18,86,,,0,86,,
2014/04/16,19,91,,,0,91,,
2014/04/16,20,88,,,0,88,,
2014/04/16,21,21,,,2,19,,
2014/04/16,22,10,,,0,10,,
2014/04/16,23,11,,,1,10,,
2014/04/16,24,13,,,3,10,,
2014/04/17,01,12,,,2,10,,
2014/04/17,02,10,,,1,9,,
2014/04/17,03,12,,,2,10,,
2014/04/17,04,11,,,1,10,,
2014/04/17,05,11,,,1,10,,
2014/04/17,06,11,,,1,10,,
2014/04/17,07,11,,,1,10,,
2014/04/17,08,10,,,1,9,,
2014/04/17,09,58,,,25,33,,
2014/04/17,10,56,,,14,42,,
2014/04/17,11,85,,,0,85,,
2014/04/17,12,85,,,0,85,,
2014/04/17,13,85,,,1,84,,
2014/04/17,14,84,,,0,84,,
2014/04/17,15,83,,,0,83,,
2014/04/17,16,84,,,0,84,,
2014/04/17,17,82,,,0,82,,
2014/04/17,18,84,,,0,84,,
2014/04/17,19,89,,,0,89,,
2014/04/17,20,76,,,0,76,,
2014/04/17,21,14,,,1,13,,
2014/04/17,22,7,,,1,5,,
2014/04/17,23,6,,,1,5,,
2014/04/17,24,9,,,4,5,,
2014/04/18,01,7,,,1,5,,
2014/04/18,02,6,,,1,5,,
2014/04/18,03,7,,,1,5,,
2014/04/18,04,7,,,1,5,,
2014/04/18,05,6,,,0,6,,
2014/04/18,06,7,,,1,5,,
2014/04/18,07,6,,,1,5,,
2014/04/18,08,6,,,1,5,,
2014/04/18,09,46,,,26,20,,
2014/04/18,10,52,,,21,31,,
2014/04/18,11,70,,,4,66,,
2014/04/18,12,66,,,0,66,,
2014/04/18,13,68,,,1,67,,
2014/04/18,14,68,,,1,67,,
2014/04/18,15,68,,,1,67,,
2014/04/18,16,68,,,2,66,,
2014/04/18,17,68,,,1,67,,
2014/04/18,18,71,,,2,69,,
2014/04/18,19,78,,,1,77,,
2014/04/18,20,77,,,1,76,,
2014/04/18,21,44,,,1,43,,
2014/04/18,22,7,,,1,5,,
2014/04/18,23,6,,,1,5,,
2014/04/18,24,10,,,4,5,,
2014/04/19,01,6,,,1,5,,
2014/04/19,02,7,,,2,5,,
2014/04/19,03,7,,,1,5,,
2014/04/19,04,7,,,1,6,,
2014/04/19,05,7,,,1,6,,
2014/04/19,06,6,,,1,5,,
2014/04/19,07,6,,,1,5,,
2014/04/19,08,7,,,1,5,,
2014/04/19,09,43,,,24,19,,
2014/04/19,10,49,,,20,29,,
2014/04/19,11,75,,,8,67,,
2014/04/19,12,69,,,1,68,,
2014/04/19,13,69,,,1,68,,
2014/04/19,14,68,,,0,68,,
2014/04/19,15,69,,,1,68,,
2014/04/19,16,68,,,0,68,,
2014/04/19,17,68,,,0,68,,
2014/04/19,18,68,,,1,67,,
2014/04/19,19,79,,,1,78,,
2014/04/19,20,76,,,0,76,,
2014/04/19,21,13,,,2,11,,
2014/04/19,22,7,,,2,5,,
2014/04/19,23,7,,,2,5,,
2014/04/19,24,9,,,4,5,,
2014/04/20,01,7,,,2,5,,
2014/04/20,02,7,,,2,5,,
2014/04/20,03,7,,,1,6,,
2014/04/20,04,7,,,1,6,,
2014/04/20,05,8,,,2,6,,
2014/04/20,06,6,,,1,5,,
2014/04/20,07,7,,,2,5,,
2014/04/20,08,6,,,1,5,,
2014/04/20,09,50,,,29,21,,
2014/04/20,10,52,,,20,32,,
2014/04/20,11,72,,,8,64,,
2014/04/20,12,66,,,2,64,,
2014/04/20,13,66,,,2,64,,
2014/04/20,14,65,,,1,64,,
2014/04/20,15,64,,,1,63,,
2014/04/20,16,63,,,0,63,,
2014/04/20,17,61,,,0,61,,
2014/04/20,18,63,,,0,63,,
2014/04/20,19,76,,,0,76,,
2014/04/20,20,74,,,0,74,,
2014/04/20,21,28,,,2,26,,
2014/04/20,22,7,,,1,6,,
2014/04/20,23,6,,,1,5,,
2014/04/20,24,9,,,4,5,,
2014/04/21,01,7,,,2,5,,
2014/04/21,02,6,,,1,5,,
2014/04/21,03,7,,,2,5,,
2014/04/21,04,7,,,1,6,,
2014/04/21,05,7,,,2,5,,
2014/04/21,06,7,,,2,5,,
2014/04/21,07,6,,,1,5,,
2014/04/21,08,6,,,1,5,,
2014/04/21,09,26,,,15,11,,
2014/04/21,10,51,,,21,30,,
2014/04/21,11,80,,,13,67,,
2014/04/21,12,70,,,3,67,,
2014/04/21,13,68,,,1,67,,
2014/04/21,14,68,,,2,66,,
2014/04/21,15,68,,,2,66,,
2014/04/21,16,68,,,0,68,,
2014/04/21,17,66,,,0,66,,
2014/04/21,18,68,,,2,66,,
2014/04/21,19,79,,,2,77,,
2014/04/21,20,78,,,2,76,,
2014/04/21,21,24,,,1,23,,
2014/04/21,22,6,,,1,5,,
2014/04/21,23,6,,,1,5,,
2014/04/21,24,9,,,4,5,,
2014/04/22,01,7,,,1,5,,
2014/04/22,02,6,,,1,5,,
2014/04/22,03,7,,,1,5,,
2014/04/22,04,6,,,1,5,,
2014/04/22,05,7,,,1,5,,
2014/04/22,06,6,,,1,5,,
2014/04/22,07,6,,,1,5,,
2014/04/22,08,6,,,1,5,,
2014/04/22,09,42,,,22,20,,
2014/04/22,10,48,,,17,31,,
2014/04/22,11,73,,,7,66,,
2014/04/22,12,69,,,2,67,,
2014/04/22,13,68,,,2,66,,
2014/04/22,14,68,,,1,67,,
2014/04/22,15,67,,,1,66,,
2014/04/22,16,67,,,1,66,,
2014/04/22,17,67,,,2,65,,
2014/04/22,18,70,,,3,67,,
2014/04/22,19,76,,,2,74,,
2014/04/22,20,77,,,3,74,,
2014/04/22,21,13,,,1,12,,
2014/04/22,22,7,,,1,5,,
2014/04/22,23,6,,,1,5,,
2014/04/22,24,9,,,4,5,,
2014/04/23,01,6,,,1,5,,
2014/04/23,02,7,,,2,5,,
2014/04/23,03,7,,,2,5,,
2014/04/23,04,6,,,1,5,,
2014/04/23,05,7,,,2,5,,
2014/04/23,06,7,,,2,5,,
2014/04/23,07,6,,,1,5,,
2014/04/23,08,6,,,1,5,,
2014/04/23,09,45,,,25,20,,
2014/04/23,10,48,,,18,30,,
2014/04/23,11,76,,,10,66,,
2014/04/23,12,69,,,2,67,,
2014/04/23,13,70,,,2,68,,
2014/04/23,14,69,,,1,68,,
2014/04/23,15,68,,,0,68,,
2014/04/23,16,67,,,0,67,,
2014/04/23,17,65,,,0,65,,
2014/04/23,18,65,,,0,65,,
2014/04/23,19,74,,,2,72,,
2014/04/23,20,71,,,1,70,,
2014/04/23,21,11,,,1,10,,
2014/04/23,22,7,,,1,5,,
2014/04/23,23,6,,,1,5,,
2014/04/23,24,9,,,4,5,,
2014/04/24,01,6,,,1,5,,
2014/04/24,02,7,,,1,5,,
2014/04/24,03,6,,,1,5,,
2014/04/24,04,7,,,1,5,,
2014/04/24,05,7,,,1,5,,
2014/04/24,06,6,,,1,5,,
2014/04/24,07,5,,,0,5,,
2014/04/24,08,5,,,0,5,,
2014/04/24,09,35,,,16,19,,
2014/04/24,10,43,,,12,31,,
2014/04/24,11,67,,,1,66,,
2014/04/24,12,68,,,1,67,,
2014/04/24,13,66,,,0,66,,
2014/04/24,14,66,,,0,66,,
2014/04/24,15,66,,,0,66,,
2014/04/24,16,63,,,0,63,,
2014/04/24,17,63,,,0,63,,
2014/04/24,18,65,,,0,65,,
2014/04/24,19,74,,,0,74,,
2014/04/24,20,74,,,0,74,,
2014/04/24,21,23,,,1,22,,
2014/04/24,22,6,,,1,5,,
2014/04/24,23,6,,,1,5,,
2014/04/24,24,7,,,2,5,,
2014/04/25,01,7,,,1,5,,
2014/04/25,02,5,,,0,5,,
2014/04/25,03,7,,,1,5,,
2014/04/25,04,6,,,1,5,,
2014/04/25,05,7,,,1,5,,
2014/04/25,06,5,,,1,4,,
2014/04/25,07,5,,,1,4,,
2014/04/25,08,6,,,1,5,,
2014/04/25,09,19,,,0,19,,
2014/04/25,10,32,,,0,32,,
2014/04/25,11,65,,,0,65,,
2014/04/25,12,64,,,0,64,,
2014/04/25,13,62,,,0,62,,
2014/04/25,14,63,,,0,63,,
2014/04/25,15,63,,,0,63,,
2014/04/25,16,62,,,0,62,,
2014/04/25,17,62,,,0,62,,
2014/04/25,18,63,,,0,63,,
2014/04/25,19,74,,,0,74,,
2014/04/25,20,74,,,0,74,,
2014/04/25,21,18,,,0,18,,
2014/04/25,22,6,,,1,5,,
2014/04/25,23,6,,,1,5,,
2014/04/25,24,8,,,3,5,,
2014/04/26,01,7,,,1,5,,
2014/04/26,02,6,,,1,5,,
2014/04/26,03,6,,,1,5,,
2014/04/26,04,7,,,1,5,,
2014/04/26,05,6,,,1,5,,
2014/04/26,06,6,,,1,5,,
2014/04/26,07,5,,,1,4,,
2014/04/26,08,6,,,1,5,,
2014/04/26,09,20,,,1,19,,
2014/04/26,10,24,,,0,24,,
2014/04/26,11,61,,,0,61,,
2014/04/26,12,60,,,0,60,,
2014/04/26,13,62,,,0,62,,
2014/04/26,14,60,,,0,60,,
2014/04/26,15,62,,,2,60,,
2014/04/26,16,61,,,1,60,,
2014/04/26,17,61,,,2,59,,
2014/04/26,18,61,,,1,60,,
2014/04/26,19,75,,,2,73,,
2014/04/26,20,72,,,0,72,,
2014/04/26,21,10,,,1,9,,
2014/04/26,22,4,,,1,3,,
2014/04/26,23,4,,,0,4,,
2014/04/26,24,6,,,2,3,,
2014/04/27,01,4,,,1,3,,
2014/04/27,02,5,,,1,3,,
2014/04/27,03,5,,,1,3,,
2014/04/27,04,4,,,1,3,,
2014/04/27,05,5,,,1,3,,
2014/04/27,06,4,,,1,3,,
2014/04/27,07,4,,,1,3,,
2014/04/27,08,3,,,0,3,,
2014/04/27,09,10,,,1,9,,
2014/04/27,10,32,,,0,32,,
2014/04/27,11,64,,,0,64,,
2014/04/27,12,63,,,0,63,,
2014/04/27,13,66,,,2,64,,
2014/04/27,14,66,,,3,63,,
2014/04/27,15,65,,,2,63,,
2014/04/27,16,66,,,3,63,,
2014/04/27,17,66,,,3,63,,
2014/04/27,18,66,,,3,63,,
2014/04/27,19,77,,,3,74,,
2014/04/27,20,74,,,2,72,,
2014/04/27,21,17,,,1,16,,
2014/04/27,22,4,,,1,3,,
2014/04/27,23,4,,,1,3,,
2014/04/27,24,5,,,2,3,,
2014/04/28,01,4,,,1,3,,
2014/04/28,02,4,,,1,3,,
2014/04/28,03,4,,,1,3,,
2014/04/28,04,5,,,1,3,,
2014/04/28,05,4,,,1,3,,
2014/04/28,06,4,,,1,3,,
2014/04/28,07,3,,,1,2,,
2014/04/28,08,3,,,0,3,,
2014/04/28,09,20,,,0,20,,
2014/04/28,10,29,,,1,28,,
2014/04/28,11,78,,,0,78,,
2014/04/28,12,79,,,0,79,,
2014/04/28,13,81,,,0,81,,
2014/04/28,14,80,,,0,80,,
2014/04/28,15,80,,,0,80,,
2014/04/28,16,79,,,0,79,,
2014/04/28,17,80,,,0,80,,
2014/04/28,18,82,,,0,82,,
2014/04/28,19,91,,,0,91,,
2014/04/28,20,90,,,0,90,,
2014/04/28,21,19,,,0,19,,
2014/04/28,22,5,,,1,3,,
2014/04/28,23,5,,,1,3,,
2014/04/28,24,7,,,4,3,,
2014/04/29,01,4,,,1,3,,
2014/04/29,02,5,,,2,3,,
2014/04/29,03,5,,,2,3,,
2014/04/29,04,5,,,2,3,,
2014/04/29,05,5,,,2,3,,
2014/04/29,06,4,,,1,3,,
2014/04/29,07,4,,,1,3,,
2014/04/29,08,4,,,1,3,,
2014/04/29,09,15,,,0,15,,
2014/04/29,10,40,,,0,40,,
2014/04/29,11,81,,,0,81,,
2014/04/29,12,81,,,0,81,,
2014/04/29,13,81,,,0,81,,
2014/04/29,14,80,,,0,80,,
2014/04/29,15,80,,,0,80,,
2014/04/29,16,79,,,0,79,,
2014/04/29,17,71,,,0,71,,
2014/04/29,18,61,,,0,61,,
2014/04/29,19,70,,,0,70,,
2014/04/29,20,70,,,0,70,,
2014/04/29,21,17,,,1,16,,
2014/04/29,22,5,,,1,3,,
2014/04/29,23,4,,,1,3,,
2014/04/29,24,7,,,4,3,,
2014/04/30,01,5,,,1,3,,
2014/04/30,02,4,,,1,3,,
2014/04/30,03,5,,,1,3,,
2014/04/30,04,5,,,1,3,,
2014/04/30,05,5,,,1,4,,
2014/04/30,06,4,,,1,3,,
2014/04/30,07,3,,,0,3,,
2014/04/30,08,4,,,1,3,,
2014/04/30,09,12,,,1,11,,
2014/04/30,10,32,,,0,32,,
2014/04/30,11,63,,,0,63,,
2014/04/30,12,63,,,0,63,,
2014/04/30,13,64,,,0,64,,
2014/04/30,14,63,,,0,63,,
2014/04/30,15,63,,,0,63,,
2014/04/30,16,62,,,0,62,,
2014/04/30,17,63,,,0,63,,
2014/04/30,18,63,,,0,63,,
2014/04/30,19,68,,,0,68,,
2014/04/30,20,67,,,0,67,,
2014/04/30,21,20,,,1,19,,
2014/04/30,22,4,,,1,3,,
2014/04/30,23,4,,,1,3,,
2014/04/30,24,5,,,2,3,,
2014/05/01,01,4,,,1,3,,
2014/05/01,02,4,,,1,3,,
2014/05/01,03,4,,,1,3,,
2014/05/01,04,5,,,1,3,,
2014/05/01,05,4,,,0,4,,
2014/05/01,06,4,,,1,3,,
2014/05/01,07,3,,,0,3,,
2014/05/01,08,4,,,1,3,,
2014/05/01,09,20,,,1,19,,
2014/05/01,10,30,,,0,30,,
2014/05/01,11,64,,,0,64,,
2014/05/01,12,64,,,0,64,,
2014/05/01,13,64,,,0,64,,
2014/05/01,14,64,,,0,64,,
2014/05/01,15,66,,,0,66,,
2014/05/01,16,63,,,0,63,,
2014/05/01,17,63,,,0,63,,
2014/05/01,18,65,,,0,65,,
2014/05/01,19,73,,,0,73,,
2014/05/01,20,72,,,0,72,,
2014/05/01,21,15,,,1,14,,
2014/05/01,22,4,,,0,4,,
2014/05/01,23,4,,,1,3,,
2014/05/01,24,6,,,2,4,,
2014/05/02,01,4,,,1,3,,
2014/05/02,02,4,,,1,3,,
2014/05/02,03,4,,,0,4,,
2014/05/02,04,4,,,1,3,,
2014/05/02,05,5,,,1,4,,
2014/05/02,06,4,,,0,4,,
2014/05/02,07,4,,,1,3,,
2014/05/02,08,4,,,1,3,,
2014/05/02,09,17,,,0,17,,
2014/05/02,10,25,,,0,25,,
2014/05/02,11,62,,,0,62,,
2014/05/02,12,61,,,0,61,,
2014/05/02,13,62,,,0,62,,
2014/05/02,14,63,,,0,63,,
2014/05/02,15,63,,,0,63,,
2014/05/02,16,62,,,0,62,,
2014/05/02,17,60,,,0,60,,
2014/05/02,18,60,,,0,60,,
2014/05/02,19,71,,,0,71,,
2014/05/02,20,72,,,0,72,,
2014/05/02,21,14,,,1,13,,
2014/05/02,22,4,,,1,3,,
2014/05/02,23,4,,,1,3,,
2014/05/02,24,6,,,3,3,,
2014/05/03,01,4,,,1,3,,
2014/05/03,02,4,,,1,3,,
2014/05/03,03,4,,,1,3,,
2014/05/03,04,4,,,1,3,,
2014/05/03,05,5,,,1,3,,
2014/05/03,06,4,,,1,3,,
2014/05/03,07,3,,,0,3,,
2014/05/03,08,4,,,1,3,,
2014/05/03,09,9,,,0,9,,
2014/05/03,10,28,,,1,27,,
2014/05/03,11,64,,,0,64,,
2014/05/03,12,65,,,0,65,,
2014/05/03,13,64,,,0,64,,
2014/05/03,14,65,,,0,65,,
2014/05/03,15,63,,,0,63,,
2014/05/03,16,63,,,0,63,,
2014/05/03,17,63,,,0,63,,
2014/05/03,18,62,,,0,62,,
2014/05/03,19,72,,,0,72,,
2014/05/03,20,71,,,0,71,,
2014/05/03,21,13,,,1,12,,
2014/05/03,22,4,,,1,3,,
2014/05/03,23,4,,,1,3,,
2014/05/03,24,6,,,2,3,,
2014/05/04,01,4,,,1,3,,
2014/05/04,02,4,,,1,3,,
2014/05/04,03,4,,,1,3,,
2014/05/04,04,4,,,1,3,,
2014/05/04,05,5,,,1,4,,
2014/05/04,06,4,,,1,3,,
2014/05/04,07,3,,,0,3,,
2014/05/04,08,4,,,1,3,,
2014/05/04,09,18,,,0,18,,
2014/05/04,10,29,,,0,29,,
2014/05/04,11,64,,,0,64,,
2014/05/04,12,64,,,0,64,,
2014/05/04,13,64,,,0,64,,
2014/05/04,14,63,,,0,63,,
2014/05/04,15,63,,,0,63,,
2014/05/04,16,63,,,0,63,,
2014/05/04,17,62,,,0,62,,
2014/05/04,18,62,,,0,62,,
2014/05/04,19,71,,,0,71,,
2014/05/04,20,70,,,0,70,,
2014/05/04,21,10,,,1,9,,
2014/05/04,22,5,,,1,3,,
2014/05/04,23,4,,,1,3,,
2014/05/04,24,7,,,3,3,,
2014/05/05,01,5,,,1,3,,
2014/05/05,02,5,,,1,3,,
2014/05/05,03,4,,,1,3,,
2014/05/05,04,5,,,1,4,,
2014/05/05,05,5,,,1,3,,
2014/05/05,06,4,,,1,3,,
2014/05/05,07,3,,,0,3,,
2014/05/05,08,4,,,1,3,,
2014/05/05,09,18,,,0,18,,
2014/05/05,10,29,,,0,29,,
2014/05/05,11,60,,,0,60,,
2014/05/05,12,60,,,0,60,,
2014/05/05,13,61,,,0,61,,
2014/05/05,14,60,,,0,60,,
2014/05/05,15,59,,,0,59,,
2014/05/05,16,59,,,0,59,,
2014/05/05,17,59,,,0,59,,
2014/05/05,18,61,,,0,61,,
2014/05/05,19,71,,,0,71,,
2014/05/05,20,69,,,0,69,,
2014/05/05,21,9,,,1,8,,
2014/05/05,22,4,,,1,3,,
2014/05/05,23,4,,,1,3,,
2014/05/05,24,6,,,2,3,,
2014/05/06,01,4,,,1,3,,
2014/05/06,02,4,,,1,3,,
2014/05/06,03,4,,,1,3,,
2014/05/06,04,4,,,1,3,,
2014/05/06,05,4,,,1,3,,
2014/05/06,06,4,,,1,3,,
2014/05/06,07,3,,,0,3,,
2014/05/06,08,4,,,1,3,,
2014/05/06,09,18,,,0,18,,
2014/05/06,10,31,,,0,31,,
2014/05/06,11,61,,,0,61,,
2014/05/06,12,62,,,0,62,,
2014/05/06,13,62,,,0,62,,
2014/05/06,14,61,,,0,61,,
2014/05/06,15,60,,,0,60,,
2014/05/06,16,60,,,0,60,,
2014/05/06,17,63,,,1,62,,
2014/05/06,18,67,,,3,64,,
2014/05/06,19,73,,,0,73,,
2014/05/06,20,73,,,0,73,,
2014/05/06,21,14,,,0,14,,
2014/05/06,22,4,,,1,3,,
2014/05/06,23,5,,,1,3,,
2014/05/06,24,6,,,3,3,,
2014/05/07,01,5,,,1,4,,
2014/05/07,02,4,,,1,3,,
2014/05/07,03,5,,,1,3,,
2014/05/07,04,5,,,1,4,,
2014/05/07,05,5,,,1,3,,
2014/05/07,06,4,,,1,3,,
2014/05/07,07,3,,,0,3,,
2014/05/07,08,4,,,1,3,,
2014/05/07,09,18,,,0,18,,
2014/05/07,10,26,,,0,26,,
2014/05/07,11,65,,,0,65,,
2014/05/07,12,63,,,0,63,,
2014/05/07,13,64,,,0,64,,
2014/05/07,14,64,,,0,64,,
2014/05/07,15,63,,,0,63,,
2014/05/07,16,63,,,0,63,,
2014/05/07,17,62,,,0,62,,
2014/05/07,18,63,,,0,63,,
2014/05/07,19,71,,,0,71,,
2014/05/07,20,72,,,0,72,,
2014/05/07,21,10,,,0,10,,
2014/05/07,22,4,,,1,3,,
2014/05/07,23,4,,,1,3,,
2014/05/07,24,6,,,2,3,,
2014/05/08,01,4,,,1,3,,
2014/05/08,02,4,,,1,3,,
2014/05/08,03,4,,,1,3,,
2014/05/08,04,5,,,1,3,,
2014/05/08,05,5,,,1,3,,
2014/05/08,06,3,,,0,3,,
2014/05/08,07,4,,,1,3,,
2014/05/08,08,3,,,0,3,,
2014/05/08,09,21,,,1,20,,
2014/05/08,10,30,,,0,30,,
2014/05/08,11,59,,,0,59,,
2014/05/08,12,60,,,0,60,,
2014/05/08,13,60,,,0,60,,
2014/05/08,14,61,,,0,61,,
2014/05/08,15,60,,,0,60,,
2014/05/08,16,59,,,0,59,,
2014/05/08,17,58,,,0,58,,
2014/05/08,18,59,,,0,59,,
2014/05/08,19,68,,,0,68,,
2014/05/08,20,71,,,0,71,,
2014/05/08,21,12,,,1,11,,
2014/05/08,22,4,,,1,3,,
2014/05/08,23,4,,,1,3,,
2014/05/08,24,6,,,3,3,,
2014/05/09,01,4,,,1,3,,
2014/05/09,02,4,,,1,3,,
2014/05/09,03,4,,,1,3,,
2014/05/09,04,5,,,1,3,,
2014/05/09,05,4,,,1,3,,
2014/05/09,06,3,,,0,3,,
2014/05/09,07,4,,,1,3,,
2014/05/09,08,3,,,0,3,,
2014/05/09,09,10,,,1,9,,
2014/05/09,10,32,,,0,32,,
2014/05/09,11,64,,,0,64,,
2014/05/09,12,64,,,0,64,,
2014/05/09,13,64,,,0,64,,
2014/05/09,14,65,,,1,64,,
2014/05/09,15,64,,,0,64,,
2014/05/09,16,65,,,0,65,,
2014/05/09,17,64,,,0,64,,
2014/05/09,18,65,,,0,65,,
2014/05/09,19,72,,,0,72,,
2014/05/09,20,73,,,0,73,,
2014/05/09,21,22,,,0,22,,
2014/05/09,22,5,,,1,4,,
2014/05/09,23,4,,,0,4,,
2014/05/09,24,6,,,2,4,,
2014/05/10,01,4,,,0,4,,
2014/05/10,02,4,,,1,3,,
2014/05/10,03,5,,,1,4,,
2014/05/10,04,4,,,0,4,,
2014/05/10,05,4,,,0,4,,
2014/05/10,06,4,,,1,3,,
2014/05/10,07,4,,,1,3,,
2014/05/10,08,4,,,1,3,,
2014/05/10,09,19,,,0,19,,
2014/05/10,10,31,,,1,30,,
2014/05/10,11,65,,,0,65,,
2014/05/10,12,64,,,0,64,,
2014/05/10,13,64,,,0,64,,
2014/05/10,14,65,,,0,65,,
2014/05/10,15,63,,,0,63,,
2014/05/10,16,64,,,0,64,,
2014/05/10,17,64,,,0,64,,
2014/05/10,18,62,,,0,62,,
2014/05/10,19,71,,,0,71,,
2014/05/10,20,72,,,0,72,,
2014/05/10,21,25,,,1,24,,
2014/05/10,22,4,,,0,4,,
2014/05/10,23,5,,,1,4,,
2014/05/10,24,6,,,2,4,,
2014/05/11,01,5,,,1,4,,
2014/05/11,02,5,,,1,4,,
2014/05/11,03,4,,,0,4,,
2014/05/11,04,5,,,1,4,,
2014/05/11,05,5,,,1,4,,
2014/05/11,06,5,,,1,3,,
2014/05/11,07,4,,,1,3,,
2014/05/11,08,4,,,1,3,,
2014/05/11,09,18,,,0,18,,
2014/05/11,10,31,,,1,30,,
2014/05/11,11,64,,,0,64,,
2014/05/11,12,64,,,0,64,,
2014/05/11,13,63,,,0,63,,
2014/05/11,14,63,,,0,63,,
2014/05/11,15,62,,,0,62,,
2014/05/11,16,62,,,0,62,,
2014/05/11,17,62,,,0,62,,
2014/05/11,18,62,,,0,62,,
2014/05/11,19,68,,,0,68,,
2014/05/11,20,67,,,1,66,,
2014/05/11,21,10,,,1,9,,
2014/05/11,22,4,,,1,3,,
2014/05/11,23,4,,,1,3,,
2014/05/11,24,6,,,2,3,,
2014/05/12,01,4,,,1,3,,
2014/05/12,02,4,,,1,3,,
2014/05/12,03,5,,,1,4,,
2014/05/12,04,4,,,1,3,,
2014/05/12,05,4,,,1,3,,
2014/05/12,06,3,,,0,3,,
2014/05/12,07,4,,,1,3,,
2014/05/12,08,3,,,0,3,,
2014/05/12,09,19,,,1,18,,
2014/05/12,10,29,,,0,29,,
2014/05/12,11,60,,,0,60,,
2014/05/12,12,60,,,0,60,,
2014/05/12,13,59,,,0,59,,
2014/05/12,14,60,,,0,60,,
2014/05/12,15,59,,,0,59,,
2014/05/12,16,59,,,0,59,,
2014/05/12,17,58,,,0,58,,
2014/05/12,18,58,,,0,58,,
2014/05/12,19,70,,,0,70,,
2014/05/12,20,70,,,0,70,,
2014/05/12,21,9,,,1,8,,
2014/05/12,22,4,,,1,3,,
2014/05/12,23,4,,,1,3,,
2014/05/12,24,6,,,2,3,,
2014/05/13,01,4,,,1,3,,
2014/05/13,02,4,,,1,3,,
2014/05/13,03,4,,,1,3,,
2014/05/13,04,4,,,1,3,,
2014/05/13,05,4,,,1,3,,
2014/05/13,06,4,,,1,3,,
2014/05/13,07,3,,,0,3,,
2014/05/13,08,3,,,1,2,,
2014/05/13,09,18,,,1,17,,
2014/05/13,10,28,,,0,28,,
2014/05/13,11,63,,,0,63,,
2014/05/13,12,64,,,0,64,,
2014/05/13,13,63,,,0,63,,
2014/05/13,14,63,,,0,63,,
2014/05/13,15,61,,,0,61,,
2014/05/13,16,62,,,0,62,,
2014/05/13,17,62,,,0,62,,
2014/05/13,18,62,,,0,62,,
2014/05/13,19,70,,,0,70,,
2014/05/13,20,71,,,0,71,,
2014/05/13,21,18,,,0,18,,
2014/05/13,22,4,,,1,3,,
2014/05/13,23,4,,,1,3,,
2014/05/13,24,6,,,2,3,,
2014/05/14,01,4,,,1,3,,
2014/05/14,02,4,,,1,3,,
2014/05/14,03,4,,,1,3,,
2014/05/14,04,4,,,1,3,,
2014/05/14,05,4,,,1,3,,
2014/05/14,06,4,,,1,3,,
2014/05/14,07,3,,,0,3,,
2014/05/14,08,4,,,1,3,,
2014/05/14,09,17,,,0,17,,
2014/05/14,10,26,,,0,26,,
2014/05/14,11,62,,,0,62,,
2014/05/14,12,63,,,0,63,,
2014/05/14,13,62,,,0,62,,
2014/05/14,14,61,,,0,61,,
2014/05/14,15,62,,,0,62,,
2014/05/14,16,61,,,0,61,,
2014/05/14,17,61,,,0,61,,
2014/05/14,18,62,,,0,62,,
2014/05/14,19,70,,,1,69,,
2014/05/14,20,72,,,1,71,,
2014/05/14,21,11,,,1,10,,
2014/05/14,22,4,,,1,3,,
2014/05/14,23,4,,,1,3,,
2014/05/14,24,5,,,2,3,,
2014/05/15,01,4,,,1,3,,
2014/05/15,02,4,,,1,3,,
2014/05/15,03,4,,,1,3,,
2014/05/15,04,5,,,1,3,,
2014/05/15,05,3,,,0,3,,
2014/05/15,06,4,,,1,3,,
2014/05/15,07,3,,,0,3,,
2014/05/15,08,4,,,1,3,,
2014/05/15,09,11,,,1,10,,
2014/05/15,10,30,,,0,30,,
2014/05/15,11,64,,,0,64,,
2014/05/15,12,63,,,0,63,,
2014/05/15,13,64,,,1,63,,
2014/05/15,14,63,,,0,63,,
2014/05/15,15,64,,,1,63,,
2014/05/15,16,63,,,1,62,,
2014/05/15,17,64,,,2,62,,
2014/05/15,18,63,,,0,63,,
2014/05/15,19,70,,,1,69,,
2014/05/15,20,73,,,1,72,,
2014/05/15,21,11,,,1,10,,
2014/05/15,22,4,,,1,3,,
2014/05/15,23,4,,,1,3,,
2014/05/15,24,5,,,2,3,,
2014/05/16,01,4,,,1,3,,
2014/05/16,02,4,,,1,3,,
2014/05/16,03,4,,,1,3,,
2014/05/16,04,4,,,1,3,,
2014/05/16,05,4,,,1,3,,
2014/05/16,06,4,,,1,3,,
2014/05/16,07,4,,,1,3,,
2014/05/16,08,4,,,1,3,,
2014/05/16,09,20,,,0,20,,
2014/05/16,10,32,,,1,31,,
2014/05/16,11,64,,,0,64,,
2014/05/16,12,64,,,0,64,,
2014/05/16,13,65,,,1,64,,
2014/05/16,14,64,,,0,64,,
2014/05/16,15,63,,,0,63,,
2014/05/16,16,63,,,0,63,,
2014/05/16,17,63,,,0,63,,
2014/05/16,18,66,,,0,66,,
2014/05/16,19,73,,,0,73,,
2014/05/16,20,72,,,0,72,,
2014/05/16,21,24,,,2,22,,
2014/05/16,22,4,,,1,3,,
2014/05/16,23,5,,,1,3,,
2014/05/16,24,7,,,3,3,,
2014/05/17,01,4,,,1,3,,
2014/05/17,02,5,,,1,3,,
2014/05/17,03,4,,,1,3,,
2014/05/17,04,5,,,1,3,,
2014/05/17,05,5,,,1,3,,
2014/05/17,06,4,,,1,3,,
2014/05/17,07,4,,,1,3,,
2014/05/17,08,4,,,1,3,,
2014/05/17,09,18,,,1,17,,
2014/05/17,10,29,,,0,29,,
2014/05/17,11,65,,,0,65,,
2014/05/17,12,65,,,0,65,,
2014/05/17,13,66,,,0,66,,
2014/05/17,14,66,,,0,66,,
2014/05/17,15,66,,,0,66,,
2014/05/17,16,65,,,0,65,,
2014/05/17,17,66,,,1,65,,
2014/05/17,18,65,,,0,65,,
2014/05/17,19,72,,,0,72,,
2014/05/17,20,72,,,0,72,,
2014/05/17,21,23,,,1,22,,
2014/05/17,22,5,,,1,3,,
2014/05/17,23,4,,,1,3,,
2014/05/17,24,7,,,3,4,,
2014/05/18,01,5,,,1,3,,
2014/05/18,02,4,,,1,3,,
2014/05/18,03,5,,,1,3,,
2014/05/18,04,4,,,1,3,,
2014/05/18,05,5,,,1,4,,
2014/05/18,06,4,,,1,3,,
2014/05/18,07,4,,,1,3,,
2014/05/18,08,3,,,0,3,,
2014/05/18,09,17,,,1,16,,
2014/05/18,10,26,,,1,25,,
2014/05/18,11,61,,,0,61,,
2014/05/18,12,62,,,0,62,,
2014/05/18,13,62,,,0,62,,
2014/05/18,14,62,,,0,62,,
2014/05/18,15,62,,,1,61,,
2014/05/18,16,60,,,0,60,,
2014/05/18,17,62,,,1,61,,
2014/05/18,18,60,,,0,60,,
2014/05/18,19,68,,,0,68,,
2014/05/18,20,71,,,0,71,,
2014/05/18,21,9,,,1,8,,
2014/05/18,22,4,,,1,3,,
2014/05/18,23,4,,,0,4,,
2014/05/18,24,6,,,2,4,,
2014/05/19,01,4,,,1,3,,
2014/05/19,02,4,,,1,3,,
2014/05/19,03,4,,,1,3,,
2014/05/19,04,5,,,1,4,,
2014/05/19,05,4,,,0,4,,
2014/05/19,06,3,,,0,3,,
2014/05/19,07,4,,,1,3,,
2014/05/19,08,4,,,1,3,,
2014/05/19,09,9,,,0,9,,
2014/05/19,10,32,,,0,32,,
2014/05/19,11,63,,,0,63,,
2014/05/19,12,62,,,0,62,,
2014/05/19,13,62,,,0,62,,
2014/05/19,14,61,,,0,61,,
2014/05/19,15,61,,,0,61,,
2014/05/19,16,58,,,0,58,,
2014/05/19,17,58,,,0,58,,
2014/05/19,18,58,,,0,58,,
2014/05/19,19,64,,,0,64,,
2014/05/19,20,69,,,0,69,,
2014/05/19,21,10,,,1,9,,
2014/05/19,22,4,,,1,3,,
2014/05/19,23,4,,,1,3,,
2014/05/19,24,6,,,3,3,,
2014/05/20,01,4,,,1,3,,
2014/05/20,02,4,,,1,3,,
2014/05/20,03,4,,,1,3,,
2014/05/20,04,5,,,1,3,,
2014/05/20,05,4,,,1,3,,
2014/05/20,06,4,,,1,3,,
2014/05/20,07,3,,,0,3,,
2014/05/20,08,4,,,1,3,,
2014/05/20,09,18,,,0,18,,
2014/05/20,10,27,,,0,27,,
2014/05/20,11,59,,,0,59,,
2014/05/20,12,59,,,0,59,,
2014/05/20,13,59,,,0,59,,
2014/05/20,14,61,,,0,61,,
2014/05/20,15,60,,,0,60,,
2014/05/20,16,62,,,1,61,,
2014/05/20,17,63,,,3,60,,
2014/05/20,18,63,,,2,61,,
2014/05/20,19,69,,,0,69,,
2014/05/20,20,71,,,0,71,,
2014/05/20,21,8,,,1,6,,
2014/05/20,22,4,,,1,3,,
2014/05/20,23,4,,,1,3,,
2014/05/20,24,6,,,3,3,,
2014/05/21,01,4,,,1,3,,
2014/05/21,02,4,,,1,3,,
2014/05/21,03,4,,,1,3,,
2014/05/21,04,5,,,1,3,,
2014/05/21,05,4,,,1,3,,
2014/05/21,06,4,,,1,3,,
2014/05/21,07,4,,,1,3,,
2014/05/21,08,3,,,0,3,,
2014/05/21,09,22,,,1,21,,
2014/05/21,10,27,,,0,27,,
2014/05/21,11,62,,,0,62,,
2014/05/21,12,62,,,0,62,,
2014/05/21,13,62,,,0,62,,
2014/05/21,14,61,,,0,61,,
2014/05/21,15,62,,,0,62,,
2014/05/21,16,60,,,0,60,,
2014/05/21,17,61,,,0,61,,
2014/05/21,18,62,,,1,61,,
2014/05/21,19,70,,,0,70,,
2014/05/21,20,72,,,0,72,,
2014/05/21,21,18,,,1,17,,
2014/05/21,22,4,,,1,3,,
2014/05/21,23,4,,,1,3,,
2014/05/21,24,5,,,2,3,,
2014/05/22,01,4,,,1,3,,
2014/05/22,02,4,,,1,3,,
2014/05/22,03,4,,,1,3,,
2014/05/22,04,4,,,1,3,,
2014/05/22,05,4,,,1,3,,
2014/05/22,06,4,,,1,3,,
2014/05/22,07,3,,,0,3,,
2014/05/22,08,4,,,1,3,,
2014/05/22,09,17,,,0,17,,
2014/05/22,10,29,,,1,28,,
2014/05/22,11,63,,,0,63,,
2014/05/22,12,62,,,0,62,,
2014/05/22,13,62,,,0,62,,
2014/05/22,14,62,,,0,62,,
2014/05/22,15,62,,,0,62,,
2014/05/22,16,60,,,0,60,,
2014/05/22,17,61,,,0,61,,
2014/05/22,18,61,,,0,61,,
2014/05/22,19,66,,,0,66,,
2014/05/22,20,72,,,0,72,,
2014/05/22,21,25,,,0,25,,
2014/05/22,22,5,,,1,3,,
2014/05/22,23,5,,,1,3,,
2014/05/22,24,6,,,3,3,,
2014/05/23,01,5,,,1,3,,
2014/05/23,02,5,,,1,3,,
2014/05/23,03,4,,,1,3,,
2014/05/23,04,5,,,1,3,,
2014/05/23,05,5,,,1,3,,
2014/05/23,06,4,,,1,3,,
2014/05/23,07,3,,,0,3,,
2014/05/23,08,4,,,1,3,,
2014/05/23,09,19,,,0,19,,
2014/05/23,10,27,,,0,27,,
2014/05/23,11,64,,,0,64,,
2014/05/23,12,64,,,0,64,,
2014/05/23,13,63,,,0,63,,
2014/05/23,14,64,,,0,64,,
2014/05/23,15,64,,,0,64,,
2014/05/23,16,62,,,0,62,,
2014/05/23,17,63,,,0,63,,
2014/05/23,18,62,,,0,62,,
2014/05/23,19,66,,,0,66,,
2014/05/23,20,71,,,0,71,,
2014/05/23,21,29,,,1,27,,
2014/05/23,22,4,,,1,3,,
2014/05/23,23,5,,,1,3,,
2014/05/23,24,6,,,3,3,,
2014/05/24,01,5,,,1,3,,
2014/05/24,02,5,,,1,3,,
2014/05/24,03,4,,,1,3,,
2014/05/24,04,5,,,1,3,,
2014/05/24,05,5,,,1,3,,
2014/05/24,06,4,,,1,3,,
2014/05/24,07,4,,,1,3,,
2014/05/24,08,3,,,0,3,,
2014/05/24,09,10,,,0,10,,
2014/05/24,10,27,,,1,26,,
2014/05/24,11,65,,,0,65,,
2014/05/24,12,65,,,0,65,,
2014/05/24,13,64,,,0,64,,
2014/05/24,14,62,,,0,62,,
2014/05/24,15,63,,,0,63,,
2014/05/24,16,62,,,0,62,,
2014/05/24,17,63,,,0,63,,
2014/05/24,18,70,,,0,70,,
2014/05/24,19,73,,,0,73,,
2014/05/24,20,71,,,0,71,,
2014/05/24,21,25,,,1,24,,
2014/05/24,22,4,,,1,3,,
2014/05/24,23,4,,,1,3,,
2014/05/24,24,6,,,3,3,,
2014/05/25,01,4,,,1,3,,
2014/05/25,02,4,,,1,3,,
2014/05/25,03,4,,,1,3,,
2014/05/25,04,4,,,1,3,,
2014/05/25,05,4,,,1,3,,
2014/05/25,06,3,,,0,3,,
2014/05/25,07,4,,,1,3,,
2014/05/25,08,3,,,0,3,,
2014/05/25,09,11,,,1,10,,
2014/05/25,10,29,,,0,29,,
2014/05/25,11,65,,,0,65,,
2014/05/25,12,64,,,0,64,,
2014/05/25,13,65,,,0,65,,
2014/05/25,14,66,,,1,65,,
2014/05/25,15,65,,,0,65,,
2014/05/25,16,65,,,0,65,,
2014/05/25,17,64,,,0,64,,
2014/05/25,18,65,,,0,65,,
2014/05/25,19,70,,,0,70,,
2014/05/25,20,73,,,0,73,,
2014/05/25,21,10,,,0,10,,
2014/05/25,22,5,,,1,3,,
2014/05/25,23,4,,,1,3,,
2014/05/25,24,6,,,3,3,,
2014/05/26,01,4,,,0,4,,
2014/05/26,02,5,,,1,3,,
2014/05/26,03,4,,,0,4,,
2014/05/26,04,5,,,1,3,,
2014/05/26,05,5,,,1,4,,
2014/05/26,06,4,,,1,3,,
2014/05/26,07,4,,,1,3,,
2014/05/26,08,3,,,0,3,,
2014/05/26,09,19,,,1,18,,
2014/05/26,10,33,,,2,31,,
2014/05/26,11,62,,,0,62,,
2014/05/26,12,60,,,0,60,,
2014/05/26,13,59,,,0,59,,
2014/05/26,14,59,,,0,59,,
2014/05/26,15,59,,,0,59,,
2014/05/26,16,60,,,0,60,,
2014/05/26,17,59,,,0,59,,
2014/05/26,18,59,,,0,59,,
2014/05/26,19,69,,,0,69,,
2014/05/26,20,71,,,0,71,,
2014/05/26,21,7,,,0,7,,
2014/05/26,22,5,,,1,3,,
2014/05/26,23,4,,,1,3,,
2014/05/26,24,6,,,3,3,,
2014/05/27,01,4,,,1,3,,
2014/05/27,02,4,,,1,3,,
2014/05/27,03,4,,,1,3,,
2014/05/27,04,4,,,0,4,,
2014/05/27,05,5,,,1,3,,
2014/05/27,06,4,,,1,3,,
2014/05/27,07,4,,,0,4,,
2014/05/27,08,3,,,0,3,,
2014/05/27,09,20,,,1,19,,
2014/05/27,10,29,,,1,28,,
2014/05/27,11,62,,,0,62,,
2014/05/27,12,61,,,0,61,,
2014/05/27,13,62,,,0,62,,
2014/05/27,14,61,,,0,61,,
2014/05/27,15,62,,,0,62,,
2014/05/27,16,63,,,0,63,,
2014/05/27,17,63,,,1,62,,
2014/05/27,18,62,,,0,62,,
2014/05/27,19,71,,,0,71,,
2014/05/27,20,71,,,0,71,,
2014/05/27,21,10,,,1,8,,
2014/05/27,22,3,,,0,3,,
2014/05/27,23,4,,,1,3,,
2014/05/27,24,5,,,2,3,,
2014/05/28,01,4,,,1,3,,
2014/05/28,02,4,,,1,3,,
2014/05/28,03,4,,,1,3,,
2014/05/28,04,4,,,1,3,,
2014/05/28,05,4,,,1,3,,
2014/05/28,06,3,,,1,2,,
2014/05/28,07,3,,,1,2,,
2014/05/28,08,4,,,1,3,,
2014/05/28,09,9,,,0,9,,
2014/05/28,10,30,,,1,29,,
2014/05/28,11,63,,,0,63,,
2014/05/28,12,64,,,0,64,,
2014/05/28,13,65,,,0,65,,
2014/05/28,14,63,,,0,63,,
2014/05/28,15,63,,,0,63,,
2014/05/28,16,63,,,0,63,,
2014/05/28,17,62,,,0,62,,
2014/05/28,18,62,,,0,62,,
2014/05/28,19,67,,,0,67,,
2014/05/28,20,70,,,0,70,,
2014/05/28,21,14,,,0,14,,
2014/05/28,22,4,,,1,3,,
2014/05/28,23,4,,,1,3,,
2014/05/28,24,5,,,2,3,,
2014/05/29,01,4,,,1,3,,
2014/05/29,02,3,,,0,3,,
2014/05/29,03,4,,,1,3,,
2014/05/29,04,4,,,1,3,,
2014/05/29,05,4,,,1,3,,
2014/05/29,06,3,,,1,2,,
2014/05/29,07,3,,,1,2,,
2014/05/29,08,4,,,1,2,,
2014/05/29,09,15,,,0,15,,
2014/05/29,10,26,,,0,26,,
2014/05/29,11,60,,,0,60,,
2014/05/29,12,59,,,0,59,,
2014/05/29,13,59,,,0,59,,
2014/05/29,14,58,,,0,58,,
2014/05/29,15,59,,,0,59,,
2014/05/29,16,60,,,2,58,,
2014/05/29,17,61,,,3,58,,
2014/05/29,18,61,,,2,59,,
2014/05/29,19,68,,,2,66,,
2014/05/29,20,72,,,1,71,,
2014/05/29,21,14,,,4,10,,
2014/05/29,22,7,,,4,3,,
2014/05/29,23,7,,,4,3,,
2014/05/29,24,8,,,5,3,,
2014/05/30,01,8,,,4,3,,
2014/05/30,02,6,,,3,3,,
2014/05/30,03,7,,,4,3,,
2014/05/30,04,8,,,4,3,,
2014/05/30,05,7,,,4,3,,
2014/05/30,06,6,,,4,2,,
2014/05/30,07,7,,,4,2,,
2014/05/30,08,6,,,4,2,,
2014/05/30,09,20,,,3,17,,
2014/05/30,10,32,,,3,29,,
2014/05/30,11,66,,,2,64,,
2014/05/30,12,65,,,3,62,,
2014/05/30,13,65,,,2,63,,
2014/05/30,14,63,,,3,60,,
2014/05/30,15,62,,,2,60,,
2014/05/30,16,60,,,1,59,,
2014/05/30,17,63,,,4,59,,
2014/05/30,18,63,,,4,59,,
2014/05/30,19,71,,,4,67,,
2014/05/30,20,73,,,1,72,,
2014/05/30,21,20,,,1,19,,
2014/05/30,22,4,,,1,3,,
2014/05/30,23,4,,,1,3,,
2014/05/30,24,5,,,2,3,,
2014/05/31,01,3,,,0,3,,
2014/05/31,02,4,,,1,3,,
2014/05/31,03,4,,,1,3,,
2014/05/31,04,4,,,1,3,,
2014/05/31,05,3,,,0,3,,
2014/05/31,06,4,,,1,2,,
2014/05/31,07,3,,,1,2,,
2014/05/31,08,3,,,1,2,,
2014/05/31,09,10,,,1,9,,
2014/05/31,10,30,,,2,28,,
2014/05/31,11,63,,,2,61,,
2014/05/31,12,60,,,1,59,,
2014/05/31,13,60,,,1,59,,
2014/05/31,14,59,,,0,59,,
2014/05/31,15,60,,,1,59,,
2014/05/31,16,60,,,2,58,,
2014/05/31,17,60,,,2,58,,
2014/05/31,18,62,,,3,59,,
2014/05/31,19,75,,,13,62,,
2014/05/31,20,72,,,2,70,,
2014/05/31,21,14,,,0,14,,
2014/05/31,22,4,,,1,3,,
2014/05/31,23,4,,,1,3,,
2014/05/31,24,5,,,2,3,,
2014/06/01,01,4,,,1,3,,
2014/06/01,02,4,,,1,3,,
2014/06/01,03,4,,,1,3,,
2014/06/01,04,4,,,1,3,,
2014/06/01,05,3,,,0,3,,
2014/06/01,06,3,,,1,2,,
2014/06/01,07,3,,,1,2,,
2014/06/01,08,4,,,1,2,,
2014/06/01,09,16,,,0,16,,
2014/06/01,10,25,,,0,25,,
2014/06/01,11,59,,,0,59,,
2014/06/01,12,60,,,1,59,,
2014/06/01,13,61,,,2,59,,
2014/06/01,14,61,,,2,59,,
2014/06/01,15,62,,,3,59,,
2014/06/01,16,64,,,4,60,,
2014/06/01,17,64,,,4,60,,
2014/06/01,18,64,,,4,60,,
2014/06/01,19,66,,,3,63,,
2014/06/01,20,72,,,1,71,,
2014/06/01,21,18,,,2,16,,
2014/06/01,22,4,,,1,3,,
2014/06/01,23,3,,,0,3,,
2014/06/01,24,6,,,2,3,,
2014/06/02,01,4,,,1,3,,
2014/06/02,02,3,,,0,3,,
2014/06/02,03,4,,,1,3,,
2014/06/02,04,4,,,1,3,,
2014/06/02,05,4,,,1,3,,
2014/06/02,06,3,,,1,2,,
2014/06/02,07,3,,,1,2,,
2014/06/02,08,3,,,1,2,,
2014/06/02,09,19,,,1,18,,
2014/06/02,10,28,,,2,26,,
2014/06/02,11,62,,,0,62,,
2014/06/02,12,62,,,1,61,,
2014/06/02,13,62,,,0,62,,
2014/06/02,14,62,,,0,62,,
2014/06/02,15,72,,,11,61,,
2014/06/02,16,75,,,14,61,,
2014/06/02,17,75,,,14,61,,
2014/06/02,18,72,,,10,62,,
2014/06/02,19,71,,,8,63,,
2014/06/02,20,73,,,7,66,,
2014/06/02,21,16,,,1,15,,
2014/06/02,22,4,,,1,3,,
2014/06/02,23,4,,,1,3,,
2014/06/02,24,6,,,2,3,,
2014/06/03,01,6,,,3,3,,
2014/06/03,02,5,,,2,3,,
2014/06/03,03,5,,,1,3,,
2014/06/03,04,4,,,1,3,,
2014/06/03,05,3,,,0,3,,
2014/06/03,06,3,,,1,2,,
2014/06/03,07,4,,,1,2,,
2014/06/03,08,3,,,1,2,,
2014/06/03,09,16,,,0,16,,
2014/06/03,10,27,,,0,27,,
2014/06/03,11,59,,,0,59,,
2014/06/03,12,61,,,2,59,,
2014/06/03,13,60,,,1,59,,
2014/06/03,14,74,,,14,60,,
2014/06/03,15,76,,,17,59,,
2014/06/03,16,76,,,16,60,,
2014/06/03,17,77,,,17,60,,
2014/06/03,18,77,,,18,59,,
2014/06/03,19,78,,,15,63,,
2014/06/03,20,78,,,8,70,,
2014/06/03,21,11,,,1,10,,
2014/06/03,22,3,,,0,3,,
2014/06/03,23,4,,,1,3,,
2014/06/03,24,6,,,2,3,,
2014/06/04,01,6,,,3,3,,
2014/06/04,02,5,,,2,3,,
2014/06/04,03,4,,,1,3,,
2014/06/04,04,4,,,1,3,,
2014/06/04,05,3,,,1,2,,
2014/06/04,06,4,,,1,2,,
2014/06/04,07,3,,,1,2,,
2014/06/04,08,3,,,0,3,,
2014/06/04,09,20,,,4,16,,
2014/06/04,10,32,,,5,27,,
2014/06/04,11,71,,,7,64,,
2014/06/04,12,72,,,9,63,,
2014/06/04,13,74,,,11,63,,
2014/06/04,14,80,,,18,62,,
2014/06/04,15,85,,,23,62,,
2014/06/04,16,85,,,23,62,,
2014/06/04,17,81,,,19,62,,
2014/06/04,18,79,,,16,63,,
2014/06/04,19,69,,,4,65,,
2014/06/04,20,77,,,5,72,,
2014/06/04,21,9,,,1,8,,
2014/06/04,22,4,,,1,3,,
2014/06/04,23,4,,,1,3,,
2014/06/04,24,5,,,2,3,,
2014/06/05,01,6,,,3,3,,
2014/06/05,02,5,,,2,3,,
2014/06/05,03,4,,,1,3,,
2014/06/05,04,4,,,1,3,,
2014/06/05,05,4,,,1,3,,
2014/06/05,06,3,,,1,2,,
2014/06/05,07,3,,,1,2,,
2014/06/05,08,3,,,1,2,,
2014/06/05,09,10,,,1,9,,
2014/06/05,10,28,,,1,27,,
2014/06/05,11,64,,,1,63,,
2014/06/05,12,63,,,1,62,,
2014/06/05,13,63,,,1,62,,
2014/06/05,14,69,,,7,62,,
2014/06/05,15,78,,,15,63,,
2014/06/05,16,79,,,17,62,,
2014/06/05,17,78,,,16,62,,
2014/06/05,18,75,,,13,62,,
2014/06/05,19,73,,,10,63,,
2014/06/05,20,74,,,4,70,,
2014/06/05,21,12,,,1,11,,
2014/06/05,22,4,,,1,3,,
2014/06/05,23,4,,,1,3,,
2014/06/05,24,5,,,2,3,,
2014/06/06,01,4,,,1,3,,
2014/06/06,02,4,,,1,3,,
2014/06/06,03,4,,,1,3,,
2014/06/06,04,4,,,1,3,,
2014/06/06,05,4,,,1,3,,
2014/06/06,06,3,,,1,2,,
2014/06/06,07,4,,,1,3,,
2014/06/06,08,3,,,1,2,,
2014/06/06,09,10,,,1,9,,
2014/06/06,10,27,,,2,25,,
2014/06/06,11,63,,,1,62,,
2014/06/06,12,63,,,1,62,,
2014/06/06,13,63,,,2,61,,
2014/06/06,14,74,,,12,62,,
2014/06/06,15,73,,,11,62,,
2014/06/06,16,75,,,13,62,,
2014/06/06,17,69,,,7,62,,
2014/06/06,18,68,,,7,61,,
2014/06/06,19,71,,,5,66,,
2014/06/06,20,74,,,2,72,,
2014/06/06,21,12,,,1,11,,
2014/06/06,22,4,,,1,3,,
2014/06/06,23,4,,,1,3,,
2014/06/06,24,6,,,2,3,,
2014/06/07,01,5,,,2,3,,
2014/06/07,02,5,,,2,3,,
2014/06/07,03,4,,,1,3,,
2014/06/07,04,4,,,1,3,,
2014/06/07,05,4,,,1,3,,
2014/06/07,06,3,,,1,2,,
2014/06/07,07,4,,,1,2,,
2014/06/07,08,3,,,1,2,,
2014/06/07,09,18,,,0,18,,
2014/06/07,10,26,,,0,26,,
2014/06/07,11,63,,,0,63,,
2014/06/07,12,64,,,0,64,,
2014/06/07,13,65,,,0,65,,
2014/06/07,14,61,,,0,61,,
2014/06/07,15,59,,,0,59,,
2014/06/07,16,61,,,0,61,,
2014/06/07,17,60,,,0,60,,
2014/06/07,18,63,,,0,63,,
2014/06/07,19,68,,,0,68,,
2014/06/07,20,71,,,0,71,,
2014/06/07,21,9,,,1,8,,
2014/06/07,22,4,,,1,3,,
2014/06/07,23,4,,,1,3,,
2014/06/07,24,5,,,2,3,,
2014/06/08,01,4,,,1,3,,
2014/06/08,02,4,,,1,3,,
2014/06/08,03,4,,,1,3,,
2014/06/08,04,4,,,1,3,,
2014/06/08,05,4,,,1,3,,
2014/06/08,06,3,,,1,2,,
2014/06/08,07,3,,,1,2,,
2014/06/08,08,3,,,1,2,,
2014/06/08,09,17,,,1,16,,
2014/06/08,10,27,,,1,26,,
2014/06/08,11,63,,,1,62,,
2014/06/08,12,63,,,1,62,,
2014/06/08,13,63,,,1,62,,
2014/06/08,14,62,,,1,61,,
2014/06/08,15,63,,,2,61,,
2014/06/08,16,62,,,0,62,,
2014/06/08,17,70,,,1,69,,
2014/06/08,18,70,,,1,69,,
2014/06/08,19,71,,,1,70,,
2014/06/08,20,73,,,0,73,,
2014/06/08,21,11,,,1,10,,
2014/06/08,22,4,,,1,3,,
2014/06/08,23,4,,,1,3,,
2014/06/08,24,4,,,1,3,,
2014/06/09,01,4,,,1,3,,
2014/06/09,02,4,,,1,3,,
2014/06/09,03,4,,,1,3,,
2014/06/09,04,4,,,1,3,,
2014/06/09,05,4,,,1,3,,
2014/06/09,06,3,,,1,2,,
2014/06/09,07,3,,,1,2,,
2014/06/09,08,4,,,1,3,,
2014/06/09,09,21,,,0,21,,
2014/06/09,10,28,,,1,27,,
2014/06/09,11,64,,,0,64,,
2014/06/09,12,63,,,0,63,,
2014/06/09,13,63,,,0,63,,
2014/06/09,14,63,,,0,63,,
2014/06/09,15,63,,,0,63,,
2014/06/09,16,62,,,0,62,,
2014/06/09,17,63,,,0,63,,
2014/06/09,18,62,,,0,62,,
2014/06/09,19,64,,,0,64,,
2014/06/09,20,70,,,0,70,,
2014/06/09,21,13,,,1,12,,
2014/06/09,22,4,,,1,3,,
2014/06/09,23,4,,,1,3,,
2014/06/09,24,4,,,1,3,,
2014/06/10,01,4,,,1,3,,
2014/06/10,02,4,,,1,3,,
2014/06/10,03,4,,,1,3,,
2014/06/10,04,4,,,1,3,,
2014/06/10,05,4,,,1,3,,
2014/06/10,06,3,,,1,2,,
2014/06/10,07,3,,,1,2,,
2014/06/10,08,3,,,1,2,,
2014/06/10,09,17,,,0,17,,
2014/06/10,10,29,,,1,28,,
2014/06/10,11,61,,,0,61,,
2014/06/10,12,60,,,0,60,,
2014/06/10,13,60,,,0,60,,
2014/06/10,14,59,,,0,59,,
2014/06/10,15,61,,,1,60,,
2014/06/10,16,62,,,3,59,,
2014/06/10,17,62,,,2,60,,
2014/06/10,18,62,,,1,61,,
2014/06/10,19,68,,,0,68,,
2014/06/10,20,71,,,0,71,,
2014/06/10,21,20,,,0,20,,
2014/06/10,22,4,,,1,3,,
2014/06/10,23,4,,,1,3,,
2014/06/10,24,4,,,1,3,,
2014/06/11,01,4,,,1,3,,
2014/06/11,02,4,,,1,3,,
2014/06/11,03,4,,,1,3,,
2014/06/11,04,4,,,1,3,,
2014/06/11,05,3,,,0,3,,
2014/06/11,06,4,,,1,2,,
2014/06/11,07,3,,,1,2,,
2014/06/11,08,3,,,1,2,,
2014/06/11,09,16,,,0,16,,
2014/06/11,10,26,,,0,26,,
2014/06/11,11,61,,,0,61,,
2014/06/11,12,61,,,0,61,,
2014/06/11,13,61,,,0,61,,
2014/06/11,14,60,,,0,60,,
2014/06/11,15,60,,,0,60,,
2014/06/11,16,60,,,0,60,,
2014/06/11,17,61,,,1,60,,
2014/06/11,18,67,,,1,66,,
2014/06/11,19,70,,,1,69,,
2014/06/11,20,71,,,0,71,,
2014/06/11,21,8,,,0,8,,
2014/06/11,22,4,,,1,3,,
2014/06/11,23,4,,,1,3,,
2014/06/11,24,4,,,1,3,,
2014/06/12,01,4,,,1,3,,
2014/06/12,02,4,,,1,3,,
2014/06/12,03,4,,,1,3,,
2014/06/12,04,4,,,1,3,,
2014/06/12,05,4,,,1,3,,
2014/06/12,06,3,,,1,2,,
2014/06/12,07,3,,,1,2,,
2014/06/12,08,3,,,1,2,,
2014/06/12,09,19,,,1,18,,
2014/06/12,10,30,,,2,28,,
2014/06/12,11,62,,,1,61,,
2014/06/12,12,62,,,1,61,,
2014/06/12,13,63,,,1,62,,
2014/06/12,14,63,,,2,61,,
2014/06/12,15,62,,,0,62,,
2014/06/12,16,62,,,2,60,,
2014/06/12,17,61,,,0,61,,
2014/06/12,18,69,,,1,68,,
2014/06/12,19,71,,,1,70,,
2014/06/12,20,71,,,0,71,,
2014/06/12,21,30,,,0,30,,
2014/06/12,22,30,,,0,30,,
2014/06/12,23,29,,,0,29,,
2014/06/12,24,29,,,0,29,,
2014/06/13,01,28,,,0,28,,
2014/06/13,02,18,,,1,17,,
2014/06/13,03,5,,,1,4,,
2014/06/13,04,5,,,1,4,,
2014/06/13,05,5,,,1,4,,
2014/06/13,06,5,,,1,4,,
2014/06/13,07,4,,,0,4,,
2014/06/13,08,4,,,0,4,,
2014/06/13,09,20,,,1,19,,
2014/06/13,10,30,,,0,30,,
2014/06/13,11,60,,,0,60,,
2014/06/13,12,61,,,0,61,,
2014/06/13,13,60,,,0,60,,
2014/06/13,14,60,,,0,60,,
2014/06/13,15,61,,,0,61,,
2014/06/13,16,60,,,0,60,,
2014/06/13,17,60,,,0,60,,
2014/06/13,18,64,,,0,64,,
2014/06/13,19,69,,,0,69,,
2014/06/13,20,71,,,0,71,,
2014/06/13,21,12,,,0,12,,
2014/06/13,22,4,,,1,3,,
2014/06/13,23,4,,,1,3,,
2014/06/13,24,4,,,1,3,,
2014/06/14,01,4,,,1,3,,
2014/06/14,02,4,,,1,3,,
2014/06/14,03,4,,,1,3,,
2014/06/14,04,4,,,1,3,,
2014/06/14,05,3,,,1,2,,
2014/06/14,06,3,,,1,2,,
2014/06/14,07,3,,,1,2,,
2014/06/14,08,3,,,1,2,,
2014/06/14,09,19,,,1,18,,
2014/06/14,10,27,,,0,27,,
2014/06/14,11,60,,,0,60,,
2014/06/14,12,60,,,0,60,,
2014/06/14,13,60,,,0,60,,
2014/06/14,14,62,,,1,61,,
2014/06/14,15,64,,,3,61,,
2014/06/14,16,63,,,2,61,,
2014/06/14,17,65,,,4,61,,
2014/06/14,18,64,,,3,61,,
2014/06/14,19,69,,,3,66,,
2014/06/14,20,72,,,0,72,,
2014/06/14,21,15,,,0,15,,
2014/06/14,22,4,,,1,3,,
2014/06/14,23,4,,,1,3,,
2014/06/14,24,6,,,2,3,,
2014/06/15,01,5,,,2,3,,
2014/06/15,02,4,,,1,3,,
2014/06/15,03,4,,,1,3,,
2014/06/15,04,4,,,1,3,,
2014/06/15,05,3,,,0,3,,
2014/06/15,06,3,,,1,2,,
2014/06/15,07,3,,,1,2,,
2014/06/15,08,4,,,1,2,,
2014/06/15,09,10,,,0,10,,
2014/06/15,10,29,,,0,29,,
2014/06/15,11,63,,,0,63,,
2014/06/15,12,63,,,0,63,,
2014/06/15,13,62,,,0,62,,
2014/06/15,14,65,,,1,64,,
2014/06/15,15,65,,,1,64,,
2014/06/15,16,64,,,0,64,,
2014/06/15,17,65,,,1,64,,
2014/06/15,18,77,,,13,64,,
2014/06/15,19,72,,,4,68,,
2014/06/15,20,77,,,4,73,,
2014/06/15,21,11,,,1,10,,
2014/06/15,22,4,,,1,3,,
2014/06/15,23,4,,,1,3,,
2014/06/15,24,5,,,2,3,,
2014/06/16,01,3,,,0,3,,
2014/06/16,02,4,,,1,3,,
2014/06/16,03,4,,,1,3,,
2014/06/16,04,4,,,1,3,,
2014/06/16,05,4,,,1,3,,
2014/06/16,06,4,,,1,3,,
2014/06/16,07,3,,,0,3,,
2014/06/16,08,3,,,0,3,,
2014/06/16,09,21,,,0,21,,
2014/06/16,10,32,,,1,31,,
2014/06/16,11,65,,,1,64,,
2014/06/16,12,64,,,0,64,,
2014/06/16,13,66,,,2,64,,
2014/06/16,14,65,,,1,64,,
2014/06/16,15,64,,,0,64,,
2014/06/16,16,63,,,0,63,,
2014/06/16,17,63,,,0,63,,
2014/06/16,18,63,,,0,63,,
2014/06/16,19,67,,,0,67,,
2014/06/16,20,72,,,0,72,,
2014/06/16,21,13,,,0,13,,
2014/06/16,22,4,,,1,3,,
2014/06/16,23,4,,,1,3,,
2014/06/16,24,4,,,1,3,,
2014/06/17,01,4,,,1,3,,
2014/06/17,02,4,,,1,3,,
2014/06/17,03,4,,,1,3,,
2014/06/17,04,3,,,0,3,,
2014/06/17,05,4,,,1,3,,
2014/06/17,06,3,,,1,2,,
2014/06/17,07,3,,,1,2,,
2014/06/17,08,4,,,1,2,,
2014/06/17,09,15,,,0,15,,
2014/06/17,10,28,,,0,28,,
2014/06/17,11,60,,,0,60,,
2014/06/17,12,60,,,0,60,,
2014/06/17,13,60,,,0,60,,
2014/06/17,14,61,,,1,60,,
2014/06/17,15,58,,,0,58,,
2014/06/17,16,58,,,0,58,,
2014/06/17,17,58,,,0,58,,
2014/06/17,18,59,,,0,59,,
2014/06/17,19,64,,,0,64,,
2014/06/17,20,70,,,0,70,,
2014/06/17,21,10,,,1,9,,
2014/06/17,22,4,,,1,3,,
2014/06/17,23,4,,,1,3,,
2014/06/17,24,4,,,1,3,,
2014/06/18,01,4,,,1,3,,
2014/06/18,02,4,,,1,3,,
2014/06/18,03,4,,,1,3,,
2014/06/18,04,3,,,0,3,,
2014/06/18,05,4,,,1,3,,
2014/06/18,06,3,,,1,2,,
2014/06/18,07,3,,,1,2,,
2014/06/18,08,3,,,1,2,,
2014/06/18,09,10,,,1,9,,
2014/06/18,10,28,,,0,28,,
2014/06/18,11,64,,,0,64,,
2014/06/18,12,63,,,0,63,,
2014/06/18,13,65,,,0,65,,
2014/06/18,14,64,,,0,64,,
2014/06/18,15,63,,,0,63,,
2014/06/18,16,64,,,0,64,,
2014/06/18,17,63,,,0,63,,
2014/06/18,18,62,,,0,62,,
2014/06/18,19,69,,,0,69,,
2014/06/18,20,72,,,0,72,,
2014/06/18,21,25,,,1,24,,
2014/06/18,22,4,,,1,3,,
2014/06/18,23,4,,,1,3,,
2014/06/18,24,4,,,1,3,,
2014/06/19,01,4,,,1,3,,
2014/06/19,02,4,,,1,3,,
2014/06/19,03,3,,,0,3,,
2014/06/19,04,4,,,1,3,,
2014/06/19,05,4,,,1,3,,
2014/06/19,06,3,,,1,2,,
2014/06/19,07,3,,,1,2,,
2014/06/19,08,3,,,1,2,,
2014/06/19,09,10,,,1,9,,
2014/06/19,10,29,,,0,29,,
2014/06/19,11,64,,,0,64,,
2014/06/19,12,64,,,0,64,,
2014/06/19,13,63,,,0,63,,
2014/06/19,14,63,,,0,63,,
2014/06/19,15,63,,,0,63,,
2014/06/19,16,63,,,0,63,,
2014/06/19,17,62,,,0,62,,
2014/06/19,18,63,,,0,63,,
2014/06/19,19,69,,,0,69,,
2014/06/19,20,70,,,0,70,,
2014/06/19,21,10,,,1,9,,
2014/06/19,22,4,,,1,3,,
2014/06/19,23,3,,,0,3,,
2014/06/19,24,5,,,1,3,,
2014/06/20,01,4,,,1,3,,
2014/06/20,02,3,,,0,3,,
2014/06/20,03,4,,,1,3,,
2014/06/20,04,4,,,1,3,,
2014/06/20,05,4,,,1,3,,
2014/06/20,06,3,,,1,2,,
2014/06/20,07,3,,,1,2,,
2014/06/20,08,3,,,1,2,,
2014/06/20,09,19,,,1,18,,
2014/06/20,10,26,,,0,26,,
2014/06/20,11,60,,,0,60,,
2014/06/20,12,60,,,0,60,,
2014/06/20,13,61,,,0,61,,
2014/06/20,14,60,,,0,60,,
2014/06/20,15,60,,,0,60,,
2014/06/20,16,61,,,0,61,,
2014/06/20,17,63,,,2,61,,
2014/06/20,18,62,,,2,60,,
2014/06/20,19,69,,,0,69,,
2014/06/20,20,71,,,0,71,,
2014/06/20,21,9,,,1,8,,
2014/06/20,22,4,,,1,3,,
2014/06/20,23,4,,,1,3,,
2014/06/20,24,4,,,1,3,,
2014/06/21,01,4,,,1,3,,
2014/06/21,02,3,,,0,3,,
2014/06/21,03,4,,,1,3,,
2014/06/21,04,4,,,1,3,,
2014/06/21,05,4,,,1,3,,
2014/06/21,06,3,,,1,2,,
2014/06/21,07,4,,,1,2,,
2014/06/21,08,3,,,1,2,,
2014/06/21,09,17,,,0,17,,
2014/06/21,10,26,,,0,26,,
2014/06/21,11,60,,,0,60,,
2014/06/21,12,61,,,0,61,,
2014/06/21,13,60,,,0,60,,
2014/06/21,14,60,,,0,60,,
2014/06/21,15,63,,,2,61,,
2014/06/21,16,63,,,2,61,,
2014/06/21,17,75,,,14,61,,
2014/06/21,18,66,,,4,62,,
2014/06/21,19,67,,,4,63,,
2014/06/21,20,76,,,4,72,,
2014/06/21,21,15,,,1,14,,
2014/06/21,22,4,,,1,3,,
2014/06/21,23,4,,,1,3,,
2014/06/21,24,5,,,1,3,,
2014/06/22,01,3,,,0,3,,
2014/06/22,02,4,,,1,3,,
2014/06/22,03,4,,,1,3,,
2014/06/22,04,4,,,1,3,,
2014/06/22,05,4,,,1,3,,
2014/06/22,06,4,,,1,3,,
2014/06/22,07,3,,,1,2,,
2014/06/22,08,4,,,1,3,,
2014/06/22,09,18,,,0,18,,
2014/06/22,10,25,,,0,25,,
2014/06/22,11,60,,,0,60,,
2014/06/22,12,60,,,0,60,,
2014/06/22,13,61,,,0,61,,
2014/06/22,14,72,,,10,62,,
2014/06/22,15,63,,,0,63,,
2014/06/22,16,67,,,5,62,,
2014/06/22,17,67,,,5,62,,
2014/06/22,18,64,,,2,62,,
2014/06/22,19,74,,,2,72,,
2014/06/22,20,76,,,3,73,,
2014/06/22,21,11,,,1,10,,
2014/06/22,22,4,,,1,3,,
2014/06/22,23,4,,,1,3,,
2014/06/22,24,4,,,1,3,,
2014/06/23,01,4,,,1,3,,
2014/06/23,02,4,,,1,3,,
2014/06/23,03,4,,,1,3,,
2014/06/23,04,4,,,1,3,,
2014/06/23,05,4,,,1,3,,
2014/06/23,06,3,,,1,2,,
2014/06/23,07,3,,,1,2,,
2014/06/23,08,3,,,1,2,,
2014/06/23,09,16,,,1,15,,
2014/06/23,10,28,,,0,28,,
2014/06/23,11,61,,,0,61,,
2014/06/23,12,62,,,1,61,,
2014/06/23,13,63,,,3,60,,
2014/06/23,14,64,,,3,61,,
2014/06/23,15,64,,,3,61,,
2014/06/23,16,70,,,10,60,,
2014/06/23,17,71,,,10,61,,
2014/06/23,18,69,,,8,61,,
2014/06/23,19,70,,,6,64,,
2014/06/23,20,73,,,1,72,,
2014/06/23,21,18,,,0,18,,
2014/06/23,22,4,,,1,3,,
2014/06/23,23,4,,,1,3,,
2014/06/23,24,4,,,1,3,,
2014/06/24,01,4,,,1,3,,
2014/06/24,02,4,,,1,3,,
2014/06/24,03,4,,,1,3,,
2014/06/24,04,4,,,1,3,,
2014/06/24,05,4,,,1,3,,
2014/06/24,06,3,,,0,3,,
2014/06/24,07,3,,,1,2,,
2014/06/24,08,4,,,1,2,,
2014/06/24,09,18,,,0,18,,
2014/06/24,10,26,,,0,26,,
2014/06/24,11,63,,,1,62,,
2014/06/24,12,63,,,2,61,,
2014/06/24,13,63,,,2,61,,
2014/06/24,14,63,,,2,61,,
2014/06/24,15,63,,,3,60,,
2014/06/24,16,79,,,18,61,,
2014/06/24,17,73,,,12,61,,
2014/06/24,18,70,,,9,61,,
2014/06/24,19,71,,,4,67,,
2014/06/24,20,76,,,4,72,,
2014/06/24,21,9,,,1,8,,
2014/06/24,22,4,,,1,3,,
2014/06/24,23,4,,,1,3,,
2014/06/24,24,4,,,1,3,,
2014/06/25,01,4,,,1,3,,
2014/06/25,02,4,,,1,3,,
2014/06/25,03,4,,,1,3,,
2014/06/25,04,5,,,1,3,,
2014/06/25,05,3,,,0,3,,
2014/06/25,06,4,,,1,3,,
2014/06/25,07,3,,,1,2,,
2014/06/25,08,3,,,1,2,,
2014/06/25,09,19,,,0,19,,
2014/06/25,10,28,,,0,28,,
2014/06/25,11,63,,,1,62,,
2014/06/25,12,62,,,1,61,,
2014/06/25,13,73,,,12,61,,
2014/06/25,14,74,,,12,62,,
2014/06/25,15,79,,,17,62,,
2014/06/25,16,77,,,16,61,,
2014/06/25,17,78,,,17,61,,
2014/06/25,18,77,,,15,62,,
2014/06/25,19,77,,,12,65,,
2014/06/25,20,72,,,0,72,,
2014/06/25,21,12,,,1,11,,
2014/06/25,22,4,,,1,3,,
2014/06/25,23,4,,,1,3,,
2014/06/25,24,4,,,1,3,,
2014/06/26,01,4,,,1,3,,
2014/06/26,02,4,,,1,3,,
2014/06/26,03,4,,,1,3,,
2014/06/26,04,4,,,1,3,,
2014/06/26,05,4,,,1,3,,
2014/06/26,06,3,,,0,3,,
2014/06/26,07,3,,,1,2,,
2014/06/26,08,4,,,1,2,,
2014/06/26,09,17,,,0,17,,
2014/06/26,10,28,,,1,27,,
2014/06/26,11,60,,,0,60,,
2014/06/26,12,61,,,0,61,,
2014/06/26,13,69,,,8,61,,
2014/06/26,14,70,,,9,61,,
2014/06/26,15,73,,,12,61,,
2014/06/26,16,74,,,14,60,,
2014/06/26,17,75,,,14,61,,
2014/06/26,18,73,,,12,61,,
2014/06/26,19,74,,,9,65,,
2014/06/26,20,71,,,0,71,,
2014/06/26,21,12,,,1,11,,
2014/06/26,22,4,,,1,3,,
2014/06/26,23,4,,,1,3,,
2014/06/26,24,4,,,1,3,,
2014/06/27,01,4,,,1,3,,
2014/06/27,02,4,,,1,3,,
2014/06/27,03,4,,,1,3,,
2014/06/27,04,4,,,1,3,,
2014/06/27,05,4,,,1,3,,
2014/06/27,06,4,,,1,3,,
2014/06/27,07,3,,,0,3,,
2014/06/27,08,3,,,1,2,,
2014/06/27,09,10,,,1,9,,
2014/06/27,10,27,,,0,27,,
2014/06/27,11,59,,,0,59,,
2014/06/27,12,58,,,0,58,,
2014/06/27,13,72,,,12,60,,
2014/06/27,14,68,,,7,61,,
2014/06/27,15,70,,,9,61,,
2014/06/27,16,69,,,9,60,,
2014/06/27,17,69,,,9,60,,
2014/06/27,18,70,,,8,62,,
2014/06/27,19,76,,,6,70,,
2014/06/27,20,81,,,9,72,,
2014/06/27,21,19,,,1,18,,
2014/06/27,22,4,,,1,3,,
2014/06/27,23,4,,,1,3,,
2014/06/27,24,4,,,1,3,,
2014/06/28,01,4,,,1,3,,
2014/06/28,02,3,,,0,3,,
2014/06/28,03,4,,,1,3,,
2014/06/28,04,5,,,1,3,,
2014/06/28,05,4,,,1,3,,
2014/06/28,06,3,,,0,3,,
2014/06/28,07,3,,,1,2,,
2014/06/28,08,4,,,1,2,,
2014/06/28,09,10,,,0,10,,
2014/06/28,10,30,,,2,28,,
2014/06/28,11,61,,,0,61,,
2014/06/28,12,71,,,11,60,,
2014/06/28,13,76,,,15,61,,
2014/06/28,14,81,,,20,61,,
2014/06/28,15,81,,,20,61,,
2014/06/28,16,80,,,19,61,,
2014/06/28,17,78,,,17,61,,
2014/06/28,18,77,,,15,62,,
2014/06/28,19,78,,,11,67,,
2014/06/28,20,84,,,11,73,,
2014/06/28,21,14,,,1,13,,
2014/06/28,22,4,,,1,3,,
2014/06/28,23,4,,,1,3,,
2014/06/28,24,5,,,2,3,,
2014/06/29,01,6,,,3,3,,
2014/06/29,02,6,,,3,3,,
2014/06/29,03,5,,,1,3,,
2014/06/29,04,4,,,1,3,,
2014/06/29,05,4,,,1,3,,
2014/06/29,06,3,,,1,2,,
2014/06/29,07,3,,,1,2,,
2014/06/29,08,4,,,1,2,,
2014/06/29,09,10,,,1,9,,
2014/06/29,10,31,,,1,30,,
2014/06/29,11,62,,,0,62,,
2014/06/29,12,70,,,10,60,,
2014/06/29,13,74,,,14,60,,
2014/06/29,14,76,,,15,61,,
2014/06/29,15,77,,,16,61,,
2014/06/29,16,74,,,13,61,,
2014/06/29,17,76,,,14,62,,
2014/06/29,18,73,,,12,61,,
2014/06/29,19,76,,,8,68,,
2014/06/29,20,77,,,5,72,,
2014/06/29,21,14,,,1,13,,
2014/06/29,22,4,,,1,3,,
2014/06/29,23,3,,,0,3,,
2014/06/29,24,6,,,2,3,,
2014/06/30,01,4,,,1,3,,
2014/06/30,02,3,,,0,3,,
2014/06/30,03,4,,,1,3,,
2014/06/30,04,4,,,1,3,,
2014/06/30,05,5,,,1,3,,
2014/06/30,06,3,,,0,3,,
2014/06/30,07,4,,,1,3,,
2014/06/30,08,3,,,1,2,,
2014/06/30,09,10,,,1,9,,
2014/06/30,10,26,,,0,26,,
2014/06/30,11,60,,,0,60,,
2014/06/30,12,60,,,0,60,,
2014/06/30,13,60,,,0,60,,
2014/06/30,14,61,,,0,61,,
2014/06/30,15,60,,,0,60,,
2014/06/30,16,61,,,1,60,,
2014/06/30,17,63,,,3,60,,
2014/06/30,18,67,,,2,65,,
2014/06/30,19,71,,,2,69,,
2014/06/30,20,72,,,0,72,,
2014/06/30,21,13,,,1,12,,
2014/06/30,22,4,,,1,3,,
2014/06/30,23,4,,,1,3,,
2014/06/30,24,4,,,1,3,,
2014/07/01,01,4,,,1,3,,
2014/07/01,02,4,,,1,3,,
2014/07/01,03,4,,,1,3,,
2014/07/01,04,4,,,1,3,,
2014/07/01,05,4,,,1,3,,
2014/07/01,06,3,,,1,2,,
2014/07/01,07,3,,,1,2,,
2014/07/01,08,3,,,1,2,,
2014/07/01,09,18,,,1,17,,
2014/07/01,10,26,,,0,26,,
2014/07/01,11,60,,,0,60,,
2014/07/01,12,65,,,4,61,,
2014/07/01,13,71,,,9,62,,
2014/07/01,14,74,,,12,62,,
2014/07/01,15,76,,,15,61,,
2014/07/01,16,76,,,15,61,,
2014/07/01,17,75,,,14,61,,
2014/07/01,18,76,,,12,64,,
2014/07/01,19,80,,,9,71,,
2014/07/01,20,74,,,1,73,,
2014/07/01,21,24,,,2,22,,
2014/07/01,22,4,,,1,3,,
2014/07/01,23,5,,,2,3,,
2014/07/01,24,6,,,2,3,,
2014/07/02,01,5,,,2,3,,
2014/07/02,02,5,,,2,3,,
2014/07/02,03,5,,,2,3,,
2014/07/02,04,4,,,1,3,,
2014/07/02,05,5,,,2,3,,
2014/07/02,06,5,,,2,3,,
2014/07/02,07,4,,,2,2,,
2014/07/02,08,5,,,2,2,,
2014/07/02,09,9,,,1,8,,
2014/07/02,10,30,,,1,29,,
2014/07/02,11,62,,,0,62,,
2014/07/02,12,62,,,0,62,,
2014/07/02,13,72,,,11,61,,
2014/07/02,14,73,,,11,62,,
2014/07/02,15,72,,,10,62,,
2014/07/02,16,75,,,13,62,,
2014/07/02,17,75,,,12,63,,
2014/07/02,18,72,,,10,62,,
2014/07/02,19,73,,,8,65,,
2014/07/02,20,72,,,0,72,,
2014/07/02,21,13,,,2,11,,
2014/07/02,22,5,,,2,3,,
2014/07/02,23,5,,,2,3,,
2014/07/02,24,5,,,2,3,,
2014/07/03,01,5,,,2,3,,
2014/07/03,02,5,,,2,3,,
2014/07/03,03,5,,,2,3,,
2014/07/03,04,5,,,2,3,,
2014/07/03,05,5,,,2,3,,
2014/07/03,06,5,,,2,3,,
2014/07/03,07,4,,,2,2,,
2014/07/03,08,4,,,2,2,,
2014/07/03,09,19,,,1,18,,
2014/07/03,10,28,,,1,27,,
2014/07/03,11,61,,,1,60,,
2014/07/03,12,62,,,0,62,,
2014/07/03,13,61,,,0,61,,
2014/07/03,14,61,,,0,61,,
2014/07/03,15,59,,,0,59,,
2014/07/03,16,66,,,5,61,,
2014/07/03,17,62,,,0,62,,
2014/07/03,18,64,,,3,61,,
2014/07/03,19,71,,,6,65,,
2014/07/03,20,76,,,3,73,,
2014/07/03,21,9,,,1,8,,
2014/07/03,22,4,,,1,3,,
2014/07/03,23,4,,,1,3,,
2014/07/03,24,5,,,1,3,,
2014/07/04,01,3,,,0,3,,
2014/07/04,02,4,,,1,3,,
2014/07/04,03,4,,,1,3,,
2014/07/04,04,4,,,1,3,,
2014/07/04,05,4,,,1,3,,
2014/07/04,06,4,,,1,3,,
2014/07/04,07,4,,,1,3,,
2014/07/04,08,3,,,0,3,,
2014/07/04,09,16,,,1,15,,
2014/07/04,10,27,,,0,27,,
2014/07/04,11,60,,,0,60,,
2014/07/04,12,61,,,0,61,,
2014/07/04,13,61,,,0,61,,
2014/07/04,14,61,,,0,61,,
2014/07/04,15,60,,,0,60,,
2014/07/04,16,60,,,0,60,,
2014/07/04,17,62,,,2,60,,
2014/07/04,18,67,,,3,64,,
2014/07/04,19,73,,,3,70,,
2014/07/04,20,75,,,2,73,,
2014/07/04,21,19,,,3,16,,
2014/07/04,22,7,,,4,3,,
2014/07/04,23,7,,,4,3,,
2014/07/04,24,8,,,4,3,,
2014/07/05,01,7,,,4,3,,
2014/07/05,02,7,,,4,3,,
2014/07/05,03,7,,,4,3,,
2014/07/05,04,7,,,4,3,,
2014/07/05,05,7,,,4,3,,
2014/07/05,06,7,,,4,3,,
2014/07/05,07,7,,,4,3,,
2014/07/05,08,7,,,4,2,,
2014/07/05,09,20,,,3,17,,
2014/07/05,10,29,,,1,28,,
2014/07/05,11,61,,,0,61,,
2014/07/05,12,60,,,0,60,,
2014/07/05,13,63,,,2,61,,
2014/07/05,14,63,,,3,60,,
2014/07/05,15,63,,,2,61,,
2014/07/05,16,67,,,6,61,,
2014/07/05,17,65,,,4,61,,
2014/07/05,18,64,,,4,60,,
2014/07/05,19,69,,,3,66,,
2014/07/05,20,71,,,0,71,,
2014/07/05,21,10,,,1,9,,
2014/07/05,22,4,,,1,3,,
2014/07/05,23,4,,,1,3,,
2014/07/05,24,4,,,1,3,,
2014/07/06,01,4,,,1,3,,
2014/07/06,02,4,,,1,3,,
2014/07/06,03,3,,,0,3,,
2014/07/06,04,4,,,1,3,,
2014/07/06,05,4,,,1,3,,
2014/07/06,06,3,,,1,2,,
2014/07/06,07,3,,,1,2,,
2014/07/06,08,4,,,1,3,,
2014/07/06,09,22,,,0,22,,
2014/07/06,10,27,,,0,27,,
2014/07/06,11,60,,,0,60,,
2014/07/06,12,61,,,0,61,,
2014/07/06,13,73,,,11,62,,
2014/07/06,14,74,,,13,61,,
2014/07/06,15,76,,,14,62,,
2014/07/06,16,72,,,10,62,,
2014/07/06,17,73,,,11,62,,
2014/07/06,18,70,,,9,61,,
2014/07/06,19,67,,,3,64,,
2014/07/06,20,75,,,3,72,,
2014/07/06,21,15,,,1,14,,
2014/07/06,22,4,,,1,3,,
2014/07/06,23,4,,,1,3,,
2014/07/06,24,4,,,1,3,,
2014/07/07,01,4,,,1,3,,
2014/07/07,02,4,,,1,3,,
2014/07/07,03,4,,,1,3,,
2014/07/07,04,4,,,1,3,,
2014/07/07,05,4,,,1,3,,
2014/07/07,06,3,,,0,3,,
2014/07/07,07,4,,,1,2,,
2014/07/07,08,3,,,1,2,,
2014/07/07,09,10,,,0,10,,
2014/07/07,10,27,,,0,27,,
2014/07/07,11,63,,,1,62,,
2014/07/07,12,64,,,3,61,,
2014/07/07,13,72,,,11,61,,
2014/07/07,14,73,,,11,62,,
2014/07/07,15,74,,,13,61,,
2014/07/07,16,75,,,14,61,,
2014/07/07,17,72,,,11,61,,
2014/07/07,18,71,,,11,60,,
2014/07/07,19,72,,,4,68,,
2014/07/07,20,77,,,4,73,,
2014/07/07,21,18,,,1,17,,
2014/07/07,22,4,,,1,3,,
2014/07/07,23,4,,,1,3,,
2014/07/07,24,4,,,1,3,,
2014/07/08,01,4,,,1,3,,
2014/07/08,02,4,,,1,3,,
2014/07/08,03,4,,,1,3,,
2014/07/08,04,4,,,1,3,,
2014/07/08,05,4,,,1,3,,
2014/07/08,06,3,,,1,2,,
2014/07/08,07,3,,,0,3,,
2014/07/08,08,3,,,1,2,,
2014/07/08,09,9,,,1,8,,
2014/07/08,10,28,,,1,27,,
2014/07/08,11,62,,,1,61,,
2014/07/08,12,67,,,7,60,,
2014/07/08,13,70,,,10,60,,
2014/07/08,14,73,,,13,60,,
2014/07/08,15,73,,,12,61,,
2014/07/08,16,73,,,13,60,,
2014/07/08,17,74,,,13,61,,
2014/07/08,18,72,,,12,60,,
2014/07/08,19,72,,,9,63,,
2014/07/08,20,76,,,4,72,,
2014/07/08,21,38,,,0,38,,
2014/07/08,22,4,,,1,3,,
2014/07/08,23,4,,,1,3,,
2014/07/08,24,5,,,1,3,,
2014/07/09,01,4,,,1,3,,
2014/07/09,02,4,,,1,3,,
2014/07/09,03,4,,,1,3,,
2014/07/09,04,4,,,1,3,,
2014/07/09,05,3,,,0,3,,
2014/07/09,06,4,,,1,2,,
2014/07/09,07,3,,,0,3,,
2014/07/09,08,3,,,1,2,,
2014/07/09,09,17,,,0,17,,
2014/07/09,10,29,,,0,29,,
2014/07/09,11,60,,,0,60,,
2014/07/09,12,60,,,0,60,,
2014/07/09,13,72,,,9,63,,
2014/07/09,14,69,,,7,62,,
2014/07/09,15,66,,,5,61,,
2014/07/09,16,65,,,4,61,,
2014/07/09,17,68,,,7,61,,
2014/07/09,18,67,,,6,61,,
2014/07/09,19,75,,,5,70,,
2014/07/09,20,74,,,1,73,,
2014/07/09,21,13,,,1,12,,
2014/07/09,22,4,,,1,3,,
2014/07/09,23,4,,,1,3,,
2014/07/09,24,3,,,0,3,,
2014/07/10,01,4,,,1,3,,
2014/07/10,02,4,,,1,3,,
2014/07/10,03,4,,,1,3,,
2014/07/10,04,4,,,1,3,,
2014/07/10,05,4,,,1,3,,
2014/07/10,06,4,,,1,3,,
2014/07/10,07,3,,,1,2,,
2014/07/10,08,3,,,1,2,,
2014/07/10,09,18,,,1,17,,
2014/07/10,10,26,,,0,26,,
2014/07/10,11,61,,,0,61,,
2014/07/10,12,62,,,0,62,,
2014/07/10,13,62,,,0,62,,
2014/07/10,14,62,,,0,62,,
2014/07/10,15,62,,,0,62,,
2014/07/10,16,62,,,0,62,,
2014/07/10,17,61,,,0,61,,
2014/07/10,18,64,,,0,64,,
2014/07/10,19,70,,,0,70,,
2014/07/10,20,72,,,0,72,,
2014/07/10,21,8,,,1,7,,
2014/07/10,22,3,,,0,3,,
2014/07/10,23,4,,,1,3,,
2014/07/10,24,4,,,1,3,,
2014/07/11,01,4,,,1,3,,
2014/07/11,02,4,,,1,3,,
2014/07/11,03,4,,,1,3,,
2014/07/11,04,4,,,1,3,,
2014/07/11,05,3,,,0,3,,
2014/07/11,06,4,,,1,2,,
2014/07/11,07,3,,,1,2,,
2014/07/11,08,3,,,1,2,,
2014/07/11,09,10,,,1,9,,
2014/07/11,10,27,,,0,27,,
2014/07/11,11,59,,,0,59,,
2014/07/11,12,58,,,0,58,,
2014/07/11,13,61,,,1,60,,
2014/07/11,14,65,,,5,60,,
2014/07/11,15,66,,,6,60,,
2014/07/11,16,61,,,1,60,,
2014/07/11,17,64,,,4,60,,
2014/07/11,18,74,,,6,68,,
2014/07/11,19,73,,,3,70,,
2014/07/11,20,72,,,1,71,,
2014/07/11,21,12,,,1,11,,
2014/07/11,22,4,,,1,3,,
2014/07/11,23,4,,,1,3,,
2014/07/11,24,4,,,1,3,,
2014/07/12,01,4,,,1,3,,
2014/07/12,02,3,,,0,3,,
2014/07/12,03,4,,,1,3,,
2014/07/12,04,4,,,1,3,,
2014/07/12,05,4,,,1,3,,
2014/07/12,06,3,,,1,2,,
2014/07/12,07,3,,,1,2,,
2014/07/12,08,4,,,1,2,,
2014/07/12,09,9,,,0,9,,
2014/07/12,10,28,,,2,26,,
2014/07/12,11,62,,,0,62,,
2014/07/12,12,73,,,12,61,,
2014/07/12,13,79,,,17,62,,
2014/07/12,14,84,,,22,62,,
2014/07/12,15,84,,,22,62,,
2014/07/12,16,81,,,18,63,,
2014/07/12,17,79,,,16,63,,
2014/07/12,18,75,,,13,62,,
2014/07/12,19,79,,,9,70,,
2014/07/12,20,74,,,1,73,,
2014/07/12,21,21,,,1,20,,
2014/07/12,22,5,,,1,4,,
2014/07/12,23,5,,,1,4,,
2014/07/12,24,5,,,1,4,,
2014/07/13,01,5,,,1,4,,
2014/07/13,02,5,,,1,4,,
2014/07/13,03,6,,,1,4,,
2014/07/13,04,5,,,1,4,,
2014/07/13,05,5,,,1,4,,
2014/07/13,06,4,,,0,4,,
2014/07/13,07,5,,,1,4,,
2014/07/13,08,4,,,0,4,,
2014/07/13,09,22,,,1,21,,
2014/07/13,10,32,,,2,30,,
2014/07/13,11,66,,,4,62,,
2014/07/13,12,76,,,15,61,,
2014/07/13,13,79,,,17,62,,
2014/07/13,14,81,,,19,62,,
2014/07/13,15,84,,,22,62,,
2014/07/13,16,80,,,18,62,,
2014/07/13,17,83,,,21,62,,
2014/07/13,18,82,,,18,64,,
2014/07/13,19,85,,,14,71,,
2014/07/13,20,76,,,3,73,,
2014/07/13,21,10,,,1,9,,
2014/07/13,22,4,,,1,3,,
2014/07/13,23,5,,,1,3,,
2014/07/13,24,4,,,1,3,,
2014/07/14,01,4,,,1,3,,
2014/07/14,02,3,,,0,3,,
2014/07/14,03,5,,,1,3,,
2014/07/14,04,4,,,1,3,,
2014/07/14,05,3,,,0,3,,
2014/07/14,06,4,,,1,3,,
2014/07/14,07,3,,,0,3,,
2014/07/14,08,3,,,0,3,,
2014/07/14,09,9,,,1,8,,
2014/07/14,10,30,,,0,30,,
2014/07/14,11,61,,,0,61,,
2014/07/14,12,60,,,0,60,,
2014/07/14,13,71,,,10,61,,
2014/07/14,14,74,,,13,61,,
2014/07/14,15,81,,,20,61,,
2014/07/14,16,82,,,20,62,,
2014/07/14,17,81,,,19,62,,
2014/07/14,18,79,,,17,62,,
2014/07/14,19,83,,,17,66,,
2014/07/14,20,74,,,3,71,,
2014/07/14,21,16,,,1,15,,
2014/07/14,22,4,,,1,3,,
2014/07/14,23,4,,,1,3,,
2014/07/14,24,4,,,1,3,,
2014/07/15,01,4,,,1,3,,
2014/07/15,02,4,,,1,3,,
2014/07/15,03,4,,,1,3,,
2014/07/15,04,4,,,1,3,,
2014/07/15,05,4,,,1,3,,
2014/07/15,06,4,,,1,3,,
2014/07/15,07,3,,,0,3,,
2014/07/15,08,3,,,0,3,,
2014/07/15,09,19,,,1,18,,
2014/07/15,10,26,,,0,26,,
2014/07/15,11,66,,,6,60,,
2014/07/15,12,80,,,20,60,,
2014/07/15,13,88,,,28,60,,
2014/07/15,14,82,,,22,60,,
2014/07/15,15,79,,,19,60,,
2014/07/15,16,75,,,15,60,,
2014/07/15,17,79,,,18,61,,
2014/07/15,18,74,,,14,60,,
2014/07/15,19,76,,,10,66,,
2014/07/15,20,75,,,3,72,,
2014/07/15,21,12,,,0,12,,
2014/07/15,22,5,,,1,3,,
2014/07/15,23,4,,,0,4,,
2014/07/15,24,5,,,2,3,,
2014/07/16,01,6,,,2,3,,
2014/07/16,02,4,,,1,3,,
2014/07/16,03,4,,,0,4,,
2014/07/16,04,4,,,1,3,,
2014/07/16,05,4,,,1,3,,
2014/07/16,06,3,,,0,3,,
2014/07/16,07,4,,,1,3,,
2014/07/16,08,3,,,0,3,,
2014/07/16,09,11,,,1,10,,
2014/07/16,10,26,,,1,25,,
2014/07/16,11,69,,,8,61,,
2014/07/16,12,79,,,18,61,,
2014/07/16,13,80,,,18,62,,
2014/07/16,14,80,,,19,61,,
2014/07/16,15,82,,,21,61,,
2014/07/16,16,87,,,26,61,,
2014/07/16,17,80,,,19,61,,
2014/07/16,18,78,,,17,61,,
2014/07/16,19,83,,,13,70,,
2014/07/16,20,75,,,1,74,,
2014/07/16,21,21,,,1,19,,
2014/07/16,22,4,,,1,3,,
2014/07/16,23,4,,,0,4,,
2014/07/16,24,5,,,2,3,,
2014/07/17,01,5,,,1,3,,
2014/07/17,02,4,,,1,3,,
2014/07/17,03,4,,,0,4,,
2014/07/17,04,4,,,1,3,,
2014/07/17,05,4,,,1,3,,
2014/07/17,06,3,,,0,3,,
2014/07/17,07,4,,,1,3,,
2014/07/17,08,3,,,0,3,,
2014/07/17,09,10,,,1,9,,
2014/07/17,10,29,,,2,27,,
2014/07/17,11,69,,,8,61,,
2014/07/17,12,79,,,18,61,,
2014/07/17,13,79,,,17,62,,
2014/07/17,14,81,,,20,61,,
2014/07/17,15,81,,,19,62,,
2014/07/17,16,79,,,17,62,,
2014/07/17,17,75,,,13,62,,
2014/07/17,18,75,,,12,63,,
2014/07/17,19,82,,,11,71,,
2014/07/17,20,78,,,5,73,,
2014/07/17,21,11,,,1,10,,
2014/07/17,22,4,,,1,3,,
2014/07/17,23,5,,,1,3,,
2014/07/17,24,5,,,2,3,,
2014/07/18,01,4,,,1,3,,
2014/07/18,02,4,,,1,3,,
2014/07/18,03,4,,,1,3,,
2014/07/18,04,4,,,1,3,,
2014/07/18,05,5,,,1,3,,
2014/07/18,06,3,,,0,3,,
2014/07/18,07,3,,,0,3,,
2014/07/18,08,4,,,1,3,,
2014/07/18,09,15,,,1,14,,
2014/07/18,10,28,,,0,28,,
2014/07/18,11,60,,,0,60,,
2014/07/18,12,59,,,0,59,,
2014/07/18,13,73,,,12,61,,
2014/07/18,14,69,,,8,61,,
2014/07/18,15,71,,,10,61,,
2014/07/18,16,70,,,9,61,,
2014/07/18,17,70,,,9,61,,
2014/07/18,18,70,,,9,61,,
2014/07/18,19,77,,,5,72,,
2014/07/18,20,76,,,4,72,,
2014/07/18,21,13,,,0,13,,
2014/07/18,22,4,,,1,3,,
2014/07/18,23,4,,,1,3,,
2014/07/18,24,6,,,2,3,,
2014/07/19,01,4,,,1,3,,
2014/07/19,02,4,,,1,3,,
2014/07/19,03,4,,,0,4,,
2014/07/19,04,4,,,1,3,,
2014/07/19,05,4,,,1,3,,
2014/07/19,06,3,,,0,3,,
2014/07/19,07,4,,,1,3,,
2014/07/19,08,3,,,0,3,,
2014/07/19,09,22,,,1,21,,
2014/07/19,10,25,,,1,24,,
2014/07/19,11,60,,,0,60,,
2014/07/19,12,60,,,0,60,,
2014/07/19,13,72,,,10,62,,
2014/07/19,14,67,,,5,62,,
2014/07/19,15,69,,,8,61,,
2014/07/19,16,71,,,10,61,,
2014/07/19,17,71,,,9,62,,
2014/07/19,18,73,,,12,61,,
2014/07/19,19,77,,,8,69,,
2014/07/19,20,73,,,0,73,,
2014/07/19,21,13,,,1,12,,
2014/07/19,22,4,,,1,3,,
2014/07/19,23,4,,,1,3,,
2014/07/19,24,5,,,1,4,,
2014/07/20,01,5,,,1,3,,
2014/07/20,02,4,,,1,3,,
2014/07/20,03,4,,,0,4,,
2014/07/20,04,4,,,1,3,,
2014/07/20,05,4,,,1,3,,
2014/07/20,06,4,,,1,3,,
2014/07/20,07,3,,,0,3,,
2014/07/20,08,4,,,1,3,,
2014/07/20,09,17,,,1,16,,
2014/07/20,10,30,,,2,28,,
2014/07/20,11,63,,,2,61,,
2014/07/20,12,70,,,9,61,,
2014/07/20,13,74,,,12,62,,
2014/07/20,14,74,,,12,62,,
2014/07/20,15,74,,,13,61,,
2014/07/20,16,73,,,12,61,,
2014/07/20,17,73,,,11,62,,
2014/07/20,18,74,,,12,62,,
2014/07/20,19,80,,,10,70,,
2014/07/20,20,72,,,0,72,,
2014/07/20,21,12,,,1,11,,
2014/07/20,22,4,,,0,4,,
2014/07/20,23,5,,,1,4,,
2014/07/20,24,5,,,1,4,,
2014/07/21,01,4,,,0,4,,
2014/07/21,02,4,,,1,3,,
2014/07/21,03,5,,,1,4,,
2014/07/21,04,4,,,0,4,,
2014/07/21,05,4,,,1,3,,
2014/07/21,06,4,,,1,3,,
2014/07/21,07,3,,,0,3,,
2014/07/21,08,4,,,1,3,,
2014/07/21,09,19,,,1,18,,
2014/07/21,10,27,,,0,27,,
2014/07/21,11,61,,,0,61,,
2014/07/21,12,63,,,1,62,,
2014/07/21,13,64,,,2,62,,
2014/07/21,14,68,,,6,62,,
2014/07/21,15,70,,,8,62,,
2014/07/21,16,71,,,9,62,,
2014/07/21,17,69,,,7,62,,
2014/07/21,18,76,,,9,67,,
2014/07/21,19,75,,,2,73,,
2014/07/21,20,78,,,6,72,,
2014/07/21,21,9,,,1,8,,
2014/07/21,22,4,,,1,3,,
2014/07/21,23,4,,,1,3,,
2014/07/21,24,5,,,2,3,,
2014/07/22,01,4,,,1,3,,
2014/07/22,02,4,,,1,3,,
2014/07/22,03,4,,,0,4,,
2014/07/22,04,4,,,1,3,,
2014/07/22,05,5,,,1,3,,
2014/07/22,06,4,,,1,3,,
2014/07/22,07,3,,,0,3,,
2014/07/22,08,3,,,1,2,,
2014/07/22,09,11,,,1,10,,
2014/07/22,10,29,,,1,28,,
2014/07/22,11,65,,,3,62,,
2014/07/22,12,68,,,7,61,,
2014/07/22,13,71,,,9,62,,
2014/07/22,14,74,,,13,61,,
2014/07/22,15,76,,,15,61,,
2014/07/22,16,77,,,16,61,,
2014/07/22,17,70,,,7,63,,
2014/07/22,18,82,,,12,70,,
2014/07/22,19,84,,,11,73,,
2014/07/22,20,74,,,1,73,,
2014/07/22,21,31,,,1,30,,
2014/07/22,22,4,,,1,3,,
2014/07/22,23,4,,,1,3,,
2014/07/22,24,5,,,2,3,,
2014/07/23,01,4,,,1,3,,
2014/07/23,02,4,,,1,3,,
2014/07/23,03,4,,,0,4,,
2014/07/23,04,5,,,1,4,,
2014/07/23,05,4,,,0,4,,
2014/07/23,06,4,,,1,3,,
2014/07/23,07,4,,,1,3,,
2014/07/23,08,4,,,1,3,,
2014/07/23,09,15,,,0,15,,
2014/07/23,10,27,,,0,27,,
2014/07/23,11,62,,,0,62,,
2014/07/23,12,62,,,0,62,,
2014/07/23,13,67,,,4,63,,
2014/07/23,14,65,,,3,62,,
2014/07/23,15,70,,,8,62,,
2014/07/23,16,72,,,10,62,,
2014/07/23,17,70,,,9,61,,
2014/07/23,18,69,,,9,60,,
2014/07/23,19,76,,,5,71,,
2014/07/23,20,76,,,4,72,,
2014/07/23,21,10,,,1,9,,
2014/07/23,22,4,,,1,3,,
2014/07/23,23,5,,,1,3,,
2014/07/23,24,5,,,2,3,,
2014/07/24,01,4,,,1,3,,
2014/07/24,02,4,,,1,3,,
2014/07/24,03,4,,,0,4,,
2014/07/24,04,4,,,1,3,,
2014/07/24,05,5,,,1,3,,
2014/07/24,06,3,,,0,3,,
2014/07/24,07,4,,,1,3,,
2014/07/24,08,3,,,0,3,,
2014/07/24,09,18,,,1,17,,
2014/07/24,10,28,,,0,28,,
2014/07/24,11,79,,,16,63,,
2014/07/24,12,86,,,24,62,,
2014/07/24,13,79,,,18,61,,
2014/07/24,14,81,,,21,60,,
2014/07/24,15,80,,,20,60,,
2014/07/24,16,80,,,19,61,,
2014/07/24,17,78,,,17,61,,
2014/07/24,18,80,,,19,61,,
2014/07/24,19,83,,,15,68,,
2014/07/24,20,79,,,7,72,,
2014/07/24,21,15,,,1,14,,
2014/07/24,22,4,,,0,4,,
2014/07/24,23,4,,,0,4,,
2014/07/24,24,6,,,2,4,,
2014/07/25,01,4,,,0,4,,
2014/07/25,02,4,,,1,3,,
2014/07/25,03,4,,,0,4,,
2014/07/25,04,4,,,0,4,,
2014/07/25,05,5,,,1,4,,
2014/07/25,06,3,,,0,3,,
2014/07/25,07,4,,,1,3,,
2014/07/25,08,3,,,0,3,,
2014/07/25,09,10,,,0,10,,
2014/07/25,10,31,,,2,29,,
2014/07/25,11,78,,,18,60,,
2014/07/25,12,85,,,24,61,,
2014/07/25,13,85,,,24,61,,
2014/07/25,14,86,,,26,60,,
2014/07/25,15,83,,,22,61,,
2014/07/25,16,84,,,22,62,,
2014/07/25,17,78,,,17,61,,
2014/07/25,18,77,,,16,61,,
2014/07/25,19,83,,,17,66,,
2014/07/25,20,82,,,9,73,,
2014/07/25,21,24,,,1,23,,
2014/07/25,22,4,,,0,4,,
2014/07/25,23,4,,,0,4,,
2014/07/25,24,5,,,1,4,,
2014/07/26,01,4,,,0,4,,
2014/07/26,02,4,,,1,3,,
2014/07/26,03,4,,,0,4,,
2014/07/26,04,5,,,1,4,,
2014/07/26,05,4,,,0,4,,
2014/07/26,06,4,,,1,3,,
2014/07/26,07,3,,,0,3,,
2014/07/26,08,4,,,1,3,,
2014/07/26,09,8,,,1,7,,
2014/07/26,10,28,,,2,26,,
2014/07/26,11,73,,,11,62,,
2014/07/26,12,78,,,15,63,,
2014/07/26,13,75,,,12,63,,
2014/07/26,14,79,,,16,63,,
2014/07/26,15,75,,,12,63,,
2014/07/26,16,73,,,10,63,,
2014/07/26,17,76,,,12,64,,
2014/07/26,18,82,,,10,72,,
2014/07/26,19,86,,,11,75,,
2014/07/26,20,77,,,3,74,,
2014/07/26,21,33,,,0,33,,
2014/07/26,22,23,,,0,23,,
2014/07/26,23,24,,,0,24,,
2014/07/26,24,24,,,0,24,,
2014/07/27,01,23,,,0,23,,
2014/07/27,02,4,,,1,3,,
2014/07/27,03,4,,,0,4,,
2014/07/27,04,4,,,0,4,,
2014/07/27,05,5,,,1,4,,
2014/07/27,06,4,,,1,3,,
2014/07/27,07,4,,,1,3,,
2014/07/27,08,4,,,1,3,,
2014/07/27,09,17,,,1,16,,
2014/07/27,10,30,,,2,28,,
2014/07/27,11,64,,,1,63,,
2014/07/27,12,63,,,0,63,,
2014/07/27,13,67,,,5,62,,
2014/07/27,14,71,,,8,63,,
2014/07/27,15,67,,,4,63,,
2014/07/27,16,69,,,5,64,,
2014/07/27,17,68,,,5,63,,
2014/07/27,18,75,,,7,68,,
2014/07/27,19,80,,,6,74,,
2014/07/27,20,74,,,1,73,,
2014/07/27,21,11,,,1,10,,
2014/07/27,22,4,,,1,3,,
2014/07/27,23,4,,,1,3,,
2014/07/27,24,4,,,1,3,,
2014/07/28,01,4,,,1,3,,
2014/07/28,02,4,,,1,3,,
2014/07/28,03,4,,,1,3,,
2014/07/28,04,5,,,1,3,,
2014/07/28,05,4,,,1,3,,
2014/07/28,06,4,,,1,3,,
2014/07/28,07,3,,,1,2,,
2014/07/28,08,3,,,0,3,,
2014/07/28,09,20,,,1,18,,
2014/07/28,10,27,,,1,26,,
2014/07/28,11,65,,,1,64,,
2014/07/28,12,71,,,8,63,,
2014/07/28,13,75,,,11,64,,
2014/07/28,14,75,,,12,63,,
2014/07/28,15,77,,,14,63,,
2014/07/28,16,76,,,13,63,,
2014/07/28,17,90,,,26,64,,
2014/07/28,18,83,,,19,64,,
2014/07/28,19,80,,,13,67,,
2014/07/28,20,80,,,11,69,,
2014/07/28,21,19,,,1,18,,
2014/07/28,22,4,,,1,3,,
2014/07/28,23,4,,,0,4,,
2014/07/28,24,4,,,0,4,,
2014/07/29,01,5,,,1,3,,
2014/07/29,02,4,,,1,3,,
2014/07/29,03,4,,,0,4,,
2014/07/29,04,4,,,1,3,,
2014/07/29,05,4,,,1,3,,
2014/07/29,06,4,,,1,3,,
2014/07/29,07,3,,,0,3,,
2014/07/29,08,4,,,1,2,,
2014/07/29,09,12,,,1,11,,
2014/07/29,10,29,,,1,28,,
2014/07/29,11,62,,,1,61,,
2014/07/29,12,73,,,13,60,,
2014/07/29,13,81,,,20,61,,
2014/07/29,14,86,,,26,60,,
2014/07/29,15,86,,,26,60,,
2014/07/29,16,91,,,31,60,,
2014/07/29,17,89,,,28,61,,
2014/07/29,18,85,,,25,60,,
2014/07/29,19,87,,,21,66,,
2014/07/29,20,85,,,13,72,,
2014/07/29,21,10,,,0,10,,
2014/07/29,22,5,,,1,4,,
2014/07/29,23,4,,,0,4,,
2014/07/29,24,6,,,2,4,,
2014/07/30,01,6,,,2,4,,
2014/07/30,02,4,,,0,4,,
2014/07/30,03,4,,,0,4,,
2014/07/30,04,5,,,1,4,,
2014/07/30,05,4,,,0,4,,
2014/07/30,06,4,,,1,3,,
2014/07/30,07,4,,,1,3,,
2014/07/30,08,4,,,1,3,,
2014/07/30,09,20,,,2,18,,
2014/07/30,10,29,,,2,27,,
2014/07/30,11,77,,,17,60,,
2014/07/30,12,85,,,24,61,,
2014/07/30,13,88,,,27,61,,
2014/07/30,14,93,,,33,60,,
2014/07/30,15,92,,,32,60,,
2014/07/30,16,93,,,32,61,,
2014/07/30,17,93,,,32,61,,
2014/07/30,18,91,,,30,61,,
2014/07/30,19,93,,,26,67,,
2014/07/30,20,76,,,4,72,,
2014/07/30,21,10,,,1,9,,
2014/07/30,22,4,,,0,4,,
2014/07/30,23,5,,,1,4,,
2014/07/30,24,6,,,2,4,,
2014/07/31,01,6,,,2,4,,
2014/07/31,02,4,,,1,3,,
2014/07/31,03,5,,,1,4,,
2014/07/31,04,4,,,1,3,,
2014/07/31,05,4,,,0,4,,
2014/07/31,06,4,,,1,3,,
2014/07/31,07,4,,,1,3,,
2014/07/31,08,3,,,0,3,,
2014/07/31,09,20,,,3,17,,
2014/07/31,10,32,,,4,28,,
2014/07/31,11,80,,,19,61,,
2014/07/31,12,90,,,29,61,,
2014/07/31,13,94,,,33,61,,
2014/07/31,14,98,,,38,60,,
2014/07/31,15,96,,,35,61,,
2014/07/31,16,91,,,30,61,,
2014/07/31,17,87,,,26,61,,
2014/07/31,18,85,,,23,62,,
2014/07/31,19,91,,,21,70,,
2014/07/31,20,76,,,4,72,,
2014/07/31,21,29,,,1,28,,
2014/07/31,22,4,,,0,4,,
2014/07/31,23,5,,,1,4,,
2014/07/31,24,5,,,2,3,,
2014/08/01,01,7,,,3,4,,
2014/08/01,02,4,,,1,3,,
2014/08/01,03,4,,,0,4,,
2014/08/01,04,5,,,1,4,,
2014/08/01,05,4,,,0,4,,
2014/08/01,06,4,,,1,3,,
2014/08/01,07,3,,,0,3,,
2014/08/01,08,4,,,1,3,,
2014/08/01,09,36,,,1,35,,
2014/08/01,10,64,,,16,48,,
2014/08/01,11,88,,,26,62,,
2014/08/01,12,89,,,26,63,,
2014/08/01,13,94,,,30,64,,
2014/08/01,14,96,,,33,63,,
2014/08/01,15,95,,,31,64,,
2014/08/01,16,98,,,34,64,,
2014/08/01,17,96,,,33,63,,
2014/08/01,18,94,,,31,63,,
2014/08/01,19,88,,,22,66,,
2014/08/01,20,76,,,4,72,,
2014/08/01,21,59,,,4,55,,
2014/08/01,22,4,,,1,3,,
2014/08/01,23,5,,,1,4,,
2014/08/01,24,5,,,1,4,,
2014/08/02,01,6,,,2,4,,
2014/08/02,02,4,,,1,3,,
2014/08/02,03,5,,,1,4,,
2014/08/02,04,4,,,1,3,,
2014/08/02,05,4,,,0,4,,
2014/08/02,06,4,,,1,3,,
2014/08/02,07,4,,,1,3,,
2014/08/02,08,3,,,0,3,,
2014/08/02,09,21,,,4,17,,
2014/08/02,10,29,,,5,24,,
2014/08/02,11,81,,,20,61,,
2014/08/02,12,91,,,30,61,,
2014/08/02,13,96,,,34,62,,
2014/08/02,14,111,,,50,61,,
2014/08/02,15,101,,,39,62,,
2014/08/02,16,107,,,46,61,,
2014/08/02,17,97,,,35,62,,
2014/08/02,18,90,,,28,62,,
2014/08/02,19,92,,,23,69,,
2014/08/02,20,81,,,8,73,,
2014/08/02,21,15,,,2,13,,
2014/08/02,22,5,,,1,4,,
2014/08/02,23,4,,,1,3,,
2014/08/02,24,6,,,2,4,,
2014/08/03,01,6,,,2,4,,
2014/08/03,02,6,,,2,3,,
2014/08/03,03,4,,,0,4,,
2014/08/03,04,4,,,1,3,,
2014/08/03,05,5,,,1,4,,
2014/08/03,06,4,,,1,3,,
2014/08/03,07,4,,,1,3,,
2014/08/03,08,3,,,0,3,,
2014/08/03,09,14,,,4,10,,
2014/08/03,10,39,,,10,29,,
2014/08/03,11,70,,,8,62,,
2014/08/03,12,75,,,13,62,,
2014/08/03,13,78,,,16,62,,
2014/08/03,14,78,,,17,61,,
2014/08/03,15,81,,,20,61,,
2014/08/03,16,84,,,22,62,,
2014/08/03,17,84,,,23,61,,
2014/08/03,18,83,,,22,61,,
2014/08/03,19,89,,,20,69,,
2014/08/03,20,78,,,6,72,,
2014/08/03,21,14,,,0,14,,
2014/08/03,22,5,,,1,4,,
2014/08/03,23,4,,,0,4,,
2014/08/03,24,6,,,2,4,,
2014/08/04,01,6,,,2,4,,
2014/08/04,02,4,,,1,3,,
2014/08/04,03,5,,,1,4,,
2014/08/04,04,4,,,0,4,,
2014/08/04,05,5,,,1,4,,
2014/08/04,06,4,,,1,3,,
2014/08/04,07,4,,,1,3,,
2014/08/04,08,3,,,0,3,,
2014/08/04,09,11,,,2,9,,
2014/08/04,10,31,,,4,27,,
2014/08/04,11,78,,,17,61,,
2014/08/04,12,83,,,23,60,,
2014/08/04,13,89,,,28,61,,
2014/08/04,14,88,,,28,60,,
2014/08/04,15,93,,,32,61,,
2014/08/04,16,95,,,35,60,,
2014/08/04,17,93,,,32,61,,
2014/08/04,18,88,,,28,60,,
2014/08/04,19,93,,,24,69,,
2014/08/04,20,92,,,20,72,,
2014/08/04,21,30,,,5,25,,
2014/08/04,22,12,,,0,12,,
2014/08/04,23,5,,,1,4,,
2014/08/04,24,6,,,2,4,,
2014/08/05,01,6,,,2,4,,
2014/08/05,02,5,,,1,3,,
2014/08/05,03,4,,,0,4,,
2014/08/05,04,5,,,1,4,,
2014/08/05,05,4,,,0,4,,
2014/08/05,06,4,,,0,4,,
2014/08/05,07,4,,,1,3,,
2014/08/05,08,4,,,1,3,,
2014/08/05,09,24,,,4,20,,
2014/08/05,10,28,,,4,24,,
2014/08/05,11,70,,,9,61,,
2014/08/05,12,71,,,10,61,,
2014/08/05,13,77,,,15,62,,
2014/08/05,14,77,,,16,61,,
2014/08/05,15,81,,,20,61,,
2014/08/05,16,79,,,18,61,,
2014/08/05,17,79,,,17,62,,
2014/08/05,18,78,,,17,61,,
2014/08/05,19,82,,,10,72,,
2014/08/05,20,81,,,9,72,,
2014/08/05,21,16,,,0,16,,
2014/08/05,22,4,,,0,4,,
2014/08/05,23,5,,,1,4,,
2014/08/05,24,6,,,2,4,,
2014/08/06,01,6,,,2,4,,
2014/08/06,02,5,,,1,3,,
2014/08/06,03,5,,,1,4,,
2014/08/06,04,4,,,0,4,,
2014/08/06,05,4,,,0,4,,
2014/08/06,06,4,,,1,3,,
2014/08/06,07,4,,,1,3,,
2014/08/06,08,4,,,1,3,,
2014/08/06,09,20,,,3,17,,
2014/08/06,10,32,,,5,27,,
2014/08/06,11,74,,,13,61,,
2014/08/06,12,76,,,14,62,,
2014/08/06,13,74,,,12,62,,
2014/08/06,14,79,,,18,61,,
2014/08/06,15,82,,,21,61,,
2014/08/06,16,83,,,22,61,,
2014/08/06,17,81,,,19,62,,
2014/08/06,18,81,,,18,63,,
2014/08/06,19,89,,,17,72,,
2014/08/06,20,87,,,14,73,,
2014/08/06,21,11,,,1,10,,
2014/08/06,22,4,,,1,3,,
2014/08/06,23,4,,,0,4,,
2014/08/06,24,6,,,2,4,,
2014/08/07,01,7,,,3,4,,
2014/08/07,02,4,,,1,3,,
2014/08/07,03,4,,,0,4,,
2014/08/07,04,5,,,1,4,,
2014/08/07,05,4,,,0,4,,
2014/08/07,06,4,,,0,4,,
2014/08/07,07,4,,,1,3,,
2014/08/07,08,4,,,1,3,,
2014/08/07,09,15,,,2,13,,
2014/08/07,10,29,,,3,26,,
2014/08/07,11,64,,,2,62,,
2014/08/07,12,83,,,20,63,,
2014/08/07,13,78,,,15,63,,
2014/08/07,14,79,,,16,63,,
2014/08/07,15,77,,,15,62,,
2014/08/07,16,77,,,15,62,,
2014/08/07,17,79,,,16,63,,
2014/08/07,18,82,,,19,63,,
2014/08/07,19,91,,,18,73,,
2014/08/07,20,85,,,12,73,,
2014/08/07,21,25,,,1,24,,
2014/08/07,22,4,,,1,3,,
2014/08/07,23,5,,,1,3,,
2014/08/07,24,6,,,2,4,,
2014/08/08,01,6,,,2,4,,
2014/08/08,02,4,,,1,3,,
2014/08/08,03,4,,,0,4,,
2014/08/08,04,4,,,0,4,,
2014/08/08,05,5,,,1,4,,
2014/08/08,06,4,,,0,4,,
2014/08/08,07,4,,,0,4,,
2014/08/08,08,5,,,0,5,,
2014/08/08,09,22,,,1,21,,
2014/08/08,10,30,,,2,28,,
2014/08/08,11,71,,,10,61,,
2014/08/08,12,76,,,14,62,,
2014/08/08,13,74,,,11,63,,
2014/08/08,14,78,,,15,63,,
2014/08/08,15,83,,,17,66,,
2014/08/08,16,84,,,19,65,,
2014/08/08,17,85,,,16,69,,
2014/08/08,18,88,,,17,71,,
2014/08/08,19,88,,,14,74,,
2014/08/08,20,80,,,4,76,,
2014/08/08,21,60,,,0,60,,
2014/08/08,22,21,,,0,21,,
2014/08/08,23,4,,,1,3,,
2014/08/08,24,6,,,2,4,,
2014/08/09,01,6,,,3,3,,
2014/08/09,02,7,,,3,3,,
2014/08/09,03,5,,,1,4,,
2014/08/09,04,4,,,0,4,,
2014/08/09,05,4,,,0,4,,
2014/08/09,06,4,,,1,3,,
2014/08/09,07,3,,,0,3,,
2014/08/09,08,4,,,1,3,,
2014/08/09,09,19,,,1,18,,
2014/08/09,10,28,,,4,24,,
2014/08/09,11,85,,,20,65,,
2014/08/09,12,97,,,32,65,,
2014/08/09,13,99,,,33,66,,
2014/08/09,14,94,,,29,65,,
2014/08/09,15,90,,,25,65,,
2014/08/09,16,90,,,25,65,,
2014/08/09,17,88,,,23,65,,
2014/08/09,18,90,,,26,64,,
2014/08/09,19,92,,,20,72,,
2014/08/09,20,78,,,5,73,,
2014/08/09,21,12,,,1,11,,
2014/08/09,22,4,,,1,3,,
2014/08/09,23,4,,,1,3,,
2014/08/09,24,6,,,2,3,,
2014/08/10,01,7,,,3,4,,
2014/08/10,02,6,,,3,3,,
2014/08/10,03,4,,,0,4,,
2014/08/10,04,5,,,1,4,,
2014/08/10,05,4,,,0,4,,
2014/08/10,06,4,,,1,3,,
2014/08/10,07,4,,,1,3,,
2014/08/10,08,3,,,0,3,,
2014/08/10,09,21,,,3,18,,
2014/08/10,10,29,,,3,26,,
2014/08/10,11,80,,,17,63,,
2014/08/10,12,85,,,22,63,,
2014/08/10,13,84,,,21,63,,
2014/08/10,14,80,,,18,62,,
2014/08/10,15,82,,,19,63,,
2014/08/10,16,82,,,19,63,,
2014/08/10,17,84,,,21,63,,
2014/08/10,18,81,,,15,66,,
2014/08/10,19,88,,,14,74,,
2014/08/10,20,76,,,2,74,,
2014/08/10,21,13,,,1,12,,
2014/08/10,22,4,,,1,3,,
2014/08/10,23,4,,,0,4,,
2014/08/10,24,6,,,2,4,,
2014/08/11,01,7,,,3,4,,
2014/08/11,02,6,,,3,3,,
2014/08/11,03,6,,,2,4,,
2014/08/11,04,4,,,0,4,,
2014/08/11,05,4,,,0,4,,
2014/08/11,06,5,,,1,3,,
2014/08/11,07,4,,,1,3,,
2014/08/11,08,4,,,1,3,,
2014/08/11,09,10,,,1,9,,
2014/08/11,10,27,,,2,25,,
2014/08/11,11,63,,,0,63,,
2014/08/11,12,70,,,8,62,,
2014/08/11,13,69,,,6,63,,
2014/08/11,14,78,,,16,62,,
2014/08/11,15,78,,,16,62,,
2014/08/11,16,78,,,16,62,,
2014/08/11,17,75,,,11,64,,
2014/08/11,18,79,,,9,70,,
2014/08/11,19,84,,,11,73,,
2014/08/11,20,87,,,14,73,,
2014/08/11,21,25,,,1,24,,
2014/08/11,22,4,,,1,3,,
2014/08/11,23,4,,,0,4,,
2014/08/11,24,6,,,2,3,,
2014/08/12,01,5,,,1,4,,
2014/08/12,02,4,,,1,3,,
2014/08/12,03,4,,,0,4,,
2014/08/12,04,4,,,0,4,,
2014/08/12,05,5,,,1,4,,
2014/08/12,06,3,,,0,3,,
2014/08/12,07,4,,,1,3,,
2014/08/12,08,3,,,0,3,,
2014/08/12,09,11,,,2,9,,
2014/08/12,10,33,,,4,29,,
2014/08/12,11,88,,,25,63,,
2014/08/12,12,90,,,28,62,,
2014/08/12,13,95,,,33,62,,
2014/08/12,14,90,,,28,62,,
2014/08/12,15,87,,,26,61,,
2014/08/12,16,83,,,22,61,,
2014/08/12,17,83,,,21,62,,
2014/08/12,18,83,,,20,63,,
2014/08/12,19,89,,,20,69,,
2014/08/12,20,82,,,10,72,,
2014/08/12,21,18,,,1,17,,
2014/08/12,22,4,,,1,3,,
2014/08/12,23,4,,,1,3,,
2014/08/12,24,6,,,2,3,,
2014/08/13,01,6,,,3,3,,
2014/08/13,02,6,,,3,3,,
2014/08/13,03,5,,,1,4,,
2014/08/13,04,4,,,1,3,,
2014/08/13,05,5,,,1,4,,
2014/08/13,06,4,,,1,3,,
2014/08/13,07,3,,,0,3,,
2014/08/13,08,4,,,1,3,,
2014/08/13,09,19,,,2,17,,
2014/08/13,10,31,,,4,27,,
2014/08/13,11,79,,,17,62,,
2014/08/13,12,89,,,26,63,,
2014/08/13,13,89,,,26,63,,
2014/08/13,14,87,,,24,63,,
2014/08/13,15,84,,,20,64,,
2014/08/13,16,83,,,20,63,,
2014/08/13,17,87,,,24,63,,
2014/08/13,18,89,,,26,63,,
2014/08/13,19,88,,,17,71,,
2014/08/13,20,79,,,5,74,,
2014/08/13,21,16,,,1,15,,
2014/08/13,22,4,,,1,3,,
2014/08/13,23,4,,,0,4,,
2014/08/13,24,6,,,2,4,,
2014/08/14,01,7,,,3,3,,
2014/08/14,02,6,,,3,3,,
2014/08/14,03,6,,,2,4,,
2014/08/14,04,4,,,0,4,,
2014/08/14,05,5,,,1,4,,
2014/08/14,06,3,,,0,3,,
2014/08/14,07,4,,,1,3,,
2014/08/14,08,3,,,0,3,,
2014/08/14,09,22,,,3,19,,
2014/08/14,10,30,,,4,26,,
2014/08/14,11,81,,,18,63,,
2014/08/14,12,87,,,24,63,,
2014/08/14,13,80,,,17,63,,
2014/08/14,14,77,,,14,63,,
2014/08/14,15,76,,,13,63,,
2014/08/14,16,76,,,13,63,,
2014/08/14,17,80,,,17,63,,
2014/08/14,18,80,,,16,64,,
2014/08/14,19,86,,,14,72,,
2014/08/14,20,75,,,2,73,,
2014/08/14,21,29,,,1,28,,
2014/08/14,22,4,,,1,3,,
2014/08/14,23,4,,,0,4,,
2014/08/14,24,6,,,2,3,,
2014/08/15,01,6,,,3,3,,
2014/08/15,02,7,,,3,3,,
2014/08/15,03,5,,,1,4,,
2014/08/15,04,4,,,1,3,,
2014/08/15,05,4,,,0,4,,
2014/08/15,06,4,,,1,3,,
2014/08/15,07,3,,,0,3,,
2014/08/15,08,5,,,1,4,,
2014/08/15,09,23,,,2,21,,
2014/08/15,10,29,,,3,26,,
2014/08/15,11,82,,,18,64,,
2014/08/15,12,85,,,21,64,,
2014/08/15,13,84,,,19,65,,
2014/08/15,14,81,,,16,65,,
2014/08/15,15,80,,,15,65,,
2014/08/15,16,80,,,16,64,,
2014/08/15,17,90,,,21,69,,
2014/08/15,18,78,,,10,68,,
2014/08/15,19,89,,,16,73,,
2014/08/15,20,77,,,4,73,,
2014/08/15,21,9,,,1,8,,
2014/08/15,22,4,,,1,3,,
2014/08/15,23,5,,,1,4,,
2014/08/15,24,5,,,2,3,,
2014/08/16,01,7,,,3,4,,
2014/08/16,02,6,,,3,3,,
2014/08/16,03,6,,,2,4,,
2014/08/16,04,4,,,0,4,,
2014/08/16,05,4,,,1,3,,
2014/08/16,06,4,,,1,3,,
2014/08/16,07,3,,,0,3,,
2014/08/16,08,4,,,1,3,,
2014/08/16,09,18,,,2,16,,
2014/08/16,10,26,,,0,26,,
2014/08/16,11,67,,,2,65,,
2014/08/16,12,78,,,12,66,,
2014/08/16,13,83,,,15,68,,
2014/08/16,14,83,,,16,67,,
2014/08/16,15,84,,,16,68,,
2014/08/16,16,80,,,12,68,,
2014/08/16,17,85,,,13,72,,
2014/08/16,18,88,,,17,71,,
2014/08/16,19,83,,,9,74,,
2014/08/16,20,81,,,7,74,,
2014/08/16,21,8,,,1,7,,
2014/08/16,22,5,,,1,3,,
2014/08/16,23,4,,,1,3,,
2014/08/16,24,5,,,2,3,,
2014/08/17,01,4,,,1,3,,
2014/08/17,02,4,,,1,3,,
2014/08/17,03,5,,,1,3,,
2014/08/17,04,4,,,1,3,,
2014/08/17,05,4,,,1,3,,
2014/08/17,06,4,,,1,3,,
2014/08/17,07,4,,,1,3,,
2014/08/17,08,4,,,1,2,,
2014/08/17,09,11,,,1,10,,
2014/08/17,10,29,,,2,27,,
2014/08/17,11,68,,,5,63,,
2014/08/17,12,80,,,17,63,,
2014/08/17,13,87,,,23,64,,
2014/08/17,14,92,,,29,63,,
2014/08/17,15,93,,,30,63,,
2014/08/17,16,89,,,26,63,,
2014/08/17,17,85,,,22,63,,
2014/08/17,18,84,,,17,67,,
2014/08/17,19,88,,,14,74,,
2014/08/17,20,83,,,10,73,,
2014/08/17,21,13,,,1,12,,
2014/08/17,22,4,,,1,3,,
2014/08/17,23,4,,,1,3,,
2014/08/17,24,6,,,2,4,,
2014/08/18,01,6,,,2,4,,
2014/08/18,02,6,,,3,3,,
2014/08/18,03,6,,,2,4,,
2014/08/18,04,5,,,1,4,,
2014/08/18,05,4,,,1,3,,
2014/08/18,06,4,,,1,3,,
2014/08/18,07,3,,,0,3,,
2014/08/18,08,4,,,1,3,,
2014/08/18,09,23,,,2,21,,
2014/08/18,10,32,,,5,27,,
2014/08/18,11,82,,,19,63,,
2014/08/18,12,87,,,25,62,,
2014/08/18,13,91,,,28,63,,
2014/08/18,14,88,,,26,62,,
2014/08/18,15,91,,,29,62,,
2014/08/18,16,95,,,33,62,,
2014/08/18,17,90,,,28,62,,
2014/08/18,18,87,,,23,64,,
2014/08/18,19,89,,,17,72,,
2014/08/18,20,80,,,6,74,,
2014/08/18,21,16,,,2,14,,
2014/08/18,22,4,,,1,3,,
2014/08/18,23,4,,,0,4,,
2014/08/18,24,6,,,2,3,,
2014/08/19,01,6,,,2,4,,
2014/08/19,02,6,,,2,3,,
2014/08/19,03,4,,,0,4,,
2014/08/19,04,4,,,0,4,,
2014/08/19,05,5,,,1,4,,
2014/08/19,06,3,,,0,3,,
2014/08/19,07,4,,,1,3,,
2014/08/19,08,3,,,0,3,,
2014/08/19,09,11,,,2,9,,
2014/08/19,10,31,,,3,28,,
2014/08/19,11,70,,,8,62,,
2014/08/19,12,69,,,7,62,,
2014/08/19,13,78,,,15,63,,
2014/08/19,14,75,,,13,62,,
2014/08/19,15,77,,,14,63,,
2014/08/19,16,76,,,13,63,,
2014/08/19,17,69,,,6,63,,
2014/08/19,18,79,,,9,70,,
2014/08/19,19,81,,,8,73,,
2014/08/19,20,84,,,11,73,,
2014/08/19,21,32,,,4,28,,
2014/08/19,22,5,,,1,3,,
2014/08/19,23,4,,,1,3,,
2014/08/19,24,5,,,2,3,,
2014/08/20,01,7,,,3,3,,
2014/08/20,02,6,,,3,3,,
2014/08/20,03,4,,,0,4,,
2014/08/20,04,4,,,1,3,,
2014/08/20,05,5,,,1,3,,
2014/08/20,06,4,,,1,3,,
2014/08/20,07,4,,,1,3,,
2014/08/20,08,3,,,0,3,,
2014/08/20,09,22,,,4,18,,
2014/08/20,10,29,,,3,26,,
2014/08/20,11,67,,,5,62,,
2014/08/20,12,71,,,9,62,,
2014/08/20,13,79,,,16,63,,
2014/08/20,14,82,,,20,62,,
2014/08/20,15,74,,,11,63,,
2014/08/20,16,79,,,17,62,,
2014/08/20,17,78,,,16,62,,
2014/08/20,18,79,,,16,63,,
2014/08/20,19,87,,,13,74,,
2014/08/20,20,82,,,8,74,,
2014/08/20,21,25,,,0,25,,
2014/08/20,22,5,,,1,3,,
2014/08/20,23,4,,,0,4,,
2014/08/20,24,6,,,2,4,,
2014/08/21,01,6,,,2,4,,
2014/08/21,02,4,,,1,3,,
2014/08/21,03,4,,,0,4,,
2014/08/21,04,5,,,1,4,,
2014/08/21,05,4,,,0,4,,
2014/08/21,06,4,,,1,3,,
2014/08/21,07,4,,,1,3,,
2014/08/21,08,4,,,1,3,,
2014/08/21,09,26,,,5,21,,
2014/08/21,10,31,,,4,27,,
2014/08/21,11,70,,,6,64,,
2014/08/21,12,72,,,9,63,,
2014/08/21,13,79,,,16,63,,
2014/08/21,14,78,,,15,63,,
2014/08/21,15,79,,,16,63,,
2014/08/21,16,77,,,15,62,,
2014/08/21,17,78,,,15,63,,
2014/08/21,18,78,,,15,63,,
2014/08/21,19,84,,,12,72,,
2014/08/21,20,77,,,3,74,,
2014/08/21,21,12,,,1,10,,
2014/08/21,22,4,,,1,3,,
2014/08/21,23,4,,,0,4,,
2014/08/21,24,5,,,1,4,,
2014/08/22,01,4,,,0,4,,
2014/08/22,02,4,,,1,3,,
2014/08/22,03,5,,,1,4,,
2014/08/22,04,4,,,0,4,,
2014/08/22,05,4,,,0,4,,
2014/08/22,06,5,,,1,3,,
2014/08/22,07,3,,,0,3,,
2014/08/22,08,4,,,1,3,,
2014/08/22,09,12,,,1,11,,
2014/08/22,10,28,,,0,28,,
2014/08/22,11,64,,,1,63,,
2014/08/22,12,75,,,12,63,,
2014/08/22,13,80,,,16,64,,
2014/08/22,14,79,,,16,63,,
2014/08/22,15,81,,,17,64,,
2014/08/22,16,80,,,17,63,,
2014/08/22,17,76,,,13,63,,
2014/08/22,18,80,,,11,69,,
2014/08/22,19,85,,,10,75,,
2014/08/22,20,86,,,12,74,,
2014/08/22,21,21,,,1,20,,
2014/08/22,22,4,,,0,4,,
2014/08/22,23,5,,,1,4,,
2014/08/22,24,5,,,1,4,,
2014/08/23,01,4,,,0,4,,
2014/08/23,02,4,,,1,3,,
2014/08/23,03,5,,,1,4,,
2014/08/23,04,4,,,0,4,,
2014/08/23,05,4,,,0,4,,
2014/08/23,06,4,,,0,4,,
2014/08/23,07,4,,,1,3,,
2014/08/23,08,4,,,1,3,,
2014/08/23,09,19,,,1,18,,
2014/08/23,10,26,,,0,26,,
2014/08/23,11,71,,,1,70,,
2014/08/23,12,81,,,11,70,,
2014/08/23,13,76,,,5,71,,
2014/08/23,14,74,,,8,66,,
2014/08/23,15,79,,,16,63,,
2014/08/23,16,86,,,22,64,,
2014/08/23,17,84,,,19,65,,
2014/08/23,18,82,,,17,65,,
2014/08/23,19,92,,,18,74,,
2014/08/23,20,84,,,10,74,,
2014/08/23,21,15,,,0,15,,
2014/08/23,22,5,,,1,3,,
2014/08/23,23,4,,,0,4,,
2014/08/23,24,6,,,2,4,,
2014/08/24,01,4,,,0,4,,
2014/08/24,02,4,,,1,3,,
2014/08/24,03,4,,,0,4,,
2014/08/24,04,5,,,1,4,,
2014/08/24,05,4,,,0,4,,
2014/08/24,06,4,,,1,3,,
2014/08/24,07,4,,,1,3,,
2014/08/24,08,3,,,0,3,,
2014/08/24,09,20,,,3,17,,
2014/08/24,10,40,,,9,31,,
2014/08/24,11,94,,,32,62,,
2014/08/24,12,87,,,25,62,,
2014/08/24,13,89,,,26,63,,
2014/08/24,14,96,,,32,64,,
2014/08/24,15,90,,,19,71,,
2014/08/24,16,91,,,20,71,,
2014/08/24,17,86,,,16,70,,
2014/08/24,18,81,,,11,70,,
2014/08/24,19,84,,,11,73,,
2014/08/24,20,86,,,13,73,,
2014/08/24,21,17,,,1,15,,
2014/08/24,22,4,,,1,3,,
2014/08/24,23,4,,,0,4,,
2014/08/24,24,6,,,2,3,,
2014/08/25,01,6,,,3,3,,
2014/08/25,02,5,,,2,3,,
2014/08/25,03,5,,,1,4,,
2014/08/25,04,4,,,0,4,,
2014/08/25,05,4,,,0,4,,
2014/08/25,06,4,,,1,3,,
2014/08/25,07,5,,,1,4,,
2014/08/25,08,5,,,0,5,,
2014/08/25,09,23,,,1,22,,
2014/08/25,10,29,,,1,28,,
2014/08/25,11,62,,,0,62,,
2014/08/25,12,78,,,16,62,,
2014/08/25,13,73,,,10,63,,
2014/08/25,14,77,,,15,62,,
2014/08/25,15,77,,,15,62,,
2014/08/25,16,70,,,8,62,,
2014/08/25,17,80,,,18,62,,
2014/08/25,18,73,,,11,62,,
2014/08/25,19,83,,,12,71,,
2014/08/25,20,75,,,1,74,,
2014/08/25,21,15,,,1,14,,
2014/08/25,22,4,,,1,3,,
2014/08/25,23,4,,,0,4,,
2014/08/25,24,6,,,2,4,,
2014/08/26,01,5,,,1,4,,
2014/08/26,02,4,,,1,3,,
2014/08/26,03,5,,,1,4,,
2014/08/26,04,4,,,1,3,,
2014/08/26,05,4,,,1,3,,
2014/08/26,06,4,,,1,3,,
2014/08/26,07,4,,,1,3,,
2014/08/26,08,3,,,0,3,,
2014/08/26,09,10,,,1,9,,
2014/08/26,10,30,,,2,28,,
2014/08/26,11,65,,,2,63,,
2014/08/26,12,74,,,12,62,,
2014/08/26,13,76,,,14,62,,
2014/08/26,14,77,,,15,62,,
2014/08/26,15,80,,,18,62,,
2014/08/26,16,76,,,14,62,,
2014/08/26,17,75,,,13,62,,
2014/08/26,18,74,,,12,62,,
2014/08/26,19,83,,,11,72,,
2014/08/26,20,82,,,8,74,,
2014/08/26,21,38,,,0,38,,
2014/08/26,22,4,,,1,3,,
2014/08/26,23,4,,,1,3,,
2014/08/26,24,6,,,2,3,,
2014/08/27,01,6,,,2,4,,
2014/08/27,02,6,,,2,3,,
2014/08/27,03,4,,,0,4,,
2014/08/27,04,4,,,1,3,,
2014/08/27,05,4,,,1,3,,
2014/08/27,06,4,,,1,3,,
2014/08/27,07,4,,,1,3,,
2014/08/27,08,3,,,0,3,,
2014/08/27,09,20,,,2,18,,
2014/08/27,10,25,,,2,23,,
2014/08/27,11,63,,,1,62,,
2014/08/27,12,76,,,14,62,,
2014/08/27,13,77,,,15,62,,
2014/08/27,14,80,,,17,63,,
2014/08/27,15,81,,,18,63,,
2014/08/27,16,81,,,19,62,,
2014/08/27,17,81,,,19,62,,
2014/08/27,18,81,,,18,63,,
2014/08/27,19,87,,,16,71,,
2014/08/27,20,82,,,8,74,,
2014/08/27,21,13,,,1,12,,
2014/08/27,22,4,,,1,3,,
2014/08/27,23,4,,,0,4,,
2014/08/27,24,6,,,2,3,,
2014/08/28,01,6,,,3,3,,
2014/08/28,02,5,,,2,3,,
2014/08/28,03,4,,,0,4,,
2014/08/28,04,4,,,1,3,,
2014/08/28,05,5,,,1,3,,
2014/08/28,06,4,,,1,3,,
2014/08/28,07,3,,,0,3,,
2014/08/28,08,3,,,0,3,,
2014/08/28,09,16,,,1,15,,
2014/08/28,10,25,,,0,25,,
2014/08/28,11,64,,,0,64,,
2014/08/28,12,80,,,15,65,,
2014/08/28,13,77,,,12,65,,
2014/08/28,14,85,,,20,65,,
2014/08/28,15,86,,,22,64,,
2014/08/28,16,85,,,21,64,,
2014/08/28,17,85,,,21,64,,
2014/08/28,18,78,,,14,64,,
2014/08/28,19,87,,,15,72,,
2014/08/28,20,74,,,0,74,,
2014/08/28,21,25,,,0,25,,
2014/08/28,22,4,,,1,3,,
2014/08/28,23,4,,,1,3,,
2014/08/28,24,5,,,2,3,,
2014/08/29,01,5,,,1,4,,
2014/08/29,02,4,,,1,3,,
2014/08/29,03,4,,,1,3,,
2014/08/29,04,4,,,1,3,,
2014/08/29,05,4,,,1,3,,
2014/08/29,06,4,,,1,3,,
2014/08/29,07,3,,,0,3,,
2014/08/29,08,4,,,1,2,,
2014/08/29,09,9,,,1,8,,
2014/08/29,10,29,,,1,28,,
2014/08/29,11,65,,,3,62,,
2014/08/29,12,79,,,17,62,,
2014/08/29,13,82,,,19,63,,
2014/08/29,14,92,,,29,63,,
2014/08/29,15,92,,,29,63,,
2014/08/29,16,92,,,30,62,,
2014/08/29,17,87,,,24,63,,
2014/08/29,18,82,,,17,65,,
2014/08/29,19,86,,,13,73,,
2014/08/29,20,80,,,7,73,,
2014/08/29,21,11,,,1,10,,
2014/08/29,22,4,,,1,3,,
2014/08/29,23,4,,,1,3,,
2014/08/29,24,6,,,2,3,,
2014/08/30,01,6,,,3,3,,
2014/08/30,02,6,,,3,3,,
2014/08/30,03,4,,,1,3,,
2014/08/30,04,4,,,1,3,,
2014/08/30,05,4,,,1,3,,
2014/08/30,06,4,,,1,3,,
2014/08/30,07,4,,,1,3,,
2014/08/30,08,3,,,1,2,,
2014/08/30,09,18,,,1,17,,
2014/08/30,10,28,,,2,26,,
2014/08/30,11,67,,,4,63,,
2014/08/30,12,82,,,20,62,,
2014/08/30,13,85,,,23,62,,
2014/08/30,14,90,,,28,62,,
2014/08/30,15,90,,,28,62,,
2014/08/30,16,93,,,30,63,,
2014/08/30,17,88,,,26,62,,
2014/08/30,18,83,,,19,64,,
2014/08/30,19,87,,,13,74,,
2014/08/30,20,80,,,6,74,,
2014/08/30,21,14,,,0,14,,
2014/08/30,22,4,,,1,3,,
2014/08/30,23,4,,,1,3,,
2014/08/30,24,6,,,2,3,,
2014/08/31,01,6,,,3,3,,
2014/08/31,02,6,,,3,3,,
2014/08/31,03,5,,,1,4,,
2014/08/31,04,5,,,1,3,,
2014/08/31,05,4,,,0,4,,
2014/08/31,06,4,,,1,3,,
2014/08/31,07,3,,,1,2,,
2014/08/31,08,4,,,1,3,,
2014/08/31,09,11,,,1,10,,
2014/08/31,10,25,,,0,25,,
2014/08/31,11,62,,,0,62,,
2014/08/31,12,78,,,16,62,,
2014/08/31,13,83,,,19,64,,
2014/08/31,14,86,,,23,63,,
2014/08/31,15,86,,,23,63,,
2014/08/31,16,84,,,21,63,,
2014/08/31,17,77,,,14,63,,
2014/08/31,18,85,,,17,68,,
2014/08/31,19,87,,,13,74,,
2014/08/31,20,79,,,4,75,,
2014/08/31,21,23,,,1,22,,
2014/08/31,22,4,,,0,4,,
2014/08/31,23,4,,,0,4,,
2014/08/31,24,6,,,2,4,,
2014/09/01,01,5,,,1,4,,
2014/09/01,02,4,,,1,3,,
2014/09/01,03,4,,,0,4,,
2014/09/01,04,5,,,1,4,,
2014/09/01,05,4,,,0,4,,
2014/09/01,06,4,,,1,3,,
2014/09/01,07,4,,,1,3,,
2014/09/01,08,4,,,1,3,,
2014/09/01,09,10,,,1,9,,
2014/09/01,10,28,,,2,26,,
2014/09/01,11,67,,,5,62,,
2014/09/01,12,77,,,15,62,,
2014/09/01,13,85,,,23,62,,
2014/09/01,14,86,,,24,62,,
2014/09/01,15,98,,,36,62,,
2014/09/01,16,82,,,20,62,,
2014/09/01,17,82,,,21,61,,
2014/09/01,18,79,,,17,62,,
2014/09/01,19,88,,,15,73,,
2014/09/01,20,89,,,15,74,,
2014/09/01,21,17,,,1,16,,
2014/09/01,22,4,,,1,3,,
2014/09/01,23,4,,,1,3,,
2014/09/01,24,6,,,2,3,,
2014/09/02,01,6,,,2,4,,
2014/09/02,02,6,,,3,3,,
2014/09/02,03,5,,,1,4,,
2014/09/02,04,4,,,1,3,,
2014/09/02,05,4,,,0,4,,
2014/09/02,06,4,,,1,3,,
2014/09/02,07,4,,,1,3,,
2014/09/02,08,3,,,0,3,,
2014/09/02,09,18,,,1,17,,
2014/09/02,10,30,,,2,28,,
2014/09/02,11,63,,,1,62,,
2014/09/02,12,74,,,13,61,,
2014/09/02,13,77,,,15,62,,
2014/09/02,14,78,,,17,61,,
2014/09/02,15,75,,,13,62,,
2014/09/02,16,84,,,23,61,,
2014/09/02,17,80,,,18,62,,
2014/09/02,18,80,,,13,67,,
2014/09/02,19,83,,,10,73,,
2014/09/02,20,81,,,6,75,,
2014/09/02,21,15,,,0,15,,
2014/09/02,22,5,,,1,4,,
2014/09/02,23,4,,,0,4,,
2014/09/02,24,5,,,1,4,,
2014/09/03,01,5,,,1,4,,
2014/09/03,02,4,,,1,3,,
2014/09/03,03,4,,,0,4,,
2014/09/03,04,5,,,1,4,,
2014/09/03,05,4,,,0,4,,
2014/09/03,06,4,,,1,3,,
2014/09/03,07,3,,,0,3,,
2014/09/03,08,4,,,1,3,,
2014/09/03,09,15,,,0,15,,
2014/09/03,10,29,,,1,28,,
2014/09/03,11,68,,,6,62,,
2014/09/03,12,80,,,19,61,,
2014/09/03,13,78,,,16,62,,
2014/09/03,14,82,,,21,61,,
2014/09/03,15,83,,,22,61,,
2014/09/03,16,82,,,21,61,,
2014/09/03,17,80,,,18,62,,
2014/09/03,18,87,,,19,68,,
2014/09/03,19,86,,,14,72,,
2014/09/03,20,80,,,6,74,,
2014/09/03,21,11,,,0,11,,
2014/09/03,22,5,,,1,4,,
2014/09/03,23,4,,,0,4,,
2014/09/03,24,6,,,2,4,,
2014/09/04,01,4,,,0,4,,
2014/09/04,02,4,,,1,3,,
2014/09/04,03,4,,,0,4,,
2014/09/04,04,5,,,1,4,,
2014/09/04,05,4,,,0,4,,
2014/09/04,06,4,,,1,3,,
2014/09/04,07,4,,,1,3,,
2014/09/04,08,3,,,0,3,,
2014/09/04,09,15,,,1,14,,
2014/09/04,10,28,,,0,28,,
2014/09/04,11,62,,,0,62,,
2014/09/04,12,73,,,12,61,,
2014/09/04,13,76,,,14,62,,
2014/09/04,14,71,,,10,61,,
2014/09/04,15,73,,,12,61,,
2014/09/04,16,71,,,10,61,,
2014/09/04,17,82,,,14,68,,
2014/09/04,18,73,,,5,68,,
2014/09/04,19,84,,,11,73,,
2014/09/04,20,74,,,0,74,,
2014/09/04,21,16,,,0,16,,
2014/09/04,22,4,,,1,3,,
2014/09/04,23,5,,,1,4,,
2014/09/04,24,5,,,1,4,,
2014/09/05,01,4,,,0,4,,
2014/09/05,02,4,,,1,3,,
2014/09/05,03,5,,,1,4,,
2014/09/05,04,4,,,0,4,,
2014/09/05,05,4,,,0,4,,
2014/09/05,06,4,,,1,3,,
2014/09/05,07,5,,,1,3,,
2014/09/05,08,3,,,0,3,,
2014/09/05,09,16,,,0,16,,
2014/09/05,10,26,,,0,26,,
2014/09/05,11,61,,,0,61,,
2014/09/05,12,60,,,0,60,,
2014/09/05,13,60,,,0,60,,
2014/09/05,14,60,,,0,60,,
2014/09/05,15,79,,,18,61,,
2014/09/05,16,67,,,6,61,,
2014/09/05,17,78,,,10,68,,
2014/09/05,18,81,,,12,69,,
2014/09/05,19,82,,,10,72,,
2014/09/05,20,74,,,1,73,,
2014/09/05,21,12,,,1,11,,
2014/09/05,22,4,,,1,3,,
2014/09/05,23,4,,,1,3,,
2014/09/05,24,5,,,2,3,,
2014/09/06,01,4,,,1,3,,
2014/09/06,02,4,,,1,3,,
2014/09/06,03,4,,,1,3,,
2014/09/06,04,4,,,1,3,,
2014/09/06,05,4,,,1,3,,
2014/09/06,06,4,,,1,3,,
2014/09/06,07,4,,,1,3,,
2014/09/06,08,3,,,0,3,,
2014/09/06,09,18,,,2,16,,
2014/09/06,10,29,,,3,26,,
2014/09/06,11,78,,,16,62,,
2014/09/06,12,82,,,21,61,,
2014/09/06,13,83,,,21,62,,
2014/09/06,14,97,,,35,62,,
2014/09/06,15,89,,,27,62,,
2014/09/06,16,90,,,28,62,,
2014/09/06,17,80,,,19,61,,
2014/09/06,18,81,,,15,66,,
2014/09/06,19,90,,,18,72,,
2014/09/06,20,87,,,13,74,,
2014/09/06,21,11,,,1,10,,
2014/09/06,22,4,,,1,3,,
2014/09/06,23,4,,,1,3,,
2014/09/06,24,6,,,2,3,,
2014/09/07,01,6,,,3,3,,
2014/09/07,02,6,,,3,3,,
2014/09/07,03,6,,,2,3,,
2014/09/07,04,4,,,1,3,,
2014/09/07,05,4,,,1,3,,
2014/09/07,06,4,,,1,3,,
2014/09/07,07,3,,,0,3,,
2014/09/07,08,4,,,1,3,,
2014/09/07,09,18,,,1,17,,
2014/09/07,10,29,,,2,27,,
2014/09/07,11,78,,,18,60,,
2014/09/07,12,79,,,19,60,,
2014/09/07,13,76,,,15,61,,
2014/09/07,14,78,,,16,62,,
2014/09/07,15,87,,,25,62,,
2014/09/07,16,83,,,21,62,,
2014/09/07,17,82,,,16,66,,
2014/09/07,18,82,,,12,70,,
2014/09/07,19,85,,,12,73,,
2014/09/07,20,81,,,7,74,,
2014/09/07,21,51,,,2,49,,
2014/09/07,22,4,,,1,3,,
2014/09/07,23,4,,,1,3,,
2014/09/07,24,6,,,2,3,,
2014/09/08,01,6,,,3,3,,
2014/09/08,02,5,,,2,3,,
2014/09/08,03,5,,,1,3,,
2014/09/08,04,4,,,1,3,,
2014/09/08,05,4,,,0,4,,
2014/09/08,06,4,,,1,3,,
2014/09/08,07,3,,,0,3,,
2014/09/08,08,4,,,1,3,,
2014/09/08,09,10,,,1,9,,
2014/09/08,10,29,,,3,26,,
2014/09/08,11,73,,,11,62,,
2014/09/08,12,72,,,10,62,,
2014/09/08,13,74,,,12,62,,
2014/09/08,14,78,,,17,61,,
2014/09/08,15,80,,,19,61,,
2014/09/08,16,76,,,14,62,,
2014/09/08,17,75,,,13,62,,
2014/09/08,18,78,,,9,69,,
2014/09/08,19,79,,,7,72,,
2014/09/08,20,81,,,8,73,,
2014/09/08,21,23,,,0,23,,
2014/09/08,22,4,,,1,3,,
2014/09/08,23,4,,,1,3,,
2014/09/08,24,6,,,2,3,,
2014/09/09,01,6,,,3,3,,
2014/09/09,02,5,,,2,3,,
2014/09/09,03,4,,,0,4,,
2014/09/09,04,4,,,1,3,,
2014/09/09,05,5,,,1,3,,
2014/09/09,06,4,,,1,3,,
2014/09/09,07,3,,,0,3,,
2014/09/09,08,3,,,0,3,,
2014/09/09,09,18,,,1,17,,
2014/09/09,10,29,,,0,29,,
2014/09/09,11,61,,,0,61,,
2014/09/09,12,66,,,6,60,,
2014/09/09,13,75,,,14,61,,
2014/09/09,14,70,,,9,61,,
2014/09/09,15,73,,,12,61,,
2014/09/09,16,72,,,11,61,,
2014/09/09,17,70,,,9,61,,
2014/09/09,18,77,,,10,67,,
2014/09/09,19,76,,,4,72,,
2014/09/09,20,77,,,5,72,,
2014/09/09,21,13,,,1,12,,
2014/09/09,22,4,,,1,3,,
2014/09/09,23,4,,,1,3,,
2014/09/09,24,6,,,2,3,,
2014/09/10,01,4,,,1,3,,
2014/09/10,02,4,,,1,3,,
2014/09/10,03,4,,,1,3,,
2014/09/10,04,4,,,1,3,,
2014/09/10,05,5,,,1,3,,
2014/09/10,06,3,,,0,3,,
2014/09/10,07,4,,,1,3,,
2014/09/10,08,4,,,1,3,,
2014/09/10,09,17,,,0,17,,
2014/09/10,10,29,,,0,29,,
2014/09/10,11,63,,,1,62,,
2014/09/10,12,65,,,3,62,,
2014/09/10,13,72,,,10,62,,
2014/09/10,14,70,,,8,62,,
2014/09/10,15,67,,,4,63,,
2014/09/10,16,72,,,10,62,,
2014/09/10,17,72,,,2,70,,
2014/09/10,18,79,,,9,70,,
2014/09/10,19,79,,,6,73,,
2014/09/10,20,80,,,5,75,,
2014/09/10,21,60,,,7,53,,
2014/09/10,22,9,,,1,8,,
2014/09/10,23,4,,,1,3,,
2014/09/10,24,5,,,2,3,,
2014/09/11,01,4,,,1,3,,
2014/09/11,02,4,,,1,3,,
2014/09/11,03,5,,,1,4,,
2014/09/11,04,4,,,1,3,,
2014/09/11,05,4,,,1,3,,
2014/09/11,06,4,,,1,3,,
2014/09/11,07,4,,,1,3,,
2014/09/11,08,9,,,0,9,,
2014/09/11,09,27,,,0,27,,
2014/09/11,10,28,,,1,27,,
2014/09/11,11,28,,,0,28,,
2014/09/11,12,55,,,0,55,,
2014/09/11,13,72,,,10,62,,
2014/09/11,14,71,,,10,61,,
2014/09/11,15,67,,,6,61,,
2014/09/11,16,67,,,6,61,,
2014/09/11,17,79,,,11,68,,
2014/09/11,18,76,,,8,68,,
2014/09/11,19,75,,,3,72,,
2014/09/11,20,82,,,8,74,,
2014/09/11,21,13,,,1,12,,
2014/09/11,22,4,,,1,3,,
2014/09/11,23,4,,,0,4,,
2014/09/11,24,5,,,1,4,,
2014/09/12,01,4,,,1,3,,
2014/09/12,02,4,,,1,3,,
2014/09/12,03,5,,,1,4,,
2014/09/12,04,4,,,0,4,,
2014/09/12,05,5,,,1,3,,
2014/09/12,06,4,,,1,3,,
2014/09/12,07,4,,,0,4,,
2014/09/12,08,4,,,1,3,,
2014/09/12,09,9,,,0,9,,
2014/09/12,10,27,,,1,26,,
2014/09/12,11,61,,,0,61,,
2014/09/12,12,61,,,0,61,,
2014/09/12,13,62,,,2,60,,
2014/09/12,14,68,,,8,60,,
2014/09/12,15,65,,,5,60,,
2014/09/12,16,69,,,9,60,,
2014/09/12,17,67,,,2,65,,
2014/09/12,18,75,,,7,68,,
2014/09/12,19,76,,,5,71,,
2014/09/12,20,74,,,2,72,,
2014/09/12,21,14,,,0,14,,
2014/09/12,22,4,,,1,3,,
2014/09/12,23,4,,,1,3,,
2014/09/12,24,5,,,1,3,,
2014/09/13,01,4,,,1,3,,
2014/09/13,02,4,,,1,3,,
2014/09/13,03,4,,,0,4,,
2014/09/13,04,4,,,1,3,,
2014/09/13,05,4,,,1,3,,
2014/09/13,06,4,,,1,3,,
2014/09/13,07,4,,,1,3,,
2014/09/13,08,3,,,1,2,,
2014/09/13,09,21,,,1,20,,
2014/09/13,10,26,,,0,26,,
2014/09/13,11,60,,,0,60,,
2014/09/13,12,61,,,0,61,,
2014/09/13,13,61,,,0,61,,
2014/09/13,14,66,,,5,61,,
2014/09/13,15,69,,,7,62,,
2014/09/13,16,63,,,3,60,,
2014/09/13,17,68,,,4,64,,
2014/09/13,18,85,,,10,75,,
2014/09/13,19,87,,,4,83,,
2014/09/13,20,90,,,5,85,,
2014/09/13,21,13,,,0,13,,
2014/09/13,22,4,,,0,4,,
2014/09/13,23,5,,,1,4,,
2014/09/13,24,6,,,1,4,,
2014/09/14,01,5,,,1,4,,
2014/09/14,02,5,,,1,4,,
2014/09/14,03,6,,,1,5,,
2014/09/14,04,5,,,0,5,,
2014/09/14,05,6,,,1,5,,
2014/09/14,06,5,,,0,5,,
2014/09/14,07,5,,,1,4,,
2014/09/14,08,5,,,1,4,,
2014/09/14,09,25,,,0,25,,
2014/09/14,10,33,,,0,33,,
2014/09/14,11,71,,,0,71,,
2014/09/14,12,70,,,0,70,,
2014/09/14,13,72,,,0,72,,
2014/09/14,14,71,,,0,71,,
2014/09/14,15,71,,,0,71,,
2014/09/14,16,103,,,30,73,,
2014/09/14,17,84,,,8,76,,
2014/09/14,18,87,,,11,76,,
2014/09/14,19,93,,,13,80,,
2014/09/14,20,81,,,1,80,,
2014/09/14,21,18,,,1,17,,
2014/09/14,22,4,,,1,3,,
2014/09/14,23,4,,,1,3,,
2014/09/14,24,5,,,1,3,,
2014/09/15,01,4,,,1,3,,
2014/09/15,02,4,,,1,3,,
2014/09/15,03,4,,,0,4,,
2014/09/15,04,4,,,1,3,,
2014/09/15,05,4,,,1,3,,
2014/09/15,06,4,,,1,3,,
2014/09/15,07,4,,,1,3,,
2014/09/15,08,3,,,0,3,,
2014/09/15,09,9,,,1,8,,
2014/09/15,10,30,,,2,28,,
2014/09/15,11,73,,,1,72,,
2014/09/15,12,85,,,13,72,,
2014/09/15,13,87,,,14,73,,
2014/09/15,14,87,,,14,73,,
2014/09/15,15,86,,,13,73,,
2014/09/15,16,85,,,12,73,,
2014/09/15,17,84,,,11,73,,
2014/09/15,18,92,,,12,80,,
2014/09/15,19,95,,,11,84,,
2014/09/15,20,92,,,8,84,,
2014/09/15,21,11,,,0,11,,
2014/09/15,22,4,,,1,3,,
2014/09/15,23,4,,,1,3,,
2014/09/15,24,5,,,1,3,,
2014/09/16,01,4,,,1,3,,
2014/09/16,02,4,,,1,3,,
2014/09/16,03,4,,,1,3,,
2014/09/16,04,4,,,1,3,,
2014/09/16,05,4,,,1,3,,
2014/09/16,06,4,,,1,3,,
2014/09/16,07,4,,,1,3,,
2014/09/16,08,3,,,1,2,,
2014/09/16,09,20,,,0,20,,
2014/09/16,10,32,,,0,32,,
2014/09/16,11,70,,,0,70,,
2014/09/16,12,76,,,6,70,,
2014/09/16,13,90,,,19,71,,
2014/09/16,14,85,,,14,71,,
2014/09/16,15,89,,,18,71,,
2014/09/16,16,85,,,14,71,,
2014/09/16,17,90,,,14,76,,
2014/09/16,18,90,,,11,79,,
2014/09/16,19,93,,,10,83,,
2014/09/16,20,87,,,3,84,,
2014/09/16,21,33,,,1,32,,
2014/09/16,22,4,,,1,3,,
2014/09/16,23,4,,,1,3,,
2014/09/16,24,5,,,1,3,,
2014/09/17,01,4,,,1,3,,
2014/09/17,02,4,,,1,3,,
2014/09/17,03,4,,,0,4,,
2014/09/17,04,4,,,0,4,,
2014/09/17,05,4,,,1,3,,
2014/09/17,06,4,,,1,3,,
2014/09/17,07,4,,,1,3,,
2014/09/17,08,3,,,1,2,,
2014/09/17,09,21,,,0,21,,
2014/09/17,10,33,,,0,33,,
2014/09/17,11,70,,,0,70,,
2014/09/17,12,70,,,0,70,,
2014/09/17,13,69,,,0,69,,
2014/09/17,14,87,,,17,70,,
2014/09/17,15,90,,,19,71,,
2014/09/17,16,85,,,14,71,,
2014/09/17,17,84,,,12,72,,
2014/09/17,18,91,,,9,82,,
2014/09/17,19,93,,,9,84,,
2014/09/17,20,87,,,3,84,,
2014/09/17,21,18,,,1,17,,
2014/09/17,22,4,,,1,3,,
2014/09/17,23,4,,,1,3,,
2014/09/17,24,5,,,1,3,,
2014/09/18,01,4,,,1,3,,
2014/09/18,02,4,,,1,3,,
2014/09/18,03,4,,,1,3,,
2014/09/18,04,4,,,1,3,,
2014/09/18,05,4,,,1,3,,
2014/09/18,06,4,,,1,3,,
2014/09/18,07,4,,,1,3,,
2014/09/18,08,3,,,1,2,,
2014/09/18,09,21,,,0,21,,
2014/09/18,10,35,,,0,35,,
2014/09/18,11,71,,,0,71,,
2014/09/18,12,71,,,0,71,,
2014/09/18,13,72,,,1,71,,
2014/09/18,14,88,,,17,71,,
2014/09/18,15,85,,,14,71,,
2014/09/18,16,81,,,10,71,,
2014/09/18,17,87,,,9,78,,
2014/09/18,18,89,,,7,82,,
2014/09/18,19,88,,,4,84,,
2014/09/18,20,88,,,4,84,,
2014/09/18,21,11,,,1,10,,
2014/09/18,22,4,,,1,3,,
2014/09/18,23,4,,,1,3,,
2014/09/18,24,5,,,1,3,,
2014/09/19,01,4,,,1,3,,
2014/09/19,02,3,,,0,3,,
2014/09/19,03,5,,,1,4,,
2014/09/19,04,4,,,1,3,,
2014/09/19,05,4,,,1,3,,
2014/09/19,06,3,,,0,3,,
2014/09/19,07,4,,,1,3,,
2014/09/19,08,3,,,0,3,,
2014/09/19,09,20,,,1,19,,
2014/09/19,10,31,,,1,30,,
2014/09/19,11,72,,,0,72,,
2014/09/19,12,72,,,0,72,,
2014/09/19,13,81,,,9,72,,
2014/09/19,14,83,,,11,72,,
2014/09/19,15,81,,,9,72,,
2014/09/19,16,77,,,5,72,,
2014/09/19,17,81,,,8,73,,
2014/09/19,18,93,,,11,82,,
2014/09/19,19,88,,,3,85,,
2014/09/19,20,90,,,5,85,,
2014/09/19,21,19,,,1,18,,
2014/09/19,22,4,,,1,3,,
2014/09/19,23,4,,,1,3,,
2014/09/19,24,4,,,1,3,,
2014/09/20,01,4,,,1,3,,
2014/09/20,02,4,,,1,3,,
2014/09/20,03,4,,,0,4,,
2014/09/20,04,4,,,1,3,,
2014/09/20,05,4,,,1,3,,
2014/09/20,06,4,,,1,3,,
2014/09/20,07,3,,,0,3,,
2014/09/20,08,4,,,1,2,,
2014/09/20,09,19,,,0,19,,
2014/09/20,10,26,,,0,26,,
2014/09/20,11,69,,,0,69,,
2014/09/20,12,69,,,0,69,,
2014/09/20,13,70,,,0,70,,
2014/09/20,14,86,,,16,70,,
2014/09/20,15,83,,,12,71,,
2014/09/20,16,82,,,12,70,,
2014/09/20,17,80,,,9,71,,
2014/09/20,18,90,,,9,81,,
2014/09/20,19,92,,,8,84,,
2014/09/20,20,83,,,0,83,,
2014/09/20,21,18,,,1,17,,
2014/09/20,22,4,,,1,3,,
2014/09/20,23,4,,,1,3,,
2014/09/20,24,4,,,1,3,,
2014/09/21,01,4,,,1,3,,
2014/09/21,02,4,,,1,3,,
2014/09/21,03,4,,,1,3,,
2014/09/21,04,4,,,1,3,,
2014/09/21,05,4,,,1,3,,
2014/09/21,06,4,,,1,3,,
2014/09/21,07,3,,,0,3,,
2014/09/21,08,3,,,0,3,,
2014/09/21,09,23,,,1,22,,
2014/09/21,10,33,,,0,33,,
2014/09/21,11,73,,,0,73,,
2014/09/21,12,72,,,0,72,,
2014/09/21,13,80,,,7,73,,
2014/09/21,14,89,,,15,74,,
2014/09/21,15,96,,,22,74,,
2014/09/21,16,99,,,25,74,,
2014/09/21,17,92,,,17,75,,
2014/09/21,18,95,,,16,79,,
2014/09/21,19,95,,,10,85,,
2014/09/21,20,88,,,4,84,,
2014/09/21,21,14,,,1,13,,
2014/09/21,22,4,,,1,3,,
2014/09/21,23,4,,,1,3,,
2014/09/21,24,5,,,1,3,,
2014/09/22,01,4,,,1,3,,
2014/09/22,02,4,,,1,3,,
2014/09/22,03,4,,,1,3,,
2014/09/22,04,4,,,1,3,,
2014/09/22,05,4,,,1,3,,
2014/09/22,06,4,,,1,3,,
2014/09/22,07,3,,,0,3,,
2014/09/22,08,4,,,1,2,,
2014/09/22,09,19,,,0,19,,
2014/09/22,10,34,,,1,33,,
2014/09/22,11,70,,,0,70,,
2014/09/22,12,82,,,11,71,,
2014/09/22,13,85,,,13,72,,
2014/09/22,14,84,,,13,71,,
2014/09/22,15,81,,,9,72,,
2014/09/22,16,84,,,12,72,,
2014/09/22,17,85,,,8,77,,
2014/09/22,18,90,,,7,83,,
2014/09/22,19,93,,,8,85,,
2014/09/22,20,86,,,2,84,,
2014/09/22,21,13,,,1,12,,
2014/09/22,22,4,,,1,3,,
2014/09/22,23,4,,,1,3,,
2014/09/22,24,4,,,1,3,,
2014/09/23,01,4,,,1,3,,
2014/09/23,02,4,,,1,3,,
2014/09/23,03,4,,,1,3,,
2014/09/23,04,4,,,1,3,,
2014/09/23,05,4,,,1,3,,
2014/09/23,06,4,,,1,3,,
2014/09/23,07,4,,,1,3,,
2014/09/23,08,3,,,0,3,,
2014/09/23,09,23,,,0,23,,
2014/09/23,10,31,,,0,31,,
2014/09/23,11,72,,,0,72,,
2014/09/23,12,80,,,8,72,,
2014/09/23,13,85,,,12,73,,
2014/09/23,14,88,,,16,72,,
2014/09/23,15,88,,,15,73,,
2014/09/23,16,85,,,13,72,,
2014/09/23,17,83,,,11,72,,
2014/09/23,18,91,,,9,82,,
2014/09/23,19,92,,,8,84,,
2014/09/23,20,85,,,1,84,,
2014/09/23,21,14,,,0,14,,
2014/09/23,22,4,,,1,3,,
2014/09/23,23,4,,,1,3,,
2014/09/23,24,4,,,1,3,,
2014/09/24,01,5,,,1,3,,
2014/09/24,02,4,,,1,3,,
2014/09/24,03,4,,,1,3,,
2014/09/24,04,4,,,1,3,,
2014/09/24,05,4,,,1,3,,
2014/09/24,06,4,,,1,3,,
2014/09/24,07,3,,,0,3,,
2014/09/24,08,3,,,1,2,,
2014/09/24,09,21,,,2,19,,
2014/09/24,10,36,,,2,34,,
2014/09/24,11,75,,,2,73,,
2014/09/24,12,78,,,6,72,,
2014/09/24,13,90,,,18,72,,
2014/09/24,14,89,,,17,72,,
2014/09/24,15,94,,,22,72,,
2014/09/24,16,85,,,13,72,,
2014/09/24,17,90,,,18,72,,
2014/09/24,18,94,,,13,81,,
2014/09/24,19,95,,,11,84,,
2014/09/24,20,90,,,6,84,,
2014/09/24,21,38,,,0,38,,
2014/09/24,22,4,,,1,3,,
2014/09/24,23,4,,,1,3,,
2014/09/24,24,4,,,1,3,,
2014/09/25,01,4,,,1,3,,
2014/09/25,02,4,,,1,3,,
2014/09/25,03,4,,,0,4,,
2014/09/25,04,4,,,1,3,,
2014/09/25,05,4,,,1,3,,
2014/09/25,06,4,,,1,3,,
2014/09/25,07,5,,,1,3,,
2014/09/25,08,3,,,0,3,,
2014/09/25,09,21,,,0,21,,
2014/09/25,10,33,,,0,33,,
2014/09/25,11,75,,,0,75,,
2014/09/25,12,74,,,0,74,,
2014/09/25,13,74,,,0,74,,
2014/09/25,14,78,,,3,75,,
2014/09/25,15,91,,,15,76,,
2014/09/25,16,86,,,7,79,,
2014/09/25,17,88,,,6,82,,
2014/09/25,18,90,,,5,85,,
2014/09/25,19,92,,,6,86,,
2014/09/25,20,89,,,3,86,,
2014/09/25,21,67,,,0,67,,
2014/09/25,22,66,,,0,66,,
2014/09/25,23,65,,,0,65,,
2014/09/25,24,64,,,0,64,,
2014/09/26,01,65,,,1,64,,
2014/09/26,02,31,,,0,31,,
2014/09/26,03,9,,,1,8,,
2014/09/26,04,9,,,1,8,,
2014/09/26,05,9,,,1,7,,
2014/09/26,06,9,,,1,7,,
2014/09/26,07,9,,,2,7,,
2014/09/26,08,8,,,1,7,,
2014/09/26,09,14,,,2,12,,
2014/09/26,10,34,,,1,33,,
2014/09/26,11,72,,,2,70,,
2014/09/26,12,81,,,11,70,,
2014/09/26,13,86,,,15,71,,
2014/09/26,14,87,,,16,71,,
2014/09/26,15,84,,,14,70,,
2014/09/26,16,83,,,13,70,,
2014/09/26,17,84,,,14,70,,
2014/09/26,18,85,,,6,79,,
2014/09/26,19,90,,,7,83,,
2014/09/26,20,86,,,3,83,,
2014/09/26,21,42,,,0,42,,
2014/09/26,22,5,,,1,4,,
2014/09/26,23,5,,,1,4,,
2014/09/26,24,4,,,1,3,,
2014/09/27,01,4,,,1,3,,
2014/09/27,02,4,,,1,3,,
2014/09/27,03,4,,,0,4,,
2014/09/27,04,4,,,1,3,,
2014/09/27,05,4,,,1,3,,
2014/09/27,06,4,,,1,3,,
2014/09/27,07,4,,,1,3,,
2014/09/27,08,3,,,0,3,,
2014/09/27,09,10,,,1,9,,
2014/09/27,10,33,,,0,33,,
2014/09/27,11,71,,,0,71,,
2014/09/27,12,70,,,0,70,,
2014/09/27,13,75,,,5,70,,
2014/09/27,14,74,,,3,71,,
2014/09/27,15,87,,,16,71,,
2014/09/27,16,82,,,11,71,,
2014/09/27,17,76,,,5,71,,
2014/09/27,18,86,,,6,80,,
2014/09/27,19,92,,,8,84,,
2014/09/27,20,83,,,0,83,,
2014/09/27,21,10,,,1,9,,
2014/09/27,22,4,,,1,3,,
2014/09/27,23,4,,,1,3,,
2014/09/27,24,4,,,1,3,,
2014/09/28,01,4,,,0,4,,
2014/09/28,02,4,,,1,3,,
2014/09/28,03,4,,,1,3,,
2014/09/28,04,5,,,1,3,,
2014/09/28,05,4,,,1,3,,
2014/09/28,06,4,,,1,3,,
2014/09/28,07,3,,,0,3,,
2014/09/28,08,4,,,1,3,,
2014/09/28,09,8,,,1,7,,
2014/09/28,10,34,,,0,34,,
2014/09/28,11,73,,,0,73,,
2014/09/28,12,74,,,0,74,,
2014/09/28,13,86,,,12,74,,
2014/09/28,14,84,,,10,74,,
2014/09/28,15,82,,,7,75,,
2014/09/28,16,86,,,10,76,,
2014/09/28,17,89,,,13,76,,
2014/09/28,18,94,,,10,84,,
2014/09/28,19,94,,,9,85,,
2014/09/28,20,89,,,4,85,,
2014/09/28,21,31,,,1,30,,
2014/09/28,22,4,,,1,3,,
2014/09/28,23,4,,,1,3,,
2014/09/28,24,4,,,0,4,,
2014/09/29,01,4,,,1,3,,
2014/09/29,02,4,,,1,3,,
2014/09/29,03,5,,,1,4,,
2014/09/29,04,4,,,0,4,,
2014/09/29,05,4,,,1,3,,
2014/09/29,06,4,,,1,3,,
2014/09/29,07,4,,,1,3,,
2014/09/29,08,4,,,1,3,,
2014/09/29,09,18,,,0,18,,
2014/09/29,10,32,,,0,32,,
2014/09/29,11,71,,,0,71,,
2014/09/29,12,78,,,7,71,,
2014/09/29,13,88,,,16,72,,
2014/09/29,14,86,,,15,71,,
2014/09/29,15,86,,,15,71,,
2014/09/29,16,84,,,13,71,,
2014/09/29,17,85,,,14,71,,
2014/09/29,18,91,,,11,80,,
2014/09/29,19,89,,,5,84,,
2014/09/29,20,88,,,4,84,,
2014/09/29,21,16,,,1,15,,
2014/09/29,22,4,,,1,3,,
2014/09/29,23,4,,,1,3,,
2014/09/29,24,4,,,0,4,,
2014/09/30,01,4,,,0,4,,
2014/09/30,02,4,,,1,3,,
2014/09/30,03,5,,,1,4,,
2014/09/30,04,4,,,1,3,,
2014/09/30,05,4,,,0,4,,
2014/09/30,06,4,,,1,3,,
2014/09/30,07,4,,,1,3,,
2014/09/30,08,3,,,0,3,,
2014/09/30,09,11,,,1,10,,
2014/09/30,10,33,,,1,32,,
2014/09/30,11,71,,,0,71,,
2014/09/30,12,76,,,6,70,,
2014/09/30,13,80,,,9,71,,
2014/09/30,14,85,,,14,71,,
2014/09/30,15,87,,,17,70,,
2014/09/30,16,80,,,9,71,,
2014/09/30,17,81,,,10,71,,
2014/09/30,18,90,,,10,80,,
2014/09/30,19,88,,,4,84,,
2014/09/30,20,89,,,5,84,,
2014/09/30,21,27,,,1,26,,
2014/09/30,22,18,,,0,18,,
2014/09/30,23,4,,,1,3,,
2014/09/30,24,5,,,1,3,,
2014/10/01,01,4,,,0,4,,
2014/10/01,02,4,,,1,3,,
2014/10/01,03,4,,,0,4,,
2014/10/01,04,4,,,1,3,,
2014/10/01,05,4,,,1,3,,
2014/10/01,06,5,,,1,3,,
2014/10/01,07,4,,,1,3,,
2014/10/01,08,3,,,0,3,,
2014/10/01,09,20,,,1,19,,
2014/10/01,10,32,,,0,32,,
2014/10/01,11,72,,,0,72,,
2014/10/01,12,72,,,0,72,,
2014/10/01,13,80,,,8,72,,
2014/10/01,14,79,,,7,72,,
2014/10/01,15,81,,,8,73,,
2014/10/01,16,85,,,13,72,,
2014/10/01,17,78,,,6,72,,
2014/10/01,18,90,,,8,82,,
2014/10/01,19,88,,,3,85,,
2014/10/01,20,86,,,2,84,,
2014/10/01,21,12,,,1,11,,
2014/10/01,22,4,,,1,3,,
2014/10/01,23,4,,,0,4,,
2014/10/01,24,5,,,1,3,,
2014/10/02,01,4,,,1,3,,
2014/10/02,02,4,,,1,3,,
2014/10/02,03,4,,,1,3,,
2014/10/02,04,4,,,1,3,,
2014/10/02,05,4,,,1,3,,
2014/10/02,06,4,,,1,3,,
2014/10/02,07,4,,,1,3,,
2014/10/02,08,4,,,1,3,,
2014/10/02,09,3,,,1,2,,
2014/10/02,10,3,,,0,3,,
2014/10/02,11,4,,,1,3,,
2014/10/02,12,3,,,0,3,,
2014/10/02,13,3,,,1,2,,
2014/10/02,14,4,,,1,3,,
2014/10/02,15,3,,,0,3,,
2014/10/02,16,4,,,1,2,,
2014/10/02,17,3,,,0,3,,
2014/10/02,18,7,,,1,6,,
2014/10/02,19,9,,,1,8,,
2014/10/02,20,9,,,1,8,,
2014/10/02,21,4,,,1,3,,
2014/10/02,22,4,,,1,3,,
2014/10/02,23,4,,,1,3,,
2014/10/02,24,5,,,2,3,,
2014/10/03,01,4,,,1,3,,
2014/10/03,02,4,,,1,3,,
2014/10/03,03,4,,,1,3,,
2014/10/03,04,4,,,1,3,,
2014/10/03,05,4,,,1,3,,
2014/10/03,06,4,,,1,3,,
2014/10/03,07,4,,,1,3,,
2014/10/03,08,3,,,0,3,,
2014/10/03,09,21,,,1,20,,
2014/10/03,10,33,,,0,33,,
2014/10/03,11,72,,,0,72,,
2014/10/03,12,71,,,0,71,,
2014/10/03,13,72,,,0,72,,
2014/10/03,14,71,,,0,71,,
2014/10/03,15,71,,,0,71,,
2014/10/03,16,80,,,1,79,,
2014/10/03,17,81,,,1,80,,
2014/10/03,18,86,,,3,83,,
2014/10/03,19,88,,,3,85,,
2014/10/03,20,83,,,0,83,,
2014/10/03,21,16,,,1,15,,
2014/10/03,22,4,,,0,4,,
2014/10/03,23,4,,,1,3,,
2014/10/03,24,6,,,2,3,,
2014/10/04,01,6,,,3,3,,
2014/10/04,02,4,,,1,3,,
2014/10/04,03,4,,,1,3,,
2014/10/04,04,4,,,1,3,,
2014/10/04,05,4,,,1,3,,
2014/10/04,06,4,,,1,3,,
2014/10/04,07,4,,,1,3,,
2014/10/04,08,4,,,1,3,,
2014/10/04,09,25,,,0,25,,
2014/10/04,10,30,,,0,30,,
2014/10/04,11,74,,,0,74,,
2014/10/04,12,73,,,0,73,,
2014/10/04,13,73,,,0,73,,
2014/10/04,14,73,,,0,73,,
2014/10/04,15,90,,,15,75,,
2014/10/04,16,79,,,4,75,,
2014/10/04,17,86,,,8,78,,
2014/10/04,18,87,,,4,83,,
2014/10/04,19,92,,,6,86,,
2014/10/04,20,86,,,1,85,,
2014/10/04,21,19,,,1,18,,
2014/10/04,22,4,,,0,4,,
2014/10/04,23,4,,,1,3,,
2014/10/04,24,4,,,1,3,,
2014/10/05,01,4,,,1,3,,
2014/10/05,02,4,,,1,3,,
2014/10/05,03,5,,,1,3,,
2014/10/05,04,4,,,1,3,,
2014/10/05,05,4,,,1,3,,
2014/10/05,06,4,,,1,3,,
2014/10/05,07,4,,,1,3,,
2014/10/05,08,4,,,1,3,,
2014/10/05,09,21,,,0,21,,
2014/10/05,10,35,,,1,34,,
2014/10/05,11,73,,,0,73,,
2014/10/05,12,71,,,0,71,,
2014/10/05,13,71,,,0,71,,
2014/10/05,14,72,,,0,72,,
2014/10/05,15,85,,,13,72,,
2014/10/05,16,79,,,6,73,,
2014/10/05,17,84,,,8,76,,
2014/10/05,18,85,,,2,83,,
2014/10/05,19,91,,,5,86,,
2014/10/05,20,86,,,1,85,,
2014/10/05,21,16,,,0,16,,
2014/10/05,22,5,,,1,3,,
2014/10/05,23,4,,,1,3,,
2014/10/05,24,4,,,1,3,,
2014/10/06,01,4,,,1,3,,
2014/10/06,02,4,,,1,3,,
2014/10/06,03,4,,,1,3,,
2014/10/06,04,4,,,1,3,,
2014/10/06,05,4,,,1,3,,
2014/10/06,06,5,,,1,3,,
2014/10/06,07,3,,,0,3,,
2014/10/06,08,4,,,1,2,,
2014/10/06,09,10,,,1,9,,
2014/10/06,10,29,,,0,29,,
2014/10/06,11,71,,,0,71,,
2014/10/06,12,71,,,0,71,,
2014/10/06,13,72,,,0,72,,
2014/10/06,14,72,,,0,72,,
2014/10/06,15,71,,,0,71,,
2014/10/06,16,71,,,0,71,,
2014/10/06,17,75,,,0,75,,
2014/10/06,18,82,,,1,81,,
2014/10/06,19,84,,,0,84,,
2014/10/06,20,86,,,2,84,,
2014/10/06,21,12,,,1,11,,
2014/10/06,22,4,,,1,3,,
2014/10/06,23,4,,,1,3,,
2014/10/06,24,4,,,1,3,,
2014/10/07,01,4,,,1,3,,
2014/10/07,02,4,,,1,3,,
2014/10/07,03,4,,,1,3,,
2014/10/07,04,4,,,1,3,,
2014/10/07,05,5,,,1,3,,
2014/10/07,06,4,,,1,3,,
2014/10/07,07,4,,,1,3,,
2014/10/07,08,4,,,1,3,,
2014/10/07,09,21,,,0,21,,
2014/10/07,10,33,,,0,33,,
2014/10/07,11,71,,,0,71,,
2014/10/07,12,71,,,0,71,,
2014/10/07,13,71,,,0,71,,
2014/10/07,14,70,,,0,70,,
2014/10/07,15,73,,,2,71,,
2014/10/07,16,71,,,0,71,,
2014/10/07,17,82,,,3,79,,
2014/10/07,18,84,,,0,84,,
2014/10/07,19,85,,,1,84,,
2014/10/07,20,82,,,0,82,,
2014/10/07,21,31,,,0,31,,
2014/10/07,22,4,,,1,3,,
2014/10/07,23,4,,,1,3,,
2014/10/07,24,5,,,1,3,,
2014/10/08,01,4,,,1,3,,
2014/10/08,02,4,,,1,3,,
2014/10/08,03,5,,,1,3,,
2014/10/08,04,5,,,1,3,,
2014/10/08,05,4,,,1,3,,
2014/10/08,06,5,,,1,3,,
2014/10/08,07,4,,,1,3,,
2014/10/08,08,5,,,1,4,,
2014/10/08,09,24,,,0,24,,
2014/10/08,10,32,,,1,31,,
2014/10/08,11,72,,,0,72,,
2014/10/08,12,71,,,0,71,,
2014/10/08,13,73,,,0,73,,
2014/10/08,14,72,,,0,72,,
2014/10/08,15,71,,,0,71,,
2014/10/08,16,78,,,0,78,,
2014/10/08,17,81,,,0,81,,
2014/10/08,18,84,,,0,84,,
2014/10/08,19,85,,,0,85,,
2014/10/08,20,83,,,0,83,,
2014/10/08,21,16,,,1,15,,
2014/10/08,22,4,,,1,3,,
2014/10/08,23,4,,,1,3,,
2014/10/08,24,5,,,1,3,,
2014/10/09,01,4,,,1,3,,
2014/10/09,02,4,,,1,3,,
2014/10/09,03,4,,,1,3,,
2014/10/09,04,4,,,1,3,,
2014/10/09,05,4,,,1,3,,
2014/10/09,06,5,,,1,3,,
2014/10/09,07,4,,,1,3,,
2014/10/09,08,4,,,1,3,,
2014/10/09,09,9,,,0,9,,
2014/10/09,10,29,,,0,29,,
2014/10/09,11,72,,,0,72,,
2014/10/09,12,71,,,0,71,,
2014/10/09,13,71,,,0,71,,
2014/10/09,14,71,,,0,71,,
2014/10/09,15,78,,,7,71,,
2014/10/09,16,87,,,15,72,,
2014/10/09,17,80,,,4,76,,
2014/10/09,18,88,,,5,83,,
2014/10/09,19,91,,,5,86,,
2014/10/09,20,85,,,0,85,,
2014/10/09,21,26,,,0,26,,
2014/10/09,22,4,,,1,3,,
2014/10/09,23,4,,,1,3,,
2014/10/09,24,5,,,1,3,,
2014/10/10,01,4,,,1,3,,
2014/10/10,02,4,,,1,3,,
2014/10/10,03,4,,,1,3,,
2014/10/10,04,4,,,1,3,,
2014/10/10,05,4,,,1,3,,
2014/10/10,06,4,,,1,3,,
2014/10/10,07,4,,,1,3,,
2014/10/10,08,18,,,0,18,,
2014/10/10,09,25,,,0,25,,
2014/10/10,10,32,,,0,32,,
2014/10/10,11,72,,,0,72,,
2014/10/10,12,71,,,0,71,,
2014/10/10,13,72,,,0,72,,
2014/10/10,14,73,,,1,72,,
2014/10/10,15,80,,,8,72,,
2014/10/10,16,80,,,8,72,,
2014/10/10,17,82,,,3,79,,
2014/10/10,18,88,,,4,84,,
2014/10/10,19,91,,,6,85,,
2014/10/10,20,84,,,0,84,,
2014/10/10,21,36,,,0,36,,
2014/10/10,22,8,,,1,7,,
2014/10/10,23,4,,,1,3,,
2014/10/10,24,5,,,2,3,,
2014/10/11,01,4,,,1,3,,
2014/10/11,02,4,,,1,3,,
2014/10/11,03,4,,,1,3,,
2014/10/11,04,4,,,1,3,,
2014/10/11,05,4,,,1,3,,
2014/10/11,06,4,,,1,3,,
2014/10/11,07,4,,,1,3,,
2014/10/11,08,3,,,1,2,,
2014/10/11,09,18,,,0,18,,
2014/10/11,10,27,,,0,27,,
2014/10/11,11,72,,,0,72,,
2014/10/11,12,71,,,0,71,,
2014/10/11,13,73,,,0,73,,
2014/10/11,14,73,,,0,73,,
2014/10/11,15,71,,,0,71,,
2014/10/11,16,73,,,0,73,,
2014/10/11,17,78,,,0,78,,
2014/10/11,18,84,,,0,84,,
2014/10/11,19,83,,,0,83,,
2014/10/11,20,83,,,0,83,,
2014/10/11,21,16,,,0,16,,
2014/10/11,22,4,,,1,3,,
2014/10/11,23,4,,,1,3,,
2014/10/11,24,5,,,1,3,,
2014/10/12,01,4,,,1,3,,
2014/10/12,02,4,,,1,3,,
2014/10/12,03,4,,,1,3,,
2014/10/12,04,4,,,1,3,,
2014/10/12,05,5,,,1,3,,
2014/10/12,06,4,,,1,3,,
2014/10/12,07,5,,,1,3,,
2014/10/12,08,3,,,0,3,,
2014/10/12,09,20,,,1,19,,
2014/10/12,10,34,,,0,34,,
2014/10/12,11,71,,,0,71,,
2014/10/12,12,72,,,0,72,,
2014/10/12,13,72,,,0,72,,
2014/10/12,14,71,,,0,71,,
2014/10/12,15,71,,,0,71,,
2014/10/12,16,82,,,10,72,,
2014/10/12,17,80,,,2,78,,
2014/10/12,18,89,,,4,85,,
2014/10/12,19,90,,,5,85,,
2014/10/12,20,84,,,0,84,,
2014/10/12,21,13,,,0,13,,
2014/10/12,22,4,,,1,3,,
2014/10/12,23,4,,,1,3,,
2014/10/12,24,4,,,1,3,,
2014/10/13,01,4,,,1,3,,
2014/10/13,02,4,,,1,3,,
2014/10/13,03,4,,,1,3,,
2014/10/13,04,4,,,1,3,,
2014/10/13,05,4,,,1,3,,
2014/10/13,06,4,,,1,3,,
2014/10/13,07,4,,,1,3,,
2014/10/13,08,4,,,1,3,,
2014/10/13,09,5,,,1,4,,
2014/10/13,10,31,,,0,31,,
2014/10/13,11,72,,,0,72,,
2014/10/13,12,70,,,0,70,,
2014/10/13,13,71,,,0,71,,
2014/10/13,14,79,,,7,72,,
2014/10/13,15,81,,,9,72,,
2014/10/13,16,76,,,4,72,,
2014/10/13,17,85,,,3,82,,
2014/10/13,18,93,,,8,85,,
2014/10/13,19,90,,,4,86,,
2014/10/13,20,84,,,0,84,,
2014/10/13,21,11,,,0,11,,
2014/10/13,22,4,,,1,3,,
2014/10/13,23,4,,,1,3,,
2014/10/13,24,3,,,0,3,,
2014/10/14,01,4,,,1,3,,
2014/10/14,02,4,,,1,3,,
2014/10/14,03,4,,,1,3,,
2014/10/14,04,3,,,0,3,,
2014/10/14,05,4,,,1,3,,
2014/10/14,06,4,,,1,3,,
2014/10/14,07,4,,,1,3,,
2014/10/14,08,5,,,0,5,,
2014/10/14,09,26,,,1,25,,
2014/10/14,10,33,,,0,33,,
2014/10/14,11,75,,,0,75,,
2014/10/14,12,78,,,1,77,,
2014/10/14,13,80,,,0,80,,
2014/10/14,14,81,,,0,81,,
2014/10/14,15,81,,,0,81,,
2014/10/14,16,80,,,0,80,,
2014/10/14,17,83,,,0,83,,
2014/10/14,18,84,,,0,84,,
2014/10/14,19,85,,,0,85,,
2014/10/14,20,83,,,0,83,,
2014/10/14,21,15,,,1,14,,
2014/10/14,22,4,,,1,3,,
2014/10/14,23,3,,,0,3,,
2014/10/14,24,4,,,1,3,,
2014/10/15,01,4,,,1,3,,
2014/10/15,02,4,,,1,3,,
2014/10/15,03,4,,,1,3,,
2014/10/15,04,4,,,1,3,,
2014/10/15,05,4,,,1,3,,
2014/10/15,06,4,,,1,3,,
2014/10/15,07,4,,,1,3,,
2014/10/15,08,3,,,1,2,,
2014/10/15,09,16,,,0,16,,
2014/10/15,10,28,,,0,28,,
2014/10/15,11,73,,,0,73,,
2014/10/15,12,71,,,0,71,,
2014/10/15,13,72,,,0,72,,
2014/10/15,14,71,,,0,71,,
2014/10/15,15,71,,,0,71,,
2014/10/15,16,83,,,11,72,,
2014/10/15,17,79,,,2,77,,
2014/10/15,18,88,,,2,86,,
2014/10/15,19,88,,,2,86,,
2014/10/15,20,86,,,2,84,,
2014/10/15,21,12,,,2,10,,
2014/10/15,22,4,,,1,3,,
2014/10/15,23,5,,,1,3,,
2014/10/15,24,4,,,1,3,,
2014/10/16,01,5,,,1,3,,
2014/10/16,02,5,,,2,3,,
2014/10/16,03,5,,,1,4,,
2014/10/16,04,5,,,1,4,,
2014/10/16,05,6,,,2,4,,
2014/10/16,06,5,,,1,4,,
2014/10/16,07,5,,,1,4,,
2014/10/16,08,4,,,1,3,,
2014/10/16,09,21,,,1,20,,
2014/10/16,10,30,,,0,30,,
2014/10/16,11,77,,,0,77,,
2014/10/16,12,76,,,0,76,,
2014/10/16,13,77,,,0,77,,
2014/10/16,14,77,,,1,76,,
2014/10/16,15,76,,,0,76,,
2014/10/16,16,76,,,0,76,,
2014/10/16,17,79,,,0,79,,
2014/10/16,18,88,,,2,86,,
2014/10/16,19,87,,,1,86,,
2014/10/16,20,85,,,0,85,,
2014/10/16,21,13,,,1,12,,
2014/10/16,22,5,,,0,5,,
2014/10/16,23,6,,,1,5,,
2014/10/16,24,5,,,0,5,,
2014/10/17,01,5,,,1,4,,
2014/10/17,02,5,,,0,5,,
2014/10/17,03,6,,,1,5,,
2014/10/17,04,5,,,0,5,,
2014/10/17,05,6,,,1,5,,
2014/10/17,06,5,,,0,5,,
2014/10/17,07,5,,,1,4,,
2014/10/17,08,5,,,1,4,,
2014/10/17,09,21,,,0,21,,
2014/10/17,10,34,,,1,33,,
2014/10/17,11,73,,,0,73,,
2014/10/17,12,74,,,0,74,,
2014/10/17,13,74,,,0,74,,
2014/10/17,14,74,,,0,74,,
2014/10/17,15,73,,,0,73,,
2014/10/17,16,77,,,0,77,,
2014/10/17,17,82,,,0,82,,
2014/10/17,18,85,,,0,85,,
2014/10/17,19,85,,,0,85,,
2014/10/17,20,85,,,0,85,,
2014/10/17,21,15,,,1,14,,
2014/10/17,22,5,,,0,5,,
2014/10/17,23,6,,,1,5,,
2014/10/17,24,5,,,0,5,,
2014/10/18,01,6,,,1,5,,
2014/10/18,02,6,,,1,5,,
2014/10/18,03,5,,,0,5,,
2014/10/18,04,6,,,1,5,,
2014/10/18,05,6,,,1,5,,
2014/10/18,06,6,,,1,5,,
2014/10/18,07,5,,,0,5,,
2014/10/18,08,6,,,1,5,,
2014/10/18,09,26,,,0,26,,
2014/10/18,10,29,,,0,29,,
2014/10/18,11,74,,,0,74,,
2014/10/18,12,74,,,0,74,,
2014/10/18,13,75,,,0,75,,
2014/10/18,14,74,,,0,74,,
2014/10/18,15,74,,,0,74,,
2014/10/18,16,73,,,0,73,,
2014/10/18,17,78,,,0,78,,
2014/10/18,18,88,,,0,88,,
2014/10/18,19,88,,,0,88,,
2014/10/18,20,86,,,0,86,,
2014/10/18,21,15,,,1,14,,
2014/10/18,22,6,,,1,5,,
2014/10/18,23,7,,,1,5,,
2014/10/18,24,6,,,1,5,,
2014/10/19,01,6,,,1,5,,
2014/10/19,02,6,,,1,5,,
2014/10/19,03,7,,,1,5,,
2014/10/19,04,6,,,1,5,,
2014/10/19,05,7,,,1,5,,
2014/10/19,06,6,,,1,5,,
2014/10/19,07,6,,,1,5,,
2014/10/19,08,6,,,1,5,,
2014/10/19,09,26,,,0,26,,
2014/10/19,10,34,,,0,34,,
2014/10/19,11,79,,,0,79,,
2014/10/19,12,76,,,0,76,,
2014/10/19,13,76,,,0,76,,
2014/10/19,14,76,,,0,76,,
2014/10/19,15,75,,,0,75,,
2014/10/19,16,76,,,0,76,,
2014/10/19,17,85,,,2,83,,
2014/10/19,18,89,,,2,87,,
2014/10/19,19,87,,,0,87,,
2014/10/19,20,86,,,0,86,,
2014/10/19,21,18,,,1,17,,
2014/10/19,22,6,,,1,5,,
2014/10/19,23,6,,,1,5,,
2014/10/19,24,5,,,0,5,,
2014/10/20,01,6,,,1,5,,
2014/10/20,02,6,,,1,5,,
2014/10/20,03,6,,,1,5,,
2014/10/20,04,6,,,1,5,,
2014/10/20,05,5,,,0,5,,
2014/10/20,06,6,,,1,5,,
2014/10/20,07,6,,,1,5,,
2014/10/20,08,5,,,1,4,,
2014/10/20,09,25,,,0,25,,
2014/10/20,10,34,,,0,34,,
2014/10/20,11,74,,,0,74,,
2014/10/20,12,73,,,0,73,,
2014/10/20,13,72,,,0,72,,
2014/10/20,14,73,,,0,73,,
2014/10/20,15,73,,,0,73,,
2014/10/20,16,78,,,0,78,,
2014/10/20,17,88,,,5,83,,
2014/10/20,18,87,,,1,86,,
2014/10/20,19,90,,,3,87,,
2014/10/20,20,86,,,0,86,,
2014/10/20,21,18,,,0,18,,
2014/10/20,22,5,,,1,4,,
2014/10/20,23,5,,,1,4,,
2014/10/20,24,5,,,1,4,,
2014/10/21,01,5,,,1,4,,
2014/10/21,02,5,,,0,5,,
2014/10/21,03,6,,,1,5,,
2014/10/21,04,5,,,0,5,,
2014/10/21,05,6,,,1,5,,
2014/10/21,06,6,,,1,5,,
2014/10/21,07,5,,,0,5,,
2014/10/21,08,5,,,1,4,,
2014/10/21,09,20,,,0,20,,
2014/10/21,10,31,,,0,31,,
2014/10/21,11,72,,,0,72,,
2014/10/21,12,71,,,0,71,,
2014/10/21,13,73,,,0,73,,
2014/10/21,14,72,,,0,72,,
2014/10/21,15,75,,,2,73,,
2014/10/21,16,78,,,2,76,,
2014/10/21,17,85,,,0,85,,
2014/10/21,18,86,,,0,86,,
2014/10/21,19,88,,,0,88,,
2014/10/21,20,86,,,0,86,,
2014/10/21,21,26,,,0,26,,
2014/10/21,22,6,,,1,5,,
2014/10/21,23,5,,,0,5,,
2014/10/21,24,6,,,1,5,,
2014/10/22,01,6,,,1,5,,
2014/10/22,02,6,,,1,5,,
2014/10/22,03,6,,,1,5,,
2014/10/22,04,5,,,0,5,,
2014/10/22,05,6,,,1,5,,
2014/10/22,06,6,,,1,5,,
2014/10/22,07,6,,,1,5,,
2014/10/22,08,5,,,0,5,,
2014/10/22,09,12,,,1,11,,
2014/10/22,10,34,,,0,34,,
2014/10/22,11,75,,,0,75,,
2014/10/22,12,75,,,1,74,,
2014/10/22,13,73,,,0,73,,
2014/10/22,14,72,,,0,72,,
2014/10/22,15,71,,,0,71,,
2014/10/22,16,70,,,0,70,,
2014/10/22,17,80,,,0,80,,
2014/10/22,18,85,,,0,85,,
2014/10/22,19,88,,,1,87,,
2014/10/22,20,87,,,0,87,,
2014/10/22,21,40,,,1,39,,
2014/10/22,22,7,,,2,5,,
2014/10/22,23,6,,,1,5,,
2014/10/22,24,7,,,2,5,,
2014/10/23,01,7,,,2,5,,
2014/10/23,02,6,,,1,5,,
2014/10/23,03,7,,,2,5,,
2014/10/23,04,7,,,2,5,,
2014/10/23,05,7,,,2,5,,
2014/10/23,06,6,,,1,5,,
2014/10/23,07,7,,,2,5,,
2014/10/23,08,7,,,1,5,,
2014/10/23,09,26,,,0,26,,
2014/10/23,10,34,,,0,34,,
2014/10/23,11,77,,,0,77,,
2014/10/23,12,75,,,0,75,,
2014/10/23,13,75,,,0,75,,
2014/10/23,14,75,,,0,75,,
2014/10/23,15,75,,,0,75,,
2014/10/23,16,74,,,0,74,,
2014/10/23,17,87,,,3,84,,
2014/10/23,18,90,,,2,88,,
2014/10/23,19,88,,,0,88,,
2014/10/23,20,86,,,0,86,,
2014/10/23,21,30,,,1,29,,
2014/10/23,22,6,,,1,5,,
2014/10/23,23,7,,,1,5,,
2014/10/23,24,6,,,1,5,,
2014/10/24,01,7,,,1,5,,
2014/10/24,02,6,,,1,5,,
2014/10/24,03,7,,,1,5,,
2014/10/24,04,6,,,1,5,,
2014/10/24,05,7,,,1,5,,
2014/10/24,06,6,,,1,5,,
2014/10/24,07,7,,,1,5,,
2014/10/24,08,5,,,0,5,,
2014/10/24,09,21,,,1,20,,
2014/10/24,10,35,,,0,35,,
2014/10/24,11,75,,,0,75,,
2014/10/24,12,76,,,0,76,,
2014/10/24,13,76,,,0,76,,
2014/10/24,14,76,,,0,76,,
2014/10/24,15,76,,,0,76,,
2014/10/24,16,76,,,0,76,,
2014/10/24,17,84,,,0,84,,
2014/10/24,18,86,,,0,86,,
2014/10/24,19,88,,,0,88,,
2014/10/24,20,86,,,0,86,,
2014/10/24,21,51,,,0,51,,
2014/10/24,22,6,,,1,5,,
2014/10/24,23,6,,,1,5,,
2014/10/24,24,6,,,1,5,,
2014/10/25,01,7,,,1,5,,
2014/10/25,02,6,,,1,5,,
2014/10/25,03,7,,,1,5,,
2014/10/25,04,6,,,1,5,,
2014/10/25,05,6,,,1,5,,
2014/10/25,06,7,,,1,5,,
2014/10/25,07,6,,,1,5,,
2014/10/25,08,6,,,1,5,,
2014/10/25,09,21,,,1,20,,
2014/10/25,10,34,,,0,34,,
2014/10/25,11,76,,,0,76,,
2014/10/25,12,76,,,0,76,,
2014/10/25,13,74,,,0,74,,
2014/10/25,14,74,,,0,74,,
2014/10/25,15,74,,,0,74,,
2014/10/25,16,74,,,0,74,,
2014/10/25,17,79,,,0,79,,
2014/10/25,18,87,,,0,87,,
2014/10/25,19,87,,,0,87,,
2014/10/25,20,86,,,0,86,,
2014/10/25,21,18,,,0,18,,
2014/10/25,22,5,,,0,5,,
2014/10/25,23,6,,,1,5,,
2014/10/25,24,6,,,1,5,,
2014/10/26,01,6,,,1,5,,
2014/10/26,02,5,,,0,5,,
2014/10/26,03,6,,,1,5,,
2014/10/26,04,6,,,1,5,,
2014/10/26,05,6,,,1,5,,
2014/10/26,06,6,,,1,5,,
2014/10/26,07,5,,,0,5,,
2014/10/26,08,5,,,1,4,,
2014/10/26,09,26,,,0,26,,
2014/10/26,10,35,,,0,35,,
2014/10/26,11,73,,,0,73,,
2014/10/26,12,74,,,0,74,,
2014/10/26,13,73,,,0,73,,
2014/10/26,14,77,,,3,74,,
2014/10/26,15,80,,,6,74,,
2014/10/26,16,76,,,3,73,,
2014/10/26,17,83,,,5,78,,
2014/10/26,18,89,,,2,87,,
2014/10/26,19,96,,,8,88,,
2014/10/26,20,86,,,0,86,,
2014/10/26,21,38,,,0,38,,
2014/10/26,22,4,,,1,3,,
2014/10/26,23,4,,,1,3,,
2014/10/26,24,4,,,1,3,,
2014/10/27,01,4,,,1,3,,
2014/10/27,02,4,,,1,3,,
2014/10/27,03,4,,,1,3,,
2014/10/27,04,5,,,1,3,,
2014/10/27,05,4,,,1,3,,
2014/10/27,06,4,,,1,3,,
2014/10/27,07,4,,,1,3,,
2014/10/27,08,3,,,0,3,,
2014/10/27,09,10,,,1,9,,
2014/10/27,10,29,,,0,29,,
2014/10/27,11,73,,,0,73,,
2014/10/27,12,72,,,0,72,,
2014/10/27,13,72,,,0,72,,
2014/10/27,14,72,,,0,72,,
2014/10/27,15,87,,,14,73,,
2014/10/27,16,76,,,2,74,,
2014/10/27,17,88,,,5,83,,
2014/10/27,18,91,,,5,86,,
2014/10/27,19,87,,,1,86,,
2014/10/27,20,84,,,0,84,,
2014/10/27,21,13,,,1,12,,
2014/10/27,22,5,,,1,3,,
2014/10/27,23,4,,,1,3,,
2014/10/27,24,5,,,1,3,,
2014/10/28,01,5,,,1,3,,
2014/10/28,02,4,,,1,3,,
2014/10/28,03,5,,,1,4,,
2014/10/28,04,5,,,1,3,,
2014/10/28,05,5,,,1,3,,
2014/10/28,06,4,,,1,3,,
2014/10/28,07,5,,,1,3,,
2014/10/28,08,5,,,1,3,,
2014/10/28,09,20,,,0,20,,
2014/10/28,10,29,,,0,29,,
2014/10/28,11,74,,,0,74,,
2014/10/28,12,74,,,0,74,,
2014/10/28,13,74,,,0,74,,
2014/10/28,14,75,,,0,75,,
2014/10/28,15,74,,,0,74,,
2014/10/28,16,78,,,0,78,,
2014/10/28,17,86,,,0,86,,
2014/10/28,18,87,,,0,87,,
2014/10/28,19,87,,,0,87,,
2014/10/28,20,86,,,0,86,,
2014/10/28,21,45,,,1,44,,
2014/10/28,22,5,,,1,4,,
2014/10/28,23,5,,,1,3,,
2014/10/28,24,4,,,1,3,,
2014/10/29,01,5,,,1,4,,
2014/10/29,02,5,,,1,4,,
2014/10/29,03,5,,,1,4,,
2014/10/29,04,5,,,1,3,,
2014/10/29,05,5,,,1,4,,
2014/10/29,06,5,,,1,4,,
2014/10/29,07,4,,,1,3,,
2014/10/29,08,5,,,1,4,,
2014/10/29,09,25,,,1,24,,
2014/10/29,10,30,,,0,30,,
2014/10/29,11,75,,,0,75,,
2014/10/29,12,76,,,1,75,,
2014/10/29,13,75,,,0,75,,
2014/10/29,14,74,,,0,74,,
2014/10/29,15,74,,,0,74,,
2014/10/29,16,76,,,0,76,,
2014/10/29,17,86,,,0,86,,
2014/10/29,18,90,,,0,90,,
2014/10/29,19,89,,,0,89,,
2014/10/29,20,89,,,0,89,,
2014/10/29,21,14,,,1,13,,
2014/10/29,22,6,,,1,5,,
2014/10/29,23,6,,,1,5,,
2014/10/29,24,6,,,1,5,,
2014/10/30,01,6,,,1,5,,
2014/10/30,02,6,,,1,5,,
2014/10/30,03,6,,,1,5,,
2014/10/30,04,6,,,1,5,,
2014/10/30,05,6,,,1,5,,
2014/10/30,06,6,,,1,5,,
2014/10/30,07,7,,,1,5,,
2014/10/30,08,6,,,1,5,,
2014/10/30,09,13,,,1,12,,
2014/10/30,10,32,,,1,31,,
2014/10/30,11,77,,,0,77,,
2014/10/30,12,77,,,0,77,,
2014/10/30,13,78,,,1,77,,
2014/10/30,14,77,,,0,77,,
2014/10/30,15,76,,,0,76,,
2014/10/30,16,76,,,0,76,,
2014/10/30,17,80,,,0,80,,
2014/10/30,18,89,,,0,89,,
2014/10/30,19,89,,,0,89,,
2014/10/30,20,87,,,0,87,,
2014/10/30,21,14,,,1,13,,
2014/10/30,22,5,,,1,3,,
2014/10/30,23,4,,,0,4,,
2014/10/30,24,5,,,1,3,,
2014/10/31,01,5,,,1,3,,
2014/10/31,02,5,,,1,4,,
2014/10/31,03,5,,,1,4,,
2014/10/31,04,5,,,1,4,,
2014/10/31,05,4,,,0,4,,
2014/10/31,06,5,,,1,4,,
2014/10/31,07,5,,,1,4,,
2014/10/31,08,5,,,1,4,,
2014/10/31,09,22,,,1,21,,
2014/10/31,10,33,,,2,31,,
2014/10/31,11,78,,,0,78,,
2014/10/31,12,77,,,0,77,,
2014/10/31,13,78,,,1,77,,
2014/10/31,14,76,,,0,76,,
2014/10/31,15,76,,,0,76,,
2014/10/31,16,78,,,0,78,,
2014/10/31,17,87,,,1,86,,
2014/10/31,18,91,,,2,89,,
2014/10/31,19,90,,,0,90,,
2014/10/31,20,89,,,0,89,,
2014/10/31,21,55,,,0,55,,
2014/10/31,22,4,,,0,4,,
2014/10/31,23,4,,,0,4,,
2014/10/31,24,4,,,1,3,,
2014/11/01,01,5,,,1,4,,
2014/11/01,02,4,,,1,3,,
2014/11/01,03,4,,,0,4,,
2014/11/01,04,4,,,0,4,,
2014/11/01,05,5,,,1,4,,
2014/11/01,06,5,,,1,4,,
2014/11/01,07,5,,,1,4,,
2014/11/01,08,4,,,1,3,,
2014/11/01,09,11,,,0,11,,
2014/11/01,10,30,,,2,28,,
2014/11/01,11,73,,,0,73,,
2014/11/01,12,76,,,1,75,,
2014/11/01,13,76,,,0,76,,
2014/11/01,14,75,,,0,75,,
2014/11/01,15,75,,,0,75,,
2014/11/01,16,78,,,0,78,,
2014/11/01,17,86,,,0,86,,
2014/11/01,18,87,,,0,87,,
2014/11/01,19,91,,,3,88,,
2014/11/01,20,88,,,1,87,,
2014/11/01,21,27,,,1,26,,
2014/11/01,22,4,,,1,3,,
2014/11/01,23,4,,,1,3,,
2014/11/01,24,4,,,1,3,,
2014/11/02,01,4,,,1,3,,
2014/11/02,02,4,,,1,3,,
2014/11/02,03,5,,,1,3,,
2014/11/02,04,4,,,0,4,,
2014/11/02,05,4,,,1,3,,
2014/11/02,06,4,,,1,3,,
2014/11/02,07,4,,,1,3,,
2014/11/02,08,4,,,1,3,,
2014/11/02,09,22,,,1,21,,
2014/11/02,10,30,,,1,29,,
2014/11/02,11,77,,,1,76,,
2014/11/02,12,76,,,0,76,,
2014/11/02,13,77,,,0,77,,
2014/11/02,14,78,,,1,77,,
2014/11/02,15,78,,,0,78,,
2014/11/02,16,83,,,0,83,,
2014/11/02,17,85,,,0,85,,
2014/11/02,18,87,,,0,87,,
2014/11/02,19,92,,,4,88,,
2014/11/02,20,87,,,0,87,,
2014/11/02,21,18,,,1,17,,
2014/11/02,22,5,,,1,4,,
2014/11/02,23,4,,,0,4,,
2014/11/02,24,6,,,2,4,,
2014/11/03,01,6,,,3,3,,
2014/11/03,02,6,,,2,4,,
2014/11/03,03,4,,,0,4,,
2014/11/03,04,4,,,0,4,,
2014/11/03,05,5,,,1,4,,
2014/11/03,06,4,,,0,4,,
2014/11/03,07,4,,,0,4,,
2014/11/03,08,4,,,1,3,,
2014/11/03,09,23,,,0,23,,
2014/11/03,10,34,,,0,34,,
2014/11/03,11,73,,,0,73,,
2014/11/03,12,73,,,0,73,,
2014/11/03,13,74,,,0,74,,
2014/11/03,14,74,,,0,74,,
2014/11/03,15,74,,,0,74,,
2014/11/03,16,74,,,0,74,,
2014/11/03,17,83,,,0,83,,
2014/11/03,18,86,,,0,86,,
2014/11/03,19,87,,,0,87,,
2014/11/03,20,86,,,0,86,,
2014/11/03,21,15,,,0,15,,
2014/11/03,22,5,,,1,3,,
2014/11/03,23,4,,,1,3,,
2014/11/03,24,4,,,1,3,,
2014/11/04,01,5,,,1,4,,
2014/11/04,02,5,,,1,4,,
2014/11/04,03,4,,,1,3,,
2014/11/04,04,5,,,1,4,,
2014/11/04,05,5,,,1,3,,
2014/11/04,06,5,,,1,3,,
2014/11/04,07,5,,,1,4,,
2014/11/04,08,4,,,0,4,,
2014/11/04,09,21,,,1,20,,
2014/11/04,10,33,,,1,32,,
2014/11/04,11,79,,,0,79,,
2014/11/04,12,79,,,0,79,,
2014/11/04,13,79,,,0,79,,
2014/11/04,14,80,,,1,79,,
2014/11/04,15,78,,,0,78,,
2014/11/04,16,78,,,0,78,,
2014/11/04,17,85,,,0,85,,
2014/11/04,18,88,,,0,88,,
2014/11/04,19,88,,,0,88,,
2014/11/04,20,87,,,0,87,,
2014/11/04,21,21,,,1,20,,
2014/11/04,22,6,,,1,5,,
2014/11/04,23,6,,,1,5,,
2014/11/04,24,7,,,2,5,,
2014/11/05,01,6,,,1,5,,
2014/11/05,02,7,,,1,5,,
2014/11/05,03,6,,,1,5,,
2014/11/05,04,7,,,1,5,,
2014/11/05,05,7,,,2,5,,
2014/11/05,06,6,,,1,5,,
2014/11/05,07,7,,,2,5,,
2014/11/05,08,7,,,1,5,,
2014/11/05,09,13,,,0,13,,
2014/11/05,10,29,,,1,28,,
2014/11/05,11,76,,,0,76,,
2014/11/05,12,77,,,1,76,,
2014/11/05,13,76,,,0,76,,
2014/11/05,14,76,,,0,76,,
2014/11/05,15,75,,,0,75,,
2014/11/05,16,77,,,0,77,,
2014/11/05,17,86,,,0,86,,
2014/11/05,18,87,,,0,87,,
2014/11/05,19,90,,,0,90,,
2014/11/05,20,89,,,0,89,,
2014/11/05,21,12,,,1,11,,
2014/11/05,22,7,,,1,5,,
2014/11/05,23,6,,,1,5,,
2014/11/05,24,7,,,2,5,,
2014/11/06,01,6,,,1,5,,
2014/11/06,02,6,,,1,5,,
2014/11/06,03,7,,,1,5,,
2014/11/06,04,7,,,1,5,,
2014/11/06,05,6,,,1,5,,
2014/11/06,06,7,,,1,5,,
2014/11/06,07,6,,,1,5,,
2014/11/06,08,6,,,1,5,,
2014/11/06,09,23,,,0,23,,
2014/11/06,10,34,,,0,34,,
2014/11/06,11,76,,,0,76,,
2014/11/06,12,75,,,0,75,,
2014/11/06,13,76,,,0,76,,
2014/11/06,14,75,,,0,75,,
2014/11/06,15,75,,,0,75,,
2014/11/06,16,80,,,0,80,,
2014/11/06,17,89,,,0,89,,
2014/11/06,18,87,,,0,87,,
2014/11/06,19,89,,,0,89,,
2014/11/06,20,88,,,0,88,,
2014/11/06,21,16,,,0,16,,
2014/11/06,22,6,,,1,5,,
2014/11/06,23,5,,,0,5,,
2014/11/06,24,7,,,1,5,,
2014/11/07,01,5,,,0,5,,
2014/11/07,02,6,,,1,5,,
2014/11/07,03,6,,,1,5,,
2014/11/07,04,6,,,1,5,,
2014/11/07,05,6,,,1,5,,
2014/11/07,06,6,,,1,5,,
2014/11/07,07,5,,,0,5,,
2014/11/07,08,6,,,1,5,,
2014/11/07,09,24,,,0,24,,
2014/11/07,10,34,,,0,34,,
2014/11/07,11,77,,,0,77,,
2014/11/07,12,77,,,0,77,,
2014/11/07,13,77,,,0,77,,
2014/11/07,14,77,,,1,76,,
2014/11/07,15,77,,,1,76,,
2014/11/07,16,77,,,0,77,,
2014/11/07,17,86,,,0,86,,
2014/11/07,18,89,,,0,89,,
2014/11/07,19,89,,,0,89,,
2014/11/07,20,87,,,0,87,,
2014/11/07,21,30,,,2,28,,
2014/11/07,22,6,,,1,5,,
2014/11/07,23,7,,,2,5,,
2014/11/07,24,7,,,2,5,,
2014/11/08,01,7,,,2,5,,
2014/11/08,02,7,,,2,5,,
2014/11/08,03,6,,,1,5,,
2014/11/08,04,7,,,2,5,,
2014/11/08,05,7,,,1,5,,
2014/11/08,06,6,,,1,5,,
2014/11/08,07,7,,,1,5,,
2014/11/08,08,7,,,1,5,,
2014/11/08,09,25,,,0,25,,
2014/11/08,10,33,,,1,32,,
2014/11/08,11,85,,,0,85,,
2014/11/08,12,85,,,0,85,,
2014/11/08,13,85,,,0,85,,
2014/11/08,14,84,,,0,84,,
2014/11/08,15,84,,,0,84,,
2014/11/08,16,90,,,0,90,,
2014/11/08,17,101,,,3,98,,
2014/11/08,18,100,,,3,97,,
2014/11/08,19,98,,,0,98,,
2014/11/08,20,98,,,1,97,,
2014/11/08,21,22,,,0,22,,
2014/11/08,22,7,,,1,5,,
2014/11/08,23,7,,,2,5,,
2014/11/08,24,7,,,2,5,,
2014/11/09,01,6,,,1,5,,
2014/11/09,02,7,,,2,5,,
2014/11/09,03,7,,,2,5,,
2014/11/09,04,7,,,2,5,,
2014/11/09,05,7,,,2,5,,
2014/11/09,06,6,,,1,5,,
2014/11/09,07,7,,,2,5,,
2014/11/09,08,7,,,1,6,,
2014/11/09,09,28,,,1,27,,
2014/11/09,10,42,,,1,41,,
2014/11/09,11,88,,,0,88,,
2014/11/09,12,87,,,0,87,,
2014/11/09,13,87,,,0,87,,
2014/11/09,14,86,,,0,86,,
2014/11/09,15,87,,,0,87,,
2014/11/09,16,87,,,0,87,,
2014/11/09,17,92,,,0,92,,
2014/11/09,18,95,,,0,95,,
2014/11/09,19,96,,,0,96,,
2014/11/09,20,95,,,0,95,,
2014/11/09,21,23,,,0,23,,
2014/11/09,22,6,,,1,5,,
2014/11/09,23,6,,,1,5,,
2014/11/09,24,7,,,2,5,,
2014/11/10,01,6,,,1,5,,
2014/11/10,02,7,,,1,5,,
2014/11/10,03,7,,,1,5,,
2014/11/10,04,6,,,1,5,,
2014/11/10,05,7,,,1,5,,
2014/11/10,06,6,,,1,5,,
2014/11/10,07,7,,,1,5,,
2014/11/10,08,6,,,1,5,,
2014/11/10,09,28,,,1,27,,
2014/11/10,10,38,,,1,37,,
2014/11/10,11,86,,,0,86,,
2014/11/10,12,87,,,0,87,,
2014/11/10,13,88,,,0,88,,
2014/11/10,14,87,,,0,87,,
2014/11/10,15,87,,,0,87,,
2014/11/10,16,91,,,0,91,,
2014/11/10,17,98,,,0,98,,
2014/11/10,18,96,,,0,96,,
2014/11/10,19,96,,,0,96,,
2014/11/10,20,95,,,0,95,,
2014/11/10,21,29,,,0,29,,
2014/11/10,22,6,,,1,5,,
2014/11/10,23,7,,,1,5,,
2014/11/10,24,6,,,1,5,,
2014/11/11,01,7,,,1,5,,
2014/11/11,02,6,,,1,5,,
2014/11/11,03,7,,,2,5,,
2014/11/11,04,7,,,2,5,,
2014/11/11,05,7,,,2,5,,
2014/11/11,06,7,,,2,5,,
2014/11/11,07,6,,,1,5,,
2014/11/11,08,7,,,1,6,,
2014/11/11,09,20,,,3,17,,
2014/11/11,10,37,,,1,36,,
2014/11/11,11,85,,,0,85,,
2014/11/11,12,84,,,0,84,,
2014/11/11,13,85,,,1,84,,
2014/11/11,14,84,,,0,84,,
2014/11/11,15,84,,,0,84,,
2014/11/11,16,85,,,0,85,,
2014/11/11,17,95,,,0,95,,
2014/11/11,18,96,,,0,96,,
2014/11/11,19,96,,,0,96,,
2014/11/11,20,95,,,0,95,,
2014/11/11,21,22,,,1,21,,
2014/11/11,22,6,,,1,5,,
2014/11/11,23,6,,,1,5,,
2014/11/11,24,6,,,1,5,,
2014/11/12,01,6,,,1,5,,
2014/11/12,02,6,,,1,5,,
2014/11/12,03,6,,,1,5,,
2014/11/12,04,6,,,1,5,,
2014/11/12,05,6,,,1,5,,
2014/11/12,06,6,,,1,5,,
2014/11/12,07,5,,,0,5,,
2014/11/12,08,6,,,1,5,,
2014/11/12,09,17,,,1,16,,
2014/11/12,10,39,,,2,37,,
2014/11/12,11,86,,,0,86,,
2014/11/12,12,85,,,0,85,,
2014/11/12,13,86,,,0,86,,
2014/11/12,14,86,,,1,85,,
2014/11/12,15,84,,,0,84,,
2014/11/12,16,86,,,0,86,,
2014/11/12,17,89,,,0,89,,
2014/11/12,18,89,,,0,89,,
2014/11/12,19,96,,,0,96,,
2014/11/12,20,96,,,0,96,,
2014/11/12,21,25,,,0,25,,
2014/11/12,22,6,,,1,5,,
2014/11/12,23,6,,,1,5,,
2014/11/12,24,6,,,1,5,,
2014/11/13,01,6,,,1,5,,
2014/11/13,02,6,,,1,5,,
2014/11/13,03,6,,,1,5,,
2014/11/13,04,6,,,1,5,,
2014/11/13,05,6,,,1,5,,
2014/11/13,06,6,,,1,5,,
2014/11/13,07,6,,,1,5,,
2014/11/13,08,5,,,0,5,,
2014/11/13,09,27,,,1,26,,
2014/11/13,10,36,,,0,36,,
2014/11/13,11,87,,,0,87,,
2014/11/13,12,87,,,0,87,,
2014/11/13,13,88,,,0,88,,
2014/11/13,14,87,,,0,87,,
2014/11/13,15,87,,,0,87,,
2014/11/13,16,89,,,0,89,,
2014/11/13,17,93,,,0,93,,
2014/11/13,18,92,,,0,92,,
2014/11/13,19,95,,,0,95,,
2014/11/13,20,96,,,0,96,,
2014/11/13,21,30,,,0,30,,
2014/11/13,22,6,,,1,5,,
2014/11/13,23,7,,,1,5,,
2014/11/13,24,6,,,1,5,,
2014/11/14,01,7,,,1,5,,
2014/11/14,02,6,,,1,5,,
2014/11/14,03,7,,,1,5,,
2014/11/14,04,7,,,1,5,,
2014/11/14,05,6,,,1,5,,
2014/11/14,06,7,,,1,5,,
2014/11/14,07,6,,,1,5,,
2014/11/14,08,7,,,1,5,,
2014/11/14,09,28,,,0,28,,
2014/11/14,10,35,,,0,35,,
2014/11/14,11,86,,,0,86,,
2014/11/14,12,86,,,0,86,,
2014/11/14,13,85,,,0,85,,
2014/11/14,14,86,,,0,86,,
2014/11/14,15,86,,,1,85,,
2014/11/14,16,92,,,0,92,,
2014/11/14,17,98,,,1,97,,
2014/11/14,18,97,,,0,97,,
2014/11/14,19,97,,,0,97,,
2014/11/14,20,96,,,0,96,,
2014/11/14,21,18,,,1,17,,
2014/11/14,22,6,,,1,5,,
2014/11/14,23,7,,,2,5,,
2014/11/14,24,7,,,2,5,,
2014/11/15,01,7,,,2,5,,
2014/11/15,02,6,,,1,5,,
2014/11/15,03,7,,,1,6,,
2014/11/15,04,7,,,2,5,,
2014/11/15,05,7,,,1,6,,
2014/11/15,06,7,,,2,5,,
2014/11/15,07,7,,,1,6,,
2014/11/15,08,7,,,1,6,,
2014/11/15,09,32,,,4,28,,
2014/11/15,10,42,,,1,41,,
2014/11/15,11,87,,,0,87,,
2014/11/15,12,87,,,0,87,,
2014/11/15,13,87,,,0,87,,
2014/11/15,14,87,,,0,87,,
2014/11/15,15,88,,,0,88,,
2014/11/15,16,89,,,0,89,,
2014/11/15,17,99,,,0,99,,
2014/11/15,18,101,,,1,100,,
2014/11/15,19,99,,,0,99,,
2014/11/15,20,98,,,0,98,,
2014/11/15,21,20,,,1,19,,
2014/11/15,22,6,,,1,5,,
2014/11/15,23,7,,,1,5,,
2014/11/15,24,6,,,1,5,,
2014/11/16,01,7,,,1,5,,
2014/11/16,02,7,,,1,5,,
2014/11/16,03,7,,,1,6,,
2014/11/16,04,6,,,0,6,,
2014/11/16,05,7,,,1,5,,
2014/11/16,06,7,,,1,5,,
2014/11/16,07,6,,,1,5,,
2014/11/16,08,7,,,1,6,,
2014/11/16,09,33,,,1,32,,
2014/11/16,10,44,,,1,43,,
2014/11/16,11,86,,,0,86,,
2014/11/16,12,87,,,0,87,,
2014/11/16,13,86,,,0,86,,
2014/11/16,14,87,,,0,87,,
2014/11/16,15,86,,,0,86,,
2014/11/16,16,91,,,0,91,,
2014/11/16,17,99,,,0,99,,
2014/11/16,18,99,,,0,99,,
2014/11/16,19,97,,,0,97,,
2014/11/16,20,96,,,0,96,,
2014/11/16,21,22,,,1,21,,
2014/11/16,22,7,,,2,5,,
2014/11/16,23,7,,,2,5,,
2014/11/16,24,7,,,2,5,,
2014/11/17,01,7,,,2,5,,
2014/11/17,02,7,,,2,5,,
2014/11/17,03,7,,,1,6,,
2014/11/17,04,7,,,2,5,,
2014/11/17,05,7,,,1,6,,
2014/11/17,06,7,,,1,6,,
2014/11/17,07,7,,,1,6,,
2014/11/17,08,7,,,1,6,,
2014/11/17,09,16,,,2,14,,
2014/11/17,10,43,,,2,41,,
2014/11/17,11,88,,,1,87,,
2014/11/17,12,87,,,0,87,,
2014/11/17,13,88,,,1,87,,
2014/11/17,14,88,,,1,87,,
2014/11/17,15,87,,,1,86,,
2014/11/17,16,89,,,1,88,,
2014/11/17,17,98,,,0,98,,
2014/11/17,18,98,,,0,98,,
2014/11/17,19,99,,,1,98,,
2014/11/17,20,97,,,1,96,,
2014/11/17,21,13,,,1,12,,
2014/11/17,22,7,,,1,5,,
2014/11/17,23,6,,,1,5,,
2014/11/17,24,7,,,1,5,,
2014/11/18,01,7,,,1,6,,
2014/11/18,02,7,,,2,5,,
2014/11/18,03,7,,,1,6,,
2014/11/18,04,7,,,2,5,,
2014/11/18,05,7,,,2,5,,
2014/11/18,06,7,,,1,6,,
2014/11/18,07,7,,,1,6,,
2014/11/18,08,7,,,1,6,,
2014/11/18,09,31,,,3,28,,
2014/11/18,10,43,,,2,41,,
2014/11/18,11,88,,,0,88,,
2014/11/18,12,86,,,0,86,,
2014/11/18,13,87,,,0,87,,
2014/11/18,14,87,,,0,87,,
2014/11/18,15,86,,,0,86,,
2014/11/18,16,91,,,1,90,,
2014/11/18,17,99,,,0,99,,
2014/11/18,18,100,,,1,99,,
2014/11/18,19,98,,,0,98,,
2014/11/18,20,98,,,0,98,,
2014/11/18,21,21,,,1,20,,
2014/11/18,22,7,,,1,6,,
2014/11/18,23,7,,,1,6,,
2014/11/18,24,7,,,1,6,,
2014/11/19,01,7,,,1,6,,
2014/11/19,02,7,,,1,6,,
2014/11/19,03,8,,,2,6,,
2014/11/19,04,7,,,1,6,,
2014/11/19,05,7,,,1,6,,
2014/11/19,06,7,,,1,6,,
2014/11/19,07,7,,,1,6,,
2014/11/19,08,7,,,1,6,,
2014/11/19,09,35,,,3,32,,
2014/11/19,10,40,,,2,38,,
2014/11/19,11,88,,,0,88,,
2014/11/19,12,88,,,0,88,,
2014/11/19,13,87,,,0,87,,
2014/11/19,14,88,,,0,88,,
2014/11/19,15,87,,,0,87,,
2014/11/19,16,92,,,0,92,,
2014/11/19,17,99,,,0,99,,
2014/11/19,18,99,,,0,99,,
2014/11/19,19,100,,,0,100,,
2014/11/19,20,97,,,0,97,,
2014/11/19,21,14,,,1,13,,
2014/11/19,22,7,,,1,5,,
2014/11/19,23,6,,,1,5,,
2014/11/19,24,7,,,2,5,,
2014/11/20,01,7,,,1,6,,
2014/11/20,02,7,,,2,5,,
2014/11/20,03,7,,,1,6,,
2014/11/20,04,8,,,2,6,,
2014/11/20,05,6,,,1,5,,
2014/11/20,06,8,,,2,6,,
2014/11/20,07,6,,,0,6,,
2014/11/20,08,8,,,2,6,,
2014/11/20,09,18,,,3,15,,
2014/11/20,10,41,,,2,39,,
2014/11/20,11,93,,,0,93,,
2014/11/20,12,92,,,0,92,,
2014/11/20,13,93,,,0,93,,
2014/11/20,14,93,,,1,92,,
2014/11/20,15,92,,,0,92,,
2014/11/20,16,93,,,0,93,,
2014/11/20,17,97,,,0,97,,
2014/11/20,18,98,,,0,98,,
2014/11/20,19,100,,,1,99,,
2014/11/20,20,102,,,1,101,,
2014/11/20,21,35,,,1,34,,
2014/11/20,22,8,,,1,7,,
2014/11/20,23,8,,,1,7,,
2014/11/20,24,8,,,1,7,,
2014/11/21,01,9,,,2,7,,
2014/11/21,02,8,,,2,6,,
2014/11/21,03,8,,,1,7,,
2014/11/21,04,8,,,1,7,,
2014/11/21,05,8,,,1,7,,
2014/11/21,06,9,,,2,7,,
2014/11/21,07,8,,,1,7,,
2014/11/21,08,8,,,1,7,,
2014/11/21,09,36,,,6,30,,
2014/11/21,10,41,,,5,36,,
2014/11/21,11,91,,,3,88,,
2014/11/21,12,91,,,3,88,,
2014/11/21,13,91,,,3,88,,
2014/11/21,14,90,,,2,88,,
2014/11/21,15,89,,,2,87,,
2014/11/21,16,91,,,2,89,,
2014/11/21,17,101,,,2,99,,
2014/11/21,18,100,,,2,98,,
2014/11/21,19,100,,,2,98,,
2014/11/21,20,99,,,2,97,,
2014/11/21,21,24,,,2,22,,
2014/11/21,22,6,,,1,5,,
2014/11/21,23,7,,,1,6,,
2014/11/21,24,9,,,3,6,,
2014/11/22,01,9,,,3,6,,
2014/11/22,02,9,,,3,6,,
2014/11/22,03,6,,,0,6,,
2014/11/22,04,7,,,1,6,,
2014/11/22,05,7,,,1,6,,
2014/11/22,06,6,,,0,6,,
2014/11/22,07,8,,,2,6,,
2014/11/22,08,6,,,0,6,,
2014/11/22,09,30,,,0,30,,
2014/11/22,10,38,,,1,37,,
2014/11/22,11,86,,,0,86,,
2014/11/22,12,85,,,0,85,,
2014/11/22,13,85,,,0,85,,
2014/11/22,14,85,,,0,85,,
2014/11/22,15,86,,,0,86,,
2014/11/22,16,90,,,0,90,,
2014/11/22,17,97,,,0,97,,
2014/11/22,18,96,,,0,96,,
2014/11/22,19,96,,,0,96,,
2014/11/22,20,96,,,0,96,,
2014/11/22,21,21,,,1,20,,
2014/11/22,22,7,,,1,5,,
2014/11/22,23,7,,,1,5,,
2014/11/22,24,8,,,2,6,,
2014/11/23,01,7,,,1,6,,
2014/11/23,02,7,,,1,6,,
2014/11/23,03,7,,,1,6,,
2014/11/23,04,7,,,1,6,,
2014/11/23,05,7,,,1,6,,
2014/11/23,06,7,,,1,6,,
2014/11/23,07,8,,,2,6,,
2014/11/23,08,8,,,2,6,,
2014/11/23,09,34,,,4,30,,
2014/11/23,10,44,,,2,42,,
2014/11/23,11,89,,,0,89,,
2014/11/23,12,89,,,1,88,,
2014/11/23,13,88,,,0,88,,
2014/11/23,14,88,,,0,88,,
2014/11/23,15,88,,,0,88,,
2014/11/23,16,92,,,0,92,,
2014/11/23,17,101,,,0,101,,
2014/11/23,18,101,,,0,101,,
2014/11/23,19,101,,,0,101,,
2014/11/23,20,101,,,1,100,,
2014/11/23,21,61,,,0,61,,
2014/11/23,22,7,,,1,6,,
2014/11/23,23,7,,,1,6,,
2014/11/23,24,10,,,4,6,,
2014/11/24,01,8,,,2,6,,
2014/11/24,02,7,,,1,6,,
2014/11/24,03,8,,,2,6,,
2014/11/24,04,7,,,1,6,,
2014/11/24,05,7,,,1,6,,
2014/11/24,06,8,,,2,6,,
2014/11/24,07,7,,,1,6,,
2014/11/24,08,9,,,2,6,,
2014/11/24,09,19,,,2,17,,
2014/11/24,10,46,,,3,43,,
2014/11/24,11,93,,,1,92,,
2014/11/24,12,114,,,23,91,,
2014/11/24,13,103,,,12,91,,
2014/11/24,14,95,,,5,90,,
2014/11/24,15,93,,,3,90,,
2014/11/24,16,94,,,1,93,,
2014/11/24,17,101,,,1,100,,
2014/11/24,18,100,,,1,99,,
2014/11/24,19,101,,,1,100,,
2014/11/24,20,98,,,0,98,,
2014/11/24,21,15,,,1,14,,
2014/11/24,22,7,,,1,6,,
2014/11/24,23,7,,,1,6,,
2014/11/24,24,9,,,3,6,,
2014/11/25,01,7,,,1,5,,
2014/11/25,02,7,,,1,6,,
2014/11/25,03,7,,,1,6,,
2014/11/25,04,7,,,1,6,,
2014/11/25,05,7,,,1,6,,
2014/11/25,06,7,,,1,6,,
2014/11/25,07,7,,,1,6,,
2014/11/25,08,7,,,1,6,,
2014/11/25,09,66,,,38,28,,
2014/11/25,10,65,,,28,37,,
2014/11/25,11,108,,,20,88,,
2014/11/25,12,96,,,8,88,,
2014/11/25,13,97,,,7,90,,
2014/11/25,14,95,,,5,90,,
2014/11/25,15,93,,,4,89,,
2014/11/25,16,94,,,4,90,,
2014/11/25,17,102,,,4,98,,
2014/11/25,18,102,,,3,99,,
2014/11/25,19,101,,,2,99,,
2014/11/25,20,100,,,2,98,,
2014/11/25,21,26,,,0,26,,
2014/11/25,22,8,,,2,6,,
2014/11/25,23,7,,,1,6,,
2014/11/25,24,8,,,2,6,,
2014/11/26,01,11,,,5,6,,
2014/11/26,02,8,,,2,6,,
2014/11/26,03,8,,,2,6,,
2014/11/26,04,7,,,1,6,,
2014/11/26,05,7,,,1,6,,
2014/11/26,06,8,,,2,6,,
2014/11/26,07,7,,,1,6,,
2014/11/26,08,8,,,2,6,,
2014/11/26,09,64,,,33,31,,
2014/11/26,10,69,,,27,42,,
2014/11/26,11,102,,,16,86,,
2014/11/26,12,98,,,11,87,,
2014/11/26,13,91,,,3,88,,
2014/11/26,14,91,,,3,88,,
2014/11/26,15,90,,,3,87,,
2014/11/26,16,92,,,3,89,,
2014/11/26,17,102,,,2,100,,
2014/11/26,18,104,,,3,101,,
2014/11/26,19,104,,,3,101,,
2014/11/26,20,104,,,4,100,,
2014/11/26,21,19,,,2,17,,
2014/11/26,22,7,,,1,6,,
2014/11/26,23,7,,,1,6,,
2014/11/26,24,10,,,4,6,,
2014/11/27,01,8,,,2,6,,
2014/11/27,02,7,,,1,6,,
2014/11/27,03,8,,,2,6,,
2014/11/27,04,7,,,1,6,,
2014/11/27,05,8,,,2,6,,
2014/11/27,06,7,,,1,6,,
2014/11/27,07,7,,,1,6,,
2014/11/27,08,8,,,2,6,,
2014/11/27,09,31,,,2,29,,
2014/11/27,10,62,,,18,44,,
2014/11/27,11,100,,,13,87,,
2014/11/27,12,95,,,9,86,,
2014/11/27,13,89,,,2,87,,
2014/11/27,14,86,,,0,86,,
2014/11/27,15,86,,,0,86,,
2014/11/27,16,90,,,0,90,,
2014/11/27,17,99,,,0,99,,
2014/11/27,18,99,,,0,99,,
2014/11/27,19,100,,,0,100,,
2014/11/27,20,99,,,0,99,,
2014/11/27,21,16,,,1,15,,
2014/11/27,22,7,,,1,6,,
2014/11/27,23,7,,,1,6,,
2014/11/27,24,10,,,4,6,,
2014/11/28,01,8,,,1,6,,
2014/11/28,02,7,,,1,6,,
2014/11/28,03,7,,,1,6,,
2014/11/28,04,7,,,1,6,,
2014/11/28,05,8,,,2,6,,
2014/11/28,06,7,,,1,6,,
2014/11/28,07,8,,,2,6,,
2014/11/28,08,7,,,1,6,,
2014/11/28,09,35,,,20,14,,
2014/11/28,10,68,,,28,40,,
2014/11/28,11,103,,,17,86,,
2014/11/28,12,88,,,2,86,,
2014/11/28,13,85,,,0,85,,
2014/11/28,14,86,,,0,86,,
2014/11/28,15,85,,,0,85,,
2014/11/28,16,87,,,1,86,,
2014/11/28,17,98,,,0,98,,
2014/11/28,18,98,,,0,98,,
2014/11/28,19,98,,,0,98,,
2014/11/28,20,98,,,0,98,,
2014/11/28,21,26,,,2,24,,
2014/11/28,22,6,,,0,6,,
2014/11/28,23,7,,,1,6,,
2014/11/28,24,9,,,3,6,,
2014/11/29,01,7,,,1,6,,
2014/11/29,02,7,,,1,6,,
2014/11/29,03,7,,,1,6,,
2014/11/29,04,7,,,1,6,,
2014/11/29,05,7,,,1,6,,
2014/11/29,06,7,,,1,6,,
2014/11/29,07,6,,,0,6,,
2014/11/29,08,8,,,1,6,,
2014/11/29,09,33,,,18,15,,
2014/11/29,10,62,,,24,38,,
2014/11/29,11,101,,,15,86,,
2014/11/29,12,86,,,0,86,,
2014/11/29,13,87,,,1,86,,
2014/11/29,14,86,,,0,86,,
2014/11/29,15,89,,,0,89,,
2014/11/29,16,93,,,1,92,,
2014/11/29,17,98,,,0,98,,
2014/11/29,18,101,,,1,100,,
2014/11/29,19,100,,,0,100,,
2014/11/29,20,98,,,0,98,,
2014/11/29,21,18,,,0,18,,
2014/11/29,22,6,,,1,5,,
2014/11/29,23,7,,,1,5,,
2014/11/29,24,9,,,4,5,,
2014/11/30,01,6,,,1,5,,
2014/11/30,02,7,,,1,5,,
2014/11/30,03,7,,,1,6,,
2014/11/30,04,6,,,0,6,,
2014/11/30,05,7,,,2,5,,
2014/11/30,06,7,,,2,5,,
2014/11/30,07,7,,,2,5,,
2014/11/30,08,7,,,1,6,,
2014/11/30,09,31,,,18,13,,
2014/11/30,10,67,,,28,39,,
2014/11/30,11,106,,,17,89,,
2014/11/30,12,92,,,2,90,,
2014/11/30,13,90,,,0,90,,
2014/11/30,14,89,,,0,89,,
2014/11/30,15,90,,,1,89,,
2014/11/30,16,90,,,0,90,,
2014/11/30,17,99,,,1,98,,
2014/11/30,18,100,,,0,100,,
2014/11/30,19,100,,,0,100,,
2014/11/30,20,100,,,1,99,,
2014/11/30,21,19,,,0,19,,
2014/11/30,22,7,,,1,5,,
2014/11/30,23,6,,,1,5,,
2014/11/30,24,8,,,3,5,,
2014/12/01,01,7,,,1,5,,
2014/12/01,02,6,,,1,5,,
2014/12/01,03,7,,,1,6,,
2014/12/01,04,6,,,1,5,,
2014/12/01,05,6,,,1,5,,
2014/12/01,06,7,,,1,6,,
2014/12/01,07,6,,,1,5,,
2014/12/01,08,6,,,1,5,,
2014/12/01,09,31,,,2,29,,
2014/12/01,10,53,,,14,39,,
2014/12/01,11,106,,,18,88,,
2014/12/01,12,91,,,3,88,,
2014/12/01,13,89,,,0,89,,
2014/12/01,14,88,,,0,88,,
2014/12/01,15,89,,,1,88,,
2014/12/01,16,93,,,0,93,,
2014/12/01,17,97,,,0,97,,
2014/12/01,18,97,,,0,97,,
2014/12/01,19,98,,,0,98,,
2014/12/01,20,96,,,0,96,,
2014/12/01,21,17,,,1,16,,
2014/12/01,22,6,,,1,5,,
2014/12/01,23,6,,,1,5,,
2014/12/01,24,8,,,2,5,,
2014/12/02,01,6,,,1,5,,
2014/12/02,02,6,,,1,5,,
2014/12/02,03,6,,,0,6,,
2014/12/02,04,6,,,0,6,,
2014/12/02,05,7,,,1,6,,
2014/12/02,06,7,,,1,6,,
2014/12/02,07,6,,,0,6,,
2014/12/02,08,7,,,1,6,,
2014/12/02,09,54,,,28,26,,
2014/12/02,10,64,,,20,44,,
2014/12/02,11,95,,,8,87,,
2014/12/02,12,85,,,0,85,,
2014/12/02,13,85,,,0,85,,
2014/12/02,14,85,,,0,85,,
2014/12/02,15,86,,,0,86,,
2014/12/02,16,91,,,1,90,,
2014/12/02,17,98,,,0,98,,
2014/12/02,18,99,,,1,98,,
2014/12/02,19,99,,,1,98,,
2014/12/02,20,100,,,1,99,,
2014/12/02,21,31,,,1,30,,
2014/12/02,22,7,,,1,6,,
2014/12/02,23,7,,,1,6,,
2014/12/02,24,10,,,4,6,,
2014/12/03,01,7,,,1,6,,
2014/12/03,02,8,,,1,6,,
2014/12/03,03,7,,,1,6,,
2014/12/03,04,8,,,2,6,,
2014/12/03,05,7,,,1,6,,
2014/12/03,06,7,,,1,6,,
2014/12/03,07,8,,,2,6,,
2014/12/03,08,7,,,1,6,,
2014/12/03,09,38,,,22,15,,
2014/12/03,10,68,,,28,40,,
2014/12/03,11,103,,,19,84,,
2014/12/03,12,91,,,5,86,,
2014/12/03,13,88,,,0,88,,
2014/12/03,14,89,,,1,88,,
2014/12/03,15,89,,,1,88,,
2014/12/03,16,92,,,1,91,,
2014/12/03,17,101,,,1,100,,
2014/12/03,18,101,,,2,99,,
2014/12/03,19,101,,,1,100,,
2014/12/03,20,100,,,1,99,,
2014/12/03,21,19,,,2,17,,
2014/12/03,22,8,,,1,7,,
2014/12/03,23,8,,,1,7,,
2014/12/03,24,11,,,4,7,,
2014/12/04,01,9,,,2,7,,
2014/12/04,02,8,,,1,7,,
2014/12/04,03,9,,,2,7,,
2014/12/04,04,8,,,1,7,,
2014/12/04,05,8,,,1,7,,
2014/12/04,06,8,,,1,7,,
2014/12/04,07,9,,,2,7,,
2014/12/04,08,8,,,1,7,,
2014/12/04,09,30,,,17,13,,
2014/12/04,10,73,,,33,40,,
2014/12/04,11,110,,,20,90,,
2014/12/04,12,100,,,10,90,,
2014/12/04,13,95,,,3,92,,
2014/12/04,14,91,,,1,90,,
2014/12/04,15,91,,,1,90,,
2014/12/04,16,94,,,1,93,,
2014/12/04,17,101,,,1,100,,
2014/12/04,18,101,,,1,100,,
2014/12/04,19,102,,,2,100,,
2014/12/04,20,101,,,1,100,,
2014/12/04,21,18,,,0,18,,
2014/12/04,22,6,,,2,4,,
2014/12/04,23,6,,,2,4,,
2014/12/04,24,9,,,4,4,,
2014/12/05,01,7,,,2,5,,
2014/12/05,02,6,,,2,4,,
2014/12/05,03,6,,,2,4,,
2014/12/05,04,7,,,2,5,,
2014/12/05,05,5,,,1,4,,
2014/12/05,06,6,,,2,4,,
2014/12/05,07,6,,,2,4,,
2014/12/05,08,6,,,1,5,,
2014/12/05,09,60,,,31,29,,
2014/12/05,10,67,,,26,41,,
2014/12/05,11,101,,,14,87,,
2014/12/05,12,97,,,11,86,,
2014/12/05,13,98,,,9,89,,
2014/12/05,14,91,,,2,89,,
2014/12/05,15,90,,,1,89,,
2014/12/05,16,96,,,1,95,,
2014/12/05,17,100,,,1,99,,
2014/12/05,18,100,,,1,99,,
2014/12/05,19,100,,,2,98,,
2014/12/05,20,99,,,1,98,,
2014/12/05,21,28,,,0,28,,
2014/12/05,22,7,,,1,6,,
2014/12/05,23,8,,,2,6,,
2014/12/05,24,9,,,3,6,,
2014/12/06,01,9,,,3,6,,
2014/12/06,02,7,,,1,6,,
2014/12/06,03,8,,,2,6,,
2014/12/06,04,7,,,1,6,,
2014/12/06,05,7,,,1,6,,
2014/12/06,06,7,,,1,6,,
2014/12/06,07,8,,,2,6,,
2014/12/06,08,8,,,2,6,,
2014/12/06,09,65,,,36,29,,
2014/12/06,10,76,,,38,38,,
2014/12/06,11,109,,,23,86,,
2014/12/06,12,101,,,14,87,,
2014/12/06,13,99,,,13,86,,
2014/12/06,14,93,,,6,87,,
2014/12/06,15,90,,,3,87,,
2014/12/06,16,96,,,2,94,,
2014/12/06,17,101,,,1,100,,
2014/12/06,18,105,,,6,99,,
2014/12/06,19,104,,,5,99,,
2014/12/06,20,98,,,0,98,,
2014/12/06,21,20,,,1,19,,
2014/12/06,22,7,,,1,6,,
2014/12/06,23,7,,,1,6,,
2014/12/06,24,10,,,4,6,,
2014/12/07,01,9,,,3,6,,
2014/12/07,02,7,,,1,6,,
2014/12/07,03,8,,,2,6,,
2014/12/07,04,7,,,1,6,,
2014/12/07,05,7,,,1,6,,
2014/12/07,06,8,,,2,6,,
2014/12/07,07,7,,,1,6,,
2014/12/07,08,8,,,2,6,,
2014/12/07,09,77,,,48,29,,
2014/12/07,10,79,,,37,42,,
2014/12/07,11,110,,,22,88,,
2014/12/07,12,107,,,19,88,,
2014/12/07,13,95,,,8,87,,
2014/12/07,14,94,,,6,88,,
2014/12/07,15,91,,,4,87,,
2014/12/07,16,95,,,1,94,,
2014/12/07,17,101,,,1,100,,
2014/12/07,18,104,,,2,102,,
2014/12/07,19,103,,,1,102,,
2014/12/07,20,101,,,1,100,,
2014/12/07,21,24,,,1,23,,
2014/12/07,22,8,,,2,6,,
2014/12/07,23,7,,,1,6,,
2014/12/07,24,9,,,3,6,,
2014/12/08,01,8,,,2,6,,
2014/12/08,02,8,,,2,6,,
2014/12/08,03,7,,,1,6,,
2014/12/08,04,7,,,1,6,,
2014/12/08,05,8,,,2,6,,
2014/12/08,06,7,,,1,6,,
2014/12/08,07,8,,,2,6,,
2014/12/08,08,8,,,2,6,,
2014/12/08,09,44,,,28,16,,
2014/12/08,10,83,,,42,41,,
2014/12/08,11,118,,,26,92,,
2014/12/08,12,111,,,21,90,,
2014/12/08,13,101,,,11,90,,
2014/12/08,14,99,,,8,91,,
2014/12/08,15,95,,,3,92,,
2014/12/08,16,99,,,3,96,,
2014/12/08,17,105,,,5,100,,
2014/12/08,18,103,,,3,100,,
2014/12/08,19,105,,,4,101,,
2014/12/08,20,104,,,4,100,,
2014/12/08,21,87,,,1,86,,
2014/12/08,22,88,,,0,88,,
2014/12/08,23,88,,,0,88,,
2014/12/08,24,89,,,1,88,,
2014/12/09,01,89,,,3,86,,
2014/12/09,02,12,,,5,7,,
2014/12/09,03,8,,,2,6,,
2014/12/09,04,7,,,1,6,,
2014/12/09,05,8,,,2,6,,
2014/12/09,06,7,,,1,6,,
2014/12/09,07,8,,,2,6,,
2014/12/09,08,8,,,2,6,,
2014/12/09,09,81,,,53,28,,
2014/12/09,10,73,,,35,38,,
2014/12/09,11,106,,,21,85,,
2014/12/09,12,100,,,16,84,,
2014/12/09,13,88,,,3,85,,
2014/12/09,14,89,,,3,86,,
2014/12/09,15,90,,,3,87,,
2014/12/09,16,95,,,1,94,,
2014/12/09,17,100,,,1,99,,
2014/12/09,18,99,,,1,98,,
2014/12/09,19,104,,,5,99,,
2014/12/09,20,104,,,6,98,,
2014/12/09,21,23,,,2,21,,
2014/12/09,22,7,,,1,6,,
2014/12/09,23,7,,,1,6,,
2014/12/09,24,10,,,4,6,,
2014/12/10,01,9,,,3,6,,
2014/12/10,02,7,,,1,6,,
2014/12/10,03,8,,,2,6,,
2014/12/10,04,7,,,1,6,,
2014/12/10,05,7,,,1,6,,
2014/12/10,06,8,,,2,6,,
2014/12/10,07,7,,,1,6,,
2014/12/10,08,9,,,2,6,,
2014/12/10,09,77,,,48,29,,
2014/12/10,10,80,,,38,42,,
2014/12/10,11,110,,,23,87,,
2014/12/10,12,108,,,21,87,,
2014/12/10,13,103,,,15,88,,
2014/12/10,14,97,,,9,88,,
2014/12/10,15,94,,,6,88,,
2014/12/10,16,101,,,3,98,,
2014/12/10,17,102,,,2,100,,
2014/12/10,18,110,,,10,100,,
2014/12/10,19,101,,,1,100,,
2014/12/10,20,100,,,0,100,,
2014/12/10,21,27,,,2,25,,
2014/12/10,22,7,,,1,6,,
2014/12/10,23,7,,,1,6,,
2014/12/10,24,10,,,4,6,,
2014/12/11,01,9,,,3,6,,
2014/12/11,02,7,,,1,6,,
2014/12/11,03,8,,,2,6,,
2014/12/11,04,7,,,1,6,,
2014/12/11,05,8,,,2,6,,
2014/12/11,06,7,,,1,6,,
2014/12/11,07,8,,,2,6,,
2014/12/11,08,7,,,1,6,,
2014/12/11,09,76,,,46,30,,
2014/12/11,10,79,,,35,44,,
2014/12/11,11,113,,,25,88,,
2014/12/11,12,108,,,18,90,,
2014/12/11,13,109,,,14,95,,
2014/12/11,14,104,,,10,94,,
2014/12/11,15,98,,,3,95,,
2014/12/11,16,99,,,1,98,,
2014/12/11,17,102,,,2,100,,
2014/12/11,18,100,,,0,100,,
2014/12/11,19,101,,,2,99,,
2014/12/11,20,100,,,1,99,,
2014/12/11,21,18,,,1,17,,
2014/12/11,22,7,,,1,6,,
2014/12/11,23,7,,,1,6,,
2014/12/11,24,10,,,4,6,,
2014/12/12,01,8,,,2,6,,
2014/12/12,02,7,,,1,6,,
2014/12/12,03,7,,,1,6,,
2014/12/12,04,8,,,2,6,,
2014/12/12,05,7,,,1,6,,
2014/12/12,06,8,,,2,6,,
2014/12/12,07,7,,,1,6,,
2014/12/12,08,8,,,2,6,,
2014/12/12,09,27,,,15,12,,
2014/12/12,10,82,,,44,38,,
2014/12/12,11,117,,,27,90,,
2014/12/12,12,109,,,19,90,,
2014/12/12,13,102,,,12,90,,
2014/12/12,14,98,,,8,90,,
2014/12/12,15,94,,,4,90,,
2014/12/12,16,98,,,3,95,,
2014/12/12,17,105,,,4,101,,
2014/12/12,18,105,,,3,102,,
2014/12/12,19,105,,,5,100,,
2014/12/12,20,108,,,9,99,,
2014/12/12,21,38,,,2,36,,
2014/12/12,22,8,,,1,7,,
2014/12/12,23,8,,,1,7,,
2014/12/12,24,10,,,3,7,,
2014/12/13,01,10,,,3,7,,
2014/12/13,02,12,,,5,7,,
2014/12/13,03,8,,,1,7,,
2014/12/13,04,8,,,1,7,,
2014/12/13,05,8,,,1,7,,
2014/12/13,06,9,,,2,7,,
2014/12/13,07,8,,,1,7,,
2014/12/13,08,8,,,1,7,,
2014/12/13,09,36,,,21,15,,
2014/12/13,10,87,,,52,35,,
2014/12/13,11,121,,,30,91,,
2014/12/13,12,115,,,24,91,,
2014/12/13,13,110,,,19,91,,
2014/12/13,14,101,,,10,91,,
2014/12/13,15,105,,,10,95,,
2014/12/13,16,109,,,9,100,,
2014/12/13,17,105,,,3,102,,
2014/12/13,18,114,,,13,101,,
2014/12/13,19,109,,,7,102,,
2014/12/13,20,112,,,11,101,,
2014/12/13,21,76,,,4,72,,
2014/12/13,22,8,,,1,7,,
2014/12/13,23,8,,,1,7,,
2014/12/13,24,10,,,3,7,,
2014/12/14,01,11,,,4,7,,
2014/12/14,02,11,,,4,7,,
2014/12/14,03,11,,,4,7,,
2014/12/14,04,8,,,1,7,,
2014/12/14,05,8,,,1,7,,
2014/12/14,06,9,,,2,7,,
2014/12/14,07,8,,,1,7,,
2014/12/14,08,8,,,1,7,,
2014/12/14,09,62,,,39,23,,
2014/12/14,10,96,,,56,40,,
2014/12/14,11,127,,,36,91,,
2014/12/14,12,113,,,23,90,,
2014/12/14,13,111,,,20,91,,
2014/12/14,14,112,,,20,92,,
2014/12/14,15,110,,,17,93,,
2014/12/14,16,117,,,16,101,,
2014/12/14,17,112,,,11,101,,
2014/12/14,18,112,,,11,101,,
2014/12/14,19,113,,,12,101,,
2014/12/14,20,106,,,6,100,,
2014/12/14,21,21,,,1,20,,
2014/12/14,22,6,,,2,4,,
2014/12/14,23,6,,,2,4,,
2014/12/14,24,7,,,3,4,,
2014/12/15,01,9,,,5,4,,
2014/12/15,02,7,,,2,4,,
2014/12/15,03,6,,,2,4,,
2014/12/15,04,6,,,2,4,,
2014/12/15,05,5,,,1,4,,
2014/12/15,06,6,,,2,4,,
2014/12/15,07,7,,,2,4,,
2014/12/15,08,6,,,2,4,,
2014/12/15,09,56,,,27,29,,
2014/12/15,10,86,,,48,38,,
2014/12/15,11,113,,,27,86,,
2014/12/15,12,105,,,19,86,,
2014/12/15,13,102,,,17,85,,
2014/12/15,14,97,,,12,85,,
2014/12/15,15,98,,,12,86,,
2014/12/15,16,94,,,4,90,,
2014/12/15,17,113,,,14,99,,
2014/12/15,18,103,,,3,100,,
2014/12/15,19,108,,,9,99,,
2014/12/15,20,104,,,7,97,,
2014/12/15,21,31,,,1,30,,
2014/12/15,22,5,,,1,4,,
2014/12/15,23,6,,,2,4,,
2014/12/15,24,8,,,3,4,,
2014/12/16,01,9,,,5,4,,
2014/12/16,02,8,,,4,4,,
2014/12/16,03,6,,,2,4,,
2014/12/16,04,6,,,2,4,,
2014/12/16,05,6,,,2,4,,
2014/12/16,06,6,,,2,4,,
2014/12/16,07,6,,,2,4,,
2014/12/16,08,6,,,2,4,,
2014/12/16,09,62,,,34,28,,
2014/12/16,10,93,,,54,39,,
2014/12/16,11,110,,,24,86,,
2014/12/16,12,105,,,20,85,,
2014/12/16,13,100,,,15,85,,
2014/12/16,14,99,,,14,85,,
2014/12/16,15,97,,,10,87,,
2014/12/16,16,106,,,9,97,,
2014/12/16,17,101,,,3,98,,
2014/12/16,18,103,,,4,99,,
2014/12/16,19,109,,,9,100,,
2014/12/16,20,103,,,4,99,,
2014/12/16,21,25,,,1,24,,
2014/12/16,22,6,,,1,5,,
2014/12/16,23,7,,,1,5,,
2014/12/16,24,9,,,4,5,,
2014/12/17,01,8,,,3,5,,
2014/12/17,02,7,,,1,5,,
2014/12/17,03,7,,,1,5,,
2014/12/17,04,6,,,1,5,,
2014/12/17,05,7,,,1,5,,
2014/12/17,06,6,,,1,5,,
2014/12/17,07,7,,,1,5,,
2014/12/17,08,6,,,1,5,,
2014/12/17,09,59,,,29,30,,
2014/12/17,10,77,,,39,38,,
2014/12/17,11,119,,,30,89,,
2014/12/17,12,113,,,24,89,,
2014/12/17,13,109,,,20,89,,
2014/12/17,14,101,,,11,90,,
2014/12/17,15,106,,,17,89,,
2014/12/17,16,105,,,11,94,,
2014/12/17,17,110,,,12,98,,
2014/12/17,18,107,,,9,98,,
2014/12/17,19,103,,,5,98,,
2014/12/17,20,106,,,9,97,,
2014/12/17,21,17,,,1,16,,
2014/12/17,22,6,,,1,5,,
2014/12/17,23,6,,,1,5,,
2014/12/17,24,8,,,3,5,,
2014/12/18,01,9,,,4,5,,
2014/12/18,02,10,,,4,5,,
2014/12/18,03,7,,,2,5,,
2014/12/18,04,6,,,1,5,,
2014/12/18,05,7,,,2,5,,
2014/12/18,06,6,,,1,5,,
2014/12/18,07,7,,,2,5,,
2014/12/18,08,7,,,2,5,,
2014/12/18,09,68,,,42,26,,
2014/12/18,10,72,,,35,37,,
2014/12/18,11,114,,,28,86,,
2014/12/18,12,110,,,24,86,,
2014/12/18,13,103,,,18,85,,
2014/12/18,14,97,,,11,86,,
2014/12/18,15,99,,,13,86,,
2014/12/18,16,99,,,5,94,,
2014/12/18,17,108,,,9,99,,
2014/12/18,18,103,,,5,98,,
2014/12/18,19,103,,,4,99,,
2014/12/18,20,101,,,3,98,,
2014/12/18,21,18,,,2,16,,
2014/12/18,22,6,,,1,5,,
2014/12/18,23,7,,,2,5,,
2014/12/18,24,8,,,3,5,,
2014/12/19,01,9,,,4,5,,
2014/12/19,02,9,,,3,5,,
2014/12/19,03,7,,,2,5,,
2014/12/19,04,6,,,1,5,,
2014/12/19,05,7,,,2,5,,
2014/12/19,06,7,,,2,5,,
2014/12/19,07,6,,,1,5,,
2014/12/19,08,8,,,2,5,,
2014/12/19,09,55,,,29,26,,
2014/12/19,10,72,,,34,38,,
2014/12/19,11,110,,,24,86,,
2014/12/19,12,105,,,19,86,,
2014/12/19,13,102,,,16,86,,
2014/12/19,14,97,,,10,87,,
2014/12/19,15,99,,,11,88,,
2014/12/19,16,98,,,6,92,,
2014/12/19,17,104,,,3,101,,
2014/12/19,18,105,,,4,101,,
2014/12/19,19,105,,,4,101,,
2014/12/19,20,104,,,3,101,,
2014/12/19,21,64,,,0,64,,
2014/12/19,22,8,,,1,7,,
2014/12/19,23,8,,,1,7,,
2014/12/19,24,10,,,3,7,,
2014/12/20,01,11,,,4,7,,
2014/12/20,02,11,,,4,7,,
2014/12/20,03,10,,,3,7,,
2014/12/20,04,9,,,2,7,,
2014/12/20,05,8,,,1,7,,
2014/12/20,06,8,,,1,7,,
2014/12/20,07,8,,,1,7,,
2014/12/20,08,8,,,1,7,,
2014/12/20,09,45,,,16,28,,
2014/12/20,10,79,,,37,42,,
2014/12/20,11,117,,,29,88,,
2014/12/20,12,111,,,23,88,,
2014/12/20,13,106,,,18,88,,
2014/12/20,14,99,,,12,87,,
2014/12/20,15,96,,,9,87,,
2014/12/20,16,105,,,9,96,,
2014/12/20,17,103,,,3,100,,
2014/12/20,18,106,,,5,101,,
2014/12/20,19,104,,,4,100,,
2014/12/20,20,102,,,4,98,,
2014/12/20,21,28,,,3,25,,
2014/12/20,22,7,,,1,6,,
2014/12/20,23,7,,,1,6,,
2014/12/20,24,10,,,4,6,,
2014/12/21,01,8,,,2,6,,
2014/12/21,02,8,,,1,6,,
2014/12/21,03,8,,,1,6,,
2014/12/21,04,7,,,1,6,,
2014/12/21,05,8,,,1,6,,
2014/12/21,06,7,,,1,6,,
2014/12/21,07,9,,,2,6,,
2014/12/21,08,7,,,1,6,,
2014/12/21,09,54,,,26,28,,
2014/12/21,10,68,,,25,43,,
2014/12/21,11,115,,,26,89,,
2014/12/21,12,102,,,15,87,,
2014/12/21,13,97,,,10,87,,
2014/12/21,14,98,,,11,87,,
2014/12/21,15,95,,,7,88,,
2014/12/21,16,100,,,3,97,,
2014/12/21,17,105,,,3,102,,
2014/12/21,18,106,,,4,102,,
2014/12/21,19,105,,,3,102,,
2014/12/21,20,104,,,4,100,,
2014/12/21,21,43,,,2,41,,
2014/12/21,22,8,,,1,7,,
2014/12/21,23,8,,,1,7,,
2014/12/21,24,10,,,3,7,,
2014/12/22,01,11,,,4,7,,
2014/12/22,02,11,,,4,7,,
2014/12/22,03,8,,,1,7,,
2014/12/22,04,8,,,1,7,,
2014/12/22,05,8,,,1,7,,
2014/12/22,06,8,,,1,7,,
2014/12/22,07,8,,,1,7,,
2014/12/22,08,9,,,2,7,,
2014/12/22,09,32,,,18,14,,
2014/12/22,10,94,,,52,42,,
2014/12/22,11,120,,,30,90,,
2014/12/22,12,113,,,23,90,,
2014/12/22,13,111,,,21,90,,
2014/12/22,14,106,,,15,91,,
2014/12/22,15,101,,,10,91,,
2014/12/22,16,103,,,9,94,,
2014/12/22,17,108,,,8,100,,
2014/12/22,18,111,,,8,103,,
2014/12/22,19,112,,,9,103,,
2014/12/22,20,107,,,5,102,,
2014/12/22,21,60,,,2,58,,
2014/12/22,22,10,,,1,9,,
2014/12/22,23,10,,,2,8,,
2014/12/22,24,11,,,3,8,,
2014/12/23,01,12,,,4,8,,
2014/12/23,02,13,,,4,8,,
2014/12/23,03,10,,,2,8,,
2014/12/23,04,9,,,1,8,,
2014/12/23,05,10,,,2,8,,
2014/12/23,06,10,,,2,8,,
2014/12/23,07,9,,,1,8,,
2014/12/23,08,10,,,2,8,,
2014/12/23,09,35,,,18,17,,
2014/12/23,10,96,,,53,43,,
2014/12/23,11,121,,,31,90,,
2014/12/23,12,112,,,22,90,,
2014/12/23,13,108,,,18,90,,
2014/12/23,14,103,,,14,89,,
2014/12/23,15,101,,,11,90,,
2014/12/23,16,104,,,9,95,,
2014/12/23,17,106,,,3,103,,
2014/12/23,18,114,,,11,103,,
2014/12/23,19,108,,,5,103,,
2014/12/23,20,106,,,3,103,,
2014/12/23,21,45,,,2,43,,
2014/12/23,22,7,,,1,6,,
2014/12/23,23,8,,,2,6,,
2014/12/23,24,9,,,3,6,,
2014/12/24,01,10,,,4,6,,
2014/12/24,02,10,,,4,6,,
2014/12/24,03,10,,,4,6,,
2014/12/24,04,7,,,1,6,,
2014/12/24,05,8,,,2,6,,
2014/12/24,06,7,,,1,6,,
2014/12/24,07,7,,,1,6,,
2014/12/24,08,8,,,2,6,,
2014/12/24,09,50,,,23,27,,
2014/12/24,10,79,,,37,42,,
2014/12/24,11,128,,,39,89,,
2014/12/24,12,115,,,27,88,,
2014/12/24,13,105,,,17,88,,
2014/12/24,14,103,,,16,87,,
2014/12/24,15,102,,,15,87,,
2014/12/24,16,109,,,14,95,,
2014/12/24,17,107,,,7,100,,
2014/12/24,18,109,,,8,101,,
2014/12/24,19,109,,,8,101,,
2014/12/24,20,105,,,5,100,,
2014/12/24,21,25,,,2,23,,
2014/12/24,22,7,,,1,6,,
2014/12/24,23,7,,,1,6,,
2014/12/24,24,9,,,3,6,,
2014/12/25,01,10,,,4,6,,
2014/12/25,02,9,,,3,6,,
2014/12/25,03,10,,,4,6,,
2014/12/25,04,11,,,5,6,,
2014/12/25,05,10,,,4,6,,
2014/12/25,06,8,,,2,6,,
2014/12/25,07,7,,,1,6,,
2014/12/25,08,7,,,1,6,,
2014/12/25,09,53,,,27,26,,
2014/12/25,10,87,,,48,39,,
2014/12/25,11,121,,,33,88,,
2014/12/25,12,112,,,25,87,,
2014/12/25,13,106,,,18,88,,
2014/12/25,14,103,,,16,87,,
2014/12/25,15,99,,,11,88,,
2014/12/25,16,102,,,8,94,,
2014/12/25,17,110,,,10,100,,
2014/12/25,18,113,,,12,101,,
2014/12/25,19,107,,,6,101,,
2014/12/25,20,104,,,4,100,,
2014/12/25,21,21,,,2,19,,
2014/12/25,22,7,,,1,6,,
2014/12/25,23,7,,,1,6,,
2014/12/25,24,9,,,3,6,,
2014/12/26,01,9,,,3,6,,
2014/12/26,02,10,,,4,6,,
2014/12/26,03,10,,,4,6,,
2014/12/26,04,11,,,5,6,,
2014/12/26,05,10,,,4,6,,
2014/12/26,06,8,,,2,6,,
2014/12/26,07,8,,,2,6,,
2014/12/26,08,7,,,1,6,,
2014/12/26,09,34,,,18,16,,
2014/12/26,10,95,,,55,40,,
2014/12/26,11,120,,,34,86,,
2014/12/26,12,112,,,26,86,,
2014/12/26,13,109,,,22,87,,
2014/12/26,14,106,,,18,88,,
2014/12/26,15,105,,,17,88,,
2014/12/26,16,102,,,10,92,,
2014/12/26,17,103,,,5,98,,
2014/12/26,18,116,,,16,100,,
2014/12/26,19,106,,,6,100,,
2014/12/26,20,106,,,7,99,,
2014/12/26,21,33,,,3,30,,
2014/12/26,22,7,,,1,6,,
2014/12/26,23,7,,,1,6,,
2014/12/26,24,9,,,3,6,,
2014/12/27,01,11,,,4,6,,
2014/12/27,02,9,,,3,6,,
2014/12/27,03,8,,,2,6,,
2014/12/27,04,7,,,1,6,,
2014/12/27,05,7,,,1,6,,
2014/12/27,06,8,,,2,6,,
2014/12/27,07,7,,,1,6,,
2014/12/27,08,8,,,2,6,,
2014/12/27,09,74,,,47,27,,
2014/12/27,10,80,,,43,36,,
2014/12/27,11,116,,,28,88,,
2014/12/27,12,112,,,24,88,,
2014/12/27,13,103,,,15,88,,
2014/12/27,14,102,,,14,88,,
2014/12/27,15,101,,,13,88,,
2014/12/27,16,106,,,10,96,,
2014/12/27,17,107,,,7,100,,
2014/12/27,18,107,,,7,100,,
2014/12/27,19,108,,,8,100,,
2014/12/27,20,104,,,5,99,,
2014/12/27,21,37,,,1,36,,
2014/12/27,22,7,,,1,6,,
2014/12/27,23,8,,,2,6,,
2014/12/27,24,8,,,2,6,,
2014/12/28,01,10,,,4,6,,
2014/12/28,02,10,,,4,6,,
2014/12/28,03,8,,,2,6,,
2014/12/28,04,7,,,1,6,,
2014/12/28,05,8,,,2,6,,
2014/12/28,06,7,,,1,6,,
2014/12/28,07,7,,,1,6,,
2014/12/28,08,8,,,2,6,,
2014/12/28,09,74,,,48,26,,
2014/12/28,10,82,,,43,39,,
2014/12/28,11,112,,,26,86,,
2014/12/28,12,103,,,16,87,,
2014/12/28,13,104,,,14,90,,
2014/12/28,14,111,,,14,97,,
2014/12/28,15,110,,,14,96,,
2014/12/28,16,119,,,12,107,,
2014/12/28,17,113,,,6,107,,
2014/12/28,18,113,,,3,110,,
2014/12/28,19,112,,,5,107,,
2014/12/28,20,107,,,5,102,,
2014/12/28,21,38,,,1,37,,
2014/12/28,22,7,,,1,6,,
2014/12/28,23,7,,,1,6,,
2014/12/28,24,9,,,3,6,,
2014/12/29,01,11,,,5,6,,
2014/12/29,02,9,,,3,6,,
2014/12/29,03,7,,,1,6,,
2014/12/29,04,8,,,2,6,,
2014/12/29,05,7,,,1,6,,
2014/12/29,06,7,,,1,6,,
2014/12/29,07,8,,,2,6,,
2014/12/29,08,7,,,1,6,,
2014/12/29,09,59,,,32,27,,
2014/12/29,10,85,,,42,43,,
2014/12/29,11,115,,,25,90,,
2014/12/29,12,117,,,22,95,,
2014/12/29,13,105,,,18,87,,
2014/12/29,14,97,,,9,88,,
2014/12/29,15,98,,,10,88,,
2014/12/29,16,99,,,5,94,,
2014/12/29,17,103,,,2,101,,
2014/12/29,18,105,,,3,102,,
2014/12/29,19,106,,,3,103,,
2014/12/29,20,105,,,3,102,,
2014/12/29,21,40,,,1,39,,
2014/12/29,22,8,,,2,6,,
2014/12/29,23,8,,,2,6,,
2014/12/29,24,10,,,3,7,,
2014/12/30,01,11,,,5,6,,
2014/12/30,02,8,,,2,6,,
2014/12/30,03,8,,,1,7,,
2014/12/30,04,8,,,2,6,,
2014/12/30,05,7,,,1,6,,
2014/12/30,06,8,,,1,7,,
2014/12/30,07,10,,,3,6,,
2014/12/30,08,8,,,1,7,,
2014/12/30,09,40,,,24,16,,
2014/12/30,10,72,,,39,33,,
2014/12/30,11,114,,,26,88,,
2014/12/30,12,107,,,19,88,,
2014/12/30,13,104,,,17,87,,
2014/12/30,14,99,,,12,87,,
2014/12/30,15,100,,,12,88,,
2014/12/30,16,99,,,6,93,,
2014/12/30,17,104,,,3,101,,
2014/12/30,18,105,,,4,101,,
2014/12/30,19,104,,,4,100,,
2014/12/30,20,104,,,4,100,,
2014/12/30,21,42,,,4,38,,
2014/12/30,22,13,,,2,10,,
2014/12/30,23,7,,,1,6,,
2014/12/30,24,8,,,2,6,,
2014/12/31,01,9,,,3,6,,
2014/12/31,02,10,,,4,6,,
2014/12/31,03,11,,,5,6,,
2014/12/31,04,8,,,2,6,,
2014/12/31,05,8,,,2,6,,
2014/12/31,06,7,,,1,6,,
2014/12/31,07,9,,,3,6,,
2014/12/31,08,7,,,1,6,,
2014/12/31,09,64,,,35,29,,
2014/12/31,10,71,,,32,39,,
2014/12/31,11,116,,,28,88,,
2014/12/31,12,108,,,21,87,,
2014/12/31,13,105,,,18,87,,
2014/12/31,14,103,,,16,87,,
2014/12/31,15,100,,,13,87,,
2014/12/31,16,107,,,10,97,,
2014/12/31,17,110,,,11,99,,
2014/12/31,18,102,,,3,99,,
2014/12/31,19,103,,,3,100,,
2014/12/31,20,44,,,2,42,,
2014/12/31,21,17,,,1,16,,
2014/12/31,22,7,,,1,6,,
2014/12/31,23,7,,,1,6,,
2014/12/31,24,9,,,3,6,,
