計測日,計測時間,全体,空調,照明,動力,電灯,冷凍・冷熱,その他
2013/09/01,01,22,,,4,17,,
2013/09/01,02,9,,,2,7,,
2013/09/01,03,3,,,1,2,,
2013/09/01,04,3,,,1,2,,
2013/09/01,05,3,,,1,2,,
2013/09/01,06,3,,,1,2,,
2013/09/01,07,3,,,1,2,,
2013/09/01,08,3,,,1,2,,
2013/09/01,09,3,,,1,2,,
2013/09/01,10,10,,,2,7,,
2013/09/01,11,48,,,11,37,,
2013/09/01,12,52,,,15,37,,
2013/09/01,13,57,,,19,37,,
2013/09/01,14,59,,,22,36,,
2013/09/01,15,62,,,25,36,,
2013/09/01,16,62,,,25,36,,
2013/09/01,17,60,,,24,36,,
2013/09/01,18,62,,,24,37,,
2013/09/01,19,63,,,22,41,,
2013/09/01,20,63,,,22,41,,
2013/09/01,21,61,,,20,40,,
2013/09/01,22,59,,,18,40,,
2013/09/01,23,61,,,20,40,,
2013/09/01,24,58,,,18,39,,
2013/09/02,01,22,,,3,18,,
2013/09/02,02,13,,,2,11,,
2013/09/02,03,3,,,1,2,,
2013/09/02,04,3,,,1,2,,
2013/09/02,05,3,,,1,2,,
2013/09/02,06,3,,,1,2,,
2013/09/02,07,3,,,1,2,,
2013/09/02,08,3,,,1,2,,
2013/09/02,09,6,,,1,5,,
2013/09/02,10,16,,,4,12,,
2013/09/02,11,54,,,17,36,,
2013/09/02,12,51,,,15,36,,
2013/09/02,13,56,,,19,37,,
2013/09/02,14,52,,,16,36,,
2013/09/02,15,54,,,18,36,,
2013/09/02,16,56,,,19,36,,
2013/09/02,17,56,,,18,37,,
2013/09/02,18,60,,,19,40,,
2013/09/02,19,59,,,17,41,,
2013/09/02,20,60,,,18,41,,
2013/09/02,21,58,,,17,41,,
2013/09/02,22,58,,,16,40,,
2013/09/02,23,58,,,16,40,,
2013/09/02,24,58,,,17,40,,
2013/09/03,01,30,,,10,19,,
2013/09/03,02,5,,,1,3,,
2013/09/03,03,3,,,1,2,,
2013/09/03,04,3,,,1,2,,
2013/09/03,05,3,,,1,2,,
2013/09/03,06,3,,,1,2,,
2013/09/03,07,3,,,1,2,,
2013/09/03,08,3,,,1,2,,
2013/09/03,09,10,,,1,8,,
2013/09/03,10,21,,,2,18,,
2013/09/03,11,39,,,3,36,,
2013/09/03,12,38,,,2,35,,
2013/09/03,13,46,,,9,36,,
2013/09/03,14,65,,,28,36,,
2013/09/03,15,60,,,23,36,,
2013/09/03,16,57,,,20,36,,
2013/09/03,17,57,,,20,36,,
2013/09/03,18,57,,,20,36,,
2013/09/03,19,60,,,20,40,,
2013/09/03,20,59,,,18,41,,
2013/09/03,21,62,,,20,41,,
2013/09/03,22,60,,,19,41,,
2013/09/03,23,60,,,19,40,,
2013/09/03,24,58,,,17,40,,
2013/09/04,01,18,,,9,9,,
2013/09/04,02,7,,,4,2,,
2013/09/04,03,6,,,4,2,,
2013/09/04,04,6,,,4,2,,
2013/09/04,05,6,,,3,2,,
2013/09/04,06,6,,,3,2,,
2013/09/04,07,5,,,3,2,,
2013/09/04,08,5,,,3,2,,
2013/09/04,09,22,,,6,15,,
2013/09/04,10,29,,,7,21,,
2013/09/04,11,52,,,15,36,,
2013/09/04,12,53,,,17,36,,
2013/09/04,13,55,,,18,36,,
2013/09/04,14,53,,,16,36,,
2013/09/04,15,55,,,19,36,,
2013/09/04,16,57,,,21,36,,
2013/09/04,17,57,,,20,36,,
2013/09/04,18,58,,,19,38,,
2013/09/04,19,64,,,22,41,,
2013/09/04,20,60,,,19,40,,
2013/09/04,21,60,,,19,40,,
2013/09/04,22,59,,,18,40,,
2013/09/04,23,60,,,19,40,,
2013/09/04,24,57,,,18,39,,
2013/09/05,01,19,,,8,11,,
2013/09/05,02,3,,,1,2,,
2013/09/05,03,3,,,1,2,,
2013/09/05,04,3,,,1,2,,
2013/09/05,05,3,,,1,2,,
2013/09/05,06,3,,,1,2,,
2013/09/05,07,3,,,1,2,,
2013/09/05,08,3,,,1,2,,
2013/09/05,09,18,,,7,10,,
2013/09/05,10,27,,,10,17,,
2013/09/05,11,50,,,14,35,,
2013/09/05,12,64,,,27,36,,
2013/09/05,13,62,,,26,36,,
2013/09/05,14,66,,,30,35,,
2013/09/05,15,60,,,24,35,,
2013/09/05,16,68,,,31,36,,
2013/09/05,17,63,,,27,36,,
2013/09/05,18,65,,,27,37,,
2013/09/05,19,67,,,25,41,,
2013/09/05,20,65,,,23,41,,
2013/09/05,21,63,,,22,41,,
2013/09/05,22,59,,,18,40,,
2013/09/05,23,60,,,19,40,,
2013/09/05,24,57,,,17,39,,
2013/09/06,01,19,,,5,13,,
2013/09/06,02,3,,,1,2,,
2013/09/06,03,3,,,1,2,,
2013/09/06,04,3,,,1,2,,
2013/09/06,05,3,,,1,2,,
2013/09/06,06,3,,,1,2,,
2013/09/06,07,3,,,1,2,,
2013/09/06,08,3,,,1,2,,
2013/09/06,09,15,,,5,10,,
2013/09/06,10,31,,,9,21,,
2013/09/06,11,51,,,14,36,,
2013/09/06,12,51,,,14,36,,
2013/09/06,13,52,,,16,36,,
2013/09/06,14,55,,,18,36,,
2013/09/06,15,55,,,18,36,,
2013/09/06,16,55,,,19,35,,
2013/09/06,17,58,,,21,36,,
2013/09/06,18,41,,,4,36,,
2013/09/06,19,42,,,1,40,,
2013/09/06,20,42,,,1,40,,
2013/09/06,21,58,,,17,41,,
2013/09/06,22,48,,,7,40,,
2013/09/06,23,42,,,2,39,,
2013/09/06,24,53,,,13,39,,
2013/09/07,01,18,,,1,16,,
2013/09/07,02,4,,,1,3,,
2013/09/07,03,3,,,1,2,,
2013/09/07,04,3,,,1,2,,
2013/09/07,05,3,,,1,2,,
2013/09/07,06,3,,,1,2,,
2013/09/07,07,3,,,1,2,,
2013/09/07,08,3,,,1,2,,
2013/09/07,09,11,,,1,10,,
2013/09/07,10,22,,,1,21,,
2013/09/07,11,37,,,1,35,,
2013/09/07,12,44,,,9,35,,
2013/09/07,13,55,,,19,36,,
2013/09/07,14,52,,,16,35,,
2013/09/07,15,65,,,29,36,,
2013/09/07,16,55,,,19,35,,
2013/09/07,17,60,,,23,36,,
2013/09/07,18,59,,,20,38,,
2013/09/07,19,62,,,21,40,,
2013/09/07,20,60,,,19,40,,
2013/09/07,21,61,,,19,41,,
2013/09/07,22,61,,,19,41,,
2013/09/07,23,60,,,18,41,,
2013/09/07,24,58,,,18,39,,
2013/09/08,01,19,,,5,14,,
2013/09/08,02,3,,,1,2,,
2013/09/08,03,3,,,1,2,,
2013/09/08,04,3,,,1,2,,
2013/09/08,05,3,,,1,2,,
2013/09/08,06,3,,,1,2,,
2013/09/08,07,3,,,1,2,,
2013/09/08,08,3,,,1,2,,
2013/09/08,09,5,,,2,2,,
2013/09/08,10,13,,,5,7,,
2013/09/08,11,53,,,15,37,,
2013/09/08,12,61,,,24,36,,
2013/09/08,13,58,,,22,35,,
2013/09/08,14,65,,,27,36,,
2013/09/08,15,62,,,25,37,,
2013/09/08,16,61,,,25,35,,
2013/09/08,17,61,,,24,36,,
2013/09/08,18,64,,,25,39,,
2013/09/08,19,63,,,22,41,,
2013/09/08,20,62,,,21,41,,
2013/09/08,21,61,,,20,40,,
2013/09/08,22,61,,,20,40,,
2013/09/08,23,59,,,18,40,,
2013/09/08,24,56,,,16,40,,
2013/09/09,01,15,,,3,12,,
2013/09/09,02,7,,,2,4,,
2013/09/09,03,4,,,1,2,,
2013/09/09,04,3,,,1,2,,
2013/09/09,05,4,,,1,2,,
2013/09/09,06,3,,,1,2,,
2013/09/09,07,3,,,1,2,,
2013/09/09,08,3,,,1,2,,
2013/09/09,09,14,,,6,7,,
2013/09/09,10,21,,,6,15,,
2013/09/09,11,55,,,19,36,,
2013/09/09,12,56,,,19,36,,
2013/09/09,13,65,,,28,36,,
2013/09/09,14,62,,,26,36,,
2013/09/09,15,62,,,25,36,,
2013/09/09,16,64,,,27,36,,
2013/09/09,17,63,,,27,36,,
2013/09/09,18,62,,,24,36,,
2013/09/09,19,67,,,25,40,,
2013/09/09,20,64,,,23,40,,
2013/09/09,21,64,,,22,41,,
2013/09/09,22,59,,,18,41,,
2013/09/09,23,60,,,19,41,,
2013/09/09,24,58,,,17,40,,
2013/09/10,01,21,,,8,12,,
2013/09/10,02,3,,,1,2,,
2013/09/10,03,3,,,1,2,,
2013/09/10,04,3,,,1,2,,
2013/09/10,05,3,,,1,2,,
2013/09/10,06,3,,,1,2,,
2013/09/10,07,3,,,1,2,,
2013/09/10,08,3,,,1,2,,
2013/09/10,09,6,,,1,4,,
2013/09/10,10,14,,,3,11,,
2013/09/10,11,39,,,3,35,,
2013/09/10,12,50,,,14,36,,
2013/09/10,13,64,,,27,36,,
2013/09/10,14,62,,,26,36,,
2013/09/10,15,53,,,17,35,,
2013/09/10,16,43,,,7,35,,
2013/09/10,17,73,,,36,36,,
2013/09/10,18,72,,,31,40,,
2013/09/10,19,67,,,25,41,,
2013/09/10,20,65,,,24,41,,
2013/09/10,21,63,,,22,41,,
2013/09/10,22,63,,,22,40,,
2013/09/10,23,60,,,19,40,,
2013/09/10,24,58,,,17,40,,
2013/09/11,01,14,,,5,8,,
2013/09/11,02,3,,,1,2,,
2013/09/11,03,3,,,1,2,,
2013/09/11,04,3,,,1,2,,
2013/09/11,05,3,,,1,2,,
2013/09/11,06,3,,,1,2,,
2013/09/11,07,3,,,1,2,,
2013/09/11,08,3,,,1,2,,
2013/09/11,09,16,,,6,10,,
2013/09/11,10,33,,,13,19,,
2013/09/11,11,53,,,16,36,,
2013/09/11,12,56,,,20,36,,
2013/09/11,13,58,,,21,36,,
2013/09/11,14,61,,,24,36,,
2013/09/11,15,58,,,22,36,,
2013/09/11,16,61,,,24,36,,
2013/09/11,17,65,,,27,37,,
2013/09/11,18,62,,,25,36,,
2013/09/11,19,63,,,22,40,,
2013/09/11,20,59,,,18,40,,
2013/09/11,21,62,,,20,41,,
2013/09/11,22,63,,,21,41,,
2013/09/11,23,61,,,19,41,,
2013/09/11,24,58,,,18,40,,
2013/09/12,01,22,,,8,13,,
2013/09/12,02,3,,,1,2,,
2013/09/12,03,4,,,2,2,,
2013/09/12,04,3,,,1,2,,
2013/09/12,05,4,,,2,2,,
2013/09/12,06,3,,,1,2,,
2013/09/12,07,4,,,2,2,,
2013/09/12,08,3,,,1,2,,
2013/09/12,09,18,,,6,12,,
2013/09/12,10,24,,,8,16,,
2013/09/12,11,49,,,13,36,,
2013/09/12,12,51,,,15,35,,
2013/09/12,13,47,,,11,35,,
2013/09/12,14,38,,,3,34,,
2013/09/12,15,60,,,24,35,,
2013/09/12,16,65,,,28,36,,
2013/09/12,17,64,,,28,36,,
2013/09/12,18,61,,,23,37,,
2013/09/12,19,41,,,1,39,,
2013/09/12,20,64,,,24,40,,
2013/09/12,21,55,,,14,41,,
2013/09/12,22,64,,,23,40,,
2013/09/12,23,44,,,4,39,,
2013/09/12,24,40,,,1,39,,
2013/09/13,01,13,,,1,12,,
2013/09/13,02,3,,,1,2,,
2013/09/13,03,3,,,1,2,,
2013/09/13,04,3,,,1,2,,
2013/09/13,05,3,,,1,2,,
2013/09/13,06,3,,,1,2,,
2013/09/13,07,3,,,1,2,,
2013/09/13,08,3,,,1,2,,
2013/09/13,09,10,,,1,8,,
2013/09/13,10,21,,,1,19,,
2013/09/13,11,55,,,19,35,,
2013/09/13,12,62,,,26,36,,
2013/09/13,13,62,,,26,36,,
2013/09/13,14,59,,,23,35,,
2013/09/13,15,63,,,27,36,,
2013/09/13,16,58,,,22,35,,
2013/09/13,17,61,,,24,36,,
2013/09/13,18,58,,,20,38,,
2013/09/13,19,65,,,24,41,,
2013/09/13,20,62,,,21,40,,
2013/09/13,21,61,,,20,40,,
2013/09/13,22,59,,,19,40,,
2013/09/13,23,62,,,21,40,,
2013/09/13,24,58,,,18,39,,
2013/09/14,01,18,,,7,11,,
2013/09/14,02,4,,,1,3,,
2013/09/14,03,4,,,1,2,,
2013/09/14,04,4,,,1,2,,
2013/09/14,05,4,,,1,3,,
2013/09/14,06,4,,,1,3,,
2013/09/14,07,4,,,1,3,,
2013/09/14,08,4,,,1,3,,
2013/09/14,09,15,,,5,9,,
2013/09/14,10,31,,,10,21,,
2013/09/14,11,59,,,23,36,,
2013/09/14,12,64,,,28,36,,
2013/09/14,13,66,,,30,36,,
2013/09/14,14,66,,,29,36,,
2013/09/14,15,66,,,30,36,,
2013/09/14,16,66,,,29,36,,
2013/09/14,17,66,,,29,35,,
2013/09/14,18,68,,,30,37,,
2013/09/14,19,65,,,24,40,,
2013/09/14,20,68,,,27,40,,
2013/09/14,21,65,,,24,40,,
2013/09/14,22,65,,,24,41,,
2013/09/14,23,63,,,21,41,,
2013/09/14,24,61,,,20,40,,
2013/09/15,01,20,,,4,15,,
2013/09/15,02,12,,,3,9,,
2013/09/15,03,4,,,1,3,,
2013/09/15,04,4,,,1,2,,
2013/09/15,05,4,,,1,2,,
2013/09/15,06,4,,,1,2,,
2013/09/15,07,4,,,1,2,,
2013/09/15,08,4,,,1,2,,
2013/09/15,09,4,,,1,3,,
2013/09/15,10,16,,,4,11,,
2013/09/15,11,52,,,16,36,,
2013/09/15,12,52,,,16,36,,
2013/09/15,13,57,,,21,36,,
2013/09/15,14,59,,,22,36,,
2013/09/15,15,59,,,22,36,,
2013/09/15,16,56,,,19,36,,
2013/09/15,17,58,,,20,37,,
2013/09/15,18,61,,,20,41,,
2013/09/15,19,61,,,20,41,,
2013/09/15,20,61,,,20,40,,
2013/09/15,21,60,,,19,41,,
2013/09/15,22,60,,,19,40,,
2013/09/15,23,58,,,17,40,,
2013/09/15,24,57,,,16,40,,
2013/09/16,01,20,,,5,15,,
2013/09/16,02,10,,,3,7,,
2013/09/16,03,6,,,1,5,,
2013/09/16,04,3,,,1,2,,
2013/09/16,05,3,,,1,2,,
2013/09/16,06,3,,,1,2,,
2013/09/16,07,3,,,1,2,,
2013/09/16,08,3,,,1,2,,
2013/09/16,09,5,,,1,3,,
2013/09/16,10,16,,,2,13,,
2013/09/16,11,52,,,15,37,,
2013/09/16,12,52,,,16,36,,
2013/09/16,13,53,,,15,37,,
2013/09/16,14,53,,,15,36,,
2013/09/16,15,54,,,16,37,,
2013/09/16,16,53,,,15,37,,
2013/09/16,17,58,,,18,40,,
2013/09/16,18,57,,,16,41,,
2013/09/16,19,58,,,17,41,,
2013/09/16,20,56,,,14,41,,
2013/09/16,21,56,,,14,41,,
2013/09/16,22,57,,,15,41,,
2013/09/16,23,54,,,13,40,,
2013/09/16,24,54,,,14,40,,
2013/09/17,01,23,,,7,15,,
2013/09/17,02,3,,,1,2,,
2013/09/17,03,3,,,1,2,,
2013/09/17,04,3,,,1,2,,
2013/09/17,05,3,,,1,2,,
2013/09/17,06,3,,,1,2,,
2013/09/17,07,3,,,1,2,,
2013/09/17,08,3,,,1,2,,
2013/09/17,09,12,,,1,11,,
2013/09/17,10,19,,,2,16,,
2013/09/17,11,39,,,2,36,,
2013/09/17,12,39,,,3,36,,
2013/09/17,13,47,,,10,36,,
2013/09/17,14,61,,,25,36,,
2013/09/17,15,57,,,20,36,,
2013/09/17,16,48,,,12,36,,
2013/09/17,17,46,,,10,35,,
2013/09/17,18,61,,,24,36,,
2013/09/17,19,56,,,19,37,,
2013/09/17,20,57,,,16,40,,
2013/09/17,21,58,,,17,40,,
2013/09/17,22,59,,,18,40,,
2013/09/17,23,56,,,14,40,,
2013/09/17,24,53,,,13,39,,
2013/09/18,01,24,,,9,15,,
2013/09/18,02,4,,,1,2,,
2013/09/18,03,4,,,1,2,,
2013/09/18,04,3,,,1,2,,
2013/09/18,05,3,,,1,2,,
2013/09/18,06,3,,,1,2,,
2013/09/18,07,3,,,1,2,,
2013/09/18,08,3,,,1,2,,
2013/09/18,09,21,,,3,17,,
2013/09/18,10,26,,,6,19,,
2013/09/18,11,51,,,14,36,,
2013/09/18,12,52,,,15,35,,
2013/09/18,13,54,,,17,36,,
2013/09/18,14,56,,,19,36,,
2013/09/18,15,54,,,18,36,,
2013/09/18,16,54,,,18,36,,
2013/09/18,17,43,,,7,36,,
2013/09/18,18,57,,,18,38,,
2013/09/18,19,56,,,15,40,,
2013/09/18,20,57,,,16,40,,
2013/09/18,21,54,,,13,40,,
2013/09/18,22,55,,,14,40,,
2013/09/18,23,53,,,12,40,,
2013/09/18,24,46,,,6,39,,
2013/09/19,01,27,,,8,19,,
2013/09/19,02,31,,,12,18,,
2013/09/19,03,25,,,9,16,,
2013/09/19,04,3,,,1,2,,
2013/09/19,05,3,,,1,2,,
2013/09/19,06,3,,,1,2,,
2013/09/19,07,3,,,1,2,,
2013/09/19,08,3,,,1,2,,
2013/09/19,09,11,,,1,9,,
2013/09/19,10,23,,,1,22,,
2013/09/19,11,37,,,1,35,,
2013/09/19,12,36,,,1,35,,
2013/09/19,13,56,,,20,35,,
2013/09/19,14,61,,,25,36,,
2013/09/19,15,58,,,22,36,,
2013/09/19,16,59,,,22,36,,
2013/09/19,17,60,,,23,36,,
2013/09/19,18,59,,,19,39,,
2013/09/19,19,56,,,14,41,,
2013/09/19,20,41,,,1,40,,
2013/09/19,21,47,,,6,40,,
2013/09/19,22,62,,,22,40,,
2013/09/19,23,56,,,15,40,,
2013/09/19,24,54,,,14,39,,
2013/09/20,01,14,,,5,9,,
2013/09/20,02,3,,,1,2,,
2013/09/20,03,3,,,1,2,,
2013/09/20,04,3,,,1,2,,
2013/09/20,05,3,,,1,2,,
2013/09/20,06,3,,,1,2,,
2013/09/20,07,3,,,1,2,,
2013/09/20,08,3,,,1,2,,
2013/09/20,09,16,,,3,12,,
2013/09/20,10,28,,,7,20,,
2013/09/20,11,52,,,14,37,,
2013/09/20,12,54,,,16,37,,
2013/09/20,13,52,,,15,37,,
2013/09/20,14,56,,,19,36,,
2013/09/20,15,56,,,19,36,,
2013/09/20,16,55,,,18,36,,
2013/09/20,17,54,,,17,36,,
2013/09/20,18,60,,,21,39,,
2013/09/20,19,60,,,19,40,,
2013/09/20,20,61,,,20,40,,
2013/09/20,21,59,,,18,40,,
2013/09/20,22,60,,,18,40,,
2013/09/20,23,59,,,18,40,,
2013/09/20,24,58,,,17,40,,
2013/09/21,01,18,,,7,10,,
2013/09/21,02,7,,,2,4,,
2013/09/21,03,4,,,1,2,,
2013/09/21,04,4,,,1,2,,
2013/09/21,05,4,,,1,2,,
2013/09/21,06,4,,,1,2,,
2013/09/21,07,4,,,1,2,,
2013/09/21,08,4,,,1,2,,
2013/09/21,09,10,,,4,7,,
2013/09/21,10,24,,,6,17,,
2013/09/21,11,52,,,15,36,,
2013/09/21,12,53,,,17,36,,
2013/09/21,13,58,,,21,36,,
2013/09/21,14,55,,,18,36,,
2013/09/21,15,57,,,21,36,,
2013/09/21,16,58,,,21,36,,
2013/09/21,17,56,,,19,36,,
2013/09/21,18,59,,,20,38,,
2013/09/21,19,58,,,17,40,,
2013/09/21,20,58,,,18,40,,
2013/09/21,21,58,,,17,41,,
2013/09/21,22,56,,,14,40,,
2013/09/21,23,57,,,16,40,,
2013/09/21,24,55,,,15,40,,
2013/09/22,01,24,,,10,14,,
2013/09/22,02,4,,,1,2,,
2013/09/22,03,4,,,1,3,,
2013/09/22,04,4,,,1,2,,
2013/09/22,05,4,,,1,2,,
2013/09/22,06,4,,,1,2,,
2013/09/22,07,4,,,1,2,,
2013/09/22,08,4,,,1,2,,
2013/09/22,09,4,,,1,2,,
2013/09/22,10,11,,,1,10,,
2013/09/22,11,47,,,11,35,,
2013/09/22,12,51,,,14,36,,
2013/09/22,13,55,,,19,36,,
2013/09/22,14,56,,,19,36,,
2013/09/22,15,57,,,20,36,,
2013/09/22,16,57,,,20,36,,
2013/09/22,17,56,,,20,36,,
2013/09/22,18,60,,,20,39,,
2013/09/22,19,57,,,15,41,,
2013/09/22,20,58,,,16,41,,
2013/09/22,21,59,,,17,41,,
2013/09/22,22,56,,,14,41,,
2013/09/22,23,57,,,15,41,,
2013/09/22,24,53,,,12,40,,
2013/09/23,01,20,,,1,18,,
2013/09/23,02,16,,,1,15,,
2013/09/23,03,4,,,1,2,,
2013/09/23,04,4,,,1,2,,
2013/09/23,05,4,,,1,2,,
2013/09/23,06,4,,,1,3,,
2013/09/23,07,4,,,1,2,,
2013/09/23,08,4,,,1,2,,
2013/09/23,09,11,,,1,9,,
2013/09/23,10,13,,,1,12,,
2013/09/23,11,48,,,11,35,,
2013/09/23,12,52,,,16,36,,
2013/09/23,13,54,,,17,36,,
2013/09/23,14,56,,,19,37,,
2013/09/23,15,57,,,19,37,,
2013/09/23,16,56,,,19,37,,
2013/09/23,17,56,,,19,37,,
2013/09/23,18,58,,,17,40,,
2013/09/23,19,57,,,15,42,,
2013/09/23,20,58,,,16,41,,
2013/09/23,21,56,,,14,42,,
2013/09/23,22,57,,,15,41,,
2013/09/23,23,56,,,14,41,,
2013/09/23,24,53,,,13,40,,
2013/09/24,01,14,,,5,8,,
2013/09/24,02,4,,,1,3,,
2013/09/24,03,4,,,1,2,,
2013/09/24,04,4,,,1,3,,
2013/09/24,05,4,,,1,3,,
2013/09/24,06,4,,,1,3,,
2013/09/24,07,4,,,1,2,,
2013/09/24,08,4,,,1,3,,
2013/09/24,09,13,,,1,12,,
2013/09/24,10,18,,,1,16,,
2013/09/24,11,49,,,12,36,,
2013/09/24,12,53,,,15,36,,
2013/09/24,13,54,,,16,37,,
2013/09/24,14,54,,,16,37,,
2013/09/24,15,46,,,9,37,,
2013/09/24,16,47,,,10,36,,
2013/09/24,17,56,,,18,37,,
2013/09/24,18,52,,,15,37,,
2013/09/24,19,53,,,15,37,,
2013/09/24,20,55,,,14,40,,
2013/09/24,21,55,,,14,40,,
2013/09/24,22,55,,,14,40,,
2013/09/24,23,55,,,14,40,,
2013/09/24,24,53,,,13,39,,
2013/09/25,01,21,,,6,15,,
2013/09/25,02,4,,,1,2,,
2013/09/25,03,4,,,1,2,,
2013/09/25,04,4,,,1,2,,
2013/09/25,05,3,,,1,2,,
2013/09/25,06,4,,,1,2,,
2013/09/25,07,4,,,1,2,,
2013/09/25,08,4,,,1,2,,
2013/09/25,09,13,,,2,11,,
2013/09/25,10,22,,,3,19,,
2013/09/25,11,45,,,8,37,,
2013/09/25,12,47,,,10,36,,
2013/09/25,13,50,,,12,37,,
2013/09/25,14,50,,,12,37,,
2013/09/25,15,50,,,12,37,,
2013/09/25,16,51,,,12,37,,
2013/09/25,17,52,,,13,39,,
2013/09/25,18,55,,,12,42,,
2013/09/25,19,53,,,11,41,,
2013/09/25,20,53,,,12,40,,
2013/09/25,21,51,,,10,40,,
2013/09/25,22,53,,,12,41,,
2013/09/25,23,52,,,10,41,,
2013/09/25,24,51,,,11,39,,
2013/09/26,01,14,,,4,10,,
2013/09/26,02,4,,,1,2,,
2013/09/26,03,4,,,1,2,,
2013/09/26,04,4,,,1,2,,
2013/09/26,05,4,,,1,2,,
2013/09/26,06,4,,,1,2,,
2013/09/26,07,3,,,1,2,,
2013/09/26,08,3,,,1,2,,
2013/09/26,09,13,,,1,11,,
2013/09/26,10,16,,,1,15,,
2013/09/26,11,37,,,1,35,,
2013/09/26,12,37,,,1,35,,
2013/09/26,13,37,,,1,35,,
2013/09/26,14,37,,,1,35,,
2013/09/26,15,44,,,8,35,,
2013/09/26,16,60,,,23,36,,
2013/09/26,17,57,,,20,36,,
2013/09/26,18,55,,,16,38,,
2013/09/26,19,57,,,15,41,,
2013/09/26,20,56,,,14,41,,
2013/09/26,21,56,,,14,41,,
2013/09/26,22,54,,,12,41,,
2013/09/26,23,53,,,12,41,,
2013/09/26,24,50,,,9,40,,
2013/09/27,01,13,,,1,11,,
2013/09/27,02,4,,,1,3,,
2013/09/27,03,3,,,1,2,,
2013/09/27,04,3,,,1,2,,
2013/09/27,05,3,,,1,2,,
2013/09/27,06,4,,,1,2,,
2013/09/27,07,3,,,1,2,,
2013/09/27,08,3,,,1,2,,
2013/09/27,09,11,,,1,10,,
2013/09/27,10,21,,,1,19,,
2013/09/27,11,41,,,4,35,,
2013/09/27,12,44,,,7,35,,
2013/09/27,13,46,,,10,36,,
2013/09/27,14,46,,,9,35,,
2013/09/27,15,48,,,12,35,,
2013/09/27,16,50,,,14,35,,
2013/09/27,17,54,,,17,36,,
2013/09/27,18,55,,,16,38,,
2013/09/27,19,57,,,15,41,,
2013/09/27,20,55,,,13,41,,
2013/09/27,21,54,,,13,41,,
2013/09/27,22,53,,,12,40,,
2013/09/27,23,52,,,11,40,,
2013/09/27,24,50,,,10,40,,
2013/09/28,01,16,,,3,13,,
2013/09/28,02,8,,,1,7,,
2013/09/28,03,4,,,1,2,,
2013/09/28,04,4,,,1,2,,
2013/09/28,05,4,,,1,2,,
2013/09/28,06,4,,,1,2,,
2013/09/28,07,3,,,1,2,,
2013/09/28,08,4,,,1,2,,
2013/09/28,09,10,,,1,9,,
2013/09/28,10,22,,,1,20,,
2013/09/28,11,43,,,7,35,,
2013/09/28,12,47,,,10,36,,
2013/09/28,13,50,,,13,36,,
2013/09/28,14,51,,,14,36,,
2013/09/28,15,51,,,15,36,,
2013/09/28,16,51,,,15,36,,
2013/09/28,17,52,,,15,36,,
2013/09/28,18,41,,,5,36,,
2013/09/28,19,42,,,1,41,,
2013/09/28,20,42,,,1,40,,
2013/09/28,21,42,,,1,40,,
2013/09/28,22,42,,,1,40,,
2013/09/28,23,46,,,5,40,,
2013/09/28,24,54,,,14,39,,
2013/09/29,01,19,,,1,18,,
2013/09/29,02,16,,,1,15,,
2013/09/29,03,4,,,1,2,,
2013/09/29,04,4,,,1,2,,
2013/09/29,05,4,,,1,3,,
2013/09/29,06,4,,,1,2,,
2013/09/29,07,4,,,1,2,,
2013/09/29,08,4,,,1,2,,
2013/09/29,09,4,,,1,3,,
2013/09/29,10,13,,,1,11,,
2013/09/29,11,48,,,11,36,,
2013/09/29,12,52,,,15,36,,
2013/09/29,13,56,,,19,36,,
2013/09/29,14,55,,,18,37,,
2013/09/29,15,59,,,22,36,,
2013/09/29,16,60,,,23,36,,
2013/09/29,17,57,,,20,36,,
2013/09/29,18,60,,,19,40,,
2013/09/29,19,60,,,19,41,,
2013/09/29,20,59,,,17,41,,
2013/09/29,21,59,,,17,42,,
2013/09/29,22,58,,,17,41,,
2013/09/29,23,57,,,15,41,,
2013/09/29,24,56,,,16,40,,
2013/09/30,01,31,,,11,19,,
2013/09/30,02,21,,,7,14,,
2013/09/30,03,4,,,1,2,,
2013/09/30,04,3,,,1,2,,
2013/09/30,05,4,,,1,2,,
2013/09/30,06,4,,,1,2,,
2013/09/30,07,4,,,1,2,,
2013/09/30,08,4,,,1,2,,
2013/09/30,09,5,,,1,4,,
2013/09/30,10,15,,,2,13,,
2013/09/30,11,45,,,8,36,,
2013/09/30,12,42,,,6,36,,
2013/09/30,13,44,,,8,36,,
2013/09/30,14,42,,,5,36,,
2013/09/30,15,47,,,10,35,,
2013/09/30,16,51,,,14,37,,
2013/09/30,17,56,,,17,39,,
2013/09/30,18,56,,,14,41,,
2013/09/30,19,57,,,15,41,,
2013/09/30,20,59,,,17,41,,
2013/09/30,21,55,,,12,42,,
2013/09/30,22,55,,,13,41,,
2013/09/30,23,54,,,13,40,,
2013/09/30,24,54,,,13,40,,
2013/10/01,01,25,,,7,18,,
2013/10/01,02,4,,,1,2,,
2013/10/01,03,4,,,1,2,,
2013/10/01,04,3,,,1,2,,
2013/10/01,05,4,,,1,2,,
2013/10/01,06,4,,,1,2,,
2013/10/01,07,3,,,1,2,,
2013/10/01,08,4,,,1,2,,
2013/10/01,09,9,,,1,7,,
2013/10/01,10,18,,,1,16,,
2013/10/01,11,38,,,1,36,,
2013/10/01,12,37,,,1,35,,
2013/10/01,13,47,,,11,36,,
2013/10/01,14,46,,,10,35,,
2013/10/01,15,46,,,10,36,,
2013/10/01,16,50,,,13,36,,
2013/10/01,17,47,,,11,36,,
2013/10/01,18,49,,,11,37,,
2013/10/01,19,50,,,10,39,,
2013/10/01,20,51,,,10,40,,
2013/10/01,21,51,,,10,40,,
2013/10/01,22,51,,,10,40,,
2013/10/01,23,52,,,11,40,,
2013/10/01,24,50,,,10,39,,
2013/10/02,01,25,,,6,18,,
2013/10/02,02,7,,,4,3,,
2013/10/02,03,6,,,3,3,,
2013/10/02,04,5,,,3,2,,
2013/10/02,05,4,,,1,3,,
2013/10/02,06,4,,,1,2,,
2013/10/02,07,4,,,1,3,,
2013/10/02,08,4,,,1,2,,
2013/10/02,09,20,,,4,16,,
2013/10/02,10,27,,,7,19,,
2013/10/02,11,53,,,17,36,,
2013/10/02,12,49,,,13,36,,
2013/10/02,13,48,,,11,35,,
2013/10/02,14,59,,,22,36,,
2013/10/02,15,66,,,28,37,,
2013/10/02,16,63,,,27,36,,
2013/10/02,17,60,,,23,36,,
2013/10/02,18,61,,,21,39,,
2013/10/02,19,64,,,23,40,,
2013/10/02,20,61,,,20,40,,
2013/10/02,21,58,,,16,41,,
2013/10/02,22,59,,,18,41,,
2013/10/02,23,56,,,15,40,,
2013/10/02,24,57,,,16,40,,
2013/10/03,01,29,,,12,17,,
2013/10/03,02,4,,,1,3,,
2013/10/03,03,4,,,1,2,,
2013/10/03,04,4,,,1,2,,
2013/10/03,05,4,,,1,2,,
2013/10/03,06,4,,,1,2,,
2013/10/03,07,4,,,1,3,,
2013/10/03,08,4,,,1,2,,
2013/10/03,09,14,,,5,9,,
2013/10/03,10,21,,,5,15,,
2013/10/03,11,43,,,6,36,,
2013/10/03,12,46,,,9,36,,
2013/10/03,13,47,,,11,36,,
2013/10/03,14,57,,,20,36,,
2013/10/03,15,57,,,20,36,,
2013/10/03,16,56,,,20,36,,
2013/10/03,17,54,,,17,36,,
2013/10/03,18,56,,,14,41,,
2013/10/03,19,56,,,14,41,,
2013/10/03,20,55,,,14,40,,
2013/10/03,21,53,,,12,41,,
2013/10/03,22,55,,,13,41,,
2013/10/03,23,54,,,12,41,,
2013/10/03,24,52,,,11,40,,
2013/10/04,01,17,,,6,11,,
2013/10/04,02,4,,,1,3,,
2013/10/04,03,4,,,1,2,,
2013/10/04,04,4,,,1,2,,
2013/10/04,05,4,,,1,2,,
2013/10/04,06,4,,,1,2,,
2013/10/04,07,3,,,1,2,,
2013/10/04,08,3,,,1,2,,
2013/10/04,09,10,,,1,9,,
2013/10/04,10,23,,,2,20,,
2013/10/04,11,44,,,6,37,,
2013/10/04,12,48,,,10,37,,
2013/10/04,13,49,,,11,37,,
2013/10/04,14,51,,,12,38,,
2013/10/04,15,53,,,15,37,,
2013/10/04,16,52,,,14,37,,
2013/10/04,17,56,,,18,37,,
2013/10/04,18,52,,,13,38,,
2013/10/04,19,55,,,13,41,,
2013/10/04,20,54,,,12,41,,
2013/10/04,21,52,,,11,40,,
2013/10/04,22,52,,,11,40,,
2013/10/04,23,51,,,10,40,,
2013/10/04,24,51,,,10,40,,
2013/10/05,01,8,,,2,6,,
2013/10/05,02,4,,,1,2,,
2013/10/05,03,3,,,1,2,,
2013/10/05,04,3,,,1,2,,
2013/10/05,05,3,,,1,2,,
2013/10/05,06,4,,,1,2,,
2013/10/05,07,3,,,1,2,,
2013/10/05,08,3,,,1,2,,
2013/10/05,09,10,,,1,8,,
2013/10/05,10,19,,,1,17,,
2013/10/05,11,42,,,5,36,,
2013/10/05,12,44,,,7,36,,
2013/10/05,13,46,,,9,36,,
2013/10/05,14,54,,,17,37,,
2013/10/05,15,38,,,1,36,,
2013/10/05,16,48,,,11,36,,
2013/10/05,17,60,,,22,38,,
2013/10/05,18,60,,,19,40,,
2013/10/05,19,59,,,17,41,,
2013/10/05,20,58,,,16,41,,
2013/10/05,21,59,,,18,41,,
2013/10/05,22,58,,,16,41,,
2013/10/05,23,56,,,15,41,,
2013/10/05,24,56,,,16,40,,
2013/10/06,01,10,,,2,7,,
2013/10/06,02,4,,,1,2,,
2013/10/06,03,4,,,1,2,,
2013/10/06,04,4,,,1,2,,
2013/10/06,05,4,,,1,2,,
2013/10/06,06,4,,,1,2,,
2013/10/06,07,4,,,1,2,,
2013/10/06,08,3,,,1,2,,
2013/10/06,09,4,,,1,2,,
2013/10/06,10,14,,,1,13,,
2013/10/06,11,38,,,1,36,,
2013/10/06,12,37,,,1,36,,
2013/10/06,13,41,,,5,35,,
2013/10/06,14,56,,,19,36,,
2013/10/06,15,60,,,23,36,,
2013/10/06,16,60,,,23,36,,
2013/10/06,17,55,,,18,36,,
2013/10/06,18,61,,,20,40,,
2013/10/06,19,58,,,17,41,,
2013/10/06,20,58,,,17,40,,
2013/10/06,21,57,,,16,41,,
2013/10/06,22,54,,,13,40,,
2013/10/06,23,41,,,1,39,,
2013/10/06,24,40,,,1,39,,
2013/10/07,01,12,,,1,10,,
2013/10/07,02,6,,,1,5,,
2013/10/07,03,4,,,1,2,,
2013/10/07,04,4,,,1,2,,
2013/10/07,05,4,,,1,2,,
2013/10/07,06,4,,,1,2,,
2013/10/07,07,3,,,1,2,,
2013/10/07,08,6,,,1,5,,
2013/10/07,09,20,,,1,18,,
2013/10/07,10,21,,,1,20,,
2013/10/07,11,38,,,1,36,,
2013/10/07,12,37,,,1,35,,
2013/10/07,13,48,,,11,36,,
2013/10/07,14,55,,,18,36,,
2013/10/07,15,52,,,15,36,,
2013/10/07,16,52,,,15,36,,
2013/10/07,17,57,,,15,40,,
2013/10/07,18,55,,,14,41,,
2013/10/07,19,56,,,15,41,,
2013/10/07,20,54,,,13,40,,
2013/10/07,21,55,,,14,41,,
2013/10/07,22,54,,,13,41,,
2013/10/07,23,55,,,13,40,,
2013/10/07,24,54,,,13,40,,
2013/10/08,01,24,,,7,16,,
2013/10/08,02,4,,,1,2,,
2013/10/08,03,4,,,1,2,,
2013/10/08,04,4,,,1,2,,
2013/10/08,05,4,,,1,2,,
2013/10/08,06,4,,,1,2,,
2013/10/08,07,4,,,1,2,,
2013/10/08,08,9,,,2,6,,
2013/10/08,09,9,,,2,7,,
2013/10/08,10,20,,,1,19,,
2013/10/08,11,43,,,9,36,,
2013/10/08,12,50,,,14,36,,
2013/10/08,13,50,,,13,36,,
2013/10/08,14,51,,,14,36,,
2013/10/08,15,51,,,15,36,,
2013/10/08,16,53,,,16,36,,
2013/10/08,17,51,,,14,37,,
2013/10/08,18,43,,,5,38,,
2013/10/08,19,42,,,3,38,,
2013/10/08,20,43,,,5,38,,
2013/10/08,21,53,,,15,38,,
2013/10/08,22,52,,,13,38,,
2013/10/08,23,50,,,12,38,,
2013/10/08,24,41,,,4,36,,
2013/10/09,01,10,,,1,9,,
2013/10/09,02,3,,,1,2,,
2013/10/09,03,4,,,1,2,,
2013/10/09,04,3,,,1,2,,
2013/10/09,05,3,,,1,2,,
2013/10/09,06,3,,,1,2,,
2013/10/09,07,3,,,1,2,,
2013/10/09,08,6,,,1,5,,
2013/10/09,09,17,,,1,16,,
2013/10/09,10,21,,,1,19,,
2013/10/09,11,37,,,1,36,,
2013/10/09,12,37,,,1,35,,
2013/10/09,13,37,,,1,35,,
2013/10/09,14,37,,,1,35,,
2013/10/09,15,46,,,10,35,,
2013/10/09,16,47,,,10,36,,
2013/10/09,17,56,,,16,39,,
2013/10/09,18,57,,,15,40,,
2013/10/09,19,56,,,14,41,,
2013/10/09,20,56,,,15,41,,
2013/10/09,21,55,,,13,41,,
2013/10/09,22,54,,,13,41,,
2013/10/09,23,54,,,13,40,,
2013/10/09,24,53,,,12,40,,
2013/10/10,01,19,,,7,12,,
2013/10/10,02,3,,,1,2,,
2013/10/10,03,3,,,1,2,,
2013/10/10,04,3,,,1,2,,
2013/10/10,05,3,,,1,2,,
2013/10/10,06,4,,,1,2,,
2013/10/10,07,3,,,1,2,,
2013/10/10,08,8,,,1,7,,
2013/10/10,09,16,,,1,15,,
2013/10/10,10,19,,,1,17,,
2013/10/10,11,37,,,1,35,,
2013/10/10,12,37,,,1,35,,
2013/10/10,13,37,,,1,35,,
2013/10/10,14,43,,,8,35,,
2013/10/10,15,63,,,27,36,,
2013/10/10,16,59,,,23,36,,
2013/10/10,17,58,,,21,36,,
2013/10/10,18,59,,,18,41,,
2013/10/10,19,59,,,18,41,,
2013/10/10,20,56,,,15,41,,
2013/10/10,21,54,,,13,40,,
2013/10/10,22,54,,,13,41,,
2013/10/10,23,53,,,12,40,,
2013/10/10,24,52,,,12,40,,
2013/10/11,01,20,,,3,16,,
2013/10/11,02,7,,,1,6,,
2013/10/11,03,4,,,1,2,,
2013/10/11,04,4,,,1,2,,
2013/10/11,05,4,,,1,2,,
2013/10/11,06,4,,,1,2,,
2013/10/11,07,3,,,1,2,,
2013/10/11,08,6,,,1,4,,
2013/10/11,09,14,,,1,13,,
2013/10/11,10,18,,,2,16,,
2013/10/11,11,41,,,5,36,,
2013/10/11,12,45,,,8,37,,
2013/10/11,13,47,,,10,37,,
2013/10/11,14,47,,,9,37,,
2013/10/11,15,48,,,11,37,,
2013/10/11,16,48,,,11,37,,
2013/10/11,17,51,,,13,37,,
2013/10/11,18,51,,,12,39,,
2013/10/11,19,53,,,14,38,,
2013/10/11,20,51,,,13,38,,
2013/10/11,21,53,,,14,38,,
2013/10/11,22,51,,,13,37,,
2013/10/11,23,52,,,14,37,,
2013/10/11,24,50,,,12,37,,
2013/10/12,01,17,,,5,11,,
2013/10/12,02,4,,,1,3,,
2013/10/12,03,3,,,1,2,,
2013/10/12,04,3,,,1,2,,
2013/10/12,05,3,,,1,2,,
2013/10/12,06,3,,,1,2,,
2013/10/12,07,3,,,1,2,,
2013/10/12,08,3,,,1,2,,
2013/10/12,09,7,,,1,6,,
2013/10/12,10,19,,,2,16,,
2013/10/12,11,42,,,6,35,,
2013/10/12,12,47,,,11,36,,
2013/10/12,13,48,,,12,36,,
2013/10/12,14,52,,,16,36,,
2013/10/12,15,51,,,15,36,,
2013/10/12,16,52,,,16,36,,
2013/10/12,17,54,,,16,38,,
2013/10/12,18,54,,,13,40,,
2013/10/12,19,55,,,14,41,,
2013/10/12,20,53,,,12,41,,
2013/10/12,21,53,,,11,41,,
2013/10/12,22,53,,,11,41,,
2013/10/12,23,52,,,11,41,,
2013/10/12,24,50,,,10,40,,
2013/10/13,01,17,,,5,12,,
2013/10/13,02,3,,,1,2,,
2013/10/13,03,3,,,1,2,,
2013/10/13,04,3,,,1,2,,
2013/10/13,05,3,,,1,2,,
2013/10/13,06,3,,,1,2,,
2013/10/13,07,3,,,1,2,,
2013/10/13,08,3,,,1,2,,
2013/10/13,09,3,,,1,2,,
2013/10/13,10,15,,,1,14,,
2013/10/13,11,37,,,1,35,,
2013/10/13,12,41,,,5,35,,
2013/10/13,13,46,,,10,36,,
2013/10/13,14,47,,,10,36,,
2013/10/13,15,47,,,10,36,,
2013/10/13,16,49,,,11,37,,
2013/10/13,17,48,,,9,38,,
2013/10/13,18,52,,,9,41,,
2013/10/13,19,50,,,8,41,,
2013/10/13,20,51,,,9,41,,
2013/10/13,21,51,,,9,41,,
2013/10/13,22,50,,,9,41,,
2013/10/13,23,50,,,8,40,,
2013/10/13,24,48,,,7,40,,
2013/10/14,01,18,,,4,14,,
2013/10/14,02,8,,,1,7,,
2013/10/14,03,4,,,1,2,,
2013/10/14,04,4,,,1,2,,
2013/10/14,05,4,,,1,2,,
2013/10/14,06,4,,,1,2,,
2013/10/14,07,3,,,1,2,,
2013/10/14,08,3,,,1,2,,
2013/10/14,09,5,,,1,4,,
2013/10/14,10,13,,,1,12,,
2013/10/14,11,37,,,1,35,,
2013/10/14,12,37,,,1,36,,
2013/10/14,13,37,,,1,35,,
2013/10/14,14,48,,,11,36,,
2013/10/14,15,45,,,9,35,,
2013/10/14,16,46,,,10,36,,
2013/10/14,17,49,,,10,39,,
2013/10/14,18,49,,,8,41,,
2013/10/14,19,50,,,9,40,,
2013/10/14,20,51,,,10,41,,
2013/10/14,21,50,,,9,40,,
2013/10/14,22,49,,,8,40,,
2013/10/14,23,48,,,7,40,,
2013/10/14,24,48,,,8,39,,
2013/10/15,01,23,,,5,17,,
2013/10/15,02,4,,,1,3,,
2013/10/15,03,3,,,1,2,,
2013/10/15,04,3,,,1,2,,
2013/10/15,05,3,,,1,2,,
2013/10/15,06,3,,,1,2,,
2013/10/15,07,3,,,1,2,,
2013/10/15,08,3,,,1,2,,
2013/10/15,09,12,,,1,10,,
2013/10/15,10,20,,,1,19,,
2013/10/15,11,39,,,1,37,,
2013/10/15,12,38,,,1,37,,
2013/10/15,13,38,,,1,36,,
2013/10/15,14,38,,,1,36,,
2013/10/15,15,38,,,1,36,,
2013/10/15,16,46,,,9,37,,
2013/10/15,17,46,,,9,37,,
2013/10/15,18,47,,,8,38,,
2013/10/15,19,47,,,7,40,,
2013/10/15,20,48,,,7,40,,
2013/10/15,21,48,,,8,40,,
2013/10/15,22,46,,,6,40,,
2013/10/15,23,47,,,7,40,,
2013/10/15,24,46,,,7,39,,
2013/10/16,01,13,,,2,11,,
2013/10/16,02,3,,,1,2,,
2013/10/16,03,3,,,1,2,,
2013/10/16,04,3,,,1,2,,
2013/10/16,05,3,,,1,2,,
2013/10/16,06,3,,,1,2,,
2013/10/16,07,3,,,1,2,,
2013/10/16,08,3,,,1,2,,
2013/10/16,09,9,,,1,8,,
2013/10/16,10,19,,,1,17,,
2013/10/16,11,39,,,1,37,,
2013/10/16,12,38,,,1,36,,
2013/10/16,13,38,,,1,36,,
2013/10/16,14,38,,,1,36,,
2013/10/16,15,38,,,1,36,,
2013/10/16,16,41,,,1,39,,
2013/10/16,17,42,,,1,41,,
2013/10/16,18,43,,,1,41,,
2013/10/16,19,42,,,1,41,,
2013/10/16,20,42,,,1,40,,
2013/10/16,21,42,,,1,40,,
2013/10/16,22,42,,,1,40,,
2013/10/16,23,42,,,1,40,,
2013/10/16,24,41,,,1,39,,
2013/10/17,01,12,,,1,10,,
2013/10/17,02,3,,,1,2,,
2013/10/17,03,3,,,1,2,,
2013/10/17,04,3,,,1,2,,
2013/10/17,05,3,,,1,2,,
2013/10/17,06,3,,,1,2,,
2013/10/17,07,3,,,1,2,,
2013/10/17,08,3,,,1,2,,
2013/10/17,09,13,,,1,11,,
2013/10/17,10,19,,,1,18,,
2013/10/17,11,37,,,1,35,,
2013/10/17,12,37,,,1,35,,
2013/10/17,13,37,,,1,35,,
2013/10/17,14,37,,,1,35,,
2013/10/17,15,37,,,1,35,,
2013/10/17,16,37,,,1,35,,
2013/10/17,17,37,,,1,35,,
2013/10/17,18,46,,,6,39,,
2013/10/17,19,50,,,8,40,,
2013/10/17,20,50,,,9,40,,
2013/10/17,21,47,,,6,40,,
2013/10/17,22,46,,,5,40,,
2013/10/17,23,47,,,6,40,,
2013/10/17,24,45,,,5,39,,
2013/10/18,01,12,,,1,10,,
2013/10/18,02,7,,,1,6,,
2013/10/18,03,4,,,1,3,,
2013/10/18,04,3,,,1,2,,
2013/10/18,05,3,,,1,2,,
2013/10/18,06,3,,,1,2,,
2013/10/18,07,3,,,1,2,,
2013/10/18,08,3,,,1,2,,
2013/10/18,09,8,,,1,6,,
2013/10/18,10,17,,,1,15,,
2013/10/18,11,38,,,1,36,,
2013/10/18,12,37,,,1,35,,
2013/10/18,13,37,,,1,35,,
2013/10/18,14,45,,,9,36,,
2013/10/18,15,50,,,13,36,,
2013/10/18,16,52,,,14,36,,
2013/10/18,17,49,,,11,36,,
2013/10/18,18,49,,,11,37,,
2013/10/18,19,50,,,9,40,,
2013/10/18,20,49,,,9,39,,
2013/10/18,21,47,,,7,39,,
2013/10/18,22,48,,,8,39,,
2013/10/18,23,46,,,6,39,,
2013/10/18,24,45,,,6,38,,
2013/10/19,01,11,,,1,10,,
2013/10/19,02,3,,,1,2,,
2013/10/19,03,3,,,1,2,,
2013/10/19,04,3,,,1,2,,
2013/10/19,05,3,,,1,2,,
2013/10/19,06,3,,,1,2,,
2013/10/19,07,3,,,1,2,,
2013/10/19,08,3,,,1,2,,
2013/10/19,09,10,,,1,8,,
2013/10/19,10,24,,,1,22,,
2013/10/19,11,38,,,1,36,,
2013/10/19,12,38,,,1,36,,
2013/10/19,13,38,,,1,36,,
2013/10/19,14,48,,,10,37,,
2013/10/19,15,51,,,13,37,,
2013/10/19,16,51,,,13,37,,
2013/10/19,17,50,,,11,38,,
2013/10/19,18,51,,,10,40,,
2013/10/19,19,50,,,8,40,,
2013/10/19,20,49,,,8,40,,
2013/10/19,21,48,,,7,40,,
2013/10/19,22,49,,,8,40,,
2013/10/19,23,49,,,7,41,,
2013/10/19,24,46,,,6,39,,
2013/10/20,01,13,,,1,11,,
2013/10/20,02,3,,,1,2,,
2013/10/20,03,3,,,1,2,,
2013/10/20,04,3,,,1,2,,
2013/10/20,05,3,,,1,2,,
2013/10/20,06,3,,,1,2,,
2013/10/20,07,3,,,1,2,,
2013/10/20,08,3,,,1,2,,
2013/10/20,09,3,,,1,2,,
2013/10/20,10,12,,,1,10,,
2013/10/20,11,37,,,1,36,,
2013/10/20,12,37,,,1,35,,
2013/10/20,13,37,,,1,35,,
2013/10/20,14,37,,,1,36,,
2013/10/20,15,37,,,1,35,,
2013/10/20,16,37,,,1,35,,
2013/10/20,17,41,,,1,39,,
2013/10/20,18,42,,,1,40,,
2013/10/20,19,55,,,13,41,,
2013/10/20,20,52,,,10,41,,
2013/10/20,21,51,,,9,41,,
2013/10/20,22,49,,,7,41,,
2013/10/20,23,51,,,9,41,,
2013/10/20,24,50,,,8,41,,
2013/10/21,01,20,,,1,19,,
2013/10/21,02,5,,,1,4,,
2013/10/21,03,3,,,1,2,,
2013/10/21,04,3,,,1,2,,
2013/10/21,05,3,,,1,2,,
2013/10/21,06,3,,,1,2,,
2013/10/21,07,3,,,1,2,,
2013/10/21,08,3,,,1,2,,
2013/10/21,09,5,,,1,4,,
2013/10/21,10,17,,,1,16,,
2013/10/21,11,38,,,1,36,,
2013/10/21,12,37,,,1,35,,
2013/10/21,13,38,,,1,36,,
2013/10/21,14,38,,,1,36,,
2013/10/21,15,46,,,10,35,,
2013/10/21,16,52,,,15,36,,
2013/10/21,17,54,,,13,40,,
2013/10/21,18,53,,,12,41,,
2013/10/21,19,53,,,11,41,,
2013/10/21,20,53,,,11,41,,
2013/10/21,21,52,,,10,41,,
2013/10/21,22,50,,,9,40,,
2013/10/21,23,50,,,9,40,,
2013/10/21,24,48,,,8,39,,
2013/10/22,01,23,,,3,20,,
2013/10/22,02,19,,,1,18,,
2013/10/22,03,19,,,1,18,,
2013/10/22,04,19,,,1,18,,
2013/10/22,05,15,,,1,14,,
2013/10/22,06,3,,,1,2,,
2013/10/22,07,3,,,1,2,,
2013/10/22,08,3,,,1,2,,
2013/10/22,09,11,,,1,10,,
2013/10/22,10,18,,,1,16,,
2013/10/22,11,37,,,1,35,,
2013/10/22,12,37,,,1,35,,
2013/10/22,13,37,,,1,35,,
2013/10/22,14,36,,,1,35,,
2013/10/22,15,37,,,1,35,,
2013/10/22,16,37,,,1,35,,
2013/10/22,17,39,,,1,38,,
2013/10/22,18,42,,,1,40,,
2013/10/22,19,48,,,7,40,,
2013/10/22,20,61,,,19,41,,
2013/10/22,21,58,,,16,41,,
2013/10/22,22,54,,,13,40,,
2013/10/22,23,55,,,13,40,,
2013/10/22,24,51,,,10,40,,
2013/10/23,01,15,,,5,10,,
2013/10/23,02,3,,,1,2,,
2013/10/23,03,3,,,1,2,,
2013/10/23,04,3,,,1,2,,
2013/10/23,05,3,,,1,2,,
2013/10/23,06,3,,,1,2,,
2013/10/23,07,3,,,1,2,,
2013/10/23,08,3,,,1,2,,
2013/10/23,09,12,,,1,11,,
2013/10/23,10,20,,,1,19,,
2013/10/23,11,39,,,1,37,,
2013/10/23,12,38,,,1,36,,
2013/10/23,13,38,,,1,36,,
2013/10/23,14,44,,,7,36,,
2013/10/23,15,52,,,14,37,,
2013/10/23,16,51,,,13,37,,
2013/10/23,17,51,,,11,39,,
2013/10/23,18,55,,,14,40,,
2013/10/23,19,53,,,11,40,,
2013/10/23,20,54,,,12,40,,
2013/10/23,21,45,,,5,40,,
2013/10/23,22,41,,,1,39,,
2013/10/23,23,41,,,1,39,,
2013/10/23,24,40,,,1,38,,
2013/10/24,01,14,,,1,12,,
2013/10/24,02,3,,,1,2,,
2013/10/24,03,3,,,1,2,,
2013/10/24,04,3,,,1,2,,
2013/10/24,05,3,,,1,2,,
2013/10/24,06,3,,,1,2,,
2013/10/24,07,3,,,1,2,,
2013/10/24,08,3,,,1,2,,
2013/10/24,09,12,,,1,10,,
2013/10/24,10,19,,,1,18,,
2013/10/24,11,37,,,1,35,,
2013/10/24,12,38,,,1,36,,
2013/10/24,13,37,,,1,35,,
2013/10/24,14,37,,,1,35,,
2013/10/24,15,37,,,1,35,,
2013/10/24,16,37,,,1,35,,
2013/10/24,17,37,,,1,36,,
2013/10/24,18,37,,,1,35,,
2013/10/24,19,49,,,8,39,,
2013/10/24,20,52,,,11,40,,
2013/10/24,21,50,,,9,40,,
2013/10/24,22,55,,,13,40,,
2013/10/24,23,52,,,11,40,,
2013/10/24,24,50,,,10,39,,
2013/10/25,01,12,,,3,9,,
2013/10/25,02,3,,,1,2,,
2013/10/25,03,3,,,1,2,,
2013/10/25,04,3,,,1,2,,
2013/10/25,05,4,,,1,2,,
2013/10/25,06,4,,,1,2,,
2013/10/25,07,3,,,1,2,,
2013/10/25,08,3,,,1,2,,
2013/10/25,09,6,,,1,5,,
2013/10/25,10,23,,,1,22,,
2013/10/25,11,40,,,2,37,,
2013/10/25,12,42,,,5,36,,
2013/10/25,13,42,,,5,36,,
2013/10/25,14,45,,,7,36,,
2013/10/25,15,45,,,7,37,,
2013/10/25,16,46,,,9,37,,
2013/10/25,17,45,,,8,36,,
2013/10/25,18,47,,,9,37,,
2013/10/25,19,46,,,9,37,,
2013/10/25,20,45,,,8,36,,
2013/10/25,21,47,,,9,37,,
2013/10/25,22,47,,,10,37,,
2013/10/25,23,47,,,10,36,,
2013/10/25,24,45,,,8,36,,
2013/10/26,01,11,,,3,8,,
2013/10/26,02,4,,,1,2,,
2013/10/26,03,3,,,1,2,,
2013/10/26,04,3,,,1,2,,
2013/10/26,05,3,,,1,2,,
2013/10/26,06,4,,,1,2,,
2013/10/26,07,4,,,1,2,,
2013/10/26,08,3,,,1,2,,
2013/10/26,09,9,,,1,8,,
2013/10/26,10,22,,,1,20,,
2013/10/26,11,40,,,3,36,,
2013/10/26,12,42,,,6,36,,
2013/10/26,13,44,,,7,36,,
2013/10/26,14,44,,,7,36,,
2013/10/26,15,43,,,7,36,,
2013/10/26,16,46,,,8,36,,
2013/10/26,17,48,,,6,40,,
2013/10/26,18,48,,,7,41,,
2013/10/26,19,48,,,7,41,,
2013/10/26,20,48,,,7,41,,
2013/10/26,21,47,,,6,40,,
2013/10/26,22,48,,,7,40,,
2013/10/26,23,48,,,7,41,,
2013/10/26,24,47,,,7,40,,
2013/10/27,01,12,,,2,10,,
2013/10/27,02,6,,,1,5,,
2013/10/27,03,3,,,1,2,,
2013/10/27,04,3,,,1,2,,
2013/10/27,05,3,,,1,2,,
2013/10/27,06,3,,,1,2,,
2013/10/27,07,3,,,1,2,,
2013/10/27,08,3,,,1,2,,
2013/10/27,09,3,,,1,2,,
2013/10/27,10,10,,,1,9,,
2013/10/27,11,38,,,1,36,,
2013/10/27,12,38,,,1,36,,
2013/10/27,13,38,,,1,36,,
2013/10/27,14,38,,,1,36,,
2013/10/27,15,38,,,1,36,,
2013/10/27,16,38,,,1,36,,
2013/10/27,17,40,,,1,38,,
2013/10/27,18,41,,,1,39,,
2013/10/27,19,41,,,1,40,,
2013/10/27,20,41,,,1,39,,
2013/10/27,21,41,,,1,40,,
2013/10/27,22,41,,,1,39,,
2013/10/27,23,41,,,1,39,,
2013/10/27,24,40,,,1,39,,
2013/10/28,01,14,,,1,13,,
2013/10/28,02,7,,,1,6,,
2013/10/28,03,4,,,1,3,,
2013/10/28,04,3,,,1,2,,
2013/10/28,05,3,,,1,2,,
2013/10/28,06,3,,,1,2,,
2013/10/28,07,3,,,1,2,,
2013/10/28,08,3,,,1,2,,
2013/10/28,09,9,,,1,8,,
2013/10/28,10,17,,,1,16,,
2013/10/28,11,37,,,1,35,,
2013/10/28,12,37,,,1,35,,
2013/10/28,13,38,,,1,36,,
2013/10/28,14,37,,,1,35,,
2013/10/28,15,37,,,1,35,,
2013/10/28,16,37,,,1,35,,
2013/10/28,17,39,,,1,37,,
2013/10/28,18,41,,,1,39,,
2013/10/28,19,42,,,1,40,,
2013/10/28,20,42,,,1,40,,
2013/10/28,21,42,,,1,40,,
2013/10/28,22,53,,,11,40,,
2013/10/28,23,50,,,9,40,,
2013/10/28,24,48,,,7,39,,
2013/10/29,01,14,,,3,10,,
2013/10/29,02,3,,,1,2,,
2013/10/29,03,3,,,1,2,,
2013/10/29,04,3,,,1,2,,
2013/10/29,05,3,,,1,2,,
2013/10/29,06,3,,,1,2,,
2013/10/29,07,3,,,1,2,,
2013/10/29,08,3,,,1,2,,
2013/10/29,09,13,,,1,12,,
2013/10/29,10,19,,,1,18,,
2013/10/29,11,37,,,1,35,,
2013/10/29,12,37,,,1,35,,
2013/10/29,13,37,,,1,35,,
2013/10/29,14,37,,,1,35,,
2013/10/29,15,49,,,12,36,,
2013/10/29,16,46,,,9,36,,
2013/10/29,17,49,,,10,38,,
2013/10/29,18,50,,,8,41,,
2013/10/29,19,50,,,8,41,,
2013/10/29,20,50,,,9,40,,
2013/10/29,21,50,,,8,41,,
2013/10/29,22,48,,,6,40,,
2013/10/29,23,48,,,7,40,,
2013/10/29,24,48,,,7,40,,
2013/10/30,01,14,,,2,11,,
2013/10/30,02,3,,,1,2,,
2013/10/30,03,3,,,1,2,,
2013/10/30,04,3,,,1,2,,
2013/10/30,05,3,,,1,2,,
2013/10/30,06,3,,,1,2,,
2013/10/30,07,3,,,1,2,,
2013/10/30,08,3,,,1,2,,
2013/10/30,09,13,,,1,12,,
2013/10/30,10,21,,,1,20,,
2013/10/30,11,37,,,1,35,,
2013/10/30,12,37,,,1,35,,
2013/10/30,13,37,,,1,35,,
2013/10/30,14,37,,,1,35,,
2013/10/30,15,37,,,1,35,,
2013/10/30,16,44,,,5,37,,
2013/10/30,17,55,,,14,41,,
2013/10/30,18,52,,,11,40,,
2013/10/30,19,52,,,11,41,,
2013/10/30,20,50,,,8,40,,
2013/10/30,21,51,,,10,40,,
2013/10/30,22,49,,,7,40,,
2013/10/30,23,48,,,7,40,,
2013/10/30,24,47,,,7,39,,
2013/10/31,01,19,,,4,15,,
2013/10/31,02,3,,,1,2,,
2013/10/31,03,3,,,1,2,,
2013/10/31,04,3,,,1,2,,
2013/10/31,05,3,,,1,2,,
2013/10/31,06,3,,,1,2,,
2013/10/31,07,3,,,1,2,,
2013/10/31,08,3,,,1,2,,
2013/10/31,09,11,,,1,10,,
2013/10/31,10,17,,,1,15,,
2013/10/31,11,37,,,1,35,,
2013/10/31,12,37,,,1,35,,
2013/10/31,13,37,,,1,35,,
2013/10/31,14,37,,,1,35,,
2013/10/31,15,36,,,1,35,,
2013/10/31,16,51,,,15,35,,
2013/10/31,17,49,,,12,36,,
2013/10/31,18,53,,,11,41,,
2013/10/31,19,50,,,8,41,,
2013/10/31,20,52,,,10,41,,
2013/10/31,21,51,,,9,41,,
2013/10/31,22,51,,,8,41,,
2013/10/31,23,49,,,7,41,,
2013/10/31,24,48,,,7,40,,
2013/11/01,01,21,,,2,18,,
2013/11/01,02,6,,,1,5,,
2013/11/01,03,6,,,1,5,,
2013/11/01,04,6,,,1,5,,
2013/11/01,05,6,,,1,5,,
2013/11/01,06,6,,,1,5,,
2013/11/01,07,6,,,1,5,,
2013/11/01,08,6,,,1,5,,
2013/11/01,09,13,,,1,12,,
2013/11/01,10,22,,,1,20,,
2013/11/01,11,40,,,1,38,,
2013/11/01,12,40,,,1,38,,
2013/11/01,13,40,,,1,38,,
2013/11/01,14,40,,,1,38,,
2013/11/01,15,40,,,1,38,,
2013/11/01,16,40,,,1,38,,
2013/11/01,17,41,,,1,39,,
2013/11/01,18,41,,,1,39,,
2013/11/01,19,48,,,8,39,,
2013/11/01,20,50,,,9,40,,
2013/11/01,21,47,,,6,40,,
2013/11/01,22,47,,,6,39,,
2013/11/01,23,47,,,7,39,,
2013/11/01,24,44,,,5,38,,
2013/11/02,01,16,,,3,13,,
2013/11/02,02,5,,,1,3,,
2013/11/02,03,4,,,1,2,,
2013/11/02,04,4,,,1,2,,
2013/11/02,05,4,,,1,2,,
2013/11/02,06,4,,,1,2,,
2013/11/02,07,4,,,1,2,,
2013/11/02,08,4,,,1,2,,
2013/11/02,09,9,,,1,8,,
2013/11/02,10,16,,,1,15,,
2013/11/02,11,37,,,1,35,,
2013/11/02,12,37,,,1,35,,
2013/11/02,13,37,,,1,35,,
2013/11/02,14,37,,,1,35,,
2013/11/02,15,37,,,1,35,,
2013/11/02,16,38,,,1,36,,
2013/11/02,17,41,,,1,39,,
2013/11/02,18,41,,,1,39,,
2013/11/02,19,50,,,8,41,,
2013/11/02,20,52,,,11,41,,
2013/11/02,21,50,,,8,41,,
2013/11/02,22,49,,,7,41,,
2013/11/02,23,51,,,9,41,,
2013/11/02,24,47,,,7,39,,
2013/11/03,01,15,,,2,12,,
2013/11/03,02,7,,,1,5,,
2013/11/03,03,6,,,1,5,,
2013/11/03,04,6,,,1,5,,
2013/11/03,05,6,,,1,5,,
2013/11/03,06,6,,,1,5,,
2013/11/03,07,6,,,1,5,,
2013/11/03,08,6,,,1,5,,
2013/11/03,09,6,,,1,5,,
2013/11/03,10,15,,,1,13,,
2013/11/03,11,38,,,1,36,,
2013/11/03,12,37,,,1,36,,
2013/11/03,13,37,,,1,35,,
2013/11/03,14,37,,,1,35,,
2013/11/03,15,37,,,1,35,,
2013/11/03,16,37,,,1,35,,
2013/11/03,17,41,,,1,39,,
2013/11/03,18,41,,,1,39,,
2013/11/03,19,42,,,1,40,,
2013/11/03,20,41,,,1,39,,
2013/11/03,21,41,,,1,39,,
2013/11/03,22,41,,,1,39,,
2013/11/03,23,41,,,1,39,,
2013/11/03,24,40,,,1,39,,
2013/11/04,01,15,,,1,13,,
2013/11/04,02,5,,,1,3,,
2013/11/04,03,3,,,1,2,,
2013/11/04,04,3,,,1,2,,
2013/11/04,05,3,,,1,2,,
2013/11/04,06,3,,,1,2,,
2013/11/04,07,3,,,1,2,,
2013/11/04,08,3,,,1,2,,
2013/11/04,09,5,,,1,3,,
2013/11/04,10,17,,,1,15,,
2013/11/04,11,38,,,1,36,,
2013/11/04,12,37,,,1,35,,
2013/11/04,13,37,,,1,35,,
2013/11/04,14,40,,,4,36,,
2013/11/04,15,46,,,9,36,,
2013/11/04,16,47,,,10,36,,
2013/11/04,17,48,,,8,39,,
2013/11/04,18,49,,,7,40,,
2013/11/04,19,49,,,7,42,,
2013/11/04,20,50,,,8,41,,
2013/11/04,21,48,,,6,41,,
2013/11/04,22,47,,,6,41,,
2013/11/04,23,49,,,7,41,,
2013/11/04,24,47,,,6,40,,
2013/11/05,01,20,,,3,17,,
2013/11/05,02,4,,,1,2,,
2013/11/05,03,4,,,1,2,,
2013/11/05,04,4,,,1,2,,
2013/11/05,05,4,,,1,3,,
2013/11/05,06,4,,,1,2,,
2013/11/05,07,4,,,1,3,,
2013/11/05,08,4,,,1,2,,
2013/11/05,09,11,,,1,10,,
2013/11/05,10,18,,,1,17,,
2013/11/05,11,37,,,1,35,,
2013/11/05,12,37,,,1,35,,
2013/11/05,13,37,,,1,35,,
2013/11/05,14,38,,,1,36,,
2013/11/05,15,37,,,1,36,,
2013/11/05,16,48,,,11,36,,
2013/11/05,17,51,,,11,39,,
2013/11/05,18,50,,,8,41,,
2013/11/05,19,50,,,8,41,,
2013/11/05,20,49,,,7,41,,
2013/11/05,21,48,,,6,41,,
2013/11/05,22,48,,,6,41,,
2013/11/05,23,47,,,5,41,,
2013/11/05,24,45,,,5,39,,
2013/11/06,01,15,,,2,12,,
2013/11/06,02,4,,,1,2,,
2013/11/06,03,3,,,1,2,,
2013/11/06,04,3,,,1,2,,
2013/11/06,05,3,,,1,2,,
2013/11/06,06,3,,,1,2,,
2013/11/06,07,4,,,1,2,,
2013/11/06,08,3,,,1,2,,
2013/11/06,09,15,,,1,13,,
2013/11/06,10,21,,,1,19,,
2013/11/06,11,37,,,1,35,,
2013/11/06,12,37,,,1,35,,
2013/11/06,13,37,,,1,35,,
2013/11/06,14,42,,,5,36,,
2013/11/06,15,42,,,5,36,,
2013/11/06,16,42,,,5,36,,
2013/11/06,17,48,,,7,40,,
2013/11/06,18,49,,,7,41,,
2013/11/06,19,49,,,7,41,,
2013/11/06,20,48,,,6,41,,
2013/11/06,21,48,,,6,41,,
2013/11/06,22,48,,,7,40,,
2013/11/06,23,50,,,9,40,,
2013/11/06,24,46,,,5,39,,
2013/11/07,01,12,,,2,9,,
2013/11/07,02,4,,,1,2,,
2013/11/07,03,3,,,1,2,,
2013/11/07,04,3,,,1,2,,
2013/11/07,05,4,,,1,2,,
2013/11/07,06,4,,,1,2,,
2013/11/07,07,4,,,1,2,,
2013/11/07,08,3,,,1,2,,
2013/11/07,09,10,,,1,9,,
2013/11/07,10,19,,,1,17,,
2013/11/07,11,37,,,1,36,,
2013/11/07,12,37,,,1,36,,
2013/11/07,13,37,,,1,35,,
2013/11/07,14,37,,,1,35,,
2013/11/07,15,37,,,1,35,,
2013/11/07,16,38,,,1,36,,
2013/11/07,17,42,,,1,40,,
2013/11/07,18,42,,,1,40,,
2013/11/07,19,50,,,9,41,,
2013/11/07,20,52,,,10,41,,
2013/11/07,21,49,,,8,40,,
2013/11/07,22,49,,,8,40,,
2013/11/07,23,48,,,7,40,,
2013/11/07,24,47,,,7,40,,
2013/11/08,01,20,,,1,18,,
2013/11/08,02,16,,,1,14,,
2013/11/08,03,4,,,1,2,,
2013/11/08,04,3,,,1,2,,
2013/11/08,05,3,,,1,2,,
2013/11/08,06,4,,,1,2,,
2013/11/08,07,4,,,1,2,,
2013/11/08,08,3,,,1,2,,
2013/11/08,09,9,,,1,8,,
2013/11/08,10,23,,,1,22,,
2013/11/08,11,39,,,1,37,,
2013/11/08,12,39,,,1,37,,
2013/11/08,13,39,,,1,37,,
2013/11/08,14,39,,,1,38,,
2013/11/08,15,39,,,1,38,,
2013/11/08,16,40,,,1,38,,
2013/11/08,17,42,,,1,40,,
2013/11/08,18,45,,,1,43,,
2013/11/08,19,45,,,1,43,,
2013/11/08,20,44,,,1,42,,
2013/11/08,21,44,,,1,42,,
2013/11/08,22,44,,,1,42,,
2013/11/08,23,43,,,1,42,,
2013/11/08,24,43,,,1,41,,
2013/11/09,01,12,,,1,11,,
2013/11/09,02,4,,,1,2,,
2013/11/09,03,4,,,1,2,,
2013/11/09,04,4,,,1,2,,
2013/11/09,05,4,,,1,2,,
2013/11/09,06,4,,,1,2,,
2013/11/09,07,4,,,1,2,,
2013/11/09,08,3,,,1,2,,
2013/11/09,09,6,,,1,5,,
2013/11/09,10,17,,,1,16,,
2013/11/09,11,38,,,1,36,,
2013/11/09,12,38,,,1,36,,
2013/11/09,13,37,,,1,36,,
2013/11/09,14,37,,,1,35,,
2013/11/09,15,38,,,1,36,,
2013/11/09,16,37,,,1,35,,
2013/11/09,17,38,,,1,36,,
2013/11/09,18,42,,,1,40,,
2013/11/09,19,43,,,1,41,,
2013/11/09,20,42,,,1,40,,
2013/11/09,21,42,,,1,40,,
2013/11/09,22,42,,,1,40,,
2013/11/09,23,41,,,1,40,,
2013/11/09,24,41,,,1,39,,
2013/11/10,01,11,,,1,9,,
2013/11/10,02,3,,,1,2,,
2013/11/10,03,3,,,1,2,,
2013/11/10,04,3,,,1,2,,
2013/11/10,05,3,,,1,2,,
2013/11/10,06,4,,,1,2,,
2013/11/10,07,4,,,1,2,,
2013/11/10,08,4,,,1,2,,
2013/11/10,09,4,,,1,2,,
2013/11/10,10,13,,,1,12,,
2013/11/10,11,38,,,1,36,,
2013/11/10,12,38,,,1,37,,
2013/11/10,13,38,,,1,36,,
2013/11/10,14,37,,,1,35,,
2013/11/10,15,37,,,1,35,,
2013/11/10,16,38,,,1,36,,
2013/11/10,17,42,,,1,40,,
2013/11/10,18,42,,,1,40,,
2013/11/10,19,43,,,1,41,,
2013/11/10,20,43,,,1,41,,
2013/11/10,21,43,,,1,41,,
2013/11/10,22,42,,,1,41,,
2013/11/10,23,42,,,1,41,,
2013/11/10,24,42,,,1,40,,
2013/11/11,01,20,,,1,18,,
2013/11/11,02,13,,,1,12,,
2013/11/11,03,6,,,1,4,,
2013/11/11,04,4,,,1,2,,
2013/11/11,05,4,,,1,2,,
2013/11/11,06,4,,,1,3,,
2013/11/11,07,4,,,1,2,,
2013/11/11,08,4,,,1,2,,
2013/11/11,09,11,,,1,10,,
2013/11/11,10,19,,,1,18,,
2013/11/11,11,38,,,1,36,,
2013/11/11,12,38,,,1,36,,
2013/11/11,13,38,,,1,36,,
2013/11/11,14,37,,,1,36,,
2013/11/11,15,38,,,1,36,,
2013/11/11,16,38,,,1,36,,
2013/11/11,17,40,,,1,38,,
2013/11/11,18,43,,,1,41,,
2013/11/11,19,43,,,1,41,,
2013/11/11,20,43,,,1,41,,
2013/11/11,21,42,,,1,40,,
2013/11/11,22,42,,,1,40,,
2013/11/11,23,42,,,1,40,,
2013/11/11,24,41,,,1,39,,
2013/11/12,01,11,,,1,10,,
2013/11/12,02,4,,,1,2,,
2013/11/12,03,4,,,1,2,,
2013/11/12,04,4,,,1,3,,
2013/11/12,05,4,,,1,2,,
2013/11/12,06,4,,,1,3,,
2013/11/12,07,4,,,1,2,,
2013/11/12,08,4,,,1,2,,
2013/11/12,09,13,,,1,12,,
2013/11/12,10,20,,,3,16,,
2013/11/12,11,44,,,6,37,,
2013/11/12,12,42,,,5,36,,
2013/11/12,13,44,,,6,36,,
2013/11/12,14,42,,,5,36,,
2013/11/12,15,41,,,4,36,,
2013/11/12,16,41,,,4,35,,
2013/11/12,17,47,,,5,41,,
2013/11/12,18,46,,,4,41,,
2013/11/12,19,47,,,5,41,,
2013/11/12,20,48,,,7,40,,
2013/11/12,21,46,,,5,40,,
2013/11/12,22,47,,,6,40,,
2013/11/12,23,43,,,2,40,,
2013/11/12,24,41,,,1,39,,
2013/11/13,01,13,,,1,12,,
2013/11/13,02,4,,,1,2,,
2013/11/13,03,4,,,1,2,,
2013/11/13,04,4,,,1,2,,
2013/11/13,05,4,,,1,3,,
2013/11/13,06,4,,,1,2,,
2013/11/13,07,4,,,1,2,,
2013/11/13,08,10,,,1,8,,
2013/11/13,09,19,,,1,18,,
2013/11/13,10,26,,,6,20,,
2013/11/13,11,44,,,6,36,,
2013/11/13,12,41,,,4,36,,
2013/11/13,13,40,,,4,36,,
2013/11/13,14,40,,,3,35,,
2013/11/13,15,41,,,4,35,,
2013/11/13,16,38,,,1,36,,
2013/11/13,17,42,,,1,40,,
2013/11/13,18,42,,,1,40,,
2013/11/13,19,43,,,1,41,,
2013/11/13,20,43,,,1,41,,
2013/11/13,21,42,,,1,40,,
2013/11/13,22,42,,,1,40,,
2013/11/13,23,42,,,1,40,,
2013/11/13,24,41,,,1,39,,
2013/11/14,01,12,,,1,11,,
2013/11/14,02,4,,,1,2,,
2013/11/14,03,4,,,1,2,,
2013/11/14,04,4,,,1,3,,
2013/11/14,05,4,,,1,2,,
2013/11/14,06,4,,,1,2,,
2013/11/14,07,4,,,1,3,,
2013/11/14,08,4,,,1,2,,
2013/11/14,09,11,,,2,8,,
2013/11/14,10,28,,,5,22,,
2013/11/14,11,42,,,5,36,,
2013/11/14,12,43,,,5,36,,
2013/11/14,13,41,,,4,36,,
2013/11/14,14,40,,,4,35,,
2013/11/14,15,40,,,3,36,,
2013/11/14,16,38,,,1,35,,
2013/11/14,17,40,,,1,38,,
2013/11/14,18,42,,,1,40,,
2013/11/14,19,43,,,1,41,,
2013/11/14,20,43,,,1,41,,
2013/11/14,21,43,,,1,41,,
2013/11/14,22,42,,,1,40,,
2013/11/14,23,43,,,1,40,,
2013/11/14,24,41,,,1,39,,
2013/11/15,01,18,,,1,17,,
2013/11/15,02,3,,,1,2,,
2013/11/15,03,4,,,1,2,,
2013/11/15,04,3,,,1,2,,
2013/11/15,05,3,,,1,2,,
2013/11/15,06,4,,,1,2,,
2013/11/15,07,4,,,1,2,,
2013/11/15,08,4,,,1,2,,
2013/11/15,09,10,,,1,8,,
2013/11/15,10,25,,,2,23,,
2013/11/15,11,43,,,4,37,,
2013/11/15,12,42,,,4,37,,
2013/11/15,13,40,,,2,37,,
2013/11/15,14,39,,,1,37,,
2013/11/15,15,38,,,1,36,,
2013/11/15,16,38,,,1,36,,
2013/11/15,17,38,,,1,36,,
2013/11/15,18,42,,,1,40,,
2013/11/15,19,42,,,1,40,,
2013/11/15,20,42,,,1,40,,
2013/11/15,21,41,,,1,39,,
2013/11/15,22,41,,,1,39,,
2013/11/15,23,41,,,1,39,,
2013/11/15,24,40,,,1,38,,
2013/11/16,01,13,,,1,12,,
2013/11/16,02,4,,,1,3,,
2013/11/16,03,4,,,1,2,,
2013/11/16,04,4,,,1,2,,
2013/11/16,05,4,,,1,2,,
2013/11/16,06,4,,,1,3,,
2013/11/16,07,4,,,1,3,,
2013/11/16,08,4,,,1,2,,
2013/11/16,09,8,,,1,7,,
2013/11/16,10,22,,,1,20,,
2013/11/16,11,38,,,1,36,,
2013/11/16,12,37,,,1,35,,
2013/11/16,13,38,,,1,35,,
2013/11/16,14,37,,,1,35,,
2013/11/16,15,37,,,1,35,,
2013/11/16,16,38,,,1,36,,
2013/11/16,17,42,,,1,40,,
2013/11/16,18,42,,,1,40,,
2013/11/16,19,42,,,1,40,,
2013/11/16,20,42,,,1,40,,
2013/11/16,21,42,,,1,40,,
2013/11/16,22,42,,,1,40,,
2013/11/16,23,42,,,1,40,,
2013/11/16,24,41,,,1,39,,
2013/11/17,01,10,,,1,9,,
2013/11/17,02,4,,,1,2,,
2013/11/17,03,4,,,1,2,,
2013/11/17,04,3,,,1,2,,
2013/11/17,05,4,,,1,2,,
2013/11/17,06,4,,,1,3,,
2013/11/17,07,4,,,1,2,,
2013/11/17,08,3,,,1,2,,
2013/11/17,09,3,,,1,2,,
2013/11/17,10,13,,,1,11,,
2013/11/17,11,38,,,1,36,,
2013/11/17,12,38,,,1,36,,
2013/11/17,13,37,,,1,35,,
2013/11/17,14,38,,,1,36,,
2013/11/17,15,38,,,1,36,,
2013/11/17,16,37,,,1,35,,
2013/11/17,17,40,,,1,38,,
2013/11/17,18,42,,,1,40,,
2013/11/17,19,42,,,1,40,,
2013/11/17,20,42,,,1,40,,
2013/11/17,21,42,,,1,40,,
2013/11/17,22,42,,,1,40,,
2013/11/17,23,42,,,1,40,,
2013/11/17,24,42,,,1,40,,
2013/11/18,01,14,,,1,13,,
2013/11/18,02,5,,,1,4,,
2013/11/18,03,4,,,1,2,,
2013/11/18,04,4,,,1,2,,
2013/11/18,05,4,,,1,2,,
2013/11/18,06,4,,,1,2,,
2013/11/18,07,4,,,1,2,,
2013/11/18,08,3,,,1,2,,
2013/11/18,09,5,,,1,4,,
2013/11/18,10,20,,,1,18,,
2013/11/18,11,38,,,1,36,,
2013/11/18,12,37,,,1,35,,
2013/11/18,13,38,,,1,36,,
2013/11/18,14,38,,,1,36,,
2013/11/18,15,37,,,1,35,,
2013/11/18,16,42,,,2,38,,
2013/11/18,17,47,,,5,41,,
2013/11/18,18,46,,,3,41,,
2013/11/18,19,46,,,4,41,,
2013/11/18,20,45,,,3,41,,
2013/11/18,21,47,,,4,41,,
2013/11/18,22,46,,,4,41,,
2013/11/18,23,46,,,3,41,,
2013/11/18,24,44,,,4,39,,
2013/11/19,01,12,,,1,11,,
2013/11/19,02,4,,,1,2,,
2013/11/19,03,3,,,1,2,,
2013/11/19,04,3,,,1,2,,
2013/11/19,05,3,,,1,2,,
2013/11/19,06,4,,,1,2,,
2013/11/19,07,4,,,1,2,,
2013/11/19,08,3,,,1,2,,
2013/11/19,09,15,,,1,14,,
2013/11/19,10,22,,,1,21,,
2013/11/19,11,40,,,1,38,,
2013/11/19,12,39,,,1,37,,
2013/11/19,13,40,,,1,38,,
2013/11/19,14,39,,,1,37,,
2013/11/19,15,39,,,1,37,,
2013/11/19,16,39,,,1,37,,
2013/11/19,17,40,,,1,38,,
2013/11/19,18,40,,,1,38,,
2013/11/19,19,47,,,5,41,,
2013/11/19,20,46,,,4,41,,
2013/11/19,21,45,,,4,40,,
2013/11/19,22,44,,,2,40,,
2013/11/19,23,44,,,3,40,,
2013/11/19,24,44,,,3,40,,
2013/11/20,01,12,,,1,11,,
2013/11/20,02,4,,,1,2,,
2013/11/20,03,4,,,1,2,,
2013/11/20,04,4,,,1,2,,
2013/11/20,05,4,,,1,2,,
2013/11/20,06,4,,,1,2,,
2013/11/20,07,4,,,1,2,,
2013/11/20,08,3,,,1,2,,
2013/11/20,09,13,,,1,11,,
2013/11/20,10,24,,,3,20,,
2013/11/20,11,40,,,3,36,,
2013/11/20,12,39,,,3,35,,
2013/11/20,13,38,,,2,35,,
2013/11/20,14,37,,,1,35,,
2013/11/20,15,37,,,1,35,,
2013/11/20,16,37,,,1,35,,
2013/11/20,17,41,,,1,39,,
2013/11/20,18,41,,,1,39,,
2013/11/20,19,42,,,1,40,,
2013/11/20,20,42,,,1,40,,
2013/11/20,21,42,,,1,41,,
2013/11/20,22,42,,,1,40,,
2013/11/20,23,41,,,1,40,,
2013/11/20,24,41,,,1,39,,
2013/11/21,01,15,,,1,14,,
2013/11/21,02,4,,,1,3,,
2013/11/21,03,4,,,1,2,,
2013/11/21,04,4,,,1,2,,
2013/11/21,05,4,,,1,2,,
2013/11/21,06,4,,,1,2,,
2013/11/21,07,4,,,1,2,,
2013/11/21,08,3,,,1,2,,
2013/11/21,09,10,,,1,9,,
2013/11/21,10,20,,,1,19,,
2013/11/21,11,38,,,1,35,,
2013/11/21,12,40,,,3,36,,
2013/11/21,13,40,,,4,36,,
2013/11/21,14,38,,,2,35,,
2013/11/21,15,37,,,1,35,,
2013/11/21,16,37,,,1,35,,
2013/11/21,17,38,,,1,36,,
2013/11/21,18,41,,,1,39,,
2013/11/21,19,42,,,1,40,,
2013/11/21,20,42,,,1,40,,
2013/11/21,21,43,,,1,41,,
2013/11/21,22,42,,,1,40,,
2013/11/21,23,42,,,1,40,,
2013/11/21,24,41,,,1,39,,
2013/11/22,01,13,,,1,12,,
2013/11/22,02,8,,,1,6,,
2013/11/22,03,4,,,1,2,,
2013/11/22,04,4,,,1,2,,
2013/11/22,05,4,,,1,2,,
2013/11/22,06,4,,,1,2,,
2013/11/22,07,4,,,1,2,,
2013/11/22,08,4,,,1,2,,
2013/11/22,09,16,,,4,11,,
2013/11/22,10,18,,,2,16,,
2013/11/22,11,41,,,3,37,,
2013/11/22,12,41,,,3,37,,
2013/11/22,13,39,,,1,37,,
2013/11/22,14,38,,,1,36,,
2013/11/22,15,38,,,1,36,,
2013/11/22,16,38,,,1,36,,
2013/11/22,17,41,,,1,39,,
2013/11/22,18,42,,,1,40,,
2013/11/22,19,42,,,1,40,,
2013/11/22,20,42,,,1,40,,
2013/11/22,21,42,,,1,40,,
2013/11/22,22,41,,,1,39,,
2013/11/22,23,41,,,1,39,,
2013/11/22,24,41,,,1,39,,
2013/11/23,01,20,,,1,18,,
2013/11/23,02,6,,,1,4,,
2013/11/23,03,4,,,1,2,,
2013/11/23,04,4,,,1,2,,
2013/11/23,05,4,,,1,2,,
2013/11/23,06,4,,,1,2,,
2013/11/23,07,4,,,1,2,,
2013/11/23,08,3,,,1,2,,
2013/11/23,09,7,,,1,6,,
2013/11/23,10,17,,,1,15,,
2013/11/23,11,38,,,1,36,,
2013/11/23,12,38,,,1,36,,
2013/11/23,13,38,,,1,36,,
2013/11/23,14,40,,,3,35,,
2013/11/23,15,40,,,4,35,,
2013/11/23,16,38,,,1,36,,
2013/11/23,17,45,,,4,40,,
2013/11/23,18,42,,,1,40,,
2013/11/23,19,42,,,1,40,,
2013/11/23,20,42,,,1,40,,
2013/11/23,21,42,,,1,40,,
2013/11/23,22,42,,,1,40,,
2013/11/23,23,42,,,1,40,,
2013/11/23,24,41,,,1,39,,
2013/11/24,01,20,,,1,18,,
2013/11/24,02,18,,,1,16,,
2013/11/24,03,4,,,1,2,,
2013/11/24,04,3,,,1,2,,
2013/11/24,05,4,,,1,2,,
2013/11/24,06,3,,,1,2,,
2013/11/24,07,4,,,1,2,,
2013/11/24,08,3,,,1,2,,
2013/11/24,09,4,,,1,2,,
2013/11/24,10,16,,,5,10,,
2013/11/24,11,37,,,1,35,,
2013/11/24,12,37,,,1,35,,
2013/11/24,13,41,,,5,35,,
2013/11/24,14,39,,,3,35,,
2013/11/24,15,39,,,3,35,,
2013/11/24,16,37,,,1,35,,
2013/11/24,17,39,,,1,37,,
2013/11/24,18,42,,,1,40,,
2013/11/24,19,42,,,1,40,,
2013/11/24,20,42,,,1,40,,
2013/11/24,21,42,,,1,40,,
2013/11/24,22,41,,,1,39,,
2013/11/24,23,41,,,1,39,,
2013/11/24,24,41,,,1,39,,
2013/11/25,01,16,,,1,15,,
2013/11/25,02,5,,,1,4,,
2013/11/25,03,4,,,1,2,,
2013/11/25,04,4,,,1,2,,
2013/11/25,05,4,,,1,2,,
2013/11/25,06,3,,,1,2,,
2013/11/25,07,4,,,1,3,,
2013/11/25,08,4,,,1,2,,
2013/11/25,09,9,,,1,8,,
2013/11/25,10,22,,,5,16,,
2013/11/25,11,41,,,5,35,,
2013/11/25,12,42,,,4,36,,
2013/11/25,13,42,,,5,36,,
2013/11/25,14,38,,,1,36,,
2013/11/25,15,38,,,1,36,,
2013/11/25,16,41,,,2,38,,
2013/11/25,17,41,,,1,39,,
2013/11/25,18,42,,,1,39,,
2013/11/25,19,42,,,1,40,,
2013/11/25,20,41,,,1,39,,
2013/11/25,21,42,,,1,40,,
2013/11/25,22,41,,,1,39,,
2013/11/25,23,41,,,1,39,,
2013/11/25,24,40,,,1,38,,
2013/11/26,01,8,,,1,7,,
2013/11/26,02,3,,,1,2,,
2013/11/26,03,3,,,1,2,,
2013/11/26,04,3,,,1,2,,
2013/11/26,05,4,,,1,2,,
2013/11/26,06,4,,,1,2,,
2013/11/26,07,4,,,1,2,,
2013/11/26,08,3,,,1,2,,
2013/11/26,09,10,,,1,9,,
2013/11/26,10,20,,,1,18,,
2013/11/26,11,37,,,1,35,,
2013/11/26,12,39,,,3,35,,
2013/11/26,13,40,,,3,35,,
2013/11/26,14,38,,,2,35,,
2013/11/26,15,39,,,3,35,,
2013/11/26,16,39,,,2,36,,
2013/11/26,17,42,,,1,40,,
2013/11/26,18,42,,,1,40,,
2013/11/26,19,42,,,1,40,,
2013/11/26,20,42,,,1,40,,
2013/11/26,21,42,,,1,40,,
2013/11/26,22,42,,,1,40,,
2013/11/26,23,41,,,1,40,,
2013/11/26,24,41,,,1,39,,
2013/11/27,01,9,,,1,8,,
2013/11/27,02,4,,,1,2,,
2013/11/27,03,4,,,1,2,,
2013/11/27,04,4,,,1,3,,
2013/11/27,05,4,,,1,2,,
2013/11/27,06,4,,,1,2,,
2013/11/27,07,4,,,1,3,,
2013/11/27,08,4,,,1,2,,
2013/11/27,09,19,,,1,17,,
2013/11/27,10,24,,,4,19,,
2013/11/27,11,42,,,5,36,,
2013/11/27,12,44,,,6,36,,
2013/11/27,13,41,,,3,37,,
2013/11/27,14,39,,,2,36,,
2013/11/27,15,39,,,2,36,,
2013/11/27,16,38,,,1,36,,
2013/11/27,17,42,,,1,40,,
2013/11/27,18,42,,,1,40,,
2013/11/27,19,43,,,1,41,,
2013/11/27,20,42,,,1,40,,
2013/11/27,21,42,,,1,40,,
2013/11/27,22,42,,,1,40,,
2013/11/27,23,42,,,1,40,,
2013/11/27,24,41,,,1,39,,
2013/11/28,01,10,,,1,8,,
2013/11/28,02,4,,,1,2,,
2013/11/28,03,4,,,1,2,,
2013/11/28,04,4,,,1,2,,
2013/11/28,05,4,,,1,2,,
2013/11/28,06,4,,,1,3,,
2013/11/28,07,4,,,1,2,,
2013/11/28,08,4,,,1,3,,
2013/11/28,09,8,,,1,7,,
2013/11/28,10,18,,,3,15,,
2013/11/28,11,44,,,7,36,,
2013/11/28,12,42,,,5,36,,
2013/11/28,13,42,,,5,36,,
2013/11/28,14,43,,,6,36,,
2013/11/28,15,40,,,3,36,,
2013/11/28,16,41,,,4,36,,
2013/11/28,17,41,,,2,37,,
2013/11/28,18,41,,,1,39,,
2013/11/28,19,43,,,1,41,,
2013/11/28,20,43,,,1,41,,
2013/11/28,21,42,,,1,40,,
2013/11/28,22,42,,,1,40,,
2013/11/28,23,42,,,1,40,,
2013/11/28,24,41,,,1,39,,
2013/11/29,01,14,,,1,13,,
2013/11/29,02,4,,,1,2,,
2013/11/29,03,4,,,1,2,,
2013/11/29,04,4,,,1,2,,
2013/11/29,05,4,,,1,2,,
2013/11/29,06,4,,,1,3,,
2013/11/29,07,4,,,1,2,,
2013/11/29,08,4,,,1,2,,
2013/11/29,09,9,,,1,7,,
2013/11/29,10,21,,,2,19,,
2013/11/29,11,43,,,5,37,,
2013/11/29,12,44,,,6,37,,
2013/11/29,13,41,,,3,36,,
2013/11/29,14,41,,,4,36,,
2013/11/29,15,40,,,2,36,,
2013/11/29,16,40,,,2,37,,
2013/11/29,17,43,,,4,38,,
2013/11/29,18,45,,,3,41,,
2013/11/29,19,45,,,3,41,,
2013/11/29,20,46,,,4,40,,
2013/11/29,21,48,,,6,41,,
2013/11/29,22,45,,,4,41,,
2013/11/29,23,46,,,4,41,,
2013/11/29,24,46,,,6,40,,
2013/11/30,01,16,,,2,13,,
2013/11/30,02,4,,,1,3,,
2013/11/30,03,4,,,1,2,,
2013/11/30,04,4,,,1,2,,
2013/11/30,05,4,,,1,2,,
2013/11/30,06,4,,,1,3,,
2013/11/30,07,4,,,1,2,,
2013/11/30,08,4,,,1,2,,
2013/11/30,09,11,,,1,10,,
2013/11/30,10,23,,,1,21,,
2013/11/30,11,38,,,1,36,,
2013/11/30,12,38,,,1,36,,
2013/11/30,13,37,,,1,35,,
2013/11/30,14,40,,,4,36,,
2013/11/30,15,40,,,4,35,,
2013/11/30,16,38,,,1,36,,
2013/11/30,17,42,,,1,40,,
2013/11/30,18,42,,,1,40,,
2013/11/30,19,43,,,1,41,,
2013/11/30,20,43,,,1,40,,
2013/11/30,21,42,,,1,40,,
2013/11/30,22,42,,,1,40,,
2013/11/30,23,42,,,1,40,,
2013/11/30,24,41,,,1,39,,
2013/12/01,01,13,,,1,11,,
2013/12/01,02,6,,,1,4,,
2013/12/01,03,4,,,1,3,,
2013/12/01,04,4,,,1,2,,
2013/12/01,05,4,,,1,2,,
2013/12/01,06,4,,,1,2,,
2013/12/01,07,4,,,1,2,,
2013/12/01,08,4,,,1,2,,
2013/12/01,09,5,,,3,3,,
2013/12/01,10,18,,,6,12,,
2013/12/01,11,41,,,3,37,,
2013/12/01,12,38,,,1,36,,
2013/12/01,13,42,,,4,36,,
2013/12/01,14,44,,,7,36,,
2013/12/01,15,42,,,4,36,,
2013/12/01,16,42,,,3,38,,
2013/12/01,17,42,,,1,40,,
2013/12/01,18,42,,,1,40,,
2013/12/01,19,43,,,1,40,,
2013/12/01,20,42,,,1,40,,
2013/12/01,21,43,,,1,41,,
2013/12/01,22,42,,,1,40,,
2013/12/01,23,42,,,1,40,,
2013/12/01,24,41,,,1,39,,
2013/12/02,01,21,,,1,19,,
2013/12/02,02,6,,,1,5,,
2013/12/02,03,3,,,1,2,,
2013/12/02,04,3,,,1,2,,
2013/12/02,05,3,,,1,2,,
2013/12/02,06,4,,,1,2,,
2013/12/02,07,4,,,1,2,,
2013/12/02,08,3,,,1,2,,
2013/12/02,09,13,,,3,10,,
2013/12/02,10,23,,,5,17,,
2013/12/02,11,45,,,7,37,,
2013/12/02,12,41,,,4,36,,
2013/12/02,13,42,,,5,36,,
2013/12/02,14,40,,,3,36,,
2013/12/02,15,38,,,1,36,,
2013/12/02,16,42,,,1,40,,
2013/12/02,17,42,,,1,40,,
2013/12/02,18,42,,,1,40,,
2013/12/02,19,43,,,1,41,,
2013/12/02,20,43,,,1,41,,
2013/12/02,21,43,,,1,40,,
2013/12/02,22,42,,,1,40,,
2013/12/02,23,42,,,1,40,,
2013/12/02,24,41,,,1,39,,
2013/12/03,01,10,,,1,9,,
2013/12/03,02,3,,,1,2,,
2013/12/03,03,3,,,1,2,,
2013/12/03,04,3,,,1,2,,
2013/12/03,05,4,,,1,2,,
2013/12/03,06,4,,,1,2,,
2013/12/03,07,4,,,1,2,,
2013/12/03,08,4,,,1,2,,
2013/12/03,09,12,,,1,11,,
2013/12/03,10,19,,,1,17,,
2013/12/03,11,43,,,5,37,,
2013/12/03,12,42,,,5,36,,
2013/12/03,13,43,,,5,36,,
2013/12/03,14,41,,,3,36,,
2013/12/03,15,41,,,3,37,,
2013/12/03,16,40,,,2,36,,
2013/12/03,17,42,,,4,37,,
2013/12/03,18,43,,,5,37,,
2013/12/03,19,41,,,3,38,,
2013/12/03,20,46,,,4,41,,
2013/12/03,21,46,,,4,41,,
2013/12/03,22,46,,,5,40,,
2013/12/03,23,42,,,1,40,,
2013/12/03,24,41,,,1,39,,
2013/12/04,01,9,,,1,8,,
2013/12/04,02,4,,,1,3,,
2013/12/04,03,4,,,1,2,,
2013/12/04,04,4,,,1,2,,
2013/12/04,05,4,,,1,3,,
2013/12/04,06,4,,,1,2,,
2013/12/04,07,4,,,1,2,,
2013/12/04,08,4,,,1,3,,
2013/12/04,09,18,,,1,16,,
2013/12/04,10,24,,,3,20,,
2013/12/04,11,43,,,5,36,,
2013/12/04,12,43,,,5,36,,
2013/12/04,13,40,,,2,37,,
2013/12/04,14,40,,,3,36,,
2013/12/04,15,38,,,1,36,,
2013/12/04,16,39,,,1,37,,
2013/12/04,17,42,,,1,40,,
2013/12/04,18,43,,,2,40,,
2013/12/04,19,43,,,1,41,,
2013/12/04,20,43,,,1,41,,
2013/12/04,21,43,,,2,41,,
2013/12/04,22,46,,,4,41,,
2013/12/04,23,44,,,3,40,,
2013/12/04,24,44,,,4,39,,
2013/12/05,01,11,,,2,9,,
2013/12/05,02,4,,,1,3,,
2013/12/05,03,4,,,1,2,,
2013/12/05,04,4,,,1,2,,
2013/12/05,05,4,,,1,2,,
2013/12/05,06,4,,,1,2,,
2013/12/05,07,4,,,1,3,,
2013/12/05,08,4,,,1,2,,
2013/12/05,09,10,,,2,7,,
2013/12/05,10,22,,,4,17,,
2013/12/05,11,40,,,4,35,,
2013/12/05,12,40,,,3,36,,
2013/12/05,13,39,,,2,36,,
2013/12/05,14,38,,,2,35,,
2013/12/05,15,41,,,4,36,,
2013/12/05,16,38,,,1,36,,
2013/12/05,17,39,,,1,37,,
2013/12/05,18,42,,,1,40,,
2013/12/05,19,42,,,1,40,,
2013/12/05,20,42,,,1,40,,
2013/12/05,21,42,,,1,40,,
2013/12/05,22,41,,,1,39,,
2013/12/05,23,41,,,1,39,,
2013/12/05,24,40,,,1,38,,
2013/12/06,01,12,,,1,11,,
2013/12/06,02,4,,,1,2,,
2013/12/06,03,4,,,1,2,,
2013/12/06,04,4,,,1,2,,
2013/12/06,05,4,,,1,2,,
2013/12/06,06,4,,,1,2,,
2013/12/06,07,4,,,1,2,,
2013/12/06,08,4,,,1,2,,
2013/12/06,09,11,,,2,9,,
2013/12/06,10,25,,,5,19,,
2013/12/06,11,41,,,3,36,,
2013/12/06,12,39,,,2,36,,
2013/12/06,13,37,,,1,35,,
2013/12/06,14,38,,,1,36,,
2013/12/06,15,38,,,1,36,,
2013/12/06,16,39,,,1,37,,
2013/12/06,17,45,,,5,39,,
2013/12/06,18,43,,,1,41,,
2013/12/06,19,43,,,1,41,,
2013/12/06,20,44,,,2,40,,
2013/12/06,21,45,,,4,41,,
2013/12/06,22,46,,,5,40,,
2013/12/06,23,48,,,7,40,,
2013/12/06,24,45,,,5,39,,
2013/12/07,01,16,,,4,11,,
2013/12/07,02,9,,,6,3,,
2013/12/07,03,4,,,1,2,,
2013/12/07,04,4,,,1,3,,
2013/12/07,05,4,,,1,2,,
2013/12/07,06,4,,,1,2,,
2013/12/07,07,4,,,1,2,,
2013/12/07,08,4,,,1,2,,
2013/12/07,09,5,,,1,4,,
2013/12/07,10,15,,,1,13,,
2013/12/07,11,37,,,1,35,,
2013/12/07,12,37,,,1,35,,
2013/12/07,13,43,,,5,36,,
2013/12/07,14,43,,,6,36,,
2013/12/07,15,39,,,3,35,,
2013/12/07,16,38,,,1,36,,
2013/12/07,17,42,,,1,40,,
2013/12/07,18,42,,,1,40,,
2013/12/07,19,43,,,1,41,,
2013/12/07,20,42,,,1,40,,
2013/12/07,21,43,,,1,40,,
2013/12/07,22,42,,,1,40,,
2013/12/07,23,42,,,1,40,,
2013/12/07,24,41,,,1,39,,
2013/12/08,01,14,,,1,12,,
2013/12/08,02,4,,,1,2,,
2013/12/08,03,4,,,1,2,,
2013/12/08,04,4,,,1,2,,
2013/12/08,05,4,,,1,2,,
2013/12/08,06,4,,,1,2,,
2013/12/08,07,4,,,1,2,,
2013/12/08,08,4,,,1,2,,
2013/12/08,09,5,,,3,2,,
2013/12/08,10,18,,,6,11,,
2013/12/08,11,44,,,7,36,,
2013/12/08,12,42,,,5,36,,
2013/12/08,13,42,,,5,36,,
2013/12/08,14,43,,,5,36,,
2013/12/08,15,43,,,5,37,,
2013/12/08,16,43,,,5,37,,
2013/12/08,17,42,,,1,40,,
2013/12/08,18,43,,,1,41,,
2013/12/08,19,43,,,1,41,,
2013/12/08,20,42,,,1,40,,
2013/12/08,21,42,,,1,40,,
2013/12/08,22,42,,,1,40,,
2013/12/08,23,42,,,1,40,,
2013/12/08,24,41,,,1,39,,
2013/12/09,01,19,,,1,18,,
2013/12/09,02,14,,,1,13,,
2013/12/09,03,4,,,1,2,,
2013/12/09,04,4,,,1,2,,
2013/12/09,05,4,,,1,2,,
2013/12/09,06,4,,,1,2,,
2013/12/09,07,4,,,1,2,,
2013/12/09,08,4,,,1,2,,
2013/12/09,09,6,,,1,5,,
2013/12/09,10,18,,,5,13,,
2013/12/09,11,42,,,4,36,,
2013/12/09,12,42,,,6,35,,
2013/12/09,13,39,,,3,35,,
2013/12/09,14,40,,,3,35,,
2013/12/09,15,38,,,1,36,,
2013/12/09,16,41,,,2,37,,
2013/12/09,17,44,,,3,40,,
2013/12/09,18,44,,,2,41,,
2013/12/09,19,43,,,1,41,,
2013/12/09,20,47,,,5,40,,
2013/12/09,21,45,,,3,41,,
2013/12/09,22,45,,,3,40,,
2013/12/09,23,45,,,4,40,,
2013/12/09,24,45,,,5,39,,
2013/12/10,01,16,,,4,12,,
2013/12/10,02,5,,,2,2,,
2013/12/10,03,4,,,1,2,,
2013/12/10,04,3,,,1,2,,
2013/12/10,05,3,,,1,2,,
2013/12/10,06,4,,,1,2,,
2013/12/10,07,4,,,1,2,,
2013/12/10,08,4,,,1,2,,
2013/12/10,09,10,,,1,8,,
2013/12/10,10,17,,,1,15,,
2013/12/10,11,38,,,1,36,,
2013/12/10,12,40,,,3,35,,
2013/12/10,13,40,,,3,35,,
2013/12/10,14,41,,,3,36,,
2013/12/10,15,39,,,1,36,,
2013/12/10,16,39,,,1,37,,
2013/12/10,17,42,,,1,40,,
2013/12/10,18,43,,,1,41,,
2013/12/10,19,42,,,1,40,,
2013/12/10,20,42,,,1,40,,
2013/12/10,21,44,,,3,40,,
2013/12/10,22,43,,,3,39,,
2013/12/10,23,44,,,3,39,,
2013/12/10,24,45,,,5,39,,
2013/12/11,01,13,,,3,10,,
2013/12/11,02,4,,,1,2,,
2013/12/11,03,4,,,1,2,,
2013/12/11,04,4,,,1,2,,
2013/12/11,05,4,,,1,2,,
2013/12/11,06,4,,,1,2,,
2013/12/11,07,4,,,1,3,,
2013/12/11,08,4,,,1,2,,
2013/12/11,09,17,,,1,16,,
2013/12/11,10,25,,,5,20,,
2013/12/11,11,44,,,7,36,,
2013/12/11,12,41,,,4,36,,
2013/12/11,13,41,,,4,36,,
2013/12/11,14,42,,,5,36,,
2013/12/11,15,40,,,3,36,,
2013/12/11,16,38,,,1,36,,
2013/12/11,17,39,,,1,37,,
2013/12/11,18,42,,,1,40,,
2013/12/11,19,42,,,1,40,,
2013/12/11,20,42,,,1,40,,
2013/12/11,21,42,,,1,40,,
2013/12/11,22,44,,,3,40,,
2013/12/11,23,44,,,3,40,,
2013/12/11,24,41,,,1,39,,
2013/12/12,01,16,,,4,11,,
2013/12/12,02,4,,,1,2,,
2013/12/12,03,4,,,1,2,,
2013/12/12,04,4,,,1,3,,
2013/12/12,05,4,,,1,2,,
2013/12/12,06,4,,,1,2,,
2013/12/12,07,4,,,1,2,,
2013/12/12,08,4,,,1,2,,
2013/12/12,09,13,,,4,9,,
2013/12/12,10,25,,,6,19,,
2013/12/12,11,42,,,5,36,,
2013/12/12,12,41,,,3,37,,
2013/12/12,13,40,,,3,36,,
2013/12/12,14,39,,,2,36,,
2013/12/12,15,41,,,3,36,,
2013/12/12,16,42,,,2,39,,
2013/12/12,17,45,,,4,40,,
2013/12/12,18,48,,,5,42,,
2013/12/12,19,45,,,2,41,,
2013/12/12,20,43,,,1,41,,
2013/12/12,21,42,,,1,40,,
2013/12/12,22,43,,,1,41,,
2013/12/12,23,42,,,1,40,,
2013/12/12,24,46,,,5,40,,
2013/12/13,01,14,,,3,10,,
2013/12/13,02,4,,,1,2,,
2013/12/13,03,4,,,1,3,,
2013/12/13,04,4,,,1,2,,
2013/12/13,05,4,,,1,3,,
2013/12/13,06,4,,,1,2,,
2013/12/13,07,4,,,1,2,,
2013/12/13,08,4,,,1,2,,
2013/12/13,09,8,,,1,7,,
2013/12/13,10,23,,,5,18,,
2013/12/13,11,39,,,1,37,,
2013/12/13,12,40,,,1,38,,
2013/12/13,13,44,,,5,38,,
2013/12/13,14,45,,,6,38,,
2013/12/13,15,43,,,4,38,,
2013/12/13,16,45,,,4,39,,
2013/12/13,17,48,,,6,41,,
2013/12/13,18,47,,,5,41,,
2013/12/13,19,48,,,6,41,,
2013/12/13,20,45,,,3,41,,
2013/12/13,21,45,,,3,41,,
2013/12/13,22,47,,,5,40,,
2013/12/13,23,48,,,6,40,,
2013/12/13,24,45,,,5,39,,
2013/12/14,01,26,,,7,19,,
2013/12/14,02,19,,,4,14,,
2013/12/14,03,4,,,1,2,,
2013/12/14,04,4,,,1,2,,
2013/12/14,05,4,,,1,2,,
2013/12/14,06,4,,,1,2,,
2013/12/14,07,4,,,1,3,,
2013/12/14,08,4,,,1,2,,
2013/12/14,09,7,,,1,6,,
2013/12/14,10,14,,,1,13,,
2013/12/14,11,38,,,1,36,,
2013/12/14,12,42,,,5,36,,
2013/12/14,13,45,,,7,36,,
2013/12/14,14,44,,,6,37,,
2013/12/14,15,44,,,7,36,,
2013/12/14,16,43,,,5,36,,
2013/12/14,17,47,,,7,39,,
2013/12/14,18,48,,,6,41,,
2013/12/14,19,49,,,7,41,,
2013/12/14,20,48,,,6,41,,
2013/12/14,21,50,,,8,41,,
2013/12/14,22,48,,,6,41,,
2013/12/14,23,43,,,1,41,,
2013/12/14,24,42,,,1,39,,
2013/12/15,01,21,,,1,19,,
2013/12/15,02,4,,,1,3,,
2013/12/15,03,4,,,1,2,,
2013/12/15,04,4,,,1,2,,
2013/12/15,05,4,,,1,3,,
2013/12/15,06,4,,,1,3,,
2013/12/15,07,4,,,1,3,,
2013/12/15,08,4,,,1,2,,
2013/12/15,09,6,,,3,3,,
2013/12/15,10,20,,,8,11,,
2013/12/15,11,41,,,3,37,,
2013/12/15,12,45,,,7,37,,
2013/12/15,13,43,,,5,37,,
2013/12/15,14,43,,,6,36,,
2013/12/15,15,46,,,8,36,,
2013/12/15,16,43,,,4,37,,
2013/12/15,17,46,,,5,40,,
2013/12/15,18,48,,,6,40,,
2013/12/15,19,44,,,2,40,,
2013/12/15,20,43,,,1,40,,
2013/12/15,21,43,,,1,40,,
2013/12/15,22,42,,,1,40,,
2013/12/15,23,42,,,1,40,,
2013/12/15,24,42,,,1,40,,
2013/12/16,01,25,,,1,23,,
2013/12/16,02,6,,,1,4,,
2013/12/16,03,4,,,1,2,,
2013/12/16,04,4,,,1,3,,
2013/12/16,05,4,,,1,2,,
2013/12/16,06,4,,,1,3,,
2013/12/16,07,4,,,1,3,,
2013/12/16,08,11,,,4,7,,
2013/12/16,09,22,,,7,14,,
2013/12/16,10,24,,,5,17,,
2013/12/16,11,42,,,4,36,,
2013/12/16,12,41,,,4,36,,
2013/12/16,13,40,,,3,36,,
2013/12/16,14,43,,,6,36,,
2013/12/16,15,40,,,2,37,,
2013/12/16,16,43,,,3,39,,
2013/12/16,17,45,,,3,41,,
2013/12/16,18,44,,,1,41,,
2013/12/16,19,43,,,1,41,,
2013/12/16,20,43,,,1,41,,
2013/12/16,21,43,,,1,41,,
2013/12/16,22,43,,,1,41,,
2013/12/16,23,42,,,1,40,,
2013/12/16,24,41,,,1,39,,
2013/12/17,01,12,,,1,11,,
2013/12/17,02,4,,,1,2,,
2013/12/17,03,4,,,1,3,,
2013/12/17,04,4,,,1,2,,
2013/12/17,05,4,,,1,2,,
2013/12/17,06,4,,,1,3,,
2013/12/17,07,4,,,1,3,,
2013/12/17,08,4,,,1,2,,
2013/12/17,09,8,,,2,5,,
2013/12/17,10,23,,,5,17,,
2013/12/17,11,45,,,7,37,,
2013/12/17,12,41,,,4,36,,
2013/12/17,13,41,,,4,36,,
2013/12/17,14,40,,,3,36,,
2013/12/17,15,41,,,4,36,,
2013/12/17,16,43,,,3,39,,
2013/12/17,17,47,,,5,41,,
2013/12/17,18,45,,,3,41,,
2013/12/17,19,47,,,4,41,,
2013/12/17,20,46,,,4,40,,
2013/12/17,21,48,,,6,40,,
2013/12/17,22,46,,,4,40,,
2013/12/17,23,47,,,5,41,,
2013/12/17,24,47,,,6,40,,
2013/12/18,01,19,,,5,13,,
2013/12/18,02,4,,,1,2,,
2013/12/18,03,4,,,1,2,,
2013/12/18,04,4,,,1,2,,
2013/12/18,05,4,,,1,2,,
2013/12/18,06,4,,,1,2,,
2013/12/18,07,4,,,1,3,,
2013/12/18,08,4,,,1,2,,
2013/12/18,09,15,,,1,14,,
2013/12/18,10,25,,,5,20,,
2013/12/18,11,40,,,1,38,,
2013/12/18,12,41,,,3,37,,
2013/12/18,13,43,,,6,36,,
2013/12/18,14,43,,,5,37,,
2013/12/18,15,38,,,1,36,,
2013/12/18,16,38,,,1,36,,
2013/12/18,17,42,,,1,40,,
2013/12/18,18,43,,,1,40,,
2013/12/18,19,43,,,1,41,,
2013/12/18,20,43,,,1,41,,
2013/12/18,21,43,,,1,41,,
2013/12/18,22,43,,,1,41,,
2013/12/18,23,42,,,1,40,,
2013/12/18,24,42,,,1,40,,
2013/12/19,01,20,,,1,19,,
2013/12/19,02,20,,,1,18,,
2013/12/19,03,20,,,1,18,,
2013/12/19,04,20,,,1,18,,
2013/12/19,05,20,,,1,18,,
2013/12/19,06,6,,,1,5,,
2013/12/19,07,4,,,1,3,,
2013/12/19,08,4,,,1,2,,
2013/12/19,09,6,,,1,5,,
2013/12/19,10,22,,,6,15,,
2013/12/19,11,44,,,7,36,,
2013/12/19,12,43,,,5,36,,
2013/12/19,13,42,,,5,36,,
2013/12/19,14,42,,,5,36,,
2013/12/19,15,40,,,3,36,,
2013/12/19,16,41,,,4,35,,
2013/12/19,17,40,,,2,37,,
2013/12/19,18,48,,,5,41,,
2013/12/19,19,44,,,2,41,,
2013/12/19,20,43,,,1,40,,
2013/12/19,21,43,,,1,41,,
2013/12/19,22,43,,,1,40,,
2013/12/19,23,43,,,1,41,,
2013/12/19,24,42,,,1,40,,
2013/12/20,01,20,,,1,19,,
2013/12/20,02,12,,,1,11,,
2013/12/20,03,4,,,1,2,,
2013/12/20,04,4,,,1,2,,
2013/12/20,05,4,,,1,2,,
2013/12/20,06,4,,,1,3,,
2013/12/20,07,4,,,1,2,,
2013/12/20,08,4,,,1,2,,
2013/12/20,09,13,,,1,11,,
2013/12/20,10,26,,,5,20,,
2013/12/20,11,47,,,7,39,,
2013/12/20,12,45,,,6,38,,
2013/12/20,13,44,,,5,38,,
2013/12/20,14,44,,,5,38,,
2013/12/20,15,43,,,4,38,,
2013/12/20,16,39,,,1,37,,
2013/12/20,17,41,,,1,39,,
2013/12/20,18,43,,,1,41,,
2013/12/20,19,44,,,2,41,,
2013/12/20,20,46,,,4,41,,
2013/12/20,21,48,,,6,41,,
2013/12/20,22,45,,,3,40,,
2013/12/20,23,46,,,5,40,,
2013/12/20,24,47,,,7,40,,
2013/12/21,01,24,,,4,19,,
2013/12/21,02,12,,,1,10,,
2013/12/21,03,4,,,1,3,,
2013/12/21,04,4,,,1,2,,
2013/12/21,05,4,,,1,2,,
2013/12/21,06,4,,,1,3,,
2013/12/21,07,4,,,1,2,,
2013/12/21,08,4,,,1,3,,
2013/12/21,09,6,,,1,4,,
2013/12/21,10,19,,,1,17,,
2013/12/21,11,38,,,1,36,,
2013/12/21,12,38,,,1,35,,
2013/12/21,13,42,,,6,36,,
2013/12/21,14,43,,,6,36,,
2013/12/21,15,42,,,5,36,,
2013/12/21,16,42,,,4,36,,
2013/12/21,17,47,,,6,40,,
2013/12/21,18,43,,,1,40,,
2013/12/21,19,43,,,1,41,,
2013/12/21,20,43,,,1,40,,
2013/12/21,21,42,,,1,40,,
2013/12/21,22,42,,,1,40,,
2013/12/21,23,43,,,1,41,,
2013/12/21,24,42,,,1,39,,
2013/12/22,01,14,,,1,13,,
2013/12/22,02,4,,,1,3,,
2013/12/22,03,4,,,1,3,,
2013/12/22,04,4,,,1,2,,
2013/12/22,05,4,,,1,3,,
2013/12/22,06,4,,,1,2,,
2013/12/22,07,4,,,1,3,,
2013/12/22,08,4,,,1,2,,
2013/12/22,09,6,,,3,3,,
2013/12/22,10,16,,,8,8,,
2013/12/22,11,44,,,6,36,,
2013/12/22,12,45,,,8,36,,
2013/12/22,13,43,,,6,36,,
2013/12/22,14,45,,,7,37,,
2013/12/22,15,42,,,5,36,,
2013/12/22,16,44,,,7,36,,
2013/12/22,17,46,,,5,39,,
2013/12/22,18,47,,,6,40,,
2013/12/22,19,48,,,5,41,,
2013/12/22,20,47,,,5,41,,
2013/12/22,21,43,,,1,41,,
2013/12/22,22,43,,,1,41,,
2013/12/22,23,43,,,1,40,,
2013/12/22,24,42,,,1,40,,
2013/12/23,01,16,,,1,14,,
2013/12/23,02,13,,,6,7,,
2013/12/23,03,8,,,4,3,,
2013/12/23,04,4,,,1,2,,
2013/12/23,05,4,,,1,2,,
2013/12/23,06,4,,,1,3,,
2013/12/23,07,4,,,1,2,,
2013/12/23,08,4,,,1,2,,
2013/12/23,09,7,,,2,5,,
2013/12/23,10,23,,,8,14,,
2013/12/23,11,43,,,6,36,,
2013/12/23,12,43,,,5,37,,
2013/12/23,13,43,,,5,37,,
2013/12/23,14,41,,,4,36,,
2013/12/23,15,42,,,4,36,,
2013/12/23,16,45,,,6,37,,
2013/12/23,17,45,,,3,40,,
2013/12/23,18,46,,,4,41,,
2013/12/23,19,47,,,4,41,,
2013/12/23,20,49,,,7,41,,
2013/12/23,21,46,,,4,41,,
2013/12/23,22,47,,,5,41,,
2013/12/23,23,49,,,7,40,,
2013/12/23,24,46,,,5,40,,
2013/12/24,01,28,,,7,20,,
2013/12/24,02,13,,,4,8,,
2013/12/24,03,4,,,1,3,,
2013/12/24,04,4,,,1,2,,
2013/12/24,05,4,,,1,3,,
2013/12/24,06,4,,,1,3,,
2013/12/24,07,4,,,1,3,,
2013/12/24,08,4,,,1,3,,
2013/12/24,09,15,,,1,13,,
2013/12/24,10,24,,,5,18,,
2013/12/24,11,45,,,7,36,,
2013/12/24,12,43,,,6,36,,
2013/12/24,13,45,,,7,37,,
2013/12/24,14,42,,,5,36,,
2013/12/24,15,44,,,7,36,,
2013/12/24,16,38,,,1,36,,
2013/12/24,17,46,,,4,40,,
2013/12/24,18,47,,,5,41,,
2013/12/24,19,47,,,4,41,,
2013/12/24,20,47,,,5,41,,
2013/12/24,21,48,,,6,41,,
2013/12/24,22,47,,,5,41,,
2013/12/24,23,48,,,7,40,,
2013/12/24,24,47,,,6,40,,
2013/12/25,01,23,,,7,15,,
2013/12/25,02,5,,,3,2,,
2013/12/25,03,4,,,1,2,,
2013/12/25,04,4,,,1,2,,
2013/12/25,05,4,,,1,3,,
2013/12/25,06,4,,,1,2,,
2013/12/25,07,4,,,1,2,,
2013/12/25,08,4,,,1,2,,
2013/12/25,09,15,,,3,12,,
2013/12/25,10,27,,,6,20,,
2013/12/25,11,43,,,6,36,,
2013/12/25,12,44,,,7,36,,
2013/12/25,13,43,,,5,37,,
2013/12/25,14,44,,,6,37,,
2013/12/25,15,41,,,4,36,,
2013/12/25,16,42,,,4,37,,
2013/12/25,17,46,,,4,41,,
2013/12/25,18,48,,,5,41,,
2013/12/25,19,46,,,4,40,,
2013/12/25,20,46,,,5,40,,
2013/12/25,21,48,,,6,41,,
2013/12/25,22,47,,,5,41,,
2013/12/25,23,49,,,7,41,,
2013/12/25,24,46,,,5,40,,
2013/12/26,01,19,,,5,13,,
2013/12/26,02,4,,,1,3,,
2013/12/26,03,4,,,1,2,,
2013/12/26,04,4,,,1,3,,
2013/12/26,05,4,,,1,2,,
2013/12/26,06,4,,,1,3,,
2013/12/26,07,4,,,1,3,,
2013/12/26,08,4,,,1,2,,
2013/12/26,09,9,,,1,8,,
2013/12/26,10,21,,,2,19,,
2013/12/26,11,42,,,5,36,,
2013/12/26,12,45,,,7,37,,
2013/12/26,13,42,,,4,36,,
2013/12/26,14,40,,,3,36,,
2013/12/26,15,39,,,1,36,,
2013/12/26,16,43,,,5,36,,
2013/12/26,17,39,,,1,37,,
2013/12/26,18,39,,,1,37,,
2013/12/26,19,39,,,1,37,,
2013/12/26,20,39,,,1,37,,
2013/12/26,21,39,,,1,37,,
2013/12/26,22,39,,,1,37,,
2013/12/26,23,39,,,1,37,,
2013/12/26,24,38,,,1,36,,
2013/12/27,01,21,,,1,19,,
2013/12/27,02,19,,,1,18,,
2013/12/27,03,15,,,1,14,,
2013/12/27,04,4,,,1,2,,
2013/12/27,05,4,,,1,3,,
2013/12/27,06,4,,,1,3,,
2013/12/27,07,4,,,1,3,,
2013/12/27,08,4,,,1,2,,
2013/12/27,09,9,,,1,8,,
2013/12/27,10,26,,,5,21,,
2013/12/27,11,43,,,6,36,,
2013/12/27,12,43,,,6,36,,
2013/12/27,13,42,,,4,36,,
2013/12/27,14,42,,,5,35,,
2013/12/27,15,41,,,4,36,,
2013/12/27,16,39,,,1,37,,
2013/12/27,17,43,,,1,40,,
2013/12/27,18,42,,,1,40,,
2013/12/27,19,43,,,1,41,,
2013/12/27,20,43,,,1,41,,
2013/12/27,21,43,,,1,41,,
2013/12/27,22,43,,,1,41,,
2013/12/27,23,43,,,1,41,,
2013/12/27,24,42,,,1,40,,
2013/12/28,01,21,,,1,19,,
2013/12/28,02,12,,,1,11,,
2013/12/28,03,4,,,1,3,,
2013/12/28,04,4,,,1,3,,
2013/12/28,05,4,,,1,3,,
2013/12/28,06,4,,,1,3,,
2013/12/28,07,4,,,1,3,,
2013/12/28,08,4,,,1,3,,
2013/12/28,09,7,,,1,5,,
2013/12/28,10,27,,,5,21,,
2013/12/28,11,40,,,1,38,,
2013/12/28,12,39,,,1,37,,
2013/12/28,13,44,,,6,37,,
2013/12/28,14,46,,,8,37,,
2013/12/28,15,44,,,6,37,,
2013/12/28,16,45,,,6,38,,
2013/12/28,17,46,,,6,39,,
2013/12/28,18,49,,,7,40,,
2013/12/28,19,48,,,5,41,,
2013/12/28,20,50,,,8,41,,
2013/12/28,21,47,,,5,41,,
2013/12/28,22,49,,,7,41,,
2013/12/28,23,47,,,6,40,,
2013/12/28,24,48,,,7,39,,
2013/12/29,01,24,,,5,19,,
2013/12/29,02,4,,,1,3,,
2013/12/29,03,4,,,1,3,,
2013/12/29,04,4,,,1,3,,
2013/12/29,05,4,,,1,3,,
2013/12/29,06,4,,,1,3,,
2013/12/29,07,4,,,1,3,,
2013/12/29,08,4,,,1,3,,
2013/12/29,09,8,,,3,5,,
2013/12/29,10,23,,,7,15,,
2013/12/29,11,44,,,6,37,,
2013/12/29,12,43,,,5,36,,
2013/12/29,13,44,,,7,36,,
2013/12/29,14,42,,,5,36,,
2013/12/29,15,44,,,7,36,,
2013/12/29,16,42,,,5,36,,
2013/12/29,17,42,,,1,39,,
2013/12/29,18,42,,,1,40,,
2013/12/29,19,43,,,1,41,,
2013/12/29,20,43,,,1,40,,
2013/12/29,21,43,,,1,41,,
2013/12/29,22,43,,,1,41,,
2013/12/29,23,43,,,1,40,,
2013/12/29,24,42,,,1,40,,
2013/12/30,01,20,,,3,16,,
2013/12/30,02,15,,,8,7,,
2013/12/30,03,4,,,1,3,,
2013/12/30,04,4,,,1,3,,
2013/12/30,05,4,,,1,3,,
2013/12/30,06,4,,,1,3,,
2013/12/30,07,4,,,1,3,,
2013/12/30,08,4,,,1,2,,
2013/12/30,09,5,,,1,3,,
2013/12/30,10,25,,,6,18,,
2013/12/30,11,45,,,6,38,,
2013/12/30,12,40,,,1,38,,
2013/12/30,13,43,,,4,38,,
2013/12/30,14,46,,,7,38,,
2013/12/30,15,44,,,5,38,,
2013/12/30,16,42,,,2,38,,
2013/12/30,17,43,,,1,41,,
2013/12/30,18,44,,,1,41,,
2013/12/30,19,43,,,1,41,,
2013/12/30,20,43,,,1,41,,
2013/12/30,21,43,,,1,41,,
2013/12/30,22,43,,,1,41,,
2013/12/30,23,43,,,1,40,,
2013/12/30,24,41,,,1,39,,
2013/12/31,01,23,,,5,18,,
2013/12/31,02,4,,,1,3,,
2013/12/31,03,4,,,1,2,,
2013/12/31,04,4,,,1,2,,
2013/12/31,05,4,,,1,2,,
2013/12/31,06,4,,,1,2,,
2013/12/31,07,4,,,1,3,,
2013/12/31,08,4,,,1,2,,
2013/12/31,09,5,,,1,4,,
2013/12/31,10,17,,,1,15,,
2013/12/31,11,43,,,6,36,,
2013/12/31,12,44,,,7,36,,
2013/12/31,13,41,,,4,36,,
2013/12/31,14,41,,,3,37,,
2013/12/31,15,42,,,4,36,,
2013/12/31,16,42,,,5,36,,
2013/12/31,17,46,,,4,41,,
2013/12/31,18,46,,,4,41,,
2013/12/31,19,46,,,4,40,,
2013/12/31,20,46,,,6,40,,
2013/12/31,21,27,,,6,21,,
2013/12/31,22,7,,,2,5,,
2013/12/31,23,4,,,1,3,,
2013/12/31,24,4,,,1,3,,
2014/01/01,01,4,,,1,3,,
2014/01/01,02,4,,,1,3,,
2014/01/01,03,4,,,1,3,,
2014/01/01,04,4,,,1,2,,
2014/01/01,05,4,,,1,3,,
2014/01/01,06,4,,,1,3,,
2014/01/01,07,4,,,1,2,,
2014/01/01,08,4,,,1,3,,
2014/01/01,09,13,,,1,12,,
2014/01/01,10,21,,,1,19,,
2014/01/01,11,39,,,1,37,,
2014/01/01,12,42,,,4,37,,
2014/01/01,13,45,,,7,37,,
2014/01/01,14,43,,,6,36,,
2014/01/01,15,43,,,6,36,,
2014/01/01,16,43,,,5,37,,
2014/01/01,17,46,,,5,40,,
2014/01/01,18,48,,,7,40,,
2014/01/01,19,47,,,6,40,,
2014/01/01,20,47,,,7,40,,
2014/01/01,21,22,,,4,17,,
2014/01/01,22,4,,,1,3,,
2014/01/01,23,4,,,1,3,,
2014/01/01,24,4,,,1,3,,
2014/01/02,01,4,,,1,2,,
2014/01/02,02,4,,,1,3,,
2014/01/02,03,4,,,1,3,,
2014/01/02,04,4,,,1,2,,
2014/01/02,05,4,,,1,2,,
2014/01/02,06,4,,,1,3,,
2014/01/02,07,4,,,1,3,,
2014/01/02,08,4,,,1,2,,
2014/01/02,09,4,,,1,2,,
2014/01/02,10,13,,,1,12,,
2014/01/02,11,42,,,4,36,,
2014/01/02,12,48,,,11,36,,
2014/01/02,13,43,,,6,36,,
2014/01/02,14,45,,,7,36,,
2014/01/02,15,41,,,4,36,,
2014/01/02,16,38,,,1,36,,
2014/01/02,17,41,,,1,39,,
2014/01/02,18,43,,,1,40,,
2014/01/02,19,42,,,1,40,,
2014/01/02,20,42,,,1,40,,
2014/01/02,21,43,,,1,41,,
2014/01/02,22,43,,,1,40,,
2014/01/02,23,42,,,1,40,,
2014/01/02,24,42,,,1,39,,
2014/01/03,01,15,,,1,14,,
2014/01/03,02,4,,,1,3,,
2014/01/03,03,4,,,1,2,,
2014/01/03,04,4,,,1,2,,
2014/01/03,05,4,,,1,2,,
2014/01/03,06,4,,,1,3,,
2014/01/03,07,4,,,1,3,,
2014/01/03,08,4,,,1,2,,
2014/01/03,09,4,,,1,3,,
2014/01/03,10,23,,,5,17,,
2014/01/03,11,44,,,7,36,,
2014/01/03,12,43,,,5,36,,
2014/01/03,13,44,,,7,36,,
2014/01/03,14,42,,,4,36,,
2014/01/03,15,43,,,5,37,,
2014/01/03,16,44,,,6,37,,
2014/01/03,17,45,,,5,38,,
2014/01/03,18,48,,,6,41,,
2014/01/03,19,47,,,5,41,,
2014/01/03,20,43,,,1,41,,
2014/01/03,21,42,,,1,40,,
2014/01/03,22,43,,,1,40,,
2014/01/03,23,42,,,1,40,,
2014/01/03,24,42,,,1,39,,
2014/01/04,01,14,,,1,12,,
2014/01/04,02,4,,,1,3,,
2014/01/04,03,4,,,1,2,,
2014/01/04,04,4,,,1,3,,
2014/01/04,05,4,,,1,2,,
2014/01/04,06,4,,,1,2,,
2014/01/04,07,4,,,1,3,,
2014/01/04,08,4,,,1,2,,
2014/01/04,09,8,,,3,5,,
2014/01/04,10,27,,,8,18,,
2014/01/04,11,43,,,6,35,,
2014/01/04,12,44,,,7,36,,
2014/01/04,13,42,,,5,36,,
2014/01/04,14,44,,,7,36,,
2014/01/04,15,41,,,4,36,,
2014/01/04,16,42,,,5,37,,
2014/01/04,17,48,,,6,40,,
2014/01/04,18,48,,,6,40,,
2014/01/04,19,47,,,5,41,,
2014/01/04,20,49,,,7,41,,
2014/01/04,21,47,,,5,41,,
2014/01/04,22,47,,,6,41,,
2014/01/04,23,49,,,7,40,,
2014/01/04,24,46,,,6,39,,
2014/01/05,01,17,,,5,12,,
2014/01/05,02,4,,,1,2,,
2014/01/05,03,4,,,1,2,,
2014/01/05,04,4,,,1,2,,
2014/01/05,05,4,,,1,2,,
2014/01/05,06,4,,,1,3,,
2014/01/05,07,4,,,1,2,,
2014/01/05,08,4,,,1,2,,
2014/01/05,09,6,,,3,3,,
2014/01/05,10,20,,,9,11,,
2014/01/05,11,44,,,6,37,,
2014/01/05,12,45,,,7,37,,
2014/01/05,13,43,,,5,36,,
2014/01/05,14,44,,,6,36,,
2014/01/05,15,42,,,4,36,,
2014/01/05,16,42,,,5,36,,
2014/01/05,17,47,,,7,39,,
2014/01/05,18,47,,,5,40,,
2014/01/05,19,48,,,7,40,,
2014/01/05,20,47,,,5,40,,
2014/01/05,21,48,,,7,40,,
2014/01/05,22,45,,,3,40,,
2014/01/05,23,42,,,1,40,,
2014/01/05,24,42,,,1,40,,
2014/01/06,01,15,,,1,13,,
2014/01/06,02,4,,,1,2,,
2014/01/06,03,4,,,1,3,,
2014/01/06,04,4,,,1,2,,
2014/01/06,05,4,,,1,2,,
2014/01/06,06,4,,,1,3,,
2014/01/06,07,4,,,1,3,,
2014/01/06,08,4,,,1,2,,
2014/01/06,09,4,,,1,2,,
2014/01/06,10,20,,,3,16,,
2014/01/06,11,47,,,8,37,,
2014/01/06,12,44,,,6,37,,
2014/01/06,13,44,,,7,36,,
2014/01/06,14,42,,,5,36,,
2014/01/06,15,43,,,6,36,,
2014/01/06,16,43,,,6,36,,
2014/01/06,17,45,,,5,38,,
2014/01/06,18,49,,,7,40,,
2014/01/06,19,47,,,5,40,,
2014/01/06,20,49,,,7,41,,
2014/01/06,21,47,,,5,41,,
2014/01/06,22,48,,,6,40,,
2014/01/06,23,48,,,6,40,,
2014/01/06,24,46,,,5,39,,
2014/01/07,01,18,,,5,12,,
2014/01/07,02,4,,,1,2,,
2014/01/07,03,4,,,1,3,,
2014/01/07,04,4,,,1,2,,
2014/01/07,05,4,,,1,2,,
2014/01/07,06,4,,,1,2,,
2014/01/07,07,4,,,1,3,,
2014/01/07,08,4,,,1,2,,
2014/01/07,09,6,,,1,5,,
2014/01/07,10,23,,,5,17,,
2014/01/07,11,44,,,7,36,,
2014/01/07,12,42,,,5,36,,
2014/01/07,13,42,,,5,36,,
2014/01/07,14,44,,,6,36,,
2014/01/07,15,42,,,4,36,,
2014/01/07,16,42,,,5,36,,
2014/01/07,17,49,,,6,41,,
2014/01/07,18,49,,,6,41,,
2014/01/07,19,48,,,5,41,,
2014/01/07,20,49,,,7,41,,
2014/01/07,21,47,,,5,41,,
2014/01/07,22,47,,,5,40,,
2014/01/07,23,49,,,7,40,,
2014/01/07,24,45,,,5,39,,
2014/01/08,01,14,,,4,9,,
2014/01/08,02,4,,,1,2,,
2014/01/08,03,4,,,1,2,,
2014/01/08,04,4,,,1,2,,
2014/01/08,05,4,,,1,2,,
2014/01/08,06,4,,,1,2,,
2014/01/08,07,4,,,1,2,,
2014/01/08,08,4,,,1,2,,
2014/01/08,09,15,,,1,13,,
2014/01/08,10,27,,,6,20,,
2014/01/08,11,40,,,1,38,,
2014/01/08,12,45,,,6,38,,
2014/01/08,13,46,,,7,38,,
2014/01/08,14,45,,,6,38,,
2014/01/08,15,43,,,4,38,,
2014/01/08,16,40,,,1,38,,
2014/01/08,17,43,,,1,41,,
2014/01/08,18,43,,,1,41,,
2014/01/08,19,43,,,1,41,,
2014/01/08,20,43,,,1,41,,
2014/01/08,21,51,,,9,42,,
2014/01/08,22,48,,,6,41,,
2014/01/08,23,48,,,6,41,,
2014/01/08,24,48,,,8,39,,
2014/01/09,01,17,,,5,12,,
2014/01/09,02,4,,,1,2,,
2014/01/09,03,4,,,1,3,,
2014/01/09,04,4,,,1,2,,
2014/01/09,05,4,,,1,2,,
2014/01/09,06,4,,,1,3,,
2014/01/09,07,4,,,1,3,,
2014/01/09,08,4,,,1,2,,
2014/01/09,09,7,,,1,6,,
2014/01/09,10,16,,,1,14,,
2014/01/09,11,38,,,1,36,,
2014/01/09,12,44,,,6,37,,
2014/01/09,13,46,,,8,37,,
2014/01/09,14,44,,,6,36,,
2014/01/09,15,46,,,8,37,,
2014/01/09,16,45,,,6,38,,
2014/01/09,17,39,,,1,37,,
2014/01/09,18,40,,,1,37,,
2014/01/09,19,39,,,1,37,,
2014/01/09,20,39,,,1,37,,
2014/01/09,21,40,,,1,38,,
2014/01/09,22,39,,,1,37,,
2014/01/09,23,39,,,1,37,,
2014/01/09,24,39,,,1,36,,
2014/01/10,01,18,,,1,16,,
2014/01/10,02,4,,,1,2,,
2014/01/10,03,4,,,1,3,,
2014/01/10,04,4,,,1,3,,
2014/01/10,05,4,,,1,2,,
2014/01/10,06,4,,,1,3,,
2014/01/10,07,4,,,1,3,,
2014/01/10,08,4,,,1,3,,
2014/01/10,09,7,,,1,6,,
2014/01/10,10,30,,,9,21,,
2014/01/10,11,45,,,7,37,,
2014/01/10,12,46,,,8,37,,
2014/01/10,13,43,,,6,36,,
2014/01/10,14,45,,,7,36,,
2014/01/10,15,44,,,6,36,,
2014/01/10,16,45,,,7,37,,
2014/01/10,17,47,,,5,40,,
2014/01/10,18,50,,,7,42,,
2014/01/10,19,48,,,5,41,,
2014/01/10,20,50,,,7,41,,
2014/01/10,21,48,,,5,41,,
2014/01/10,22,50,,,8,41,,
2014/01/10,23,48,,,6,41,,
2014/01/10,24,50,,,8,41,,
2014/01/11,01,25,,,6,18,,
2014/01/11,02,10,,,2,8,,
2014/01/11,03,4,,,1,2,,
2014/01/11,04,4,,,1,2,,
2014/01/11,05,4,,,1,2,,
2014/01/11,06,4,,,1,3,,
2014/01/11,07,4,,,1,3,,
2014/01/11,08,4,,,1,2,,
2014/01/11,09,7,,,3,4,,
2014/01/11,10,30,,,8,21,,
2014/01/11,11,44,,,6,37,,
2014/01/11,12,45,,,7,37,,
2014/01/11,13,43,,,5,36,,
2014/01/11,14,45,,,7,37,,
2014/01/11,15,44,,,6,36,,
2014/01/11,16,46,,,8,37,,
2014/01/11,17,47,,,7,39,,
2014/01/11,18,50,,,8,40,,
2014/01/11,19,50,,,7,42,,
2014/01/11,20,50,,,8,41,,
2014/01/11,21,48,,,6,41,,
2014/01/11,22,51,,,8,41,,
2014/01/11,23,50,,,8,41,,
2014/01/11,24,47,,,6,39,,
2014/01/12,01,15,,,4,10,,
2014/01/12,02,4,,,1,2,,
2014/01/12,03,4,,,1,2,,
2014/01/12,04,4,,,1,2,,
2014/01/12,05,4,,,1,2,,
2014/01/12,06,4,,,1,3,,
2014/01/12,07,4,,,1,3,,
2014/01/12,08,4,,,1,2,,
2014/01/12,09,5,,,2,2,,
2014/01/12,10,20,,,10,9,,
2014/01/12,11,46,,,7,37,,
2014/01/12,12,45,,,8,36,,
2014/01/12,13,45,,,7,37,,
2014/01/12,14,45,,,7,37,,
2014/01/12,15,44,,,7,36,,
2014/01/12,16,45,,,7,37,,
2014/01/12,17,44,,,6,36,,
2014/01/12,18,49,,,7,41,,
2014/01/12,19,48,,,6,40,,
2014/01/12,20,49,,,7,40,,
2014/01/12,21,47,,,6,40,,
2014/01/12,22,49,,,8,41,,
2014/01/12,23,49,,,8,40,,
2014/01/12,24,47,,,6,39,,
2014/01/13,01,19,,,3,16,,
2014/01/13,02,6,,,1,5,,
2014/01/13,03,6,,,1,5,,
2014/01/13,04,6,,,1,5,,
2014/01/13,05,6,,,1,5,,
2014/01/13,06,6,,,1,5,,
2014/01/13,07,6,,,1,5,,
2014/01/13,08,6,,,1,5,,
2014/01/13,09,8,,,2,5,,
2014/01/13,10,27,,,9,17,,
2014/01/13,11,48,,,7,40,,
2014/01/13,12,60,,,20,39,,
2014/01/13,13,70,,,30,39,,
2014/01/13,14,41,,,1,39,,
2014/01/13,15,41,,,1,39,,
2014/01/13,16,43,,,1,40,,
2014/01/13,17,45,,,1,42,,
2014/01/13,18,44,,,1,41,,
2014/01/13,19,44,,,1,42,,
2014/01/13,20,44,,,1,42,,
2014/01/13,21,44,,,1,42,,
2014/01/13,22,43,,,1,41,,
2014/01/13,23,43,,,1,41,,
2014/01/13,24,41,,,1,39,,
2014/01/14,01,12,,,1,10,,
2014/01/14,02,4,,,1,3,,
2014/01/14,03,4,,,1,3,,
2014/01/14,04,4,,,1,3,,
2014/01/14,05,4,,,1,3,,
2014/01/14,06,4,,,1,3,,
2014/01/14,07,4,,,1,3,,
2014/01/14,08,4,,,1,3,,
2014/01/14,09,12,,,1,11,,
2014/01/14,10,18,,,1,16,,
2014/01/14,11,39,,,1,37,,
2014/01/14,12,39,,,1,37,,
2014/01/14,13,40,,,1,37,,
2014/01/14,14,40,,,1,38,,
2014/01/14,15,39,,,1,37,,
2014/01/14,16,39,,,1,37,,
2014/01/14,17,39,,,1,37,,
2014/01/14,18,40,,,1,37,,
2014/01/14,19,40,,,1,37,,
2014/01/14,20,39,,,1,37,,
2014/01/14,21,39,,,1,37,,
2014/01/14,22,39,,,1,37,,
2014/01/14,23,39,,,1,36,,
2014/01/14,24,38,,,1,36,,
2014/01/15,01,10,,,1,9,,
2014/01/15,02,4,,,1,2,,
2014/01/15,03,4,,,1,3,,
2014/01/15,04,4,,,1,3,,
2014/01/15,05,4,,,1,3,,
2014/01/15,06,4,,,1,3,,
2014/01/15,07,4,,,1,3,,
2014/01/15,08,4,,,1,3,,
2014/01/15,09,12,,,1,10,,
2014/01/15,10,14,,,1,13,,
2014/01/15,11,42,,,4,37,,
2014/01/15,12,64,,,26,37,,
2014/01/15,13,57,,,18,37,,
2014/01/15,14,39,,,1,36,,
2014/01/15,15,39,,,1,36,,
2014/01/15,16,40,,,1,38,,
2014/01/15,17,42,,,1,40,,
2014/01/15,18,43,,,1,41,,
2014/01/15,19,44,,,1,41,,
2014/01/15,20,44,,,1,42,,
2014/01/15,21,44,,,1,41,,
2014/01/15,22,43,,,1,41,,
2014/01/15,23,43,,,1,41,,
2014/01/15,24,41,,,1,39,,
2014/01/16,01,15,,,1,13,,
2014/01/16,02,4,,,1,3,,
2014/01/16,03,4,,,1,3,,
2014/01/16,04,4,,,1,3,,
2014/01/16,05,4,,,1,3,,
2014/01/16,06,4,,,1,3,,
2014/01/16,07,4,,,1,3,,
2014/01/16,08,4,,,1,3,,
2014/01/16,09,7,,,1,5,,
2014/01/16,10,15,,,1,13,,
2014/01/16,11,39,,,1,36,,
2014/01/16,12,39,,,1,36,,
2014/01/16,13,39,,,1,37,,
2014/01/16,14,39,,,1,37,,
2014/01/16,15,40,,,1,37,,
2014/01/16,16,40,,,1,38,,
2014/01/16,17,44,,,1,42,,
2014/01/16,18,44,,,1,42,,
2014/01/16,19,44,,,1,42,,
2014/01/16,20,44,,,1,41,,
2014/01/16,21,43,,,1,41,,
2014/01/16,22,43,,,1,41,,
2014/01/16,23,43,,,1,41,,
2014/01/16,24,43,,,1,40,,
2014/01/17,01,17,,,1,15,,
2014/01/17,02,4,,,1,3,,
2014/01/17,03,4,,,1,3,,
2014/01/17,04,4,,,1,3,,
2014/01/17,05,4,,,1,2,,
2014/01/17,06,4,,,1,3,,
2014/01/17,07,4,,,1,3,,
2014/01/17,08,4,,,1,2,,
2014/01/17,09,7,,,1,6,,
2014/01/17,10,22,,,1,20,,
2014/01/17,11,61,,,23,37,,
2014/01/17,12,50,,,11,37,,
2014/01/17,13,39,,,1,37,,
2014/01/17,14,39,,,1,37,,
2014/01/17,15,39,,,1,37,,
2014/01/17,16,39,,,1,37,,
2014/01/17,17,41,,,1,39,,
2014/01/17,18,43,,,1,41,,
2014/01/17,19,43,,,1,41,,
2014/01/17,20,44,,,1,41,,
2014/01/17,21,44,,,1,42,,
2014/01/17,22,44,,,1,41,,
2014/01/17,23,44,,,1,42,,
2014/01/17,24,43,,,1,41,,
2014/01/18,01,22,,,1,20,,
2014/01/18,02,4,,,1,2,,
2014/01/18,03,4,,,1,3,,
2014/01/18,04,4,,,1,3,,
2014/01/18,05,4,,,1,2,,
2014/01/18,06,4,,,1,3,,
2014/01/18,07,4,,,1,2,,
2014/01/18,08,4,,,1,3,,
2014/01/18,09,7,,,1,5,,
2014/01/18,10,19,,,1,18,,
2014/01/18,11,41,,,1,38,,
2014/01/18,12,40,,,1,38,,
2014/01/18,13,40,,,1,38,,
2014/01/18,14,40,,,1,38,,
2014/01/18,15,40,,,1,38,,
2014/01/18,16,40,,,1,38,,
2014/01/18,17,42,,,1,40,,
2014/01/18,18,44,,,1,42,,
2014/01/18,19,44,,,1,41,,
2014/01/18,20,43,,,1,41,,
2014/01/18,21,43,,,1,41,,
2014/01/18,22,43,,,1,41,,
2014/01/18,23,43,,,1,41,,
2014/01/18,24,42,,,1,39,,
2014/01/19,01,13,,,1,11,,
2014/01/19,02,7,,,1,6,,
2014/01/19,03,4,,,1,3,,
2014/01/19,04,4,,,1,2,,
2014/01/19,05,4,,,1,3,,
2014/01/19,06,4,,,1,3,,
2014/01/19,07,4,,,1,3,,
2014/01/19,08,4,,,1,2,,
2014/01/19,09,4,,,1,3,,
2014/01/19,10,11,,,1,9,,
2014/01/19,11,39,,,1,37,,
2014/01/19,12,39,,,1,36,,
2014/01/19,13,40,,,1,37,,
2014/01/19,14,39,,,1,37,,
2014/01/19,15,39,,,1,37,,
2014/01/19,16,39,,,1,37,,
2014/01/19,17,41,,,1,39,,
2014/01/19,18,43,,,1,41,,
2014/01/19,19,43,,,1,41,,
2014/01/19,20,43,,,1,40,,
2014/01/19,21,43,,,1,41,,
2014/01/19,22,43,,,1,40,,
2014/01/19,23,43,,,1,40,,
2014/01/19,24,43,,,1,40,,
2014/01/20,01,21,,,1,20,,
2014/01/20,02,4,,,1,2,,
2014/01/20,03,4,,,1,2,,
2014/01/20,04,4,,,1,2,,
2014/01/20,05,4,,,1,2,,
2014/01/20,06,4,,,1,3,,
2014/01/20,07,4,,,1,2,,
2014/01/20,08,4,,,1,3,,
2014/01/20,09,6,,,1,4,,
2014/01/20,10,32,,,16,16,,
2014/01/20,11,74,,,35,37,,
2014/01/20,12,68,,,30,36,,
2014/01/20,13,39,,,1,36,,
2014/01/20,14,39,,,1,36,,
2014/01/20,15,39,,,1,36,,
2014/01/20,16,40,,,1,37,,
2014/01/20,17,43,,,1,41,,
2014/01/20,18,44,,,1,41,,
2014/01/20,19,44,,,1,42,,
2014/01/20,20,44,,,1,42,,
2014/01/20,21,44,,,1,42,,
2014/01/20,22,43,,,1,41,,
2014/01/20,23,43,,,1,41,,
2014/01/20,24,42,,,1,40,,
2014/01/21,01,16,,,1,15,,
2014/01/21,02,4,,,1,3,,
2014/01/21,03,4,,,1,3,,
2014/01/21,04,4,,,1,2,,
2014/01/21,05,4,,,1,3,,
2014/01/21,06,4,,,1,3,,
2014/01/21,07,4,,,1,3,,
2014/01/21,08,4,,,1,2,,
2014/01/21,09,13,,,1,11,,
2014/01/21,10,26,,,10,16,,
2014/01/21,11,46,,,6,38,,
2014/01/21,12,48,,,8,38,,
2014/01/21,13,45,,,6,38,,
2014/01/21,14,46,,,7,37,,
2014/01/21,15,45,,,6,38,,
2014/01/21,16,46,,,8,37,,
2014/01/21,17,48,,,6,41,,
2014/01/21,18,50,,,7,41,,
2014/01/21,19,49,,,6,42,,
2014/01/21,20,51,,,8,41,,
2014/01/21,21,49,,,6,42,,
2014/01/21,22,50,,,8,41,,
2014/01/21,23,49,,,6,41,,
2014/01/21,24,49,,,8,40,,
2014/01/22,01,18,,,6,12,,
2014/01/22,02,4,,,1,2,,
2014/01/22,03,4,,,1,3,,
2014/01/22,04,4,,,1,3,,
2014/01/22,05,4,,,1,3,,
2014/01/22,06,4,,,1,3,,
2014/01/22,07,4,,,1,3,,
2014/01/22,08,4,,,1,2,,
2014/01/22,09,21,,,8,13,,
2014/01/22,10,40,,,19,20,,
2014/01/22,11,60,,,21,38,,
2014/01/22,12,40,,,1,38,,
2014/01/22,13,40,,,1,38,,
2014/01/22,14,40,,,1,38,,
2014/01/22,15,40,,,1,38,,
2014/01/22,16,40,,,1,37,,
2014/01/22,17,41,,,1,38,,
2014/01/22,18,43,,,1,41,,
2014/01/22,19,44,,,1,42,,
2014/01/22,20,44,,,1,42,,
2014/01/22,21,44,,,1,42,,
2014/01/22,22,44,,,1,41,,
2014/01/22,23,43,,,1,40,,
2014/01/22,24,42,,,1,40,,
2014/01/23,01,13,,,1,11,,
2014/01/23,02,4,,,1,3,,
2014/01/23,03,4,,,1,3,,
2014/01/23,04,4,,,1,3,,
2014/01/23,05,4,,,1,3,,
2014/01/23,06,4,,,1,3,,
2014/01/23,07,4,,,1,3,,
2014/01/23,08,4,,,1,3,,
2014/01/23,09,7,,,1,6,,
2014/01/23,10,21,,,5,15,,
2014/01/23,11,57,,,20,36,,
2014/01/23,12,39,,,1,36,,
2014/01/23,13,39,,,1,37,,
2014/01/23,14,39,,,1,36,,
2014/01/23,15,39,,,1,36,,
2014/01/23,16,38,,,1,36,,
2014/01/23,17,40,,,1,38,,
2014/01/23,18,44,,,1,42,,
2014/01/23,19,44,,,1,42,,
2014/01/23,20,44,,,1,42,,
2014/01/23,21,44,,,1,42,,
2014/01/23,22,43,,,1,41,,
2014/01/23,23,43,,,1,40,,
2014/01/23,24,42,,,1,40,,
2014/01/24,01,20,,,1,19,,
2014/01/24,02,10,,,1,8,,
2014/01/24,03,4,,,1,3,,
2014/01/24,04,4,,,1,3,,
2014/01/24,05,4,,,1,3,,
2014/01/24,06,4,,,1,3,,
2014/01/24,07,4,,,1,3,,
2014/01/24,08,4,,,1,2,,
2014/01/24,09,8,,,1,6,,
2014/01/24,10,21,,,1,19,,
2014/01/24,11,68,,,29,37,,
2014/01/24,12,63,,,25,37,,
2014/01/24,13,41,,,3,36,,
2014/01/24,14,39,,,1,36,,
2014/01/24,15,39,,,1,37,,
2014/01/24,16,40,,,1,37,,
2014/01/24,17,42,,,1,39,,
2014/01/24,18,44,,,1,42,,
2014/01/24,19,44,,,1,42,,
2014/01/24,20,45,,,1,42,,
2014/01/24,21,44,,,1,41,,
2014/01/24,22,43,,,1,41,,
2014/01/24,23,43,,,1,40,,
2014/01/24,24,42,,,1,39,,
2014/01/25,01,12,,,1,11,,
2014/01/25,02,6,,,1,5,,
2014/01/25,03,4,,,1,2,,
2014/01/25,04,4,,,1,2,,
2014/01/25,05,4,,,1,2,,
2014/01/25,06,4,,,1,3,,
2014/01/25,07,4,,,1,2,,
2014/01/25,08,4,,,1,2,,
2014/01/25,09,11,,,1,9,,
2014/01/25,10,20,,,1,19,,
2014/01/25,11,39,,,1,37,,
2014/01/25,12,38,,,1,36,,
2014/01/25,13,39,,,1,37,,
2014/01/25,14,39,,,1,36,,
2014/01/25,15,39,,,1,37,,
2014/01/25,16,38,,,1,36,,
2014/01/25,17,41,,,1,39,,
2014/01/25,18,43,,,1,41,,
2014/01/25,19,44,,,1,42,,
2014/01/25,20,43,,,1,41,,
2014/01/25,21,43,,,1,41,,
2014/01/25,22,43,,,1,41,,
2014/01/25,23,43,,,1,40,,
2014/01/25,24,41,,,1,39,,
2014/01/26,01,12,,,1,11,,
2014/01/26,02,4,,,1,2,,
2014/01/26,03,4,,,1,3,,
2014/01/26,04,4,,,1,2,,
2014/01/26,05,4,,,1,2,,
2014/01/26,06,4,,,1,3,,
2014/01/26,07,4,,,1,3,,
2014/01/26,08,4,,,1,2,,
2014/01/26,09,4,,,1,3,,
2014/01/26,10,9,,,1,8,,
2014/01/26,11,71,,,32,37,,
2014/01/26,12,44,,,7,36,,
2014/01/26,13,39,,,1,37,,
2014/01/26,14,39,,,1,37,,
2014/01/26,15,39,,,1,37,,
2014/01/26,16,39,,,1,37,,
2014/01/26,17,39,,,1,37,,
2014/01/26,18,42,,,1,40,,
2014/01/26,19,43,,,1,41,,
2014/01/26,20,43,,,1,41,,
2014/01/26,21,43,,,1,41,,
2014/01/26,22,43,,,1,41,,
2014/01/26,23,43,,,1,41,,
2014/01/26,24,42,,,1,40,,
2014/01/27,01,22,,,1,20,,
2014/01/27,02,8,,,1,6,,
2014/01/27,03,4,,,1,3,,
2014/01/27,04,4,,,1,3,,
2014/01/27,05,4,,,1,2,,
2014/01/27,06,4,,,1,3,,
2014/01/27,07,4,,,1,3,,
2014/01/27,08,4,,,1,2,,
2014/01/27,09,5,,,1,3,,
2014/01/27,10,17,,,1,15,,
2014/01/27,11,66,,,28,37,,
2014/01/27,12,52,,,15,36,,
2014/01/27,13,39,,,1,36,,
2014/01/27,14,39,,,1,36,,
2014/01/27,15,39,,,1,36,,
2014/01/27,16,39,,,1,36,,
2014/01/27,17,42,,,1,40,,
2014/01/27,18,43,,,1,41,,
2014/01/27,19,44,,,1,41,,
2014/01/27,20,44,,,1,42,,
2014/01/27,21,44,,,1,42,,
2014/01/27,22,43,,,1,41,,
2014/01/27,23,43,,,1,41,,
2014/01/27,24,42,,,1,39,,
2014/01/28,01,10,,,1,8,,
2014/01/28,02,4,,,1,2,,
2014/01/28,03,4,,,1,2,,
2014/01/28,04,4,,,1,3,,
2014/01/28,05,4,,,1,2,,
2014/01/28,06,4,,,1,3,,
2014/01/28,07,4,,,1,3,,
2014/01/28,08,4,,,1,2,,
2014/01/28,09,13,,,1,11,,
2014/01/28,10,20,,,1,18,,
2014/01/28,11,40,,,1,38,,
2014/01/28,12,40,,,1,37,,
2014/01/28,13,40,,,1,38,,
2014/01/28,14,45,,,6,37,,
2014/01/28,15,46,,,7,38,,
2014/01/28,16,44,,,6,37,,
2014/01/28,17,44,,,6,37,,
2014/01/28,18,46,,,8,37,,
2014/01/28,19,47,,,5,40,,
2014/01/28,20,50,,,7,41,,
2014/01/28,21,48,,,6,41,,
2014/01/28,22,50,,,8,40,,
2014/01/28,23,48,,,6,40,,
2014/01/28,24,48,,,8,39,,
2014/01/29,01,13,,,4,9,,
2014/01/29,02,4,,,1,2,,
2014/01/29,03,4,,,1,2,,
2014/01/29,04,4,,,1,2,,
2014/01/29,05,4,,,1,3,,
2014/01/29,06,4,,,1,2,,
2014/01/29,07,4,,,1,3,,
2014/01/29,08,4,,,1,2,,
2014/01/29,09,13,,,1,11,,
2014/01/29,10,42,,,21,20,,
2014/01/29,11,61,,,21,39,,
2014/01/29,12,40,,,1,38,,
2014/01/29,13,41,,,1,39,,
2014/01/29,14,41,,,1,39,,
2014/01/29,15,41,,,1,39,,
2014/01/29,16,41,,,1,39,,
2014/01/29,17,41,,,1,39,,
2014/01/29,18,42,,,1,39,,
2014/01/29,19,44,,,1,41,,
2014/01/29,20,43,,,1,41,,
2014/01/29,21,44,,,1,42,,
2014/01/29,22,43,,,1,41,,
2014/01/29,23,43,,,1,40,,
2014/01/29,24,42,,,1,40,,
2014/01/30,01,11,,,1,9,,
2014/01/30,02,4,,,1,2,,
2014/01/30,03,4,,,1,2,,
2014/01/30,04,4,,,1,3,,
2014/01/30,05,4,,,1,2,,
2014/01/30,06,4,,,1,3,,
2014/01/30,07,4,,,1,3,,
2014/01/30,08,4,,,1,2,,
2014/01/30,09,7,,,1,5,,
2014/01/30,10,24,,,8,15,,
2014/01/30,11,43,,,6,36,,
2014/01/30,12,44,,,6,36,,
2014/01/30,13,44,,,6,36,,
2014/01/30,14,44,,,6,36,,
2014/01/30,15,43,,,5,36,,
2014/01/30,16,39,,,1,37,,
2014/01/30,17,43,,,1,41,,
2014/01/30,18,43,,,1,41,,
2014/01/30,19,43,,,1,40,,
2014/01/30,20,43,,,1,41,,
2014/01/30,21,44,,,1,41,,
2014/01/30,22,43,,,1,40,,
2014/01/30,23,43,,,1,40,,
2014/01/30,24,42,,,1,40,,
2014/01/31,01,20,,,1,18,,
2014/01/31,02,4,,,1,2,,
2014/01/31,03,4,,,1,2,,
2014/01/31,04,4,,,1,2,,
2014/01/31,05,4,,,1,2,,
2014/01/31,06,4,,,1,2,,
2014/01/31,07,4,,,1,3,,
2014/01/31,08,4,,,1,2,,
2014/01/31,09,10,,,2,8,,
2014/01/31,10,34,,,9,24,,
2014/01/31,11,72,,,34,36,,
2014/01/31,12,44,,,6,36,,
2014/01/31,13,46,,,8,36,,
2014/01/31,14,44,,,6,37,,
2014/01/31,15,45,,,7,37,,
2014/01/31,16,45,,,6,37,,
2014/01/31,17,47,,,7,38,,
2014/01/31,18,44,,,1,42,,
2014/01/31,19,44,,,1,42,,
2014/01/31,20,44,,,1,42,,
2014/01/31,21,44,,,1,42,,
2014/01/31,22,43,,,1,41,,
2014/01/31,23,43,,,1,41,,
2014/01/31,24,42,,,1,40,,
2014/02/01,01,17,,,1,16,,
2014/02/01,02,4,,,1,2,,
2014/02/01,03,4,,,1,2,,
2014/02/01,04,4,,,1,2,,
2014/02/01,05,4,,,1,2,,
2014/02/01,06,4,,,1,3,,
2014/02/01,07,4,,,1,2,,
2014/02/01,08,4,,,1,2,,
2014/02/01,09,10,,,4,5,,
2014/02/01,10,31,,,10,20,,
2014/02/01,11,40,,,1,38,,
2014/02/01,12,39,,,1,37,,
2014/02/01,13,40,,,1,37,,
2014/02/01,14,39,,,1,37,,
2014/02/01,15,39,,,1,36,,
2014/02/01,16,39,,,1,37,,
2014/02/01,17,41,,,1,38,,
2014/02/01,18,43,,,1,41,,
2014/02/01,19,44,,,1,41,,
2014/02/01,20,43,,,1,41,,
2014/02/01,21,44,,,1,41,,
2014/02/01,22,44,,,1,41,,
2014/02/01,23,43,,,1,41,,
2014/02/01,24,42,,,1,40,,
2014/02/02,01,19,,,1,17,,
2014/02/02,02,4,,,1,3,,
2014/02/02,03,4,,,1,2,,
2014/02/02,04,4,,,1,2,,
2014/02/02,05,4,,,1,2,,
2014/02/02,06,4,,,1,3,,
2014/02/02,07,4,,,1,2,,
2014/02/02,08,4,,,1,3,,
2014/02/02,09,4,,,1,3,,
2014/02/02,10,13,,,1,11,,
2014/02/02,11,74,,,35,37,,
2014/02/02,12,39,,,1,37,,
2014/02/02,13,39,,,1,37,,
2014/02/02,14,40,,,1,37,,
2014/02/02,15,39,,,1,36,,
2014/02/02,16,39,,,1,37,,
2014/02/02,17,40,,,1,38,,
2014/02/02,18,43,,,1,41,,
2014/02/02,19,44,,,1,41,,
2014/02/02,20,44,,,1,41,,
2014/02/02,21,44,,,1,41,,
2014/02/02,22,43,,,1,41,,
2014/02/02,23,43,,,1,41,,
2014/02/02,24,42,,,1,40,,
2014/02/03,01,16,,,1,15,,
2014/02/03,02,7,,,1,6,,
2014/02/03,03,4,,,1,2,,
2014/02/03,04,4,,,1,2,,
2014/02/03,05,4,,,1,2,,
2014/02/03,06,4,,,1,2,,
2014/02/03,07,4,,,1,2,,
2014/02/03,08,3,,,1,2,,
2014/02/03,09,5,,,1,4,,
2014/02/03,10,19,,,1,17,,
2014/02/03,11,65,,,27,36,,
2014/02/03,12,46,,,8,36,,
2014/02/03,13,39,,,1,37,,
2014/02/03,14,39,,,1,37,,
2014/02/03,15,39,,,1,37,,
2014/02/03,16,39,,,1,37,,
2014/02/03,17,43,,,1,40,,
2014/02/03,18,43,,,1,41,,
2014/02/03,19,44,,,1,42,,
2014/02/03,20,44,,,1,42,,
2014/02/03,21,45,,,1,42,,
2014/02/03,22,43,,,1,41,,
2014/02/03,23,43,,,1,40,,
2014/02/03,24,42,,,1,39,,
2014/02/04,01,14,,,1,12,,
2014/02/04,02,4,,,1,2,,
2014/02/04,03,4,,,1,2,,
2014/02/04,04,4,,,1,2,,
2014/02/04,05,4,,,1,2,,
2014/02/04,06,4,,,1,3,,
2014/02/04,07,4,,,1,3,,
2014/02/04,08,3,,,1,2,,
2014/02/04,09,16,,,1,15,,
2014/02/04,10,23,,,1,21,,
2014/02/04,11,39,,,1,37,,
2014/02/04,12,39,,,1,37,,
2014/02/04,13,39,,,1,37,,
2014/02/04,14,40,,,1,37,,
2014/02/04,15,39,,,1,37,,
2014/02/04,16,39,,,1,37,,
2014/02/04,17,41,,,1,39,,
2014/02/04,18,43,,,1,41,,
2014/02/04,19,44,,,1,42,,
2014/02/04,20,43,,,1,41,,
2014/02/04,21,43,,,1,41,,
2014/02/04,22,43,,,1,41,,
2014/02/04,23,43,,,1,40,,
2014/02/04,24,42,,,1,39,,
2014/02/05,01,13,,,1,11,,
2014/02/05,02,4,,,1,3,,
2014/02/05,03,4,,,1,3,,
2014/02/05,04,4,,,1,3,,
2014/02/05,05,4,,,1,3,,
2014/02/05,06,4,,,1,3,,
2014/02/05,07,4,,,1,3,,
2014/02/05,08,4,,,1,3,,
2014/02/05,09,24,,,14,10,,
2014/02/05,10,40,,,17,22,,
2014/02/05,11,40,,,1,38,,
2014/02/05,12,48,,,9,37,,
2014/02/05,13,46,,,6,38,,
2014/02/05,14,48,,,8,38,,
2014/02/05,15,51,,,11,38,,
2014/02/05,16,67,,,28,37,,
2014/02/05,17,45,,,6,38,,
2014/02/05,18,43,,,1,41,,
2014/02/05,19,44,,,1,42,,
2014/02/05,20,44,,,1,41,,
2014/02/05,21,43,,,1,41,,
2014/02/05,22,42,,,1,40,,
2014/02/05,23,43,,,1,40,,
2014/02/05,24,41,,,1,39,,
2014/02/06,01,8,,,1,7,,
2014/02/06,02,4,,,1,3,,
2014/02/06,03,4,,,1,2,,
2014/02/06,04,4,,,1,3,,
2014/02/06,05,4,,,1,3,,
2014/02/06,06,4,,,1,3,,
2014/02/06,07,4,,,1,3,,
2014/02/06,08,4,,,1,2,,
2014/02/06,09,9,,,1,8,,
2014/02/06,10,22,,,1,20,,
2014/02/06,11,40,,,1,38,,
2014/02/06,12,40,,,1,38,,
2014/02/06,13,41,,,1,39,,
2014/02/06,14,40,,,1,38,,
2014/02/06,15,41,,,1,39,,
2014/02/06,16,41,,,1,38,,
2014/02/06,17,40,,,1,38,,
2014/02/06,18,44,,,1,42,,
2014/02/06,19,44,,,1,42,,
2014/02/06,20,43,,,1,41,,
2014/02/06,21,43,,,1,41,,
2014/02/06,22,44,,,1,41,,
2014/02/06,23,44,,,1,41,,
2014/02/06,24,42,,,1,40,,
2014/02/07,01,13,,,1,12,,
2014/02/07,02,4,,,1,2,,
2014/02/07,03,4,,,1,3,,
2014/02/07,04,4,,,1,2,,
2014/02/07,05,4,,,1,2,,
2014/02/07,06,4,,,1,3,,
2014/02/07,07,4,,,1,3,,
2014/02/07,08,3,,,1,2,,
2014/02/07,09,13,,,1,12,,
2014/02/07,10,46,,,22,23,,
2014/02/07,11,52,,,14,36,,
2014/02/07,12,39,,,1,36,,
2014/02/07,13,38,,,1,36,,
2014/02/07,14,69,,,30,37,,
2014/02/07,15,43,,,5,36,,
2014/02/07,16,68,,,29,37,,
2014/02/07,17,40,,,1,38,,
2014/02/07,18,43,,,1,41,,
2014/02/07,19,43,,,1,41,,
2014/02/07,20,43,,,1,41,,
2014/02/07,21,43,,,1,40,,
2014/02/07,22,43,,,1,41,,
2014/02/07,23,42,,,1,40,,
2014/02/07,24,41,,,1,39,,
2014/02/08,01,15,,,1,13,,
2014/02/08,02,4,,,1,3,,
2014/02/08,03,4,,,1,3,,
2014/02/08,04,4,,,1,3,,
2014/02/08,05,4,,,1,2,,
2014/02/08,06,4,,,1,3,,
2014/02/08,07,4,,,1,3,,
2014/02/08,08,4,,,1,3,,
2014/02/08,09,10,,,1,8,,
2014/02/08,10,25,,,1,23,,
2014/02/08,11,46,,,7,37,,
2014/02/08,12,61,,,24,36,,
2014/02/08,13,48,,,10,37,,
2014/02/08,14,57,,,19,36,,
2014/02/08,15,43,,,6,36,,
2014/02/08,16,38,,,1,36,,
2014/02/08,17,39,,,1,37,,
2014/02/08,18,43,,,1,40,,
2014/02/08,19,43,,,1,41,,
2014/02/08,20,44,,,1,41,,
2014/02/08,21,43,,,1,41,,
2014/02/08,22,43,,,1,41,,
2014/02/08,23,42,,,1,40,,
2014/02/08,24,42,,,1,39,,
2014/02/09,01,14,,,1,12,,
2014/02/09,02,6,,,1,5,,
2014/02/09,03,4,,,1,3,,
2014/02/09,04,4,,,1,3,,
2014/02/09,05,4,,,1,3,,
2014/02/09,06,4,,,1,3,,
2014/02/09,07,4,,,1,3,,
2014/02/09,08,4,,,1,3,,
2014/02/09,09,4,,,1,3,,
2014/02/09,10,10,,,1,9,,
2014/02/09,11,75,,,35,38,,
2014/02/09,12,41,,,3,37,,
2014/02/09,13,39,,,1,37,,
2014/02/09,14,39,,,1,37,,
2014/02/09,15,40,,,1,37,,
2014/02/09,16,39,,,1,36,,
2014/02/09,17,39,,,1,36,,
2014/02/09,18,41,,,1,39,,
2014/02/09,19,43,,,1,41,,
2014/02/09,20,43,,,1,40,,
2014/02/09,21,43,,,1,41,,
2014/02/09,22,42,,,1,40,,
2014/02/09,23,43,,,1,40,,
2014/02/09,24,42,,,1,40,,
2014/02/10,01,20,,,1,18,,
2014/02/10,02,5,,,1,4,,
2014/02/10,03,4,,,1,3,,
2014/02/10,04,4,,,1,3,,
2014/02/10,05,4,,,1,3,,
2014/02/10,06,4,,,1,3,,
2014/02/10,07,4,,,1,3,,
2014/02/10,08,4,,,1,3,,
2014/02/10,09,5,,,1,4,,
2014/02/10,10,16,,,1,15,,
2014/02/10,11,55,,,17,37,,
2014/02/10,12,53,,,15,36,,
2014/02/10,13,39,,,1,36,,
2014/02/10,14,39,,,1,37,,
2014/02/10,15,39,,,1,37,,
2014/02/10,16,40,,,1,37,,
2014/02/10,17,41,,,1,39,,
2014/02/10,18,44,,,1,41,,
2014/02/10,19,44,,,1,42,,
2014/02/10,20,44,,,1,41,,
2014/02/10,21,44,,,1,41,,
2014/02/10,22,43,,,1,40,,
2014/02/10,23,42,,,1,40,,
2014/02/10,24,41,,,1,39,,
2014/02/11,01,18,,,1,16,,
2014/02/11,02,4,,,1,3,,
2014/02/11,03,4,,,1,3,,
2014/02/11,04,4,,,1,3,,
2014/02/11,05,4,,,1,3,,
2014/02/11,06,4,,,1,3,,
2014/02/11,07,4,,,1,3,,
2014/02/11,08,4,,,1,3,,
2014/02/11,09,10,,,1,9,,
2014/02/11,10,23,,,1,21,,
2014/02/11,11,39,,,1,37,,
2014/02/11,12,39,,,1,37,,
2014/02/11,13,39,,,1,37,,
2014/02/11,14,39,,,1,37,,
2014/02/11,15,39,,,1,37,,
2014/02/11,16,38,,,1,36,,
2014/02/11,17,41,,,1,39,,
2014/02/11,18,43,,,1,41,,
2014/02/11,19,44,,,1,41,,
2014/02/11,20,44,,,1,42,,
2014/02/11,21,44,,,1,42,,
2014/02/11,22,43,,,1,41,,
2014/02/11,23,43,,,1,41,,
2014/02/11,24,42,,,1,40,,
2014/02/12,01,20,,,1,19,,
2014/02/12,02,20,,,1,19,,
2014/02/12,03,20,,,1,19,,
2014/02/12,04,20,,,1,19,,
2014/02/12,05,20,,,1,18,,
2014/02/12,06,20,,,1,19,,
2014/02/12,07,5,,,1,4,,
2014/02/12,08,4,,,1,3,,
2014/02/12,09,18,,,3,14,,
2014/02/12,10,29,,,8,20,,
2014/02/12,11,72,,,32,38,,
2014/02/12,12,51,,,12,38,,
2014/02/12,13,40,,,1,38,,
2014/02/12,14,54,,,15,38,,
2014/02/12,15,64,,,25,38,,
2014/02/12,16,61,,,22,38,,
2014/02/12,17,65,,,25,38,,
2014/02/12,18,63,,,22,39,,
2014/02/12,19,63,,,21,41,,
2014/02/12,20,61,,,20,41,,
2014/02/12,21,42,,,1,40,,
2014/02/12,22,42,,,1,40,,
2014/02/12,23,42,,,1,40,,
2014/02/12,24,41,,,1,39,,
2014/02/13,01,8,,,1,7,,
2014/02/13,02,4,,,1,3,,
2014/02/13,03,4,,,1,3,,
2014/02/13,04,4,,,1,3,,
2014/02/13,05,4,,,1,3,,
2014/02/13,06,4,,,1,3,,
2014/02/13,07,4,,,1,3,,
2014/02/13,08,4,,,1,3,,
2014/02/13,09,6,,,1,5,,
2014/02/13,10,21,,,1,19,,
2014/02/13,11,38,,,1,36,,
2014/02/13,12,39,,,1,36,,
2014/02/13,13,39,,,1,36,,
2014/02/13,14,39,,,1,36,,
2014/02/13,15,53,,,16,36,,
2014/02/13,16,50,,,13,36,,
2014/02/13,17,38,,,1,36,,
2014/02/13,18,43,,,1,40,,
2014/02/13,19,43,,,1,41,,
2014/02/13,20,43,,,1,41,,
2014/02/13,21,43,,,1,41,,
2014/02/13,22,43,,,1,40,,
2014/02/13,23,42,,,1,40,,
2014/02/13,24,42,,,1,39,,
2014/02/14,01,15,,,1,13,,
2014/02/14,02,4,,,1,3,,
2014/02/14,03,4,,,1,3,,
2014/02/14,04,4,,,1,3,,
2014/02/14,05,4,,,1,3,,
2014/02/14,06,4,,,1,3,,
2014/02/14,07,4,,,1,3,,
2014/02/14,08,4,,,1,3,,
2014/02/14,09,6,,,1,5,,
2014/02/14,10,34,,,13,20,,
2014/02/14,11,68,,,29,37,,
2014/02/14,12,67,,,29,36,,
2014/02/14,13,65,,,27,36,,
2014/02/14,14,61,,,24,36,,
2014/02/14,15,55,,,17,37,,
2014/02/14,16,39,,,1,37,,
2014/02/14,17,38,,,1,36,,
2014/02/14,18,43,,,1,41,,
2014/02/14,19,44,,,1,42,,
2014/02/14,20,43,,,1,41,,
2014/02/14,21,43,,,1,41,,
2014/02/14,22,43,,,1,41,,
2014/02/14,23,42,,,1,40,,
2014/02/14,24,41,,,1,39,,
2014/02/15,01,15,,,1,13,,
2014/02/15,02,5,,,1,3,,
2014/02/15,03,4,,,1,3,,
2014/02/15,04,4,,,1,3,,
2014/02/15,05,4,,,1,3,,
2014/02/15,06,4,,,1,3,,
2014/02/15,07,4,,,1,3,,
2014/02/15,08,4,,,1,3,,
2014/02/15,09,9,,,1,7,,
2014/02/15,10,24,,,1,22,,
2014/02/15,11,38,,,1,36,,
2014/02/15,12,38,,,1,36,,
2014/02/15,13,39,,,1,36,,
2014/02/15,14,39,,,1,37,,
2014/02/15,15,39,,,1,37,,
2014/02/15,16,40,,,1,37,,
2014/02/15,17,39,,,1,37,,
2014/02/15,18,41,,,1,39,,
2014/02/15,19,44,,,1,41,,
2014/02/15,20,43,,,1,41,,
2014/02/15,21,42,,,1,40,,
2014/02/15,22,42,,,1,40,,
2014/02/15,23,42,,,1,40,,
2014/02/15,24,41,,,1,39,,
2014/02/16,01,20,,,1,19,,
2014/02/16,02,7,,,1,6,,
2014/02/16,03,4,,,1,3,,
2014/02/16,04,4,,,1,3,,
2014/02/16,05,4,,,1,3,,
2014/02/16,06,4,,,1,3,,
2014/02/16,07,4,,,1,3,,
2014/02/16,08,4,,,1,3,,
2014/02/16,09,6,,,3,3,,
2014/02/16,10,19,,,8,11,,
2014/02/16,11,79,,,38,38,,
2014/02/16,12,47,,,7,38,,
2014/02/16,13,42,,,2,38,,
2014/02/16,14,45,,,5,38,,
2014/02/16,15,45,,,6,38,,
2014/02/16,16,45,,,5,38,,
2014/02/16,17,42,,,2,38,,
2014/02/16,18,43,,,1,40,,
2014/02/16,19,43,,,1,41,,
2014/02/16,20,43,,,1,40,,
2014/02/16,21,42,,,1,40,,
2014/02/16,22,42,,,1,40,,
2014/02/16,23,42,,,1,40,,
2014/02/16,24,42,,,1,40,,
2014/02/17,01,19,,,1,17,,
2014/02/17,02,6,,,1,5,,
2014/02/17,03,4,,,1,3,,
2014/02/17,04,4,,,1,3,,
2014/02/17,05,4,,,1,3,,
2014/02/17,06,4,,,1,3,,
2014/02/17,07,4,,,1,3,,
2014/02/17,08,4,,,1,3,,
2014/02/17,09,5,,,1,4,,
2014/02/17,10,25,,,8,16,,
2014/02/17,11,43,,,5,37,,
2014/02/17,12,39,,,1,36,,
2014/02/17,13,39,,,1,36,,
2014/02/17,14,47,,,9,37,,
2014/02/17,15,54,,,16,36,,
2014/02/17,16,39,,,1,36,,
2014/02/17,17,40,,,1,37,,
2014/02/17,18,43,,,1,40,,
2014/02/17,19,43,,,1,40,,
2014/02/17,20,43,,,1,41,,
2014/02/17,21,43,,,1,40,,
2014/02/17,22,42,,,1,40,,
2014/02/17,23,42,,,1,40,,
2014/02/17,24,41,,,1,39,,
2014/02/18,01,10,,,1,9,,
2014/02/18,02,4,,,1,3,,
2014/02/18,03,4,,,1,3,,
2014/02/18,04,4,,,1,3,,
2014/02/18,05,4,,,1,3,,
2014/02/18,06,4,,,1,3,,
2014/02/18,07,4,,,1,3,,
2014/02/18,08,4,,,1,2,,
2014/02/18,09,8,,,1,6,,
2014/02/18,10,19,,,1,17,,
2014/02/18,11,39,,,1,37,,
2014/02/18,12,39,,,1,36,,
2014/02/18,13,39,,,1,37,,
2014/02/18,14,39,,,1,36,,
2014/02/18,15,39,,,1,37,,
2014/02/18,16,39,,,1,36,,
2014/02/18,17,39,,,1,36,,
2014/02/18,18,43,,,1,41,,
2014/02/18,19,43,,,1,41,,
2014/02/18,20,43,,,1,41,,
2014/02/18,21,43,,,1,41,,
2014/02/18,22,43,,,1,40,,
2014/02/18,23,42,,,1,40,,
2014/02/18,24,41,,,1,39,,
2014/02/19,01,8,,,1,7,,
2014/02/19,02,4,,,1,3,,
2014/02/19,03,4,,,1,3,,
2014/02/19,04,4,,,1,3,,
2014/02/19,05,4,,,1,3,,
2014/02/19,06,4,,,1,3,,
2014/02/19,07,4,,,1,3,,
2014/02/19,08,4,,,1,3,,
2014/02/19,09,14,,,1,12,,
2014/02/19,10,22,,,1,20,,
2014/02/19,11,67,,,29,36,,
2014/02/19,12,71,,,33,36,,
2014/02/19,13,43,,,6,36,,
2014/02/19,14,45,,,7,36,,
2014/02/19,15,43,,,6,36,,
2014/02/19,16,45,,,7,36,,
2014/02/19,17,41,,,2,38,,
2014/02/19,18,43,,,1,41,,
2014/02/19,19,43,,,1,41,,
2014/02/19,20,46,,,4,41,,
2014/02/19,21,50,,,7,41,,
2014/02/19,22,45,,,3,41,,
2014/02/19,23,42,,,1,40,,
2014/02/19,24,42,,,1,40,,
2014/02/20,01,14,,,1,12,,
2014/02/20,02,4,,,1,3,,
2014/02/20,03,4,,,1,3,,
2014/02/20,04,4,,,1,3,,
2014/02/20,05,4,,,1,3,,
2014/02/20,06,4,,,1,3,,
2014/02/20,07,4,,,1,3,,
2014/02/20,08,4,,,1,3,,
2014/02/20,09,13,,,1,11,,
2014/02/20,10,17,,,1,15,,
2014/02/20,11,39,,,1,37,,
2014/02/20,12,39,,,1,37,,
2014/02/20,13,39,,,1,36,,
2014/02/20,14,39,,,1,36,,
2014/02/20,15,38,,,1,36,,
2014/02/20,16,38,,,1,36,,
2014/02/20,17,38,,,1,36,,
2014/02/20,18,47,,,6,40,,
2014/02/20,19,48,,,6,41,,
2014/02/20,20,43,,,1,41,,
2014/02/20,21,43,,,1,41,,
2014/02/20,22,43,,,1,41,,
2014/02/20,23,42,,,1,40,,
2014/02/20,24,41,,,1,39,,
2014/02/21,01,21,,,1,19,,
2014/02/21,02,4,,,1,3,,
2014/02/21,03,4,,,1,3,,
2014/02/21,04,4,,,1,3,,
2014/02/21,05,4,,,1,3,,
2014/02/21,06,4,,,1,3,,
2014/02/21,07,4,,,1,3,,
2014/02/21,08,4,,,1,3,,
2014/02/21,09,5,,,1,3,,
2014/02/21,10,44,,,20,22,,
2014/02/21,11,50,,,13,36,,
2014/02/21,12,38,,,1,36,,
2014/02/21,13,39,,,1,36,,
2014/02/21,14,39,,,1,37,,
2014/02/21,15,39,,,1,37,,
2014/02/21,16,39,,,1,37,,
2014/02/21,17,42,,,1,39,,
2014/02/21,18,44,,,1,41,,
2014/02/21,19,43,,,1,41,,
2014/02/21,20,43,,,1,41,,
2014/02/21,21,43,,,1,41,,
2014/02/21,22,43,,,1,41,,
2014/02/21,23,42,,,1,40,,
2014/02/21,24,41,,,1,39,,
2014/02/22,01,20,,,1,18,,
2014/02/22,02,4,,,1,3,,
2014/02/22,03,4,,,1,3,,
2014/02/22,04,4,,,1,3,,
2014/02/22,05,4,,,1,3,,
2014/02/22,06,4,,,1,3,,
2014/02/22,07,4,,,1,3,,
2014/02/22,08,4,,,1,3,,
2014/02/22,09,8,,,1,6,,
2014/02/22,10,24,,,1,22,,
2014/02/22,11,38,,,1,35,,
2014/02/22,12,38,,,1,36,,
2014/02/22,13,38,,,1,36,,
2014/02/22,14,38,,,1,36,,
2014/02/22,15,38,,,1,36,,
2014/02/22,16,38,,,1,36,,
2014/02/22,17,38,,,1,36,,
2014/02/22,18,43,,,1,41,,
2014/02/22,19,44,,,1,41,,
2014/02/22,20,43,,,1,41,,
2014/02/22,21,43,,,1,41,,
2014/02/22,22,43,,,1,40,,
2014/02/22,23,42,,,1,40,,
2014/02/22,24,41,,,1,39,,
2014/02/23,01,19,,,1,17,,
2014/02/23,02,7,,,1,5,,
2014/02/23,03,4,,,1,3,,
2014/02/23,04,4,,,1,3,,
2014/02/23,05,4,,,1,3,,
2014/02/23,06,4,,,1,3,,
2014/02/23,07,4,,,1,3,,
2014/02/23,08,4,,,1,3,,
2014/02/23,09,4,,,1,3,,
2014/02/23,10,13,,,1,12,,
2014/02/23,11,39,,,1,37,,
2014/02/23,12,39,,,1,36,,
2014/02/23,13,39,,,1,36,,
2014/02/23,14,39,,,1,37,,
2014/02/23,15,39,,,1,37,,
2014/02/23,16,39,,,1,37,,
2014/02/23,17,39,,,1,37,,
2014/02/23,18,42,,,1,39,,
2014/02/23,19,44,,,1,41,,
2014/02/23,20,43,,,1,41,,
2014/02/23,21,43,,,1,41,,
2014/02/23,22,43,,,1,41,,
2014/02/23,23,43,,,1,41,,
2014/02/23,24,42,,,1,40,,
2014/02/24,01,15,,,1,14,,
2014/02/24,02,7,,,1,6,,
2014/02/24,03,4,,,1,3,,
2014/02/24,04,4,,,1,3,,
2014/02/24,05,4,,,1,3,,
2014/02/24,06,4,,,1,3,,
2014/02/24,07,4,,,1,3,,
2014/02/24,08,4,,,1,3,,
2014/02/24,09,5,,,1,4,,
2014/02/24,10,15,,,1,14,,
2014/02/24,11,39,,,1,37,,
2014/02/24,12,39,,,1,37,,
2014/02/24,13,40,,,1,38,,
2014/02/24,14,40,,,1,38,,
2014/02/24,15,39,,,1,37,,
2014/02/24,16,39,,,1,37,,
2014/02/24,17,39,,,1,36,,
2014/02/24,18,43,,,1,40,,
2014/02/24,19,43,,,1,41,,
2014/02/24,20,43,,,1,41,,
2014/02/24,21,43,,,1,41,,
2014/02/24,22,43,,,1,41,,
2014/02/24,23,43,,,1,40,,
2014/02/24,24,42,,,1,40,,
2014/02/25,01,20,,,1,19,,
2014/02/25,02,20,,,1,18,,
2014/02/25,03,20,,,1,19,,
2014/02/25,04,20,,,1,19,,
2014/02/25,05,10,,,1,8,,
2014/02/25,06,4,,,1,3,,
2014/02/25,07,4,,,1,3,,
2014/02/25,08,4,,,1,3,,
2014/02/25,09,4,,,1,3,,
2014/02/25,10,21,,,1,19,,
2014/02/25,11,39,,,1,37,,
2014/02/25,12,39,,,1,36,,
2014/02/25,13,39,,,1,37,,
2014/02/25,14,39,,,1,37,,
2014/02/25,15,39,,,1,37,,
2014/02/25,16,39,,,1,36,,
2014/02/25,17,39,,,1,37,,
2014/02/25,18,43,,,1,40,,
2014/02/25,19,43,,,1,41,,
2014/02/25,20,43,,,1,41,,
2014/02/25,21,43,,,1,40,,
2014/02/25,22,42,,,1,40,,
2014/02/25,23,42,,,1,40,,
2014/02/25,24,41,,,1,39,,
2014/02/26,01,14,,,1,13,,
2014/02/26,02,4,,,1,3,,
2014/02/26,03,4,,,1,3,,
2014/02/26,04,4,,,1,3,,
2014/02/26,05,4,,,1,3,,
2014/02/26,06,4,,,1,3,,
2014/02/26,07,4,,,1,3,,
2014/02/26,08,4,,,1,3,,
2014/02/26,09,15,,,1,14,,
2014/02/26,10,23,,,1,21,,
2014/02/26,11,39,,,1,36,,
2014/02/26,12,38,,,1,36,,
2014/02/26,13,38,,,1,36,,
2014/02/26,14,39,,,1,36,,
2014/02/26,15,38,,,1,36,,
2014/02/26,16,38,,,1,36,,
2014/02/26,17,38,,,1,36,,
2014/02/26,18,42,,,1,39,,
2014/02/26,19,43,,,1,41,,
2014/02/26,20,43,,,1,41,,
2014/02/26,21,43,,,1,41,,
2014/02/26,22,43,,,1,41,,
2014/02/26,23,42,,,1,40,,
2014/02/26,24,41,,,1,39,,
2014/02/27,01,17,,,1,16,,
2014/02/27,02,4,,,1,3,,
2014/02/27,03,4,,,1,3,,
2014/02/27,04,4,,,1,3,,
2014/02/27,05,4,,,1,3,,
2014/02/27,06,4,,,1,3,,
2014/02/27,07,4,,,1,3,,
2014/02/27,08,4,,,1,3,,
2014/02/27,09,8,,,1,7,,
2014/02/27,10,15,,,1,13,,
2014/02/27,11,39,,,1,37,,
2014/02/27,12,39,,,1,37,,
2014/02/27,13,39,,,1,37,,
2014/02/27,14,39,,,1,37,,
2014/02/27,15,39,,,1,36,,
2014/02/27,16,39,,,1,37,,
2014/02/27,17,39,,,1,36,,
2014/02/27,18,41,,,1,39,,
2014/02/27,19,43,,,1,41,,
2014/02/27,20,43,,,1,41,,
2014/02/27,21,44,,,1,41,,
2014/02/27,22,43,,,1,41,,
2014/02/27,23,43,,,1,41,,
2014/02/27,24,41,,,1,39,,
2014/02/28,01,21,,,1,19,,
2014/02/28,02,18,,,1,16,,
2014/02/28,03,15,,,1,13,,
2014/02/28,04,6,,,1,5,,
2014/02/28,05,4,,,1,3,,
2014/02/28,06,4,,,1,3,,
2014/02/28,07,4,,,1,3,,
2014/02/28,08,4,,,1,2,,
2014/02/28,09,9,,,1,8,,
2014/02/28,10,23,,,1,21,,
2014/02/28,11,44,,,1,41,,
2014/02/28,12,42,,,1,39,,
2014/02/28,13,41,,,1,39,,
2014/02/28,14,41,,,1,38,,
2014/02/28,15,41,,,1,38,,
2014/02/28,16,40,,,1,38,,
2014/02/28,17,40,,,1,38,,
2014/02/28,18,42,,,1,40,,
2014/02/28,19,44,,,1,42,,
2014/02/28,20,44,,,1,42,,
2014/02/28,21,44,,,1,42,,
2014/02/28,22,43,,,1,41,,
2014/02/28,23,43,,,1,41,,
2014/02/28,24,42,,,1,40,,
2014/03/01,01,21,,,1,19,,
2014/03/01,02,11,,,1,9,,
2014/03/01,03,4,,,1,3,,
2014/03/01,04,4,,,1,3,,
2014/03/01,05,4,,,1,3,,
2014/03/01,06,4,,,1,3,,
2014/03/01,07,4,,,1,3,,
2014/03/01,08,4,,,1,3,,
2014/03/01,09,8,,,1,7,,
2014/03/01,10,24,,,1,22,,
2014/03/01,11,38,,,1,36,,
2014/03/01,12,38,,,1,36,,
2014/03/01,13,39,,,1,37,,
2014/03/01,14,39,,,1,36,,
2014/03/01,15,38,,,1,36,,
2014/03/01,16,38,,,1,36,,
2014/03/01,17,38,,,1,36,,
2014/03/01,18,41,,,1,38,,
2014/03/01,19,43,,,1,41,,
2014/03/01,20,44,,,1,41,,
2014/03/01,21,44,,,1,41,,
2014/03/01,22,43,,,1,41,,
2014/03/01,23,43,,,1,41,,
2014/03/01,24,42,,,1,40,,
2014/03/02,01,15,,,1,14,,
2014/03/02,02,4,,,1,3,,
2014/03/02,03,4,,,1,3,,
2014/03/02,04,4,,,1,3,,
2014/03/02,05,4,,,1,3,,
2014/03/02,06,4,,,1,3,,
2014/03/02,07,4,,,1,3,,
2014/03/02,08,4,,,1,3,,
2014/03/02,09,4,,,1,3,,
2014/03/02,10,14,,,1,13,,
2014/03/02,11,40,,,1,37,,
2014/03/02,12,39,,,1,36,,
2014/03/02,13,39,,,1,37,,
2014/03/02,14,40,,,1,37,,
2014/03/02,15,39,,,1,37,,
2014/03/02,16,39,,,1,37,,
2014/03/02,17,39,,,1,37,,
2014/03/02,18,43,,,1,40,,
2014/03/02,19,44,,,1,42,,
2014/03/02,20,43,,,1,41,,
2014/03/02,21,44,,,1,41,,
2014/03/02,22,43,,,1,41,,
2014/03/02,23,43,,,1,41,,
2014/03/02,24,43,,,1,40,,
2014/03/03,01,21,,,1,19,,
2014/03/03,02,10,,,1,9,,
2014/03/03,03,4,,,1,3,,
2014/03/03,04,4,,,1,3,,
2014/03/03,05,4,,,1,3,,
2014/03/03,06,4,,,1,3,,
2014/03/03,07,4,,,1,3,,
2014/03/03,08,4,,,1,3,,
2014/03/03,09,6,,,1,4,,
2014/03/03,10,43,,,19,23,,
2014/03/03,11,59,,,21,36,,
2014/03/03,12,44,,,6,37,,
2014/03/03,13,45,,,7,37,,
2014/03/03,14,44,,,6,37,,
2014/03/03,15,44,,,6,37,,
2014/03/03,16,45,,,7,37,,
2014/03/03,17,39,,,1,37,,
2014/03/03,18,43,,,1,41,,
2014/03/03,19,43,,,1,41,,
2014/03/03,20,43,,,1,41,,
2014/03/03,21,43,,,1,41,,
2014/03/03,22,42,,,1,40,,
2014/03/03,23,42,,,1,40,,
2014/03/03,24,42,,,1,39,,
2014/03/04,01,14,,,1,13,,
2014/03/04,02,4,,,1,3,,
2014/03/04,03,4,,,1,3,,
2014/03/04,04,4,,,1,3,,
2014/03/04,05,4,,,1,3,,
2014/03/04,06,4,,,1,3,,
2014/03/04,07,4,,,1,3,,
2014/03/04,08,4,,,1,3,,
2014/03/04,09,13,,,1,11,,
2014/03/04,10,25,,,9,16,,
2014/03/04,11,43,,,6,36,,
2014/03/04,12,44,,,6,36,,
2014/03/04,13,45,,,7,37,,
2014/03/04,14,44,,,6,37,,
2014/03/04,15,45,,,7,37,,
2014/03/04,16,43,,,6,36,,
2014/03/04,17,45,,,5,38,,
2014/03/04,18,42,,,1,40,,
2014/03/04,19,43,,,1,41,,
2014/03/04,20,43,,,1,41,,
2014/03/04,21,43,,,1,41,,
2014/03/04,22,43,,,1,40,,
2014/03/04,23,42,,,1,40,,
2014/03/04,24,42,,,1,40,,
2014/03/05,01,14,,,1,13,,
2014/03/05,02,4,,,1,3,,
2014/03/05,03,4,,,1,3,,
2014/03/05,04,4,,,1,3,,
2014/03/05,05,4,,,1,3,,
2014/03/05,06,4,,,1,3,,
2014/03/05,07,7,,,3,4,,
2014/03/05,08,20,,,8,12,,
2014/03/05,09,25,,,6,19,,
2014/03/05,10,33,,,12,20,,
2014/03/05,11,67,,,28,38,,
2014/03/05,12,44,,,5,37,,
2014/03/05,13,40,,,1,38,,
2014/03/05,14,40,,,1,38,,
2014/03/05,15,40,,,1,38,,
2014/03/05,16,41,,,1,39,,
2014/03/05,17,41,,,1,39,,
2014/03/05,18,41,,,1,38,,
2014/03/05,19,43,,,1,40,,
2014/03/05,20,42,,,1,40,,
2014/03/05,21,42,,,1,40,,
2014/03/05,22,41,,,1,39,,
2014/03/05,23,41,,,1,39,,
2014/03/05,24,41,,,1,38,,
2014/03/06,01,19,,,1,17,,
2014/03/06,02,4,,,1,3,,
2014/03/06,03,4,,,1,2,,
2014/03/06,04,4,,,1,3,,
2014/03/06,05,4,,,1,2,,
2014/03/06,06,4,,,1,3,,
2014/03/06,07,4,,,1,2,,
2014/03/06,08,4,,,1,2,,
2014/03/06,09,7,,,1,6,,
2014/03/06,10,16,,,1,14,,
2014/03/06,11,41,,,1,39,,
2014/03/06,12,40,,,1,38,,
2014/03/06,13,40,,,1,38,,
2014/03/06,14,40,,,1,38,,
2014/03/06,15,40,,,1,37,,
2014/03/06,16,40,,,1,38,,
2014/03/06,17,40,,,1,38,,
2014/03/06,18,41,,,1,39,,
2014/03/06,19,43,,,1,41,,
2014/03/06,20,43,,,1,41,,
2014/03/06,21,43,,,1,41,,
2014/03/06,22,43,,,1,41,,
2014/03/06,23,42,,,1,40,,
2014/03/06,24,41,,,1,39,,
2014/03/07,01,17,,,1,15,,
2014/03/07,02,6,,,1,5,,
2014/03/07,03,4,,,1,3,,
2014/03/07,04,4,,,1,3,,
2014/03/07,05,4,,,1,3,,
2014/03/07,06,4,,,1,3,,
2014/03/07,07,4,,,1,3,,
2014/03/07,08,4,,,1,3,,
2014/03/07,09,18,,,1,16,,
2014/03/07,10,24,,,1,22,,
2014/03/07,11,38,,,1,36,,
2014/03/07,12,39,,,1,36,,
2014/03/07,13,38,,,1,36,,
2014/03/07,14,39,,,1,37,,
2014/03/07,15,39,,,1,37,,
2014/03/07,16,39,,,1,37,,
2014/03/07,17,39,,,1,37,,
2014/03/07,18,42,,,1,39,,
2014/03/07,19,43,,,1,41,,
2014/03/07,20,43,,,1,40,,
2014/03/07,21,43,,,1,40,,
2014/03/07,22,42,,,1,40,,
2014/03/07,23,42,,,1,39,,
2014/03/07,24,41,,,1,39,,
2014/03/08,01,20,,,1,19,,
2014/03/08,02,6,,,1,5,,
2014/03/08,03,4,,,1,3,,
2014/03/08,04,4,,,1,2,,
2014/03/08,05,4,,,1,3,,
2014/03/08,06,4,,,1,3,,
2014/03/08,07,4,,,1,2,,
2014/03/08,08,4,,,1,2,,
2014/03/08,09,9,,,1,7,,
2014/03/08,10,21,,,1,19,,
2014/03/08,11,39,,,1,36,,
2014/03/08,12,38,,,1,36,,
2014/03/08,13,38,,,1,36,,
2014/03/08,14,38,,,1,36,,
2014/03/08,15,38,,,1,36,,
2014/03/08,16,38,,,1,36,,
2014/03/08,17,39,,,1,37,,
2014/03/08,18,42,,,1,40,,
2014/03/08,19,43,,,1,41,,
2014/03/08,20,43,,,1,40,,
2014/03/08,21,43,,,1,40,,
2014/03/08,22,42,,,1,40,,
2014/03/08,23,42,,,1,39,,
2014/03/08,24,41,,,1,39,,
2014/03/09,01,17,,,1,15,,
2014/03/09,02,4,,,1,2,,
2014/03/09,03,4,,,1,2,,
2014/03/09,04,4,,,1,2,,
2014/03/09,05,4,,,1,3,,
2014/03/09,06,4,,,1,2,,
2014/03/09,07,4,,,1,2,,
2014/03/09,08,4,,,1,2,,
2014/03/09,09,4,,,1,3,,
2014/03/09,10,13,,,1,11,,
2014/03/09,11,39,,,1,37,,
2014/03/09,12,40,,,1,38,,
2014/03/09,13,40,,,1,38,,
2014/03/09,14,39,,,1,37,,
2014/03/09,15,40,,,1,38,,
2014/03/09,16,39,,,1,37,,
2014/03/09,17,39,,,1,37,,
2014/03/09,18,42,,,1,40,,
2014/03/09,19,43,,,1,41,,
2014/03/09,20,43,,,1,41,,
2014/03/09,21,43,,,1,41,,
2014/03/09,22,42,,,1,40,,
2014/03/09,23,42,,,1,40,,
2014/03/09,24,42,,,1,40,,
2014/03/10,01,32,,,1,30,,
2014/03/10,02,10,,,1,8,,
2014/03/10,03,4,,,1,2,,
2014/03/10,04,4,,,1,3,,
2014/03/10,05,4,,,1,2,,
2014/03/10,06,4,,,1,2,,
2014/03/10,07,4,,,1,2,,
2014/03/10,08,4,,,1,2,,
2014/03/10,09,5,,,1,4,,
2014/03/10,10,17,,,1,16,,
2014/03/10,11,39,,,1,37,,
2014/03/10,12,38,,,1,36,,
2014/03/10,13,39,,,1,37,,
2014/03/10,14,39,,,1,37,,
2014/03/10,15,39,,,1,37,,
2014/03/10,16,39,,,1,37,,
2014/03/10,17,39,,,1,36,,
2014/03/10,18,42,,,1,39,,
2014/03/10,19,43,,,1,41,,
2014/03/10,20,43,,,1,41,,
2014/03/10,21,43,,,1,41,,
2014/03/10,22,43,,,1,41,,
2014/03/10,23,42,,,1,40,,
2014/03/10,24,41,,,1,39,,
2014/03/11,01,15,,,1,14,,
2014/03/11,02,4,,,1,2,,
2014/03/11,03,4,,,1,2,,
2014/03/11,04,4,,,1,2,,
2014/03/11,05,4,,,1,2,,
2014/03/11,06,4,,,1,2,,
2014/03/11,07,4,,,1,2,,
2014/03/11,08,4,,,1,2,,
2014/03/11,09,19,,,1,18,,
2014/03/11,10,22,,,1,21,,
2014/03/11,11,41,,,1,39,,
2014/03/11,12,41,,,1,38,,
2014/03/11,13,41,,,1,39,,
2014/03/11,14,41,,,1,39,,
2014/03/11,15,41,,,1,39,,
2014/03/11,16,41,,,1,39,,
2014/03/11,17,41,,,1,39,,
2014/03/11,18,42,,,1,39,,
2014/03/11,19,43,,,1,41,,
2014/03/11,20,43,,,1,41,,
2014/03/11,21,43,,,1,40,,
2014/03/11,22,42,,,1,40,,
2014/03/11,23,42,,,1,40,,
2014/03/11,24,41,,,1,39,,
2014/03/12,01,16,,,1,14,,
2014/03/12,02,4,,,1,2,,
2014/03/12,03,4,,,1,2,,
2014/03/12,04,4,,,1,2,,
2014/03/12,05,4,,,1,2,,
2014/03/12,06,4,,,1,2,,
2014/03/12,07,4,,,1,2,,
2014/03/12,08,3,,,1,2,,
2014/03/12,09,18,,,1,17,,
2014/03/12,10,22,,,1,20,,
2014/03/12,11,40,,,1,37,,
2014/03/12,12,39,,,1,37,,
2014/03/12,13,39,,,1,37,,
2014/03/12,14,39,,,1,37,,
2014/03/12,15,39,,,1,37,,
2014/03/12,16,39,,,1,37,,
2014/03/12,17,40,,,1,38,,
2014/03/12,18,43,,,1,41,,
2014/03/12,19,43,,,1,41,,
2014/03/12,20,43,,,1,41,,
2014/03/12,21,43,,,1,41,,
2014/03/12,22,42,,,1,40,,
2014/03/12,23,42,,,1,40,,
2014/03/12,24,42,,,1,40,,
2014/03/13,01,22,,,1,20,,
2014/03/13,02,23,,,1,21,,
2014/03/13,03,25,,,1,23,,
2014/03/13,04,25,,,1,23,,
2014/03/13,05,8,,,1,6,,
2014/03/13,06,4,,,1,3,,
2014/03/13,07,4,,,1,2,,
2014/03/13,08,4,,,1,2,,
2014/03/13,09,13,,,1,11,,
2014/03/13,10,20,,,1,18,,
2014/03/13,11,38,,,1,36,,
2014/03/13,12,39,,,1,37,,
2014/03/13,13,39,,,1,37,,
2014/03/13,14,39,,,1,36,,
2014/03/13,15,39,,,1,36,,
2014/03/13,16,39,,,1,37,,
2014/03/13,17,39,,,1,37,,
2014/03/13,18,40,,,1,38,,
2014/03/13,19,43,,,1,41,,
2014/03/13,20,43,,,1,41,,
2014/03/13,21,42,,,1,40,,
2014/03/13,22,42,,,1,40,,
2014/03/13,23,42,,,1,40,,
2014/03/13,24,41,,,1,39,,
2014/03/14,01,20,,,1,18,,
2014/03/14,02,8,,,1,7,,
2014/03/14,03,4,,,1,2,,
2014/03/14,04,4,,,1,2,,
2014/03/14,05,4,,,1,2,,
2014/03/14,06,4,,,1,3,,
2014/03/14,07,3,,,1,2,,
2014/03/14,08,3,,,1,2,,
2014/03/14,09,17,,,1,15,,
2014/03/14,10,25,,,1,23,,
2014/03/14,11,39,,,1,37,,
2014/03/14,12,38,,,1,36,,
2014/03/14,13,39,,,1,36,,
2014/03/14,14,39,,,1,37,,
2014/03/14,15,39,,,1,37,,
2014/03/14,16,39,,,1,37,,
2014/03/14,17,39,,,1,37,,
2014/03/14,18,41,,,1,38,,
2014/03/14,19,43,,,1,41,,
2014/03/14,20,43,,,1,41,,
2014/03/14,21,43,,,1,41,,
2014/03/14,22,43,,,1,41,,
2014/03/14,23,43,,,1,41,,
2014/03/14,24,42,,,1,40,,
2014/03/15,01,18,,,1,16,,
2014/03/15,02,4,,,1,3,,
2014/03/15,03,4,,,1,2,,
2014/03/15,04,4,,,1,3,,
2014/03/15,05,4,,,1,3,,
2014/03/15,06,4,,,1,2,,
2014/03/15,07,4,,,1,3,,
2014/03/15,08,4,,,1,2,,
2014/03/15,09,5,,,1,4,,
2014/03/15,10,23,,,1,21,,
2014/03/15,11,38,,,1,36,,
2014/03/15,12,39,,,1,36,,
2014/03/15,13,38,,,1,36,,
2014/03/15,14,39,,,1,36,,
2014/03/15,15,38,,,1,36,,
2014/03/15,16,38,,,1,36,,
2014/03/15,17,38,,,1,36,,
2014/03/15,18,42,,,1,40,,
2014/03/15,19,42,,,1,40,,
2014/03/15,20,43,,,1,41,,
2014/03/15,21,43,,,1,41,,
2014/03/15,22,43,,,1,41,,
2014/03/15,23,43,,,1,41,,
2014/03/15,24,42,,,1,40,,
2014/03/16,01,18,,,1,16,,
2014/03/16,02,8,,,1,7,,
2014/03/16,03,4,,,1,2,,
2014/03/16,04,4,,,1,2,,
2014/03/16,05,4,,,1,2,,
2014/03/16,06,4,,,1,3,,
2014/03/16,07,4,,,1,2,,
2014/03/16,08,4,,,1,2,,
2014/03/16,09,4,,,1,3,,
2014/03/16,10,9,,,1,8,,
2014/03/16,11,40,,,1,37,,
2014/03/16,12,39,,,1,36,,
2014/03/16,13,39,,,1,36,,
2014/03/16,14,39,,,1,36,,
2014/03/16,15,38,,,1,36,,
2014/03/16,16,38,,,1,36,,
2014/03/16,17,38,,,1,36,,
2014/03/16,18,40,,,1,37,,
2014/03/16,19,43,,,1,41,,
2014/03/16,20,42,,,1,40,,
2014/03/16,21,43,,,1,40,,
2014/03/16,22,43,,,1,40,,
2014/03/16,23,42,,,1,40,,
2014/03/16,24,42,,,1,39,,
2014/03/17,01,14,,,1,13,,
2014/03/17,02,8,,,1,7,,
2014/03/17,03,4,,,1,3,,
2014/03/17,04,4,,,1,3,,
2014/03/17,05,4,,,1,3,,
2014/03/17,06,4,,,1,3,,
2014/03/17,07,4,,,1,2,,
2014/03/17,08,4,,,1,2,,
2014/03/17,09,6,,,1,5,,
2014/03/17,10,15,,,1,14,,
2014/03/17,11,39,,,1,36,,
2014/03/17,12,38,,,1,36,,
2014/03/17,13,39,,,1,37,,
2014/03/17,14,39,,,1,37,,
2014/03/17,15,39,,,1,37,,
2014/03/17,16,38,,,1,36,,
2014/03/17,17,38,,,1,36,,
2014/03/17,18,40,,,1,38,,
2014/03/17,19,43,,,1,41,,
2014/03/17,20,42,,,1,40,,
2014/03/17,21,42,,,1,40,,
2014/03/17,22,42,,,1,40,,
2014/03/17,23,42,,,1,40,,
2014/03/17,24,41,,,1,39,,
2014/03/18,01,13,,,1,12,,
2014/03/18,02,4,,,1,3,,
2014/03/18,03,4,,,1,2,,
2014/03/18,04,4,,,1,2,,
2014/03/18,05,4,,,1,3,,
2014/03/18,06,4,,,1,3,,
2014/03/18,07,4,,,1,2,,
2014/03/18,08,4,,,1,2,,
2014/03/18,09,20,,,1,18,,
2014/03/18,10,23,,,1,21,,
2014/03/18,11,39,,,1,37,,
2014/03/18,12,38,,,1,36,,
2014/03/18,13,39,,,1,36,,
2014/03/18,14,39,,,1,36,,
2014/03/18,15,39,,,1,36,,
2014/03/18,16,39,,,1,37,,
2014/03/18,17,42,,,1,40,,
2014/03/18,18,43,,,1,41,,
2014/03/18,19,43,,,1,41,,
2014/03/18,20,43,,,1,41,,
2014/03/18,21,43,,,1,41,,
2014/03/18,22,42,,,1,40,,
2014/03/18,23,42,,,1,40,,
2014/03/18,24,41,,,1,39,,
2014/03/19,01,15,,,1,13,,
2014/03/19,02,4,,,1,3,,
2014/03/19,03,4,,,1,3,,
2014/03/19,04,4,,,1,3,,
2014/03/19,05,4,,,1,2,,
2014/03/19,06,4,,,1,3,,
2014/03/19,07,4,,,1,2,,
2014/03/19,08,4,,,1,3,,
2014/03/19,09,19,,,1,17,,
2014/03/19,10,22,,,1,20,,
2014/03/19,11,39,,,1,36,,
2014/03/19,12,38,,,1,36,,
2014/03/19,13,39,,,1,37,,
2014/03/19,14,39,,,1,37,,
2014/03/19,15,39,,,1,37,,
2014/03/19,16,38,,,1,36,,
2014/03/19,17,38,,,1,36,,
2014/03/19,18,41,,,1,39,,
2014/03/19,19,43,,,1,41,,
2014/03/19,20,43,,,1,41,,
2014/03/19,21,43,,,1,41,,
2014/03/19,22,42,,,1,40,,
2014/03/19,23,42,,,1,40,,
2014/03/19,24,41,,,1,39,,
2014/03/20,01,21,,,1,19,,
2014/03/20,02,4,,,1,3,,
2014/03/20,03,4,,,1,2,,
2014/03/20,04,4,,,1,2,,
2014/03/20,05,4,,,1,3,,
2014/03/20,06,4,,,1,2,,
2014/03/20,07,4,,,1,3,,
2014/03/20,08,4,,,1,2,,
2014/03/20,09,10,,,1,9,,
2014/03/20,10,16,,,1,15,,
2014/03/20,11,40,,,1,38,,
2014/03/20,12,40,,,1,38,,
2014/03/20,13,40,,,1,38,,
2014/03/20,14,40,,,1,38,,
2014/03/20,15,40,,,1,38,,
2014/03/20,16,40,,,1,38,,
2014/03/20,17,40,,,1,38,,
2014/03/20,18,42,,,1,40,,
2014/03/20,19,43,,,1,41,,
2014/03/20,20,43,,,1,41,,
2014/03/20,21,43,,,1,40,,
2014/03/20,22,43,,,1,40,,
2014/03/20,23,43,,,1,41,,
2014/03/20,24,42,,,1,40,,
2014/03/21,01,20,,,1,18,,
2014/03/21,02,16,,,1,15,,
2014/03/21,03,4,,,1,2,,
2014/03/21,04,4,,,1,2,,
2014/03/21,05,4,,,1,2,,
2014/03/21,06,4,,,1,2,,
2014/03/21,07,4,,,1,2,,
2014/03/21,08,3,,,1,2,,
2014/03/21,09,9,,,1,7,,
2014/03/21,10,24,,,1,23,,
2014/03/21,11,41,,,1,39,,
2014/03/21,12,40,,,1,38,,
2014/03/21,13,40,,,1,38,,
2014/03/21,14,40,,,1,38,,
2014/03/21,15,40,,,1,38,,
2014/03/21,16,40,,,1,38,,
2014/03/21,17,40,,,1,38,,
2014/03/21,18,40,,,1,38,,
2014/03/21,19,42,,,1,39,,
2014/03/21,20,43,,,1,41,,
2014/03/21,21,43,,,1,41,,
2014/03/21,22,43,,,1,41,,
2014/03/21,23,43,,,1,41,,
2014/03/21,24,42,,,1,40,,
2014/03/22,01,22,,,1,20,,
2014/03/22,02,18,,,1,16,,
2014/03/22,03,4,,,1,2,,
2014/03/22,04,4,,,1,2,,
2014/03/22,05,4,,,1,2,,
2014/03/22,06,4,,,1,3,,
2014/03/22,07,4,,,1,2,,
2014/03/22,08,4,,,1,2,,
2014/03/22,09,7,,,1,6,,
2014/03/22,10,17,,,1,15,,
2014/03/22,11,43,,,6,36,,
2014/03/22,12,44,,,7,36,,
2014/03/22,13,42,,,5,36,,
2014/03/22,14,43,,,5,36,,
2014/03/22,15,43,,,6,36,,
2014/03/22,16,42,,,4,36,,
2014/03/22,17,44,,,4,39,,
2014/03/22,18,42,,,1,40,,
2014/03/22,19,43,,,1,41,,
2014/03/22,20,43,,,1,41,,
2014/03/22,21,42,,,1,40,,
2014/03/22,22,42,,,1,40,,
2014/03/22,23,42,,,1,40,,
2014/03/22,24,41,,,1,39,,
2014/03/23,01,18,,,1,16,,
2014/03/23,02,4,,,1,3,,
2014/03/23,03,4,,,1,3,,
2014/03/23,04,4,,,1,3,,
2014/03/23,05,4,,,1,3,,
2014/03/23,06,4,,,1,3,,
2014/03/23,07,4,,,1,2,,
2014/03/23,08,4,,,1,3,,
2014/03/23,09,4,,,1,3,,
2014/03/23,10,11,,,1,10,,
2014/03/23,11,39,,,1,36,,
2014/03/23,12,39,,,1,36,,
2014/03/23,13,39,,,1,37,,
2014/03/23,14,38,,,1,36,,
2014/03/23,15,38,,,1,36,,
2014/03/23,16,38,,,1,36,,
2014/03/23,17,38,,,1,35,,
2014/03/23,18,40,,,1,37,,
2014/03/23,19,42,,,1,40,,
2014/03/23,20,42,,,1,40,,
2014/03/23,21,42,,,1,40,,
2014/03/23,22,42,,,1,40,,
2014/03/23,23,42,,,1,40,,
2014/03/23,24,41,,,1,39,,
2014/03/24,01,20,,,1,18,,
2014/03/24,02,4,,,1,3,,
2014/03/24,03,4,,,1,3,,
2014/03/24,04,4,,,1,3,,
2014/03/24,05,4,,,1,3,,
2014/03/24,06,4,,,1,3,,
2014/03/24,07,4,,,1,3,,
2014/03/24,08,4,,,1,2,,
2014/03/24,09,5,,,1,4,,
2014/03/24,10,17,,,1,16,,
2014/03/24,11,39,,,1,36,,
2014/03/24,12,38,,,1,36,,
2014/03/24,13,39,,,1,36,,
2014/03/24,14,39,,,1,36,,
2014/03/24,15,39,,,1,36,,
2014/03/24,16,38,,,1,36,,
2014/03/24,17,38,,,1,36,,
2014/03/24,18,40,,,1,38,,
2014/03/24,19,43,,,1,41,,
2014/03/24,20,42,,,1,40,,
2014/03/24,21,43,,,1,40,,
2014/03/24,22,42,,,1,40,,
2014/03/24,23,42,,,1,39,,
2014/03/24,24,40,,,1,38,,
2014/03/25,01,12,,,1,10,,
2014/03/25,02,4,,,1,2,,
2014/03/25,03,4,,,1,2,,
2014/03/25,04,4,,,1,2,,
2014/03/25,05,4,,,1,2,,
2014/03/25,06,4,,,1,2,,
2014/03/25,07,3,,,1,2,,
2014/03/25,08,3,,,1,2,,
2014/03/25,09,19,,,1,17,,
2014/03/25,10,24,,,1,22,,
2014/03/25,11,38,,,1,36,,
2014/03/25,12,38,,,1,36,,
2014/03/25,13,39,,,1,37,,
2014/03/25,14,39,,,1,36,,
2014/03/25,15,39,,,1,37,,
2014/03/25,16,38,,,1,36,,
2014/03/25,17,40,,,1,38,,
2014/03/25,18,42,,,1,40,,
2014/03/25,19,42,,,1,40,,
2014/03/25,20,42,,,1,40,,
2014/03/25,21,42,,,1,40,,
2014/03/25,22,42,,,1,39,,
2014/03/25,23,41,,,1,39,,
2014/03/25,24,41,,,1,39,,
2014/03/26,01,17,,,1,16,,
2014/03/26,02,4,,,1,3,,
2014/03/26,03,4,,,1,2,,
2014/03/26,04,4,,,1,3,,
2014/03/26,05,4,,,1,2,,
2014/03/26,06,4,,,1,2,,
2014/03/26,07,4,,,1,2,,
2014/03/26,08,5,,,1,4,,
2014/03/26,09,20,,,1,18,,
2014/03/26,10,21,,,1,19,,
2014/03/26,11,39,,,1,36,,
2014/03/26,12,38,,,1,36,,
2014/03/26,13,38,,,1,36,,
2014/03/26,14,38,,,1,36,,
2014/03/26,15,38,,,1,36,,
2014/03/26,16,38,,,1,36,,
2014/03/26,17,38,,,1,36,,
2014/03/26,18,39,,,1,37,,
2014/03/26,19,43,,,1,41,,
2014/03/26,20,42,,,1,41,,
2014/03/26,21,43,,,1,41,,
2014/03/26,22,42,,,1,40,,
2014/03/26,23,42,,,1,40,,
2014/03/26,24,41,,,1,39,,
2014/03/27,01,36,,,1,34,,
2014/03/27,02,36,,,1,34,,
2014/03/27,03,36,,,1,34,,
2014/03/27,04,36,,,1,34,,
2014/03/27,05,36,,,1,34,,
2014/03/27,06,16,,,1,15,,
2014/03/27,07,4,,,1,2,,
2014/03/27,08,3,,,1,2,,
2014/03/27,09,13,,,1,11,,
2014/03/27,10,18,,,1,17,,
2014/03/27,11,38,,,1,35,,
2014/03/27,12,38,,,1,36,,
2014/03/27,13,38,,,1,36,,
2014/03/27,14,38,,,1,36,,
2014/03/27,15,38,,,1,36,,
2014/03/27,16,38,,,1,36,,
2014/03/27,17,37,,,1,35,,
2014/03/27,18,40,,,1,38,,
2014/03/27,19,42,,,1,40,,
2014/03/27,20,42,,,1,40,,
2014/03/27,21,42,,,1,40,,
2014/03/27,22,41,,,1,39,,
2014/03/27,23,42,,,1,40,,
2014/03/27,24,41,,,1,39,,
2014/03/28,01,18,,,1,16,,
2014/03/28,02,4,,,1,3,,
2014/03/28,03,4,,,1,2,,
2014/03/28,04,4,,,1,2,,
2014/03/28,05,4,,,1,2,,
2014/03/28,06,4,,,1,2,,
2014/03/28,07,4,,,1,2,,
2014/03/28,08,4,,,1,2,,
2014/03/28,09,10,,,1,9,,
2014/03/28,10,24,,,1,23,,
2014/03/28,11,39,,,1,37,,
2014/03/28,12,38,,,1,36,,
2014/03/28,13,38,,,1,36,,
2014/03/28,14,39,,,1,36,,
2014/03/28,15,38,,,1,36,,
2014/03/28,16,38,,,1,35,,
2014/03/28,17,38,,,1,36,,
2014/03/28,18,39,,,1,37,,
2014/03/28,19,42,,,1,40,,
2014/03/28,20,42,,,1,40,,
2014/03/28,21,42,,,1,40,,
2014/03/28,22,42,,,1,39,,
2014/03/28,23,41,,,1,39,,
2014/03/28,24,41,,,1,39,,
2014/03/29,01,19,,,1,17,,
2014/03/29,02,5,,,1,4,,
2014/03/29,03,4,,,1,2,,
2014/03/29,04,4,,,1,2,,
2014/03/29,05,4,,,1,2,,
2014/03/29,06,4,,,1,2,,
2014/03/29,07,4,,,1,2,,
2014/03/29,08,4,,,1,2,,
2014/03/29,09,8,,,1,6,,
2014/03/29,10,20,,,1,18,,
2014/03/29,11,38,,,1,35,,
2014/03/29,12,37,,,1,35,,
2014/03/29,13,38,,,1,36,,
2014/03/29,14,38,,,1,36,,
2014/03/29,15,37,,,1,35,,
2014/03/29,16,37,,,1,35,,
2014/03/29,17,38,,,1,36,,
2014/03/29,18,39,,,1,37,,
2014/03/29,19,42,,,1,39,,
2014/03/29,20,41,,,1,40,,
2014/03/29,21,42,,,1,40,,
2014/03/29,22,42,,,1,40,,
2014/03/29,23,42,,,1,40,,
2014/03/29,24,40,,,1,38,,
2014/03/30,01,20,,,1,18,,
2014/03/30,02,4,,,1,3,,
2014/03/30,03,4,,,1,3,,
2014/03/30,04,4,,,1,2,,
2014/03/30,05,4,,,1,3,,
2014/03/30,06,4,,,1,2,,
2014/03/30,07,4,,,1,2,,
2014/03/30,08,4,,,1,3,,
2014/03/30,09,14,,,1,13,,
2014/03/30,10,20,,,1,18,,
2014/03/30,11,39,,,1,37,,
2014/03/30,12,38,,,1,36,,
2014/03/30,13,39,,,1,37,,
2014/03/30,14,39,,,1,37,,
2014/03/30,15,39,,,1,36,,
2014/03/30,16,39,,,1,37,,
2014/03/30,17,38,,,1,36,,
2014/03/30,18,41,,,1,39,,
2014/03/30,19,42,,,1,40,,
2014/03/30,20,42,,,1,40,,
2014/03/30,21,42,,,1,40,,
2014/03/30,22,42,,,1,40,,
2014/03/30,23,42,,,1,40,,
2014/03/30,24,40,,,1,38,,
2014/03/31,01,20,,,1,18,,
2014/03/31,02,12,,,1,11,,
2014/03/31,03,4,,,1,2,,
2014/03/31,04,4,,,1,2,,
2014/03/31,05,4,,,1,2,,
2014/03/31,06,4,,,1,3,,
2014/03/31,07,4,,,1,2,,
2014/03/31,08,3,,,1,2,,
2014/03/31,09,7,,,1,5,,
2014/03/31,10,15,,,1,14,,
2014/03/31,11,39,,,1,36,,
2014/03/31,12,38,,,1,36,,
2014/03/31,13,39,,,1,37,,
2014/03/31,14,39,,,1,37,,
2014/03/31,15,38,,,1,36,,
2014/03/31,16,38,,,1,36,,
2014/03/31,17,38,,,1,36,,
2014/03/31,18,40,,,1,38,,
2014/03/31,19,45,,,1,43,,
2014/03/31,20,48,,,1,46,,
2014/03/31,21,48,,,1,46,,
2014/03/31,22,47,,,1,45,,
2014/03/31,23,47,,,1,45,,
2014/03/31,24,46,,,1,44,,
2014/04/01,01,20,,,1,19,,
2014/04/01,02,9,,,1,7,,
2014/04/01,03,11,,,1,10,,
2014/04/01,04,8,,,1,7,,
2014/04/01,05,4,,,1,3,,
2014/04/01,06,4,,,1,3,,
2014/04/01,07,4,,,1,3,,
2014/04/01,08,4,,,1,2,,
2014/04/01,09,14,,,1,13,,
2014/04/01,10,34,,,1,32,,
2014/04/01,11,38,,,1,35,,
2014/04/01,12,38,,,1,36,,
2014/04/01,13,38,,,1,36,,
2014/04/01,14,38,,,1,36,,
2014/04/01,15,38,,,1,36,,
2014/04/01,16,37,,,1,35,,
2014/04/01,17,38,,,1,36,,
2014/04/01,18,41,,,1,39,,
2014/04/01,19,42,,,1,40,,
2014/04/01,20,42,,,1,40,,
2014/04/01,21,42,,,1,40,,
2014/04/01,22,42,,,1,40,,
2014/04/01,23,42,,,1,40,,
2014/04/01,24,41,,,1,39,,
2014/04/02,01,21,,,1,19,,
2014/04/02,02,8,,,1,7,,
2014/04/02,03,4,,,1,2,,
2014/04/02,04,4,,,1,3,,
2014/04/02,05,4,,,1,2,,
2014/04/02,06,4,,,1,2,,
2014/04/02,07,4,,,1,2,,
2014/04/02,08,4,,,1,2,,
2014/04/02,09,17,,,1,16,,
2014/04/02,10,20,,,1,19,,
2014/04/02,11,39,,,1,37,,
2014/04/02,12,39,,,1,37,,
2014/04/02,13,39,,,1,37,,
2014/04/02,14,39,,,1,37,,
2014/04/02,15,40,,,2,37,,
2014/04/02,16,39,,,2,37,,
2014/04/02,17,39,,,2,37,,
2014/04/02,18,40,,,2,37,,
2014/04/02,19,42,,,2,39,,
2014/04/02,20,42,,,2,40,,
2014/04/02,21,43,,,2,41,,
2014/04/02,22,42,,,2,40,,
2014/04/02,23,42,,,2,39,,
2014/04/02,24,41,,,1,39,,
2014/04/03,01,16,,,1,14,,
2014/04/03,02,4,,,1,2,,
2014/04/03,03,4,,,1,2,,
2014/04/03,04,4,,,1,2,,
2014/04/03,05,4,,,1,2,,
2014/04/03,06,4,,,1,2,,
2014/04/03,07,4,,,1,2,,
2014/04/03,08,6,,,1,4,,
2014/04/03,09,13,,,1,11,,
2014/04/03,10,16,,,1,14,,
2014/04/03,11,37,,,1,35,,
2014/04/03,12,38,,,1,35,,
2014/04/03,13,38,,,1,35,,
2014/04/03,14,38,,,1,35,,
2014/04/03,15,38,,,1,35,,
2014/04/03,16,37,,,1,35,,
2014/04/03,17,37,,,1,35,,
2014/04/03,18,42,,,1,40,,
2014/04/03,19,42,,,1,40,,
2014/04/03,20,41,,,1,39,,
2014/04/03,21,42,,,1,40,,
2014/04/03,22,42,,,1,40,,
2014/04/03,23,41,,,1,39,,
2014/04/03,24,40,,,1,38,,
2014/04/04,01,21,,,2,19,,
2014/04/04,02,16,,,1,14,,
2014/04/04,03,4,,,1,2,,
2014/04/04,04,4,,,1,3,,
2014/04/04,05,4,,,1,2,,
2014/04/04,06,4,,,1,2,,
2014/04/04,07,4,,,1,2,,
2014/04/04,08,4,,,1,3,,
2014/04/04,09,20,,,1,18,,
2014/04/04,10,24,,,1,22,,
2014/04/04,11,38,,,1,36,,
2014/04/04,12,39,,,1,37,,
2014/04/04,13,38,,,1,36,,
2014/04/04,14,38,,,1,36,,
2014/04/04,15,39,,,1,37,,
2014/04/04,16,39,,,1,36,,
2014/04/04,17,39,,,1,37,,
2014/04/04,18,41,,,1,39,,
2014/04/04,19,42,,,1,40,,
2014/04/04,20,42,,,1,39,,
2014/04/04,21,41,,,1,39,,
2014/04/04,22,41,,,1,39,,
2014/04/04,23,41,,,1,39,,
2014/04/04,24,41,,,1,39,,
2014/04/05,01,20,,,1,18,,
2014/04/05,02,6,,,1,5,,
2014/04/05,03,4,,,1,3,,
2014/04/05,04,4,,,1,2,,
2014/04/05,05,4,,,1,2,,
2014/04/05,06,4,,,1,2,,
2014/04/05,07,4,,,1,2,,
2014/04/05,08,4,,,1,2,,
2014/04/05,09,8,,,1,7,,
2014/04/05,10,22,,,1,20,,
2014/04/05,11,38,,,1,36,,
2014/04/05,12,38,,,1,36,,
2014/04/05,13,38,,,1,36,,
2014/04/05,14,38,,,1,36,,
2014/04/05,15,38,,,1,35,,
2014/04/05,16,37,,,1,35,,
2014/04/05,17,37,,,1,35,,
2014/04/05,18,39,,,1,37,,
2014/04/05,19,45,,,4,40,,
2014/04/05,20,44,,,3,40,,
2014/04/05,21,44,,,3,40,,
2014/04/05,22,46,,,5,40,,
2014/04/05,23,41,,,1,39,,
2014/04/05,24,40,,,1,38,,
2014/04/06,01,20,,,1,19,,
2014/04/06,02,11,,,1,10,,
2014/04/06,03,4,,,1,2,,
2014/04/06,04,4,,,1,2,,
2014/04/06,05,4,,,1,2,,
2014/04/06,06,4,,,1,2,,
2014/04/06,07,4,,,1,2,,
2014/04/06,08,6,,,1,5,,
2014/04/06,09,14,,,1,13,,
2014/04/06,10,20,,,1,18,,
2014/04/06,11,38,,,1,36,,
2014/04/06,12,38,,,1,36,,
2014/04/06,13,38,,,1,36,,
2014/04/06,14,38,,,1,36,,
2014/04/06,15,38,,,1,35,,
2014/04/06,16,37,,,1,35,,
2014/04/06,17,37,,,1,35,,
2014/04/06,18,41,,,1,39,,
2014/04/06,19,42,,,1,40,,
2014/04/06,20,42,,,1,40,,
2014/04/06,21,41,,,1,39,,
2014/04/06,22,41,,,1,39,,
2014/04/06,23,41,,,1,39,,
2014/04/06,24,41,,,1,39,,
2014/04/07,01,21,,,1,19,,
2014/04/07,02,7,,,1,6,,
2014/04/07,03,4,,,1,3,,
2014/04/07,04,4,,,1,2,,
2014/04/07,05,4,,,1,2,,
2014/04/07,06,4,,,1,2,,
2014/04/07,07,4,,,1,2,,
2014/04/07,08,4,,,1,2,,
2014/04/07,09,12,,,1,10,,
2014/04/07,10,23,,,1,22,,
2014/04/07,11,38,,,1,36,,
2014/04/07,12,42,,,5,36,,
2014/04/07,13,42,,,4,37,,
2014/04/07,14,42,,,4,36,,
2014/04/07,15,42,,,5,36,,
2014/04/07,16,38,,,1,36,,
2014/04/07,17,38,,,1,36,,
2014/04/07,18,38,,,1,36,,
2014/04/07,19,42,,,1,39,,
2014/04/07,20,42,,,1,39,,
2014/04/07,21,42,,,1,40,,
2014/04/07,22,42,,,1,40,,
2014/04/07,23,41,,,1,39,,
2014/04/07,24,41,,,1,38,,
2014/04/08,01,16,,,1,15,,
2014/04/08,02,4,,,1,3,,
2014/04/08,03,4,,,1,3,,
2014/04/08,04,4,,,1,2,,
2014/04/08,05,4,,,1,2,,
2014/04/08,06,4,,,1,2,,
2014/04/08,07,4,,,1,2,,
2014/04/08,08,7,,,1,6,,
2014/04/08,09,20,,,1,18,,
2014/04/08,10,21,,,1,20,,
2014/04/08,11,40,,,1,38,,
2014/04/08,12,39,,,1,37,,
2014/04/08,13,39,,,1,37,,
2014/04/08,14,40,,,1,38,,
2014/04/08,15,40,,,1,38,,
2014/04/08,16,39,,,1,37,,
2014/04/08,17,39,,,1,37,,
2014/04/08,18,40,,,1,38,,
2014/04/08,19,42,,,1,40,,
2014/04/08,20,41,,,1,39,,
2014/04/08,21,42,,,1,39,,
2014/04/08,22,41,,,1,39,,
2014/04/08,23,41,,,1,39,,
2014/04/08,24,40,,,1,38,,
2014/04/09,01,11,,,1,10,,
2014/04/09,02,4,,,1,3,,
2014/04/09,03,4,,,1,3,,
2014/04/09,04,4,,,1,3,,
2014/04/09,05,4,,,1,2,,
2014/04/09,06,4,,,1,2,,
2014/04/09,07,4,,,1,2,,
2014/04/09,08,3,,,1,2,,
2014/04/09,09,16,,,1,15,,
2014/04/09,10,26,,,5,20,,
2014/04/09,11,41,,,4,36,,
2014/04/09,12,41,,,4,36,,
2014/04/09,13,38,,,1,36,,
2014/04/09,14,37,,,1,35,,
2014/04/09,15,37,,,1,35,,
2014/04/09,16,37,,,1,35,,
2014/04/09,17,38,,,1,36,,
2014/04/09,18,40,,,1,38,,
2014/04/09,19,42,,,1,39,,
2014/04/09,20,41,,,1,39,,
2014/04/09,21,41,,,1,39,,
2014/04/09,22,41,,,1,39,,
2014/04/09,23,41,,,1,39,,
2014/04/09,24,40,,,1,38,,
2014/04/10,01,20,,,1,18,,
2014/04/10,02,8,,,1,6,,
2014/04/10,03,4,,,1,2,,
2014/04/10,04,4,,,1,3,,
2014/04/10,05,4,,,1,2,,
2014/04/10,06,4,,,1,2,,
2014/04/10,07,4,,,1,2,,
2014/04/10,08,4,,,1,2,,
2014/04/10,09,11,,,1,10,,
2014/04/10,10,21,,,1,20,,
2014/04/10,11,38,,,1,36,,
2014/04/10,12,38,,,1,36,,
2014/04/10,13,39,,,1,37,,
2014/04/10,14,39,,,1,36,,
2014/04/10,15,38,,,1,36,,
2014/04/10,16,38,,,1,36,,
2014/04/10,17,37,,,1,35,,
2014/04/10,18,38,,,1,36,,
2014/04/10,19,41,,,1,39,,
2014/04/10,20,41,,,1,39,,
2014/04/10,21,41,,,1,39,,
2014/04/10,22,41,,,1,39,,
2014/04/10,23,41,,,1,39,,
2014/04/10,24,40,,,1,38,,
2014/04/11,01,16,,,1,14,,
2014/04/11,02,5,,,1,4,,
2014/04/11,03,4,,,1,3,,
2014/04/11,04,4,,,1,3,,
2014/04/11,05,4,,,1,2,,
2014/04/11,06,4,,,1,3,,
2014/04/11,07,4,,,1,2,,
2014/04/11,08,4,,,1,3,,
2014/04/11,09,12,,,1,10,,
2014/04/11,10,32,,,5,26,,
2014/04/11,11,40,,,2,36,,
2014/04/11,12,42,,,4,36,,
2014/04/11,13,41,,,3,36,,
2014/04/11,14,38,,,1,36,,
2014/04/11,15,38,,,1,36,,
2014/04/11,16,37,,,1,35,,
2014/04/11,17,37,,,1,35,,
2014/04/11,18,37,,,1,35,,
2014/04/11,19,41,,,1,39,,
2014/04/11,20,42,,,1,40,,
2014/04/11,21,42,,,1,40,,
2014/04/11,22,42,,,1,40,,
2014/04/11,23,42,,,1,39,,
2014/04/11,24,41,,,1,38,,
2014/04/12,01,21,,,1,19,,
2014/04/12,02,4,,,1,3,,
2014/04/12,03,4,,,1,2,,
2014/04/12,04,4,,,1,3,,
2014/04/12,05,4,,,1,3,,
2014/04/12,06,4,,,1,2,,
2014/04/12,07,4,,,1,3,,
2014/04/12,08,4,,,1,2,,
2014/04/12,09,8,,,1,7,,
2014/04/12,10,22,,,1,21,,
2014/04/12,11,38,,,1,36,,
2014/04/12,12,37,,,1,35,,
2014/04/12,13,37,,,1,35,,
2014/04/12,14,37,,,1,35,,
2014/04/12,15,37,,,1,35,,
2014/04/12,16,37,,,1,36,,
2014/04/12,17,38,,,1,36,,
2014/04/12,18,38,,,1,36,,
2014/04/12,19,41,,,1,39,,
2014/04/12,20,41,,,1,39,,
2014/04/12,21,42,,,1,40,,
2014/04/12,22,42,,,1,40,,
2014/04/12,23,41,,,1,39,,
2014/04/12,24,40,,,1,38,,
2014/04/13,01,15,,,1,13,,
2014/04/13,02,4,,,1,3,,
2014/04/13,03,4,,,1,2,,
2014/04/13,04,4,,,1,3,,
2014/04/13,05,4,,,1,2,,
2014/04/13,06,4,,,1,2,,
2014/04/13,07,4,,,1,2,,
2014/04/13,08,4,,,1,2,,
2014/04/13,09,7,,,1,5,,
2014/04/13,10,20,,,1,18,,
2014/04/13,11,38,,,1,36,,
2014/04/13,12,37,,,1,35,,
2014/04/13,13,37,,,1,35,,
2014/04/13,14,38,,,1,36,,
2014/04/13,15,38,,,1,36,,
2014/04/13,16,37,,,1,35,,
2014/04/13,17,37,,,1,35,,
2014/04/13,18,38,,,1,36,,
2014/04/13,19,41,,,1,39,,
2014/04/13,20,40,,,1,38,,
2014/04/13,21,41,,,1,38,,
2014/04/13,22,40,,,1,38,,
2014/04/13,23,41,,,1,38,,
2014/04/13,24,40,,,1,38,,
2014/04/14,01,21,,,1,19,,
2014/04/14,02,13,,,1,11,,
2014/04/14,03,4,,,1,3,,
2014/04/14,04,4,,,1,2,,
2014/04/14,05,4,,,1,3,,
2014/04/14,06,4,,,1,2,,
2014/04/14,07,4,,,1,2,,
2014/04/14,08,4,,,1,2,,
2014/04/14,09,7,,,1,6,,
2014/04/14,10,16,,,1,14,,
2014/04/14,11,39,,,1,37,,
2014/04/14,12,39,,,1,37,,
2014/04/14,13,40,,,1,38,,
2014/04/14,14,39,,,1,37,,
2014/04/14,15,38,,,1,36,,
2014/04/14,16,38,,,1,36,,
2014/04/14,17,38,,,1,36,,
2014/04/14,18,38,,,1,36,,
2014/04/14,19,41,,,1,39,,
2014/04/14,20,41,,,1,39,,
2014/04/14,21,41,,,1,39,,
2014/04/14,22,40,,,1,38,,
2014/04/14,23,40,,,1,38,,
2014/04/14,24,39,,,1,38,,
2014/04/15,01,15,,,1,13,,
2014/04/15,02,4,,,1,3,,
2014/04/15,03,4,,,1,2,,
2014/04/15,04,4,,,1,2,,
2014/04/15,05,4,,,1,2,,
2014/04/15,06,4,,,1,2,,
2014/04/15,07,3,,,1,2,,
2014/04/15,08,3,,,1,2,,
2014/04/15,09,13,,,1,11,,
2014/04/15,10,19,,,1,18,,
2014/04/15,11,37,,,1,35,,
2014/04/15,12,37,,,1,35,,
2014/04/15,13,38,,,1,36,,
2014/04/15,14,38,,,1,36,,
2014/04/15,15,37,,,1,35,,
2014/04/15,16,37,,,1,35,,
2014/04/15,17,37,,,1,35,,
2014/04/15,18,40,,,1,38,,
2014/04/15,19,41,,,1,39,,
2014/04/15,20,40,,,1,38,,
2014/04/15,21,40,,,1,38,,
2014/04/15,22,40,,,1,38,,
2014/04/15,23,40,,,1,38,,
2014/04/15,24,40,,,1,38,,
2014/04/16,01,20,,,1,18,,
2014/04/16,02,13,,,1,12,,
2014/04/16,03,4,,,1,2,,
2014/04/16,04,4,,,1,2,,
2014/04/16,05,4,,,1,2,,
2014/04/16,06,4,,,1,2,,
2014/04/16,07,4,,,1,2,,
2014/04/16,08,3,,,1,2,,
2014/04/16,09,18,,,1,17,,
2014/04/16,10,21,,,1,19,,
2014/04/16,11,37,,,1,35,,
2014/04/16,12,38,,,1,36,,
2014/04/16,13,38,,,1,35,,
2014/04/16,14,38,,,1,36,,
2014/04/16,15,37,,,1,35,,
2014/04/16,16,38,,,1,36,,
2014/04/16,17,37,,,1,35,,
2014/04/16,18,38,,,1,36,,
2014/04/16,19,41,,,1,39,,
2014/04/16,20,41,,,1,39,,
2014/04/16,21,41,,,1,39,,
2014/04/16,22,41,,,1,39,,
2014/04/16,23,41,,,1,39,,
2014/04/16,24,40,,,1,39,,
2014/04/17,01,14,,,1,13,,
2014/04/17,02,4,,,1,3,,
2014/04/17,03,4,,,1,3,,
2014/04/17,04,4,,,1,3,,
2014/04/17,05,4,,,1,3,,
2014/04/17,06,4,,,1,2,,
2014/04/17,07,4,,,1,2,,
2014/04/17,08,4,,,1,3,,
2014/04/17,09,11,,,1,10,,
2014/04/17,10,19,,,1,17,,
2014/04/17,11,38,,,1,35,,
2014/04/17,12,38,,,1,36,,
2014/04/17,13,38,,,1,36,,
2014/04/17,14,38,,,1,36,,
2014/04/17,15,37,,,1,35,,
2014/04/17,16,37,,,1,35,,
2014/04/17,17,37,,,1,35,,
2014/04/17,18,38,,,1,36,,
2014/04/17,19,41,,,1,38,,
2014/04/17,20,41,,,1,39,,
2014/04/17,21,42,,,1,40,,
2014/04/17,22,42,,,1,40,,
2014/04/17,23,41,,,1,39,,
2014/04/17,24,40,,,1,38,,
2014/04/18,01,20,,,1,18,,
2014/04/18,02,4,,,1,3,,
2014/04/18,03,4,,,1,2,,
2014/04/18,04,4,,,1,3,,
2014/04/18,05,4,,,1,2,,
2014/04/18,06,4,,,1,2,,
2014/04/18,07,4,,,1,2,,
2014/04/18,08,4,,,1,2,,
2014/04/18,09,11,,,1,9,,
2014/04/18,10,21,,,1,19,,
2014/04/18,11,37,,,1,35,,
2014/04/18,12,38,,,1,36,,
2014/04/18,13,37,,,1,35,,
2014/04/18,14,37,,,1,35,,
2014/04/18,15,38,,,1,36,,
2014/04/18,16,38,,,1,36,,
2014/04/18,17,38,,,1,36,,
2014/04/18,18,39,,,1,37,,
2014/04/18,19,42,,,1,40,,
2014/04/18,20,42,,,1,40,,
2014/04/18,21,41,,,1,39,,
2014/04/18,22,41,,,1,39,,
2014/04/18,23,42,,,1,40,,
2014/04/18,24,41,,,1,39,,
2014/04/19,01,19,,,1,17,,
2014/04/19,02,4,,,1,2,,
2014/04/19,03,4,,,1,2,,
2014/04/19,04,4,,,1,2,,
2014/04/19,05,4,,,1,2,,
2014/04/19,06,4,,,1,2,,
2014/04/19,07,3,,,1,2,,
2014/04/19,08,4,,,1,2,,
2014/04/19,09,6,,,1,5,,
2014/04/19,10,19,,,1,18,,
2014/04/19,11,37,,,1,35,,
2014/04/19,12,38,,,1,36,,
2014/04/19,13,37,,,1,35,,
2014/04/19,14,38,,,1,36,,
2014/04/19,15,37,,,1,35,,
2014/04/19,16,37,,,1,35,,
2014/04/19,17,37,,,1,35,,
2014/04/19,18,37,,,1,35,,
2014/04/19,19,41,,,1,39,,
2014/04/19,20,41,,,1,39,,
2014/04/19,21,42,,,1,40,,
2014/04/19,22,42,,,1,40,,
2014/04/19,23,42,,,1,39,,
2014/04/19,24,40,,,1,38,,
2014/04/20,01,16,,,1,15,,
2014/04/20,02,5,,,1,4,,
2014/04/20,03,4,,,1,3,,
2014/04/20,04,4,,,1,2,,
2014/04/20,05,4,,,1,3,,
2014/04/20,06,4,,,1,2,,
2014/04/20,07,4,,,1,2,,
2014/04/20,08,4,,,1,2,,
2014/04/20,09,4,,,1,3,,
2014/04/20,10,16,,,1,15,,
2014/04/20,11,39,,,1,36,,
2014/04/20,12,38,,,1,36,,
2014/04/20,13,38,,,1,35,,
2014/04/20,14,37,,,1,35,,
2014/04/20,15,37,,,1,35,,
2014/04/20,16,38,,,1,36,,
2014/04/20,17,37,,,1,35,,
2014/04/20,18,38,,,1,37,,
2014/04/20,19,41,,,1,39,,
2014/04/20,20,41,,,1,39,,
2014/04/20,21,41,,,1,39,,
2014/04/20,22,41,,,1,39,,
2014/04/20,23,40,,,1,39,,
2014/04/20,24,40,,,1,38,,
2014/04/21,01,20,,,1,18,,
2014/04/21,02,6,,,1,5,,
2014/04/21,03,4,,,1,2,,
2014/04/21,04,4,,,1,2,,
2014/04/21,05,4,,,1,2,,
2014/04/21,06,4,,,1,2,,
2014/04/21,07,3,,,1,2,,
2014/04/21,08,3,,,1,2,,
2014/04/21,09,5,,,1,4,,
2014/04/21,10,15,,,1,13,,
2014/04/21,11,38,,,1,36,,
2014/04/21,12,38,,,1,36,,
2014/04/21,13,37,,,1,35,,
2014/04/21,14,37,,,1,35,,
2014/04/21,15,37,,,1,35,,
2014/04/21,16,36,,,1,35,,
2014/04/21,17,36,,,1,34,,
2014/04/21,18,36,,,1,35,,
2014/04/21,19,41,,,1,39,,
2014/04/21,20,41,,,1,40,,
2014/04/21,21,41,,,1,39,,
2014/04/21,22,41,,,1,39,,
2014/04/21,23,40,,,1,39,,
2014/04/21,24,39,,,1,38,,
2014/04/22,01,12,,,1,11,,
2014/04/22,02,4,,,1,2,,
2014/04/22,03,4,,,1,3,,
2014/04/22,04,4,,,1,2,,
2014/04/22,05,4,,,1,3,,
2014/04/22,06,4,,,1,2,,
2014/04/22,07,3,,,1,2,,
2014/04/22,08,3,,,1,2,,
2014/04/22,09,13,,,1,11,,
2014/04/22,10,19,,,1,17,,
2014/04/22,11,38,,,1,36,,
2014/04/22,12,37,,,1,35,,
2014/04/22,13,38,,,1,36,,
2014/04/22,14,37,,,1,35,,
2014/04/22,15,37,,,1,35,,
2014/04/22,16,37,,,1,35,,
2014/04/22,17,38,,,1,36,,
2014/04/22,18,38,,,1,36,,
2014/04/22,19,37,,,1,36,,
2014/04/22,20,38,,,1,36,,
2014/04/22,21,38,,,1,36,,
2014/04/22,22,37,,,1,35,,
2014/04/22,23,37,,,1,35,,
2014/04/22,24,36,,,1,34,,
2014/04/23,01,19,,,1,18,,
2014/04/23,02,19,,,1,18,,
2014/04/23,03,19,,,1,18,,
2014/04/23,04,19,,,1,18,,
2014/04/23,05,6,,,1,5,,
2014/04/23,06,4,,,1,2,,
2014/04/23,07,3,,,1,2,,
2014/04/23,08,3,,,1,2,,
2014/04/23,09,17,,,1,16,,
2014/04/23,10,20,,,1,19,,
2014/04/23,11,37,,,1,35,,
2014/04/23,12,37,,,1,35,,
2014/04/23,13,37,,,1,35,,
2014/04/23,14,37,,,1,35,,
2014/04/23,15,36,,,1,34,,
2014/04/23,16,37,,,1,35,,
2014/04/23,17,36,,,1,34,,
2014/04/23,18,37,,,1,35,,
2014/04/23,19,41,,,1,39,,
2014/04/23,20,40,,,1,38,,
2014/04/23,21,41,,,1,39,,
2014/04/23,22,41,,,1,39,,
2014/04/23,23,41,,,1,39,,
2014/04/23,24,39,,,1,38,,
2014/04/24,01,9,,,1,8,,
2014/04/24,02,4,,,1,2,,
2014/04/24,03,4,,,1,2,,
2014/04/24,04,4,,,1,2,,
2014/04/24,05,4,,,1,2,,
2014/04/24,06,4,,,1,2,,
2014/04/24,07,4,,,1,2,,
2014/04/24,08,3,,,1,2,,
2014/04/24,09,9,,,1,8,,
2014/04/24,10,16,,,1,15,,
2014/04/24,11,37,,,1,35,,
2014/04/24,12,37,,,1,35,,
2014/04/24,13,37,,,1,35,,
2014/04/24,14,37,,,1,35,,
2014/04/24,15,36,,,1,35,,
2014/04/24,16,36,,,1,35,,
2014/04/24,17,36,,,1,34,,
2014/04/24,18,37,,,1,35,,
2014/04/24,19,41,,,2,39,,
2014/04/24,20,42,,,2,39,,
2014/04/24,21,41,,,2,39,,
2014/04/24,22,42,,,2,39,,
2014/04/24,23,42,,,2,39,,
2014/04/24,24,41,,,2,38,,
2014/04/25,01,19,,,1,18,,
2014/04/25,02,7,,,1,5,,
2014/04/25,03,4,,,1,3,,
2014/04/25,04,4,,,1,2,,
2014/04/25,05,4,,,1,2,,
2014/04/25,06,4,,,1,2,,
2014/04/25,07,3,,,1,2,,
2014/04/25,08,3,,,1,2,,
2014/04/25,09,9,,,1,8,,
2014/04/25,10,23,,,1,21,,
2014/04/25,11,37,,,1,35,,
2014/04/25,12,37,,,1,36,,
2014/04/25,13,37,,,2,35,,
2014/04/25,14,37,,,2,35,,
2014/04/25,15,37,,,2,35,,
2014/04/25,16,38,,,2,35,,
2014/04/25,17,37,,,2,35,,
2014/04/25,18,37,,,2,35,,
2014/04/25,19,41,,,2,39,,
2014/04/25,20,41,,,2,38,,
2014/04/25,21,41,,,2,39,,
2014/04/25,22,41,,,2,39,,
2014/04/25,23,41,,,2,39,,
2014/04/25,24,41,,,2,39,,
2014/04/26,01,25,,,1,23,,
2014/04/26,02,5,,,1,3,,
2014/04/26,03,4,,,1,2,,
2014/04/26,04,4,,,1,2,,
2014/04/26,05,4,,,1,2,,
2014/04/26,06,3,,,1,2,,
2014/04/26,07,3,,,1,2,,
2014/04/26,08,3,,,1,2,,
2014/04/26,09,10,,,1,9,,
2014/04/26,10,23,,,1,22,,
2014/04/26,11,36,,,1,34,,
2014/04/26,12,36,,,1,35,,
2014/04/26,13,36,,,1,35,,
2014/04/26,14,43,,,7,35,,
2014/04/26,15,59,,,23,35,,
2014/04/26,16,60,,,24,36,,
2014/04/26,17,58,,,22,35,,
2014/04/26,18,56,,,20,35,,
2014/04/26,19,59,,,18,40,,
2014/04/26,20,58,,,17,40,,
2014/04/26,21,56,,,15,40,,
2014/04/26,22,54,,,13,41,,
2014/04/26,23,53,,,12,40,,
2014/04/26,24,53,,,12,39,,
2014/04/27,01,26,,,6,20,,
2014/04/27,02,9,,,1,8,,
2014/04/27,03,3,,,1,2,,
2014/04/27,04,4,,,1,2,,
2014/04/27,05,4,,,1,2,,
2014/04/27,06,4,,,1,2,,
2014/04/27,07,3,,,1,2,,
2014/04/27,08,3,,,1,2,,
2014/04/27,09,4,,,1,2,,
2014/04/27,10,14,,,1,13,,
2014/04/27,11,37,,,1,35,,
2014/04/27,12,37,,,1,36,,
2014/04/27,13,37,,,2,35,,
2014/04/27,14,37,,,2,35,,
2014/04/27,15,38,,,2,36,,
2014/04/27,16,37,,,2,35,,
2014/04/27,17,37,,,2,35,,
2014/04/27,18,38,,,2,36,,
2014/04/27,19,42,,,2,40,,
2014/04/27,20,42,,,2,40,,
2014/04/27,21,42,,,2,40,,
2014/04/27,22,42,,,2,40,,
2014/04/27,23,42,,,2,40,,
2014/04/27,24,41,,,2,38,,
2014/04/28,01,16,,,1,14,,
2014/04/28,02,7,,,1,6,,
2014/04/28,03,4,,,1,2,,
2014/04/28,04,4,,,1,2,,
2014/04/28,05,4,,,1,2,,
2014/04/28,06,4,,,1,2,,
2014/04/28,07,3,,,1,2,,
2014/04/28,08,4,,,1,2,,
2014/04/28,09,15,,,1,14,,
2014/04/28,10,17,,,1,16,,
2014/04/28,11,38,,,2,36,,
2014/04/28,12,38,,,2,35,,
2014/04/28,13,38,,,2,36,,
2014/04/28,14,38,,,2,35,,
2014/04/28,15,38,,,2,35,,
2014/04/28,16,37,,,2,35,,
2014/04/28,17,38,,,1,36,,
2014/04/28,18,41,,,1,39,,
2014/04/28,19,41,,,1,40,,
2014/04/28,20,41,,,1,40,,
2014/04/28,21,41,,,1,40,,
2014/04/28,22,41,,,1,39,,
2014/04/28,23,40,,,1,39,,
2014/04/28,24,40,,,1,38,,
2014/04/29,01,14,,,1,13,,
2014/04/29,02,4,,,1,3,,
2014/04/29,03,4,,,1,2,,
2014/04/29,04,4,,,1,3,,
2014/04/29,05,4,,,1,2,,
2014/04/29,06,4,,,1,2,,
2014/04/29,07,4,,,1,2,,
2014/04/29,08,4,,,1,2,,
2014/04/29,09,12,,,1,11,,
2014/04/29,10,18,,,1,16,,
2014/04/29,11,38,,,1,36,,
2014/04/29,12,37,,,1,36,,
2014/04/29,13,38,,,1,36,,
2014/04/29,14,38,,,1,36,,
2014/04/29,15,39,,,2,36,,
2014/04/29,16,39,,,2,36,,
2014/04/29,17,38,,,2,36,,
2014/04/29,18,39,,,2,36,,
2014/04/29,19,40,,,2,38,,
2014/04/29,20,41,,,2,39,,
2014/04/29,21,42,,,1,39,,
2014/04/29,22,41,,,1,39,,
2014/04/29,23,41,,,1,39,,
2014/04/29,24,40,,,1,38,,
2014/04/30,01,12,,,1,10,,
2014/04/30,02,3,,,1,2,,
2014/04/30,03,4,,,1,2,,
2014/04/30,04,3,,,1,2,,
2014/04/30,05,4,,,1,2,,
2014/04/30,06,3,,,1,2,,
2014/04/30,07,3,,,1,2,,
2014/04/30,08,3,,,1,2,,
2014/04/30,09,8,,,1,7,,
2014/04/30,10,18,,,1,17,,
2014/04/30,11,37,,,1,35,,
2014/04/30,12,37,,,1,35,,
2014/04/30,13,37,,,1,36,,
2014/04/30,14,37,,,1,35,,
2014/04/30,15,37,,,2,35,,
2014/04/30,16,38,,,2,35,,
2014/04/30,17,37,,,2,35,,
2014/04/30,18,39,,,2,36,,
2014/04/30,19,41,,,2,39,,
2014/04/30,20,41,,,2,39,,
2014/04/30,21,41,,,2,39,,
2014/04/30,22,42,,,2,39,,
2014/04/30,23,42,,,2,39,,
2014/04/30,24,40,,,1,38,,
2014/05/01,01,16,,,1,14,,
2014/05/01,02,4,,,1,2,,
2014/05/01,03,4,,,1,2,,
2014/05/01,04,4,,,1,2,,
2014/05/01,05,4,,,1,2,,
2014/05/01,06,3,,,1,2,,
2014/05/01,07,3,,,1,2,,
2014/05/01,08,4,,,1,2,,
2014/05/01,09,13,,,1,12,,
2014/05/01,10,22,,,1,20,,
2014/05/01,11,37,,,1,35,,
2014/05/01,12,37,,,1,35,,
2014/05/01,13,37,,,1,35,,
2014/05/01,14,37,,,1,35,,
2014/05/01,15,37,,,1,35,,
2014/05/01,16,47,,,11,35,,
2014/05/01,17,49,,,13,35,,
2014/05/01,18,37,,,1,36,,
2014/05/01,19,39,,,1,38,,
2014/05/01,20,42,,,2,39,,
2014/05/01,21,42,,,2,39,,
2014/05/01,22,42,,,2,39,,
2014/05/01,23,41,,,2,39,,
2014/05/01,24,41,,,2,39,,
2014/05/02,01,15,,,1,14,,
2014/05/02,02,4,,,1,2,,
2014/05/02,03,3,,,1,2,,
2014/05/02,04,4,,,1,2,,
2014/05/02,05,4,,,1,2,,
2014/05/02,06,4,,,1,2,,
2014/05/02,07,3,,,1,2,,
2014/05/02,08,3,,,1,2,,
2014/05/02,09,10,,,1,8,,
2014/05/02,10,22,,,1,20,,
2014/05/02,11,38,,,2,36,,
2014/05/02,12,39,,,2,36,,
2014/05/02,13,38,,,2,35,,
2014/05/02,14,38,,,2,36,,
2014/05/02,15,38,,,2,35,,
2014/05/02,16,38,,,2,36,,
2014/05/02,17,38,,,2,36,,
2014/05/02,18,39,,,2,36,,
2014/05/02,19,41,,,2,39,,
2014/05/02,20,42,,,2,39,,
2014/05/02,21,42,,,2,39,,
2014/05/02,22,42,,,2,39,,
2014/05/02,23,42,,,2,40,,
2014/05/02,24,41,,,1,39,,
2014/05/03,01,18,,,1,17,,
2014/05/03,02,4,,,1,3,,
2014/05/03,03,4,,,1,3,,
2014/05/03,04,4,,,1,2,,
2014/05/03,05,4,,,1,3,,
2014/05/03,06,4,,,1,3,,
2014/05/03,07,4,,,1,3,,
2014/05/03,08,4,,,1,2,,
2014/05/03,09,6,,,1,5,,
2014/05/03,10,23,,,1,21,,
2014/05/03,11,37,,,1,35,,
2014/05/03,12,36,,,1,35,,
2014/05/03,13,37,,,1,35,,
2014/05/03,14,37,,,2,35,,
2014/05/03,15,37,,,2,35,,
2014/05/03,16,37,,,2,35,,
2014/05/03,17,37,,,2,35,,
2014/05/03,18,39,,,2,37,,
2014/05/03,19,42,,,2,40,,
2014/05/03,20,42,,,2,39,,
2014/05/03,21,42,,,2,40,,
2014/05/03,22,42,,,2,40,,
2014/05/03,23,42,,,2,39,,
2014/05/03,24,41,,,2,38,,
2014/05/04,01,21,,,2,19,,
2014/05/04,02,6,,,1,5,,
2014/05/04,03,4,,,1,2,,
2014/05/04,04,4,,,1,2,,
2014/05/04,05,4,,,1,2,,
2014/05/04,06,4,,,1,2,,
2014/05/04,07,4,,,1,2,,
2014/05/04,08,3,,,1,2,,
2014/05/04,09,5,,,1,4,,
2014/05/04,10,16,,,1,14,,
2014/05/04,11,38,,,1,36,,
2014/05/04,12,37,,,1,35,,
2014/05/04,13,37,,,1,36,,
2014/05/04,14,38,,,1,36,,
2014/05/04,15,38,,,1,36,,
2014/05/04,16,38,,,1,36,,
2014/05/04,17,38,,,2,36,,
2014/05/04,18,39,,,2,36,,
2014/05/04,19,40,,,2,38,,
2014/05/04,20,42,,,2,39,,
2014/05/04,21,42,,,2,40,,
2014/05/04,22,42,,,2,40,,
2014/05/04,23,42,,,2,40,,
2014/05/04,24,41,,,2,39,,
2014/05/05,01,20,,,1,18,,
2014/05/05,02,5,,,1,4,,
2014/05/05,03,3,,,1,2,,
2014/05/05,04,4,,,1,2,,
2014/05/05,05,3,,,1,2,,
2014/05/05,06,3,,,1,2,,
2014/05/05,07,3,,,1,2,,
2014/05/05,08,3,,,1,2,,
2014/05/05,09,5,,,1,3,,
2014/05/05,10,25,,,1,23,,
2014/05/05,11,37,,,1,35,,
2014/05/05,12,37,,,1,35,,
2014/05/05,13,37,,,1,35,,
2014/05/05,14,37,,,1,35,,
2014/05/05,15,37,,,1,35,,
2014/05/05,16,38,,,2,35,,
2014/05/05,17,38,,,2,35,,
2014/05/05,18,41,,,2,38,,
2014/05/05,19,41,,,2,39,,
2014/05/05,20,42,,,2,39,,
2014/05/05,21,42,,,2,40,,
2014/05/05,22,42,,,2,39,,
2014/05/05,23,42,,,2,39,,
2014/05/05,24,42,,,2,39,,
2014/05/06,01,15,,,1,13,,
2014/05/06,02,4,,,1,2,,
2014/05/06,03,4,,,1,2,,
2014/05/06,04,3,,,1,2,,
2014/05/06,05,4,,,1,2,,
2014/05/06,06,3,,,1,2,,
2014/05/06,07,3,,,1,2,,
2014/05/06,08,3,,,1,2,,
2014/05/06,09,8,,,1,6,,
2014/05/06,10,20,,,1,18,,
2014/05/06,11,37,,,1,35,,
2014/05/06,12,37,,,1,35,,
2014/05/06,13,37,,,1,35,,
2014/05/06,14,37,,,1,35,,
2014/05/06,15,37,,,1,35,,
2014/05/06,16,38,,,2,35,,
2014/05/06,17,38,,,2,35,,
2014/05/06,18,39,,,2,36,,
2014/05/06,19,42,,,2,39,,
2014/05/06,20,42,,,2,40,,
2014/05/06,21,42,,,2,39,,
2014/05/06,22,42,,,2,39,,
2014/05/06,23,42,,,2,39,,
2014/05/06,24,40,,,1,39,,
2014/05/07,01,14,,,1,12,,
2014/05/07,02,4,,,1,2,,
2014/05/07,03,4,,,1,2,,
2014/05/07,04,4,,,1,2,,
2014/05/07,05,4,,,1,2,,
2014/05/07,06,4,,,1,2,,
2014/05/07,07,4,,,1,2,,
2014/05/07,08,3,,,1,2,,
2014/05/07,09,10,,,1,8,,
2014/05/07,10,21,,,1,19,,
2014/05/07,11,38,,,1,36,,
2014/05/07,12,38,,,1,36,,
2014/05/07,13,37,,,1,36,,
2014/05/07,14,38,,,1,36,,
2014/05/07,15,38,,,1,36,,
2014/05/07,16,38,,,2,36,,
2014/05/07,17,38,,,2,36,,
2014/05/07,18,39,,,2,37,,
2014/05/07,19,42,,,2,39,,
2014/05/07,20,42,,,2,39,,
2014/05/07,21,42,,,2,39,,
2014/05/07,22,41,,,1,39,,
2014/05/07,23,40,,,1,39,,
2014/05/07,24,40,,,1,38,,
2014/05/08,01,12,,,1,11,,
2014/05/08,02,4,,,1,2,,
2014/05/08,03,4,,,1,2,,
2014/05/08,04,4,,,1,2,,
2014/05/08,05,4,,,1,2,,
2014/05/08,06,4,,,1,2,,
2014/05/08,07,3,,,1,2,,
2014/05/08,08,3,,,1,2,,
2014/05/08,09,7,,,1,5,,
2014/05/08,10,20,,,1,19,,
2014/05/08,11,37,,,1,36,,
2014/05/08,12,37,,,1,36,,
2014/05/08,13,37,,,1,35,,
2014/05/08,14,37,,,1,35,,
2014/05/08,15,37,,,1,35,,
2014/05/08,16,37,,,2,35,,
2014/05/08,17,37,,,2,35,,
2014/05/08,18,38,,,2,36,,
2014/05/08,19,40,,,2,38,,
2014/05/08,20,42,,,2,39,,
2014/05/08,21,42,,,2,40,,
2014/05/08,22,42,,,2,40,,
2014/05/08,23,42,,,2,40,,
2014/05/08,24,41,,,2,38,,
2014/05/09,01,20,,,2,18,,
2014/05/09,02,10,,,1,9,,
2014/05/09,03,10,,,1,9,,
2014/05/09,04,7,,,1,5,,
2014/05/09,05,4,,,1,2,,
2014/05/09,06,4,,,1,2,,
2014/05/09,07,4,,,1,2,,
2014/05/09,08,3,,,1,2,,
2014/05/09,09,8,,,1,6,,
2014/05/09,10,23,,,1,21,,
2014/05/09,11,39,,,2,36,,
2014/05/09,12,38,,,2,36,,
2014/05/09,13,38,,,2,35,,
2014/05/09,14,38,,,2,36,,
2014/05/09,15,38,,,2,36,,
2014/05/09,16,39,,,2,36,,
2014/05/09,17,38,,,2,35,,
2014/05/09,18,39,,,2,37,,
2014/05/09,19,42,,,2,39,,
2014/05/09,20,42,,,2,39,,
2014/05/09,21,42,,,2,39,,
2014/05/09,22,41,,,2,39,,
2014/05/09,23,42,,,2,39,,
2014/05/09,24,41,,,1,38,,
2014/05/10,01,14,,,1,13,,
2014/05/10,02,8,,,1,7,,
2014/05/10,03,8,,,1,7,,
2014/05/10,04,6,,,1,5,,
2014/05/10,05,3,,,1,2,,
2014/05/10,06,3,,,1,2,,
2014/05/10,07,3,,,1,2,,
2014/05/10,08,3,,,1,2,,
2014/05/10,09,8,,,1,6,,
2014/05/10,10,17,,,1,16,,
2014/05/10,11,37,,,1,35,,
2014/05/10,12,37,,,1,35,,
2014/05/10,13,36,,,1,35,,
2014/05/10,14,37,,,1,35,,
2014/05/10,15,37,,,1,35,,
2014/05/10,16,37,,,1,35,,
2014/05/10,17,37,,,1,35,,
2014/05/10,18,37,,,2,35,,
2014/05/10,19,39,,,2,37,,
2014/05/10,20,41,,,2,38,,
2014/05/10,21,41,,,2,39,,
2014/05/10,22,41,,,2,39,,
2014/05/10,23,42,,,2,40,,
2014/05/10,24,41,,,2,39,,
2014/05/11,01,19,,,1,18,,
2014/05/11,02,3,,,1,2,,
2014/05/11,03,4,,,1,2,,
2014/05/11,04,3,,,1,2,,
2014/05/11,05,4,,,1,2,,
2014/05/11,06,3,,,1,2,,
2014/05/11,07,4,,,1,2,,
2014/05/11,08,3,,,1,2,,
2014/05/11,09,4,,,1,2,,
2014/05/11,10,10,,,1,9,,
2014/05/11,11,38,,,2,35,,
2014/05/11,12,37,,,2,35,,
2014/05/11,13,37,,,2,35,,
2014/05/11,14,37,,,2,35,,
2014/05/11,15,37,,,2,35,,
2014/05/11,16,37,,,2,35,,
2014/05/11,17,36,,,2,34,,
2014/05/11,18,37,,,2,35,,
2014/05/11,19,38,,,2,36,,
2014/05/11,20,41,,,2,39,,
2014/05/11,21,42,,,2,39,,
2014/05/11,22,42,,,2,39,,
2014/05/11,23,41,,,2,39,,
2014/05/11,24,41,,,2,39,,
2014/05/12,01,18,,,1,16,,
2014/05/12,02,4,,,1,2,,
2014/05/12,03,4,,,1,2,,
2014/05/12,04,3,,,1,2,,
2014/05/12,05,4,,,1,2,,
2014/05/12,06,4,,,1,2,,
2014/05/12,07,3,,,1,2,,
2014/05/12,08,3,,,1,2,,
2014/05/12,09,5,,,1,4,,
2014/05/12,10,24,,,1,22,,
2014/05/12,11,37,,,2,35,,
2014/05/12,12,37,,,2,35,,
2014/05/12,13,37,,,2,35,,
2014/05/12,14,54,,,18,35,,
2014/05/12,15,50,,,14,35,,
2014/05/12,16,51,,,15,36,,
2014/05/12,17,52,,,16,36,,
2014/05/12,18,54,,,15,39,,
2014/05/12,19,53,,,12,40,,
2014/05/12,20,53,,,13,40,,
2014/05/12,21,52,,,12,40,,
2014/05/12,22,49,,,9,39,,
2014/05/12,23,42,,,2,39,,
2014/05/12,24,40,,,1,38,,
2014/05/13,01,12,,,1,10,,
2014/05/13,02,3,,,1,2,,
2014/05/13,03,3,,,1,2,,
2014/05/13,04,3,,,1,2,,
2014/05/13,05,4,,,1,2,,
2014/05/13,06,3,,,1,2,,
2014/05/13,07,3,,,1,2,,
2014/05/13,08,3,,,1,2,,
2014/05/13,09,9,,,1,7,,
2014/05/13,10,18,,,1,16,,
2014/05/13,11,37,,,1,36,,
2014/05/13,12,37,,,1,36,,
2014/05/13,13,38,,,1,36,,
2014/05/13,14,38,,,1,36,,
2014/05/13,15,38,,,1,36,,
2014/05/13,16,39,,,2,37,,
2014/05/13,17,39,,,2,36,,
2014/05/13,18,39,,,2,36,,
2014/05/13,19,40,,,2,37,,
2014/05/13,20,41,,,2,39,,
2014/05/13,21,42,,,2,39,,
2014/05/13,22,42,,,2,39,,
2014/05/13,23,42,,,2,39,,
2014/05/13,24,41,,,2,38,,
2014/05/14,01,10,,,1,9,,
2014/05/14,02,4,,,1,2,,
2014/05/14,03,4,,,1,2,,
2014/05/14,04,3,,,1,2,,
2014/05/14,05,4,,,1,2,,
2014/05/14,06,3,,,1,2,,
2014/05/14,07,3,,,1,2,,
2014/05/14,08,4,,,1,2,,
2014/05/14,09,16,,,1,15,,
2014/05/14,10,20,,,1,19,,
2014/05/14,11,39,,,1,37,,
2014/05/14,12,38,,,1,37,,
2014/05/14,13,38,,,1,36,,
2014/05/14,14,39,,,2,36,,
2014/05/14,15,39,,,2,36,,
2014/05/14,16,39,,,2,37,,
2014/05/14,17,39,,,2,36,,
2014/05/14,18,39,,,2,36,,
2014/05/14,19,40,,,2,38,,
2014/05/14,20,42,,,2,39,,
2014/05/14,21,41,,,2,39,,
2014/05/14,22,42,,,2,40,,
2014/05/14,23,41,,,2,39,,
2014/05/14,24,40,,,1,38,,
2014/05/15,01,11,,,1,10,,
2014/05/15,02,4,,,1,2,,
2014/05/15,03,4,,,1,2,,
2014/05/15,04,4,,,1,2,,
2014/05/15,05,4,,,1,2,,
2014/05/15,06,3,,,1,2,,
2014/05/15,07,4,,,1,2,,
2014/05/15,08,4,,,1,2,,
2014/05/15,09,9,,,1,8,,
2014/05/15,10,18,,,1,16,,
2014/05/15,11,38,,,1,37,,
2014/05/15,12,38,,,1,37,,
2014/05/15,13,38,,,1,36,,
2014/05/15,14,39,,,1,37,,
2014/05/15,15,38,,,2,36,,
2014/05/15,16,39,,,2,36,,
2014/05/15,17,39,,,2,37,,
2014/05/15,18,40,,,2,37,,
2014/05/15,19,39,,,2,37,,
2014/05/15,20,39,,,2,37,,
2014/05/15,21,39,,,2,37,,
2014/05/15,22,39,,,2,37,,
2014/05/15,23,39,,,2,37,,
2014/05/15,24,38,,,2,36,,
2014/05/16,01,20,,,2,18,,
2014/05/16,02,11,,,1,9,,
2014/05/16,03,4,,,1,3,,
2014/05/16,04,4,,,1,3,,
2014/05/16,05,4,,,1,3,,
2014/05/16,06,4,,,1,2,,
2014/05/16,07,3,,,1,2,,
2014/05/16,08,3,,,1,2,,
2014/05/16,09,8,,,1,6,,
2014/05/16,10,19,,,1,18,,
2014/05/16,11,37,,,1,35,,
2014/05/16,12,41,,,5,36,,
2014/05/16,13,44,,,8,36,,
2014/05/16,14,45,,,8,36,,
2014/05/16,15,44,,,7,36,,
2014/05/16,16,45,,,8,36,,
2014/05/16,17,43,,,7,36,,
2014/05/16,18,48,,,8,39,,
2014/05/16,19,48,,,6,40,,
2014/05/16,20,48,,,7,40,,
2014/05/16,21,47,,,6,40,,
2014/05/16,22,47,,,7,40,,
2014/05/16,23,46,,,6,39,,
2014/05/16,24,45,,,6,39,,
2014/05/17,01,20,,,2,17,,
2014/05/17,02,4,,,1,3,,
2014/05/17,03,4,,,1,3,,
2014/05/17,04,4,,,1,3,,
2014/05/17,05,4,,,1,2,,
2014/05/17,06,4,,,1,2,,
2014/05/17,07,3,,,1,2,,
2014/05/17,08,3,,,1,2,,
2014/05/17,09,6,,,1,4,,
2014/05/17,10,16,,,1,15,,
2014/05/17,11,37,,,1,35,,
2014/05/17,12,37,,,1,35,,
2014/05/17,13,37,,,1,35,,
2014/05/17,14,37,,,1,35,,
2014/05/17,15,37,,,1,35,,
2014/05/17,16,37,,,1,35,,
2014/05/17,17,37,,,1,35,,
2014/05/17,18,39,,,1,37,,
2014/05/17,19,42,,,1,40,,
2014/05/17,20,41,,,1,40,,
2014/05/17,21,42,,,1,40,,
2014/05/17,22,41,,,1,40,,
2014/05/17,23,41,,,1,39,,
2014/05/17,24,40,,,1,38,,
2014/05/18,01,20,,,1,19,,
2014/05/18,02,3,,,1,2,,
2014/05/18,03,3,,,1,2,,
2014/05/18,04,3,,,1,2,,
2014/05/18,05,4,,,1,2,,
2014/05/18,06,3,,,1,2,,
2014/05/18,07,3,,,1,2,,
2014/05/18,08,3,,,1,2,,
2014/05/18,09,4,,,1,3,,
2014/05/18,10,9,,,1,8,,
2014/05/18,11,37,,,1,35,,
2014/05/18,12,37,,,1,36,,
2014/05/18,13,37,,,1,35,,
2014/05/18,14,37,,,1,35,,
2014/05/18,15,37,,,1,35,,
2014/05/18,16,37,,,1,35,,
2014/05/18,17,36,,,1,35,,
2014/05/18,18,38,,,1,36,,
2014/05/18,19,40,,,1,38,,
2014/05/18,20,40,,,1,39,,
2014/05/18,21,40,,,1,39,,
2014/05/18,22,40,,,1,38,,
2014/05/18,23,41,,,1,39,,
2014/05/18,24,40,,,1,38,,
2014/05/19,01,19,,,1,18,,
2014/05/19,02,8,,,1,6,,
2014/05/19,03,8,,,1,6,,
2014/05/19,04,7,,,1,6,,
2014/05/19,05,4,,,1,2,,
2014/05/19,06,3,,,1,2,,
2014/05/19,07,3,,,1,2,,
2014/05/19,08,3,,,1,2,,
2014/05/19,09,5,,,1,4,,
2014/05/19,10,16,,,1,14,,
2014/05/19,11,37,,,1,35,,
2014/05/19,12,47,,,10,37,,
2014/05/19,13,47,,,10,36,,
2014/05/19,14,48,,,12,36,,
2014/05/19,15,51,,,14,36,,
2014/05/19,16,50,,,13,36,,
2014/05/19,17,51,,,14,36,,
2014/05/19,18,53,,,16,36,,
2014/05/19,19,50,,,12,38,,
2014/05/19,20,50,,,10,40,,
2014/05/19,21,47,,,7,40,,
2014/05/19,22,45,,,5,40,,
2014/05/19,23,45,,,4,40,,
2014/05/19,24,43,,,4,39,,
2014/05/20,01,15,,,1,14,,
2014/05/20,02,4,,,1,2,,
2014/05/20,03,4,,,1,2,,
2014/05/20,04,4,,,1,2,,
2014/05/20,05,4,,,1,2,,
2014/05/20,06,4,,,1,2,,
2014/05/20,07,3,,,1,2,,
2014/05/20,08,3,,,1,2,,
2014/05/20,09,11,,,1,10,,
2014/05/20,10,20,,,1,18,,
2014/05/20,11,37,,,1,35,,
2014/05/20,12,37,,,1,36,,
2014/05/20,13,37,,,1,35,,
2014/05/20,14,36,,,1,35,,
2014/05/20,15,43,,,7,36,,
2014/05/20,16,39,,,3,36,,
2014/05/20,17,39,,,2,37,,
2014/05/20,18,42,,,2,40,,
2014/05/20,19,42,,,2,39,,
2014/05/20,20,41,,,2,39,,
2014/05/20,21,42,,,2,39,,
2014/05/20,22,41,,,2,39,,
2014/05/20,23,41,,,2,39,,
2014/05/20,24,41,,,2,38,,
2014/05/21,01,19,,,1,18,,
2014/05/21,02,10,,,1,9,,
2014/05/21,03,4,,,1,2,,
2014/05/21,04,4,,,1,2,,
2014/05/21,05,4,,,1,2,,
2014/05/21,06,4,,,1,2,,
2014/05/21,07,3,,,1,2,,
2014/05/21,08,3,,,1,2,,
2014/05/21,09,17,,,1,16,,
2014/05/21,10,20,,,1,19,,
2014/05/21,11,45,,,8,36,,
2014/05/21,12,46,,,9,36,,
2014/05/21,13,48,,,11,36,,
2014/05/21,14,45,,,9,36,,
2014/05/21,15,47,,,10,36,,
2014/05/21,16,49,,,12,37,,
2014/05/21,17,49,,,12,37,,
2014/05/21,18,50,,,10,40,,
2014/05/21,19,52,,,11,40,,
2014/05/21,20,49,,,9,39,,
2014/05/21,21,52,,,11,40,,
2014/05/21,22,51,,,10,40,,
2014/05/21,23,51,,,11,39,,
2014/05/21,24,50,,,11,39,,
2014/05/22,01,12,,,1,11,,
2014/05/22,02,4,,,1,2,,
2014/05/22,03,4,,,1,2,,
2014/05/22,04,4,,,1,2,,
2014/05/22,05,4,,,1,2,,
2014/05/22,06,3,,,1,2,,
2014/05/22,07,3,,,1,2,,
2014/05/22,08,4,,,1,3,,
2014/05/22,09,11,,,1,10,,
2014/05/22,10,18,,,1,16,,
2014/05/22,11,38,,,1,37,,
2014/05/22,12,39,,,1,37,,
2014/05/22,13,38,,,1,37,,
2014/05/22,14,38,,,1,36,,
2014/05/22,15,38,,,1,37,,
2014/05/22,16,39,,,2,36,,
2014/05/22,17,39,,,2,37,,
2014/05/22,18,39,,,2,37,,
2014/05/22,19,40,,,2,38,,
2014/05/22,20,40,,,2,37,,
2014/05/22,21,39,,,2,37,,
2014/05/22,22,39,,,2,37,,
2014/05/22,23,42,,,2,40,,
2014/05/22,24,47,,,2,44,,
2014/05/23,01,21,,,2,18,,
2014/05/23,02,18,,,1,16,,
2014/05/23,03,7,,,1,6,,
2014/05/23,04,4,,,1,3,,
2014/05/23,05,4,,,1,2,,
2014/05/23,06,4,,,1,2,,
2014/05/23,07,4,,,1,2,,
2014/05/23,08,4,,,1,2,,
2014/05/23,09,16,,,1,15,,
2014/05/23,10,25,,,1,23,,
2014/05/23,11,41,,,4,36,,
2014/05/23,12,48,,,11,37,,
2014/05/23,13,47,,,11,36,,
2014/05/23,14,49,,,13,36,,
2014/05/23,15,51,,,13,37,,
2014/05/23,16,54,,,17,37,,
2014/05/23,17,51,,,14,36,,
2014/05/23,18,52,,,15,36,,
2014/05/23,19,51,,,12,38,,
2014/05/23,20,50,,,10,40,,
2014/05/23,21,46,,,6,40,,
2014/05/23,22,47,,,7,40,,
2014/05/23,23,45,,,5,40,,
2014/05/23,24,44,,,4,39,,
2014/05/24,01,22,,,3,18,,
2014/05/24,02,4,,,1,2,,
2014/05/24,03,4,,,1,2,,
2014/05/24,04,3,,,1,2,,
2014/05/24,05,4,,,1,2,,
2014/05/24,06,3,,,1,2,,
2014/05/24,07,3,,,1,2,,
2014/05/24,08,3,,,1,2,,
2014/05/24,09,5,,,1,4,,
2014/05/24,10,21,,,1,20,,
2014/05/24,11,37,,,1,35,,
2014/05/24,12,37,,,1,35,,
2014/05/24,13,36,,,1,34,,
2014/05/24,14,37,,,1,35,,
2014/05/24,15,37,,,1,35,,
2014/05/24,16,36,,,1,35,,
2014/05/24,17,37,,,1,34,,
2014/05/24,18,39,,,2,37,,
2014/05/24,19,41,,,2,39,,
2014/05/24,20,42,,,2,39,,
2014/05/24,21,42,,,2,39,,
2014/05/24,22,42,,,2,39,,
2014/05/24,23,42,,,2,39,,
2014/05/24,24,40,,,2,38,,
2014/05/25,01,21,,,2,19,,
2014/05/25,02,17,,,1,15,,
2014/05/25,03,4,,,1,2,,
2014/05/25,04,4,,,1,2,,
2014/05/25,05,3,,,1,2,,
2014/05/25,06,3,,,1,2,,
2014/05/25,07,3,,,1,2,,
2014/05/25,08,3,,,1,2,,
2014/05/25,09,4,,,1,2,,
2014/05/25,10,13,,,2,11,,
2014/05/25,11,41,,,5,35,,
2014/05/25,12,43,,,7,35,,
2014/05/25,13,44,,,8,35,,
2014/05/25,14,48,,,11,35,,
2014/05/25,15,47,,,11,35,,
2014/05/25,16,48,,,12,35,,
2014/05/25,17,45,,,10,35,,
2014/05/25,18,37,,,1,35,,
2014/05/25,19,39,,,1,37,,
2014/05/25,20,40,,,1,38,,
2014/05/25,21,40,,,1,38,,
2014/05/25,22,40,,,1,39,,
2014/05/25,23,40,,,1,38,,
2014/05/25,24,39,,,1,38,,
2014/05/26,01,21,,,1,20,,
2014/05/26,02,5,,,1,3,,
2014/05/26,03,3,,,1,2,,
2014/05/26,04,3,,,1,2,,
2014/05/26,05,3,,,1,2,,
2014/05/26,06,3,,,1,2,,
2014/05/26,07,3,,,1,2,,
2014/05/26,08,3,,,1,2,,
2014/05/26,09,4,,,1,3,,
2014/05/26,10,12,,,1,11,,
2014/05/26,11,38,,,1,36,,
2014/05/26,12,37,,,1,35,,
2014/05/26,13,37,,,1,36,,
2014/05/26,14,37,,,1,35,,
2014/05/26,15,37,,,2,35,,
2014/05/26,16,38,,,2,36,,
2014/05/26,17,38,,,2,35,,
2014/05/26,18,40,,,2,38,,
2014/05/26,19,42,,,2,40,,
2014/05/26,20,42,,,2,39,,
2014/05/26,21,41,,,2,39,,
2014/05/26,22,41,,,2,39,,
2014/05/26,23,41,,,2,39,,
2014/05/26,24,41,,,2,38,,
2014/05/27,01,16,,,1,14,,
2014/05/27,02,3,,,1,2,,
2014/05/27,03,3,,,1,2,,
2014/05/27,04,3,,,1,2,,
2014/05/27,05,3,,,1,2,,
2014/05/27,06,3,,,1,2,,
2014/05/27,07,3,,,1,2,,
2014/05/27,08,3,,,1,2,,
2014/05/27,09,13,,,1,12,,
2014/05/27,10,18,,,1,17,,
2014/05/27,11,37,,,1,35,,
2014/05/27,12,37,,,1,35,,
2014/05/27,13,37,,,1,36,,
2014/05/27,14,37,,,1,35,,
2014/05/27,15,37,,,1,35,,
2014/05/27,16,37,,,2,35,,
2014/05/27,17,37,,,2,35,,
2014/05/27,18,38,,,2,35,,
2014/05/27,19,38,,,2,36,,
2014/05/27,20,41,,,2,39,,
2014/05/27,21,41,,,2,38,,
2014/05/27,22,41,,,2,38,,
2014/05/27,23,41,,,2,38,,
2014/05/27,24,40,,,2,38,,
2014/05/28,01,14,,,1,13,,
2014/05/28,02,5,,,1,4,,
2014/05/28,03,3,,,1,2,,
2014/05/28,04,3,,,1,2,,
2014/05/28,05,3,,,1,2,,
2014/05/28,06,3,,,1,2,,
2014/05/28,07,3,,,1,2,,
2014/05/28,08,3,,,1,2,,
2014/05/28,09,18,,,1,17,,
2014/05/28,10,22,,,2,18,,
2014/05/28,11,45,,,9,35,,
2014/05/28,12,46,,,10,35,,
2014/05/28,13,48,,,12,35,,
2014/05/28,14,52,,,16,35,,
2014/05/28,15,52,,,16,35,,
2014/05/28,16,53,,,18,35,,
2014/05/28,17,57,,,22,35,,
2014/05/28,18,59,,,22,36,,
2014/05/28,19,57,,,20,37,,
2014/05/28,20,57,,,16,40,,
2014/05/28,21,54,,,13,40,,
2014/05/28,22,50,,,9,40,,
2014/05/28,23,50,,,9,40,,
2014/05/28,24,48,,,9,39,,
2014/05/29,01,15,,,1,13,,
2014/05/29,02,3,,,1,2,,
2014/05/29,03,3,,,1,2,,
2014/05/29,04,3,,,1,2,,
2014/05/29,05,3,,,1,2,,
2014/05/29,06,3,,,1,2,,
2014/05/29,07,3,,,1,2,,
2014/05/29,08,3,,,1,2,,
2014/05/29,09,9,,,1,8,,
2014/05/29,10,18,,,1,17,,
2014/05/29,11,38,,,1,37,,
2014/05/29,12,38,,,1,37,,
2014/05/29,13,38,,,1,37,,
2014/05/29,14,38,,,1,36,,
2014/05/29,15,42,,,5,36,,
2014/05/29,16,61,,,23,37,,
2014/05/29,17,44,,,6,37,,
2014/05/29,18,68,,,29,38,,
2014/05/29,19,39,,,2,37,,
2014/05/29,20,39,,,2,37,,
2014/05/29,21,39,,,2,37,,
2014/05/29,22,39,,,2,36,,
2014/05/29,23,39,,,2,36,,
2014/05/29,24,38,,,2,35,,
2014/05/30,01,19,,,1,17,,
2014/05/30,02,9,,,1,8,,
2014/05/30,03,3,,,1,2,,
2014/05/30,04,3,,,1,2,,
2014/05/30,05,3,,,1,2,,
2014/05/30,06,3,,,1,2,,
2014/05/30,07,3,,,1,2,,
2014/05/30,08,3,,,1,2,,
2014/05/30,09,12,,,1,11,,
2014/05/30,10,32,,,6,25,,
2014/05/30,11,38,,,2,36,,
2014/05/30,12,38,,,2,36,,
2014/05/30,13,37,,,2,35,,
2014/05/30,14,37,,,2,35,,
2014/05/30,15,37,,,2,34,,
2014/05/30,16,37,,,2,35,,
2014/05/30,17,37,,,2,35,,
2014/05/30,18,37,,,2,35,,
2014/05/30,19,38,,,2,36,,
2014/05/30,20,39,,,2,37,,
2014/05/30,21,39,,,2,37,,
2014/05/30,22,39,,,2,37,,
2014/05/30,23,39,,,2,37,,
2014/05/30,24,39,,,2,37,,
2014/05/31,01,19,,,1,18,,
2014/05/31,02,18,,,1,17,,
2014/05/31,03,12,,,1,11,,
2014/05/31,04,7,,,1,5,,
2014/05/31,05,3,,,1,2,,
2014/05/31,06,3,,,1,2,,
2014/05/31,07,3,,,1,2,,
2014/05/31,08,3,,,1,2,,
2014/05/31,09,6,,,1,5,,
2014/05/31,10,24,,,1,22,,
2014/05/31,11,38,,,1,36,,
2014/05/31,12,38,,,2,36,,
2014/05/31,13,38,,,2,35,,
2014/05/31,14,38,,,2,35,,
2014/05/31,15,66,,,29,36,,
2014/05/31,16,66,,,29,36,,
2014/05/31,17,60,,,24,36,,
2014/05/31,18,65,,,28,36,,
2014/05/31,19,69,,,29,38,,
2014/05/31,20,67,,,27,39,,
2014/05/31,21,63,,,23,39,,
2014/05/31,22,61,,,21,39,,
2014/05/31,23,57,,,17,39,,
2014/05/31,24,53,,,14,39,,
2014/06/01,01,29,,,10,19,,
2014/06/01,02,6,,,2,4,,
2014/06/01,03,3,,,1,2,,
2014/06/01,04,3,,,1,2,,
2014/06/01,05,3,,,1,2,,
2014/06/01,06,3,,,1,2,,
2014/06/01,07,3,,,1,2,,
2014/06/01,08,3,,,1,2,,
2014/06/01,09,3,,,1,2,,
2014/06/01,10,12,,,1,10,,
2014/06/01,11,37,,,2,35,,
2014/06/01,12,37,,,2,35,,
2014/06/01,13,37,,,2,35,,
2014/06/01,14,37,,,2,34,,
2014/06/01,15,45,,,10,35,,
2014/06/01,16,59,,,23,35,,
2014/06/01,17,40,,,5,34,,
2014/06/01,18,36,,,2,34,,
2014/06/01,19,36,,,2,34,,
2014/06/01,20,40,,,2,38,,
2014/06/01,21,41,,,2,39,,
2014/06/01,22,41,,,2,39,,
2014/06/01,23,41,,,2,38,,
2014/06/01,24,40,,,1,38,,
2014/06/02,01,14,,,1,13,,
2014/06/02,02,7,,,1,6,,
2014/06/02,03,6,,,1,5,,
2014/06/02,04,3,,,1,2,,
2014/06/02,05,3,,,1,2,,
2014/06/02,06,3,,,1,2,,
2014/06/02,07,3,,,1,2,,
2014/06/02,08,3,,,1,2,,
2014/06/02,09,4,,,1,3,,
2014/06/02,10,16,,,1,14,,
2014/06/02,11,37,,,2,35,,
2014/06/02,12,37,,,2,35,,
2014/06/02,13,66,,,29,36,,
2014/06/02,14,61,,,24,36,,
2014/06/02,15,67,,,30,35,,
2014/06/02,16,66,,,29,36,,
2014/06/02,17,63,,,27,36,,
2014/06/02,18,64,,,28,35,,
2014/06/02,19,61,,,24,36,,
2014/06/02,20,65,,,25,39,,
2014/06/02,21,62,,,22,39,,
2014/06/02,22,50,,,11,39,,
2014/06/02,23,41,,,2,38,,
2014/06/02,24,40,,,2,38,,
2014/06/03,01,13,,,1,11,,
2014/06/03,02,3,,,1,2,,
2014/06/03,03,3,,,1,2,,
2014/06/03,04,3,,,1,2,,
2014/06/03,05,3,,,1,2,,
2014/06/03,06,3,,,1,2,,
2014/06/03,07,3,,,1,2,,
2014/06/03,08,3,,,1,2,,
2014/06/03,09,10,,,1,9,,
2014/06/03,10,18,,,1,16,,
2014/06/03,11,62,,,26,35,,
2014/06/03,12,67,,,30,36,,
2014/06/03,13,69,,,32,36,,
2014/06/03,14,75,,,37,37,,
2014/06/03,15,76,,,38,37,,
2014/06/03,16,75,,,38,36,,
2014/06/03,17,77,,,40,36,,
2014/06/03,18,76,,,39,36,,
2014/06/03,19,72,,,34,37,,
2014/06/03,20,71,,,31,39,,
2014/06/03,21,71,,,31,40,,
2014/06/03,22,67,,,27,39,,
2014/06/03,23,62,,,21,40,,
2014/06/03,24,62,,,22,38,,
2014/06/04,01,13,,,2,10,,
2014/06/04,02,3,,,1,2,,
2014/06/04,03,3,,,1,2,,
2014/06/04,04,3,,,1,2,,
2014/06/04,05,3,,,1,2,,
2014/06/04,06,3,,,1,2,,
2014/06/04,07,3,,,1,2,,
2014/06/04,08,3,,,1,2,,
2014/06/04,09,16,,,4,11,,
2014/06/04,10,29,,,11,18,,
2014/06/04,11,56,,,20,36,,
2014/06/04,12,65,,,29,35,,
2014/06/04,13,66,,,30,36,,
2014/06/04,14,64,,,28,36,,
2014/06/04,15,66,,,29,36,,
2014/06/04,16,61,,,24,36,,
2014/06/04,17,65,,,28,36,,
2014/06/04,18,68,,,32,36,,
2014/06/04,19,60,,,23,36,,
2014/06/04,20,70,,,30,39,,
2014/06/04,21,50,,,11,39,,
2014/06/04,22,43,,,4,38,,
2014/06/04,23,42,,,3,38,,
2014/06/04,24,41,,,3,38,,
2014/06/05,01,17,,,2,15,,
2014/06/05,02,3,,,1,2,,
2014/06/05,03,3,,,1,2,,
2014/06/05,04,3,,,1,2,,
2014/06/05,05,3,,,1,2,,
2014/06/05,06,3,,,1,2,,
2014/06/05,07,3,,,1,2,,
2014/06/05,08,3,,,1,2,,
2014/06/05,09,9,,,1,8,,
2014/06/05,10,29,,,8,20,,
2014/06/05,11,69,,,32,36,,
2014/06/05,12,65,,,28,36,,
2014/06/05,13,65,,,29,36,,
2014/06/05,14,67,,,30,36,,
2014/06/05,15,66,,,29,36,,
2014/06/05,16,69,,,32,36,,
2014/06/05,17,68,,,31,36,,
2014/06/05,18,62,,,25,37,,
2014/06/05,19,65,,,27,37,,
2014/06/05,20,63,,,22,40,,
2014/06/05,21,62,,,21,40,,
2014/06/05,22,62,,,22,40,,
2014/06/05,23,59,,,18,40,,
2014/06/05,24,60,,,20,39,,
2014/06/06,01,28,,,10,18,,
2014/06/06,02,6,,,1,4,,
2014/06/06,03,3,,,1,2,,
2014/06/06,04,3,,,1,2,,
2014/06/06,05,3,,,1,2,,
2014/06/06,06,3,,,1,2,,
2014/06/06,07,3,,,1,2,,
2014/06/06,08,3,,,1,2,,
2014/06/06,09,8,,,1,7,,
2014/06/06,10,28,,,6,21,,
2014/06/06,11,48,,,11,36,,
2014/06/06,12,53,,,16,36,,
2014/06/06,13,39,,,2,36,,
2014/06/06,14,39,,,2,36,,
2014/06/06,15,40,,,3,36,,
2014/06/06,16,63,,,25,37,,
2014/06/06,17,57,,,19,37,,
2014/06/06,18,59,,,22,37,,
2014/06/06,19,59,,,21,37,,
2014/06/06,20,56,,,19,36,,
2014/06/06,21,54,,,17,36,,
2014/06/06,22,53,,,16,36,,
2014/06/06,23,53,,,17,36,,
2014/06/06,24,51,,,15,35,,
2014/06/07,01,22,,,3,19,,
2014/06/07,02,3,,,1,2,,
2014/06/07,03,3,,,1,2,,
2014/06/07,04,3,,,1,2,,
2014/06/07,05,3,,,1,2,,
2014/06/07,06,3,,,1,2,,
2014/06/07,07,3,,,1,2,,
2014/06/07,08,3,,,1,2,,
2014/06/07,09,7,,,1,5,,
2014/06/07,10,22,,,1,21,,
2014/06/07,11,36,,,1,35,,
2014/06/07,12,36,,,1,35,,
2014/06/07,13,37,,,2,35,,
2014/06/07,14,37,,,2,35,,
2014/06/07,15,37,,,2,35,,
2014/06/07,16,37,,,2,35,,
2014/06/07,17,38,,,2,35,,
2014/06/07,18,55,,,18,36,,
2014/06/07,19,40,,,1,39,,
2014/06/07,20,40,,,1,39,,
2014/06/07,21,64,,,24,39,,
2014/06/07,22,61,,,21,39,,
2014/06/07,23,60,,,20,39,,
2014/06/07,24,54,,,15,39,,
2014/06/08,01,24,,,7,16,,
2014/06/08,02,3,,,1,2,,
2014/06/08,03,3,,,1,2,,
2014/06/08,04,3,,,1,2,,
2014/06/08,05,3,,,1,2,,
2014/06/08,06,3,,,1,2,,
2014/06/08,07,3,,,1,2,,
2014/06/08,08,3,,,1,2,,
2014/06/08,09,4,,,1,2,,
2014/06/08,10,11,,,2,8,,
2014/06/08,11,49,,,13,36,,
2014/06/08,12,44,,,8,36,,
2014/06/08,13,38,,,2,35,,
2014/06/08,14,37,,,2,35,,
2014/06/08,15,37,,,2,35,,
2014/06/08,16,51,,,15,36,,
2014/06/08,17,70,,,33,36,,
2014/06/08,18,38,,,3,35,,
2014/06/08,19,49,,,14,35,,
2014/06/08,20,45,,,9,35,,
2014/06/08,21,37,,,1,35,,
2014/06/08,22,40,,,1,38,,
2014/06/08,23,41,,,2,38,,
2014/06/08,24,40,,,2,38,,
2014/06/09,01,12,,,1,11,,
2014/06/09,02,7,,,1,6,,
2014/06/09,03,8,,,1,6,,
2014/06/09,04,5,,,1,4,,
2014/06/09,05,3,,,1,2,,
2014/06/09,06,3,,,1,2,,
2014/06/09,07,3,,,1,2,,
2014/06/09,08,3,,,1,2,,
2014/06/09,09,8,,,3,5,,
2014/06/09,10,28,,,10,17,,
2014/06/09,11,52,,,16,36,,
2014/06/09,12,54,,,18,36,,
2014/06/09,13,57,,,20,36,,
2014/06/09,14,56,,,20,36,,
2014/06/09,15,55,,,19,36,,
2014/06/09,16,61,,,24,36,,
2014/06/09,17,61,,,24,36,,
2014/06/09,18,63,,,27,36,,
2014/06/09,19,67,,,26,39,,
2014/06/09,20,63,,,23,40,,
2014/06/09,21,63,,,22,40,,
2014/06/09,22,60,,,20,40,,
2014/06/09,23,63,,,23,39,,
2014/06/09,24,56,,,18,38,,
2014/06/10,01,14,,,3,10,,
2014/06/10,02,10,,,3,7,,
2014/06/10,03,10,,,2,7,,
2014/06/10,04,5,,,1,3,,
2014/06/10,05,3,,,1,2,,
2014/06/10,06,3,,,1,2,,
2014/06/10,07,3,,,1,2,,
2014/06/10,08,3,,,1,2,,
2014/06/10,09,9,,,1,8,,
2014/06/10,10,19,,,1,18,,
2014/06/10,11,50,,,14,35,,
2014/06/10,12,54,,,18,35,,
2014/06/10,13,54,,,18,36,,
2014/06/10,14,43,,,7,35,,
2014/06/10,15,36,,,1,34,,
2014/06/10,16,36,,,1,34,,
2014/06/10,17,37,,,2,35,,
2014/06/10,18,37,,,2,35,,
2014/06/10,19,40,,,2,38,,
2014/06/10,20,40,,,2,38,,
2014/06/10,21,41,,,2,39,,
2014/06/10,22,41,,,2,38,,
2014/06/10,23,40,,,2,38,,
2014/06/10,24,39,,,2,37,,
2014/06/11,01,8,,,1,6,,
2014/06/11,02,3,,,1,2,,
2014/06/11,03,3,,,1,2,,
2014/06/11,04,3,,,1,2,,
2014/06/11,05,3,,,1,2,,
2014/06/11,06,3,,,1,2,,
2014/06/11,07,3,,,1,2,,
2014/06/11,08,3,,,1,2,,
2014/06/11,09,23,,,6,17,,
2014/06/11,10,34,,,13,20,,
2014/06/11,11,54,,,18,36,,
2014/06/11,12,61,,,24,36,,
2014/06/11,13,59,,,22,36,,
2014/06/11,14,61,,,24,36,,
2014/06/11,15,58,,,22,36,,
2014/06/11,16,57,,,20,36,,
2014/06/11,17,59,,,21,37,,
2014/06/11,18,56,,,18,37,,
2014/06/11,19,59,,,18,40,,
2014/06/11,20,61,,,21,39,,
2014/06/11,21,56,,,16,40,,
2014/06/11,22,54,,,14,39,,
2014/06/11,23,41,,,2,38,,
2014/06/11,24,39,,,1,37,,
2014/06/12,01,10,,,1,9,,
2014/06/12,02,3,,,1,2,,
2014/06/12,03,3,,,1,2,,
2014/06/12,04,3,,,1,2,,
2014/06/12,05,3,,,1,2,,
2014/06/12,06,3,,,1,2,,
2014/06/12,07,3,,,1,2,,
2014/06/12,08,3,,,1,2,,
2014/06/12,09,7,,,1,5,,
2014/06/12,10,21,,,7,14,,
2014/06/12,11,48,,,11,36,,
2014/06/12,12,50,,,13,36,,
2014/06/12,13,53,,,17,36,,
2014/06/12,14,53,,,16,36,,
2014/06/12,15,52,,,15,36,,
2014/06/12,16,54,,,17,37,,
2014/06/12,17,52,,,15,36,,
2014/06/12,18,53,,,15,37,,
2014/06/12,19,52,,,15,37,,
2014/06/12,20,51,,,14,36,,
2014/06/12,21,51,,,14,36,,
2014/06/12,22,46,,,9,36,,
2014/06/12,23,47,,,11,36,,
2014/06/12,24,46,,,10,35,,
2014/06/13,01,24,,,7,17,,
2014/06/13,02,12,,,1,11,,
2014/06/13,03,4,,,1,2,,
2014/06/13,04,3,,,1,2,,
2014/06/13,05,3,,,1,2,,
2014/06/13,06,3,,,1,2,,
2014/06/13,07,3,,,1,2,,
2014/06/13,08,3,,,1,2,,
2014/06/13,09,8,,,1,7,,
2014/06/13,10,29,,,6,22,,
2014/06/13,11,45,,,9,36,,
2014/06/13,12,51,,,14,36,,
2014/06/13,13,52,,,16,36,,
2014/06/13,14,46,,,10,35,,
2014/06/13,15,39,,,4,35,,
2014/06/13,16,48,,,12,36,,
2014/06/13,17,47,,,11,35,,
2014/06/13,18,47,,,11,36,,
2014/06/13,19,49,,,10,38,,
2014/06/13,20,50,,,10,39,,
2014/06/13,21,52,,,12,39,,
2014/06/13,22,50,,,11,39,,
2014/06/13,23,44,,,5,39,,
2014/06/13,24,39,,,1,38,,
2014/06/14,01,14,,,1,13,,
2014/06/14,02,3,,,1,2,,
2014/06/14,03,3,,,1,2,,
2014/06/14,04,3,,,1,2,,
2014/06/14,05,3,,,1,2,,
2014/06/14,06,3,,,1,2,,
2014/06/14,07,3,,,1,2,,
2014/06/14,08,3,,,1,2,,
2014/06/14,09,5,,,1,4,,
2014/06/14,10,19,,,1,17,,
2014/06/14,11,37,,,1,35,,
2014/06/14,12,36,,,1,35,,
2014/06/14,13,36,,,1,35,,
2014/06/14,14,36,,,1,35,,
2014/06/14,15,37,,,2,35,,
2014/06/14,16,37,,,2,35,,
2014/06/14,17,37,,,2,35,,
2014/06/14,18,37,,,2,35,,
2014/06/14,19,41,,,2,38,,
2014/06/14,20,41,,,2,39,,
2014/06/14,21,41,,,2,38,,
2014/06/14,22,41,,,2,38,,
2014/06/14,23,41,,,2,39,,
2014/06/14,24,40,,,2,37,,
2014/06/15,01,16,,,1,14,,
2014/06/15,02,3,,,1,2,,
2014/06/15,03,3,,,1,2,,
2014/06/15,04,3,,,1,2,,
2014/06/15,05,3,,,1,2,,
2014/06/15,06,3,,,1,2,,
2014/06/15,07,3,,,1,2,,
2014/06/15,08,3,,,1,2,,
2014/06/15,09,5,,,2,3,,
2014/06/15,10,23,,,5,17,,
2014/06/15,11,48,,,11,37,,
2014/06/15,12,46,,,10,36,,
2014/06/15,13,50,,,14,36,,
2014/06/15,14,52,,,16,36,,
2014/06/15,15,50,,,14,36,,
2014/06/15,16,63,,,26,36,,
2014/06/15,17,61,,,23,37,,
2014/06/15,18,58,,,20,38,,
2014/06/15,19,60,,,19,40,,
2014/06/15,20,58,,,17,40,,
2014/06/15,21,55,,,15,40,,
2014/06/15,22,55,,,15,39,,
2014/06/15,23,54,,,14,39,,
2014/06/15,24,53,,,14,39,,
2014/06/16,01,13,,,1,11,,
2014/06/16,02,3,,,1,2,,
2014/06/16,03,3,,,1,2,,
2014/06/16,04,3,,,1,2,,
2014/06/16,05,3,,,1,2,,
2014/06/16,06,3,,,1,2,,
2014/06/16,07,3,,,1,2,,
2014/06/16,08,3,,,1,2,,
2014/06/16,09,10,,,3,7,,
2014/06/16,10,22,,,6,16,,
2014/06/16,11,47,,,10,37,,
2014/06/16,12,49,,,12,37,,
2014/06/16,13,50,,,13,36,,
2014/06/16,14,50,,,13,36,,
2014/06/16,15,53,,,16,36,,
2014/06/16,16,53,,,17,36,,
2014/06/16,17,52,,,15,36,,
2014/06/16,18,53,,,15,38,,
2014/06/16,19,55,,,15,40,,
2014/06/16,20,58,,,18,40,,
2014/06/16,21,53,,,13,40,,
2014/06/16,22,54,,,14,39,,
2014/06/16,23,53,,,12,40,,
2014/06/16,24,51,,,12,38,,
2014/06/17,01,9,,,1,7,,
2014/06/17,02,3,,,1,2,,
2014/06/17,03,3,,,1,2,,
2014/06/17,04,3,,,1,2,,
2014/06/17,05,3,,,1,2,,
2014/06/17,06,3,,,1,2,,
2014/06/17,07,3,,,1,2,,
2014/06/17,08,3,,,1,2,,
2014/06/17,09,10,,,1,8,,
2014/06/17,10,18,,,1,17,,
2014/06/17,11,36,,,1,35,,
2014/06/17,12,36,,,1,34,,
2014/06/17,13,36,,,1,34,,
2014/06/17,14,61,,,25,35,,
2014/06/17,15,42,,,7,35,,
2014/06/17,16,60,,,24,35,,
2014/06/17,17,42,,,6,35,,
2014/06/17,18,63,,,26,36,,
2014/06/17,19,47,,,10,36,,
2014/06/17,20,55,,,15,39,,
2014/06/17,21,55,,,15,40,,
2014/06/17,22,54,,,14,39,,
2014/06/17,23,43,,,4,38,,
2014/06/17,24,38,,,1,37,,
2014/06/18,01,8,,,1,7,,
2014/06/18,02,3,,,1,2,,
2014/06/18,03,3,,,1,2,,
2014/06/18,04,3,,,1,2,,
2014/06/18,05,3,,,1,2,,
2014/06/18,06,3,,,1,2,,
2014/06/18,07,3,,,1,2,,
2014/06/18,08,3,,,1,2,,
2014/06/18,09,16,,,1,15,,
2014/06/18,10,23,,,3,19,,
2014/06/18,11,52,,,16,36,,
2014/06/18,12,50,,,14,35,,
2014/06/18,13,56,,,20,35,,
2014/06/18,14,47,,,12,35,,
2014/06/18,15,51,,,15,36,,
2014/06/18,16,52,,,15,36,,
2014/06/18,17,55,,,20,35,,
2014/06/18,18,51,,,16,35,,
2014/06/18,19,44,,,7,37,,
2014/06/18,20,54,,,14,39,,
2014/06/18,21,52,,,12,39,,
2014/06/18,22,40,,,1,38,,
2014/06/18,23,41,,,2,38,,
2014/06/18,24,39,,,1,37,,
2014/06/19,01,9,,,1,8,,
2014/06/19,02,3,,,1,2,,
2014/06/19,03,3,,,1,2,,
2014/06/19,04,3,,,1,2,,
2014/06/19,05,3,,,1,2,,
2014/06/19,06,3,,,1,2,,
2014/06/19,07,3,,,1,2,,
2014/06/19,08,5,,,1,4,,
2014/06/19,09,16,,,1,14,,
2014/06/19,10,21,,,5,16,,
2014/06/19,11,52,,,15,36,,
2014/06/19,12,53,,,16,36,,
2014/06/19,13,58,,,21,37,,
2014/06/19,14,58,,,21,36,,
2014/06/19,15,64,,,26,37,,
2014/06/19,16,60,,,23,36,,
2014/06/19,17,60,,,23,37,,
2014/06/19,18,60,,,22,37,,
2014/06/19,19,56,,,18,37,,
2014/06/19,20,60,,,20,40,,
2014/06/19,21,58,,,17,40,,
2014/06/19,22,58,,,18,39,,
2014/06/19,23,55,,,15,39,,
2014/06/19,24,53,,,14,38,,
2014/06/20,01,24,,,8,16,,
2014/06/20,02,6,,,1,5,,
2014/06/20,03,3,,,1,2,,
2014/06/20,04,3,,,1,2,,
2014/06/20,05,3,,,1,2,,
2014/06/20,06,3,,,1,2,,
2014/06/20,07,3,,,1,2,,
2014/06/20,08,3,,,1,2,,
2014/06/20,09,14,,,1,13,,
2014/06/20,10,27,,,5,21,,
2014/06/20,11,49,,,13,36,,
2014/06/20,12,50,,,13,36,,
2014/06/20,13,54,,,18,35,,
2014/06/20,14,55,,,19,36,,
2014/06/20,15,53,,,16,36,,
2014/06/20,16,54,,,17,36,,
2014/06/20,17,55,,,18,36,,
2014/06/20,18,55,,,18,36,,
2014/06/20,19,57,,,18,38,,
2014/06/20,20,59,,,18,40,,
2014/06/20,21,52,,,11,40,,
2014/06/20,22,54,,,14,39,,
2014/06/20,23,57,,,17,39,,
2014/06/20,24,53,,,14,38,,
2014/06/21,01,24,,,10,14,,
2014/06/21,02,3,,,1,2,,
2014/06/21,03,3,,,1,2,,
2014/06/21,04,3,,,1,2,,
2014/06/21,05,3,,,1,2,,
2014/06/21,06,3,,,1,2,,
2014/06/21,07,3,,,1,2,,
2014/06/21,08,3,,,1,2,,
2014/06/21,09,6,,,2,4,,
2014/06/21,10,23,,,1,22,,
2014/06/21,11,36,,,1,34,,
2014/06/21,12,36,,,1,34,,
2014/06/21,13,36,,,1,34,,
2014/06/21,14,49,,,13,35,,
2014/06/21,15,68,,,32,35,,
2014/06/21,16,61,,,25,35,,
2014/06/21,17,63,,,28,35,,
2014/06/21,18,62,,,26,35,,
2014/06/21,19,59,,,23,36,,
2014/06/21,20,64,,,24,39,,
2014/06/21,21,59,,,18,40,,
2014/06/21,22,60,,,19,40,,
2014/06/21,23,56,,,16,40,,
2014/06/21,24,52,,,13,38,,
2014/06/22,01,23,,,5,18,,
2014/06/22,02,7,,,1,6,,
2014/06/22,03,6,,,1,4,,
2014/06/22,04,3,,,1,2,,
2014/06/22,05,3,,,1,2,,
2014/06/22,06,3,,,1,2,,
2014/06/22,07,3,,,1,2,,
2014/06/22,08,3,,,1,2,,
2014/06/22,09,3,,,1,2,,
2014/06/22,10,12,,,4,8,,
2014/06/22,11,49,,,13,36,,
2014/06/22,12,53,,,17,35,,
2014/06/22,13,56,,,20,36,,
2014/06/22,14,55,,,19,36,,
2014/06/22,15,58,,,22,35,,
2014/06/22,16,61,,,24,36,,
2014/06/22,17,63,,,26,36,,
2014/06/22,18,58,,,21,36,,
2014/06/22,19,56,,,19,36,,
2014/06/22,20,55,,,19,35,,
2014/06/22,21,53,,,17,36,,
2014/06/22,22,53,,,17,35,,
2014/06/22,23,52,,,16,36,,
2014/06/22,24,50,,,14,35,,
2014/06/23,01,25,,,9,15,,
2014/06/23,02,3,,,1,2,,
2014/06/23,03,3,,,1,2,,
2014/06/23,04,3,,,1,2,,
2014/06/23,05,3,,,1,2,,
2014/06/23,06,3,,,1,2,,
2014/06/23,07,3,,,1,2,,
2014/06/23,08,3,,,1,2,,
2014/06/23,09,7,,,1,6,,
2014/06/23,10,24,,,8,16,,
2014/06/23,11,52,,,16,35,,
2014/06/23,12,56,,,20,36,,
2014/06/23,13,61,,,24,36,,
2014/06/23,14,59,,,22,36,,
2014/06/23,15,64,,,28,36,,
2014/06/23,16,60,,,24,36,,
2014/06/23,17,61,,,25,35,,
2014/06/23,18,62,,,26,35,,
2014/06/23,19,59,,,22,36,,
2014/06/23,20,61,,,23,38,,
2014/06/23,21,59,,,19,40,,
2014/06/23,22,59,,,19,39,,
2014/06/23,23,56,,,16,39,,
2014/06/23,24,52,,,14,38,,
2014/06/24,01,13,,,1,12,,
2014/06/24,02,3,,,1,2,,
2014/06/24,03,3,,,1,2,,
2014/06/24,04,3,,,1,2,,
2014/06/24,05,3,,,1,2,,
2014/06/24,06,3,,,1,2,,
2014/06/24,07,3,,,1,2,,
2014/06/24,08,3,,,1,2,,
2014/06/24,09,7,,,1,5,,
2014/06/24,10,16,,,1,14,,
2014/06/24,11,36,,,1,35,,
2014/06/24,12,38,,,3,35,,
2014/06/24,13,56,,,20,35,,
2014/06/24,14,58,,,21,36,,
2014/06/24,15,42,,,6,36,,
2014/06/24,16,37,,,2,35,,
2014/06/24,17,37,,,2,35,,
2014/06/24,18,37,,,2,35,,
2014/06/24,19,38,,,2,36,,
2014/06/24,20,41,,,2,38,,
2014/06/24,21,40,,,2,38,,
2014/06/24,22,40,,,2,38,,
2014/06/24,23,40,,,2,38,,
2014/06/24,24,39,,,2,37,,
2014/06/25,01,13,,,1,11,,
2014/06/25,02,3,,,1,2,,
2014/06/25,03,3,,,1,2,,
2014/06/25,04,3,,,1,2,,
2014/06/25,05,3,,,1,2,,
2014/06/25,06,3,,,1,2,,
2014/06/25,07,3,,,1,2,,
2014/06/25,08,4,,,1,3,,
2014/06/25,09,30,,,12,17,,
2014/06/25,10,37,,,15,22,,
2014/06/25,11,62,,,26,35,,
2014/06/25,12,61,,,25,35,,
2014/06/25,13,63,,,26,35,,
2014/06/25,14,67,,,31,35,,
2014/06/25,15,64,,,28,36,,
2014/06/25,16,71,,,34,36,,
2014/06/25,17,72,,,35,36,,
2014/06/25,18,71,,,34,36,,
2014/06/25,19,69,,,31,37,,
2014/06/25,20,64,,,24,40,,
2014/06/25,21,67,,,26,40,,
2014/06/25,22,60,,,20,40,,
2014/06/25,23,60,,,20,39,,
2014/06/25,24,57,,,19,38,,
2014/06/26,01,21,,,9,12,,
2014/06/26,02,3,,,1,2,,
2014/06/26,03,3,,,1,2,,
2014/06/26,04,3,,,1,2,,
2014/06/26,05,3,,,1,2,,
2014/06/26,06,3,,,1,2,,
2014/06/26,07,3,,,1,2,,
2014/06/26,08,3,,,1,2,,
2014/06/26,09,12,,,1,11,,
2014/06/26,10,13,,,1,12,,
2014/06/26,11,36,,,1,35,,
2014/06/26,12,59,,,23,35,,
2014/06/26,13,71,,,34,36,,
2014/06/26,14,70,,,33,36,,
2014/06/26,15,67,,,30,36,,
2014/06/26,16,59,,,23,36,,
2014/06/26,17,56,,,20,35,,
2014/06/26,18,61,,,24,36,,
2014/06/26,19,58,,,21,36,,
2014/06/26,20,58,,,19,38,,
2014/06/26,21,58,,,19,39,,
2014/06/26,22,57,,,18,39,,
2014/06/26,23,56,,,16,39,,
2014/06/26,24,55,,,16,38,,
2014/06/27,01,28,,,9,18,,
2014/06/27,02,14,,,1,13,,
2014/06/27,03,3,,,1,2,,
2014/06/27,04,3,,,1,2,,
2014/06/27,05,3,,,1,2,,
2014/06/27,06,3,,,1,2,,
2014/06/27,07,4,,,1,3,,
2014/06/27,08,23,,,9,14,,
2014/06/27,09,38,,,19,18,,
2014/06/27,10,45,,,24,21,,
2014/06/27,11,62,,,24,37,,
2014/06/27,12,66,,,29,37,,
2014/06/27,13,62,,,24,37,,
2014/06/27,14,70,,,32,37,,
2014/06/27,15,65,,,28,36,,
2014/06/27,16,66,,,29,36,,
2014/06/27,17,66,,,29,36,,
2014/06/27,18,66,,,28,37,,
2014/06/27,19,68,,,29,37,,
2014/06/27,20,68,,,27,40,,
2014/06/27,21,67,,,26,40,,
2014/06/27,22,66,,,25,40,,
2014/06/27,23,65,,,24,40,,
2014/06/27,24,60,,,20,39,,
2014/06/28,01,22,,,4,18,,
2014/06/28,02,10,,,2,8,,
2014/06/28,03,9,,,2,6,,
2014/06/28,04,7,,,1,5,,
2014/06/28,05,3,,,1,2,,
2014/06/28,06,3,,,1,2,,
2014/06/28,07,3,,,1,2,,
2014/06/28,08,10,,,1,9,,
2014/06/28,09,14,,,1,13,,
2014/06/28,10,24,,,4,19,,
2014/06/28,11,64,,,28,36,,
2014/06/28,12,69,,,33,36,,
2014/06/28,13,60,,,24,36,,
2014/06/28,14,64,,,28,36,,
2014/06/28,15,62,,,26,36,,
2014/06/28,16,67,,,30,36,,
2014/06/28,17,66,,,30,35,,
2014/06/28,18,63,,,27,36,,
2014/06/28,19,66,,,27,39,,
2014/06/28,20,65,,,25,39,,
2014/06/28,21,66,,,26,39,,
2014/06/28,22,66,,,26,40,,
2014/06/28,23,61,,,20,40,,
2014/06/28,24,63,,,23,39,,
2014/06/29,01,25,,,6,19,,
2014/06/29,02,11,,,3,8,,
2014/06/29,03,9,,,2,7,,
2014/06/29,04,7,,,2,4,,
2014/06/29,05,3,,,1,2,,
2014/06/29,06,3,,,1,2,,
2014/06/29,07,3,,,1,2,,
2014/06/29,08,3,,,1,2,,
2014/06/29,09,7,,,1,6,,
2014/06/29,10,19,,,2,16,,
2014/06/29,11,63,,,26,37,,
2014/06/29,12,65,,,28,37,,
2014/06/29,13,64,,,27,36,,
2014/06/29,14,69,,,32,37,,
2014/06/29,15,45,,,8,36,,
2014/06/29,16,52,,,17,35,,
2014/06/29,17,60,,,24,35,,
2014/06/29,18,61,,,25,36,,
2014/06/29,19,45,,,9,35,,
2014/06/29,20,41,,,2,38,,
2014/06/29,21,68,,,28,39,,
2014/06/29,22,50,,,11,38,,
2014/06/29,23,51,,,12,39,,
2014/06/29,24,38,,,1,37,,
2014/06/30,01,37,,,1,36,,
2014/06/30,02,36,,,1,34,,
2014/06/30,03,35,,,1,34,,
2014/06/30,04,35,,,1,34,,
2014/06/30,05,35,,,1,34,,
2014/06/30,06,7,,,1,6,,
2014/06/30,07,3,,,1,2,,
2014/06/30,08,3,,,1,2,,
2014/06/30,09,5,,,1,4,,
2014/06/30,10,34,,,20,14,,
2014/06/30,11,51,,,15,35,,
2014/06/30,12,60,,,25,35,,
2014/06/30,13,61,,,24,36,,
2014/06/30,14,61,,,25,35,,
2014/06/30,15,51,,,15,35,,
2014/06/30,16,61,,,25,36,,
2014/06/30,17,59,,,23,35,,
2014/06/30,18,71,,,34,36,,
2014/06/30,19,51,,,15,35,,
2014/06/30,20,51,,,14,37,,
2014/06/30,21,40,,,1,38,,
2014/06/30,22,40,,,2,37,,
2014/06/30,23,40,,,2,38,,
2014/06/30,24,39,,,2,37,,
2014/07/01,01,14,,,1,13,,
2014/07/01,02,4,,,1,2,,
2014/07/01,03,3,,,1,2,,
2014/07/01,04,3,,,1,2,,
2014/07/01,05,3,,,1,2,,
2014/07/01,06,3,,,1,2,,
2014/07/01,07,3,,,1,2,,
2014/07/01,08,3,,,1,2,,
2014/07/01,09,13,,,1,12,,
2014/07/01,10,15,,,1,14,,
2014/07/01,11,37,,,1,35,,
2014/07/01,12,61,,,25,36,,
2014/07/01,13,68,,,30,36,,
2014/07/01,14,64,,,27,36,,
2014/07/01,15,66,,,28,36,,
2014/07/01,16,61,,,25,36,,
2014/07/01,17,65,,,29,35,,
2014/07/01,18,62,,,26,36,,
2014/07/01,19,63,,,24,38,,
2014/07/01,20,69,,,29,39,,
2014/07/01,21,67,,,27,39,,
2014/07/01,22,67,,,27,39,,
2014/07/01,23,66,,,27,39,,
2014/07/01,24,61,,,23,38,,
2014/07/02,01,20,,,6,13,,
2014/07/02,02,3,,,1,2,,
2014/07/02,03,3,,,1,2,,
2014/07/02,04,3,,,1,2,,
2014/07/02,05,4,,,1,2,,
2014/07/02,06,3,,,1,2,,
2014/07/02,07,3,,,1,2,,
2014/07/02,08,3,,,1,2,,
2014/07/02,09,23,,,9,14,,
2014/07/02,10,35,,,14,20,,
2014/07/02,11,65,,,27,37,,
2014/07/02,12,67,,,30,36,,
2014/07/02,13,66,,,29,36,,
2014/07/02,14,63,,,27,35,,
2014/07/02,15,68,,,32,35,,
2014/07/02,16,46,,,10,35,,
2014/07/02,17,61,,,25,35,,
2014/07/02,18,54,,,18,35,,
2014/07/02,19,65,,,29,35,,
2014/07/02,20,54,,,15,39,,
2014/07/02,21,63,,,23,39,,
2014/07/02,22,40,,,2,38,,
2014/07/02,23,40,,,2,38,,
2014/07/02,24,40,,,2,37,,
2014/07/03,01,19,,,1,17,,
2014/07/03,02,4,,,1,3,,
2014/07/03,03,8,,,1,6,,
2014/07/03,04,3,,,1,2,,
2014/07/03,05,3,,,1,2,,
2014/07/03,06,3,,,1,2,,
2014/07/03,07,3,,,1,2,,
2014/07/03,08,3,,,1,2,,
2014/07/03,09,8,,,1,7,,
2014/07/03,10,38,,,23,15,,
2014/07/03,11,67,,,31,36,,
2014/07/03,12,66,,,30,36,,
2014/07/03,13,73,,,36,36,,
2014/07/03,14,71,,,35,35,,
2014/07/03,15,71,,,35,35,,
2014/07/03,16,72,,,36,35,,
2014/07/03,17,71,,,35,35,,
2014/07/03,18,73,,,35,36,,
2014/07/03,19,74,,,33,40,,
2014/07/03,20,72,,,32,40,,
2014/07/03,21,67,,,26,40,,
2014/07/03,22,68,,,27,40,,
2014/07/03,23,64,,,24,39,,
2014/07/03,24,63,,,24,38,,
2014/07/04,01,31,,,12,18,,
2014/07/04,02,19,,,1,17,,
2014/07/04,03,8,,,3,5,,
2014/07/04,04,3,,,1,2,,
2014/07/04,05,3,,,1,2,,
2014/07/04,06,3,,,1,2,,
2014/07/04,07,3,,,1,2,,
2014/07/04,08,3,,,1,2,,
2014/07/04,09,8,,,1,7,,
2014/07/04,10,44,,,22,22,,
2014/07/04,11,64,,,26,37,,
2014/07/04,12,65,,,27,37,,
2014/07/04,13,66,,,28,37,,
2014/07/04,14,69,,,31,37,,
2014/07/04,15,71,,,33,37,,
2014/07/04,16,59,,,22,36,,
2014/07/04,17,60,,,22,37,,
2014/07/04,18,60,,,22,37,,
2014/07/04,19,54,,,16,37,,
2014/07/04,20,51,,,12,39,,
2014/07/04,21,42,,,3,38,,
2014/07/04,22,70,,,29,39,,
2014/07/04,23,55,,,16,39,,
2014/07/04,24,58,,,19,39,,
2014/07/05,01,17,,,5,11,,
2014/07/05,02,4,,,1,2,,
2014/07/05,03,4,,,1,2,,
2014/07/05,04,3,,,1,2,,
2014/07/05,05,4,,,1,2,,
2014/07/05,06,3,,,1,2,,
2014/07/05,07,3,,,1,2,,
2014/07/05,08,3,,,1,2,,
2014/07/05,09,7,,,1,5,,
2014/07/05,10,23,,,1,21,,
2014/07/05,11,38,,,1,36,,
2014/07/05,12,38,,,2,35,,
2014/07/05,13,41,,,5,35,,
2014/07/05,14,42,,,6,35,,
2014/07/05,15,46,,,10,35,,
2014/07/05,16,64,,,27,36,,
2014/07/05,17,65,,,28,36,,
2014/07/05,18,61,,,24,36,,
2014/07/05,19,41,,,4,37,,
2014/07/05,20,40,,,2,38,,
2014/07/05,21,41,,,2,38,,
2014/07/05,22,41,,,2,38,,
2014/07/05,23,41,,,2,38,,
2014/07/05,24,39,,,2,37,,
2014/07/06,01,11,,,1,9,,
2014/07/06,02,3,,,1,2,,
2014/07/06,03,3,,,1,2,,
2014/07/06,04,3,,,1,2,,
2014/07/06,05,3,,,1,2,,
2014/07/06,06,3,,,1,2,,
2014/07/06,07,3,,,1,2,,
2014/07/06,08,3,,,1,2,,
2014/07/06,09,3,,,1,2,,
2014/07/06,10,12,,,1,11,,
2014/07/06,11,66,,,30,36,,
2014/07/06,12,69,,,32,36,,
2014/07/06,13,66,,,30,36,,
2014/07/06,14,61,,,24,36,,
2014/07/06,15,68,,,31,36,,
2014/07/06,16,65,,,29,36,,
2014/07/06,17,66,,,30,36,,
2014/07/06,18,47,,,11,35,,
2014/07/06,19,50,,,15,35,,
2014/07/06,20,41,,,6,35,,
2014/07/06,21,46,,,11,35,,
2014/07/06,22,55,,,20,35,,
2014/07/06,23,36,,,1,34,,
2014/07/06,24,35,,,1,34,,
2014/07/07,01,24,,,1,23,,
2014/07/07,02,13,,,4,9,,
2014/07/07,03,7,,,4,2,,
2014/07/07,04,4,,,2,2,,
2014/07/07,05,3,,,1,2,,
2014/07/07,06,3,,,1,2,,
2014/07/07,07,3,,,1,2,,
2014/07/07,08,3,,,1,2,,
2014/07/07,09,4,,,1,3,,
2014/07/07,10,35,,,22,13,,
2014/07/07,11,68,,,31,36,,
2014/07/07,12,82,,,34,46,,
2014/07/07,13,76,,,35,40,,
2014/07/07,14,74,,,37,36,,
2014/07/07,15,71,,,34,36,,
2014/07/07,16,70,,,34,35,,
2014/07/07,17,74,,,38,35,,
2014/07/07,18,72,,,36,36,,
2014/07/07,19,71,,,33,38,,
2014/07/07,20,71,,,30,41,,
2014/07/07,21,71,,,30,41,,
2014/07/07,22,50,,,9,40,,
2014/07/07,23,41,,,1,40,,
2014/07/07,24,41,,,2,39,,
2014/07/08,01,12,,,4,7,,
2014/07/08,02,3,,,1,2,,
2014/07/08,03,3,,,1,2,,
2014/07/08,04,3,,,1,2,,
2014/07/08,05,3,,,1,2,,
2014/07/08,06,3,,,1,2,,
2014/07/08,07,3,,,1,2,,
2014/07/08,08,3,,,1,2,,
2014/07/08,09,7,,,1,6,,
2014/07/08,10,19,,,1,17,,
2014/07/08,11,36,,,1,34,,
2014/07/08,12,39,,,5,34,,
2014/07/08,13,62,,,26,36,,
2014/07/08,14,63,,,27,35,,
2014/07/08,15,56,,,21,35,,
2014/07/08,16,64,,,28,35,,
2014/07/08,17,61,,,25,35,,
2014/07/08,18,56,,,20,35,,
2014/07/08,19,56,,,19,35,,
2014/07/08,20,60,,,24,36,,
2014/07/08,21,60,,,24,36,,
2014/07/08,22,40,,,5,34,,
2014/07/08,23,38,,,4,34,,
2014/07/08,24,37,,,3,34,,
2014/07/09,01,14,,,3,11,,
2014/07/09,02,3,,,1,2,,
2014/07/09,03,3,,,1,2,,
2014/07/09,04,3,,,1,2,,
2014/07/09,05,3,,,1,2,,
2014/07/09,06,3,,,1,2,,
2014/07/09,07,3,,,1,2,,
2014/07/09,08,8,,,4,4,,
2014/07/09,09,33,,,15,17,,
2014/07/09,10,35,,,14,21,,
2014/07/09,11,56,,,20,35,,
2014/07/09,12,59,,,23,35,,
2014/07/09,13,60,,,25,35,,
2014/07/09,14,58,,,23,34,,
2014/07/09,15,57,,,22,34,,
2014/07/09,16,56,,,21,34,,
2014/07/09,17,66,,,30,35,,
2014/07/09,18,64,,,27,37,,
2014/07/09,19,65,,,24,40,,
2014/07/09,20,61,,,21,40,,
2014/07/09,21,64,,,24,40,,
2014/07/09,22,62,,,22,40,,
2014/07/09,23,61,,,21,40,,
2014/07/09,24,60,,,20,39,,
2014/07/10,01,15,,,4,11,,
2014/07/10,02,3,,,1,2,,
2014/07/10,03,4,,,1,2,,
2014/07/10,04,3,,,1,2,,
2014/07/10,05,4,,,1,2,,
2014/07/10,06,3,,,1,2,,
2014/07/10,07,3,,,1,2,,
2014/07/10,08,3,,,1,2,,
2014/07/10,09,10,,,1,9,,
2014/07/10,10,33,,,15,17,,
2014/07/10,11,56,,,20,35,,
2014/07/10,12,58,,,22,35,,
2014/07/10,13,62,,,26,36,,
2014/07/10,14,58,,,22,35,,
2014/07/10,15,57,,,22,35,,
2014/07/10,16,55,,,20,35,,
2014/07/10,17,57,,,19,37,,
2014/07/10,18,65,,,24,40,,
2014/07/10,19,59,,,18,41,,
2014/07/10,20,61,,,20,41,,
2014/07/10,21,61,,,19,41,,
2014/07/10,22,59,,,17,41,,
2014/07/10,23,61,,,20,41,,
2014/07/10,24,56,,,16,39,,
2014/07/11,01,21,,,3,18,,
2014/07/11,02,13,,,1,12,,
2014/07/11,03,3,,,1,2,,
2014/07/11,04,3,,,1,2,,
2014/07/11,05,3,,,1,2,,
2014/07/11,06,3,,,1,2,,
2014/07/11,07,3,,,1,2,,
2014/07/11,08,3,,,1,2,,
2014/07/11,09,9,,,1,8,,
2014/07/11,10,46,,,23,22,,
2014/07/11,11,60,,,24,36,,
2014/07/11,12,65,,,29,35,,
2014/07/11,13,67,,,31,35,,
2014/07/11,14,68,,,33,35,,
2014/07/11,15,46,,,11,35,,
2014/07/11,16,57,,,21,35,,
2014/07/11,17,61,,,25,35,,
2014/07/11,18,65,,,29,35,,
2014/07/11,19,58,,,21,36,,
2014/07/11,20,60,,,20,40,,
2014/07/11,21,59,,,19,40,,
2014/07/11,22,57,,,17,40,,
2014/07/11,23,46,,,6,39,,
2014/07/11,24,50,,,10,39,,
2014/07/12,01,22,,,4,17,,
2014/07/12,02,13,,,1,12,,
2014/07/12,03,14,,,1,12,,
2014/07/12,04,9,,,1,8,,
2014/07/12,05,3,,,1,2,,
2014/07/12,06,3,,,1,2,,
2014/07/12,07,3,,,1,2,,
2014/07/12,08,3,,,1,2,,
2014/07/12,09,10,,,3,6,,
2014/07/12,10,32,,,13,19,,
2014/07/12,11,56,,,20,35,,
2014/07/12,12,56,,,20,35,,
2014/07/12,13,39,,,4,34,,
2014/07/12,14,73,,,36,35,,
2014/07/12,15,50,,,15,35,,
2014/07/12,16,64,,,29,35,,
2014/07/12,17,60,,,24,35,,
2014/07/12,18,59,,,23,35,,
2014/07/12,19,62,,,25,36,,
2014/07/12,20,58,,,21,36,,
2014/07/12,21,41,,,1,39,,
2014/07/12,22,66,,,25,40,,
2014/07/12,23,43,,,3,39,,
2014/07/12,24,59,,,20,39,,
2014/07/13,01,22,,,6,15,,
2014/07/13,02,3,,,1,2,,
2014/07/13,03,3,,,1,2,,
2014/07/13,04,3,,,1,2,,
2014/07/13,05,3,,,1,2,,
2014/07/13,06,3,,,1,2,,
2014/07/13,07,3,,,1,2,,
2014/07/13,08,3,,,1,2,,
2014/07/13,09,3,,,1,2,,
2014/07/13,10,16,,,8,7,,
2014/07/13,11,61,,,25,35,,
2014/07/13,12,35,,,1,34,,
2014/07/13,13,72,,,36,34,,
2014/07/13,14,55,,,20,35,,
2014/07/13,15,66,,,29,35,,
2014/07/13,16,60,,,24,35,,
2014/07/13,17,55,,,20,34,,
2014/07/13,18,50,,,15,34,,
2014/07/13,19,45,,,8,36,,
2014/07/13,20,68,,,27,40,,
2014/07/13,21,48,,,8,39,,
2014/07/13,22,63,,,23,40,,
2014/07/13,23,40,,,1,39,,
2014/07/13,24,40,,,1,38,,
2014/07/14,01,11,,,1,9,,
2014/07/14,02,3,,,1,2,,
2014/07/14,03,3,,,1,2,,
2014/07/14,04,3,,,1,2,,
2014/07/14,05,3,,,1,2,,
2014/07/14,06,3,,,1,2,,
2014/07/14,07,3,,,1,2,,
2014/07/14,08,3,,,1,2,,
2014/07/14,09,5,,,1,3,,
2014/07/14,10,37,,,22,15,,
2014/07/14,11,62,,,26,35,,
2014/07/14,12,57,,,21,35,,
2014/07/14,13,63,,,27,35,,
2014/07/14,14,55,,,20,35,,
2014/07/14,15,62,,,27,35,,
2014/07/14,16,64,,,28,35,,
2014/07/14,17,66,,,30,35,,
2014/07/14,18,64,,,28,35,,
2014/07/14,19,68,,,29,38,,
2014/07/14,20,68,,,27,40,,
2014/07/14,21,68,,,27,41,,
2014/07/14,22,66,,,24,40,,
2014/07/14,23,63,,,21,40,,
2014/07/14,24,65,,,25,40,,
2014/07/15,01,17,,,4,13,,
2014/07/15,02,4,,,1,2,,
2014/07/15,03,3,,,1,2,,
2014/07/15,04,3,,,1,2,,
2014/07/15,05,3,,,1,2,,
2014/07/15,06,3,,,1,2,,
2014/07/15,07,3,,,1,2,,
2014/07/15,08,3,,,1,2,,
2014/07/15,09,13,,,1,12,,
2014/07/15,10,47,,,25,21,,
2014/07/15,11,74,,,37,36,,
2014/07/15,12,76,,,40,36,,
2014/07/15,13,78,,,40,37,,
2014/07/15,14,77,,,41,36,,
2014/07/15,15,76,,,39,36,,
2014/07/15,16,76,,,39,36,,
2014/07/15,17,76,,,39,36,,
2014/07/15,18,74,,,37,36,,
2014/07/15,19,75,,,37,37,,
2014/07/15,20,76,,,33,41,,
2014/07/15,21,73,,,31,41,,
2014/07/15,22,71,,,30,41,,
2014/07/15,23,71,,,29,41,,
2014/07/15,24,70,,,28,41,,
2014/07/16,01,37,,,21,15,,
2014/07/16,02,3,,,1,2,,
2014/07/16,03,3,,,1,2,,
2014/07/16,04,3,,,1,2,,
2014/07/16,05,3,,,1,2,,
2014/07/16,06,3,,,1,2,,
2014/07/16,07,3,,,1,2,,
2014/07/16,08,3,,,1,2,,
2014/07/16,09,26,,,10,16,,
2014/07/16,10,33,,,14,19,,
2014/07/16,11,52,,,16,35,,
2014/07/16,12,63,,,27,35,,
2014/07/16,13,62,,,26,35,,
2014/07/16,14,60,,,25,35,,
2014/07/16,15,60,,,25,35,,
2014/07/16,16,60,,,24,35,,
2014/07/16,17,60,,,24,36,,
2014/07/16,18,59,,,23,36,,
2014/07/16,19,63,,,24,38,,
2014/07/16,20,65,,,24,40,,
2014/07/16,21,41,,,1,40,,
2014/07/16,22,69,,,28,40,,
2014/07/16,23,45,,,5,40,,
2014/07/16,24,43,,,3,39,,
2014/07/17,01,16,,,7,9,,
2014/07/17,02,3,,,1,2,,
2014/07/17,03,3,,,1,2,,
2014/07/17,04,3,,,1,2,,
2014/07/17,05,3,,,1,2,,
2014/07/17,06,3,,,1,2,,
2014/07/17,07,3,,,1,2,,
2014/07/17,08,3,,,1,2,,
2014/07/17,09,4,,,1,3,,
2014/07/17,10,30,,,15,14,,
2014/07/17,11,62,,,25,36,,
2014/07/17,12,63,,,27,36,,
2014/07/17,13,65,,,28,36,,
2014/07/17,14,64,,,28,35,,
2014/07/17,15,64,,,28,36,,
2014/07/17,16,64,,,27,36,,
2014/07/17,17,65,,,28,36,,
2014/07/17,18,66,,,28,36,,
2014/07/17,19,66,,,28,37,,
2014/07/17,20,67,,,26,41,,
2014/07/17,21,68,,,26,41,,
2014/07/17,22,67,,,25,41,,
2014/07/17,23,65,,,24,41,,
2014/07/17,24,63,,,22,40,,
2014/07/18,01,30,,,11,18,,
2014/07/18,02,10,,,1,9,,
2014/07/18,03,5,,,1,4,,
2014/07/18,04,3,,,1,2,,
2014/07/18,05,3,,,1,2,,
2014/07/18,06,3,,,1,2,,
2014/07/18,07,3,,,1,2,,
2014/07/18,08,3,,,1,2,,
2014/07/18,09,11,,,3,7,,
2014/07/18,10,46,,,26,19,,
2014/07/18,11,69,,,33,36,,
2014/07/18,12,67,,,30,36,,
2014/07/18,13,66,,,29,36,,
2014/07/18,14,69,,,33,35,,
2014/07/18,15,55,,,19,36,,
2014/07/18,16,55,,,19,36,,
2014/07/18,17,65,,,28,36,,
2014/07/18,18,51,,,15,35,,
2014/07/18,19,37,,,1,36,,
2014/07/18,20,71,,,29,40,,
2014/07/18,21,42,,,2,40,,
2014/07/18,22,64,,,23,40,,
2014/07/18,23,50,,,10,40,,
2014/07/18,24,40,,,1,39,,
2014/07/19,01,19,,,1,18,,
2014/07/19,02,10,,,1,9,,
2014/07/19,03,7,,,1,6,,
2014/07/19,04,6,,,1,4,,
2014/07/19,05,3,,,1,2,,
2014/07/19,06,3,,,1,2,,
2014/07/19,07,3,,,1,2,,
2014/07/19,08,3,,,1,2,,
2014/07/19,09,9,,,1,8,,
2014/07/19,10,39,,,18,20,,
2014/07/19,11,58,,,22,35,,
2014/07/19,12,59,,,23,35,,
2014/07/19,13,62,,,26,35,,
2014/07/19,14,63,,,27,35,,
2014/07/19,15,63,,,27,35,,
2014/07/19,16,64,,,28,35,,
2014/07/19,17,63,,,28,35,,
2014/07/19,18,62,,,26,35,,
2014/07/19,19,64,,,27,36,,
2014/07/19,20,65,,,23,41,,
2014/07/19,21,68,,,26,41,,
2014/07/19,22,66,,,24,41,,
2014/07/19,23,65,,,23,41,,
2014/07/19,24,63,,,22,40,,
2014/07/20,01,19,,,6,13,,
2014/07/20,02,4,,,1,2,,
2014/07/20,03,4,,,1,2,,
2014/07/20,04,4,,,1,2,,
2014/07/20,05,4,,,1,2,,
2014/07/20,06,4,,,1,2,,
2014/07/20,07,4,,,1,2,,
2014/07/20,08,4,,,1,2,,
2014/07/20,09,4,,,1,2,,
2014/07/20,10,20,,,7,13,,
2014/07/20,11,65,,,29,36,,
2014/07/20,12,69,,,32,36,,
2014/07/20,13,69,,,33,36,,
2014/07/20,14,66,,,29,36,,
2014/07/20,15,61,,,25,36,,
2014/07/20,16,62,,,26,36,,
2014/07/20,17,61,,,24,36,,
2014/07/20,18,59,,,23,36,,
2014/07/20,19,62,,,24,36,,
2014/07/20,20,46,,,6,40,,
2014/07/20,21,60,,,19,41,,
2014/07/20,22,72,,,30,41,,
2014/07/20,23,42,,,1,41,,
2014/07/20,24,41,,,1,40,,
2014/07/21,01,22,,,3,18,,
2014/07/21,02,16,,,7,9,,
2014/07/21,03,10,,,1,9,,
2014/07/21,04,10,,,1,9,,
2014/07/21,05,10,,,1,9,,
2014/07/21,06,10,,,1,9,,
2014/07/21,07,9,,,1,8,,
2014/07/21,08,3,,,1,2,,
2014/07/21,09,4,,,1,3,,
2014/07/21,10,34,,,19,14,,
2014/07/21,11,64,,,27,36,,
2014/07/21,12,68,,,32,36,,
2014/07/21,13,70,,,33,36,,
2014/07/21,14,66,,,30,36,,
2014/07/21,15,66,,,30,35,,
2014/07/21,16,66,,,30,35,,
2014/07/21,17,68,,,32,35,,
2014/07/21,18,66,,,30,35,,
2014/07/21,19,69,,,32,37,,
2014/07/21,20,72,,,31,41,,
2014/07/21,21,70,,,28,41,,
2014/07/21,22,68,,,26,40,,
2014/07/21,23,67,,,25,41,,
2014/07/21,24,67,,,26,40,,
2014/07/22,01,41,,,21,19,,
2014/07/22,02,4,,,1,2,,
2014/07/22,03,4,,,1,2,,
2014/07/22,04,3,,,1,2,,
2014/07/22,05,4,,,1,2,,
2014/07/22,06,3,,,1,2,,
2014/07/22,07,3,,,1,2,,
2014/07/22,08,3,,,1,2,,
2014/07/22,09,11,,,3,8,,
2014/07/22,10,24,,,7,17,,
2014/07/22,11,68,,,30,36,,
2014/07/22,12,67,,,31,36,,
2014/07/22,13,70,,,32,37,,
2014/07/22,14,69,,,31,37,,
2014/07/22,15,66,,,29,36,,
2014/07/22,16,65,,,28,36,,
2014/07/22,17,58,,,22,36,,
2014/07/22,18,37,,,1,35,,
2014/07/22,19,58,,,22,35,,
2014/07/22,20,47,,,6,40,,
2014/07/22,21,44,,,4,40,,
2014/07/22,22,63,,,22,40,,
2014/07/22,23,56,,,16,40,,
2014/07/22,24,40,,,1,39,,
2014/07/23,01,13,,,1,12,,
2014/07/23,02,3,,,1,2,,
2014/07/23,03,3,,,1,2,,
2014/07/23,04,3,,,1,2,,
2014/07/23,05,3,,,1,2,,
2014/07/23,06,3,,,1,2,,
2014/07/23,07,3,,,1,2,,
2014/07/23,08,11,,,1,10,,
2014/07/23,09,14,,,1,13,,
2014/07/23,10,29,,,12,16,,
2014/07/23,11,64,,,28,35,,
2014/07/23,12,64,,,28,36,,
2014/07/23,13,64,,,27,35,,
2014/07/23,14,61,,,25,35,,
2014/07/23,15,56,,,20,35,,
2014/07/23,16,66,,,30,35,,
2014/07/23,17,67,,,30,36,,
2014/07/23,18,68,,,32,36,,
2014/07/23,19,62,,,20,40,,
2014/07/23,20,45,,,4,40,,
2014/07/23,21,44,,,3,40,,
2014/07/23,22,73,,,32,41,,
2014/07/23,23,72,,,31,41,,
2014/07/23,24,67,,,26,40,,
2014/07/24,01,16,,,8,7,,
2014/07/24,02,3,,,1,2,,
2014/07/24,03,3,,,1,2,,
2014/07/24,04,3,,,1,2,,
2014/07/24,05,3,,,1,2,,
2014/07/24,06,3,,,1,2,,
2014/07/24,07,3,,,1,2,,
2014/07/24,08,4,,,1,2,,
2014/07/24,09,12,,,1,10,,
2014/07/24,10,36,,,19,17,,
2014/07/24,11,60,,,24,35,,
2014/07/24,12,62,,,26,36,,
2014/07/24,13,65,,,29,36,,
2014/07/24,14,64,,,29,35,,
2014/07/24,15,64,,,28,35,,
2014/07/24,16,67,,,30,36,,
2014/07/24,17,68,,,32,35,,
2014/07/24,18,63,,,27,36,,
2014/07/24,19,69,,,31,38,,
2014/07/24,20,71,,,29,41,,
2014/07/24,21,71,,,29,41,,
2014/07/24,22,68,,,27,40,,
2014/07/24,23,66,,,25,41,,
2014/07/24,24,61,,,22,39,,
2014/07/25,01,34,,,15,19,,
2014/07/25,02,10,,,3,6,,
2014/07/25,03,8,,,2,5,,
2014/07/25,04,3,,,1,2,,
2014/07/25,05,3,,,1,2,,
2014/07/25,06,3,,,1,2,,
2014/07/25,07,3,,,1,2,,
2014/07/25,08,3,,,1,2,,
2014/07/25,09,7,,,3,4,,
2014/07/25,10,43,,,21,22,,
2014/07/25,11,61,,,24,36,,
2014/07/25,12,54,,,18,35,,
2014/07/25,13,62,,,26,35,,
2014/07/25,14,58,,,23,35,,
2014/07/25,15,59,,,23,36,,
2014/07/25,16,56,,,20,36,,
2014/07/25,17,65,,,28,36,,
2014/07/25,18,62,,,25,36,,
2014/07/25,19,51,,,10,41,,
2014/07/25,20,41,,,1,40,,
2014/07/25,21,42,,,1,40,,
2014/07/25,22,57,,,16,40,,
2014/07/25,23,73,,,32,41,,
2014/07/25,24,72,,,32,40,,
2014/07/26,01,26,,,15,11,,
2014/07/26,02,3,,,1,2,,
2014/07/26,03,3,,,1,2,,
2014/07/26,04,3,,,1,2,,
2014/07/26,05,3,,,1,2,,
2014/07/26,06,3,,,1,2,,
2014/07/26,07,3,,,1,2,,
2014/07/26,08,3,,,1,2,,
2014/07/26,09,19,,,9,9,,
2014/07/26,10,38,,,19,19,,
2014/07/26,11,58,,,22,36,,
2014/07/26,12,53,,,17,35,,
2014/07/26,13,60,,,24,35,,
2014/07/26,14,61,,,24,36,,
2014/07/26,15,56,,,19,36,,
2014/07/26,16,59,,,22,36,,
2014/07/26,17,58,,,21,36,,
2014/07/26,18,58,,,22,36,,
2014/07/26,19,60,,,21,38,,
2014/07/26,20,62,,,20,41,,
2014/07/26,21,62,,,20,41,,
2014/07/26,22,64,,,22,41,,
2014/07/26,23,63,,,21,41,,
2014/07/26,24,59,,,19,39,,
2014/07/27,01,30,,,14,16,,
2014/07/27,02,3,,,1,2,,
2014/07/27,03,3,,,1,2,,
2014/07/27,04,3,,,1,2,,
2014/07/27,05,3,,,1,2,,
2014/07/27,06,3,,,1,2,,
2014/07/27,07,3,,,1,2,,
2014/07/27,08,3,,,1,2,,
2014/07/27,09,3,,,1,2,,
2014/07/27,10,16,,,7,9,,
2014/07/27,11,64,,,26,37,,
2014/07/27,12,61,,,24,37,,
2014/07/27,13,64,,,27,36,,
2014/07/27,14,63,,,25,37,,
2014/07/27,15,64,,,26,37,,
2014/07/27,16,65,,,28,37,,
2014/07/27,17,62,,,25,36,,
2014/07/27,18,62,,,25,36,,
2014/07/27,19,59,,,22,36,,
2014/07/27,20,58,,,21,36,,
2014/07/27,21,57,,,20,36,,
2014/07/27,22,57,,,20,36,,
2014/07/27,23,54,,,18,36,,
2014/07/27,24,56,,,20,36,,
2014/07/28,01,26,,,7,19,,
2014/07/28,02,19,,,1,17,,
2014/07/28,03,12,,,1,11,,
2014/07/28,04,6,,,1,5,,
2014/07/28,05,3,,,1,2,,
2014/07/28,06,3,,,1,2,,
2014/07/28,07,3,,,1,2,,
2014/07/28,08,3,,,1,2,,
2014/07/28,09,9,,,3,5,,
2014/07/28,10,31,,,15,15,,
2014/07/28,11,59,,,22,37,,
2014/07/28,12,61,,,24,36,,
2014/07/28,13,60,,,23,37,,
2014/07/28,14,61,,,24,37,,
2014/07/28,15,58,,,22,36,,
2014/07/28,16,63,,,26,36,,
2014/07/28,17,64,,,27,37,,
2014/07/28,18,66,,,29,36,,
2014/07/28,19,66,,,29,37,,
2014/07/28,20,63,,,26,36,,
2014/07/28,21,61,,,21,40,,
2014/07/28,22,65,,,23,41,,
2014/07/28,23,62,,,21,41,,
2014/07/28,24,61,,,20,40,,
2014/07/29,01,11,,,4,7,,
2014/07/29,02,3,,,1,2,,
2014/07/29,03,3,,,1,2,,
2014/07/29,04,3,,,1,2,,
2014/07/29,05,3,,,1,2,,
2014/07/29,06,3,,,1,2,,
2014/07/29,07,3,,,1,2,,
2014/07/29,08,11,,,2,9,,
2014/07/29,09,16,,,2,13,,
2014/07/29,10,20,,,2,17,,
2014/07/29,11,65,,,28,36,,
2014/07/29,12,72,,,35,36,,
2014/07/29,13,74,,,36,37,,
2014/07/29,14,75,,,38,36,,
2014/07/29,15,74,,,37,36,,
2014/07/29,16,75,,,38,36,,
2014/07/29,17,74,,,38,36,,
2014/07/29,18,75,,,38,36,,
2014/07/29,19,74,,,34,39,,
2014/07/29,20,72,,,30,41,,
2014/07/29,21,73,,,30,42,,
2014/07/29,22,70,,,28,41,,
2014/07/29,23,68,,,26,41,,
2014/07/29,24,68,,,27,40,,
2014/07/30,01,15,,,5,9,,
2014/07/30,02,3,,,1,2,,
2014/07/30,03,3,,,1,2,,
2014/07/30,04,3,,,1,2,,
2014/07/30,05,3,,,1,2,,
2014/07/30,06,3,,,1,2,,
2014/07/30,07,3,,,1,2,,
2014/07/30,08,11,,,1,9,,
2014/07/30,09,26,,,10,16,,
2014/07/30,10,35,,,15,20,,
2014/07/30,11,63,,,26,36,,
2014/07/30,12,54,,,18,36,,
2014/07/30,13,54,,,18,36,,
2014/07/30,14,61,,,26,35,,
2014/07/30,15,61,,,25,35,,
2014/07/30,16,67,,,31,35,,
2014/07/30,17,57,,,22,35,,
2014/07/30,18,68,,,32,35,,
2014/07/30,19,65,,,27,38,,
2014/07/30,20,59,,,17,41,,
2014/07/30,21,63,,,22,40,,
2014/07/30,22,58,,,17,40,,
2014/07/30,23,46,,,6,40,,
2014/07/30,24,41,,,1,40,,
2014/07/31,01,11,,,1,10,,
2014/07/31,02,5,,,1,4,,
2014/07/31,03,5,,,1,4,,
2014/07/31,04,5,,,1,4,,
2014/07/31,05,5,,,1,4,,
2014/07/31,06,5,,,1,4,,
2014/07/31,07,5,,,1,4,,
2014/07/31,08,4,,,1,3,,
2014/07/31,09,15,,,3,12,,
2014/07/31,10,51,,,29,21,,
2014/07/31,11,68,,,31,36,,
2014/07/31,12,70,,,33,36,,
2014/07/31,13,68,,,31,36,,
2014/07/31,14,68,,,31,35,,
2014/07/31,15,65,,,29,36,,
2014/07/31,16,65,,,28,35,,
2014/07/31,17,65,,,28,36,,
2014/07/31,18,65,,,28,36,,
2014/07/31,19,64,,,27,36,,
2014/07/31,20,63,,,26,36,,
2014/07/31,21,65,,,27,37,,
2014/07/31,22,62,,,25,36,,
2014/07/31,23,60,,,23,36,,
2014/07/31,24,61,,,24,37,,
2014/08/01,01,34,,,14,20,,
2014/08/01,02,17,,,5,12,,
2014/08/01,03,4,,,2,2,,
2014/08/01,04,3,,,1,2,,
2014/08/01,05,3,,,1,2,,
2014/08/01,06,3,,,1,2,,
2014/08/01,07,3,,,1,2,,
2014/08/01,08,6,,,1,5,,
2014/08/01,09,24,,,7,17,,
2014/08/01,10,52,,,29,22,,
2014/08/01,11,70,,,33,36,,
2014/08/01,12,74,,,37,36,,
2014/08/01,13,73,,,37,36,,
2014/08/01,14,75,,,39,35,,
2014/08/01,15,73,,,36,36,,
2014/08/01,16,68,,,31,36,,
2014/08/01,17,60,,,24,36,,
2014/08/01,18,50,,,14,35,,
2014/08/01,19,54,,,18,36,,
2014/08/01,20,71,,,31,39,,
2014/08/01,21,44,,,4,40,,
2014/08/01,22,60,,,19,40,,
2014/08/01,23,41,,,1,40,,
2014/08/01,24,55,,,16,38,,
2014/08/02,01,37,,,16,20,,
2014/08/02,02,16,,,8,8,,
2014/08/02,03,4,,,1,2,,
2014/08/02,04,4,,,1,2,,
2014/08/02,05,4,,,1,2,,
2014/08/02,06,4,,,1,2,,
2014/08/02,07,4,,,1,2,,
2014/08/02,08,4,,,1,2,,
2014/08/02,09,12,,,8,3,,
2014/08/02,10,38,,,22,16,,
2014/08/02,11,60,,,24,35,,
2014/08/02,12,60,,,24,35,,
2014/08/02,13,59,,,24,35,,
2014/08/02,14,60,,,24,35,,
2014/08/02,15,61,,,25,35,,
2014/08/02,16,59,,,23,35,,
2014/08/02,17,61,,,25,36,,
2014/08/02,18,61,,,25,35,,
2014/08/02,19,61,,,24,36,,
2014/08/02,20,66,,,26,40,,
2014/08/02,21,66,,,25,40,,
2014/08/02,22,64,,,24,40,,
2014/08/02,23,63,,,23,39,,
2014/08/02,24,59,,,22,36,,
2014/08/03,01,36,,,18,18,,
2014/08/03,02,4,,,1,2,,
2014/08/03,03,3,,,1,2,,
2014/08/03,04,3,,,1,2,,
2014/08/03,05,3,,,1,2,,
2014/08/03,06,3,,,1,2,,
2014/08/03,07,3,,,1,2,,
2014/08/03,08,3,,,1,2,,
2014/08/03,09,9,,,1,7,,
2014/08/03,10,23,,,11,12,,
2014/08/03,11,69,,,32,36,,
2014/08/03,12,70,,,34,35,,
2014/08/03,13,72,,,36,35,,
2014/08/03,14,55,,,20,35,,
2014/08/03,15,56,,,21,35,,
2014/08/03,16,58,,,23,35,,
2014/08/03,17,62,,,27,35,,
2014/08/03,18,48,,,13,34,,
2014/08/03,19,65,,,27,37,,
2014/08/03,20,45,,,5,39,,
2014/08/03,21,61,,,20,40,,
2014/08/03,22,41,,,1,39,,
2014/08/03,23,65,,,24,40,,
2014/08/03,24,52,,,11,40,,
2014/08/04,01,37,,,13,24,,
2014/08/04,02,23,,,11,12,,
2014/08/04,03,27,,,15,12,,
2014/08/04,04,19,,,7,11,,
2014/08/04,05,16,,,4,11,,
2014/08/04,06,7,,,3,4,,
2014/08/04,07,6,,,3,3,,
2014/08/04,08,35,,,18,16,,
2014/08/04,09,44,,,25,18,,
2014/08/04,10,44,,,25,19,,
2014/08/04,11,50,,,25,24,,
2014/08/04,12,56,,,26,30,,
2014/08/04,13,51,,,22,29,,
2014/08/04,14,57,,,24,33,,
2014/08/04,15,63,,,28,34,,
2014/08/04,16,61,,,27,33,,
2014/08/04,17,64,,,30,33,,
2014/08/04,18,63,,,28,34,,
2014/08/04,19,65,,,25,39,,
2014/08/04,20,67,,,25,41,,
2014/08/04,21,67,,,25,41,,
2014/08/04,22,67,,,25,41,,
2014/08/04,23,67,,,24,41,,
2014/08/04,24,66,,,25,40,,
2014/08/05,01,14,,,2,12,,
2014/08/05,02,3,,,1,2,,
2014/08/05,03,3,,,1,2,,
2014/08/05,04,3,,,1,2,,
2014/08/05,05,3,,,1,2,,
2014/08/05,06,3,,,1,2,,
2014/08/05,07,3,,,1,2,,
2014/08/05,08,3,,,1,2,,
2014/08/05,09,10,,,1,9,,
2014/08/05,10,40,,,21,19,,
2014/08/05,11,69,,,32,36,,
2014/08/05,12,69,,,32,36,,
2014/08/05,13,70,,,33,36,,
2014/08/05,14,67,,,30,36,,
2014/08/05,15,68,,,31,36,,
2014/08/05,16,66,,,29,36,,
2014/08/05,17,39,,,3,35,,
2014/08/05,18,38,,,2,35,,
2014/08/05,19,67,,,26,40,,
2014/08/05,20,42,,,1,40,,
2014/08/05,21,73,,,31,41,,
2014/08/05,22,55,,,14,40,,
2014/08/05,23,53,,,12,40,,
2014/08/05,24,51,,,11,39,,
2014/08/06,01,29,,,17,12,,
2014/08/06,02,3,,,1,2,,
2014/08/06,03,3,,,1,2,,
2014/08/06,04,3,,,1,2,,
2014/08/06,05,3,,,1,2,,
2014/08/06,06,3,,,1,2,,
2014/08/06,07,3,,,1,2,,
2014/08/06,08,11,,,1,9,,
2014/08/06,09,28,,,14,14,,
2014/08/06,10,48,,,28,19,,
2014/08/06,11,64,,,28,36,,
2014/08/06,12,66,,,29,36,,
2014/08/06,13,65,,,28,36,,
2014/08/06,14,66,,,30,36,,
2014/08/06,15,63,,,27,36,,
2014/08/06,16,62,,,25,36,,
2014/08/06,17,65,,,28,36,,
2014/08/06,18,65,,,28,36,,
2014/08/06,19,69,,,28,41,,
2014/08/06,20,70,,,28,41,,
2014/08/06,21,65,,,23,41,,
2014/08/06,22,68,,,27,41,,
2014/08/06,23,67,,,26,41,,
2014/08/06,24,64,,,23,40,,
2014/08/07,01,35,,,19,16,,
2014/08/07,02,4,,,1,2,,
2014/08/07,03,3,,,1,2,,
2014/08/07,04,3,,,1,2,,
2014/08/07,05,3,,,1,2,,
2014/08/07,06,3,,,1,2,,
2014/08/07,07,3,,,1,2,,
2014/08/07,08,4,,,1,3,,
2014/08/07,09,13,,,3,10,,
2014/08/07,10,21,,,2,18,,
2014/08/07,11,52,,,16,36,,
2014/08/07,12,65,,,28,36,,
2014/08/07,13,64,,,28,36,,
2014/08/07,14,63,,,27,36,,
2014/08/07,15,65,,,28,36,,
2014/08/07,16,61,,,25,36,,
2014/08/07,17,62,,,25,36,,
2014/08/07,18,65,,,26,38,,
2014/08/07,19,67,,,25,41,,
2014/08/07,20,69,,,27,41,,
2014/08/07,21,68,,,26,41,,
2014/08/07,22,63,,,22,41,,
2014/08/07,23,66,,,25,41,,
2014/08/07,24,63,,,24,39,,
2014/08/08,01,26,,,9,16,,
2014/08/08,02,3,,,1,2,,
2014/08/08,03,3,,,1,2,,
2014/08/08,04,3,,,1,2,,
2014/08/08,05,3,,,1,2,,
2014/08/08,06,3,,,1,2,,
2014/08/08,07,3,,,1,2,,
2014/08/08,08,3,,,1,2,,
2014/08/08,09,9,,,1,7,,
2014/08/08,10,29,,,10,19,,
2014/08/08,11,53,,,16,36,,
2014/08/08,12,62,,,25,36,,
2014/08/08,13,64,,,27,36,,
2014/08/08,14,63,,,27,35,,
2014/08/08,15,61,,,25,35,,
2014/08/08,16,60,,,24,36,,
2014/08/08,17,52,,,16,35,,
2014/08/08,18,71,,,30,40,,
2014/08/08,19,76,,,32,44,,
2014/08/08,20,72,,,28,43,,
2014/08/08,21,72,,,27,44,,
2014/08/08,22,73,,,29,43,,
2014/08/08,23,71,,,27,43,,
2014/08/08,24,63,,,21,41,,
2014/08/09,01,42,,,21,21,,
2014/08/09,02,27,,,11,15,,
2014/08/09,03,15,,,2,13,,
2014/08/09,04,11,,,2,9,,
2014/08/09,05,3,,,1,2,,
2014/08/09,06,3,,,1,2,,
2014/08/09,07,3,,,1,2,,
2014/08/09,08,3,,,1,2,,
2014/08/09,09,11,,,1,10,,
2014/08/09,10,29,,,7,22,,
2014/08/09,11,53,,,17,36,,
2014/08/09,12,55,,,19,35,,
2014/08/09,13,58,,,22,35,,
2014/08/09,14,49,,,13,35,,
2014/08/09,15,64,,,28,35,,
2014/08/09,16,57,,,22,35,,
2014/08/09,17,57,,,21,35,,
2014/08/09,18,51,,,16,35,,
2014/08/09,19,70,,,31,38,,
2014/08/09,20,58,,,17,41,,
2014/08/09,21,63,,,21,41,,
2014/08/09,22,63,,,21,41,,
2014/08/09,23,50,,,9,41,,
2014/08/09,24,44,,,5,38,,
2014/08/10,01,33,,,10,22,,
2014/08/10,02,9,,,1,8,,
2014/08/10,03,4,,,1,2,,
2014/08/10,04,3,,,1,2,,
2014/08/10,05,4,,,1,2,,
2014/08/10,06,3,,,1,2,,
2014/08/10,07,3,,,1,2,,
2014/08/10,08,3,,,1,2,,
2014/08/10,09,12,,,1,11,,
2014/08/10,10,19,,,1,17,,
2014/08/10,11,60,,,23,36,,
2014/08/10,12,58,,,23,35,,
2014/08/10,13,59,,,23,35,,
2014/08/10,14,61,,,25,35,,
2014/08/10,15,62,,,26,36,,
2014/08/10,16,61,,,25,35,,
2014/08/10,17,58,,,23,35,,
2014/08/10,18,60,,,23,36,,
2014/08/10,19,67,,,26,40,,
2014/08/10,20,67,,,26,40,,
2014/08/10,21,61,,,20,41,,
2014/08/10,22,62,,,21,40,,
2014/08/10,23,60,,,18,41,,
2014/08/10,24,61,,,21,40,,
2014/08/11,01,18,,,5,12,,
2014/08/11,02,3,,,1,2,,
2014/08/11,03,3,,,1,2,,
2014/08/11,04,3,,,1,2,,
2014/08/11,05,3,,,1,2,,
2014/08/11,06,3,,,1,2,,
2014/08/11,07,3,,,1,2,,
2014/08/11,08,3,,,1,2,,
2014/08/11,09,4,,,1,3,,
2014/08/11,10,19,,,6,13,,
2014/08/11,11,64,,,26,37,,
2014/08/11,12,65,,,29,36,,
2014/08/11,13,65,,,28,36,,
2014/08/11,14,62,,,26,36,,
2014/08/11,15,65,,,29,36,,
2014/08/11,16,65,,,29,36,,
2014/08/11,17,63,,,27,36,,
2014/08/11,18,69,,,32,37,,
2014/08/11,19,70,,,28,42,,
2014/08/11,20,72,,,30,41,,
2014/08/11,21,69,,,26,41,,
2014/08/11,22,69,,,27,41,,
2014/08/11,23,69,,,27,41,,
2014/08/11,24,66,,,26,40,,
2014/08/12,01,18,,,3,14,,
2014/08/12,02,3,,,1,2,,
2014/08/12,03,3,,,1,2,,
2014/08/12,04,3,,,1,2,,
2014/08/12,05,4,,,1,2,,
2014/08/12,06,3,,,1,2,,
2014/08/12,07,3,,,1,2,,
2014/08/12,08,6,,,1,5,,
2014/08/12,09,16,,,3,13,,
2014/08/12,10,21,,,3,18,,
2014/08/12,11,40,,,3,36,,
2014/08/12,12,55,,,18,37,,
2014/08/12,13,63,,,25,37,,
2014/08/12,14,65,,,27,37,,
2014/08/12,15,65,,,27,37,,
2014/08/12,16,55,,,17,37,,
2014/08/12,17,69,,,32,37,,
2014/08/12,18,56,,,18,37,,
2014/08/12,19,61,,,22,38,,
2014/08/12,20,59,,,18,41,,
2014/08/12,21,60,,,19,41,,
2014/08/12,22,59,,,18,40,,
2014/08/12,23,58,,,18,40,,
2014/08/12,24,59,,,20,39,,
2014/08/13,01,17,,,4,12,,
2014/08/13,02,4,,,1,2,,
2014/08/13,03,4,,,1,2,,
2014/08/13,04,4,,,1,2,,
2014/08/13,05,4,,,1,2,,
2014/08/13,06,4,,,1,2,,
2014/08/13,07,4,,,1,2,,
2014/08/13,08,4,,,1,3,,
2014/08/13,09,29,,,13,16,,
2014/08/13,10,41,,,22,20,,
2014/08/13,11,63,,,26,36,,
2014/08/13,12,52,,,16,35,,
2014/08/13,13,56,,,20,35,,
2014/08/13,14,57,,,21,35,,
2014/08/13,15,62,,,26,35,,
2014/08/13,16,58,,,22,35,,
2014/08/13,17,56,,,20,35,,
2014/08/13,18,66,,,30,35,,
2014/08/13,19,68,,,29,38,,
2014/08/13,20,70,,,28,41,,
2014/08/13,21,64,,,22,42,,
2014/08/13,22,48,,,7,40,,
2014/08/13,23,68,,,27,41,,
2014/08/13,24,69,,,28,40,,
2014/08/14,01,31,,,19,11,,
2014/08/14,02,3,,,1,2,,
2014/08/14,03,3,,,1,2,,
2014/08/14,04,3,,,1,2,,
2014/08/14,05,4,,,1,2,,
2014/08/14,06,3,,,1,2,,
2014/08/14,07,3,,,1,2,,
2014/08/14,08,4,,,1,3,,
2014/08/14,09,11,,,1,9,,
2014/08/14,10,47,,,28,18,,
2014/08/14,11,65,,,28,36,,
2014/08/14,12,66,,,29,36,,
2014/08/14,13,63,,,27,36,,
2014/08/14,14,62,,,26,35,,
2014/08/14,15,63,,,27,35,,
2014/08/14,16,64,,,27,36,,
2014/08/14,17,67,,,30,36,,
2014/08/14,18,62,,,26,36,,
2014/08/14,19,64,,,23,40,,
2014/08/14,20,70,,,27,41,,
2014/08/14,21,72,,,30,42,,
2014/08/14,22,69,,,27,41,,
2014/08/14,23,65,,,23,42,,
2014/08/14,24,63,,,22,41,,
2014/08/15,01,30,,,12,18,,
2014/08/15,02,16,,,1,15,,
2014/08/15,03,8,,,2,6,,
2014/08/15,04,6,,,1,5,,
2014/08/15,05,3,,,1,2,,
2014/08/15,06,3,,,1,2,,
2014/08/15,07,3,,,1,2,,
2014/08/15,08,4,,,1,3,,
2014/08/15,09,14,,,1,13,,
2014/08/15,10,35,,,14,20,,
2014/08/15,11,57,,,21,36,,
2014/08/15,12,55,,,19,35,,
2014/08/15,13,53,,,17,35,,
2014/08/15,14,59,,,23,36,,
2014/08/15,15,57,,,20,36,,
2014/08/15,16,58,,,21,36,,
2014/08/15,17,53,,,17,36,,
2014/08/15,18,65,,,28,36,,
2014/08/15,19,68,,,27,41,,
2014/08/15,20,64,,,22,41,,
2014/08/15,21,68,,,26,41,,
2014/08/15,22,67,,,26,41,,
2014/08/15,23,65,,,23,41,,
2014/08/15,24,61,,,20,40,,
2014/08/16,01,24,,,10,13,,
2014/08/16,02,11,,,2,9,,
2014/08/16,03,10,,,1,9,,
2014/08/16,04,4,,,1,3,,
2014/08/16,05,3,,,1,2,,
2014/08/16,06,3,,,1,2,,
2014/08/16,07,3,,,1,2,,
2014/08/16,08,3,,,1,2,,
2014/08/16,09,10,,,3,6,,
2014/08/16,10,26,,,10,16,,
2014/08/16,11,61,,,25,35,,
2014/08/16,12,64,,,28,35,,
2014/08/16,13,58,,,21,35,,
2014/08/16,14,64,,,27,36,,
2014/08/16,15,65,,,28,36,,
2014/08/16,16,64,,,27,36,,
2014/08/16,17,61,,,25,35,,
2014/08/16,18,60,,,24,35,,
2014/08/16,19,69,,,28,40,,
2014/08/16,20,67,,,26,40,,
2014/08/16,21,64,,,23,41,,
2014/08/16,22,65,,,24,40,,
2014/08/16,23,69,,,27,41,,
2014/08/16,24,64,,,23,40,,
2014/08/17,01,25,,,9,16,,
2014/08/17,02,5,,,1,4,,
2014/08/17,03,3,,,1,2,,
2014/08/17,04,3,,,1,2,,
2014/08/17,05,3,,,1,2,,
2014/08/17,06,3,,,1,2,,
2014/08/17,07,3,,,1,2,,
2014/08/17,08,3,,,1,2,,
2014/08/17,09,9,,,1,7,,
2014/08/17,10,24,,,5,18,,
2014/08/17,11,62,,,26,35,,
2014/08/17,12,63,,,27,35,,
2014/08/17,13,61,,,25,35,,
2014/08/17,14,62,,,25,36,,
2014/08/17,15,62,,,25,36,,
2014/08/17,16,62,,,25,36,,
2014/08/17,17,62,,,26,35,,
2014/08/17,18,62,,,26,35,,
2014/08/17,19,63,,,23,39,,
2014/08/17,20,59,,,18,40,,
2014/08/17,21,61,,,20,40,,
2014/08/17,22,61,,,21,40,,
2014/08/17,23,62,,,21,40,,
2014/08/17,24,60,,,19,40,,
2014/08/18,01,17,,,4,12,,
2014/08/18,02,9,,,2,6,,
2014/08/18,03,9,,,2,6,,
2014/08/18,04,5,,,1,4,,
2014/08/18,05,3,,,1,2,,
2014/08/18,06,3,,,1,2,,
2014/08/18,07,3,,,1,2,,
2014/08/18,08,3,,,1,2,,
2014/08/18,09,11,,,2,8,,
2014/08/18,10,42,,,26,16,,
2014/08/18,11,64,,,27,36,,
2014/08/18,12,60,,,24,36,,
2014/08/18,13,65,,,27,37,,
2014/08/18,14,64,,,28,36,,
2014/08/18,15,64,,,28,35,,
2014/08/18,16,66,,,29,36,,
2014/08/18,17,63,,,27,36,,
2014/08/18,18,58,,,21,36,,
2014/08/18,19,70,,,28,42,,
2014/08/18,20,69,,,27,42,,
2014/08/18,21,66,,,24,41,,
2014/08/18,22,66,,,24,41,,
2014/08/18,23,69,,,27,41,,
2014/08/18,24,64,,,23,40,,
2014/08/19,01,35,,,21,14,,
2014/08/19,02,5,,,2,2,,
2014/08/19,03,3,,,1,2,,
2014/08/19,04,3,,,1,2,,
2014/08/19,05,3,,,1,2,,
2014/08/19,06,3,,,1,2,,
2014/08/19,07,3,,,1,2,,
2014/08/19,08,7,,,1,6,,
2014/08/19,09,14,,,1,13,,
2014/08/19,10,16,,,1,15,,
2014/08/19,11,44,,,8,36,,
2014/08/19,12,65,,,27,36,,
2014/08/19,13,59,,,21,37,,
2014/08/19,14,57,,,20,36,,
2014/08/19,15,61,,,24,36,,
2014/08/19,16,59,,,23,36,,
2014/08/19,17,58,,,21,36,,
2014/08/19,18,62,,,22,39,,
2014/08/19,19,67,,,24,42,,
2014/08/19,20,67,,,24,42,,
2014/08/19,21,62,,,20,41,,
2014/08/19,22,64,,,22,41,,
2014/08/19,23,63,,,21,41,,
2014/08/19,24,61,,,20,40,,
2014/08/20,01,19,,,8,10,,
2014/08/20,02,5,,,1,4,,
2014/08/20,03,4,,,1,2,,
2014/08/20,04,4,,,1,2,,
2014/08/20,05,4,,,1,2,,
2014/08/20,06,4,,,1,2,,
2014/08/20,07,3,,,1,2,,
2014/08/20,08,10,,,1,9,,
2014/08/20,09,24,,,6,18,,
2014/08/20,10,27,,,6,20,,
2014/08/20,11,64,,,27,36,,
2014/08/20,12,62,,,26,36,,
2014/08/20,13,65,,,29,36,,
2014/08/20,14,58,,,22,35,,
2014/08/20,15,62,,,26,36,,
2014/08/20,16,63,,,26,36,,
2014/08/20,17,60,,,24,36,,
2014/08/20,18,68,,,27,40,,
2014/08/20,19,68,,,26,41,,
2014/08/20,20,67,,,25,41,,
2014/08/20,21,68,,,26,41,,
2014/08/20,22,65,,,23,41,,
2014/08/20,23,68,,,26,41,,
2014/08/20,24,62,,,21,40,,
2014/08/21,01,20,,,10,9,,
2014/08/21,02,3,,,1,2,,
2014/08/21,03,4,,,1,2,,
2014/08/21,04,3,,,1,2,,
2014/08/21,05,4,,,1,2,,
2014/08/21,06,4,,,1,2,,
2014/08/21,07,3,,,1,2,,
2014/08/21,08,5,,,1,4,,
2014/08/21,09,20,,,1,19,,
2014/08/21,10,42,,,17,24,,
2014/08/21,11,62,,,25,36,,
2014/08/21,12,63,,,26,36,,
2014/08/21,13,63,,,26,36,,
2014/08/21,14,62,,,26,36,,
2014/08/21,15,64,,,27,36,,
2014/08/21,16,64,,,27,36,,
2014/08/21,17,63,,,26,36,,
2014/08/21,18,65,,,28,37,,
2014/08/21,19,69,,,28,40,,
2014/08/21,20,67,,,25,42,,
2014/08/21,21,69,,,27,41,,
2014/08/21,22,68,,,26,42,,
2014/08/21,23,66,,,24,41,,
2014/08/21,24,61,,,20,40,,
2014/08/22,01,32,,,13,19,,
2014/08/22,02,6,,,1,5,,
2014/08/22,03,4,,,1,2,,
2014/08/22,04,3,,,1,2,,
2014/08/22,05,3,,,1,2,,
2014/08/22,06,4,,,1,2,,
2014/08/22,07,4,,,1,2,,
2014/08/22,08,5,,,1,3,,
2014/08/22,09,14,,,1,13,,
2014/08/22,10,30,,,9,20,,
2014/08/22,11,49,,,12,36,,
2014/08/22,12,62,,,25,36,,
2014/08/22,13,62,,,25,36,,
2014/08/22,14,62,,,26,36,,
2014/08/22,15,58,,,21,36,,
2014/08/22,16,57,,,20,36,,
2014/08/22,17,58,,,21,37,,
2014/08/22,18,62,,,21,41,,
2014/08/22,19,67,,,25,42,,
2014/08/22,20,65,,,23,42,,
2014/08/22,21,63,,,21,42,,
2014/08/22,22,61,,,18,42,,
2014/08/22,23,62,,,21,41,,
2014/08/22,24,60,,,19,40,,
2014/08/23,01,21,,,7,14,,
2014/08/23,02,8,,,1,6,,
2014/08/23,03,8,,,1,6,,
2014/08/23,04,6,,,1,5,,
2014/08/23,05,3,,,1,2,,
2014/08/23,06,3,,,1,2,,
2014/08/23,07,3,,,1,2,,
2014/08/23,08,3,,,1,2,,
2014/08/23,09,11,,,4,7,,
2014/08/23,10,27,,,6,20,,
2014/08/23,11,51,,,14,37,,
2014/08/23,12,50,,,14,36,,
2014/08/23,13,64,,,28,36,,
2014/08/23,14,65,,,29,36,,
2014/08/23,15,65,,,28,36,,
2014/08/23,16,56,,,20,35,,
2014/08/23,17,55,,,19,36,,
2014/08/23,18,55,,,19,35,,
2014/08/23,19,59,,,18,41,,
2014/08/23,20,59,,,18,41,,
2014/08/23,21,59,,,17,41,,
2014/08/23,22,61,,,19,41,,
2014/08/23,23,58,,,17,41,,
2014/08/23,24,54,,,14,40,,
2014/08/24,01,22,,,7,15,,
2014/08/24,02,4,,,1,2,,
2014/08/24,03,4,,,1,2,,
2014/08/24,04,3,,,1,2,,
2014/08/24,05,4,,,1,2,,
2014/08/24,06,4,,,1,2,,
2014/08/24,07,4,,,1,2,,
2014/08/24,08,10,,,1,9,,
2014/08/24,09,14,,,1,13,,
2014/08/24,10,23,,,5,18,,
2014/08/24,11,52,,,15,36,,
2014/08/24,12,55,,,19,36,,
2014/08/24,13,60,,,24,36,,
2014/08/24,14,61,,,25,35,,
2014/08/24,15,62,,,26,35,,
2014/08/24,16,63,,,27,36,,
2014/08/24,17,64,,,28,35,,
2014/08/24,18,59,,,23,35,,
2014/08/24,19,62,,,23,38,,
2014/08/24,20,62,,,21,41,,
2014/08/24,21,61,,,19,41,,
2014/08/24,22,60,,,18,41,,
2014/08/24,23,60,,,18,41,,
2014/08/24,24,59,,,19,40,,
2014/08/25,01,26,,,7,20,,
2014/08/25,02,10,,,1,9,,
2014/08/25,03,4,,,1,2,,
2014/08/25,04,3,,,1,2,,
2014/08/25,05,4,,,1,2,,
2014/08/25,06,3,,,1,2,,
2014/08/25,07,3,,,1,2,,
2014/08/25,08,3,,,1,2,,
2014/08/25,09,4,,,1,3,,
2014/08/25,10,19,,,5,13,,
2014/08/25,11,47,,,10,36,,
2014/08/25,12,51,,,15,36,,
2014/08/25,13,58,,,22,36,,
2014/08/25,14,56,,,20,35,,
2014/08/25,15,63,,,27,35,,
2014/08/25,16,64,,,28,36,,
2014/08/25,17,64,,,27,36,,
2014/08/25,18,66,,,28,37,,
2014/08/25,19,67,,,24,42,,
2014/08/25,20,64,,,22,41,,
2014/08/25,21,61,,,18,42,,
2014/08/25,22,64,,,22,42,,
2014/08/25,23,59,,,18,41,,
2014/08/25,24,56,,,16,40,,
2014/08/26,01,17,,,8,8,,
2014/08/26,02,3,,,1,2,,
2014/08/26,03,3,,,1,2,,
2014/08/26,04,3,,,1,2,,
2014/08/26,05,3,,,1,2,,
2014/08/26,06,3,,,1,2,,
2014/08/26,07,3,,,1,2,,
2014/08/26,08,4,,,1,3,,
2014/08/26,09,14,,,1,13,,
2014/08/26,10,16,,,1,15,,
2014/08/26,11,50,,,14,35,,
2014/08/26,12,56,,,20,36,,
2014/08/26,13,59,,,22,37,,
2014/08/26,14,61,,,24,36,,
2014/08/26,15,67,,,30,37,,
2014/08/26,16,65,,,28,36,,
2014/08/26,17,63,,,25,37,,
2014/08/26,18,61,,,24,37,,
2014/08/26,19,64,,,26,38,,
2014/08/26,20,61,,,20,40,,
2014/08/26,21,61,,,20,41,,
2014/08/26,22,60,,,18,41,,
2014/08/26,23,57,,,16,41,,
2014/08/26,24,56,,,15,40,,
2014/08/27,01,18,,,7,11,,
2014/08/27,02,3,,,1,2,,
2014/08/27,03,3,,,1,2,,
2014/08/27,04,3,,,1,2,,
2014/08/27,05,3,,,1,2,,
2014/08/27,06,3,,,1,2,,
2014/08/27,07,3,,,1,2,,
2014/08/27,08,4,,,1,2,,
2014/08/27,09,18,,,2,15,,
2014/08/27,10,26,,,6,19,,
2014/08/27,11,47,,,11,35,,
2014/08/27,12,51,,,15,35,,
2014/08/27,13,54,,,18,35,,
2014/08/27,14,62,,,27,35,,
2014/08/27,15,59,,,23,35,,
2014/08/27,16,60,,,24,35,,
2014/08/27,17,58,,,22,36,,
2014/08/27,18,63,,,26,37,,
2014/08/27,19,67,,,25,41,,
2014/08/27,20,62,,,20,40,,
2014/08/27,21,61,,,19,41,,
2014/08/27,22,57,,,15,41,,
2014/08/27,23,61,,,20,41,,
2014/08/27,24,56,,,15,40,,
2014/08/28,01,23,,,11,11,,
2014/08/28,02,3,,,1,2,,
2014/08/28,03,3,,,1,2,,
2014/08/28,04,3,,,1,2,,
2014/08/28,05,3,,,1,2,,
2014/08/28,06,3,,,1,2,,
2014/08/28,07,3,,,1,2,,
2014/08/28,08,4,,,1,3,,
2014/08/28,09,18,,,3,15,,
2014/08/28,10,23,,,4,19,,
2014/08/28,11,58,,,21,36,,
2014/08/28,12,54,,,18,36,,
2014/08/28,13,59,,,23,36,,
2014/08/28,14,61,,,25,35,,
2014/08/28,15,58,,,22,35,,
2014/08/28,16,60,,,24,35,,
2014/08/28,17,62,,,26,36,,
2014/08/28,18,67,,,30,36,,
2014/08/28,19,65,,,23,41,,
2014/08/28,20,66,,,24,41,,
2014/08/28,21,67,,,25,41,,
2014/08/28,22,64,,,22,41,,
2014/08/28,23,62,,,20,41,,
2014/08/28,24,60,,,19,41,,
2014/08/29,01,47,,,13,34,,
2014/08/29,02,34,,,1,33,,
2014/08/29,03,34,,,1,33,,
2014/08/29,04,32,,,1,30,,
2014/08/29,05,3,,,1,2,,
2014/08/29,06,3,,,1,2,,
2014/08/29,07,3,,,1,2,,
2014/08/29,08,9,,,1,8,,
2014/08/29,09,26,,,12,13,,
2014/08/29,10,40,,,18,21,,
2014/08/29,11,54,,,17,36,,
2014/08/29,12,62,,,26,36,,
2014/08/29,13,64,,,28,35,,
2014/08/29,14,61,,,25,35,,
2014/08/29,15,62,,,26,35,,
2014/08/29,16,63,,,26,36,,
2014/08/29,17,60,,,24,36,,
2014/08/29,18,61,,,25,36,,
2014/08/29,19,66,,,25,41,,
2014/08/29,20,68,,,26,41,,
2014/08/29,21,64,,,23,41,,
2014/08/29,22,63,,,22,41,,
2014/08/29,23,60,,,19,40,,
2014/08/29,24,64,,,23,40,,
2014/08/30,01,27,,,8,18,,
2014/08/30,02,4,,,1,3,,
2014/08/30,03,3,,,1,2,,
2014/08/30,04,3,,,1,2,,
2014/08/30,05,3,,,1,2,,
2014/08/30,06,3,,,1,2,,
2014/08/30,07,3,,,1,2,,
2014/08/30,08,3,,,1,2,,
2014/08/30,09,8,,,4,4,,
2014/08/30,10,29,,,10,19,,
2014/08/30,11,52,,,15,36,,
2014/08/30,12,62,,,25,36,,
2014/08/30,13,66,,,29,36,,
2014/08/30,14,61,,,24,36,,
2014/08/30,15,65,,,28,36,,
2014/08/30,16,64,,,28,35,,
2014/08/30,17,59,,,23,35,,
2014/08/30,18,62,,,25,36,,
2014/08/30,19,65,,,26,39,,
2014/08/30,20,65,,,24,41,,
2014/08/30,21,67,,,25,41,,
2014/08/30,22,65,,,23,41,,
2014/08/30,23,63,,,21,41,,
2014/08/30,24,56,,,18,38,,
2014/08/31,01,31,,,16,14,,
2014/08/31,02,17,,,3,13,,
2014/08/31,03,10,,,2,7,,
2014/08/31,04,3,,,1,2,,
2014/08/31,05,3,,,1,2,,
2014/08/31,06,3,,,1,2,,
2014/08/31,07,3,,,1,2,,
2014/08/31,08,10,,,1,9,,
2014/08/31,09,14,,,1,12,,
2014/08/31,10,26,,,8,18,,
2014/08/31,11,58,,,22,35,,
2014/08/31,12,60,,,24,35,,
2014/08/31,13,63,,,27,35,,
2014/08/31,14,66,,,30,36,,
2014/08/31,15,60,,,24,36,,
2014/08/31,16,63,,,26,36,,
2014/08/31,17,63,,,27,35,,
2014/08/31,18,63,,,26,36,,
2014/08/31,19,65,,,23,41,,
2014/08/31,20,65,,,23,41,,
2014/08/31,21,64,,,23,40,,
2014/08/31,22,61,,,20,40,,
2014/08/31,23,60,,,19,40,,
2014/08/31,24,58,,,17,40,,
