計測日,計測時間,全体,空調,照明,動力,電灯,冷凍・冷熱,その他
2014/01/01,01,13,,,3,9,,
2014/01/01,02,13,,,3,9,,
2014/01/01,03,13,,,3,9,,
2014/01/01,04,13,,,3,9,,
2014/01/01,05,13,,,3,9,,
2014/01/01,06,14,,,3,9,,
2014/01/01,07,13,,,3,9,,
2014/01/01,08,14,,,3,9,,
2014/01/01,09,13,,,3,9,,
2014/01/01,10,13,,,3,9,,
2014/01/01,11,13,,,3,9,,
2014/01/01,12,14,,,3,9,,
2014/01/01,13,13,,,3,9,,
2014/01/01,14,13,,,3,8,,
2014/01/01,15,13,,,3,9,,
2014/01/01,16,13,,,3,9,,
2014/01/01,17,13,,,3,9,,
2014/01/01,18,13,,,3,9,,
2014/01/01,19,13,,,3,9,,
2014/01/01,20,14,,,3,9,,
2014/01/01,21,13,,,3,9,,
2014/01/01,22,14,,,3,9,,
2014/01/01,23,13,,,3,9,,
2014/01/01,24,13,,,3,9,,
2014/01/02,01,13,,,3,9,,
2014/01/02,02,13,,,3,9,,
2014/01/02,03,13,,,3,9,,
2014/01/02,04,13,,,3,9,,
2014/01/02,05,13,,,3,9,,
2014/01/02,06,13,,,3,9,,
2014/01/02,07,74,,,62,11,,
2014/01/02,08,201,,,173,26,,
2014/01/02,09,222,,,134,86,,
2014/01/02,10,245,,,124,118,,
2014/01/02,11,253,,,132,119,,
2014/01/02,12,245,,,122,120,,
2014/01/02,13,240,,,117,120,,
2014/01/02,14,237,,,114,121,,
2014/01/02,15,234,,,110,121,,
2014/01/02,16,226,,,102,121,,
2014/01/02,17,212,,,90,120,,
2014/01/02,18,213,,,88,123,,
2014/01/02,19,218,,,92,124,,
2014/01/02,20,202,,,91,110,,
2014/01/02,21,77,,,51,24,,
2014/01/02,22,13,,,3,9,,
2014/01/02,23,14,,,3,9,,
2014/01/02,24,13,,,3,9,,
2014/01/03,01,13,,,3,9,,
2014/01/03,02,13,,,3,9,,
2014/01/03,03,14,,,3,10,,
2014/01/03,04,14,,,3,10,,
2014/01/03,05,13,,,3,9,,
2014/01/03,06,14,,,3,9,,
2014/01/03,07,14,,,3,10,,
2014/01/03,08,14,,,3,10,,
2014/01/03,09,171,,,137,32,,
2014/01/03,10,211,,,138,70,,
2014/01/03,11,240,,,116,122,,
2014/01/03,12,224,,,101,122,,
2014/01/03,13,219,,,94,122,,
2014/01/03,14,213,,,89,122,,
2014/01/03,15,210,,,88,120,,
2014/01/03,16,211,,,87,122,,
2014/01/03,17,196,,,68,126,,
2014/01/03,18,198,,,71,125,,
2014/01/03,19,203,,,75,126,,
2014/01/03,20,203,,,76,126,,
2014/01/03,21,205,,,80,123,,
2014/01/03,22,71,,,23,47,,
2014/01/03,23,13,,,3,9,,
2014/01/03,24,14,,,3,9,,
2014/01/04,01,13,,,3,9,,
2014/01/04,02,13,,,3,9,,
2014/01/04,03,13,,,3,9,,
2014/01/04,04,14,,,3,9,,
2014/01/04,05,13,,,3,9,,
2014/01/04,06,14,,,3,9,,
2014/01/04,07,13,,,3,9,,
2014/01/04,08,27,,,13,13,,
2014/01/04,09,189,,,139,47,,
2014/01/04,10,175,,,108,65,,
2014/01/04,11,215,,,94,120,,
2014/01/04,12,210,,,87,120,,
2014/01/04,13,207,,,85,120,,
2014/01/04,14,207,,,86,120,,
2014/01/04,15,205,,,84,119,,
2014/01/04,16,207,,,85,120,,
2014/01/04,17,215,,,87,126,,
2014/01/04,18,219,,,89,128,,
2014/01/04,19,217,,,89,127,,
2014/01/04,20,222,,,94,127,,
2014/01/04,21,215,,,90,123,,
2014/01/04,22,36,,,7,27,,
2014/01/04,23,13,,,3,9,,
2014/01/04,24,13,,,3,9,,
2014/01/05,01,13,,,3,9,,
2014/01/05,02,14,,,3,9,,
2014/01/05,03,13,,,3,9,,
2014/01/05,04,13,,,3,9,,
2014/01/05,05,14,,,3,9,,
2014/01/05,06,13,,,3,10,,
2014/01/05,07,14,,,3,9,,
2014/01/05,08,14,,,3,10,,
2014/01/05,09,125,,,97,26,,
2014/01/05,10,212,,,142,68,,
2014/01/05,11,251,,,129,120,,
2014/01/05,12,233,,,111,120,,
2014/01/05,13,223,,,102,120,,
2014/01/05,14,217,,,96,120,,
2014/01/05,15,209,,,89,118,,
2014/01/05,16,212,,,91,119,,
2014/01/05,17,220,,,94,124,,
2014/01/05,18,218,,,92,125,,
2014/01/05,19,220,,,94,123,,
2014/01/05,20,215,,,91,122,,
2014/01/05,21,192,,,72,119,,
2014/01/05,22,43,,,3,39,,
2014/01/05,23,14,,,3,9,,
2014/01/05,24,13,,,3,9,,
2014/01/06,01,13,,,3,10,,
2014/01/06,02,14,,,3,9,,
2014/01/06,03,14,,,3,10,,
2014/01/06,04,14,,,3,10,,
2014/01/06,05,14,,,3,10,,
2014/01/06,06,14,,,3,10,,
2014/01/06,07,14,,,3,10,,
2014/01/06,08,15,,,3,10,,
2014/01/06,09,143,,,110,30,,
2014/01/06,10,254,,,186,65,,
2014/01/06,11,245,,,125,117,,
2014/01/06,12,211,,,91,119,,
2014/01/06,13,207,,,86,118,,
2014/01/06,14,202,,,82,118,,
2014/01/06,15,200,,,79,120,,
2014/01/06,16,199,,,78,119,,
2014/01/06,17,211,,,85,124,,
2014/01/06,18,216,,,88,125,,
2014/01/06,19,216,,,90,124,,
2014/01/06,20,217,,,93,123,,
2014/01/06,21,207,,,84,122,,
2014/01/06,22,28,,,4,23,,
2014/01/06,23,14,,,3,9,,
2014/01/06,24,13,,,3,9,,
2014/01/07,01,14,,,3,10,,
2014/01/07,02,13,,,3,10,,
2014/01/07,03,14,,,3,10,,
2014/01/07,04,14,,,3,10,,
2014/01/07,05,15,,,3,10,,
2014/01/07,06,14,,,3,10,,
2014/01/07,07,14,,,3,10,,
2014/01/07,08,14,,,3,10,,
2014/01/07,09,164,,,126,35,,
2014/01/07,10,175,,,122,52,,
2014/01/07,11,217,,,101,114,,
2014/01/07,12,193,,,78,113,,
2014/01/07,13,181,,,67,113,,
2014/01/07,14,175,,,60,113,,
2014/01/07,15,173,,,58,114,,
2014/01/07,16,172,,,57,112,,
2014/01/07,17,184,,,64,118,,
2014/01/07,18,189,,,69,118,,
2014/01/07,19,191,,,72,118,,
2014/01/07,20,197,,,78,117,,
2014/01/07,21,198,,,80,116,,
2014/01/07,22,29,,,7,22,,
2014/01/07,23,13,,,3,8,,
2014/01/07,24,13,,,3,9,,
2014/01/08,01,13,,,3,8,,
2014/01/08,02,13,,,3,8,,
2014/01/08,03,13,,,3,8,,
2014/01/08,04,14,,,3,9,,
2014/01/08,05,13,,,3,9,,
2014/01/08,06,13,,,3,9,,
2014/01/08,07,13,,,3,9,,
2014/01/08,08,14,,,3,9,,
2014/01/08,09,100,,,72,25,,
2014/01/08,10,185,,,131,52,,
2014/01/08,11,221,,,102,117,,
2014/01/08,12,198,,,81,116,,
2014/01/08,13,189,,,70,116,,
2014/01/08,14,186,,,70,114,,
2014/01/08,15,180,,,62,116,,
2014/01/08,16,182,,,64,116,,
2014/01/08,17,190,,,66,122,,
2014/01/08,18,193,,,68,123,,
2014/01/08,19,191,,,67,122,,
2014/01/08,20,191,,,68,122,,
2014/01/08,21,193,,,70,121,,
2014/01/08,22,48,,,14,34,,
2014/01/08,23,13,,,3,8,,
2014/01/08,24,13,,,3,8,,
2014/01/09,01,13,,,3,8,,
2014/01/09,02,13,,,3,8,,
2014/01/09,03,13,,,3,8,,
2014/01/09,04,13,,,3,9,,
2014/01/09,05,13,,,3,9,,
2014/01/09,06,14,,,3,9,,
2014/01/09,07,14,,,3,9,,
2014/01/09,08,14,,,3,10,,
2014/01/09,09,20,,,3,16,,
2014/01/09,10,95,,,34,59,,
2014/01/09,11,269,,,153,113,,
2014/01/09,12,227,,,113,112,,
2014/01/09,13,214,,,99,113,,
2014/01/09,14,211,,,94,114,,
2014/01/09,15,207,,,90,114,,
2014/01/09,16,204,,,90,113,,
2014/01/09,17,214,,,93,119,,
2014/01/09,18,218,,,97,119,,
2014/01/09,19,224,,,103,119,,
2014/01/09,20,226,,,106,118,,
2014/01/09,21,228,,,108,118,,
2014/01/09,22,29,,,4,24,,
2014/01/09,23,13,,,3,8,,
2014/01/09,24,13,,,3,9,,
2014/01/10,01,14,,,3,9,,
2014/01/10,02,13,,,3,9,,
2014/01/10,03,13,,,3,9,,
2014/01/10,04,13,,,3,9,,
2014/01/10,05,14,,,3,9,,
2014/01/10,06,13,,,3,9,,
2014/01/10,07,14,,,3,9,,
2014/01/10,08,14,,,4,10,,
2014/01/10,09,64,,,43,19,,
2014/01/10,10,220,,,162,56,,
2014/01/10,11,244,,,127,115,,
2014/01/10,12,235,,,118,115,,
2014/01/10,13,232,,,113,117,,
2014/01/10,14,225,,,107,116,,
2014/01/10,15,220,,,101,117,,
2014/01/10,16,222,,,104,116,,
2014/01/10,17,225,,,100,123,,
2014/01/10,18,229,,,103,124,,
2014/01/10,19,225,,,101,122,,
2014/01/10,20,225,,,102,122,,
2014/01/10,21,221,,,98,120,,
2014/01/10,22,57,,,23,33,,
2014/01/10,23,13,,,3,8,,
2014/01/10,24,13,,,3,9,,
2014/01/11,01,13,,,3,9,,
2014/01/11,02,13,,,3,9,,
2014/01/11,03,14,,,3,9,,
2014/01/11,04,13,,,3,9,,
2014/01/11,05,14,,,3,9,,
2014/01/11,06,13,,,3,9,,
2014/01/11,07,14,,,3,9,,
2014/01/11,08,14,,,3,9,,
2014/01/11,09,84,,,60,22,,
2014/01/11,10,216,,,156,57,,
2014/01/11,11,243,,,125,116,,
2014/01/11,12,221,,,102,116,,
2014/01/11,13,211,,,92,116,,
2014/01/11,14,203,,,86,116,,
2014/01/11,15,206,,,87,116,,
2014/01/11,16,203,,,84,117,,
2014/01/11,17,212,,,89,121,,
2014/01/11,18,217,,,93,122,,
2014/01/11,19,214,,,92,120,,
2014/01/11,20,219,,,97,120,,
2014/01/11,21,217,,,96,119,,
2014/01/11,22,40,,,12,26,,
2014/01/11,23,13,,,3,9,,
2014/01/11,24,14,,,3,10,,
2014/01/12,01,14,,,3,10,,
2014/01/12,02,14,,,3,10,,
2014/01/12,03,14,,,3,10,,
2014/01/12,04,13,,,3,10,,
2014/01/12,05,15,,,3,10,,
2014/01/12,06,14,,,3,10,,
2014/01/12,07,14,,,3,10,,
2014/01/12,08,14,,,3,10,,
2014/01/12,09,107,,,79,25,,
2014/01/12,10,225,,,165,58,,
2014/01/12,11,240,,,122,116,,
2014/01/12,12,213,,,96,116,,
2014/01/12,13,205,,,86,117,,
2014/01/12,14,196,,,78,117,,
2014/01/12,15,195,,,76,118,,
2014/01/12,16,198,,,78,118,,
2014/01/12,17,205,,,80,123,,
2014/01/12,18,207,,,82,123,,
2014/01/12,19,204,,,80,122,,
2014/01/12,20,207,,,83,122,,
2014/01/12,21,205,,,84,120,,
2014/01/12,22,42,,,11,30,,
2014/01/12,23,13,,,3,8,,
2014/01/12,24,13,,,3,9,,
2014/01/13,01,14,,,3,9,,
2014/01/13,02,13,,,3,9,,
2014/01/13,03,14,,,3,9,,
2014/01/13,04,13,,,3,9,,
2014/01/13,05,14,,,3,10,,
2014/01/13,06,14,,,3,9,,
2014/01/13,07,14,,,3,10,,
2014/01/13,08,14,,,3,10,,
2014/01/13,09,80,,,56,22,,
2014/01/13,10,231,,,173,56,,
2014/01/13,11,250,,,130,117,,
2014/01/13,12,235,,,116,116,,
2014/01/13,13,229,,,111,117,,
2014/01/13,14,225,,,106,117,,
2014/01/13,15,224,,,105,117,,
2014/01/13,16,227,,,109,116,,
2014/01/13,17,231,,,109,120,,
2014/01/13,18,237,,,114,121,,
2014/01/13,19,235,,,114,120,,
2014/01/13,20,232,,,112,118,,
2014/01/13,21,207,,,90,115,,
2014/01/13,22,31,,,3,28,,
2014/01/13,23,14,,,3,9,,
2014/01/13,24,13,,,3,10,,
2014/01/14,01,14,,,3,10,,
2014/01/14,02,14,,,3,10,,
2014/01/14,03,14,,,3,10,,
2014/01/14,04,14,,,3,10,,
2014/01/14,05,15,,,3,10,,
2014/01/14,06,14,,,3,10,,
2014/01/14,07,14,,,3,10,,
2014/01/14,08,15,,,3,10,,
2014/01/14,09,196,,,154,39,,
2014/01/14,10,200,,,148,50,,
2014/01/14,11,241,,,125,113,,
2014/01/14,12,224,,,109,113,,
2014/01/14,13,220,,,103,114,,
2014/01/14,14,211,,,95,114,,
2014/01/14,15,212,,,97,113,,
2014/01/14,16,215,,,100,114,,
2014/01/14,17,222,,,101,119,,
2014/01/14,18,223,,,101,120,,
2014/01/14,19,226,,,105,119,,
2014/01/14,20,228,,,106,120,,
2014/01/14,21,228,,,108,118,,
2014/01/14,22,28,,,8,20,,
2014/01/14,23,14,,,3,9,,
2014/01/14,24,13,,,3,9,,
2014/01/15,01,13,,,3,10,,
2014/01/15,02,14,,,3,9,,
2014/01/15,03,13,,,3,10,,
2014/01/15,04,14,,,3,9,,
2014/01/15,05,14,,,3,10,,
2014/01/15,06,13,,,3,10,,
2014/01/15,07,14,,,3,10,,
2014/01/15,08,15,,,3,10,,
2014/01/15,09,124,,,98,24,,
2014/01/15,10,220,,,165,52,,
2014/01/15,11,242,,,125,114,,
2014/01/15,12,213,,,97,114,,
2014/01/15,13,201,,,85,114,,
2014/01/15,14,195,,,80,113,,
2014/01/15,15,191,,,78,112,,
2014/01/15,16,196,,,80,114,,
2014/01/15,17,202,,,82,118,,
2014/01/15,18,206,,,84,120,,
2014/01/15,19,204,,,83,120,,
2014/01/15,20,203,,,84,117,,
2014/01/15,21,192,,,75,115,,
2014/01/15,22,30,,,3,27,,
2014/01/15,23,13,,,3,9,,
2014/01/15,24,14,,,3,9,,
2014/01/16,01,13,,,3,9,,
2014/01/16,02,14,,,3,9,,
2014/01/16,03,13,,,3,9,,
2014/01/16,04,14,,,3,9,,
2014/01/16,05,14,,,3,10,,
2014/01/16,06,13,,,3,9,,
2014/01/16,07,14,,,3,9,,
2014/01/16,08,14,,,3,10,,
2014/01/16,09,62,,,41,19,,
2014/01/16,10,212,,,149,61,,
2014/01/16,11,226,,,111,113,,
2014/01/16,12,208,,,93,113,,
2014/01/16,13,201,,,86,113,,
2014/01/16,14,195,,,79,114,,
2014/01/16,15,193,,,77,115,,
2014/01/16,16,195,,,78,114,,
2014/01/16,17,201,,,80,120,,
2014/01/16,18,206,,,84,120,,
2014/01/16,19,206,,,84,121,,
2014/01/16,20,208,,,84,122,,
2014/01/16,21,208,,,85,121,,
2014/01/16,22,26,,,4,22,,
2014/01/16,23,14,,,3,9,,
2014/01/16,24,13,,,3,9,,
2014/01/17,01,13,,,3,9,,
2014/01/17,02,14,,,3,9,,
2014/01/17,03,13,,,3,9,,
2014/01/17,04,14,,,3,9,,
2014/01/17,05,13,,,3,10,,
2014/01/17,06,14,,,3,9,,
2014/01/17,07,13,,,3,9,,
2014/01/17,08,28,,,17,10,,
2014/01/17,09,195,,,162,30,,
2014/01/17,10,178,,,125,51,,
2014/01/17,11,231,,,112,117,,
2014/01/17,12,214,,,95,116,,
2014/01/17,13,209,,,90,117,,
2014/01/17,14,203,,,85,116,,
2014/01/17,15,208,,,90,117,,
2014/01/17,16,200,,,82,116,,
2014/01/17,17,212,,,87,122,,
2014/01/17,18,220,,,96,123,,
2014/01/17,19,226,,,102,122,,
2014/01/17,20,225,,,102,122,,
2014/01/17,21,224,,,101,121,,
2014/01/17,22,65,,,35,29,,
2014/01/17,23,14,,,3,9,,
2014/01/17,24,13,,,3,9,,
2014/01/18,01,14,,,3,10,,
2014/01/18,02,14,,,3,10,,
2014/01/18,03,13,,,3,10,,
2014/01/18,04,15,,,3,10,,
2014/01/18,05,14,,,3,10,,
2014/01/18,06,14,,,3,10,,
2014/01/18,07,14,,,3,10,,
2014/01/18,08,14,,,3,10,,
2014/01/18,09,66,,,44,20,,
2014/01/18,10,230,,,165,62,,
2014/01/18,11,244,,,127,115,,
2014/01/18,12,223,,,106,115,,
2014/01/18,13,213,,,97,114,,
2014/01/18,14,205,,,89,114,,
2014/01/18,15,197,,,80,114,,
2014/01/18,16,196,,,82,113,,
2014/01/18,17,207,,,86,119,,
2014/01/18,18,212,,,90,120,,
2014/01/18,19,220,,,99,119,,
2014/01/18,20,229,,,108,119,,
2014/01/18,21,235,,,115,118,,
2014/01/18,22,30,,,5,24,,
2014/01/18,23,13,,,3,9,,
2014/01/18,24,13,,,3,10,,
2014/01/19,01,14,,,3,10,,
2014/01/19,02,14,,,3,10,,
2014/01/19,03,14,,,3,10,,
2014/01/19,04,13,,,3,10,,
2014/01/19,05,14,,,3,10,,
2014/01/19,06,14,,,3,10,,
2014/01/19,07,14,,,3,10,,
2014/01/19,08,14,,,3,10,,
2014/01/19,09,176,,,140,33,,
2014/01/19,10,203,,,146,54,,
2014/01/19,11,233,,,116,115,,
2014/01/19,12,220,,,103,115,,
2014/01/19,13,216,,,97,116,,
2014/01/19,14,213,,,95,116,,
2014/01/19,15,215,,,96,116,,
2014/01/19,16,215,,,97,116,,
2014/01/19,17,224,,,99,123,,
2014/01/19,18,224,,,96,126,,
2014/01/19,19,229,,,103,124,,
2014/01/19,20,232,,,105,124,,
2014/01/19,21,230,,,105,123,,
2014/01/19,22,39,,,9,29,,
2014/01/19,23,14,,,3,9,,
2014/01/19,24,13,,,3,10,,
2014/01/20,01,14,,,3,9,,
2014/01/20,02,13,,,3,9,,
2014/01/20,03,14,,,3,9,,
2014/01/20,04,13,,,3,9,,
2014/01/20,05,14,,,3,10,,
2014/01/20,06,14,,,3,10,,
2014/01/20,07,14,,,3,10,,
2014/01/20,08,17,,,5,11,,
2014/01/20,09,282,,,232,46,,
2014/01/20,10,207,,,144,61,,
2014/01/20,11,234,,,114,117,,
2014/01/20,12,217,,,97,117,,
2014/01/20,13,209,,,90,118,,
2014/01/20,14,200,,,82,115,,
2014/01/20,15,197,,,80,116,,
2014/01/20,16,195,,,78,115,,
2014/01/20,17,202,,,80,120,,
2014/01/20,18,207,,,85,120,,
2014/01/20,19,210,,,88,120,,
2014/01/20,20,210,,,89,120,,
2014/01/20,21,200,,,82,116,,
2014/01/20,22,33,,,2,29,,
2014/01/20,23,13,,,3,8,,
2014/01/20,24,13,,,3,8,,
2014/01/21,01,13,,,3,8,,
2014/01/21,02,13,,,3,8,,
2014/01/21,03,13,,,3,8,,
2014/01/21,04,13,,,3,8,,
2014/01/21,05,14,,,3,9,,
2014/01/21,06,13,,,3,9,,
2014/01/21,07,13,,,3,9,,
2014/01/21,08,14,,,3,9,,
2014/01/21,09,118,,,88,29,,
2014/01/21,10,178,,,124,52,,
2014/01/21,11,215,,,101,112,,
2014/01/21,12,202,,,88,111,,
2014/01/21,13,193,,,78,112,,
2014/01/21,14,183,,,70,112,,
2014/01/21,15,184,,,69,112,,
2014/01/21,16,183,,,70,112,,
2014/01/21,17,191,,,71,118,,
2014/01/21,18,197,,,77,119,,
2014/01/21,19,201,,,80,119,,
2014/01/21,20,201,,,81,118,,
2014/01/21,21,199,,,83,115,,
2014/01/21,22,27,,,4,22,,
2014/01/21,23,13,,,3,9,,
2014/01/21,24,14,,,3,9,,
2014/01/22,01,13,,,3,9,,
2014/01/22,02,13,,,3,9,,
2014/01/22,03,14,,,3,9,,
2014/01/22,04,13,,,3,9,,
2014/01/22,05,14,,,3,10,,
2014/01/22,06,14,,,3,9,,
2014/01/22,07,14,,,3,10,,
2014/01/22,08,14,,,3,10,,
2014/01/22,09,80,,,56,22,,
2014/01/22,10,191,,,133,56,,
2014/01/22,11,221,,,105,113,,
2014/01/22,12,208,,,92,114,,
2014/01/22,13,203,,,87,114,,
2014/01/22,14,196,,,80,114,,
2014/01/22,15,196,,,78,115,,
2014/01/22,16,196,,,79,114,,
2014/01/22,17,202,,,80,120,,
2014/01/22,18,207,,,83,121,,
2014/01/22,19,208,,,86,121,,
2014/01/22,20,208,,,85,121,,
2014/01/22,21,207,,,87,119,,
2014/01/22,22,202,,,88,113,,
2014/01/22,23,198,,,87,109,,
2014/01/22,24,197,,,87,110,,
2014/01/23,01,198,,,87,109,,
2014/01/23,02,200,,,90,108,,
2014/01/23,03,90,,,37,52,,
2014/01/23,04,13,,,3,9,,
2014/01/23,05,14,,,3,9,,
2014/01/23,06,13,,,3,9,,
2014/01/23,07,13,,,3,9,,
2014/01/23,08,13,,,3,9,,
2014/01/23,09,47,,,29,17,,
2014/01/23,10,212,,,152,58,,
2014/01/23,11,224,,,110,113,,
2014/01/23,12,213,,,98,112,,
2014/01/23,13,206,,,91,113,,
2014/01/23,14,202,,,88,112,,
2014/01/23,15,202,,,86,114,,
2014/01/23,16,198,,,83,113,,
2014/01/23,17,204,,,82,119,,
2014/01/23,18,210,,,89,120,,
2014/01/23,19,213,,,92,120,,
2014/01/23,20,221,,,100,119,,
2014/01/23,21,221,,,101,119,,
2014/01/23,22,28,,,6,21,,
2014/01/23,23,13,,,3,9,,
2014/01/23,24,14,,,3,10,,
2014/01/24,01,14,,,3,10,,
2014/01/24,02,14,,,3,10,,
2014/01/24,03,14,,,3,10,,
2014/01/24,04,15,,,3,10,,
2014/01/24,05,14,,,3,10,,
2014/01/24,06,14,,,3,10,,
2014/01/24,07,14,,,3,10,,
2014/01/24,08,15,,,3,10,,
2014/01/24,09,116,,,87,27,,
2014/01/24,10,229,,,169,58,,
2014/01/24,11,263,,,146,114,,
2014/01/24,12,228,,,114,112,,
2014/01/24,13,214,,,99,113,,
2014/01/24,14,198,,,82,114,,
2014/01/24,15,195,,,79,115,,
2014/01/24,16,188,,,70,115,,
2014/01/24,17,194,,,72,120,,
2014/01/24,18,204,,,82,121,,
2014/01/24,19,211,,,89,120,,
2014/01/24,20,207,,,89,116,,
2014/01/24,21,206,,,90,114,,
2014/01/24,22,48,,,11,36,,
2014/01/24,23,13,,,3,8,,
2014/01/24,24,14,,,3,9,,
2014/01/25,01,13,,,3,8,,
2014/01/25,02,13,,,3,8,,
2014/01/25,03,13,,,3,9,,
2014/01/25,04,13,,,3,8,,
2014/01/25,05,13,,,3,8,,
2014/01/25,06,13,,,3,8,,
2014/01/25,07,14,,,3,9,,
2014/01/25,08,14,,,3,9,,
2014/01/25,09,109,,,79,28,,
2014/01/25,10,168,,,105,62,,
2014/01/25,11,210,,,90,117,,
2014/01/25,12,199,,,80,117,,
2014/01/25,13,186,,,67,117,,
2014/01/25,14,183,,,62,119,,
2014/01/25,15,182,,,63,118,,
2014/01/25,16,181,,,63,116,,
2014/01/25,17,188,,,63,123,,
2014/01/25,18,189,,,64,123,,
2014/01/25,19,188,,,63,124,,
2014/01/25,20,195,,,69,123,,
2014/01/25,21,191,,,67,122,,
2014/01/25,22,69,,,20,47,,
2014/01/25,23,13,,,3,9,,
2014/01/25,24,13,,,3,9,,
2014/01/26,01,13,,,3,9,,
2014/01/26,02,14,,,3,9,,
2014/01/26,03,13,,,3,9,,
2014/01/26,04,13,,,3,9,,
2014/01/26,05,13,,,3,9,,
2014/01/26,06,14,,,3,9,,
2014/01/26,07,14,,,3,10,,
2014/01/26,08,14,,,3,10,,
2014/01/26,09,122,,,95,26,,
2014/01/26,10,153,,,96,54,,
2014/01/26,11,206,,,84,120,,
2014/01/26,12,205,,,82,120,,
2014/01/26,13,194,,,72,120,,
2014/01/26,14,195,,,72,121,,
2014/01/26,15,198,,,76,121,,
2014/01/26,16,200,,,78,120,,
2014/01/26,17,207,,,81,124,,
2014/01/26,18,209,,,82,125,,
2014/01/26,19,212,,,86,124,,
2014/01/26,20,211,,,87,123,,
2014/01/26,21,216,,,92,122,,
2014/01/26,22,44,,,10,32,,
2014/01/26,23,13,,,3,9,,
2014/01/26,24,14,,,3,9,,
2014/01/27,01,13,,,3,9,,
2014/01/27,02,13,,,3,9,,
2014/01/27,03,13,,,3,9,,
2014/01/27,04,13,,,3,9,,
2014/01/27,05,14,,,3,9,,
2014/01/27,06,14,,,3,9,,
2014/01/27,07,14,,,3,9,,
2014/01/27,08,13,,,3,10,,
2014/01/27,09,72,,,48,21,,
2014/01/27,10,211,,,153,56,,
2014/01/27,11,235,,,116,118,,
2014/01/27,12,214,,,96,116,,
2014/01/27,13,205,,,87,115,,
2014/01/27,14,202,,,86,114,,
2014/01/27,15,194,,,79,114,,
2014/01/27,16,197,,,83,112,,
2014/01/27,17,199,,,80,118,,
2014/01/27,18,206,,,85,119,,
2014/01/27,19,205,,,85,118,,
2014/01/27,20,210,,,90,118,,
2014/01/27,21,215,,,98,116,,
2014/01/27,22,35,,,9,25,,
2014/01/27,23,13,,,3,9,,
2014/01/27,24,13,,,3,9,,
2014/01/28,01,14,,,3,9,,
2014/01/28,02,13,,,3,9,,
2014/01/28,03,13,,,3,9,,
2014/01/28,04,13,,,3,9,,
2014/01/28,05,14,,,3,10,,
2014/01/28,06,13,,,3,9,,
2014/01/28,07,14,,,3,10,,
2014/01/28,08,15,,,3,10,,
2014/01/28,09,233,,,188,41,,
2014/01/28,10,228,,,175,50,,
2014/01/28,11,251,,,135,114,,
2014/01/28,12,225,,,110,112,,
2014/01/28,13,206,,,91,112,,
2014/01/28,14,178,,,64,112,,
2014/01/28,15,172,,,58,113,,
2014/01/28,16,171,,,57,113,,
2014/01/28,17,180,,,60,118,,
2014/01/28,18,187,,,67,119,,
2014/01/28,19,195,,,73,120,,
2014/01/28,20,197,,,76,119,,
2014/01/28,21,197,,,77,118,,
2014/01/28,22,50,,,26,24,,
2014/01/28,23,13,,,3,8,,
2014/01/28,24,14,,,3,9,,
2014/01/29,01,13,,,3,9,,
2014/01/29,02,13,,,3,9,,
2014/01/29,03,13,,,3,9,,
2014/01/29,04,14,,,3,9,,
2014/01/29,05,13,,,3,9,,
2014/01/29,06,14,,,3,9,,
2014/01/29,07,13,,,3,9,,
2014/01/29,08,14,,,3,10,,
2014/01/29,09,96,,,69,25,,
2014/01/29,10,198,,,138,58,,
2014/01/29,11,235,,,117,116,,
2014/01/29,12,214,,,97,115,,
2014/01/29,13,209,,,91,115,,
2014/01/29,14,177,,,62,114,,
2014/01/29,15,167,,,53,112,,
2014/01/29,16,171,,,56,113,,
2014/01/29,17,181,,,62,118,,
2014/01/29,18,189,,,67,120,,
2014/01/29,19,188,,,66,120,,
2014/01/29,20,191,,,70,119,,
2014/01/29,21,187,,,70,116,,
2014/01/29,22,30,,,4,25,,
2014/01/29,23,14,,,3,9,,
2014/01/29,24,14,,,3,10,,
2014/01/30,01,14,,,3,10,,
2014/01/30,02,14,,,3,10,,
2014/01/30,03,14,,,3,10,,
2014/01/30,04,15,,,3,10,,
2014/01/30,05,14,,,4,10,,
2014/01/30,06,14,,,3,10,,
2014/01/30,07,15,,,3,10,,
2014/01/30,08,15,,,4,11,,
2014/01/30,09,93,,,68,24,,
2014/01/30,10,224,,,160,62,,
2014/01/30,11,238,,,123,112,,
2014/01/30,12,206,,,91,113,,
2014/01/30,13,185,,,69,114,,
2014/01/30,14,176,,,61,113,,
2014/01/30,15,174,,,58,114,,
2014/01/30,16,174,,,59,114,,
2014/01/30,17,182,,,61,118,,
2014/01/30,18,185,,,63,120,,
2014/01/30,19,186,,,64,121,,
2014/01/30,20,188,,,66,119,,
2014/01/30,21,186,,,66,118,,
2014/01/30,22,96,,,73,22,,
2014/01/30,23,89,,,78,9,,
2014/01/30,24,92,,,81,9,,
2014/01/31,01,94,,,83,9,,
2014/01/31,02,93,,,82,10,,
2014/01/31,03,95,,,84,9,,
2014/01/31,04,96,,,85,9,,
2014/01/31,05,99,,,88,10,,
2014/01/31,06,104,,,92,9,,
2014/01/31,07,106,,,95,9,,
2014/01/31,08,106,,,95,10,,
2014/01/31,09,133,,,101,30,,
2014/01/31,10,152,,,96,54,,
2014/01/31,11,213,,,95,116,,
2014/01/31,12,205,,,88,115,,
2014/01/31,13,204,,,88,115,,
2014/01/31,14,199,,,83,115,,
2014/01/31,15,199,,,81,116,,
2014/01/31,16,198,,,81,115,,
2014/01/31,17,210,,,89,119,,
2014/01/31,18,216,,,94,120,,
2014/01/31,19,217,,,94,120,,
2014/01/31,20,216,,,95,120,,
2014/01/31,21,215,,,94,119,,
2014/01/31,22,141,,,98,41,,
2014/01/31,23,111,,,101,10,,
2014/01/31,24,114,,,102,10,,
2014/02/01,01,112,,,100,10,,
2014/02/01,02,111,,,100,10,,
2014/02/01,03,109,,,98,10,,
2014/02/01,04,113,,,101,10,,
2014/02/01,05,111,,,100,10,,
2014/02/01,06,120,,,109,10,,
2014/02/01,07,125,,,112,10,,
2014/02/01,08,123,,,111,10,,
2014/02/01,09,134,,,99,34,,
2014/02/01,10,142,,,89,52,,
2014/02/01,11,190,,,70,118,,
2014/02/01,12,173,,,53,118,,
2014/02/01,13,164,,,43,118,,
2014/02/01,14,147,,,26,120,,
2014/02/01,15,150,,,28,119,,
2014/02/01,16,149,,,28,119,,
2014/02/01,17,160,,,34,124,,
2014/02/01,18,168,,,42,125,,
2014/02/01,19,174,,,49,124,,
2014/02/01,20,181,,,58,122,,
2014/02/01,21,181,,,59,120,,
2014/02/01,22,41,,,8,32,,
2014/02/01,23,13,,,3,8,,
2014/02/01,24,13,,,3,9,,
2014/02/02,01,13,,,3,8,,
2014/02/02,02,13,,,3,8,,
2014/02/02,03,13,,,3,8,,
2014/02/02,04,13,,,3,8,,
2014/02/02,05,14,,,3,9,,
2014/02/02,06,13,,,3,8,,
2014/02/02,07,13,,,3,8,,
2014/02/02,08,14,,,3,9,,
2014/02/02,09,73,,,50,21,,
2014/02/02,10,188,,,126,60,,
2014/02/02,11,218,,,99,117,,
2014/02/02,12,210,,,92,116,,
2014/02/02,13,195,,,76,117,,
2014/02/02,14,184,,,64,118,,
2014/02/02,15,180,,,60,119,,
2014/02/02,16,178,,,59,118,,
2014/02/02,17,184,,,58,124,,
2014/02/02,18,185,,,59,124,,
2014/02/02,19,187,,,63,122,,
2014/02/02,20,191,,,66,122,,
2014/02/02,21,179,,,59,118,,
2014/02/02,22,38,,,2,35,,
2014/02/02,23,14,,,3,9,,
2014/02/02,24,13,,,3,8,,
2014/02/03,01,13,,,3,9,,
2014/02/03,02,13,,,3,9,,
2014/02/03,03,13,,,3,8,,
2014/02/03,04,13,,,3,9,,
2014/02/03,05,14,,,3,9,,
2014/02/03,06,13,,,3,9,,
2014/02/03,07,14,,,3,9,,
2014/02/03,08,13,,,3,9,,
2014/02/03,09,23,,,3,18,,
2014/02/03,10,153,,,92,59,,
2014/02/03,11,147,,,28,118,,
2014/02/03,12,137,,,20,116,,
2014/02/03,13,136,,,20,114,,
2014/02/03,14,134,,,18,114,,
2014/02/03,15,131,,,16,113,,
2014/02/03,16,135,,,18,115,,
2014/02/03,17,140,,,19,120,,
2014/02/03,18,141,,,19,120,,
2014/02/03,19,139,,,20,118,,
2014/02/03,20,150,,,30,118,,
2014/02/03,21,162,,,44,117,,
2014/02/03,22,32,,,3,27,,
2014/02/03,23,13,,,3,8,,
2014/02/03,24,13,,,3,8,,
2014/02/04,01,13,,,3,8,,
2014/02/04,02,13,,,3,8,,
2014/02/04,03,13,,,3,9,,
2014/02/04,04,14,,,3,9,,
2014/02/04,05,13,,,3,10,,
2014/02/04,06,14,,,3,10,,
2014/02/04,07,14,,,3,10,,
2014/02/04,08,14,,,3,10,,
2014/02/04,09,85,,,59,24,,
2014/02/04,10,167,,,104,61,,
2014/02/04,11,164,,,50,113,,
2014/02/04,12,159,,,46,111,,
2014/02/04,13,133,,,19,112,,
2014/02/04,14,131,,,20,111,,
2014/02/04,15,134,,,20,112,,
2014/02/04,16,156,,,44,112,,
2014/02/04,17,195,,,76,117,,
2014/02/04,18,187,,,67,118,,
2014/02/04,19,195,,,75,118,,
2014/02/04,20,196,,,77,117,,
2014/02/04,21,192,,,74,116,,
2014/02/04,22,31,,,5,25,,
2014/02/04,23,13,,,3,9,,
2014/02/04,24,14,,,3,9,,
2014/02/05,01,13,,,3,9,,
2014/02/05,02,13,,,3,9,,
2014/02/05,03,13,,,3,9,,
2014/02/05,04,14,,,3,9,,
2014/02/05,05,14,,,3,10,,
2014/02/05,06,13,,,3,10,,
2014/02/05,07,14,,,3,10,,
2014/02/05,08,14,,,3,10,,
2014/02/05,09,122,,,91,28,,
2014/02/05,10,239,,,182,54,,
2014/02/05,11,217,,,100,116,,
2014/02/05,12,196,,,80,115,,
2014/02/05,13,185,,,68,116,,
2014/02/05,14,178,,,61,116,,
2014/02/05,15,193,,,74,117,,
2014/02/05,16,235,,,116,116,,
2014/02/05,17,201,,,77,123,,
2014/02/05,18,230,,,105,122,,
2014/02/05,19,211,,,89,120,,
2014/02/05,20,209,,,88,120,,
2014/02/05,21,209,,,88,118,,
2014/02/05,22,97,,,43,53,,
2014/02/05,23,13,,,3,9,,
2014/02/05,24,13,,,3,9,,
2014/02/06,01,13,,,3,9,,
2014/02/06,02,13,,,3,9,,
2014/02/06,03,13,,,3,9,,
2014/02/06,04,14,,,3,9,,
2014/02/06,05,14,,,3,10,,
2014/02/06,06,13,,,3,10,,
2014/02/06,07,14,,,3,10,,
2014/02/06,08,14,,,3,10,,
2014/02/06,09,134,,,103,29,,
2014/02/06,10,261,,,192,65,,
2014/02/06,11,223,,,108,113,,
2014/02/06,12,209,,,94,113,,
2014/02/06,13,192,,,75,115,,
2014/02/06,14,186,,,71,114,,
2014/02/06,15,199,,,82,115,,
2014/02/06,16,206,,,89,115,,
2014/02/06,17,193,,,70,120,,
2014/02/06,18,197,,,74,122,,
2014/02/06,19,197,,,74,121,,
2014/02/06,20,215,,,92,121,,
2014/02/06,21,170,,,51,118,,
2014/02/06,22,40,,,2,38,,
2014/02/06,23,13,,,3,8,,
2014/02/06,24,13,,,3,8,,
2014/02/07,01,13,,,3,8,,
2014/02/07,02,13,,,3,8,,
2014/02/07,03,13,,,3,8,,
2014/02/07,04,12,,,3,8,,
2014/02/07,05,13,,,3,9,,
2014/02/07,06,13,,,3,9,,
2014/02/07,07,14,,,3,9,,
2014/02/07,08,13,,,3,9,,
2014/02/07,09,67,,,45,20,,
2014/02/07,10,267,,,205,59,,
2014/02/07,11,223,,,105,116,,
2014/02/07,12,196,,,79,115,,
2014/02/07,13,194,,,77,115,,
2014/02/07,14,190,,,72,116,,
2014/02/07,15,152,,,34,117,,
2014/02/07,16,174,,,55,118,,
2014/02/07,17,184,,,60,123,,
2014/02/07,18,190,,,66,122,,
2014/02/07,19,203,,,79,122,,
2014/02/07,20,194,,,70,122,,
2014/02/07,21,211,,,90,119,,
2014/02/07,22,64,,,6,56,,
2014/02/07,23,12,,,3,9,,
2014/02/07,24,13,,,3,9,,
2014/02/08,01,14,,,3,9,,
2014/02/08,02,13,,,3,9,,
2014/02/08,03,14,,,3,9,,
2014/02/08,04,13,,,3,9,,
2014/02/08,05,13,,,3,9,,
2014/02/08,06,14,,,3,9,,
2014/02/08,07,14,,,3,9,,
2014/02/08,08,13,,,3,9,,
2014/02/08,09,80,,,56,22,,
2014/02/08,10,303,,,232,66,,
2014/02/08,11,250,,,130,118,,
2014/02/08,12,251,,,131,117,,
2014/02/08,13,230,,,111,117,,
2014/02/08,14,232,,,112,118,,
2014/02/08,15,208,,,87,120,,
2014/02/08,16,213,,,91,120,,
2014/02/08,17,229,,,102,125,,
2014/02/08,18,228,,,100,125,,
2014/02/08,19,217,,,89,126,,
2014/02/08,20,212,,,87,124,,
2014/02/08,21,218,,,93,122,,
2014/02/08,22,60,,,7,52,,
2014/02/08,23,13,,,3,9,,
2014/02/08,24,13,,,3,9,,
2014/02/09,01,13,,,3,9,,
2014/02/09,02,13,,,3,9,,
2014/02/09,03,13,,,3,9,,
2014/02/09,04,13,,,3,9,,
2014/02/09,05,13,,,3,9,,
2014/02/09,06,14,,,3,9,,
2014/02/09,07,13,,,3,10,,
2014/02/09,08,14,,,3,10,,
2014/02/09,09,56,,,36,19,,
2014/02/09,10,267,,,205,58,,
2014/02/09,11,241,,,120,118,,
2014/02/09,12,216,,,96,118,,
2014/02/09,13,206,,,86,118,,
2014/02/09,14,207,,,87,118,,
2014/02/09,15,216,,,96,118,,
2014/02/09,16,196,,,76,118,,
2014/02/09,17,199,,,74,123,,
2014/02/09,18,200,,,74,124,,
2014/02/09,19,195,,,71,122,,
2014/02/09,20,182,,,59,122,,
2014/02/09,21,184,,,62,121,,
2014/02/09,22,49,,,16,31,,
2014/02/09,23,13,,,3,9,,
2014/02/09,24,13,,,3,10,,
2014/02/10,01,14,,,3,10,,
2014/02/10,02,13,,,3,10,,
2014/02/10,03,14,,,3,10,,
2014/02/10,04,14,,,3,10,,
2014/02/10,05,14,,,3,10,,
2014/02/10,06,13,,,3,10,,
2014/02/10,07,14,,,3,10,,
2014/02/10,08,14,,,3,10,,
2014/02/10,09,36,,,19,16,,
2014/02/10,10,257,,,196,58,,
2014/02/10,11,241,,,123,116,,
2014/02/10,12,183,,,68,114,,
2014/02/10,13,187,,,70,115,,
2014/02/10,14,179,,,63,114,,
2014/02/10,15,177,,,61,115,,
2014/02/10,16,176,,,60,114,,
2014/02/10,17,176,,,53,121,,
2014/02/10,18,178,,,56,121,,
2014/02/10,19,179,,,56,121,,
2014/02/10,20,189,,,66,121,,
2014/02/10,21,164,,,43,120,,
2014/02/10,22,52,,,4,48,,
2014/02/10,23,13,,,3,9,,
2014/02/10,24,13,,,3,9,,
2014/02/11,01,13,,,3,9,,
2014/02/11,02,13,,,3,9,,
2014/02/11,03,14,,,3,9,,
2014/02/11,04,13,,,3,9,,
2014/02/11,05,14,,,3,10,,
2014/02/11,06,13,,,3,10,,
2014/02/11,07,14,,,3,10,,
2014/02/11,08,14,,,3,10,,
2014/02/11,09,157,,,123,31,,
2014/02/11,10,214,,,155,56,,
2014/02/11,11,235,,,115,118,,
2014/02/11,12,208,,,89,116,,
2014/02/11,13,193,,,74,117,,
2014/02/11,14,187,,,68,117,,
2014/02/11,15,183,,,63,118,,
2014/02/11,16,179,,,59,118,,
2014/02/11,17,183,,,59,122,,
2014/02/11,18,187,,,62,123,,
2014/02/11,19,198,,,74,122,,
2014/02/11,20,201,,,78,121,,
2014/02/11,21,158,,,36,121,,
2014/02/11,22,40,,,4,36,,
2014/02/11,23,14,,,3,10,,
2014/02/11,24,14,,,3,10,,
2014/02/12,01,14,,,3,10,,
2014/02/12,02,14,,,3,10,,
2014/02/12,03,14,,,3,10,,
2014/02/12,04,14,,,3,10,,
2014/02/12,05,15,,,3,10,,
2014/02/12,06,14,,,3,10,,
2014/02/12,07,14,,,3,10,,
2014/02/12,08,15,,,3,10,,
2014/02/12,09,60,,,39,20,,
2014/02/12,10,249,,,183,62,,
2014/02/12,11,235,,,117,116,,
2014/02/12,12,197,,,81,114,,
2014/02/12,13,190,,,76,113,,
2014/02/12,14,178,,,62,114,,
2014/02/12,15,176,,,59,115,,
2014/02/12,16,169,,,52,115,,
2014/02/12,17,170,,,48,120,,
2014/02/12,18,173,,,50,121,,
2014/02/12,19,187,,,63,122,,
2014/02/12,20,183,,,62,120,,
2014/02/12,21,189,,,67,120,,
2014/02/12,22,153,,,63,89,,
2014/02/12,23,133,,,73,59,,
2014/02/12,24,22,,,9,12,,
2014/02/13,01,14,,,3,10,,
2014/02/13,02,14,,,3,10,,
2014/02/13,03,14,,,3,10,,
2014/02/13,04,13,,,3,10,,
2014/02/13,05,14,,,3,10,,
2014/02/13,06,14,,,3,10,,
2014/02/13,07,14,,,3,10,,
2014/02/13,08,25,,,10,13,,
2014/02/13,09,230,,,175,52,,
2014/02/13,10,179,,,115,62,,
2014/02/13,11,139,,,75,63,,
2014/02/13,12,151,,,74,75,,
2014/02/13,13,187,,,69,116,,
2014/02/13,14,185,,,68,116,,
2014/02/13,15,186,,,68,116,,
2014/02/13,16,179,,,61,116,,
2014/02/13,17,195,,,72,120,,
2014/02/13,18,199,,,74,123,,
2014/02/13,19,201,,,78,121,,
2014/02/13,20,203,,,82,120,,
2014/02/13,21,201,,,79,120,,
2014/02/13,22,31,,,4,26,,
2014/02/13,23,14,,,3,10,,
2014/02/13,24,13,,,3,9,,
2014/02/14,01,14,,,3,9,,
2014/02/14,02,13,,,3,10,,
2014/02/14,03,14,,,3,10,,
2014/02/14,04,14,,,3,10,,
2014/02/14,05,14,,,3,10,,
2014/02/14,06,13,,,3,10,,
2014/02/14,07,14,,,3,10,,
2014/02/14,08,15,,,3,10,,
2014/02/14,09,163,,,134,25,,
2014/02/14,10,224,,,171,50,,
2014/02/14,11,250,,,132,116,,
2014/02/14,12,233,,,115,115,,
2014/02/14,13,202,,,85,116,,
2014/02/14,14,205,,,87,115,,
2014/02/14,15,197,,,80,115,,
2014/02/14,16,203,,,87,113,,
2014/02/14,17,207,,,86,119,,
2014/02/14,18,209,,,86,121,,
2014/02/14,19,206,,,83,121,,
2014/02/14,20,202,,,81,120,,
2014/02/14,21,198,,,78,118,,
2014/02/14,22,44,,,8,35,,
2014/02/14,23,12,,,3,9,,
2014/02/14,24,13,,,3,9,,
2014/02/15,01,13,,,3,9,,
2014/02/15,02,13,,,3,9,,
2014/02/15,03,13,,,3,9,,
2014/02/15,04,14,,,3,9,,
2014/02/15,05,13,,,3,9,,
2014/02/15,06,13,,,3,9,,
2014/02/15,07,13,,,3,9,,
2014/02/15,08,14,,,3,10,,
2014/02/15,09,162,,,127,31,,
2014/02/15,10,249,,,181,65,,
2014/02/15,11,227,,,110,115,,
2014/02/15,12,223,,,105,116,,
2014/02/15,13,189,,,71,116,,
2014/02/15,14,193,,,74,117,,
2014/02/15,15,191,,,73,117,,
2014/02/15,16,193,,,73,118,,
2014/02/15,17,195,,,70,123,,
2014/02/15,18,203,,,76,125,,
2014/02/15,19,204,,,79,123,,
2014/02/15,20,210,,,85,122,,
2014/02/15,21,182,,,59,121,,
2014/02/15,22,51,,,12,39,,
2014/02/15,23,14,,,3,10,,
2014/02/15,24,13,,,3,10,,
2014/02/16,01,14,,,3,10,,
2014/02/16,02,14,,,3,9,,
2014/02/16,03,13,,,3,10,,
2014/02/16,04,14,,,3,10,,
2014/02/16,05,14,,,3,10,,
2014/02/16,06,14,,,3,10,,
2014/02/16,07,14,,,3,10,,
2014/02/16,08,14,,,3,10,,
2014/02/16,09,105,,,76,27,,
2014/02/16,10,194,,,129,62,,
2014/02/16,11,195,,,76,117,,
2014/02/16,12,179,,,59,118,,
2014/02/16,13,187,,,65,120,,
2014/02/16,14,183,,,62,120,,
2014/02/16,15,192,,,70,120,,
2014/02/16,16,181,,,60,120,,
2014/02/16,17,191,,,64,125,,
2014/02/16,18,177,,,49,126,,
2014/02/16,19,187,,,60,126,,
2014/02/16,20,190,,,64,124,,
2014/02/16,21,176,,,53,122,,
2014/02/16,22,29,,,3,25,,
2014/02/16,23,13,,,3,9,,
2014/02/16,24,14,,,3,10,,
2014/02/17,01,14,,,3,10,,
2014/02/17,02,13,,,3,10,,
2014/02/17,03,14,,,3,10,,
2014/02/17,04,14,,,3,9,,
2014/02/17,05,13,,,3,10,,
2014/02/17,06,14,,,3,10,,
2014/02/17,07,14,,,3,10,,
2014/02/17,08,14,,,3,10,,
2014/02/17,09,145,,,112,29,,
2014/02/17,10,251,,,193,54,,
2014/02/17,11,238,,,118,118,,
2014/02/17,12,233,,,114,117,,
2014/02/17,13,225,,,105,117,,
2014/02/17,14,219,,,100,117,,
2014/02/17,15,225,,,106,117,,
2014/02/17,16,236,,,116,118,,
2014/02/17,17,245,,,120,122,,
2014/02/17,18,237,,,111,123,,
2014/02/17,19,225,,,102,122,,
2014/02/17,20,245,,,121,122,,
2014/02/17,21,192,,,72,119,,
2014/02/17,22,34,,,4,28,,
2014/02/17,23,13,,,3,9,,
2014/02/17,24,13,,,3,9,,
2014/02/18,01,13,,,3,9,,
2014/02/18,02,13,,,3,9,,
2014/02/18,03,13,,,3,9,,
2014/02/18,04,13,,,3,9,,
2014/02/18,05,13,,,3,9,,
2014/02/18,06,14,,,3,9,,
2014/02/18,07,13,,,3,10,,
2014/02/18,08,14,,,3,10,,
2014/02/18,09,201,,,162,35,,
2014/02/18,10,240,,,186,51,,
2014/02/18,11,248,,,131,115,,
2014/02/18,12,220,,,105,112,,
2014/02/18,13,224,,,109,114,,
2014/02/18,14,224,,,108,113,,
2014/02/18,15,204,,,89,114,,
2014/02/18,16,204,,,89,113,,
2014/02/18,17,218,,,98,118,,
2014/02/18,18,211,,,90,119,,
2014/02/18,19,214,,,94,118,,
2014/02/18,20,217,,,96,119,,
2014/02/18,21,209,,,90,117,,
2014/02/18,22,33,,,4,28,,
2014/02/18,23,13,,,3,9,,
2014/02/18,24,14,,,3,9,,
2014/02/19,01,14,,,3,10,,
2014/02/19,02,13,,,3,10,,
2014/02/19,03,14,,,3,10,,
2014/02/19,04,13,,,3,10,,
2014/02/19,05,14,,,3,10,,
2014/02/19,06,14,,,3,10,,
2014/02/19,07,14,,,3,10,,
2014/02/19,08,14,,,3,10,,
2014/02/19,09,23,,,9,13,,
2014/02/19,10,230,,,173,54,,
2014/02/19,11,240,,,122,115,,
2014/02/19,12,184,,,68,114,,
2014/02/19,13,177,,,60,115,,
2014/02/19,14,174,,,58,115,,
2014/02/19,15,178,,,61,115,,
2014/02/19,16,179,,,63,114,,
2014/02/19,17,186,,,63,121,,
2014/02/19,18,215,,,91,122,,
2014/02/19,19,191,,,67,122,,
2014/02/19,20,199,,,76,122,,
2014/02/19,21,160,,,38,120,,
2014/02/19,22,39,,,10,28,,
2014/02/19,23,13,,,3,9,,
2014/02/19,24,14,,,3,10,,
2014/02/20,01,13,,,3,9,,
2014/02/20,02,13,,,3,9,,
2014/02/20,03,14,,,3,9,,
2014/02/20,04,13,,,3,9,,
2014/02/20,05,14,,,3,10,,
2014/02/20,06,14,,,3,10,,
2014/02/20,07,14,,,3,10,,
2014/02/20,08,14,,,3,10,,
2014/02/20,09,89,,,64,24,,
2014/02/20,10,209,,,146,60,,
2014/02/20,11,217,,,101,114,,
2014/02/20,12,165,,,50,114,,
2014/02/20,13,174,,,57,114,,
2014/02/20,14,165,,,50,115,,
2014/02/20,15,147,,,30,115,,
2014/02/20,16,158,,,42,115,,
2014/02/20,17,155,,,32,121,,
2014/02/20,18,176,,,56,119,,
2014/02/20,19,165,,,43,120,,
2014/02/20,20,177,,,57,119,,
2014/02/20,21,151,,,31,118,,
2014/02/20,22,45,,,7,37,,
2014/02/20,23,13,,,3,9,,
2014/02/20,24,14,,,3,9,,
2014/02/21,01,13,,,3,9,,
2014/02/21,02,13,,,3,9,,
2014/02/21,03,13,,,3,9,,
2014/02/21,04,14,,,3,9,,
2014/02/21,05,13,,,3,9,,
2014/02/21,06,13,,,3,9,,
2014/02/21,07,14,,,3,9,,
2014/02/21,08,14,,,3,10,,
2014/02/21,09,95,,,69,24,,
2014/02/21,10,224,,,169,52,,
2014/02/21,11,210,,,90,117,,
2014/02/21,12,198,,,81,116,,
2014/02/21,13,185,,,67,116,,
2014/02/21,14,182,,,64,116,,
2014/02/21,15,177,,,59,116,,
2014/02/21,16,183,,,66,115,,
2014/02/21,17,176,,,54,121,,
2014/02/21,18,199,,,75,122,,
2014/02/21,19,205,,,81,122,,
2014/02/21,20,208,,,84,122,,
2014/02/21,21,159,,,38,120,,
2014/02/21,22,28,,,4,23,,
2014/02/21,23,14,,,3,9,,
2014/02/21,24,13,,,3,10,,
2014/02/22,01,14,,,3,10,,
2014/02/22,02,14,,,3,10,,
2014/02/22,03,14,,,3,10,,
2014/02/22,04,14,,,3,10,,
2014/02/22,05,15,,,3,10,,
2014/02/22,06,14,,,3,10,,
2014/02/22,07,14,,,3,10,,
2014/02/22,08,15,,,3,10,,
2014/02/22,09,189,,,150,36,,
2014/02/22,10,239,,,173,62,,
2014/02/22,11,213,,,95,116,,
2014/02/22,12,180,,,63,116,,
2014/02/22,13,179,,,61,116,,
2014/02/22,14,172,,,55,116,,
2014/02/22,15,187,,,70,115,,
2014/02/22,16,168,,,52,114,,
2014/02/22,17,178,,,56,120,,
2014/02/22,18,184,,,63,120,,
2014/02/22,19,202,,,79,121,,
2014/02/22,20,199,,,77,120,,
2014/02/22,21,156,,,36,120,,
2014/02/22,22,55,,,12,42,,
2014/02/22,23,13,,,3,9,,
2014/02/22,24,13,,,3,9,,
2014/02/23,01,14,,,3,9,,
2014/02/23,02,13,,,3,9,,
2014/02/23,03,13,,,3,9,,
2014/02/23,04,13,,,3,9,,
2014/02/23,05,14,,,3,10,,
2014/02/23,06,13,,,3,9,,
2014/02/23,07,14,,,3,10,,
2014/02/23,08,14,,,3,10,,
2014/02/23,09,114,,,86,26,,
2014/02/23,10,265,,,202,58,,
2014/02/23,11,220,,,99,120,,
2014/02/23,12,171,,,51,118,,
2014/02/23,13,159,,,37,120,,
2014/02/23,14,166,,,43,121,,
2014/02/23,15,174,,,52,119,,
2014/02/23,16,159,,,41,116,,
2014/02/23,17,181,,,56,123,,
2014/02/23,18,185,,,60,123,,
2014/02/23,19,177,,,52,123,,
2014/02/23,20,178,,,55,122,,
2014/02/23,21,175,,,53,121,,
2014/02/23,22,69,,,12,56,,
2014/02/23,23,12,,,3,9,,
2014/02/23,24,13,,,3,9,,
2014/02/24,01,14,,,3,9,,
2014/02/24,02,13,,,3,9,,
2014/02/24,03,13,,,3,9,,
2014/02/24,04,14,,,3,10,,
2014/02/24,05,14,,,3,10,,
2014/02/24,06,14,,,3,10,,
2014/02/24,07,14,,,3,10,,
2014/02/24,08,14,,,3,10,,
2014/02/24,09,167,,,132,32,,
2014/02/24,10,224,,,166,54,,
2014/02/24,11,186,,,74,111,,
2014/02/24,12,176,,,62,112,,
2014/02/24,13,168,,,54,112,,
2014/02/24,14,151,,,37,112,,
2014/02/24,15,147,,,34,112,,
2014/02/24,16,147,,,32,113,,
2014/02/24,17,168,,,49,116,,
2014/02/24,18,177,,,57,119,,
2014/02/24,19,175,,,55,118,,
2014/02/24,20,173,,,53,118,,
2014/02/24,21,159,,,39,118,,
2014/02/24,22,35,,,5,29,,
2014/02/24,23,13,,,3,9,,
2014/02/24,24,13,,,3,9,,
2014/02/25,01,14,,,3,10,,
2014/02/25,02,13,,,3,10,,
2014/02/25,03,14,,,3,9,,
2014/02/25,04,14,,,3,10,,
2014/02/25,05,14,,,3,10,,
2014/02/25,06,14,,,3,10,,
2014/02/25,07,14,,,3,10,,
2014/02/25,08,14,,,3,10,,
2014/02/25,09,102,,,75,25,,
2014/02/25,10,219,,,164,54,,
2014/02/25,11,184,,,67,114,,
2014/02/25,12,160,,,44,114,,
2014/02/25,13,150,,,34,114,,
2014/02/25,14,145,,,28,115,,
2014/02/25,15,156,,,40,115,,
2014/02/25,16,148,,,32,115,,
2014/02/25,17,158,,,37,119,,
2014/02/25,18,178,,,56,120,,
2014/02/25,19,180,,,59,120,,
2014/02/25,20,173,,,52,119,,
2014/02/25,21,156,,,36,118,,
2014/02/25,22,44,,,6,36,,
2014/02/25,23,13,,,3,9,,
2014/02/25,24,13,,,3,9,,
2014/02/26,01,13,,,3,9,,
2014/02/26,02,12,,,3,9,,
2014/02/26,03,13,,,3,9,,
2014/02/26,04,14,,,3,9,,
2014/02/26,05,13,,,3,9,,
2014/02/26,06,14,,,3,9,,
2014/02/26,07,13,,,3,9,,
2014/02/26,08,14,,,3,10,,
2014/02/26,09,174,,,138,33,,
2014/02/26,10,162,,,106,54,,
2014/02/26,11,171,,,58,111,,
2014/02/26,12,152,,,40,110,,
2014/02/26,13,148,,,35,111,,
2014/02/26,14,126,,,15,110,,
2014/02/26,15,138,,,26,110,,
2014/02/26,16,127,,,14,112,,
2014/02/26,17,132,,,15,116,,
2014/02/26,18,152,,,32,117,,
2014/02/26,19,168,,,49,117,,
2014/02/26,20,153,,,36,116,,
2014/02/26,21,160,,,42,116,,
2014/02/26,22,32,,,3,27,,
2014/02/26,23,12,,,3,9,,
2014/02/26,24,13,,,3,9,,
2014/02/27,01,13,,,3,9,,
2014/02/27,02,13,,,3,9,,
2014/02/27,03,13,,,3,9,,
2014/02/27,04,13,,,3,9,,
2014/02/27,05,14,,,3,9,,
2014/02/27,06,13,,,3,9,,
2014/02/27,07,13,,,3,9,,
2014/02/27,08,13,,,3,9,,
2014/02/27,09,163,,,126,34,,
2014/02/27,10,182,,,122,59,,
2014/02/27,11,175,,,62,111,,
2014/02/27,12,150,,,38,111,,
2014/02/27,13,147,,,35,110,,
2014/02/27,14,127,,,15,110,,
2014/02/27,15,138,,,26,110,,
2014/02/27,16,127,,,14,111,,
2014/02/27,17,131,,,13,116,,
2014/02/27,18,153,,,33,118,,
2014/02/27,19,134,,,15,118,,
2014/02/27,20,155,,,36,117,,
2014/02/27,21,131,,,14,116,,
2014/02/27,22,40,,,8,30,,
2014/02/27,23,16,,,6,9,,
2014/02/27,24,17,,,7,9,,
2014/02/28,01,17,,,7,9,,
2014/02/28,02,16,,,6,9,,
2014/02/28,03,17,,,7,9,,
2014/02/28,04,17,,,7,9,,
2014/02/28,05,16,,,7,9,,
2014/02/28,06,17,,,7,9,,
2014/02/28,07,17,,,7,9,,
2014/02/28,08,17,,,7,9,,
2014/02/28,09,28,,,10,17,,
2014/02/28,10,160,,,100,57,,
2014/02/28,11,160,,,45,112,,
2014/02/28,12,136,,,23,112,,
2014/02/28,13,138,,,26,111,,
2014/02/28,14,135,,,23,111,,
2014/02/28,15,134,,,20,112,,
2014/02/28,16,133,,,20,112,,
2014/02/28,17,129,,,10,117,,
2014/02/28,18,148,,,30,117,,
2014/02/28,19,147,,,29,117,,
2014/02/28,20,156,,,38,117,,
2014/02/28,21,140,,,25,114,,
2014/02/28,22,45,,,3,40,,
2014/02/28,23,13,,,3,8,,
2014/02/28,24,13,,,3,9,,
2014/03/01,01,13,,,3,9,,
2014/03/01,02,13,,,3,9,,
2014/03/01,03,13,,,3,9,,
2014/03/01,04,13,,,3,9,,
2014/03/01,05,13,,,3,9,,
2014/03/01,06,13,,,3,8,,
2014/03/01,07,13,,,3,9,,
2014/03/01,08,13,,,3,9,,
2014/03/01,09,77,,,54,20,,
2014/03/01,10,218,,,151,65,,
2014/03/01,11,182,,,60,120,,
2014/03/01,12,156,,,35,119,,
2014/03/01,13,147,,,28,118,,
2014/03/01,14,130,,,10,118,,
2014/03/01,15,129,,,10,118,,
2014/03/01,16,131,,,12,117,,
2014/03/01,17,148,,,25,121,,
2014/03/01,18,137,,,14,122,,
2014/03/01,19,159,,,36,122,,
2014/03/01,20,162,,,40,120,,
2014/03/01,21,140,,,19,120,,
2014/03/01,22,30,,,3,26,,
2014/03/01,23,13,,,3,8,,
2014/03/01,24,13,,,3,9,,
2014/03/02,01,12,,,3,8,,
2014/03/02,02,13,,,3,8,,
2014/03/02,03,13,,,3,9,,
2014/03/02,04,13,,,3,9,,
2014/03/02,05,13,,,3,9,,
2014/03/02,06,13,,,3,9,,
2014/03/02,07,13,,,3,9,,
2014/03/02,08,13,,,3,9,,
2014/03/02,09,87,,,63,22,,
2014/03/02,10,197,,,138,56,,
2014/03/02,11,182,,,63,118,,
2014/03/02,12,182,,,62,118,,
2014/03/02,13,156,,,38,117,,
2014/03/02,14,144,,,26,117,,
2014/03/02,15,161,,,43,117,,
2014/03/02,16,166,,,47,118,,
2014/03/02,17,149,,,25,123,,
2014/03/02,18,165,,,40,124,,
2014/03/02,19,176,,,51,123,,
2014/03/02,20,174,,,51,121,,
2014/03/02,21,140,,,19,120,,
2014/03/02,22,39,,,4,34,,
2014/03/02,23,13,,,3,9,,
2014/03/02,24,12,,,3,9,,
2014/03/03,01,13,,,3,9,,
2014/03/03,02,13,,,3,8,,
2014/03/03,03,12,,,3,8,,
2014/03/03,04,13,,,3,9,,
2014/03/03,05,14,,,3,9,,
2014/03/03,06,13,,,3,9,,
2014/03/03,07,14,,,3,10,,
2014/03/03,08,14,,,3,10,,
2014/03/03,09,137,,,105,30,,
2014/03/03,10,189,,,126,61,,
2014/03/03,11,184,,,70,112,,
2014/03/03,12,175,,,60,113,,
2014/03/03,13,167,,,53,112,,
2014/03/03,14,157,,,45,111,,
2014/03/03,15,159,,,45,112,,
2014/03/03,16,180,,,66,112,,
2014/03/03,17,172,,,52,118,,
2014/03/03,18,181,,,61,119,,
2014/03/03,19,194,,,72,120,,
2014/03/03,20,182,,,63,118,,
2014/03/03,21,172,,,52,118,,
2014/03/03,22,34,,,4,28,,
2014/03/03,23,13,,,3,8,,
2014/03/03,24,13,,,3,9,,
2014/03/04,01,13,,,3,9,,
2014/03/04,02,13,,,3,9,,
2014/03/04,03,14,,,3,9,,
2014/03/04,04,13,,,3,9,,
2014/03/04,05,14,,,3,10,,
2014/03/04,06,14,,,3,10,,
2014/03/04,07,14,,,3,10,,
2014/03/04,08,14,,,3,10,,
2014/03/04,09,189,,,140,47,,
2014/03/04,10,148,,,96,50,,
2014/03/04,11,168,,,53,113,,
2014/03/04,12,139,,,26,112,,
2014/03/04,13,144,,,30,112,,
2014/03/04,14,127,,,13,114,,
2014/03/04,15,136,,,21,114,,
2014/03/04,16,126,,,11,114,,
2014/03/04,17,150,,,29,119,,
2014/03/04,18,146,,,26,119,,
2014/03/04,19,164,,,43,119,,
2014/03/04,20,158,,,40,117,,
2014/03/04,21,150,,,32,116,,
2014/03/04,22,48,,,4,43,,
2014/03/04,23,13,,,3,8,,
2014/03/04,24,13,,,3,9,,
2014/03/05,01,12,,,3,9,,
2014/03/05,02,13,,,3,9,,
2014/03/05,03,13,,,3,9,,
2014/03/05,04,13,,,3,9,,
2014/03/05,05,13,,,3,9,,
2014/03/05,06,13,,,3,9,,
2014/03/05,07,14,,,3,9,,
2014/03/05,08,13,,,3,9,,
2014/03/05,09,50,,,31,18,,
2014/03/05,10,203,,,141,59,,
2014/03/05,11,221,,,105,114,,
2014/03/05,12,186,,,71,113,,
2014/03/05,13,178,,,64,112,,
2014/03/05,14,169,,,55,112,,
2014/03/05,15,178,,,63,113,,
2014/03/05,16,165,,,51,113,,
2014/03/05,17,173,,,52,119,,
2014/03/05,18,173,,,53,118,,
2014/03/05,19,171,,,52,118,,
2014/03/05,20,168,,,50,117,,
2014/03/05,21,151,,,34,116,,
2014/03/05,22,47,,,6,39,,
2014/03/05,23,12,,,3,8,,
2014/03/05,24,13,,,3,9,,
2014/03/06,01,13,,,3,8,,
2014/03/06,02,12,,,3,9,,
2014/03/06,03,13,,,3,8,,
2014/03/06,04,12,,,3,8,,
2014/03/06,05,13,,,3,9,,
2014/03/06,06,12,,,3,9,,
2014/03/06,07,13,,,3,9,,
2014/03/06,08,14,,,3,9,,
2014/03/06,09,142,,,110,30,,
2014/03/06,10,220,,,165,52,,
2014/03/06,11,243,,,129,112,,
2014/03/06,12,207,,,92,112,,
2014/03/06,13,196,,,82,113,,
2014/03/06,14,200,,,86,113,,
2014/03/06,15,204,,,88,114,,
2014/03/06,16,194,,,80,112,,
2014/03/06,17,203,,,82,119,,
2014/03/06,18,197,,,76,120,,
2014/03/06,19,201,,,81,118,,
2014/03/06,20,200,,,80,118,,
2014/03/06,21,168,,,50,117,,
2014/03/06,22,37,,,3,33,,
2014/03/06,23,13,,,3,9,,
2014/03/06,24,13,,,3,9,,
2014/03/07,01,13,,,3,9,,
2014/03/07,02,13,,,3,9,,
2014/03/07,03,13,,,3,9,,
2014/03/07,04,13,,,3,9,,
2014/03/07,05,14,,,3,9,,
2014/03/07,06,13,,,3,10,,
2014/03/07,07,14,,,3,10,,
2014/03/07,08,13,,,3,10,,
2014/03/07,09,134,,,104,28,,
2014/03/07,10,236,,,180,52,,
2014/03/07,11,236,,,121,113,,
2014/03/07,12,199,,,85,113,,
2014/03/07,13,192,,,76,113,,
2014/03/07,14,194,,,80,112,,
2014/03/07,15,177,,,62,113,,
2014/03/07,16,165,,,50,113,,
2014/03/07,17,189,,,69,118,,
2014/03/07,18,192,,,72,119,,
2014/03/07,19,196,,,75,119,,
2014/03/07,20,201,,,81,118,,
2014/03/07,21,183,,,64,118,,
2014/03/07,22,34,,,3,30,,
2014/03/07,23,13,,,3,9,,
2014/03/07,24,14,,,3,9,,
2014/03/08,01,13,,,3,10,,
2014/03/08,02,13,,,3,9,,
2014/03/08,03,14,,,3,10,,
2014/03/08,04,13,,,3,9,,
2014/03/08,05,14,,,3,10,,
2014/03/08,06,13,,,3,10,,
2014/03/08,07,14,,,3,10,,
2014/03/08,08,14,,,3,10,,
2014/03/08,09,104,,,77,24,,
2014/03/08,10,270,,,205,61,,
2014/03/08,11,233,,,113,118,,
2014/03/08,12,231,,,110,119,,
2014/03/08,13,202,,,80,120,,
2014/03/08,14,189,,,69,119,,
2014/03/08,15,200,,,80,118,,
2014/03/08,16,206,,,86,119,,
2014/03/08,17,208,,,81,125,,
2014/03/08,18,204,,,77,126,,
2014/03/08,19,207,,,80,126,,
2014/03/08,20,221,,,93,125,,
2014/03/08,21,164,,,40,123,,
2014/03/08,22,70,,,10,58,,
2014/03/08,23,13,,,3,9,,
2014/03/08,24,13,,,3,10,,
2014/03/09,01,14,,,3,10,,
2014/03/09,02,14,,,3,10,,
2014/03/09,03,13,,,3,10,,
2014/03/09,04,14,,,3,10,,
2014/03/09,05,13,,,3,10,,
2014/03/09,06,14,,,3,10,,
2014/03/09,07,14,,,3,10,,
2014/03/09,08,14,,,3,10,,
2014/03/09,09,101,,,73,26,,
2014/03/09,10,188,,,121,65,,
2014/03/09,11,205,,,87,116,,
2014/03/09,12,168,,,50,116,,
2014/03/09,13,145,,,26,117,,
2014/03/09,14,159,,,41,117,,
2014/03/09,15,151,,,31,118,,
2014/03/09,16,140,,,21,117,,
2014/03/09,17,158,,,34,123,,
2014/03/09,18,154,,,30,123,,
2014/03/09,19,184,,,60,122,,
2014/03/09,20,176,,,52,123,,
2014/03/09,21,143,,,22,120,,
2014/03/09,22,45,,,3,41,,
2014/03/09,23,13,,,3,8,,
2014/03/09,24,13,,,3,9,,
2014/03/10,01,12,,,3,9,,
2014/03/10,02,13,,,3,9,,
2014/03/10,03,13,,,3,9,,
2014/03/10,04,13,,,3,9,,
2014/03/10,05,13,,,3,10,,
2014/03/10,06,14,,,3,9,,
2014/03/10,07,13,,,3,10,,
2014/03/10,08,14,,,3,10,,
2014/03/10,09,165,,,127,36,,
2014/03/10,10,176,,,121,52,,
2014/03/10,11,217,,,103,112,,
2014/03/10,12,182,,,68,112,,
2014/03/10,13,202,,,87,114,,
2014/03/10,14,178,,,61,116,,
2014/03/10,15,188,,,71,116,,
2014/03/10,16,181,,,63,116,,
2014/03/10,17,204,,,81,121,,
2014/03/10,18,193,,,69,122,,
2014/03/10,19,218,,,96,121,,
2014/03/10,20,198,,,76,120,,
2014/03/10,21,191,,,69,121,,
2014/03/10,22,37,,,5,32,,
2014/03/10,23,12,,,3,9,,
2014/03/10,24,14,,,3,9,,
2014/03/11,01,13,,,3,9,,
2014/03/11,02,13,,,3,9,,
2014/03/11,03,13,,,3,9,,
2014/03/11,04,13,,,3,9,,
2014/03/11,05,14,,,3,10,,
2014/03/11,06,13,,,3,9,,
2014/03/11,07,13,,,3,9,,
2014/03/11,08,14,,,3,10,,
2014/03/11,09,86,,,62,22,,
2014/03/11,10,248,,,192,53,,
2014/03/11,11,211,,,94,115,,
2014/03/11,12,207,,,90,115,,
2014/03/11,13,194,,,77,115,,
2014/03/11,14,185,,,69,114,,
2014/03/11,15,190,,,73,116,,
2014/03/11,16,187,,,68,116,,
2014/03/11,17,181,,,62,117,,
2014/03/11,18,179,,,54,124,,
2014/03/11,19,194,,,68,124,,
2014/03/11,20,194,,,69,123,,
2014/03/11,21,160,,,38,121,,
2014/03/11,22,38,,,8,29,,
2014/03/11,23,12,,,3,9,,
2014/03/11,24,14,,,3,9,,
2014/03/12,01,12,,,3,9,,
2014/03/12,02,13,,,3,9,,
2014/03/12,03,13,,,3,9,,
2014/03/12,04,13,,,3,9,,
2014/03/12,05,14,,,3,9,,
2014/03/12,06,13,,,3,9,,
2014/03/12,07,13,,,3,9,,
2014/03/12,08,14,,,3,10,,
2014/03/12,09,177,,,137,36,,
2014/03/12,10,205,,,145,58,,
2014/03/12,11,209,,,93,114,,
2014/03/12,12,178,,,63,113,,
2014/03/12,13,193,,,77,115,,
2014/03/12,14,197,,,78,117,,
2014/03/12,15,210,,,91,117,,
2014/03/12,16,209,,,91,116,,
2014/03/12,17,207,,,90,116,,
2014/03/12,18,203,,,79,122,,
2014/03/12,19,202,,,80,121,,
2014/03/12,20,200,,,78,120,,
2014/03/12,21,186,,,66,118,,
2014/03/12,22,32,,,3,28,,
2014/03/12,23,12,,,3,9,,
2014/03/12,24,14,,,3,9,,
2014/03/13,01,13,,,3,9,,
2014/03/13,02,13,,,3,9,,
2014/03/13,03,13,,,3,9,,
2014/03/13,04,14,,,3,9,,
2014/03/13,05,13,,,3,9,,
2014/03/13,06,14,,,3,9,,
2014/03/13,07,13,,,3,9,,
2014/03/13,08,14,,,3,10,,
2014/03/13,09,170,,,134,33,,
2014/03/13,10,177,,,120,55,,
2014/03/13,11,203,,,88,114,,
2014/03/13,12,187,,,72,112,,
2014/03/13,13,180,,,66,112,,
2014/03/13,14,180,,,65,113,,
2014/03/13,15,182,,,67,114,,
2014/03/13,16,190,,,75,113,,
2014/03/13,17,185,,,70,113,,
2014/03/13,18,198,,,76,120,,
2014/03/13,19,194,,,74,119,,
2014/03/13,20,210,,,89,118,,
2014/03/13,21,171,,,53,118,,
2014/03/13,22,57,,,10,46,,
2014/03/13,23,12,,,3,8,,
2014/03/13,24,13,,,3,9,,
2014/03/14,01,12,,,3,8,,
2014/03/14,02,13,,,3,9,,
2014/03/14,03,12,,,3,8,,
2014/03/14,04,13,,,3,9,,
2014/03/14,05,13,,,3,9,,
2014/03/14,06,12,,,3,9,,
2014/03/14,07,13,,,3,9,,
2014/03/14,08,13,,,3,9,,
2014/03/14,09,77,,,54,21,,
2014/03/14,10,220,,,158,60,,
2014/03/14,11,168,,,51,115,,
2014/03/14,12,173,,,56,116,,
2014/03/14,13,165,,,49,115,,
2014/03/14,14,173,,,57,114,,
2014/03/14,15,173,,,57,114,,
2014/03/14,16,160,,,44,114,,
2014/03/14,17,173,,,57,115,,
2014/03/14,18,177,,,54,121,,
2014/03/14,19,178,,,56,120,,
2014/03/14,20,186,,,64,120,,
2014/03/14,21,164,,,44,119,,
2014/03/14,22,116,,,12,103,,
2014/03/14,23,14,,,3,10,,
2014/03/14,24,13,,,3,9,,
2014/03/15,01,13,,,3,9,,
2014/03/15,02,13,,,3,9,,
2014/03/15,03,14,,,3,9,,
2014/03/15,04,13,,,3,9,,
2014/03/15,05,13,,,3,9,,
2014/03/15,06,14,,,3,9,,
2014/03/15,07,13,,,3,9,,
2014/03/15,08,14,,,3,9,,
2014/03/15,09,90,,,65,22,,
2014/03/15,10,219,,,154,62,,
2014/03/15,11,191,,,73,116,,
2014/03/15,12,180,,,63,115,,
2014/03/15,13,171,,,56,114,,
2014/03/15,14,167,,,50,115,,
2014/03/15,15,166,,,48,115,,
2014/03/15,16,144,,,28,115,,
2014/03/15,17,157,,,40,115,,
2014/03/15,18,158,,,36,122,,
2014/03/15,19,170,,,45,123,,
2014/03/15,20,184,,,60,123,,
2014/03/15,21,155,,,32,122,,
2014/03/15,22,40,,,7,32,,
2014/03/15,23,13,,,3,9,,
2014/03/15,24,13,,,3,9,,
2014/03/16,01,13,,,3,9,,
2014/03/16,02,13,,,3,9,,
2014/03/16,03,13,,,3,9,,
2014/03/16,04,13,,,3,9,,
2014/03/16,05,14,,,3,9,,
2014/03/16,06,13,,,3,9,,
2014/03/16,07,14,,,3,9,,
2014/03/16,08,14,,,3,10,,
2014/03/16,09,80,,,55,23,,
2014/03/16,10,185,,,126,57,,
2014/03/16,11,179,,,61,116,,
2014/03/16,12,155,,,38,116,,
2014/03/16,13,167,,,48,117,,
2014/03/16,14,170,,,50,118,,
2014/03/16,15,154,,,36,117,,
2014/03/16,16,142,,,23,117,,
2014/03/16,17,161,,,42,117,,
2014/03/16,18,165,,,41,122,,
2014/03/16,19,170,,,46,122,,
2014/03/16,20,163,,,40,122,,
2014/03/16,21,155,,,33,121,,
2014/03/16,22,42,,,3,38,,
2014/03/16,23,13,,,3,9,,
2014/03/16,24,14,,,3,9,,
2014/03/17,01,13,,,3,9,,
2014/03/17,02,13,,,3,9,,
2014/03/17,03,13,,,3,9,,
2014/03/17,04,14,,,3,9,,
2014/03/17,05,13,,,3,9,,
2014/03/17,06,14,,,3,9,,
2014/03/17,07,13,,,3,9,,
2014/03/17,08,14,,,3,9,,
2014/03/17,09,85,,,58,24,,
2014/03/17,10,185,,,120,62,,
2014/03/17,11,166,,,46,118,,
2014/03/17,12,146,,,28,116,,
2014/03/17,13,141,,,23,116,,
2014/03/17,14,139,,,21,116,,
2014/03/17,15,136,,,18,116,,
2014/03/17,16,135,,,17,116,,
2014/03/17,17,133,,,17,114,,
2014/03/17,18,139,,,18,120,,
2014/03/17,19,145,,,22,121,,
2014/03/17,20,145,,,22,121,,
2014/03/17,21,154,,,32,121,,
2014/03/17,22,30,,,3,25,,
2014/03/17,23,13,,,3,8,,
2014/03/17,24,13,,,3,9,,
2014/03/18,01,13,,,3,9,,
2014/03/18,02,13,,,3,9,,
2014/03/18,03,13,,,3,9,,
2014/03/18,04,12,,,3,8,,
2014/03/18,05,14,,,3,9,,
2014/03/18,06,13,,,3,9,,
2014/03/18,07,13,,,3,9,,
2014/03/18,08,13,,,3,9,,
2014/03/18,09,179,,,136,41,,
2014/03/18,10,117,,,67,48,,
2014/03/18,11,167,,,52,113,,
2014/03/18,12,150,,,36,112,,
2014/03/18,13,145,,,30,113,,
2014/03/18,14,137,,,24,112,,
2014/03/18,15,153,,,38,113,,
2014/03/18,16,131,,,18,112,,
2014/03/18,17,133,,,19,112,,
2014/03/18,18,151,,,32,118,,
2014/03/18,19,141,,,20,119,,
2014/03/18,20,143,,,23,119,,
2014/03/18,21,155,,,35,118,,
2014/03/18,22,44,,,4,38,,
2014/03/18,23,13,,,3,9,,
2014/03/18,24,13,,,3,9,,
2014/03/19,01,14,,,3,9,,
2014/03/19,02,13,,,3,9,,
2014/03/19,03,13,,,3,9,,
2014/03/19,04,13,,,3,9,,
2014/03/19,05,13,,,3,9,,
2014/03/19,06,13,,,3,9,,
2014/03/19,07,14,,,3,9,,
2014/03/19,08,14,,,3,9,,
2014/03/19,09,82,,,55,25,,
2014/03/19,10,180,,,114,63,,
2014/03/19,11,155,,,40,114,,
2014/03/19,12,134,,,19,114,,
2014/03/19,13,137,,,20,115,,
2014/03/19,14,134,,,19,114,,
2014/03/19,15,134,,,18,114,,
2014/03/19,16,132,,,18,112,,
2014/03/19,17,132,,,18,112,,
2014/03/19,18,142,,,20,119,,
2014/03/19,19,144,,,23,120,,
2014/03/19,20,166,,,46,118,,
2014/03/19,21,151,,,32,117,,
2014/03/19,22,45,,,9,36,,
2014/03/19,23,13,,,3,8,,
2014/03/19,24,13,,,3,9,,
2014/03/20,01,13,,,3,8,,
2014/03/20,02,13,,,3,8,,
2014/03/20,03,12,,,3,8,,
2014/03/20,04,13,,,3,8,,
2014/03/20,05,13,,,3,9,,
2014/03/20,06,13,,,3,9,,
2014/03/20,07,13,,,3,9,,
2014/03/20,08,14,,,3,9,,
2014/03/20,09,153,,,118,33,,
2014/03/20,10,163,,,106,55,,
2014/03/20,11,206,,,92,112,,
2014/03/20,12,163,,,50,112,,
2014/03/20,13,187,,,72,113,,
2014/03/20,14,191,,,77,112,,
2014/03/20,15,195,,,79,115,,
2014/03/20,16,198,,,83,114,,
2014/03/20,17,193,,,79,112,,
2014/03/20,18,199,,,80,118,,
2014/03/20,19,203,,,81,119,,
2014/03/20,20,202,,,83,118,,
2014/03/20,21,172,,,53,117,,
2014/03/20,22,33,,,4,28,,
2014/03/20,23,13,,,3,8,,
2014/03/20,24,13,,,3,9,,
2014/03/21,01,12,,,3,9,,
2014/03/21,02,13,,,3,9,,
2014/03/21,03,13,,,3,8,,
2014/03/21,04,13,,,3,9,,
2014/03/21,05,13,,,3,9,,
2014/03/21,06,13,,,3,9,,
2014/03/21,07,13,,,3,9,,
2014/03/21,08,13,,,3,9,,
2014/03/21,09,28,,,3,24,,
2014/03/21,10,185,,,127,55,,
2014/03/21,11,243,,,125,116,,
2014/03/21,12,198,,,80,115,,
2014/03/21,13,183,,,65,116,,
2014/03/21,14,180,,,61,117,,
2014/03/21,15,174,,,54,118,,
2014/03/21,16,162,,,44,117,,
2014/03/21,17,178,,,59,117,,
2014/03/21,18,172,,,48,122,,
2014/03/21,19,176,,,52,122,,
2014/03/21,20,177,,,54,122,,
2014/03/21,21,154,,,31,121,,
2014/03/21,22,35,,,3,31,,
2014/03/21,23,13,,,3,8,,
2014/03/21,24,13,,,3,9,,
2014/03/22,01,13,,,3,9,,
2014/03/22,02,14,,,3,9,,
2014/03/22,03,13,,,3,9,,
2014/03/22,04,13,,,3,9,,
2014/03/22,05,14,,,3,10,,
2014/03/22,06,14,,,3,9,,
2014/03/22,07,13,,,3,9,,
2014/03/22,08,14,,,3,9,,
2014/03/22,09,76,,,49,25,,
2014/03/22,10,134,,,71,61,,
2014/03/22,11,177,,,56,120,,
2014/03/22,12,166,,,44,120,,
2014/03/22,13,156,,,35,120,,
2014/03/22,14,152,,,30,120,,
2014/03/22,15,148,,,26,120,,
2014/03/22,16,155,,,34,120,,
2014/03/22,17,152,,,32,119,,
2014/03/22,18,155,,,29,125,,
2014/03/22,19,168,,,41,125,,
2014/03/22,20,163,,,39,123,,
2014/03/22,21,158,,,33,124,,
2014/03/22,22,52,,,10,41,,
2014/03/22,23,13,,,3,9,,
2014/03/22,24,14,,,3,10,,
2014/03/23,01,14,,,3,10,,
2014/03/23,02,14,,,3,10,,
2014/03/23,03,14,,,3,10,,
2014/03/23,04,13,,,3,10,,
2014/03/23,05,14,,,3,10,,
2014/03/23,06,14,,,3,10,,
2014/03/23,07,14,,,3,10,,
2014/03/23,08,15,,,3,10,,
2014/03/23,09,82,,,54,26,,
2014/03/23,10,180,,,118,60,,
2014/03/23,11,183,,,63,118,,
2014/03/23,12,175,,,55,118,,
2014/03/23,13,159,,,40,117,,
2014/03/23,14,161,,,42,118,,
2014/03/23,15,159,,,40,118,,
2014/03/23,16,156,,,36,118,,
2014/03/23,17,142,,,24,117,,
2014/03/23,18,149,,,26,122,,
2014/03/23,19,161,,,38,122,,
2014/03/23,20,169,,,46,121,,
2014/03/23,21,158,,,37,120,,
2014/03/23,22,46,,,6,39,,
2014/03/23,23,13,,,3,8,,
2014/03/23,24,13,,,3,8,,
2014/03/24,01,12,,,3,9,,
2014/03/24,02,13,,,3,8,,
2014/03/24,03,13,,,3,9,,
2014/03/24,04,13,,,3,9,,
2014/03/24,05,13,,,3,9,,
2014/03/24,06,13,,,3,9,,
2014/03/24,07,13,,,3,9,,
2014/03/24,08,14,,,3,9,,
2014/03/24,09,61,,,38,21,,
2014/03/24,10,155,,,95,58,,
2014/03/24,11,157,,,45,110,,
2014/03/24,12,135,,,23,110,,
2014/03/24,13,121,,,9,110,,
2014/03/24,14,121,,,9,110,,
2014/03/24,15,119,,,8,109,,
2014/03/24,16,120,,,8,110,,
2014/03/24,17,118,,,8,109,,
2014/03/24,18,125,,,8,115,,
2014/03/24,19,127,,,9,116,,
2014/03/24,20,126,,,9,115,,
2014/03/24,21,126,,,10,115,,
2014/03/24,22,57,,,4,52,,
2014/03/24,23,13,,,3,8,,
2014/03/24,24,13,,,3,8,,
2014/03/25,01,12,,,3,8,,
2014/03/25,02,13,,,3,8,,
2014/03/25,03,13,,,3,8,,
2014/03/25,04,12,,,3,8,,
2014/03/25,05,14,,,3,9,,
2014/03/25,06,12,,,3,8,,
2014/03/25,07,13,,,3,8,,
2014/03/25,08,14,,,4,9,,
2014/03/25,09,184,,,134,48,,
2014/03/25,10,100,,,48,51,,
2014/03/25,11,137,,,23,112,,
2014/03/25,12,128,,,15,110,,
2014/03/25,13,128,,,15,112,,
2014/03/25,14,126,,,14,110,,
2014/03/25,15,130,,,16,112,,
2014/03/25,16,127,,,14,111,,
2014/03/25,17,124,,,13,110,,
2014/03/25,18,133,,,15,116,,
2014/03/25,19,135,,,16,116,,
2014/03/25,20,134,,,16,116,,
2014/03/25,21,133,,,15,116,,
2014/03/25,22,32,,,7,24,,
2014/03/25,23,13,,,3,9,,
2014/03/25,24,13,,,3,9,,
2014/03/26,01,13,,,3,9,,
2014/03/26,02,13,,,3,9,,
2014/03/26,03,13,,,3,9,,
2014/03/26,04,13,,,3,9,,
2014/03/26,05,13,,,3,9,,
2014/03/26,06,14,,,3,9,,
2014/03/26,07,13,,,3,9,,
2014/03/26,08,14,,,3,9,,
2014/03/26,09,38,,,3,33,,
2014/03/26,10,58,,,3,53,,
2014/03/26,11,117,,,3,112,,
2014/03/26,12,115,,,3,111,,
2014/03/26,13,117,,,3,112,,
2014/03/26,14,116,,,3,111,,
2014/03/26,15,116,,,3,111,,
2014/03/26,16,115,,,3,110,,
2014/03/26,17,116,,,3,110,,
2014/03/26,18,121,,,3,117,,
2014/03/26,19,122,,,3,117,,
2014/03/26,20,123,,,3,117,,
2014/03/26,21,121,,,3,116,,
2014/03/26,22,65,,,3,61,,
2014/03/26,23,12,,,3,8,,
2014/03/26,24,13,,,3,8,,
2014/03/27,01,12,,,3,8,,
2014/03/27,02,13,,,3,8,,
2014/03/27,03,13,,,3,8,,
2014/03/27,04,12,,,3,8,,
2014/03/27,05,14,,,3,8,,
2014/03/27,06,12,,,3,8,,
2014/03/27,07,13,,,3,8,,
2014/03/27,08,14,,,3,9,,
2014/03/27,09,111,,,78,32,,
2014/03/27,10,101,,,48,51,,
2014/03/27,11,136,,,23,111,,
2014/03/27,12,121,,,8,111,,
2014/03/27,13,119,,,7,111,,
2014/03/27,14,118,,,5,110,,
2014/03/27,15,118,,,4,112,,
2014/03/27,16,117,,,4,110,,
2014/03/27,17,116,,,4,110,,
2014/03/27,18,123,,,5,116,,
2014/03/27,19,125,,,7,117,,
2014/03/27,20,126,,,8,116,,
2014/03/27,21,125,,,8,116,,
2014/03/27,22,60,,,5,54,,
2014/03/27,23,13,,,3,8,,
2014/03/27,24,13,,,3,8,,
2014/03/28,01,13,,,3,8,,
2014/03/28,02,13,,,3,8,,
2014/03/28,03,13,,,3,8,,
2014/03/28,04,13,,,3,9,,
2014/03/28,05,13,,,3,9,,
2014/03/28,06,13,,,3,9,,
2014/03/28,07,13,,,3,9,,
2014/03/28,08,14,,,3,9,,
2014/03/28,09,30,,,4,26,,
2014/03/28,10,55,,,6,47,,
2014/03/28,11,128,,,14,112,,
2014/03/28,12,124,,,11,111,,
2014/03/28,13,121,,,8,112,,
2014/03/28,14,119,,,5,112,,
2014/03/28,15,117,,,3,112,,
2014/03/28,16,117,,,3,112,,
2014/03/28,17,116,,,3,111,,
2014/03/28,18,121,,,3,116,,
2014/03/28,19,122,,,3,117,,
2014/03/28,20,122,,,3,117,,
2014/03/28,21,122,,,3,118,,
2014/03/28,22,35,,,3,30,,
2014/03/28,23,13,,,3,8,,
2014/03/28,24,13,,,3,8,,
2014/03/29,01,13,,,3,8,,
2014/03/29,02,13,,,3,8,,
2014/03/29,03,12,,,3,8,,
2014/03/29,04,13,,,3,8,,
2014/03/29,05,13,,,3,9,,
2014/03/29,06,13,,,3,9,,
2014/03/29,07,13,,,3,8,,
2014/03/29,08,13,,,3,9,,
2014/03/29,09,41,,,16,23,,
2014/03/29,10,157,,,95,59,,
2014/03/29,11,140,,,19,119,,
2014/03/29,12,130,,,11,117,,
2014/03/29,13,128,,,9,117,,
2014/03/29,14,127,,,8,118,,
2014/03/29,15,126,,,7,117,,
2014/03/29,16,125,,,7,116,,
2014/03/29,17,124,,,6,116,,
2014/03/29,18,129,,,7,121,,
2014/03/29,19,127,,,3,122,,
2014/03/29,20,127,,,3,122,,
2014/03/29,21,127,,,3,122,,
2014/03/29,22,39,,,3,34,,
2014/03/29,23,12,,,3,8,,
2014/03/29,24,13,,,3,8,,
2014/03/30,01,13,,,3,8,,
2014/03/30,02,12,,,3,8,,
2014/03/30,03,12,,,3,8,,
2014/03/30,04,13,,,3,8,,
2014/03/30,05,13,,,3,9,,
2014/03/30,06,13,,,3,8,,
2014/03/30,07,13,,,3,8,,
2014/03/30,08,13,,,3,8,,
2014/03/30,09,30,,,3,26,,
2014/03/30,10,67,,,4,61,,
2014/03/30,11,126,,,10,115,,
2014/03/30,12,132,,,16,114,,
2014/03/30,13,129,,,13,114,,
2014/03/30,14,129,,,12,115,,
2014/03/30,15,129,,,13,115,,
2014/03/30,16,128,,,13,114,,
2014/03/30,17,128,,,13,114,,
2014/03/30,18,134,,,13,119,,
2014/03/30,19,136,,,16,119,,
2014/03/30,20,140,,,19,119,,
2014/03/30,21,131,,,13,117,,
2014/03/30,22,40,,,3,36,,
2014/03/30,23,12,,,3,8,,
2014/03/30,24,13,,,3,8,,
2014/03/31,01,13,,,3,9,,
2014/03/31,02,13,,,3,9,,
2014/03/31,03,13,,,3,9,,
2014/03/31,04,13,,,3,9,,
2014/03/31,05,13,,,3,9,,
2014/03/31,06,14,,,3,9,,
2014/03/31,07,13,,,3,9,,
2014/03/31,08,13,,,3,9,,
2014/03/31,09,25,,,3,20,,
2014/03/31,10,154,,,87,65,,
2014/03/31,11,179,,,66,110,,
2014/03/31,12,148,,,37,109,,
2014/03/31,13,143,,,32,109,,
2014/03/31,14,135,,,24,109,,
2014/03/31,15,144,,,32,110,,
2014/03/31,16,134,,,21,112,,
2014/03/31,17,137,,,24,111,,
2014/03/31,18,137,,,19,116,,
2014/03/31,19,149,,,31,117,,
2014/03/31,20,152,,,32,118,,
2014/03/31,21,142,,,25,116,,
2014/03/31,22,74,,,5,68,,
2014/03/31,23,29,,,3,24,,
2014/03/31,24,13,,,3,9,,
2014/04/01,01,13,,,3,8,,
2014/04/01,02,13,,,3,8,,
2014/04/01,03,12,,,3,8,,
2014/04/01,04,14,,,3,9,,
2014/04/01,05,13,,,3,9,,
2014/04/01,06,13,,,3,9,,
2014/04/01,07,13,,,3,8,,
2014/04/01,08,13,,,3,9,,
2014/04/01,09,29,,,5,23,,
2014/04/01,10,147,,,89,56,,
2014/04/01,11,151,,,37,113,,
2014/04/01,12,133,,,18,113,,
2014/04/01,13,116,,,3,112,,
2014/04/01,14,126,,,11,113,,
2014/04/01,15,126,,,10,113,,
2014/04/01,16,124,,,9,113,,
2014/04/01,17,121,,,7,112,,
2014/04/01,18,128,,,9,117,,
2014/04/01,19,130,,,10,118,,
2014/04/01,20,131,,,12,117,,
2014/04/01,21,132,,,13,117,,
2014/04/01,22,36,,,7,29,,
2014/04/01,23,13,,,3,8,,
2014/04/01,24,12,,,3,8,,
2014/04/02,01,13,,,3,8,,
2014/04/02,02,13,,,3,8,,
2014/04/02,03,13,,,3,9,,
2014/04/02,04,13,,,3,8,,
2014/04/02,05,13,,,3,9,,
2014/04/02,06,13,,,3,9,,
2014/04/02,07,13,,,3,8,,
2014/04/02,08,13,,,3,9,,
2014/04/02,09,158,,,118,37,,
2014/04/02,10,112,,,60,51,,
2014/04/02,11,139,,,24,112,,
2014/04/02,12,129,,,17,110,,
2014/04/02,13,128,,,16,111,,
2014/04/02,14,123,,,11,110,,
2014/04/02,15,124,,,12,110,,
2014/04/02,16,125,,,12,112,,
2014/04/02,17,124,,,11,111,,
2014/04/02,18,128,,,10,116,,
2014/04/02,19,127,,,10,116,,
2014/04/02,20,129,,,11,116,,
2014/04/02,21,128,,,12,115,,
2014/04/02,22,29,,,3,25,,
2014/04/02,23,13,,,3,9,,
2014/04/02,24,13,,,3,9,,
2014/04/03,01,14,,,3,9,,
2014/04/03,02,13,,,3,9,,
2014/04/03,03,14,,,3,9,,
2014/04/03,04,13,,,3,9,,
2014/04/03,05,13,,,3,9,,
2014/04/03,06,14,,,3,9,,
2014/04/03,07,13,,,3,9,,
2014/04/03,08,14,,,3,9,,
2014/04/03,09,27,,,4,22,,
2014/04/03,10,64,,,4,58,,
2014/04/03,11,113,,,3,109,,
2014/04/03,12,114,,,4,109,,
2014/04/03,13,114,,,4,108,,
2014/04/03,14,116,,,5,109,,
2014/04/03,15,119,,,6,111,,
2014/04/03,16,119,,,6,110,,
2014/04/03,17,118,,,6,111,,
2014/04/03,18,120,,,4,115,,
2014/04/03,19,120,,,3,115,,
2014/04/03,20,120,,,3,116,,
2014/04/03,21,118,,,3,114,,
2014/04/03,22,33,,,3,28,,
2014/04/03,23,13,,,3,8,,
2014/04/03,24,12,,,3,8,,
2014/04/04,01,13,,,3,8,,
2014/04/04,02,13,,,3,8,,
2014/04/04,03,13,,,3,8,,
2014/04/04,04,12,,,3,8,,
2014/04/04,05,13,,,3,8,,
2014/04/04,06,13,,,3,8,,
2014/04/04,07,12,,,3,8,,
2014/04/04,08,14,,,3,9,,
2014/04/04,09,42,,,4,37,,
2014/04/04,10,62,,,4,57,,
2014/04/04,11,116,,,4,110,,
2014/04/04,12,114,,,4,108,,
2014/04/04,13,114,,,4,109,,
2014/04/04,14,114,,,4,109,,
2014/04/04,15,114,,,3,109,,
2014/04/04,16,115,,,3,110,,
2014/04/04,17,113,,,3,109,,
2014/04/04,18,119,,,3,114,,
2014/04/04,19,120,,,3,115,,
2014/04/04,20,120,,,4,115,,
2014/04/04,21,119,,,4,114,,
2014/04/04,22,60,,,3,56,,
2014/04/04,23,13,,,3,8,,
2014/04/04,24,12,,,3,8,,
2014/04/05,01,13,,,3,8,,
2014/04/05,02,13,,,3,8,,
2014/04/05,03,13,,,3,8,,
2014/04/05,04,13,,,3,8,,
2014/04/05,05,13,,,3,9,,
2014/04/05,06,12,,,3,8,,
2014/04/05,07,13,,,3,8,,
2014/04/05,08,13,,,3,9,,
2014/04/05,09,73,,,49,22,,
2014/04/05,10,147,,,95,50,,
2014/04/05,11,156,,,40,114,,
2014/04/05,12,143,,,28,113,,
2014/04/05,13,139,,,25,113,,
2014/04/05,14,135,,,20,113,,
2014/04/05,15,131,,,18,113,,
2014/04/05,16,133,,,19,112,,
2014/04/05,17,129,,,16,112,,
2014/04/05,18,132,,,13,117,,
2014/04/05,19,138,,,17,120,,
2014/04/05,20,153,,,32,120,,
2014/04/05,21,144,,,23,120,,
2014/04/05,22,67,,,14,51,,
2014/04/05,23,26,,,17,8,,
2014/04/05,24,28,,,18,8,,
2014/04/06,01,28,,,18,8,,
2014/04/06,02,28,,,18,9,,
2014/04/06,03,27,,,18,9,,
2014/04/06,04,29,,,19,8,,
2014/04/06,05,29,,,19,9,,
2014/04/06,06,29,,,19,9,,
2014/04/06,07,29,,,19,9,,
2014/04/06,08,29,,,18,9,,
2014/04/06,09,129,,,103,25,,
2014/04/06,10,113,,,53,58,,
2014/04/06,11,146,,,29,116,,
2014/04/06,12,141,,,24,116,,
2014/04/06,13,143,,,25,117,,
2014/04/06,14,135,,,16,118,,
2014/04/06,15,146,,,29,115,,
2014/04/06,16,136,,,20,114,,
2014/04/06,17,134,,,19,114,,
2014/04/06,18,149,,,27,120,,
2014/04/06,19,145,,,23,120,,
2014/04/06,20,158,,,38,120,,
2014/04/06,21,140,,,19,119,,
2014/04/06,22,33,,,4,28,,
2014/04/06,23,12,,,3,8,,
2014/04/06,24,13,,,3,8,,
2014/04/07,01,12,,,3,8,,
2014/04/07,02,13,,,3,8,,
2014/04/07,03,13,,,3,8,,
2014/04/07,04,13,,,3,8,,
2014/04/07,05,13,,,3,8,,
2014/04/07,06,12,,,3,8,,
2014/04/07,07,13,,,3,8,,
2014/04/07,08,14,,,3,9,,
2014/04/07,09,39,,,19,20,,
2014/04/07,10,132,,,80,51,,
2014/04/07,11,161,,,46,114,,
2014/04/07,12,145,,,32,111,,
2014/04/07,13,139,,,26,111,,
2014/04/07,14,131,,,18,111,,
2014/04/07,15,128,,,15,112,,
2014/04/07,16,127,,,15,111,,
2014/04/07,17,123,,,10,111,,
2014/04/07,18,129,,,12,116,,
2014/04/07,19,132,,,14,117,,
2014/04/07,20,133,,,15,117,,
2014/04/07,21,131,,,13,116,,
2014/04/07,22,30,,,4,26,,
2014/04/07,23,13,,,3,9,,
2014/04/07,24,13,,,3,8,,
2014/04/08,01,14,,,3,9,,
2014/04/08,02,13,,,3,9,,
2014/04/08,03,13,,,3,9,,
2014/04/08,04,13,,,3,9,,
2014/04/08,05,13,,,3,9,,
2014/04/08,06,13,,,3,9,,
2014/04/08,07,13,,,3,9,,
2014/04/08,08,14,,,3,10,,
2014/04/08,09,137,,,89,46,,
2014/04/08,10,80,,,28,51,,
2014/04/08,11,129,,,13,114,,
2014/04/08,12,124,,,10,112,,
2014/04/08,13,124,,,10,112,,
2014/04/08,14,125,,,11,113,,
2014/04/08,15,125,,,11,112,,
2014/04/08,16,126,,,11,113,,
2014/04/08,17,120,,,5,113,,
2014/04/08,18,122,,,3,117,,
2014/04/08,19,122,,,3,118,,
2014/04/08,20,122,,,3,117,,
2014/04/08,21,121,,,3,116,,
2014/04/08,22,48,,,3,43,,
2014/04/08,23,12,,,3,8,,
2014/04/08,24,13,,,3,8,,
2014/04/09,01,13,,,3,8,,
2014/04/09,02,13,,,3,8,,
2014/04/09,03,13,,,3,8,,
2014/04/09,04,13,,,3,9,,
2014/04/09,05,13,,,3,9,,
2014/04/09,06,13,,,3,8,,
2014/04/09,07,12,,,3,8,,
2014/04/09,08,14,,,3,9,,
2014/04/09,09,25,,,3,20,,
2014/04/09,10,58,,,4,53,,
2014/04/09,11,147,,,33,113,,
2014/04/09,12,134,,,20,112,,
2014/04/09,13,124,,,9,113,,
2014/04/09,14,125,,,9,113,,
2014/04/09,15,123,,,8,114,,
2014/04/09,16,123,,,8,113,,
2014/04/09,17,122,,,8,112,,
2014/04/09,18,125,,,6,117,,
2014/04/09,19,121,,,3,116,,
2014/04/09,20,121,,,3,116,,
2014/04/09,21,121,,,3,116,,
2014/04/09,22,40,,,3,36,,
2014/04/09,23,13,,,3,8,,
2014/04/09,24,12,,,3,8,,
2014/04/10,01,13,,,3,8,,
2014/04/10,02,13,,,3,8,,
2014/04/10,03,13,,,3,9,,
2014/04/10,04,13,,,3,8,,
2014/04/10,05,13,,,3,9,,
2014/04/10,06,13,,,3,9,,
2014/04/10,07,13,,,3,8,,
2014/04/10,08,13,,,3,9,,
2014/04/10,09,54,,,33,19,,
2014/04/10,10,133,,,73,58,,
2014/04/10,11,141,,,28,112,,
2014/04/10,12,128,,,15,111,,
2014/04/10,13,123,,,10,111,,
2014/04/10,14,122,,,9,111,,
2014/04/10,15,122,,,9,111,,
2014/04/10,16,122,,,10,111,,
2014/04/10,17,125,,,13,110,,
2014/04/10,18,136,,,19,116,,
2014/04/10,19,136,,,17,117,,
2014/04/10,20,137,,,20,116,,
2014/04/10,21,132,,,15,116,,
2014/04/10,22,46,,,11,34,,
2014/04/10,23,23,,,13,9,,
2014/04/10,24,24,,,14,8,,
2014/04/11,01,26,,,16,9,,
2014/04/11,02,27,,,18,9,,
2014/04/11,03,29,,,18,9,,
2014/04/11,04,29,,,19,9,,
2014/04/11,05,27,,,17,9,,
2014/04/11,06,28,,,18,9,,
2014/04/11,07,29,,,18,9,,
2014/04/11,08,27,,,17,9,,
2014/04/11,09,101,,,70,30,,
2014/04/11,10,103,,,47,54,,
2014/04/11,11,140,,,28,111,,
2014/04/11,12,136,,,22,112,,
2014/04/11,13,128,,,15,112,,
2014/04/11,14,132,,,19,112,,
2014/04/11,15,135,,,21,113,,
2014/04/11,16,135,,,20,113,,
2014/04/11,17,134,,,21,112,,
2014/04/11,18,138,,,20,116,,
2014/04/11,19,141,,,22,118,,
2014/04/11,20,140,,,21,117,,
2014/04/11,21,138,,,20,116,,
2014/04/11,22,66,,,7,58,,
2014/04/11,23,12,,,3,8,,
2014/04/11,24,13,,,3,8,,
2014/04/12,01,13,,,3,8,,
2014/04/12,02,12,,,3,8,,
2014/04/12,03,13,,,3,9,,
2014/04/12,04,13,,,3,8,,
2014/04/12,05,13,,,3,9,,
2014/04/12,06,13,,,3,8,,
2014/04/12,07,13,,,3,9,,
2014/04/12,08,13,,,3,9,,
2014/04/12,09,55,,,32,22,,
2014/04/12,10,128,,,66,60,,
2014/04/12,11,124,,,6,117,,
2014/04/12,12,122,,,3,116,,
2014/04/12,13,121,,,3,116,,
2014/04/12,14,121,,,3,116,,
2014/04/12,15,120,,,3,116,,
2014/04/12,16,120,,,3,115,,
2014/04/12,17,120,,,3,115,,
2014/04/12,18,126,,,3,121,,
2014/04/12,19,126,,,3,121,,
2014/04/12,20,125,,,3,121,,
2014/04/12,21,124,,,3,120,,
2014/04/12,22,42,,,3,37,,
2014/04/12,23,12,,,3,8,,
2014/04/12,24,13,,,3,8,,
2014/04/13,01,13,,,3,8,,
2014/04/13,02,13,,,3,8,,
2014/04/13,03,13,,,3,8,,
2014/04/13,04,12,,,3,8,,
2014/04/13,05,13,,,3,9,,
2014/04/13,06,13,,,3,9,,
2014/04/13,07,13,,,3,9,,
2014/04/13,08,13,,,3,9,,
2014/04/13,09,27,,,3,22,,
2014/04/13,10,111,,,49,60,,
2014/04/13,11,152,,,33,117,,
2014/04/13,12,130,,,12,117,,
2014/04/13,13,131,,,12,117,,
2014/04/13,14,127,,,8,117,,
2014/04/13,15,125,,,6,117,,
2014/04/13,16,126,,,6,117,,
2014/04/13,17,124,,,6,116,,
2014/04/13,18,130,,,6,122,,
2014/04/13,19,127,,,3,123,,
2014/04/13,20,128,,,3,123,,
2014/04/13,21,126,,,3,121,,
2014/04/13,22,31,,,3,27,,
2014/04/13,23,13,,,3,8,,
2014/04/13,24,12,,,3,8,,
2014/04/14,01,13,,,3,8,,
2014/04/14,02,13,,,3,8,,
2014/04/14,03,13,,,3,8,,
2014/04/14,04,12,,,3,8,,
2014/04/14,05,13,,,3,8,,
2014/04/14,06,13,,,3,8,,
2014/04/14,07,13,,,3,9,,
2014/04/14,08,13,,,3,9,,
2014/04/14,09,24,,,3,20,,
2014/04/14,10,107,,,47,59,,
2014/04/14,11,151,,,35,113,,
2014/04/14,12,127,,,14,112,,
2014/04/14,13,124,,,8,113,,
2014/04/14,14,124,,,9,112,,
2014/04/14,15,122,,,8,113,,
2014/04/14,16,122,,,8,112,,
2014/04/14,17,121,,,8,112,,
2014/04/14,18,126,,,8,116,,
2014/04/14,19,127,,,8,116,,
2014/04/14,20,125,,,8,116,,
2014/04/14,21,126,,,9,115,,
2014/04/14,22,47,,,3,43,,
2014/04/14,23,12,,,3,8,,
2014/04/14,24,13,,,3,8,,
2014/04/15,01,13,,,3,8,,
2014/04/15,02,12,,,3,8,,
2014/04/15,03,13,,,3,8,,
2014/04/15,04,13,,,3,8,,
2014/04/15,05,13,,,3,8,,
2014/04/15,06,12,,,3,8,,
2014/04/15,07,13,,,3,8,,
2014/04/15,08,13,,,3,9,,
2014/04/15,09,93,,,49,43,,
2014/04/15,10,87,,,26,59,,
2014/04/15,11,123,,,10,111,,
2014/04/15,12,119,,,6,112,,
2014/04/15,13,121,,,7,112,,
2014/04/15,14,121,,,7,112,,
2014/04/15,15,123,,,8,113,,
2014/04/15,16,123,,,7,113,,
2014/04/15,17,121,,,8,112,,
2014/04/15,18,128,,,8,117,,
2014/04/15,19,128,,,8,118,,
2014/04/15,20,126,,,7,117,,
2014/04/15,21,124,,,6,116,,
2014/04/15,22,29,,,3,25,,
2014/04/15,23,13,,,3,8,,
2014/04/15,24,12,,,3,8,,
2014/04/16,01,13,,,3,8,,
2014/04/16,02,12,,,3,8,,
2014/04/16,03,13,,,3,8,,
2014/04/16,04,13,,,3,8,,
2014/04/16,05,13,,,3,8,,
2014/04/16,06,12,,,3,8,,
2014/04/16,07,13,,,3,8,,
2014/04/16,08,13,,,3,8,,
2014/04/16,09,29,,,3,25,,
2014/04/16,10,101,,,39,61,,
2014/04/16,11,155,,,37,116,,
2014/04/16,12,118,,,4,113,,
2014/04/16,13,120,,,5,113,,
2014/04/16,14,122,,,6,114,,
2014/04/16,15,119,,,5,113,,
2014/04/16,16,120,,,6,112,,
2014/04/16,17,117,,,4,111,,
2014/04/16,18,121,,,4,116,,
2014/04/16,19,122,,,4,117,,
2014/04/16,20,121,,,3,116,,
2014/04/16,21,120,,,3,115,,
2014/04/16,22,25,,,3,20,,
2014/04/16,23,13,,,3,8,,
2014/04/16,24,13,,,3,8,,
2014/04/17,01,12,,,3,8,,
2014/04/17,02,13,,,3,8,,
2014/04/17,03,13,,,3,8,,
2014/04/17,04,13,,,3,8,,
2014/04/17,05,13,,,3,8,,
2014/04/17,06,12,,,3,8,,
2014/04/17,07,13,,,3,8,,
2014/04/17,08,13,,,3,9,,
2014/04/17,09,71,,,38,31,,
2014/04/17,10,73,,,18,54,,
2014/04/17,11,136,,,23,112,,
2014/04/17,12,120,,,6,112,,
2014/04/17,13,122,,,7,114,,
2014/04/17,14,121,,,6,113,,
2014/04/17,15,121,,,6,113,,
2014/04/17,16,122,,,6,113,,
2014/04/17,17,120,,,6,112,,
2014/04/17,18,127,,,6,119,,
2014/04/17,19,124,,,4,118,,
2014/04/17,20,121,,,3,117,,
2014/04/17,21,122,,,3,116,,
2014/04/17,22,34,,,3,30,,
2014/04/17,23,12,,,3,8,,
2014/04/17,24,13,,,3,8,,
2014/04/18,01,12,,,3,8,,
2014/04/18,02,13,,,3,8,,
2014/04/18,03,13,,,3,8,,
2014/04/18,04,13,,,3,9,,
2014/04/18,05,13,,,3,8,,
2014/04/18,06,12,,,3,8,,
2014/04/18,07,13,,,3,8,,
2014/04/18,08,13,,,3,9,,
2014/04/18,09,42,,,20,20,,
2014/04/18,10,123,,,62,60,,
2014/04/18,11,138,,,21,116,,
2014/04/18,12,120,,,4,115,,
2014/04/18,13,122,,,7,114,,
2014/04/18,14,122,,,6,113,,
2014/04/18,15,122,,,6,114,,
2014/04/18,16,121,,,6,113,,
2014/04/18,17,118,,,3,112,,
2014/04/18,18,124,,,3,119,,
2014/04/18,19,123,,,4,119,,
2014/04/18,20,123,,,3,118,,
2014/04/18,21,123,,,3,118,,
2014/04/18,22,60,,,3,56,,
2014/04/18,23,13,,,3,8,,
2014/04/18,24,13,,,3,8,,
2014/04/19,01,13,,,3,8,,
2014/04/19,02,13,,,3,8,,
2014/04/19,03,12,,,3,8,,
2014/04/19,04,13,,,3,9,,
2014/04/19,05,14,,,3,9,,
2014/04/19,06,12,,,3,9,,
2014/04/19,07,13,,,3,8,,
2014/04/19,08,14,,,3,9,,
2014/04/19,09,39,,,3,34,,
2014/04/19,10,62,,,3,58,,
2014/04/19,11,118,,,3,114,,
2014/04/19,12,119,,,3,114,,
2014/04/19,13,120,,,5,113,,
2014/04/19,14,118,,,3,114,,
2014/04/19,15,119,,,3,114,,
2014/04/19,16,118,,,3,114,,
2014/04/19,17,118,,,3,113,,
2014/04/19,18,123,,,3,119,,
2014/04/19,19,124,,,3,119,,
2014/04/19,20,123,,,3,119,,
2014/04/19,21,122,,,3,118,,
2014/04/19,22,42,,,3,37,,
2014/04/19,23,12,,,3,8,,
2014/04/19,24,12,,,3,7,,
2014/04/20,01,12,,,3,8,,
2014/04/20,02,13,,,3,8,,
2014/04/20,03,13,,,3,8,,
2014/04/20,04,13,,,3,8,,
2014/04/20,05,13,,,3,8,,
2014/04/20,06,12,,,3,9,,
2014/04/20,07,13,,,3,8,,
2014/04/20,08,14,,,3,9,,
2014/04/20,09,26,,,3,22,,
2014/04/20,10,98,,,34,62,,
2014/04/20,11,152,,,34,116,,
2014/04/20,12,130,,,12,116,,
2014/04/20,13,129,,,11,116,,
2014/04/20,14,127,,,10,116,,
2014/04/20,15,126,,,8,116,,
2014/04/20,16,125,,,7,116,,
2014/04/20,17,124,,,7,116,,
2014/04/20,18,130,,,8,120,,
2014/04/20,19,132,,,10,121,,
2014/04/20,20,134,,,11,121,,
2014/04/20,21,132,,,12,119,,
2014/04/20,22,40,,,4,35,,
2014/04/20,23,13,,,3,8,,
2014/04/20,24,11,,,3,8,,
2014/04/21,01,13,,,3,8,,
2014/04/21,02,13,,,3,8,,
2014/04/21,03,12,,,3,8,,
2014/04/21,04,12,,,3,8,,
2014/04/21,05,14,,,3,9,,
2014/04/21,06,12,,,3,8,,
2014/04/21,07,13,,,3,8,,
2014/04/21,08,13,,,3,8,,
2014/04/21,09,24,,,4,19,,
2014/04/21,10,98,,,34,61,,
2014/04/21,11,144,,,29,113,,
2014/04/21,12,125,,,11,112,,
2014/04/21,13,121,,,8,112,,
2014/04/21,14,121,,,8,112,,
2014/04/21,15,123,,,8,113,,
2014/04/21,16,123,,,8,113,,
2014/04/21,17,123,,,8,113,,
2014/04/21,18,128,,,8,118,,
2014/04/21,19,129,,,9,118,,
2014/04/21,20,129,,,9,118,,
2014/04/21,21,128,,,8,118,,
2014/04/21,22,36,,,4,31,,
2014/04/21,23,13,,,3,8,,
2014/04/21,24,13,,,3,8,,
2014/04/22,01,13,,,3,9,,
2014/04/22,02,13,,,3,8,,
2014/04/22,03,13,,,3,8,,
2014/04/22,04,13,,,3,8,,
2014/04/22,05,13,,,3,9,,
2014/04/22,06,13,,,3,8,,
2014/04/22,07,13,,,3,8,,
2014/04/22,08,13,,,3,9,,
2014/04/22,09,48,,,3,43,,
2014/04/22,10,55,,,3,50,,
2014/04/22,11,114,,,3,110,,
2014/04/22,12,115,,,3,110,,
2014/04/22,13,117,,,5,110,,
2014/04/22,14,119,,,6,111,,
2014/04/22,15,119,,,6,111,,
2014/04/22,16,118,,,6,110,,
2014/04/22,17,117,,,6,109,,
2014/04/22,18,125,,,6,116,,
2014/04/22,19,121,,,5,114,,
2014/04/22,20,119,,,3,115,,
2014/04/22,21,120,,,3,115,,
2014/04/22,22,27,,,3,22,,
2014/04/22,23,12,,,3,8,,
2014/04/22,24,12,,,3,8,,
2014/04/23,01,13,,,3,8,,
2014/04/23,02,13,,,3,8,,
2014/04/23,03,12,,,3,8,,
2014/04/23,04,13,,,3,8,,
2014/04/23,05,13,,,3,8,,
2014/04/23,06,13,,,3,8,,
2014/04/23,07,12,,,3,8,,
2014/04/23,08,13,,,3,8,,
2014/04/23,09,32,,,9,22,,
2014/04/23,10,125,,,63,60,,
2014/04/23,11,133,,,18,113,,
2014/04/23,12,117,,,3,112,,
2014/04/23,13,121,,,6,114,,
2014/04/23,14,121,,,6,113,,
2014/04/23,15,119,,,6,112,,
2014/04/23,16,120,,,6,112,,
2014/04/23,17,119,,,6,111,,
2014/04/23,18,126,,,6,117,,
2014/04/23,19,125,,,6,118,,
2014/04/23,20,121,,,3,116,,
2014/04/23,21,121,,,3,117,,
2014/04/23,22,32,,,3,28,,
2014/04/23,23,12,,,3,8,,
2014/04/23,24,13,,,3,8,,
2014/04/24,01,12,,,3,8,,
2014/04/24,02,13,,,3,8,,
2014/04/24,03,12,,,3,8,,
2014/04/24,04,13,,,3,8,,
2014/04/24,05,13,,,3,8,,
2014/04/24,06,13,,,3,8,,
2014/04/24,07,12,,,3,8,,
2014/04/24,08,13,,,3,9,,
2014/04/24,09,23,,,3,18,,
2014/04/24,10,108,,,46,60,,
2014/04/24,11,138,,,21,115,,
2014/04/24,12,126,,,10,114,,
2014/04/24,13,123,,,7,114,,
2014/04/24,14,121,,,6,112,,
2014/04/24,15,120,,,6,112,,
2014/04/24,16,119,,,6,111,,
2014/04/24,17,120,,,6,111,,
2014/04/24,18,125,,,6,116,,
2014/04/24,19,125,,,6,117,,
2014/04/24,20,126,,,6,117,,
2014/04/24,21,122,,,4,116,,
2014/04/24,22,32,,,3,28,,
2014/04/24,23,13,,,3,8,,
2014/04/24,24,12,,,3,8,,
2014/04/25,01,13,,,3,8,,
2014/04/25,02,12,,,3,8,,
2014/04/25,03,12,,,3,8,,
2014/04/25,04,13,,,3,8,,
2014/04/25,05,13,,,3,8,,
2014/04/25,06,13,,,3,8,,
2014/04/25,07,12,,,3,8,,
2014/04/25,08,13,,,3,9,,
2014/04/25,09,37,,,4,32,,
2014/04/25,10,61,,,4,56,,
2014/04/25,11,118,,,3,112,,
2014/04/25,12,117,,,5,110,,
2014/04/25,13,120,,,6,111,,
2014/04/25,14,120,,,6,112,,
2014/04/25,15,118,,,5,112,,
2014/04/25,16,114,,,3,109,,
2014/04/25,17,118,,,6,109,,
2014/04/25,18,125,,,6,117,,
2014/04/25,19,126,,,6,117,,
2014/04/25,20,125,,,6,118,,
2014/04/25,21,126,,,6,117,,
2014/04/25,22,41,,,4,36,,
2014/04/25,23,11,,,3,6,,
2014/04/25,24,12,,,3,8,,
2014/04/26,01,12,,,3,8,,
2014/04/26,02,13,,,3,8,,
2014/04/26,03,13,,,3,8,,
2014/04/26,04,12,,,3,8,,
2014/04/26,05,13,,,3,8,,
2014/04/26,06,13,,,3,8,,
2014/04/26,07,13,,,3,8,,
2014/04/26,08,12,,,3,8,,
2014/04/26,09,25,,,3,20,,
2014/04/26,10,71,,,3,66,,
2014/04/26,11,117,,,3,112,,
2014/04/26,12,120,,,5,113,,
2014/04/26,13,120,,,5,113,,
2014/04/26,14,116,,,3,111,,
2014/04/26,15,116,,,3,111,,
2014/04/26,16,117,,,3,111,,
2014/04/26,17,115,,,3,111,,
2014/04/26,18,124,,,5,117,,
2014/04/26,19,127,,,6,118,,
2014/04/26,20,125,,,6,117,,
2014/04/26,21,125,,,6,116,,
2014/04/26,22,35,,,3,31,,
2014/04/26,23,11,,,3,6,,
2014/04/26,24,11,,,3,7,,
2014/04/27,01,11,,,3,7,,
2014/04/27,02,12,,,3,8,,
2014/04/27,03,13,,,3,8,,
2014/04/27,04,12,,,3,8,,
2014/04/27,05,13,,,3,8,,
2014/04/27,06,12,,,3,8,,
2014/04/27,07,13,,,3,8,,
2014/04/27,08,13,,,3,8,,
2014/04/27,09,32,,,3,28,,
2014/04/27,10,64,,,3,59,,
2014/04/27,11,117,,,4,112,,
2014/04/27,12,121,,,6,113,,
2014/04/27,13,119,,,4,113,,
2014/04/27,14,116,,,3,111,,
2014/04/27,15,117,,,3,112,,
2014/04/27,16,116,,,3,111,,
2014/04/27,17,117,,,3,112,,
2014/04/27,18,126,,,6,118,,
2014/04/27,19,127,,,6,118,,
2014/04/27,20,126,,,6,118,,
2014/04/27,21,122,,,6,114,,
2014/04/27,22,40,,,3,36,,
2014/04/27,23,11,,,3,6,,
2014/04/27,24,11,,,3,7,,
2014/04/28,01,11,,,3,7,,
2014/04/28,02,11,,,3,7,,
2014/04/28,03,11,,,3,7,,
2014/04/28,04,12,,,3,7,,
2014/04/28,05,11,,,3,8,,
2014/04/28,06,12,,,3,7,,
2014/04/28,07,12,,,3,8,,
2014/04/28,08,12,,,3,8,,
2014/04/28,09,37,,,3,33,,
2014/04/28,10,62,,,3,56,,
2014/04/28,11,114,,,3,110,,
2014/04/28,12,117,,,5,110,,
2014/04/28,13,119,,,6,111,,
2014/04/28,14,119,,,6,111,,
2014/04/28,15,119,,,6,111,,
2014/04/28,16,118,,,6,110,,
2014/04/28,17,118,,,6,110,,
2014/04/28,18,125,,,6,116,,
2014/04/28,19,124,,,6,116,,
2014/04/28,20,121,,,4,115,,
2014/04/28,21,118,,,3,114,,
2014/04/28,22,38,,,3,34,,
2014/04/28,23,11,,,3,6,,
2014/04/28,24,11,,,3,7,,
2014/04/29,01,13,,,3,8,,
2014/04/29,02,12,,,3,8,,
2014/04/29,03,13,,,3,8,,
2014/04/29,04,12,,,3,8,,
2014/04/29,05,13,,,3,8,,
2014/04/29,06,13,,,3,8,,
2014/04/29,07,12,,,3,8,,
2014/04/29,08,13,,,3,8,,
2014/04/29,09,63,,,15,46,,
2014/04/29,10,60,,,7,51,,
2014/04/29,11,117,,,3,113,,
2014/04/29,12,117,,,4,112,,
2014/04/29,13,121,,,5,114,,
2014/04/29,14,121,,,6,114,,
2014/04/29,15,121,,,6,113,,
2014/04/29,16,122,,,6,114,,
2014/04/29,17,120,,,6,113,,
2014/04/29,18,127,,,6,119,,
2014/04/29,19,127,,,6,120,,
2014/04/29,20,122,,,3,117,,
2014/04/29,21,121,,,3,116,,
2014/04/29,22,27,,,3,23,,
2014/04/29,23,12,,,3,7,,
2014/04/29,24,12,,,3,8,,
2014/04/30,01,12,,,3,8,,
2014/04/30,02,12,,,3,8,,
2014/04/30,03,12,,,3,8,,
2014/04/30,04,12,,,3,8,,
2014/04/30,05,13,,,3,8,,
2014/04/30,06,12,,,3,8,,
2014/04/30,07,12,,,3,8,,
2014/04/30,08,13,,,3,8,,
2014/04/30,09,30,,,3,26,,
2014/04/30,10,57,,,3,53,,
2014/04/30,11,117,,,3,113,,
2014/04/30,12,116,,,3,111,,
2014/04/30,13,115,,,3,111,,
2014/04/30,14,115,,,3,111,,
2014/04/30,15,115,,,3,110,,
2014/04/30,16,115,,,3,111,,
2014/04/30,17,115,,,3,111,,
2014/04/30,18,120,,,3,115,,
2014/04/30,19,121,,,3,116,,
2014/04/30,20,119,,,3,115,,
2014/04/30,21,120,,,3,115,,
2014/04/30,22,26,,,3,22,,
2014/04/30,23,11,,,3,6,,
2014/04/30,24,12,,,3,8,,
2014/05/01,01,11,,,3,7,,
2014/05/01,02,12,,,3,8,,
2014/05/01,03,11,,,3,7,,
2014/05/01,04,12,,,3,8,,
2014/05/01,05,11,,,3,7,,
2014/05/01,06,12,,,3,8,,
2014/05/01,07,11,,,3,7,,
2014/05/01,08,13,,,3,8,,
2014/05/01,09,23,,,3,19,,
2014/05/01,10,62,,,3,58,,
2014/05/01,11,118,,,3,113,,
2014/05/01,12,117,,,3,112,,
2014/05/01,13,117,,,3,112,,
2014/05/01,14,118,,,3,113,,
2014/05/01,15,117,,,3,112,,
2014/05/01,16,117,,,3,112,,
2014/05/01,17,116,,,3,112,,
2014/05/01,18,122,,,3,117,,
2014/05/01,19,122,,,3,117,,
2014/05/01,20,121,,,3,116,,
2014/05/01,21,120,,,3,116,,
2014/05/01,22,22,,,3,17,,
2014/05/01,23,12,,,3,7,,
2014/05/01,24,12,,,3,7,,
2014/05/02,01,12,,,3,8,,
2014/05/02,02,12,,,3,8,,
2014/05/02,03,11,,,3,7,,
2014/05/02,04,12,,,3,8,,
2014/05/02,05,13,,,3,8,,
2014/05/02,06,12,,,3,8,,
2014/05/02,07,12,,,3,8,,
2014/05/02,08,12,,,3,8,,
2014/05/02,09,25,,,3,20,,
2014/05/02,10,62,,,3,57,,
2014/05/02,11,118,,,4,112,,
2014/05/02,12,119,,,6,111,,
2014/05/02,13,120,,,6,112,,
2014/05/02,14,120,,,6,112,,
2014/05/02,15,118,,,6,110,,
2014/05/02,16,119,,,6,110,,
2014/05/02,17,118,,,6,110,,
2014/05/02,18,123,,,6,115,,
2014/05/02,19,124,,,6,115,,
2014/05/02,20,124,,,6,116,,
2014/05/02,21,122,,,6,115,,
2014/05/02,22,34,,,3,29,,
2014/05/02,23,11,,,3,6,,
2014/05/02,24,11,,,3,7,,
2014/05/03,01,11,,,3,7,,
2014/05/03,02,12,,,3,8,,
2014/05/03,03,12,,,3,7,,
2014/05/03,04,12,,,3,8,,
2014/05/03,05,13,,,3,8,,
2014/05/03,06,13,,,3,8,,
2014/05/03,07,12,,,3,8,,
2014/05/03,08,13,,,3,8,,
2014/05/03,09,37,,,3,32,,
2014/05/03,10,63,,,3,59,,
2014/05/03,11,120,,,5,113,,
2014/05/03,12,120,,,6,112,,
2014/05/03,13,121,,,6,112,,
2014/05/03,14,121,,,6,113,,
2014/05/03,15,121,,,6,112,,
2014/05/03,16,116,,,3,111,,
2014/05/03,17,115,,,3,111,,
2014/05/03,18,126,,,6,118,,
2014/05/03,19,126,,,6,118,,
2014/05/03,20,126,,,6,118,,
2014/05/03,21,125,,,6,117,,
2014/05/03,22,29,,,3,24,,
2014/05/03,23,10,,,3,6,,
2014/05/03,24,11,,,3,6,,
2014/05/04,01,11,,,3,7,,
2014/05/04,02,11,,,3,7,,
2014/05/04,03,11,,,3,7,,
2014/05/04,04,11,,,3,7,,
2014/05/04,05,12,,,3,7,,
2014/05/04,06,11,,,3,7,,
2014/05/04,07,12,,,3,7,,
2014/05/04,08,11,,,3,7,,
2014/05/04,09,40,,,3,35,,
2014/05/04,10,66,,,3,62,,
2014/05/04,11,119,,,4,112,,
2014/05/04,12,121,,,7,113,,
2014/05/04,13,121,,,6,113,,
2014/05/04,14,122,,,6,114,,
2014/05/04,15,123,,,6,114,,
2014/05/04,16,123,,,6,115,,
2014/05/04,17,121,,,6,113,,
2014/05/04,18,127,,,6,119,,
2014/05/04,19,127,,,6,119,,
2014/05/04,20,127,,,6,118,,
2014/05/04,21,125,,,6,117,,
2014/05/04,22,34,,,3,30,,
2014/05/04,23,11,,,3,6,,
2014/05/04,24,10,,,3,6,,
2014/05/05,01,12,,,3,7,,
2014/05/05,02,11,,,3,7,,
2014/05/05,03,10,,,3,6,,
2014/05/05,04,12,,,3,7,,
2014/05/05,05,12,,,3,8,,
2014/05/05,06,11,,,3,7,,
2014/05/05,07,11,,,3,7,,
2014/05/05,08,12,,,3,7,,
2014/05/05,09,35,,,3,30,,
2014/05/05,10,64,,,3,59,,
2014/05/05,11,118,,,3,113,,
2014/05/05,12,121,,,6,114,,
2014/05/05,13,121,,,6,114,,
2014/05/05,14,121,,,6,113,,
2014/05/05,15,120,,,6,113,,
2014/05/05,16,116,,,3,111,,
2014/05/05,17,114,,,3,110,,
2014/05/05,18,122,,,3,116,,
2014/05/05,19,121,,,3,117,,
2014/05/05,20,120,,,3,116,,
2014/05/05,21,119,,,3,114,,
2014/05/05,22,26,,,3,22,,
2014/05/05,23,11,,,3,6,,
2014/05/05,24,11,,,3,7,,
2014/05/06,01,10,,,3,6,,
2014/05/06,02,12,,,3,7,,
2014/05/06,03,11,,,3,7,,
2014/05/06,04,11,,,3,7,,
2014/05/06,05,12,,,3,8,,
2014/05/06,06,11,,,3,7,,
2014/05/06,07,12,,,3,7,,
2014/05/06,08,11,,,3,7,,
2014/05/06,09,23,,,3,19,,
2014/05/06,10,54,,,3,50,,
2014/05/06,11,120,,,6,111,,
2014/05/06,12,119,,,6,112,,
2014/05/06,13,120,,,6,112,,
2014/05/06,14,119,,,6,111,,
2014/05/06,15,120,,,6,112,,
2014/05/06,16,120,,,6,112,,
2014/05/06,17,120,,,6,112,,
2014/05/06,18,125,,,6,117,,
2014/05/06,19,126,,,6,118,,
2014/05/06,20,125,,,6,118,,
2014/05/06,21,123,,,6,115,,
2014/05/06,22,28,,,3,23,,
2014/05/06,23,10,,,3,6,,
2014/05/06,24,12,,,3,7,,
2014/05/07,01,12,,,3,8,,
2014/05/07,02,13,,,3,8,,
2014/05/07,03,12,,,3,8,,
2014/05/07,04,12,,,3,8,,
2014/05/07,05,12,,,3,8,,
2014/05/07,06,12,,,3,8,,
2014/05/07,07,13,,,3,8,,
2014/05/07,08,13,,,3,8,,
2014/05/07,09,22,,,3,18,,
2014/05/07,10,61,,,3,56,,
2014/05/07,11,118,,,5,112,,
2014/05/07,12,118,,,6,110,,
2014/05/07,13,118,,,6,110,,
2014/05/07,14,118,,,6,110,,
2014/05/07,15,116,,,5,109,,
2014/05/07,16,112,,,3,108,,
2014/05/07,17,113,,,3,108,,
2014/05/07,18,123,,,6,115,,
2014/05/07,19,124,,,6,116,,
2014/05/07,20,123,,,6,115,,
2014/05/07,21,121,,,6,114,,
2014/05/07,22,27,,,3,22,,
2014/05/07,23,10,,,3,6,,
2014/05/07,24,11,,,3,7,,
2014/05/08,01,12,,,3,7,,
2014/05/08,02,12,,,3,8,,
2014/05/08,03,12,,,3,8,,
2014/05/08,04,13,,,3,8,,
2014/05/08,05,12,,,3,8,,
2014/05/08,06,13,,,3,8,,
2014/05/08,07,12,,,3,8,,
2014/05/08,08,13,,,3,8,,
2014/05/08,09,22,,,3,17,,
2014/05/08,10,60,,,3,56,,
2014/05/08,11,115,,,4,109,,
2014/05/08,12,118,,,6,110,,
2014/05/08,13,119,,,6,111,,
2014/05/08,14,117,,,6,109,,
2014/05/08,15,117,,,6,109,,
2014/05/08,16,117,,,6,109,,
2014/05/08,17,116,,,6,108,,
2014/05/08,18,123,,,6,114,,
2014/05/08,19,122,,,6,114,,
2014/05/08,20,123,,,6,114,,
2014/05/08,21,122,,,6,114,,
2014/05/08,22,29,,,3,24,,
2014/05/08,23,10,,,3,6,,
2014/05/08,24,12,,,3,7,,
2014/05/09,01,10,,,3,6,,
2014/05/09,02,11,,,3,7,,
2014/05/09,03,11,,,3,7,,
2014/05/09,04,12,,,3,7,,
2014/05/09,05,11,,,3,7,,
2014/05/09,06,11,,,3,7,,
2014/05/09,07,11,,,3,7,,
2014/05/09,08,14,,,3,10,,
2014/05/09,09,50,,,3,45,,
2014/05/09,10,58,,,3,54,,
2014/05/09,11,115,,,3,110,,
2014/05/09,12,118,,,6,111,,
2014/05/09,13,120,,,6,111,,
2014/05/09,14,118,,,6,110,,
2014/05/09,15,119,,,6,111,,
2014/05/09,16,120,,,6,111,,
2014/05/09,17,119,,,6,111,,
2014/05/09,18,124,,,6,116,,
2014/05/09,19,124,,,6,117,,
2014/05/09,20,120,,,4,115,,
2014/05/09,21,118,,,3,114,,
2014/05/09,22,42,,,3,38,,
2014/05/09,23,11,,,3,6,,
2014/05/09,24,10,,,3,6,,
2014/05/10,01,11,,,3,7,,
2014/05/10,02,12,,,3,7,,
2014/05/10,03,11,,,3,7,,
2014/05/10,04,11,,,3,7,,
2014/05/10,05,12,,,3,7,,
2014/05/10,06,12,,,3,7,,
2014/05/10,07,12,,,3,7,,
2014/05/10,08,12,,,3,7,,
2014/05/10,09,37,,,3,33,,
2014/05/10,10,55,,,3,50,,
2014/05/10,11,118,,,3,113,,
2014/05/10,12,118,,,4,113,,
2014/05/10,13,122,,,5,115,,
2014/05/10,14,123,,,6,115,,
2014/05/10,15,123,,,6,115,,
2014/05/10,16,122,,,6,115,,
2014/05/10,17,122,,,6,114,,
2014/05/10,18,128,,,6,120,,
2014/05/10,19,128,,,6,120,,
2014/05/10,20,123,,,4,118,,
2014/05/10,21,122,,,3,117,,
2014/05/10,22,27,,,3,23,,
2014/05/10,23,11,,,3,7,,
2014/05/10,24,11,,,3,7,,
2014/05/11,01,12,,,3,8,,
2014/05/11,02,13,,,3,8,,
2014/05/11,03,12,,,3,8,,
2014/05/11,04,12,,,3,8,,
2014/05/11,05,13,,,3,8,,
2014/05/11,06,12,,,3,8,,
2014/05/11,07,13,,,3,8,,
2014/05/11,08,13,,,3,8,,
2014/05/11,09,26,,,3,21,,
2014/05/11,10,66,,,3,61,,
2014/05/11,11,121,,,5,114,,
2014/05/11,12,123,,,6,115,,
2014/05/11,13,121,,,4,115,,
2014/05/11,14,118,,,3,113,,
2014/05/11,15,118,,,3,113,,
2014/05/11,16,119,,,3,113,,
2014/05/11,17,117,,,3,112,,
2014/05/11,18,123,,,3,118,,
2014/05/11,19,124,,,4,118,,
2014/05/11,20,128,,,6,120,,
2014/05/11,21,127,,,6,120,,
2014/05/11,22,25,,,3,20,,
2014/05/11,23,11,,,3,7,,
2014/05/11,24,11,,,3,7,,
2014/05/12,01,11,,,3,7,,
2014/05/12,02,11,,,3,7,,
2014/05/12,03,12,,,3,7,,
2014/05/12,04,11,,,3,7,,
2014/05/12,05,12,,,3,8,,
2014/05/12,06,12,,,3,7,,
2014/05/12,07,12,,,3,7,,
2014/05/12,08,12,,,3,7,,
2014/05/12,09,21,,,3,17,,
2014/05/12,10,67,,,3,62,,
2014/05/12,11,121,,,6,114,,
2014/05/12,12,122,,,6,114,,
2014/05/12,13,121,,,6,113,,
2014/05/12,14,118,,,6,110,,
2014/05/12,15,113,,,3,109,,
2014/05/12,16,116,,,4,110,,
2014/05/12,17,118,,,6,110,,
2014/05/12,18,125,,,6,117,,
2014/05/12,19,125,,,6,116,,
2014/05/12,20,124,,,6,116,,
2014/05/12,21,124,,,6,116,,
2014/05/12,22,24,,,3,19,,
2014/05/12,23,10,,,3,6,,
2014/05/12,24,11,,,3,6,,
2014/05/13,01,11,,,3,6,,
2014/05/13,02,11,,,3,6,,
2014/05/13,03,10,,,3,6,,
2014/05/13,04,11,,,3,6,,
2014/05/13,05,11,,,3,6,,
2014/05/13,06,11,,,3,6,,
2014/05/13,07,11,,,3,7,,
2014/05/13,08,11,,,3,7,,
2014/05/13,09,21,,,3,16,,
2014/05/13,10,60,,,3,55,,
2014/05/13,11,114,,,3,110,,
2014/05/13,12,116,,,5,110,,
2014/05/13,13,119,,,7,110,,
2014/05/13,14,120,,,6,111,,
2014/05/13,15,115,,,4,110,,
2014/05/13,16,115,,,3,109,,
2014/05/13,17,113,,,3,108,,
2014/05/13,18,119,,,3,114,,
2014/05/13,19,125,,,6,117,,
2014/05/13,20,125,,,6,116,,
2014/05/13,21,123,,,6,116,,
2014/05/13,22,25,,,3,20,,
2014/05/13,23,11,,,3,6,,
2014/05/13,24,11,,,3,7,,
2014/05/14,01,11,,,3,7,,
2014/05/14,02,11,,,3,7,,
2014/05/14,03,11,,,3,7,,
2014/05/14,04,11,,,3,7,,
2014/05/14,05,11,,,3,7,,
2014/05/14,06,12,,,3,7,,
2014/05/14,07,11,,,3,7,,
2014/05/14,08,11,,,3,7,,
2014/05/14,09,23,,,3,18,,
2014/05/14,10,61,,,4,56,,
2014/05/14,11,115,,,3,110,,
2014/05/14,12,115,,,3,110,,
2014/05/14,13,116,,,3,111,,
2014/05/14,14,118,,,6,110,,
2014/05/14,15,126,,,12,112,,
2014/05/14,16,130,,,15,113,,
2014/05/14,17,130,,,14,113,,
2014/05/14,18,134,,,13,119,,
2014/05/14,19,135,,,13,119,,
2014/05/14,20,134,,,12,120,,
2014/05/14,21,137,,,15,120,,
2014/05/14,22,27,,,4,21,,
2014/05/14,23,12,,,3,7,,
2014/05/14,24,11,,,3,7,,
2014/05/15,01,11,,,3,7,,
2014/05/15,02,12,,,3,7,,
2014/05/15,03,11,,,3,7,,
2014/05/15,04,11,,,3,7,,
2014/05/15,05,11,,,3,7,,
2014/05/15,06,12,,,3,7,,
2014/05/15,07,11,,,3,7,,
2014/05/15,08,12,,,3,7,,
2014/05/15,09,22,,,3,18,,
2014/05/15,10,65,,,6,58,,
2014/05/15,11,123,,,6,114,,
2014/05/15,12,121,,,6,114,,
2014/05/15,13,120,,,4,114,,
2014/05/15,14,119,,,3,114,,
2014/05/15,15,123,,,6,114,,
2014/05/15,16,127,,,9,116,,
2014/05/15,17,127,,,10,115,,
2014/05/15,18,134,,,11,121,,
2014/05/15,19,135,,,13,121,,
2014/05/15,20,135,,,12,120,,
2014/05/15,21,131,,,9,120,,
2014/05/15,22,32,,,3,27,,
2014/05/15,23,11,,,3,6,,
2014/05/15,24,10,,,3,6,,
2014/05/16,01,11,,,3,6,,
2014/05/16,02,11,,,3,7,,
2014/05/16,03,11,,,3,6,,
2014/05/16,04,10,,,3,6,,
2014/05/16,05,11,,,3,6,,
2014/05/16,06,11,,,3,7,,
2014/05/16,07,11,,,3,6,,
2014/05/16,08,11,,,3,7,,
2014/05/16,09,33,,,3,29,,
2014/05/16,10,62,,,6,54,,
2014/05/16,11,123,,,6,115,,
2014/05/16,12,124,,,6,116,,
2014/05/16,13,123,,,6,115,,
2014/05/16,14,122,,,6,114,,
2014/05/16,15,122,,,6,114,,
2014/05/16,16,125,,,8,115,,
2014/05/16,17,130,,,13,115,,
2014/05/16,18,135,,,13,121,,
2014/05/16,19,136,,,13,121,,
2014/05/16,20,132,,,10,121,,
2014/05/16,21,135,,,12,121,,
2014/05/16,22,55,,,6,48,,
2014/05/16,23,10,,,3,6,,
2014/05/16,24,11,,,3,6,,
2014/05/17,01,11,,,3,7,,
2014/05/17,02,11,,,3,6,,
2014/05/17,03,11,,,3,6,,
2014/05/17,04,11,,,3,7,,
2014/05/17,05,11,,,3,7,,
2014/05/17,06,10,,,3,6,,
2014/05/17,07,11,,,3,7,,
2014/05/17,08,11,,,3,7,,
2014/05/17,09,33,,,3,28,,
2014/05/17,10,61,,,3,56,,
2014/05/17,11,119,,,3,115,,
2014/05/17,12,119,,,3,114,,
2014/05/17,13,120,,,4,115,,
2014/05/17,14,124,,,6,116,,
2014/05/17,15,123,,,6,115,,
2014/05/17,16,123,,,6,116,,
2014/05/17,17,124,,,6,115,,
2014/05/17,18,128,,,6,121,,
2014/05/17,19,124,,,3,119,,
2014/05/17,20,124,,,3,120,,
2014/05/17,21,123,,,3,118,,
2014/05/17,22,24,,,3,20,,
2014/05/17,23,10,,,3,6,,
2014/05/17,24,11,,,3,6,,
2014/05/18,01,11,,,3,7,,
2014/05/18,02,11,,,3,7,,
2014/05/18,03,11,,,3,7,,
2014/05/18,04,11,,,3,7,,
2014/05/18,05,12,,,3,7,,
2014/05/18,06,12,,,3,7,,
2014/05/18,07,11,,,3,7,,
2014/05/18,08,12,,,3,7,,
2014/05/18,09,25,,,3,19,,
2014/05/18,10,62,,,3,57,,
2014/05/18,11,121,,,4,116,,
2014/05/18,12,124,,,6,117,,
2014/05/18,13,125,,,6,117,,
2014/05/18,14,125,,,6,117,,
2014/05/18,15,124,,,6,116,,
2014/05/18,16,125,,,6,116,,
2014/05/18,17,123,,,6,115,,
2014/05/18,18,129,,,6,121,,
2014/05/18,19,130,,,6,122,,
2014/05/18,20,129,,,6,121,,
2014/05/18,21,126,,,6,118,,
2014/05/18,22,20,,,3,15,,
2014/05/18,23,10,,,3,6,,
2014/05/18,24,11,,,3,6,,
2014/05/19,01,10,,,3,6,,
2014/05/19,02,11,,,3,7,,
2014/05/19,03,11,,,3,6,,
2014/05/19,04,11,,,3,7,,
2014/05/19,05,12,,,3,8,,
2014/05/19,06,12,,,3,7,,
2014/05/19,07,11,,,3,7,,
2014/05/19,08,12,,,3,7,,
2014/05/19,09,23,,,3,18,,
2014/05/19,10,65,,,4,60,,
2014/05/19,11,122,,,6,114,,
2014/05/19,12,121,,,6,113,,
2014/05/19,13,120,,,6,111,,
2014/05/19,14,120,,,7,111,,
2014/05/19,15,124,,,10,112,,
2014/05/19,16,127,,,14,111,,
2014/05/19,17,127,,,14,111,,
2014/05/19,18,131,,,13,116,,
2014/05/19,19,133,,,15,116,,
2014/05/19,20,133,,,13,118,,
2014/05/19,21,133,,,13,118,,
2014/05/19,22,53,,,10,42,,
2014/05/19,23,18,,,10,7,,
2014/05/19,24,19,,,10,8,,
2014/05/20,01,18,,,10,7,,
2014/05/20,02,19,,,10,7,,
2014/05/20,03,18,,,10,8,,
2014/05/20,04,19,,,10,8,,
2014/05/20,05,19,,,10,7,,
2014/05/20,06,19,,,10,8,,
2014/05/20,07,19,,,10,8,,
2014/05/20,08,20,,,10,8,,
2014/05/20,09,31,,,10,20,,
2014/05/20,10,61,,,10,50,,
2014/05/20,11,126,,,12,113,,
2014/05/20,12,128,,,13,113,,
2014/05/20,13,127,,,12,113,,
2014/05/20,14,126,,,12,112,,
2014/05/20,15,128,,,13,112,,
2014/05/20,16,125,,,13,111,,
2014/05/20,17,125,,,12,111,,
2014/05/20,18,127,,,13,111,,
2014/05/20,19,132,,,15,115,,
2014/05/20,20,132,,,12,118,,
2014/05/20,21,128,,,10,117,,
2014/05/20,22,25,,,4,19,,
2014/05/20,23,10,,,3,6,,
2014/05/20,24,12,,,3,7,,
2014/05/21,01,10,,,3,6,,
2014/05/21,02,12,,,3,7,,
2014/05/21,03,11,,,3,6,,
2014/05/21,04,11,,,3,6,,
2014/05/21,05,11,,,3,7,,
2014/05/21,06,11,,,3,7,,
2014/05/21,07,11,,,3,6,,
2014/05/21,08,11,,,3,7,,
2014/05/21,09,47,,,3,42,,
2014/05/21,10,91,,,3,86,,
2014/05/21,11,115,,,3,110,,
2014/05/21,12,115,,,3,111,,
2014/05/21,13,116,,,3,111,,
2014/05/21,14,116,,,3,111,,
2014/05/21,15,115,,,3,110,,
2014/05/21,16,115,,,3,111,,
2014/05/21,17,116,,,3,111,,
2014/05/21,18,116,,,3,111,,
2014/05/21,19,118,,,3,114,,
2014/05/21,20,122,,,3,117,,
2014/05/21,21,119,,,3,115,,
2014/05/21,22,26,,,3,21,,
2014/05/21,23,11,,,3,6,,
2014/05/21,24,10,,,3,6,,
2014/05/22,01,11,,,3,7,,
2014/05/22,02,11,,,3,7,,
2014/05/22,03,11,,,3,6,,
2014/05/22,04,11,,,3,7,,
2014/05/22,05,11,,,3,7,,
2014/05/22,06,11,,,3,7,,
2014/05/22,07,12,,,3,7,,
2014/05/22,08,11,,,3,7,,
2014/05/22,09,21,,,3,17,,
2014/05/22,10,61,,,3,57,,
2014/05/22,11,119,,,3,115,,
2014/05/22,12,118,,,3,113,,
2014/05/22,13,120,,,4,114,,
2014/05/22,14,132,,,16,114,,
2014/05/22,15,127,,,12,114,,
2014/05/22,16,126,,,10,114,,
2014/05/22,17,117,,,4,112,,
2014/05/22,18,117,,,3,112,,
2014/05/22,19,121,,,3,116,,
2014/05/22,20,125,,,5,118,,
2014/05/22,21,125,,,6,117,,
2014/05/22,22,24,,,3,19,,
2014/05/22,23,10,,,3,6,,
2014/05/22,24,12,,,3,7,,
2014/05/23,01,11,,,3,7,,
2014/05/23,02,12,,,3,7,,
2014/05/23,03,11,,,3,7,,
2014/05/23,04,11,,,3,7,,
2014/05/23,05,12,,,3,7,,
2014/05/23,06,12,,,3,7,,
2014/05/23,07,11,,,3,7,,
2014/05/23,08,12,,,3,7,,
2014/05/23,09,40,,,3,36,,
2014/05/23,10,56,,,4,51,,
2014/05/23,11,120,,,5,113,,
2014/05/23,12,122,,,6,114,,
2014/05/23,13,122,,,6,114,,
2014/05/23,14,120,,,6,112,,
2014/05/23,15,116,,,3,111,,
2014/05/23,16,116,,,3,111,,
2014/05/23,17,115,,,3,111,,
2014/05/23,18,117,,,4,111,,
2014/05/23,19,124,,,6,116,,
2014/05/23,20,124,,,4,117,,
2014/05/23,21,121,,,3,117,,
2014/05/23,22,31,,,3,27,,
2014/05/23,23,11,,,3,6,,
2014/05/23,24,11,,,3,6,,
2014/05/24,01,11,,,3,7,,
2014/05/24,02,11,,,3,7,,
2014/05/24,03,12,,,3,7,,
2014/05/24,04,12,,,3,8,,
2014/05/24,05,13,,,3,8,,
2014/05/24,06,12,,,3,8,,
2014/05/24,07,12,,,3,8,,
2014/05/24,08,12,,,3,7,,
2014/05/24,09,22,,,3,18,,
2014/05/24,10,85,,,3,79,,
2014/05/24,11,120,,,6,113,,
2014/05/24,12,123,,,6,114,,
2014/05/24,13,123,,,6,115,,
2014/05/24,14,122,,,5,115,,
2014/05/24,15,117,,,3,112,,
2014/05/24,16,117,,,3,112,,
2014/05/24,17,118,,,4,112,,
2014/05/24,18,119,,,4,113,,
2014/05/24,19,126,,,7,116,,
2014/05/24,20,131,,,9,120,,
2014/05/24,21,130,,,9,119,,
2014/05/24,22,30,,,7,22,,
2014/05/24,23,17,,,8,7,,
2014/05/24,24,17,,,9,7,,
2014/05/25,01,17,,,9,6,,
2014/05/25,02,18,,,9,7,,
2014/05/25,03,17,,,9,7,,
2014/05/25,04,18,,,9,7,,
2014/05/25,05,17,,,9,7,,
2014/05/25,06,18,,,9,7,,
2014/05/25,07,18,,,9,7,,
2014/05/25,08,17,,,9,7,,
2014/05/25,09,30,,,9,20,,
2014/05/25,10,68,,,5,61,,
2014/05/25,11,122,,,6,115,,
2014/05/25,12,124,,,6,116,,
2014/05/25,13,123,,,6,115,,
2014/05/25,14,124,,,6,115,,
2014/05/25,15,123,,,6,116,,
2014/05/25,16,122,,,6,114,,
2014/05/25,17,123,,,6,115,,
2014/05/25,18,122,,,6,114,,
2014/05/25,19,122,,,4,115,,
2014/05/25,20,122,,,3,117,,
2014/05/25,21,122,,,3,117,,
2014/05/25,22,25,,,3,20,,
2014/05/25,23,11,,,3,6,,
2014/05/25,24,11,,,3,6,,
2014/05/26,01,11,,,3,6,,
2014/05/26,02,11,,,3,6,,
2014/05/26,03,10,,,3,6,,
2014/05/26,04,11,,,3,6,,
2014/05/26,05,11,,,3,6,,
2014/05/26,06,11,,,3,6,,
2014/05/26,07,10,,,3,6,,
2014/05/26,08,11,,,3,7,,
2014/05/26,09,39,,,3,34,,
2014/05/26,10,62,,,6,54,,
2014/05/26,11,121,,,6,113,,
2014/05/26,12,121,,,6,113,,
2014/05/26,13,120,,,6,112,,
2014/05/26,14,120,,,6,112,,
2014/05/26,15,121,,,6,112,,
2014/05/26,16,119,,,6,112,,
2014/05/26,17,120,,,6,111,,
2014/05/26,18,120,,,6,112,,
2014/05/26,19,123,,,6,115,,
2014/05/26,20,126,,,6,118,,
2014/05/26,21,126,,,6,117,,
2014/05/26,22,28,,,3,23,,
2014/05/26,23,10,,,3,6,,
2014/05/26,24,11,,,3,6,,
2014/05/27,01,11,,,3,6,,
2014/05/27,02,11,,,3,6,,
2014/05/27,03,11,,,3,6,,
2014/05/27,04,11,,,3,7,,
2014/05/27,05,10,,,3,6,,
2014/05/27,06,11,,,3,6,,
2014/05/27,07,11,,,3,7,,
2014/05/27,08,11,,,3,7,,
2014/05/27,09,37,,,3,32,,
2014/05/27,10,53,,,3,48,,
2014/05/27,11,117,,,3,112,,
2014/05/27,12,118,,,3,112,,
2014/05/27,13,119,,,5,112,,
2014/05/27,14,117,,,3,112,,
2014/05/27,15,120,,,6,113,,
2014/05/27,16,119,,,4,112,,
2014/05/27,17,118,,,4,112,,
2014/05/27,18,120,,,5,113,,
2014/05/27,19,121,,,4,115,,
2014/05/27,20,123,,,3,118,,
2014/05/27,21,122,,,3,117,,
2014/05/27,22,34,,,3,29,,
2014/05/27,23,11,,,3,6,,
2014/05/27,24,11,,,3,6,,
2014/05/28,01,11,,,3,6,,
2014/05/28,02,10,,,3,6,,
2014/05/28,03,11,,,3,6,,
2014/05/28,04,11,,,3,6,,
2014/05/28,05,11,,,3,6,,
2014/05/28,06,11,,,3,7,,
2014/05/28,07,11,,,3,6,,
2014/05/28,08,11,,,3,7,,
2014/05/28,09,21,,,3,16,,
2014/05/28,10,65,,,6,57,,
2014/05/28,11,118,,,3,113,,
2014/05/28,12,118,,,4,112,,
2014/05/28,13,121,,,7,112,,
2014/05/28,14,151,,,36,112,,
2014/05/28,15,205,,,88,113,,
2014/05/28,16,156,,,42,112,,
2014/05/28,17,153,,,38,112,,
2014/05/28,18,148,,,32,112,,
2014/05/28,19,145,,,28,115,,
2014/05/28,20,148,,,26,119,,
2014/05/28,21,147,,,24,120,,
2014/05/28,22,30,,,6,22,,
2014/05/28,23,11,,,3,7,,
2014/05/28,24,11,,,3,6,,
2014/05/29,01,11,,,3,7,,
2014/05/29,02,12,,,3,7,,
2014/05/29,03,11,,,3,7,,
2014/05/29,04,11,,,3,7,,
2014/05/29,05,11,,,3,7,,
2014/05/29,06,12,,,3,7,,
2014/05/29,07,11,,,3,6,,
2014/05/29,08,12,,,3,7,,
2014/05/29,09,22,,,3,18,,
2014/05/29,10,65,,,4,59,,
2014/05/29,11,117,,,3,112,,
2014/05/29,12,149,,,33,113,,
2014/05/29,13,170,,,54,113,,
2014/05/29,14,175,,,59,113,,
2014/05/29,15,150,,,35,113,,
2014/05/29,16,155,,,38,114,,
2014/05/29,17,157,,,42,113,,
2014/05/29,18,154,,,38,113,,
2014/05/29,19,144,,,25,116,,
2014/05/29,20,149,,,26,120,,
2014/05/29,21,140,,,19,119,,
2014/05/29,22,55,,,12,41,,
2014/05/29,23,11,,,3,6,,
2014/05/29,24,10,,,3,6,,
2014/05/30,01,11,,,3,6,,
2014/05/30,02,11,,,3,6,,
2014/05/30,03,10,,,3,6,,
2014/05/30,04,11,,,3,7,,
2014/05/30,05,11,,,3,6,,
2014/05/30,06,11,,,3,6,,
2014/05/30,07,11,,,3,6,,
2014/05/30,08,11,,,3,6,,
2014/05/30,09,20,,,3,15,,
2014/05/30,10,64,,,7,56,,
2014/05/30,11,134,,,18,114,,
2014/05/30,12,147,,,31,114,,
2014/05/30,13,159,,,42,114,,
2014/05/30,14,153,,,37,112,,
2014/05/30,15,156,,,40,114,,
2014/05/30,16,149,,,34,113,,
2014/05/30,17,146,,,30,113,,
2014/05/30,18,146,,,32,111,,
2014/05/30,19,154,,,37,114,,
2014/05/30,20,138,,,19,117,,
2014/05/30,21,138,,,19,116,,
2014/05/30,22,29,,,3,24,,
2014/05/30,23,11,,,3,6,,
2014/05/30,24,10,,,3,6,,
2014/05/31,01,11,,,3,6,,
2014/05/31,02,10,,,3,6,,
2014/05/31,03,11,,,3,6,,
2014/05/31,04,11,,,3,6,,
2014/05/31,05,11,,,3,6,,
2014/05/31,06,11,,,3,6,,
2014/05/31,07,11,,,3,6,,
2014/05/31,08,11,,,3,6,,
2014/05/31,09,20,,,3,15,,
2014/05/31,10,60,,,3,55,,
2014/05/31,11,131,,,14,115,,
2014/05/31,12,143,,,26,115,,
2014/05/31,13,169,,,50,116,,
2014/05/31,14,176,,,57,115,,
2014/05/31,15,176,,,56,116,,
2014/05/31,16,170,,,50,117,,
2014/05/31,17,169,,,50,116,,
2014/05/31,18,160,,,41,117,,
2014/05/31,19,160,,,38,119,,
2014/05/31,20,159,,,34,122,,
2014/05/31,21,142,,,17,123,,
2014/05/31,22,34,,,4,28,,
2014/05/31,23,11,,,3,6,,
2014/05/31,24,10,,,3,6,,
2014/06/01,01,11,,,3,6,,
2014/06/01,02,11,,,3,6,,
2014/06/01,03,10,,,3,6,,
2014/06/01,04,12,,,3,6,,
2014/06/01,05,10,,,3,6,,
2014/06/01,06,11,,,3,6,,
2014/06/01,07,11,,,3,6,,
2014/06/01,08,11,,,3,6,,
2014/06/01,09,26,,,5,19,,
2014/06/01,10,66,,,10,55,,
2014/06/01,11,129,,,13,114,,
2014/06/01,12,139,,,22,114,,
2014/06/01,13,153,,,37,113,,
2014/06/01,14,157,,,41,114,,
2014/06/01,15,160,,,44,113,,
2014/06/01,16,164,,,48,113,,
2014/06/01,17,161,,,46,112,,
2014/06/01,18,151,,,35,114,,
2014/06/01,19,148,,,30,115,,
2014/06/01,20,145,,,24,118,,
2014/06/01,21,137,,,16,118,,
2014/06/01,22,44,,,11,31,,
2014/06/01,23,18,,,10,6,,
2014/06/01,24,18,,,10,6,,
2014/06/02,01,18,,,10,7,,
2014/06/02,02,19,,,10,7,,
2014/06/02,03,17,,,10,6,,
2014/06/02,04,19,,,10,7,,
2014/06/02,05,18,,,10,7,,
2014/06/02,06,18,,,10,7,,
2014/06/02,07,18,,,10,7,,
2014/06/02,08,19,,,10,7,,
2014/06/02,09,38,,,9,27,,
2014/06/02,10,62,,,10,51,,
2014/06/02,11,129,,,13,114,,
2014/06/02,12,144,,,26,114,,
2014/06/02,13,154,,,38,113,,
2014/06/02,14,157,,,44,111,,
2014/06/02,15,159,,,45,111,,
2014/06/02,16,158,,,46,110,,
2014/06/02,17,157,,,42,111,,
2014/06/02,18,150,,,37,111,,
2014/06/02,19,147,,,31,114,,
2014/06/02,20,145,,,26,116,,
2014/06/02,21,128,,,10,116,,
2014/06/02,22,26,,,3,21,,
2014/06/02,23,11,,,3,6,,
2014/06/02,24,10,,,3,6,,
2014/06/03,01,11,,,3,6,,
2014/06/03,02,11,,,3,6,,
2014/06/03,03,10,,,3,6,,
2014/06/03,04,11,,,3,6,,
2014/06/03,05,11,,,3,6,,
2014/06/03,06,10,,,3,6,,
2014/06/03,07,11,,,3,6,,
2014/06/03,08,11,,,3,7,,
2014/06/03,09,46,,,3,41,,
2014/06/03,10,56,,,6,48,,
2014/06/03,11,119,,,4,112,,
2014/06/03,12,133,,,18,113,,
2014/06/03,13,146,,,31,112,,
2014/06/03,14,143,,,28,113,,
2014/06/03,15,146,,,31,112,,
2014/06/03,16,150,,,36,112,,
2014/06/03,17,147,,,33,112,,
2014/06/03,18,147,,,32,112,,
2014/06/03,19,143,,,26,115,,
2014/06/03,20,139,,,19,117,,
2014/06/03,21,133,,,15,116,,
2014/06/03,22,59,,,4,53,,
2014/06/03,23,10,,,3,6,,
2014/06/03,24,11,,,3,6,,
2014/06/04,01,10,,,3,6,,
2014/06/04,02,12,,,3,7,,
2014/06/04,03,10,,,3,6,,
2014/06/04,04,11,,,3,6,,
2014/06/04,05,11,,,3,6,,
2014/06/04,06,11,,,3,6,,
2014/06/04,07,11,,,3,6,,
2014/06/04,08,11,,,3,6,,
2014/06/04,09,22,,,3,18,,
2014/06/04,10,62,,,5,55,,
2014/06/04,11,129,,,14,113,,
2014/06/04,12,132,,,17,113,,
2014/06/04,13,157,,,42,112,,
2014/06/04,14,147,,,32,112,,
2014/06/04,15,144,,,30,112,,
2014/06/04,16,148,,,33,112,,
2014/06/04,17,153,,,37,112,,
2014/06/04,18,142,,,28,111,,
2014/06/04,19,146,,,29,114,,
2014/06/04,20,147,,,26,118,,
2014/06/04,21,134,,,15,116,,
2014/06/04,22,22,,,3,17,,
2014/06/04,23,10,,,3,6,,
2014/06/04,24,11,,,3,6,,
2014/06/05,01,11,,,3,6,,
2014/06/05,02,11,,,3,6,,
2014/06/05,03,11,,,3,6,,
2014/06/05,04,10,,,3,6,,
2014/06/05,05,11,,,3,7,,
2014/06/05,06,11,,,3,6,,
2014/06/05,07,11,,,3,6,,
2014/06/05,08,11,,,3,6,,
2014/06/05,09,20,,,3,15,,
2014/06/05,10,65,,,7,57,,
2014/06/05,11,131,,,14,115,,
2014/06/05,12,130,,,14,114,,
2014/06/05,13,150,,,32,114,,
2014/06/05,14,145,,,29,114,,
2014/06/05,15,144,,,27,114,,
2014/06/05,16,134,,,17,115,,
2014/06/05,17,139,,,22,114,,
2014/06/05,18,141,,,25,115,,
2014/06/05,19,139,,,20,117,,
2014/06/05,20,140,,,18,120,,
2014/06/05,21,135,,,13,120,,
2014/06/05,22,26,,,3,20,,
2014/06/05,23,10,,,3,6,,
2014/06/05,24,11,,,3,6,,
2014/06/06,01,11,,,3,6,,
2014/06/06,02,11,,,3,6,,
2014/06/06,03,11,,,3,6,,
2014/06/06,04,11,,,3,6,,
2014/06/06,05,11,,,3,6,,
2014/06/06,06,10,,,3,6,,
2014/06/06,07,11,,,3,7,,
2014/06/06,08,12,,,3,6,,
2014/06/06,09,44,,,8,34,,
2014/06/06,10,61,,,4,55,,
2014/06/06,11,118,,,3,113,,
2014/06/06,12,119,,,3,114,,
2014/06/06,13,118,,,3,113,,
2014/06/06,14,118,,,3,113,,
2014/06/06,15,133,,,18,113,,
2014/06/06,16,134,,,19,113,,
2014/06/06,17,126,,,11,113,,
2014/06/06,18,128,,,14,113,,
2014/06/06,19,130,,,13,115,,
2014/06/06,20,130,,,10,119,,
2014/06/06,21,126,,,5,118,,
2014/06/06,22,30,,,3,25,,
2014/06/06,23,11,,,3,6,,
2014/06/06,24,11,,,3,6,,
2014/06/07,01,10,,,3,6,,
2014/06/07,02,12,,,3,7,,
2014/06/07,03,10,,,3,6,,
2014/06/07,04,11,,,3,7,,
2014/06/07,05,11,,,3,6,,
2014/06/07,06,11,,,3,6,,
2014/06/07,07,11,,,3,6,,
2014/06/07,08,11,,,3,6,,
2014/06/07,09,21,,,3,17,,
2014/06/07,10,60,,,3,55,,
2014/06/07,11,120,,,3,115,,
2014/06/07,12,120,,,3,115,,
2014/06/07,13,121,,,3,116,,
2014/06/07,14,124,,,7,115,,
2014/06/07,15,129,,,11,116,,
2014/06/07,16,130,,,11,116,,
2014/06/07,17,128,,,11,115,,
2014/06/07,18,128,,,11,115,,
2014/06/07,19,131,,,11,118,,
2014/06/07,20,131,,,9,120,,
2014/06/07,21,127,,,5,120,,
2014/06/07,22,35,,,3,30,,
2014/06/07,23,11,,,3,6,,
2014/06/07,24,11,,,3,6,,
2014/06/08,01,10,,,3,6,,
2014/06/08,02,12,,,3,7,,
2014/06/08,03,10,,,3,6,,
2014/06/08,04,11,,,3,6,,
2014/06/08,05,11,,,3,6,,
2014/06/08,06,11,,,3,6,,
2014/06/08,07,11,,,3,6,,
2014/06/08,08,11,,,3,7,,
2014/06/08,09,26,,,3,22,,
2014/06/08,10,65,,,3,60,,
2014/06/08,11,120,,,4,114,,
2014/06/08,12,124,,,5,117,,
2014/06/08,13,124,,,5,118,,
2014/06/08,14,131,,,11,117,,
2014/06/08,15,133,,,13,117,,
2014/06/08,16,129,,,9,118,,
2014/06/08,17,130,,,10,118,,
2014/06/08,18,130,,,11,118,,
2014/06/08,19,132,,,10,120,,
2014/06/08,20,135,,,10,123,,
2014/06/08,21,134,,,10,122,,
2014/06/08,22,31,,,6,24,,
2014/06/08,23,11,,,3,7,,
2014/06/08,24,11,,,3,7,,
2014/06/09,01,11,,,3,6,,
2014/06/09,02,12,,,3,7,,
2014/06/09,03,10,,,3,6,,
2014/06/09,04,12,,,3,7,,
2014/06/09,05,11,,,3,7,,
2014/06/09,06,11,,,3,7,,
2014/06/09,07,11,,,3,7,,
2014/06/09,08,12,,,3,7,,
2014/06/09,09,22,,,3,18,,
2014/06/09,10,66,,,3,60,,
2014/06/09,11,126,,,12,113,,
2014/06/09,12,133,,,17,112,,
2014/06/09,13,144,,,29,114,,
2014/06/09,14,144,,,28,113,,
2014/06/09,15,144,,,29,113,,
2014/06/09,16,145,,,30,112,,
2014/06/09,17,147,,,33,112,,
2014/06/09,18,144,,,29,112,,
2014/06/09,19,147,,,30,115,,
2014/06/09,20,135,,,14,118,,
2014/06/09,21,142,,,22,118,,
2014/06/09,22,41,,,6,33,,
2014/06/09,23,11,,,3,6,,
2014/06/09,24,11,,,3,6,,
2014/06/10,01,11,,,3,6,,
2014/06/10,02,11,,,3,7,,
2014/06/10,03,11,,,3,6,,
2014/06/10,04,11,,,3,7,,
2014/06/10,05,11,,,3,6,,
2014/06/10,06,11,,,3,6,,
2014/06/10,07,11,,,3,6,,
2014/06/10,08,11,,,3,7,,
2014/06/10,09,27,,,3,23,,
2014/06/10,10,61,,,9,50,,
2014/06/10,11,128,,,10,115,,
2014/06/10,12,128,,,11,114,,
2014/06/10,13,134,,,18,114,,
2014/06/10,14,164,,,48,114,,
2014/06/10,15,155,,,37,114,,
2014/06/10,16,153,,,36,114,,
2014/06/10,17,127,,,11,114,,
2014/06/10,18,132,,,16,114,,
2014/06/10,19,136,,,16,117,,
2014/06/10,20,138,,,15,120,,
2014/06/10,21,140,,,18,120,,
2014/06/10,22,28,,,4,22,,
2014/06/10,23,11,,,3,6,,
2014/06/10,24,11,,,3,6,,
2014/06/11,01,11,,,3,6,,
2014/06/11,02,11,,,3,6,,
2014/06/11,03,10,,,3,6,,
2014/06/11,04,11,,,3,6,,
2014/06/11,05,11,,,3,6,,
2014/06/11,06,11,,,3,6,,
2014/06/11,07,10,,,3,6,,
2014/06/11,08,11,,,3,6,,
2014/06/11,09,20,,,3,15,,
2014/06/11,10,64,,,3,58,,
2014/06/11,11,119,,,5,112,,
2014/06/11,12,123,,,9,111,,
2014/06/11,13,126,,,12,112,,
2014/06/11,14,128,,,14,112,,
2014/06/11,15,128,,,15,112,,
2014/06/11,16,132,,,17,112,,
2014/06/11,17,148,,,34,111,,
2014/06/11,18,132,,,18,111,,
2014/06/11,19,134,,,19,114,,
2014/06/11,20,135,,,16,117,,
2014/06/11,21,135,,,16,117,,
2014/06/11,22,31,,,4,26,,
2014/06/11,23,12,,,3,7,,
2014/06/11,24,11,,,3,7,,
2014/06/12,01,12,,,3,7,,
2014/06/12,02,11,,,3,7,,
2014/06/12,03,12,,,3,7,,
2014/06/12,04,11,,,3,7,,
2014/06/12,05,12,,,3,7,,
2014/06/12,06,11,,,3,7,,
2014/06/12,07,12,,,3,7,,
2014/06/12,08,12,,,3,7,,
2014/06/12,09,49,,,8,38,,
2014/06/12,10,69,,,10,58,,
2014/06/12,11,124,,,10,112,,
2014/06/12,12,124,,,10,112,,
2014/06/12,13,125,,,10,113,,
2014/06/12,14,123,,,10,112,,
2014/06/12,15,123,,,10,112,,
2014/06/12,16,125,,,10,113,,
2014/06/12,17,124,,,10,113,,
2014/06/12,18,124,,,9,113,,
2014/06/12,19,128,,,9,116,,
2014/06/12,20,130,,,9,119,,
2014/06/12,21,128,,,8,118,,
2014/06/12,22,26,,,3,21,,
2014/06/12,23,11,,,3,6,,
2014/06/12,24,10,,,3,6,,
2014/06/13,01,11,,,3,6,,
2014/06/13,02,11,,,3,7,,
2014/06/13,03,11,,,3,6,,
2014/06/13,04,11,,,3,6,,
2014/06/13,05,10,,,3,6,,
2014/06/13,06,11,,,3,6,,
2014/06/13,07,11,,,3,6,,
2014/06/13,08,11,,,3,6,,
2014/06/13,09,21,,,3,16,,
2014/06/13,10,61,,,5,55,,
2014/06/13,11,131,,,13,115,,
2014/06/13,12,144,,,28,114,,
2014/06/13,13,139,,,22,115,,
2014/06/13,14,146,,,31,113,,
2014/06/13,15,152,,,34,115,,
2014/06/13,16,148,,,32,114,,
2014/06/13,17,151,,,34,114,,
2014/06/13,18,146,,,30,114,,
2014/06/13,19,136,,,17,116,,
2014/06/13,20,144,,,22,120,,
2014/06/13,21,138,,,17,120,,
2014/06/13,22,24,,,3,19,,
2014/06/13,23,11,,,3,6,,
2014/06/13,24,10,,,3,6,,
2014/06/14,01,11,,,3,6,,
2014/06/14,02,11,,,3,6,,
2014/06/14,03,10,,,3,6,,
2014/06/14,04,11,,,3,6,,
2014/06/14,05,11,,,3,6,,
2014/06/14,06,11,,,3,7,,
2014/06/14,07,11,,,3,6,,
2014/06/14,08,11,,,3,6,,
2014/06/14,09,23,,,3,18,,
2014/06/14,10,67,,,6,59,,
2014/06/14,11,122,,,6,115,,
2014/06/14,12,154,,,35,116,,
2014/06/14,13,146,,,28,115,,
2014/06/14,14,144,,,25,117,,
2014/06/14,15,147,,,30,115,,
2014/06/14,16,150,,,31,116,,
2014/06/14,17,151,,,34,115,,
2014/06/14,18,148,,,30,115,,
2014/06/14,19,145,,,26,117,,
2014/06/14,20,154,,,31,120,,
2014/06/14,21,136,,,16,119,,
2014/06/14,22,40,,,4,33,,
2014/06/14,23,10,,,3,6,,
2014/06/14,24,11,,,3,6,,
2014/06/15,01,11,,,3,6,,
2014/06/15,02,10,,,3,6,,
2014/06/15,03,11,,,3,6,,
2014/06/15,04,11,,,3,6,,
2014/06/15,05,10,,,3,6,,
2014/06/15,06,11,,,3,6,,
2014/06/15,07,11,,,3,6,,
2014/06/15,08,11,,,3,6,,
2014/06/15,09,23,,,3,18,,
2014/06/15,10,71,,,6,63,,
2014/06/15,11,131,,,12,117,,
2014/06/15,12,133,,,14,117,,
2014/06/15,13,150,,,31,117,,
2014/06/15,14,157,,,36,117,,
2014/06/15,15,150,,,31,116,,
2014/06/15,16,153,,,34,116,,
2014/06/15,17,148,,,30,117,,
2014/06/15,18,150,,,31,116,,
2014/06/15,19,146,,,24,119,,
2014/06/15,20,147,,,22,122,,
2014/06/15,21,138,,,16,120,,
2014/06/15,22,24,,,3,19,,
2014/06/15,23,11,,,3,6,,
2014/06/15,24,10,,,3,6,,
2014/06/16,01,11,,,3,6,,
2014/06/16,02,11,,,3,6,,
2014/06/16,03,11,,,3,6,,
2014/06/16,04,11,,,3,6,,
2014/06/16,05,10,,,3,6,,
2014/06/16,06,12,,,3,7,,
2014/06/16,07,11,,,3,6,,
2014/06/16,08,11,,,3,6,,
2014/06/16,09,22,,,3,18,,
2014/06/16,10,61,,,3,56,,
2014/06/16,11,118,,,3,113,,
2014/06/16,12,125,,,9,113,,
2014/06/16,13,130,,,14,114,,
2014/06/16,14,127,,,12,114,,
2014/06/16,15,128,,,12,113,,
2014/06/16,16,129,,,15,113,,
2014/06/16,17,131,,,15,113,,
2014/06/16,18,129,,,15,113,,
2014/06/16,19,132,,,13,116,,
2014/06/16,20,132,,,12,119,,
2014/06/16,21,131,,,10,119,,
2014/06/16,22,29,,,3,24,,
2014/06/16,23,11,,,3,6,,
2014/06/16,24,10,,,3,6,,
2014/06/17,01,11,,,3,6,,
2014/06/17,02,11,,,3,7,,
2014/06/17,03,11,,,3,6,,
2014/06/17,04,11,,,3,6,,
2014/06/17,05,11,,,3,6,,
2014/06/17,06,10,,,3,6,,
2014/06/17,07,11,,,3,6,,
2014/06/17,08,12,,,3,7,,
2014/06/17,09,45,,,3,40,,
2014/06/17,10,54,,,6,47,,
2014/06/17,11,122,,,6,114,,
2014/06/17,12,145,,,28,114,,
2014/06/17,13,156,,,40,114,,
2014/06/17,14,156,,,41,113,,
2014/06/17,15,164,,,47,114,,
2014/06/17,16,144,,,28,113,,
2014/06/17,17,145,,,30,113,,
2014/06/17,18,136,,,21,112,,
2014/06/17,19,135,,,18,115,,
2014/06/17,20,151,,,30,118,,
2014/06/17,21,131,,,12,117,,
2014/06/17,22,38,,,3,33,,
2014/06/17,23,11,,,3,7,,
2014/06/17,24,12,,,3,7,,
2014/06/18,01,11,,,3,7,,
2014/06/18,02,12,,,3,8,,
2014/06/18,03,12,,,3,7,,
2014/06/18,04,11,,,3,7,,
2014/06/18,05,12,,,3,7,,
2014/06/18,06,12,,,3,7,,
2014/06/18,07,12,,,3,7,,
2014/06/18,08,12,,,3,7,,
2014/06/18,09,31,,,6,24,,
2014/06/18,10,72,,,12,58,,
2014/06/18,11,129,,,12,116,,
2014/06/18,12,135,,,19,113,,
2014/06/18,13,141,,,26,113,,
2014/06/18,14,143,,,28,113,,
2014/06/18,15,146,,,31,112,,
2014/06/18,16,146,,,32,112,,
2014/06/18,17,144,,,29,112,,
2014/06/18,18,140,,,25,112,,
2014/06/18,19,138,,,21,115,,
2014/06/18,20,138,,,19,117,,
2014/06/18,21,131,,,12,116,,
2014/06/18,22,21,,,3,16,,
2014/06/18,23,10,,,3,6,,
2014/06/18,24,11,,,3,6,,
2014/06/19,01,10,,,3,6,,
2014/06/19,02,12,,,3,6,,
2014/06/19,03,10,,,3,6,,
2014/06/19,04,11,,,3,6,,
2014/06/19,05,10,,,3,6,,
2014/06/19,06,12,,,3,6,,
2014/06/19,07,10,,,3,6,,
2014/06/19,08,11,,,3,6,,
2014/06/19,09,21,,,5,15,,
2014/06/19,10,70,,,12,57,,
2014/06/19,11,127,,,12,113,,
2014/06/19,12,135,,,20,113,,
2014/06/19,13,142,,,27,113,,
2014/06/19,14,150,,,34,112,,
2014/06/19,15,150,,,34,113,,
2014/06/19,16,149,,,35,112,,
2014/06/19,17,145,,,30,112,,
2014/06/19,18,141,,,27,112,,
2014/06/19,19,141,,,24,114,,
2014/06/19,20,143,,,24,117,,
2014/06/19,21,137,,,16,118,,
2014/06/19,22,29,,,3,24,,
2014/06/19,23,10,,,3,6,,
2014/06/19,24,12,,,3,7,,
2014/06/20,01,11,,,3,6,,
2014/06/20,02,11,,,3,7,,
2014/06/20,03,11,,,3,6,,
2014/06/20,04,11,,,3,7,,
2014/06/20,05,11,,,3,6,,
2014/06/20,06,11,,,3,7,,
2014/06/20,07,11,,,3,6,,
2014/06/20,08,12,,,3,7,,
2014/06/20,09,40,,,8,30,,
2014/06/20,10,67,,,12,54,,
2014/06/20,11,130,,,12,115,,
2014/06/20,12,132,,,17,113,,
2014/06/20,13,153,,,38,113,,
2014/06/20,14,152,,,38,111,,
2014/06/20,15,153,,,39,111,,
2014/06/20,16,150,,,35,112,,
2014/06/20,17,136,,,23,111,,
2014/06/20,18,143,,,29,111,,
2014/06/20,19,150,,,33,114,,
2014/06/20,20,149,,,29,118,,
2014/06/20,21,137,,,17,118,,
2014/06/20,22,33,,,5,26,,
2014/06/20,23,11,,,3,6,,
2014/06/20,24,10,,,3,6,,
2014/06/21,01,11,,,3,6,,
2014/06/21,02,11,,,3,6,,
2014/06/21,03,11,,,3,6,,
2014/06/21,04,11,,,3,6,,
2014/06/21,05,11,,,3,7,,
2014/06/21,06,11,,,3,6,,
2014/06/21,07,11,,,3,6,,
2014/06/21,08,11,,,3,6,,
2014/06/21,09,25,,,3,21,,
2014/06/21,10,69,,,8,59,,
2014/06/21,11,126,,,10,114,,
2014/06/21,12,138,,,22,113,,
2014/06/21,13,141,,,25,114,,
2014/06/21,14,143,,,26,114,,
2014/06/21,15,144,,,27,115,,
2014/06/21,16,147,,,31,113,,
2014/06/21,17,142,,,26,114,,
2014/06/21,18,138,,,22,114,,
2014/06/21,19,138,,,20,116,,
2014/06/21,20,140,,,18,119,,
2014/06/21,21,134,,,13,119,,
2014/06/21,22,28,,,3,23,,
2014/06/21,23,11,,,3,6,,
2014/06/21,24,11,,,3,6,,
2014/06/22,01,11,,,3,6,,
2014/06/22,02,11,,,3,6,,
2014/06/22,03,11,,,3,6,,
2014/06/22,04,10,,,3,6,,
2014/06/22,05,11,,,3,7,,
2014/06/22,06,11,,,3,6,,
2014/06/22,07,11,,,3,6,,
2014/06/22,08,11,,,3,6,,
2014/06/22,09,31,,,5,23,,
2014/06/22,10,66,,,10,55,,
2014/06/22,11,128,,,11,115,,
2014/06/22,12,134,,,15,116,,
2014/06/22,13,139,,,22,114,,
2014/06/22,14,143,,,27,114,,
2014/06/22,15,148,,,31,114,,
2014/06/22,16,147,,,31,114,,
2014/06/22,17,148,,,32,113,,
2014/06/22,18,144,,,29,113,,
2014/06/22,19,142,,,25,115,,
2014/06/22,20,142,,,21,118,,
2014/06/22,21,135,,,15,118,,
2014/06/22,22,24,,,3,19,,
2014/06/22,23,10,,,3,6,,
2014/06/22,24,11,,,3,6,,
2014/06/23,01,11,,,3,6,,
2014/06/23,02,11,,,3,6,,
2014/06/23,03,11,,,3,6,,
2014/06/23,04,11,,,3,6,,
2014/06/23,05,11,,,3,6,,
2014/06/23,06,11,,,3,6,,
2014/06/23,07,10,,,3,6,,
2014/06/23,08,11,,,3,6,,
2014/06/23,09,23,,,3,18,,
2014/06/23,10,70,,,6,62,,
2014/06/23,11,132,,,16,113,,
2014/06/23,12,147,,,30,114,,
2014/06/23,13,155,,,39,114,,
2014/06/23,14,158,,,42,113,,
2014/06/23,15,161,,,45,113,,
2014/06/23,16,150,,,35,112,,
2014/06/23,17,146,,,31,112,,
2014/06/23,18,150,,,35,112,,
2014/06/23,19,136,,,19,115,,
2014/06/23,20,148,,,27,118,,
2014/06/23,21,132,,,12,118,,
2014/06/23,22,38,,,4,32,,
2014/06/23,23,11,,,3,6,,
2014/06/23,24,10,,,3,6,,
2014/06/24,01,11,,,3,6,,
2014/06/24,02,11,,,3,6,,
2014/06/24,03,11,,,3,6,,
2014/06/24,04,10,,,3,6,,
2014/06/24,05,11,,,3,6,,
2014/06/24,06,11,,,3,6,,
2014/06/24,07,11,,,3,6,,
2014/06/24,08,16,,,4,11,,
2014/06/24,09,57,,,9,46,,
2014/06/24,10,64,,,11,51,,
2014/06/24,11,129,,,15,112,,
2014/06/24,12,149,,,35,111,,
2014/06/24,13,148,,,32,113,,
2014/06/24,14,148,,,34,112,,
2014/06/24,15,152,,,36,112,,
2014/06/24,16,154,,,39,113,,
2014/06/24,17,147,,,34,112,,
2014/06/24,18,137,,,22,112,,
2014/06/24,19,148,,,32,114,,
2014/06/24,20,141,,,21,118,,
2014/06/24,21,131,,,12,116,,
2014/06/24,22,25,,,5,19,,
2014/06/24,23,11,,,3,6,,
2014/06/24,24,10,,,3,6,,
2014/06/25,01,11,,,3,6,,
2014/06/25,02,10,,,3,6,,
2014/06/25,03,11,,,3,6,,
2014/06/25,04,11,,,3,6,,
2014/06/25,05,11,,,3,6,,
2014/06/25,06,10,,,3,6,,
2014/06/25,07,11,,,3,6,,
2014/06/25,08,11,,,3,6,,
2014/06/25,09,23,,,3,18,,
2014/06/25,10,72,,,7,63,,
2014/06/25,11,129,,,13,114,,
2014/06/25,12,144,,,29,113,,
2014/06/25,13,148,,,32,114,,
2014/06/25,14,152,,,37,113,,
2014/06/25,15,157,,,40,114,,
2014/06/25,16,155,,,39,114,,
2014/06/25,17,151,,,35,113,,
2014/06/25,18,146,,,31,113,,
2014/06/25,19,148,,,30,115,,
2014/06/25,20,145,,,24,118,,
2014/06/25,21,135,,,15,118,,
2014/06/25,22,84,,,3,78,,
2014/06/25,23,16,,,3,12,,
2014/06/25,24,16,,,3,11,,
2014/06/26,01,16,,,3,12,,
2014/06/26,02,16,,,3,11,,
2014/06/26,03,17,,,3,12,,
2014/06/26,04,16,,,3,12,,
2014/06/26,05,16,,,3,11,,
2014/06/26,06,16,,,3,11,,
2014/06/26,07,17,,,3,12,,
2014/06/26,08,16,,,3,11,,
2014/06/26,09,36,,,9,26,,
2014/06/26,10,71,,,12,57,,
2014/06/26,11,146,,,31,114,,
2014/06/26,12,157,,,40,114,,
2014/06/26,13,171,,,52,115,,
2014/06/26,14,170,,,52,115,,
2014/06/26,15,170,,,52,116,,
2014/06/26,16,173,,,54,116,,
2014/06/26,17,166,,,48,115,,
2014/06/26,18,162,,,44,115,,
2014/06/26,19,160,,,40,118,,
2014/06/26,20,154,,,31,121,,
2014/06/26,21,147,,,24,120,,
2014/06/26,22,28,,,5,21,,
2014/06/26,23,11,,,3,6,,
2014/06/26,24,10,,,3,6,,
2014/06/27,01,11,,,3,6,,
2014/06/27,02,10,,,3,6,,
2014/06/27,03,11,,,3,6,,
2014/06/27,04,11,,,3,6,,
2014/06/27,05,11,,,3,6,,
2014/06/27,06,10,,,3,6,,
2014/06/27,07,11,,,3,6,,
2014/06/27,08,11,,,3,6,,
2014/06/27,09,49,,,9,38,,
2014/06/27,10,66,,,12,53,,
2014/06/27,11,141,,,25,113,,
2014/06/27,12,158,,,43,112,,
2014/06/27,13,147,,,32,112,,
2014/06/27,14,159,,,45,111,,
2014/06/27,15,162,,,47,112,,
2014/06/27,16,160,,,46,111,,
2014/06/27,17,147,,,34,112,,
2014/06/27,18,144,,,30,112,,
2014/06/27,19,152,,,34,115,,
2014/06/27,20,137,,,17,117,,
2014/06/27,21,144,,,25,117,,
2014/06/27,22,28,,,4,22,,
2014/06/27,23,11,,,3,6,,
2014/06/27,24,10,,,3,6,,
2014/06/28,01,11,,,3,6,,
2014/06/28,02,11,,,3,6,,
2014/06/28,03,10,,,3,6,,
2014/06/28,04,11,,,3,6,,
2014/06/28,05,11,,,3,6,,
2014/06/28,06,10,,,3,6,,
2014/06/28,07,11,,,3,6,,
2014/06/28,08,11,,,3,6,,
2014/06/28,09,25,,,5,18,,
2014/06/28,10,65,,,10,54,,
2014/06/28,11,131,,,14,115,,
2014/06/28,12,139,,,22,115,,
2014/06/28,13,141,,,23,115,,
2014/06/28,14,141,,,25,114,,
2014/06/28,15,144,,,26,115,,
2014/06/28,16,142,,,25,115,,
2014/06/28,17,139,,,22,115,,
2014/06/28,18,138,,,21,114,,
2014/06/28,19,140,,,21,116,,
2014/06/28,20,141,,,19,120,,
2014/06/28,21,136,,,15,119,,
2014/06/28,22,30,,,4,24,,
2014/06/28,23,10,,,3,6,,
2014/06/28,24,11,,,3,6,,
2014/06/29,01,10,,,3,6,,
2014/06/29,02,11,,,3,6,,
2014/06/29,03,11,,,3,6,,
2014/06/29,04,10,,,3,6,,
2014/06/29,05,11,,,3,6,,
2014/06/29,06,10,,,3,6,,
2014/06/29,07,11,,,3,6,,
2014/06/29,08,11,,,3,6,,
2014/06/29,09,23,,,3,18,,
2014/06/29,10,60,,,3,56,,
2014/06/29,11,120,,,3,115,,
2014/06/29,12,130,,,12,116,,
2014/06/29,13,140,,,21,116,,
2014/06/29,14,142,,,25,115,,
2014/06/29,15,137,,,19,115,,
2014/06/29,16,130,,,13,115,,
2014/06/29,17,142,,,26,114,,
2014/06/29,18,136,,,19,114,,
2014/06/29,19,140,,,20,117,,
2014/06/29,20,139,,,17,120,,
2014/06/29,21,137,,,16,120,,
2014/06/29,22,32,,,4,26,,
2014/06/29,23,11,,,3,6,,
2014/06/29,24,10,,,3,6,,
2014/06/30,01,11,,,3,6,,
2014/06/30,02,11,,,3,7,,
2014/06/30,03,11,,,3,6,,
2014/06/30,04,10,,,3,6,,
2014/06/30,05,11,,,3,6,,
2014/06/30,06,11,,,3,6,,
2014/06/30,07,11,,,3,6,,
2014/06/30,08,11,,,3,6,,
2014/06/30,09,41,,,8,31,,
2014/06/30,10,70,,,13,55,,
2014/06/30,11,134,,,16,116,,
2014/06/30,12,135,,,18,115,,
2014/06/30,13,148,,,30,115,,
2014/06/30,14,145,,,28,114,,
2014/06/30,15,151,,,33,116,,
2014/06/30,16,141,,,24,114,,
2014/06/30,17,144,,,27,114,,
2014/06/30,18,134,,,19,113,,
2014/06/30,19,132,,,15,116,,
2014/06/30,20,145,,,24,119,,
2014/06/30,21,133,,,12,119,,
2014/06/30,22,26,,,3,21,,
2014/06/30,23,11,,,3,6,,
2014/06/30,24,10,,,3,6,,
2014/07/01,01,11,,,3,6,,
2014/07/01,02,11,,,3,7,,
2014/07/01,03,11,,,3,6,,
2014/07/01,04,10,,,3,6,,
2014/07/01,05,11,,,3,6,,
2014/07/01,06,11,,,3,6,,
2014/07/01,07,11,,,3,6,,
2014/07/01,08,11,,,3,6,,
2014/07/01,09,46,,,3,41,,
2014/07/01,10,52,,,5,46,,
2014/07/01,11,127,,,10,114,,
2014/07/01,12,144,,,28,114,,
2014/07/01,13,147,,,31,113,,
2014/07/01,14,146,,,32,113,,
2014/07/01,15,150,,,34,112,,
2014/07/01,16,151,,,36,113,,
2014/07/01,17,145,,,29,113,,
2014/07/01,18,142,,,27,113,,
2014/07/01,19,142,,,25,115,,
2014/07/01,20,144,,,23,118,,
2014/07/01,21,136,,,16,118,,
2014/07/01,22,24,,,3,19,,
2014/07/01,23,10,,,3,6,,
2014/07/01,24,11,,,3,6,,
2014/07/02,01,10,,,3,6,,
2014/07/02,02,11,,,3,6,,
2014/07/02,03,11,,,3,6,,
2014/07/02,04,10,,,3,6,,
2014/07/02,05,11,,,3,6,,
2014/07/02,06,11,,,3,6,,
2014/07/02,07,10,,,3,6,,
2014/07/02,08,11,,,3,6,,
2014/07/02,09,44,,,8,34,,
2014/07/02,10,62,,,10,51,,
2014/07/02,11,145,,,26,116,,
2014/07/02,12,163,,,44,117,,
2014/07/02,13,169,,,49,117,,
2014/07/02,14,172,,,54,115,,
2014/07/02,15,174,,,57,114,,
2014/07/02,16,180,,,62,115,,
2014/07/02,17,174,,,56,116,,
2014/07/02,18,160,,,42,115,,
2014/07/02,19,156,,,35,118,,
2014/07/02,20,151,,,29,121,,
2014/07/02,21,143,,,20,120,,
2014/07/02,22,36,,,5,30,,
2014/07/02,23,10,,,3,6,,
2014/07/02,24,10,,,3,6,,
2014/07/03,01,11,,,3,6,,
2014/07/03,02,11,,,3,6,,
2014/07/03,03,10,,,3,6,,
2014/07/03,04,11,,,3,6,,
2014/07/03,05,10,,,3,6,,
2014/07/03,06,11,,,3,6,,
2014/07/03,07,10,,,3,6,,
2014/07/03,08,11,,,3,6,,
2014/07/03,09,21,,,3,17,,
2014/07/03,10,62,,,3,56,,
2014/07/03,11,128,,,10,116,,
2014/07/03,12,132,,,13,116,,
2014/07/03,13,132,,,14,116,,
2014/07/03,14,140,,,22,115,,
2014/07/03,15,143,,,26,115,,
2014/07/03,16,144,,,26,116,,
2014/07/03,17,142,,,24,116,,
2014/07/03,18,143,,,24,116,,
2014/07/03,19,144,,,23,119,,
2014/07/03,20,146,,,21,122,,
2014/07/03,21,138,,,16,121,,
2014/07/03,22,49,,,5,42,,
2014/07/03,23,11,,,3,6,,
2014/07/03,24,11,,,3,6,,
2014/07/04,01,11,,,3,7,,
2014/07/04,02,11,,,3,6,,
2014/07/04,03,11,,,3,7,,
2014/07/04,04,11,,,3,7,,
2014/07/04,05,11,,,3,6,,
2014/07/04,06,12,,,3,7,,
2014/07/04,07,11,,,3,6,,
2014/07/04,08,11,,,3,7,,
2014/07/04,09,22,,,3,18,,
2014/07/04,10,61,,,4,54,,
2014/07/04,11,127,,,10,115,,
2014/07/04,12,145,,,27,116,,
2014/07/04,13,149,,,31,116,,
2014/07/04,14,156,,,38,116,,
2014/07/04,15,148,,,31,115,,
2014/07/04,16,152,,,34,115,,
2014/07/04,17,146,,,28,115,,
2014/07/04,18,145,,,28,116,,
2014/07/04,19,145,,,24,118,,
2014/07/04,20,147,,,24,121,,
2014/07/04,21,137,,,14,121,,
2014/07/04,22,28,,,4,23,,
2014/07/04,23,10,,,3,6,,
2014/07/04,24,11,,,3,6,,
2014/07/05,01,10,,,3,6,,
2014/07/05,02,11,,,3,7,,
2014/07/05,03,11,,,3,6,,
2014/07/05,04,11,,,3,6,,
2014/07/05,05,10,,,3,6,,
2014/07/05,06,11,,,3,6,,
2014/07/05,07,11,,,3,6,,
2014/07/05,08,11,,,3,6,,
2014/07/05,09,21,,,4,16,,
2014/07/05,10,68,,,9,56,,
2014/07/05,11,129,,,9,118,,
2014/07/05,12,136,,,17,117,,
2014/07/05,13,142,,,23,117,,
2014/07/05,14,148,,,27,119,,
2014/07/05,15,148,,,27,118,,
2014/07/05,16,147,,,28,117,,
2014/07/05,17,148,,,27,118,,
2014/07/05,18,147,,,27,118,,
2014/07/05,19,147,,,24,121,,
2014/07/05,20,147,,,21,124,,
2014/07/05,21,140,,,14,123,,
2014/07/05,22,62,,,4,55,,
2014/07/05,23,10,,,3,6,,
2014/07/05,24,12,,,3,7,,
2014/07/06,01,10,,,3,6,,
2014/07/06,02,12,,,3,7,,
2014/07/06,03,10,,,3,6,,
2014/07/06,04,12,,,3,7,,
2014/07/06,05,10,,,3,6,,
2014/07/06,06,12,,,3,7,,
2014/07/06,07,10,,,3,6,,
2014/07/06,08,11,,,3,6,,
2014/07/06,09,24,,,3,20,,
2014/07/06,10,75,,,10,63,,
2014/07/06,11,141,,,20,118,,
2014/07/06,12,163,,,42,119,,
2014/07/06,13,171,,,50,119,,
2014/07/06,14,182,,,60,118,,
2014/07/06,15,188,,,66,119,,
2014/07/06,16,184,,,62,118,,
2014/07/06,17,178,,,57,118,,
2014/07/06,18,166,,,46,118,,
2014/07/06,19,163,,,40,121,,
2014/07/06,20,160,,,33,124,,
2014/07/06,21,149,,,22,124,,
2014/07/06,22,50,,,5,43,,
2014/07/06,23,11,,,3,6,,
2014/07/06,24,10,,,3,6,,
2014/07/07,01,11,,,3,6,,
2014/07/07,02,10,,,3,6,,
2014/07/07,03,11,,,3,6,,
2014/07/07,04,11,,,3,6,,
2014/07/07,05,11,,,3,6,,
2014/07/07,06,11,,,3,6,,
2014/07/07,07,11,,,3,6,,
2014/07/07,08,11,,,3,6,,
2014/07/07,09,37,,,8,27,,
2014/07/07,10,63,,,11,50,,
2014/07/07,11,145,,,22,121,,
2014/07/07,12,157,,,35,119,,
2014/07/07,13,167,,,44,120,,
2014/07/07,14,170,,,49,118,,
2014/07/07,15,169,,,48,118,,
2014/07/07,16,168,,,48,118,,
2014/07/07,17,164,,,43,118,,
2014/07/07,18,158,,,37,118,,
2014/07/07,19,157,,,34,122,,
2014/07/07,20,156,,,30,123,,
2014/07/07,21,146,,,21,122,,
2014/07/07,22,28,,,3,22,,
2014/07/07,23,10,,,3,6,,
2014/07/07,24,11,,,3,6,,
2014/07/08,01,11,,,3,6,,
2014/07/08,02,11,,,3,6,,
2014/07/08,03,11,,,3,6,,
2014/07/08,04,11,,,3,6,,
2014/07/08,05,11,,,3,6,,
2014/07/08,06,11,,,3,6,,
2014/07/08,07,11,,,3,6,,
2014/07/08,08,11,,,3,6,,
2014/07/08,09,24,,,5,18,,
2014/07/08,10,60,,,10,47,,
2014/07/08,11,155,,,34,118,,
2014/07/08,12,168,,,48,117,,
2014/07/08,13,169,,,49,117,,
2014/07/08,14,168,,,51,114,,
2014/07/08,15,173,,,55,115,,
2014/07/08,16,168,,,50,115,,
2014/07/08,17,161,,,43,115,,
2014/07/08,18,158,,,40,114,,
2014/07/08,19,154,,,34,118,,
2014/07/08,20,155,,,32,120,,
2014/07/08,21,153,,,31,120,,
2014/07/08,22,27,,,4,21,,
2014/07/08,23,11,,,3,6,,
2014/07/08,24,10,,,3,6,,
2014/07/09,01,11,,,3,6,,
2014/07/09,02,11,,,3,6,,
2014/07/09,03,10,,,3,6,,
2014/07/09,04,11,,,3,6,,
2014/07/09,05,11,,,3,6,,
2014/07/09,06,11,,,3,6,,
2014/07/09,07,11,,,3,7,,
2014/07/09,08,11,,,3,6,,
2014/07/09,09,23,,,3,18,,
2014/07/09,10,65,,,5,58,,
2014/07/09,11,140,,,21,117,,
2014/07/09,12,152,,,32,116,,
2014/07/09,13,159,,,39,117,,
2014/07/09,14,165,,,48,115,,
2014/07/09,15,165,,,47,115,,
2014/07/09,16,164,,,47,115,,
2014/07/09,17,163,,,45,115,,
2014/07/09,18,155,,,39,114,,
2014/07/09,19,158,,,37,117,,
2014/07/09,20,157,,,34,120,,
2014/07/09,21,157,,,34,120,,
2014/07/09,22,27,,,3,22,,
2014/07/09,23,11,,,3,7,,
2014/07/09,24,11,,,3,6,,
2014/07/10,01,12,,,3,7,,
2014/07/10,02,11,,,3,7,,
2014/07/10,03,11,,,3,7,,
2014/07/10,04,12,,,3,6,,
2014/07/10,05,11,,,3,7,,
2014/07/10,06,11,,,3,6,,
2014/07/10,07,11,,,3,7,,
2014/07/10,08,12,,,3,7,,
2014/07/10,09,20,,,3,16,,
2014/07/10,10,61,,,4,55,,
2014/07/10,11,128,,,9,116,,
2014/07/10,12,133,,,15,116,,
2014/07/10,13,136,,,19,116,,
2014/07/10,14,135,,,18,115,,
2014/07/10,15,138,,,20,116,,
2014/07/10,16,140,,,22,116,,
2014/07/10,17,140,,,23,114,,
2014/07/10,18,141,,,24,115,,
2014/07/10,19,144,,,24,118,,
2014/07/10,20,145,,,23,120,,
2014/07/10,21,141,,,18,120,,
2014/07/10,22,27,,,4,21,,
2014/07/10,23,11,,,3,6,,
2014/07/10,24,12,,,3,7,,
2014/07/11,01,11,,,3,6,,
2014/07/11,02,12,,,3,7,,
2014/07/11,03,11,,,3,7,,
2014/07/11,04,11,,,3,7,,
2014/07/11,05,11,,,3,7,,
2014/07/11,06,12,,,3,7,,
2014/07/11,07,11,,,3,7,,
2014/07/11,08,12,,,3,7,,
2014/07/11,09,33,,,7,24,,
2014/07/11,10,62,,,10,50,,
2014/07/11,11,131,,,14,115,,
2014/07/11,12,144,,,28,114,,
2014/07/11,13,151,,,32,116,,
2014/07/11,14,157,,,39,115,,
2014/07/11,15,167,,,50,114,,
2014/07/11,16,174,,,56,115,,
2014/07/11,17,164,,,47,115,,
2014/07/11,18,159,,,41,115,,
2014/07/11,19,157,,,37,117,,
2014/07/11,20,156,,,33,120,,
2014/07/11,21,147,,,23,121,,
2014/07/11,22,32,,,4,26,,
2014/07/11,23,11,,,3,6,,
2014/07/11,24,11,,,3,6,,
2014/07/12,01,10,,,3,6,,
2014/07/12,02,11,,,3,6,,
2014/07/12,03,11,,,3,6,,
2014/07/12,04,10,,,3,6,,
2014/07/12,05,11,,,3,6,,
2014/07/12,06,11,,,3,6,,
2014/07/12,07,11,,,3,6,,
2014/07/12,08,10,,,3,6,,
2014/07/12,09,22,,,4,16,,
2014/07/12,10,69,,,10,58,,
2014/07/12,11,150,,,29,118,,
2014/07/12,12,164,,,43,118,,
2014/07/12,13,159,,,38,118,,
2014/07/12,14,166,,,46,118,,
2014/07/12,15,174,,,52,118,,
2014/07/12,16,177,,,56,118,,
2014/07/12,17,177,,,57,117,,
2014/07/12,18,173,,,52,117,,
2014/07/12,19,163,,,41,119,,
2014/07/12,20,160,,,34,123,,
2014/07/12,21,144,,,21,121,,
2014/07/12,22,27,,,4,22,,
2014/07/12,23,11,,,3,6,,
2014/07/12,24,10,,,3,6,,
2014/07/13,01,11,,,3,6,,
2014/07/13,02,10,,,3,6,,
2014/07/13,03,11,,,3,7,,
2014/07/13,04,11,,,3,6,,
2014/07/13,05,10,,,3,6,,
2014/07/13,06,11,,,3,6,,
2014/07/13,07,11,,,3,6,,
2014/07/13,08,11,,,3,6,,
2014/07/13,09,22,,,3,18,,
2014/07/13,10,67,,,8,56,,
2014/07/13,11,144,,,25,116,,
2014/07/13,12,156,,,37,117,,
2014/07/13,13,158,,,39,116,,
2014/07/13,14,157,,,37,118,,
2014/07/13,15,151,,,32,116,,
2014/07/13,16,149,,,30,117,,
2014/07/13,17,147,,,28,116,,
2014/07/13,18,146,,,27,117,,
2014/07/13,19,146,,,26,119,,
2014/07/13,20,148,,,24,122,,
2014/07/13,21,140,,,17,121,,
2014/07/13,22,33,,,5,26,,
2014/07/13,23,10,,,3,6,,
2014/07/13,24,11,,,3,6,,
2014/07/14,01,11,,,3,6,,
2014/07/14,02,11,,,3,6,,
2014/07/14,03,11,,,3,6,,
2014/07/14,04,10,,,3,6,,
2014/07/14,05,11,,,3,6,,
2014/07/14,06,11,,,3,6,,
2014/07/14,07,11,,,3,6,,
2014/07/14,08,11,,,3,6,,
2014/07/14,09,22,,,3,17,,
2014/07/14,10,71,,,9,60,,
2014/07/14,11,137,,,18,116,,
2014/07/14,12,154,,,36,115,,
2014/07/14,13,163,,,44,116,,
2014/07/14,14,164,,,49,113,,
2014/07/14,15,170,,,53,113,,
2014/07/14,16,168,,,52,113,,
2014/07/14,17,171,,,54,114,,
2014/07/14,18,166,,,49,114,,
2014/07/14,19,159,,,40,117,,
2014/07/14,20,157,,,34,120,,
2014/07/14,21,146,,,23,120,,
2014/07/14,22,30,,,6,22,,
2014/07/14,23,10,,,3,6,,
2014/07/14,24,11,,,3,7,,
2014/07/15,01,11,,,3,6,,
2014/07/15,02,11,,,3,6,,
2014/07/15,03,11,,,3,6,,
2014/07/15,04,10,,,3,6,,
2014/07/15,05,11,,,3,6,,
2014/07/15,06,11,,,3,6,,
2014/07/15,07,11,,,3,6,,
2014/07/15,08,11,,,3,7,,
2014/07/15,09,50,,,4,43,,
2014/07/15,10,58,,,9,47,,
2014/07/15,11,158,,,38,116,,
2014/07/15,12,173,,,56,115,,
2014/07/15,13,180,,,61,116,,
2014/07/15,14,182,,,64,114,,
2014/07/15,15,180,,,63,114,,
2014/07/15,16,181,,,62,115,,
2014/07/15,17,178,,,61,115,,
2014/07/15,18,177,,,58,115,,
2014/07/15,19,167,,,49,115,,
2014/07/15,20,165,,,43,119,,
2014/07/15,21,167,,,44,120,,
2014/07/15,22,25,,,5,18,,
2014/07/15,23,10,,,3,6,,
2014/07/15,24,11,,,3,6,,
2014/07/16,01,10,,,3,6,,
2014/07/16,02,11,,,3,7,,
2014/07/16,03,11,,,3,6,,
2014/07/16,04,10,,,3,6,,
2014/07/16,05,10,,,3,6,,
2014/07/16,06,11,,,3,6,,
2014/07/16,07,10,,,3,6,,
2014/07/16,08,11,,,3,6,,
2014/07/16,09,45,,,12,32,,
2014/07/16,10,73,,,16,55,,
2014/07/16,11,162,,,43,116,,
2014/07/16,12,166,,,48,116,,
2014/07/16,13,162,,,43,117,,
2014/07/16,14,161,,,43,115,,
2014/07/16,15,150,,,32,115,,
2014/07/16,16,152,,,34,115,,
2014/07/16,17,149,,,31,115,,
2014/07/16,18,148,,,32,114,,
2014/07/16,19,141,,,23,115,,
2014/07/16,20,143,,,22,118,,
2014/07/16,21,136,,,14,120,,
2014/07/16,22,26,,,3,21,,
2014/07/16,23,11,,,3,6,,
2014/07/16,24,10,,,3,6,,
2014/07/17,01,11,,,3,6,,
2014/07/17,02,10,,,3,6,,
2014/07/17,03,11,,,3,6,,
2014/07/17,04,11,,,3,6,,
2014/07/17,05,10,,,3,6,,
2014/07/17,06,11,,,3,6,,
2014/07/17,07,10,,,3,6,,
2014/07/17,08,11,,,3,6,,
2014/07/17,09,24,,,5,18,,
2014/07/17,10,68,,,10,56,,
2014/07/17,11,128,,,13,113,,
2014/07/17,12,139,,,25,112,,
2014/07/17,13,148,,,31,114,,
2014/07/17,14,150,,,35,113,,
2014/07/17,15,148,,,32,113,,
2014/07/17,16,145,,,30,113,,
2014/07/17,17,142,,,27,113,,
2014/07/17,18,140,,,25,113,,
2014/07/17,19,138,,,23,113,,
2014/07/17,20,142,,,23,116,,
2014/07/17,21,138,,,18,118,,
2014/07/17,22,46,,,7,36,,
2014/07/17,23,10,,,3,6,,
2014/07/17,24,11,,,3,6,,
2014/07/18,01,10,,,3,6,,
2014/07/18,02,11,,,3,7,,
2014/07/18,03,11,,,3,6,,
2014/07/18,04,10,,,3,6,,
2014/07/18,05,11,,,3,6,,
2014/07/18,06,11,,,3,6,,
2014/07/18,07,10,,,3,6,,
2014/07/18,08,11,,,3,7,,
2014/07/18,09,21,,,3,16,,
2014/07/18,10,62,,,3,57,,
2014/07/18,11,129,,,13,115,,
2014/07/18,12,130,,,13,115,,
2014/07/18,13,140,,,23,115,,
2014/07/18,14,137,,,21,114,,
2014/07/18,15,139,,,24,114,,
2014/07/18,16,143,,,26,114,,
2014/07/18,17,138,,,22,114,,
2014/07/18,18,141,,,25,114,,
2014/07/18,19,143,,,27,114,,
2014/07/18,20,143,,,23,118,,
2014/07/18,21,139,,,18,119,,
2014/07/18,22,24,,,3,20,,
2014/07/18,23,11,,,3,6,,
2014/07/18,24,10,,,3,6,,
2014/07/19,01,10,,,3,6,,
2014/07/19,02,11,,,3,6,,
2014/07/19,03,11,,,3,6,,
2014/07/19,04,10,,,3,6,,
2014/07/19,05,11,,,3,6,,
2014/07/19,06,10,,,3,6,,
2014/07/19,07,11,,,3,6,,
2014/07/19,08,10,,,3,6,,
2014/07/19,09,21,,,3,17,,
2014/07/19,10,60,,,3,54,,
2014/07/19,11,123,,,6,115,,
2014/07/19,12,140,,,20,117,,
2014/07/19,13,149,,,28,118,,
2014/07/19,14,149,,,28,119,,
2014/07/19,15,147,,,26,119,,
2014/07/19,16,146,,,25,118,,
2014/07/19,17,145,,,25,118,,
2014/07/19,18,143,,,23,118,,
2014/07/19,19,142,,,22,118,,
2014/07/19,20,146,,,22,122,,
2014/07/19,21,142,,,17,123,,
2014/07/19,22,28,,,4,22,,
2014/07/19,23,10,,,3,6,,
2014/07/19,24,11,,,3,6,,
2014/07/20,01,11,,,3,6,,
2014/07/20,02,10,,,3,6,,
2014/07/20,03,12,,,3,7,,
2014/07/20,04,10,,,3,6,,
2014/07/20,05,11,,,3,6,,
2014/07/20,06,10,,,3,6,,
2014/07/20,07,11,,,3,6,,
2014/07/20,08,11,,,3,6,,
2014/07/20,09,22,,,3,17,,
2014/07/20,10,58,,,3,53,,
2014/07/20,11,126,,,6,118,,
2014/07/20,12,130,,,11,118,,
2014/07/20,13,142,,,21,119,,
2014/07/20,14,145,,,25,118,,
2014/07/20,15,146,,,27,117,,
2014/07/20,16,147,,,27,118,,
2014/07/20,17,148,,,27,118,,
2014/07/20,18,146,,,26,118,,
2014/07/20,19,145,,,25,118,,
2014/07/20,20,146,,,22,121,,
2014/07/20,21,142,,,18,122,,
2014/07/20,22,41,,,4,35,,
2014/07/20,23,10,,,3,6,,
2014/07/20,24,11,,,3,6,,
2014/07/21,01,11,,,3,6,,
2014/07/21,02,10,,,3,6,,
2014/07/21,03,11,,,3,7,,
2014/07/21,04,11,,,3,6,,
2014/07/21,05,10,,,3,6,,
2014/07/21,06,11,,,3,6,,
2014/07/21,07,11,,,3,6,,
2014/07/21,08,11,,,3,6,,
2014/07/21,09,22,,,4,17,,
2014/07/21,10,72,,,10,60,,
2014/07/21,11,140,,,20,118,,
2014/07/21,12,159,,,38,118,,
2014/07/21,13,168,,,47,118,,
2014/07/21,14,174,,,52,118,,
2014/07/21,15,177,,,56,118,,
2014/07/21,16,195,,,74,117,,
2014/07/21,17,183,,,61,119,,
2014/07/21,18,174,,,53,118,,
2014/07/21,19,158,,,37,118,,
2014/07/21,20,157,,,32,122,,
2014/07/21,21,139,,,16,122,,
2014/07/21,22,23,,,3,18,,
2014/07/21,23,10,,,3,6,,
2014/07/21,24,10,,,3,6,,
2014/07/22,01,11,,,3,6,,
2014/07/22,02,10,,,3,6,,
2014/07/22,03,11,,,3,6,,
2014/07/22,04,11,,,3,6,,
2014/07/22,05,10,,,3,6,,
2014/07/22,06,11,,,3,6,,
2014/07/22,07,10,,,3,6,,
2014/07/22,08,13,,,3,8,,
2014/07/22,09,64,,,10,52,,
2014/07/22,10,80,,,11,67,,
2014/07/22,11,146,,,28,116,,
2014/07/22,12,153,,,35,115,,
2014/07/22,13,166,,,48,115,,
2014/07/22,14,166,,,51,112,,
2014/07/22,15,166,,,51,113,,
2014/07/22,16,183,,,66,113,,
2014/07/22,17,185,,,70,112,,
2014/07/22,18,170,,,55,112,,
2014/07/22,19,156,,,41,112,,
2014/07/22,20,150,,,31,117,,
2014/07/22,21,145,,,23,119,,
2014/07/22,22,27,,,4,22,,
2014/07/22,23,11,,,3,6,,
2014/07/22,24,11,,,3,7,,
2014/07/23,01,11,,,3,7,,
2014/07/23,02,11,,,3,7,,
2014/07/23,03,12,,,3,7,,
2014/07/23,04,11,,,3,7,,
2014/07/23,05,11,,,3,6,,
2014/07/23,06,11,,,3,7,,
2014/07/23,07,11,,,3,7,,
2014/07/23,08,11,,,3,7,,
2014/07/23,09,28,,,5,22,,
2014/07/23,10,71,,,10,58,,
2014/07/23,11,146,,,28,117,,
2014/07/23,12,165,,,46,116,,
2014/07/23,13,172,,,54,116,,
2014/07/23,14,179,,,62,114,,
2014/07/23,15,173,,,56,114,,
2014/07/23,16,173,,,57,114,,
2014/07/23,17,162,,,45,114,,
2014/07/23,18,155,,,38,114,,
2014/07/23,19,149,,,33,114,,
2014/07/23,20,150,,,30,118,,
2014/07/23,21,144,,,22,119,,
2014/07/23,22,50,,,6,42,,
2014/07/23,23,11,,,3,6,,
2014/07/23,24,10,,,3,6,,
2014/07/24,01,11,,,3,6,,
2014/07/24,02,11,,,3,6,,
2014/07/24,03,11,,,3,6,,
2014/07/24,04,10,,,3,6,,
2014/07/24,05,10,,,3,6,,
2014/07/24,06,10,,,3,6,,
2014/07/24,07,11,,,3,6,,
2014/07/24,08,11,,,3,6,,
2014/07/24,09,24,,,4,18,,
2014/07/24,10,68,,,10,56,,
2014/07/24,11,161,,,42,116,,
2014/07/24,12,173,,,55,115,,
2014/07/24,13,179,,,61,114,,
2014/07/24,14,178,,,62,112,,
2014/07/24,15,178,,,62,113,,
2014/07/24,16,184,,,67,114,,
2014/07/24,17,179,,,62,114,,
2014/07/24,18,173,,,56,114,,
2014/07/24,19,169,,,53,113,,
2014/07/24,20,159,,,40,117,,
2014/07/24,21,146,,,25,118,,
2014/07/24,22,27,,,3,22,,
2014/07/24,23,10,,,3,6,,
2014/07/24,24,11,,,3,6,,
2014/07/25,01,11,,,3,6,,
2014/07/25,02,11,,,3,6,,
2014/07/25,03,10,,,3,6,,
2014/07/25,04,11,,,3,6,,
2014/07/25,05,10,,,3,6,,
2014/07/25,06,11,,,3,6,,
2014/07/25,07,10,,,3,7,,
2014/07/25,08,11,,,3,6,,
2014/07/25,09,48,,,12,34,,
2014/07/25,10,73,,,22,50,,
2014/07/25,11,194,,,76,115,,
2014/07/25,12,210,,,92,114,,
2014/07/25,13,211,,,93,114,,
2014/07/25,14,218,,,101,113,,
2014/07/25,15,218,,,100,113,,
2014/07/25,16,234,,,115,115,,
2014/07/25,17,219,,,101,115,,
2014/07/25,18,208,,,90,114,,
2014/07/25,19,202,,,83,115,,
2014/07/25,20,184,,,62,118,,
2014/07/25,21,172,,,50,119,,
2014/07/25,22,44,,,7,35,,
2014/07/25,23,11,,,3,6,,
2014/07/25,24,11,,,3,7,,
2014/07/26,01,10,,,3,6,,
2014/07/26,02,11,,,3,7,,
2014/07/26,03,11,,,3,7,,
2014/07/26,04,11,,,3,7,,
2014/07/26,05,11,,,3,6,,
2014/07/26,06,11,,,3,6,,
2014/07/26,07,12,,,3,7,,
2014/07/26,08,10,,,3,6,,
2014/07/26,09,22,,,3,17,,
2014/07/26,10,88,,,29,57,,
2014/07/26,11,182,,,61,117,,
2014/07/26,12,191,,,71,118,,
2014/07/26,13,200,,,79,117,,
2014/07/26,14,214,,,93,118,,
2014/07/26,15,211,,,90,117,,
2014/07/26,16,200,,,79,117,,
2014/07/26,17,208,,,88,117,,
2014/07/26,18,183,,,64,116,,
2014/07/26,19,177,,,58,117,,
2014/07/26,20,172,,,48,121,,
2014/07/26,21,161,,,37,122,,
2014/07/26,22,27,,,4,22,,
2014/07/26,23,11,,,3,6,,
2014/07/26,24,11,,,3,7,,
2014/07/27,01,10,,,3,6,,
2014/07/27,02,12,,,3,7,,
2014/07/27,03,10,,,3,6,,
2014/07/27,04,11,,,3,6,,
2014/07/27,05,11,,,3,6,,
2014/07/27,06,10,,,3,6,,
2014/07/27,07,11,,,3,7,,
2014/07/27,08,11,,,3,6,,
2014/07/27,09,26,,,5,18,,
2014/07/27,10,72,,,12,58,,
2014/07/27,11,172,,,52,117,,
2014/07/27,12,163,,,44,117,,
2014/07/27,13,175,,,56,116,,
2014/07/27,14,180,,,60,117,,
2014/07/27,15,173,,,53,117,,
2014/07/27,16,168,,,49,117,,
2014/07/27,17,175,,,55,117,,
2014/07/27,18,158,,,38,117,,
2014/07/27,19,158,,,37,119,,
2014/07/27,20,155,,,31,122,,
2014/07/27,21,142,,,18,122,,
2014/07/27,22,69,,,12,56,,
2014/07/27,23,10,,,3,6,,
2014/07/27,24,10,,,3,6,,
2014/07/28,01,11,,,3,6,,
2014/07/28,02,10,,,3,6,,
2014/07/28,03,11,,,3,6,,
2014/07/28,04,10,,,3,6,,
2014/07/28,05,10,,,3,6,,
2014/07/28,06,11,,,3,6,,
2014/07/28,07,10,,,3,6,,
2014/07/28,08,11,,,3,6,,
2014/07/28,09,24,,,5,17,,
2014/07/28,10,61,,,10,49,,
2014/07/28,11,156,,,36,117,,
2014/07/28,12,168,,,48,117,,
2014/07/28,13,173,,,54,116,,
2014/07/28,14,169,,,54,113,,
2014/07/28,15,170,,,53,114,,
2014/07/28,16,169,,,52,114,,
2014/07/28,17,167,,,51,113,,
2014/07/28,18,163,,,46,114,,
2014/07/28,19,159,,,39,117,,
2014/07/28,20,156,,,33,120,,
2014/07/28,21,142,,,21,120,,
2014/07/28,22,41,,,5,34,,
2014/07/28,23,10,,,3,6,,
2014/07/28,24,11,,,3,6,,
2014/07/29,01,11,,,3,6,,
2014/07/29,02,11,,,3,6,,
2014/07/29,03,11,,,3,6,,
2014/07/29,04,10,,,3,6,,
2014/07/29,05,11,,,3,6,,
2014/07/29,06,11,,,3,6,,
2014/07/29,07,11,,,3,6,,
2014/07/29,08,11,,,3,7,,
2014/07/29,09,48,,,9,38,,
2014/07/29,10,65,,,12,50,,
2014/07/29,11,158,,,40,116,,
2014/07/29,12,169,,,51,114,,
2014/07/29,13,176,,,58,115,,
2014/07/29,14,184,,,68,114,,
2014/07/29,15,189,,,72,113,,
2014/07/29,16,195,,,77,114,,
2014/07/29,17,182,,,66,114,,
2014/07/29,18,171,,,55,113,,
2014/07/29,19,160,,,42,116,,
2014/07/29,20,158,,,35,120,,
2014/07/29,21,140,,,19,120,,
2014/07/29,22,39,,,7,31,,
2014/07/29,23,11,,,3,6,,
2014/07/29,24,11,,,3,6,,
2014/07/30,01,10,,,3,6,,
2014/07/30,02,11,,,3,6,,
2014/07/30,03,10,,,3,6,,
2014/07/30,04,11,,,3,6,,
2014/07/30,05,11,,,3,6,,
2014/07/30,06,10,,,3,6,,
2014/07/30,07,11,,,3,6,,
2014/07/30,08,11,,,3,6,,
2014/07/30,09,28,,,6,21,,
2014/07/30,10,70,,,10,58,,
2014/07/30,11,154,,,34,117,,
2014/07/30,12,178,,,59,115,,
2014/07/30,13,188,,,68,117,,
2014/07/30,14,189,,,72,114,,
2014/07/30,15,194,,,76,114,,
2014/07/30,16,192,,,74,115,,
2014/07/30,17,188,,,69,115,,
2014/07/30,18,171,,,54,114,,
2014/07/30,19,165,,,46,116,,
2014/07/30,20,161,,,37,120,,
2014/07/30,21,147,,,25,120,,
2014/07/30,22,32,,,6,23,,
2014/07/30,23,10,,,3,6,,
2014/07/30,24,11,,,3,6,,
2014/07/31,01,10,,,3,6,,
2014/07/31,02,11,,,3,6,,
2014/07/31,03,10,,,3,6,,
2014/07/31,04,11,,,3,6,,
2014/07/31,05,10,,,3,6,,
2014/07/31,06,11,,,3,6,,
2014/07/31,07,11,,,3,6,,
2014/07/31,08,10,,,3,6,,
2014/07/31,09,23,,,5,16,,
2014/07/31,10,72,,,12,58,,
2014/07/31,11,159,,,39,117,,
2014/07/31,12,174,,,56,116,,
2014/07/31,13,184,,,64,116,,
2014/07/31,14,191,,,73,114,,
2014/07/31,15,192,,,75,114,,
2014/07/31,16,190,,,72,115,,
2014/07/31,17,183,,,64,115,,
2014/07/31,18,175,,,56,115,,
2014/07/31,19,170,,,51,117,,
2014/07/31,20,166,,,42,121,,
2014/07/31,21,148,,,26,120,,
2014/07/31,22,50,,,7,41,,
2014/07/31,23,10,,,3,6,,
2014/07/31,24,11,,,3,6,,
2014/08/01,01,11,,,3,6,,
2014/08/01,02,10,,,3,6,,
2014/08/01,03,11,,,3,7,,
2014/08/01,04,11,,,3,6,,
2014/08/01,05,11,,,3,6,,
2014/08/01,06,10,,,3,6,,
2014/08/01,07,11,,,3,7,,
2014/08/01,08,11,,,3,6,,
2014/08/01,09,23,,,5,16,,
2014/08/01,10,76,,,19,55,,
2014/08/01,11,172,,,53,116,,
2014/08/01,12,181,,,62,116,,
2014/08/01,13,186,,,68,115,,
2014/08/01,14,164,,,48,114,,
2014/08/01,15,175,,,58,114,,
2014/08/01,16,187,,,70,115,,
2014/08/01,17,201,,,83,114,,
2014/08/01,18,177,,,60,114,,
2014/08/01,19,173,,,55,115,,
2014/08/01,20,168,,,45,120,,
2014/08/01,21,156,,,34,119,,
2014/08/01,22,30,,,6,22,,
2014/08/01,23,10,,,3,6,,
2014/08/01,24,11,,,3,6,,
2014/08/02,01,10,,,3,6,,
2014/08/02,02,11,,,3,6,,
2014/08/02,03,11,,,3,6,,
2014/08/02,04,10,,,3,6,,
2014/08/02,05,11,,,3,6,,
2014/08/02,06,10,,,3,6,,
2014/08/02,07,11,,,3,6,,
2014/08/02,08,10,,,3,6,,
2014/08/02,09,56,,,17,37,,
2014/08/02,10,102,,,44,56,,
2014/08/02,11,194,,,74,117,,
2014/08/02,12,200,,,79,117,,
2014/08/02,13,205,,,84,117,,
2014/08/02,14,232,,,110,118,,
2014/08/02,15,222,,,100,117,,
2014/08/02,16,214,,,94,117,,
2014/08/02,17,202,,,82,116,,
2014/08/02,18,200,,,80,116,,
2014/08/02,19,191,,,70,118,,
2014/08/02,20,181,,,56,122,,
2014/08/02,21,145,,,20,123,,
2014/08/02,22,31,,,7,22,,
2014/08/02,23,10,,,3,6,,
2014/08/02,24,11,,,3,6,,
2014/08/03,01,11,,,3,6,,
2014/08/03,02,11,,,3,7,,
2014/08/03,03,11,,,3,6,,
2014/08/03,04,11,,,3,6,,
2014/08/03,05,10,,,3,6,,
2014/08/03,06,11,,,3,6,,
2014/08/03,07,11,,,3,7,,
2014/08/03,08,11,,,3,6,,
2014/08/03,09,24,,,5,17,,
2014/08/03,10,83,,,26,56,,
2014/08/03,11,191,,,70,118,,
2014/08/03,12,206,,,84,118,,
2014/08/03,13,212,,,90,118,,
2014/08/03,14,218,,,95,118,,
2014/08/03,15,218,,,97,118,,
2014/08/03,16,219,,,98,117,,
2014/08/03,17,213,,,92,118,,
2014/08/03,18,209,,,88,117,,
2014/08/03,19,198,,,76,118,,
2014/08/03,20,187,,,62,122,,
2014/08/03,21,160,,,38,120,,
2014/08/03,22,24,,,3,19,,
2014/08/03,23,11,,,3,6,,
2014/08/03,24,11,,,3,6,,
2014/08/04,01,10,,,3,6,,
2014/08/04,02,11,,,3,6,,
2014/08/04,03,11,,,3,6,,
2014/08/04,04,11,,,3,6,,
2014/08/04,05,10,,,3,6,,
2014/08/04,06,11,,,3,6,,
2014/08/04,07,11,,,3,6,,
2014/08/04,08,11,,,3,6,,
2014/08/04,09,49,,,23,24,,
2014/08/04,10,109,,,52,56,,
2014/08/04,11,202,,,80,118,,
2014/08/04,12,210,,,89,117,,
2014/08/04,13,214,,,93,118,,
2014/08/04,14,211,,,91,115,,
2014/08/04,15,196,,,78,115,,
2014/08/04,16,189,,,71,115,,
2014/08/04,17,183,,,65,115,,
2014/08/04,18,181,,,61,116,,
2014/08/04,19,174,,,55,116,,
2014/08/04,20,176,,,52,120,,
2014/08/04,21,157,,,34,120,,
2014/08/04,22,47,,,6,39,,
2014/08/04,23,11,,,3,6,,
2014/08/04,24,11,,,3,6,,
2014/08/05,01,10,,,3,6,,
2014/08/05,02,11,,,3,6,,
2014/08/05,03,12,,,3,7,,
2014/08/05,04,10,,,3,6,,
2014/08/05,05,11,,,3,6,,
2014/08/05,06,11,,,3,6,,
2014/08/05,07,11,,,3,7,,
2014/08/05,08,11,,,3,6,,
2014/08/05,09,40,,,9,30,,
2014/08/05,10,86,,,34,50,,
2014/08/05,11,192,,,73,116,,
2014/08/05,12,208,,,89,115,,
2014/08/05,13,204,,,85,115,,
2014/08/05,14,204,,,87,114,,
2014/08/05,15,205,,,86,114,,
2014/08/05,16,221,,,103,114,,
2014/08/05,17,224,,,106,115,,
2014/08/05,18,209,,,91,114,,
2014/08/05,19,189,,,70,115,,
2014/08/05,20,195,,,72,120,,
2014/08/05,21,152,,,29,120,,
2014/08/05,22,33,,,5,26,,
2014/08/05,23,11,,,3,6,,
2014/08/05,24,11,,,3,7,,
2014/08/06,01,11,,,3,6,,
2014/08/06,02,12,,,3,7,,
2014/08/06,03,11,,,3,7,,
2014/08/06,04,11,,,3,7,,
2014/08/06,05,12,,,3,7,,
2014/08/06,06,11,,,3,6,,
2014/08/06,07,11,,,3,7,,
2014/08/06,08,12,,,3,7,,
2014/08/06,09,73,,,46,26,,
2014/08/06,10,92,,,34,56,,
2014/08/06,11,208,,,90,115,,
2014/08/06,12,232,,,112,115,,
2014/08/06,13,233,,,113,116,,
2014/08/06,14,214,,,97,113,,
2014/08/06,15,250,,,130,114,,
2014/08/06,16,236,,,118,114,,
2014/08/06,17,246,,,126,115,,
2014/08/06,18,209,,,91,114,,
2014/08/06,19,191,,,72,116,,
2014/08/06,20,201,,,76,121,,
2014/08/06,21,154,,,31,120,,
2014/08/06,22,32,,,6,24,,
2014/08/06,23,11,,,3,6,,
2014/08/06,24,10,,,3,6,,
2014/08/07,01,11,,,3,6,,
2014/08/07,02,11,,,3,6,,
2014/08/07,03,11,,,3,6,,
2014/08/07,04,11,,,3,6,,
2014/08/07,05,11,,,3,6,,
2014/08/07,06,10,,,3,6,,
2014/08/07,07,11,,,3,7,,
2014/08/07,08,11,,,3,6,,
2014/08/07,09,61,,,28,31,,
2014/08/07,10,115,,,56,56,,
2014/08/07,11,199,,,82,115,,
2014/08/07,12,216,,,97,115,,
2014/08/07,13,228,,,110,115,,
2014/08/07,14,217,,,100,113,,
2014/08/07,15,185,,,68,114,,
2014/08/07,16,162,,,45,114,,
2014/08/07,17,166,,,48,115,,
2014/08/07,18,155,,,38,115,,
2014/08/07,19,166,,,47,116,,
2014/08/07,20,167,,,44,121,,
2014/08/07,21,142,,,18,121,,
2014/08/07,22,42,,,6,35,,
2014/08/07,23,11,,,3,6,,
2014/08/07,24,11,,,3,6,,
2014/08/08,01,11,,,3,6,,
2014/08/08,02,11,,,3,7,,
2014/08/08,03,12,,,3,7,,
2014/08/08,04,10,,,3,6,,
2014/08/08,05,11,,,3,6,,
2014/08/08,06,11,,,3,6,,
2014/08/08,07,11,,,3,7,,
2014/08/08,08,11,,,3,7,,
2014/08/08,09,22,,,4,16,,
2014/08/08,10,65,,,11,52,,
2014/08/08,11,149,,,32,115,,
2014/08/08,12,157,,,40,114,,
2014/08/08,13,156,,,39,114,,
2014/08/08,14,156,,,40,114,,
2014/08/08,15,148,,,32,114,,
2014/08/08,16,146,,,29,115,,
2014/08/08,17,142,,,25,114,,
2014/08/08,18,141,,,24,115,,
2014/08/08,19,140,,,22,116,,
2014/08/08,20,144,,,22,120,,
2014/08/08,21,138,,,17,119,,
2014/08/08,22,51,,,8,41,,
2014/08/08,23,10,,,3,6,,
2014/08/08,24,11,,,3,6,,
2014/08/09,01,10,,,3,6,,
2014/08/09,02,11,,,3,6,,
2014/08/09,03,10,,,3,6,,
2014/08/09,04,11,,,3,6,,
2014/08/09,05,10,,,3,6,,
2014/08/09,06,11,,,3,6,,
2014/08/09,07,10,,,3,6,,
2014/08/09,08,11,,,3,6,,
2014/08/09,09,24,,,5,18,,
2014/08/09,10,69,,,10,57,,
2014/08/09,11,129,,,14,114,,
2014/08/09,12,141,,,25,113,,
2014/08/09,13,141,,,25,113,,
2014/08/09,14,144,,,29,114,,
2014/08/09,15,143,,,26,115,,
2014/08/09,16,148,,,29,116,,
2014/08/09,17,141,,,24,115,,
2014/08/09,18,143,,,25,116,,
2014/08/09,19,145,,,26,117,,
2014/08/09,20,145,,,22,121,,
2014/08/09,21,142,,,19,120,,
2014/08/09,22,37,,,7,29,,
2014/08/09,23,11,,,3,6,,
2014/08/09,24,11,,,3,7,,
2014/08/10,01,11,,,3,6,,
2014/08/10,02,11,,,3,7,,
2014/08/10,03,11,,,3,6,,
2014/08/10,04,11,,,3,7,,
2014/08/10,05,11,,,3,6,,
2014/08/10,06,11,,,3,6,,
2014/08/10,07,12,,,3,7,,
2014/08/10,08,11,,,3,7,,
2014/08/10,09,23,,,3,19,,
2014/08/10,10,61,,,3,56,,
2014/08/10,11,132,,,14,116,,
2014/08/10,12,131,,,14,116,,
2014/08/10,13,133,,,14,116,,
2014/08/10,14,134,,,16,116,,
2014/08/10,15,135,,,17,116,,
2014/08/10,16,150,,,31,116,,
2014/08/10,17,153,,,34,117,,
2014/08/10,18,154,,,35,117,,
2014/08/10,19,156,,,35,118,,
2014/08/10,20,151,,,26,122,,
2014/08/10,21,148,,,25,121,,
2014/08/10,22,31,,,4,25,,
2014/08/10,23,10,,,3,6,,
2014/08/10,24,11,,,3,6,,
2014/08/11,01,10,,,3,6,,
2014/08/11,02,11,,,3,6,,
2014/08/11,03,10,,,3,6,,
2014/08/11,04,11,,,3,6,,
2014/08/11,05,10,,,3,6,,
2014/08/11,06,11,,,3,6,,
2014/08/11,07,11,,,3,6,,
2014/08/11,08,11,,,3,6,,
2014/08/11,09,26,,,6,20,,
2014/08/11,10,61,,,10,48,,
2014/08/11,11,156,,,37,117,,
2014/08/11,12,175,,,56,116,,
2014/08/11,13,175,,,56,116,,
2014/08/11,14,177,,,59,115,,
2014/08/11,15,164,,,46,116,,
2014/08/11,16,186,,,67,116,,
2014/08/11,17,165,,,46,117,,
2014/08/11,18,174,,,55,116,,
2014/08/11,19,149,,,29,118,,
2014/08/11,20,157,,,32,122,,
2014/08/11,21,145,,,22,121,,
2014/08/11,22,54,,,8,45,,
2014/08/11,23,11,,,3,6,,
2014/08/11,24,11,,,3,7,,
2014/08/12,01,11,,,3,6,,
2014/08/12,02,11,,,3,6,,
2014/08/12,03,11,,,3,7,,
2014/08/12,04,10,,,3,6,,
2014/08/12,05,11,,,3,7,,
2014/08/12,06,10,,,3,6,,
2014/08/12,07,11,,,3,7,,
2014/08/12,08,11,,,3,6,,
2014/08/12,09,21,,,3,16,,
2014/08/12,10,59,,,10,48,,
2014/08/12,11,139,,,19,117,,
2014/08/12,12,148,,,30,116,,
2014/08/12,13,162,,,44,116,,
2014/08/12,14,156,,,39,114,,
2014/08/12,15,152,,,36,114,,
2014/08/12,16,151,,,35,114,,
2014/08/12,17,144,,,28,114,,
2014/08/12,18,149,,,32,114,,
2014/08/12,19,142,,,26,114,,
2014/08/12,20,148,,,26,119,,
2014/08/12,21,142,,,20,120,,
2014/08/12,22,25,,,3,21,,
2014/08/12,23,11,,,3,6,,
2014/08/12,24,12,,,3,7,,
2014/08/13,01,11,,,3,6,,
2014/08/13,02,11,,,3,7,,
2014/08/13,03,12,,,3,7,,
2014/08/13,04,11,,,3,7,,
2014/08/13,05,11,,,3,7,,
2014/08/13,06,12,,,3,7,,
2014/08/13,07,11,,,3,7,,
2014/08/13,08,12,,,3,7,,
2014/08/13,09,22,,,3,17,,
2014/08/13,10,61,,,4,55,,
2014/08/13,11,157,,,39,117,,
2014/08/13,12,177,,,58,116,,
2014/08/13,13,200,,,80,116,,
2014/08/13,14,199,,,80,115,,
2014/08/13,15,199,,,80,116,,
2014/08/13,16,175,,,56,115,,
2014/08/13,17,183,,,64,116,,
2014/08/13,18,178,,,60,115,,
2014/08/13,19,166,,,47,117,,
2014/08/13,20,170,,,46,120,,
2014/08/13,21,151,,,29,120,,
2014/08/13,22,38,,,4,33,,
2014/08/13,23,11,,,3,6,,
2014/08/13,24,11,,,3,6,,
2014/08/14,01,11,,,3,6,,
2014/08/14,02,10,,,3,6,,
2014/08/14,03,12,,,3,7,,
2014/08/14,04,11,,,3,6,,
2014/08/14,05,10,,,3,6,,
2014/08/14,06,11,,,3,7,,
2014/08/14,07,11,,,3,6,,
2014/08/14,08,10,,,3,6,,
2014/08/14,09,26,,,5,18,,
2014/08/14,10,68,,,10,56,,
2014/08/14,11,152,,,32,118,,
2014/08/14,12,158,,,38,118,,
2014/08/14,13,164,,,44,117,,
2014/08/14,14,161,,,42,116,,
2014/08/14,15,166,,,48,116,,
2014/08/14,16,167,,,48,116,,
2014/08/14,17,164,,,46,116,,
2014/08/14,18,159,,,40,116,,
2014/08/14,19,157,,,37,118,,
2014/08/14,20,156,,,33,121,,
2014/08/14,21,146,,,23,120,,
2014/08/14,22,27,,,5,20,,
2014/08/14,23,12,,,4,6,,
2014/08/14,24,11,,,4,6,,
2014/08/15,01,11,,,4,6,,
2014/08/15,02,12,,,4,7,,
2014/08/15,03,12,,,4,6,,
2014/08/15,04,11,,,4,6,,
2014/08/15,05,12,,,4,6,,
2014/08/15,06,11,,,4,6,,
2014/08/15,07,12,,,4,6,,
2014/08/15,08,12,,,4,6,,
2014/08/15,09,43,,,10,32,,
2014/08/15,10,67,,,14,52,,
2014/08/15,11,138,,,18,118,,
2014/08/15,12,141,,,22,116,,
2014/08/15,13,143,,,24,117,,
2014/08/15,14,140,,,23,115,,
2014/08/15,15,144,,,25,116,,
2014/08/15,16,145,,,27,116,,
2014/08/15,17,145,,,26,116,,
2014/08/15,18,145,,,27,116,,
2014/08/15,19,144,,,23,120,,
2014/08/15,20,146,,,22,122,,
2014/08/15,21,142,,,19,121,,
2014/08/15,22,30,,,5,24,,
2014/08/15,23,12,,,4,6,,
2014/08/15,24,11,,,4,6,,
2014/08/16,01,12,,,4,6,,
2014/08/16,02,11,,,4,6,,
2014/08/16,03,12,,,4,7,,
2014/08/16,04,12,,,4,6,,
2014/08/16,05,11,,,4,6,,
2014/08/16,06,11,,,4,6,,
2014/08/16,07,12,,,4,6,,
2014/08/16,08,12,,,4,6,,
2014/08/16,09,34,,,8,25,,
2014/08/16,10,74,,,14,58,,
2014/08/16,11,133,,,15,116,,
2014/08/16,12,135,,,17,117,,
2014/08/16,13,142,,,22,118,,
2014/08/16,14,146,,,27,117,,
2014/08/16,15,143,,,24,118,,
2014/08/16,16,142,,,23,117,,
2014/08/16,17,145,,,25,117,,
2014/08/16,18,145,,,27,117,,
2014/08/16,19,148,,,24,121,,
2014/08/16,20,147,,,23,122,,
2014/08/16,21,144,,,19,122,,
2014/08/16,22,26,,,4,20,,
2014/08/16,23,12,,,4,7,,
2014/08/16,24,12,,,4,6,,
2014/08/17,01,11,,,4,7,,
2014/08/17,02,12,,,4,6,,
2014/08/17,03,12,,,4,7,,
2014/08/17,04,12,,,4,6,,
2014/08/17,05,12,,,4,6,,
2014/08/17,06,11,,,4,7,,
2014/08/17,07,12,,,4,6,,
2014/08/17,08,13,,,4,7,,
2014/08/17,09,22,,,4,18,,
2014/08/17,10,65,,,9,53,,
2014/08/17,11,131,,,12,117,,
2014/08/17,12,131,,,12,117,,
2014/08/17,13,134,,,14,118,,
2014/08/17,14,141,,,21,118,,
2014/08/17,15,152,,,33,117,,
2014/08/17,16,163,,,43,118,,
2014/08/17,17,147,,,27,118,,
2014/08/17,18,146,,,26,118,,
2014/08/17,19,155,,,32,121,,
2014/08/17,20,153,,,29,123,,
2014/08/17,21,138,,,16,120,,
2014/08/17,22,31,,,6,24,,
2014/08/17,23,11,,,3,6,,
2014/08/17,24,10,,,3,6,,
2014/08/18,01,11,,,3,6,,
2014/08/18,02,10,,,3,6,,
2014/08/18,03,11,,,3,6,,
2014/08/18,04,11,,,3,6,,
2014/08/18,05,10,,,3,6,,
2014/08/18,06,11,,,3,6,,
2014/08/18,07,11,,,3,6,,
2014/08/18,08,10,,,3,6,,
2014/08/18,09,41,,,7,32,,
2014/08/18,10,59,,,9,48,,
2014/08/18,11,143,,,24,117,,
2014/08/18,12,165,,,48,114,,
2014/08/18,13,172,,,55,115,,
2014/08/18,14,180,,,62,114,,
2014/08/18,15,178,,,62,114,,
2014/08/18,16,178,,,60,114,,
2014/08/18,17,176,,,59,114,,
2014/08/18,18,172,,,56,114,,
2014/08/18,19,174,,,52,119,,
2014/08/18,20,167,,,44,121,,
2014/08/18,21,146,,,24,119,,
2014/08/18,22,28,,,4,22,,
2014/08/18,23,11,,,3,6,,
2014/08/18,24,10,,,3,6,,
2014/08/19,01,11,,,3,6,,
2014/08/19,02,11,,,3,7,,
2014/08/19,03,10,,,3,6,,
2014/08/19,04,11,,,3,6,,
2014/08/19,05,10,,,3,6,,
2014/08/19,06,11,,,3,6,,
2014/08/19,07,11,,,3,6,,
2014/08/19,08,11,,,3,6,,
2014/08/19,09,49,,,9,39,,
2014/08/19,10,66,,,11,53,,
2014/08/19,11,151,,,35,114,,
2014/08/19,12,164,,,48,114,,
2014/08/19,13,181,,,63,116,,
2014/08/19,14,188,,,72,113,,
2014/08/19,15,196,,,78,114,,
2014/08/19,16,230,,,111,115,,
2014/08/19,17,265,,,146,114,,
2014/08/19,18,249,,,130,115,,
2014/08/19,19,217,,,95,118,,
2014/08/19,20,189,,,67,120,,
2014/08/19,21,174,,,53,118,,
2014/08/19,22,27,,,6,19,,
2014/08/19,23,11,,,3,6,,
2014/08/19,24,10,,,3,6,,
2014/08/20,01,11,,,3,6,,
2014/08/20,02,10,,,3,6,,
2014/08/20,03,11,,,3,6,,
2014/08/20,04,11,,,3,6,,
2014/08/20,05,10,,,3,6,,
2014/08/20,06,11,,,3,6,,
2014/08/20,07,10,,,3,6,,
2014/08/20,08,11,,,3,6,,
2014/08/20,09,39,,,15,21,,
2014/08/20,10,118,,,64,52,,
2014/08/20,11,215,,,96,117,,
2014/08/20,12,254,,,134,115,,
2014/08/20,13,250,,,130,116,,
2014/08/20,14,242,,,124,114,,
2014/08/20,15,231,,,112,115,,
2014/08/20,16,223,,,104,115,,
2014/08/20,17,215,,,97,115,,
2014/08/20,18,218,,,100,115,,
2014/08/20,19,188,,,66,118,,
2014/08/20,20,177,,,54,121,,
2014/08/20,21,183,,,59,121,,
2014/08/20,22,53,,,9,42,,
2014/08/20,23,11,,,3,6,,
2014/08/20,24,10,,,3,6,,
2014/08/21,01,11,,,3,6,,
2014/08/21,02,11,,,3,6,,
2014/08/21,03,11,,,3,6,,
2014/08/21,04,11,,,3,6,,
2014/08/21,05,10,,,3,6,,
2014/08/21,06,11,,,3,6,,
2014/08/21,07,11,,,3,6,,
2014/08/21,08,11,,,3,7,,
2014/08/21,09,26,,,6,19,,
2014/08/21,10,70,,,11,57,,
2014/08/21,11,155,,,35,117,,
2014/08/21,12,171,,,52,117,,
2014/08/21,13,176,,,57,116,,
2014/08/21,14,187,,,70,115,,
2014/08/21,15,196,,,77,115,,
2014/08/21,16,196,,,78,115,,
2014/08/21,17,181,,,64,115,,
2014/08/21,18,167,,,49,114,,
2014/08/21,19,172,,,51,119,,
2014/08/21,20,183,,,60,120,,
2014/08/21,21,157,,,35,119,,
2014/08/21,22,35,,,4,29,,
2014/08/21,23,10,,,3,6,,
2014/08/21,24,10,,,3,6,,
2014/08/22,01,11,,,3,6,,
2014/08/22,02,11,,,3,6,,
2014/08/22,03,11,,,3,7,,
2014/08/22,04,10,,,3,6,,
2014/08/22,05,11,,,3,6,,
2014/08/22,06,11,,,3,6,,
2014/08/22,07,10,,,3,6,,
2014/08/22,08,11,,,3,6,,
2014/08/22,09,21,,,4,15,,
2014/08/22,10,69,,,11,57,,
2014/08/22,11,150,,,31,116,,
2014/08/22,12,161,,,44,116,,
2014/08/22,13,182,,,63,116,,
2014/08/22,14,193,,,76,113,,
2014/08/22,15,197,,,78,115,,
2014/08/22,16,207,,,89,114,,
2014/08/22,17,193,,,76,114,,
2014/08/22,18,187,,,68,115,,
2014/08/22,19,166,,,46,118,,
2014/08/22,20,163,,,41,120,,
2014/08/22,21,146,,,24,120,,
2014/08/22,22,46,,,5,40,,
2014/08/22,23,11,,,3,6,,
2014/08/22,24,11,,,3,7,,
2014/08/23,01,11,,,3,6,,
2014/08/23,02,11,,,3,7,,
2014/08/23,03,11,,,3,7,,
2014/08/23,04,11,,,3,6,,
2014/08/23,05,11,,,3,7,,
2014/08/23,06,11,,,3,6,,
2014/08/23,07,11,,,3,7,,
2014/08/23,08,11,,,3,7,,
2014/08/23,09,25,,,3,20,,
2014/08/23,10,66,,,10,54,,
2014/08/23,11,187,,,68,116,,
2014/08/23,12,225,,,106,116,,
2014/08/23,13,221,,,101,116,,
2014/08/23,14,237,,,117,116,,
2014/08/23,15,252,,,131,116,,
2014/08/23,16,252,,,132,116,,
2014/08/23,17,239,,,119,116,,
2014/08/23,18,211,,,92,116,,
2014/08/23,19,206,,,82,120,,
2014/08/23,20,178,,,55,120,,
2014/08/23,21,167,,,45,120,,
2014/08/23,22,24,,,3,19,,
2014/08/23,23,11,,,3,6,,
2014/08/23,24,10,,,3,6,,
2014/08/24,01,11,,,3,6,,
2014/08/24,02,10,,,3,6,,
2014/08/24,03,11,,,3,7,,
2014/08/24,04,11,,,3,6,,
2014/08/24,05,11,,,3,6,,
2014/08/24,06,10,,,3,6,,
2014/08/24,07,11,,,3,6,,
2014/08/24,08,10,,,3,6,,
2014/08/24,09,36,,,6,27,,
2014/08/24,10,72,,,13,57,,
2014/08/24,11,187,,,67,116,,
2014/08/24,12,196,,,76,117,,
2014/08/24,13,210,,,90,117,,
2014/08/24,14,213,,,94,116,,
2014/08/24,15,212,,,93,116,,
2014/08/24,16,214,,,94,116,,
2014/08/24,17,209,,,89,117,,
2014/08/24,18,187,,,67,117,,
2014/08/24,19,179,,,54,122,,
2014/08/24,20,173,,,48,123,,
2014/08/24,21,156,,,32,123,,
2014/08/24,22,28,,,6,21,,
2014/08/24,23,10,,,3,6,,
2014/08/24,24,11,,,3,7,,
2014/08/25,01,11,,,3,6,,
2014/08/25,02,11,,,3,7,,
2014/08/25,03,10,,,3,6,,
2014/08/25,04,11,,,3,7,,
2014/08/25,05,10,,,3,6,,
2014/08/25,06,11,,,3,6,,
2014/08/25,07,11,,,3,6,,
2014/08/25,08,11,,,3,6,,
2014/08/25,09,50,,,15,33,,
2014/08/25,10,81,,,24,56,,
2014/08/25,11,176,,,57,117,,
2014/08/25,12,197,,,77,116,,
2014/08/25,13,204,,,85,116,,
2014/08/25,14,194,,,76,114,,
2014/08/25,15,210,,,93,114,,
2014/08/25,16,198,,,79,115,,
2014/08/25,17,191,,,73,115,,
2014/08/25,18,182,,,64,115,,
2014/08/25,19,169,,,47,120,,
2014/08/25,20,171,,,47,121,,
2014/08/25,21,163,,,40,121,,
2014/08/25,22,58,,,6,50,,
2014/08/25,23,10,,,3,6,,
2014/08/25,24,11,,,3,6,,
2014/08/26,01,11,,,3,6,,
2014/08/26,02,11,,,3,7,,
2014/08/26,03,10,,,3,6,,
2014/08/26,04,11,,,3,7,,
2014/08/26,05,11,,,3,6,,
2014/08/26,06,11,,,3,7,,
2014/08/26,07,11,,,3,6,,
2014/08/26,08,11,,,3,7,,
2014/08/26,09,27,,,3,22,,
2014/08/26,10,68,,,7,60,,
2014/08/26,11,147,,,28,117,,
2014/08/26,12,155,,,37,116,,
2014/08/26,13,154,,,35,117,,
2014/08/26,14,153,,,34,116,,
2014/08/26,15,151,,,34,115,,
2014/08/26,16,149,,,31,116,,
2014/08/26,17,148,,,30,116,,
2014/08/26,18,144,,,27,116,,
2014/08/26,19,149,,,26,120,,
2014/08/26,20,147,,,24,121,,
2014/08/26,21,145,,,21,121,,
2014/08/26,22,127,,,20,106,,
2014/08/26,23,123,,,19,102,,
2014/08/26,24,123,,,20,102,,
2014/08/27,01,125,,,20,103,,
2014/08/27,02,124,,,20,103,,
2014/08/27,03,124,,,20,102,,
2014/08/27,04,123,,,20,102,,
2014/08/27,05,64,,,11,51,,
2014/08/27,06,11,,,3,6,,
2014/08/27,07,10,,,3,6,,
2014/08/27,08,11,,,3,6,,
2014/08/27,09,22,,,3,17,,
2014/08/27,10,61,,,4,55,,
2014/08/27,11,135,,,20,112,,
2014/08/27,12,142,,,27,112,,
2014/08/27,13,143,,,28,113,,
2014/08/27,14,140,,,29,110,,
2014/08/27,15,140,,,28,110,,
2014/08/27,16,139,,,26,111,,
2014/08/27,17,139,,,25,112,,
2014/08/27,18,137,,,23,112,,
2014/08/27,19,139,,,21,117,,
2014/08/27,20,140,,,20,118,,
2014/08/27,21,137,,,18,117,,
2014/08/27,22,38,,,4,32,,
2014/08/27,23,10,,,3,6,,
2014/08/27,24,10,,,3,6,,
2014/08/28,01,11,,,3,6,,
2014/08/28,02,11,,,3,7,,
2014/08/28,03,10,,,3,6,,
2014/08/28,04,11,,,3,6,,
2014/08/28,05,10,,,3,6,,
2014/08/28,06,10,,,3,6,,
2014/08/28,07,11,,,3,6,,
2014/08/28,08,11,,,3,6,,
2014/08/28,09,22,,,3,18,,
2014/08/28,10,60,,,3,56,,
2014/08/28,11,121,,,4,115,,
2014/08/28,12,120,,,4,115,,
2014/08/28,13,119,,,4,114,,
2014/08/28,14,119,,,4,112,,
2014/08/28,15,127,,,11,114,,
2014/08/28,16,142,,,26,114,,
2014/08/28,17,142,,,26,115,,
2014/08/28,18,140,,,24,114,,
2014/08/28,19,142,,,22,118,,
2014/08/28,20,144,,,23,119,,
2014/08/28,21,140,,,21,118,,
2014/08/28,22,37,,,7,29,,
2014/08/28,23,11,,,3,6,,
2014/08/28,24,10,,,3,6,,
2014/08/29,01,11,,,3,6,,
2014/08/29,02,10,,,3,6,,
2014/08/29,03,11,,,3,7,,
2014/08/29,04,11,,,3,6,,
2014/08/29,05,10,,,3,6,,
2014/08/29,06,10,,,3,6,,
2014/08/29,07,11,,,3,6,,
2014/08/29,08,11,,,3,6,,
2014/08/29,09,22,,,3,17,,
2014/08/29,10,59,,,3,55,,
2014/08/29,11,127,,,13,112,,
2014/08/29,12,127,,,13,112,,
2014/08/29,13,129,,,13,115,,
2014/08/29,14,128,,,13,113,,
2014/08/29,15,128,,,13,114,,
2014/08/29,16,144,,,27,114,,
2014/08/29,17,163,,,47,114,,
2014/08/29,18,152,,,36,114,,
2014/08/29,19,143,,,22,119,,
2014/08/29,20,134,,,12,120,,
2014/08/29,21,133,,,12,119,,
2014/08/29,22,25,,,3,20,,
2014/08/29,23,10,,,3,6,,
2014/08/29,24,10,,,3,6,,
2014/08/30,01,11,,,3,6,,
2014/08/30,02,10,,,3,6,,
2014/08/30,03,11,,,3,6,,
2014/08/30,04,11,,,3,6,,
2014/08/30,05,10,,,3,6,,
2014/08/30,06,10,,,3,6,,
2014/08/30,07,10,,,3,6,,
2014/08/30,08,11,,,3,6,,
2014/08/30,09,19,,,3,15,,
2014/08/30,10,60,,,3,54,,
2014/08/30,11,135,,,18,116,,
2014/08/30,12,140,,,23,115,,
2014/08/30,13,148,,,31,115,,
2014/08/30,14,150,,,33,115,,
2014/08/30,15,152,,,34,115,,
2014/08/30,16,155,,,37,116,,
2014/08/30,17,154,,,36,116,,
2014/08/30,18,150,,,33,115,,
2014/08/30,19,152,,,30,119,,
2014/08/30,20,152,,,28,121,,
2014/08/30,21,146,,,24,120,,
2014/08/30,22,27,,,3,22,,
2014/08/30,23,10,,,3,6,,
2014/08/30,24,11,,,3,6,,
2014/08/31,01,10,,,3,6,,
2014/08/31,02,11,,,3,6,,
2014/08/31,03,10,,,3,6,,
2014/08/31,04,11,,,3,6,,
2014/08/31,05,10,,,3,6,,
2014/08/31,06,11,,,3,6,,
2014/08/31,07,10,,,3,6,,
2014/08/31,08,11,,,3,6,,
2014/08/31,09,37,,,4,31,,
2014/08/31,10,98,,,10,86,,
2014/08/31,11,157,,,39,116,,
2014/08/31,12,173,,,55,116,,
2014/08/31,13,180,,,62,115,,
2014/08/31,14,180,,,62,115,,
2014/08/31,15,177,,,59,115,,
2014/08/31,16,181,,,63,115,,
2014/08/31,17,176,,,57,117,,
2014/08/31,18,165,,,47,116,,
2014/08/31,19,159,,,36,120,,
2014/08/31,20,154,,,31,122,,
2014/08/31,21,148,,,25,121,,
2014/08/31,22,63,,,10,51,,
2014/08/31,23,11,,,3,6,,
2014/08/31,24,10,,,3,6,,
2014/09/01,01,11,,,3,6,,
2014/09/01,02,10,,,3,6,,
2014/09/01,03,11,,,3,6,,
2014/09/01,04,11,,,3,6,,
2014/09/01,05,10,,,3,6,,
2014/09/01,06,11,,,3,6,,
2014/09/01,07,10,,,3,6,,
2014/09/01,08,11,,,3,6,,
2014/09/01,09,19,,,3,14,,
2014/09/01,10,67,,,8,57,,
2014/09/01,11,130,,,13,115,,
2014/09/01,12,133,,,18,113,,
2014/09/01,13,146,,,32,112,,
2014/09/01,14,153,,,41,110,,
2014/09/01,15,161,,,48,110,,
2014/09/01,16,156,,,43,110,,
2014/09/01,17,149,,,35,112,,
2014/09/01,18,143,,,29,111,,
2014/09/01,19,141,,,24,115,,
2014/09/01,20,149,,,30,117,,
2014/09/01,21,144,,,26,116,,
2014/09/01,22,27,,,5,20,,
2014/09/01,23,10,,,3,6,,
2014/09/01,24,11,,,3,6,,
2014/09/02,01,10,,,3,6,,
2014/09/02,02,11,,,3,6,,
2014/09/02,03,11,,,3,6,,
2014/09/02,04,10,,,3,6,,
2014/09/02,05,11,,,3,6,,
2014/09/02,06,10,,,3,6,,
2014/09/02,07,11,,,3,6,,
2014/09/02,08,10,,,3,6,,
2014/09/02,09,39,,,3,34,,
2014/09/02,10,75,,,16,58,,
2014/09/02,11,140,,,23,115,,
2014/09/02,12,143,,,27,114,,
2014/09/02,13,153,,,35,115,,
2014/09/02,14,162,,,46,114,,
2014/09/02,15,175,,,58,113,,
2014/09/02,16,201,,,85,113,,
2014/09/02,17,181,,,65,114,,
2014/09/02,18,171,,,56,113,,
2014/09/02,19,167,,,45,120,,
2014/09/02,20,158,,,38,118,,
2014/09/02,21,143,,,24,116,,
2014/09/02,22,46,,,8,36,,
2014/09/02,23,11,,,3,6,,
2014/09/02,24,10,,,3,6,,
2014/09/03,01,11,,,3,6,,
2014/09/03,02,10,,,3,6,,
2014/09/03,03,11,,,3,7,,
2014/09/03,04,11,,,3,6,,
2014/09/03,05,10,,,3,6,,
2014/09/03,06,11,,,3,6,,
2014/09/03,07,11,,,3,6,,
2014/09/03,08,11,,,3,7,,
2014/09/03,09,47,,,8,37,,
2014/09/03,10,71,,,16,54,,
2014/09/03,11,145,,,29,114,,
2014/09/03,12,159,,,44,113,,
2014/09/03,13,163,,,46,114,,
2014/09/03,14,162,,,47,113,,
2014/09/03,15,163,,,48,113,,
2014/09/03,16,160,,,45,112,,
2014/09/03,17,155,,,41,113,,
2014/09/03,18,151,,,35,113,,
2014/09/03,19,154,,,33,119,,
2014/09/03,20,150,,,30,119,,
2014/09/03,21,146,,,25,118,,
2014/09/03,22,39,,,6,32,,
2014/09/03,23,11,,,3,7,,
2014/09/03,24,11,,,3,6,,
2014/09/04,01,11,,,3,6,,
2014/09/04,02,11,,,3,7,,
2014/09/04,03,11,,,3,6,,
2014/09/04,04,11,,,3,6,,
2014/09/04,05,10,,,3,6,,
2014/09/04,06,11,,,3,7,,
2014/09/04,07,11,,,3,6,,
2014/09/04,08,11,,,3,6,,
2014/09/04,09,21,,,3,16,,
2014/09/04,10,59,,,7,50,,
2014/09/04,11,129,,,14,114,,
2014/09/04,12,127,,,13,112,,
2014/09/04,13,139,,,23,114,,
2014/09/04,14,137,,,24,112,,
2014/09/04,15,150,,,36,112,,
2014/09/04,16,148,,,34,113,,
2014/09/04,17,147,,,31,114,,
2014/09/04,18,144,,,28,113,,
2014/09/04,19,150,,,29,120,,
2014/09/04,20,147,,,27,119,,
2014/09/04,21,143,,,23,118,,
2014/09/04,22,22,,,3,17,,
2014/09/04,23,10,,,3,6,,
2014/09/04,24,11,,,3,6,,
2014/09/05,01,10,,,3,6,,
2014/09/05,02,10,,,3,6,,
2014/09/05,03,11,,,3,6,,
2014/09/05,04,10,,,3,6,,
2014/09/05,05,11,,,3,6,,
2014/09/05,06,10,,,3,6,,
2014/09/05,07,11,,,3,6,,
2014/09/05,08,10,,,3,6,,
2014/09/05,09,28,,,6,20,,
2014/09/05,10,82,,,20,60,,
2014/09/05,11,137,,,19,117,,
2014/09/05,12,146,,,28,115,,
2014/09/05,13,140,,,22,116,,
2014/09/05,14,141,,,24,115,,
2014/09/05,15,142,,,25,114,,
2014/09/05,16,145,,,27,116,,
2014/09/05,17,141,,,24,115,,
2014/09/05,18,142,,,25,115,,
2014/09/05,19,145,,,22,120,,
2014/09/05,20,141,,,20,120,,
2014/09/05,21,133,,,11,119,,
2014/09/05,22,29,,,3,24,,
2014/09/05,23,11,,,3,7,,
2014/09/05,24,11,,,3,7,,
2014/09/06,01,11,,,3,6,,
2014/09/06,02,12,,,3,7,,
2014/09/06,03,11,,,3,7,,
2014/09/06,04,12,,,3,7,,
2014/09/06,05,11,,,3,7,,
2014/09/06,06,12,,,3,7,,
2014/09/06,07,11,,,3,7,,
2014/09/06,08,12,,,3,7,,
2014/09/06,09,24,,,3,20,,
2014/09/06,10,65,,,4,59,,
2014/09/06,11,133,,,17,115,,
2014/09/06,12,163,,,45,116,,
2014/09/06,13,172,,,53,116,,
2014/09/06,14,174,,,56,116,,
2014/09/06,15,172,,,52,116,,
2014/09/06,16,167,,,48,116,,
2014/09/06,17,165,,,47,115,,
2014/09/06,18,159,,,42,115,,
2014/09/06,19,163,,,40,121,,
2014/09/06,20,165,,,41,121,,
2014/09/06,21,154,,,32,120,,
2014/09/06,22,38,,,7,29,,
2014/09/06,23,10,,,3,6,,
2014/09/06,24,12,,,3,7,,
2014/09/07,01,10,,,3,6,,
2014/09/07,02,11,,,3,7,,
2014/09/07,03,11,,,3,6,,
2014/09/07,04,11,,,3,6,,
2014/09/07,05,11,,,3,6,,
2014/09/07,06,11,,,3,7,,
2014/09/07,07,11,,,3,6,,
2014/09/07,08,11,,,3,7,,
2014/09/07,09,29,,,3,25,,
2014/09/07,10,72,,,12,59,,
2014/09/07,11,151,,,32,116,,
2014/09/07,12,165,,,48,115,,
2014/09/07,13,175,,,57,116,,
2014/09/07,14,177,,,59,115,,
2014/09/07,15,185,,,67,115,,
2014/09/07,16,182,,,63,116,,
2014/09/07,17,179,,,61,115,,
2014/09/07,18,166,,,49,116,,
2014/09/07,19,168,,,43,122,,
2014/09/07,20,157,,,35,120,,
2014/09/07,21,147,,,26,119,,
2014/09/07,22,29,,,5,22,,
2014/09/07,23,11,,,3,7,,
2014/09/07,24,11,,,3,7,,
2014/09/08,01,11,,,3,7,,
2014/09/08,02,11,,,3,7,,
2014/09/08,03,12,,,3,7,,
2014/09/08,04,11,,,3,7,,
2014/09/08,05,11,,,3,7,,
2014/09/08,06,11,,,3,7,,
2014/09/08,07,12,,,3,7,,
2014/09/08,08,11,,,3,7,,
2014/09/08,09,30,,,3,25,,
2014/09/08,10,67,,,7,59,,
2014/09/08,11,145,,,26,116,,
2014/09/08,12,173,,,56,114,,
2014/09/08,13,171,,,54,115,,
2014/09/08,14,189,,,74,112,,
2014/09/08,15,203,,,86,113,,
2014/09/08,16,178,,,61,114,,
2014/09/08,17,192,,,75,114,,
2014/09/08,18,155,,,40,113,,
2014/09/08,19,154,,,32,120,,
2014/09/08,20,154,,,33,120,,
2014/09/08,21,145,,,25,118,,
2014/09/08,22,25,,,4,20,,
2014/09/08,23,11,,,3,6,,
2014/09/08,24,10,,,3,6,,
2014/09/09,01,11,,,3,6,,
2014/09/09,02,10,,,3,6,,
2014/09/09,03,11,,,3,6,,
2014/09/09,04,11,,,3,6,,
2014/09/09,05,10,,,3,6,,
2014/09/09,06,11,,,3,6,,
2014/09/09,07,11,,,3,6,,
2014/09/09,08,10,,,3,6,,
2014/09/09,09,44,,,3,39,,
2014/09/09,10,75,,,11,62,,
2014/09/09,11,154,,,36,116,,
2014/09/09,12,171,,,54,115,,
2014/09/09,13,175,,,57,116,,
2014/09/09,14,179,,,63,113,,
2014/09/09,15,191,,,74,115,,
2014/09/09,16,176,,,58,115,,
2014/09/09,17,172,,,55,114,,
2014/09/09,18,162,,,45,114,,
2014/09/09,19,160,,,38,120,,
2014/09/09,20,156,,,33,120,,
2014/09/09,21,145,,,25,119,,
2014/09/09,22,25,,,4,20,,
2014/09/09,23,11,,,3,6,,
2014/09/09,24,11,,,3,6,,
2014/09/10,01,10,,,3,6,,
2014/09/10,02,12,,,3,7,,
2014/09/10,03,11,,,3,7,,
2014/09/10,04,10,,,3,6,,
2014/09/10,05,11,,,3,7,,
2014/09/10,06,11,,,3,6,,
2014/09/10,07,11,,,3,7,,
2014/09/10,08,11,,,3,7,,
2014/09/10,09,23,,,3,19,,
2014/09/10,10,62,,,4,56,,
2014/09/10,11,131,,,14,116,,
2014/09/10,12,129,,,14,114,,
2014/09/10,13,174,,,54,117,,
2014/09/10,14,170,,,53,115,,
2014/09/10,15,169,,,50,116,,
2014/09/10,16,159,,,42,115,,
2014/09/10,17,155,,,38,116,,
2014/09/10,18,150,,,33,115,,
2014/09/10,19,153,,,29,122,,
2014/09/10,20,148,,,26,121,,
2014/09/10,21,149,,,26,121,,
2014/09/10,22,84,,,16,66,,
2014/09/10,23,59,,,10,48,,
2014/09/10,24,11,,,3,6,,
2014/09/11,01,10,,,3,6,,
2014/09/11,02,11,,,3,6,,
2014/09/11,03,11,,,3,6,,
2014/09/11,04,10,,,3,6,,
2014/09/11,05,10,,,3,6,,
2014/09/11,06,11,,,3,6,,
2014/09/11,07,11,,,3,6,,
2014/09/11,08,11,,,3,6,,
2014/09/11,09,57,,,6,49,,
2014/09/11,10,116,,,20,95,,
2014/09/11,11,122,,,24,96,,
2014/09/11,12,133,,,30,101,,
2014/09/11,13,161,,,43,116,,
2014/09/11,14,167,,,50,115,,
2014/09/11,15,165,,,48,114,,
2014/09/11,16,164,,,47,114,,
2014/09/11,17,152,,,36,114,,
2014/09/11,18,152,,,36,114,,
2014/09/11,19,156,,,33,121,,
2014/09/11,20,148,,,26,120,,
2014/09/11,21,146,,,25,119,,
2014/09/11,22,67,,,15,51,,
2014/09/11,23,18,,,9,7,,
2014/09/11,24,18,,,9,7,,
2014/09/12,01,19,,,10,7,,
2014/09/12,02,18,,,10,8,,
2014/09/12,03,19,,,9,7,,
2014/09/12,04,18,,,10,7,,
2014/09/12,05,18,,,9,7,,
2014/09/12,06,18,,,9,7,,
2014/09/12,07,19,,,10,7,,
2014/09/12,08,18,,,9,7,,
2014/09/12,09,40,,,9,29,,
2014/09/12,10,71,,,14,55,,
2014/09/12,11,142,,,24,116,,
2014/09/12,12,149,,,32,115,,
2014/09/12,13,157,,,39,116,,
2014/09/12,14,168,,,52,114,,
2014/09/12,15,150,,,34,114,,
2014/09/12,16,159,,,42,114,,
2014/09/12,17,164,,,47,116,,
2014/09/12,18,150,,,33,115,,
2014/09/12,19,153,,,30,121,,
2014/09/12,20,147,,,24,120,,
2014/09/12,21,145,,,24,120,,
2014/09/12,22,47,,,6,39,,
2014/09/12,23,11,,,3,7,,
2014/09/12,24,11,,,3,6,,
2014/09/13,01,11,,,3,7,,
2014/09/13,02,11,,,3,7,,
2014/09/13,03,12,,,3,7,,
2014/09/13,04,10,,,3,7,,
2014/09/13,05,11,,,3,6,,
2014/09/13,06,11,,,3,7,,
2014/09/13,07,11,,,3,6,,
2014/09/13,08,11,,,3,7,,
2014/09/13,09,20,,,3,16,,
2014/09/13,10,68,,,8,58,,
2014/09/13,11,134,,,16,116,,
2014/09/13,12,150,,,32,116,,
2014/09/13,13,157,,,40,116,,
2014/09/13,14,164,,,45,116,,
2014/09/13,15,160,,,43,115,,
2014/09/13,16,160,,,42,115,,
2014/09/13,17,151,,,33,115,,
2014/09/13,18,142,,,26,115,,
2014/09/13,19,144,,,22,120,,
2014/09/13,20,144,,,21,120,,
2014/09/13,21,140,,,20,120,,
2014/09/13,22,50,,,7,41,,
2014/09/13,23,11,,,3,7,,
2014/09/13,24,10,,,3,6,,
2014/09/14,01,11,,,3,6,,
2014/09/14,02,11,,,3,7,,
2014/09/14,03,11,,,3,7,,
2014/09/14,04,11,,,3,6,,
2014/09/14,05,10,,,3,6,,
2014/09/14,06,12,,,3,7,,
2014/09/14,07,10,,,3,6,,
2014/09/14,08,11,,,3,6,,
2014/09/14,09,24,,,3,19,,
2014/09/14,10,67,,,10,57,,
2014/09/14,11,129,,,12,115,,
2014/09/14,12,150,,,33,114,,
2014/09/14,13,157,,,39,115,,
2014/09/14,14,158,,,40,116,,
2014/09/14,15,160,,,42,115,,
2014/09/14,16,162,,,44,116,,
2014/09/14,17,160,,,42,116,,
2014/09/14,18,151,,,34,114,,
2014/09/14,19,149,,,27,120,,
2014/09/14,20,144,,,23,119,,
2014/09/14,21,140,,,20,118,,
2014/09/14,22,26,,,4,20,,
2014/09/14,23,10,,,3,6,,
2014/09/14,24,11,,,3,6,,
2014/09/15,01,10,,,3,6,,
2014/09/15,02,11,,,3,7,,
2014/09/15,03,11,,,3,6,,
2014/09/15,04,11,,,3,7,,
2014/09/15,05,10,,,3,6,,
2014/09/15,06,11,,,3,6,,
2014/09/15,07,10,,,3,7,,
2014/09/15,08,11,,,3,6,,
2014/09/15,09,25,,,3,20,,
2014/09/15,10,65,,,4,60,,
2014/09/15,11,130,,,13,115,,
2014/09/15,12,137,,,19,116,,
2014/09/15,13,137,,,20,116,,
2014/09/15,14,142,,,24,116,,
2014/09/15,15,145,,,28,116,,
2014/09/15,16,146,,,29,116,,
2014/09/15,17,143,,,26,115,,
2014/09/15,18,144,,,24,118,,
2014/09/15,19,143,,,20,121,,
2014/09/15,20,142,,,20,121,,
2014/09/15,21,143,,,20,121,,
2014/09/15,22,42,,,6,34,,
2014/09/15,23,12,,,3,8,,
2014/09/15,24,13,,,3,8,,
2014/09/16,01,12,,,3,8,,
2014/09/16,02,12,,,3,8,,
2014/09/16,03,13,,,3,8,,
2014/09/16,04,12,,,3,8,,
2014/09/16,05,13,,,3,8,,
2014/09/16,06,12,,,3,8,,
2014/09/16,07,13,,,3,8,,
2014/09/16,08,13,,,3,9,,
2014/09/16,09,43,,,3,39,,
2014/09/16,10,56,,,4,51,,
2014/09/16,11,129,,,13,114,,
2014/09/16,12,128,,,13,113,,
2014/09/16,13,128,,,13,113,,
2014/09/16,14,151,,,38,110,,
2014/09/16,15,157,,,44,111,,
2014/09/16,16,160,,,47,110,,
2014/09/16,17,157,,,43,111,,
2014/09/16,18,151,,,35,114,,
2014/09/16,19,148,,,30,117,,
2014/09/16,20,139,,,20,117,,
2014/09/16,21,138,,,20,117,,
2014/09/16,22,36,,,4,30,,
2014/09/16,23,11,,,3,7,,
2014/09/16,24,11,,,3,6,,
2014/09/17,01,11,,,3,7,,
2014/09/17,02,12,,,3,7,,
2014/09/17,03,11,,,3,7,,
2014/09/17,04,11,,,3,6,,
2014/09/17,05,11,,,3,7,,
2014/09/17,06,11,,,3,7,,
2014/09/17,07,11,,,3,7,,
2014/09/17,08,12,,,3,7,,
2014/09/17,09,32,,,3,28,,
2014/09/17,10,66,,,10,54,,
2014/09/17,11,128,,,13,112,,
2014/09/17,12,126,,,13,112,,
2014/09/17,13,128,,,13,112,,
2014/09/17,14,126,,,14,111,,
2014/09/17,15,126,,,13,111,,
2014/09/17,16,127,,,13,111,,
2014/09/17,17,128,,,13,113,,
2014/09/17,18,130,,,13,115,,
2014/09/17,19,133,,,13,118,,
2014/09/17,20,132,,,13,117,,
2014/09/17,21,131,,,13,116,,
2014/09/17,22,49,,,6,41,,
2014/09/17,23,11,,,3,6,,
2014/09/17,24,10,,,3,6,,
2014/09/18,01,11,,,3,6,,
2014/09/18,02,11,,,3,6,,
2014/09/18,03,11,,,3,6,,
2014/09/18,04,11,,,3,6,,
2014/09/18,05,10,,,3,6,,
2014/09/18,06,11,,,3,6,,
2014/09/18,07,11,,,3,6,,
2014/09/18,08,11,,,3,7,,
2014/09/18,09,20,,,3,15,,
2014/09/18,10,60,,,10,50,,
2014/09/18,11,130,,,13,114,,
2014/09/18,12,128,,,13,113,,
2014/09/18,13,129,,,14,114,,
2014/09/18,14,127,,,14,111,,
2014/09/18,15,128,,,13,112,,
2014/09/18,16,135,,,21,112,,
2014/09/18,17,135,,,20,113,,
2014/09/18,18,137,,,20,116,,
2014/09/18,19,141,,,19,120,,
2014/09/18,20,141,,,20,119,,
2014/09/18,21,139,,,19,118,,
2014/09/18,22,31,,,10,19,,
2014/09/18,23,17,,,9,7,,
2014/09/18,24,18,,,9,6,,
2014/09/19,01,17,,,9,7,,
2014/09/19,02,18,,,9,7,,
2014/09/19,03,18,,,9,7,,
2014/09/19,04,18,,,9,7,,
2014/09/19,05,18,,,9,7,,
2014/09/19,06,17,,,9,7,,
2014/09/19,07,18,,,9,7,,
2014/09/19,08,17,,,9,7,,
2014/09/19,09,27,,,7,18,,
2014/09/19,10,70,,,10,58,,
2014/09/19,11,130,,,13,114,,
2014/09/19,12,130,,,13,114,,
2014/09/19,13,143,,,26,115,,
2014/09/19,14,143,,,27,114,,
2014/09/19,15,142,,,25,114,,
2014/09/19,16,135,,,20,113,,
2014/09/19,17,135,,,20,113,,
2014/09/19,18,138,,,19,116,,
2014/09/19,19,140,,,20,119,,
2014/09/19,20,141,,,19,119,,
2014/09/19,21,140,,,19,118,,
2014/09/19,22,34,,,5,28,,
2014/09/19,23,11,,,3,6,,
2014/09/19,24,10,,,3,6,,
2014/09/20,01,10,,,3,6,,
2014/09/20,02,11,,,3,6,,
2014/09/20,03,11,,,3,6,,
2014/09/20,04,10,,,3,6,,
2014/09/20,05,11,,,3,6,,
2014/09/20,06,10,,,3,6,,
2014/09/20,07,11,,,3,6,,
2014/09/20,08,10,,,3,6,,
2014/09/20,09,27,,,3,23,,
2014/09/20,10,62,,,7,53,,
2014/09/20,11,130,,,12,115,,
2014/09/20,12,130,,,12,116,,
2014/09/20,13,131,,,13,116,,
2014/09/20,14,131,,,13,116,,
2014/09/20,15,130,,,13,115,,
2014/09/20,16,153,,,35,116,,
2014/09/20,17,160,,,42,115,,
2014/09/20,18,150,,,29,119,,
2014/09/20,19,147,,,24,121,,
2014/09/20,20,145,,,21,122,,
2014/09/20,21,141,,,19,120,,
2014/09/20,22,33,,,4,28,,
2014/09/20,23,12,,,3,8,,
2014/09/20,24,11,,,3,6,,
2014/09/21,01,10,,,3,6,,
2014/09/21,02,11,,,3,7,,
2014/09/21,03,11,,,3,6,,
2014/09/21,04,11,,,3,6,,
2014/09/21,05,10,,,3,6,,
2014/09/21,06,11,,,3,6,,
2014/09/21,07,11,,,3,6,,
2014/09/21,08,11,,,3,7,,
2014/09/21,09,42,,,3,37,,
2014/09/21,10,74,,,9,64,,
2014/09/21,11,131,,,12,117,,
2014/09/21,12,131,,,12,117,,
2014/09/21,13,131,,,12,117,,
2014/09/21,14,149,,,28,118,,
2014/09/21,15,157,,,37,117,,
2014/09/21,16,157,,,36,118,,
2014/09/21,17,152,,,33,117,,
2014/09/21,18,150,,,28,120,,
2014/09/21,19,147,,,22,123,,
2014/09/21,20,145,,,20,123,,
2014/09/21,21,142,,,19,122,,
2014/09/21,22,52,,,5,45,,
2014/09/21,23,10,,,3,6,,
2014/09/21,24,11,,,3,6,,
2014/09/22,01,10,,,3,6,,
2014/09/22,02,11,,,3,6,,
2014/09/22,03,10,,,3,6,,
2014/09/22,04,10,,,3,6,,
2014/09/22,05,11,,,3,6,,
2014/09/22,06,10,,,3,6,,
2014/09/22,07,11,,,3,6,,
2014/09/22,08,11,,,3,6,,
2014/09/22,09,36,,,3,32,,
2014/09/22,10,66,,,10,54,,
2014/09/22,11,131,,,12,117,,
2014/09/22,12,131,,,12,117,,
2014/09/22,13,145,,,25,117,,
2014/09/22,14,149,,,30,117,,
2014/09/22,15,147,,,30,115,,
2014/09/22,16,146,,,28,115,,
2014/09/22,17,142,,,24,115,,
2014/09/22,18,140,,,20,119,,
2014/09/22,19,142,,,19,121,,
2014/09/22,20,141,,,19,120,,
2014/09/22,21,139,,,18,119,,
2014/09/22,22,65,,,13,50,,
2014/09/22,23,18,,,9,7,,
2014/09/22,24,17,,,9,7,,
2014/09/23,01,18,,,9,7,,
2014/09/23,02,18,,,9,7,,
2014/09/23,03,18,,,9,7,,
2014/09/23,04,18,,,9,7,,
2014/09/23,05,17,,,9,7,,
2014/09/23,06,19,,,9,7,,
2014/09/23,07,17,,,9,7,,
2014/09/23,08,19,,,9,7,,
2014/09/23,09,60,,,9,49,,
2014/09/23,10,82,,,16,64,,
2014/09/23,11,137,,,19,116,,
2014/09/23,12,137,,,19,117,,
2014/09/23,13,139,,,19,117,,
2014/09/23,14,166,,,46,117,,
2014/09/23,15,162,,,43,116,,
2014/09/23,16,159,,,40,116,,
2014/09/23,17,157,,,39,115,,
2014/09/23,18,150,,,29,119,,
2014/09/23,19,149,,,26,121,,
2014/09/23,20,145,,,22,122,,
2014/09/23,21,143,,,20,121,,
2014/09/23,22,27,,,3,21,,
2014/09/23,23,11,,,3,6,,
2014/09/23,24,10,,,3,6,,
2014/09/24,01,11,,,3,6,,
2014/09/24,02,11,,,3,7,,
2014/09/24,03,10,,,3,6,,
2014/09/24,04,11,,,3,6,,
2014/09/24,05,11,,,3,6,,
2014/09/24,06,11,,,3,6,,
2014/09/24,07,10,,,3,6,,
2014/09/24,08,11,,,3,7,,
2014/09/24,09,22,,,3,17,,
2014/09/24,10,72,,,10,61,,
2014/09/24,11,131,,,12,116,,
2014/09/24,12,130,,,12,115,,
2014/09/24,13,130,,,12,116,,
2014/09/24,14,142,,,26,114,,
2014/09/24,15,150,,,34,114,,
2014/09/24,16,145,,,28,114,,
2014/09/24,17,143,,,27,115,,
2014/09/24,18,145,,,26,117,,
2014/09/24,19,147,,,24,121,,
2014/09/24,20,145,,,22,121,,
2014/09/24,21,140,,,19,120,,
2014/09/24,22,32,,,6,24,,
2014/09/24,23,11,,,3,7,,
2014/09/24,24,11,,,3,6,,
2014/09/25,01,11,,,3,6,,
2014/09/25,02,11,,,3,6,,
2014/09/25,03,11,,,3,6,,
2014/09/25,04,10,,,3,6,,
2014/09/25,05,11,,,3,6,,
2014/09/25,06,11,,,3,6,,
2014/09/25,07,11,,,3,6,,
2014/09/25,08,11,,,3,7,,
2014/09/25,09,35,,,3,31,,
2014/09/25,10,58,,,4,53,,
2014/09/25,11,131,,,12,117,,
2014/09/25,12,130,,,12,116,,
2014/09/25,13,131,,,12,117,,
2014/09/25,14,127,,,12,114,,
2014/09/25,15,129,,,12,114,,
2014/09/25,16,136,,,19,115,,
2014/09/25,17,136,,,19,116,,
2014/09/25,18,142,,,21,118,,
2014/09/25,19,144,,,20,122,,
2014/09/25,20,143,,,19,122,,
2014/09/25,21,142,,,19,121,,
2014/09/25,22,26,,,4,21,,
2014/09/25,23,11,,,3,6,,
2014/09/25,24,11,,,3,6,,
2014/09/26,01,10,,,3,6,,
2014/09/26,02,11,,,3,6,,
2014/09/26,03,11,,,3,6,,
2014/09/26,04,11,,,3,6,,
2014/09/26,05,10,,,3,6,,
2014/09/26,06,11,,,3,6,,
2014/09/26,07,11,,,3,6,,
2014/09/26,08,11,,,3,6,,
2014/09/26,09,28,,,3,24,,
2014/09/26,10,77,,,14,61,,
2014/09/26,11,138,,,19,117,,
2014/09/26,12,139,,,21,116,,
2014/09/26,13,156,,,37,116,,
2014/09/26,14,156,,,39,114,,
2014/09/26,15,157,,,40,114,,
2014/09/26,16,158,,,40,115,,
2014/09/26,17,151,,,34,115,,
2014/09/26,18,147,,,27,117,,
2014/09/26,19,143,,,21,120,,
2014/09/26,20,144,,,21,121,,
2014/09/26,21,140,,,19,119,,
2014/09/26,22,46,,,6,38,,
2014/09/26,23,11,,,3,6,,
2014/09/26,24,10,,,3,6,,
2014/09/27,01,11,,,3,6,,
2014/09/27,02,11,,,3,6,,
2014/09/27,03,11,,,3,7,,
2014/09/27,04,11,,,3,6,,
2014/09/27,05,10,,,3,6,,
2014/09/27,06,11,,,3,7,,
2014/09/27,07,11,,,3,6,,
2014/09/27,08,11,,,3,7,,
2014/09/27,09,33,,,3,28,,
2014/09/27,10,69,,,10,58,,
2014/09/27,11,129,,,12,115,,
2014/09/27,12,130,,,12,115,,
2014/09/27,13,128,,,12,114,,
2014/09/27,14,127,,,13,113,,
2014/09/27,15,147,,,31,113,,
2014/09/27,16,148,,,31,114,,
2014/09/27,17,145,,,27,116,,
2014/09/27,18,143,,,24,118,,
2014/09/27,19,143,,,19,121,,
2014/09/27,20,141,,,19,121,,
2014/09/27,21,141,,,19,120,,
2014/09/27,22,57,,,9,46,,
2014/09/27,23,10,,,3,6,,
2014/09/27,24,11,,,3,6,,
2014/09/28,01,10,,,3,6,,
2014/09/28,02,11,,,3,6,,
2014/09/28,03,10,,,3,6,,
2014/09/28,04,11,,,3,6,,
2014/09/28,05,11,,,3,6,,
2014/09/28,06,10,,,3,6,,
2014/09/28,07,11,,,3,6,,
2014/09/28,08,11,,,3,6,,
2014/09/28,09,20,,,3,15,,
2014/09/28,10,72,,,9,60,,
2014/09/28,11,127,,,12,114,,
2014/09/28,12,126,,,12,111,,
2014/09/28,13,143,,,30,111,,
2014/09/28,14,167,,,51,113,,
2014/09/28,15,175,,,60,112,,
2014/09/28,16,167,,,50,113,,
2014/09/28,17,167,,,51,114,,
2014/09/28,18,155,,,35,117,,
2014/09/28,19,149,,,26,121,,
2014/09/28,20,156,,,33,121,,
2014/09/28,21,147,,,26,119,,
2014/09/28,22,39,,,5,32,,
2014/09/28,23,11,,,3,7,,
2014/09/28,24,10,,,3,6,,
2014/09/29,01,11,,,3,6,,
2014/09/29,02,11,,,3,6,,
2014/09/29,03,11,,,3,6,,
2014/09/29,04,11,,,3,6,,
2014/09/29,05,10,,,3,6,,
2014/09/29,06,11,,,3,6,,
2014/09/29,07,11,,,3,6,,
2014/09/29,08,11,,,3,7,,
2014/09/29,09,29,,,3,24,,
2014/09/29,10,76,,,10,64,,
2014/09/29,11,129,,,12,115,,
2014/09/29,12,126,,,10,114,,
2014/09/29,13,127,,,10,114,,
2014/09/29,14,145,,,29,113,,
2014/09/29,15,145,,,29,113,,
2014/09/29,16,146,,,30,114,,
2014/09/29,17,151,,,35,114,,
2014/09/29,18,153,,,34,116,,
2014/09/29,19,150,,,28,119,,
2014/09/29,20,143,,,23,119,,
2014/09/29,21,137,,,16,119,,
2014/09/29,22,53,,,5,46,,
2014/09/29,23,12,,,3,8,,
2014/09/29,24,12,,,3,7,,
2014/09/30,01,13,,,3,8,,
2014/09/30,02,12,,,3,8,,
2014/09/30,03,12,,,3,8,,
2014/09/30,04,13,,,3,8,,
2014/09/30,05,12,,,3,8,,
2014/09/30,06,12,,,3,8,,
2014/09/30,07,12,,,3,8,,
2014/09/30,08,13,,,3,8,,
2014/09/30,09,36,,,3,31,,
2014/09/30,10,83,,,10,71,,
2014/09/30,11,135,,,19,115,,
2014/09/30,12,135,,,19,114,,
2014/09/30,13,138,,,23,113,,
2014/09/30,14,142,,,27,112,,
2014/09/30,15,139,,,25,112,,
2014/09/30,16,140,,,24,113,,
2014/09/30,17,136,,,22,112,,
2014/09/30,18,137,,,19,116,,
2014/09/30,19,140,,,19,119,,
2014/09/30,20,139,,,19,119,,
2014/09/30,21,139,,,19,118,,
2014/09/30,22,27,,,5,20,,
2014/09/30,23,11,,,3,6,,
2014/09/30,24,10,,,3,6,,
2014/10/01,01,11,,,3,6,,
2014/10/01,02,11,,,3,6,,
2014/10/01,03,11,,,3,6,,
2014/10/01,04,10,,,3,6,,
2014/10/01,05,11,,,3,6,,
2014/10/01,06,10,,,3,6,,
2014/10/01,07,11,,,3,6,,
2014/10/01,08,11,,,3,6,,
2014/10/01,09,18,,,3,14,,
2014/10/01,10,76,,,9,65,,
2014/10/01,11,127,,,12,112,,
2014/10/01,12,127,,,12,112,,
2014/10/01,13,126,,,12,112,,
2014/10/01,14,139,,,23,112,,
2014/10/01,15,140,,,27,111,,
2014/10/01,16,139,,,24,113,,
2014/10/01,17,138,,,24,112,,
2014/10/01,18,138,,,21,115,,
2014/10/01,19,139,,,19,118,,
2014/10/01,20,139,,,18,118,,
2014/10/01,21,138,,,19,117,,
2014/10/01,22,49,,,7,40,,
2014/10/01,23,11,,,3,6,,
2014/10/01,24,10,,,3,6,,
2014/10/02,01,10,,,3,6,,
2014/10/02,02,11,,,3,6,,
2014/10/02,03,10,,,3,6,,
2014/10/02,04,11,,,3,6,,
2014/10/02,05,10,,,3,6,,
2014/10/02,06,11,,,3,6,,
2014/10/02,07,10,,,3,6,,
2014/10/02,08,11,,,3,6,,
2014/10/02,09,10,,,3,6,,
2014/10/02,10,11,,,3,6,,
2014/10/02,11,12,,,5,6,,
2014/10/02,12,19,,,9,8,,
2014/10/02,13,19,,,9,8,,
2014/10/02,14,18,,,9,8,,
2014/10/02,15,19,,,9,8,,
2014/10/02,16,19,,,9,8,,
2014/10/02,17,12,,,4,6,,
2014/10/02,18,10,,,3,6,,
2014/10/02,19,11,,,3,6,,
2014/10/02,20,11,,,3,6,,
2014/10/02,21,11,,,3,7,,
2014/10/02,22,11,,,3,6,,
2014/10/02,23,10,,,3,6,,
2014/10/02,24,11,,,3,6,,
2014/10/03,01,10,,,3,5,,
2014/10/03,02,11,,,3,7,,
2014/10/03,03,10,,,3,6,,
2014/10/03,04,10,,,3,6,,
2014/10/03,05,11,,,3,6,,
2014/10/03,06,10,,,3,6,,
2014/10/03,07,11,,,3,6,,
2014/10/03,08,10,,,3,6,,
2014/10/03,09,21,,,3,16,,
2014/10/03,10,61,,,3,55,,
2014/10/03,11,129,,,12,115,,
2014/10/03,12,131,,,14,115,,
2014/10/03,13,134,,,17,115,,
2014/10/03,14,133,,,17,114,,
2014/10/03,15,134,,,17,115,,
2014/10/03,16,145,,,28,114,,
2014/10/03,17,145,,,29,114,,
2014/10/03,18,142,,,23,116,,
2014/10/03,19,145,,,22,121,,
2014/10/03,20,143,,,21,120,,
2014/10/03,21,141,,,19,119,,
2014/10/03,22,51,,,6,43,,
2014/10/03,23,11,,,3,7,,
2014/10/03,24,10,,,3,6,,
2014/10/04,01,11,,,3,6,,
2014/10/04,02,11,,,3,7,,
2014/10/04,03,11,,,3,6,,
2014/10/04,04,11,,,3,6,,
2014/10/04,05,11,,,3,6,,
2014/10/04,06,11,,,3,6,,
2014/10/04,07,11,,,3,6,,
2014/10/04,08,11,,,3,7,,
2014/10/04,09,20,,,3,15,,
2014/10/04,10,69,,,10,58,,
2014/10/04,11,136,,,18,116,,
2014/10/04,12,136,,,18,115,,
2014/10/04,13,136,,,19,116,,
2014/10/04,14,137,,,19,115,,
2014/10/04,15,138,,,21,115,,
2014/10/04,16,137,,,21,115,,
2014/10/04,17,135,,,19,114,,
2014/10/04,18,153,,,33,118,,
2014/10/04,19,142,,,20,120,,
2014/10/04,20,141,,,19,120,,
2014/10/04,21,139,,,19,119,,
2014/10/04,22,28,,,3,23,,
2014/10/04,23,11,,,3,6,,
2014/10/04,24,11,,,3,6,,
2014/10/05,01,10,,,3,6,,
2014/10/05,02,12,,,3,7,,
2014/10/05,03,10,,,3,6,,
2014/10/05,04,11,,,3,6,,
2014/10/05,05,11,,,3,6,,
2014/10/05,06,10,,,3,6,,
2014/10/05,07,11,,,3,6,,
2014/10/05,08,11,,,3,7,,
2014/10/05,09,23,,,3,18,,
2014/10/05,10,60,,,3,56,,
2014/10/05,11,130,,,13,116,,
2014/10/05,12,129,,,12,115,,
2014/10/05,13,129,,,12,115,,
2014/10/05,14,130,,,12,116,,
2014/10/05,15,131,,,12,117,,
2014/10/05,16,131,,,12,117,,
2014/10/05,17,129,,,12,116,,
2014/10/05,18,134,,,12,119,,
2014/10/05,19,135,,,12,121,,
2014/10/05,20,135,,,12,121,,
2014/10/05,21,133,,,12,119,,
2014/10/05,22,28,,,3,23,,
2014/10/05,23,10,,,3,6,,
2014/10/05,24,11,,,3,6,,
2014/10/06,01,11,,,3,6,,
2014/10/06,02,10,,,3,6,,
2014/10/06,03,11,,,3,6,,
2014/10/06,04,11,,,3,6,,
2014/10/06,05,10,,,3,6,,
2014/10/06,06,10,,,3,6,,
2014/10/06,07,11,,,3,6,,
2014/10/06,08,11,,,3,6,,
2014/10/06,09,22,,,3,18,,
2014/10/06,10,60,,,4,55,,
2014/10/06,11,125,,,9,114,,
2014/10/06,12,124,,,9,113,,
2014/10/06,13,125,,,9,114,,
2014/10/06,14,124,,,9,113,,
2014/10/06,15,118,,,5,112,,
2014/10/06,16,116,,,3,111,,
2014/10/06,17,116,,,3,111,,
2014/10/06,18,119,,,3,114,,
2014/10/06,19,121,,,3,117,,
2014/10/06,20,121,,,3,116,,
2014/10/06,21,120,,,3,115,,
2014/10/06,22,33,,,3,28,,
2014/10/06,23,11,,,3,6,,
2014/10/06,24,11,,,3,7,,
2014/10/07,01,11,,,3,7,,
2014/10/07,02,11,,,3,6,,
2014/10/07,03,11,,,3,7,,
2014/10/07,04,11,,,3,7,,
2014/10/07,05,11,,,3,6,,
2014/10/07,06,10,,,3,6,,
2014/10/07,07,11,,,3,7,,
2014/10/07,08,12,,,3,6,,
2014/10/07,09,21,,,3,16,,
2014/10/07,10,57,,,8,48,,
2014/10/07,11,129,,,12,115,,
2014/10/07,12,128,,,12,114,,
2014/10/07,13,129,,,12,115,,
2014/10/07,14,128,,,12,114,,
2014/10/07,15,129,,,12,115,,
2014/10/07,16,135,,,17,115,,
2014/10/07,17,137,,,21,114,,
2014/10/07,18,138,,,18,117,,
2014/10/07,19,141,,,19,120,,
2014/10/07,20,141,,,19,121,,
2014/10/07,21,140,,,19,120,,
2014/10/07,22,28,,,4,22,,
2014/10/07,23,11,,,3,6,,
2014/10/07,24,11,,,3,6,,
2014/10/08,01,11,,,3,6,,
2014/10/08,02,11,,,3,6,,
2014/10/08,03,11,,,3,7,,
2014/10/08,04,12,,,3,7,,
2014/10/08,05,12,,,3,7,,
2014/10/08,06,11,,,3,7,,
2014/10/08,07,12,,,3,7,,
2014/10/08,08,12,,,3,7,,
2014/10/08,09,24,,,3,20,,
2014/10/08,10,63,,,3,58,,
2014/10/08,11,119,,,5,112,,
2014/10/08,12,125,,,10,114,,
2014/10/08,13,126,,,9,114,,
2014/10/08,14,122,,,6,113,,
2014/10/08,15,117,,,3,112,,
2014/10/08,16,117,,,3,112,,
2014/10/08,17,116,,,3,112,,
2014/10/08,18,126,,,8,115,,
2014/10/08,19,130,,,9,119,,
2014/10/08,20,122,,,3,117,,
2014/10/08,21,121,,,3,116,,
2014/10/08,22,47,,,3,43,,
2014/10/08,23,11,,,3,6,,
2014/10/08,24,11,,,3,6,,
2014/10/09,01,10,,,3,6,,
2014/10/09,02,11,,,3,6,,
2014/10/09,03,11,,,3,7,,
2014/10/09,04,12,,,3,7,,
2014/10/09,05,11,,,3,7,,
2014/10/09,06,12,,,3,7,,
2014/10/09,07,12,,,3,7,,
2014/10/09,08,11,,,3,7,,
2014/10/09,09,23,,,3,18,,
2014/10/09,10,63,,,3,58,,
2014/10/09,11,119,,,6,111,,
2014/10/09,12,124,,,9,112,,
2014/10/09,13,126,,,10,114,,
2014/10/09,14,119,,,5,112,,
2014/10/09,15,117,,,3,112,,
2014/10/09,16,117,,,3,112,,
2014/10/09,17,116,,,3,112,,
2014/10/09,18,124,,,6,115,,
2014/10/09,19,128,,,7,119,,
2014/10/09,20,122,,,3,117,,
2014/10/09,21,122,,,3,117,,
2014/10/09,22,24,,,3,19,,
2014/10/09,23,11,,,3,6,,
2014/10/09,24,10,,,3,6,,
2014/10/10,01,11,,,3,6,,
2014/10/10,02,11,,,3,6,,
2014/10/10,03,11,,,3,6,,
2014/10/10,04,11,,,3,6,,
2014/10/10,05,10,,,3,6,,
2014/10/10,06,11,,,3,6,,
2014/10/10,07,11,,,3,6,,
2014/10/10,08,11,,,3,7,,
2014/10/10,09,35,,,3,30,,
2014/10/10,10,60,,,8,51,,
2014/10/10,11,130,,,12,115,,
2014/10/10,12,129,,,12,115,,
2014/10/10,13,139,,,22,115,,
2014/10/10,14,142,,,25,114,,
2014/10/10,15,143,,,27,114,,
2014/10/10,16,142,,,24,115,,
2014/10/10,17,138,,,22,114,,
2014/10/10,18,139,,,19,118,,
2014/10/10,19,141,,,19,120,,
2014/10/10,20,140,,,19,120,,
2014/10/10,21,140,,,18,119,,
2014/10/10,22,55,,,6,48,,
2014/10/10,23,10,,,3,6,,
2014/10/10,24,11,,,3,6,,
2014/10/11,01,11,,,3,6,,
2014/10/11,02,11,,,3,6,,
2014/10/11,03,11,,,3,7,,
2014/10/11,04,11,,,3,6,,
2014/10/11,05,11,,,3,7,,
2014/10/11,06,12,,,3,7,,
2014/10/11,07,11,,,3,7,,
2014/10/11,08,11,,,3,7,,
2014/10/11,09,22,,,3,17,,
2014/10/11,10,63,,,3,58,,
2014/10/11,11,129,,,13,115,,
2014/10/11,12,131,,,12,116,,
2014/10/11,13,129,,,12,115,,
2014/10/11,14,130,,,12,116,,
2014/10/11,15,131,,,12,117,,
2014/10/11,16,131,,,13,116,,
2014/10/11,17,136,,,18,116,,
2014/10/11,18,139,,,18,119,,
2014/10/11,19,142,,,18,122,,
2014/10/11,20,139,,,15,122,,
2014/10/11,21,134,,,12,121,,
2014/10/11,22,29,,,3,24,,
2014/10/11,23,11,,,3,6,,
2014/10/11,24,10,,,3,6,,
2014/10/12,01,11,,,3,6,,
2014/10/12,02,11,,,3,6,,
2014/10/12,03,12,,,3,7,,
2014/10/12,04,12,,,3,7,,
2014/10/12,05,11,,,3,7,,
2014/10/12,06,12,,,3,7,,
2014/10/12,07,13,,,3,8,,
2014/10/12,08,12,,,3,7,,
2014/10/12,09,22,,,3,17,,
2014/10/12,10,65,,,3,60,,
2014/10/12,11,123,,,5,116,,
2014/10/12,12,127,,,10,116,,
2014/10/12,13,128,,,9,116,,
2014/10/12,14,127,,,9,116,,
2014/10/12,15,127,,,10,115,,
2014/10/12,16,126,,,9,116,,
2014/10/12,17,127,,,10,115,,
2014/10/12,18,130,,,9,118,,
2014/10/12,19,131,,,9,120,,
2014/10/12,20,123,,,3,118,,
2014/10/12,21,120,,,3,116,,
2014/10/12,22,27,,,3,22,,
2014/10/12,23,10,,,3,6,,
2014/10/12,24,11,,,3,6,,
2014/10/13,01,10,,,3,6,,
2014/10/13,02,11,,,3,6,,
2014/10/13,03,10,,,3,6,,
2014/10/13,04,11,,,3,6,,
2014/10/13,05,11,,,3,6,,
2014/10/13,06,11,,,3,6,,
2014/10/13,07,11,,,3,7,,
2014/10/13,08,10,,,3,6,,
2014/10/13,09,22,,,3,17,,
2014/10/13,10,62,,,3,57,,
2014/10/13,11,117,,,3,113,,
2014/10/13,12,125,,,8,115,,
2014/10/13,13,125,,,8,115,,
2014/10/13,14,120,,,5,113,,
2014/10/13,15,118,,,3,113,,
2014/10/13,16,119,,,3,115,,
2014/10/13,17,120,,,3,115,,
2014/10/13,18,122,,,3,117,,
2014/10/13,19,125,,,3,120,,
2014/10/13,20,124,,,3,119,,
2014/10/13,21,124,,,3,119,,
2014/10/13,22,23,,,3,19,,
2014/10/13,23,11,,,3,6,,
2014/10/13,24,11,,,3,6,,
2014/10/14,01,11,,,3,6,,
2014/10/14,02,10,,,3,7,,
2014/10/14,03,11,,,3,6,,
2014/10/14,04,11,,,3,6,,
2014/10/14,05,11,,,3,6,,
2014/10/14,06,10,,,3,6,,
2014/10/14,07,11,,,3,6,,
2014/10/14,08,11,,,3,7,,
2014/10/14,09,24,,,3,20,,
2014/10/14,10,91,,,6,84,,
2014/10/14,11,130,,,12,116,,
2014/10/14,12,130,,,12,116,,
2014/10/14,13,131,,,12,117,,
2014/10/14,14,129,,,12,116,,
2014/10/14,15,130,,,12,116,,
2014/10/14,16,131,,,12,116,,
2014/10/14,17,129,,,12,115,,
2014/10/14,18,138,,,17,119,,
2014/10/14,19,141,,,18,121,,
2014/10/14,20,142,,,18,121,,
2014/10/14,21,138,,,17,119,,
2014/10/14,22,31,,,4,26,,
2014/10/14,23,10,,,3,6,,
2014/10/14,24,11,,,3,6,,
2014/10/15,01,11,,,3,7,,
2014/10/15,02,11,,,3,7,,
2014/10/15,03,12,,,3,7,,
2014/10/15,04,11,,,3,7,,
2014/10/15,05,11,,,3,7,,
2014/10/15,06,12,,,3,7,,
2014/10/15,07,12,,,3,7,,
2014/10/15,08,12,,,3,7,,
2014/10/15,09,41,,,3,36,,
2014/10/15,10,57,,,3,53,,
2014/10/15,11,123,,,6,115,,
2014/10/15,12,127,,,10,115,,
2014/10/15,13,126,,,9,115,,
2014/10/15,14,127,,,10,115,,
2014/10/15,15,127,,,10,115,,
2014/10/15,16,127,,,10,116,,
2014/10/15,17,129,,,9,118,,
2014/10/15,18,133,,,9,122,,
2014/10/15,19,130,,,7,121,,
2014/10/15,20,124,,,3,119,,
2014/10/15,21,122,,,3,117,,
2014/10/15,22,26,,,3,22,,
2014/10/15,23,11,,,3,6,,
2014/10/15,24,10,,,3,6,,
2014/10/16,01,12,,,3,7,,
2014/10/16,02,11,,,3,7,,
2014/10/16,03,12,,,3,7,,
2014/10/16,04,12,,,3,7,,
2014/10/16,05,11,,,3,7,,
2014/10/16,06,12,,,3,7,,
2014/10/16,07,12,,,3,7,,
2014/10/16,08,12,,,3,7,,
2014/10/16,09,29,,,3,24,,
2014/10/16,10,67,,,5,61,,
2014/10/16,11,130,,,13,115,,
2014/10/16,12,121,,,8,112,,
2014/10/16,13,122,,,9,112,,
2014/10/16,14,123,,,9,111,,
2014/10/16,15,123,,,9,112,,
2014/10/16,16,122,,,9,111,,
2014/10/16,17,125,,,9,114,,
2014/10/16,18,127,,,7,118,,
2014/10/16,19,123,,,3,118,,
2014/10/16,20,122,,,3,117,,
2014/10/16,21,120,,,3,116,,
2014/10/16,22,30,,,3,25,,
2014/10/16,23,11,,,3,6,,
2014/10/16,24,10,,,3,6,,
2014/10/17,01,11,,,3,6,,
2014/10/17,02,11,,,3,6,,
2014/10/17,03,11,,,3,7,,
2014/10/17,04,11,,,3,7,,
2014/10/17,05,11,,,3,7,,
2014/10/17,06,12,,,3,7,,
2014/10/17,07,11,,,3,7,,
2014/10/17,08,12,,,3,7,,
2014/10/17,09,32,,,3,28,,
2014/10/17,10,64,,,3,60,,
2014/10/17,11,118,,,3,113,,
2014/10/17,12,122,,,6,114,,
2014/10/17,13,126,,,10,115,,
2014/10/17,14,125,,,9,114,,
2014/10/17,15,126,,,10,115,,
2014/10/17,16,125,,,9,114,,
2014/10/17,17,127,,,9,115,,
2014/10/17,18,132,,,10,121,,
2014/10/17,19,133,,,9,121,,
2014/10/17,20,128,,,5,121,,
2014/10/17,21,124,,,3,120,,
2014/10/17,22,27,,,3,22,,
2014/10/17,23,12,,,3,8,,
2014/10/17,24,13,,,3,9,,
2014/10/18,01,13,,,3,8,,
2014/10/18,02,13,,,3,8,,
2014/10/18,03,13,,,3,9,,
2014/10/18,04,13,,,3,9,,
2014/10/18,05,13,,,3,8,,
2014/10/18,06,13,,,3,9,,
2014/10/18,07,14,,,3,9,,
2014/10/18,08,13,,,3,9,,
2014/10/18,09,23,,,3,18,,
2014/10/18,10,60,,,3,55,,
2014/10/18,11,133,,,12,119,,
2014/10/18,12,133,,,12,118,,
2014/10/18,13,133,,,12,118,,
2014/10/18,14,132,,,12,119,,
2014/10/18,15,134,,,12,119,,
2014/10/18,16,132,,,12,118,,
2014/10/18,17,133,,,12,119,,
2014/10/18,18,139,,,12,124,,
2014/10/18,19,138,,,12,124,,
2014/10/18,20,138,,,12,124,,
2014/10/18,21,136,,,12,122,,
2014/10/18,22,30,,,3,25,,
2014/10/18,23,11,,,3,6,,
2014/10/18,24,11,,,3,7,,
2014/10/19,01,11,,,3,7,,
2014/10/19,02,12,,,3,7,,
2014/10/19,03,12,,,3,7,,
2014/10/19,04,12,,,3,8,,
2014/10/19,05,12,,,3,8,,
2014/10/19,06,12,,,3,7,,
2014/10/19,07,13,,,3,8,,
2014/10/19,08,12,,,3,8,,
2014/10/19,09,22,,,3,18,,
2014/10/19,10,70,,,3,65,,
2014/10/19,11,122,,,3,118,,
2014/10/19,12,129,,,9,118,,
2014/10/19,13,129,,,9,118,,
2014/10/19,14,130,,,10,118,,
2014/10/19,15,129,,,10,118,,
2014/10/19,16,129,,,10,118,,
2014/10/19,17,131,,,10,119,,
2014/10/19,18,135,,,10,124,,
2014/10/19,19,133,,,9,122,,
2014/10/19,20,126,,,3,121,,
2014/10/19,21,124,,,3,119,,
2014/10/19,22,21,,,3,16,,
2014/10/19,23,11,,,3,6,,
2014/10/19,24,10,,,3,6,,
2014/10/20,01,11,,,3,6,,
2014/10/20,02,11,,,3,7,,
2014/10/20,03,11,,,3,7,,
2014/10/20,04,12,,,3,7,,
2014/10/20,05,11,,,3,7,,
2014/10/20,06,12,,,3,7,,
2014/10/20,07,12,,,3,7,,
2014/10/20,08,12,,,3,7,,
2014/10/20,09,28,,,3,23,,
2014/10/20,10,59,,,3,53,,
2014/10/20,11,120,,,3,116,,
2014/10/20,12,125,,,8,116,,
2014/10/20,13,128,,,10,116,,
2014/10/20,14,127,,,9,116,,
2014/10/20,15,119,,,3,114,,
2014/10/20,16,119,,,3,114,,
2014/10/20,17,120,,,3,115,,
2014/10/20,18,126,,,3,121,,
2014/10/20,19,126,,,3,120,,
2014/10/20,20,124,,,3,120,,
2014/10/20,21,124,,,3,119,,
2014/10/20,22,24,,,3,20,,
2014/10/20,23,11,,,3,6,,
2014/10/20,24,11,,,3,6,,
2014/10/21,01,11,,,3,7,,
2014/10/21,02,11,,,3,6,,
2014/10/21,03,11,,,3,7,,
2014/10/21,04,11,,,3,6,,
2014/10/21,05,11,,,3,6,,
2014/10/21,06,11,,,3,6,,
2014/10/21,07,11,,,3,7,,
2014/10/21,08,12,,,3,7,,
2014/10/21,09,22,,,3,18,,
2014/10/21,10,52,,,3,47,,
2014/10/21,11,131,,,12,117,,
2014/10/21,12,131,,,12,117,,
2014/10/21,13,132,,,12,118,,
2014/10/21,14,132,,,12,118,,
2014/10/21,15,132,,,12,118,,
2014/10/21,16,132,,,12,118,,
2014/10/21,17,133,,,12,119,,
2014/10/21,18,138,,,12,124,,
2014/10/21,19,138,,,12,124,,
2014/10/21,20,137,,,12,123,,
2014/10/21,21,132,,,10,121,,
2014/10/21,22,37,,,3,32,,
2014/10/21,23,11,,,3,7,,
2014/10/21,24,11,,,3,7,,
2014/10/22,01,12,,,3,7,,
2014/10/22,02,11,,,3,7,,
2014/10/22,03,11,,,3,7,,
2014/10/22,04,12,,,3,7,,
2014/10/22,05,11,,,3,7,,
2014/10/22,06,11,,,3,7,,
2014/10/22,07,11,,,3,7,,
2014/10/22,08,12,,,3,7,,
2014/10/22,09,23,,,3,18,,
2014/10/22,10,62,,,3,57,,
2014/10/22,11,132,,,12,118,,
2014/10/22,12,133,,,12,120,,
2014/10/22,13,134,,,12,120,,
2014/10/22,14,133,,,12,119,,
2014/10/22,15,134,,,12,120,,
2014/10/22,16,132,,,12,119,,
2014/10/22,17,134,,,12,120,,
2014/10/22,18,139,,,12,125,,
2014/10/22,19,139,,,12,125,,
2014/10/22,20,139,,,12,125,,
2014/10/22,21,137,,,12,124,,
2014/10/22,22,41,,,5,34,,
2014/10/22,23,12,,,3,8,,
2014/10/22,24,12,,,3,7,,
2014/10/23,01,12,,,3,8,,
2014/10/23,02,13,,,3,8,,
2014/10/23,03,12,,,3,8,,
2014/10/23,04,13,,,3,8,,
2014/10/23,05,13,,,3,8,,
2014/10/23,06,13,,,3,8,,
2014/10/23,07,12,,,3,8,,
2014/10/23,08,13,,,3,9,,
2014/10/23,09,24,,,3,19,,
2014/10/23,10,62,,,3,57,,
2014/10/23,11,121,,,3,116,,
2014/10/23,12,119,,,3,115,,
2014/10/23,13,125,,,7,116,,
2014/10/23,14,128,,,9,116,,
2014/10/23,15,129,,,9,118,,
2014/10/23,16,129,,,9,117,,
2014/10/23,17,129,,,9,118,,
2014/10/23,18,132,,,6,124,,
2014/10/23,19,126,,,3,122,,
2014/10/23,20,127,,,3,122,,
2014/10/23,21,124,,,3,120,,
2014/10/23,22,41,,,3,36,,
2014/10/23,23,12,,,3,8,,
2014/10/23,24,12,,,3,8,,
2014/10/24,01,13,,,3,8,,
2014/10/24,02,13,,,3,8,,
2014/10/24,03,12,,,3,8,,
2014/10/24,04,13,,,3,8,,
2014/10/24,05,13,,,3,8,,
2014/10/24,06,12,,,3,8,,
2014/10/24,07,13,,,3,8,,
2014/10/24,08,13,,,3,8,,
2014/10/24,09,35,,,3,30,,
2014/10/24,10,56,,,3,51,,
2014/10/24,11,120,,,3,116,,
2014/10/24,12,125,,,7,116,,
2014/10/24,13,130,,,10,118,,
2014/10/24,14,131,,,10,119,,
2014/10/24,15,132,,,13,118,,
2014/10/24,16,131,,,12,117,,
2014/10/24,17,134,,,12,120,,
2014/10/24,18,138,,,12,124,,
2014/10/24,19,139,,,12,125,,
2014/10/24,20,138,,,12,124,,
2014/10/24,21,139,,,12,124,,
2014/10/24,22,71,,,7,63,,
2014/10/24,23,12,,,3,8,,
2014/10/24,24,12,,,3,7,,
2014/10/25,01,13,,,3,8,,
2014/10/25,02,12,,,3,8,,
2014/10/25,03,13,,,3,8,,
2014/10/25,04,13,,,3,8,,
2014/10/25,05,13,,,3,8,,
2014/10/25,06,12,,,3,8,,
2014/10/25,07,13,,,3,8,,
2014/10/25,08,13,,,3,8,,
2014/10/25,09,39,,,3,34,,
2014/10/25,10,72,,,3,66,,
2014/10/25,11,122,,,3,117,,
2014/10/25,12,121,,,4,116,,
2014/10/25,13,130,,,9,118,,
2014/10/25,14,129,,,9,118,,
2014/10/25,15,130,,,9,118,,
2014/10/25,16,128,,,9,117,,
2014/10/25,17,131,,,9,120,,
2014/10/25,18,133,,,8,123,,
2014/10/25,19,127,,,3,122,,
2014/10/25,20,126,,,3,122,,
2014/10/25,21,124,,,3,120,,
2014/10/25,22,40,,,3,35,,
2014/10/25,23,11,,,3,7,,
2014/10/25,24,12,,,3,7,,
2014/10/26,01,12,,,3,8,,
2014/10/26,02,12,,,3,8,,
2014/10/26,03,13,,,3,8,,
2014/10/26,04,12,,,3,8,,
2014/10/26,05,12,,,3,8,,
2014/10/26,06,13,,,3,8,,
2014/10/26,07,13,,,3,8,,
2014/10/26,08,13,,,3,8,,
2014/10/26,09,27,,,3,22,,
2014/10/26,10,67,,,3,62,,
2014/10/26,11,122,,,3,117,,
2014/10/26,12,123,,,5,117,,
2014/10/26,13,130,,,9,118,,
2014/10/26,14,130,,,9,119,,
2014/10/26,15,129,,,9,118,,
2014/10/26,16,130,,,9,118,,
2014/10/26,17,131,,,9,120,,
2014/10/26,18,130,,,6,123,,
2014/10/26,19,128,,,3,122,,
2014/10/26,20,127,,,3,122,,
2014/10/26,21,125,,,3,120,,
2014/10/26,22,42,,,3,38,,
2014/10/26,23,12,,,3,7,,
2014/10/26,24,11,,,3,7,,
2014/10/27,01,12,,,3,7,,
2014/10/27,02,11,,,3,7,,
2014/10/27,03,12,,,3,7,,
2014/10/27,04,11,,,3,7,,
2014/10/27,05,12,,,3,7,,
2014/10/27,06,11,,,3,7,,
2014/10/27,07,12,,,3,7,,
2014/10/27,08,12,,,3,7,,
2014/10/27,09,23,,,3,19,,
2014/10/27,10,67,,,3,62,,
2014/10/27,11,126,,,6,118,,
2014/10/27,12,129,,,9,118,,
2014/10/27,13,130,,,9,118,,
2014/10/27,14,128,,,9,117,,
2014/10/27,15,128,,,9,118,,
2014/10/27,16,129,,,9,118,,
2014/10/27,17,130,,,9,119,,
2014/10/27,18,130,,,5,123,,
2014/10/27,19,127,,,3,122,,
2014/10/27,20,126,,,3,122,,
2014/10/27,21,124,,,3,119,,
2014/10/27,22,28,,,3,23,,
2014/10/27,23,12,,,3,7,,
2014/10/27,24,11,,,3,7,,
2014/10/28,01,12,,,3,8,,
2014/10/28,02,13,,,3,8,,
2014/10/28,03,13,,,3,8,,
2014/10/28,04,12,,,3,8,,
2014/10/28,05,13,,,3,8,,
2014/10/28,06,13,,,3,8,,
2014/10/28,07,13,,,3,9,,
2014/10/28,08,14,,,3,9,,
2014/10/28,09,24,,,3,20,,
2014/10/28,10,64,,,13,49,,
2014/10/28,11,152,,,31,119,,
2014/10/28,12,144,,,23,118,,
2014/10/28,13,140,,,20,118,,
2014/10/28,14,135,,,16,117,,
2014/10/28,15,136,,,16,118,,
2014/10/28,16,136,,,16,119,,
2014/10/28,17,142,,,20,120,,
2014/10/28,18,143,,,15,126,,
2014/10/28,19,140,,,13,126,,
2014/10/28,20,139,,,13,124,,
2014/10/28,21,138,,,12,124,,
2014/10/28,22,48,,,3,43,,
2014/10/28,23,13,,,3,8,,
2014/10/28,24,13,,,3,8,,
2014/10/29,01,13,,,3,8,,
2014/10/29,02,12,,,3,8,,
2014/10/29,03,14,,,3,9,,
2014/10/29,04,13,,,3,8,,
2014/10/29,05,13,,,3,8,,
2014/10/29,06,13,,,3,8,,
2014/10/29,07,13,,,3,8,,
2014/10/29,08,13,,,3,9,,
2014/10/29,09,26,,,3,21,,
2014/10/29,10,66,,,6,59,,
2014/10/29,11,152,,,28,122,,
2014/10/29,12,150,,,27,121,,
2014/10/29,13,147,,,25,120,,
2014/10/29,14,143,,,23,119,,
2014/10/29,15,145,,,23,120,,
2014/10/29,16,144,,,24,118,,
2014/10/29,17,146,,,24,120,,
2014/10/29,18,151,,,24,125,,
2014/10/29,19,151,,,24,125,,
2014/10/29,20,150,,,24,124,,
2014/10/29,21,137,,,12,123,,
2014/10/29,22,36,,,4,30,,
2014/10/29,23,12,,,3,8,,
2014/10/29,24,12,,,3,8,,
2014/10/30,01,13,,,3,8,,
2014/10/30,02,12,,,3,8,,
2014/10/30,03,14,,,3,8,,
2014/10/30,04,12,,,3,8,,
2014/10/30,05,13,,,3,8,,
2014/10/30,06,12,,,3,8,,
2014/10/30,07,14,,,3,9,,
2014/10/30,08,13,,,3,9,,
2014/10/30,09,32,,,3,27,,
2014/10/30,10,59,,,4,53,,
2014/10/30,11,127,,,5,120,,
2014/10/30,12,126,,,4,120,,
2014/10/30,13,130,,,10,119,,
2014/10/30,14,131,,,10,118,,
2014/10/30,15,130,,,10,119,,
2014/10/30,16,130,,,9,118,,
2014/10/30,17,132,,,9,120,,
2014/10/30,18,136,,,9,125,,
2014/10/30,19,133,,,6,125,,
2014/10/30,20,131,,,3,126,,
2014/10/30,21,130,,,3,125,,
2014/10/30,22,37,,,3,33,,
2014/10/30,23,31,,,3,27,,
2014/10/30,24,30,,,3,25,,
2014/10/31,01,13,,,3,8,,
2014/10/31,02,12,,,3,8,,
2014/10/31,03,13,,,3,8,,
2014/10/31,04,13,,,3,8,,
2014/10/31,05,12,,,3,8,,
2014/10/31,06,13,,,3,8,,
2014/10/31,07,13,,,3,8,,
2014/10/31,08,13,,,3,8,,
2014/10/31,09,22,,,3,18,,
2014/10/31,10,57,,,4,51,,
2014/10/31,11,124,,,4,118,,
2014/10/31,12,122,,,3,116,,
2014/10/31,13,124,,,6,116,,
2014/10/31,14,127,,,9,116,,
2014/10/31,15,127,,,9,116,,
2014/10/31,16,128,,,9,117,,
2014/10/31,17,129,,,9,117,,
2014/10/31,18,132,,,9,122,,
2014/10/31,19,127,,,3,121,,
2014/10/31,20,125,,,3,120,,
2014/10/31,21,125,,,3,120,,
2014/10/31,22,71,,,3,66,,
2014/10/31,23,11,,,3,7,,
2014/10/31,24,12,,,3,7,,
2014/11/01,01,12,,,3,8,,
2014/11/01,02,13,,,3,8,,
2014/11/01,03,13,,,3,8,,
2014/11/01,04,12,,,3,8,,
2014/11/01,05,13,,,3,8,,
2014/11/01,06,12,,,3,8,,
2014/11/01,07,13,,,3,8,,
2014/11/01,08,13,,,3,8,,
2014/11/01,09,21,,,3,16,,
2014/11/01,10,88,,,29,58,,
2014/11/01,11,163,,,41,120,,
2014/11/01,12,151,,,29,120,,
2014/11/01,13,153,,,30,121,,
2014/11/01,14,148,,,27,120,,
2014/11/01,15,157,,,36,120,,
2014/11/01,16,159,,,36,120,,
2014/11/01,17,159,,,37,121,,
2014/11/01,18,163,,,35,125,,
2014/11/01,19,162,,,35,125,,
2014/11/01,20,161,,,35,124,,
2014/11/01,21,161,,,37,122,,
2014/11/01,22,24,,,3,19,,
2014/11/01,23,12,,,3,8,,
2014/11/01,24,12,,,3,7,,
2014/11/02,01,12,,,3,7,,
2014/11/02,02,13,,,3,8,,
2014/11/02,03,12,,,3,8,,
2014/11/02,04,12,,,3,7,,
2014/11/02,05,12,,,3,7,,
2014/11/02,06,12,,,3,8,,
2014/11/02,07,13,,,3,8,,
2014/11/02,08,12,,,3,7,,
2014/11/02,09,23,,,3,19,,
2014/11/02,10,69,,,9,57,,
2014/11/02,11,150,,,29,120,,
2014/11/02,12,146,,,24,120,,
2014/11/02,13,142,,,21,120,,
2014/11/02,14,142,,,20,121,,
2014/11/02,15,136,,,15,120,,
2014/11/02,16,134,,,12,120,,
2014/11/02,17,138,,,12,124,,
2014/11/02,18,140,,,12,126,,
2014/11/02,19,139,,,12,125,,
2014/11/02,20,138,,,12,124,,
2014/11/02,21,137,,,12,123,,
2014/11/02,22,27,,,4,23,,
2014/11/02,23,12,,,3,7,,
2014/11/02,24,11,,,3,7,,
2014/11/03,01,11,,,3,7,,
2014/11/03,02,12,,,3,7,,
2014/11/03,03,11,,,3,7,,
2014/11/03,04,11,,,3,7,,
2014/11/03,05,11,,,3,7,,
2014/11/03,06,12,,,3,7,,
2014/11/03,07,11,,,3,7,,
2014/11/03,08,12,,,3,7,,
2014/11/03,09,21,,,3,16,,
2014/11/03,10,74,,,17,56,,
2014/11/03,11,150,,,30,119,,
2014/11/03,12,150,,,29,119,,
2014/11/03,13,148,,,27,120,,
2014/11/03,14,153,,,33,119,,
2014/11/03,15,159,,,38,119,,
2014/11/03,16,160,,,40,118,,
2014/11/03,17,163,,,40,122,,
2014/11/03,18,168,,,40,126,,
2014/11/03,19,168,,,41,125,,
2014/11/03,20,167,,,40,125,,
2014/11/03,21,167,,,41,124,,
2014/11/03,22,61,,,13,46,,
2014/11/03,23,12,,,3,8,,
2014/11/03,24,13,,,3,8,,
2014/11/04,01,13,,,3,8,,
2014/11/04,02,12,,,3,8,,
2014/11/04,03,13,,,3,8,,
2014/11/04,04,12,,,3,8,,
2014/11/04,05,13,,,3,8,,
2014/11/04,06,13,,,3,8,,
2014/11/04,07,12,,,3,8,,
2014/11/04,08,13,,,3,8,,
2014/11/04,09,41,,,3,36,,
2014/11/04,10,59,,,3,54,,
2014/11/04,11,123,,,3,118,,
2014/11/04,12,121,,,4,116,,
2014/11/04,13,122,,,4,115,,
2014/11/04,14,121,,,4,116,,
2014/11/04,15,123,,,4,117,,
2014/11/04,16,123,,,4,117,,
2014/11/04,17,125,,,4,119,,
2014/11/04,18,127,,,4,122,,
2014/11/04,19,127,,,3,121,,
2014/11/04,20,126,,,3,122,,
2014/11/04,21,125,,,3,120,,
2014/11/04,22,26,,,3,21,,
2014/11/04,23,13,,,3,8,,
2014/11/04,24,12,,,3,8,,
2014/11/05,01,13,,,3,8,,
2014/11/05,02,12,,,3,8,,
2014/11/05,03,13,,,3,8,,
2014/11/05,04,13,,,3,8,,
2014/11/05,05,12,,,3,8,,
2014/11/05,06,13,,,3,8,,
2014/11/05,07,13,,,3,8,,
2014/11/05,08,13,,,3,8,,
2014/11/05,09,30,,,3,26,,
2014/11/05,10,85,,,27,57,,
2014/11/05,11,155,,,32,121,,
2014/11/05,12,152,,,31,120,,
2014/11/05,13,147,,,25,120,,
2014/11/05,14,143,,,22,119,,
2014/11/05,15,142,,,21,118,,
2014/11/05,16,143,,,21,119,,
2014/11/05,17,147,,,22,123,,
2014/11/05,18,160,,,32,126,,
2014/11/05,19,165,,,36,127,,
2014/11/05,20,165,,,36,127,,
2014/11/05,21,157,,,31,125,,
2014/11/05,22,33,,,4,27,,
2014/11/05,23,13,,,3,8,,
2014/11/05,24,13,,,3,8,,
2014/11/06,01,12,,,3,8,,
2014/11/06,02,13,,,3,8,,
2014/11/06,03,13,,,3,8,,
2014/11/06,04,12,,,3,8,,
2014/11/06,05,13,,,3,8,,
2014/11/06,06,13,,,3,8,,
2014/11/06,07,13,,,3,8,,
2014/11/06,08,13,,,3,9,,
2014/11/06,09,46,,,3,41,,
2014/11/06,10,56,,,3,52,,
2014/11/06,11,125,,,3,120,,
2014/11/06,12,124,,,3,119,,
2014/11/06,13,125,,,3,120,,
2014/11/06,14,124,,,3,119,,
2014/11/06,15,124,,,3,119,,
2014/11/06,16,123,,,3,118,,
2014/11/06,17,126,,,3,121,,
2014/11/06,18,128,,,3,123,,
2014/11/06,19,128,,,3,123,,
2014/11/06,20,126,,,3,122,,
2014/11/06,21,125,,,3,120,,
2014/11/06,22,28,,,3,24,,
2014/11/06,23,12,,,3,7,,
2014/11/06,24,12,,,3,7,,
2014/11/07,01,11,,,3,7,,
2014/11/07,02,13,,,3,8,,
2014/11/07,03,12,,,3,8,,
2014/11/07,04,12,,,3,8,,
2014/11/07,05,12,,,3,8,,
2014/11/07,06,12,,,3,7,,
2014/11/07,07,12,,,3,8,,
2014/11/07,08,14,,,3,10,,
2014/11/07,09,48,,,3,43,,
2014/11/07,10,61,,,3,56,,
2014/11/07,11,120,,,3,115,,
2014/11/07,12,120,,,3,115,,
2014/11/07,13,121,,,5,115,,
2014/11/07,14,121,,,5,115,,
2014/11/07,15,122,,,4,115,,
2014/11/07,16,121,,,4,114,,
2014/11/07,17,124,,,4,118,,
2014/11/07,18,128,,,5,122,,
2014/11/07,19,128,,,5,121,,
2014/11/07,20,128,,,5,121,,
2014/11/07,21,127,,,5,120,,
2014/11/07,22,40,,,3,35,,
2014/11/07,23,12,,,3,8,,
2014/11/07,24,13,,,3,8,,
2014/11/08,01,13,,,3,8,,
2014/11/08,02,13,,,3,8,,
2014/11/08,03,12,,,3,8,,
2014/11/08,04,13,,,3,8,,
2014/11/08,05,13,,,3,8,,
2014/11/08,06,12,,,3,8,,
2014/11/08,07,13,,,3,8,,
2014/11/08,08,13,,,3,8,,
2014/11/08,09,30,,,8,20,,
2014/11/08,10,109,,,48,59,,
2014/11/08,11,188,,,66,120,,
2014/11/08,12,147,,,26,120,,
2014/11/08,13,145,,,22,120,,
2014/11/08,14,143,,,21,120,,
2014/11/08,15,144,,,22,120,,
2014/11/08,16,143,,,22,120,,
2014/11/08,17,148,,,22,124,,
2014/11/08,18,151,,,22,127,,
2014/11/08,19,152,,,23,126,,
2014/11/08,20,159,,,32,125,,
2014/11/08,21,159,,,34,123,,
2014/11/08,22,44,,,8,34,,
2014/11/08,23,13,,,3,8,,
2014/11/08,24,13,,,3,8,,
2014/11/09,01,13,,,3,8,,
2014/11/09,02,12,,,3,8,,
2014/11/09,03,13,,,3,8,,
2014/11/09,04,13,,,3,8,,
2014/11/09,05,13,,,3,8,,
2014/11/09,06,13,,,3,8,,
2014/11/09,07,12,,,3,8,,
2014/11/09,08,13,,,3,9,,
2014/11/09,09,62,,,37,23,,
2014/11/09,10,123,,,63,58,,
2014/11/09,11,159,,,37,120,,
2014/11/09,12,156,,,34,120,,
2014/11/09,13,148,,,27,119,,
2014/11/09,14,148,,,27,120,,
2014/11/09,15,149,,,27,121,,
2014/11/09,16,150,,,27,121,,
2014/11/09,17,154,,,28,124,,
2014/11/09,18,166,,,38,127,,
2014/11/09,19,186,,,58,126,,
2014/11/09,20,166,,,38,126,,
2014/11/09,21,169,,,44,124,,
2014/11/09,22,29,,,4,24,,
2014/11/09,23,13,,,3,8,,
2014/11/09,24,12,,,3,8,,
2014/11/10,01,13,,,3,8,,
2014/11/10,02,13,,,3,8,,
2014/11/10,03,12,,,3,8,,
2014/11/10,04,13,,,3,8,,
2014/11/10,05,13,,,3,8,,
2014/11/10,06,12,,,3,8,,
2014/11/10,07,13,,,3,8,,
2014/11/10,08,13,,,3,8,,
2014/11/10,09,32,,,12,19,,
2014/11/10,10,112,,,59,50,,
2014/11/10,11,146,,,25,120,,
2014/11/10,12,141,,,22,118,,
2014/11/10,13,144,,,23,118,,
2014/11/10,14,144,,,22,120,,
2014/11/10,15,147,,,24,120,,
2014/11/10,16,147,,,25,120,,
2014/11/10,17,150,,,25,124,,
2014/11/10,18,151,,,23,126,,
2014/11/10,19,157,,,30,125,,
2014/11/10,20,155,,,28,125,,
2014/11/10,21,148,,,23,123,,
2014/11/10,22,32,,,4,26,,
2014/11/10,23,13,,,3,8,,
2014/11/10,24,13,,,3,8,,
2014/11/11,01,13,,,3,9,,
2014/11/11,02,13,,,3,8,,
2014/11/11,03,13,,,3,9,,
2014/11/11,04,13,,,3,8,,
2014/11/11,05,13,,,3,8,,
2014/11/11,06,13,,,3,9,,
2014/11/11,07,13,,,3,9,,
2014/11/11,08,14,,,3,9,,
2014/11/11,09,31,,,4,26,,
2014/11/11,10,87,,,33,51,,
2014/11/11,11,201,,,78,120,,
2014/11/11,12,156,,,36,120,,
2014/11/11,13,147,,,26,119,,
2014/11/11,14,144,,,22,120,,
2014/11/11,15,142,,,21,119,,
2014/11/11,16,144,,,21,120,,
2014/11/11,17,145,,,21,122,,
2014/11/11,18,147,,,21,125,,
2014/11/11,19,148,,,21,125,,
2014/11/11,20,163,,,37,124,,
2014/11/11,21,148,,,23,123,,
2014/11/11,22,25,,,4,20,,
2014/11/11,23,14,,,3,9,,
2014/11/11,24,14,,,3,9,,
2014/11/12,01,14,,,3,9,,
2014/11/12,02,13,,,3,9,,
2014/11/12,03,14,,,3,9,,
2014/11/12,04,14,,,3,9,,
2014/11/12,05,14,,,3,9,,
2014/11/12,06,14,,,3,9,,
2014/11/12,07,13,,,3,9,,
2014/11/12,08,14,,,3,9,,
2014/11/12,09,33,,,3,27,,
2014/11/12,10,59,,,5,53,,
2014/11/12,11,126,,,6,118,,
2014/11/12,12,125,,,6,118,,
2014/11/12,13,124,,,5,118,,
2014/11/12,14,125,,,5,119,,
2014/11/12,15,126,,,5,120,,
2014/11/12,16,125,,,5,119,,
2014/11/12,17,127,,,3,122,,
2014/11/12,18,130,,,3,125,,
2014/11/12,19,130,,,3,125,,
2014/11/12,20,128,,,3,124,,
2014/11/12,21,127,,,3,121,,
2014/11/12,22,31,,,3,27,,
2014/11/12,23,13,,,3,8,,
2014/11/12,24,12,,,3,8,,
2014/11/13,01,13,,,3,8,,
2014/11/13,02,12,,,3,8,,
2014/11/13,03,13,,,3,8,,
2014/11/13,04,13,,,3,8,,
2014/11/13,05,12,,,3,8,,
2014/11/13,06,13,,,3,8,,
2014/11/13,07,13,,,3,8,,
2014/11/13,08,13,,,3,8,,
2014/11/13,09,33,,,3,29,,
2014/11/13,10,79,,,26,51,,
2014/11/13,11,195,,,72,120,,
2014/11/13,12,151,,,30,120,,
2014/11/13,13,161,,,40,119,,
2014/11/13,14,146,,,26,119,,
2014/11/13,15,175,,,54,119,,
2014/11/13,16,164,,,43,119,,
2014/11/13,17,174,,,49,124,,
2014/11/13,18,192,,,64,126,,
2014/11/13,19,198,,,69,127,,
2014/11/13,20,154,,,26,126,,
2014/11/13,21,144,,,19,124,,
2014/11/13,22,25,,,3,20,,
2014/11/13,23,12,,,3,8,,
2014/11/13,24,13,,,3,8,,
2014/11/14,01,13,,,3,8,,
2014/11/14,02,12,,,3,8,,
2014/11/14,03,13,,,3,8,,
2014/11/14,04,13,,,3,8,,
2014/11/14,05,13,,,3,8,,
2014/11/14,06,13,,,3,8,,
2014/11/14,07,13,,,3,8,,
2014/11/14,08,13,,,3,8,,
2014/11/14,09,84,,,61,22,,
2014/11/14,10,171,,,109,58,,
2014/11/14,11,175,,,53,121,,
2014/11/14,12,146,,,24,120,,
2014/11/14,13,154,,,31,121,,
2014/11/14,14,145,,,22,121,,
2014/11/14,15,144,,,22,121,,
2014/11/14,16,144,,,21,121,,
2014/11/14,17,148,,,22,125,,
2014/11/14,18,152,,,23,128,,
2014/11/14,19,165,,,36,127,,
2014/11/14,20,151,,,24,126,,
2014/11/14,21,158,,,31,125,,
2014/11/14,22,29,,,4,24,,
2014/11/14,23,13,,,3,8,,
2014/11/14,24,13,,,3,8,,
2014/11/15,01,12,,,3,8,,
2014/11/15,02,13,,,3,8,,
2014/11/15,03,13,,,3,8,,
2014/11/15,04,13,,,3,8,,
2014/11/15,05,12,,,3,8,,
2014/11/15,06,13,,,3,8,,
2014/11/15,07,13,,,3,8,,
2014/11/15,08,13,,,3,8,,
2014/11/15,09,140,,,99,37,,
2014/11/15,10,149,,,95,52,,
2014/11/15,11,217,,,92,122,,
2014/11/15,12,171,,,46,123,,
2014/11/15,13,209,,,86,122,,
2014/11/15,14,179,,,54,122,,
2014/11/15,15,195,,,72,122,,
2014/11/15,16,205,,,80,122,,
2014/11/15,17,192,,,64,126,,
2014/11/15,18,208,,,78,128,,
2014/11/15,19,215,,,85,128,,
2014/11/15,20,224,,,94,128,,
2014/11/15,21,205,,,77,125,,
2014/11/15,22,46,,,10,34,,
2014/11/15,23,12,,,3,8,,
2014/11/15,24,13,,,3,8,,
2014/11/16,01,13,,,3,8,,
2014/11/16,02,13,,,3,8,,
2014/11/16,03,13,,,3,8,,
2014/11/16,04,13,,,3,8,,
2014/11/16,05,12,,,3,8,,
2014/11/16,06,13,,,3,8,,
2014/11/16,07,13,,,3,9,,
2014/11/16,08,13,,,3,8,,
2014/11/16,09,60,,,38,20,,
2014/11/16,10,162,,,98,61,,
2014/11/16,11,151,,,27,122,,
2014/11/16,12,157,,,33,123,,
2014/11/16,13,148,,,23,123,,
2014/11/16,14,148,,,22,124,,
2014/11/16,15,145,,,19,123,,
2014/11/16,16,144,,,20,123,,
2014/11/16,17,150,,,21,127,,
2014/11/16,18,154,,,22,129,,
2014/11/16,19,155,,,24,129,,
2014/11/16,20,154,,,25,128,,
2014/11/16,21,153,,,25,126,,
2014/11/16,22,37,,,6,30,,
2014/11/16,23,12,,,3,8,,
2014/11/16,24,13,,,3,8,,
2014/11/17,01,13,,,3,8,,
2014/11/17,02,12,,,3,8,,
2014/11/17,03,13,,,3,8,,
2014/11/17,04,13,,,3,8,,
2014/11/17,05,13,,,3,8,,
2014/11/17,06,12,,,3,8,,
2014/11/17,07,14,,,3,8,,
2014/11/17,08,13,,,3,9,,
2014/11/17,09,77,,,54,21,,
2014/11/17,10,193,,,126,63,,
2014/11/17,11,186,,,63,122,,
2014/11/17,12,153,,,29,121,,
2014/11/17,13,153,,,29,122,,
2014/11/17,14,151,,,27,122,,
2014/11/17,15,143,,,20,122,,
2014/11/17,16,145,,,21,122,,
2014/11/17,17,149,,,21,126,,
2014/11/17,18,153,,,22,128,,
2014/11/17,19,154,,,24,128,,
2014/11/17,20,152,,,24,127,,
2014/11/17,21,149,,,23,124,,
2014/11/17,22,38,,,4,33,,
2014/11/17,23,13,,,3,8,,
2014/11/17,24,12,,,3,8,,
2014/11/18,01,13,,,3,8,,
2014/11/18,02,13,,,3,8,,
2014/11/18,03,12,,,3,8,,
2014/11/18,04,13,,,3,8,,
2014/11/18,05,13,,,3,8,,
2014/11/18,06,13,,,3,8,,
2014/11/18,07,13,,,3,9,,
2014/11/18,08,13,,,3,8,,
2014/11/18,09,34,,,3,30,,
2014/11/18,10,57,,,5,50,,
2014/11/18,11,252,,,128,120,,
2014/11/18,12,176,,,54,120,,
2014/11/18,13,200,,,78,120,,
2014/11/18,14,211,,,89,120,,
2014/11/18,15,170,,,48,120,,
2014/11/18,16,190,,,69,120,,
2014/11/18,17,177,,,52,122,,
2014/11/18,18,211,,,83,126,,
2014/11/18,19,204,,,77,125,,
2014/11/18,20,225,,,98,125,,
2014/11/18,21,204,,,78,123,,
2014/11/18,22,26,,,3,21,,
2014/11/18,23,13,,,3,8,,
2014/11/18,24,13,,,3,8,,
2014/11/19,01,13,,,3,8,,
2014/11/19,02,12,,,3,8,,
2014/11/19,03,14,,,3,9,,
2014/11/19,04,13,,,3,8,,
2014/11/19,05,12,,,3,8,,
2014/11/19,06,13,,,3,8,,
2014/11/19,07,14,,,3,9,,
2014/11/19,08,13,,,3,9,,
2014/11/19,09,37,,,4,32,,
2014/11/19,10,59,,,5,52,,
2014/11/19,11,268,,,143,122,,
2014/11/19,12,173,,,51,120,,
2014/11/19,13,196,,,74,120,,
2014/11/19,14,161,,,39,119,,
2014/11/19,15,182,,,60,120,,
2014/11/19,16,176,,,54,120,,
2014/11/19,17,178,,,52,124,,
2014/11/19,18,195,,,68,125,,
2014/11/19,19,204,,,75,126,,
2014/11/19,20,217,,,89,125,,
2014/11/19,21,169,,,44,123,,
2014/11/19,22,53,,,7,45,,
2014/11/19,23,13,,,3,8,,
2014/11/19,24,13,,,3,9,,
2014/11/20,01,13,,,3,8,,
2014/11/20,02,13,,,3,8,,
2014/11/20,03,13,,,3,9,,
2014/11/20,04,13,,,3,9,,
2014/11/20,05,13,,,3,9,,
2014/11/20,06,13,,,3,9,,
2014/11/20,07,13,,,3,9,,
2014/11/20,08,14,,,3,9,,
2014/11/20,09,221,,,188,29,,
2014/11/20,10,184,,,127,54,,
2014/11/20,11,217,,,96,119,,
2014/11/20,12,201,,,79,120,,
2014/11/20,13,182,,,60,120,,
2014/11/20,14,175,,,53,120,,
2014/11/20,15,162,,,38,122,,
2014/11/20,16,185,,,60,123,,
2014/11/20,17,168,,,42,125,,
2014/11/20,18,200,,,69,129,,
2014/11/20,19,211,,,80,128,,
2014/11/20,20,213,,,83,127,,
2014/11/20,21,179,,,52,124,,
2014/11/20,22,30,,,5,25,,
2014/11/20,23,13,,,3,8,,
2014/11/20,24,13,,,3,9,,
2014/11/21,01,13,,,3,8,,
2014/11/21,02,13,,,3,9,,
2014/11/21,03,13,,,3,9,,
2014/11/21,04,14,,,3,9,,
2014/11/21,05,13,,,3,9,,
2014/11/21,06,13,,,3,9,,
2014/11/21,07,13,,,3,9,,
2014/11/21,08,14,,,3,9,,
2014/11/21,09,32,,,3,28,,
2014/11/21,10,123,,,69,51,,
2014/11/21,11,277,,,153,120,,
2014/11/21,12,193,,,71,120,,
2014/11/21,13,188,,,66,119,,
2014/11/21,14,170,,,48,120,,
2014/11/21,15,155,,,34,119,,
2014/11/21,16,156,,,34,120,,
2014/11/21,17,179,,,53,124,,
2014/11/21,18,192,,,62,128,,
2014/11/21,19,202,,,73,127,,
2014/11/21,20,202,,,73,126,,
2014/11/21,21,166,,,40,125,,
2014/11/21,22,39,,,5,33,,
2014/11/21,23,13,,,3,8,,
2014/11/21,24,13,,,3,8,,
2014/11/22,01,13,,,3,8,,
2014/11/22,02,13,,,3,8,,
2014/11/22,03,13,,,3,9,,
2014/11/22,04,13,,,3,8,,
2014/11/22,05,13,,,3,8,,
2014/11/22,06,13,,,3,8,,
2014/11/22,07,13,,,3,8,,
2014/11/22,08,13,,,3,9,,
2014/11/22,09,145,,,110,32,,
2014/11/22,10,149,,,86,61,,
2014/11/22,11,156,,,32,122,,
2014/11/22,12,147,,,23,122,,
2014/11/22,13,145,,,19,123,,
2014/11/22,14,140,,,15,123,,
2014/11/22,15,138,,,13,122,,
2014/11/22,16,137,,,13,122,,
2014/11/22,17,140,,,13,125,,
2014/11/22,18,145,,,14,128,,
2014/11/22,19,146,,,16,128,,
2014/11/22,20,147,,,17,128,,
2014/11/22,21,144,,,16,126,,
2014/11/22,22,45,,,3,40,,
2014/11/22,23,13,,,3,8,,
2014/11/22,24,12,,,3,8,,
2014/11/23,01,14,,,3,9,,
2014/11/23,02,13,,,3,9,,
2014/11/23,03,13,,,3,8,,
2014/11/23,04,13,,,3,8,,
2014/11/23,05,13,,,3,8,,
2014/11/23,06,13,,,3,9,,
2014/11/23,07,13,,,3,8,,
2014/11/23,08,13,,,3,9,,
2014/11/23,09,108,,,73,32,,
2014/11/23,10,116,,,61,54,,
2014/11/23,11,164,,,37,125,,
2014/11/23,12,159,,,32,124,,
2014/11/23,13,158,,,32,124,,
2014/11/23,14,157,,,32,123,,
2014/11/23,15,159,,,33,123,,
2014/11/23,16,157,,,33,123,,
2014/11/23,17,162,,,33,126,,
2014/11/23,18,178,,,47,130,,
2014/11/23,19,182,,,50,130,,
2014/11/23,20,212,,,81,128,,
2014/11/23,21,172,,,45,126,,
2014/11/23,22,37,,,6,29,,
2014/11/23,23,13,,,3,9,,
2014/11/23,24,13,,,3,8,,
2014/11/24,01,13,,,3,9,,
2014/11/24,02,13,,,3,9,,
2014/11/24,03,13,,,3,9,,
2014/11/24,04,13,,,3,9,,
2014/11/24,05,14,,,3,9,,
2014/11/24,06,13,,,3,9,,
2014/11/24,07,13,,,3,9,,
2014/11/24,08,14,,,3,9,,
2014/11/24,09,98,,,59,37,,
2014/11/24,10,197,,,139,55,,
2014/11/24,11,238,,,110,125,,
2014/11/24,12,182,,,56,124,,
2014/11/24,13,178,,,52,124,,
2014/11/24,14,160,,,34,124,,
2014/11/24,15,159,,,34,123,,
2014/11/24,16,161,,,34,124,,
2014/11/24,17,179,,,49,128,,
2014/11/24,18,193,,,61,130,,
2014/11/24,19,185,,,53,129,,
2014/11/24,20,211,,,79,129,,
2014/11/24,21,180,,,51,127,,
2014/11/24,22,40,,,8,31,,
2014/11/24,23,14,,,3,9,,
2014/11/24,24,14,,,3,9,,
2014/11/25,01,13,,,3,8,,
2014/11/25,02,13,,,3,8,,
2014/11/25,03,13,,,3,8,,
2014/11/25,04,13,,,3,8,,
2014/11/25,05,13,,,3,8,,
2014/11/25,06,13,,,3,8,,
2014/11/25,07,13,,,3,8,,
2014/11/25,08,13,,,3,9,,
2014/11/25,09,59,,,37,20,,
2014/11/25,10,138,,,86,50,,
2014/11/25,11,160,,,36,122,,
2014/11/25,12,142,,,18,122,,
2014/11/25,13,140,,,17,122,,
2014/11/25,14,141,,,18,121,,
2014/11/25,15,140,,,17,122,,
2014/11/25,16,141,,,16,122,,
2014/11/25,17,145,,,16,128,,
2014/11/25,18,147,,,17,128,,
2014/11/25,19,148,,,18,128,,
2014/11/25,20,148,,,19,128,,
2014/11/25,21,146,,,18,126,,
2014/11/25,22,30,,,3,26,,
2014/11/25,23,14,,,3,9,,
2014/11/25,24,13,,,3,9,,
2014/11/26,01,13,,,3,8,,
2014/11/26,02,13,,,3,9,,
2014/11/26,03,13,,,3,9,,
2014/11/26,04,12,,,3,8,,
2014/11/26,05,13,,,3,8,,
2014/11/26,06,13,,,3,8,,
2014/11/26,07,13,,,3,9,,
2014/11/26,08,15,,,4,9,,
2014/11/26,09,181,,,144,35,,
2014/11/26,10,141,,,80,58,,
2014/11/26,11,217,,,92,123,,
2014/11/26,12,214,,,89,122,,
2014/11/26,13,216,,,93,121,,
2014/11/26,14,206,,,82,123,,
2014/11/26,15,207,,,82,122,,
2014/11/26,16,212,,,87,123,,
2014/11/26,17,221,,,90,129,,
2014/11/26,18,220,,,90,128,,
2014/11/26,19,220,,,89,128,,
2014/11/26,20,227,,,97,128,,
2014/11/26,21,203,,,77,125,,
2014/11/26,22,31,,,6,24,,
2014/11/26,23,14,,,3,9,,
2014/11/26,24,13,,,3,9,,
2014/11/27,01,13,,,3,9,,
2014/11/27,02,13,,,3,8,,
2014/11/27,03,13,,,3,9,,
2014/11/27,04,13,,,3,8,,
2014/11/27,05,13,,,3,8,,
2014/11/27,06,12,,,3,8,,
2014/11/27,07,13,,,3,9,,
2014/11/27,08,14,,,3,9,,
2014/11/27,09,57,,,36,19,,
2014/11/27,10,163,,,102,60,,
2014/11/27,11,164,,,39,122,,
2014/11/27,12,150,,,27,122,,
2014/11/27,13,139,,,17,120,,
2014/11/27,14,137,,,15,121,,
2014/11/27,15,137,,,14,121,,
2014/11/27,16,141,,,16,122,,
2014/11/27,17,144,,,15,127,,
2014/11/27,18,144,,,15,127,,
2014/11/27,19,145,,,16,127,,
2014/11/27,20,153,,,24,127,,
2014/11/27,21,144,,,18,124,,
2014/11/27,22,30,,,3,25,,
2014/11/27,23,14,,,3,9,,
2014/11/27,24,13,,,3,9,,
2014/11/28,01,13,,,3,8,,
2014/11/28,02,13,,,3,8,,
2014/11/28,03,13,,,3,9,,
2014/11/28,04,13,,,3,8,,
2014/11/28,05,12,,,3,8,,
2014/11/28,06,13,,,3,8,,
2014/11/28,07,13,,,3,9,,
2014/11/28,08,13,,,3,9,,
2014/11/28,09,48,,,7,39,,
2014/11/28,10,180,,,126,52,,
2014/11/28,11,234,,,110,123,,
2014/11/28,12,191,,,67,122,,
2014/11/28,13,176,,,52,122,,
2014/11/28,14,161,,,37,122,,
2014/11/28,15,158,,,33,123,,
2014/11/28,16,153,,,29,122,,
2014/11/28,17,157,,,28,128,,
2014/11/28,18,171,,,41,127,,
2014/11/28,19,169,,,41,127,,
2014/11/28,20,166,,,38,126,,
2014/11/28,21,156,,,30,124,,
2014/11/28,22,30,,,3,26,,
2014/11/28,23,14,,,3,9,,
2014/11/28,24,14,,,3,9,,
2014/11/29,01,13,,,3,8,,
2014/11/29,02,12,,,3,8,,
2014/11/29,03,13,,,3,8,,
2014/11/29,04,13,,,3,8,,
2014/11/29,05,13,,,3,8,,
2014/11/29,06,12,,,3,8,,
2014/11/29,07,13,,,3,8,,
2014/11/29,08,13,,,3,9,,
2014/11/29,09,35,,,3,30,,
2014/11/29,10,94,,,38,55,,
2014/11/29,11,199,,,72,124,,
2014/11/29,12,179,,,54,123,,
2014/11/29,13,188,,,63,123,,
2014/11/29,14,180,,,56,122,,
2014/11/29,15,177,,,52,123,,
2014/11/29,16,175,,,50,123,,
2014/11/29,17,180,,,50,128,,
2014/11/29,18,179,,,49,128,,
2014/11/29,19,179,,,50,127,,
2014/11/29,20,178,,,50,126,,
2014/11/29,21,160,,,33,124,,
2014/11/29,22,48,,,4,42,,
2014/11/29,23,14,,,3,9,,
2014/11/29,24,14,,,3,9,,
2014/11/30,01,13,,,3,9,,
2014/11/30,02,13,,,3,8,,
2014/11/30,03,14,,,3,9,,
2014/11/30,04,12,,,3,8,,
2014/11/30,05,13,,,3,8,,
2014/11/30,06,13,,,3,8,,
2014/11/30,07,13,,,3,9,,
2014/11/30,08,14,,,3,9,,
2014/11/30,09,50,,,14,34,,
2014/11/30,10,133,,,78,54,,
2014/11/30,11,197,,,72,122,,
2014/11/30,12,186,,,64,121,,
2014/11/30,13,184,,,60,121,,
2014/11/30,14,178,,,54,122,,
2014/11/30,15,177,,,54,122,,
2014/11/30,16,181,,,56,124,,
2014/11/30,17,191,,,58,130,,
2014/11/30,18,191,,,60,130,,
2014/11/30,19,191,,,61,128,,
2014/11/30,20,190,,,60,127,,
2014/11/30,21,166,,,40,125,,
2014/11/30,22,30,,,4,25,,
2014/11/30,23,14,,,3,9,,
2014/11/30,24,13,,,3,9,,
2014/12/01,01,13,,,3,8,,
2014/12/01,02,13,,,3,8,,
2014/12/01,03,13,,,3,8,,
2014/12/01,04,12,,,3,8,,
2014/12/01,05,13,,,3,8,,
2014/12/01,06,12,,,3,8,,
2014/12/01,07,13,,,3,8,,
2014/12/01,08,13,,,3,8,,
2014/12/01,09,51,,,31,19,,
2014/12/01,10,137,,,67,69,,
2014/12/01,11,171,,,48,121,,
2014/12/01,12,162,,,39,121,,
2014/12/01,13,157,,,34,122,,
2014/12/01,14,151,,,27,122,,
2014/12/01,15,148,,,25,122,,
2014/12/01,16,149,,,25,122,,
2014/12/01,17,154,,,25,128,,
2014/12/01,18,153,,,24,127,,
2014/12/01,19,153,,,25,126,,
2014/12/01,20,154,,,25,127,,
2014/12/01,21,145,,,18,125,,
2014/12/01,22,33,,,4,28,,
2014/12/01,23,14,,,3,9,,
2014/12/01,24,14,,,3,9,,
2014/12/02,01,13,,,3,9,,
2014/12/02,02,13,,,3,8,,
2014/12/02,03,13,,,3,9,,
2014/12/02,04,12,,,3,8,,
2014/12/02,05,13,,,3,8,,
2014/12/02,06,13,,,3,8,,
2014/12/02,07,12,,,3,8,,
2014/12/02,08,14,,,3,9,,
2014/12/02,09,45,,,6,39,,
2014/12/02,10,176,,,119,54,,
2014/12/02,11,233,,,109,122,,
2014/12/02,12,227,,,104,121,,
2014/12/02,13,220,,,96,121,,
2014/12/02,14,214,,,90,122,,
2014/12/02,15,220,,,96,122,,
2014/12/02,16,220,,,94,124,,
2014/12/02,17,265,,,133,129,,
2014/12/02,18,250,,,118,129,,
2014/12/02,19,247,,,115,129,,
2014/12/02,20,244,,,114,128,,
2014/12/02,21,221,,,93,126,,
2014/12/02,22,42,,,9,31,,
2014/12/02,23,13,,,3,9,,
2014/12/02,24,13,,,3,9,,
2014/12/03,01,13,,,3,8,,
2014/12/03,02,13,,,3,9,,
2014/12/03,03,13,,,3,8,,
2014/12/03,04,12,,,3,9,,
2014/12/03,05,13,,,3,8,,
2014/12/03,06,13,,,3,9,,
2014/12/03,07,13,,,3,8,,
2014/12/03,08,13,,,3,9,,
2014/12/03,09,110,,,81,26,,
2014/12/03,10,239,,,178,57,,
2014/12/03,11,207,,,82,123,,
2014/12/03,12,219,,,94,122,,
2014/12/03,13,230,,,105,123,,
2014/12/03,14,191,,,66,122,,
2014/12/03,15,210,,,85,123,,
2014/12/03,16,194,,,71,122,,
2014/12/03,17,210,,,79,128,,
2014/12/03,18,197,,,66,129,,
2014/12/03,19,211,,,82,127,,
2014/12/03,20,191,,,62,127,,
2014/12/03,21,175,,,48,125,,
2014/12/03,22,41,,,3,36,,
2014/12/03,23,13,,,3,8,,
2014/12/03,24,13,,,3,9,,
2014/12/04,01,13,,,3,8,,
2014/12/04,02,13,,,3,8,,
2014/12/04,03,13,,,3,9,,
2014/12/04,04,13,,,3,8,,
2014/12/04,05,13,,,3,8,,
2014/12/04,06,12,,,3,9,,
2014/12/04,07,13,,,3,9,,
2014/12/04,08,14,,,3,9,,
2014/12/04,09,123,,,96,25,,
2014/12/04,10,204,,,147,54,,
2014/12/04,11,198,,,73,122,,
2014/12/04,12,197,,,74,120,,
2014/12/04,13,184,,,60,122,,
2014/12/04,14,180,,,57,122,,
2014/12/04,15,182,,,57,123,,
2014/12/04,16,179,,,56,121,,
2014/12/04,17,188,,,59,128,,
2014/12/04,18,188,,,59,127,,
2014/12/04,19,187,,,59,127,,
2014/12/04,20,192,,,63,126,,
2014/12/04,21,171,,,45,124,,
2014/12/04,22,68,,,12,56,,
2014/12/04,23,13,,,3,8,,
2014/12/04,24,13,,,3,8,,
2014/12/05,01,13,,,3,8,,
2014/12/05,02,13,,,3,8,,
2014/12/05,03,13,,,3,9,,
2014/12/05,04,12,,,3,8,,
2014/12/05,05,13,,,3,8,,
2014/12/05,06,13,,,3,8,,
2014/12/05,07,13,,,3,9,,
2014/12/05,08,13,,,3,9,,
2014/12/05,09,56,,,20,35,,
2014/12/05,10,215,,,159,53,,
2014/12/05,11,208,,,82,123,,
2014/12/05,12,196,,,72,123,,
2014/12/05,13,187,,,61,124,,
2014/12/05,14,186,,,61,122,,
2014/12/05,15,183,,,60,122,,
2014/12/05,16,186,,,61,123,,
2014/12/05,17,198,,,65,130,,
2014/12/05,18,195,,,65,128,,
2014/12/05,19,195,,,67,127,,
2014/12/05,20,195,,,66,127,,
2014/12/05,21,182,,,55,125,,
2014/12/05,22,38,,,11,27,,
2014/12/05,23,13,,,3,8,,
2014/12/05,24,13,,,3,9,,
2014/12/06,01,13,,,3,8,,
2014/12/06,02,13,,,3,8,,
2014/12/06,03,13,,,3,9,,
2014/12/06,04,13,,,3,8,,
2014/12/06,05,13,,,3,9,,
2014/12/06,06,12,,,3,8,,
2014/12/06,07,13,,,3,9,,
2014/12/06,08,13,,,3,9,,
2014/12/06,09,200,,,157,39,,
2014/12/06,10,190,,,136,52,,
2014/12/06,11,215,,,91,122,,
2014/12/06,12,212,,,88,122,,
2014/12/06,13,195,,,70,123,,
2014/12/06,14,193,,,68,123,,
2014/12/06,15,194,,,69,123,,
2014/12/06,16,196,,,71,123,,
2014/12/06,17,199,,,68,129,,
2014/12/06,18,205,,,72,131,,
2014/12/06,19,203,,,70,130,,
2014/12/06,20,201,,,69,130,,
2014/12/06,21,193,,,62,128,,
2014/12/06,22,33,,,4,29,,
2014/12/06,23,14,,,3,9,,
2014/12/06,24,13,,,3,9,,
2014/12/07,01,14,,,3,9,,
2014/12/07,02,13,,,3,9,,
2014/12/07,03,14,,,3,9,,
2014/12/07,04,13,,,3,9,,
2014/12/07,05,14,,,3,9,,
2014/12/07,06,14,,,3,9,,
2014/12/07,07,13,,,3,9,,
2014/12/07,08,14,,,3,10,,
2014/12/07,09,179,,,139,37,,
2014/12/07,10,299,,,186,109,,
2014/12/07,11,276,,,149,123,,
2014/12/07,12,256,,,129,124,,
2014/12/07,13,253,,,126,124,,
2014/12/07,14,232,,,105,124,,
2014/12/07,15,227,,,101,124,,
2014/12/07,16,238,,,112,124,,
2014/12/07,17,248,,,115,130,,
2014/12/07,18,245,,,112,131,,
2014/12/07,19,252,,,119,130,,
2014/12/07,20,278,,,146,129,,
2014/12/07,21,204,,,74,128,,
2014/12/07,22,60,,,8,52,,
2014/12/07,23,13,,,3,8,,
2014/12/07,24,13,,,3,9,,
2014/12/08,01,13,,,3,9,,
2014/12/08,02,13,,,3,9,,
2014/12/08,03,13,,,3,9,,
2014/12/08,04,13,,,3,9,,
2014/12/08,05,13,,,3,9,,
2014/12/08,06,14,,,3,9,,
2014/12/08,07,14,,,3,10,,
2014/12/08,08,14,,,3,10,,
2014/12/08,09,158,,,121,34,,
2014/12/08,10,236,,,179,54,,
2014/12/08,11,228,,,103,122,,
2014/12/08,12,190,,,67,120,,
2014/12/08,13,185,,,62,121,,
2014/12/08,14,179,,,56,121,,
2014/12/08,15,180,,,56,122,,
2014/12/08,16,185,,,61,122,,
2014/12/08,17,190,,,60,128,,
2014/12/08,18,193,,,64,128,,
2014/12/08,19,194,,,64,128,,
2014/12/08,20,195,,,66,127,,
2014/12/08,21,177,,,51,124,,
2014/12/08,22,33,,,5,26,,
2014/12/08,23,13,,,3,8,,
2014/12/08,24,13,,,3,8,,
2014/12/09,01,12,,,3,9,,
2014/12/09,02,13,,,3,8,,
2014/12/09,03,13,,,3,8,,
2014/12/09,04,12,,,3,8,,
2014/12/09,05,13,,,3,8,,
2014/12/09,06,13,,,3,8,,
2014/12/09,07,13,,,3,9,,
2014/12/09,08,13,,,3,9,,
2014/12/09,09,83,,,61,20,,
2014/12/09,10,242,,,188,50,,
2014/12/09,11,227,,,101,124,,
2014/12/09,12,215,,,89,124,,
2014/12/09,13,195,,,68,125,,
2014/12/09,14,191,,,64,125,,
2014/12/09,15,193,,,66,125,,
2014/12/09,16,193,,,66,125,,
2014/12/09,17,206,,,74,130,,
2014/12/09,18,202,,,69,131,,
2014/12/09,19,202,,,69,131,,
2014/12/09,20,218,,,85,130,,
2014/12/09,21,175,,,46,127,,
2014/12/09,22,25,,,3,21,,
2014/12/09,23,13,,,3,9,,
2014/12/09,24,13,,,3,9,,
2014/12/10,01,14,,,3,9,,
2014/12/10,02,13,,,3,9,,
2014/12/10,03,14,,,3,9,,
2014/12/10,04,13,,,3,9,,
2014/12/10,05,13,,,3,9,,
2014/12/10,06,14,,,3,9,,
2014/12/10,07,14,,,3,9,,
2014/12/10,08,13,,,3,10,,
2014/12/10,09,77,,,54,20,,
2014/12/10,10,230,,,171,56,,
2014/12/10,11,206,,,82,122,,
2014/12/10,12,190,,,67,121,,
2014/12/10,13,186,,,59,125,,
2014/12/10,14,181,,,54,124,,
2014/12/10,15,182,,,55,126,,
2014/12/10,16,185,,,58,125,,
2014/12/10,17,190,,,58,130,,
2014/12/10,18,194,,,62,130,,
2014/12/10,19,195,,,63,130,,
2014/12/10,20,195,,,64,129,,
2014/12/10,21,177,,,47,128,,
2014/12/10,22,31,,,5,25,,
2014/12/10,23,13,,,3,8,,
2014/12/10,24,13,,,3,9,,
2014/12/11,01,12,,,3,8,,
2014/12/11,02,13,,,3,8,,
2014/12/11,03,13,,,3,8,,
2014/12/11,04,13,,,3,8,,
2014/12/11,05,12,,,3,8,,
2014/12/11,06,13,,,3,8,,
2014/12/11,07,13,,,3,9,,
2014/12/11,08,14,,,3,9,,
2014/12/11,09,171,,,134,34,,
2014/12/11,10,189,,,133,54,,
2014/12/11,11,226,,,100,124,,
2014/12/11,12,211,,,85,123,,
2014/12/11,13,182,,,58,123,,
2014/12/11,14,177,,,51,124,,
2014/12/11,15,181,,,55,124,,
2014/12/11,16,180,,,54,125,,
2014/12/11,17,186,,,55,130,,
2014/12/11,18,188,,,56,129,,
2014/12/11,19,191,,,60,129,,
2014/12/11,20,188,,,57,129,,
2014/12/11,21,170,,,41,127,,
2014/12/11,22,24,,,4,19,,
2014/12/11,23,13,,,3,8,,
2014/12/11,24,13,,,3,8,,
2014/12/12,01,12,,,3,8,,
2014/12/12,02,13,,,3,8,,
2014/12/12,03,13,,,3,8,,
2014/12/12,04,12,,,3,8,,
2014/12/12,05,13,,,3,8,,
2014/12/12,06,13,,,3,8,,
2014/12/12,07,12,,,3,9,,
2014/12/12,08,13,,,3,9,,
2014/12/12,09,80,,,57,20,,
2014/12/12,10,215,,,153,59,,
2014/12/12,11,217,,,92,123,,
2014/12/12,12,189,,,66,122,,
2014/12/12,13,188,,,64,122,,
2014/12/12,14,184,,,60,122,,
2014/12/12,15,184,,,60,123,,
2014/12/12,16,187,,,61,124,,
2014/12/12,17,192,,,60,129,,
2014/12/12,18,193,,,61,130,,
2014/12/12,19,197,,,66,129,,
2014/12/12,20,192,,,62,128,,
2014/12/12,21,175,,,47,126,,
2014/12/12,22,53,,,6,46,,
2014/12/12,23,13,,,3,9,,
2014/12/12,24,13,,,3,8,,
2014/12/13,01,12,,,3,8,,
2014/12/13,02,13,,,3,8,,
2014/12/13,03,13,,,3,9,,
2014/12/13,04,13,,,3,9,,
2014/12/13,05,13,,,3,9,,
2014/12/13,06,13,,,3,9,,
2014/12/13,07,13,,,3,9,,
2014/12/13,08,14,,,3,9,,
2014/12/13,09,72,,,50,20,,
2014/12/13,10,250,,,186,60,,
2014/12/13,11,234,,,108,124,,
2014/12/13,12,203,,,76,125,,
2014/12/13,13,221,,,92,126,,
2014/12/13,14,200,,,72,126,,
2014/12/13,15,197,,,70,125,,
2014/12/13,16,202,,,74,125,,
2014/12/13,17,216,,,83,132,,
2014/12/13,18,216,,,82,132,,
2014/12/13,19,206,,,73,131,,
2014/12/13,20,221,,,89,130,,
2014/12/13,21,182,,,52,128,,
2014/12/13,22,29,,,4,24,,
2014/12/13,23,13,,,3,9,,
2014/12/13,24,13,,,3,9,,
2014/12/14,01,13,,,3,9,,
2014/12/14,02,13,,,3,9,,
2014/12/14,03,13,,,3,9,,
2014/12/14,04,13,,,3,8,,
2014/12/14,05,13,,,3,9,,
2014/12/14,06,13,,,3,9,,
2014/12/14,07,13,,,3,9,,
2014/12/14,08,13,,,3,9,,
2014/12/14,09,142,,,109,28,,
2014/12/14,10,248,,,182,62,,
2014/12/14,11,267,,,138,126,,
2014/12/14,12,240,,,112,126,,
2014/12/14,13,217,,,88,126,,
2014/12/14,14,237,,,106,127,,
2014/12/14,15,220,,,90,128,,
2014/12/14,16,237,,,106,127,,
2014/12/14,17,233,,,98,134,,
2014/12/14,18,242,,,105,134,,
2014/12/14,19,250,,,113,134,,
2014/12/14,20,220,,,86,131,,
2014/12/14,21,200,,,70,129,,
2014/12/14,22,43,,,4,38,,
2014/12/14,23,13,,,3,9,,
2014/12/14,24,13,,,3,9,,
2014/12/15,01,13,,,3,9,,
2014/12/15,02,13,,,3,9,,
2014/12/15,03,13,,,3,9,,
2014/12/15,04,13,,,3,9,,
2014/12/15,05,14,,,3,9,,
2014/12/15,06,13,,,3,9,,
2014/12/15,07,14,,,3,9,,
2014/12/15,08,13,,,3,9,,
2014/12/15,09,174,,,137,33,,
2014/12/15,10,249,,,191,53,,
2014/12/15,11,255,,,130,122,,
2014/12/15,12,222,,,97,122,,
2014/12/15,13,210,,,84,124,,
2014/12/15,14,206,,,80,124,,
2014/12/15,15,203,,,77,124,,
2014/12/15,16,201,,,76,122,,
2014/12/15,17,207,,,76,128,,
2014/12/15,18,217,,,85,130,,
2014/12/15,19,235,,,103,130,,
2014/12/15,20,213,,,82,128,,
2014/12/15,21,201,,,72,127,,
2014/12/15,22,50,,,11,38,,
2014/12/15,23,13,,,3,8,,
2014/12/15,24,13,,,3,9,,
2014/12/16,01,13,,,3,9,,
2014/12/16,02,13,,,3,9,,
2014/12/16,03,13,,,3,9,,
2014/12/16,04,13,,,3,9,,
2014/12/16,05,14,,,3,9,,
2014/12/16,06,13,,,3,9,,
2014/12/16,07,14,,,3,9,,
2014/12/16,08,14,,,3,10,,
2014/12/16,09,53,,,34,18,,
2014/12/16,10,258,,,199,54,,
2014/12/16,11,277,,,149,124,,
2014/12/16,12,226,,,102,122,,
2014/12/16,13,237,,,112,123,,
2014/12/16,14,232,,,106,123,,
2014/12/16,15,217,,,92,123,,
2014/12/16,16,216,,,90,124,,
2014/12/16,17,222,,,90,130,,
2014/12/16,18,230,,,98,130,,
2014/12/16,19,222,,,92,129,,
2014/12/16,20,221,,,89,129,,
2014/12/16,21,178,,,49,127,,
2014/12/16,22,23,,,4,18,,
2014/12/16,23,13,,,3,9,,
2014/12/16,24,13,,,3,9,,
2014/12/17,01,13,,,3,9,,
2014/12/17,02,13,,,3,9,,
2014/12/17,03,13,,,3,9,,
2014/12/17,04,13,,,3,9,,
2014/12/17,05,13,,,3,9,,
2014/12/17,06,13,,,3,9,,
2014/12/17,07,13,,,3,9,,
2014/12/17,08,14,,,3,9,,
2014/12/17,09,170,,,134,32,,
2014/12/17,10,246,,,187,56,,
2014/12/17,11,255,,,128,124,,
2014/12/17,12,246,,,119,124,,
2014/12/17,13,229,,,103,124,,
2014/12/17,14,234,,,107,124,,
2014/12/17,15,234,,,106,126,,
2014/12/17,16,236,,,110,125,,
2014/12/17,17,235,,,102,130,,
2014/12/17,18,225,,,92,130,,
2014/12/17,19,238,,,107,129,,
2014/12/17,20,241,,,110,128,,
2014/12/17,21,188,,,60,127,,
2014/12/17,22,21,,,3,16,,
2014/12/17,23,13,,,3,9,,
2014/12/17,24,13,,,3,9,,
2014/12/18,01,14,,,3,9,,
2014/12/18,02,13,,,3,9,,
2014/12/18,03,13,,,3,9,,
2014/12/18,04,14,,,3,9,,
2014/12/18,05,14,,,3,9,,
2014/12/18,06,13,,,3,9,,
2014/12/18,07,14,,,3,9,,
2014/12/18,08,13,,,3,10,,
2014/12/18,09,100,,,73,24,,
2014/12/18,10,269,,,203,61,,
2014/12/18,11,279,,,152,123,,
2014/12/18,12,234,,,109,122,,
2014/12/18,13,228,,,104,122,,
2014/12/18,14,227,,,102,122,,
2014/12/18,15,222,,,97,123,,
2014/12/18,16,221,,,97,122,,
2014/12/18,17,222,,,91,129,,
2014/12/18,18,228,,,96,130,,
2014/12/18,19,226,,,94,129,,
2014/12/18,20,227,,,96,128,,
2014/12/18,21,173,,,45,127,,
2014/12/18,22,29,,,3,25,,
2014/12/18,23,12,,,3,8,,
2014/12/18,24,14,,,3,9,,
2014/12/19,01,13,,,3,9,,
2014/12/19,02,13,,,3,9,,
2014/12/19,03,13,,,3,10,,
2014/12/19,04,14,,,3,9,,
2014/12/19,05,14,,,3,9,,
2014/12/19,06,13,,,3,9,,
2014/12/19,07,14,,,3,10,,
2014/12/19,08,14,,,3,10,,
2014/12/19,09,63,,,43,19,,
2014/12/19,10,258,,,193,60,,
2014/12/19,11,249,,,122,124,,
2014/12/19,12,213,,,89,122,,
2014/12/19,13,197,,,71,124,,
2014/12/19,14,193,,,67,124,,
2014/12/19,15,196,,,69,124,,
2014/12/19,16,196,,,70,124,,
2014/12/19,17,214,,,82,130,,
2014/12/19,18,201,,,68,130,,
2014/12/19,19,215,,,85,129,,
2014/12/19,20,217,,,85,129,,
2014/12/19,21,179,,,51,127,,
2014/12/19,22,44,,,4,38,,
2014/12/19,23,13,,,3,8,,
2014/12/19,24,12,,,3,8,,
2014/12/20,01,13,,,3,8,,
2014/12/20,02,12,,,3,8,,
2014/12/20,03,13,,,3,9,,
2014/12/20,04,13,,,3,9,,
2014/12/20,05,13,,,3,9,,
2014/12/20,06,13,,,3,9,,
2014/12/20,07,13,,,3,9,,
2014/12/20,08,14,,,3,9,,
2014/12/20,09,185,,,147,34,,
2014/12/20,10,238,,,175,60,,
2014/12/20,11,244,,,118,124,,
2014/12/20,12,230,,,104,124,,
2014/12/20,13,206,,,79,125,,
2014/12/20,14,220,,,90,126,,
2014/12/20,15,203,,,74,127,,
2014/12/20,16,202,,,73,127,,
2014/12/20,17,228,,,91,135,,
2014/12/20,18,209,,,74,133,,
2014/12/20,19,207,,,72,133,,
2014/12/20,20,222,,,87,132,,
2014/12/20,21,185,,,54,130,,
2014/12/20,22,32,,,6,25,,
2014/12/20,23,12,,,3,8,,
2014/12/20,24,13,,,3,9,,
2014/12/21,01,13,,,3,8,,
2014/12/21,02,12,,,3,8,,
2014/12/21,03,13,,,3,8,,
2014/12/21,04,13,,,3,8,,
2014/12/21,05,12,,,3,8,,
2014/12/21,06,13,,,3,8,,
2014/12/21,07,13,,,3,9,,
2014/12/21,08,13,,,3,9,,
2014/12/21,09,166,,,128,34,,
2014/12/21,10,209,,,154,52,,
2014/12/21,11,242,,,114,126,,
2014/12/21,12,229,,,101,126,,
2014/12/21,13,229,,,101,126,,
2014/12/21,14,206,,,76,128,,
2014/12/21,15,208,,,78,128,,
2014/12/21,16,204,,,74,127,,
2014/12/21,17,209,,,74,132,,
2014/12/21,18,216,,,81,133,,
2014/12/21,19,236,,,101,133,,
2014/12/21,20,217,,,85,130,,
2014/12/21,21,180,,,52,127,,
2014/12/21,22,27,,,3,22,,
2014/12/21,23,12,,,3,9,,
2014/12/21,24,14,,,3,9,,
2014/12/22,01,13,,,3,9,,
2014/12/22,02,13,,,3,9,,
2014/12/22,03,14,,,3,10,,
2014/12/22,04,14,,,3,10,,
2014/12/22,05,14,,,3,10,,
2014/12/22,06,14,,,3,10,,
2014/12/22,07,14,,,3,10,,
2014/12/22,08,14,,,3,10,,
2014/12/22,09,115,,,85,27,,
2014/12/22,10,270,,,211,55,,
2014/12/22,11,262,,,135,124,,
2014/12/22,12,227,,,101,124,,
2014/12/22,13,202,,,75,124,,
2014/12/22,14,201,,,75,124,,
2014/12/22,15,207,,,81,124,,
2014/12/22,16,203,,,76,125,,
2014/12/22,17,227,,,94,130,,
2014/12/22,18,214,,,80,132,,
2014/12/22,19,226,,,94,130,,
2014/12/22,20,233,,,102,128,,
2014/12/22,21,182,,,54,126,,
2014/12/22,22,31,,,10,20,,
2014/12/22,23,13,,,3,9,,
2014/12/22,24,13,,,3,9,,
2014/12/23,01,13,,,3,9,,
2014/12/23,02,13,,,3,9,,
2014/12/23,03,14,,,3,9,,
2014/12/23,04,13,,,3,9,,
2014/12/23,05,14,,,3,10,,
2014/12/23,06,14,,,3,9,,
2014/12/23,07,14,,,3,10,,
2014/12/23,08,14,,,3,10,,
2014/12/23,09,135,,,105,28,,
2014/12/23,10,250,,,190,55,,
2014/12/23,11,266,,,141,123,,
2014/12/23,12,239,,,112,123,,
2014/12/23,13,228,,,101,125,,
2014/12/23,14,204,,,76,125,,
2014/12/23,15,215,,,86,127,,
2014/12/23,16,201,,,73,126,,
2014/12/23,17,207,,,73,132,,
2014/12/23,18,227,,,92,132,,
2014/12/23,19,212,,,79,131,,
2014/12/23,20,218,,,84,131,,
2014/12/23,21,193,,,61,130,,
2014/12/23,22,44,,,5,38,,
2014/12/23,23,13,,,3,9,,
2014/12/23,24,13,,,3,9,,
2014/12/24,01,13,,,3,9,,
2014/12/24,02,13,,,3,9,,
2014/12/24,03,13,,,3,9,,
2014/12/24,04,13,,,3,9,,
2014/12/24,05,14,,,3,9,,
2014/12/24,06,13,,,3,9,,
2014/12/24,07,14,,,3,9,,
2014/12/24,08,14,,,3,10,,
2014/12/24,09,94,,,69,22,,
2014/12/24,10,262,,,196,62,,
2014/12/24,11,241,,,114,125,,
2014/12/24,12,221,,,96,123,,
2014/12/24,13,212,,,86,124,,
2014/12/24,14,192,,,66,123,,
2014/12/24,15,193,,,67,124,,
2014/12/24,16,193,,,67,124,,
2014/12/24,17,199,,,67,130,,
2014/12/24,18,201,,,68,130,,
2014/12/24,19,216,,,85,129,,
2014/12/24,20,197,,,68,127,,
2014/12/24,21,174,,,47,126,,
2014/12/24,22,43,,,7,34,,
2014/12/24,23,13,,,3,8,,
2014/12/24,24,13,,,3,9,,
2014/12/25,01,12,,,3,9,,
2014/12/25,02,13,,,3,9,,
2014/12/25,03,13,,,3,8,,
2014/12/25,04,13,,,3,9,,
2014/12/25,05,13,,,3,9,,
2014/12/25,06,12,,,3,9,,
2014/12/25,07,13,,,3,9,,
2014/12/25,08,14,,,3,9,,
2014/12/25,09,152,,,123,26,,
2014/12/25,10,227,,,166,57,,
2014/12/25,11,299,,,171,125,,
2014/12/25,12,277,,,150,124,,
2014/12/25,13,290,,,162,124,,
2014/12/25,14,278,,,151,124,,
2014/12/25,15,297,,,166,127,,
2014/12/25,16,300,,,171,126,,
2014/12/25,17,298,,,163,132,,
2014/12/25,18,288,,,152,133,,
2014/12/25,19,305,,,168,134,,
2014/12/25,20,309,,,175,131,,
2014/12/25,21,242,,,110,129,,
2014/12/25,22,54,,,6,46,,
2014/12/25,23,14,,,4,9,,
2014/12/25,24,14,,,4,9,,
2014/12/26,01,14,,,4,9,,
2014/12/26,02,14,,,4,9,,
2014/12/26,03,14,,,4,9,,
2014/12/26,04,15,,,4,9,,
2014/12/26,05,14,,,4,9,,
2014/12/26,06,15,,,4,10,,
2014/12/26,07,14,,,4,9,,
2014/12/26,08,15,,,4,10,,
2014/12/26,09,180,,,142,34,,
2014/12/26,10,258,,,200,54,,
2014/12/26,11,268,,,141,124,,
2014/12/26,12,249,,,123,123,,
2014/12/26,13,232,,,105,124,,
2014/12/26,14,216,,,90,124,,
2014/12/26,15,228,,,100,126,,
2014/12/26,16,220,,,93,125,,
2014/12/26,17,231,,,98,130,,
2014/12/26,18,244,,,111,130,,
2014/12/26,19,251,,,119,130,,
2014/12/26,20,221,,,89,129,,
2014/12/26,21,211,,,82,128,,
2014/12/26,22,39,,,8,30,,
2014/12/26,23,13,,,3,9,,
2014/12/26,24,13,,,3,9,,
2014/12/27,01,13,,,3,9,,
2014/12/27,02,13,,,3,9,,
2014/12/27,03,14,,,3,9,,
2014/12/27,04,13,,,3,9,,
2014/12/27,05,13,,,3,9,,
2014/12/27,06,14,,,3,9,,
2014/12/27,07,13,,,3,9,,
2014/12/27,08,14,,,3,10,,
2014/12/27,09,156,,,116,36,,
2014/12/27,10,280,,,215,60,,
2014/12/27,11,286,,,158,124,,
2014/12/27,12,236,,,111,123,,
2014/12/27,13,242,,,114,124,,
2014/12/27,14,213,,,84,127,,
2014/12/27,15,232,,,102,127,,
2014/12/27,16,212,,,84,125,,
2014/12/27,17,222,,,86,134,,
2014/12/27,18,235,,,99,133,,
2014/12/27,19,227,,,92,132,,
2014/12/27,20,260,,,126,131,,
2014/12/27,21,190,,,60,129,,
2014/12/27,22,79,,,38,39,,
2014/12/27,23,48,,,38,9,,
2014/12/27,24,49,,,39,10,,
2014/12/28,01,51,,,40,10,,
2014/12/28,02,47,,,37,10,,
2014/12/28,03,49,,,38,10,,
2014/12/28,04,45,,,35,10,,
2014/12/28,05,48,,,37,10,,
2014/12/28,06,46,,,36,10,,
2014/12/28,07,47,,,36,10,,
2014/12/28,08,48,,,37,10,,
2014/12/28,09,266,,,221,40,,
2014/12/28,10,264,,,201,58,,
2014/12/28,11,309,,,181,124,,
2014/12/28,12,273,,,148,122,,
2014/12/28,13,255,,,127,125,,
2014/12/28,14,247,,,120,124,,
2014/12/28,15,225,,,98,124,,
2014/12/28,16,232,,,105,124,,
2014/12/28,17,261,,,126,131,,
2014/12/28,18,263,,,129,132,,
2014/12/28,19,290,,,155,131,,
2014/12/28,20,297,,,164,130,,
2014/12/28,21,235,,,105,128,,
2014/12/28,22,39,,,9,28,,
2014/12/28,23,13,,,3,9,,
2014/12/28,24,14,,,3,10,,
2014/12/29,01,13,,,3,9,,
2014/12/29,02,14,,,3,9,,
2014/12/29,03,14,,,3,9,,
2014/12/29,04,13,,,3,10,,
2014/12/29,05,14,,,3,10,,
2014/12/29,06,14,,,3,10,,
2014/12/29,07,14,,,3,9,,
2014/12/29,08,14,,,3,10,,
2014/12/29,09,68,,,46,20,,
2014/12/29,10,273,,,211,57,,
2014/12/29,11,290,,,162,125,,
2014/12/29,12,246,,,121,122,,
2014/12/29,13,234,,,108,123,,
2014/12/29,14,234,,,108,123,,
2014/12/29,15,236,,,110,124,,
2014/12/29,16,240,,,112,126,,
2014/12/29,17,230,,,98,130,,
2014/12/29,18,225,,,93,130,,
2014/12/29,19,237,,,105,130,,
2014/12/29,20,242,,,109,130,,
2014/12/29,21,188,,,59,128,,
2014/12/29,22,48,,,17,29,,
2014/12/29,23,12,,,3,8,,
2014/12/29,24,13,,,3,9,,
2014/12/30,01,13,,,3,9,,
2014/12/30,02,13,,,3,9,,
2014/12/30,03,13,,,3,8,,
2014/12/30,04,13,,,3,8,,
2014/12/30,05,13,,,3,9,,
2014/12/30,06,12,,,3,9,,
2014/12/30,07,14,,,3,9,,
2014/12/30,08,13,,,3,9,,
2014/12/30,09,165,,,135,25,,
2014/12/30,10,235,,,188,44,,
2014/12/30,11,234,,,106,125,,
2014/12/30,12,215,,,89,124,,
2014/12/30,13,197,,,70,125,,
2014/12/30,14,191,,,65,124,,
2014/12/30,15,194,,,67,125,,
2014/12/30,16,194,,,67,126,,
2014/12/30,17,204,,,70,131,,
2014/12/30,18,201,,,68,131,,
2014/12/30,19,205,,,73,130,,
2014/12/30,20,204,,,73,129,,
2014/12/30,21,191,,,60,128,,
2014/12/30,22,32,,,6,26,,
2014/12/30,23,13,,,3,9,,
2014/12/30,24,13,,,3,9,,
2014/12/31,01,13,,,3,9,,
2014/12/31,02,12,,,3,8,,
2014/12/31,03,14,,,3,9,,
2014/12/31,04,13,,,3,9,,
2014/12/31,05,13,,,3,9,,
2014/12/31,06,13,,,3,9,,
2014/12/31,07,13,,,3,9,,
2014/12/31,08,14,,,3,9,,
2014/12/31,09,168,,,128,36,,
2014/12/31,10,236,,,174,59,,
2014/12/31,11,228,,,101,124,,
2014/12/31,12,204,,,78,124,,
2014/12/31,13,195,,,68,125,,
2014/12/31,14,194,,,66,126,,
2014/12/31,15,192,,,64,124,,
2014/12/31,16,194,,,67,125,,
2014/12/31,17,199,,,66,131,,
2014/12/31,18,202,,,69,131,,
2014/12/31,19,201,,,70,130,,
2014/12/31,20,159,,,76,81,,
2014/12/31,21,20,,,8,12,,
2014/12/31,22,13,,,3,8,,
2014/12/31,23,12,,,3,8,,
2014/12/31,24,12,,,3,8,,
