計測日,計測時間,全体,空調,照明,動力,電灯,冷凍・冷熱,その他
2014/01/01,01,106,,,72,26,,
2014/01/01,02,99,,,67,26,,
2014/01/01,03,99,,,65,27,,
2014/01/01,04,105,,,69,30,,
2014/01/01,05,153,,,91,57,,
2014/01/01,06,163,,,100,57,,
2014/01/01,07,116,,,66,44,,
2014/01/01,08,184,,,111,67,,
2014/01/01,09,225,,,145,73,,
2014/01/01,10,238,,,159,73,,
2014/01/01,11,236,,,156,74,,
2014/01/01,12,284,,,199,77,,
2014/01/01,13,290,,,208,75,,
2014/01/01,14,295,,,210,78,,
2014/01/01,15,277,,,193,77,,
2014/01/01,16,287,,,204,76,,
2014/01/01,17,272,,,195,69,,
2014/01/01,18,269,,,194,67,,
2014/01/01,19,248,,,176,65,,
2014/01/01,20,267,,,191,69,,
2014/01/01,21,224,,,149,68,,
2014/01/01,22,231,,,159,66,,
2014/01/01,23,215,,,144,64,,
2014/01/01,24,204,,,132,66,,
2014/01/02,01,196,,,124,66,,
2014/01/02,02,186,,,112,67,,
2014/01/02,03,190,,,116,68,,
2014/01/02,04,172,,,103,62,,
2014/01/02,05,156,,,94,57,,
2014/01/02,06,159,,,95,57,,
2014/01/02,07,193,,,124,63,,
2014/01/02,08,232,,,154,73,,
2014/01/02,09,281,,,201,75,,
2014/01/02,10,302,,,215,81,,
2014/01/02,11,302,,,214,81,,
2014/01/02,12,338,,,249,81,,
2014/01/02,13,351,,,262,82,,
2014/01/02,14,326,,,238,81,,
2014/01/02,15,301,,,216,78,,
2014/01/02,16,276,,,193,76,,
2014/01/02,17,282,,,203,72,,
2014/01/02,18,279,,,192,80,,
2014/01/02,19,269,,,187,75,,
2014/01/02,20,253,,,181,65,,
2014/01/02,21,228,,,158,63,,
2014/01/02,22,204,,,137,61,,
2014/01/02,23,206,,,140,60,,
2014/01/02,24,203,,,135,61,,
2014/01/03,01,186,,,114,66,,
2014/01/03,02,186,,,116,65,,
2014/01/03,03,180,,,115,60,,
2014/01/03,04,160,,,97,57,,
2014/01/03,05,166,,,103,57,,
2014/01/03,06,165,,,101,57,,
2014/01/03,07,186,,,119,62,,
2014/01/03,08,240,,,162,72,,
2014/01/03,09,291,,,207,79,,
2014/01/03,10,304,,,206,92,,
2014/01/03,11,319,,,216,97,,
2014/01/03,12,346,,,242,97,,
2014/01/03,13,352,,,257,87,,
2014/01/03,14,330,,,227,97,,
2014/01/03,15,325,,,221,97,,
2014/01/03,16,297,,,200,90,,
2014/01/03,17,282,,,187,88,,
2014/01/03,18,286,,,186,93,,
2014/01/03,19,283,,,187,89,,
2014/01/03,20,261,,,180,74,,
2014/01/03,21,234,,,157,70,,
2014/01/03,22,211,,,137,68,,
2014/01/03,23,192,,,122,63,,
2014/01/03,24,195,,,125,64,,
2014/01/04,01,202,,,127,68,,
2014/01/04,02,184,,,109,68,,
2014/01/04,03,183,,,109,68,,
2014/01/04,04,175,,,104,65,,
2014/01/04,05,170,,,103,60,,
2014/01/04,06,168,,,102,60,,
2014/01/04,07,216,,,148,62,,
2014/01/04,08,240,,,163,71,,
2014/01/04,09,285,,,200,79,,
2014/01/04,10,323,,,225,92,,
2014/01/04,11,321,,,218,97,,
2014/01/04,12,352,,,249,95,,
2014/01/04,13,352,,,258,88,,
2014/01/04,14,334,,,237,90,,
2014/01/04,15,307,,,213,87,,
2014/01/04,16,282,,,191,84,,
2014/01/04,17,290,,,200,83,,
2014/01/04,18,288,,,194,87,,
2014/01/04,19,282,,,189,86,,
2014/01/04,20,257,,,175,74,,
2014/01/04,21,218,,,146,66,,
2014/01/04,22,190,,,121,63,,
2014/01/04,23,192,,,120,67,,
2014/01/04,24,189,,,111,71,,
2014/01/05,01,193,,,118,68,,
2014/01/05,02,180,,,105,69,,
2014/01/05,03,191,,,118,66,,
2014/01/05,04,157,,,92,60,,
2014/01/05,05,174,,,109,59,,
2014/01/05,06,176,,,113,58,,
2014/01/05,07,193,,,126,60,,
2014/01/05,08,249,,,173,70,,
2014/01/05,09,281,,,199,77,,
2014/01/05,10,302,,,213,83,,
2014/01/05,11,304,,,211,86,,
2014/01/05,12,333,,,242,84,,
2014/01/05,13,339,,,251,81,,
2014/01/05,14,333,,,240,86,,
2014/01/05,15,289,,,201,81,,
2014/01/05,16,291,,,207,78,,
2014/01/05,17,282,,,202,74,,
2014/01/05,18,279,,,191,81,,
2014/01/05,19,281,,,196,77,,
2014/01/05,20,227,,,154,66,,
2014/01/05,21,204,,,132,66,,
2014/01/05,22,180,,,112,62,,
2014/01/05,23,205,,,132,67,,
2014/01/05,24,192,,,117,69,,
2014/01/06,01,185,,,114,66,,
2014/01/06,02,181,,,109,66,,
2014/01/06,03,181,,,109,66,,
2014/01/06,04,164,,,100,59,,
2014/01/06,05,169,,,104,60,,
2014/01/06,06,180,,,116,58,,
2014/01/06,07,199,,,131,62,,
2014/01/06,08,260,,,180,74,,
2014/01/06,09,309,,,218,86,,
2014/01/06,10,324,,,210,107,,
2014/01/06,11,343,,,225,112,,
2014/01/06,12,356,,,240,109,,
2014/01/06,13,364,,,261,96,,
2014/01/06,14,362,,,245,110,,
2014/01/06,15,308,,,197,104,,
2014/01/06,16,299,,,196,96,,
2014/01/06,17,308,,,207,95,,
2014/01/06,18,288,,,180,100,,
2014/01/06,19,286,,,181,98,,
2014/01/06,20,238,,,152,79,,
2014/01/06,21,211,,,132,72,,
2014/01/06,22,184,,,115,64,,
2014/01/06,23,189,,,116,67,,
2014/01/06,24,205,,,133,66,,
2014/01/07,01,197,,,123,68,,
2014/01/07,02,183,,,113,65,,
2014/01/07,03,191,,,122,63,,
2014/01/07,04,161,,,98,57,,
2014/01/07,05,163,,,100,56,,
2014/01/07,06,161,,,101,54,,
2014/01/07,07,189,,,123,61,,
2014/01/07,08,251,,,174,70,,
2014/01/07,09,304,,,216,82,,
2014/01/07,10,321,,,203,111,,
2014/01/07,11,351,,,229,115,,
2014/01/07,12,378,,,256,115,,
2014/01/07,13,374,,,269,98,,
2014/01/07,14,363,,,246,111,,
2014/01/07,15,303,,,191,105,,
2014/01/07,16,312,,,203,102,,
2014/01/07,17,308,,,201,100,,
2014/01/07,18,300,,,189,104,,
2014/01/07,19,301,,,196,96,,
2014/01/07,20,271,,,174,89,,
2014/01/07,21,228,,,145,76,,
2014/01/07,22,197,,,127,64,,
2014/01/07,23,204,,,138,61,,
2014/01/07,24,216,,,141,69,,
2014/01/08,01,204,,,129,69,,
2014/01/08,02,184,,,112,66,,
2014/01/08,03,184,,,114,64,,
2014/01/08,04,162,,,100,56,,
2014/01/08,05,153,,,91,57,,
2014/01/08,06,163,,,100,57,,
2014/01/08,07,186,,,120,60,,
2014/01/08,08,260,,,185,69,,
2014/01/08,09,301,,,214,80,,
2014/01/08,10,323,,,211,106,,
2014/01/08,11,333,,,215,111,,
2014/01/08,12,364,,,239,118,,
2014/01/08,13,384,,,275,101,,
2014/01/08,14,362,,,246,109,,
2014/01/08,15,306,,,194,105,,
2014/01/08,16,312,,,205,101,,
2014/01/08,17,307,,,200,100,,
2014/01/08,18,293,,,186,99,,
2014/01/08,19,296,,,194,94,,
2014/01/08,20,255,,,165,82,,
2014/01/08,21,233,,,153,73,,
2014/01/08,22,196,,,126,64,,
2014/01/08,23,199,,,130,63,,
2014/01/08,24,201,,,134,61,,
2014/01/09,01,186,,,113,67,,
2014/01/09,02,175,,,106,64,,
2014/01/09,03,186,,,116,64,,
2014/01/09,04,178,,,109,63,,
2014/01/09,05,193,,,123,64,,
2014/01/09,06,178,,,116,57,,
2014/01/09,07,189,,,122,61,,
2014/01/09,08,241,,,163,71,,
2014/01/09,09,289,,,203,79,,
2014/01/09,10,307,,,201,100,,
2014/01/09,11,326,,,212,107,,
2014/01/09,12,354,,,238,109,,
2014/01/09,13,369,,,265,97,,
2014/01/09,14,353,,,238,108,,
2014/01/09,15,289,,,185,98,,
2014/01/09,16,301,,,197,97,,
2014/01/09,17,308,,,206,94,,
2014/01/09,18,277,,,176,94,,
2014/01/09,19,294,,,195,92,,
2014/01/09,20,240,,,156,78,,
2014/01/09,21,212,,,135,71,,
2014/01/09,22,192,,,124,62,,
2014/01/09,23,191,,,123,62,,
2014/01/09,24,186,,,120,61,,
2014/01/10,01,180,,,110,65,,
2014/01/10,02,176,,,106,64,,
2014/01/10,03,179,,,108,65,,
2014/01/10,04,185,,,114,65,,
2014/01/10,05,171,,,103,62,,
2014/01/10,06,170,,,106,57,,
2014/01/10,07,195,,,126,64,,
2014/01/10,08,254,,,177,71,,
2014/01/10,09,289,,,204,79,,
2014/01/10,10,345,,,234,104,,
2014/01/10,11,352,,,234,112,,
2014/01/10,12,366,,,245,114,,
2014/01/10,13,377,,,274,97,,
2014/01/10,14,356,,,238,111,,
2014/01/10,15,309,,,196,105,,
2014/01/10,16,295,,,189,98,,
2014/01/10,17,288,,,185,95,,
2014/01/10,18,303,,,197,98,,
2014/01/10,19,291,,,192,92,,
2014/01/10,20,268,,,176,85,,
2014/01/10,21,249,,,164,79,,
2014/01/10,22,208,,,134,67,,
2014/01/10,23,193,,,122,65,,
2014/01/10,24,212,,,142,63,,
2014/01/11,01,211,,,136,69,,
2014/01/11,02,207,,,132,68,,
2014/01/11,03,201,,,128,67,,
2014/01/11,04,215,,,142,66,,
2014/01/11,05,210,,,138,66,,
2014/01/11,06,208,,,141,62,,
2014/01/11,07,223,,,156,61,,
2014/01/11,08,233,,,159,69,,
2014/01/11,09,300,,,218,76,,
2014/01/11,10,327,,,236,85,,
2014/01/11,11,298,,,202,89,,
2014/01/11,12,331,,,235,88,,
2014/01/11,13,352,,,256,90,,
2014/01/11,14,317,,,221,88,,
2014/01/11,15,331,,,237,87,,
2014/01/11,16,291,,,204,81,,
2014/01/11,17,291,,,206,78,,
2014/01/11,18,281,,,190,83,,
2014/01/11,19,277,,,190,80,,
2014/01/11,20,243,,,164,72,,
2014/01/11,21,225,,,151,67,,
2014/01/11,22,209,,,138,65,,
2014/01/11,23,200,,,123,71,,
2014/01/11,24,195,,,118,71,,
2014/01/12,01,189,,,115,68,,
2014/01/12,02,184,,,112,66,,
2014/01/12,03,192,,,119,66,,
2014/01/12,04,175,,,105,65,,
2014/01/12,05,174,,,103,65,,
2014/01/12,06,169,,,100,62,,
2014/01/12,07,190,,,123,61,,
2014/01/12,08,227,,,152,68,,
2014/01/12,09,268,,,187,76,,
2014/01/12,10,295,,,204,85,,
2014/01/12,11,312,,,222,83,,
2014/01/12,12,328,,,238,83,,
2014/01/12,13,339,,,251,82,,
2014/01/12,14,327,,,235,86,,
2014/01/12,15,296,,,204,85,,
2014/01/12,16,285,,,197,82,,
2014/01/12,17,294,,,209,78,,
2014/01/12,18,287,,,197,83,,
2014/01/12,19,286,,,196,83,,
2014/01/12,20,233,,,153,74,,
2014/01/12,21,208,,,131,70,,
2014/01/12,22,198,,,126,66,,
2014/01/12,23,209,,,134,69,,
2014/01/12,24,214,,,137,70,,
2014/01/13,01,203,,,129,68,,
2014/01/13,02,179,,,110,64,,
2014/01/13,03,187,,,116,65,,
2014/01/13,04,183,,,114,64,,
2014/01/13,05,171,,,103,63,,
2014/01/13,06,173,,,111,56,,
2014/01/13,07,198,,,130,63,,
2014/01/13,08,260,,,180,73,,
2014/01/13,09,319,,,225,88,,
2014/01/13,10,322,,,207,109,,
2014/01/13,11,341,,,222,112,,
2014/01/13,12,358,,,240,111,,
2014/01/13,13,366,,,261,98,,
2014/01/13,14,358,,,239,112,,
2014/01/13,15,296,,,191,99,,
2014/01/13,16,296,,,193,96,,
2014/01/13,17,301,,,196,98,,
2014/01/13,18,296,,,185,104,,
2014/01/13,19,300,,,193,99,,
2014/01/13,20,246,,,150,89,,
2014/01/13,21,222,,,135,80,,
2014/01/13,22,199,,,126,68,,
2014/01/13,23,206,,,137,64,,
2014/01/13,24,198,,,131,61,,
2014/01/14,01,176,,,105,65,,
2014/01/14,02,168,,,98,64,,
2014/01/14,03,158,,,94,59,,
2014/01/14,04,158,,,95,57,,
2014/01/14,05,162,,,97,59,,
2014/01/14,06,167,,,107,54,,
2014/01/14,07,192,,,124,62,,
2014/01/14,08,251,,,172,74,,
2014/01/14,09,302,,,213,82,,
2014/01/14,10,310,,,196,107,,
2014/01/14,11,337,,,214,117,,
2014/01/14,12,371,,,246,117,,
2014/01/14,13,367,,,263,98,,
2014/01/14,14,380,,,254,119,,
2014/01/14,15,325,,,202,116,,
2014/01/14,16,320,,,203,110,,
2014/01/14,17,300,,,189,104,,
2014/01/14,18,308,,,194,107,,
2014/01/14,19,304,,,199,97,,
2014/01/14,20,250,,,154,88,,
2014/01/14,21,249,,,162,80,,
2014/01/14,22,203,,,129,68,,
2014/01/14,23,195,,,126,63,,
2014/01/14,24,189,,,121,62,,
2014/01/15,01,181,,,110,65,,
2014/01/15,02,170,,,99,65,,
2014/01/15,03,177,,,106,65,,
2014/01/15,04,168,,,102,60,,
2014/01/15,05,171,,,106,60,,
2014/01/15,06,175,,,113,56,,
2014/01/15,07,186,,,117,62,,
2014/01/15,08,239,,,163,70,,
2014/01/15,09,302,,,218,78,,
2014/01/15,10,325,,,211,108,,
2014/01/15,11,362,,,242,113,,
2014/01/15,12,370,,,251,112,,
2014/01/15,13,390,,,282,101,,
2014/01/15,14,374,,,247,120,,
2014/01/15,15,343,,,219,117,,
2014/01/15,16,314,,,198,108,,
2014/01/15,17,309,,,198,103,,
2014/01/15,18,321,,,208,105,,
2014/01/15,19,303,,,199,97,,
2014/01/15,20,246,,,157,82,,
2014/01/15,21,220,,,139,75,,
2014/01/15,22,198,,,126,66,,
2014/01/15,23,207,,,137,65,,
2014/01/15,24,212,,,143,63,,
2014/01/16,01,200,,,126,67,,
2014/01/16,02,185,,,113,66,,
2014/01/16,03,197,,,122,68,,
2014/01/16,04,191,,,121,63,,
2014/01/16,05,182,,,116,60,,
2014/01/16,06,182,,,119,57,,
2014/01/16,07,189,,,122,61,,
2014/01/16,08,243,,,167,70,,
2014/01/16,09,290,,,205,79,,
2014/01/16,10,317,,,209,102,,
2014/01/16,11,347,,,230,110,,
2014/01/16,12,354,,,235,112,,
2014/01/16,13,352,,,251,95,,
2014/01/16,14,343,,,226,111,,
2014/01/16,15,314,,,206,102,,
2014/01/16,16,297,,,191,98,,
2014/01/16,17,299,,,198,93,,
2014/01/16,18,279,,,179,94,,
2014/01/16,19,285,,,188,90,,
2014/01/16,20,245,,,156,81,,
2014/01/16,21,213,,,133,73,,
2014/01/16,22,200,,,129,65,,
2014/01/16,23,192,,,125,61,,
2014/01/16,24,209,,,141,62,,
2014/01/17,01,174,,,103,66,,
2014/01/17,02,163,,,95,63,,
2014/01/17,03,180,,,110,64,,
2014/01/17,04,168,,,102,60,,
2014/01/17,05,162,,,98,58,,
2014/01/17,06,167,,,103,58,,
2014/01/17,07,189,,,121,62,,
2014/01/17,08,250,,,173,71,,
2014/01/17,09,303,,,218,79,,
2014/01/17,10,356,,,239,110,,
2014/01/17,11,357,,,238,112,,
2014/01/17,12,370,,,250,112,,
2014/01/17,13,373,,,266,99,,
2014/01/17,14,342,,,222,113,,
2014/01/17,15,300,,,187,105,,
2014/01/17,16,309,,,201,101,,
2014/01/17,17,308,,,200,100,,
2014/01/17,18,297,,,187,102,,
2014/01/17,19,292,,,188,96,,
2014/01/17,20,255,,,167,81,,
2014/01/17,21,217,,,138,72,,
2014/01/17,22,189,,,116,67,,
2014/01/17,23,185,,,115,64,,
2014/01/17,24,202,,,126,70,,
2014/01/18,01,181,,,106,69,,
2014/01/18,02,165,,,94,66,,
2014/01/18,03,184,,,109,69,,
2014/01/18,04,179,,,111,63,,
2014/01/18,05,183,,,113,63,,
2014/01/18,06,180,,,110,63,,
2014/01/18,07,208,,,138,64,,
2014/01/18,08,221,,,144,71,,
2014/01/18,09,273,,,189,79,,
2014/01/18,10,306,,,214,85,,
2014/01/18,11,315,,,221,88,,
2014/01/18,12,332,,,238,87,,
2014/01/18,13,346,,,256,83,,
2014/01/18,14,314,,,221,87,,
2014/01/18,15,308,,,216,85,,
2014/01/18,16,270,,,186,78,,
2014/01/18,17,277,,,193,78,,
2014/01/18,18,268,,,177,84,,
2014/01/18,19,258,,,171,80,,
2014/01/18,20,233,,,153,74,,
2014/01/18,21,224,,,150,69,,
2014/01/18,22,207,,,138,63,,
2014/01/18,23,209,,,136,68,,
2014/01/18,24,201,,,125,69,,
2014/01/19,01,190,,,115,68,,
2014/01/19,02,185,,,112,66,,
2014/01/19,03,190,,,117,67,,
2014/01/19,04,156,,,92,58,,
2014/01/19,05,152,,,89,57,,
2014/01/19,06,167,,,104,57,,
2014/01/19,07,183,,,118,59,,
2014/01/19,08,232,,,156,70,,
2014/01/19,09,277,,,196,76,,
2014/01/19,10,278,,,192,80,,
2014/01/19,11,302,,,214,81,,
2014/01/19,12,464,,,336,118,,
2014/01/19,13,161,,,119,38,,
2014/01/19,14,317,,,230,81,,
2014/01/19,15,276,,,195,74,,
2014/01/19,16,266,,,187,73,,
2014/01/19,17,246,,,167,72,,
2014/01/19,18,271,,,183,81,,
2014/01/19,19,249,,,165,77,,
2014/01/19,20,234,,,160,68,,
2014/01/19,21,225,,,152,66,,
2014/01/19,22,212,,,141,65,,
2014/01/19,23,210,,,135,68,,
2014/01/19,24,206,,,131,69,,
2014/01/20,01,195,,,122,67,,
2014/01/20,02,182,,,111,65,,
2014/01/20,03,196,,,123,66,,
2014/01/20,04,178,,,112,60,,
2014/01/20,05,182,,,116,59,,
2014/01/20,06,180,,,117,57,,
2014/01/20,07,186,,,120,60,,
2014/01/20,08,251,,,172,73,,
2014/01/20,09,301,,,208,87,,
2014/01/20,10,325,,,210,109,,
2014/01/20,11,344,,,219,119,,
2014/01/20,12,364,,,239,119,,
2014/01/20,13,354,,,248,99,,
2014/01/20,14,366,,,243,116,,
2014/01/20,15,312,,,201,104,,
2014/01/20,16,299,,,192,100,,
2014/01/20,17,297,,,185,104,,
2014/01/20,18,284,,,174,103,,
2014/01/20,19,279,,,177,95,,
2014/01/20,20,235,,,149,80,,
2014/01/20,21,230,,,150,74,,
2014/01/20,22,226,,,155,65,,
2014/01/20,23,199,,,131,62,,
2014/01/20,24,204,,,138,61,,
2014/01/21,01,186,,,115,65,,
2014/01/21,02,174,,,106,63,,
2014/01/21,03,184,,,115,63,,
2014/01/21,04,161,,,98,57,,
2014/01/21,05,162,,,97,59,,
2014/01/21,06,169,,,106,57,,
2014/01/21,07,184,,,119,60,,
2014/01/21,08,249,,,172,72,,
2014/01/21,09,294,,,207,81,,
2014/01/21,10,322,,,208,107,,
2014/01/21,11,341,,,219,116,,
2014/01/21,12,361,,,242,112,,
2014/01/21,13,350,,,247,96,,
2014/01/21,14,344,,,226,111,,
2014/01/21,15,317,,,205,106,,
2014/01/21,16,300,,,193,101,,
2014/01/21,17,311,,,204,100,,
2014/01/21,18,299,,,187,104,,
2014/01/21,19,277,,,172,97,,
2014/01/21,20,269,,,178,84,,
2014/01/21,21,232,,,151,74,,
2014/01/21,22,212,,,138,67,,
2014/01/21,23,200,,,130,64,,
2014/01/21,24,197,,,128,63,,
2014/01/22,01,185,,,111,69,,
2014/01/22,02,174,,,102,66,,
2014/01/22,03,181,,,111,64,,
2014/01/22,04,163,,,98,60,,
2014/01/22,05,163,,,98,59,,
2014/01/22,06,167,,,105,56,,
2014/01/22,07,194,,,126,62,,
2014/01/22,08,252,,,175,71,,
2014/01/22,09,296,,,209,81,,
2014/01/22,10,315,,,202,107,,
2014/01/22,11,331,,,212,112,,
2014/01/22,12,360,,,245,108,,
2014/01/22,13,372,,,268,97,,
2014/01/22,14,348,,,233,108,,
2014/01/22,15,312,,,201,104,,
2014/01/22,16,322,,,215,101,,
2014/01/22,17,311,,,205,99,,
2014/01/22,18,294,,,188,99,,
2014/01/22,19,284,,,184,93,,
2014/01/22,20,280,,,191,82,,
2014/01/22,21,236,,,156,73,,
2014/01/22,22,211,,,140,65,,
2014/01/22,23,204,,,135,63,,
2014/01/22,24,200,,,130,64,,
2014/01/23,01,197,,,124,67,,
2014/01/23,02,192,,,120,65,,
2014/01/23,03,202,,,129,67,,
2014/01/23,04,177,,,113,58,,
2014/01/23,05,180,,,117,57,,
2014/01/23,06,174,,,114,54,,
2014/01/23,07,198,,,133,59,,
2014/01/23,08,247,,,172,69,,
2014/01/23,09,283,,,194,83,,
2014/01/23,10,298,,,186,106,,
2014/01/23,11,325,,,208,111,,
2014/01/23,12,359,,,241,112,,
2014/01/23,13,363,,,255,101,,
2014/01/23,14,351,,,233,112,,
2014/01/23,15,314,,,204,103,,
2014/01/23,16,302,,,195,100,,
2014/01/23,17,295,,,192,97,,
2014/01/23,18,270,,,168,95,,
2014/01/23,19,265,,,170,87,,
2014/01/23,20,268,,,184,77,,
2014/01/23,21,220,,,143,71,,
2014/01/23,22,206,,,135,64,,
2014/01/23,23,194,,,126,62,,
2014/01/23,24,189,,,121,62,,
2014/01/24,01,182,,,110,66,,
2014/01/24,02,172,,,102,64,,
2014/01/24,03,183,,,112,65,,
2014/01/24,04,167,,,101,61,,
2014/01/24,05,161,,,97,58,,
2014/01/24,06,167,,,102,58,,
2014/01/24,07,192,,,126,61,,
2014/01/24,08,238,,,165,68,,
2014/01/24,09,284,,,199,79,,
2014/01/24,10,320,,,209,104,,
2014/01/24,11,350,,,234,110,,
2014/01/24,12,351,,,235,109,,
2014/01/24,13,363,,,256,100,,
2014/01/24,14,348,,,231,111,,
2014/01/24,15,318,,,205,107,,
2014/01/24,16,312,,,205,100,,
2014/01/24,17,309,,,207,95,,
2014/01/24,18,270,,,164,98,,
2014/01/24,19,268,,,170,91,,
2014/01/24,20,260,,,174,78,,
2014/01/24,21,211,,,135,70,,
2014/01/24,22,196,,,126,64,,
2014/01/24,23,203,,,134,62,,
2014/01/24,24,198,,,130,62,,
2014/01/25,01,209,,,133,69,,
2014/01/25,02,178,,,103,68,,
2014/01/25,03,193,,,120,67,,
2014/01/25,04,184,,,114,64,,
2014/01/25,05,184,,,120,58,,
2014/01/25,06,176,,,110,60,,
2014/01/25,07,210,,,141,62,,
2014/01/25,08,242,,,166,70,,
2014/01/25,09,286,,,202,78,,
2014/01/25,10,294,,,201,87,,
2014/01/25,11,309,,,218,85,,
2014/01/25,12,343,,,249,87,,
2014/01/25,13,365,,,273,86,,
2014/01/25,14,317,,,224,87,,
2014/01/25,15,307,,,214,87,,
2014/01/25,16,295,,,209,80,,
2014/01/25,17,286,,,200,80,,
2014/01/25,18,275,,,183,84,,
2014/01/25,19,259,,,175,77,,
2014/01/25,20,235,,,160,68,,
2014/01/25,21,203,,,134,63,,
2014/01/25,22,216,,,148,62,,
2014/01/25,23,209,,,137,66,,
2014/01/25,24,218,,,144,67,,
2014/01/26,01,204,,,130,67,,
2014/01/26,02,178,,,107,65,,
2014/01/26,03,182,,,113,63,,
2014/01/26,04,180,,,112,62,,
2014/01/26,05,163,,,100,58,,
2014/01/26,06,170,,,106,58,,
2014/01/26,07,189,,,122,61,,
2014/01/26,08,231,,,155,71,,
2014/01/26,09,283,,,200,77,,
2014/01/26,10,267,,,181,80,,
2014/01/26,11,299,,,211,82,,
2014/01/26,12,317,,,230,80,,
2014/01/26,13,326,,,241,79,,
2014/01/26,14,318,,,229,83,,
2014/01/26,15,288,,,204,77,,
2014/01/26,16,279,,,198,74,,
2014/01/26,17,269,,,187,75,,
2014/01/26,18,273,,,185,81,,
2014/01/26,19,261,,,174,79,,
2014/01/26,20,250,,,171,72,,
2014/01/26,21,216,,,143,66,,
2014/01/26,22,212,,,142,64,,
2014/01/26,23,208,,,133,69,,
2014/01/26,24,214,,,138,69,,
2014/01/27,01,193,,,120,67,,
2014/01/27,02,174,,,104,65,,
2014/01/27,03,180,,,109,66,,
2014/01/27,04,176,,,106,65,,
2014/01/27,05,170,,,104,60,,
2014/01/27,06,185,,,120,60,,
2014/01/27,07,196,,,128,62,,
2014/01/27,08,248,,,168,75,,
2014/01/27,09,305,,,212,88,,
2014/01/27,10,318,,,205,106,,
2014/01/27,11,314,,,194,114,,
2014/01/27,12,355,,,234,114,,
2014/01/27,13,365,,,257,102,,
2014/01/27,14,369,,,249,114,,
2014/01/27,15,329,,,218,105,,
2014/01/27,16,310,,,201,103,,
2014/01/27,17,305,,,195,102,,
2014/01/27,18,302,,,192,102,,
2014/01/27,19,291,,,189,94,,
2014/01/27,20,266,,,178,82,,
2014/01/27,21,234,,,150,79,,
2014/01/27,22,207,,,136,65,,
2014/01/27,23,185,,,117,62,,
2014/01/27,24,191,,,125,60,,
2014/01/28,01,175,,,104,65,,
2014/01/28,02,179,,,109,64,,
2014/01/28,03,173,,,105,63,,
2014/01/28,04,159,,,98,56,,
2014/01/28,05,158,,,96,56,,
2014/01/28,06,162,,,102,54,,
2014/01/28,07,206,,,140,60,,
2014/01/28,08,235,,,157,72,,
2014/01/28,09,289,,,201,83,,
2014/01/28,10,326,,,212,108,,
2014/01/28,11,335,,,209,119,,
2014/01/28,12,368,,,244,117,,
2014/01/28,13,354,,,245,102,,
2014/01/28,14,350,,,227,117,,
2014/01/28,15,337,,,222,108,,
2014/01/28,16,319,,,208,104,,
2014/01/28,17,317,,,205,106,,
2014/01/28,18,303,,,189,107,,
2014/01/28,19,286,,,182,97,,
2014/01/28,20,270,,,181,82,,
2014/01/28,21,241,,,159,75,,
2014/01/28,22,211,,,139,66,,
2014/01/28,23,187,,,118,63,,
2014/01/28,24,192,,,123,64,,
2014/01/29,01,189,,,117,66,,
2014/01/29,02,172,,,102,65,,
2014/01/29,03,177,,,106,65,,
2014/01/29,04,164,,,100,58,,
2014/01/29,05,157,,,93,58,,
2014/01/29,06,164,,,104,55,,
2014/01/29,07,191,,,123,62,,
2014/01/29,08,251,,,174,72,,
2014/01/29,09,295,,,206,83,,
2014/01/29,10,354,,,237,111,,
2014/01/29,11,348,,,226,115,,
2014/01/29,12,366,,,244,115,,
2014/01/29,13,371,,,261,103,,
2014/01/29,14,378,,,251,119,,
2014/01/29,15,331,,,213,112,,
2014/01/29,16,321,,,207,107,,
2014/01/29,17,290,,,179,103,,
2014/01/29,18,305,,,193,106,,
2014/01/29,19,292,,,186,100,,
2014/01/29,20,280,,,188,84,,
2014/01/29,21,231,,,150,75,,
2014/01/29,22,207,,,134,67,,
2014/01/29,23,198,,,129,64,,
2014/01/29,24,213,,,144,64,,
2014/01/30,01,185,,,111,68,,
2014/01/30,02,169,,,98,65,,
2014/01/30,03,175,,,103,66,,
2014/01/30,04,171,,,101,64,,
2014/01/30,05,164,,,97,60,,
2014/01/30,06,162,,,100,56,,
2014/01/30,07,186,,,121,60,,
2014/01/30,08,245,,,171,69,,
2014/01/30,09,278,,,193,80,,
2014/01/30,10,323,,,215,102,,
2014/01/30,11,311,,,196,108,,
2014/01/30,12,362,,,244,110,,
2014/01/30,13,371,,,267,97,,
2014/01/30,14,350,,,235,109,,
2014/01/30,15,306,,,197,103,,
2014/01/30,16,312,,,204,101,,
2014/01/30,17,281,,,173,100,,
2014/01/30,18,306,,,198,100,,
2014/01/30,19,288,,,187,94,,
2014/01/30,20,273,,,184,82,,
2014/01/30,21,231,,,151,74,,
2014/01/30,22,223,,,148,68,,
2014/01/30,23,213,,,143,65,,
2014/01/30,24,204,,,134,64,,
2014/01/31,01,200,,,126,68,,
2014/01/31,02,196,,,122,69,,
2014/01/31,03,202,,,126,70,,
2014/01/31,04,187,,,114,67,,
2014/01/31,05,170,,,103,61,,
2014/01/31,06,169,,,103,61,,
2014/01/31,07,202,,,132,66,,
2014/01/31,08,245,,,166,73,,
2014/01/31,09,289,,,206,78,,
2014/01/31,10,324,,,216,102,,
2014/01/31,11,347,,,226,114,,
2014/01/31,12,368,,,249,112,,
2014/01/31,13,367,,,262,99,,
2014/01/31,14,356,,,240,109,,
2014/01/31,15,316,,,204,106,,
2014/01/31,16,322,,,217,98,,
2014/01/31,17,297,,,191,99,,
2014/01/31,18,300,,,192,101,,
2014/01/31,19,278,,,178,93,,
2014/01/31,20,236,,,147,83,,
2014/01/31,21,233,,,157,70,,
2014/01/31,22,221,,,149,66,,
2014/01/31,23,213,,,144,63,,
2014/01/31,24,218,,,149,63,,
2014/02/01,01,213,,,136,71,,
2014/02/01,02,197,,,123,68,,
2014/02/01,03,184,,,110,68,,
2014/02/01,04,181,,,110,65,,
2014/02/01,05,189,,,116,67,,
2014/02/01,06,192,,,121,65,,
2014/02/01,07,214,,,145,63,,
2014/02/01,08,226,,,149,71,,
2014/02/01,09,264,,,179,79,,
2014/02/01,10,305,,,207,92,,
2014/02/01,11,310,,,208,95,,
2014/02/01,12,336,,,238,91,,
2014/02/01,13,357,,,263,87,,
2014/02/01,14,329,,,230,92,,
2014/02/01,15,329,,,232,91,,
2014/02/01,16,308,,,217,83,,
2014/02/01,17,290,,,199,85,,
2014/02/01,18,266,,,175,84,,
2014/02/01,19,257,,,169,81,,
2014/02/01,20,230,,,155,69,,
2014/02/01,21,215,,,142,66,,
2014/02/01,22,213,,,143,65,,
2014/02/01,23,219,,,144,70,,
2014/02/01,24,207,,,129,72,,
2014/02/02,01,204,,,126,72,,
2014/02/02,02,195,,,121,68,,
2014/02/02,03,201,,,126,69,,
2014/02/02,04,171,,,100,65,,
2014/02/02,05,171,,,105,60,,
2014/02/02,06,186,,,115,64,,
2014/02/02,07,213,,,141,66,,
2014/02/02,08,235,,,159,71,,
2014/02/02,09,288,,,204,77,,
2014/02/02,10,305,,,217,82,,
2014/02/02,11,297,,,210,81,,
2014/02/02,12,314,,,227,81,,
2014/02/02,13,322,,,237,79,,
2014/02/02,14,331,,,242,84,,
2014/02/02,15,301,,,213,81,,
2014/02/02,16,292,,,210,76,,
2014/02/02,17,275,,,187,81,,
2014/02/02,18,288,,,197,84,,
2014/02/02,19,274,,,185,83,,
2014/02/02,20,270,,,187,76,,
2014/02/02,21,249,,,174,68,,
2014/02/02,22,237,,,166,64,,
2014/02/02,23,238,,,163,69,,
2014/02/02,24,255,,,177,71,,
2014/02/03,01,211,,,136,69,,
2014/02/03,02,198,,,123,69,,
2014/02/03,03,199,,,123,70,,
2014/02/03,04,184,,,110,69,,
2014/02/03,05,195,,,121,68,,
2014/02/03,06,166,,,96,64,,
2014/02/03,07,202,,,129,67,,
2014/02/03,08,246,,,165,75,,
2014/02/03,09,288,,,196,87,,
2014/02/03,10,328,,,215,108,,
2014/02/03,11,320,,,202,112,,
2014/02/03,12,327,,,212,108,,
2014/02/03,13,364,,,259,98,,
2014/02/03,14,351,,,232,113,,
2014/02/03,15,352,,,243,103,,
2014/02/03,16,298,,,189,102,,
2014/02/03,17,293,,,190,97,,
2014/02/03,18,281,,,173,101,,
2014/02/03,19,251,,,151,93,,
2014/02/03,20,252,,,164,81,,
2014/02/03,21,225,,,143,76,,
2014/02/03,22,196,,,123,67,,
2014/02/03,23,210,,,141,62,,
2014/02/03,24,191,,,116,69,,
2014/02/04,01,184,,,113,65,,
2014/02/04,02,159,,,91,62,,
2014/02/04,03,185,,,116,64,,
2014/02/04,04,152,,,89,57,,
2014/02/04,05,161,,,98,57,,
2014/02/04,06,161,,,98,57,,
2014/02/04,07,172,,,108,58,,
2014/02/04,08,245,,,168,71,,
2014/02/04,09,281,,,198,77,,
2014/02/04,10,321,,,211,104,,
2014/02/04,11,313,,,196,110,,
2014/02/04,12,350,,,232,111,,
2014/02/04,13,352,,,247,99,,
2014/02/04,14,338,,,223,108,,
2014/02/04,15,301,,,190,105,,
2014/02/04,16,291,,,183,101,,
2014/02/04,17,292,,,184,102,,
2014/02/04,18,273,,,162,104,,
2014/02/04,19,259,,,155,97,,
2014/02/04,20,240,,,146,87,,
2014/02/04,21,210,,,121,83,,
2014/02/04,22,213,,,136,70,,
2014/02/04,23,203,,,134,63,,
2014/02/04,24,187,,,120,62,,
2014/02/05,01,188,,,115,66,,
2014/02/05,02,179,,,109,64,,
2014/02/05,03,179,,,108,65,,
2014/02/05,04,153,,,89,59,,
2014/02/05,05,162,,,99,58,,
2014/02/05,06,164,,,102,55,,
2014/02/05,07,198,,,124,67,,
2014/02/05,08,254,,,175,72,,
2014/02/05,09,290,,,203,80,,
2014/02/05,10,317,,,203,108,,
2014/02/05,11,322,,,205,109,,
2014/02/05,12,352,,,236,109,,
2014/02/05,13,349,,,246,96,,
2014/02/05,14,349,,,231,111,,
2014/02/05,15,280,,,166,107,,
2014/02/05,16,305,,,193,105,,
2014/02/05,17,290,,,180,103,,
2014/02/05,18,289,,,175,107,,
2014/02/05,19,278,,,172,99,,
2014/02/05,20,259,,,166,85,,
2014/02/05,21,218,,,135,76,,
2014/02/05,22,211,,,139,66,,
2014/02/05,23,185,,,117,62,,
2014/02/05,24,204,,,136,62,,
2014/02/06,01,185,,,114,65,,
2014/02/06,02,180,,,109,65,,
2014/02/06,03,184,,,112,66,,
2014/02/06,04,162,,,94,62,,
2014/02/06,05,153,,,90,57,,
2014/02/06,06,164,,,102,56,,
2014/02/06,07,205,,,138,61,,
2014/02/06,08,247,,,171,70,,
2014/02/06,09,291,,,204,81,,
2014/02/06,10,332,,,220,106,,
2014/02/06,11,328,,,206,115,,
2014/02/06,12,364,,,239,116,,
2014/02/06,13,356,,,246,103,,
2014/02/06,14,354,,,237,110,,
2014/02/06,15,295,,,182,106,,
2014/02/06,16,306,,,193,106,,
2014/02/06,17,278,,,170,101,,
2014/02/06,18,276,,,169,99,,
2014/02/06,19,259,,,159,93,,
2014/02/06,20,243,,,158,79,,
2014/02/06,21,205,,,125,73,,
2014/02/06,22,200,,,127,67,,
2014/02/06,23,178,,,108,63,,
2014/02/06,24,184,,,114,63,,
2014/02/07,01,181,,,108,67,,
2014/02/07,02,174,,,101,67,,
2014/02/07,03,190,,,117,67,,
2014/02/07,04,187,,,114,66,,
2014/02/07,05,165,,,99,60,,
2014/02/07,06,174,,,108,60,,
2014/02/07,07,196,,,126,63,,
2014/02/07,08,250,,,173,71,,
2014/02/07,09,274,,,188,80,,
2014/02/07,10,307,,,197,104,,
2014/02/07,11,319,,,200,112,,
2014/02/07,12,359,,,242,109,,
2014/02/07,13,352,,,250,95,,
2014/02/07,14,347,,,230,111,,
2014/02/07,15,307,,,199,102,,
2014/02/07,16,306,,,200,99,,
2014/02/07,17,306,,,200,98,,
2014/02/07,18,284,,,178,99,,
2014/02/07,19,274,,,174,92,,
2014/02/07,20,249,,,157,85,,
2014/02/07,21,231,,,151,73,,
2014/02/07,22,213,,,137,69,,
2014/02/07,23,214,,,145,63,,
2014/02/07,24,226,,,156,64,,
2014/02/08,01,192,,,117,68,,
2014/02/08,02,183,,,109,67,,
2014/02/08,03,187,,,115,66,,
2014/02/08,04,184,,,112,65,,
2014/02/08,05,181,,,116,60,,
2014/02/08,06,190,,,125,59,,
2014/02/08,07,221,,,153,63,,
2014/02/08,08,248,,,170,72,,
2014/02/08,09,283,,,201,77,,
2014/02/08,10,301,,,212,83,,
2014/02/08,11,298,,,206,85,,
2014/02/08,12,351,,,256,87,,
2014/02/08,13,373,,,282,84,,
2014/02/08,14,360,,,265,88,,
2014/02/08,15,322,,,233,82,,
2014/02/08,16,307,,,220,80,,
2014/02/08,17,313,,,225,80,,
2014/02/08,18,301,,,213,81,,
2014/02/08,19,277,,,192,78,,
2014/02/08,20,238,,,160,71,,
2014/02/08,21,230,,,157,66,,
2014/02/08,22,206,,,135,65,,
2014/02/08,23,210,,,133,70,,
2014/02/08,24,207,,,132,69,,
2014/02/09,01,207,,,131,70,,
2014/02/09,02,180,,,105,69,,
2014/02/09,03,179,,,105,67,,
2014/02/09,04,165,,,97,62,,
2014/02/09,05,162,,,95,60,,
2014/02/09,06,165,,,101,59,,
2014/02/09,07,187,,,119,62,,
2014/02/09,08,240,,,161,73,,
2014/02/09,09,293,,,210,77,,
2014/02/09,10,303,,,215,83,,
2014/02/09,11,311,,,222,82,,
2014/02/09,12,322,,,233,83,,
2014/02/09,13,336,,,248,82,,
2014/02/09,14,330,,,240,83,,
2014/02/09,15,301,,,213,81,,
2014/02/09,16,279,,,194,78,,
2014/02/09,17,273,,,190,76,,
2014/02/09,18,270,,,180,83,,
2014/02/09,19,262,,,172,82,,
2014/02/09,20,236,,,158,72,,
2014/02/09,21,212,,,137,69,,
2014/02/09,22,204,,,132,66,,
2014/02/09,23,198,,,124,68,,
2014/02/09,24,200,,,125,68,,
2014/02/10,01,186,,,115,66,,
2014/02/10,02,178,,,107,66,,
2014/02/10,03,180,,,108,66,,
2014/02/10,04,173,,,103,64,,
2014/02/10,05,171,,,104,61,,
2014/02/10,06,168,,,105,58,,
2014/02/10,07,183,,,114,63,,
2014/02/10,08,244,,,164,74,,
2014/02/10,09,305,,,213,86,,
2014/02/10,10,320,,,207,107,,
2014/02/10,11,331,,,204,120,,
2014/02/10,12,350,,,230,113,,
2014/02/10,13,359,,,251,101,,
2014/02/10,14,356,,,238,111,,
2014/02/10,15,307,,,198,102,,
2014/02/10,16,294,,,186,101,,
2014/02/10,17,282,,,179,96,,
2014/02/10,18,271,,,164,100,,
2014/02/10,19,271,,,167,97,,
2014/02/10,20,252,,,161,84,,
2014/02/10,21,217,,,135,75,,
2014/02/10,22,207,,,133,68,,
2014/02/10,23,189,,,119,64,,
2014/02/10,24,191,,,124,61,,
2014/02/11,01,182,,,109,67,,
2014/02/11,02,176,,,104,65,,
2014/02/11,03,169,,,97,65,,
2014/02/11,04,162,,,99,57,,
2014/02/11,05,165,,,101,58,,
2014/02/11,06,163,,,99,58,,
2014/02/11,07,182,,,113,63,,
2014/02/11,08,246,,,168,72,,
2014/02/11,09,290,,,202,82,,
2014/02/11,10,321,,,206,108,,
2014/02/11,11,326,,,206,112,,
2014/02/11,12,360,,,240,113,,
2014/02/11,13,367,,,258,102,,
2014/02/11,14,358,,,236,115,,
2014/02/11,15,328,,,210,112,,
2014/02/11,16,302,,,192,102,,
2014/02/11,17,286,,,176,103,,
2014/02/11,18,281,,,168,105,,
2014/02/11,19,279,,,173,99,,
2014/02/11,20,267,,,173,87,,
2014/02/11,21,228,,,147,75,,
2014/02/11,22,205,,,130,69,,
2014/02/11,23,184,,,113,65,,
2014/02/11,24,194,,,124,64,,
2014/02/12,01,182,,,108,68,,
2014/02/12,02,167,,,94,66,,
2014/02/12,03,174,,,101,67,,
2014/02/12,04,177,,,105,66,,
2014/02/12,05,161,,,95,61,,
2014/02/12,06,157,,,93,59,,
2014/02/12,07,184,,,116,62,,
2014/02/12,08,251,,,172,73,,
2014/02/12,09,294,,,208,80,,
2014/02/12,10,313,,,204,103,,
2014/02/12,11,335,,,215,112,,
2014/02/12,12,362,,,242,112,,
2014/02/12,13,366,,,259,99,,
2014/02/12,14,373,,,252,114,,
2014/02/12,15,310,,,198,105,,
2014/02/12,16,311,,,200,104,,
2014/02/12,17,295,,,185,102,,
2014/02/12,18,297,,,185,104,,
2014/02/12,19,288,,,181,99,,
2014/02/12,20,266,,,174,85,,
2014/02/12,21,220,,,138,75,,
2014/02/12,22,205,,,133,66,,
2014/02/12,23,187,,,117,63,,
2014/02/12,24,212,,,143,63,,
2014/02/13,01,189,,,114,69,,
2014/02/13,02,180,,,105,69,,
2014/02/13,03,182,,,107,69,,
2014/02/13,04,175,,,107,61,,
2014/02/13,05,164,,,99,58,,
2014/02/13,06,168,,,107,55,,
2014/02/13,07,197,,,128,62,,
2014/02/13,08,243,,,166,72,,
2014/02/13,09,287,,,200,81,,
2014/02/13,10,328,,,218,104,,
2014/02/13,11,331,,,210,114,,
2014/02/13,12,360,,,236,117,,
2014/02/13,13,369,,,260,102,,
2014/02/13,14,349,,,228,114,,
2014/02/13,15,316,,,203,106,,
2014/02/13,16,322,,,211,104,,
2014/02/13,17,301,,,191,102,,
2014/02/13,18,292,,,180,105,,
2014/02/13,19,278,,,172,98,,
2014/02/13,20,273,,,181,84,,
2014/02/13,21,231,,,147,78,,
2014/02/13,22,213,,,142,64,,
2014/02/13,23,181,,,112,63,,
2014/02/13,24,194,,,127,61,,
2014/02/14,01,180,,,106,67,,
2014/02/14,02,170,,,98,66,,
2014/02/14,03,171,,,99,65,,
2014/02/14,04,163,,,98,59,,
2014/02/14,05,170,,,107,59,,
2014/02/14,06,175,,,108,61,,
2014/02/14,07,195,,,124,65,,
2014/02/14,08,238,,,156,76,,
2014/02/14,09,282,,,196,80,,
2014/02/14,10,329,,,221,101,,
2014/02/14,11,341,,,224,110,,
2014/02/14,12,351,,,233,110,,
2014/02/14,13,393,,,286,100,,
2014/02/14,14,377,,,257,113,,
2014/02/14,15,317,,,203,107,,
2014/02/14,16,323,,,214,102,,
2014/02/14,17,309,,,201,100,,
2014/02/14,18,312,,,202,103,,
2014/02/14,19,297,,,194,95,,
2014/02/14,20,256,,,166,83,,
2014/02/14,21,240,,,160,73,,
2014/02/14,22,212,,,136,69,,
2014/02/14,23,205,,,131,68,,
2014/02/14,24,217,,,145,65,,
2014/02/15,01,214,,,140,68,,
2014/02/15,02,196,,,120,70,,
2014/02/15,03,206,,,130,70,,
2014/02/15,04,196,,,120,69,,
2014/02/15,05,178,,,110,62,,
2014/02/15,06,175,,,106,62,,
2014/02/15,07,204,,,134,65,,
2014/02/15,08,227,,,147,73,,
2014/02/15,09,278,,,194,79,,
2014/02/15,10,301,,,213,82,,
2014/02/15,11,293,,,205,81,,
2014/02/15,12,328,,,238,84,,
2014/02/15,13,327,,,241,80,,
2014/02/15,14,325,,,234,84,,
2014/02/15,15,319,,,230,83,,
2014/02/15,16,297,,,212,78,,
2014/02/15,17,273,,,190,76,,
2014/02/15,18,271,,,183,82,,
2014/02/15,19,281,,,195,79,,
2014/02/15,20,240,,,163,71,,
2014/02/15,21,244,,,171,66,,
2014/02/15,22,209,,,139,64,,
2014/02/15,23,215,,,137,71,,
2014/02/15,24,217,,,140,71,,
2014/02/16,01,210,,,134,70,,
2014/02/16,02,214,,,137,71,,
2014/02/16,03,211,,,135,70,,
2014/02/16,04,201,,,128,67,,
2014/02/16,05,183,,,115,62,,
2014/02/16,06,180,,,114,60,,
2014/02/16,07,193,,,116,71,,
2014/02/16,08,231,,,153,72,,
2014/02/16,09,262,,,178,78,,
2014/02/16,10,265,,,180,80,,
2014/02/16,11,299,,,212,81,,
2014/02/16,12,312,,,226,80,,
2014/02/16,13,321,,,232,82,,
2014/02/16,14,314,,,225,82,,
2014/02/16,15,307,,,223,79,,
2014/02/16,16,282,,,199,76,,
2014/02/16,17,256,,,176,72,,
2014/02/16,18,267,,,182,79,,
2014/02/16,19,262,,,171,83,,
2014/02/16,20,257,,,172,79,,
2014/02/16,21,219,,,143,70,,
2014/02/16,22,202,,,130,66,,
2014/02/16,23,196,,,120,70,,
2014/02/16,24,194,,,117,71,,
2014/02/17,01,198,,,123,69,,
2014/02/17,02,177,,,103,68,,
2014/02/17,03,171,,,97,69,,
2014/02/17,04,175,,,101,68,,
2014/02/17,05,180,,,104,70,,
2014/02/17,06,177,,,106,65,,
2014/02/17,07,209,,,137,66,,
2014/02/17,08,245,,,165,74,,
2014/02/17,09,297,,,208,83,,
2014/02/17,10,326,,,213,107,,
2014/02/17,11,350,,,231,112,,
2014/02/17,12,357,,,238,111,,
2014/02/17,13,362,,,256,99,,
2014/02/17,14,349,,,229,113,,
2014/02/17,15,328,,,215,107,,
2014/02/17,16,311,,,200,105,,
2014/02/17,17,294,,,183,103,,
2014/02/17,18,293,,,184,101,,
2014/02/17,19,258,,,154,96,,
2014/02/17,20,254,,,164,83,,
2014/02/17,21,220,,,141,73,,
2014/02/17,22,204,,,131,67,,
2014/02/17,23,181,,,111,64,,
2014/02/17,24,188,,,120,62,,
2014/02/18,01,197,,,122,69,,
2014/02/18,02,180,,,106,68,,
2014/02/18,03,187,,,115,65,,
2014/02/18,04,164,,,98,60,,
2014/02/18,05,156,,,91,59,,
2014/02/18,06,167,,,103,59,,
2014/02/18,07,184,,,116,62,,
2014/02/18,08,263,,,184,72,,
2014/02/18,09,306,,,218,83,,
2014/02/18,10,333,,,215,111,,
2014/02/18,11,361,,,233,121,,
2014/02/18,12,387,,,258,121,,
2014/02/18,13,367,,,258,101,,
2014/02/18,14,351,,,227,117,,
2014/02/18,15,337,,,216,114,,
2014/02/18,16,327,,,209,111,,
2014/02/18,17,331,,,214,110,,
2014/02/18,18,327,,,203,116,,
2014/02/18,19,313,,,196,108,,
2014/02/18,20,296,,,190,98,,
2014/02/18,21,243,,,154,82,,
2014/02/18,22,221,,,145,69,,
2014/02/18,23,196,,,124,66,,
2014/02/18,24,206,,,134,65,,
2014/02/19,01,208,,,130,72,,
2014/02/19,02,193,,,118,69,,
2014/02/19,03,182,,,110,66,,
2014/02/19,04,186,,,114,66,,
2014/02/19,05,166,,,99,61,,
2014/02/19,06,163,,,99,58,,
2014/02/19,07,187,,,118,63,,
2014/02/19,08,247,,,171,70,,
2014/02/19,09,311,,,221,83,,
2014/02/19,10,331,,,214,111,,
2014/02/19,11,362,,,232,122,,
2014/02/19,12,376,,,248,122,,
2014/02/19,13,372,,,260,105,,
2014/02/19,14,365,,,239,118,,
2014/02/19,15,322,,,199,116,,
2014/02/19,16,333,,,217,108,,
2014/02/19,17,313,,,197,108,,
2014/02/19,18,319,,,200,111,,
2014/02/19,19,305,,,191,107,,
2014/02/19,20,291,,,188,96,,
2014/02/19,21,243,,,157,79,,
2014/02/19,22,236,,,160,69,,
2014/02/19,23,207,,,136,65,,
2014/02/19,24,184,,,115,62,,
2014/02/20,01,185,,,110,69,,
2014/02/20,02,177,,,105,66,,
2014/02/20,03,175,,,103,66,,
2014/02/20,04,180,,,108,66,,
2014/02/20,05,180,,,110,64,,
2014/02/20,06,164,,,99,59,,
2014/02/20,07,176,,,110,61,,
2014/02/20,08,233,,,157,70,,
2014/02/20,09,277,,,193,78,,
2014/02/20,10,333,,,223,103,,
2014/02/20,11,360,,,243,109,,
2014/02/20,12,333,,,214,112,,
2014/02/20,13,353,,,248,98,,
2014/02/20,14,348,,,231,109,,
2014/02/20,15,313,,,197,109,,
2014/02/20,16,304,,,196,101,,
2014/02/20,17,298,,,195,96,,
2014/02/20,18,281,,,175,99,,
2014/02/20,19,268,,,168,93,,
2014/02/20,20,269,,,184,78,,
2014/02/20,21,228,,,148,73,,
2014/02/20,22,202,,,130,66,,
2014/02/20,23,189,,,119,64,,
2014/02/20,24,185,,,116,63,,
2014/02/21,01,191,,,118,67,,
2014/02/21,02,179,,,106,66,,
2014/02/21,03,182,,,109,67,,
2014/02/21,04,189,,,121,64,,
2014/02/21,05,168,,,102,61,,
2014/02/21,06,176,,,109,60,,
2014/02/21,07,201,,,130,65,,
2014/02/21,08,257,,,176,74,,
2014/02/21,09,304,,,217,81,,
2014/02/21,10,339,,,227,105,,
2014/02/21,11,344,,,227,110,,
2014/02/21,12,360,,,240,112,,
2014/02/21,13,347,,,245,96,,
2014/02/21,14,348,,,230,112,,
2014/02/21,15,329,,,217,105,,
2014/02/21,16,312,,,205,100,,
2014/02/21,17,303,,,199,97,,
2014/02/21,18,296,,,190,99,,
2014/02/21,19,259,,,157,95,,
2014/02/21,20,240,,,150,83,,
2014/02/21,21,231,,,152,72,,
2014/02/21,22,205,,,132,67,,
2014/02/21,23,197,,,124,67,,
2014/02/21,24,207,,,135,66,,
2014/02/22,01,231,,,152,72,,
2014/02/22,02,229,,,151,71,,
2014/02/22,03,211,,,132,72,,
2014/02/22,04,194,,,116,71,,
2014/02/22,05,179,,,107,66,,
2014/02/22,06,184,,,114,65,,
2014/02/22,07,217,,,144,67,,
2014/02/22,08,243,,,163,74,,
2014/02/22,09,276,,,190,80,,
2014/02/22,10,302,,,209,86,,
2014/02/22,11,292,,,198,87,,
2014/02/22,12,335,,,240,88,,
2014/02/22,13,337,,,244,86,,
2014/02/22,14,323,,,228,89,,
2014/02/22,15,307,,,213,88,,
2014/02/22,16,277,,,190,80,,
2014/02/22,17,261,,,174,80,,
2014/02/22,18,284,,,193,84,,
2014/02/22,19,270,,,184,79,,
2014/02/22,20,230,,,154,70,,
2014/02/22,21,210,,,137,66,,
2014/02/22,22,223,,,152,64,,
2014/02/22,23,225,,,148,71,,
2014/02/22,24,223,,,146,71,,
2014/02/23,01,213,,,137,69,,
2014/02/23,02,212,,,137,68,,
2014/02/23,03,209,,,134,69,,
2014/02/23,04,181,,,107,68,,
2014/02/23,05,159,,,92,61,,
2014/02/23,06,171,,,104,61,,
2014/02/23,07,188,,,116,66,,
2014/02/23,08,245,,,165,73,,
2014/02/23,09,275,,,190,79,,
2014/02/23,10,270,,,181,83,,
2014/02/23,11,279,,,191,82,,
2014/02/23,12,320,,,232,82,,
2014/02/23,13,329,,,243,80,,
2014/02/23,14,311,,,224,81,,
2014/02/23,15,285,,,199,80,,
2014/02/23,16,279,,,197,75,,
2014/02/23,17,261,,,181,73,,
2014/02/23,18,268,,,183,79,,
2014/02/23,19,263,,,176,80,,
2014/02/23,20,259,,,180,72,,
2014/02/23,21,212,,,136,70,,
2014/02/23,22,197,,,126,65,,
2014/02/23,23,216,,,143,68,,
2014/02/23,24,202,,,127,69,,
2014/02/24,01,197,,,122,69,,
2014/02/24,02,186,,,112,68,,
2014/02/24,03,180,,,106,68,,
2014/02/24,04,168,,,100,63,,
2014/02/24,05,161,,,96,60,,
2014/02/24,06,177,,,110,61,,
2014/02/24,07,190,,,122,63,,
2014/02/24,08,241,,,161,74,,
2014/02/24,09,308,,,212,89,,
2014/02/24,10,315,,,200,108,,
2014/02/24,11,323,,,199,117,,
2014/02/24,12,368,,,247,114,,
2014/02/24,13,351,,,243,101,,
2014/02/24,14,351,,,229,115,,
2014/02/24,15,324,,,213,104,,
2014/02/24,16,290,,,182,101,,
2014/02/24,17,302,,,199,96,,
2014/02/24,18,289,,,181,100,,
2014/02/24,19,271,,,168,96,,
2014/02/24,20,266,,,174,85,,
2014/02/24,21,228,,,145,77,,
2014/02/24,22,213,,,141,66,,
2014/02/24,23,180,,,112,63,,
2014/02/24,24,201,,,133,62,,
2014/02/25,01,191,,,118,67,,
2014/02/25,02,192,,,120,66,,
2014/02/25,03,183,,,115,63,,
2014/02/25,04,170,,,108,56,,
2014/02/25,05,164,,,101,58,,
2014/02/25,06,158,,,96,57,,
2014/02/25,07,186,,,120,60,,
2014/02/25,08,240,,,164,70,,
2014/02/25,09,286,,,201,80,,
2014/02/25,10,314,,,201,106,,
2014/02/25,11,342,,,220,115,,
2014/02/25,12,353,,,229,117,,
2014/02/25,13,351,,,242,103,,
2014/02/25,14,356,,,235,115,,
2014/02/25,15,319,,,203,109,,
2014/02/25,16,285,,,174,104,,
2014/02/25,17,309,,,199,104,,
2014/02/25,18,290,,,180,103,,
2014/02/25,19,286,,,181,98,,
2014/02/25,20,257,,,168,82,,
2014/02/25,21,233,,,153,74,,
2014/02/25,22,209,,,138,65,,
2014/02/25,23,222,,,152,63,,
2014/02/25,24,187,,,120,62,,
2014/02/26,01,209,,,132,70,,
2014/02/26,02,184,,,110,68,,
2014/02/26,03,183,,,111,65,,
2014/02/26,04,182,,,112,64,,
2014/02/26,05,156,,,93,58,,
2014/02/26,06,157,,,94,58,,
2014/02/26,07,186,,,119,61,,
2014/02/26,08,274,,,198,70,,
2014/02/26,09,303,,,216,81,,
2014/02/26,10,337,,,224,107,,
2014/02/26,11,354,,,233,113,,
2014/02/26,12,347,,,223,117,,
2014/02/26,13,375,,,265,103,,
2014/02/26,14,363,,,242,114,,
2014/02/26,15,313,,,195,111,,
2014/02/26,16,321,,,203,111,,
2014/02/26,17,311,,,194,109,,
2014/02/26,18,309,,,196,106,,
2014/02/26,19,303,,,192,103,,
2014/02/26,20,289,,,194,87,,
2014/02/26,21,228,,,146,75,,
2014/02/26,22,211,,,140,65,,
2014/02/26,23,201,,,132,63,,
2014/02/26,24,192,,,121,64,,
2014/02/27,01,204,,,131,67,,
2014/02/27,02,178,,,106,65,,
2014/02/27,03,180,,,110,65,,
2014/02/27,04,175,,,112,57,,
2014/02/27,05,165,,,103,57,,
2014/02/27,06,166,,,104,56,,
2014/02/27,07,175,,,110,59,,
2014/02/27,08,231,,,155,70,,
2014/02/27,09,298,,,212,81,,
2014/02/27,10,305,,,199,100,,
2014/02/27,11,330,,,215,107,,
2014/02/27,12,334,,,219,108,,
2014/02/27,13,356,,,255,94,,
2014/02/27,14,345,,,231,108,,
2014/02/27,15,320,,,208,105,,
2014/02/27,16,306,,,199,100,,
2014/02/27,17,297,,,196,94,,
2014/02/27,18,282,,,180,95,,
2014/02/27,19,273,,,173,93,,
2014/02/27,20,266,,,179,80,,
2014/02/27,21,234,,,155,73,,
2014/02/27,22,223,,,149,67,,
2014/02/27,23,201,,,131,64,,
2014/02/27,24,196,,,128,62,,
2014/02/28,01,222,,,149,68,,
2014/02/28,02,182,,,108,68,,
2014/02/28,03,194,,,121,68,,
2014/02/28,04,198,,,127,65,,
2014/02/28,05,173,,,108,59,,
2014/02/28,06,176,,,112,58,,
2014/02/28,07,190,,,118,66,,
2014/02/28,08,261,,,179,75,,
2014/02/28,09,297,,,210,80,,
2014/02/28,10,342,,,235,100,,
2014/02/28,11,334,,,220,107,,
2014/02/28,12,364,,,247,110,,
2014/02/28,13,352,,,248,98,,
2014/02/28,14,360,,,239,114,,
2014/02/28,15,350,,,236,106,,
2014/02/28,16,320,,,215,98,,
2014/02/28,17,307,,,204,96,,
2014/02/28,18,314,,,205,101,,
2014/02/28,19,298,,,197,94,,
2014/02/28,20,274,,,178,88,,
2014/02/28,21,244,,,154,83,,
2014/02/28,22,229,,,157,66,,
2014/02/28,23,233,,,164,63,,
2014/02/28,24,212,,,144,62,,
2014/03/01,01,229,,,154,68,,
2014/03/01,02,209,,,135,68,,
2014/03/01,03,240,,,164,70,,
2014/03/01,04,210,,,139,65,,
2014/03/01,05,185,,,118,61,,
2014/03/01,06,181,,,115,60,,
2014/03/01,07,217,,,147,64,,
2014/03/01,08,249,,,169,74,,
2014/03/01,09,287,,,203,79,,
2014/03/01,10,309,,,215,89,,
2014/03/01,11,313,,,217,90,,
2014/03/01,12,343,,,245,92,,
2014/03/01,13,361,,,266,88,,
2014/03/01,14,327,,,229,91,,
2014/03/01,15,316,,,219,91,,
2014/03/01,16,313,,,217,89,,
2014/03/01,17,291,,,200,84,,
2014/03/01,18,290,,,196,87,,
2014/03/01,19,307,,,215,85,,
2014/03/01,20,284,,,202,74,,
2014/03/01,21,244,,,167,70,,
2014/03/01,22,248,,,176,66,,
2014/03/01,23,244,,,167,72,,
2014/03/01,24,236,,,157,73,,
2014/03/02,01,219,,,140,72,,
2014/03/02,02,197,,,122,69,,
2014/03/02,03,215,,,141,69,,
2014/03/02,04,195,,,122,67,,
2014/03/02,05,183,,,112,64,,
2014/03/02,06,181,,,116,59,,
2014/03/02,07,199,,,128,65,,
2014/03/02,08,254,,,177,71,,
2014/03/02,09,288,,,207,76,,
2014/03/02,10,285,,,198,81,,
2014/03/02,11,275,,,188,81,,
2014/03/02,12,320,,,233,80,,
2014/03/02,13,322,,,234,81,,
2014/03/02,14,324,,,234,83,,
2014/03/02,15,296,,,205,84,,
2014/03/02,16,277,,,191,80,,
2014/03/02,17,263,,,177,78,,
2014/03/02,18,263,,,173,84,,
2014/03/02,19,272,,,180,84,,
2014/03/02,20,264,,,184,73,,
2014/03/02,21,227,,,151,69,,
2014/03/02,22,222,,,150,66,,
2014/03/02,23,222,,,145,71,,
2014/03/02,24,222,,,144,72,,
2014/03/03,01,210,,,134,70,,
2014/03/03,02,175,,,102,68,,
2014/03/03,03,197,,,123,68,,
2014/03/03,04,197,,,124,67,,
2014/03/03,05,185,,,109,70,,
2014/03/03,06,185,,,112,66,,
2014/03/03,07,205,,,135,64,,
2014/03/03,08,245,,,161,78,,
2014/03/03,09,305,,,213,87,,
2014/03/03,10,330,,,213,111,,
2014/03/03,11,333,,,210,115,,
2014/03/03,12,355,,,232,117,,
2014/03/03,13,356,,,245,104,,
2014/03/03,14,360,,,236,117,,
2014/03/03,15,332,,,215,110,,
2014/03/03,16,325,,,214,104,,
2014/03/03,17,349,,,239,103,,
2014/03/03,18,307,,,199,102,,
2014/03/03,19,281,,,177,97,,
2014/03/03,20,277,,,184,85,,
2014/03/03,21,233,,,143,83,,
2014/03/03,22,219,,,139,73,,
2014/03/03,23,210,,,137,68,,
2014/03/03,24,199,,,126,66,,
2014/03/04,01,185,,,107,72,,
2014/03/04,02,180,,,107,67,,
2014/03/04,03,179,,,106,67,,
2014/03/04,04,164,,,101,58,,
2014/03/04,05,162,,,98,59,,
2014/03/04,06,150,,,84,60,,
2014/03/04,07,196,,,128,63,,
2014/03/04,08,239,,,164,69,,
2014/03/04,09,294,,,205,83,,
2014/03/04,10,335,,,218,110,,
2014/03/04,11,308,,,190,112,,
2014/03/04,12,347,,,228,112,,
2014/03/04,13,373,,,263,104,,
2014/03/04,14,346,,,222,118,,
2014/03/04,15,305,,,188,110,,
2014/03/04,16,312,,,199,106,,
2014/03/04,17,292,,,178,107,,
2014/03/04,18,287,,,176,104,,
2014/03/04,19,274,,,167,101,,
2014/03/04,20,260,,,164,89,,
2014/03/04,21,238,,,151,80,,
2014/03/04,22,224,,,146,72,,
2014/03/04,23,214,,,141,68,,
2014/03/04,24,196,,,126,64,,
2014/03/05,01,196,,,123,67,,
2014/03/05,02,179,,,108,65,,
2014/03/05,03,177,,,107,64,,
2014/03/05,04,163,,,98,60,,
2014/03/05,05,151,,,87,59,,
2014/03/05,06,167,,,105,56,,
2014/03/05,07,186,,,118,62,,
2014/03/05,08,241,,,165,70,,
2014/03/05,09,280,,,194,80,,
2014/03/05,10,300,,,197,98,,
2014/03/05,11,340,,,226,107,,
2014/03/05,12,363,,,249,108,,
2014/03/05,13,354,,,251,96,,
2014/03/05,14,359,,,242,109,,
2014/03/05,15,312,,,203,103,,
2014/03/05,16,308,,,202,99,,
2014/03/05,17,307,,,203,97,,
2014/03/05,18,300,,,193,99,,
2014/03/05,19,279,,,174,97,,
2014/03/05,20,271,,,181,83,,
2014/03/05,21,248,,,165,76,,
2014/03/05,22,232,,,158,68,,
2014/03/05,23,192,,,120,66,,
2014/03/05,24,192,,,121,65,,
2014/03/06,01,187,,,110,70,,
2014/03/06,02,189,,,115,67,,
2014/03/06,03,179,,,106,67,,
2014/03/06,04,171,,,104,61,,
2014/03/06,05,179,,,112,61,,
2014/03/06,06,172,,,104,61,,
2014/03/06,07,193,,,124,63,,
2014/03/06,08,233,,,156,71,,
2014/03/06,09,285,,,201,79,,
2014/03/06,10,314,,,208,100,,
2014/03/06,11,346,,,229,110,,
2014/03/06,12,333,,,218,108,,
2014/03/06,13,342,,,242,93,,
2014/03/06,14,340,,,227,107,,
2014/03/06,15,301,,,193,102,,
2014/03/06,16,294,,,187,100,,
2014/03/06,17,283,,,178,98,,
2014/03/06,18,295,,,188,100,,
2014/03/06,19,291,,,188,96,,
2014/03/06,20,276,,,186,83,,
2014/03/06,21,224,,,142,75,,
2014/03/06,22,210,,,139,65,,
2014/03/06,23,213,,,143,64,,
2014/03/06,24,184,,,116,63,,
2014/03/07,01,184,,,111,67,,
2014/03/07,02,179,,,107,66,,
2014/03/07,03,180,,,110,65,,
2014/03/07,04,195,,,124,64,,
2014/03/07,05,178,,,110,61,,
2014/03/07,06,181,,,117,58,,
2014/03/07,07,198,,,128,63,,
2014/03/07,08,253,,,174,73,,
2014/03/07,09,311,,,224,81,,
2014/03/07,10,344,,,231,107,,
2014/03/07,11,329,,,207,115,,
2014/03/07,12,368,,,243,117,,
2014/03/07,13,368,,,257,103,,
2014/03/07,14,344,,,221,117,,
2014/03/07,15,328,,,209,112,,
2014/03/07,16,305,,,192,107,,
2014/03/07,17,295,,,194,94,,
2014/03/07,18,299,,,192,99,,
2014/03/07,19,288,,,186,95,,
2014/03/07,20,267,,,173,86,,
2014/03/07,21,250,,,164,79,,
2014/03/07,22,213,,,136,70,,
2014/03/07,23,196,,,123,67,,
2014/03/07,24,210,,,136,67,,
2014/03/08,01,215,,,137,71,,
2014/03/08,02,195,,,120,69,,
2014/03/08,03,214,,,137,70,,
2014/03/08,04,227,,,153,68,,
2014/03/08,05,196,,,128,62,,
2014/03/08,06,201,,,133,61,,
2014/03/08,07,220,,,151,62,,
2014/03/08,08,246,,,168,72,,
2014/03/08,09,276,,,192,79,,
2014/03/08,10,302,,,206,89,,
2014/03/08,11,302,,,204,92,,
2014/03/08,12,340,,,241,93,,
2014/03/08,13,339,,,245,88,,
2014/03/08,14,322,,,223,93,,
2014/03/08,15,301,,,204,90,,
2014/03/08,16,276,,,187,82,,
2014/03/08,17,285,,,198,80,,
2014/03/08,18,290,,,201,82,,
2014/03/08,19,272,,,183,82,,
2014/03/08,20,260,,,179,73,,
2014/03/08,21,231,,,154,71,,
2014/03/08,22,245,,,168,70,,
2014/03/08,23,224,,,146,72,,
2014/03/08,24,225,,,145,73,,
2014/03/09,01,218,,,139,73,,
2014/03/09,02,209,,,134,69,,
2014/03/09,03,221,,,145,69,,
2014/03/09,04,196,,,124,66,,
2014/03/09,05,188,,,122,60,,
2014/03/09,06,189,,,125,58,,
2014/03/09,07,191,,,125,60,,
2014/03/09,08,238,,,160,72,,
2014/03/09,09,273,,,190,78,,
2014/03/09,10,284,,,195,84,,
2014/03/09,11,282,,,192,84,,
2014/03/09,12,317,,,226,85,,
2014/03/09,13,321,,,231,83,,
2014/03/09,14,310,,,219,85,,
2014/03/09,15,279,,,190,84,,
2014/03/09,16,260,,,174,79,,
2014/03/09,17,269,,,186,76,,
2014/03/09,18,259,,,171,82,,
2014/03/09,19,261,,,171,83,,
2014/03/09,20,247,,,169,72,,
2014/03/09,21,217,,,141,69,,
2014/03/09,22,209,,,136,67,,
2014/03/09,23,206,,,129,71,,
2014/03/09,24,201,,,123,72,,
2014/03/10,01,206,,,130,71,,
2014/03/10,02,186,,,113,67,,
2014/03/10,03,192,,,118,68,,
2014/03/10,04,187,,,116,64,,
2014/03/10,05,175,,,110,59,,
2014/03/10,06,164,,,102,56,,
2014/03/10,07,196,,,128,62,,
2014/03/10,08,237,,,157,74,,
2014/03/10,09,312,,,218,88,,
2014/03/10,10,322,,,209,107,,
2014/03/10,11,360,,,242,112,,
2014/03/10,12,340,,,221,111,,
2014/03/10,13,348,,,242,99,,
2014/03/10,14,359,,,238,115,,
2014/03/10,15,311,,,198,107,,
2014/03/10,16,302,,,193,101,,
2014/03/10,17,292,,,188,97,,
2014/03/10,18,290,,,185,98,,
2014/03/10,19,273,,,167,99,,
2014/03/10,20,270,,,170,93,,
2014/03/10,21,230,,,134,89,,
2014/03/10,22,223,,,136,80,,
2014/03/10,23,215,,,132,76,,
2014/03/10,24,216,,,136,74,,
2014/03/11,01,224,,,146,71,,
2014/03/11,02,191,,,117,67,,
2014/03/11,03,205,,,130,69,,
2014/03/11,04,191,,,127,58,,
2014/03/11,05,185,,,121,58,,
2014/03/11,06,178,,,115,57,,
2014/03/11,07,196,,,127,63,,
2014/03/11,08,245,,,167,73,,
2014/03/11,09,294,,,206,83,,
2014/03/11,10,314,,,202,106,,
2014/03/11,11,320,,,198,115,,
2014/03/11,12,357,,,232,118,,
2014/03/11,13,375,,,268,101,,
2014/03/11,14,358,,,233,118,,
2014/03/11,15,333,,,217,110,,
2014/03/11,16,321,,,206,108,,
2014/03/11,17,298,,,188,103,,
2014/03/11,18,298,,,187,103,,
2014/03/11,19,292,,,186,99,,
2014/03/11,20,262,,,169,85,,
2014/03/11,21,243,,,156,81,,
2014/03/11,22,220,,,143,70,,
2014/03/11,23,197,,,123,67,,
2014/03/11,24,206,,,133,67,,
2014/03/12,01,214,,,137,71,,
2014/03/12,02,178,,,104,69,,
2014/03/12,03,178,,,109,63,,
2014/03/12,04,158,,,95,58,,
2014/03/12,05,166,,,102,58,,
2014/03/12,06,164,,,103,55,,
2014/03/12,07,203,,,136,61,,
2014/03/12,08,256,,,176,73,,
2014/03/12,09,318,,,229,83,,
2014/03/12,10,319,,,209,103,,
2014/03/12,11,357,,,245,105,,
2014/03/12,12,350,,,235,107,,
2014/03/12,13,369,,,264,98,,
2014/03/12,14,361,,,243,110,,
2014/03/12,15,310,,,199,104,,
2014/03/12,16,312,,,207,98,,
2014/03/12,17,305,,,203,95,,
2014/03/12,18,310,,,203,99,,
2014/03/12,19,303,,,198,98,,
2014/03/12,20,298,,,204,86,,
2014/03/12,21,262,,,176,79,,
2014/03/12,22,229,,,154,69,,
2014/03/12,23,213,,,141,66,,
2014/03/12,24,204,,,133,66,,
2014/03/13,01,222,,,146,70,,
2014/03/13,02,205,,,129,70,,
2014/03/13,03,186,,,110,70,,
2014/03/13,04,179,,,112,62,,
2014/03/13,05,183,,,119,59,,
2014/03/13,06,186,,,121,59,,
2014/03/13,07,210,,,140,64,,
2014/03/13,08,255,,,178,71,,
2014/03/13,09,297,,,210,81,,
2014/03/13,10,315,,,207,102,,
2014/03/13,11,342,,,227,109,,
2014/03/13,12,358,,,243,109,,
2014/03/13,13,345,,,241,98,,
2014/03/13,14,353,,,238,110,,
2014/03/13,15,321,,,210,105,,
2014/03/13,16,314,,,210,98,,
2014/03/13,17,286,,,179,100,,
2014/03/13,18,292,,,184,102,,
2014/03/13,19,294,,,190,97,,
2014/03/13,20,265,,,172,86,,
2014/03/13,21,244,,,160,77,,
2014/03/13,22,227,,,153,68,,
2014/03/13,23,206,,,134,66,,
2014/03/13,24,222,,,150,67,,
2014/03/14,01,224,,,149,69,,
2014/03/14,02,195,,,121,68,,
2014/03/14,03,216,,,144,67,,
2014/03/14,04,189,,,116,68,,
2014/03/14,05,187,,,115,66,,
2014/03/14,06,175,,,108,62,,
2014/03/14,07,192,,,120,67,,
2014/03/14,08,252,,,170,76,,
2014/03/14,09,299,,,213,80,,
2014/03/14,10,339,,,230,103,,
2014/03/14,11,328,,,211,111,,
2014/03/14,12,342,,,227,108,,
2014/03/14,13,357,,,253,98,,
2014/03/14,14,341,,,225,109,,
2014/03/14,15,352,,,239,107,,
2014/03/14,16,294,,,187,100,,
2014/03/14,17,311,,,205,100,,
2014/03/14,18,290,,,180,102,,
2014/03/14,19,277,,,175,95,,
2014/03/14,20,257,,,166,84,,
2014/03/14,21,241,,,155,79,,
2014/03/14,22,233,,,155,71,,
2014/03/14,23,228,,,152,70,,
2014/03/14,24,206,,,131,69,,
2014/03/15,01,209,,,132,70,,
2014/03/15,02,212,,,137,69,,
2014/03/15,03,226,,,148,72,,
2014/03/15,04,231,,,154,71,,
2014/03/15,05,178,,,107,65,,
2014/03/15,06,192,,,123,63,,
2014/03/15,07,212,,,140,65,,
2014/03/15,08,234,,,153,75,,
2014/03/15,09,265,,,181,79,,
2014/03/15,10,299,,,206,87,,
2014/03/15,11,312,,,215,92,,
2014/03/15,12,327,,,225,95,,
2014/03/15,13,340,,,242,92,,
2014/03/15,14,325,,,223,95,,
2014/03/15,15,332,,,234,92,,
2014/03/15,16,304,,,210,87,,
2014/03/15,17,282,,,193,81,,
2014/03/15,18,283,,,193,83,,
2014/03/15,19,262,,,177,79,,
2014/03/15,20,254,,,173,74,,
2014/03/15,21,255,,,177,71,,
2014/03/15,22,224,,,149,68,,
2014/03/15,23,205,,,129,70,,
2014/03/15,24,211,,,133,72,,
2014/03/16,01,200,,,125,69,,
2014/03/16,02,196,,,122,67,,
2014/03/16,03,200,,,126,69,,
2014/03/16,04,196,,,122,68,,
2014/03/16,05,188,,,122,60,,
2014/03/16,06,172,,,107,59,,
2014/03/16,07,178,,,109,63,,
2014/03/16,08,226,,,147,73,,
2014/03/16,09,262,,,179,78,,
2014/03/16,10,277,,,190,81,,
2014/03/16,11,292,,,203,83,,
2014/03/16,12,328,,,236,86,,
2014/03/16,13,357,,,265,85,,
2014/03/16,14,330,,,238,86,,
2014/03/16,15,314,,,225,83,,
2014/03/16,16,301,,,214,80,,
2014/03/16,17,292,,,210,75,,
2014/03/16,18,284,,,198,79,,
2014/03/16,19,277,,,188,81,,
2014/03/16,20,262,,,179,75,,
2014/03/16,21,237,,,160,71,,
2014/03/16,22,222,,,152,64,,
2014/03/16,23,221,,,148,67,,
2014/03/16,24,197,,,120,70,,
2014/03/17,01,194,,,119,69,,
2014/03/17,02,182,,,109,67,,
2014/03/17,03,182,,,107,69,,
2014/03/17,04,199,,,125,68,,
2014/03/17,05,171,,,103,62,,
2014/03/17,06,171,,,104,61,,
2014/03/17,07,195,,,126,64,,
2014/03/17,08,238,,,156,77,,
2014/03/17,09,305,,,211,88,,
2014/03/17,10,326,,,214,105,,
2014/03/17,11,332,,,213,112,,
2014/03/17,12,362,,,242,114,,
2014/03/17,13,356,,,249,100,,
2014/03/17,14,358,,,240,112,,
2014/03/17,15,336,,,222,107,,
2014/03/17,16,331,,,223,102,,
2014/03/17,17,296,,,187,101,,
2014/03/17,18,297,,,193,96,,
2014/03/17,19,288,,,184,96,,
2014/03/17,20,280,,,184,88,,
2014/03/17,21,249,,,158,83,,
2014/03/17,22,233,,,158,68,,
2014/03/17,23,213,,,142,65,,
2014/03/17,24,206,,,136,64,,
2014/03/18,01,199,,,123,70,,
2014/03/18,02,180,,,107,66,,
2014/03/18,03,189,,,117,65,,
2014/03/18,04,183,,,111,67,,
2014/03/18,05,175,,,105,64,,
2014/03/18,06,166,,,102,58,,
2014/03/18,07,191,,,124,62,,
2014/03/18,08,250,,,171,74,,
2014/03/18,09,289,,,204,80,,
2014/03/18,10,334,,,222,106,,
2014/03/18,11,328,,,210,112,,
2014/03/18,12,369,,,247,115,,
2014/03/18,13,379,,,270,102,,
2014/03/18,14,378,,,254,117,,
2014/03/18,15,358,,,236,115,,
2014/03/18,16,319,,,201,112,,
2014/03/18,17,331,,,216,107,,
2014/03/18,18,310,,,194,108,,
2014/03/18,19,312,,,200,105,,
2014/03/18,20,317,,,221,89,,
2014/03/18,21,263,,,176,80,,
2014/03/18,22,228,,,152,69,,
2014/03/18,23,222,,,152,64,,
2014/03/18,24,203,,,132,65,,
2014/03/19,01,210,,,134,70,,
2014/03/19,02,191,,,117,68,,
2014/03/19,03,200,,,127,67,,
2014/03/19,04,189,,,115,68,,
2014/03/19,05,180,,,113,62,,
2014/03/19,06,165,,,100,59,,
2014/03/19,07,203,,,137,60,,
2014/03/19,08,257,,,180,72,,
2014/03/19,09,286,,,199,81,,
2014/03/19,10,318,,,209,103,,
2014/03/19,11,346,,,230,110,,
2014/03/19,12,360,,,243,111,,
2014/03/19,13,381,,,274,101,,
2014/03/19,14,362,,,237,118,,
2014/03/19,15,347,,,225,115,,
2014/03/19,16,330,,,212,112,,
2014/03/19,17,326,,,211,108,,
2014/03/19,18,318,,,203,109,,
2014/03/19,19,302,,,188,107,,
2014/03/19,20,272,,,174,90,,
2014/03/19,21,283,,,194,82,,
2014/03/19,22,242,,,167,69,,
2014/03/19,23,240,,,168,66,,
2014/03/19,24,211,,,138,67,,
2014/03/20,01,203,,,126,71,,
2014/03/20,02,185,,,111,68,,
2014/03/20,03,191,,,118,67,,
2014/03/20,04,196,,,124,67,,
2014/03/20,05,165,,,96,62,,
2014/03/20,06,175,,,110,60,,
2014/03/20,07,201,,,132,64,,
2014/03/20,08,244,,,163,75,,
2014/03/20,09,287,,,198,83,,
2014/03/20,10,308,,,201,101,,
2014/03/20,11,327,,,213,108,,
2014/03/20,12,361,,,246,108,,
2014/03/20,13,347,,,245,96,,
2014/03/20,14,355,,,240,109,,
2014/03/20,15,334,,,220,107,,
2014/03/20,16,317,,,207,103,,
2014/03/20,17,304,,,200,96,,
2014/03/20,18,290,,,184,98,,
2014/03/20,19,283,,,180,95,,
2014/03/20,20,291,,,195,89,,
2014/03/20,21,238,,,154,77,,
2014/03/20,22,244,,,169,69,,
2014/03/20,23,212,,,140,66,,
2014/03/20,24,211,,,138,66,,
2014/03/21,01,199,,,122,71,,
2014/03/21,02,187,,,112,69,,
2014/03/21,03,193,,,121,66,,
2014/03/21,04,182,,,107,69,,
2014/03/21,05,167,,,99,62,,
2014/03/21,06,170,,,102,62,,
2014/03/21,07,210,,,140,64,,
2014/03/21,08,262,,,182,74,,
2014/03/21,09,313,,,229,79,,
2014/03/21,10,342,,,239,97,,
2014/03/21,11,341,,,233,103,,
2014/03/21,12,364,,,250,107,,
2014/03/21,13,336,,,233,97,,
2014/03/21,14,338,,,227,105,,
2014/03/21,15,346,,,235,104,,
2014/03/21,16,308,,,201,99,,
2014/03/21,17,297,,,198,92,,
2014/03/21,18,301,,,199,95,,
2014/03/21,19,272,,,173,92,,
2014/03/21,20,260,,,168,85,,
2014/03/21,21,232,,,147,79,,
2014/03/21,22,205,,,130,68,,
2014/03/21,23,217,,,146,66,,
2014/03/21,24,216,,,145,65,,
2014/03/22,01,212,,,136,70,,
2014/03/22,02,220,,,143,70,,
2014/03/22,03,208,,,130,71,,
2014/03/22,04,212,,,135,70,,
2014/03/22,05,185,,,110,68,,
2014/03/22,06,174,,,104,63,,
2014/03/22,07,216,,,147,63,,
2014/03/22,08,243,,,163,74,,
2014/03/22,09,290,,,205,80,,
2014/03/22,10,324,,,232,86,,
2014/03/22,11,298,,,207,85,,
2014/03/22,12,339,,,245,87,,
2014/03/22,13,349,,,255,88,,
2014/03/22,14,320,,,224,90,,
2014/03/22,15,312,,,217,89,,
2014/03/22,16,298,,,208,84,,
2014/03/22,17,299,,,211,81,,
2014/03/22,18,295,,,203,84,,
2014/03/22,19,273,,,184,82,,
2014/03/22,20,247,,,168,73,,
2014/03/22,21,234,,,160,68,,
2014/03/22,22,232,,,162,63,,
2014/03/22,23,226,,,151,68,,
2014/03/22,24,224,,,149,70,,
2014/03/23,01,204,,,130,69,,
2014/03/23,02,196,,,125,65,,
2014/03/23,03,211,,,137,68,,
2014/03/23,04,202,,,128,68,,
2014/03/23,05,191,,,117,68,,
2014/03/23,06,186,,,114,66,,
2014/03/23,07,202,,,131,65,,
2014/03/23,08,237,,,159,72,,
2014/03/23,09,291,,,204,82,,
2014/03/23,10,304,,,215,83,,
2014/03/23,11,300,,,211,83,,
2014/03/23,12,326,,,236,82,,
2014/03/23,13,339,,,252,81,,
2014/03/23,14,330,,,241,83,,
2014/03/23,15,308,,,221,81,,
2014/03/23,16,277,,,193,77,,
2014/03/23,17,288,,,209,72,,
2014/03/23,18,268,,,184,77,,
2014/03/23,19,277,,,189,80,,
2014/03/23,20,269,,,190,73,,
2014/03/23,21,232,,,156,69,,
2014/03/23,22,211,,,139,66,,
2014/03/23,23,218,,,143,69,,
2014/03/23,24,200,,,124,70,,
2014/03/24,01,196,,,120,70,,
2014/03/24,02,183,,,113,65,,
2014/03/24,03,180,,,106,67,,
2014/03/24,04,190,,,115,70,,
2014/03/24,05,179,,,105,67,,
2014/03/24,06,167,,,97,64,,
2014/03/24,07,186,,,119,61,,
2014/03/24,08,256,,,176,74,,
2014/03/24,09,295,,,203,86,,
2014/03/24,10,310,,,201,103,,
2014/03/24,11,332,,,216,110,,
2014/03/24,12,363,,,247,110,,
2014/03/24,13,359,,,255,97,,
2014/03/24,14,354,,,240,108,,
2014/03/24,15,330,,,222,101,,
2014/03/24,16,307,,,202,99,,
2014/03/24,17,316,,,216,94,,
2014/03/24,18,299,,,197,95,,
2014/03/24,19,285,,,184,94,,
2014/03/24,20,277,,,187,83,,
2014/03/24,21,234,,,149,78,,
2014/03/24,22,218,,,145,68,,
2014/03/24,23,206,,,136,64,,
2014/03/24,24,195,,,125,64,,
2014/03/25,01,195,,,119,70,,
2014/03/25,02,191,,,118,68,,
2014/03/25,03,187,,,115,66,,
2014/03/25,04,166,,,100,61,,
2014/03/25,05,167,,,105,56,,
2014/03/25,06,176,,,115,55,,
2014/03/25,07,187,,,123,59,,
2014/03/25,08,238,,,163,69,,
2014/03/25,09,276,,,189,81,,
2014/03/25,10,301,,,193,102,,
2014/03/25,11,309,,,196,107,,
2014/03/25,12,361,,,244,110,,
2014/03/25,13,375,,,270,99,,
2014/03/25,14,377,,,259,111,,
2014/03/25,15,352,,,236,109,,
2014/03/25,16,319,,,210,103,,
2014/03/25,17,332,,,227,98,,
2014/03/25,18,332,,,224,100,,
2014/03/25,19,293,,,185,101,,
2014/03/25,20,305,,,206,91,,
2014/03/25,21,292,,,200,86,,
2014/03/25,22,237,,,162,69,,
2014/03/25,23,227,,,155,65,,
2014/03/25,24,212,,,140,65,,
2014/03/26,01,211,,,135,70,,
2014/03/26,02,207,,,132,69,,
2014/03/26,03,192,,,119,67,,
2014/03/26,04,193,,,120,67,,
2014/03/26,05,185,,,113,65,,
2014/03/26,06,174,,,109,59,,
2014/03/26,07,185,,,118,60,,
2014/03/26,08,235,,,161,69,,
2014/03/26,09,287,,,205,77,,
2014/03/26,10,296,,,192,98,,
2014/03/26,11,350,,,239,105,,
2014/03/26,12,338,,,225,107,,
2014/03/26,13,344,,,241,96,,
2014/03/26,14,362,,,242,113,,
2014/03/26,15,335,,,218,110,,
2014/03/26,16,303,,,197,99,,
2014/03/26,17,300,,,198,94,,
2014/03/26,18,302,,,197,98,,
2014/03/26,19,295,,,193,95,,
2014/03/26,20,272,,,182,83,,
2014/03/26,21,258,,,175,75,,
2014/03/26,22,248,,,176,67,,
2014/03/26,23,247,,,178,63,,
2014/03/26,24,232,,,162,64,,
2014/03/27,01,222,,,148,69,,
2014/03/27,02,207,,,132,69,,
2014/03/27,03,195,,,122,67,,
2014/03/27,04,180,,,111,62,,
2014/03/27,05,170,,,107,57,,
2014/03/27,06,205,,,143,57,,
2014/03/27,07,208,,,140,62,,
2014/03/27,08,229,,,154,69,,
2014/03/27,09,284,,,200,78,,
2014/03/27,10,292,,,188,99,,
2014/03/27,11,349,,,239,104,,
2014/03/27,12,344,,,231,107,,
2014/03/27,13,360,,,260,94,,
2014/03/27,14,342,,,229,106,,
2014/03/27,15,327,,,218,104,,
2014/03/27,16,320,,,214,99,,
2014/03/27,17,296,,,195,95,,
2014/03/27,18,296,,,191,98,,
2014/03/27,19,284,,,179,97,,
2014/03/27,20,272,,,182,82,,
2014/03/27,21,257,,,173,77,,
2014/03/27,22,227,,,153,68,,
2014/03/27,23,248,,,173,68,,
2014/03/27,24,217,,,147,64,,
2014/03/28,01,215,,,138,71,,
2014/03/28,02,197,,,121,70,,
2014/03/28,03,199,,,127,67,,
2014/03/28,04,195,,,123,66,,
2014/03/28,05,192,,,124,61,,
2014/03/28,06,197,,,128,63,,
2014/03/28,07,218,,,143,69,,
2014/03/28,08,251,,,173,73,,
2014/03/28,09,286,,,202,79,,
2014/03/28,10,318,,,213,99,,
2014/03/28,11,324,,,213,105,,
2014/03/28,12,358,,,244,108,,
2014/03/28,13,346,,,245,95,,
2014/03/28,14,360,,,247,107,,
2014/03/28,15,345,,,237,100,,
2014/03/28,16,323,,,221,95,,
2014/03/28,17,323,,,226,90,,
2014/03/28,18,315,,,216,93,,
2014/03/28,19,303,,,204,92,,
2014/03/28,20,267,,,177,83,,
2014/03/28,21,263,,,181,75,,
2014/03/28,22,228,,,152,69,,
2014/03/28,23,228,,,154,68,,
2014/03/28,24,223,,,152,65,,
2014/03/29,01,228,,,152,71,,
2014/03/29,02,216,,,140,70,,
2014/03/29,03,224,,,147,70,,
2014/03/29,04,212,,,136,71,,
2014/03/29,05,205,,,129,70,,
2014/03/29,06,198,,,125,67,,
2014/03/29,07,223,,,151,66,,
2014/03/29,08,250,,,169,75,,
2014/03/29,09,294,,,209,79,,
2014/03/29,10,322,,,228,88,,
2014/03/29,11,356,,,260,89,,
2014/03/29,12,367,,,273,87,,
2014/03/29,13,352,,,262,84,,
2014/03/29,14,335,,,243,86,,
2014/03/29,15,346,,,249,90,,
2014/03/29,16,328,,,240,81,,
2014/03/29,17,323,,,235,80,,
2014/03/29,18,307,,,218,81,,
2014/03/29,19,277,,,193,78,,
2014/03/29,20,275,,,196,73,,
2014/03/29,21,255,,,176,71,,
2014/03/29,22,250,,,175,69,,
2014/03/29,23,230,,,154,70,,
2014/03/29,24,233,,,158,70,,
2014/03/30,01,232,,,155,71,,
2014/03/30,02,227,,,153,69,,
2014/03/30,03,230,,,156,68,,
2014/03/30,04,236,,,160,70,,
2014/03/30,05,216,,,141,70,,
2014/03/30,06,200,,,132,62,,
2014/03/30,07,220,,,147,68,,
2014/03/30,08,224,,,146,72,,
2014/03/30,09,280,,,197,78,,
2014/03/30,10,287,,,198,83,,
2014/03/30,11,306,,,215,85,,
2014/03/30,12,311,,,221,82,,
2014/03/30,13,327,,,239,82,,
2014/03/30,14,315,,,229,80,,
2014/03/30,15,297,,,215,76,,
2014/03/30,16,290,,,213,71,,
2014/03/30,17,294,,,217,71,,
2014/03/30,18,295,,,213,75,,
2014/03/30,19,280,,,191,83,,
2014/03/30,20,286,,,208,71,,
2014/03/30,21,252,,,177,68,,
2014/03/30,22,233,,,163,64,,
2014/03/30,23,229,,,157,66,,
2014/03/30,24,222,,,148,69,,
2014/03/31,01,217,,,148,65,,
2014/03/31,02,197,,,126,65,,
2014/03/31,03,202,,,131,66,,
2014/03/31,04,189,,,114,69,,
2014/03/31,05,180,,,111,64,,
2014/03/31,06,173,,,107,59,,
2014/03/31,07,181,,,111,65,,
2014/03/31,08,231,,,150,74,,
2014/03/31,09,274,,,187,81,,
2014/03/31,10,324,,,220,99,,
2014/03/31,11,325,,,217,103,,
2014/03/31,12,362,,,250,105,,
2014/03/31,13,365,,,263,96,,
2014/03/31,14,356,,,244,106,,
2014/03/31,15,368,,,261,101,,
2014/03/31,16,327,,,224,96,,
2014/03/31,17,323,,,225,92,,
2014/03/31,18,324,,,220,97,,
2014/03/31,19,311,,,211,93,,
2014/03/31,20,286,,,202,77,,
2014/03/31,21,241,,,164,71,,
2014/03/31,22,235,,,163,65,,
2014/03/31,23,220,,,151,64,,
2014/03/31,24,211,,,143,62,,
2014/04/01,01,201,,,127,68,,
2014/04/01,02,183,,,111,66,,
2014/04/01,03,192,,,121,66,,
2014/04/01,04,178,,,107,65,,
2014/04/01,05,166,,,102,58,,
2014/04/01,06,167,,,104,57,,
2014/04/01,07,192,,,127,60,,
2014/04/01,08,234,,,158,70,,
2014/04/01,09,280,,,194,81,,
2014/04/01,10,301,,,194,101,,
2014/04/01,11,333,,,222,106,,
2014/04/01,12,354,,,242,106,,
2014/04/01,13,366,,,262,97,,
2014/04/01,14,382,,,267,108,,
2014/04/01,15,358,,,243,108,,
2014/04/01,16,336,,,226,103,,
2014/04/01,17,324,,,215,102,,
2014/04/01,18,297,,,187,103,,
2014/04/01,19,293,,,185,100,,
2014/04/01,20,264,,,163,94,,
2014/04/01,21,249,,,155,87,,
2014/04/01,22,242,,,163,72,,
2014/04/01,23,215,,,142,67,,
2014/04/01,24,220,,,148,67,,
2014/04/02,01,215,,,138,70,,
2014/04/02,02,196,,,122,68,,
2014/04/02,03,187,,,116,66,,
2014/04/02,04,175,,,103,66,,
2014/04/02,05,180,,,115,59,,
2014/04/02,06,163,,,101,56,,
2014/04/02,07,186,,,117,64,,
2014/04/02,08,225,,,149,70,,
2014/04/02,09,269,,,187,77,,
2014/04/02,10,310,,,204,101,,
2014/04/02,11,343,,,231,105,,
2014/04/02,12,357,,,243,108,,
2014/04/02,13,359,,,256,97,,
2014/04/02,14,369,,,249,114,,
2014/04/02,15,346,,,232,107,,
2014/04/02,16,325,,,218,101,,
2014/04/02,17,317,,,210,101,,
2014/04/02,18,323,,,212,103,,
2014/04/02,19,313,,,206,101,,
2014/04/02,20,291,,,195,89,,
2014/04/02,21,289,,,200,82,,
2014/04/02,22,256,,,179,70,,
2014/04/02,23,252,,,180,66,,
2014/04/02,24,221,,,151,64,,
2014/04/03,01,218,,,142,71,,
2014/04/03,02,193,,,119,68,,
2014/04/03,03,208,,,135,67,,
2014/04/03,04,184,,,111,68,,
2014/04/03,05,186,,,120,61,,
2014/04/03,06,174,,,108,60,,
2014/04/03,07,200,,,131,62,,
2014/04/03,08,225,,,149,71,,
2014/04/03,09,274,,,189,80,,
2014/04/03,10,308,,,202,101,,
2014/04/03,11,349,,,235,108,,
2014/04/03,12,340,,,225,109,,
2014/04/03,13,369,,,265,97,,
2014/04/03,14,344,,,231,107,,
2014/04/03,15,339,,,230,102,,
2014/04/03,16,307,,,199,101,,
2014/04/03,17,304,,,198,98,,
2014/04/03,18,285,,,178,100,,
2014/04/03,19,288,,,186,95,,
2014/04/03,20,267,,,177,83,,
2014/04/03,21,263,,,178,79,,
2014/04/03,22,232,,,157,69,,
2014/04/03,23,227,,,156,65,,
2014/04/03,24,228,,,159,63,,
2014/04/04,01,215,,,142,68,,
2014/04/04,02,204,,,131,66,,
2014/04/04,03,202,,,131,65,,
2014/04/04,04,201,,,130,66,,
2014/04/04,05,200,,,128,66,,
2014/04/04,06,193,,,125,62,,
2014/04/04,07,208,,,138,65,,
2014/04/04,08,235,,,155,75,,
2014/04/04,09,285,,,198,82,,
2014/04/04,10,331,,,222,103,,
2014/04/04,11,387,,,276,105,,
2014/04/04,12,354,,,245,103,,
2014/04/04,13,371,,,267,98,,
2014/04/04,14,357,,,242,108,,
2014/04/04,15,358,,,246,105,,
2014/04/04,16,321,,,217,97,,
2014/04/04,17,322,,,220,95,,
2014/04/04,18,320,,,221,93,,
2014/04/04,19,302,,,205,90,,
2014/04/04,20,272,,,190,76,,
2014/04/04,21,234,,,158,69,,
2014/04/04,22,253,,,181,66,,
2014/04/04,23,209,,,138,65,,
2014/04/04,24,220,,,150,64,,
2014/04/05,01,224,,,148,70,,
2014/04/05,02,216,,,140,70,,
2014/04/05,03,224,,,148,70,,
2014/04/05,04,203,,,127,70,,
2014/04/05,05,193,,,118,68,,
2014/04/05,06,183,,,113,63,,
2014/04/05,07,220,,,149,65,,
2014/04/05,08,234,,,156,72,,
2014/04/05,09,282,,,197,79,,
2014/04/05,10,299,,,203,90,,
2014/04/05,11,302,,,205,90,,
2014/04/05,12,337,,,238,92,,
2014/04/05,13,346,,,255,84,,
2014/04/05,14,349,,,251,92,,
2014/04/05,15,341,,,247,88,,
2014/04/05,16,306,,,220,80,,
2014/04/05,17,273,,,188,77,,
2014/04/05,18,284,,,197,81,,
2014/04/05,19,284,,,197,80,,
2014/04/05,20,251,,,170,74,,
2014/04/05,21,237,,,162,67,,
2014/04/05,22,231,,,161,64,,
2014/04/05,23,228,,,153,69,,
2014/04/05,24,215,,,138,71,,
2014/04/06,01,204,,,130,69,,
2014/04/06,02,190,,,117,67,,
2014/04/06,03,209,,,135,68,,
2014/04/06,04,200,,,126,68,,
2014/04/06,05,193,,,119,67,,
2014/04/06,06,195,,,123,66,,
2014/04/06,07,216,,,144,66,,
2014/04/06,08,229,,,150,73,,
2014/04/06,09,272,,,186,81,,
2014/04/06,10,303,,,211,86,,
2014/04/06,11,311,,,218,86,,
2014/04/06,12,320,,,230,83,,
2014/04/06,13,342,,,253,83,,
2014/04/06,14,348,,,255,87,,
2014/04/06,15,296,,,206,83,,
2014/04/06,16,285,,,201,78,,
2014/04/06,17,289,,,206,76,,
2014/04/06,18,267,,,184,76,,
2014/04/06,19,273,,,187,79,,
2014/04/06,20,239,,,159,73,,
2014/04/06,21,242,,,165,71,,
2014/04/06,22,207,,,134,66,,
2014/04/06,23,226,,,150,69,,
2014/04/06,24,200,,,123,71,,
2014/04/07,01,185,,,112,67,,
2014/04/07,02,170,,,100,64,,
2014/04/07,03,184,,,114,65,,
2014/04/07,04,169,,,101,62,,
2014/04/07,05,161,,,96,58,,
2014/04/07,06,175,,,109,60,,
2014/04/07,07,200,,,129,64,,
2014/04/07,08,241,,,163,72,,
2014/04/07,09,283,,,192,85,,
2014/04/07,10,304,,,192,105,,
2014/04/07,11,315,,,200,109,,
2014/04/07,12,351,,,233,111,,
2014/04/07,13,353,,,247,100,,
2014/04/07,14,341,,,226,109,,
2014/04/07,15,329,,,219,102,,
2014/04/07,16,302,,,197,98,,
2014/04/07,17,319,,,213,99,,
2014/04/07,18,300,,,193,100,,
2014/04/07,19,302,,,198,97,,
2014/04/07,20,273,,,180,85,,
2014/04/07,21,246,,,163,77,,
2014/04/07,22,228,,,156,67,,
2014/04/07,23,215,,,144,64,,
2014/04/07,24,207,,,136,65,,
2014/04/08,01,196,,,123,67,,
2014/04/08,02,186,,,116,64,,
2014/04/08,03,195,,,126,63,,
2014/04/08,04,190,,,121,64,,
2014/04/08,05,167,,,104,57,,
2014/04/08,06,176,,,114,57,,
2014/04/08,07,177,,,108,63,,
2014/04/08,08,237,,,158,73,,
2014/04/08,09,286,,,199,81,,
2014/04/08,10,307,,,201,100,,
2014/04/08,11,324,,,209,108,,
2014/04/08,12,342,,,230,106,,
2014/04/08,13,368,,,263,98,,
2014/04/08,14,349,,,235,108,,
2014/04/08,15,319,,,211,101,,
2014/04/08,16,303,,,199,97,,
2014/04/08,17,330,,,224,99,,
2014/04/08,18,301,,,196,98,,
2014/04/08,19,299,,,197,95,,
2014/04/08,20,272,,,183,83,,
2014/04/08,21,253,,,170,76,,
2014/04/08,22,229,,,156,67,,
2014/04/08,23,238,,,167,65,,
2014/04/08,24,226,,,154,66,,
2014/04/09,01,213,,,137,70,,
2014/04/09,02,202,,,128,68,,
2014/04/09,03,196,,,125,66,,
2014/04/09,04,187,,,117,64,,
2014/04/09,05,179,,,114,59,,
2014/04/09,06,174,,,112,57,,
2014/04/09,07,198,,,132,60,,
2014/04/09,08,243,,,167,70,,
2014/04/09,09,274,,,189,80,,
2014/04/09,10,303,,,196,102,,
2014/04/09,11,353,,,242,104,,
2014/04/09,12,353,,,241,105,,
2014/04/09,13,367,,,260,99,,
2014/04/09,14,376,,,260,109,,
2014/04/09,15,359,,,248,104,,
2014/04/09,16,342,,,229,106,,
2014/04/09,17,355,,,245,103,,
2014/04/09,18,320,,,215,98,,
2014/04/09,19,297,,,195,94,,
2014/04/09,20,289,,,198,85,,
2014/04/09,21,271,,,189,76,,
2014/04/09,22,252,,,178,67,,
2014/04/09,23,232,,,162,64,,
2014/04/09,24,209,,,139,63,,
2014/04/10,01,205,,,132,67,,
2014/04/10,02,199,,,126,68,,
2014/04/10,03,220,,,147,68,,
2014/04/10,04,189,,,114,68,,
2014/04/10,05,177,,,110,61,,
2014/04/10,06,186,,,123,59,,
2014/04/10,07,202,,,134,63,,
2014/04/10,08,233,,,159,68,,
2014/04/10,09,276,,,192,79,,
2014/04/10,10,314,,,211,97,,
2014/04/10,11,357,,,245,105,,
2014/04/10,12,347,,,236,105,,
2014/04/10,13,368,,,266,95,,
2014/04/10,14,374,,,264,104,,
2014/04/10,15,334,,,228,99,,
2014/04/10,16,323,,,218,98,,
2014/04/10,17,331,,,227,96,,
2014/04/10,18,304,,,202,96,,
2014/04/10,19,304,,,206,92,,
2014/04/10,20,280,,,190,83,,
2014/04/10,21,271,,,186,79,,
2014/04/10,22,232,,,157,68,,
2014/04/10,23,235,,,164,65,,
2014/04/10,24,218,,,148,65,,
2014/04/11,01,202,,,127,70,,
2014/04/11,02,191,,,119,66,,
2014/04/11,03,204,,,132,66,,
2014/04/11,04,200,,,129,66,,
2014/04/11,05,189,,,120,64,,
2014/04/11,06,188,,,121,61,,
2014/04/11,07,190,,,122,63,,
2014/04/11,08,232,,,154,72,,
2014/04/11,09,277,,,191,81,,
2014/04/11,10,316,,,208,102,,
2014/04/11,11,320,,,208,106,,
2014/04/11,12,365,,,254,105,,
2014/04/11,13,366,,,265,95,,
2014/04/11,14,343,,,230,107,,
2014/04/11,15,333,,,220,107,,
2014/04/11,16,321,,,214,99,,
2014/04/11,17,325,,,219,100,,
2014/04/11,18,311,,,208,96,,
2014/04/11,19,307,,,205,95,,
2014/04/11,20,276,,,183,86,,
2014/04/11,21,276,,,187,82,,
2014/04/11,22,259,,,183,69,,
2014/04/11,23,225,,,153,66,,
2014/04/11,24,224,,,152,66,,
2014/04/12,01,221,,,145,70,,
2014/04/12,02,214,,,140,68,,
2014/04/12,03,212,,,137,69,,
2014/04/12,04,210,,,135,69,,
2014/04/12,05,188,,,114,68,,
2014/04/12,06,199,,,126,66,,
2014/04/12,07,202,,,133,63,,
2014/04/12,08,238,,,163,70,,
2014/04/12,09,282,,,198,78,,
2014/04/12,10,291,,,201,84,,
2014/04/12,11,290,,,200,84,,
2014/04/12,12,334,,,243,84,,
2014/04/12,13,347,,,259,82,,
2014/04/12,14,324,,,232,86,,
2014/04/12,15,320,,,230,83,,
2014/04/12,16,297,,,212,79,,
2014/04/12,17,310,,,224,80,,
2014/04/12,18,290,,,204,79,,
2014/04/12,19,289,,,205,77,,
2014/04/12,20,267,,,191,70,,
2014/04/12,21,246,,,173,67,,
2014/04/12,22,226,,,156,64,,
2014/04/12,23,214,,,141,67,,
2014/04/12,24,222,,,147,70,,
2014/04/13,01,210,,,136,69,,
2014/04/13,02,204,,,132,66,,
2014/04/13,03,199,,,126,67,,
2014/04/13,04,195,,,124,65,,
2014/04/13,05,192,,,121,66,,
2014/04/13,06,184,,,119,59,,
2014/04/13,07,193,,,128,59,,
2014/04/13,08,230,,,153,71,,
2014/04/13,09,266,,,183,78,,
2014/04/13,10,281,,,194,81,,
2014/04/13,11,304,,,216,83,,
2014/04/13,12,315,,,225,83,,
2014/04/13,13,333,,,242,84,,
2014/04/13,14,326,,,236,82,,
2014/04/13,15,298,,,208,83,,
2014/04/13,16,298,,,213,79,,
2014/04/13,17,293,,,207,79,,
2014/04/13,18,294,,,210,77,,
2014/04/13,19,293,,,203,83,,
2014/04/13,20,300,,,215,78,,
2014/04/13,21,266,,,187,73,,
2014/04/13,22,249,,,174,69,,
2014/04/13,23,222,,,144,71,,
2014/04/13,24,222,,,144,73,,
2014/04/14,01,210,,,133,71,,
2014/04/14,02,196,,,124,67,,
2014/04/14,03,195,,,121,68,,
2014/04/14,04,183,,,109,68,,
2014/04/14,05,181,,,114,61,,
2014/04/14,06,177,,,114,58,,
2014/04/14,07,199,,,128,66,,
2014/04/14,08,227,,,144,77,,
2014/04/14,09,290,,,199,85,,
2014/04/14,10,317,,,209,102,,
2014/04/14,11,320,,,203,111,,
2014/04/14,12,373,,,255,113,,
2014/04/14,13,357,,,253,97,,
2014/04/14,14,357,,,238,113,,
2014/04/14,15,344,,,230,107,,
2014/04/14,16,314,,,204,103,,
2014/04/14,17,312,,,206,99,,
2014/04/14,18,324,,,221,96,,
2014/04/14,19,335,,,234,95,,
2014/04/14,20,288,,,196,86,,
2014/04/14,21,259,,,176,76,,
2014/04/14,22,231,,,158,67,,
2014/04/14,23,229,,,159,65,,
2014/04/14,24,211,,,140,66,,
2014/04/15,01,216,,,140,71,,
2014/04/15,02,193,,,119,69,,
2014/04/15,03,202,,,129,68,,
2014/04/15,04,188,,,117,66,,
2014/04/15,05,170,,,107,58,,
2014/04/15,06,175,,,112,57,,
2014/04/15,07,195,,,128,61,,
2014/04/15,08,248,,,172,70,,
2014/04/15,09,285,,,198,81,,
2014/04/15,10,306,,,198,102,,
2014/04/15,11,318,,,201,110,,
2014/04/15,12,378,,,256,115,,
2014/04/15,13,356,,,250,99,,
2014/04/15,14,383,,,261,115,,
2014/04/15,15,330,,,214,109,,
2014/04/15,16,335,,,222,106,,
2014/04/15,17,353,,,242,104,,
2014/04/15,18,337,,,225,105,,
2014/04/15,19,313,,,209,97,,
2014/04/15,20,297,,,200,89,,
2014/04/15,21,285,,,199,79,,
2014/04/15,22,249,,,173,69,,
2014/04/15,23,242,,,171,65,,
2014/04/15,24,222,,,151,65,,
2014/04/16,01,219,,,141,71,,
2014/04/16,02,215,,,138,71,,
2014/04/16,03,214,,,138,70,,
2014/04/16,04,184,,,116,62,,
2014/04/16,05,165,,,101,59,,
2014/04/16,06,180,,,119,55,,
2014/04/16,07,200,,,133,63,,
2014/04/16,08,246,,,168,73,,
2014/04/16,09,281,,,196,79,,
2014/04/16,10,328,,,216,105,,
2014/04/16,11,384,,,263,114,,
2014/04/16,12,395,,,274,115,,
2014/04/16,13,394,,,285,102,,
2014/04/16,14,390,,,268,115,,
2014/04/16,15,364,,,247,110,,
2014/04/16,16,339,,,226,106,,
2014/04/16,17,357,,,243,106,,
2014/04/16,18,334,,,223,104,,
2014/04/16,19,327,,,222,97,,
2014/04/16,20,307,,,213,87,,
2014/04/16,21,287,,,202,79,,
2014/04/16,22,263,,,185,71,,
2014/04/16,23,245,,,172,66,,
2014/04/16,24,251,,,181,64,,
2014/04/17,01,237,,,161,69,,
2014/04/17,02,203,,,130,68,,
2014/04/17,03,206,,,133,67,,
2014/04/17,04,191,,,121,64,,
2014/04/17,05,177,,,114,58,,
2014/04/17,06,177,,,115,57,,
2014/04/17,07,201,,,133,62,,
2014/04/17,08,216,,,141,69,,
2014/04/17,09,285,,,202,77,,
2014/04/17,10,316,,,213,97,,
2014/04/17,11,376,,,266,103,,
2014/04/17,12,337,,,224,106,,
2014/04/17,13,363,,,262,95,,
2014/04/17,14,361,,,249,105,,
2014/04/17,15,344,,,234,103,,
2014/04/17,16,341,,,235,100,,
2014/04/17,17,321,,,217,97,,
2014/04/17,18,301,,,199,95,,
2014/04/17,19,305,,,205,93,,
2014/04/17,20,275,,,190,80,,
2014/04/17,21,257,,,176,74,,
2014/04/17,22,244,,,170,67,,
2014/04/17,23,227,,,157,64,,
2014/04/17,24,212,,,141,65,,
2014/04/18,01,229,,,155,68,,
2014/04/18,02,213,,,139,68,,
2014/04/18,03,226,,,150,70,,
2014/04/18,04,210,,,139,65,,
2014/04/18,05,185,,,119,60,,
2014/04/18,06,190,,,122,61,,
2014/04/18,07,208,,,141,61,,
2014/04/18,08,242,,,168,69,,
2014/04/18,09,288,,,202,81,,
2014/04/18,10,337,,,235,96,,
2014/04/18,11,361,,,250,105,,
2014/04/18,12,381,,,264,110,,
2014/04/18,13,361,,,256,99,,
2014/04/18,14,338,,,220,111,,
2014/04/18,15,342,,,228,107,,
2014/04/18,16,324,,,215,102,,
2014/04/18,17,309,,,201,102,,
2014/04/18,18,301,,,196,98,,
2014/04/18,19,321,,,216,98,,
2014/04/18,20,291,,,194,90,,
2014/04/18,21,276,,,184,85,,
2014/04/18,22,245,,,164,75,,
2014/04/18,23,227,,,151,70,,
2014/04/18,24,213,,,140,66,,
2014/04/19,01,240,,,162,72,,
2014/04/19,02,217,,,142,68,,
2014/04/19,03,212,,,137,69,,
2014/04/19,04,217,,,144,67,,
2014/04/19,05,178,,,112,61,,
2014/04/19,06,181,,,113,63,,
2014/04/19,07,224,,,154,64,,
2014/04/19,08,268,,,186,76,,
2014/04/19,09,284,,,198,80,,
2014/04/19,10,305,,,213,86,,
2014/04/19,11,332,,,236,89,,
2014/04/19,12,334,,,239,89,,
2014/04/19,13,338,,,245,86,,
2014/04/19,14,319,,,225,88,,
2014/04/19,15,332,,,236,89,,
2014/04/19,16,282,,,194,81,,
2014/04/19,17,289,,,197,85,,
2014/04/19,18,282,,,191,83,,
2014/04/19,19,284,,,197,80,,
2014/04/19,20,268,,,189,72,,
2014/04/19,21,246,,,173,68,,
2014/04/19,22,246,,,174,65,,
2014/04/19,23,221,,,145,69,,
2014/04/19,24,231,,,154,71,,
2014/04/20,01,220,,,144,70,,
2014/04/20,02,193,,,120,67,,
2014/04/20,03,186,,,113,67,,
2014/04/20,04,202,,,129,67,,
2014/04/20,05,188,,,115,68,,
2014/04/20,06,190,,,121,64,,
2014/04/20,07,198,,,130,62,,
2014/04/20,08,243,,,166,71,,
2014/04/20,09,272,,,190,76,,
2014/04/20,10,277,,,192,80,,
2014/04/20,11,286,,,202,79,,
2014/04/20,12,308,,,220,80,,
2014/04/20,13,325,,,238,81,,
2014/04/20,14,303,,,215,82,,
2014/04/20,15,298,,,210,82,,
2014/04/20,16,282,,,195,81,,
2014/04/20,17,269,,,185,78,,
2014/04/20,18,282,,,199,76,,
2014/04/20,19,286,,,198,82,,
2014/04/20,20,252,,,172,73,,
2014/04/20,21,229,,,154,69,,
2014/04/20,22,247,,,174,66,,
2014/04/20,23,234,,,159,69,,
2014/04/20,24,227,,,150,71,,
2014/04/21,01,211,,,137,69,,
2014/04/21,02,214,,,138,70,,
2014/04/21,03,214,,,142,66,,
2014/04/21,04,205,,,134,66,,
2014/04/21,05,180,,,114,60,,
2014/04/21,06,186,,,119,61,,
2014/04/21,07,204,,,136,62,,
2014/04/21,08,231,,,154,72,,
2014/04/21,09,264,,,177,82,,
2014/04/21,10,307,,,198,103,,
2014/04/21,11,315,,,199,109,,
2014/04/21,12,343,,,225,112,,
2014/04/21,13,340,,,235,98,,
2014/04/21,14,339,,,225,108,,
2014/04/21,15,316,,,204,106,,
2014/04/21,16,308,,,200,102,,
2014/04/21,17,291,,,186,99,,
2014/04/21,18,299,,,197,94,,
2014/04/21,19,305,,,208,90,,
2014/04/21,20,270,,,183,80,,
2014/04/21,21,273,,,188,78,,
2014/04/21,22,248,,,175,68,,
2014/04/21,23,210,,,141,63,,
2014/04/21,24,206,,,136,64,,
2014/04/22,01,219,,,142,72,,
2014/04/22,02,202,,,126,71,,
2014/04/22,03,199,,,124,69,,
2014/04/22,04,180,,,109,65,,
2014/04/22,05,175,,,113,57,,
2014/04/22,06,167,,,108,54,,
2014/04/22,07,213,,,144,64,,
2014/04/22,08,262,,,185,71,,
2014/04/22,09,288,,,204,78,,
2014/04/22,10,310,,,208,97,,
2014/04/22,11,353,,,245,102,,
2014/04/22,12,365,,,255,104,,
2014/04/22,13,350,,,249,94,,
2014/04/22,14,345,,,235,103,,
2014/04/22,15,327,,,219,101,,
2014/04/22,16,302,,,198,98,,
2014/04/22,17,346,,,241,98,,
2014/04/22,18,310,,,205,97,,
2014/04/22,19,309,,,208,95,,
2014/04/22,20,289,,,193,88,,
2014/04/22,21,268,,,184,78,,
2014/04/22,22,237,,,162,69,,
2014/04/22,23,238,,,165,66,,
2014/04/22,24,228,,,155,67,,
2014/04/23,01,240,,,160,73,,
2014/04/23,02,203,,,129,68,,
2014/04/23,03,207,,,132,69,,
2014/04/23,04,191,,,119,66,,
2014/04/23,05,174,,,110,59,,
2014/04/23,06,181,,,119,57,,
2014/04/23,07,185,,,117,62,,
2014/04/23,08,248,,,170,72,,
2014/04/23,09,305,,,220,79,,
2014/04/23,10,333,,,230,97,,
2014/04/23,11,371,,,265,100,,
2014/04/23,12,351,,,242,103,,
2014/04/23,13,377,,,277,93,,
2014/04/23,14,383,,,271,104,,
2014/04/23,15,333,,,228,98,,
2014/04/23,16,305,,,207,91,,
2014/04/23,17,354,,,253,94,,
2014/04/23,18,320,,,218,95,,
2014/04/23,19,317,,,220,90,,
2014/04/23,20,284,,,194,82,,
2014/04/23,21,270,,,188,75,,
2014/04/23,22,235,,,160,69,,
2014/04/23,23,213,,,142,65,,
2014/04/23,24,221,,,151,64,,
2014/04/24,01,206,,,130,70,,
2014/04/24,02,205,,,130,69,,
2014/04/24,03,196,,,122,68,,
2014/04/24,04,173,,,105,63,,
2014/04/24,05,165,,,102,57,,
2014/04/24,06,164,,,102,57,,
2014/04/24,07,192,,,125,61,,
2014/04/24,08,230,,,154,70,,
2014/04/24,09,279,,,194,80,,
2014/04/24,10,295,,,191,97,,
2014/04/24,11,370,,,260,104,,
2014/04/24,12,353,,,242,104,,
2014/04/24,13,360,,,260,93,,
2014/04/24,14,338,,,229,102,,
2014/04/24,15,303,,,198,97,,
2014/04/24,16,323,,,218,98,,
2014/04/24,17,322,,,218,97,,
2014/04/24,18,289,,,189,92,,
2014/04/24,19,272,,,176,89,,
2014/04/24,20,258,,,171,80,,
2014/04/24,21,252,,,173,72,,
2014/04/24,22,232,,,159,66,,
2014/04/24,23,230,,,162,63,,
2014/04/24,24,198,,,131,61,,
2014/04/25,01,213,,,140,67,,
2014/04/25,02,207,,,138,64,,
2014/04/25,03,195,,,125,65,,
2014/04/25,04,166,,,99,61,,
2014/04/25,05,171,,,109,57,,
2014/04/25,06,174,,,112,57,,
2014/04/25,07,194,,,123,65,,
2014/04/25,08,230,,,151,73,,
2014/04/25,09,271,,,186,79,,
2014/04/25,10,330,,,227,97,,
2014/04/25,11,361,,,251,104,,
2014/04/25,12,364,,,255,102,,
2014/04/25,13,364,,,264,93,,
2014/04/25,14,359,,,245,107,,
2014/04/25,15,361,,,250,104,,
2014/04/25,16,322,,,219,97,,
2014/04/25,17,330,,,221,101,,
2014/04/25,18,322,,,219,96,,
2014/04/25,19,322,,,224,90,,
2014/04/25,20,282,,,190,85,,
2014/04/25,21,286,,,200,80,,
2014/04/25,22,233,,,158,69,,
2014/04/25,23,225,,,155,64,,
2014/04/25,24,239,,,168,65,,
2014/04/26,01,263,,,183,73,,
2014/04/26,02,223,,,148,69,,
2014/04/26,03,244,,,169,69,,
2014/04/26,04,214,,,140,67,,
2014/04/26,05,193,,,126,61,,
2014/04/26,06,195,,,127,63,,
2014/04/26,07,213,,,138,69,,
2014/04/26,08,257,,,176,75,,
2014/04/26,09,292,,,209,77,,
2014/04/26,10,311,,,220,85,,
2014/04/26,11,319,,,226,87,,
2014/04/26,12,351,,,260,84,,
2014/04/26,13,351,,,259,86,,
2014/04/26,14,335,,,241,87,,
2014/04/26,15,333,,,242,84,,
2014/04/26,16,305,,,217,80,,
2014/04/26,17,326,,,239,81,,
2014/04/26,18,333,,,246,80,,
2014/04/26,19,316,,,229,79,,
2014/04/26,20,278,,,196,74,,
2014/04/26,21,253,,,178,68,,
2014/04/26,22,233,,,159,67,,
2014/04/26,23,235,,,157,71,,
2014/04/26,24,230,,,151,73,,
2014/04/27,01,235,,,157,72,,
2014/04/27,02,226,,,152,69,,
2014/04/27,03,230,,,154,70,,
2014/04/27,04,227,,,151,70,,
2014/04/27,05,193,,,122,65,,
2014/04/27,06,191,,,124,60,,
2014/04/27,07,198,,,129,64,,
2014/04/27,08,247,,,170,71,,
2014/04/27,09,292,,,209,77,,
2014/04/27,10,307,,,222,79,,
2014/04/27,11,339,,,254,79,,
2014/04/27,12,338,,,254,78,,
2014/04/27,13,356,,,271,79,,
2014/04/27,14,338,,,252,79,,
2014/04/27,15,337,,,255,76,,
2014/04/27,16,297,,,219,71,,
2014/04/27,17,304,,,225,72,,
2014/04/27,18,303,,,221,75,,
2014/04/27,19,300,,,213,79,,
2014/04/27,20,281,,,199,75,,
2014/04/27,21,264,,,180,76,,
2014/04/27,22,246,,,173,67,,
2014/04/27,23,217,,,142,70,,
2014/04/27,24,226,,,149,71,,
2014/04/28,01,221,,,147,69,,
2014/04/28,02,214,,,140,68,,
2014/04/28,03,225,,,152,68,,
2014/04/28,04,181,,,113,62,,
2014/04/28,05,183,,,118,59,,
2014/04/28,06,176,,,111,58,,
2014/04/28,07,189,,,124,60,,
2014/04/28,08,213,,,136,71,,
2014/04/28,09,276,,,187,83,,
2014/04/28,10,304,,,194,103,,
2014/04/28,11,347,,,232,108,,
2014/04/28,12,360,,,241,112,,
2014/04/28,13,344,,,240,98,,
2014/04/28,14,356,,,237,112,,
2014/04/28,15,336,,,224,105,,
2014/04/28,16,334,,,228,99,,
2014/04/28,17,314,,,204,103,,
2014/04/28,18,309,,,204,98,,
2014/04/28,19,325,,,222,95,,
2014/04/28,20,309,,,211,91,,
2014/04/28,21,293,,,202,85,,
2014/04/28,22,263,,,184,72,,
2014/04/28,23,271,,,197,67,,
2014/04/28,24,247,,,175,66,,
2014/04/29,01,228,,,150,72,,
2014/04/29,02,200,,,125,69,,
2014/04/29,03,204,,,130,69,,
2014/04/29,04,208,,,134,68,,
2014/04/29,05,194,,,121,67,,
2014/04/29,06,187,,,123,58,,
2014/04/29,07,204,,,135,63,,
2014/04/29,08,241,,,167,68,,
2014/04/29,09,305,,,217,82,,
2014/04/29,10,317,,,210,101,,
2014/04/29,11,333,,,222,105,,
2014/04/29,12,360,,,248,106,,
2014/04/29,13,342,,,242,93,,
2014/04/29,14,361,,,248,107,,
2014/04/29,15,328,,,218,104,,
2014/04/29,16,304,,,197,101,,
2014/04/29,17,294,,,190,97,,
2014/04/29,18,301,,,197,97,,
2014/04/29,19,294,,,194,93,,
2014/04/29,20,266,,,177,81,,
2014/04/29,21,268,,,187,75,,
2014/04/29,22,244,,,169,68,,
2014/04/29,23,228,,,158,64,,
2014/04/29,24,211,,,141,64,,
2014/04/30,01,226,,,151,69,,
2014/04/30,02,218,,,147,66,,
2014/04/30,03,192,,,120,66,,
2014/04/30,04,178,,,110,63,,
2014/04/30,05,161,,,95,60,,
2014/04/30,06,176,,,112,58,,
2014/04/30,07,191,,,124,61,,
2014/04/30,08,228,,,153,69,,
2014/04/30,09,281,,,195,81,,
2014/04/30,10,298,,,190,101,,
2014/04/30,11,348,,,234,108,,
2014/04/30,12,347,,,234,107,,
2014/04/30,13,333,,,234,92,,
2014/04/30,14,337,,,222,108,,
2014/04/30,15,342,,,233,103,,
2014/04/30,16,303,,,195,102,,
2014/04/30,17,317,,,210,100,,
2014/04/30,18,297,,,188,102,,
2014/04/30,19,293,,,190,97,,
2014/04/30,20,290,,,198,85,,
2014/04/30,21,271,,,186,78,,
2014/04/30,22,249,,,176,67,,
2014/04/30,23,239,,,168,65,,
2014/04/30,24,233,,,165,63,,
2014/05/01,01,229,,,155,68,,
2014/05/01,02,221,,,151,65,,
2014/05/01,03,224,,,152,66,,
2014/05/01,04,200,,,129,65,,
2014/05/01,05,186,,,123,57,,
2014/05/01,06,188,,,126,57,,
2014/05/01,07,206,,,141,59,,
2014/05/01,08,242,,,167,69,,
2014/05/01,09,313,,,228,79,,
2014/05/01,10,341,,,241,94,,
2014/05/01,11,373,,,268,99,,
2014/05/01,12,382,,,277,99,,
2014/05/01,13,392,,,295,91,,
2014/05/01,14,393,,,284,102,,
2014/05/01,15,349,,,246,96,,
2014/05/01,16,328,,,229,93,,
2014/05/01,17,316,,,213,95,,
2014/05/01,18,320,,,220,92,,
2014/05/01,19,311,,,216,88,,
2014/05/01,20,294,,,208,79,,
2014/05/01,21,256,,,173,75,,
2014/05/01,22,251,,,176,69,,
2014/05/01,23,231,,,159,66,,
2014/05/01,24,226,,,153,67,,
2014/05/02,01,222,,,147,69,,
2014/05/02,02,217,,,143,69,,
2014/05/02,03,221,,,146,69,,
2014/05/02,04,194,,,126,63,,
2014/05/02,05,188,,,123,59,,
2014/05/02,06,183,,,116,62,,
2014/05/02,07,213,,,142,66,,
2014/05/02,08,254,,,173,74,,
2014/05/02,09,314,,,227,81,,
2014/05/02,10,398,,,294,97,,
2014/05/02,11,382,,,275,100,,
2014/05/02,12,402,,,292,104,,
2014/05/02,13,409,,,308,95,,
2014/05/02,14,390,,,278,106,,
2014/05/02,15,368,,,260,101,,
2014/05/02,16,383,,,278,97,,
2014/05/02,17,382,,,276,99,,
2014/05/02,18,367,,,261,98,,
2014/05/02,19,359,,,259,94,,
2014/05/02,20,315,,,220,88,,
2014/05/02,21,312,,,226,79,,
2014/05/02,22,248,,,173,69,,
2014/05/02,23,234,,,161,67,,
2014/05/02,24,233,,,159,67,,
2014/05/03,01,258,,,179,74,,
2014/05/03,02,243,,,167,71,,
2014/05/03,03,261,,,183,71,,
2014/05/03,04,216,,,141,69,,
2014/05/03,05,191,,,124,61,,
2014/05/03,06,207,,,138,63,,
2014/05/03,07,237,,,167,64,,
2014/05/03,08,262,,,184,72,,
2014/05/03,09,347,,,261,80,,
2014/05/03,10,366,,,272,89,,
2014/05/03,11,398,,,301,91,,
2014/05/03,12,405,,,306,92,,
2014/05/03,13,389,,,296,86,,
2014/05/03,14,381,,,284,90,,
2014/05/03,15,378,,,282,89,,
2014/05/03,16,344,,,253,85,,
2014/05/03,17,331,,,238,85,,
2014/05/03,18,323,,,235,81,,
2014/05/03,19,337,,,251,79,,
2014/05/03,20,311,,,230,74,,
2014/05/03,21,290,,,213,70,,
2014/05/03,22,257,,,183,68,,
2014/05/03,23,236,,,158,72,,
2014/05/03,24,252,,,172,73,,
2014/05/04,01,259,,,183,71,,
2014/05/04,02,229,,,153,70,,
2014/05/04,03,234,,,159,69,,
2014/05/04,04,208,,,138,65,,
2014/05/04,05,191,,,124,61,,
2014/05/04,06,207,,,138,63,,
2014/05/04,07,229,,,161,62,,
2014/05/04,08,247,,,168,73,,
2014/05/04,09,310,,,225,78,,
2014/05/04,10,337,,,251,81,,
2014/05/04,11,364,,,277,81,,
2014/05/04,12,375,,,285,84,,
2014/05/04,13,384,,,295,82,,
2014/05/04,14,369,,,280,82,,
2014/05/04,15,368,,,280,81,,
2014/05/04,16,328,,,242,79,,
2014/05/04,17,320,,,234,79,,
2014/05/04,18,314,,,228,78,,
2014/05/04,19,303,,,220,76,,
2014/05/04,20,280,,,201,72,,
2014/05/04,21,265,,,188,70,,
2014/05/04,22,285,,,211,68,,
2014/05/04,23,266,,,191,69,,
2014/05/04,24,235,,,158,71,,
2014/05/05,01,220,,,145,70,,
2014/05/05,02,201,,,128,68,,
2014/05/05,03,223,,,149,68,,
2014/05/05,04,203,,,131,67,,
2014/05/05,05,178,,,114,59,,
2014/05/05,06,192,,,123,63,,
2014/05/05,07,213,,,145,62,,
2014/05/05,08,236,,,159,71,,
2014/05/05,09,298,,,210,82,,
2014/05/05,10,316,,,212,98,,
2014/05/05,11,359,,,252,100,,
2014/05/05,12,352,,,245,101,,
2014/05/05,13,354,,,257,91,,
2014/05/05,14,332,,,223,102,,
2014/05/05,15,332,,,229,97,,
2014/05/05,16,313,,,216,92,,
2014/05/05,17,298,,,198,94,,
2014/05/05,18,295,,,196,93,,
2014/05/05,19,281,,,185,89,,
2014/05/05,20,263,,,175,82,,
2014/05/05,21,268,,,183,78,,
2014/05/05,22,237,,,164,67,,
2014/05/05,23,238,,,162,70,,
2014/05/05,24,263,,,187,71,,
2014/05/06,01,263,,,185,71,,
2014/05/06,02,211,,,136,69,,
2014/05/06,03,188,,,118,65,,
2014/05/06,04,197,,,126,65,,
2014/05/06,05,188,,,122,61,,
2014/05/06,06,183,,,120,57,,
2014/05/06,07,197,,,132,60,,
2014/05/06,08,251,,,176,69,,
2014/05/06,09,303,,,216,80,,
2014/05/06,10,335,,,233,97,,
2014/05/06,11,393,,,285,102,,
2014/05/06,12,375,,,266,102,,
2014/05/06,13,342,,,245,91,,
2014/05/06,14,352,,,248,98,,
2014/05/06,15,337,,,233,97,,
2014/05/06,16,304,,,204,93,,
2014/05/06,17,329,,,225,96,,
2014/05/06,18,287,,,186,94,,
2014/05/06,19,285,,,191,88,,
2014/05/06,20,268,,,184,78,,
2014/05/06,21,254,,,172,76,,
2014/05/06,22,228,,,155,66,,
2014/05/06,23,224,,,152,66,,
2014/05/06,24,231,,,159,66,,
2014/05/07,01,218,,,140,72,,
2014/05/07,02,220,,,144,71,,
2014/05/07,03,214,,,140,69,,
2014/05/07,04,195,,,126,64,,
2014/05/07,05,166,,,103,56,,
2014/05/07,06,177,,,114,58,,
2014/05/07,07,171,,,106,59,,
2014/05/07,08,246,,,172,68,,
2014/05/07,09,297,,,211,79,,
2014/05/07,10,318,,,211,101,,
2014/05/07,11,373,,,259,108,,
2014/05/07,12,366,,,251,109,,
2014/05/07,13,367,,,268,92,,
2014/05/07,14,364,,,253,104,,
2014/05/07,15,342,,,232,103,,
2014/05/07,16,323,,,214,102,,
2014/05/07,17,348,,,240,101,,
2014/05/07,18,311,,,206,98,,
2014/05/07,19,305,,,208,90,,
2014/05/07,20,295,,,204,83,,
2014/05/07,21,248,,,161,80,,
2014/05/07,22,234,,,157,71,,
2014/05/07,23,229,,,155,67,,
2014/05/07,24,234,,,161,66,,
2014/05/08,01,220,,,143,70,,
2014/05/08,02,219,,,147,67,,
2014/05/08,03,200,,,130,65,,
2014/05/08,04,186,,,122,59,,
2014/05/08,05,169,,,105,58,,
2014/05/08,06,175,,,111,58,,
2014/05/08,07,189,,,122,61,,
2014/05/08,08,239,,,164,70,,
2014/05/08,09,276,,,195,76,,
2014/05/08,10,278,,,178,94,,
2014/05/08,11,361,,,253,101,,
2014/05/08,12,336,,,229,100,,
2014/05/08,13,351,,,254,90,,
2014/05/08,14,359,,,251,101,,
2014/05/08,15,335,,,230,98,,
2014/05/08,16,320,,,221,93,,
2014/05/08,17,299,,,203,90,,
2014/05/08,18,305,,,212,86,,
2014/05/08,19,290,,,197,86,,
2014/05/08,20,260,,,172,80,,
2014/05/08,21,249,,,169,73,,
2014/05/08,22,228,,,154,67,,
2014/05/08,23,223,,,152,66,,
2014/05/08,24,240,,,170,65,,
2014/05/09,01,253,,,177,70,,
2014/05/09,02,217,,,142,69,,
2014/05/09,03,210,,,134,69,,
2014/05/09,04,210,,,134,70,,
2014/05/09,05,198,,,130,62,,
2014/05/09,06,193,,,126,61,,
2014/05/09,07,214,,,144,64,,
2014/05/09,08,249,,,172,71,,
2014/05/09,09,298,,,212,79,,
2014/05/09,10,353,,,247,100,,
2014/05/09,11,416,,,303,106,,
2014/05/09,12,387,,,275,106,,
2014/05/09,13,394,,,288,99,,
2014/05/09,14,392,,,281,104,,
2014/05/09,15,397,,,289,101,,
2014/05/09,16,362,,,255,100,,
2014/05/09,17,312,,,209,96,,
2014/05/09,18,330,,,228,95,,
2014/05/09,19,326,,,230,89,,
2014/05/09,20,273,,,185,80,,
2014/05/09,21,272,,,189,77,,
2014/05/09,22,247,,,169,72,,
2014/05/09,23,241,,,168,67,,
2014/05/09,24,242,,,168,68,,
2014/05/10,01,247,,,169,72,,
2014/05/10,02,225,,,148,71,,
2014/05/10,03,234,,,157,71,,
2014/05/10,04,216,,,140,70,,
2014/05/10,05,193,,,123,64,,
2014/05/10,06,183,,,117,60,,
2014/05/10,07,208,,,138,64,,
2014/05/10,08,249,,,170,73,,
2014/05/10,09,305,,,222,77,,
2014/05/10,10,325,,,236,83,,
2014/05/10,11,354,,,263,85,,
2014/05/10,12,349,,,257,85,,
2014/05/10,13,369,,,278,84,,
2014/05/10,14,367,,,272,88,,
2014/05/10,15,356,,,267,82,,
2014/05/10,16,328,,,243,78,,
2014/05/10,17,303,,,218,78,,
2014/05/10,18,324,,,232,84,,
2014/05/10,19,313,,,225,81,,
2014/05/10,20,271,,,190,74,,
2014/05/10,21,255,,,180,68,,
2014/05/10,22,234,,,162,65,,
2014/05/10,23,239,,,167,67,,
2014/05/10,24,243,,,165,72,,
2014/05/11,01,253,,,175,71,,
2014/05/11,02,223,,,151,66,,
2014/05/11,03,224,,,151,68,,
2014/05/11,04,214,,,140,68,,
2014/05/11,05,194,,,123,65,,
2014/05/11,06,178,,,112,60,,
2014/05/11,07,192,,,124,63,,
2014/05/11,08,244,,,168,70,,
2014/05/11,09,278,,,196,76,,
2014/05/11,10,320,,,230,83,,
2014/05/11,11,351,,,262,83,,
2014/05/11,12,345,,,253,85,,
2014/05/11,13,380,,,287,85,,
2014/05/11,14,357,,,266,84,,
2014/05/11,15,352,,,259,86,,
2014/05/11,16,333,,,245,81,,
2014/05/11,17,306,,,223,76,,
2014/05/11,18,313,,,226,80,,
2014/05/11,19,297,,,211,79,,
2014/05/11,20,281,,,200,74,,
2014/05/11,21,267,,,190,70,,
2014/05/11,22,239,,,164,68,,
2014/05/11,23,224,,,148,69,,
2014/05/11,24,209,,,132,71,,
2014/05/12,01,219,,,145,67,,
2014/05/12,02,222,,,148,68,,
2014/05/12,03,197,,,125,66,,
2014/05/12,04,167,,,101,60,,
2014/05/12,05,176,,,112,59,,
2014/05/12,06,187,,,119,61,,
2014/05/12,07,192,,,126,60,,
2014/05/12,08,229,,,153,70,,
2014/05/12,09,286,,,198,83,,
2014/05/12,10,330,,,223,101,,
2014/05/12,11,386,,,274,106,,
2014/05/12,12,371,,,256,108,,
2014/05/12,13,390,,,288,95,,
2014/05/12,14,380,,,269,105,,
2014/05/12,15,347,,,239,101,,
2014/05/12,16,311,,,206,98,,
2014/05/12,17,283,,,183,93,,
2014/05/12,18,318,,,216,95,,
2014/05/12,19,294,,,195,92,,
2014/05/12,20,272,,,183,83,,
2014/05/12,21,256,,,172,77,,
2014/05/12,22,240,,,166,68,,
2014/05/12,23,231,,,159,66,,
2014/05/12,24,252,,,180,67,,
2014/05/13,01,260,,,183,71,,
2014/05/13,02,216,,,142,68,,
2014/05/13,03,211,,,140,66,,
2014/05/13,04,185,,,118,62,,
2014/05/13,05,178,,,113,59,,
2014/05/13,06,189,,,125,58,,
2014/05/13,07,190,,,124,59,,
2014/05/13,08,247,,,173,69,,
2014/05/13,09,296,,,213,78,,
2014/05/13,10,331,,,228,97,,
2014/05/13,11,382,,,269,106,,
2014/05/13,12,389,,,273,108,,
2014/05/13,13,389,,,290,93,,
2014/05/13,14,371,,,259,105,,
2014/05/13,15,350,,,236,107,,
2014/05/13,16,345,,,237,101,,
2014/05/13,17,370,,,263,100,,
2014/05/13,18,364,,,256,100,,
2014/05/13,19,318,,,219,92,,
2014/05/13,20,286,,,195,84,,
2014/05/13,21,290,,,205,77,,
2014/05/13,22,260,,,185,68,,
2014/05/13,23,260,,,186,68,,
2014/05/13,24,248,,,173,69,,
2014/05/14,01,232,,,155,72,,
2014/05/14,02,238,,,162,71,,
2014/05/14,03,214,,,140,68,,
2014/05/14,04,179,,,115,59,,
2014/05/14,05,171,,,106,58,,
2014/05/14,06,174,,,112,57,,
2014/05/14,07,194,,,126,63,,
2014/05/14,08,257,,,180,71,,
2014/05/14,09,306,,,221,79,,
2014/05/14,10,371,,,264,100,,
2014/05/14,11,417,,,305,106,,
2014/05/14,12,403,,,287,108,,
2014/05/14,13,414,,,316,92,,
2014/05/14,14,398,,,285,106,,
2014/05/14,15,380,,,272,101,,
2014/05/14,16,350,,,243,100,,
2014/05/14,17,327,,,222,97,,
2014/05/14,18,319,,,212,99,,
2014/05/14,19,342,,,238,96,,
2014/05/14,20,329,,,235,88,,
2014/05/14,21,281,,,195,80,,
2014/05/14,22,245,,,168,70,,
2014/05/14,23,240,,,165,68,,
2014/05/14,24,258,,,185,67,,
2014/05/15,01,233,,,160,68,,
2014/05/15,02,253,,,177,71,,
2014/05/15,03,234,,,159,69,,
2014/05/15,04,205,,,131,68,,
2014/05/15,05,198,,,132,60,,
2014/05/15,06,185,,,121,59,,
2014/05/15,07,202,,,137,59,,
2014/05/15,08,224,,,150,68,,
2014/05/15,09,295,,,211,79,,
2014/05/15,10,333,,,230,97,,
2014/05/15,11,376,,,269,101,,
2014/05/15,12,364,,,254,103,,
2014/05/15,13,383,,,289,88,,
2014/05/15,14,362,,,254,101,,
2014/05/15,15,347,,,242,98,,
2014/05/15,16,329,,,231,92,,
2014/05/15,17,321,,,225,90,,
2014/05/15,18,308,,,212,89,,
2014/05/15,19,310,,,218,86,,
2014/05/15,20,297,,,206,83,,
2014/05/15,21,264,,,178,78,,
2014/05/15,22,253,,,177,69,,
2014/05/15,23,236,,,164,66,,
2014/05/15,24,234,,,163,65,,
2014/05/16,01,238,,,162,70,,
2014/05/16,02,228,,,153,69,,
2014/05/16,03,225,,,153,67,,
2014/05/16,04,181,,,116,59,,
2014/05/16,05,175,,,110,59,,
2014/05/16,06,189,,,121,61,,
2014/05/16,07,224,,,155,64,,
2014/05/16,08,253,,,177,70,,
2014/05/16,09,320,,,235,79,,
2014/05/16,10,360,,,256,98,,
2014/05/16,11,389,,,278,104,,
2014/05/16,12,374,,,260,107,,
2014/05/16,13,395,,,295,94,,
2014/05/16,14,380,,,272,101,,
2014/05/16,15,401,,,291,102,,
2014/05/16,16,315,,,219,96,,
2014/05/16,17,345,,,247,93,,
2014/05/16,18,361,,,258,96,,
2014/05/16,19,341,,,245,89,,
2014/05/16,20,278,,,189,82,,
2014/05/16,21,276,,,196,74,,
2014/05/16,22,225,,,154,66,,
2014/05/16,23,226,,,156,65,,
2014/05/16,24,213,,,144,63,,
2014/05/17,01,226,,,154,67,,
2014/05/17,02,200,,,129,67,,
2014/05/17,03,221,,,147,68,,
2014/05/17,04,184,,,115,63,,
2014/05/17,05,154,,,91,58,,
2014/05/17,06,191,,,125,61,,
2014/05/17,07,228,,,159,63,,
2014/05/17,08,280,,,202,72,,
2014/05/17,09,322,,,238,78,,
2014/05/17,10,351,,,261,85,,
2014/05/17,11,400,,,306,88,,
2014/05/17,12,376,,,283,86,,
2014/05/17,13,393,,,301,86,,
2014/05/17,14,386,,,289,91,,
2014/05/17,15,390,,,296,89,,
2014/05/17,16,352,,,264,82,,
2014/05/17,17,329,,,244,79,,
2014/05/17,18,341,,,253,81,,
2014/05/17,19,326,,,244,76,,
2014/05/17,20,276,,,198,72,,
2014/05/17,21,277,,,202,69,,
2014/05/17,22,241,,,171,64,,
2014/05/17,23,249,,,175,68,,
2014/05/17,24,254,,,177,72,,
2014/05/18,01,229,,,152,71,,
2014/05/18,02,234,,,159,69,,
2014/05/18,03,202,,,127,69,,
2014/05/18,04,206,,,132,68,,
2014/05/18,05,172,,,105,62,,
2014/05/18,06,177,,,114,57,,
2014/05/18,07,206,,,139,62,,
2014/05/18,08,237,,,164,68,,
2014/05/18,09,306,,,224,76,,
2014/05/18,10,326,,,241,80,,
2014/05/18,11,345,,,257,82,,
2014/05/18,12,341,,,255,80,,
2014/05/18,13,372,,,284,82,,
2014/05/18,14,363,,,277,81,,
2014/05/18,15,316,,,237,73,,
2014/05/18,16,293,,,213,74,,
2014/05/18,17,284,,,207,70,,
2014/05/18,18,299,,,219,74,,
2014/05/18,19,310,,,225,79,,
2014/05/18,20,289,,,208,75,,
2014/05/18,21,268,,,190,71,,
2014/05/18,22,265,,,192,67,,
2014/05/18,23,261,,,186,69,,
2014/05/18,24,261,,,185,70,,
2014/05/19,01,236,,,165,65,,
2014/05/19,02,211,,,138,67,,
2014/05/19,03,208,,,138,65,,
2014/05/19,04,186,,,118,62,,
2014/05/19,05,177,,,114,58,,
2014/05/19,06,178,,,112,60,,
2014/05/19,07,201,,,136,61,,
2014/05/19,08,238,,,162,70,,
2014/05/19,09,291,,,203,83,,
2014/05/19,10,346,,,241,100,,
2014/05/19,11,394,,,283,105,,
2014/05/19,12,389,,,276,108,,
2014/05/19,13,396,,,296,94,,
2014/05/19,14,397,,,284,108,,
2014/05/19,15,370,,,259,105,,
2014/05/19,16,343,,,239,99,,
2014/05/19,17,328,,,226,95,,
2014/05/19,18,333,,,233,95,,
2014/05/19,19,314,,,216,91,,
2014/05/19,20,304,,,212,86,,
2014/05/19,21,308,,,221,81,,
2014/05/19,22,278,,,200,72,,
2014/05/19,23,252,,,176,69,,
2014/05/19,24,221,,,149,67,,
2014/05/20,01,246,,,170,70,,
2014/05/20,02,252,,,178,69,,
2014/05/20,03,238,,,166,68,,
2014/05/20,04,194,,,127,62,,
2014/05/20,05,178,,,113,59,,
2014/05/20,06,190,,,125,59,,
2014/05/20,07,202,,,137,60,,
2014/05/20,08,256,,,181,70,,
2014/05/20,09,299,,,217,77,,
2014/05/20,10,357,,,254,97,,
2014/05/20,11,372,,,265,101,,
2014/05/20,12,392,,,285,102,,
2014/05/20,13,383,,,288,90,,
2014/05/20,14,391,,,286,100,,
2014/05/20,15,383,,,279,98,,
2014/05/20,16,338,,,238,95,,
2014/05/20,17,316,,,219,91,,
2014/05/20,18,310,,,213,90,,
2014/05/20,19,340,,,245,89,,
2014/05/20,20,321,,,225,90,,
2014/05/20,21,287,,,201,80,,
2014/05/20,22,245,,,171,69,,
2014/05/20,23,233,,,162,66,,
2014/05/20,24,241,,,171,65,,
2014/05/21,01,234,,,160,70,,
2014/05/21,02,240,,,164,70,,
2014/05/21,03,207,,,134,67,,
2014/05/21,04,177,,,114,58,,
2014/05/21,05,187,,,123,58,,
2014/05/21,06,200,,,134,60,,
2014/05/21,07,203,,,135,62,,
2014/05/21,08,257,,,179,73,,
2014/05/21,09,291,,,204,82,,
2014/05/21,10,358,,,250,104,,
2014/05/21,11,385,,,272,108,,
2014/05/21,12,370,,,258,107,,
2014/05/21,13,393,,,290,97,,
2014/05/21,14,373,,,261,106,,
2014/05/21,15,355,,,245,105,,
2014/05/21,16,351,,,241,103,,
2014/05/21,17,346,,,243,98,,
2014/05/21,18,327,,,230,92,,
2014/05/21,19,324,,,231,87,,
2014/05/21,20,325,,,237,82,,
2014/05/21,21,286,,,203,77,,
2014/05/21,22,245,,,171,69,,
2014/05/21,23,241,,,171,64,,
2014/05/21,24,245,,,176,64,,
2014/05/22,01,250,,,174,71,,
2014/05/22,02,223,,,147,70,,
2014/05/22,03,216,,,142,69,,
2014/05/22,04,209,,,139,64,,
2014/05/22,05,177,,,114,58,,
2014/05/22,06,193,,,128,60,,
2014/05/22,07,211,,,146,60,,
2014/05/22,08,246,,,172,69,,
2014/05/22,09,307,,,225,77,,
2014/05/22,10,347,,,248,94,,
2014/05/22,11,391,,,290,96,,
2014/05/22,12,379,,,278,97,,
2014/05/22,13,392,,,296,90,,
2014/05/22,14,380,,,280,95,,
2014/05/22,15,364,,,263,97,,
2014/05/22,16,358,,,261,91,,
2014/05/22,17,326,,,237,84,,
2014/05/22,18,321,,,232,83,,
2014/05/22,19,313,,,225,83,,
2014/05/22,20,301,,,216,78,,
2014/05/22,21,284,,,204,74,,
2014/05/22,22,265,,,192,66,,
2014/05/22,23,244,,,175,63,,
2014/05/22,24,245,,,177,62,,
2014/05/23,01,244,,,172,67,,
2014/05/23,02,227,,,155,66,,
2014/05/23,03,232,,,160,67,,
2014/05/23,04,198,,,133,60,,
2014/05/23,05,189,,,126,58,,
2014/05/23,06,215,,,149,61,,
2014/05/23,07,216,,,146,65,,
2014/05/23,08,266,,,190,71,,
2014/05/23,09,326,,,245,76,,
2014/05/23,10,355,,,254,96,,
2014/05/23,11,393,,,290,97,,
2014/05/23,12,375,,,268,101,,
2014/05/23,13,397,,,297,94,,
2014/05/23,14,375,,,269,101,,
2014/05/23,15,361,,,257,99,,
2014/05/23,16,353,,,251,96,,
2014/05/23,17,322,,,225,91,,
2014/05/23,18,322,,,225,91,,
2014/05/23,19,324,,,229,89,,
2014/05/23,20,287,,,199,82,,
2014/05/23,21,272,,,191,76,,
2014/05/23,22,278,,,204,69,,
2014/05/23,23,243,,,171,67,,
2014/05/23,24,227,,,153,68,,
2014/05/24,01,263,,,184,74,,
2014/05/24,02,237,,,161,70,,
2014/05/24,03,257,,,181,70,,
2014/05/24,04,227,,,151,71,,
2014/05/24,05,204,,,135,64,,
2014/05/24,06,213,,,145,63,,
2014/05/24,07,252,,,181,66,,
2014/05/24,08,276,,,194,77,,
2014/05/24,09,358,,,275,77,,
2014/05/24,10,359,,,271,83,,
2014/05/24,11,382,,,293,84,,
2014/05/24,12,397,,,308,84,,
2014/05/24,13,387,,,300,82,,
2014/05/24,14,366,,,273,87,,
2014/05/24,15,330,,,240,83,,
2014/05/24,16,339,,,254,80,,
2014/05/24,17,332,,,249,78,,
2014/05/24,18,319,,,237,77,,
2014/05/24,19,307,,,226,75,,
2014/05/24,20,285,,,206,73,,
2014/05/24,21,317,,,241,69,,
2014/05/24,22,287,,,215,66,,
2014/05/24,23,261,,,186,69,,
2014/05/24,24,260,,,183,71,,
2014/05/25,01,274,,,199,70,,
2014/05/25,02,254,,,180,68,,
2014/05/25,03,244,,,169,70,,
2014/05/25,04,274,,,197,71,,
2014/05/25,05,211,,,141,64,,
2014/05/25,06,206,,,144,58,,
2014/05/25,07,227,,,160,62,,
2014/05/25,08,269,,,192,72,,
2014/05/25,09,324,,,243,76,,
2014/05/25,10,333,,,250,78,,
2014/05/25,11,355,,,272,79,,
2014/05/25,12,345,,,261,79,,
2014/05/25,13,393,,,308,80,,
2014/05/25,14,359,,,274,80,,
2014/05/25,15,340,,,253,81,,
2014/05/25,16,331,,,249,76,,
2014/05/25,17,299,,,221,72,,
2014/05/25,18,317,,,239,72,,
2014/05/25,19,314,,,231,76,,
2014/05/25,20,297,,,220,71,,
2014/05/25,21,284,,,212,67,,
2014/05/25,22,257,,,185,66,,
2014/05/25,23,271,,,197,70,,
2014/05/25,24,261,,,185,71,,
2014/05/26,01,249,,,173,70,,
2014/05/26,02,241,,,166,70,,
2014/05/26,03,215,,,143,67,,
2014/05/26,04,203,,,134,64,,
2014/05/26,05,208,,,143,60,,
2014/05/26,06,217,,,154,59,,
2014/05/26,07,230,,,162,63,,
2014/05/26,08,282,,,203,74,,
2014/05/26,09,331,,,244,82,,
2014/05/26,10,362,,,258,99,,
2014/05/26,11,400,,,292,103,,
2014/05/26,12,405,,,292,109,,
2014/05/26,13,397,,,297,94,,
2014/05/26,14,378,,,267,105,,
2014/05/26,15,354,,,247,102,,
2014/05/26,16,349,,,244,99,,
2014/05/26,17,347,,,245,96,,
2014/05/26,18,334,,,236,91,,
2014/05/26,19,316,,,220,90,,
2014/05/26,20,313,,,223,84,,
2014/05/26,21,305,,,217,82,,
2014/05/26,22,267,,,193,69,,
2014/05/26,23,258,,,188,65,,
2014/05/26,24,241,,,171,65,,
2014/05/27,01,235,,,162,68,,
2014/05/27,02,217,,,145,67,,
2014/05/27,03,193,,,128,60,,
2014/05/27,04,179,,,115,58,,
2014/05/27,05,181,,,117,59,,
2014/05/27,06,205,,,143,57,,
2014/05/27,07,214,,,149,60,,
2014/05/27,08,244,,,171,67,,
2014/05/27,09,323,,,240,78,,
2014/05/27,10,374,,,270,98,,
2014/05/27,11,438,,,327,106,,
2014/05/27,12,417,,,305,106,,
2014/05/27,13,425,,,325,95,,
2014/05/27,14,425,,,316,104,,
2014/05/27,15,417,,,310,102,,
2014/05/27,16,371,,,268,97,,
2014/05/27,17,340,,,240,93,,
2014/05/27,18,352,,,250,95,,
2014/05/27,19,326,,,225,95,,
2014/05/27,20,326,,,234,87,,
2014/05/27,21,315,,,227,82,,
2014/05/27,22,265,,,191,68,,
2014/05/27,23,253,,,182,65,,
2014/05/27,24,261,,,190,66,,
2014/05/28,01,250,,,176,69,,
2014/05/28,02,233,,,161,67,,
2014/05/28,03,206,,,139,62,,
2014/05/28,04,187,,,124,58,,
2014/05/28,05,187,,,124,58,,
2014/05/28,06,216,,,150,60,,
2014/05/28,07,223,,,156,62,,
2014/05/28,08,250,,,177,68,,
2014/05/28,09,332,,,248,80,,
2014/05/28,10,387,,,283,99,,
2014/05/28,11,420,,,310,104,,
2014/05/28,12,430,,,320,106,,
2014/05/28,13,437,,,337,94,,
2014/05/28,14,414,,,306,104,,
2014/05/28,15,385,,,275,104,,
2014/05/28,16,407,,,300,102,,
2014/05/28,17,377,,,274,98,,
2014/05/28,18,330,,,228,95,,
2014/05/28,19,358,,,260,92,,
2014/05/28,20,345,,,251,88,,
2014/05/28,21,321,,,234,80,,
2014/05/28,22,271,,,193,71,,
2014/05/28,23,248,,,176,66,,
2014/05/28,24,263,,,192,66,,
2014/05/29,01,252,,,177,70,,
2014/05/29,02,231,,,156,69,,
2014/05/29,03,220,,,147,68,,
2014/05/29,04,209,,,136,67,,
2014/05/29,05,195,,,128,61,,
2014/05/29,06,208,,,142,61,,
2014/05/29,07,217,,,152,60,,
2014/05/29,08,245,,,172,68,,
2014/05/29,09,317,,,234,78,,
2014/05/29,10,367,,,266,96,,
2014/05/29,11,404,,,299,101,,
2014/05/29,12,408,,,298,105,,
2014/05/29,13,401,,,304,92,,
2014/05/29,14,382,,,280,97,,
2014/05/29,15,347,,,244,97,,
2014/05/29,16,347,,,247,95,,
2014/05/29,17,346,,,248,93,,
2014/05/29,18,298,,,203,89,,
2014/05/29,19,324,,,229,89,,
2014/05/29,20,308,,,219,83,,
2014/05/29,21,291,,,210,75,,
2014/05/29,22,266,,,194,67,,
2014/05/29,23,255,,,185,65,,
2014/05/29,24,267,,,197,64,,
2014/05/30,01,246,,,172,69,,
2014/05/30,02,240,,,168,66,,
2014/05/30,03,233,,,162,65,,
2014/05/30,04,201,,,134,63,,
2014/05/30,05,181,,,118,58,,
2014/05/30,06,206,,,143,58,,
2014/05/30,07,214,,,148,61,,
2014/05/30,08,271,,,193,73,,
2014/05/30,09,344,,,258,81,,
2014/05/30,10,389,,,284,100,,
2014/05/30,11,442,,,331,105,,
2014/05/30,12,417,,,305,107,,
2014/05/30,13,437,,,339,94,,
2014/05/30,14,398,,,290,103,,
2014/05/30,15,398,,,291,101,,
2014/05/30,16,379,,,276,97,,
2014/05/30,17,337,,,239,92,,
2014/05/30,18,353,,,251,96,,
2014/05/30,19,368,,,268,93,,
2014/05/30,20,320,,,230,84,,
2014/05/30,21,308,,,224,78,,
2014/05/30,22,281,,,207,69,,
2014/05/30,23,263,,,193,66,,
2014/05/30,24,263,,,191,66,,
2014/05/31,01,285,,,208,72,,
2014/05/31,02,290,,,214,71,,
2014/05/31,03,298,,,223,70,,
2014/05/31,04,243,,,169,69,,
2014/05/31,05,204,,,136,62,,
2014/05/31,06,220,,,153,63,,
2014/05/31,07,274,,,203,66,,
2014/05/31,08,284,,,204,75,,
2014/05/31,09,385,,,302,78,,
2014/05/31,10,415,,,326,84,,
2014/05/31,11,424,,,331,87,,
2014/05/31,12,420,,,327,88,,
2014/05/31,13,434,,,345,84,,
2014/05/31,14,399,,,305,89,,
2014/05/31,15,384,,,292,87,,
2014/05/31,16,388,,,301,81,,
2014/05/31,17,344,,,260,78,,
2014/05/31,18,361,,,277,78,,
2014/05/31,19,370,,,284,80,,
2014/05/31,20,328,,,245,77,,
2014/05/31,21,336,,,260,70,,
2014/05/31,22,286,,,215,65,,
2014/05/31,23,280,,,204,70,,
2014/05/31,24,266,,,188,73,,
2014/06/01,01,282,,,205,71,,
2014/06/01,02,257,,,180,71,,
2014/06/01,03,257,,,181,70,,
2014/06/01,04,251,,,173,72,,
2014/06/01,05,224,,,154,65,,
2014/06/01,06,226,,,156,64,,
2014/06/01,07,232,,,160,67,,
2014/06/01,08,284,,,208,70,,
2014/06/01,09,338,,,257,77,,
2014/06/01,10,373,,,290,78,,
2014/06/01,11,395,,,310,79,,
2014/06/01,12,410,,,324,80,,
2014/06/01,13,431,,,345,81,,
2014/06/01,14,398,,,313,80,,
2014/06/01,15,392,,,309,78,,
2014/06/01,16,363,,,284,74,,
2014/06/01,17,360,,,283,71,,
2014/06/01,18,357,,,281,71,,
2014/06/01,19,348,,,269,74,,
2014/06/01,20,332,,,253,73,,
2014/06/01,21,312,,,236,71,,
2014/06/01,22,285,,,214,66,,
2014/06/01,23,297,,,221,70,,
2014/06/01,24,298,,,222,72,,
2014/06/02,01,277,,,201,70,,
2014/06/02,02,246,,,172,69,,
2014/06/02,03,227,,,156,66,,
2014/06/02,04,216,,,149,61,,
2014/06/02,05,220,,,156,60,,
2014/06/02,06,217,,,152,60,,
2014/06/02,07,243,,,177,61,,
2014/06/02,08,263,,,188,70,,
2014/06/02,09,359,,,271,83,,
2014/06/02,10,420,,,318,98,,
2014/06/02,11,436,,,328,102,,
2014/06/02,12,456,,,345,105,,
2014/06/02,13,448,,,351,92,,
2014/06/02,14,465,,,353,106,,
2014/06/02,15,449,,,342,101,,
2014/06/02,16,430,,,323,101,,
2014/06/02,17,394,,,291,96,,
2014/06/02,18,391,,,292,92,,
2014/06/02,19,362,,,266,90,,
2014/06/02,20,332,,,237,88,,
2014/06/02,21,333,,,248,79,,
2014/06/02,22,269,,,194,69,,
2014/06/02,23,275,,,203,66,,
2014/06/02,24,267,,,195,67,,
2014/06/03,01,264,,,188,71,,
2014/06/03,02,225,,,153,67,,
2014/06/03,03,239,,,169,65,,
2014/06/03,04,208,,,144,60,,
2014/06/03,05,214,,,151,58,,
2014/06/03,06,222,,,156,61,,
2014/06/03,07,238,,,172,61,,
2014/06/03,08,278,,,206,68,,
2014/06/03,09,350,,,267,78,,
2014/06/03,10,390,,,288,96,,
2014/06/03,11,447,,,339,103,,
2014/06/03,12,462,,,352,104,,
2014/06/03,13,452,,,353,93,,
2014/06/03,14,483,,,367,110,,
2014/06/03,15,442,,,332,104,,
2014/06/03,16,409,,,302,100,,
2014/06/03,17,404,,,301,97,,
2014/06/03,18,391,,,288,96,,
2014/06/03,19,358,,,257,94,,
2014/06/03,20,335,,,234,94,,
2014/06/03,21,332,,,239,86,,
2014/06/03,22,285,,,206,73,,
2014/06/03,23,278,,,209,64,,
2014/06/03,24,262,,,195,62,,
2014/06/04,01,247,,,172,69,,
2014/06/04,02,234,,,162,67,,
2014/06/04,03,233,,,164,64,,
2014/06/04,04,197,,,136,56,,
2014/06/04,05,198,,,137,56,,
2014/06/04,06,212,,,149,59,,
2014/06/04,07,259,,,187,67,,
2014/06/04,08,297,,,218,73,,
2014/06/04,09,359,,,274,80,,
2014/06/04,10,380,,,277,97,,
2014/06/04,11,425,,,316,104,,
2014/06/04,12,429,,,321,103,,
2014/06/04,13,436,,,339,92,,
2014/06/04,14,434,,,326,103,,
2014/06/04,15,410,,,301,102,,
2014/06/04,16,410,,,306,99,,
2014/06/04,17,376,,,275,95,,
2014/06/04,18,377,,,280,91,,
2014/06/04,19,368,,,271,91,,
2014/06/04,20,348,,,257,85,,
2014/06/04,21,333,,,249,78,,
2014/06/04,22,299,,,225,69,,
2014/06/04,23,262,,,192,65,,
2014/06/04,24,275,,,204,66,,
2014/06/05,01,258,,,182,70,,
2014/06/05,02,238,,,166,67,,
2014/06/05,03,233,,,163,65,,
2014/06/05,04,212,,,141,66,,
2014/06/05,05,219,,,151,64,,
2014/06/05,06,216,,,151,60,,
2014/06/05,07,229,,,165,60,,
2014/06/05,08,268,,,195,67,,
2014/06/05,09,329,,,249,74,,
2014/06/05,10,362,,,263,95,,
2014/06/05,11,372,,,267,99,,
2014/06/05,12,360,,,253,101,,
2014/06/05,13,383,,,288,89,,
2014/06/05,14,383,,,274,104,,
2014/06/05,15,345,,,243,96,,
2014/06/05,16,338,,,239,94,,
2014/06/05,17,333,,,234,92,,
2014/06/05,18,324,,,226,92,,
2014/06/05,19,328,,,233,89,,
2014/06/05,20,311,,,223,82,,
2014/06/05,21,268,,,188,75,,
2014/06/05,22,258,,,184,68,,
2014/06/05,23,276,,,206,65,,
2014/06/05,24,260,,,189,65,,
2014/06/06,01,250,,,173,71,,
2014/06/06,02,243,,,166,71,,
2014/06/06,03,228,,,156,67,,
2014/06/06,04,208,,,142,60,,
2014/06/06,05,219,,,156,59,,
2014/06/06,06,210,,,142,63,,
2014/06/06,07,241,,,174,62,,
2014/06/06,08,277,,,200,72,,
2014/06/06,09,362,,,276,81,,
2014/06/06,10,387,,,285,96,,
2014/06/06,11,398,,,289,103,,
2014/06/06,12,407,,,301,100,,
2014/06/06,13,404,,,305,93,,
2014/06/06,14,386,,,280,100,,
2014/06/06,15,369,,,264,98,,
2014/06/06,16,355,,,256,94,,
2014/06/06,17,336,,,240,90,,
2014/06/06,18,341,,,246,89,,
2014/06/06,19,340,,,246,87,,
2014/06/06,20,305,,,212,86,,
2014/06/06,21,312,,,225,81,,
2014/06/06,22,282,,,208,67,,
2014/06/06,23,254,,,184,65,,
2014/06/06,24,249,,,179,64,,
2014/06/07,01,265,,,189,71,,
2014/06/07,02,270,,,194,70,,
2014/06/07,03,268,,,192,71,,
2014/06/07,04,249,,,174,70,,
2014/06/07,05,218,,,149,64,,
2014/06/07,06,233,,,167,61,,
2014/06/07,07,265,,,195,65,,
2014/06/07,08,311,,,228,76,,
2014/06/07,09,339,,,259,75,,
2014/06/07,10,367,,,277,84,,
2014/06/07,11,387,,,295,87,,
2014/06/07,12,382,,,288,89,,
2014/06/07,13,407,,,314,87,,
2014/06/07,14,389,,,296,88,,
2014/06/07,15,379,,,287,86,,
2014/06/07,16,360,,,271,83,,
2014/06/07,17,327,,,244,78,,
2014/06/07,18,334,,,252,76,,
2014/06/07,19,343,,,262,75,,
2014/06/07,20,310,,,231,73,,
2014/06/07,21,312,,,238,68,,
2014/06/07,22,268,,,197,65,,
2014/06/07,23,277,,,199,73,,
2014/06/07,24,272,,,193,74,,
2014/06/08,01,270,,,193,71,,
2014/06/08,02,259,,,184,70,,
2014/06/08,03,257,,,181,69,,
2014/06/08,04,241,,,167,69,,
2014/06/08,05,228,,,162,61,,
2014/06/08,06,215,,,150,60,,
2014/06/08,07,263,,,194,64,,
2014/06/08,08,268,,,191,72,,
2014/06/08,09,337,,,252,81,,
2014/06/08,10,350,,,265,80,,
2014/06/08,11,366,,,279,82,,
2014/06/08,12,360,,,272,82,,
2014/06/08,13,400,,,313,83,,
2014/06/08,14,374,,,286,82,,
2014/06/08,15,372,,,286,81,,
2014/06/08,16,333,,,249,78,,
2014/06/08,17,317,,,236,75,,
2014/06/08,18,330,,,248,76,,
2014/06/08,19,323,,,241,76,,
2014/06/08,20,318,,,237,75,,
2014/06/08,21,283,,,206,72,,
2014/06/08,22,269,,,197,66,,
2014/06/08,23,280,,,206,69,,
2014/06/08,24,279,,,201,73,,
2014/06/09,01,258,,,182,70,,
2014/06/09,02,226,,,152,68,,
2014/06/09,03,234,,,163,66,,
2014/06/09,04,207,,,139,64,,
2014/06/09,05,210,,,146,59,,
2014/06/09,06,213,,,149,59,,
2014/06/09,07,247,,,179,63,,
2014/06/09,08,280,,,205,70,,
2014/06/09,09,352,,,265,82,,
2014/06/09,10,393,,,286,101,,
2014/06/09,11,432,,,320,106,,
2014/06/09,12,433,,,318,109,,
2014/06/09,13,436,,,335,96,,
2014/06/09,14,439,,,325,108,,
2014/06/09,15,434,,,321,106,,
2014/06/09,16,418,,,310,102,,
2014/06/09,17,399,,,299,94,,
2014/06/09,18,377,,,280,91,,
2014/06/09,19,351,,,256,89,,
2014/06/09,20,325,,,238,82,,
2014/06/09,21,311,,,230,75,,
2014/06/09,22,282,,,209,68,,
2014/06/09,23,270,,,198,66,,
2014/06/09,24,254,,,184,65,,
2014/06/10,01,270,,,196,69,,
2014/06/10,02,246,,,174,67,,
2014/06/10,03,203,,,138,60,,
2014/06/10,04,205,,,143,57,,
2014/06/10,05,197,,,135,57,,
2014/06/10,06,217,,,154,59,,
2014/06/10,07,263,,,193,65,,
2014/06/10,08,295,,,217,73,,
2014/06/10,09,342,,,258,80,,
2014/06/10,10,421,,,317,99,,
2014/06/10,11,472,,,363,104,,
2014/06/10,12,472,,,361,105,,
2014/06/10,13,464,,,366,92,,
2014/06/10,14,490,,,379,105,,
2014/06/10,15,474,,,360,108,,
2014/06/10,16,420,,,311,103,,
2014/06/10,17,403,,,299,98,,
2014/06/10,18,381,,,277,98,,
2014/06/10,19,368,,,267,95,,
2014/06/10,20,346,,,253,88,,
2014/06/10,21,324,,,239,79,,
2014/06/10,22,278,,,203,69,,
2014/06/10,23,278,,,209,64,,
2014/06/10,24,275,,,205,64,,
2014/06/11,01,257,,,186,67,,
2014/06/11,02,242,,,172,65,,
2014/06/11,03,219,,,150,64,,
2014/06/11,04,214,,,151,59,,
2014/06/11,05,223,,,161,57,,
2014/06/11,06,220,,,156,59,,
2014/06/11,07,243,,,177,61,,
2014/06/11,08,295,,,222,68,,
2014/06/11,09,344,,,261,79,,
2014/06/11,10,388,,,282,101,,
2014/06/11,11,416,,,304,107,,
2014/06/11,12,411,,,296,110,,
2014/06/11,13,428,,,321,102,,
2014/06/11,14,401,,,287,108,,
2014/06/11,15,368,,,258,105,,
2014/06/11,16,345,,,239,99,,
2014/06/11,17,354,,,254,94,,
2014/06/11,18,318,,,219,93,,
2014/06/11,19,333,,,238,89,,
2014/06/11,20,324,,,235,83,,
2014/06/11,21,302,,,220,76,,
2014/06/11,22,271,,,198,67,,
2014/06/11,23,270,,,201,65,,
2014/06/11,24,249,,,180,65,,
2014/06/12,01,240,,,165,70,,
2014/06/12,02,242,,,169,68,,
2014/06/12,03,230,,,160,65,,
2014/06/12,04,219,,,155,60,,
2014/06/12,05,211,,,147,59,,
2014/06/12,06,234,,,173,57,,
2014/06/12,07,241,,,179,57,,
2014/06/12,08,295,,,221,70,,
2014/06/12,09,373,,,288,81,,
2014/06/12,10,378,,,278,95,,
2014/06/12,11,444,,,339,101,,
2014/06/12,12,424,,,318,101,,
2014/06/12,13,432,,,336,91,,
2014/06/12,14,405,,,298,101,,
2014/06/12,15,375,,,275,94,,
2014/06/12,16,384,,,286,92,,
2014/06/12,17,356,,,261,90,,
2014/06/12,18,331,,,238,88,,
2014/06/12,19,338,,,242,89,,
2014/06/12,20,337,,,242,90,,
2014/06/12,21,305,,,221,79,,
2014/06/12,22,268,,,194,68,,
2014/06/12,23,260,,,187,67,,
2014/06/12,24,270,,,199,66,,
2014/06/13,01,278,,,202,71,,
2014/06/13,02,241,,,167,69,,
2014/06/13,03,245,,,173,68,,
2014/06/13,04,213,,,148,60,,
2014/06/13,05,221,,,157,60,,
2014/06/13,06,246,,,181,60,,
2014/06/13,07,241,,,173,64,,
2014/06/13,08,293,,,214,73,,
2014/06/13,09,351,,,265,81,,
2014/06/13,10,399,,,299,96,,
2014/06/13,11,440,,,333,102,,
2014/06/13,12,441,,,335,101,,
2014/06/13,13,449,,,352,92,,
2014/06/13,14,445,,,339,101,,
2014/06/13,15,423,,,319,98,,
2014/06/13,16,412,,,312,94,,
2014/06/13,17,391,,,294,92,,
2014/06/13,18,385,,,289,90,,
2014/06/13,19,363,,,271,86,,
2014/06/13,20,353,,,262,85,,
2014/06/13,21,322,,,239,77,,
2014/06/13,22,258,,,185,68,,
2014/06/13,23,256,,,186,66,,
2014/06/13,24,257,,,186,67,,
2014/06/14,01,273,,,197,72,,
2014/06/14,02,250,,,173,72,,
2014/06/14,03,256,,,180,71,,
2014/06/14,04,219,,,151,64,,
2014/06/14,05,203,,,138,59,,
2014/06/14,06,230,,,165,61,,
2014/06/14,07,278,,,207,66,,
2014/06/14,08,303,,,223,75,,
2014/06/14,09,364,,,282,77,,
2014/06/14,10,396,,,310,81,,
2014/06/14,11,421,,,336,80,,
2014/06/14,12,399,,,312,82,,
2014/06/14,13,430,,,346,80,,
2014/06/14,14,410,,,321,83,,
2014/06/14,15,418,,,332,81,,
2014/06/14,16,401,,,316,80,,
2014/06/14,17,368,,,287,76,,
2014/06/14,18,367,,,285,76,,
2014/06/14,19,356,,,275,75,,
2014/06/14,20,326,,,241,79,,
2014/06/14,21,303,,,225,72,,
2014/06/14,22,301,,,230,66,,
2014/06/14,23,302,,,226,71,,
2014/06/14,24,278,,,199,75,,
2014/06/15,01,282,,,203,73,,
2014/06/15,02,269,,,191,73,,
2014/06/15,03,279,,,203,70,,
2014/06/15,04,259,,,183,70,,
2014/06/15,05,221,,,153,63,,
2014/06/15,06,205,,,139,62,,
2014/06/15,07,264,,,191,68,,
2014/06/15,08,297,,,217,75,,
2014/06/15,09,343,,,260,79,,
2014/06/15,10,391,,,302,84,,
2014/06/15,11,416,,,329,83,,
2014/06/15,12,397,,,310,82,,
2014/06/15,13,421,,,330,86,,
2014/06/15,14,415,,,327,83,,
2014/06/15,15,374,,,287,82,,
2014/06/15,16,375,,,289,80,,
2014/06/15,17,375,,,293,76,,
2014/06/15,18,366,,,283,77,,
2014/06/15,19,357,,,274,77,,
2014/06/15,20,324,,,244,75,,
2014/06/15,21,316,,,241,69,,
2014/06/15,22,290,,,217,68,,
2014/06/15,23,282,,,205,71,,
2014/06/15,24,267,,,191,71,,
2014/06/16,01,269,,,194,70,,
2014/06/16,02,230,,,158,68,,
2014/06/16,03,230,,,160,65,,
2014/06/16,04,200,,,134,61,,
2014/06/16,05,208,,,145,58,,
2014/06/16,06,206,,,142,59,,
2014/06/16,07,251,,,186,61,,
2014/06/16,08,295,,,219,71,,
2014/06/16,09,367,,,280,82,,
2014/06/16,10,413,,,307,101,,
2014/06/16,11,449,,,338,106,,
2014/06/16,12,467,,,353,108,,
2014/06/16,13,460,,,359,95,,
2014/06/16,14,447,,,335,106,,
2014/06/16,15,415,,,310,100,,
2014/06/16,16,417,,,314,97,,
2014/06/16,17,380,,,281,92,,
2014/06/16,18,366,,,270,90,,
2014/06/16,19,346,,,251,89,,
2014/06/16,20,316,,,222,88,,
2014/06/16,21,308,,,226,76,,
2014/06/16,22,298,,,227,66,,
2014/06/16,23,284,,,216,63,,
2014/06/16,24,252,,,184,63,,
2014/06/17,01,282,,,209,68,,
2014/06/17,02,258,,,182,70,,
2014/06/17,03,210,,,144,61,,
2014/06/17,04,203,,,140,58,,
2014/06/17,05,212,,,149,58,,
2014/06/17,06,220,,,155,59,,
2014/06/17,07,238,,,171,62,,
2014/06/17,08,290,,,214,70,,
2014/06/17,09,347,,,262,80,,
2014/06/17,10,408,,,303,100,,
2014/06/17,11,469,,,355,109,,
2014/06/17,12,451,,,338,108,,
2014/06/17,13,452,,,351,95,,
2014/06/17,14,467,,,353,108,,
2014/06/17,15,425,,,311,108,,
2014/06/17,16,397,,,290,101,,
2014/06/17,17,387,,,284,97,,
2014/06/17,18,349,,,246,96,,
2014/06/17,19,360,,,263,92,,
2014/06/17,20,350,,,255,90,,
2014/06/17,21,321,,,235,81,,
2014/06/17,22,269,,,194,69,,
2014/06/17,23,268,,,198,65,,
2014/06/17,24,275,,,205,64,,
2014/06/18,01,244,,,172,67,,
2014/06/18,02,236,,,165,67,,
2014/06/18,03,225,,,154,66,,
2014/06/18,04,196,,,132,58,,
2014/06/18,05,214,,,151,58,,
2014/06/18,06,223,,,159,59,,
2014/06/18,07,247,,,179,64,,
2014/06/18,08,319,,,240,74,,
2014/06/18,09,364,,,277,82,,
2014/06/18,10,384,,,274,104,,
2014/06/18,11,419,,,302,112,,
2014/06/18,12,421,,,301,114,,
2014/06/18,13,404,,,298,100,,
2014/06/18,14,393,,,271,115,,
2014/06/18,15,382,,,264,112,,
2014/06/18,16,375,,,263,106,,
2014/06/18,17,375,,,262,106,,
2014/06/18,18,355,,,243,105,,
2014/06/18,19,356,,,249,101,,
2014/06/18,20,352,,,250,95,,
2014/06/18,21,307,,,217,84,,
2014/06/18,22,290,,,215,70,,
2014/06/18,23,268,,,195,68,,
2014/06/18,24,248,,,177,66,,
2014/06/19,01,251,,,175,70,,
2014/06/19,02,235,,,160,70,,
2014/06/19,03,213,,,140,68,,
2014/06/19,04,217,,,145,67,,
2014/06/19,05,207,,,141,62,,
2014/06/19,06,210,,,148,57,,
2014/06/19,07,233,,,168,59,,
2014/06/19,08,281,,,207,68,,
2014/06/19,09,352,,,268,79,,
2014/06/19,10,368,,,267,95,,
2014/06/19,11,438,,,333,100,,
2014/06/19,12,421,,,316,100,,
2014/06/19,13,430,,,334,91,,
2014/06/19,14,397,,,293,99,,
2014/06/19,15,405,,,302,96,,
2014/06/19,16,403,,,304,93,,
2014/06/19,17,374,,,277,91,,
2014/06/19,18,344,,,250,87,,
2014/06/19,19,318,,,228,84,,
2014/06/19,20,327,,,241,80,,
2014/06/19,21,298,,,218,74,,
2014/06/19,22,277,,,204,68,,
2014/06/19,23,269,,,198,65,,
2014/06/19,24,266,,,195,66,,
2014/06/20,01,262,,,188,69,,
2014/06/20,02,257,,,182,69,,
2014/06/20,03,239,,,166,68,,
2014/06/20,04,215,,,142,68,,
2014/06/20,05,223,,,156,62,,
2014/06/20,06,215,,,148,62,,
2014/06/20,07,259,,,188,66,,
2014/06/20,08,302,,,224,73,,
2014/06/20,09,368,,,283,80,,
2014/06/20,10,404,,,301,98,,
2014/06/20,11,433,,,323,104,,
2014/06/20,12,458,,,346,106,,
2014/06/20,13,440,,,337,98,,
2014/06/20,14,418,,,302,111,,
2014/06/20,15,411,,,299,107,,
2014/06/20,16,386,,,282,98,,
2014/06/20,17,357,,,259,92,,
2014/06/20,18,356,,,258,92,,
2014/06/20,19,351,,,251,93,,
2014/06/20,20,335,,,243,86,,
2014/06/20,21,315,,,234,75,,
2014/06/20,22,270,,,198,67,,
2014/06/20,23,256,,,187,63,,
2014/06/20,24,279,,,209,64,,
2014/06/21,01,283,,,209,69,,
2014/06/21,02,277,,,200,71,,
2014/06/21,03,277,,,201,71,,
2014/06/21,04,256,,,183,68,,
2014/06/21,05,227,,,161,61,,
2014/06/21,06,243,,,177,61,,
2014/06/21,07,287,,,219,63,,
2014/06/21,08,329,,,249,74,,
2014/06/21,09,366,,,284,76,,
2014/06/21,10,399,,,311,83,,
2014/06/21,11,433,,,341,88,,
2014/06/21,12,467,,,372,90,,
2014/06/21,13,424,,,333,85,,
2014/06/21,14,438,,,344,89,,
2014/06/21,15,407,,,319,83,,
2014/06/21,16,375,,,289,81,,
2014/06/21,17,348,,,264,79,,
2014/06/21,18,347,,,264,77,,
2014/06/21,19,360,,,279,76,,
2014/06/21,20,335,,,254,75,,
2014/06/21,21,318,,,242,70,,
2014/06/21,22,278,,,205,67,,
2014/06/21,23,287,,,209,72,,
2014/06/21,24,282,,,204,73,,
2014/06/22,01,297,,,222,70,,
2014/06/22,02,271,,,195,71,,
2014/06/22,03,283,,,205,72,,
2014/06/22,04,269,,,195,69,,
2014/06/22,05,228,,,160,63,,
2014/06/22,06,218,,,151,62,,
2014/06/22,07,252,,,186,62,,
2014/06/22,08,282,,,205,71,,
2014/06/22,09,330,,,248,77,,
2014/06/22,10,363,,,277,81,,
2014/06/22,11,385,,,298,82,,
2014/06/22,12,369,,,283,81,,
2014/06/22,13,383,,,297,80,,
2014/06/22,14,374,,,288,80,,
2014/06/22,15,365,,,280,79,,
2014/06/22,16,348,,,264,79,,
2014/06/22,17,324,,,244,75,,
2014/06/22,18,346,,,263,77,,
2014/06/22,19,335,,,252,77,,
2014/06/22,20,325,,,248,71,,
2014/06/22,21,271,,,199,66,,
2014/06/22,22,267,,,198,63,,
2014/06/22,23,267,,,193,68,,
2014/06/22,24,277,,,202,70,,
2014/06/23,01,261,,,189,67,,
2014/06/23,02,261,,,189,67,,
2014/06/23,03,218,,,147,65,,
2014/06/23,04,220,,,153,63,,
2014/06/23,05,222,,,160,57,,
2014/06/23,06,214,,,149,59,,
2014/06/23,07,243,,,179,59,,
2014/06/23,08,281,,,206,70,,
2014/06/23,09,353,,,264,84,,
2014/06/23,10,418,,,314,99,,
2014/06/23,11,443,,,330,108,,
2014/06/23,12,469,,,352,111,,
2014/06/23,13,475,,,370,99,,
2014/06/23,14,434,,,322,106,,
2014/06/23,15,408,,,302,101,,
2014/06/23,16,410,,,306,98,,
2014/06/23,17,374,,,274,95,,
2014/06/23,18,376,,,277,93,,
2014/06/23,19,358,,,267,86,,
2014/06/23,20,330,,,242,82,,
2014/06/23,21,315,,,233,77,,
2014/06/23,22,275,,,200,70,,
2014/06/23,23,249,,,180,64,,
2014/06/23,24,265,,,199,62,,
2014/06/24,01,256,,,185,66,,
2014/06/24,02,254,,,183,67,,
2014/06/24,03,213,,,148,61,,
2014/06/24,04,197,,,136,57,,
2014/06/24,05,213,,,151,57,,
2014/06/24,06,208,,,147,57,,
2014/06/24,07,240,,,173,63,,
2014/06/24,08,300,,,224,71,,
2014/06/24,09,351,,,266,81,,
2014/06/24,10,400,,,297,99,,
2014/06/24,11,413,,,305,103,,
2014/06/24,12,428,,,318,105,,
2014/06/24,13,457,,,358,93,,
2014/06/24,14,465,,,355,104,,
2014/06/24,15,430,,,324,101,,
2014/06/24,16,411,,,304,101,,
2014/06/24,17,384,,,279,99,,
2014/06/24,18,391,,,286,98,,
2014/06/24,19,370,,,270,94,,
2014/06/24,20,342,,,245,91,,
2014/06/24,21,322,,,235,81,,
2014/06/24,22,276,,,200,70,,
2014/06/24,23,270,,,197,68,,
2014/06/24,24,275,,,203,66,,
2014/06/25,01,258,,,182,70,,
2014/06/25,02,230,,,157,69,,
2014/06/25,03,223,,,155,63,,
2014/06/25,04,209,,,145,59,,
2014/06/25,05,195,,,131,59,,
2014/06/25,06,214,,,149,59,,
2014/06/25,07,247,,,180,62,,
2014/06/25,08,288,,,214,69,,
2014/06/25,09,352,,,267,80,,
2014/06/25,10,388,,,284,99,,
2014/06/25,11,423,,,314,104,,
2014/06/25,12,439,,,330,104,,
2014/06/25,13,460,,,361,94,,
2014/06/25,14,458,,,346,105,,
2014/06/25,15,435,,,324,106,,
2014/06/25,16,405,,,300,100,,
2014/06/25,17,376,,,273,96,,
2014/06/25,18,373,,,271,95,,
2014/06/25,19,369,,,269,93,,
2014/06/25,20,353,,,263,85,,
2014/06/25,21,317,,,231,80,,
2014/06/25,22,283,,,207,70,,
2014/06/25,23,277,,,203,69,,
2014/06/25,24,265,,,193,67,,
2014/06/26,01,266,,,188,72,,
2014/06/26,02,259,,,184,70,,
2014/06/26,03,235,,,164,66,,
2014/06/26,04,216,,,152,59,,
2014/06/26,05,208,,,145,58,,
2014/06/26,06,215,,,153,57,,
2014/06/26,07,260,,,197,58,,
2014/06/26,08,303,,,230,67,,
2014/06/26,09,365,,,282,79,,
2014/06/26,10,380,,,281,95,,
2014/06/26,11,418,,,310,102,,
2014/06/26,12,442,,,336,101,,
2014/06/26,13,475,,,377,92,,
2014/06/26,14,456,,,352,98,,
2014/06/26,15,434,,,332,96,,
2014/06/26,16,399,,,301,91,,
2014/06/26,17,380,,,286,88,,
2014/06/26,18,370,,,278,86,,
2014/06/26,19,367,,,275,85,,
2014/06/26,20,333,,,250,78,,
2014/06/26,21,322,,,244,72,,
2014/06/26,22,285,,,214,65,,
2014/06/26,23,293,,,225,63,,
2014/06/26,24,296,,,228,62,,
2014/06/27,01,264,,,190,68,,
2014/06/27,02,221,,,153,63,,
2014/06/27,03,211,,,148,58,,
2014/06/27,04,213,,,150,58,,
2014/06/27,05,214,,,153,56,,
2014/06/27,06,235,,,173,58,,
2014/06/27,07,245,,,178,62,,
2014/06/27,08,306,,,229,71,,
2014/06/27,09,383,,,300,78,,
2014/06/27,10,422,,,323,95,,
2014/06/27,11,448,,,343,100,,
2014/06/27,12,454,,,349,99,,
2014/06/27,13,469,,,374,90,,
2014/06/27,14,474,,,365,103,,
2014/06/27,15,444,,,337,102,,
2014/06/27,16,396,,,295,95,,
2014/06/27,17,387,,,290,92,,
2014/06/27,18,378,,,284,88,,
2014/06/27,19,377,,,287,84,,
2014/06/27,20,356,,,265,85,,
2014/06/27,21,325,,,242,77,,
2014/06/27,22,283,,,210,67,,
2014/06/27,23,271,,,202,64,,
2014/06/27,24,286,,,217,63,,
2014/06/28,01,301,,,225,71,,
2014/06/28,02,283,,,207,71,,
2014/06/28,03,302,,,226,70,,
2014/06/28,04,266,,,195,66,,
2014/06/28,05,242,,,178,59,,
2014/06/28,06,253,,,189,60,,
2014/06/28,07,280,,,212,62,,
2014/06/28,08,332,,,252,75,,
2014/06/28,09,397,,,312,80,,
2014/06/28,10,415,,,325,85,,
2014/06/28,11,419,,,325,89,,
2014/06/28,12,427,,,331,91,,
2014/06/28,13,414,,,321,87,,
2014/06/28,14,414,,,320,90,,
2014/06/28,15,391,,,298,88,,
2014/06/28,16,362,,,275,82,,
2014/06/28,17,364,,,280,79,,
2014/06/28,18,360,,,277,78,,
2014/06/28,19,358,,,277,75,,
2014/06/28,20,329,,,253,70,,
2014/06/28,21,335,,,263,67,,
2014/06/28,22,300,,,231,64,,
2014/06/28,23,290,,,214,70,,
2014/06/28,24,302,,,224,72,,
2014/06/29,01,319,,,243,71,,
2014/06/29,02,295,,,219,71,,
2014/06/29,03,292,,,218,69,,
2014/06/29,04,254,,,183,66,,
2014/06/29,05,227,,,164,58,,
2014/06/29,06,242,,,180,57,,
2014/06/29,07,289,,,222,63,,
2014/06/29,08,317,,,237,75,,
2014/06/29,09,349,,,265,79,,
2014/06/29,10,391,,,309,78,,
2014/06/29,11,401,,,317,79,,
2014/06/29,12,410,,,323,82,,
2014/06/29,13,411,,,324,82,,
2014/06/29,14,401,,,318,77,,
2014/06/29,15,405,,,321,78,,
2014/06/29,16,381,,,303,72,,
2014/06/29,17,349,,,273,71,,
2014/06/29,18,359,,,280,73,,
2014/06/29,19,345,,,265,75,,
2014/06/29,20,343,,,264,73,,
2014/06/29,21,315,,,241,69,,
2014/06/29,22,289,,,219,65,,
2014/06/29,23,288,,,213,69,,
2014/06/29,24,300,,,225,70,,
2014/06/30,01,301,,,227,69,,
2014/06/30,02,259,,,184,70,,
2014/06/30,03,252,,,181,67,,
2014/06/30,04,217,,,149,62,,
2014/06/30,05,214,,,151,58,,
2014/06/30,06,232,,,169,59,,
2014/06/30,07,261,,,197,59,,
2014/06/30,08,285,,,207,73,,
2014/06/30,09,363,,,271,87,,
2014/06/30,10,435,,,327,104,,
2014/06/30,11,457,,,342,108,,
2014/06/30,12,448,,,334,109,,
2014/06/30,13,462,,,362,94,,
2014/06/30,14,455,,,343,107,,
2014/06/30,15,424,,,315,103,,
2014/06/30,16,416,,,309,100,,
2014/06/30,17,373,,,270,96,,
2014/06/30,18,366,,,271,90,,
2014/06/30,19,375,,,277,91,,
2014/06/30,20,356,,,263,87,,
2014/06/30,21,314,,,228,80,,
2014/06/30,22,277,,,204,67,,
2014/06/30,23,270,,,202,63,,
2014/06/30,24,290,,,222,63,,
2014/07/01,01,305,,,233,67,,
2014/07/01,02,264,,,191,68,,
2014/07/01,03,249,,,181,64,,
2014/07/01,04,222,,,161,57,,
2014/07/01,05,229,,,168,57,,
2014/07/01,06,252,,,190,57,,
2014/07/01,07,276,,,206,64,,
2014/07/01,08,324,,,248,71,,
2014/07/01,09,372,,,287,80,,
2014/07/01,10,409,,,301,104,,
2014/07/01,11,480,,,363,112,,
2014/07/01,12,478,,,362,110,,
2014/07/01,13,501,,,397,99,,
2014/07/01,14,490,,,372,112,,
2014/07/01,15,482,,,368,108,,
2014/07/01,16,450,,,339,104,,
2014/07/01,17,448,,,339,102,,
2014/07/01,18,413,,,305,101,,
2014/07/01,19,398,,,294,98,,
2014/07/01,20,377,,,280,91,,
2014/07/01,21,342,,,255,81,,
2014/07/01,22,312,,,236,70,,
2014/07/01,23,303,,,231,67,,
2014/07/01,24,269,,,198,66,,
2014/07/02,01,291,,,216,69,,
2014/07/02,02,284,,,209,70,,
2014/07/02,03,278,,,206,67,,
2014/07/02,04,238,,,173,60,,
2014/07/02,05,216,,,154,58,,
2014/07/02,06,251,,,187,59,,
2014/07/02,07,281,,,215,62,,
2014/07/02,08,313,,,238,70,,
2014/07/02,09,370,,,284,81,,
2014/07/02,10,435,,,325,105,,
2014/07/02,11,496,,,379,111,,
2014/07/02,12,509,,,390,113,,
2014/07/02,13,511,,,407,97,,
2014/07/02,14,496,,,382,107,,
2014/07/02,15,465,,,353,106,,
2014/07/02,16,451,,,342,103,,
2014/07/02,17,431,,,322,102,,
2014/07/02,18,392,,,287,99,,
2014/07/02,19,402,,,300,96,,
2014/07/02,20,377,,,284,87,,
2014/07/02,21,351,,,263,82,,
2014/07/02,22,297,,,219,73,,
2014/07/02,23,299,,,223,70,,
2014/07/02,24,296,,,222,69,,
2014/07/03,01,285,,,209,71,,
2014/07/03,02,282,,,207,70,,
2014/07/03,03,257,,,185,67,,
2014/07/03,04,239,,,167,68,,
2014/07/03,05,234,,,168,61,,
2014/07/03,06,242,,,178,59,,
2014/07/03,07,271,,,205,60,,
2014/07/03,08,305,,,231,68,,
2014/07/03,09,376,,,292,79,,
2014/07/03,10,395,,,293,97,,
2014/07/03,11,414,,,309,100,,
2014/07/03,12,442,,,335,102,,
2014/07/03,13,463,,,366,92,,
2014/07/03,14,442,,,337,100,,
2014/07/03,15,399,,,296,97,,
2014/07/03,16,387,,,285,96,,
2014/07/03,17,362,,,263,93,,
2014/07/03,18,377,,,280,91,,
2014/07/03,19,370,,,276,88,,
2014/07/03,20,330,,,245,79,,
2014/07/03,21,297,,,216,75,,
2014/07/03,22,281,,,208,67,,
2014/07/03,23,278,,,208,64,,
2014/07/03,24,281,,,212,63,,
2014/07/04,01,261,,,186,69,,
2014/07/04,02,249,,,175,68,,
2014/07/04,03,242,,,171,66,,
2014/07/04,04,249,,,179,65,,
2014/07/04,05,227,,,161,62,,
2014/07/04,06,247,,,183,59,,
2014/07/04,07,260,,,194,61,,
2014/07/04,08,316,,,241,70,,
2014/07/04,09,390,,,301,83,,
2014/07/04,10,451,,,343,102,,
2014/07/04,11,449,,,336,108,,
2014/07/04,12,497,,,384,108,,
2014/07/04,13,474,,,372,96,,
2014/07/04,14,475,,,363,108,,
2014/07/04,15,460,,,348,106,,
2014/07/04,16,401,,,296,99,,
2014/07/04,17,387,,,286,95,,
2014/07/04,18,383,,,281,95,,
2014/07/04,19,370,,,274,91,,
2014/07/04,20,329,,,245,78,,
2014/07/04,21,307,,,229,72,,
2014/07/04,22,275,,,203,66,,
2014/07/04,23,265,,,197,63,,
2014/07/04,24,278,,,210,63,,
2014/07/05,01,274,,,197,71,,
2014/07/05,02,290,,,214,71,,
2014/07/05,03,277,,,203,69,,
2014/07/05,04,252,,,181,67,,
2014/07/05,05,236,,,171,60,,
2014/07/05,06,244,,,179,60,,
2014/07/05,07,293,,,226,62,,
2014/07/05,08,329,,,250,74,,
2014/07/05,09,381,,,298,78,,
2014/07/05,10,396,,,303,88,,
2014/07/05,11,407,,,312,91,,
2014/07/05,12,422,,,321,96,,
2014/07/05,13,400,,,306,88,,
2014/07/05,14,401,,,301,94,,
2014/07/05,15,409,,,311,93,,
2014/07/05,16,377,,,283,88,,
2014/07/05,17,349,,,260,84,,
2014/07/05,18,367,,,276,85,,
2014/07/05,19,379,,,293,80,,
2014/07/05,20,346,,,268,73,,
2014/07/05,21,310,,,237,67,,
2014/07/05,22,298,,,229,64,,
2014/07/05,23,273,,,200,68,,
2014/07/05,24,280,,,206,70,,
2014/07/06,01,316,,,240,71,,
2014/07/06,02,293,,,215,72,,
2014/07/06,03,283,,,208,70,,
2014/07/06,04,231,,,162,64,,
2014/07/06,05,217,,,154,58,,
2014/07/06,06,245,,,180,60,,
2014/07/06,07,282,,,215,62,,
2014/07/06,08,309,,,231,73,,
2014/07/06,09,376,,,292,79,,
2014/07/06,10,403,,,316,82,,
2014/07/06,11,408,,,321,82,,
2014/07/06,12,403,,,313,84,,
2014/07/06,13,412,,,329,78,,
2014/07/06,14,406,,,321,79,,
2014/07/06,15,398,,,314,79,,
2014/07/06,16,384,,,306,72,,
2014/07/06,17,349,,,272,71,,
2014/07/06,18,364,,,284,74,,
2014/07/06,19,361,,,277,78,,
2014/07/06,20,334,,,254,74,,
2014/07/06,21,299,,,224,70,,
2014/07/06,22,285,,,213,67,,
2014/07/06,23,291,,,217,69,,
2014/07/06,24,299,,,224,70,,
2014/07/07,01,293,,,220,68,,
2014/07/07,02,240,,,167,68,,
2014/07/07,03,225,,,158,63,,
2014/07/07,04,216,,,152,59,,
2014/07/07,05,216,,,153,58,,
2014/07/07,06,216,,,155,57,,
2014/07/07,07,258,,,193,60,,
2014/07/07,08,295,,,219,71,,
2014/07/07,09,357,,,268,84,,
2014/07/07,10,405,,,294,106,,
2014/07/07,11,427,,,312,109,,
2014/07/07,12,422,,,304,112,,
2014/07/07,13,426,,,323,98,,
2014/07/07,14,434,,,319,109,,
2014/07/07,15,404,,,295,104,,
2014/07/07,16,417,,,312,100,,
2014/07/07,17,391,,,288,98,,
2014/07/07,18,391,,,288,98,,
2014/07/07,19,376,,,276,93,,
2014/07/07,20,329,,,238,85,,
2014/07/07,21,308,,,225,78,,
2014/07/07,22,290,,,217,68,,
2014/07/07,23,280,,,210,65,,
2014/07/07,24,284,,,214,65,,
2014/07/08,01,313,,,238,70,,
2014/07/08,02,279,,,207,67,,
2014/07/08,03,282,,,210,67,,
2014/07/08,04,262,,,193,64,,
2014/07/08,05,229,,,165,59,,
2014/07/08,06,237,,,173,60,,
2014/07/08,07,292,,,225,62,,
2014/07/08,08,319,,,244,71,,
2014/07/08,09,382,,,295,83,,
2014/07/08,10,483,,,373,105,,
2014/07/08,11,517,,,400,111,,
2014/07/08,12,536,,,417,113,,
2014/07/08,13,515,,,411,97,,
2014/07/08,14,516,,,401,109,,
2014/07/08,15,492,,,379,107,,
2014/07/08,16,451,,,343,101,,
2014/07/08,17,432,,,325,102,,
2014/07/08,18,418,,,310,102,,
2014/07/08,19,408,,,304,98,,
2014/07/08,20,376,,,283,86,,
2014/07/08,21,339,,,254,80,,
2014/07/08,22,298,,,223,69,,
2014/07/08,23,281,,,209,67,,
2014/07/08,24,296,,,225,67,,
2014/07/09,01,291,,,215,71,,
2014/07/09,02,300,,,222,73,,
2014/07/09,03,250,,,181,64,,
2014/07/09,04,228,,,164,59,,
2014/07/09,05,237,,,174,58,,
2014/07/09,06,263,,,201,59,,
2014/07/09,07,281,,,214,61,,
2014/07/09,08,307,,,230,72,,
2014/07/09,09,396,,,309,82,,
2014/07/09,10,468,,,357,107,,
2014/07/09,11,512,,,395,111,,
2014/07/09,12,485,,,365,113,,
2014/07/09,13,506,,,402,98,,
2014/07/09,14,463,,,348,109,,
2014/07/09,15,434,,,318,110,,
2014/07/09,16,418,,,309,103,,
2014/07/09,17,410,,,303,101,,
2014/07/09,18,393,,,286,101,,
2014/07/09,19,398,,,294,98,,
2014/07/09,20,375,,,279,90,,
2014/07/09,21,357,,,267,83,,
2014/07/09,22,309,,,234,70,,
2014/07/09,23,319,,,246,68,,
2014/07/09,24,289,,,219,66,,
2014/07/10,01,304,,,228,71,,
2014/07/10,02,276,,,201,71,,
2014/07/10,03,276,,,204,68,,
2014/07/10,04,268,,,200,64,,
2014/07/10,05,234,,,168,62,,
2014/07/10,06,258,,,193,60,,
2014/07/10,07,289,,,224,59,,
2014/07/10,08,328,,,253,70,,
2014/07/10,09,400,,,316,79,,
2014/07/10,10,437,,,332,100,,
2014/07/10,11,455,,,340,109,,
2014/07/10,12,462,,,347,109,,
2014/07/10,13,455,,,349,100,,
2014/07/10,14,451,,,342,104,,
2014/07/10,15,387,,,281,100,,
2014/07/10,16,393,,,289,99,,
2014/07/10,17,384,,,284,95,,
2014/07/10,18,363,,,265,92,,
2014/07/10,19,370,,,273,91,,
2014/07/10,20,334,,,246,82,,
2014/07/10,21,329,,,247,77,,
2014/07/10,22,317,,,241,70,,
2014/07/10,23,306,,,234,66,,
2014/07/10,24,305,,,235,64,,
2014/07/11,01,323,,,249,69,,
2014/07/11,02,293,,,218,70,,
2014/07/11,03,250,,,181,65,,
2014/07/11,04,236,,,171,61,,
2014/07/11,05,235,,,169,61,,
2014/07/11,06,267,,,200,63,,
2014/07/11,07,311,,,243,63,,
2014/07/11,08,355,,,277,73,,
2014/07/11,09,407,,,318,84,,
2014/07/11,10,454,,,348,100,,
2014/07/11,11,494,,,383,105,,
2014/07/11,12,524,,,412,107,,
2014/07/11,13,525,,,421,99,,
2014/07/11,14,494,,,381,107,,
2014/07/11,15,501,,,392,103,,
2014/07/11,16,473,,,369,98,,
2014/07/11,17,459,,,356,97,,
2014/07/11,18,426,,,324,96,,
2014/07/11,19,419,,,320,93,,
2014/07/11,20,400,,,312,82,,
2014/07/11,21,365,,,284,76,,
2014/07/11,22,302,,,230,66,,
2014/07/11,23,291,,,221,65,,
2014/07/11,24,295,,,226,65,,
2014/07/12,01,329,,,253,71,,
2014/07/12,02,308,,,233,71,,
2014/07/12,03,332,,,254,73,,
2014/07/12,04,295,,,217,72,,
2014/07/12,05,280,,,208,68,,
2014/07/12,06,295,,,231,60,,
2014/07/12,07,351,,,280,65,,
2014/07/12,08,406,,,325,78,,
2014/07/12,09,444,,,360,79,,
2014/07/12,10,474,,,384,85,,
2014/07/12,11,501,,,409,86,,
2014/07/12,12,505,,,410,89,,
2014/07/12,13,533,,,443,84,,
2014/07/12,14,508,,,416,86,,
2014/07/12,15,489,,,396,88,,
2014/07/12,16,443,,,354,83,,
2014/07/12,17,418,,,333,79,,
2014/07/12,18,416,,,333,78,,
2014/07/12,19,389,,,307,76,,
2014/07/12,20,361,,,281,74,,
2014/07/12,21,320,,,245,69,,
2014/07/12,22,300,,,230,65,,
2014/07/12,23,303,,,228,70,,
2014/07/12,24,310,,,233,71,,
2014/07/13,01,303,,,226,71,,
2014/07/13,02,307,,,233,70,,
2014/07/13,03,311,,,237,69,,
2014/07/13,04,269,,,195,69,,
2014/07/13,05,242,,,177,60,,
2014/07/13,06,249,,,185,60,,
2014/07/13,07,278,,,212,62,,
2014/07/13,08,327,,,248,73,,
2014/07/13,09,376,,,292,80,,
2014/07/13,10,412,,,322,85,,
2014/07/13,11,428,,,339,84,,
2014/07/13,12,425,,,335,85,,
2014/07/13,13,425,,,335,86,,
2014/07/13,14,403,,,313,84,,
2014/07/13,15,376,,,288,82,,
2014/07/13,16,357,,,271,80,,
2014/07/13,17,346,,,261,79,,
2014/07/13,18,354,,,270,78,,
2014/07/13,19,342,,,256,79,,
2014/07/13,20,347,,,260,82,,
2014/07/13,21,330,,,246,79,,
2014/07/13,22,305,,,228,72,,
2014/07/13,23,299,,,223,70,,
2014/07/13,24,290,,,212,72,,
2014/07/14,01,301,,,223,72,,
2014/07/14,02,281,,,204,72,,
2014/07/14,03,266,,,192,69,,
2014/07/14,04,225,,,158,62,,
2014/07/14,05,237,,,171,61,,
2014/07/14,06,249,,,183,63,,
2014/07/14,07,306,,,239,63,,
2014/07/14,08,321,,,244,72,,
2014/07/14,09,391,,,300,86,,
2014/07/14,10,438,,,330,104,,
2014/07/14,11,466,,,352,110,,
2014/07/14,12,466,,,350,111,,
2014/07/14,13,471,,,370,97,,
2014/07/14,14,461,,,348,108,,
2014/07/14,15,445,,,336,104,,
2014/07/14,16,451,,,346,99,,
2014/07/14,17,430,,,328,96,,
2014/07/14,18,413,,,314,92,,
2014/07/14,19,403,,,302,95,,
2014/07/14,20,378,,,287,86,,
2014/07/14,21,324,,,243,76,,
2014/07/14,22,296,,,222,68,,
2014/07/14,23,295,,,226,64,,
2014/07/14,24,295,,,227,63,,
2014/07/15,01,306,,,233,68,,
2014/07/15,02,285,,,212,68,,
2014/07/15,03,263,,,192,66,,
2014/07/15,04,231,,,168,59,,
2014/07/15,05,236,,,174,58,,
2014/07/15,06,259,,,195,60,,
2014/07/15,07,302,,,234,64,,
2014/07/15,08,339,,,261,73,,
2014/07/15,09,409,,,320,84,,
2014/07/15,10,482,,,370,107,,
2014/07/15,11,493,,,376,110,,
2014/07/15,12,529,,,412,112,,
2014/07/15,13,531,,,428,97,,
2014/07/15,14,515,,,402,107,,
2014/07/15,15,503,,,390,106,,
2014/07/15,16,476,,,367,103,,
2014/07/15,17,460,,,352,102,,
2014/07/15,18,439,,,332,100,,
2014/07/15,19,417,,,313,98,,
2014/07/15,20,387,,,292,89,,
2014/07/15,21,339,,,257,77,,
2014/07/15,22,298,,,227,66,,
2014/07/15,23,292,,,222,65,,
2014/07/15,24,299,,,232,62,,
2014/07/16,01,287,,,214,67,,
2014/07/16,02,276,,,203,68,,
2014/07/16,03,269,,,198,66,,
2014/07/16,04,250,,,185,60,,
2014/07/16,05,246,,,183,58,,
2014/07/16,06,264,,,202,58,,
2014/07/16,07,306,,,241,61,,
2014/07/16,08,337,,,260,71,,
2014/07/16,09,396,,,310,81,,
2014/07/16,10,485,,,374,106,,
2014/07/16,11,535,,,415,113,,
2014/07/16,12,544,,,423,115,,
2014/07/16,13,538,,,430,102,,
2014/07/16,14,521,,,406,109,,
2014/07/16,15,481,,,369,106,,
2014/07/16,16,458,,,348,105,,
2014/07/16,17,446,,,337,104,,
2014/07/16,18,454,,,346,103,,
2014/07/16,19,403,,,296,101,,
2014/07/16,20,413,,,317,90,,
2014/07/16,21,363,,,276,82,,
2014/07/16,22,313,,,238,69,,
2014/07/16,23,302,,,229,67,,
2014/07/16,24,328,,,258,65,,
2014/07/17,01,320,,,245,71,,
2014/07/17,02,317,,,242,71,,
2014/07/17,03,292,,,221,67,,
2014/07/17,04,260,,,190,65,,
2014/07/17,05,254,,,190,59,,
2014/07/17,06,289,,,226,58,,
2014/07/17,07,302,,,240,57,,
2014/07/17,08,339,,,262,72,,
2014/07/17,09,406,,,319,82,,
2014/07/17,10,463,,,362,97,,
2014/07/17,11,501,,,392,103,,
2014/07/17,12,521,,,413,103,,
2014/07/17,13,506,,,405,94,,
2014/07/17,14,534,,,426,102,,
2014/07/17,15,491,,,385,99,,
2014/07/17,16,461,,,357,98,,
2014/07/17,17,429,,,329,93,,
2014/07/17,18,422,,,324,92,,
2014/07/17,19,405,,,311,88,,
2014/07/17,20,382,,,296,80,,
2014/07/17,21,345,,,265,74,,
2014/07/17,22,311,,,239,67,,
2014/07/17,23,327,,,258,64,,
2014/07/17,24,305,,,238,62,,
2014/07/18,01,322,,,246,71,,
2014/07/18,02,268,,,196,67,,
2014/07/18,03,288,,,217,66,,
2014/07/18,04,267,,,195,67,,
2014/07/18,05,250,,,186,60,,
2014/07/18,06,301,,,236,61,,
2014/07/18,07,319,,,252,63,,
2014/07/18,08,361,,,282,73,,
2014/07/18,09,437,,,351,81,,
2014/07/18,10,440,,,333,102,,
2014/07/18,11,453,,,340,106,,
2014/07/18,12,464,,,351,107,,
2014/07/18,13,469,,,363,100,,
2014/07/18,14,455,,,341,109,,
2014/07/18,15,430,,,319,105,,
2014/07/18,16,408,,,302,99,,
2014/07/18,17,401,,,297,98,,
2014/07/18,18,402,,,299,97,,
2014/07/18,19,426,,,327,94,,
2014/07/18,20,385,,,295,85,,
2014/07/18,21,376,,,294,77,,
2014/07/18,22,309,,,235,70,,
2014/07/18,23,283,,,212,66,,
2014/07/18,24,280,,,212,63,,
2014/07/19,01,320,,,244,71,,
2014/07/19,02,296,,,220,71,,
2014/07/19,03,297,,,220,72,,
2014/07/19,04,264,,,190,69,,
2014/07/19,05,237,,,168,64,,
2014/07/19,06,275,,,208,62,,
2014/07/19,07,336,,,264,67,,
2014/07/19,08,356,,,277,74,,
2014/07/19,09,422,,,338,80,,
2014/07/19,10,434,,,345,85,,
2014/07/19,11,446,,,352,89,,
2014/07/19,12,452,,,358,90,,
2014/07/19,13,462,,,371,86,,
2014/07/19,14,442,,,347,90,,
2014/07/19,15,386,,,292,89,,
2014/07/19,16,358,,,271,81,,
2014/07/19,17,352,,,269,77,,
2014/07/19,18,357,,,272,77,,
2014/07/19,19,354,,,270,78,,
2014/07/19,20,348,,,270,71,,
2014/07/19,21,353,,,279,69,,
2014/07/19,22,304,,,233,66,,
2014/07/19,23,312,,,235,72,,
2014/07/19,24,282,,,204,73,,
2014/07/20,01,316,,,238,73,,
2014/07/20,02,291,,,216,71,,
2014/07/20,03,284,,,208,71,,
2014/07/20,04,244,,,173,66,,
2014/07/20,05,224,,,157,62,,
2014/07/20,06,252,,,184,63,,
2014/07/20,07,293,,,227,62,,
2014/07/20,08,325,,,245,74,,
2014/07/20,09,367,,,282,80,,
2014/07/20,10,414,,,329,81,,
2014/07/20,11,398,,,312,81,,
2014/07/20,12,387,,,301,81,,
2014/07/20,13,414,,,326,82,,
2014/07/20,14,379,,,290,83,,
2014/07/20,15,371,,,284,80,,
2014/07/20,16,366,,,281,79,,
2014/07/20,17,341,,,260,75,,
2014/07/20,18,351,,,270,75,,
2014/07/20,19,356,,,269,80,,
2014/07/20,20,328,,,245,77,,
2014/07/20,21,294,,,221,67,,
2014/07/20,22,277,,,207,64,,
2014/07/20,23,271,,,198,67,,
2014/07/20,24,294,,,217,70,,
2014/07/21,01,283,,,209,70,,
2014/07/21,02,260,,,185,69,,
2014/07/21,03,245,,,171,68,,
2014/07/21,04,220,,,149,66,,
2014/07/21,05,214,,,150,59,,
2014/07/21,06,213,,,149,59,,
2014/07/21,07,276,,,211,61,,
2014/07/21,08,304,,,224,74,,
2014/07/21,09,364,,,273,86,,
2014/07/21,10,452,,,344,103,,
2014/07/21,11,479,,,365,108,,
2014/07/21,12,461,,,347,107,,
2014/07/21,13,495,,,387,102,,
2014/07/21,14,488,,,372,110,,
2014/07/21,15,459,,,348,104,,
2014/07/21,16,453,,,346,100,,
2014/07/21,17,422,,,320,96,,
2014/07/21,18,424,,,322,95,,
2014/07/21,19,422,,,327,90,,
2014/07/21,20,379,,,292,81,,
2014/07/21,21,329,,,249,74,,
2014/07/21,22,318,,,246,67,,
2014/07/21,23,302,,,233,64,,
2014/07/21,24,328,,,261,63,,
2014/07/22,01,326,,,253,69,,
2014/07/22,02,305,,,230,70,,
2014/07/22,03,298,,,227,67,,
2014/07/22,04,250,,,184,61,,
2014/07/22,05,235,,,173,58,,
2014/07/22,06,257,,,195,58,,
2014/07/22,07,308,,,236,67,,
2014/07/22,08,340,,,259,76,,
2014/07/22,09,387,,,299,84,,
2014/07/22,10,469,,,359,106,,
2014/07/22,11,509,,,391,113,,
2014/07/22,12,516,,,395,115,,
2014/07/22,13,535,,,428,101,,
2014/07/22,14,493,,,374,111,,
2014/07/22,15,454,,,341,105,,
2014/07/22,16,442,,,333,102,,
2014/07/22,17,438,,,332,100,,
2014/07/22,18,448,,,343,100,,
2014/07/22,19,420,,,318,96,,
2014/07/22,20,386,,,294,86,,
2014/07/22,21,351,,,265,80,,
2014/07/22,22,310,,,236,69,,
2014/07/22,23,313,,,242,67,,
2014/07/22,24,309,,,239,65,,
2014/07/23,01,331,,,257,69,,
2014/07/23,02,304,,,228,71,,
2014/07/23,03,297,,,225,67,,
2014/07/23,04,269,,,198,66,,
2014/07/23,05,250,,,185,60,,
2014/07/23,06,266,,,202,60,,
2014/07/23,07,319,,,252,63,,
2014/07/23,08,338,,,259,73,,
2014/07/23,09,401,,,314,82,,
2014/07/23,10,503,,,393,105,,
2014/07/23,11,531,,,414,111,,
2014/07/23,12,532,,,417,110,,
2014/07/23,13,506,,,401,97,,
2014/07/23,14,485,,,369,109,,
2014/07/23,15,468,,,355,107,,
2014/07/23,16,439,,,330,102,,
2014/07/23,17,441,,,332,102,,
2014/07/23,18,416,,,309,100,,
2014/07/23,19,409,,,309,94,,
2014/07/23,20,383,,,290,87,,
2014/07/23,21,357,,,272,79,,
2014/07/23,22,307,,,232,69,,
2014/07/23,23,295,,,226,64,,
2014/07/23,24,302,,,233,63,,
2014/07/24,01,312,,,237,71,,
2014/07/24,02,300,,,224,70,,
2014/07/24,03,263,,,189,69,,
2014/07/24,04,264,,,194,66,,
2014/07/24,05,241,,,176,60,,
2014/07/24,06,265,,,202,58,,
2014/07/24,07,285,,,216,63,,
2014/07/24,08,320,,,244,71,,
2014/07/24,09,388,,,305,79,,
2014/07/24,10,448,,,345,98,,
2014/07/24,11,485,,,378,102,,
2014/07/24,12,481,,,374,101,,
2014/07/24,13,513,,,411,96,,
2014/07/24,14,482,,,377,99,,
2014/07/24,15,467,,,365,96,,
2014/07/24,16,454,,,354,94,,
2014/07/24,17,435,,,336,92,,
2014/07/24,18,441,,,342,91,,
2014/07/24,19,458,,,363,89,,
2014/07/24,20,438,,,350,83,,
2014/07/24,21,420,,,337,78,,
2014/07/24,22,348,,,272,70,,
2014/07/24,23,338,,,268,66,,
2014/07/24,24,345,,,273,66,,
2014/07/25,01,328,,,251,72,,
2014/07/25,02,315,,,240,70,,
2014/07/25,03,295,,,221,70,,
2014/07/25,04,273,,,201,67,,
2014/07/25,05,255,,,189,62,,
2014/07/25,06,276,,,211,61,,
2014/07/25,07,353,,,282,67,,
2014/07/25,08,405,,,323,77,,
2014/07/25,09,456,,,370,81,,
2014/07/25,10,491,,,389,96,,
2014/07/25,11,532,,,421,106,,
2014/07/25,12,551,,,441,104,,
2014/07/25,13,561,,,463,93,,
2014/07/25,14,569,,,461,103,,
2014/07/25,15,539,,,433,100,,
2014/07/25,16,498,,,394,98,,
2014/07/25,17,473,,,371,96,,
2014/07/25,18,467,,,366,94,,
2014/07/25,19,453,,,355,91,,
2014/07/25,20,429,,,339,84,,
2014/07/25,21,385,,,303,76,,
2014/07/25,22,343,,,270,67,,
2014/07/25,23,326,,,257,64,,
2014/07/25,24,323,,,256,63,,
2014/07/26,01,325,,,253,67,,
2014/07/26,02,317,,,242,69,,
2014/07/26,03,317,,,244,69,,
2014/07/26,04,293,,,222,66,,
2014/07/26,05,260,,,195,61,,
2014/07/26,06,294,,,228,62,,
2014/07/26,07,350,,,278,67,,
2014/07/26,08,406,,,323,78,,
2014/07/26,09,420,,,334,80,,
2014/07/26,10,469,,,378,85,,
2014/07/26,11,506,,,415,85,,
2014/07/26,12,501,,,412,84,,
2014/07/26,13,502,,,413,82,,
2014/07/26,14,468,,,375,87,,
2014/07/26,15,468,,,377,86,,
2014/07/26,16,420,,,332,82,,
2014/07/26,17,406,,,317,83,,
2014/07/26,18,456,,,369,82,,
2014/07/26,19,434,,,347,82,,
2014/07/26,20,404,,,319,80,,
2014/07/26,21,398,,,318,74,,
2014/07/26,22,358,,,283,70,,
2014/07/26,23,327,,,253,69,,
2014/07/26,24,316,,,243,69,,
2014/07/27,01,361,,,285,72,,
2014/07/27,02,328,,,250,73,,
2014/07/27,03,333,,,255,73,,
2014/07/27,04,327,,,248,73,,
2014/07/27,05,287,,,211,71,,
2014/07/27,06,294,,,224,65,,
2014/07/27,07,316,,,244,68,,
2014/07/27,08,357,,,275,77,,
2014/07/27,09,375,,,290,79,,
2014/07/27,10,389,,,305,79,,
2014/07/27,11,428,,,342,80,,
2014/07/27,12,447,,,359,82,,
2014/07/27,13,460,,,370,84,,
2014/07/27,14,433,,,348,79,,
2014/07/27,15,421,,,334,81,,
2014/07/27,16,399,,,314,78,,
2014/07/27,17,380,,,297,76,,
2014/07/27,18,448,,,366,77,,
2014/07/27,19,433,,,350,77,,
2014/07/27,20,394,,,316,73,,
2014/07/27,21,368,,,294,69,,
2014/07/27,22,321,,,250,65,,
2014/07/27,23,306,,,237,64,,
2014/07/27,24,329,,,257,67,,
2014/07/28,01,321,,,248,69,,
2014/07/28,02,273,,,199,69,,
2014/07/28,03,278,,,205,68,,
2014/07/28,04,255,,,184,66,,
2014/07/28,05,242,,,178,59,,
2014/07/28,06,254,,,190,60,,
2014/07/28,07,287,,,220,62,,
2014/07/28,08,312,,,234,73,,
2014/07/28,09,390,,,299,86,,
2014/07/28,10,465,,,354,105,,
2014/07/28,11,491,,,375,110,,
2014/07/28,12,505,,,386,112,,
2014/07/28,13,496,,,392,98,,
2014/07/28,14,494,,,378,109,,
2014/07/28,15,478,,,364,107,,
2014/07/28,16,445,,,337,101,,
2014/07/28,17,424,,,320,97,,
2014/07/28,18,486,,,386,95,,
2014/07/28,19,429,,,329,94,,
2014/07/28,20,382,,,287,89,,
2014/07/28,21,361,,,276,78,,
2014/07/28,22,320,,,247,68,,
2014/07/28,23,296,,,226,65,,
2014/07/28,24,292,,,224,64,,
2014/07/29,01,306,,,232,68,,
2014/07/29,02,285,,,212,67,,
2014/07/29,03,263,,,191,67,,
2014/07/29,04,249,,,178,66,,
2014/07/29,05,221,,,158,59,,
2014/07/29,06,251,,,188,59,,
2014/07/29,07,280,,,215,61,,
2014/07/29,08,339,,,261,73,,
2014/07/29,09,374,,,288,81,,
2014/07/29,10,481,,,374,102,,
2014/07/29,11,512,,,397,110,,
2014/07/29,12,475,,,361,107,,
2014/07/29,13,490,,,386,97,,
2014/07/29,14,480,,,369,105,,
2014/07/29,15,486,,,378,101,,
2014/07/29,16,464,,,359,98,,
2014/07/29,17,448,,,345,96,,
2014/07/29,18,480,,,376,98,,
2014/07/29,19,437,,,336,94,,
2014/07/29,20,401,,,310,86,,
2014/07/29,21,354,,,274,75,,
2014/07/29,22,321,,,250,66,,
2014/07/29,23,313,,,244,64,,
2014/07/29,24,304,,,237,63,,
2014/07/30,01,297,,,225,67,,
2014/07/30,02,291,,,216,69,,
2014/07/30,03,286,,,213,68,,
2014/07/30,04,227,,,161,61,,
2014/07/30,05,227,,,164,59,,
2014/07/30,06,246,,,182,59,,
2014/07/30,07,273,,,205,63,,
2014/07/30,08,327,,,252,71,,
2014/07/30,09,371,,,286,80,,
2014/07/30,10,433,,,328,100,,
2014/07/30,11,483,,,370,107,,
2014/07/30,12,484,,,370,108,,
2014/07/30,13,517,,,415,95,,
2014/07/30,14,507,,,394,107,,
2014/07/30,15,471,,,358,106,,
2014/07/30,16,467,,,353,107,,
2014/07/30,17,438,,,330,101,,
2014/07/30,18,433,,,328,98,,
2014/07/30,19,457,,,354,98,,
2014/07/30,20,450,,,351,93,,
2014/07/30,21,389,,,302,81,,
2014/07/30,22,342,,,266,71,,
2014/07/30,23,315,,,243,66,,
2014/07/30,24,328,,,256,67,,
2014/07/31,01,335,,,259,72,,
2014/07/31,02,308,,,230,72,,
2014/07/31,03,296,,,223,68,,
2014/07/31,04,268,,,196,67,,
2014/07/31,05,233,,,164,64,,
2014/07/31,06,257,,,192,61,,
2014/07/31,07,278,,,214,59,,
2014/07/31,08,335,,,260,70,,
2014/07/31,09,385,,,299,81,,
2014/07/31,10,444,,,341,97,,
2014/07/31,11,479,,,373,99,,
2014/07/31,12,495,,,386,103,,
2014/07/31,13,518,,,418,94,,
2014/07/31,14,493,,,386,101,,
2014/07/31,15,459,,,354,99,,
2014/07/31,16,438,,,338,94,,
2014/07/31,17,435,,,335,93,,
2014/07/31,18,483,,,385,92,,
2014/07/31,19,429,,,333,90,,
2014/07/31,20,411,,,315,90,,
2014/07/31,21,367,,,282,79,,
2014/07/31,22,344,,,267,71,,
2014/07/31,23,320,,,247,68,,
2014/07/31,24,318,,,247,66,,
2014/08/01,01,343,,,267,71,,
2014/08/01,02,322,,,246,72,,
2014/08/01,03,301,,,225,70,,
2014/08/01,04,269,,,198,66,,
2014/08/01,05,246,,,181,60,,
2014/08/01,06,292,,,225,62,,
2014/08/01,07,351,,,279,68,,
2014/08/01,08,361,,,281,74,,
2014/08/01,09,414,,,329,80,,
2014/08/01,10,449,,,345,99,,
2014/08/01,11,481,,,372,103,,
2014/08/01,12,501,,,392,104,,
2014/08/01,13,492,,,393,93,,
2014/08/01,14,486,,,379,101,,
2014/08/01,15,459,,,354,98,,
2014/08/01,16,424,,,323,95,,
2014/08/01,17,410,,,312,92,,
2014/08/01,18,421,,,322,93,,
2014/08/01,19,456,,,359,92,,
2014/08/01,20,421,,,332,84,,
2014/08/01,21,374,,,293,76,,
2014/08/01,22,351,,,281,66,,
2014/08/01,23,295,,,228,63,,
2014/08/01,24,305,,,237,64,,
2014/08/02,01,311,,,240,67,,
2014/08/02,02,318,,,243,70,,
2014/08/02,03,336,,,261,71,,
2014/08/02,04,307,,,233,68,,
2014/08/02,05,250,,,184,61,,
2014/08/02,06,275,,,209,61,,
2014/08/02,07,329,,,259,66,,
2014/08/02,08,352,,,274,73,,
2014/08/02,09,385,,,300,79,,
2014/08/02,10,418,,,325,88,,
2014/08/02,11,462,,,366,90,,
2014/08/02,12,452,,,354,92,,
2014/08/02,13,493,,,396,90,,
2014/08/02,14,486,,,386,95,,
2014/08/02,15,471,,,374,90,,
2014/08/02,16,424,,,333,84,,
2014/08/02,17,404,,,316,83,,
2014/08/02,18,462,,,375,81,,
2014/08/02,19,425,,,340,80,,
2014/08/02,20,390,,,308,77,,
2014/08/02,21,370,,,294,71,,
2014/08/02,22,373,,,300,67,,
2014/08/02,23,325,,,255,66,,
2014/08/02,24,319,,,249,66,,
2014/08/03,01,311,,,235,71,,
2014/08/03,02,306,,,232,69,,
2014/08/03,03,298,,,223,70,,
2014/08/03,04,271,,,198,67,,
2014/08/03,05,235,,,170,61,,
2014/08/03,06,261,,,195,61,,
2014/08/03,07,292,,,222,65,,
2014/08/03,08,348,,,270,73,,
2014/08/03,09,382,,,299,78,,
2014/08/03,10,422,,,334,82,,
2014/08/03,11,435,,,346,83,,
2014/08/03,12,428,,,337,85,,
2014/08/03,13,461,,,374,80,,
2014/08/03,14,435,,,349,79,,
2014/08/03,15,413,,,328,79,,
2014/08/03,16,393,,,309,77,,
2014/08/03,17,424,,,342,76,,
2014/08/03,18,407,,,323,79,,
2014/08/03,19,406,,,323,78,,
2014/08/03,20,378,,,300,72,,
2014/08/03,21,346,,,271,70,,
2014/08/03,22,328,,,256,67,,
2014/08/03,23,307,,,238,64,,
2014/08/03,24,310,,,241,65,,
2014/08/04,01,330,,,255,70,,
2014/08/04,02,292,,,218,69,,
2014/08/04,03,296,,,220,72,,
2014/08/04,04,279,,,203,70,,
2014/08/04,05,266,,,199,63,,
2014/08/04,06,284,,,217,63,,
2014/08/04,07,313,,,246,63,,
2014/08/04,08,347,,,269,74,,
2014/08/04,09,374,,,282,86,,
2014/08/04,10,471,,,359,105,,
2014/08/04,11,491,,,376,108,,
2014/08/04,12,468,,,351,111,,
2014/08/04,13,467,,,364,97,,
2014/08/04,14,464,,,350,108,,
2014/08/04,15,470,,,357,106,,
2014/08/04,16,446,,,339,100,,
2014/08/04,17,423,,,324,93,,
2014/08/04,18,421,,,319,95,,
2014/08/04,19,456,,,355,96,,
2014/08/04,20,408,,,311,91,,
2014/08/04,21,376,,,290,81,,
2014/08/04,22,325,,,250,70,,
2014/08/04,23,318,,,249,64,,
2014/08/04,24,318,,,248,66,,
2014/08/05,01,324,,,249,70,,
2014/08/05,02,316,,,241,71,,
2014/08/05,03,296,,,224,68,,
2014/08/05,04,243,,,178,60,,
2014/08/05,05,242,,,179,58,,
2014/08/05,06,269,,,205,60,,
2014/08/05,07,303,,,234,65,,
2014/08/05,08,364,,,283,76,,
2014/08/05,09,382,,,294,83,,
2014/08/05,10,426,,,320,101,,
2014/08/05,11,459,,,347,106,,
2014/08/05,12,506,,,391,110,,
2014/08/05,13,532,,,430,96,,
2014/08/05,14,513,,,397,109,,
2014/08/05,15,504,,,389,108,,
2014/08/05,16,486,,,374,104,,
2014/08/05,17,486,,,378,101,,
2014/08/05,18,491,,,384,99,,
2014/08/05,19,447,,,346,95,,
2014/08/05,20,408,,,304,97,,
2014/08/05,21,379,,,282,91,,
2014/08/05,22,346,,,267,73,,
2014/08/05,23,327,,,256,66,,
2014/08/05,24,329,,,256,68,,
2014/08/06,01,327,,,251,71,,
2014/08/06,02,316,,,241,71,,
2014/08/06,03,275,,,205,66,,
2014/08/06,04,248,,,185,59,,
2014/08/06,05,246,,,183,59,,
2014/08/06,06,266,,,203,59,,
2014/08/06,07,316,,,248,63,,
2014/08/06,08,348,,,272,71,,
2014/08/06,09,408,,,320,83,,
2014/08/06,10,472,,,362,103,,
2014/08/06,11,516,,,400,110,,
2014/08/06,12,516,,,400,109,,
2014/08/06,13,531,,,430,94,,
2014/08/06,14,530,,,417,107,,
2014/08/06,15,493,,,382,104,,
2014/08/06,16,466,,,357,103,,
2014/08/06,17,452,,,344,102,,
2014/08/06,18,436,,,333,97,,
2014/08/06,19,403,,,300,96,,
2014/08/06,20,404,,,309,89,,
2014/08/06,21,374,,,288,80,,
2014/08/06,22,348,,,271,71,,
2014/08/06,23,315,,,244,65,,
2014/08/06,24,325,,,255,65,,
2014/08/07,01,315,,,239,71,,
2014/08/07,02,292,,,215,72,,
2014/08/07,03,314,,,237,72,,
2014/08/07,04,272,,,197,70,,
2014/08/07,05,248,,,175,68,,
2014/08/07,06,248,,,182,61,,
2014/08/07,07,276,,,210,61,,
2014/08/07,08,320,,,244,72,,
2014/08/07,09,379,,,293,81,,
2014/08/07,10,440,,,335,100,,
2014/08/07,11,490,,,380,105,,
2014/08/07,12,512,,,397,109,,
2014/08/07,13,519,,,412,101,,
2014/08/07,14,500,,,383,111,,
2014/08/07,15,455,,,343,105,,
2014/08/07,16,439,,,330,104,,
2014/08/07,17,440,,,331,103,,
2014/08/07,18,464,,,362,98,,
2014/08/07,19,444,,,348,91,,
2014/08/07,20,411,,,320,86,,
2014/08/07,21,381,,,301,74,,
2014/08/07,22,335,,,260,69,,
2014/08/07,23,335,,,264,66,,
2014/08/07,24,338,,,266,67,,
2014/08/08,01,317,,,240,72,,
2014/08/08,02,304,,,226,73,,
2014/08/08,03,322,,,247,71,,
2014/08/08,04,264,,,192,68,,
2014/08/08,05,236,,,171,60,,
2014/08/08,06,264,,,198,61,,
2014/08/08,07,314,,,241,68,,
2014/08/08,08,361,,,280,76,,
2014/08/08,09,404,,,318,81,,
2014/08/08,10,449,,,344,99,,
2014/08/08,11,496,,,383,107,,
2014/08/08,12,500,,,390,104,,
2014/08/08,13,482,,,383,93,,
2014/08/08,14,488,,,379,104,,
2014/08/08,15,478,,,373,99,,
2014/08/08,16,454,,,352,95,,
2014/08/08,17,446,,,343,96,,
2014/08/08,18,482,,,381,95,,
2014/08/08,19,462,,,362,95,,
2014/08/08,20,409,,,313,91,,
2014/08/08,21,403,,,315,83,,
2014/08/08,22,373,,,294,73,,
2014/08/08,23,336,,,263,68,,
2014/08/08,24,298,,,227,66,,
2014/08/09,01,315,,,238,72,,
2014/08/09,02,318,,,244,70,,
2014/08/09,03,305,,,227,73,,
2014/08/09,04,273,,,197,71,,
2014/08/09,05,258,,,187,67,,
2014/08/09,06,273,,,204,65,,
2014/08/09,07,345,,,273,67,,
2014/08/09,08,380,,,299,75,,
2014/08/09,09,409,,,322,81,,
2014/08/09,10,418,,,329,84,,
2014/08/09,11,463,,,371,86,,
2014/08/09,12,475,,,381,88,,
2014/08/09,13,480,,,390,84,,
2014/08/09,14,471,,,377,88,,
2014/08/09,15,447,,,353,87,,
2014/08/09,16,440,,,349,84,,
2014/08/09,17,417,,,332,79,,
2014/08/09,18,412,,,327,79,,
2014/08/09,19,400,,,313,81,,
2014/08/09,20,394,,,310,78,,
2014/08/09,21,373,,,298,69,,
2014/08/09,22,352,,,281,65,,
2014/08/09,23,317,,,249,63,,
2014/08/09,24,294,,,226,63,,
2014/08/10,01,311,,,237,69,,
2014/08/10,02,312,,,239,69,,
2014/08/10,03,319,,,244,69,,
2014/08/10,04,269,,,196,68,,
2014/08/10,05,236,,,171,60,,
2014/08/10,06,255,,,192,59,,
2014/08/10,07,296,,,229,63,,
2014/08/10,08,332,,,252,74,,
2014/08/10,09,370,,,286,79,,
2014/08/10,10,422,,,335,82,,
2014/08/10,11,430,,,342,83,,
2014/08/10,12,431,,,341,85,,
2014/08/10,13,441,,,352,84,,
2014/08/10,14,406,,,318,82,,
2014/08/10,15,415,,,326,83,,
2014/08/10,16,385,,,300,79,,
2014/08/10,17,366,,,284,77,,
2014/08/10,18,405,,,322,78,,
2014/08/10,19,422,,,335,82,,
2014/08/10,20,394,,,306,82,,
2014/08/10,21,356,,,277,73,,
2014/08/10,22,315,,,241,69,,
2014/08/10,23,306,,,236,65,,
2014/08/10,24,321,,,251,65,,
2014/08/11,01,319,,,241,73,,
2014/08/11,02,316,,,240,71,,
2014/08/11,03,292,,,218,69,,
2014/08/11,04,280,,,208,67,,
2014/08/11,05,266,,,199,62,,
2014/08/11,06,298,,,230,63,,
2014/08/11,07,294,,,227,63,,
2014/08/11,08,342,,,263,75,,
2014/08/11,09,410,,,320,86,,
2014/08/11,10,474,,,366,104,,
2014/08/11,11,492,,,380,108,,
2014/08/11,12,498,,,381,112,,
2014/08/11,13,513,,,410,99,,
2014/08/11,14,484,,,369,111,,
2014/08/11,15,461,,,351,105,,
2014/08/11,16,442,,,337,99,,
2014/08/11,17,443,,,342,95,,
2014/08/11,18,426,,,323,97,,
2014/08/11,19,414,,,310,98,,
2014/08/11,20,403,,,302,95,,
2014/08/11,21,362,,,271,85,,
2014/08/11,22,320,,,245,70,,
2014/08/11,23,319,,,248,65,,
2014/08/11,24,302,,,232,65,,
2014/08/12,01,318,,,242,70,,
2014/08/12,02,301,,,227,70,,
2014/08/12,03,263,,,188,70,,
2014/08/12,04,249,,,179,65,,
2014/08/12,05,231,,,168,59,,
2014/08/12,06,265,,,199,61,,
2014/08/12,07,302,,,230,68,,
2014/08/12,08,353,,,274,75,,
2014/08/12,09,371,,,283,83,,
2014/08/12,10,408,,,301,101,,
2014/08/12,11,459,,,348,106,,
2014/08/12,12,455,,,341,109,,
2014/08/12,13,441,,,339,97,,
2014/08/12,14,427,,,316,105,,
2014/08/12,15,423,,,311,107,,
2014/08/12,16,406,,,296,104,,
2014/08/12,17,403,,,295,102,,
2014/08/12,18,435,,,328,101,,
2014/08/12,19,421,,,316,99,,
2014/08/12,20,405,,,311,87,,
2014/08/12,21,360,,,276,78,,
2014/08/12,22,339,,,264,69,,
2014/08/12,23,316,,,246,65,,
2014/08/12,24,316,,,245,66,,
2014/08/13,01,338,,,262,71,,
2014/08/13,02,309,,,234,70,,
2014/08/13,03,293,,,218,71,,
2014/08/13,04,244,,,174,65,,
2014/08/13,05,248,,,183,61,,
2014/08/13,06,274,,,207,63,,
2014/08/13,07,314,,,242,68,,
2014/08/13,08,342,,,261,76,,
2014/08/13,09,386,,,295,86,,
2014/08/13,10,457,,,349,103,,
2014/08/13,11,506,,,395,106,,
2014/08/13,12,496,,,383,107,,
2014/08/13,13,478,,,375,97,,
2014/08/13,14,478,,,369,104,,
2014/08/13,15,446,,,335,105,,
2014/08/13,16,436,,,326,104,,
2014/08/13,17,428,,,321,101,,
2014/08/13,18,449,,,346,98,,
2014/08/13,19,441,,,339,95,,
2014/08/13,20,412,,,315,92,,
2014/08/13,21,396,,,309,81,,
2014/08/13,22,330,,,254,71,,
2014/08/13,23,326,,,254,66,,
2014/08/13,24,316,,,246,65,,
2014/08/14,01,341,,,266,71,,
2014/08/14,02,327,,,253,69,,
2014/08/14,03,295,,,219,71,,
2014/08/14,04,274,,,205,65,,
2014/08/14,05,250,,,187,59,,
2014/08/14,06,259,,,194,60,,
2014/08/14,07,312,,,241,66,,
2014/08/14,08,338,,,258,75,,
2014/08/14,09,377,,,288,84,,
2014/08/14,10,420,,,320,95,,
2014/08/14,11,444,,,338,100,,
2014/08/14,12,457,,,348,103,,
2014/08/14,13,447,,,348,94,,
2014/08/14,14,429,,,323,99,,
2014/08/14,15,407,,,304,97,,
2014/08/14,16,385,,,286,93,,
2014/08/14,17,373,,,276,91,,
2014/08/14,18,427,,,330,92,,
2014/08/14,19,429,,,332,91,,
2014/08/14,20,402,,,307,89,,
2014/08/14,21,386,,,296,84,,
2014/08/14,22,337,,,262,70,,
2014/08/14,23,325,,,255,65,,
2014/08/14,24,323,,,252,66,,
2014/08/15,01,339,,,262,73,,
2014/08/15,02,326,,,250,72,,
2014/08/15,03,304,,,229,70,,
2014/08/15,04,265,,,197,63,,
2014/08/15,05,249,,,184,61,,
2014/08/15,06,278,,,212,61,,
2014/08/15,07,315,,,247,64,,
2014/08/15,08,361,,,279,76,,
2014/08/15,09,394,,,306,82,,
2014/08/15,10,437,,,338,94,,
2014/08/15,11,466,,,363,98,,
2014/08/15,12,458,,,352,101,,
2014/08/15,13,440,,,344,91,,
2014/08/15,14,451,,,353,93,,
2014/08/15,15,437,,,339,93,,
2014/08/15,16,409,,,314,89,,
2014/08/15,17,397,,,305,87,,
2014/08/15,18,441,,,349,87,,
2014/08/15,19,403,,,312,86,,
2014/08/15,20,402,,,319,77,,
2014/08/15,21,382,,,304,72,,
2014/08/15,22,318,,,247,65,,
2014/08/15,23,332,,,264,63,,
2014/08/15,24,316,,,248,64,,
2014/08/16,01,306,,,232,69,,
2014/08/16,02,342,,,267,71,,
2014/08/16,03,290,,,218,67,,
2014/08/16,04,241,,,177,60,,
2014/08/16,05,249,,,187,58,,
2014/08/16,06,278,,,213,61,,
2014/08/16,07,327,,,257,64,,
2014/08/16,08,366,,,287,74,,
2014/08/16,09,383,,,297,80,,
2014/08/16,10,417,,,328,84,,
2014/08/16,11,450,,,360,85,,
2014/08/16,12,445,,,355,85,,
2014/08/16,13,460,,,368,86,,
2014/08/16,14,437,,,347,85,,
2014/08/16,15,410,,,322,82,,
2014/08/16,16,399,,,311,82,,
2014/08/16,17,387,,,303,78,,
2014/08/16,18,431,,,347,79,,
2014/08/16,19,419,,,332,82,,
2014/08/16,20,395,,,315,75,,
2014/08/16,21,359,,,285,69,,
2014/08/16,22,329,,,256,67,,
2014/08/16,23,326,,,255,66,,
2014/08/16,24,325,,,253,67,,
2014/08/17,01,335,,,257,73,,
2014/08/17,02,324,,,250,70,,
2014/08/17,03,329,,,252,72,,
2014/08/17,04,322,,,247,70,,
2014/08/17,05,261,,,190,66,,
2014/08/17,06,284,,,216,63,,
2014/08/17,07,322,,,254,64,,
2014/08/17,08,362,,,280,77,,
2014/08/17,09,391,,,306,80,,
2014/08/17,10,399,,,314,80,,
2014/08/17,11,447,,,363,80,,
2014/08/17,12,442,,,354,83,,
2014/08/17,13,442,,,354,82,,
2014/08/17,14,471,,,384,82,,
2014/08/17,15,429,,,346,78,,
2014/08/17,16,400,,,319,76,,
2014/08/17,17,395,,,315,74,,
2014/08/17,18,388,,,304,78,,
2014/08/17,19,403,,,317,80,,
2014/08/17,20,367,,,289,73,,
2014/08/17,21,340,,,265,69,,
2014/08/17,22,317,,,247,65,,
2014/08/17,23,301,,,234,62,,
2014/08/17,24,319,,,251,63,,
2014/08/18,01,322,,,251,66,,
2014/08/18,02,303,,,232,67,,
2014/08/18,03,280,,,210,65,,
2014/08/18,04,240,,,177,58,,
2014/08/18,05,244,,,182,57,,
2014/08/18,06,280,,,217,59,,
2014/08/18,07,309,,,243,61,,
2014/08/18,08,331,,,254,73,,
2014/08/18,09,397,,,308,83,,
2014/08/18,10,432,,,328,99,,
2014/08/18,11,488,,,378,105,,
2014/08/18,12,497,,,384,107,,
2014/08/18,13,499,,,397,96,,
2014/08/18,14,477,,,365,106,,
2014/08/18,15,413,,,308,99,,
2014/08/18,16,425,,,319,100,,
2014/08/18,17,405,,,303,95,,
2014/08/18,18,441,,,344,91,,
2014/08/18,19,411,,,316,90,,
2014/08/18,20,393,,,304,84,,
2014/08/18,21,350,,,266,78,,
2014/08/18,22,339,,,266,68,,
2014/08/18,23,300,,,230,64,,
2014/08/18,24,313,,,245,63,,
2014/08/19,01,326,,,251,70,,
2014/08/19,02,297,,,223,69,,
2014/08/19,03,272,,,202,65,,
2014/08/19,04,229,,,167,57,,
2014/08/19,05,230,,,169,56,,
2014/08/19,06,239,,,177,57,,
2014/08/19,07,274,,,210,60,,
2014/08/19,08,323,,,248,70,,
2014/08/19,09,374,,,289,80,,
2014/08/19,10,431,,,326,100,,
2014/08/19,11,454,,,344,105,,
2014/08/19,12,480,,,369,105,,
2014/08/19,13,491,,,394,91,,
2014/08/19,14,458,,,350,103,,
2014/08/19,15,409,,,308,96,,
2014/08/19,16,405,,,300,98,,
2014/08/19,17,398,,,297,95,,
2014/08/19,18,461,,,363,93,,
2014/08/19,19,422,,,324,92,,
2014/08/19,20,399,,,309,84,,
2014/08/19,21,366,,,283,77,,
2014/08/19,22,333,,,259,69,,
2014/08/19,23,324,,,251,68,,
2014/08/19,24,336,,,262,68,,
2014/08/20,01,324,,,247,72,,
2014/08/20,02,311,,,236,70,,
2014/08/20,03,282,,,209,69,,
2014/08/20,04,260,,,197,59,,
2014/08/20,05,245,,,183,58,,
2014/08/20,06,277,,,213,59,,
2014/08/20,07,296,,,230,61,,
2014/08/20,08,332,,,257,70,,
2014/08/20,09,386,,,298,82,,
2014/08/20,10,439,,,329,105,,
2014/08/20,11,504,,,392,107,,
2014/08/20,12,533,,,417,109,,
2014/08/20,13,531,,,427,97,,
2014/08/20,14,529,,,419,103,,
2014/08/20,15,483,,,379,96,,
2014/08/20,16,471,,,370,94,,
2014/08/20,17,451,,,349,95,,
2014/08/20,18,500,,,399,95,,
2014/08/20,19,448,,,345,97,,
2014/08/20,20,422,,,330,86,,
2014/08/20,21,387,,,304,78,,
2014/08/20,22,349,,,275,68,,
2014/08/20,23,328,,,259,65,,
2014/08/20,24,340,,,269,66,,
2014/08/21,01,351,,,276,70,,
2014/08/21,02,325,,,251,70,,
2014/08/21,03,302,,,229,67,,
2014/08/21,04,260,,,195,60,,
2014/08/21,05,262,,,200,58,,
2014/08/21,06,281,,,219,58,,
2014/08/21,07,302,,,239,59,,
2014/08/21,08,320,,,247,68,,
2014/08/21,09,357,,,273,79,,
2014/08/21,10,422,,,323,93,,
2014/08/21,11,484,,,382,97,,
2014/08/21,12,469,,,366,98,,
2014/08/21,13,470,,,371,92,,
2014/08/21,14,466,,,362,99,,
2014/08/21,15,442,,,339,97,,
2014/08/21,16,464,,,362,95,,
2014/08/21,17,439,,,342,91,,
2014/08/21,18,442,,,347,90,,
2014/08/21,19,444,,,351,87,,
2014/08/21,20,423,,,337,80,,
2014/08/21,21,384,,,303,76,,
2014/08/21,22,323,,,251,67,,
2014/08/21,23,337,,,268,64,,
2014/08/21,24,331,,,261,64,,
2014/08/22,01,341,,,267,69,,
2014/08/22,02,328,,,255,69,,
2014/08/22,03,312,,,240,67,,
2014/08/22,04,258,,,196,57,,
2014/08/22,05,252,,,190,57,,
2014/08/22,06,289,,,225,60,,
2014/08/22,07,327,,,259,64,,
2014/08/22,08,376,,,298,73,,
2014/08/22,09,438,,,354,79,,
2014/08/22,10,493,,,387,101,,
2014/08/22,11,512,,,405,102,,
2014/08/22,12,534,,,423,105,,
2014/08/22,13,522,,,423,94,,
2014/08/22,14,517,,,404,107,,
2014/08/22,15,490,,,379,105,,
2014/08/22,16,467,,,360,101,,
2014/08/22,17,451,,,350,96,,
2014/08/22,18,440,,,340,94,,
2014/08/22,19,407,,,309,93,,
2014/08/22,20,399,,,309,83,,
2014/08/22,21,378,,,297,74,,
2014/08/22,22,349,,,277,67,,
2014/08/22,23,318,,,250,64,,
2014/08/22,24,335,,,266,64,,
2014/08/23,01,340,,,262,73,,
2014/08/23,02,319,,,245,70,,
2014/08/23,03,316,,,241,70,,
2014/08/23,04,267,,,195,67,,
2014/08/23,05,258,,,193,61,,
2014/08/23,06,295,,,227,63,,
2014/08/23,07,360,,,286,68,,
2014/08/23,08,373,,,290,78,,
2014/08/23,09,431,,,347,78,,
2014/08/23,10,438,,,350,83,,
2014/08/23,11,455,,,364,85,,
2014/08/23,12,448,,,354,89,,
2014/08/23,13,451,,,358,88,,
2014/08/23,14,467,,,372,90,,
2014/08/23,15,416,,,324,85,,
2014/08/23,16,412,,,320,85,,
2014/08/23,17,381,,,289,86,,
2014/08/23,18,393,,,305,81,,
2014/08/23,19,386,,,302,78,,
2014/08/23,20,361,,,282,73,,
2014/08/23,21,353,,,279,69,,
2014/08/23,22,315,,,244,65,,
2014/08/23,23,318,,,250,64,,
2014/08/23,24,288,,,220,63,,
2014/08/24,01,288,,,213,70,,
2014/08/24,02,291,,,219,68,,
2014/08/24,03,300,,,226,69,,
2014/08/24,04,302,,,229,68,,
2014/08/24,05,253,,,186,62,,
2014/08/24,06,257,,,194,58,,
2014/08/24,07,275,,,211,59,,
2014/08/24,08,324,,,249,70,,
2014/08/24,09,349,,,267,76,,
2014/08/24,10,346,,,263,78,,
2014/08/24,11,387,,,305,77,,
2014/08/24,12,393,,,307,81,,
2014/08/24,13,425,,,339,81,,
2014/08/24,14,407,,,325,77,,
2014/08/24,15,377,,,298,72,,
2014/08/24,16,368,,,291,71,,
2014/08/24,17,357,,,283,69,,
2014/08/24,18,386,,,303,78,,
2014/08/24,19,389,,,302,81,,
2014/08/24,20,346,,,270,70,,
2014/08/24,21,336,,,262,68,,
2014/08/24,22,319,,,247,66,,
2014/08/24,23,297,,,230,62,,
2014/08/24,24,296,,,230,61,,
2014/08/25,01,333,,,258,70,,
2014/08/25,02,285,,,213,67,,
2014/08/25,03,283,,,211,68,,
2014/08/25,04,255,,,185,65,,
2014/08/25,05,232,,,167,61,,
2014/08/25,06,270,,,206,60,,
2014/08/25,07,287,,,222,60,,
2014/08/25,08,320,,,242,73,,
2014/08/25,09,388,,,300,83,,
2014/08/25,10,409,,,303,100,,
2014/08/25,11,461,,,350,105,,
2014/08/25,12,467,,,352,108,,
2014/08/25,13,484,,,382,96,,
2014/08/25,14,478,,,363,108,,
2014/08/25,15,447,,,338,103,,
2014/08/25,16,419,,,314,99,,
2014/08/25,17,435,,,333,96,,
2014/08/25,18,397,,,299,92,,
2014/08/25,19,425,,,329,91,,
2014/08/25,20,382,,,290,87,,
2014/08/25,21,357,,,271,80,,
2014/08/25,22,332,,,258,69,,
2014/08/25,23,318,,,248,65,,
2014/08/25,24,315,,,246,64,,
2014/08/26,01,315,,,239,71,,
2014/08/26,02,304,,,231,68,,
2014/08/26,03,284,,,211,68,,
2014/08/26,04,280,,,209,66,,
2014/08/26,05,239,,,175,59,,
2014/08/26,06,241,,,177,59,,
2014/08/26,07,303,,,234,64,,
2014/08/26,08,336,,,257,73,,
2014/08/26,09,364,,,279,80,,
2014/08/26,10,417,,,309,102,,
2014/08/26,11,462,,,347,109,,
2014/08/26,12,464,,,350,109,,
2014/08/26,13,482,,,374,101,,
2014/08/26,14,494,,,376,113,,
2014/08/26,15,466,,,352,107,,
2014/08/26,16,420,,,309,104,,
2014/08/26,17,416,,,309,101,,
2014/08/26,18,443,,,336,102,,
2014/08/26,19,418,,,312,101,,
2014/08/26,20,418,,,323,90,,
2014/08/26,21,386,,,299,82,,
2014/08/26,22,322,,,247,69,,
2014/08/26,23,327,,,257,65,,
2014/08/26,24,321,,,250,66,,
2014/08/27,01,317,,,241,70,,
2014/08/27,02,295,,,224,67,,
2014/08/27,03,286,,,215,67,,
2014/08/27,04,226,,,164,58,,
2014/08/27,05,243,,,182,57,,
2014/08/27,06,239,,,176,59,,
2014/08/27,07,272,,,207,61,,
2014/08/27,08,332,,,255,72,,
2014/08/27,09,361,,,273,82,,
2014/08/27,10,393,,,290,98,,
2014/08/27,11,402,,,292,105,,
2014/08/27,12,428,,,316,106,,
2014/08/27,13,440,,,341,93,,
2014/08/27,14,447,,,336,106,,
2014/08/27,15,402,,,294,102,,
2014/08/27,16,394,,,287,101,,
2014/08/27,17,425,,,323,97,,
2014/08/27,18,392,,,289,97,,
2014/08/27,19,396,,,291,98,,
2014/08/27,20,376,,,283,87,,
2014/08/27,21,335,,,247,81,,
2014/08/27,22,324,,,249,69,,
2014/08/27,23,319,,,248,65,,
2014/08/27,24,317,,,246,65,,
2014/08/28,01,292,,,220,67,,
2014/08/28,02,294,,,220,69,,
2014/08/28,03,250,,,177,68,,
2014/08/28,04,232,,,166,62,,
2014/08/28,05,225,,,161,58,,
2014/08/28,06,221,,,158,58,,
2014/08/28,07,248,,,185,58,,
2014/08/28,08,294,,,220,68,,
2014/08/28,09,339,,,255,79,,
2014/08/28,10,366,,,266,95,,
2014/08/28,11,393,,,286,102,,
2014/08/28,12,389,,,279,104,,
2014/08/28,13,412,,,312,94,,
2014/08/28,14,380,,,277,98,,
2014/08/28,15,370,,,269,96,,
2014/08/28,16,357,,,259,92,,
2014/08/28,17,364,,,268,90,,
2014/08/28,18,377,,,284,88,,
2014/08/28,19,393,,,297,90,,
2014/08/28,20,363,,,267,89,,
2014/08/28,21,338,,,253,79,,
2014/08/28,22,325,,,250,69,,
2014/08/28,23,306,,,234,67,,
2014/08/28,24,311,,,239,67,,
2014/08/29,01,293,,,217,71,,
2014/08/29,02,254,,,180,69,,
2014/08/29,03,244,,,171,68,,
2014/08/29,04,227,,,158,64,,
2014/08/29,05,220,,,155,61,,
2014/08/29,06,255,,,188,63,,
2014/08/29,07,282,,,213,64,,
2014/08/29,08,331,,,253,72,,
2014/08/29,09,391,,,306,80,,
2014/08/29,10,412,,,309,98,,
2014/08/29,11,437,,,330,102,,
2014/08/29,12,445,,,336,104,,
2014/08/29,13,433,,,339,89,,
2014/08/29,14,435,,,328,102,,
2014/08/29,15,389,,,284,98,,
2014/08/29,16,393,,,295,93,,
2014/08/29,17,378,,,280,92,,
2014/08/29,18,371,,,273,92,,
2014/08/29,19,366,,,266,94,,
2014/08/29,20,355,,,264,85,,
2014/08/29,21,329,,,247,77,,
2014/08/29,22,312,,,239,68,,
2014/08/29,23,269,,,198,65,,
2014/08/29,24,269,,,199,64,,
2014/08/30,01,294,,,218,71,,
2014/08/30,02,281,,,206,69,,
2014/08/30,03,257,,,182,70,,
2014/08/30,04,251,,,176,69,,
2014/08/30,05,228,,,158,65,,
2014/08/30,06,249,,,184,60,,
2014/08/30,07,301,,,231,65,,
2014/08/30,08,348,,,267,75,,
2014/08/30,09,355,,,272,78,,
2014/08/30,10,396,,,305,86,,
2014/08/30,11,427,,,335,87,,
2014/08/30,12,434,,,340,88,,
2014/08/30,13,434,,,340,88,,
2014/08/30,14,432,,,339,87,,
2014/08/30,15,423,,,333,84,,
2014/08/30,16,399,,,312,81,,
2014/08/30,17,373,,,288,78,,
2014/08/30,18,379,,,293,80,,
2014/08/30,19,374,,,289,79,,
2014/08/30,20,342,,,265,71,,
2014/08/30,21,335,,,260,69,,
2014/08/30,22,306,,,234,66,,
2014/08/30,23,290,,,220,65,,
2014/08/30,24,270,,,199,66,,
2014/08/31,01,274,,,197,71,,
2014/08/31,02,275,,,200,69,,
2014/08/31,03,274,,,198,70,,
2014/08/31,04,238,,,164,70,,
2014/08/31,05,214,,,149,61,,
2014/08/31,06,214,,,149,60,,
2014/08/31,07,256,,,186,65,,
2014/08/31,08,313,,,233,74,,
2014/08/31,09,364,,,281,78,,
2014/08/31,10,378,,,293,80,,
2014/08/31,11,391,,,307,78,,
2014/08/31,12,395,,,310,79,,
2014/08/31,13,423,,,334,83,,
2014/08/31,14,407,,,323,79,,
2014/08/31,15,376,,,294,76,,
2014/08/31,16,373,,,292,74,,
2014/08/31,17,358,,,279,73,,
2014/08/31,18,399,,,321,73,,
2014/08/31,19,381,,,296,79,,
2014/08/31,20,322,,,245,72,,
2014/08/31,21,319,,,244,69,,
2014/08/31,22,291,,,221,66,,
2014/08/31,23,291,,,223,64,,
2014/08/31,24,302,,,234,63,,
2014/09/01,01,302,,,227,70,,
2014/09/01,02,270,,,198,67,,
2014/09/01,03,259,,,188,67,,
2014/09/01,04,233,,,164,64,,
2014/09/01,05,223,,,158,60,,
2014/09/01,06,244,,,179,61,,
2014/09/01,07,274,,,206,64,,
2014/09/01,08,314,,,232,77,,
2014/09/01,09,343,,,250,87,,
2014/09/01,10,406,,,294,107,,
2014/09/01,11,439,,,323,110,,
2014/09/01,12,409,,,290,114,,
2014/09/01,13,419,,,315,99,,
2014/09/01,14,410,,,296,108,,
2014/09/01,15,385,,,278,101,,
2014/09/01,16,373,,,266,101,,
2014/09/01,17,371,,,268,97,,
2014/09/01,18,400,,,297,97,,
2014/09/01,19,405,,,300,99,,
2014/09/01,20,361,,,268,87,,
2014/09/01,21,320,,,231,82,,
2014/09/01,22,296,,,221,70,,
2014/09/01,23,267,,,195,66,,
2014/09/01,24,294,,,223,66,,
2014/09/02,01,290,,,214,71,,
2014/09/02,02,270,,,197,67,,
2014/09/02,03,283,,,210,67,,
2014/09/02,04,219,,,153,61,,
2014/09/02,05,212,,,149,58,,
2014/09/02,06,211,,,147,59,,
2014/09/02,07,262,,,194,63,,
2014/09/02,08,307,,,231,70,,
2014/09/02,09,375,,,290,81,,
2014/09/02,10,442,,,333,103,,
2014/09/02,11,445,,,331,108,,
2014/09/02,12,455,,,341,108,,
2014/09/02,13,477,,,374,96,,
2014/09/02,14,477,,,363,107,,
2014/09/02,15,457,,,347,103,,
2014/09/02,16,434,,,326,101,,
2014/09/02,17,419,,,314,98,,
2014/09/02,18,460,,,355,100,,
2014/09/02,19,412,,,304,101,,
2014/09/02,20,387,,,292,89,,
2014/09/02,21,352,,,265,81,,
2014/09/02,22,305,,,230,69,,
2014/09/02,23,306,,,235,66,,
2014/09/02,24,291,,,218,67,,
2014/09/03,01,305,,,229,71,,
2014/09/03,02,273,,,197,70,,
2014/09/03,03,282,,,210,67,,
2014/09/03,04,233,,,170,58,,
2014/09/03,05,223,,,161,58,,
2014/09/03,06,229,,,164,60,,
2014/09/03,07,294,,,221,68,,
2014/09/03,08,320,,,244,71,,
2014/09/03,09,393,,,308,81,,
2014/09/03,10,441,,,334,103,,
2014/09/03,11,479,,,368,106,,
2014/09/03,12,489,,,374,109,,
2014/09/03,13,496,,,393,97,,
2014/09/03,14,465,,,353,105,,
2014/09/03,15,441,,,332,102,,
2014/09/03,16,424,,,317,100,,
2014/09/03,17,419,,,315,98,,
2014/09/03,18,456,,,353,99,,
2014/09/03,19,438,,,331,101,,
2014/09/03,20,412,,,319,87,,
2014/09/03,21,365,,,277,82,,
2014/09/03,22,319,,,243,70,,
2014/09/03,23,318,,,245,67,,
2014/09/03,24,315,,,243,67,,
2014/09/04,01,314,,,238,71,,
2014/09/04,02,295,,,221,69,,
2014/09/04,03,283,,,209,68,,
2014/09/04,04,257,,,186,66,,
2014/09/04,05,228,,,164,60,,
2014/09/04,06,244,,,179,60,,
2014/09/04,07,258,,,193,60,,
2014/09/04,08,327,,,252,70,,
2014/09/04,09,358,,,274,78,,
2014/09/04,10,400,,,298,97,,
2014/09/04,11,438,,,332,101,,
2014/09/04,12,438,,,329,103,,
2014/09/04,13,465,,,364,95,,
2014/09/04,14,465,,,357,102,,
2014/09/04,15,421,,,316,97,,
2014/09/04,16,408,,,305,97,,
2014/09/04,17,390,,,290,94,,
2014/09/04,18,408,,,308,94,,
2014/09/04,19,410,,,311,92,,
2014/09/04,20,395,,,310,79,,
2014/09/04,21,351,,,269,77,,
2014/09/04,22,319,,,245,69,,
2014/09/04,23,310,,,239,67,,
2014/09/04,24,315,,,244,66,,
2014/09/05,01,299,,,231,63,,
2014/09/05,02,299,,,226,68,,
2014/09/05,03,284,,,213,65,,
2014/09/05,04,257,,,192,60,,
2014/09/05,05,244,,,181,59,,
2014/09/05,06,271,,,206,61,,
2014/09/05,07,301,,,235,61,,
2014/09/05,08,348,,,273,70,,
2014/09/05,09,424,,,339,80,,
2014/09/05,10,443,,,339,99,,
2014/09/05,11,478,,,370,104,,
2014/09/05,12,426,,,313,106,,
2014/09/05,13,460,,,360,95,,
2014/09/05,14,434,,,324,104,,
2014/09/05,15,423,,,312,104,,
2014/09/05,16,432,,,328,98,,
2014/09/05,17,391,,,289,96,,
2014/09/05,18,439,,,336,97,,
2014/09/05,19,415,,,314,95,,
2014/09/05,20,386,,,296,84,,
2014/09/05,21,337,,,255,76,,
2014/09/05,22,307,,,231,71,,
2014/09/05,23,287,,,215,66,,
2014/09/05,24,296,,,226,65,,
2014/09/06,01,302,,,229,68,,
2014/09/06,02,318,,,242,71,,
2014/09/06,03,327,,,251,71,,
2014/09/06,04,262,,,192,65,,
2014/09/06,05,252,,,186,62,,
2014/09/06,06,278,,,211,62,,
2014/09/06,07,329,,,262,62,,
2014/09/06,08,369,,,290,73,,
2014/09/06,09,426,,,342,80,,
2014/09/06,10,451,,,361,85,,
2014/09/06,11,467,,,373,87,,
2014/09/06,12,471,,,378,87,,
2014/09/06,13,497,,,407,84,,
2014/09/06,14,493,,,401,86,,
2014/09/06,15,464,,,374,84,,
2014/09/06,16,448,,,359,82,,
2014/09/06,17,409,,,324,79,,
2014/09/06,18,404,,,319,79,,
2014/09/06,19,444,,,358,81,,
2014/09/06,20,397,,,315,76,,
2014/09/06,21,376,,,301,69,,
2014/09/06,22,336,,,264,66,,
2014/09/06,23,316,,,248,63,,
2014/09/06,24,294,,,226,63,,
2014/09/07,01,320,,,252,64,,
2014/09/07,02,326,,,253,68,,
2014/09/07,03,311,,,238,68,,
2014/09/07,04,273,,,207,62,,
2014/09/07,05,253,,,188,60,,
2014/09/07,06,272,,,205,63,,
2014/09/07,07,301,,,233,63,,
2014/09/07,08,340,,,260,74,,
2014/09/07,09,371,,,287,78,,
2014/09/07,10,370,,,282,82,,
2014/09/07,11,406,,,316,85,,
2014/09/07,12,389,,,296,87,,
2014/09/07,13,414,,,322,87,,
2014/09/07,14,386,,,298,83,,
2014/09/07,15,359,,,275,77,,
2014/09/07,16,347,,,266,75,,
2014/09/07,17,351,,,272,74,,
2014/09/07,18,361,,,276,79,,
2014/09/07,19,370,,,282,82,,
2014/09/07,20,343,,,263,75,,
2014/09/07,21,323,,,244,72,,
2014/09/07,22,288,,,215,68,,
2014/09/07,23,283,,,214,65,,
2014/09/07,24,298,,,229,63,,
2014/09/08,01,286,,,218,63,,
2014/09/08,02,275,,,199,70,,
2014/09/08,03,225,,,159,62,,
2014/09/08,04,220,,,155,60,,
2014/09/08,05,226,,,163,59,,
2014/09/08,06,234,,,170,60,,
2014/09/08,07,274,,,208,61,,
2014/09/08,08,310,,,233,72,,
2014/09/08,09,353,,,263,84,,
2014/09/08,10,370,,,263,101,,
2014/09/08,11,406,,,294,107,,
2014/09/08,12,391,,,278,108,,
2014/09/08,13,401,,,299,97,,
2014/09/08,14,402,,,290,106,,
2014/09/08,15,361,,,255,100,,
2014/09/08,16,359,,,254,99,,
2014/09/08,17,346,,,244,96,,
2014/09/08,18,394,,,295,93,,
2014/09/08,19,383,,,283,94,,
2014/09/08,20,348,,,260,82,,
2014/09/08,21,309,,,226,77,,
2014/09/08,22,276,,,203,68,,
2014/09/08,23,259,,,189,65,,
2014/09/08,24,271,,,203,63,,
2014/09/09,01,276,,,209,63,,
2014/09/09,02,283,,,209,69,,
2014/09/09,03,214,,,148,61,,
2014/09/09,04,197,,,135,58,,
2014/09/09,05,189,,,126,58,,
2014/09/09,06,212,,,148,59,,
2014/09/09,07,247,,,181,61,,
2014/09/09,08,283,,,206,71,,
2014/09/09,09,356,,,268,83,,
2014/09/09,10,428,,,320,103,,
2014/09/09,11,440,,,328,106,,
2014/09/09,12,442,,,330,107,,
2014/09/09,13,476,,,373,96,,
2014/09/09,14,444,,,334,103,,
2014/09/09,15,439,,,328,105,,
2014/09/09,16,427,,,317,103,,
2014/09/09,17,404,,,299,99,,
2014/09/09,18,432,,,327,100,,
2014/09/09,19,406,,,299,101,,
2014/09/09,20,368,,,273,89,,
2014/09/09,21,331,,,244,81,,
2014/09/09,22,304,,,226,72,,
2014/09/09,23,286,,,212,68,,
2014/09/09,24,290,,,215,69,,
2014/09/10,01,288,,,216,67,,
2014/09/10,02,287,,,208,73,,
2014/09/10,03,234,,,168,62,,
2014/09/10,04,229,,,167,58,,
2014/09/10,05,216,,,154,58,,
2014/09/10,06,228,,,164,60,,
2014/09/10,07,264,,,198,60,,
2014/09/10,08,303,,,227,70,,
2014/09/10,09,376,,,291,81,,
2014/09/10,10,391,,,290,96,,
2014/09/10,11,401,,,297,99,,
2014/09/10,12,416,,,310,100,,
2014/09/10,13,435,,,337,92,,
2014/09/10,14,447,,,344,97,,
2014/09/10,15,401,,,299,97,,
2014/09/10,16,395,,,295,94,,
2014/09/10,17,384,,,285,93,,
2014/09/10,18,429,,,331,93,,
2014/09/10,19,417,,,317,94,,
2014/09/10,20,378,,,290,82,,
2014/09/10,21,346,,,263,77,,
2014/09/10,22,308,,,233,70,,
2014/09/10,23,298,,,226,67,,
2014/09/10,24,309,,,236,68,,
2014/09/11,01,299,,,227,67,,
2014/09/11,02,286,,,208,72,,
2014/09/11,03,234,,,168,61,,
2014/09/11,04,230,,,166,60,,
2014/09/11,05,218,,,155,59,,
2014/09/11,06,238,,,174,59,,
2014/09/11,07,253,,,188,60,,
2014/09/11,08,292,,,218,68,,
2014/09/11,09,323,,,240,78,,
2014/09/11,10,358,,,259,94,,
2014/09/11,11,359,,,254,100,,
2014/09/11,12,397,,,289,103,,
2014/09/11,13,393,,,292,95,,
2014/09/11,14,404,,,296,102,,
2014/09/11,15,357,,,253,98,,
2014/09/11,16,383,,,281,96,,
2014/09/11,17,349,,,250,93,,
2014/09/11,18,395,,,300,90,,
2014/09/11,19,370,,,274,91,,
2014/09/11,20,324,,,237,82,,
2014/09/11,21,304,,,224,74,,
2014/09/11,22,282,,,207,69,,
2014/09/11,23,271,,,200,66,,
2014/09/11,24,273,,,201,66,,
2014/09/12,01,253,,,184,63,,
2014/09/12,02,263,,,189,69,,
2014/09/12,03,213,,,146,62,,
2014/09/12,04,200,,,136,58,,
2014/09/12,05,200,,,137,58,,
2014/09/12,06,221,,,159,58,,
2014/09/12,07,244,,,178,61,,
2014/09/12,08,307,,,232,69,,
2014/09/12,09,347,,,261,80,,
2014/09/12,10,387,,,287,95,,
2014/09/12,11,408,,,302,101,,
2014/09/12,12,435,,,328,101,,
2014/09/12,13,421,,,321,93,,
2014/09/12,14,438,,,331,101,,
2014/09/12,15,407,,,305,97,,
2014/09/12,16,396,,,296,94,,
2014/09/12,17,372,,,273,93,,
2014/09/12,18,383,,,288,90,,
2014/09/12,19,393,,,295,92,,
2014/09/12,20,352,,,256,90,,
2014/09/12,21,327,,,236,85,,
2014/09/12,22,285,,,209,70,,
2014/09/12,23,269,,,197,67,,
2014/09/12,24,283,,,212,66,,
2014/09/13,01,263,,,195,63,,
2014/09/13,02,293,,,218,70,,
2014/09/13,03,272,,,197,70,,
2014/09/13,04,239,,,171,64,,
2014/09/13,05,220,,,156,59,,
2014/09/13,06,229,,,164,60,,
2014/09/13,07,273,,,206,63,,
2014/09/13,08,314,,,236,72,,
2014/09/13,09,341,,,259,77,,
2014/09/13,10,379,,,290,84,,
2014/09/13,11,391,,,302,84,,
2014/09/13,12,415,,,323,88,,
2014/09/13,13,426,,,335,85,,
2014/09/13,14,422,,,327,89,,
2014/09/13,15,410,,,317,87,,
2014/09/13,16,391,,,302,83,,
2014/09/13,17,376,,,287,82,,
2014/09/13,18,365,,,282,78,,
2014/09/13,19,400,,,314,80,,
2014/09/13,20,349,,,271,72,,
2014/09/13,21,323,,,249,68,,
2014/09/13,22,291,,,223,63,,
2014/09/13,23,275,,,207,63,,
2014/09/13,24,265,,,198,62,,
2014/09/14,01,288,,,220,64,,
2014/09/14,02,276,,,202,68,,
2014/09/14,03,245,,,173,67,,
2014/09/14,04,212,,,145,62,,
2014/09/14,05,191,,,129,57,,
2014/09/14,06,207,,,143,60,,
2014/09/14,07,232,,,166,62,,
2014/09/14,08,275,,,195,74,,
2014/09/14,09,338,,,251,82,,
2014/09/14,10,367,,,279,83,,
2014/09/14,11,406,,,320,81,,
2014/09/14,12,388,,,301,82,,
2014/09/14,13,422,,,337,80,,
2014/09/14,14,404,,,319,79,,
2014/09/14,15,363,,,282,75,,
2014/09/14,16,367,,,293,69,,
2014/09/14,17,383,,,307,70,,
2014/09/14,18,359,,,278,75,,
2014/09/14,19,377,,,288,84,,
2014/09/14,20,343,,,259,77,,
2014/09/14,21,306,,,231,70,,
2014/09/14,22,295,,,224,65,,
2014/09/14,23,277,,,209,63,,
2014/09/14,24,273,,,206,62,,
2014/09/15,01,283,,,213,64,,
2014/09/15,02,270,,,197,68,,
2014/09/15,03,256,,,185,66,,
2014/09/15,04,223,,,155,63,,
2014/09/15,05,211,,,147,59,,
2014/09/15,06,212,,,147,59,,
2014/09/15,07,272,,,206,62,,
2014/09/15,08,286,,,209,71,,
2014/09/15,09,333,,,246,82,,
2014/09/15,10,374,,,270,99,,
2014/09/15,11,420,,,312,102,,
2014/09/15,12,407,,,296,104,,
2014/09/15,13,435,,,337,93,,
2014/09/15,14,426,,,318,102,,
2014/09/15,15,392,,,286,100,,
2014/09/15,16,397,,,294,96,,
2014/09/15,17,357,,,260,91,,
2014/09/15,18,386,,,293,88,,
2014/09/15,19,394,,,294,95,,
2014/09/15,20,339,,,253,81,,
2014/09/15,21,325,,,239,79,,
2014/09/15,22,314,,,240,69,,
2014/09/15,23,272,,,203,64,,
2014/09/15,24,273,,,204,63,,
2014/09/16,01,276,,,207,64,,
2014/09/16,02,269,,,194,69,,
2014/09/16,03,243,,,178,61,,
2014/09/16,04,208,,,146,57,,
2014/09/16,05,199,,,137,57,,
2014/09/16,06,213,,,151,58,,
2014/09/16,07,236,,,173,58,,
2014/09/16,08,258,,,187,66,,
2014/09/16,09,337,,,251,81,,
2014/09/16,10,402,,,296,101,,
2014/09/16,11,448,,,335,108,,
2014/09/16,12,496,,,382,109,,
2014/09/16,13,452,,,348,97,,
2014/09/16,14,464,,,350,107,,
2014/09/16,15,440,,,331,103,,
2014/09/16,16,409,,,300,102,,
2014/09/16,17,397,,,288,102,,
2014/09/16,18,431,,,327,98,,
2014/09/16,19,413,,,305,102,,
2014/09/16,20,350,,,257,87,,
2014/09/16,21,331,,,248,77,,
2014/09/16,22,294,,,221,67,,
2014/09/16,23,268,,,198,65,,
2014/09/16,24,274,,,206,63,,
2014/09/17,01,243,,,175,63,,
2014/09/17,02,233,,,168,61,,
2014/09/17,03,221,,,159,57,,
2014/09/17,04,197,,,136,55,,
2014/09/17,05,198,,,138,56,,
2014/09/17,06,218,,,155,58,,
2014/09/17,07,239,,,175,59,,
2014/09/17,08,277,,,203,69,,
2014/09/17,09,335,,,250,80,,
2014/09/17,10,397,,,302,91,,
2014/09/17,11,425,,,324,96,,
2014/09/17,12,451,,,349,98,,
2014/09/17,13,423,,,326,91,,
2014/09/17,14,407,,,307,94,,
2014/09/17,15,386,,,290,91,,
2014/09/17,16,380,,,288,86,,
2014/09/17,17,368,,,277,85,,
2014/09/17,18,406,,,316,85,,
2014/09/17,19,398,,,302,91,,
2014/09/17,20,347,,,260,82,,
2014/09/17,21,315,,,236,74,,
2014/09/17,22,311,,,238,68,,
2014/09/17,23,297,,,226,66,,
2014/09/17,24,271,,,201,65,,
2014/09/18,01,273,,,202,67,,
2014/09/18,02,272,,,197,70,,
2014/09/18,03,263,,,190,68,,
2014/09/18,04,229,,,162,62,,
2014/09/18,05,224,,,159,60,,
2014/09/18,06,224,,,159,60,,
2014/09/18,07,242,,,178,59,,
2014/09/18,08,274,,,200,69,,
2014/09/18,09,320,,,234,81,,
2014/09/18,10,380,,,280,94,,
2014/09/18,11,390,,,285,100,,
2014/09/18,12,413,,,305,102,,
2014/09/18,13,424,,,324,95,,
2014/09/18,14,421,,,317,98,,
2014/09/18,15,398,,,295,97,,
2014/09/18,16,377,,,277,94,,
2014/09/18,17,375,,,275,94,,
2014/09/18,18,396,,,299,91,,
2014/09/18,19,389,,,290,94,,
2014/09/18,20,344,,,256,82,,
2014/09/18,21,317,,,234,78,,
2014/09/18,22,287,,,213,68,,
2014/09/18,23,267,,,197,65,,
2014/09/18,24,257,,,188,64,,
2014/09/19,01,260,,,190,65,,
2014/09/19,02,256,,,183,67,,
2014/09/19,03,242,,,171,67,,
2014/09/19,04,192,,,127,59,,
2014/09/19,05,196,,,132,59,,
2014/09/19,06,217,,,151,61,,
2014/09/19,07,232,,,167,60,,
2014/09/19,08,267,,,192,69,,
2014/09/19,09,304,,,217,81,,
2014/09/19,10,376,,,265,105,,
2014/09/19,11,402,,,286,110,,
2014/09/19,12,419,,,301,113,,
2014/09/19,13,395,,,286,102,,
2014/09/19,14,414,,,296,113,,
2014/09/19,15,417,,,301,110,,
2014/09/19,16,391,,,281,104,,
2014/09/19,17,373,,,262,104,,
2014/09/19,18,395,,,286,104,,
2014/09/19,19,399,,,289,104,,
2014/09/19,20,356,,,262,88,,
2014/09/19,21,304,,,220,78,,
2014/09/19,22,272,,,200,67,,
2014/09/19,23,259,,,190,64,,
2014/09/19,24,266,,,199,62,,
2014/09/20,01,283,,,213,65,,
2014/09/20,02,253,,,179,69,,
2014/09/20,03,231,,,160,66,,
2014/09/20,04,217,,,151,61,,
2014/09/20,05,216,,,152,58,,
2014/09/20,06,228,,,163,60,,
2014/09/20,07,260,,,192,62,,
2014/09/20,08,295,,,217,72,,
2014/09/20,09,328,,,245,77,,
2014/09/20,10,354,,,266,83,,
2014/09/20,11,380,,,290,85,,
2014/09/20,12,374,,,277,90,,
2014/09/20,13,379,,,282,91,,
2014/09/20,14,382,,,286,90,,
2014/09/20,15,377,,,282,89,,
2014/09/20,16,347,,,251,90,,
2014/09/20,17,331,,,240,85,,
2014/09/20,18,310,,,227,77,,
2014/09/20,19,329,,,242,80,,
2014/09/20,20,300,,,222,72,,
2014/09/20,21,294,,,220,67,,
2014/09/20,22,254,,,185,63,,
2014/09/20,23,238,,,172,60,,
2014/09/20,24,243,,,175,61,,
2014/09/21,01,220,,,151,63,,
2014/09/21,02,206,,,136,65,,
2014/09/21,03,206,,,135,65,,
2014/09/21,04,180,,,117,58,,
2014/09/21,05,179,,,117,57,,
2014/09/21,06,194,,,129,60,,
2014/09/21,07,220,,,155,60,,
2014/09/21,08,257,,,179,72,,
2014/09/21,09,318,,,230,82,,
2014/09/21,10,345,,,254,85,,
2014/09/21,11,399,,,308,85,,
2014/09/21,12,389,,,295,88,,
2014/09/21,13,403,,,314,84,,
2014/09/21,14,395,,,306,84,,
2014/09/21,15,361,,,273,82,,
2014/09/21,16,376,,,293,77,,
2014/09/21,17,347,,,263,77,,
2014/09/21,18,371,,,285,80,,
2014/09/21,19,367,,,271,90,,
2014/09/21,20,324,,,234,83,,
2014/09/21,21,314,,,231,77,,
2014/09/21,22,278,,,204,68,,
2014/09/21,23,268,,,199,63,,
2014/09/21,24,244,,,176,62,,
2014/09/22,01,253,,,183,65,,
2014/09/22,02,258,,,184,68,,
2014/09/22,03,235,,,161,69,,
2014/09/22,04,192,,,125,63,,
2014/09/22,05,203,,,138,60,,
2014/09/22,06,204,,,137,62,,
2014/09/22,07,247,,,180,62,,
2014/09/22,08,267,,,191,70,,
2014/09/22,09,317,,,227,84,,
2014/09/22,10,358,,,252,101,,
2014/09/22,11,409,,,298,104,,
2014/09/22,12,408,,,295,107,,
2014/09/22,13,399,,,295,98,,
2014/09/22,14,423,,,312,105,,
2014/09/22,15,420,,,310,104,,
2014/09/22,16,386,,,282,98,,
2014/09/22,17,369,,,268,94,,
2014/09/22,18,352,,,252,93,,
2014/09/22,19,403,,,301,97,,
2014/09/22,20,326,,,233,87,,
2014/09/22,21,303,,,220,78,,
2014/09/22,22,252,,,179,67,,
2014/09/22,23,271,,,203,63,,
2014/09/22,24,259,,,191,63,,
2014/09/23,01,255,,,185,65,,
2014/09/23,02,246,,,175,66,,
2014/09/23,03,234,,,161,68,,
2014/09/23,04,206,,,139,62,,
2014/09/23,05,197,,,133,59,,
2014/09/23,06,206,,,142,60,,
2014/09/23,07,212,,,146,61,,
2014/09/23,08,263,,,188,69,,
2014/09/23,09,315,,,229,80,,
2014/09/23,10,413,,,308,100,,
2014/09/23,11,434,,,328,101,,
2014/09/23,12,446,,,336,104,,
2014/09/23,13,436,,,334,96,,
2014/09/23,14,419,,,307,106,,
2014/09/23,15,420,,,308,105,,
2014/09/23,16,370,,,262,101,,
2014/09/23,17,359,,,259,94,,
2014/09/23,18,380,,,281,93,,
2014/09/23,19,374,,,270,98,,
2014/09/23,20,354,,,258,91,,
2014/09/23,21,296,,,211,79,,
2014/09/23,22,267,,,193,69,,
2014/09/23,23,266,,,194,66,,
2014/09/23,24,283,,,213,65,,
2014/09/24,01,265,,,196,64,,
2014/09/24,02,245,,,172,68,,
2014/09/24,03,215,,,146,63,,
2014/09/24,04,194,,,132,58,,
2014/09/24,05,198,,,135,58,,
2014/09/24,06,204,,,140,59,,
2014/09/24,07,240,,,173,62,,
2014/09/24,08,279,,,204,69,,
2014/09/24,09,323,,,237,80,,
2014/09/24,10,359,,,255,98,,
2014/09/24,11,382,,,274,103,,
2014/09/24,12,408,,,296,107,,
2014/09/24,13,383,,,285,92,,
2014/09/24,14,387,,,279,102,,
2014/09/24,15,361,,,255,100,,
2014/09/24,16,345,,,243,96,,
2014/09/24,17,339,,,237,96,,
2014/09/24,18,390,,,284,101,,
2014/09/24,19,371,,,264,101,,
2014/09/24,20,336,,,244,85,,
2014/09/24,21,314,,,230,79,,
2014/09/24,22,286,,,212,68,,
2014/09/24,23,269,,,199,65,,
2014/09/24,24,269,,,201,63,,
2014/09/25,01,268,,,199,64,,
2014/09/25,02,260,,,186,69,,
2014/09/25,03,240,,,167,68,,
2014/09/25,04,214,,,150,60,,
2014/09/25,05,205,,,141,59,,
2014/09/25,06,239,,,173,61,,
2014/09/25,07,251,,,185,61,,
2014/09/25,08,283,,,209,68,,
2014/09/25,09,299,,,214,80,,
2014/09/25,10,359,,,255,98,,
2014/09/25,11,386,,,283,97,,
2014/09/25,12,390,,,288,98,,
2014/09/25,13,392,,,296,91,,
2014/09/25,14,424,,,315,102,,
2014/09/25,15,426,,,325,95,,
2014/09/25,16,394,,,296,93,,
2014/09/25,17,384,,,287,91,,
2014/09/25,18,405,,,307,92,,
2014/09/25,19,399,,,300,93,,
2014/09/25,20,366,,,276,84,,
2014/09/25,21,332,,,252,75,,
2014/09/25,22,310,,,238,67,,
2014/09/25,23,299,,,230,64,,
2014/09/25,24,320,,,248,67,,
2014/09/26,01,293,,,222,66,,
2014/09/26,02,268,,,192,71,,
2014/09/26,03,260,,,186,69,,
2014/09/26,04,233,,,165,64,,
2014/09/26,05,225,,,160,60,,
2014/09/26,06,242,,,175,63,,
2014/09/26,07,269,,,201,63,,
2014/09/26,08,298,,,221,72,,
2014/09/26,09,345,,,259,80,,
2014/09/26,10,397,,,292,100,,
2014/09/26,11,435,,,326,103,,
2014/09/26,12,428,,,317,106,,
2014/09/26,13,431,,,330,95,,
2014/09/26,14,441,,,331,103,,
2014/09/26,15,461,,,352,103,,
2014/09/26,16,432,,,324,102,,
2014/09/26,17,372,,,268,97,,
2014/09/26,18,411,,,310,97,,
2014/09/26,19,415,,,310,98,,
2014/09/26,20,378,,,279,93,,
2014/09/26,21,330,,,240,84,,
2014/09/26,22,285,,,205,74,,
2014/09/26,23,257,,,188,64,,
2014/09/26,24,261,,,192,64,,
2014/09/27,01,261,,,191,65,,
2014/09/27,02,258,,,183,69,,
2014/09/27,03,244,,,170,69,,
2014/09/27,04,206,,,142,59,,
2014/09/27,05,192,,,128,58,,
2014/09/27,06,199,,,135,59,,
2014/09/27,07,248,,,181,61,,
2014/09/27,08,287,,,212,69,,
2014/09/27,09,340,,,257,77,,
2014/09/27,10,366,,,274,87,,
2014/09/27,11,401,,,308,88,,
2014/09/27,12,404,,,310,89,,
2014/09/27,13,421,,,325,89,,
2014/09/27,14,405,,,309,91,,
2014/09/27,15,405,,,311,88,,
2014/09/27,16,385,,,294,85,,
2014/09/27,17,348,,,260,81,,
2014/09/27,18,384,,,299,80,,
2014/09/27,19,353,,,267,80,,
2014/09/27,20,330,,,253,71,,
2014/09/27,21,315,,,242,67,,
2014/09/27,22,288,,,219,64,,
2014/09/27,23,250,,,184,61,,
2014/09/27,24,259,,,193,60,,
2014/09/28,01,257,,,188,64,,
2014/09/28,02,253,,,179,68,,
2014/09/28,03,244,,,170,69,,
2014/09/28,04,203,,,136,62,,
2014/09/28,05,189,,,126,59,,
2014/09/28,06,189,,,123,61,,
2014/09/28,07,203,,,138,60,,
2014/09/28,08,278,,,202,70,,
2014/09/28,09,313,,,230,78,,
2014/09/28,10,338,,,251,81,,
2014/09/28,11,380,,,295,80,,
2014/09/28,12,388,,,299,83,,
2014/09/28,13,389,,,302,82,,
2014/09/28,14,384,,,299,79,,
2014/09/28,15,392,,,307,79,,
2014/09/28,16,380,,,296,77,,
2014/09/28,17,343,,,265,73,,
2014/09/28,18,375,,,295,75,,
2014/09/28,19,374,,,285,84,,
2014/09/28,20,335,,,250,78,,
2014/09/28,21,314,,,238,71,,
2014/09/28,22,271,,,201,65,,
2014/09/28,23,254,,,186,63,,
2014/09/28,24,254,,,189,60,,
2014/09/29,01,261,,,193,63,,
2014/09/29,02,245,,,174,66,,
2014/09/29,03,219,,,149,65,,
2014/09/29,04,194,,,131,58,,
2014/09/29,05,205,,,142,59,,
2014/09/29,06,192,,,126,61,,
2014/09/29,07,226,,,162,59,,
2014/09/29,08,258,,,184,68,,
2014/09/29,09,308,,,220,83,,
2014/09/29,10,363,,,256,102,,
2014/09/29,11,412,,,300,105,,
2014/09/29,12,413,,,301,106,,
2014/09/29,13,429,,,324,98,,
2014/09/29,14,427,,,316,105,,
2014/09/29,15,412,,,306,101,,
2014/09/29,16,406,,,299,100,,
2014/09/29,17,376,,,273,97,,
2014/09/29,18,395,,,296,94,,
2014/09/29,19,373,,,274,94,,
2014/09/29,20,331,,,243,82,,
2014/09/29,21,306,,,225,76,,
2014/09/29,22,277,,,205,66,,
2014/09/29,23,278,,,208,65,,
2014/09/29,24,266,,,198,63,,
2014/09/30,01,277,,,206,65,,
2014/09/30,02,265,,,192,68,,
2014/09/30,03,244,,,174,66,,
2014/09/30,04,210,,,144,61,,
2014/09/30,05,209,,,146,58,,
2014/09/30,06,220,,,154,61,,
2014/09/30,07,234,,,167,62,,
2014/09/30,08,288,,,211,72,,
2014/09/30,09,309,,,224,79,,
2014/09/30,10,375,,,268,102,,
2014/09/30,11,413,,,299,109,,
2014/09/30,12,430,,,315,109,,
2014/09/30,13,430,,,325,99,,
2014/09/30,14,471,,,355,109,,
2014/09/30,15,457,,,339,112,,
2014/09/30,16,414,,,297,110,,
2014/09/30,17,415,,,304,106,,
2014/09/30,18,421,,,310,105,,
2014/09/30,19,415,,,306,104,,
2014/09/30,20,384,,,281,97,,
2014/09/30,21,323,,,237,81,,
2014/09/30,22,294,,,222,67,,
2014/09/30,23,292,,,221,65,,
2014/09/30,24,291,,,223,63,,
2014/10/01,01,291,,,221,65,,
2014/10/01,02,251,,,178,68,,
2014/10/01,03,256,,,185,66,,
2014/10/01,04,218,,,154,60,,
2014/10/01,05,218,,,157,56,,
2014/10/01,06,219,,,158,56,,
2014/10/01,07,251,,,188,59,,
2014/10/01,08,275,,,201,69,,
2014/10/01,09,331,,,244,82,,
2014/10/01,10,385,,,281,98,,
2014/10/01,11,401,,,289,107,,
2014/10/01,12,429,,,318,105,,
2014/10/01,13,429,,,332,90,,
2014/10/01,14,436,,,324,106,,
2014/10/01,15,410,,,300,104,,
2014/10/01,16,370,,,264,100,,
2014/10/01,17,369,,,267,95,,
2014/10/01,18,376,,,273,97,,
2014/10/01,19,376,,,275,96,,
2014/10/01,20,345,,,255,84,,
2014/10/01,21,312,,,230,77,,
2014/10/01,22,299,,,227,67,,
2014/10/01,23,272,,,201,65,,
2014/10/01,24,284,,,215,64,,
2014/10/02,01,263,,,195,62,,
2014/10/02,02,248,,,176,67,,
2014/10/02,03,233,,,163,65,,
2014/10/02,04,233,,,163,65,,
2014/10/02,05,207,,,143,60,,
2014/10/02,06,216,,,153,58,,
2014/10/02,07,228,,,166,58,,
2014/10/02,08,250,,,177,68,,
2014/10/02,09,296,,,217,74,,
2014/10/02,10,343,,,246,92,,
2014/10/02,11,374,,,275,94,,
2014/10/02,12,373,,,271,97,,
2014/10/02,13,389,,,290,93,,
2014/10/02,14,385,,,280,99,,
2014/10/02,15,343,,,240,97,,
2014/10/02,16,338,,,236,97,,
2014/10/02,17,339,,,241,93,,
2014/10/02,18,382,,,284,93,,
2014/10/02,19,356,,,255,95,,
2014/10/02,20,326,,,237,84,,
2014/10/02,21,303,,,221,76,,
2014/10/02,22,270,,,197,67,,
2014/10/02,23,275,,,204,66,,
2014/10/02,24,257,,,187,65,,
2014/10/03,01,280,,,209,66,,
2014/10/03,02,249,,,175,69,,
2014/10/03,03,235,,,164,67,,
2014/10/03,04,207,,,141,61,,
2014/10/03,05,216,,,153,60,,
2014/10/03,06,236,,,170,61,,
2014/10/03,07,254,,,189,61,,
2014/10/03,08,291,,,214,72,,
2014/10/03,09,333,,,245,82,,
2014/10/03,10,389,,,284,99,,
2014/10/03,11,427,,,318,103,,
2014/10/03,12,445,,,336,104,,
2014/10/03,13,444,,,341,96,,
2014/10/03,14,457,,,347,104,,
2014/10/03,15,457,,,347,103,,
2014/10/03,16,433,,,327,100,,
2014/10/03,17,395,,,290,97,,
2014/10/03,18,440,,,334,100,,
2014/10/03,19,391,,,288,98,,
2014/10/03,20,358,,,266,87,,
2014/10/03,21,336,,,251,80,,
2014/10/03,22,281,,,207,68,,
2014/10/03,23,282,,,212,65,,
2014/10/03,24,275,,,206,63,,
2014/10/04,01,283,,,213,65,,
2014/10/04,02,282,,,207,69,,
2014/10/04,03,273,,,198,70,,
2014/10/04,04,232,,,163,63,,
2014/10/04,05,212,,,148,59,,
2014/10/04,06,239,,,175,60,,
2014/10/04,07,289,,,224,60,,
2014/10/04,08,324,,,248,71,,
2014/10/04,09,363,,,278,78,,
2014/10/04,10,389,,,296,87,,
2014/10/04,11,390,,,296,89,,
2014/10/04,12,435,,,341,89,,
2014/10/04,13,425,,,330,89,,
2014/10/04,14,414,,,318,90,,
2014/10/04,15,414,,,322,87,,
2014/10/04,16,379,,,289,84,,
2014/10/04,17,372,,,286,79,,
2014/10/04,18,354,,,266,83,,
2014/10/04,19,360,,,271,84,,
2014/10/04,20,328,,,243,79,,
2014/10/04,21,307,,,231,70,,
2014/10/04,22,272,,,201,65,,
2014/10/04,23,261,,,194,63,,
2014/10/04,24,258,,,191,61,,
2014/10/05,01,252,,,183,63,,
2014/10/05,02,249,,,177,67,,
2014/10/05,03,238,,,166,67,,
2014/10/05,04,207,,,140,62,,
2014/10/05,05,187,,,124,58,,
2014/10/05,06,211,,,144,62,,
2014/10/05,07,234,,,168,61,,
2014/10/05,08,268,,,191,72,,
2014/10/05,09,327,,,241,79,,
2014/10/05,10,330,,,242,82,,
2014/10/05,11,361,,,271,84,,
2014/10/05,12,355,,,263,85,,
2014/10/05,13,363,,,274,83,,
2014/10/05,14,334,,,246,83,,
2014/10/05,15,351,,,261,85,,
2014/10/05,16,306,,,225,75,,
2014/10/05,17,290,,,212,72,,
2014/10/05,18,321,,,231,84,,
2014/10/05,19,303,,,213,84,,
2014/10/05,20,288,,,207,75,,
2014/10/05,21,260,,,185,69,,
2014/10/05,22,244,,,174,64,,
2014/10/05,23,228,,,161,61,,
2014/10/05,24,243,,,176,62,,
2014/10/06,01,222,,,154,62,,
2014/10/06,02,212,,,143,63,,
2014/10/06,03,191,,,127,58,,
2014/10/06,04,187,,,123,59,,
2014/10/06,05,196,,,132,59,,
2014/10/06,06,199,,,134,60,,
2014/10/06,07,234,,,169,61,,
2014/10/06,08,255,,,179,70,,
2014/10/06,09,333,,,242,85,,
2014/10/06,10,367,,,259,102,,
2014/10/06,11,387,,,279,103,,
2014/10/06,12,426,,,315,106,,
2014/10/06,13,436,,,336,94,,
2014/10/06,14,453,,,344,103,,
2014/10/06,15,446,,,340,100,,
2014/10/06,16,420,,,318,96,,
2014/10/06,17,389,,,290,92,,
2014/10/06,18,374,,,274,94,,
2014/10/06,19,373,,,272,95,,
2014/10/06,20,337,,,245,85,,
2014/10/06,21,301,,,215,80,,
2014/10/06,22,278,,,204,68,,
2014/10/06,23,259,,,191,63,,
2014/10/06,24,262,,,196,61,,
2014/10/07,01,263,,,195,63,,
2014/10/07,02,230,,,162,63,,
2014/10/07,03,234,,,164,65,,
2014/10/07,04,198,,,138,56,,
2014/10/07,05,197,,,136,56,,
2014/10/07,06,206,,,144,58,,
2014/10/07,07,225,,,160,60,,
2014/10/07,08,270,,,198,67,,
2014/10/07,09,290,,,208,77,,
2014/10/07,10,355,,,253,96,,
2014/10/07,11,375,,,266,103,,
2014/10/07,12,389,,,280,103,,
2014/10/07,13,388,,,289,93,,
2014/10/07,14,391,,,278,107,,
2014/10/07,15,372,,,260,106,,
2014/10/07,16,355,,,243,106,,
2014/10/07,17,362,,,256,100,,
2014/10/07,18,355,,,249,101,,
2014/10/07,19,356,,,250,100,,
2014/10/07,20,312,,,213,93,,
2014/10/07,21,293,,,203,84,,
2014/10/07,22,270,,,198,67,,
2014/10/07,23,253,,,183,64,,
2014/10/07,24,253,,,184,64,,
2014/10/08,01,245,,,176,64,,
2014/10/08,02,242,,,169,68,,
2014/10/08,03,227,,,157,65,,
2014/10/08,04,176,,,114,57,,
2014/10/08,05,184,,,123,56,,
2014/10/08,06,194,,,131,57,,
2014/10/08,07,231,,,163,63,,
2014/10/08,08,259,,,181,72,,
2014/10/08,09,315,,,229,81,,
2014/10/08,10,368,,,267,95,,
2014/10/08,11,404,,,300,98,,
2014/10/08,12,415,,,312,99,,
2014/10/08,13,404,,,310,89,,
2014/10/08,14,408,,,305,98,,
2014/10/08,15,400,,,295,99,,
2014/10/08,16,378,,,277,95,,
2014/10/08,17,359,,,260,93,,
2014/10/08,18,347,,,249,92,,
2014/10/08,19,335,,,234,94,,
2014/10/08,20,322,,,230,86,,
2014/10/08,21,297,,,213,78,,
2014/10/08,22,281,,,207,68,,
2014/10/08,23,269,,,198,66,,
2014/10/08,24,266,,,197,64,,
2014/10/09,01,262,,,192,65,,
2014/10/09,02,254,,,179,70,,
2014/10/09,03,229,,,157,68,,
2014/10/09,04,215,,,143,67,,
2014/10/09,05,196,,,131,61,,
2014/10/09,06,210,,,143,61,,
2014/10/09,07,230,,,164,61,,
2014/10/09,08,251,,,177,68,,
2014/10/09,09,309,,,225,78,,
2014/10/09,10,350,,,250,95,,
2014/10/09,11,362,,,259,97,,
2014/10/09,12,370,,,263,101,,
2014/10/09,13,379,,,278,96,,
2014/10/09,14,390,,,284,101,,
2014/10/09,15,368,,,266,96,,
2014/10/09,16,329,,,231,93,,
2014/10/09,17,319,,,221,92,,
2014/10/09,18,362,,,265,91,,
2014/10/09,19,351,,,253,92,,
2014/10/09,20,319,,,227,85,,
2014/10/09,21,305,,,220,79,,
2014/10/09,22,277,,,204,67,,
2014/10/09,23,269,,,198,65,,
2014/10/09,24,272,,,203,64,,
2014/10/10,01,244,,,175,64,,
2014/10/10,02,237,,,163,69,,
2014/10/10,03,218,,,146,67,,
2014/10/10,04,203,,,133,65,,
2014/10/10,05,185,,,120,59,,
2014/10/10,06,219,,,153,61,,
2014/10/10,07,242,,,175,62,,
2014/10/10,08,268,,,193,68,,
2014/10/10,09,337,,,252,79,,
2014/10/10,10,348,,,247,94,,
2014/10/10,11,388,,,281,101,,
2014/10/10,12,415,,,307,103,,
2014/10/10,13,409,,,312,91,,
2014/10/10,14,395,,,281,108,,
2014/10/10,15,387,,,280,101,,
2014/10/10,16,367,,,266,94,,
2014/10/10,17,333,,,235,92,,
2014/10/10,18,378,,,281,92,,
2014/10/10,19,353,,,255,92,,
2014/10/10,20,327,,,231,90,,
2014/10/10,21,322,,,232,84,,
2014/10/10,22,294,,,218,71,,
2014/10/10,23,248,,,180,63,,
2014/10/10,24,232,,,165,61,,
2014/10/11,01,252,,,183,64,,
2014/10/11,02,253,,,180,68,,
2014/10/11,03,229,,,158,67,,
2014/10/11,04,189,,,125,59,,
2014/10/11,05,185,,,121,59,,
2014/10/11,06,217,,,149,64,,
2014/10/11,07,273,,,202,66,,
2014/10/11,08,300,,,222,72,,
2014/10/11,09,325,,,243,76,,
2014/10/11,10,354,,,265,83,,
2014/10/11,11,365,,,274,85,,
2014/10/11,12,403,,,311,87,,
2014/10/11,13,396,,,306,84,,
2014/10/11,14,395,,,303,86,,
2014/10/11,15,390,,,299,86,,
2014/10/11,16,372,,,284,82,,
2014/10/11,17,330,,,247,77,,
2014/10/11,18,382,,,297,81,,
2014/10/11,19,357,,,273,78,,
2014/10/11,20,336,,,257,74,,
2014/10/11,21,306,,,231,69,,
2014/10/11,22,288,,,216,66,,
2014/10/11,23,266,,,197,64,,
2014/10/11,24,255,,,186,64,,
2014/10/12,01,256,,,186,65,,
2014/10/12,02,250,,,177,68,,
2014/10/12,03,248,,,175,69,,
2014/10/12,04,225,,,154,66,,
2014/10/12,05,205,,,139,62,,
2014/10/12,06,205,,,137,62,,
2014/10/12,07,231,,,164,62,,
2014/10/12,08,275,,,197,72,,
2014/10/12,09,315,,,233,77,,
2014/10/12,10,327,,,242,80,,
2014/10/12,11,356,,,270,80,,
2014/10/12,12,350,,,263,81,,
2014/10/12,13,350,,,266,78,,
2014/10/12,14,322,,,235,80,,
2014/10/12,15,330,,,243,81,,
2014/10/12,16,336,,,250,79,,
2014/10/12,17,307,,,225,76,,
2014/10/12,18,324,,,240,78,,
2014/10/12,19,321,,,233,82,,
2014/10/12,20,300,,,212,82,,
2014/10/12,21,273,,,192,75,,
2014/10/12,22,234,,,162,66,,
2014/10/12,23,232,,,164,63,,
2014/10/12,24,233,,,164,63,,
2014/10/13,01,251,,,178,67,,
2014/10/13,02,233,,,158,70,,
2014/10/13,03,201,,,129,66,,
2014/10/13,04,177,,,110,61,,
2014/10/13,05,195,,,130,60,,
2014/10/13,06,192,,,126,61,,
2014/10/13,07,215,,,150,61,,
2014/10/13,08,265,,,188,72,,
2014/10/13,09,318,,,231,82,,
2014/10/13,10,349,,,241,102,,
2014/10/13,11,370,,,262,102,,
2014/10/13,12,375,,,266,103,,
2014/10/13,13,365,,,264,94,,
2014/10/13,14,370,,,261,103,,
2014/10/13,15,357,,,251,100,,
2014/10/13,16,323,,,220,96,,
2014/10/13,17,347,,,245,96,,
2014/10/13,18,327,,,228,94,,
2014/10/13,19,318,,,220,92,,
2014/10/13,20,299,,,208,85,,
2014/10/13,21,278,,,196,76,,
2014/10/13,22,262,,,190,67,,
2014/10/13,23,265,,,196,64,,
2014/10/13,24,261,,,194,61,,
2014/10/14,01,293,,,223,64,,
2014/10/14,02,237,,,169,63,,
2014/10/14,03,236,,,174,58,,
2014/10/14,04,228,,,166,57,,
2014/10/14,05,203,,,141,57,,
2014/10/14,06,217,,,153,59,,
2014/10/14,07,246,,,179,63,,
2014/10/14,08,292,,,215,71,,
2014/10/14,09,318,,,233,79,,
2014/10/14,10,361,,,257,98,,
2014/10/14,11,402,,,290,107,,
2014/10/14,12,427,,,312,110,,
2014/10/14,13,433,,,331,95,,
2014/10/14,14,443,,,332,105,,
2014/10/14,15,440,,,330,103,,
2014/10/14,16,417,,,311,101,,
2014/10/14,17,382,,,276,100,,
2014/10/14,18,392,,,286,100,,
2014/10/14,19,377,,,275,96,,
2014/10/14,20,334,,,241,87,,
2014/10/14,21,312,,,228,78,,
2014/10/14,22,276,,,203,67,,
2014/10/14,23,259,,,189,65,,
2014/10/14,24,267,,,197,65,,
2014/10/15,01,259,,,189,66,,
2014/10/15,02,241,,,167,69,,
2014/10/15,03,216,,,145,65,,
2014/10/15,04,185,,,123,57,,
2014/10/15,05,190,,,129,56,,
2014/10/15,06,192,,,130,57,,
2014/10/15,07,224,,,160,60,,
2014/10/15,08,249,,,175,68,,
2014/10/15,09,277,,,195,77,,
2014/10/15,10,321,,,218,97,,
2014/10/15,11,343,,,240,97,,
2014/10/15,12,348,,,244,99,,
2014/10/15,13,342,,,243,92,,
2014/10/15,14,344,,,240,97,,
2014/10/15,15,318,,,217,95,,
2014/10/15,16,300,,,203,91,,
2014/10/15,17,289,,,192,90,,
2014/10/15,18,320,,,225,89,,
2014/10/15,19,308,,,215,87,,
2014/10/15,20,286,,,200,80,,
2014/10/15,21,279,,,198,74,,
2014/10/15,22,241,,,169,66,,
2014/10/15,23,228,,,160,62,,
2014/10/15,24,229,,,161,62,,
2014/10/16,01,232,,,163,63,,
2014/10/16,02,222,,,148,68,,
2014/10/16,03,203,,,132,66,,
2014/10/16,04,190,,,125,60,,
2014/10/16,05,175,,,112,58,,
2014/10/16,06,181,,,119,57,,
2014/10/16,07,203,,,139,58,,
2014/10/16,08,240,,,166,68,,
2014/10/16,09,271,,,187,78,,
2014/10/16,10,312,,,215,92,,
2014/10/16,11,353,,,251,96,,
2014/10/16,12,345,,,242,98,,
2014/10/16,13,375,,,277,92,,
2014/10/16,14,372,,,267,100,,
2014/10/16,15,348,,,248,95,,
2014/10/16,16,322,,,225,92,,
2014/10/16,17,314,,,218,90,,
2014/10/16,18,308,,,212,90,,
2014/10/16,19,299,,,206,88,,
2014/10/16,20,282,,,193,82,,
2014/10/16,21,267,,,185,77,,
2014/10/16,22,246,,,172,68,,
2014/10/16,23,226,,,156,65,,
2014/10/16,24,221,,,151,64,,
2014/10/17,01,227,,,156,65,,
2014/10/17,02,203,,,130,68,,
2014/10/17,03,188,,,118,65,,
2014/10/17,04,170,,,107,58,,
2014/10/17,05,167,,,105,57,,
2014/10/17,06,189,,,124,59,,
2014/10/17,07,200,,,134,61,,
2014/10/17,08,238,,,164,68,,
2014/10/17,09,292,,,206,79,,
2014/10/17,10,352,,,247,99,,
2014/10/17,11,361,,,251,104,,
2014/10/17,12,378,,,266,106,,
2014/10/17,13,369,,,267,95,,
2014/10/17,14,364,,,254,105,,
2014/10/17,15,362,,,256,100,,
2014/10/17,16,334,,,229,99,,
2014/10/17,17,323,,,222,95,,
2014/10/17,18,355,,,253,97,,
2014/10/17,19,341,,,245,90,,
2014/10/17,20,307,,,219,83,,
2014/10/17,21,294,,,212,76,,
2014/10/17,22,266,,,190,70,,
2014/10/17,23,242,,,170,67,,
2014/10/17,24,239,,,170,64,,
2014/10/18,01,230,,,159,66,,
2014/10/18,02,201,,,127,69,,
2014/10/18,03,196,,,121,69,,
2014/10/18,04,187,,,121,61,,
2014/10/18,05,170,,,107,58,,
2014/10/18,06,190,,,124,61,,
2014/10/18,07,227,,,156,65,,
2014/10/18,08,253,,,174,73,,
2014/10/18,09,296,,,214,76,,
2014/10/18,10,344,,,252,86,,
2014/10/18,11,351,,,259,86,,
2014/10/18,12,359,,,266,88,,
2014/10/18,13,352,,,263,83,,
2014/10/18,14,346,,,252,88,,
2014/10/18,15,357,,,266,85,,
2014/10/18,16,326,,,239,82,,
2014/10/18,17,296,,,212,78,,
2014/10/18,18,337,,,252,80,,
2014/10/18,19,335,,,252,77,,
2014/10/18,20,296,,,218,72,,
2014/10/18,21,275,,,201,68,,
2014/10/18,22,245,,,173,67,,
2014/10/18,23,236,,,166,65,,
2014/10/18,24,235,,,167,62,,
2014/10/19,01,222,,,152,64,,
2014/10/19,02,209,,,135,69,,
2014/10/19,03,192,,,121,66,,
2014/10/19,04,168,,,104,59,,
2014/10/19,05,182,,,119,58,,
2014/10/19,06,186,,,120,61,,
2014/10/19,07,208,,,143,60,,
2014/10/19,08,258,,,179,73,,
2014/10/19,09,289,,,205,79,,
2014/10/19,10,303,,,220,78,,
2014/10/19,11,336,,,252,79,,
2014/10/19,12,338,,,251,81,,
2014/10/19,13,351,,,264,80,,
2014/10/19,14,346,,,263,78,,
2014/10/19,15,331,,,247,78,,
2014/10/19,16,315,,,233,75,,
2014/10/19,17,316,,,236,75,,
2014/10/19,18,304,,,220,79,,
2014/10/19,19,312,,,226,80,,
2014/10/19,20,280,,,203,71,,
2014/10/19,21,259,,,183,69,,
2014/10/19,22,239,,,170,64,,
2014/10/19,23,231,,,164,62,,
2014/10/19,24,232,,,165,61,,
2014/10/20,01,220,,,152,63,,
2014/10/20,02,215,,,142,68,,
2014/10/20,03,183,,,115,63,,
2014/10/20,04,173,,,111,58,,
2014/10/20,05,181,,,118,58,,
2014/10/20,06,192,,,127,60,,
2014/10/20,07,217,,,152,60,,
2014/10/20,08,237,,,162,69,,
2014/10/20,09,294,,,209,80,,
2014/10/20,10,336,,,231,99,,
2014/10/20,11,354,,,244,104,,
2014/10/20,12,370,,,258,106,,
2014/10/20,13,365,,,264,95,,
2014/10/20,14,364,,,257,101,,
2014/10/20,15,344,,,239,99,,
2014/10/20,16,316,,,214,96,,
2014/10/20,17,315,,,214,95,,
2014/10/20,18,338,,,241,91,,
2014/10/20,19,326,,,231,89,,
2014/10/20,20,284,,,195,83,,
2014/10/20,21,261,,,177,78,,
2014/10/20,22,240,,,170,64,,
2014/10/20,23,240,,,173,63,,
2014/10/20,24,237,,,170,62,,
2014/10/21,01,240,,,171,64,,
2014/10/21,02,235,,,163,67,,
2014/10/21,03,201,,,133,62,,
2014/10/21,04,181,,,118,58,,
2014/10/21,05,176,,,112,58,,
2014/10/21,06,191,,,126,59,,
2014/10/21,07,223,,,158,60,,
2014/10/21,08,261,,,187,68,,
2014/10/21,09,300,,,214,80,,
2014/10/21,10,341,,,235,101,,
2014/10/21,11,389,,,276,106,,
2014/10/21,12,383,,,270,108,,
2014/10/21,13,380,,,277,96,,
2014/10/21,14,373,,,261,106,,
2014/10/21,15,359,,,251,103,,
2014/10/21,16,342,,,237,99,,
2014/10/21,17,321,,,217,98,,
2014/10/21,18,353,,,250,97,,
2014/10/21,19,351,,,252,92,,
2014/10/21,20,308,,,217,85,,
2014/10/21,21,292,,,207,78,,
2014/10/21,22,275,,,201,68,,
2014/10/21,23,253,,,181,66,,
2014/10/21,24,275,,,204,65,,
2014/10/22,01,268,,,194,68,,
2014/10/22,02,253,,,179,69,,
2014/10/22,03,196,,,129,62,,
2014/10/22,04,185,,,121,59,,
2014/10/22,05,195,,,133,59,,
2014/10/22,06,197,,,135,58,,
2014/10/22,07,246,,,179,62,,
2014/10/22,08,274,,,200,68,,
2014/10/22,09,307,,,220,81,,
2014/10/22,10,344,,,241,98,,
2014/10/22,11,361,,,255,100,,
2014/10/22,12,360,,,256,99,,
2014/10/22,13,355,,,259,89,,
2014/10/22,14,359,,,253,100,,
2014/10/22,15,323,,,222,96,,
2014/10/22,16,316,,,214,95,,
2014/10/22,17,347,,,249,93,,
2014/10/22,18,323,,,224,93,,
2014/10/22,19,302,,,210,87,,
2014/10/22,20,292,,,207,78,,
2014/10/22,21,280,,,202,73,,
2014/10/22,22,259,,,188,64,,
2014/10/22,23,239,,,172,63,,
2014/10/22,24,232,,,164,63,,
2014/10/23,01,252,,,184,63,,
2014/10/23,02,225,,,154,66,,
2014/10/23,03,200,,,138,58,,
2014/10/23,04,181,,,118,58,,
2014/10/23,05,174,,,112,57,,
2014/10/23,06,187,,,124,58,,
2014/10/23,07,208,,,144,59,,
2014/10/23,08,230,,,155,69,,
2014/10/23,09,264,,,182,75,,
2014/10/23,10,314,,,214,94,,
2014/10/23,11,335,,,232,97,,
2014/10/23,12,334,,,225,102,,
2014/10/23,13,326,,,228,91,,
2014/10/23,14,367,,,256,105,,
2014/10/23,15,326,,,222,98,,
2014/10/23,16,307,,,203,97,,
2014/10/23,17,284,,,186,92,,
2014/10/23,18,317,,,222,90,,
2014/10/23,19,308,,,215,87,,
2014/10/23,20,292,,,207,78,,
2014/10/23,21,251,,,173,72,,
2014/10/23,22,245,,,172,66,,
2014/10/23,23,239,,,168,66,,
2014/10/23,24,230,,,159,65,,
2014/10/24,01,241,,,170,66,,
2014/10/24,02,222,,,148,69,,
2014/10/24,03,204,,,136,62,,
2014/10/24,04,165,,,104,55,,
2014/10/24,05,168,,,108,55,,
2014/10/24,06,184,,,122,57,,
2014/10/24,07,199,,,136,58,,
2014/10/24,08,230,,,155,69,,
2014/10/24,09,301,,,215,80,,
2014/10/24,10,323,,,215,102,,
2014/10/24,11,371,,,258,107,,
2014/10/24,12,361,,,248,107,,
2014/10/24,13,372,,,265,100,,
2014/10/24,14,376,,,263,107,,
2014/10/24,15,366,,,255,105,,
2014/10/24,16,341,,,235,100,,
2014/10/24,17,325,,,221,98,,
2014/10/24,18,366,,,262,99,,
2014/10/24,19,326,,,225,95,,
2014/10/24,20,305,,,216,83,,
2014/10/24,21,292,,,211,75,,
2014/10/24,22,260,,,187,67,,
2014/10/24,23,234,,,165,64,,
2014/10/24,24,226,,,159,62,,
2014/10/25,01,213,,,145,63,,
2014/10/25,02,218,,,146,67,,
2014/10/25,03,199,,,129,64,,
2014/10/25,04,161,,,99,57,,
2014/10/25,05,173,,,112,56,,
2014/10/25,06,184,,,120,58,,
2014/10/25,07,231,,,162,63,,
2014/10/25,08,271,,,194,72,,
2014/10/25,09,313,,,230,77,,
2014/10/25,10,345,,,258,81,,
2014/10/25,11,354,,,267,82,,
2014/10/25,12,396,,,305,86,,
2014/10/25,13,368,,,277,85,,
2014/10/25,14,379,,,290,84,,
2014/10/25,15,368,,,278,84,,
2014/10/25,16,336,,,248,82,,
2014/10/25,17,318,,,232,80,,
2014/10/25,18,352,,,267,80,,
2014/10/25,19,335,,,251,79,,
2014/10/25,20,323,,,245,72,,
2014/10/25,21,293,,,220,67,,
2014/10/25,22,258,,,188,64,,
2014/10/25,23,252,,,183,64,,
2014/10/25,24,238,,,169,64,,
2014/10/26,01,222,,,151,65,,
2014/10/26,02,214,,,142,67,,
2014/10/26,03,221,,,147,69,,
2014/10/26,04,198,,,130,62,,
2014/10/26,05,175,,,113,57,,
2014/10/26,06,190,,,126,59,,
2014/10/26,07,214,,,149,60,,
2014/10/26,08,244,,,170,68,,
2014/10/26,09,290,,,209,76,,
2014/10/26,10,319,,,235,79,,
2014/10/26,11,350,,,263,80,,
2014/10/26,12,350,,,264,81,,
2014/10/26,13,356,,,269,81,,
2014/10/26,14,358,,,273,79,,
2014/10/26,15,329,,,247,77,,
2014/10/26,16,316,,,236,74,,
2014/10/26,17,282,,,203,73,,
2014/10/26,18,293,,,209,78,,
2014/10/26,19,300,,,216,78,,
2014/10/26,20,275,,,198,70,,
2014/10/26,21,264,,,191,67,,
2014/10/26,22,224,,,155,63,,
2014/10/26,23,217,,,151,61,,
2014/10/26,24,226,,,157,63,,
2014/10/27,01,196,,,131,60,,
2014/10/27,02,197,,,125,66,,
2014/10/27,03,185,,,118,62,,
2014/10/27,04,175,,,112,58,,
2014/10/27,05,178,,,115,57,,
2014/10/27,06,182,,,117,59,,
2014/10/27,07,208,,,143,59,,
2014/10/27,08,248,,,173,70,,
2014/10/27,09,294,,,208,80,,
2014/10/27,10,344,,,241,98,,
2014/10/27,11,375,,,269,100,,
2014/10/27,12,395,,,286,103,,
2014/10/27,13,374,,,273,95,,
2014/10/27,14,390,,,281,103,,
2014/10/27,15,366,,,259,101,,
2014/10/27,16,347,,,243,98,,
2014/10/27,17,362,,,261,96,,
2014/10/27,18,352,,,251,95,,
2014/10/27,19,349,,,252,92,,
2014/10/27,20,306,,,210,89,,
2014/10/27,21,313,,,219,88,,
2014/10/27,22,267,,,188,73,,
2014/10/27,23,252,,,183,65,,
2014/10/27,24,223,,,154,63,,
2014/10/28,01,240,,,168,67,,
2014/10/28,02,226,,,153,67,,
2014/10/28,03,201,,,133,63,,
2014/10/28,04,177,,,115,57,,
2014/10/28,05,184,,,123,56,,
2014/10/28,06,179,,,115,59,,
2014/10/28,07,198,,,133,60,,
2014/10/28,08,243,,,168,70,,
2014/10/28,09,300,,,215,79,,
2014/10/28,10,330,,,226,98,,
2014/10/28,11,356,,,247,103,,
2014/10/28,12,376,,,264,106,,
2014/10/28,13,372,,,274,92,,
2014/10/28,14,379,,,271,102,,
2014/10/28,15,359,,,252,100,,
2014/10/28,16,334,,,231,97,,
2014/10/28,17,326,,,221,99,,
2014/10/28,18,302,,,199,98,,
2014/10/28,19,340,,,239,95,,
2014/10/28,20,290,,,200,84,,
2014/10/28,21,275,,,193,77,,
2014/10/28,22,240,,,167,67,,
2014/10/28,23,235,,,165,65,,
2014/10/28,24,229,,,159,64,,
2014/10/29,01,209,,,143,62,,
2014/10/29,02,212,,,145,63,,
2014/10/29,03,194,,,131,58,,
2014/10/29,04,173,,,113,56,,
2014/10/29,05,173,,,112,56,,
2014/10/29,06,180,,,118,57,,
2014/10/29,07,201,,,135,61,,
2014/10/29,08,235,,,160,69,,
2014/10/29,09,274,,,192,77,,
2014/10/29,10,310,,,211,93,,
2014/10/29,11,348,,,247,96,,
2014/10/29,12,345,,,240,99,,
2014/10/29,13,343,,,248,89,,
2014/10/29,14,371,,,268,98,,
2014/10/29,15,347,,,245,95,,
2014/10/29,16,318,,,223,89,,
2014/10/29,17,297,,,202,89,,
2014/10/29,18,345,,,251,89,,
2014/10/29,19,329,,,235,88,,
2014/10/29,20,299,,,215,78,,
2014/10/29,21,271,,,195,70,,
2014/10/29,22,234,,,165,63,,
2014/10/29,23,234,,,168,61,,
2014/10/29,24,219,,,153,60,,
2014/10/30,01,223,,,156,61,,
2014/10/30,02,188,,,117,66,,
2014/10/30,03,178,,,113,60,,
2014/10/30,04,180,,,119,56,,
2014/10/30,05,171,,,111,55,,
2014/10/30,06,168,,,106,57,,
2014/10/30,07,194,,,131,57,,
2014/10/30,08,233,,,162,66,,
2014/10/30,09,256,,,175,75,,
2014/10/30,10,297,,,198,94,,
2014/10/30,11,341,,,240,95,,
2014/10/30,12,330,,,226,99,,
2014/10/30,13,361,,,261,94,,
2014/10/30,14,368,,,264,98,,
2014/10/30,15,346,,,249,91,,
2014/10/30,16,322,,,228,88,,
2014/10/30,17,322,,,225,91,,
2014/10/30,18,332,,,233,93,,
2014/10/30,19,318,,,221,91,,
2014/10/30,20,305,,,219,81,,
2014/10/30,21,274,,,193,74,,
2014/10/30,22,250,,,177,67,,
2014/10/30,23,240,,,171,65,,
2014/10/30,24,249,,,178,65,,
2014/10/31,01,249,,,176,67,,
2014/10/31,02,234,,,158,71,,
2014/10/31,03,201,,,132,63,,
2014/10/31,04,180,,,114,60,,
2014/10/31,05,171,,,107,58,,
2014/10/31,06,187,,,124,58,,
2014/10/31,07,206,,,141,60,,
2014/10/31,08,255,,,177,72,,
2014/10/31,09,312,,,227,80,,
2014/10/31,10,336,,,235,95,,
2014/10/31,11,339,,,231,101,,
2014/10/31,12,362,,,255,101,,
2014/10/31,13,351,,,250,95,,
2014/10/31,14,348,,,242,100,,
2014/10/31,15,326,,,221,100,,
2014/10/31,16,325,,,223,96,,
2014/10/31,17,310,,,208,96,,
2014/10/31,18,345,,,244,96,,
2014/10/31,19,327,,,227,94,,
2014/10/31,20,291,,,197,88,,
2014/10/31,21,291,,,202,83,,
2014/10/31,22,242,,,173,65,,
2014/10/31,23,232,,,166,61,,
2014/10/31,24,218,,,152,61,,
2014/11/01,01,225,,,158,62,,
2014/11/01,02,230,,,158,67,,
2014/11/01,03,214,,,144,65,,
2014/11/01,04,181,,,116,59,,
2014/11/01,05,176,,,113,58,,
2014/11/01,06,209,,,145,60,,
2014/11/01,07,235,,,165,64,,
2014/11/01,08,265,,,189,70,,
2014/11/01,09,302,,,220,76,,
2014/11/01,10,322,,,232,84,,
2014/11/01,11,336,,,246,84,,
2014/11/01,12,338,,,246,86,,
2014/11/01,13,335,,,247,82,,
2014/11/01,14,331,,,238,87,,
2014/11/01,15,330,,,239,85,,
2014/11/01,16,288,,,203,79,,
2014/11/01,17,301,,,213,82,,
2014/11/01,18,342,,,254,82,,
2014/11/01,19,329,,,242,82,,
2014/11/01,20,287,,,207,74,,
2014/11/01,21,279,,,205,68,,
2014/11/01,22,249,,,180,64,,
2014/11/01,23,229,,,162,62,,
2014/11/01,24,223,,,156,62,,
2014/11/02,01,222,,,153,64,,
2014/11/02,02,210,,,138,67,,
2014/11/02,03,207,,,137,65,,
2014/11/02,04,200,,,135,60,,
2014/11/02,05,191,,,126,59,,
2014/11/02,06,203,,,139,59,,
2014/11/02,07,218,,,153,60,,
2014/11/02,08,257,,,178,73,,
2014/11/02,09,305,,,221,78,,
2014/11/02,10,325,,,238,81,,
2014/11/02,11,348,,,263,80,,
2014/11/02,12,337,,,250,81,,
2014/11/02,13,344,,,253,84,,
2014/11/02,14,343,,,252,85,,
2014/11/02,15,330,,,246,79,,
2014/11/02,16,302,,,219,77,,
2014/11/02,17,276,,,193,77,,
2014/11/02,18,292,,,205,81,,
2014/11/02,19,304,,,218,80,,
2014/11/02,20,283,,,199,78,,
2014/11/02,21,269,,,188,74,,
2014/11/02,22,234,,,158,69,,
2014/11/02,23,222,,,149,68,,
2014/11/02,24,230,,,157,68,,
2014/11/03,01,227,,,154,68,,
2014/11/03,02,226,,,150,71,,
2014/11/03,03,230,,,156,69,,
2014/11/03,04,206,,,137,64,,
2014/11/03,05,184,,,117,61,,
2014/11/03,06,191,,,124,62,,
2014/11/03,07,223,,,154,65,,
2014/11/03,08,236,,,160,70,,
2014/11/03,09,290,,,204,81,,
2014/11/03,10,339,,,235,98,,
2014/11/03,11,363,,,258,99,,
2014/11/03,12,371,,,264,102,,
2014/11/03,13,338,,,239,93,,
2014/11/03,14,365,,,258,102,,
2014/11/03,15,344,,,242,96,,
2014/11/03,16,332,,,232,93,,
2014/11/03,17,337,,,236,96,,
2014/11/03,18,330,,,230,94,,
2014/11/03,19,323,,,226,91,,
2014/11/03,20,286,,,199,81,,
2014/11/03,21,255,,,175,74,,
2014/11/03,22,233,,,161,67,,
2014/11/03,23,230,,,162,63,,
2014/11/03,24,211,,,144,62,,
2014/11/04,01,213,,,143,64,,
2014/11/04,02,191,,,119,66,,
2014/11/04,03,188,,,120,62,,
2014/11/04,04,175,,,113,57,,
2014/11/04,05,168,,,108,56,,
2014/11/04,06,157,,,96,55,,
2014/11/04,07,194,,,129,59,,
2014/11/04,08,229,,,156,67,,
2014/11/04,09,275,,,189,80,,
2014/11/04,10,329,,,222,101,,
2014/11/04,11,357,,,247,104,,
2014/11/04,12,356,,,246,104,,
2014/11/04,13,363,,,262,95,,
2014/11/04,14,373,,,264,103,,
2014/11/04,15,364,,,257,102,,
2014/11/04,16,334,,,227,100,,
2014/11/04,17,307,,,204,97,,
2014/11/04,18,336,,,233,98,,
2014/11/04,19,333,,,230,98,,
2014/11/04,20,298,,,204,88,,
2014/11/04,21,269,,,186,77,,
2014/11/04,22,228,,,156,67,,
2014/11/04,23,228,,,159,64,,
2014/11/04,24,222,,,153,64,,
2014/11/05,01,198,,,129,64,,
2014/11/05,02,195,,,124,65,,
2014/11/05,03,174,,,106,63,,
2014/11/05,04,161,,,101,55,,
2014/11/05,05,171,,,111,55,,
2014/11/05,06,174,,,112,56,,
2014/11/05,07,214,,,149,60,,
2014/11/05,08,220,,,148,67,,
2014/11/05,09,264,,,182,76,,
2014/11/05,10,307,,,202,100,,
2014/11/05,11,337,,,225,106,,
2014/11/05,12,346,,,236,104,,
2014/11/05,13,345,,,245,94,,
2014/11/05,14,360,,,250,103,,
2014/11/05,15,335,,,229,101,,
2014/11/05,16,327,,,225,95,,
2014/11/05,17,298,,,198,94,,
2014/11/05,18,343,,,243,94,,
2014/11/05,19,315,,,216,93,,
2014/11/05,20,308,,,220,82,,
2014/11/05,21,280,,,200,74,,
2014/11/05,22,248,,,176,66,,
2014/11/05,23,251,,,181,64,,
2014/11/05,24,228,,,158,64,,
2014/11/06,01,230,,,159,66,,
2014/11/06,02,219,,,144,71,,
2014/11/06,03,184,,,113,66,,
2014/11/06,04,182,,,116,60,,
2014/11/06,05,193,,,130,59,,
2014/11/06,06,184,,,121,58,,
2014/11/06,07,208,,,144,59,,
2014/11/06,08,241,,,167,69,,
2014/11/06,09,261,,,180,76,,
2014/11/06,10,317,,,217,94,,
2014/11/06,11,351,,,247,98,,
2014/11/06,12,351,,,244,101,,
2014/11/06,13,355,,,256,93,,
2014/11/06,14,364,,,258,100,,
2014/11/06,15,352,,,249,97,,
2014/11/06,16,321,,,221,94,,
2014/11/06,17,303,,,204,92,,
2014/11/06,18,320,,,224,90,,
2014/11/06,19,339,,,245,87,,
2014/11/06,20,302,,,217,79,,
2014/11/06,21,292,,,210,75,,
2014/11/06,22,270,,,197,67,,
2014/11/06,23,263,,,193,64,,
2014/11/06,24,244,,,176,63,,
2014/11/07,01,234,,,165,64,,
2014/11/07,02,207,,,133,69,,
2014/11/07,03,194,,,127,62,,
2014/11/07,04,173,,,109,58,,
2014/11/07,05,183,,,122,56,,
2014/11/07,06,203,,,140,58,,
2014/11/07,07,213,,,154,54,,
2014/11/07,08,247,,,176,66,,
2014/11/07,09,325,,,240,79,,
2014/11/07,10,322,,,219,97,,
2014/11/07,11,361,,,256,99,,
2014/11/07,12,361,,,255,101,,
2014/11/07,13,360,,,263,91,,
2014/11/07,14,351,,,244,102,,
2014/11/07,15,333,,,229,98,,
2014/11/07,16,332,,,229,96,,
2014/11/07,17,325,,,223,95,,
2014/11/07,18,326,,,226,95,,
2014/11/07,19,311,,,213,92,,
2014/11/07,20,292,,,206,80,,
2014/11/07,21,290,,,208,77,,
2014/11/07,22,258,,,186,66,,
2014/11/07,23,237,,,169,62,,
2014/11/07,24,234,,,167,61,,
2014/11/08,01,222,,,153,63,,
2014/11/08,02,215,,,142,68,,
2014/11/08,03,190,,,119,66,,
2014/11/08,04,190,,,124,61,,
2014/11/08,05,175,,,113,57,,
2014/11/08,06,183,,,120,58,,
2014/11/08,07,230,,,166,59,,
2014/11/08,08,273,,,198,69,,
2014/11/08,09,305,,,222,77,,
2014/11/08,10,322,,,230,87,,
2014/11/08,11,333,,,240,87,,
2014/11/08,12,357,,,266,86,,
2014/11/08,13,355,,,269,80,,
2014/11/08,14,350,,,258,87,,
2014/11/08,15,329,,,239,84,,
2014/11/08,16,306,,,221,79,,
2014/11/08,17,334,,,249,80,,
2014/11/08,18,312,,,226,81,,
2014/11/08,19,331,,,245,80,,
2014/11/08,20,286,,,208,71,,
2014/11/08,21,272,,,198,68,,
2014/11/08,22,252,,,184,63,,
2014/11/08,23,211,,,143,62,,
2014/11/08,24,218,,,151,62,,
2014/11/09,01,227,,,158,64,,
2014/11/09,02,210,,,135,70,,
2014/11/09,03,228,,,156,67,,
2014/11/09,04,195,,,127,64,,
2014/11/09,05,196,,,132,59,,
2014/11/09,06,203,,,138,60,,
2014/11/09,07,235,,,169,61,,
2014/11/09,08,256,,,180,70,,
2014/11/09,09,299,,,210,82,,
2014/11/09,10,330,,,236,89,,
2014/11/09,11,347,,,249,93,,
2014/11/09,12,336,,,240,91,,
2014/11/09,13,347,,,256,85,,
2014/11/09,14,398,,,304,89,,
2014/11/09,15,352,,,259,88,,
2014/11/09,16,332,,,238,88,,
2014/11/09,17,317,,,225,86,,
2014/11/09,18,315,,,222,86,,
2014/11/09,19,316,,,230,79,,
2014/11/09,20,279,,,202,72,,
2014/11/09,21,255,,,181,68,,
2014/11/09,22,251,,,181,65,,
2014/11/09,23,249,,,175,68,,
2014/11/09,24,244,,,173,65,,
2014/11/10,01,219,,,146,67,,
2014/11/10,02,191,,,117,68,,
2014/11/10,03,193,,,121,66,,
2014/11/10,04,189,,,121,63,,
2014/11/10,05,182,,,117,60,,
2014/11/10,06,181,,,114,62,,
2014/11/10,07,207,,,141,61,,
2014/11/10,08,246,,,172,69,,
2014/11/10,09,288,,,202,80,,
2014/11/10,10,327,,,221,100,,
2014/11/10,11,362,,,255,101,,
2014/11/10,12,370,,,261,103,,
2014/11/10,13,368,,,268,94,,
2014/11/10,14,370,,,264,100,,
2014/11/10,15,361,,,258,98,,
2014/11/10,16,337,,,235,95,,
2014/11/10,17,311,,,213,93,,
2014/11/10,18,352,,,254,92,,
2014/11/10,19,315,,,224,85,,
2014/11/10,20,285,,,203,76,,
2014/11/10,21,269,,,193,70,,
2014/11/10,22,242,,,170,66,,
2014/11/10,23,226,,,156,64,,
2014/11/10,24,234,,,166,63,,
2014/11/11,01,232,,,163,64,,
2014/11/11,02,221,,,151,65,,
2014/11/11,03,224,,,153,66,,
2014/11/11,04,188,,,124,59,,
2014/11/11,05,190,,,128,57,,
2014/11/11,06,185,,,122,58,,
2014/11/11,07,220,,,153,62,,
2014/11/11,08,253,,,176,71,,
2014/11/11,09,273,,,190,78,,
2014/11/11,10,337,,,235,98,,
2014/11/11,11,343,,,236,102,,
2014/11/11,12,375,,,266,103,,
2014/11/11,13,339,,,242,92,,
2014/11/11,14,368,,,264,99,,
2014/11/11,15,319,,,217,96,,
2014/11/11,16,312,,,211,94,,
2014/11/11,17,300,,,199,94,,
2014/11/11,18,298,,,199,94,,
2014/11/11,19,304,,,208,89,,
2014/11/11,20,264,,,181,77,,
2014/11/11,21,263,,,188,68,,
2014/11/11,22,248,,,176,66,,
2014/11/11,23,228,,,157,65,,
2014/11/11,24,226,,,157,62,,
2014/11/12,01,222,,,157,60,,
2014/11/12,02,214,,,142,67,,
2014/11/12,03,175,,,110,59,,
2014/11/12,04,175,,,116,55,,
2014/11/12,05,176,,,115,55,,
2014/11/12,06,186,,,124,56,,
2014/11/12,07,222,,,157,60,,
2014/11/12,08,250,,,177,67,,
2014/11/12,09,301,,,215,80,,
2014/11/12,10,329,,,225,99,,
2014/11/12,11,348,,,241,101,,
2014/11/12,12,350,,,245,99,,
2014/11/12,13,350,,,251,93,,
2014/11/12,14,359,,,253,100,,
2014/11/12,15,357,,,254,98,,
2014/11/12,16,324,,,223,94,,
2014/11/12,17,319,,,219,93,,
2014/11/12,18,312,,,211,95,,
2014/11/12,19,298,,,205,87,,
2014/11/12,20,279,,,194,78,,
2014/11/12,21,258,,,180,72,,
2014/11/12,22,224,,,151,66,,
2014/11/12,23,220,,,151,64,,
2014/11/12,24,232,,,160,65,,
2014/11/13,01,210,,,137,67,,
2014/11/13,02,205,,,129,70,,
2014/11/13,03,211,,,136,70,,
2014/11/13,04,190,,,119,65,,
2014/11/13,05,175,,,108,61,,
2014/11/13,06,177,,,109,63,,
2014/11/13,07,204,,,134,65,,
2014/11/13,08,235,,,158,71,,
2014/11/13,09,257,,,175,76,,
2014/11/13,10,294,,,194,94,,
2014/11/13,11,322,,,222,95,,
2014/11/13,12,327,,,222,99,,
2014/11/13,13,334,,,235,93,,
2014/11/13,14,318,,,217,95,,
2014/11/13,15,321,,,227,89,,
2014/11/13,16,283,,,190,87,,
2014/11/13,17,279,,,186,87,,
2014/11/13,18,302,,,208,87,,
2014/11/13,19,293,,,206,82,,
2014/11/13,20,267,,,187,74,,
2014/11/13,21,240,,,164,70,,
2014/11/13,22,244,,,173,65,,
2014/11/13,23,237,,,168,63,,
2014/11/13,24,228,,,158,65,,
2014/11/14,01,217,,,144,67,,
2014/11/14,02,194,,,119,69,,
2014/11/14,03,176,,,105,66,,
2014/11/14,04,163,,,96,62,,
2014/11/14,05,158,,,95,58,,
2014/11/14,06,169,,,104,59,,
2014/11/14,07,207,,,136,65,,
2014/11/14,08,255,,,174,75,,
2014/11/14,09,284,,,198,80,,
2014/11/14,10,315,,,214,95,,
2014/11/14,11,354,,,251,97,,
2014/11/14,12,349,,,244,99,,
2014/11/14,13,328,,,231,92,,
2014/11/14,14,317,,,215,97,,
2014/11/14,15,330,,,228,97,,
2014/11/14,16,330,,,233,91,,
2014/11/14,17,295,,,198,91,,
2014/11/14,18,295,,,200,88,,
2014/11/14,19,298,,,207,85,,
2014/11/14,20,280,,,192,81,,
2014/11/14,21,247,,,161,80,,
2014/11/14,22,234,,,157,71,,
2014/11/14,23,211,,,139,66,,
2014/11/14,24,210,,,139,66,,
2014/11/15,01,223,,,151,67,,
2014/11/15,02,187,,,111,70,,
2014/11/15,03,190,,,114,70,,
2014/11/15,04,167,,,96,65,,
2014/11/15,05,165,,,99,60,,
2014/11/15,06,174,,,107,61,,
2014/11/15,07,221,,,150,65,,
2014/11/15,08,268,,,187,75,,
2014/11/15,09,288,,,204,77,,
2014/11/15,10,301,,,214,82,,
2014/11/15,11,322,,,233,83,,
2014/11/15,12,335,,,243,86,,
2014/11/15,13,331,,,242,82,,
2014/11/15,14,332,,,242,84,,
2014/11/15,15,313,,,225,82,,
2014/11/15,16,290,,,206,78,,
2014/11/15,17,290,,,203,80,,
2014/11/15,18,276,,,191,79,,
2014/11/15,19,289,,,206,76,,
2014/11/15,20,263,,,186,71,,
2014/11/15,21,216,,,146,64,,
2014/11/15,22,221,,,152,63,,
2014/11/15,23,194,,,126,63,,
2014/11/15,24,205,,,137,62,,
2014/11/16,01,195,,,126,64,,
2014/11/16,02,191,,,119,66,,
2014/11/16,03,180,,,110,64,,
2014/11/16,04,166,,,98,63,,
2014/11/16,05,171,,,104,62,,
2014/11/16,06,171,,,104,61,,
2014/11/16,07,199,,,134,60,,
2014/11/16,08,240,,,165,69,,
2014/11/16,09,274,,,191,78,,
2014/11/16,10,294,,,211,78,,
2014/11/16,11,318,,,233,79,,
2014/11/16,12,314,,,225,83,,
2014/11/16,13,315,,,226,82,,
2014/11/16,14,316,,,229,81,,
2014/11/16,15,293,,,209,79,,
2014/11/16,16,270,,,189,75,,
2014/11/16,17,241,,,160,76,,
2014/11/16,18,266,,,184,76,,
2014/11/16,19,272,,,188,78,,
2014/11/16,20,233,,,154,73,,
2014/11/16,21,243,,,166,70,,
2014/11/16,22,220,,,148,66,,
2014/11/16,23,219,,,151,63,,
2014/11/16,24,208,,,139,63,,
2014/11/17,01,200,,,132,63,,
2014/11/17,02,173,,,103,64,,
2014/11/17,03,185,,,115,64,,
2014/11/17,04,153,,,89,58,,
2014/11/17,05,173,,,111,57,,
2014/11/17,06,157,,,94,58,,
2014/11/17,07,199,,,135,58,,
2014/11/17,08,234,,,154,73,,
2014/11/17,09,278,,,186,85,,
2014/11/17,10,315,,,207,102,,
2014/11/17,11,346,,,238,102,,
2014/11/17,12,336,,,220,110,,
2014/11/17,13,339,,,238,95,,
2014/11/17,14,333,,,219,108,,
2014/11/17,15,309,,,196,106,,
2014/11/17,16,305,,,199,99,,
2014/11/17,17,285,,,181,97,,
2014/11/17,18,305,,,207,92,,
2014/11/17,19,287,,,195,85,,
2014/11/17,20,272,,,188,78,,
2014/11/17,21,249,,,171,72,,
2014/11/17,22,221,,,151,64,,
2014/11/17,23,209,,,142,61,,
2014/11/17,24,192,,,125,61,,
2014/11/18,01,223,,,155,63,,
2014/11/18,02,191,,,120,66,,
2014/11/18,03,200,,,130,64,,
2014/11/18,04,171,,,103,62,,
2014/11/18,05,165,,,103,56,,
2014/11/18,06,163,,,100,57,,
2014/11/18,07,189,,,123,60,,
2014/11/18,08,250,,,170,74,,
2014/11/18,09,284,,,196,82,,
2014/11/18,10,316,,,207,103,,
2014/11/18,11,341,,,228,107,,
2014/11/18,12,345,,,233,106,,
2014/11/18,13,349,,,244,98,,
2014/11/18,14,336,,,226,104,,
2014/11/18,15,326,,,216,104,,
2014/11/18,16,309,,,202,101,,
2014/11/18,17,286,,,178,101,,
2014/11/18,18,314,,,206,102,,
2014/11/18,19,299,,,195,98,,
2014/11/18,20,272,,,184,82,,
2014/11/18,21,249,,,168,76,,
2014/11/18,22,237,,,164,66,,
2014/11/18,23,224,,,155,63,,
2014/11/18,24,231,,,163,62,,
2014/11/19,01,217,,,149,63,,
2014/11/19,02,189,,,119,64,,
2014/11/19,03,182,,,113,64,,
2014/11/19,04,155,,,93,56,,
2014/11/19,05,167,,,107,55,,
2014/11/19,06,163,,,102,55,,
2014/11/19,07,201,,,136,59,,
2014/11/19,08,228,,,155,68,,
2014/11/19,09,259,,,175,78,,
2014/11/19,10,303,,,201,97,,
2014/11/19,11,339,,,233,100,,
2014/11/19,12,336,,,229,101,,
2014/11/19,13,332,,,234,91,,
2014/11/19,14,333,,,229,98,,
2014/11/19,15,317,,,218,93,,
2014/11/19,16,299,,,203,90,,
2014/11/19,17,281,,,184,91,,
2014/11/19,18,279,,,183,89,,
2014/11/19,19,319,,,228,85,,
2014/11/19,20,278,,,196,76,,
2014/11/19,21,256,,,179,72,,
2014/11/19,22,251,,,180,64,,
2014/11/19,23,227,,,158,63,,
2014/11/19,24,257,,,184,68,,
2014/11/20,01,224,,,153,66,,
2014/11/20,02,204,,,132,67,,
2014/11/20,03,179,,,109,64,,
2014/11/20,04,162,,,98,59,,
2014/11/20,05,167,,,104,58,,
2014/11/20,06,163,,,99,59,,
2014/11/20,07,213,,,148,60,,
2014/11/20,08,223,,,150,66,,
2014/11/20,09,257,,,175,76,,
2014/11/20,10,307,,,209,93,,
2014/11/20,11,339,,,235,98,,
2014/11/20,12,335,,,228,101,,
2014/11/20,13,343,,,244,93,,
2014/11/20,14,325,,,221,97,,
2014/11/20,15,316,,,216,94,,
2014/11/20,16,292,,,194,91,,
2014/11/20,17,292,,,194,91,,
2014/11/20,18,277,,,180,90,,
2014/11/20,19,264,,,170,87,,
2014/11/20,20,247,,,164,77,,
2014/11/20,21,228,,,150,72,,
2014/11/20,22,243,,,171,66,,
2014/11/20,23,224,,,153,65,,
2014/11/20,24,226,,,157,63,,
2014/11/21,01,215,,,144,65,,
2014/11/21,02,173,,,102,65,,
2014/11/21,03,191,,,121,65,,
2014/11/21,04,163,,,97,61,,
2014/11/21,05,160,,,98,56,,
2014/11/21,06,166,,,102,58,,
2014/11/21,07,189,,,124,59,,
2014/11/21,08,226,,,152,68,,
2014/11/21,09,304,,,218,80,,
2014/11/21,10,320,,,217,98,,
2014/11/21,11,343,,,233,105,,
2014/11/21,12,365,,,252,107,,
2014/11/21,13,352,,,254,92,,
2014/11/21,14,327,,,216,105,,
2014/11/21,15,327,,,219,103,,
2014/11/21,16,314,,,210,98,,
2014/11/21,17,295,,,193,96,,
2014/11/21,18,293,,,193,94,,
2014/11/21,19,284,,,185,93,,
2014/11/21,20,284,,,190,87,,
2014/11/21,21,277,,,186,85,,
2014/11/21,22,212,,,138,68,,
2014/11/21,23,197,,,129,63,,
2014/11/21,24,187,,,120,62,,
2014/11/22,01,194,,,124,64,,
2014/11/22,02,199,,,125,68,,
2014/11/22,03,184,,,111,68,,
2014/11/22,04,173,,,105,62,,
2014/11/22,05,184,,,121,58,,
2014/11/22,06,178,,,115,57,,
2014/11/22,07,220,,,150,64,,
2014/11/22,08,252,,,174,72,,
2014/11/22,09,274,,,188,80,,
2014/11/22,10,298,,,210,83,,
2014/11/22,11,317,,,228,84,,
2014/11/22,12,332,,,239,87,,
2014/11/22,13,326,,,237,83,,
2014/11/22,14,326,,,238,83,,
2014/11/22,15,312,,,225,81,,
2014/11/22,16,284,,,197,80,,
2014/11/22,17,294,,,207,80,,
2014/11/22,18,305,,,220,80,,
2014/11/22,19,298,,,213,78,,
2014/11/22,20,281,,,204,71,,
2014/11/22,21,239,,,167,66,,
2014/11/22,22,253,,,181,65,,
2014/11/22,23,217,,,147,64,,
2014/11/22,24,211,,,142,63,,
2014/11/23,01,192,,,124,64,,
2014/11/23,02,193,,,120,68,,
2014/11/23,03,169,,,99,65,,
2014/11/23,04,173,,,105,62,,
2014/11/23,05,163,,,99,58,,
2014/11/23,06,160,,,100,55,,
2014/11/23,07,190,,,124,60,,
2014/11/23,08,231,,,154,70,,
2014/11/23,09,274,,,188,79,,
2014/11/23,10,301,,,213,82,,
2014/11/23,11,326,,,238,82,,
2014/11/23,12,346,,,258,82,,
2014/11/23,13,356,,,268,82,,
2014/11/23,14,336,,,248,82,,
2014/11/23,15,310,,,227,77,,
2014/11/23,16,290,,,211,74,,
2014/11/23,17,260,,,180,75,,
2014/11/23,18,264,,,178,79,,
2014/11/23,19,270,,,186,78,,
2014/11/23,20,247,,,170,70,,
2014/11/23,21,249,,,176,67,,
2014/11/23,22,220,,,149,64,,
2014/11/23,23,227,,,158,62,,
2014/11/23,24,216,,,148,61,,
2014/11/24,01,208,,,140,62,,
2014/11/24,02,193,,,120,68,,
2014/11/24,03,196,,,126,64,,
2014/11/24,04,173,,,105,62,,
2014/11/24,05,158,,,95,58,,
2014/11/24,06,170,,,106,58,,
2014/11/24,07,200,,,134,61,,
2014/11/24,08,234,,,156,72,,
2014/11/24,09,286,,,194,85,,
2014/11/24,10,323,,,216,102,,
2014/11/24,11,345,,,238,101,,
2014/11/24,12,338,,,226,105,,
2014/11/24,13,357,,,257,93,,
2014/11/24,14,348,,,238,105,,
2014/11/24,15,327,,,221,100,,
2014/11/24,16,313,,,212,94,,
2014/11/24,17,276,,,174,95,,
2014/11/24,18,280,,,181,92,,
2014/11/24,19,282,,,190,86,,
2014/11/24,20,271,,,183,83,,
2014/11/24,21,231,,,147,77,,
2014/11/24,22,234,,,164,64,,
2014/11/24,23,236,,,169,62,,
2014/11/24,24,216,,,148,62,,
2014/11/25,01,212,,,141,64,,
2014/11/25,02,190,,,119,65,,
2014/11/25,03,183,,,114,63,,
2014/11/25,04,170,,,109,56,,
2014/11/25,05,169,,,108,56,,
2014/11/25,06,166,,,103,58,,
2014/11/25,07,210,,,143,62,,
2014/11/25,08,252,,,173,73,,
2014/11/25,09,279,,,193,81,,
2014/11/25,10,318,,,208,104,,
2014/11/25,11,344,,,229,109,,
2014/11/25,12,340,,,224,110,,
2014/11/25,13,336,,,231,98,,
2014/11/25,14,341,,,227,108,,
2014/11/25,15,306,,,191,109,,
2014/11/25,16,301,,,190,104,,
2014/11/25,17,291,,,179,106,,
2014/11/25,18,303,,,192,105,,
2014/11/25,19,289,,,184,98,,
2014/11/25,20,246,,,158,81,,
2014/11/25,21,251,,,171,73,,
2014/11/25,22,236,,,163,67,,
2014/11/25,23,244,,,173,65,,
2014/11/25,24,217,,,148,63,,
2014/11/26,01,233,,,165,63,,
2014/11/26,02,243,,,169,67,,
2014/11/26,03,188,,,123,61,,
2014/11/26,04,173,,,110,57,,
2014/11/26,05,174,,,114,56,,
2014/11/26,06,187,,,125,56,,
2014/11/26,07,215,,,149,60,,
2014/11/26,08,243,,,168,69,,
2014/11/26,09,260,,,175,78,,
2014/11/26,10,309,,,207,97,,
2014/11/26,11,333,,,225,102,,
2014/11/26,12,331,,,223,102,,
2014/11/26,13,340,,,241,92,,
2014/11/26,14,337,,,229,102,,
2014/11/26,15,309,,,207,96,,
2014/11/26,16,286,,,188,91,,
2014/11/26,17,291,,,191,94,,
2014/11/26,18,275,,,176,93,,
2014/11/26,19,320,,,220,93,,
2014/11/26,20,278,,,191,81,,
2014/11/26,21,255,,,175,73,,
2014/11/26,22,248,,,176,65,,
2014/11/26,23,231,,,162,63,,
2014/11/26,24,241,,,172,64,,
2014/11/27,01,228,,,156,67,,
2014/11/27,02,222,,,146,71,,
2014/11/27,03,204,,,131,67,,
2014/11/27,04,180,,,111,64,,
2014/11/27,05,180,,,117,58,,
2014/11/27,06,185,,,124,56,,
2014/11/27,07,210,,,146,59,,
2014/11/27,08,251,,,177,67,,
2014/11/27,09,274,,,191,77,,
2014/11/27,10,306,,,205,95,,
2014/11/27,11,322,,,215,101,,
2014/11/27,12,322,,,211,105,,
2014/11/27,13,356,,,253,97,,
2014/11/27,14,338,,,231,102,,
2014/11/27,15,317,,,212,99,,
2014/11/27,16,298,,,196,95,,
2014/11/27,17,290,,,190,94,,
2014/11/27,18,306,,,208,92,,
2014/11/27,19,295,,,197,92,,
2014/11/27,20,273,,,184,82,,
2014/11/27,21,236,,,154,76,,
2014/11/27,22,252,,,179,67,,
2014/11/27,23,235,,,167,62,,
2014/11/27,24,221,,,154,62,,
2014/11/28,01,189,,,122,62,,
2014/11/28,02,208,,,134,68,,
2014/11/28,03,191,,,121,65,,
2014/11/28,04,176,,,111,59,,
2014/11/28,05,178,,,116,57,,
2014/11/28,06,178,,,118,55,,
2014/11/28,07,205,,,144,56,,
2014/11/28,08,234,,,164,65,,
2014/11/28,09,290,,,206,79,,
2014/11/28,10,298,,,194,99,,
2014/11/28,11,332,,,225,101,,
2014/11/28,12,346,,,234,105,,
2014/11/28,13,323,,,222,95,,
2014/11/28,14,340,,,227,107,,
2014/11/28,15,303,,,197,100,,
2014/11/28,16,285,,,184,95,,
2014/11/28,17,309,,,203,99,,
2014/11/28,18,307,,,203,98,,
2014/11/28,19,297,,,196,95,,
2014/11/28,20,283,,,189,87,,
2014/11/28,21,268,,,185,76,,
2014/11/28,22,231,,,161,65,,
2014/11/28,23,204,,,136,62,,
2014/11/28,24,197,,,131,61,,
2014/11/29,01,205,,,135,64,,
2014/11/29,02,215,,,142,67,,
2014/11/29,03,200,,,128,67,,
2014/11/29,04,168,,,102,60,,
2014/11/29,05,197,,,135,56,,
2014/11/29,06,205,,,141,59,,
2014/11/29,07,244,,,175,63,,
2014/11/29,08,266,,,188,72,,
2014/11/29,09,293,,,209,78,,
2014/11/29,10,326,,,237,84,,
2014/11/29,11,315,,,224,86,,
2014/11/29,12,326,,,231,89,,
2014/11/29,13,318,,,225,87,,
2014/11/29,14,313,,,221,86,,
2014/11/29,15,309,,,219,84,,
2014/11/29,16,301,,,214,81,,
2014/11/29,17,297,,,210,81,,
2014/11/29,18,277,,,189,82,,
2014/11/29,19,303,,,220,77,,
2014/11/29,20,291,,,216,69,,
2014/11/29,21,254,,,185,64,,
2014/11/29,22,215,,,147,62,,
2014/11/29,23,212,,,145,62,,
2014/11/29,24,207,,,139,62,,
2014/11/30,01,195,,,126,63,,
2014/11/30,02,207,,,136,66,,
2014/11/30,03,194,,,122,66,,
2014/11/30,04,182,,,112,65,,
2014/11/30,05,169,,,105,59,,
2014/11/30,06,167,,,104,58,,
2014/11/30,07,195,,,127,63,,
2014/11/30,08,250,,,170,74,,
2014/11/30,09,279,,,195,78,,
2014/11/30,10,306,,,219,82,,
2014/11/30,11,323,,,235,82,,
2014/11/30,12,312,,,223,84,,
2014/11/30,13,328,,,242,80,,
2014/11/30,14,318,,,231,82,,
2014/11/30,15,305,,,220,79,,
2014/11/30,16,267,,,184,76,,
2014/11/30,17,259,,,177,76,,
2014/11/30,18,261,,,177,78,,
2014/11/30,19,275,,,191,78,,
2014/11/30,20,257,,,173,77,,
2014/11/30,21,251,,,172,73,,
2014/11/30,22,236,,,164,65,,
2014/11/30,23,229,,,158,65,,
2014/11/30,24,214,,,144,64,,
2014/12/01,01,221,,,148,67,,
2014/12/01,02,201,,,127,69,,
2014/12/01,03,202,,,129,67,,
2014/12/01,04,179,,,109,65,,
2014/12/01,05,175,,,111,58,,
2014/12/01,06,170,,,105,60,,
2014/12/01,07,205,,,139,61,,
2014/12/01,08,229,,,152,72,,
2014/12/01,09,293,,,202,85,,
2014/12/01,10,301,,,192,104,,
2014/12/01,11,343,,,232,105,,
2014/12/01,12,342,,,226,110,,
2014/12/01,13,349,,,245,98,,
2014/12/01,14,327,,,214,106,,
2014/12/01,15,310,,,200,103,,
2014/12/01,16,296,,,193,97,,
2014/12/01,17,286,,,178,102,,
2014/12/01,18,276,,,174,97,,
2014/12/01,19,279,,,178,94,,
2014/12/01,20,251,,,163,83,,
2014/12/01,21,224,,,145,73,,
2014/12/01,22,232,,,162,64,,
2014/12/01,23,227,,,159,62,,
2014/12/01,24,204,,,137,62,,
2014/12/02,01,215,,,146,63,,
2014/12/02,02,206,,,134,67,,
2014/12/02,03,175,,,112,58,,
2014/12/02,04,157,,,97,55,,
2014/12/02,05,172,,,111,55,,
2014/12/02,06,173,,,112,56,,
2014/12/02,07,202,,,138,59,,
2014/12/02,08,230,,,157,68,,
2014/12/02,09,282,,,197,79,,
2014/12/02,10,312,,,206,100,,
2014/12/02,11,330,,,224,100,,
2014/12/02,12,332,,,223,103,,
2014/12/02,13,327,,,226,95,,
2014/12/02,14,323,,,217,101,,
2014/12/02,15,305,,,199,100,,
2014/12/02,16,283,,,178,98,,
2014/12/02,17,269,,,165,97,,
2014/12/02,18,278,,,174,98,,
2014/12/02,19,293,,,189,98,,
2014/12/02,20,251,,,163,82,,
2014/12/02,21,244,,,162,75,,
2014/12/02,22,210,,,136,68,,
2014/12/02,23,215,,,145,64,,
2014/12/02,24,203,,,135,63,,
2014/12/03,01,211,,,139,66,,
2014/12/03,02,197,,,124,67,,
2014/12/03,03,195,,,126,64,,
2014/12/03,04,177,,,114,57,,
2014/12/03,05,151,,,89,56,,
2014/12/03,06,169,,,106,58,,
2014/12/03,07,188,,,117,65,,
2014/12/03,08,251,,,172,73,,
2014/12/03,09,290,,,201,83,,
2014/12/03,10,309,,,198,105,,
2014/12/03,11,347,,,234,107,,
2014/12/03,12,337,,,221,110,,
2014/12/03,13,351,,,246,98,,
2014/12/03,14,327,,,216,105,,
2014/12/03,15,313,,,207,100,,
2014/12/03,16,296,,,192,98,,
2014/12/03,17,307,,,201,99,,
2014/12/03,18,297,,,192,99,,
2014/12/03,19,280,,,180,93,,
2014/12/03,20,275,,,194,75,,
2014/12/03,21,251,,,174,70,,
2014/12/03,22,239,,,166,66,,
2014/12/03,23,213,,,144,63,,
2014/12/03,24,212,,,143,63,,
2014/12/04,01,194,,,125,65,,
2014/12/04,02,203,,,128,69,,
2014/12/04,03,192,,,120,66,,
2014/12/04,04,173,,,106,62,,
2014/12/04,05,165,,,104,57,,
2014/12/04,06,163,,,99,58,,
2014/12/04,07,198,,,131,62,,
2014/12/04,08,231,,,154,71,,
2014/12/04,09,276,,,189,80,,
2014/12/04,10,307,,,205,96,,
2014/12/04,11,325,,,219,100,,
2014/12/04,12,337,,,229,103,,
2014/12/04,13,348,,,249,93,,
2014/12/04,14,346,,,237,102,,
2014/12/04,15,313,,,208,98,,
2014/12/04,16,288,,,191,91,,
2014/12/04,17,290,,,189,94,,
2014/12/04,18,297,,,198,93,,
2014/12/04,19,309,,,211,91,,
2014/12/04,20,281,,,189,85,,
2014/12/04,21,262,,,182,74,,
2014/12/04,22,232,,,160,66,,
2014/12/04,23,211,,,140,64,,
2014/12/04,24,198,,,128,63,,
2014/12/05,01,187,,,118,64,,
2014/12/05,02,190,,,119,65,,
2014/12/05,03,176,,,106,65,,
2014/12/05,04,166,,,101,59,,
2014/12/05,05,152,,,90,56,,
2014/12/05,06,164,,,101,57,,
2014/12/05,07,202,,,137,59,,
2014/12/05,08,245,,,171,68,,
2014/12/05,09,272,,,187,79,,
2014/12/05,10,318,,,213,99,,
2014/12/05,11,342,,,232,105,,
2014/12/05,12,336,,,221,109,,
2014/12/05,13,332,,,227,98,,
2014/12/05,14,325,,,210,108,,
2014/12/05,15,314,,,203,105,,
2014/12/05,16,297,,,188,102,,
2014/12/05,17,312,,,200,105,,
2014/12/05,18,296,,,188,101,,
2014/12/05,19,284,,,185,92,,
2014/12/05,20,284,,,192,85,,
2014/12/05,21,281,,,194,80,,
2014/12/05,22,243,,,170,67,,
2014/12/05,23,194,,,126,62,,
2014/12/05,24,204,,,135,63,,
2014/12/06,01,190,,,121,64,,
2014/12/06,02,185,,,111,68,,
2014/12/06,03,204,,,131,68,,
2014/12/06,04,177,,,106,64,,
2014/12/06,05,174,,,110,57,,
2014/12/06,06,190,,,126,57,,
2014/12/06,07,233,,,164,63,,
2014/12/06,08,267,,,188,73,,
2014/12/06,09,284,,,197,80,,
2014/12/06,10,307,,,217,84,,
2014/12/06,11,336,,,246,84,,
2014/12/06,12,324,,,229,88,,
2014/12/06,13,326,,,229,90,,
2014/12/06,14,319,,,222,91,,
2014/12/06,15,299,,,207,85,,
2014/12/06,16,283,,,197,79,,
2014/12/06,17,279,,,190,82,,
2014/12/06,18,260,,,174,79,,
2014/12/06,19,251,,,168,77,,
2014/12/06,20,236,,,162,67,,
2014/12/06,21,242,,,172,63,,
2014/12/06,22,231,,,162,63,,
2014/12/06,23,187,,,119,62,,
2014/12/06,24,198,,,130,61,,
2014/12/07,01,174,,,103,64,,
2014/12/07,02,190,,,115,69,,
2014/12/07,03,173,,,101,65,,
2014/12/07,04,167,,,103,59,,
2014/12/07,05,156,,,94,56,,
2014/12/07,06,166,,,105,55,,
2014/12/07,07,207,,,140,62,,
2014/12/07,08,223,,,146,69,,
2014/12/07,09,264,,,181,77,,
2014/12/07,10,281,,,193,82,,
2014/12/07,11,312,,,226,80,,
2014/12/07,12,308,,,221,81,,
2014/12/07,13,312,,,226,79,,
2014/12/07,14,305,,,218,81,,
2014/12/07,15,289,,,205,78,,
2014/12/07,16,274,,,193,74,,
2014/12/07,17,274,,,193,74,,
2014/12/07,18,267,,,184,77,,
2014/12/07,19,266,,,182,78,,
2014/12/07,20,253,,,176,71,,
2014/12/07,21,240,,,165,68,,
2014/12/07,22,207,,,136,65,,
2014/12/07,23,243,,,173,65,,
2014/12/07,24,227,,,156,65,,
2014/12/08,01,208,,,137,65,,
2014/12/08,02,208,,,136,66,,
2014/12/08,03,191,,,118,66,,
2014/12/08,04,161,,,95,61,,
2014/12/08,05,165,,,99,60,,
2014/12/08,06,169,,,104,59,,
2014/12/08,07,202,,,133,63,,
2014/12/08,08,252,,,173,73,,
2014/12/08,09,292,,,199,87,,
2014/12/08,10,325,,,211,108,,
2014/12/08,11,346,,,232,108,,
2014/12/08,12,342,,,227,109,,
2014/12/08,13,338,,,233,98,,
2014/12/08,14,326,,,209,111,,
2014/12/08,15,315,,,205,104,,
2014/12/08,16,286,,,180,100,,
2014/12/08,17,280,,,176,97,,
2014/12/08,18,295,,,193,97,,
2014/12/08,19,299,,,195,96,,
2014/12/08,20,272,,,175,90,,
2014/12/08,21,233,,,147,80,,
2014/12/08,22,210,,,139,65,,
2014/12/08,23,228,,,159,64,,
2014/12/08,24,222,,,154,62,,
2014/12/09,01,209,,,138,65,,
2014/12/09,02,202,,,128,68,,
2014/12/09,03,172,,,107,59,,
2014/12/09,04,153,,,92,56,,
2014/12/09,05,156,,,94,56,,
2014/12/09,06,158,,,95,57,,
2014/12/09,07,175,,,108,62,,
2014/12/09,08,236,,,160,70,,
2014/12/09,09,288,,,197,85,,
2014/12/09,10,309,,,200,103,,
2014/12/09,11,344,,,230,108,,
2014/12/09,12,351,,,238,107,,
2014/12/09,13,346,,,243,96,,
2014/12/09,14,343,,,226,111,,
2014/12/09,15,332,,,213,113,,
2014/12/09,16,314,,,201,107,,
2014/12/09,17,287,,,174,106,,
2014/12/09,18,295,,,182,106,,
2014/12/09,19,297,,,182,107,,
2014/12/09,20,275,,,171,97,,
2014/12/09,21,263,,,166,90,,
2014/12/09,22,236,,,161,69,,
2014/12/09,23,202,,,132,64,,
2014/12/09,24,194,,,126,62,,
2014/12/10,01,213,,,143,65,,
2014/12/10,02,195,,,123,66,,
2014/12/10,03,190,,,119,65,,
2014/12/10,04,180,,,117,57,,
2014/12/10,05,160,,,98,56,,
2014/12/10,06,165,,,103,56,,
2014/12/10,07,185,,,113,66,,
2014/12/10,08,245,,,167,72,,
2014/12/10,09,281,,,195,80,,
2014/12/10,10,337,,,229,101,,
2014/12/10,11,356,,,242,108,,
2014/12/10,12,361,,,247,108,,
2014/12/10,13,345,,,243,95,,
2014/12/10,14,354,,,242,106,,
2014/12/10,15,305,,,200,98,,
2014/12/10,16,290,,,185,98,,
2014/12/10,17,291,,,186,99,,
2014/12/10,18,280,,,180,93,,
2014/12/10,19,287,,,188,92,,
2014/12/10,20,267,,,179,81,,
2014/12/10,21,260,,,180,74,,
2014/12/10,22,233,,,158,68,,
2014/12/10,23,232,,,161,65,,
2014/12/10,24,208,,,137,65,,
2014/12/11,01,208,,,136,66,,
2014/12/11,02,195,,,121,69,,
2014/12/11,03,177,,,105,66,,
2014/12/11,04,171,,,101,65,,
2014/12/11,05,158,,,93,59,,
2014/12/11,06,165,,,102,58,,
2014/12/11,07,184,,,117,61,,
2014/12/11,08,254,,,175,72,,
2014/12/11,09,283,,,196,80,,
2014/12/11,10,312,,,207,100,,
2014/12/11,11,350,,,240,104,,
2014/12/11,12,338,,,226,106,,
2014/12/11,13,352,,,247,99,,
2014/12/11,14,354,,,241,106,,
2014/12/11,15,323,,,217,100,,
2014/12/11,16,293,,,195,92,,
2014/12/11,17,303,,,202,95,,
2014/12/11,18,279,,,182,91,,
2014/12/11,19,288,,,192,89,,
2014/12/11,20,282,,,192,83,,
2014/12/11,21,251,,,170,75,,
2014/12/11,22,209,,,136,66,,
2014/12/11,23,203,,,133,63,,
2014/12/11,24,235,,,167,63,,
2014/12/12,01,206,,,136,65,,
2014/12/12,02,200,,,127,67,,
2014/12/12,03,190,,,119,66,,
2014/12/12,04,161,,,96,59,,
2014/12/12,05,168,,,106,57,,
2014/12/12,06,178,,,114,59,,
2014/12/12,07,178,,,112,60,,
2014/12/12,08,239,,,164,69,,
2014/12/12,09,279,,,193,80,,
2014/12/12,10,312,,,205,100,,
2014/12/12,11,327,,,219,103,,
2014/12/12,12,340,,,230,104,,
2014/12/12,13,339,,,238,95,,
2014/12/12,14,340,,,231,103,,
2014/12/12,15,312,,,205,101,,
2014/12/12,16,287,,,184,97,,
2014/12/12,17,308,,,200,101,,
2014/12/12,18,296,,,190,99,,
2014/12/12,19,299,,,197,95,,
2014/12/12,20,272,,,181,85,,
2014/12/12,21,254,,,170,77,,
2014/12/12,22,218,,,143,69,,
2014/12/12,23,209,,,140,63,,
2014/12/12,24,197,,,131,60,,
2014/12/13,01,190,,,122,62,,
2014/12/13,02,186,,,114,66,,
2014/12/13,03,177,,,104,68,,
2014/12/13,04,163,,,96,61,,
2014/12/13,05,167,,,103,59,,
2014/12/13,06,187,,,124,58,,
2014/12/13,07,216,,,147,63,,
2014/12/13,08,256,,,177,72,,
2014/12/13,09,278,,,192,79,,
2014/12/13,10,304,,,216,82,,
2014/12/13,11,328,,,239,83,,
2014/12/13,12,337,,,249,82,,
2014/12/13,13,335,,,248,81,,
2014/12/13,14,314,,,226,82,,
2014/12/13,15,304,,,216,83,,
2014/12/13,16,288,,,203,78,,
2014/12/13,17,281,,,198,77,,
2014/12/13,18,269,,,182,81,,
2014/12/13,19,264,,,180,76,,
2014/12/13,20,253,,,179,66,,
2014/12/13,21,237,,,166,64,,
2014/12/13,22,204,,,135,63,,
2014/12/13,23,195,,,126,63,,
2014/12/13,24,196,,,128,62,,
2014/12/14,01,189,,,119,64,,
2014/12/14,02,191,,,118,66,,
2014/12/14,03,191,,,118,67,,
2014/12/14,04,177,,,104,66,,
2014/12/14,05,173,,,107,60,,
2014/12/14,06,176,,,111,59,,
2014/12/14,07,202,,,133,63,,
2014/12/14,08,247,,,166,74,,
2014/12/14,09,270,,,184,79,,
2014/12/14,10,293,,,204,83,,
2014/12/14,11,316,,,228,82,,
2014/12/14,12,312,,,223,83,,
2014/12/14,13,325,,,236,82,,
2014/12/14,14,339,,,250,82,,
2014/12/14,15,297,,,210,81,,
2014/12/14,16,275,,,195,73,,
2014/12/14,17,261,,,186,68,,
2014/12/14,18,246,,,163,76,,
2014/12/14,19,256,,,170,78,,
2014/12/14,20,238,,,156,76,,
2014/12/14,21,224,,,146,72,,
2014/12/14,22,236,,,158,72,,
2014/12/14,23,225,,,153,65,,
2014/12/14,24,205,,,135,64,,
2014/12/15,01,207,,,136,64,,
2014/12/15,02,185,,,110,68,,
2014/12/15,03,167,,,102,59,,
2014/12/15,04,174,,,110,58,,
2014/12/15,05,178,,,114,58,,
2014/12/15,06,184,,,120,58,,
2014/12/15,07,197,,,129,62,,
2014/12/15,08,248,,,165,76,,
2014/12/15,09,296,,,199,90,,
2014/12/15,10,338,,,220,111,,
2014/12/15,11,350,,,233,111,,
2014/12/15,12,339,,,218,115,,
2014/12/15,13,355,,,245,102,,
2014/12/15,14,342,,,222,113,,
2014/12/15,15,314,,,200,108,,
2014/12/15,16,286,,,176,102,,
2014/12/15,17,285,,,174,104,,
2014/12/15,18,291,,,184,100,,
2014/12/15,19,303,,,200,95,,
2014/12/15,20,270,,,175,88,,
2014/12/15,21,236,,,157,73,,
2014/12/15,22,212,,,140,66,,
2014/12/15,23,206,,,136,65,,
2014/12/15,24,205,,,135,64,,
2014/12/16,01,185,,,114,65,,
2014/12/16,02,191,,,118,68,,
2014/12/16,03,172,,,108,58,,
2014/12/16,04,172,,,110,56,,
2014/12/16,05,161,,,99,56,,
2014/12/16,06,143,,,80,56,,
2014/12/16,07,172,,,105,61,,
2014/12/16,08,225,,,147,71,,
2014/12/16,09,278,,,189,82,,
2014/12/16,10,319,,,207,106,,
2014/12/16,11,368,,,246,115,,
2014/12/16,12,351,,,228,116,,
2014/12/16,13,343,,,233,103,,
2014/12/16,14,358,,,236,114,,
2014/12/16,15,332,,,211,114,,
2014/12/16,16,307,,,191,109,,
2014/12/16,17,306,,,189,110,,
2014/12/16,18,294,,,181,106,,
2014/12/16,19,302,,,194,100,,
2014/12/16,20,261,,,170,84,,
2014/12/16,21,244,,,166,71,,
2014/12/16,22,209,,,135,66,,
2014/12/16,23,175,,,106,62,,
2014/12/16,24,208,,,142,61,,
2014/12/17,01,197,,,131,61,,
2014/12/17,02,183,,,112,65,,
2014/12/17,03,185,,,116,63,,
2014/12/17,04,157,,,96,55,,
2014/12/17,05,157,,,96,55,,
2014/12/17,06,165,,,103,55,,
2014/12/17,07,178,,,113,59,,
2014/12/17,08,229,,,153,70,,
2014/12/17,09,265,,,178,80,,
2014/12/17,10,321,,,213,101,,
2014/12/17,11,351,,,238,106,,
2014/12/17,12,339,,,224,108,,
2014/12/17,13,347,,,244,96,,
2014/12/17,14,347,,,233,107,,
2014/12/17,15,326,,,218,102,,
2014/12/17,16,315,,,211,97,,
2014/12/17,17,281,,,178,96,,
2014/12/17,18,304,,,200,96,,
2014/12/17,19,296,,,200,89,,
2014/12/17,20,260,,,170,82,,
2014/12/17,21,239,,,158,73,,
2014/12/17,22,218,,,144,67,,
2014/12/17,23,215,,,142,65,,
2014/12/17,24,201,,,130,64,,
2014/12/18,01,227,,,153,67,,
2014/12/18,02,202,,,125,70,,
2014/12/18,03,184,,,112,65,,
2014/12/18,04,173,,,106,60,,
2014/12/18,05,168,,,104,58,,
2014/12/18,06,176,,,113,57,,
2014/12/18,07,206,,,136,64,,
2014/12/18,08,254,,,171,75,,
2014/12/18,09,300,,,212,81,,
2014/12/18,10,344,,,235,103,,
2014/12/18,11,381,,,266,108,,
2014/12/18,12,352,,,235,109,,
2014/12/18,13,347,,,240,99,,
2014/12/18,14,346,,,236,104,,
2014/12/18,15,309,,,206,97,,
2014/12/18,16,299,,,198,94,,
2014/12/18,17,286,,,183,96,,
2014/12/18,18,281,,,182,92,,
2014/12/18,19,270,,,171,92,,
2014/12/18,20,235,,,144,84,,
2014/12/18,21,228,,,148,72,,
2014/12/18,22,207,,,136,64,,
2014/12/18,23,209,,,139,63,,
2014/12/18,24,210,,,140,63,,
2014/12/19,01,186,,,115,65,,
2014/12/19,02,189,,,116,66,,
2014/12/19,03,190,,,119,64,,
2014/12/19,04,192,,,124,61,,
2014/12/19,05,177,,,112,59,,
2014/12/19,06,187,,,123,57,,
2014/12/19,07,197,,,131,60,,
2014/12/19,08,247,,,167,72,,
2014/12/19,09,266,,,178,81,,
2014/12/19,10,336,,,223,106,,
2014/12/19,11,348,,,231,111,,
2014/12/19,12,353,,,233,113,,
2014/12/19,13,337,,,231,98,,
2014/12/19,14,344,,,229,108,,
2014/12/19,15,320,,,208,105,,
2014/12/19,16,314,,,202,106,,
2014/12/19,17,289,,,175,107,,
2014/12/19,18,309,,,195,106,,
2014/12/19,19,275,,,164,103,,
2014/12/19,20,242,,,148,88,,
2014/12/19,21,223,,,145,72,,
2014/12/19,22,224,,,151,66,,
2014/12/19,23,191,,,120,64,,
2014/12/19,24,188,,,119,63,,
2014/12/20,01,180,,,106,67,,
2014/12/20,02,176,,,101,69,,
2014/12/20,03,168,,,93,68,,
2014/12/20,04,167,,,96,65,,
2014/12/20,05,167,,,101,60,,
2014/12/20,06,177,,,111,60,,
2014/12/20,07,217,,,145,66,,
2014/12/20,08,241,,,159,75,,
2014/12/20,09,305,,,217,82,,
2014/12/20,10,325,,,233,86,,
2014/12/20,11,333,,,240,86,,
2014/12/20,12,341,,,246,88,,
2014/12/20,13,354,,,256,90,,
2014/12/20,14,341,,,243,92,,
2014/12/20,15,337,,,242,88,,
2014/12/20,16,289,,,201,81,,
2014/12/20,17,287,,,198,82,,
2014/12/20,18,267,,,183,78,,
2014/12/20,19,264,,,178,79,,
2014/12/20,20,225,,,150,68,,
2014/12/20,21,229,,,160,63,,
2014/12/20,22,207,,,139,61,,
2014/12/20,23,220,,,153,61,,
2014/12/20,24,189,,,123,60,,
2014/12/21,01,206,,,137,63,,
2014/12/21,02,173,,,100,67,,
2014/12/21,03,177,,,106,64,,
2014/12/21,04,166,,,98,62,,
2014/12/21,05,158,,,95,58,,
2014/12/21,06,155,,,91,57,,
2014/12/21,07,184,,,113,65,,
2014/12/21,08,232,,,154,71,,
2014/12/21,09,253,,,170,76,,
2014/12/21,10,280,,,197,77,,
2014/12/21,11,308,,,223,79,,
2014/12/21,12,289,,,202,81,,
2014/12/21,13,319,,,231,81,,
2014/12/21,14,311,,,230,76,,
2014/12/21,15,273,,,199,68,,
2014/12/21,16,246,,,173,66,,
2014/12/21,17,239,,,167,66,,
2014/12/21,18,244,,,164,74,,
2014/12/21,19,266,,,181,78,,
2014/12/21,20,231,,,157,68,,
2014/12/21,21,214,,,143,65,,
2014/12/21,22,213,,,143,64,,
2014/12/21,23,210,,,140,64,,
2014/12/21,24,201,,,133,62,,
2014/12/22,01,205,,,135,64,,
2014/12/22,02,178,,,106,66,,
2014/12/22,03,158,,,88,63,,
2014/12/22,04,154,,,89,59,,
2014/12/22,05,154,,,91,57,,
2014/12/22,06,157,,,91,60,,
2014/12/22,07,187,,,120,61,,
2014/12/22,08,244,,,163,74,,
2014/12/22,09,281,,,185,89,,
2014/12/22,10,336,,,222,108,,
2014/12/22,11,353,,,237,109,,
2014/12/22,12,335,,,220,109,,
2014/12/22,13,335,,,229,99,,
2014/12/22,14,345,,,227,110,,
2014/12/22,15,312,,,198,107,,
2014/12/22,16,293,,,189,97,,
2014/12/22,17,292,,,186,100,,
2014/12/22,18,285,,,179,98,,
2014/12/22,19,291,,,189,95,,
2014/12/22,20,262,,,169,87,,
2014/12/22,21,242,,,162,73,,
2014/12/22,22,206,,,134,66,,
2014/12/22,23,200,,,130,64,,
2014/12/22,24,189,,,120,63,,
2014/12/23,01,184,,,113,65,,
2014/12/23,02,194,,,122,66,,
2014/12/23,03,180,,,108,65,,
2014/12/23,04,174,,,106,62,,
2014/12/23,05,186,,,121,59,,
2014/12/23,06,189,,,124,59,,
2014/12/23,07,202,,,134,61,,
2014/12/23,08,249,,,167,75,,
2014/12/23,09,274,,,181,86,,
2014/12/23,10,344,,,231,107,,
2014/12/23,11,351,,,231,113,,
2014/12/23,12,350,,,235,108,,
2014/12/23,13,354,,,253,94,,
2014/12/23,14,341,,,228,106,,
2014/12/23,15,326,,,215,104,,
2014/12/23,16,292,,,187,98,,
2014/12/23,17,282,,,173,102,,
2014/12/23,18,288,,,180,101,,
2014/12/23,19,282,,,177,99,,
2014/12/23,20,247,,,154,86,,
2014/12/23,21,245,,,168,70,,
2014/12/23,22,211,,,139,65,,
2014/12/23,23,205,,,134,64,,
2014/12/23,24,203,,,130,67,,
2014/12/24,01,196,,,121,68,,
2014/12/24,02,189,,,115,69,,
2014/12/24,03,169,,,97,65,,
2014/12/24,04,165,,,100,60,,
2014/12/24,05,165,,,100,58,,
2014/12/24,06,176,,,112,58,,
2014/12/24,07,184,,,116,62,,
2014/12/24,08,229,,,151,72,,
2014/12/24,09,255,,,168,80,,
2014/12/24,10,308,,,199,103,,
2014/12/24,11,348,,,233,108,,
2014/12/24,12,334,,,220,107,,
2014/12/24,13,335,,,232,96,,
2014/12/24,14,342,,,233,103,,
2014/12/24,15,314,,,206,102,,
2014/12/24,16,291,,,186,98,,
2014/12/24,17,281,,,174,100,,
2014/12/24,18,278,,,172,98,,
2014/12/24,19,290,,,191,92,,
2014/12/24,20,246,,,160,79,,
2014/12/24,21,250,,,172,71,,
2014/12/24,22,197,,,125,66,,
2014/12/24,23,206,,,136,64,,
2014/12/24,24,206,,,136,64,,
2014/12/25,01,181,,,109,65,,
2014/12/25,02,198,,,122,70,,
2014/12/25,03,172,,,97,68,,
2014/12/25,04,171,,,99,66,,
2014/12/25,05,161,,,94,61,,
2014/12/25,06,162,,,96,59,,
2014/12/25,07,183,,,116,62,,
2014/12/25,08,211,,,135,70,,
2014/12/25,09,255,,,167,82,,
2014/12/25,10,337,,,230,102,,
2014/12/25,11,353,,,241,106,,
2014/12/25,12,336,,,224,105,,
2014/12/25,13,333,,,228,98,,
2014/12/25,14,330,,,222,101,,
2014/12/25,15,315,,,210,99,,
2014/12/25,16,288,,,184,97,,
2014/12/25,17,279,,,172,100,,
2014/12/25,18,289,,,184,98,,
2014/12/25,19,286,,,188,91,,
2014/12/25,20,250,,,167,76,,
2014/12/25,21,225,,,148,71,,
2014/12/25,22,200,,,129,65,,
2014/12/25,23,205,,,135,64,,
2014/12/25,24,191,,,123,62,,
2014/12/26,01,192,,,122,64,,
2014/12/26,02,180,,,108,66,,
2014/12/26,03,172,,,101,65,,
2014/12/26,04,172,,,106,60,,
2014/12/26,05,168,,,105,57,,
2014/12/26,06,170,,,105,59,,
2014/12/26,07,178,,,111,61,,
2014/12/26,08,235,,,157,72,,
2014/12/26,09,283,,,194,82,,
2014/12/26,10,319,,,211,101,,
2014/12/26,11,373,,,261,105,,
2014/12/26,12,352,,,236,110,,
2014/12/26,13,353,,,248,98,,
2014/12/26,14,359,,,246,106,,
2014/12/26,15,315,,,200,108,,
2014/12/26,16,306,,,199,101,,
2014/12/26,17,308,,,199,102,,
2014/12/26,18,302,,,195,101,,
2014/12/26,19,302,,,196,99,,
2014/12/26,20,271,,,179,85,,
2014/12/26,21,257,,,176,74,,
2014/12/26,22,203,,,131,65,,
2014/12/26,23,191,,,120,65,,
2014/12/26,24,190,,,121,63,,
2014/12/27,01,189,,,117,66,,
2014/12/27,02,178,,,104,68,,
2014/12/27,03,174,,,100,68,,
2014/12/27,04,165,,,97,62,,
2014/12/27,05,164,,,98,60,,
2014/12/27,06,172,,,105,61,,
2014/12/27,07,213,,,140,67,,
2014/12/27,08,248,,,164,78,,
2014/12/27,09,310,,,221,83,,
2014/12/27,10,332,,,239,87,,
2014/12/27,11,340,,,244,89,,
2014/12/27,12,339,,,241,91,,
2014/12/27,13,336,,,239,91,,
2014/12/27,14,321,,,226,89,,
2014/12/27,15,315,,,218,91,,
2014/12/27,16,294,,,203,84,,
2014/12/27,17,277,,,187,84,,
2014/12/27,18,303,,,207,88,,
2014/12/27,19,271,,,183,80,,
2014/12/27,20,230,,,153,71,,
2014/12/27,21,206,,,133,67,,
2014/12/27,22,200,,,129,65,,
2014/12/27,23,192,,,123,64,,
2014/12/27,24,196,,,126,64,,
2014/12/28,01,191,,,119,65,,
2014/12/28,02,183,,,109,69,,
2014/12/28,03,166,,,94,66,,
2014/12/28,04,165,,,98,61,,
2014/12/28,05,164,,,98,60,,
2014/12/28,06,174,,,107,61,,
2014/12/28,07,182,,,112,64,,
2014/12/28,08,240,,,158,75,,
2014/12/28,09,285,,,196,82,,
2014/12/28,10,313,,,224,82,,
2014/12/28,11,325,,,237,81,,
2014/12/28,12,337,,,249,81,,
2014/12/28,13,338,,,246,85,,
2014/12/28,14,327,,,240,81,,
2014/12/28,15,316,,,230,80,,
2014/12/28,16,290,,,204,80,,
2014/12/28,17,269,,,187,75,,
2014/12/28,18,279,,,191,81,,
2014/12/28,19,267,,,183,78,,
2014/12/28,20,242,,,166,69,,
2014/12/28,21,244,,,171,66,,
2014/12/28,22,233,,,160,66,,
2014/12/28,23,222,,,149,66,,
2014/12/28,24,205,,,132,66,,
2014/12/29,01,204,,,129,69,,
2014/12/29,02,204,,,127,71,,
2014/12/29,03,195,,,120,70,,
2014/12/29,04,202,,,125,70,,
2014/12/29,05,202,,,124,71,,
2014/12/29,06,196,,,120,71,,
2014/12/29,07,222,,,144,72,,
2014/12/29,08,271,,,182,82,,
2014/12/29,09,304,,,207,90,,
2014/12/29,10,357,,,242,108,,
2014/12/29,11,373,,,258,109,,
2014/12/29,12,342,,,227,108,,
2014/12/29,13,357,,,252,98,,
2014/12/29,14,351,,,237,108,,
2014/12/29,15,335,,,224,105,,
2014/12/29,16,322,,,214,101,,
2014/12/29,17,309,,,204,99,,
2014/12/29,18,322,,,219,96,,
2014/12/29,19,299,,,204,88,,
2014/12/29,20,264,,,179,79,,
2014/12/29,21,251,,,171,73,,
2014/12/29,22,217,,,141,69,,
2014/12/29,23,200,,,129,65,,
2014/12/29,24,201,,,130,64,,
2014/12/30,01,199,,,128,66,,
2014/12/30,02,202,,,125,71,,
2014/12/30,03,203,,,127,69,,
2014/12/30,04,206,,,130,70,,
2014/12/30,05,188,,,115,67,,
2014/12/30,06,200,,,131,63,,
2014/12/30,07,220,,,146,68,,
2014/12/30,08,260,,,175,78,,
2014/12/30,09,297,,,206,84,,
2014/12/30,10,331,,,226,98,,
2014/12/30,11,355,,,248,100,,
2014/12/30,12,345,,,240,99,,
2014/12/30,13,337,,,240,91,,
2014/12/30,14,334,,,230,98,,
2014/12/30,15,317,,,216,94,,
2014/12/30,16,301,,,202,93,,
2014/12/30,17,287,,,187,94,,
2014/12/30,18,287,,,188,92,,
2014/12/30,19,275,,,183,85,,
2014/12/30,20,264,,,176,81,,
2014/12/30,21,245,,,165,74,,
2014/12/30,22,213,,,141,66,,
2014/12/30,23,202,,,130,66,,
2014/12/30,24,221,,,150,65,,
2014/12/31,01,196,,,123,66,,
2014/12/31,02,191,,,114,70,,
2014/12/31,03,176,,,103,67,,
2014/12/31,04,162,,,95,61,,
2014/12/31,05,167,,,103,58,,
2014/12/31,06,162,,,98,58,,
2014/12/31,07,166,,,103,57,,
2014/12/31,08,198,,,133,58,,
2014/12/31,09,217,,,146,64,,
2014/12/31,10,248,,,175,67,,
2014/12/31,11,244,,,172,66,,
2014/12/31,12,247,,,178,63,,
2014/12/31,13,213,,,148,60,,
2014/12/31,14,208,,,144,58,,
2014/12/31,15,197,,,136,55,,
2014/12/31,16,160,,,107,48,,
2014/12/31,17,128,,,81,40,,
2014/12/31,18,108,,,70,31,,
2014/12/31,19,107,,,69,31,,
2014/12/31,20,98,,,63,28,,
2014/12/31,21,95,,,62,26,,
2014/12/31,22,92,,,60,24,,
2014/12/31,23,88,,,57,25,,
2014/12/31,24,90,,,58,24,,
