計測日,計測時間,全体,空調,照明,動力,電灯,冷凍・冷熱,その他
2013/08/01,01,12,,,4,6,,
2013/08/01,02,12,,,4,6,,
2013/08/01,03,13,,,4,6,,
2013/08/01,04,12,,,4,6,,
2013/08/01,05,13,,,4,6,,
2013/08/01,06,12,,,4,6,,
2013/08/01,07,12,,,4,6,,
2013/08/01,08,12,,,4,6,,
2013/08/01,09,13,,,5,6,,
2013/08/01,10,136,,,112,22,,
2013/08/01,11,204,,,98,102,,
2013/08/01,12,211,,,107,101,,
2013/08/01,13,214,,,110,101,,
2013/08/01,14,219,,,115,100,,
2013/08/01,15,213,,,110,100,,
2013/08/01,16,211,,,107,101,,
2013/08/01,17,201,,,94,103,,
2013/08/01,18,187,,,80,104,,
2013/08/01,19,197,,,77,116,,
2013/08/01,20,188,,,65,119,,
2013/08/01,21,61,,,23,36,,
2013/08/01,22,13,,,4,6,,
2013/08/01,23,12,,,4,6,,
2013/08/01,24,13,,,4,6,,
2013/08/02,01,12,,,4,6,,
2013/08/02,02,12,,,4,6,,
2013/08/02,03,12,,,4,6,,
2013/08/02,04,13,,,4,6,,
2013/08/02,05,12,,,4,6,,
2013/08/02,06,13,,,4,6,,
2013/08/02,07,12,,,4,6,,
2013/08/02,08,12,,,4,6,,
2013/08/02,09,29,,,20,7,,
2013/08/02,10,128,,,98,27,,
2013/08/02,11,210,,,105,102,,
2013/08/02,12,203,,,97,102,,
2013/08/02,13,214,,,109,102,,
2013/08/02,14,208,,,104,101,,
2013/08/02,15,206,,,101,102,,
2013/08/02,16,209,,,103,102,,
2013/08/02,17,204,,,97,104,,
2013/08/02,18,193,,,86,104,,
2013/08/02,19,186,,,66,116,,
2013/08/02,20,179,,,61,115,,
2013/08/02,21,82,,,38,41,,
2013/08/02,22,12,,,4,6,,
2013/08/02,23,13,,,4,6,,
2013/08/02,24,12,,,4,6,,
2013/08/03,01,12,,,4,6,,
2013/08/03,02,13,,,4,6,,
2013/08/03,03,13,,,4,6,,
2013/08/03,04,12,,,4,6,,
2013/08/03,05,12,,,4,6,,
2013/08/03,06,13,,,4,6,,
2013/08/03,07,13,,,4,6,,
2013/08/03,08,12,,,4,6,,
2013/08/03,09,29,,,20,7,,
2013/08/03,10,74,,,48,25,,
2013/08/03,11,222,,,114,104,,
2013/08/03,12,214,,,108,104,,
2013/08/03,13,214,,,108,103,,
2013/08/03,14,220,,,112,104,,
2013/08/03,15,219,,,112,104,,
2013/08/03,16,217,,,111,103,,
2013/08/03,17,212,,,104,105,,
2013/08/03,18,201,,,92,105,,
2013/08/03,19,202,,,80,118,,
2013/08/03,20,188,,,64,121,,
2013/08/03,21,154,,,54,96,,
2013/08/03,22,12,,,4,6,,
2013/08/03,23,13,,,4,6,,
2013/08/03,24,12,,,4,6,,
2013/08/04,01,12,,,4,6,,
2013/08/04,02,13,,,4,6,,
2013/08/04,03,12,,,4,6,,
2013/08/04,04,12,,,4,6,,
2013/08/04,05,13,,,4,6,,
2013/08/04,06,13,,,4,6,,
2013/08/04,07,12,,,4,6,,
2013/08/04,08,12,,,4,6,,
2013/08/04,09,27,,,18,7,,
2013/08/04,10,93,,,75,16,,
2013/08/04,11,211,,,103,105,,
2013/08/04,12,222,,,114,104,,
2013/08/04,13,230,,,123,104,,
2013/08/04,14,235,,,128,104,,
2013/08/04,15,228,,,120,105,,
2013/08/04,16,223,,,114,105,,
2013/08/04,17,211,,,100,107,,
2013/08/04,18,194,,,84,107,,
2013/08/04,19,202,,,78,120,,
2013/08/04,20,191,,,71,117,,
2013/08/04,21,159,,,53,103,,
2013/08/04,22,60,,,14,42,,
2013/08/04,23,12,,,4,6,,
2013/08/04,24,13,,,4,6,,
2013/08/05,01,12,,,4,6,,
2013/08/05,02,12,,,4,6,,
2013/08/05,03,12,,,4,6,,
2013/08/05,04,13,,,4,6,,
2013/08/05,05,12,,,4,6,,
2013/08/05,06,13,,,4,6,,
2013/08/05,07,12,,,4,6,,
2013/08/05,08,11,,,4,6,,
2013/08/05,09,44,,,34,7,,
2013/08/05,10,135,,,106,27,,
2013/08/05,11,196,,,90,103,,
2013/08/05,12,229,,,122,103,,
2013/08/05,13,234,,,127,104,,
2013/08/05,14,245,,,138,103,,
2013/08/05,15,246,,,140,102,,
2013/08/05,16,225,,,119,103,,
2013/08/05,17,201,,,94,103,,
2013/08/05,18,188,,,80,104,,
2013/08/05,19,190,,,69,118,,
2013/08/05,20,184,,,61,119,,
2013/08/05,21,85,,,33,50,,
2013/08/05,22,13,,,4,6,,
2013/08/05,23,13,,,4,6,,
2013/08/05,24,12,,,4,6,,
2013/08/06,01,12,,,4,6,,
2013/08/06,02,12,,,4,6,,
2013/08/06,03,12,,,4,6,,
2013/08/06,04,13,,,4,6,,
2013/08/06,05,12,,,4,6,,
2013/08/06,06,13,,,4,6,,
2013/08/06,07,12,,,4,6,,
2013/08/06,08,12,,,4,6,,
2013/08/06,09,32,,,23,7,,
2013/08/06,10,125,,,96,27,,
2013/08/06,11,229,,,122,104,,
2013/08/06,12,226,,,119,103,,
2013/08/06,13,223,,,118,102,,
2013/08/06,14,230,,,125,102,,
2013/08/06,15,230,,,124,101,,
2013/08/06,16,231,,,126,102,,
2013/08/06,17,227,,,118,104,,
2013/08/06,18,220,,,111,106,,
2013/08/06,19,214,,,90,120,,
2013/08/06,20,198,,,77,117,,
2013/08/06,21,47,,,22,24,,
2013/08/06,22,13,,,4,6,,
2013/08/06,23,12,,,4,6,,
2013/08/06,24,13,,,4,6,,
2013/08/07,01,12,,,4,6,,
2013/08/07,02,12,,,4,6,,
2013/08/07,03,12,,,4,6,,
2013/08/07,04,12,,,4,6,,
2013/08/07,05,12,,,4,6,,
2013/08/07,06,13,,,4,6,,
2013/08/07,07,12,,,4,6,,
2013/08/07,08,12,,,4,6,,
2013/08/07,09,59,,,50,8,,
2013/08/07,10,124,,,99,23,,
2013/08/07,11,236,,,129,104,,
2013/08/07,12,226,,,119,103,,
2013/08/07,13,246,,,138,104,,
2013/08/07,14,239,,,132,103,,
2013/08/07,15,244,,,139,102,,
2013/08/07,16,242,,,135,103,,
2013/08/07,17,224,,,116,104,,
2013/08/07,18,206,,,96,106,,
2013/08/07,19,179,,,57,119,,
2013/08/07,20,190,,,71,115,,
2013/08/07,21,56,,,33,21,,
2013/08/07,22,13,,,4,6,,
2013/08/07,23,12,,,4,6,,
2013/08/07,24,13,,,4,6,,
2013/08/08,01,12,,,4,6,,
2013/08/08,02,12,,,4,6,,
2013/08/08,03,12,,,4,6,,
2013/08/08,04,13,,,4,6,,
2013/08/08,05,12,,,4,6,,
2013/08/08,06,12,,,4,6,,
2013/08/08,07,12,,,4,6,,
2013/08/08,08,12,,,4,6,,
2013/08/08,09,16,,,7,6,,
2013/08/08,10,168,,,137,29,,
2013/08/08,11,235,,,128,103,,
2013/08/08,12,255,,,150,102,,
2013/08/08,13,255,,,150,102,,
2013/08/08,14,263,,,158,102,,
2013/08/08,15,255,,,151,101,,
2013/08/08,16,248,,,144,100,,
2013/08/08,17,232,,,128,101,,
2013/08/08,18,217,,,111,102,,
2013/08/08,19,216,,,95,118,,
2013/08/08,20,204,,,82,119,,
2013/08/08,21,99,,,47,50,,
2013/08/08,22,12,,,4,6,,
2013/08/08,23,13,,,4,6,,
2013/08/08,24,12,,,4,6,,
2013/08/09,01,12,,,4,6,,
2013/08/09,02,12,,,4,6,,
2013/08/09,03,12,,,4,6,,
2013/08/09,04,13,,,4,6,,
2013/08/09,05,12,,,4,6,,
2013/08/09,06,12,,,4,6,,
2013/08/09,07,12,,,4,6,,
2013/08/09,08,12,,,4,6,,
2013/08/09,09,18,,,9,6,,
2013/08/09,10,186,,,162,23,,
2013/08/09,11,245,,,140,102,,
2013/08/09,12,238,,,134,101,,
2013/08/09,13,250,,,146,100,,
2013/08/09,14,247,,,144,100,,
2013/08/09,15,265,,,162,100,,
2013/08/09,16,265,,,160,100,,
2013/08/09,17,248,,,144,101,,
2013/08/09,18,223,,,118,101,,
2013/08/09,19,216,,,96,117,,
2013/08/09,20,206,,,83,119,,
2013/08/09,21,96,,,48,46,,
2013/08/09,22,12,,,4,6,,
2013/08/09,23,13,,,4,6,,
2013/08/09,24,12,,,4,6,,
2013/08/10,01,12,,,4,6,,
2013/08/10,02,12,,,4,6,,
2013/08/10,03,13,,,4,6,,
2013/08/10,04,12,,,4,6,,
2013/08/10,05,12,,,4,6,,
2013/08/10,06,13,,,4,6,,
2013/08/10,07,12,,,4,6,,
2013/08/10,08,11,,,4,6,,
2013/08/10,09,39,,,29,7,,
2013/08/10,10,145,,,109,33,,
2013/08/10,11,285,,,177,104,,
2013/08/10,12,243,,,136,103,,
2013/08/10,13,254,,,148,102,,
2013/08/10,14,296,,,188,104,,
2013/08/10,15,263,,,155,104,,
2013/08/10,16,259,,,150,105,,
2013/08/10,17,245,,,137,104,,
2013/08/10,18,228,,,121,104,,
2013/08/10,19,228,,,104,119,,
2013/08/10,20,220,,,96,121,,
2013/08/10,21,100,,,47,50,,
2013/08/10,22,13,,,4,6,,
2013/08/10,23,12,,,4,6,,
2013/08/10,24,12,,,4,6,,
2013/08/11,01,13,,,4,6,,
2013/08/11,02,11,,,4,6,,
2013/08/11,03,13,,,4,6,,
2013/08/11,04,12,,,4,6,,
2013/08/11,05,13,,,4,6,,
2013/08/11,06,12,,,4,6,,
2013/08/11,07,12,,,4,6,,
2013/08/11,08,12,,,4,6,,
2013/08/11,09,175,,,160,14,,
2013/08/11,10,139,,,111,26,,
2013/08/11,11,259,,,150,105,,
2013/08/11,12,265,,,158,104,,
2013/08/11,13,267,,,159,103,,
2013/08/11,14,259,,,152,104,,
2013/08/11,15,267,,,160,103,,
2013/08/11,16,267,,,161,103,,
2013/08/11,17,268,,,162,103,,
2013/08/11,18,254,,,144,106,,
2013/08/11,19,245,,,121,120,,
2013/08/11,20,223,,,104,116,,
2013/08/11,21,60,,,28,29,,
2013/08/11,22,12,,,4,6,,
2013/08/11,23,13,,,4,6,,
2013/08/11,24,12,,,4,6,,
2013/08/12,01,12,,,4,6,,
2013/08/12,02,12,,,4,6,,
2013/08/12,03,12,,,4,6,,
2013/08/12,04,12,,,4,6,,
2013/08/12,05,13,,,4,6,,
2013/08/12,06,12,,,4,6,,
2013/08/12,07,12,,,4,6,,
2013/08/12,08,12,,,4,6,,
2013/08/12,09,55,,,45,7,,
2013/08/12,10,178,,,149,27,,
2013/08/12,11,263,,,155,103,,
2013/08/12,12,270,,,163,104,,
2013/08/12,13,275,,,168,104,,
2013/08/12,14,272,,,165,104,,
2013/08/12,15,266,,,159,103,,
2013/08/12,16,268,,,160,104,,
2013/08/12,17,263,,,153,106,,
2013/08/12,18,244,,,134,107,,
2013/08/12,19,235,,,110,121,,
2013/08/12,20,218,,,97,118,,
2013/08/12,21,78,,,34,41,,
2013/08/12,22,12,,,4,6,,
2013/08/12,23,13,,,4,6,,
2013/08/12,24,12,,,4,6,,
2013/08/13,01,12,,,4,6,,
2013/08/13,02,12,,,4,6,,
2013/08/13,03,12,,,4,6,,
2013/08/13,04,12,,,4,6,,
2013/08/13,05,13,,,4,6,,
2013/08/13,06,12,,,4,6,,
2013/08/13,07,12,,,4,6,,
2013/08/13,08,12,,,4,6,,
2013/08/13,09,25,,,16,7,,
2013/08/13,10,131,,,102,27,,
2013/08/13,11,236,,,129,104,,
2013/08/13,12,237,,,130,103,,
2013/08/13,13,247,,,141,103,,
2013/08/13,14,250,,,143,102,,
2013/08/13,15,246,,,140,102,,
2013/08/13,16,245,,,138,103,,
2013/08/13,17,243,,,136,104,,
2013/08/13,18,222,,,114,104,,
2013/08/13,19,222,,,99,119,,
2013/08/13,20,213,,,90,120,,
2013/08/13,21,158,,,52,102,,
2013/08/13,22,18,,,4,11,,
2013/08/13,23,12,,,4,6,,
2013/08/13,24,12,,,4,6,,
2013/08/14,01,13,,,4,6,,
2013/08/14,02,11,,,4,6,,
2013/08/14,03,13,,,4,6,,
2013/08/14,04,12,,,4,6,,
2013/08/14,05,12,,,4,6,,
2013/08/14,06,12,,,4,6,,
2013/08/14,07,12,,,4,6,,
2013/08/14,08,12,,,4,6,,
2013/08/14,09,27,,,18,7,,
2013/08/14,10,70,,,49,19,,
2013/08/14,11,254,,,146,104,,
2013/08/14,12,256,,,150,102,,
2013/08/14,13,262,,,155,103,,
2013/08/14,14,273,,,168,103,,
2013/08/14,15,255,,,149,102,,
2013/08/14,16,249,,,142,103,,
2013/08/14,17,227,,,119,104,,
2013/08/14,18,214,,,104,107,,
2013/08/14,19,220,,,95,121,,
2013/08/14,20,208,,,85,119,,
2013/08/14,21,42,,,17,22,,
2013/08/14,22,12,,,4,6,,
2013/08/14,23,12,,,4,6,,
2013/08/14,24,13,,,4,6,,
2013/08/15,01,12,,,4,6,,
2013/08/15,02,12,,,4,6,,
2013/08/15,03,12,,,4,6,,
2013/08/15,04,12,,,4,6,,
2013/08/15,05,12,,,4,6,,
2013/08/15,06,13,,,4,6,,
2013/08/15,07,12,,,4,6,,
2013/08/15,08,11,,,4,6,,
2013/08/15,09,19,,,10,6,,
2013/08/15,10,153,,,128,23,,
2013/08/15,11,225,,,117,104,,
2013/08/15,12,230,,,123,103,,
2013/08/15,13,241,,,135,103,,
2013/08/15,14,239,,,134,102,,
2013/08/15,15,241,,,134,103,,
2013/08/15,16,236,,,130,104,,
2013/08/15,17,231,,,122,105,,
2013/08/15,18,214,,,104,106,,
2013/08/15,19,220,,,95,121,,
2013/08/15,20,206,,,82,121,,
2013/08/15,21,65,,,32,31,,
2013/08/15,22,12,,,4,6,,
2013/08/15,23,12,,,4,6,,
2013/08/15,24,13,,,4,6,,
2013/08/16,01,12,,,4,6,,
2013/08/16,02,12,,,4,6,,
2013/08/16,03,12,,,4,6,,
2013/08/16,04,12,,,4,6,,
2013/08/16,05,12,,,4,6,,
2013/08/16,06,13,,,4,6,,
2013/08/16,07,12,,,4,6,,
2013/08/16,08,12,,,4,6,,
2013/08/16,09,19,,,11,7,,
2013/08/16,10,167,,,142,23,,
2013/08/16,11,229,,,123,102,,
2013/08/16,12,240,,,134,101,,
2013/08/16,13,235,,,130,101,,
2013/08/16,14,231,,,128,100,,
2013/08/16,15,230,,,126,101,,
2013/08/16,16,229,,,125,101,,
2013/08/16,17,226,,,121,101,,
2013/08/16,18,214,,,108,103,,
2013/08/16,19,219,,,97,118,,
2013/08/16,20,206,,,83,120,,
2013/08/16,21,91,,,42,47,,
2013/08/16,22,13,,,4,6,,
2013/08/16,23,12,,,4,6,,
2013/08/16,24,13,,,4,6,,
2013/08/17,01,12,,,4,6,,
2013/08/17,02,12,,,4,6,,
2013/08/17,03,12,,,4,6,,
2013/08/17,04,12,,,4,6,,
2013/08/17,05,12,,,4,6,,
2013/08/17,06,13,,,4,6,,
2013/08/17,07,12,,,4,6,,
2013/08/17,08,11,,,4,6,,
2013/08/17,09,54,,,44,8,,
2013/08/17,10,114,,,80,31,,
2013/08/17,11,234,,,125,105,,
2013/08/17,12,235,,,128,104,,
2013/08/17,13,234,,,126,104,,
2013/08/17,14,239,,,131,104,,
2013/08/17,15,242,,,134,105,,
2013/08/17,16,238,,,130,105,,
2013/08/17,17,229,,,121,105,,
2013/08/17,18,222,,,112,107,,
2013/08/17,19,212,,,88,120,,
2013/08/17,20,204,,,80,120,,
2013/08/17,21,100,,,49,49,,
2013/08/17,22,12,,,4,6,,
2013/08/17,23,13,,,4,6,,
2013/08/17,24,12,,,4,6,,
2013/08/18,01,12,,,4,6,,
2013/08/18,02,12,,,4,6,,
2013/08/18,03,13,,,4,6,,
2013/08/18,04,12,,,4,6,,
2013/08/18,05,12,,,4,6,,
2013/08/18,06,13,,,4,6,,
2013/08/18,07,12,,,4,6,,
2013/08/18,08,12,,,4,6,,
2013/08/18,09,30,,,22,7,,
2013/08/18,10,117,,,98,17,,
2013/08/18,11,259,,,148,107,,
2013/08/18,12,252,,,143,105,,
2013/08/18,13,258,,,149,106,,
2013/08/18,14,261,,,152,105,,
2013/08/18,15,258,,,149,106,,
2013/08/18,16,242,,,134,105,,
2013/08/18,17,236,,,127,106,,
2013/08/18,18,226,,,115,108,,
2013/08/18,19,198,,,75,120,,
2013/08/18,20,195,,,75,116,,
2013/08/18,21,31,,,18,10,,
2013/08/18,22,12,,,4,6,,
2013/08/18,23,13,,,4,6,,
2013/08/18,24,12,,,4,6,,
2013/08/19,01,12,,,4,6,,
2013/08/19,02,12,,,4,6,,
2013/08/19,03,13,,,4,6,,
2013/08/19,04,12,,,4,6,,
2013/08/19,05,12,,,4,6,,
2013/08/19,06,13,,,4,6,,
2013/08/19,07,12,,,4,6,,
2013/08/19,08,12,,,4,6,,
2013/08/19,09,25,,,16,7,,
2013/08/19,10,151,,,122,27,,
2013/08/19,11,255,,,148,103,,
2013/08/19,12,250,,,143,103,,
2013/08/19,13,255,,,148,103,,
2013/08/19,14,252,,,148,100,,
2013/08/19,15,247,,,143,101,,
2013/08/19,16,248,,,145,100,,
2013/08/19,17,250,,,143,103,,
2013/08/19,18,234,,,125,105,,
2013/08/19,19,223,,,102,118,,
2013/08/19,20,206,,,87,115,,
2013/08/19,21,53,,,28,23,,
2013/08/19,22,13,,,4,6,,
2013/08/19,23,12,,,4,6,,
2013/08/19,24,11,,,4,6,,
2013/08/20,01,13,,,4,6,,
2013/08/20,02,11,,,4,6,,
2013/08/20,03,13,,,4,6,,
2013/08/20,04,12,,,4,6,,
2013/08/20,05,12,,,4,6,,
2013/08/20,06,12,,,4,6,,
2013/08/20,07,12,,,4,6,,
2013/08/20,08,12,,,4,6,,
2013/08/20,09,14,,,6,6,,
2013/08/20,10,187,,,169,16,,
2013/08/20,11,238,,,133,101,,
2013/08/20,12,238,,,132,102,,
2013/08/20,13,244,,,139,101,,
2013/08/20,14,242,,,139,100,,
2013/08/20,15,248,,,144,100,,
2013/08/20,16,237,,,133,101,,
2013/08/20,17,232,,,128,101,,
2013/08/20,18,228,,,120,104,,
2013/08/20,19,225,,,101,119,,
2013/08/20,20,213,,,91,118,,
2013/08/20,21,47,,,25,20,,
2013/08/20,22,13,,,4,6,,
2013/08/20,23,12,,,4,6,,
2013/08/20,24,13,,,4,6,,
2013/08/21,01,12,,,4,6,,
2013/08/21,02,12,,,4,6,,
2013/08/21,03,13,,,4,6,,
2013/08/21,04,12,,,4,6,,
2013/08/21,05,12,,,4,6,,
2013/08/21,06,13,,,4,6,,
2013/08/21,07,12,,,4,6,,
2013/08/21,08,12,,,4,6,,
2013/08/21,09,28,,,20,7,,
2013/08/21,10,191,,,168,20,,
2013/08/21,11,236,,,132,101,,
2013/08/21,12,243,,,139,101,,
2013/08/21,13,253,,,148,101,,
2013/08/21,14,254,,,150,100,,
2013/08/21,15,252,,,148,101,,
2013/08/21,16,255,,,150,101,,
2013/08/21,17,235,,,131,101,,
2013/08/21,18,228,,,120,105,,
2013/08/21,19,219,,,96,119,,
2013/08/21,20,207,,,85,118,,
2013/08/21,21,74,,,36,35,,
2013/08/21,22,12,,,4,6,,
2013/08/21,23,13,,,4,6,,
2013/08/21,24,12,,,4,6,,
2013/08/22,01,13,,,4,6,,
2013/08/22,02,12,,,4,6,,
2013/08/22,03,12,,,4,6,,
2013/08/22,04,13,,,4,6,,
2013/08/22,05,12,,,4,6,,
2013/08/22,06,13,,,4,6,,
2013/08/22,07,12,,,4,6,,
2013/08/22,08,12,,,4,6,,
2013/08/22,09,13,,,4,6,,
2013/08/22,10,207,,,176,28,,
2013/08/22,11,263,,,158,100,,
2013/08/22,12,260,,,156,101,,
2013/08/22,13,269,,,164,101,,
2013/08/22,14,270,,,169,98,,
2013/08/22,15,273,,,171,98,,
2013/08/22,16,267,,,165,99,,
2013/08/22,17,245,,,141,100,,
2013/08/22,18,226,,,118,105,,
2013/08/22,19,226,,,103,119,,
2013/08/22,20,209,,,86,119,,
2013/08/22,21,69,,,37,30,,
2013/08/22,22,12,,,4,6,,
2013/08/22,23,13,,,4,6,,
2013/08/22,24,12,,,4,6,,
2013/08/23,01,12,,,4,6,,
2013/08/23,02,12,,,4,6,,
2013/08/23,03,13,,,4,6,,
2013/08/23,04,12,,,4,6,,
2013/08/23,05,12,,,4,6,,
2013/08/23,06,12,,,4,6,,
2013/08/23,07,12,,,4,6,,
2013/08/23,08,12,,,4,6,,
2013/08/23,09,40,,,31,7,,
2013/08/23,10,169,,,140,26,,
2013/08/23,11,255,,,149,102,,
2013/08/23,12,258,,,153,102,,
2013/08/23,13,261,,,154,103,,
2013/08/23,14,246,,,140,103,,
2013/08/23,15,216,,,126,87,,
2013/08/23,16,210,,,118,89,,
2013/08/23,17,197,,,104,90,,
2013/08/23,18,200,,,102,95,,
2013/08/23,19,195,,,86,106,,
2013/08/23,20,189,,,80,105,,
2013/08/23,21,85,,,46,37,,
2013/08/23,22,13,,,4,6,,
2013/08/23,23,12,,,4,6,,
2013/08/23,24,12,,,4,6,,
2013/08/24,01,13,,,4,6,,
2013/08/24,02,12,,,4,6,,
2013/08/24,03,12,,,4,6,,
2013/08/24,04,12,,,4,6,,
2013/08/24,05,13,,,4,6,,
2013/08/24,06,12,,,4,6,,
2013/08/24,07,12,,,4,6,,
2013/08/24,08,12,,,4,6,,
2013/08/24,09,49,,,40,8,,
2013/08/24,10,74,,,47,25,,
2013/08/24,11,151,,,55,92,,
2013/08/24,12,153,,,56,93,,
2013/08/24,13,152,,,57,93,,
2013/08/24,14,149,,,52,94,,
2013/08/24,15,144,,,49,92,,
2013/08/24,16,149,,,53,93,,
2013/08/24,17,150,,,54,93,,
2013/08/24,18,145,,,46,96,,
2013/08/24,19,158,,,49,106,,
2013/08/24,20,148,,,38,105,,
2013/08/24,21,57,,,10,45,,
2013/08/24,22,12,,,4,6,,
2013/08/24,23,13,,,4,6,,
2013/08/24,24,12,,,4,6,,
2013/08/25,01,12,,,4,6,,
2013/08/25,02,12,,,4,6,,
2013/08/25,03,12,,,4,6,,
2013/08/25,04,13,,,4,6,,
2013/08/25,05,12,,,4,6,,
2013/08/25,06,13,,,4,6,,
2013/08/25,07,12,,,4,6,,
2013/08/25,08,11,,,4,6,,
2013/08/25,09,21,,,12,7,,
2013/08/25,10,71,,,44,25,,
2013/08/25,11,147,,,52,92,,
2013/08/25,12,148,,,52,93,,
2013/08/25,13,148,,,52,93,,
2013/08/25,14,145,,,50,92,,
2013/08/25,15,144,,,48,93,,
2013/08/25,16,140,,,45,92,,
2013/08/25,17,145,,,49,93,,
2013/08/25,18,145,,,46,96,,
2013/08/25,19,156,,,44,108,,
2013/08/25,20,146,,,39,104,,
2013/08/25,21,73,,,24,47,,
2013/08/25,22,12,,,4,6,,
2013/08/25,23,12,,,4,6,,
2013/08/25,24,13,,,4,6,,
2013/08/26,01,12,,,4,6,,
2013/08/26,02,12,,,4,6,,
2013/08/26,03,12,,,4,6,,
2013/08/26,04,12,,,4,6,,
2013/08/26,05,12,,,4,6,,
2013/08/26,06,13,,,4,6,,
2013/08/26,07,12,,,4,6,,
2013/08/26,08,12,,,4,6,,
2013/08/26,09,12,,,4,6,,
2013/08/26,10,31,,,4,24,,
2013/08/26,11,98,,,7,88,,
2013/08/26,12,98,,,7,88,,
2013/08/26,13,97,,,7,88,,
2013/08/26,14,97,,,7,87,,
2013/08/26,15,103,,,13,87,,
2013/08/26,16,106,,,16,87,,
2013/08/26,17,109,,,17,89,,
2013/08/26,18,115,,,18,94,,
2013/08/26,19,124,,,17,104,,
2013/08/26,20,122,,,16,104,,
2013/08/26,21,27,,,8,16,,
2013/08/26,22,12,,,4,6,,
2013/08/26,23,12,,,4,6,,
2013/08/26,24,13,,,4,6,,
2013/08/27,01,12,,,4,6,,
2013/08/27,02,12,,,4,6,,
2013/08/27,03,12,,,4,6,,
2013/08/27,04,12,,,4,6,,
2013/08/27,05,12,,,4,6,,
2013/08/27,06,12,,,4,6,,
2013/08/27,07,12,,,4,6,,
2013/08/27,08,12,,,4,6,,
2013/08/27,09,14,,,4,8,,
2013/08/27,10,24,,,5,18,,
2013/08/27,11,140,,,50,88,,
2013/08/27,12,147,,,57,86,,
2013/08/27,13,149,,,59,87,,
2013/08/27,14,150,,,62,86,,
2013/08/27,15,151,,,62,86,,
2013/08/27,16,151,,,62,87,,
2013/08/27,17,152,,,59,89,,
2013/08/27,18,153,,,55,95,,
2013/08/27,19,145,,,37,104,,
2013/08/27,20,140,,,36,100,,
2013/08/27,21,24,,,7,16,,
2013/08/27,22,13,,,4,6,,
2013/08/27,23,12,,,4,6,,
2013/08/27,24,13,,,4,6,,
2013/08/28,01,12,,,4,6,,
2013/08/28,02,12,,,4,6,,
2013/08/28,03,12,,,4,6,,
2013/08/28,04,13,,,4,6,,
2013/08/28,05,12,,,4,6,,
2013/08/28,06,12,,,4,6,,
2013/08/28,07,12,,,4,6,,
2013/08/28,08,12,,,4,6,,
2013/08/28,09,21,,,10,10,,
2013/08/28,10,41,,,21,17,,
2013/08/28,11,157,,,54,101,,
2013/08/28,12,172,,,71,98,,
2013/08/28,13,178,,,76,98,,
2013/08/28,14,176,,,74,98,,
2013/08/28,15,182,,,80,99,,
2013/08/28,16,181,,,79,99,,
2013/08/28,17,181,,,77,101,,
2013/08/28,18,175,,,65,107,,
2013/08/28,19,172,,,52,116,,
2013/08/28,20,161,,,42,115,,
2013/08/28,21,67,,,20,44,,
2013/08/28,22,12,,,4,6,,
2013/08/28,23,12,,,4,6,,
2013/08/28,24,13,,,4,6,,
2013/08/29,01,12,,,4,6,,
2013/08/29,02,12,,,4,6,,
2013/08/29,03,12,,,4,6,,
2013/08/29,04,13,,,4,6,,
2013/08/29,05,12,,,4,6,,
2013/08/29,06,12,,,4,6,,
2013/08/29,07,12,,,4,6,,
2013/08/29,08,12,,,4,6,,
2013/08/29,09,14,,,5,7,,
2013/08/29,10,44,,,6,36,,
2013/08/29,11,179,,,97,79,,
2013/08/29,12,174,,,92,80,,
2013/08/29,13,176,,,93,80,,
2013/08/29,14,175,,,93,80,,
2013/08/29,15,176,,,94,80,,
2013/08/29,16,171,,,89,79,,
2013/08/29,17,157,,,74,80,,
2013/08/29,18,158,,,70,86,,
2013/08/29,19,170,,,66,100,,
2013/08/29,20,159,,,50,106,,
2013/08/29,21,63,,,25,36,,
2013/08/29,22,13,,,4,6,,
2013/08/29,23,12,,,4,6,,
2013/08/29,24,13,,,4,6,,
2013/08/30,01,12,,,4,6,,
2013/08/30,02,12,,,4,6,,
2013/08/30,03,12,,,4,6,,
2013/08/30,04,13,,,4,6,,
2013/08/30,05,12,,,4,6,,
2013/08/30,06,13,,,4,6,,
2013/08/30,07,12,,,4,6,,
2013/08/30,08,12,,,4,6,,
2013/08/30,09,55,,,45,8,,
2013/08/30,10,123,,,95,26,,
2013/08/30,11,196,,,105,87,,
2013/08/30,12,204,,,112,88,,
2013/08/30,13,212,,,121,88,,
2013/08/30,14,185,,,95,87,,
2013/08/30,15,174,,,84,87,,
2013/08/30,16,158,,,67,88,,
2013/08/30,17,144,,,52,88,,
2013/08/30,18,131,,,34,94,,
2013/08/30,19,148,,,41,104,,
2013/08/30,20,141,,,36,101,,
2013/08/30,21,43,,,19,22,,
2013/08/30,22,13,,,4,6,,
2013/08/30,23,12,,,4,6,,
2013/08/30,24,13,,,4,6,,
2013/08/31,01,12,,,4,6,,
2013/08/31,02,12,,,4,6,,
2013/08/31,03,12,,,4,6,,
2013/08/31,04,12,,,4,6,,
2013/08/31,05,13,,,4,6,,
2013/08/31,06,12,,,4,6,,
2013/08/31,07,12,,,4,6,,
2013/08/31,08,12,,,4,6,,
2013/08/31,09,65,,,55,8,,
2013/08/31,10,115,,,92,22,,
2013/08/31,11,192,,,96,93,,
2013/08/31,12,197,,,100,93,,
2013/08/31,13,206,,,110,93,,
2013/08/31,14,199,,,103,94,,
2013/08/31,15,195,,,99,93,,
2013/08/31,16,182,,,87,92,,
2013/08/31,17,185,,,89,93,,
2013/08/31,18,177,,,75,99,,
2013/08/31,19,181,,,70,107,,
2013/08/31,20,177,,,65,108,,
2013/08/31,21,133,,,46,85,,
2013/08/31,22,13,,,4,6,,
2013/08/31,23,12,,,4,6,,
2013/08/31,24,13,,,4,6,,
2013/09/01,01,12,,,4,6,,
2013/09/01,02,12,,,4,6,,
2013/09/01,03,12,,,4,6,,
2013/09/01,04,13,,,4,6,,
2013/09/01,05,12,,,4,6,,
2013/09/01,06,12,,,4,6,,
2013/09/01,07,12,,,4,6,,
2013/09/01,08,12,,,4,6,,
2013/09/01,09,14,,,5,6,,
2013/09/01,10,28,,,10,16,,
2013/09/01,11,177,,,82,92,,
2013/09/01,12,150,,,55,92,,
2013/09/01,13,149,,,53,93,,
2013/09/01,14,155,,,60,93,,
2013/09/01,15,161,,,65,93,,
2013/09/01,16,155,,,60,92,,
2013/09/01,17,161,,,65,92,,
2013/09/01,18,162,,,61,98,,
2013/09/01,19,166,,,54,108,,
2013/09/01,20,148,,,40,105,,
2013/09/01,21,42,,,17,22,,
2013/09/01,22,13,,,4,6,,
2013/09/01,23,12,,,4,6,,
2013/09/01,24,12,,,4,6,,
2013/09/02,01,13,,,4,6,,
2013/09/02,02,11,,,4,6,,
2013/09/02,03,13,,,4,6,,
2013/09/02,04,12,,,4,6,,
2013/09/02,05,12,,,4,6,,
2013/09/02,06,13,,,4,6,,
2013/09/02,07,12,,,4,6,,
2013/09/02,08,12,,,4,6,,
2013/09/02,09,13,,,4,6,,
2013/09/02,10,56,,,36,19,,
2013/09/02,11,102,,,23,76,,
2013/09/02,12,132,,,41,88,,
2013/09/02,13,126,,,34,88,,
2013/09/02,14,119,,,28,88,,
2013/09/02,15,126,,,35,89,,
2013/09/02,16,124,,,33,88,,
2013/09/02,17,124,,,34,88,,
2013/09/02,18,132,,,28,100,,
2013/09/02,19,139,,,28,108,,
2013/09/02,20,139,,,29,107,,
2013/09/02,21,57,,,8,47,,
2013/09/02,22,13,,,4,6,,
2013/09/02,23,12,,,4,6,,
2013/09/02,24,13,,,4,6,,
2013/09/03,01,12,,,4,6,,
2013/09/03,02,12,,,4,6,,
2013/09/03,03,12,,,4,6,,
2013/09/03,04,12,,,4,6,,
2013/09/03,05,13,,,4,6,,
2013/09/03,06,12,,,4,6,,
2013/09/03,07,13,,,4,6,,
2013/09/03,08,11,,,4,6,,
2013/09/03,09,14,,,4,7,,
2013/09/03,10,33,,,6,25,,
2013/09/03,11,134,,,43,88,,
2013/09/03,12,136,,,45,88,,
2013/09/03,13,141,,,50,88,,
2013/09/03,14,139,,,48,88,,
2013/09/03,15,138,,,48,88,,
2013/09/03,16,134,,,44,87,,
2013/09/03,17,129,,,36,90,,
2013/09/03,18,134,,,34,97,,
2013/09/03,19,125,,,18,104,,
2013/09/03,20,128,,,25,100,,
2013/09/03,21,25,,,10,12,,
2013/09/03,22,12,,,4,6,,
2013/09/03,23,13,,,4,6,,
2013/09/03,24,12,,,4,6,,
2013/09/04,01,12,,,4,6,,
2013/09/04,02,13,,,4,6,,
2013/09/04,03,12,,,4,6,,
2013/09/04,04,12,,,4,6,,
2013/09/04,05,12,,,4,6,,
2013/09/04,06,13,,,4,6,,
2013/09/04,07,12,,,4,6,,
2013/09/04,08,12,,,4,6,,
2013/09/04,09,13,,,4,7,,
2013/09/04,10,26,,,6,18,,
2013/09/04,11,118,,,27,88,,
2013/09/04,12,120,,,30,87,,
2013/09/04,13,142,,,51,88,,
2013/09/04,14,123,,,30,90,,
2013/09/04,15,113,,,20,90,,
2013/09/04,16,113,,,20,90,,
2013/09/04,17,111,,,18,91,,
2013/09/04,18,116,,,14,98,,
2013/09/04,19,120,,,12,104,,
2013/09/04,20,115,,,11,101,,
2013/09/04,21,32,,,6,24,,
2013/09/04,22,13,,,4,6,,
2013/09/04,23,12,,,4,6,,
2013/09/04,24,12,,,4,6,,
2013/09/05,01,13,,,4,6,,
2013/09/05,02,12,,,4,6,,
2013/09/05,03,12,,,4,6,,
2013/09/05,04,12,,,4,6,,
2013/09/05,05,13,,,4,6,,
2013/09/05,06,12,,,4,6,,
2013/09/05,07,12,,,4,6,,
2013/09/05,08,12,,,4,6,,
2013/09/05,09,12,,,4,6,,
2013/09/05,10,33,,,8,22,,
2013/09/05,11,102,,,11,89,,
2013/09/05,12,127,,,35,89,,
2013/09/05,13,138,,,46,88,,
2013/09/05,14,127,,,36,88,,
2013/09/05,15,132,,,42,88,,
2013/09/05,16,129,,,38,88,,
2013/09/05,17,128,,,37,88,,
2013/09/05,18,136,,,36,97,,
2013/09/05,19,138,,,28,107,,
2013/09/05,20,132,,,21,107,,
2013/09/05,21,35,,,4,28,,
2013/09/05,22,12,,,4,6,,
2013/09/05,23,13,,,4,6,,
2013/09/05,24,12,,,4,6,,
2013/09/06,01,12,,,4,6,,
2013/09/06,02,12,,,4,6,,
2013/09/06,03,13,,,4,6,,
2013/09/06,04,12,,,4,6,,
2013/09/06,05,12,,,4,6,,
2013/09/06,06,12,,,4,6,,
2013/09/06,07,12,,,4,6,,
2013/09/06,08,12,,,4,6,,
2013/09/06,09,18,,,9,7,,
2013/09/06,10,35,,,14,19,,
2013/09/06,11,123,,,31,89,,
2013/09/06,12,139,,,47,89,,
2013/09/06,13,140,,,48,88,,
2013/09/06,14,143,,,51,89,,
2013/09/06,15,147,,,56,88,,
2013/09/06,16,147,,,56,89,,
2013/09/06,17,143,,,51,89,,
2013/09/06,18,144,,,40,101,,
2013/09/06,19,148,,,37,108,,
2013/09/06,20,143,,,31,108,,
2013/09/06,21,42,,,12,29,,
2013/09/06,22,13,,,4,6,,
2013/09/06,23,12,,,4,6,,
2013/09/06,24,13,,,4,6,,
2013/09/07,01,12,,,4,6,,
2013/09/07,02,12,,,4,6,,
2013/09/07,03,12,,,4,6,,
2013/09/07,04,12,,,4,6,,
2013/09/07,05,13,,,4,6,,
2013/09/07,06,12,,,4,6,,
2013/09/07,07,12,,,4,6,,
2013/09/07,08,12,,,4,6,,
2013/09/07,09,24,,,15,8,,
2013/09/07,10,38,,,23,13,,
2013/09/07,11,116,,,23,89,,
2013/09/07,12,127,,,34,90,,
2013/09/07,13,126,,,34,89,,
2013/09/07,14,122,,,31,88,,
2013/09/07,15,125,,,33,89,,
2013/09/07,16,126,,,35,88,,
2013/09/07,17,128,,,34,91,,
2013/09/07,18,134,,,32,100,,
2013/09/07,19,135,,,25,106,,
2013/09/07,20,127,,,22,102,,
2013/09/07,21,23,,,6,16,,
2013/09/07,22,13,,,4,6,,
2013/09/07,23,13,,,4,6,,
2013/09/07,24,12,,,4,6,,
2013/09/08,01,13,,,4,6,,
2013/09/08,02,12,,,4,6,,
2013/09/08,03,13,,,4,6,,
2013/09/08,04,12,,,4,6,,
2013/09/08,05,13,,,4,6,,
2013/09/08,06,13,,,4,6,,
2013/09/08,07,12,,,4,6,,
2013/09/08,08,14,,,5,7,,
2013/09/08,09,39,,,12,25,,
2013/09/08,10,41,,,9,30,,
2013/09/08,11,115,,,24,88,,
2013/09/08,12,120,,,29,88,,
2013/09/08,13,129,,,37,89,,
2013/09/08,14,137,,,45,89,,
2013/09/08,15,143,,,51,89,,
2013/09/08,16,141,,,50,89,,
2013/09/08,17,139,,,47,89,,
2013/09/08,18,146,,,44,98,,
2013/09/08,19,145,,,34,108,,
2013/09/08,20,139,,,27,108,,
2013/09/08,21,65,,,18,45,,
2013/09/08,22,13,,,4,6,,
2013/09/08,23,12,,,4,6,,
2013/09/08,24,13,,,4,6,,
2013/09/09,01,12,,,4,6,,
2013/09/09,02,12,,,4,6,,
2013/09/09,03,13,,,4,6,,
2013/09/09,04,12,,,4,6,,
2013/09/09,05,12,,,4,6,,
2013/09/09,06,13,,,4,6,,
2013/09/09,07,12,,,4,6,,
2013/09/09,08,12,,,4,6,,
2013/09/09,09,14,,,4,8,,
2013/09/09,10,33,,,7,24,,
2013/09/09,11,141,,,49,88,,
2013/09/09,12,141,,,50,88,,
2013/09/09,13,139,,,50,87,,
2013/09/09,14,143,,,54,87,,
2013/09/09,15,147,,,57,87,,
2013/09/09,16,144,,,54,87,,
2013/09/09,17,141,,,50,87,,
2013/09/09,18,145,,,43,100,,
2013/09/09,19,132,,,24,104,,
2013/09/09,20,129,,,24,101,,
2013/09/09,21,38,,,11,25,,
2013/09/09,22,12,,,4,6,,
2013/09/09,23,13,,,4,6,,
2013/09/09,24,12,,,4,6,,
2013/09/10,01,12,,,4,6,,
2013/09/10,02,12,,,4,6,,
2013/09/10,03,13,,,4,6,,
2013/09/10,04,12,,,4,6,,
2013/09/10,05,12,,,4,6,,
2013/09/10,06,13,,,4,6,,
2013/09/10,07,12,,,4,6,,
2013/09/10,08,12,,,4,6,,
2013/09/10,09,22,,,13,7,,
2013/09/10,10,63,,,44,18,,
2013/09/10,11,141,,,49,89,,
2013/09/10,12,156,,,64,88,,
2013/09/10,13,158,,,67,88,,
2013/09/10,14,176,,,84,89,,
2013/09/10,15,188,,,94,90,,
2013/09/10,16,183,,,89,91,,
2013/09/10,17,168,,,75,91,,
2013/09/10,18,172,,,67,102,,
2013/09/10,19,167,,,54,110,,
2013/09/10,20,149,,,36,109,,
2013/09/10,21,70,,,5,62,,
2013/09/10,22,12,,,4,6,,
2013/09/10,23,13,,,4,6,,
2013/09/10,24,12,,,4,6,,
2013/09/11,01,12,,,4,6,,
2013/09/11,02,12,,,4,6,,
2013/09/11,03,13,,,4,6,,
2013/09/11,04,12,,,4,6,,
2013/09/11,05,12,,,4,6,,
2013/09/11,06,13,,,4,6,,
2013/09/11,07,12,,,4,6,,
2013/09/11,08,12,,,4,6,,
2013/09/11,09,14,,,5,8,,
2013/09/11,10,45,,,26,17,,
2013/09/11,11,159,,,66,90,,
2013/09/11,12,174,,,82,90,,
2013/09/11,13,175,,,82,90,,
2013/09/11,14,171,,,80,88,,
2013/09/11,15,170,,,79,88,,
2013/09/11,16,164,,,73,88,,
2013/09/11,17,156,,,64,89,,
2013/09/11,18,164,,,59,102,,
2013/09/11,19,158,,,48,106,,
2013/09/11,20,149,,,42,104,,
2013/09/11,21,79,,,31,46,,
2013/09/11,22,52,,,22,28,,
2013/09/11,23,45,,,17,25,,
2013/09/11,24,13,,,4,7,,
2013/09/12,01,13,,,4,6,,
2013/09/12,02,12,,,4,6,,
2013/09/12,03,12,,,4,6,,
2013/09/12,04,13,,,4,6,,
2013/09/12,05,12,,,4,6,,
2013/09/12,06,13,,,4,6,,
2013/09/12,07,12,,,4,6,,
2013/09/12,08,14,,,5,7,,
2013/09/12,09,53,,,36,16,,
2013/09/12,10,80,,,50,28,,
2013/09/12,11,84,,,48,34,,
2013/09/12,12,96,,,55,38,,
2013/09/12,13,164,,,73,89,,
2013/09/12,14,190,,,98,89,,
2013/09/12,15,199,,,106,90,,
2013/09/12,16,183,,,91,90,,
2013/09/12,17,182,,,90,90,,
2013/09/12,18,182,,,78,101,,
2013/09/12,19,172,,,59,109,,
2013/09/12,20,158,,,46,108,,
2013/09/12,21,90,,,40,47,,
2013/09/12,22,16,,,4,10,,
2013/09/12,23,13,,,4,6,,
2013/09/12,24,12,,,4,6,,
2013/09/13,01,12,,,4,6,,
2013/09/13,02,13,,,4,6,,
2013/09/13,03,12,,,4,6,,
2013/09/13,04,13,,,4,6,,
2013/09/13,05,12,,,4,6,,
2013/09/13,06,13,,,4,6,,
2013/09/13,07,12,,,4,6,,
2013/09/13,08,12,,,4,6,,
2013/09/13,09,68,,,42,24,,
2013/09/13,10,105,,,59,44,,
2013/09/13,11,183,,,78,102,,
2013/09/13,12,197,,,92,102,,
2013/09/13,13,204,,,99,102,,
2013/09/13,14,202,,,97,102,,
2013/09/13,15,200,,,95,102,,
2013/09/13,16,197,,,92,102,,
2013/09/13,17,191,,,87,102,,
2013/09/13,18,192,,,75,113,,
2013/09/13,19,184,,,64,117,,
2013/09/13,20,176,,,55,117,,
2013/09/13,21,92,,,36,54,,
2013/09/13,22,12,,,4,6,,
2013/09/13,23,13,,,4,6,,
2013/09/13,24,12,,,4,6,,
2013/09/14,01,12,,,4,6,,
2013/09/14,02,12,,,4,6,,
2013/09/14,03,13,,,4,6,,
2013/09/14,04,12,,,4,6,,
2013/09/14,05,12,,,4,6,,
2013/09/14,06,13,,,4,6,,
2013/09/14,07,12,,,4,6,,
2013/09/14,08,12,,,4,6,,
2013/09/14,09,33,,,24,8,,
2013/09/14,10,108,,,67,38,,
2013/09/14,11,169,,,77,89,,
2013/09/14,12,179,,,86,89,,
2013/09/14,13,179,,,88,89,,
2013/09/14,14,176,,,83,89,,
2013/09/14,15,168,,,75,91,,
2013/09/14,16,166,,,71,91,,
2013/09/14,17,160,,,65,92,,
2013/09/14,18,159,,,52,103,,
2013/09/14,19,150,,,40,106,,
2013/09/14,20,153,,,46,104,,
2013/09/14,21,32,,,10,20,,
2013/09/14,22,12,,,4,6,,
2013/09/14,23,12,,,4,6,,
2013/09/14,24,13,,,4,6,,
2013/09/15,01,12,,,4,6,,
2013/09/15,02,12,,,4,6,,
2013/09/15,03,12,,,4,6,,
2013/09/15,04,13,,,4,6,,
2013/09/15,05,12,,,4,6,,
2013/09/15,06,12,,,4,6,,
2013/09/15,07,12,,,4,6,,
2013/09/15,08,12,,,4,6,,
2013/09/15,09,21,,,12,7,,
2013/09/15,10,52,,,25,25,,
2013/09/15,11,134,,,39,92,,
2013/09/15,12,131,,,36,92,,
2013/09/15,13,127,,,32,92,,
2013/09/15,14,129,,,33,92,,
2013/09/15,15,128,,,33,92,,
2013/09/15,16,123,,,27,92,,
2013/09/15,17,128,,,32,92,,
2013/09/15,18,138,,,32,103,,
2013/09/15,19,144,,,34,107,,
2013/09/15,20,139,,,29,106,,
2013/09/15,21,69,,,11,55,,
2013/09/15,22,12,,,4,6,,
2013/09/15,23,12,,,4,6,,
2013/09/15,24,13,,,4,6,,
2013/09/16,01,12,,,4,6,,
2013/09/16,02,11,,,4,6,,
2013/09/16,03,13,,,4,6,,
2013/09/16,04,12,,,4,6,,
2013/09/16,05,12,,,4,6,,
2013/09/16,06,13,,,4,6,,
2013/09/16,07,13,,,4,6,,
2013/09/16,08,12,,,4,6,,
2013/09/16,09,14,,,5,7,,
2013/09/16,10,38,,,10,26,,
2013/09/16,11,117,,,22,92,,
2013/09/16,12,120,,,24,93,,
2013/09/16,13,134,,,37,94,,
2013/09/16,14,143,,,46,94,,
2013/09/16,15,142,,,45,93,,
2013/09/16,16,137,,,42,91,,
2013/09/16,17,136,,,41,92,,
2013/09/16,18,141,,,33,103,,
2013/09/16,19,135,,,25,107,,
2013/09/16,20,130,,,21,106,,
2013/09/16,21,31,,,4,24,,
2013/09/16,22,13,,,4,6,,
2013/09/16,23,12,,,4,6,,
2013/09/16,24,12,,,4,6,,
2013/09/17,01,13,,,4,6,,
2013/09/17,02,12,,,4,6,,
2013/09/17,03,12,,,4,6,,
2013/09/17,04,12,,,4,6,,
2013/09/17,05,13,,,4,6,,
2013/09/17,06,12,,,4,6,,
2013/09/17,07,12,,,4,6,,
2013/09/17,08,12,,,4,6,,
2013/09/17,09,15,,,5,7,,
2013/09/17,10,23,,,6,15,,
2013/09/17,11,112,,,10,98,,
2013/09/17,12,125,,,26,96,,
2013/09/17,13,132,,,34,95,,
2013/09/17,14,138,,,40,94,,
2013/09/17,15,144,,,46,94,,
2013/09/17,16,141,,,44,94,,
2013/09/17,17,140,,,42,95,,
2013/09/17,18,144,,,32,108,,
2013/09/17,19,141,,,23,114,,
2013/09/17,20,136,,,21,111,,
2013/09/17,21,34,,,4,27,,
2013/09/17,22,13,,,4,6,,
2013/09/17,23,12,,,4,6,,
2013/09/17,24,12,,,4,6,,
2013/09/18,01,12,,,4,6,,
2013/09/18,02,13,,,4,6,,
2013/09/18,03,12,,,4,6,,
2013/09/18,04,12,,,4,6,,
2013/09/18,05,13,,,4,6,,
2013/09/18,06,12,,,4,6,,
2013/09/18,07,12,,,4,6,,
2013/09/18,08,12,,,4,6,,
2013/09/18,09,14,,,4,8,,
2013/09/18,10,32,,,7,23,,
2013/09/18,11,106,,,15,88,,
2013/09/18,12,131,,,40,88,,
2013/09/18,13,137,,,45,89,,
2013/09/18,14,136,,,45,88,,
2013/09/18,15,140,,,48,88,,
2013/09/18,16,137,,,46,89,,
2013/09/18,17,130,,,38,89,,
2013/09/18,18,141,,,36,102,,
2013/09/18,19,142,,,30,108,,
2013/09/18,20,132,,,22,106,,
2013/09/18,21,59,,,5,52,,
2013/09/18,22,13,,,4,6,,
2013/09/18,23,12,,,4,6,,
2013/09/18,24,13,,,4,6,,
2013/09/19,01,12,,,4,6,,
2013/09/19,02,12,,,4,6,,
2013/09/19,03,13,,,4,6,,
2013/09/19,04,12,,,4,6,,
2013/09/19,05,12,,,4,6,,
2013/09/19,06,13,,,4,6,,
2013/09/19,07,12,,,4,6,,
2013/09/19,08,12,,,4,6,,
2013/09/19,09,16,,,6,8,,
2013/09/19,10,36,,,9,25,,
2013/09/19,11,126,,,25,97,,
2013/09/19,12,148,,,47,98,,
2013/09/19,13,151,,,49,98,,
2013/09/19,14,159,,,59,97,,
2013/09/19,15,161,,,61,97,,
2013/09/19,16,158,,,57,98,,
2013/09/19,17,155,,,54,98,,
2013/09/19,18,163,,,46,113,,
2013/09/19,19,154,,,33,117,,
2013/09/19,20,152,,,30,118,,
2013/09/19,21,76,,,9,65,,
2013/09/19,22,13,,,4,6,,
2013/09/19,23,12,,,4,6,,
2013/09/19,24,13,,,4,6,,
2013/09/20,01,12,,,4,6,,
2013/09/20,02,12,,,4,6,,
2013/09/20,03,12,,,4,6,,
2013/09/20,04,13,,,4,6,,
2013/09/20,05,12,,,4,6,,
2013/09/20,06,12,,,4,6,,
2013/09/20,07,12,,,4,6,,
2013/09/20,08,12,,,4,6,,
2013/09/20,09,15,,,4,8,,
2013/09/20,10,36,,,4,29,,
2013/09/20,11,122,,,30,89,,
2013/09/20,12,136,,,44,89,,
2013/09/20,13,139,,,48,88,,
2013/09/20,14,142,,,52,88,,
2013/09/20,15,146,,,54,88,,
2013/09/20,16,143,,,52,89,,
2013/09/20,17,120,,,27,90,,
2013/09/20,18,134,,,28,104,,
2013/09/20,19,139,,,30,105,,
2013/09/20,20,133,,,27,102,,
2013/09/20,21,50,,,15,33,,
2013/09/20,22,12,,,4,6,,
2013/09/20,23,13,,,4,6,,
2013/09/20,24,12,,,4,6,,
2013/09/21,01,12,,,4,6,,
2013/09/21,02,12,,,4,6,,
2013/09/21,03,13,,,4,6,,
2013/09/21,04,12,,,4,6,,
2013/09/21,05,12,,,4,6,,
2013/09/21,06,13,,,4,6,,
2013/09/21,07,12,,,4,6,,
2013/09/21,08,12,,,4,6,,
2013/09/21,09,14,,,4,7,,
2013/09/21,10,34,,,5,28,,
2013/09/21,11,140,,,43,94,,
2013/09/21,12,159,,,61,94,,
2013/09/21,13,159,,,61,94,,
2013/09/21,14,160,,,63,94,,
2013/09/21,15,161,,,64,94,,
2013/09/21,16,160,,,63,94,,
2013/09/21,17,152,,,56,94,,
2013/09/21,18,164,,,53,108,,
2013/09/21,19,158,,,46,109,,
2013/09/21,20,150,,,40,107,,
2013/09/21,21,54,,,21,31,,
2013/09/21,22,12,,,4,6,,
2013/09/21,23,12,,,4,6,,
2013/09/21,24,13,,,4,6,,
2013/09/22,01,12,,,4,6,,
2013/09/22,02,12,,,4,6,,
2013/09/22,03,13,,,4,6,,
2013/09/22,04,12,,,4,6,,
2013/09/22,05,12,,,4,6,,
2013/09/22,06,13,,,4,6,,
2013/09/22,07,12,,,4,6,,
2013/09/22,08,12,,,4,6,,
2013/09/22,09,15,,,6,7,,
2013/09/22,10,58,,,31,26,,
2013/09/22,11,152,,,58,91,,
2013/09/22,12,154,,,60,91,,
2013/09/22,13,160,,,65,92,,
2013/09/22,14,155,,,62,91,,
2013/09/22,15,157,,,62,91,,
2013/09/22,16,154,,,59,91,,
2013/09/22,17,151,,,57,91,,
2013/09/22,18,164,,,55,105,,
2013/09/22,19,157,,,48,106,,
2013/09/22,20,154,,,42,108,,
2013/09/22,21,40,,,8,29,,
2013/09/22,22,12,,,4,6,,
2013/09/22,23,13,,,4,6,,
2013/09/22,24,12,,,4,6,,
2013/09/23,01,12,,,4,6,,
2013/09/23,02,12,,,4,6,,
2013/09/23,03,13,,,4,6,,
2013/09/23,04,12,,,4,6,,
2013/09/23,05,12,,,4,6,,
2013/09/23,06,13,,,4,6,,
2013/09/23,07,12,,,4,6,,
2013/09/23,08,12,,,4,6,,
2013/09/23,09,21,,,10,8,,
2013/09/23,10,36,,,17,17,,
2013/09/23,11,148,,,47,98,,
2013/09/23,12,154,,,60,90,,
2013/09/23,13,160,,,64,93,,
2013/09/23,14,169,,,74,92,,
2013/09/23,15,161,,,66,93,,
2013/09/23,16,157,,,61,93,,
2013/09/23,17,156,,,61,92,,
2013/09/23,18,163,,,52,107,,
2013/09/23,19,155,,,45,107,,
2013/09/23,20,142,,,35,104,,
2013/09/23,21,40,,,13,24,,
2013/09/23,22,12,,,4,6,,
2013/09/23,23,13,,,4,6,,
2013/09/23,24,12,,,4,6,,
2013/09/24,01,13,,,4,6,,
2013/09/24,02,11,,,4,6,,
2013/09/24,03,13,,,4,6,,
2013/09/24,04,12,,,4,6,,
2013/09/24,05,13,,,4,6,,
2013/09/24,06,12,,,4,6,,
2013/09/24,07,13,,,4,6,,
2013/09/24,08,12,,,4,6,,
2013/09/24,09,14,,,4,8,,
2013/09/24,10,33,,,6,25,,
2013/09/24,11,145,,,53,89,,
2013/09/24,12,149,,,57,89,,
2013/09/24,13,147,,,56,89,,
2013/09/24,14,147,,,56,88,,
2013/09/24,15,172,,,79,90,,
2013/09/24,16,149,,,58,89,,
2013/09/24,17,146,,,54,89,,
2013/09/24,18,154,,,45,105,,
2013/09/24,19,143,,,35,105,,
2013/09/24,20,138,,,33,102,,
2013/09/24,21,35,,,10,22,,
2013/09/24,22,12,,,4,6,,
2013/09/24,23,13,,,4,6,,
2013/09/24,24,12,,,4,6,,
2013/09/25,01,12,,,4,6,,
2013/09/25,02,12,,,4,6,,
2013/09/25,03,13,,,4,6,,
2013/09/25,04,12,,,4,6,,
2013/09/25,05,12,,,4,6,,
2013/09/25,06,12,,,4,6,,
2013/09/25,07,12,,,4,6,,
2013/09/25,08,12,,,4,6,,
2013/09/25,09,27,,,16,8,,
2013/09/25,10,36,,,20,14,,
2013/09/25,11,145,,,44,98,,
2013/09/25,12,163,,,63,97,,
2013/09/25,13,172,,,71,98,,
2013/09/25,14,172,,,72,97,,
2013/09/25,15,170,,,69,97,,
2013/09/25,16,169,,,69,97,,
2013/09/25,17,168,,,68,97,,
2013/09/25,18,169,,,54,111,,
2013/09/25,19,156,,,45,108,,
2013/09/25,20,142,,,33,106,,
2013/09/25,21,40,,,5,33,,
2013/09/25,22,12,,,4,6,,
2013/09/25,23,13,,,4,6,,
2013/09/25,24,12,,,4,6,,
2013/09/26,01,12,,,4,6,,
2013/09/26,02,12,,,4,6,,
2013/09/26,03,12,,,4,6,,
2013/09/26,04,12,,,4,6,,
2013/09/26,05,11,,,4,6,,
2013/09/26,06,13,,,4,6,,
2013/09/26,07,11,,,4,6,,
2013/09/26,08,12,,,4,6,,
2013/09/26,09,15,,,6,7,,
2013/09/26,10,34,,,5,26,,
2013/09/26,11,110,,,13,94,,
2013/09/26,12,124,,,28,93,,
2013/09/26,13,127,,,31,93,,
2013/09/26,14,133,,,37,93,,
2013/09/26,15,124,,,29,93,,
2013/09/26,16,120,,,25,92,,
2013/09/26,17,119,,,23,93,,
2013/09/26,18,130,,,18,109,,
2013/09/26,19,133,,,16,112,,
2013/09/26,20,131,,,15,112,,
2013/09/26,21,67,,,7,57,,
2013/09/26,22,12,,,4,6,,
2013/09/26,23,13,,,4,6,,
2013/09/26,24,12,,,4,6,,
2013/09/27,01,12,,,4,6,,
2013/09/27,02,12,,,4,6,,
2013/09/27,03,13,,,4,6,,
2013/09/27,04,12,,,4,6,,
2013/09/27,05,12,,,4,6,,
2013/09/27,06,12,,,4,6,,
2013/09/27,07,13,,,4,6,,
2013/09/27,08,12,,,4,6,,
2013/09/27,09,15,,,4,8,,
2013/09/27,10,34,,,4,28,,
2013/09/27,11,104,,,7,94,,
2013/09/27,12,112,,,15,93,,
2013/09/27,13,120,,,24,93,,
2013/09/27,14,121,,,26,92,,
2013/09/27,15,125,,,30,92,,
2013/09/27,16,122,,,27,92,,
2013/09/27,17,117,,,22,92,,
2013/09/27,18,130,,,18,108,,
2013/09/27,19,131,,,17,111,,
2013/09/27,20,128,,,12,111,,
2013/09/27,21,58,,,4,51,,
2013/09/27,22,12,,,4,6,,
2013/09/27,23,12,,,4,6,,
2013/09/27,24,13,,,4,6,,
2013/09/28,01,12,,,4,6,,
2013/09/28,02,12,,,4,6,,
2013/09/28,03,13,,,4,6,,
2013/09/28,04,12,,,4,6,,
2013/09/28,05,12,,,4,6,,
2013/09/28,06,12,,,4,6,,
2013/09/28,07,12,,,4,6,,
2013/09/28,08,12,,,4,6,,
2013/09/28,09,15,,,4,8,,
2013/09/28,10,32,,,4,26,,
2013/09/28,11,101,,,6,91,,
2013/09/28,12,112,,,20,88,,
2013/09/28,13,115,,,24,88,,
2013/09/28,14,139,,,48,88,,
2013/09/28,15,134,,,42,89,,
2013/09/28,16,117,,,26,88,,
2013/09/28,17,112,,,19,89,,
2013/09/28,18,128,,,20,105,,
2013/09/28,19,125,,,17,105,,
2013/09/28,20,117,,,12,101,,
2013/09/28,21,40,,,5,33,,
2013/09/28,22,13,,,4,6,,
2013/09/28,23,12,,,4,6,,
2013/09/28,24,12,,,4,6,,
2013/09/29,01,12,,,4,6,,
2013/09/29,02,12,,,4,6,,
2013/09/29,03,13,,,4,6,,
2013/09/29,04,12,,,4,6,,
2013/09/29,05,12,,,4,6,,
2013/09/29,06,12,,,4,6,,
2013/09/29,07,12,,,4,6,,
2013/09/29,08,12,,,4,6,,
2013/09/29,09,15,,,4,8,,
2013/09/29,10,36,,,6,28,,
2013/09/29,11,110,,,14,93,,
2013/09/29,12,134,,,39,92,,
2013/09/29,13,133,,,36,93,,
2013/09/29,14,137,,,41,92,,
2013/09/29,15,144,,,48,92,,
2013/09/29,16,142,,,47,92,,
2013/09/29,17,139,,,41,95,,
2013/09/29,18,144,,,31,109,,
2013/09/29,19,122,,,12,107,,
2013/09/29,20,132,,,23,105,,
2013/09/29,21,36,,,7,27,,
2013/09/29,22,13,,,4,6,,
2013/09/29,23,12,,,4,6,,
2013/09/29,24,13,,,4,6,,
2013/09/30,01,12,,,4,6,,
2013/09/30,02,12,,,4,6,,
2013/09/30,03,12,,,4,6,,
2013/09/30,04,12,,,4,6,,
2013/09/30,05,12,,,4,6,,
2013/09/30,06,12,,,4,6,,
2013/09/30,07,12,,,4,6,,
2013/09/30,08,12,,,4,6,,
2013/09/30,09,14,,,4,7,,
2013/09/30,10,30,,,4,24,,
2013/09/30,11,100,,,7,90,,
2013/09/30,12,113,,,22,88,,
2013/09/30,13,127,,,36,88,,
2013/09/30,14,136,,,46,88,,
2013/09/30,15,139,,,49,87,,
2013/09/30,16,134,,,43,88,,
2013/09/30,17,129,,,34,92,,
2013/09/30,18,131,,,22,106,,
2013/09/30,19,126,,,17,106,,
2013/09/30,20,119,,,13,102,,
2013/09/30,21,59,,,11,45,,
2013/09/30,22,17,,,5,10,,
2013/09/30,23,13,,,4,6,,
2013/09/30,24,12,,,4,6,,
2013/10/01,01,12,,,4,6,,
2013/10/01,02,12,,,4,6,,
2013/10/01,03,13,,,4,6,,
2013/10/01,04,12,,,4,6,,
2013/10/01,05,12,,,4,6,,
2013/10/01,06,13,,,4,6,,
2013/10/01,07,11,,,4,6,,
2013/10/01,08,12,,,4,6,,
2013/10/01,09,14,,,4,8,,
2013/10/01,10,28,,,4,21,,
2013/10/01,11,119,,,27,89,,
2013/10/01,12,136,,,44,89,,
2013/10/01,13,133,,,42,88,,
2013/10/01,14,138,,,46,89,,
2013/10/01,15,145,,,52,89,,
2013/10/01,16,143,,,52,88,,
2013/10/01,17,127,,,31,93,,
2013/10/01,18,139,,,29,106,,
2013/10/01,19,136,,,27,106,,
2013/10/01,20,130,,,23,103,,
2013/10/01,21,32,,,11,19,,
2013/10/01,22,12,,,4,6,,
2013/10/01,23,13,,,4,6,,
2013/10/01,24,12,,,4,6,,
2013/10/02,01,12,,,4,6,,
2013/10/02,02,12,,,4,6,,
2013/10/02,03,13,,,4,6,,
2013/10/02,04,12,,,4,6,,
2013/10/02,05,13,,,4,6,,
2013/10/02,06,12,,,4,6,,
2013/10/02,07,12,,,4,6,,
2013/10/02,08,12,,,4,6,,
2013/10/02,09,25,,,14,8,,
2013/10/02,10,40,,,17,21,,
2013/10/02,11,125,,,29,92,,
2013/10/02,12,149,,,53,92,,
2013/10/02,13,155,,,60,93,,
2013/10/02,14,156,,,61,92,,
2013/10/02,15,158,,,63,91,,
2013/10/02,16,155,,,61,92,,
2013/10/02,17,155,,,58,95,,
2013/10/02,18,165,,,49,112,,
2013/10/02,19,150,,,35,112,,
2013/10/02,20,151,,,36,112,,
2013/10/02,21,57,,,11,43,,
2013/10/02,22,12,,,4,6,,
2013/10/02,23,13,,,4,6,,
2013/10/02,24,12,,,4,6,,
2013/10/03,01,12,,,4,6,,
2013/10/03,02,12,,,4,6,,
2013/10/03,03,13,,,4,6,,
2013/10/03,04,12,,,4,6,,
2013/10/03,05,13,,,4,6,,
2013/10/03,06,12,,,4,6,,
2013/10/03,07,12,,,4,6,,
2013/10/03,08,12,,,4,6,,
2013/10/03,09,27,,,15,10,,
2013/10/03,10,37,,,9,26,,
2013/10/03,11,126,,,30,94,,
2013/10/03,12,134,,,38,93,,
2013/10/03,13,136,,,39,93,,
2013/10/03,14,138,,,41,93,,
2013/10/03,15,137,,,41,93,,
2013/10/03,16,137,,,41,93,,
2013/10/03,17,136,,,35,97,,
2013/10/03,18,143,,,29,110,,
2013/10/03,19,138,,,22,112,,
2013/10/03,20,134,,,19,112,,
2013/10/03,21,58,,,6,50,,
2013/10/03,22,9,,,4,3,,
2013/10/03,23,9,,,4,3,,
2013/10/03,24,10,,,4,3,,
2013/10/04,01,9,,,4,3,,
2013/10/04,02,9,,,4,3,,
2013/10/04,03,9,,,4,3,,
2013/10/04,04,10,,,4,3,,
2013/10/04,05,9,,,4,3,,
2013/10/04,06,9,,,4,3,,
2013/10/04,07,9,,,4,3,,
2013/10/04,08,9,,,4,3,,
2013/10/04,09,12,,,4,6,,
2013/10/04,10,63,,,4,55,,
2013/10/04,11,101,,,7,92,,
2013/10/04,12,101,,,6,91,,
2013/10/04,13,100,,,6,91,,
2013/10/04,14,112,,,20,89,,
2013/10/04,15,114,,,23,89,,
2013/10/04,16,113,,,21,89,,
2013/10/04,17,117,,,19,94,,
2013/10/04,18,129,,,18,107,,
2013/10/04,19,124,,,14,106,,
2013/10/04,20,127,,,17,107,,
2013/10/04,21,60,,,9,49,,
2013/10/04,22,13,,,4,6,,
2013/10/04,23,12,,,4,6,,
2013/10/04,24,13,,,4,6,,
2013/10/05,01,12,,,4,6,,
2013/10/05,02,12,,,4,6,,
2013/10/05,03,13,,,4,6,,
2013/10/05,04,12,,,4,6,,
2013/10/05,05,12,,,4,6,,
2013/10/05,06,13,,,4,6,,
2013/10/05,07,12,,,4,6,,
2013/10/05,08,18,,,4,12,,
2013/10/05,09,37,,,4,31,,
2013/10/05,10,44,,,4,37,,
2013/10/05,11,102,,,7,92,,
2013/10/05,12,110,,,18,89,,
2013/10/05,13,113,,,22,89,,
2013/10/05,14,122,,,30,89,,
2013/10/05,15,121,,,30,88,,
2013/10/05,16,119,,,28,89,,
2013/10/05,17,122,,,23,96,,
2013/10/05,18,133,,,23,107,,
2013/10/05,19,133,,,23,106,,
2013/10/05,20,131,,,21,106,,
2013/10/05,21,76,,,11,62,,
2013/10/05,22,12,,,4,6,,
2013/10/05,23,13,,,4,6,,
2013/10/05,24,12,,,4,6,,
2013/10/06,01,12,,,4,6,,
2013/10/06,02,12,,,4,6,,
2013/10/06,03,13,,,4,6,,
2013/10/06,04,12,,,4,6,,
2013/10/06,05,12,,,4,6,,
2013/10/06,06,13,,,4,6,,
2013/10/06,07,11,,,4,6,,
2013/10/06,08,12,,,4,6,,
2013/10/06,09,15,,,5,7,,
2013/10/06,10,26,,,4,20,,
2013/10/06,11,133,,,42,89,,
2013/10/06,12,163,,,70,90,,
2013/10/06,13,162,,,68,91,,
2013/10/06,14,167,,,74,90,,
2013/10/06,15,169,,,76,89,,
2013/10/06,16,155,,,61,90,,
2013/10/06,17,154,,,55,96,,
2013/10/06,18,154,,,44,106,,
2013/10/06,19,130,,,21,106,,
2013/10/06,20,130,,,25,102,,
2013/10/06,21,68,,,16,50,,
2013/10/06,22,13,,,4,6,,
2013/10/06,23,12,,,4,6,,
2013/10/06,24,13,,,4,6,,
2013/10/07,01,12,,,4,6,,
2013/10/07,02,12,,,4,6,,
2013/10/07,03,12,,,4,6,,
2013/10/07,04,12,,,4,6,,
2013/10/07,05,13,,,4,6,,
2013/10/07,06,12,,,4,6,,
2013/10/07,07,12,,,4,6,,
2013/10/07,08,12,,,4,6,,
2013/10/07,09,14,,,4,8,,
2013/10/07,10,36,,,9,24,,
2013/10/07,11,153,,,61,89,,
2013/10/07,12,156,,,65,88,,
2013/10/07,13,159,,,67,89,,
2013/10/07,14,158,,,68,88,,
2013/10/07,15,156,,,64,89,,
2013/10/07,16,169,,,75,90,,
2013/10/07,17,134,,,38,93,,
2013/10/07,18,151,,,41,106,,
2013/10/07,19,149,,,40,106,,
2013/10/07,20,145,,,38,103,,
2013/10/07,21,65,,,20,42,,
2013/10/07,22,12,,,4,6,,
2013/10/07,23,12,,,4,6,,
2013/10/07,24,13,,,4,6,,
2013/10/08,01,12,,,4,6,,
2013/10/08,02,12,,,4,6,,
2013/10/08,03,13,,,4,6,,
2013/10/08,04,12,,,4,6,,
2013/10/08,05,12,,,4,6,,
2013/10/08,06,13,,,4,6,,
2013/10/08,07,12,,,4,6,,
2013/10/08,08,11,,,4,6,,
2013/10/08,09,15,,,4,8,,
2013/10/08,10,33,,,7,24,,
2013/10/08,11,128,,,37,89,,
2013/10/08,12,143,,,50,89,,
2013/10/08,13,137,,,44,90,,
2013/10/08,14,138,,,45,90,,
2013/10/08,15,142,,,50,89,,
2013/10/08,16,131,,,39,89,,
2013/10/08,17,125,,,27,95,,
2013/10/08,18,138,,,28,106,,
2013/10/08,19,135,,,26,106,,
2013/10/08,20,131,,,25,102,,
2013/10/08,21,31,,,10,18,,
2013/10/08,22,12,,,4,6,,
2013/10/08,23,12,,,4,6,,
2013/10/08,24,13,,,4,6,,
2013/10/09,01,12,,,4,6,,
2013/10/09,02,12,,,4,6,,
2013/10/09,03,13,,,4,6,,
2013/10/09,04,12,,,4,6,,
2013/10/09,05,12,,,4,6,,
2013/10/09,06,12,,,4,6,,
2013/10/09,07,12,,,4,6,,
2013/10/09,08,12,,,4,6,,
2013/10/09,09,13,,,4,6,,
2013/10/09,10,54,,,35,17,,
2013/10/09,11,112,,,22,87,,
2013/10/09,12,116,,,26,87,,
2013/10/09,13,147,,,57,87,,
2013/10/09,14,160,,,69,88,,
2013/10/09,15,165,,,76,87,,
2013/10/09,16,155,,,63,88,,
2013/10/09,17,158,,,63,92,,
2013/10/09,18,167,,,58,106,,
2013/10/09,19,156,,,45,107,,
2013/10/09,20,143,,,33,106,,
2013/10/09,21,42,,,4,35,,
2013/10/09,22,12,,,4,6,,
2013/10/09,23,13,,,4,6,,
2013/10/09,24,12,,,4,6,,
2013/10/10,01,12,,,4,6,,
2013/10/10,02,12,,,4,6,,
2013/10/10,03,13,,,4,6,,
2013/10/10,04,13,,,4,6,,
2013/10/10,05,12,,,4,6,,
2013/10/10,06,13,,,4,6,,
2013/10/10,07,11,,,4,6,,
2013/10/10,08,12,,,4,6,,
2013/10/10,09,27,,,18,7,,
2013/10/10,10,64,,,36,25,,
2013/10/10,11,154,,,55,96,,
2013/10/10,12,117,,,20,94,,
2013/10/10,13,179,,,80,95,,
2013/10/10,14,186,,,87,96,,
2013/10/10,15,177,,,79,95,,
2013/10/10,16,171,,,71,96,,
2013/10/10,17,168,,,63,102,,
2013/10/10,18,177,,,59,114,,
2013/10/10,19,162,,,43,115,,
2013/10/10,20,159,,,41,115,,
2013/10/10,21,52,,,9,41,,
2013/10/10,22,12,,,4,6,,
2013/10/10,23,13,,,4,6,,
2013/10/10,24,12,,,4,6,,
2013/10/11,01,13,,,4,6,,
2013/10/11,02,12,,,4,6,,
2013/10/11,03,12,,,4,6,,
2013/10/11,04,13,,,4,6,,
2013/10/11,05,12,,,4,6,,
2013/10/11,06,12,,,4,6,,
2013/10/11,07,12,,,4,6,,
2013/10/11,08,12,,,4,6,,
2013/10/11,09,17,,,8,7,,
2013/10/11,10,57,,,33,21,,
2013/10/11,11,146,,,58,86,,
2013/10/11,12,156,,,67,86,,
2013/10/11,13,159,,,70,87,,
2013/10/11,14,161,,,72,86,,
2013/10/11,15,160,,,71,86,,
2013/10/11,16,144,,,55,87,,
2013/10/11,17,153,,,55,95,,
2013/10/11,18,133,,,27,103,,
2013/10/11,19,129,,,23,102,,
2013/10/11,20,147,,,44,100,,
2013/10/11,21,49,,,20,26,,
2013/10/11,22,13,,,4,6,,
2013/10/11,23,12,,,4,6,,
2013/10/11,24,13,,,4,6,,
2013/10/12,01,12,,,4,6,,
2013/10/12,02,12,,,4,6,,
2013/10/12,03,12,,,4,6,,
2013/10/12,04,13,,,4,6,,
2013/10/12,05,12,,,4,6,,
2013/10/12,06,13,,,4,6,,
2013/10/12,07,11,,,4,6,,
2013/10/12,08,12,,,4,6,,
2013/10/12,09,14,,,4,8,,
2013/10/12,10,32,,,6,23,,
2013/10/12,11,126,,,36,87,,
2013/10/12,12,123,,,33,87,,
2013/10/12,13,126,,,36,88,,
2013/10/12,14,129,,,38,88,,
2013/10/12,15,129,,,38,88,,
2013/10/12,16,127,,,36,88,,
2013/10/12,17,132,,,33,96,,
2013/10/12,18,135,,,27,105,,
2013/10/12,19,130,,,20,106,,
2013/10/12,20,121,,,14,103,,
2013/10/12,21,57,,,7,47,,
2013/10/12,22,12,,,4,6,,
2013/10/12,23,13,,,4,6,,
2013/10/12,24,12,,,4,6,,
2013/10/13,01,13,,,4,6,,
2013/10/13,02,12,,,4,6,,
2013/10/13,03,12,,,4,6,,
2013/10/13,04,13,,,4,6,,
2013/10/13,05,13,,,4,6,,
2013/10/13,06,12,,,4,6,,
2013/10/13,07,12,,,4,6,,
2013/10/13,08,12,,,4,6,,
2013/10/13,09,14,,,4,8,,
2013/10/13,10,30,,,4,23,,
2013/10/13,11,99,,,6,90,,
2013/10/13,12,99,,,6,89,,
2013/10/13,13,112,,,20,89,,
2013/10/13,14,115,,,24,89,,
2013/10/13,15,121,,,28,89,,
2013/10/13,16,120,,,29,88,,
2013/10/13,17,123,,,25,95,,
2013/10/13,18,129,,,20,105,,
2013/10/13,19,126,,,15,108,,
2013/10/13,20,123,,,12,107,,
2013/10/13,21,62,,,4,55,,
2013/10/13,22,13,,,4,6,,
2013/10/13,23,12,,,4,6,,
2013/10/13,24,13,,,4,6,,
2013/10/14,01,12,,,4,6,,
2013/10/14,02,12,,,4,6,,
2013/10/14,03,12,,,4,6,,
2013/10/14,04,13,,,4,6,,
2013/10/14,05,12,,,4,6,,
2013/10/14,06,13,,,4,6,,
2013/10/14,07,12,,,4,6,,
2013/10/14,08,12,,,4,6,,
2013/10/14,09,13,,,4,6,,
2013/10/14,10,25,,,4,19,,
2013/10/14,11,98,,,7,88,,
2013/10/14,12,96,,,6,87,,
2013/10/14,13,100,,,10,87,,
2013/10/14,14,123,,,32,88,,
2013/10/14,15,119,,,28,88,,
2013/10/14,16,115,,,23,89,,
2013/10/14,17,119,,,20,97,,
2013/10/14,18,122,,,12,106,,
2013/10/14,19,116,,,6,107,,
2013/10/14,20,116,,,6,106,,
2013/10/14,21,22,,,4,15,,
2013/10/14,22,12,,,4,6,,
2013/10/14,23,12,,,4,6,,
2013/10/14,24,13,,,4,6,,
2013/10/15,01,12,,,4,6,,
2013/10/15,02,12,,,4,6,,
2013/10/15,03,12,,,4,6,,
2013/10/15,04,13,,,4,6,,
2013/10/15,05,12,,,4,6,,
2013/10/15,06,13,,,4,6,,
2013/10/15,07,12,,,4,6,,
2013/10/15,08,12,,,4,6,,
2013/10/15,09,13,,,4,7,,
2013/10/15,10,34,,,4,27,,
2013/10/15,11,99,,,7,90,,
2013/10/15,12,99,,,6,89,,
2013/10/15,13,99,,,6,89,,
2013/10/15,14,98,,,6,88,,
2013/10/15,15,97,,,7,88,,
2013/10/15,16,98,,,6,88,,
2013/10/15,17,108,,,6,98,,
2013/10/15,18,115,,,6,106,,
2013/10/15,19,117,,,6,107,,
2013/10/15,20,111,,,6,101,,
2013/10/15,21,17,,,4,10,,
2013/10/15,22,13,,,4,6,,
2013/10/15,23,12,,,4,6,,
2013/10/15,24,12,,,4,6,,
2013/10/16,01,13,,,4,6,,
2013/10/16,02,11,,,4,6,,
2013/10/16,03,13,,,4,6,,
2013/10/16,04,12,,,4,6,,
2013/10/16,05,12,,,4,6,,
2013/10/16,06,13,,,4,6,,
2013/10/16,07,12,,,4,6,,
2013/10/16,08,11,,,4,6,,
2013/10/16,09,14,,,4,7,,
2013/10/16,10,24,,,4,18,,
2013/10/16,11,101,,,7,90,,
2013/10/16,12,99,,,6,90,,
2013/10/16,13,100,,,6,90,,
2013/10/16,14,99,,,6,90,,
2013/10/16,15,100,,,7,89,,
2013/10/16,16,99,,,6,89,,
2013/10/16,17,106,,,6,97,,
2013/10/16,18,117,,,6,107,,
2013/10/16,19,118,,,6,108,,
2013/10/16,20,118,,,6,108,,
2013/10/16,21,76,,,5,68,,
2013/10/16,22,13,,,4,6,,
2013/10/16,23,12,,,4,6,,
2013/10/16,24,13,,,4,6,,
2013/10/17,01,12,,,4,6,,
2013/10/17,02,12,,,4,6,,
2013/10/17,03,13,,,4,6,,
2013/10/17,04,13,,,4,6,,
2013/10/17,05,12,,,4,6,,
2013/10/17,06,12,,,4,6,,
2013/10/17,07,12,,,4,6,,
2013/10/17,08,12,,,4,6,,
2013/10/17,09,14,,,4,7,,
2013/10/17,10,27,,,4,20,,
2013/10/17,11,100,,,7,90,,
2013/10/17,12,100,,,7,90,,
2013/10/17,13,99,,,6,90,,
2013/10/17,14,99,,,7,90,,
2013/10/17,15,100,,,7,90,,
2013/10/17,16,100,,,6,90,,
2013/10/17,17,107,,,6,97,,
2013/10/17,18,119,,,6,109,,
2013/10/17,19,120,,,6,110,,
2013/10/17,20,120,,,6,110,,
2013/10/17,21,79,,,5,72,,
2013/10/17,22,13,,,4,7,,
2013/10/17,23,12,,,4,6,,
2013/10/17,24,13,,,4,6,,
2013/10/18,01,12,,,4,6,,
2013/10/18,02,13,,,4,6,,
2013/10/18,03,12,,,4,6,,
2013/10/18,04,13,,,4,6,,
2013/10/18,05,13,,,4,6,,
2013/10/18,06,12,,,4,6,,
2013/10/18,07,12,,,4,6,,
2013/10/18,08,12,,,4,6,,
2013/10/18,09,15,,,4,8,,
2013/10/18,10,30,,,4,24,,
2013/10/18,11,97,,,7,87,,
2013/10/18,12,96,,,6,86,,
2013/10/18,13,96,,,6,86,,
2013/10/18,14,95,,,6,86,,
2013/10/18,15,96,,,7,86,,
2013/10/18,16,98,,,6,89,,
2013/10/18,17,108,,,6,97,,
2013/10/18,18,114,,,6,104,,
2013/10/18,19,113,,,6,103,,
2013/10/18,20,110,,,6,101,,
2013/10/18,21,72,,,5,64,,
2013/10/18,22,14,,,4,8,,
2013/10/18,23,12,,,4,6,,
2013/10/18,24,13,,,4,6,,
2013/10/19,01,12,,,4,6,,
2013/10/19,02,12,,,4,6,,
2013/10/19,03,13,,,4,6,,
2013/10/19,04,12,,,4,6,,
2013/10/19,05,13,,,4,6,,
2013/10/19,06,12,,,4,6,,
2013/10/19,07,12,,,4,6,,
2013/10/19,08,12,,,4,6,,
2013/10/19,09,14,,,4,7,,
2013/10/19,10,27,,,4,21,,
2013/10/19,11,102,,,7,92,,
2013/10/19,12,102,,,7,92,,
2013/10/19,13,102,,,6,92,,
2013/10/19,14,102,,,6,92,,
2013/10/19,15,102,,,7,92,,
2013/10/19,16,101,,,6,92,,
2013/10/19,17,112,,,6,102,,
2013/10/19,18,120,,,7,110,,
2013/10/19,19,121,,,6,111,,
2013/10/19,20,121,,,6,110,,
2013/10/19,21,73,,,4,66,,
2013/10/19,22,13,,,4,7,,
2013/10/19,23,13,,,4,7,,
2013/10/19,24,13,,,4,7,,
2013/10/20,01,12,,,4,6,,
2013/10/20,02,13,,,4,6,,
2013/10/20,03,13,,,4,7,,
2013/10/20,04,13,,,4,6,,
2013/10/20,05,13,,,4,7,,
2013/10/20,06,13,,,4,7,,
2013/10/20,07,12,,,4,6,,
2013/10/20,08,13,,,4,7,,
2013/10/20,09,13,,,4,7,,
2013/10/20,10,30,,,4,23,,
2013/10/20,11,102,,,7,93,,
2013/10/20,12,102,,,6,92,,
2013/10/20,13,102,,,6,92,,
2013/10/20,14,103,,,7,93,,
2013/10/20,15,103,,,7,93,,
2013/10/20,16,105,,,6,96,,
2013/10/20,17,115,,,6,105,,
2013/10/20,18,121,,,6,111,,
2013/10/20,19,121,,,6,111,,
2013/10/20,20,118,,,6,108,,
2013/10/20,21,24,,,4,18,,
2013/10/20,22,13,,,4,6,,
2013/10/20,23,12,,,4,6,,
2013/10/20,24,13,,,4,6,,
2013/10/21,01,12,,,4,6,,
2013/10/21,02,12,,,4,6,,
2013/10/21,03,13,,,4,6,,
2013/10/21,04,12,,,4,6,,
2013/10/21,05,13,,,4,6,,
2013/10/21,06,12,,,4,6,,
2013/10/21,07,12,,,4,6,,
2013/10/21,08,12,,,4,6,,
2013/10/21,09,14,,,4,7,,
2013/10/21,10,34,,,4,28,,
2013/10/21,11,101,,,7,91,,
2013/10/21,12,100,,,6,90,,
2013/10/21,13,99,,,6,89,,
2013/10/21,14,100,,,6,90,,
2013/10/21,15,99,,,7,89,,
2013/10/21,16,99,,,6,90,,
2013/10/21,17,113,,,6,103,,
2013/10/21,18,118,,,6,108,,
2013/10/21,19,119,,,6,108,,
2013/10/21,20,116,,,6,106,,
2013/10/21,21,27,,,5,21,,
2013/10/21,22,13,,,4,6,,
2013/10/21,23,13,,,4,6,,
2013/10/21,24,12,,,4,6,,
2013/10/22,01,13,,,4,6,,
2013/10/22,02,12,,,4,6,,
2013/10/22,03,13,,,4,6,,
2013/10/22,04,13,,,4,6,,
2013/10/22,05,12,,,4,6,,
2013/10/22,06,13,,,4,6,,
2013/10/22,07,12,,,4,6,,
2013/10/22,08,12,,,4,6,,
2013/10/22,09,14,,,4,8,,
2013/10/22,10,26,,,4,19,,
2013/10/22,11,104,,,7,94,,
2013/10/22,12,103,,,7,93,,
2013/10/22,13,102,,,6,92,,
2013/10/22,14,101,,,6,91,,
2013/10/22,15,102,,,7,92,,
2013/10/22,16,101,,,7,92,,
2013/10/22,17,114,,,6,103,,
2013/10/22,18,119,,,6,110,,
2013/10/22,19,118,,,6,108,,
2013/10/22,20,113,,,6,104,,
2013/10/22,21,63,,,5,55,,
2013/10/22,22,13,,,4,6,,
2013/10/22,23,12,,,4,6,,
2013/10/22,24,13,,,4,6,,
2013/10/23,01,13,,,4,6,,
2013/10/23,02,12,,,4,6,,
2013/10/23,03,12,,,4,6,,
2013/10/23,04,13,,,4,6,,
2013/10/23,05,13,,,4,6,,
2013/10/23,06,12,,,4,7,,
2013/10/23,07,13,,,4,6,,
2013/10/23,08,12,,,4,6,,
2013/10/23,09,14,,,4,7,,
2013/10/23,10,22,,,4,16,,
2013/10/23,11,100,,,6,90,,
2013/10/23,12,100,,,6,90,,
2013/10/23,13,100,,,6,91,,
2013/10/23,14,101,,,6,91,,
2013/10/23,15,102,,,7,92,,
2013/10/23,16,102,,,6,92,,
2013/10/23,17,113,,,6,103,,
2013/10/23,18,118,,,6,109,,
2013/10/23,19,118,,,6,108,,
2013/10/23,20,115,,,6,105,,
2013/10/23,21,30,,,4,23,,
2013/10/23,22,13,,,4,6,,
2013/10/23,23,13,,,4,6,,
2013/10/23,24,12,,,4,6,,
2013/10/24,01,13,,,4,6,,
2013/10/24,02,12,,,4,6,,
2013/10/24,03,13,,,4,6,,
2013/10/24,04,13,,,4,6,,
2013/10/24,05,13,,,4,6,,
2013/10/24,06,12,,,4,6,,
2013/10/24,07,13,,,4,6,,
2013/10/24,08,12,,,4,6,,
2013/10/24,09,13,,,4,7,,
2013/10/24,10,28,,,4,21,,
2013/10/24,11,100,,,7,91,,
2013/10/24,12,101,,,7,90,,
2013/10/24,13,100,,,6,91,,
2013/10/24,14,100,,,6,90,,
2013/10/24,15,100,,,7,90,,
2013/10/24,16,98,,,6,89,,
2013/10/24,17,111,,,6,101,,
2013/10/24,18,119,,,6,108,,
2013/10/24,19,119,,,6,110,,
2013/10/24,20,121,,,6,110,,
2013/10/24,21,51,,,4,45,,
2013/10/24,22,13,,,4,6,,
2013/10/24,23,13,,,4,6,,
2013/10/24,24,13,,,4,6,,
2013/10/25,01,12,,,4,6,,
2013/10/25,02,13,,,4,6,,
2013/10/25,03,12,,,4,6,,
2013/10/25,04,13,,,4,6,,
2013/10/25,05,13,,,4,6,,
2013/10/25,06,12,,,4,6,,
2013/10/25,07,12,,,4,6,,
2013/10/25,08,13,,,4,6,,
2013/10/25,09,12,,,4,6,,
2013/10/25,10,24,,,4,17,,
2013/10/25,11,100,,,7,90,,
2013/10/25,12,99,,,7,89,,
2013/10/25,13,99,,,6,90,,
2013/10/25,14,100,,,6,90,,
2013/10/25,15,102,,,7,91,,
2013/10/25,16,103,,,7,94,,
2013/10/25,17,114,,,6,104,,
2013/10/25,18,119,,,6,109,,
2013/10/25,19,119,,,6,109,,
2013/10/25,20,116,,,6,105,,
2013/10/25,21,39,,,5,32,,
2013/10/25,22,12,,,4,6,,
2013/10/25,23,13,,,4,6,,
2013/10/25,24,12,,,4,6,,
2013/10/26,01,13,,,4,6,,
2013/10/26,02,12,,,4,6,,
2013/10/26,03,13,,,4,6,,
2013/10/26,04,12,,,4,6,,
2013/10/26,05,12,,,4,6,,
2013/10/26,06,12,,,4,6,,
2013/10/26,07,13,,,4,6,,
2013/10/26,08,12,,,4,6,,
2013/10/26,09,14,,,4,8,,
2013/10/26,10,36,,,4,29,,
2013/10/26,11,104,,,7,94,,
2013/10/26,12,103,,,6,93,,
2013/10/26,13,103,,,6,94,,
2013/10/26,14,104,,,6,94,,
2013/10/26,15,104,,,7,94,,
2013/10/26,16,104,,,7,94,,
2013/10/26,17,114,,,6,104,,
2013/10/26,18,119,,,6,109,,
2013/10/26,19,120,,,6,111,,
2013/10/26,20,120,,,6,110,,
2013/10/26,21,64,,,4,56,,
2013/10/26,22,12,,,4,6,,
2013/10/26,23,13,,,4,6,,
2013/10/26,24,13,,,4,6,,
2013/10/27,01,12,,,4,6,,
2013/10/27,02,12,,,4,6,,
2013/10/27,03,13,,,4,6,,
2013/10/27,04,13,,,4,6,,
2013/10/27,05,12,,,4,6,,
2013/10/27,06,12,,,4,6,,
2013/10/27,07,12,,,4,6,,
2013/10/27,08,12,,,4,6,,
2013/10/27,09,15,,,4,8,,
2013/10/27,10,27,,,4,21,,
2013/10/27,11,103,,,7,93,,
2013/10/27,12,102,,,6,92,,
2013/10/27,13,102,,,7,92,,
2013/10/27,14,102,,,6,92,,
2013/10/27,15,102,,,7,92,,
2013/10/27,16,102,,,6,92,,
2013/10/27,17,112,,,6,102,,
2013/10/27,18,121,,,6,111,,
2013/10/27,19,122,,,6,111,,
2013/10/27,20,120,,,6,111,,
2013/10/27,21,77,,,5,68,,
2013/10/27,22,13,,,4,6,,
2013/10/27,23,13,,,5,6,,
2013/10/27,24,13,,,4,6,,
2013/10/28,01,12,,,4,6,,
2013/10/28,02,13,,,4,6,,
2013/10/28,03,12,,,4,6,,
2013/10/28,04,13,,,4,6,,
2013/10/28,05,13,,,4,6,,
2013/10/28,06,12,,,4,6,,
2013/10/28,07,12,,,4,6,,
2013/10/28,08,13,,,4,6,,
2013/10/28,09,13,,,4,7,,
2013/10/28,10,32,,,4,25,,
2013/10/28,11,102,,,7,92,,
2013/10/28,12,102,,,6,92,,
2013/10/28,13,101,,,7,91,,
2013/10/28,14,102,,,6,92,,
2013/10/28,15,101,,,7,91,,
2013/10/28,16,100,,,6,90,,
2013/10/28,17,113,,,6,103,,
2013/10/28,18,119,,,7,109,,
2013/10/28,19,118,,,7,108,,
2013/10/28,20,116,,,6,105,,
2013/10/28,21,66,,,5,58,,
2013/10/28,22,13,,,4,7,,
2013/10/28,23,13,,,4,7,,
2013/10/28,24,13,,,4,7,,
2013/10/29,01,12,,,4,6,,
2013/10/29,02,13,,,4,6,,
2013/10/29,03,12,,,4,6,,
2013/10/29,04,13,,,4,6,,
2013/10/29,05,13,,,4,6,,
2013/10/29,06,12,,,4,6,,
2013/10/29,07,12,,,4,6,,
2013/10/29,08,13,,,4,6,,
2013/10/29,09,14,,,4,8,,
2013/10/29,10,30,,,4,24,,
2013/10/29,11,102,,,7,91,,
2013/10/29,12,100,,,7,91,,
2013/10/29,13,99,,,6,89,,
2013/10/29,14,97,,,6,87,,
2013/10/29,15,97,,,7,87,,
2013/10/29,16,97,,,6,87,,
2013/10/29,17,114,,,6,104,,
2013/10/29,18,118,,,6,108,,
2013/10/29,19,117,,,6,107,,
2013/10/29,20,113,,,6,103,,
2013/10/29,21,23,,,4,17,,
2013/10/29,22,13,,,4,6,,
2013/10/29,23,13,,,4,6,,
2013/10/29,24,12,,,4,6,,
2013/10/30,01,13,,,4,6,,
2013/10/30,02,13,,,4,6,,
2013/10/30,03,13,,,5,6,,
2013/10/30,04,13,,,4,6,,
2013/10/30,05,12,,,4,6,,
2013/10/30,06,13,,,4,6,,
2013/10/30,07,12,,,4,6,,
2013/10/30,08,13,,,4,6,,
2013/10/30,09,13,,,4,7,,
2013/10/30,10,25,,,4,19,,
2013/10/30,11,102,,,7,93,,
2013/10/30,12,102,,,7,92,,
2013/10/30,13,102,,,6,92,,
2013/10/30,14,102,,,6,92,,
2013/10/30,15,103,,,7,93,,
2013/10/30,16,102,,,6,92,,
2013/10/30,17,114,,,6,104,,
2013/10/30,18,121,,,6,111,,
2013/10/30,19,119,,,6,110,,
2013/10/30,20,120,,,6,110,,
2013/10/30,21,35,,,4,28,,
2013/10/30,22,13,,,4,7,,
2013/10/30,23,12,,,4,6,,
2013/10/30,24,13,,,4,7,,
2013/10/31,01,13,,,4,6,,
2013/10/31,02,13,,,4,6,,
2013/10/31,03,13,,,4,6,,
2013/10/31,04,13,,,4,6,,
2013/10/31,05,12,,,4,6,,
2013/10/31,06,13,,,4,6,,
2013/10/31,07,12,,,4,6,,
2013/10/31,08,13,,,4,6,,
2013/10/31,09,13,,,4,7,,
2013/10/31,10,24,,,4,18,,
2013/10/31,11,101,,,7,91,,
2013/10/31,12,103,,,7,93,,
2013/10/31,13,101,,,6,92,,
2013/10/31,14,101,,,6,92,,
2013/10/31,15,102,,,7,92,,
2013/10/31,16,101,,,6,91,,
2013/10/31,17,114,,,6,103,,
2013/10/31,18,122,,,6,112,,
2013/10/31,19,121,,,6,111,,
2013/10/31,20,120,,,6,110,,
2013/10/31,21,87,,,4,80,,
2013/10/31,22,16,,,4,10,,
2013/10/31,23,12,,,4,6,,
2013/10/31,24,13,,,4,6,,
2013/11/01,01,13,,,4,6,,
2013/11/01,02,12,,,4,6,,
2013/11/01,03,13,,,4,6,,
2013/11/01,04,13,,,4,6,,
2013/11/01,05,13,,,4,6,,
2013/11/01,06,13,,,4,6,,
2013/11/01,07,12,,,4,6,,
2013/11/01,08,12,,,4,6,,
2013/11/01,09,15,,,4,8,,
2013/11/01,10,27,,,4,21,,
2013/11/01,11,100,,,7,91,,
2013/11/01,12,100,,,6,90,,
2013/11/01,13,99,,,6,89,,
2013/11/01,14,99,,,7,90,,
2013/11/01,15,101,,,7,90,,
2013/11/01,16,99,,,6,90,,
2013/11/01,17,113,,,6,103,,
2013/11/01,18,115,,,6,105,,
2013/11/01,19,115,,,6,105,,
2013/11/01,20,112,,,6,101,,
2013/11/01,21,50,,,5,43,,
2013/11/01,22,13,,,4,6,,
2013/11/01,23,13,,,4,7,,
2013/11/01,24,13,,,4,6,,
2013/11/02,01,13,,,4,6,,
2013/11/02,02,12,,,4,6,,
2013/11/02,03,13,,,4,6,,
2013/11/02,04,12,,,4,6,,
2013/11/02,05,13,,,4,6,,
2013/11/02,06,13,,,4,6,,
2013/11/02,07,12,,,4,6,,
2013/11/02,08,12,,,4,6,,
2013/11/02,09,15,,,4,8,,
2013/11/02,10,28,,,4,22,,
2013/11/02,11,102,,,7,92,,
2013/11/02,12,98,,,7,89,,
2013/11/02,13,99,,,6,89,,
2013/11/02,14,99,,,6,89,,
2013/11/02,15,102,,,7,92,,
2013/11/02,16,100,,,6,91,,
2013/11/02,17,117,,,6,106,,
2013/11/02,18,119,,,6,109,,
2013/11/02,19,119,,,6,108,,
2013/11/02,20,118,,,6,108,,
2013/11/02,21,55,,,5,48,,
2013/11/02,22,13,,,4,7,,
2013/11/02,23,13,,,4,6,,
2013/11/02,24,12,,,4,6,,
2013/11/03,01,13,,,4,6,,
2013/11/03,02,12,,,4,6,,
2013/11/03,03,13,,,4,6,,
2013/11/03,04,13,,,4,7,,
2013/11/03,05,13,,,4,6,,
2013/11/03,06,13,,,4,6,,
2013/11/03,07,12,,,4,6,,
2013/11/03,08,12,,,4,7,,
2013/11/03,09,17,,,4,11,,
2013/11/03,10,22,,,4,16,,
2013/11/03,11,104,,,7,93,,
2013/11/03,12,103,,,7,93,,
2013/11/03,13,103,,,6,93,,
2013/11/03,14,102,,,6,92,,
2013/11/03,15,101,,,7,91,,
2013/11/03,16,102,,,7,92,,
2013/11/03,17,117,,,6,106,,
2013/11/03,18,122,,,6,112,,
2013/11/03,19,122,,,6,112,,
2013/11/03,20,118,,,6,108,,
2013/11/03,21,30,,,4,23,,
2013/11/03,22,13,,,4,7,,
2013/11/03,23,13,,,4,6,,
2013/11/03,24,13,,,4,7,,
2013/11/04,01,12,,,4,6,,
2013/11/04,02,12,,,4,6,,
2013/11/04,03,13,,,4,6,,
2013/11/04,04,13,,,4,6,,
2013/11/04,05,13,,,4,6,,
2013/11/04,06,12,,,4,7,,
2013/11/04,07,13,,,4,6,,
2013/11/04,08,12,,,4,6,,
2013/11/04,09,14,,,4,8,,
2013/11/04,10,31,,,4,24,,
2013/11/04,11,102,,,7,93,,
2013/11/04,12,102,,,7,92,,
2013/11/04,13,101,,,6,92,,
2013/11/04,14,102,,,6,92,,
2013/11/04,15,105,,,7,95,,
2013/11/04,16,104,,,6,94,,
2013/11/04,17,115,,,6,106,,
2013/11/04,18,119,,,6,109,,
2013/11/04,19,118,,,6,109,,
2013/11/04,20,119,,,6,108,,
2013/11/04,21,57,,,4,50,,
2013/11/04,22,13,,,4,6,,
2013/11/04,23,13,,,4,7,,
2013/11/04,24,13,,,4,6,,
2013/11/05,01,12,,,4,6,,
2013/11/05,02,12,,,4,6,,
2013/11/05,03,13,,,4,6,,
2013/11/05,04,13,,,4,6,,
2013/11/05,05,13,,,4,6,,
2013/11/05,06,12,,,4,6,,
2013/11/05,07,12,,,4,6,,
2013/11/05,08,13,,,4,6,,
2013/11/05,09,14,,,4,8,,
2013/11/05,10,47,,,4,40,,
2013/11/05,11,99,,,7,90,,
2013/11/05,12,99,,,6,89,,
2013/11/05,13,99,,,6,89,,
2013/11/05,14,99,,,6,90,,
2013/11/05,15,99,,,7,89,,
2013/11/05,16,99,,,6,89,,
2013/11/05,17,115,,,6,105,,
2013/11/05,18,118,,,6,109,,
2013/11/05,19,118,,,6,108,,
2013/11/05,20,115,,,6,105,,
2013/11/05,21,29,,,4,22,,
2013/11/05,22,13,,,4,7,,
2013/11/05,23,13,,,4,7,,
2013/11/05,24,13,,,4,7,,
2013/11/06,01,12,,,4,7,,
2013/11/06,02,13,,,4,6,,
2013/11/06,03,13,,,4,6,,
2013/11/06,04,13,,,4,6,,
2013/11/06,05,13,,,4,6,,
2013/11/06,06,12,,,4,6,,
2013/11/06,07,13,,,4,6,,
2013/11/06,08,12,,,4,6,,
2013/11/06,09,13,,,4,7,,
2013/11/06,10,30,,,4,23,,
2013/11/06,11,100,,,7,90,,
2013/11/06,12,99,,,7,90,,
2013/11/06,13,100,,,6,90,,
2013/11/06,14,100,,,6,90,,
2013/11/06,15,100,,,7,91,,
2013/11/06,16,100,,,6,90,,
2013/11/06,17,113,,,6,104,,
2013/11/06,18,119,,,6,109,,
2013/11/06,19,118,,,6,108,,
2013/11/06,20,118,,,6,108,,
2013/11/06,21,44,,,5,37,,
2013/11/06,22,12,,,4,7,,
2013/11/06,23,13,,,4,7,,
2013/11/06,24,13,,,4,7,,
2013/11/07,01,13,,,4,6,,
2013/11/07,02,12,,,4,6,,
2013/11/07,03,13,,,5,6,,
2013/11/07,04,13,,,4,6,,
2013/11/07,05,13,,,4,6,,
2013/11/07,06,12,,,4,6,,
2013/11/07,07,13,,,4,6,,
2013/11/07,08,12,,,4,6,,
2013/11/07,09,13,,,4,6,,
2013/11/07,10,24,,,4,18,,
2013/11/07,11,100,,,7,90,,
2013/11/07,12,99,,,6,89,,
2013/11/07,13,99,,,6,90,,
2013/11/07,14,99,,,6,89,,
2013/11/07,15,101,,,7,91,,
2013/11/07,16,99,,,6,90,,
2013/11/07,17,114,,,6,103,,
2013/11/07,18,119,,,6,109,,
2013/11/07,19,120,,,6,110,,
2013/11/07,20,119,,,6,109,,
2013/11/07,21,50,,,4,44,,
2013/11/07,22,14,,,4,7,,
2013/11/07,23,13,,,4,7,,
2013/11/07,24,13,,,4,7,,
2013/11/08,01,14,,,4,7,,
2013/11/08,02,13,,,4,7,,
2013/11/08,03,13,,,4,7,,
2013/11/08,04,14,,,4,7,,
2013/11/08,05,13,,,4,7,,
2013/11/08,06,13,,,4,7,,
2013/11/08,07,13,,,4,7,,
2013/11/08,08,13,,,4,7,,
2013/11/08,09,14,,,4,8,,
2013/11/08,10,27,,,4,20,,
2013/11/08,11,101,,,7,91,,
2013/11/08,12,100,,,7,90,,
2013/11/08,13,100,,,6,90,,
2013/11/08,14,100,,,7,91,,
2013/11/08,15,101,,,7,90,,
2013/11/08,16,100,,,6,91,,
2013/11/08,17,115,,,6,104,,
2013/11/08,18,120,,,6,110,,
2013/11/08,19,119,,,6,110,,
2013/11/08,20,120,,,6,110,,
2013/11/08,21,97,,,4,90,,
2013/11/08,22,23,,,4,16,,
2013/11/08,23,12,,,4,6,,
2013/11/08,24,13,,,4,7,,
2013/11/09,01,13,,,4,6,,
2013/11/09,02,12,,,4,6,,
2013/11/09,03,13,,,4,6,,
2013/11/09,04,13,,,4,6,,
2013/11/09,05,13,,,4,6,,
2013/11/09,06,12,,,4,6,,
2013/11/09,07,13,,,4,6,,
2013/11/09,08,12,,,4,6,,
2013/11/09,09,15,,,4,9,,
2013/11/09,10,39,,,5,32,,
2013/11/09,11,99,,,7,89,,
2013/11/09,12,97,,,6,88,,
2013/11/09,13,98,,,7,88,,
2013/11/09,14,98,,,6,88,,
2013/11/09,15,98,,,7,88,,
2013/11/09,16,98,,,6,88,,
2013/11/09,17,114,,,6,104,,
2013/11/09,18,116,,,7,106,,
2013/11/09,19,116,,,6,106,,
2013/11/09,20,113,,,6,103,,
2013/11/09,21,25,,,4,19,,
2013/11/09,22,13,,,4,6,,
2013/11/09,23,13,,,4,6,,
2013/11/09,24,12,,,4,6,,
2013/11/10,01,13,,,4,6,,
2013/11/10,02,12,,,4,6,,
2013/11/10,03,13,,,4,6,,
2013/11/10,04,13,,,4,6,,
2013/11/10,05,13,,,4,6,,
2013/11/10,06,13,,,4,6,,
2013/11/10,07,12,,,4,6,,
2013/11/10,08,12,,,4,6,,
2013/11/10,09,15,,,4,8,,
2013/11/10,10,34,,,4,27,,
2013/11/10,11,115,,,7,105,,
2013/11/10,12,115,,,7,104,,
2013/11/10,13,114,,,6,105,,
2013/11/10,14,115,,,6,105,,
2013/11/10,15,115,,,7,105,,
2013/11/10,16,114,,,6,104,,
2013/11/10,17,130,,,6,119,,
2013/11/10,18,127,,,7,117,,
2013/11/10,19,122,,,6,111,,
2013/11/10,20,121,,,6,111,,
2013/11/10,21,86,,,5,78,,
2013/11/10,22,13,,,4,7,,
2013/11/10,23,13,,,4,7,,
2013/11/10,24,13,,,4,6,,
2013/11/11,01,12,,,4,6,,
2013/11/11,02,13,,,4,6,,
2013/11/11,03,13,,,4,6,,
2013/11/11,04,13,,,4,6,,
2013/11/11,05,12,,,4,6,,
2013/11/11,06,13,,,4,6,,
2013/11/11,07,13,,,4,6,,
2013/11/11,08,12,,,4,6,,
2013/11/11,09,14,,,4,8,,
2013/11/11,10,38,,,4,31,,
2013/11/11,11,101,,,7,92,,
2013/11/11,12,101,,,7,91,,
2013/11/11,13,102,,,7,92,,
2013/11/11,14,102,,,6,92,,
2013/11/11,15,101,,,7,92,,
2013/11/11,16,104,,,6,94,,
2013/11/11,17,119,,,7,109,,
2013/11/11,18,117,,,7,107,,
2013/11/11,19,117,,,6,107,,
2013/11/11,20,115,,,7,105,,
2013/11/11,21,35,,,5,28,,
2013/11/11,22,13,,,4,7,,
2013/11/11,23,13,,,4,7,,
2013/11/11,24,13,,,4,7,,
2013/11/12,01,13,,,4,7,,
2013/11/12,02,13,,,4,7,,
2013/11/12,03,13,,,4,6,,
2013/11/12,04,13,,,4,6,,
2013/11/12,05,13,,,4,6,,
2013/11/12,06,12,,,4,6,,
2013/11/12,07,13,,,4,6,,
2013/11/12,08,12,,,4,6,,
2013/11/12,09,15,,,4,8,,
2013/11/12,10,22,,,4,16,,
2013/11/12,11,103,,,7,93,,
2013/11/12,12,104,,,7,94,,
2013/11/12,13,104,,,7,94,,
2013/11/12,14,103,,,7,94,,
2013/11/12,15,104,,,8,93,,
2013/11/12,16,187,,,88,95,,
2013/11/12,17,196,,,79,114,,
2013/11/12,18,179,,,61,115,,
2013/11/12,19,181,,,64,114,,
2013/11/12,20,153,,,36,114,,
2013/11/12,21,88,,,5,80,,
2013/11/12,22,13,,,4,7,,
2013/11/12,23,13,,,4,7,,
2013/11/12,24,13,,,4,7,,
2013/11/13,01,13,,,4,6,,
2013/11/13,02,13,,,4,6,,
2013/11/13,03,13,,,5,6,,
2013/11/13,04,13,,,5,6,,
2013/11/13,05,13,,,5,6,,
2013/11/13,06,13,,,4,6,,
2013/11/13,07,12,,,4,6,,
2013/11/13,08,13,,,4,6,,
2013/11/13,09,13,,,5,7,,
2013/11/13,10,125,,,103,19,,
2013/11/13,11,172,,,77,92,,
2013/11/13,12,131,,,36,92,,
2013/11/13,13,120,,,24,92,,
2013/11/13,14,116,,,23,90,,
2013/11/13,15,117,,,23,91,,
2013/11/13,16,115,,,22,91,,
2013/11/13,17,135,,,26,105,,
2013/11/13,18,141,,,27,110,,
2013/11/13,19,164,,,50,111,,
2013/11/13,20,153,,,41,109,,
2013/11/13,21,61,,,5,54,,
2013/11/13,22,31,,,4,24,,
2013/11/13,23,30,,,4,24,,
2013/11/13,24,31,,,4,24,,
2013/11/14,01,30,,,4,24,,
2013/11/14,02,30,,,4,24,,
2013/11/14,03,30,,,5,24,,
2013/11/14,04,31,,,4,24,,
2013/11/14,05,31,,,5,24,,
2013/11/14,06,30,,,4,24,,
2013/11/14,07,30,,,4,24,,
2013/11/14,08,29,,,4,23,,
2013/11/14,09,40,,,17,20,,
2013/11/14,10,115,,,96,17,,
2013/11/14,11,161,,,67,91,,
2013/11/14,12,124,,,32,89,,
2013/11/14,13,108,,,15,90,,
2013/11/14,14,106,,,13,89,,
2013/11/14,15,106,,,13,90,,
2013/11/14,16,108,,,14,90,,
2013/11/14,17,122,,,13,106,,
2013/11/14,18,130,,,16,110,,
2013/11/14,19,127,,,15,109,,
2013/11/14,20,127,,,15,108,,
2013/11/14,21,91,,,13,75,,
2013/11/14,22,49,,,4,42,,
2013/11/14,23,13,,,4,7,,
2013/11/14,24,13,,,4,6,,
2013/11/15,01,12,,,4,6,,
2013/11/15,02,13,,,4,6,,
2013/11/15,03,13,,,5,6,,
2013/11/15,04,13,,,4,6,,
2013/11/15,05,13,,,5,6,,
2013/11/15,06,13,,,4,6,,
2013/11/15,07,13,,,4,6,,
2013/11/15,08,12,,,4,6,,
2013/11/15,09,13,,,4,7,,
2013/11/15,10,33,,,8,22,,
2013/11/15,11,185,,,89,93,,
2013/11/15,12,175,,,80,93,,
2013/11/15,13,161,,,64,94,,
2013/11/15,14,140,,,43,94,,
2013/11/15,15,124,,,26,94,,
2013/11/15,16,114,,,19,92,,
2013/11/15,17,128,,,18,107,,
2013/11/15,18,141,,,23,114,,
2013/11/15,19,166,,,49,115,,
2013/11/15,20,153,,,36,114,,
2013/11/15,21,113,,,17,94,,
2013/11/15,22,14,,,4,8,,
2013/11/15,23,14,,,4,7,,
2013/11/15,24,12,,,4,7,,
2013/11/16,01,13,,,4,7,,
2013/11/16,02,13,,,4,6,,
2013/11/16,03,14,,,5,7,,
2013/11/16,04,13,,,4,6,,
2013/11/16,05,13,,,5,6,,
2013/11/16,06,13,,,4,7,,
2013/11/16,07,12,,,4,6,,
2013/11/16,08,13,,,4,6,,
2013/11/16,09,16,,,6,8,,
2013/11/16,10,67,,,21,44,,
2013/11/16,11,173,,,78,92,,
2013/11/16,12,132,,,35,93,,
2013/11/16,13,109,,,14,93,,
2013/11/16,14,110,,,14,92,,
2013/11/16,15,109,,,12,93,,
2013/11/16,16,109,,,13,93,,
2013/11/16,17,126,,,14,108,,
2013/11/16,18,127,,,16,108,,
2013/11/16,19,131,,,18,110,,
2013/11/16,20,130,,,18,108,,
2013/11/16,21,33,,,5,25,,
2013/11/16,22,10,,,4,4,,
2013/11/16,23,9,,,4,3,,
2013/11/16,24,10,,,4,4,,
2013/11/17,01,10,,,4,4,,
2013/11/17,02,10,,,4,3,,
2013/11/17,03,10,,,5,3,,
2013/11/17,04,10,,,5,4,,
2013/11/17,05,11,,,5,4,,
2013/11/17,06,9,,,4,3,,
2013/11/17,07,10,,,4,3,,
2013/11/17,08,9,,,4,3,,
2013/11/17,09,13,,,6,5,,
2013/11/17,10,23,,,6,14,,
2013/11/17,11,103,,,9,91,,
2013/11/17,12,145,,,49,92,,
2013/11/17,13,117,,,21,92,,
2013/11/17,14,107,,,13,92,,
2013/11/17,15,107,,,12,92,,
2013/11/17,16,108,,,14,92,,
2013/11/17,17,123,,,12,108,,
2013/11/17,18,126,,,14,109,,
2013/11/17,19,131,,,17,111,,
2013/11/17,20,126,,,12,110,,
2013/11/17,21,48,,,5,41,,
2013/11/17,22,13,,,4,6,,
2013/11/17,23,13,,,4,6,,
2013/11/17,24,13,,,4,6,,
2013/11/18,01,12,,,4,6,,
2013/11/18,02,13,,,4,6,,
2013/11/18,03,13,,,5,6,,
2013/11/18,04,13,,,4,6,,
2013/11/18,05,13,,,5,6,,
2013/11/18,06,13,,,4,6,,
2013/11/18,07,12,,,4,6,,
2013/11/18,08,13,,,4,6,,
2013/11/18,09,13,,,4,6,,
2013/11/18,10,22,,,4,15,,
2013/11/18,11,104,,,7,94,,
2013/11/18,12,104,,,7,94,,
2013/11/18,13,103,,,7,93,,
2013/11/18,14,103,,,7,93,,
2013/11/18,15,106,,,8,94,,
2013/11/18,16,106,,,9,94,,
2013/11/18,17,121,,,9,108,,
2013/11/18,18,126,,,9,113,,
2013/11/18,19,124,,,7,113,,
2013/11/18,20,123,,,7,112,,
2013/11/18,21,41,,,5,34,,
2013/11/18,22,13,,,4,6,,
2013/11/18,23,13,,,4,7,,
2013/11/18,24,13,,,4,6,,
2013/11/19,01,13,,,4,7,,
2013/11/19,02,13,,,4,6,,
2013/11/19,03,13,,,5,6,,
2013/11/19,04,13,,,4,6,,
2013/11/19,05,13,,,5,6,,
2013/11/19,06,13,,,4,6,,
2013/11/19,07,13,,,4,6,,
2013/11/19,08,12,,,4,6,,
2013/11/19,09,15,,,5,8,,
2013/11/19,10,67,,,45,20,,
2013/11/19,11,173,,,78,92,,
2013/11/19,12,159,,,67,90,,
2013/11/19,13,156,,,62,91,,
2013/11/19,14,152,,,58,92,,
2013/11/19,15,156,,,61,92,,
2013/11/19,16,146,,,52,91,,
2013/11/19,17,166,,,56,107,,
2013/11/19,18,180,,,65,112,,
2013/11/19,19,187,,,71,112,,
2013/11/19,20,164,,,50,111,,
2013/11/19,21,46,,,5,38,,
2013/11/19,22,13,,,4,7,,
2013/11/19,23,13,,,4,7,,
2013/11/19,24,13,,,4,6,,
2013/11/20,01,13,,,4,6,,
2013/11/20,02,13,,,4,7,,
2013/11/20,03,13,,,5,6,,
2013/11/20,04,13,,,4,7,,
2013/11/20,05,13,,,4,6,,
2013/11/20,06,13,,,4,7,,
2013/11/20,07,13,,,4,6,,
2013/11/20,08,12,,,4,6,,
2013/11/20,09,17,,,6,8,,
2013/11/20,10,74,,,53,19,,
2013/11/20,11,186,,,91,92,,
2013/11/20,12,171,,,77,92,,
2013/11/20,13,155,,,60,92,,
2013/11/20,14,138,,,44,91,,
2013/11/20,15,117,,,24,91,,
2013/11/20,16,133,,,40,91,,
2013/11/20,17,137,,,28,106,,
2013/11/20,18,155,,,41,110,,
2013/11/20,19,158,,,44,111,,
2013/11/20,20,143,,,30,110,,
2013/11/20,21,67,,,5,59,,
2013/11/20,22,13,,,4,6,,
2013/11/20,23,13,,,4,6,,
2013/11/20,24,13,,,4,7,,
2013/11/21,01,13,,,4,7,,
2013/11/21,02,13,,,4,6,,
2013/11/21,03,13,,,5,6,,
2013/11/21,04,13,,,4,7,,
2013/11/21,05,14,,,5,7,,
2013/11/21,06,13,,,4,6,,
2013/11/21,07,12,,,4,6,,
2013/11/21,08,13,,,4,6,,
2013/11/21,09,19,,,8,8,,
2013/11/21,10,129,,,99,28,,
2013/11/21,11,176,,,80,94,,
2013/11/21,12,166,,,67,95,,
2013/11/21,13,140,,,44,93,,
2013/11/21,14,134,,,37,94,,
2013/11/21,15,136,,,39,94,,
2013/11/21,16,125,,,27,95,,
2013/11/21,17,150,,,38,109,,
2013/11/21,18,166,,,49,114,,
2013/11/21,19,177,,,60,114,,
2013/11/21,20,162,,,47,112,,
2013/11/21,21,43,,,5,36,,
2013/11/21,22,14,,,4,7,,
2013/11/21,23,13,,,4,7,,
2013/11/21,24,13,,,4,7,,
2013/11/22,01,13,,,4,7,,
2013/11/22,02,13,,,4,7,,
2013/11/22,03,13,,,5,7,,
2013/11/22,04,13,,,5,7,,
2013/11/22,05,13,,,5,6,,
2013/11/22,06,13,,,4,7,,
2013/11/22,07,13,,,4,6,,
2013/11/22,08,13,,,4,6,,
2013/11/22,09,15,,,6,7,,
2013/11/22,10,107,,,83,21,,
2013/11/22,11,166,,,73,90,,
2013/11/22,12,158,,,64,90,,
2013/11/22,13,138,,,45,90,,
2013/11/22,14,131,,,38,90,,
2013/11/22,15,112,,,20,89,,
2013/11/22,16,130,,,38,90,,
2013/11/22,17,127,,,19,104,,
2013/11/22,18,154,,,43,108,,
2013/11/22,19,157,,,45,108,,
2013/11/22,20,146,,,32,110,,
2013/11/22,21,104,,,10,91,,
2013/11/22,22,20,,,4,13,,
2013/11/22,23,13,,,4,7,,
2013/11/22,24,13,,,4,7,,
2013/11/23,01,13,,,4,6,,
2013/11/23,02,13,,,4,6,,
2013/11/23,03,13,,,5,6,,
2013/11/23,04,14,,,5,6,,
2013/11/23,05,13,,,4,6,,
2013/11/23,06,12,,,4,6,,
2013/11/23,07,13,,,4,6,,
2013/11/23,08,12,,,4,6,,
2013/11/23,09,15,,,4,8,,
2013/11/23,10,44,,,4,38,,
2013/11/23,11,180,,,67,109,,
2013/11/23,12,168,,,55,110,,
2013/11/23,13,168,,,55,109,,
2013/11/23,14,145,,,35,107,,
2013/11/23,15,139,,,28,107,,
2013/11/23,16,140,,,28,109,,
2013/11/23,17,158,,,32,123,,
2013/11/23,18,171,,,43,123,,
2013/11/23,19,186,,,59,124,,
2013/11/23,20,177,,,50,123,,
2013/11/23,21,58,,,5,50,,
2013/11/23,22,20,,,4,14,,
2013/11/23,23,13,,,4,6,,
2013/11/23,24,13,,,4,6,,
2013/11/24,01,12,,,4,6,,
2013/11/24,02,13,,,4,6,,
2013/11/24,03,13,,,5,6,,
2013/11/24,04,13,,,5,6,,
2013/11/24,05,13,,,5,6,,
2013/11/24,06,13,,,4,6,,
2013/11/24,07,13,,,4,6,,
2013/11/24,08,13,,,4,6,,
2013/11/24,09,13,,,4,7,,
2013/11/24,10,58,,,16,39,,
2013/11/24,11,198,,,90,105,,
2013/11/24,12,162,,,60,99,,
2013/11/24,13,130,,,31,96,,
2013/11/24,14,129,,,29,97,,
2013/11/24,15,124,,,26,96,,
2013/11/24,16,122,,,22,96,,
2013/11/24,17,136,,,23,110,,
2013/11/24,18,144,,,27,114,,
2013/11/24,19,155,,,38,112,,
2013/11/24,20,155,,,40,112,,
2013/11/24,21,56,,,5,49,,
2013/11/24,22,10,,,4,4,,
2013/11/24,23,10,,,4,4,,
2013/11/24,24,10,,,4,3,,
2013/11/25,01,10,,,4,4,,
2013/11/25,02,9,,,4,3,,
2013/11/25,03,10,,,5,3,,
2013/11/25,04,10,,,5,3,,
2013/11/25,05,10,,,4,3,,
2013/11/25,06,10,,,4,3,,
2013/11/25,07,9,,,4,3,,
2013/11/25,08,10,,,4,3,,
2013/11/25,09,10,,,4,4,,
2013/11/25,10,24,,,4,17,,
2013/11/25,11,141,,,38,100,,
2013/11/25,12,139,,,35,101,,
2013/11/25,13,134,,,30,101,,
2013/11/25,14,126,,,22,101,,
2013/11/25,15,126,,,19,103,,
2013/11/25,16,127,,,21,103,,
2013/11/25,17,139,,,20,115,,
2013/11/25,18,140,,,20,117,,
2013/11/25,19,143,,,22,118,,
2013/11/25,20,143,,,22,118,,
2013/11/25,21,67,,,5,60,,
2013/11/25,22,13,,,4,7,,
2013/11/25,23,13,,,4,6,,
2013/11/25,24,13,,,4,6,,
2013/11/26,01,13,,,4,6,,
2013/11/26,02,13,,,4,6,,
2013/11/26,03,13,,,5,6,,
2013/11/26,04,13,,,4,6,,
2013/11/26,05,12,,,4,6,,
2013/11/26,06,13,,,4,6,,
2013/11/26,07,12,,,4,6,,
2013/11/26,08,13,,,4,6,,
2013/11/26,09,14,,,6,6,,
2013/11/26,10,90,,,71,17,,
2013/11/26,11,174,,,81,90,,
2013/11/26,12,121,,,29,89,,
2013/11/26,13,118,,,26,89,,
2013/11/26,14,117,,,25,89,,
2013/11/26,15,117,,,24,89,,
2013/11/26,16,118,,,26,89,,
2013/11/26,17,135,,,27,104,,
2013/11/26,18,140,,,28,108,,
2013/11/26,19,152,,,41,108,,
2013/11/26,20,153,,,41,108,,
2013/11/26,21,78,,,20,57,,
2013/11/26,22,14,,,4,7,,
2013/11/26,23,13,,,4,7,,
2013/11/26,24,14,,,4,7,,
2013/11/27,01,13,,,4,7,,
2013/11/27,02,13,,,4,7,,
2013/11/27,03,14,,,5,7,,
2013/11/27,04,14,,,5,7,,
2013/11/27,05,13,,,4,7,,
2013/11/27,06,13,,,4,7,,
2013/11/27,07,13,,,4,7,,
2013/11/27,08,13,,,4,7,,
2013/11/27,09,14,,,4,7,,
2013/11/27,10,23,,,4,17,,
2013/11/27,11,200,,,100,96,,
2013/11/27,12,171,,,71,97,,
2013/11/27,13,155,,,56,96,,
2013/11/27,14,134,,,34,96,,
2013/11/27,15,128,,,29,96,,
2013/11/27,16,144,,,44,97,,
2013/11/27,17,159,,,42,114,,
2013/11/27,18,153,,,35,115,,
2013/11/27,19,162,,,44,114,,
2013/11/27,20,139,,,24,112,,
2013/11/27,21,61,,,6,54,,
2013/11/27,22,36,,,4,29,,
2013/11/27,23,13,,,4,6,,
2013/11/27,24,13,,,4,6,,
2013/11/28,01,13,,,4,6,,
2013/11/28,02,13,,,4,6,,
2013/11/28,03,13,,,5,6,,
2013/11/28,04,13,,,4,6,,
2013/11/28,05,13,,,4,7,,
2013/11/28,06,13,,,4,6,,
2013/11/28,07,13,,,4,6,,
2013/11/28,08,12,,,4,6,,
2013/11/28,09,16,,,7,7,,
2013/11/28,10,105,,,83,21,,
2013/11/28,11,193,,,95,95,,
2013/11/28,12,172,,,75,94,,
2013/11/28,13,158,,,60,95,,
2013/11/28,14,148,,,50,94,,
2013/11/28,15,145,,,46,96,,
2013/11/28,16,146,,,46,97,,
2013/11/28,17,160,,,46,110,,
2013/11/28,18,177,,,63,111,,
2013/11/28,19,178,,,64,111,,
2013/11/28,20,162,,,47,111,,
2013/11/28,21,66,,,9,54,,
2013/11/28,22,13,,,4,7,,
2013/11/28,23,14,,,4,7,,
2013/11/28,24,13,,,4,7,,
2013/11/29,01,13,,,4,7,,
2013/11/29,02,13,,,4,6,,
2013/11/29,03,13,,,5,6,,
2013/11/29,04,13,,,5,6,,
2013/11/29,05,14,,,5,6,,
2013/11/29,06,13,,,4,7,,
2013/11/29,07,13,,,4,7,,
2013/11/29,08,12,,,4,6,,
2013/11/29,09,25,,,16,7,,
2013/11/29,10,114,,,86,26,,
2013/11/29,11,208,,,110,95,,
2013/11/29,12,182,,,84,94,,
2013/11/29,13,175,,,79,94,,
2013/11/29,14,152,,,56,93,,
2013/11/29,15,156,,,59,94,,
2013/11/29,16,165,,,67,95,,
2013/11/29,17,186,,,76,108,,
2013/11/29,18,196,,,84,108,,
2013/11/29,19,198,,,86,109,,
2013/11/29,20,171,,,59,109,,
2013/11/29,21,53,,,5,46,,
2013/11/29,22,18,,,4,11,,
2013/11/29,23,13,,,4,7,,
2013/11/29,24,13,,,4,7,,
2013/11/30,01,13,,,4,7,,
2013/11/30,02,13,,,4,7,,
2013/11/30,03,13,,,5,6,,
2013/11/30,04,13,,,4,6,,
2013/11/30,05,13,,,5,6,,
2013/11/30,06,13,,,4,7,,
2013/11/30,07,13,,,4,6,,
2013/11/30,08,12,,,4,6,,
2013/11/30,09,15,,,5,8,,
2013/11/30,10,91,,,54,35,,
2013/11/30,11,218,,,117,98,,
2013/11/30,12,199,,,99,97,,
2013/11/30,13,192,,,92,97,,
2013/11/30,14,185,,,87,96,,
2013/11/30,15,174,,,75,96,,
2013/11/30,16,175,,,74,98,,
2013/11/30,17,186,,,71,112,,
2013/11/30,18,207,,,87,116,,
2013/11/30,19,218,,,99,116,,
2013/11/30,20,187,,,68,116,,
2013/11/30,21,60,,,5,53,,
2013/11/30,22,14,,,4,8,,
2013/11/30,23,13,,,4,7,,
2013/11/30,24,14,,,4,7,,
2013/12/01,01,13,,,4,7,,
2013/12/01,02,13,,,4,7,,
2013/12/01,03,13,,,5,6,,
2013/12/01,04,13,,,4,7,,
2013/12/01,05,14,,,5,7,,
2013/12/01,06,13,,,4,6,,
2013/12/01,07,12,,,4,6,,
2013/12/01,08,13,,,4,6,,
2013/12/01,09,76,,,67,7,,
2013/12/01,10,145,,,126,18,,
2013/12/01,11,189,,,91,95,,
2013/12/01,12,172,,,75,94,,
2013/12/01,13,140,,,43,94,,
2013/12/01,14,128,,,32,93,,
2013/12/01,15,113,,,17,93,,
2013/12/01,16,114,,,17,93,,
2013/12/01,17,141,,,28,110,,
2013/12/01,18,156,,,40,113,,
2013/12/01,19,158,,,42,112,,
2013/12/01,20,143,,,28,111,,
2013/12/01,21,48,,,5,40,,
2013/12/01,22,13,,,4,6,,
2013/12/01,23,12,,,4,6,,
2013/12/01,24,13,,,4,6,,
2013/12/02,01,13,,,4,6,,
2013/12/02,02,13,,,4,6,,
2013/12/02,03,13,,,5,6,,
2013/12/02,04,13,,,4,6,,
2013/12/02,05,13,,,5,6,,
2013/12/02,06,13,,,4,7,,
2013/12/02,07,13,,,4,6,,
2013/12/02,08,12,,,4,6,,
2013/12/02,09,14,,,5,7,,
2013/12/02,10,80,,,64,14,,
2013/12/02,11,216,,,116,97,,
2013/12/02,12,181,,,82,96,,
2013/12/02,13,159,,,60,96,,
2013/12/02,14,157,,,58,96,,
2013/12/02,15,157,,,56,97,,
2013/12/02,16,150,,,48,99,,
2013/12/02,17,168,,,52,113,,
2013/12/02,18,181,,,62,116,,
2013/12/02,19,211,,,93,115,,
2013/12/02,20,180,,,62,115,,
2013/12/02,21,51,,,5,44,,
2013/12/02,22,13,,,4,7,,
2013/12/02,23,13,,,4,7,,
2013/12/02,24,13,,,4,7,,
2013/12/03,01,14,,,4,7,,
2013/12/03,02,13,,,4,7,,
2013/12/03,03,13,,,5,6,,
2013/12/03,04,13,,,5,6,,
2013/12/03,05,13,,,5,6,,
2013/12/03,06,14,,,4,7,,
2013/12/03,07,13,,,4,7,,
2013/12/03,08,12,,,4,6,,
2013/12/03,09,15,,,6,7,,
2013/12/03,10,100,,,56,42,,
2013/12/03,11,187,,,92,92,,
2013/12/03,12,171,,,77,91,,
2013/12/03,13,151,,,58,91,,
2013/12/03,14,129,,,35,90,,
2013/12/03,15,111,,,18,90,,
2013/12/03,16,112,,,19,91,,
2013/12/03,17,151,,,41,106,,
2013/12/03,18,159,,,46,110,,
2013/12/03,19,164,,,50,110,,
2013/12/03,20,154,,,41,109,,
2013/12/03,21,54,,,5,46,,
2013/12/03,22,13,,,4,7,,
2013/12/03,23,13,,,4,7,,
2013/12/03,24,13,,,4,7,,
2013/12/04,01,13,,,4,7,,
2013/12/04,02,13,,,4,7,,
2013/12/04,03,14,,,5,7,,
2013/12/04,04,13,,,4,6,,
2013/12/04,05,13,,,5,6,,
2013/12/04,06,13,,,4,7,,
2013/12/04,07,13,,,4,6,,
2013/12/04,08,13,,,4,6,,
2013/12/04,09,15,,,6,7,,
2013/12/04,10,165,,,151,12,,
2013/12/04,11,204,,,103,98,,
2013/12/04,12,176,,,79,94,,
2013/12/04,13,154,,,57,94,,
2013/12/04,14,139,,,42,94,,
2013/12/04,15,122,,,26,92,,
2013/12/04,16,145,,,45,97,,
2013/12/04,17,147,,,35,109,,
2013/12/04,18,166,,,49,114,,
2013/12/04,19,166,,,50,112,,
2013/12/04,20,156,,,41,112,,
2013/12/04,21,66,,,15,50,,
2013/12/04,22,14,,,4,7,,
2013/12/04,23,13,,,4,7,,
2013/12/04,24,13,,,4,7,,
2013/12/05,01,13,,,4,7,,
2013/12/05,02,13,,,4,6,,
2013/12/05,03,13,,,5,7,,
2013/12/05,04,14,,,5,7,,
2013/12/05,05,13,,,5,6,,
2013/12/05,06,13,,,4,7,,
2013/12/05,07,13,,,4,6,,
2013/12/05,08,12,,,4,6,,
2013/12/05,09,36,,,5,29,,
2013/12/05,10,74,,,5,67,,
2013/12/05,11,118,,,7,107,,
2013/12/05,12,161,,,49,108,,
2013/12/05,13,199,,,88,108,,
2013/12/05,14,172,,,73,96,,
2013/12/05,15,172,,,72,96,,
2013/12/05,16,162,,,63,96,,
2013/12/05,17,180,,,65,111,,
2013/12/05,18,195,,,78,114,,
2013/12/05,19,216,,,98,115,,
2013/12/05,20,186,,,67,116,,
2013/12/05,21,56,,,5,49,,
2013/12/05,22,13,,,4,6,,
2013/12/05,23,13,,,4,6,,
2013/12/05,24,13,,,4,7,,
2013/12/06,01,13,,,4,7,,
2013/12/06,02,14,,,4,7,,
2013/12/06,03,13,,,5,7,,
2013/12/06,04,13,,,5,7,,
2013/12/06,05,14,,,5,6,,
2013/12/06,06,13,,,4,7,,
2013/12/06,07,13,,,4,6,,
2013/12/06,08,12,,,4,7,,
2013/12/06,09,33,,,23,7,,
2013/12/06,10,166,,,139,25,,
2013/12/06,11,195,,,88,103,,
2013/12/06,12,168,,,63,102,,
2013/12/06,13,148,,,42,103,,
2013/12/06,14,129,,,23,103,,
2013/12/06,15,137,,,30,103,,
2013/12/06,16,147,,,39,105,,
2013/12/06,17,163,,,41,118,,
2013/12/06,18,166,,,44,119,,
2013/12/06,19,167,,,45,119,,
2013/12/06,20,162,,,40,118,,
2013/12/06,21,80,,,11,67,,
2013/12/06,22,14,,,4,8,,
2013/12/06,23,13,,,4,7,,
2013/12/06,24,13,,,4,7,,
2013/12/07,01,13,,,4,7,,
2013/12/07,02,13,,,4,6,,
2013/12/07,03,13,,,5,6,,
2013/12/07,04,13,,,4,6,,
2013/12/07,05,13,,,5,6,,
2013/12/07,06,13,,,4,7,,
2013/12/07,07,13,,,4,7,,
2013/12/07,08,13,,,4,7,,
2013/12/07,09,18,,,8,8,,
2013/12/07,10,158,,,118,38,,
2013/12/07,11,189,,,90,96,,
2013/12/07,12,161,,,64,95,,
2013/12/07,13,140,,,42,95,,
2013/12/07,14,121,,,24,94,,
2013/12/07,15,122,,,26,94,,
2013/12/07,16,137,,,37,96,,
2013/12/07,17,152,,,37,113,,
2013/12/07,18,163,,,45,114,,
2013/12/07,19,168,,,52,113,,
2013/12/07,20,156,,,41,111,,
2013/12/07,21,47,,,5,39,,
2013/12/07,22,12,,,4,6,,
2013/12/07,23,14,,,4,7,,
2013/12/07,24,13,,,4,6,,
2013/12/08,01,13,,,4,7,,
2013/12/08,02,13,,,4,6,,
2013/12/08,03,13,,,5,7,,
2013/12/08,04,13,,,5,7,,
2013/12/08,05,14,,,5,7,,
2013/12/08,06,12,,,4,6,,
2013/12/08,07,13,,,4,6,,
2013/12/08,08,21,,,6,13,,
2013/12/08,09,50,,,10,39,,
2013/12/08,10,117,,,71,44,,
2013/12/08,11,187,,,89,95,,
2013/12/08,12,166,,,70,94,,
2013/12/08,13,133,,,36,94,,
2013/12/08,14,115,,,18,94,,
2013/12/08,15,117,,,19,94,,
2013/12/08,16,116,,,19,94,,
2013/12/08,17,133,,,20,109,,
2013/12/08,18,164,,,48,113,,
2013/12/08,19,164,,,49,112,,
2013/12/08,20,153,,,38,112,,
2013/12/08,21,83,,,12,68,,
2013/12/08,22,35,,,4,28,,
2013/12/08,23,13,,,4,7,,
2013/12/08,24,13,,,4,7,,
2013/12/09,01,13,,,4,7,,
2013/12/09,02,13,,,4,6,,
2013/12/09,03,13,,,5,7,,
2013/12/09,04,14,,,5,6,,
2013/12/09,05,13,,,5,7,,
2013/12/09,06,13,,,4,7,,
2013/12/09,07,13,,,4,7,,
2013/12/09,08,13,,,4,7,,
2013/12/09,09,14,,,5,7,,
2013/12/09,10,183,,,152,28,,
2013/12/09,11,194,,,98,93,,
2013/12/09,12,175,,,79,93,,
2013/12/09,13,163,,,67,93,,
2013/12/09,14,150,,,52,95,,
2013/12/09,15,144,,,48,94,,
2013/12/09,16,148,,,49,96,,
2013/12/09,17,163,,,50,110,,
2013/12/09,18,164,,,48,112,,
2013/12/09,19,172,,,56,113,,
2013/12/09,20,151,,,36,111,,
2013/12/09,21,89,,,16,70,,
2013/12/09,22,13,,,4,7,,
2013/12/09,23,13,,,4,7,,
2013/12/09,24,13,,,4,7,,
2013/12/10,01,13,,,4,6,,
2013/12/10,02,13,,,4,6,,
2013/12/10,03,13,,,5,6,,
2013/12/10,04,13,,,4,6,,
2013/12/10,05,13,,,5,6,,
2013/12/10,06,13,,,4,6,,
2013/12/10,07,13,,,4,7,,
2013/12/10,08,13,,,4,6,,
2013/12/10,09,13,,,4,6,,
2013/12/10,10,27,,,4,21,,
2013/12/10,11,190,,,96,92,,
2013/12/10,12,162,,,69,90,,
2013/12/10,13,149,,,57,89,,
2013/12/10,14,125,,,32,89,,
2013/12/10,15,128,,,36,89,,
2013/12/10,16,134,,,39,92,,
2013/12/10,17,157,,,47,107,,
2013/12/10,18,170,,,58,109,,
2013/12/10,19,171,,,58,110,,
2013/12/10,20,157,,,45,109,,
2013/12/10,21,61,,,5,53,,
2013/12/10,22,13,,,4,7,,
2013/12/10,23,13,,,4,7,,
2013/12/10,24,13,,,4,7,,
2013/12/11,01,13,,,4,6,,
2013/12/11,02,12,,,4,6,,
2013/12/11,03,14,,,5,6,,
2013/12/11,04,13,,,4,6,,
2013/12/11,05,13,,,4,6,,
2013/12/11,06,12,,,4,7,,
2013/12/11,07,13,,,4,6,,
2013/12/11,08,13,,,4,6,,
2013/12/11,09,17,,,4,10,,
2013/12/11,10,198,,,124,72,,
2013/12/11,11,243,,,125,115,,
2013/12/11,12,203,,,94,105,,
2013/12/11,13,193,,,84,105,,
2013/12/11,14,188,,,79,107,,
2013/12/11,15,191,,,82,106,,
2013/12/11,16,190,,,80,106,,
2013/12/11,17,198,,,81,114,,
2013/12/11,18,202,,,84,114,,
2013/12/11,19,208,,,91,114,,
2013/12/11,20,190,,,72,114,,
2013/12/11,21,72,,,5,64,,
2013/12/11,22,27,,,4,20,,
2013/12/11,23,13,,,4,7,,
2013/12/11,24,13,,,4,7,,
2013/12/12,01,14,,,4,7,,
2013/12/12,02,12,,,4,7,,
2013/12/12,03,14,,,5,6,,
2013/12/12,04,13,,,4,6,,
2013/12/12,05,13,,,5,6,,
2013/12/12,06,13,,,4,7,,
2013/12/12,07,12,,,4,6,,
2013/12/12,08,13,,,4,6,,
2013/12/12,09,76,,,65,9,,
2013/12/12,10,167,,,138,27,,
2013/12/12,11,214,,,118,92,,
2013/12/12,12,199,,,104,93,,
2013/12/12,13,195,,,99,93,,
2013/12/12,14,201,,,104,94,,
2013/12/12,15,221,,,124,94,,
2013/12/12,16,217,,,120,95,,
2013/12/12,17,238,,,124,110,,
2013/12/12,18,241,,,126,112,,
2013/12/12,19,246,,,131,113,,
2013/12/12,20,200,,,84,112,,
2013/12/12,21,89,,,13,74,,
2013/12/12,22,21,,,4,14,,
2013/12/12,23,13,,,4,7,,
2013/12/12,24,14,,,4,7,,
2013/12/13,01,13,,,4,7,,
2013/12/13,02,13,,,4,7,,
2013/12/13,03,13,,,5,6,,
2013/12/13,04,14,,,5,7,,
2013/12/13,05,13,,,5,7,,
2013/12/13,06,13,,,4,6,,
2013/12/13,07,13,,,4,7,,
2013/12/13,08,12,,,4,6,,
2013/12/13,09,87,,,76,8,,
2013/12/13,10,139,,,121,16,,
2013/12/13,11,198,,,102,94,,
2013/12/13,12,192,,,97,92,,
2013/12/13,13,185,,,90,92,,
2013/12/13,14,185,,,90,93,,
2013/12/13,15,181,,,84,93,,
2013/12/13,16,185,,,88,94,,
2013/12/13,17,201,,,91,107,,
2013/12/13,18,205,,,94,108,,
2013/12/13,19,205,,,94,108,,
2013/12/13,20,171,,,60,107,,
2013/12/13,21,71,,,11,58,,
2013/12/13,22,27,,,4,20,,
2013/12/13,23,13,,,4,7,,
2013/12/13,24,13,,,4,7,,
2013/12/14,01,13,,,4,7,,
2013/12/14,02,13,,,4,6,,
2013/12/14,03,13,,,5,6,,
2013/12/14,04,13,,,4,6,,
2013/12/14,05,13,,,5,6,,
2013/12/14,06,13,,,4,6,,
2013/12/14,07,13,,,4,6,,
2013/12/14,08,13,,,4,6,,
2013/12/14,09,76,,,67,8,,
2013/12/14,10,212,,,163,47,,
2013/12/14,11,206,,,108,95,,
2013/12/14,12,192,,,94,95,,
2013/12/14,13,195,,,95,97,,
2013/12/14,14,189,,,89,97,,
2013/12/14,15,191,,,91,97,,
2013/12/14,16,178,,,77,98,,
2013/12/14,17,196,,,81,112,,
2013/12/14,18,214,,,96,114,,
2013/12/14,19,212,,,95,114,,
2013/12/14,20,177,,,62,112,,
2013/12/14,21,64,,,6,55,,
2013/12/14,22,13,,,4,7,,
2013/12/14,23,13,,,4,7,,
2013/12/14,24,13,,,4,7,,
2013/12/15,01,14,,,4,7,,
2013/12/15,02,13,,,4,7,,
2013/12/15,03,13,,,5,6,,
2013/12/15,04,13,,,5,7,,
2013/12/15,05,14,,,5,7,,
2013/12/15,06,13,,,4,7,,
2013/12/15,07,13,,,4,6,,
2013/12/15,08,12,,,4,6,,
2013/12/15,09,15,,,5,7,,
2013/12/15,10,153,,,130,21,,
2013/12/15,11,245,,,144,97,,
2013/12/15,12,222,,,122,98,,
2013/12/15,13,211,,,110,99,,
2013/12/15,14,212,,,109,99,,
2013/12/15,15,205,,,104,99,,
2013/12/15,16,197,,,93,100,,
2013/12/15,17,222,,,105,114,,
2013/12/15,18,235,,,114,117,,
2013/12/15,19,229,,,110,116,,
2013/12/15,20,196,,,78,114,,
2013/12/15,21,147,,,43,102,,
2013/12/15,22,135,,,43,89,,
2013/12/15,23,130,,,45,83,,
2013/12/15,24,133,,,47,82,,
2013/12/16,01,133,,,49,82,,
2013/12/16,02,73,,,25,45,,
2013/12/16,03,14,,,5,6,,
2013/12/16,04,13,,,4,7,,
2013/12/16,05,13,,,5,7,,
2013/12/16,06,13,,,4,7,,
2013/12/16,07,13,,,4,6,,
2013/12/16,08,13,,,4,6,,
2013/12/16,09,64,,,52,10,,
2013/12/16,10,194,,,128,64,,
2013/12/16,11,232,,,132,96,,
2013/12/16,12,215,,,115,97,,
2013/12/16,13,206,,,107,96,,
2013/12/16,14,202,,,102,96,,
2013/12/16,15,192,,,94,96,,
2013/12/16,16,204,,,103,98,,
2013/12/16,17,222,,,107,112,,
2013/12/16,18,229,,,109,116,,
2013/12/16,19,229,,,109,116,,
2013/12/16,20,192,,,74,115,,
2013/12/16,21,46,,,5,39,,
2013/12/16,22,13,,,4,7,,
2013/12/16,23,13,,,4,7,,
2013/12/16,24,14,,,4,7,,
2013/12/17,01,13,,,4,7,,
2013/12/17,02,13,,,4,7,,
2013/12/17,03,13,,,5,6,,
2013/12/17,04,14,,,5,6,,
2013/12/17,05,13,,,5,7,,
2013/12/17,06,13,,,4,7,,
2013/12/17,07,13,,,4,7,,
2013/12/17,08,13,,,4,6,,
2013/12/17,09,29,,,16,11,,
2013/12/17,10,192,,,139,51,,
2013/12/17,11,213,,,105,105,,
2013/12/17,12,197,,,91,103,,
2013/12/17,13,189,,,84,102,,
2013/12/17,14,170,,,65,102,,
2013/12/17,15,163,,,58,103,,
2013/12/17,16,165,,,58,103,,
2013/12/17,17,180,,,59,117,,
2013/12/17,18,189,,,68,118,,
2013/12/17,19,202,,,81,118,,
2013/12/17,20,167,,,46,117,,
2013/12/17,21,41,,,5,34,,
2013/12/17,22,10,,,4,4,,
2013/12/17,23,10,,,4,4,,
2013/12/17,24,10,,,4,3,,
2013/12/18,01,10,,,4,4,,
2013/12/18,02,9,,,4,3,,
2013/12/18,03,10,,,5,3,,
2013/12/18,04,10,,,4,4,,
2013/12/18,05,11,,,5,3,,
2013/12/18,06,9,,,4,4,,
2013/12/18,07,10,,,4,4,,
2013/12/18,08,10,,,4,3,,
2013/12/18,09,10,,,5,4,,
2013/12/18,10,26,,,6,17,,
2013/12/18,11,242,,,145,94,,
2013/12/18,12,224,,,128,93,,
2013/12/18,13,208,,,111,95,,
2013/12/18,14,198,,,101,94,,
2013/12/18,15,200,,,103,94,,
2013/12/18,16,196,,,98,96,,
2013/12/18,17,204,,,91,110,,
2013/12/18,18,208,,,94,111,,
2013/12/18,19,202,,,89,110,,
2013/12/18,20,173,,,60,109,,
2013/12/18,21,76,,,5,68,,
2013/12/18,22,22,,,4,16,,
2013/12/18,23,13,,,4,7,,
2013/12/18,24,13,,,4,7,,
2013/12/19,01,13,,,4,6,,
2013/12/19,02,13,,,4,7,,
2013/12/19,03,13,,,5,6,,
2013/12/19,04,14,,,5,7,,
2013/12/19,05,13,,,5,6,,
2013/12/19,06,13,,,4,6,,
2013/12/19,07,13,,,4,6,,
2013/12/19,08,12,,,4,6,,
2013/12/19,09,13,,,4,6,,
2013/12/19,10,90,,,64,23,,
2013/12/19,11,234,,,136,96,,
2013/12/19,12,218,,,120,95,,
2013/12/19,13,211,,,113,95,,
2013/12/19,14,208,,,110,96,,
2013/12/19,15,203,,,104,96,,
2013/12/19,16,204,,,106,95,,
2013/12/19,17,224,,,108,113,,
2013/12/19,18,224,,,106,114,,
2013/12/19,19,227,,,110,113,,
2013/12/19,20,186,,,71,112,,
2013/12/19,21,64,,,5,56,,
2013/12/19,22,13,,,4,7,,
2013/12/19,23,14,,,4,7,,
2013/12/19,24,13,,,4,7,,
2013/12/20,01,13,,,4,7,,
2013/12/20,02,13,,,4,7,,
2013/12/20,03,13,,,5,6,,
2013/12/20,04,14,,,5,7,,
2013/12/20,05,13,,,5,7,,
2013/12/20,06,13,,,4,7,,
2013/12/20,07,14,,,4,7,,
2013/12/20,08,12,,,4,7,,
2013/12/20,09,14,,,5,7,,
2013/12/20,10,230,,,206,22,,
2013/12/20,11,216,,,121,92,,
2013/12/20,12,209,,,115,92,,
2013/12/20,13,205,,,110,92,,
2013/12/20,14,194,,,98,93,,
2013/12/20,15,187,,,93,92,,
2013/12/20,16,184,,,88,93,,
2013/12/20,17,200,,,91,106,,
2013/12/20,18,204,,,95,106,,
2013/12/20,19,200,,,92,105,,
2013/12/20,20,165,,,56,105,,
2013/12/20,21,99,,,15,81,,
2013/12/20,22,39,,,4,32,,
2013/12/20,23,13,,,4,7,,
2013/12/20,24,13,,,4,7,,
2013/12/21,01,13,,,4,7,,
2013/12/21,02,13,,,4,7,,
2013/12/21,03,14,,,5,6,,
2013/12/21,04,13,,,5,7,,
2013/12/21,05,13,,,5,6,,
2013/12/21,06,13,,,4,7,,
2013/12/21,07,13,,,4,6,,
2013/12/21,08,13,,,4,7,,
2013/12/21,09,26,,,17,7,,
2013/12/21,10,198,,,154,43,,
2013/12/21,11,214,,,116,96,,
2013/12/21,12,213,,,113,97,,
2013/12/21,13,216,,,115,98,,
2013/12/21,14,214,,,114,98,,
2013/12/21,15,210,,,109,97,,
2013/12/21,16,212,,,111,98,,
2013/12/21,17,224,,,109,112,,
2013/12/21,18,229,,,112,114,,
2013/12/21,19,231,,,113,114,,
2013/12/21,20,183,,,68,112,,
2013/12/21,21,58,,,5,50,,
2013/12/21,22,13,,,4,7,,
2013/12/21,23,13,,,4,7,,
2013/12/21,24,13,,,4,7,,
2013/12/22,01,14,,,4,7,,
2013/12/22,02,13,,,4,6,,
2013/12/22,03,13,,,5,7,,
2013/12/22,04,13,,,5,6,,
2013/12/22,05,14,,,5,6,,
2013/12/22,06,13,,,4,7,,
2013/12/22,07,12,,,4,7,,
2013/12/22,08,13,,,4,6,,
2013/12/22,09,74,,,64,8,,
2013/12/22,10,185,,,144,38,,
2013/12/22,11,230,,,119,108,,
2013/12/22,12,217,,,107,106,,
2013/12/22,13,199,,,100,97,,
2013/12/22,14,170,,,70,97,,
2013/12/22,15,172,,,72,98,,
2013/12/22,16,188,,,86,99,,
2013/12/22,17,222,,,105,113,,
2013/12/22,18,232,,,115,114,,
2013/12/22,19,227,,,112,112,,
2013/12/22,20,188,,,74,110,,
2013/12/22,21,69,,,6,60,,
2013/12/22,22,39,,,4,32,,
2013/12/22,23,13,,,4,6,,
2013/12/22,24,12,,,4,6,,
2013/12/23,01,13,,,4,6,,
2013/12/23,02,13,,,4,6,,
2013/12/23,03,13,,,5,6,,
2013/12/23,04,14,,,5,6,,
2013/12/23,05,13,,,5,6,,
2013/12/23,06,13,,,4,7,,
2013/12/23,07,13,,,4,7,,
2013/12/23,08,13,,,4,6,,
2013/12/23,09,65,,,56,7,,
2013/12/23,10,166,,,145,19,,
2013/12/23,11,214,,,112,99,,
2013/12/23,12,189,,,88,98,,
2013/12/23,13,171,,,70,98,,
2013/12/23,14,145,,,45,97,,
2013/12/23,15,136,,,36,98,,
2013/12/23,16,166,,,64,98,,
2013/12/23,17,183,,,67,114,,
2013/12/23,18,183,,,64,116,,
2013/12/23,19,181,,,63,115,,
2013/12/23,20,173,,,54,114,,
2013/12/23,21,86,,,12,72,,
2013/12/23,22,32,,,4,25,,
2013/12/23,23,13,,,4,7,,
2013/12/23,24,13,,,4,6,,
2013/12/24,01,13,,,4,6,,
2013/12/24,02,13,,,4,6,,
2013/12/24,03,13,,,5,6,,
2013/12/24,04,13,,,5,7,,
2013/12/24,05,13,,,4,6,,
2013/12/24,06,13,,,4,7,,
2013/12/24,07,13,,,4,6,,
2013/12/24,08,12,,,4,6,,
2013/12/24,09,15,,,5,7,,
2013/12/24,10,181,,,158,22,,
2013/12/24,11,233,,,134,96,,
2013/12/24,12,211,,,113,95,,
2013/12/24,13,204,,,106,95,,
2013/12/24,14,189,,,91,95,,
2013/12/24,15,184,,,86,95,,
2013/12/24,16,202,,,104,95,,
2013/12/24,17,224,,,110,111,,
2013/12/24,18,236,,,119,113,,
2013/12/24,19,240,,,125,113,,
2013/12/24,20,203,,,87,113,,
2013/12/24,21,62,,,5,54,,
2013/12/24,22,14,,,4,7,,
2013/12/24,23,13,,,4,7,,
2013/12/24,24,13,,,4,7,,
2013/12/25,01,13,,,4,7,,
2013/12/25,02,13,,,4,7,,
2013/12/25,03,14,,,5,7,,
2013/12/25,04,13,,,5,7,,
2013/12/25,05,13,,,4,6,,
2013/12/25,06,13,,,4,7,,
2013/12/25,07,13,,,4,6,,
2013/12/25,08,13,,,4,7,,
2013/12/25,09,13,,,4,7,,
2013/12/25,10,190,,,166,22,,
2013/12/25,11,204,,,104,97,,
2013/12/25,12,189,,,90,96,,
2013/12/25,13,162,,,63,96,,
2013/12/25,14,154,,,55,96,,
2013/12/25,15,137,,,40,94,,
2013/12/25,16,153,,,55,96,,
2013/12/25,17,171,,,59,110,,
2013/12/25,18,182,,,68,111,,
2013/12/25,19,194,,,81,110,,
2013/12/25,20,170,,,58,109,,
2013/12/25,21,127,,,34,90,,
2013/12/25,22,21,,,4,14,,
2013/12/25,23,13,,,4,7,,
2013/12/25,24,13,,,4,7,,
2013/12/26,01,13,,,4,7,,
2013/12/26,02,13,,,4,7,,
2013/12/26,03,14,,,5,7,,
2013/12/26,04,14,,,5,7,,
2013/12/26,05,13,,,4,7,,
2013/12/26,06,13,,,4,7,,
2013/12/26,07,13,,,4,7,,
2013/12/26,08,12,,,4,6,,
2013/12/26,09,14,,,5,7,,
2013/12/26,10,162,,,132,28,,
2013/12/26,11,250,,,141,105,,
2013/12/26,12,232,,,130,99,,
2013/12/26,13,218,,,117,98,,
2013/12/26,14,209,,,108,98,,
2013/12/26,15,206,,,105,98,,
2013/12/26,16,211,,,110,98,,
2013/12/26,17,228,,,110,114,,
2013/12/26,18,231,,,112,116,,
2013/12/26,19,234,,,115,116,,
2013/12/26,20,194,,,77,114,,
2013/12/26,21,82,,,16,64,,
2013/12/26,22,27,,,4,20,,
2013/12/26,23,13,,,4,7,,
2013/12/26,24,13,,,4,7,,
2013/12/27,01,13,,,4,7,,
2013/12/27,02,13,,,4,7,,
2013/12/27,03,14,,,5,7,,
2013/12/27,04,13,,,5,6,,
2013/12/27,05,13,,,5,6,,
2013/12/27,06,13,,,4,7,,
2013/12/27,07,13,,,4,7,,
2013/12/27,08,13,,,4,7,,
2013/12/27,09,23,,,14,7,,
2013/12/27,10,180,,,158,20,,
2013/12/27,11,214,,,115,96,,
2013/12/27,12,189,,,91,95,,
2013/12/27,13,178,,,81,94,,
2013/12/27,14,165,,,68,94,,
2013/12/27,15,166,,,69,94,,
2013/12/27,16,160,,,64,93,,
2013/12/27,17,216,,,101,111,,
2013/12/27,18,225,,,110,112,,
2013/12/27,19,226,,,112,111,,
2013/12/27,20,194,,,82,110,,
2013/12/27,21,76,,,16,58,,
2013/12/27,22,43,,,4,36,,
2013/12/27,23,13,,,4,7,,
2013/12/27,24,13,,,4,7,,
2013/12/28,01,13,,,4,7,,
2013/12/28,02,13,,,4,7,,
2013/12/28,03,14,,,5,7,,
2013/12/28,04,13,,,5,7,,
2013/12/28,05,14,,,5,7,,
2013/12/28,06,13,,,4,7,,
2013/12/28,07,12,,,4,6,,
2013/12/28,08,13,,,4,7,,
2013/12/28,09,14,,,5,7,,
2013/12/28,10,119,,,82,36,,
2013/12/28,11,255,,,150,101,,
2013/12/28,12,245,,,142,100,,
2013/12/28,13,246,,,143,100,,
2013/12/28,14,228,,,126,99,,
2013/12/28,15,213,,,112,98,,
2013/12/28,16,218,,,118,97,,
2013/12/28,17,233,,,118,111,,
2013/12/28,18,238,,,121,114,,
2013/12/28,19,241,,,124,114,,
2013/12/28,20,204,,,88,114,,
2013/12/28,21,78,,,17,58,,
2013/12/28,22,13,,,4,7,,
2013/12/28,23,13,,,4,7,,
2013/12/28,24,14,,,4,7,,
2013/12/29,01,13,,,4,7,,
2013/12/29,02,13,,,4,7,,
2013/12/29,03,14,,,5,7,,
2013/12/29,04,13,,,5,7,,
2013/12/29,05,13,,,5,7,,
2013/12/29,06,14,,,4,7,,
2013/12/29,07,12,,,4,6,,
2013/12/29,08,13,,,4,7,,
2013/12/29,09,60,,,51,7,,
2013/12/29,10,210,,,174,34,,
2013/12/29,11,239,,,138,97,,
2013/12/29,12,222,,,122,97,,
2013/12/29,13,213,,,112,98,,
2013/12/29,14,208,,,107,98,,
2013/12/29,15,210,,,109,98,,
2013/12/29,16,206,,,105,98,,
2013/12/29,17,222,,,105,113,,
2013/12/29,18,220,,,102,115,,
2013/12/29,19,220,,,102,114,,
2013/12/29,20,206,,,89,114,,
2013/12/29,21,70,,,8,60,,
2013/12/29,22,14,,,4,7,,
2013/12/29,23,13,,,4,7,,
2013/12/29,24,13,,,4,7,,
2013/12/30,01,13,,,4,7,,
2013/12/30,02,13,,,4,6,,
2013/12/30,03,13,,,5,6,,
2013/12/30,04,14,,,5,7,,
2013/12/30,05,13,,,5,6,,
2013/12/30,06,13,,,4,7,,
2013/12/30,07,13,,,4,7,,
2013/12/30,08,13,,,4,7,,
2013/12/30,09,35,,,26,7,,
2013/12/30,10,221,,,188,30,,
2013/12/30,11,246,,,147,96,,
2013/12/30,12,213,,,115,95,,
2013/12/30,13,195,,,98,94,,
2013/12/30,14,195,,,97,94,,
2013/12/30,15,192,,,95,94,,
2013/12/30,16,190,,,93,94,,
2013/12/30,17,204,,,92,109,,
2013/12/30,18,211,,,96,112,,
2013/12/30,19,215,,,99,112,,
2013/12/30,20,189,,,74,112,,
2013/12/30,21,107,,,18,86,,
2013/12/30,22,13,,,4,7,,
2013/12/30,23,14,,,4,7,,
2013/12/30,24,13,,,4,7,,
2013/12/31,01,13,,,4,7,,
2013/12/31,02,13,,,4,7,,
2013/12/31,03,14,,,5,7,,
2013/12/31,04,13,,,5,7,,
2013/12/31,05,13,,,5,7,,
2013/12/31,06,13,,,4,7,,
2013/12/31,07,13,,,4,7,,
2013/12/31,08,13,,,4,6,,
2013/12/31,09,16,,,7,8,,
2013/12/31,10,182,,,159,21,,
2013/12/31,11,219,,,120,96,,
2013/12/31,12,181,,,81,97,,
2013/12/31,13,164,,,65,96,,
2013/12/31,14,154,,,56,96,,
2013/12/31,15,153,,,54,96,,
2013/12/31,16,152,,,54,95,,
2013/12/31,17,169,,,57,109,,
2013/12/31,18,176,,,61,112,,
2013/12/31,19,195,,,80,112,,
2013/12/31,20,113,,,53,57,,
2013/12/31,21,81,,,34,44,,
2013/12/31,22,14,,,4,7,,
2013/12/31,23,13,,,4,7,,
2013/12/31,24,13,,,4,7,,
2014/01/01,01,13,,,4,7,,
2014/01/01,02,13,,,4,6,,
2014/01/01,03,13,,,5,6,,
2014/01/01,04,13,,,5,6,,
2014/01/01,05,14,,,4,6,,
2014/01/01,06,12,,,4,6,,
2014/01/01,07,13,,,4,6,,
2014/01/01,08,13,,,4,6,,
2014/01/01,09,13,,,4,6,,
2014/01/01,10,13,,,4,7,,
2014/01/01,11,12,,,4,6,,
2014/01/01,12,13,,,4,7,,
2014/01/01,13,13,,,4,6,,
2014/01/01,14,13,,,4,6,,
2014/01/01,15,13,,,4,6,,
2014/01/01,16,13,,,4,6,,
2014/01/01,17,26,,,4,20,,
2014/01/01,18,28,,,4,21,,
2014/01/01,19,27,,,4,21,,
2014/01/01,20,28,,,4,21,,
2014/01/01,21,28,,,5,21,,
2014/01/01,22,13,,,4,7,,
2014/01/01,23,13,,,4,7,,
2014/01/01,24,13,,,4,6,,
2014/01/02,01,13,,,4,6,,
2014/01/02,02,13,,,4,6,,
2014/01/02,03,13,,,5,6,,
2014/01/02,04,13,,,5,6,,
2014/01/02,05,13,,,4,6,,
2014/01/02,06,13,,,4,6,,
2014/01/02,07,13,,,4,6,,
2014/01/02,08,12,,,4,6,,
2014/01/02,09,18,,,8,8,,
2014/01/02,10,219,,,135,81,,
2014/01/02,11,211,,,110,98,,
2014/01/02,12,190,,,89,98,,
2014/01/02,13,173,,,71,98,,
2014/01/02,14,159,,,58,98,,
2014/01/02,15,158,,,56,99,,
2014/01/02,16,157,,,55,99,,
2014/01/02,17,172,,,57,112,,
2014/01/02,18,182,,,65,114,,
2014/01/02,19,196,,,79,114,,
2014/01/02,20,177,,,60,114,,
2014/01/02,21,83,,,23,58,,
2014/01/02,22,13,,,4,7,,
2014/01/02,23,14,,,4,7,,
2014/01/02,24,13,,,4,7,,
2014/01/03,01,13,,,4,6,,
2014/01/03,02,13,,,4,6,,
2014/01/03,03,13,,,5,6,,
2014/01/03,04,13,,,5,6,,
2014/01/03,05,14,,,5,7,,
2014/01/03,06,13,,,4,6,,
2014/01/03,07,12,,,4,7,,
2014/01/03,08,13,,,4,7,,
2014/01/03,09,16,,,7,7,,
2014/01/03,10,142,,,103,37,,
2014/01/03,11,238,,,135,100,,
2014/01/03,12,198,,,95,100,,
2014/01/03,13,171,,,68,100,,
2014/01/03,14,157,,,56,99,,
2014/01/03,15,138,,,36,98,,
2014/01/03,16,145,,,42,99,,
2014/01/03,17,177,,,61,113,,
2014/01/03,18,180,,,62,114,,
2014/01/03,19,180,,,63,114,,
2014/01/03,20,170,,,54,112,,
2014/01/03,21,119,,,26,91,,
2014/01/03,22,21,,,4,15,,
2014/01/03,23,13,,,4,6,,
2014/01/03,24,13,,,4,6,,
2014/01/04,01,13,,,4,6,,
2014/01/04,02,13,,,4,6,,
2014/01/04,03,13,,,5,6,,
2014/01/04,04,13,,,5,6,,
2014/01/04,05,14,,,5,6,,
2014/01/04,06,13,,,4,6,,
2014/01/04,07,13,,,4,6,,
2014/01/04,08,12,,,4,6,,
2014/01/04,09,16,,,7,7,,
2014/01/04,10,179,,,155,22,,
2014/01/04,11,232,,,132,97,,
2014/01/04,12,209,,,109,97,,
2014/01/04,13,182,,,83,96,,
2014/01/04,14,172,,,74,94,,
2014/01/04,15,170,,,73,94,,
2014/01/04,16,209,,,111,95,,
2014/01/04,17,214,,,101,109,,
2014/01/04,18,220,,,104,113,,
2014/01/04,19,235,,,119,113,,
2014/01/04,20,198,,,83,112,,
2014/01/04,21,50,,,7,41,,
2014/01/04,22,13,,,4,7,,
2014/01/04,23,13,,,4,7,,
2014/01/04,24,13,,,4,6,,
2014/01/05,01,13,,,4,7,,
2014/01/05,02,13,,,4,6,,
2014/01/05,03,14,,,5,7,,
2014/01/05,04,13,,,5,7,,
2014/01/05,05,14,,,5,7,,
2014/01/05,06,13,,,4,7,,
2014/01/05,07,13,,,4,7,,
2014/01/05,08,12,,,4,6,,
2014/01/05,09,16,,,7,7,,
2014/01/05,10,152,,,131,20,,
2014/01/05,11,241,,,140,98,,
2014/01/05,12,215,,,116,97,,
2014/01/05,13,203,,,104,96,,
2014/01/05,14,183,,,85,95,,
2014/01/05,15,184,,,85,96,,
2014/01/05,16,174,,,73,97,,
2014/01/05,17,199,,,86,110,,
2014/01/05,18,212,,,96,112,,
2014/01/05,19,220,,,104,113,,
2014/01/05,20,197,,,82,112,,
2014/01/05,21,68,,,23,43,,
2014/01/05,22,13,,,4,7,,
2014/01/05,23,13,,,4,7,,
2014/01/05,24,14,,,4,7,,
2014/01/06,01,13,,,4,6,,
2014/01/06,02,12,,,4,6,,
2014/01/06,03,14,,,5,6,,
2014/01/06,04,13,,,5,6,,
2014/01/06,05,13,,,5,6,,
2014/01/06,06,13,,,4,7,,
2014/01/06,07,13,,,4,6,,
2014/01/06,08,13,,,4,7,,
2014/01/06,09,14,,,5,7,,
2014/01/06,10,206,,,184,20,,
2014/01/06,11,224,,,128,93,,
2014/01/06,12,199,,,104,92,,
2014/01/06,13,185,,,90,92,,
2014/01/06,14,168,,,73,91,,
2014/01/06,15,165,,,71,91,,
2014/01/06,16,160,,,66,92,,
2014/01/06,17,179,,,70,106,,
2014/01/06,18,200,,,86,110,,
2014/01/06,19,208,,,96,109,,
2014/01/06,20,180,,,68,109,,
2014/01/06,21,66,,,7,56,,
2014/01/06,22,13,,,4,6,,
2014/01/06,23,14,,,4,7,,
2014/01/06,24,13,,,4,7,,
2014/01/07,01,13,,,4,7,,
2014/01/07,02,13,,,4,7,,
2014/01/07,03,14,,,5,7,,
2014/01/07,04,14,,,5,7,,
2014/01/07,05,13,,,5,7,,
2014/01/07,06,13,,,4,7,,
2014/01/07,07,13,,,4,7,,
2014/01/07,08,13,,,4,7,,
2014/01/07,09,14,,,5,7,,
2014/01/07,10,236,,,212,23,,
2014/01/07,11,252,,,153,95,,
2014/01/07,12,220,,,125,92,,
2014/01/07,13,195,,,98,93,,
2014/01/07,14,161,,,65,92,,
2014/01/07,15,175,,,81,91,,
2014/01/07,16,168,,,75,91,,
2014/01/07,17,193,,,86,104,,
2014/01/07,18,200,,,87,110,,
2014/01/07,19,212,,,99,110,,
2014/01/07,20,189,,,76,109,,
2014/01/07,21,91,,,23,65,,
2014/01/07,22,13,,,4,7,,
2014/01/07,23,13,,,4,7,,
2014/01/07,24,13,,,4,7,,
2014/01/08,01,13,,,4,7,,
2014/01/08,02,13,,,4,7,,
2014/01/08,03,14,,,5,7,,
2014/01/08,04,13,,,5,7,,
2014/01/08,05,13,,,5,6,,
2014/01/08,06,13,,,4,7,,
2014/01/08,07,13,,,4,6,,
2014/01/08,08,13,,,4,6,,
2014/01/08,09,13,,,4,7,,
2014/01/08,10,191,,,166,23,,
2014/01/08,11,240,,,142,95,,
2014/01/08,12,217,,,120,94,,
2014/01/08,13,214,,,116,95,,
2014/01/08,14,209,,,112,94,,
2014/01/08,15,209,,,111,95,,
2014/01/08,16,202,,,104,95,,
2014/01/08,17,210,,,99,108,,
2014/01/08,18,191,,,79,109,,
2014/01/08,19,206,,,95,108,,
2014/01/08,20,177,,,67,108,,
2014/01/08,21,66,,,14,49,,
2014/01/08,22,13,,,4,7,,
2014/01/08,23,13,,,4,7,,
2014/01/08,24,14,,,4,7,,
2014/01/09,01,13,,,4,6,,
2014/01/09,02,13,,,4,7,,
2014/01/09,03,13,,,5,6,,
2014/01/09,04,13,,,4,7,,
2014/01/09,05,14,,,5,7,,
2014/01/09,06,13,,,4,6,,
2014/01/09,07,12,,,4,6,,
2014/01/09,08,13,,,4,6,,
2014/01/09,09,16,,,7,7,,
2014/01/09,10,165,,,145,18,,
2014/01/09,11,207,,,112,93,,
2014/01/09,12,186,,,89,94,,
2014/01/09,13,177,,,81,94,,
2014/01/09,14,162,,,67,92,,
2014/01/09,15,170,,,74,93,,
2014/01/09,16,175,,,78,94,,
2014/01/09,17,212,,,102,107,,
2014/01/09,18,218,,,104,111,,
2014/01/09,19,227,,,113,111,,
2014/01/09,20,191,,,78,110,,
2014/01/09,21,72,,,6,64,,
2014/01/09,22,10,,,4,4,,
2014/01/09,23,9,,,4,3,,
2014/01/09,24,10,,,4,4,,
2014/01/10,01,10,,,4,3,,
2014/01/10,02,10,,,4,3,,
2014/01/10,03,10,,,5,3,,
2014/01/10,04,11,,,5,4,,
2014/01/10,05,10,,,5,3,,
2014/01/10,06,10,,,4,4,,
2014/01/10,07,10,,,4,4,,
2014/01/10,08,10,,,4,4,,
2014/01/10,09,10,,,5,4,,
2014/01/10,10,193,,,170,22,,
2014/01/10,11,243,,,148,92,,
2014/01/10,12,217,,,123,91,,
2014/01/10,13,195,,,102,91,,
2014/01/10,14,186,,,92,91,,
2014/01/10,15,183,,,90,91,,
2014/01/10,16,194,,,100,91,,
2014/01/10,17,212,,,103,106,,
2014/01/10,18,224,,,110,111,,
2014/01/10,19,225,,,112,110,,
2014/01/10,20,198,,,85,109,,
2014/01/10,21,108,,,24,81,,
2014/01/10,22,31,,,4,24,,
2014/01/10,23,13,,,4,7,,
2014/01/10,24,13,,,4,7,,
2014/01/11,01,13,,,4,7,,
2014/01/11,02,13,,,4,7,,
2014/01/11,03,14,,,5,7,,
2014/01/11,04,14,,,5,7,,
2014/01/11,05,13,,,5,7,,
2014/01/11,06,14,,,4,7,,
2014/01/11,07,13,,,4,7,,
2014/01/11,08,19,,,7,10,,
2014/01/11,09,197,,,133,61,,
2014/01/11,10,223,,,160,61,,
2014/01/11,11,229,,,130,96,,
2014/01/11,12,204,,,105,96,,
2014/01/11,13,211,,,111,97,,
2014/01/11,14,186,,,87,97,,
2014/01/11,15,172,,,72,97,,
2014/01/11,16,190,,,90,97,,
2014/01/11,17,197,,,85,109,,
2014/01/11,18,221,,,104,114,,
2014/01/11,19,231,,,114,114,,
2014/01/11,20,203,,,87,112,,
2014/01/11,21,36,,,5,29,,
2014/01/11,22,14,,,4,7,,
2014/01/11,23,13,,,4,7,,
2014/01/11,24,14,,,4,7,,
2014/01/12,01,13,,,4,7,,
2014/01/12,02,14,,,4,7,,
2014/01/12,03,14,,,5,7,,
2014/01/12,04,14,,,5,7,,
2014/01/12,05,14,,,5,7,,
2014/01/12,06,13,,,4,7,,
2014/01/12,07,13,,,4,7,,
2014/01/12,08,14,,,4,7,,
2014/01/12,09,41,,,32,7,,
2014/01/12,10,200,,,177,22,,
2014/01/12,11,241,,,141,98,,
2014/01/12,12,227,,,126,97,,
2014/01/12,13,209,,,109,97,,
2014/01/12,14,193,,,92,99,,
2014/01/12,15,201,,,100,98,,
2014/01/12,16,204,,,102,98,,
2014/01/12,17,203,,,91,109,,
2014/01/12,18,221,,,105,113,,
2014/01/12,19,233,,,108,120,,
2014/01/12,20,195,,,72,120,,
2014/01/12,21,60,,,12,46,,
2014/01/12,22,13,,,4,7,,
2014/01/12,23,13,,,4,7,,
2014/01/12,24,14,,,4,7,,
2014/01/13,01,13,,,4,7,,
2014/01/13,02,13,,,4,6,,
2014/01/13,03,13,,,5,6,,
2014/01/13,04,13,,,5,6,,
2014/01/13,05,14,,,5,7,,
2014/01/13,06,13,,,4,7,,
2014/01/13,07,13,,,4,6,,
2014/01/13,08,12,,,4,6,,
2014/01/13,09,41,,,32,7,,
2014/01/13,10,201,,,180,18,,
2014/01/13,11,241,,,142,96,,
2014/01/13,12,221,,,123,95,,
2014/01/13,13,208,,,108,96,,
2014/01/13,14,183,,,84,96,,
2014/01/13,15,186,,,87,96,,
2014/01/13,16,186,,,88,96,,
2014/01/13,17,201,,,90,108,,
2014/01/13,18,226,,,108,114,,
2014/01/13,19,223,,,105,114,,
2014/01/13,20,195,,,80,112,,
2014/01/13,21,46,,,8,36,,
2014/01/13,22,14,,,4,7,,
2014/01/13,23,13,,,4,7,,
2014/01/13,24,13,,,4,7,,
2014/01/14,01,14,,,4,7,,
2014/01/14,02,13,,,4,6,,
2014/01/14,03,13,,,5,7,,
2014/01/14,04,14,,,5,7,,
2014/01/14,05,13,,,5,7,,
2014/01/14,06,13,,,4,7,,
2014/01/14,07,13,,,4,7,,
2014/01/14,08,13,,,4,7,,
2014/01/14,09,27,,,18,7,,
2014/01/14,10,203,,,185,16,,
2014/01/14,11,242,,,145,94,,
2014/01/14,12,222,,,126,93,,
2014/01/14,13,205,,,109,93,,
2014/01/14,14,185,,,91,91,,
2014/01/14,15,196,,,102,92,,
2014/01/14,16,193,,,98,92,,
2014/01/14,17,196,,,88,105,,
2014/01/14,18,219,,,104,111,,
2014/01/14,19,221,,,108,111,,
2014/01/14,20,195,,,81,111,,
2014/01/14,21,40,,,6,32,,
2014/01/14,22,13,,,4,7,,
2014/01/14,23,14,,,4,7,,
2014/01/14,24,13,,,4,7,,
2014/01/15,01,13,,,4,7,,
2014/01/15,02,13,,,4,7,,
2014/01/15,03,13,,,5,7,,
2014/01/15,04,14,,,5,7,,
2014/01/15,05,13,,,4,6,,
2014/01/15,06,13,,,4,7,,
2014/01/15,07,13,,,4,6,,
2014/01/15,08,13,,,4,7,,
2014/01/15,09,13,,,5,7,,
2014/01/15,10,163,,,141,20,,
2014/01/15,11,235,,,138,94,,
2014/01/15,12,219,,,122,94,,
2014/01/15,13,206,,,109,95,,
2014/01/15,14,162,,,66,94,,
2014/01/15,15,161,,,65,93,,
2014/01/15,16,163,,,68,92,,
2014/01/15,17,177,,,69,104,,
2014/01/15,18,196,,,83,109,,
2014/01/15,19,227,,,113,111,,
2014/01/15,20,199,,,85,111,,
2014/01/15,21,81,,,13,65,,
2014/01/15,22,14,,,4,7,,
2014/01/15,23,13,,,4,7,,
2014/01/15,24,13,,,4,7,,
2014/01/16,01,14,,,4,7,,
2014/01/16,02,13,,,4,7,,
2014/01/16,03,13,,,5,7,,
2014/01/16,04,14,,,5,7,,
2014/01/16,05,14,,,5,7,,
2014/01/16,06,13,,,4,7,,
2014/01/16,07,12,,,4,7,,
2014/01/16,08,13,,,4,7,,
2014/01/16,09,14,,,5,7,,
2014/01/16,10,195,,,169,24,,
2014/01/16,11,245,,,146,96,,
2014/01/16,12,224,,,127,94,,
2014/01/16,13,183,,,87,94,,
2014/01/16,14,179,,,83,93,,
2014/01/16,15,170,,,74,93,,
2014/01/16,16,168,,,74,92,,
2014/01/16,17,181,,,74,103,,
2014/01/16,18,194,,,80,111,,
2014/01/16,19,217,,,101,113,,
2014/01/16,20,187,,,72,112,,
2014/01/16,21,77,,,8,66,,
2014/01/16,22,13,,,4,7,,
2014/01/16,23,14,,,4,7,,
2014/01/16,24,13,,,4,7,,
2014/01/17,01,13,,,4,7,,
2014/01/17,02,13,,,4,7,,
2014/01/17,03,14,,,5,7,,
2014/01/17,04,14,,,5,7,,
2014/01/17,05,13,,,5,7,,
2014/01/17,06,13,,,4,7,,
2014/01/17,07,13,,,4,7,,
2014/01/17,08,13,,,4,7,,
2014/01/17,09,18,,,6,10,,
2014/01/17,10,224,,,178,44,,
2014/01/17,11,242,,,146,93,,
2014/01/17,12,216,,,121,92,,
2014/01/17,13,192,,,99,91,,
2014/01/17,14,168,,,74,91,,
2014/01/17,15,161,,,68,90,,
2014/01/17,16,172,,,80,90,,
2014/01/17,17,199,,,93,102,,
2014/01/17,18,206,,,92,112,,
2014/01/17,19,208,,,95,110,,
2014/01/17,20,186,,,75,108,,
2014/01/17,21,85,,,16,65,,
2014/01/17,22,15,,,4,9,,
2014/01/17,23,14,,,4,7,,
2014/01/17,24,13,,,4,7,,
2014/01/18,01,13,,,4,7,,
2014/01/18,02,13,,,4,7,,
2014/01/18,03,14,,,5,7,,
2014/01/18,04,13,,,5,7,,
2014/01/18,05,14,,,5,7,,
2014/01/18,06,13,,,4,7,,
2014/01/18,07,13,,,4,7,,
2014/01/18,08,13,,,4,7,,
2014/01/18,09,18,,,8,7,,
2014/01/18,10,239,,,221,17,,
2014/01/18,11,257,,,158,96,,
2014/01/18,12,241,,,145,93,,
2014/01/18,13,217,,,120,94,,
2014/01/18,14,180,,,84,94,,
2014/01/18,15,171,,,74,94,,
2014/01/18,16,175,,,78,94,,
2014/01/18,17,187,,,80,104,,
2014/01/18,18,208,,,94,111,,
2014/01/18,19,205,,,92,110,,
2014/01/18,20,183,,,70,109,,
2014/01/18,21,87,,,9,76,,
2014/01/18,22,17,,,4,10,,
2014/01/18,23,13,,,4,7,,
2014/01/18,24,14,,,4,7,,
2014/01/19,01,13,,,4,7,,
2014/01/19,02,13,,,4,7,,
2014/01/19,03,13,,,5,7,,
2014/01/19,04,14,,,5,7,,
2014/01/19,05,13,,,5,7,,
2014/01/19,06,14,,,4,6,,
2014/01/19,07,13,,,4,7,,
2014/01/19,08,12,,,4,7,,
2014/01/19,09,19,,,10,7,,
2014/01/19,10,227,,,204,21,,
2014/01/19,11,253,,,156,94,,
2014/01/19,12,238,,,142,94,,
2014/01/19,13,227,,,130,93,,
2014/01/19,14,228,,,132,93,,
2014/01/19,15,210,,,114,93,,
2014/01/19,16,196,,,100,93,,
2014/01/19,17,209,,,103,103,,
2014/01/19,18,227,,,113,111,,
2014/01/19,19,246,,,133,110,,
2014/01/19,20,200,,,86,110,,
2014/01/19,21,44,,,10,32,,
2014/01/19,22,14,,,4,7,,
2014/01/19,23,13,,,4,7,,
2014/01/19,24,13,,,4,7,,
2014/01/20,01,14,,,4,7,,
2014/01/20,02,13,,,4,6,,
2014/01/20,03,13,,,5,7,,
2014/01/20,04,13,,,5,7,,
2014/01/20,05,14,,,5,7,,
2014/01/20,06,13,,,4,7,,
2014/01/20,07,13,,,4,7,,
2014/01/20,08,13,,,4,7,,
2014/01/20,09,14,,,5,7,,
2014/01/20,10,157,,,132,23,,
2014/01/20,11,248,,,151,94,,
2014/01/20,12,221,,,126,92,,
2014/01/20,13,192,,,96,93,,
2014/01/20,14,166,,,70,93,,
2014/01/20,15,158,,,63,92,,
2014/01/20,16,158,,,63,92,,
2014/01/20,17,170,,,64,103,,
2014/01/20,18,178,,,65,110,,
2014/01/20,19,178,,,66,109,,
2014/01/20,20,164,,,52,109,,
2014/01/20,21,95,,,19,72,,
2014/01/20,22,13,,,4,7,,
2014/01/20,23,14,,,4,7,,
2014/01/20,24,13,,,4,7,,
2014/01/21,01,13,,,4,7,,
2014/01/21,02,13,,,4,7,,
2014/01/21,03,13,,,5,7,,
2014/01/21,04,14,,,5,7,,
2014/01/21,05,13,,,5,6,,
2014/01/21,06,13,,,4,7,,
2014/01/21,07,13,,,4,6,,
2014/01/21,08,13,,,4,7,,
2014/01/21,09,13,,,4,7,,
2014/01/21,10,242,,,217,23,,
2014/01/21,11,249,,,146,100,,
2014/01/21,12,229,,,128,98,,
2014/01/21,13,215,,,113,100,,
2014/01/21,14,199,,,97,99,,
2014/01/21,15,193,,,91,100,,
2014/01/21,16,187,,,86,98,,
2014/01/21,17,181,,,70,108,,
2014/01/21,18,215,,,95,117,,
2014/01/21,19,228,,,107,118,,
2014/01/21,20,204,,,84,117,,
2014/01/21,21,75,,,23,50,,
2014/01/21,22,13,,,4,7,,
2014/01/21,23,14,,,4,7,,
2014/01/21,24,13,,,4,7,,
2014/01/22,01,13,,,4,7,,
2014/01/22,02,13,,,4,7,,
2014/01/22,03,14,,,5,7,,
2014/01/22,04,14,,,5,7,,
2014/01/22,05,13,,,5,7,,
2014/01/22,06,13,,,4,7,,
2014/01/22,07,14,,,4,7,,
2014/01/22,08,13,,,4,7,,
2014/01/22,09,13,,,4,7,,
2014/01/22,10,175,,,152,21,,
2014/01/22,11,240,,,144,93,,
2014/01/22,12,224,,,128,92,,
2014/01/22,13,205,,,109,92,,
2014/01/22,14,190,,,96,92,,
2014/01/22,15,189,,,96,91,,
2014/01/22,16,185,,,90,91,,
2014/01/22,17,201,,,96,101,,
2014/01/22,18,208,,,95,110,,
2014/01/22,19,218,,,106,109,,
2014/01/22,20,181,,,71,107,,
2014/01/22,21,60,,,8,50,,
2014/01/22,22,13,,,4,7,,
2014/01/22,23,13,,,4,6,,
2014/01/22,24,13,,,4,7,,
2014/01/23,01,14,,,4,7,,
2014/01/23,02,13,,,4,7,,
2014/01/23,03,13,,,5,7,,
2014/01/23,04,14,,,5,7,,
2014/01/23,05,13,,,5,6,,
2014/01/23,06,13,,,4,7,,
2014/01/23,07,13,,,4,7,,
2014/01/23,08,13,,,4,7,,
2014/01/23,09,14,,,4,7,,
2014/01/23,10,248,,,214,32,,
2014/01/23,11,247,,,143,101,,
2014/01/23,12,248,,,144,101,,
2014/01/23,13,187,,,86,99,,
2014/01/23,14,184,,,82,99,,
2014/01/23,15,162,,,61,98,,
2014/01/23,16,165,,,64,98,,
2014/01/23,17,195,,,83,109,,
2014/01/23,18,211,,,90,118,,
2014/01/23,19,216,,,97,117,,
2014/01/23,20,209,,,87,118,,
2014/01/23,21,64,,,12,49,,
2014/01/23,22,13,,,4,7,,
2014/01/23,23,13,,,4,7,,
2014/01/23,24,13,,,4,7,,
2014/01/24,01,14,,,4,7,,
2014/01/24,02,13,,,4,7,,
2014/01/24,03,13,,,5,7,,
2014/01/24,04,14,,,5,7,,
2014/01/24,05,13,,,5,7,,
2014/01/24,06,13,,,4,7,,
2014/01/24,07,13,,,4,7,,
2014/01/24,08,13,,,4,7,,
2014/01/24,09,14,,,5,7,,
2014/01/24,10,206,,,185,18,,
2014/01/24,11,228,,,135,90,,
2014/01/24,12,185,,,95,88,,
2014/01/24,13,160,,,68,88,,
2014/01/24,14,151,,,60,88,,
2014/01/24,15,147,,,56,88,,
2014/01/24,16,145,,,54,89,,
2014/01/24,17,160,,,58,98,,
2014/01/24,18,172,,,61,108,,
2014/01/24,19,189,,,77,108,,
2014/01/24,20,170,,,59,107,,
2014/01/24,21,76,,,15,59,,
2014/01/24,22,26,,,4,20,,
2014/01/24,23,14,,,4,7,,
2014/01/24,24,13,,,4,7,,
2014/01/25,01,13,,,4,7,,
2014/01/25,02,13,,,4,7,,
2014/01/25,03,14,,,5,7,,
2014/01/25,04,13,,,5,7,,
2014/01/25,05,14,,,5,7,,
2014/01/25,06,13,,,4,7,,
2014/01/25,07,13,,,4,7,,
2014/01/25,08,13,,,4,7,,
2014/01/25,09,90,,,80,8,,
2014/01/25,10,207,,,187,18,,
2014/01/25,11,204,,,106,95,,
2014/01/25,12,157,,,62,92,,
2014/01/25,13,141,,,46,92,,
2014/01/25,14,134,,,39,92,,
2014/01/25,15,135,,,41,92,,
2014/01/25,16,128,,,32,92,,
2014/01/25,17,148,,,42,103,,
2014/01/25,18,159,,,45,110,,
2014/01/25,19,152,,,40,110,,
2014/01/25,20,141,,,30,108,,
2014/01/25,21,39,,,5,32,,
2014/01/25,22,13,,,4,7,,
2014/01/25,23,13,,,4,7,,
2014/01/25,24,13,,,4,7,,
2014/01/26,01,14,,,4,7,,
2014/01/26,02,12,,,4,6,,
2014/01/26,03,14,,,5,7,,
2014/01/26,04,13,,,4,7,,
2014/01/26,05,13,,,4,7,,
2014/01/26,06,13,,,4,6,,
2014/01/26,07,13,,,4,7,,
2014/01/26,08,12,,,4,6,,
2014/01/26,09,14,,,4,6,,
2014/01/26,10,110,,,92,17,,
2014/01/26,11,206,,,105,98,,
2014/01/26,12,175,,,76,97,,
2014/01/26,13,176,,,78,96,,
2014/01/26,14,153,,,55,95,,
2014/01/26,15,167,,,69,95,,
2014/01/26,16,181,,,83,95,,
2014/01/26,17,194,,,87,104,,
2014/01/26,18,202,,,89,110,,
2014/01/26,19,213,,,100,111,,
2014/01/26,20,178,,,66,108,,
2014/01/26,21,34,,,5,27,,
2014/01/26,22,13,,,4,7,,
2014/01/26,23,14,,,4,7,,
2014/01/26,24,13,,,4,7,,
2014/01/27,01,13,,,4,7,,
2014/01/27,02,13,,,4,7,,
2014/01/27,03,14,,,5,7,,
2014/01/27,04,13,,,5,7,,
2014/01/27,05,14,,,4,7,,
2014/01/27,06,13,,,4,7,,
2014/01/27,07,13,,,4,7,,
2014/01/27,08,13,,,4,7,,
2014/01/27,09,37,,,28,7,,
2014/01/27,10,217,,,189,26,,
2014/01/27,11,234,,,137,94,,
2014/01/27,12,207,,,110,94,,
2014/01/27,13,179,,,84,92,,
2014/01/27,14,164,,,68,92,,
2014/01/27,15,162,,,68,92,,
2014/01/27,16,153,,,58,92,,
2014/01/27,17,171,,,68,100,,
2014/01/27,18,209,,,94,112,,
2014/01/27,19,217,,,102,112,,
2014/01/27,20,205,,,92,110,,
2014/01/27,21,108,,,48,57,,
2014/01/27,22,14,,,4,7,,
2014/01/27,23,13,,,4,7,,
2014/01/27,24,13,,,4,7,,
2014/01/28,01,14,,,4,7,,
2014/01/28,02,13,,,4,7,,
2014/01/28,03,14,,,5,7,,
2014/01/28,04,13,,,5,7,,
2014/01/28,05,13,,,4,7,,
2014/01/28,06,13,,,4,7,,
2014/01/28,07,13,,,4,7,,
2014/01/28,08,13,,,4,7,,
2014/01/28,09,13,,,4,7,,
2014/01/28,10,181,,,164,15,,
2014/01/28,11,221,,,124,94,,
2014/01/28,12,179,,,86,91,,
2014/01/28,13,167,,,73,91,,
2014/01/28,14,154,,,60,91,,
2014/01/28,15,145,,,53,90,,
2014/01/28,16,143,,,51,89,,
2014/01/28,17,138,,,38,97,,
2014/01/28,18,171,,,60,108,,
2014/01/28,19,169,,,58,108,,
2014/01/28,20,154,,,44,106,,
2014/01/28,21,73,,,12,58,,
2014/01/28,22,13,,,4,7,,
2014/01/28,23,14,,,4,7,,
2014/01/28,24,13,,,4,7,,
2014/01/29,01,13,,,4,7,,
2014/01/29,02,13,,,4,7,,
2014/01/29,03,13,,,5,6,,
2014/01/29,04,14,,,5,7,,
2014/01/29,05,13,,,5,6,,
2014/01/29,06,13,,,4,7,,
2014/01/29,07,13,,,4,7,,
2014/01/29,08,13,,,4,7,,
2014/01/29,09,13,,,4,7,,
2014/01/29,10,149,,,130,16,,
2014/01/29,11,209,,,113,93,,
2014/01/29,12,170,,,76,91,,
2014/01/29,13,149,,,56,90,,
2014/01/29,14,135,,,42,91,,
2014/01/29,15,125,,,32,90,,
2014/01/29,16,126,,,33,90,,
2014/01/29,17,147,,,45,98,,
2014/01/29,18,166,,,53,110,,
2014/01/29,19,188,,,74,111,,
2014/01/29,20,176,,,63,110,,
2014/01/29,21,76,,,12,61,,
2014/01/29,22,20,,,4,13,,
2014/01/29,23,13,,,4,7,,
2014/01/29,24,13,,,4,7,,
2014/01/30,01,13,,,4,7,,
2014/01/30,02,13,,,4,6,,
2014/01/30,03,14,,,5,7,,
2014/01/30,04,13,,,5,7,,
2014/01/30,05,14,,,5,6,,
2014/01/30,06,12,,,4,7,,
2014/01/30,07,13,,,4,7,,
2014/01/30,08,13,,,4,6,,
2014/01/30,09,14,,,5,7,,
2014/01/30,10,173,,,156,16,,
2014/01/30,11,227,,,130,94,,
2014/01/30,12,215,,,117,95,,
2014/01/30,13,186,,,89,94,,
2014/01/30,14,175,,,78,94,,
2014/01/30,15,172,,,75,94,,
2014/01/30,16,152,,,56,93,,
2014/01/30,17,166,,,60,103,,
2014/01/30,18,171,,,59,109,,
2014/01/30,19,174,,,61,109,,
2014/01/30,20,153,,,41,109,,
2014/01/30,21,114,,,25,86,,
2014/01/30,22,15,,,5,8,,
2014/01/30,23,13,,,4,7,,
2014/01/30,24,14,,,4,7,,
2014/01/31,01,13,,,4,7,,
2014/01/31,02,12,,,4,6,,
2014/01/31,03,14,,,5,7,,
2014/01/31,04,13,,,4,6,,
2014/01/31,05,13,,,5,6,,
2014/01/31,06,13,,,4,7,,
2014/01/31,07,13,,,4,7,,
2014/01/31,08,13,,,4,6,,
2014/01/31,09,13,,,4,7,,
2014/01/31,10,166,,,141,22,,
2014/01/31,11,193,,,92,98,,
2014/01/31,12,158,,,58,97,,
2014/01/31,13,132,,,34,96,,
2014/01/31,14,132,,,33,96,,
2014/01/31,15,133,,,33,97,,
2014/01/31,16,130,,,31,96,,
2014/01/31,17,141,,,32,106,,
2014/01/31,18,157,,,37,116,,
2014/01/31,19,179,,,58,116,,
2014/01/31,20,168,,,50,115,,
2014/01/31,21,103,,,31,69,,
2014/01/31,22,43,,,4,36,,
2014/01/31,23,15,,,4,8,,
2014/01/31,24,13,,,4,7,,
2014/02/01,01,13,,,4,7,,
2014/02/01,02,13,,,4,7,,
2014/02/01,03,14,,,5,7,,
2014/02/01,04,13,,,5,7,,
2014/02/01,05,13,,,5,6,,
2014/02/01,06,13,,,4,7,,
2014/02/01,07,13,,,4,7,,
2014/02/01,08,13,,,4,7,,
2014/02/01,09,95,,,84,9,,
2014/02/01,10,206,,,171,34,,
2014/02/01,11,205,,,109,94,,
2014/02/01,12,166,,,70,94,,
2014/02/01,13,128,,,32,93,,
2014/02/01,14,125,,,30,92,,
2014/02/01,15,125,,,29,93,,
2014/02/01,16,123,,,26,93,,
2014/02/01,17,132,,,29,100,,
2014/02/01,18,140,,,29,108,,
2014/02/01,19,150,,,38,108,,
2014/02/01,20,157,,,46,108,,
2014/02/01,21,114,,,17,94,,
2014/02/01,22,24,,,4,18,,
2014/02/01,23,14,,,4,7,,
2014/02/01,24,13,,,4,7,,
2014/02/02,01,13,,,4,7,,
2014/02/02,02,13,,,4,6,,
2014/02/02,03,13,,,5,7,,
2014/02/02,04,13,,,4,7,,
2014/02/02,05,14,,,5,7,,
2014/02/02,06,12,,,4,7,,
2014/02/02,07,13,,,4,6,,
2014/02/02,08,13,,,4,6,,
2014/02/02,09,76,,,65,9,,
2014/02/02,10,126,,,104,20,,
2014/02/02,11,142,,,46,92,,
2014/02/02,12,126,,,32,91,,
2014/02/02,13,122,,,28,91,,
2014/02/02,14,118,,,24,90,,
2014/02/02,15,115,,,23,89,,
2014/02/02,16,114,,,22,89,,
2014/02/02,17,120,,,21,96,,
2014/02/02,18,136,,,24,108,,
2014/02/02,19,137,,,26,107,,
2014/02/02,20,136,,,26,108,,
2014/02/02,21,88,,,14,70,,
2014/02/02,22,42,,,4,35,,
2014/02/02,23,15,,,4,9,,
2014/02/02,24,13,,,4,7,,
2014/02/03,01,13,,,4,7,,
2014/02/03,02,13,,,4,6,,
2014/02/03,03,13,,,5,6,,
2014/02/03,04,13,,,5,6,,
2014/02/03,05,14,,,5,6,,
2014/02/03,06,12,,,4,7,,
2014/02/03,07,13,,,4,6,,
2014/02/03,08,13,,,4,6,,
2014/02/03,09,27,,,4,20,,
2014/02/03,10,71,,,5,64,,
2014/02/03,11,207,,,88,115,,
2014/02/03,12,155,,,60,92,,
2014/02/03,13,125,,,31,91,,
2014/02/03,14,123,,,29,92,,
2014/02/03,15,106,,,11,91,,
2014/02/03,16,100,,,7,90,,
2014/02/03,17,107,,,7,97,,
2014/02/03,18,117,,,7,107,,
2014/02/03,19,117,,,7,107,,
2014/02/03,20,118,,,7,107,,
2014/02/03,21,48,,,5,42,,
2014/02/03,22,13,,,4,7,,
2014/02/03,23,13,,,4,6,,
2014/02/03,24,13,,,4,6,,
2014/02/04,01,13,,,4,7,,
2014/02/04,02,13,,,4,6,,
2014/02/04,03,13,,,5,6,,
2014/02/04,04,13,,,4,6,,
2014/02/04,05,14,,,5,6,,
2014/02/04,06,13,,,4,7,,
2014/02/04,07,13,,,4,6,,
2014/02/04,08,12,,,4,6,,
2014/02/04,09,63,,,53,8,,
2014/02/04,10,159,,,139,18,,
2014/02/04,11,203,,,100,99,,
2014/02/04,12,193,,,89,101,,
2014/02/04,13,168,,,65,100,,
2014/02/04,14,189,,,85,101,,
2014/02/04,15,170,,,67,100,,
2014/02/04,16,178,,,74,100,,
2014/02/04,17,195,,,86,106,,
2014/02/04,18,208,,,90,114,,
2014/02/04,19,223,,,103,116,,
2014/02/04,20,204,,,85,116,,
2014/02/04,21,75,,,18,54,,
2014/02/04,22,13,,,4,7,,
2014/02/04,23,13,,,4,7,,
2014/02/04,24,14,,,4,7,,
2014/02/05,01,13,,,4,7,,
2014/02/05,02,13,,,4,7,,
2014/02/05,03,14,,,5,7,,
2014/02/05,04,13,,,5,7,,
2014/02/05,05,13,,,5,7,,
2014/02/05,06,13,,,4,7,,
2014/02/05,07,13,,,4,7,,
2014/02/05,08,13,,,4,7,,
2014/02/05,09,33,,,24,7,,
2014/02/05,10,220,,,200,18,,
2014/02/05,11,253,,,158,92,,
2014/02/05,12,203,,,110,91,,
2014/02/05,13,175,,,82,90,,
2014/02/05,14,183,,,90,90,,
2014/02/05,15,171,,,78,91,,
2014/02/05,16,193,,,99,91,,
2014/02/05,17,204,,,103,98,,
2014/02/05,18,230,,,118,109,,
2014/02/05,19,230,,,119,109,,
2014/02/05,20,194,,,84,107,,
2014/02/05,21,103,,,45,55,,
2014/02/05,22,13,,,4,7,,
2014/02/05,23,14,,,4,7,,
2014/02/05,24,13,,,4,7,,
2014/02/06,01,13,,,4,7,,
2014/02/06,02,13,,,4,7,,
2014/02/06,03,14,,,5,7,,
2014/02/06,04,13,,,5,7,,
2014/02/06,05,14,,,5,7,,
2014/02/06,06,13,,,4,7,,
2014/02/06,07,12,,,4,7,,
2014/02/06,08,13,,,4,7,,
2014/02/06,09,40,,,31,7,,
2014/02/06,10,215,,,186,27,,
2014/02/06,11,244,,,148,93,,
2014/02/06,12,231,,,136,92,,
2014/02/06,13,221,,,125,94,,
2014/02/06,14,223,,,128,93,,
2014/02/06,15,199,,,105,91,,
2014/02/06,16,213,,,119,91,,
2014/02/06,17,229,,,128,98,,
2014/02/06,18,239,,,126,110,,
2014/02/06,19,243,,,131,109,,
2014/02/06,20,192,,,80,108,,
2014/02/06,21,47,,,6,39,,
2014/02/06,22,13,,,4,7,,
2014/02/06,23,13,,,4,7,,
2014/02/06,24,13,,,4,7,,
2014/02/07,01,13,,,4,7,,
2014/02/07,02,13,,,4,7,,
2014/02/07,03,14,,,5,7,,
2014/02/07,04,13,,,5,7,,
2014/02/07,05,13,,,4,6,,
2014/02/07,06,13,,,4,7,,
2014/02/07,07,13,,,4,7,,
2014/02/07,08,13,,,4,7,,
2014/02/07,09,14,,,5,7,,
2014/02/07,10,209,,,191,17,,
2014/02/07,11,246,,,151,92,,
2014/02/07,12,251,,,155,93,,
2014/02/07,13,250,,,153,94,,
2014/02/07,14,238,,,142,93,,
2014/02/07,15,231,,,135,93,,
2014/02/07,16,217,,,121,93,,
2014/02/07,17,221,,,121,97,,
2014/02/07,18,238,,,125,109,,
2014/02/07,19,241,,,129,109,,
2014/02/07,20,197,,,85,109,,
2014/02/07,21,60,,,12,45,,
2014/02/07,22,13,,,4,7,,
2014/02/07,23,13,,,4,7,,
2014/02/07,24,13,,,4,7,,
2014/02/08,01,13,,,4,7,,
2014/02/08,02,13,,,4,7,,
2014/02/08,03,14,,,5,7,,
2014/02/08,04,13,,,5,7,,
2014/02/08,05,14,,,5,7,,
2014/02/08,06,13,,,4,7,,
2014/02/08,07,13,,,4,7,,
2014/02/08,08,14,,,6,7,,
2014/02/08,09,75,,,66,8,,
2014/02/08,10,208,,,169,38,,
2014/02/08,11,248,,,148,97,,
2014/02/08,12,253,,,153,97,,
2014/02/08,13,247,,,146,98,,
2014/02/08,14,254,,,154,97,,
2014/02/08,15,252,,,151,98,,
2014/02/08,16,247,,,145,98,,
2014/02/08,17,242,,,137,102,,
2014/02/08,18,241,,,127,111,,
2014/02/08,19,247,,,133,111,,
2014/02/08,20,188,,,76,109,,
2014/02/08,21,59,,,16,41,,
2014/02/08,22,13,,,4,7,,
2014/02/08,23,13,,,4,7,,
2014/02/08,24,13,,,4,7,,
2014/02/09,01,14,,,4,7,,
2014/02/09,02,13,,,4,7,,
2014/02/09,03,13,,,5,7,,
2014/02/09,04,14,,,5,7,,
2014/02/09,05,13,,,5,7,,
2014/02/09,06,13,,,4,7,,
2014/02/09,07,13,,,4,6,,
2014/02/09,08,13,,,4,7,,
2014/02/09,09,137,,,97,38,,
2014/02/09,10,225,,,160,63,,
2014/02/09,11,234,,,136,95,,
2014/02/09,12,219,,,123,94,,
2014/02/09,13,185,,,88,93,,
2014/02/09,14,179,,,83,93,,
2014/02/09,15,174,,,79,92,,
2014/02/09,16,167,,,73,92,,
2014/02/09,17,179,,,77,99,,
2014/02/09,18,203,,,87,112,,
2014/02/09,19,207,,,92,112,,
2014/02/09,20,176,,,63,110,,
2014/02/09,21,58,,,9,45,,
2014/02/09,22,13,,,4,7,,
2014/02/09,23,13,,,4,7,,
2014/02/09,24,14,,,4,7,,
2014/02/10,01,13,,,4,7,,
2014/02/10,02,13,,,4,7,,
2014/02/10,03,13,,,5,7,,
2014/02/10,04,14,,,5,7,,
2014/02/10,05,14,,,5,7,,
2014/02/10,06,12,,,4,7,,
2014/02/10,07,13,,,4,7,,
2014/02/10,08,13,,,4,7,,
2014/02/10,09,15,,,6,7,,
2014/02/10,10,135,,,110,23,,
2014/02/10,11,240,,,147,91,,
2014/02/10,12,240,,,146,91,,
2014/02/10,13,221,,,127,90,,
2014/02/10,14,201,,,107,91,,
2014/02/10,15,212,,,118,92,,
2014/02/10,16,213,,,120,91,,
2014/02/10,17,216,,,117,96,,
2014/02/10,18,241,,,130,108,,
2014/02/10,19,236,,,123,110,,
2014/02/10,20,186,,,73,110,,
2014/02/10,21,67,,,9,55,,
2014/02/10,22,13,,,4,7,,
2014/02/10,23,13,,,4,7,,
2014/02/10,24,13,,,4,7,,
2014/02/11,01,14,,,4,7,,
2014/02/11,02,12,,,4,7,,
2014/02/11,03,14,,,5,7,,
2014/02/11,04,13,,,5,6,,
2014/02/11,05,14,,,5,6,,
2014/02/11,06,13,,,4,7,,
2014/02/11,07,13,,,4,7,,
2014/02/11,08,12,,,4,7,,
2014/02/11,09,128,,,116,9,,
2014/02/11,10,254,,,211,41,,
2014/02/11,11,255,,,148,105,,
2014/02/11,12,246,,,140,103,,
2014/02/11,13,225,,,119,102,,
2014/02/11,14,218,,,113,103,,
2014/02/11,15,216,,,112,101,,
2014/02/11,16,203,,,98,101,,
2014/02/11,17,212,,,103,105,,
2014/02/11,18,235,,,115,117,,
2014/02/11,19,242,,,122,117,,
2014/02/11,20,195,,,76,116,,
2014/02/11,21,83,,,27,54,,
2014/02/11,22,13,,,4,7,,
2014/02/11,23,14,,,4,7,,
2014/02/11,24,13,,,4,7,,
2014/02/12,01,14,,,4,7,,
2014/02/12,02,12,,,4,7,,
2014/02/12,03,14,,,5,7,,
2014/02/12,04,13,,,5,7,,
2014/02/12,05,14,,,5,7,,
2014/02/12,06,13,,,4,7,,
2014/02/12,07,13,,,4,7,,
2014/02/12,08,13,,,4,7,,
2014/02/12,09,48,,,38,7,,
2014/02/12,10,186,,,162,22,,
2014/02/12,11,225,,,131,91,,
2014/02/12,12,194,,,101,90,,
2014/02/12,13,186,,,93,90,,
2014/02/12,14,160,,,68,90,,
2014/02/12,15,161,,,70,89,,
2014/02/12,16,163,,,72,89,,
2014/02/12,17,174,,,77,94,,
2014/02/12,18,198,,,86,109,,
2014/02/12,19,208,,,94,110,,
2014/02/12,20,212,,,98,110,,
2014/02/12,21,155,,,105,49,,
2014/02/12,22,150,,,116,33,,
2014/02/12,23,150,,,119,29,,
2014/02/12,24,33,,,20,11,,
2014/02/13,01,13,,,4,7,,
2014/02/13,02,13,,,4,7,,
2014/02/13,03,13,,,5,7,,
2014/02/13,04,14,,,5,7,,
2014/02/13,05,13,,,5,6,,
2014/02/13,06,13,,,4,7,,
2014/02/13,07,13,,,4,6,,
2014/02/13,08,12,,,4,6,,
2014/02/13,09,98,,,51,45,,
2014/02/13,10,154,,,92,60,,
2014/02/13,11,145,,,83,59,,
2014/02/13,12,137,,,76,60,,
2014/02/13,13,172,,,78,91,,
2014/02/13,14,189,,,94,92,,
2014/02/13,15,167,,,73,91,,
2014/02/13,16,172,,,78,92,,
2014/02/13,17,179,,,80,96,,
2014/02/13,18,207,,,93,110,,
2014/02/13,19,210,,,97,110,,
2014/02/13,20,217,,,104,110,,
2014/02/13,21,78,,,8,67,,
2014/02/13,22,14,,,4,7,,
2014/02/13,23,13,,,4,7,,
2014/02/13,24,13,,,4,7,,
2014/02/14,01,13,,,4,7,,
2014/02/14,02,13,,,4,7,,
2014/02/14,03,14,,,5,7,,
2014/02/14,04,13,,,5,6,,
2014/02/14,05,13,,,5,7,,
2014/02/14,06,13,,,4,7,,
2014/02/14,07,13,,,4,7,,
2014/02/14,08,13,,,4,7,,
2014/02/14,09,13,,,4,7,,
2014/02/14,10,117,,,86,29,,
2014/02/14,11,252,,,133,116,,
2014/02/14,12,252,,,134,114,,
2014/02/14,13,253,,,137,112,,
2014/02/14,14,260,,,145,112,,
2014/02/14,15,256,,,144,109,,
2014/02/14,16,263,,,159,102,,
2014/02/14,17,266,,,160,103,,
2014/02/14,18,263,,,153,108,,
2014/02/14,19,261,,,151,107,,
2014/02/14,20,208,,,100,105,,
2014/02/14,21,59,,,7,49,,
2014/02/14,22,13,,,4,7,,
2014/02/14,23,13,,,4,7,,
2014/02/14,24,14,,,4,7,,
2014/02/15,01,13,,,4,7,,
2014/02/15,02,13,,,4,7,,
2014/02/15,03,13,,,5,7,,
2014/02/15,04,14,,,5,7,,
2014/02/15,05,13,,,5,7,,
2014/02/15,06,14,,,4,7,,
2014/02/15,07,13,,,4,7,,
2014/02/15,08,14,,,5,7,,
2014/02/15,09,148,,,137,9,,
2014/02/15,10,189,,,168,19,,
2014/02/15,11,234,,,135,97,,
2014/02/15,12,221,,,120,98,,
2014/02/15,13,210,,,111,96,,
2014/02/15,14,197,,,97,98,,
2014/02/15,15,194,,,95,96,,
2014/02/15,16,190,,,90,97,,
2014/02/15,17,194,,,92,99,,
2014/02/15,18,217,,,103,111,,
2014/02/15,19,216,,,101,112,,
2014/02/15,20,176,,,62,111,,
2014/02/15,21,41,,,5,33,,
2014/02/15,22,13,,,4,7,,
2014/02/15,23,13,,,4,7,,
2014/02/15,24,13,,,4,7,,
2014/02/16,01,14,,,4,7,,
2014/02/16,02,13,,,4,6,,
2014/02/16,03,13,,,5,6,,
2014/02/16,04,13,,,5,7,,
2014/02/16,05,13,,,5,6,,
2014/02/16,06,13,,,4,7,,
2014/02/16,07,13,,,4,7,,
2014/02/16,08,13,,,4,7,,
2014/02/16,09,14,,,6,7,,
2014/02/16,10,165,,,139,24,,
2014/02/16,11,208,,,114,92,,
2014/02/16,12,176,,,82,92,,
2014/02/16,13,162,,,68,91,,
2014/02/16,14,148,,,54,91,,
2014/02/16,15,140,,,48,90,,
2014/02/16,16,150,,,56,90,,
2014/02/16,17,147,,,51,94,,
2014/02/16,18,177,,,65,108,,
2014/02/16,19,188,,,75,110,,
2014/02/16,20,167,,,52,112,,
2014/02/16,21,86,,,17,66,,
2014/02/16,22,16,,,4,10,,
2014/02/16,23,15,,,4,8,,
2014/02/16,24,15,,,4,8,,
2014/02/17,01,14,,,4,8,,
2014/02/17,02,14,,,4,8,,
2014/02/17,03,15,,,5,8,,
2014/02/17,04,13,,,5,7,,
2014/02/17,05,14,,,5,7,,
2014/02/17,06,13,,,4,7,,
2014/02/17,07,13,,,4,7,,
2014/02/17,08,13,,,4,7,,
2014/02/17,09,13,,,5,7,,
2014/02/17,10,168,,,146,20,,
2014/02/17,11,218,,,122,92,,
2014/02/17,12,185,,,92,91,,
2014/02/17,13,157,,,64,90,,
2014/02/17,14,143,,,49,90,,
2014/02/17,15,138,,,45,90,,
2014/02/17,16,135,,,42,90,,
2014/02/17,17,145,,,49,93,,
2014/02/17,18,178,,,66,110,,
2014/02/17,19,184,,,73,108,,
2014/02/17,20,168,,,59,107,,
2014/02/17,21,104,,,6,94,,
2014/02/17,22,56,,,5,48,,
2014/02/17,23,13,,,4,7,,
2014/02/17,24,14,,,4,7,,
2014/02/18,01,13,,,4,7,,
2014/02/18,02,13,,,4,7,,
2014/02/18,03,13,,,5,7,,
2014/02/18,04,13,,,5,7,,
2014/02/18,05,13,,,5,6,,
2014/02/18,06,14,,,4,7,,
2014/02/18,07,12,,,4,7,,
2014/02/18,08,13,,,4,6,,
2014/02/18,09,20,,,11,7,,
2014/02/18,10,183,,,162,20,,
2014/02/18,11,237,,,131,103,,
2014/02/18,12,200,,,96,101,,
2014/02/18,13,209,,,105,101,,
2014/02/18,14,204,,,99,102,,
2014/02/18,15,202,,,97,102,,
2014/02/18,16,204,,,98,103,,
2014/02/18,17,212,,,109,101,,
2014/02/18,18,226,,,113,110,,
2014/02/18,19,234,,,123,108,,
2014/02/18,20,189,,,80,107,,
2014/02/18,21,27,,,5,20,,
2014/02/18,22,13,,,4,7,,
2014/02/18,23,14,,,4,7,,
2014/02/18,24,13,,,4,7,,
2014/02/19,01,13,,,4,7,,
2014/02/19,02,13,,,4,7,,
2014/02/19,03,14,,,5,7,,
2014/02/19,04,13,,,5,7,,
2014/02/19,05,14,,,5,7,,
2014/02/19,06,13,,,4,7,,
2014/02/19,07,13,,,4,7,,
2014/02/19,08,12,,,4,7,,
2014/02/19,09,15,,,5,7,,
2014/02/19,10,160,,,143,15,,
2014/02/19,11,227,,,136,88,,
2014/02/19,12,207,,,117,88,,
2014/02/19,13,195,,,104,88,,
2014/02/19,14,189,,,97,89,,
2014/02/19,15,174,,,82,88,,
2014/02/19,16,173,,,82,88,,
2014/02/19,17,192,,,96,94,,
2014/02/19,18,211,,,100,108,,
2014/02/19,19,217,,,107,107,,
2014/02/19,20,176,,,67,106,,
2014/02/19,21,58,,,6,49,,
2014/02/19,22,13,,,4,7,,
2014/02/19,23,13,,,4,7,,
2014/02/19,24,14,,,4,7,,
2014/02/20,01,13,,,4,7,,
2014/02/20,02,13,,,4,7,,
2014/02/20,03,14,,,5,7,,
2014/02/20,04,13,,,5,7,,
2014/02/20,05,14,,,5,7,,
2014/02/20,06,13,,,4,7,,
2014/02/20,07,13,,,4,7,,
2014/02/20,08,13,,,4,7,,
2014/02/20,09,45,,,36,7,,
2014/02/20,10,171,,,151,18,,
2014/02/20,11,215,,,122,90,,
2014/02/20,12,196,,,102,91,,
2014/02/20,13,177,,,84,91,,
2014/02/20,14,158,,,63,91,,
2014/02/20,15,152,,,60,89,,
2014/02/20,16,153,,,61,90,,
2014/02/20,17,158,,,62,93,,
2014/02/20,18,184,,,75,107,,
2014/02/20,19,201,,,87,110,,
2014/02/20,20,174,,,60,110,,
2014/02/20,21,54,,,7,45,,
2014/02/20,22,13,,,4,7,,
2014/02/20,23,13,,,4,7,,
2014/02/20,24,13,,,4,7,,
2014/02/21,01,14,,,4,7,,
2014/02/21,02,13,,,4,7,,
2014/02/21,03,13,,,5,7,,
2014/02/21,04,13,,,5,7,,
2014/02/21,05,14,,,5,7,,
2014/02/21,06,13,,,4,7,,
2014/02/21,07,13,,,4,7,,
2014/02/21,08,13,,,4,7,,
2014/02/21,09,78,,,68,8,,
2014/02/21,10,197,,,178,17,,
2014/02/21,11,211,,,116,92,,
2014/02/21,12,185,,,93,90,,
2014/02/21,13,177,,,84,91,,
2014/02/21,14,160,,,67,90,,
2014/02/21,15,149,,,58,89,,
2014/02/21,16,143,,,52,88,,
2014/02/21,17,167,,,71,94,,
2014/02/21,18,184,,,73,107,,
2014/02/21,19,203,,,92,109,,
2014/02/21,20,178,,,68,107,,
2014/02/21,21,76,,,17,57,,
2014/02/21,22,27,,,4,21,,
2014/02/21,23,14,,,4,7,,
2014/02/21,24,13,,,4,7,,
2014/02/22,01,14,,,4,7,,
2014/02/22,02,13,,,4,7,,
2014/02/22,03,13,,,5,7,,
2014/02/22,04,14,,,5,7,,
2014/02/22,05,13,,,5,7,,
2014/02/22,06,13,,,4,7,,
2014/02/22,07,13,,,4,7,,
2014/02/22,08,13,,,4,7,,
2014/02/22,09,47,,,38,7,,
2014/02/22,10,225,,,176,47,,
2014/02/22,11,235,,,138,94,,
2014/02/22,12,205,,,108,94,,
2014/02/22,13,194,,,97,94,,
2014/02/22,14,179,,,83,94,,
2014/02/22,15,160,,,64,93,,
2014/02/22,16,156,,,60,93,,
2014/02/22,17,153,,,56,94,,
2014/02/22,18,184,,,71,110,,
2014/02/22,19,192,,,76,112,,
2014/02/22,20,175,,,62,110,,
2014/02/22,21,83,,,30,51,,
2014/02/22,22,39,,,14,23,,
2014/02/22,23,15,,,4,8,,
2014/02/22,24,15,,,4,8,,
2014/02/23,01,13,,,4,7,,
2014/02/23,02,13,,,4,7,,
2014/02/23,03,14,,,5,7,,
2014/02/23,04,13,,,5,7,,
2014/02/23,05,14,,,4,7,,
2014/02/23,06,13,,,4,7,,
2014/02/23,07,13,,,4,7,,
2014/02/23,08,12,,,4,7,,
2014/02/23,09,124,,,111,10,,
2014/02/23,10,188,,,165,22,,
2014/02/23,11,213,,,114,95,,
2014/02/23,12,186,,,88,94,,
2014/02/23,13,169,,,71,95,,
2014/02/23,14,163,,,63,96,,
2014/02/23,15,148,,,49,95,,
2014/02/23,16,152,,,53,97,,
2014/02/23,17,153,,,52,98,,
2014/02/23,18,177,,,60,114,,
2014/02/23,19,190,,,74,113,,
2014/02/23,20,166,,,52,111,,
2014/02/23,21,70,,,6,61,,
2014/02/23,22,22,,,4,16,,
2014/02/23,23,13,,,4,7,,
2014/02/23,24,13,,,4,7,,
2014/02/24,01,13,,,4,7,,
2014/02/24,02,13,,,4,6,,
2014/02/24,03,13,,,5,6,,
2014/02/24,04,14,,,5,7,,
2014/02/24,05,13,,,4,7,,
2014/02/24,06,13,,,4,7,,
2014/02/24,07,13,,,4,7,,
2014/02/24,08,12,,,4,7,,
2014/02/24,09,82,,,71,8,,
2014/02/24,10,156,,,131,24,,
2014/02/24,11,204,,,108,92,,
2014/02/24,12,174,,,79,92,,
2014/02/24,13,149,,,55,92,,
2014/02/24,14,141,,,48,91,,
2014/02/24,15,137,,,43,91,,
2014/02/24,16,131,,,38,89,,
2014/02/24,17,135,,,40,92,,
2014/02/24,18,157,,,44,109,,
2014/02/24,19,176,,,64,109,,
2014/02/24,20,158,,,44,111,,
2014/02/24,21,41,,,5,33,,
2014/02/24,22,13,,,4,7,,
2014/02/24,23,13,,,4,7,,
2014/02/24,24,13,,,4,7,,
2014/02/25,01,13,,,4,7,,
2014/02/25,02,13,,,4,7,,
2014/02/25,03,14,,,5,7,,
2014/02/25,04,13,,,5,7,,
2014/02/25,05,13,,,4,6,,
2014/02/25,06,13,,,4,7,,
2014/02/25,07,13,,,4,7,,
2014/02/25,08,12,,,4,7,,
2014/02/25,09,49,,,39,8,,
2014/02/25,10,177,,,151,23,,
2014/02/25,11,216,,,121,93,,
2014/02/25,12,153,,,60,90,,
2014/02/25,13,131,,,39,89,,
2014/02/25,14,129,,,35,90,,
2014/02/25,15,127,,,36,89,,
2014/02/25,16,125,,,33,89,,
2014/02/25,17,133,,,34,96,,
2014/02/25,18,154,,,41,110,,
2014/02/25,19,171,,,59,109,,
2014/02/25,20,158,,,46,108,,
2014/02/25,21,52,,,5,45,,
2014/02/25,22,13,,,4,7,,
2014/02/25,23,13,,,4,7,,
2014/02/25,24,13,,,4,7,,
2014/02/26,01,13,,,4,7,,
2014/02/26,02,13,,,4,6,,
2014/02/26,03,13,,,5,6,,
2014/02/26,04,14,,,5,7,,
2014/02/26,05,13,,,5,6,,
2014/02/26,06,13,,,4,7,,
2014/02/26,07,13,,,4,7,,
2014/02/26,08,13,,,4,7,,
2014/02/26,09,18,,,9,7,,
2014/02/26,10,143,,,123,18,,
2014/02/26,11,182,,,89,89,,
2014/02/26,12,149,,,58,89,,
2014/02/26,13,134,,,42,89,,
2014/02/26,14,128,,,36,89,,
2014/02/26,15,124,,,33,89,,
2014/02/26,16,129,,,37,89,,
2014/02/26,17,123,,,30,89,,
2014/02/26,18,149,,,38,108,,
2014/02/26,19,148,,,38,107,,
2014/02/26,20,139,,,29,106,,
2014/02/26,21,44,,,5,36,,
2014/02/26,22,14,,,4,7,,
2014/02/26,23,13,,,4,7,,
2014/02/26,24,13,,,4,7,,
2014/02/27,01,13,,,4,7,,
2014/02/27,02,13,,,4,7,,
2014/02/27,03,13,,,5,7,,
2014/02/27,04,13,,,5,6,,
2014/02/27,05,13,,,5,6,,
2014/02/27,06,13,,,4,7,,
2014/02/27,07,13,,,4,7,,
2014/02/27,08,12,,,4,6,,
2014/02/27,09,14,,,4,7,,
2014/02/27,10,31,,,12,17,,
2014/02/27,11,210,,,104,104,,
2014/02/27,12,182,,,77,101,,
2014/02/27,13,170,,,66,101,,
2014/02/27,14,162,,,58,101,,
2014/02/27,15,157,,,52,101,,
2014/02/27,16,154,,,50,101,,
2014/02/27,17,140,,,36,100,,
2014/02/27,18,168,,,47,118,,
2014/02/27,19,165,,,44,117,,
2014/02/27,20,149,,,29,116,,
2014/02/27,21,48,,,5,42,,
2014/02/27,22,13,,,4,6,,
2014/02/27,23,13,,,4,6,,
2014/02/27,24,13,,,4,7,,
2014/02/28,01,14,,,5,7,,
2014/02/28,02,13,,,4,6,,
2014/02/28,03,13,,,5,6,,
2014/02/28,04,13,,,4,6,,
2014/02/28,05,13,,,4,6,,
2014/02/28,06,12,,,4,6,,
2014/02/28,07,13,,,4,6,,
2014/02/28,08,12,,,4,6,,
2014/02/28,09,39,,,28,8,,
2014/02/28,10,141,,,107,32,,
2014/02/28,11,149,,,59,87,,
2014/02/28,12,124,,,35,86,,
2014/02/28,13,120,,,31,87,,
2014/02/28,14,112,,,22,87,,
2014/02/28,15,112,,,22,86,,
2014/02/28,16,111,,,21,87,,
2014/02/28,17,113,,,22,88,,
2014/02/28,18,130,,,22,105,,
2014/02/28,19,134,,,22,108,,
2014/02/28,20,146,,,34,108,,
2014/02/28,21,60,,,8,50,,
2014/02/28,22,19,,,4,12,,
2014/02/28,23,13,,,4,7,,
2014/02/28,24,13,,,4,7,,
2014/03/01,01,13,,,4,7,,
2014/03/01,02,12,,,4,6,,
2014/03/01,03,14,,,5,7,,
2014/03/01,04,13,,,5,7,,
2014/03/01,05,13,,,4,6,,
2014/03/01,06,13,,,4,6,,
2014/03/01,07,12,,,4,6,,
2014/03/01,08,13,,,4,6,,
2014/03/01,09,16,,,6,8,,
2014/03/01,10,25,,,10,13,,
2014/03/01,11,189,,,91,95,,
2014/03/01,12,161,,,63,94,,
2014/03/01,13,131,,,35,93,,
2014/03/01,14,123,,,26,93,,
2014/03/01,15,136,,,39,94,,
2014/03/01,16,137,,,41,94,,
2014/03/01,17,140,,,42,94,,
2014/03/01,18,156,,,43,110,,
2014/03/01,19,156,,,43,110,,
2014/03/01,20,142,,,29,109,,
2014/03/01,21,56,,,5,49,,
2014/03/01,22,13,,,4,7,,
2014/03/01,23,13,,,4,7,,
2014/03/01,24,13,,,4,7,,
2014/03/02,01,13,,,4,7,,
2014/03/02,02,13,,,4,7,,
2014/03/02,03,13,,,5,6,,
2014/03/02,04,13,,,5,6,,
2014/03/02,05,13,,,5,6,,
2014/03/02,06,13,,,4,6,,
2014/03/02,07,13,,,4,6,,
2014/03/02,08,12,,,4,6,,
2014/03/02,09,14,,,6,7,,
2014/03/02,10,106,,,82,21,,
2014/03/02,11,190,,,92,96,,
2014/03/02,12,155,,,58,94,,
2014/03/02,13,124,,,28,93,,
2014/03/02,14,127,,,30,93,,
2014/03/02,15,124,,,28,93,,
2014/03/02,16,116,,,21,92,,
2014/03/02,17,121,,,26,91,,
2014/03/02,18,143,,,33,107,,
2014/03/02,19,155,,,44,108,,
2014/03/02,20,142,,,32,106,,
2014/03/02,21,63,,,5,56,,
2014/03/02,22,39,,,4,33,,
2014/03/02,23,13,,,4,7,,
2014/03/02,24,13,,,4,7,,
2014/03/03,01,13,,,4,7,,
2014/03/03,02,13,,,4,6,,
2014/03/03,03,13,,,5,6,,
2014/03/03,04,13,,,5,6,,
2014/03/03,05,13,,,5,6,,
2014/03/03,06,13,,,4,6,,
2014/03/03,07,13,,,4,6,,
2014/03/03,08,12,,,4,6,,
2014/03/03,09,81,,,70,9,,
2014/03/03,10,141,,,122,18,,
2014/03/03,11,171,,,78,90,,
2014/03/03,12,151,,,60,88,,
2014/03/03,13,126,,,37,87,,
2014/03/03,14,121,,,30,88,,
2014/03/03,15,128,,,37,88,,
2014/03/03,16,113,,,23,88,,
2014/03/03,17,131,,,39,88,,
2014/03/03,18,159,,,49,107,,
2014/03/03,19,159,,,50,107,,
2014/03/03,20,160,,,48,108,,
2014/03/03,21,69,,,5,61,,
2014/03/03,22,13,,,4,7,,
2014/03/03,23,13,,,4,7,,
2014/03/03,24,13,,,4,7,,
2014/03/04,01,13,,,4,7,,
2014/03/04,02,13,,,4,6,,
2014/03/04,03,14,,,5,7,,
2014/03/04,04,13,,,5,7,,
2014/03/04,05,13,,,5,7,,
2014/03/04,06,13,,,4,7,,
2014/03/04,07,13,,,4,6,,
2014/03/04,08,13,,,4,7,,
2014/03/04,09,18,,,10,7,,
2014/03/04,10,169,,,144,23,,
2014/03/04,11,189,,,96,90,,
2014/03/04,12,159,,,67,89,,
2014/03/04,13,139,,,48,88,,
2014/03/04,14,136,,,45,88,,
2014/03/04,15,123,,,31,89,,
2014/03/04,16,128,,,35,89,,
2014/03/04,17,121,,,30,89,,
2014/03/04,18,152,,,40,108,,
2014/03/04,19,151,,,40,108,,
2014/03/04,20,140,,,30,106,,
2014/03/04,21,46,,,5,39,,
2014/03/04,22,13,,,4,7,,
2014/03/04,23,13,,,4,7,,
2014/03/04,24,13,,,4,7,,
2014/03/05,01,13,,,4,7,,
2014/03/05,02,13,,,4,7,,
2014/03/05,03,13,,,5,7,,
2014/03/05,04,13,,,4,7,,
2014/03/05,05,14,,,5,7,,
2014/03/05,06,13,,,4,7,,
2014/03/05,07,12,,,4,6,,
2014/03/05,08,13,,,4,6,,
2014/03/05,09,14,,,5,7,,
2014/03/05,10,123,,,75,46,,
2014/03/05,11,192,,,98,92,,
2014/03/05,12,179,,,85,91,,
2014/03/05,13,166,,,70,92,,
2014/03/05,14,120,,,29,89,,
2014/03/05,15,176,,,82,91,,
2014/03/05,16,160,,,66,91,,
2014/03/05,17,160,,,66,91,,
2014/03/05,18,168,,,59,106,,
2014/03/05,19,174,,,63,107,,
2014/03/05,20,153,,,43,108,,
2014/03/05,21,58,,,6,50,,
2014/03/05,22,13,,,4,7,,
2014/03/05,23,13,,,4,7,,
2014/03/05,24,14,,,4,7,,
2014/03/06,01,13,,,4,7,,
2014/03/06,02,12,,,4,7,,
2014/03/06,03,14,,,5,7,,
2014/03/06,04,13,,,5,6,,
2014/03/06,05,13,,,5,7,,
2014/03/06,06,14,,,4,7,,
2014/03/06,07,12,,,4,7,,
2014/03/06,08,13,,,4,6,,
2014/03/06,09,33,,,23,7,,
2014/03/06,10,174,,,154,18,,
2014/03/06,11,218,,,122,92,,
2014/03/06,12,186,,,92,92,,
2014/03/06,13,169,,,74,92,,
2014/03/06,14,159,,,64,92,,
2014/03/06,15,145,,,50,92,,
2014/03/06,16,164,,,68,92,,
2014/03/06,17,156,,,60,92,,
2014/03/06,18,190,,,77,110,,
2014/03/06,19,194,,,81,110,,
2014/03/06,20,163,,,50,110,,
2014/03/06,21,79,,,6,71,,
2014/03/06,22,15,,,4,8,,
2014/03/06,23,13,,,4,7,,
2014/03/06,24,13,,,4,7,,
2014/03/07,01,14,,,4,7,,
2014/03/07,02,13,,,4,7,,
2014/03/07,03,13,,,5,7,,
2014/03/07,04,14,,,5,7,,
2014/03/07,05,13,,,5,7,,
2014/03/07,06,13,,,4,7,,
2014/03/07,07,13,,,4,7,,
2014/03/07,08,13,,,4,7,,
2014/03/07,09,49,,,40,8,,
2014/03/07,10,175,,,154,18,,
2014/03/07,11,231,,,134,94,,
2014/03/07,12,158,,,65,91,,
2014/03/07,13,139,,,45,90,,
2014/03/07,14,143,,,51,90,,
2014/03/07,15,134,,,40,90,,
2014/03/07,16,131,,,38,90,,
2014/03/07,17,144,,,49,92,,
2014/03/07,18,185,,,73,109,,
2014/03/07,19,190,,,77,110,,
2014/03/07,20,164,,,52,109,,
2014/03/07,21,80,,,25,53,,
2014/03/07,22,13,,,4,7,,
2014/03/07,23,13,,,4,7,,
2014/03/07,24,13,,,4,7,,
2014/03/08,01,14,,,4,7,,
2014/03/08,02,13,,,4,7,,
2014/03/08,03,13,,,5,7,,
2014/03/08,04,13,,,5,7,,
2014/03/08,05,14,,,5,7,,
2014/03/08,06,13,,,4,7,,
2014/03/08,07,13,,,4,7,,
2014/03/08,08,13,,,4,7,,
2014/03/08,09,71,,,62,8,,
2014/03/08,10,146,,,107,37,,
2014/03/08,11,225,,,130,92,,
2014/03/08,12,184,,,92,90,,
2014/03/08,13,164,,,71,90,,
2014/03/08,14,154,,,60,91,,
2014/03/08,15,145,,,52,90,,
2014/03/08,16,143,,,50,90,,
2014/03/08,17,149,,,57,90,,
2014/03/08,18,178,,,68,106,,
2014/03/08,19,185,,,72,110,,
2014/03/08,20,162,,,48,110,,
2014/03/08,21,78,,,9,67,,
2014/03/08,22,32,,,4,25,,
2014/03/08,23,13,,,4,7,,
2014/03/08,24,13,,,4,7,,
2014/03/09,01,13,,,4,7,,
2014/03/09,02,13,,,4,7,,
2014/03/09,03,13,,,5,7,,
2014/03/09,04,14,,,5,7,,
2014/03/09,05,13,,,5,7,,
2014/03/09,06,13,,,4,7,,
2014/03/09,07,13,,,4,6,,
2014/03/09,08,12,,,4,7,,
2014/03/09,09,50,,,41,7,,
2014/03/09,10,134,,,114,18,,
2014/03/09,11,196,,,101,91,,
2014/03/09,12,170,,,78,90,,
2014/03/09,13,140,,,46,90,,
2014/03/09,14,134,,,42,90,,
2014/03/09,15,133,,,40,90,,
2014/03/09,16,121,,,28,90,,
2014/03/09,17,126,,,33,90,,
2014/03/09,18,157,,,48,106,,
2014/03/09,19,165,,,53,109,,
2014/03/09,20,151,,,39,109,,
2014/03/09,21,89,,,6,80,,
2014/03/09,22,23,,,4,16,,
2014/03/09,23,13,,,4,7,,
2014/03/09,24,14,,,4,7,,
2014/03/10,01,13,,,4,7,,
2014/03/10,02,13,,,4,7,,
2014/03/10,03,14,,,5,7,,
2014/03/10,04,14,,,5,7,,
2014/03/10,05,14,,,5,7,,
2014/03/10,06,13,,,4,7,,
2014/03/10,07,13,,,4,7,,
2014/03/10,08,13,,,4,7,,
2014/03/10,09,60,,,50,8,,
2014/03/10,10,154,,,135,18,,
2014/03/10,11,199,,,105,91,,
2014/03/10,12,179,,,86,90,,
2014/03/10,13,176,,,83,90,,
2014/03/10,14,168,,,74,91,,
2014/03/10,15,185,,,91,92,,
2014/03/10,16,167,,,73,91,,
2014/03/10,17,178,,,85,90,,
2014/03/10,18,188,,,80,105,,
2014/03/10,19,196,,,88,106,,
2014/03/10,20,169,,,60,105,,
2014/03/10,21,54,,,6,46,,
2014/03/10,22,13,,,4,7,,
2014/03/10,23,13,,,4,7,,
2014/03/10,24,14,,,4,7,,
2014/03/11,01,13,,,4,7,,
2014/03/11,02,13,,,4,7,,
2014/03/11,03,13,,,5,6,,
2014/03/11,04,13,,,5,6,,
2014/03/11,05,14,,,5,7,,
2014/03/11,06,13,,,4,7,,
2014/03/11,07,12,,,4,7,,
2014/03/11,08,13,,,4,7,,
2014/03/11,09,71,,,60,9,,
2014/03/11,10,218,,,194,22,,
2014/03/11,11,220,,,127,90,,
2014/03/11,12,162,,,70,89,,
2014/03/11,13,139,,,49,87,,
2014/03/11,14,139,,,47,89,,
2014/03/11,15,128,,,38,88,,
2014/03/11,16,124,,,34,87,,
2014/03/11,17,125,,,36,86,,
2014/03/11,18,158,,,50,105,,
2014/03/11,19,173,,,64,106,,
2014/03/11,20,156,,,47,106,,
2014/03/11,21,82,,,12,67,,
2014/03/11,22,18,,,4,12,,
2014/03/11,23,13,,,4,7,,
2014/03/11,24,13,,,4,7,,
2014/03/12,01,12,,,4,6,,
2014/03/12,02,13,,,4,7,,
2014/03/12,03,14,,,5,6,,
2014/03/12,04,13,,,5,7,,
2014/03/12,05,13,,,5,7,,
2014/03/12,06,13,,,4,7,,
2014/03/12,07,13,,,4,7,,
2014/03/12,08,13,,,4,7,,
2014/03/12,09,48,,,38,8,,
2014/03/12,10,187,,,168,18,,
2014/03/12,11,174,,,80,91,,
2014/03/12,12,126,,,34,88,,
2014/03/12,13,126,,,34,89,,
2014/03/12,14,121,,,31,88,,
2014/03/12,15,119,,,28,88,,
2014/03/12,16,120,,,29,88,,
2014/03/12,17,122,,,32,87,,
2014/03/12,18,137,,,32,101,,
2014/03/12,19,142,,,33,105,,
2014/03/12,20,137,,,28,106,,
2014/03/12,21,80,,,10,67,,
2014/03/12,22,24,,,4,17,,
2014/03/12,23,13,,,4,7,,
2014/03/12,24,13,,,4,7,,
2014/03/13,01,13,,,4,7,,
2014/03/13,02,13,,,4,7,,
2014/03/13,03,13,,,5,6,,
2014/03/13,04,13,,,5,6,,
2014/03/13,05,13,,,4,6,,
2014/03/13,06,13,,,4,6,,
2014/03/13,07,12,,,4,6,,
2014/03/13,08,13,,,4,6,,
2014/03/13,09,13,,,4,6,,
2014/03/13,10,40,,,15,22,,
2014/03/13,11,155,,,60,92,,
2014/03/13,12,137,,,44,90,,
2014/03/13,13,127,,,33,90,,
2014/03/13,14,128,,,34,91,,
2014/03/13,15,121,,,27,91,,
2014/03/13,16,117,,,24,90,,
2014/03/13,17,124,,,30,90,,
2014/03/13,18,144,,,36,105,,
2014/03/13,19,166,,,55,108,,
2014/03/13,20,140,,,30,107,,
2014/03/13,21,50,,,5,42,,
2014/03/13,22,13,,,4,7,,
2014/03/13,23,13,,,4,7,,
2014/03/13,24,13,,,4,6,,
2014/03/14,01,13,,,4,7,,
2014/03/14,02,13,,,4,7,,
2014/03/14,03,13,,,5,7,,
2014/03/14,04,13,,,5,6,,
2014/03/14,05,14,,,5,6,,
2014/03/14,06,12,,,4,6,,
2014/03/14,07,13,,,4,6,,
2014/03/14,08,13,,,4,6,,
2014/03/14,09,101,,,91,9,,
2014/03/14,10,189,,,158,29,,
2014/03/14,11,164,,,74,88,,
2014/03/14,12,150,,,60,87,,
2014/03/14,13,138,,,49,86,,
2014/03/14,14,133,,,44,86,,
2014/03/14,15,135,,,45,87,,
2014/03/14,16,137,,,47,88,,
2014/03/14,17,137,,,46,88,,
2014/03/14,18,160,,,57,100,,
2014/03/14,19,178,,,67,108,,
2014/03/14,20,159,,,49,107,,
2014/03/14,21,86,,,20,63,,
2014/03/14,22,33,,,4,26,,
2014/03/14,23,13,,,4,6,,
2014/03/14,24,13,,,4,7,,
2014/03/15,01,13,,,4,7,,
2014/03/15,02,13,,,4,7,,
2014/03/15,03,13,,,5,7,,
2014/03/15,04,13,,,4,6,,
2014/03/15,05,14,,,5,6,,
2014/03/15,06,12,,,4,7,,
2014/03/15,07,13,,,4,7,,
2014/03/15,08,13,,,4,6,,
2014/03/15,09,152,,,138,13,,
2014/03/15,10,235,,,194,39,,
2014/03/15,11,222,,,124,96,,
2014/03/15,12,190,,,94,94,,
2014/03/15,13,159,,,63,93,,
2014/03/15,14,158,,,62,93,,
2014/03/15,15,145,,,49,92,,
2014/03/15,16,149,,,55,92,,
2014/03/15,17,148,,,53,92,,
2014/03/15,18,168,,,59,106,,
2014/03/15,19,195,,,79,112,,
2014/03/15,20,179,,,63,112,,
2014/03/15,21,61,,,9,50,,
2014/03/15,22,13,,,4,7,,
2014/03/15,23,13,,,4,7,,
2014/03/15,24,13,,,4,7,,
2014/03/16,01,13,,,4,7,,
2014/03/16,02,13,,,4,7,,
2014/03/16,03,13,,,5,7,,
2014/03/16,04,14,,,5,7,,
2014/03/16,05,13,,,5,7,,
2014/03/16,06,13,,,4,7,,
2014/03/16,07,12,,,4,7,,
2014/03/16,08,13,,,4,6,,
2014/03/16,09,13,,,4,6,,
2014/03/16,10,69,,,49,19,,
2014/03/16,11,188,,,93,92,,
2014/03/16,12,151,,,58,90,,
2014/03/16,13,128,,,35,90,,
2014/03/16,14,120,,,26,91,,
2014/03/16,15,119,,,26,90,,
2014/03/16,16,119,,,27,89,,
2014/03/16,17,117,,,25,89,,
2014/03/16,18,132,,,26,103,,
2014/03/16,19,144,,,33,108,,
2014/03/16,20,136,,,25,107,,
2014/03/16,21,59,,,5,51,,
2014/03/16,22,13,,,4,7,,
2014/03/16,23,13,,,4,7,,
2014/03/16,24,13,,,4,7,,
2014/03/17,01,13,,,4,6,,
2014/03/17,02,12,,,4,6,,
2014/03/17,03,14,,,5,6,,
2014/03/17,04,13,,,5,6,,
2014/03/17,05,13,,,5,6,,
2014/03/17,06,13,,,4,6,,
2014/03/17,07,13,,,4,6,,
2014/03/17,08,12,,,4,7,,
2014/03/17,09,70,,,58,10,,
2014/03/17,10,159,,,133,24,,
2014/03/17,11,138,,,48,88,,
2014/03/17,12,121,,,32,86,,
2014/03/17,13,115,,,26,87,,
2014/03/17,14,113,,,24,86,,
2014/03/17,15,114,,,24,87,,
2014/03/17,16,111,,,22,86,,
2014/03/17,17,115,,,24,88,,
2014/03/17,18,132,,,26,103,,
2014/03/17,19,137,,,27,106,,
2014/03/17,20,133,,,25,105,,
2014/03/17,21,72,,,10,59,,
2014/03/17,22,13,,,4,7,,
2014/03/17,23,13,,,4,7,,
2014/03/17,24,13,,,4,7,,
2014/03/18,01,13,,,4,6,,
2014/03/18,02,13,,,4,6,,
2014/03/18,03,13,,,5,6,,
2014/03/18,04,13,,,5,6,,
2014/03/18,05,13,,,4,6,,
2014/03/18,06,13,,,4,7,,
2014/03/18,07,13,,,4,6,,
2014/03/18,08,12,,,4,7,,
2014/03/18,09,14,,,4,7,,
2014/03/18,10,23,,,6,14,,
2014/03/18,11,144,,,55,87,,
2014/03/18,12,110,,,24,83,,
2014/03/18,13,107,,,21,84,,
2014/03/18,14,110,,,22,85,,
2014/03/18,15,109,,,21,85,,
2014/03/18,16,108,,,20,86,,
2014/03/18,17,109,,,19,86,,
2014/03/18,18,125,,,20,102,,
2014/03/18,19,126,,,19,105,,
2014/03/18,20,120,,,13,103,,
2014/03/18,21,56,,,5,48,,
2014/03/18,22,13,,,4,6,,
2014/03/18,23,12,,,4,6,,
2014/03/18,24,14,,,4,7,,
2014/03/19,01,12,,,4,6,,
2014/03/19,02,13,,,4,6,,
2014/03/19,03,13,,,5,6,,
2014/03/19,04,13,,,4,6,,
2014/03/19,05,13,,,4,6,,
2014/03/19,06,12,,,4,6,,
2014/03/19,07,13,,,4,6,,
2014/03/19,08,12,,,4,6,,
2014/03/19,09,14,,,5,7,,
2014/03/19,10,50,,,32,15,,
2014/03/19,11,165,,,78,85,,
2014/03/19,12,126,,,40,83,,
2014/03/19,13,115,,,29,84,,
2014/03/19,14,114,,,26,84,,
2014/03/19,15,110,,,23,84,,
2014/03/19,16,108,,,22,83,,
2014/03/19,17,108,,,23,83,,
2014/03/19,18,124,,,22,98,,
2014/03/19,19,127,,,22,103,,
2014/03/19,20,125,,,18,103,,
2014/03/19,21,45,,,5,38,,
2014/03/19,22,13,,,4,7,,
2014/03/19,23,13,,,4,7,,
2014/03/19,24,13,,,4,7,,
2014/03/20,01,13,,,4,6,,
2014/03/20,02,13,,,4,6,,
2014/03/20,03,13,,,5,6,,
2014/03/20,04,13,,,5,6,,
2014/03/20,05,13,,,4,6,,
2014/03/20,06,13,,,4,6,,
2014/03/20,07,13,,,4,6,,
2014/03/20,08,12,,,4,6,,
2014/03/20,09,37,,,28,7,,
2014/03/20,10,135,,,110,23,,
2014/03/20,11,159,,,62,94,,
2014/03/20,12,150,,,54,92,,
2014/03/20,13,151,,,54,94,,
2014/03/20,14,141,,,45,94,,
2014/03/20,15,138,,,41,93,,
2014/03/20,16,147,,,50,94,,
2014/03/20,17,144,,,45,96,,
2014/03/20,18,156,,,44,108,,
2014/03/20,19,164,,,49,113,,
2014/03/20,20,152,,,36,112,,
2014/03/20,21,66,,,6,57,,
2014/03/20,22,28,,,4,21,,
2014/03/20,23,13,,,4,7,,
2014/03/20,24,13,,,4,7,,
2014/03/21,01,12,,,4,6,,
2014/03/21,02,13,,,4,6,,
2014/03/21,03,13,,,5,6,,
2014/03/21,04,13,,,4,6,,
2014/03/21,05,13,,,5,6,,
2014/03/21,06,13,,,4,6,,
2014/03/21,07,12,,,4,6,,
2014/03/21,08,13,,,4,6,,
2014/03/21,09,78,,,68,8,,
2014/03/21,10,177,,,153,23,,
2014/03/21,11,190,,,95,92,,
2014/03/21,12,167,,,73,92,,
2014/03/21,13,138,,,44,91,,
2014/03/21,14,149,,,55,91,,
2014/03/21,15,137,,,43,91,,
2014/03/21,16,143,,,50,90,,
2014/03/21,17,138,,,45,90,,
2014/03/21,18,168,,,61,104,,
2014/03/21,19,197,,,84,109,,
2014/03/21,20,151,,,42,106,,
2014/03/21,21,69,,,6,60,,
2014/03/21,22,13,,,4,7,,
2014/03/21,23,13,,,4,6,,
2014/03/21,24,13,,,4,6,,
2014/03/22,01,13,,,4,6,,
2014/03/22,02,12,,,4,6,,
2014/03/22,03,14,,,5,6,,
2014/03/22,04,13,,,5,6,,
2014/03/22,05,13,,,5,6,,
2014/03/22,06,13,,,4,6,,
2014/03/22,07,12,,,4,6,,
2014/03/22,08,13,,,4,6,,
2014/03/22,09,14,,,5,7,,
2014/03/22,10,142,,,122,19,,
2014/03/22,11,193,,,97,94,,
2014/03/22,12,155,,,60,91,,
2014/03/22,13,146,,,52,91,,
2014/03/22,14,130,,,36,92,,
2014/03/22,15,125,,,33,90,,
2014/03/22,16,127,,,34,90,,
2014/03/22,17,127,,,32,91,,
2014/03/22,18,137,,,31,103,,
2014/03/22,19,150,,,39,108,,
2014/03/22,20,148,,,38,108,,
2014/03/22,21,61,,,5,53,,
2014/03/22,22,13,,,4,7,,
2014/03/22,23,13,,,4,7,,
2014/03/22,24,13,,,4,7,,
2014/03/23,01,13,,,4,7,,
2014/03/23,02,13,,,4,7,,
2014/03/23,03,14,,,5,6,,
2014/03/23,04,13,,,5,7,,
2014/03/23,05,13,,,5,7,,
2014/03/23,06,13,,,4,7,,
2014/03/23,07,13,,,4,7,,
2014/03/23,08,13,,,4,7,,
2014/03/23,09,14,,,5,7,,
2014/03/23,10,28,,,11,15,,
2014/03/23,11,201,,,104,93,,
2014/03/23,12,156,,,63,90,,
2014/03/23,13,126,,,33,90,,
2014/03/23,14,121,,,28,90,,
2014/03/23,15,120,,,27,90,,
2014/03/23,16,118,,,26,90,,
2014/03/23,17,118,,,26,90,,
2014/03/23,18,132,,,28,101,,
2014/03/23,19,142,,,30,107,,
2014/03/23,20,138,,,27,108,,
2014/03/23,21,94,,,11,81,,
2014/03/23,22,23,,,4,16,,
2014/03/23,23,13,,,4,7,,
2014/03/23,24,13,,,4,6,,
2014/03/24,01,13,,,4,6,,
2014/03/24,02,12,,,4,6,,
2014/03/24,03,13,,,5,6,,
2014/03/24,04,14,,,5,6,,
2014/03/24,05,13,,,5,7,,
2014/03/24,06,13,,,4,6,,
2014/03/24,07,12,,,4,6,,
2014/03/24,08,13,,,4,7,,
2014/03/24,09,52,,,42,8,,
2014/03/24,10,147,,,126,19,,
2014/03/24,11,138,,,46,89,,
2014/03/24,12,121,,,29,88,,
2014/03/24,13,117,,,26,88,,
2014/03/24,14,114,,,23,88,,
2014/03/24,15,115,,,24,88,,
2014/03/24,16,113,,,22,88,,
2014/03/24,17,117,,,27,87,,
2014/03/24,18,130,,,27,100,,
2014/03/24,19,139,,,28,108,,
2014/03/24,20,135,,,25,107,,
2014/03/24,21,119,,,19,97,,
2014/03/24,22,59,,,19,37,,
2014/03/24,23,13,,,4,7,,
2014/03/24,24,13,,,4,7,,
2014/03/25,01,13,,,4,6,,
2014/03/25,02,12,,,4,6,,
2014/03/25,03,14,,,5,6,,
2014/03/25,04,12,,,4,6,,
2014/03/25,05,13,,,5,6,,
2014/03/25,06,13,,,4,6,,
2014/03/25,07,13,,,4,6,,
2014/03/25,08,12,,,4,6,,
2014/03/25,09,13,,,4,7,,
2014/03/25,10,29,,,8,19,,
2014/03/25,11,147,,,55,90,,
2014/03/25,12,116,,,26,86,,
2014/03/25,13,108,,,18,87,,
2014/03/25,14,107,,,18,86,,
2014/03/25,15,112,,,22,86,,
2014/03/25,16,107,,,18,86,,
2014/03/25,17,109,,,20,86,,
2014/03/25,18,123,,,22,97,,
2014/03/25,19,130,,,21,105,,
2014/03/25,20,123,,,16,104,,
2014/03/25,21,51,,,5,44,,
2014/03/25,22,13,,,4,7,,
2014/03/25,23,13,,,4,6,,
2014/03/25,24,13,,,4,7,,
2014/03/26,01,12,,,4,6,,
2014/03/26,02,13,,,4,6,,
2014/03/26,03,13,,,5,6,,
2014/03/26,04,13,,,4,6,,
2014/03/26,05,12,,,4,6,,
2014/03/26,06,13,,,4,6,,
2014/03/26,07,13,,,4,6,,
2014/03/26,08,12,,,4,6,,
2014/03/26,09,13,,,4,7,,
2014/03/26,10,29,,,7,20,,
2014/03/26,11,107,,,8,95,,
2014/03/26,12,156,,,56,97,,
2014/03/26,13,133,,,35,95,,
2014/03/26,14,122,,,23,95,,
2014/03/26,15,122,,,24,95,,
2014/03/26,16,120,,,22,95,,
2014/03/26,17,120,,,22,96,,
2014/03/26,18,132,,,20,108,,
2014/03/26,19,135,,,17,114,,
2014/03/26,20,130,,,14,113,,
2014/03/26,21,59,,,5,51,,
2014/03/26,22,17,,,4,11,,
2014/03/26,23,13,,,4,6,,
2014/03/26,24,13,,,4,7,,
2014/03/27,01,13,,,4,7,,
2014/03/27,02,12,,,4,6,,
2014/03/27,03,13,,,4,6,,
2014/03/27,04,13,,,4,6,,
2014/03/27,05,13,,,4,6,,
2014/03/27,06,12,,,4,6,,
2014/03/27,07,13,,,4,6,,
2014/03/27,08,12,,,4,6,,
2014/03/27,09,14,,,4,6,,
2014/03/27,10,24,,,5,18,,
2014/03/27,11,98,,,7,87,,
2014/03/27,12,96,,,7,86,,
2014/03/27,13,98,,,9,86,,
2014/03/27,14,98,,,8,87,,
2014/03/27,15,99,,,9,87,,
2014/03/27,16,97,,,9,85,,
2014/03/27,17,96,,,9,84,,
2014/03/27,18,109,,,8,97,,
2014/03/27,19,117,,,9,104,,
2014/03/27,20,114,,,7,104,,
2014/03/27,21,63,,,5,56,,
2014/03/27,22,27,,,4,20,,
2014/03/27,23,12,,,4,6,,
2014/03/27,24,13,,,4,7,,
2014/03/28,01,13,,,4,6,,
2014/03/28,02,13,,,4,6,,
2014/03/28,03,13,,,5,6,,
2014/03/28,04,13,,,4,7,,
2014/03/28,05,13,,,4,6,,
2014/03/28,06,13,,,4,7,,
2014/03/28,07,13,,,4,6,,
2014/03/28,08,12,,,4,7,,
2014/03/28,09,15,,,6,7,,
2014/03/28,10,28,,,10,16,,
2014/03/28,11,161,,,69,89,,
2014/03/28,12,116,,,25,87,,
2014/03/28,13,107,,,17,87,,
2014/03/28,14,106,,,17,86,,
2014/03/28,15,99,,,10,85,,
2014/03/28,16,94,,,7,85,,
2014/03/28,17,95,,,7,85,,
2014/03/28,18,107,,,7,97,,
2014/03/28,19,114,,,7,104,,
2014/03/28,20,114,,,7,104,,
2014/03/28,21,93,,,5,84,,
2014/03/28,22,33,,,4,27,,
2014/03/28,23,13,,,4,6,,
2014/03/28,24,13,,,4,7,,
2014/03/29,01,13,,,4,7,,
2014/03/29,02,13,,,4,6,,
2014/03/29,03,13,,,5,6,,
2014/03/29,04,13,,,4,6,,
2014/03/29,05,13,,,4,6,,
2014/03/29,06,13,,,4,6,,
2014/03/29,07,12,,,4,6,,
2014/03/29,08,13,,,4,6,,
2014/03/29,09,13,,,4,7,,
2014/03/29,10,49,,,4,42,,
2014/03/29,11,95,,,7,86,,
2014/03/29,12,97,,,7,86,,
2014/03/29,13,99,,,9,88,,
2014/03/29,14,99,,,8,88,,
2014/03/29,15,99,,,8,88,,
2014/03/29,16,98,,,7,88,,
2014/03/29,17,98,,,7,88,,
2014/03/29,18,112,,,7,102,,
2014/03/29,19,117,,,7,107,,
2014/03/29,20,116,,,7,106,,
2014/03/29,21,60,,,5,53,,
2014/03/29,22,34,,,5,27,,
2014/03/29,23,13,,,4,6,,
2014/03/29,24,12,,,4,6,,
2014/03/30,01,13,,,4,6,,
2014/03/30,02,13,,,4,6,,
2014/03/30,03,13,,,5,6,,
2014/03/30,04,13,,,4,6,,
2014/03/30,05,13,,,4,6,,
2014/03/30,06,12,,,4,6,,
2014/03/30,07,13,,,4,6,,
2014/03/30,08,12,,,4,6,,
2014/03/30,09,14,,,6,6,,
2014/03/30,10,29,,,7,20,,
2014/03/30,11,105,,,8,94,,
2014/03/30,12,103,,,8,92,,
2014/03/30,13,104,,,8,93,,
2014/03/30,14,104,,,8,93,,
2014/03/30,15,104,,,8,93,,
2014/03/30,16,102,,,8,91,,
2014/03/30,17,102,,,7,92,,
2014/03/30,18,109,,,7,100,,
2014/03/30,19,115,,,7,105,,
2014/03/30,20,114,,,7,104,,
2014/03/30,21,88,,,5,79,,
2014/03/30,22,67,,,4,61,,
2014/03/30,23,29,,,4,23,,
2014/03/30,24,13,,,4,7,,
2014/03/31,01,13,,,4,6,,
2014/03/31,02,13,,,4,6,,
2014/03/31,03,13,,,5,6,,
2014/03/31,04,13,,,4,6,,
2014/03/31,05,13,,,5,6,,
2014/03/31,06,13,,,4,6,,
2014/03/31,07,13,,,4,6,,
2014/03/31,08,12,,,4,6,,
2014/03/31,09,69,,,59,9,,
2014/03/31,10,79,,,52,24,,
2014/03/31,11,131,,,27,101,,
2014/03/31,12,118,,,24,91,,
2014/03/31,13,112,,,23,86,,
2014/03/31,14,107,,,19,85,,
2014/03/31,15,109,,,20,86,,
2014/03/31,16,111,,,23,86,,
2014/03/31,17,112,,,23,86,,
2014/03/31,18,123,,,22,98,,
2014/03/31,19,132,,,24,105,,
2014/03/31,20,129,,,21,105,,
2014/03/31,21,119,,,18,98,,
2014/03/31,22,74,,,11,61,,
2014/03/31,23,52,,,4,45,,
2014/03/31,24,13,,,4,7,,
2014/04/01,01,13,,,4,6,,
2014/04/01,02,13,,,4,7,,
2014/04/01,03,13,,,5,6,,
2014/04/01,04,13,,,4,6,,
2014/04/01,05,13,,,5,7,,
2014/04/01,06,13,,,4,6,,
2014/04/01,07,12,,,4,7,,
2014/04/01,08,13,,,4,6,,
2014/04/01,09,61,,,50,9,,
2014/04/01,10,119,,,98,19,,
2014/04/01,11,152,,,58,92,,
2014/04/01,12,131,,,37,90,,
2014/04/01,13,124,,,33,88,,
2014/04/01,14,122,,,31,88,,
2014/04/01,15,118,,,27,88,,
2014/04/01,16,116,,,25,88,,
2014/04/01,17,116,,,25,88,,
2014/04/01,18,128,,,23,102,,
2014/04/01,19,139,,,28,108,,
2014/04/01,20,136,,,25,107,,
2014/04/01,21,73,,,16,55,,
2014/04/01,22,13,,,4,6,,
2014/04/01,23,13,,,4,6,,
2014/04/01,24,13,,,4,7,,
2014/04/02,01,13,,,4,6,,
2014/04/02,02,12,,,4,6,,
2014/04/02,03,13,,,5,6,,
2014/04/02,04,13,,,4,6,,
2014/04/02,05,13,,,5,6,,
2014/04/02,06,13,,,4,6,,
2014/04/02,07,12,,,4,6,,
2014/04/02,08,13,,,4,6,,
2014/04/02,09,13,,,4,7,,
2014/04/02,10,19,,,4,13,,
2014/04/02,11,93,,,7,83,,
2014/04/02,12,92,,,7,82,,
2014/04/02,13,92,,,7,82,,
2014/04/02,14,91,,,7,82,,
2014/04/02,15,92,,,7,82,,
2014/04/02,16,91,,,7,81,,
2014/04/02,17,92,,,7,82,,
2014/04/02,18,101,,,7,91,,
2014/04/02,19,111,,,7,101,,
2014/04/02,20,110,,,7,101,,
2014/04/02,21,47,,,5,40,,
2014/04/02,22,13,,,4,6,,
2014/04/02,23,13,,,4,6,,
2014/04/02,24,13,,,4,6,,
2014/04/03,01,12,,,4,6,,
2014/04/03,02,13,,,4,7,,
2014/04/03,03,13,,,5,6,,
2014/04/03,04,14,,,4,7,,
2014/04/03,05,13,,,4,6,,
2014/04/03,06,12,,,4,6,,
2014/04/03,07,13,,,4,6,,
2014/04/03,08,13,,,4,6,,
2014/04/03,09,13,,,4,6,,
2014/04/03,10,23,,,4,17,,
2014/04/03,11,93,,,7,83,,
2014/04/03,12,92,,,7,82,,
2014/04/03,13,91,,,7,82,,
2014/04/03,14,92,,,7,82,,
2014/04/03,15,92,,,7,82,,
2014/04/03,16,91,,,7,82,,
2014/04/03,17,92,,,7,82,,
2014/04/03,18,102,,,7,92,,
2014/04/03,19,110,,,7,101,,
2014/04/03,20,111,,,7,100,,
2014/04/03,21,40,,,5,34,,
2014/04/03,22,13,,,4,6,,
2014/04/03,23,13,,,4,6,,
2014/04/03,24,12,,,4,6,,
2014/04/04,01,13,,,4,6,,
2014/04/04,02,13,,,4,6,,
2014/04/04,03,13,,,5,6,,
2014/04/04,04,13,,,4,6,,
2014/04/04,05,13,,,5,6,,
2014/04/04,06,12,,,4,6,,
2014/04/04,07,13,,,4,6,,
2014/04/04,08,12,,,4,7,,
2014/04/04,09,65,,,53,10,,
2014/04/04,10,80,,,55,23,,
2014/04/04,11,115,,,28,84,,
2014/04/04,12,111,,,25,83,,
2014/04/04,13,109,,,24,83,,
2014/04/04,14,108,,,21,84,,
2014/04/04,15,108,,,22,83,,
2014/04/04,16,104,,,19,83,,
2014/04/04,17,107,,,21,82,,
2014/04/04,18,118,,,23,92,,
2014/04/04,19,133,,,27,103,,
2014/04/04,20,127,,,22,102,,
2014/04/04,21,62,,,5,54,,
2014/04/04,22,13,,,4,7,,
2014/04/04,23,13,,,4,7,,
2014/04/04,24,13,,,4,6,,
2014/04/05,01,13,,,4,7,,
2014/04/05,02,13,,,4,6,,
2014/04/05,03,13,,,5,6,,
2014/04/05,04,13,,,4,6,,
2014/04/05,05,13,,,5,6,,
2014/04/05,06,13,,,4,6,,
2014/04/05,07,13,,,4,6,,
2014/04/05,08,12,,,4,7,,
2014/04/05,09,86,,,74,9,,
2014/04/05,10,166,,,140,24,,
2014/04/05,11,178,,,89,86,,
2014/04/05,12,146,,,58,85,,
2014/04/05,13,122,,,34,85,,
2014/04/05,14,121,,,33,85,,
2014/04/05,15,117,,,30,84,,
2014/04/05,16,117,,,30,84,,
2014/04/05,17,124,,,34,88,,
2014/04/05,18,132,,,34,96,,
2014/04/05,19,153,,,46,104,,
2014/04/05,20,152,,,46,102,,
2014/04/05,21,57,,,5,50,,
2014/04/05,22,16,,,4,10,,
2014/04/05,23,13,,,4,7,,
2014/04/05,24,13,,,4,7,,
2014/04/06,01,13,,,4,6,,
2014/04/06,02,13,,,4,7,,
2014/04/06,03,13,,,5,6,,
2014/04/06,04,13,,,4,7,,
2014/04/06,05,14,,,5,6,,
2014/04/06,06,12,,,4,6,,
2014/04/06,07,13,,,4,6,,
2014/04/06,08,12,,,4,6,,
2014/04/06,09,41,,,6,33,,
2014/04/06,10,127,,,62,62,,
2014/04/06,11,182,,,92,87,,
2014/04/06,12,166,,,76,87,,
2014/04/06,13,135,,,45,87,,
2014/04/06,14,132,,,42,87,,
2014/04/06,15,129,,,39,87,,
2014/04/06,16,118,,,28,88,,
2014/04/06,17,116,,,25,88,,
2014/04/06,18,134,,,36,95,,
2014/04/06,19,155,,,49,104,,
2014/04/06,20,143,,,36,104,,
2014/04/06,21,83,,,5,75,,
2014/04/06,22,13,,,4,7,,
2014/04/06,23,13,,,4,7,,
2014/04/06,24,13,,,4,7,,
2014/04/07,01,13,,,4,7,,
2014/04/07,02,13,,,4,7,,
2014/04/07,03,13,,,5,7,,
2014/04/07,04,14,,,4,7,,
2014/04/07,05,13,,,5,6,,
2014/04/07,06,13,,,4,7,,
2014/04/07,07,13,,,4,6,,
2014/04/07,08,12,,,4,7,,
2014/04/07,09,14,,,5,7,,
2014/04/07,10,87,,,66,19,,
2014/04/07,11,172,,,81,89,,
2014/04/07,12,143,,,51,88,,
2014/04/07,13,122,,,32,88,,
2014/04/07,14,112,,,22,87,,
2014/04/07,15,117,,,27,87,,
2014/04/07,16,115,,,26,86,,
2014/04/07,17,118,,,28,86,,
2014/04/07,18,127,,,28,96,,
2014/04/07,19,151,,,42,106,,
2014/04/07,20,142,,,32,106,,
2014/04/07,21,72,,,19,51,,
2014/04/07,22,13,,,4,7,,
2014/04/07,23,14,,,4,7,,
2014/04/07,24,13,,,4,7,,
2014/04/08,01,13,,,4,7,,
2014/04/08,02,12,,,4,7,,
2014/04/08,03,14,,,5,6,,
2014/04/08,04,13,,,4,6,,
2014/04/08,05,13,,,5,6,,
2014/04/08,06,13,,,4,6,,
2014/04/08,07,12,,,4,6,,
2014/04/08,08,13,,,4,6,,
2014/04/08,09,18,,,9,7,,
2014/04/08,10,136,,,110,24,,
2014/04/08,11,143,,,42,98,,
2014/04/08,12,116,,,27,86,,
2014/04/08,13,118,,,27,88,,
2014/04/08,14,112,,,24,86,,
2014/04/08,15,110,,,20,86,,
2014/04/08,16,110,,,22,86,,
2014/04/08,17,110,,,18,90,,
2014/04/08,18,120,,,19,97,,
2014/04/08,19,126,,,18,105,,
2014/04/08,20,127,,,20,104,,
2014/04/08,21,52,,,4,46,,
2014/04/08,22,13,,,4,6,,
2014/04/08,23,13,,,4,6,,
2014/04/08,24,13,,,4,6,,
2014/04/09,01,13,,,4,6,,
2014/04/09,02,12,,,4,6,,
2014/04/09,03,13,,,5,6,,
2014/04/09,04,13,,,4,6,,
2014/04/09,05,13,,,4,6,,
2014/04/09,06,12,,,4,6,,
2014/04/09,07,13,,,4,6,,
2014/04/09,08,12,,,4,6,,
2014/04/09,09,23,,,14,7,,
2014/04/09,10,93,,,68,23,,
2014/04/09,11,116,,,27,86,,
2014/04/09,12,105,,,17,85,,
2014/04/09,13,109,,,20,85,,
2014/04/09,14,103,,,15,85,,
2014/04/09,15,103,,,15,85,,
2014/04/09,16,103,,,15,85,,
2014/04/09,17,104,,,16,85,,
2014/04/09,18,111,,,17,92,,
2014/04/09,19,126,,,19,103,,
2014/04/09,20,130,,,22,104,,
2014/04/09,21,58,,,10,46,,
2014/04/09,22,10,,,4,4,,
2014/04/09,23,10,,,4,3,,
2014/04/09,24,10,,,4,4,,
2014/04/10,01,9,,,4,3,,
2014/04/10,02,10,,,4,3,,
2014/04/10,03,10,,,5,3,,
2014/04/10,04,10,,,4,4,,
2014/04/10,05,9,,,4,3,,
2014/04/10,06,10,,,4,3,,
2014/04/10,07,9,,,4,3,,
2014/04/10,08,10,,,4,3,,
2014/04/10,09,11,,,4,5,,
2014/04/10,10,19,,,4,12,,
2014/04/10,11,94,,,7,84,,
2014/04/10,12,92,,,7,82,,
2014/04/10,13,93,,,7,83,,
2014/04/10,14,94,,,7,84,,
2014/04/10,15,92,,,7,83,,
2014/04/10,16,94,,,7,83,,
2014/04/10,17,93,,,7,84,,
2014/04/10,18,101,,,7,91,,
2014/04/10,19,113,,,7,103,,
2014/04/10,20,113,,,7,103,,
2014/04/10,21,40,,,4,33,,
2014/04/10,22,13,,,4,6,,
2014/04/10,23,13,,,4,6,,
2014/04/10,24,12,,,4,6,,
2014/04/11,01,13,,,4,6,,
2014/04/11,02,13,,,4,6,,
2014/04/11,03,13,,,5,6,,
2014/04/11,04,13,,,4,6,,
2014/04/11,05,13,,,4,6,,
2014/04/11,06,12,,,4,6,,
2014/04/11,07,13,,,4,6,,
2014/04/11,08,12,,,4,6,,
2014/04/11,09,13,,,4,6,,
2014/04/11,10,91,,,70,19,,
2014/04/11,11,156,,,64,88,,
2014/04/11,12,121,,,30,87,,
2014/04/11,13,118,,,29,87,,
2014/04/11,14,114,,,25,86,,
2014/04/11,15,113,,,24,86,,
2014/04/11,16,117,,,27,87,,
2014/04/11,17,117,,,27,87,,
2014/04/11,18,122,,,24,94,,
2014/04/11,19,134,,,26,105,,
2014/04/11,20,130,,,22,105,,
2014/04/11,21,69,,,9,57,,
2014/04/11,22,14,,,4,8,,
2014/04/11,23,13,,,4,7,,
2014/04/11,24,13,,,4,7,,
2014/04/12,01,13,,,4,6,,
2014/04/12,02,13,,,4,6,,
2014/04/12,03,13,,,5,6,,
2014/04/12,04,13,,,4,6,,
2014/04/12,05,13,,,4,6,,
2014/04/12,06,12,,,4,6,,
2014/04/12,07,13,,,4,7,,
2014/04/12,08,13,,,4,6,,
2014/04/12,09,13,,,4,7,,
2014/04/12,10,52,,,5,44,,
2014/04/12,11,156,,,63,90,,
2014/04/12,12,120,,,28,89,,
2014/04/12,13,115,,,25,88,,
2014/04/12,14,114,,,22,89,,
2014/04/12,15,112,,,20,89,,
2014/04/12,16,108,,,17,88,,
2014/04/12,17,107,,,16,88,,
2014/04/12,18,115,,,14,97,,
2014/04/12,19,128,,,18,107,,
2014/04/12,20,121,,,11,106,,
2014/04/12,21,55,,,5,48,,
2014/04/12,22,13,,,4,6,,
2014/04/12,23,13,,,4,7,,
2014/04/12,24,13,,,4,6,,
2014/04/13,01,13,,,4,7,,
2014/04/13,02,12,,,4,6,,
2014/04/13,03,14,,,5,6,,
2014/04/13,04,13,,,4,6,,
2014/04/13,05,13,,,5,6,,
2014/04/13,06,13,,,4,6,,
2014/04/13,07,12,,,4,6,,
2014/04/13,08,13,,,4,6,,
2014/04/13,09,13,,,5,7,,
2014/04/13,10,41,,,20,19,,
2014/04/13,11,164,,,71,90,,
2014/04/13,12,123,,,32,88,,
2014/04/13,13,113,,,23,88,,
2014/04/13,14,114,,,23,88,,
2014/04/13,15,116,,,25,88,,
2014/04/13,16,115,,,24,88,,
2014/04/13,17,115,,,24,88,,
2014/04/13,18,126,,,24,99,,
2014/04/13,19,136,,,25,107,,
2014/04/13,20,126,,,18,105,,
2014/04/13,21,66,,,7,56,,
2014/04/13,22,13,,,4,7,,
2014/04/13,23,13,,,4,7,,
2014/04/13,24,13,,,4,6,,
2014/04/14,01,13,,,4,6,,
2014/04/14,02,12,,,4,6,,
2014/04/14,03,13,,,5,6,,
2014/04/14,04,13,,,4,6,,
2014/04/14,05,13,,,5,6,,
2014/04/14,06,13,,,4,6,,
2014/04/14,07,12,,,4,6,,
2014/04/14,08,13,,,4,6,,
2014/04/14,09,13,,,4,6,,
2014/04/14,10,23,,,9,13,,
2014/04/14,11,149,,,57,89,,
2014/04/14,12,112,,,22,86,,
2014/04/14,13,109,,,20,86,,
2014/04/14,14,110,,,21,87,,
2014/04/14,15,106,,,16,86,,
2014/04/14,16,108,,,18,87,,
2014/04/14,17,106,,,17,86,,
2014/04/14,18,114,,,16,95,,
2014/04/14,19,129,,,20,106,,
2014/04/14,20,121,,,13,104,,
2014/04/14,21,56,,,5,49,,
2014/04/14,22,13,,,4,6,,
2014/04/14,23,13,,,4,6,,
2014/04/14,24,13,,,4,7,,
2014/04/15,01,12,,,4,6,,
2014/04/15,02,13,,,4,6,,
2014/04/15,03,13,,,5,6,,
2014/04/15,04,12,,,4,6,,
2014/04/15,05,13,,,4,6,,
2014/04/15,06,13,,,4,6,,
2014/04/15,07,12,,,4,6,,
2014/04/15,08,12,,,4,6,,
2014/04/15,09,52,,,41,8,,
2014/04/15,10,80,,,62,16,,
2014/04/15,11,120,,,24,93,,
2014/04/15,12,107,,,19,84,,
2014/04/15,13,106,,,19,84,,
2014/04/15,14,102,,,14,85,,
2014/04/15,15,99,,,12,84,,
2014/04/15,16,100,,,13,84,,
2014/04/15,17,99,,,12,84,,
2014/04/15,18,107,,,12,92,,
2014/04/15,19,119,,,12,104,,
2014/04/15,20,116,,,10,103,,
2014/04/15,21,45,,,6,36,,
2014/04/15,22,13,,,4,7,,
2014/04/15,23,13,,,4,7,,
2014/04/15,24,13,,,4,6,,
2014/04/16,01,13,,,4,6,,
2014/04/16,02,12,,,4,6,,
2014/04/16,03,13,,,5,6,,
2014/04/16,04,13,,,4,6,,
2014/04/16,05,13,,,4,6,,
2014/04/16,06,12,,,4,6,,
2014/04/16,07,13,,,4,6,,
2014/04/16,08,12,,,4,6,,
2014/04/16,09,13,,,4,6,,
2014/04/16,10,18,,,4,12,,
2014/04/16,11,95,,,7,85,,
2014/04/16,12,94,,,7,84,,
2014/04/16,13,92,,,7,83,,
2014/04/16,14,93,,,7,83,,
2014/04/16,15,94,,,7,83,,
2014/04/16,16,93,,,7,84,,
2014/04/16,17,93,,,7,83,,
2014/04/16,18,99,,,6,89,,
2014/04/16,19,113,,,7,103,,
2014/04/16,20,114,,,7,104,,
2014/04/16,21,50,,,5,43,,
2014/04/16,22,13,,,4,7,,
2014/04/16,23,13,,,4,6,,
2014/04/16,24,12,,,4,6,,
2014/04/17,01,13,,,4,6,,
2014/04/17,02,13,,,4,6,,
2014/04/17,03,13,,,5,6,,
2014/04/17,04,13,,,4,6,,
2014/04/17,05,13,,,4,6,,
2014/04/17,06,13,,,4,6,,
2014/04/17,07,12,,,4,6,,
2014/04/17,08,12,,,4,6,,
2014/04/17,09,13,,,4,7,,
2014/04/17,10,21,,,4,14,,
2014/04/17,11,108,,,7,97,,
2014/04/17,12,107,,,7,97,,
2014/04/17,13,107,,,7,97,,
2014/04/17,14,106,,,7,96,,
2014/04/17,15,94,,,7,84,,
2014/04/17,16,92,,,6,83,,
2014/04/17,17,93,,,6,83,,
2014/04/17,18,99,,,7,90,,
2014/04/17,19,114,,,7,104,,
2014/04/17,20,113,,,7,103,,
2014/04/17,21,55,,,4,48,,
2014/04/17,22,12,,,4,6,,
2014/04/17,23,13,,,4,6,,
2014/04/17,24,13,,,4,6,,
2014/04/18,01,12,,,4,6,,
2014/04/18,02,13,,,4,6,,
2014/04/18,03,13,,,5,6,,
2014/04/18,04,12,,,4,6,,
2014/04/18,05,13,,,5,6,,
2014/04/18,06,13,,,4,6,,
2014/04/18,07,12,,,4,6,,
2014/04/18,08,12,,,4,6,,
2014/04/18,09,13,,,4,6,,
2014/04/18,10,63,,,38,23,,
2014/04/18,11,123,,,29,90,,
2014/04/18,12,114,,,23,89,,
2014/04/18,13,113,,,20,90,,
2014/04/18,14,112,,,18,90,,
2014/04/18,15,107,,,16,89,,
2014/04/18,16,104,,,12,88,,
2014/04/18,17,104,,,13,88,,
2014/04/18,18,110,,,13,94,,
2014/04/18,19,123,,,15,104,,
2014/04/18,20,118,,,10,105,,
2014/04/18,21,69,,,5,61,,
2014/04/18,22,45,,,4,38,,
2014/04/18,23,31,,,4,24,,
2014/04/18,24,13,,,4,6,,
2014/04/19,01,12,,,4,6,,
2014/04/19,02,13,,,4,6,,
2014/04/19,03,13,,,5,6,,
2014/04/19,04,12,,,4,6,,
2014/04/19,05,13,,,4,6,,
2014/04/19,06,13,,,4,6,,
2014/04/19,07,12,,,4,6,,
2014/04/19,08,12,,,4,6,,
2014/04/19,09,40,,,4,33,,
2014/04/19,10,66,,,4,59,,
2014/04/19,11,95,,,7,85,,
2014/04/19,12,95,,,7,85,,
2014/04/19,13,95,,,8,85,,
2014/04/19,14,95,,,7,84,,
2014/04/19,15,95,,,8,84,,
2014/04/19,16,94,,,7,84,,
2014/04/19,17,95,,,8,84,,
2014/04/19,18,104,,,7,92,,
2014/04/19,19,114,,,8,103,,
2014/04/19,20,114,,,8,103,,
2014/04/19,21,47,,,5,40,,
2014/04/19,22,13,,,4,6,,
2014/04/19,23,12,,,4,6,,
2014/04/19,24,12,,,4,6,,
2014/04/20,01,13,,,4,6,,
2014/04/20,02,12,,,4,6,,
2014/04/20,03,13,,,4,6,,
2014/04/20,04,13,,,4,6,,
2014/04/20,05,12,,,4,6,,
2014/04/20,06,13,,,4,6,,
2014/04/20,07,12,,,4,6,,
2014/04/20,08,12,,,4,6,,
2014/04/20,09,74,,,63,9,,
2014/04/20,10,95,,,71,22,,
2014/04/20,11,141,,,51,87,,
2014/04/20,12,121,,,30,88,,
2014/04/20,13,117,,,26,88,,
2014/04/20,14,117,,,26,88,,
2014/04/20,15,116,,,26,87,,
2014/04/20,16,114,,,24,86,,
2014/04/20,17,117,,,25,89,,
2014/04/20,18,122,,,22,97,,
2014/04/20,19,136,,,26,106,,
2014/04/20,20,131,,,21,106,,
2014/04/20,21,45,,,5,38,,
2014/04/20,22,13,,,4,6,,
2014/04/20,23,13,,,4,6,,
2014/04/20,24,11,,,4,6,,
2014/04/21,01,13,,,4,6,,
2014/04/21,02,12,,,4,6,,
2014/04/21,03,13,,,5,6,,
2014/04/21,04,13,,,4,6,,
2014/04/21,05,12,,,4,6,,
2014/04/21,06,13,,,4,6,,
2014/04/21,07,12,,,4,6,,
2014/04/21,08,12,,,4,6,,
2014/04/21,09,41,,,31,8,,
2014/04/21,10,77,,,55,20,,
2014/04/21,11,133,,,27,102,,
2014/04/21,12,129,,,25,100,,
2014/04/21,13,122,,,20,99,,
2014/04/21,14,122,,,18,100,,
2014/04/21,15,120,,,17,100,,
2014/04/21,16,119,,,17,99,,
2014/04/21,17,116,,,14,99,,
2014/04/21,18,121,,,14,102,,
2014/04/21,19,123,,,15,105,,
2014/04/21,20,123,,,16,104,,
2014/04/21,21,61,,,5,54,,
2014/04/21,22,13,,,4,6,,
2014/04/21,23,13,,,4,6,,
2014/04/21,24,13,,,4,6,,
2014/04/22,01,12,,,4,6,,
2014/04/22,02,13,,,4,6,,
2014/04/22,03,12,,,5,6,,
2014/04/22,04,13,,,4,6,,
2014/04/22,05,13,,,4,6,,
2014/04/22,06,12,,,4,6,,
2014/04/22,07,13,,,4,6,,
2014/04/22,08,12,,,4,6,,
2014/04/22,09,13,,,4,6,,
2014/04/22,10,21,,,4,15,,
2014/04/22,11,127,,,37,87,,
2014/04/22,12,112,,,22,87,,
2014/04/22,13,108,,,18,87,,
2014/04/22,14,108,,,19,87,,
2014/04/22,15,109,,,19,86,,
2014/04/22,16,107,,,17,86,,
2014/04/22,17,107,,,17,87,,
2014/04/22,18,110,,,16,91,,
2014/04/22,19,127,,,19,105,,
2014/04/22,20,114,,,8,103,,
2014/04/22,21,49,,,4,42,,
2014/04/22,22,12,,,4,6,,
2014/04/22,23,13,,,4,7,,
2014/04/22,24,13,,,4,6,,
2014/04/23,01,13,,,4,6,,
2014/04/23,02,13,,,4,6,,
2014/04/23,03,13,,,5,6,,
2014/04/23,04,12,,,4,6,,
2014/04/23,05,13,,,5,6,,
2014/04/23,06,13,,,4,6,,
2014/04/23,07,12,,,4,6,,
2014/04/23,08,13,,,4,6,,
2014/04/23,09,13,,,4,7,,
2014/04/23,10,52,,,35,15,,
2014/04/23,11,119,,,30,86,,
2014/04/23,12,107,,,18,86,,
2014/04/23,13,107,,,18,86,,
2014/04/23,14,101,,,12,86,,
2014/04/23,15,92,,,12,78,,
2014/04/23,16,101,,,12,85,,
2014/04/23,17,100,,,12,84,,
2014/04/23,18,106,,,14,89,,
2014/04/23,19,121,,,13,105,,
2014/04/23,20,119,,,12,104,,
2014/04/23,21,59,,,7,49,,
2014/04/23,22,12,,,4,6,,
2014/04/23,23,13,,,4,6,,
2014/04/23,24,13,,,4,7,,
2014/04/24,01,13,,,4,6,,
2014/04/24,02,12,,,4,6,,
2014/04/24,03,13,,,5,6,,
2014/04/24,04,13,,,4,6,,
2014/04/24,05,13,,,4,6,,
2014/04/24,06,12,,,4,6,,
2014/04/24,07,13,,,4,6,,
2014/04/24,08,12,,,4,6,,
2014/04/24,09,13,,,4,7,,
2014/04/24,10,47,,,27,17,,
2014/04/24,11,114,,,25,86,,
2014/04/24,12,101,,,13,85,,
2014/04/24,13,102,,,13,85,,
2014/04/24,14,100,,,12,85,,
2014/04/24,15,97,,,9,85,,
2014/04/24,16,95,,,8,85,,
2014/04/24,17,95,,,7,84,,
2014/04/24,18,99,,,8,88,,
2014/04/24,19,117,,,10,103,,
2014/04/24,20,113,,,7,103,,
2014/04/24,21,37,,,4,30,,
2014/04/24,22,13,,,4,6,,
2014/04/24,23,13,,,4,6,,
2014/04/24,24,13,,,4,7,,
2014/04/25,01,13,,,4,6,,
2014/04/25,02,12,,,4,6,,
2014/04/25,03,13,,,5,6,,
2014/04/25,04,13,,,4,6,,
2014/04/25,05,13,,,4,6,,
2014/04/25,06,12,,,4,6,,
2014/04/25,07,13,,,4,6,,
2014/04/25,08,12,,,4,6,,
2014/04/25,09,38,,,28,8,,
2014/04/25,10,50,,,29,18,,
2014/04/25,11,105,,,16,86,,
2014/04/25,12,103,,,14,85,,
2014/04/25,13,102,,,13,86,,
2014/04/25,14,100,,,11,86,,
2014/04/25,15,100,,,11,86,,
2014/04/25,16,95,,,7,85,,
2014/04/25,17,96,,,7,86,,
2014/04/25,18,102,,,7,92,,
2014/04/25,19,113,,,6,103,,
2014/04/25,20,113,,,7,104,,
2014/04/25,21,61,,,5,53,,
2014/04/25,22,12,,,4,7,,
2014/04/25,23,13,,,4,6,,
2014/04/25,24,13,,,4,6,,
2014/04/26,01,13,,,4,6,,
2014/04/26,02,12,,,4,6,,
2014/04/26,03,13,,,5,6,,
2014/04/26,04,13,,,4,6,,
2014/04/26,05,13,,,4,6,,
2014/04/26,06,12,,,4,6,,
2014/04/26,07,12,,,4,6,,
2014/04/26,08,13,,,4,6,,
2014/04/26,09,13,,,4,7,,
2014/04/26,10,43,,,5,35,,
2014/04/26,11,98,,,7,88,,
2014/04/26,12,97,,,7,87,,
2014/04/26,13,96,,,7,87,,
2014/04/26,14,98,,,7,88,,
2014/04/26,15,96,,,7,86,,
2014/04/26,16,96,,,7,86,,
2014/04/26,17,98,,,7,88,,
2014/04/26,18,104,,,7,94,,
2014/04/26,19,116,,,7,106,,
2014/04/26,20,116,,,7,105,,
2014/04/26,21,50,,,5,43,,
2014/04/26,22,12,,,4,6,,
2014/04/26,23,13,,,4,6,,
2014/04/26,24,13,,,4,6,,
2014/04/27,01,12,,,4,6,,
2014/04/27,02,13,,,4,6,,
2014/04/27,03,13,,,5,6,,
2014/04/27,04,13,,,4,6,,
2014/04/27,05,13,,,4,6,,
2014/04/27,06,12,,,4,6,,
2014/04/27,07,13,,,4,6,,
2014/04/27,08,12,,,4,6,,
2014/04/27,09,13,,,4,6,,
2014/04/27,10,27,,,4,20,,
2014/04/27,11,100,,,7,90,,
2014/04/27,12,99,,,7,89,,
2014/04/27,13,99,,,7,89,,
2014/04/27,14,99,,,7,89,,
2014/04/27,15,98,,,7,88,,
2014/04/27,16,98,,,7,88,,
2014/04/27,17,99,,,7,88,,
2014/04/27,18,101,,,7,92,,
2014/04/27,19,115,,,7,104,,
2014/04/27,20,116,,,7,106,,
2014/04/27,21,47,,,4,40,,
2014/04/27,22,13,,,4,7,,
2014/04/27,23,13,,,4,6,,
2014/04/27,24,12,,,4,6,,
2014/04/28,01,13,,,4,6,,
2014/04/28,02,12,,,4,6,,
2014/04/28,03,13,,,5,6,,
2014/04/28,04,13,,,4,6,,
2014/04/28,05,13,,,4,6,,
2014/04/28,06,12,,,4,6,,
2014/04/28,07,13,,,4,6,,
2014/04/28,08,12,,,4,6,,
2014/04/28,09,13,,,4,7,,
2014/04/28,10,20,,,4,14,,
2014/04/28,11,96,,,7,85,,
2014/04/28,12,94,,,7,84,,
2014/04/28,13,94,,,7,84,,
2014/04/28,14,94,,,7,84,,
2014/04/28,15,95,,,7,85,,
2014/04/28,16,94,,,7,84,,
2014/04/28,17,96,,,7,86,,
2014/04/28,18,100,,,7,90,,
2014/04/28,19,114,,,7,104,,
2014/04/28,20,113,,,7,104,,
2014/04/28,21,41,,,5,34,,
2014/04/28,22,13,,,4,6,,
2014/04/28,23,12,,,4,6,,
2014/04/28,24,13,,,4,6,,
2014/04/29,01,13,,,4,6,,
2014/04/29,02,12,,,4,6,,
2014/04/29,03,13,,,5,6,,
2014/04/29,04,13,,,4,6,,
2014/04/29,05,12,,,4,6,,
2014/04/29,06,13,,,4,6,,
2014/04/29,07,12,,,4,6,,
2014/04/29,08,13,,,4,6,,
2014/04/29,09,13,,,4,6,,
2014/04/29,10,25,,,4,19,,
2014/04/29,11,100,,,7,90,,
2014/04/29,12,100,,,7,89,,
2014/04/29,13,100,,,7,90,,
2014/04/29,14,99,,,7,90,,
2014/04/29,15,100,,,7,90,,
2014/04/29,16,100,,,7,90,,
2014/04/29,17,100,,,7,90,,
2014/04/29,18,103,,,7,93,,
2014/04/29,19,115,,,7,105,,
2014/04/29,20,114,,,7,104,,
2014/04/29,21,77,,,5,69,,
2014/04/29,22,13,,,4,6,,
2014/04/29,23,12,,,4,6,,
2014/04/29,24,13,,,4,6,,
2014/04/30,01,14,,,5,6,,
2014/04/30,02,12,,,4,6,,
2014/04/30,03,13,,,5,6,,
2014/04/30,04,12,,,4,6,,
2014/04/30,05,13,,,4,6,,
2014/04/30,06,12,,,4,6,,
2014/04/30,07,13,,,4,6,,
2014/04/30,08,12,,,4,6,,
2014/04/30,09,13,,,4,6,,
2014/04/30,10,18,,,4,12,,
2014/04/30,11,96,,,7,86,,
2014/04/30,12,95,,,7,85,,
2014/04/30,13,95,,,7,85,,
2014/04/30,14,95,,,7,85,,
2014/04/30,15,94,,,7,84,,
2014/04/30,16,93,,,7,84,,
2014/04/30,17,94,,,7,84,,
2014/04/30,18,99,,,7,89,,
2014/04/30,19,114,,,7,103,,
2014/04/30,20,112,,,7,102,,
2014/04/30,21,66,,,5,58,,
2014/04/30,22,13,,,4,7,,
2014/04/30,23,13,,,4,6,,
2014/04/30,24,13,,,4,6,,
2014/05/01,01,12,,,4,6,,
2014/05/01,02,13,,,4,6,,
2014/05/01,03,12,,,5,6,,
2014/05/01,04,13,,,4,6,,
2014/05/01,05,13,,,4,6,,
2014/05/01,06,12,,,4,6,,
2014/05/01,07,13,,,4,6,,
2014/05/01,08,12,,,4,6,,
2014/05/01,09,13,,,4,7,,
2014/05/01,10,23,,,4,16,,
2014/05/01,11,94,,,7,84,,
2014/05/01,12,93,,,7,83,,
2014/05/01,13,93,,,7,83,,
2014/05/01,14,93,,,7,84,,
2014/05/01,15,93,,,7,83,,
2014/05/01,16,93,,,7,83,,
2014/05/01,17,93,,,7,83,,
2014/05/01,18,95,,,7,86,,
2014/05/01,19,110,,,6,101,,
2014/05/01,20,112,,,7,102,,
2014/05/01,21,80,,,5,71,,
2014/05/01,22,12,,,4,6,,
2014/05/01,23,13,,,4,6,,
2014/05/01,24,13,,,5,6,,
2014/05/02,01,13,,,4,6,,
2014/05/02,02,12,,,4,6,,
2014/05/02,03,13,,,4,6,,
2014/05/02,04,13,,,4,6,,
2014/05/02,05,12,,,4,6,,
2014/05/02,06,12,,,4,6,,
2014/05/02,07,13,,,4,6,,
2014/05/02,08,12,,,4,6,,
2014/05/02,09,13,,,4,6,,
2014/05/02,10,27,,,5,20,,
2014/05/02,11,93,,,7,83,,
2014/05/02,12,92,,,7,83,,
2014/05/02,13,93,,,7,83,,
2014/05/02,14,92,,,6,83,,
2014/05/02,15,93,,,7,83,,
2014/05/02,16,94,,,7,84,,
2014/05/02,17,95,,,7,86,,
2014/05/02,18,100,,,6,90,,
2014/05/02,19,112,,,7,102,,
2014/05/02,20,114,,,7,103,,
2014/05/02,21,90,,,5,82,,
2014/05/02,22,15,,,4,8,,
2014/05/02,23,13,,,4,7,,
2014/05/02,24,13,,,4,7,,
2014/05/03,01,12,,,4,6,,
2014/05/03,02,13,,,4,6,,
2014/05/03,03,13,,,5,6,,
2014/05/03,04,13,,,4,6,,
2014/05/03,05,13,,,4,6,,
2014/05/03,06,12,,,4,6,,
2014/05/03,07,13,,,4,6,,
2014/05/03,08,12,,,4,6,,
2014/05/03,09,13,,,4,7,,
2014/05/03,10,18,,,4,12,,
2014/05/03,11,97,,,7,87,,
2014/05/03,12,97,,,7,86,,
2014/05/03,13,95,,,7,86,,
2014/05/03,14,97,,,7,87,,
2014/05/03,15,102,,,12,86,,
2014/05/03,16,125,,,32,90,,
2014/05/03,17,102,,,10,88,,
2014/05/03,18,112,,,14,95,,
2014/05/03,19,120,,,8,108,,
2014/05/03,20,117,,,6,107,,
2014/05/03,21,75,,,5,68,,
2014/05/03,22,40,,,4,34,,
2014/05/03,23,13,,,4,6,,
2014/05/03,24,13,,,4,6,,
2014/05/04,01,12,,,4,6,,
2014/05/04,02,12,,,4,6,,
2014/05/04,03,13,,,4,6,,
2014/05/04,04,12,,,4,6,,
2014/05/04,05,13,,,4,6,,
2014/05/04,06,13,,,4,6,,
2014/05/04,07,12,,,4,6,,
2014/05/04,08,12,,,4,6,,
2014/05/04,09,12,,,4,6,,
2014/05/04,10,68,,,4,61,,
2014/05/04,11,102,,,7,92,,
2014/05/04,12,99,,,7,89,,
2014/05/04,13,98,,,6,89,,
2014/05/04,14,100,,,7,89,,
2014/05/04,15,98,,,7,89,,
2014/05/04,16,99,,,7,88,,
2014/05/04,17,99,,,6,89,,
2014/05/04,18,100,,,6,91,,
2014/05/04,19,119,,,6,109,,
2014/05/04,20,118,,,6,108,,
2014/05/04,21,69,,,5,60,,
2014/05/04,22,12,,,4,6,,
2014/05/04,23,13,,,4,6,,
2014/05/04,24,12,,,4,6,,
2014/05/05,01,12,,,4,6,,
2014/05/05,02,13,,,4,6,,
2014/05/05,03,12,,,4,6,,
2014/05/05,04,13,,,4,6,,
2014/05/05,05,13,,,4,6,,
2014/05/05,06,12,,,4,6,,
2014/05/05,07,12,,,4,6,,
2014/05/05,08,13,,,4,6,,
2014/05/05,09,13,,,4,7,,
2014/05/05,10,30,,,4,24,,
2014/05/05,11,97,,,7,88,,
2014/05/05,12,99,,,7,89,,
2014/05/05,13,98,,,7,89,,
2014/05/05,14,98,,,6,88,,
2014/05/05,15,98,,,7,88,,
2014/05/05,16,98,,,6,88,,
2014/05/05,17,98,,,6,89,,
2014/05/05,18,103,,,6,93,,
2014/05/05,19,116,,,7,106,,
2014/05/05,20,113,,,6,104,,
2014/05/05,21,42,,,4,35,,
2014/05/05,22,12,,,4,6,,
2014/05/05,23,13,,,4,6,,
2014/05/05,24,12,,,4,6,,
2014/05/06,01,12,,,4,6,,
2014/05/06,02,12,,,4,6,,
2014/05/06,03,13,,,4,6,,
2014/05/06,04,12,,,4,6,,
2014/05/06,05,13,,,4,6,,
2014/05/06,06,13,,,4,6,,
2014/05/06,07,12,,,4,6,,
2014/05/06,08,12,,,4,6,,
2014/05/06,09,13,,,4,6,,
2014/05/06,10,25,,,4,19,,
2014/05/06,11,97,,,7,87,,
2014/05/06,12,96,,,7,86,,
2014/05/06,13,96,,,6,86,,
2014/05/06,14,95,,,6,86,,
2014/05/06,15,95,,,7,86,,
2014/05/06,16,95,,,6,86,,
2014/05/06,17,96,,,6,86,,
2014/05/06,18,97,,,6,87,,
2014/05/06,19,113,,,6,104,,
2014/05/06,20,114,,,6,104,,
2014/05/06,21,51,,,4,44,,
2014/05/06,22,18,,,4,12,,
2014/05/06,23,13,,,4,6,,
2014/05/06,24,12,,,4,6,,
2014/05/07,01,12,,,4,6,,
2014/05/07,02,12,,,4,6,,
2014/05/07,03,13,,,4,6,,
2014/05/07,04,12,,,4,6,,
2014/05/07,05,13,,,4,6,,
2014/05/07,06,12,,,4,6,,
2014/05/07,07,12,,,4,6,,
2014/05/07,08,12,,,4,6,,
2014/05/07,09,13,,,4,7,,
2014/05/07,10,27,,,4,21,,
2014/05/07,11,99,,,7,88,,
2014/05/07,12,95,,,6,85,,
2014/05/07,13,95,,,7,85,,
2014/05/07,14,91,,,7,82,,
2014/05/07,15,92,,,7,82,,
2014/05/07,16,90,,,7,81,,
2014/05/07,17,90,,,6,80,,
2014/05/07,18,88,,,6,78,,
2014/05/07,19,105,,,6,96,,
2014/05/07,20,107,,,6,97,,
2014/05/07,21,63,,,4,56,,
2014/05/07,22,13,,,4,6,,
2014/05/07,23,12,,,4,6,,
2014/05/07,24,13,,,4,6,,
2014/05/08,01,12,,,4,6,,
2014/05/08,02,12,,,4,6,,
2014/05/08,03,13,,,4,6,,
2014/05/08,04,13,,,4,6,,
2014/05/08,05,13,,,4,6,,
2014/05/08,06,12,,,4,6,,
2014/05/08,07,12,,,4,6,,
2014/05/08,08,12,,,4,6,,
2014/05/08,09,14,,,4,7,,
2014/05/08,10,33,,,4,26,,
2014/05/08,11,95,,,7,85,,
2014/05/08,12,95,,,6,85,,
2014/05/08,13,94,,,6,85,,
2014/05/08,14,95,,,7,85,,
2014/05/08,15,94,,,7,84,,
2014/05/08,16,93,,,6,84,,
2014/05/08,17,93,,,6,84,,
2014/05/08,18,95,,,6,86,,
2014/05/08,19,111,,,6,101,,
2014/05/08,20,114,,,7,104,,
2014/05/08,21,49,,,4,42,,
2014/05/08,22,13,,,4,7,,
2014/05/08,23,12,,,4,6,,
2014/05/08,24,13,,,4,7,,
2014/05/09,01,13,,,4,6,,
2014/05/09,02,12,,,4,6,,
2014/05/09,03,13,,,4,6,,
2014/05/09,04,12,,,4,6,,
2014/05/09,05,13,,,4,6,,
2014/05/09,06,13,,,4,6,,
2014/05/09,07,12,,,4,6,,
2014/05/09,08,12,,,4,6,,
2014/05/09,09,14,,,4,7,,
2014/05/09,10,26,,,4,19,,
2014/05/09,11,103,,,7,93,,
2014/05/09,12,93,,,6,84,,
2014/05/09,13,93,,,6,83,,
2014/05/09,14,93,,,6,83,,
2014/05/09,15,95,,,8,85,,
2014/05/09,16,103,,,12,87,,
2014/05/09,17,105,,,15,87,,
2014/05/09,18,101,,,9,89,,
2014/05/09,19,119,,,9,107,,
2014/05/09,20,119,,,7,108,,
2014/05/09,21,69,,,5,61,,
2014/05/09,22,20,,,4,14,,
2014/05/09,23,12,,,4,6,,
2014/05/09,24,13,,,4,6,,
2014/05/10,01,12,,,4,6,,
2014/05/10,02,12,,,4,6,,
2014/05/10,03,13,,,4,6,,
2014/05/10,04,12,,,4,6,,
2014/05/10,05,13,,,4,6,,
2014/05/10,06,12,,,4,6,,
2014/05/10,07,12,,,4,6,,
2014/05/10,08,12,,,4,6,,
2014/05/10,09,13,,,4,7,,
2014/05/10,10,22,,,4,16,,
2014/05/10,11,99,,,7,88,,
2014/05/10,12,97,,,7,87,,
2014/05/10,13,96,,,6,87,,
2014/05/10,14,98,,,7,88,,
2014/05/10,15,97,,,7,87,,
2014/05/10,16,97,,,6,87,,
2014/05/10,17,97,,,6,88,,
2014/05/10,18,97,,,6,87,,
2014/05/10,19,115,,,6,105,,
2014/05/10,20,116,,,6,107,,
2014/05/10,21,70,,,5,62,,
2014/05/10,22,13,,,4,6,,
2014/05/10,23,12,,,4,6,,
2014/05/10,24,13,,,4,6,,
2014/05/11,01,12,,,4,6,,
2014/05/11,02,12,,,4,6,,
2014/05/11,03,13,,,4,6,,
2014/05/11,04,13,,,4,6,,
2014/05/11,05,12,,,4,6,,
2014/05/11,06,12,,,4,6,,
2014/05/11,07,13,,,4,6,,
2014/05/11,08,12,,,4,6,,
2014/05/11,09,12,,,4,7,,
2014/05/11,10,25,,,4,18,,
2014/05/11,11,98,,,7,88,,
2014/05/11,12,98,,,7,88,,
2014/05/11,13,96,,,6,87,,
2014/05/11,14,98,,,6,88,,
2014/05/11,15,97,,,7,87,,
2014/05/11,16,96,,,6,86,,
2014/05/11,17,96,,,6,87,,
2014/05/11,18,98,,,6,88,,
2014/05/11,19,115,,,6,106,,
2014/05/11,20,117,,,6,106,,
2014/05/11,21,50,,,4,44,,
2014/05/11,22,13,,,4,6,,
2014/05/11,23,13,,,4,6,,
2014/05/11,24,12,,,4,6,,
2014/05/12,01,12,,,4,6,,
2014/05/12,02,13,,,4,6,,
2014/05/12,03,12,,,4,6,,
2014/05/12,04,13,,,4,6,,
2014/05/12,05,12,,,4,6,,
2014/05/12,06,12,,,4,6,,
2014/05/12,07,12,,,4,6,,
2014/05/12,08,12,,,4,6,,
2014/05/12,09,13,,,4,6,,
2014/05/12,10,29,,,4,22,,
2014/05/12,11,93,,,7,84,,
2014/05/12,12,90,,,7,80,,
2014/05/12,13,86,,,7,77,,
2014/05/12,14,87,,,6,77,,
2014/05/12,15,87,,,7,77,,
2014/05/12,16,86,,,6,77,,
2014/05/12,17,91,,,7,82,,
2014/05/12,18,92,,,6,82,,
2014/05/12,19,108,,,7,98,,
2014/05/12,20,108,,,6,98,,
2014/05/12,21,52,,,4,46,,
2014/05/12,22,13,,,4,6,,
2014/05/12,23,13,,,4,6,,
2014/05/12,24,12,,,4,6,,
2014/05/13,01,12,,,4,6,,
2014/05/13,02,12,,,4,6,,
2014/05/13,03,13,,,4,6,,
2014/05/13,04,12,,,4,6,,
2014/05/13,05,13,,,4,6,,
2014/05/13,06,12,,,4,6,,
2014/05/13,07,12,,,4,6,,
2014/05/13,08,12,,,4,6,,
2014/05/13,09,12,,,4,6,,
2014/05/13,10,22,,,4,16,,
2014/05/13,11,93,,,7,83,,
2014/05/13,12,92,,,6,82,,
2014/05/13,13,91,,,6,82,,
2014/05/13,14,91,,,7,81,,
2014/05/13,15,91,,,7,82,,
2014/05/13,16,91,,,6,81,,
2014/05/13,17,90,,,6,81,,
2014/05/13,18,91,,,6,82,,
2014/05/13,19,110,,,7,99,,
2014/05/13,20,111,,,6,101,,
2014/05/13,21,69,,,5,62,,
2014/05/13,22,17,,,4,10,,
2014/05/13,23,12,,,4,6,,
2014/05/13,24,13,,,4,6,,
2014/05/14,01,12,,,4,6,,
2014/05/14,02,12,,,4,6,,
2014/05/14,03,12,,,4,6,,
2014/05/14,04,13,,,4,6,,
2014/05/14,05,12,,,4,6,,
2014/05/14,06,12,,,4,6,,
2014/05/14,07,12,,,4,6,,
2014/05/14,08,12,,,4,6,,
2014/05/14,09,13,,,4,6,,
2014/05/14,10,21,,,4,14,,
2014/05/14,11,91,,,7,82,,
2014/05/14,12,91,,,7,81,,
2014/05/14,13,91,,,7,81,,
2014/05/14,14,88,,,6,79,,
2014/05/14,15,101,,,16,83,,
2014/05/14,16,95,,,8,84,,
2014/05/14,17,95,,,8,83,,
2014/05/14,18,99,,,9,88,,
2014/05/14,19,116,,,8,104,,
2014/05/14,20,115,,,7,104,,
2014/05/14,21,57,,,4,50,,
2014/05/14,22,10,,,4,4,,
2014/05/14,23,10,,,4,4,,
2014/05/14,24,9,,,4,4,,
2014/05/15,01,10,,,4,4,,
2014/05/15,02,10,,,4,4,,
2014/05/15,03,10,,,4,3,,
2014/05/15,04,9,,,4,3,,
2014/05/15,05,10,,,4,4,,
2014/05/15,06,10,,,4,4,,
2014/05/15,07,9,,,4,4,,
2014/05/15,08,10,,,4,4,,
2014/05/15,09,11,,,4,5,,
2014/05/15,10,59,,,5,52,,
2014/05/15,11,97,,,7,87,,
2014/05/15,12,97,,,7,86,,
2014/05/15,13,97,,,7,87,,
2014/05/15,14,98,,,7,88,,
2014/05/15,15,98,,,7,88,,
2014/05/15,16,101,,,7,90,,
2014/05/15,17,106,,,8,95,,
2014/05/15,18,106,,,8,95,,
2014/05/15,19,121,,,7,110,,
2014/05/15,20,120,,,7,110,,
2014/05/15,21,72,,,5,64,,
2014/05/15,22,19,,,4,13,,
2014/05/15,23,13,,,4,6,,
2014/05/15,24,13,,,4,6,,
2014/05/16,01,12,,,4,6,,
2014/05/16,02,12,,,4,6,,
2014/05/16,03,12,,,4,6,,
2014/05/16,04,13,,,4,6,,
2014/05/16,05,12,,,4,6,,
2014/05/16,06,12,,,4,6,,
2014/05/16,07,12,,,4,6,,
2014/05/16,08,12,,,4,6,,
2014/05/16,09,13,,,4,6,,
2014/05/16,10,32,,,5,25,,
2014/05/16,11,99,,,7,89,,
2014/05/16,12,99,,,7,88,,
2014/05/16,13,98,,,7,88,,
2014/05/16,14,99,,,7,89,,
2014/05/16,15,125,,,30,92,,
2014/05/16,16,113,,,17,93,,
2014/05/16,17,118,,,20,95,,
2014/05/16,18,114,,,13,97,,
2014/05/16,19,129,,,13,113,,
2014/05/16,20,126,,,10,113,,
2014/05/16,21,94,,,8,84,,
2014/05/16,22,49,,,5,42,,
2014/05/16,23,42,,,4,35,,
2014/05/16,24,14,,,4,8,,
2014/05/17,01,12,,,4,6,,
2014/05/17,02,12,,,4,6,,
2014/05/17,03,13,,,4,6,,
2014/05/17,04,12,,,4,6,,
2014/05/17,05,12,,,4,6,,
2014/05/17,06,13,,,4,6,,
2014/05/17,07,12,,,4,6,,
2014/05/17,08,12,,,4,6,,
2014/05/17,09,16,,,4,9,,
2014/05/17,10,47,,,4,41,,
2014/05/17,11,103,,,7,93,,
2014/05/17,12,101,,,6,92,,
2014/05/17,13,102,,,7,92,,
2014/05/17,14,101,,,6,91,,
2014/05/17,15,101,,,7,91,,
2014/05/17,16,101,,,6,91,,
2014/05/17,17,101,,,6,91,,
2014/05/17,18,100,,,6,90,,
2014/05/17,19,120,,,6,110,,
2014/05/17,20,120,,,6,110,,
2014/05/17,21,59,,,5,52,,
2014/05/17,22,14,,,4,7,,
2014/05/17,23,12,,,4,6,,
2014/05/17,24,12,,,4,6,,
2014/05/18,01,13,,,4,6,,
2014/05/18,02,11,,,4,6,,
2014/05/18,03,13,,,4,6,,
2014/05/18,04,12,,,4,6,,
2014/05/18,05,13,,,4,6,,
2014/05/18,06,12,,,4,6,,
2014/05/18,07,12,,,4,7,,
2014/05/18,08,16,,,4,9,,
2014/05/18,09,17,,,4,10,,
2014/05/18,10,25,,,4,19,,
2014/05/18,11,110,,,7,100,,
2014/05/18,12,109,,,7,99,,
2014/05/18,13,111,,,9,99,,
2014/05/18,14,124,,,23,98,,
2014/05/18,15,130,,,29,98,,
2014/05/18,16,130,,,30,97,,
2014/05/18,17,127,,,27,96,,
2014/05/18,18,124,,,24,97,,
2014/05/18,19,130,,,17,109,,
2014/05/18,20,119,,,8,108,,
2014/05/18,21,85,,,5,77,,
2014/05/18,22,82,,,4,75,,
2014/05/18,23,69,,,4,63,,
2014/05/18,24,69,,,4,62,,
2014/05/19,01,69,,,4,62,,
2014/05/19,02,68,,,4,61,,
2014/05/19,03,67,,,4,60,,
2014/05/19,04,67,,,4,60,,
2014/05/19,05,54,,,4,48,,
2014/05/19,06,13,,,4,6,,
2014/05/19,07,12,,,4,6,,
2014/05/19,08,12,,,4,6,,
2014/05/19,09,27,,,5,20,,
2014/05/19,10,73,,,5,66,,
2014/05/19,11,107,,,8,96,,
2014/05/19,12,107,,,9,95,,
2014/05/19,13,104,,,10,91,,
2014/05/19,14,104,,,12,90,,
2014/05/19,15,115,,,22,90,,
2014/05/19,16,120,,,27,90,,
2014/05/19,17,115,,,23,88,,
2014/05/19,18,111,,,15,93,,
2014/05/19,19,129,,,18,108,,
2014/05/19,20,122,,,10,109,,
2014/05/19,21,58,,,6,50,,
2014/05/19,22,13,,,4,6,,
2014/05/19,23,12,,,4,6,,
2014/05/19,24,13,,,4,6,,
2014/05/20,01,12,,,4,6,,
2014/05/20,02,12,,,4,6,,
2014/05/20,03,13,,,4,6,,
2014/05/20,04,12,,,4,6,,
2014/05/20,05,12,,,4,6,,
2014/05/20,06,12,,,4,6,,
2014/05/20,07,13,,,4,6,,
2014/05/20,08,12,,,4,6,,
2014/05/20,09,14,,,4,8,,
2014/05/20,10,24,,,4,18,,
2014/05/20,11,100,,,7,90,,
2014/05/20,12,97,,,6,88,,
2014/05/20,13,98,,,6,88,,
2014/05/20,14,98,,,6,88,,
2014/05/20,15,98,,,7,88,,
2014/05/20,16,97,,,6,88,,
2014/05/20,17,100,,,6,90,,
2014/05/20,18,101,,,6,92,,
2014/05/20,19,117,,,6,107,,
2014/05/20,20,117,,,6,107,,
2014/05/20,21,39,,,4,33,,
2014/05/20,22,12,,,4,6,,
2014/05/20,23,13,,,4,6,,
2014/05/20,24,12,,,4,6,,
2014/05/21,01,12,,,4,6,,
2014/05/21,02,12,,,4,6,,
2014/05/21,03,13,,,4,6,,
2014/05/21,04,12,,,4,6,,
2014/05/21,05,12,,,4,6,,
2014/05/21,06,12,,,4,6,,
2014/05/21,07,12,,,4,6,,
2014/05/21,08,12,,,4,6,,
2014/05/21,09,13,,,4,6,,
2014/05/21,10,26,,,4,19,,
2014/05/21,11,101,,,7,91,,
2014/05/21,12,99,,,7,89,,
2014/05/21,13,99,,,6,90,,
2014/05/21,14,99,,,6,90,,
2014/05/21,15,99,,,7,89,,
2014/05/21,16,98,,,6,88,,
2014/05/21,17,97,,,6,88,,
2014/05/21,18,97,,,6,87,,
2014/05/21,19,113,,,6,103,,
2014/05/21,20,115,,,6,106,,
2014/05/21,21,50,,,4,43,,
2014/05/21,22,12,,,4,6,,
2014/05/21,23,13,,,4,6,,
2014/05/21,24,12,,,4,6,,
2014/05/22,01,12,,,4,6,,
2014/05/22,02,12,,,4,6,,
2014/05/22,03,13,,,4,6,,
2014/05/22,04,12,,,4,6,,
2014/05/22,05,12,,,4,6,,
2014/05/22,06,12,,,4,6,,
2014/05/22,07,12,,,4,6,,
2014/05/22,08,12,,,4,6,,
2014/05/22,09,13,,,4,7,,
2014/05/22,10,20,,,4,14,,
2014/05/22,11,100,,,7,89,,
2014/05/22,12,97,,,6,88,,
2014/05/22,13,98,,,6,88,,
2014/05/22,14,97,,,6,88,,
2014/05/22,15,97,,,7,88,,
2014/05/22,16,98,,,6,88,,
2014/05/22,17,96,,,6,87,,
2014/05/22,18,97,,,6,88,,
2014/05/22,19,115,,,6,105,,
2014/05/22,20,117,,,6,106,,
2014/05/22,21,61,,,4,54,,
2014/05/22,22,12,,,4,6,,
2014/05/22,23,12,,,4,6,,
2014/05/22,24,13,,,4,6,,
2014/05/23,01,12,,,4,6,,
2014/05/23,02,12,,,4,6,,
2014/05/23,03,12,,,4,6,,
2014/05/23,04,12,,,4,6,,
2014/05/23,05,12,,,4,6,,
2014/05/23,06,13,,,4,6,,
2014/05/23,07,12,,,4,6,,
2014/05/23,08,12,,,4,6,,
2014/05/23,09,12,,,4,6,,
2014/05/23,10,26,,,4,19,,
2014/05/23,11,96,,,7,86,,
2014/05/23,12,95,,,6,85,,
2014/05/23,13,94,,,6,85,,
2014/05/23,14,94,,,6,85,,
2014/05/23,15,95,,,7,85,,
2014/05/23,16,94,,,6,84,,
2014/05/23,17,107,,,18,86,,
2014/05/23,18,112,,,20,89,,
2014/05/23,19,119,,,9,106,,
2014/05/23,20,119,,,8,108,,
2014/05/23,21,88,,,5,80,,
2014/05/23,22,29,,,4,23,,
2014/05/23,23,13,,,4,6,,
2014/05/23,24,12,,,4,6,,
2014/05/24,01,12,,,4,6,,
2014/05/24,02,13,,,4,6,,
2014/05/24,03,12,,,4,6,,
2014/05/24,04,12,,,4,6,,
2014/05/24,05,13,,,4,6,,
2014/05/24,06,12,,,4,6,,
2014/05/24,07,12,,,4,6,,
2014/05/24,08,12,,,4,6,,
2014/05/24,09,14,,,4,8,,
2014/05/24,10,45,,,4,38,,
2014/05/24,11,98,,,7,89,,
2014/05/24,12,97,,,6,87,,
2014/05/24,13,97,,,6,87,,
2014/05/24,14,96,,,6,87,,
2014/05/24,15,142,,,47,91,,
2014/05/24,16,126,,,31,92,,
2014/05/24,17,114,,,18,92,,
2014/05/24,18,113,,,18,92,,
2014/05/24,19,132,,,19,110,,
2014/05/24,20,127,,,13,111,,
2014/05/24,21,53,,,5,45,,
2014/05/24,22,13,,,4,7,,
2014/05/24,23,12,,,4,6,,
2014/05/24,24,13,,,4,6,,
2014/05/25,01,12,,,4,6,,
2014/05/25,02,12,,,4,6,,
2014/05/25,03,13,,,4,6,,
2014/05/25,04,13,,,4,6,,
2014/05/25,05,12,,,4,6,,
2014/05/25,06,12,,,4,6,,
2014/05/25,07,12,,,4,6,,
2014/05/25,08,12,,,4,6,,
2014/05/25,09,14,,,4,8,,
2014/05/25,10,27,,,4,20,,
2014/05/25,11,101,,,7,91,,
2014/05/25,12,103,,,9,92,,
2014/05/25,13,132,,,34,94,,
2014/05/25,14,133,,,36,94,,
2014/05/25,15,120,,,24,94,,
2014/05/25,16,122,,,23,95,,
2014/05/25,17,125,,,27,95,,
2014/05/25,18,118,,,16,100,,
2014/05/25,19,133,,,16,113,,
2014/05/25,20,124,,,9,112,,
2014/05/25,21,119,,,6,109,,
2014/05/25,22,98,,,6,88,,
2014/05/25,23,92,,,7,82,,
2014/05/25,24,98,,,8,87,,
2014/05/26,01,101,,,9,90,,
2014/05/26,02,100,,,8,88,,
2014/05/26,03,100,,,8,88,,
2014/05/26,04,94,,,6,86,,
2014/05/26,05,90,,,4,83,,
2014/05/26,06,37,,,4,31,,
2014/05/26,07,12,,,4,6,,
2014/05/26,08,12,,,4,6,,
2014/05/26,09,27,,,4,20,,
2014/05/26,10,66,,,4,60,,
2014/05/26,11,100,,,7,90,,
2014/05/26,12,99,,,6,90,,
2014/05/26,13,100,,,6,90,,
2014/05/26,14,99,,,6,89,,
2014/05/26,15,99,,,7,90,,
2014/05/26,16,100,,,6,90,,
2014/05/26,17,100,,,6,90,,
2014/05/26,18,103,,,6,93,,
2014/05/26,19,115,,,6,105,,
2014/05/26,20,118,,,6,108,,
2014/05/26,21,66,,,5,59,,
2014/05/26,22,13,,,4,7,,
2014/05/26,23,12,,,4,6,,
2014/05/26,24,13,,,4,6,,
2014/05/27,01,11,,,4,6,,
2014/05/27,02,12,,,4,6,,
2014/05/27,03,13,,,4,6,,
2014/05/27,04,12,,,4,6,,
2014/05/27,05,12,,,4,6,,
2014/05/27,06,12,,,4,6,,
2014/05/27,07,12,,,4,6,,
2014/05/27,08,12,,,4,6,,
2014/05/27,09,12,,,4,6,,
2014/05/27,10,21,,,4,14,,
2014/05/27,11,95,,,6,85,,
2014/05/27,12,94,,,6,85,,
2014/05/27,13,94,,,6,85,,
2014/05/27,14,128,,,35,90,,
2014/05/27,15,116,,,24,89,,
2014/05/27,16,122,,,30,89,,
2014/05/27,17,115,,,22,90,,
2014/05/27,18,116,,,19,93,,
2014/05/27,19,124,,,14,107,,
2014/05/27,20,123,,,11,108,,
2014/05/27,21,55,,,4,48,,
2014/05/27,22,13,,,4,6,,
2014/05/27,23,12,,,4,6,,
2014/05/27,24,12,,,4,6,,
2014/05/28,01,13,,,4,6,,
2014/05/28,02,12,,,4,6,,
2014/05/28,03,12,,,4,6,,
2014/05/28,04,13,,,4,6,,
2014/05/28,05,12,,,4,6,,
2014/05/28,06,12,,,4,6,,
2014/05/28,07,12,,,4,6,,
2014/05/28,08,12,,,4,6,,
2014/05/28,09,14,,,4,7,,
2014/05/28,10,23,,,4,17,,
2014/05/28,11,98,,,6,89,,
2014/05/28,12,98,,,6,88,,
2014/05/28,13,97,,,6,87,,
2014/05/28,14,96,,,6,87,,
2014/05/28,15,151,,,57,91,,
2014/05/28,16,123,,,28,92,,
2014/05/28,17,125,,,29,92,,
2014/05/28,18,115,,,21,92,,
2014/05/28,19,127,,,17,107,,
2014/05/28,20,121,,,9,109,,
2014/05/28,21,45,,,4,38,,
2014/05/28,22,12,,,4,6,,
2014/05/28,23,12,,,4,6,,
2014/05/28,24,12,,,4,6,,
2014/05/29,01,13,,,4,6,,
2014/05/29,02,11,,,4,6,,
2014/05/29,03,13,,,4,6,,
2014/05/29,04,12,,,4,6,,
2014/05/29,05,12,,,4,6,,
2014/05/29,06,12,,,4,6,,
2014/05/29,07,12,,,4,6,,
2014/05/29,08,12,,,4,6,,
2014/05/29,09,13,,,4,7,,
2014/05/29,10,25,,,4,19,,
2014/05/29,11,100,,,7,90,,
2014/05/29,12,98,,,6,89,,
2014/05/29,13,99,,,7,89,,
2014/05/29,14,100,,,8,89,,
2014/05/29,15,159,,,63,93,,
2014/05/29,16,133,,,37,93,,
2014/05/29,17,122,,,26,93,,
2014/05/29,18,120,,,25,93,,
2014/05/29,19,129,,,18,107,,
2014/05/29,20,125,,,11,111,,
2014/05/29,21,75,,,5,68,,
2014/05/29,22,24,,,4,17,,
2014/05/29,23,12,,,4,6,,
2014/05/29,24,13,,,4,6,,
2014/05/30,01,12,,,4,6,,
2014/05/30,02,12,,,4,6,,
2014/05/30,03,12,,,4,6,,
2014/05/30,04,13,,,4,6,,
2014/05/30,05,12,,,4,6,,
2014/05/30,06,12,,,4,6,,
2014/05/30,07,12,,,4,6,,
2014/05/30,08,12,,,4,6,,
2014/05/30,09,14,,,5,7,,
2014/05/30,10,38,,,12,25,,
2014/05/30,11,122,,,16,102,,
2014/05/30,12,150,,,45,102,,
2014/05/30,13,150,,,46,100,,
2014/05/30,14,157,,,52,101,,
2014/05/30,15,154,,,50,100,,
2014/05/30,16,156,,,53,100,,
2014/05/30,17,148,,,47,97,,
2014/05/30,18,133,,,37,94,,
2014/05/30,19,140,,,30,106,,
2014/05/30,20,124,,,13,108,,
2014/05/30,21,118,,,8,107,,
2014/05/30,22,68,,,5,59,,
2014/05/30,23,12,,,4,6,,
2014/05/30,24,13,,,4,6,,
2014/05/31,01,12,,,4,6,,
2014/05/31,02,12,,,4,6,,
2014/05/31,03,13,,,4,6,,
2014/05/31,04,12,,,4,6,,
2014/05/31,05,12,,,4,6,,
2014/05/31,06,12,,,4,6,,
2014/05/31,07,12,,,4,6,,
2014/05/31,08,13,,,4,6,,
2014/05/31,09,17,,,4,11,,
2014/05/31,10,80,,,4,73,,
2014/05/31,11,145,,,48,94,,
2014/05/31,12,156,,,56,97,,
2014/05/31,13,164,,,63,98,,
2014/05/31,14,168,,,67,98,,
2014/05/31,15,174,,,74,96,,
2014/05/31,16,173,,,74,97,,
2014/05/31,17,171,,,69,98,,
2014/05/31,18,165,,,62,99,,
2014/05/31,19,158,,,44,112,,
2014/05/31,20,133,,,15,114,,
2014/05/31,21,74,,,9,62,,
2014/05/31,22,31,,,6,22,,
2014/05/31,23,12,,,4,6,,
2014/05/31,24,13,,,4,6,,
2014/06/01,01,12,,,4,6,,
2014/06/01,02,12,,,4,6,,
2014/06/01,03,13,,,4,6,,
2014/06/01,04,12,,,4,6,,
2014/06/01,05,13,,,4,6,,
2014/06/01,06,12,,,4,6,,
2014/06/01,07,12,,,4,6,,
2014/06/01,08,12,,,4,6,,
2014/06/01,09,13,,,4,7,,
2014/06/01,10,33,,,4,26,,
2014/06/01,11,158,,,58,97,,
2014/06/01,12,167,,,66,98,,
2014/06/01,13,178,,,78,97,,
2014/06/01,14,183,,,81,98,,
2014/06/01,15,183,,,82,97,,
2014/06/01,16,185,,,84,97,,
2014/06/01,17,176,,,76,97,,
2014/06/01,18,162,,,62,97,,
2014/06/01,19,160,,,46,110,,
2014/06/01,20,137,,,20,114,,
2014/06/01,21,61,,,5,53,,
2014/06/01,22,12,,,4,6,,
2014/06/01,23,12,,,4,6,,
2014/06/01,24,12,,,4,6,,
2014/06/02,01,12,,,4,6,,
2014/06/02,02,12,,,4,6,,
2014/06/02,03,13,,,4,6,,
2014/06/02,04,12,,,4,6,,
2014/06/02,05,12,,,4,6,,
2014/06/02,06,12,,,4,6,,
2014/06/02,07,12,,,4,6,,
2014/06/02,08,12,,,4,6,,
2014/06/02,09,13,,,4,6,,
2014/06/02,10,24,,,4,18,,
2014/06/02,11,101,,,7,90,,
2014/06/02,12,166,,,72,91,,
2014/06/02,13,158,,,64,92,,
2014/06/02,14,153,,,57,92,,
2014/06/02,15,151,,,56,91,,
2014/06/02,16,146,,,52,91,,
2014/06/02,17,135,,,40,92,,
2014/06/02,18,130,,,32,95,,
2014/06/02,19,146,,,34,108,,
2014/06/02,20,133,,,18,112,,
2014/06/02,21,104,,,6,94,,
2014/06/02,22,39,,,4,32,,
2014/06/02,23,12,,,4,6,,
2014/06/02,24,12,,,4,6,,
2014/06/03,01,13,,,4,6,,
2014/06/03,02,11,,,4,6,,
2014/06/03,03,13,,,4,6,,
2014/06/03,04,12,,,4,6,,
2014/06/03,05,12,,,4,6,,
2014/06/03,06,12,,,4,6,,
2014/06/03,07,12,,,4,6,,
2014/06/03,08,12,,,4,6,,
2014/06/03,09,16,,,6,8,,
2014/06/03,10,26,,,8,16,,
2014/06/03,11,105,,,13,89,,
2014/06/03,12,119,,,28,88,,
2014/06/03,13,131,,,40,88,,
2014/06/03,14,126,,,35,88,,
2014/06/03,15,121,,,31,87,,
2014/06/03,16,114,,,22,89,,
2014/06/03,17,108,,,15,90,,
2014/06/03,18,115,,,20,91,,
2014/06/03,19,123,,,15,105,,
2014/06/03,20,125,,,14,107,,
2014/06/03,21,57,,,8,47,,
2014/06/03,22,12,,,4,6,,
2014/06/03,23,13,,,4,6,,
2014/06/03,24,13,,,4,6,,
2014/06/04,01,12,,,4,6,,
2014/06/04,02,13,,,4,6,,
2014/06/04,03,12,,,4,6,,
2014/06/04,04,13,,,4,6,,
2014/06/04,05,12,,,4,6,,
2014/06/04,06,12,,,4,6,,
2014/06/04,07,12,,,4,6,,
2014/06/04,08,12,,,4,6,,
2014/06/04,09,14,,,4,7,,
2014/06/04,10,18,,,4,13,,
2014/06/04,11,98,,,7,88,,
2014/06/04,12,97,,,6,88,,
2014/06/04,13,97,,,6,87,,
2014/06/04,14,98,,,8,87,,
2014/06/04,15,114,,,22,88,,
2014/06/04,16,103,,,13,88,,
2014/06/04,17,105,,,12,89,,
2014/06/04,18,107,,,13,92,,
2014/06/04,19,120,,,14,103,,
2014/06/04,20,120,,,10,106,,
2014/06/04,21,43,,,5,36,,
2014/06/04,22,13,,,4,6,,
2014/06/04,23,12,,,4,6,,
2014/06/04,24,12,,,4,6,,
2014/06/05,01,13,,,4,6,,
2014/06/05,02,12,,,4,6,,
2014/06/05,03,12,,,4,6,,
2014/06/05,04,13,,,4,6,,
2014/06/05,05,12,,,4,6,,
2014/06/05,06,12,,,4,6,,
2014/06/05,07,12,,,4,6,,
2014/06/05,08,12,,,4,6,,
2014/06/05,09,12,,,4,6,,
2014/06/05,10,24,,,7,15,,
2014/06/05,11,103,,,10,90,,
2014/06/05,12,111,,,19,89,,
2014/06/05,13,127,,,35,88,,
2014/06/05,14,124,,,33,88,,
2014/06/05,15,116,,,24,89,,
2014/06/05,16,118,,,26,90,,
2014/06/05,17,125,,,31,90,,
2014/06/05,18,115,,,20,92,,
2014/06/05,19,129,,,22,104,,
2014/06/05,20,128,,,17,108,,
2014/06/05,21,87,,,8,75,,
2014/06/05,22,14,,,4,8,,
2014/06/05,23,12,,,4,6,,
2014/06/05,24,12,,,4,6,,
2014/06/06,01,12,,,4,6,,
2014/06/06,02,12,,,4,6,,
2014/06/06,03,12,,,4,6,,
2014/06/06,04,13,,,4,6,,
2014/06/06,05,12,,,4,6,,
2014/06/06,06,12,,,4,6,,
2014/06/06,07,12,,,4,6,,
2014/06/06,08,12,,,4,6,,
2014/06/06,09,15,,,4,9,,
2014/06/06,10,29,,,5,22,,
2014/06/06,11,102,,,7,92,,
2014/06/06,12,101,,,6,91,,
2014/06/06,13,101,,,6,91,,
2014/06/06,14,133,,,37,93,,
2014/06/06,15,112,,,16,93,,
2014/06/06,16,131,,,33,94,,
2014/06/06,17,129,,,32,94,,
2014/06/06,18,119,,,22,94,,
2014/06/06,19,137,,,29,105,,
2014/06/06,20,120,,,10,107,,
2014/06/06,21,66,,,5,59,,
2014/06/06,22,15,,,4,9,,
2014/06/06,23,13,,,4,6,,
2014/06/06,24,12,,,4,6,,
2014/06/07,01,12,,,4,6,,
2014/06/07,02,12,,,4,6,,
2014/06/07,03,12,,,4,6,,
2014/06/07,04,12,,,4,6,,
2014/06/07,05,12,,,4,6,,
2014/06/07,06,12,,,4,6,,
2014/06/07,07,12,,,4,6,,
2014/06/07,08,12,,,4,6,,
2014/06/07,09,14,,,4,8,,
2014/06/07,10,23,,,4,17,,
2014/06/07,11,99,,,7,89,,
2014/06/07,12,101,,,7,91,,
2014/06/07,13,115,,,21,91,,
2014/06/07,14,134,,,37,94,,
2014/06/07,15,137,,,39,94,,
2014/06/07,16,143,,,46,94,,
2014/06/07,17,126,,,30,93,,
2014/06/07,18,123,,,25,95,,
2014/06/07,19,135,,,23,109,,
2014/06/07,20,136,,,21,111,,
2014/06/07,21,51,,,6,42,,
2014/06/07,22,12,,,4,6,,
2014/06/07,23,13,,,4,6,,
2014/06/07,24,12,,,4,6,,
2014/06/08,01,12,,,4,6,,
2014/06/08,02,12,,,4,6,,
2014/06/08,03,13,,,4,6,,
2014/06/08,04,12,,,4,6,,
2014/06/08,05,13,,,4,6,,
2014/06/08,06,12,,,4,6,,
2014/06/08,07,12,,,4,6,,
2014/06/08,08,12,,,4,6,,
2014/06/08,09,14,,,4,8,,
2014/06/08,10,35,,,4,29,,
2014/06/08,11,100,,,7,90,,
2014/06/08,12,163,,,66,93,,
2014/06/08,13,146,,,50,93,,
2014/06/08,14,161,,,64,94,,
2014/06/08,15,160,,,64,93,,
2014/06/08,16,149,,,53,94,,
2014/06/08,17,154,,,57,94,,
2014/06/08,18,135,,,34,98,,
2014/06/08,19,150,,,38,109,,
2014/06/08,20,131,,,14,113,,
2014/06/08,21,64,,,9,53,,
2014/06/08,22,13,,,4,6,,
2014/06/08,23,12,,,4,6,,
2014/06/08,24,12,,,4,6,,
2014/06/09,01,12,,,4,6,,
2014/06/09,02,12,,,4,6,,
2014/06/09,03,12,,,4,6,,
2014/06/09,04,12,,,4,6,,
2014/06/09,05,12,,,4,6,,
2014/06/09,06,13,,,4,6,,
2014/06/09,07,11,,,4,6,,
2014/06/09,08,12,,,4,6,,
2014/06/09,09,13,,,4,6,,
2014/06/09,10,48,,,19,26,,
2014/06/09,11,146,,,50,93,,
2014/06/09,12,140,,,46,91,,
2014/06/09,13,143,,,49,91,,
2014/06/09,14,154,,,60,90,,
2014/06/09,15,154,,,61,90,,
2014/06/09,16,152,,,59,90,,
2014/06/09,17,146,,,54,90,,
2014/06/09,18,146,,,51,92,,
2014/06/09,19,150,,,40,106,,
2014/06/09,20,141,,,27,111,,
2014/06/09,21,62,,,11,49,,
2014/06/09,22,13,,,4,6,,
2014/06/09,23,12,,,4,6,,
2014/06/09,24,12,,,4,6,,
2014/06/10,01,13,,,4,6,,
2014/06/10,02,11,,,4,6,,
2014/06/10,03,13,,,4,6,,
2014/06/10,04,12,,,4,6,,
2014/06/10,05,12,,,4,6,,
2014/06/10,06,12,,,4,6,,
2014/06/10,07,12,,,4,6,,
2014/06/10,08,11,,,4,6,,
2014/06/10,09,13,,,5,6,,
2014/06/10,10,32,,,11,18,,
2014/06/10,11,132,,,41,88,,
2014/06/10,12,145,,,54,88,,
2014/06/10,13,149,,,57,88,,
2014/06/10,14,142,,,51,88,,
2014/06/10,15,139,,,49,87,,
2014/06/10,16,137,,,47,88,,
2014/06/10,17,127,,,34,89,,
2014/06/10,18,128,,,32,92,,
2014/06/10,19,136,,,30,103,,
2014/06/10,20,129,,,19,106,,
2014/06/10,21,66,,,7,56,,
2014/06/10,22,13,,,4,6,,
2014/06/10,23,12,,,4,6,,
2014/06/10,24,12,,,4,6,,
2014/06/11,01,13,,,4,6,,
2014/06/11,02,12,,,4,6,,
2014/06/11,03,12,,,4,6,,
2014/06/11,04,12,,,4,6,,
2014/06/11,05,13,,,4,6,,
2014/06/11,06,12,,,4,6,,
2014/06/11,07,12,,,4,6,,
2014/06/11,08,12,,,4,6,,
2014/06/11,09,14,,,4,7,,
2014/06/11,10,19,,,4,13,,
2014/06/11,11,98,,,7,88,,
2014/06/11,12,133,,,42,88,,
2014/06/11,13,126,,,34,89,,
2014/06/11,14,127,,,35,89,,
2014/06/11,15,135,,,43,89,,
2014/06/11,16,137,,,46,89,,
2014/06/11,17,129,,,36,90,,
2014/06/11,18,126,,,32,90,,
2014/06/11,19,132,,,26,103,,
2014/06/11,20,132,,,21,108,,
2014/06/11,21,55,,,5,47,,
2014/06/11,22,12,,,4,6,,
2014/06/11,23,13,,,4,6,,
2014/06/11,24,12,,,4,6,,
2014/06/12,01,12,,,4,6,,
2014/06/12,02,12,,,4,6,,
2014/06/12,03,12,,,4,6,,
2014/06/12,04,13,,,4,6,,
2014/06/12,05,12,,,4,6,,
2014/06/12,06,12,,,4,6,,
2014/06/12,07,11,,,4,6,,
2014/06/12,08,12,,,4,6,,
2014/06/12,09,13,,,4,7,,
2014/06/12,10,24,,,4,17,,
2014/06/12,11,103,,,6,94,,
2014/06/12,12,102,,,7,92,,
2014/06/12,13,112,,,17,92,,
2014/06/12,14,166,,,71,92,,
2014/06/12,15,153,,,58,92,,
2014/06/12,16,124,,,29,92,,
2014/06/12,17,122,,,26,93,,
2014/06/12,18,124,,,29,93,,
2014/06/12,19,132,,,24,104,,
2014/06/12,20,123,,,11,109,,
2014/06/12,21,39,,,4,32,,
2014/06/12,22,13,,,4,6,,
2014/06/12,23,12,,,4,6,,
2014/06/12,24,13,,,4,6,,
2014/06/13,01,12,,,4,6,,
2014/06/13,02,12,,,4,6,,
2014/06/13,03,12,,,4,6,,
2014/06/13,04,13,,,4,6,,
2014/06/13,05,12,,,4,6,,
2014/06/13,06,12,,,4,6,,
2014/06/13,07,12,,,4,6,,
2014/06/13,08,11,,,4,6,,
2014/06/13,09,13,,,4,6,,
2014/06/13,10,27,,,4,20,,
2014/06/13,11,115,,,13,99,,
2014/06/13,12,135,,,33,98,,
2014/06/13,13,148,,,46,99,,
2014/06/13,14,148,,,46,98,,
2014/06/13,15,149,,,48,98,,
2014/06/13,16,144,,,43,98,,
2014/06/13,17,134,,,35,96,,
2014/06/13,18,135,,,36,96,,
2014/06/13,19,137,,,27,106,,
2014/06/13,20,130,,,16,110,,
2014/06/13,21,70,,,10,57,,
2014/06/13,22,12,,,4,6,,
2014/06/13,23,13,,,4,6,,
2014/06/13,24,12,,,4,6,,
2014/06/14,01,12,,,4,6,,
2014/06/14,02,12,,,4,6,,
2014/06/14,03,13,,,4,6,,
2014/06/14,04,12,,,4,6,,
2014/06/14,05,12,,,4,6,,
2014/06/14,06,12,,,4,6,,
2014/06/14,07,12,,,4,6,,
2014/06/14,08,12,,,4,6,,
2014/06/14,09,15,,,4,9,,
2014/06/14,10,46,,,4,40,,
2014/06/14,11,104,,,10,90,,
2014/06/14,12,142,,,48,91,,
2014/06/14,13,141,,,47,91,,
2014/06/14,14,155,,,60,92,,
2014/06/14,15,147,,,53,91,,
2014/06/14,16,149,,,56,91,,
2014/06/14,17,143,,,45,94,,
2014/06/14,18,137,,,38,96,,
2014/06/14,19,145,,,35,106,,
2014/06/14,20,129,,,16,110,,
2014/06/14,21,92,,,6,83,,
2014/06/14,22,12,,,4,6,,
2014/06/14,23,13,,,4,6,,
2014/06/14,24,12,,,4,6,,
2014/06/15,01,12,,,4,6,,
2014/06/15,02,12,,,4,6,,
2014/06/15,03,13,,,4,6,,
2014/06/15,04,12,,,4,6,,
2014/06/15,05,13,,,4,6,,
2014/06/15,06,12,,,4,6,,
2014/06/15,07,12,,,4,6,,
2014/06/15,08,12,,,4,6,,
2014/06/15,09,15,,,4,9,,
2014/06/15,10,25,,,4,18,,
2014/06/15,11,100,,,6,91,,
2014/06/15,12,160,,,66,90,,
2014/06/15,13,161,,,67,91,,
2014/06/15,14,157,,,64,90,,
2014/06/15,15,157,,,63,90,,
2014/06/15,16,154,,,62,90,,
2014/06/15,17,149,,,53,93,,
2014/06/15,18,142,,,43,95,,
2014/06/15,19,138,,,27,107,,
2014/06/15,20,141,,,26,111,,
2014/06/15,21,92,,,8,82,,
2014/06/15,22,16,,,4,10,,
2014/06/15,23,12,,,4,6,,
2014/06/15,24,13,,,4,6,,
2014/06/16,01,12,,,4,6,,
2014/06/16,02,12,,,4,6,,
2014/06/16,03,12,,,4,6,,
2014/06/16,04,13,,,4,6,,
2014/06/16,05,12,,,4,6,,
2014/06/16,06,12,,,4,6,,
2014/06/16,07,12,,,4,6,,
2014/06/16,08,12,,,4,6,,
2014/06/16,09,15,,,4,8,,
2014/06/16,10,29,,,4,22,,
2014/06/16,11,101,,,6,91,,
2014/06/16,12,100,,,6,90,,
2014/06/16,13,156,,,62,92,,
2014/06/16,14,142,,,45,93,,
2014/06/16,15,142,,,47,92,,
2014/06/16,16,136,,,41,92,,
2014/06/16,17,149,,,54,92,,
2014/06/16,18,136,,,41,92,,
2014/06/16,19,145,,,38,103,,
2014/06/16,20,137,,,23,110,,
2014/06/16,21,61,,,5,54,,
2014/06/16,22,12,,,4,6,,
2014/06/16,23,12,,,4,6,,
2014/06/16,24,12,,,4,6,,
2014/06/17,01,12,,,4,6,,
2014/06/17,02,12,,,4,6,,
2014/06/17,03,13,,,4,6,,
2014/06/17,04,12,,,4,6,,
2014/06/17,05,12,,,4,6,,
2014/06/17,06,12,,,4,6,,
2014/06/17,07,11,,,4,6,,
2014/06/17,08,12,,,4,6,,
2014/06/17,09,13,,,4,6,,
2014/06/17,10,23,,,7,14,,
2014/06/17,11,112,,,9,99,,
2014/06/17,12,115,,,13,98,,
2014/06/17,13,125,,,23,98,,
2014/06/17,14,123,,,22,98,,
2014/06/17,15,125,,,24,98,,
2014/06/17,16,130,,,28,98,,
2014/06/17,17,123,,,18,102,,
2014/06/17,18,126,,,19,103,,
2014/06/17,19,132,,,14,114,,
2014/06/17,20,134,,,13,118,,
2014/06/17,21,53,,,6,44,,
2014/06/17,22,12,,,4,6,,
2014/06/17,23,12,,,4,6,,
2014/06/17,24,12,,,4,6,,
2014/06/18,01,13,,,4,6,,
2014/06/18,02,12,,,4,6,,
2014/06/18,03,12,,,4,6,,
2014/06/18,04,12,,,4,6,,
2014/06/18,05,12,,,4,6,,
2014/06/18,06,12,,,4,6,,
2014/06/18,07,12,,,4,6,,
2014/06/18,08,11,,,4,6,,
2014/06/18,09,13,,,4,6,,
2014/06/18,10,18,,,4,12,,
2014/06/18,11,105,,,8,93,,
2014/06/18,12,105,,,9,92,,
2014/06/18,13,103,,,9,91,,
2014/06/18,14,105,,,10,92,,
2014/06/18,15,111,,,16,92,,
2014/06/18,16,107,,,12,92,,
2014/06/18,17,112,,,18,91,,
2014/06/18,18,108,,,11,94,,
2014/06/18,19,119,,,11,104,,
2014/06/18,20,123,,,11,109,,
2014/06/18,21,43,,,5,36,,
2014/06/18,22,12,,,4,6,,
2014/06/18,23,13,,,4,6,,
2014/06/18,24,12,,,4,6,,
2014/06/19,01,13,,,4,6,,
2014/06/19,02,11,,,4,6,,
2014/06/19,03,13,,,4,6,,
2014/06/19,04,12,,,4,6,,
2014/06/19,05,12,,,4,6,,
2014/06/19,06,13,,,4,6,,
2014/06/19,07,12,,,4,6,,
2014/06/19,08,12,,,4,6,,
2014/06/19,09,12,,,4,6,,
2014/06/19,10,56,,,4,49,,
2014/06/19,11,107,,,10,93,,
2014/06/19,12,119,,,27,90,,
2014/06/19,13,139,,,46,90,,
2014/06/19,14,144,,,51,90,,
2014/06/19,15,146,,,53,90,,
2014/06/19,16,139,,,47,90,,
2014/06/19,17,138,,,45,90,,
2014/06/19,18,127,,,34,90,,
2014/06/19,19,136,,,29,103,,
2014/06/19,20,127,,,14,110,,
2014/06/19,21,67,,,5,60,,
2014/06/19,22,13,,,4,6,,
2014/06/19,23,12,,,4,6,,
2014/06/19,24,13,,,4,6,,
2014/06/20,01,12,,,4,6,,
2014/06/20,02,12,,,4,6,,
2014/06/20,03,12,,,4,6,,
2014/06/20,04,12,,,4,6,,
2014/06/20,05,12,,,4,6,,
2014/06/20,06,12,,,4,6,,
2014/06/20,07,12,,,4,6,,
2014/06/20,08,12,,,4,6,,
2014/06/20,09,14,,,4,8,,
2014/06/20,10,19,,,4,13,,
2014/06/20,11,98,,,6,88,,
2014/06/20,12,132,,,40,89,,
2014/06/20,13,154,,,60,91,,
2014/06/20,14,152,,,58,92,,
2014/06/20,15,150,,,55,92,,
2014/06/20,16,151,,,56,92,,
2014/06/20,17,141,,,46,92,,
2014/06/20,18,135,,,41,91,,
2014/06/20,19,140,,,31,104,,
2014/06/20,20,133,,,19,111,,
2014/06/20,21,54,,,4,47,,
2014/06/20,22,13,,,4,7,,
2014/06/20,23,12,,,4,6,,
2014/06/20,24,12,,,4,6,,
2014/06/21,01,13,,,4,6,,
2014/06/21,02,12,,,4,6,,
2014/06/21,03,12,,,4,6,,
2014/06/21,04,12,,,4,6,,
2014/06/21,05,12,,,4,6,,
2014/06/21,06,12,,,4,6,,
2014/06/21,07,12,,,4,6,,
2014/06/21,08,12,,,4,6,,
2014/06/21,09,13,,,5,7,,
2014/06/21,10,30,,,5,22,,
2014/06/21,11,110,,,18,90,,
2014/06/21,12,145,,,53,89,,
2014/06/21,13,137,,,44,89,,
2014/06/21,14,140,,,48,89,,
2014/06/21,15,139,,,48,88,,
2014/06/21,16,138,,,46,89,,
2014/06/21,17,133,,,42,89,,
2014/06/21,18,129,,,32,92,,
2014/06/21,19,127,,,22,103,,
2014/06/21,20,124,,,14,107,,
2014/06/21,21,46,,,4,39,,
2014/06/21,22,12,,,4,6,,
2014/06/21,23,12,,,4,6,,
2014/06/21,24,12,,,4,6,,
2014/06/22,01,12,,,4,6,,
2014/06/22,02,12,,,4,6,,
2014/06/22,03,12,,,4,6,,
2014/06/22,04,13,,,4,6,,
2014/06/22,05,12,,,4,6,,
2014/06/22,06,12,,,4,6,,
2014/06/22,07,12,,,4,6,,
2014/06/22,08,12,,,4,6,,
2014/06/22,09,14,,,4,8,,
2014/06/22,10,29,,,4,22,,
2014/06/22,11,102,,,7,92,,
2014/06/22,12,101,,,6,92,,
2014/06/22,13,104,,,7,94,,
2014/06/22,14,103,,,7,93,,
2014/06/22,15,104,,,7,94,,
2014/06/22,16,103,,,7,93,,
2014/06/22,17,129,,,28,97,,
2014/06/22,18,114,,,13,98,,
2014/06/22,19,128,,,15,110,,
2014/06/22,20,126,,,10,113,,
2014/06/22,21,89,,,8,78,,
2014/06/22,22,17,,,4,11,,
2014/06/22,23,13,,,4,6,,
2014/06/22,24,12,,,4,6,,
2014/06/23,01,12,,,4,6,,
2014/06/23,02,12,,,4,6,,
2014/06/23,03,12,,,4,6,,
2014/06/23,04,12,,,4,6,,
2014/06/23,05,12,,,4,6,,
2014/06/23,06,12,,,4,6,,
2014/06/23,07,12,,,4,6,,
2014/06/23,08,12,,,4,6,,
2014/06/23,09,14,,,4,7,,
2014/06/23,10,25,,,4,19,,
2014/06/23,11,122,,,15,103,,
2014/06/23,12,140,,,34,103,,
2014/06/23,13,150,,,43,103,,
2014/06/23,14,150,,,44,103,,
2014/06/23,15,149,,,44,102,,
2014/06/23,16,148,,,41,103,,
2014/06/23,17,145,,,40,102,,
2014/06/23,18,141,,,35,103,,
2014/06/23,19,140,,,23,114,,
2014/06/23,20,145,,,20,121,,
2014/06/23,21,70,,,6,60,,
2014/06/23,22,12,,,4,6,,
2014/06/23,23,12,,,4,6,,
2014/06/23,24,13,,,4,6,,
2014/06/24,01,12,,,4,6,,
2014/06/24,02,12,,,4,6,,
2014/06/24,03,12,,,4,6,,
2014/06/24,04,12,,,4,6,,
2014/06/24,05,12,,,4,6,,
2014/06/24,06,12,,,4,6,,
2014/06/24,07,12,,,4,6,,
2014/06/24,08,12,,,4,6,,
2014/06/24,09,13,,,4,7,,
2014/06/24,10,24,,,4,18,,
2014/06/24,11,139,,,45,91,,
2014/06/24,12,138,,,45,90,,
2014/06/24,13,149,,,56,90,,
2014/06/24,14,149,,,56,90,,
2014/06/24,15,156,,,64,89,,
2014/06/24,16,162,,,71,88,,
2014/06/24,17,151,,,60,88,,
2014/06/24,18,140,,,48,89,,
2014/06/24,19,142,,,37,102,,
2014/06/24,20,130,,,20,107,,
2014/06/24,21,44,,,6,35,,
2014/06/24,22,12,,,4,6,,
2014/06/24,23,13,,,4,6,,
2014/06/24,24,12,,,4,6,,
2014/06/25,01,12,,,4,6,,
2014/06/25,02,12,,,4,6,,
2014/06/25,03,13,,,4,6,,
2014/06/25,04,12,,,4,6,,
2014/06/25,05,12,,,4,6,,
2014/06/25,06,12,,,4,6,,
2014/06/25,07,12,,,4,6,,
2014/06/25,08,11,,,4,6,,
2014/06/25,09,14,,,4,8,,
2014/06/25,10,20,,,4,13,,
2014/06/25,11,107,,,16,88,,
2014/06/25,12,185,,,92,90,,
2014/06/25,13,165,,,74,89,,
2014/06/25,14,169,,,77,89,,
2014/06/25,15,165,,,72,89,,
2014/06/25,16,150,,,59,88,,
2014/06/25,17,151,,,59,89,,
2014/06/25,18,145,,,54,88,,
2014/06/25,19,146,,,42,101,,
2014/06/25,20,134,,,23,108,,
2014/06/25,21,35,,,4,28,,
2014/06/25,22,12,,,4,6,,
2014/06/25,23,13,,,4,6,,
2014/06/25,24,12,,,4,6,,
2014/06/26,01,12,,,4,6,,
2014/06/26,02,12,,,4,6,,
2014/06/26,03,13,,,4,6,,
2014/06/26,04,12,,,4,6,,
2014/06/26,05,12,,,4,6,,
2014/06/26,06,12,,,4,6,,
2014/06/26,07,11,,,4,6,,
2014/06/26,08,12,,,4,6,,
2014/06/26,09,14,,,4,8,,
2014/06/26,10,30,,,4,23,,
2014/06/26,11,98,,,6,88,,
2014/06/26,12,171,,,77,91,,
2014/06/26,13,172,,,76,92,,
2014/06/26,14,170,,,75,92,,
2014/06/26,15,173,,,78,92,,
2014/06/26,16,168,,,73,92,,
2014/06/26,17,165,,,70,93,,
2014/06/26,18,152,,,55,94,,
2014/06/26,19,149,,,39,106,,
2014/06/26,20,137,,,22,111,,
2014/06/26,21,63,,,5,56,,
2014/06/26,22,12,,,4,6,,
2014/06/26,23,13,,,4,6,,
2014/06/26,24,12,,,4,6,,
2014/06/27,01,12,,,4,6,,
2014/06/27,02,12,,,4,6,,
2014/06/27,03,13,,,4,6,,
2014/06/27,04,12,,,4,6,,
2014/06/27,05,12,,,4,6,,
2014/06/27,06,12,,,4,6,,
2014/06/27,07,12,,,4,6,,
2014/06/27,08,12,,,4,6,,
2014/06/27,09,15,,,4,8,,
2014/06/27,10,33,,,8,23,,
2014/06/27,11,113,,,10,99,,
2014/06/27,12,138,,,36,100,,
2014/06/27,13,141,,,38,99,,
2014/06/27,14,139,,,37,99,,
2014/06/27,15,140,,,39,98,,
2014/06/27,16,130,,,31,95,,
2014/06/27,17,127,,,27,96,,
2014/06/27,18,130,,,28,100,,
2014/06/27,19,142,,,29,109,,
2014/06/27,20,133,,,15,114,,
2014/06/27,21,82,,,7,72,,
2014/06/27,22,13,,,4,6,,
2014/06/27,23,12,,,4,6,,
2014/06/27,24,12,,,4,6,,
2014/06/28,01,12,,,4,6,,
2014/06/28,02,12,,,4,6,,
2014/06/28,03,12,,,4,6,,
2014/06/28,04,12,,,4,6,,
2014/06/28,05,13,,,4,6,,
2014/06/28,06,12,,,4,6,,
2014/06/28,07,12,,,4,6,,
2014/06/28,08,11,,,4,6,,
2014/06/28,09,13,,,4,7,,
2014/06/28,10,21,,,4,14,,
2014/06/28,11,107,,,12,91,,
2014/06/28,12,161,,,64,94,,
2014/06/28,13,170,,,73,94,,
2014/06/28,14,163,,,67,93,,
2014/06/28,15,157,,,61,93,,
2014/06/28,16,155,,,59,94,,
2014/06/28,17,142,,,45,93,,
2014/06/28,18,140,,,43,94,,
2014/06/28,19,141,,,34,104,,
2014/06/28,20,145,,,32,110,,
2014/06/28,21,54,,,5,47,,
2014/06/28,22,12,,,4,6,,
2014/06/28,23,12,,,4,6,,
2014/06/28,24,12,,,4,6,,
2014/06/29,01,12,,,4,6,,
2014/06/29,02,12,,,4,6,,
2014/06/29,03,13,,,4,6,,
2014/06/29,04,12,,,4,6,,
2014/06/29,05,12,,,4,6,,
2014/06/29,06,12,,,4,6,,
2014/06/29,07,12,,,4,6,,
2014/06/29,08,11,,,4,6,,
2014/06/29,09,13,,,4,7,,
2014/06/29,10,25,,,5,18,,
2014/06/29,11,148,,,54,91,,
2014/06/29,12,158,,,64,91,,
2014/06/29,13,165,,,72,90,,
2014/06/29,14,176,,,83,91,,
2014/06/29,15,174,,,79,92,,
2014/06/29,16,176,,,81,91,,
2014/06/29,17,171,,,76,92,,
2014/06/29,18,157,,,63,91,,
2014/06/29,19,157,,,49,105,,
2014/06/29,20,141,,,26,111,,
2014/06/29,21,41,,,5,33,,
2014/06/29,22,12,,,4,6,,
2014/06/29,23,12,,,4,6,,
2014/06/29,24,12,,,4,6,,
2014/06/30,01,12,,,4,6,,
2014/06/30,02,12,,,4,6,,
2014/06/30,03,12,,,4,6,,
2014/06/30,04,13,,,4,6,,
2014/06/30,05,12,,,4,6,,
2014/06/30,06,12,,,4,6,,
2014/06/30,07,12,,,4,6,,
2014/06/30,08,11,,,4,6,,
2014/06/30,09,13,,,4,6,,
2014/06/30,10,39,,,14,23,,
2014/06/30,11,161,,,67,90,,
2014/06/30,12,169,,,76,90,,
2014/06/30,13,168,,,74,90,,
2014/06/30,14,163,,,71,90,,
2014/06/30,15,158,,,66,90,,
2014/06/30,16,149,,,56,89,,
2014/06/30,17,150,,,54,93,,
2014/06/30,18,145,,,48,94,,
2014/06/30,19,142,,,36,103,,
2014/06/30,20,136,,,24,109,,
2014/06/30,21,61,,,8,50,,
2014/06/30,22,27,,,5,20,,
2014/06/30,23,13,,,4,6,,
2014/06/30,24,12,,,4,6,,
2014/07/01,01,13,,,4,6,,
2014/07/01,02,11,,,4,6,,
2014/07/01,03,13,,,4,6,,
2014/07/01,04,12,,,4,6,,
2014/07/01,05,12,,,4,6,,
2014/07/01,06,12,,,4,6,,
2014/07/01,07,12,,,4,6,,
2014/07/01,08,12,,,4,6,,
2014/07/01,09,16,,,4,10,,
2014/07/01,10,24,,,5,17,,
2014/07/01,11,135,,,43,89,,
2014/07/01,12,173,,,82,88,,
2014/07/01,13,162,,,71,88,,
2014/07/01,14,168,,,77,88,,
2014/07/01,15,171,,,81,87,,
2014/07/01,16,171,,,80,88,,
2014/07/01,17,170,,,80,88,,
2014/07/01,18,153,,,61,89,,
2014/07/01,19,148,,,46,98,,
2014/07/01,20,142,,,32,107,,
2014/07/01,21,43,,,5,36,,
2014/07/01,22,13,,,4,6,,
2014/07/01,23,12,,,4,6,,
2014/07/01,24,12,,,4,6,,
2014/07/02,01,12,,,4,6,,
2014/07/02,02,12,,,4,6,,
2014/07/02,03,12,,,4,6,,
2014/07/02,04,12,,,4,6,,
2014/07/02,05,12,,,4,6,,
2014/07/02,06,12,,,4,6,,
2014/07/02,07,12,,,4,6,,
2014/07/02,08,12,,,4,6,,
2014/07/02,09,13,,,4,7,,
2014/07/02,10,20,,,4,14,,
2014/07/02,11,150,,,58,89,,
2014/07/02,12,169,,,76,90,,
2014/07/02,13,162,,,70,90,,
2014/07/02,14,175,,,83,89,,
2014/07/02,15,165,,,73,90,,
2014/07/02,16,156,,,64,89,,
2014/07/02,17,145,,,52,90,,
2014/07/02,18,139,,,46,91,,
2014/07/02,19,144,,,38,103,,
2014/07/02,20,138,,,26,109,,
2014/07/02,21,74,,,4,67,,
2014/07/02,22,36,,,4,30,,
2014/07/02,23,12,,,4,6,,
2014/07/02,24,13,,,4,6,,
2014/07/03,01,12,,,4,6,,
2014/07/03,02,12,,,4,6,,
2014/07/03,03,12,,,4,6,,
2014/07/03,04,12,,,4,6,,
2014/07/03,05,12,,,4,6,,
2014/07/03,06,12,,,4,6,,
2014/07/03,07,12,,,4,6,,
2014/07/03,08,12,,,4,6,,
2014/07/03,09,12,,,4,6,,
2014/07/03,10,31,,,4,24,,
2014/07/03,11,99,,,7,89,,
2014/07/03,12,106,,,12,91,,
2014/07/03,13,113,,,19,91,,
2014/07/03,14,110,,,17,90,,
2014/07/03,15,109,,,16,90,,
2014/07/03,16,116,,,21,92,,
2014/07/03,17,113,,,18,92,,
2014/07/03,18,110,,,15,92,,
2014/07/03,19,122,,,16,103,,
2014/07/03,20,128,,,15,109,,
2014/07/03,21,92,,,7,82,,
2014/07/03,22,59,,,8,49,,
2014/07/03,23,12,,,4,6,,
2014/07/03,24,12,,,4,6,,
2014/07/04,01,13,,,4,6,,
2014/07/04,02,11,,,4,6,,
2014/07/04,03,13,,,4,6,,
2014/07/04,04,12,,,4,6,,
2014/07/04,05,12,,,4,6,,
2014/07/04,06,12,,,4,6,,
2014/07/04,07,12,,,4,6,,
2014/07/04,08,11,,,4,6,,
2014/07/04,09,14,,,4,7,,
2014/07/04,10,21,,,4,15,,
2014/07/04,11,123,,,29,90,,
2014/07/04,12,152,,,57,92,,
2014/07/04,13,158,,,63,92,,
2014/07/04,14,179,,,86,91,,
2014/07/04,15,166,,,73,90,,
2014/07/04,16,160,,,66,90,,
2014/07/04,17,146,,,53,90,,
2014/07/04,18,143,,,49,91,,
2014/07/04,19,144,,,38,102,,
2014/07/04,20,128,,,17,108,,
2014/07/04,21,55,,,5,48,,
2014/07/04,22,22,,,4,16,,
2014/07/04,23,12,,,4,6,,
2014/07/04,24,13,,,4,6,,
2014/07/05,01,12,,,4,6,,
2014/07/05,02,12,,,4,6,,
2014/07/05,03,12,,,4,6,,
2014/07/05,04,12,,,4,6,,
2014/07/05,05,12,,,4,6,,
2014/07/05,06,12,,,4,6,,
2014/07/05,07,12,,,4,6,,
2014/07/05,08,12,,,4,6,,
2014/07/05,09,14,,,4,8,,
2014/07/05,10,52,,,4,45,,
2014/07/05,11,145,,,53,90,,
2014/07/05,12,155,,,62,91,,
2014/07/05,13,153,,,59,90,,
2014/07/05,14,155,,,62,90,,
2014/07/05,15,140,,,48,90,,
2014/07/05,16,137,,,44,90,,
2014/07/05,17,130,,,36,90,,
2014/07/05,18,130,,,36,92,,
2014/07/05,19,141,,,35,102,,
2014/07/05,20,140,,,28,109,,
2014/07/05,21,82,,,6,73,,
2014/07/05,22,12,,,4,6,,
2014/07/05,23,12,,,4,6,,
2014/07/05,24,12,,,4,6,,
2014/07/06,01,12,,,4,6,,
2014/07/06,02,12,,,4,6,,
2014/07/06,03,13,,,4,6,,
2014/07/06,04,12,,,4,6,,
2014/07/06,05,12,,,4,6,,
2014/07/06,06,12,,,4,6,,
2014/07/06,07,12,,,4,6,,
2014/07/06,08,11,,,4,6,,
2014/07/06,09,14,,,4,7,,
2014/07/06,10,30,,,4,24,,
2014/07/06,11,167,,,74,89,,
2014/07/06,12,166,,,74,90,,
2014/07/06,13,155,,,63,89,,
2014/07/06,14,141,,,49,90,,
2014/07/06,15,129,,,36,89,,
2014/07/06,16,126,,,34,90,,
2014/07/06,17,128,,,36,90,,
2014/07/06,18,121,,,25,92,,
2014/07/06,19,138,,,31,104,,
2014/07/06,20,124,,,16,105,,
2014/07/06,21,96,,,6,86,,
2014/07/06,22,12,,,4,6,,
2014/07/06,23,12,,,4,6,,
2014/07/06,24,13,,,4,6,,
2014/07/07,01,12,,,4,6,,
2014/07/07,02,12,,,4,6,,
2014/07/07,03,12,,,4,6,,
2014/07/07,04,12,,,4,6,,
2014/07/07,05,12,,,4,6,,
2014/07/07,06,12,,,4,6,,
2014/07/07,07,12,,,4,6,,
2014/07/07,08,11,,,4,6,,
2014/07/07,09,13,,,4,7,,
2014/07/07,10,26,,,4,19,,
2014/07/07,11,101,,,10,88,,
2014/07/07,12,126,,,35,89,,
2014/07/07,13,131,,,38,89,,
2014/07/07,14,123,,,31,89,,
2014/07/07,15,131,,,39,90,,
2014/07/07,16,116,,,24,89,,
2014/07/07,17,124,,,31,90,,
2014/07/07,18,126,,,32,90,,
2014/07/07,19,129,,,24,102,,
2014/07/07,20,133,,,24,105,,
2014/07/07,21,38,,,5,31,,
2014/07/07,22,13,,,4,6,,
2014/07/07,23,12,,,4,6,,
2014/07/07,24,12,,,4,6,,
2014/07/08,01,12,,,4,6,,
2014/07/08,02,12,,,4,6,,
2014/07/08,03,13,,,4,6,,
2014/07/08,04,12,,,4,6,,
2014/07/08,05,12,,,4,6,,
2014/07/08,06,12,,,4,6,,
2014/07/08,07,11,,,4,6,,
2014/07/08,08,12,,,4,6,,
2014/07/08,09,15,,,6,7,,
2014/07/08,10,28,,,12,14,,
2014/07/08,11,185,,,81,101,,
2014/07/08,12,198,,,105,90,,
2014/07/08,13,201,,,109,89,,
2014/07/08,14,186,,,94,89,,
2014/07/08,15,205,,,113,89,,
2014/07/08,16,185,,,94,89,,
2014/07/08,17,182,,,89,89,,
2014/07/08,18,163,,,72,88,,
2014/07/08,19,163,,,61,99,,
2014/07/08,20,150,,,40,107,,
2014/07/08,21,60,,,6,50,,
2014/07/08,22,12,,,4,6,,
2014/07/08,23,12,,,4,6,,
2014/07/08,24,13,,,4,6,,
2014/07/09,01,12,,,4,6,,
2014/07/09,02,12,,,4,6,,
2014/07/09,03,12,,,4,6,,
2014/07/09,04,12,,,4,6,,
2014/07/09,05,13,,,4,6,,
2014/07/09,06,12,,,4,6,,
2014/07/09,07,12,,,4,6,,
2014/07/09,08,11,,,4,6,,
2014/07/09,09,14,,,5,6,,
2014/07/09,10,57,,,42,12,,
2014/07/09,11,152,,,61,88,,
2014/07/09,12,156,,,64,88,,
2014/07/09,13,147,,,56,88,,
2014/07/09,14,143,,,53,88,,
2014/07/09,15,148,,,58,87,,
2014/07/09,16,142,,,52,87,,
2014/07/09,17,142,,,49,89,,
2014/07/09,18,140,,,45,92,,
2014/07/09,19,150,,,45,101,,
2014/07/09,20,137,,,27,106,,
2014/07/09,21,76,,,8,65,,
2014/07/09,22,13,,,4,6,,
2014/07/09,23,12,,,4,6,,
2014/07/09,24,12,,,4,6,,
2014/07/10,01,13,,,4,6,,
2014/07/10,02,12,,,4,6,,
2014/07/10,03,12,,,4,6,,
2014/07/10,04,12,,,4,6,,
2014/07/10,05,12,,,4,6,,
2014/07/10,06,12,,,4,6,,
2014/07/10,07,12,,,4,6,,
2014/07/10,08,12,,,4,6,,
2014/07/10,09,12,,,4,6,,
2014/07/10,10,24,,,5,16,,
2014/07/10,11,164,,,69,92,,
2014/07/10,12,144,,,46,94,,
2014/07/10,13,136,,,39,94,,
2014/07/10,14,140,,,45,93,,
2014/07/10,15,141,,,45,93,,
2014/07/10,16,150,,,55,93,,
2014/07/10,17,145,,,49,93,,
2014/07/10,18,137,,,40,94,,
2014/07/10,19,145,,,39,103,,
2014/07/10,20,142,,,33,106,,
2014/07/10,21,56,,,4,49,,
2014/07/10,22,13,,,4,6,,
2014/07/10,23,12,,,4,6,,
2014/07/10,24,12,,,4,6,,
2014/07/11,01,12,,,4,6,,
2014/07/11,02,12,,,4,6,,
2014/07/11,03,12,,,4,6,,
2014/07/11,04,12,,,4,6,,
2014/07/11,05,12,,,4,6,,
2014/07/11,06,12,,,4,6,,
2014/07/11,07,12,,,4,6,,
2014/07/11,08,11,,,4,6,,
2014/07/11,09,30,,,5,23,,
2014/07/11,10,145,,,82,60,,
2014/07/11,11,166,,,75,88,,
2014/07/11,12,183,,,92,88,,
2014/07/11,13,177,,,86,88,,
2014/07/11,14,177,,,88,86,,
2014/07/11,15,178,,,88,87,,
2014/07/11,16,177,,,86,88,,
2014/07/11,17,174,,,83,88,,
2014/07/11,18,165,,,74,88,,
2014/07/11,19,165,,,60,101,,
2014/07/11,20,143,,,33,106,,
2014/07/11,21,65,,,8,54,,
2014/07/11,22,12,,,4,6,,
2014/07/11,23,13,,,4,6,,
2014/07/11,24,12,,,4,6,,
2014/07/12,01,12,,,4,6,,
2014/07/12,02,12,,,4,6,,
2014/07/12,03,12,,,4,6,,
2014/07/12,04,13,,,4,6,,
2014/07/12,05,12,,,4,6,,
2014/07/12,06,12,,,4,6,,
2014/07/12,07,12,,,4,6,,
2014/07/12,08,12,,,4,6,,
2014/07/12,09,13,,,4,8,,
2014/07/12,10,45,,,5,37,,
2014/07/12,11,205,,,111,90,,
2014/07/12,12,188,,,95,90,,
2014/07/12,13,195,,,102,90,,
2014/07/12,14,195,,,101,90,,
2014/07/12,15,191,,,99,90,,
2014/07/12,16,191,,,98,90,,
2014/07/12,17,170,,,76,91,,
2014/07/12,18,165,,,68,94,,
2014/07/12,19,169,,,60,106,,
2014/07/12,20,156,,,44,109,,
2014/07/12,21,68,,,7,58,,
2014/07/12,22,13,,,4,6,,
2014/07/12,23,12,,,4,6,,
2014/07/12,24,12,,,4,6,,
2014/07/13,01,12,,,4,6,,
2014/07/13,02,12,,,4,6,,
2014/07/13,03,12,,,4,6,,
2014/07/13,04,12,,,4,6,,
2014/07/13,05,13,,,4,6,,
2014/07/13,06,12,,,4,6,,
2014/07/13,07,11,,,4,6,,
2014/07/13,08,12,,,4,6,,
2014/07/13,09,13,,,4,7,,
2014/07/13,10,28,,,6,19,,
2014/07/13,11,173,,,76,94,,
2014/07/13,12,194,,,97,93,,
2014/07/13,13,194,,,98,93,,
2014/07/13,14,207,,,111,93,,
2014/07/13,15,195,,,97,94,,
2014/07/13,16,184,,,87,94,,
2014/07/13,17,161,,,66,93,,
2014/07/13,18,155,,,57,94,,
2014/07/13,19,164,,,55,106,,
2014/07/13,20,149,,,37,109,,
2014/07/13,21,101,,,16,82,,
2014/07/13,22,44,,,9,33,,
2014/07/13,23,12,,,4,6,,
2014/07/13,24,13,,,4,6,,
2014/07/14,01,12,,,4,6,,
2014/07/14,02,12,,,4,6,,
2014/07/14,03,12,,,4,6,,
2014/07/14,04,12,,,4,6,,
2014/07/14,05,12,,,4,6,,
2014/07/14,06,12,,,4,6,,
2014/07/14,07,12,,,4,6,,
2014/07/14,08,12,,,4,6,,
2014/07/14,09,13,,,4,7,,
2014/07/14,10,36,,,9,24,,
2014/07/14,11,169,,,69,96,,
2014/07/14,12,151,,,52,96,,
2014/07/14,13,166,,,68,95,,
2014/07/14,14,162,,,62,96,,
2014/07/14,15,149,,,50,96,,
2014/07/14,16,140,,,42,95,,
2014/07/14,17,149,,,51,95,,
2014/07/14,18,150,,,52,95,,
2014/07/14,19,157,,,48,105,,
2014/07/14,20,139,,,28,108,,
2014/07/14,21,51,,,4,45,,
2014/07/14,22,19,,,4,12,,
2014/07/14,23,12,,,4,6,,
2014/07/14,24,12,,,4,6,,
2014/07/15,01,11,,,4,6,,
2014/07/15,02,12,,,4,6,,
2014/07/15,03,12,,,4,6,,
2014/07/15,04,12,,,4,6,,
2014/07/15,05,12,,,4,6,,
2014/07/15,06,12,,,4,6,,
2014/07/15,07,12,,,4,6,,
2014/07/15,08,12,,,4,6,,
2014/07/15,09,12,,,4,6,,
2014/07/15,10,63,,,44,16,,
2014/07/15,11,162,,,64,95,,
2014/07/15,12,180,,,84,93,,
2014/07/15,13,184,,,91,90,,
2014/07/15,14,184,,,92,89,,
2014/07/15,15,195,,,102,90,,
2014/07/15,16,189,,,96,89,,
2014/07/15,17,181,,,89,89,,
2014/07/15,18,174,,,82,89,,
2014/07/15,19,178,,,71,104,,
2014/07/15,20,145,,,33,108,,
2014/07/15,21,89,,,13,74,,
2014/07/15,22,13,,,4,6,,
2014/07/15,23,12,,,4,6,,
2014/07/15,24,12,,,4,6,,
2014/07/16,01,13,,,4,6,,
2014/07/16,02,12,,,4,6,,
2014/07/16,03,12,,,4,6,,
2014/07/16,04,12,,,4,6,,
2014/07/16,05,12,,,4,6,,
2014/07/16,06,12,,,4,6,,
2014/07/16,07,12,,,4,6,,
2014/07/16,08,12,,,4,6,,
2014/07/16,09,15,,,6,8,,
2014/07/16,10,30,,,8,19,,
2014/07/16,11,252,,,156,93,,
2014/07/16,12,242,,,146,93,,
2014/07/16,13,229,,,132,93,,
2014/07/16,14,219,,,123,93,,
2014/07/16,15,218,,,121,93,,
2014/07/16,16,208,,,113,93,,
2014/07/16,17,198,,,101,93,,
2014/07/16,18,179,,,83,93,,
2014/07/16,19,189,,,79,106,,
2014/07/16,20,159,,,46,111,,
2014/07/16,21,102,,,6,92,,
2014/07/16,22,35,,,6,27,,
2014/07/16,23,13,,,4,6,,
2014/07/16,24,12,,,4,6,,
2014/07/17,01,12,,,4,6,,
2014/07/17,02,12,,,4,6,,
2014/07/17,03,12,,,4,6,,
2014/07/17,04,12,,,4,6,,
2014/07/17,05,12,,,4,6,,
2014/07/17,06,12,,,4,6,,
2014/07/17,07,12,,,4,6,,
2014/07/17,08,11,,,4,6,,
2014/07/17,09,14,,,4,8,,
2014/07/17,10,74,,,42,30,,
2014/07/17,11,235,,,141,90,,
2014/07/17,12,215,,,122,91,,
2014/07/17,13,217,,,123,91,,
2014/07/17,14,222,,,129,89,,
2014/07/17,15,213,,,121,89,,
2014/07/17,16,215,,,123,90,,
2014/07/17,17,194,,,100,90,,
2014/07/17,18,178,,,85,89,,
2014/07/17,19,173,,,68,102,,
2014/07/17,20,143,,,32,108,,
2014/07/17,21,53,,,6,45,,
2014/07/17,22,12,,,4,6,,
2014/07/17,23,13,,,4,6,,
2014/07/17,24,11,,,4,6,,
2014/07/18,01,12,,,4,6,,
2014/07/18,02,12,,,4,6,,
2014/07/18,03,12,,,4,6,,
2014/07/18,04,12,,,4,6,,
2014/07/18,05,12,,,4,6,,
2014/07/18,06,12,,,4,6,,
2014/07/18,07,12,,,4,6,,
2014/07/18,08,11,,,4,6,,
2014/07/18,09,13,,,4,7,,
2014/07/18,10,75,,,53,19,,
2014/07/18,11,230,,,138,89,,
2014/07/18,12,212,,,118,90,,
2014/07/18,13,212,,,118,90,,
2014/07/18,14,209,,,117,90,,
2014/07/18,15,196,,,104,90,,
2014/07/18,16,195,,,103,90,,
2014/07/18,17,195,,,103,89,,
2014/07/18,18,190,,,98,88,,
2014/07/18,19,178,,,74,101,,
2014/07/18,20,150,,,41,106,,
2014/07/18,21,62,,,9,50,,
2014/07/18,22,33,,,4,28,,
2014/07/18,23,12,,,4,6,,
2014/07/18,24,13,,,4,6,,
2014/07/19,01,12,,,4,6,,
2014/07/19,02,11,,,4,6,,
2014/07/19,03,13,,,4,6,,
2014/07/19,04,12,,,4,6,,
2014/07/19,05,12,,,4,6,,
2014/07/19,06,11,,,4,6,,
2014/07/19,07,12,,,4,6,,
2014/07/19,08,12,,,4,6,,
2014/07/19,09,14,,,5,7,,
2014/07/19,10,58,,,39,17,,
2014/07/19,11,219,,,122,94,,
2014/07/19,12,202,,,105,93,,
2014/07/19,13,205,,,110,92,,
2014/07/19,14,209,,,113,93,,
2014/07/19,15,210,,,114,93,,
2014/07/19,16,198,,,101,93,,
2014/07/19,17,175,,,78,94,,
2014/07/19,18,167,,,70,95,,
2014/07/19,19,183,,,72,107,,
2014/07/19,20,155,,,40,112,,
2014/07/19,21,54,,,10,42,,
2014/07/19,22,12,,,4,6,,
2014/07/19,23,12,,,4,6,,
2014/07/19,24,12,,,4,6,,
2014/07/20,01,12,,,4,6,,
2014/07/20,02,12,,,4,6,,
2014/07/20,03,12,,,4,6,,
2014/07/20,04,12,,,4,6,,
2014/07/20,05,13,,,4,6,,
2014/07/20,06,12,,,4,6,,
2014/07/20,07,11,,,4,6,,
2014/07/20,08,12,,,4,6,,
2014/07/20,09,13,,,5,6,,
2014/07/20,10,27,,,5,19,,
2014/07/20,11,196,,,104,89,,
2014/07/20,12,185,,,92,90,,
2014/07/20,13,182,,,89,90,,
2014/07/20,14,186,,,93,90,,
2014/07/20,15,192,,,99,90,,
2014/07/20,16,183,,,91,89,,
2014/07/20,17,178,,,85,90,,
2014/07/20,18,169,,,77,89,,
2014/07/20,19,174,,,68,103,,
2014/07/20,20,144,,,33,108,,
2014/07/20,21,60,,,5,52,,
2014/07/20,22,12,,,4,6,,
2014/07/20,23,12,,,4,6,,
2014/07/20,24,12,,,4,6,,
2014/07/21,01,11,,,4,6,,
2014/07/21,02,12,,,4,6,,
2014/07/21,03,12,,,4,6,,
2014/07/21,04,12,,,4,6,,
2014/07/21,05,12,,,4,6,,
2014/07/21,06,12,,,4,6,,
2014/07/21,07,12,,,4,6,,
2014/07/21,08,11,,,4,6,,
2014/07/21,09,14,,,4,7,,
2014/07/21,10,40,,,15,23,,
2014/07/21,11,228,,,131,94,,
2014/07/21,12,209,,,111,94,,
2014/07/21,13,204,,,106,94,,
2014/07/21,14,203,,,105,95,,
2014/07/21,15,198,,,101,94,,
2014/07/21,16,201,,,104,94,,
2014/07/21,17,193,,,95,94,,
2014/07/21,18,183,,,86,94,,
2014/07/21,19,188,,,76,109,,
2014/07/21,20,156,,,41,112,,
2014/07/21,21,85,,,10,72,,
2014/07/21,22,13,,,4,6,,
2014/07/21,23,12,,,4,6,,
2014/07/21,24,12,,,4,6,,
2014/07/22,01,12,,,4,6,,
2014/07/22,02,12,,,4,6,,
2014/07/22,03,12,,,4,6,,
2014/07/22,04,12,,,4,6,,
2014/07/22,05,13,,,4,6,,
2014/07/22,06,12,,,4,6,,
2014/07/22,07,12,,,4,6,,
2014/07/22,08,12,,,4,6,,
2014/07/22,09,14,,,6,6,,
2014/07/22,10,44,,,27,16,,
2014/07/22,11,245,,,149,92,,
2014/07/22,12,204,,,110,91,,
2014/07/22,13,200,,,107,90,,
2014/07/22,14,199,,,106,90,,
2014/07/22,15,198,,,105,89,,
2014/07/22,16,192,,,100,90,,
2014/07/22,17,182,,,92,87,,
2014/07/22,18,163,,,71,89,,
2014/07/22,19,173,,,68,102,,
2014/07/22,20,148,,,40,106,,
2014/07/22,21,74,,,12,59,,
2014/07/22,22,12,,,4,6,,
2014/07/22,23,12,,,4,6,,
2014/07/22,24,12,,,4,6,,
2014/07/23,01,13,,,4,6,,
2014/07/23,02,11,,,4,6,,
2014/07/23,03,12,,,4,6,,
2014/07/23,04,12,,,4,6,,
2014/07/23,05,12,,,4,6,,
2014/07/23,06,12,,,4,6,,
2014/07/23,07,12,,,4,6,,
2014/07/23,08,11,,,4,6,,
2014/07/23,09,13,,,4,7,,
2014/07/23,10,30,,,10,18,,
2014/07/23,11,249,,,157,90,,
2014/07/23,12,207,,,114,90,,
2014/07/23,13,169,,,76,89,,
2014/07/23,14,228,,,136,88,,
2014/07/23,15,209,,,118,88,,
2014/07/23,16,192,,,101,88,,
2014/07/23,17,177,,,85,89,,
2014/07/23,18,176,,,84,89,,
2014/07/23,19,173,,,66,104,,
2014/07/23,20,164,,,54,106,,
2014/07/23,21,88,,,6,80,,
2014/07/23,22,23,,,4,16,,
2014/07/23,23,12,,,4,6,,
2014/07/23,24,12,,,4,6,,
2014/07/24,01,12,,,4,6,,
2014/07/24,02,12,,,4,6,,
2014/07/24,03,12,,,4,6,,
2014/07/24,04,12,,,4,6,,
2014/07/24,05,12,,,4,6,,
2014/07/24,06,12,,,4,6,,
2014/07/24,07,12,,,4,6,,
2014/07/24,08,11,,,4,6,,
2014/07/24,09,13,,,4,6,,
2014/07/24,10,87,,,64,21,,
2014/07/24,11,210,,,118,90,,
2014/07/24,12,222,,,129,90,,
2014/07/24,13,209,,,116,90,,
2014/07/24,14,234,,,142,90,,
2014/07/24,15,218,,,125,90,,
2014/07/24,16,224,,,132,90,,
2014/07/24,17,213,,,120,89,,
2014/07/24,18,203,,,110,90,,
2014/07/24,19,191,,,83,104,,
2014/07/24,20,174,,,62,109,,
2014/07/24,21,66,,,8,56,,
2014/07/24,22,12,,,4,6,,
2014/07/24,23,13,,,4,6,,
2014/07/24,24,12,,,4,6,,
2014/07/25,01,11,,,4,6,,
2014/07/25,02,12,,,4,6,,
2014/07/25,03,12,,,4,6,,
2014/07/25,04,12,,,4,6,,
2014/07/25,05,12,,,4,6,,
2014/07/25,06,12,,,4,6,,
2014/07/25,07,11,,,4,6,,
2014/07/25,08,12,,,4,6,,
2014/07/25,09,17,,,7,7,,
2014/07/25,10,186,,,164,20,,
2014/07/25,11,230,,,134,93,,
2014/07/25,12,221,,,128,90,,
2014/07/25,13,248,,,153,91,,
2014/07/25,14,251,,,159,90,,
2014/07/25,15,261,,,168,90,,
2014/07/25,16,259,,,165,90,,
2014/07/25,17,244,,,151,90,,
2014/07/25,18,205,,,109,94,,
2014/07/25,19,197,,,88,106,,
2014/07/25,20,200,,,87,109,,
2014/07/25,21,79,,,11,66,,
2014/07/25,22,13,,,4,6,,
2014/07/25,23,12,,,4,6,,
2014/07/25,24,12,,,4,6,,
2014/07/26,01,12,,,4,6,,
2014/07/26,02,12,,,4,6,,
2014/07/26,03,12,,,4,6,,
2014/07/26,04,12,,,4,6,,
2014/07/26,05,12,,,4,6,,
2014/07/26,06,11,,,4,6,,
2014/07/26,07,12,,,4,6,,
2014/07/26,08,12,,,4,6,,
2014/07/26,09,13,,,4,7,,
2014/07/26,10,77,,,57,17,,
2014/07/26,11,234,,,138,94,,
2014/07/26,12,227,,,127,96,,
2014/07/26,13,225,,,126,96,,
2014/07/26,14,232,,,132,96,,
2014/07/26,15,232,,,132,97,,
2014/07/26,16,224,,,127,94,,
2014/07/26,17,217,,,122,92,,
2014/07/26,18,222,,,126,93,,
2014/07/26,19,208,,,96,109,,
2014/07/26,20,194,,,79,111,,
2014/07/26,21,69,,,11,56,,
2014/07/26,22,13,,,4,6,,
2014/07/26,23,12,,,4,6,,
2014/07/26,24,12,,,4,6,,
2014/07/27,01,12,,,4,6,,
2014/07/27,02,12,,,4,6,,
2014/07/27,03,12,,,4,6,,
2014/07/27,04,12,,,4,6,,
2014/07/27,05,12,,,4,6,,
2014/07/27,06,12,,,4,6,,
2014/07/27,07,12,,,4,6,,
2014/07/27,08,11,,,4,6,,
2014/07/27,09,15,,,5,7,,
2014/07/27,10,63,,,48,13,,
2014/07/27,11,250,,,156,91,,
2014/07/27,12,220,,,126,91,,
2014/07/27,13,189,,,95,90,,
2014/07/27,14,174,,,80,91,,
2014/07/27,15,182,,,88,91,,
2014/07/27,16,216,,,122,91,,
2014/07/27,17,185,,,91,91,,
2014/07/27,18,179,,,85,91,,
2014/07/27,19,186,,,75,108,,
2014/07/27,20,172,,,58,111,,
2014/07/27,21,89,,,13,73,,
2014/07/27,22,12,,,4,6,,
2014/07/27,23,12,,,4,6,,
2014/07/27,24,12,,,4,6,,
2014/07/28,01,13,,,4,6,,
2014/07/28,02,11,,,4,6,,
2014/07/28,03,13,,,4,6,,
2014/07/28,04,12,,,4,6,,
2014/07/28,05,12,,,4,6,,
2014/07/28,06,12,,,4,6,,
2014/07/28,07,11,,,4,6,,
2014/07/28,08,12,,,4,6,,
2014/07/28,09,17,,,8,6,,
2014/07/28,10,78,,,54,22,,
2014/07/28,11,165,,,71,91,,
2014/07/28,12,164,,,70,91,,
2014/07/28,13,165,,,71,91,,
2014/07/28,14,174,,,81,90,,
2014/07/28,15,181,,,88,91,,
2014/07/28,16,179,,,85,90,,
2014/07/28,17,177,,,84,90,,
2014/07/28,18,163,,,68,92,,
2014/07/28,19,169,,,59,107,,
2014/07/28,20,165,,,53,109,,
2014/07/28,21,118,,,16,99,,
2014/07/28,22,25,,,5,18,,
2014/07/28,23,13,,,4,6,,
2014/07/28,24,12,,,4,6,,
2014/07/29,01,12,,,4,6,,
2014/07/29,02,12,,,4,6,,
2014/07/29,03,13,,,4,6,,
2014/07/29,04,12,,,4,6,,
2014/07/29,05,12,,,4,6,,
2014/07/29,06,12,,,4,6,,
2014/07/29,07,12,,,4,6,,
2014/07/29,08,12,,,4,6,,
2014/07/29,09,14,,,4,7,,
2014/07/29,10,31,,,9,20,,
2014/07/29,11,199,,,106,89,,
2014/07/29,12,179,,,88,88,,
2014/07/29,13,198,,,105,90,,
2014/07/29,14,193,,,100,89,,
2014/07/29,15,188,,,96,89,,
2014/07/29,16,191,,,98,89,,
2014/07/29,17,188,,,95,90,,
2014/07/29,18,173,,,79,91,,
2014/07/29,19,168,,,60,104,,
2014/07/29,20,169,,,58,108,,
2014/07/29,21,47,,,6,39,,
2014/07/29,22,12,,,4,6,,
2014/07/29,23,12,,,4,6,,
2014/07/29,24,12,,,4,6,,
2014/07/30,01,12,,,4,6,,
2014/07/30,02,12,,,4,6,,
2014/07/30,03,12,,,4,6,,
2014/07/30,04,12,,,4,6,,
2014/07/30,05,12,,,4,6,,
2014/07/30,06,12,,,4,6,,
2014/07/30,07,12,,,4,6,,
2014/07/30,08,12,,,4,6,,
2014/07/30,09,13,,,4,7,,
2014/07/30,10,58,,,41,14,,
2014/07/30,11,242,,,150,88,,
2014/07/30,12,240,,,149,88,,
2014/07/30,13,230,,,140,87,,
2014/07/30,14,201,,,110,88,,
2014/07/30,15,156,,,64,88,,
2014/07/30,16,165,,,72,89,,
2014/07/30,17,156,,,62,92,,
2014/07/30,18,157,,,62,92,,
2014/07/30,19,160,,,52,105,,
2014/07/30,20,159,,,47,108,,
2014/07/30,21,70,,,12,56,,
2014/07/30,22,12,,,4,6,,
2014/07/30,23,12,,,4,6,,
2014/07/30,24,13,,,4,6,,
2014/07/31,01,12,,,4,6,,
2014/07/31,02,11,,,4,6,,
2014/07/31,03,13,,,4,6,,
2014/07/31,04,12,,,4,6,,
2014/07/31,05,12,,,4,6,,
2014/07/31,06,12,,,4,6,,
2014/07/31,07,12,,,4,6,,
2014/07/31,08,12,,,4,6,,
2014/07/31,09,16,,,8,6,,
2014/07/31,10,93,,,70,20,,
2014/07/31,11,223,,,122,98,,
2014/07/31,12,227,,,124,99,,
2014/07/31,13,209,,,107,98,,
2014/07/31,14,207,,,106,98,,
2014/07/31,15,221,,,119,98,,
2014/07/31,16,188,,,88,97,,
2014/07/31,17,198,,,96,98,,
2014/07/31,18,175,,,70,101,,
2014/07/31,19,175,,,57,115,,
2014/07/31,20,184,,,65,116,,
2014/07/31,21,117,,,18,96,,
2014/07/31,22,31,,,8,20,,
2014/07/31,23,13,,,4,6,,
2014/07/31,24,12,,,4,6,,
