計測日,計測時間,全体,空調,照明,動力,電灯,冷凍・冷熱,その他
2013/01/01,01,35,11,,,14,,
2013/01/01,02,34,10,,,15,,
2013/01/01,03,35,12,,,15,,
2013/01/01,04,33,11,,,13,,
2013/01/01,05,34,11,,,14,,
2013/01/01,06,41,15,,,16,,
2013/01/01,07,42,14,,,19,,
2013/01/01,08,47,14,,,19,,
2013/01/01,09,51,18,,,20,,
2013/01/01,10,54,14,,,19,,
2013/01/01,11,55,22,,,20,,
2013/01/01,12,68,30,,,22,,
2013/01/01,13,65,27,,,21,,
2013/01/01,14,61,23,,,21,,
2013/01/01,15,58,20,,,22,,
2013/01/01,16,40,8,,,16,,
2013/01/01,17,50,16,,,21,,
2013/01/01,18,58,22,,,21,,
2013/01/01,19,56,18,,,21,,
2013/01/01,20,50,17,,,21,,
2013/01/01,21,42,13,,,19,,
2013/01/01,22,43,17,,,18,,
2013/01/01,23,39,13,,,16,,
2013/01/01,24,38,16,,,15,,
2013/01/02,01,40,15,,,14,,
2013/01/02,02,37,15,,,14,,
2013/01/02,03,39,16,,,16,,
2013/01/02,04,37,14,,,14,,
2013/01/02,05,41,18,,,15,,
2013/01/02,06,42,16,,,18,,
2013/01/02,07,47,17,,,16,,
2013/01/02,08,47,15,,,20,,
2013/01/02,09,48,14,,,18,,
2013/01/02,10,55,17,,,22,,
2013/01/02,11,47,11,,,20,,
2013/01/02,12,46,14,,,21,,
2013/01/02,13,54,18,,,22,,
2013/01/02,14,58,16,,,21,,
2013/01/02,15,57,17,,,21,,
2013/01/02,16,57,17,,,22,,
2013/01/02,17,61,23,,,22,,
2013/01/02,18,53,16,,,24,,
2013/01/02,19,57,17,,,23,,
2013/01/02,20,50,15,,,23,,
2013/01/02,21,40,12,,,17,,
2013/01/02,22,47,20,,,18,,
2013/01/02,23,47,21,,,16,,
2013/01/02,24,48,24,,,16,,
2013/01/03,01,46,20,,,15,,
2013/01/03,02,45,21,,,17,,
2013/01/03,03,44,20,,,15,,
2013/01/03,04,47,22,,,18,,
2013/01/03,05,46,21,,,17,,
2013/01/03,06,50,23,,,16,,
2013/01/03,07,53,23,,,21,,
2013/01/03,08,61,26,,,21,,
2013/01/03,09,61,26,,,18,,
2013/01/03,10,74,29,,,24,,
2013/01/03,11,70,30,,,23,,
2013/01/03,12,71,28,,,24,,
2013/01/03,13,56,21,,,20,,
2013/01/03,14,62,18,,,22,,
2013/01/03,15,53,15,,,21,,
2013/01/03,16,54,14,,,22,,
2013/01/03,17,60,19,,,21,,
2013/01/03,18,60,19,,,25,,
2013/01/03,19,57,17,,,23,,
2013/01/03,20,57,20,,,22,,
2013/01/03,21,55,26,,,20,,
2013/01/03,22,53,26,,,19,,
2013/01/03,23,51,25,,,16,,
2013/01/03,24,52,27,,,16,,
2013/01/04,01,54,25,,,18,,
2013/01/04,02,53,27,,,17,,
2013/01/04,03,53,28,,,15,,
2013/01/04,04,51,26,,,16,,
2013/01/04,05,53,27,,,17,,
2013/01/04,06,54,28,,,17,,
2013/01/04,07,64,30,,,18,,
2013/01/04,08,64,31,,,20,,
2013/01/04,09,81,36,,,25,,
2013/01/04,10,92,41,,,28,,
2013/01/04,11,82,34,,,27,,
2013/01/04,12,81,33,,,29,,
2013/01/04,13,69,25,,,26,,
2013/01/04,14,79,26,,,30,,
2013/01/04,15,90,39,,,29,,
2013/01/04,16,90,39,,,33,,
2013/01/04,17,88,38,,,28,,
2013/01/04,18,80,37,,,28,,
2013/01/04,19,76,34,,,25,,
2013/01/04,20,60,25,,,21,,
2013/01/04,21,52,25,,,18,,
2013/01/04,22,48,23,,,17,,
2013/01/04,23,51,27,,,16,,
2013/01/04,24,49,25,,,15,,
2013/01/05,01,49,23,,,16,,
2013/01/05,02,49,26,,,16,,
2013/01/05,03,47,24,,,16,,
2013/01/05,04,37,14,,,15,,
2013/01/05,05,37,14,,,14,,
2013/01/05,06,41,16,,,16,,
2013/01/05,07,55,21,,,20,,
2013/01/05,08,64,29,,,21,,
2013/01/05,09,76,34,,,24,,
2013/01/05,10,97,48,,,25,,
2013/01/05,11,87,41,,,27,,
2013/01/05,12,87,38,,,29,,
2013/01/05,13,76,34,,,29,,
2013/01/05,14,75,24,,,27,,
2013/01/05,15,76,26,,,29,,
2013/01/05,16,71,25,,,28,,
2013/01/05,17,82,34,,,27,,
2013/01/05,18,74,32,,,28,,
2013/01/05,19,59,18,,,24,,
2013/01/05,20,45,13,,,19,,
2013/01/05,21,47,21,,,17,,
2013/01/05,22,50,24,,,16,,
2013/01/05,23,48,25,,,16,,
2013/01/05,24,50,27,,,16,,
2013/01/06,01,49,24,,,15,,
2013/01/06,02,49,25,,,16,,
2013/01/06,03,51,28,,,16,,
2013/01/06,04,52,27,,,16,,
2013/01/06,05,48,25,,,16,,
2013/01/06,06,54,29,,,17,,
2013/01/06,07,59,29,,,19,,
2013/01/06,08,59,28,,,21,,
2013/01/06,09,74,35,,,21,,
2013/01/06,10,74,31,,,21,,
2013/01/06,11,70,27,,,24,,
2013/01/06,12,66,26,,,23,,
2013/01/06,13,48,15,,,20,,
2013/01/06,14,53,14,,,20,,
2013/01/06,15,53,14,,,21,,
2013/01/06,16,51,13,,,18,,
2013/01/06,17,50,15,,,21,,
2013/01/06,18,45,14,,,22,,
2013/01/06,19,47,10,,,19,,
2013/01/06,20,45,10,,,21,,
2013/01/06,21,36,11,,,17,,
2013/01/06,22,33,11,,,15,,
2013/01/06,23,34,10,,,14,,
2013/01/06,24,34,11,,,15,,
2013/01/07,01,36,14,,,13,,
2013/01/07,02,35,14,,,15,,
2013/01/07,03,34,13,,,13,,
2013/01/07,04,37,17,,,11,,
2013/01/07,05,39,19,,,14,,
2013/01/07,06,43,20,,,15,,
2013/01/07,07,49,18,,,16,,
2013/01/07,08,51,19,,,18,,
2013/01/07,09,71,31,,,22,,
2013/01/07,10,81,32,,,26,,
2013/01/07,11,71,23,,,26,,
2013/01/07,12,61,16,,,25,,
2013/01/07,13,53,13,,,25,,
2013/01/07,14,59,11,,,24,,
2013/01/07,15,62,14,,,26,,
2013/01/07,16,61,14,,,27,,
2013/01/07,17,56,10,,,26,,
2013/01/07,18,54,14,,,24,,
2013/01/07,19,51,11,,,25,,
2013/01/07,20,49,15,,,19,,
2013/01/07,21,37,12,,,18,,
2013/01/07,22,37,13,,,14,,
2013/01/07,23,35,11,,,14,,
2013/01/07,24,36,15,,,13,,
2013/01/08,01,43,20,,,15,,
2013/01/08,02,39,16,,,12,,
2013/01/08,03,41,19,,,16,,
2013/01/08,04,42,20,,,14,,
2013/01/08,05,41,18,,,14,,
2013/01/08,06,45,21,,,15,,
2013/01/08,07,49,18,,,18,,
2013/01/08,08,53,21,,,17,,
2013/01/08,09,71,31,,,23,,
2013/01/08,10,78,29,,,24,,
2013/01/08,11,71,24,,,26,,
2013/01/08,12,68,23,,,25,,
2013/01/08,13,62,21,,,26,,
2013/01/08,14,66,16,,,27,,
2013/01/08,15,69,20,,,25,,
2013/01/08,16,71,24,,,30,,
2013/01/08,17,82,31,,,30,,
2013/01/08,18,72,28,,,28,,
2013/01/08,19,67,26,,,25,,
2013/01/08,20,54,19,,,22,,
2013/01/08,21,47,20,,,18,,
2013/01/08,22,45,18,,,18,,
2013/01/08,23,46,21,,,16,,
2013/01/08,24,44,18,,,17,,
2013/01/09,01,48,25,,,15,,
2013/01/09,02,44,20,,,16,,
2013/01/09,03,47,24,,,15,,
2013/01/09,04,45,22,,,15,,
2013/01/09,05,46,23,,,15,,
2013/01/09,06,54,28,,,19,,
2013/01/09,07,62,29,,,18,,
2013/01/09,08,57,26,,,18,,
2013/01/09,09,74,34,,,23,,
2013/01/09,10,87,37,,,27,,
2013/01/09,11,80,31,,,25,,
2013/01/09,12,69,24,,,26,,
2013/01/09,13,66,27,,,27,,
2013/01/09,14,75,23,,,27,,
2013/01/09,15,68,19,,,26,,
2013/01/09,16,60,16,,,26,,
2013/01/09,17,66,18,,,28,,
2013/01/09,18,64,22,,,27,,
2013/01/09,19,61,22,,,24,,
2013/01/09,20,52,16,,,22,,
2013/01/09,21,48,18,,,19,,
2013/01/09,22,51,24,,,18,,
2013/01/09,23,47,20,,,20,,
2013/01/09,24,50,25,,,16,,
2013/01/10,01,52,24,,,18,,
2013/01/10,02,48,22,,,18,,
2013/01/10,03,51,26,,,17,,
2013/01/10,04,49,23,,,17,,
2013/01/10,05,51,26,,,18,,
2013/01/10,06,54,26,,,18,,
2013/01/10,07,57,25,,,21,,
2013/01/10,08,60,27,,,21,,
2013/01/10,09,73,35,,,23,,
2013/01/10,10,88,38,,,27,,
2013/01/10,11,83,32,,,28,,
2013/01/10,12,76,30,,,25,,
2013/01/10,13,73,30,,,28,,
2013/01/10,14,75,25,,,28,,
2013/01/10,15,76,26,,,27,,
2013/01/10,16,70,26,,,29,,
2013/01/10,17,76,27,,,28,,
2013/01/10,18,66,23,,,26,,
2013/01/10,19,64,24,,,23,,
2013/01/10,20,57,22,,,21,,
2013/01/10,21,43,16,,,19,,
2013/01/10,22,40,17,,,15,,
2013/01/10,23,41,18,,,12,,
2013/01/10,24,39,19,,,14,,
2013/01/11,01,43,20,,,14,,
2013/01/11,02,42,19,,,15,,
2013/01/11,03,40,18,,,15,,
2013/01/11,04,44,21,,,14,,
2013/01/11,05,43,20,,,14,,
2013/01/11,06,44,20,,,18,,
2013/01/11,07,56,25,,,18,,
2013/01/11,08,61,27,,,20,,
2013/01/11,09,80,39,,,22,,
2013/01/11,10,85,34,,,27,,
2013/01/11,11,82,36,,,26,,
2013/01/11,12,77,30,,,28,,
2013/01/11,13,72,29,,,27,,
2013/01/11,14,74,25,,,28,,
2013/01/11,15,78,27,,,31,,
2013/01/11,16,77,30,,,26,,
2013/01/11,17,77,28,,,30,,
2013/01/11,18,66,26,,,27,,
2013/01/11,19,64,22,,,24,,
2013/01/11,20,51,17,,,23,,
2013/01/11,21,43,18,,,17,,
2013/01/11,22,43,20,,,15,,
2013/01/11,23,44,21,,,16,,
2013/01/11,24,43,19,,,15,,
2013/01/12,01,46,23,,,13,,
2013/01/12,02,42,19,,,15,,
2013/01/12,03,46,24,,,15,,
2013/01/12,04,45,22,,,13,,
2013/01/12,05,44,21,,,15,,
2013/01/12,06,51,26,,,17,,
2013/01/12,07,55,23,,,18,,
2013/01/12,08,54,23,,,17,,
2013/01/12,09,68,29,,,22,,
2013/01/12,10,77,29,,,27,,
2013/01/12,11,76,32,,,26,,
2013/01/12,12,75,30,,,27,,
2013/01/12,13,60,20,,,24,,
2013/01/12,14,68,19,,,26,,
2013/01/12,15,63,14,,,26,,
2013/01/12,16,53,9,,,25,,
2013/01/12,17,55,13,,,26,,
2013/01/12,18,48,8,,,24,,
2013/01/12,19,44,5,,,19,,
2013/01/12,20,41,8,,,22,,
2013/01/12,21,33,7,,,16,,
2013/01/12,22,31,10,,,16,,
2013/01/12,23,30,7,,,13,,
2013/01/12,24,30,9,,,14,,
2013/01/13,01,44,20,,,12,,
2013/01/13,02,40,19,,,17,,
2013/01/13,03,41,18,,,14,,
2013/01/13,04,44,20,,,16,,
2013/01/13,05,43,19,,,16,,
2013/01/13,06,45,20,,,18,,
2013/01/13,07,50,20,,,20,,
2013/01/13,08,59,26,,,19,,
2013/01/13,09,62,27,,,20,,
2013/01/13,10,65,23,,,22,,
2013/01/13,11,66,24,,,20,,
2013/01/13,12,64,25,,,23,,
2013/01/13,13,53,17,,,20,,
2013/01/13,14,66,23,,,21,,
2013/01/13,15,66,23,,,23,,
2013/01/13,16,56,16,,,21,,
2013/01/13,17,60,21,,,22,,
2013/01/13,18,53,19,,,21,,
2013/01/13,19,52,14,,,23,,
2013/01/13,20,47,16,,,20,,
2013/01/13,21,41,14,,,20,,
2013/01/13,22,39,14,,,17,,
2013/01/13,23,38,15,,,15,,
2013/01/13,24,38,15,,,15,,
2013/01/14,01,40,17,,,16,,
2013/01/14,02,36,13,,,14,,
2013/01/14,03,40,18,,,15,,
2013/01/14,04,42,20,,,15,,
2013/01/14,05,40,18,,,15,,
2013/01/14,06,46,21,,,15,,
2013/01/14,07,59,25,,,17,,
2013/01/14,08,57,23,,,21,,
2013/01/14,09,76,30,,,25,,
2013/01/14,10,90,38,,,27,,
2013/01/14,11,83,36,,,29,,
2013/01/14,12,79,32,,,28,,
2013/01/14,13,75,32,,,27,,
2013/01/14,14,78,27,,,30,,
2013/01/14,15,79,28,,,28,,
2013/01/14,16,77,28,,,29,,
2013/01/14,17,72,24,,,29,,
2013/01/14,18,68,24,,,28,,
2013/01/14,19,58,18,,,23,,
2013/01/14,20,46,13,,,21,,
2013/01/14,21,42,15,,,19,,
2013/01/14,22,38,16,,,14,,
2013/01/14,23,37,16,,,15,,
2013/01/14,24,37,15,,,16,,
2013/01/15,01,37,16,,,14,,
2013/01/15,02,37,16,,,14,,
2013/01/15,03,39,20,,,14,,
2013/01/15,04,36,16,,,14,,
2013/01/15,05,36,15,,,13,,
2013/01/15,06,45,20,,,18,,
2013/01/15,07,59,23,,,19,,
2013/01/15,08,54,22,,,21,,
2013/01/15,09,64,22,,,21,,
2013/01/15,10,92,39,,,27,,
2013/01/15,11,89,37,,,30,,
2013/01/15,12,82,34,,,29,,
2013/01/15,13,68,24,,,28,,
2013/01/15,14,77,23,,,29,,
2013/01/15,15,65,15,,,28,,
2013/01/15,16,63,15,,,29,,
2013/01/15,17,67,21,,,24,,
2013/01/15,18,63,22,,,27,,
2013/01/15,19,52,13,,,22,,
2013/01/15,20,43,10,,,20,,
2013/01/15,21,38,9,,,17,,
2013/01/15,22,34,11,,,16,,
2013/01/15,23,32,10,,,14,,
2013/01/15,24,32,11,,,15,,
2013/01/16,01,32,10,,,13,,
2013/01/16,02,31,11,,,13,,
2013/01/16,03,34,12,,,13,,
2013/01/16,04,47,25,,,15,,
2013/01/16,05,47,25,,,13,,
2013/01/16,06,47,22,,,17,,
2013/01/16,07,53,21,,,19,,
2013/01/16,08,58,26,,,19,,
2013/01/16,09,74,30,,,24,,
2013/01/16,10,82,36,,,25,,
2013/01/16,11,76,30,,,25,,
2013/01/16,12,71,27,,,26,,
2013/01/16,13,63,22,,,26,,
2013/01/16,14,54,7,,,25,,
2013/01/16,15,58,13,,,27,,
2013/01/16,16,57,11,,,24,,
2013/01/16,17,60,12,,,25,,
2013/01/16,18,50,11,,,25,,
2013/01/16,19,47,10,,,22,,
2013/01/16,20,35,1,,,20,,
2013/01/16,21,28,2,,,14,,
2013/01/16,22,32,10,,,15,,
2013/01/16,23,43,20,,,16,,
2013/01/16,24,42,20,,,13,,
2013/01/17,01,42,19,,,15,,
2013/01/17,02,40,18,,,14,,
2013/01/17,03,44,21,,,15,,
2013/01/17,04,41,19,,,15,,
2013/01/17,05,42,19,,,14,,
2013/01/17,06,45,19,,,15,,
2013/01/17,07,53,20,,,18,,
2013/01/17,08,57,24,,,20,,
2013/01/17,09,69,27,,,22,,
2013/01/17,10,83,33,,,28,,
2013/01/17,11,78,30,,,27,,
2013/01/17,12,70,23,,,26,,
2013/01/17,13,60,18,,,28,,
2013/01/17,14,74,22,,,28,,
2013/01/17,15,67,20,,,26,,
2013/01/17,16,76,28,,,28,,
2013/01/17,17,77,30,,,27,,
2013/01/17,18,76,32,,,28,,
2013/01/17,19,68,28,,,25,,
2013/01/17,20,59,22,,,22,,
2013/01/17,21,49,22,,,16,,
2013/01/17,22,44,19,,,18,,
2013/01/17,23,47,23,,,14,,
2013/01/17,24,44,19,,,14,,
2013/01/18,01,45,20,,,16,,
2013/01/18,02,43,21,,,14,,
2013/01/18,03,43,20,,,16,,
2013/01/18,04,45,22,,,15,,
2013/01/18,05,45,23,,,14,,
2013/01/18,06,50,24,,,17,,
2013/01/18,07,61,29,,,18,,
2013/01/18,08,78,42,,,23,,
2013/01/18,09,76,35,,,22,,
2013/01/18,10,92,41,,,27,,
2013/01/18,11,87,38,,,24,,
2013/01/18,12,87,39,,,27,,
2013/01/18,13,79,36,,,27,,
2013/01/18,14,79,29,,,29,,
2013/01/18,15,87,36,,,28,,
2013/01/18,16,80,32,,,28,,
2013/01/18,17,80,31,,,26,,
2013/01/18,18,74,31,,,26,,
2013/01/18,19,66,26,,,24,,
2013/01/18,20,54,21,,,18,,
2013/01/18,21,47,20,,,19,,
2013/01/18,22,47,21,,,15,,
2013/01/18,23,43,20,,,15,,
2013/01/18,24,43,21,,,14,,
2013/01/19,01,45,21,,,15,,
2013/01/19,02,43,20,,,16,,
2013/01/19,03,43,21,,,13,,
2013/01/19,04,47,24,,,16,,
2013/01/19,05,45,22,,,15,,
2013/01/19,06,46,20,,,16,,
2013/01/19,07,54,25,,,20,,
2013/01/19,08,56,22,,,20,,
2013/01/19,09,66,26,,,22,,
2013/01/19,10,77,29,,,23,,
2013/01/19,11,69,25,,,25,,
2013/01/19,12,59,17,,,23,,
2013/01/19,13,59,21,,,25,,
2013/01/19,14,60,17,,,23,,
2013/01/19,15,67,20,,,26,,
2013/01/19,16,62,18,,,27,,
2013/01/19,17,63,18,,,25,,
2013/01/19,18,54,12,,,24,,
2013/01/19,19,48,10,,,21,,
2013/01/19,20,41,8,,,20,,
2013/01/19,21,32,7,,,17,,
2013/01/19,22,29,6,,,12,,
2013/01/19,23,28,7,,,14,,
2013/01/19,24,30,11,,,12,,
2013/01/20,01,29,10,,,11,,
2013/01/20,02,31,10,,,11,,
2013/01/20,03,32,12,,,13,,
2013/01/20,04,31,11,,,13,,
2013/01/20,05,33,12,,,12,,
2013/01/20,06,37,16,,,13,,
2013/01/20,07,46,19,,,18,,
2013/01/20,08,53,20,,,20,,
2013/01/20,09,54,19,,,19,,
2013/01/20,10,59,17,,,21,,
2013/01/20,11,59,19,,,21,,
2013/01/20,12,60,22,,,20,,
2013/01/20,13,53,17,,,22,,
2013/01/20,14,58,17,,,20,,
2013/01/20,15,60,20,,,22,,
2013/01/20,16,62,21,,,23,,
2013/01/20,17,59,19,,,23,,
2013/01/20,18,56,20,,,21,,
2013/01/20,19,55,18,,,22,,
2013/01/20,20,51,17,,,20,,
2013/01/20,21,43,16,,,19,,
2013/01/20,22,45,22,,,15,,
2013/01/20,23,43,19,,,16,,
2013/01/20,24,42,19,,,15,,
2013/01/21,01,42,18,,,16,,
2013/01/21,02,42,20,,,14,,
2013/01/21,03,43,20,,,15,,
2013/01/21,04,44,22,,,14,,
2013/01/21,05,43,20,,,16,,
2013/01/21,06,48,22,,,17,,
2013/01/21,07,54,23,,,17,,
2013/01/21,08,54,23,,,18,,
2013/01/21,09,70,29,,,22,,
2013/01/21,10,95,43,,,27,,
2013/01/21,11,86,33,,,29,,
2013/01/21,12,84,35,,,29,,
2013/01/21,13,79,33,,,29,,
2013/01/21,14,81,28,,,31,,
2013/01/21,15,82,28,,,30,,
2013/01/21,16,80,29,,,31,,
2013/01/21,17,77,26,,,29,,
2013/01/21,18,67,24,,,29,,
2013/01/21,19,59,18,,,25,,
2013/01/21,20,51,15,,,21,,
2013/01/21,21,47,19,,,17,,
2013/01/21,22,42,17,,,17,,
2013/01/21,23,41,17,,,14,,
2013/01/21,24,40,17,,,16,,
2013/01/22,01,42,19,,,14,,
2013/01/22,02,41,17,,,16,,
2013/01/22,03,44,21,,,15,,
2013/01/22,04,41,18,,,16,,
2013/01/22,05,45,19,,,16,,
2013/01/22,06,45,19,,,18,,
2013/01/22,07,55,18,,,20,,
2013/01/22,08,52,17,,,20,,
2013/01/22,09,70,25,,,25,,
2013/01/22,10,84,30,,,28,,
2013/01/22,11,80,29,,,31,,
2013/01/22,12,76,25,,,30,,
2013/01/22,13,70,24,,,29,,
2013/01/22,14,73,23,,,29,,
2013/01/22,15,76,23,,,31,,
2013/01/22,16,74,26,,,31,,
2013/01/22,17,73,22,,,30,,
2013/01/22,18,67,22,,,30,,
2013/01/22,19,59,18,,,24,,
2013/01/22,20,52,14,,,22,,
2013/01/22,21,46,15,,,22,,
2013/01/22,22,42,17,,,17,,
2013/01/22,23,40,15,,,16,,
2013/01/22,24,41,15,,,17,,
2013/01/23,01,42,16,,,15,,
2013/01/23,02,43,19,,,17,,
2013/01/23,03,41,17,,,16,,
2013/01/23,04,43,19,,,15,,
2013/01/23,05,42,18,,,17,,
2013/01/23,06,47,20,,,18,,
2013/01/23,07,52,18,,,19,,
2013/01/23,08,60,24,,,21,,
2013/01/23,09,69,27,,,25,,
2013/01/23,10,84,33,,,25,,
2013/01/23,11,82,32,,,28,,
2013/01/23,12,73,27,,,27,,
2013/01/23,13,73,27,,,31,,
2013/01/23,14,81,27,,,31,,
2013/01/23,15,77,26,,,31,,
2013/01/23,16,74,23,,,30,,
2013/01/23,17,80,26,,,31,,
2013/01/23,18,69,23,,,30,,
2013/01/23,19,63,21,,,24,,
2013/01/23,20,53,14,,,25,,
2013/01/23,21,48,16,,,21,,
2013/01/23,22,45,15,,,20,,
2013/01/23,23,48,18,,,20,,
2013/01/23,24,46,17,,,17,,
2013/01/24,01,46,18,,,17,,
2013/01/24,02,44,17,,,17,,
2013/01/24,03,47,19,,,17,,
2013/01/24,04,45,17,,,18,,
2013/01/24,05,46,20,,,15,,
2013/01/24,06,53,21,,,20,,
2013/01/24,07,66,26,,,21,,
2013/01/24,08,59,22,,,23,,
2013/01/24,09,75,33,,,25,,
2013/01/24,10,82,29,,,28,,
2013/01/24,11,71,21,,,26,,
2013/01/24,12,65,15,,,27,,
2013/01/24,13,62,19,,,28,,
2013/01/24,14,68,17,,,25,,
2013/01/24,15,67,15,,,28,,
2013/01/24,16,68,16,,,30,,
2013/01/24,17,63,15,,,27,,
2013/01/24,18,57,16,,,24,,
2013/01/24,19,57,15,,,27,,
2013/01/24,20,46,9,,,20,,
2013/01/24,21,41,11,,,21,,
2013/01/24,22,33,9,,,13,,
2013/01/24,23,33,11,,,14,,
2013/01/24,24,32,11,,,13,,
2013/01/25,01,30,8,,,10,,
2013/01/25,02,33,11,,,12,,
2013/01/25,03,25,5,,,12,,
2013/01/25,04,24,3,,,10,,
2013/01/25,05,23,3,,,10,,
2013/01/25,06,25,4,,,12,,
2013/01/25,07,31,4,,,17,,
2013/01/25,08,36,4,,,16,,
2013/01/25,09,51,15,,,22,,
2013/01/25,10,64,15,,,23,,
2013/01/25,11,62,17,,,26,,
2013/01/25,12,62,16,,,27,,
2013/01/25,13,57,13,,,25,,
2013/01/25,14,67,20,,,27,,
2013/01/25,15,59,12,,,26,,
2013/01/25,16,65,16,,,27,,
2013/01/25,17,81,31,,,29,,
2013/01/25,18,85,39,,,28,,
2013/01/25,19,69,28,,,24,,
2013/01/25,20,69,29,,,22,,
2013/01/25,21,56,26,,,20,,
2013/01/25,22,48,21,,,15,,
2013/01/25,23,51,26,,,15,,
2013/01/25,24,48,23,,,14,,
2013/01/26,01,47,21,,,16,,
2013/01/26,02,47,22,,,15,,
2013/01/26,03,44,21,,,14,,
2013/01/26,04,45,22,,,13,,
2013/01/26,05,45,23,,,14,,
2013/01/26,06,48,22,,,16,,
2013/01/26,07,55,22,,,17,,
2013/01/26,08,57,24,,,19,,
2013/01/26,09,73,31,,,21,,
2013/01/26,10,85,37,,,26,,
2013/01/26,11,78,30,,,24,,
2013/01/26,12,74,32,,,24,,
2013/01/26,13,71,30,,,26,,
2013/01/26,14,80,29,,,25,,
2013/01/26,15,78,28,,,30,,
2013/01/26,16,79,33,,,26,,
2013/01/26,17,75,30,,,26,,
2013/01/26,18,77,34,,,26,,
2013/01/26,19,58,20,,,22,,
2013/01/26,20,55,20,,,19,,
2013/01/26,21,51,23,,,17,,
2013/01/26,22,46,21,,,17,,
2013/01/26,23,49,23,,,15,,
2013/01/26,24,42,17,,,14,,
2013/01/27,01,47,22,,,15,,
2013/01/27,02,48,25,,,14,,
2013/01/27,03,44,19,,,15,,
2013/01/27,04,50,26,,,13,,
2013/01/27,05,48,25,,,16,,
2013/01/27,06,53,25,,,18,,
2013/01/27,07,57,22,,,18,,
2013/01/27,08,64,27,,,20,,
2013/01/27,09,60,27,,,19,,
2013/01/27,10,65,22,,,19,,
2013/01/27,11,57,17,,,21,,
2013/01/27,12,51,14,,,16,,
2013/01/27,13,47,15,,,19,,
2013/01/27,14,47,7,,,16,,
2013/01/27,15,52,13,,,20,,
2013/01/27,16,49,9,,,20,,
2013/01/27,17,49,12,,,18,,
2013/01/27,18,49,16,,,21,,
2013/01/27,19,46,11,,,18,,
2013/01/27,20,44,12,,,18,,
2013/01/27,21,36,11,,,14,,
2013/01/27,22,36,12,,,14,,
2013/01/27,23,43,20,,,13,,
2013/01/27,24,46,23,,,14,,
2013/01/28,01,48,26,,,13,,
2013/01/28,02,45,22,,,13,,
2013/01/28,03,48,25,,,14,,
2013/01/28,04,46,23,,,13,,
2013/01/28,05,46,23,,,15,,
2013/01/28,06,48,22,,,14,,
2013/01/28,07,53,23,,,19,,
2013/01/28,08,57,25,,,18,,
2013/01/28,09,80,41,,,23,,
2013/01/28,10,78,28,,,23,,
2013/01/28,11,73,24,,,25,,
2013/01/28,12,72,27,,,26,,
2013/01/28,13,61,19,,,26,,
2013/01/28,14,70,24,,,25,,
2013/01/28,15,71,24,,,28,,
2013/01/28,16,71,25,,,26,,
2013/01/28,17,69,24,,,26,,
2013/01/28,18,61,21,,,24,,
2013/01/28,19,59,19,,,22,,
2013/01/28,20,45,11,,,19,,
2013/01/28,21,47,18,,,16,,
2013/01/28,22,45,20,,,14,,
2013/01/28,23,45,23,,,14,,
2013/01/28,24,43,20,,,12,,
2013/01/29,01,45,21,,,15,,
2013/01/29,02,44,22,,,11,,
2013/01/29,03,43,22,,,14,,
2013/01/29,04,44,21,,,12,,
2013/01/29,05,45,21,,,13,,
2013/01/29,06,46,22,,,15,,
2013/01/29,07,56,23,,,19,,
2013/01/29,08,59,26,,,16,,
2013/01/29,09,74,33,,,22,,
2013/01/29,10,82,33,,,25,,
2013/01/29,11,77,31,,,28,,
2013/01/29,12,67,22,,,25,,
2013/01/29,13,56,17,,,25,,
2013/01/29,14,63,14,,,26,,
2013/01/29,15,67,18,,,27,,
2013/01/29,16,60,13,,,26,,
2013/01/29,17,58,12,,,25,,
2013/01/29,18,47,8,,,22,,
2013/01/29,19,43,5,,,22,,
2013/01/29,20,41,7,,,18,,
2013/01/29,21,36,8,,,15,,
2013/01/29,22,37,14,,,16,,
2013/01/29,23,38,13,,,16,,
2013/01/29,24,34,12,,,12,,
2013/01/30,01,37,17,,,10,,
2013/01/30,02,36,15,,,13,,
2013/01/30,03,35,12,,,14,,
2013/01/30,04,36,14,,,14,,
2013/01/30,05,36,14,,,12,,
2013/01/30,06,37,13,,,16,,
2013/01/30,07,44,12,,,17,,
2013/01/30,08,42,14,,,18,,
2013/01/30,09,57,17,,,22,,
2013/01/30,10,71,23,,,22,,
2013/01/30,11,72,23,,,26,,
2013/01/30,12,66,19,,,27,,
2013/01/30,13,67,23,,,24,,
2013/01/30,14,68,19,,,28,,
2013/01/30,15,66,18,,,27,,
2013/01/30,16,68,21,,,28,,
2013/01/30,17,74,25,,,26,,
2013/01/30,18,63,20,,,27,,
2013/01/30,19,59,19,,,23,,
2013/01/30,20,51,15,,,21,,
2013/01/30,21,39,13,,,16,,
2013/01/30,22,35,11,,,15,,
2013/01/30,23,38,13,,,14,,
2013/01/30,24,37,14,,,15,,
2013/01/31,01,36,14,,,13,,
2013/01/31,02,35,13,,,14,,
2013/01/31,03,38,15,,,13,,
2013/01/31,04,46,22,,,15,,
2013/01/31,05,47,23,,,15,,
2013/01/31,06,46,20,,,17,,
2013/01/31,07,46,13,,,16,,
2013/01/31,08,49,13,,,20,,
2013/01/31,09,68,26,,,21,,
2013/01/31,10,73,24,,,26,,
2013/01/31,11,69,22,,,27,,
2013/01/31,12,66,19,,,25,,
2013/01/31,13,54,14,,,26,,
2013/01/31,14,61,11,,,25,,
2013/01/31,15,63,11,,,30,,
2013/01/31,16,59,14,,,28,,
2013/01/31,17,62,13,,,28,,
2013/01/31,18,54,13,,,26,,
2013/01/31,19,58,17,,,23,,
2013/01/31,20,52,16,,,21,,
2013/01/31,21,46,18,,,17,,
2013/01/31,22,38,13,,,13,,
2013/01/31,23,40,14,,,16,,
2013/01/31,24,38,16,,,13,,
2013/02/01,01,43,18,,,15,,
2013/02/01,02,40,16,,,15,,
2013/02/01,03,40,17,,,14,,
2013/02/01,04,45,20,,,15,,
2013/02/01,05,41,17,,,16,,
2013/02/01,06,45,19,,,15,,
2013/02/01,07,48,19,,,19,,
2013/02/01,08,57,24,,,17,,
2013/02/01,09,67,29,,,23,,
2013/02/01,10,77,28,,,25,,
2013/02/01,11,70,21,,,28,,
2013/02/01,12,65,18,,,24,,
2013/02/01,13,57,15,,,27,,
2013/02/01,14,67,17,,,28,,
2013/02/01,15,67,16,,,29,,
2013/02/01,16,62,16,,,28,,
2013/02/01,17,62,13,,,28,,
2013/02/01,18,53,12,,,25,,
2013/02/01,19,47,7,,,24,,
2013/02/01,20,42,6,,,23,,
2013/02/01,21,33,4,,,18,,
2013/02/01,22,29,7,,,13,,
2013/02/01,23,35,12,,,15,,
2013/02/01,24,33,12,,,13,,
2013/02/02,01,37,14,,,13,,
2013/02/02,02,34,12,,,15,,
2013/02/02,03,36,14,,,14,,
2013/02/02,04,35,12,,,14,,
2013/02/02,05,36,14,,,14,,
2013/02/02,06,38,13,,,14,,
2013/02/02,07,47,13,,,18,,
2013/02/02,08,46,12,,,19,,
2013/02/02,09,56,16,,,24,,
2013/02/02,10,52,10,,,23,,
2013/02/02,11,50,7,,,23,,
2013/02/02,12,46,7,,,20,,
2013/02/02,13,46,6,,,23,,
2013/02/02,14,48,3,,,24,,
2013/02/02,15,50,3,,,24,,
2013/02/02,16,45,5,,,23,,
2013/02/02,17,50,5,,,24,,
2013/02/02,18,43,5,,,22,,
2013/02/02,19,40,4,,,21,,
2013/02/02,20,34,2,,,17,,
2013/02/02,21,23,0,,,15,,
2013/02/02,22,22,1,,,13,,
2013/02/02,23,21,1,,,13,,
2013/02/02,24,20,0,,,10,,
2013/02/03,01,21,1,,,11,,
2013/02/03,02,20,1,,,11,,
2013/02/03,03,20,0,,,11,,
2013/02/03,04,20,0,,,12,,
2013/02/03,05,20,2,,,11,,
2013/02/03,06,24,1,,,12,,
2013/02/03,07,36,3,,,17,,
2013/02/03,08,35,3,,,15,,
2013/02/03,09,34,0,,,18,,
2013/02/03,10,41,1,,,16,,
2013/02/03,11,43,5,,,19,,
2013/02/03,12,42,6,,,20,,
2013/02/03,13,30,1,,,18,,
2013/02/03,14,42,2,,,18,,
2013/02/03,15,45,4,,,19,,
2013/02/03,16,36,1,,,16,,
2013/02/03,17,39,2,,,19,,
2013/02/03,18,36,4,,,18,,
2013/02/03,19,37,1,,,18,,
2013/02/03,20,32,1,,,17,,
2013/02/03,21,24,1,,,13,,
2013/02/03,22,20,0,,,11,,
2013/02/03,23,31,10,,,12,,
2013/02/03,24,29,11,,,11,,
2013/02/04,01,28,8,,,9,,
2013/02/04,02,34,13,,,13,,
2013/02/04,03,40,20,,,13,,
2013/02/04,04,33,14,,,11,,
2013/02/04,05,29,8,,,11,,
2013/02/04,06,34,12,,,15,,
2013/02/04,07,42,11,,,14,,
2013/02/04,08,37,8,,,17,,
2013/02/04,09,50,8,,,21,,
2013/02/04,10,65,14,,,26,,
2013/02/04,11,62,12,,,26,,
2013/02/04,12,58,13,,,26,,
2013/02/04,13,55,14,,,24,,
2013/02/04,14,60,9,,,26,,
2013/02/04,15,57,10,,,26,,
2013/02/04,16,59,9,,,27,,
2013/02/04,17,54,7,,,26,,
2013/02/04,18,50,7,,,26,,
2013/02/04,19,40,1,,,22,,
2013/02/04,20,40,7,,,18,,
2013/02/04,21,35,8,,,15,,
2013/02/04,22,40,16,,,16,,
2013/02/04,23,40,17,,,16,,
2013/02/04,24,40,17,,,13,,
2013/02/05,01,42,18,,,14,,
2013/02/05,02,40,17,,,16,,
2013/02/05,03,40,19,,,13,,
2013/02/05,04,41,18,,,14,,
2013/02/05,05,40,16,,,16,,
2013/02/05,06,48,21,,,16,,
2013/02/05,07,58,22,,,19,,
2013/02/05,08,56,22,,,20,,
2013/02/05,09,69,28,,,22,,
2013/02/05,10,87,35,,,27,,
2013/02/05,11,67,20,,,25,,
2013/02/05,12,66,22,,,25,,
2013/02/05,13,59,16,,,25,,
2013/02/05,14,54,11,,,24,,
2013/02/05,15,57,10,,,26,,
2013/02/05,16,60,14,,,25,,
2013/02/05,17,54,9,,,25,,
2013/02/05,18,57,17,,,24,,
2013/02/05,19,55,17,,,21,,
2013/02/05,20,47,12,,,21,,
2013/02/05,21,48,18,,,18,,
2013/02/05,22,43,18,,,19,,
2013/02/05,23,43,19,,,14,,
2013/02/05,24,40,16,,,15,,
2013/02/06,01,43,20,,,15,,
2013/02/06,02,40,17,,,15,,
2013/02/06,03,43,20,,,14,,
2013/02/06,04,40,18,,,15,,
2013/02/06,05,40,17,,,13,,
2013/02/06,06,44,18,,,17,,
2013/02/06,07,45,17,,,18,,
2013/02/06,08,51,18,,,20,,
2013/02/06,09,64,23,,,22,,
2013/02/06,10,79,28,,,28,,
2013/02/06,11,71,27,,,25,,
2013/02/06,12,70,23,,,25,,
2013/02/06,13,57,16,,,25,,
2013/02/06,14,55,9,,,24,,
2013/02/06,15,54,9,,,26,,
2013/02/06,16,55,10,,,25,,
2013/02/06,17,52,8,,,25,,
2013/02/06,18,48,9,,,22,,
2013/02/06,19,41,4,,,21,,
2013/02/06,20,35,0,,,19,,
2013/02/06,21,26,2,,,13,,
2013/02/06,22,22,0,,,15,,
2013/02/06,23,21,0,,,9,,
2013/02/06,24,24,4,,,14,,
2013/02/07,01,27,8,,,9,,
2013/02/07,02,27,7,,,13,,
2013/02/07,03,27,6,,,11,,
2013/02/07,04,24,5,,,10,,
2013/02/07,05,27,7,,,12,,
2013/02/07,06,30,7,,,13,,
2013/02/07,07,38,4,,,18,,
2013/02/07,08,47,14,,,18,,
2013/02/07,09,56,17,,,21,,
2013/02/07,10,68,18,,,25,,
2013/02/07,11,65,18,,,25,,
2013/02/07,12,62,15,,,25,,
2013/02/07,13,59,17,,,25,,
2013/02/07,14,65,16,,,27,,
2013/02/07,15,65,15,,,25,,
2013/02/07,16,67,20,,,28,,
2013/02/07,17,64,15,,,26,,
2013/02/07,18,56,14,,,25,,
2013/02/07,19,47,10,,,22,,
2013/02/07,20,38,4,,,17,,
2013/02/07,21,44,17,,,17,,
2013/02/07,22,44,21,,,15,,
2013/02/07,23,45,21,,,16,,
2013/02/07,24,48,23,,,16,,
2013/02/08,01,44,18,,,13,,
2013/02/08,02,45,22,,,16,,
2013/02/08,03,46,22,,,16,,
2013/02/08,04,45,21,,,13,,
2013/02/08,05,48,26,,,16,,
2013/02/08,06,48,21,,,16,,
2013/02/08,07,62,30,,,16,,
2013/02/08,08,58,23,,,20,,
2013/02/08,09,80,41,,,23,,
2013/02/08,10,90,39,,,27,,
2013/02/08,11,95,45,,,27,,
2013/02/08,12,90,39,,,27,,
2013/02/08,13,79,33,,,28,,
2013/02/08,14,78,29,,,27,,
2013/02/08,15,86,37,,,30,,
2013/02/08,16,84,32,,,28,,
2013/02/08,17,86,35,,,29,,
2013/02/08,18,81,37,,,28,,
2013/02/08,19,68,27,,,23,,
2013/02/08,20,58,21,,,22,,
2013/02/08,21,53,23,,,21,,
2013/02/08,22,54,26,,,16,,
2013/02/08,23,53,25,,,19,,
2013/02/08,24,48,22,,,16,,
2013/02/09,01,46,22,,,13,,
2013/02/09,02,45,24,,,15,,
2013/02/09,03,46,22,,,15,,
2013/02/09,04,45,22,,,13,,
2013/02/09,05,46,23,,,15,,
2013/02/09,06,50,24,,,15,,
2013/02/09,07,54,22,,,17,,
2013/02/09,08,57,24,,,18,,
2013/02/09,09,80,39,,,22,,
2013/02/09,10,83,36,,,25,,
2013/02/09,11,67,24,,,23,,
2013/02/09,12,67,24,,,23,,
2013/02/09,13,53,13,,,25,,
2013/02/09,14,62,12,,,23,,
2013/02/09,15,61,16,,,25,,
2013/02/09,16,57,15,,,25,,
2013/02/09,17,56,12,,,25,,
2013/02/09,18,53,13,,,23,,
2013/02/09,19,42,4,,,19,,
2013/02/09,20,35,3,,,19,,
2013/02/09,21,51,24,,,16,,
2013/02/09,22,47,22,,,14,,
2013/02/09,23,43,21,,,15,,
2013/02/09,24,45,24,,,14,,
2013/02/10,01,47,23,,,12,,
2013/02/10,02,44,22,,,14,,
2013/02/10,03,45,24,,,13,,
2013/02/10,04,46,23,,,16,,
2013/02/10,05,48,24,,,15,,
2013/02/10,06,53,28,,,15,,
2013/02/10,07,57,23,,,18,,
2013/02/10,08,52,19,,,17,,
2013/02/10,09,46,14,,,18,,
2013/02/10,10,54,15,,,19,,
2013/02/10,11,48,13,,,19,,
2013/02/10,12,51,14,,,18,,
2013/02/10,13,39,9,,,20,,
2013/02/10,14,43,6,,,18,,
2013/02/10,15,45,6,,,19,,
2013/02/10,16,36,2,,,18,,
2013/02/10,17,36,2,,,15,,
2013/02/10,18,38,3,,,19,,
2013/02/10,19,35,0,,,19,,
2013/02/10,20,33,1,,,18,,
2013/02/10,21,26,1,,,16,,
2013/02/10,22,23,0,,,13,,
2013/02/10,23,36,13,,,16,,
2013/02/10,24,44,20,,,14,,
2013/02/11,01,48,22,,,16,,
2013/02/11,02,43,21,,,16,,
2013/02/11,03,43,18,,,15,,
2013/02/11,04,46,23,,,16,,
2013/02/11,05,45,19,,,15,,
2013/02/11,06,39,13,,,15,,
2013/02/11,07,46,14,,,18,,
2013/02/11,08,45,13,,,18,,
2013/02/11,09,70,27,,,22,,
2013/02/11,10,88,39,,,24,,
2013/02/11,11,77,29,,,28,,
2013/02/11,12,79,30,,,26,,
2013/02/11,13,65,25,,,26,,
2013/02/11,14,65,17,,,25,,
2013/02/11,15,60,12,,,25,,
2013/02/11,16,60,15,,,28,,
2013/02/11,17,56,10,,,23,,
2013/02/11,18,52,11,,,24,,
2013/02/11,19,42,5,,,21,,
2013/02/11,20,37,2,,,19,,
2013/02/11,21,29,5,,,16,,
2013/02/11,22,27,2,,,13,,
2013/02/11,23,30,6,,,15,,
2013/02/11,24,32,10,,,14,,
2013/02/12,01,40,17,,,13,,
2013/02/12,02,36,14,,,11,,
2013/02/12,03,38,15,,,14,,
2013/02/12,04,40,19,,,15,,
2013/02/12,05,38,15,,,12,,
2013/02/12,06,51,26,,,16,,
2013/02/12,07,62,25,,,20,,
2013/02/12,08,66,31,,,18,,
2013/02/12,09,81,38,,,24,,
2013/02/12,10,84,35,,,27,,
2013/02/12,11,75,28,,,26,,
2013/02/12,12,71,23,,,26,,
2013/02/12,13,66,23,,,26,,
2013/02/12,14,74,25,,,30,,
2013/02/12,15,86,34,,,30,,
2013/02/12,16,83,32,,,30,,
2013/02/12,17,77,28,,,27,,
2013/02/12,18,78,30,,,28,,
2013/02/12,19,63,24,,,22,,
2013/02/12,20,52,18,,,20,,
2013/02/12,21,49,23,,,18,,
2013/02/12,22,48,22,,,17,,
2013/02/12,23,48,22,,,15,,
2013/02/12,24,42,20,,,15,,
2013/02/13,01,41,18,,,15,,
2013/02/13,02,44,20,,,13,,
2013/02/13,03,43,20,,,15,,
2013/02/13,04,41,18,,,14,,
2013/02/13,05,42,19,,,15,,
2013/02/13,06,47,22,,,14,,
2013/02/13,07,56,23,,,20,,
2013/02/13,08,52,19,,,19,,
2013/02/13,09,72,31,,,22,,
2013/02/13,10,81,31,,,25,,
2013/02/13,11,84,35,,,26,,
2013/02/13,12,75,27,,,28,,
2013/02/13,13,71,27,,,27,,
2013/02/13,14,80,26,,,27,,
2013/02/13,15,76,26,,,28,,
2013/02/13,16,65,19,,,26,,
2013/02/13,17,67,20,,,27,,
2013/02/13,18,62,20,,,25,,
2013/02/13,19,52,13,,,23,,
2013/02/13,20,47,12,,,20,,
2013/02/13,21,42,16,,,16,,
2013/02/13,22,41,18,,,13,,
2013/02/13,23,38,16,,,14,,
2013/02/13,24,33,14,,,11,,
2013/02/14,01,36,14,,,11,,
2013/02/14,02,33,13,,,13,,
2013/02/14,03,32,11,,,11,,
2013/02/14,04,32,13,,,13,,
2013/02/14,05,36,15,,,11,,
2013/02/14,06,38,14,,,15,,
2013/02/14,07,40,14,,,16,,
2013/02/14,08,53,22,,,18,,
2013/02/14,09,61,23,,,21,,
2013/02/14,10,69,22,,,23,,
2013/02/14,11,61,15,,,25,,
2013/02/14,12,62,18,,,23,,
2013/02/14,13,51,10,,,24,,
2013/02/14,14,56,10,,,24,,
2013/02/14,15,58,9,,,26,,
2013/02/14,16,56,9,,,26,,
2013/02/14,17,53,7,,,26,,
2013/02/14,18,49,10,,,23,,
2013/02/14,19,45,6,,,23,,
2013/02/14,20,40,6,,,20,,
2013/02/14,21,33,8,,,14,,
2013/02/14,22,31,9,,,14,,
2013/02/14,23,30,6,,,13,,
2013/02/14,24,30,8,,,13,,
2013/02/15,01,31,10,,,13,,
2013/02/15,02,28,6,,,13,,
2013/02/15,03,30,8,,,13,,
2013/02/15,04,30,8,,,14,,
2013/02/15,05,31,9,,,12,,
2013/02/15,06,36,13,,,16,,
2013/02/15,07,43,12,,,17,,
2013/02/15,08,48,17,,,17,,
2013/02/15,09,62,22,,,21,,
2013/02/15,10,73,24,,,25,,
2013/02/15,11,71,24,,,26,,
2013/02/15,12,74,26,,,27,,
2013/02/15,13,61,20,,,26,,
2013/02/15,14,66,17,,,26,,
2013/02/15,15,79,31,,,27,,
2013/02/15,16,75,27,,,29,,
2013/02/15,17,72,24,,,26,,
2013/02/15,18,67,25,,,26,,
2013/02/15,19,55,16,,,24,,
2013/02/15,20,51,16,,,19,,
2013/02/15,21,42,14,,,18,,
2013/02/15,22,42,15,,,17,,
2013/02/15,23,42,17,,,14,,
2013/02/15,24,40,17,,,16,,
2013/02/16,01,42,17,,,17,,
2013/02/16,02,42,17,,,13,,
2013/02/16,03,41,18,,,16,,
2013/02/16,04,42,17,,,16,,
2013/02/16,05,44,20,,,14,,
2013/02/16,06,50,22,,,17,,
2013/02/16,07,53,21,,,18,,
2013/02/16,08,54,21,,,16,,
2013/02/16,09,75,35,,,23,,
2013/02/16,10,85,40,,,26,,
2013/02/16,11,76,33,,,25,,
2013/02/16,12,76,34,,,25,,
2013/02/16,13,69,29,,,26,,
2013/02/16,14,76,30,,,26,,
2013/02/16,15,82,32,,,29,,
2013/02/16,16,65,21,,,24,,
2013/02/16,17,64,19,,,27,,
2013/02/16,18,58,18,,,25,,
2013/02/16,19,50,12,,,19,,
2013/02/16,20,43,9,,,21,,
2013/02/16,21,35,7,,,19,,
2013/02/16,22,37,10,,,16,,
2013/02/16,23,34,8,,,18,,
2013/02/16,24,33,9,,,14,,
2013/02/17,01,33,10,,,14,,
2013/02/17,02,46,23,,,15,,
2013/02/17,03,49,24,,,16,,
2013/02/17,04,48,25,,,14,,
2013/02/17,05,46,23,,,14,,
2013/02/17,06,52,26,,,18,,
2013/02/17,07,56,22,,,19,,
2013/02/17,08,40,9,,,17,,
2013/02/17,09,45,11,,,20,,
2013/02/17,10,55,14,,,19,,
2013/02/17,11,60,20,,,22,,
2013/02/17,12,57,21,,,19,,
2013/02/17,13,54,20,,,20,,
2013/02/17,14,57,15,,,20,,
2013/02/17,15,57,17,,,21,,
2013/02/17,16,49,11,,,19,,
2013/02/17,17,51,13,,,20,,
2013/02/17,18,47,14,,,20,,
2013/02/17,19,48,12,,,20,,
2013/02/17,20,60,24,,,20,,
2013/02/17,21,54,24,,,21,,
2013/02/17,22,52,24,,,19,,
2013/02/17,23,53,28,,,18,,
2013/02/17,24,48,23,,,14,,
2013/02/18,01,49,24,,,15,,
2013/02/18,02,49,27,,,15,,
2013/02/18,03,46,22,,,14,,
2013/02/18,04,49,27,,,13,,
2013/02/18,05,49,25,,,15,,
2013/02/18,06,53,28,,,17,,
2013/02/18,07,68,34,,,18,,
2013/02/18,08,58,24,,,21,,
2013/02/18,09,75,33,,,23,,
2013/02/18,10,81,29,,,26,,
2013/02/18,11,81,32,,,29,,
2013/02/18,12,74,27,,,26,,
2013/02/18,13,72,27,,,28,,
2013/02/18,14,78,28,,,29,,
2013/02/18,15,75,21,,,30,,
2013/02/18,16,82,30,,,30,,
2013/02/18,17,78,28,,,31,,
2013/02/18,18,74,28,,,30,,
2013/02/18,19,70,24,,,25,,
2013/02/18,20,56,21,,,25,,
2013/02/18,21,45,20,,,16,,
2013/02/18,22,41,19,,,15,,
2013/02/18,23,41,19,,,13,,
2013/02/18,24,40,18,,,13,,
2013/02/19,01,45,23,,,14,,
2013/02/19,02,46,24,,,15,,
2013/02/19,03,44,21,,,13,,
2013/02/19,04,46,24,,,14,,
2013/02/19,05,48,25,,,15,,
2013/02/19,06,48,22,,,16,,
2013/02/19,07,48,20,,,17,,
2013/02/19,08,62,28,,,19,,
2013/02/19,09,79,40,,,24,,
2013/02/19,10,103,48,,,30,,
2013/02/19,11,100,48,,,30,,
2013/02/19,12,106,53,,,31,,
2013/02/19,13,95,47,,,32,,
2013/02/19,14,93,38,,,31,,
2013/02/19,15,94,39,,,32,,
2013/02/19,16,93,41,,,33,,
2013/02/19,17,86,34,,,29,,
2013/02/19,18,82,36,,,29,,
2013/02/19,19,73,30,,,26,,
2013/02/19,20,67,29,,,23,,
2013/02/19,21,52,22,,,20,,
2013/02/19,22,49,22,,,19,,
2013/02/19,23,49,22,,,17,,
2013/02/19,24,48,22,,,16,,
2013/02/20,01,47,21,,,17,,
2013/02/20,02,48,23,,,16,,
2013/02/20,03,50,26,,,17,,
2013/02/20,04,48,23,,,16,,
2013/02/20,05,50,25,,,15,,
2013/02/20,06,52,26,,,16,,
2013/02/20,07,64,31,,,21,,
2013/02/20,08,60,26,,,21,,
2013/02/20,09,82,40,,,23,,
2013/02/20,10,94,43,,,26,,
2013/02/20,11,87,37,,,28,,
2013/02/20,12,78,32,,,27,,
2013/02/20,13,73,28,,,29,,
2013/02/20,14,84,35,,,27,,
2013/02/20,15,79,28,,,29,,
2013/02/20,16,76,31,,,29,,
2013/02/20,17,80,29,,,28,,
2013/02/20,18,73,28,,,27,,
2013/02/20,19,68,28,,,25,,
2013/02/20,20,59,20,,,21,,
2013/02/20,21,54,22,,,21,,
2013/02/20,22,48,22,,,18,,
2013/02/20,23,46,21,,,16,,
2013/02/20,24,47,21,,,18,,
2013/02/21,01,48,23,,,13,,
2013/02/21,02,45,21,,,18,,
2013/02/21,03,47,22,,,15,,
2013/02/21,04,49,25,,,16,,
2013/02/21,05,44,19,,,16,,
2013/02/21,06,51,25,,,17,,
2013/02/21,07,63,29,,,18,,
2013/02/21,08,60,24,,,19,,
2013/02/21,09,68,25,,,23,,
2013/02/21,10,92,38,,,26,,
2013/02/21,11,89,39,,,29,,
2013/02/21,12,83,33,,,29,,
2013/02/21,13,80,34,,,28,,
2013/02/21,14,81,30,,,29,,
2013/02/21,15,90,38,,,30,,
2013/02/21,16,81,30,,,29,,
2013/02/21,17,80,32,,,29,,
2013/02/21,18,77,30,,,28,,
2013/02/21,19,68,27,,,26,,
2013/02/21,20,62,23,,,25,,
2013/02/21,21,54,22,,,21,,
2013/02/21,22,51,23,,,19,,
2013/02/21,23,45,17,,,16,,
2013/02/21,24,48,23,,,17,,
2013/02/22,01,48,20,,,18,,
2013/02/22,02,48,23,,,17,,
2013/02/22,03,47,21,,,18,,
2013/02/22,04,49,25,,,16,,
2013/02/22,05,49,23,,,16,,
2013/02/22,06,50,23,,,19,,
2013/02/22,07,60,26,,,19,,
2013/02/22,08,71,35,,,21,,
2013/02/22,09,82,38,,,27,,
2013/02/22,10,90,37,,,26,,
2013/02/22,11,85,36,,,29,,
2013/02/22,12,82,32,,,27,,
2013/02/22,13,73,30,,,29,,
2013/02/22,14,81,31,,,30,,
2013/02/22,15,83,30,,,29,,
2013/02/22,16,78,29,,,31,,
2013/02/22,17,75,24,,,32,,
2013/02/22,18,76,30,,,28,,
2013/02/22,19,63,20,,,26,,
2013/02/22,20,53,17,,,21,,
2013/02/22,21,43,17,,,18,,
2013/02/22,22,44,18,,,16,,
2013/02/22,23,41,16,,,15,,
2013/02/22,24,42,17,,,16,,
2013/02/23,01,42,18,,,16,,
2013/02/23,02,44,20,,,15,,
2013/02/23,03,40,16,,,15,,
2013/02/23,04,41,18,,,14,,
2013/02/23,05,43,20,,,15,,
2013/02/23,06,48,20,,,18,,
2013/02/23,07,54,21,,,18,,
2013/02/23,08,61,26,,,20,,
2013/02/23,09,72,29,,,24,,
2013/02/23,10,69,25,,,23,,
2013/02/23,11,65,20,,,25,,
2013/02/23,12,64,20,,,24,,
2013/02/23,13,68,28,,,26,,
2013/02/23,14,70,22,,,27,,
2013/02/23,15,72,22,,,28,,
2013/02/23,16,73,26,,,29,,
2013/02/23,17,69,23,,,27,,
2013/02/23,18,63,21,,,24,,
2013/02/23,19,51,13,,,22,,
2013/02/23,20,45,11,,,21,,
2013/02/23,21,38,11,,,17,,
2013/02/23,22,35,11,,,13,,
2013/02/23,23,32,11,,,15,,
2013/02/23,24,34,12,,,14,,
2013/02/24,01,32,9,,,12,,
2013/02/24,02,33,12,,,14,,
2013/02/24,03,34,12,,,14,,
2013/02/24,04,36,13,,,15,,
2013/02/24,05,38,14,,,15,,
2013/02/24,06,43,18,,,14,,
2013/02/24,07,50,15,,,20,,
2013/02/24,08,51,18,,,19,,
2013/02/24,09,53,18,,,19,,
2013/02/24,10,63,20,,,21,,
2013/02/24,11,56,17,,,23,,
2013/02/24,12,57,18,,,23,,
2013/02/24,13,50,15,,,21,,
2013/02/24,14,61,20,,,20,,
2013/02/24,15,67,23,,,25,,
2013/02/24,16,52,13,,,21,,
2013/02/24,17,62,22,,,21,,
2013/02/24,18,66,30,,,21,,
2013/02/24,19,67,28,,,24,,
2013/02/24,20,66,28,,,22,,
2013/02/24,21,60,29,,,22,,
2013/02/24,22,58,30,,,19,,
2013/02/24,23,55,28,,,17,,
2013/02/24,24,53,28,,,17,,
2013/02/25,01,50,25,,,15,,
2013/02/25,02,50,25,,,17,,
2013/02/25,03,49,25,,,15,,
2013/02/25,04,52,28,,,15,,
2013/02/25,05,51,26,,,16,,
2013/02/25,06,55,29,,,16,,
2013/02/25,07,60,25,,,23,,
2013/02/25,08,60,26,,,20,,
2013/02/25,09,76,36,,,24,,
2013/02/25,10,94,45,,,28,,
2013/02/25,11,92,40,,,28,,
2013/02/25,12,84,37,,,28,,
2013/02/25,13,83,35,,,28,,
2013/02/25,14,86,37,,,29,,
2013/02/25,15,82,31,,,30,,
2013/02/25,16,78,28,,,26,,
2013/02/25,17,65,18,,,28,,
2013/02/25,18,67,22,,,28,,
2013/02/25,19,57,17,,,23,,
2013/02/25,20,52,16,,,22,,
2013/02/25,21,41,12,,,17,,
2013/02/25,22,36,11,,,18,,
2013/02/25,23,37,12,,,14,,
2013/02/25,24,34,14,,,13,,
2013/02/26,01,37,12,,,16,,
2013/02/26,02,36,14,,,14,,
2013/02/26,03,40,19,,,13,,
2013/02/26,04,37,14,,,15,,
2013/02/26,05,40,16,,,12,,
2013/02/26,06,43,18,,,17,,
2013/02/26,07,54,18,,,20,,
2013/02/26,08,52,16,,,20,,
2013/02/26,09,74,34,,,24,,
2013/02/26,10,83,32,,,26,,
2013/02/26,11,79,29,,,26,,
2013/02/26,12,69,22,,,26,,
2013/02/26,13,62,20,,,26,,
2013/02/26,14,67,19,,,27,,
2013/02/26,15,69,20,,,29,,
2013/02/26,16,65,18,,,26,,
2013/02/26,17,63,17,,,27,,
2013/02/26,18,61,18,,,25,,
2013/02/26,19,56,15,,,26,,
2013/02/26,20,56,20,,,22,,
2013/02/26,21,48,18,,,18,,
2013/02/26,22,48,21,,,18,,
2013/02/26,23,47,21,,,19,,
2013/02/26,24,44,20,,,14,,
2013/02/27,01,49,25,,,14,,
2013/02/27,02,45,23,,,13,,
2013/02/27,03,48,25,,,15,,
2013/02/27,04,47,24,,,14,,
2013/02/27,05,48,25,,,15,,
2013/02/27,06,50,21,,,18,,
2013/02/27,07,60,29,,,19,,
2013/02/27,08,54,20,,,19,,
2013/02/27,09,73,31,,,24,,
2013/02/27,10,85,35,,,26,,
2013/02/27,11,78,31,,,26,,
2013/02/27,12,76,26,,,29,,
2013/02/27,13,73,28,,,29,,
2013/02/27,14,78,23,,,29,,
2013/02/27,15,79,27,,,31,,
2013/02/27,16,72,20,,,28,,
2013/02/27,17,66,16,,,30,,
2013/02/27,18,56,14,,,28,,
2013/02/27,19,53,10,,,25,,
2013/02/27,20,50,13,,,21,,
2013/02/27,21,36,8,,,19,,
2013/02/27,22,38,11,,,17,,
2013/02/27,23,35,12,,,16,,
2013/02/27,24,45,19,,,15,,
2013/02/28,01,50,25,,,16,,
2013/02/28,02,44,18,,,18,,
2013/02/28,03,47,22,,,15,,
2013/02/28,04,44,19,,,17,,
2013/02/28,05,43,19,,,16,,
2013/02/28,06,48,22,,,18,,
2013/02/28,07,46,13,,,17,,
2013/02/28,08,49,15,,,19,,
2013/02/28,09,62,18,,,24,,
2013/02/28,10,63,13,,,26,,
2013/02/28,11,57,12,,,26,,
2013/02/28,12,54,9,,,25,,
2013/02/28,13,55,11,,,26,,
2013/02/28,14,52,6,,,25,,
2013/02/28,15,55,6,,,27,,
2013/02/28,16,51,5,,,26,,
2013/02/28,17,51,4,,,26,,
2013/02/28,18,45,5,,,25,,
2013/02/28,19,41,3,,,24,,
2013/02/28,20,37,0,,,19,,
2013/02/28,21,28,1,,,19,,
2013/02/28,22,24,1,,,13,,
2013/02/28,23,23,0,,,15,,
2013/02/28,24,23,1,,,13,,
2013/03/01,01,23,1,,,13,,
2013/03/01,02,22,0,,,13,,
2013/03/01,03,22,0,,,14,,
2013/03/01,04,22,1,,,12,,
2013/03/01,05,24,3,,,13,,
2013/03/01,06,26,2,,,13,,
2013/03/01,07,36,5,,,19,,
2013/03/01,08,34,3,,,17,,
2013/03/01,09,47,7,,,21,,
2013/03/01,10,61,11,,,26,,
2013/03/01,11,60,11,,,26,,
2013/03/01,12,57,9,,,28,,
2013/03/01,13,54,11,,,28,,
2013/03/01,14,58,8,,,26,,
2013/03/01,15,62,8,,,30,,
2013/03/01,16,58,8,,,29,,
2013/03/01,17,71,18,,,30,,
2013/03/01,18,70,21,,,30,,
2013/03/01,19,61,17,,,26,,
2013/03/01,20,52,13,,,23,,
2013/03/01,21,44,15,,,20,,
2013/03/01,22,41,13,,,17,,
2013/03/01,23,42,15,,,20,,
2013/03/01,24,43,18,,,14,,
2013/03/02,01,42,16,,,19,,
2013/03/02,02,43,18,,,16,,
2013/03/02,03,44,20,,,17,,
2013/03/02,04,43,18,,,15,,
2013/03/02,05,41,16,,,16,,
2013/03/02,06,45,17,,,17,,
2013/03/02,07,55,21,,,20,,
2013/03/02,08,57,20,,,22,,
2013/03/02,09,67,26,,,25,,
2013/03/02,10,80,30,,,26,,
2013/03/02,11,77,29,,,25,,
2013/03/02,12,76,27,,,27,,
2013/03/02,13,59,18,,,25,,
2013/03/02,14,58,9,,,27,,
2013/03/02,15,64,14,,,28,,
2013/03/02,16,57,11,,,27,,
2013/03/02,17,55,10,,,25,,
2013/03/02,18,48,8,,,23,,
2013/03/02,19,43,3,,,23,,
2013/03/02,20,35,3,,,19,,
2013/03/02,21,26,1,,,15,,
2013/03/02,22,24,1,,,15,,
2013/03/02,23,24,0,,,16,,
2013/03/02,24,23,1,,,13,,
2013/03/03,01,23,0,,,13,,
2013/03/03,02,24,1,,,14,,
2013/03/03,03,22,1,,,11,,
2013/03/03,04,21,0,,,13,,
2013/03/03,05,29,8,,,15,,
2013/03/03,06,39,13,,,14,,
2013/03/03,07,43,12,,,21,,
2013/03/03,08,51,17,,,20,,
2013/03/03,09,47,14,,,18,,
2013/03/03,10,49,6,,,19,,
2013/03/03,11,57,18,,,22,,
2013/03/03,12,63,24,,,23,,
2013/03/03,13,63,28,,,22,,
2013/03/03,14,70,27,,,22,,
2013/03/03,15,71,26,,,24,,
2013/03/03,16,68,25,,,24,,
2013/03/03,17,61,20,,,24,,
2013/03/03,18,59,23,,,23,,
2013/03/03,19,65,25,,,21,,
2013/03/03,20,59,25,,,22,,
2013/03/03,21,48,18,,,17,,
2013/03/03,22,52,27,,,17,,
2013/03/03,23,48,23,,,15,,
2013/03/03,24,48,24,,,15,,
2013/03/04,01,47,22,,,16,,
2013/03/04,02,49,24,,,15,,
2013/03/04,03,46,24,,,15,,
2013/03/04,04,47,23,,,15,,
2013/03/04,05,47,23,,,15,,
2013/03/04,06,53,27,,,18,,
2013/03/04,07,56,23,,,17,,
2013/03/04,08,60,28,,,21,,
2013/03/04,09,79,38,,,24,,
2013/03/04,10,85,35,,,27,,
2013/03/04,11,82,36,,,28,,
2013/03/04,12,75,29,,,28,,
2013/03/04,13,67,21,,,27,,
2013/03/04,14,66,17,,,28,,
2013/03/04,15,72,21,,,28,,
2013/03/04,16,68,19,,,29,,
2013/03/04,17,61,13,,,29,,
2013/03/04,18,61,16,,,25,,
2013/03/04,19,52,12,,,25,,
2013/03/04,20,48,9,,,22,,
2013/03/04,21,37,10,,,17,,
2013/03/04,22,32,9,,,14,,
2013/03/04,23,34,10,,,14,,
2013/03/04,24,33,10,,,15,,
2013/03/05,01,34,11,,,14,,
2013/03/05,02,35,14,,,14,,
2013/03/05,03,34,11,,,13,,
2013/03/05,04,39,16,,,15,,
2013/03/05,05,36,14,,,15,,
2013/03/05,06,38,12,,,14,,
2013/03/05,07,50,18,,,18,,
2013/03/05,08,35,3,,,18,,
2013/03/05,09,52,12,,,23,,
2013/03/05,10,65,15,,,26,,
2013/03/05,11,60,14,,,26,,
2013/03/05,12,64,15,,,27,,
2013/03/05,13,54,12,,,26,,
2013/03/05,14,62,14,,,27,,
2013/03/05,15,59,12,,,28,,
2013/03/05,16,56,9,,,27,,
2013/03/05,17,56,8,,,29,,
2013/03/05,18,48,8,,,24,,
2013/03/05,19,42,3,,,22,,
2013/03/05,20,37,4,,,20,,
2013/03/05,21,37,8,,,18,,
2013/03/05,22,34,8,,,16,,
2013/03/05,23,44,20,,,15,,
2013/03/05,24,42,18,,,17,,
2013/03/06,01,46,22,,,13,,
2013/03/06,02,42,19,,,17,,
2013/03/06,03,43,19,,,13,,
2013/03/06,04,44,20,,,16,,
2013/03/06,05,47,25,,,15,,
2013/03/06,06,50,22,,,17,,
2013/03/06,07,55,23,,,19,,
2013/03/06,08,45,13,,,17,,
2013/03/06,09,55,17,,,23,,
2013/03/06,10,61,17,,,24,,
2013/03/06,11,52,12,,,26,,
2013/03/06,12,49,8,,,23,,
2013/03/06,13,49,8,,,26,,
2013/03/06,14,53,7,,,23,,
2013/03/06,15,48,4,,,25,,
2013/03/06,16,47,4,,,27,,
2013/03/06,17,51,4,,,27,,
2013/03/06,18,49,6,,,26,,
2013/03/06,19,43,2,,,21,,
2013/03/06,20,42,8,,,19,,
2013/03/06,21,35,8,,,18,,
2013/03/06,22,31,6,,,14,,
2013/03/06,23,40,15,,,14,,
2013/03/06,24,41,16,,,16,,
2013/03/07,01,46,22,,,14,,
2013/03/07,02,39,15,,,15,,
2013/03/07,03,41,17,,,14,,
2013/03/07,04,43,19,,,15,,
2013/03/07,05,42,17,,,16,,
2013/03/07,06,47,19,,,18,,
2013/03/07,07,55,4,,,5,,
2013/03/07,08,54,,,,,,
2013/03/07,09,72,,,,,,
2013/03/07,10,67,,,,,,
2013/03/07,11,58,,,,,,
2013/03/07,12,57,,,,,,
2013/03/07,13,47,6,,,16,,
2013/03/07,14,58,7,,,27,,
2013/03/07,15,55,4,,,27,,
2013/03/07,16,53,5,,,27,,
2013/03/07,17,52,4,,,27,,
2013/03/07,18,48,5,,,26,,
2013/03/07,19,46,2,,,22,,
2013/03/07,20,36,1,,,21,,
2013/03/07,21,26,1,,,16,,
2013/03/07,22,25,0,,,15,,
2013/03/07,23,24,1,,,13,,
2013/03/07,24,25,2,,,14,,
2013/03/08,01,31,8,,,14,,
2013/03/08,02,30,7,,,14,,
2013/03/08,03,31,8,,,12,,
2013/03/08,04,28,6,,,16,,
2013/03/08,05,29,7,,,12,,
2013/03/08,06,39,12,,,17,,
2013/03/08,07,49,16,,,19,,
2013/03/08,08,43,9,,,19,,
2013/03/08,09,51,10,,,23,,
2013/03/08,10,60,9,,,24,,
2013/03/08,11,52,5,,,27,,
2013/03/08,12,51,5,,,26,,
2013/03/08,13,49,7,,,25,,
2013/03/08,14,55,5,,,27,,
2013/03/08,15,54,0,,,27,,
2013/03/08,16,48,2,,,29,,
2013/03/08,17,47,0,,,26,,
2013/03/08,18,44,1,,,24,,
2013/03/08,19,41,0,,,24,,
2013/03/08,20,36,1,,,19,,
2013/03/08,21,29,1,,,18,,
2013/03/08,22,27,0,,,18,,
2013/03/08,23,27,1,,,18,,
2013/03/08,24,25,1,,,17,,
2013/03/09,01,27,0,,,14,,
2013/03/09,02,26,3,,,16,,
2013/03/09,03,28,5,,,15,,
2013/03/09,04,26,3,,,16,,
2013/03/09,05,27,1,,,15,,
2013/03/09,06,28,2,,,16,,
2013/03/09,07,33,4,,,19,,
2013/03/09,08,34,1,,,20,,
2013/03/09,09,42,4,,,19,,
2013/03/09,10,51,3,,,24,,
2013/03/09,11,44,4,,,22,,
2013/03/09,12,45,2,,,22,,
2013/03/09,13,43,3,,,24,,
2013/03/09,14,51,2,,,25,,
2013/03/09,15,52,2,,,25,,
2013/03/09,16,46,1,,,26,,
2013/03/09,17,46,2,,,23,,
2013/03/09,18,43,3,,,25,,
2013/03/09,19,39,0,,,21,,
2013/03/09,20,36,0,,,19,,
2013/03/09,21,27,1,,,16,,
2013/03/09,22,25,1,,,15,,
2013/03/09,23,25,0,,,15,,
2013/03/09,24,23,0,,,14,,
2013/03/10,01,24,2,,,15,,
2013/03/10,02,23,0,,,14,,
2013/03/10,03,22,0,,,13,,
2013/03/10,04,24,1,,,15,,
2013/03/10,05,23,1,,,13,,
2013/03/10,06,26,0,,,17,,
2013/03/10,07,32,1,,,18,,
2013/03/10,08,34,0,,,19,,
2013/03/10,09,35,1,,,19,,
2013/03/10,10,48,3,,,21,,
2013/03/10,11,41,2,,,22,,
2013/03/10,12,44,2,,,20,,
2013/03/10,13,34,0,,,19,,
2013/03/10,14,42,2,,,21,,
2013/03/10,15,53,11,,,24,,
2013/03/10,16,46,10,,,22,,
2013/03/10,17,47,7,,,21,,
2013/03/10,18,47,9,,,23,,
2013/03/10,19,46,7,,,22,,
2013/03/10,20,47,12,,,19,,
2013/03/10,21,48,18,,,19,,
2013/03/10,22,44,20,,,17,,
2013/03/10,23,44,19,,,15,,
2013/03/10,24,46,23,,,16,,
2013/03/11,01,44,19,,,15,,
2013/03/11,02,44,19,,,15,,
2013/03/11,03,43,20,,,14,,
2013/03/11,04,45,20,,,17,,
2013/03/11,05,42,19,,,14,,
2013/03/11,06,49,21,,,17,,
2013/03/11,07,55,20,,,20,,
2013/03/11,08,57,23,,,20,,
2013/03/11,09,59,21,,,24,,
2013/03/11,10,78,26,,,27,,
2013/03/11,11,70,18,,,27,,
2013/03/11,12,58,12,,,25,,
2013/03/11,13,60,16,,,26,,
2013/03/11,14,63,10,,,27,,
2013/03/11,15,56,6,,,28,,
2013/03/11,16,56,6,,,28,,
2013/03/11,17,53,5,,,26,,
2013/03/11,18,50,6,,,26,,
2013/03/11,19,41,3,,,23,,
2013/03/11,20,43,8,,,19,,
2013/03/11,21,37,11,,,15,,
2013/03/11,22,34,10,,,17,,
2013/03/11,23,36,12,,,14,,
2013/03/11,24,34,11,,,13,,
2013/03/12,01,34,8,,,10,,
2013/03/12,02,35,13,,,12,,
2013/03/12,03,32,10,,,13,,
2013/03/12,04,37,17,,,13,,
2013/03/12,05,37,15,,,14,,
2013/03/12,06,44,18,,,16,,
2013/03/12,07,60,6,,,4,,
2013/03/12,08,56,21,,,22,,
2013/03/12,09,69,25,,,24,,
2013/03/12,10,85,32,,,28,,
2013/03/12,11,72,24,,,27,,
2013/03/12,12,66,18,,,26,,
2013/03/12,13,52,8,,,26,,
2013/03/12,14,54,5,,,27,,
2013/03/12,15,58,5,,,28,,
2013/03/12,16,51,4,,,29,,
2013/03/12,17,51,2,,,25,,
2013/03/12,18,45,1,,,28,,
2013/03/12,19,42,1,,,23,,
2013/03/12,20,36,0,,,20,,
2013/03/12,21,28,1,,,18,,
2013/03/12,22,28,2,,,13,,
2013/03/12,23,31,7,,,17,,
2013/03/12,24,30,8,,,15,,
2013/03/13,01,32,8,,,13,,
2013/03/13,02,32,8,,,16,,
2013/03/13,03,33,9,,,15,,
2013/03/13,04,31,8,,,14,,
2013/03/13,05,32,9,,,15,,
2013/03/13,06,35,9,,,15,,
2013/03/13,07,42,10,,,17,,
2013/03/13,08,39,8,,,20,,
2013/03/13,09,48,5,,,22,,
2013/03/13,10,56,8,,,26,,
2013/03/13,11,55,7,,,24,,
2013/03/13,12,49,4,,,26,,
2013/03/13,13,44,6,,,25,,
2013/03/13,14,55,3,,,25,,
2013/03/13,15,54,4,,,25,,
2013/03/13,16,52,4,,,29,,
2013/03/13,17,52,4,,,28,,
2013/03/13,18,43,4,,,26,,
2013/03/13,19,41,1,,,23,,
2013/03/13,20,38,1,,,21,,
2013/03/13,21,28,0,,,16,,
2013/03/13,22,24,1,,,16,,
2013/03/13,23,23,1,,,14,,
2013/03/13,24,24,2,,,13,,
2013/03/14,01,24,2,,,14,,
2013/03/14,02,32,10,,,12,,
2013/03/14,03,31,10,,,14,,
2013/03/14,04,31,9,,,15,,
2013/03/14,05,35,13,,,13,,
2013/03/14,06,53,24,,,18,,
2013/03/14,07,55,18,,,21,,
2013/03/14,08,56,20,,,19,,
2013/03/14,09,68,26,,,25,,
2013/03/14,10,85,32,,,29,,
2013/03/14,11,86,33,,,27,,
2013/03/14,12,78,30,,,28,,
2013/03/14,13,74,29,,,28,,
2013/03/14,14,80,26,,,30,,
2013/03/14,15,79,27,,,30,,
2013/03/14,16,78,30,,,28,,
2013/03/14,17,75,27,,,28,,
2013/03/14,18,71,26,,,28,,
2013/03/14,19,66,23,,,26,,
2013/03/14,20,59,22,,,20,,
2013/03/14,21,53,23,,,20,,
2013/03/14,22,47,19,,,17,,
2013/03/14,23,45,19,,,16,,
2013/03/14,24,48,24,,,16,,
2013/03/15,01,45,19,,,15,,
2013/03/15,02,44,20,,,16,,
2013/03/15,03,44,21,,,16,,
2013/03/15,04,44,20,,,15,,
2013/03/15,05,47,24,,,14,,
2013/03/15,06,48,21,,,17,,
2013/03/15,07,50,23,,,19,,
2013/03/15,08,64,31,,,20,,
2013/03/15,09,80,38,,,26,,
2013/03/15,10,84,35,,,25,,
2013/03/15,11,78,29,,,29,,
2013/03/15,12,69,21,,,27,,
2013/03/15,13,55,9,,,26,,
2013/03/15,14,59,8,,,27,,
2013/03/15,15,59,8,,,28,,
2013/03/15,16,54,6,,,28,,
2013/03/15,17,53,6,,,26,,
2013/03/15,18,48,6,,,27,,
2013/03/15,19,45,4,,,24,,
2013/03/15,20,37,1,,,19,,
2013/03/15,21,27,1,,,19,,
2013/03/15,22,25,0,,,15,,
2013/03/15,23,27,5,,,15,,
2013/03/15,24,26,5,,,13,,
2013/03/16,01,30,4,,,14,,
2013/03/16,02,26,5,,,14,,
2013/03/16,03,28,5,,,14,,
2013/03/16,04,30,7,,,16,,
2013/03/16,05,28,4,,,13,,
2013/03/16,06,28,6,,,14,,
2013/03/16,07,36,4,,,18,,
2013/03/16,08,37,5,,,18,,
2013/03/16,09,47,10,,,23,,
2013/03/16,10,57,14,,,23,,
2013/03/16,11,64,19,,,25,,
2013/03/16,12,67,25,,,26,,
2013/03/16,13,64,25,,,27,,
2013/03/16,14,66,15,,,26,,
2013/03/16,15,64,13,,,26,,
2013/03/16,16,58,12,,,28,,
2013/03/16,17,57,12,,,27,,
2013/03/16,18,55,13,,,23,,
2013/03/16,19,49,9,,,25,,
2013/03/16,20,43,7,,,19,,
2013/03/16,21,34,7,,,18,,
2013/03/16,22,34,10,,,14,,
2013/03/16,23,32,8,,,17,,
2013/03/16,24,32,7,,,15,,
2013/03/17,01,32,7,,,14,,
2013/03/17,02,31,8,,,16,,
2013/03/17,03,33,10,,,14,,
2013/03/17,04,34,11,,,16,,
2013/03/17,05,32,9,,,16,,
2013/03/17,06,36,9,,,16,,
2013/03/17,07,42,10,,,18,,
2013/03/17,08,44,11,,,19,,
2013/03/17,09,39,8,,,19,,
2013/03/17,10,52,7,,,20,,
2013/03/17,11,54,9,,,23,,
2013/03/17,12,53,11,,,23,,
2013/03/17,13,44,9,,,20,,
2013/03/17,14,48,8,,,21,,
2013/03/17,15,53,8,,,23,,
2013/03/17,16,47,6,,,20,,
2013/03/17,17,43,2,,,21,,
2013/03/17,18,46,8,,,22,,
2013/03/17,19,46,7,,,21,,
2013/03/17,20,40,7,,,19,,
2013/03/17,21,32,7,,,14,,
2013/03/17,22,30,7,,,15,,
2013/03/17,23,29,7,,,14,,
2013/03/17,24,28,7,,,12,,
2013/03/18,01,29,7,,,15,,
2013/03/18,02,29,6,,,12,,
2013/03/18,03,28,7,,,13,,
2013/03/18,04,30,9,,,14,,
2013/03/18,05,27,5,,,13,,
2013/03/18,06,32,6,,,17,,
2013/03/18,07,40,5,,,19,,
2013/03/18,08,41,6,,,19,,
2013/03/18,09,46,5,,,23,,
2013/03/18,10,58,5,,,27,,
2013/03/18,11,52,0,,,28,,
2013/03/18,12,47,2,,,25,,
2013/03/18,13,47,3,,,26,,
2013/03/18,14,55,4,,,29,,
2013/03/18,15,58,6,,,29,,
2013/03/18,16,58,7,,,30,,
2013/03/18,17,52,1,,,28,,
2013/03/18,18,46,3,,,27,,
2013/03/18,19,44,0,,,24,,
2013/03/18,20,36,0,,,21,,
2013/03/18,21,27,1,,,16,,
2013/03/18,22,23,1,,,16,,
2013/03/18,23,23,0,,,13,,
2013/03/18,24,22,1,,,12,,
2013/03/19,01,23,1,,,15,,
2013/03/19,02,27,5,,,14,,
2013/03/19,03,27,4,,,15,,
2013/03/19,04,25,2,,,15,,
2013/03/19,05,22,1,,,13,,
2013/03/19,06,25,0,,,15,,
2013/03/19,07,33,2,,,17,,
2013/03/19,08,31,0,,,19,,
2013/03/19,09,45,4,,,21,,
2013/03/19,10,52,3,,,25,,
2013/03/19,11,47,2,,,25,,
2013/03/19,12,48,2,,,25,,
2013/03/19,13,44,2,,,25,,
2013/03/19,14,51,1,,,26,,
2013/03/19,15,50,0,,,29,,
2013/03/19,16,47,2,,,27,,
2013/03/19,17,48,0,,,25,,
2013/03/19,18,42,1,,,23,,
2013/03/19,19,42,1,,,24,,
2013/03/19,20,34,0,,,20,,
2013/03/19,21,26,0,,,16,,
2013/03/19,22,23,2,,,14,,
2013/03/19,23,21,0,,,12,,
2013/03/19,24,21,0,,,14,,
2013/03/20,01,22,0,,,12,,
2013/03/20,02,21,2,,,12,,
2013/03/20,03,20,0,,,14,,
2013/03/20,04,21,0,,,12,,
2013/03/20,05,21,2,,,12,,
2013/03/20,06,26,1,,,16,,
2013/03/20,07,33,0,,,17,,
2013/03/20,08,36,4,,,18,,
2013/03/20,09,45,5,,,23,,
2013/03/20,10,51,4,,,23,,
2013/03/20,11,47,3,,,26,,
2013/03/20,12,44,0,,,21,,
2013/03/20,13,42,1,,,25,,
2013/03/20,14,52,3,,,26,,
2013/03/20,15,60,9,,,29,,
2013/03/20,16,54,5,,,27,,
2013/03/20,17,54,4,,,29,,
2013/03/20,18,48,5,,,25,,
2013/03/20,19,45,4,,,23,,
2013/03/20,20,39,4,,,20,,
2013/03/20,21,29,4,,,17,,
2013/03/20,22,31,6,,,15,,
2013/03/20,23,26,3,,,15,,
2013/03/20,24,25,5,,,12,,
2013/03/21,01,34,11,,,13,,
2013/03/21,02,36,14,,,15,,
2013/03/21,03,38,16,,,12,,
2013/03/21,04,38,16,,,15,,
2013/03/21,05,40,16,,,13,,
2013/03/21,06,41,17,,,16,,
2013/03/21,07,51,16,,,18,,
2013/03/21,08,54,19,,,19,,
2013/03/21,09,63,23,,,24,,
2013/03/21,10,71,25,,,25,,
2013/03/21,11,62,17,,,27,,
2013/03/21,12,59,17,,,25,,
2013/03/21,13,63,19,,,27,,
2013/03/21,14,65,15,,,29,,
2013/03/21,15,69,16,,,29,,
2013/03/21,16,63,15,,,29,,
2013/03/21,17,61,11,,,25,,
2013/03/21,18,55,12,,,27,,
2013/03/21,19,50,6,,,26,,
2013/03/21,20,48,12,,,21,,
2013/03/21,21,42,12,,,20,,
2013/03/21,22,40,14,,,15,,
2013/03/21,23,38,15,,,16,,
2013/03/21,24,42,17,,,15,,
2013/03/22,01,39,13,,,16,,
2013/03/22,02,39,17,,,15,,
2013/03/22,03,39,17,,,14,,
2013/03/22,04,41,16,,,17,,
2013/03/22,05,42,16,,,17,,
2013/03/22,06,48,20,,,17,,
2013/03/22,07,54,21,,,18,,
2013/03/22,08,47,15,,,19,,
2013/03/22,09,56,13,,,24,,
2013/03/22,10,63,11,,,26,,
2013/03/22,11,66,15,,,27,,
2013/03/22,12,59,10,,,28,,
2013/03/22,13,50,5,,,25,,
2013/03/22,14,55,6,,,27,,
2013/03/22,15,52,4,,,27,,
2013/03/22,16,51,3,,,27,,
2013/03/22,17,48,0,,,26,,
2013/03/22,18,41,1,,,23,,
2013/03/22,19,42,1,,,22,,
2013/03/22,20,39,3,,,21,,
2013/03/22,21,32,5,,,18,,
2013/03/22,22,29,6,,,16,,
2013/03/22,23,26,5,,,12,,
2013/03/22,24,28,7,,,14,,
2013/03/23,01,28,5,,,13,,
2013/03/23,02,26,6,,,13,,
2013/03/23,03,30,7,,,14,,
2013/03/23,04,28,6,,,15,,
2013/03/23,05,30,8,,,13,,
2013/03/23,06,34,6,,,19,,
2013/03/23,07,37,5,,,18,,
2013/03/23,08,31,0,,,16,,
2013/03/23,09,40,2,,,21,,
2013/03/23,10,43,2,,,22,,
2013/03/23,11,40,2,,,21,,
2013/03/23,12,43,4,,,22,,
2013/03/23,13,41,5,,,23,,
2013/03/23,14,49,3,,,22,,
2013/03/23,15,51,3,,,24,,
2013/03/23,16,42,1,,,26,,
2013/03/23,17,42,2,,,21,,
2013/03/23,18,39,0,,,22,,
2013/03/23,19,39,0,,,21,,
2013/03/23,20,42,9,,,21,,
2013/03/23,21,34,5,,,18,,
2013/03/23,22,23,0,,,13,,
2013/03/23,23,31,8,,,15,,
2013/03/23,24,29,8,,,13,,
2013/03/24,01,21,0,,,12,,
2013/03/24,02,23,2,,,12,,
2013/03/24,03,31,9,,,13,,
2013/03/24,04,28,8,,,13,,
2013/03/24,05,31,10,,,12,,
2013/03/24,06,32,6,,,16,,
2013/03/24,07,33,1,,,18,,
2013/03/24,08,30,1,,,16,,
2013/03/24,09,35,0,,,21,,
2013/03/24,10,55,10,,,23,,
2013/03/24,11,50,9,,,23,,
2013/03/24,12,47,9,,,21,,
2013/03/24,13,40,5,,,20,,
2013/03/24,14,48,3,,,22,,
2013/03/24,15,46,5,,,19,,
2013/03/24,16,42,3,,,22,,
2013/03/24,17,43,5,,,20,,
2013/03/24,18,40,4,,,22,,
2013/03/24,19,46,6,,,21,,
2013/03/24,20,41,5,,,22,,
2013/03/24,21,35,6,,,18,,
2013/03/24,22,30,5,,,17,,
2013/03/24,23,32,5,,,18,,
2013/03/24,24,31,5,,,17,,
2013/03/25,01,33,8,,,18,,
2013/03/25,02,30,6,,,15,,
2013/03/25,03,28,5,,,14,,
2013/03/25,04,28,7,,,16,,
2013/03/25,05,29,5,,,14,,
2013/03/25,06,35,9,,,18,,
2013/03/25,07,38,5,,,17,,
2013/03/25,08,38,7,,,19,,
2013/03/25,09,53,10,,,23,,
2013/03/25,10,60,9,,,25,,
2013/03/25,11,61,11,,,26,,
2013/03/25,12,56,9,,,28,,
2013/03/25,13,50,5,,,26,,
2013/03/25,14,57,6,,,28,,
2013/03/25,15,60,10,,,27,,
2013/03/25,16,57,10,,,29,,
2013/03/25,17,58,9,,,27,,
2013/03/25,18,52,7,,,25,,
2013/03/25,19,50,6,,,24,,
2013/03/25,20,43,9,,,20,,
2013/03/25,21,34,6,,,18,,
2013/03/25,22,32,7,,,15,,
2013/03/25,23,33,10,,,14,,
2013/03/25,24,29,6,,,14,,
2013/03/26,01,31,7,,,13,,
2013/03/26,02,33,11,,,15,,
2013/03/26,03,33,12,,,14,,
2013/03/26,04,34,11,,,12,,
2013/03/26,05,33,11,,,14,,
2013/03/26,06,38,13,,,14,,
2013/03/26,07,49,13,,,20,,
2013/03/26,08,48,15,,,20,,
2013/03/26,09,57,16,,,22,,
2013/03/26,10,70,21,,,26,,
2013/03/26,11,71,24,,,25,,
2013/03/26,12,71,24,,,27,,
2013/03/26,13,61,16,,,28,,
2013/03/26,14,59,12,,,26,,
2013/03/26,15,64,13,,,27,,
2013/03/26,16,60,13,,,26,,
2013/03/26,17,58,12,,,27,,
2013/03/26,18,55,11,,,26,,
2013/03/26,19,54,12,,,24,,
2013/03/26,20,42,7,,,22,,
2013/03/26,21,38,9,,,18,,
2013/03/26,22,33,6,,,20,,
2013/03/26,23,33,7,,,16,,
2013/03/26,24,33,10,,,14,,
2013/03/27,01,32,8,,,13,,
2013/03/27,02,35,13,,,15,,
2013/03/27,03,42,19,,,13,,
2013/03/27,04,38,16,,,16,,
2013/03/27,05,38,15,,,13,,
2013/03/27,06,47,21,,,18,,
2013/03/27,07,53,19,,,20,,
2013/03/27,08,49,15,,,17,,
2013/03/27,09,68,22,,,24,,
2013/03/27,10,78,30,,,25,,
2013/03/27,11,74,25,,,28,,
2013/03/27,12,63,18,,,24,,
2013/03/27,13,56,14,,,26,,
2013/03/27,14,64,12,,,26,,
2013/03/27,15,61,12,,,28,,
2013/03/27,16,63,10,,,28,,
2013/03/27,17,59,9,,,26,,
2013/03/27,18,52,9,,,26,,
2013/03/27,19,48,6,,,24,,
2013/03/27,20,47,9,,,22,,
2013/03/27,21,41,13,,,17,,
2013/03/27,22,34,8,,,16,,
2013/03/27,23,33,7,,,14,,
2013/03/27,24,35,11,,,15,,
2013/03/28,01,36,12,,,15,,
2013/03/28,02,38,11,,,16,,
2013/03/28,03,34,8,,,15,,
2013/03/28,04,33,10,,,16,,
2013/03/28,05,38,11,,,16,,
2013/03/28,06,43,15,,,17,,
2013/03/28,07,48,13,,,17,,
2013/03/28,08,51,13,,,23,,
2013/03/28,09,56,11,,,25,,
2013/03/28,10,65,16,,,28,,
2013/03/28,11,69,17,,,27,,
2013/03/28,12,60,12,,,27,,
2013/03/28,13,58,9,,,29,,
2013/03/28,14,56,5,,,24,,
2013/03/28,15,56,7,,,27,,
2013/03/28,16,52,4,,,27,,
2013/03/28,17,47,1,,,25,,
2013/03/28,18,42,0,,,25,,
2013/03/28,19,39,1,,,22,,
2013/03/28,20,39,0,,,21,,
2013/03/28,21,30,1,,,17,,
2013/03/28,22,25,1,,,13,,
2013/03/28,23,23,0,,,15,,
2013/03/28,24,22,1,,,13,,
2013/03/29,01,22,1,,,12,,
2013/03/29,02,21,0,,,15,,
2013/03/29,03,22,0,,,13,,
2013/03/29,04,23,2,,,13,,
2013/03/29,05,22,0,,,14,,
2013/03/29,06,26,0,,,16,,
2013/03/29,07,34,1,,,16,,
2013/03/29,08,33,1,,,19,,
2013/03/29,09,42,0,,,23,,
2013/03/29,10,51,0,,,25,,
2013/03/29,11,46,2,,,26,,
2013/03/29,12,47,0,,,25,,
2013/03/29,13,49,4,,,27,,
2013/03/29,14,56,3,,,29,,
2013/03/29,15,54,5,,,29,,
2013/03/29,16,53,3,,,29,,
2013/03/29,17,51,3,,,28,,
2013/03/29,18,51,9,,,26,,
2013/03/29,19,49,8,,,22,,
2013/03/29,20,43,7,,,20,,
2013/03/29,21,33,7,,,17,,
2013/03/29,22,31,7,,,16,,
2013/03/29,23,22,1,,,11,,
2013/03/29,24,20,0,,,11,,
2013/03/30,01,21,1,,,14,,
2013/03/30,02,20,1,,,11,,
2013/03/30,03,21,0,,,12,,
2013/03/30,04,20,1,,,13,,
2013/03/30,05,21,0,,,11,,
2013/03/30,06,23,1,,,14,,
2013/03/30,07,30,1,,,17,,
2013/03/30,08,31,0,,,19,,
2013/03/30,09,39,4,,,20,,
2013/03/30,10,52,5,,,24,,
2013/03/30,11,49,5,,,25,,
2013/03/30,12,49,3,,,23,,
2013/03/30,13,46,3,,,25,,
2013/03/30,14,53,4,,,25,,
2013/03/30,15,50,3,,,26,,
2013/03/30,16,49,3,,,25,,
2013/03/30,17,50,3,,,26,,
2013/03/30,18,44,3,,,24,,
2013/03/30,19,46,3,,,21,,
2013/03/30,20,33,0,,,19,,
2013/03/30,21,31,6,,,17,,
2013/03/30,22,31,7,,,15,,
2013/03/30,23,38,14,,,16,,
2013/03/30,24,39,15,,,17,,
2013/03/31,01,43,20,,,15,,
2013/03/31,02,38,14,,,16,,
2013/03/31,03,40,16,,,15,,
2013/03/31,04,38,16,,,16,,
2013/03/31,05,42,18,,,16,,
2013/03/31,06,42,14,,,19,,
2013/03/31,07,40,8,,,19,,
2013/03/31,08,34,5,,,17,,
2013/03/31,09,32,0,,,18,,
2013/03/31,10,42,2,,,19,,
2013/03/31,11,39,4,,,20,,
2013/03/31,12,41,2,,,21,,
2013/03/31,13,35,2,,,20,,
2013/03/31,14,45,3,,,22,,
2013/03/31,15,43,1,,,19,,
2013/03/31,16,40,1,,,20,,
2013/03/31,17,38,0,,,18,,
2013/03/31,18,35,1,,,20,,
2013/03/31,19,36,1,,,20,,
2013/03/31,20,33,0,,,17,,
2013/03/31,21,24,1,,,15,,
2013/03/31,22,23,0,,,15,,
2013/03/31,23,21,1,,,12,,
2013/03/31,24,20,0,,,12,,
2013/04/01,01,31,9,,,14,,
2013/04/01,02,35,14,,,15,,
2013/04/01,03,34,13,,,13,,
2013/04/01,04,35,14,,,14,,
2013/04/01,05,34,12,,,13,,
2013/04/01,06,37,13,,,17,,
2013/04/01,07,49,17,,,16,,
2013/04/01,08,44,11,,,19,,
2013/04/01,09,50,10,,,22,,
2013/04/01,10,66,15,,,24,,
2013/04/01,11,59,12,,,27,,
2013/04/01,12,54,7,,,25,,
2013/04/01,13,45,4,,,25,,
2013/04/01,14,53,4,,,27,,
2013/04/01,15,53,3,,,26,,
2013/04/01,16,51,5,,,25,,
2013/04/01,17,49,3,,,28,,
2013/04/01,18,42,2,,,25,,
2013/04/01,19,43,2,,,21,,
2013/04/01,20,40,2,,,22,,
2013/04/01,21,30,3,,,18,,
2013/04/01,22,25,2,,,14,,
2013/04/01,23,25,2,,,14,,
2013/04/01,24,25,2,,,16,,
2013/04/02,01,25,3,,,12,,
2013/04/02,02,22,2,,,14,,
2013/04/02,03,23,2,,,12,,
2013/04/02,04,24,3,,,14,,
2013/04/02,05,24,4,,,13,,
2013/04/02,06,27,3,,,14,,
2013/04/02,07,34,2,,,15,,
2013/04/02,08,34,3,,,17,,
2013/04/02,09,43,2,,,23,,
2013/04/02,10,57,5,,,26,,
2013/04/02,11,48,3,,,25,,
2013/04/02,12,51,4,,,26,,
2013/04/02,13,48,7,,,25,,
2013/04/02,14,55,3,,,28,,
2013/04/02,15,55,4,,,28,,
2013/04/02,16,53,2,,,26,,
2013/04/02,17,52,4,,,27,,
2013/04/02,18,44,2,,,26,,
2013/04/02,19,43,2,,,25,,
2013/04/02,20,38,2,,,20,,
2013/04/02,21,28,3,,,17,,
2013/04/02,22,31,7,,,13,,
2013/04/02,23,31,8,,,17,,
2013/04/02,24,22,2,,,12,,
2013/04/03,01,25,4,,,13,,
2013/04/03,02,26,6,,,12,,
2013/04/03,03,25,5,,,14,,
2013/04/03,04,26,7,,,12,,
2013/04/03,05,26,5,,,14,,
2013/04/03,06,30,5,,,14,,
2013/04/03,07,36,6,,,17,,
2013/04/03,08,40,6,,,17,,
2013/04/03,09,45,5,,,20,,
2013/04/03,10,51,4,,,25,,
2013/04/03,11,50,5,,,25,,
2013/04/03,12,51,6,,,27,,
2013/04/03,13,46,5,,,24,,
2013/04/03,14,55,5,,,28,,
2013/04/03,15,53,5,,,28,,
2013/04/03,16,49,4,,,27,,
2013/04/03,17,51,3,,,24,,
2013/04/03,18,44,4,,,26,,
2013/04/03,19,44,4,,,25,,
2013/04/03,20,45,8,,,20,,
2013/04/03,21,29,3,,,15,,
2013/04/03,22,35,10,,,16,,
2013/04/03,23,33,10,,,16,,
2013/04/03,24,27,5,,,13,,
2013/04/04,01,24,4,,,12,,
2013/04/04,02,32,11,,,14,,
2013/04/04,03,32,10,,,13,,
2013/04/04,04,35,14,,,12,,
2013/04/04,05,32,10,,,13,,
2013/04/04,06,32,9,,,15,,
2013/04/04,07,39,6,,,17,,
2013/04/04,08,38,6,,,19,,
2013/04/04,09,43,4,,,22,,
2013/04/04,10,47,3,,,23,,
2013/04/04,11,44,2,,,25,,
2013/04/04,12,44,2,,,27,,
2013/04/04,13,42,2,,,23,,
2013/04/04,14,50,2,,,26,,
2013/04/04,15,52,1,,,26,,
2013/04/04,16,47,1,,,28,,
2013/04/04,17,48,0,,,25,,
2013/04/04,18,46,1,,,26,,
2013/04/04,19,44,1,,,25,,
2013/04/04,20,36,0,,,19,,
2013/04/04,21,24,1,,,15,,
2013/04/04,22,23,2,,,15,,
2013/04/04,23,23,0,,,14,,
2013/04/04,24,21,1,,,14,,
2013/04/05,01,22,1,,,12,,
2013/04/05,02,20,0,,,13,,
2013/04/05,03,20,0,,,14,,
2013/04/05,04,21,1,,,12,,
2013/04/05,05,23,1,,,14,,
2013/04/05,06,30,6,,,15,,
2013/04/05,07,35,4,,,17,,
2013/04/05,08,34,3,,,17,,
2013/04/05,09,38,2,,,18,,
2013/04/05,10,46,1,,,26,,
2013/04/05,11,45,2,,,23,,
2013/04/05,12,44,1,,,26,,
2013/04/05,13,46,1,,,24,,
2013/04/05,14,50,1,,,24,,
2013/04/05,15,53,0,,,27,,
2013/04/05,16,48,1,,,26,,
2013/04/05,17,50,1,,,24,,
2013/04/05,18,40,0,,,23,,
2013/04/05,19,42,1,,,22,,
2013/04/05,20,36,0,,,20,,
2013/04/05,21,26,1,,,17,,
2013/04/05,22,23,0,,,14,,
2013/04/05,23,22,1,,,14,,
2013/04/05,24,21,0,,,12,,
2013/04/06,01,21,1,,,11,,
2013/04/06,02,21,1,,,13,,
2013/04/06,03,20,0,,,12,,
2013/04/06,04,19,0,,,12,,
2013/04/06,05,20,2,,,12,,
2013/04/06,06,23,0,,,14,,
2013/04/06,07,30,0,,,17,,
2013/04/06,08,31,1,,,14,,
2013/04/06,09,40,1,,,22,,
2013/04/06,10,46,0,,,21,,
2013/04/06,11,43,0,,,22,,
2013/04/06,12,47,2,,,23,,
2013/04/06,13,43,2,,,24,,
2013/04/06,14,51,0,,,25,,
2013/04/06,15,50,1,,,27,,
2013/04/06,16,48,0,,,26,,
2013/04/06,17,47,1,,,23,,
2013/04/06,18,43,0,,,23,,
2013/04/06,19,42,1,,,20,,
2013/04/06,20,36,0,,,19,,
2013/04/06,21,28,1,,,19,,
2013/04/06,22,26,1,,,16,,
2013/04/06,23,26,2,,,15,,
2013/04/06,24,24,3,,,16,,
2013/04/07,01,25,2,,,14,,
2013/04/07,02,23,2,,,13,,
2013/04/07,03,22,3,,,13,,
2013/04/07,04,21,2,,,12,,
2013/04/07,05,20,0,,,13,,
2013/04/07,06,23,1,,,15,,
2013/04/07,07,30,0,,,14,,
2013/04/07,08,28,1,,,16,,
2013/04/07,09,32,1,,,18,,
2013/04/07,10,42,0,,,21,,
2013/04/07,11,41,0,,,21,,
2013/04/07,12,42,4,,,21,,
2013/04/07,13,31,3,,,18,,
2013/04/07,14,39,0,,,19,,
2013/04/07,15,37,2,,,21,,
2013/04/07,16,34,2,,,19,,
2013/04/07,17,41,3,,,20,,
2013/04/07,18,40,6,,,19,,
2013/04/07,19,40,5,,,21,,
2013/04/07,20,32,2,,,18,,
2013/04/07,21,25,0,,,16,,
2013/04/07,22,23,0,,,13,,
2013/04/07,23,28,6,,,16,,
2013/04/07,24,27,6,,,13,,
2013/04/08,01,26,5,,,13,,
2013/04/08,02,27,6,,,15,,
2013/04/08,03,26,7,,,13,,
2013/04/08,04,28,6,,,15,,
2013/04/08,05,28,7,,,13,,
2013/04/08,06,39,15,,,17,,
2013/04/08,07,38,6,,,16,,
2013/04/08,08,38,4,,,20,,
2013/04/08,09,48,6,,,20,,
2013/04/08,10,54,4,,,26,,
2013/04/08,11,50,2,,,24,,
2013/04/08,12,44,2,,,24,,
2013/04/08,13,46,3,,,26,,
2013/04/08,14,51,3,,,27,,
2013/04/08,15,51,3,,,23,,
2013/04/08,16,47,2,,,26,,
2013/04/08,17,48,2,,,26,,
2013/04/08,18,42,2,,,23,,
2013/04/08,19,43,0,,,22,,
2013/04/08,20,36,1,,,21,,
2013/04/08,21,26,0,,,17,,
2013/04/08,22,23,1,,,14,,
2013/04/08,23,23,0,,,12,,
2013/04/08,24,20,1,,,14,,
2013/04/09,01,20,1,,,11,,
2013/04/09,02,20,0,,,12,,
2013/04/09,03,19,1,,,13,,
2013/04/09,04,21,1,,,13,,
2013/04/09,05,20,0,,,13,,
2013/04/09,06,23,0,,,13,,
2013/04/09,07,30,2,,,16,,
2013/04/09,08,32,0,,,18,,
2013/04/09,09,39,0,,,20,,
2013/04/09,10,50,2,,,24,,
2013/04/09,11,46,3,,,24,,
2013/04/09,12,44,2,,,25,,
2013/04/09,13,43,1,,,26,,
2013/04/09,14,48,1,,,25,,
2013/04/09,15,53,1,,,27,,
2013/04/09,16,48,0,,,27,,
2013/04/09,17,46,1,,,25,,
2013/04/09,18,42,1,,,25,,
2013/04/09,19,41,0,,,20,,
2013/04/09,20,33,0,,,20,,
2013/04/09,21,24,1,,,15,,
2013/04/09,22,20,1,,,12,,
2013/04/09,23,20,0,,,12,,
2013/04/09,24,18,1,,,10,,
2013/04/10,01,18,0,,,9,,
2013/04/10,02,18,1,,,11,,
2013/04/10,03,17,1,,,11,,
2013/04/10,04,17,0,,,10,,
2013/04/10,05,17,1,,,9,,
2013/04/10,06,20,0,,,13,,
2013/04/10,07,28,1,,,13,,
2013/04/10,08,29,0,,,14,,
2013/04/10,09,37,1,,,19,,
2013/04/10,10,46,1,,,22,,
2013/04/10,11,43,0,,,23,,
2013/04/10,12,43,0,,,23,,
2013/04/10,13,38,2,,,21,,
2013/04/10,14,48,0,,,24,,
2013/04/10,15,47,0,,,25,,
2013/04/10,16,47,1,,,23,,
2013/04/10,17,44,2,,,22,,
2013/04/10,18,36,0,,,21,,
2013/04/10,19,38,0,,,22,,
2013/04/10,20,34,1,,,19,,
2013/04/10,21,26,1,,,14,,
2013/04/10,22,21,0,,,15,,
2013/04/10,23,21,1,,,11,,
2013/04/10,24,19,1,,,12,,
2013/04/11,01,19,0,,,11,,
2013/04/11,02,18,0,,,10,,
2013/04/11,03,18,1,,,14,,
2013/04/11,04,19,1,,,12,,
2013/04/11,05,21,0,,,13,,
2013/04/11,06,24,1,,,13,,
2013/04/11,07,29,1,,,15,,
2013/04/11,08,28,0,,,15,,
2013/04/11,09,39,1,,,20,,
2013/04/11,10,50,4,,,21,,
2013/04/11,11,50,4,,,23,,
2013/04/11,12,47,4,,,24,,
2013/04/11,13,43,5,,,23,,
2013/04/11,14,53,3,,,24,,
2013/04/11,15,59,14,,,27,,
2013/04/11,16,55,11,,,26,,
2013/04/11,17,55,9,,,26,,
2013/04/11,18,52,8,,,26,,
2013/04/11,19,50,10,,,25,,
2013/04/11,20,42,5,,,22,,
2013/04/11,21,35,9,,,17,,
2013/04/11,22,38,15,,,14,,
2013/04/11,23,33,13,,,16,,
2013/04/11,24,32,11,,,13,,
2013/04/12,01,33,13,,,13,,
2013/04/12,02,33,13,,,13,,
2013/04/12,03,34,14,,,12,,
2013/04/12,04,33,13,,,14,,
2013/04/12,05,33,14,,,12,,
2013/04/12,06,38,14,,,16,,
2013/04/12,07,43,13,,,15,,
2013/04/12,08,43,13,,,17,,
2013/04/12,09,49,9,,,23,,
2013/04/12,10,52,5,,,24,,
2013/04/12,11,50,4,,,24,,
2013/04/12,12,49,5,,,24,,
2013/04/12,13,41,4,,,24,,
2013/04/12,14,51,4,,,25,,
2013/04/12,15,53,6,,,26,,
2013/04/12,16,47,1,,,25,,
2013/04/12,17,45,2,,,23,,
2013/04/12,18,40,2,,,25,,
2013/04/12,19,41,0,,,21,,
2013/04/12,20,34,2,,,22,,
2013/04/12,21,26,0,,,18,,
2013/04/12,22,29,6,,,14,,
2013/04/12,23,27,7,,,13,,
2013/04/12,24,25,5,,,12,,
2013/04/13,01,28,7,,,15,,
2013/04/13,02,25,7,,,11,,
2013/04/13,03,28,7,,,14,,
2013/04/13,04,27,7,,,15,,
2013/04/13,05,33,10,,,12,,
2013/04/13,06,32,8,,,17,,
2013/04/13,07,40,8,,,18,,
2013/04/13,08,40,7,,,21,,
2013/04/13,09,43,6,,,22,,
2013/04/13,10,54,7,,,25,,
2013/04/13,11,52,7,,,24,,
2013/04/13,12,46,5,,,24,,
2013/04/13,13,45,7,,,24,,
2013/04/13,14,58,9,,,26,,
2013/04/13,15,58,9,,,27,,
2013/04/13,16,53,7,,,26,,
2013/04/13,17,53,8,,,25,,
2013/04/13,18,45,3,,,24,,
2013/04/13,19,47,4,,,22,,
2013/04/13,20,36,3,,,20,,
2013/04/13,21,31,6,,,16,,
2013/04/13,22,25,3,,,14,,
2013/04/13,23,25,3,,,15,,
2013/04/13,24,25,5,,,14,,
2013/04/14,01,28,6,,,14,,
2013/04/14,02,25,4,,,13,,
2013/04/14,03,26,4,,,16,,
2013/04/14,04,27,6,,,14,,
2013/04/14,05,27,6,,,13,,
2013/04/14,06,30,6,,,15,,
2013/04/14,07,34,6,,,17,,
2013/04/14,08,33,5,,,15,,
2013/04/14,09,35,3,,,19,,
2013/04/14,10,44,5,,,16,,
2013/04/14,11,42,5,,,21,,
2013/04/14,12,43,5,,,20,,
2013/04/14,13,34,2,,,20,,
2013/04/14,14,41,1,,,19,,
2013/04/14,15,41,3,,,20,,
2013/04/14,16,40,2,,,19,,
2013/04/14,17,38,1,,,21,,
2013/04/14,18,33,2,,,18,,
2013/04/14,19,38,3,,,22,,
2013/04/14,20,35,2,,,19,,
2013/04/14,21,29,4,,,17,,
2013/04/14,22,28,6,,,14,,
2013/04/14,23,26,5,,,14,,
2013/04/14,24,24,3,,,15,,
2013/04/15,01,28,5,,,14,,
2013/04/15,02,25,4,,,13,,
2013/04/15,03,24,3,,,13,,
2013/04/15,04,24,4,,,14,,
2013/04/15,05,25,5,,,13,,
2013/04/15,06,27,6,,,14,,
2013/04/15,07,40,9,,,17,,
2013/04/15,08,32,3,,,18,,
2013/04/15,09,44,3,,,21,,
2013/04/15,10,55,6,,,26,,
2013/04/15,11,54,4,,,26,,
2013/04/15,12,52,6,,,27,,
2013/04/15,13,48,3,,,27,,
2013/04/15,14,51,3,,,29,,
2013/04/15,15,50,3,,,26,,
2013/04/15,16,50,4,,,27,,
2013/04/15,17,52,2,,,27,,
2013/04/15,18,46,3,,,27,,
2013/04/15,19,44,2,,,22,,
2013/04/15,20,38,4,,,19,,
2013/04/15,21,30,4,,,17,,
2013/04/15,22,27,2,,,18,,
2013/04/15,23,23,3,,,12,,
2013/04/15,24,23,3,,,13,,
2013/04/16,01,24,4,,,13,,
2013/04/16,02,24,3,,,13,,
2013/04/16,03,23,4,,,13,,
2013/04/16,04,26,5,,,12,,
2013/04/16,05,26,8,,,13,,
2013/04/16,06,29,4,,,16,,
2013/04/16,07,35,4,,,15,,
2013/04/16,08,36,5,,,18,,
2013/04/16,09,42,3,,,22,,
2013/04/16,10,53,2,,,25,,
2013/04/16,11,47,0,,,25,,
2013/04/16,12,48,2,,,25,,
2013/04/16,13,44,0,,,27,,
2013/04/16,14,55,0,,,26,,
2013/04/16,15,54,0,,,27,,
2013/04/16,16,50,2,,,27,,
2013/04/16,17,49,0,,,26,,
2013/04/16,18,44,1,,,26,,
2013/04/16,19,46,1,,,22,,
2013/04/16,20,36,0,,,20,,
2013/04/16,21,26,1,,,16,,
2013/04/16,22,22,1,,,13,,
2013/04/16,23,21,0,,,13,,
2013/04/16,24,20,0,,,11,,
2013/04/17,01,22,1,,,14,,
2013/04/17,02,20,1,,,10,,
2013/04/17,03,21,0,,,14,,
2013/04/17,04,19,0,,,13,,
2013/04/17,05,20,2,,,11,,
2013/04/17,06,23,0,,,14,,
2013/04/17,07,33,0,,,17,,
2013/04/17,08,33,1,,,17,,
2013/04/17,09,39,1,,,21,,
2013/04/17,10,49,0,,,23,,
2013/04/17,11,45,0,,,25,,
2013/04/17,12,49,1,,,26,,
2013/04/17,13,44,1,,,28,,
2013/04/17,14,54,0,,,26,,
2013/04/17,15,50,1,,,26,,
2013/04/17,16,49,1,,,25,,
2013/04/17,17,47,0,,,26,,
2013/04/17,18,43,1,,,22,,
2013/04/17,19,42,0,,,23,,
2013/04/17,20,35,2,,,19,,
2013/04/17,21,26,1,,,15,,
2013/04/17,22,24,1,,,13,,
2013/04/17,23,24,1,,,16,,
2013/04/17,24,22,2,,,14,,
2013/04/18,01,23,1,,,13,,
2013/04/18,02,22,1,,,13,,
2013/04/18,03,22,1,,,13,,
2013/04/18,04,21,2,,,13,,
2013/04/18,05,22,1,,,14,,
2013/04/18,06,27,2,,,15,,
2013/04/18,07,36,2,,,15,,
2013/04/18,08,36,1,,,18,,
2013/04/18,09,42,0,,,21,,
2013/04/18,10,51,0,,,24,,
2013/04/18,11,49,2,,,24,,
2013/04/18,12,49,0,,,25,,
2013/04/18,13,46,0,,,25,,
2013/04/18,14,56,1,,,26,,
2013/04/18,15,50,1,,,26,,
2013/04/18,16,48,0,,,26,,
2013/04/18,17,47,1,,,24,,
2013/04/18,18,44,0,,,26,,
2013/04/18,19,47,1,,,23,,
2013/04/18,20,38,0,,,22,,
2013/04/18,21,28,1,,,19,,
2013/04/18,22,23,0,,,12,,
2013/04/18,23,20,1,,,13,,
2013/04/18,24,19,1,,,11,,
2013/04/19,01,20,0,,,11,,
2013/04/19,02,19,1,,,11,,
2013/04/19,03,20,1,,,12,,
2013/04/19,04,20,0,,,11,,
2013/04/19,05,19,0,,,12,,
2013/04/19,06,23,1,,,14,,
2013/04/19,07,33,1,,,15,,
2013/04/19,08,30,0,,,19,,
2013/04/19,09,39,0,,,21,,
2013/04/19,10,49,3,,,23,,
2013/04/19,11,45,1,,,23,,
2013/04/19,12,46,1,,,23,,
2013/04/19,13,40,1,,,26,,
2013/04/19,14,47,1,,,24,,
2013/04/19,15,47,0,,,27,,
2013/04/19,16,45,0,,,23,,
2013/04/19,17,46,2,,,25,,
2013/04/19,18,43,0,,,24,,
2013/04/19,19,39,0,,,22,,
2013/04/19,20,35,1,,,19,,
2013/04/19,21,28,2,,,19,,
2013/04/19,22,32,8,,,14,,
2013/04/19,23,28,4,,,17,,
2013/04/19,24,28,5,,,16,,
2013/04/20,01,30,8,,,13,,
2013/04/20,02,26,5,,,15,,
2013/04/20,03,27,6,,,13,,
2013/04/20,04,27,8,,,14,,
2013/04/20,05,28,7,,,14,,
2013/04/20,06,29,5,,,13,,
2013/04/20,07,30,0,,,16,,
2013/04/20,08,29,1,,,16,,
2013/04/20,09,36,1,,,20,,
2013/04/20,10,46,3,,,22,,
2013/04/20,11,45,3,,,22,,
2013/04/20,12,43,3,,,24,,
2013/04/20,13,39,0,,,24,,
2013/04/20,14,47,0,,,26,,
2013/04/20,15,47,0,,,24,,
2013/04/20,16,43,2,,,25,,
2013/04/20,17,44,0,,,24,,
2013/04/20,18,39,0,,,23,,
2013/04/20,19,40,1,,,21,,
2013/04/20,20,32,1,,,19,,
2013/04/20,21,26,0,,,17,,
2013/04/20,22,32,8,,,15,,
2013/04/20,23,28,6,,,16,,
2013/04/20,24,29,6,,,15,,
2013/04/21,01,27,5,,,15,,
2013/04/21,02,30,9,,,13,,
2013/04/21,03,29,8,,,14,,
2013/04/21,04,27,6,,,14,,
2013/04/21,05,29,8,,,13,,
2013/04/21,06,28,4,,,15,,
2013/04/21,07,29,1,,,16,,
2013/04/21,08,31,1,,,18,,
2013/04/21,09,33,0,,,17,,
2013/04/21,10,44,3,,,21,,
2013/04/21,11,42,3,,,20,,
2013/04/21,12,39,2,,,20,,
2013/04/21,13,33,2,,,18,,
2013/04/21,14,46,4,,,19,,
2013/04/21,15,40,0,,,21,,
2013/04/21,16,36,1,,,20,,
2013/04/21,17,42,0,,,21,,
2013/04/21,18,34,1,,,19,,
2013/04/21,19,37,0,,,20,,
2013/04/21,20,32,1,,,18,,
2013/04/21,21,26,1,,,16,,
2013/04/21,22,21,0,,,15,,
2013/04/21,23,20,1,,,12,,
2013/04/21,24,19,0,,,11,,
2013/04/22,01,20,1,,,13,,
2013/04/22,02,19,0,,,13,,
2013/04/22,03,21,1,,,12,,
2013/04/22,04,21,1,,,14,,
2013/04/22,05,22,0,,,13,,
2013/04/22,06,25,0,,,17,,
2013/04/22,07,31,2,,,13,,
2013/04/22,08,30,0,,,16,,
2013/04/22,09,40,0,,,23,,
2013/04/22,10,51,3,,,24,,
2013/04/22,11,47,0,,,23,,
2013/04/22,12,46,0,,,25,,
2013/04/22,13,44,4,,,28,,
2013/04/22,14,53,4,,,26,,
2013/04/22,15,50,1,,,26,,
2013/04/22,16,47,2,,,25,,
2013/04/22,17,47,3,,,26,,
2013/04/22,18,44,3,,,25,,
2013/04/22,19,41,2,,,22,,
2013/04/22,20,41,7,,,20,,
2013/04/22,21,30,6,,,16,,
2013/04/22,22,36,13,,,14,,
2013/04/22,23,35,12,,,16,,
2013/04/22,24,36,14,,,14,,
2013/04/23,01,34,11,,,16,,
2013/04/23,02,35,12,,,15,,
2013/04/23,03,35,13,,,15,,
2013/04/23,04,34,12,,,15,,
2013/04/23,05,34,12,,,15,,
2013/04/23,06,38,11,,,19,,
2013/04/23,07,48,15,,,17,,
2013/04/23,08,48,12,,,22,,
2013/04/23,09,54,9,,,24,,
2013/04/23,10,60,8,,,26,,
2013/04/23,11,56,6,,,25,,
2013/04/23,12,53,4,,,28,,
2013/04/23,13,47,3,,,26,,
2013/04/23,14,55,2,,,25,,
2013/04/23,15,54,0,,,28,,
2013/04/23,16,50,3,,,28,,
2013/04/23,17,49,0,,,28,,
2013/04/23,18,42,2,,,23,,
2013/04/23,19,29,0,,,21,,
2013/04/23,20,35,1,,,19,,
2013/04/23,21,29,2,,,18,,
2013/04/23,22,28,3,,,17,,
2013/04/23,23,28,3,,,14,,
2013/04/23,24,29,6,,,16,,
2013/04/24,01,28,4,,,16,,
2013/04/24,02,26,4,,,12,,
2013/04/24,03,26,4,,,15,,
2013/04/24,04,25,3,,,15,,
2013/04/24,05,29,6,,,14,,
2013/04/24,06,31,6,,,15,,
2013/04/24,07,42,4,,,19,,
2013/04/24,08,40,5,,,21,,
2013/04/24,09,45,3,,,23,,
2013/04/24,10,53,3,,,25,,
2013/04/24,11,49,3,,,25,,
2013/04/24,12,46,1,,,25,,
2013/04/24,13,43,0,,,27,,
2013/04/24,14,52,0,,,27,,
2013/04/24,15,50,2,,,27,,
2013/04/24,16,45,0,,,26,,
2013/04/24,17,48,0,,,26,,
2013/04/24,18,41,1,,,25,,
2013/04/24,19,42,1,,,24,,
2013/04/24,20,39,2,,,20,,
2013/04/24,21,30,2,,,18,,
2013/04/24,22,27,3,,,16,,
2013/04/24,23,23,1,,,12,,
2013/04/24,24,22,2,,,12,,
2013/04/25,01,23,1,,,13,,
2013/04/25,02,22,3,,,11,,
2013/04/25,03,21,2,,,12,,
2013/04/25,04,22,2,,,12,,
2013/04/25,05,23,2,,,11,,
2013/04/25,06,25,3,,,14,,
2013/04/25,07,35,1,,,14,,
2013/04/25,08,33,1,,,16,,
2013/04/25,09,43,3,,,22,,
2013/04/25,10,51,3,,,23,,
2013/04/25,11,48,1,,,23,,
2013/04/25,12,47,2,,,27,,
2013/04/25,13,44,2,,,24,,
2013/04/25,14,53,0,,,25,,
2013/04/25,15,49,1,,,25,,
2013/04/25,16,49,2,,,26,,
2013/04/25,17,49,0,,,24,,
2013/04/25,18,42,0,,,23,,
2013/04/25,19,43,1,,,23,,
2013/04/25,20,35,1,,,18,,
2013/04/25,21,25,0,,,16,,
2013/04/25,22,23,1,,,13,,
2013/04/25,23,24,1,,,14,,
2013/04/25,24,23,0,,,14,,
2013/04/26,01,22,0,,,11,,
2013/04/26,02,21,1,,,14,,
2013/04/26,03,20,1,,,13,,
2013/04/26,04,21,0,,,11,,
2013/04/26,05,21,1,,,13,,
2013/04/26,06,26,1,,,14,,
2013/04/26,07,34,1,,,15,,
2013/04/26,08,34,0,,,16,,
2013/04/26,09,43,1,,,21,,
2013/04/26,10,50,0,,,23,,
2013/04/26,11,49,1,,,23,,
2013/04/26,12,46,1,,,24,,
2013/04/26,13,44,0,,,25,,
2013/04/26,14,51,1,,,26,,
2013/04/26,15,51,0,,,25,,
2013/04/26,16,47,1,,,26,,
2013/04/26,17,47,0,,,26,,
2013/04/26,18,41,1,,,22,,
2013/04/26,19,41,1,,,23,,
2013/04/26,20,35,0,,,19,,
2013/04/26,21,25,0,,,16,,
2013/04/26,22,25,4,,,13,,
2013/04/26,23,21,2,,,10,,
2013/04/26,24,20,1,,,11,,
2013/04/27,01,21,2,,,8,,
2013/04/27,02,20,3,,,12,,
2013/04/27,03,21,1,,,11,,
2013/04/27,04,20,2,,,12,,
2013/04/27,05,20,3,,,11,,
2013/04/27,06,24,1,,,11,,
2013/04/27,07,31,2,,,15,,
2013/04/27,08,31,1,,,17,,
2013/04/27,09,40,4,,,19,,
2013/04/27,10,44,2,,,22,,
2013/04/27,11,43,1,,,25,,
2013/04/27,12,44,1,,,21,,
2013/04/27,13,42,3,,,23,,
2013/04/27,14,51,2,,,25,,
2013/04/27,15,48,2,,,26,,
2013/04/27,16,44,1,,,22,,
2013/04/27,17,44,2,,,22,,
2013/04/27,18,41,0,,,22,,
2013/04/27,19,39,3,,,18,,
2013/04/27,20,35,1,,,21,,
2013/04/27,21,27,1,,,15,,
2013/04/27,22,23,1,,,13,,
2013/04/27,23,24,3,,,12,,
2013/04/27,24,21,1,,,13,,
2013/04/28,01,21,0,,,12,,
2013/04/28,02,20,1,,,11,,
2013/04/28,03,21,1,,,12,,
2013/04/28,04,21,0,,,14,,
2013/04/28,05,20,0,,,11,,
2013/04/28,06,23,2,,,14,,
2013/04/28,07,29,0,,,13,,
2013/04/28,08,34,0,,,18,,
2013/04/28,09,38,3,,,19,,
2013/04/28,10,41,0,,,18,,
2013/04/28,11,37,0,,,17,,
2013/04/28,12,35,2,,,18,,
2013/04/28,13,32,0,,,19,,
2013/04/28,14,41,0,,,17,,
2013/04/28,15,40,0,,,17,,
2013/04/28,16,36,2,,,18,,
2013/04/28,17,37,0,,,17,,
2013/04/28,18,32,0,,,18,,
2013/04/28,19,38,2,,,20,,
2013/04/28,20,36,0,,,17,,
2013/04/28,21,25,0,,,16,,
2013/04/28,22,23,1,,,12,,
2013/04/28,23,23,1,,,14,,
2013/04/28,24,21,0,,,12,,
2013/04/29,01,21,0,,,11,,
2013/04/29,02,20,1,,,13,,
2013/04/29,03,19,1,,,12,,
2013/04/29,04,20,0,,,12,,
2013/04/29,05,21,1,,,11,,
2013/04/29,06,24,0,,,13,,
2013/04/29,07,32,1,,,16,,
2013/04/29,08,30,1,,,16,,
2013/04/29,09,40,0,,,19,,
2013/04/29,10,49,0,,,22,,
2013/04/29,11,47,1,,,25,,
2013/04/29,12,46,1,,,24,,
2013/04/29,13,43,0,,,25,,
2013/04/29,14,49,1,,,25,,
2013/04/29,15,52,1,,,25,,
2013/04/29,16,44,0,,,25,,
2013/04/29,17,46,0,,,25,,
2013/04/29,18,41,2,,,23,,
2013/04/29,19,40,0,,,21,,
2013/04/29,20,34,0,,,19,,
2013/04/29,21,26,0,,,16,,
2013/04/29,22,23,2,,,12,,
2013/04/29,23,21,0,,,13,,
2013/04/29,24,20,0,,,10,,
2013/04/30,01,21,1,,,13,,
2013/04/30,02,20,1,,,11,,
2013/04/30,03,20,0,,,11,,
2013/04/30,04,20,1,,,12,,
2013/04/30,05,21,1,,,12,,
2013/04/30,06,25,0,,,13,,
2013/04/30,07,35,0,,,17,,
2013/04/30,08,34,1,,,18,,
2013/04/30,09,45,1,,,19,,
2013/04/30,10,53,0,,,25,,
2013/04/30,11,49,1,,,25,,
2013/04/30,12,51,0,,,25,,
2013/04/30,13,43,1,,,25,,
2013/04/30,14,52,2,,,27,,
2013/04/30,15,53,0,,,26,,
2013/04/30,16,49,0,,,26,,
2013/04/30,17,49,1,,,25,,
2013/04/30,18,42,1,,,24,,
2013/04/30,19,43,0,,,22,,
2013/04/30,20,36,0,,,21,,
2013/04/30,21,27,2,,,16,,
2013/04/30,22,23,0,,,15,,
2013/04/30,23,23,0,,,13,,
2013/04/30,24,20,1,,,11,,
2013/05/01,01,20,1,,,11,,
2013/05/01,02,20,0,,,13,,
2013/05/01,03,20,0,,,11,,
2013/05/01,04,20,2,,,12,,
2013/05/01,05,21,0,,,10,,
2013/05/01,06,24,0,,,14,,
2013/05/01,07,33,1,,,16,,
2013/05/01,08,28,1,,,16,,
2013/05/01,09,38,0,,,19,,
2013/05/01,10,47,1,,,23,,
2013/05/01,11,43,0,,,24,,
2013/05/01,12,44,1,,,25,,
2013/05/01,13,40,0,,,23,,
2013/05/01,14,48,1,,,25,,
2013/05/01,15,50,0,,,23,,
2013/05/01,16,44,1,,,25,,
2013/05/01,17,46,1,,,24,,
2013/05/01,18,40,0,,,24,,
2013/05/01,19,40,1,,,21,,
2013/05/01,20,37,1,,,20,,
2013/05/01,21,29,0,,,19,,
2013/05/01,22,23,0,,,14,,
2013/05/01,23,21,2,,,13,,
2013/05/01,24,20,0,,,11,,
2013/05/02,01,22,0,,,12,,
2013/05/02,02,20,0,,,13,,
2013/05/02,03,20,2,,,12,,
2013/05/02,04,20,0,,,10,,
2013/05/02,05,20,0,,,14,,
2013/05/02,06,24,2,,,12,,
2013/05/02,07,33,0,,,15,,
2013/05/02,08,35,0,,,15,,
2013/05/02,09,37,1,,,21,,
2013/05/02,10,50,4,,,22,,
2013/05/02,11,48,2,,,23,,
2013/05/02,12,46,1,,,25,,
2013/05/02,13,43,2,,,24,,
2013/05/02,14,51,1,,,27,,
2013/05/02,15,51,1,,,25,,
2013/05/02,16,47,2,,,23,,
2013/05/02,17,46,0,,,25,,
2013/05/02,18,41,1,,,22,,
2013/05/02,19,42,1,,,22,,
2013/05/02,20,35,0,,,17,,
2013/05/02,21,25,0,,,16,,
2013/05/02,22,22,1,,,14,,
2013/05/02,23,20,1,,,10,,
2013/05/02,24,25,5,,,12,,
2013/05/03,01,20,0,,,11,,
2013/05/03,02,19,2,,,9,,
2013/05/03,03,19,0,,,10,,
2013/05/03,04,20,0,,,12,,
2013/05/03,05,25,6,,,11,,
2013/05/03,06,28,7,,,13,,
2013/05/03,07,30,1,,,15,,
2013/05/03,08,30,0,,,14,,
2013/05/03,09,41,2,,,19,,
2013/05/03,10,47,0,,,22,,
2013/05/03,11,46,0,,,22,,
2013/05/03,12,45,1,,,22,,
2013/05/03,13,41,1,,,24,,
2013/05/03,14,48,0,,,24,,
2013/05/03,15,48,2,,,22,,
2013/05/03,16,44,1,,,25,,
2013/05/03,17,44,0,,,23,,
2013/05/03,18,39,1,,,21,,
2013/05/03,19,39,1,,,19,,
2013/05/03,20,33,0,,,19,,
2013/05/03,21,24,0,,,15,,
2013/05/03,22,22,1,,,13,,
2013/05/03,23,23,1,,,13,,
2013/05/03,24,21,0,,,13,,
2013/05/04,01,22,1,,,14,,
2013/05/04,02,22,1,,,11,,
2013/05/04,03,21,0,,,13,,
2013/05/04,04,21,1,,,12,,
2013/05/04,05,21,0,,,13,,
2013/05/04,06,25,1,,,15,,
2013/05/04,07,29,0,,,15,,
2013/05/04,08,30,1,,,16,,
2013/05/04,09,42,1,,,21,,
2013/05/04,10,44,0,,,22,,
2013/05/04,11,42,1,,,21,,
2013/05/04,12,41,0,,,22,,
2013/05/04,13,38,1,,,23,,
2013/05/04,14,46,1,,,23,,
2013/05/04,15,48,0,,,24,,
2013/05/04,16,45,0,,,25,,
2013/05/04,17,44,1,,,18,,
2013/05/04,18,40,2,,,21,,
2013/05/04,19,40,0,,,20,,
2013/05/04,20,35,0,,,21,,
2013/05/04,21,26,1,,,15,,
2013/05/04,22,25,4,,,12,,
2013/05/04,23,22,1,,,13,,
2013/05/04,24,19,0,,,11,,
2013/05/05,01,20,2,,,10,,
2013/05/05,02,19,0,,,11,,
2013/05/05,03,18,0,,,10,,
2013/05/05,04,18,0,,,10,,
2013/05/05,05,19,2,,,11,,
2013/05/05,06,23,0,,,13,,
2013/05/05,07,29,0,,,15,,
2013/05/05,08,31,1,,,13,,
2013/05/05,09,35,1,,,19,,
2013/05/05,10,43,0,,,19,,
2013/05/05,11,38,1,,,18,,
2013/05/05,12,38,0,,,18,,
2013/05/05,13,32,1,,,19,,
2013/05/05,14,42,0,,,18,,
2013/05/05,15,40,1,,,20,,
2013/05/05,16,37,1,,,18,,
2013/05/05,17,40,0,,,19,,
2013/05/05,18,32,1,,,19,,
2013/05/05,19,36,0,,,20,,
2013/05/05,20,35,1,,,18,,
2013/05/05,21,26,1,,,16,,
2013/05/05,22,25,0,,,17,,
2013/05/05,23,22,0,,,13,,
2013/05/05,24,20,1,,,12,,
2013/05/06,01,21,1,,,12,,
2013/05/06,02,19,0,,,10,,
2013/05/06,03,18,0,,,10,,
2013/05/06,04,19,2,,,12,,
2013/05/06,05,19,0,,,11,,
2013/05/06,06,23,0,,,13,,
2013/05/06,07,29,2,,,15,,
2013/05/06,08,31,0,,,17,,
2013/05/06,09,38,0,,,20,,
2013/05/06,10,48,0,,,23,,
2013/05/06,11,47,2,,,23,,
2013/05/06,12,45,0,,,25,,
2013/05/06,13,42,0,,,22,,
2013/05/06,14,48,1,,,25,,
2013/05/06,15,52,1,,,24,,
2013/05/06,16,46,0,,,26,,
2013/05/06,17,46,1,,,25,,
2013/05/06,18,41,0,,,21,,
2013/05/06,19,40,1,,,19,,
2013/05/06,20,32,1,,,19,,
2013/05/06,21,25,0,,,14,,
2013/05/06,22,22,1,,,15,,
2013/05/06,23,20,0,,,9,,
2013/05/06,24,20,1,,,12,,
2013/05/07,01,21,0,,,11,,
2013/05/07,02,19,1,,,11,,
2013/05/07,03,19,1,,,13,,
2013/05/07,04,19,0,,,11,,
2013/05/07,05,20,0,,,11,,
2013/05/07,06,26,2,,,15,,
2013/05/07,07,34,0,,,14,,
2013/05/07,08,35,0,,,19,,
2013/05/07,09,42,0,,,20,,
2013/05/07,10,51,2,,,23,,
2013/05/07,11,49,0,,,23,,
2013/05/07,12,46,0,,,24,,
2013/05/07,13,44,2,,,23,,
2013/05/07,14,55,0,,,26,,
2013/05/07,15,52,0,,,27,,
2013/05/07,16,50,1,,,26,,
2013/05/07,17,50,1,,,24,,
2013/05/07,18,44,0,,,23,,
2013/05/07,19,44,0,,,23,,
2013/05/07,20,35,1,,,20,,
2013/05/07,21,25,1,,,15,,
2013/05/07,22,24,3,,,15,,
2013/05/07,23,27,3,,,13,,
2013/05/07,24,25,3,,,14,,
2013/05/08,01,25,3,,,12,,
2013/05/08,02,22,3,,,11,,
2013/05/08,03,22,3,,,13,,
2013/05/08,04,24,6,,,10,,
2013/05/08,05,23,3,,,11,,
2013/05/08,06,25,2,,,13,,
2013/05/08,07,34,2,,,16,,
2013/05/08,08,32,3,,,17,,
2013/05/08,09,42,2,,,19,,
2013/05/08,10,49,2,,,22,,
2013/05/08,11,48,2,,,23,,
2013/05/08,12,45,2,,,23,,
2013/05/08,13,42,2,,,22,,
2013/05/08,14,53,2,,,25,,
2013/05/08,15,52,4,,,22,,
2013/05/08,16,45,2,,,24,,
2013/05/08,17,49,2,,,24,,
2013/05/08,18,39,1,,,21,,
2013/05/08,19,41,3,,,20,,
2013/05/08,20,39,1,,,19,,
2013/05/08,21,28,2,,,17,,
2013/05/08,22,26,2,,,13,,
2013/05/08,23,25,2,,,11,,
2013/05/08,24,20,2,,,11,,
2013/05/09,01,21,2,,,10,,
2013/05/09,02,20,2,,,11,,
2013/05/09,03,20,3,,,11,,
2013/05/09,04,24,5,,,9,,
2013/05/09,05,20,2,,,11,,
2013/05/09,06,24,2,,,12,,
2013/05/09,07,32,3,,,13,,
2013/05/09,08,33,1,,,16,,
2013/05/09,09,43,2,,,19,,
2013/05/09,10,50,2,,,22,,
2013/05/09,11,50,1,,,26,,
2013/05/09,12,49,0,,,24,,
2013/05/09,13,43,0,,,26,,
2013/05/09,14,53,2,,,26,,
2013/05/09,15,53,0,,,25,,
2013/05/09,16,49,0,,,24,,
2013/05/09,17,50,2,,,24,,
2013/05/09,18,46,2,,,24,,
2013/05/09,19,45,1,,,24,,
2013/05/09,20,36,2,,,16,,
2013/05/09,21,25,2,,,14,,
2013/05/09,22,26,1,,,12,,
2013/05/09,23,25,2,,,15,,
2013/05/09,24,21,1,,,11,,
2013/05/10,01,22,2,,,10,,
2013/05/10,02,23,4,,,11,,
2013/05/10,03,20,2,,,12,,
2013/05/10,04,20,1,,,9,,
2013/05/10,05,21,3,,,12,,
2013/05/10,06,26,1,,,14,,
2013/05/10,07,33,2,,,15,,
2013/05/10,08,33,1,,,14,,
2013/05/10,09,45,3,,,21,,
2013/05/10,10,53,1,,,22,,
2013/05/10,11,49,1,,,23,,
2013/05/10,12,49,1,,,24,,
2013/05/10,13,45,2,,,25,,
2013/05/10,14,52,2,,,24,,
2013/05/10,15,54,1,,,26,,
2013/05/10,16,51,1,,,26,,
2013/05/10,17,50,1,,,24,,
2013/05/10,18,44,2,,,24,,
2013/05/10,19,45,2,,,20,,
2013/05/10,20,37,1,,,21,,
2013/05/10,21,29,5,,,16,,
2013/05/10,22,26,2,,,15,,
2013/05/10,23,23,2,,,10,,
2013/05/10,24,20,2,,,9,,
2013/05/11,01,21,2,,,10,,
2013/05/11,02,20,2,,,12,,
2013/05/11,03,19,2,,,8,,
2013/05/11,04,20,1,,,11,,
2013/05/11,05,21,3,,,11,,
2013/05/11,06,23,2,,,12,,
2013/05/11,07,29,1,,,14,,
2013/05/11,08,32,2,,,17,,
2013/05/11,09,39,3,,,19,,
2013/05/11,10,48,3,,,21,,
2013/05/11,11,38,3,,,21,,
2013/05/11,12,37,2,,,21,,
2013/05/11,13,42,0,,,23,,
2013/05/11,14,47,0,,,24,,
2013/05/11,15,52,0,,,25,,
2013/05/11,16,49,2,,,24,,
2013/05/11,17,43,0,,,22,,
2013/05/11,18,41,0,,,21,,
2013/05/11,19,42,2,,,19,,
2013/05/11,20,33,0,,,17,,
2013/05/11,21,25,0,,,16,,
2013/05/11,22,23,1,,,12,,
2013/05/11,23,21,1,,,12,,
2013/05/11,24,20,0,,,11,,
2013/05/12,01,22,0,,,12,,
2013/05/12,02,20,1,,,11,,
2013/05/12,03,20,1,,,12,,
2013/05/12,04,19,0,,,12,,
2013/05/12,05,21,2,,,12,,
2013/05/12,06,25,2,,,12,,
2013/05/12,07,29,3,,,14,,
2013/05/12,08,29,0,,,15,,
2013/05/12,09,35,1,,,17,,
2013/05/12,10,43,1,,,18,,
2013/05/12,11,40,0,,,19,,
2013/05/12,12,38,1,,,17,,
2013/05/12,13,34,0,,,17,,
2013/05/12,14,38,1,,,18,,
2013/05/12,15,41,0,,,19,,
2013/05/12,16,39,1,,,17,,
2013/05/12,17,44,1,,,21,,
2013/05/12,18,34,0,,,16,,
2013/05/12,19,37,1,,,17,,
2013/05/12,20,34,0,,,15,,
2013/05/12,21,26,1,,,15,,
2013/05/12,22,24,1,,,11,,
2013/05/12,23,22,0,,,10,,
2013/05/12,24,19,0,,,10,,
2013/05/13,01,20,1,,,11,,
2013/05/13,02,18,1,,,10,,
2013/05/13,03,18,0,,,10,,
2013/05/13,04,19,0,,,10,,
2013/05/13,05,19,2,,,11,,
2013/05/13,06,23,0,,,13,,
2013/05/13,07,30,0,,,14,,
2013/05/13,08,33,2,,,16,,
2013/05/13,09,42,0,,,18,,
2013/05/13,10,52,0,,,23,,
2013/05/13,11,51,0,,,22,,
2013/05/13,12,52,2,,,26,,
2013/05/13,13,48,0,,,26,,
2013/05/13,14,55,0,,,26,,
2013/05/13,15,53,1,,,25,,
2013/05/13,16,51,1,,,27,,
2013/05/13,17,51,0,,,26,,
2013/05/13,18,44,1,,,25,,
2013/05/13,19,44,0,,,21,,
2013/05/13,20,35,1,,,18,,
2013/05/13,21,27,0,,,16,,
2013/05/13,22,25,1,,,13,,
2013/05/13,23,23,1,,,11,,
2013/05/13,24,20,0,,,12,,
2013/05/14,01,21,1,,,11,,
2013/05/14,02,19,0,,,10,,
2013/05/14,03,19,1,,,12,,
2013/05/14,04,19,1,,,10,,
2013/05/14,05,19,0,,,11,,
2013/05/14,06,23,0,,,11,,
2013/05/14,07,33,1,,,16,,
2013/05/14,08,35,1,,,16,,
2013/05/14,09,43,0,,,21,,
2013/05/14,10,53,0,,,24,,
2013/05/14,11,48,2,,,22,,
2013/05/14,12,49,0,,,24,,
2013/05/14,13,50,2,,,26,,
2013/05/14,14,55,4,,,25,,
2013/05/14,15,57,3,,,24,,
2013/05/14,16,51,1,,,26,,
2013/05/14,17,51,2,,,25,,
2013/05/14,18,46,2,,,23,,
2013/05/14,19,44,0,,,21,,
2013/05/14,20,33,0,,,15,,
2013/05/14,21,28,1,,,17,,
2013/05/14,22,26,1,,,13,,
2013/05/14,23,24,0,,,12,,
2013/05/14,24,21,1,,,11,,
2013/05/15,01,22,0,,,12,,
2013/05/15,02,20,1,,,12,,
2013/05/15,03,20,0,,,12,,
2013/05/15,04,21,1,,,10,,
2013/05/15,05,22,0,,,12,,
2013/05/15,06,26,1,,,14,,
2013/05/15,07,33,1,,,17,,
2013/05/15,08,33,0,,,14,,
2013/05/15,09,43,1,,,21,,
2013/05/15,10,55,1,,,24,,
2013/05/15,11,54,0,,,25,,
2013/05/15,12,52,1,,,26,,
2013/05/15,13,48,2,,,24,,
2013/05/15,14,56,3,,,28,,
2013/05/15,15,53,2,,,26,,
2013/05/15,16,52,0,,,25,,
2013/05/15,17,54,4,,,25,,
2013/05/15,18,48,1,,,24,,
2013/05/15,19,47,1,,,24,,
2013/05/15,20,41,3,,,20,,
2013/05/15,21,25,1,,,14,,
2013/05/15,22,25,0,,,14,,
2013/05/15,23,25,1,,,13,,
2013/05/15,24,22,1,,,12,,
2013/05/16,01,23,0,,,11,,
2013/05/16,02,21,0,,,12,,
2013/05/16,03,22,2,,,12,,
2013/05/16,04,21,0,,,12,,
2013/05/16,05,22,0,,,14,,
2013/05/16,06,26,1,,,13,,
2013/05/16,07,32,1,,,15,,
2013/05/16,08,34,0,,,13,,
2013/05/16,09,42,1,,,20,,
2013/05/16,10,55,1,,,23,,
2013/05/16,11,52,1,,,26,,
2013/05/16,12,50,1,,,24,,
2013/05/16,13,48,2,,,25,,
2013/05/16,14,57,3,,,28,,
2013/05/16,15,57,1,,,27,,
2013/05/16,16,54,3,,,28,,
2013/05/16,17,51,3,,,24,,
2013/05/16,18,48,1,,,24,,
2013/05/16,19,45,1,,,21,,
2013/05/16,20,38,2,,,21,,
2013/05/16,21,28,1,,,17,,
2013/05/16,22,27,1,,,13,,
2013/05/16,23,26,1,,,16,,
2013/05/16,24,24,0,,,13,,
2013/05/17,01,24,0,,,13,,
2013/05/17,02,22,1,,,14,,
2013/05/17,03,22,1,,,13,,
2013/05/17,04,22,0,,,13,,
2013/05/17,05,22,0,,,12,,
2013/05/17,06,24,2,,,13,,
2013/05/17,07,32,0,,,14,,
2013/05/17,08,32,0,,,17,,
2013/05/17,09,46,2,,,21,,
2013/05/17,10,52,0,,,22,,
2013/05/17,11,49,1,,,23,,
2013/05/17,12,49,0,,,24,,
2013/05/17,13,43,2,,,23,,
2013/05/17,14,55,1,,,25,,
2013/05/17,15,53,2,,,24,,
2013/05/17,16,50,3,,,26,,
2013/05/17,17,51,2,,,25,,
2013/05/17,18,47,1,,,24,,
2013/05/17,19,44,2,,,23,,
2013/05/17,20,36,0,,,17,,
2013/05/17,21,27,1,,,17,,
2013/05/17,22,24,0,,,12,,
2013/05/17,23,22,1,,,10,,
2013/05/17,24,19,0,,,11,,
2013/05/18,01,20,1,,,9,,
2013/05/18,02,21,2,,,10,,
2013/05/18,03,18,0,,,11,,
2013/05/18,04,19,1,,,10,,
2013/05/18,05,18,1,,,9,,
2013/05/18,06,21,0,,,12,,
2013/05/18,07,27,1,,,11,,
2013/05/18,08,30,0,,,16,,
2013/05/18,09,34,1,,,20,,
2013/05/18,10,47,1,,,19,,
2013/05/18,11,43,0,,,21,,
2013/05/18,12,42,1,,,19,,
2013/05/18,13,42,1,,,22,,
2013/05/18,14,48,3,,,23,,
2013/05/18,15,53,3,,,28,,
2013/05/18,16,52,3,,,26,,
2013/05/18,17,46,2,,,23,,
2013/05/18,18,42,0,,,22,,
2013/05/18,19,43,1,,,22,,
2013/05/18,20,35,1,,,18,,
2013/05/18,21,26,0,,,15,,
2013/05/18,22,25,0,,,14,,
2013/05/18,23,21,2,,,10,,
2013/05/18,24,21,0,,,12,,
2013/05/19,01,22,0,,,11,,
2013/05/19,02,20,2,,,12,,
2013/05/19,03,20,0,,,9,,
2013/05/19,04,20,0,,,12,,
2013/05/19,05,21,0,,,11,,
2013/05/19,06,24,2,,,13,,
2013/05/19,07,28,0,,,14,,
2013/05/19,08,33,0,,,14,,
2013/05/19,09,36,2,,,18,,
2013/05/19,10,49,2,,,19,,
2013/05/19,11,45,1,,,20,,
2013/05/19,12,38,1,,,18,,
2013/05/19,13,37,1,,,18,,
2013/05/19,14,43,0,,,16,,
2013/05/19,15,43,2,,,20,,
2013/05/19,16,38,1,,,17,,
2013/05/19,17,41,0,,,18,,
2013/05/19,18,35,1,,,17,,
2013/05/19,19,39,1,,,19,,
2013/05/19,20,36,1,,,18,,
2013/05/19,21,26,1,,,15,,
2013/05/19,22,24,0,,,13,,
2013/05/19,23,25,0,,,14,,
2013/05/19,24,22,2,,,10,,
2013/05/20,01,23,0,,,13,,
2013/05/20,02,21,0,,,13,,
2013/05/20,03,21,0,,,11,,
2013/05/20,04,21,2,,,12,,
2013/05/20,05,21,0,,,13,,
2013/05/20,06,25,0,,,12,,
2013/05/20,07,31,1,,,13,,
2013/05/20,08,33,1,,,17,,
2013/05/20,09,45,0,,,20,,
2013/05/20,10,54,2,,,23,,
2013/05/20,11,52,2,,,25,,
2013/05/20,12,52,2,,,24,,
2013/05/20,13,53,4,,,25,,
2013/05/20,14,58,4,,,25,,
2013/05/20,15,57,2,,,27,,
2013/05/20,16,54,4,,,27,,
2013/05/20,17,53,3,,,24,,
2013/05/20,18,49,3,,,25,,
2013/05/20,19,43,2,,,20,,
2013/05/20,20,35,0,,,17,,
2013/05/20,21,27,0,,,15,,
2013/05/20,22,25,0,,,12,,
2013/05/20,23,25,2,,,12,,
2013/05/20,24,22,0,,,11,,
2013/05/21,01,22,0,,,12,,
2013/05/21,02,21,1,,,11,,
2013/05/21,03,21,1,,,10,,
2013/05/21,04,21,0,,,12,,
2013/05/21,05,21,1,,,12,,
2013/05/21,06,23,0,,,12,,
2013/05/21,07,35,1,,,15,,
2013/05/21,08,33,0,,,18,,
2013/05/21,09,43,2,,,20,,
2013/05/21,10,55,2,,,25,,
2013/05/21,11,54,2,,,27,,
2013/05/21,12,54,2,,,27,,
2013/05/21,13,52,3,,,26,,
2013/05/21,14,59,5,,,26,,
2013/05/21,15,59,4,,,28,,
2013/05/21,16,54,4,,,27,,
2013/05/21,17,58,4,,,26,,
2013/05/21,18,51,4,,,27,,
2013/05/21,19,45,2,,,21,,
2013/05/21,20,41,3,,,18,,
2013/05/21,21,29,1,,,16,,
2013/05/21,22,28,0,,,15,,
2013/05/21,23,25,2,,,13,,
2013/05/21,24,22,0,,,11,,
2013/05/22,01,22,0,,,10,,
2013/05/22,02,21,2,,,12,,
2013/05/22,03,21,0,,,12,,
2013/05/22,04,20,0,,,10,,
2013/05/22,05,20,1,,,10,,
2013/05/22,06,26,1,,,13,,
2013/05/22,07,32,0,,,16,,
2013/05/22,08,35,0,,,16,,
2013/05/22,09,46,2,,,19,,
2013/05/22,10,56,1,,,24,,
2013/05/22,11,54,2,,,25,,
2013/05/22,12,53,3,,,27,,
2013/05/22,13,50,3,,,26,,
2013/05/22,14,58,4,,,27,,
2013/05/22,15,58,6,,,27,,
2013/05/22,16,57,8,,,26,,
2013/05/22,17,56,5,,,26,,
2013/05/22,18,54,4,,,25,,
2013/05/22,19,51,5,,,25,,
2013/05/22,20,40,1,,,20,,
2013/05/22,21,30,3,,,17,,
2013/05/22,22,31,3,,,13,,
2013/05/22,23,28,1,,,16,,
2013/05/22,24,24,2,,,13,,
2013/05/23,01,26,1,,,15,,
2013/05/23,02,23,2,,,13,,
2013/05/23,03,23,1,,,12,,
2013/05/23,04,22,2,,,14,,
2013/05/23,05,24,1,,,11,,
2013/05/23,06,24,1,,,14,,
2013/05/23,07,36,4,,,14,,
2013/05/23,08,37,0,,,18,,
2013/05/23,09,45,2,,,20,,
2013/05/23,10,57,2,,,25,,
2013/05/23,11,54,2,,,26,,
2013/05/23,12,54,4,,,25,,
2013/05/23,13,52,3,,,27,,
2013/05/23,14,62,7,,,27,,
2013/05/23,15,60,7,,,26,,
2013/05/23,16,53,5,,,27,,
2013/05/23,17,57,6,,,27,,
2013/05/23,18,53,6,,,26,,
2013/05/23,19,50,3,,,24,,
2013/05/23,20,39,2,,,20,,
2013/05/23,21,31,3,,,17,,
2013/05/23,22,27,1,,,14,,
2013/05/23,23,27,1,,,14,,
2013/05/23,24,22,2,,,11,,
2013/05/24,01,24,1,,,11,,
2013/05/24,02,23,0,,,15,,
2013/05/24,03,21,1,,,12,,
2013/05/24,04,22,1,,,14,,
2013/05/24,05,22,1,,,12,,
2013/05/24,06,26,1,,,14,,
2013/05/24,07,35,0,,,15,,
2013/05/24,08,35,2,,,16,,
2013/05/24,09,44,1,,,21,,
2013/05/24,10,53,0,,,23,,
2013/05/24,11,54,3,,,25,,
2013/05/24,12,55,3,,,27,,
2013/05/24,13,54,6,,,27,,
2013/05/24,14,66,9,,,28,,
2013/05/24,15,65,9,,,30,,
2013/05/24,16,59,9,,,28,,
2013/05/24,17,59,6,,,27,,
2013/05/24,18,49,6,,,25,,
2013/05/24,19,49,3,,,24,,
2013/05/24,20,42,5,,,21,,
2013/05/24,21,30,2,,,16,,
2013/05/24,22,29,2,,,14,,
2013/05/24,23,28,3,,,14,,
2013/05/24,24,24,1,,,10,,
2013/05/25,01,24,2,,,12,,
2013/05/25,02,23,1,,,14,,
2013/05/25,03,22,2,,,11,,
2013/05/25,04,22,1,,,12,,
2013/05/25,05,22,2,,,12,,
2013/05/25,06,26,1,,,14,,
2013/05/25,07,33,5,,,16,,
2013/05/25,08,37,3,,,18,,
2013/05/25,09,46,3,,,22,,
2013/05/25,10,51,3,,,21,,
2013/05/25,11,48,3,,,21,,
2013/05/25,12,52,6,,,26,,
2013/05/25,13,54,11,,,25,,
2013/05/25,14,65,11,,,30,,
2013/05/25,15,67,11,,,29,,
2013/05/25,16,65,11,,,31,,
2013/05/25,17,61,10,,,27,,
2013/05/25,18,54,7,,,27,,
2013/05/25,19,51,4,,,24,,
2013/05/25,20,42,3,,,23,,
2013/05/25,21,32,3,,,17,,
2013/05/25,22,31,2,,,17,,
2013/05/25,23,32,5,,,16,,
2013/05/25,24,26,2,,,12,,
2013/05/26,01,27,3,,,16,,
2013/05/26,02,25,1,,,16,,
2013/05/26,03,26,2,,,15,,
2013/05/26,04,26,2,,,14,,
2013/05/26,05,27,3,,,17,,
2013/05/26,06,30,2,,,14,,
2013/05/26,07,32,2,,,16,,
2013/05/26,08,36,2,,,17,,
2013/05/26,09,39,1,,,17,,
2013/05/26,10,49,3,,,19,,
2013/05/26,11,50,4,,,21,,
2013/05/26,12,50,5,,,22,,
2013/05/26,13,44,6,,,19,,
2013/05/26,14,51,5,,,24,,
2013/05/26,15,50,4,,,22,,
2013/05/26,16,55,10,,,23,,
2013/05/26,17,52,6,,,23,,
2013/05/26,18,45,6,,,22,,
2013/05/26,19,45,3,,,22,,
2013/05/26,20,40,4,,,19,,
2013/05/26,21,30,4,,,17,,
2013/05/26,22,30,2,,,16,,
2013/05/26,23,29,1,,,13,,
2013/05/26,24,25,2,,,14,,
2013/05/27,01,26,3,,,14,,
2013/05/27,02,24,1,,,14,,
2013/05/27,03,27,5,,,14,,
2013/05/27,04,24,2,,,13,,
2013/05/27,05,23,1,,,15,,
2013/05/27,06,29,2,,,14,,
2013/05/27,07,37,2,,,18,,
2013/05/27,08,37,3,,,19,,
2013/05/27,09,52,4,,,24,,
2013/05/27,10,56,2,,,23,,
2013/05/27,11,54,3,,,25,,
2013/05/27,12,53,4,,,24,,
2013/05/27,13,49,3,,,25,,
2013/05/27,14,62,6,,,26,,
2013/05/27,15,56,5,,,26,,
2013/05/27,16,57,6,,,28,,
2013/05/27,17,59,8,,,28,,
2013/05/27,18,62,12,,,28,,
2013/05/27,19,50,3,,,24,,
2013/05/27,20,44,3,,,23,,
2013/05/27,21,33,2,,,18,,
2013/05/27,22,32,4,,,15,,
2013/05/27,23,31,2,,,18,,
2013/05/27,24,31,7,,,14,,
2013/05/28,01,27,1,,,14,,
2013/05/28,02,25,3,,,14,,
2013/05/28,03,25,2,,,15,,
2013/05/28,04,25,2,,,14,,
2013/05/28,05,25,1,,,16,,
2013/05/28,06,30,4,,,15,,
2013/05/28,07,38,2,,,17,,
2013/05/28,08,39,2,,,21,,
2013/05/28,09,56,9,,,23,,
2013/05/28,10,61,4,,,27,,
2013/05/28,11,62,8,,,27,,
2013/05/28,12,61,7,,,30,,
2013/05/28,13,59,8,,,28,,
2013/05/28,14,69,12,,,32,,
2013/05/28,15,70,12,,,29,,
2013/05/28,16,62,7,,,32,,
2013/05/28,17,62,4,,,29,,
2013/05/28,18,54,6,,,27,,
2013/05/28,19,51,3,,,25,,
2013/05/28,20,44,4,,,22,,
2013/05/28,21,32,3,,,19,,
2013/05/28,22,33,4,,,17,,
2013/05/28,23,27,1,,,14,,
2013/05/28,24,26,2,,,16,,
2013/05/29,01,26,1,,,13,,
2013/05/29,02,25,2,,,16,,
2013/05/29,03,25,1,,,14,,
2013/05/29,04,24,2,,,14,,
2013/05/29,05,25,1,,,15,,
2013/05/29,06,28,1,,,16,,
2013/05/29,07,38,2,,,17,,
2013/05/29,08,44,5,,,22,,
2013/05/29,09,49,3,,,24,,
2013/05/29,10,57,5,,,25,,
2013/05/29,11,56,7,,,27,,
2013/05/29,12,56,9,,,29,,
2013/05/29,13,56,9,,,29,,
2013/05/29,14,67,10,,,30,,
2013/05/29,15,65,11,,,29,,
2013/05/29,16,60,7,,,30,,
2013/05/29,17,63,7,,,28,,
2013/05/29,18,55,8,,,29,,
2013/05/29,19,53,3,,,26,,
2013/05/29,20,45,6,,,23,,
2013/05/29,21,35,2,,,21,,
2013/05/29,22,33,3,,,18,,
2013/05/29,23,30,3,,,16,,
2013/05/29,24,25,2,,,14,,
2013/05/30,01,26,2,,,13,,
2013/05/30,02,30,6,,,14,,
2013/05/30,03,25,3,,,14,,
2013/05/30,04,26,2,,,13,,
2013/05/30,05,25,2,,,15,,
2013/05/30,06,29,2,,,14,,
2013/05/30,07,39,3,,,19,,
2013/05/30,08,42,2,,,21,,
2013/05/30,09,57,7,,,25,,
2013/05/30,10,68,12,,,28,,
2013/05/30,11,63,9,,,29,,
2013/05/30,12,64,12,,,28,,
2013/05/30,13,59,8,,,29,,
2013/05/30,14,68,9,,,31,,
2013/05/30,15,67,10,,,30,,
2013/05/30,16,64,10,,,31,,
2013/05/30,17,59,6,,,31,,
2013/05/30,18,54,7,,,26,,
2013/05/30,19,51,6,,,23,,
2013/05/30,20,41,2,,,23,,
2013/05/30,21,31,4,,,18,,
2013/05/30,22,30,1,,,14,,
2013/05/30,23,30,2,,,15,,
2013/05/30,24,25,1,,,16,,
2013/05/31,01,26,2,,,14,,
2013/05/31,02,22,1,,,13,,
2013/05/31,03,23,1,,,14,,
2013/05/31,04,23,1,,,14,,
2013/05/31,05,22,1,,,12,,
2013/05/31,06,27,2,,,16,,
2013/05/31,07,33,1,,,15,,
2013/05/31,08,34,2,,,18,,
2013/05/31,09,50,4,,,22,,
2013/05/31,10,57,2,,,25,,
2013/05/31,11,53,4,,,23,,
2013/05/31,12,53,3,,,26,,
2013/05/31,13,53,4,,,26,,
2013/05/31,14,62,9,,,28,,
2013/05/31,15,66,9,,,27,,
2013/05/31,16,62,9,,,29,,
2013/05/31,17,66,12,,,31,,
2013/05/31,18,57,6,,,31,,
2013/05/31,19,52,4,,,24,,
2013/05/31,20,45,4,,,22,,
2013/05/31,21,35,4,,,21,,
2013/05/31,22,32,2,,,16,,
2013/05/31,23,32,2,,,17,,
2013/05/31,24,27,2,,,16,,
2013/06/01,01,26,1,,,15,,
2013/06/01,02,26,2,,,15,,
2013/06/01,03,28,4,,,16,,
2013/06/01,04,25,2,,,15,,
2013/06/01,05,30,3,,,15,,
2013/06/01,06,28,1,,,17,,
2013/06/01,07,33,2,,,15,,
2013/06/01,08,35,1,,,17,,
2013/06/01,09,44,3,,,21,,
2013/06/01,10,55,2,,,25,,
2013/06/01,11,53,4,,,26,,
2013/06/01,12,58,8,,,27,,
2013/06/01,13,59,7,,,29,,
2013/06/01,14,64,8,,,31,,
2013/06/01,15,69,8,,,31,,
2013/06/01,16,64,9,,,30,,
2013/06/01,17,57,5,,,29,,
2013/06/01,18,51,6,,,26,,
2013/06/01,19,49,2,,,24,,
2013/06/01,20,41,3,,,23,,
2013/06/01,21,31,2,,,16,,
2013/06/01,22,31,2,,,18,,
2013/06/01,23,30,3,,,15,,
2013/06/01,24,27,1,,,16,,
2013/06/02,01,29,4,,,12,,
2013/06/02,02,26,1,,,15,,
2013/06/02,03,24,2,,,15,,
2013/06/02,04,24,1,,,15,,
2013/06/02,05,24,1,,,14,,
2013/06/02,06,30,4,,,15,,
2013/06/02,07,32,2,,,17,,
2013/06/02,08,38,2,,,19,,
2013/06/02,09,42,2,,,21,,
2013/06/02,10,50,2,,,22,,
2013/06/02,11,53,5,,,25,,
2013/06/02,12,51,7,,,22,,
2013/06/02,13,43,3,,,25,,
2013/06/02,14,55,7,,,20,,
2013/06/02,15,49,2,,,25,,
2013/06/02,16,47,4,,,21,,
2013/06/02,17,52,4,,,25,,
2013/06/02,18,46,6,,,21,,
2013/06/02,19,45,3,,,21,,
2013/06/02,20,43,4,,,20,,
2013/06/02,21,31,2,,,19,,
2013/06/02,22,31,2,,,16,,
2013/06/02,23,31,2,,,17,,
2013/06/02,24,26,2,,,15,,
2013/06/03,01,26,1,,,13,,
2013/06/03,02,27,5,,,15,,
2013/06/03,03,24,1,,,15,,
2013/06/03,04,24,1,,,14,,
2013/06/03,05,24,2,,,15,,
2013/06/03,06,27,1,,,16,,
2013/06/03,07,37,2,,,16,,
2013/06/03,08,39,2,,,20,,
2013/06/03,09,50,3,,,24,,
2013/06/03,10,71,13,,,29,,
2013/06/03,11,65,9,,,29,,
2013/06/03,12,64,9,,,30,,
2013/06/03,13,63,13,,,30,,
2013/06/03,14,73,11,,,33,,
2013/06/03,15,82,20,,,32,,
2013/06/03,16,65,10,,,30,,
2013/06/03,17,66,9,,,32,,
2013/06/03,18,59,9,,,30,,
2013/06/03,19,54,5,,,26,,
2013/06/03,20,47,6,,,24,,
2013/06/03,21,34,5,,,19,,
2013/06/03,22,31,1,,,17,,
2013/06/03,23,30,2,,,16,,
2013/06/03,24,25,1,,,14,,
2013/06/04,01,27,3,,,16,,
2013/06/04,02,26,1,,,15,,
2013/06/04,03,25,2,,,14,,
2013/06/04,04,24,1,,,14,,
2013/06/04,05,25,3,,,15,,
2013/06/04,06,31,3,,,17,,
2013/06/04,07,39,2,,,18,,
2013/06/04,08,39,3,,,20,,
2013/06/04,09,55,8,,,24,,
2013/06/04,10,63,6,,,30,,
2013/06/04,11,65,10,,,26,,
2013/06/04,12,66,12,,,30,,
2013/06/04,13,63,11,,,32,,
2013/06/04,14,77,16,,,31,,
2013/06/04,15,71,12,,,32,,
2013/06/04,16,69,14,,,31,,
2013/06/04,17,66,9,,,31,,
2013/06/04,18,61,10,,,28,,
2013/06/04,19,55,5,,,27,,
2013/06/04,20,44,4,,,21,,
2013/06/04,21,36,6,,,19,,
2013/06/04,22,31,3,,,15,,
2013/06/04,23,29,2,,,15,,
2013/06/04,24,26,2,,,16,,
2013/06/05,01,29,5,,,14,,
2013/06/05,02,25,1,,,14,,
2013/06/05,03,25,2,,,14,,
2013/06/05,04,28,4,,,15,,
2013/06/05,05,25,2,,,15,,
2013/06/05,06,31,2,,,15,,
2013/06/05,07,39,3,,,19,,
2013/06/05,08,41,3,,,20,,
2013/06/05,09,50,5,,,26,,
2013/06/05,10,64,9,,,25,,
2013/06/05,11,68,13,,,29,,
2013/06/05,12,61,8,,,30,,
2013/06/05,13,63,12,,,30,,
2013/06/05,14,76,15,,,31,,
2013/06/05,15,69,14,,,30,,
2013/06/05,16,66,10,,,30,,
2013/06/05,17,63,9,,,29,,
2013/06/05,18,59,10,,,26,,
2013/06/05,19,52,5,,,26,,
2013/06/05,20,42,3,,,22,,
2013/06/05,21,33,3,,,19,,
2013/06/05,22,34,2,,,19,,
2013/06/05,23,32,2,,,17,,
2013/06/05,24,28,3,,,17,,
2013/06/06,01,33,7,,,15,,
2013/06/06,02,27,1,,,15,,
2013/06/06,03,26,3,,,16,,
2013/06/06,04,27,2,,,15,,
2013/06/06,05,27,2,,,18,,
2013/06/06,06,30,1,,,16,,
2013/06/06,07,39,3,,,19,,
2013/06/06,08,40,1,,,20,,
2013/06/06,09,52,4,,,23,,
2013/06/06,10,65,8,,,26,,
2013/06/06,11,67,12,,,28,,
2013/06/06,12,64,8,,,29,,
2013/06/06,13,66,14,,,30,,
2013/06/06,14,72,11,,,32,,
2013/06/06,15,73,14,,,32,,
2013/06/06,16,70,16,,,30,,
2013/06/06,17,65,8,,,32,,
2013/06/06,18,55,6,,,28,,
2013/06/06,19,55,7,,,27,,
2013/06/06,20,43,4,,,22,,
2013/06/06,21,33,2,,,19,,
2013/06/06,22,34,5,,,17,,
2013/06/06,23,31,2,,,17,,
2013/06/06,24,29,2,,,16,,
2013/06/07,01,28,3,,,16,,
2013/06/07,02,30,5,,,15,,
2013/06/07,03,25,2,,,16,,
2013/06/07,04,25,2,,,14,,
2013/06/07,05,26,2,,,16,,
2013/06/07,06,31,2,,,17,,
2013/06/07,07,41,5,,,17,,
2013/06/07,08,42,4,,,21,,
2013/06/07,09,55,5,,,25,,
2013/06/07,10,68,8,,,28,,
2013/06/07,11,69,10,,,32,,
2013/06/07,12,68,14,,,30,,
2013/06/07,13,64,13,,,31,,
2013/06/07,14,76,17,,,32,,
2013/06/07,15,75,16,,,30,,
2013/06/07,16,72,17,,,31,,
2013/06/07,17,71,17,,,32,,
2013/06/07,18,62,10,,,28,,
2013/06/07,19,60,10,,,30,,
2013/06/07,20,45,4,,,23,,
2013/06/07,21,35,2,,,19,,
2013/06/07,22,36,5,,,19,,
2013/06/07,23,30,2,,,18,,
2013/06/07,24,27,3,,,15,,
2013/06/08,01,29,2,,,17,,
2013/06/08,02,29,4,,,16,,
2013/06/08,03,26,1,,,16,,
2013/06/08,04,27,3,,,16,,
2013/06/08,05,27,1,,,17,,
2013/06/08,06,31,2,,,17,,
2013/06/08,07,41,4,,,19,,
2013/06/08,08,37,3,,,19,,
2013/06/08,09,47,4,,,23,,
2013/06/08,10,60,8,,,26,,
2013/06/08,11,56,6,,,29,,
2013/06/08,12,58,6,,,28,,
2013/06/08,13,62,12,,,30,,
2013/06/08,14,73,15,,,32,,
2013/06/08,15,76,19,,,29,,
2013/06/08,16,64,12,,,30,,
2013/06/08,17,59,8,,,29,,
2013/06/08,18,57,10,,,26,,
2013/06/08,19,55,6,,,26,,
2013/06/08,20,43,3,,,23,,
2013/06/08,21,32,3,,,18,,
2013/06/08,22,31,3,,,15,,
2013/06/08,23,30,2,,,15,,
2013/06/08,24,27,6,,,14,,
2013/06/09,01,28,4,,,12,,
2013/06/09,02,24,2,,,14,,
2013/06/09,03,25,2,,,14,,
2013/06/09,04,25,3,,,15,,
2013/06/09,05,26,2,,,14,,
2013/06/09,06,30,1,,,18,,
2013/06/09,07,40,5,,,16,,
2013/06/09,08,39,3,,,18,,
2013/06/09,09,44,5,,,20,,
2013/06/09,10,57,7,,,23,,
2013/06/09,11,55,6,,,24,,
2013/06/09,12,56,9,,,26,,
2013/06/09,13,49,7,,,22,,
2013/06/09,14,58,8,,,24,,
2013/06/09,15,51,5,,,22,,
2013/06/09,16,54,8,,,26,,
2013/06/09,17,51,7,,,25,,
2013/06/09,18,44,4,,,23,,
2013/06/09,19,48,4,,,24,,
2013/06/09,20,43,4,,,22,,
2013/06/09,21,33,3,,,18,,
2013/06/09,22,34,6,,,17,,
2013/06/09,23,30,2,,,15,,
2013/06/09,24,27,2,,,17,,
2013/06/10,01,29,3,,,15,,
2013/06/10,02,26,2,,,17,,
2013/06/10,03,26,1,,,15,,
2013/06/10,04,27,2,,,15,,
2013/06/10,05,29,5,,,17,,
2013/06/10,06,32,5,,,15,,
2013/06/10,07,39,2,,,20,,
2013/06/10,08,43,3,,,21,,
2013/06/10,09,54,6,,,25,,
2013/06/10,10,63,6,,,26,,
2013/06/10,11,67,10,,,28,,
2013/06/10,12,61,9,,,28,,
2013/06/10,13,56,7,,,27,,
2013/06/10,14,70,12,,,30,,
2013/06/10,15,73,16,,,30,,
2013/06/10,16,72,14,,,32,,
2013/06/10,17,68,14,,,30,,
2013/06/10,18,56,7,,,26,,
2013/06/10,19,55,6,,,28,,
2013/06/10,20,44,5,,,21,,
2013/06/10,21,32,4,,,17,,
2013/06/10,22,30,2,,,16,,
2013/06/10,23,29,2,,,12,,
2013/06/10,24,25,4,,,14,,
2013/06/11,01,27,4,,,14,,
2013/06/11,02,24,1,,,13,,
2013/06/11,03,27,5,,,13,,
2013/06/11,04,25,3,,,15,,
2013/06/11,05,25,2,,,12,,
2013/06/11,06,26,1,,,14,,
2013/06/11,07,37,1,,,18,,
2013/06/11,08,38,2,,,17,,
2013/06/11,09,52,4,,,24,,
2013/06/11,10,59,5,,,26,,
2013/06/11,11,55,6,,,25,,
2013/06/11,12,57,7,,,23,,
2013/06/11,13,56,8,,,27,,
2013/06/11,14,74,14,,,32,,
2013/06/11,15,87,26,,,33,,
2013/06/11,16,75,18,,,31,,
2013/06/11,17,74,17,,,32,,
2013/06/11,18,57,9,,,28,,
2013/06/11,19,56,9,,,27,,
2013/06/11,20,42,4,,,21,,
2013/06/11,21,32,3,,,19,,
2013/06/11,22,34,2,,,18,,
2013/06/11,23,32,3,,,18,,
2013/06/11,24,32,8,,,15,,
2013/06/12,01,28,2,,,15,,
2013/06/12,02,26,2,,,16,,
2013/06/12,03,26,2,,,12,,
2013/06/12,04,25,4,,,15,,
2013/06/12,05,25,2,,,14,,
2013/06/12,06,28,2,,,15,,
2013/06/12,07,43,9,,,18,,
2013/06/12,08,43,4,,,21,,
2013/06/12,09,56,7,,,25,,
2013/06/12,10,66,11,,,26,,
2013/06/12,11,64,11,,,28,,
2013/06/12,12,59,10,,,26,,
2013/06/12,13,72,24,,,30,,
2013/06/12,14,81,22,,,30,,
2013/06/12,15,79,23,,,32,,
2013/06/12,16,76,21,,,29,,
2013/06/12,17,76,20,,,29,,
2013/06/12,18,66,15,,,29,,
2013/06/12,19,61,12,,,29,,
2013/06/12,20,48,8,,,22,,
2013/06/12,21,38,9,,,18,,
2013/06/12,22,36,6,,,16,,
2013/06/12,23,36,8,,,18,,
2013/06/12,24,33,7,,,16,,
2013/06/13,01,29,2,,,15,,
2013/06/13,02,29,5,,,16,,
2013/06/13,03,30,6,,,14,,
2013/06/13,04,27,3,,,16,,
2013/06/13,05,31,6,,,16,,
2013/06/13,06,33,5,,,18,,
2013/06/13,07,43,5,,,17,,
2013/06/13,08,36,2,,,18,,
2013/06/13,09,63,11,,,25,,
2013/06/13,10,82,25,,,28,,
2013/06/13,11,86,29,,,31,,
2013/06/13,12,83,29,,,31,,
2013/06/13,13,81,30,,,31,,
2013/06/13,14,93,32,,,32,,
2013/06/13,15,90,31,,,31,,
2013/06/13,16,86,32,,,31,,
2013/06/13,17,94,39,,,31,,
2013/06/13,18,77,25,,,29,,
2013/06/13,19,66,16,,,28,,
2013/06/13,20,50,9,,,24,,
2013/06/13,21,36,6,,,18,,
2013/06/13,22,34,7,,,16,,
2013/06/13,23,39,11,,,15,,
2013/06/13,24,27,4,,,15,,
2013/06/14,01,29,4,,,14,,
2013/06/14,02,27,4,,,13,,
2013/06/14,03,31,8,,,16,,
2013/06/14,04,28,5,,,13,,
2013/06/14,05,28,4,,,15,,
2013/06/14,06,31,5,,,15,,
2013/06/14,07,47,9,,,20,,
2013/06/14,08,47,8,,,20,,
2013/06/14,09,73,21,,,29,,
2013/06/14,10,89,28,,,31,,
2013/06/14,11,87,29,,,32,,
2013/06/14,12,93,36,,,33,,
2013/06/14,13,89,35,,,33,,
2013/06/14,14,101,37,,,35,,
2013/06/14,15,97,38,,,32,,
2013/06/14,16,91,34,,,32,,
2013/06/14,17,95,39,,,35,,
2013/06/14,18,74,22,,,30,,
2013/06/14,19,62,12,,,27,,
2013/06/14,20,51,10,,,24,,
2013/06/14,21,40,8,,,19,,
2013/06/14,22,37,7,,,18,,
2013/06/14,23,34,6,,,17,,
2013/06/14,24,32,6,,,16,,
2013/06/15,01,30,5,,,16,,
2013/06/15,02,29,4,,,15,,
2013/06/15,03,32,7,,,15,,
2013/06/15,04,29,3,,,16,,
2013/06/15,05,31,7,,,14,,
2013/06/15,06,32,3,,,17,,
2013/06/15,07,40,5,,,20,,
2013/06/15,08,49,11,,,22,,
2013/06/15,09,56,10,,,26,,
2013/06/15,10,66,12,,,27,,
2013/06/15,11,64,13,,,29,,
2013/06/15,12,64,13,,,29,,
2013/06/15,13,59,11,,,30,,
2013/06/15,14,72,15,,,31,,
2013/06/15,15,70,13,,,33,,
2013/06/15,16,69,16,,,29,,
2013/06/15,17,58,6,,,29,,
2013/06/15,18,53,7,,,29,,
2013/06/15,19,51,5,,,24,,
2013/06/15,20,49,10,,,21,,
2013/06/15,21,33,4,,,17,,
2013/06/15,22,31,5,,,18,,
2013/06/15,23,29,3,,,15,,
2013/06/15,24,33,7,,,14,,
2013/06/16,01,30,4,,,15,,
2013/06/16,02,27,4,,,13,,
2013/06/16,03,27,3,,,16,,
2013/06/16,04,31,8,,,12,,
2013/06/16,05,27,2,,,15,,
2013/06/16,06,33,4,,,17,,
2013/06/16,07,38,3,,,17,,
2013/06/16,08,41,5,,,17,,
2013/06/16,09,48,8,,,20,,
2013/06/16,10,62,10,,,25,,
2013/06/16,11,58,11,,,25,,
2013/06/16,12,62,15,,,24,,
2013/06/16,13,52,10,,,22,,
2013/06/16,14,57,11,,,24,,
2013/06/16,15,70,18,,,25,,
2013/06/16,16,60,15,,,25,,
2013/06/16,17,68,19,,,24,,
2013/06/16,18,52,10,,,24,,
2013/06/16,19,53,9,,,24,,
2013/06/16,20,45,6,,,21,,
2013/06/16,21,38,9,,,18,,
2013/06/16,22,33,5,,,17,,
2013/06/16,23,31,4,,,13,,
2013/06/16,24,33,10,,,15,,
2013/06/17,01,29,3,,,13,,
2013/06/17,02,27,3,,,16,,
2013/06/17,03,26,4,,,13,,
2013/06/17,04,32,8,,,15,,
2013/06/17,05,27,3,,,15,,
2013/06/17,06,32,4,,,16,,
2013/06/17,07,41,5,,,19,,
2013/06/17,08,48,9,,,22,,
2013/06/17,09,67,19,,,24,,
2013/06/17,10,78,22,,,27,,
2013/06/17,11,79,25,,,31,,
2013/06/17,12,79,25,,,28,,
2013/06/17,13,82,31,,,31,,
2013/06/17,14,93,33,,,30,,
2013/06/17,15,91,32,,,31,,
2013/06/17,16,90,33,,,32,,
2013/06/17,17,86,30,,,30,,
2013/06/17,18,68,20,,,28,,
2013/06/17,19,60,10,,,27,,
2013/06/17,20,50,10,,,22,,
2013/06/17,21,40,10,,,19,,
2013/06/17,22,37,5,,,19,,
2013/06/17,23,38,9,,,18,,
2013/06/17,24,30,7,,,15,,
2013/06/18,01,35,9,,,14,,
2013/06/18,02,29,5,,,15,,
2013/06/18,03,31,7,,,12,,
2013/06/18,04,28,5,,,14,,
2013/06/18,05,29,6,,,14,,
2013/06/18,06,33,8,,,14,,
2013/06/18,07,41,5,,,17,,
2013/06/18,08,45,8,,,21,,
2013/06/18,09,61,11,,,25,,
2013/06/18,10,78,20,,,28,,
2013/06/18,11,79,22,,,30,,
2013/06/18,12,82,26,,,30,,
2013/06/18,13,73,23,,,30,,
2013/06/18,14,85,26,,,32,,
2013/06/18,15,87,27,,,30,,
2013/06/18,16,79,24,,,32,,
2013/06/18,17,79,22,,,31,,
2013/06/18,18,66,16,,,29,,
2013/06/18,19,60,10,,,25,,
2013/06/18,20,46,6,,,25,,
2013/06/18,21,36,8,,,18,,
2013/06/18,22,35,7,,,14,,
2013/06/18,23,33,5,,,15,,
2013/06/18,24,30,7,,,14,,
2013/06/19,01,31,7,,,13,,
2013/06/19,02,27,4,,,14,,
2013/06/19,03,26,4,,,11,,
2013/06/19,04,29,7,,,14,,
2013/06/19,05,28,7,,,12,,
2013/06/19,06,31,4,,,16,,
2013/06/19,07,41,7,,,16,,
2013/06/19,08,44,5,,,22,,
2013/06/19,09,69,21,,,28,,
2013/06/19,10,79,20,,,27,,
2013/06/19,11,83,29,,,30,,
2013/06/19,12,72,19,,,29,,
2013/06/19,13,67,19,,,29,,
2013/06/19,14,74,18,,,30,,
2013/06/19,15,78,21,,,30,,
2013/06/19,16,73,18,,,31,,
2013/06/19,17,75,17,,,30,,
2013/06/19,18,62,14,,,27,,
2013/06/19,19,56,9,,,27,,
2013/06/19,20,49,8,,,21,,
2013/06/19,21,34,5,,,16,,
2013/06/19,22,30,4,,,15,,
2013/06/19,23,30,7,,,15,,
2013/06/19,24,25,3,,,13,,
2013/06/20,01,28,3,,,13,,
2013/06/20,02,25,4,,,13,,
2013/06/20,03,24,2,,,13,,
2013/06/20,04,26,5,,,11,,
2013/06/20,05,25,2,,,13,,
2013/06/20,06,28,4,,,14,,
2013/06/20,07,39,3,,,19,,
2013/06/20,08,42,5,,,19,,
2013/06/20,09,52,7,,,24,,
2013/06/20,10,63,8,,,25,,
2013/06/20,11,63,9,,,29,,
2013/06/20,12,62,9,,,29,,
2013/06/20,13,64,15,,,28,,
2013/06/20,14,69,12,,,29,,
2013/06/20,15,66,8,,,30,,
2013/06/20,16,64,11,,,30,,
2013/06/20,17,66,11,,,31,,
2013/06/20,18,55,6,,,27,,
2013/06/20,19,57,8,,,26,,
2013/06/20,20,43,3,,,21,,
2013/06/20,21,33,4,,,19,,
2013/06/20,22,27,2,,,16,,
2013/06/20,23,27,2,,,13,,
2013/06/20,24,25,2,,,14,,
2013/06/21,01,27,3,,,13,,
2013/06/21,02,25,3,,,12,,
2013/06/21,03,26,5,,,13,,
2013/06/21,04,24,2,,,13,,
2013/06/21,05,24,2,,,12,,
2013/06/21,06,29,1,,,16,,
2013/06/21,07,38,4,,,18,,
2013/06/21,08,38,2,,,18,,
2013/06/21,09,49,4,,,24,,
2013/06/21,10,64,10,,,26,,
2013/06/21,11,61,11,,,28,,
2013/06/21,12,58,8,,,29,,
2013/06/21,13,55,8,,,29,,
2013/06/21,14,66,8,,,28,,
2013/06/21,15,68,13,,,30,,
2013/06/21,16,62,8,,,28,,
2013/06/21,17,63,8,,,32,,
2013/06/21,18,57,10,,,26,,
2013/06/21,19,49,3,,,24,,
2013/06/21,20,41,3,,,22,,
2013/06/21,21,31,4,,,18,,
2013/06/21,22,26,2,,,14,,
2013/06/21,23,26,3,,,14,,
2013/06/21,24,25,2,,,15,,
2013/06/22,01,26,2,,,13,,
2013/06/22,02,24,1,,,15,,
2013/06/22,03,26,5,,,13,,
2013/06/22,04,25,1,,,14,,
2013/06/22,05,24,2,,,15,,
2013/06/22,06,31,5,,,15,,
2013/06/22,07,35,1,,,18,,
2013/06/22,08,39,4,,,17,,
2013/06/22,09,44,4,,,21,,
2013/06/22,10,54,5,,,27,,
2013/06/22,11,54,7,,,26,,
2013/06/22,12,56,8,,,26,,
2013/06/22,13,51,8,,,28,,
2013/06/22,14,65,10,,,30,,
2013/06/22,15,65,9,,,29,,
2013/06/22,16,65,13,,,30,,
2013/06/22,17,58,9,,,27,,
2013/06/22,18,52,6,,,28,,
2013/06/22,19,48,4,,,24,,
2013/06/22,20,40,3,,,22,,
2013/06/22,21,36,6,,,21,,
2013/06/22,22,35,3,,,19,,
2013/06/22,23,34,3,,,17,,
2013/06/22,24,29,2,,,17,,
2013/06/23,01,29,3,,,16,,
2013/06/23,02,26,2,,,16,,
2013/06/23,03,26,2,,,14,,
2013/06/23,04,27,3,,,15,,
2013/06/23,05,28,5,,,14,,
2013/06/23,06,28,1,,,15,,
2013/06/23,07,41,5,,,18,,
2013/06/23,08,40,3,,,20,,
2013/06/23,09,47,4,,,21,,
2013/06/23,10,55,5,,,23,,
2013/06/23,11,54,6,,,23,,
2013/06/23,12,50,5,,,24,,
2013/06/23,13,47,7,,,21,,
2013/06/23,14,49,3,,,25,,
2013/06/23,15,53,6,,,24,,
2013/06/23,16,49,5,,,23,,
2013/06/23,17,59,12,,,24,,
2013/06/23,18,44,4,,,24,,
2013/06/23,19,48,4,,,22,,
2013/06/23,20,45,5,,,23,,
2013/06/23,21,36,4,,,21,,
2013/06/23,22,35,5,,,19,,
2013/06/23,23,35,5,,,16,,
2013/06/23,24,26,3,,,15,,
2013/06/24,01,28,3,,,14,,
2013/06/24,02,27,2,,,15,,
2013/06/24,03,26,3,,,16,,
2013/06/24,04,27,2,,,15,,
2013/06/24,05,29,5,,,16,,
2013/06/24,06,29,1,,,17,,
2013/06/24,07,39,2,,,20,,
2013/06/24,08,47,7,,,23,,
2013/06/24,09,55,4,,,25,,
2013/06/24,10,64,7,,,28,,
2013/06/24,11,67,13,,,29,,
2013/06/24,12,68,13,,,28,,
2013/06/24,13,65,13,,,32,,
2013/06/24,14,75,15,,,32,,
2013/06/24,15,79,18,,,31,,
2013/06/24,16,77,22,,,32,,
2013/06/24,17,68,12,,,32,,
2013/06/24,18,61,10,,,31,,
2013/06/24,19,58,6,,,28,,
2013/06/24,20,47,6,,,22,,
2013/06/24,21,36,6,,,20,,
2013/06/24,22,33,4,,,18,,
2013/06/24,23,33,5,,,16,,
2013/06/24,24,28,1,,,15,,
2013/06/25,01,30,4,,,17,,
2013/06/25,02,28,3,,,14,,
2013/06/25,03,29,4,,,15,,
2013/06/25,04,27,3,,,17,,
2013/06/25,05,30,6,,,16,,
2013/06/25,06,31,2,,,16,,
2013/06/25,07,41,3,,,20,,
2013/06/25,08,46,4,,,24,,
2013/06/25,09,58,8,,,25,,
2013/06/25,10,67,11,,,30,,
2013/06/25,11,68,13,,,30,,
2013/06/25,12,73,17,,,31,,
2013/06/25,13,68,15,,,32,,
2013/06/25,14,80,20,,,32,,
2013/06/25,15,78,19,,,30,,
2013/06/25,16,75,19,,,32,,
2013/06/25,17,74,18,,,31,,
2013/06/25,18,59,10,,,29,,
2013/06/25,19,57,9,,,27,,
2013/06/25,20,46,5,,,22,,
2013/06/25,21,36,4,,,21,,
2013/06/25,22,37,6,,,16,,
2013/06/25,23,35,6,,,17,,
2013/06/25,24,28,3,,,16,,
2013/06/26,01,30,2,,,15,,
2013/06/26,02,28,4,,,16,,
2013/06/26,03,28,4,,,14,,
2013/06/26,04,25,2,,,13,,
2013/06/26,05,27,3,,,15,,
2013/06/26,06,35,6,,,17,,
2013/06/26,07,41,3,,,17,,
2013/06/26,08,41,3,,,19,,
2013/06/26,09,56,6,,,28,,
2013/06/26,10,64,8,,,27,,
2013/06/26,11,59,5,,,29,,
2013/06/26,12,64,9,,,30,,
2013/06/26,13,58,9,,,29,,
2013/06/26,14,66,8,,,33,,
2013/06/26,15,71,11,,,31,,
2013/06/26,16,59,7,,,29,,
2013/06/26,17,61,6,,,29,,
2013/06/26,18,57,8,,,27,,
2013/06/26,19,51,4,,,28,,
2013/06/26,20,41,2,,,20,,
2013/06/26,21,30,4,,,15,,
2013/06/26,22,31,4,,,16,,
2013/06/26,23,27,1,,,17,,
2013/06/26,24,27,2,,,13,,
2013/06/27,01,30,5,,,15,,
2013/06/27,02,27,2,,,15,,
2013/06/27,03,25,1,,,13,,
2013/06/27,04,27,3,,,14,,
2013/06/27,05,26,2,,,15,,
2013/06/27,06,32,3,,,14,,
2013/06/27,07,39,2,,,19,,
2013/06/27,08,42,4,,,22,,
2013/06/27,09,56,6,,,25,,
2013/06/27,10,70,13,,,29,,
2013/06/27,11,68,13,,,27,,
2013/06/27,12,61,6,,,28,,
2013/06/27,13,64,15,,,30,,
2013/06/27,14,75,13,,,30,,
2013/06/27,15,70,12,,,32,,
2013/06/27,16,70,16,,,30,,
2013/06/27,17,66,13,,,29,,
2013/06/27,18,63,12,,,29,,
2013/06/27,19,53,5,,,25,,
2013/06/27,20,46,6,,,23,,
2013/06/27,21,31,3,,,19,,
2013/06/27,22,30,4,,,14,,
2013/06/27,23,32,4,,,16,,
2013/06/27,24,26,2,,,15,,
2013/06/28,01,28,3,,,11,,
2013/06/28,02,28,5,,,15,,
2013/06/28,03,24,2,,,13,,
2013/06/28,04,26,1,,,13,,
2013/06/28,05,26,2,,,15,,
2013/06/28,06,27,3,,,15,,
2013/06/28,07,36,5,,,16,,
2013/06/28,08,40,3,,,18,,
2013/06/28,09,55,8,,,24,,
2013/06/28,10,63,7,,,28,,
2013/06/28,11,67,11,,,29,,
2013/06/28,12,65,11,,,31,,
2013/06/28,13,70,17,,,30,,
2013/06/28,14,77,20,,,31,,
2013/06/28,15,69,14,,,31,,
2013/06/28,16,72,19,,,30,,
2013/06/28,17,71,14,,,32,,
2013/06/28,18,61,9,,,30,,
2013/06/28,19,56,6,,,26,,
2013/06/28,20,42,4,,,21,,
2013/06/28,21,34,5,,,17,,
2013/06/28,22,31,4,,,15,,
2013/06/28,23,30,4,,,15,,
2013/06/28,24,26,2,,,14,,
2013/06/29,01,27,2,,,14,,
2013/06/29,02,26,3,,,13,,
2013/06/29,03,25,2,,,15,,
2013/06/29,04,27,5,,,13,,
2013/06/29,05,27,2,,,14,,
2013/06/29,06,32,5,,,15,,
2013/06/29,07,37,2,,,17,,
2013/06/29,08,42,4,,,18,,
2013/06/29,09,52,6,,,25,,
2013/06/29,10,62,10,,,26,,
2013/06/29,11,60,10,,,26,,
2013/06/29,12,61,10,,,27,,
2013/06/29,13,59,11,,,29,,
2013/06/29,14,77,18,,,29,,
2013/06/29,15,69,15,,,29,,
2013/06/29,16,62,11,,,28,,
2013/06/29,17,59,10,,,26,,
2013/06/29,18,58,13,,,25,,
2013/06/29,19,54,6,,,25,,
2013/06/29,20,42,4,,,21,,
2013/06/29,21,33,4,,,19,,
2013/06/29,22,35,5,,,18,,
2013/06/29,23,32,6,,,15,,
2013/06/29,24,28,3,,,15,,
2013/06/30,01,29,3,,,15,,
2013/06/30,02,27,2,,,14,,
2013/06/30,03,31,7,,,15,,
2013/06/30,04,28,4,,,14,,
2013/06/30,05,26,3,,,14,,
2013/06/30,06,31,3,,,17,,
2013/06/30,07,38,3,,,15,,
2013/06/30,08,42,6,,,21,,
2013/06/30,09,46,5,,,19,,
2013/06/30,10,59,8,,,22,,
2013/06/30,11,57,9,,,24,,
2013/06/30,12,57,12,,,23,,
2013/06/30,13,48,9,,,22,,
2013/06/30,14,61,11,,,24,,
2013/06/30,15,56,10,,,23,,
2013/06/30,16,54,8,,,22,,
2013/06/30,17,53,11,,,23,,
2013/06/30,18,44,5,,,22,,
2013/06/30,19,50,8,,,21,,
2013/06/30,20,40,3,,,23,,
2013/06/30,21,36,7,,,20,,
2013/06/30,22,35,3,,,17,,
2013/06/30,23,35,5,,,18,,
2013/06/30,24,28,3,,,16,,
2013/07/01,01,32,5,,,16,,
2013/07/01,02,29,4,,,17,,
2013/07/01,03,29,2,,,17,,
2013/07/01,04,31,6,,,16,,
2013/07/01,05,29,3,,,17,,
2013/07/01,06,32,3,,,17,,
2013/07/01,07,45,5,,,20,,
2013/07/01,08,44,6,,,20,,
2013/07/01,09,62,12,,,25,,
2013/07/01,10,69,11,,,27,,
2013/07/01,11,71,16,,,30,,
2013/07/01,12,70,16,,,29,,
2013/07/01,13,65,16,,,30,,
2013/07/01,14,82,21,,,31,,
2013/07/01,15,75,18,,,31,,
2013/07/01,16,76,20,,,30,,
2013/07/01,17,73,18,,,31,,
2013/07/01,18,61,12,,,27,,
2013/07/01,19,55,10,,,25,,
2013/07/01,20,41,5,,,21,,
2013/07/01,21,35,7,,,17,,
2013/07/01,22,34,4,,,16,,
2013/07/01,23,34,7,,,16,,
2013/07/01,24,28,3,,,16,,
2013/07/02,01,31,2,,,9,,
2013/07/02,02,29,5,,,15,,
2013/07/02,03,27,4,,,15,,
2013/07/02,04,28,5,,,15,,
2013/07/02,05,26,3,,,15,,
2013/07/02,06,30,3,,,17,,
2013/07/02,07,43,6,,,17,,
2013/07/02,08,39,3,,,20,,
2013/07/02,09,59,9,,,24,,
2013/07/02,10,65,9,,,27,,
2013/07/02,11,67,13,,,27,,
2013/07/02,12,72,16,,,32,,
2013/07/02,13,69,17,,,29,,
2013/07/02,14,76,21,,,32,,
2013/07/02,15,80,20,,,32,,
2013/07/02,16,77,22,,,31,,
2013/07/02,17,72,16,,,30,,
2013/07/02,18,61,11,,,29,,
2013/07/02,19,61,13,,,25,,
2013/07/02,20,46,4,,,24,,
2013/07/02,21,35,6,,,19,,
2013/07/02,22,33,4,,,17,,
2013/07/02,23,37,8,,,16,,
2013/07/02,24,29,5,,,15,,
2013/07/03,01,29,2,,,10,,
2013/07/03,02,28,3,,,15,,
2013/07/03,03,30,6,,,15,,
2013/07/03,04,29,6,,,14,,
2013/07/03,05,28,4,,,16,,
2013/07/03,06,32,3,,,15,,
2013/07/03,07,40,4,,,19,,
2013/07/03,08,44,8,,,19,,
2013/07/03,09,53,8,,,24,,
2013/07/03,10,61,9,,,27,,
2013/07/03,11,60,10,,,28,,
2013/07/03,12,64,16,,,29,,
2013/07/03,13,69,16,,,31,,
2013/07/03,14,78,22,,,31,,
2013/07/03,15,81,24,,,30,,
2013/07/03,16,71,20,,,31,,
2013/07/03,17,73,16,,,28,,
2013/07/03,18,57,9,,,28,,
2013/07/03,19,58,9,,,27,,
2013/07/03,20,44,3,,,23,,
2013/07/03,21,36,7,,,19,,
2013/07/03,22,29,4,,,15,,
2013/07/03,23,29,5,,,15,,
2013/07/03,24,27,5,,,13,,
2013/07/04,01,32,4,,,8,,
2013/07/04,02,27,3,,,15,,
2013/07/04,03,26,4,,,12,,
2013/07/04,04,29,5,,,15,,
2013/07/04,05,28,7,,,12,,
2013/07/04,06,31,2,,,15,,
2013/07/04,07,41,5,,,19,,
2013/07/04,08,42,5,,,20,,
2013/07/04,09,71,21,,,27,,
2013/07/04,10,75,18,,,27,,
2013/07/04,11,81,25,,,29,,
2013/07/04,12,83,28,,,31,,
2013/07/04,13,72,20,,,31,,
2013/07/04,14,85,24,,,35,,
2013/07/04,15,84,23,,,32,,
2013/07/04,16,82,23,,,33,,
2013/07/04,17,79,22,,,33,,
2013/07/04,18,64,14,,,28,,
2013/07/04,19,64,15,,,26,,
2013/07/04,20,45,7,,,22,,
2013/07/04,21,36,5,,,18,,
2013/07/04,22,35,9,,,17,,
2013/07/04,23,32,6,,,17,,
2013/07/04,24,29,5,,,15,,
2013/07/05,01,31,3,,,10,,
2013/07/05,02,32,7,,,15,,
2013/07/05,03,28,5,,,13,,
2013/07/05,04,31,8,,,14,,
2013/07/05,05,26,4,,,14,,
2013/07/05,06,38,8,,,15,,
2013/07/05,07,46,6,,,22,,
2013/07/05,08,49,11,,,20,,
2013/07/05,09,72,23,,,26,,
2013/07/05,10,88,29,,,30,,
2013/07/05,11,90,35,,,28,,
2013/07/05,12,94,39,,,32,,
2013/07/05,13,95,41,,,30,,
2013/07/05,14,102,41,,,33,,
2013/07/05,15,97,38,,,30,,
2013/07/05,16,95,36,,,32,,
2013/07/05,17,91,34,,,32,,
2013/07/05,18,75,25,,,30,,
2013/07/05,19,65,15,,,27,,
2013/07/05,20,53,11,,,25,,
2013/07/05,21,48,14,,,21,,
2013/07/05,22,41,8,,,20,,
2013/07/05,23,36,8,,,16,,
2013/07/05,24,33,10,,,16,,
2013/07/06,01,35,7,,,9,,
2013/07/06,02,31,7,,,14,,
2013/07/06,03,32,9,,,13,,
2013/07/06,04,32,9,,,15,,
2013/07/06,05,28,5,,,13,,
2013/07/06,06,35,8,,,16,,
2013/07/06,07,50,12,,,19,,
2013/07/06,08,59,20,,,22,,
2013/07/06,09,73,24,,,25,,
2013/07/06,10,83,28,,,30,,
2013/07/06,11,84,30,,,27,,
2013/07/06,12,84,33,,,29,,
2013/07/06,13,80,30,,,30,,
2013/07/06,14,101,40,,,33,,
2013/07/06,15,97,39,,,29,,
2013/07/06,16,84,32,,,33,,
2013/07/06,17,77,25,,,26,,
2013/07/06,18,74,25,,,29,,
2013/07/06,19,59,10,,,27,,
2013/07/06,20,54,14,,,23,,
2013/07/06,21,40,10,,,22,,
2013/07/06,22,38,5,,,17,,
2013/07/06,23,34,7,,,17,,
2013/07/06,24,35,8,,,16,,
2013/07/07,01,36,5,,,10,,
2013/07/07,02,29,5,,,16,,
2013/07/07,03,32,7,,,14,,
2013/07/07,04,32,8,,,16,,
2013/07/07,05,29,5,,,14,,
2013/07/07,06,34,6,,,17,,
2013/07/07,07,42,9,,,17,,
2013/07/07,08,52,11,,,23,,
2013/07/07,09,57,15,,,21,,
2013/07/07,10,70,21,,,23,,
2013/07/07,11,72,24,,,25,,
2013/07/07,12,66,21,,,24,,
2013/07/07,13,62,20,,,23,,
2013/07/07,14,71,22,,,23,,
2013/07/07,15,72,24,,,25,,
2013/07/07,16,66,24,,,22,,
2013/07/07,17,66,18,,,26,,
2013/07/07,18,63,22,,,23,,
2013/07/07,19,63,17,,,25,,
2013/07/07,20,46,10,,,20,,
2013/07/07,21,37,9,,,19,,
2013/07/07,22,39,10,,,16,,
2013/07/07,23,37,8,,,17,,
2013/07/07,24,32,9,,,15,,
2013/07/08,01,36,7,,,12,,
2013/07/08,02,33,8,,,15,,
2013/07/08,03,32,6,,,15,,
2013/07/08,04,31,8,,,16,,
2013/07/08,05,34,9,,,14,,
2013/07/08,06,38,9,,,18,,
2013/07/08,07,47,9,,,20,,
2013/07/08,08,48,12,,,22,,
2013/07/08,09,81,32,,,26,,
2013/07/08,10,96,37,,,28,,
2013/07/08,11,102,46,,,30,,
2013/07/08,12,103,48,,,30,,
2013/07/08,13,100,45,,,34,,
2013/07/08,14,108,51,,,31,,
2013/07/08,15,109,47,,,32,,
2013/07/08,16,108,51,,,32,,
2013/07/08,17,107,46,,,32,,
2013/07/08,18,87,32,,,30,,
2013/07/08,19,68,18,,,27,,
2013/07/08,20,56,16,,,23,,
2013/07/08,21,38,9,,,19,,
2013/07/08,22,38,8,,,16,,
2013/07/08,23,37,9,,,17,,
2013/07/08,24,32,8,,,14,,
2013/07/09,01,32,4,,,11,,
2013/07/09,02,33,9,,,11,,
2013/07/09,03,30,6,,,15,,
2013/07/09,04,30,8,,,13,,
2013/07/09,05,29,6,,,14,,
2013/07/09,06,33,8,,,12,,
2013/07/09,07,48,10,,,19,,
2013/07/09,08,51,13,,,23,,
2013/07/09,09,75,26,,,24,,
2013/07/09,10,95,34,,,29,,
2013/07/09,11,91,36,,,29,,
2013/07/09,12,98,41,,,29,,
2013/07/09,13,94,41,,,32,,
2013/07/09,14,107,44,,,31,,
2013/07/09,15,104,43,,,30,,
2013/07/09,16,106,47,,,32,,
2013/07/09,17,102,46,,,31,,
2013/07/09,18,78,28,,,29,,
2013/07/09,19,63,13,,,27,,
2013/07/09,20,52,13,,,22,,
2013/07/09,21,39,10,,,19,,
2013/07/09,22,38,8,,,17,,
2013/07/09,23,36,7,,,16,,
2013/07/09,24,36,11,,,15,,
2013/07/10,01,34,5,,,11,,
2013/07/10,02,32,7,,,15,,
2013/07/10,03,35,11,,,15,,
2013/07/10,04,31,7,,,16,,
2013/07/10,05,30,6,,,13,,
2013/07/10,06,36,10,,,14,,
2013/07/10,07,48,9,,,20,,
2013/07/10,08,56,15,,,21,,
2013/07/10,09,77,28,,,25,,
2013/07/10,10,84,28,,,27,,
2013/07/10,11,86,32,,,29,,
2013/07/10,12,86,32,,,28,,
2013/07/10,13,91,39,,,31,,
2013/07/10,14,101,39,,,31,,
2013/07/10,15,103,46,,,32,,
2013/07/10,16,97,36,,,32,,
2013/07/10,17,87,30,,,30,,
2013/07/10,18,79,27,,,27,,
2013/07/10,19,72,20,,,29,,
2013/07/10,20,56,14,,,23,,
2013/07/10,21,45,14,,,19,,
2013/07/10,22,38,9,,,17,,
2013/07/10,23,39,10,,,16,,
2013/07/10,24,33,9,,,13,,
2013/07/11,01,31,5,,,9,,
2013/07/11,02,33,9,,,13,,
2013/07/11,03,30,7,,,14,,
2013/07/11,04,31,8,,,12,,
2013/07/11,05,29,7,,,14,,
2013/07/11,06,38,9,,,16,,
2013/07/11,07,50,11,,,18,,
2013/07/11,08,60,18,,,21,,
2013/07/11,09,82,30,,,26,,
2013/07/11,10,95,36,,,28,,
2013/07/11,11,99,41,,,30,,
2013/07/11,12,102,44,,,30,,
2013/07/11,13,101,45,,,29,,
2013/07/11,14,102,41,,,31,,
2013/07/11,15,99,42,,,30,,
2013/07/11,16,103,46,,,31,,
2013/07/11,17,100,42,,,31,,
2013/07/11,18,76,27,,,28,,
2013/07/11,19,70,18,,,26,,
2013/07/11,20,49,10,,,21,,
2013/07/11,21,39,11,,,19,,
2013/07/11,22,43,13,,,18,,
2013/07/11,23,35,7,,,14,,
2013/07/11,24,32,7,,,15,,
2013/07/12,01,38,8,,,10,,
2013/07/12,02,29,7,,,15,,
2013/07/12,03,30,6,,,14,,
2013/07/12,04,34,10,,,16,,
2013/07/12,05,31,6,,,14,,
2013/07/12,06,36,8,,,17,,
2013/07/12,07,46,8,,,19,,
2013/07/12,08,60,18,,,22,,
2013/07/12,09,77,25,,,26,,
2013/07/12,10,95,35,,,29,,
2013/07/12,11,100,40,,,30,,
2013/07/12,12,96,39,,,28,,
2013/07/12,13,98,44,,,32,,
2013/07/12,14,110,45,,,33,,
2013/07/12,15,107,47,,,31,,
2013/07/12,16,103,44,,,31,,
2013/07/12,17,99,40,,,32,,
2013/07/12,18,84,30,,,30,,
2013/07/12,19,72,20,,,27,,
2013/07/12,20,52,11,,,22,,
2013/07/12,21,38,10,,,19,,
2013/07/12,22,37,10,,,16,,
2013/07/12,23,38,9,,,16,,
2013/07/12,24,35,10,,,14,,
2013/07/13,01,34,6,,,9,,
2013/07/13,02,34,9,,,17,,
2013/07/13,03,32,7,,,15,,
2013/07/13,04,31,9,,,13,,
2013/07/13,05,32,10,,,15,,
2013/07/13,06,37,7,,,15,,
2013/07/13,07,51,11,,,20,,
2013/07/13,08,52,11,,,21,,
2013/07/13,09,72,24,,,25,,
2013/07/13,10,78,24,,,29,,
2013/07/13,11,79,24,,,28,,
2013/07/13,12,82,30,,,27,,
2013/07/13,13,86,38,,,29,,
2013/07/13,14,99,39,,,30,,
2013/07/13,15,96,38,,,30,,
2013/07/13,16,88,35,,,28,,
2013/07/13,17,78,24,,,28,,
2013/07/13,18,67,18,,,25,,
2013/07/13,19,63,14,,,28,,
2013/07/13,20,48,11,,,21,,
2013/07/13,21,38,8,,,18,,
2013/07/13,22,39,10,,,17,,
2013/07/13,23,36,9,,,13,,
2013/07/13,24,30,6,,,16,,
2013/07/14,01,32,5,,,10,,
2013/07/14,02,33,10,,,13,,
2013/07/14,03,28,4,,,15,,
2013/07/14,04,28,6,,,13,,
2013/07/14,05,33,11,,,12,,
2013/07/14,06,32,4,,,15,,
2013/07/14,07,43,7,,,18,,
2013/07/14,08,50,9,,,21,,
2013/07/14,09,64,19,,,22,,
2013/07/14,10,73,20,,,23,,
2013/07/14,11,73,25,,,24,,
2013/07/14,12,66,21,,,25,,
2013/07/14,13,74,31,,,23,,
2013/07/14,14,75,27,,,23,,
2013/07/14,15,72,24,,,24,,
2013/07/14,16,75,26,,,24,,
2013/07/14,17,60,15,,,23,,
2013/07/14,18,55,13,,,24,,
2013/07/14,19,57,10,,,24,,
2013/07/14,20,47,10,,,20,,
2013/07/14,21,37,9,,,18,,
2013/07/14,22,36,6,,,18,,
2013/07/14,23,38,9,,,16,,
2013/07/14,24,36,10,,,19,,
2013/07/15,01,34,4,,,12,,
2013/07/15,02,36,9,,,16,,
2013/07/15,03,30,6,,,14,,
2013/07/15,04,32,9,,,16,,
2013/07/15,05,31,7,,,14,,
2013/07/15,06,37,9,,,16,,
2013/07/15,07,47,10,,,20,,
2013/07/15,08,50,9,,,20,,
2013/07/15,09,81,28,,,27,,
2013/07/15,10,85,27,,,29,,
2013/07/15,11,85,28,,,29,,
2013/07/15,12,83,29,,,27,,
2013/07/15,13,80,27,,,30,,
2013/07/15,14,90,30,,,32,,
2013/07/15,15,91,31,,,30,,
2013/07/15,16,86,28,,,32,,
2013/07/15,17,88,33,,,30,,
2013/07/15,18,70,19,,,26,,
2013/07/15,19,62,12,,,26,,
2013/07/15,20,51,12,,,23,,
2013/07/15,21,34,5,,,18,,
2013/07/15,22,40,10,,,17,,
2013/07/15,23,35,7,,,15,,
2013/07/15,24,33,8,,,16,,
2013/07/16,01,33,6,,,9,,
2013/07/16,02,28,4,,,15,,
2013/07/16,03,30,8,,,13,,
2013/07/16,04,29,5,,,15,,
2013/07/16,05,31,7,,,14,,
2013/07/16,06,36,7,,,15,,
2013/07/16,07,44,6,,,20,,
2013/07/16,08,52,13,,,20,,
2013/07/16,09,73,22,,,27,,
2013/07/16,10,94,33,,,30,,
2013/07/16,11,93,37,,,30,,
2013/07/16,12,87,32,,,28,,
2013/07/16,13,94,37,,,30,,
2013/07/16,14,104,43,,,34,,
2013/07/16,15,99,39,,,30,,
2013/07/16,16,99,39,,,33,,
2013/07/16,17,102,42,,,32,,
2013/07/16,18,81,28,,,29,,
2013/07/16,19,64,13,,,25,,
2013/07/16,20,51,12,,,23,,
2013/07/16,21,41,10,,,20,,
2013/07/16,22,41,8,,,19,,
2013/07/16,23,41,11,,,19,,
2013/07/16,24,34,7,,,15,,
2013/07/17,01,34,2,,,5,,
2013/07/17,02,31,,,,,,
2013/07/17,03,35,,,,,,
2013/07/17,04,31,,,,,,
2013/07/17,05,32,,,,,,
2013/07/17,06,40,,,,,,
2013/07/17,07,46,,,,,,
2013/07/17,08,52,,,,,,
2013/07/17,09,78,,,,,,
2013/07/17,10,85,,,,,,
2013/07/17,11,87,,,,,,
2013/07/17,12,87,,,,,,
2013/07/17,13,99,,,,,,
2013/07/17,14,107,,,,,,
2013/07/17,15,108,,,,,,
2013/07/17,16,98,,,,,,
2013/07/17,17,91,,,,,,
2013/07/17,18,77,,,,,,
2013/07/17,19,69,,,,,,
2013/07/17,20,55,,,,,,
2013/07/17,21,42,,,,,,
2013/07/17,22,42,,,,,,
2013/07/17,23,38,,,,,,
2013/07/17,24,35,8,,,16,,
2013/07/18,01,37,4,,,12,,
2013/07/18,02,33,9,,,15,,
2013/07/18,03,34,8,,,17,,
2013/07/18,04,34,9,,,15,,
2013/07/18,05,35,8,,,17,,
2013/07/18,06,38,10,,,17,,
2013/07/18,07,52,11,,,20,,
2013/07/18,08,52,10,,,21,,
2013/07/18,09,76,24,,,29,,
2013/07/18,10,84,25,,,26,,
2013/07/18,11,92,34,,,30,,
2013/07/18,12,96,38,,,31,,
2013/07/18,13,99,42,,,31,,
2013/07/18,14,106,43,,,33,,
2013/07/18,15,104,44,,,31,,
2013/07/18,16,97,40,,,31,,
2013/07/18,17,99,42,,,31,,
2013/07/18,18,81,28,,,31,,
2013/07/18,19,67,16,,,29,,
2013/07/18,20,54,14,,,22,,
2013/07/18,21,37,8,,,18,,
2013/07/18,22,36,8,,,16,,
2013/07/18,23,36,9,,,15,,
2013/07/18,24,32,8,,,14,,
2013/07/19,01,31,5,,,14,,
2013/07/19,02,32,8,,,13,,
2013/07/19,03,27,5,,,14,,
2013/07/19,04,31,7,,,14,,
2013/07/19,05,29,4,,,15,,
2013/07/19,06,37,10,,,16,,
2013/07/19,07,44,4,,,21,,
2013/07/19,08,50,11,,,21,,
2013/07/19,09,67,17,,,28,,
2013/07/19,10,80,21,,,27,,
2013/07/19,11,82,26,,,30,,
2013/07/19,12,87,30,,,30,,
2013/07/19,13,89,24,,,21,,
2013/07/19,14,94,36,,,33,,
2013/07/19,15,98,35,,,32,,
2013/07/19,16,89,32,,,31,,
2013/07/19,17,92,33,,,32,,
2013/07/19,18,76,22,,,30,,
2013/07/19,19,62,7,,,18,,
2013/07/19,20,54,11,,,23,,
2013/07/19,21,36,7,,,19,,
2013/07/19,22,34,6,,,17,,
2013/07/19,23,35,6,,,14,,
2013/07/19,24,30,6,,,16,,
2013/07/20,01,29,5,,,13,,
2013/07/20,02,26,3,,,14,,
2013/07/20,03,28,6,,,14,,
2013/07/20,04,26,2,,,14,,
2013/07/20,05,28,7,,,13,,
2013/07/20,06,33,3,,,17,,
2013/07/20,07,44,5,,,13,,
2013/07/20,08,45,6,,,20,,
2013/07/20,09,59,12,,,25,,
2013/07/20,10,71,14,,,30,,
2013/07/20,11,69,15,,,28,,
2013/07/20,12,74,21,,,28,,
2013/07/20,13,71,19,,,31,,
2013/07/20,14,82,24,,,30,,
2013/07/20,15,87,27,,,31,,
2013/07/20,16,72,19,,,29,,
2013/07/20,17,72,19,,,29,,
2013/07/20,18,68,17,,,28,,
2013/07/20,19,66,15,,,29,,
2013/07/20,20,58,13,,,26,,
2013/07/20,21,41,9,,,20,,
2013/07/20,22,37,6,,,19,,
2013/07/20,23,38,8,,,18,,
2013/07/20,24,31,7,,,16,,
2013/07/21,01,35,2,,,11,,
2013/07/21,02,33,8,,,16,,
2013/07/21,03,31,5,,,16,,
2013/07/21,04,34,10,,,16,,
2013/07/21,05,31,6,,,16,,
2013/07/21,06,36,5,,,17,,
2013/07/21,07,45,8,,,20,,
2013/07/21,08,53,12,,,21,,
2013/07/21,09,64,17,,,24,,
2013/07/21,10,73,23,,,24,,
2013/07/21,11,83,30,,,28,,
2013/07/21,12,76,27,,,26,,
2013/07/21,13,64,21,,,24,,
2013/07/21,14,71,21,,,26,,
2013/07/21,15,67,18,,,24,,
2013/07/21,16,76,29,,,26,,
2013/07/21,17,68,21,,,24,,
2013/07/21,18,65,19,,,24,,
2013/07/21,19,62,14,,,26,,
2013/07/21,20,48,11,,,19,,
2013/07/21,21,41,12,,,19,,
2013/07/21,22,42,12,,,18,,
2013/07/21,23,40,11,,,15,,
2013/07/21,24,33,8,,,17,,
2013/07/22,01,38,7,,,9,,
2013/07/22,02,36,11,,,17,,
2013/07/22,03,33,7,,,16,,
2013/07/22,04,35,10,,,16,,
2013/07/22,05,35,10,,,17,,
2013/07/22,06,36,8,,,17,,
2013/07/22,07,52,12,,,20,,
2013/07/22,08,53,12,,,24,,
2013/07/22,09,82,32,,,26,,
2013/07/22,10,98,38,,,29,,
2013/07/22,11,102,44,,,30,,
2013/07/22,12,105,47,,,30,,
2013/07/22,13,111,52,,,34,,
2013/07/22,14,111,48,,,32,,
2013/07/22,15,113,53,,,33,,
2013/07/22,16,108,48,,,31,,
2013/07/22,17,105,45,,,34,,
2013/07/22,18,85,32,,,29,,
2013/07/22,19,66,15,,,27,,
2013/07/22,20,48,12,,,21,,
2013/07/22,21,43,15,,,19,,
2013/07/22,22,38,8,,,17,,
2013/07/22,23,41,10,,,18,,
2013/07/22,24,39,15,,,15,,
2013/07/23,01,35,7,,,11,,
2013/07/23,02,34,7,,,15,,
2013/07/23,03,37,13,,,15,,
2013/07/23,04,33,8,,,17,,
2013/07/23,05,34,9,,,15,,
2013/07/23,06,38,11,,,17,,
2013/07/23,07,48,10,,,19,,
2013/07/23,08,51,11,,,20,,
2013/07/23,09,81,31,,,26,,
2013/07/23,10,97,35,,,31,,
2013/07/23,11,98,42,,,31,,
2013/07/23,12,99,42,,,30,,
2013/07/23,13,100,46,,,32,,
2013/07/23,14,110,49,,,33,,
2013/07/23,15,110,47,,,32,,
2013/07/23,16,103,45,,,32,,
2013/07/23,17,108,47,,,31,,
2013/07/23,18,85,32,,,30,,
2013/07/23,19,71,20,,,27,,
2013/07/23,20,58,14,,,26,,
2013/07/23,21,41,11,,,18,,
2013/07/23,22,42,12,,,18,,
2013/07/23,23,40,11,,,15,,
2013/07/23,24,34,9,,,16,,
2013/07/24,01,37,6,,,10,,
2013/07/24,02,36,10,,,16,,
2013/07/24,03,32,8,,,15,,
2013/07/24,04,33,10,,,14,,
2013/07/24,05,34,12,,,13,,
2013/07/24,06,36,6,,,17,,
2013/07/24,07,48,10,,,21,,
2013/07/24,08,54,11,,,20,,
2013/07/24,09,73,23,,,28,,
2013/07/24,10,86,27,,,28,,
2013/07/24,11,80,24,,,30,,
2013/07/24,12,81,27,,,29,,
2013/07/24,13,92,39,,,32,,
2013/07/24,14,102,41,,,30,,
2013/07/24,15,99,40,,,33,,
2013/07/24,16,93,33,,,31,,
2013/07/24,17,90,33,,,30,,
2013/07/24,18,75,25,,,29,,
2013/07/24,19,66,16,,,27,,
2013/07/24,20,56,13,,,23,,
2013/07/24,21,39,9,,,19,,
2013/07/24,22,38,9,,,15,,
2013/07/24,23,40,13,,,16,,
2013/07/24,24,33,7,,,15,,
2013/07/25,01,35,5,,,9,,
2013/07/25,02,36,9,,,15,,
2013/07/25,03,34,9,,,16,,
2013/07/25,04,33,8,,,15,,
2013/07/25,05,35,9,,,16,,
2013/07/25,06,42,10,,,19,,
2013/07/25,07,50,8,,,19,,
2013/07/25,08,55,14,,,21,,
2013/07/25,09,86,32,,,28,,
2013/07/25,10,96,35,,,30,,
2013/07/25,11,105,44,,,31,,
2013/07/25,12,103,46,,,30,,
2013/07/25,13,108,51,,,33,,
2013/07/25,14,111,50,,,31,,
2013/07/25,15,109,47,,,31,,
2013/07/25,16,109,51,,,31,,
2013/07/25,17,104,45,,,33,,
2013/07/25,18,87,35,,,29,,
2013/07/25,19,72,20,,,27,,
2013/07/25,20,55,14,,,23,,
2013/07/25,21,43,12,,,18,,
2013/07/25,22,41,11,,,17,,
2013/07/25,23,42,12,,,18,,
2013/07/25,24,35,10,,,16,,
2013/07/26,01,37,5,,,10,,
2013/07/26,02,36,10,,,19,,
2013/07/26,03,36,10,,,16,,
2013/07/26,04,36,9,,,15,,
2013/07/26,05,35,9,,,16,,
2013/07/26,06,43,11,,,18,,
2013/07/26,07,50,11,,,21,,
2013/07/26,08,54,14,,,22,,
2013/07/26,09,85,30,,,25,,
2013/07/26,10,97,38,,,29,,
2013/07/26,11,105,48,,,31,,
2013/07/26,12,103,45,,,30,,
2013/07/26,13,98,44,,,31,,
2013/07/26,14,123,59,,,34,,
2013/07/26,15,114,55,,,33,,
2013/07/26,16,103,44,,,32,,
2013/07/26,17,112,53,,,32,,
2013/07/26,18,90,36,,,29,,
2013/07/26,19,72,20,,,28,,
2013/07/26,20,58,17,,,24,,
2013/07/26,21,43,12,,,19,,
2013/07/26,22,42,10,,,19,,
2013/07/26,23,40,12,,,18,,
2013/07/26,24,36,10,,,17,,
2013/07/27,01,36,7,,,11,,
2013/07/27,02,34,8,,,14,,
2013/07/27,03,36,12,,,16,,
2013/07/27,04,33,8,,,14,,
2013/07/27,05,32,9,,,17,,
2013/07/27,06,42,11,,,16,,
2013/07/27,07,46,7,,,21,,
2013/07/27,08,55,13,,,22,,
2013/07/27,09,78,26,,,26,,
2013/07/27,10,85,30,,,28,,
2013/07/27,11,87,34,,,29,,
2013/07/27,12,87,34,,,29,,
2013/07/27,13,87,37,,,29,,
2013/07/27,14,90,34,,,30,,
2013/07/27,15,96,37,,,30,,
2013/07/27,16,89,35,,,30,,
2013/07/27,17,81,28,,,29,,
2013/07/27,18,75,26,,,26,,
2013/07/27,19,64,16,,,28,,
2013/07/27,20,51,11,,,23,,
2013/07/27,21,40,11,,,18,,
2013/07/27,22,39,10,,,18,,
2013/07/27,23,36,9,,,16,,
2013/07/27,24,36,11,,,17,,
2013/07/28,01,37,7,,,10,,
2013/07/28,02,35,10,,,17,,
2013/07/28,03,35,9,,,15,,
2013/07/28,04,34,8,,,16,,
2013/07/28,05,33,8,,,16,,
2013/07/28,06,40,10,,,18,,
2013/07/28,07,49,8,,,21,,
2013/07/28,08,51,11,,,19,,
2013/07/28,09,56,15,,,23,,
2013/07/28,10,79,27,,,25,,
2013/07/28,11,86,38,,,26,,
2013/07/28,12,79,33,,,26,,
2013/07/28,13,66,23,,,24,,
2013/07/28,14,69,20,,,23,,
2013/07/28,15,80,28,,,27,,
2013/07/28,16,65,17,,,24,,
2013/07/28,17,66,19,,,25,,
2013/07/28,18,61,18,,,23,,
2013/07/28,19,58,11,,,26,,
2013/07/28,20,53,13,,,21,,
2013/07/28,21,43,12,,,21,,
2013/07/28,22,41,10,,,18,,
2013/07/28,23,38,9,,,18,,
2013/07/28,24,32,7,,,16,,
2013/07/29,01,37,7,,,10,,
2013/07/29,02,37,10,,,16,,
2013/07/29,03,33,6,,,17,,
2013/07/29,04,35,9,,,18,,
2013/07/29,05,37,10,,,17,,
2013/07/29,06,38,8,,,17,,
2013/07/29,07,47,10,,,23,,
2013/07/29,08,61,18,,,22,,
2013/07/29,09,77,25,,,29,,
2013/07/29,10,88,32,,,30,,
2013/07/29,11,92,38,,,32,,
2013/07/29,12,90,33,,,31,,
2013/07/29,13,90,35,,,31,,
2013/07/29,14,97,38,,,34,,
2013/07/29,15,94,34,,,32,,
2013/07/29,16,95,36,,,32,,
2013/07/29,17,95,35,,,32,,
2013/07/29,18,75,24,,,30,,
2013/07/29,19,64,14,,,27,,
2013/07/29,20,51,11,,,24,,
2013/07/29,21,41,9,,,21,,
2013/07/29,22,35,6,,,18,,
2013/07/29,23,35,9,,,16,,
2013/07/29,24,34,9,,,16,,
2013/07/30,01,34,4,,,10,,
2013/07/30,02,33,7,,,15,,
2013/07/30,03,35,11,,,17,,
2013/07/30,04,34,9,,,16,,
2013/07/30,05,32,6,,,15,,
2013/07/30,06,38,8,,,18,,
2013/07/30,07,52,10,,,21,,
2013/07/30,08,57,15,,,23,,
2013/07/30,09,81,29,,,27,,
2013/07/30,10,93,38,,,30,,
2013/07/30,11,95,40,,,31,,
2013/07/30,12,98,42,,,30,,
2013/07/30,13,98,44,,,33,,
2013/07/30,14,108,48,,,32,,
2013/07/30,15,101,42,,,33,,
2013/07/30,16,100,43,,,33,,
2013/07/30,17,98,41,,,31,,
2013/07/30,18,81,31,,,29,,
2013/07/30,19,64,16,,,26,,
2013/07/30,20,54,13,,,25,,
2013/07/30,21,48,14,,,20,,
2013/07/30,22,39,10,,,20,,
2013/07/30,23,37,9,,,17,,
2013/07/30,24,39,13,,,15,,
2013/07/31,01,33,5,,,10,,
2013/07/31,02,33,9,,,16,,
2013/07/31,03,35,10,,,16,,
2013/07/31,04,32,7,,,15,,
2013/07/31,05,33,6,,,18,,
2013/07/31,06,38,8,,,16,,
2013/07/31,07,58,18,,,22,,
2013/07/31,08,57,14,,,25,,
2013/07/31,09,78,25,,,29,,
2013/07/31,10,87,30,,,27,,
2013/07/31,11,76,22,,,29,,
2013/07/31,12,86,31,,,29,,
2013/07/31,13,97,44,,,31,,
2013/07/31,14,106,46,,,33,,
2013/07/31,15,101,44,,,32,,
2013/07/31,16,98,41,,,31,,
2013/07/31,17,92,37,,,31,,
2013/07/31,18,77,26,,,28,,
2013/07/31,19,71,20,,,30,,
2013/07/31,20,55,13,,,24,,
2013/07/31,21,39,9,,,17,,
2013/07/31,22,38,11,,,17,,
2013/07/31,23,36,9,,,16,,
2013/07/31,24,32,9,,,15,,
2013/08/01,01,35,8,,,9,,
2013/08/01,02,33,9,,,15,,
2013/08/01,03,32,9,,,14,,
2013/08/01,04,32,8,,,16,,
2013/08/01,05,35,12,,,14,,
2013/08/01,06,37,7,,,15,,
2013/08/01,07,48,9,,,22,,
2013/08/01,08,56,15,,,22,,
2013/08/01,09,79,29,,,26,,
2013/08/01,10,93,35,,,28,,
2013/08/01,11,95,39,,,31,,
2013/08/01,12,94,39,,,30,,
2013/08/01,13,94,40,,,30,,
2013/08/01,14,102,43,,,32,,
2013/08/01,15,106,46,,,32,,
2013/08/01,16,104,49,,,32,,
2013/08/01,17,104,46,,,31,,
2013/08/01,18,81,29,,,29,,
2013/08/01,19,69,20,,,28,,
2013/08/01,20,53,11,,,24,,
2013/08/01,21,44,14,,,22,,
2013/08/01,22,42,13,,,19,,
2013/08/01,23,36,9,,,15,,
2013/08/01,24,35,11,,,15,,
2013/08/02,01,36,8,,,11,,
2013/08/02,02,31,8,,,15,,
2013/08/02,03,33,9,,,15,,
2013/08/02,04,30,6,,,16,,
2013/08/02,05,32,9,,,13,,
2013/08/02,06,38,8,,,18,,
2013/08/02,07,48,11,,,21,,
2013/08/02,08,53,12,,,22,,
2013/08/02,09,81,29,,,28,,
2013/08/02,10,96,36,,,31,,
2013/08/02,11,103,47,,,29,,
2013/08/02,12,96,40,,,33,,
2013/08/02,13,95,41,,,30,,
2013/08/02,14,105,44,,,34,,
2013/08/02,15,106,48,,,32,,
2013/08/02,16,98,42,,,32,,
2013/08/02,17,105,47,,,34,,
2013/08/02,18,82,31,,,29,,
2013/08/02,19,68,18,,,28,,
2013/08/02,20,56,16,,,25,,
2013/08/02,21,41,10,,,20,,
2013/08/02,22,37,9,,,18,,
2013/08/02,23,40,11,,,17,,
2013/08/02,24,33,6,,,18,,
2013/08/03,01,35,5,,,11,,
2013/08/03,02,34,7,,,18,,
2013/08/03,03,33,8,,,17,,
2013/08/03,04,31,4,,,17,,
2013/08/03,05,33,8,,,17,,
2013/08/03,06,40,9,,,21,,
2013/08/03,07,46,6,,,20,,
2013/08/03,08,52,12,,,22,,
2013/08/03,09,74,22,,,28,,
2013/08/03,10,82,27,,,29,,
2013/08/03,11,84,30,,,29,,
2013/08/03,12,86,30,,,29,,
2013/08/03,13,85,36,,,31,,
2013/08/03,14,104,42,,,33,,
2013/08/03,15,100,41,,,33,,
2013/08/03,16,93,36,,,34,,
2013/08/03,17,79,26,,,29,,
2013/08/03,18,72,24,,,26,,
2013/08/03,19,65,17,,,29,,
2013/08/03,20,49,9,,,22,,
2013/08/03,21,43,12,,,22,,
2013/08/03,22,43,13,,,17,,
2013/08/03,23,36,7,,,19,,
2013/08/03,24,34,10,,,16,,
2013/08/04,01,35,6,,,11,,
2013/08/04,02,31,6,,,15,,
2013/08/04,03,33,8,,,16,,
2013/08/04,04,33,9,,,17,,
2013/08/04,05,32,6,,,16,,
2013/08/04,06,38,8,,,18,,
2013/08/04,07,46,7,,,21,,
2013/08/04,08,51,9,,,22,,
2013/08/04,09,60,17,,,22,,
2013/08/04,10,67,17,,,24,,
2013/08/04,11,71,25,,,24,,
2013/08/04,12,69,22,,,24,,
2013/08/04,13,60,19,,,23,,
2013/08/04,14,66,20,,,24,,
2013/08/04,15,68,21,,,21,,
2013/08/04,16,66,21,,,25,,
2013/08/04,17,65,20,,,23,,
2013/08/04,18,60,17,,,22,,
2013/08/04,19,56,12,,,24,,
2013/08/04,20,53,12,,,23,,
2013/08/04,21,39,11,,,18,,
2013/08/04,22,38,11,,,16,,
2013/08/04,23,37,11,,,16,,
2013/08/04,24,35,10,,,14,,
2013/08/05,01,35,5,,,9,,
2013/08/05,02,35,10,,,17,,
2013/08/05,03,34,10,,,15,,
2013/08/05,04,32,8,,,16,,
2013/08/05,05,34,9,,,15,,
2013/08/05,06,40,10,,,18,,
2013/08/05,07,52,12,,,21,,
2013/08/05,08,53,11,,,22,,
2013/08/05,09,83,34,,,27,,
2013/08/05,10,101,41,,,29,,
2013/08/05,11,104,47,,,31,,
2013/08/05,12,101,47,,,32,,
2013/08/05,13,111,54,,,31,,
2013/08/05,14,119,57,,,34,,
2013/08/05,15,117,54,,,34,,
2013/08/05,16,111,52,,,33,,
2013/08/05,17,108,51,,,32,,
2013/08/05,18,88,35,,,29,,
2013/08/05,19,68,16,,,28,,
2013/08/05,20,53,12,,,25,,
2013/08/05,21,42,12,,,21,,
2013/08/05,22,44,12,,,20,,
2013/08/05,23,40,11,,,17,,
2013/08/05,24,34,9,,,17,,
2013/08/06,01,37,6,,,11,,
2013/08/06,02,38,11,,,18,,
2013/08/06,03,33,8,,,16,,
2013/08/06,04,34,9,,,18,,
2013/08/06,05,33,8,,,15,,
2013/08/06,06,37,8,,,19,,
2013/08/06,07,53,11,,,21,,
2013/08/06,08,55,14,,,24,,
2013/08/06,09,86,34,,,29,,
2013/08/06,10,97,38,,,30,,
2013/08/06,11,97,42,,,28,,
2013/08/06,12,100,47,,,32,,
2013/08/06,13,108,50,,,32,,
2013/08/06,14,121,61,,,34,,
2013/08/06,15,119,57,,,32,,
2013/08/06,16,113,54,,,33,,
2013/08/06,17,112,54,,,34,,
2013/08/06,18,87,34,,,30,,
2013/08/06,19,73,22,,,27,,
2013/08/06,20,55,14,,,27,,
2013/08/06,21,48,16,,,21,,
2013/08/06,22,45,15,,,19,,
2013/08/06,23,40,12,,,17,,
2013/08/06,24,34,9,,,15,,
2013/08/07,01,37,9,,,10,,
2013/08/07,02,35,11,,,15,,
2013/08/07,03,32,8,,,16,,
2013/08/07,04,35,10,,,15,,
2013/08/07,05,32,10,,,15,,
2013/08/07,06,32,7,,,15,,
2013/08/07,07,49,11,,,19,,
2013/08/07,08,52,14,,,24,,
2013/08/07,09,80,35,,,26,,
2013/08/07,10,93,37,,,29,,
2013/08/07,11,91,39,,,29,,
2013/08/07,12,92,40,,,29,,
2013/08/07,13,107,54,,,31,,
2013/08/07,14,111,55,,,33,,
2013/08/07,15,108,50,,,31,,
2013/08/07,16,98,42,,,33,,
2013/08/07,17,102,44,,,30,,
2013/08/07,18,87,38,,,31,,
2013/08/07,19,69,19,,,27,,
2013/08/07,20,59,16,,,25,,
2013/08/07,21,43,11,,,21,,
2013/08/07,22,41,11,,,19,,
2013/08/07,23,43,15,,,17,,
2013/08/07,24,35,10,,,16,,
2013/08/08,01,36,8,,,10,,
2013/08/08,02,36,11,,,16,,
2013/08/08,03,37,12,,,17,,
2013/08/08,04,34,8,,,16,,
2013/08/08,05,36,12,,,16,,
2013/08/08,06,41,12,,,17,,
2013/08/08,07,58,19,,,22,,
2013/08/08,08,63,21,,,24,,
2013/08/08,09,89,36,,,28,,
2013/08/08,10,102,43,,,28,,
2013/08/08,11,109,52,,,32,,
2013/08/08,12,114,58,,,29,,
2013/08/08,13,115,59,,,33,,
2013/08/08,14,123,62,,,33,,
2013/08/08,15,121,61,,,34,,
2013/08/08,16,118,63,,,33,,
2013/08/08,17,113,56,,,32,,
2013/08/08,18,98,43,,,30,,
2013/08/08,19,71,23,,,28,,
2013/08/08,20,61,19,,,26,,
2013/08/08,21,45,16,,,18,,
2013/08/08,22,46,17,,,19,,
2013/08/08,23,39,10,,,17,,
2013/08/08,24,39,14,,,18,,
2013/08/09,01,40,9,,,12,,
2013/08/09,02,37,11,,,18,,
2013/08/09,03,39,12,,,17,,
2013/08/09,04,38,12,,,18,,
2013/08/09,05,36,10,,,17,,
2013/08/09,06,42,11,,,19,,
2013/08/09,07,54,13,,,22,,
2013/08/09,08,56,14,,,23,,
2013/08/09,09,93,43,,,30,,
2013/08/09,10,110,54,,,28,,
2013/08/09,11,109,54,,,32,,
2013/08/09,12,115,59,,,31,,
2013/08/09,13,114,61,,,32,,
2013/08/09,14,123,62,,,34,,
2013/08/09,15,121,62,,,32,,
2013/08/09,16,119,60,,,34,,
2013/08/09,17,118,61,,,34,,
2013/08/09,18,99,48,,,28,,
2013/08/09,19,77,25,,,28,,
2013/08/09,20,63,21,,,26,,
2013/08/09,21,55,21,,,22,,
2013/08/09,22,42,13,,,19,,
2013/08/09,23,40,11,,,18,,
2013/08/09,24,40,13,,,17,,
2013/08/10,01,37,6,,,12,,
2013/08/10,02,36,12,,,13,,
2013/08/10,03,38,13,,,16,,
2013/08/10,04,36,12,,,16,,
2013/08/10,05,35,10,,,17,,
2013/08/10,06,43,13,,,17,,
2013/08/10,07,51,12,,,19,,
2013/08/10,08,63,23,,,25,,
2013/08/10,09,87,37,,,25,,
2013/08/10,10,108,48,,,30,,
2013/08/10,11,111,54,,,30,,
2013/08/10,12,106,53,,,29,,
2013/08/10,13,110,59,,,30,,
2013/08/10,14,119,58,,,31,,
2013/08/10,15,122,62,,,33,,
2013/08/10,16,110,56,,,31,,
2013/08/10,17,101,46,,,30,,
2013/08/10,18,106,52,,,30,,
2013/08/10,19,87,30,,,31,,
2013/08/10,20,82,29,,,32,,
2013/08/10,21,69,26,,,27,,
2013/08/10,22,67,24,,,29,,
2013/08/10,23,59,23,,,24,,
2013/08/10,24,43,16,,,17,,
2013/08/11,01,41,9,,,11,,
2013/08/11,02,39,13,,,18,,
2013/08/11,03,39,14,,,16,,
2013/08/11,04,39,13,,,19,,
2013/08/11,05,39,13,,,14,,
2013/08/11,06,42,12,,,19,,
2013/08/11,07,53,14,,,22,,
2013/08/11,08,61,17,,,21,,
2013/08/11,09,85,41,,,24,,
2013/08/11,10,102,49,,,28,,
2013/08/11,11,107,54,,,28,,
2013/08/11,12,106,56,,,27,,
2013/08/11,13,102,54,,,27,,
2013/08/11,14,112,56,,,30,,
2013/08/11,15,107,53,,,29,,
2013/08/11,16,100,51,,,26,,
2013/08/11,17,98,48,,,27,,
2013/08/11,18,92,45,,,27,,
2013/08/11,19,72,24,,,27,,
2013/08/11,20,64,22,,,25,,
2013/08/11,21,55,20,,,23,,
2013/08/11,22,54,22,,,21,,
2013/08/11,23,48,15,,,22,,
2013/08/11,24,44,15,,,20,,
2013/08/12,01,42,9,,,12,,
2013/08/12,02,43,14,,,20,,
2013/08/12,03,41,12,,,20,,
2013/08/12,04,40,11,,,20,,
2013/08/12,05,41,13,,,19,,
2013/08/12,06,44,14,,,18,,
2013/08/12,07,56,14,,,25,,
2013/08/12,08,65,26,,,23,,
2013/08/12,09,93,40,,,29,,
2013/08/12,10,108,49,,,30,,
2013/08/12,11,115,57,,,32,,
2013/08/12,12,113,57,,,32,,
2013/08/12,13,116,57,,,33,,
2013/08/12,14,123,62,,,34,,
2013/08/12,15,122,61,,,34,,
2013/08/12,16,121,62,,,32,,
2013/08/12,17,115,58,,,34,,
2013/08/12,18,106,52,,,30,,
2013/08/12,19,80,27,,,31,,
2013/08/12,20,58,16,,,25,,
2013/08/12,21,48,14,,,24,,
2013/08/12,22,46,16,,,18,,
2013/08/12,23,41,11,,,18,,
2013/08/12,24,35,11,,,14,,
2013/08/13,01,39,10,,,9,,
2013/08/13,02,34,9,,,16,,
2013/08/13,03,33,9,,,15,,
2013/08/13,04,38,12,,,16,,
2013/08/13,05,32,7,,,16,,
2013/08/13,06,43,10,,,18,,
2013/08/13,07,66,24,,,24,,
2013/08/13,08,61,17,,,25,,
2013/08/13,09,79,27,,,27,,
2013/08/13,10,101,41,,,30,,
2013/08/13,11,103,47,,,31,,
2013/08/13,12,96,41,,,30,,
2013/08/13,13,106,52,,,33,,
2013/08/13,14,118,56,,,33,,
2013/08/13,15,113,53,,,34,,
2013/08/13,16,115,55,,,33,,
2013/08/13,17,109,51,,,32,,
2013/08/13,18,90,38,,,31,,
2013/08/13,19,75,24,,,27,,
2013/08/13,20,53,13,,,25,,
2013/08/13,21,42,12,,,19,,
2013/08/13,22,42,13,,,17,,
2013/08/13,23,39,12,,,18,,
2013/08/13,24,35,10,,,16,,
2013/08/14,01,40,8,,,11,,
2013/08/14,02,34,10,,,17,,
2013/08/14,03,34,8,,,17,,
2013/08/14,04,35,9,,,17,,
2013/08/14,05,34,8,,,15,,
2013/08/14,06,40,8,,,20,,
2013/08/14,07,48,9,,,20,,
2013/08/14,08,53,13,,,22,,
2013/08/14,09,78,25,,,29,,
2013/08/14,10,89,31,,,29,,
2013/08/14,11,88,34,,,29,,
2013/08/14,12,94,39,,,31,,
2013/08/14,13,92,42,,,31,,
2013/08/14,14,113,51,,,32,,
2013/08/14,15,114,56,,,34,,
2013/08/14,16,99,43,,,31,,
2013/08/14,17,108,53,,,32,,
2013/08/14,18,86,36,,,30,,
2013/08/14,19,72,20,,,27,,
2013/08/14,20,67,25,,,25,,
2013/08/14,21,48,15,,,23,,
2013/08/14,22,43,12,,,19,,
2013/08/14,23,45,15,,,20,,
2013/08/14,24,39,12,,,17,,
2013/08/15,01,41,10,,,13,,
2013/08/15,02,40,14,,,16,,
2013/08/15,03,37,11,,,18,,
2013/08/15,04,41,14,,,16,,
2013/08/15,05,39,13,,,19,,
2013/08/15,06,44,12,,,18,,
2013/08/15,07,52,12,,,22,,
2013/08/15,08,61,19,,,25,,
2013/08/15,09,92,39,,,26,,
2013/08/15,10,107,47,,,32,,
2013/08/15,11,112,55,,,30,,
2013/08/15,12,115,60,,,33,,
2013/08/15,13,119,62,,,32,,
2013/08/15,14,123,65,,,33,,
2013/08/15,15,122,62,,,32,,
2013/08/15,16,121,61,,,32,,
2013/08/15,17,117,61,,,31,,
2013/08/15,18,92,40,,,30,,
2013/08/15,19,80,27,,,30,,
2013/08/15,20,63,20,,,27,,
2013/08/15,21,48,18,,,21,,
2013/08/15,22,43,13,,,17,,
2013/08/15,23,39,11,,,17,,
2013/08/15,24,37,13,,,14,,
2013/08/16,01,36,8,,,8,,
2013/08/16,02,34,9,,,15,,
2013/08/16,03,35,11,,,16,,
2013/08/16,04,34,11,,,14,,
2013/08/16,05,33,10,,,15,,
2013/08/16,06,37,11,,,16,,
2013/08/16,07,45,11,,,20,,
2013/08/16,08,60,22,,,20,,
2013/08/16,09,84,34,,,29,,
2013/08/16,10,106,45,,,30,,
2013/08/16,11,112,56,,,29,,
2013/08/16,12,113,55,,,32,,
2013/08/16,13,115,63,,,32,,
2013/08/16,14,123,61,,,33,,
2013/08/16,15,118,61,,,33,,
2013/08/16,16,114,58,,,32,,
2013/08/16,17,119,59,,,32,,
2013/08/16,18,89,38,,,29,,
2013/08/16,19,70,19,,,29,,
2013/08/16,20,54,14,,,25,,
2013/08/16,21,46,14,,,21,,
2013/08/16,22,42,11,,,20,,
2013/08/16,23,44,14,,,19,,
2013/08/16,24,36,10,,,17,,
2013/08/17,01,36,7,,,11,,
2013/08/17,02,40,14,,,16,,
2013/08/17,03,34,9,,,16,,
2013/08/17,04,35,9,,,16,,
2013/08/17,05,39,15,,,16,,
2013/08/17,06,38,8,,,18,,
2013/08/17,07,49,8,,,21,,
2013/08/17,08,66,23,,,24,,
2013/08/17,09,78,30,,,26,,
2013/08/17,10,86,34,,,29,,
2013/08/17,11,85,38,,,29,,
2013/08/17,12,93,42,,,29,,
2013/08/17,13,97,48,,,31,,
2013/08/17,14,109,53,,,32,,
2013/08/17,15,113,58,,,32,,
2013/08/17,16,103,50,,,31,,
2013/08/17,17,90,37,,,30,,
2013/08/17,18,84,33,,,30,,
2013/08/17,19,80,26,,,29,,
2013/08/17,20,60,19,,,26,,
2013/08/17,21,46,15,,,20,,
2013/08/17,22,45,14,,,20,,
2013/08/17,23,41,13,,,19,,
2013/08/17,24,38,10,,,18,,
2013/08/18,01,40,6,,,12,,
2013/08/18,02,38,11,,,18,,
2013/08/18,03,36,10,,,17,,
2013/08/18,04,38,11,,,17,,
2013/08/18,05,37,10,,,17,,
2013/08/18,06,40,9,,,20,,
2013/08/18,07,51,12,,,21,,
2013/08/18,08,53,13,,,23,,
2013/08/18,09,69,23,,,24,,
2013/08/18,10,76,26,,,27,,
2013/08/18,11,76,27,,,23,,
2013/08/18,12,73,28,,,27,,
2013/08/18,13,71,27,,,25,,
2013/08/18,14,78,28,,,24,,
2013/08/18,15,91,40,,,28,,
2013/08/18,16,74,29,,,25,,
2013/08/18,17,75,30,,,25,,
2013/08/18,18,70,24,,,25,,
2013/08/18,19,64,18,,,25,,
2013/08/18,20,54,15,,,23,,
2013/08/18,21,42,14,,,19,,
2013/08/18,22,45,15,,,17,,
2013/08/18,23,38,11,,,17,,
2013/08/18,24,36,11,,,16,,
2013/08/19,01,39,8,,,10,,
2013/08/19,02,35,10,,,17,,
2013/08/19,03,35,11,,,14,,
2013/08/19,04,38,13,,,18,,
2013/08/19,05,35,10,,,16,,
2013/08/19,06,40,10,,,17,,
2013/08/19,07,55,15,,,24,,
2013/08/19,08,55,15,,,22,,
2013/08/19,09,100,47,,,30,,
2013/08/19,10,112,54,,,32,,
2013/08/19,11,115,58,,,31,,
2013/08/19,12,116,60,,,30,,
2013/08/19,13,117,62,,,34,,
2013/08/19,14,125,63,,,33,,
2013/08/19,15,122,65,,,34,,
2013/08/19,16,126,65,,,34,,
2013/08/19,17,119,63,,,35,,
2013/08/19,18,109,55,,,32,,
2013/08/19,19,73,25,,,27,,
2013/08/19,20,57,15,,,26,,
2013/08/19,21,47,16,,,21,,
2013/08/19,22,42,12,,,18,,
2013/08/19,23,43,13,,,18,,
2013/08/19,24,40,14,,,18,,
2013/08/20,01,39,12,,,16,,
2013/08/20,02,36,10,,,16,,
2013/08/20,03,38,13,,,15,,
2013/08/20,04,38,12,,,17,,
2013/08/20,05,35,9,,,18,,
2013/08/20,06,43,12,,,17,,
2013/08/20,07,54,12,,,22,,
2013/08/20,08,54,16,,,23,,
2013/08/20,09,102,48,,,29,,
2013/08/20,10,129,65,,,32,,
2013/08/20,11,119,60,,,33,,
2013/08/20,12,120,61,,,32,,
2013/08/20,13,120,64,,,33,,
2013/08/20,14,124,62,,,35,,
2013/08/20,15,126,63,,,33,,
2013/08/20,16,122,62,,,34,,
2013/08/20,17,119,60,,,31,,
2013/08/20,18,97,46,,,29,,
2013/08/20,19,69,19,,,27,,
2013/08/20,20,55,15,,,26,,
2013/08/20,21,48,16,,,19,,
2013/08/20,22,40,12,,,19,,
2013/08/20,23,40,12,,,18,,
2013/08/20,24,39,12,,,16,,
2013/08/21,01,37,8,,,11,,
2013/08/21,02,35,12,,,16,,
2013/08/21,03,36,11,,,15,,
2013/08/21,04,38,12,,,16,,
2013/08/21,05,35,11,,,16,,
2013/08/21,06,43,12,,,18,,
2013/08/21,07,54,15,,,21,,
2013/08/21,08,73,31,,,23,,
2013/08/21,09,93,40,,,28,,
2013/08/21,10,108,48,,,30,,
2013/08/21,11,108,54,,,29,,
2013/08/21,12,113,57,,,31,,
2013/08/21,13,117,42,,,21,,
2013/08/21,14,122,61,,,35,,
2013/08/21,15,121,61,,,33,,
2013/08/21,16,120,64,,,32,,
2013/08/21,17,114,58,,,31,,
2013/08/21,18,106,52,,,30,,
2013/08/21,19,78,27,,,29,,
2013/08/21,20,60,18,,,26,,
2013/08/21,21,52,19,,,22,,
2013/08/21,22,46,17,,,21,,
2013/08/21,23,39,11,,,15,,
2013/08/21,24,39,14,,,17,,
2013/08/22,01,39,6,,,11,,
2013/08/22,02,36,11,,,16,,
2013/08/22,03,39,13,,,17,,
2013/08/22,04,36,11,,,16,,
2013/08/22,05,36,11,,,17,,
2013/08/22,06,44,13,,,20,,
2013/08/22,07,53,13,,,21,,
2013/08/22,08,60,18,,,23,,
2013/08/22,09,98,46,,,28,,
2013/08/22,10,117,56,,,32,,
2013/08/22,11,111,53,,,31,,
2013/08/22,12,111,53,,,31,,
2013/08/22,13,118,63,,,32,,
2013/08/22,14,126,64,,,34,,
2013/08/22,15,126,65,,,34,,
2013/08/22,16,122,63,,,36,,
2013/08/22,17,118,60,,,32,,
2013/08/22,18,104,51,,,30,,
2013/08/22,19,76,24,,,30,,
2013/08/22,20,58,18,,,24,,
2013/08/22,21,47,16,,,21,,
2013/08/22,22,44,13,,,19,,
2013/08/22,23,39,11,,,17,,
2013/08/22,24,39,15,,,16,,
2013/08/23,01,39,8,,,12,,
2013/08/23,02,37,11,,,17,,
2013/08/23,03,39,13,,,17,,
2013/08/23,04,40,14,,,16,,
2013/08/23,05,36,10,,,17,,
2013/08/23,06,41,12,,,18,,
2013/08/23,07,54,13,,,20,,
2013/08/23,08,55,16,,,22,,
2013/08/23,09,109,55,,,30,,
2013/08/23,10,113,52,,,30,,
2013/08/23,11,114,57,,,32,,
2013/08/23,12,116,59,,,32,,
2013/08/23,13,115,59,,,32,,
2013/08/23,14,125,64,,,35,,
2013/08/23,15,125,64,,,33,,
2013/08/23,16,120,59,,,33,,
2013/08/23,17,119,59,,,33,,
2013/08/23,18,100,46,,,34,,
2013/08/23,19,77,26,,,28,,
2013/08/23,20,57,16,,,26,,
2013/08/23,21,47,13,,,22,,
2013/08/23,22,46,12,,,24,,
2013/08/23,23,42,12,,,19,,
2013/08/23,24,37,10,,,18,,
2013/08/24,01,38,8,,,11,,
2013/08/24,02,38,11,,,18,,
2013/08/24,03,36,9,,,18,,
2013/08/24,04,37,12,,,15,,
2013/08/24,05,36,10,,,18,,
2013/08/24,06,40,10,,,19,,
2013/08/24,07,71,26,,,25,,
2013/08/24,08,63,19,,,26,,
2013/08/24,09,74,23,,,28,,
2013/08/24,10,78,25,,,28,,
2013/08/24,11,68,18,,,28,,
2013/08/24,12,77,26,,,30,,
2013/08/24,13,79,29,,,29,,
2013/08/24,14,93,34,,,32,,
2013/08/24,15,96,39,,,33,,
2013/08/24,16,80,26,,,28,,
2013/08/24,17,77,24,,,29,,
2013/08/24,18,72,23,,,27,,
2013/08/24,19,59,10,,,28,,
2013/08/24,20,50,11,,,24,,
2013/08/24,21,43,13,,,19,,
2013/08/24,22,38,8,,,18,,
2013/08/24,23,36,8,,,17,,
2013/08/24,24,35,8,,,17,,
2013/08/25,01,33,4,,,9,,
2013/08/25,02,32,8,,,14,,
2013/08/25,03,32,8,,,16,,
2013/08/25,04,32,8,,,15,,
2013/08/25,05,30,7,,,15,,
2013/08/25,06,38,8,,,18,,
2013/08/25,07,45,9,,,20,,
2013/08/25,08,49,7,,,22,,
2013/08/25,09,55,12,,,24,,
2013/08/25,10,65,14,,,25,,
2013/08/25,11,65,16,,,27,,
2013/08/25,12,67,17,,,27,,
2013/08/25,13,61,15,,,24,,
2013/08/25,14,64,13,,,28,,
2013/08/25,15,73,21,,,26,,
2013/08/25,16,69,20,,,27,,
2013/08/25,17,70,19,,,27,,
2013/08/25,18,56,13,,,26,,
2013/08/25,19,58,12,,,24,,
2013/08/25,20,46,8,,,24,,
2013/08/25,21,36,5,,,20,,
2013/08/25,22,37,7,,,20,,
2013/08/25,23,35,5,,,18,,
2013/08/25,24,34,7,,,18,,
2013/08/26,01,32,3,,,11,,
2013/08/26,02,32,6,,,16,,
2013/08/26,03,31,5,,,18,,
2013/08/26,04,31,5,,,16,,
2013/08/26,05,29,3,,,18,,
2013/08/26,06,36,8,,,16,,
2013/08/26,07,42,3,,,22,,
2013/08/26,08,53,11,,,24,,
2013/08/26,09,61,10,,,28,,
2013/08/26,10,72,11,,,29,,
2013/08/26,11,81,23,,,33,,
2013/08/26,12,74,16,,,30,,
2013/08/26,13,72,19,,,32,,
2013/08/26,14,85,24,,,35,,
2013/08/26,15,84,26,,,32,,
2013/08/26,16,76,20,,,32,,
2013/08/26,17,75,17,,,32,,
2013/08/26,18,64,14,,,29,,
2013/08/26,19,60,9,,,29,,
2013/08/26,20,50,11,,,25,,
2013/08/26,21,38,5,,,21,,
2013/08/26,22,38,8,,,19,,
2013/08/26,23,34,5,,,15,,
2013/08/26,24,32,7,,,18,,
2013/08/27,01,33,3,,,10,,
2013/08/27,02,31,5,,,17,,
2013/08/27,03,29,4,,,16,,
2013/08/27,04,29,4,,,17,,
2013/08/27,05,30,5,,,15,,
2013/08/27,06,33,3,,,20,,
2013/08/27,07,45,7,,,19,,
2013/08/27,08,44,4,,,22,,
2013/08/27,09,73,22,,,28,,
2013/08/27,10,82,21,,,31,,
2013/08/27,11,81,25,,,29,,
2013/08/27,12,83,28,,,31,,
2013/08/27,13,83,31,,,31,,
2013/08/27,14,89,29,,,33,,
2013/08/27,15,94,35,,,33,,
2013/08/27,16,88,30,,,31,,
2013/08/27,17,88,33,,,33,,
2013/08/27,18,72,20,,,30,,
2013/08/27,19,62,12,,,28,,
2013/08/27,20,51,10,,,26,,
2013/08/27,21,42,9,,,21,,
2013/08/27,22,37,6,,,20,,
2013/08/27,23,35,7,,,17,,
2013/08/27,24,30,4,,,17,,
2013/08/28,01,34,2,,,12,,
2013/08/28,02,30,5,,,16,,
2013/08/28,03,32,6,,,18,,
2013/08/28,04,30,4,,,17,,
2013/08/28,05,31,5,,,16,,
2013/08/28,06,35,4,,,18,,
2013/08/28,07,46,7,,,23,,
2013/08/28,08,48,7,,,22,,
2013/08/28,09,69,18,,,27,,
2013/08/28,10,80,22,,,29,,
2013/08/28,11,75,20,,,30,,
2013/08/28,12,75,22,,,30,,
2013/08/28,13,77,26,,,32,,
2013/08/28,14,91,31,,,31,,
2013/08/28,15,88,32,,,32,,
2013/08/28,16,84,31,,,31,,
2013/08/28,17,77,24,,,29,,
2013/08/28,18,69,19,,,29,,
2013/08/28,19,62,13,,,29,,
2013/08/28,20,53,11,,,24,,
2013/08/28,21,39,7,,,20,,
2013/08/28,22,35,6,,,16,,
2013/08/28,23,32,7,,,17,,
2013/08/28,24,33,8,,,15,,
2013/08/29,01,28,2,,,10,,
2013/08/29,02,28,5,,,15,,
2013/08/29,03,31,8,,,14,,
2013/08/29,04,29,5,,,15,,
2013/08/29,05,28,4,,,14,,
2013/08/29,06,33,5,,,16,,
2013/08/29,07,45,6,,,20,,
2013/08/29,08,51,11,,,23,,
2013/08/29,09,70,20,,,28,,
2013/08/29,10,86,29,,,29,,
2013/08/29,11,88,34,,,30,,
2013/08/29,12,86,30,,,33,,
2013/08/29,13,91,37,,,32,,
2013/08/29,14,104,42,,,34,,
2013/08/29,15,99,41,,,33,,
2013/08/29,16,95,36,,,32,,
2013/08/29,17,92,37,,,31,,
2013/08/29,18,78,26,,,32,,
2013/08/29,19,70,19,,,28,,
2013/08/29,20,51,11,,,24,,
2013/08/29,21,41,9,,,23,,
2013/08/29,22,43,11,,,20,,
2013/08/29,23,40,11,,,18,,
2013/08/29,24,37,10,,,17,,
2013/08/30,01,37,5,,,12,,
2013/08/30,02,32,7,,,14,,
2013/08/30,03,32,8,,,17,,
2013/08/30,04,37,13,,,15,,
2013/08/30,05,31,7,,,15,,
2013/08/30,06,37,7,,,18,,
2013/08/30,07,54,13,,,22,,
2013/08/30,08,60,18,,,23,,
2013/08/30,09,86,33,,,28,,
2013/08/30,10,108,49,,,31,,
2013/08/30,11,105,48,,,32,,
2013/08/30,12,106,50,,,30,,
2013/08/30,13,111,55,,,32,,
2013/08/30,14,109,48,,,34,,
2013/08/30,15,102,40,,,34,,
2013/08/30,16,93,34,,,34,,
2013/08/30,17,95,37,,,32,,
2013/08/30,18,78,24,,,29,,
2013/08/30,19,70,17,,,32,,
2013/08/30,20,51,11,,,25,,
2013/08/30,21,42,8,,,20,,
2013/08/30,22,42,10,,,23,,
2013/08/30,23,38,9,,,18,,
2013/08/30,24,33,6,,,18,,
2013/08/31,01,36,8,,,11,,
2013/08/31,02,36,9,,,16,,
2013/08/31,03,32,6,,,17,,
2013/08/31,04,34,9,,,17,,
2013/08/31,05,33,8,,,17,,
2013/08/31,06,41,10,,,18,,
2013/08/31,07,64,20,,,26,,
2013/08/31,08,63,19,,,24,,
2013/08/31,09,80,28,,,28,,
2013/08/31,10,88,31,,,31,,
2013/08/31,11,88,33,,,29,,
2013/08/31,12,96,42,,,31,,
2013/08/31,13,92,39,,,30,,
2013/08/31,14,115,54,,,32,,
2013/08/31,15,111,51,,,32,,
2013/08/31,16,98,42,,,32,,
2013/08/31,17,81,28,,,31,,
2013/08/31,18,77,26,,,30,,
2013/08/31,19,73,21,,,28,,
2013/08/31,20,56,16,,,25,,
2013/08/31,21,43,13,,,21,,
2013/08/31,22,45,15,,,19,,
2013/08/31,23,35,7,,,18,,
2013/08/31,24,33,7,,,16,,
2013/09/01,01,34,4,,,12,,
2013/09/01,02,33,7,,,16,,
2013/09/01,03,31,5,,,16,,
2013/09/01,04,33,9,,,17,,
2013/09/01,05,33,7,,,17,,
2013/09/01,06,35,5,,,17,,
2013/09/01,07,49,8,,,22,,
2013/09/01,08,50,8,,,23,,
2013/09/01,09,55,12,,,24,,
2013/09/01,10,79,25,,,28,,
2013/09/01,11,75,24,,,27,,
2013/09/01,12,63,15,,,26,,
2013/09/01,13,64,17,,,27,,
2013/09/01,14,67,15,,,26,,
2013/09/01,15,68,17,,,24,,
2013/09/01,16,67,17,,,27,,
2013/09/01,17,64,18,,,25,,
2013/09/01,18,62,17,,,26,,
2013/09/01,19,56,9,,,25,,
2013/09/01,20,49,11,,,24,,
2013/09/01,21,41,10,,,21,,
2013/09/01,22,42,13,,,19,,
2013/09/01,23,35,8,,,19,,
2013/09/01,24,34,5,,,19,,
2013/09/02,01,32,4,,,10,,
2013/09/02,02,35,9,,,16,,
2013/09/02,03,31,6,,,16,,
2013/09/02,04,31,6,,,16,,
2013/09/02,05,30,7,,,16,,
2013/09/02,06,37,8,,,16,,
2013/09/02,07,45,5,,,22,,
2013/09/02,08,54,13,,,23,,
2013/09/02,09,72,19,,,29,,
2013/09/02,10,82,23,,,31,,
2013/09/02,11,82,24,,,32,,
2013/09/02,12,84,28,,,31,,
2013/09/02,13,78,23,,,32,,
2013/09/02,14,85,25,,,35,,
2013/09/02,15,89,26,,,33,,
2013/09/02,16,80,23,,,33,,
2013/09/02,17,84,26,,,33,,
2013/09/02,18,70,16,,,31,,
2013/09/02,19,63,12,,,29,,
2013/09/02,20,47,5,,,23,,
2013/09/02,21,34,5,,,21,,
2013/09/02,22,32,7,,,19,,
2013/09/02,23,34,6,,,16,,
2013/09/02,24,29,3,,,18,,
2013/09/03,01,34,6,,,9,,
2013/09/03,02,27,4,,,16,,
2013/09/03,03,30,6,,,15,,
2013/09/03,04,27,2,,,16,,
2013/09/03,05,27,4,,,14,,
2013/09/03,06,36,6,,,18,,
2013/09/03,07,42,4,,,19,,
2013/09/03,08,52,9,,,25,,
2013/09/03,09,68,18,,,28,,
2013/09/03,10,80,23,,,29,,
2013/09/03,11,82,25,,,32,,
2013/09/03,12,87,29,,,34,,
2013/09/03,13,78,24,,,31,,
2013/09/03,14,92,30,,,34,,
2013/09/03,15,91,31,,,32,,
2013/09/03,16,81,26,,,33,,
2013/09/03,17,75,17,,,29,,
2013/09/03,18,61,10,,,30,,
2013/09/03,19,54,6,,,28,,
2013/09/03,20,44,3,,,23,,
2013/09/03,21,32,3,,,19,,
2013/09/03,22,34,6,,,18,,
2013/09/03,23,29,3,,,17,,
2013/09/03,24,30,5,,,15,,
2013/09/04,01,28,1,,,10,,
2013/09/04,02,27,4,,,16,,
2013/09/04,03,26,2,,,13,,
2013/09/04,04,28,5,,,15,,
2013/09/04,05,26,2,,,16,,
2013/09/04,06,34,7,,,15,,
2013/09/04,07,40,4,,,19,,
2013/09/04,08,47,9,,,19,,
2013/09/04,09,56,10,,,26,,
2013/09/04,10,65,11,,,28,,
2013/09/04,11,61,12,,,29,,
2013/09/04,12,69,16,,,29,,
2013/09/04,13,77,24,,,34,,
2013/09/04,14,73,17,,,31,,
2013/09/04,15,67,10,,,34,,
2013/09/04,16,64,12,,,29,,
2013/09/04,17,63,9,,,32,,
2013/09/04,18,59,9,,,29,,
2013/09/04,19,53,5,,,26,,
2013/09/04,20,46,6,,,24,,
2013/09/04,21,33,3,,,22,,
2013/09/04,22,30,2,,,18,,
2013/09/04,23,32,5,,,17,,
2013/09/04,24,27,1,,,17,,
2013/09/05,01,29,2,,,11,,
2013/09/05,02,26,1,,,15,,
2013/09/05,03,26,2,,,16,,
2013/09/05,04,27,3,,,16,,
2013/09/05,05,30,5,,,16,,
2013/09/05,06,31,1,,,18,,
2013/09/05,07,42,4,,,20,,
2013/09/05,08,45,4,,,24,,
2013/09/05,09,57,7,,,27,,
2013/09/05,10,69,10,,,30,,
2013/09/05,11,68,12,,,30,,
2013/09/05,12,68,15,,,30,,
2013/09/05,13,67,13,,,31,,
2013/09/05,14,74,15,,,30,,
2013/09/05,15,76,15,,,33,,
2013/09/05,16,74,16,,,31,,
2013/09/05,17,72,15,,,31,,
2013/09/05,18,60,10,,,29,,
2013/09/05,19,55,6,,,29,,
2013/09/05,20,49,8,,,22,,
2013/09/05,21,33,3,,,21,,
2013/09/05,22,33,3,,,19,,
2013/09/05,23,32,2,,,17,,
2013/09/05,24,28,4,,,16,,
2013/09/06,01,28,2,,,12,,
2013/09/06,02,32,7,,,15,,
2013/09/06,03,26,1,,,15,,
2013/09/06,04,27,3,,,16,,
2013/09/06,05,27,2,,,15,,
2013/09/06,06,31,2,,,16,,
2013/09/06,07,41,4,,,21,,
2013/09/06,08,44,3,,,21,,
2013/09/06,09,61,11,,,28,,
2013/09/06,10,67,12,,,30,,
2013/09/06,11,67,16,,,30,,
2013/09/06,12,76,19,,,30,,
2013/09/06,13,75,22,,,32,,
2013/09/06,14,80,22,,,31,,
2013/09/06,15,86,25,,,36,,
2013/09/06,16,78,22,,,30,,
2013/09/06,17,77,17,,,33,,
2013/09/06,18,64,13,,,29,,
2013/09/06,19,60,10,,,29,,
2013/09/06,20,47,6,,,26,,
2013/09/06,21,38,5,,,22,,
2013/09/06,22,36,5,,,18,,
2013/09/06,23,36,6,,,21,,
2013/09/06,24,30,5,,,16,,
2013/09/07,01,28,3,,,9,,
2013/09/07,02,28,2,,,15,,
2013/09/07,03,29,4,,,16,,
2013/09/07,04,30,6,,,16,,
2013/09/07,05,28,2,,,16,,
2013/09/07,06,36,6,,,19,,
2013/09/07,07,47,4,,,24,,
2013/09/07,08,49,5,,,25,,
2013/09/07,09,55,6,,,27,,
2013/09/07,10,65,9,,,30,,
2013/09/07,11,61,7,,,29,,
2013/09/07,12,63,10,,,30,,
2013/09/07,13,63,12,,,32,,
2013/09/07,14,77,15,,,32,,
2013/09/07,15,75,14,,,32,,
2013/09/07,16,69,14,,,34,,
2013/09/07,17,62,10,,,30,,
2013/09/07,18,57,6,,,27,,
2013/09/07,19,57,8,,,30,,
2013/09/07,20,48,7,,,24,,
2013/09/07,21,35,4,,,20,,
2013/09/07,22,36,5,,,19,,
2013/09/07,23,33,3,,,18,,
2013/09/07,24,32,6,,,18,,
2013/09/08,01,29,2,,,11,,
2013/09/08,02,29,2,,,17,,
2013/09/08,03,31,6,,,16,,
2013/09/08,04,29,3,,,18,,
2013/09/08,05,28,3,,,15,,
2013/09/08,06,35,6,,,17,,
2013/09/08,07,39,2,,,20,,
2013/09/08,08,42,4,,,20,,
2013/09/08,09,46,5,,,20,,
2013/09/08,10,56,4,,,25,,
2013/09/08,11,58,10,,,25,,
2013/09/08,12,54,6,,,26,,
2013/09/08,13,51,9,,,24,,
2013/09/08,14,58,7,,,26,,
2013/09/08,15,60,12,,,25,,
2013/09/08,16,55,8,,,24,,
2013/09/08,17,56,8,,,25,,
2013/09/08,18,51,9,,,24,,
2013/09/08,19,49,4,,,24,,
2013/09/08,20,43,5,,,21,,
2013/09/08,21,31,4,,,20,,
2013/09/08,22,31,2,,,17,,
2013/09/08,23,33,5,,,16,,
2013/09/08,24,28,4,,,15,,
2013/09/09,01,29,2,,,11,,
2013/09/09,02,29,4,,,15,,
2013/09/09,03,27,2,,,17,,
2013/09/09,04,27,3,,,15,,
2013/09/09,05,28,2,,,17,,
2013/09/09,06,35,4,,,19,,
2013/09/09,07,41,4,,,19,,
2013/09/09,08,47,5,,,22,,
2013/09/09,09,55,7,,,29,,
2013/09/09,10,63,8,,,28,,
2013/09/09,11,63,12,,,32,,
2013/09/09,12,70,17,,,32,,
2013/09/09,13,70,17,,,31,,
2013/09/09,14,80,22,,,34,,
2013/09/09,15,85,25,,,32,,
2013/09/09,16,79,24,,,32,,
2013/09/09,17,79,23,,,31,,
2013/09/09,18,70,17,,,31,,
2013/09/09,19,61,11,,,27,,
2013/09/09,20,53,9,,,26,,
2013/09/09,21,39,7,,,21,,
2013/09/09,22,33,5,,,20,,
2013/09/09,23,33,3,,,19,,
2013/09/09,24,28,4,,,15,,
2013/09/10,01,30,3,,,9,,
2013/09/10,02,30,6,,,15,,
2013/09/10,03,27,2,,,18,,
2013/09/10,04,27,3,,,14,,
2013/09/10,05,27,3,,,17,,
2013/09/10,06,34,4,,,17,,
2013/09/10,07,46,8,,,22,,
2013/09/10,08,48,7,,,22,,
2013/09/10,09,56,8,,,27,,
2013/09/10,10,71,14,,,30,,
2013/09/10,11,76,20,,,29,,
2013/09/10,12,72,18,,,34,,
2013/09/10,13,80,24,,,31,,
2013/09/10,14,88,26,,,34,,
2013/09/10,15,86,27,,,32,,
2013/09/10,16,86,25,,,32,,
2013/09/10,17,79,23,,,33,,
2013/09/10,18,66,15,,,29,,
2013/09/10,19,65,13,,,31,,
2013/09/10,20,54,11,,,25,,
2013/09/10,21,39,8,,,21,,
2013/09/10,22,39,9,,,19,,
2013/09/10,23,35,6,,,17,,
2013/09/10,24,29,4,,,16,,
2013/09/11,01,30,2,,,13,,
2013/09/11,02,30,6,,,14,,
2013/09/11,03,27,3,,,16,,
2013/09/11,04,30,6,,,14,,
2013/09/11,05,27,3,,,15,,
2013/09/11,06,31,3,,,16,,
2013/09/11,07,40,6,,,18,,
2013/09/11,08,46,9,,,22,,
2013/09/11,09,65,16,,,27,,
2013/09/11,10,79,22,,,30,,
2013/09/11,11,76,21,,,31,,
2013/09/11,12,76,24,,,28,,
2013/09/11,13,84,31,,,32,,
2013/09/11,14,101,40,,,33,,
2013/09/11,15,94,35,,,31,,
2013/09/11,16,84,30,,,32,,
2013/09/11,17,85,28,,,31,,
2013/09/11,18,70,18,,,30,,
2013/09/11,19,61,12,,,27,,
2013/09/11,20,55,12,,,24,,
2013/09/11,21,36,6,,,21,,
2013/09/11,22,36,6,,,18,,
2013/09/11,23,36,8,,,17,,
2013/09/11,24,33,7,,,15,,
2013/09/12,01,31,3,,,10,,
2013/09/12,02,33,7,,,15,,
2013/09/12,03,31,6,,,16,,
2013/09/12,04,30,6,,,15,,
2013/09/12,05,30,5,,,13,,
2013/09/12,06,36,6,,,18,,
2013/09/12,07,47,8,,,20,,
2013/09/12,08,50,8,,,24,,
2013/09/12,09,74,22,,,27,,
2013/09/12,10,84,28,,,30,,
2013/09/12,11,88,35,,,31,,
2013/09/12,12,90,35,,,31,,
2013/09/12,13,91,37,,,32,,
2013/09/12,14,102,42,,,32,,
2013/09/12,15,96,36,,,33,,
2013/09/12,16,100,43,,,32,,
2013/09/12,17,91,37,,,31,,
2013/09/12,18,75,24,,,30,,
2013/09/12,19,65,13,,,29,,
2013/09/12,20,55,15,,,22,,
2013/09/12,21,37,7,,,21,,
2013/09/12,22,35,6,,,17,,
2013/09/12,23,38,12,,,16,,
2013/09/12,24,33,6,,,16,,
2013/09/13,01,31,5,,,10,,
2013/09/13,02,32,8,,,14,,
2013/09/13,03,31,7,,,14,,
2013/09/13,04,29,6,,,14,,
2013/09/13,05,31,8,,,13,,
2013/09/13,06,35,7,,,18,,
2013/09/13,07,44,5,,,21,,
2013/09/13,08,55,13,,,24,,
2013/09/13,09,79,26,,,29,,
2013/09/13,10,88,28,,,31,,
2013/09/13,11,98,41,,,31,,
2013/09/13,12,94,39,,,31,,
2013/09/13,13,89,37,,,31,,
2013/09/13,14,108,48,,,34,,
2013/09/13,15,106,46,,,32,,
2013/09/13,16,98,40,,,35,,
2013/09/13,17,100,40,,,34,,
2013/09/13,18,81,29,,,28,,
2013/09/13,19,67,18,,,27,,
2013/09/13,20,46,7,,,23,,
2013/09/13,21,37,8,,,18,,
2013/09/13,22,39,10,,,18,,
2013/09/13,23,36,9,,,18,,
2013/09/13,24,34,7,,,16,,
2013/09/14,01,35,6,,,12,,
2013/09/14,02,35,9,,,16,,
2013/09/14,03,32,6,,,16,,
2013/09/14,04,34,9,,,17,,
2013/09/14,05,30,5,,,16,,
2013/09/14,06,38,8,,,16,,
2013/09/14,07,45,6,,,21,,
2013/09/14,08,51,9,,,23,,
2013/09/14,09,71,22,,,28,,
2013/09/14,10,77,25,,,28,,
2013/09/14,11,74,25,,,28,,
2013/09/14,12,75,24,,,28,,
2013/09/14,13,82,33,,,31,,
2013/09/14,14,101,42,,,30,,
2013/09/14,15,104,45,,,33,,
2013/09/14,16,83,30,,,31,,
2013/09/14,17,78,24,,,29,,
2013/09/14,18,72,22,,,28,,
2013/09/14,19,61,14,,,27,,
2013/09/14,20,51,10,,,24,,
2013/09/14,21,42,9,,,20,,
2013/09/14,22,39,9,,,19,,
2013/09/14,23,38,10,,,18,,
2013/09/14,24,35,8,,,17,,
2013/09/15,01,34,5,,,12,,
2013/09/15,02,35,10,,,16,,
2013/09/15,03,31,6,,,15,,
2013/09/15,04,30,5,,,16,,
2013/09/15,05,31,4,,,18,,
2013/09/15,06,39,10,,,18,,
2013/09/15,07,44,4,,,20,,
2013/09/15,08,45,5,,,23,,
2013/09/15,09,57,14,,,22,,
2013/09/15,10,63,12,,,23,,
2013/09/15,11,65,17,,,26,,
2013/09/15,12,66,18,,,26,,
2013/09/15,13,52,9,,,24,,
2013/09/15,14,63,12,,,27,,
2013/09/15,15,68,16,,,29,,
2013/09/15,16,63,14,,,26,,
2013/09/15,17,57,9,,,24,,
2013/09/15,18,53,9,,,26,,
2013/09/15,19,57,11,,,25,,
2013/09/15,20,42,4,,,22,,
2013/09/15,21,32,4,,,17,,
2013/09/15,22,31,3,,,18,,
2013/09/15,23,36,10,,,17,,
2013/09/15,24,27,3,,,16,,
2013/09/16,01,30,3,,,10,,
2013/09/16,02,28,4,,,18,,
2013/09/16,03,31,6,,,15,,
2013/09/16,04,29,4,,,15,,
2013/09/16,05,27,2,,,15,,
2013/09/16,06,33,4,,,19,,
2013/09/16,07,40,3,,,20,,
2013/09/16,08,49,6,,,23,,
2013/09/16,09,60,11,,,27,,
2013/09/16,10,64,10,,,29,,
2013/09/16,11,61,8,,,28,,
2013/09/16,12,69,16,,,29,,
2013/09/16,13,67,16,,,30,,
2013/09/16,14,68,14,,,32,,
2013/09/16,15,76,18,,,31,,
2013/09/16,16,75,22,,,31,,
2013/09/16,17,67,12,,,31,,
2013/09/16,18,60,10,,,30,,
2013/09/16,19,61,11,,,29,,
2013/09/16,20,52,7,,,27,,
2013/09/16,21,36,2,,,23,,
2013/09/16,22,35,4,,,21,,
2013/09/16,23,34,3,,,21,,
2013/09/16,24,31,2,,,18,,
2013/09/17,01,32,4,,,11,,
2013/09/17,02,30,5,,,17,,
2013/09/17,03,29,3,,,17,,
2013/09/17,04,28,2,,,18,,
2013/09/17,05,28,2,,,17,,
2013/09/17,06,31,3,,,18,,
2013/09/17,07,43,4,,,21,,
2013/09/17,08,51,7,,,24,,
2013/09/17,09,57,7,,,27,,
2013/09/17,10,66,11,,,32,,
2013/09/17,11,69,12,,,31,,
2013/09/17,12,70,15,,,31,,
2013/09/17,13,71,19,,,31,,
2013/09/17,14,77,20,,,35,,
2013/09/17,15,83,22,,,31,,
2013/09/17,16,77,22,,,34,,
2013/09/17,17,74,18,,,32,,
2013/09/17,18,66,15,,,31,,
2013/09/17,19,58,9,,,28,,
2013/09/17,20,43,3,,,23,,
2013/09/17,21,33,2,,,18,,
2013/09/17,22,32,6,,,18,,
2013/09/17,23,33,5,,,15,,
2013/09/17,24,28,2,,,16,,
2013/09/18,01,28,1,,,10,,
2013/09/18,02,27,4,,,15,,
2013/09/18,03,27,2,,,17,,
2013/09/18,04,29,4,,,15,,
2013/09/18,05,27,3,,,16,,
2013/09/18,06,31,5,,,17,,
2013/09/18,07,37,2,,,18,,
2013/09/18,08,41,3,,,22,,
2013/09/18,09,58,11,,,26,,
2013/09/18,10,67,11,,,28,,
2013/09/18,11,69,15,,,28,,
2013/09/18,12,69,16,,,30,,
2013/09/18,13,72,19,,,32,,
2013/09/18,14,91,30,,,35,,
2013/09/18,15,91,30,,,34,,
2013/09/18,16,87,29,,,34,,
2013/09/18,17,77,23,,,32,,
2013/09/18,18,71,19,,,31,,
2013/09/18,19,60,12,,,29,,
2013/09/18,20,55,11,,,27,,
2013/09/18,21,40,6,,,21,,
2013/09/18,22,33,5,,,17,,
2013/09/18,23,31,3,,,17,,
2013/09/18,24,32,6,,,16,,
2013/09/19,01,30,4,,,9,,
2013/09/19,02,27,4,,,15,,
2013/09/19,03,28,3,,,17,,
2013/09/19,04,27,3,,,16,,
2013/09/19,05,32,7,,,14,,
2013/09/19,06,32,4,,,18,,
2013/09/19,07,39,2,,,20,,
2013/09/19,08,49,6,,,22,,
2013/09/19,09,57,10,,,28,,
2013/09/19,10,67,8,,,28,,
2013/09/19,11,65,13,,,29,,
2013/09/19,12,68,14,,,30,,
2013/09/19,13,73,17,,,31,,
2013/09/19,14,83,24,,,31,,
2013/09/19,15,78,22,,,31,,
2013/09/19,16,81,25,,,31,,
2013/09/19,17,78,22,,,31,,
2013/09/19,18,66,14,,,30,,
2013/09/19,19,55,7,,,25,,
2013/09/19,20,49,7,,,24,,
2013/09/19,21,35,5,,,18,,
2013/09/19,22,36,7,,,18,,
2013/09/19,23,33,6,,,17,,
2013/09/19,24,29,4,,,15,,
2013/09/20,01,29,2,,,12,,
2013/09/20,02,31,5,,,14,,
2013/09/20,03,27,2,,,16,,
2013/09/20,04,28,4,,,14,,
2013/09/20,05,29,4,,,15,,
2013/09/20,06,32,3,,,16,,
2013/09/20,07,41,4,,,19,,
2013/09/20,08,44,5,,,21,,
2013/09/20,09,54,6,,,25,,
2013/09/20,10,68,13,,,30,,
2013/09/20,11,67,15,,,30,,
2013/09/20,12,65,12,,,30,,
2013/09/20,13,64,15,,,30,,
2013/09/20,14,82,22,,,31,,
2013/09/20,15,74,19,,,33,,
2013/09/20,16,73,20,,,30,,
2013/09/20,17,72,17,,,29,,
2013/09/20,18,59,10,,,30,,
2013/09/20,19,58,9,,,27,,
2013/09/20,20,49,8,,,24,,
2013/09/20,21,35,4,,,20,,
2013/09/20,22,31,3,,,17,,
2013/09/20,23,33,6,,,16,,
2013/09/20,24,31,6,,,16,,
2013/09/21,01,28,1,,,10,,
2013/09/21,02,29,3,,,16,,
2013/09/21,03,28,4,,,16,,
2013/09/21,04,27,2,,,16,,
2013/09/21,05,32,7,,,15,,
2013/09/21,06,32,2,,,17,,
2013/09/21,07,37,4,,,18,,
2013/09/21,08,41,3,,,18,,
2013/09/21,09,52,6,,,25,,
2013/09/21,10,67,12,,,28,,
2013/09/21,11,61,10,,,28,,
2013/09/21,12,65,13,,,27,,
2013/09/21,13,72,22,,,30,,
2013/09/21,14,79,22,,,29,,
2013/09/21,15,83,24,,,32,,
2013/09/21,16,83,30,,,31,,
2013/09/21,17,71,16,,,30,,
2013/09/21,18,62,15,,,28,,
2013/09/21,19,61,10,,,28,,
2013/09/21,20,44,5,,,23,,
2013/09/21,21,35,7,,,19,,
2013/09/21,22,35,5,,,18,,
2013/09/21,23,33,6,,,17,,
2013/09/21,24,30,4,,,17,,
2013/09/22,01,33,5,,,12,,
2013/09/22,02,28,4,,,16,,
2013/09/22,03,31,5,,,15,,
2013/09/22,04,28,3,,,16,,
2013/09/22,05,28,3,,,16,,
2013/09/22,06,35,7,,,17,,
2013/09/22,07,42,2,,,20,,
2013/09/22,08,46,7,,,21,,
2013/09/22,09,51,8,,,23,,
2013/09/22,10,54,7,,,23,,
2013/09/22,11,58,11,,,25,,
2013/09/22,12,59,11,,,25,,
2013/09/22,13,58,13,,,25,,
2013/09/22,14,65,15,,,26,,
2013/09/22,15,66,16,,,28,,
2013/09/22,16,61,15,,,25,,
2013/09/22,17,61,13,,,24,,
2013/09/22,18,53,11,,,25,,
2013/09/22,19,53,6,,,23,,
2013/09/22,20,40,7,,,22,,
2013/09/22,21,37,9,,,17,,
2013/09/22,22,33,5,,,17,,
2013/09/22,23,33,6,,,16,,
2013/09/22,24,27,4,,,14,,
2013/09/23,01,30,3,,,11,,
2013/09/23,02,29,5,,,14,,
2013/09/23,03,29,6,,,15,,
2013/09/23,04,28,3,,,15,,
2013/09/23,05,30,6,,,14,,
2013/09/23,06,29,3,,,18,,
2013/09/23,07,42,4,,,19,,
2013/09/23,08,47,7,,,22,,
2013/09/23,09,57,8,,,25,,
2013/09/23,10,67,13,,,28,,
2013/09/23,11,69,18,,,29,,
2013/09/23,12,81,26,,,30,,
2013/09/23,13,71,21,,,29,,
2013/09/23,14,89,30,,,32,,
2013/09/23,15,85,28,,,30,,
2013/09/23,16,71,20,,,30,,
2013/09/23,17,73,19,,,30,,
2013/09/23,18,64,16,,,27,,
2013/09/23,19,56,9,,,27,,
2013/09/23,20,49,8,,,21,,
2013/09/23,21,37,8,,,19,,
2013/09/23,22,30,4,,,16,,
2013/09/23,23,32,6,,,15,,
2013/09/23,24,27,3,,,15,,
2013/09/24,01,30,4,,,10,,
2013/09/24,02,26,3,,,14,,
2013/09/24,03,25,3,,,14,,
2013/09/24,04,29,6,,,14,,
2013/09/24,05,27,2,,,14,,
2013/09/24,06,34,5,,,18,,
2013/09/24,07,37,3,,,18,,
2013/09/24,08,44,4,,,23,,
2013/09/24,09,59,10,,,28,,
2013/09/24,10,70,13,,,29,,
2013/09/24,11,68,17,,,30,,
2013/09/24,12,72,20,,,29,,
2013/09/24,13,81,27,,,31,,
2013/09/24,14,91,31,,,34,,
2013/09/24,15,94,35,,,32,,
2013/09/24,16,78,25,,,33,,
2013/09/24,17,80,23,,,32,,
2013/09/24,18,70,19,,,29,,
2013/09/24,19,58,11,,,26,,
2013/09/24,20,52,8,,,28,,
2013/09/24,21,40,8,,,20,,
2013/09/24,22,37,8,,,17,,
2013/09/24,23,31,4,,,18,,
2013/09/24,24,30,4,,,15,,
2013/09/25,01,37,8,,,11,,
2013/09/25,02,29,3,,,16,,
2013/09/25,03,28,4,,,17,,
2013/09/25,04,28,3,,,15,,
2013/09/25,05,33,8,,,16,,
2013/09/25,06,30,3,,,17,,
2013/09/25,07,43,5,,,21,,
2013/09/25,08,43,7,,,21,,
2013/09/25,09,65,17,,,27,,
2013/09/25,10,73,15,,,31,,
2013/09/25,11,70,17,,,27,,
2013/09/25,12,76,25,,,32,,
2013/09/25,13,80,26,,,32,,
2013/09/25,14,93,33,,,31,,
2013/09/25,15,94,35,,,34,,
2013/09/25,16,79,27,,,29,,
2013/09/25,17,76,19,,,32,,
2013/09/25,18,66,17,,,29,,
2013/09/25,19,64,12,,,28,,
2013/09/25,20,53,11,,,27,,
2013/09/25,21,41,9,,,21,,
2013/09/25,22,34,6,,,17,,
2013/09/25,23,33,6,,,16,,
2013/09/25,24,29,3,,,16,,
2013/09/26,01,33,4,,,10,,
2013/09/26,02,28,4,,,16,,
2013/09/26,03,30,5,,,17,,
2013/09/26,04,29,3,,,15,,
2013/09/26,05,28,3,,,16,,
2013/09/26,06,34,6,,,18,,
2013/09/26,07,42,4,,,17,,
2013/09/26,08,42,4,,,22,,
2013/09/26,09,53,5,,,25,,
2013/09/26,10,65,8,,,29,,
2013/09/26,11,65,10,,,30,,
2013/09/26,12,61,10,,,29,,
2013/09/26,13,57,9,,,28,,
2013/09/26,14,70,12,,,32,,
2013/09/26,15,70,15,,,29,,
2013/09/26,16,65,9,,,32,,
2013/09/26,17,64,11,,,30,,
2013/09/26,18,58,6,,,31,,
2013/09/26,19,60,8,,,29,,
2013/09/26,20,44,5,,,25,,
2013/09/26,21,34,3,,,19,,
2013/09/26,22,33,5,,,17,,
2013/09/26,23,29,2,,,16,,
2013/09/26,24,28,4,,,15,,
2013/09/27,01,31,4,,,11,,
2013/09/27,02,26,2,,,15,,
2013/09/27,03,26,2,,,15,,
2013/09/27,04,29,5,,,15,,
2013/09/27,05,27,3,,,16,,
2013/09/27,06,31,2,,,15,,
2013/09/27,07,37,2,,,18,,
2013/09/27,08,43,6,,,19,,
2013/09/27,09,49,4,,,25,,
2013/09/27,10,60,6,,,29,,
2013/09/27,11,58,7,,,27,,
2013/09/27,12,56,9,,,28,,
2013/09/27,13,60,10,,,29,,
2013/09/27,14,72,14,,,33,,
2013/09/27,15,72,15,,,31,,
2013/09/27,16,72,19,,,33,,
2013/09/27,17,68,11,,,30,,
2013/09/27,18,53,6,,,29,,
2013/09/27,19,53,7,,,26,,
2013/09/27,20,44,3,,,24,,
2013/09/27,21,32,1,,,19,,
2013/09/27,22,31,2,,,20,,
2013/09/27,23,29,1,,,15,,
2013/09/27,24,28,4,,,15,,
2013/09/28,01,27,1,,,8,,
2013/09/28,02,25,1,,,15,,
2013/09/28,03,24,2,,,14,,
2013/09/28,04,24,2,,,13,,
2013/09/28,05,25,1,,,14,,
2013/09/28,06,29,1,,,15,,
2013/09/28,07,37,2,,,19,,
2013/09/28,08,43,4,,,21,,
2013/09/28,09,47,3,,,25,,
2013/09/28,10,53,4,,,25,,
2013/09/28,11,58,7,,,26,,
2013/09/28,12,55,6,,,27,,
2013/09/28,13,53,7,,,29,,
2013/09/28,14,65,11,,,30,,
2013/09/28,15,68,12,,,29,,
2013/09/28,16,60,13,,,30,,
2013/09/28,17,67,15,,,28,,
2013/09/28,18,58,9,,,28,,
2013/09/28,19,55,8,,,26,,
2013/09/28,20,48,7,,,23,,
2013/09/28,21,31,5,,,18,,
2013/09/28,22,32,6,,,18,,
2013/09/28,23,30,3,,,16,,
2013/09/28,24,30,5,,,15,,
2013/09/29,01,28,2,,,9,,
2013/09/29,02,26,2,,,14,,
2013/09/29,03,28,5,,,14,,
2013/09/29,04,26,3,,,15,,
2013/09/29,05,26,3,,,17,,
2013/09/29,06,33,5,,,14,,
2013/09/29,07,38,3,,,18,,
2013/09/29,08,45,5,,,22,,
2013/09/29,09,47,5,,,24,,
2013/09/29,10,55,5,,,22,,
2013/09/29,11,59,12,,,24,,
2013/09/29,12,50,6,,,25,,
2013/09/29,13,49,7,,,24,,
2013/09/29,14,60,11,,,26,,
2013/09/29,15,59,12,,,26,,
2013/09/29,16,57,10,,,25,,
2013/09/29,17,57,12,,,24,,
2013/09/29,18,47,5,,,25,,
2013/09/29,19,50,6,,,26,,
2013/09/29,20,54,7,,,25,,
2013/09/29,21,37,5,,,22,,
2013/09/29,22,35,4,,,19,,
2013/09/29,23,34,4,,,21,,
2013/09/29,24,29,2,,,16,,
2013/09/30,01,28,2,,,9,,
2013/09/30,02,31,8,,,16,,
2013/09/30,03,26,2,,,15,,
2013/09/30,04,26,3,,,14,,
2013/09/30,05,26,2,,,13,,
2013/09/30,06,31,4,,,19,,
2013/09/30,07,41,3,,,20,,
2013/09/30,08,44,6,,,21,,
2013/09/30,09,52,7,,,26,,
2013/09/30,10,62,6,,,26,,
2013/09/30,11,67,12,,,28,,
2013/09/30,12,75,19,,,32,,
2013/09/30,13,68,15,,,32,,
2013/09/30,14,82,25,,,34,,
2013/09/30,15,84,23,,,32,,
2013/09/30,16,77,23,,,32,,
2013/09/30,17,70,12,,,33,,
2013/09/30,18,65,13,,,31,,
2013/09/30,19,56,7,,,28,,
2013/09/30,20,50,6,,,25,,
2013/09/30,21,38,8,,,21,,
2013/09/30,22,34,3,,,20,,
2013/09/30,23,34,5,,,17,,
2013/09/30,24,29,3,,,18,,
2013/10/01,01,28,3,,,11,,
2013/10/01,02,30,5,,,14,,
2013/10/01,03,26,2,,,14,,
2013/10/01,04,29,5,,,15,,
2013/10/01,05,26,3,,,16,,
2013/10/01,06,30,3,,,16,,
2013/10/01,07,40,3,,,18,,
2013/10/01,08,47,6,,,24,,
2013/10/01,09,57,9,,,28,,
2013/10/01,10,64,10,,,30,,
2013/10/01,11,70,17,,,29,,
2013/10/01,12,79,22,,,32,,
2013/10/01,13,69,18,,,30,,
2013/10/01,14,83,23,,,33,,
2013/10/01,15,88,31,,,34,,
2013/10/01,16,75,22,,,31,,
2013/10/01,17,78,20,,,32,,
2013/10/01,18,63,12,,,31,,
2013/10/01,19,59,8,,,29,,
2013/10/01,20,51,9,,,23,,
2013/10/01,21,36,6,,,18,,
2013/10/01,22,32,4,,,19,,
2013/10/01,23,30,4,,,15,,
2013/10/01,24,31,5,,,16,,
2013/10/02,01,30,4,,,9,,
2013/10/02,02,27,4,,,15,,
2013/10/02,03,27,2,,,15,,
2013/10/02,04,27,4,,,14,,
2013/10/02,05,33,8,,,17,,
2013/10/02,06,30,3,,,15,,
2013/10/02,07,40,3,,,20,,
2013/10/02,08,45,5,,,23,,
2013/10/02,09,57,8,,,27,,
2013/10/02,10,65,10,,,29,,
2013/10/02,11,63,9,,,29,,
2013/10/02,12,64,9,,,31,,
2013/10/02,13,65,15,,,32,,
2013/10/02,14,77,18,,,32,,
2013/10/02,15,73,18,,,31,,
2013/10/02,16,71,18,,,32,,
2013/10/02,17,71,15,,,30,,
2013/10/02,18,58,8,,,28,,
2013/10/02,19,57,9,,,29,,
2013/10/02,20,51,9,,,26,,
2013/10/02,21,36,5,,,20,,
2013/10/02,22,37,6,,,19,,
2013/10/02,23,32,4,,,17,,
2013/10/02,24,32,0,,,0,,
2013/10/03,01,29,2,,,9,,
2013/10/03,02,30,5,,,17,,
2013/10/03,03,27,3,,,14,,
2013/10/03,04,29,3,,,18,,
2013/10/03,05,30,4,,,16,,
2013/10/03,06,34,4,,,19,,
2013/10/03,07,45,6,,,21,,
2013/10/03,08,43,3,,,23,,
2013/10/03,09,56,8,,,28,,
2013/10/03,10,67,12,,,29,,
2013/10/03,11,60,10,,,29,,
2013/10/03,12,63,11,,,31,,
2013/10/03,13,62,14,,,29,,
2013/10/03,14,75,15,,,33,,
2013/10/03,15,71,15,,,31,,
2013/10/03,16,68,16,,,32,,
2013/10/03,17,65,11,,,32,,
2013/10/03,18,54,6,,,28,,
2013/10/03,19,55,6,,,28,,
2013/10/03,20,44,3,,,24,,
2013/10/03,21,33,3,,,20,,
2013/10/03,22,33,2,,,18,,
2013/10/03,23,33,6,,,18,,
2013/10/03,24,29,4,,,15,,
2013/10/04,01,29,2,,,9,,
2013/10/04,02,27,3,,,16,,
2013/10/04,03,27,2,,,17,,
2013/10/04,04,27,3,,,16,,
2013/10/04,05,27,2,,,14,,
2013/10/04,06,33,5,,,18,,
2013/10/04,07,40,2,,,18,,
2013/10/04,08,45,5,,,22,,
2013/10/04,09,52,4,,,28,,
2013/10/04,10,55,5,,,27,,
2013/10/04,11,50,3,,,25,,
2013/10/04,12,51,3,,,25,,
2013/10/04,13,49,4,,,26,,
2013/10/04,14,58,5,,,29,,
2013/10/04,15,57,3,,,29,,
2013/10/04,16,54,3,,,28,,
2013/10/04,17,54,4,,,26,,
2013/10/04,18,45,2,,,25,,
2013/10/04,19,47,1,,,24,,
2013/10/04,20,41,1,,,22,,
2013/10/04,21,28,2,,,17,,
2013/10/04,22,24,0,,,13,,
2013/10/04,23,24,1,,,12,,
2013/10/04,24,21,1,,,13,,
2013/10/05,01,23,0,,,13,,
2013/10/05,02,21,0,,,11,,
2013/10/05,03,21,1,,,13,,
2013/10/05,04,21,1,,,12,,
2013/10/05,05,21,0,,,11,,
2013/10/05,06,25,0,,,13,,
2013/10/05,07,30,1,,,14,,
2013/10/05,08,36,1,,,15,,
2013/10/05,09,44,2,,,24,,
2013/10/05,10,50,2,,,24,,
2013/10/05,11,50,5,,,23,,
2013/10/05,12,52,3,,,26,,
2013/10/05,13,54,6,,,27,,
2013/10/05,14,76,20,,,33,,
2013/10/05,15,75,19,,,31,,
2013/10/05,16,66,13,,,31,,
2013/10/05,17,63,10,,,28,,
2013/10/05,18,57,8,,,27,,
2013/10/05,19,59,10,,,29,,
2013/10/05,20,48,9,,,24,,
2013/10/05,21,34,4,,,19,,
2013/10/05,22,33,3,,,19,,
2013/10/05,23,35,7,,,17,,
2013/10/05,24,30,3,,,18,,
2013/10/06,01,33,5,,,17,,
2013/10/06,02,29,3,,,16,,
2013/10/06,03,27,4,,,16,,
2013/10/06,04,31,6,,,16,,
2013/10/06,05,27,2,,,16,,
2013/10/06,06,34,5,,,17,,
2013/10/06,07,41,3,,,20,,
2013/10/06,08,42,2,,,19,,
2013/10/06,09,43,3,,,21,,
2013/10/06,10,55,8,,,23,,
2013/10/06,11,55,9,,,24,,
2013/10/06,12,57,11,,,23,,
2013/10/06,13,60,16,,,26,,
2013/10/06,14,67,17,,,26,,
2013/10/06,15,69,20,,,27,,
2013/10/06,16,67,19,,,25,,
2013/10/06,17,61,13,,,25,,
2013/10/06,18,55,12,,,25,,
2013/10/06,19,55,8,,,24,,
2013/10/06,20,44,5,,,23,,
2013/10/06,21,35,6,,,20,,
2013/10/06,22,38,8,,,17,,
2013/10/06,23,33,4,,,20,,
2013/10/06,24,29,4,,,15,,
2013/10/07,01,30,3,,,19,,
2013/10/07,02,33,9,,,15,,
2013/10/07,03,27,3,,,14,,
2013/10/07,04,28,4,,,17,,
2013/10/07,05,28,3,,,15,,
2013/10/07,06,36,6,,,21,,
2013/10/07,07,44,6,,,19,,
2013/10/07,08,45,5,,,23,,
2013/10/07,09,61,11,,,28,,
2013/10/07,10,77,20,,,32,,
2013/10/07,11,77,21,,,31,,
2013/10/07,12,82,25,,,33,,
2013/10/07,13,76,20,,,21,,
2013/10/07,14,96,35,,,34,,
2013/10/07,15,95,34,,,34,,
2013/10/07,16,93,32,,,35,,
2013/10/07,17,80,22,,,33,,
2013/10/07,18,66,14,,,30,,
2013/10/07,19,59,9,,,29,,
2013/10/07,20,52,9,,,26,,
2013/10/07,21,38,6,,,22,,
2013/10/07,22,39,7,,,20,,
2013/10/07,23,34,4,,,20,,
2013/10/07,24,34,6,,,17,,
2013/10/08,01,31,4,,,18,,
2013/10/08,02,31,5,,,17,,
2013/10/08,03,30,4,,,16,,
2013/10/08,04,31,5,,,18,,
2013/10/08,05,29,4,,,18,,
2013/10/08,06,35,5,,,19,,
2013/10/08,07,43,4,,,23,,
2013/10/08,08,51,7,,,24,,
2013/10/08,09,60,10,,,30,,
2013/10/08,10,70,13,,,31,,
2013/10/08,11,74,19,,,32,,
2013/10/08,12,77,18,,,33,,
2013/10/08,13,72,21,,,30,,
2013/10/08,14,78,18,,,35,,
2013/10/08,15,81,23,,,33,,
2013/10/08,16,77,20,,,32,,
2013/10/08,17,74,18,,,33,,
2013/10/08,18,64,13,,,29,,
2013/10/08,19,61,11,,,31,,
2013/10/08,20,53,9,,,27,,
2013/10/08,21,37,4,,,22,,
2013/10/08,22,35,6,,,18,,
2013/10/08,23,32,4,,,18,,
2013/10/08,24,32,6,,,16,,
2013/10/09,01,32,6,,,15,,
2013/10/09,02,28,3,,,15,,
2013/10/09,03,29,4,,,18,,
2013/10/09,04,28,3,,,17,,
2013/10/09,05,31,5,,,15,,
2013/10/09,06,35,6,,,18,,
2013/10/09,07,41,4,,,21,,
2013/10/09,08,48,6,,,24,,
2013/10/09,09,63,14,,,29,,
2013/10/09,10,65,12,,,28,,
2013/10/09,11,64,13,,,30,,
2013/10/09,12,73,18,,,30,,
2013/10/09,13,72,12,,,20,,
2013/10/09,14,86,26,,,35,,
2013/10/09,15,79,25,,,31,,
2013/10/09,16,72,17,,,32,,
2013/10/09,17,67,14,,,31,,
2013/10/09,18,66,16,,,29,,
2013/10/09,19,59,11,,,30,,
2013/10/09,20,48,6,,,22,,
2013/10/09,21,33,6,,,16,,
2013/10/09,22,33,7,,,15,,
2013/10/09,23,29,3,,,16,,
2013/10/09,24,27,3,,,13,,
2013/10/10,01,30,2,,,9,,
2013/10/10,02,28,7,,,13,,
2013/10/10,03,25,2,,,15,,
2013/10/10,04,26,3,,,13,,
2013/10/10,05,29,6,,,14,,
2013/10/10,06,31,3,,,16,,
2013/10/10,07,43,5,,,20,,
2013/10/10,08,43,5,,,21,,
2013/10/10,09,59,10,,,28,,
2013/10/10,10,71,14,,,30,,
2013/10/10,11,78,23,,,31,,
2013/10/10,12,81,26,,,29,,
2013/10/10,13,88,36,,,32,,
2013/10/10,14,108,48,,,33,,
2013/10/10,15,100,42,,,31,,
2013/10/10,16,96,41,,,32,,
2013/10/10,17,85,33,,,31,,
2013/10/10,18,69,18,,,29,,
2013/10/10,19,60,10,,,28,,
2013/10/10,20,60,16,,,26,,
2013/10/10,21,39,6,,,21,,
2013/10/10,22,37,8,,,19,,
2013/10/10,23,37,10,,,17,,
2013/10/10,24,30,5,,,16,,
2013/10/11,01,31,3,,,10,,
2013/10/11,02,29,5,,,16,,
2013/10/11,03,32,8,,,14,,
2013/10/11,04,28,4,,,16,,
2013/10/11,05,28,5,,,15,,
2013/10/11,06,34,7,,,18,,
2013/10/11,07,44,7,,,20,,
2013/10/11,08,54,8,,,23,,
2013/10/11,09,66,12,,,28,,
2013/10/11,10,75,18,,,31,,
2013/10/11,11,74,18,,,33,,
2013/10/11,12,78,22,,,29,,
2013/10/11,13,81,26,,,33,,
2013/10/11,14,93,33,,,33,,
2013/10/11,15,92,35,,,33,,
2013/10/11,16,86,29,,,34,,
2013/10/11,17,76,21,,,31,,
2013/10/11,18,67,15,,,30,,
2013/10/11,19,62,10,,,28,,
2013/10/11,20,49,8,,,25,,
2013/10/11,21,41,7,,,23,,
2013/10/11,22,38,6,,,22,,
2013/10/11,23,42,11,,,21,,
2013/10/11,24,35,7,,,18,,
2013/10/12,01,30,2,,,11,,
2013/10/12,02,29,3,,,17,,
2013/10/12,03,29,3,,,16,,
2013/10/12,04,31,6,,,17,,
2013/10/12,05,31,6,,,17,,
2013/10/12,06,33,2,,,17,,
2013/10/12,07,45,4,,,23,,
2013/10/12,08,47,4,,,24,,
2013/10/12,09,55,8,,,26,,
2013/10/12,10,59,8,,,26,,
2013/10/12,11,53,8,,,27,,
2013/10/12,12,58,8,,,28,,
2013/10/12,13,60,12,,,28,,
2013/10/12,14,72,17,,,32,,
2013/10/12,15,69,13,,,29,,
2013/10/12,16,64,14,,,31,,
2013/10/12,17,60,10,,,27,,
2013/10/12,18,52,5,,,26,,
2013/10/12,19,52,7,,,26,,
2013/10/12,20,42,4,,,21,,
2013/10/12,21,31,2,,,18,,
2013/10/12,22,30,2,,,17,,
2013/10/12,23,31,5,,,16,,
2013/10/12,24,27,2,,,17,,
2013/10/13,01,28,1,,,10,,
2013/10/13,02,26,2,,,15,,
2013/10/13,03,29,5,,,16,,
2013/10/13,04,25,2,,,15,,
2013/10/13,05,27,2,,,16,,
2013/10/13,06,30,2,,,16,,
2013/10/13,07,39,5,,,17,,
2013/10/13,08,39,3,,,20,,
2013/10/13,09,44,3,,,23,,
2013/10/13,10,55,7,,,26,,
2013/10/13,11,57,10,,,25,,
2013/10/13,12,58,12,,,24,,
2013/10/13,13,49,8,,,25,,
2013/10/13,14,58,11,,,23,,
2013/10/13,15,57,10,,,25,,
2013/10/13,16,51,8,,,23,,
2013/10/13,17,56,12,,,23,,
2013/10/13,18,48,4,,,24,,
2013/10/13,19,48,5,,,24,,
2013/10/13,20,43,4,,,22,,
2013/10/13,21,35,4,,,20,,
2013/10/13,22,35,5,,,19,,
2013/10/13,23,33,5,,,18,,
2013/10/13,24,28,2,,,18,,
2013/10/14,01,30,3,,,17,,
2013/10/14,02,28,1,,,17,,
2013/10/14,03,26,2,,,14,,
2013/10/14,04,26,3,,,15,,
2013/10/14,05,26,2,,,16,,
2013/10/14,06,29,3,,,16,,
2013/10/14,07,39,4,,,18,,
2013/10/14,08,40,3,,,21,,
2013/10/14,09,45,3,,,24,,
2013/10/14,10,56,4,,,26,,
2013/10/14,11,55,6,,,27,,
2013/10/14,12,58,5,,,28,,
2013/10/14,13,60,12,,,28,,
2013/10/14,14,68,13,,,29,,
2013/10/14,15,66,13,,,31,,
2013/10/14,16,68,16,,,30,,
2013/10/14,17,64,10,,,29,,
2013/10/14,18,53,6,,,27,,
2013/10/14,19,50,4,,,25,,
2013/10/14,20,41,2,,,21,,
2013/10/14,21,34,6,,,19,,
2013/10/14,22,34,6,,,17,,
2013/10/14,23,31,4,,,17,,
2013/10/14,24,28,3,,,15,,
2013/10/15,01,28,2,,,17,,
2013/10/15,02,27,3,,,15,,
2013/10/15,03,27,3,,,15,,
2013/10/15,04,32,7,,,17,,
2013/10/15,05,28,3,,,15,,
2013/10/15,06,32,2,,,18,,
2013/10/15,07,40,1,,,12,,
2013/10/15,08,41,3,,,20,,
2013/10/15,09,47,1,,,25,,
2013/10/15,10,57,6,,,27,,
2013/10/15,11,54,5,,,27,,
2013/10/15,12,56,4,,,28,,
2013/10/15,13,55,5,,,28,,
2013/10/15,14,61,7,,,28,,
2013/10/15,15,57,6,,,30,,
2013/10/15,16,52,4,,,27,,
2013/10/15,17,54,5,,,26,,
2013/10/15,18,48,3,,,25,,
2013/10/15,19,47,3,,,16,,
2013/10/15,20,40,1,,,23,,
2013/10/15,21,29,2,,,19,,
2013/10/15,22,25,1,,,15,,
2013/10/15,23,24,1,,,14,,
2013/10/15,24,24,1,,,13,,
2013/10/16,01,23,0,,,13,,
2013/10/16,02,22,1,,,14,,
2013/10/16,03,22,1,,,13,,
2013/10/16,04,21,1,,,11,,
2013/10/16,05,20,0,,,12,,
2013/10/16,06,25,0,,,15,,
2013/10/16,07,36,2,,,18,,
2013/10/16,08,36,0,,,20,,
2013/10/16,09,43,2,,,22,,
2013/10/16,10,50,1,,,24,,
2013/10/16,11,48,3,,,25,,
2013/10/16,12,48,1,,,25,,
2013/10/16,13,47,3,,,26,,
2013/10/16,14,52,2,,,27,,
2013/10/16,15,55,4,,,27,,
2013/10/16,16,51,3,,,27,,
2013/10/16,17,49,1,,,24,,
2013/10/16,18,42,2,,,22,,
2013/10/16,19,42,0,,,15,,
2013/10/16,20,40,2,,,20,,
2013/10/16,21,26,1,,,16,,
2013/10/16,22,25,1,,,13,,
2013/10/16,23,24,1,,,14,,
2013/10/16,24,20,1,,,11,,
2013/10/17,01,23,0,,,13,,
2013/10/17,02,21,1,,,12,,
2013/10/17,03,20,0,,,12,,
2013/10/17,04,20,1,,,10,,
2013/10/17,05,20,1,,,13,,
2013/10/17,06,25,0,,,14,,
2013/10/17,07,33,0,,,11,,
2013/10/17,08,34,1,,,18,,
2013/10/17,09,41,1,,,22,,
2013/10/17,10,50,0,,,25,,
2013/10/17,11,49,2,,,25,,
2013/10/17,12,49,1,,,26,,
2013/10/17,13,47,3,,,26,,
2013/10/17,14,52,3,,,25,,
2013/10/17,15,55,6,,,28,,
2013/10/17,16,49,2,,,27,,
2013/10/17,17,50,4,,,24,,
2013/10/17,18,45,2,,,25,,
2013/10/17,19,43,1,,,22,,
2013/10/17,20,37,1,,,20,,
2013/10/17,21,25,1,,,16,,
2013/10/17,22,24,0,,,14,,
2013/10/17,23,23,1,,,12,,
2013/10/17,24,19,1,,,12,,
2013/10/18,01,21,0,,,7,,
2013/10/18,02,20,1,,,11,,
2013/10/18,03,19,0,,,11,,
2013/10/18,04,19,1,,,12,,
2013/10/18,05,20,1,,,12,,
2013/10/18,06,24,0,,,12,,
2013/10/18,07,32,0,,,17,,
2013/10/18,08,34,0,,,16,,
2013/10/18,09,43,3,,,23,,
2013/10/18,10,48,0,,,25,,
2013/10/18,11,45,0,,,24,,
2013/10/18,12,47,1,,,24,,
2013/10/18,13,44,1,,,23,,
2013/10/18,14,52,1,,,27,,
2013/10/18,15,50,2,,,25,,
2013/10/18,16,46,2,,,25,,
2013/10/18,17,48,0,,,25,,
2013/10/18,18,45,0,,,26,,
2013/10/18,19,43,0,,,21,,
2013/10/18,20,34,2,,,19,,
2013/10/18,21,24,0,,,15,,
2013/10/18,22,23,0,,,14,,
2013/10/18,23,25,1,,,15,,
2013/10/18,24,21,1,,,13,,
2013/10/19,01,23,0,,,8,,
2013/10/19,02,21,0,,,13,,
2013/10/19,03,21,1,,,14,,
2013/10/19,04,21,1,,,14,,
2013/10/19,05,22,0,,,12,,
2013/10/19,06,26,1,,,14,,
2013/10/19,07,32,0,,,15,,
2013/10/19,08,34,1,,,17,,
2013/10/19,09,39,0,,,19,,
2013/10/19,10,42,1,,,21,,
2013/10/19,11,44,1,,,24,,
2013/10/19,12,44,0,,,22,,
2013/10/19,13,41,0,,,24,,
2013/10/19,14,47,2,,,22,,
2013/10/19,15,49,1,,,25,,
2013/10/19,16,44,2,,,23,,
2013/10/19,17,45,1,,,24,,
2013/10/19,18,41,0,,,22,,
2013/10/19,19,41,1,,,20,,
2013/10/19,20,40,0,,,22,,
2013/10/19,21,33,2,,,21,,
2013/10/19,22,28,1,,,15,,
2013/10/19,23,24,0,,,14,,
2013/10/19,24,22,2,,,14,,
2013/10/20,01,23,0,,,8,,
2013/10/20,02,21,0,,,13,,
2013/10/20,03,21,1,,,12,,
2013/10/20,04,21,1,,,14,,
2013/10/20,05,21,0,,,12,,
2013/10/20,06,24,0,,,13,,
2013/10/20,07,32,1,,,16,,
2013/10/20,08,34,1,,,15,,
2013/10/20,09,36,1,,,20,,
2013/10/20,10,44,0,,,21,,
2013/10/20,11,41,2,,,22,,
2013/10/20,12,42,0,,,21,,
2013/10/20,13,38,1,,,19,,
2013/10/20,14,43,0,,,21,,
2013/10/20,15,40,2,,,19,,
2013/10/20,16,41,0,,,19,,
2013/10/20,17,44,1,,,22,,
2013/10/20,18,36,1,,,18,,
2013/10/20,19,39,1,,,19,,
2013/10/20,20,32,0,,,18,,
2013/10/20,21,23,0,,,13,,
2013/10/20,22,22,1,,,12,,
2013/10/20,23,21,1,,,12,,
2013/10/20,24,22,1,,,11,,
2013/10/21,01,21,0,,,8,,
2013/10/21,02,19,1,,,11,,
2013/10/21,03,19,1,,,11,,
2013/10/21,04,19,0,,,10,,
2013/10/21,05,19,1,,,11,,
2013/10/21,06,26,0,,,15,,
2013/10/21,07,32,2,,,15,,
2013/10/21,08,32,0,,,17,,
2013/10/21,09,39,1,,,21,,
2013/10/21,10,51,2,,,25,,
2013/10/21,11,54,3,,,25,,
2013/10/21,12,48,1,,,25,,
2013/10/21,13,49,3,,,27,,
2013/10/21,14,57,3,,,27,,
2013/10/21,15,57,4,,,28,,
2013/10/21,16,52,3,,,29,,
2013/10/21,17,54,2,,,27,,
2013/10/21,18,47,3,,,27,,
2013/10/21,19,46,2,,,22,,
2013/10/21,20,34,1,,,19,,
2013/10/21,21,28,1,,,18,,
2013/10/21,22,26,1,,,13,,
2013/10/21,23,24,1,,,13,,
2013/10/21,24,20,1,,,11,,
2013/10/22,01,21,1,,,8,,
2013/10/22,02,20,1,,,11,,
2013/10/22,03,19,1,,,10,,
2013/10/22,04,20,1,,,10,,
2013/10/22,05,19,0,,,11,,
2013/10/22,06,24,1,,,13,,
2013/10/22,07,33,1,,,16,,
2013/10/22,08,35,1,,,16,,
2013/10/22,09,41,1,,,22,,
2013/10/22,10,52,2,,,24,,
2013/10/22,11,48,0,,,26,,
2013/10/22,12,50,2,,,25,,
2013/10/22,13,50,3,,,27,,
2013/10/22,14,55,3,,,27,,
2013/10/22,15,52,2,,,28,,
2013/10/22,16,48,4,,,25,,
2013/10/22,17,52,3,,,27,,
2013/10/22,18,45,1,,,26,,
2013/10/22,19,43,1,,,22,,
2013/10/22,20,34,1,,,18,,
2013/10/22,21,29,0,,,18,,
2013/10/22,22,22,0,,,12,,
2013/10/22,23,22,2,,,11,,
2013/10/22,24,21,0,,,11,,
2013/10/23,01,21,0,,,7,,
2013/10/23,02,20,1,,,12,,
2013/10/23,03,20,1,,,12,,
2013/10/23,04,20,0,,,11,,
2013/10/23,05,20,0,,,12,,
2013/10/23,06,25,1,,,13,,
2013/10/23,07,33,1,,,16,,
2013/10/23,08,33,0,,,17,,
2013/10/23,09,44,0,,,21,,
2013/10/23,10,47,2,,,24,,
2013/10/23,11,45,0,,,26,,
2013/10/23,12,47,1,,,26,,
2013/10/23,13,46,2,,,25,,
2013/10/23,14,53,1,,,28,,
2013/10/23,15,56,4,,,29,,
2013/10/23,16,48,1,,,26,,
2013/10/23,17,49,2,,,28,,
2013/10/23,18,43,0,,,24,,
2013/10/23,19,43,1,,,21,,
2013/10/23,20,33,0,,,18,,
2013/10/23,21,26,1,,,15,,
2013/10/23,22,25,0,,,13,,
2013/10/23,23,23,1,,,12,,
2013/10/23,24,22,1,,,13,,
2013/10/24,01,22,0,,,9,,
2013/10/24,02,22,0,,,12,,
2013/10/24,03,21,0,,,10,,
2013/10/24,04,21,2,,,13,,
2013/10/24,05,21,0,,,12,,
2013/10/24,06,26,0,,,14,,
2013/10/24,07,34,1,,,14,,
2013/10/24,08,35,1,,,18,,
2013/10/24,09,41,0,,,21,,
2013/10/24,10,50,1,,,25,,
2013/10/24,11,46,2,,,26,,
2013/10/24,12,50,1,,,26,,
2013/10/24,13,48,1,,,26,,
2013/10/24,14,55,3,,,28,,
2013/10/24,15,55,4,,,28,,
2013/10/24,16,47,2,,,25,,
2013/10/24,17,52,1,,,28,,
2013/10/24,18,46,3,,,24,,
2013/10/24,19,44,0,,,23,,
2013/10/24,20,35,0,,,20,,
2013/10/24,21,26,1,,,14,,
2013/10/24,22,26,1,,,15,,
2013/10/24,23,26,0,,,15,,
2013/10/24,24,23,0,,,12,,
2013/10/25,01,23,2,,,7,,
2013/10/25,02,22,0,,,12,,
2013/10/25,03,20,0,,,11,,
2013/10/25,04,20,0,,,11,,
2013/10/25,05,19,2,,,10,,
2013/10/25,06,24,0,,,12,,
2013/10/25,07,32,0,,,15,,
2013/10/25,08,34,1,,,18,,
2013/10/25,09,42,1,,,22,,
2013/10/25,10,47,0,,,24,,
2013/10/25,11,47,1,,,26,,
2013/10/25,12,50,1,,,25,,
2013/10/25,13,47,1,,,27,,
2013/10/25,14,51,0,,,26,,
2013/10/25,15,50,1,,,27,,
2013/10/25,16,49,1,,,25,,
2013/10/25,17,46,1,,,25,,
2013/10/25,18,45,0,,,25,,
2013/10/25,19,43,1,,,22,,
2013/10/25,20,37,2,,,22,,
2013/10/25,21,28,0,,,17,,
2013/10/25,22,24,0,,,13,,
2013/10/25,23,23,2,,,15,,
2013/10/25,24,22,0,,,13,,
2013/10/26,01,23,0,,,9,,
2013/10/26,02,22,0,,,14,,
2013/10/26,03,22,2,,,13,,
2013/10/26,04,22,0,,,13,,
2013/10/26,05,22,0,,,14,,
2013/10/26,06,25,1,,,13,,
2013/10/26,07,31,1,,,16,,
2013/10/26,08,32,0,,,14,,
2013/10/26,09,39,1,,,21,,
2013/10/26,10,42,0,,,21,,
2013/10/26,11,38,2,,,21,,
2013/10/26,12,42,0,,,21,,
2013/10/26,13,42,1,,,22,,
2013/10/26,14,47,1,,,22,,
2013/10/26,15,51,2,,,25,,
2013/10/26,16,46,2,,,24,,
2013/10/26,17,44,0,,,23,,
2013/10/26,18,41,1,,,23,,
2013/10/26,19,40,1,,,21,,
2013/10/26,20,32,0,,,16,,
2013/10/26,21,23,1,,,13,,
2013/10/26,22,23,0,,,13,,
2013/10/26,23,22,1,,,14,,
2013/10/26,24,20,0,,,11,,
2013/10/27,01,21,1,,,8,,
2013/10/27,02,20,0,,,12,,
2013/10/27,03,20,1,,,11,,
2013/10/27,04,20,1,,,12,,
2013/10/27,05,20,0,,,11,,
2013/10/27,06,24,0,,,13,,
2013/10/27,07,31,1,,,14,,
2013/10/27,08,33,1,,,16,,
2013/10/27,09,33,0,,,17,,
2013/10/27,10,41,0,,,17,,
2013/10/27,11,38,1,,,19,,
2013/10/27,12,38,1,,,18,,
2013/10/27,13,32,0,,,16,,
2013/10/27,14,38,1,,,18,,
2013/10/27,15,38,1,,,19,,
2013/10/27,16,37,2,,,19,,
2013/10/27,17,37,0,,,18,,
2013/10/27,18,33,1,,,16,,
2013/10/27,19,35,1,,,17,,
2013/10/27,20,33,0,,,18,,
2013/10/27,21,26,1,,,16,,
2013/10/27,22,24,0,,,14,,
2013/10/27,23,24,1,,,15,,
2013/10/27,24,21,0,,,12,,
2013/10/28,01,21,1,,,7,,
2013/10/28,02,19,1,,,11,,
2013/10/28,03,18,0,,,11,,
2013/10/28,04,20,0,,,10,,
2013/10/28,05,20,1,,,11,,
2013/10/28,06,22,1,,,13,,
2013/10/28,07,31,0,,,14,,
2013/10/28,08,33,0,,,18,,
2013/10/28,09,40,1,,,19,,
2013/10/28,10,49,2,,,24,,
2013/10/28,11,47,2,,,25,,
2013/10/28,12,46,1,,,23,,
2013/10/28,13,44,3,,,23,,
2013/10/28,14,50,3,,,24,,
2013/10/28,15,49,2,,,25,,
2013/10/28,16,41,0,,,24,,
2013/10/28,17,44,2,,,24,,
2013/10/28,18,40,0,,,20,,
2013/10/28,19,40,0,,,23,,
2013/10/28,20,34,1,,,20,,
2013/10/28,21,25,1,,,14,,
2013/10/28,22,23,0,,,11,,
2013/10/28,23,21,0,,,11,,
2013/10/28,24,19,2,,,10,,
2013/10/29,01,19,0,,,11,,
2013/10/29,02,18,0,,,10,,
2013/10/29,03,18,0,,,10,,
2013/10/29,04,18,2,,,9,,
2013/10/29,05,18,0,,,10,,
2013/10/29,06,22,0,,,12,,
2013/10/29,07,31,1,,,14,,
2013/10/29,08,34,1,,,17,,
2013/10/29,09,40,0,,,22,,
2013/10/29,10,50,2,,,25,,
2013/10/29,11,50,3,,,26,,
2013/10/29,12,53,3,,,24,,
2013/10/29,13,47,2,,,16,,
2013/10/29,14,52,2,,,28,,
2013/10/29,15,49,1,,,27,,
2013/10/29,16,46,1,,,26,,
2013/10/29,17,48,1,,,25,,
2013/10/29,18,41,1,,,24,,
2013/10/29,19,43,0,,,25,,
2013/10/29,20,35,1,,,19,,
2013/10/29,21,25,0,,,15,,
2013/10/29,22,24,1,,,13,,
2013/10/29,23,22,0,,,12,,
2013/10/29,24,20,1,,,13,,
2013/10/30,01,21,1,,,8,,
2013/10/30,02,19,0,,,10,,
2013/10/30,03,19,1,,,11,,
2013/10/30,04,19,0,,,11,,
2013/10/30,05,19,1,,,11,,
2013/10/30,06,23,0,,,11,,
2013/10/30,07,29,1,,,14,,
2013/10/30,08,31,0,,,15,,
2013/10/30,09,38,1,,,20,,
2013/10/30,10,46,0,,,22,,
2013/10/30,11,47,1,,,23,,
2013/10/30,12,46,1,,,23,,
2013/10/30,13,44,1,,,21,,
2013/10/30,14,50,2,,,26,,
2013/10/30,15,48,2,,,23,,
2013/10/30,16,43,1,,,24,,
2013/10/30,17,47,1,,,26,,
2013/10/30,18,41,0,,,22,,
2013/10/30,19,42,1,,,22,,
2013/10/30,20,34,1,,,21,,
2013/10/30,21,27,0,,,17,,
2013/10/30,22,26,0,,,16,,
2013/10/30,23,24,1,,,14,,
2013/10/30,24,21,1,,,12,,
2013/10/31,01,20,0,,,8,,
2013/10/31,02,19,0,,,10,,
2013/10/31,03,20,2,,,11,,
2013/10/31,04,21,0,,,11,,
2013/10/31,05,20,0,,,12,,
2013/10/31,06,24,1,,,12,,
2013/10/31,07,32,1,,,16,,
2013/10/31,08,33,0,,,17,,
2013/10/31,09,42,0,,,22,,
2013/10/31,10,49,1,,,25,,
2013/10/31,11,49,1,,,24,,
2013/10/31,12,48,1,,,24,,
2013/10/31,13,45,1,,,25,,
2013/10/31,14,54,2,,,26,,
2013/10/31,15,50,3,,,26,,
2013/10/31,16,43,1,,,25,,
2013/10/31,17,45,0,,,26,,
2013/10/31,18,43,2,,,23,,
2013/10/31,19,39,0,,,20,,
2013/10/31,20,33,0,,,17,,
2013/10/31,21,24,0,,,14,,
2013/10/31,22,23,2,,,13,,
2013/10/31,23,24,0,,,13,,
2013/10/31,24,22,0,,,12,,
2013/11/01,01,22,1,,,9,,
2013/11/01,02,21,1,,,13,,
2013/11/01,03,21,0,,,12,,
2013/11/01,04,20,1,,,11,,
2013/11/01,05,20,0,,,11,,
2013/11/01,06,25,1,,,14,,
2013/11/01,07,31,1,,,15,,
2013/11/01,08,32,0,,,16,,
2013/11/01,09,39,0,,,22,,
2013/11/01,10,48,1,,,22,,
2013/11/01,11,45,1,,,24,,
2013/11/01,12,48,1,,,23,,
2013/11/01,13,45,1,,,25,,
2013/11/01,14,52,3,,,25,,
2013/11/01,15,51,3,,,24,,
2013/11/01,16,46,0,,,25,,
2013/11/01,17,47,2,,,26,,
2013/11/01,18,42,0,,,24,,
2013/11/01,19,44,0,,,22,,
2013/11/01,20,36,1,,,22,,
2013/11/01,21,29,1,,,17,,
2013/11/01,22,27,0,,,18,,
2013/11/01,23,26,1,,,15,,
2013/11/01,24,20,0,,,11,,
2013/11/02,01,20,1,,,5,,
2013/11/02,02,19,1,,,12,,
2013/11/02,03,18,0,,,11,,
2013/11/02,04,19,0,,,10,,
2013/11/02,05,19,1,,,11,,
2013/11/02,06,20,1,,,12,,
2013/11/02,07,29,0,,,14,,
2013/11/02,08,33,0,,,17,,
2013/11/02,09,36,2,,,19,,
2013/11/02,10,45,0,,,21,,
2013/11/02,11,43,0,,,21,,
2013/11/02,12,44,0,,,22,,
2013/11/02,13,42,3,,,22,,
2013/11/02,14,50,1,,,24,,
2013/11/02,15,50,2,,,27,,
2013/11/02,16,45,1,,,24,,
2013/11/02,17,39,1,,,22,,
2013/11/02,18,40,1,,,19,,
2013/11/02,19,40,0,,,21,,
2013/11/02,20,33,1,,,16,,
2013/11/02,21,25,0,,,16,,
2013/11/02,22,26,1,,,17,,
2013/11/02,23,24,0,,,12,,
2013/11/02,24,23,1,,,15,,
2013/11/03,01,23,0,,,11,,
2013/11/03,02,20,1,,,10,,
2013/11/03,03,19,0,,,10,,
2013/11/03,04,19,1,,,11,,
2013/11/03,05,19,0,,,11,,
2013/11/03,06,21,1,,,12,,
2013/11/03,07,29,1,,,15,,
2013/11/03,08,33,0,,,16,,
2013/11/03,09,33,1,,,18,,
2013/11/03,10,43,0,,,20,,
2013/11/03,11,41,1,,,20,,
2013/11/03,12,42,0,,,24,,
2013/11/03,13,37,1,,,19,,
2013/11/03,14,42,1,,,20,,
2013/11/03,15,40,0,,,23,,
2013/11/03,16,38,0,,,21,,
2013/11/03,17,40,1,,,21,,
2013/11/03,18,40,1,,,23,,
2013/11/03,19,42,0,,,21,,
2013/11/03,20,36,0,,,21,,
2013/11/03,21,30,1,,,20,,
2013/11/03,22,30,1,,,19,,
2013/11/03,23,30,0,,,20,,
2013/11/03,24,26,0,,,17,,
2013/11/04,01,21,2,,,8,,
2013/11/04,02,20,0,,,11,,
2013/11/04,03,19,0,,,11,,
2013/11/04,04,19,0,,,11,,
2013/11/04,05,19,2,,,11,,
2013/11/04,06,23,0,,,13,,
2013/11/04,07,30,0,,,12,,
2013/11/04,08,31,1,,,15,,
2013/11/04,09,39,1,,,20,,
2013/11/04,10,46,0,,,24,,
2013/11/04,11,44,0,,,22,,
2013/11/04,12,46,1,,,24,,
2013/11/04,13,43,1,,,23,,
2013/11/04,14,47,0,,,23,,
2013/11/04,15,46,1,,,23,,
2013/11/04,16,43,1,,,25,,
2013/11/04,17,44,0,,,23,,
2013/11/04,18,42,1,,,22,,
2013/11/04,19,39,1,,,19,,
2013/11/04,20,33,0,,,19,,
2013/11/04,21,27,0,,,18,,
2013/11/04,22,25,1,,,15,,
2013/11/04,23,23,1,,,12,,
2013/11/04,24,21,0,,,11,,
2013/11/05,01,21,0,,,7,,
2013/11/05,02,20,1,,,12,,
2013/11/05,03,19,1,,,11,,
2013/11/05,04,19,0,,,11,,
2013/11/05,05,19,0,,,11,,
2013/11/05,06,21,2,,,12,,
2013/11/05,07,30,0,,,15,,
2013/11/05,08,32,0,,,17,,
2013/11/05,09,40,0,,,18,,
2013/11/05,10,46,2,,,24,,
2013/11/05,11,45,1,,,23,,
2013/11/05,12,49,1,,,23,,
2013/11/05,13,43,3,,,23,,
2013/11/05,14,51,1,,,25,,
2013/11/05,15,48,0,,,24,,
2013/11/05,16,46,0,,,23,,
2013/11/05,17,45,2,,,24,,
2013/11/05,18,40,0,,,23,,
2013/11/05,19,42,0,,,21,,
2013/11/05,20,33,0,,,19,,
2013/11/05,21,26,2,,,15,,
2013/11/05,22,23,0,,,13,,
2013/11/05,23,22,0,,,12,,
2013/11/05,24,19,2,,,9,,
2013/11/06,01,19,0,,,7,,
2013/11/06,02,18,0,,,8,,
2013/11/06,03,17,1,,,11,,
2013/11/06,04,18,1,,,10,,
2013/11/06,05,18,0,,,10,,
2013/11/06,06,21,0,,,11,,
2013/11/06,07,30,1,,,14,,
2013/11/06,08,30,1,,,13,,
2013/11/06,09,38,0,,,20,,
2013/11/06,10,46,0,,,22,,
2013/11/06,11,42,1,,,20,,
2013/11/06,12,42,1,,,22,,
2013/11/06,13,40,0,,,23,,
2013/11/06,14,46,0,,,24,,
2013/11/06,15,48,5,,,24,,
2013/11/06,16,44,0,,,24,,
2013/11/06,17,44,0,,,26,,
2013/11/06,18,41,1,,,22,,
2013/11/06,19,41,1,,,23,,
2013/11/06,20,39,0,,,21,,
2013/11/06,21,26,0,,,18,,
2013/11/06,22,22,1,,,12,,
2013/11/06,23,22,1,,,10,,
2013/11/06,24,20,0,,,10,,
2013/11/07,01,20,0,,,7,,
2013/11/07,02,18,1,,,10,,
2013/11/07,03,18,1,,,10,,
2013/11/07,04,18,0,,,9,,
2013/11/07,05,18,1,,,12,,
2013/11/07,06,23,0,,,11,,
2013/11/07,07,31,1,,,15,,
2013/11/07,08,33,0,,,17,,
2013/11/07,09,39,1,,,19,,
2013/11/07,10,48,0,,,25,,
2013/11/07,11,47,0,,,26,,
2013/11/07,12,47,1,,,23,,
2013/11/07,13,44,1,,,24,,
2013/11/07,14,49,1,,,24,,
2013/11/07,15,51,2,,,27,,
2013/11/07,16,46,1,,,25,,
2013/11/07,17,49,0,,,25,,
2013/11/07,18,44,1,,,24,,
2013/11/07,19,44,0,,,24,,
2013/11/07,20,35,1,,,19,,
2013/11/07,21,27,0,,,17,,
2013/11/07,22,27,1,,,16,,
2013/11/07,23,24,1,,,12,,
2013/11/07,24,22,0,,,16,,
2013/11/08,01,21,0,,,7,,
2013/11/08,02,19,1,,,11,,
2013/11/08,03,18,1,,,10,,
2013/11/08,04,18,0,,,9,,
2013/11/08,05,18,0,,,10,,
2013/11/08,06,23,1,,,12,,
2013/11/08,07,30,1,,,15,,
2013/11/08,08,33,0,,,17,,
2013/11/08,09,41,0,,,20,,
2013/11/08,10,47,1,,,23,,
2013/11/08,11,47,1,,,25,,
2013/11/08,12,48,0,,,23,,
2013/11/08,13,44,1,,,24,,
2013/11/08,14,50,2,,,25,,
2013/11/08,15,47,0,,,25,,
2013/11/08,16,47,0,,,24,,
2013/11/08,17,49,0,,,26,,
2013/11/08,18,46,2,,,26,,
2013/11/08,19,42,0,,,22,,
2013/11/08,20,34,0,,,18,,
2013/11/08,21,23,1,,,17,,
2013/11/08,22,22,1,,,13,,
2013/11/08,23,23,0,,,12,,
2013/11/08,24,21,0,,,11,,
2013/11/09,01,22,0,,,8,,
2013/11/09,02,20,1,,,11,,
2013/11/09,03,21,0,,,13,,
2013/11/09,04,20,1,,,12,,
2013/11/09,05,20,0,,,12,,
2013/11/09,06,21,1,,,14,,
2013/11/09,07,30,0,,,14,,
2013/11/09,08,33,1,,,18,,
2013/11/09,09,38,1,,,20,,
2013/11/09,10,43,0,,,22,,
2013/11/09,11,45,0,,,21,,
2013/11/09,12,44,1,,,23,,
2013/11/09,13,43,1,,,23,,
2013/11/09,14,48,0,,,24,,
2013/11/09,15,47,3,,,24,,
2013/11/09,16,44,1,,,25,,
2013/11/09,17,45,1,,,24,,
2013/11/09,18,40,0,,,22,,
2013/11/09,19,39,1,,,21,,
2013/11/09,20,31,1,,,16,,
2013/11/09,21,25,0,,,15,,
2013/11/09,22,22,0,,,13,,
2013/11/09,23,22,1,,,11,,
2013/11/09,24,20,1,,,12,,
2013/11/10,01,22,0,,,13,,
2013/11/10,02,20,1,,,11,,
2013/11/10,03,20,0,,,12,,
2013/11/10,04,20,1,,,11,,
2013/11/10,05,19,0,,,10,,
2013/11/10,06,23,1,,,13,,
2013/11/10,07,32,0,,,15,,
2013/11/10,08,31,1,,,15,,
2013/11/10,09,30,1,,,16,,
2013/11/10,10,40,0,,,19,,
2013/11/10,11,42,0,,,20,,
2013/11/10,12,41,1,,,20,,
2013/11/10,13,36,1,,,18,,
2013/11/10,14,40,0,,,19,,
2013/11/10,15,41,0,,,22,,
2013/11/10,16,39,1,,,20,,
2013/11/10,17,41,1,,,22,,
2013/11/10,18,37,0,,,19,,
2013/11/10,19,39,0,,,20,,
2013/11/10,20,31,2,,,17,,
2013/11/10,21,24,0,,,15,,
2013/11/10,22,23,0,,,13,,
2013/11/10,23,22,0,,,13,,
2013/11/10,24,21,2,,,12,,
2013/11/11,01,22,0,,,13,,
2013/11/11,02,20,0,,,12,,
2013/11/11,03,20,0,,,12,,
2013/11/11,04,21,2,,,11,,
2013/11/11,05,21,0,,,13,,
2013/11/11,06,25,0,,,13,,
2013/11/11,07,30,1,,,15,,
2013/11/11,08,34,1,,,17,,
2013/11/11,09,40,0,,,23,,
2013/11/11,10,48,2,,,24,,
2013/11/11,11,43,1,,,24,,
2013/11/11,12,46,1,,,24,,
2013/11/11,13,42,0,,,17,,
2013/11/11,14,48,2,,,26,,
2013/11/11,15,45,0,,,27,,
2013/11/11,16,44,1,,,26,,
2013/11/11,17,45,0,,,25,,
2013/11/11,18,41,2,,,25,,
2013/11/11,19,41,0,,,23,,
2013/11/11,20,31,0,,,18,,
2013/11/11,21,25,1,,,16,,
2013/11/11,22,23,1,,,11,,
2013/11/11,23,22,0,,,14,,
2013/11/11,24,20,0,,,11,,
2013/11/12,01,21,2,,,10,,
2013/11/12,02,20,0,,,12,,
2013/11/12,03,19,0,,,13,,
2013/11/12,04,19,0,,,11,,
2013/11/12,05,20,2,,,12,,
2013/11/12,06,24,0,,,13,,
2013/11/12,07,33,2,,,14,,
2013/11/12,08,34,1,,,16,,
2013/11/12,09,40,2,,,23,,
2013/11/12,10,52,5,,,24,,
2013/11/12,11,50,7,,,24,,
2013/11/12,12,50,5,,,24,,
2013/11/12,13,47,3,,,16,,
2013/11/12,14,50,3,,,27,,
2013/11/12,15,48,0,,,26,,
2013/11/12,16,44,1,,,25,,
2013/11/12,17,47,1,,,26,,
2013/11/12,18,41,0,,,23,,
2013/11/12,19,41,1,,,24,,
2013/11/12,20,36,1,,,20,,
2013/11/12,21,26,0,,,17,,
2013/11/12,22,24,1,,,14,,
2013/11/12,23,23,0,,,12,,
2013/11/12,24,20,1,,,13,,
2013/11/13,01,21,0,,,9,,
2013/11/13,02,19,1,,,9,,
2013/11/13,03,19,1,,,12,,
2013/11/13,04,19,0,,,12,,
2013/11/13,05,22,2,,,10,,
2013/11/13,06,31,7,,,15,,
2013/11/13,07,41,9,,,17,,
2013/11/13,08,51,15,,,19,,
2013/11/13,09,55,13,,,25,,
2013/11/13,10,63,14,,,27,,
2013/11/13,11,60,15,,,27,,
2013/11/13,12,60,13,,,27,,
2013/11/13,13,54,8,,,17,,
2013/11/13,14,62,14,,,30,,
2013/11/13,15,56,11,,,26,,
2013/11/13,16,50,8,,,28,,
2013/11/13,17,55,9,,,27,,
2013/11/13,18,45,5,,,25,,
2013/11/13,19,49,8,,,24,,
2013/11/13,20,55,16,,,23,,
2013/11/13,21,43,14,,,19,,
2013/11/13,22,39,10,,,18,,
2013/11/13,23,38,12,,,18,,
2013/11/13,24,39,13,,,16,,
2013/11/14,01,37,7,,,11,,
2013/11/14,02,36,13,,,14,,
2013/11/14,03,36,11,,,17,,
2013/11/14,04,37,12,,,16,,
2013/11/14,05,36,11,,,16,,
2013/11/14,06,41,14,,,16,,
2013/11/14,07,47,12,,,19,,
2013/11/14,08,46,12,,,22,,
2013/11/14,09,54,11,,,23,,
2013/11/14,10,64,15,,,26,,
2013/11/14,11,58,14,,,27,,
2013/11/14,12,55,8,,,27,,
2013/11/14,13,48,6,,,26,,
2013/11/14,14,54,4,,,27,,
2013/11/14,15,52,5,,,28,,
2013/11/14,16,53,8,,,27,,
2013/11/14,17,48,3,,,27,,
2013/11/14,18,43,4,,,25,,
2013/11/14,19,38,0,,,22,,
2013/11/14,20,34,0,,,20,,
2013/11/14,21,28,2,,,18,,
2013/11/14,22,26,0,,,17,,
2013/11/14,23,24,0,,,14,,
2013/11/14,24,22,1,,,13,,
2013/11/15,01,22,0,,,8,,
2013/11/15,02,21,0,,,12,,
2013/11/15,03,25,4,,,12,,
2013/11/15,04,27,6,,,13,,
2013/11/15,05,32,10,,,15,,
2013/11/15,06,33,8,,,15,,
2013/11/15,07,37,7,,,16,,
2013/11/15,08,41,7,,,18,,
2013/11/15,09,46,6,,,23,,
2013/11/15,10,53,6,,,27,,
2013/11/15,11,51,5,,,27,,
2013/11/15,12,55,8,,,25,,
2013/11/15,13,47,2,,,25,,
2013/11/15,14,48,2,,,26,,
2013/11/15,15,46,0,,,26,,
2013/11/15,16,50,4,,,26,,
2013/11/15,17,49,4,,,24,,
2013/11/15,18,40,1,,,23,,
2013/11/15,19,41,0,,,23,,
2013/11/15,20,35,1,,,21,,
2013/11/15,21,28,1,,,18,,
2013/11/15,22,27,0,,,17,,
2013/11/15,23,26,1,,,15,,
2013/11/15,24,21,1,,,14,,
2013/11/16,01,21,0,,,9,,
2013/11/16,02,19,0,,,9,,
2013/11/16,03,19,1,,,12,,
2013/11/16,04,19,1,,,10,,
2013/11/16,05,19,0,,,11,,
2013/11/16,06,22,1,,,13,,
2013/11/16,07,33,1,,,15,,
2013/11/16,08,32,0,,,15,,
2013/11/16,09,35,0,,,22,,
2013/11/16,10,46,4,,,22,,
2013/11/16,11,38,1,,,21,,
2013/11/16,12,39,0,,,20,,
2013/11/16,13,39,0,,,23,,
2013/11/16,14,44,2,,,24,,
2013/11/16,15,44,0,,,23,,
2013/11/16,16,40,1,,,23,,
2013/11/16,17,44,1,,,22,,
2013/11/16,18,40,0,,,22,,
2013/11/16,19,42,0,,,20,,
2013/11/16,20,32,2,,,19,,
2013/11/16,21,28,3,,,15,,
2013/11/16,22,25,2,,,12,,
2013/11/16,23,25,3,,,14,,
2013/11/16,24,23,3,,,12,,
2013/11/17,01,23,2,,,7,,
2013/11/17,02,23,4,,,12,,
2013/11/17,03,21,2,,,10,,
2013/11/17,04,21,3,,,11,,
2013/11/17,05,22,3,,,13,,
2013/11/17,06,26,3,,,11,,
2013/11/17,07,36,5,,,15,,
2013/11/17,08,35,4,,,18,,
2013/11/17,09,34,3,,,18,,
2013/11/17,10,42,4,,,18,,
2013/11/17,11,39,3,,,19,,
2013/11/17,12,41,2,,,19,,
2013/11/17,13,33,2,,,18,,
2013/11/17,14,40,3,,,20,,
2013/11/17,15,40,3,,,20,,
2013/11/17,16,35,3,,,19,,
2013/11/17,17,41,2,,,19,,
2013/11/17,18,37,2,,,21,,
2013/11/17,19,38,2,,,20,,
2013/11/17,20,35,3,,,17,,
2013/11/17,21,27,2,,,15,,
2013/11/17,22,26,3,,,16,,
2013/11/17,23,30,5,,,14,,
2013/11/17,24,30,8,,,12,,
2013/11/18,01,30,5,,,10,,
2013/11/18,02,29,9,,,13,,
2013/11/18,03,29,8,,,13,,
2013/11/18,04,30,8,,,14,,
2013/11/18,05,29,9,,,14,,
2013/11/18,06,34,8,,,15,,
2013/11/18,07,40,9,,,18,,
2013/11/18,08,39,5,,,19,,
2013/11/18,09,38,4,,,22,,
2013/11/18,10,51,5,,,24,,
2013/11/18,11,50,7,,,25,,
2013/11/18,12,51,6,,,24,,
2013/11/18,13,47,6,,,25,,
2013/11/18,14,52,3,,,26,,
2013/11/18,15,50,4,,,26,,
2013/11/18,16,49,6,,,27,,
2013/11/18,17,50,6,,,25,,
2013/11/18,18,49,6,,,25,,
2013/11/18,19,42,3,,,22,,
2013/11/18,20,36,2,,,18,,
2013/11/18,21,27,4,,,17,,
2013/11/18,22,26,2,,,14,,
2013/11/18,23,27,2,,,14,,
2013/11/18,24,26,5,,,14,,
2013/11/19,01,25,2,,,8,,
2013/11/19,02,24,3,,,12,,
2013/11/19,03,23,3,,,13,,
2013/11/19,04,24,6,,,12,,
2013/11/19,05,22,3,,,11,,
2013/11/19,06,26,3,,,15,,
2013/11/19,07,32,5,,,15,,
2013/11/19,08,37,5,,,18,,
2013/11/19,09,43,6,,,21,,
2013/11/19,10,57,11,,,25,,
2013/11/19,11,54,13,,,26,,
2013/11/19,12,56,9,,,24,,
2013/11/19,13,49,8,,,26,,
2013/11/19,14,56,8,,,25,,
2013/11/19,15,50,6,,,27,,
2013/11/19,16,51,8,,,24,,
2013/11/19,17,51,6,,,25,,
2013/11/19,18,46,6,,,25,,
2013/11/19,19,44,4,,,21,,
2013/11/19,20,39,3,,,23,,
2013/11/19,21,32,3,,,19,,
2013/11/19,22,32,4,,,18,,
2013/11/19,23,27,3,,,13,,
2013/11/19,24,25,3,,,13,,
2013/11/20,01,34,9,,,9,,
2013/11/20,02,32,10,,,14,,
2013/11/20,03,31,10,,,13,,
2013/11/20,04,34,13,,,15,,
2013/11/20,05,32,11,,,13,,
2013/11/20,06,34,9,,,14,,
2013/11/20,07,34,5,,,17,,
2013/11/20,08,34,3,,,18,,
2013/11/20,09,44,7,,,22,,
2013/11/20,10,52,8,,,23,,
2013/11/20,11,60,18,,,25,,
2013/11/20,12,64,18,,,25,,
2013/11/20,13,60,16,,,26,,
2013/11/20,14,60,13,,,26,,
2013/11/20,15,58,10,,,29,,
2013/11/20,16,57,14,,,26,,
2013/11/20,17,57,14,,,25,,
2013/11/20,18,58,17,,,24,,
2013/11/20,19,54,15,,,24,,
2013/11/20,20,50,14,,,22,,
2013/11/20,21,39,12,,,18,,
2013/11/20,22,38,12,,,16,,
2013/11/20,23,40,13,,,16,,
2013/11/20,24,36,13,,,16,,
2013/11/21,01,37,8,,,9,,
2013/11/21,02,38,14,,,15,,
2013/11/21,03,35,12,,,14,,
2013/11/21,04,35,12,,,16,,
2013/11/21,05,35,13,,,13,,
2013/11/21,06,36,12,,,15,,
2013/11/21,07,42,12,,,17,,
2013/11/21,08,48,17,,,19,,
2013/11/21,09,53,13,,,22,,
2013/11/21,10,55,8,,,27,,
2013/11/21,11,50,9,,,23,,
2013/11/21,12,52,5,,,24,,
2013/11/21,13,44,5,,,26,,
2013/11/21,14,54,9,,,24,,
2013/11/21,15,51,6,,,25,,
2013/11/21,16,45,2,,,26,,
2013/11/21,17,46,2,,,23,,
2013/11/21,18,41,4,,,23,,
2013/11/21,19,43,3,,,22,,
2013/11/21,20,37,2,,,20,,
2013/11/21,21,28,4,,,17,,
2013/11/21,22,27,5,,,12,,
2013/11/21,23,25,3,,,12,,
2013/11/21,24,21,3,,,11,,
2013/11/22,01,22,2,,,7,,
2013/11/22,02,21,3,,,10,,
2013/11/22,03,21,3,,,10,,
2013/11/22,04,25,6,,,12,,
2013/11/22,05,22,3,,,10,,
2013/11/22,06,26,3,,,15,,
2013/11/22,07,32,4,,,16,,
2013/11/22,08,34,3,,,18,,
2013/11/22,09,44,6,,,23,,
2013/11/22,10,55,8,,,25,,
2013/11/22,11,48,5,,,26,,
2013/11/22,12,53,7,,,23,,
2013/11/22,13,49,7,,,24,,
2013/11/22,14,54,7,,,26,,
2013/11/22,15,52,4,,,28,,
2013/11/22,16,53,5,,,25,,
2013/11/22,17,57,9,,,26,,
2013/11/22,18,49,7,,,25,,
2013/11/22,19,49,6,,,25,,
2013/11/22,20,39,3,,,20,,
2013/11/22,21,30,3,,,19,,
2013/11/22,22,31,4,,,17,,
2013/11/22,23,31,5,,,17,,
2013/11/22,24,31,7,,,17,,
2013/11/23,01,28,2,,,8,,
2013/11/23,02,26,4,,,16,,
2013/11/23,03,25,3,,,14,,
2013/11/23,04,28,6,,,13,,
2013/11/23,05,28,8,,,14,,
2013/11/23,06,31,7,,,15,,
2013/11/23,07,39,8,,,16,,
2013/11/23,08,35,6,,,18,,
2013/11/23,09,42,8,,,22,,
2013/11/23,10,48,6,,,22,,
2013/11/23,11,53,9,,,23,,
2013/11/23,12,53,9,,,23,,
2013/11/23,13,48,9,,,25,,
2013/11/23,14,52,7,,,23,,
2013/11/23,15,54,9,,,26,,
2013/11/23,16,54,11,,,27,,
2013/11/23,17,54,14,,,24,,
2013/11/23,18,50,13,,,25,,
2013/11/23,19,49,9,,,23,,
2013/11/23,20,37,5,,,18,,
2013/11/23,21,36,11,,,18,,
2013/11/23,22,33,9,,,14,,
2013/11/23,23,33,9,,,16,,
2013/11/23,24,35,12,,,15,,
2013/11/24,01,32,7,,,8,,
2013/11/24,02,33,10,,,14,,
2013/11/24,03,32,10,,,14,,
2013/11/24,04,32,10,,,15,,
2013/11/24,05,34,12,,,13,,
2013/11/24,06,35,10,,,16,,
2013/11/24,07,44,12,,,19,,
2013/11/24,08,46,14,,,20,,
2013/11/24,09,47,12,,,19,,
2013/11/24,10,46,6,,,20,,
2013/11/24,11,41,5,,,20,,
2013/11/24,12,45,5,,,19,,
2013/11/24,13,38,5,,,19,,
2013/11/24,14,47,5,,,20,,
2013/11/24,15,42,4,,,20,,
2013/11/24,16,41,6,,,22,,
2013/11/24,17,41,4,,,21,,
2013/11/24,18,38,5,,,20,,
2013/11/24,19,41,3,,,22,,
2013/11/24,20,35,3,,,18,,
2013/11/24,21,25,3,,,14,,
2013/11/24,22,26,3,,,13,,
2013/11/24,23,26,3,,,14,,
2013/11/24,24,25,4,,,12,,
2013/11/25,01,24,2,,,7,,
2013/11/25,02,24,5,,,13,,
2013/11/25,03,24,3,,,13,,
2013/11/25,04,26,6,,,12,,
2013/11/25,05,25,7,,,12,,
2013/11/25,06,25,3,,,15,,
2013/11/25,07,30,0,,,14,,
2013/11/25,08,34,0,,,20,,
2013/11/25,09,40,3,,,23,,
2013/11/25,10,50,3,,,26,,
2013/11/25,11,50,3,,,28,,
2013/11/25,12,55,8,,,28,,
2013/11/25,13,50,6,,,26,,
2013/11/25,14,52,2,,,27,,
2013/11/25,15,59,10,,,28,,
2013/11/25,16,59,11,,,27,,
2013/11/25,17,55,8,,,29,,
2013/11/25,18,55,9,,,28,,
2013/11/25,19,55,9,,,23,,
2013/11/25,20,49,11,,,24,,
2013/11/25,21,36,9,,,18,,
2013/11/25,22,35,10,,,17,,
2013/11/25,23,33,10,,,13,,
2013/11/25,24,31,10,,,14,,
2013/11/26,01,31,6,,,10,,
2013/11/26,02,29,8,,,12,,
2013/11/26,03,30,11,,,14,,
2013/11/26,04,32,11,,,13,,
2013/11/26,05,30,9,,,12,,
2013/11/26,06,34,11,,,15,,
2013/11/26,07,40,9,,,17,,
2013/11/26,08,43,11,,,19,,
2013/11/26,09,53,13,,,24,,
2013/11/26,10,60,12,,,25,,
2013/11/26,11,57,11,,,26,,
2013/11/26,12,64,14,,,26,,
2013/11/26,13,57,12,,,26,,
2013/11/26,14,57,11,,,27,,
2013/11/26,15,59,8,,,28,,
2013/11/26,16,56,8,,,27,,
2013/11/26,17,56,10,,,25,,
2013/11/26,18,51,7,,,27,,
2013/11/26,19,45,6,,,24,,
2013/11/26,20,43,4,,,22,,
2013/11/26,21,36,7,,,20,,
2013/11/26,22,30,3,,,18,,
2013/11/26,23,28,0,,,19,,
2013/11/26,24,26,1,,,16,,
2013/11/27,01,25,0,,,10,,
2013/11/27,02,24,1,,,16,,
2013/11/27,03,23,1,,,15,,
2013/11/27,04,29,7,,,13,,
2013/11/27,05,27,7,,,14,,
2013/11/27,06,32,7,,,14,,
2013/11/27,07,39,7,,,18,,
2013/11/27,08,38,5,,,19,,
2013/11/27,09,44,7,,,23,,
2013/11/27,10,50,5,,,23,,
2013/11/27,11,48,6,,,23,,
2013/11/27,12,56,10,,,26,,
2013/11/27,13,50,10,,,24,,
2013/11/27,14,55,8,,,27,,
2013/11/27,15,51,4,,,27,,
2013/11/27,16,47,2,,,25,,
2013/11/27,17,52,8,,,27,,
2013/11/27,18,47,6,,,26,,
2013/11/27,19,47,7,,,24,,
2013/11/27,20,39,4,,,19,,
2013/11/27,21,33,7,,,17,,
2013/11/27,22,29,5,,,15,,
2013/11/27,23,30,7,,,13,,
2013/11/27,24,28,5,,,14,,
2013/11/28,01,27,3,,,9,,
2013/11/28,02,28,7,,,14,,
2013/11/28,03,27,6,,,13,,
2013/11/28,04,27,6,,,13,,
2013/11/28,05,28,6,,,14,,
2013/11/28,06,29,6,,,14,,
2013/11/28,07,37,7,,,16,,
2013/11/28,08,41,5,,,20,,
2013/11/28,09,49,12,,,22,,
2013/11/28,10,58,12,,,26,,
2013/11/28,11,55,11,,,24,,
2013/11/28,12,45,4,,,24,,
2013/11/28,13,44,7,,,24,,
2013/11/28,14,55,7,,,26,,
2013/11/28,15,49,6,,,25,,
2013/11/28,16,60,14,,,26,,
2013/11/28,17,62,17,,,26,,
2013/11/28,18,58,17,,,27,,
2013/11/28,19,57,16,,,26,,
2013/11/28,20,47,12,,,21,,
2013/11/28,21,44,14,,,20,,
2013/11/28,22,41,15,,,16,,
2013/11/28,23,39,13,,,16,,
2013/11/28,24,41,18,,,16,,
2013/11/29,01,38,10,,,10,,
2013/11/29,02,37,14,,,13,,
2013/11/29,03,38,17,,,16,,
2013/11/29,04,35,13,,,14,,
2013/11/29,05,37,14,,,14,,
2013/11/29,06,40,15,,,17,,
2013/11/29,07,39,9,,,16,,
2013/11/29,08,40,9,,,18,,
2013/11/29,09,54,15,,,23,,
2013/11/29,10,64,17,,,28,,
2013/11/29,11,62,15,,,26,,
2013/11/29,12,63,16,,,26,,
2013/11/29,13,58,15,,,27,,
2013/11/29,14,67,16,,,28,,
2013/11/29,15,55,9,,,25,,
2013/11/29,16,57,10,,,28,,
2013/11/29,17,52,6,,,27,,
2013/11/29,18,44,5,,,25,,
2013/11/29,19,44,5,,,22,,
2013/11/29,20,42,5,,,22,,
2013/11/29,21,40,10,,,20,,
2013/11/29,22,36,9,,,19,,
2013/11/29,23,35,9,,,15,,
2013/11/29,24,31,7,,,17,,
2013/11/30,01,35,9,,,10,,
2013/11/30,02,30,7,,,15,,
2013/11/30,03,31,10,,,14,,
2013/11/30,04,29,8,,,14,,
2013/11/30,05,30,9,,,12,,
2013/11/30,06,34,10,,,16,,
2013/11/30,07,41,14,,,17,,
2013/11/30,08,47,15,,,20,,
2013/11/30,09,51,15,,,20,,
2013/11/30,10,49,6,,,23,,
2013/11/30,11,47,6,,,22,,
2013/11/30,12,48,9,,,22,,
2013/11/30,13,44,7,,,21,,
2013/11/30,14,45,3,,,23,,
2013/11/30,15,50,7,,,24,,
2013/11/30,16,51,10,,,25,,
2013/11/30,17,57,13,,,24,,
2013/11/30,18,49,11,,,25,,
2013/11/30,19,46,8,,,22,,
2013/11/30,20,39,7,,,17,,
2013/11/30,21,31,7,,,18,,
2013/11/30,22,23,0,,,11,,
2013/11/30,23,22,1,,,14,,
2013/11/30,24,20,1,,,11,,
2013/12/01,01,20,0,,,6,,
2013/12/01,02,19,1,,,12,,
2013/12/01,03,20,1,,,11,,
2013/12/01,04,19,0,,,12,,
2013/12/01,05,20,2,,,10,,
2013/12/01,06,32,8,,,16,,
2013/12/01,07,41,11,,,15,,
2013/12/01,08,52,16,,,22,,
2013/12/01,09,58,21,,,23,,
2013/12/01,10,57,15,,,23,,
2013/12/01,11,53,11,,,23,,
2013/12/01,12,46,4,,,22,,
2013/12/01,13,42,4,,,22,,
2013/12/01,14,42,0,,,23,,
2013/12/01,15,42,3,,,22,,
2013/12/01,16,44,4,,,24,,
2013/12/01,17,48,5,,,24,,
2013/12/01,18,45,9,,,23,,
2013/12/01,19,46,5,,,23,,
2013/12/01,20,39,6,,,21,,
2013/12/01,21,40,12,,,21,,
2013/12/01,22,42,12,,,21,,
2013/12/01,23,38,12,,,16,,
2013/12/01,24,36,13,,,16,,
2013/12/02,01,36,8,,,11,,
2013/12/02,02,34,12,,,14,,
2013/12/02,03,35,13,,,14,,
2013/12/02,04,36,15,,,14,,
2013/12/02,05,36,13,,,15,,
2013/12/02,06,40,15,,,16,,
2013/12/02,07,44,13,,,17,,
2013/12/02,08,43,13,,,19,,
2013/12/02,09,57,16,,,25,,
2013/12/02,10,67,19,,,27,,
2013/12/02,11,61,14,,,28,,
2013/12/02,12,59,13,,,27,,
2013/12/02,13,50,9,,,25,,
2013/12/02,14,52,3,,,29,,
2013/12/02,15,46,3,,,24,,
2013/12/02,16,48,4,,,27,,
2013/12/02,17,47,2,,,27,,
2013/12/02,18,44,3,,,25,,
2013/12/02,19,41,1,,,24,,
2013/12/02,20,39,0,,,24,,
2013/12/02,21,28,1,,,17,,
2013/12/02,22,23,2,,,14,,
2013/12/02,23,29,5,,,14,,
2013/12/02,24,34,11,,,15,,
2013/12/03,01,38,9,,,13,,
2013/12/03,02,32,10,,,12,,
2013/12/03,03,38,15,,,15,,
2013/12/03,04,37,15,,,16,,
2013/12/03,05,37,14,,,15,,
2013/12/03,06,40,15,,,15,,
2013/12/03,07,45,13,,,17,,
2013/12/03,08,52,20,,,22,,
2013/12/03,09,54,16,,,22,,
2013/12/03,10,58,11,,,26,,
2013/12/03,11,53,10,,,24,,
2013/12/03,12,49,5,,,26,,
2013/12/03,13,45,4,,,23,,
2013/12/03,14,49,6,,,27,,
2013/12/03,15,50,4,,,26,,
2013/12/03,16,47,4,,,26,,
2013/12/03,17,50,7,,,23,,
2013/12/03,18,45,5,,,25,,
2013/12/03,19,42,3,,,23,,
2013/12/03,20,32,0,,,18,,
2013/12/03,21,25,1,,,16,,
2013/12/03,22,24,0,,,14,,
2013/12/03,23,23,1,,,13,,
2013/12/03,24,20,1,,,11,,
2013/12/04,01,22,0,,,8,,
2013/12/04,02,23,4,,,14,,
2013/12/04,03,22,3,,,11,,
2013/12/04,04,23,3,,,11,,
2013/12/04,05,24,5,,,14,,
2013/12/04,06,26,3,,,14,,
2013/12/04,07,34,4,,,16,,
2013/12/04,08,34,3,,,17,,
2013/12/04,09,44,7,,,22,,
2013/12/04,10,53,9,,,25,,
2013/12/04,11,51,6,,,23,,
2013/12/04,12,50,6,,,24,,
2013/12/04,13,49,8,,,27,,
2013/12/04,14,53,9,,,27,,
2013/12/04,15,50,5,,,28,,
2013/12/04,16,49,3,,,26,,
2013/12/04,17,54,7,,,26,,
2013/12/04,18,67,19,,,27,,
2013/12/04,19,61,16,,,26,,
2013/12/04,20,58,19,,,25,,
2013/12/04,21,41,14,,,18,,
2013/12/04,22,39,13,,,16,,
2013/12/04,23,39,14,,,17,,
2013/12/04,24,32,9,,,14,,
2013/12/05,01,30,5,,,8,,
2013/12/05,02,30,8,,,15,,
2013/12/05,03,32,9,,,16,,
2013/12/05,04,32,9,,,13,,
2013/12/05,05,26,5,,,15,,
2013/12/05,06,33,7,,,15,,
2013/12/05,07,39,7,,,18,,
2013/12/05,08,35,4,,,17,,
2013/12/05,09,36,1,,,23,,
2013/12/05,10,50,7,,,24,,
2013/12/05,11,50,7,,,24,,
2013/12/05,12,49,7,,,26,,
2013/12/05,13,44,4,,,23,,
2013/12/05,14,51,7,,,25,,
2013/12/05,15,46,3,,,25,,
2013/12/05,16,48,6,,,26,,
2013/12/05,17,48,4,,,26,,
2013/12/05,18,46,4,,,24,,
2013/12/05,19,43,4,,,23,,
2013/12/05,20,37,3,,,21,,
2013/12/05,21,29,6,,,14,,
2013/12/05,22,36,11,,,17,,
2013/12/05,23,35,10,,,15,,
2013/12/05,24,35,14,,,15,,
2013/12/06,01,35,8,,,12,,
2013/12/06,02,34,10,,,12,,
2013/12/06,03,34,12,,,16,,
2013/12/06,04,36,14,,,14,,
2013/12/06,05,34,11,,,16,,
2013/12/06,06,37,12,,,14,,
2013/12/06,07,42,12,,,17,,
2013/12/06,08,42,11,,,18,,
2013/12/06,09,43,6,,,22,,
2013/12/06,10,52,7,,,25,,
2013/12/06,11,49,6,,,26,,
2013/12/06,12,50,6,,,24,,
2013/12/06,13,45,4,,,25,,
2013/12/06,14,54,5,,,26,,
2013/12/06,15,49,5,,,27,,
2013/12/06,16,46,2,,,25,,
2013/12/06,17,44,1,,,26,,
2013/12/06,18,48,8,,,26,,
2013/12/06,19,50,8,,,25,,
2013/12/06,20,43,6,,,23,,
2013/12/06,21,35,6,,,20,,
2013/12/06,22,36,6,,,19,,
2013/12/06,23,34,6,,,20,,
2013/12/06,24,30,8,,,16,,
2013/12/07,01,29,4,,,8,,
2013/12/07,02,33,12,,,15,,
2013/12/07,03,37,15,,,16,,
2013/12/07,04,36,13,,,14,,
2013/12/07,05,37,14,,,15,,
2013/12/07,06,36,13,,,15,,
2013/12/07,07,39,7,,,18,,
2013/12/07,08,40,7,,,19,,
2013/12/07,09,51,15,,,23,,
2013/12/07,10,55,13,,,22,,
2013/12/07,11,61,18,,,24,,
2013/12/07,12,53,11,,,25,,
2013/12/07,13,50,12,,,24,,
2013/12/07,14,52,7,,,24,,
2013/12/07,15,55,9,,,28,,
2013/12/07,16,50,9,,,27,,
2013/12/07,17,52,9,,,25,,
2013/12/07,18,51,12,,,24,,
2013/12/07,19,53,10,,,24,,
2013/12/07,20,44,9,,,23,,
2013/12/07,21,37,8,,,18,,
2013/12/07,22,30,4,,,18,,
2013/12/07,23,25,3,,,13,,
2013/12/07,24,20,1,,,10,,
2013/12/08,01,21,2,,,7,,
2013/12/08,02,25,7,,,10,,
2013/12/08,03,33,13,,,14,,
2013/12/08,04,36,15,,,14,,
2013/12/08,05,37,14,,,15,,
2013/12/08,06,37,14,,,15,,
2013/12/08,07,46,14,,,15,,
2013/12/08,08,52,18,,,23,,
2013/12/08,09,52,19,,,21,,
2013/12/08,10,48,10,,,20,,
2013/12/08,11,45,10,,,19,,
2013/12/08,12,44,7,,,18,,
2013/12/08,13,36,4,,,19,,
2013/12/08,14,43,4,,,19,,
2013/12/08,15,40,4,,,23,,
2013/12/08,16,51,14,,,23,,
2013/12/08,17,65,21,,,25,,
2013/12/08,18,57,19,,,26,,
2013/12/08,19,57,15,,,22,,
2013/12/08,20,46,15,,,19,,
2013/12/08,21,44,19,,,17,,
2013/12/08,22,40,16,,,15,,
2013/12/08,23,42,18,,,13,,
2013/12/08,24,39,17,,,15,,
2013/12/09,01,43,12,,,11,,
2013/12/09,02,42,20,,,14,,
2013/12/09,03,41,20,,,15,,
2013/12/09,04,41,20,,,13,,
2013/12/09,05,40,19,,,13,,
2013/12/09,06,44,19,,,15,,
2013/12/09,07,52,22,,,17,,
2013/12/09,08,52,21,,,19,,
2013/12/09,09,55,17,,,25,,
2013/12/09,10,68,21,,,25,,
2013/12/09,11,64,18,,,27,,
2013/12/09,12,61,14,,,28,,
2013/12/09,13,54,12,,,26,,
2013/12/09,14,63,15,,,27,,
2013/12/09,15,63,14,,,29,,
2013/12/09,16,61,15,,,27,,
2013/12/09,17,62,16,,,28,,
2013/12/09,18,53,9,,,26,,
2013/12/09,19,48,7,,,26,,
2013/12/09,20,44,8,,,23,,
2013/12/09,21,36,8,,,19,,
2013/12/09,22,33,5,,,18,,
2013/12/09,23,30,6,,,16,,
2013/12/09,24,33,10,,,14,,
2013/12/10,01,38,14,,,15,,
2013/12/10,02,34,12,,,15,,
2013/12/10,03,33,12,,,14,,
2013/12/10,04,35,15,,,13,,
2013/12/10,05,33,12,,,13,,
2013/12/10,06,37,12,,,15,,
2013/12/10,07,45,14,,,19,,
2013/12/10,08,50,12,,,22,,
2013/12/10,09,48,11,,,24,,
2013/12/10,10,57,11,,,26,,
2013/12/10,11,55,10,,,25,,
2013/12/10,12,63,17,,,26,,
2013/12/10,13,56,14,,,27,,
2013/12/10,14,65,15,,,28,,
2013/12/10,15,61,13,,,29,,
2013/12/10,16,59,13,,,27,,
2013/12/10,17,59,12,,,27,,
2013/12/10,18,48,12,,,24,,
2013/12/10,19,55,14,,,26,,
2013/12/10,20,54,17,,,24,,
2013/12/10,21,36,8,,,17,,
2013/12/10,22,32,7,,,15,,
2013/12/10,23,34,10,,,13,,
2013/12/10,24,30,10,,,16,,
2013/12/11,01,30,7,,,13,,
2013/12/11,02,22,2,,,11,,
2013/12/11,03,19,1,,,13,,
2013/12/11,04,28,8,,,13,,
2013/12/11,05,30,10,,,13,,
2013/12/11,06,33,10,,,14,,
2013/12/11,07,39,10,,,15,,
2013/12/11,08,46,13,,,18,,
2013/12/11,09,48,11,,,23,,
2013/12/11,10,57,12,,,24,,
2013/12/11,11,60,14,,,26,,
2013/12/11,12,62,14,,,26,,
2013/12/11,13,57,11,,,17,,
2013/12/11,14,58,11,,,27,,
2013/12/11,15,55,9,,,26,,
2013/12/11,16,57,11,,,26,,
2013/12/11,17,53,9,,,26,,
2013/12/11,18,45,7,,,22,,
2013/12/11,19,49,8,,,24,,
2013/12/11,20,48,9,,,23,,
2013/12/11,21,42,12,,,21,,
2013/12/11,22,40,10,,,20,,
2013/12/11,23,33,8,,,17,,
2013/12/11,24,29,5,,,15,,
2013/12/12,01,30,5,,,9,,
2013/12/12,02,36,16,,,13,,
2013/12/12,03,45,23,,,15,,
2013/12/12,04,44,21,,,12,,
2013/12/12,05,47,24,,,15,,
2013/12/12,06,54,28,,,15,,
2013/12/12,07,56,22,,,19,,
2013/12/12,08,60,25,,,19,,
2013/12/12,09,58,17,,,24,,
2013/12/12,10,64,19,,,25,,
2013/12/12,11,51,9,,,26,,
2013/12/12,12,57,12,,,26,,
2013/12/12,13,54,12,,,26,,
2013/12/12,14,61,14,,,27,,
2013/12/12,15,59,13,,,28,,
2013/12/12,16,66,21,,,28,,
2013/12/12,17,69,21,,,27,,
2013/12/12,18,60,18,,,28,,
2013/12/12,19,57,18,,,23,,
2013/12/12,20,51,17,,,19,,
2013/12/12,21,43,17,,,17,,
2013/12/12,22,38,15,,,16,,
2013/12/12,23,39,16,,,15,,
2013/12/12,24,41,18,,,16,,
2013/12/13,01,39,11,,,10,,
2013/12/13,02,39,16,,,13,,
2013/12/13,03,39,18,,,14,,
2013/12/13,04,39,18,,,13,,
2013/12/13,05,37,17,,,13,,
2013/12/13,06,48,25,,,16,,
2013/12/13,07,55,23,,,17,,
2013/12/13,08,53,18,,,20,,
2013/12/13,09,50,12,,,24,,
2013/12/13,10,58,13,,,26,,
2013/12/13,11,58,13,,,28,,
2013/12/13,12,61,17,,,28,,
2013/12/13,13,62,17,,,28,,
2013/12/13,14,72,22,,,30,,
2013/12/13,15,75,25,,,29,,
2013/12/13,16,71,25,,,30,,
2013/12/13,17,60,14,,,27,,
2013/12/13,18,53,12,,,28,,
2013/12/13,19,50,11,,,24,,
2013/12/13,20,42,8,,,21,,
2013/12/13,21,34,5,,,21,,
2013/12/13,22,31,7,,,16,,
2013/12/13,23,32,8,,,15,,
2013/12/13,24,30,7,,,15,,
2013/12/14,01,34,10,,,16,,
2013/12/14,02,30,8,,,13,,
2013/12/14,03,32,10,,,13,,
2013/12/14,04,30,8,,,15,,
2013/12/14,05,29,8,,,15,,
2013/12/14,06,35,11,,,15,,
2013/12/14,07,45,13,,,17,,
2013/12/14,08,55,21,,,20,,
2013/12/14,09,52,18,,,22,,
2013/12/14,10,66,23,,,26,,
2013/12/14,11,63,24,,,25,,
2013/12/14,12,68,26,,,26,,
2013/12/14,13,68,27,,,27,,
2013/12/14,14,73,26,,,27,,
2013/12/14,15,75,28,,,29,,
2013/12/14,16,68,25,,,25,,
2013/12/14,17,69,24,,,28,,
2013/12/14,18,66,25,,,23,,
2013/12/14,19,65,25,,,24,,
2013/12/14,20,47,15,,,20,,
2013/12/14,21,36,13,,,14,,
2013/12/14,22,27,5,,,14,,
2013/12/14,23,20,1,,,11,,
2013/12/14,24,33,12,,,13,,
2013/12/15,01,35,12,,,14,,
2013/12/15,02,32,12,,,11,,
2013/12/15,03,33,15,,,13,,
2013/12/15,04,22,2,,,13,,
2013/12/15,05,26,7,,,10,,
2013/12/15,06,47,24,,,16,,
2013/12/15,07,56,24,,,18,,
2013/12/15,08,50,17,,,21,,
2013/12/15,09,56,21,,,21,,
2013/12/15,10,58,20,,,21,,
2013/12/15,11,58,20,,,24,,
2013/12/15,12,62,22,,,22,,
2013/12/15,13,55,22,,,22,,
2013/12/15,14,59,18,,,22,,
2013/12/15,15,61,22,,,23,,
2013/12/15,16,54,18,,,21,,
2013/12/15,17,52,15,,,23,,
2013/12/15,18,54,19,,,23,,
2013/12/15,19,66,26,,,22,,
2013/12/15,20,58,25,,,23,,
2013/12/15,21,51,23,,,20,,
2013/12/15,22,52,25,,,17,,
2013/12/15,23,42,17,,,18,,
2013/12/15,24,36,10,,,17,,
2013/12/16,01,35,11,,,17,,
2013/12/16,02,36,13,,,14,,
2013/12/16,03,39,18,,,14,,
2013/12/16,04,45,22,,,15,,
2013/12/16,05,45,22,,,15,,
2013/12/16,06,51,25,,,20,,
2013/12/16,07,57,17,,,11,,
2013/12/16,08,65,32,,,20,,
2013/12/16,09,61,22,,,26,,
2013/12/16,10,64,19,,,26,,
2013/12/16,11,67,19,,,29,,
2013/12/16,12,69,23,,,27,,
2013/12/16,13,66,23,,,30,,
2013/12/16,14,73,23,,,27,,
2013/12/16,15,68,21,,,29,,
2013/12/16,16,73,24,,,30,,
2013/12/16,17,79,29,,,30,,
2013/12/16,18,72,27,,,29,,
2013/12/16,19,66,14,,,18,,
2013/12/16,20,57,24,,,21,,
2013/12/16,21,46,19,,,20,,
2013/12/16,22,42,16,,,16,,
2013/12/16,23,39,13,,,16,,
2013/12/16,24,33,11,,,16,,
2013/12/17,01,34,11,,,14,,
2013/12/17,02,31,10,,,13,,
2013/12/17,03,20,1,,,12,,
2013/12/17,04,23,3,,,13,,
2013/12/17,05,33,10,,,15,,
2013/12/17,06,38,14,,,15,,
2013/12/17,07,48,18,,,16,,
2013/12/17,08,50,17,,,19,,
2013/12/17,09,55,17,,,24,,
2013/12/17,10,71,23,,,28,,
2013/12/17,11,68,23,,,27,,
2013/12/17,12,67,18,,,29,,
2013/12/17,13,65,21,,,28,,
2013/12/17,14,71,20,,,31,,
2013/12/17,15,67,19,,,28,,
2013/12/17,16,65,18,,,30,,
2013/12/17,17,66,20,,,29,,
2013/12/17,18,66,22,,,28,,
2013/12/17,19,63,13,,,17,,
2013/12/17,20,57,20,,,23,,
2013/12/17,21,45,13,,,21,,
2013/12/17,22,44,15,,,23,,
2013/12/17,23,44,14,,,21,,
2013/12/17,24,45,17,,,18,,
2013/12/18,01,40,15,,,15,,
2013/12/18,02,42,17,,,15,,
2013/12/18,03,42,19,,,16,,
2013/12/18,04,35,12,,,14,,
2013/12/18,05,32,10,,,14,,
2013/12/18,06,45,20,,,18,,
2013/12/18,07,54,13,,,15,,
2013/12/18,08,48,14,,,21,,
2013/12/18,09,53,12,,,23,,
2013/12/18,10,63,17,,,27,,
2013/12/18,11,75,31,,,29,,
2013/12/18,12,75,27,,,28,,
2013/12/18,13,66,24,,,27,,
2013/12/18,14,77,29,,,31,,
2013/12/18,15,82,30,,,29,,
2013/12/18,16,74,26,,,29,,
2013/12/18,17,75,29,,,27,,
2013/12/18,18,65,25,,,27,,
2013/12/18,19,65,24,,,25,,
2013/12/18,20,58,22,,,21,,
2013/12/18,21,44,17,,,18,,
2013/12/18,22,42,17,,,15,,
2013/12/18,23,41,18,,,15,,
2013/12/18,24,44,20,,,14,,
2013/12/19,01,44,13,,,9,,
2013/12/19,02,39,17,,,14,,
2013/12/19,03,38,17,,,13,,
2013/12/19,04,39,18,,,13,,
2013/12/19,05,38,17,,,11,,
2013/12/19,06,44,19,,,16,,
2013/12/19,07,53,22,,,16,,
2013/12/19,08,53,18,,,21,,
2013/12/19,09,55,16,,,26,,
2013/12/19,10,65,19,,,26,,
2013/12/19,11,62,20,,,27,,
2013/12/19,12,64,19,,,27,,
2013/12/19,13,65,22,,,29,,
2013/12/19,14,80,30,,,28,,
2013/12/19,15,71,26,,,29,,
2013/12/19,16,71,22,,,28,,
2013/12/19,17,67,21,,,29,,
2013/12/19,18,61,19,,,26,,
2013/12/19,19,49,10,,,25,,
2013/12/19,20,46,11,,,22,,
2013/12/19,21,37,10,,,19,,
2013/12/19,22,38,11,,,19,,
2013/12/19,23,35,12,,,16,,
2013/12/19,24,37,14,,,15,,
2013/12/20,01,44,13,,,12,,
2013/12/20,02,44,19,,,16,,
2013/12/20,03,43,20,,,15,,
2013/12/20,04,45,20,,,17,,
2013/12/20,05,46,23,,,15,,
2013/12/20,06,48,21,,,18,,
2013/12/20,07,49,18,,,18,,
2013/12/20,08,48,17,,,19,,
2013/12/20,09,59,19,,,23,,
2013/12/20,10,74,27,,,27,,
2013/12/20,11,68,27,,,28,,
2013/12/20,12,66,21,,,28,,
2013/12/20,13,67,24,,,27,,
2013/12/20,14,67,21,,,28,,
2013/12/20,15,62,14,,,26,,
2013/12/20,16,70,24,,,29,,
2013/12/20,17,70,24,,,29,,
2013/12/20,18,70,28,,,28,,
2013/12/20,19,67,25,,,26,,
2013/12/20,20,62,24,,,25,,
2013/12/20,21,50,21,,,18,,
2013/12/20,22,44,20,,,17,,
2013/12/20,23,46,20,,,19,,
2013/12/20,24,45,20,,,14,,
2013/12/21,01,44,14,,,10,,
2013/12/21,02,44,22,,,14,,
2013/12/21,03,41,18,,,14,,
2013/12/21,04,41,19,,,14,,
2013/12/21,05,42,22,,,15,,
2013/12/21,06,45,20,,,15,,
2013/12/21,07,52,21,,,19,,
2013/12/21,08,55,23,,,20,,
2013/12/21,09,61,21,,,25,,
2013/12/21,10,69,23,,,24,,
2013/12/21,11,63,19,,,25,,
2013/12/21,12,52,13,,,24,,
2013/12/21,13,54,13,,,24,,
2013/12/21,14,67,21,,,29,,
2013/12/21,15,74,29,,,27,,
2013/12/21,16,70,27,,,27,,
2013/12/21,17,69,25,,,29,,
2013/12/21,18,58,19,,,25,,
2013/12/21,19,51,13,,,21,,
2013/12/21,20,57,22,,,23,,
2013/12/21,21,48,18,,,20,,
2013/12/21,22,42,16,,,19,,
2013/12/21,23,42,15,,,19,,
2013/12/21,24,43,16,,,20,,
2013/12/22,01,41,10,,,11,,
2013/12/22,02,42,18,,,16,,
2013/12/22,03,39,16,,,17,,
2013/12/22,04,40,16,,,15,,
2013/12/22,05,41,19,,,16,,
2013/12/22,06,43,17,,,17,,
2013/12/22,07,42,12,,,16,,
2013/12/22,08,41,10,,,19,,
2013/12/22,09,40,8,,,20,,
2013/12/22,10,46,8,,,20,,
2013/12/22,11,48,11,,,20,,
2013/12/22,12,42,6,,,20,,
2013/12/22,13,40,9,,,19,,
2013/12/22,14,42,6,,,20,,
2013/12/22,15,42,8,,,19,,
2013/12/22,16,36,2,,,19,,
2013/12/22,17,37,5,,,21,,
2013/12/22,18,46,12,,,21,,
2013/12/22,19,59,22,,,21,,
2013/12/22,20,57,23,,,20,,
2013/12/22,21,48,22,,,16,,
2013/12/22,22,45,19,,,16,,
2013/12/22,23,48,24,,,15,,
2013/12/22,24,43,19,,,15,,
2013/12/23,01,44,14,,,9,,
2013/12/23,02,44,21,,,15,,
2013/12/23,03,43,22,,,14,,
2013/12/23,04,40,19,,,12,,
2013/12/23,05,42,20,,,14,,
2013/12/23,06,48,24,,,16,,
2013/12/23,07,55,24,,,16,,
2013/12/23,08,60,28,,,18,,
2013/12/23,09,60,23,,,24,,
2013/12/23,10,62,20,,,24,,
2013/12/23,11,53,12,,,25,,
2013/12/23,12,54,10,,,25,,
2013/12/23,13,49,12,,,23,,
2013/12/23,14,52,9,,,25,,
2013/12/23,15,57,12,,,24,,
2013/12/23,16,51,12,,,25,,
2013/12/23,17,51,11,,,26,,
2013/12/23,18,48,8,,,24,,
2013/12/23,19,42,5,,,22,,
2013/12/23,20,37,4,,,19,,
2013/12/23,21,26,0,,,17,,
2013/12/23,22,24,1,,,14,,
2013/12/23,23,27,5,,,16,,
2013/12/23,24,38,17,,,13,,
2013/12/24,01,34,10,,,10,,
2013/12/24,02,31,10,,,11,,
2013/12/24,03,48,25,,,16,,
2013/12/24,04,40,21,,,13,,
2013/12/24,05,46,24,,,15,,
2013/12/24,06,48,23,,,15,,
2013/12/24,07,48,16,,,17,,
2013/12/24,08,40,9,,,19,,
2013/12/24,09,45,9,,,22,,
2013/12/24,10,66,20,,,24,,
2013/12/24,11,57,16,,,24,,
2013/12/24,12,62,15,,,25,,
2013/12/24,13,48,9,,,25,,
2013/12/24,14,58,11,,,27,,
2013/12/24,15,71,22,,,27,,
2013/12/24,16,69,26,,,28,,
2013/12/24,17,68,23,,,26,,
2013/12/24,18,65,23,,,28,,
2013/12/24,19,59,19,,,25,,
2013/12/24,20,68,28,,,23,,
2013/12/24,21,52,20,,,23,,
2013/12/24,22,37,11,,,19,,
2013/12/24,23,36,10,,,19,,
2013/12/24,24,32,8,,,14,,
2013/12/25,01,30,5,,,9,,
2013/12/25,02,29,7,,,15,,
2013/12/25,03,28,7,,,14,,
2013/12/25,04,43,21,,,14,,
2013/12/25,05,44,20,,,14,,
2013/12/25,06,44,20,,,17,,
2013/12/25,07,53,19,,,19,,
2013/12/25,08,59,25,,,20,,
2013/12/25,09,67,25,,,25,,
2013/12/25,10,64,18,,,25,,
2013/12/25,11,53,12,,,25,,
2013/12/25,12,49,9,,,23,,
2013/12/25,13,46,9,,,26,,
2013/12/25,14,60,13,,,27,,
2013/12/25,15,57,11,,,26,,
2013/12/25,16,53,10,,,26,,
2013/12/25,17,60,14,,,25,,
2013/12/25,18,55,14,,,25,,
2013/12/25,19,48,8,,,24,,
2013/12/25,20,49,13,,,22,,
2013/12/25,21,43,19,,,17,,
2013/12/25,22,37,13,,,17,,
2013/12/25,23,39,15,,,14,,
2013/12/25,24,37,15,,,16,,
2013/12/26,01,43,13,,,11,,
2013/12/26,02,37,14,,,13,,
2013/12/26,03,39,18,,,16,,
2013/12/26,04,38,15,,,13,,
2013/12/26,05,42,19,,,15,,
2013/12/26,06,43,19,,,14,,
2013/12/26,07,53,22,,,18,,
2013/12/26,08,50,19,,,19,,
2013/12/26,09,55,15,,,26,,
2013/12/26,10,69,22,,,27,,
2013/12/26,11,62,18,,,27,,
2013/12/26,12,73,25,,,30,,
2013/12/26,13,59,17,,,26,,
2013/12/26,14,65,17,,,27,,
2013/12/26,15,62,15,,,28,,
2013/12/26,16,63,15,,,28,,
2013/12/26,17,61,16,,,27,,
2013/12/26,18,69,22,,,26,,
2013/12/26,19,60,18,,,27,,
2013/12/26,20,50,13,,,23,,
2013/12/26,21,37,4,,,22,,
2013/12/26,22,26,0,,,18,,
2013/12/26,23,25,2,,,17,,
2013/12/26,24,21,0,,,12,,
2013/12/27,01,22,3,,,6,,
2013/12/27,02,23,6,,,13,,
2013/12/27,03,21,3,,,10,,
2013/12/27,04,32,11,,,12,,
2013/12/27,05,29,9,,,12,,
2013/12/27,06,37,15,,,16,,
2013/12/27,07,52,21,,,17,,
2013/12/27,08,49,15,,,19,,
2013/12/27,09,52,15,,,24,,
2013/12/27,10,62,16,,,25,,
2013/12/27,11,72,26,,,29,,
2013/12/27,12,74,27,,,28,,
2013/12/27,13,72,26,,,27,,
2013/12/27,14,80,31,,,31,,
2013/12/27,15,77,27,,,31,,
2013/12/27,16,79,31,,,29,,
2013/12/27,17,80,30,,,31,,
2013/12/27,18,78,33,,,27,,
2013/12/27,19,77,34,,,29,,
2013/12/27,20,62,27,,,21,,
2013/12/27,21,55,28,,,20,,
2013/12/27,22,49,23,,,16,,
2013/12/27,23,53,28,,,18,,
2013/12/27,24,48,27,,,14,,
2013/12/28,01,47,17,,,9,,
2013/12/28,02,46,22,,,16,,
2013/12/28,03,47,25,,,15,,
2013/12/28,04,46,24,,,14,,
2013/12/28,05,48,25,,,14,,
2013/12/28,06,48,23,,,17,,
2013/12/28,07,60,29,,,18,,
2013/12/28,08,72,38,,,19,,
2013/12/28,09,67,28,,,26,,
2013/12/28,10,76,32,,,25,,
2013/12/28,11,71,27,,,27,,
2013/12/28,12,72,26,,,26,,
2013/12/28,13,54,14,,,26,,
2013/12/28,14,60,16,,,25,,
2013/12/28,15,59,16,,,26,,
2013/12/28,16,59,15,,,27,,
2013/12/28,17,69,25,,,27,,
2013/12/28,18,58,17,,,26,,
2013/12/28,19,54,16,,,23,,
2013/12/28,20,58,22,,,24,,
2013/12/28,21,59,30,,,22,,
2013/12/28,22,54,26,,,20,,
2013/12/28,23,40,14,,,18,,
2013/12/28,24,47,22,,,18,,
2013/12/29,01,48,17,,,10,,
2013/12/29,02,46,22,,,17,,
2013/12/29,03,44,21,,,16,,
2013/12/29,04,47,24,,,15,,
2013/12/29,05,47,23,,,15,,
2013/12/29,06,52,28,,,17,,
2013/12/29,07,65,29,,,18,,
2013/12/29,08,61,28,,,20,,
2013/12/29,09,48,18,,,20,,
2013/12/29,10,48,10,,,21,,
2013/12/29,11,47,13,,,21,,
2013/12/29,12,51,12,,,20,,
2013/12/29,13,41,9,,,20,,
2013/12/29,14,45,9,,,20,,
2013/12/29,15,48,12,,,20,,
2013/12/29,16,48,11,,,22,,
2013/12/29,17,57,19,,,23,,
2013/12/29,18,51,17,,,23,,
2013/12/29,19,57,18,,,22,,
2013/12/29,20,52,20,,,21,,
2013/12/29,21,45,19,,,18,,
2013/12/29,22,35,13,,,13,,
2013/12/29,23,33,11,,,15,,
2013/12/29,24,35,14,,,14,,
2013/12/30,01,35,9,,,9,,
2013/12/30,02,36,14,,,14,,
2013/12/30,03,36,14,,,14,,
2013/12/30,04,35,14,,,15,,
2013/12/30,05,36,15,,,13,,
2013/12/30,06,54,30,,,16,,
2013/12/30,07,58,31,,,17,,
2013/12/30,08,62,31,,,21,,
2013/12/30,09,59,22,,,21,,
2013/12/30,10,66,23,,,23,,
2013/12/30,11,59,19,,,24,,
2013/12/30,12,55,18,,,22,,
2013/12/30,13,52,17,,,21,,
2013/12/30,14,55,16,,,20,,
2013/12/30,15,48,12,,,20,,
2013/12/30,16,48,13,,,21,,
2013/12/30,17,53,15,,,24,,
2013/12/30,18,58,22,,,23,,
2013/12/30,19,60,23,,,22,,
2013/12/30,20,58,23,,,22,,
2013/12/30,21,52,22,,,22,,
2013/12/30,22,50,23,,,20,,
2013/12/30,23,47,21,,,18,,
2013/12/30,24,42,21,,,14,,
2013/12/31,01,46,14,,,9,,
2013/12/31,02,48,26,,,15,,
2013/12/31,03,46,24,,,14,,
2013/12/31,04,47,24,,,15,,
2013/12/31,05,46,25,,,15,,
2013/12/31,06,53,29,,,15,,
2013/12/31,07,62,29,,,16,,
2013/12/31,08,56,22,,,22,,
2013/12/31,09,54,18,,,23,,
2013/12/31,10,63,19,,,24,,
2013/12/31,11,55,15,,,24,,
2013/12/31,12,48,9,,,22,,
2013/12/31,13,39,4,,,22,,
2013/12/31,14,42,4,,,20,,
2013/12/31,15,44,9,,,20,,
2013/12/31,16,44,5,,,21,,
2013/12/31,17,58,19,,,24,,
2013/12/31,18,52,15,,,24,,
2013/12/31,19,54,17,,,21,,
2013/12/31,20,54,21,,,21,,
2013/12/31,21,40,15,,,17,,
2013/12/31,22,35,11,,,17,,
2013/12/31,23,36,12,,,16,,
2013/12/31,24,45,21,,,17,,
