計測日,計測時間,全体,空調,照明,動力,電灯,冷凍・冷熱,その他
2014/01/01,01,18,0,,,,,
2014/01/01,02,19,0,,,,,
2014/01/01,03,18,0,,,,,
2014/01/01,04,19,0,,,,,
2014/01/01,05,19,0,,,,,
2014/01/01,06,19,0,,,,,
2014/01/01,07,18,0,,,,,
2014/01/01,08,32,0,,,,,
2014/01/01,09,58,0,,,,,
2014/01/01,10,53,0,,,,,
2014/01/01,11,53,2,,,,,
2014/01/01,12,64,7,,,,,
2014/01/01,13,71,8,,,,,
2014/01/01,14,91,11,,,,,
2014/01/01,15,70,3,,,,,
2014/01/01,16,79,0,,,,,
2014/01/01,17,64,0,,,,,
2014/01/01,18,30,0,,,,,
2014/01/01,19,24,0,,,,,
2014/01/01,20,22,0,,,,,
2014/01/01,21,21,0,,,,,
2014/01/01,22,19,0,,,,,
2014/01/01,23,18,0,,,,,
2014/01/01,24,18,0,,,,,
2014/01/02,01,17,0,,,,,
2014/01/02,02,17,0,,,,,
2014/01/02,03,22,0,,,,,
2014/01/02,04,19,0,,,,,
2014/01/02,05,18,0,,,,,
2014/01/02,06,18,0,,,,,
2014/01/02,07,45,0,,,,,
2014/01/02,08,100,5,,,,,
2014/01/02,09,97,8,,,,,
2014/01/02,10,95,9,,,,,
2014/01/02,11,83,2,,,,,
2014/01/02,12,89,0,,,,,
2014/01/02,13,92,0,,,,,
2014/01/02,14,90,0,,,,,
2014/01/02,15,113,0,,,,,
2014/01/02,16,133,0,,,,,
2014/01/02,17,139,4,,,,,
2014/01/02,18,93,2,,,,,
2014/01/02,19,41,0,,,,,
2014/01/02,20,33,0,,,,,
2014/01/02,21,27,0,,,,,
2014/01/02,22,25,0,,,,,
2014/01/02,23,20,0,,,,,
2014/01/02,24,21,0,,,,,
2014/01/03,01,20,0,,,,,
2014/01/03,02,20,0,,,,,
2014/01/03,03,23,0,,,,,
2014/01/03,04,18,0,,,,,
2014/01/03,05,18,0,,,,,
2014/01/03,06,22,0,,,,,
2014/01/03,07,36,0,,,,,
2014/01/03,08,99,3,,,,,
2014/01/03,09,91,7,,,,,
2014/01/03,10,98,8,,,,,
2014/01/03,11,95,7,,,,,
2014/01/03,12,85,6,,,,,
2014/01/03,13,91,3,,,,,
2014/01/03,14,111,1,,,,,
2014/01/03,15,112,0,,,,,
2014/01/03,16,126,0,,,,,
2014/01/03,17,135,0,,,,,
2014/01/03,18,113,0,,,,,
2014/01/03,19,51,0,,,,,
2014/01/03,20,33,0,,,,,
2014/01/03,21,28,0,,,,,
2014/01/03,22,31,0,,,,,
2014/01/03,23,23,0,,,,,
2014/01/03,24,21,0,,,,,
2014/01/04,01,19,0,,,,,
2014/01/04,02,19,0,,,,,
2014/01/04,03,19,0,,,,,
2014/01/04,04,22,0,,,,,
2014/01/04,05,18,0,,,,,
2014/01/04,06,21,0,,,,,
2014/01/04,07,50,0,,,,,
2014/01/04,08,95,3,,,,,
2014/01/04,09,96,9,,,,,
2014/01/04,10,111,7,,,,,
2014/01/04,11,103,7,,,,,
2014/01/04,12,86,7,,,,,
2014/01/04,13,90,0,,,,,
2014/01/04,14,107,0,,,,,
2014/01/04,15,119,0,,,,,
2014/01/04,16,138,2,,,,,
2014/01/04,17,147,2,,,,,
2014/01/04,18,112,1,,,,,
2014/01/04,19,46,0,,,,,
2014/01/04,20,38,0,,,,,
2014/01/04,21,30,0,,,,,
2014/01/04,22,27,0,,,,,
2014/01/04,23,20,0,,,,,
2014/01/04,24,21,0,,,,,
2014/01/05,01,22,0,,,,,
2014/01/05,02,18,0,,,,,
2014/01/05,03,18,0,,,,,
2014/01/05,04,21,0,,,,,
2014/01/05,05,22,0,,,,,
2014/01/05,06,18,0,,,,,
2014/01/05,07,19,0,,,,,
2014/01/05,08,78,0,,,,,
2014/01/05,09,94,6,,,,,
2014/01/05,10,95,7,,,,,
2014/01/05,11,87,5,,,,,
2014/01/05,12,88,6,,,,,
2014/01/05,13,93,4,,,,,
2014/01/05,14,121,2,,,,,
2014/01/05,15,128,0,,,,,
2014/01/05,16,146,1,,,,,
2014/01/05,17,141,0,,,,,
2014/01/05,18,80,0,,,,,
2014/01/05,19,34,0,,,,,
2014/01/05,20,28,0,,,,,
2014/01/05,21,27,0,,,,,
2014/01/05,22,25,0,,,,,
2014/01/05,23,23,0,,,,,
2014/01/05,24,21,0,,,,,
2014/01/06,01,24,0,,,,,
2014/01/06,02,21,0,,,,,
2014/01/06,03,20,0,,,,,
2014/01/06,04,20,0,,,,,
2014/01/06,05,23,0,,,,,
2014/01/06,06,18,0,,,,,
2014/01/06,07,18,0,,,,,
2014/01/06,08,60,0,,,,,
2014/01/06,09,101,7,,,,,
2014/01/06,10,105,9,,,,,
2014/01/06,11,96,8,,,,,
2014/01/06,12,74,8,,,,,
2014/01/06,13,85,0,,,,,
2014/01/06,14,99,1,,,,,
2014/01/06,15,120,3,,,,,
2014/01/06,16,141,12,,,,,
2014/01/06,17,96,3,,,,,
2014/01/06,18,39,0,,,,,
2014/01/06,19,27,0,,,,,
2014/01/06,20,23,0,,,,,
2014/01/06,21,21,0,,,,,
2014/01/06,22,24,0,,,,,
2014/01/06,23,19,0,,,,,
2014/01/06,24,23,0,,,,,
2014/01/07,01,18,0,,,,,
2014/01/07,02,18,0,,,,,
2014/01/07,03,19,0,,,,,
2014/01/07,04,19,0,,,,,
2014/01/07,05,17,0,,,,,
2014/01/07,06,18,0,,,,,
2014/01/07,07,18,0,,,,,
2014/01/07,08,84,0,,,,,
2014/01/07,09,100,7,,,,,
2014/01/07,10,99,7,,,,,
2014/01/07,11,74,7,,,,,
2014/01/07,12,74,7,,,,,
2014/01/07,13,81,0,,,,,
2014/01/07,14,101,0,,,,,
2014/01/07,15,133,0,,,,,
2014/01/07,16,150,7,,,,,
2014/01/07,17,160,0,,,,,
2014/01/07,18,81,0,,,,,
2014/01/07,19,36,0,,,,,
2014/01/07,20,28,0,,,,,
2014/01/07,21,26,0,,,,,
2014/01/07,22,22,0,,,,,
2014/01/07,23,21,0,,,,,
2014/01/07,24,19,0,,,,,
2014/01/08,01,18,0,,,,,
2014/01/08,02,18,0,,,,,
2014/01/08,03,18,0,,,,,
2014/01/08,04,18,0,,,,,
2014/01/08,05,18,0,,,,,
2014/01/08,06,18,0,,,,,
2014/01/08,07,19,0,,,,,
2014/01/08,08,28,0,,,,,
2014/01/08,09,87,1,,,,,
2014/01/08,10,63,6,,,,,
2014/01/08,11,47,1,,,,,
2014/01/08,12,67,8,,,,,
2014/01/08,13,80,8,,,,,
2014/01/08,14,70,5,,,,,
2014/01/08,15,98,6,,,,,
2014/01/08,16,103,7,,,,,
2014/01/08,17,71,7,,,,,
2014/01/08,18,26,1,,,,,
2014/01/08,19,25,0,,,,,
2014/01/08,20,27,0,,,,,
2014/01/08,21,24,0,,,,,
2014/01/08,22,24,0,,,,,
2014/01/08,23,23,0,,,,,
2014/01/08,24,24,0,,,,,
2014/01/09,01,23,0,,,,,
2014/01/09,02,23,0,,,,,
2014/01/09,03,24,0,,,,,
2014/01/09,04,24,0,,,,,
2014/01/09,05,23,0,,,,,
2014/01/09,06,24,0,,,,,
2014/01/09,07,23,0,,,,,
2014/01/09,08,54,0,,,,,
2014/01/09,09,97,2,,,,,
2014/01/09,10,60,7,,,,,
2014/01/09,11,36,0,,,,,
2014/01/09,12,60,4,,,,,
2014/01/09,13,84,5,,,,,
2014/01/09,14,73,3,,,,,
2014/01/09,15,105,5,,,,,
2014/01/09,16,110,9,,,,,
2014/01/09,17,46,6,,,,,
2014/01/09,18,32,0,,,,,
2014/01/09,19,27,0,,,,,
2014/01/09,20,27,0,,,,,
2014/01/09,21,26,0,,,,,
2014/01/09,22,22,0,,,,,
2014/01/09,23,18,0,,,,,
2014/01/09,24,18,0,,,,,
2014/01/10,01,18,0,,,,,
2014/01/10,02,18,0,,,,,
2014/01/10,03,17,0,,,,,
2014/01/10,04,19,0,,,,,
2014/01/10,05,18,0,,,,,
2014/01/10,06,17,0,,,,,
2014/01/10,07,19,0,,,,,
2014/01/10,08,25,0,,,,,
2014/01/10,09,50,0,,,,,
2014/01/10,10,46,0,,,,,
2014/01/10,11,52,0,,,,,
2014/01/10,12,72,8,,,,,
2014/01/10,13,71,11,,,,,
2014/01/10,14,78,5,,,,,
2014/01/10,15,94,0,,,,,
2014/01/10,16,79,0,,,,,
2014/01/10,17,47,0,,,,,
2014/01/10,18,27,0,,,,,
2014/01/10,19,22,0,,,,,
2014/01/10,20,21,0,,,,,
2014/01/10,21,20,0,,,,,
2014/01/10,22,19,0,,,,,
2014/01/10,23,18,0,,,,,
2014/01/10,24,18,0,,,,,
2014/01/11,01,18,0,,,,,
2014/01/11,02,18,0,,,,,
2014/01/11,03,18,0,,,,,
2014/01/11,04,19,0,,,,,
2014/01/11,05,18,0,,,,,
2014/01/11,06,18,0,,,,,
2014/01/11,07,67,0,,,,,
2014/01/11,08,110,5,,,,,
2014/01/11,09,101,6,,,,,
2014/01/11,10,100,8,,,,,
2014/01/11,11,105,9,,,,,
2014/01/11,12,111,8,,,,,
2014/01/11,13,121,4,,,,,
2014/01/11,14,115,4,,,,,
2014/01/11,15,108,0,,,,,
2014/01/11,16,116,0,,,,,
2014/01/11,17,123,1,,,,,
2014/01/11,18,55,0,,,,,
2014/01/11,19,28,0,,,,,
2014/01/11,20,24,0,,,,,
2014/01/11,21,22,0,,,,,
2014/01/11,22,21,0,,,,,
2014/01/11,23,18,0,,,,,
2014/01/11,24,18,0,,,,,
2014/01/12,01,19,0,,,,,
2014/01/12,02,22,0,,,,,
2014/01/12,03,21,0,,,,,
2014/01/12,04,22,0,,,,,
2014/01/12,05,23,0,,,,,
2014/01/12,06,21,0,,,,,
2014/01/12,07,42,0,,,,,
2014/01/12,08,87,0,,,,,
2014/01/12,09,84,0,,,,,
2014/01/12,10,88,0,,,,,
2014/01/12,11,88,5,,,,,
2014/01/12,12,90,9,,,,,
2014/01/12,13,99,7,,,,,
2014/01/12,14,126,10,,,,,
2014/01/12,15,128,4,,,,,
2014/01/12,16,120,3,,,,,
2014/01/12,17,119,0,,,,,
2014/01/12,18,47,2,,,,,
2014/01/12,19,28,0,,,,,
2014/01/12,20,27,0,,,,,
2014/01/12,21,23,0,,,,,
2014/01/12,22,20,0,,,,,
2014/01/12,23,20,0,,,,,
2014/01/12,24,24,0,,,,,
2014/01/13,01,23,0,,,,,
2014/01/13,02,23,0,,,,,
2014/01/13,03,23,0,,,,,
2014/01/13,04,24,0,,,,,
2014/01/13,05,23,0,,,,,
2014/01/13,06,23,0,,,,,
2014/01/13,07,24,0,,,,,
2014/01/13,08,93,1,,,,,
2014/01/13,09,100,8,,,,,
2014/01/13,10,100,9,,,,,
2014/01/13,11,94,8,,,,,
2014/01/13,12,96,9,,,,,
2014/01/13,13,106,8,,,,,
2014/01/13,14,126,9,,,,,
2014/01/13,15,127,9,,,,,
2014/01/13,16,140,5,,,,,
2014/01/13,17,127,0,,,,,
2014/01/13,18,59,0,,,,,
2014/01/13,19,33,0,,,,,
2014/01/13,20,29,0,,,,,
2014/01/13,21,26,0,,,,,
2014/01/13,22,27,0,,,,,
2014/01/13,23,29,0,,,,,
2014/01/13,24,28,0,,,,,
2014/01/14,01,26,0,,,,,
2014/01/14,02,24,0,,,,,
2014/01/14,03,24,0,,,,,
2014/01/14,04,25,0,,,,,
2014/01/14,05,23,0,,,,,
2014/01/14,06,23,0,,,,,
2014/01/14,07,23,0,,,,,
2014/01/14,08,72,1,,,,,
2014/01/14,09,100,6,,,,,
2014/01/14,10,86,6,,,,,
2014/01/14,11,64,1,,,,,
2014/01/14,12,86,7,,,,,
2014/01/14,13,97,7,,,,,
2014/01/14,14,101,5,,,,,
2014/01/14,15,110,0,,,,,
2014/01/14,16,155,8,,,,,
2014/01/14,17,93,11,,,,,
2014/01/14,18,32,0,,,,,
2014/01/14,19,22,0,,,,,
2014/01/14,20,22,0,,,,,
2014/01/14,21,21,0,,,,,
2014/01/14,22,21,0,,,,,
2014/01/14,23,19,0,,,,,
2014/01/14,24,19,0,,,,,
2014/01/15,01,18,0,,,,,
2014/01/15,02,18,0,,,,,
2014/01/15,03,23,0,,,,,
2014/01/15,04,23,0,,,,,
2014/01/15,05,19,0,,,,,
2014/01/15,06,19,0,,,,,
2014/01/15,07,20,0,,,,,
2014/01/15,08,49,0,,,,,
2014/01/15,09,90,3,,,,,
2014/01/15,10,97,8,,,,,
2014/01/15,11,96,9,,,,,
2014/01/15,12,97,3,,,,,
2014/01/15,13,120,8,,,,,
2014/01/15,14,125,11,,,,,
2014/01/15,15,142,7,,,,,
2014/01/15,16,149,4,,,,,
2014/01/15,17,149,5,,,,,
2014/01/15,18,70,3,,,,,
2014/01/15,19,30,0,,,,,
2014/01/15,20,26,0,,,,,
2014/01/15,21,22,0,,,,,
2014/01/15,22,21,0,,,,,
2014/01/15,23,19,0,,,,,
2014/01/15,24,18,0,,,,,
2014/01/16,01,18,0,,,,,
2014/01/16,02,17,0,,,,,
2014/01/16,03,18,0,,,,,
2014/01/16,04,19,0,,,,,
2014/01/16,05,18,0,,,,,
2014/01/16,06,17,0,,,,,
2014/01/16,07,18,0,,,,,
2014/01/16,08,79,1,,,,,
2014/01/16,09,93,6,,,,,
2014/01/16,10,96,7,,,,,
2014/01/16,11,99,9,,,,,
2014/01/16,12,93,6,,,,,
2014/01/16,13,92,5,,,,,
2014/01/16,14,100,0,,,,,
2014/01/16,15,114,0,,,,,
2014/01/16,16,129,0,,,,,
2014/01/16,17,103,0,,,,,
2014/01/16,18,52,0,,,,,
2014/01/16,19,30,0,,,,,
2014/01/16,20,27,0,,,,,
2014/01/16,21,21,0,,,,,
2014/01/16,22,23,0,,,,,
2014/01/16,23,18,0,,,,,
2014/01/16,24,18,0,,,,,
2014/01/17,01,18,0,,,,,
2014/01/17,02,18,0,,,,,
2014/01/17,03,18,0,,,,,
2014/01/17,04,19,0,,,,,
2014/01/17,05,27,0,,,,,
2014/01/17,06,19,0,,,,,
2014/01/17,07,19,0,,,,,
2014/01/17,08,33,0,,,,,
2014/01/17,09,63,0,,,,,
2014/01/17,10,58,0,,,,,
2014/01/17,11,72,0,,,,,
2014/01/17,12,82,7,,,,,
2014/01/17,13,93,11,,,,,
2014/01/17,14,87,9,,,,,
2014/01/17,15,72,10,,,,,
2014/01/17,16,64,0,,,,,
2014/01/17,17,46,0,,,,,
2014/01/17,18,27,0,,,,,
2014/01/17,19,22,0,,,,,
2014/01/17,20,21,0,,,,,
2014/01/17,21,20,0,,,,,
2014/01/17,22,18,0,,,,,
2014/01/17,23,19,0,,,,,
2014/01/17,24,23,0,,,,,
2014/01/18,01,23,0,,,,,
2014/01/18,02,23,0,,,,,
2014/01/18,03,23,0,,,,,
2014/01/18,04,24,0,,,,,
2014/01/18,05,23,0,,,,,
2014/01/18,06,23,0,,,,,
2014/01/18,07,31,0,,,,,
2014/01/18,08,90,1,,,,,
2014/01/18,09,105,7,,,,,
2014/01/18,10,108,7,,,,,
2014/01/18,11,108,8,,,,,
2014/01/18,12,105,8,,,,,
2014/01/18,13,110,7,,,,,
2014/01/18,14,122,6,,,,,
2014/01/18,15,140,6,,,,,
2014/01/18,16,166,1,,,,,
2014/01/18,17,154,6,,,,,
2014/01/18,18,73,0,,,,,
2014/01/18,19,32,0,,,,,
2014/01/18,20,25,0,,,,,
2014/01/18,21,24,0,,,,,
2014/01/18,22,21,0,,,,,
2014/01/18,23,19,0,,,,,
2014/01/18,24,19,0,,,,,
2014/01/19,01,18,0,,,,,
2014/01/19,02,18,0,,,,,
2014/01/19,03,19,0,,,,,
2014/01/19,04,23,0,,,,,
2014/01/19,05,23,0,,,,,
2014/01/19,06,23,0,,,,,
2014/01/19,07,36,0,,,,,
2014/01/19,08,91,2,,,,,
2014/01/19,09,96,7,,,,,
2014/01/19,10,94,8,,,,,
2014/01/19,11,98,8,,,,,
2014/01/19,12,84,0,,,,,
2014/01/19,13,89,6,,,,,
2014/01/19,14,91,8,,,,,
2014/01/19,15,100,6,,,,,
2014/01/19,16,133,9,,,,,
2014/01/19,17,143,10,,,,,
2014/01/19,18,137,10,,,,,
2014/01/19,19,69,0,,,,,
2014/01/19,20,33,0,,,,,
2014/01/19,21,26,0,,,,,
2014/01/19,22,25,0,,,,,
2014/01/19,23,22,0,,,,,
2014/01/19,24,20,0,,,,,
2014/01/20,01,18,0,,,,,
2014/01/20,02,18,0,,,,,
2014/01/20,03,18,0,,,,,
2014/01/20,04,19,0,,,,,
2014/01/20,05,18,0,,,,,
2014/01/20,06,18,0,,,,,
2014/01/20,07,19,0,,,,,
2014/01/20,08,61,0,,,,,
2014/01/20,09,98,7,,,,,
2014/01/20,10,91,6,,,,,
2014/01/20,11,77,8,,,,,
2014/01/20,12,78,6,,,,,
2014/01/20,13,100,6,,,,,
2014/01/20,14,106,9,,,,,
2014/01/20,15,112,8,,,,,
2014/01/20,16,110,5,,,,,
2014/01/20,17,72,6,,,,,
2014/01/20,18,33,0,,,,,
2014/01/20,19,30,0,,,,,
2014/01/20,20,30,0,,,,,
2014/01/20,21,27,0,,,,,
2014/01/20,22,30,0,,,,,
2014/01/20,23,30,0,,,,,
2014/01/20,24,25,0,,,,,
2014/01/21,01,23,0,,,,,
2014/01/21,02,25,0,,,,,
2014/01/21,03,22,0,,,,,
2014/01/21,04,23,0,,,,,
2014/01/21,05,22,0,,,,,
2014/01/21,06,22,0,,,,,
2014/01/21,07,22,0,,,,,
2014/01/21,08,40,0,,,,,
2014/01/21,09,92,4,,,,,
2014/01/21,10,52,4,,,,,
2014/01/21,11,41,0,,,,,
2014/01/21,12,74,4,,,,,
2014/01/21,13,69,7,,,,,
2014/01/21,14,58,1,,,,,
2014/01/21,15,105,5,,,,,
2014/01/21,16,103,8,,,,,
2014/01/21,17,45,6,,,,,
2014/01/21,18,26,0,,,,,
2014/01/21,19,21,0,,,,,
2014/01/21,20,20,0,,,,,
2014/01/21,21,23,0,,,,,
2014/01/21,22,26,0,,,,,
2014/01/21,23,26,0,,,,,
2014/01/21,24,26,0,,,,,
2014/01/22,01,25,0,,,,,
2014/01/22,02,25,0,,,,,
2014/01/22,03,20,0,,,,,
2014/01/22,04,20,0,,,,,
2014/01/22,05,19,0,,,,,
2014/01/22,06,19,0,,,,,
2014/01/22,07,20,0,,,,,
2014/01/22,08,78,1,,,,,
2014/01/22,09,91,9,,,,,
2014/01/22,10,98,8,,,,,
2014/01/22,11,98,11,,,,,
2014/01/22,12,84,6,,,,,
2014/01/22,13,92,6,,,,,
2014/01/22,14,103,6,,,,,
2014/01/22,15,118,7,,,,,
2014/01/22,16,142,11,,,,,
2014/01/22,17,146,10,,,,,
2014/01/22,18,64,6,,,,,
2014/01/22,19,30,0,,,,,
2014/01/22,20,24,0,,,,,
2014/01/22,21,23,0,,,,,
2014/01/22,22,21,0,,,,,
2014/01/22,23,18,0,,,,,
2014/01/22,24,18,0,,,,,
2014/01/23,01,18,0,,,,,
2014/01/23,02,17,0,,,,,
2014/01/23,03,17,0,,,,,
2014/01/23,04,18,0,,,,,
2014/01/23,05,18,0,,,,,
2014/01/23,06,18,0,,,,,
2014/01/23,07,20,0,,,,,
2014/01/23,08,83,0,,,,,
2014/01/23,09,96,8,,,,,
2014/01/23,10,97,6,,,,,
2014/01/23,11,92,9,,,,,
2014/01/23,12,94,10,,,,,
2014/01/23,13,112,9,,,,,
2014/01/23,14,126,7,,,,,
2014/01/23,15,122,5,,,,,
2014/01/23,16,136,4,,,,,
2014/01/23,17,138,6,,,,,
2014/01/23,18,52,4,,,,,
2014/01/23,19,34,0,,,,,
2014/01/23,20,32,0,,,,,
2014/01/23,21,28,0,,,,,
2014/01/23,22,26,0,,,,,
2014/01/23,23,23,0,,,,,
2014/01/23,24,18,0,,,,,
2014/01/24,01,17,0,,,,,
2014/01/24,02,18,0,,,,,
2014/01/24,03,17,0,,,,,
2014/01/24,04,19,0,,,,,
2014/01/24,05,18,0,,,,,
2014/01/24,06,18,0,,,,,
2014/01/24,07,18,0,,,,,
2014/01/24,08,28,0,,,,,
2014/01/24,09,53,0,,,,,
2014/01/24,10,53,0,,,,,
2014/01/24,11,74,3,,,,,
2014/01/24,12,70,7,,,,,
2014/01/24,13,78,8,,,,,
2014/01/24,14,68,3,,,,,
2014/01/24,15,66,0,,,,,
2014/01/24,16,71,0,,,,,
2014/01/24,17,48,0,,,,,
2014/01/24,18,30,0,,,,,
2014/01/24,19,22,0,,,,,
2014/01/24,20,21,0,,,,,
2014/01/24,21,20,0,,,,,
2014/01/24,22,19,0,,,,,
2014/01/24,23,18,0,,,,,
2014/01/24,24,18,0,,,,,
2014/01/25,01,17,0,,,,,
2014/01/25,02,17,0,,,,,
2014/01/25,03,17,0,,,,,
2014/01/25,04,27,0,,,,,
2014/01/25,05,19,0,,,,,
2014/01/25,06,18,0,,,,,
2014/01/25,07,38,0,,,,,
2014/01/25,08,90,4,,,,,
2014/01/25,09,95,5,,,,,
2014/01/25,10,100,6,,,,,
2014/01/25,11,86,8,,,,,
2014/01/25,12,89,7,,,,,
2014/01/25,13,104,9,,,,,
2014/01/25,14,129,8,,,,,
2014/01/25,15,138,8,,,,,
2014/01/25,16,155,5,,,,,
2014/01/25,17,144,3,,,,,
2014/01/25,18,55,5,,,,,
2014/01/25,19,27,0,,,,,
2014/01/25,20,24,0,,,,,
2014/01/25,21,22,0,,,,,
2014/01/25,22,19,0,,,,,
2014/01/25,23,18,0,,,,,
2014/01/25,24,18,0,,,,,
2014/01/26,01,18,0,,,,,
2014/01/26,02,18,0,,,,,
2014/01/26,03,18,0,,,,,
2014/01/26,04,19,0,,,,,
2014/01/26,05,18,0,,,,,
2014/01/26,06,17,0,,,,,
2014/01/26,07,36,0,,,,,
2014/01/26,08,77,0,,,,,
2014/01/26,09,83,0,,,,,
2014/01/26,10,84,0,,,,,
2014/01/26,11,86,7,,,,,
2014/01/26,12,89,6,,,,,
2014/01/26,13,107,5,,,,,
2014/01/26,14,119,0,,,,,
2014/01/26,15,141,5,,,,,
2014/01/26,16,154,6,,,,,
2014/01/26,17,162,6,,,,,
2014/01/26,18,97,5,,,,,
2014/01/26,19,51,0,,,,,
2014/01/26,20,33,0,,,,,
2014/01/26,21,26,0,,,,,
2014/01/26,22,23,0,,,,,
2014/01/26,23,20,0,,,,,
2014/01/26,24,18,0,,,,,
2014/01/27,01,18,0,,,,,
2014/01/27,02,18,0,,,,,
2014/01/27,03,18,0,,,,,
2014/01/27,04,19,0,,,,,
2014/01/27,05,18,0,,,,,
2014/01/27,06,18,0,,,,,
2014/01/27,07,18,0,,,,,
2014/01/27,08,45,0,,,,,
2014/01/27,09,92,5,,,,,
2014/01/27,10,98,11,,,,,
2014/01/27,11,85,7,,,,,
2014/01/27,12,88,11,,,,,
2014/01/27,13,100,9,,,,,
2014/01/27,14,99,6,,,,,
2014/01/27,15,92,1,,,,,
2014/01/27,16,105,0,,,,,
2014/01/27,17,67,0,,,,,
2014/01/27,18,34,0,,,,,
2014/01/27,19,25,0,,,,,
2014/01/27,20,24,0,,,,,
2014/01/27,21,22,0,,,,,
2014/01/27,22,22,0,,,,,
2014/01/27,23,18,0,,,,,
2014/01/27,24,21,0,,,,,
2014/01/28,01,24,0,,,,,
2014/01/28,02,23,0,,,,,
2014/01/28,03,24,0,,,,,
2014/01/28,04,25,0,,,,,
2014/01/28,05,24,0,,,,,
2014/01/28,06,24,0,,,,,
2014/01/28,07,24,0,,,,,
2014/01/28,08,86,1,,,,,
2014/01/28,09,101,8,,,,,
2014/01/28,10,103,6,,,,,
2014/01/28,11,101,6,,,,,
2014/01/28,12,108,9,,,,,
2014/01/28,13,119,5,,,,,
2014/01/28,14,113,4,,,,,
2014/01/28,15,142,6,,,,,
2014/01/28,16,155,4,,,,,
2014/01/28,17,143,4,,,,,
2014/01/28,18,78,1,,,,,
2014/01/28,19,39,0,,,,,
2014/01/28,20,32,0,,,,,
2014/01/28,21,29,0,,,,,
2014/01/28,22,27,0,,,,,
2014/01/28,23,24,0,,,,,
2014/01/28,24,24,0,,,,,
2014/01/29,01,23,0,,,,,
2014/01/29,02,23,0,,,,,
2014/01/29,03,23,0,,,,,
2014/01/29,04,20,0,,,,,
2014/01/29,05,18,0,,,,,
2014/01/29,06,18,0,,,,,
2014/01/29,07,18,0,,,,,
2014/01/29,08,12,0,,,,,
2014/01/29,09,6,0,,,,,
2014/01/29,10,32,0,,,,,
2014/01/29,11,21,0,,,,,
2014/01/29,12,21,0,,,,,
2014/01/29,13,20,0,,,,,
2014/01/29,14,20,0,,,,,
2014/01/29,15,22,0,,,,,
2014/01/29,16,22,0,,,,,
2014/01/29,17,19,0,,,,,
2014/01/29,18,18,0,,,,,
2014/01/29,19,18,0,,,,,
2014/01/29,20,18,0,,,,,
2014/01/29,21,21,0,,,,,
2014/01/29,22,21,0,,,,,
2014/01/29,23,21,0,,,,,
2014/01/29,24,21,0,,,,,
2014/01/30,01,21,0,,,,,
2014/01/30,02,17,0,,,,,
2014/01/30,03,21,0,,,,,
2014/01/30,04,19,0,,,,,
2014/01/30,05,17,0,,,,,
2014/01/30,06,17,0,,,,,
2014/01/30,07,17,0,,,,,
2014/01/30,08,19,0,,,,,
2014/01/30,09,19,0,,,,,
2014/01/30,10,24,0,,,,,
2014/01/30,11,29,0,,,,,
2014/01/30,12,34,0,,,,,
2014/01/30,13,28,0,,,,,
2014/01/30,14,27,0,,,,,
2014/01/30,15,33,0,,,,,
2014/01/30,16,30,0,,,,,
2014/01/30,17,27,0,,,,,
2014/01/30,18,19,0,,,,,
2014/01/30,19,17,0,,,,,
2014/01/30,20,18,0,,,,,
2014/01/30,21,18,0,,,,,
2014/01/30,22,18,0,,,,,
2014/01/30,23,18,0,,,,,
2014/01/30,24,18,0,,,,,
2014/01/31,01,17,0,,,,,
2014/01/31,02,17,0,,,,,
2014/01/31,03,18,0,,,,,
2014/01/31,04,19,0,,,,,
2014/01/31,05,17,0,,,,,
2014/01/31,06,17,0,,,,,
2014/01/31,07,17,0,,,,,
2014/01/31,08,18,0,,,,,
2014/01/31,09,19,0,,,,,
2014/01/31,10,23,0,,,,,
2014/01/31,11,34,0,,,,,
2014/01/31,12,40,0,,,,,
2014/01/31,13,38,0,,,,,
2014/01/31,14,40,0,,,,,
2014/01/31,15,43,0,,,,,
2014/01/31,16,70,0,,,,,
2014/01/31,17,29,0,,,,,
2014/01/31,18,21,0,,,,,
2014/01/31,19,21,0,,,,,
2014/01/31,20,19,0,,,,,
2014/01/31,21,18,0,,,,,
2014/01/31,22,18,0,,,,,
2014/01/31,23,17,0,,,,,
2014/01/31,24,18,0,,,,,
2014/02/01,01,17,0,,,,,
2014/02/01,02,17,0,,,,,
2014/02/01,03,17,0,,,,,
2014/02/01,04,19,0,,,,,
2014/02/01,05,18,0,,,,,
2014/02/01,06,18,0,,,,,
2014/02/01,07,36,0,,,,,
2014/02/01,08,79,0,,,,,
2014/02/01,09,82,0,,,,,
2014/02/01,10,82,0,,,,,
2014/02/01,11,80,1,,,,,
2014/02/01,12,94,10,,,,,
2014/02/01,13,88,4,,,,,
2014/02/01,14,123,2,,,,,
2014/02/01,15,124,7,,,,,
2014/02/01,16,130,4,,,,,
2014/02/01,17,103,4,,,,,
2014/02/01,18,43,0,,,,,
2014/02/01,19,27,0,,,,,
2014/02/01,20,25,0,,,,,
2014/02/01,21,23,0,,,,,
2014/02/01,22,20,0,,,,,
2014/02/01,23,18,0,,,,,
2014/02/01,24,18,0,,,,,
2014/02/02,01,19,0,,,,,
2014/02/02,02,19,0,,,,,
2014/02/02,03,18,0,,,,,
2014/02/02,04,19,0,,,,,
2014/02/02,05,18,0,,,,,
2014/02/02,06,18,0,,,,,
2014/02/02,07,18,0,,,,,
2014/02/02,08,75,1,,,,,
2014/02/02,09,93,8,,,,,
2014/02/02,10,93,7,,,,,
2014/02/02,11,80,5,,,,,
2014/02/02,12,77,9,,,,,
2014/02/02,13,87,8,,,,,
2014/02/02,14,101,5,,,,,
2014/02/02,15,105,0,,,,,
2014/02/02,16,103,0,,,,,
2014/02/02,17,104,0,,,,,
2014/02/02,18,60,0,,,,,
2014/02/02,19,33,0,,,,,
2014/02/02,20,27,0,,,,,
2014/02/02,21,23,0,,,,,
2014/02/02,22,22,0,,,,,
2014/02/02,23,19,0,,,,,
2014/02/02,24,19,0,,,,,
2014/02/03,01,18,0,,,,,
2014/02/03,02,18,0,,,,,
2014/02/03,03,18,0,,,,,
2014/02/03,04,20,0,,,,,
2014/02/03,05,18,0,,,,,
2014/02/03,06,18,0,,,,,
2014/02/03,07,18,0,,,,,
2014/02/03,08,71,0,,,,,
2014/02/03,09,79,6,,,,,
2014/02/03,10,77,4,,,,,
2014/02/03,11,50,1,,,,,
2014/02/03,12,67,3,,,,,
2014/02/03,13,81,10,,,,,
2014/02/03,14,86,7,,,,,
2014/02/03,15,86,0,,,,,
2014/02/03,16,91,0,,,,,
2014/02/03,17,62,0,,,,,
2014/02/03,18,26,0,,,,,
2014/02/03,19,22,0,,,,,
2014/02/03,20,21,0,,,,,
2014/02/03,21,19,0,,,,,
2014/02/03,22,19,0,,,,,
2014/02/03,23,18,0,,,,,
2014/02/03,24,19,0,,,,,
2014/02/04,01,18,0,,,,,
2014/02/04,02,18,0,,,,,
2014/02/04,03,18,0,,,,,
2014/02/04,04,19,0,,,,,
2014/02/04,05,18,0,,,,,
2014/02/04,06,18,0,,,,,
2014/02/04,07,18,0,,,,,
2014/02/04,08,80,1,,,,,
2014/02/04,09,89,7,,,,,
2014/02/04,10,92,8,,,,,
2014/02/04,11,93,5,,,,,
2014/02/04,12,111,6,,,,,
2014/02/04,13,133,8,,,,,
2014/02/04,14,147,8,,,,,
2014/02/04,15,174,6,,,,,
2014/02/04,16,164,4,,,,,
2014/02/04,17,165,0,,,,,
2014/02/04,18,87,0,,,,,
2014/02/04,19,34,0,,,,,
2014/02/04,20,31,0,,,,,
2014/02/04,21,27,0,,,,,
2014/02/04,22,24,0,,,,,
2014/02/04,23,19,0,,,,,
2014/02/04,24,18,0,,,,,
2014/02/05,01,18,0,,,,,
2014/02/05,02,18,0,,,,,
2014/02/05,03,19,0,,,,,
2014/02/05,04,19,0,,,,,
2014/02/05,05,19,0,,,,,
2014/02/05,06,18,0,,,,,
2014/02/05,07,18,0,,,,,
2014/02/05,08,49,0,,,,,
2014/02/05,09,92,4,,,,,
2014/02/05,10,97,9,,,,,
2014/02/05,11,85,8,,,,,
2014/02/05,12,80,7,,,,,
2014/02/05,13,107,10,,,,,
2014/02/05,14,105,10,,,,,
2014/02/05,15,96,3,,,,,
2014/02/05,16,122,0,,,,,
2014/02/05,17,130,1,,,,,
2014/02/05,18,77,1,,,,,
2014/02/05,19,33,0,,,,,
2014/02/05,20,28,0,,,,,
2014/02/05,21,24,0,,,,,
2014/02/05,22,24,0,,,,,
2014/02/05,23,21,0,,,,,
2014/02/05,24,18,0,,,,,
2014/02/06,01,18,0,,,,,
2014/02/06,02,18,0,,,,,
2014/02/06,03,18,0,,,,,
2014/02/06,04,18,0,,,,,
2014/02/06,05,18,0,,,,,
2014/02/06,06,17,0,,,,,
2014/02/06,07,34,0,,,,,
2014/02/06,08,101,4,,,,,
2014/02/06,09,101,8,,,,,
2014/02/06,10,112,9,,,,,
2014/02/06,11,98,8,,,,,
2014/02/06,12,114,9,,,,,
2014/02/06,13,120,8,,,,,
2014/02/06,14,151,8,,,,,
2014/02/06,15,171,7,,,,,
2014/02/06,16,193,8,,,,,
2014/02/06,17,203,7,,,,,
2014/02/06,18,144,7,,,,,
2014/02/06,19,52,1,,,,,
2014/02/06,20,46,0,,,,,
2014/02/06,21,45,0,,,,,
2014/02/06,22,43,0,,,,,
2014/02/06,23,29,0,,,,,
2014/02/06,24,30,0,,,,,
2014/02/07,01,26,0,,,,,
2014/02/07,02,27,0,,,,,
2014/02/07,03,26,0,,,,,
2014/02/07,04,28,0,,,,,
2014/02/07,05,25,0,,,,,
2014/02/07,06,27,0,,,,,
2014/02/07,07,26,0,,,,,
2014/02/07,08,38,0,,,,,
2014/02/07,09,57,0,,,,,
2014/02/07,10,61,1,,,,,
2014/02/07,11,60,6,,,,,
2014/02/07,12,60,5,,,,,
2014/02/07,13,78,9,,,,,
2014/02/07,14,86,8,,,,,
2014/02/07,15,68,5,,,,,
2014/02/07,16,65,0,,,,,
2014/02/07,17,35,0,,,,,
2014/02/07,18,27,0,,,,,
2014/02/07,19,25,0,,,,,
2014/02/07,20,22,0,,,,,
2014/02/07,21,21,0,,,,,
2014/02/07,22,27,0,,,,,
2014/02/07,23,25,0,,,,,
2014/02/07,24,21,0,,,,,
2014/02/08,01,20,0,,,,,
2014/02/08,02,20,0,,,,,
2014/02/08,03,20,0,,,,,
2014/02/08,04,21,0,,,,,
2014/02/08,05,20,0,,,,,
2014/02/08,06,19,0,,,,,
2014/02/08,07,23,0,,,,,
2014/02/08,08,26,0,,,,,
2014/02/08,09,30,0,,,,,
2014/02/08,10,31,0,,,,,
2014/02/08,11,27,0,,,,,
2014/02/08,12,32,0,,,,,
2014/02/08,13,31,0,,,,,
2014/02/08,14,26,0,,,,,
2014/02/08,15,25,0,,,,,
2014/02/08,16,26,0,,,,,
2014/02/08,17,23,0,,,,,
2014/02/08,18,22,0,,,,,
2014/02/08,19,19,0,,,,,
2014/02/08,20,20,0,,,,,
2014/02/08,21,20,0,,,,,
2014/02/08,22,20,0,,,,,
2014/02/08,23,19,0,,,,,
2014/02/08,24,20,0,,,,,
2014/02/09,01,19,0,,,,,
2014/02/09,02,19,0,,,,,
2014/02/09,03,20,0,,,,,
2014/02/09,04,20,0,,,,,
2014/02/09,05,20,0,,,,,
2014/02/09,06,20,0,,,,,
2014/02/09,07,21,0,,,,,
2014/02/09,08,22,0,,,,,
2014/02/09,09,23,0,,,,,
2014/02/09,10,23,0,,,,,
2014/02/09,11,27,0,,,,,
2014/02/09,12,43,0,,,,,
2014/02/09,13,52,0,,,,,
2014/02/09,14,55,0,,,,,
2014/02/09,15,49,0,,,,,
2014/02/09,16,53,0,,,,,
2014/02/09,17,41,0,,,,,
2014/02/09,18,24,0,,,,,
2014/02/09,19,17,0,,,,,
2014/02/09,20,18,0,,,,,
2014/02/09,21,18,0,,,,,
2014/02/09,22,18,0,,,,,
2014/02/09,23,18,0,,,,,
2014/02/09,24,18,0,,,,,
2014/02/10,01,17,0,,,,,
2014/02/10,02,18,0,,,,,
2014/02/10,03,18,0,,,,,
2014/02/10,04,18,0,,,,,
2014/02/10,05,18,0,,,,,
2014/02/10,06,18,0,,,,,
2014/02/10,07,20,0,,,,,
2014/02/10,08,23,0,,,,,
2014/02/10,09,59,0,,,,,
2014/02/10,10,75,2,,,,,
2014/02/10,11,47,1,,,,,
2014/02/10,12,46,0,,,,,
2014/02/10,13,54,0,,,,,
2014/02/10,14,39,0,,,,,
2014/02/10,15,26,0,,,,,
2014/02/10,16,28,0,,,,,
2014/02/10,17,27,0,,,,,
2014/02/10,18,25,0,,,,,
2014/02/10,19,20,0,,,,,
2014/02/10,20,20,0,,,,,
2014/02/10,21,18,0,,,,,
2014/02/10,22,18,0,,,,,
2014/02/10,23,18,0,,,,,
2014/02/10,24,18,0,,,,,
2014/02/11,01,18,0,,,,,
2014/02/11,02,17,0,,,,,
2014/02/11,03,18,0,,,,,
2014/02/11,04,19,0,,,,,
2014/02/11,05,18,0,,,,,
2014/02/11,06,18,0,,,,,
2014/02/11,07,53,0,,,,,
2014/02/11,08,98,6,,,,,
2014/02/11,09,100,6,,,,,
2014/02/11,10,99,10,,,,,
2014/02/11,11,112,8,,,,,
2014/02/11,12,110,5,,,,,
2014/02/11,13,116,10,,,,,
2014/02/11,14,132,8,,,,,
2014/02/11,15,139,9,,,,,
2014/02/11,16,156,10,,,,,
2014/02/11,17,163,7,,,,,
2014/02/11,18,152,10,,,,,
2014/02/11,19,50,4,,,,,
2014/02/11,20,28,0,,,,,
2014/02/11,21,26,0,,,,,
2014/02/11,22,25,0,,,,,
2014/02/11,23,21,0,,,,,
2014/02/11,24,20,0,,,,,
2014/02/12,01,19,0,,,,,
2014/02/12,02,19,0,,,,,
2014/02/12,03,20,0,,,,,
2014/02/12,04,19,0,,,,,
2014/02/12,05,19,0,,,,,
2014/02/12,06,19,0,,,,,
2014/02/12,07,21,0,,,,,
2014/02/12,08,70,2,,,,,
2014/02/12,09,96,5,,,,,
2014/02/12,10,101,7,,,,,
2014/02/12,11,98,9,,,,,
2014/02/12,12,95,11,,,,,
2014/02/12,13,112,7,,,,,
2014/02/12,14,101,10,,,,,
2014/02/12,15,127,9,,,,,
2014/02/12,16,142,8,,,,,
2014/02/12,17,131,7,,,,,
2014/02/12,18,56,3,,,,,
2014/02/12,19,28,0,,,,,
2014/02/12,20,25,0,,,,,
2014/02/12,21,24,0,,,,,
2014/02/12,22,20,0,,,,,
2014/02/12,23,21,0,,,,,
2014/02/12,24,18,0,,,,,
2014/02/13,01,27,0,,,,,
2014/02/13,02,20,0,,,,,
2014/02/13,03,18,0,,,,,
2014/02/13,04,19,0,,,,,
2014/02/13,05,18,0,,,,,
2014/02/13,06,18,0,,,,,
2014/02/13,07,18,0,,,,,
2014/02/13,08,50,0,,,,,
2014/02/13,09,96,7,,,,,
2014/02/13,10,95,8,,,,,
2014/02/13,11,95,9,,,,,
2014/02/13,12,69,9,,,,,
2014/02/13,13,97,8,,,,,
2014/02/13,14,115,10,,,,,
2014/02/13,15,116,10,,,,,
2014/02/13,16,130,7,,,,,
2014/02/13,17,141,11,,,,,
2014/02/13,18,86,8,,,,,
2014/02/13,19,34,0,,,,,
2014/02/13,20,26,0,,,,,
2014/02/13,21,24,0,,,,,
2014/02/13,22,21,0,,,,,
2014/02/13,23,20,0,,,,,
2014/02/13,24,19,0,,,,,
2014/02/14,01,19,0,,,,,
2014/02/14,02,19,0,,,,,
2014/02/14,03,19,0,,,,,
2014/02/14,04,19,0,,,,,
2014/02/14,05,19,0,,,,,
2014/02/14,06,18,0,,,,,
2014/02/14,07,20,0,,,,,
2014/02/14,08,25,0,,,,,
2014/02/14,09,25,0,,,,,
2014/02/14,10,25,0,,,,,
2014/02/14,11,24,0,,,,,
2014/02/14,12,24,0,,,,,
2014/02/14,13,24,0,,,,,
2014/02/14,14,29,0,,,,,
2014/02/14,15,43,0,,,,,
2014/02/14,16,53,0,,,,,
2014/02/14,17,48,0,,,,,
2014/02/14,18,39,0,,,,,
2014/02/14,19,30,0,,,,,
2014/02/14,20,19,0,,,,,
2014/02/14,21,18,0,,,,,
2014/02/14,22,19,0,,,,,
2014/02/14,23,18,0,,,,,
2014/02/14,24,19,0,,,,,
2014/02/15,01,19,0,,,,,
2014/02/15,02,18,0,,,,,
2014/02/15,03,18,0,,,,,
2014/02/15,04,19,0,,,,,
2014/02/15,05,18,0,,,,,
2014/02/15,06,18,0,,,,,
2014/02/15,07,19,0,,,,,
2014/02/15,08,25,0,,,,,
2014/02/15,09,32,0,,,,,
2014/02/15,10,34,0,,,,,
2014/02/15,11,33,0,,,,,
2014/02/15,12,29,0,,,,,
2014/02/15,13,31,0,,,,,
2014/02/15,14,30,0,,,,,
2014/02/15,15,28,0,,,,,
2014/02/15,16,31,0,,,,,
2014/02/15,17,27,0,,,,,
2014/02/15,18,19,0,,,,,
2014/02/15,19,19,0,,,,,
2014/02/15,20,19,0,,,,,
2014/02/15,21,19,0,,,,,
2014/02/15,22,19,0,,,,,
2014/02/15,23,18,0,,,,,
2014/02/15,24,18,0,,,,,
2014/02/16,01,18,0,,,,,
2014/02/16,02,18,0,,,,,
2014/02/16,03,18,0,,,,,
2014/02/16,04,19,0,,,,,
2014/02/16,05,18,0,,,,,
2014/02/16,06,18,0,,,,,
2014/02/16,07,18,0,,,,,
2014/02/16,08,89,2,,,,,
2014/02/16,09,102,10,,,,,
2014/02/16,10,108,8,,,,,
2014/02/16,11,112,11,,,,,
2014/02/16,12,113,8,,,,,
2014/02/16,13,121,11,,,,,
2014/02/16,14,129,6,,,,,
2014/02/16,15,150,12,,,,,
2014/02/16,16,142,12,,,,,
2014/02/16,17,133,5,,,,,
2014/02/16,18,101,3,,,,,
2014/02/16,19,39,0,,,,,
2014/02/16,20,29,0,,,,,
2014/02/16,21,27,0,,,,,
2014/02/16,22,23,0,,,,,
2014/02/16,23,19,0,,,,,
2014/02/16,24,18,0,,,,,
2014/02/17,01,18,0,,,,,
2014/02/17,02,18,0,,,,,
2014/02/17,03,18,0,,,,,
2014/02/17,04,19,0,,,,,
2014/02/17,05,18,0,,,,,
2014/02/17,06,18,0,,,,,
2014/02/17,07,18,0,,,,,
2014/02/17,08,41,0,,,,,
2014/02/17,09,93,6,,,,,
2014/02/17,10,89,6,,,,,
2014/02/17,11,71,8,,,,,
2014/02/17,12,75,10,,,,,
2014/02/17,13,102,7,,,,,
2014/02/17,14,120,12,,,,,
2014/02/17,15,120,12,,,,,
2014/02/17,16,120,8,,,,,
2014/02/17,17,92,9,,,,,
2014/02/17,18,33,3,,,,,
2014/02/17,19,26,0,,,,,
2014/02/17,20,22,0,,,,,
2014/02/17,21,24,0,,,,,
2014/02/17,22,19,0,,,,,
2014/02/17,23,18,0,,,,,
2014/02/17,24,18,0,,,,,
2014/02/18,01,18,0,,,,,
2014/02/18,02,18,0,,,,,
2014/02/18,03,18,0,,,,,
2014/02/18,04,19,0,,,,,
2014/02/18,05,18,0,,,,,
2014/02/18,06,18,0,,,,,
2014/02/18,07,19,0,,,,,
2014/02/18,08,49,0,,,,,
2014/02/18,09,106,5,,,,,
2014/02/18,10,98,11,,,,,
2014/02/18,11,82,8,,,,,
2014/02/18,12,95,10,,,,,
2014/02/18,13,104,8,,,,,
2014/02/18,14,138,9,,,,,
2014/02/18,15,136,11,,,,,
2014/02/18,16,136,11,,,,,
2014/02/18,17,147,9,,,,,
2014/02/18,18,66,8,,,,,
2014/02/18,19,35,0,,,,,
2014/02/18,20,26,0,,,,,
2014/02/18,21,25,0,,,,,
2014/02/18,22,25,0,,,,,
2014/02/18,23,23,0,,,,,
2014/02/18,24,22,0,,,,,
2014/02/19,01,20,0,,,,,
2014/02/19,02,18,0,,,,,
2014/02/19,03,20,0,,,,,
2014/02/19,04,18,0,,,,,
2014/02/19,05,17,0,,,,,
2014/02/19,06,18,0,,,,,
2014/02/19,07,19,0,,,,,
2014/02/19,08,37,0,,,,,
2014/02/19,09,93,4,,,,,
2014/02/19,10,93,8,,,,,
2014/02/19,11,96,10,,,,,
2014/02/19,12,104,10,,,,,
2014/02/19,13,106,9,,,,,
2014/02/19,14,96,7,,,,,
2014/02/19,15,87,3,,,,,
2014/02/19,16,112,3,,,,,
2014/02/19,17,121,1,,,,,
2014/02/19,18,52,3,,,,,
2014/02/19,19,28,0,,,,,
2014/02/19,20,27,0,,,,,
2014/02/19,21,24,0,,,,,
2014/02/19,22,21,0,,,,,
2014/02/19,23,18,0,,,,,
2014/02/19,24,18,0,,,,,
2014/02/20,01,18,0,,,,,
2014/02/20,02,26,0,,,,,
2014/02/20,03,20,0,,,,,
2014/02/20,04,18,0,,,,,
2014/02/20,05,18,0,,,,,
2014/02/20,06,18,0,,,,,
2014/02/20,07,18,0,,,,,
2014/02/20,08,71,1,,,,,
2014/02/20,09,87,5,,,,,
2014/02/20,10,103,8,,,,,
2014/02/20,11,77,11,,,,,
2014/02/20,12,92,9,,,,,
2014/02/20,13,107,11,,,,,
2014/02/20,14,110,7,,,,,
2014/02/20,15,120,4,,,,,
2014/02/20,16,122,3,,,,,
2014/02/20,17,108,2,,,,,
2014/02/20,18,40,1,,,,,
2014/02/20,19,25,0,,,,,
2014/02/20,20,22,0,,,,,
2014/02/20,21,19,0,,,,,
2014/02/20,22,18,0,,,,,
2014/02/20,23,18,0,,,,,
2014/02/20,24,19,0,,,,,
2014/02/21,01,18,0,,,,,
2014/02/21,02,18,0,,,,,
2014/02/21,03,18,0,,,,,
2014/02/21,04,19,0,,,,,
2014/02/21,05,18,0,,,,,
2014/02/21,06,19,0,,,,,
2014/02/21,07,18,0,,,,,
2014/02/21,08,29,0,,,,,
2014/02/21,09,43,0,,,,,
2014/02/21,10,45,0,,,,,
2014/02/21,11,65,3,,,,,
2014/02/21,12,68,9,,,,,
2014/02/21,13,81,11,,,,,
2014/02/21,14,90,9,,,,,
2014/02/21,15,75,3,,,,,
2014/02/21,16,82,0,,,,,
2014/02/21,17,61,0,,,,,
2014/02/21,18,29,0,,,,,
2014/02/21,19,23,0,,,,,
2014/02/21,20,23,0,,,,,
2014/02/21,21,20,0,,,,,
2014/02/21,22,19,0,,,,,
2014/02/21,23,18,0,,,,,
2014/02/21,24,18,0,,,,,
2014/02/22,01,19,0,,,,,
2014/02/22,02,18,0,,,,,
2014/02/22,03,18,0,,,,,
2014/02/22,04,19,0,,,,,
2014/02/22,05,18,0,,,,,
2014/02/22,06,18,0,,,,,
2014/02/22,07,40,0,,,,,
2014/02/22,08,92,3,,,,,
2014/02/22,09,97,8,,,,,
2014/02/22,10,94,6,,,,,
2014/02/22,11,98,7,,,,,
2014/02/22,12,84,8,,,,,
2014/02/22,13,117,9,,,,,
2014/02/22,14,141,9,,,,,
2014/02/22,15,131,2,,,,,
2014/02/22,16,139,7,,,,,
2014/02/22,17,128,3,,,,,
2014/02/22,18,65,3,,,,,
2014/02/22,19,34,0,,,,,
2014/02/22,20,30,0,,,,,
2014/02/22,21,26,0,,,,,
2014/02/22,22,23,0,,,,,
2014/02/22,23,18,0,,,,,
2014/02/22,24,21,0,,,,,
2014/02/23,01,18,0,,,,,
2014/02/23,02,18,0,,,,,
2014/02/23,03,18,0,,,,,
2014/02/23,04,19,0,,,,,
2014/02/23,05,17,0,,,,,
2014/02/23,06,18,0,,,,,
2014/02/23,07,67,0,,,,,
2014/02/23,08,79,0,,,,,
2014/02/23,09,83,0,,,,,
2014/02/23,10,99,2,,,,,
2014/02/23,11,93,6,,,,,
2014/02/23,12,103,6,,,,,
2014/02/23,13,106,5,,,,,
2014/02/23,14,111,3,,,,,
2014/02/23,15,123,1,,,,,
2014/02/23,16,146,2,,,,,
2014/02/23,17,147,6,,,,,
2014/02/23,18,135,6,,,,,
2014/02/23,19,53,4,,,,,
2014/02/23,20,35,0,,,,,
2014/02/23,21,30,0,,,,,
2014/02/23,22,25,0,,,,,
2014/02/23,23,22,0,,,,,
2014/02/23,24,19,0,,,,,
2014/02/24,01,20,0,,,,,
2014/02/24,02,17,0,,,,,
2014/02/24,03,17,0,,,,,
2014/02/24,04,18,0,,,,,
2014/02/24,05,18,0,,,,,
2014/02/24,06,18,0,,,,,
2014/02/24,07,24,0,,,,,
2014/02/24,08,89,1,,,,,
2014/02/24,09,97,9,,,,,
2014/02/24,10,108,8,,,,,
2014/02/24,11,93,8,,,,,
2014/02/24,12,93,7,,,,,
2014/02/24,13,94,5,,,,,
2014/02/24,14,94,0,,,,,
2014/02/24,15,103,0,,,,,
2014/02/24,16,121,0,,,,,
2014/02/24,17,106,1,,,,,
2014/02/24,18,40,1,,,,,
2014/02/24,19,26,0,,,,,
2014/02/24,20,23,0,,,,,
2014/02/24,21,21,0,,,,,
2014/02/24,22,20,0,,,,,
2014/02/24,23,18,0,,,,,
2014/02/24,24,18,0,,,,,
2014/02/25,01,18,0,,,,,
2014/02/25,02,17,0,,,,,
2014/02/25,03,18,0,,,,,
2014/02/25,04,18,0,,,,,
2014/02/25,05,18,0,,,,,
2014/02/25,06,18,0,,,,,
2014/02/25,07,18,0,,,,,
2014/02/25,08,81,1,,,,,
2014/02/25,09,89,8,,,,,
2014/02/25,10,92,8,,,,,
2014/02/25,11,76,5,,,,,
2014/02/25,12,86,2,,,,,
2014/02/25,13,107,6,,,,,
2014/02/25,14,100,3,,,,,
2014/02/25,15,93,0,,,,,
2014/02/25,16,111,0,,,,,
2014/02/25,17,74,0,,,,,
2014/02/25,18,30,0,,,,,
2014/02/25,19,25,0,,,,,
2014/02/25,20,25,0,,,,,
2014/02/25,21,23,0,,,,,
2014/02/25,22,21,0,,,,,
2014/02/25,23,19,0,,,,,
2014/02/25,24,20,0,,,,,
2014/02/26,01,19,0,,,,,
2014/02/26,02,18,0,,,,,
2014/02/26,03,18,0,,,,,
2014/02/26,04,18,0,,,,,
2014/02/26,05,18,0,,,,,
2014/02/26,06,18,0,,,,,
2014/02/26,07,18,0,,,,,
2014/02/26,08,67,0,,,,,
2014/02/26,09,86,8,,,,,
2014/02/26,10,86,6,,,,,
2014/02/26,11,75,6,,,,,
2014/02/26,12,59,6,,,,,
2014/02/26,13,74,2,,,,,
2014/02/26,14,90,2,,,,,
2014/02/26,15,92,2,,,,,
2014/02/26,16,108,1,,,,,
2014/02/26,17,99,1,,,,,
2014/02/26,18,38,0,,,,,
2014/02/26,19,27,0,,,,,
2014/02/26,20,26,0,,,,,
2014/02/26,21,22,0,,,,,
2014/02/26,22,20,0,,,,,
2014/02/26,23,18,0,,,,,
2014/02/26,24,18,0,,,,,
2014/02/27,01,19,0,,,,,
2014/02/27,02,18,0,,,,,
2014/02/27,03,18,0,,,,,
2014/02/27,04,19,0,,,,,
2014/02/27,05,18,0,,,,,
2014/02/27,06,18,0,,,,,
2014/02/27,07,20,0,,,,,
2014/02/27,08,50,0,,,,,
2014/02/27,09,85,9,,,,,
2014/02/27,10,78,4,,,,,
2014/02/27,11,76,4,,,,,
2014/02/27,12,76,6,,,,,
2014/02/27,13,86,3,,,,,
2014/02/27,14,84,3,,,,,
2014/02/27,15,88,2,,,,,
2014/02/27,16,95,1,,,,,
2014/02/27,17,101,2,,,,,
2014/02/27,18,39,1,,,,,
2014/02/27,19,26,0,,,,,
2014/02/27,20,24,0,,,,,
2014/02/27,21,20,0,,,,,
2014/02/27,22,21,0,,,,,
2014/02/27,23,18,0,,,,,
2014/02/27,24,19,0,,,,,
2014/02/28,01,21,0,,,,,
2014/02/28,02,20,0,,,,,
2014/02/28,03,21,0,,,,,
2014/02/28,04,21,0,,,,,
2014/02/28,05,19,0,,,,,
2014/02/28,06,18,0,,,,,
2014/02/28,07,21,0,,,,,
2014/02/28,08,34,0,,,,,
2014/02/28,09,45,0,,,,,
2014/02/28,10,39,0,,,,,
2014/02/28,11,56,1,,,,,
2014/02/28,12,52,6,,,,,
2014/02/28,13,63,5,,,,,
2014/02/28,14,48,4,,,,,
2014/02/28,15,54,0,,,,,
2014/02/28,16,64,0,,,,,
2014/02/28,17,53,0,,,,,
2014/02/28,18,33,0,,,,,
2014/02/28,19,28,0,,,,,
2014/02/28,20,27,0,,,,,
2014/02/28,21,23,0,,,,,
2014/02/28,22,21,0,,,,,
2014/02/28,23,19,0,,,,,
2014/02/28,24,18,0,,,,,
2014/03/01,01,18,0,,,,,
2014/03/01,02,18,0,,,,,
2014/03/01,03,18,0,,,,,
2014/03/01,04,19,0,,,,,
2014/03/01,05,19,0,,,,,
2014/03/01,06,18,0,,,,,
2014/03/01,07,20,0,,,,,
2014/03/01,08,76,2,,,,,
2014/03/01,09,85,5,,,,,
2014/03/01,10,89,6,,,,,
2014/03/01,11,77,5,,,,,
2014/03/01,12,89,9,,,,,
2014/03/01,13,99,6,,,,,
2014/03/01,14,94,0,,,,,
2014/03/01,15,100,1,,,,,
2014/03/01,16,112,1,,,,,
2014/03/01,17,101,0,,,,,
2014/03/01,18,52,2,,,,,
2014/03/01,19,35,0,,,,,
2014/03/01,20,33,0,,,,,
2014/03/01,21,32,0,,,,,
2014/03/01,22,29,0,,,,,
2014/03/01,23,26,0,,,,,
2014/03/01,24,27,0,,,,,
2014/03/02,01,25,0,,,,,
2014/03/02,02,18,0,,,,,
2014/03/02,03,18,0,,,,,
2014/03/02,04,20,0,,,,,
2014/03/02,05,19,0,,,,,
2014/03/02,06,18,0,,,,,
2014/03/02,07,70,0,,,,,
2014/03/02,08,88,8,,,,,
2014/03/02,09,90,7,,,,,
2014/03/02,10,86,3,,,,,
2014/03/02,11,77,4,,,,,
2014/03/02,12,84,0,,,,,
2014/03/02,13,88,0,,,,,
2014/03/02,14,112,0,,,,,
2014/03/02,15,111,0,,,,,
2014/03/02,16,119,0,,,,,
2014/03/02,17,121,0,,,,,
2014/03/02,18,110,3,,,,,
2014/03/02,19,52,2,,,,,
2014/03/02,20,34,0,,,,,
2014/03/02,21,30,0,,,,,
2014/03/02,22,27,0,,,,,
2014/03/02,23,25,0,,,,,
2014/03/02,24,23,0,,,,,
2014/03/03,01,22,0,,,,,
2014/03/03,02,19,0,,,,,
2014/03/03,03,22,0,,,,,
2014/03/03,04,21,0,,,,,
2014/03/03,05,20,0,,,,,
2014/03/03,06,19,0,,,,,
2014/03/03,07,21,0,,,,,
2014/03/03,08,48,0,,,,,
2014/03/03,09,91,7,,,,,
2014/03/03,10,81,6,,,,,
2014/03/03,11,74,0,,,,,
2014/03/03,12,81,2,,,,,
2014/03/03,13,101,2,,,,,
2014/03/03,14,92,2,,,,,
2014/03/03,15,89,0,,,,,
2014/03/03,16,107,0,,,,,
2014/03/03,17,79,0,,,,,
2014/03/03,18,31,0,,,,,
2014/03/03,19,22,0,,,,,
2014/03/03,20,21,0,,,,,
2014/03/03,21,20,0,,,,,
2014/03/03,22,19,0,,,,,
2014/03/03,23,18,0,,,,,
2014/03/03,24,18,0,,,,,
2014/03/04,01,18,0,,,,,
2014/03/04,02,18,0,,,,,
2014/03/04,03,18,0,,,,,
2014/03/04,04,18,0,,,,,
2014/03/04,05,18,0,,,,,
2014/03/04,06,18,0,,,,,
2014/03/04,07,19,0,,,,,
2014/03/04,08,79,1,,,,,
2014/03/04,09,88,7,,,,,
2014/03/04,10,86,4,,,,,
2014/03/04,11,71,4,,,,,
2014/03/04,12,77,5,,,,,
2014/03/04,13,87,2,,,,,
2014/03/04,14,129,4,,,,,
2014/03/04,15,125,1,,,,,
2014/03/04,16,157,11,,,,,
2014/03/04,17,130,10,,,,,
2014/03/04,18,50,4,,,,,
2014/03/04,19,29,0,,,,,
2014/03/04,20,27,0,,,,,
2014/03/04,21,24,0,,,,,
2014/03/04,22,21,0,,,,,
2014/03/04,23,18,0,,,,,
2014/03/04,24,19,0,,,,,
2014/03/05,01,18,0,,,,,
2014/03/05,02,19,0,,,,,
2014/03/05,03,18,0,,,,,
2014/03/05,04,19,0,,,,,
2014/03/05,05,19,0,,,,,
2014/03/05,06,19,0,,,,,
2014/03/05,07,18,0,,,,,
2014/03/05,08,33,0,,,,,
2014/03/05,09,85,5,,,,,
2014/03/05,10,86,8,,,,,
2014/03/05,11,80,8,,,,,
2014/03/05,12,88,5,,,,,
2014/03/05,13,103,8,,,,,
2014/03/05,14,126,6,,,,,
2014/03/05,15,123,9,,,,,
2014/03/05,16,133,8,,,,,
2014/03/05,17,105,8,,,,,
2014/03/05,18,36,2,,,,,
2014/03/05,19,27,0,,,,,
2014/03/05,20,25,0,,,,,
2014/03/05,21,23,0,,,,,
2014/03/05,22,21,0,,,,,
2014/03/05,23,20,0,,,,,
2014/03/05,24,21,0,,,,,
2014/03/06,01,22,0,,,,,
2014/03/06,02,21,0,,,,,
2014/03/06,03,20,0,,,,,
2014/03/06,04,21,0,,,,,
2014/03/06,05,21,0,,,,,
2014/03/06,06,21,0,,,,,
2014/03/06,07,22,0,,,,,
2014/03/06,08,85,2,,,,,
2014/03/06,09,82,6,,,,,
2014/03/06,10,72,6,,,,,
2014/03/06,11,87,8,,,,,
2014/03/06,12,85,6,,,,,
2014/03/06,13,113,10,,,,,
2014/03/06,14,135,9,,,,,
2014/03/06,15,136,5,,,,,
2014/03/06,16,142,5,,,,,
2014/03/06,17,133,4,,,,,
2014/03/06,18,48,3,,,,,
2014/03/06,19,25,0,,,,,
2014/03/06,20,24,0,,,,,
2014/03/06,21,22,0,,,,,
2014/03/06,22,20,0,,,,,
2014/03/06,23,18,0,,,,,
2014/03/06,24,19,0,,,,,
2014/03/07,01,19,0,,,,,
2014/03/07,02,18,0,,,,,
2014/03/07,03,18,0,,,,,
2014/03/07,04,19,0,,,,,
2014/03/07,05,18,0,,,,,
2014/03/07,06,18,0,,,,,
2014/03/07,07,19,0,,,,,
2014/03/07,08,25,0,,,,,
2014/03/07,09,52,0,,,,,
2014/03/07,10,47,0,,,,,
2014/03/07,11,64,3,,,,,
2014/03/07,12,73,11,,,,,
2014/03/07,13,70,9,,,,,
2014/03/07,14,70,9,,,,,
2014/03/07,15,76,1,,,,,
2014/03/07,16,85,0,,,,,
2014/03/07,17,72,0,,,,,
2014/03/07,18,38,0,,,,,
2014/03/07,19,28,0,,,,,
2014/03/07,20,26,0,,,,,
2014/03/07,21,22,0,,,,,
2014/03/07,22,20,0,,,,,
2014/03/07,23,18,0,,,,,
2014/03/07,24,19,0,,,,,
2014/03/08,01,18,0,,,,,
2014/03/08,02,18,0,,,,,
2014/03/08,03,18,0,,,,,
2014/03/08,04,19,0,,,,,
2014/03/08,05,18,0,,,,,
2014/03/08,06,18,0,,,,,
2014/03/08,07,19,0,,,,,
2014/03/08,08,84,2,,,,,
2014/03/08,09,106,9,,,,,
2014/03/08,10,95,9,,,,,
2014/03/08,11,85,4,,,,,
2014/03/08,12,85,11,,,,,
2014/03/08,13,108,5,,,,,
2014/03/08,14,136,9,,,,,
2014/03/08,15,119,8,,,,,
2014/03/08,16,144,2,,,,,
2014/03/08,17,136,8,,,,,
2014/03/08,18,63,2,,,,,
2014/03/08,19,33,0,,,,,
2014/03/08,20,27,0,,,,,
2014/03/08,21,24,0,,,,,
2014/03/08,22,22,0,,,,,
2014/03/08,23,19,0,,,,,
2014/03/08,24,19,0,,,,,
2014/03/09,01,19,0,,,,,
2014/03/09,02,18,0,,,,,
2014/03/09,03,18,0,,,,,
2014/03/09,04,19,0,,,,,
2014/03/09,05,18,0,,,,,
2014/03/09,06,18,0,,,,,
2014/03/09,07,45,0,,,,,
2014/03/09,08,97,6,,,,,
2014/03/09,09,99,8,,,,,
2014/03/09,10,103,9,,,,,
2014/03/09,11,88,4,,,,,
2014/03/09,12,92,4,,,,,
2014/03/09,13,84,2,,,,,
2014/03/09,14,104,2,,,,,
2014/03/09,15,121,1,,,,,
2014/03/09,16,156,3,,,,,
2014/03/09,17,144,4,,,,,
2014/03/09,18,75,2,,,,,
2014/03/09,19,39,0,,,,,
2014/03/09,20,35,0,,,,,
2014/03/09,21,29,0,,,,,
2014/03/09,22,23,0,,,,,
2014/03/09,23,20,0,,,,,
2014/03/09,24,20,0,,,,,
2014/03/10,01,17,0,,,,,
2014/03/10,02,17,0,,,,,
2014/03/10,03,18,0,,,,,
2014/03/10,04,19,0,,,,,
2014/03/10,05,18,0,,,,,
2014/03/10,06,18,0,,,,,
2014/03/10,07,22,0,,,,,
2014/03/10,08,82,1,,,,,
2014/03/10,09,88,11,,,,,
2014/03/10,10,82,6,,,,,
2014/03/10,11,71,2,,,,,
2014/03/10,12,87,9,,,,,
2014/03/10,13,103,11,,,,,
2014/03/10,14,118,7,,,,,
2014/03/10,15,109,6,,,,,
2014/03/10,16,110,3,,,,,
2014/03/10,17,51,3,,,,,
2014/03/10,18,26,0,,,,,
2014/03/10,19,22,0,,,,,
2014/03/10,20,21,0,,,,,
2014/03/10,21,19,0,,,,,
2014/03/10,22,19,0,,,,,
2014/03/10,23,18,0,,,,,
2014/03/10,24,18,0,,,,,
2014/03/11,01,18,0,,,,,
2014/03/11,02,18,0,,,,,
2014/03/11,03,18,0,,,,,
2014/03/11,04,19,0,,,,,
2014/03/11,05,19,0,,,,,
2014/03/11,06,18,0,,,,,
2014/03/11,07,18,0,,,,,
2014/03/11,08,77,2,,,,,
2014/03/11,09,95,6,,,,,
2014/03/11,10,96,9,,,,,
2014/03/11,11,95,10,,,,,
2014/03/11,12,73,8,,,,,
2014/03/11,13,81,0,,,,,
2014/03/11,14,96,0,,,,,
2014/03/11,15,124,5,,,,,
2014/03/11,16,114,6,,,,,
2014/03/11,17,105,0,,,,,
2014/03/11,18,49,0,,,,,
2014/03/11,19,31,0,,,,,
2014/03/11,20,27,0,,,,,
2014/03/11,21,22,0,,,,,
2014/03/11,22,19,0,,,,,
2014/03/11,23,18,0,,,,,
2014/03/11,24,18,0,,,,,
2014/03/12,01,19,0,,,,,
2014/03/12,02,18,0,,,,,
2014/03/12,03,18,0,,,,,
2014/03/12,04,18,0,,,,,
2014/03/12,05,18,0,,,,,
2014/03/12,06,19,0,,,,,
2014/03/12,07,35,0,,,,,
2014/03/12,08,91,4,,,,,
2014/03/12,09,83,5,,,,,
2014/03/12,10,82,2,,,,,
2014/03/12,11,90,1,,,,,
2014/03/12,12,83,0,,,,,
2014/03/12,13,88,0,,,,,
2014/03/12,14,96,0,,,,,
2014/03/12,15,120,1,,,,,
2014/03/12,16,132,4,,,,,
2014/03/12,17,123,4,,,,,
2014/03/12,18,100,3,,,,,
2014/03/12,19,49,2,,,,,
2014/03/12,20,35,0,,,,,
2014/03/12,21,26,0,,,,,
2014/03/12,22,26,0,,,,,
2014/03/12,23,20,0,,,,,
2014/03/12,24,19,0,,,,,
2014/03/13,01,18,0,,,,,
2014/03/13,02,18,0,,,,,
2014/03/13,03,19,0,,,,,
2014/03/13,04,20,0,,,,,
2014/03/13,05,20,0,,,,,
2014/03/13,06,19,0,,,,,
2014/03/13,07,40,0,,,,,
2014/03/13,08,85,5,,,,,
2014/03/13,09,81,5,,,,,
2014/03/13,10,71,3,,,,,
2014/03/13,11,95,7,,,,,
2014/03/13,12,92,6,,,,,
2014/03/13,13,102,4,,,,,
2014/03/13,14,128,4,,,,,
2014/03/13,15,148,11,,,,,
2014/03/13,16,150,0,,,,,
2014/03/13,17,161,0,,,,,
2014/03/13,18,118,0,,,,,
2014/03/13,19,48,0,,,,,
2014/03/13,20,35,0,,,,,
2014/03/13,21,26,0,,,,,
2014/03/13,22,22,0,,,,,
2014/03/13,23,19,0,,,,,
2014/03/13,24,18,0,,,,,
2014/03/14,01,18,0,,,,,
2014/03/14,02,18,0,,,,,
2014/03/14,03,19,0,,,,,
2014/03/14,04,19,0,,,,,
2014/03/14,05,18,0,,,,,
2014/03/14,06,18,0,,,,,
2014/03/14,07,23,0,,,,,
2014/03/14,08,45,0,,,,,
2014/03/14,09,49,0,,,,,
2014/03/14,10,49,0,,,,,
2014/03/14,11,76,8,,,,,
2014/03/14,12,75,11,,,,,
2014/03/14,13,84,8,,,,,
2014/03/14,14,99,8,,,,,
2014/03/14,15,86,10,,,,,
2014/03/14,16,90,0,,,,,
2014/03/14,17,93,0,,,,,
2014/03/14,18,52,0,,,,,
2014/03/14,19,33,0,,,,,
2014/03/14,20,29,0,,,,,
2014/03/14,21,25,0,,,,,
2014/03/14,22,22,0,,,,,
2014/03/14,23,19,0,,,,,
2014/03/14,24,19,0,,,,,
2014/03/15,01,19,0,,,,,
2014/03/15,02,19,0,,,,,
2014/03/15,03,18,0,,,,,
2014/03/15,04,19,0,,,,,
2014/03/15,05,19,0,,,,,
2014/03/15,06,19,0,,,,,
2014/03/15,07,42,0,,,,,
2014/03/15,08,101,5,,,,,
2014/03/15,09,100,8,,,,,
2014/03/15,10,87,6,,,,,
2014/03/15,11,88,10,,,,,
2014/03/15,12,90,11,,,,,
2014/03/15,13,97,0,,,,,
2014/03/15,14,105,0,,,,,
2014/03/15,15,110,0,,,,,
2014/03/15,16,121,0,,,,,
2014/03/15,17,114,0,,,,,
2014/03/15,18,82,6,,,,,
2014/03/15,19,39,0,,,,,
2014/03/15,20,31,0,,,,,
2014/03/15,21,25,0,,,,,
2014/03/15,22,24,0,,,,,
2014/03/15,23,21,0,,,,,
2014/03/15,24,19,0,,,,,
2014/03/16,01,19,0,,,,,
2014/03/16,02,18,0,,,,,
2014/03/16,03,19,0,,,,,
2014/03/16,04,20,0,,,,,
2014/03/16,05,19,0,,,,,
2014/03/16,06,18,0,,,,,
2014/03/16,07,75,1,,,,,
2014/03/16,08,92,7,,,,,
2014/03/16,09,94,6,,,,,
2014/03/16,10,83,2,,,,,
2014/03/16,11,76,1,,,,,
2014/03/16,12,69,1,,,,,
2014/03/16,13,75,1,,,,,
2014/03/16,14,96,4,,,,,
2014/03/16,15,122,3,,,,,
2014/03/16,16,144,0,,,,,
2014/03/16,17,150,0,,,,,
2014/03/16,18,134,1,,,,,
2014/03/16,19,62,2,,,,,
2014/03/16,20,36,0,,,,,
2014/03/16,21,29,0,,,,,
2014/03/16,22,26,0,,,,,
2014/03/16,23,20,0,,,,,
2014/03/16,24,19,0,,,,,
2014/03/17,01,18,0,,,,,
2014/03/17,02,18,0,,,,,
2014/03/17,03,19,0,,,,,
2014/03/17,04,20,0,,,,,
2014/03/17,05,18,0,,,,,
2014/03/17,06,19,0,,,,,
2014/03/17,07,36,0,,,,,
2014/03/17,08,101,3,,,,,
2014/03/17,09,100,6,,,,,
2014/03/17,10,81,7,,,,,
2014/03/17,11,72,7,,,,,
2014/03/17,12,79,4,,,,,
2014/03/17,13,79,0,,,,,
2014/03/17,14,77,0,,,,,
2014/03/17,15,83,0,,,,,
2014/03/17,16,95,0,,,,,
2014/03/17,17,81,0,,,,,
2014/03/17,18,46,0,,,,,
2014/03/17,19,31,0,,,,,
2014/03/17,20,27,0,,,,,
2014/03/17,21,25,0,,,,,
2014/03/17,22,26,0,,,,,
2014/03/17,23,27,0,,,,,
2014/03/17,24,25,0,,,,,
2014/03/18,01,22,0,,,,,
2014/03/18,02,26,0,,,,,
2014/03/18,03,24,0,,,,,
2014/03/18,04,25,0,,,,,
2014/03/18,05,24,0,,,,,
2014/03/18,06,19,0,,,,,
2014/03/18,07,19,0,,,,,
2014/03/18,08,78,3,,,,,
2014/03/18,09,96,8,,,,,
2014/03/18,10,87,6,,,,,
2014/03/18,11,92,6,,,,,
2014/03/18,12,86,7,,,,,
2014/03/18,13,79,2,,,,,
2014/03/18,14,81,0,,,,,
2014/03/18,15,98,0,,,,,
2014/03/18,16,124,0,,,,,
2014/03/18,17,119,0,,,,,
2014/03/18,18,97,0,,,,,
2014/03/18,19,38,0,,,,,
2014/03/18,20,27,0,,,,,
2014/03/18,21,25,0,,,,,
2014/03/18,22,22,0,,,,,
2014/03/18,23,19,0,,,,,
2014/03/18,24,18,0,,,,,
2014/03/19,01,18,0,,,,,
2014/03/19,02,18,0,,,,,
2014/03/19,03,18,0,,,,,
2014/03/19,04,19,0,,,,,
2014/03/19,05,18,0,,,,,
2014/03/19,06,18,0,,,,,
2014/03/19,07,54,0,,,,,
2014/03/19,08,79,6,,,,,
2014/03/19,09,77,6,,,,,
2014/03/19,10,63,9,,,,,
2014/03/19,11,65,9,,,,,
2014/03/19,12,61,4,,,,,
2014/03/19,13,56,0,,,,,
2014/03/19,14,65,0,,,,,
2014/03/19,15,122,0,,,,,
2014/03/19,16,115,0,,,,,
2014/03/19,17,72,0,,,,,
2014/03/19,18,33,0,,,,,
2014/03/19,19,26,0,,,,,
2014/03/19,20,25,0,,,,,
2014/03/19,21,21,0,,,,,
2014/03/19,22,19,0,,,,,
2014/03/19,23,18,0,,,,,
2014/03/19,24,19,0,,,,,
2014/03/20,01,18,0,,,,,
2014/03/20,02,19,0,,,,,
2014/03/20,03,18,0,,,,,
2014/03/20,04,20,0,,,,,
2014/03/20,05,19,0,,,,,
2014/03/20,06,19,0,,,,,
2014/03/20,07,20,0,,,,,
2014/03/20,08,40,0,,,,,
2014/03/20,09,78,4,,,,,
2014/03/20,10,67,7,,,,,
2014/03/20,11,76,6,,,,,
2014/03/20,12,86,9,,,,,
2014/03/20,13,78,9,,,,,
2014/03/20,14,74,4,,,,,
2014/03/20,15,104,2,,,,,
2014/03/20,16,121,6,,,,,
2014/03/20,17,108,2,,,,,
2014/03/20,18,50,1,,,,,
2014/03/20,19,26,0,,,,,
2014/03/20,20,24,0,,,,,
2014/03/20,21,22,0,,,,,
2014/03/20,22,19,0,,,,,
2014/03/20,23,18,0,,,,,
2014/03/20,24,19,0,,,,,
2014/03/21,01,18,0,,,,,
2014/03/21,02,18,0,,,,,
2014/03/21,03,19,0,,,,,
2014/03/21,04,20,0,,,,,
2014/03/21,05,18,0,,,,,
2014/03/21,06,18,0,,,,,
2014/03/21,07,69,1,,,,,
2014/03/21,08,90,7,,,,,
2014/03/21,09,95,8,,,,,
2014/03/21,10,87,8,,,,,
2014/03/21,11,78,3,,,,,
2014/03/21,12,83,5,,,,,
2014/03/21,13,93,5,,,,,
2014/03/21,14,120,5,,,,,
2014/03/21,15,136,5,,,,,
2014/03/21,16,155,8,,,,,
2014/03/21,17,140,1,,,,,
2014/03/21,18,140,0,,,,,
2014/03/21,19,81,5,,,,,
2014/03/21,20,47,0,,,,,
2014/03/21,21,38,0,,,,,
2014/03/21,22,32,0,,,,,
2014/03/21,23,30,0,,,,,
2014/03/21,24,27,0,,,,,
2014/03/22,01,25,0,,,,,
2014/03/22,02,19,0,,,,,
2014/03/22,03,18,0,,,,,
2014/03/22,04,19,0,,,,,
2014/03/22,05,18,0,,,,,
2014/03/22,06,19,0,,,,,
2014/03/22,07,37,0,,,,,
2014/03/22,08,97,5,,,,,
2014/03/22,09,88,6,,,,,
2014/03/22,10,89,6,,,,,
2014/03/22,11,71,7,,,,,
2014/03/22,12,75,9,,,,,
2014/03/22,13,66,1,,,,,
2014/03/22,14,92,0,,,,,
2014/03/22,15,122,0,,,,,
2014/03/22,16,126,0,,,,,
2014/03/22,17,117,0,,,,,
2014/03/22,18,70,0,,,,,
2014/03/22,19,39,0,,,,,
2014/03/22,20,30,0,,,,,
2014/03/22,21,27,0,,,,,
2014/03/22,22,22,0,,,,,
2014/03/22,23,22,0,,,,,
2014/03/22,24,20,0,,,,,
2014/03/23,01,19,0,,,,,
2014/03/23,02,18,0,,,,,
2014/03/23,03,18,0,,,,,
2014/03/23,04,19,0,,,,,
2014/03/23,05,18,0,,,,,
2014/03/23,06,19,0,,,,,
2014/03/23,07,81,1,,,,,
2014/03/23,08,87,7,,,,,
2014/03/23,09,81,3,,,,,
2014/03/23,10,80,0,,,,,
2014/03/23,11,78,0,,,,,
2014/03/23,12,72,0,,,,,
2014/03/23,13,83,0,,,,,
2014/03/23,14,86,1,,,,,
2014/03/23,15,96,0,,,,,
2014/03/23,16,97,0,,,,,
2014/03/23,17,121,4,,,,,
2014/03/23,18,86,2,,,,,
2014/03/23,19,47,0,,,,,
2014/03/23,20,33,0,,,,,
2014/03/23,21,28,0,,,,,
2014/03/23,22,23,0,,,,,
2014/03/23,23,22,0,,,,,
2014/03/23,24,20,0,,,,,
2014/03/24,01,18,0,,,,,
2014/03/24,02,18,0,,,,,
2014/03/24,03,18,0,,,,,
2014/03/24,04,20,0,,,,,
2014/03/24,05,18,0,,,,,
2014/03/24,06,18,0,,,,,
2014/03/24,07,21,0,,,,,
2014/03/24,08,59,1,,,,,
2014/03/24,09,70,7,,,,,
2014/03/24,10,65,7,,,,,
2014/03/24,11,72,10,,,,,
2014/03/24,12,56,7,,,,,
2014/03/24,13,61,0,,,,,
2014/03/24,14,71,0,,,,,
2014/03/24,15,72,0,,,,,
2014/03/24,16,95,1,,,,,
2014/03/24,17,98,8,,,,,
2014/03/24,18,41,3,,,,,
2014/03/24,19,26,0,,,,,
2014/03/24,20,24,0,,,,,
2014/03/24,21,22,0,,,,,
2014/03/24,22,25,0,,,,,
2014/03/24,23,25,0,,,,,
2014/03/24,24,26,0,,,,,
2014/03/25,01,22,0,,,,,
2014/03/25,02,25,0,,,,,
2014/03/25,03,25,0,,,,,
2014/03/25,04,25,0,,,,,
2014/03/25,05,20,0,,,,,
2014/03/25,06,21,0,,,,,
2014/03/25,07,22,0,,,,,
2014/03/25,08,51,0,,,,,
2014/03/25,09,74,0,,,,,
2014/03/25,10,85,8,,,,,
2014/03/25,11,61,6,,,,,
2014/03/25,12,72,0,,,,,
2014/03/25,13,84,0,,,,,
2014/03/25,14,102,0,,,,,
2014/03/25,15,90,0,,,,,
2014/03/25,16,88,0,,,,,
2014/03/25,17,97,0,,,,,
2014/03/25,18,62,3,,,,,
2014/03/25,19,35,0,,,,,
2014/03/25,20,27,0,,,,,
2014/03/25,21,25,0,,,,,
2014/03/25,22,21,0,,,,,
2014/03/25,23,19,0,,,,,
2014/03/25,24,18,0,,,,,
2014/03/26,01,19,0,,,,,
2014/03/26,02,18,0,,,,,
2014/03/26,03,18,0,,,,,
2014/03/26,04,19,0,,,,,
2014/03/26,05,19,0,,,,,
2014/03/26,06,19,0,,,,,
2014/03/26,07,22,0,,,,,
2014/03/26,08,74,3,,,,,
2014/03/26,09,82,10,,,,,
2014/03/26,10,73,5,,,,,
2014/03/26,11,76,10,,,,,
2014/03/26,12,80,11,,,,,
2014/03/26,13,91,10,,,,,
2014/03/26,14,105,5,,,,,
2014/03/26,15,113,8,,,,,
2014/03/26,16,119,5,,,,,
2014/03/26,17,108,5,,,,,
2014/03/26,18,56,2,,,,,
2014/03/26,19,32,0,,,,,
2014/03/26,20,28,0,,,,,
2014/03/26,21,24,0,,,,,
2014/03/26,22,22,0,,,,,
2014/03/26,23,21,0,,,,,
2014/03/26,24,19,0,,,,,
2014/03/27,01,19,0,,,,,
2014/03/27,02,18,0,,,,,
2014/03/27,03,18,0,,,,,
2014/03/27,04,19,0,,,,,
2014/03/27,05,19,0,,,,,
2014/03/27,06,19,0,,,,,
2014/03/27,07,19,0,,,,,
2014/03/27,08,46,0,,,,,
2014/03/27,09,51,0,,,,,
2014/03/27,10,61,1,,,,,
2014/03/27,11,72,7,,,,,
2014/03/27,12,64,11,,,,,
2014/03/27,13,65,1,,,,,
2014/03/27,14,68,0,,,,,
2014/03/27,15,91,0,,,,,
2014/03/27,16,97,0,,,,,
2014/03/27,17,106,2,,,,,
2014/03/27,18,94,8,,,,,
2014/03/27,19,47,0,,,,,
2014/03/27,20,32,0,,,,,
2014/03/27,21,29,0,,,,,
2014/03/27,22,26,0,,,,,
2014/03/27,23,23,0,,,,,
2014/03/27,24,19,0,,,,,
2014/03/28,01,20,0,,,,,
2014/03/28,02,19,0,,,,,
2014/03/28,03,18,0,,,,,
2014/03/28,04,19,0,,,,,
2014/03/28,05,18,0,,,,,
2014/03/28,06,18,0,,,,,
2014/03/28,07,19,0,,,,,
2014/03/28,08,37,0,,,,,
2014/03/28,09,45,0,,,,,
2014/03/28,10,41,0,,,,,
2014/03/28,11,43,0,,,,,
2014/03/28,12,61,5,,,,,
2014/03/28,13,59,0,,,,,
2014/03/28,14,60,0,,,,,
2014/03/28,15,55,0,,,,,
2014/03/28,16,64,0,,,,,
2014/03/28,17,70,0,,,,,
2014/03/28,18,52,0,,,,,
2014/03/28,19,32,0,,,,,
2014/03/28,20,26,0,,,,,
2014/03/28,21,22,0,,,,,
2014/03/28,22,21,0,,,,,
2014/03/28,23,20,0,,,,,
2014/03/28,24,19,0,,,,,
2014/03/29,01,18,0,,,,,
2014/03/29,02,18,0,,,,,
2014/03/29,03,18,0,,,,,
2014/03/29,04,19,0,,,,,
2014/03/29,05,18,0,,,,,
2014/03/29,06,19,0,,,,,
2014/03/29,07,31,0,,,,,
2014/03/29,08,69,3,,,,,
2014/03/29,09,74,9,,,,,
2014/03/29,10,77,11,,,,,
2014/03/29,11,70,7,,,,,
2014/03/29,12,65,2,,,,,
2014/03/29,13,69,0,,,,,
2014/03/29,14,67,0,,,,,
2014/03/29,15,84,0,,,,,
2014/03/29,16,98,0,,,,,
2014/03/29,17,112,0,,,,,
2014/03/29,18,100,3,,,,,
2014/03/29,19,51,0,,,,,
2014/03/29,20,33,0,,,,,
2014/03/29,21,27,0,,,,,
2014/03/29,22,24,0,,,,,
2014/03/29,23,20,0,,,,,
2014/03/29,24,19,0,,,,,
2014/03/30,01,19,0,,,,,
2014/03/30,02,18,0,,,,,
2014/03/30,03,19,0,,,,,
2014/03/30,04,20,0,,,,,
2014/03/30,05,19,0,,,,,
2014/03/30,06,19,0,,,,,
2014/03/30,07,33,0,,,,,
2014/03/30,08,63,0,,,,,
2014/03/30,09,64,0,,,,,
2014/03/30,10,65,0,,,,,
2014/03/30,11,63,0,,,,,
2014/03/30,12,64,0,,,,,
2014/03/30,13,76,0,,,,,
2014/03/30,14,80,0,,,,,
2014/03/30,15,95,0,,,,,
2014/03/30,16,112,0,,,,,
2014/03/30,17,124,2,,,,,
2014/03/30,18,96,0,,,,,
2014/03/30,19,43,0,,,,,
2014/03/30,20,32,0,,,,,
2014/03/30,21,28,0,,,,,
2014/03/30,22,23,0,,,,,
2014/03/30,23,20,0,,,,,
2014/03/30,24,19,0,,,,,
2014/03/31,01,19,0,,,,,
2014/03/31,02,18,0,,,,,
2014/03/31,03,18,0,,,,,
2014/03/31,04,20,0,,,,,
2014/03/31,05,19,0,,,,,
2014/03/31,06,18,0,,,,,
2014/03/31,07,18,0,,,,,
2014/03/31,08,49,0,,,,,
2014/03/31,09,53,0,,,,,
2014/03/31,10,51,0,,,,,
2014/03/31,11,48,0,,,,,
2014/03/31,12,55,0,,,,,
2014/03/31,13,61,0,,,,,
2014/03/31,14,67,0,,,,,
2014/03/31,15,72,0,,,,,
2014/03/31,16,81,0,,,,,
2014/03/31,17,78,0,,,,,
2014/03/31,18,46,0,,,,,
2014/03/31,19,32,0,,,,,
2014/03/31,20,28,0,,,,,
2014/03/31,21,24,0,,,,,
2014/03/31,22,21,0,,,,,
2014/03/31,23,20,0,,,,,
2014/03/31,24,21,0,,,,,
2014/04/01,01,19,0,,,,,
2014/04/01,02,18,0,,,,,
2014/04/01,03,18,0,,,,,
2014/04/01,04,19,0,,,,,
2014/04/01,05,18,0,,,,,
2014/04/01,06,18,0,,,,,
2014/04/01,07,19,0,,,,,
2014/04/01,08,48,0,,,,,
2014/04/01,09,51,0,,,,,
2014/04/01,10,52,0,,,,,
2014/04/01,11,49,0,,,,,
2014/04/01,12,45,3,,,,,
2014/04/01,13,56,0,,,,,
2014/04/01,14,61,0,,,,,
2014/04/01,15,76,0,,,,,
2014/04/01,16,88,0,,,,,
2014/04/01,17,102,0,,,,,
2014/04/01,18,60,0,,,,,
2014/04/01,19,34,0,,,,,
2014/04/01,20,28,0,,,,,
2014/04/01,21,24,0,,,,,
2014/04/01,22,20,0,,,,,
2014/04/01,23,19,0,,,,,
2014/04/01,24,20,0,,,,,
2014/04/02,01,18,0,,,,,
2014/04/02,02,18,0,,,,,
2014/04/02,03,18,0,,,,,
2014/04/02,04,19,0,,,,,
2014/04/02,05,19,0,,,,,
2014/04/02,06,18,0,,,,,
2014/04/02,07,30,0,,,,,
2014/04/02,08,49,0,,,,,
2014/04/02,09,50,0,,,,,
2014/04/02,10,67,1,,,,,
2014/04/02,11,51,7,,,,,
2014/04/02,12,50,0,,,,,
2014/04/02,13,64,0,,,,,
2014/04/02,14,74,0,,,,,
2014/04/02,15,82,0,,,,,
2014/04/02,16,87,0,,,,,
2014/04/02,17,75,0,,,,,
2014/04/02,18,38,0,,,,,
2014/04/02,19,31,0,,,,,
2014/04/02,20,25,0,,,,,
2014/04/02,21,22,0,,,,,
2014/04/02,22,19,0,,,,,
2014/04/02,23,19,0,,,,,
2014/04/02,24,19,0,,,,,
2014/04/03,01,19,0,,,,,
2014/04/03,02,19,0,,,,,
2014/04/03,03,18,0,,,,,
2014/04/03,04,19,0,,,,,
2014/04/03,05,19,0,,,,,
2014/04/03,06,19,0,,,,,
2014/04/03,07,18,0,,,,,
2014/04/03,08,36,0,,,,,
2014/04/03,09,48,1,,,,,
2014/04/03,10,48,0,,,,,
2014/04/03,11,46,0,,,,,
2014/04/03,12,51,0,,,,,
2014/04/03,13,58,0,,,,,
2014/04/03,14,64,0,,,,,
2014/04/03,15,68,0,,,,,
2014/04/03,16,79,0,,,,,
2014/04/03,17,76,0,,,,,
2014/04/03,18,44,0,,,,,
2014/04/03,19,25,0,,,,,
2014/04/03,20,23,0,,,,,
2014/04/03,21,20,0,,,,,
2014/04/03,22,19,0,,,,,
2014/04/03,23,19,0,,,,,
2014/04/03,24,19,0,,,,,
2014/04/04,01,19,0,,,,,
2014/04/04,02,19,0,,,,,
2014/04/04,03,21,0,,,,,
2014/04/04,04,21,0,,,,,
2014/04/04,05,21,0,,,,,
2014/04/04,06,22,0,,,,,
2014/04/04,07,22,0,,,,,
2014/04/04,08,35,0,,,,,
2014/04/04,09,45,0,,,,,
2014/04/04,10,52,0,,,,,
2014/04/04,11,69,1,,,,,
2014/04/04,12,69,5,,,,,
2014/04/04,13,80,2,,,,,
2014/04/04,14,72,1,,,,,
2014/04/04,15,60,0,,,,,
2014/04/04,16,66,0,,,,,
2014/04/04,17,56,0,,,,,
2014/04/04,18,33,0,,,,,
2014/04/04,19,23,0,,,,,
2014/04/04,20,22,0,,,,,
2014/04/04,21,21,0,,,,,
2014/04/04,22,19,0,,,,,
2014/04/04,23,19,0,,,,,
2014/04/04,24,19,0,,,,,
2014/04/05,01,19,0,,,,,
2014/04/05,02,22,0,,,,,
2014/04/05,03,32,0,,,,,
2014/04/05,04,24,0,,,,,
2014/04/05,05,18,0,,,,,
2014/04/05,06,19,0,,,,,
2014/04/05,07,29,0,,,,,
2014/04/05,08,60,1,,,,,
2014/04/05,09,72,7,,,,,
2014/04/05,10,79,8,,,,,
2014/04/05,11,82,11,,,,,
2014/04/05,12,90,7,,,,,
2014/04/05,13,83,9,,,,,
2014/04/05,14,110,9,,,,,
2014/04/05,15,106,6,,,,,
2014/04/05,16,116,2,,,,,
2014/04/05,17,141,6,,,,,
2014/04/05,18,84,8,,,,,
2014/04/05,19,37,0,,,,,
2014/04/05,20,29,0,,,,,
2014/04/05,21,26,0,,,,,
2014/04/05,22,23,0,,,,,
2014/04/05,23,19,0,,,,,
2014/04/05,24,19,0,,,,,
2014/04/06,01,19,0,,,,,
2014/04/06,02,18,0,,,,,
2014/04/06,03,18,0,,,,,
2014/04/06,04,19,0,,,,,
2014/04/06,05,19,0,,,,,
2014/04/06,06,19,0,,,,,
2014/04/06,07,57,1,,,,,
2014/04/06,08,71,8,,,,,
2014/04/06,09,79,9,,,,,
2014/04/06,10,76,7,,,,,
2014/04/06,11,75,6,,,,,
2014/04/06,12,89,9,,,,,
2014/04/06,13,104,10,,,,,
2014/04/06,14,137,9,,,,,
2014/04/06,15,143,11,,,,,
2014/04/06,16,157,10,,,,,
2014/04/06,17,175,8,,,,,
2014/04/06,18,150,9,,,,,
2014/04/06,19,79,6,,,,,
2014/04/06,20,38,0,,,,,
2014/04/06,21,31,0,,,,,
2014/04/06,22,28,0,,,,,
2014/04/06,23,22,0,,,,,
2014/04/06,24,21,0,,,,,
2014/04/07,01,19,0,,,,,
2014/04/07,02,18,0,,,,,
2014/04/07,03,18,0,,,,,
2014/04/07,04,18,0,,,,,
2014/04/07,05,18,0,,,,,
2014/04/07,06,19,0,,,,,
2014/04/07,07,20,0,,,,,
2014/04/07,08,53,0,,,,,
2014/04/07,09,65,6,,,,,
2014/04/07,10,73,9,,,,,
2014/04/07,11,68,7,,,,,
2014/04/07,12,51,4,,,,,
2014/04/07,13,60,0,,,,,
2014/04/07,14,70,0,,,,,
2014/04/07,15,71,0,,,,,
2014/04/07,16,83,0,,,,,
2014/04/07,17,84,0,,,,,
2014/04/07,18,39,0,,,,,
2014/04/07,19,25,0,,,,,
2014/04/07,20,23,0,,,,,
2014/04/07,21,21,0,,,,,
2014/04/07,22,19,0,,,,,
2014/04/07,23,19,0,,,,,
2014/04/07,24,18,0,,,,,
2014/04/08,01,18,0,,,,,
2014/04/08,02,22,0,,,,,
2014/04/08,03,20,0,,,,,
2014/04/08,04,22,0,,,,,
2014/04/08,05,21,0,,,,,
2014/04/08,06,21,0,,,,,
2014/04/08,07,20,0,,,,,
2014/04/08,08,54,0,,,,,
2014/04/08,09,61,1,,,,,
2014/04/08,10,54,8,,,,,
2014/04/08,11,47,0,,,,,
2014/04/08,12,46,0,,,,,
2014/04/08,13,53,0,,,,,
2014/04/08,14,62,0,,,,,
2014/04/08,15,71,0,,,,,
2014/04/08,16,85,0,,,,,
2014/04/08,17,80,0,,,,,
2014/04/08,18,52,0,,,,,
2014/04/08,19,36,0,,,,,
2014/04/08,20,34,0,,,,,
2014/04/08,21,23,0,,,,,
2014/04/08,22,26,0,,,,,
2014/04/08,23,24,0,,,,,
2014/04/08,24,25,0,,,,,
2014/04/09,01,22,0,,,,,
2014/04/09,02,30,0,,,,,
2014/04/09,03,25,0,,,,,
2014/04/09,04,24,0,,,,,
2014/04/09,05,22,0,,,,,
2014/04/09,06,19,0,,,,,
2014/04/09,07,21,0,,,,,
2014/04/09,08,54,0,,,,,
2014/04/09,09,74,8,,,,,
2014/04/09,10,68,10,,,,,
2014/04/09,11,56,3,,,,,
2014/04/09,12,75,0,,,,,
2014/04/09,13,81,0,,,,,
2014/04/09,14,67,0,,,,,
2014/04/09,15,83,0,,,,,
2014/04/09,16,96,0,,,,,
2014/04/09,17,104,0,,,,,
2014/04/09,18,69,0,,,,,
2014/04/09,19,33,0,,,,,
2014/04/09,20,29,0,,,,,
2014/04/09,21,26,0,,,,,
2014/04/09,22,25,0,,,,,
2014/04/09,23,24,0,,,,,
2014/04/09,24,24,0,,,,,
2014/04/10,01,19,0,,,,,
2014/04/10,02,23,0,,,,,
2014/04/10,03,23,0,,,,,
2014/04/10,04,23,0,,,,,
2014/04/10,05,22,0,,,,,
2014/04/10,06,19,0,,,,,
2014/04/10,07,20,0,,,,,
2014/04/10,08,60,0,,,,,
2014/04/10,09,70,8,,,,,
2014/04/10,10,72,6,,,,,
2014/04/10,11,57,5,,,,,
2014/04/10,12,51,0,,,,,
2014/04/10,13,60,0,,,,,
2014/04/10,14,66,0,,,,,
2014/04/10,15,73,0,,,,,
2014/04/10,16,89,0,,,,,
2014/04/10,17,72,0,,,,,
2014/04/10,18,32,0,,,,,
2014/04/10,19,25,0,,,,,
2014/04/10,20,23,0,,,,,
2014/04/10,21,21,0,,,,,
2014/04/10,22,19,0,,,,,
2014/04/10,23,19,0,,,,,
2014/04/10,24,20,0,,,,,
2014/04/11,01,18,0,,,,,
2014/04/11,02,25,0,,,,,
2014/04/11,03,29,0,,,,,
2014/04/11,04,31,0,,,,,
2014/04/11,05,40,0,,,,,
2014/04/11,06,22,0,,,,,
2014/04/11,07,19,0,,,,,
2014/04/11,08,30,0,,,,,
2014/04/11,09,48,0,,,,,
2014/04/11,10,50,0,,,,,
2014/04/11,11,58,0,,,,,
2014/04/11,12,48,0,,,,,
2014/04/11,13,49,0,,,,,
2014/04/11,14,51,0,,,,,
2014/04/11,15,55,0,,,,,
2014/04/11,16,64,0,,,,,
2014/04/11,17,55,0,,,,,
2014/04/11,18,32,0,,,,,
2014/04/11,19,24,0,,,,,
2014/04/11,20,23,0,,,,,
2014/04/11,21,20,0,,,,,
2014/04/11,22,19,0,,,,,
2014/04/11,23,19,0,,,,,
2014/04/11,24,19,0,,,,,
2014/04/12,01,18,0,,,,,
2014/04/12,02,18,0,,,,,
2014/04/12,03,18,0,,,,,
2014/04/12,04,20,0,,,,,
2014/04/12,05,20,0,,,,,
2014/04/12,06,19,0,,,,,
2014/04/12,07,55,1,,,,,
2014/04/12,08,73,8,,,,,
2014/04/12,09,57,5,,,,,
2014/04/12,10,68,8,,,,,
2014/04/12,11,59,1,,,,,
2014/04/12,12,68,0,,,,,
2014/04/12,13,63,0,,,,,
2014/04/12,14,75,0,,,,,
2014/04/12,15,94,0,,,,,
2014/04/12,16,114,0,,,,,
2014/04/12,17,112,0,,,,,
2014/04/12,18,103,0,,,,,
2014/04/12,19,54,0,,,,,
2014/04/12,20,33,0,,,,,
2014/04/12,21,28,0,,,,,
2014/04/12,22,24,0,,,,,
2014/04/12,23,20,0,,,,,
2014/04/12,24,20,0,,,,,
2014/04/13,01,19,0,,,,,
2014/04/13,02,19,0,,,,,
2014/04/13,03,19,0,,,,,
2014/04/13,04,21,0,,,,,
2014/04/13,05,19,0,,,,,
2014/04/13,06,19,0,,,,,
2014/04/13,07,49,0,,,,,
2014/04/13,08,51,0,,,,,
2014/04/13,09,63,0,,,,,
2014/04/13,10,69,0,,,,,
2014/04/13,11,69,0,,,,,
2014/04/13,12,56,0,,,,,
2014/04/13,13,60,0,,,,,
2014/04/13,14,97,0,,,,,
2014/04/13,15,113,0,,,,,
2014/04/13,16,132,0,,,,,
2014/04/13,17,131,0,,,,,
2014/04/13,18,60,0,,,,,
2014/04/13,19,36,0,,,,,
2014/04/13,20,31,0,,,,,
2014/04/13,21,27,0,,,,,
2014/04/13,22,23,0,,,,,
2014/04/13,23,21,0,,,,,
2014/04/13,24,21,0,,,,,
2014/04/14,01,19,0,,,,,
2014/04/14,02,25,0,,,,,
2014/04/14,03,35,0,,,,,
2014/04/14,04,39,0,,,,,
2014/04/14,05,28,0,,,,,
2014/04/14,06,19,0,,,,,
2014/04/14,07,18,0,,,,,
2014/04/14,08,45,1,,,,,
2014/04/14,09,53,0,,,,,
2014/04/14,10,59,0,,,,,
2014/04/14,11,56,0,,,,,
2014/04/14,12,65,0,,,,,
2014/04/14,13,74,0,,,,,
2014/04/14,14,77,0,,,,,
2014/04/14,15,82,0,,,,,
2014/04/14,16,94,0,,,,,
2014/04/14,17,106,0,,,,,
2014/04/14,18,61,0,,,,,
2014/04/14,19,37,0,,,,,
2014/04/14,20,33,0,,,,,
2014/04/14,21,25,0,,,,,
2014/04/14,22,23,0,,,,,
2014/04/14,23,22,0,,,,,
2014/04/14,24,22,0,,,,,
2014/04/15,01,22,0,,,,,
2014/04/15,02,28,0,,,,,
2014/04/15,03,34,0,,,,,
2014/04/15,04,40,0,,,,,
2014/04/15,05,51,0,,,,,
2014/04/15,06,38,0,,,,,
2014/04/15,07,46,0,,,,,
2014/04/15,08,77,4,,,,,
2014/04/15,09,74,11,,,,,
2014/04/15,10,55,4,,,,,
2014/04/15,11,52,0,,,,,
2014/04/15,12,50,0,,,,,
2014/04/15,13,60,0,,,,,
2014/04/15,14,64,0,,,,,
2014/04/15,15,88,0,,,,,
2014/04/15,16,103,0,,,,,
2014/04/15,17,111,0,,,,,
2014/04/15,18,89,0,,,,,
2014/04/15,19,56,0,,,,,
2014/04/15,20,44,0,,,,,
2014/04/15,21,38,0,,,,,
2014/04/15,22,31,0,,,,,
2014/04/15,23,22,0,,,,,
2014/04/15,24,24,0,,,,,
2014/04/16,01,22,0,,,,,
2014/04/16,02,30,0,,,,,
2014/04/16,03,41,0,,,,,
2014/04/16,04,38,0,,,,,
2014/04/16,05,30,0,,,,,
2014/04/16,06,21,0,,,,,
2014/04/16,07,32,0,,,,,
2014/04/16,08,55,0,,,,,
2014/04/16,09,65,0,,,,,
2014/04/16,10,59,4,,,,,
2014/04/16,11,52,1,,,,,
2014/04/16,12,54,0,,,,,
2014/04/16,13,68,0,,,,,
2014/04/16,14,73,0,,,,,
2014/04/16,15,70,0,,,,,
2014/04/16,16,84,0,,,,,
2014/04/16,17,91,0,,,,,
2014/04/16,18,56,0,,,,,
2014/04/16,19,31,0,,,,,
2014/04/16,20,27,0,,,,,
2014/04/16,21,23,0,,,,,
2014/04/16,22,21,0,,,,,
2014/04/16,23,19,0,,,,,
2014/04/16,24,19,0,,,,,
2014/04/17,01,19,0,,,,,
2014/04/17,02,25,0,,,,,
2014/04/17,03,29,0,,,,,
2014/04/17,04,30,0,,,,,
2014/04/17,05,39,0,,,,,
2014/04/17,06,26,0,,,,,
2014/04/17,07,30,0,,,,,
2014/04/17,08,52,0,,,,,
2014/04/17,09,53,0,,,,,
2014/04/17,10,59,0,,,,,
2014/04/17,11,59,0,,,,,
2014/04/17,12,63,0,,,,,
2014/04/17,13,70,0,,,,,
2014/04/17,14,81,0,,,,,
2014/04/17,15,88,0,,,,,
2014/04/17,16,91,0,,,,,
2014/04/17,17,98,0,,,,,
2014/04/17,18,81,0,,,,,
2014/04/17,19,43,0,,,,,
2014/04/17,20,31,0,,,,,
2014/04/17,21,27,0,,,,,
2014/04/17,22,25,0,,,,,
2014/04/17,23,19,0,,,,,
2014/04/17,24,23,0,,,,,
2014/04/18,01,22,0,,,,,
2014/04/18,02,28,0,,,,,
2014/04/18,03,38,0,,,,,
2014/04/18,04,41,0,,,,,
2014/04/18,05,33,0,,,,,
2014/04/18,06,19,0,,,,,
2014/04/18,07,23,0,,,,,
2014/04/18,08,34,0,,,,,
2014/04/18,09,46,0,,,,,
2014/04/18,10,40,0,,,,,
2014/04/18,11,56,1,,,,,
2014/04/18,12,47,4,,,,,
2014/04/18,13,51,0,,,,,
2014/04/18,14,49,0,,,,,
2014/04/18,15,60,0,,,,,
2014/04/18,16,67,0,,,,,
2014/04/18,17,67,0,,,,,
2014/04/18,18,49,0,,,,,
2014/04/18,19,33,0,,,,,
2014/04/18,20,27,0,,,,,
2014/04/18,21,23,0,,,,,
2014/04/18,22,21,0,,,,,
2014/04/18,23,19,0,,,,,
2014/04/18,24,19,0,,,,,
2014/04/19,01,19,0,,,,,
2014/04/19,02,19,0,,,,,
2014/04/19,03,19,0,,,,,
2014/04/19,04,20,0,,,,,
2014/04/19,05,19,0,,,,,
2014/04/19,06,19,0,,,,,
2014/04/19,07,46,0,,,,,
2014/04/19,08,53,0,,,,,
2014/04/19,09,52,0,,,,,
2014/04/19,10,55,0,,,,,
2014/04/19,11,55,0,,,,,
2014/04/19,12,54,0,,,,,
2014/04/19,13,60,0,,,,,
2014/04/19,14,66,0,,,,,
2014/04/19,15,81,0,,,,,
2014/04/19,16,98,0,,,,,
2014/04/19,17,115,0,,,,,
2014/04/19,18,99,0,,,,,
2014/04/19,19,48,0,,,,,
2014/04/19,20,32,0,,,,,
2014/04/19,21,27,0,,,,,
2014/04/19,22,23,0,,,,,
2014/04/19,23,20,0,,,,,
2014/04/19,24,20,0,,,,,
2014/04/20,01,19,0,,,,,
2014/04/20,02,20,0,,,,,
2014/04/20,03,19,0,,,,,
2014/04/20,04,20,0,,,,,
2014/04/20,05,19,0,,,,,
2014/04/20,06,19,0,,,,,
2014/04/20,07,49,0,,,,,
2014/04/20,08,53,0,,,,,
2014/04/20,09,56,0,,,,,
2014/04/20,10,60,0,,,,,
2014/04/20,11,65,0,,,,,
2014/04/20,12,64,0,,,,,
2014/04/20,13,65,0,,,,,
2014/04/20,14,68,0,,,,,
2014/04/20,15,76,0,,,,,
2014/04/20,16,92,0,,,,,
2014/04/20,17,110,3,,,,,
2014/04/20,18,100,1,,,,,
2014/04/20,19,64,0,,,,,
2014/04/20,20,38,0,,,,,
2014/04/20,21,31,0,,,,,
2014/04/20,22,25,0,,,,,
2014/04/20,23,23,0,,,,,
2014/04/20,24,21,0,,,,,
2014/04/21,01,20,0,,,,,
2014/04/21,02,21,0,,,,,
2014/04/21,03,20,0,,,,,
2014/04/21,04,20,0,,,,,
2014/04/21,05,20,0,,,,,
2014/04/21,06,20,0,,,,,
2014/04/21,07,24,0,,,,,
2014/04/21,08,68,3,,,,,
2014/04/21,09,78,6,,,,,
2014/04/21,10,64,7,,,,,
2014/04/21,11,84,0,,,,,
2014/04/21,12,125,9,,,,,
2014/04/21,13,95,6,,,,,
2014/04/21,14,85,4,,,,,
2014/04/21,15,87,3,,,,,
2014/04/21,16,99,0,,,,,
2014/04/21,17,95,0,,,,,
2014/04/21,18,48,0,,,,,
2014/04/21,19,30,0,,,,,
2014/04/21,20,27,0,,,,,
2014/04/21,21,28,0,,,,,
2014/04/21,22,23,0,,,,,
2014/04/21,23,22,0,,,,,
2014/04/21,24,22,0,,,,,
2014/04/22,01,22,0,,,,,
2014/04/22,02,20,0,,,,,
2014/04/22,03,20,0,,,,,
2014/04/22,04,20,0,,,,,
2014/04/22,05,19,0,,,,,
2014/04/22,06,20,0,,,,,
2014/04/22,07,20,0,,,,,
2014/04/22,08,45,0,,,,,
2014/04/22,09,48,0,,,,,
2014/04/22,10,53,0,,,,,
2014/04/22,11,49,0,,,,,
2014/04/22,12,48,0,,,,,
2014/04/22,13,59,0,,,,,
2014/04/22,14,63,0,,,,,
2014/04/22,15,63,0,,,,,
2014/04/22,16,77,0,,,,,
2014/04/22,17,82,0,,,,,
2014/04/22,18,50,0,,,,,
2014/04/22,19,29,0,,,,,
2014/04/22,20,24,0,,,,,
2014/04/22,21,22,0,,,,,
2014/04/22,22,21,0,,,,,
2014/04/22,23,18,0,,,,,
2014/04/22,24,18,0,,,,,
2014/04/23,01,18,0,,,,,
2014/04/23,02,18,0,,,,,
2014/04/23,03,19,0,,,,,
2014/04/23,04,19,0,,,,,
2014/04/23,05,19,0,,,,,
2014/04/23,06,19,0,,,,,
2014/04/23,07,48,0,,,,,
2014/04/23,08,63,4,,,,,
2014/04/23,09,63,7,,,,,
2014/04/23,10,62,2,,,,,
2014/04/23,11,51,2,,,,,
2014/04/23,12,55,0,,,,,
2014/04/23,13,65,0,,,,,
2014/04/23,14,75,0,,,,,
2014/04/23,15,92,0,,,,,
2014/04/23,16,100,0,,,,,
2014/04/23,17,92,0,,,,,
2014/04/23,18,44,0,,,,,
2014/04/23,19,31,0,,,,,
2014/04/23,20,26,0,,,,,
2014/04/23,21,22,0,,,,,
2014/04/23,22,20,0,,,,,
2014/04/23,23,18,0,,,,,
2014/04/23,24,19,0,,,,,
2014/04/24,01,19,0,,,,,
2014/04/24,02,25,0,,,,,
2014/04/24,03,29,0,,,,,
2014/04/24,04,31,0,,,,,
2014/04/24,05,39,0,,,,,
2014/04/24,06,22,0,,,,,
2014/04/24,07,35,0,,,,,
2014/04/24,08,78,2,,,,,
2014/04/24,09,59,5,,,,,
2014/04/24,10,64,0,,,,,
2014/04/24,11,59,0,,,,,
2014/04/24,12,63,0,,,,,
2014/04/24,13,64,0,,,,,
2014/04/24,14,75,0,,,,,
2014/04/24,15,78,0,,,,,
2014/04/24,16,93,0,,,,,
2014/04/24,17,91,0,,,,,
2014/04/24,18,65,0,,,,,
2014/04/24,19,34,0,,,,,
2014/04/24,20,27,0,,,,,
2014/04/24,21,23,0,,,,,
2014/04/24,22,21,0,,,,,
2014/04/24,23,19,0,,,,,
2014/04/24,24,19,0,,,,,
2014/04/25,01,19,0,,,,,
2014/04/25,02,25,0,,,,,
2014/04/25,03,29,0,,,,,
2014/04/25,04,37,0,,,,,
2014/04/25,05,35,0,,,,,
2014/04/25,06,21,0,,,,,
2014/04/25,07,27,0,,,,,
2014/04/25,08,43,0,,,,,
2014/04/25,09,43,0,,,,,
2014/04/25,10,45,0,,,,,
2014/04/25,11,53,0,,,,,
2014/04/25,12,50,0,,,,,
2014/04/25,13,49,0,,,,,
2014/04/25,14,58,0,,,,,
2014/04/25,15,75,0,,,,,
2014/04/25,16,85,0,,,,,
2014/04/25,17,93,0,,,,,
2014/04/25,18,74,0,,,,,
2014/04/25,19,46,0,,,,,
2014/04/25,20,34,0,,,,,
2014/04/25,21,33,0,,,,,
2014/04/25,22,22,0,,,,,
2014/04/25,23,20,0,,,,,
2014/04/25,24,19,0,,,,,
2014/04/26,01,19,0,,,,,
2014/04/26,02,26,0,,,,,
2014/04/26,03,30,0,,,,,
2014/04/26,04,30,0,,,,,
2014/04/26,05,35,0,,,,,
2014/04/26,06,32,0,,,,,
2014/04/26,07,58,0,,,,,
2014/04/26,08,60,0,,,,,
2014/04/26,09,59,0,,,,,
2014/04/26,10,60,0,,,,,
2014/04/26,11,58,0,,,,,
2014/04/26,12,70,0,,,,,
2014/04/26,13,68,0,,,,,
2014/04/26,14,73,0,,,,,
2014/04/26,15,86,0,,,,,
2014/04/26,16,98,0,,,,,
2014/04/26,17,110,0,,,,,
2014/04/26,18,91,0,,,,,
2014/04/26,19,48,0,,,,,
2014/04/26,20,39,0,,,,,
2014/04/26,21,35,0,,,,,
2014/04/26,22,31,0,,,,,
2014/04/26,23,27,0,,,,,
2014/04/26,24,29,0,,,,,
2014/04/27,01,26,0,,,,,
2014/04/27,02,32,0,,,,,
2014/04/27,03,36,0,,,,,
2014/04/27,04,43,0,,,,,
2014/04/27,05,43,0,,,,,
2014/04/27,06,27,0,,,,,
2014/04/27,07,65,0,,,,,
2014/04/27,08,69,0,,,,,
2014/04/27,09,65,0,,,,,
2014/04/27,10,63,0,,,,,
2014/04/27,11,59,0,,,,,
2014/04/27,12,62,0,,,,,
2014/04/27,13,70,0,,,,,
2014/04/27,14,75,0,,,,,
2014/04/27,15,87,0,,,,,
2014/04/27,16,104,0,,,,,
2014/04/27,17,110,0,,,,,
2014/04/27,18,91,0,,,,,
2014/04/27,19,52,0,,,,,
2014/04/27,20,39,0,,,,,
2014/04/27,21,34,0,,,,,
2014/04/27,22,30,0,,,,,
2014/04/27,23,27,0,,,,,
2014/04/27,24,26,0,,,,,
2014/04/28,01,26,0,,,,,
2014/04/28,02,25,0,,,,,
2014/04/28,03,26,0,,,,,
2014/04/28,04,26,0,,,,,
2014/04/28,05,26,0,,,,,
2014/04/28,06,26,0,,,,,
2014/04/28,07,40,0,,,,,
2014/04/28,08,58,0,,,,,
2014/04/28,09,67,0,,,,,
2014/04/28,10,59,0,,,,,
2014/04/28,11,56,0,,,,,
2014/04/28,12,68,0,,,,,
2014/04/28,13,76,0,,,,,
2014/04/28,14,81,0,,,,,
2014/04/28,15,84,0,,,,,
2014/04/28,16,95,0,,,,,
2014/04/28,17,95,0,,,,,
2014/04/28,18,59,0,,,,,
2014/04/28,19,36,0,,,,,
2014/04/28,20,31,0,,,,,
2014/04/28,21,29,0,,,,,
2014/04/28,22,28,0,,,,,
2014/04/28,23,26,0,,,,,
2014/04/28,24,26,0,,,,,
2014/04/29,01,25,0,,,,,
2014/04/29,02,31,0,,,,,
2014/04/29,03,29,0,,,,,
2014/04/29,04,26,0,,,,,
2014/04/29,05,25,0,,,,,
2014/04/29,06,26,0,,,,,
2014/04/29,07,56,0,,,,,
2014/04/29,08,63,0,,,,,
2014/04/29,09,65,0,,,,,
2014/04/29,10,65,0,,,,,
2014/04/29,11,69,0,,,,,
2014/04/29,12,70,0,,,,,
2014/04/29,13,82,0,,,,,
2014/04/29,14,83,0,,,,,
2014/04/29,15,94,0,,,,,
2014/04/29,16,111,0,,,,,
2014/04/29,17,120,0,,,,,
2014/04/29,18,115,0,,,,,
2014/04/29,19,63,0,,,,,
2014/04/29,20,44,0,,,,,
2014/04/29,21,38,0,,,,,
2014/04/29,22,35,0,,,,,
2014/04/29,23,29,0,,,,,
2014/04/29,24,28,0,,,,,
2014/04/30,01,27,0,,,,,
2014/04/30,02,26,0,,,,,
2014/04/30,03,25,0,,,,,
2014/04/30,04,26,0,,,,,
2014/04/30,05,25,0,,,,,
2014/04/30,06,26,0,,,,,
2014/04/30,07,30,0,,,,,
2014/04/30,08,49,0,,,,,
2014/04/30,09,56,0,,,,,
2014/04/30,10,59,0,,,,,
2014/04/30,11,57,0,,,,,
2014/04/30,12,55,0,,,,,
2014/04/30,13,69,0,,,,,
2014/04/30,14,73,0,,,,,
2014/04/30,15,75,0,,,,,
2014/04/30,16,88,0,,,,,
2014/04/30,17,97,0,,,,,
2014/04/30,18,76,0,,,,,
2014/04/30,19,42,0,,,,,
2014/04/30,20,35,0,,,,,
2014/04/30,21,31,0,,,,,
2014/04/30,22,30,0,,,,,
2014/04/30,23,26,0,,,,,
2014/04/30,24,26,0,,,,,
2014/05/01,01,25,0,,,,,
2014/05/01,02,28,0,,,,,
2014/05/01,03,27,0,,,,,
2014/05/01,04,29,0,,,,,
2014/05/01,05,28,0,,,,,
2014/05/01,06,28,0,,,,,
2014/05/01,07,38,0,,,,,
2014/05/01,08,56,0,,,,,
2014/05/01,09,52,0,,,,,
2014/05/01,10,51,0,,,,,
2014/05/01,11,53,0,,,,,
2014/05/01,12,54,0,,,,,
2014/05/01,13,63,0,,,,,
2014/05/01,14,68,0,,,,,
2014/05/01,15,90,0,,,,,
2014/05/01,16,105,0,,,,,
2014/05/01,17,113,0,,,,,
2014/05/01,18,93,0,,,,,
2014/05/01,19,49,0,,,,,
2014/05/01,20,34,0,,,,,
2014/05/01,21,27,0,,,,,
2014/05/01,22,24,0,,,,,
2014/05/01,23,20,0,,,,,
2014/05/01,24,19,0,,,,,
2014/05/02,01,19,0,,,,,
2014/05/02,02,20,0,,,,,
2014/05/02,03,19,0,,,,,
2014/05/02,04,20,0,,,,,
2014/05/02,05,19,0,,,,,
2014/05/02,06,19,0,,,,,
2014/05/02,07,43,0,,,,,
2014/05/02,08,49,0,,,,,
2014/05/02,09,50,0,,,,,
2014/05/02,10,55,0,,,,,
2014/05/02,11,66,0,,,,,
2014/05/02,12,64,0,,,,,
2014/05/02,13,65,0,,,,,
2014/05/02,14,78,0,,,,,
2014/05/02,15,85,0,,,,,
2014/05/02,16,100,0,,,,,
2014/05/02,17,107,0,,,,,
2014/05/02,18,89,0,,,,,
2014/05/02,19,47,0,,,,,
2014/05/02,20,38,0,,,,,
2014/05/02,21,32,0,,,,,
2014/05/02,22,30,0,,,,,
2014/05/02,23,28,0,,,,,
2014/05/02,24,27,0,,,,,
2014/05/03,01,23,0,,,,,
2014/05/03,02,25,0,,,,,
2014/05/03,03,26,0,,,,,
2014/05/03,04,30,0,,,,,
2014/05/03,05,22,0,,,,,
2014/05/03,06,25,0,,,,,
2014/05/03,07,49,0,,,,,
2014/05/03,08,52,0,,,,,
2014/05/03,09,53,0,,,,,
2014/05/03,10,60,0,,,,,
2014/05/03,11,63,0,,,,,
2014/05/03,12,67,0,,,,,
2014/05/03,13,76,0,,,,,
2014/05/03,14,79,0,,,,,
2014/05/03,15,93,0,,,,,
2014/05/03,16,97,0,,,,,
2014/05/03,17,101,0,,,,,
2014/05/03,18,106,0,,,,,
2014/05/03,19,81,0,,,,,
2014/05/03,20,48,0,,,,,
2014/05/03,21,36,0,,,,,
2014/05/03,22,33,0,,,,,
2014/05/03,23,28,0,,,,,
2014/05/03,24,26,0,,,,,
2014/05/04,01,22,0,,,,,
2014/05/04,02,37,0,,,,,
2014/05/04,03,38,0,,,,,
2014/05/04,04,32,0,,,,,
2014/05/04,05,31,0,,,,,
2014/05/04,06,23,0,,,,,
2014/05/04,07,49,0,,,,,
2014/05/04,08,71,5,,,,,
2014/05/04,09,56,4,,,,,
2014/05/04,10,64,0,,,,,
2014/05/04,11,56,0,,,,,
2014/05/04,12,58,0,,,,,
2014/05/04,13,64,0,,,,,
2014/05/04,14,68,0,,,,,
2014/05/04,15,79,0,,,,,
2014/05/04,16,98,0,,,,,
2014/05/04,17,112,0,,,,,
2014/05/04,18,107,0,,,,,
2014/05/04,19,81,0,,,,,
2014/05/04,20,44,0,,,,,
2014/05/04,21,29,0,,,,,
2014/05/04,22,29,0,,,,,
2014/05/04,23,23,0,,,,,
2014/05/04,24,21,0,,,,,
2014/05/05,01,19,0,,,,,
2014/05/05,02,21,0,,,,,
2014/05/05,03,20,0,,,,,
2014/05/05,04,20,0,,,,,
2014/05/05,05,19,0,,,,,
2014/05/05,06,23,0,,,,,
2014/05/05,07,52,0,,,,,
2014/05/05,08,60,0,,,,,
2014/05/05,09,66,0,,,,,
2014/05/05,10,71,0,,,,,
2014/05/05,11,71,0,,,,,
2014/05/05,12,73,0,,,,,
2014/05/05,13,77,0,,,,,
2014/05/05,14,84,0,,,,,
2014/05/05,15,91,0,,,,,
2014/05/05,16,100,0,,,,,
2014/05/05,17,110,0,,,,,
2014/05/05,18,110,0,,,,,
2014/05/05,19,77,0,,,,,
2014/05/05,20,42,0,,,,,
2014/05/05,21,31,0,,,,,
2014/05/05,22,27,0,,,,,
2014/05/05,23,22,0,,,,,
2014/05/05,24,22,0,,,,,
2014/05/06,01,19,0,,,,,
2014/05/06,02,20,0,,,,,
2014/05/06,03,19,0,,,,,
2014/05/06,04,20,0,,,,,
2014/05/06,05,19,0,,,,,
2014/05/06,06,24,0,,,,,
2014/05/06,07,51,0,,,,,
2014/05/06,08,59,0,,,,,
2014/05/06,09,57,0,,,,,
2014/05/06,10,59,0,,,,,
2014/05/06,11,61,0,,,,,
2014/05/06,12,62,0,,,,,
2014/05/06,13,69,0,,,,,
2014/05/06,14,72,0,,,,,
2014/05/06,15,82,0,,,,,
2014/05/06,16,99,0,,,,,
2014/05/06,17,104,0,,,,,
2014/05/06,18,80,0,,,,,
2014/05/06,19,41,0,,,,,
2014/05/06,20,33,0,,,,,
2014/05/06,21,27,0,,,,,
2014/05/06,22,24,0,,,,,
2014/05/06,23,22,0,,,,,
2014/05/06,24,22,0,,,,,
2014/05/07,01,19,0,,,,,
2014/05/07,02,19,0,,,,,
2014/05/07,03,19,0,,,,,
2014/05/07,04,19,0,,,,,
2014/05/07,05,20,0,,,,,
2014/05/07,06,19,0,,,,,
2014/05/07,07,22,0,,,,,
2014/05/07,08,40,0,,,,,
2014/05/07,09,55,0,,,,,
2014/05/07,10,60,0,,,,,
2014/05/07,11,51,0,,,,,
2014/05/07,12,62,0,,,,,
2014/05/07,13,61,0,,,,,
2014/05/07,14,59,0,,,,,
2014/05/07,15,69,0,,,,,
2014/05/07,16,89,0,,,,,
2014/05/07,17,96,0,,,,,
2014/05/07,18,54,0,,,,,
2014/05/07,19,33,0,,,,,
2014/05/07,20,28,0,,,,,
2014/05/07,21,24,0,,,,,
2014/05/07,22,24,0,,,,,
2014/05/07,23,20,0,,,,,
2014/05/07,24,20,0,,,,,
2014/05/08,01,20,0,,,,,
2014/05/08,02,26,0,,,,,
2014/05/08,03,30,0,,,,,
2014/05/08,04,35,0,,,,,
2014/05/08,05,37,0,,,,,
2014/05/08,06,25,0,,,,,
2014/05/08,07,36,0,,,,,
2014/05/08,08,53,0,,,,,
2014/05/08,09,62,0,,,,,
2014/05/08,10,58,0,,,,,
2014/05/08,11,63,0,,,,,
2014/05/08,12,63,0,,,,,
2014/05/08,13,71,0,,,,,
2014/05/08,14,78,0,,,,,
2014/05/08,15,84,0,,,,,
2014/05/08,16,100,0,,,,,
2014/05/08,17,103,0,,,,,
2014/05/08,18,80,0,,,,,
2014/05/08,19,40,0,,,,,
2014/05/08,20,34,0,,,,,
2014/05/08,21,31,0,,,,,
2014/05/08,22,30,0,,,,,
2014/05/08,23,27,0,,,,,
2014/05/08,24,26,0,,,,,
2014/05/09,01,26,0,,,,,
2014/05/09,02,33,0,,,,,
2014/05/09,03,46,0,,,,,
2014/05/09,04,40,0,,,,,
2014/05/09,05,36,0,,,,,
2014/05/09,06,33,0,,,,,
2014/05/09,07,37,0,,,,,
2014/05/09,08,46,0,,,,,
2014/05/09,09,58,0,,,,,
2014/05/09,10,51,0,,,,,
2014/05/09,11,53,0,,,,,
2014/05/09,12,53,0,,,,,
2014/05/09,13,53,0,,,,,
2014/05/09,14,64,0,,,,,
2014/05/09,15,73,0,,,,,
2014/05/09,16,82,0,,,,,
2014/05/09,17,88,0,,,,,
2014/05/09,18,59,0,,,,,
2014/05/09,19,40,0,,,,,
2014/05/09,20,35,0,,,,,
2014/05/09,21,32,0,,,,,
2014/05/09,22,28,0,,,,,
2014/05/09,23,29,0,,,,,
2014/05/09,24,26,0,,,,,
2014/05/10,01,26,0,,,,,
2014/05/10,02,26,0,,,,,
2014/05/10,03,26,0,,,,,
2014/05/10,04,27,0,,,,,
2014/05/10,05,25,0,,,,,
2014/05/10,06,26,0,,,,,
2014/05/10,07,37,0,,,,,
2014/05/10,08,57,0,,,,,
2014/05/10,09,56,0,,,,,
2014/05/10,10,61,0,,,,,
2014/05/10,11,67,0,,,,,
2014/05/10,12,65,0,,,,,
2014/05/10,13,70,0,,,,,
2014/05/10,14,77,0,,,,,
2014/05/10,15,88,0,,,,,
2014/05/10,16,105,0,,,,,
2014/05/10,17,118,0,,,,,
2014/05/10,18,72,0,,,,,
2014/05/10,19,42,0,,,,,
2014/05/10,20,36,0,,,,,
2014/05/10,21,33,0,,,,,
2014/05/10,22,30,0,,,,,
2014/05/10,23,26,0,,,,,
2014/05/10,24,29,0,,,,,
2014/05/11,01,25,0,,,,,
2014/05/11,02,25,0,,,,,
2014/05/11,03,27,0,,,,,
2014/05/11,04,27,0,,,,,
2014/05/11,05,26,0,,,,,
2014/05/11,06,27,0,,,,,
2014/05/11,07,54,0,,,,,
2014/05/11,08,55,0,,,,,
2014/05/11,09,59,0,,,,,
2014/05/11,10,64,0,,,,,
2014/05/11,11,65,0,,,,,
2014/05/11,12,67,0,,,,,
2014/05/11,13,73,0,,,,,
2014/05/11,14,81,0,,,,,
2014/05/11,15,95,0,,,,,
2014/05/11,16,109,0,,,,,
2014/05/11,17,110,0,,,,,
2014/05/11,18,94,0,,,,,
2014/05/11,19,49,0,,,,,
2014/05/11,20,42,0,,,,,
2014/05/11,21,34,0,,,,,
2014/05/11,22,31,0,,,,,
2014/05/11,23,28,0,,,,,
2014/05/11,24,28,0,,,,,
2014/05/12,01,28,0,,,,,
2014/05/12,02,26,0,,,,,
2014/05/12,03,25,0,,,,,
2014/05/12,04,27,0,,,,,
2014/05/12,05,26,0,,,,,
2014/05/12,06,31,0,,,,,
2014/05/12,07,41,0,,,,,
2014/05/12,08,62,0,,,,,
2014/05/12,09,58,0,,,,,
2014/05/12,10,57,0,,,,,
2014/05/12,11,61,0,,,,,
2014/05/12,12,65,0,,,,,
2014/05/12,13,77,0,,,,,
2014/05/12,14,92,0,,,,,
2014/05/12,15,99,0,,,,,
2014/05/12,16,111,0,,,,,
2014/05/12,17,107,0,,,,,
2014/05/12,18,67,0,,,,,
2014/05/12,19,43,0,,,,,
2014/05/12,20,40,0,,,,,
2014/05/12,21,38,0,,,,,
2014/05/12,22,34,0,,,,,
2014/05/12,23,26,0,,,,,
2014/05/12,24,26,0,,,,,
2014/05/13,01,26,0,,,,,
2014/05/13,02,26,0,,,,,
2014/05/13,03,27,0,,,,,
2014/05/13,04,27,0,,,,,
2014/05/13,05,26,0,,,,,
2014/05/13,06,26,0,,,,,
2014/05/13,07,38,0,,,,,
2014/05/13,08,67,0,,,,,
2014/05/13,09,60,0,,,,,
2014/05/13,10,60,0,,,,,
2014/05/13,11,62,0,,,,,
2014/05/13,12,64,0,,,,,
2014/05/13,13,70,0,,,,,
2014/05/13,14,81,0,,,,,
2014/05/13,15,100,0,,,,,
2014/05/13,16,119,0,,,,,
2014/05/13,17,122,0,,,,,
2014/05/13,18,70,0,,,,,
2014/05/13,19,43,0,,,,,
2014/05/13,20,37,0,,,,,
2014/05/13,21,35,0,,,,,
2014/05/13,22,29,0,,,,,
2014/05/13,23,28,0,,,,,
2014/05/13,24,21,0,,,,,
2014/05/14,01,20,0,,,,,
2014/05/14,02,27,0,,,,,
2014/05/14,03,31,0,,,,,
2014/05/14,04,34,0,,,,,
2014/05/14,05,49,0,,,,,
2014/05/14,06,37,0,,,,,
2014/05/14,07,36,0,,,,,
2014/05/14,08,55,0,,,,,
2014/05/14,09,57,0,,,,,
2014/05/14,10,60,0,,,,,
2014/05/14,11,59,0,,,,,
2014/05/14,12,63,0,,,,,
2014/05/14,13,72,0,,,,,
2014/05/14,14,77,0,,,,,
2014/05/14,15,85,0,,,,,
2014/05/14,16,106,0,,,,,
2014/05/14,17,111,0,,,,,
2014/05/14,18,65,0,,,,,
2014/05/14,19,37,0,,,,,
2014/05/14,20,32,0,,,,,
2014/05/14,21,29,0,,,,,
2014/05/14,22,27,0,,,,,
2014/05/14,23,26,0,,,,,
2014/05/14,24,26,0,,,,,
2014/05/15,01,25,0,,,,,
2014/05/15,02,26,0,,,,,
2014/05/15,03,25,0,,,,,
2014/05/15,04,27,0,,,,,
2014/05/15,05,26,0,,,,,
2014/05/15,06,28,0,,,,,
2014/05/15,07,30,0,,,,,
2014/05/15,08,50,0,,,,,
2014/05/15,09,68,0,,,,,
2014/05/15,10,70,0,,,,,
2014/05/15,11,73,0,,,,,
2014/05/15,12,76,0,,,,,
2014/05/15,13,88,0,,,,,
2014/05/15,14,80,0,,,,,
2014/05/15,15,81,0,,,,,
2014/05/15,16,94,0,,,,,
2014/05/15,17,105,0,,,,,
2014/05/15,18,89,0,,,,,
2014/05/15,19,48,0,,,,,
2014/05/15,20,37,0,,,,,
2014/05/15,21,32,0,,,,,
2014/05/15,22,29,0,,,,,
2014/05/15,23,26,0,,,,,
2014/05/15,24,26,0,,,,,
2014/05/16,01,25,0,,,,,
2014/05/16,02,25,0,,,,,
2014/05/16,03,26,0,,,,,
2014/05/16,04,26,0,,,,,
2014/05/16,05,25,0,,,,,
2014/05/16,06,25,0,,,,,
2014/05/16,07,31,0,,,,,
2014/05/16,08,58,0,,,,,
2014/05/16,09,59,0,,,,,
2014/05/16,10,54,0,,,,,
2014/05/16,11,57,0,,,,,
2014/05/16,12,58,0,,,,,
2014/05/16,13,58,0,,,,,
2014/05/16,14,66,0,,,,,
2014/05/16,15,70,0,,,,,
2014/05/16,16,79,0,,,,,
2014/05/16,17,84,0,,,,,
2014/05/16,18,68,0,,,,,
2014/05/16,19,46,0,,,,,
2014/05/16,20,35,0,,,,,
2014/05/16,21,31,0,,,,,
2014/05/16,22,28,0,,,,,
2014/05/16,23,26,0,,,,,
2014/05/16,24,27,0,,,,,
2014/05/17,01,26,0,,,,,
2014/05/17,02,26,0,,,,,
2014/05/17,03,26,0,,,,,
2014/05/17,04,26,0,,,,,
2014/05/17,05,26,0,,,,,
2014/05/17,06,27,0,,,,,
2014/05/17,07,44,0,,,,,
2014/05/17,08,67,0,,,,,
2014/05/17,09,69,0,,,,,
2014/05/17,10,68,0,,,,,
2014/05/17,11,73,0,,,,,
2014/05/17,12,68,0,,,,,
2014/05/17,13,72,0,,,,,
2014/05/17,14,78,0,,,,,
2014/05/17,15,97,0,,,,,
2014/05/17,16,113,0,,,,,
2014/05/17,17,113,0,,,,,
2014/05/17,18,109,0,,,,,
2014/05/17,19,58,0,,,,,
2014/05/17,20,43,0,,,,,
2014/05/17,21,37,0,,,,,
2014/05/17,22,34,0,,,,,
2014/05/17,23,30,0,,,,,
2014/05/17,24,29,0,,,,,
2014/05/18,01,28,0,,,,,
2014/05/18,02,35,0,,,,,
2014/05/18,03,49,0,,,,,
2014/05/18,04,38,0,,,,,
2014/05/18,05,37,0,,,,,
2014/05/18,06,27,0,,,,,
2014/05/18,07,58,0,,,,,
2014/05/18,08,63,0,,,,,
2014/05/18,09,78,0,,,,,
2014/05/18,10,69,0,,,,,
2014/05/18,11,67,0,,,,,
2014/05/18,12,68,0,,,,,
2014/05/18,13,76,3,,,,,
2014/05/18,14,87,2,,,,,
2014/05/18,15,105,3,,,,,
2014/05/18,16,120,2,,,,,
2014/05/18,17,130,2,,,,,
2014/05/18,18,123,3,,,,,
2014/05/18,19,82,1,,,,,
2014/05/18,20,45,1,,,,,
2014/05/18,21,36,0,,,,,
2014/05/18,22,34,0,,,,,
2014/05/18,23,30,0,,,,,
2014/05/18,24,30,0,,,,,
2014/05/19,01,25,0,,,,,
2014/05/19,02,35,0,,,,,
2014/05/19,03,37,0,,,,,
2014/05/19,04,38,0,,,,,
2014/05/19,05,45,0,,,,,
2014/05/19,06,27,0,,,,,
2014/05/19,07,35,0,,,,,
2014/05/19,08,60,0,,,,,
2014/05/19,09,59,0,,,,,
2014/05/19,10,59,0,,,,,
2014/05/19,11,63,0,,,,,
2014/05/19,12,71,0,,,,,
2014/05/19,13,75,1,,,,,
2014/05/19,14,95,3,,,,,
2014/05/19,15,94,2,,,,,
2014/05/19,16,99,1,,,,,
2014/05/19,17,114,3,,,,,
2014/05/19,18,103,3,,,,,
2014/05/19,19,53,1,,,,,
2014/05/19,20,39,0,,,,,
2014/05/19,21,32,0,,,,,
2014/05/19,22,29,0,,,,,
2014/05/19,23,28,0,,,,,
2014/05/19,24,30,0,,,,,
2014/05/20,01,27,0,,,,,
2014/05/20,02,34,0,,,,,
2014/05/20,03,41,0,,,,,
2014/05/20,04,47,0,,,,,
2014/05/20,05,37,0,,,,,
2014/05/20,06,51,0,,,,,
2014/05/20,07,62,0,,,,,
2014/05/20,08,69,0,,,,,
2014/05/20,09,71,0,,,,,
2014/05/20,10,72,0,,,,,
2014/05/20,11,81,1,,,,,
2014/05/20,12,90,1,,,,,
2014/05/20,13,95,2,,,,,
2014/05/20,14,102,1,,,,,
2014/05/20,15,107,1,,,,,
2014/05/20,16,123,0,,,,,
2014/05/20,17,140,0,,,,,
2014/05/20,18,157,0,,,,,
2014/05/20,19,154,0,,,,,
2014/05/20,20,128,0,,,,,
2014/05/20,21,97,0,,,,,
2014/05/20,22,55,0,,,,,
2014/05/20,23,45,0,,,,,
2014/05/20,24,47,0,,,,,
2014/05/21,01,37,0,,,,,
2014/05/21,02,33,0,,,,,
2014/05/21,03,29,0,,,,,
2014/05/21,04,30,0,,,,,
2014/05/21,05,27,0,,,,,
2014/05/21,06,28,0,,,,,
2014/05/21,07,36,0,,,,,
2014/05/21,08,58,0,,,,,
2014/05/21,09,58,0,,,,,
2014/05/21,10,65,0,,,,,
2014/05/21,11,59,0,,,,,
2014/05/21,12,61,0,,,,,
2014/05/21,13,72,0,,,,,
2014/05/21,14,74,0,,,,,
2014/05/21,15,85,0,,,,,
2014/05/21,16,104,0,,,,,
2014/05/21,17,111,0,,,,,
2014/05/21,18,108,0,,,,,
2014/05/21,19,62,0,,,,,
2014/05/21,20,43,0,,,,,
2014/05/21,21,33,0,,,,,
2014/05/21,22,34,0,,,,,
2014/05/21,23,27,0,,,,,
2014/05/21,24,26,0,,,,,
2014/05/22,01,26,0,,,,,
2014/05/22,02,25,0,,,,,
2014/05/22,03,26,0,,,,,
2014/05/22,04,28,0,,,,,
2014/05/22,05,26,0,,,,,
2014/05/22,06,26,0,,,,,
2014/05/22,07,31,0,,,,,
2014/05/22,08,57,0,,,,,
2014/05/22,09,59,0,,,,,
2014/05/22,10,58,0,,,,,
2014/05/22,11,63,0,,,,,
2014/05/22,12,67,0,,,,,
2014/05/22,13,74,0,,,,,
2014/05/22,14,81,1,,,,,
2014/05/22,15,97,2,,,,,
2014/05/22,16,111,1,,,,,
2014/05/22,17,119,1,,,,,
2014/05/22,18,96,0,,,,,
2014/05/22,19,52,0,,,,,
2014/05/22,20,40,0,,,,,
2014/05/22,21,34,0,,,,,
2014/05/22,22,33,0,,,,,
2014/05/22,23,30,0,,,,,
2014/05/22,24,27,0,,,,,
2014/05/23,01,27,0,,,,,
2014/05/23,02,27,0,,,,,
2014/05/23,03,27,0,,,,,
2014/05/23,04,28,0,,,,,
2014/05/23,05,27,0,,,,,
2014/05/23,06,27,0,,,,,
2014/05/23,07,29,0,,,,,
2014/05/23,08,42,0,,,,,
2014/05/23,09,51,0,,,,,
2014/05/23,10,51,0,,,,,
2014/05/23,11,61,0,,,,,
2014/05/23,12,61,0,,,,,
2014/05/23,13,57,0,,,,,
2014/05/23,14,63,0,,,,,
2014/05/23,15,75,0,,,,,
2014/05/23,16,91,0,,,,,
2014/05/23,17,83,0,,,,,
2014/05/23,18,66,0,,,,,
2014/05/23,19,45,0,,,,,
2014/05/23,20,35,0,,,,,
2014/05/23,21,34,0,,,,,
2014/05/23,22,28,0,,,,,
2014/05/23,23,26,0,,,,,
2014/05/23,24,26,0,,,,,
2014/05/24,01,26,0,,,,,
2014/05/24,02,33,0,,,,,
2014/05/24,03,36,0,,,,,
2014/05/24,04,37,0,,,,,
2014/05/24,05,42,0,,,,,
2014/05/24,06,32,0,,,,,
2014/05/24,07,35,0,,,,,
2014/05/24,08,68,0,,,,,
2014/05/24,09,61,0,,,,,
2014/05/24,10,44,0,,,,,
2014/05/24,11,49,0,,,,,
2014/05/24,12,62,0,,,,,
2014/05/24,13,73,1,,,,,
2014/05/24,14,71,1,,,,,
2014/05/24,15,101,0,,,,,
2014/05/24,16,145,0,,,,,
2014/05/24,17,127,0,,,,,
2014/05/24,18,69,0,,,,,
2014/05/24,19,41,0,,,,,
2014/05/24,20,39,0,,,,,
2014/05/24,21,33,0,,,,,
2014/05/24,22,30,0,,,,,
2014/05/24,23,29,0,,,,,
2014/05/24,24,27,0,,,,,
2014/05/25,01,27,0,,,,,
2014/05/25,02,34,0,,,,,
2014/05/25,03,37,0,,,,,
2014/05/25,04,36,0,,,,,
2014/05/25,05,42,0,,,,,
2014/05/25,06,32,0,,,,,
2014/05/25,07,50,0,,,,,
2014/05/25,08,58,0,,,,,
2014/05/25,09,60,0,,,,,
2014/05/25,10,68,0,,,,,
2014/05/25,11,65,0,,,,,
2014/05/25,12,73,3,,,,,
2014/05/25,13,84,2,,,,,
2014/05/25,14,95,3,,,,,
2014/05/25,15,100,3,,,,,
2014/05/25,16,108,2,,,,,
2014/05/25,17,114,2,,,,,
2014/05/25,18,101,3,,,,,
2014/05/25,19,49,1,,,,,
2014/05/25,20,42,0,,,,,
2014/05/25,21,36,0,,,,,
2014/05/25,22,32,0,,,,,
2014/05/25,23,29,0,,,,,
2014/05/25,24,29,0,,,,,
2014/05/26,01,26,0,,,,,
2014/05/26,02,28,0,,,,,
2014/05/26,03,26,0,,,,,
2014/05/26,04,27,0,,,,,
2014/05/26,05,27,0,,,,,
2014/05/26,06,27,0,,,,,
2014/05/26,07,27,0,,,,,
2014/05/26,08,49,0,,,,,
2014/05/26,09,58,0,,,,,
2014/05/26,10,58,0,,,,,
2014/05/26,11,51,0,,,,,
2014/05/26,12,64,0,,,,,
2014/05/26,13,70,0,,,,,
2014/05/26,14,81,0,,,,,
2014/05/26,15,90,0,,,,,
2014/05/26,16,96,0,,,,,
2014/05/26,17,75,0,,,,,
2014/05/26,18,40,0,,,,,
2014/05/26,19,33,0,,,,,
2014/05/26,20,32,0,,,,,
2014/05/26,21,28,0,,,,,
2014/05/26,22,27,0,,,,,
2014/05/26,23,27,0,,,,,
2014/05/26,24,26,0,,,,,
2014/05/27,01,25,0,,,,,
2014/05/27,02,26,0,,,,,
2014/05/27,03,25,0,,,,,
2014/05/27,04,26,0,,,,,
2014/05/27,05,26,0,,,,,
2014/05/27,06,26,0,,,,,
2014/05/27,07,36,0,,,,,
2014/05/27,08,57,0,,,,,
2014/05/27,09,53,0,,,,,
2014/05/27,10,56,0,,,,,
2014/05/27,11,63,0,,,,,
2014/05/27,12,84,1,,,,,
2014/05/27,13,87,1,,,,,
2014/05/27,14,105,1,,,,,
2014/05/27,15,106,1,,,,,
2014/05/27,16,112,1,,,,,
2014/05/27,17,99,2,,,,,
2014/05/27,18,50,1,,,,,
2014/05/27,19,36,0,,,,,
2014/05/27,20,32,0,,,,,
2014/05/27,21,29,0,,,,,
2014/05/27,22,27,0,,,,,
2014/05/27,23,25,0,,,,,
2014/05/27,24,27,0,,,,,
2014/05/28,01,27,0,,,,,
2014/05/28,02,25,0,,,,,
2014/05/28,03,25,0,,,,,
2014/05/28,04,26,0,,,,,
2014/05/28,05,26,0,,,,,
2014/05/28,06,27,0,,,,,
2014/05/28,07,48,0,,,,,
2014/05/28,08,61,0,,,,,
2014/05/28,09,55,0,,,,,
2014/05/28,10,73,0,,,,,
2014/05/28,11,84,0,,,,,
2014/05/28,12,82,4,,,,,
2014/05/28,13,88,3,,,,,
2014/05/28,14,97,4,,,,,
2014/05/28,15,123,3,,,,,
2014/05/28,16,127,4,,,,,
2014/05/28,17,128,5,,,,,
2014/05/28,18,123,5,,,,,
2014/05/28,19,67,1,,,,,
2014/05/28,20,43,0,,,,,
2014/05/28,21,35,0,,,,,
2014/05/28,22,32,0,,,,,
2014/05/28,23,28,0,,,,,
2014/05/28,24,27,0,,,,,
2014/05/29,01,26,0,,,,,
2014/05/29,02,38,0,,,,,
2014/05/29,03,42,0,,,,,
2014/05/29,04,36,0,,,,,
2014/05/29,05,36,0,,,,,
2014/05/29,06,26,0,,,,,
2014/05/29,07,38,0,,,,,
2014/05/29,08,67,0,,,,,
2014/05/29,09,58,0,,,,,
2014/05/29,10,70,0,,,,,
2014/05/29,11,82,3,,,,,
2014/05/29,12,85,4,,,,,
2014/05/29,13,98,7,,,,,
2014/05/29,14,105,6,,,,,
2014/05/29,15,113,6,,,,,
2014/05/29,16,128,3,,,,,
2014/05/29,17,126,5,,,,,
2014/05/29,18,76,3,,,,,
2014/05/29,19,41,0,,,,,
2014/05/29,20,36,0,,,,,
2014/05/29,21,33,0,,,,,
2014/05/29,22,27,0,,,,,
2014/05/29,23,28,0,,,,,
2014/05/29,24,28,0,,,,,
2014/05/30,01,26,0,,,,,
2014/05/30,02,33,0,,,,,
2014/05/30,03,36,0,,,,,
2014/05/30,04,39,0,,,,,
2014/05/30,05,46,0,,,,,
2014/05/30,06,33,0,,,,,
2014/05/30,07,34,0,,,,,
2014/05/30,08,43,0,,,,,
2014/05/30,09,52,0,,,,,
2014/05/30,10,52,0,,,,,
2014/05/30,11,71,2,,,,,
2014/05/30,12,80,3,,,,,
2014/05/30,13,82,4,,,,,
2014/05/30,14,75,9,,,,,
2014/05/30,15,62,1,,,,,
2014/05/30,16,73,0,,,,,
2014/05/30,17,73,0,,,,,
2014/05/30,18,50,0,,,,,
2014/05/30,19,37,0,,,,,
2014/05/30,20,35,0,,,,,
2014/05/30,21,32,0,,,,,
2014/05/30,22,32,0,,,,,
2014/05/30,23,29,0,,,,,
2014/05/30,24,29,0,,,,,
2014/05/31,01,26,0,,,,,
2014/05/31,02,37,0,,,,,
2014/05/31,03,46,0,,,,,
2014/05/31,04,40,0,,,,,
2014/05/31,05,37,0,,,,,
2014/05/31,06,31,0,,,,,
2014/05/31,07,58,0,,,,,
2014/05/31,08,64,0,,,,,
2014/05/31,09,73,0,,,,,
2014/05/31,10,76,0,,,,,
2014/05/31,11,96,6,,,,,
2014/05/31,12,102,7,,,,,
2014/05/31,13,108,12,,,,,
2014/05/31,14,149,12,,,,,
2014/05/31,15,151,12,,,,,
2014/05/31,16,173,12,,,,,
2014/05/31,17,177,12,,,,,
2014/05/31,18,154,12,,,,,
2014/05/31,19,64,3,,,,,
2014/05/31,20,41,0,,,,,
2014/05/31,21,37,0,,,,,
2014/05/31,22,35,0,,,,,
2014/05/31,23,30,0,,,,,
2014/05/31,24,29,0,,,,,
2014/06/01,01,29,0,,,,,
2014/06/01,02,35,0,,,,,
2014/06/01,03,37,0,,,,,
2014/06/01,04,42,0,,,,,
2014/06/01,05,44,0,,,,,
2014/06/01,06,28,0,,,,,
2014/06/01,07,47,0,,,,,
2014/06/01,08,63,0,,,,,
2014/06/01,09,62,0,,,,,
2014/06/01,10,75,0,,,,,
2014/06/01,11,94,6,,,,,
2014/06/01,12,92,7,,,,,
2014/06/01,13,102,5,,,,,
2014/06/01,14,142,5,,,,,
2014/06/01,15,150,6,,,,,
2014/06/01,16,160,6,,,,,
2014/06/01,17,157,5,,,,,
2014/06/01,18,115,5,,,,,
2014/06/01,19,50,0,,,,,
2014/06/01,20,42,0,,,,,
2014/06/01,21,34,0,,,,,
2014/06/01,22,30,0,,,,,
2014/06/01,23,28,0,,,,,
2014/06/01,24,28,0,,,,,
2014/06/02,01,27,0,,,,,
2014/06/02,02,35,0,,,,,
2014/06/02,03,45,0,,,,,
2014/06/02,04,44,0,,,,,
2014/06/02,05,38,0,,,,,
2014/06/02,06,28,0,,,,,
2014/06/02,07,39,0,,,,,
2014/06/02,08,57,0,,,,,
2014/06/02,09,65,0,,,,,
2014/06/02,10,88,2,,,,,
2014/06/02,11,87,5,,,,,
2014/06/02,12,94,5,,,,,
2014/06/02,13,106,5,,,,,
2014/06/02,14,150,5,,,,,
2014/06/02,15,138,5,,,,,
2014/06/02,16,144,2,,,,,
2014/06/02,17,151,1,,,,,
2014/06/02,18,83,2,,,,,
2014/06/02,19,56,0,,,,,
2014/06/02,20,38,0,,,,,
2014/06/02,21,33,0,,,,,
2014/06/02,22,30,0,,,,,
2014/06/02,23,28,0,,,,,
2014/06/02,24,27,0,,,,,
2014/06/03,01,28,0,,,,,
2014/06/03,02,34,0,,,,,
2014/06/03,03,37,0,,,,,
2014/06/03,04,38,0,,,,,
2014/06/03,05,43,0,,,,,
2014/06/03,06,35,0,,,,,
2014/06/03,07,35,0,,,,,
2014/06/03,08,56,0,,,,,
2014/06/03,09,57,0,,,,,
2014/06/03,10,75,1,,,,,
2014/06/03,11,83,5,,,,,
2014/06/03,12,84,4,,,,,
2014/06/03,13,94,5,,,,,
2014/06/03,14,105,5,,,,,
2014/06/03,15,118,4,,,,,
2014/06/03,16,125,3,,,,,
2014/06/03,17,128,4,,,,,
2014/06/03,18,89,4,,,,,
2014/06/03,19,41,1,,,,,
2014/06/03,20,30,0,,,,,
2014/06/03,21,28,0,,,,,
2014/06/03,22,23,0,,,,,
2014/06/03,23,21,0,,,,,
2014/06/03,24,21,0,,,,,
2014/06/04,01,20,0,,,,,
2014/06/04,02,20,0,,,,,
2014/06/04,03,20,0,,,,,
2014/06/04,04,21,0,,,,,
2014/06/04,05,20,0,,,,,
2014/06/04,06,21,0,,,,,
2014/06/04,07,20,0,,,,,
2014/06/04,08,42,0,,,,,
2014/06/04,09,50,0,,,,,
2014/06/04,10,46,0,,,,,
2014/06/04,11,49,0,,,,,
2014/06/04,12,61,2,,,,,
2014/06/04,13,70,4,,,,,
2014/06/04,14,70,3,,,,,
2014/06/04,15,78,1,,,,,
2014/06/04,16,87,3,,,,,
2014/06/04,17,86,2,,,,,
2014/06/04,18,43,1,,,,,
2014/06/04,19,32,0,,,,,
2014/06/04,20,31,0,,,,,
2014/06/04,21,32,0,,,,,
2014/06/04,22,31,0,,,,,
2014/06/04,23,29,0,,,,,
2014/06/04,24,29,0,,,,,
2014/06/05,01,22,0,,,,,
2014/06/05,02,19,0,,,,,
2014/06/05,03,22,0,,,,,
2014/06/05,04,20,0,,,,,
2014/06/05,05,19,0,,,,,
2014/06/05,06,20,0,,,,,
2014/06/05,07,22,0,,,,,
2014/06/05,08,44,0,,,,,
2014/06/05,09,53,0,,,,,
2014/06/05,10,56,0,,,,,
2014/06/05,11,51,0,,,,,
2014/06/05,12,69,1,,,,,
2014/06/05,13,81,2,,,,,
2014/06/05,14,83,3,,,,,
2014/06/05,15,94,1,,,,,
2014/06/05,16,108,2,,,,,
2014/06/05,17,104,1,,,,,
2014/06/05,18,79,1,,,,,
2014/06/05,19,44,0,,,,,
2014/06/05,20,36,0,,,,,
2014/06/05,21,33,0,,,,,
2014/06/05,22,28,0,,,,,
2014/06/05,23,22,0,,,,,
2014/06/05,24,21,0,,,,,
2014/06/06,01,20,0,,,,,
2014/06/06,02,21,0,,,,,
2014/06/06,03,19,0,,,,,
2014/06/06,04,20,0,,,,,
2014/06/06,05,21,0,,,,,
2014/06/06,06,19,0,,,,,
2014/06/06,07,26,0,,,,,
2014/06/06,08,43,0,,,,,
2014/06/06,09,55,0,,,,,
2014/06/06,10,50,0,,,,,
2014/06/06,11,59,0,,,,,
2014/06/06,12,72,0,,,,,
2014/06/06,13,61,0,,,,,
2014/06/06,14,54,0,,,,,
2014/06/06,15,61,0,,,,,
2014/06/06,16,72,0,,,,,
2014/06/06,17,63,0,,,,,
2014/06/06,18,33,0,,,,,
2014/06/06,19,24,0,,,,,
2014/06/06,20,24,0,,,,,
2014/06/06,21,22,0,,,,,
2014/06/06,22,20,0,,,,,
2014/06/06,23,19,0,,,,,
2014/06/06,24,21,0,,,,,
2014/06/07,01,20,0,,,,,
2014/06/07,02,20,0,,,,,
2014/06/07,03,20,0,,,,,
2014/06/07,04,20,0,,,,,
2014/06/07,05,20,0,,,,,
2014/06/07,06,21,0,,,,,
2014/06/07,07,52,0,,,,,
2014/06/07,08,55,0,,,,,
2014/06/07,09,55,0,,,,,
2014/06/07,10,61,0,,,,,
2014/06/07,11,78,2,,,,,
2014/06/07,12,83,4,,,,,
2014/06/07,13,86,0,,,,,
2014/06/07,14,90,2,,,,,
2014/06/07,15,114,2,,,,,
2014/06/07,16,134,1,,,,,
2014/06/07,17,131,3,,,,,
2014/06/07,18,128,2,,,,,
2014/06/07,19,98,2,,,,,
2014/06/07,20,49,0,,,,,
2014/06/07,21,37,0,,,,,
2014/06/07,22,36,0,,,,,
2014/06/07,23,29,0,,,,,
2014/06/07,24,27,0,,,,,
2014/06/08,01,22,0,,,,,
2014/06/08,02,19,0,,,,,
2014/06/08,03,20,0,,,,,
2014/06/08,04,21,0,,,,,
2014/06/08,05,19,0,,,,,
2014/06/08,06,20,0,,,,,
2014/06/08,07,49,0,,,,,
2014/06/08,08,53,0,,,,,
2014/06/08,09,71,0,,,,,
2014/06/08,10,80,1,,,,,
2014/06/08,11,83,2,,,,,
2014/06/08,12,84,5,,,,,
2014/06/08,13,89,5,,,,,
2014/06/08,14,129,5,,,,,
2014/06/08,15,118,5,,,,,
2014/06/08,16,134,2,,,,,
2014/06/08,17,128,3,,,,,
2014/06/08,18,92,1,,,,,
2014/06/08,19,38,0,,,,,
2014/06/08,20,30,0,,,,,
2014/06/08,21,27,0,,,,,
2014/06/08,22,25,0,,,,,
2014/06/08,23,21,0,,,,,
2014/06/08,24,22,0,,,,,
2014/06/09,01,21,0,,,,,
2014/06/09,02,20,0,,,,,
2014/06/09,03,19,0,,,,,
2014/06/09,04,21,0,,,,,
2014/06/09,05,21,0,,,,,
2014/06/09,06,22,0,,,,,
2014/06/09,07,32,0,,,,,
2014/06/09,08,51,0,,,,,
2014/06/09,09,52,0,,,,,
2014/06/09,10,61,0,,,,,
2014/06/09,11,64,2,,,,,
2014/06/09,12,73,2,,,,,
2014/06/09,13,84,2,,,,,
2014/06/09,14,121,2,,,,,
2014/06/09,15,129,3,,,,,
2014/06/09,16,144,2,,,,,
2014/06/09,17,139,2,,,,,
2014/06/09,18,81,2,,,,,
2014/06/09,19,37,0,,,,,
2014/06/09,20,33,0,,,,,
2014/06/09,21,28,0,,,,,
2014/06/09,22,25,0,,,,,
2014/06/09,23,24,0,,,,,
2014/06/09,24,21,0,,,,,
2014/06/10,01,22,0,,,,,
2014/06/10,02,21,0,,,,,
2014/06/10,03,21,0,,,,,
2014/06/10,04,23,0,,,,,
2014/06/10,05,23,0,,,,,
2014/06/10,06,24,0,,,,,
2014/06/10,07,24,0,,,,,
2014/06/10,08,52,0,,,,,
2014/06/10,09,67,0,,,,,
2014/06/10,10,66,0,,,,,
2014/06/10,11,71,2,,,,,
2014/06/10,12,81,3,,,,,
2014/06/10,13,86,5,,,,,
2014/06/10,14,84,5,,,,,
2014/06/10,15,93,5,,,,,
2014/06/10,16,98,5,,,,,
2014/06/10,17,68,3,,,,,
2014/06/10,18,38,0,,,,,
2014/06/10,19,29,0,,,,,
2014/06/10,20,26,0,,,,,
2014/06/10,21,22,0,,,,,
2014/06/10,22,23,0,,,,,
2014/06/10,23,20,0,,,,,
2014/06/10,24,21,0,,,,,
2014/06/11,01,20,0,,,,,
2014/06/11,02,20,0,,,,,
2014/06/11,03,20,0,,,,,
2014/06/11,04,21,0,,,,,
2014/06/11,05,22,0,,,,,
2014/06/11,06,20,0,,,,,
2014/06/11,07,22,0,,,,,
2014/06/11,08,48,0,,,,,
2014/06/11,09,62,0,,,,,
2014/06/11,10,59,0,,,,,
2014/06/11,11,64,0,,,,,
2014/06/11,12,80,2,,,,,
2014/06/11,13,90,5,,,,,
2014/06/11,14,97,4,,,,,
2014/06/11,15,94,4,,,,,
2014/06/11,16,110,4,,,,,
2014/06/11,17,118,6,,,,,
2014/06/11,18,63,4,,,,,
2014/06/11,19,31,0,,,,,
2014/06/11,20,28,0,,,,,
2014/06/11,21,28,0,,,,,
2014/06/11,22,24,0,,,,,
2014/06/11,23,23,0,,,,,
2014/06/11,24,25,0,,,,,
2014/06/12,01,24,0,,,,,
2014/06/12,02,22,0,,,,,
2014/06/12,03,22,0,,,,,
2014/06/12,04,22,0,,,,,
2014/06/12,05,20,0,,,,,
2014/06/12,06,20,0,,,,,
2014/06/12,07,20,0,,,,,
2014/06/12,08,49,0,,,,,
2014/06/12,09,66,0,,,,,
2014/06/12,10,66,0,,,,,
2014/06/12,11,69,2,,,,,
2014/06/12,12,75,3,,,,,
2014/06/12,13,84,3,,,,,
2014/06/12,14,86,3,,,,,
2014/06/12,15,88,2,,,,,
2014/06/12,16,98,2,,,,,
2014/06/12,17,91,3,,,,,
2014/06/12,18,54,2,,,,,
2014/06/12,19,33,0,,,,,
2014/06/12,20,31,0,,,,,
2014/06/12,21,28,0,,,,,
2014/06/12,22,28,0,,,,,
2014/06/12,23,27,0,,,,,
2014/06/12,24,27,0,,,,,
2014/06/13,01,21,0,,,,,
2014/06/13,02,19,0,,,,,
2014/06/13,03,21,0,,,,,
2014/06/13,04,21,0,,,,,
2014/06/13,05,19,0,,,,,
2014/06/13,06,19,0,,,,,
2014/06/13,07,28,0,,,,,
2014/06/13,08,46,0,,,,,
2014/06/13,09,46,0,,,,,
2014/06/13,10,49,0,,,,,
2014/06/13,11,57,0,,,,,
2014/06/13,12,65,0,,,,,
2014/06/13,13,79,0,,,,,
2014/06/13,14,80,2,,,,,
2014/06/13,15,91,3,,,,,
2014/06/13,16,106,2,,,,,
2014/06/13,17,109,3,,,,,
2014/06/13,18,67,3,,,,,
2014/06/13,19,30,0,,,,,
2014/06/13,20,27,0,,,,,
2014/06/13,21,26,0,,,,,
2014/06/13,22,20,0,,,,,
2014/06/13,23,19,0,,,,,
2014/06/13,24,19,0,,,,,
2014/06/14,01,19,0,,,,,
2014/06/14,02,19,0,,,,,
2014/06/14,03,19,0,,,,,
2014/06/14,04,20,0,,,,,
2014/06/14,05,21,0,,,,,
2014/06/14,06,20,0,,,,,
2014/06/14,07,42,0,,,,,
2014/06/14,08,48,0,,,,,
2014/06/14,09,49,0,,,,,
2014/06/14,10,54,0,,,,,
2014/06/14,11,75,2,,,,,
2014/06/14,12,72,4,,,,,
2014/06/14,13,84,5,,,,,
2014/06/14,14,90,5,,,,,
2014/06/14,15,105,5,,,,,
2014/06/14,16,127,5,,,,,
2014/06/14,17,133,5,,,,,
2014/06/14,18,123,4,,,,,
2014/06/14,19,64,1,,,,,
2014/06/14,20,40,0,,,,,
2014/06/14,21,29,0,,,,,
2014/06/14,22,28,0,,,,,
2014/06/14,23,22,0,,,,,
2014/06/14,24,21,0,,,,,
2014/06/15,01,20,0,,,,,
2014/06/15,02,22,0,,,,,
2014/06/15,03,20,0,,,,,
2014/06/15,04,23,0,,,,,
2014/06/15,05,22,0,,,,,
2014/06/15,06,21,0,,,,,
2014/06/15,07,49,0,,,,,
2014/06/15,08,52,0,,,,,
2014/06/15,09,52,0,,,,,
2014/06/15,10,50,0,,,,,
2014/06/15,11,60,1,,,,,
2014/06/15,12,72,3,,,,,
2014/06/15,13,75,4,,,,,
2014/06/15,14,81,4,,,,,
2014/06/15,15,99,5,,,,,
2014/06/15,16,110,4,,,,,
2014/06/15,17,107,5,,,,,
2014/06/15,18,75,2,,,,,
2014/06/15,19,45,0,,,,,
2014/06/15,20,40,0,,,,,
2014/06/15,21,28,0,,,,,
2014/06/15,22,23,0,,,,,
2014/06/15,23,22,0,,,,,
2014/06/15,24,20,0,,,,,
2014/06/16,01,20,0,,,,,
2014/06/16,02,25,0,,,,,
2014/06/16,03,37,0,,,,,
2014/06/16,04,31,0,,,,,
2014/06/16,05,27,0,,,,,
2014/06/16,06,20,0,,,,,
2014/06/16,07,19,0,,,,,
2014/06/16,08,42,0,,,,,
2014/06/16,09,47,0,,,,,
2014/06/16,10,47,0,,,,,
2014/06/16,11,66,2,,,,,
2014/06/16,12,73,2,,,,,
2014/06/16,13,82,3,,,,,
2014/06/16,14,95,3,,,,,
2014/06/16,15,109,2,,,,,
2014/06/16,16,115,3,,,,,
2014/06/16,17,78,2,,,,,
2014/06/16,18,33,2,,,,,
2014/06/16,19,26,0,,,,,
2014/06/16,20,27,0,,,,,
2014/06/16,21,24,0,,,,,
2014/06/16,22,22,0,,,,,
2014/06/16,23,23,0,,,,,
2014/06/16,24,22,0,,,,,
2014/06/17,01,22,0,,,,,
2014/06/17,02,28,0,,,,,
2014/06/17,03,39,0,,,,,
2014/06/17,04,39,0,,,,,
2014/06/17,05,38,0,,,,,
2014/06/17,06,29,0,,,,,
2014/06/17,07,35,0,,,,,
2014/06/17,08,47,0,,,,,
2014/06/17,09,53,0,,,,,
2014/06/17,10,68,0,,,,,
2014/06/17,11,73,1,,,,,
2014/06/17,12,78,3,,,,,
2014/06/17,13,84,1,,,,,
2014/06/17,14,100,5,,,,,
2014/06/17,15,106,5,,,,,
2014/06/17,16,119,3,,,,,
2014/06/17,17,110,4,,,,,
2014/06/17,18,72,4,,,,,
2014/06/17,19,34,1,,,,,
2014/06/17,20,27,0,,,,,
2014/06/17,21,23,0,,,,,
2014/06/17,22,21,0,,,,,
2014/06/17,23,19,0,,,,,
2014/06/17,24,20,0,,,,,
2014/06/18,01,19,0,,,,,
2014/06/18,02,21,0,,,,,
2014/06/18,03,19,0,,,,,
2014/06/18,04,20,0,,,,,
2014/06/18,05,19,0,,,,,
2014/06/18,06,19,0,,,,,
2014/06/18,07,19,0,,,,,
2014/06/18,08,53,0,,,,,
2014/06/18,09,71,0,,,,,
2014/06/18,10,72,0,,,,,
2014/06/18,11,59,0,,,,,
2014/06/18,12,70,0,,,,,
2014/06/18,13,77,2,,,,,
2014/06/18,14,72,3,,,,,
2014/06/18,15,76,2,,,,,
2014/06/18,16,95,2,,,,,
2014/06/18,17,96,2,,,,,
2014/06/18,18,51,1,,,,,
2014/06/18,19,32,0,,,,,
2014/06/18,20,26,0,,,,,
2014/06/18,21,26,0,,,,,
2014/06/18,22,22,0,,,,,
2014/06/18,23,20,0,,,,,
2014/06/18,24,20,0,,,,,
2014/06/19,01,19,0,,,,,
2014/06/19,02,19,0,,,,,
2014/06/19,03,19,0,,,,,
2014/06/19,04,20,0,,,,,
2014/06/19,05,21,0,,,,,
2014/06/19,06,20,0,,,,,
2014/06/19,07,25,0,,,,,
2014/06/19,08,49,0,,,,,
2014/06/19,09,48,0,,,,,
2014/06/19,10,53,0,,,,,
2014/06/19,11,62,1,,,,,
2014/06/19,12,76,2,,,,,
2014/06/19,13,78,2,,,,,
2014/06/19,14,77,1,,,,,
2014/06/19,15,84,1,,,,,
2014/06/19,16,90,1,,,,,
2014/06/19,17,68,2,,,,,
2014/06/19,18,42,3,,,,,
2014/06/19,19,26,0,,,,,
2014/06/19,20,24,0,,,,,
2014/06/19,21,21,0,,,,,
2014/06/19,22,19,0,,,,,
2014/06/19,23,19,0,,,,,
2014/06/19,24,19,0,,,,,
2014/06/20,01,20,0,,,,,
2014/06/20,02,25,0,,,,,
2014/06/20,03,35,0,,,,,
2014/06/20,04,32,0,,,,,
2014/06/20,05,27,0,,,,,
2014/06/20,06,20,0,,,,,
2014/06/20,07,28,0,,,,,
2014/06/20,08,47,0,,,,,
2014/06/20,09,48,0,,,,,
2014/06/20,10,51,0,,,,,
2014/06/20,11,68,0,,,,,
2014/06/20,12,77,3,,,,,
2014/06/20,13,75,5,,,,,
2014/06/20,14,82,5,,,,,
2014/06/20,15,84,8,,,,,
2014/06/20,16,84,1,,,,,
2014/06/20,17,84,0,,,,,
2014/06/20,18,64,0,,,,,
2014/06/20,19,52,0,,,,,
2014/06/20,20,28,0,,,,,
2014/06/20,21,26,0,,,,,
2014/06/20,22,21,0,,,,,
2014/06/20,23,20,0,,,,,
2014/06/20,24,20,0,,,,,
2014/06/21,01,20,0,,,,,
2014/06/21,02,25,0,,,,,
2014/06/21,03,28,0,,,,,
2014/06/21,04,28,0,,,,,
2014/06/21,05,28,0,,,,,
2014/06/21,06,24,0,,,,,
2014/06/21,07,50,0,,,,,
2014/06/21,08,57,0,,,,,
2014/06/21,09,62,0,,,,,
2014/06/21,10,82,0,,,,,
2014/06/21,11,88,3,,,,,
2014/06/21,12,92,6,,,,,
2014/06/21,13,97,6,,,,,
2014/06/21,14,107,6,,,,,
2014/06/21,15,112,5,,,,,
2014/06/21,16,123,5,,,,,
2014/06/21,17,123,4,,,,,
2014/06/21,18,94,4,,,,,
2014/06/21,19,45,1,,,,,
2014/06/21,20,33,0,,,,,
2014/06/21,21,31,0,,,,,
2014/06/21,22,26,0,,,,,
2014/06/21,23,22,0,,,,,
2014/06/21,24,22,0,,,,,
2014/06/22,01,20,0,,,,,
2014/06/22,02,20,0,,,,,
2014/06/22,03,20,0,,,,,
2014/06/22,04,21,0,,,,,
2014/06/22,05,20,0,,,,,
2014/06/22,06,20,0,,,,,
2014/06/22,07,42,0,,,,,
2014/06/22,08,58,0,,,,,
2014/06/22,09,63,0,,,,,
2014/06/22,10,74,0,,,,,
2014/06/22,11,86,0,,,,,
2014/06/22,12,88,4,,,,,
2014/06/22,13,90,4,,,,,
2014/06/22,14,99,5,,,,,
2014/06/22,15,102,3,,,,,
2014/06/22,16,112,3,,,,,
2014/06/22,17,122,4,,,,,
2014/06/22,18,87,2,,,,,
2014/06/22,19,45,2,,,,,
2014/06/22,20,31,0,,,,,
2014/06/22,21,28,0,,,,,
2014/06/22,22,24,0,,,,,
2014/06/22,23,24,0,,,,,
2014/06/22,24,22,0,,,,,
2014/06/23,01,19,0,,,,,
2014/06/23,02,20,0,,,,,
2014/06/23,03,19,0,,,,,
2014/06/23,04,20,0,,,,,
2014/06/23,05,20,0,,,,,
2014/06/23,06,21,0,,,,,
2014/06/23,07,19,0,,,,,
2014/06/23,08,45,0,,,,,
2014/06/23,09,51,0,,,,,
2014/06/23,10,44,0,,,,,
2014/06/23,11,56,0,,,,,
2014/06/23,12,65,0,,,,,
2014/06/23,13,75,1,,,,,
2014/06/23,14,105,1,,,,,
2014/06/23,15,81,2,,,,,
2014/06/23,16,83,2,,,,,
2014/06/23,17,51,1,,,,,
2014/06/23,18,33,0,,,,,
2014/06/23,19,26,0,,,,,
2014/06/23,20,26,0,,,,,
2014/06/23,21,21,0,,,,,
2014/06/23,22,22,0,,,,,
2014/06/23,23,20,0,,,,,
2014/06/23,24,20,0,,,,,
2014/06/24,01,20,0,,,,,
2014/06/24,02,20,0,,,,,
2014/06/24,03,19,0,,,,,
2014/06/24,04,20,0,,,,,
2014/06/24,05,20,0,,,,,
2014/06/24,06,20,0,,,,,
2014/06/24,07,20,0,,,,,
2014/06/24,08,43,0,,,,,
2014/06/24,09,49,0,,,,,
2014/06/24,10,44,0,,,,,
2014/06/24,11,57,0,,,,,
2014/06/24,12,69,1,,,,,
2014/06/24,13,82,2,,,,,
2014/06/24,14,94,3,,,,,
2014/06/24,15,117,2,,,,,
2014/06/24,16,121,2,,,,,
2014/06/24,17,74,2,,,,,
2014/06/24,18,33,0,,,,,
2014/06/24,19,26,0,,,,,
2014/06/24,20,26,0,,,,,
2014/06/24,21,21,0,,,,,
2014/06/24,22,20,0,,,,,
2014/06/24,23,20,0,,,,,
2014/06/24,24,21,0,,,,,
2014/06/25,01,20,0,,,,,
2014/06/25,02,20,0,,,,,
2014/06/25,03,20,0,,,,,
2014/06/25,04,21,0,,,,,
2014/06/25,05,20,0,,,,,
2014/06/25,06,19,0,,,,,
2014/06/25,07,27,0,,,,,
2014/06/25,08,60,0,,,,,
2014/06/25,09,60,0,,,,,
2014/06/25,10,61,0,,,,,
2014/06/25,11,72,1,,,,,
2014/06/25,12,74,5,,,,,
2014/06/25,13,89,7,,,,,
2014/06/25,14,137,9,,,,,
2014/06/25,15,128,7,,,,,
2014/06/25,16,144,7,,,,,
2014/06/25,17,157,8,,,,,
2014/06/25,18,77,4,,,,,
2014/06/25,19,37,0,,,,,
2014/06/25,20,31,0,,,,,
2014/06/25,21,26,0,,,,,
2014/06/25,22,25,0,,,,,
2014/06/25,23,20,0,,,,,
2014/06/25,24,22,0,,,,,
2014/06/26,01,19,0,,,,,
2014/06/26,02,19,0,,,,,
2014/06/26,03,20,0,,,,,
2014/06/26,04,20,0,,,,,
2014/06/26,05,20,0,,,,,
2014/06/26,06,27,0,,,,,
2014/06/26,07,37,0,,,,,
2014/06/26,08,62,0,,,,,
2014/06/26,09,48,0,,,,,
2014/06/26,10,61,0,,,,,
2014/06/26,11,93,6,,,,,
2014/06/26,12,86,11,,,,,
2014/06/26,13,93,8,,,,,
2014/06/26,14,133,9,,,,,
2014/06/26,15,124,11,,,,,
2014/06/26,16,127,13,,,,,
2014/06/26,17,116,13,,,,,
2014/06/26,18,46,6,,,,,
2014/06/26,19,26,0,,,,,
2014/06/26,20,25,0,,,,,
2014/06/26,21,22,0,,,,,
2014/06/26,22,20,0,,,,,
2014/06/26,23,19,0,,,,,
2014/06/26,24,19,0,,,,,
2014/06/27,01,22,0,,,,,
2014/06/27,02,24,0,,,,,
2014/06/27,03,28,0,,,,,
2014/06/27,04,37,0,,,,,
2014/06/27,05,31,0,,,,,
2014/06/27,06,19,0,,,,,
2014/06/27,07,35,0,,,,,
2014/06/27,08,59,0,,,,,
2014/06/27,09,68,0,,,,,
2014/06/27,10,66,0,,,,,
2014/06/27,11,76,6,,,,,
2014/06/27,12,82,4,,,,,
2014/06/27,13,78,6,,,,,
2014/06/27,14,77,5,,,,,
2014/06/27,15,64,1,,,,,
2014/06/27,16,80,0,,,,,
2014/06/27,17,73,0,,,,,
2014/06/27,18,52,0,,,,,
2014/06/27,19,31,0,,,,,
2014/06/27,20,26,0,,,,,
2014/06/27,21,23,0,,,,,
2014/06/27,22,21,0,,,,,
2014/06/27,23,20,0,,,,,
2014/06/27,24,21,0,,,,,
2014/06/28,01,20,0,,,,,
2014/06/28,02,19,0,,,,,
2014/06/28,03,20,0,,,,,
2014/06/28,04,21,0,,,,,
2014/06/28,05,19,0,,,,,
2014/06/28,06,20,0,,,,,
2014/06/28,07,31,0,,,,,
2014/06/28,08,53,0,,,,,
2014/06/28,09,71,0,,,,,
2014/06/28,10,77,1,,,,,
2014/06/28,11,82,1,,,,,
2014/06/28,12,84,4,,,,,
2014/06/28,13,95,4,,,,,
2014/06/28,14,126,7,,,,,
2014/06/28,15,125,3,,,,,
2014/06/28,16,140,2,,,,,
2014/06/28,17,143,2,,,,,
2014/06/28,18,102,2,,,,,
2014/06/28,19,44,0,,,,,
2014/06/28,20,33,0,,,,,
2014/06/28,21,31,0,,,,,
2014/06/28,22,27,0,,,,,
2014/06/28,23,22,0,,,,,
2014/06/28,24,22,0,,,,,
2014/06/29,01,21,0,,,,,
2014/06/29,02,20,0,,,,,
2014/06/29,03,20,0,,,,,
2014/06/29,04,20,0,,,,,
2014/06/29,05,21,0,,,,,
2014/06/29,06,20,0,,,,,
2014/06/29,07,28,0,,,,,
2014/06/29,08,49,0,,,,,
2014/06/29,09,50,0,,,,,
2014/06/29,10,58,0,,,,,
2014/06/29,11,73,3,,,,,
2014/06/29,12,80,3,,,,,
2014/06/29,13,94,7,,,,,
2014/06/29,14,105,7,,,,,
2014/06/29,15,122,10,,,,,
2014/06/29,16,153,9,,,,,
2014/06/29,17,142,5,,,,,
2014/06/29,18,87,6,,,,,
2014/06/29,19,34,0,,,,,
2014/06/29,20,28,0,,,,,
2014/06/29,21,26,0,,,,,
2014/06/29,22,21,0,,,,,
2014/06/29,23,20,0,,,,,
2014/06/29,24,19,0,,,,,
2014/06/30,01,20,0,,,,,
2014/06/30,02,19,0,,,,,
2014/06/30,03,19,0,,,,,
2014/06/30,04,20,0,,,,,
2014/06/30,05,19,0,,,,,
2014/06/30,06,19,0,,,,,
2014/06/30,07,27,0,,,,,
2014/06/30,08,44,0,,,,,
2014/06/30,09,48,0,,,,,
2014/06/30,10,49,0,,,,,
2014/06/30,11,67,0,,,,,
2014/06/30,12,73,1,,,,,
2014/06/30,13,86,2,,,,,
2014/06/30,14,88,8,,,,,
2014/06/30,15,116,3,,,,,
2014/06/30,16,122,3,,,,,
2014/06/30,17,68,3,,,,,
2014/06/30,18,32,0,,,,,
2014/06/30,19,25,0,,,,,
2014/06/30,20,23,0,,,,,
2014/06/30,21,21,0,,,,,
2014/06/30,22,20,0,,,,,
2014/06/30,23,22,0,,,,,
2014/06/30,24,24,0,,,,,
2014/07/01,01,22,0,,,,,
2014/07/01,02,23,0,,,,,
2014/07/01,03,22,0,,,,,
2014/07/01,04,23,0,,,,,
2014/07/01,05,20,0,,,,,
2014/07/01,06,22,0,,,,,
2014/07/01,07,39,0,,,,,
2014/07/01,08,45,0,,,,,
2014/07/01,09,56,0,,,,,
2014/07/01,10,75,3,,,,,
2014/07/01,11,74,4,,,,,
2014/07/01,12,81,5,,,,,
2014/07/01,13,105,6,,,,,
2014/07/01,14,151,10,,,,,
2014/07/01,15,167,9,,,,,
2014/07/01,16,189,9,,,,,
2014/07/01,17,166,8,,,,,
2014/07/01,18,102,5,,,,,
2014/07/01,19,43,2,,,,,
2014/07/01,20,33,0,,,,,
2014/07/01,21,25,0,,,,,
2014/07/01,22,21,0,,,,,
2014/07/01,23,20,0,,,,,
2014/07/01,24,20,0,,,,,
2014/07/02,01,20,0,,,,,
2014/07/02,02,26,0,,,,,
2014/07/02,03,38,0,,,,,
2014/07/02,04,32,0,,,,,
2014/07/02,05,27,0,,,,,
2014/07/02,06,20,0,,,,,
2014/07/02,07,33,0,,,,,
2014/07/02,08,70,0,,,,,
2014/07/02,09,77,0,,,,,
2014/07/02,10,84,5,,,,,
2014/07/02,11,78,5,,,,,
2014/07/02,12,91,8,,,,,
2014/07/02,13,98,12,,,,,
2014/07/02,14,160,10,,,,,
2014/07/02,15,168,9,,,,,
2014/07/02,16,155,6,,,,,
2014/07/02,17,158,5,,,,,
2014/07/02,18,66,4,,,,,
2014/07/02,19,36,0,,,,,
2014/07/02,20,30,0,,,,,
2014/07/02,21,27,0,,,,,
2014/07/02,22,22,0,,,,,
2014/07/02,23,22,0,,,,,
2014/07/02,24,21,0,,,,,
2014/07/03,01,20,0,,,,,
2014/07/03,02,21,0,,,,,
2014/07/03,03,21,0,,,,,
2014/07/03,04,21,0,,,,,
2014/07/03,05,20,0,,,,,
2014/07/03,06,21,0,,,,,
2014/07/03,07,20,0,,,,,
2014/07/03,08,26,0,,,,,
2014/07/03,09,57,0,,,,,
2014/07/03,10,64,0,,,,,
2014/07/03,11,54,0,,,,,
2014/07/03,12,65,0,,,,,
2014/07/03,13,73,0,,,,,
2014/07/03,14,76,0,,,,,
2014/07/03,15,69,0,,,,,
2014/07/03,16,75,0,,,,,
2014/07/03,17,60,0,,,,,
2014/07/03,18,33,0,,,,,
2014/07/03,19,28,0,,,,,
2014/07/03,20,26,0,,,,,
2014/07/03,21,22,0,,,,,
2014/07/03,22,20,0,,,,,
2014/07/03,23,20,0,,,,,
2014/07/03,24,20,0,,,,,
2014/07/04,01,20,0,,,,,
2014/07/04,02,20,0,,,,,
2014/07/04,03,19,0,,,,,
2014/07/04,04,20,0,,,,,
2014/07/04,05,19,0,,,,,
2014/07/04,06,20,0,,,,,
2014/07/04,07,19,0,,,,,
2014/07/04,08,34,0,,,,,
2014/07/04,09,47,0,,,,,
2014/07/04,10,65,0,,,,,
2014/07/04,11,75,2,,,,,
2014/07/04,12,75,4,,,,,
2014/07/04,13,75,5,,,,,
2014/07/04,14,85,7,,,,,
2014/07/04,15,96,7,,,,,
2014/07/04,16,104,7,,,,,
2014/07/04,17,65,4,,,,,
2014/07/04,18,38,0,,,,,
2014/07/04,19,36,0,,,,,
2014/07/04,20,31,0,,,,,
2014/07/04,21,28,0,,,,,
2014/07/04,22,27,0,,,,,
2014/07/04,23,26,0,,,,,
2014/07/04,24,27,0,,,,,
2014/07/05,01,28,0,,,,,
2014/07/05,02,27,0,,,,,
2014/07/05,03,27,0,,,,,
2014/07/05,04,28,0,,,,,
2014/07/05,05,28,0,,,,,
2014/07/05,06,27,0,,,,,
2014/07/05,07,33,0,,,,,
2014/07/05,08,55,0,,,,,
2014/07/05,09,56,0,,,,,
2014/07/05,10,56,0,,,,,
2014/07/05,11,71,0,,,,,
2014/07/05,12,79,0,,,,,
2014/07/05,13,89,4,,,,,
2014/07/05,14,98,3,,,,,
2014/07/05,15,103,4,,,,,
2014/07/05,16,121,5,,,,,
2014/07/05,17,115,5,,,,,
2014/07/05,18,81,5,,,,,
2014/07/05,19,43,2,,,,,
2014/07/05,20,39,0,,,,,
2014/07/05,21,35,0,,,,,
2014/07/05,22,32,0,,,,,
2014/07/05,23,29,0,,,,,
2014/07/05,24,28,0,,,,,
2014/07/06,01,29,0,,,,,
2014/07/06,02,28,0,,,,,
2014/07/06,03,27,0,,,,,
2014/07/06,04,27,0,,,,,
2014/07/06,05,27,0,,,,,
2014/07/06,06,27,0,,,,,
2014/07/06,07,55,0,,,,,
2014/07/06,08,68,0,,,,,
2014/07/06,09,68,3,,,,,
2014/07/06,10,70,3,,,,,
2014/07/06,11,77,2,,,,,
2014/07/06,12,89,3,,,,,
2014/07/06,13,89,5,,,,,
2014/07/06,14,104,5,,,,,
2014/07/06,15,150,5,,,,,
2014/07/06,16,157,2,,,,,
2014/07/06,17,173,2,,,,,
2014/07/06,18,175,2,,,,,
2014/07/06,19,88,1,,,,,
2014/07/06,20,46,0,,,,,
2014/07/06,21,37,0,,,,,
2014/07/06,22,34,0,,,,,
2014/07/06,23,32,0,,,,,
2014/07/06,24,27,0,,,,,
2014/07/07,01,20,0,,,,,
2014/07/07,02,22,0,,,,,
2014/07/07,03,21,0,,,,,
2014/07/07,04,20,0,,,,,
2014/07/07,05,20,0,,,,,
2014/07/07,06,20,0,,,,,
2014/07/07,07,21,0,,,,,
2014/07/07,08,41,0,,,,,
2014/07/07,09,45,0,,,,,
2014/07/07,10,52,0,,,,,
2014/07/07,11,67,0,,,,,
2014/07/07,12,74,0,,,,,
2014/07/07,13,88,0,,,,,
2014/07/07,14,87,0,,,,,
2014/07/07,15,96,0,,,,,
2014/07/07,16,97,0,,,,,
2014/07/07,17,107,2,,,,,
2014/07/07,18,76,3,,,,,
2014/07/07,19,38,0,,,,,
2014/07/07,20,31,0,,,,,
2014/07/07,21,25,0,,,,,
2014/07/07,22,25,0,,,,,
2014/07/07,23,23,0,,,,,
2014/07/07,24,22,0,,,,,
2014/07/08,01,21,0,,,,,
2014/07/08,02,22,0,,,,,
2014/07/08,03,22,0,,,,,
2014/07/08,04,23,0,,,,,
2014/07/08,05,22,0,,,,,
2014/07/08,06,25,0,,,,,
2014/07/08,07,32,0,,,,,
2014/07/08,08,58,0,,,,,
2014/07/08,09,50,0,,,,,
2014/07/08,10,52,0,,,,,
2014/07/08,11,68,1,,,,,
2014/07/08,12,77,12,,,,,
2014/07/08,13,82,2,,,,,
2014/07/08,14,94,3,,,,,
2014/07/08,15,136,4,,,,,
2014/07/08,16,151,2,,,,,
2014/07/08,17,132,1,,,,,
2014/07/08,18,75,2,,,,,
2014/07/08,19,37,0,,,,,
2014/07/08,20,31,0,,,,,
2014/07/08,21,25,0,,,,,
2014/07/08,22,21,0,,,,,
2014/07/08,23,20,0,,,,,
2014/07/08,24,21,0,,,,,
2014/07/09,01,21,0,,,,,
2014/07/09,02,20,0,,,,,
2014/07/09,03,20,0,,,,,
2014/07/09,04,20,0,,,,,
2014/07/09,05,20,0,,,,,
2014/07/09,06,20,0,,,,,
2014/07/09,07,32,0,,,,,
2014/07/09,08,63,0,,,,,
2014/07/09,09,78,4,,,,,
2014/07/09,10,89,3,,,,,
2014/07/09,11,89,3,,,,,
2014/07/09,12,98,3,,,,,
2014/07/09,13,116,9,,,,,
2014/07/09,14,145,10,,,,,
2014/07/09,15,154,10,,,,,
2014/07/09,16,151,4,,,,,
2014/07/09,17,154,3,,,,,
2014/07/09,18,109,3,,,,,
2014/07/09,19,49,0,,,,,
2014/07/09,20,34,0,,,,,
2014/07/09,21,29,0,,,,,
2014/07/09,22,22,0,,,,,
2014/07/09,23,23,0,,,,,
2014/07/09,24,20,0,,,,,
2014/07/10,01,20,0,,,,,
2014/07/10,02,20,0,,,,,
2014/07/10,03,28,0,,,,,
2014/07/10,04,22,0,,,,,
2014/07/10,05,20,0,,,,,
2014/07/10,06,20,0,,,,,
2014/07/10,07,20,0,,,,,
2014/07/10,08,23,0,,,,,
2014/07/10,09,30,0,,,,,
2014/07/10,10,25,0,,,,,
2014/07/10,11,25,0,,,,,
2014/07/10,12,29,0,,,,,
2014/07/10,13,30,0,,,,,
2014/07/10,14,27,0,,,,,
2014/07/10,15,20,0,,,,,
2014/07/10,16,21,0,,,,,
2014/07/10,17,22,0,,,,,
2014/07/10,18,19,0,,,,,
2014/07/10,19,20,0,,,,,
2014/07/10,20,21,0,,,,,
2014/07/10,21,19,0,,,,,
2014/07/10,22,20,0,,,,,
2014/07/10,23,20,0,,,,,
2014/07/10,24,19,0,,,,,
2014/07/11,01,19,0,,,,,
2014/07/11,02,19,0,,,,,
2014/07/11,03,19,0,,,,,
2014/07/11,04,20,0,,,,,
2014/07/11,05,21,0,,,,,
2014/07/11,06,20,0,,,,,
2014/07/11,07,21,0,,,,,
2014/07/11,08,35,0,,,,,
2014/07/11,09,44,0,,,,,
2014/07/11,10,51,0,,,,,
2014/07/11,11,72,2,,,,,
2014/07/11,12,77,1,,,,,
2014/07/11,13,83,0,,,,,
2014/07/11,14,126,0,,,,,
2014/07/11,15,103,0,,,,,
2014/07/11,16,115,0,,,,,
2014/07/11,17,89,0,,,,,
2014/07/11,18,38,0,,,,,
2014/07/11,19,35,0,,,,,
2014/07/11,20,28,0,,,,,
2014/07/11,21,22,0,,,,,
2014/07/11,22,21,0,,,,,
2014/07/11,23,20,0,,,,,
2014/07/11,24,21,0,,,,,
2014/07/12,01,21,0,,,,,
2014/07/12,02,20,0,,,,,
2014/07/12,03,20,0,,,,,
2014/07/12,04,20,0,,,,,
2014/07/12,05,20,0,,,,,
2014/07/12,06,22,0,,,,,
2014/07/12,07,50,0,,,,,
2014/07/12,08,60,0,,,,,
2014/07/12,09,76,0,,,,,
2014/07/12,10,88,0,,,,,
2014/07/12,11,92,2,,,,,
2014/07/12,12,93,2,,,,,
2014/07/12,13,114,0,,,,,
2014/07/12,14,145,0,,,,,
2014/07/12,15,151,0,,,,,
2014/07/12,16,153,0,,,,,
2014/07/12,17,157,0,,,,,
2014/07/12,18,156,0,,,,,
2014/07/12,19,74,0,,,,,
2014/07/12,20,37,0,,,,,
2014/07/12,21,29,0,,,,,
2014/07/12,22,25,0,,,,,
2014/07/12,23,23,0,,,,,
2014/07/12,24,23,0,,,,,
2014/07/13,01,22,0,,,,,
2014/07/13,02,21,0,,,,,
2014/07/13,03,21,0,,,,,
2014/07/13,04,22,0,,,,,
2014/07/13,05,21,0,,,,,
2014/07/13,06,21,0,,,,,
2014/07/13,07,76,0,,,,,
2014/07/13,08,64,0,,,,,
2014/07/13,09,79,0,,,,,
2014/07/13,10,76,0,,,,,
2014/07/13,11,79,0,,,,,
2014/07/13,12,79,0,,,,,
2014/07/13,13,95,1,,,,,
2014/07/13,14,120,0,,,,,
2014/07/13,15,164,0,,,,,
2014/07/13,16,166,0,,,,,
2014/07/13,17,142,0,,,,,
2014/07/13,18,62,0,,,,,
2014/07/13,19,39,0,,,,,
2014/07/13,20,35,0,,,,,
2014/07/13,21,32,0,,,,,
2014/07/13,22,30,0,,,,,
2014/07/13,23,26,0,,,,,
2014/07/13,24,23,0,,,,,
2014/07/14,01,22,0,,,,,
2014/07/14,02,24,0,,,,,
2014/07/14,03,23,0,,,,,
2014/07/14,04,22,0,,,,,
2014/07/14,05,22,0,,,,,
2014/07/14,06,21,0,,,,,
2014/07/14,07,22,0,,,,,
2014/07/14,08,57,0,,,,,
2014/07/14,09,79,2,,,,,
2014/07/14,10,75,0,,,,,
2014/07/14,11,79,0,,,,,
2014/07/14,12,84,0,,,,,
2014/07/14,13,91,0,,,,,
2014/07/14,14,133,0,,,,,
2014/07/14,15,151,0,,,,,
2014/07/14,16,161,0,,,,,
2014/07/14,17,99,0,,,,,
2014/07/14,18,42,0,,,,,
2014/07/14,19,29,0,,,,,
2014/07/14,20,27,0,,,,,
2014/07/14,21,23,0,,,,,
2014/07/14,22,21,0,,,,,
2014/07/14,23,21,0,,,,,
2014/07/14,24,21,0,,,,,
2014/07/15,01,20,0,,,,,
2014/07/15,02,19,0,,,,,
2014/07/15,03,20,0,,,,,
2014/07/15,04,20,0,,,,,
2014/07/15,05,20,0,,,,,
2014/07/15,06,19,0,,,,,
2014/07/15,07,31,0,,,,,
2014/07/15,08,63,0,,,,,
2014/07/15,09,61,0,,,,,
2014/07/15,10,72,1,,,,,
2014/07/15,11,78,0,,,,,
2014/07/15,12,86,0,,,,,
2014/07/15,13,100,0,,,,,
2014/07/15,14,154,0,,,,,
2014/07/15,15,144,0,,,,,
2014/07/15,16,165,0,,,,,
2014/07/15,17,145,0,,,,,
2014/07/15,18,62,0,,,,,
2014/07/15,19,35,0,,,,,
2014/07/15,20,30,0,,,,,
2014/07/15,21,27,0,,,,,
2014/07/15,22,24,0,,,,,
2014/07/15,23,29,0,,,,,
2014/07/15,24,28,0,,,,,
2014/07/16,01,22,0,,,,,
2014/07/16,02,26,0,,,,,
2014/07/16,03,37,0,,,,,
2014/07/16,04,34,0,,,,,
2014/07/16,05,28,0,,,,,
2014/07/16,06,20,0,,,,,
2014/07/16,07,46,0,,,,,
2014/07/16,08,119,1,,,,,
2014/07/16,09,122,0,,,,,
2014/07/16,10,127,0,,,,,
2014/07/16,11,122,0,,,,,
2014/07/16,12,120,0,,,,,
2014/07/16,13,126,0,,,,,
2014/07/16,14,155,0,,,,,
2014/07/16,15,169,0,,,,,
2014/07/16,16,167,0,,,,,
2014/07/16,17,155,1,,,,,
2014/07/16,18,97,1,,,,,
2014/07/16,19,54,0,,,,,
2014/07/16,20,34,0,,,,,
2014/07/16,21,28,0,,,,,
2014/07/16,22,26,0,,,,,
2014/07/16,23,22,0,,,,,
2014/07/16,24,24,0,,,,,
2014/07/17,01,22,0,,,,,
2014/07/17,02,23,0,,,,,
2014/07/17,03,25,0,,,,,
2014/07/17,04,26,0,,,,,
2014/07/17,05,35,0,,,,,
2014/07/17,06,25,0,,,,,
2014/07/17,07,27,0,,,,,
2014/07/17,08,112,0,,,,,
2014/07/17,09,134,2,,,,,
2014/07/17,10,131,0,,,,,
2014/07/17,11,116,0,,,,,
2014/07/17,12,90,0,,,,,
2014/07/17,13,109,0,,,,,
2014/07/17,14,139,0,,,,,
2014/07/17,15,166,0,,,,,
2014/07/17,16,175,0,,,,,
2014/07/17,17,173,0,,,,,
2014/07/17,18,122,0,,,,,
2014/07/17,19,41,0,,,,,
2014/07/17,20,29,0,,,,,
2014/07/17,21,26,0,,,,,
2014/07/17,22,25,0,,,,,
2014/07/17,23,24,0,,,,,
2014/07/17,24,24,0,,,,,
2014/07/18,01,25,0,,,,,
2014/07/18,02,29,0,,,,,
2014/07/18,03,36,0,,,,,
2014/07/18,04,39,0,,,,,
2014/07/18,05,34,0,,,,,
2014/07/18,06,21,0,,,,,
2014/07/18,07,25,0,,,,,
2014/07/18,08,37,0,,,,,
2014/07/18,09,48,0,,,,,
2014/07/18,10,61,0,,,,,
2014/07/18,11,83,2,,,,,
2014/07/18,12,86,1,,,,,
2014/07/18,13,102,0,,,,,
2014/07/18,14,122,0,,,,,
2014/07/18,15,119,0,,,,,
2014/07/18,16,133,0,,,,,
2014/07/18,17,144,0,,,,,
2014/07/18,18,51,0,,,,,
2014/07/18,19,31,0,,,,,
2014/07/18,20,26,0,,,,,
2014/07/18,21,24,0,,,,,
2014/07/18,22,21,0,,,,,
2014/07/18,23,21,0,,,,,
2014/07/18,24,22,0,,,,,
2014/07/19,01,22,0,,,,,
2014/07/19,02,20,0,,,,,
2014/07/19,03,20,0,,,,,
2014/07/19,04,21,0,,,,,
2014/07/19,05,20,0,,,,,
2014/07/19,06,21,0,,,,,
2014/07/19,07,52,0,,,,,
2014/07/19,08,122,0,,,,,
2014/07/19,09,127,1,,,,,
2014/07/19,10,129,0,,,,,
2014/07/19,11,134,0,,,,,
2014/07/19,12,104,0,,,,,
2014/07/19,13,120,0,,,,,
2014/07/19,14,136,0,,,,,
2014/07/19,15,156,0,,,,,
2014/07/19,16,165,0,,,,,
2014/07/19,17,155,0,,,,,
2014/07/19,18,146,1,,,,,
2014/07/19,19,141,0,,,,,
2014/07/19,20,82,0,,,,,
2014/07/19,21,45,0,,,,,
2014/07/19,22,40,0,,,,,
2014/07/19,23,35,0,,,,,
2014/07/19,24,33,0,,,,,
2014/07/20,01,24,0,,,,,
2014/07/20,02,23,0,,,,,
2014/07/20,03,22,0,,,,,
2014/07/20,04,22,0,,,,,
2014/07/20,05,21,0,,,,,
2014/07/20,06,20,0,,,,,
2014/07/20,07,57,0,,,,,
2014/07/20,08,70,0,,,,,
2014/07/20,09,75,1,,,,,
2014/07/20,10,81,0,,,,,
2014/07/20,11,87,0,,,,,
2014/07/20,12,89,0,,,,,
2014/07/20,13,116,0,,,,,
2014/07/20,14,145,0,,,,,
2014/07/20,15,162,0,,,,,
2014/07/20,16,170,0,,,,,
2014/07/20,17,165,0,,,,,
2014/07/20,18,147,2,,,,,
2014/07/20,19,60,0,,,,,
2014/07/20,20,46,0,,,,,
2014/07/20,21,39,0,,,,,
2014/07/20,22,36,0,,,,,
2014/07/20,23,34,0,,,,,
2014/07/20,24,27,0,,,,,
2014/07/21,01,25,0,,,,,
2014/07/21,02,21,0,,,,,
2014/07/21,03,21,0,,,,,
2014/07/21,04,22,0,,,,,
2014/07/21,05,22,0,,,,,
2014/07/21,06,22,0,,,,,
2014/07/21,07,56,0,,,,,
2014/07/21,08,69,0,,,,,
2014/07/21,09,79,2,,,,,
2014/07/21,10,86,2,,,,,
2014/07/21,11,80,2,,,,,
2014/07/21,12,85,0,,,,,
2014/07/21,13,98,0,,,,,
2014/07/21,14,131,0,,,,,
2014/07/21,15,148,0,,,,,
2014/07/21,16,165,0,,,,,
2014/07/21,17,160,0,,,,,
2014/07/21,18,111,0,,,,,
2014/07/21,19,44,0,,,,,
2014/07/21,20,33,0,,,,,
2014/07/21,21,27,0,,,,,
2014/07/21,22,24,0,,,,,
2014/07/21,23,22,0,,,,,
2014/07/21,24,22,0,,,,,
2014/07/22,01,21,0,,,,,
2014/07/22,02,21,0,,,,,
2014/07/22,03,20,0,,,,,
2014/07/22,04,21,0,,,,,
2014/07/22,05,21,0,,,,,
2014/07/22,06,21,0,,,,,
2014/07/22,07,28,0,,,,,
2014/07/22,08,74,0,,,,,
2014/07/22,09,89,3,,,,,
2014/07/22,10,90,0,,,,,
2014/07/22,11,89,0,,,,,
2014/07/22,12,104,0,,,,,
2014/07/22,13,132,0,,,,,
2014/07/22,14,146,0,,,,,
2014/07/22,15,159,0,,,,,
2014/07/22,16,176,0,,,,,
2014/07/22,17,84,0,,,,,
2014/07/22,18,49,0,,,,,
2014/07/22,19,38,0,,,,,
2014/07/22,20,30,0,,,,,
2014/07/22,21,23,0,,,,,
2014/07/22,22,22,0,,,,,
2014/07/22,23,20,0,,,,,
2014/07/22,24,21,0,,,,,
2014/07/23,01,20,0,,,,,
2014/07/23,02,26,0,,,,,
2014/07/23,03,30,0,,,,,
2014/07/23,04,35,0,,,,,
2014/07/23,05,40,0,,,,,
2014/07/23,06,46,0,,,,,
2014/07/23,07,84,0,,,,,
2014/07/23,08,127,1,,,,,
2014/07/23,09,120,3,,,,,
2014/07/23,10,119,1,,,,,
2014/07/23,11,122,0,,,,,
2014/07/23,12,125,0,,,,,
2014/07/23,13,146,0,,,,,
2014/07/23,14,147,0,,,,,
2014/07/23,15,163,0,,,,,
2014/07/23,16,194,0,,,,,
2014/07/23,17,173,0,,,,,
2014/07/23,18,151,1,,,,,
2014/07/23,19,127,2,,,,,
2014/07/23,20,90,0,,,,,
2014/07/23,21,65,0,,,,,
2014/07/23,22,54,0,,,,,
2014/07/23,23,55,0,,,,,
2014/07/23,24,51,0,,,,,
2014/07/24,01,46,0,,,,,
2014/07/24,02,50,0,,,,,
2014/07/24,03,56,0,,,,,
2014/07/24,04,56,0,,,,,
2014/07/24,05,64,0,,,,,
2014/07/24,06,49,0,,,,,
2014/07/24,07,63,0,,,,,
2014/07/24,08,113,1,,,,,
2014/07/24,09,127,0,,,,,
2014/07/24,10,127,0,,,,,
2014/07/24,11,135,0,,,,,
2014/07/24,12,140,0,,,,,
2014/07/24,13,132,0,,,,,
2014/07/24,14,148,0,,,,,
2014/07/24,15,156,0,,,,,
2014/07/24,16,159,0,,,,,
2014/07/24,17,171,2,,,,,
2014/07/24,18,150,4,,,,,
2014/07/24,19,42,1,,,,,
2014/07/24,20,32,0,,,,,
2014/07/24,21,30,0,,,,,
2014/07/24,22,26,0,,,,,
2014/07/24,23,23,0,,,,,
2014/07/24,24,22,0,,,,,
2014/07/25,01,23,0,,,,,
2014/07/25,02,25,0,,,,,
2014/07/25,03,29,0,,,,,
2014/07/25,04,30,0,,,,,
2014/07/25,05,33,0,,,,,
2014/07/25,06,30,0,,,,,
2014/07/25,07,23,0,,,,,
2014/07/25,08,37,0,,,,,
2014/07/25,09,67,0,,,,,
2014/07/25,10,76,0,,,,,
2014/07/25,11,83,2,,,,,
2014/07/25,12,88,0,,,,,
2014/07/25,13,91,0,,,,,
2014/07/25,14,131,0,,,,,
2014/07/25,15,138,0,,,,,
2014/07/25,16,134,0,,,,,
2014/07/25,17,123,0,,,,,
2014/07/25,18,64,0,,,,,
2014/07/25,19,37,0,,,,,
2014/07/25,20,29,0,,,,,
2014/07/25,21,26,0,,,,,
2014/07/25,22,24,0,,,,,
2014/07/25,23,23,0,,,,,
2014/07/25,24,24,0,,,,,
2014/07/26,01,22,0,,,,,
2014/07/26,02,27,0,,,,,
2014/07/26,03,33,0,,,,,
2014/07/26,04,45,0,,,,,
2014/07/26,05,39,0,,,,,
2014/07/26,06,38,0,,,,,
2014/07/26,07,77,0,,,,,
2014/07/26,08,140,1,,,,,
2014/07/26,09,138,0,,,,,
2014/07/26,10,137,0,,,,,
2014/07/26,11,142,0,,,,,
2014/07/26,12,141,0,,,,,
2014/07/26,13,144,0,,,,,
2014/07/26,14,172,0,,,,,
2014/07/26,15,191,0,,,,,
2014/07/26,16,194,1,,,,,
2014/07/26,17,180,9,,,,,
2014/07/26,18,58,7,,,,,
2014/07/26,19,39,0,,,,,
2014/07/26,20,34,0,,,,,
2014/07/26,21,31,0,,,,,
2014/07/26,22,29,0,,,,,
2014/07/26,23,28,0,,,,,
2014/07/26,24,28,0,,,,,
2014/07/27,01,28,0,,,,,
2014/07/27,02,33,0,,,,,
2014/07/27,03,38,0,,,,,
2014/07/27,04,41,0,,,,,
2014/07/27,05,38,0,,,,,
2014/07/27,06,31,0,,,,,
2014/07/27,07,119,0,,,,,
2014/07/27,08,135,0,,,,,
2014/07/27,09,122,0,,,,,
2014/07/27,10,132,0,,,,,
2014/07/27,11,140,1,,,,,
2014/07/27,12,135,0,,,,,
2014/07/27,13,145,0,,,,,
2014/07/27,14,152,0,,,,,
2014/07/27,15,165,0,,,,,
2014/07/27,16,174,0,,,,,
2014/07/27,17,178,0,,,,,
2014/07/27,18,127,0,,,,,
2014/07/27,19,30,0,,,,,
2014/07/27,20,44,0,,,,,
2014/07/27,21,31,0,,,,,
2014/07/27,22,27,0,,,,,
2014/07/27,23,31,0,,,,,
2014/07/27,24,31,0,,,,,
2014/07/28,01,21,0,,,,,
2014/07/28,02,27,0,,,,,
2014/07/28,03,28,0,,,,,
2014/07/28,04,30,0,,,,,
2014/07/28,05,33,0,,,,,
2014/07/28,06,33,0,,,,,
2014/07/28,07,42,0,,,,,
2014/07/28,08,75,1,,,,,
2014/07/28,09,83,2,,,,,
2014/07/28,10,81,0,,,,,
2014/07/28,11,120,0,,,,,
2014/07/28,12,135,0,,,,,
2014/07/28,13,144,0,,,,,
2014/07/28,14,164,0,,,,,
2014/07/28,15,170,0,,,,,
2014/07/28,16,158,0,,,,,
2014/07/28,17,167,0,,,,,
2014/07/28,18,77,0,,,,,
2014/07/28,19,31,0,,,,,
2014/07/28,20,28,0,,,,,
2014/07/28,21,25,0,,,,,
2014/07/28,22,23,0,,,,,
2014/07/28,23,21,0,,,,,
2014/07/28,24,21,0,,,,,
2014/07/29,01,21,0,,,,,
2014/07/29,02,35,0,,,,,
2014/07/29,03,33,0,,,,,
2014/07/29,04,32,0,,,,,
2014/07/29,05,33,0,,,,,
2014/07/29,06,32,0,,,,,
2014/07/29,07,46,0,,,,,
2014/07/29,08,100,0,,,,,
2014/07/29,09,118,1,,,,,
2014/07/29,10,113,2,,,,,
2014/07/29,11,101,1,,,,,
2014/07/29,12,112,0,,,,,
2014/07/29,13,111,0,,,,,
2014/07/29,14,137,0,,,,,
2014/07/29,15,142,0,,,,,
2014/07/29,16,160,0,,,,,
2014/07/29,17,144,0,,,,,
2014/07/29,18,41,0,,,,,
2014/07/29,19,29,0,,,,,
2014/07/29,20,25,0,,,,,
2014/07/29,21,23,0,,,,,
2014/07/29,22,21,0,,,,,
2014/07/29,23,20,0,,,,,
2014/07/29,24,21,0,,,,,
2014/07/30,01,23,0,,,,,
2014/07/30,02,37,0,,,,,
2014/07/30,03,39,0,,,,,
2014/07/30,04,35,0,,,,,
2014/07/30,05,36,0,,,,,
2014/07/30,06,38,0,,,,,
2014/07/30,07,63,0,,,,,
2014/07/30,08,89,1,,,,,
2014/07/30,09,102,0,,,,,
2014/07/30,10,102,0,,,,,
2014/07/30,11,107,0,,,,,
2014/07/30,12,124,0,,,,,
2014/07/30,13,137,0,,,,,
2014/07/30,14,150,0,,,,,
2014/07/30,15,166,0,,,,,
2014/07/30,16,187,0,,,,,
2014/07/30,17,179,0,,,,,
2014/07/30,18,143,0,,,,,
2014/07/30,19,66,0,,,,,
2014/07/30,20,50,0,,,,,
2014/07/30,21,32,0,,,,,
2014/07/30,22,27,0,,,,,
2014/07/30,23,24,0,,,,,
2014/07/30,24,22,0,,,,,
2014/07/31,01,22,0,,,,,
2014/07/31,02,27,0,,,,,
2014/07/31,03,33,0,,,,,
2014/07/31,04,34,0,,,,,
2014/07/31,05,40,0,,,,,
2014/07/31,06,26,0,,,,,
2014/07/31,07,23,0,,,,,
2014/07/31,08,72,1,,,,,
2014/07/31,09,93,3,,,,,
2014/07/31,10,96,0,,,,,
2014/07/31,11,94,0,,,,,
2014/07/31,12,124,0,,,,,
2014/07/31,13,139,0,,,,,
2014/07/31,14,149,0,,,,,
2014/07/31,15,148,0,,,,,
2014/07/31,16,169,0,,,,,
2014/07/31,17,100,0,,,,,
2014/07/31,18,33,0,,,,,
2014/07/31,19,26,0,,,,,
2014/07/31,20,26,0,,,,,
2014/07/31,21,24,0,,,,,
2014/07/31,22,22,0,,,,,
2014/07/31,23,21,0,,,,,
2014/07/31,24,21,0,,,,,
2014/08/01,01,21,0,,,,,
2014/08/01,02,35,0,,,,,
2014/08/01,03,34,0,,,,,
2014/08/01,04,33,0,,,,,
2014/08/01,05,38,0,,,,,
2014/08/01,06,36,0,,,,,
2014/08/01,07,43,0,,,,,
2014/08/01,08,65,0,,,,,
2014/08/01,09,100,0,,,,,
2014/08/01,10,99,0,,,,,
2014/08/01,11,111,1,,,,,
2014/08/01,12,135,0,,,,,
2014/08/01,13,132,0,,,,,
2014/08/01,14,119,0,,,,,
2014/08/01,15,118,0,,,,,
2014/08/01,16,111,0,,,,,
2014/08/01,17,80,0,,,,,
2014/08/01,18,32,0,,,,,
2014/08/01,19,28,0,,,,,
2014/08/01,20,25,0,,,,,
2014/08/01,21,23,0,,,,,
2014/08/01,22,21,0,,,,,
2014/08/01,23,20,0,,,,,
2014/08/01,24,21,0,,,,,
2014/08/02,01,21,0,,,,,
2014/08/02,02,27,0,,,,,
2014/08/02,03,31,0,,,,,
2014/08/02,04,40,0,,,,,
2014/08/02,05,46,0,,,,,
2014/08/02,06,35,0,,,,,
2014/08/02,07,35,0,,,,,
2014/08/02,08,87,1,,,,,
2014/08/02,09,92,0,,,,,
2014/08/02,10,94,0,,,,,
2014/08/02,11,99,0,,,,,
2014/08/02,12,104,0,,,,,
2014/08/02,13,113,0,,,,,
2014/08/02,14,146,0,,,,,
2014/08/02,15,153,0,,,,,
2014/08/02,16,163,0,,,,,
2014/08/02,17,149,0,,,,,
2014/08/02,18,46,1,,,,,
2014/08/02,19,33,0,,,,,
2014/08/02,20,27,0,,,,,
2014/08/02,21,24,0,,,,,
2014/08/02,22,23,0,,,,,
2014/08/02,23,23,0,,,,,
2014/08/02,24,22,0,,,,,
2014/08/03,01,21,0,,,,,
2014/08/03,02,21,0,,,,,
2014/08/03,03,21,0,,,,,
2014/08/03,04,21,0,,,,,
2014/08/03,05,21,0,,,,,
2014/08/03,06,22,0,,,,,
2014/08/03,07,42,0,,,,,
2014/08/03,08,111,0,,,,,
2014/08/03,09,114,0,,,,,
2014/08/03,10,122,0,,,,,
2014/08/03,11,94,1,,,,,
2014/08/03,12,98,1,,,,,
2014/08/03,13,117,1,,,,,
2014/08/03,14,150,0,,,,,
2014/08/03,15,161,0,,,,,
2014/08/03,16,176,0,,,,,
2014/08/03,17,178,0,,,,,
2014/08/03,18,79,0,,,,,
2014/08/03,19,37,0,,,,,
2014/08/03,20,29,0,,,,,
2014/08/03,21,27,0,,,,,
2014/08/03,22,24,0,,,,,
2014/08/03,23,23,0,,,,,
2014/08/03,24,20,0,,,,,
2014/08/04,01,21,0,,,,,
2014/08/04,02,20,0,,,,,
2014/08/04,03,20,0,,,,,
2014/08/04,04,21,0,,,,,
2014/08/04,05,20,0,,,,,
2014/08/04,06,22,0,,,,,
2014/08/04,07,33,0,,,,,
2014/08/04,08,111,1,,,,,
2014/08/04,09,114,0,,,,,
2014/08/04,10,114,0,,,,,
2014/08/04,11,113,0,,,,,
2014/08/04,12,84,0,,,,,
2014/08/04,13,98,0,,,,,
2014/08/04,14,141,0,,,,,
2014/08/04,15,143,0,,,,,
2014/08/04,16,136,0,,,,,
2014/08/04,17,88,1,,,,,
2014/08/04,18,61,1,,,,,
2014/08/04,19,62,7,,,,,
2014/08/04,20,51,4,,,,,
2014/08/04,21,43,0,,,,,
2014/08/04,22,43,0,,,,,
2014/08/04,23,41,0,,,,,
2014/08/04,24,41,0,,,,,
2014/08/05,01,40,0,,,,,
2014/08/05,02,38,0,,,,,
2014/08/05,03,39,0,,,,,
2014/08/05,04,39,0,,,,,
2014/08/05,05,39,0,,,,,
2014/08/05,06,39,0,,,,,
2014/08/05,07,48,0,,,,,
2014/08/05,08,79,0,,,,,
2014/08/05,09,86,2,,,,,
2014/08/05,10,87,1,,,,,
2014/08/05,11,98,0,,,,,
2014/08/05,12,105,0,,,,,
2014/08/05,13,119,0,,,,,
2014/08/05,14,158,0,,,,,
2014/08/05,15,180,0,,,,,
2014/08/05,16,189,0,,,,,
2014/08/05,17,158,0,,,,,
2014/08/05,18,106,0,,,,,
2014/08/05,19,45,0,,,,,
2014/08/05,20,29,0,,,,,
2014/08/05,21,29,0,,,,,
2014/08/05,22,28,0,,,,,
2014/08/05,23,23,0,,,,,
2014/08/05,24,23,0,,,,,
2014/08/06,01,22,0,,,,,
2014/08/06,02,21,0,,,,,
2014/08/06,03,21,0,,,,,
2014/08/06,04,23,0,,,,,
2014/08/06,05,19,0,,,,,
2014/08/06,06,20,0,,,,,
2014/08/06,07,20,0,,,,,
2014/08/06,08,64,0,,,,,
2014/08/06,09,85,1,,,,,
2014/08/06,10,88,0,,,,,
2014/08/06,11,85,0,,,,,
2014/08/06,12,85,0,,,,,
2014/08/06,13,95,0,,,,,
2014/08/06,14,94,0,,,,,
2014/08/06,15,125,0,,,,,
2014/08/06,16,145,0,,,,,
2014/08/06,17,80,1,,,,,
2014/08/06,18,33,0,,,,,
2014/08/06,19,26,0,,,,,
2014/08/06,20,23,0,,,,,
2014/08/06,21,22,0,,,,,
2014/08/06,22,21,0,,,,,
2014/08/06,23,19,0,,,,,
2014/08/06,24,19,0,,,,,
2014/08/07,01,20,0,,,,,
2014/08/07,02,21,0,,,,,
2014/08/07,03,20,0,,,,,
2014/08/07,04,20,0,,,,,
2014/08/07,05,20,0,,,,,
2014/08/07,06,20,0,,,,,
2014/08/07,07,21,0,,,,,
2014/08/07,08,58,1,,,,,
2014/08/07,09,77,2,,,,,
2014/08/07,10,83,0,,,,,
2014/08/07,11,90,0,,,,,
2014/08/07,12,97,0,,,,,
2014/08/07,13,107,0,,,,,
2014/08/07,14,134,0,,,,,
2014/08/07,15,145,0,,,,,
2014/08/07,16,153,0,,,,,
2014/08/07,17,134,0,,,,,
2014/08/07,18,39,0,,,,,
2014/08/07,19,25,0,,,,,
2014/08/07,20,23,0,,,,,
2014/08/07,21,20,0,,,,,
2014/08/07,22,19,0,,,,,
2014/08/07,23,19,0,,,,,
2014/08/07,24,18,0,,,,,
2014/08/08,01,20,0,,,,,
2014/08/08,02,19,0,,,,,
2014/08/08,03,19,0,,,,,
2014/08/08,04,20,0,,,,,
2014/08/08,05,19,0,,,,,
2014/08/08,06,20,0,,,,,
2014/08/08,07,21,0,,,,,
2014/08/08,08,39,0,,,,,
2014/08/08,09,52,0,,,,,
2014/08/08,10,58,0,,,,,
2014/08/08,11,70,1,,,,,
2014/08/08,12,79,0,,,,,
2014/08/08,13,91,0,,,,,
2014/08/08,14,122,0,,,,,
2014/08/08,15,126,0,,,,,
2014/08/08,16,119,0,,,,,
2014/08/08,17,76,0,,,,,
2014/08/08,18,35,0,,,,,
2014/08/08,19,32,0,,,,,
2014/08/08,20,28,0,,,,,
2014/08/08,21,26,0,,,,,
2014/08/08,22,25,0,,,,,
2014/08/08,23,24,0,,,,,
2014/08/08,24,23,0,,,,,
2014/08/09,01,21,0,,,,,
2014/08/09,02,24,0,,,,,
2014/08/09,03,21,0,,,,,
2014/08/09,04,21,0,,,,,
2014/08/09,05,22,0,,,,,
2014/08/09,06,21,0,,,,,
2014/08/09,07,22,0,,,,,
2014/08/09,08,24,0,,,,,
2014/08/09,09,23,0,,,,,
2014/08/09,10,35,0,,,,,
2014/08/09,11,35,0,,,,,
2014/08/09,12,35,0,,,,,
2014/08/09,13,34,0,,,,,
2014/08/09,14,31,0,,,,,
2014/08/09,15,29,0,,,,,
2014/08/09,16,24,0,,,,,
2014/08/09,17,20,0,,,,,
2014/08/09,18,22,0,,,,,
2014/08/09,19,21,0,,,,,
2014/08/09,20,21,0,,,,,
2014/08/09,21,20,0,,,,,
2014/08/09,22,21,0,,,,,
2014/08/09,23,20,0,,,,,
2014/08/09,24,21,0,,,,,
2014/08/10,01,21,0,,,,,
2014/08/10,02,20,0,,,,,
2014/08/10,03,20,0,,,,,
2014/08/10,04,21,0,,,,,
2014/08/10,05,21,0,,,,,
2014/08/10,06,20,0,,,,,
2014/08/10,07,22,0,,,,,
2014/08/10,08,23,0,,,,,
2014/08/10,09,26,0,,,,,
2014/08/10,10,33,0,,,,,
2014/08/10,11,39,0,,,,,
2014/08/10,12,38,0,,,,,
2014/08/10,13,25,0,,,,,
2014/08/10,14,27,0,,,,,
2014/08/10,15,26,0,,,,,
2014/08/10,16,24,0,,,,,
2014/08/10,17,24,0,,,,,
2014/08/10,18,23,0,,,,,
2014/08/10,19,22,0,,,,,
2014/08/10,20,23,0,,,,,
2014/08/10,21,22,0,,,,,
2014/08/10,22,21,0,,,,,
2014/08/10,23,21,0,,,,,
2014/08/10,24,20,0,,,,,
2014/08/11,01,21,0,,,,,
2014/08/11,02,20,0,,,,,
2014/08/11,03,22,0,,,,,
2014/08/11,04,20,0,,,,,
2014/08/11,05,20,0,,,,,
2014/08/11,06,21,0,,,,,
2014/08/11,07,28,0,,,,,
2014/08/11,08,56,0,,,,,
2014/08/11,09,60,0,,,,,
2014/08/11,10,65,0,,,,,
2014/08/11,11,71,1,,,,,
2014/08/11,12,80,3,,,,,
2014/08/11,13,89,1,,,,,
2014/08/11,14,98,0,,,,,
2014/08/11,15,146,0,,,,,
2014/08/11,16,162,0,,,,,
2014/08/11,17,174,0,,,,,
2014/08/11,18,69,0,,,,,
2014/08/11,19,44,0,,,,,
2014/08/11,20,33,0,,,,,
2014/08/11,21,23,0,,,,,
2014/08/11,22,20,0,,,,,
2014/08/11,23,20,0,,,,,
2014/08/11,24,19,0,,,,,
2014/08/12,01,19,0,,,,,
2014/08/12,02,20,0,,,,,
2014/08/12,03,20,0,,,,,
2014/08/12,04,20,0,,,,,
2014/08/12,05,19,0,,,,,
2014/08/12,06,19,0,,,,,
2014/08/12,07,20,0,,,,,
2014/08/12,08,60,0,,,,,
2014/08/12,09,70,0,,,,,
2014/08/12,10,70,0,,,,,
2014/08/12,11,96,0,,,,,
2014/08/12,12,111,0,,,,,
2014/08/12,13,101,1,,,,,
2014/08/12,14,133,0,,,,,
2014/08/12,15,147,0,,,,,
2014/08/12,16,156,0,,,,,
2014/08/12,17,157,0,,,,,
2014/08/12,18,109,0,,,,,
2014/08/12,19,42,0,,,,,
2014/08/12,20,29,0,,,,,
2014/08/12,21,23,0,,,,,
2014/08/12,22,21,0,,,,,
2014/08/12,23,21,0,,,,,
2014/08/12,24,21,0,,,,,
2014/08/13,01,21,0,,,,,
2014/08/13,02,19,0,,,,,
2014/08/13,03,19,0,,,,,
2014/08/13,04,20,0,,,,,
2014/08/13,05,20,0,,,,,
2014/08/13,06,22,0,,,,,
2014/08/13,07,60,0,,,,,
2014/08/13,08,79,0,,,,,
2014/08/13,09,84,0,,,,,
2014/08/13,10,90,0,,,,,
2014/08/13,11,95,0,,,,,
2014/08/13,12,97,0,,,,,
2014/08/13,13,109,0,,,,,
2014/08/13,14,141,0,,,,,
2014/08/13,15,156,0,,,,,
2014/08/13,16,165,0,,,,,
2014/08/13,17,164,0,,,,,
2014/08/13,18,104,0,,,,,
2014/08/13,19,42,0,,,,,
2014/08/13,20,36,0,,,,,
2014/08/13,21,32,0,,,,,
2014/08/13,22,28,0,,,,,
2014/08/13,23,26,0,,,,,
2014/08/13,24,25,0,,,,,
2014/08/14,01,25,0,,,,,
2014/08/14,02,25,0,,,,,
2014/08/14,03,25,0,,,,,
2014/08/14,04,26,0,,,,,
2014/08/14,05,25,0,,,,,
2014/08/14,06,26,0,,,,,
2014/08/14,07,83,0,,,,,
2014/08/14,08,98,0,,,,,
2014/08/14,09,117,0,,,,,
2014/08/14,10,123,0,,,,,
2014/08/14,11,126,0,,,,,
2014/08/14,12,127,0,,,,,
2014/08/14,13,133,0,,,,,
2014/08/14,14,145,0,,,,,
2014/08/14,15,155,0,,,,,
2014/08/14,16,168,0,,,,,
2014/08/14,17,170,0,,,,,
2014/08/14,18,173,0,,,,,
2014/08/14,19,79,0,,,,,
2014/08/14,20,44,0,,,,,
2014/08/14,21,33,0,,,,,
2014/08/14,22,28,0,,,,,
2014/08/14,23,23,0,,,,,
2014/08/14,24,24,0,,,,,
2014/08/15,01,21,0,,,,,
2014/08/15,02,24,0,,,,,
2014/08/15,03,20,0,,,,,
2014/08/15,04,21,0,,,,,
2014/08/15,05,20,0,,,,,
2014/08/15,06,23,0,,,,,
2014/08/15,07,71,0,,,,,
2014/08/15,08,87,0,,,,,
2014/08/15,09,96,0,,,,,
2014/08/15,10,96,0,,,,,
2014/08/15,11,101,0,,,,,
2014/08/15,12,113,0,,,,,
2014/08/15,13,128,0,,,,,
2014/08/15,14,147,0,,,,,
2014/08/15,15,165,0,,,,,
2014/08/15,16,171,0,,,,,
2014/08/15,17,184,0,,,,,
2014/08/15,18,180,0,,,,,
2014/08/15,19,89,0,,,,,
2014/08/15,20,43,0,,,,,
2014/08/15,21,37,0,,,,,
2014/08/15,22,28,0,,,,,
2014/08/15,23,24,0,,,,,
2014/08/15,24,22,0,,,,,
2014/08/16,01,24,0,,,,,
2014/08/16,02,21,0,,,,,
2014/08/16,03,21,0,,,,,
2014/08/16,04,20,0,,,,,
2014/08/16,05,20,0,,,,,
2014/08/16,06,20,0,,,,,
2014/08/16,07,39,0,,,,,
2014/08/16,08,86,0,,,,,
2014/08/16,09,92,0,,,,,
2014/08/16,10,84,0,,,,,
2014/08/16,11,94,0,,,,,
2014/08/16,12,110,0,,,,,
2014/08/16,13,115,0,,,,,
2014/08/16,14,142,0,,,,,
2014/08/16,15,155,0,,,,,
2014/08/16,16,154,0,,,,,
2014/08/16,17,146,0,,,,,
2014/08/16,18,77,0,,,,,
2014/08/16,19,44,0,,,,,
2014/08/16,20,38,0,,,,,
2014/08/16,21,32,0,,,,,
2014/08/16,22,26,0,,,,,
2014/08/16,23,24,0,,,,,
2014/08/16,24,23,0,,,,,
2014/08/17,01,24,0,,,,,
2014/08/17,02,22,0,,,,,
2014/08/17,03,22,0,,,,,
2014/08/17,04,24,0,,,,,
2014/08/17,05,23,0,,,,,
2014/08/17,06,22,0,,,,,
2014/08/17,07,34,0,,,,,
2014/08/17,08,69,0,,,,,
2014/08/17,09,73,0,,,,,
2014/08/17,10,79,0,,,,,
2014/08/17,11,83,0,,,,,
2014/08/17,12,91,0,,,,,
2014/08/17,13,144,0,,,,,
2014/08/17,14,141,0,,,,,
2014/08/17,15,152,0,,,,,
2014/08/17,16,154,0,,,,,
2014/08/17,17,159,0,,,,,
2014/08/17,18,49,0,,,,,
2014/08/17,19,27,0,,,,,
2014/08/17,20,27,0,,,,,
2014/08/17,21,22,0,,,,,
2014/08/17,22,21,0,,,,,
2014/08/17,23,20,0,,,,,
2014/08/17,24,21,0,,,,,
2014/08/18,01,20,0,,,,,
2014/08/18,02,20,0,,,,,
2014/08/18,03,21,0,,,,,
2014/08/18,04,21,0,,,,,
2014/08/18,05,19,0,,,,,
2014/08/18,06,22,0,,,,,
2014/08/18,07,34,0,,,,,
2014/08/18,08,81,0,,,,,
2014/08/18,09,83,0,,,,,
2014/08/18,10,90,0,,,,,
2014/08/18,11,91,0,,,,,
2014/08/18,12,97,0,,,,,
2014/08/18,13,114,0,,,,,
2014/08/18,14,140,0,,,,,
2014/08/18,15,134,0,,,,,
2014/08/18,16,149,0,,,,,
2014/08/18,17,81,0,,,,,
2014/08/18,18,35,0,,,,,
2014/08/18,19,30,0,,,,,
2014/08/18,20,30,0,,,,,
2014/08/18,21,26,0,,,,,
2014/08/18,22,25,0,,,,,
2014/08/18,23,26,0,,,,,
2014/08/18,24,24,0,,,,,
2014/08/19,01,24,0,,,,,
2014/08/19,02,24,0,,,,,
2014/08/19,03,23,0,,,,,
2014/08/19,04,25,0,,,,,
2014/08/19,05,24,0,,,,,
2014/08/19,06,25,0,,,,,
2014/08/19,07,35,0,,,,,
2014/08/19,08,73,0,,,,,
2014/08/19,09,82,0,,,,,
2014/08/19,10,82,0,,,,,
2014/08/19,11,90,0,,,,,
2014/08/19,12,95,0,,,,,
2014/08/19,13,109,0,,,,,
2014/08/19,14,140,0,,,,,
2014/08/19,15,142,0,,,,,
2014/08/19,16,151,0,,,,,
2014/08/19,17,125,0,,,,,
2014/08/19,18,60,0,,,,,
2014/08/19,19,31,0,,,,,
2014/08/19,20,26,0,,,,,
2014/08/19,21,22,0,,,,,
2014/08/19,22,22,0,,,,,
2014/08/19,23,22,0,,,,,
2014/08/19,24,21,0,,,,,
2014/08/20,01,21,0,,,,,
2014/08/20,02,21,0,,,,,
2014/08/20,03,20,0,,,,,
2014/08/20,04,21,0,,,,,
2014/08/20,05,20,0,,,,,
2014/08/20,06,22,0,,,,,
2014/08/20,07,24,0,,,,,
2014/08/20,08,103,0,,,,,
2014/08/20,09,122,0,,,,,
2014/08/20,10,121,0,,,,,
2014/08/20,11,120,0,,,,,
2014/08/20,12,125,0,,,,,
2014/08/20,13,133,0,,,,,
2014/08/20,14,150,0,,,,,
2014/08/20,15,156,0,,,,,
2014/08/20,16,164,0,,,,,
2014/08/20,17,141,0,,,,,
2014/08/20,18,46,0,,,,,
2014/08/20,19,29,0,,,,,
2014/08/20,20,28,0,,,,,
2014/08/20,21,27,0,,,,,
2014/08/20,22,20,0,,,,,
2014/08/20,23,23,0,,,,,
2014/08/20,24,20,0,,,,,
2014/08/21,01,20,0,,,,,
2014/08/21,02,20,0,,,,,
2014/08/21,03,19,0,,,,,
2014/08/21,04,21,0,,,,,
2014/08/21,05,20,0,,,,,
2014/08/21,06,20,0,,,,,
2014/08/21,07,67,0,,,,,
2014/08/21,08,89,0,,,,,
2014/08/21,09,97,0,,,,,
2014/08/21,10,94,0,,,,,
2014/08/21,11,92,0,,,,,
2014/08/21,12,112,0,,,,,
2014/08/21,13,145,0,,,,,
2014/08/21,14,156,0,,,,,
2014/08/21,15,176,0,,,,,
2014/08/21,16,177,0,,,,,
2014/08/21,17,183,0,,,,,
2014/08/21,18,130,0,,,,,
2014/08/21,19,86,0,,,,,
2014/08/21,20,68,0,,,,,
2014/08/21,21,46,0,,,,,
2014/08/21,22,24,0,,,,,
2014/08/21,23,19,0,,,,,
2014/08/21,24,20,0,,,,,
2014/08/22,01,19,0,,,,,
2014/08/22,02,21,0,,,,,
2014/08/22,03,20,0,,,,,
2014/08/22,04,21,0,,,,,
2014/08/22,05,20,0,,,,,
2014/08/22,06,19,0,,,,,
2014/08/22,07,23,0,,,,,
2014/08/22,08,37,0,,,,,
2014/08/22,09,64,0,,,,,
2014/08/22,10,69,0,,,,,
2014/08/22,11,79,0,,,,,
2014/08/22,12,80,0,,,,,
2014/08/22,13,79,0,,,,,
2014/08/22,14,89,0,,,,,
2014/08/22,15,84,0,,,,,
2014/08/22,16,88,0,,,,,
2014/08/22,17,88,0,,,,,
2014/08/22,18,49,0,,,,,
2014/08/22,19,33,0,,,,,
2014/08/22,20,27,0,,,,,
2014/08/22,21,23,0,,,,,
2014/08/22,22,22,0,,,,,
2014/08/22,23,22,0,,,,,
2014/08/22,24,21,0,,,,,
2014/08/23,01,20,0,,,,,
2014/08/23,02,20,0,,,,,
2014/08/23,03,20,0,,,,,
2014/08/23,04,21,0,,,,,
2014/08/23,05,22,0,,,,,
2014/08/23,06,20,0,,,,,
2014/08/23,07,49,0,,,,,
2014/08/23,08,67,0,,,,,
2014/08/23,09,75,0,,,,,
2014/08/23,10,82,0,,,,,
2014/08/23,11,94,0,,,,,
2014/08/23,12,98,0,,,,,
2014/08/23,13,120,0,,,,,
2014/08/23,14,152,0,,,,,
2014/08/23,15,155,0,,,,,
2014/08/23,16,169,0,,,,,
2014/08/23,17,166,0,,,,,
2014/08/23,18,94,0,,,,,
2014/08/23,19,34,0,,,,,
2014/08/23,20,26,0,,,,,
2014/08/23,21,28,0,,,,,
2014/08/23,22,26,0,,,,,
2014/08/23,23,23,0,,,,,
2014/08/23,24,24,0,,,,,
2014/08/24,01,23,0,,,,,
2014/08/24,02,22,0,,,,,
2014/08/24,03,22,0,,,,,
2014/08/24,04,23,0,,,,,
2014/08/24,05,20,0,,,,,
2014/08/24,06,20,0,,,,,
2014/08/24,07,56,0,,,,,
2014/08/24,08,75,0,,,,,
2014/08/24,09,111,0,,,,,
2014/08/24,10,127,0,,,,,
2014/08/24,11,102,0,,,,,
2014/08/24,12,97,0,,,,,
2014/08/24,13,118,0,,,,,
2014/08/24,14,156,0,,,,,
2014/08/24,15,160,0,,,,,
2014/08/24,16,175,0,,,,,
2014/08/24,17,176,0,,,,,
2014/08/24,18,159,0,,,,,
2014/08/24,19,89,0,,,,,
2014/08/24,20,44,0,,,,,
2014/08/24,21,35,0,,,,,
2014/08/24,22,27,0,,,,,
2014/08/24,23,24,0,,,,,
2014/08/24,24,23,0,,,,,
2014/08/25,01,23,0,,,,,
2014/08/25,02,22,0,,,,,
2014/08/25,03,22,0,,,,,
2014/08/25,04,23,0,,,,,
2014/08/25,05,22,0,,,,,
2014/08/25,06,22,0,,,,,
2014/08/25,07,23,0,,,,,
2014/08/25,08,67,0,,,,,
2014/08/25,09,86,0,,,,,
2014/08/25,10,86,0,,,,,
2014/08/25,11,85,0,,,,,
2014/08/25,12,99,0,,,,,
2014/08/25,13,128,0,,,,,
2014/08/25,14,137,0,,,,,
2014/08/25,15,144,0,,,,,
2014/08/25,16,160,0,,,,,
2014/08/25,17,86,0,,,,,
2014/08/25,18,31,0,,,,,
2014/08/25,19,25,0,,,,,
2014/08/25,20,27,0,,,,,
2014/08/25,21,24,0,,,,,
2014/08/25,22,21,0,,,,,
2014/08/25,23,21,0,,,,,
2014/08/25,24,21,0,,,,,
2014/08/26,01,21,0,,,,,
2014/08/26,02,21,0,,,,,
2014/08/26,03,21,0,,,,,
2014/08/26,04,23,0,,,,,
2014/08/26,05,21,0,,,,,
2014/08/26,06,21,0,,,,,
2014/08/26,07,32,0,,,,,
2014/08/26,08,81,0,,,,,
2014/08/26,09,78,0,,,,,
2014/08/26,10,81,0,,,,,
2014/08/26,11,90,0,,,,,
2014/08/26,12,95,0,,,,,
2014/08/26,13,111,0,,,,,
2014/08/26,14,145,0,,,,,
2014/08/26,15,147,0,,,,,
2014/08/26,16,162,0,,,,,
2014/08/26,17,143,0,,,,,
2014/08/26,18,58,0,,,,,
2014/08/26,19,33,0,,,,,
2014/08/26,20,27,0,,,,,
2014/08/26,21,24,0,,,,,
2014/08/26,22,24,0,,,,,
2014/08/26,23,20,0,,,,,
2014/08/26,24,20,0,,,,,
2014/08/27,01,20,0,,,,,
2014/08/27,02,20,0,,,,,
2014/08/27,03,19,0,,,,,
2014/08/27,04,20,0,,,,,
2014/08/27,05,20,0,,,,,
2014/08/27,06,21,0,,,,,
2014/08/27,07,28,0,,,,,
2014/08/27,08,81,0,,,,,
2014/08/27,09,79,0,,,,,
2014/08/27,10,68,0,,,,,
2014/08/27,11,73,0,,,,,
2014/08/27,12,96,5,,,,,
2014/08/27,13,98,9,,,,,
2014/08/27,14,157,10,,,,,
2014/08/27,15,155,12,,,,,
2014/08/27,16,162,11,,,,,
2014/08/27,17,119,11,,,,,
2014/08/27,18,47,1,,,,,
2014/08/27,19,33,0,,,,,
2014/08/27,20,35,0,,,,,
2014/08/27,21,31,0,,,,,
2014/08/27,22,31,0,,,,,
2014/08/27,23,29,0,,,,,
2014/08/27,24,24,0,,,,,
2014/08/28,01,22,0,,,,,
2014/08/28,02,22,0,,,,,
2014/08/28,03,21,0,,,,,
2014/08/28,04,21,0,,,,,
2014/08/28,05,20,0,,,,,
2014/08/28,06,20,0,,,,,
2014/08/28,07,30,0,,,,,
2014/08/28,08,60,0,,,,,
2014/08/28,09,59,0,,,,,
2014/08/28,10,60,0,,,,,
2014/08/28,11,68,0,,,,,
2014/08/28,12,72,0,,,,,
2014/08/28,13,102,6,,,,,
2014/08/28,14,120,7,,,,,
2014/08/28,15,100,5,,,,,
2014/08/28,16,103,8,,,,,
2014/08/28,17,109,6,,,,,
2014/08/28,18,56,4,,,,,
2014/08/28,19,29,0,,,,,
2014/08/28,20,28,0,,,,,
2014/08/28,21,24,0,,,,,
2014/08/28,22,21,0,,,,,
2014/08/28,23,20,0,,,,,
2014/08/28,24,20,0,,,,,
2014/08/29,01,19,0,,,,,
2014/08/29,02,20,0,,,,,
2014/08/29,03,19,0,,,,,
2014/08/29,04,20,0,,,,,
2014/08/29,05,20,0,,,,,
2014/08/29,06,21,0,,,,,
2014/08/29,07,24,0,,,,,
2014/08/29,08,34,0,,,,,
2014/08/29,09,47,0,,,,,
2014/08/29,10,41,0,,,,,
2014/08/29,11,55,0,,,,,
2014/08/29,12,62,7,,,,,
2014/08/29,13,70,4,,,,,
2014/08/29,14,66,5,,,,,
2014/08/29,15,66,0,,,,,
2014/08/29,16,79,0,,,,,
2014/08/29,17,75,0,,,,,
2014/08/29,18,38,0,,,,,
2014/08/29,19,33,0,,,,,
2014/08/29,20,26,0,,,,,
2014/08/29,21,22,0,,,,,
2014/08/29,22,20,0,,,,,
2014/08/29,23,21,0,,,,,
2014/08/29,24,22,0,,,,,
2014/08/30,01,20,0,,,,,
2014/08/30,02,19,0,,,,,
2014/08/30,03,19,0,,,,,
2014/08/30,04,21,0,,,,,
2014/08/30,05,19,0,,,,,
2014/08/30,06,19,0,,,,,
2014/08/30,07,49,0,,,,,
2014/08/30,08,58,0,,,,,
2014/08/30,09,66,0,,,,,
2014/08/30,10,64,0,,,,,
2014/08/30,11,72,4,,,,,
2014/08/30,12,72,4,,,,,
2014/08/30,13,100,4,,,,,
2014/08/30,14,131,11,,,,,
2014/08/30,15,131,11,,,,,
2014/08/30,16,145,5,,,,,
2014/08/30,17,140,5,,,,,
2014/08/30,18,73,3,,,,,
2014/08/30,19,35,0,,,,,
2014/08/30,20,28,0,,,,,
2014/08/30,21,24,0,,,,,
2014/08/30,22,23,0,,,,,
2014/08/30,23,22,0,,,,,
2014/08/30,24,20,0,,,,,
2014/08/31,01,20,0,,,,,
2014/08/31,02,24,0,,,,,
2014/08/31,03,27,0,,,,,
2014/08/31,04,35,0,,,,,
2014/08/31,05,29,0,,,,,
2014/08/31,06,26,0,,,,,
2014/08/31,07,59,0,,,,,
2014/08/31,08,65,0,,,,,
2014/08/31,09,63,0,,,,,
2014/08/31,10,69,0,,,,,
2014/08/31,11,91,6,,,,,
2014/08/31,12,122,6,,,,,
2014/08/31,13,119,5,,,,,
2014/08/31,14,129,11,,,,,
2014/08/31,15,153,11,,,,,
2014/08/31,16,165,9,,,,,
2014/08/31,17,170,4,,,,,
2014/08/31,18,152,5,,,,,
2014/08/31,19,124,5,,,,,
2014/08/31,20,47,0,,,,,
2014/08/31,21,31,0,,,,,
2014/08/31,22,30,0,,,,,
2014/08/31,23,24,0,,,,,
2014/08/31,24,24,0,,,,,
2014/09/01,01,21,0,,,,,
2014/09/01,02,19,0,,,,,
2014/09/01,03,20,0,,,,,
2014/09/01,04,20,0,,,,,
2014/09/01,05,21,0,,,,,
2014/09/01,06,20,0,,,,,
2014/09/01,07,49,0,,,,,
2014/09/01,08,63,3,,,,,
2014/09/01,09,57,5,,,,,
2014/09/01,10,55,0,,,,,
2014/09/01,11,68,0,,,,,
2014/09/01,12,73,5,,,,,
2014/09/01,13,92,5,,,,,
2014/09/01,14,85,5,,,,,
2014/09/01,15,111,6,,,,,
2014/09/01,16,123,4,,,,,
2014/09/01,17,79,2,,,,,
2014/09/01,18,43,0,,,,,
2014/09/01,19,32,0,,,,,
2014/09/01,20,27,0,,,,,
2014/09/01,21,24,0,,,,,
2014/09/01,22,21,0,,,,,
2014/09/01,23,22,0,,,,,
2014/09/01,24,22,0,,,,,
2014/09/02,01,21,0,,,,,
2014/09/02,02,20,0,,,,,
2014/09/02,03,21,0,,,,,
2014/09/02,04,21,0,,,,,
2014/09/02,05,21,0,,,,,
2014/09/02,06,33,0,,,,,
2014/09/02,07,64,0,,,,,
2014/09/02,08,69,2,,,,,
2014/09/02,09,72,2,,,,,
2014/09/02,10,68,2,,,,,
2014/09/02,11,69,3,,,,,
2014/09/02,12,74,3,,,,,
2014/09/02,13,83,4,,,,,
2014/09/02,14,102,6,,,,,
2014/09/02,15,114,7,,,,,
2014/09/02,16,114,12,,,,,
2014/09/02,17,72,6,,,,,
2014/09/02,18,39,0,,,,,
2014/09/02,19,28,0,,,,,
2014/09/02,20,25,0,,,,,
2014/09/02,21,21,0,,,,,
2014/09/02,22,20,0,,,,,
2014/09/02,23,21,0,,,,,
2014/09/02,24,20,0,,,,,
2014/09/03,01,20,0,,,,,
2014/09/03,02,20,0,,,,,
2014/09/03,03,20,0,,,,,
2014/09/03,04,22,0,,,,,
2014/09/03,05,30,0,,,,,
2014/09/03,06,39,0,,,,,
2014/09/03,07,75,1,,,,,
2014/09/03,08,78,7,,,,,
2014/09/03,09,77,6,,,,,
2014/09/03,10,72,6,,,,,
2014/09/03,11,74,4,,,,,
2014/09/03,12,86,4,,,,,
2014/09/03,13,128,8,,,,,
2014/09/03,14,151,9,,,,,
2014/09/03,15,156,11,,,,,
2014/09/03,16,151,9,,,,,
2014/09/03,17,82,5,,,,,
2014/09/03,18,39,0,,,,,
2014/09/03,19,27,0,,,,,
2014/09/03,20,25,0,,,,,
2014/09/03,21,23,0,,,,,
2014/09/03,22,21,0,,,,,
2014/09/03,23,20,0,,,,,
2014/09/03,24,20,0,,,,,
2014/09/04,01,21,0,,,,,
2014/09/04,02,20,0,,,,,
2014/09/04,03,20,0,,,,,
2014/09/04,04,21,0,,,,,
2014/09/04,05,20,0,,,,,
2014/09/04,06,35,0,,,,,
2014/09/04,07,74,0,,,,,
2014/09/04,08,76,6,,,,,
2014/09/04,09,71,2,,,,,
2014/09/04,10,81,4,,,,,
2014/09/04,11,96,3,,,,,
2014/09/04,12,78,4,,,,,
2014/09/04,13,98,4,,,,,
2014/09/04,14,143,6,,,,,
2014/09/04,15,156,9,,,,,
2014/09/04,16,145,6,,,,,
2014/09/04,17,134,5,,,,,
2014/09/04,18,64,3,,,,,
2014/09/04,19,35,0,,,,,
2014/09/04,20,29,0,,,,,
2014/09/04,21,25,0,,,,,
2014/09/04,22,21,0,,,,,
2014/09/04,23,23,0,,,,,
2014/09/04,24,22,0,,,,,
2014/09/05,01,20,0,,,,,
2014/09/05,02,19,0,,,,,
2014/09/05,03,20,0,,,,,
2014/09/05,04,21,0,,,,,
2014/09/05,05,22,0,,,,,
2014/09/05,06,36,0,,,,,
2014/09/05,07,74,2,,,,,
2014/09/05,08,87,6,,,,,
2014/09/05,09,75,7,,,,,
2014/09/05,10,78,7,,,,,
2014/09/05,11,75,5,,,,,
2014/09/05,12,85,5,,,,,
2014/09/05,13,116,12,,,,,
2014/09/05,14,155,12,,,,,
2014/09/05,15,163,7,,,,,
2014/09/05,16,167,7,,,,,
2014/09/05,17,132,5,,,,,
2014/09/05,18,41,0,,,,,
2014/09/05,19,28,0,,,,,
2014/09/05,20,24,0,,,,,
2014/09/05,21,20,0,,,,,
2014/09/05,22,20,0,,,,,
2014/09/05,23,20,0,,,,,
2014/09/05,24,20,0,,,,,
2014/09/06,01,21,0,,,,,
2014/09/06,02,21,0,,,,,
2014/09/06,03,20,0,,,,,
2014/09/06,04,21,0,,,,,
2014/09/06,05,20,0,,,,,
2014/09/06,06,20,0,,,,,
2014/09/06,07,53,0,,,,,
2014/09/06,08,71,0,,,,,
2014/09/06,09,87,8,,,,,
2014/09/06,10,86,5,,,,,
2014/09/06,11,96,11,,,,,
2014/09/06,12,102,12,,,,,
2014/09/06,13,116,12,,,,,
2014/09/06,14,171,13,,,,,
2014/09/06,15,189,12,,,,,
2014/09/06,16,193,12,,,,,
2014/09/06,17,140,9,,,,,
2014/09/06,18,105,4,,,,,
2014/09/06,19,57,0,,,,,
2014/09/06,20,40,0,,,,,
2014/09/06,21,36,0,,,,,
2014/09/06,22,36,0,,,,,
2014/09/06,23,32,0,,,,,
2014/09/06,24,29,0,,,,,
2014/09/07,01,22,0,,,,,
2014/09/07,02,19,0,,,,,
2014/09/07,03,23,0,,,,,
2014/09/07,04,20,0,,,,,
2014/09/07,05,20,0,,,,,
2014/09/07,06,21,0,,,,,
2014/09/07,07,43,0,,,,,
2014/09/07,08,51,0,,,,,
2014/09/07,09,55,0,,,,,
2014/09/07,10,64,0,,,,,
2014/09/07,11,80,6,,,,,
2014/09/07,12,90,7,,,,,
2014/09/07,13,103,6,,,,,
2014/09/07,14,102,7,,,,,
2014/09/07,15,154,12,,,,,
2014/09/07,16,157,9,,,,,
2014/09/07,17,149,5,,,,,
2014/09/07,18,145,9,,,,,
2014/09/07,19,120,6,,,,,
2014/09/07,20,69,0,,,,,
2014/09/07,21,39,0,,,,,
2014/09/07,22,31,0,,,,,
2014/09/07,23,30,0,,,,,
2014/09/07,24,25,0,,,,,
2014/09/08,01,20,0,,,,,
2014/09/08,02,20,0,,,,,
2014/09/08,03,20,0,,,,,
2014/09/08,04,21,0,,,,,
2014/09/08,05,20,0,,,,,
2014/09/08,06,23,0,,,,,
2014/09/08,07,53,0,,,,,
2014/09/08,08,64,0,,,,,
2014/09/08,09,78,0,,,,,
2014/09/08,10,82,1,,,,,
2014/09/08,11,83,7,,,,,
2014/09/08,12,97,5,,,,,
2014/09/08,13,98,8,,,,,
2014/09/08,14,124,8,,,,,
2014/09/08,15,144,5,,,,,
2014/09/08,16,171,8,,,,,
2014/09/08,17,173,7,,,,,
2014/09/08,18,146,7,,,,,
2014/09/08,19,107,6,,,,,
2014/09/08,20,54,0,,,,,
2014/09/08,21,35,0,,,,,
2014/09/08,22,30,0,,,,,
2014/09/08,23,31,0,,,,,
2014/09/08,24,22,0,,,,,
2014/09/09,01,25,0,,,,,
2014/09/09,02,23,0,,,,,
2014/09/09,03,27,0,,,,,
2014/09/09,04,29,0,,,,,
2014/09/09,05,27,0,,,,,
2014/09/09,06,21,0,,,,,
2014/09/09,07,32,0,,,,,
2014/09/09,08,52,0,,,,,
2014/09/09,09,53,0,,,,,
2014/09/09,10,65,0,,,,,
2014/09/09,11,78,5,,,,,
2014/09/09,12,87,6,,,,,
2014/09/09,13,105,8,,,,,
2014/09/09,14,157,7,,,,,
2014/09/09,15,172,6,,,,,
2014/09/09,16,187,7,,,,,
2014/09/09,17,160,7,,,,,
2014/09/09,18,85,5,,,,,
2014/09/09,19,57,0,,,,,
2014/09/09,20,38,0,,,,,
2014/09/09,21,30,0,,,,,
2014/09/09,22,29,0,,,,,
2014/09/09,23,26,0,,,,,
2014/09/09,24,24,0,,,,,
2014/09/10,01,22,0,,,,,
2014/09/10,02,22,0,,,,,
2014/09/10,03,27,0,,,,,
2014/09/10,04,29,0,,,,,
2014/09/10,05,26,0,,,,,
2014/09/10,06,22,0,,,,,
2014/09/10,07,41,0,,,,,
2014/09/10,08,61,0,,,,,
2014/09/10,09,62,0,,,,,
2014/09/10,10,65,0,,,,,
2014/09/10,11,80,2,,,,,
2014/09/10,12,94,5,,,,,
2014/09/10,13,95,8,,,,,
2014/09/10,14,134,6,,,,,
2014/09/10,15,134,5,,,,,
2014/09/10,16,152,9,,,,,
2014/09/10,17,149,7,,,,,
2014/09/10,18,83,5,,,,,
2014/09/10,19,42,1,,,,,
2014/09/10,20,33,0,,,,,
2014/09/10,21,27,0,,,,,
2014/09/10,22,24,0,,,,,
2014/09/10,23,20,0,,,,,
2014/09/10,24,25,0,,,,,
2014/09/11,01,20,0,,,,,
2014/09/11,02,28,0,,,,,
2014/09/11,03,32,0,,,,,
2014/09/11,04,30,0,,,,,
2014/09/11,05,28,0,,,,,
2014/09/11,06,20,0,,,,,
2014/09/11,07,29,0,,,,,
2014/09/11,08,52,0,,,,,
2014/09/11,09,52,0,,,,,
2014/09/11,10,67,0,,,,,
2014/09/11,11,76,2,,,,,
2014/09/11,12,83,6,,,,,
2014/09/11,13,88,5,,,,,
2014/09/11,14,130,6,,,,,
2014/09/11,15,135,5,,,,,
2014/09/11,16,144,5,,,,,
2014/09/11,17,123,6,,,,,
2014/09/11,18,55,3,,,,,
2014/09/11,19,33,0,,,,,
2014/09/11,20,30,0,,,,,
2014/09/11,21,24,0,,,,,
2014/09/11,22,21,0,,,,,
2014/09/11,23,20,0,,,,,
2014/09/11,24,21,0,,,,,
2014/09/12,01,20,0,,,,,
2014/09/12,02,22,0,,,,,
2014/09/12,03,32,0,,,,,
2014/09/12,04,39,0,,,,,
2014/09/12,05,28,0,,,,,
2014/09/12,06,28,0,,,,,
2014/09/12,07,37,0,,,,,
2014/09/12,08,38,0,,,,,
2014/09/12,09,47,0,,,,,
2014/09/12,10,50,0,,,,,
2014/09/12,11,58,0,,,,,
2014/09/12,12,73,0,,,,,
2014/09/12,13,71,0,,,,,
2014/09/12,14,76,4,,,,,
2014/09/12,15,77,2,,,,,
2014/09/12,16,72,0,,,,,
2014/09/12,17,75,0,,,,,
2014/09/12,18,62,0,,,,,
2014/09/12,19,36,0,,,,,
2014/09/12,20,27,0,,,,,
2014/09/12,21,24,0,,,,,
2014/09/12,22,22,0,,,,,
2014/09/12,23,20,0,,,,,
2014/09/12,24,21,0,,,,,
2014/09/13,01,20,0,,,,,
2014/09/13,02,23,0,,,,,
2014/09/13,03,29,0,,,,,
2014/09/13,04,37,0,,,,,
2014/09/13,05,32,0,,,,,
2014/09/13,06,20,0,,,,,
2014/09/13,07,33,0,,,,,
2014/09/13,08,51,0,,,,,
2014/09/13,09,54,0,,,,,
2014/09/13,10,62,0,,,,,
2014/09/13,11,67,0,,,,,
2014/09/13,12,72,0,,,,,
2014/09/13,13,83,5,,,,,
2014/09/13,14,93,5,,,,,
2014/09/13,15,103,3,,,,,
2014/09/13,16,135,3,,,,,
2014/09/13,17,116,4,,,,,
2014/09/13,18,48,1,,,,,
2014/09/13,19,32,0,,,,,
2014/09/13,20,29,0,,,,,
2014/09/13,21,23,0,,,,,
2014/09/13,22,24,0,,,,,
2014/09/13,23,20,0,,,,,
2014/09/13,24,20,0,,,,,
2014/09/14,01,20,0,,,,,
2014/09/14,02,21,0,,,,,
2014/09/14,03,28,0,,,,,
2014/09/14,04,35,0,,,,,
2014/09/14,05,42,0,,,,,
2014/09/14,06,31,0,,,,,
2014/09/14,07,69,0,,,,,
2014/09/14,08,56,0,,,,,
2014/09/14,09,57,0,,,,,
2014/09/14,10,65,0,,,,,
2014/09/14,11,69,4,,,,,
2014/09/14,12,71,3,,,,,
2014/09/14,13,84,4,,,,,
2014/09/14,14,92,4,,,,,
2014/09/14,15,96,5,,,,,
2014/09/14,16,107,5,,,,,
2014/09/14,17,116,4,,,,,
2014/09/14,18,86,3,,,,,
2014/09/14,19,41,0,,,,,
2014/09/14,20,33,0,,,,,
2014/09/14,21,28,0,,,,,
2014/09/14,22,26,0,,,,,
2014/09/14,23,23,0,,,,,
2014/09/14,24,22,0,,,,,
2014/09/15,01,20,0,,,,,
2014/09/15,02,21,0,,,,,
2014/09/15,03,30,0,,,,,
2014/09/15,04,41,0,,,,,
2014/09/15,05,30,0,,,,,
2014/09/15,06,21,0,,,,,
2014/09/15,07,31,0,,,,,
2014/09/15,08,49,0,,,,,
2014/09/15,09,50,0,,,,,
2014/09/15,10,53,0,,,,,
2014/09/15,11,66,0,,,,,
2014/09/15,12,80,4,,,,,
2014/09/15,13,87,5,,,,,
2014/09/15,14,88,5,,,,,
2014/09/15,15,91,5,,,,,
2014/09/15,16,104,4,,,,,
2014/09/15,17,87,5,,,,,
2014/09/15,18,46,1,,,,,
2014/09/15,19,27,0,,,,,
2014/09/15,20,25,0,,,,,
2014/09/15,21,22,0,,,,,
2014/09/15,22,21,0,,,,,
2014/09/15,23,22,0,,,,,
2014/09/15,24,21,0,,,,,
2014/09/16,01,23,0,,,,,
2014/09/16,02,26,0,,,,,
2014/09/16,03,32,0,,,,,
2014/09/16,04,44,0,,,,,
2014/09/16,05,31,0,,,,,
2014/09/16,06,22,0,,,,,
2014/09/16,07,35,0,,,,,
2014/09/16,08,58,0,,,,,
2014/09/16,09,63,0,,,,,
2014/09/16,10,61,0,,,,,
2014/09/16,11,70,0,,,,,
2014/09/16,12,81,5,,,,,
2014/09/16,13,97,6,,,,,
2014/09/16,14,140,6,,,,,
2014/09/16,15,131,5,,,,,
2014/09/16,16,149,5,,,,,
2014/09/16,17,145,4,,,,,
2014/09/16,18,78,4,,,,,
2014/09/16,19,42,0,,,,,
2014/09/16,20,37,0,,,,,
2014/09/16,21,24,0,,,,,
2014/09/16,22,22,0,,,,,
2014/09/16,23,21,0,,,,,
2014/09/16,24,21,0,,,,,
2014/09/17,01,20,0,,,,,
2014/09/17,02,24,0,,,,,
2014/09/17,03,28,0,,,,,
2014/09/17,04,34,0,,,,,
2014/09/17,05,38,0,,,,,
2014/09/17,06,21,0,,,,,
2014/09/17,07,33,0,,,,,
2014/09/17,08,63,0,,,,,
2014/09/17,09,64,0,,,,,
2014/09/17,10,64,0,,,,,
2014/09/17,11,77,1,,,,,
2014/09/17,12,84,4,,,,,
2014/09/17,13,83,4,,,,,
2014/09/17,14,105,4,,,,,
2014/09/17,15,110,4,,,,,
2014/09/17,16,115,2,,,,,
2014/09/17,17,118,3,,,,,
2014/09/17,18,98,2,,,,,
2014/09/17,19,47,1,,,,,
2014/09/17,20,35,0,,,,,
2014/09/17,21,29,0,,,,,
2014/09/17,22,24,0,,,,,
2014/09/17,23,23,0,,,,,
2014/09/17,24,22,0,,,,,
2014/09/18,01,20,0,,,,,
2014/09/18,02,32,0,,,,,
2014/09/18,03,33,0,,,,,
2014/09/18,04,31,0,,,,,
2014/09/18,05,27,0,,,,,
2014/09/18,06,21,0,,,,,
2014/09/18,07,46,0,,,,,
2014/09/18,08,66,0,,,,,
2014/09/18,09,62,0,,,,,
2014/09/18,10,61,0,,,,,
2014/09/18,11,60,0,,,,,
2014/09/18,12,68,0,,,,,
2014/09/18,13,76,2,,,,,
2014/09/18,14,86,2,,,,,
2014/09/18,15,94,2,,,,,
2014/09/18,16,109,2,,,,,
2014/09/18,17,108,1,,,,,
2014/09/18,18,80,2,,,,,
2014/09/18,19,48,0,,,,,
2014/09/18,20,38,0,,,,,
2014/09/18,21,35,0,,,,,
2014/09/18,22,36,0,,,,,
2014/09/18,23,29,0,,,,,
2014/09/18,24,24,0,,,,,
2014/09/19,01,22,0,,,,,
2014/09/19,02,26,0,,,,,
2014/09/19,03,31,0,,,,,
2014/09/19,04,38,0,,,,,
2014/09/19,05,38,0,,,,,
2014/09/19,06,24,0,,,,,
2014/09/19,07,43,0,,,,,
2014/09/19,08,52,0,,,,,
2014/09/19,09,53,0,,,,,
2014/09/19,10,50,0,,,,,
2014/09/19,11,54,0,,,,,
2014/09/19,12,53,0,,,,,
2014/09/19,13,52,0,,,,,
2014/09/19,14,58,0,,,,,
2014/09/19,15,69,0,,,,,
2014/09/19,16,80,0,,,,,
2014/09/19,17,85,0,,,,,
2014/09/19,18,70,0,,,,,
2014/09/19,19,52,0,,,,,
2014/09/19,20,41,0,,,,,
2014/09/19,21,35,0,,,,,
2014/09/19,22,32,0,,,,,
2014/09/19,23,30,0,,,,,
2014/09/19,24,29,0,,,,,
2014/09/20,01,28,0,,,,,
2014/09/20,02,30,0,,,,,
2014/09/20,03,35,0,,,,,
2014/09/20,04,44,0,,,,,
2014/09/20,05,35,0,,,,,
2014/09/20,06,22,0,,,,,
2014/09/20,07,37,0,,,,,
2014/09/20,08,53,0,,,,,
2014/09/20,09,53,0,,,,,
2014/09/20,10,55,0,,,,,
2014/09/20,11,60,0,,,,,
2014/09/20,12,56,0,,,,,
2014/09/20,13,63,0,,,,,
2014/09/20,14,69,0,,,,,
2014/09/20,15,77,0,,,,,
2014/09/20,16,85,0,,,,,
2014/09/20,17,84,0,,,,,
2014/09/20,18,55,0,,,,,
2014/09/20,19,31,0,,,,,
2014/09/20,20,26,0,,,,,
2014/09/20,21,25,0,,,,,
2014/09/20,22,22,0,,,,,
2014/09/20,23,20,0,,,,,
2014/09/20,24,20,0,,,,,
2014/09/21,01,20,0,,,,,
2014/09/21,02,24,0,,,,,
2014/09/21,03,29,0,,,,,
2014/09/21,04,42,0,,,,,
2014/09/21,05,38,0,,,,,
2014/09/21,06,30,0,,,,,
2014/09/21,07,50,0,,,,,
2014/09/21,08,50,0,,,,,
2014/09/21,09,52,0,,,,,
2014/09/21,10,54,0,,,,,
2014/09/21,11,59,0,,,,,
2014/09/21,12,55,0,,,,,
2014/09/21,13,68,0,,,,,
2014/09/21,14,67,0,,,,,
2014/09/21,15,87,0,,,,,
2014/09/21,16,108,0,,,,,
2014/09/21,17,118,0,,,,,
2014/09/21,18,106,0,,,,,
2014/09/21,19,60,0,,,,,
2014/09/21,20,39,0,,,,,
2014/09/21,21,31,0,,,,,
2014/09/21,22,29,0,,,,,
2014/09/21,23,25,0,,,,,
2014/09/21,24,24,0,,,,,
2014/09/22,01,20,0,,,,,
2014/09/22,02,23,0,,,,,
2014/09/22,03,20,0,,,,,
2014/09/22,04,20,0,,,,,
2014/09/22,05,20,0,,,,,
2014/09/22,06,21,0,,,,,
2014/09/22,07,44,0,,,,,
2014/09/22,08,50,0,,,,,
2014/09/22,09,53,0,,,,,
2014/09/22,10,54,0,,,,,
2014/09/22,11,61,0,,,,,
2014/09/22,12,72,3,,,,,
2014/09/22,13,83,4,,,,,
2014/09/22,14,91,3,,,,,
2014/09/22,15,108,4,,,,,
2014/09/22,16,115,3,,,,,
2014/09/22,17,114,4,,,,,
2014/09/22,18,107,2,,,,,
2014/09/22,19,87,3,,,,,
2014/09/22,20,39,0,,,,,
2014/09/22,21,29,0,,,,,
2014/09/22,22,27,0,,,,,
2014/09/22,23,24,0,,,,,
2014/09/22,24,24,0,,,,,
2014/09/23,01,23,0,,,,,
2014/09/23,02,26,0,,,,,
2014/09/23,03,19,0,,,,,
2014/09/23,04,22,0,,,,,
2014/09/23,05,19,0,,,,,
2014/09/23,06,20,0,,,,,
2014/09/23,07,44,0,,,,,
2014/09/23,08,47,0,,,,,
2014/09/23,09,52,0,,,,,
2014/09/23,10,58,0,,,,,
2014/09/23,11,64,0,,,,,
2014/09/23,12,64,2,,,,,
2014/09/23,13,71,4,,,,,
2014/09/23,14,73,3,,,,,
2014/09/23,15,87,4,,,,,
2014/09/23,16,100,3,,,,,
2014/09/23,17,111,4,,,,,
2014/09/23,18,112,2,,,,,
2014/09/23,19,73,1,,,,,
2014/09/23,20,39,0,,,,,
2014/09/23,21,31,0,,,,,
2014/09/23,22,29,0,,,,,
2014/09/23,23,25,0,,,,,
2014/09/23,24,23,0,,,,,
2014/09/24,01,22,0,,,,,
2014/09/24,02,23,0,,,,,
2014/09/24,03,21,0,,,,,
2014/09/24,04,21,0,,,,,
2014/09/24,05,22,0,,,,,
2014/09/24,06,21,0,,,,,
2014/09/24,07,29,0,,,,,
2014/09/24,08,46,0,,,,,
2014/09/24,09,49,0,,,,,
2014/09/24,10,52,0,,,,,
2014/09/24,11,59,0,,,,,
2014/09/24,12,77,1,,,,,
2014/09/24,13,88,4,,,,,
2014/09/24,14,99,4,,,,,
2014/09/24,15,93,1,,,,,
2014/09/24,16,92,0,,,,,
2014/09/24,17,91,0,,,,,
2014/09/24,18,54,0,,,,,
2014/09/24,19,32,0,,,,,
2014/09/24,20,29,0,,,,,
2014/09/24,21,26,0,,,,,
2014/09/24,22,22,0,,,,,
2014/09/24,23,20,0,,,,,
2014/09/24,24,20,0,,,,,
2014/09/25,01,20,0,,,,,
2014/09/25,02,20,0,,,,,
2014/09/25,03,20,0,,,,,
2014/09/25,04,23,0,,,,,
2014/09/25,05,24,0,,,,,
2014/09/25,06,43,0,,,,,
2014/09/25,07,68,0,,,,,
2014/09/25,08,67,0,,,,,
2014/09/25,09,63,0,,,,,
2014/09/25,10,71,0,,,,,
2014/09/25,11,67,0,,,,,
2014/09/25,12,72,3,,,,,
2014/09/25,13,83,2,,,,,
2014/09/25,14,122,2,,,,,
2014/09/25,15,128,2,,,,,
2014/09/25,16,141,2,,,,,
2014/09/25,17,118,2,,,,,
2014/09/25,18,56,0,,,,,
2014/09/25,19,37,0,,,,,
2014/09/25,20,29,0,,,,,
2014/09/25,21,24,0,,,,,
2014/09/25,22,22,0,,,,,
2014/09/25,23,20,0,,,,,
2014/09/25,24,20,0,,,,,
2014/09/26,01,20,0,,,,,
2014/09/26,02,20,0,,,,,
2014/09/26,03,19,0,,,,,
2014/09/26,04,21,0,,,,,
2014/09/26,05,20,0,,,,,
2014/09/26,06,33,0,,,,,
2014/09/26,07,57,0,,,,,
2014/09/26,08,52,0,,,,,
2014/09/26,09,48,0,,,,,
2014/09/26,10,47,0,,,,,
2014/09/26,11,51,0,,,,,
2014/09/26,12,92,0,,,,,
2014/09/26,13,102,0,,,,,
2014/09/26,14,122,5,,,,,
2014/09/26,15,132,3,,,,,
2014/09/26,16,97,4,,,,,
2014/09/26,17,40,1,,,,,
2014/09/26,18,32,0,,,,,
2014/09/26,19,26,0,,,,,
2014/09/26,20,28,0,,,,,
2014/09/26,21,23,0,,,,,
2014/09/26,22,22,0,,,,,
2014/09/26,23,19,0,,,,,
2014/09/26,24,20,0,,,,,
2014/09/27,01,19,0,,,,,
2014/09/27,02,19,0,,,,,
2014/09/27,03,19,0,,,,,
2014/09/27,04,22,0,,,,,
2014/09/27,05,20,0,,,,,
2014/09/27,06,23,0,,,,,
2014/09/27,07,43,0,,,,,
2014/09/27,08,51,0,,,,,
2014/09/27,09,50,0,,,,,
2014/09/27,10,60,0,,,,,
2014/09/27,11,69,1,,,,,
2014/09/27,12,81,3,,,,,
2014/09/27,13,90,4,,,,,
2014/09/27,14,93,4,,,,,
2014/09/27,15,97,5,,,,,
2014/09/27,16,105,5,,,,,
2014/09/27,17,103,3,,,,,
2014/09/27,18,59,2,,,,,
2014/09/27,19,33,0,,,,,
2014/09/27,20,30,0,,,,,
2014/09/27,21,23,0,,,,,
2014/09/27,22,23,0,,,,,
2014/09/27,23,20,0,,,,,
2014/09/27,24,21,0,,,,,
2014/09/28,01,20,0,,,,,
2014/09/28,02,20,0,,,,,
2014/09/28,03,19,0,,,,,
2014/09/28,04,20,0,,,,,
2014/09/28,05,20,0,,,,,
2014/09/28,06,21,0,,,,,
2014/09/28,07,49,0,,,,,
2014/09/28,08,52,0,,,,,
2014/09/28,09,54,0,,,,,
2014/09/28,10,58,0,,,,,
2014/09/28,11,78,2,,,,,
2014/09/28,12,77,3,,,,,
2014/09/28,13,83,5,,,,,
2014/09/28,14,98,6,,,,,
2014/09/28,15,90,4,,,,,
2014/09/28,16,106,4,,,,,
2014/09/28,17,116,1,,,,,
2014/09/28,18,99,2,,,,,
2014/09/28,19,51,0,,,,,
2014/09/28,20,43,0,,,,,
2014/09/28,21,31,0,,,,,
2014/09/28,22,25,0,,,,,
2014/09/28,23,24,0,,,,,
2014/09/28,24,22,0,,,,,
2014/09/29,01,24,0,,,,,
2014/09/29,02,25,0,,,,,
2014/09/29,03,21,0,,,,,
2014/09/29,04,20,0,,,,,
2014/09/29,05,21,0,,,,,
2014/09/29,06,22,0,,,,,
2014/09/29,07,43,0,,,,,
2014/09/29,08,53,0,,,,,
2014/09/29,09,52,0,,,,,
2014/09/29,10,49,0,,,,,
2014/09/29,11,55,0,,,,,
2014/09/29,12,69,2,,,,,
2014/09/29,13,78,4,,,,,
2014/09/29,14,87,5,,,,,
2014/09/29,15,86,3,,,,,
2014/09/29,16,103,4,,,,,
2014/09/29,17,102,5,,,,,
2014/09/29,18,44,3,,,,,
2014/09/29,19,32,0,,,,,
2014/09/29,20,28,0,,,,,
2014/09/29,21,22,0,,,,,
2014/09/29,22,20,0,,,,,
2014/09/29,23,19,0,,,,,
2014/09/29,24,20,0,,,,,
2014/09/30,01,19,0,,,,,
2014/09/30,02,19,0,,,,,
2014/09/30,03,19,0,,,,,
2014/09/30,04,19,0,,,,,
2014/09/30,05,19,0,,,,,
2014/09/30,06,19,0,,,,,
2014/09/30,07,47,0,,,,,
2014/09/30,08,49,0,,,,,
2014/09/30,09,51,0,,,,,
2014/09/30,10,55,0,,,,,
2014/09/30,11,68,0,,,,,
2014/09/30,12,77,4,,,,,
2014/09/30,13,86,4,,,,,
2014/09/30,14,97,4,,,,,
2014/09/30,15,100,3,,,,,
2014/09/30,16,116,2,,,,,
2014/09/30,17,119,3,,,,,
2014/09/30,18,77,1,,,,,
2014/09/30,19,38,0,,,,,
2014/09/30,20,31,0,,,,,
2014/09/30,21,26,0,,,,,
2014/09/30,22,24,0,,,,,
2014/09/30,23,23,0,,,,,
2014/09/30,24,22,0,,,,,
2014/10/01,01,22,0,,,,,
2014/10/01,02,21,0,,,,,
2014/10/01,03,23,0,,,,,
2014/10/01,04,19,0,,,,,
2014/10/01,05,22,0,,,,,
2014/10/01,06,20,0,,,,,
2014/10/01,07,26,0,,,,,
2014/10/01,08,44,0,,,,,
2014/10/01,09,49,0,,,,,
2014/10/01,10,47,0,,,,,
2014/10/01,11,43,0,,,,,
2014/10/01,12,57,1,,,,,
2014/10/01,13,78,4,,,,,
2014/10/01,14,72,3,,,,,
2014/10/01,15,84,3,,,,,
2014/10/01,16,102,4,,,,,
2014/10/01,17,81,4,,,,,
2014/10/01,18,36,0,,,,,
2014/10/01,19,25,0,,,,,
2014/10/01,20,24,0,,,,,
2014/10/01,21,22,0,,,,,
2014/10/01,22,20,0,,,,,
2014/10/01,23,19,0,,,,,
2014/10/01,24,19,0,,,,,
2014/10/02,01,19,0,,,,,
2014/10/02,02,23,0,,,,,
2014/10/02,03,28,0,,,,,
2014/10/02,04,30,0,,,,,
2014/10/02,05,40,0,,,,,
2014/10/02,06,30,0,,,,,
2014/10/02,07,31,0,,,,,
2014/10/02,08,45,0,,,,,
2014/10/02,09,51,0,,,,,
2014/10/02,10,51,0,,,,,
2014/10/02,11,47,0,,,,,
2014/10/02,12,59,3,,,,,
2014/10/02,13,67,3,,,,,
2014/10/02,14,68,4,,,,,
2014/10/02,15,83,3,,,,,
2014/10/02,16,94,4,,,,,
2014/10/02,17,86,3,,,,,
2014/10/02,18,44,2,,,,,
2014/10/02,19,27,0,,,,,
2014/10/02,20,27,0,,,,,
2014/10/02,21,23,0,,,,,
2014/10/02,22,22,0,,,,,
2014/10/02,23,21,0,,,,,
2014/10/02,24,21,0,,,,,
2014/10/03,01,20,0,,,,,
2014/10/03,02,20,0,,,,,
2014/10/03,03,21,0,,,,,
2014/10/03,04,22,0,,,,,
2014/10/03,05,20,0,,,,,
2014/10/03,06,21,0,,,,,
2014/10/03,07,23,0,,,,,
2014/10/03,08,38,0,,,,,
2014/10/03,09,49,0,,,,,
2014/10/03,10,47,0,,,,,
2014/10/03,11,66,2,,,,,
2014/10/03,12,74,3,,,,,
2014/10/03,13,78,2,,,,,
2014/10/03,14,83,4,,,,,
2014/10/03,15,91,1,,,,,
2014/10/03,16,96,3,,,,,
2014/10/03,17,96,0,,,,,
2014/10/03,18,62,0,,,,,
2014/10/03,19,41,0,,,,,
2014/10/03,20,36,0,,,,,
2014/10/03,21,32,0,,,,,
2014/10/03,22,30,0,,,,,
2014/10/03,23,25,0,,,,,
2014/10/03,24,25,0,,,,,
2014/10/04,01,21,0,,,,,
2014/10/04,02,23,0,,,,,
2014/10/04,03,20,0,,,,,
2014/10/04,04,21,0,,,,,
2014/10/04,05,20,0,,,,,
2014/10/04,06,22,0,,,,,
2014/10/04,07,51,0,,,,,
2014/10/04,08,54,0,,,,,
2014/10/04,09,53,0,,,,,
2014/10/04,10,64,0,,,,,
2014/10/04,11,74,1,,,,,
2014/10/04,12,78,3,,,,,
2014/10/04,13,84,3,,,,,
2014/10/04,14,91,2,,,,,
2014/10/04,15,97,3,,,,,
2014/10/04,16,118,2,,,,,
2014/10/04,17,121,2,,,,,
2014/10/04,18,108,1,,,,,
2014/10/04,19,49,1,,,,,
2014/10/04,20,32,0,,,,,
2014/10/04,21,26,0,,,,,
2014/10/04,22,24,0,,,,,
2014/10/04,23,20,0,,,,,
2014/10/04,24,21,0,,,,,
2014/10/05,01,21,0,,,,,
2014/10/05,02,20,0,,,,,
2014/10/05,03,19,0,,,,,
2014/10/05,04,21,0,,,,,
2014/10/05,05,19,0,,,,,
2014/10/05,06,22,0,,,,,
2014/10/05,07,47,0,,,,,
2014/10/05,08,47,0,,,,,
2014/10/05,09,53,0,,,,,
2014/10/05,10,61,0,,,,,
2014/10/05,11,63,0,,,,,
2014/10/05,12,71,0,,,,,
2014/10/05,13,82,0,,,,,
2014/10/05,14,86,0,,,,,
2014/10/05,15,93,0,,,,,
2014/10/05,16,96,0,,,,,
2014/10/05,17,87,0,,,,,
2014/10/05,18,52,0,,,,,
2014/10/05,19,40,0,,,,,
2014/10/05,20,27,0,,,,,
2014/10/05,21,23,0,,,,,
2014/10/05,22,21,0,,,,,
2014/10/05,23,20,0,,,,,
2014/10/05,24,20,0,,,,,
2014/10/06,01,20,0,,,,,
2014/10/06,02,19,0,,,,,
2014/10/06,03,28,0,,,,,
2014/10/06,04,21,0,,,,,
2014/10/06,05,20,0,,,,,
2014/10/06,06,19,0,,,,,
2014/10/06,07,21,0,,,,,
2014/10/06,08,48,0,,,,,
2014/10/06,09,51,0,,,,,
2014/10/06,10,48,0,,,,,
2014/10/06,11,50,0,,,,,
2014/10/06,12,56,0,,,,,
2014/10/06,13,68,0,,,,,
2014/10/06,14,69,0,,,,,
2014/10/06,15,71,0,,,,,
2014/10/06,16,77,0,,,,,
2014/10/06,17,70,0,,,,,
2014/10/06,18,37,0,,,,,
2014/10/06,19,25,0,,,,,
2014/10/06,20,25,0,,,,,
2014/10/06,21,22,0,,,,,
2014/10/06,22,21,0,,,,,
2014/10/06,23,20,0,,,,,
2014/10/06,24,21,0,,,,,
2014/10/07,01,21,0,,,,,
2014/10/07,02,22,0,,,,,
2014/10/07,03,23,0,,,,,
2014/10/07,04,24,0,,,,,
2014/10/07,05,21,0,,,,,
2014/10/07,06,20,0,,,,,
2014/10/07,07,41,0,,,,,
2014/10/07,08,46,0,,,,,
2014/10/07,09,49,0,,,,,
2014/10/07,10,60,0,,,,,
2014/10/07,11,64,0,,,,,
2014/10/07,12,66,0,,,,,
2014/10/07,13,77,1,,,,,
2014/10/07,14,86,2,,,,,
2014/10/07,15,94,1,,,,,
2014/10/07,16,111,2,,,,,
2014/10/07,17,118,1,,,,,
2014/10/07,18,66,1,,,,,
2014/10/07,19,36,0,,,,,
2014/10/07,20,29,0,,,,,
2014/10/07,21,25,0,,,,,
2014/10/07,22,22,0,,,,,
2014/10/07,23,19,0,,,,,
2014/10/07,24,21,0,,,,,
2014/10/08,01,19,0,,,,,
2014/10/08,02,18,0,,,,,
2014/10/08,03,21,0,,,,,
2014/10/08,04,24,0,,,,,
2014/10/08,05,31,0,,,,,
2014/10/08,06,19,0,,,,,
2014/10/08,07,43,0,,,,,
2014/10/08,08,47,0,,,,,
2014/10/08,09,54,0,,,,,
2014/10/08,10,58,0,,,,,
2014/10/08,11,55,0,,,,,
2014/10/08,12,59,0,,,,,
2014/10/08,13,71,1,,,,,
2014/10/08,14,73,2,,,,,
2014/10/08,15,90,2,,,,,
2014/10/08,16,106,1,,,,,
2014/10/08,17,112,2,,,,,
2014/10/08,18,112,1,,,,,
2014/10/08,19,58,1,,,,,
2014/10/08,20,39,0,,,,,
2014/10/08,21,30,0,,,,,
2014/10/08,22,28,0,,,,,
2014/10/08,23,25,0,,,,,
2014/10/08,24,23,0,,,,,
2014/10/09,01,21,0,,,,,
2014/10/09,02,21,0,,,,,
2014/10/09,03,23,0,,,,,
2014/10/09,04,20,0,,,,,
2014/10/09,05,20,0,,,,,
2014/10/09,06,19,0,,,,,
2014/10/09,07,21,0,,,,,
2014/10/09,08,43,0,,,,,
2014/10/09,09,49,0,,,,,
2014/10/09,10,51,0,,,,,
2014/10/09,11,55,0,,,,,
2014/10/09,12,61,0,,,,,
2014/10/09,13,70,0,,,,,
2014/10/09,14,80,0,,,,,
2014/10/09,15,87,0,,,,,
2014/10/09,16,91,0,,,,,
2014/10/09,17,97,0,,,,,
2014/10/09,18,88,0,,,,,
2014/10/09,19,49,0,,,,,
2014/10/09,20,33,0,,,,,
2014/10/09,21,27,0,,,,,
2014/10/09,22,24,0,,,,,
2014/10/09,23,23,0,,,,,
2014/10/09,24,20,0,,,,,
2014/10/10,01,19,0,,,,,
2014/10/10,02,19,0,,,,,
2014/10/10,03,19,0,,,,,
2014/10/10,04,19,0,,,,,
2014/10/10,05,19,0,,,,,
2014/10/10,06,19,0,,,,,
2014/10/10,07,25,0,,,,,
2014/10/10,08,37,0,,,,,
2014/10/10,09,47,0,,,,,
2014/10/10,10,45,0,,,,,
2014/10/10,11,45,0,,,,,
2014/10/10,12,60,2,,,,,
2014/10/10,13,57,2,,,,,
2014/10/10,14,61,2,,,,,
2014/10/10,15,64,2,,,,,
2014/10/10,16,75,0,,,,,
2014/10/10,17,77,0,,,,,
2014/10/10,18,54,0,,,,,
2014/10/10,19,36,0,,,,,
2014/10/10,20,28,0,,,,,
2014/10/10,21,25,0,,,,,
2014/10/10,22,23,0,,,,,
2014/10/10,23,21,0,,,,,
2014/10/10,24,22,0,,,,,
2014/10/11,01,21,0,,,,,
2014/10/11,02,20,0,,,,,
2014/10/11,03,21,0,,,,,
2014/10/11,04,21,0,,,,,
2014/10/11,05,20,0,,,,,
2014/10/11,06,22,0,,,,,
2014/10/11,07,29,0,,,,,
2014/10/11,08,47,0,,,,,
2014/10/11,09,49,0,,,,,
2014/10/11,10,54,0,,,,,
2014/10/11,11,58,0,,,,,
2014/10/11,12,60,0,,,,,
2014/10/11,13,67,0,,,,,
2014/10/11,14,78,1,,,,,
2014/10/11,15,87,0,,,,,
2014/10/11,16,97,0,,,,,
2014/10/11,17,103,2,,,,,
2014/10/11,18,71,1,,,,,
2014/10/11,19,46,0,,,,,
2014/10/11,20,34,0,,,,,
2014/10/11,21,32,0,,,,,
2014/10/11,22,31,0,,,,,
2014/10/11,23,24,0,,,,,
2014/10/11,24,24,0,,,,,
2014/10/12,01,26,0,,,,,
2014/10/12,02,23,0,,,,,
2014/10/12,03,21,0,,,,,
2014/10/12,04,23,0,,,,,
2014/10/12,05,22,0,,,,,
2014/10/12,06,21,0,,,,,
2014/10/12,07,43,0,,,,,
2014/10/12,08,48,0,,,,,
2014/10/12,09,51,0,,,,,
2014/10/12,10,51,0,,,,,
2014/10/12,11,54,0,,,,,
2014/10/12,12,61,2,,,,,
2014/10/12,13,67,3,,,,,
2014/10/12,14,73,2,,,,,
2014/10/12,15,83,2,,,,,
2014/10/12,16,96,2,,,,,
2014/10/12,17,95,1,,,,,
2014/10/12,18,69,1,,,,,
2014/10/12,19,39,0,,,,,
2014/10/12,20,31,0,,,,,
2014/10/12,21,25,0,,,,,
2014/10/12,22,25,0,,,,,
2014/10/12,23,20,0,,,,,
2014/10/12,24,20,0,,,,,
2014/10/13,01,20,0,,,,,
2014/10/13,02,19,0,,,,,
2014/10/13,03,19,0,,,,,
2014/10/13,04,20,0,,,,,
2014/10/13,05,20,0,,,,,
2014/10/13,06,20,0,,,,,
2014/10/13,07,28,0,,,,,
2014/10/13,08,49,0,,,,,
2014/10/13,09,53,0,,,,,
2014/10/13,10,58,0,,,,,
2014/10/13,11,59,0,,,,,
2014/10/13,12,69,0,,,,,
2014/10/13,13,70,0,,,,,
2014/10/13,14,76,0,,,,,
2014/10/13,15,77,0,,,,,
2014/10/13,16,76,0,,,,,
2014/10/13,17,59,0,,,,,
2014/10/13,18,33,0,,,,,
2014/10/13,19,25,0,,,,,
2014/10/13,20,23,0,,,,,
2014/10/13,21,23,0,,,,,
2014/10/13,22,21,0,,,,,
2014/10/13,23,21,0,,,,,
2014/10/13,24,22,0,,,,,
2014/10/14,01,22,0,,,,,
2014/10/14,02,20,0,,,,,
2014/10/14,03,21,0,,,,,
2014/10/14,04,21,0,,,,,
2014/10/14,05,23,0,,,,,
2014/10/14,06,24,0,,,,,
2014/10/14,07,20,0,,,,,
2014/10/14,08,46,0,,,,,
2014/10/14,09,45,0,,,,,
2014/10/14,10,49,0,,,,,
2014/10/14,11,43,0,,,,,
2014/10/14,12,49,0,,,,,
2014/10/14,13,54,0,,,,,
2014/10/14,14,61,0,,,,,
2014/10/14,15,69,0,,,,,
2014/10/14,16,79,0,,,,,
2014/10/14,17,67,0,,,,,
2014/10/14,18,34,0,,,,,
2014/10/14,19,26,0,,,,,
2014/10/14,20,25,0,,,,,
2014/10/14,21,21,0,,,,,
2014/10/14,22,19,0,,,,,
2014/10/14,23,19,0,,,,,
2014/10/14,24,19,0,,,,,
2014/10/15,01,19,0,,,,,
2014/10/15,02,29,0,,,,,
2014/10/15,03,27,0,,,,,
2014/10/15,04,25,0,,,,,
2014/10/15,05,21,0,,,,,
2014/10/15,06,22,0,,,,,
2014/10/15,07,27,0,,,,,
2014/10/15,08,50,0,,,,,
2014/10/15,09,48,0,,,,,
2014/10/15,10,54,0,,,,,
2014/10/15,11,59,0,,,,,
2014/10/15,12,65,0,,,,,
2014/10/15,13,65,0,,,,,
2014/10/15,14,64,0,,,,,
2014/10/15,15,74,0,,,,,
2014/10/15,16,93,0,,,,,
2014/10/15,17,103,0,,,,,
2014/10/15,18,102,0,,,,,
2014/10/15,19,68,0,,,,,
2014/10/15,20,33,0,,,,,
2014/10/15,21,31,0,,,,,
2014/10/15,22,27,0,,,,,
2014/10/15,23,23,0,,,,,
2014/10/15,24,22,0,,,,,
2014/10/16,01,21,0,,,,,
2014/10/16,02,20,0,,,,,
2014/10/16,03,19,0,,,,,
2014/10/16,04,21,0,,,,,
2014/10/16,05,20,0,,,,,
2014/10/16,06,19,0,,,,,
2014/10/16,07,28,0,,,,,
2014/10/16,08,45,0,,,,,
2014/10/16,09,53,0,,,,,
2014/10/16,10,50,0,,,,,
2014/10/16,11,46,0,,,,,
2014/10/16,12,52,0,,,,,
2014/10/16,13,60,0,,,,,
2014/10/16,14,71,0,,,,,
2014/10/16,15,78,0,,,,,
2014/10/16,16,90,0,,,,,
2014/10/16,17,87,0,,,,,
2014/10/16,18,53,0,,,,,
2014/10/16,19,32,0,,,,,
2014/10/16,20,26,0,,,,,
2014/10/16,21,25,0,,,,,
2014/10/16,22,21,0,,,,,
2014/10/16,23,20,0,,,,,
2014/10/16,24,20,0,,,,,
2014/10/17,01,21,0,,,,,
2014/10/17,02,21,0,,,,,
2014/10/17,03,23,0,,,,,
2014/10/17,04,22,0,,,,,
2014/10/17,05,21,0,,,,,
2014/10/17,06,19,0,,,,,
2014/10/17,07,24,0,,,,,
2014/10/17,08,35,0,,,,,
2014/10/17,09,45,0,,,,,
2014/10/17,10,41,0,,,,,
2014/10/17,11,39,0,,,,,
2014/10/17,12,46,0,,,,,
2014/10/17,13,44,0,,,,,
2014/10/17,14,55,0,,,,,
2014/10/17,15,62,0,,,,,
2014/10/17,16,71,0,,,,,
2014/10/17,17,67,0,,,,,
2014/10/17,18,45,0,,,,,
2014/10/17,19,29,0,,,,,
2014/10/17,20,26,0,,,,,
2014/10/17,21,23,0,,,,,
2014/10/17,22,21,0,,,,,
2014/10/17,23,19,0,,,,,
2014/10/17,24,19,0,,,,,
2014/10/18,01,19,0,,,,,
2014/10/18,02,20,0,,,,,
2014/10/18,03,26,0,,,,,
2014/10/18,04,27,0,,,,,
2014/10/18,05,25,0,,,,,
2014/10/18,06,19,0,,,,,
2014/10/18,07,42,0,,,,,
2014/10/18,08,47,0,,,,,
2014/10/18,09,52,0,,,,,
2014/10/18,10,61,0,,,,,
2014/10/18,11,58,0,,,,,
2014/10/18,12,52,0,,,,,
2014/10/18,13,61,0,,,,,
2014/10/18,14,66,0,,,,,
2014/10/18,15,76,0,,,,,
2014/10/18,16,96,0,,,,,
2014/10/18,17,111,0,,,,,
2014/10/18,18,112,0,,,,,
2014/10/18,19,63,0,,,,,
2014/10/18,20,39,0,,,,,
2014/10/18,21,31,0,,,,,
2014/10/18,22,28,0,,,,,
2014/10/18,23,25,0,,,,,
2014/10/18,24,23,0,,,,,
2014/10/19,01,21,0,,,,,
2014/10/19,02,19,0,,,,,
2014/10/19,03,26,0,,,,,
2014/10/19,04,23,0,,,,,
2014/10/19,05,22,0,,,,,
2014/10/19,06,23,0,,,,,
2014/10/19,07,51,0,,,,,
2014/10/19,08,50,0,,,,,
2014/10/19,09,51,0,,,,,
2014/10/19,10,56,0,,,,,
2014/10/19,11,55,0,,,,,
2014/10/19,12,54,0,,,,,
2014/10/19,13,66,0,,,,,
2014/10/19,14,71,0,,,,,
2014/10/19,15,81,0,,,,,
2014/10/19,16,99,0,,,,,
2014/10/19,17,112,0,,,,,
2014/10/19,18,112,0,,,,,
2014/10/19,19,62,0,,,,,
2014/10/19,20,40,0,,,,,
2014/10/19,21,31,0,,,,,
2014/10/19,22,28,0,,,,,
2014/10/19,23,26,0,,,,,
2014/10/19,24,23,0,,,,,
2014/10/20,01,20,0,,,,,
2014/10/20,02,23,0,,,,,
2014/10/20,03,33,0,,,,,
2014/10/20,04,39,0,,,,,
2014/10/20,05,27,0,,,,,
2014/10/20,06,19,0,,,,,
2014/10/20,07,38,0,,,,,
2014/10/20,08,63,0,,,,,
2014/10/20,09,58,0,,,,,
2014/10/20,10,59,0,,,,,
2014/10/20,11,60,0,,,,,
2014/10/20,12,61,0,,,,,
2014/10/20,13,68,0,,,,,
2014/10/20,14,78,0,,,,,
2014/10/20,15,82,0,,,,,
2014/10/20,16,91,0,,,,,
2014/10/20,17,97,0,,,,,
2014/10/20,18,65,0,,,,,
2014/10/20,19,37,0,,,,,
2014/10/20,20,29,0,,,,,
2014/10/20,21,26,0,,,,,
2014/10/20,22,24,0,,,,,
2014/10/20,23,20,0,,,,,
2014/10/20,24,20,0,,,,,
2014/10/21,01,20,0,,,,,
2014/10/21,02,20,0,,,,,
2014/10/21,03,19,0,,,,,
2014/10/21,04,20,0,,,,,
2014/10/21,05,19,0,,,,,
2014/10/21,06,19,0,,,,,
2014/10/21,07,28,0,,,,,
2014/10/21,08,47,0,,,,,
2014/10/21,09,50,0,,,,,
2014/10/21,10,59,0,,,,,
2014/10/21,11,59,0,,,,,
2014/10/21,12,72,0,,,,,
2014/10/21,13,79,0,,,,,
2014/10/21,14,75,0,,,,,
2014/10/21,15,82,0,,,,,
2014/10/21,16,96,0,,,,,
2014/10/21,17,101,0,,,,,
2014/10/21,18,76,0,,,,,
2014/10/21,19,38,0,,,,,
2014/10/21,20,29,0,,,,,
2014/10/21,21,24,0,,,,,
2014/10/21,22,22,0,,,,,
2014/10/21,23,20,0,,,,,
2014/10/21,24,20,0,,,,,
2014/10/22,01,20,0,,,,,
2014/10/22,02,22,0,,,,,
2014/10/22,03,22,0,,,,,
2014/10/22,04,23,0,,,,,
2014/10/22,05,23,0,,,,,
2014/10/22,06,22,0,,,,,
2014/10/22,07,44,0,,,,,
2014/10/22,08,50,0,,,,,
2014/10/22,09,61,0,,,,,
2014/10/22,10,60,0,,,,,
2014/10/22,11,61,0,,,,,
2014/10/22,12,70,0,,,,,
2014/10/22,13,78,0,,,,,
2014/10/22,14,77,0,,,,,
2014/10/22,15,83,0,,,,,
2014/10/22,16,95,0,,,,,
2014/10/22,17,106,0,,,,,
2014/10/22,18,96,0,,,,,
2014/10/22,19,49,0,,,,,
2014/10/22,20,34,0,,,,,
2014/10/22,21,29,0,,,,,
2014/10/22,22,25,0,,,,,
2014/10/22,23,23,0,,,,,
2014/10/22,24,21,0,,,,,
2014/10/23,01,19,0,,,,,
2014/10/23,02,20,0,,,,,
2014/10/23,03,18,0,,,,,
2014/10/23,04,19,0,,,,,
2014/10/23,05,19,0,,,,,
2014/10/23,06,20,0,,,,,
2014/10/23,07,30,0,,,,,
2014/10/23,08,46,0,,,,,
2014/10/23,09,50,0,,,,,
2014/10/23,10,52,0,,,,,
2014/10/23,11,46,0,,,,,
2014/10/23,12,59,0,,,,,
2014/10/23,13,64,0,,,,,
2014/10/23,14,67,0,,,,,
2014/10/23,15,101,0,,,,,
2014/10/23,16,103,0,,,,,
2014/10/23,17,97,0,,,,,
2014/10/23,18,62,0,,,,,
2014/10/23,19,38,0,,,,,
2014/10/23,20,31,0,,,,,
2014/10/23,21,26,0,,,,,
2014/10/23,22,21,0,,,,,
2014/10/23,23,23,0,,,,,
2014/10/23,24,19,0,,,,,
2014/10/24,01,19,0,,,,,
2014/10/24,02,21,0,,,,,
2014/10/24,03,25,0,,,,,
2014/10/24,04,38,0,,,,,
2014/10/24,05,28,0,,,,,
2014/10/24,06,20,0,,,,,
2014/10/24,07,22,0,,,,,
2014/10/24,08,35,0,,,,,
2014/10/24,09,46,0,,,,,
2014/10/24,10,41,0,,,,,
2014/10/24,11,43,0,,,,,
2014/10/24,12,46,0,,,,,
2014/10/24,13,47,0,,,,,
2014/10/24,14,53,0,,,,,
2014/10/24,15,63,0,,,,,
2014/10/24,16,75,0,,,,,
2014/10/24,17,73,0,,,,,
2014/10/24,18,51,0,,,,,
2014/10/24,19,36,0,,,,,
2014/10/24,20,27,0,,,,,
2014/10/24,21,24,0,,,,,
2014/10/24,22,22,0,,,,,
2014/10/24,23,19,0,,,,,
2014/10/24,24,19,0,,,,,
2014/10/25,01,20,0,,,,,
2014/10/25,02,19,0,,,,,
2014/10/25,03,19,0,,,,,
2014/10/25,04,20,0,,,,,
2014/10/25,05,19,0,,,,,
2014/10/25,06,19,0,,,,,
2014/10/25,07,46,0,,,,,
2014/10/25,08,53,0,,,,,
2014/10/25,09,56,0,,,,,
2014/10/25,10,52,0,,,,,
2014/10/25,11,55,0,,,,,
2014/10/25,12,53,0,,,,,
2014/10/25,13,59,0,,,,,
2014/10/25,14,71,0,,,,,
2014/10/25,15,82,0,,,,,
2014/10/25,16,100,0,,,,,
2014/10/25,17,102,0,,,,,
2014/10/25,18,83,0,,,,,
2014/10/25,19,45,0,,,,,
2014/10/25,20,32,0,,,,,
2014/10/25,21,26,0,,,,,
2014/10/25,22,23,0,,,,,
2014/10/25,23,20,0,,,,,
2014/10/25,24,20,0,,,,,
2014/10/26,01,20,0,,,,,
2014/10/26,02,20,0,,,,,
2014/10/26,03,19,0,,,,,
2014/10/26,04,20,0,,,,,
2014/10/26,05,19,0,,,,,
2014/10/26,06,19,0,,,,,
2014/10/26,07,46,0,,,,,
2014/10/26,08,50,0,,,,,
2014/10/26,09,62,0,,,,,
2014/10/26,10,70,0,,,,,
2014/10/26,11,62,0,,,,,
2014/10/26,12,55,0,,,,,
2014/10/26,13,65,0,,,,,
2014/10/26,14,71,0,,,,,
2014/10/26,15,82,0,,,,,
2014/10/26,16,101,0,,,,,
2014/10/26,17,103,0,,,,,
2014/10/26,18,77,0,,,,,
2014/10/26,19,43,0,,,,,
2014/10/26,20,30,0,,,,,
2014/10/26,21,26,0,,,,,
2014/10/26,22,24,0,,,,,
2014/10/26,23,23,0,,,,,
2014/10/26,24,22,0,,,,,
2014/10/27,01,22,0,,,,,
2014/10/27,02,22,0,,,,,
2014/10/27,03,22,0,,,,,
2014/10/27,04,21,0,,,,,
2014/10/27,05,21,0,,,,,
2014/10/27,06,21,0,,,,,
2014/10/27,07,40,0,,,,,
2014/10/27,08,47,0,,,,,
2014/10/27,09,50,0,,,,,
2014/10/27,10,49,0,,,,,
2014/10/27,11,47,0,,,,,
2014/10/27,12,52,0,,,,,
2014/10/27,13,68,0,,,,,
2014/10/27,14,75,0,,,,,
2014/10/27,15,78,0,,,,,
2014/10/27,16,97,0,,,,,
2014/10/27,17,100,0,,,,,
2014/10/27,18,63,0,,,,,
2014/10/27,19,35,0,,,,,
2014/10/27,20,28,0,,,,,
2014/10/27,21,25,0,,,,,
2014/10/27,22,23,0,,,,,
2014/10/27,23,20,0,,,,,
2014/10/27,24,19,0,,,,,
2014/10/28,01,19,0,,,,,
2014/10/28,02,19,0,,,,,
2014/10/28,03,19,0,,,,,
2014/10/28,04,19,0,,,,,
2014/10/28,05,19,0,,,,,
2014/10/28,06,19,0,,,,,
2014/10/28,07,19,0,,,,,
2014/10/28,08,41,0,,,,,
2014/10/28,09,45,0,,,,,
2014/10/28,10,45,0,,,,,
2014/10/28,11,42,0,,,,,
2014/10/28,12,46,0,,,,,
2014/10/28,13,64,0,,,,,
2014/10/28,14,58,0,,,,,
2014/10/28,15,65,0,,,,,
2014/10/28,16,75,0,,,,,
2014/10/28,17,59,0,,,,,
2014/10/28,18,31,0,,,,,
2014/10/28,19,26,0,,,,,
2014/10/28,20,23,0,,,,,
2014/10/28,21,22,0,,,,,
2014/10/28,22,20,0,,,,,
2014/10/28,23,18,0,,,,,
2014/10/28,24,19,0,,,,,
2014/10/29,01,19,0,,,,,
2014/10/29,02,18,0,,,,,
2014/10/29,03,19,0,,,,,
2014/10/29,04,20,0,,,,,
2014/10/29,05,19,0,,,,,
2014/10/29,06,20,0,,,,,
2014/10/29,07,23,0,,,,,
2014/10/29,08,49,0,,,,,
2014/10/29,09,49,0,,,,,
2014/10/29,10,52,0,,,,,
2014/10/29,11,54,0,,,,,
2014/10/29,12,55,0,,,,,
2014/10/29,13,63,0,,,,,
2014/10/29,14,69,0,,,,,
2014/10/29,15,75,0,,,,,
2014/10/29,16,87,0,,,,,
2014/10/29,17,94,0,,,,,
2014/10/29,18,60,0,,,,,
2014/10/29,19,35,0,,,,,
2014/10/29,20,27,0,,,,,
2014/10/29,21,26,0,,,,,
2014/10/29,22,25,0,,,,,
2014/10/29,23,22,0,,,,,
2014/10/29,24,23,0,,,,,
2014/10/30,01,22,0,,,,,
2014/10/30,02,21,0,,,,,
2014/10/30,03,19,0,,,,,
2014/10/30,04,22,0,,,,,
2014/10/30,05,19,0,,,,,
2014/10/30,06,19,0,,,,,
2014/10/30,07,24,0,,,,,
2014/10/30,08,59,0,,,,,
2014/10/30,09,69,0,,,,,
2014/10/30,10,68,0,,,,,
2014/10/30,11,61,0,,,,,
2014/10/30,12,58,0,,,,,
2014/10/30,13,61,0,,,,,
2014/10/30,14,68,0,,,,,
2014/10/30,15,78,0,,,,,
2014/10/30,16,88,0,,,,,
2014/10/30,17,95,0,,,,,
2014/10/30,18,70,0,,,,,
2014/10/30,19,37,0,,,,,
2014/10/30,20,28,0,,,,,
2014/10/30,21,25,0,,,,,
2014/10/30,22,23,0,,,,,
2014/10/30,23,19,0,,,,,
2014/10/30,24,20,0,,,,,
2014/10/31,01,19,0,,,,,
2014/10/31,02,18,0,,,,,
2014/10/31,03,19,0,,,,,
2014/10/31,04,19,0,,,,,
2014/10/31,05,19,0,,,,,
2014/10/31,06,19,0,,,,,
2014/10/31,07,21,0,,,,,
2014/10/31,08,43,0,,,,,
2014/10/31,09,54,0,,,,,
2014/10/31,10,43,0,,,,,
2014/10/31,11,45,0,,,,,
2014/10/31,12,50,0,,,,,
2014/10/31,13,45,0,,,,,
2014/10/31,14,52,0,,,,,
2014/10/31,15,64,0,,,,,
2014/10/31,16,81,0,,,,,
2014/10/31,17,88,0,,,,,
2014/10/31,18,73,0,,,,,
2014/10/31,19,41,0,,,,,
2014/10/31,20,32,0,,,,,
2014/10/31,21,29,0,,,,,
2014/10/31,22,24,0,,,,,
2014/10/31,23,24,0,,,,,
2014/10/31,24,21,0,,,,,
2014/11/01,01,20,0,,,,,
2014/11/01,02,19,0,,,,,
2014/11/01,03,20,0,,,,,
2014/11/01,04,20,0,,,,,
2014/11/01,05,19,0,,,,,
2014/11/01,06,20,0,,,,,
2014/11/01,07,45,0,,,,,
2014/11/01,08,53,0,,,,,
2014/11/01,09,69,0,,,,,
2014/11/01,10,64,0,,,,,
2014/11/01,11,58,0,,,,,
2014/11/01,12,60,0,,,,,
2014/11/01,13,67,0,,,,,
2014/11/01,14,82,0,,,,,
2014/11/01,15,101,0,,,,,
2014/11/01,16,110,0,,,,,
2014/11/01,17,109,0,,,,,
2014/11/01,18,65,0,,,,,
2014/11/01,19,41,0,,,,,
2014/11/01,20,30,0,,,,,
2014/11/01,21,27,0,,,,,
2014/11/01,22,21,0,,,,,
2014/11/01,23,23,0,,,,,
2014/11/01,24,20,0,,,,,
2014/11/02,01,21,0,,,,,
2014/11/02,02,20,0,,,,,
2014/11/02,03,19,0,,,,,
2014/11/02,04,20,0,,,,,
2014/11/02,05,19,0,,,,,
2014/11/02,06,20,0,,,,,
2014/11/02,07,47,0,,,,,
2014/11/02,08,52,0,,,,,
2014/11/02,09,55,0,,,,,
2014/11/02,10,60,0,,,,,
2014/11/02,11,56,0,,,,,
2014/11/02,12,52,0,,,,,
2014/11/02,13,63,0,,,,,
2014/11/02,14,69,0,,,,,
2014/11/02,15,84,0,,,,,
2014/11/02,16,95,0,,,,,
2014/11/02,17,111,0,,,,,
2014/11/02,18,114,0,,,,,
2014/11/02,19,69,0,,,,,
2014/11/02,20,36,0,,,,,
2014/11/02,21,31,0,,,,,
2014/11/02,22,30,0,,,,,
2014/11/02,23,24,0,,,,,
2014/11/02,24,24,0,,,,,
2014/11/03,01,22,0,,,,,
2014/11/03,02,22,0,,,,,
2014/11/03,03,20,0,,,,,
2014/11/03,04,23,0,,,,,
2014/11/03,05,20,0,,,,,
2014/11/03,06,21,0,,,,,
2014/11/03,07,33,0,,,,,
2014/11/03,08,46,0,,,,,
2014/11/03,09,50,0,,,,,
2014/11/03,10,50,0,,,,,
2014/11/03,11,56,0,,,,,
2014/11/03,12,57,0,,,,,
2014/11/03,13,61,0,,,,,
2014/11/03,14,69,0,,,,,
2014/11/03,15,83,0,,,,,
2014/11/03,16,97,0,,,,,
2014/11/03,17,101,0,,,,,
2014/11/03,18,63,0,,,,,
2014/11/03,19,36,0,,,,,
2014/11/03,20,29,0,,,,,
2014/11/03,21,26,0,,,,,
2014/11/03,22,23,0,,,,,
2014/11/03,23,19,0,,,,,
2014/11/03,24,19,0,,,,,
2014/11/04,01,19,0,,,,,
2014/11/04,02,19,0,,,,,
2014/11/04,03,20,0,,,,,
2014/11/04,04,20,0,,,,,
2014/11/04,05,19,0,,,,,
2014/11/04,06,19,0,,,,,
2014/11/04,07,27,0,,,,,
2014/11/04,08,51,0,,,,,
2014/11/04,09,62,0,,,,,
2014/11/04,10,57,0,,,,,
2014/11/04,11,51,0,,,,,
2014/11/04,12,51,0,,,,,
2014/11/04,13,58,0,,,,,
2014/11/04,14,70,0,,,,,
2014/11/04,15,88,0,,,,,
2014/11/04,16,106,0,,,,,
2014/11/04,17,105,0,,,,,
2014/11/04,18,60,0,,,,,
2014/11/04,19,35,0,,,,,
2014/11/04,20,29,0,,,,,
2014/11/04,21,26,0,,,,,
2014/11/04,22,22,0,,,,,
2014/11/04,23,19,0,,,,,
2014/11/04,24,19,0,,,,,
2014/11/05,01,18,0,,,,,
2014/11/05,02,19,0,,,,,
2014/11/05,03,18,0,,,,,
2014/11/05,04,19,0,,,,,
2014/11/05,05,19,0,,,,,
2014/11/05,06,20,0,,,,,
2014/11/05,07,21,0,,,,,
2014/11/05,08,44,0,,,,,
2014/11/05,09,58,0,,,,,
2014/11/05,10,61,0,,,,,
2014/11/05,11,40,0,,,,,
2014/11/05,12,43,0,,,,,
2014/11/05,13,58,0,,,,,
2014/11/05,14,67,0,,,,,
2014/11/05,15,68,0,,,,,
2014/11/05,16,80,0,,,,,
2014/11/05,17,82,0,,,,,
2014/11/05,18,44,0,,,,,
2014/11/05,19,32,0,,,,,
2014/11/05,20,27,0,,,,,
2014/11/05,21,25,0,,,,,
2014/11/05,22,20,0,,,,,
2014/11/05,23,22,0,,,,,
2014/11/05,24,20,0,,,,,
2014/11/06,01,18,0,,,,,
2014/11/06,02,19,0,,,,,
2014/11/06,03,19,0,,,,,
2014/11/06,04,20,0,,,,,
2014/11/06,05,19,0,,,,,
2014/11/06,06,33,0,,,,,
2014/11/06,07,54,0,,,,,
2014/11/06,08,54,0,,,,,
2014/11/06,09,56,0,,,,,
2014/11/06,10,54,0,,,,,
2014/11/06,11,50,0,,,,,
2014/11/06,12,51,0,,,,,
2014/11/06,13,62,0,,,,,
2014/11/06,14,74,0,,,,,
2014/11/06,15,90,0,,,,,
2014/11/06,16,98,0,,,,,
2014/11/06,17,79,0,,,,,
2014/11/06,18,56,0,,,,,
2014/11/06,19,38,0,,,,,
2014/11/06,20,29,0,,,,,
2014/11/06,21,26,0,,,,,
2014/11/06,22,23,0,,,,,
2014/11/06,23,22,0,,,,,
2014/11/06,24,22,0,,,,,
2014/11/07,01,21,0,,,,,
2014/11/07,02,21,0,,,,,
2014/11/07,03,21,0,,,,,
2014/11/07,04,22,0,,,,,
2014/11/07,05,22,0,,,,,
2014/11/07,06,22,0,,,,,
2014/11/07,07,24,0,,,,,
2014/11/07,08,34,0,,,,,
2014/11/07,09,45,0,,,,,
2014/11/07,10,42,0,,,,,
2014/11/07,11,44,0,,,,,
2014/11/07,12,50,0,,,,,
2014/11/07,13,47,0,,,,,
2014/11/07,14,55,0,,,,,
2014/11/07,15,64,0,,,,,
2014/11/07,16,79,0,,,,,
2014/11/07,17,82,0,,,,,
2014/11/07,18,78,0,,,,,
2014/11/07,19,48,0,,,,,
2014/11/07,20,34,0,,,,,
2014/11/07,21,30,0,,,,,
2014/11/07,22,30,0,,,,,
2014/11/07,23,27,0,,,,,
2014/11/07,24,28,0,,,,,
2014/11/08,01,24,0,,,,,
2014/11/08,02,23,0,,,,,
2014/11/08,03,24,0,,,,,
2014/11/08,04,25,0,,,,,
2014/11/08,05,25,0,,,,,
2014/11/08,06,25,0,,,,,
2014/11/08,07,48,0,,,,,
2014/11/08,08,57,0,,,,,
2014/11/08,09,58,0,,,,,
2014/11/08,10,66,0,,,,,
2014/11/08,11,70,0,,,,,
2014/11/08,12,60,0,,,,,
2014/11/08,13,68,0,,,,,
2014/11/08,14,71,0,,,,,
2014/11/08,15,80,0,,,,,
2014/11/08,16,97,0,,,,,
2014/11/08,17,109,0,,,,,
2014/11/08,18,87,0,,,,,
2014/11/08,19,46,0,,,,,
2014/11/08,20,36,0,,,,,
2014/11/08,21,33,0,,,,,
2014/11/08,22,28,0,,,,,
2014/11/08,23,27,0,,,,,
2014/11/08,24,24,0,,,,,
2014/11/09,01,23,0,,,,,
2014/11/09,02,22,0,,,,,
2014/11/09,03,22,0,,,,,
2014/11/09,04,23,0,,,,,
2014/11/09,05,22,0,,,,,
2014/11/09,06,23,0,,,,,
2014/11/09,07,49,0,,,,,
2014/11/09,08,51,0,,,,,
2014/11/09,09,68,0,,,,,
2014/11/09,10,80,0,,,,,
2014/11/09,11,86,0,,,,,
2014/11/09,12,85,0,,,,,
2014/11/09,13,79,0,,,,,
2014/11/09,14,95,0,,,,,
2014/11/09,15,104,0,,,,,
2014/11/09,16,119,0,,,,,
2014/11/09,17,126,0,,,,,
2014/11/09,18,113,0,,,,,
2014/11/09,19,61,0,,,,,
2014/11/09,20,35,0,,,,,
2014/11/09,21,28,0,,,,,
2014/11/09,22,26,0,,,,,
2014/11/09,23,23,0,,,,,
2014/11/09,24,21,0,,,,,
2014/11/10,01,20,0,,,,,
2014/11/10,02,20,0,,,,,
2014/11/10,03,19,0,,,,,
2014/11/10,04,19,0,,,,,
2014/11/10,05,18,0,,,,,
2014/11/10,06,19,0,,,,,
2014/11/10,07,27,0,,,,,
2014/11/10,08,56,0,,,,,
2014/11/10,09,55,0,,,,,
2014/11/10,10,55,0,,,,,
2014/11/10,11,49,0,,,,,
2014/11/10,12,50,0,,,,,
2014/11/10,13,63,0,,,,,
2014/11/10,14,69,0,,,,,
2014/11/10,15,84,0,,,,,
2014/11/10,16,96,0,,,,,
2014/11/10,17,98,0,,,,,
2014/11/10,18,62,0,,,,,
2014/11/10,19,47,0,,,,,
2014/11/10,20,48,0,,,,,
2014/11/10,21,51,0,,,,,
2014/11/10,22,49,0,,,,,
2014/11/10,23,41,0,,,,,
2014/11/10,24,47,0,,,,,
2014/11/11,01,45,0,,,,,
2014/11/11,02,43,0,,,,,
2014/11/11,03,46,0,,,,,
2014/11/11,04,41,0,,,,,
2014/11/11,05,46,0,,,,,
2014/11/11,06,43,0,,,,,
2014/11/11,07,49,0,,,,,
2014/11/11,08,90,0,,,,,
2014/11/11,09,94,6,,,,,
2014/11/11,10,104,9,,,,,
2014/11/11,11,74,2,,,,,
2014/11/11,12,76,0,,,,,
2014/11/11,13,87,0,,,,,
2014/11/11,14,89,0,,,,,
2014/11/11,15,94,0,,,,,
2014/11/11,16,100,0,,,,,
2014/11/11,17,102,0,,,,,
2014/11/11,18,80,0,,,,,
2014/11/11,19,49,0,,,,,
2014/11/11,20,31,0,,,,,
2014/11/11,21,24,0,,,,,
2014/11/11,22,22,0,,,,,
2014/11/11,23,19,0,,,,,
2014/11/11,24,19,0,,,,,
2014/11/12,01,19,0,,,,,
2014/11/12,02,18,0,,,,,
2014/11/12,03,18,0,,,,,
2014/11/12,04,19,0,,,,,
2014/11/12,05,18,0,,,,,
2014/11/12,06,19,0,,,,,
2014/11/12,07,33,0,,,,,
2014/11/12,08,60,0,,,,,
2014/11/12,09,68,0,,,,,
2014/11/12,10,67,0,,,,,
2014/11/12,11,60,1,,,,,
2014/11/12,12,64,8,,,,,
2014/11/12,13,66,0,,,,,
2014/11/12,14,75,0,,,,,
2014/11/12,15,86,0,,,,,
2014/11/12,16,96,0,,,,,
2014/11/12,17,86,0,,,,,
2014/11/12,18,49,0,,,,,
2014/11/12,19,31,0,,,,,
2014/11/12,20,31,0,,,,,
2014/11/12,21,24,0,,,,,
2014/11/12,22,24,0,,,,,
2014/11/12,23,22,0,,,,,
2014/11/12,24,22,0,,,,,
2014/11/13,01,18,0,,,,,
2014/11/13,02,20,0,,,,,
2014/11/13,03,19,0,,,,,
2014/11/13,04,19,0,,,,,
2014/11/13,05,18,0,,,,,
2014/11/13,06,18,0,,,,,
2014/11/13,07,21,0,,,,,
2014/11/13,08,53,0,,,,,
2014/11/13,09,60,0,,,,,
2014/11/13,10,64,0,,,,,
2014/11/13,11,67,0,,,,,
2014/11/13,12,73,7,,,,,
2014/11/13,13,63,1,,,,,
2014/11/13,14,90,0,,,,,
2014/11/13,15,101,0,,,,,
2014/11/13,16,105,0,,,,,
2014/11/13,17,110,0,,,,,
2014/11/13,18,73,0,,,,,
2014/11/13,19,36,0,,,,,
2014/11/13,20,28,0,,,,,
2014/11/13,21,24,0,,,,,
2014/11/13,22,22,0,,,,,
2014/11/13,23,19,0,,,,,
2014/11/13,24,19,0,,,,,
2014/11/14,01,18,0,,,,,
2014/11/14,02,18,0,,,,,
2014/11/14,03,18,0,,,,,
2014/11/14,04,18,0,,,,,
2014/11/14,05,19,0,,,,,
2014/11/14,06,19,0,,,,,
2014/11/14,07,23,0,,,,,
2014/11/14,08,35,0,,,,,
2014/11/14,09,46,0,,,,,
2014/11/14,10,52,0,,,,,
2014/11/14,11,66,5,,,,,
2014/11/14,12,68,11,,,,,
2014/11/14,13,75,9,,,,,
2014/11/14,14,81,8,,,,,
2014/11/14,15,71,5,,,,,
2014/11/14,16,75,0,,,,,
2014/11/14,17,72,0,,,,,
2014/11/14,18,45,0,,,,,
2014/11/14,19,33,0,,,,,
2014/11/14,20,26,0,,,,,
2014/11/14,21,23,0,,,,,
2014/11/14,22,21,0,,,,,
2014/11/14,23,18,0,,,,,
2014/11/14,24,19,0,,,,,
2014/11/15,01,18,0,,,,,
2014/11/15,02,18,0,,,,,
2014/11/15,03,18,0,,,,,
2014/11/15,04,20,0,,,,,
2014/11/15,05,18,0,,,,,
2014/11/15,06,19,0,,,,,
2014/11/15,07,79,2,,,,,
2014/11/15,08,90,3,,,,,
2014/11/15,09,91,7,,,,,
2014/11/15,10,87,8,,,,,
2014/11/15,11,98,12,,,,,
2014/11/15,12,66,3,,,,,
2014/11/15,13,79,0,,,,,
2014/11/15,14,93,0,,,,,
2014/11/15,15,125,0,,,,,
2014/11/15,16,121,0,,,,,
2014/11/15,17,125,0,,,,,
2014/11/15,18,105,0,,,,,
2014/11/15,19,47,0,,,,,
2014/11/15,20,34,0,,,,,
2014/11/15,21,30,0,,,,,
2014/11/15,22,28,0,,,,,
2014/11/15,23,22,0,,,,,
2014/11/15,24,21,0,,,,,
2014/11/16,01,19,0,,,,,
2014/11/16,02,21,0,,,,,
2014/11/16,03,19,0,,,,,
2014/11/16,04,19,0,,,,,
2014/11/16,05,19,0,,,,,
2014/11/16,06,19,0,,,,,
2014/11/16,07,64,1,,,,,
2014/11/16,08,76,7,,,,,
2014/11/16,09,84,8,,,,,
2014/11/16,10,85,8,,,,,
2014/11/16,11,78,9,,,,,
2014/11/16,12,63,0,,,,,
2014/11/16,13,75,0,,,,,
2014/11/16,14,86,0,,,,,
2014/11/16,15,118,0,,,,,
2014/11/16,16,137,0,,,,,
2014/11/16,17,148,0,,,,,
2014/11/16,18,128,0,,,,,
2014/11/16,19,47,0,,,,,
2014/11/16,20,34,0,,,,,
2014/11/16,21,31,0,,,,,
2014/11/16,22,27,0,,,,,
2014/11/16,23,22,0,,,,,
2014/11/16,24,21,0,,,,,
2014/11/17,01,20,0,,,,,
2014/11/17,02,18,0,,,,,
2014/11/17,03,18,0,,,,,
2014/11/17,04,19,0,,,,,
2014/11/17,05,18,0,,,,,
2014/11/17,06,19,0,,,,,
2014/11/17,07,36,0,,,,,
2014/11/17,08,94,4,,,,,
2014/11/17,09,87,7,,,,,
2014/11/17,10,91,4,,,,,
2014/11/17,11,88,4,,,,,
2014/11/17,12,76,5,,,,,
2014/11/17,13,81,0,,,,,
2014/11/17,14,100,0,,,,,
2014/11/17,15,127,0,,,,,
2014/11/17,16,152,1,,,,,
2014/11/17,17,161,8,,,,,
2014/11/17,18,114,9,,,,,
2014/11/17,19,48,0,,,,,
2014/11/17,20,39,0,,,,,
2014/11/17,21,34,0,,,,,
2014/11/17,22,32,0,,,,,
2014/11/17,23,29,0,,,,,
2014/11/17,24,26,0,,,,,
2014/11/18,01,18,0,,,,,
2014/11/18,02,21,0,,,,,
2014/11/18,03,18,0,,,,,
2014/11/18,04,19,0,,,,,
2014/11/18,05,19,0,,,,,
2014/11/18,06,19,0,,,,,
2014/11/18,07,35,0,,,,,
2014/11/18,08,92,6,,,,,
2014/11/18,09,91,6,,,,,
2014/11/18,10,89,12,,,,,
2014/11/18,11,63,2,,,,,
2014/11/18,12,69,0,,,,,
2014/11/18,13,78,0,,,,,
2014/11/18,14,100,0,,,,,
2014/11/18,15,109,0,,,,,
2014/11/18,16,105,0,,,,,
2014/11/18,17,111,0,,,,,
2014/11/18,18,63,0,,,,,
2014/11/18,19,47,0,,,,,
2014/11/18,20,29,0,,,,,
2014/11/18,21,26,0,,,,,
2014/11/18,22,24,0,,,,,
2014/11/18,23,21,0,,,,,
2014/11/18,24,20,0,,,,,
2014/11/19,01,20,0,,,,,
2014/11/19,02,20,0,,,,,
2014/11/19,03,20,0,,,,,
2014/11/19,04,21,0,,,,,
2014/11/19,05,21,0,,,,,
2014/11/19,06,21,0,,,,,
2014/11/19,07,44,0,,,,,
2014/11/19,08,96,2,,,,,
2014/11/19,09,93,8,,,,,
2014/11/19,10,91,5,,,,,
2014/11/19,11,76,4,,,,,
2014/11/19,12,72,2,,,,,
2014/11/19,13,83,0,,,,,
2014/11/19,14,97,3,,,,,
2014/11/19,15,133,0,,,,,
2014/11/19,16,158,0,,,,,
2014/11/19,17,184,9,,,,,
2014/11/19,18,118,12,,,,,
2014/11/19,19,46,0,,,,,
2014/11/19,20,31,0,,,,,
2014/11/19,21,27,0,,,,,
2014/11/19,22,24,0,,,,,
2014/11/19,23,20,0,,,,,
2014/11/19,24,19,0,,,,,
2014/11/20,01,19,0,,,,,
2014/11/20,02,18,0,,,,,
2014/11/20,03,18,0,,,,,
2014/11/20,04,19,0,,,,,
2014/11/20,05,19,0,,,,,
2014/11/20,06,18,0,,,,,
2014/11/20,07,19,0,,,,,
2014/11/20,08,62,0,,,,,
2014/11/20,09,87,5,,,,,
2014/11/20,10,85,7,,,,,
2014/11/20,11,73,3,,,,,
2014/11/20,12,66,0,,,,,
2014/11/20,13,83,0,,,,,
2014/11/20,14,104,0,,,,,
2014/11/20,15,107,0,,,,,
2014/11/20,16,110,0,,,,,
2014/11/20,17,110,0,,,,,
2014/11/20,18,67,0,,,,,
2014/11/20,19,37,0,,,,,
2014/11/20,20,27,0,,,,,
2014/11/20,21,25,0,,,,,
2014/11/20,22,22,0,,,,,
2014/11/20,23,19,0,,,,,
2014/11/20,24,19,0,,,,,
2014/11/21,01,19,0,,,,,
2014/11/21,02,19,0,,,,,
2014/11/21,03,19,0,,,,,
2014/11/21,04,20,0,,,,,
2014/11/21,05,19,0,,,,,
2014/11/21,06,19,0,,,,,
2014/11/21,07,25,0,,,,,
2014/11/21,08,50,0,,,,,
2014/11/21,09,60,0,,,,,
2014/11/21,10,53,0,,,,,
2014/11/21,11,61,0,,,,,
2014/11/21,12,57,0,,,,,
2014/11/21,13,66,0,,,,,
2014/11/21,14,79,0,,,,,
2014/11/21,15,86,0,,,,,
2014/11/21,16,91,0,,,,,
2014/11/21,17,93,0,,,,,
2014/11/21,18,54,0,,,,,
2014/11/21,19,31,0,,,,,
2014/11/21,20,29,0,,,,,
2014/11/21,21,24,0,,,,,
2014/11/21,22,21,0,,,,,
2014/11/21,23,20,0,,,,,
2014/11/21,24,20,0,,,,,
2014/11/22,01,18,0,,,,,
2014/11/22,02,18,0,,,,,
2014/11/22,03,18,0,,,,,
2014/11/22,04,19,0,,,,,
2014/11/22,05,19,0,,,,,
2014/11/22,06,19,0,,,,,
2014/11/22,07,60,0,,,,,
2014/11/22,08,79,2,,,,,
2014/11/22,09,75,3,,,,,
2014/11/22,10,73,2,,,,,
2014/11/22,11,75,0,,,,,
2014/11/22,12,72,0,,,,,
2014/11/22,13,79,0,,,,,
2014/11/22,14,84,0,,,,,
2014/11/22,15,97,0,,,,,
2014/11/22,16,123,0,,,,,
2014/11/22,17,132,0,,,,,
2014/11/22,18,116,0,,,,,
2014/11/22,19,47,0,,,,,
2014/11/22,20,36,0,,,,,
2014/11/22,21,29,0,,,,,
2014/11/22,22,26,0,,,,,
2014/11/22,23,22,0,,,,,
2014/11/22,24,23,0,,,,,
2014/11/23,01,19,0,,,,,
2014/11/23,02,19,0,,,,,
2014/11/23,03,19,0,,,,,
2014/11/23,04,20,0,,,,,
2014/11/23,05,20,0,,,,,
2014/11/23,06,19,0,,,,,
2014/11/23,07,72,0,,,,,
2014/11/23,08,77,0,,,,,
2014/11/23,09,75,0,,,,,
2014/11/23,10,75,0,,,,,
2014/11/23,11,71,0,,,,,
2014/11/23,12,67,0,,,,,
2014/11/23,13,75,0,,,,,
2014/11/23,14,85,0,,,,,
2014/11/23,15,93,0,,,,,
2014/11/23,16,111,0,,,,,
2014/11/23,17,121,0,,,,,
2014/11/23,18,80,0,,,,,
2014/11/23,19,40,0,,,,,
2014/11/23,20,31,0,,,,,
2014/11/23,21,27,0,,,,,
2014/11/23,22,27,0,,,,,
2014/11/23,23,22,0,,,,,
2014/11/23,24,22,0,,,,,
2014/11/24,01,23,0,,,,,
2014/11/24,02,21,0,,,,,
2014/11/24,03,20,0,,,,,
2014/11/24,04,20,0,,,,,
2014/11/24,05,21,0,,,,,
2014/11/24,06,19,0,,,,,
2014/11/24,07,45,0,,,,,
2014/11/24,08,81,8,,,,,
2014/11/24,09,81,5,,,,,
2014/11/24,10,81,7,,,,,
2014/11/24,11,74,4,,,,,
2014/11/24,12,71,0,,,,,
2014/11/24,13,80,1,,,,,
2014/11/24,14,92,0,,,,,
2014/11/24,15,103,0,,,,,
2014/11/24,16,115,0,,,,,
2014/11/24,17,130,0,,,,,
2014/11/24,18,95,0,,,,,
2014/11/24,19,52,0,,,,,
2014/11/24,20,37,0,,,,,
2014/11/24,21,27,0,,,,,
2014/11/24,22,25,0,,,,,
2014/11/24,23,21,0,,,,,
2014/11/24,24,20,0,,,,,
2014/11/25,01,18,0,,,,,
2014/11/25,02,19,0,,,,,
2014/11/25,03,20,0,,,,,
2014/11/25,04,19,0,,,,,
2014/11/25,05,19,0,,,,,
2014/11/25,06,19,0,,,,,
2014/11/25,07,20,0,,,,,
2014/11/25,08,61,1,,,,,
2014/11/25,09,75,6,,,,,
2014/11/25,10,85,7,,,,,
2014/11/25,11,73,3,,,,,
2014/11/25,12,75,5,,,,,
2014/11/25,13,86,0,,,,,
2014/11/25,14,95,0,,,,,
2014/11/25,15,111,0,,,,,
2014/11/25,16,119,0,,,,,
2014/11/25,17,75,0,,,,,
2014/11/25,18,37,0,,,,,
2014/11/25,19,32,0,,,,,
2014/11/25,20,28,0,,,,,
2014/11/25,21,23,0,,,,,
2014/11/25,22,23,0,,,,,
2014/11/25,23,23,0,,,,,
2014/11/25,24,22,0,,,,,
2014/11/26,01,20,0,,,,,
2014/11/26,02,19,0,,,,,
2014/11/26,03,21,0,,,,,
2014/11/26,04,20,0,,,,,
2014/11/26,05,19,0,,,,,
2014/11/26,06,19,0,,,,,
2014/11/26,07,21,0,,,,,
2014/11/26,08,47,0,,,,,
2014/11/26,09,65,0,,,,,
2014/11/26,10,57,0,,,,,
2014/11/26,11,73,4,,,,,
2014/11/26,12,58,5,,,,,
2014/11/26,13,63,0,,,,,
2014/11/26,14,92,2,,,,,
2014/11/26,15,114,7,,,,,
2014/11/26,16,130,10,,,,,
2014/11/26,17,123,4,,,,,
2014/11/26,18,71,5,,,,,
2014/11/26,19,30,1,,,,,
2014/11/26,20,27,0,,,,,
2014/11/26,21,23,0,,,,,
2014/11/26,22,21,0,,,,,
2014/11/26,23,19,0,,,,,
2014/11/26,24,19,0,,,,,
2014/11/27,01,18,0,,,,,
2014/11/27,02,18,0,,,,,
2014/11/27,03,18,0,,,,,
2014/11/27,04,20,0,,,,,
2014/11/27,05,18,0,,,,,
2014/11/27,06,18,0,,,,,
2014/11/27,07,31,0,,,,,
2014/11/27,08,70,0,,,,,
2014/11/27,09,83,6,,,,,
2014/11/27,10,81,7,,,,,
2014/11/27,11,73,4,,,,,
2014/11/27,12,75,4,,,,,
2014/11/27,13,82,5,,,,,
2014/11/27,14,86,0,,,,,
2014/11/27,15,104,0,,,,,
2014/11/27,16,109,0,,,,,
2014/11/27,17,109,0,,,,,
2014/11/27,18,54,0,,,,,
2014/11/27,19,34,0,,,,,
2014/11/27,20,30,0,,,,,
2014/11/27,21,26,0,,,,,
2014/11/27,22,26,0,,,,,
2014/11/27,23,20,0,,,,,
2014/11/27,24,20,0,,,,,
2014/11/28,01,20,0,,,,,
2014/11/28,02,20,0,,,,,
2014/11/28,03,20,0,,,,,
2014/11/28,04,20,0,,,,,
2014/11/28,05,20,0,,,,,
2014/11/28,06,20,0,,,,,
2014/11/28,07,21,0,,,,,
2014/11/28,08,36,0,,,,,
2014/11/28,09,46,0,,,,,
2014/11/28,10,51,0,,,,,
2014/11/28,11,48,0,,,,,
2014/11/28,12,48,0,,,,,
2014/11/28,13,45,0,,,,,
2014/11/28,14,56,0,,,,,
2014/11/28,15,63,0,,,,,
2014/11/28,16,77,0,,,,,
2014/11/28,17,81,0,,,,,
2014/11/28,18,55,0,,,,,
2014/11/28,19,37,0,,,,,
2014/11/28,20,31,0,,,,,
2014/11/28,21,28,0,,,,,
2014/11/28,22,24,0,,,,,
2014/11/28,23,22,0,,,,,
2014/11/28,24,21,0,,,,,
2014/11/29,01,21,0,,,,,
2014/11/29,02,21,0,,,,,
2014/11/29,03,21,0,,,,,
2014/11/29,04,22,0,,,,,
2014/11/29,05,21,0,,,,,
2014/11/29,06,21,0,,,,,
2014/11/29,07,45,0,,,,,
2014/11/29,08,60,2,,,,,
2014/11/29,09,72,0,,,,,
2014/11/29,10,77,0,,,,,
2014/11/29,11,74,0,,,,,
2014/11/29,12,72,0,,,,,
2014/11/29,13,81,0,,,,,
2014/11/29,14,90,0,,,,,
2014/11/29,15,102,0,,,,,
2014/11/29,16,114,0,,,,,
2014/11/29,17,108,0,,,,,
2014/11/29,18,51,0,,,,,
2014/11/29,19,34,0,,,,,
2014/11/29,20,36,0,,,,,
2014/11/29,21,24,0,,,,,
2014/11/29,22,21,0,,,,,
2014/11/29,23,19,0,,,,,
2014/11/29,24,19,0,,,,,
2014/11/30,01,19,0,,,,,
2014/11/30,02,19,0,,,,,
2014/11/30,03,19,0,,,,,
2014/11/30,04,20,0,,,,,
2014/11/30,05,19,0,,,,,
2014/11/30,06,18,0,,,,,
2014/11/30,07,73,2,,,,,
2014/11/30,08,74,1,,,,,
2014/11/30,09,75,0,,,,,
2014/11/30,10,77,0,,,,,
2014/11/30,11,71,0,,,,,
2014/11/30,12,70,0,,,,,
2014/11/30,13,82,0,,,,,
2014/11/30,14,98,0,,,,,
2014/11/30,15,115,0,,,,,
2014/11/30,16,133,0,,,,,
2014/11/30,17,137,0,,,,,
2014/11/30,18,80,0,,,,,
2014/11/30,19,36,0,,,,,
2014/11/30,20,28,0,,,,,
2014/11/30,21,27,0,,,,,
2014/11/30,22,23,0,,,,,
2014/11/30,23,20,0,,,,,
2014/11/30,24,19,0,,,,,
2014/12/01,01,19,0,,,,,
2014/12/01,02,18,0,,,,,
2014/12/01,03,19,0,,,,,
2014/12/01,04,21,0,,,,,
2014/12/01,05,19,0,,,,,
2014/12/01,06,19,0,,,,,
2014/12/01,07,19,0,,,,,
2014/12/01,08,29,0,,,,,
2014/12/01,09,55,0,,,,,
2014/12/01,10,54,0,,,,,
2014/12/01,11,43,0,,,,,
2014/12/01,12,50,0,,,,,
2014/12/01,13,73,0,,,,,
2014/12/01,14,65,0,,,,,
2014/12/01,15,69,0,,,,,
2014/12/01,16,92,0,,,,,
2014/12/01,17,82,0,,,,,
2014/12/01,18,43,0,,,,,
2014/12/01,19,29,0,,,,,
2014/12/01,20,24,0,,,,,
2014/12/01,21,22,0,,,,,
2014/12/01,22,21,0,,,,,
2014/12/01,23,19,0,,,,,
2014/12/01,24,19,0,,,,,
2014/12/02,01,19,0,,,,,
2014/12/02,02,18,0,,,,,
2014/12/02,03,19,0,,,,,
2014/12/02,04,19,0,,,,,
2014/12/02,05,19,0,,,,,
2014/12/02,06,19,0,,,,,
2014/12/02,07,38,0,,,,,
2014/12/02,08,92,2,,,,,
2014/12/02,09,81,9,,,,,
2014/12/02,10,78,0,,,,,
2014/12/02,11,82,2,,,,,
2014/12/02,12,77,6,,,,,
2014/12/02,13,84,2,,,,,
2014/12/02,14,130,0,,,,,
2014/12/02,15,133,0,,,,,
2014/12/02,16,151,0,,,,,
2014/12/02,17,137,0,,,,,
2014/12/02,18,73,0,,,,,
2014/12/02,19,42,0,,,,,
2014/12/02,20,36,0,,,,,
2014/12/02,21,44,0,,,,,
2014/12/02,22,41,0,,,,,
2014/12/02,23,34,0,,,,,
2014/12/02,24,25,0,,,,,
2014/12/03,01,25,0,,,,,
2014/12/03,02,25,0,,,,,
2014/12/03,03,26,0,,,,,
2014/12/03,04,33,0,,,,,
2014/12/03,05,40,0,,,,,
2014/12/03,06,31,0,,,,,
2014/12/03,07,43,0,,,,,
2014/12/03,08,104,5,,,,,
2014/12/03,09,97,4,,,,,
2014/12/03,10,99,7,,,,,
2014/12/03,11,81,2,,,,,
2014/12/03,12,76,0,,,,,
2014/12/03,13,80,0,,,,,
2014/12/03,14,138,0,,,,,
2014/12/03,15,178,6,,,,,
2014/12/03,16,173,12,,,,,
2014/12/03,17,124,3,,,,,
2014/12/03,18,70,0,,,,,
2014/12/03,19,56,0,,,,,
2014/12/03,20,42,0,,,,,
2014/12/03,21,34,0,,,,,
2014/12/03,22,29,0,,,,,
2014/12/03,23,31,0,,,,,
2014/12/03,24,33,0,,,,,
2014/12/04,01,40,0,,,,,
2014/12/04,02,42,0,,,,,
2014/12/04,03,33,0,,,,,
2014/12/04,04,28,0,,,,,
2014/12/04,05,28,0,,,,,
2014/12/04,06,28,0,,,,,
2014/12/04,07,74,0,,,,,
2014/12/04,08,113,5,,,,,
2014/12/04,09,98,7,,,,,
2014/12/04,10,82,7,,,,,
2014/12/04,11,85,6,,,,,
2014/12/04,12,103,4,,,,,
2014/12/04,13,106,7,,,,,
2014/12/04,14,112,6,,,,,
2014/12/04,15,172,8,,,,,
2014/12/04,16,170,1,,,,,
2014/12/04,17,140,0,,,,,
2014/12/04,18,74,0,,,,,
2014/12/04,19,53,0,,,,,
2014/12/04,20,38,0,,,,,
2014/12/04,21,34,0,,,,,
2014/12/04,22,25,0,,,,,
2014/12/04,23,19,0,,,,,
2014/12/04,24,23,0,,,,,
2014/12/05,01,19,0,,,,,
2014/12/05,02,18,0,,,,,
2014/12/05,03,17,0,,,,,
2014/12/05,04,19,0,,,,,
2014/12/05,05,18,0,,,,,
2014/12/05,06,18,0,,,,,
2014/12/05,07,23,0,,,,,
2014/12/05,08,38,0,,,,,
2014/12/05,09,49,0,,,,,
2014/12/05,10,44,0,,,,,
2014/12/05,11,62,2,,,,,
2014/12/05,12,74,5,,,,,
2014/12/05,13,81,11,,,,,
2014/12/05,14,72,9,,,,,
2014/12/05,15,82,9,,,,,
2014/12/05,16,89,4,,,,,
2014/12/05,17,81,7,,,,,
2014/12/05,18,50,0,,,,,
2014/12/05,19,31,0,,,,,
2014/12/05,20,27,0,,,,,
2014/12/05,21,24,0,,,,,
2014/12/05,22,23,0,,,,,
2014/12/05,23,27,0,,,,,
2014/12/05,24,21,0,,,,,
2014/12/06,01,18,0,,,,,
2014/12/06,02,18,0,,,,,
2014/12/06,03,18,0,,,,,
2014/12/06,04,19,0,,,,,
2014/12/06,05,18,0,,,,,
2014/12/06,06,19,0,,,,,
2014/12/06,07,78,1,,,,,
2014/12/06,08,95,7,,,,,
2014/12/06,09,100,4,,,,,
2014/12/06,10,104,7,,,,,
2014/12/06,11,111,4,,,,,
2014/12/06,12,98,5,,,,,
2014/12/06,13,101,1,,,,,
2014/12/06,14,128,0,,,,,
2014/12/06,15,145,0,,,,,
2014/12/06,16,147,0,,,,,
2014/12/06,17,151,0,,,,,
2014/12/06,18,111,0,,,,,
2014/12/06,19,50,0,,,,,
2014/12/06,20,32,0,,,,,
2014/12/06,21,29,0,,,,,
2014/12/06,22,29,0,,,,,
2014/12/06,23,25,0,,,,,
2014/12/06,24,24,0,,,,,
2014/12/07,01,24,0,,,,,
2014/12/07,02,23,0,,,,,
2014/12/07,03,20,0,,,,,
2014/12/07,04,23,0,,,,,
2014/12/07,05,21,0,,,,,
2014/12/07,06,21,0,,,,,
2014/12/07,07,48,0,,,,,
2014/12/07,08,92,2,,,,,
2014/12/07,09,95,8,,,,,
2014/12/07,10,100,9,,,,,
2014/12/07,11,92,6,,,,,
2014/12/07,12,83,3,,,,,
2014/12/07,13,88,0,,,,,
2014/12/07,14,110,0,,,,,
2014/12/07,15,128,4,,,,,
2014/12/07,16,155,8,,,,,
2014/12/07,17,137,7,,,,,
2014/12/07,18,85,2,,,,,
2014/12/07,19,35,0,,,,,
2014/12/07,20,29,0,,,,,
2014/12/07,21,26,0,,,,,
2014/12/07,22,23,0,,,,,
2014/12/07,23,21,0,,,,,
2014/12/07,24,20,0,,,,,
2014/12/08,01,18,0,,,,,
2014/12/08,02,18,0,,,,,
2014/12/08,03,18,0,,,,,
2014/12/08,04,20,0,,,,,
2014/12/08,05,19,0,,,,,
2014/12/08,06,19,0,,,,,
2014/12/08,07,19,0,,,,,
2014/12/08,08,86,2,,,,,
2014/12/08,09,90,6,,,,,
2014/12/08,10,91,5,,,,,
2014/12/08,11,87,6,,,,,
2014/12/08,12,90,8,,,,,
2014/12/08,13,101,8,,,,,
2014/12/08,14,109,8,,,,,
2014/12/08,15,115,9,,,,,
2014/12/08,16,136,8,,,,,
2014/12/08,17,121,9,,,,,
2014/12/08,18,49,4,,,,,
2014/12/08,19,31,0,,,,,
2014/12/08,20,28,0,,,,,
2014/12/08,21,28,0,,,,,
2014/12/08,22,25,0,,,,,
2014/12/08,23,21,0,,,,,
2014/12/08,24,22,0,,,,,
2014/12/09,01,21,0,,,,,
2014/12/09,02,20,0,,,,,
2014/12/09,03,19,0,,,,,
2014/12/09,04,21,0,,,,,
2014/12/09,05,20,0,,,,,
2014/12/09,06,20,0,,,,,
2014/12/09,07,21,0,,,,,
2014/12/09,08,67,1,,,,,
2014/12/09,09,95,7,,,,,
2014/12/09,10,85,4,,,,,
2014/12/09,11,68,3,,,,,
2014/12/09,12,80,8,,,,,
2014/12/09,13,84,4,,,,,
2014/12/09,14,106,4,,,,,
2014/12/09,15,117,5,,,,,
2014/12/09,16,126,0,,,,,
2014/12/09,17,99,0,,,,,
2014/12/09,18,41,0,,,,,
2014/12/09,19,27,0,,,,,
2014/12/09,20,25,0,,,,,
2014/12/09,21,22,0,,,,,
2014/12/09,22,21,0,,,,,
2014/12/09,23,19,0,,,,,
2014/12/09,24,18,0,,,,,
2014/12/10,01,18,0,,,,,
2014/12/10,02,19,0,,,,,
2014/12/10,03,18,0,,,,,
2014/12/10,04,19,0,,,,,
2014/12/10,05,18,0,,,,,
2014/12/10,06,18,0,,,,,
2014/12/10,07,77,1,,,,,
2014/12/10,08,89,6,,,,,
2014/12/10,09,91,7,,,,,
2014/12/10,10,96,8,,,,,
2014/12/10,11,79,5,,,,,
2014/12/10,12,55,0,,,,,
2014/12/10,13,68,0,,,,,
2014/12/10,14,121,1,,,,,
2014/12/10,15,133,4,,,,,
2014/12/10,16,147,2,,,,,
2014/12/10,17,128,2,,,,,
2014/12/10,18,65,0,,,,,
2014/12/10,19,36,0,,,,,
2014/12/10,20,33,0,,,,,
2014/12/10,21,31,0,,,,,
2014/12/10,22,33,0,,,,,
2014/12/10,23,24,0,,,,,
2014/12/10,24,22,0,,,,,
2014/12/11,01,21,0,,,,,
2014/12/11,02,20,0,,,,,
2014/12/11,03,21,0,,,,,
2014/12/11,04,20,0,,,,,
2014/12/11,05,19,0,,,,,
2014/12/11,06,19,0,,,,,
2014/12/11,07,21,0,,,,,
2014/12/11,08,77,1,,,,,
2014/12/11,09,92,11,,,,,
2014/12/11,10,85,3,,,,,
2014/12/11,11,85,4,,,,,
2014/12/11,12,89,5,,,,,
2014/12/11,13,105,9,,,,,
2014/12/11,14,118,6,,,,,
2014/12/11,15,119,2,,,,,
2014/12/11,16,113,4,,,,,
2014/12/11,17,94,1,,,,,
2014/12/11,18,40,0,,,,,
2014/12/11,19,26,0,,,,,
2014/12/11,20,23,0,,,,,
2014/12/11,21,22,0,,,,,
2014/12/11,22,21,0,,,,,
2014/12/11,23,19,0,,,,,
2014/12/11,24,19,0,,,,,
2014/12/12,01,19,0,,,,,
2014/12/12,02,18,0,,,,,
2014/12/12,03,18,0,,,,,
2014/12/12,04,19,0,,,,,
2014/12/12,05,18,0,,,,,
2014/12/12,06,18,0,,,,,
2014/12/12,07,20,0,,,,,
2014/12/12,08,40,0,,,,,
2014/12/12,09,44,0,,,,,
2014/12/12,10,53,0,,,,,
2014/12/12,11,67,9,,,,,
2014/12/12,12,70,9,,,,,
2014/12/12,13,70,8,,,,,
2014/12/12,14,91,4,,,,,
2014/12/12,15,86,7,,,,,
2014/12/12,16,86,0,,,,,
2014/12/12,17,86,0,,,,,
2014/12/12,18,61,0,,,,,
2014/12/12,19,30,0,,,,,
2014/12/12,20,25,0,,,,,
2014/12/12,21,23,0,,,,,
2014/12/12,22,21,0,,,,,
2014/12/12,23,19,0,,,,,
2014/12/12,24,18,0,,,,,
2014/12/13,01,18,0,,,,,
2014/12/13,02,17,0,,,,,
2014/12/13,03,18,0,,,,,
2014/12/13,04,19,0,,,,,
2014/12/13,05,18,0,,,,,
2014/12/13,06,19,0,,,,,
2014/12/13,07,87,1,,,,,
2014/12/13,08,94,7,,,,,
2014/12/13,09,105,8,,,,,
2014/12/13,10,95,4,,,,,
2014/12/13,11,87,2,,,,,
2014/12/13,12,94,0,,,,,
2014/12/13,13,96,0,,,,,
2014/12/13,14,115,0,,,,,
2014/12/13,15,135,0,,,,,
2014/12/13,16,169,2,,,,,
2014/12/13,17,148,5,,,,,
2014/12/13,18,118,4,,,,,
2014/12/13,19,89,4,,,,,
2014/12/13,20,55,0,,,,,
2014/12/13,21,34,0,,,,,
2014/12/13,22,31,0,,,,,
2014/12/13,23,29,0,,,,,
2014/12/13,24,26,0,,,,,
2014/12/14,01,20,0,,,,,
2014/12/14,02,20,0,,,,,
2014/12/14,03,18,0,,,,,
2014/12/14,04,19,0,,,,,
2014/12/14,05,19,0,,,,,
2014/12/14,06,19,0,,,,,
2014/12/14,07,83,1,,,,,
2014/12/14,08,91,7,,,,,
2014/12/14,09,102,4,,,,,
2014/12/14,10,100,8,,,,,
2014/12/14,11,107,5,,,,,
2014/12/14,12,99,4,,,,,
2014/12/14,13,107,5,,,,,
2014/12/14,14,111,6,,,,,
2014/12/14,15,123,0,,,,,
2014/12/14,16,142,4,,,,,
2014/12/14,17,156,6,,,,,
2014/12/14,18,141,9,,,,,
2014/12/14,19,57,7,,,,,
2014/12/14,20,33,0,,,,,
2014/12/14,21,28,0,,,,,
2014/12/14,22,26,0,,,,,
2014/12/14,23,22,0,,,,,
2014/12/14,24,20,0,,,,,
2014/12/15,01,19,0,,,,,
2014/12/15,02,19,0,,,,,
2014/12/15,03,19,0,,,,,
2014/12/15,04,20,0,,,,,
2014/12/15,05,19,0,,,,,
2014/12/15,06,19,0,,,,,
2014/12/15,07,19,0,,,,,
2014/12/15,08,76,1,,,,,
2014/12/15,09,85,7,,,,,
2014/12/15,10,93,6,,,,,
2014/12/15,11,81,8,,,,,
2014/12/15,12,84,8,,,,,
2014/12/15,13,91,8,,,,,
2014/12/15,14,90,2,,,,,
2014/12/15,15,118,8,,,,,
2014/12/15,16,128,4,,,,,
2014/12/15,17,54,6,,,,,
2014/12/15,18,31,0,,,,,
2014/12/15,19,28,0,,,,,
2014/12/15,20,25,0,,,,,
2014/12/15,21,23,0,,,,,
2014/12/15,22,22,0,,,,,
2014/12/15,23,21,0,,,,,
2014/12/15,24,21,0,,,,,
2014/12/16,01,20,0,,,,,
2014/12/16,02,21,0,,,,,
2014/12/16,03,21,0,,,,,
2014/12/16,04,21,0,,,,,
2014/12/16,05,23,0,,,,,
2014/12/16,06,25,0,,,,,
2014/12/16,07,29,0,,,,,
2014/12/16,08,60,0,,,,,
2014/12/16,09,109,5,,,,,
2014/12/16,10,94,5,,,,,
2014/12/16,11,81,2,,,,,
2014/12/16,12,104,7,,,,,
2014/12/16,13,120,6,,,,,
2014/12/16,14,112,6,,,,,
2014/12/16,15,116,1,,,,,
2014/12/16,16,129,7,,,,,
2014/12/16,17,75,5,,,,,
2014/12/16,18,36,0,,,,,
2014/12/16,19,27,0,,,,,
2014/12/16,20,25,0,,,,,
2014/12/16,21,22,0,,,,,
2014/12/16,22,23,0,,,,,
2014/12/16,23,21,0,,,,,
2014/12/16,24,21,0,,,,,
2014/12/17,01,19,0,,,,,
2014/12/17,02,19,0,,,,,
2014/12/17,03,19,0,,,,,
2014/12/17,04,19,0,,,,,
2014/12/17,05,18,0,,,,,
2014/12/17,06,19,0,,,,,
2014/12/17,07,18,0,,,,,
2014/12/17,08,23,0,,,,,
2014/12/17,09,27,0,,,,,
2014/12/17,10,29,0,,,,,
2014/12/17,11,26,0,,,,,
2014/12/17,12,39,0,,,,,
2014/12/17,13,30,0,,,,,
2014/12/17,14,25,0,,,,,
2014/12/17,15,25,0,,,,,
2014/12/17,16,28,0,,,,,
2014/12/17,17,22,0,,,,,
2014/12/17,18,18,0,,,,,
2014/12/17,19,18,0,,,,,
2014/12/17,20,18,0,,,,,
2014/12/17,21,18,0,,,,,
2014/12/17,22,18,0,,,,,
2014/12/17,23,17,0,,,,,
2014/12/17,24,18,0,,,,,
2014/12/18,01,17,0,,,,,
2014/12/18,02,18,0,,,,,
2014/12/18,03,17,0,,,,,
2014/12/18,04,18,0,,,,,
2014/12/18,05,18,0,,,,,
2014/12/18,06,18,0,,,,,
2014/12/18,07,22,0,,,,,
2014/12/18,08,76,1,,,,,
2014/12/18,09,107,7,,,,,
2014/12/18,10,99,4,,,,,
2014/12/18,11,95,4,,,,,
2014/12/18,12,95,8,,,,,
2014/12/18,13,109,8,,,,,
2014/12/18,14,117,8,,,,,
2014/12/18,15,100,8,,,,,
2014/12/18,16,111,9,,,,,
2014/12/18,17,101,7,,,,,
2014/12/18,18,35,2,,,,,
2014/12/18,19,22,0,,,,,
2014/12/18,20,21,0,,,,,
2014/12/18,21,20,0,,,,,
2014/12/18,22,20,0,,,,,
2014/12/18,23,18,0,,,,,
2014/12/18,24,19,0,,,,,
2014/12/19,01,18,0,,,,,
2014/12/19,02,18,0,,,,,
2014/12/19,03,18,0,,,,,
2014/12/19,04,19,0,,,,,
2014/12/19,05,18,0,,,,,
2014/12/19,06,18,0,,,,,
2014/12/19,07,18,0,,,,,
2014/12/19,08,36,0,,,,,
2014/12/19,09,49,0,,,,,
2014/12/19,10,56,0,,,,,
2014/12/19,11,77,1,,,,,
2014/12/19,12,86,5,,,,,
2014/12/19,13,98,9,,,,,
2014/12/19,14,84,9,,,,,
2014/12/19,15,81,0,,,,,
2014/12/19,16,83,0,,,,,
2014/12/19,17,47,0,,,,,
2014/12/19,18,29,0,,,,,
2014/12/19,19,22,0,,,,,
2014/12/19,20,23,0,,,,,
2014/12/19,21,20,0,,,,,
2014/12/19,22,19,0,,,,,
2014/12/19,23,18,0,,,,,
2014/12/19,24,19,0,,,,,
2014/12/20,01,18,0,,,,,
2014/12/20,02,18,0,,,,,
2014/12/20,03,18,0,,,,,
2014/12/20,04,19,0,,,,,
2014/12/20,05,18,0,,,,,
2014/12/20,06,18,0,,,,,
2014/12/20,07,20,0,,,,,
2014/12/20,08,95,1,,,,,
2014/12/20,09,110,4,,,,,
2014/12/20,10,117,7,,,,,
2014/12/20,11,109,8,,,,,
2014/12/20,12,115,5,,,,,
2014/12/20,13,133,7,,,,,
2014/12/20,14,142,4,,,,,
2014/12/20,15,142,7,,,,,
2014/12/20,16,144,7,,,,,
2014/12/20,17,140,8,,,,,
2014/12/20,18,54,4,,,,,
2014/12/20,19,26,0,,,,,
2014/12/20,20,22,0,,,,,
2014/12/20,21,21,0,,,,,
2014/12/20,22,21,0,,,,,
2014/12/20,23,19,0,,,,,
2014/12/20,24,18,0,,,,,
2014/12/21,01,17,0,,,,,
2014/12/21,02,17,0,,,,,
2014/12/21,03,18,0,,,,,
2014/12/21,04,19,0,,,,,
2014/12/21,05,19,0,,,,,
2014/12/21,06,18,0,,,,,
2014/12/21,07,44,0,,,,,
2014/12/21,08,104,3,,,,,
2014/12/21,09,107,8,,,,,
2014/12/21,10,106,8,,,,,
2014/12/21,11,94,9,,,,,
2014/12/21,12,108,8,,,,,
2014/12/21,13,100,6,,,,,
2014/12/21,14,114,9,,,,,
2014/12/21,15,136,1,,,,,
2014/12/21,16,171,7,,,,,
2014/12/21,17,156,4,,,,,
2014/12/21,18,106,0,,,,,
2014/12/21,19,51,0,,,,,
2014/12/21,20,38,0,,,,,
2014/12/21,21,37,0,,,,,
2014/12/21,22,33,0,,,,,
2014/12/21,23,30,0,,,,,
2014/12/21,24,30,0,,,,,
2014/12/22,01,27,0,,,,,
2014/12/22,02,26,0,,,,,
2014/12/22,03,25,0,,,,,
2014/12/22,04,28,0,,,,,
2014/12/22,05,24,0,,,,,
2014/12/22,06,25,0,,,,,
2014/12/22,07,24,0,,,,,
2014/12/22,08,57,0,,,,,
2014/12/22,09,108,3,,,,,
2014/12/22,10,110,9,,,,,
2014/12/22,11,72,5,,,,,
2014/12/22,12,78,5,,,,,
2014/12/22,13,88,6,,,,,
2014/12/22,14,85,9,,,,,
2014/12/22,15,109,0,,,,,
2014/12/22,16,135,9,,,,,
2014/12/22,17,106,12,,,,,
2014/12/22,18,35,3,,,,,
2014/12/22,19,26,0,,,,,
2014/12/22,20,26,0,,,,,
2014/12/22,21,24,0,,,,,
2014/12/22,22,22,0,,,,,
2014/12/22,23,19,0,,,,,
2014/12/22,24,20,0,,,,,
2014/12/23,01,20,0,,,,,
2014/12/23,02,19,0,,,,,
2014/12/23,03,19,0,,,,,
2014/12/23,04,20,0,,,,,
2014/12/23,05,20,0,,,,,
2014/12/23,06,20,0,,,,,
2014/12/23,07,39,0,,,,,
2014/12/23,08,98,5,,,,,
2014/12/23,09,93,6,,,,,
2014/12/23,10,99,7,,,,,
2014/12/23,11,65,3,,,,,
2014/12/23,12,73,0,,,,,
2014/12/23,13,86,0,,,,,
2014/12/23,14,122,0,,,,,
2014/12/23,15,136,0,,,,,
2014/12/23,16,148,0,,,,,
2014/12/23,17,147,0,,,,,
2014/12/23,18,85,0,,,,,
2014/12/23,19,38,0,,,,,
2014/12/23,20,29,0,,,,,
2014/12/23,21,25,0,,,,,
2014/12/23,22,22,0,,,,,
2014/12/23,23,19,0,,,,,
2014/12/23,24,18,0,,,,,
2014/12/24,01,21,0,,,,,
2014/12/24,02,20,0,,,,,
2014/12/24,03,21,0,,,,,
2014/12/24,04,22,0,,,,,
2014/12/24,05,21,0,,,,,
2014/12/24,06,17,0,,,,,
2014/12/24,07,30,0,,,,,
2014/12/24,08,94,1,,,,,
2014/12/24,09,96,7,,,,,
2014/12/24,10,106,6,,,,,
2014/12/24,11,83,7,,,,,
2014/12/24,12,86,7,,,,,
2014/12/24,13,103,8,,,,,
2014/12/24,14,116,8,,,,,
2014/12/24,15,121,5,,,,,
2014/12/24,16,128,4,,,,,
2014/12/24,17,104,4,,,,,
2014/12/24,18,40,1,,,,,
2014/12/24,19,29,0,,,,,
2014/12/24,20,25,0,,,,,
2014/12/24,21,23,0,,,,,
2014/12/24,22,21,0,,,,,
2014/12/24,23,18,0,,,,,
2014/12/24,24,19,0,,,,,
2014/12/25,01,18,0,,,,,
2014/12/25,02,19,0,,,,,
2014/12/25,03,18,0,,,,,
2014/12/25,04,19,0,,,,,
2014/12/25,05,19,0,,,,,
2014/12/25,06,18,0,,,,,
2014/12/25,07,18,0,,,,,
2014/12/25,08,50,0,,,,,
2014/12/25,09,99,5,,,,,
2014/12/25,10,104,5,,,,,
2014/12/25,11,93,7,,,,,
2014/12/25,12,103,6,,,,,
2014/12/25,13,98,2,,,,,
2014/12/25,14,86,0,,,,,
2014/12/25,15,98,0,,,,,
2014/12/25,16,114,0,,,,,
2014/12/25,17,77,0,,,,,
2014/12/25,18,36,0,,,,,
2014/12/25,19,27,0,,,,,
2014/12/25,20,23,0,,,,,
2014/12/25,21,24,0,,,,,
2014/12/25,22,20,0,,,,,
2014/12/25,23,18,0,,,,,
2014/12/25,24,19,0,,,,,
2014/12/26,01,18,0,,,,,
2014/12/26,02,18,0,,,,,
2014/12/26,03,18,0,,,,,
2014/12/26,04,19,0,,,,,
2014/12/26,05,18,0,,,,,
2014/12/26,06,18,0,,,,,
2014/12/26,07,20,0,,,,,
2014/12/26,08,47,0,,,,,
2014/12/26,09,57,0,,,,,
2014/12/26,10,64,0,,,,,
2014/12/26,11,81,8,,,,,
2014/12/26,12,82,10,,,,,
2014/12/26,13,76,6,,,,,
2014/12/26,14,105,7,,,,,
2014/12/26,15,106,8,,,,,
2014/12/26,16,114,5,,,,,
2014/12/26,17,94,0,,,,,
2014/12/26,18,40,0,,,,,
2014/12/26,19,26,0,,,,,
2014/12/26,20,25,0,,,,,
2014/12/26,21,23,0,,,,,
2014/12/26,22,21,0,,,,,
2014/12/26,23,18,0,,,,,
2014/12/26,24,19,0,,,,,
2014/12/27,01,19,0,,,,,
2014/12/27,02,18,0,,,,,
2014/12/27,03,27,0,,,,,
2014/12/27,04,21,0,,,,,
2014/12/27,05,18,0,,,,,
2014/12/27,06,18,0,,,,,
2014/12/27,07,20,0,,,,,
2014/12/27,08,74,0,,,,,
2014/12/27,09,89,4,,,,,
2014/12/27,10,92,7,,,,,
2014/12/27,11,86,5,,,,,
2014/12/27,12,80,6,,,,,
2014/12/27,13,93,0,,,,,
2014/12/27,14,116,0,,,,,
2014/12/27,15,116,0,,,,,
2014/12/27,16,138,1,,,,,
2014/12/27,17,144,6,,,,,
2014/12/27,18,57,3,,,,,
2014/12/27,19,34,0,,,,,
2014/12/27,20,27,0,,,,,
2014/12/27,21,25,0,,,,,
2014/12/27,22,22,0,,,,,
2014/12/27,23,19,0,,,,,
2014/12/27,24,19,0,,,,,
2014/12/28,01,18,0,,,,,
2014/12/28,02,18,0,,,,,
2014/12/28,03,18,0,,,,,
2014/12/28,04,19,0,,,,,
2014/12/28,05,19,0,,,,,
2014/12/28,06,18,0,,,,,
2014/12/28,07,37,0,,,,,
2014/12/28,08,105,4,,,,,
2014/12/28,09,88,6,,,,,
2014/12/28,10,107,5,,,,,
2014/12/28,11,102,8,,,,,
2014/12/28,12,96,8,,,,,
2014/12/28,13,107,7,,,,,
2014/12/28,14,132,6,,,,,
2014/12/28,15,138,8,,,,,
2014/12/28,16,152,6,,,,,
2014/12/28,17,152,3,,,,,
2014/12/28,18,84,3,,,,,
2014/12/28,19,38,0,,,,,
2014/12/28,20,30,0,,,,,
2014/12/28,21,28,0,,,,,
2014/12/28,22,22,0,,,,,
2014/12/28,23,22,0,,,,,
2014/12/28,24,19,0,,,,,
2014/12/29,01,18,0,,,,,
2014/12/29,02,18,0,,,,,
2014/12/29,03,18,0,,,,,
2014/12/29,04,19,0,,,,,
2014/12/29,05,18,0,,,,,
2014/12/29,06,19,0,,,,,
2014/12/29,07,86,0,,,,,
2014/12/29,08,104,7,,,,,
2014/12/29,09,98,4,,,,,
2014/12/29,10,96,7,,,,,
2014/12/29,11,91,4,,,,,
2014/12/29,12,74,1,,,,,
2014/12/29,13,84,0,,,,,
2014/12/29,14,102,0,,,,,
2014/12/29,15,117,0,,,,,
2014/12/29,16,131,0,,,,,
2014/12/29,17,145,4,,,,,
2014/12/29,18,120,1,,,,,
2014/12/29,19,59,0,,,,,
2014/12/29,20,37,0,,,,,
2014/12/29,21,32,0,,,,,
2014/12/29,22,26,0,,,,,
2014/12/29,23,25,0,,,,,
2014/12/29,24,20,0,,,,,
2014/12/30,01,20,0,,,,,
2014/12/30,02,20,0,,,,,
2014/12/30,03,19,0,,,,,
2014/12/30,04,20,0,,,,,
2014/12/30,05,20,0,,,,,
2014/12/30,06,20,0,,,,,
2014/12/30,07,80,1,,,,,
2014/12/30,08,97,7,,,,,
2014/12/30,09,86,5,,,,,
2014/12/30,10,92,2,,,,,
2014/12/30,11,83,1,,,,,
2014/12/30,12,70,0,,,,,
2014/12/30,13,82,0,,,,,
2014/12/30,14,102,0,,,,,
2014/12/30,15,116,0,,,,,
2014/12/30,16,130,0,,,,,
2014/12/30,17,135,0,,,,,
2014/12/30,18,114,0,,,,,
2014/12/30,19,49,0,,,,,
2014/12/30,20,34,0,,,,,
2014/12/30,21,27,0,,,,,
2014/12/30,22,28,0,,,,,
2014/12/30,23,23,0,,,,,
2014/12/30,24,21,0,,,,,
2014/12/31,01,21,0,,,,,
2014/12/31,02,21,0,,,,,
2014/12/31,03,21,0,,,,,
2014/12/31,04,18,0,,,,,
2014/12/31,05,21,0,,,,,
2014/12/31,06,18,0,,,,,
2014/12/31,07,19,0,,,,,
2014/12/31,08,50,0,,,,,
2014/12/31,09,69,0,,,,,
2014/12/31,10,78,0,,,,,
2014/12/31,11,82,7,,,,,
2014/12/31,12,84,10,,,,,
2014/12/31,13,80,8,,,,,
2014/12/31,14,86,8,,,,,
2014/12/31,15,73,3,,,,,
2014/12/31,16,72,0,,,,,
2014/12/31,17,43,0,,,,,
2014/12/31,18,29,0,,,,,
2014/12/31,19,24,0,,,,,
2014/12/31,20,23,0,,,,,
2014/12/31,21,21,0,,,,,
2014/12/31,22,19,0,,,,,
2014/12/31,23,18,0,,,,,
2014/12/31,24,19,0,,,,,
