計測日,計測時間,全体,空調,照明,動力,電灯,冷凍・冷熱,その他
2013/06/01,01,56,1,,,,,
2013/06/01,02,53,1,,,,,
2013/06/01,03,54,0,,,,,
2013/06/01,04,56,0,,,,,
2013/06/01,05,58,0,,,,,
2013/06/01,06,84,6,,,,,
2013/06/01,07,92,5,,,,,
2013/06/01,08,109,8,,,,,
2013/06/01,09,150,12,,,,,
2013/06/01,10,151,14,,,,,
2013/06/01,11,156,15,,,,,
2013/06/01,12,157,16,,,,,
2013/06/01,13,157,18,,,,,
2013/06/01,14,161,15,,,,,
2013/06/01,15,159,15,,,,,
2013/06/01,16,152,16,,,,,
2013/06/01,17,145,14,,,,,
2013/06/01,18,135,12,,,,,
2013/06/01,19,136,9,,,,,
2013/06/01,20,145,9,,,,,
2013/06/01,21,133,8,,,,,
2013/06/01,22,69,1,,,,,
2013/06/01,23,57,1,,,,,
2013/06/01,24,61,1,,,,,
2013/06/02,01,54,0,,,,,
2013/06/02,02,54,0,,,,,
2013/06/02,03,54,1,,,,,
2013/06/02,04,56,0,,,,,
2013/06/02,05,60,0,,,,,
2013/06/02,06,81,4,,,,,
2013/06/02,07,93,5,,,,,
2013/06/02,08,115,9,,,,,
2013/06/02,09,153,12,,,,,
2013/06/02,10,155,15,,,,,
2013/06/02,11,154,15,,,,,
2013/06/02,12,158,19,,,,,
2013/06/02,13,158,17,,,,,
2013/06/02,14,161,15,,,,,
2013/06/02,15,167,18,,,,,
2013/06/02,16,159,21,,,,,
2013/06/02,17,161,16,,,,,
2013/06/02,18,144,13,,,,,
2013/06/02,19,145,12,,,,,
2013/06/02,20,147,11,,,,,
2013/06/02,21,133,3,,,,,
2013/06/02,22,72,1,,,,,
2013/06/02,23,59,1,,,,,
2013/06/02,24,62,1,,,,,
2013/06/03,01,56,1,,,,,
2013/06/03,02,55,1,,,,,
2013/06/03,03,56,0,,,,,
2013/06/03,04,63,0,,,,,
2013/06/03,05,58,0,,,,,
2013/06/03,06,78,4,,,,,
2013/06/03,07,98,10,,,,,
2013/06/03,08,110,11,,,,,
2013/06/03,09,161,12,,,,,
2013/06/03,10,167,18,,,,,
2013/06/03,11,176,23,,,,,
2013/06/03,12,176,26,,,,,
2013/06/03,13,185,27,,,,,
2013/06/03,14,194,24,,,,,
2013/06/03,15,190,23,,,,,
2013/06/03,16,174,23,,,,,
2013/06/03,17,175,24,,,,,
2013/06/03,18,155,16,,,,,
2013/06/03,19,152,13,,,,,
2013/06/03,20,150,10,,,,,
2013/06/03,21,135,8,,,,,
2013/06/03,22,68,1,,,,,
2013/06/03,23,55,1,,,,,
2013/06/03,24,61,1,,,,,
2013/06/04,01,55,1,,,,,
2013/06/04,02,53,1,,,,,
2013/06/04,03,53,0,,,,,
2013/06/04,04,62,0,,,,,
2013/06/04,05,58,0,,,,,
2013/06/04,06,88,7,,,,,
2013/06/04,07,100,10,,,,,
2013/06/04,08,124,11,,,,,
2013/06/04,09,169,15,,,,,
2013/06/04,10,175,23,,,,,
2013/06/04,11,189,25,,,,,
2013/06/04,12,184,29,,,,,
2013/06/04,13,196,31,,,,,
2013/06/04,14,205,32,,,,,
2013/06/04,15,197,32,,,,,
2013/06/04,16,179,27,,,,,
2013/06/04,17,184,23,,,,,
2013/06/04,18,163,18,,,,,
2013/06/04,19,163,17,,,,,
2013/06/04,20,158,15,,,,,
2013/06/04,21,144,9,,,,,
2013/06/04,22,78,2,,,,,
2013/06/04,23,61,1,,,,,
2013/06/04,24,65,1,,,,,
2013/06/05,01,58,1,,,,,
2013/06/05,02,55,1,,,,,
2013/06/05,03,55,1,,,,,
2013/06/05,04,59,1,,,,,
2013/06/05,05,62,0,,,,,
2013/06/05,06,83,4,,,,,
2013/06/05,07,94,9,,,,,
2013/06/05,08,121,12,,,,,
2013/06/05,09,161,17,,,,,
2013/06/05,10,169,21,,,,,
2013/06/05,11,179,26,,,,,
2013/06/05,12,182,30,,,,,
2013/06/05,13,197,32,,,,,
2013/06/05,14,193,32,,,,,
2013/06/05,15,189,31,,,,,
2013/06/05,16,172,23,,,,,
2013/06/05,17,172,21,,,,,
2013/06/05,18,154,18,,,,,
2013/06/05,19,153,14,,,,,
2013/06/05,20,154,11,,,,,
2013/06/05,21,145,11,,,,,
2013/06/05,22,72,2,,,,,
2013/06/05,23,61,1,,,,,
2013/06/05,24,64,1,,,,,
2013/06/06,01,58,1,,,,,
2013/06/06,02,54,1,,,,,
2013/06/06,03,54,0,,,,,
2013/06/06,04,58,0,,,,,
2013/06/06,05,61,0,,,,,
2013/06/06,06,83,4,,,,,
2013/06/06,07,100,8,,,,,
2013/06/06,08,114,10,,,,,
2013/06/06,09,159,13,,,,,
2013/06/06,10,167,21,,,,,
2013/06/06,11,176,25,,,,,
2013/06/06,12,180,30,,,,,
2013/06/06,13,191,32,,,,,
2013/06/06,14,195,34,,,,,
2013/06/06,15,176,29,,,,,
2013/06/06,16,164,23,,,,,
2013/06/06,17,169,18,,,,,
2013/06/06,18,157,16,,,,,
2013/06/06,19,152,16,,,,,
2013/06/06,20,153,14,,,,,
2013/06/06,21,139,9,,,,,
2013/06/06,22,72,1,,,,,
2013/06/06,23,57,1,,,,,
2013/06/06,24,64,1,,,,,
2013/06/07,01,57,1,,,,,
2013/06/07,02,55,1,,,,,
2013/06/07,03,55,1,,,,,
2013/06/07,04,58,0,,,,,
2013/06/07,05,60,0,,,,,
2013/06/07,06,72,1,,,,,
2013/06/07,07,97,11,,,,,
2013/06/07,08,126,13,,,,,
2013/06/07,09,166,14,,,,,
2013/06/07,10,172,19,,,,,
2013/06/07,11,178,23,,,,,
2013/06/07,12,179,26,,,,,
2013/06/07,13,185,26,,,,,
2013/06/07,14,191,26,,,,,
2013/06/07,15,186,30,,,,,
2013/06/07,16,168,27,,,,,
2013/06/07,17,170,22,,,,,
2013/06/07,18,153,16,,,,,
2013/06/07,19,152,13,,,,,
2013/06/07,20,152,11,,,,,
2013/06/07,21,136,3,,,,,
2013/06/07,22,73,1,,,,,
2013/06/07,23,67,2,,,,,
2013/06/07,24,62,1,,,,,
2013/06/08,01,58,1,,,,,
2013/06/08,02,53,1,,,,,
2013/06/08,03,54,1,,,,,
2013/06/08,04,56,1,,,,,
2013/06/08,05,60,0,,,,,
2013/06/08,06,85,5,,,,,
2013/06/08,07,97,8,,,,,
2013/06/08,08,122,11,,,,,
2013/06/08,09,155,13,,,,,
2013/06/08,10,164,17,,,,,
2013/06/08,11,174,23,,,,,
2013/06/08,12,181,31,,,,,
2013/06/08,13,183,30,,,,,
2013/06/08,14,178,26,,,,,
2013/06/08,15,179,30,,,,,
2013/06/08,16,173,33,,,,,
2013/06/08,17,174,25,,,,,
2013/06/08,18,158,20,,,,,
2013/06/08,19,156,16,,,,,
2013/06/08,20,157,14,,,,,
2013/06/08,21,151,13,,,,,
2013/06/08,22,76,1,,,,,
2013/06/08,23,63,1,,,,,
2013/06/08,24,64,1,,,,,
2013/06/09,01,57,1,,,,,
2013/06/09,02,54,1,,,,,
2013/06/09,03,55,1,,,,,
2013/06/09,04,57,0,,,,,
2013/06/09,05,62,0,,,,,
2013/06/09,06,72,2,,,,,
2013/06/09,07,101,11,,,,,
2013/06/09,08,117,12,,,,,
2013/06/09,09,151,13,,,,,
2013/06/09,10,163,19,,,,,
2013/06/09,11,167,20,,,,,
2013/06/09,12,170,26,,,,,
2013/06/09,13,176,30,,,,,
2013/06/09,14,170,23,,,,,
2013/06/09,15,168,20,,,,,
2013/06/09,16,166,20,,,,,
2013/06/09,17,168,19,,,,,
2013/06/09,18,151,15,,,,,
2013/06/09,19,151,13,,,,,
2013/06/09,20,151,11,,,,,
2013/06/09,21,141,10,,,,,
2013/06/09,22,76,2,,,,,
2013/06/09,23,62,1,,,,,
2013/06/09,24,63,1,,,,,
2013/06/10,01,57,1,,,,,
2013/06/10,02,55,1,,,,,
2013/06/10,03,55,0,,,,,
2013/06/10,04,59,0,,,,,
2013/06/10,05,61,0,,,,,
2013/06/10,06,74,1,,,,,
2013/06/10,07,97,11,,,,,
2013/06/10,08,111,9,,,,,
2013/06/10,09,158,12,,,,,
2013/06/10,10,160,16,,,,,
2013/06/10,11,172,22,,,,,
2013/06/10,12,170,26,,,,,
2013/06/10,13,172,26,,,,,
2013/06/10,14,177,25,,,,,
2013/06/10,15,175,29,,,,,
2013/06/10,16,164,21,,,,,
2013/06/10,17,165,19,,,,,
2013/06/10,18,154,17,,,,,
2013/06/10,19,154,14,,,,,
2013/06/10,20,159,14,,,,,
2013/06/10,21,151,11,,,,,
2013/06/10,22,81,7,,,,,
2013/06/10,23,63,1,,,,,
2013/06/10,24,68,1,,,,,
2013/06/11,01,62,1,,,,,
2013/06/11,02,59,1,,,,,
2013/06/11,03,58,1,,,,,
2013/06/11,04,60,1,,,,,
2013/06/11,05,65,0,,,,,
2013/06/11,06,94,9,,,,,
2013/06/11,07,110,12,,,,,
2013/06/11,08,125,16,,,,,
2013/06/11,09,171,15,,,,,
2013/06/11,10,177,21,,,,,
2013/06/11,11,181,28,,,,,
2013/06/11,12,181,30,,,,,
2013/06/11,13,183,32,,,,,
2013/06/11,14,193,33,,,,,
2013/06/11,15,196,37,,,,,
2013/06/11,16,176,29,,,,,
2013/06/11,17,181,24,,,,,
2013/06/11,18,170,22,,,,,
2013/06/11,19,166,20,,,,,
2013/06/11,20,171,18,,,,,
2013/06/11,21,161,13,,,,,
2013/06/11,22,91,9,,,,,
2013/06/11,23,66,1,,,,,
2013/06/11,24,68,1,,,,,
2013/06/12,01,64,1,,,,,
2013/06/12,02,62,1,,,,,
2013/06/12,03,61,1,,,,,
2013/06/12,04,61,1,,,,,
2013/06/12,05,67,1,,,,,
2013/06/12,06,78,2,,,,,
2013/06/12,07,110,15,,,,,
2013/06/12,08,149,22,,,,,
2013/06/12,09,198,28,,,,,
2013/06/12,10,198,33,,,,,
2013/06/12,11,219,44,,,,,
2013/06/12,12,211,45,,,,,
2013/06/12,13,223,44,,,,,
2013/06/12,14,225,45,,,,,
2013/06/12,15,221,48,,,,,
2013/06/12,16,203,53,,,,,
2013/06/12,17,198,32,,,,,
2013/06/12,18,175,23,,,,,
2013/06/12,19,177,22,,,,,
2013/06/12,20,177,20,,,,,
2013/06/12,21,169,14,,,,,
2013/06/12,22,85,1,,,,,
2013/06/12,23,65,1,,,,,
2013/06/12,24,69,1,,,,,
2013/06/13,01,64,1,,,,,
2013/06/13,02,61,1,,,,,
2013/06/13,03,64,1,,,,,
2013/06/13,04,65,1,,,,,
2013/06/13,05,70,1,,,,,
2013/06/13,06,85,6,,,,,
2013/06/13,07,110,19,,,,,
2013/06/13,08,143,24,,,,,
2013/06/13,09,189,27,,,,,
2013/06/13,10,201,38,,,,,
2013/06/13,11,222,48,,,,,
2013/06/13,12,215,48,,,,,
2013/06/13,13,229,48,,,,,
2013/06/13,14,233,43,,,,,
2013/06/13,15,231,46,,,,,
2013/06/13,16,207,35,,,,,
2013/06/13,17,216,35,,,,,
2013/06/13,18,200,37,,,,,
2013/06/13,19,185,23,,,,,
2013/06/13,20,183,19,,,,,
2013/06/13,21,161,4,,,,,
2013/06/13,22,87,2,,,,,
2013/06/13,23,71,1,,,,,
2013/06/13,24,72,1,,,,,
2013/06/14,01,66,1,,,,,
2013/06/14,02,66,1,,,,,
2013/06/14,03,64,1,,,,,
2013/06/14,04,65,1,,,,,
2013/06/14,05,70,1,,,,,
2013/06/14,06,84,2,,,,,
2013/06/14,07,117,21,,,,,
2013/06/14,08,147,28,,,,,
2013/06/14,09,211,36,,,,,
2013/06/14,10,216,40,,,,,
2013/06/14,11,225,48,,,,,
2013/06/14,12,216,46,,,,,
2013/06/14,13,227,39,,,,,
2013/06/14,14,230,41,,,,,
2013/06/14,15,229,42,,,,,
2013/06/14,16,207,42,,,,,
2013/06/14,17,223,45,,,,,
2013/06/14,18,204,44,,,,,
2013/06/14,19,192,28,,,,,
2013/06/14,20,182,23,,,,,
2013/06/14,21,177,22,,,,,
2013/06/14,22,98,7,,,,,
2013/06/14,23,74,1,,,,,
2013/06/14,24,74,1,,,,,
2013/06/15,01,67,1,,,,,
2013/06/15,02,65,1,,,,,
2013/06/15,03,65,1,,,,,
2013/06/15,04,69,1,,,,,
2013/06/15,05,71,1,,,,,
2013/06/15,06,104,11,,,,,
2013/06/15,07,118,20,,,,,
2013/06/15,08,144,25,,,,,
2013/06/15,09,183,25,,,,,
2013/06/15,10,190,31,,,,,
2013/06/15,11,185,31,,,,,
2013/06/15,12,183,32,,,,,
2013/06/15,13,179,33,,,,,
2013/06/15,14,186,34,,,,,
2013/06/15,15,184,29,,,,,
2013/06/15,16,176,28,,,,,
2013/06/15,17,181,27,,,,,
2013/06/15,18,172,24,,,,,
2013/06/15,19,169,21,,,,,
2013/06/15,20,172,19,,,,,
2013/06/15,21,166,19,,,,,
2013/06/15,22,89,2,,,,,
2013/06/15,23,69,1,,,,,
2013/06/15,24,70,1,,,,,
2013/06/16,01,63,1,,,,,
2013/06/16,02,63,1,,,,,
2013/06/16,03,62,1,,,,,
2013/06/16,04,63,1,,,,,
2013/06/16,05,70,2,,,,,
2013/06/16,06,95,8,,,,,
2013/06/16,07,110,15,,,,,
2013/06/16,08,135,21,,,,,
2013/06/16,09,189,25,,,,,
2013/06/16,10,201,36,,,,,
2013/06/16,11,213,41,,,,,
2013/06/16,12,212,48,,,,,
2013/06/16,13,222,53,,,,,
2013/06/16,14,233,52,,,,,
2013/06/16,15,227,53,,,,,
2013/06/16,16,204,45,,,,,
2013/06/16,17,218,41,,,,,
2013/06/16,18,201,43,,,,,
2013/06/16,19,195,35,,,,,
2013/06/16,20,184,24,,,,,
2013/06/16,21,181,21,,,,,
2013/06/16,22,108,16,,,,,
2013/06/16,23,86,9,,,,,
2013/06/16,24,75,1,,,,,
2013/06/17,01,69,1,,,,,
2013/06/17,02,63,1,,,,,
2013/06/17,03,61,1,,,,,
2013/06/17,04,69,1,,,,,
2013/06/17,05,66,1,,,,,
2013/06/17,06,78,2,,,,,
2013/06/17,07,109,17,,,,,
2013/06/17,08,133,19,,,,,
2013/06/17,09,181,24,,,,,
2013/06/17,10,194,35,,,,,
2013/06/17,11,215,41,,,,,
2013/06/17,12,205,45,,,,,
2013/06/17,13,217,49,,,,,
2013/06/17,14,226,56,,,,,
2013/06/17,15,225,54,,,,,
2013/06/17,16,197,39,,,,,
2013/06/17,17,210,39,,,,,
2013/06/17,18,187,33,,,,,
2013/06/17,19,181,26,,,,,
2013/06/17,20,185,24,,,,,
2013/06/17,21,174,22,,,,,
2013/06/17,22,99,15,,,,,
2013/06/17,23,71,3,,,,,
2013/06/17,24,73,1,,,,,
2013/06/18,01,65,1,,,,,
2013/06/18,02,63,1,,,,,
2013/06/18,03,61,1,,,,,
2013/06/18,04,65,1,,,,,
2013/06/18,05,70,1,,,,,
2013/06/18,06,96,9,,,,,
2013/06/18,07,115,16,,,,,
2013/06/18,08,141,20,,,,,
2013/06/18,09,191,26,,,,,
2013/06/18,10,202,33,,,,,
2013/06/18,11,205,35,,,,,
2013/06/18,12,203,42,,,,,
2013/06/18,13,210,40,,,,,
2013/06/18,14,219,45,,,,,
2013/06/18,15,208,39,,,,,
2013/06/18,16,186,35,,,,,
2013/06/18,17,187,29,,,,,
2013/06/18,18,174,27,,,,,
2013/06/18,19,176,24,,,,,
2013/06/18,20,177,21,,,,,
2013/06/18,21,164,14,,,,,
2013/06/18,22,88,1,,,,,
2013/06/18,23,67,1,,,,,
2013/06/18,24,70,1,,,,,
2013/06/19,01,68,1,,,,,
2013/06/19,02,66,1,,,,,
2013/06/19,03,64,1,,,,,
2013/06/19,04,67,1,,,,,
2013/06/19,05,70,1,,,,,
2013/06/19,06,81,1,,,,,
2013/06/19,07,109,14,,,,,
2013/06/19,08,136,17,,,,,
2013/06/19,09,179,23,,,,,
2013/06/19,10,178,22,,,,,
2013/06/19,11,178,27,,,,,
2013/06/19,12,177,28,,,,,
2013/06/19,13,167,22,,,,,
2013/06/19,14,168,25,,,,,
2013/06/19,15,166,16,,,,,
2013/06/19,16,157,19,,,,,
2013/06/19,17,162,17,,,,,
2013/06/19,18,150,12,,,,,
2013/06/19,19,152,10,,,,,
2013/06/19,20,156,10,,,,,
2013/06/19,21,147,8,,,,,
2013/06/19,22,80,2,,,,,
2013/06/19,23,68,1,,,,,
2013/06/19,24,67,1,,,,,
2013/06/20,01,61,1,,,,,
2013/06/20,02,60,1,,,,,
2013/06/20,03,63,1,,,,,
2013/06/20,04,66,0,,,,,
2013/06/20,05,62,1,,,,,
2013/06/20,06,87,6,,,,,
2013/06/20,07,105,11,,,,,
2013/06/20,08,126,13,,,,,
2013/06/20,09,167,15,,,,,
2013/06/20,10,167,15,,,,,
2013/06/20,11,165,17,,,,,
2013/06/20,12,161,16,,,,,
2013/06/20,13,160,17,,,,,
2013/06/20,14,158,17,,,,,
2013/06/20,15,157,16,,,,,
2013/06/20,16,151,14,,,,,
2013/06/20,17,152,13,,,,,
2013/06/20,18,141,11,,,,,
2013/06/20,19,144,10,,,,,
2013/06/20,20,150,10,,,,,
2013/06/20,21,143,7,,,,,
2013/06/20,22,72,1,,,,,
2013/06/20,23,61,1,,,,,
2013/06/20,24,64,1,,,,,
2013/06/21,01,58,1,,,,,
2013/06/21,02,57,1,,,,,
2013/06/21,03,57,1,,,,,
2013/06/21,04,59,1,,,,,
2013/06/21,05,62,0,,,,,
2013/06/21,06,73,1,,,,,
2013/06/21,07,96,8,,,,,
2013/06/21,08,120,9,,,,,
2013/06/21,09,156,11,,,,,
2013/06/21,10,158,13,,,,,
2013/06/21,11,156,14,,,,,
2013/06/21,12,156,14,,,,,
2013/06/21,13,153,15,,,,,
2013/06/21,14,148,12,,,,,
2013/06/21,15,151,13,,,,,
2013/06/21,16,146,12,,,,,
2013/06/21,17,143,11,,,,,
2013/06/21,18,138,11,,,,,
2013/06/21,19,140,9,,,,,
2013/06/21,20,146,9,,,,,
2013/06/21,21,138,9,,,,,
2013/06/21,22,76,2,,,,,
2013/06/21,23,59,1,,,,,
2013/06/21,24,62,1,,,,,
2013/06/22,01,56,1,,,,,
2013/06/22,02,55,1,,,,,
2013/06/22,03,54,0,,,,,
2013/06/22,04,64,0,,,,,
2013/06/22,05,59,1,,,,,
2013/06/22,06,82,5,,,,,
2013/06/22,07,96,6,,,,,
2013/06/22,08,113,10,,,,,
2013/06/22,09,159,11,,,,,
2013/06/22,10,169,15,,,,,
2013/06/22,11,172,17,,,,,
2013/06/22,12,176,26,,,,,
2013/06/22,13,180,27,,,,,
2013/06/22,14,184,25,,,,,
2013/06/22,15,187,31,,,,,
2013/06/22,16,185,33,,,,,
2013/06/22,17,183,30,,,,,
2013/06/22,18,164,20,,,,,
2013/06/22,19,160,17,,,,,
2013/06/22,20,159,12,,,,,
2013/06/22,21,152,11,,,,,
2013/06/22,22,80,2,,,,,
2013/06/22,23,63,1,,,,,
2013/06/22,24,68,1,,,,,
2013/06/23,01,60,1,,,,,
2013/06/23,02,59,1,,,,,
2013/06/23,03,60,1,,,,,
2013/06/23,04,62,1,,,,,
2013/06/23,05,64,0,,,,,
2013/06/23,06,83,5,,,,,
2013/06/23,07,102,12,,,,,
2013/06/23,08,121,12,,,,,
2013/06/23,09,157,13,,,,,
2013/06/23,10,164,16,,,,,
2013/06/23,11,166,20,,,,,
2013/06/23,12,168,25,,,,,
2013/06/23,13,171,23,,,,,
2013/06/23,14,175,26,,,,,
2013/06/23,15,177,25,,,,,
2013/06/23,16,172,23,,,,,
2013/06/23,17,173,22,,,,,
2013/06/23,18,157,17,,,,,
2013/06/23,19,156,16,,,,,
2013/06/23,20,162,16,,,,,
2013/06/23,21,153,11,,,,,
2013/06/23,22,79,4,,,,,
2013/06/23,23,63,1,,,,,
2013/06/23,24,66,1,,,,,
2013/06/24,01,59,1,,,,,
2013/06/24,02,58,1,,,,,
2013/06/24,03,58,1,,,,,
2013/06/24,04,62,1,,,,,
2013/06/24,05,64,0,,,,,
2013/06/24,06,74,2,,,,,
2013/06/24,07,96,8,,,,,
2013/06/24,08,121,12,,,,,
2013/06/24,09,169,16,,,,,
2013/06/24,10,176,22,,,,,
2013/06/24,11,188,28,,,,,
2013/06/24,12,186,35,,,,,
2013/06/24,13,191,35,,,,,
2013/06/24,14,185,30,,,,,
2013/06/24,15,185,33,,,,,
2013/06/24,16,180,34,,,,,
2013/06/24,17,179,30,,,,,
2013/06/24,18,164,22,,,,,
2013/06/24,19,160,18,,,,,
2013/06/24,20,162,16,,,,,
2013/06/24,21,149,10,,,,,
2013/06/24,22,81,1,,,,,
2013/06/24,23,68,1,,,,,
2013/06/24,24,65,1,,,,,
2013/06/25,01,61,1,,,,,
2013/06/25,02,59,1,,,,,
2013/06/25,03,60,1,,,,,
2013/06/25,04,62,1,,,,,
2013/06/25,05,66,0,,,,,
2013/06/25,06,91,8,,,,,
2013/06/25,07,108,12,,,,,
2013/06/25,08,126,16,,,,,
2013/06/25,09,184,17,,,,,
2013/06/25,10,185,26,,,,,
2013/06/25,11,194,32,,,,,
2013/06/25,12,192,37,,,,,
2013/06/25,13,193,37,,,,,
2013/06/25,14,197,38,,,,,
2013/06/25,15,196,38,,,,,
2013/06/25,16,182,30,,,,,
2013/06/25,17,185,28,,,,,
2013/06/25,18,172,24,,,,,
2013/06/25,19,167,18,,,,,
2013/06/25,20,169,17,,,,,
2013/06/25,21,162,16,,,,,
2013/06/25,22,94,13,,,,,
2013/06/25,23,66,1,,,,,
2013/06/25,24,70,1,,,,,
2013/06/26,01,64,1,,,,,
2013/06/26,02,64,1,,,,,
2013/06/26,03,63,1,,,,,
2013/06/26,04,64,1,,,,,
2013/06/26,05,67,1,,,,,
2013/06/26,06,78,2,,,,,
2013/06/26,07,99,11,,,,,
2013/06/26,08,127,14,,,,,
2013/06/26,09,163,14,,,,,
2013/06/26,10,164,16,,,,,
2013/06/26,11,165,19,,,,,
2013/06/26,12,161,21,,,,,
2013/06/26,13,164,20,,,,,
2013/06/26,14,172,23,,,,,
2013/06/26,15,175,27,,,,,
2013/06/26,16,172,27,,,,,
2013/06/26,17,175,22,,,,,
2013/06/26,18,158,19,,,,,
2013/06/26,19,157,16,,,,,
2013/06/26,20,161,12,,,,,
2013/06/26,21,150,11,,,,,
2013/06/26,22,89,10,,,,,
2013/06/26,23,71,1,,,,,
2013/06/26,24,68,1,,,,,
2013/06/27,01,63,1,,,,,
2013/06/27,02,60,1,,,,,
2013/06/27,03,61,1,,,,,
2013/06/27,04,68,0,,,,,
2013/06/27,05,65,0,,,,,
2013/06/27,06,89,7,,,,,
2013/06/27,07,108,12,,,,,
2013/06/27,08,126,12,,,,,
2013/06/27,09,169,14,,,,,
2013/06/27,10,176,21,,,,,
2013/06/27,11,178,23,,,,,
2013/06/27,12,180,29,,,,,
2013/06/27,13,184,30,,,,,
2013/06/27,14,191,34,,,,,
2013/06/27,15,191,34,,,,,
2013/06/27,16,182,27,,,,,
2013/06/27,17,182,25,,,,,
2013/06/27,18,171,21,,,,,
2013/06/27,19,166,18,,,,,
2013/06/27,20,165,14,,,,,
2013/06/27,21,156,15,,,,,
2013/06/27,22,86,4,,,,,
2013/06/27,23,65,1,,,,,
2013/06/27,24,69,1,,,,,
2013/06/28,01,65,1,,,,,
2013/06/28,02,61,1,,,,,
2013/06/28,03,62,1,,,,,
2013/06/28,04,65,1,,,,,
2013/06/28,05,68,1,,,,,
2013/06/28,06,81,3,,,,,
2013/06/28,07,107,13,,,,,
2013/06/28,08,130,15,,,,,
2013/06/28,09,180,18,,,,,
2013/06/28,10,185,23,,,,,
2013/06/28,11,191,26,,,,,
2013/06/28,12,190,33,,,,,
2013/06/28,13,200,35,,,,,
2013/06/28,14,203,33,,,,,
2013/06/28,15,196,34,,,,,
2013/06/28,16,180,32,,,,,
2013/06/28,17,183,25,,,,,
2013/06/28,18,171,22,,,,,
2013/06/28,19,166,16,,,,,
2013/06/28,20,170,17,,,,,
2013/06/28,21,157,10,,,,,
2013/06/28,22,85,2,,,,,
2013/06/28,23,70,1,,,,,
2013/06/28,24,69,1,,,,,
2013/06/29,01,67,1,,,,,
2013/06/29,02,63,1,,,,,
2013/06/29,03,65,1,,,,,
2013/06/29,04,66,1,,,,,
2013/06/29,05,65,1,,,,,
2013/06/29,06,90,8,,,,,
2013/06/29,07,107,13,,,,,
2013/06/29,08,134,20,,,,,
2013/06/29,09,178,20,,,,,
2013/06/29,10,191,27,,,,,
2013/06/29,11,198,35,,,,,
2013/06/29,12,200,41,,,,,
2013/06/29,13,214,44,,,,,
2013/06/29,14,221,49,,,,,
2013/06/29,15,213,44,,,,,
2013/06/29,16,195,38,,,,,
2013/06/29,17,200,35,,,,,
2013/06/29,18,172,23,,,,,
2013/06/29,19,173,19,,,,,
2013/06/29,20,171,16,,,,,
2013/06/29,21,166,15,,,,,
2013/06/29,22,94,11,,,,,
2013/06/29,23,71,4,,,,,
2013/06/29,24,70,1,,,,,
2013/06/30,01,64,1,,,,,
2013/06/30,02,63,1,,,,,
2013/06/30,03,68,1,,,,,
2013/06/30,04,66,1,,,,,
2013/06/30,05,64,1,,,,,
2013/06/30,06,96,9,,,,,
2013/06/30,07,107,13,,,,,
2013/06/30,08,138,19,,,,,
2013/06/30,09,178,18,,,,,
2013/06/30,10,189,29,,,,,
2013/06/30,11,189,31,,,,,
2013/06/30,12,183,33,,,,,
2013/06/30,13,190,31,,,,,
2013/06/30,14,191,33,,,,,
2013/06/30,15,188,29,,,,,
2013/06/30,16,177,24,,,,,
2013/06/30,17,175,22,,,,,
2013/06/30,18,162,19,,,,,
2013/06/30,19,164,17,,,,,
2013/06/30,20,163,16,,,,,
2013/06/30,21,155,12,,,,,
2013/06/30,22,96,10,,,,,
2013/06/30,23,76,4,,,,,
2013/06/30,24,69,1,,,,,
2013/07/01,01,63,1,,,,,
2013/07/01,02,60,1,,,,,
2013/07/01,03,60,1,,,,,
2013/07/01,04,63,1,,,,,
2013/07/01,05,66,0,,,,,
2013/07/01,06,94,9,,,,,
2013/07/01,07,110,11,,,,,
2013/07/01,08,140,19,,,,,
2013/07/01,09,186,22,,,,,
2013/07/01,10,193,27,,,,,
2013/07/01,11,201,33,,,,,
2013/07/01,12,184,33,,,,,
2013/07/01,13,197,34,,,,,
2013/07/01,14,203,32,,,,,
2013/07/01,15,195,35,,,,,
2013/07/01,16,188,35,,,,,
2013/07/01,17,193,35,,,,,
2013/07/01,18,167,20,,,,,
2013/07/01,19,165,19,,,,,
2013/07/01,20,169,16,,,,,
2013/07/01,21,159,15,,,,,
2013/07/01,22,95,11,,,,,
2013/07/01,23,72,4,,,,,
2013/07/01,24,74,1,,,,,
2013/07/02,01,65,1,,,,,
2013/07/02,02,69,1,,,,,
2013/07/02,03,67,1,,,,,
2013/07/02,04,67,1,,,,,
2013/07/02,05,63,1,,,,,
2013/07/02,06,90,7,,,,,
2013/07/02,07,111,13,,,,,
2013/07/02,08,128,19,,,,,
2013/07/02,09,177,18,,,,,
2013/07/02,10,187,22,,,,,
2013/07/02,11,191,25,,,,,
2013/07/02,12,185,30,,,,,
2013/07/02,13,192,31,,,,,
2013/07/02,14,185,27,,,,,
2013/07/02,15,185,28,,,,,
2013/07/02,16,175,27,,,,,
2013/07/02,17,173,20,,,,,
2013/07/02,18,160,19,,,,,
2013/07/02,19,161,17,,,,,
2013/07/02,20,163,11,,,,,
2013/07/02,21,158,10,,,,,
2013/07/02,22,85,2,,,,,
2013/07/02,23,67,1,,,,,
2013/07/02,24,69,1,,,,,
2013/07/03,01,64,1,,,,,
2013/07/03,02,68,0,,,,,
2013/07/03,03,67,1,,,,,
2013/07/03,04,67,1,,,,,
2013/07/03,05,64,1,,,,,
2013/07/03,06,83,6,,,,,
2013/07/03,07,104,13,,,,,
2013/07/03,08,132,16,,,,,
2013/07/03,09,165,16,,,,,
2013/07/03,10,174,19,,,,,
2013/07/03,11,179,23,,,,,
2013/07/03,12,181,29,,,,,
2013/07/03,13,183,33,,,,,
2013/07/03,14,183,31,,,,,
2013/07/03,15,170,23,,,,,
2013/07/03,16,167,28,,,,,
2013/07/03,17,169,22,,,,,
2013/07/03,18,160,17,,,,,
2013/07/03,19,155,15,,,,,
2013/07/03,20,163,14,,,,,
2013/07/03,21,154,10,,,,,
2013/07/03,22,89,8,,,,,
2013/07/03,23,66,2,,,,,
2013/07/03,24,70,1,,,,,
2013/07/04,01,63,1,,,,,
2013/07/04,02,62,1,,,,,
2013/07/04,03,63,1,,,,,
2013/07/04,04,65,1,,,,,
2013/07/04,05,69,1,,,,,
2013/07/04,06,81,3,,,,,
2013/07/04,07,110,12,,,,,
2013/07/04,08,130,19,,,,,
2013/07/04,09,168,18,,,,,
2013/07/04,10,168,19,,,,,
2013/07/04,11,173,20,,,,,
2013/07/04,12,168,25,,,,,
2013/07/04,13,174,22,,,,,
2013/07/04,14,187,24,,,,,
2013/07/04,15,183,29,,,,,
2013/07/04,16,171,28,,,,,
2013/07/04,17,181,24,,,,,
2013/07/04,18,172,21,,,,,
2013/07/04,19,167,16,,,,,
2013/07/04,20,170,14,,,,,
2013/07/04,21,161,12,,,,,
2013/07/04,22,94,12,,,,,
2013/07/04,23,74,3,,,,,
2013/07/04,24,71,1,,,,,
2013/07/05,01,68,1,,,,,
2013/07/05,02,65,1,,,,,
2013/07/05,03,63,1,,,,,
2013/07/05,04,69,1,,,,,
2013/07/05,05,71,1,,,,,
2013/07/05,06,80,2,,,,,
2013/07/05,07,104,11,,,,,
2013/07/05,08,137,18,,,,,
2013/07/05,09,194,25,,,,,
2013/07/05,10,202,32,,,,,
2013/07/05,11,212,41,,,,,
2013/07/05,12,200,34,,,,,
2013/07/05,13,209,38,,,,,
2013/07/05,14,215,40,,,,,
2013/07/05,15,220,37,,,,,
2013/07/05,16,194,30,,,,,
2013/07/05,17,204,24,,,,,
2013/07/05,18,191,24,,,,,
2013/07/05,19,188,28,,,,,
2013/07/05,20,191,24,,,,,
2013/07/05,21,183,21,,,,,
2013/07/05,22,103,15,,,,,
2013/07/05,23,75,2,,,,,
2013/07/05,24,74,1,,,,,
2013/07/06,01,70,1,,,,,
2013/07/06,02,67,1,,,,,
2013/07/06,03,65,1,,,,,
2013/07/06,04,70,1,,,,,
2013/07/06,05,72,1,,,,,
2013/07/06,06,96,6,,,,,
2013/07/06,07,119,16,,,,,
2013/07/06,08,157,34,,,,,
2013/07/06,09,213,39,,,,,
2013/07/06,10,223,49,,,,,
2013/07/06,11,229,51,,,,,
2013/07/06,12,212,51,,,,,
2013/07/06,13,219,46,,,,,
2013/07/06,14,217,48,,,,,
2013/07/06,15,216,41,,,,,
2013/07/06,16,202,45,,,,,
2013/07/06,17,213,47,,,,,
2013/07/06,18,190,32,,,,,
2013/07/06,19,182,24,,,,,
2013/07/06,20,184,19,,,,,
2013/07/06,21,176,18,,,,,
2013/07/06,22,102,13,,,,,
2013/07/06,23,78,6,,,,,
2013/07/06,24,77,1,,,,,
2013/07/07,01,70,1,,,,,
2013/07/07,02,68,1,,,,,
2013/07/07,03,64,1,,,,,
2013/07/07,04,69,1,,,,,
2013/07/07,05,74,1,,,,,
2013/07/07,06,90,5,,,,,
2013/07/07,07,112,14,,,,,
2013/07/07,08,141,22,,,,,
2013/07/07,09,199,31,,,,,
2013/07/07,10,218,48,,,,,
2013/07/07,11,230,49,,,,,
2013/07/07,12,208,46,,,,,
2013/07/07,13,209,55,,,,,
2013/07/07,14,216,56,,,,,
2013/07/07,15,213,53,,,,,
2013/07/07,16,209,52,,,,,
2013/07/07,17,208,45,,,,,
2013/07/07,18,187,36,,,,,
2013/07/07,19,185,29,,,,,
2013/07/07,20,189,26,,,,,
2013/07/07,21,172,20,,,,,
2013/07/07,22,92,4,,,,,
2013/07/07,23,71,2,,,,,
2013/07/07,24,74,1,,,,,
2013/07/08,01,72,1,,,,,
2013/07/08,02,66,1,,,,,
2013/07/08,03,68,1,,,,,
2013/07/08,04,71,1,,,,,
2013/07/08,05,72,1,,,,,
2013/07/08,06,89,2,,,,,
2013/07/08,07,119,18,,,,,
2013/07/08,08,146,22,,,,,
2013/07/08,09,207,39,,,,,
2013/07/08,10,234,54,,,,,
2013/07/08,11,237,55,,,,,
2013/07/08,12,222,45,,,,,
2013/07/08,13,232,47,,,,,
2013/07/08,14,237,42,,,,,
2013/07/08,15,234,48,,,,,
2013/07/08,16,217,47,,,,,
2013/07/08,17,232,42,,,,,
2013/07/08,18,213,34,,,,,
2013/07/08,19,207,39,,,,,
2013/07/08,20,210,37,,,,,
2013/07/08,21,190,27,,,,,
2013/07/08,22,99,3,,,,,
2013/07/08,23,82,2,,,,,
2013/07/08,24,82,1,,,,,
2013/07/09,01,76,1,,,,,
2013/07/09,02,67,1,,,,,
2013/07/09,03,67,1,,,,,
2013/07/09,04,70,1,,,,,
2013/07/09,05,68,1,,,,,
2013/07/09,06,101,7,,,,,
2013/07/09,07,125,20,,,,,
2013/07/09,08,151,28,,,,,
2013/07/09,09,220,39,,,,,
2013/07/09,10,233,54,,,,,
2013/07/09,11,246,56,,,,,
2013/07/09,12,227,45,,,,,
2013/07/09,13,237,46,,,,,
2013/07/09,14,245,44,,,,,
2013/07/09,15,244,46,,,,,
2013/07/09,16,225,36,,,,,
2013/07/09,17,228,32,,,,,
2013/07/09,18,213,33,,,,,
2013/07/09,19,214,44,,,,,
2013/07/09,20,211,39,,,,,
2013/07/09,21,197,32,,,,,
2013/07/09,22,140,12,,,,,
2013/07/09,23,131,3,,,,,
2013/07/09,24,95,3,,,,,
2013/07/10,01,96,3,,,,,
2013/07/10,02,92,3,,,,,
2013/07/10,03,83,2,,,,,
2013/07/10,04,84,2,,,,,
2013/07/10,05,85,1,,,,,
2013/07/10,06,93,2,,,,,
2013/07/10,07,128,17,,,,,
2013/07/10,08,156,25,,,,,
2013/07/10,09,213,40,,,,,
2013/07/10,10,233,54,,,,,
2013/07/10,11,236,47,,,,,
2013/07/10,12,227,49,,,,,
2013/07/10,13,227,39,,,,,
2013/07/10,14,244,50,,,,,
2013/07/10,15,241,51,,,,,
2013/07/10,16,223,52,,,,,
2013/07/10,17,223,40,,,,,
2013/07/10,18,208,36,,,,,
2013/07/10,19,209,41,,,,,
2013/07/10,20,209,38,,,,,
2013/07/10,21,195,30,,,,,
2013/07/10,22,115,22,,,,,
2013/07/10,23,82,3,,,,,
2013/07/10,24,78,1,,,,,
2013/07/11,01,74,1,,,,,
2013/07/11,02,70,1,,,,,
2013/07/11,03,68,1,,,,,
2013/07/11,04,73,1,,,,,
2013/07/11,05,72,1,,,,,
2013/07/11,06,95,7,,,,,
2013/07/11,07,130,27,,,,,
2013/07/11,08,155,37,,,,,
2013/07/11,09,213,41,,,,,
2013/07/11,10,236,53,,,,,
2013/07/11,11,241,47,,,,,
2013/07/11,12,224,45,,,,,
2013/07/11,13,236,46,,,,,
2013/07/11,14,254,48,,,,,
2013/07/11,15,247,46,,,,,
2013/07/11,16,231,42,,,,,
2013/07/11,17,233,37,,,,,
2013/07/11,18,216,40,,,,,
2013/07/11,19,215,44,,,,,
2013/07/11,20,211,39,,,,,
2013/07/11,21,193,27,,,,,
2013/07/11,22,109,12,,,,,
2013/07/11,23,79,2,,,,,
2013/07/11,24,79,1,,,,,
2013/07/12,01,75,1,,,,,
2013/07/12,02,72,1,,,,,
2013/07/12,03,67,1,,,,,
2013/07/12,04,69,1,,,,,
2013/07/12,05,74,1,,,,,
2013/07/12,06,95,7,,,,,
2013/07/12,07,124,21,,,,,
2013/07/12,08,157,30,,,,,
2013/07/12,09,202,31,,,,,
2013/07/12,10,210,37,,,,,
2013/07/12,11,227,48,,,,,
2013/07/12,12,220,51,,,,,
2013/07/12,13,233,48,,,,,
2013/07/12,14,245,46,,,,,
2013/07/12,15,245,45,,,,,
2013/07/12,16,214,36,,,,,
2013/07/12,17,225,30,,,,,
2013/07/12,18,211,29,,,,,
2013/07/12,19,211,35,,,,,
2013/07/12,20,210,37,,,,,
2013/07/12,21,194,30,,,,,
2013/07/12,22,102,9,,,,,
2013/07/12,23,77,1,,,,,
2013/07/12,24,80,1,,,,,
2013/07/13,01,76,1,,,,,
2013/07/13,02,72,1,,,,,
2013/07/13,03,71,1,,,,,
2013/07/13,04,74,1,,,,,
2013/07/13,05,78,1,,,,,
2013/07/13,06,101,7,,,,,
2013/07/13,07,128,22,,,,,
2013/07/13,08,157,32,,,,,
2013/07/13,09,215,37,,,,,
2013/07/13,10,222,47,,,,,
2013/07/13,11,229,47,,,,,
2013/07/13,12,224,47,,,,,
2013/07/13,13,232,46,,,,,
2013/07/13,14,238,48,,,,,
2013/07/13,15,222,56,,,,,
2013/07/13,16,207,55,,,,,
2013/07/13,17,216,51,,,,,
2013/07/13,18,204,46,,,,,
2013/07/13,19,200,42,,,,,
2013/07/13,20,201,32,,,,,
2013/07/13,21,189,28,,,,,
2013/07/13,22,106,12,,,,,
2013/07/13,23,78,1,,,,,
2013/07/13,24,77,1,,,,,
2013/07/14,01,73,1,,,,,
2013/07/14,02,74,1,,,,,
2013/07/14,03,75,1,,,,,
2013/07/14,04,73,1,,,,,
2013/07/14,05,71,1,,,,,
2013/07/14,06,91,7,,,,,
2013/07/14,07,121,21,,,,,
2013/07/14,08,151,32,,,,,
2013/07/14,09,198,32,,,,,
2013/07/14,10,217,44,,,,,
2013/07/14,11,232,53,,,,,
2013/07/14,12,225,46,,,,,
2013/07/14,13,239,47,,,,,
2013/07/14,14,234,48,,,,,
2013/07/14,15,227,56,,,,,
2013/07/14,16,212,44,,,,,
2013/07/14,17,219,45,,,,,
2013/07/14,18,201,41,,,,,
2013/07/14,19,191,30,,,,,
2013/07/14,20,187,20,,,,,
2013/07/14,21,183,23,,,,,
2013/07/14,22,104,11,,,,,
2013/07/14,23,83,7,,,,,
2013/07/14,24,79,1,,,,,
2013/07/15,01,73,1,,,,,
2013/07/15,02,68,1,,,,,
2013/07/15,03,68,1,,,,,
2013/07/15,04,70,1,,,,,
2013/07/15,05,75,1,,,,,
2013/07/15,06,97,9,,,,,
2013/07/15,07,120,17,,,,,
2013/07/15,08,142,31,,,,,
2013/07/15,09,183,26,,,,,
2013/07/15,10,180,27,,,,,
2013/07/15,11,178,28,,,,,
2013/07/15,12,173,27,,,,,
2013/07/15,13,173,26,,,,,
2013/07/15,14,185,29,,,,,
2013/07/15,15,199,34,,,,,
2013/07/15,16,185,39,,,,,
2013/07/15,17,197,42,,,,,
2013/07/15,18,178,26,,,,,
2013/07/15,19,175,21,,,,,
2013/07/15,20,180,17,,,,,
2013/07/15,21,173,16,,,,,
2013/07/15,22,95,6,,,,,
2013/07/15,23,76,1,,,,,
2013/07/15,24,74,1,,,,,
2013/07/16,01,70,1,,,,,
2013/07/16,02,66,1,,,,,
2013/07/16,03,64,1,,,,,
2013/07/16,04,68,1,,,,,
2013/07/16,05,73,1,,,,,
2013/07/16,06,102,11,,,,,
2013/07/16,07,119,18,,,,,
2013/07/16,08,143,25,,,,,
2013/07/16,09,196,29,,,,,
2013/07/16,10,210,40,,,,,
2013/07/16,11,220,47,,,,,
2013/07/16,12,211,51,,,,,
2013/07/16,13,220,46,,,,,
2013/07/16,14,230,49,,,,,
2013/07/16,15,231,56,,,,,
2013/07/16,16,216,52,,,,,
2013/07/16,17,221,43,,,,,
2013/07/16,18,208,44,,,,,
2013/07/16,19,206,42,,,,,
2013/07/16,20,203,36,,,,,
2013/07/16,21,187,27,,,,,
2013/07/16,22,112,19,,,,,
2013/07/16,23,82,7,,,,,
2013/07/16,24,79,1,,,,,
2013/07/17,01,72,1,,,,,
2013/07/17,02,68,1,,,,,
2013/07/17,03,67,1,,,,,
2013/07/17,04,72,1,,,,,
2013/07/17,05,73,1,,,,,
2013/07/17,06,87,2,,,,,
2013/07/17,07,107,14,,,,,
2013/07/17,08,140,23,,,,,
2013/07/17,09,191,32,,,,,
2013/07/17,10,206,43,,,,,
2013/07/17,11,218,50,,,,,
2013/07/17,12,218,57,,,,,
2013/07/17,13,222,47,,,,,
2013/07/17,14,230,51,,,,,
2013/07/17,15,224,43,,,,,
2013/07/17,16,207,37,,,,,
2013/07/17,17,215,36,,,,,
2013/07/17,18,208,43,,,,,
2013/07/17,19,201,40,,,,,
2013/07/17,20,189,25,,,,,
2013/07/17,21,173,22,,,,,
2013/07/17,22,87,3,,,,,
2013/07/17,23,74,2,,,,,
2013/07/17,24,76,1,,,,,
2013/07/18,01,71,1,,,,,
2013/07/18,02,69,1,,,,,
2013/07/18,03,68,1,,,,,
2013/07/18,04,69,1,,,,,
2013/07/18,05,74,1,,,,,
2013/07/18,06,99,9,,,,,
2013/07/18,07,123,23,,,,,
2013/07/18,08,144,31,,,,,
2013/07/18,09,188,31,,,,,
2013/07/18,10,191,32,,,,,
2013/07/18,11,208,38,,,,,
2013/07/18,12,211,47,,,,,
2013/07/18,13,224,47,,,,,
2013/07/18,14,230,46,,,,,
2013/07/18,15,223,41,,,,,
2013/07/18,16,206,44,,,,,
2013/07/18,17,211,40,,,,,
2013/07/18,18,197,36,,,,,
2013/07/18,19,184,23,,,,,
2013/07/18,20,189,20,,,,,
2013/07/18,21,174,18,,,,,
2013/07/18,22,96,13,,,,,
2013/07/18,23,71,2,,,,,
2013/07/18,24,77,1,,,,,
2013/07/19,01,68,1,,,,,
2013/07/19,02,66,1,,,,,
2013/07/19,03,66,1,,,,,
2013/07/19,04,68,1,,,,,
2013/07/19,05,71,1,,,,,
2013/07/19,06,82,2,,,,,
2013/07/19,07,114,17,,,,,
2013/07/19,08,144,26,,,,,
2013/07/19,09,192,29,,,,,
2013/07/19,10,204,40,,,,,
2013/07/19,11,216,44,,,,,
2013/07/19,12,210,49,,,,,
2013/07/19,13,220,47,,,,,
2013/07/19,14,231,46,,,,,
2013/07/19,15,229,46,,,,,
2013/07/19,16,202,38,,,,,
2013/07/19,17,210,35,,,,,
2013/07/19,18,188,24,,,,,
2013/07/19,19,179,21,,,,,
2013/07/19,20,178,18,,,,,
2013/07/19,21,168,12,,,,,
2013/07/19,22,88,3,,,,,
2013/07/19,23,72,1,,,,,
2013/07/19,24,74,1,,,,,
2013/07/20,01,66,1,,,,,
2013/07/20,02,65,1,,,,,
2013/07/20,03,65,1,,,,,
2013/07/20,04,79,8,,,,,
2013/07/20,05,83,9,,,,,
2013/07/20,06,92,10,,,,,
2013/07/20,07,114,16,,,,,
2013/07/20,08,144,25,,,,,
2013/07/20,09,198,32,,,,,
2013/07/20,10,215,44,,,,,
2013/07/20,11,231,53,,,,,
2013/07/20,12,223,48,,,,,
2013/07/20,13,227,42,,,,,
2013/07/20,14,232,41,,,,,
2013/07/20,15,233,48,,,,,
2013/07/20,16,219,53,,,,,
2013/07/20,17,211,45,,,,,
2013/07/20,18,180,35,,,,,
2013/07/20,19,184,30,,,,,
2013/07/20,20,188,25,,,,,
2013/07/20,21,177,20,,,,,
2013/07/20,22,94,8,,,,,
2013/07/20,23,76,2,,,,,
2013/07/20,24,76,1,,,,,
2013/07/21,01,71,1,,,,,
2013/07/21,02,69,1,,,,,
2013/07/21,03,66,1,,,,,
2013/07/21,04,75,3,,,,,
2013/07/21,05,87,11,,,,,
2013/07/21,06,105,15,,,,,
2013/07/21,07,124,24,,,,,
2013/07/21,08,162,43,,,,,
2013/07/21,09,212,44,,,,,
2013/07/21,10,226,58,,,,,
2013/07/21,11,236,68,,,,,
2013/07/21,12,224,70,,,,,
2013/07/21,13,234,72,,,,,
2013/07/21,14,242,74,,,,,
2013/07/21,15,244,76,,,,,
2013/07/21,16,222,69,,,,,
2013/07/21,17,224,59,,,,,
2013/07/21,18,208,52,,,,,
2013/07/21,19,194,40,,,,,
2013/07/21,20,198,32,,,,,
2013/07/21,21,183,24,,,,,
2013/07/21,22,92,3,,,,,
2013/07/21,23,74,2,,,,,
2013/07/21,24,79,1,,,,,
2013/07/22,01,77,1,,,,,
2013/07/22,02,73,1,,,,,
2013/07/22,03,71,1,,,,,
2013/07/22,04,88,11,,,,,
2013/07/22,05,86,14,,,,,
2013/07/22,06,103,17,,,,,
2013/07/22,07,124,27,,,,,
2013/07/22,08,156,38,,,,,
2013/07/22,09,215,40,,,,,
2013/07/22,10,220,56,,,,,
2013/07/22,11,236,66,,,,,
2013/07/22,12,244,71,,,,,
2013/07/22,13,236,72,,,,,
2013/07/22,14,237,71,,,,,
2013/07/22,15,238,73,,,,,
2013/07/22,16,204,62,,,,,
2013/07/22,17,205,50,,,,,
2013/07/22,18,205,47,,,,,
2013/07/22,19,188,34,,,,,
2013/07/22,20,196,28,,,,,
2013/07/22,21,177,22,,,,,
2013/07/22,22,98,8,,,,,
2013/07/22,23,76,1,,,,,
2013/07/22,24,79,1,,,,,
2013/07/23,01,71,1,,,,,
2013/07/23,02,73,1,,,,,
2013/07/23,03,70,1,,,,,
2013/07/23,04,72,1,,,,,
2013/07/23,05,77,1,,,,,
2013/07/23,06,102,12,,,,,
2013/07/23,07,131,26,,,,,
2013/07/23,08,161,36,,,,,
2013/07/23,09,220,45,,,,,
2013/07/23,10,241,66,,,,,
2013/07/23,11,240,62,,,,,
2013/07/23,12,225,60,,,,,
2013/07/23,13,234,63,,,,,
2013/07/23,14,238,64,,,,,
2013/07/23,15,237,70,,,,,
2013/07/23,16,216,59,,,,,
2013/07/23,17,220,51,,,,,
2013/07/23,18,209,54,,,,,
2013/07/23,19,212,55,,,,,
2013/07/23,20,200,38,,,,,
2013/07/23,21,190,30,,,,,
2013/07/23,22,113,20,,,,,
2013/07/23,23,86,7,,,,,
2013/07/23,24,81,1,,,,,
2013/07/24,01,75,1,,,,,
2013/07/24,02,72,1,,,,,
2013/07/24,03,71,1,,,,,
2013/07/24,04,74,1,,,,,
2013/07/24,05,77,1,,,,,
2013/07/24,06,90,3,,,,,
2013/07/24,07,120,19,,,,,
2013/07/24,08,161,37,,,,,
2013/07/24,09,207,42,,,,,
2013/07/24,10,221,55,,,,,
2013/07/24,11,236,61,,,,,
2013/07/24,12,227,66,,,,,
2013/07/24,13,242,70,,,,,
2013/07/24,14,247,75,,,,,
2013/07/24,15,235,71,,,,,
2013/07/24,16,217,70,,,,,
2013/07/24,17,224,62,,,,,
2013/07/24,18,208,56,,,,,
2013/07/24,19,199,45,,,,,
2013/07/24,20,199,35,,,,,
2013/07/24,21,187,30,,,,,
2013/07/24,22,98,4,,,,,
2013/07/24,23,78,1,,,,,
2013/07/24,24,77,1,,,,,
2013/07/25,01,75,1,,,,,
2013/07/25,02,78,1,,,,,
2013/07/25,03,74,1,,,,,
2013/07/25,04,86,8,,,,,
2013/07/25,05,91,10,,,,,
2013/07/25,06,117,21,,,,,
2013/07/25,07,129,26,,,,,
2013/07/25,08,155,42,,,,,
2013/07/25,09,216,41,,,,,
2013/07/25,10,231,61,,,,,
2013/07/25,11,237,64,,,,,
2013/07/25,12,231,66,,,,,
2013/07/25,13,238,71,,,,,
2013/07/25,14,251,77,,,,,
2013/07/25,15,243,77,,,,,
2013/07/25,16,225,69,,,,,
2013/07/25,17,231,61,,,,,
2013/07/25,18,209,51,,,,,
2013/07/25,19,203,46,,,,,
2013/07/25,20,200,37,,,,,
2013/07/25,21,186,30,,,,,
2013/07/25,22,107,21,,,,,
2013/07/25,23,82,7,,,,,
2013/07/25,24,77,1,,,,,
2013/07/26,01,71,1,,,,,
2013/07/26,02,71,1,,,,,
2013/07/26,03,69,1,,,,,
2013/07/26,04,71,1,,,,,
2013/07/26,05,74,1,,,,,
2013/07/26,06,83,4,,,,,
2013/07/26,07,113,16,,,,,
2013/07/26,08,154,35,,,,,
2013/07/26,09,205,41,,,,,
2013/07/26,10,229,66,,,,,
2013/07/26,11,236,67,,,,,
2013/07/26,12,228,65,,,,,
2013/07/26,13,231,63,,,,,
2013/07/26,14,233,59,,,,,
2013/07/26,15,241,68,,,,,
2013/07/26,16,213,63,,,,,
2013/07/26,17,201,47,,,,,
2013/07/26,18,180,34,,,,,
2013/07/26,19,183,31,,,,,
2013/07/26,20,189,26,,,,,
2013/07/26,21,176,20,,,,,
2013/07/26,22,91,4,,,,,
2013/07/26,23,73,1,,,,,
2013/07/26,24,77,1,,,,,
2013/07/27,01,70,1,,,,,
2013/07/27,02,66,1,,,,,
2013/07/27,03,68,1,,,,,
2013/07/27,04,70,1,,,,,
2013/07/27,05,73,1,,,,,
2013/07/27,06,102,10,,,,,
2013/07/27,07,118,21,,,,,
2013/07/27,08,143,30,,,,,
2013/07/27,09,187,28,,,,,
2013/07/27,10,189,32,,,,,
2013/07/27,11,193,32,,,,,
2013/07/27,12,202,42,,,,,
2013/07/27,13,217,60,,,,,
2013/07/27,14,228,64,,,,,
2013/07/27,15,217,57,,,,,
2013/07/27,16,212,66,,,,,
2013/07/27,17,223,66,,,,,
2013/07/27,18,194,41,,,,,
2013/07/27,19,191,37,,,,,
2013/07/27,20,187,27,,,,,
2013/07/27,21,178,24,,,,,
2013/07/27,22,93,10,,,,,
2013/07/27,23,72,1,,,,,
2013/07/27,24,72,1,,,,,
2013/07/28,01,70,1,,,,,
2013/07/28,02,65,1,,,,,
2013/07/28,03,71,1,,,,,
2013/07/28,04,71,1,,,,,
2013/07/28,05,68,1,,,,,
2013/07/28,06,85,5,,,,,
2013/07/28,07,111,18,,,,,
2013/07/28,08,143,30,,,,,
2013/07/28,09,197,33,,,,,
2013/07/28,10,204,44,,,,,
2013/07/28,11,204,44,,,,,
2013/07/28,12,197,42,,,,,
2013/07/28,13,207,54,,,,,
2013/07/28,14,210,49,,,,,
2013/07/28,15,204,49,,,,,
2013/07/28,16,193,44,,,,,
2013/07/28,17,190,34,,,,,
2013/07/28,18,173,25,,,,,
2013/07/28,19,172,22,,,,,
2013/07/28,20,177,20,,,,,
2013/07/28,21,168,18,,,,,
2013/07/28,22,92,6,,,,,
2013/07/28,23,73,1,,,,,
2013/07/28,24,75,1,,,,,
2013/07/29,01,69,1,,,,,
2013/07/29,02,68,1,,,,,
2013/07/29,03,67,1,,,,,
2013/07/29,04,70,1,,,,,
2013/07/29,05,75,1,,,,,
2013/07/29,06,81,3,,,,,
2013/07/29,07,115,17,,,,,
2013/07/29,08,147,30,,,,,
2013/07/29,09,186,27,,,,,
2013/07/29,10,186,32,,,,,
2013/07/29,11,196,34,,,,,
2013/07/29,12,196,41,,,,,
2013/07/29,13,201,41,,,,,
2013/07/29,14,208,45,,,,,
2013/07/29,15,210,51,,,,,
2013/07/29,16,200,51,,,,,
2013/07/29,17,204,43,,,,,
2013/07/29,18,193,40,,,,,
2013/07/29,19,191,36,,,,,
2013/07/29,20,196,30,,,,,
2013/07/29,21,187,28,,,,,
2013/07/29,22,114,25,,,,,
2013/07/29,23,84,10,,,,,
2013/07/29,24,78,1,,,,,
2013/07/30,01,72,1,,,,,
2013/07/30,02,71,1,,,,,
2013/07/30,03,71,1,,,,,
2013/07/30,04,73,1,,,,,
2013/07/30,05,75,2,,,,,
2013/07/30,06,102,13,,,,,
2013/07/30,07,135,28,,,,,
2013/07/30,08,159,42,,,,,
2013/07/30,09,217,43,,,,,
2013/07/30,10,227,56,,,,,
2013/07/30,11,233,63,,,,,
2013/07/30,12,221,58,,,,,
2013/07/30,13,234,62,,,,,
2013/07/30,14,244,66,,,,,
2013/07/30,15,240,64,,,,,
2013/07/30,16,216,58,,,,,
2013/07/30,17,224,52,,,,,
2013/07/30,18,214,51,,,,,
2013/07/30,19,212,48,,,,,
2013/07/30,20,209,42,,,,,
2013/07/30,21,192,30,,,,,
2013/07/30,22,117,23,,,,,
2013/07/30,23,82,7,,,,,
2013/07/30,24,80,2,,,,,
2013/07/31,01,74,2,,,,,
2013/07/31,02,70,2,,,,,
2013/07/31,03,70,1,,,,,
2013/07/31,04,71,1,,,,,
2013/07/31,05,79,1,,,,,
2013/07/31,06,86,3,,,,,
2013/07/31,07,117,17,,,,,
2013/07/31,08,154,32,,,,,
2013/07/31,09,203,39,,,,,
2013/07/31,10,223,58,,,,,
2013/07/31,11,244,76,,,,,
2013/07/31,12,235,78,,,,,
2013/07/31,13,247,85,,,,,
2013/07/31,14,217,64,,,,,
2013/07/31,15,200,49,,,,,
2013/07/31,16,194,51,,,,,
2013/07/31,17,204,47,,,,,
2013/07/31,18,184,32,,,,,
2013/07/31,19,183,25,,,,,
2013/07/31,20,183,22,,,,,
2013/07/31,21,178,18,,,,,
2013/07/31,22,92,2,,,,,
2013/07/31,23,73,1,,,,,
2013/07/31,24,78,1,,,,,
2013/08/01,01,69,1,,,,,
2013/08/01,02,68,1,,,,,
2013/08/01,03,69,1,,,,,
2013/08/01,04,69,1,,,,,
2013/08/01,05,73,1,,,,,
2013/08/01,06,98,9,,,,,
2013/08/01,07,130,22,,,,,
2013/08/01,08,152,29,,,,,
2013/08/01,09,188,29,,,,,
2013/08/01,10,205,40,,,,,
2013/08/01,11,217,48,,,,,
2013/08/01,12,213,57,,,,,
2013/08/01,13,230,61,,,,,
2013/08/01,14,240,73,,,,,
2013/08/01,15,232,65,,,,,
2013/08/01,16,217,66,,,,,
2013/08/01,17,224,60,,,,,
2013/08/01,18,211,60,,,,,
2013/08/01,19,209,53,,,,,
2013/08/01,20,201,38,,,,,
2013/08/01,21,184,28,,,,,
2013/08/01,22,110,23,,,,,
2013/08/01,23,82,9,,,,,
2013/08/01,24,78,1,,,,,
2013/08/02,01,72,1,,,,,
2013/08/02,02,67,1,,,,,
2013/08/02,03,68,1,,,,,
2013/08/02,04,71,1,,,,,
2013/08/02,05,75,1,,,,,
2013/08/02,06,84,3,,,,,
2013/08/02,07,124,21,,,,,
2013/08/02,08,160,34,,,,,
2013/08/02,09,209,35,,,,,
2013/08/02,10,224,51,,,,,
2013/08/02,11,235,50,,,,,
2013/08/02,12,220,55,,,,,
2013/08/02,13,231,56,,,,,
2013/08/02,14,243,64,,,,,
2013/08/02,15,229,58,,,,,
2013/08/02,16,218,59,,,,,
2013/08/02,17,221,51,,,,,
2013/08/02,18,194,34,,,,,
2013/08/02,19,185,25,,,,,
2013/08/02,20,185,21,,,,,
2013/08/02,21,178,19,,,,,
2013/08/02,22,103,11,,,,,
2013/08/02,23,77,2,,,,,
2013/08/02,24,77,1,,,,,
2013/08/03,01,69,1,,,,,
2013/08/03,02,64,1,,,,,
2013/08/03,03,65,1,,,,,
2013/08/03,04,70,1,,,,,
2013/08/03,05,72,2,,,,,
2013/08/03,06,100,13,,,,,
2013/08/03,07,125,18,,,,,
2013/08/03,08,146,31,,,,,
2013/08/03,09,197,30,,,,,
2013/08/03,10,209,40,,,,,
2013/08/03,11,220,46,,,,,
2013/08/03,12,213,53,,,,,
2013/08/03,13,234,60,,,,,
2013/08/03,14,241,63,,,,,
2013/08/03,15,241,66,,,,,
2013/08/03,16,220,59,,,,,
2013/08/03,17,226,62,,,,,
2013/08/03,18,212,55,,,,,
2013/08/03,19,200,36,,,,,
2013/08/03,20,205,33,,,,,
2013/08/03,21,187,26,,,,,
2013/08/03,22,114,17,,,,,
2013/08/03,23,82,2,,,,,
2013/08/03,24,82,1,,,,,
2013/08/04,01,73,1,,,,,
2013/08/04,02,70,1,,,,,
2013/08/04,03,70,1,,,,,
2013/08/04,04,72,1,,,,,
2013/08/04,05,75,1,,,,,
2013/08/04,06,88,4,,,,,
2013/08/04,07,125,21,,,,,
2013/08/04,08,161,31,,,,,
2013/08/04,09,211,39,,,,,
2013/08/04,10,227,56,,,,,
2013/08/04,11,204,46,,,,,
2013/08/04,12,202,48,,,,,
2013/08/04,13,226,60,,,,,
2013/08/04,14,202,45,,,,,
2013/08/04,15,193,34,,,,,
2013/08/04,16,192,35,,,,,
2013/08/04,17,196,30,,,,,
2013/08/04,18,189,28,,,,,
2013/08/04,19,184,26,,,,,
2013/08/04,20,190,24,,,,,
2013/08/04,21,182,22,,,,,
2013/08/04,22,105,16,,,,,
2013/08/04,23,81,6,,,,,
2013/08/04,24,77,1,,,,,
2013/08/05,01,71,1,,,,,
2013/08/05,02,66,1,,,,,
2013/08/05,03,68,1,,,,,
2013/08/05,04,71,1,,,,,
2013/08/05,05,74,1,,,,,
2013/08/05,06,86,3,,,,,
2013/08/05,07,105,9,,,,,
2013/08/05,08,141,16,,,,,
2013/08/05,09,195,26,,,,,
2013/08/05,10,201,36,,,,,
2013/08/05,11,209,38,,,,,
2013/08/05,12,215,46,,,,,
2013/08/05,13,224,54,,,,,
2013/08/05,14,230,54,,,,,
2013/08/05,15,228,59,,,,,
2013/08/05,16,167,44,,,,,
2013/08/05,17,175,30,,,,,
2013/08/05,18,164,28,,,,,
2013/08/05,19,179,30,,,,,
2013/08/05,20,178,26,,,,,
2013/08/05,21,168,19,,,,,
2013/08/05,22,100,7,,,,,
2013/08/05,23,72,2,,,,,
2013/08/05,24,73,1,,,,,
2013/08/06,01,70,2,,,,,
2013/08/06,02,67,1,,,,,
2013/08/06,03,65,1,,,,,
2013/08/06,04,67,1,,,,,
2013/08/06,05,65,1,,,,,
2013/08/06,06,90,9,,,,,
2013/08/06,07,129,13,,,,,
2013/08/06,08,137,23,,,,,
2013/08/06,09,194,24,,,,,
2013/08/06,10,225,45,,,,,
2013/08/06,11,242,63,,,,,
2013/08/06,12,221,57,,,,,
2013/08/06,13,249,67,,,,,
2013/08/06,14,236,67,,,,,
2013/08/06,15,242,67,,,,,
2013/08/06,16,212,61,,,,,
2013/08/06,17,222,60,,,,,
2013/08/06,18,205,49,,,,,
2013/08/06,19,196,37,,,,,
2013/08/06,20,200,31,,,,,
2013/08/06,21,186,24,,,,,
2013/08/06,22,111,9,,,,,
2013/08/06,23,74,2,,,,,
2013/08/06,24,76,1,,,,,
2013/08/07,01,68,1,,,,,
2013/08/07,02,71,1,,,,,
2013/08/07,03,65,1,,,,,
2013/08/07,04,74,1,,,,,
2013/08/07,05,76,1,,,,,
2013/08/07,06,85,3,,,,,
2013/08/07,07,117,17,,,,,
2013/08/07,08,149,30,,,,,
2013/08/07,09,207,36,,,,,
2013/08/07,10,229,52,,,,,
2013/08/07,11,245,59,,,,,
2013/08/07,12,236,67,,,,,
2013/08/07,13,243,71,,,,,
2013/08/07,14,246,70,,,,,
2013/08/07,15,238,69,,,,,
2013/08/07,16,231,73,,,,,
2013/08/07,17,225,63,,,,,
2013/08/07,18,201,47,,,,,
2013/08/07,19,201,32,,,,,
2013/08/07,20,191,26,,,,,
2013/08/07,21,184,26,,,,,
2013/08/07,22,123,22,,,,,
2013/08/07,23,83,8,,,,,
2013/08/07,24,78,2,,,,,
2013/08/08,01,74,1,,,,,
2013/08/08,02,71,1,,,,,
2013/08/08,03,69,1,,,,,
2013/08/08,04,71,1,,,,,
2013/08/08,05,77,1,,,,,
2013/08/08,06,89,5,,,,,
2013/08/08,07,131,20,,,,,
2013/08/08,08,152,30,,,,,
2013/08/08,09,204,37,,,,,
2013/08/08,10,230,58,,,,,
2013/08/08,11,242,62,,,,,
2013/08/08,12,232,62,,,,,
2013/08/08,13,251,68,,,,,
2013/08/08,14,250,79,,,,,
2013/08/08,15,239,67,,,,,
2013/08/08,16,205,60,,,,,
2013/08/08,17,218,57,,,,,
2013/08/08,18,200,48,,,,,
2013/08/08,19,193,36,,,,,
2013/08/08,20,193,28,,,,,
2013/08/08,21,185,25,,,,,
2013/08/08,22,115,21,,,,,
2013/08/08,23,77,2,,,,,
2013/08/08,24,77,1,,,,,
2013/08/09,01,73,1,,,,,
2013/08/09,02,73,1,,,,,
2013/08/09,03,69,1,,,,,
2013/08/09,04,72,1,,,,,
2013/08/09,05,76,1,,,,,
2013/08/09,06,89,4,,,,,
2013/08/09,07,117,19,,,,,
2013/08/09,08,160,32,,,,,
2013/08/09,09,209,37,,,,,
2013/08/09,10,231,53,,,,,
2013/08/09,11,243,59,,,,,
2013/08/09,12,235,64,,,,,
2013/08/09,13,247,68,,,,,
2013/08/09,14,255,66,,,,,
2013/08/09,15,252,69,,,,,
2013/08/09,16,235,75,,,,,
2013/08/09,17,242,66,,,,,
2013/08/09,18,224,54,,,,,
2013/08/09,19,221,48,,,,,
2013/08/09,20,221,52,,,,,
2013/08/09,21,210,48,,,,,
2013/08/09,22,135,33,,,,,
2013/08/09,23,95,17,,,,,
2013/08/09,24,87,2,,,,,
2013/08/10,01,79,2,,,,,
2013/08/10,02,74,2,,,,,
2013/08/10,03,70,1,,,,,
2013/08/10,04,75,1,,,,,
2013/08/10,05,77,1,,,,,
2013/08/10,06,93,5,,,,,
2013/08/10,07,129,23,,,,,
2013/08/10,08,158,41,,,,,
2013/08/10,09,225,46,,,,,
2013/08/10,10,238,57,,,,,
2013/08/10,11,250,66,,,,,
2013/08/10,12,242,70,,,,,
2013/08/10,13,257,66,,,,,
2013/08/10,14,264,66,,,,,
2013/08/10,15,260,79,,,,,
2013/08/10,16,223,60,,,,,
2013/08/10,17,237,69,,,,,
2013/08/10,18,214,61,,,,,
2013/08/10,19,209,45,,,,,
2013/08/10,20,203,39,,,,,
2013/08/10,21,191,33,,,,,
2013/08/10,22,122,27,,,,,
2013/08/10,23,98,21,,,,,
2013/08/10,24,80,3,,,,,
2013/08/11,01,80,1,,,,,
2013/08/11,02,71,1,,,,,
2013/08/11,03,72,1,,,,,
2013/08/11,04,75,1,,,,,
2013/08/11,05,80,3,,,,,
2013/08/11,06,113,16,,,,,
2013/08/11,07,132,25,,,,,
2013/08/11,08,160,41,,,,,
2013/08/11,09,225,50,,,,,
2013/08/11,10,243,55,,,,,
2013/08/11,11,251,58,,,,,
2013/08/11,12,243,65,,,,,
2013/08/11,13,261,61,,,,,
2013/08/11,14,261,57,,,,,
2013/08/11,15,263,58,,,,,
2013/08/11,16,246,67,,,,,
2013/08/11,17,253,65,,,,,
2013/08/11,18,236,66,,,,,
2013/08/11,19,227,65,,,,,
2013/08/11,20,220,55,,,,,
2013/08/11,21,211,44,,,,,
2013/08/11,22,117,16,,,,,
2013/08/11,23,82,4,,,,,
2013/08/11,24,82,2,,,,,
2013/08/12,01,80,2,,,,,
2013/08/12,02,73,1,,,,,
2013/08/12,03,71,1,,,,,
2013/08/12,04,70,1,,,,,
2013/08/12,05,81,1,,,,,
2013/08/12,06,106,11,,,,,
2013/08/12,07,131,28,,,,,
2013/08/12,08,157,37,,,,,
2013/08/12,09,222,42,,,,,
2013/08/12,10,242,53,,,,,
2013/08/12,11,246,58,,,,,
2013/08/12,12,224,61,,,,,
2013/08/12,13,249,65,,,,,
2013/08/12,14,259,62,,,,,
2013/08/12,15,249,61,,,,,
2013/08/12,16,229,62,,,,,
2013/08/12,17,233,54,,,,,
2013/08/12,18,209,46,,,,,
2013/08/12,19,196,32,,,,,
2013/08/12,20,190,27,,,,,
2013/08/12,21,175,21,,,,,
2013/08/12,22,105,12,,,,,
2013/08/12,23,80,3,,,,,
2013/08/12,24,76,2,,,,,
2013/08/13,01,71,1,,,,,
2013/08/13,02,66,1,,,,,
2013/08/13,03,66,1,,,,,
2013/08/13,04,72,3,,,,,
2013/08/13,05,90,10,,,,,
2013/08/13,06,101,14,,,,,
2013/08/13,07,123,19,,,,,
2013/08/13,08,147,28,,,,,
2013/08/13,09,205,33,,,,,
2013/08/13,10,238,53,,,,,
2013/08/13,11,251,59,,,,,
2013/08/13,12,238,57,,,,,
2013/08/13,13,254,66,,,,,
2013/08/13,14,256,64,,,,,
2013/08/13,15,263,73,,,,,
2013/08/13,16,231,62,,,,,
2013/08/13,17,243,62,,,,,
2013/08/13,18,227,62,,,,,
2013/08/13,19,217,53,,,,,
2013/08/13,20,204,39,,,,,
2013/08/13,21,197,30,,,,,
2013/08/13,22,110,11,,,,,
2013/08/13,23,79,1,,,,,
2013/08/13,24,77,1,,,,,
2013/08/14,01,77,1,,,,,
2013/08/14,02,71,1,,,,,
2013/08/14,03,70,1,,,,,
2013/08/14,04,76,2,,,,,
2013/08/14,05,101,10,,,,,
2013/08/14,06,107,15,,,,,
2013/08/14,07,124,24,,,,,
2013/08/14,08,145,33,,,,,
2013/08/14,09,208,35,,,,,
2013/08/14,10,233,53,,,,,
2013/08/14,11,247,61,,,,,
2013/08/14,12,235,67,,,,,
2013/08/14,13,249,70,,,,,
2013/08/14,14,259,68,,,,,
2013/08/14,15,247,72,,,,,
2013/08/14,16,230,69,,,,,
2013/08/14,17,228,52,,,,,
2013/08/14,18,199,42,,,,,
2013/08/14,19,205,47,,,,,
2013/08/14,20,202,38,,,,,
2013/08/14,21,197,31,,,,,
2013/08/14,22,122,23,,,,,
2013/08/14,23,85,8,,,,,
2013/08/14,24,82,1,,,,,
2013/08/15,01,76,1,,,,,
2013/08/15,02,74,1,,,,,
2013/08/15,03,69,1,,,,,
2013/08/15,04,74,3,,,,,
2013/08/15,05,99,11,,,,,
2013/08/15,06,116,17,,,,,
2013/08/15,07,128,23,,,,,
2013/08/15,08,148,33,,,,,
2013/08/15,09,212,40,,,,,
2013/08/15,10,238,56,,,,,
2013/08/15,11,252,64,,,,,
2013/08/15,12,233,67,,,,,
2013/08/15,13,246,64,,,,,
2013/08/15,14,253,70,,,,,
2013/08/15,15,250,66,,,,,
2013/08/15,16,233,64,,,,,
2013/08/15,17,250,69,,,,,
2013/08/15,18,215,57,,,,,
2013/08/15,19,223,53,,,,,
2013/08/15,20,209,39,,,,,
2013/08/15,21,207,40,,,,,
2013/08/15,22,118,22,,,,,
2013/08/15,23,88,7,,,,,
2013/08/15,24,80,1,,,,,
2013/08/16,01,77,1,,,,,
2013/08/16,02,73,1,,,,,
2013/08/16,03,71,1,,,,,
2013/08/16,04,72,1,,,,,
2013/08/16,05,76,1,,,,,
2013/08/16,06,104,9,,,,,
2013/08/16,07,129,25,,,,,
2013/08/16,08,158,39,,,,,
2013/08/16,09,210,39,,,,,
2013/08/16,10,227,55,,,,,
2013/08/16,11,240,56,,,,,
2013/08/16,12,226,62,,,,,
2013/08/16,13,237,61,,,,,
2013/08/16,14,254,66,,,,,
2013/08/16,15,244,66,,,,,
2013/08/16,16,235,70,,,,,
2013/08/16,17,231,65,,,,,
2013/08/16,18,216,52,,,,,
2013/08/16,19,200,36,,,,,
2013/08/16,20,197,29,,,,,
2013/08/16,21,193,23,,,,,
2013/08/16,22,116,19,,,,,
2013/08/16,23,82,8,,,,,
2013/08/16,24,78,1,,,,,
2013/08/17,01,77,1,,,,,
2013/08/17,02,69,1,,,,,
2013/08/17,03,70,1,,,,,
2013/08/17,04,70,1,,,,,
2013/08/17,05,75,1,,,,,
2013/08/17,06,106,9,,,,,
2013/08/17,07,124,21,,,,,
2013/08/17,08,153,33,,,,,
2013/08/17,09,216,41,,,,,
2013/08/17,10,239,55,,,,,
2013/08/17,11,242,61,,,,,
2013/08/17,12,225,61,,,,,
2013/08/17,13,232,62,,,,,
2013/08/17,14,244,64,,,,,
2013/08/17,15,240,63,,,,,
2013/08/17,16,219,62,,,,,
2013/08/17,17,224,55,,,,,
2013/08/17,18,204,45,,,,,
2013/08/17,19,198,36,,,,,
2013/08/17,20,193,19,,,,,
2013/08/17,21,181,18,,,,,
2013/08/17,22,114,21,,,,,
2013/08/17,23,84,7,,,,,
2013/08/17,24,78,1,,,,,
2013/08/18,01,78,1,,,,,
2013/08/18,02,69,1,,,,,
2013/08/18,03,74,1,,,,,
2013/08/18,04,73,1,,,,,
2013/08/18,05,68,1,,,,,
2013/08/18,06,104,13,,,,,
2013/08/18,07,127,24,,,,,
2013/08/18,08,156,37,,,,,
2013/08/18,09,211,36,,,,,
2013/08/18,10,236,58,,,,,
2013/08/18,11,232,50,,,,,
2013/08/18,12,229,55,,,,,
2013/08/18,13,243,57,,,,,
2013/08/18,14,241,61,,,,,
2013/08/18,15,245,63,,,,,
2013/08/18,16,228,63,,,,,
2013/08/18,17,239,61,,,,,
2013/08/18,18,206,49,,,,,
2013/08/18,19,211,43,,,,,
2013/08/18,20,205,35,,,,,
2013/08/18,21,194,23,,,,,
2013/08/18,22,101,6,,,,,
2013/08/18,23,76,1,,,,,
2013/08/18,24,79,1,,,,,
2013/08/19,01,75,1,,,,,
2013/08/19,02,70,1,,,,,
2013/08/19,03,67,1,,,,,
2013/08/19,04,70,1,,,,,
2013/08/19,05,79,1,,,,,
2013/08/19,06,90,6,,,,,
2013/08/19,07,125,23,,,,,
2013/08/19,08,163,39,,,,,
2013/08/19,09,211,38,,,,,
2013/08/19,10,229,47,,,,,
2013/08/19,11,241,52,,,,,
2013/08/19,12,224,57,,,,,
2013/08/19,13,232,58,,,,,
2013/08/19,14,246,58,,,,,
2013/08/19,15,240,59,,,,,
2013/08/19,16,225,52,,,,,
2013/08/19,17,227,50,,,,,
2013/08/19,18,207,41,,,,,
2013/08/19,19,207,32,,,,,
2013/08/19,20,197,31,,,,,
2013/08/19,21,189,22,,,,,
2013/08/19,22,115,19,,,,,
2013/08/19,23,79,5,,,,,
2013/08/19,24,80,1,,,,,
2013/08/20,01,77,1,,,,,
2013/08/20,02,72,1,,,,,
2013/08/20,03,68,1,,,,,
2013/08/20,04,72,1,,,,,
2013/08/20,05,76,1,,,,,
2013/08/20,06,101,11,,,,,
2013/08/20,07,127,17,,,,,
2013/08/20,08,149,32,,,,,
2013/08/20,09,226,42,,,,,
2013/08/20,10,244,57,,,,,
2013/08/20,11,250,60,,,,,
2013/08/20,12,238,67,,,,,
2013/08/20,13,242,65,,,,,
2013/08/20,14,250,68,,,,,
2013/08/20,15,256,68,,,,,
2013/08/20,16,228,68,,,,,
2013/08/20,17,240,59,,,,,
2013/08/20,18,216,52,,,,,
2013/08/20,19,216,49,,,,,
2013/08/20,20,199,30,,,,,
2013/08/20,21,188,24,,,,,
2013/08/20,22,109,18,,,,,
2013/08/20,23,78,6,,,,,
2013/08/20,24,70,1,,,,,
2013/08/21,01,71,1,,,,,
2013/08/21,02,65,1,,,,,
2013/08/21,03,62,1,,,,,
2013/08/21,04,65,1,,,,,
2013/08/21,05,70,0,,,,,
2013/08/21,06,90,3,,,,,
2013/08/21,07,117,14,,,,,
2013/08/21,08,161,40,,,,,
2013/08/21,09,219,42,,,,,
2013/08/21,10,240,58,,,,,
2013/08/21,11,245,64,,,,,
2013/08/21,12,233,68,,,,,
2013/08/21,13,243,70,,,,,
2013/08/21,14,265,73,,,,,
2013/08/21,15,252,76,,,,,
2013/08/21,16,222,69,,,,,
2013/08/21,17,222,59,,,,,
2013/08/21,18,214,54,,,,,
2013/08/21,19,206,45,,,,,
2013/08/21,20,193,22,,,,,
2013/08/21,21,186,26,,,,,
2013/08/21,22,98,5,,,,,
2013/08/21,23,73,1,,,,,
2013/08/21,24,77,1,,,,,
2013/08/22,01,72,1,,,,,
2013/08/22,02,67,1,,,,,
2013/08/22,03,70,1,,,,,
2013/08/22,04,69,1,,,,,
2013/08/22,05,75,1,,,,,
2013/08/22,06,85,4,,,,,
2013/08/22,07,124,19,,,,,
2013/08/22,08,163,37,,,,,
2013/08/22,09,210,39,,,,,
2013/08/22,10,238,52,,,,,
2013/08/22,11,242,58,,,,,
2013/08/22,12,227,60,,,,,
2013/08/22,13,239,61,,,,,
2013/08/22,14,251,67,,,,,
2013/08/22,15,236,66,,,,,
2013/08/22,16,214,55,,,,,
2013/08/22,17,208,49,,,,,
2013/08/22,18,185,32,,,,,
2013/08/22,19,187,26,,,,,
2013/08/22,20,180,14,,,,,
2013/08/22,21,179,17,,,,,
2013/08/22,22,105,8,,,,,
2013/08/22,23,75,2,,,,,
2013/08/22,24,76,1,,,,,
2013/08/23,01,71,1,,,,,
2013/08/23,02,66,1,,,,,
2013/08/23,03,66,1,,,,,
2013/08/23,04,70,1,,,,,
2013/08/23,05,75,1,,,,,
2013/08/23,06,86,4,,,,,
2013/08/23,07,113,16,,,,,
2013/08/23,08,143,26,,,,,
2013/08/23,09,209,30,,,,,
2013/08/23,10,220,40,,,,,
2013/08/23,11,228,56,,,,,
2013/08/23,12,223,63,,,,,
2013/08/23,13,233,63,,,,,
2013/08/23,14,228,60,,,,,
2013/08/23,15,225,58,,,,,
2013/08/23,16,196,45,,,,,
2013/08/23,17,199,37,,,,,
2013/08/23,18,190,33,,,,,
2013/08/23,19,184,25,,,,,
2013/08/23,20,181,20,,,,,
2013/08/23,21,174,15,,,,,
2013/08/23,22,103,9,,,,,
2013/08/23,23,73,1,,,,,
2013/08/23,24,74,1,,,,,
2013/08/24,01,71,1,,,,,
2013/08/24,02,68,1,,,,,
2013/08/24,03,66,1,,,,,
2013/08/24,04,70,1,,,,,
2013/08/24,05,73,1,,,,,
2013/08/24,06,101,11,,,,,
2013/08/24,07,110,16,,,,,
2013/08/24,08,136,27,,,,,
2013/08/24,09,180,23,,,,,
2013/08/24,10,185,28,,,,,
2013/08/24,11,181,25,,,,,
2013/08/24,12,178,27,,,,,
2013/08/24,13,179,29,,,,,
2013/08/24,14,188,31,,,,,
2013/08/24,15,183,29,,,,,
2013/08/24,16,173,28,,,,,
2013/08/24,17,182,27,,,,,
2013/08/24,18,173,22,,,,,
2013/08/24,19,171,20,,,,,
2013/08/24,20,170,17,,,,,
2013/08/24,21,172,17,,,,,
2013/08/24,22,95,9,,,,,
2013/08/24,23,69,1,,,,,
2013/08/24,24,69,1,,,,,
2013/08/25,01,68,1,,,,,
2013/08/25,02,65,1,,,,,
2013/08/25,03,65,1,,,,,
2013/08/25,04,67,1,,,,,
2013/08/25,05,72,1,,,,,
2013/08/25,06,95,9,,,,,
2013/08/25,07,117,16,,,,,
2013/08/25,08,141,30,,,,,
2013/08/25,09,183,23,,,,,
2013/08/25,10,200,30,,,,,
2013/08/25,11,199,32,,,,,
2013/08/25,12,185,31,,,,,
2013/08/25,13,200,34,,,,,
2013/08/25,14,208,40,,,,,
2013/08/25,15,207,37,,,,,
2013/08/25,16,187,34,,,,,
2013/08/25,17,191,27,,,,,
2013/08/25,18,174,21,,,,,
2013/08/25,19,172,16,,,,,
2013/08/25,20,171,16,,,,,
2013/08/25,21,162,11,,,,,
2013/08/25,22,97,8,,,,,
2013/08/25,23,70,3,,,,,
2013/08/25,24,68,1,,,,,
2013/08/26,01,64,1,,,,,
2013/08/26,02,64,1,,,,,
2013/08/26,03,62,1,,,,,
2013/08/26,04,62,1,,,,,
2013/08/26,05,70,1,,,,,
2013/08/26,06,80,5,,,,,
2013/08/26,07,107,11,,,,,
2013/08/26,08,131,16,,,,,
2013/08/26,09,174,15,,,,,
2013/08/26,10,183,20,,,,,
2013/08/26,11,197,32,,,,,
2013/08/26,12,193,33,,,,,
2013/08/26,13,206,43,,,,,
2013/08/26,14,206,41,,,,,
2013/08/26,15,202,40,,,,,
2013/08/26,16,186,32,,,,,
2013/08/26,17,185,26,,,,,
2013/08/26,18,174,21,,,,,
2013/08/26,19,175,19,,,,,
2013/08/26,20,170,15,,,,,
2013/08/26,21,166,10,,,,,
2013/08/26,22,102,8,,,,,
2013/08/26,23,71,1,,,,,
2013/08/26,24,71,1,,,,,
2013/08/27,01,64,1,,,,,
2013/08/27,02,62,1,,,,,
2013/08/27,03,63,1,,,,,
2013/08/27,04,65,1,,,,,
2013/08/27,05,68,1,,,,,
2013/08/27,06,98,11,,,,,
2013/08/27,07,109,12,,,,,
2013/08/27,08,134,19,,,,,
2013/08/27,09,194,24,,,,,
2013/08/27,10,207,29,,,,,
2013/08/27,11,211,35,,,,,
2013/08/27,12,203,40,,,,,
2013/08/27,13,222,45,,,,,
2013/08/27,14,226,46,,,,,
2013/08/27,15,221,47,,,,,
2013/08/27,16,197,41,,,,,
2013/08/27,17,198,34,,,,,
2013/08/27,18,179,28,,,,,
2013/08/27,19,172,19,,,,,
2013/08/27,20,166,14,,,,,
2013/08/27,21,166,12,,,,,
2013/08/27,22,93,9,,,,,
2013/08/27,23,71,1,,,,,
2013/08/27,24,71,1,,,,,
2013/08/28,01,65,1,,,,,
2013/08/28,02,65,1,,,,,
2013/08/28,03,62,1,,,,,
2013/08/28,04,64,1,,,,,
2013/08/28,05,70,1,,,,,
2013/08/28,06,78,4,,,,,
2013/08/28,07,107,10,,,,,
2013/08/28,08,119,14,,,,,
2013/08/28,09,176,15,,,,,
2013/08/28,10,187,22,,,,,
2013/08/28,11,203,30,,,,,
2013/08/28,12,192,33,,,,,
2013/08/28,13,193,31,,,,,
2013/08/28,14,198,31,,,,,
2013/08/28,15,192,33,,,,,
2013/08/28,16,184,34,,,,,
2013/08/28,17,189,31,,,,,
2013/08/28,18,169,18,,,,,
2013/08/28,19,171,13,,,,,
2013/08/28,20,169,11,,,,,
2013/08/28,21,162,10,,,,,
2013/08/28,22,98,7,,,,,
2013/08/28,23,72,1,,,,,
2013/08/28,24,74,1,,,,,
2013/08/29,01,69,1,,,,,
2013/08/29,02,67,1,,,,,
2013/08/29,03,65,1,,,,,
2013/08/29,04,67,1,,,,,
2013/08/29,05,70,1,,,,,
2013/08/29,06,82,5,,,,,
2013/08/29,07,109,11,,,,,
2013/08/29,08,127,15,,,,,
2013/08/29,09,170,15,,,,,
2013/08/29,10,183,20,,,,,
2013/08/29,11,191,24,,,,,
2013/08/29,12,184,26,,,,,
2013/08/29,13,196,29,,,,,
2013/08/29,14,209,32,,,,,
2013/08/29,15,196,35,,,,,
2013/08/29,16,186,28,,,,,
2013/08/29,17,203,28,,,,,
2013/08/29,18,181,21,,,,,
2013/08/29,19,178,12,,,,,
2013/08/29,20,179,12,,,,,
2013/08/29,21,170,11,,,,,
2013/08/29,22,99,8,,,,,
2013/08/29,23,70,1,,,,,
2013/08/29,24,72,1,,,,,
2013/08/30,01,68,1,,,,,
2013/08/30,02,65,1,,,,,
2013/08/30,03,68,1,,,,,
2013/08/30,04,68,1,,,,,
2013/08/30,05,75,1,,,,,
2013/08/30,06,89,5,,,,,
2013/08/30,07,112,11,,,,,
2013/08/30,08,146,23,,,,,
2013/08/30,09,204,24,,,,,
2013/08/30,10,202,27,,,,,
2013/08/30,11,202,31,,,,,
2013/08/30,12,195,32,,,,,
2013/08/30,13,199,31,,,,,
2013/08/30,14,193,24,,,,,
2013/08/30,15,191,24,,,,,
2013/08/30,16,174,21,,,,,
2013/08/30,17,180,20,,,,,
2013/08/30,18,168,15,,,,,
2013/08/30,19,164,12,,,,,
2013/08/30,20,165,10,,,,,
2013/08/30,21,158,9,,,,,
2013/08/30,22,84,3,,,,,
2013/08/30,23,67,1,,,,,
2013/08/30,24,71,1,,,,,
2013/08/31,01,68,1,,,,,
2013/08/31,02,63,1,,,,,
2013/08/31,03,64,1,,,,,
2013/08/31,04,68,1,,,,,
2013/08/31,05,72,1,,,,,
2013/08/31,06,95,8,,,,,
2013/08/31,07,113,11,,,,,
2013/08/31,08,138,18,,,,,
2013/08/31,09,179,16,,,,,
2013/08/31,10,199,23,,,,,
2013/08/31,11,212,35,,,,,
2013/08/31,12,199,34,,,,,
2013/08/31,13,205,31,,,,,
2013/08/31,14,206,27,,,,,
2013/08/31,15,201,29,,,,,
2013/08/31,16,187,25,,,,,
2013/08/31,17,185,22,,,,,
2013/08/31,18,178,15,,,,,
2013/08/31,19,171,12,,,,,
2013/08/31,20,170,10,,,,,
2013/08/31,21,162,9,,,,,
2013/08/31,22,93,4,,,,,
2013/08/31,23,69,1,,,,,
2013/08/31,24,68,1,,,,,
2013/09/01,01,65,1,,,,,
2013/09/01,02,64,1,,,,,
2013/09/01,03,61,1,,,,,
2013/09/01,04,68,1,,,,,
2013/09/01,05,69,1,,,,,
2013/09/01,06,87,3,,,,,
2013/09/01,07,105,9,,,,,
2013/09/01,08,116,16,,,,,
2013/09/01,09,163,14,,,,,
2013/09/01,10,163,13,,,,,
2013/09/01,11,170,18,,,,,
2013/09/01,12,172,17,,,,,
2013/09/01,13,163,15,,,,,
2013/09/01,14,156,12,,,,,
2013/09/01,15,161,15,,,,,
2013/09/01,16,154,15,,,,,
2013/09/01,17,154,8,,,,,
2013/09/01,18,143,7,,,,,
2013/09/01,19,142,6,,,,,
2013/09/01,20,146,6,,,,,
2013/09/01,21,142,6,,,,,
2013/09/01,22,85,4,,,,,
2013/09/01,23,60,1,,,,,
2013/09/01,24,68,1,,,,,
2013/09/02,01,62,1,,,,,
2013/09/02,02,61,0,,,,,
2013/09/02,03,61,0,,,,,
2013/09/02,04,64,1,,,,,
2013/09/02,05,69,0,,,,,
2013/09/02,06,80,2,,,,,
2013/09/02,07,99,8,,,,,
2013/09/02,08,128,11,,,,,
2013/09/02,09,160,9,,,,,
2013/09/02,10,166,9,,,,,
2013/09/02,11,175,13,,,,,
2013/09/02,12,175,17,,,,,
2013/09/02,13,172,17,,,,,
2013/09/02,14,189,19,,,,,
2013/09/02,15,172,19,,,,,
2013/09/02,16,167,13,,,,,
2013/09/02,17,170,12,,,,,
2013/09/02,18,161,10,,,,,
2013/09/02,19,159,8,,,,,
2013/09/02,20,162,7,,,,,
2013/09/02,21,150,7,,,,,
2013/09/02,22,91,5,,,,,
2013/09/02,23,74,1,,,,,
2013/09/02,24,68,1,,,,,
2013/09/03,01,66,1,,,,,
2013/09/03,02,61,1,,,,,
2013/09/03,03,60,1,,,,,
2013/09/03,04,64,1,,,,,
2013/09/03,05,70,1,,,,,
2013/09/03,06,92,5,,,,,
2013/09/03,07,114,10,,,,,
2013/09/03,08,126,15,,,,,
2013/09/03,09,187,15,,,,,
2013/09/03,10,195,19,,,,,
2013/09/03,11,200,33,,,,,
2013/09/03,12,175,25,,,,,
2013/09/03,13,164,21,,,,,
2013/09/03,14,156,17,,,,,
2013/09/03,15,156,16,,,,,
2013/09/03,16,147,13,,,,,
2013/09/03,17,144,11,,,,,
2013/09/03,18,142,11,,,,,
2013/09/03,19,143,9,,,,,
2013/09/03,20,143,9,,,,,
2013/09/03,21,135,9,,,,,
2013/09/03,22,81,7,,,,,
2013/09/03,23,61,2,,,,,
2013/09/03,24,64,0,,,,,
2013/09/04,01,61,0,,,,,
2013/09/04,02,59,0,,,,,
2013/09/04,03,59,0,,,,,
2013/09/04,04,62,0,,,,,
2013/09/04,05,66,0,,,,,
2013/09/04,06,74,1,,,,,
2013/09/04,07,92,5,,,,,
2013/09/04,08,116,5,,,,,
2013/09/04,09,145,11,,,,,
2013/09/04,10,150,12,,,,,
2013/09/04,11,145,12,,,,,
2013/09/04,12,144,11,,,,,
2013/09/04,13,141,10,,,,,
2013/09/04,14,145,12,,,,,
2013/09/04,15,145,13,,,,,
2013/09/04,16,150,13,,,,,
2013/09/04,17,148,12,,,,,
2013/09/04,18,142,12,,,,,
2013/09/04,19,140,10,,,,,
2013/09/04,20,145,9,,,,,
2013/09/04,21,131,5,,,,,
2013/09/04,22,76,1,,,,,
2013/09/04,23,57,1,,,,,
2013/09/04,24,66,1,,,,,
2013/09/05,01,57,1,,,,,
2013/09/05,02,54,0,,,,,
2013/09/05,03,56,1,,,,,
2013/09/05,04,59,1,,,,,
2013/09/05,05,62,1,,,,,
2013/09/05,06,80,4,,,,,
2013/09/05,07,99,7,,,,,
2013/09/05,08,126,13,,,,,
2013/09/05,09,159,13,,,,,
2013/09/05,10,177,18,,,,,
2013/09/05,11,181,22,,,,,
2013/09/05,12,175,23,,,,,
2013/09/05,13,191,28,,,,,
2013/09/05,14,197,30,,,,,
2013/09/05,15,191,28,,,,,
2013/09/05,16,169,22,,,,,
2013/09/05,17,173,19,,,,,
2013/09/05,18,156,13,,,,,
2013/09/05,19,150,11,,,,,
2013/09/05,20,155,11,,,,,
2013/09/05,21,137,6,,,,,
2013/09/05,22,75,2,,,,,
2013/09/05,23,59,1,,,,,
2013/09/05,24,62,1,,,,,
2013/09/06,01,57,1,,,,,
2013/09/06,02,54,1,,,,,
2013/09/06,03,55,1,,,,,
2013/09/06,04,58,1,,,,,
2013/09/06,05,64,0,,,,,
2013/09/06,06,74,3,,,,,
2013/09/06,07,96,6,,,,,
2013/09/06,08,120,10,,,,,
2013/09/06,09,154,12,,,,,
2013/09/06,10,166,18,,,,,
2013/09/06,11,183,22,,,,,
2013/09/06,12,182,27,,,,,
2013/09/06,13,194,34,,,,,
2013/09/06,14,193,36,,,,,
2013/09/06,15,184,33,,,,,
2013/09/06,16,171,26,,,,,
2013/09/06,17,175,24,,,,,
2013/09/06,18,160,16,,,,,
2013/09/06,19,157,14,,,,,
2013/09/06,20,156,11,,,,,
2013/09/06,21,148,11,,,,,
2013/09/06,22,89,10,,,,,
2013/09/06,23,64,2,,,,,
2013/09/06,24,66,1,,,,,
2013/09/07,01,60,1,,,,,
2013/09/07,02,61,1,,,,,
2013/09/07,03,58,1,,,,,
2013/09/07,04,62,1,,,,,
2013/09/07,05,65,0,,,,,
2013/09/07,06,90,6,,,,,
2013/09/07,07,103,11,,,,,
2013/09/07,08,121,12,,,,,
2013/09/07,09,158,16,,,,,
2013/09/07,10,162,16,,,,,
2013/09/07,11,166,18,,,,,
2013/09/07,12,179,28,,,,,
2013/09/07,13,186,30,,,,,
2013/09/07,14,189,30,,,,,
2013/09/07,15,184,28,,,,,
2013/09/07,16,169,22,,,,,
2013/09/07,17,173,19,,,,,
2013/09/07,18,162,18,,,,,
2013/09/07,19,160,16,,,,,
2013/09/07,20,157,11,,,,,
2013/09/07,21,146,10,,,,,
2013/09/07,22,81,3,,,,,
2013/09/07,23,62,1,,,,,
2013/09/07,24,68,1,,,,,
2013/09/08,01,62,1,,,,,
2013/09/08,02,61,1,,,,,
2013/09/08,03,61,1,,,,,
2013/09/08,04,63,1,,,,,
2013/09/08,05,68,0,,,,,
2013/09/08,06,90,5,,,,,
2013/09/08,07,105,13,,,,,
2013/09/08,08,129,15,,,,,
2013/09/08,09,163,17,,,,,
2013/09/08,10,172,18,,,,,
2013/09/08,11,177,24,,,,,
2013/09/08,12,178,27,,,,,
2013/09/08,13,179,25,,,,,
2013/09/08,14,193,27,,,,,
2013/09/08,15,192,31,,,,,
2013/09/08,16,175,28,,,,,
2013/09/08,17,175,23,,,,,
2013/09/08,18,162,19,,,,,
2013/09/08,19,157,12,,,,,
2013/09/08,20,157,11,,,,,
2013/09/08,21,143,8,,,,,
2013/09/08,22,81,2,,,,,
2013/09/08,23,59,1,,,,,
2013/09/08,24,65,1,,,,,
2013/09/09,01,59,1,,,,,
2013/09/09,02,57,1,,,,,
2013/09/09,03,57,1,,,,,
2013/09/09,04,61,1,,,,,
2013/09/09,05,63,0,,,,,
2013/09/09,06,75,2,,,,,
2013/09/09,07,95,6,,,,,
2013/09/09,08,120,13,,,,,
2013/09/09,09,158,15,,,,,
2013/09/09,10,173,20,,,,,
2013/09/09,11,182,23,,,,,
2013/09/09,12,185,30,,,,,
2013/09/09,13,192,34,,,,,
2013/09/09,14,193,37,,,,,
2013/09/09,15,191,34,,,,,
2013/09/09,16,174,31,,,,,
2013/09/09,17,180,25,,,,,
2013/09/09,18,164,20,,,,,
2013/09/09,19,160,14,,,,,
2013/09/09,20,160,12,,,,,
2013/09/09,21,147,10,,,,,
2013/09/09,22,92,8,,,,,
2013/09/09,23,71,4,,,,,
2013/09/09,24,65,1,,,,,
2013/09/10,01,62,1,,,,,
2013/09/10,02,59,1,,,,,
2013/09/10,03,59,1,,,,,
2013/09/10,04,62,1,,,,,
2013/09/10,05,65,0,,,,,
2013/09/10,06,88,7,,,,,
2013/09/10,07,101,6,,,,,
2013/09/10,08,117,10,,,,,
2013/09/10,09,169,15,,,,,
2013/09/10,10,183,17,,,,,
2013/09/10,11,195,26,,,,,
2013/09/10,12,190,34,,,,,
2013/09/10,13,209,39,,,,,
2013/09/10,14,210,41,,,,,
2013/09/10,15,199,34,,,,,
2013/09/10,16,185,35,,,,,
2013/09/10,17,186,30,,,,,
2013/09/10,18,172,21,,,,,
2013/09/10,19,164,14,,,,,
2013/09/10,20,166,12,,,,,
2013/09/10,21,155,10,,,,,
2013/09/10,22,94,9,,,,,
2013/09/10,23,64,3,,,,,
2013/09/10,24,66,1,,,,,
2013/09/11,01,63,1,,,,,
2013/09/11,02,60,1,,,,,
2013/09/11,03,60,1,,,,,
2013/09/11,04,61,1,,,,,
2013/09/11,05,65,0,,,,,
2013/09/11,06,73,2,,,,,
2013/09/11,07,98,10,,,,,
2013/09/11,08,122,14,,,,,
2013/09/11,09,158,14,,,,,
2013/09/11,10,167,15,,,,,
2013/09/11,11,183,23,,,,,
2013/09/11,12,189,33,,,,,
2013/09/11,13,194,37,,,,,
2013/09/11,14,212,42,,,,,
2013/09/11,15,200,40,,,,,
2013/09/11,16,187,36,,,,,
2013/09/11,17,189,30,,,,,
2013/09/11,18,178,30,,,,,
2013/09/11,19,173,20,,,,,
2013/09/11,20,169,13,,,,,
2013/09/11,21,163,11,,,,,
2013/09/11,22,94,8,,,,,
2013/09/11,23,68,1,,,,,
2013/09/11,24,70,1,,,,,
2013/09/12,01,65,1,,,,,
2013/09/12,02,63,1,,,,,
2013/09/12,03,63,1,,,,,
2013/09/12,04,65,1,,,,,
2013/09/12,05,62,1,,,,,
2013/09/12,06,88,7,,,,,
2013/09/12,07,111,12,,,,,
2013/09/12,08,130,20,,,,,
2013/09/12,09,184,21,,,,,
2013/09/12,10,202,32,,,,,
2013/09/12,11,218,45,,,,,
2013/09/12,12,213,51,,,,,
2013/09/12,13,221,57,,,,,
2013/09/12,14,223,53,,,,,
2013/09/12,15,209,50,,,,,
2013/09/12,16,194,47,,,,,
2013/09/12,17,192,38,,,,,
2013/09/12,18,182,28,,,,,
2013/09/12,19,168,12,,,,,
2013/09/12,20,172,15,,,,,
2013/09/12,21,165,11,,,,,
2013/09/12,22,99,9,,,,,
2013/09/12,23,71,4,,,,,
2013/09/12,24,71,1,,,,,
2013/09/13,01,68,1,,,,,
2013/09/13,02,63,1,,,,,
2013/09/13,03,66,1,,,,,
2013/09/13,04,67,1,,,,,
2013/09/13,05,72,1,,,,,
2013/09/13,06,85,4,,,,,
2013/09/13,07,104,12,,,,,
2013/09/13,08,137,24,,,,,
2013/09/13,09,185,28,,,,,
2013/09/13,10,206,37,,,,,
2013/09/13,11,214,44,,,,,
2013/09/13,12,205,47,,,,,
2013/09/13,13,223,53,,,,,
2013/09/13,14,225,51,,,,,
2013/09/13,15,222,56,,,,,
2013/09/13,16,202,50,,,,,
2013/09/13,17,208,45,,,,,
2013/09/13,18,195,37,,,,,
2013/09/13,19,189,30,,,,,
2013/09/13,20,185,24,,,,,
2013/09/13,21,175,21,,,,,
2013/09/13,22,105,16,,,,,
2013/09/13,23,74,3,,,,,
2013/09/13,24,72,2,,,,,
2013/09/14,01,69,1,,,,,
2013/09/14,02,64,1,,,,,
2013/09/14,03,64,1,,,,,
2013/09/14,04,66,1,,,,,
2013/09/14,05,71,1,,,,,
2013/09/14,06,104,11,,,,,
2013/09/14,07,112,16,,,,,
2013/09/14,08,131,25,,,,,
2013/09/14,09,189,26,,,,,
2013/09/14,10,208,38,,,,,
2013/09/14,11,220,47,,,,,
2013/09/14,12,213,55,,,,,
2013/09/14,13,230,60,,,,,
2013/09/14,14,232,66,,,,,
2013/09/14,15,230,62,,,,,
2013/09/14,16,203,61,,,,,
2013/09/14,17,212,51,,,,,
2013/09/14,18,190,35,,,,,
2013/09/14,19,179,26,,,,,
2013/09/14,20,182,22,,,,,
2013/09/14,21,169,16,,,,,
2013/09/14,22,104,17,,,,,
2013/09/14,23,86,14,,,,,
2013/09/14,24,81,2,,,,,
2013/09/15,01,77,1,,,,,
2013/09/15,02,65,1,,,,,
2013/09/15,03,65,1,,,,,
2013/09/15,04,67,1,,,,,
2013/09/15,05,71,1,,,,,
2013/09/15,06,95,10,,,,,
2013/09/15,07,110,16,,,,,
2013/09/15,08,129,24,,,,,
2013/09/15,09,166,20,,,,,
2013/09/15,10,167,19,,,,,
2013/09/15,11,168,18,,,,,
2013/09/15,12,168,23,,,,,
2013/09/15,13,162,19,,,,,
2013/09/15,14,163,20,,,,,
2013/09/15,15,167,22,,,,,
2013/09/15,16,161,20,,,,,
2013/09/15,17,155,16,,,,,
2013/09/15,18,145,11,,,,,
2013/09/15,19,146,10,,,,,
2013/09/15,20,152,9,,,,,
2013/09/15,21,148,9,,,,,
2013/09/15,22,88,4,,,,,
2013/09/15,23,69,1,,,,,
2013/09/15,24,70,1,,,,,
2013/09/16,01,64,1,,,,,
2013/09/16,02,62,1,,,,,
2013/09/16,03,66,1,,,,,
2013/09/16,04,68,1,,,,,
2013/09/16,05,68,1,,,,,
2013/09/16,06,92,8,,,,,
2013/09/16,07,112,12,,,,,
2013/09/16,08,118,16,,,,,
2013/09/16,09,162,13,,,,,
2013/09/16,10,172,15,,,,,
2013/09/16,11,179,21,,,,,
2013/09/16,12,172,21,,,,,
2013/09/16,13,179,22,,,,,
2013/09/16,14,175,21,,,,,
2013/09/16,15,171,21,,,,,
2013/09/16,16,156,18,,,,,
2013/09/16,17,156,17,,,,,
2013/09/16,18,145,13,,,,,
2013/09/16,19,141,12,,,,,
2013/09/16,20,145,10,,,,,
2013/09/16,21,132,10,,,,,
2013/09/16,22,82,8,,,,,
2013/09/16,23,65,3,,,,,
2013/09/16,24,61,1,,,,,
2013/09/17,01,57,1,,,,,
2013/09/17,02,53,1,,,,,
2013/09/17,03,55,0,,,,,
2013/09/17,04,59,1,,,,,
2013/09/17,05,58,0,,,,,
2013/09/17,06,85,6,,,,,
2013/09/17,07,97,8,,,,,
2013/09/17,08,112,9,,,,,
2013/09/17,09,156,10,,,,,
2013/09/17,10,161,15,,,,,
2013/09/17,11,172,18,,,,,
2013/09/17,12,173,24,,,,,
2013/09/17,13,187,27,,,,,
2013/09/17,14,190,29,,,,,
2013/09/17,15,194,29,,,,,
2013/09/17,16,173,27,,,,,
2013/09/17,17,175,23,,,,,
2013/09/17,18,154,16,,,,,
2013/09/17,19,149,14,,,,,
2013/09/17,20,149,11,,,,,
2013/09/17,21,137,9,,,,,
2013/09/17,22,82,7,,,,,
2013/09/17,23,62,3,,,,,
2013/09/17,24,63,1,,,,,
2013/09/18,01,56,1,,,,,
2013/09/18,02,54,1,,,,,
2013/09/18,03,55,1,,,,,
2013/09/18,04,58,1,,,,,
2013/09/18,05,59,0,,,,,
2013/09/18,06,70,2,,,,,
2013/09/18,07,95,9,,,,,
2013/09/18,08,114,9,,,,,
2013/09/18,09,143,9,,,,,
2013/09/18,10,157,12,,,,,
2013/09/18,11,166,17,,,,,
2013/09/18,12,170,24,,,,,
2013/09/18,13,180,30,,,,,
2013/09/18,14,193,30,,,,,
2013/09/18,15,184,29,,,,,
2013/09/18,16,175,27,,,,,
2013/09/18,17,179,24,,,,,
2013/09/18,18,160,18,,,,,
2013/09/18,19,156,12,,,,,
2013/09/18,20,153,12,,,,,
2013/09/18,21,146,8,,,,,
2013/09/18,22,79,1,,,,,
2013/09/18,23,63,1,,,,,
2013/09/18,24,64,1,,,,,
2013/09/19,01,59,1,,,,,
2013/09/19,02,56,1,,,,,
2013/09/19,03,56,1,,,,,
2013/09/19,04,60,1,,,,,
2013/09/19,05,62,0,,,,,
2013/09/19,06,73,3,,,,,
2013/09/19,07,98,6,,,,,
2013/09/19,08,114,10,,,,,
2013/09/19,09,148,9,,,,,
2013/09/19,10,164,15,,,,,
2013/09/19,11,176,20,,,,,
2013/09/19,12,181,28,,,,,
2013/09/19,13,187,32,,,,,
2013/09/19,14,197,37,,,,,
2013/09/19,15,190,34,,,,,
2013/09/19,16,176,31,,,,,
2013/09/19,17,174,25,,,,,
2013/09/19,18,158,18,,,,,
2013/09/19,19,156,14,,,,,
2013/09/19,20,155,12,,,,,
2013/09/19,21,145,9,,,,,
2013/09/19,22,81,2,,,,,
2013/09/19,23,67,1,,,,,
2013/09/19,24,63,1,,,,,
2013/09/20,01,56,1,,,,,
2013/09/20,02,56,1,,,,,
2013/09/20,03,56,1,,,,,
2013/09/20,04,61,1,,,,,
2013/09/20,05,63,0,,,,,
2013/09/20,06,86,6,,,,,
2013/09/20,07,102,7,,,,,
2013/09/20,08,121,11,,,,,
2013/09/20,09,156,13,,,,,
2013/09/20,10,173,19,,,,,
2013/09/20,11,184,22,,,,,
2013/09/20,12,184,29,,,,,
2013/09/20,13,191,31,,,,,
2013/09/20,14,193,32,,,,,
2013/09/20,15,188,30,,,,,
2013/09/20,16,179,32,,,,,
2013/09/20,17,175,29,,,,,
2013/09/20,18,157,16,,,,,
2013/09/20,19,150,13,,,,,
2013/09/20,20,151,11,,,,,
2013/09/20,21,139,11,,,,,
2013/09/20,22,78,3,,,,,
2013/09/20,23,60,1,,,,,
2013/09/20,24,63,1,,,,,
2013/09/21,01,60,1,,,,,
2013/09/21,02,56,1,,,,,
2013/09/21,03,59,1,,,,,
2013/09/21,04,66,1,,,,,
2013/09/21,05,60,1,,,,,
2013/09/21,06,88,6,,,,,
2013/09/21,07,96,8,,,,,
2013/09/21,08,113,12,,,,,
2013/09/21,09,159,13,,,,,
2013/09/21,10,177,19,,,,,
2013/09/21,11,188,27,,,,,
2013/09/21,12,187,34,,,,,
2013/09/21,13,199,32,,,,,
2013/09/21,14,213,38,,,,,
2013/09/21,15,208,38,,,,,
2013/09/21,16,182,31,,,,,
2013/09/21,17,186,32,,,,,
2013/09/21,18,170,24,,,,,
2013/09/21,19,165,16,,,,,
2013/09/21,20,163,12,,,,,
2013/09/21,21,151,12,,,,,
2013/09/21,22,87,6,,,,,
2013/09/21,23,65,1,,,,,
2013/09/21,24,66,1,,,,,
2013/09/22,01,61,1,,,,,
2013/09/22,02,60,1,,,,,
2013/09/22,03,58,1,,,,,
2013/09/22,04,62,1,,,,,
2013/09/22,05,63,1,,,,,
2013/09/22,06,88,8,,,,,
2013/09/22,07,100,9,,,,,
2013/09/22,08,118,14,,,,,
2013/09/22,09,158,16,,,,,
2013/09/22,10,176,21,,,,,
2013/09/22,11,191,30,,,,,
2013/09/22,12,186,33,,,,,
2013/09/22,13,203,36,,,,,
2013/09/22,14,205,37,,,,,
2013/09/22,15,203,36,,,,,
2013/09/22,16,176,28,,,,,
2013/09/22,17,181,26,,,,,
2013/09/22,18,164,19,,,,,
2013/09/22,19,165,17,,,,,
2013/09/22,20,164,12,,,,,
2013/09/22,21,151,11,,,,,
2013/09/22,22,93,9,,,,,
2013/09/22,23,66,4,,,,,
2013/09/22,24,67,1,,,,,
2013/09/23,01,61,1,,,,,
2013/09/23,02,61,1,,,,,
2013/09/23,03,60,1,,,,,
2013/09/23,04,61,1,,,,,
2013/09/23,05,63,0,,,,,
2013/09/23,06,91,7,,,,,
2013/09/23,07,98,9,,,,,
2013/09/23,08,117,12,,,,,
2013/09/23,09,158,15,,,,,
2013/09/23,10,179,17,,,,,
2013/09/23,11,182,25,,,,,
2013/09/23,12,182,29,,,,,
2013/09/23,13,196,35,,,,,
2013/09/23,14,199,36,,,,,
2013/09/23,15,190,35,,,,,
2013/09/23,16,177,31,,,,,
2013/09/23,17,177,29,,,,,
2013/09/23,18,164,21,,,,,
2013/09/23,19,164,17,,,,,
2013/09/23,20,159,14,,,,,
2013/09/23,21,152,11,,,,,
2013/09/23,22,100,9,,,,,
2013/09/23,23,69,4,,,,,
2013/09/23,24,65,1,,,,,
2013/09/24,01,61,1,,,,,
2013/09/24,02,60,1,,,,,
2013/09/24,03,60,1,,,,,
2013/09/24,04,60,1,,,,,
2013/09/24,05,64,0,,,,,
2013/09/24,06,90,8,,,,,
2013/09/24,07,105,9,,,,,
2013/09/24,08,128,15,,,,,
2013/09/24,09,176,19,,,,,
2013/09/24,10,187,19,,,,,
2013/09/24,11,201,29,,,,,
2013/09/24,12,187,31,,,,,
2013/09/24,13,196,36,,,,,
2013/09/24,14,209,39,,,,,
2013/09/24,15,200,35,,,,,
2013/09/24,16,183,34,,,,,
2013/09/24,17,185,30,,,,,
2013/09/24,18,171,23,,,,,
2013/09/24,19,167,18,,,,,
2013/09/24,20,164,13,,,,,
2013/09/24,21,151,9,,,,,
2013/09/24,22,90,6,,,,,
2013/09/24,23,66,1,,,,,
2013/09/24,24,67,1,,,,,
2013/09/25,01,61,1,,,,,
2013/09/25,02,60,1,,,,,
2013/09/25,03,59,1,,,,,
2013/09/25,04,61,1,,,,,
2013/09/25,05,66,0,,,,,
2013/09/25,06,80,5,,,,,
2013/09/25,07,97,12,,,,,
2013/09/25,08,122,14,,,,,
2013/09/25,09,169,15,,,,,
2013/09/25,10,183,17,,,,,
2013/09/25,11,198,29,,,,,
2013/09/25,12,198,39,,,,,
2013/09/25,13,214,45,,,,,
2013/09/25,14,215,38,,,,,
2013/09/25,15,197,35,,,,,
2013/09/25,16,179,33,,,,,
2013/09/25,17,179,25,,,,,
2013/09/25,18,167,17,,,,,
2013/09/25,19,165,14,,,,,
2013/09/25,20,163,10,,,,,
2013/09/25,21,153,6,,,,,
2013/09/25,22,85,2,,,,,
2013/09/25,23,68,2,,,,,
2013/09/25,24,69,1,,,,,
2013/09/26,01,66,1,,,,,
2013/09/26,02,62,1,,,,,
2013/09/26,03,61,1,,,,,
2013/09/26,04,64,1,,,,,
2013/09/26,05,67,1,,,,,
2013/09/26,06,83,5,,,,,
2013/09/26,07,104,10,,,,,
2013/09/26,08,123,15,,,,,
2013/09/26,09,157,13,,,,,
2013/09/26,10,162,15,,,,,
2013/09/26,11,159,17,,,,,
2013/09/26,12,160,21,,,,,
2013/09/26,13,158,15,,,,,
2013/09/26,14,159,14,,,,,
2013/09/26,15,153,16,,,,,
2013/09/26,16,150,16,,,,,
2013/09/26,17,147,13,,,,,
2013/09/26,18,141,12,,,,,
2013/09/26,19,136,10,,,,,
2013/09/26,20,142,9,,,,,
2013/09/26,21,132,9,,,,,
2013/09/26,22,74,6,,,,,
2013/09/26,23,58,1,,,,,
2013/09/26,24,63,1,,,,,
2013/09/27,01,54,1,,,,,
2013/09/27,02,56,1,,,,,
2013/09/27,03,54,0,,,,,
2013/09/27,04,58,1,,,,,
2013/09/27,05,61,0,,,,,
2013/09/27,06,69,2,,,,,
2013/09/27,07,89,4,,,,,
2013/09/27,08,114,7,,,,,
2013/09/27,09,148,9,,,,,
2013/09/27,10,153,14,,,,,
2013/09/27,11,155,16,,,,,
2013/09/27,12,153,16,,,,,
2013/09/27,13,164,22,,,,,
2013/09/27,14,166,21,,,,,
2013/09/27,15,161,21,,,,,
2013/09/27,16,150,19,,,,,
2013/09/27,17,151,15,,,,,
2013/09/27,18,146,12,,,,,
2013/09/27,19,135,10,,,,,
2013/09/27,20,139,9,,,,,
2013/09/27,21,132,8,,,,,
2013/09/27,22,70,2,,,,,
2013/09/27,23,56,1,,,,,
2013/09/27,24,60,1,,,,,
2013/09/28,01,56,1,,,,,
2013/09/28,02,53,1,,,,,
2013/09/28,03,53,0,,,,,
2013/09/28,04,56,1,,,,,
2013/09/28,05,59,0,,,,,
2013/09/28,06,88,4,,,,,
2013/09/28,07,95,4,,,,,
2013/09/28,08,111,7,,,,,
2013/09/28,09,145,8,,,,,
2013/09/28,10,151,12,,,,,
2013/09/28,11,159,15,,,,,
2013/09/28,12,165,17,,,,,
2013/09/28,13,169,24,,,,,
2013/09/28,14,171,18,,,,,
2013/09/28,15,171,22,,,,,
2013/09/28,16,164,21,,,,,
2013/09/28,17,161,18,,,,,
2013/09/28,18,152,15,,,,,
2013/09/28,19,148,12,,,,,
2013/09/28,20,150,11,,,,,
2013/09/28,21,142,10,,,,,
2013/09/28,22,81,6,,,,,
2013/09/28,23,59,1,,,,,
2013/09/28,24,63,1,,,,,
2013/09/29,01,59,1,,,,,
2013/09/29,02,56,1,,,,,
2013/09/29,03,54,1,,,,,
2013/09/29,04,58,1,,,,,
2013/09/29,05,55,1,,,,,
2013/09/29,06,79,3,,,,,
2013/09/29,07,99,8,,,,,
2013/09/29,08,119,11,,,,,
2013/09/29,09,160,12,,,,,
2013/09/29,10,173,16,,,,,
2013/09/29,11,179,21,,,,,
2013/09/29,12,175,26,,,,,
2013/09/29,13,184,29,,,,,
2013/09/29,14,184,30,,,,,
2013/09/29,15,177,24,,,,,
2013/09/29,16,163,23,,,,,
2013/09/29,17,165,19,,,,,
2013/09/29,18,156,15,,,,,
2013/09/29,19,152,12,,,,,
2013/09/29,20,154,10,,,,,
2013/09/29,21,144,9,,,,,
2013/09/29,22,83,8,,,,,
2013/09/29,23,62,1,,,,,
2013/09/29,24,64,1,,,,,
2013/09/30,01,61,1,,,,,
2013/09/30,02,58,1,,,,,
2013/09/30,03,56,1,,,,,
2013/09/30,04,61,1,,,,,
2013/09/30,05,64,0,,,,,
2013/09/30,06,74,2,,,,,
2013/09/30,07,94,6,,,,,
2013/09/30,08,116,11,,,,,
2013/09/30,09,159,11,,,,,
2013/09/30,10,163,16,,,,,
2013/09/30,11,168,18,,,,,
2013/09/30,12,166,22,,,,,
2013/09/30,13,172,22,,,,,
2013/09/30,14,171,21,,,,,
2013/09/30,15,163,19,,,,,
2013/09/30,16,155,19,,,,,
2013/09/30,17,164,21,,,,,
2013/09/30,18,157,18,,,,,
2013/09/30,19,149,10,,,,,
2013/09/30,20,154,10,,,,,
2013/09/30,21,148,9,,,,,
2013/09/30,22,86,8,,,,,
2013/09/30,23,63,3,,,,,
2013/09/30,24,66,1,,,,,
2013/10/01,01,61,1,,,,,
2013/10/01,02,59,0,,,,,
2013/10/01,03,56,0,,,,,
2013/10/01,04,60,1,,,,,
2013/10/01,05,56,1,,,,,
2013/10/01,06,87,7,,,,,
2013/10/01,07,108,9,,,,,
2013/10/01,08,126,13,,,,,
2013/10/01,09,170,13,,,,,
2013/10/01,10,185,20,,,,,
2013/10/01,11,192,24,,,,,
2013/10/01,12,186,30,,,,,
2013/10/01,13,196,31,,,,,
2013/10/01,14,195,29,,,,,
2013/10/01,15,191,27,,,,,
2013/10/01,16,169,23,,,,,
2013/10/01,17,175,22,,,,,
2013/10/01,18,165,17,,,,,
2013/10/01,19,158,11,,,,,
2013/10/01,20,160,12,,,,,
2013/10/01,21,149,10,,,,,
2013/10/01,22,83,6,,,,,
2013/10/01,23,62,1,,,,,
2013/10/01,24,67,1,,,,,
2013/10/02,01,60,1,,,,,
2013/10/02,02,58,1,,,,,
2013/10/02,03,58,1,,,,,
2013/10/02,04,60,1,,,,,
2013/10/02,05,64,0,,,,,
2013/10/02,06,71,2,,,,,
2013/10/02,07,95,4,,,,,
2013/10/02,08,119,9,,,,,
2013/10/02,09,157,11,,,,,
2013/10/02,10,168,15,,,,,
2013/10/02,11,179,19,,,,,
2013/10/02,12,177,27,,,,,
2013/10/02,13,194,32,,,,,
2013/10/02,14,192,33,,,,,
2013/10/02,15,186,30,,,,,
2013/10/02,16,171,27,,,,,
2013/10/02,17,171,20,,,,,
2013/10/02,18,165,17,,,,,
2013/10/02,19,159,14,,,,,
2013/10/02,20,156,11,,,,,
2013/10/02,21,149,10,,,,,
2013/10/02,22,85,8,,,,,
2013/10/02,23,70,3,,,,,
2013/10/02,24,65,1,,,,,
2013/10/03,01,62,1,,,,,
2013/10/03,02,60,1,,,,,
2013/10/03,03,59,1,,,,,
2013/10/03,04,61,1,,,,,
2013/10/03,05,66,0,,,,,
2013/10/03,06,79,4,,,,,
2013/10/03,07,104,9,,,,,
2013/10/03,08,118,12,,,,,
2013/10/03,09,161,13,,,,,
2013/10/03,10,164,15,,,,,
2013/10/03,11,165,14,,,,,
2013/10/03,12,163,18,,,,,
2013/10/03,13,166,19,,,,,
2013/10/03,14,161,16,,,,,
2013/10/03,15,159,16,,,,,
2013/10/03,16,147,15,,,,,
2013/10/03,17,147,13,,,,,
2013/10/03,18,140,12,,,,,
2013/10/03,19,136,9,,,,,
2013/10/03,20,142,7,,,,,
2013/10/03,21,130,8,,,,,
2013/10/03,22,72,4,,,,,
2013/10/03,23,58,2,,,,,
2013/10/03,24,61,1,,,,,
2013/10/04,01,55,1,,,,,
2013/10/04,02,53,1,,,,,
2013/10/04,03,52,0,,,,,
2013/10/04,04,60,0,,,,,
2013/10/04,05,54,0,,,,,
2013/10/04,06,69,2,,,,,
2013/10/04,07,93,5,,,,,
2013/10/04,08,111,5,,,,,
2013/10/04,09,144,8,,,,,
2013/10/04,10,155,11,,,,,
2013/10/04,11,155,14,,,,,
2013/10/04,12,162,16,,,,,
2013/10/04,13,161,15,,,,,
2013/10/04,14,167,17,,,,,
2013/10/04,15,157,16,,,,,
2013/10/04,16,152,17,,,,,
2013/10/04,17,153,14,,,,,
2013/10/04,18,143,13,,,,,
2013/10/04,19,138,11,,,,,
2013/10/04,20,145,9,,,,,
2013/10/04,21,135,9,,,,,
2013/10/04,22,83,8,,,,,
2013/10/04,23,61,1,,,,,
2013/10/04,24,63,1,,,,,
2013/10/05,01,55,1,,,,,
2013/10/05,02,55,1,,,,,
2013/10/05,03,55,0,,,,,
2013/10/05,04,61,1,,,,,
2013/10/05,05,62,0,,,,,
2013/10/05,06,90,6,,,,,
2013/10/05,07,90,5,,,,,
2013/10/05,08,110,9,,,,,
2013/10/05,09,144,8,,,,,
2013/10/05,10,148,10,,,,,
2013/10/05,11,144,10,,,,,
2013/10/05,12,146,10,,,,,
2013/10/05,13,141,10,,,,,
2013/10/05,14,154,11,,,,,
2013/10/05,15,145,12,,,,,
2013/10/05,16,144,11,,,,,
2013/10/05,17,146,11,,,,,
2013/10/05,18,142,10,,,,,
2013/10/05,19,141,9,,,,,
2013/10/05,20,147,8,,,,,
2013/10/05,21,137,8,,,,,
2013/10/05,22,80,4,,,,,
2013/10/05,23,68,1,,,,,
2013/10/05,24,66,1,,,,,
2013/10/06,01,61,1,,,,,
2013/10/06,02,60,0,,,,,
2013/10/06,03,58,1,,,,,
2013/10/06,04,61,0,,,,,
2013/10/06,05,72,3,,,,,
2013/10/06,06,91,6,,,,,
2013/10/06,07,101,9,,,,,
2013/10/06,08,119,12,,,,,
2013/10/06,09,166,12,,,,,
2013/10/06,10,182,19,,,,,
2013/10/06,11,190,25,,,,,
2013/10/06,12,181,29,,,,,
2013/10/06,13,197,34,,,,,
2013/10/06,14,197,28,,,,,
2013/10/06,15,195,31,,,,,
2013/10/06,16,182,33,,,,,
2013/10/06,17,179,27,,,,,
2013/10/06,18,165,20,,,,,
2013/10/06,19,158,14,,,,,
2013/10/06,20,159,12,,,,,
2013/10/06,21,148,12,,,,,
2013/10/06,22,86,7,,,,,
2013/10/06,23,63,1,,,,,
2013/10/06,24,63,1,,,,,
2013/10/07,01,59,1,,,,,
2013/10/07,02,57,1,,,,,
2013/10/07,03,57,1,,,,,
2013/10/07,04,58,0,,,,,
2013/10/07,05,65,0,,,,,
2013/10/07,06,73,2,,,,,
2013/10/07,07,102,9,,,,,
2013/10/07,08,122,12,,,,,
2013/10/07,09,164,13,,,,,
2013/10/07,10,177,19,,,,,
2013/10/07,11,183,22,,,,,
2013/10/07,12,185,30,,,,,
2013/10/07,13,192,33,,,,,
2013/10/07,14,207,38,,,,,
2013/10/07,15,195,34,,,,,
2013/10/07,16,177,28,,,,,
2013/10/07,17,180,25,,,,,
2013/10/07,18,168,17,,,,,
2013/10/07,19,163,15,,,,,
2013/10/07,20,163,10,,,,,
2013/10/07,21,153,9,,,,,
2013/10/07,22,89,8,,,,,
2013/10/07,23,69,3,,,,,
2013/10/07,24,67,1,,,,,
2013/10/08,01,63,1,,,,,
2013/10/08,02,60,1,,,,,
2013/10/08,03,60,1,,,,,
2013/10/08,04,63,1,,,,,
2013/10/08,05,68,1,,,,,
2013/10/08,06,98,10,,,,,
2013/10/08,07,104,9,,,,,
2013/10/08,08,118,13,,,,,
2013/10/08,09,171,16,,,,,
2013/10/08,10,180,19,,,,,
2013/10/08,11,183,20,,,,,
2013/10/08,12,178,26,,,,,
2013/10/08,13,181,26,,,,,
2013/10/08,14,186,22,,,,,
2013/10/08,15,179,20,,,,,
2013/10/08,16,169,20,,,,,
2013/10/08,17,175,19,,,,,
2013/10/08,18,169,18,,,,,
2013/10/08,19,168,14,,,,,
2013/10/08,20,165,11,,,,,
2013/10/08,21,158,10,,,,,
2013/10/08,22,90,5,,,,,
2013/10/08,23,64,2,,,,,
2013/10/08,24,71,1,,,,,
2013/10/09,01,65,1,,,,,
2013/10/09,02,63,1,,,,,
2013/10/09,03,61,1,,,,,
2013/10/09,04,64,1,,,,,
2013/10/09,05,68,1,,,,,
2013/10/09,06,82,3,,,,,
2013/10/09,07,110,14,,,,,
2013/10/09,08,140,22,,,,,
2013/10/09,09,189,21,,,,,
2013/10/09,10,190,22,,,,,
2013/10/09,11,193,28,,,,,
2013/10/09,12,183,30,,,,,
2013/10/09,13,193,32,,,,,
2013/10/09,14,192,29,,,,,
2013/10/09,15,182,27,,,,,
2013/10/09,16,168,22,,,,,
2013/10/09,17,173,22,,,,,
2013/10/09,18,163,18,,,,,
2013/10/09,19,161,13,,,,,
2013/10/09,20,163,10,,,,,
2013/10/09,21,152,9,,,,,
2013/10/09,22,89,8,,,,,
2013/10/09,23,64,3,,,,,
2013/10/09,24,66,1,,,,,
2013/10/10,01,62,1,,,,,
2013/10/10,02,60,1,,,,,
2013/10/10,03,58,1,,,,,
2013/10/10,04,63,1,,,,,
2013/10/10,05,81,0,,,,,
2013/10/10,06,89,4,,,,,
2013/10/10,07,112,8,,,,,
2013/10/10,08,132,11,,,,,
2013/10/10,09,166,13,,,,,
2013/10/10,10,185,22,,,,,
2013/10/10,11,180,24,,,,,
2013/10/10,12,170,26,,,,,
2013/10/10,13,173,26,,,,,
2013/10/10,14,191,30,,,,,
2013/10/10,15,187,27,,,,,
2013/10/10,16,180,27,,,,,
2013/10/10,17,179,26,,,,,
2013/10/10,18,172,20,,,,,
2013/10/10,19,168,17,,,,,
2013/10/10,20,167,14,,,,,
2013/10/10,21,159,10,,,,,
2013/10/10,22,90,11,,,,,
2013/10/10,23,67,5,,,,,
2013/10/10,24,68,1,,,,,
2013/10/11,01,64,1,,,,,
2013/10/11,02,62,1,,,,,
2013/10/11,03,61,1,,,,,
2013/10/11,04,65,1,,,,,
2013/10/11,05,69,0,,,,,
2013/10/11,06,81,7,,,,,
2013/10/11,07,107,10,,,,,
2013/10/11,08,126,16,,,,,
2013/10/11,09,172,18,,,,,
2013/10/11,10,172,23,,,,,
2013/10/11,11,177,25,,,,,
2013/10/11,12,176,27,,,,,
2013/10/11,13,183,30,,,,,
2013/10/11,14,187,30,,,,,
2013/10/11,15,178,25,,,,,
2013/10/11,16,167,25,,,,,
2013/10/11,17,171,23,,,,,
2013/10/11,18,163,17,,,,,
2013/10/11,19,154,12,,,,,
2013/10/11,20,151,9,,,,,
2013/10/11,21,137,5,,,,,
2013/10/11,22,72,1,,,,,
2013/10/11,23,58,1,,,,,
2013/10/11,24,63,1,,,,,
2013/10/12,01,56,1,,,,,
2013/10/12,02,56,1,,,,,
2013/10/12,03,55,0,,,,,
2013/10/12,04,57,1,,,,,
2013/10/12,05,61,0,,,,,
2013/10/12,06,87,6,,,,,
2013/10/12,07,96,5,,,,,
2013/10/12,08,113,9,,,,,
2013/10/12,09,151,9,,,,,
2013/10/12,10,159,12,,,,,
2013/10/12,11,159,15,,,,,
2013/10/12,12,153,16,,,,,
2013/10/12,13,156,20,,,,,
2013/10/12,14,167,16,,,,,
2013/10/12,15,164,17,,,,,
2013/10/12,16,152,15,,,,,
2013/10/12,17,142,12,,,,,
2013/10/12,18,133,9,,,,,
2013/10/12,19,131,9,,,,,
2013/10/12,20,140,9,,,,,
2013/10/12,21,128,9,,,,,
2013/10/12,22,69,4,,,,,
2013/10/12,23,54,1,,,,,
2013/10/12,24,61,1,,,,,
2013/10/13,01,56,1,,,,,
2013/10/13,02,54,1,,,,,
2013/10/13,03,55,0,,,,,
2013/10/13,04,56,0,,,,,
2013/10/13,05,54,0,,,,,
2013/10/13,06,78,2,,,,,
2013/10/13,07,96,4,,,,,
2013/10/13,08,111,4,,,,,
2013/10/13,09,141,8,,,,,
2013/10/13,10,144,10,,,,,
2013/10/13,11,151,10,,,,,
2013/10/13,12,158,15,,,,,
2013/10/13,13,155,16,,,,,
2013/10/13,14,150,13,,,,,
2013/10/13,15,152,12,,,,,
2013/10/13,16,143,13,,,,,
2013/10/13,17,144,12,,,,,
2013/10/13,18,134,10,,,,,
2013/10/13,19,132,9,,,,,
2013/10/13,20,139,9,,,,,
2013/10/13,21,127,9,,,,,
2013/10/13,22,76,7,,,,,
2013/10/13,23,56,2,,,,,
2013/10/13,24,59,1,,,,,
2013/10/14,01,53,0,,,,,
2013/10/14,02,51,0,,,,,
2013/10/14,03,53,0,,,,,
2013/10/14,04,56,0,,,,,
2013/10/14,05,59,0,,,,,
2013/10/14,06,71,1,,,,,
2013/10/14,07,92,4,,,,,
2013/10/14,08,112,4,,,,,
2013/10/14,09,138,4,,,,,
2013/10/14,10,141,10,,,,,
2013/10/14,11,148,11,,,,,
2013/10/14,12,152,12,,,,,
2013/10/14,13,160,13,,,,,
2013/10/14,14,159,15,,,,,
2013/10/14,15,163,17,,,,,
2013/10/14,16,153,15,,,,,
2013/10/14,17,145,14,,,,,
2013/10/14,18,135,11,,,,,
2013/10/14,19,131,9,,,,,
2013/10/14,20,140,9,,,,,
2013/10/14,21,128,8,,,,,
2013/10/14,22,71,4,,,,,
2013/10/14,23,58,1,,,,,
2013/10/14,24,60,1,,,,,
2013/10/15,01,55,0,,,,,
2013/10/15,02,53,0,,,,,
2013/10/15,03,53,0,,,,,
2013/10/15,04,56,0,,,,,
2013/10/15,05,58,0,,,,,
2013/10/15,06,87,4,,,,,
2013/10/15,07,91,4,,,,,
2013/10/15,08,103,4,,,,,
2013/10/15,09,144,4,,,,,
2013/10/15,10,142,8,,,,,
2013/10/15,11,139,10,,,,,
2013/10/15,12,138,9,,,,,
2013/10/15,13,139,9,,,,,
2013/10/15,14,135,6,,,,,
2013/10/15,15,136,8,,,,,
2013/10/15,16,145,9,,,,,
2013/10/15,17,141,9,,,,,
2013/10/15,18,135,9,,,,,
2013/10/15,19,134,6,,,,,
2013/10/15,20,141,5,,,,,
2013/10/15,21,131,5,,,,,
2013/10/15,22,78,2,,,,,
2013/10/15,23,60,0,,,,,
2013/10/15,24,64,0,,,,,
2013/10/16,01,58,0,,,,,
2013/10/16,02,57,0,,,,,
2013/10/16,03,56,1,,,,,
2013/10/16,04,62,0,,,,,
2013/10/16,05,62,0,,,,,
2013/10/16,06,76,2,,,,,
2013/10/16,07,94,5,,,,,
2013/10/16,08,114,5,,,,,
2013/10/16,09,143,6,,,,,
2013/10/16,10,136,9,,,,,
2013/10/16,11,138,9,,,,,
2013/10/16,12,135,8,,,,,
2013/10/16,13,131,8,,,,,
2013/10/16,14,138,6,,,,,
2013/10/16,15,135,8,,,,,
2013/10/16,16,133,8,,,,,
2013/10/16,17,132,6,,,,,
2013/10/16,18,127,6,,,,,
2013/10/16,19,128,6,,,,,
2013/10/16,20,134,6,,,,,
2013/10/16,21,123,5,,,,,
2013/10/16,22,73,4,,,,,
2013/10/16,23,61,1,,,,,
2013/10/16,24,61,1,,,,,
2013/10/17,01,55,0,,,,,
2013/10/17,02,53,0,,,,,
2013/10/17,03,57,0,,,,,
2013/10/17,04,58,0,,,,,
2013/10/17,05,54,0,,,,,
2013/10/17,06,80,4,,,,,
2013/10/17,07,87,4,,,,,
2013/10/17,08,107,4,,,,,
2013/10/17,09,135,4,,,,,
2013/10/17,10,140,8,,,,,
2013/10/17,11,137,9,,,,,
2013/10/17,12,135,9,,,,,
2013/10/17,13,135,10,,,,,
2013/10/17,14,134,10,,,,,
2013/10/17,15,137,10,,,,,
2013/10/17,16,138,10,,,,,
2013/10/17,17,128,8,,,,,
2013/10/17,18,126,6,,,,,
2013/10/17,19,123,6,,,,,
2013/10/17,20,131,6,,,,,
2013/10/17,21,121,6,,,,,
2013/10/17,22,70,5,,,,,
2013/10/17,23,53,1,,,,,
2013/10/17,24,59,0,,,,,
2013/10/18,01,52,0,,,,,
2013/10/18,02,51,1,,,,,
2013/10/18,03,51,1,,,,,
2013/10/18,04,54,1,,,,,
2013/10/18,05,61,0,,,,,
2013/10/18,06,70,2,,,,,
2013/10/18,07,86,4,,,,,
2013/10/18,08,107,4,,,,,
2013/10/18,09,128,4,,,,,
2013/10/18,10,127,6,,,,,
2013/10/18,11,126,7,,,,,
2013/10/18,12,136,7,,,,,
2013/10/18,13,133,7,,,,,
2013/10/18,14,129,8,,,,,
2013/10/18,15,138,7,,,,,
2013/10/18,16,129,9,,,,,
2013/10/18,17,132,8,,,,,
2013/10/18,18,125,5,,,,,
2013/10/18,19,124,6,,,,,
2013/10/18,20,132,6,,,,,
2013/10/18,21,122,6,,,,,
2013/10/18,22,75,5,,,,,
2013/10/18,23,55,2,,,,,
2013/10/18,24,60,0,,,,,
2013/10/19,01,54,0,,,,,
2013/10/19,02,53,0,,,,,
2013/10/19,03,55,0,,,,,
2013/10/19,04,59,0,,,,,
2013/10/19,05,58,0,,,,,
2013/10/19,06,83,4,,,,,
2013/10/19,07,93,4,,,,,
2013/10/19,08,106,4,,,,,
2013/10/19,09,137,5,,,,,
2013/10/19,10,134,8,,,,,
2013/10/19,11,141,10,,,,,
2013/10/19,12,137,9,,,,,
2013/10/19,13,137,9,,,,,
2013/10/19,14,142,10,,,,,
2013/10/19,15,146,11,,,,,
2013/10/19,16,135,11,,,,,
2013/10/19,17,138,10,,,,,
2013/10/19,18,128,9,,,,,
2013/10/19,19,132,7,,,,,
2013/10/19,20,135,6,,,,,
2013/10/19,21,128,6,,,,,
2013/10/19,22,79,5,,,,,
2013/10/19,23,65,2,,,,,
2013/10/19,24,60,1,,,,,
2013/10/20,01,55,1,,,,,
2013/10/20,02,53,0,,,,,
2013/10/20,03,54,0,,,,,
2013/10/20,04,56,0,,,,,
2013/10/20,05,59,0,,,,,
2013/10/20,06,84,4,,,,,
2013/10/20,07,93,4,,,,,
2013/10/20,08,107,4,,,,,
2013/10/20,09,138,5,,,,,
2013/10/20,10,140,9,,,,,
2013/10/20,11,140,10,,,,,
2013/10/20,12,145,9,,,,,
2013/10/20,13,139,8,,,,,
2013/10/20,14,152,11,,,,,
2013/10/20,15,146,10,,,,,
2013/10/20,16,142,10,,,,,
2013/10/20,17,139,10,,,,,
2013/10/20,18,134,7,,,,,
2013/10/20,19,132,6,,,,,
2013/10/20,20,141,6,,,,,
2013/10/20,21,129,5,,,,,
2013/10/20,22,74,4,,,,,
2013/10/20,23,58,2,,,,,
2013/10/20,24,64,1,,,,,
2013/10/21,01,55,0,,,,,
2013/10/21,02,52,0,,,,,
2013/10/21,03,54,0,,,,,
2013/10/21,04,54,0,,,,,
2013/10/21,05,57,0,,,,,
2013/10/21,06,73,2,,,,,
2013/10/21,07,91,4,,,,,
2013/10/21,08,111,4,,,,,
2013/10/21,09,134,4,,,,,
2013/10/21,10,136,7,,,,,
2013/10/21,11,142,9,,,,,
2013/10/21,12,154,10,,,,,
2013/10/21,13,154,11,,,,,
2013/10/21,14,161,13,,,,,
2013/10/21,15,153,13,,,,,
2013/10/21,16,153,13,,,,,
2013/10/21,17,145,12,,,,,
2013/10/21,18,138,10,,,,,
2013/10/21,19,135,9,,,,,
2013/10/21,20,137,8,,,,,
2013/10/21,21,126,6,,,,,
2013/10/21,22,73,1,,,,,
2013/10/21,23,55,1,,,,,
2013/10/21,24,62,1,,,,,
2013/10/22,01,53,0,,,,,
2013/10/22,02,52,0,,,,,
2013/10/22,03,53,0,,,,,
2013/10/22,04,56,0,,,,,
2013/10/22,05,58,0,,,,,
2013/10/22,06,85,4,,,,,
2013/10/22,07,95,4,,,,,
2013/10/22,08,108,4,,,,,
2013/10/22,09,145,6,,,,,
2013/10/22,10,152,10,,,,,
2013/10/22,11,159,11,,,,,
2013/10/22,12,159,11,,,,,
2013/10/22,13,163,11,,,,,
2013/10/22,14,164,12,,,,,
2013/10/22,15,158,12,,,,,
2013/10/22,16,149,11,,,,,
2013/10/22,17,143,10,,,,,
2013/10/22,18,138,9,,,,,
2013/10/22,19,136,9,,,,,
2013/10/22,20,139,9,,,,,
2013/10/22,21,129,7,,,,,
2013/10/22,22,75,4,,,,,
2013/10/22,23,60,2,,,,,
2013/10/22,24,64,1,,,,,
2013/10/23,01,57,1,,,,,
2013/10/23,02,52,0,,,,,
2013/10/23,03,54,0,,,,,
2013/10/23,04,58,0,,,,,
2013/10/23,05,60,0,,,,,
2013/10/23,06,78,3,,,,,
2013/10/23,07,92,5,,,,,
2013/10/23,08,106,6,,,,,
2013/10/23,09,141,6,,,,,
2013/10/23,10,137,7,,,,,
2013/10/23,11,139,8,,,,,
2013/10/23,12,137,9,,,,,
2013/10/23,13,133,7,,,,,
2013/10/23,14,138,8,,,,,
2013/10/23,15,136,7,,,,,
2013/10/23,16,136,9,,,,,
2013/10/23,17,141,11,,,,,
2013/10/23,18,129,8,,,,,
2013/10/23,19,133,6,,,,,
2013/10/23,20,139,6,,,,,
2013/10/23,21,125,5,,,,,
2013/10/23,22,75,4,,,,,
2013/10/23,23,64,2,,,,,
2013/10/23,24,62,1,,,,,
2013/10/24,01,56,1,,,,,
2013/10/24,02,53,0,,,,,
2013/10/24,03,55,0,,,,,
2013/10/24,04,59,0,,,,,
2013/10/24,05,61,0,,,,,
2013/10/24,06,78,3,,,,,
2013/10/24,07,93,4,,,,,
2013/10/24,08,108,5,,,,,
2013/10/24,09,142,7,,,,,
2013/10/24,10,142,8,,,,,
2013/10/24,11,141,9,,,,,
2013/10/24,12,137,7,,,,,
2013/10/24,13,136,7,,,,,
2013/10/24,14,145,10,,,,,
2013/10/24,15,139,8,,,,,
2013/10/24,16,140,9,,,,,
2013/10/24,17,140,11,,,,,
2013/10/24,18,133,8,,,,,
2013/10/24,19,133,6,,,,,
2013/10/24,20,139,6,,,,,
2013/10/24,21,127,4,,,,,
2013/10/24,22,71,1,,,,,
2013/10/24,23,59,1,,,,,
2013/10/24,24,64,1,,,,,
2013/10/25,01,53,1,,,,,
2013/10/25,02,53,1,,,,,
2013/10/25,03,55,0,,,,,
2013/10/25,04,59,1,,,,,
2013/10/25,05,61,0,,,,,
2013/10/25,06,76,3,,,,,
2013/10/25,07,98,5,,,,,
2013/10/25,08,111,5,,,,,
2013/10/25,09,142,8,,,,,
2013/10/25,10,144,8,,,,,
2013/10/25,11,144,9,,,,,
2013/10/25,12,141,9,,,,,
2013/10/25,13,139,6,,,,,
2013/10/25,14,138,8,,,,,
2013/10/25,15,137,10,,,,,
2013/10/25,16,135,8,,,,,
2013/10/25,17,135,7,,,,,
2013/10/25,18,130,6,,,,,
2013/10/25,19,130,6,,,,,
2013/10/25,20,137,6,,,,,
2013/10/25,21,127,5,,,,,
2013/10/25,22,75,4,,,,,
2013/10/25,23,58,2,,,,,
2013/10/25,24,61,1,,,,,
2013/10/26,01,56,1,,,,,
2013/10/26,02,55,1,,,,,
2013/10/26,03,55,1,,,,,
2013/10/26,04,57,1,,,,,
2013/10/26,05,62,0,,,,,
2013/10/26,06,88,4,,,,,
2013/10/26,07,89,4,,,,,
2013/10/26,08,106,4,,,,,
2013/10/26,09,139,4,,,,,
2013/10/26,10,133,7,,,,,
2013/10/26,11,137,8,,,,,
2013/10/26,12,141,8,,,,,
2013/10/26,13,136,7,,,,,
2013/10/26,14,133,8,,,,,
2013/10/26,15,129,6,,,,,
2013/10/26,16,134,6,,,,,
2013/10/26,17,128,6,,,,,
2013/10/26,18,124,6,,,,,
2013/10/26,19,128,6,,,,,
2013/10/26,20,131,6,,,,,
2013/10/26,21,122,5,,,,,
2013/10/26,22,64,2,,,,,
2013/10/26,23,50,1,,,,,
2013/10/26,24,59,0,,,,,
2013/10/27,01,52,0,,,,,
2013/10/27,02,51,0,,,,,
2013/10/27,03,50,0,,,,,
2013/10/27,04,54,0,,,,,
2013/10/27,05,57,0,,,,,
2013/10/27,06,74,2,,,,,
2013/10/27,07,86,4,,,,,
2013/10/27,08,102,4,,,,,
2013/10/27,09,138,4,,,,,
2013/10/27,10,134,6,,,,,
2013/10/27,11,140,7,,,,,
2013/10/27,12,138,9,,,,,
2013/10/27,13,136,8,,,,,
2013/10/27,14,145,9,,,,,
2013/10/27,15,142,8,,,,,
2013/10/27,16,131,8,,,,,
2013/10/27,17,128,7,,,,,
2013/10/27,18,127,6,,,,,
2013/10/27,19,126,6,,,,,
2013/10/27,20,130,5,,,,,
2013/10/27,21,118,4,,,,,
2013/10/27,22,68,1,,,,,
2013/10/27,23,53,1,,,,,
2013/10/27,24,57,1,,,,,
2013/10/28,01,50,1,,,,,
2013/10/28,02,48,1,,,,,
2013/10/28,03,49,1,,,,,
2013/10/28,04,52,1,,,,,
2013/10/28,05,55,0,,,,,
2013/10/28,06,71,1,,,,,
2013/10/28,07,87,4,,,,,
2013/10/28,08,109,4,,,,,
2013/10/28,09,128,4,,,,,
2013/10/28,10,127,5,,,,,
2013/10/28,11,132,5,,,,,
2013/10/28,12,134,6,,,,,
2013/10/28,13,128,6,,,,,
2013/10/28,14,134,7,,,,,
2013/10/28,15,133,8,,,,,
2013/10/28,16,130,9,,,,,
2013/10/28,17,128,7,,,,,
2013/10/28,18,127,6,,,,,
2013/10/28,19,124,6,,,,,
2013/10/28,20,131,6,,,,,
2013/10/28,21,120,4,,,,,
2013/10/28,22,72,4,,,,,
2013/10/28,23,58,2,,,,,
2013/10/28,24,58,1,,,,,
2013/10/29,01,52,1,,,,,
2013/10/29,02,49,1,,,,,
2013/10/29,03,50,1,,,,,
2013/10/29,04,53,1,,,,,
2013/10/29,05,57,0,,,,,
2013/10/29,06,84,4,,,,,
2013/10/29,07,90,4,,,,,
2013/10/29,08,101,4,,,,,
2013/10/29,09,132,4,,,,,
2013/10/29,10,137,6,,,,,
2013/10/29,11,143,6,,,,,
2013/10/29,12,137,8,,,,,
2013/10/29,13,140,7,,,,,
2013/10/29,14,147,8,,,,,
2013/10/29,15,140,9,,,,,
2013/10/29,16,134,9,,,,,
2013/10/29,17,133,9,,,,,
2013/10/29,18,127,6,,,,,
2013/10/29,19,129,6,,,,,
2013/10/29,20,134,6,,,,,
2013/10/29,21,125,6,,,,,
2013/10/29,22,70,5,,,,,
2013/10/29,23,55,2,,,,,
2013/10/29,24,60,1,,,,,
2013/10/30,01,51,1,,,,,
2013/10/30,02,50,1,,,,,
2013/10/30,03,50,1,,,,,
2013/10/30,04,55,1,,,,,
2013/10/30,05,57,0,,,,,
2013/10/30,06,68,1,,,,,
2013/10/30,07,89,4,,,,,
2013/10/30,08,104,4,,,,,
2013/10/30,09,129,4,,,,,
2013/10/30,10,128,6,,,,,
2013/10/30,11,129,6,,,,,
2013/10/30,12,139,7,,,,,
2013/10/30,13,137,7,,,,,
2013/10/30,14,141,9,,,,,
2013/10/30,15,141,9,,,,,
2013/10/30,16,130,8,,,,,
2013/10/30,17,130,7,,,,,
2013/10/30,18,123,6,,,,,
2013/10/30,19,126,6,,,,,
2013/10/30,20,129,5,,,,,
2013/10/30,21,118,2,,,,,
2013/10/30,22,65,1,,,,,
2013/10/30,23,51,1,,,,,
2013/10/30,24,59,1,,,,,
2013/10/31,01,50,1,,,,,
2013/10/31,02,50,1,,,,,
2013/10/31,03,49,1,,,,,
2013/10/31,04,57,1,,,,,
2013/10/31,05,54,0,,,,,
2013/10/31,06,70,2,,,,,
2013/10/31,07,87,4,,,,,
2013/10/31,08,106,4,,,,,
2013/10/31,09,130,4,,,,,
2013/10/31,10,124,5,,,,,
2013/10/31,11,128,5,,,,,
2013/10/31,12,128,5,,,,,
2013/10/31,13,130,5,,,,,
2013/10/31,14,131,5,,,,,
2013/10/31,15,133,6,,,,,
2013/10/31,16,126,7,,,,,
2013/10/31,17,127,5,,,,,
2013/10/31,18,124,5,,,,,
2013/10/31,19,129,5,,,,,
2013/10/31,20,133,5,,,,,
2013/10/31,21,120,5,,,,,
2013/10/31,22,72,2,,,,,
2013/10/31,23,60,1,,,,,
2013/10/31,24,59,1,,,,,
2013/11/01,01,52,1,,,,,
2013/11/01,02,47,1,,,,,
2013/11/01,03,51,1,,,,,
2013/11/01,04,54,1,,,,,
2013/11/01,05,57,0,,,,,
2013/11/01,06,85,4,,,,,
2013/11/01,07,88,4,,,,,
2013/11/01,08,108,4,,,,,
2013/11/01,09,129,4,,,,,
2013/11/01,10,131,6,,,,,
2013/11/01,11,140,6,,,,,
2013/11/01,12,139,8,,,,,
2013/11/01,13,135,9,,,,,
2013/11/01,14,142,9,,,,,
2013/11/01,15,139,10,,,,,
2013/11/01,16,134,9,,,,,
2013/11/01,17,137,9,,,,,
2013/11/01,18,124,6,,,,,
2013/11/01,19,127,6,,,,,
2013/11/01,20,128,6,,,,,
2013/11/01,21,127,6,,,,,
2013/11/01,22,71,4,,,,,
2013/11/01,23,51,1,,,,,
2013/11/01,24,59,1,,,,,
2013/11/02,01,53,1,,,,,
2013/11/02,02,48,1,,,,,
2013/11/02,03,52,1,,,,,
2013/11/02,04,52,1,,,,,
2013/11/02,05,58,0,,,,,
2013/11/02,06,79,3,,,,,
2013/11/02,07,86,4,,,,,
2013/11/02,08,97,4,,,,,
2013/11/02,09,134,4,,,,,
2013/11/02,10,130,6,,,,,
2013/11/02,11,133,6,,,,,
2013/11/02,12,133,6,,,,,
2013/11/02,13,141,9,,,,,
2013/11/02,14,137,9,,,,,
2013/11/02,15,135,7,,,,,
2013/11/02,16,130,8,,,,,
2013/11/02,17,135,9,,,,,
2013/11/02,18,129,7,,,,,
2013/11/02,19,123,6,,,,,
2013/11/02,20,135,6,,,,,
2013/11/02,21,120,4,,,,,
2013/11/02,22,70,4,,,,,
2013/11/02,23,56,2,,,,,
2013/11/02,24,58,1,,,,,
2013/11/03,01,54,0,,,,,
2013/11/03,02,50,0,,,,,
2013/11/03,03,52,0,,,,,
2013/11/03,04,59,0,,,,,
2013/11/03,05,59,0,,,,,
2013/11/03,06,79,4,,,,,
2013/11/03,07,86,4,,,,,
2013/11/03,08,106,4,,,,,
2013/11/03,09,127,4,,,,,
2013/11/03,10,138,6,,,,,
2013/11/03,11,132,6,,,,,
2013/11/03,12,135,6,,,,,
2013/11/03,13,131,6,,,,,
2013/11/03,14,132,6,,,,,
2013/11/03,15,129,6,,,,,
2013/11/03,16,133,6,,,,,
2013/11/03,17,128,6,,,,,
2013/11/03,18,129,6,,,,,
2013/11/03,19,126,6,,,,,
2013/11/03,20,136,6,,,,,
2013/11/03,21,121,4,,,,,
2013/11/03,22,72,4,,,,,
2013/11/03,23,62,2,,,,,
2013/11/03,24,59,1,,,,,
2013/11/04,01,53,1,,,,,
2013/11/04,02,54,0,,,,,
2013/11/04,03,52,0,,,,,
2013/11/04,04,57,0,,,,,
2013/11/04,05,57,0,,,,,
2013/11/04,06,70,1,,,,,
2013/11/04,07,89,4,,,,,
2013/11/04,08,112,4,,,,,
2013/11/04,09,140,4,,,,,
2013/11/04,10,131,7,,,,,
2013/11/04,11,143,9,,,,,
2013/11/04,12,133,8,,,,,
2013/11/04,13,133,7,,,,,
2013/11/04,14,131,7,,,,,
2013/11/04,15,130,7,,,,,
2013/11/04,16,132,7,,,,,
2013/11/04,17,125,7,,,,,
2013/11/04,18,121,6,,,,,
2013/11/04,19,122,5,,,,,
2013/11/04,20,133,5,,,,,
2013/11/04,21,117,4,,,,,
2013/11/04,22,69,2,,,,,
2013/11/04,23,54,1,,,,,
2013/11/04,24,59,1,,,,,
2013/11/05,01,50,0,,,,,
2013/11/05,02,50,0,,,,,
2013/11/05,03,49,0,,,,,
2013/11/05,04,54,0,,,,,
2013/11/05,05,55,0,,,,,
2013/11/05,06,82,3,,,,,
2013/11/05,07,86,4,,,,,
2013/11/05,08,106,4,,,,,
2013/11/05,09,140,4,,,,,
2013/11/05,10,135,6,,,,,
2013/11/05,11,134,6,,,,,
2013/11/05,12,136,6,,,,,
2013/11/05,13,129,8,,,,,
2013/11/05,14,137,9,,,,,
2013/11/05,15,136,8,,,,,
2013/11/05,16,128,6,,,,,
2013/11/05,17,129,6,,,,,
2013/11/05,18,122,6,,,,,
2013/11/05,19,124,6,,,,,
2013/11/05,20,133,6,,,,,
2013/11/05,21,123,6,,,,,
2013/11/05,22,65,4,,,,,
2013/11/05,23,53,2,,,,,
2013/11/05,24,57,1,,,,,
2013/11/06,01,51,1,,,,,
2013/11/06,02,49,1,,,,,
2013/11/06,03,47,1,,,,,
2013/11/06,04,55,1,,,,,
2013/11/06,05,55,0,,,,,
2013/11/06,06,74,2,,,,,
2013/11/06,07,85,4,,,,,
2013/11/06,08,103,4,,,,,
2013/11/06,09,132,4,,,,,
2013/11/06,10,126,7,,,,,
2013/11/06,11,131,6,,,,,
2013/11/06,12,134,6,,,,,
2013/11/06,13,129,6,,,,,
2013/11/06,14,135,7,,,,,
2013/11/06,15,133,8,,,,,
2013/11/06,16,128,6,,,,,
2013/11/06,17,127,6,,,,,
2013/11/06,18,125,6,,,,,
2013/11/06,19,126,6,,,,,
2013/11/06,20,129,6,,,,,
2013/11/06,21,122,6,,,,,
2013/11/06,22,74,4,,,,,
2013/11/06,23,56,2,,,,,
2013/11/06,24,59,1,,,,,
2013/11/07,01,53,1,,,,,
2013/11/07,02,49,0,,,,,
2013/11/07,03,53,0,,,,,
2013/11/07,04,56,0,,,,,
2013/11/07,05,59,0,,,,,
2013/11/07,06,77,2,,,,,
2013/11/07,07,87,4,,,,,
2013/11/07,08,108,4,,,,,
2013/11/07,09,134,4,,,,,
2013/11/07,10,135,6,,,,,
2013/11/07,11,129,6,,,,,
2013/11/07,12,144,8,,,,,
2013/11/07,13,142,9,,,,,
2013/11/07,14,134,9,,,,,
2013/11/07,15,137,6,,,,,
2013/11/07,16,126,7,,,,,
2013/11/07,17,132,7,,,,,
2013/11/07,18,123,5,,,,,
2013/11/07,19,122,5,,,,,
2013/11/07,20,131,5,,,,,
2013/11/07,21,115,3,,,,,
2013/11/07,22,66,1,,,,,
2013/11/07,23,52,1,,,,,
2013/11/07,24,58,1,,,,,
2013/11/08,01,54,1,,,,,
2013/11/08,02,50,1,,,,,
2013/11/08,03,49,1,,,,,
2013/11/08,04,52,1,,,,,
2013/11/08,05,56,0,,,,,
2013/11/08,06,69,1,,,,,
2013/11/08,07,86,0,,,,,
2013/11/08,08,100,4,,,,,
2013/11/08,09,131,4,,,,,
2013/11/08,10,128,5,,,,,
2013/11/08,11,139,5,,,,,
2013/11/08,12,134,6,,,,,
2013/11/08,13,137,6,,,,,
2013/11/08,14,136,6,,,,,
2013/11/08,15,134,6,,,,,
2013/11/08,16,131,5,,,,,
2013/11/08,17,127,5,,,,,
2013/11/08,18,127,5,,,,,
2013/11/08,19,125,5,,,,,
2013/11/08,20,133,5,,,,,
2013/11/08,21,121,5,,,,,
2013/11/08,22,69,4,,,,,
2013/11/08,23,51,1,,,,,
2013/11/08,24,59,1,,,,,
2013/11/09,01,51,1,,,,,
2013/11/09,02,47,1,,,,,
2013/11/09,03,48,1,,,,,
2013/11/09,04,52,1,,,,,
2013/11/09,05,56,0,,,,,
2013/11/09,06,81,3,,,,,
2013/11/09,07,86,4,,,,,
2013/11/09,08,107,4,,,,,
2013/11/09,09,128,4,,,,,
2013/11/09,10,128,6,,,,,
2013/11/09,11,127,6,,,,,
2013/11/09,12,130,6,,,,,
2013/11/09,13,125,5,,,,,
2013/11/09,14,129,5,,,,,
2013/11/09,15,128,5,,,,,
2013/11/09,16,126,5,,,,,
2013/11/09,17,127,5,,,,,
2013/11/09,18,125,5,,,,,
2013/11/09,19,126,5,,,,,
2013/11/09,20,131,5,,,,,
2013/11/09,21,116,3,,,,,
2013/11/09,22,63,0,,,,,
2013/11/09,23,51,1,,,,,
2013/11/09,24,59,1,,,,,
2013/11/10,01,52,0,,,,,
2013/11/10,02,51,0,,,,,
2013/11/10,03,50,0,,,,,
2013/11/10,04,55,0,,,,,
2013/11/10,05,57,0,,,,,
2013/11/10,06,74,2,,,,,
2013/11/10,07,88,4,,,,,
2013/11/10,08,104,4,,,,,
2013/11/10,09,131,4,,,,,
2013/11/10,10,133,6,,,,,
2013/11/10,11,131,6,,,,,
2013/11/10,12,133,6,,,,,
2013/11/10,13,127,6,,,,,
2013/11/10,14,132,9,,,,,
2013/11/10,15,137,12,,,,,
2013/11/10,16,131,6,,,,,
2013/11/10,17,128,7,,,,,
2013/11/10,18,124,6,,,,,
2013/11/10,19,126,6,,,,,
2013/11/10,20,132,6,,,,,
2013/11/10,21,122,5,,,,,
2013/11/10,22,64,1,,,,,
2013/11/10,23,54,1,,,,,
2013/11/10,24,59,1,,,,,
2013/11/11,01,48,1,,,,,
2013/11/11,02,47,1,,,,,
2013/11/11,03,49,0,,,,,
2013/11/11,04,54,0,,,,,
2013/11/11,05,57,0,,,,,
2013/11/11,06,71,1,,,,,
2013/11/11,07,91,4,,,,,
2013/11/11,08,106,5,,,,,
2013/11/11,09,124,4,,,,,
2013/11/11,10,125,6,,,,,
2013/11/11,11,125,6,,,,,
2013/11/11,12,132,6,,,,,
2013/11/11,13,121,7,,,,,
2013/11/11,14,131,11,,,,,
2013/11/11,15,124,7,,,,,
2013/11/11,16,122,6,,,,,
2013/11/11,17,120,6,,,,,
2013/11/11,18,119,6,,,,,
2013/11/11,19,117,7,,,,,
2013/11/11,20,125,6,,,,,
2013/11/11,21,116,6,,,,,
2013/11/11,22,67,4,,,,,
2013/11/11,23,56,1,,,,,
2013/11/11,24,56,1,,,,,
2013/11/12,01,49,1,,,,,
2013/11/12,02,48,1,,,,,
2013/11/12,03,48,1,,,,,
2013/11/12,04,50,1,,,,,
2013/11/12,05,53,0,,,,,
2013/11/12,06,80,3,,,,,
2013/11/12,07,83,4,,,,,
2013/11/12,08,98,4,,,,,
2013/11/12,09,126,4,,,,,
2013/11/12,10,127,5,,,,,
2013/11/12,11,126,6,,,,,
2013/11/12,12,126,6,,,,,
2013/11/12,13,123,7,,,,,
2013/11/12,14,121,6,,,,,
2013/11/12,15,127,6,,,,,
2013/11/12,16,128,6,,,,,
2013/11/12,17,121,6,,,,,
2013/11/12,18,120,6,,,,,
2013/11/12,19,118,6,,,,,
2013/11/12,20,127,6,,,,,
2013/11/12,21,114,6,,,,,
2013/11/12,22,61,3,,,,,
2013/11/12,23,49,1,,,,,
2013/11/12,24,56,1,,,,,
2013/11/13,01,47,1,,,,,
2013/11/13,02,47,1,,,,,
2013/11/13,03,48,1,,,,,
2013/11/13,04,56,0,,,,,
2013/11/13,05,52,0,,,,,
2013/11/13,06,63,1,,,,,
2013/11/13,07,82,4,,,,,
2013/11/13,08,108,4,,,,,
2013/11/13,09,128,4,,,,,
2013/11/13,10,124,6,,,,,
2013/11/13,11,127,6,,,,,
2013/11/13,12,127,7,,,,,
2013/11/13,13,120,7,,,,,
2013/11/13,14,128,7,,,,,
2013/11/13,15,121,6,,,,,
2013/11/13,16,121,6,,,,,
2013/11/13,17,120,6,,,,,
2013/11/13,18,116,6,,,,,
2013/11/13,19,118,6,,,,,
2013/11/13,20,126,6,,,,,
2013/11/13,21,114,5,,,,,
2013/11/13,22,64,2,,,,,
2013/11/13,23,57,1,,,,,
2013/11/13,24,59,1,,,,,
2013/11/14,01,47,1,,,,,
2013/11/14,02,46,2,,,,,
2013/11/14,03,51,0,,,,,
2013/11/14,04,52,0,,,,,
2013/11/14,05,47,0,,,,,
2013/11/14,06,74,2,,,,,
2013/11/14,07,84,4,,,,,
2013/11/14,08,96,4,,,,,
2013/11/14,09,125,4,,,,,
2013/11/14,10,123,6,,,,,
2013/11/14,11,121,6,,,,,
2013/11/14,12,126,6,,,,,
2013/11/14,13,120,6,,,,,
2013/11/14,14,127,6,,,,,
2013/11/14,15,122,6,,,,,
2013/11/14,16,123,7,,,,,
2013/11/14,17,122,8,,,,,
2013/11/14,18,120,6,,,,,
2013/11/14,19,116,6,,,,,
2013/11/14,20,127,6,,,,,
2013/11/14,21,117,6,,,,,
2013/11/14,22,65,2,,,,,
2013/11/14,23,53,1,,,,,
2013/11/14,24,58,1,,,,,
2013/11/15,01,49,1,,,,,
2013/11/15,02,48,0,,,,,
2013/11/15,03,48,0,,,,,
2013/11/15,04,54,0,,,,,
2013/11/15,05,55,0,,,,,
2013/11/15,06,76,3,,,,,
2013/11/15,07,89,4,,,,,
2013/11/15,08,101,4,,,,,
2013/11/15,09,133,4,,,,,
2013/11/15,10,130,6,,,,,
2013/11/15,11,128,6,,,,,
2013/11/15,12,132,6,,,,,
2013/11/15,13,127,6,,,,,
2013/11/15,14,132,6,,,,,
2013/11/15,15,131,6,,,,,
2013/11/15,16,125,6,,,,,
2013/11/15,17,125,6,,,,,
2013/11/15,18,125,6,,,,,
2013/11/15,19,123,6,,,,,
2013/11/15,20,129,6,,,,,
2013/11/15,21,118,5,,,,,
2013/11/15,22,64,1,,,,,
2013/11/15,23,49,1,,,,,
2013/11/15,24,56,1,,,,,
2013/11/16,01,48,1,,,,,
2013/11/16,02,46,1,,,,,
2013/11/16,03,49,1,,,,,
2013/11/16,04,58,0,,,,,
2013/11/16,05,51,0,,,,,
2013/11/16,06,81,3,,,,,
2013/11/16,07,83,4,,,,,
2013/11/16,08,102,4,,,,,
2013/11/16,09,127,4,,,,,
2013/11/16,10,126,6,,,,,
2013/11/16,11,126,6,,,,,
2013/11/16,12,132,6,,,,,
2013/11/16,13,121,6,,,,,
2013/11/16,14,127,6,,,,,
2013/11/16,15,126,6,,,,,
2013/11/16,16,124,6,,,,,
2013/11/16,17,123,7,,,,,
2013/11/16,18,121,6,,,,,
2013/11/16,19,118,6,,,,,
2013/11/16,20,126,6,,,,,
2013/11/16,21,111,3,,,,,
2013/11/16,22,61,1,,,,,
2013/11/16,23,48,1,,,,,
2013/11/16,24,56,1,,,,,
2013/11/17,01,46,1,,,,,
2013/11/17,02,46,1,,,,,
2013/11/17,03,49,0,,,,,
2013/11/17,04,55,1,,,,,
2013/11/17,05,49,1,,,,,
2013/11/17,06,69,2,,,,,
2013/11/17,07,83,5,,,,,
2013/11/17,08,101,6,,,,,
2013/11/17,09,124,4,,,,,
2013/11/17,10,125,6,,,,,
2013/11/17,11,123,6,,,,,
2013/11/17,12,127,6,,,,,
2013/11/17,13,124,8,,,,,
2013/11/17,14,126,7,,,,,
2013/11/17,15,122,6,,,,,
2013/11/17,16,125,6,,,,,
2013/11/17,17,123,6,,,,,
2013/11/17,18,119,6,,,,,
2013/11/17,19,120,6,,,,,
2013/11/17,20,128,6,,,,,
2013/11/17,21,113,1,,,,,
2013/11/17,22,62,1,,,,,
2013/11/17,23,55,1,,,,,
2013/11/17,24,57,1,,,,,
2013/11/18,01,48,1,,,,,
2013/11/18,02,45,1,,,,,
2013/11/18,03,46,1,,,,,
2013/11/18,04,50,0,,,,,
2013/11/18,05,52,0,,,,,
2013/11/18,06,68,1,,,,,
2013/11/18,07,84,4,,,,,
2013/11/18,08,99,4,,,,,
2013/11/18,09,127,4,,,,,
2013/11/18,10,126,6,,,,,
2013/11/18,11,121,6,,,,,
2013/11/18,12,127,6,,,,,
2013/11/18,13,122,6,,,,,
2013/11/18,14,123,9,,,,,
2013/11/18,15,127,11,,,,,
2013/11/18,16,119,7,,,,,
2013/11/18,17,119,6,,,,,
2013/11/18,18,120,6,,,,,
2013/11/18,19,120,6,,,,,
2013/11/18,20,126,6,,,,,
2013/11/18,21,117,6,,,,,
2013/11/18,22,65,3,,,,,
2013/11/18,23,48,1,,,,,
2013/11/18,24,55,1,,,,,
2013/11/19,01,45,1,,,,,
2013/11/19,02,44,1,,,,,
2013/11/19,03,45,1,,,,,
2013/11/19,04,49,1,,,,,
2013/11/19,05,49,0,,,,,
2013/11/19,06,80,4,,,,,
2013/11/19,07,84,5,,,,,
2013/11/19,08,100,6,,,,,
2013/11/19,09,131,6,,,,,
2013/11/19,10,132,7,,,,,
2013/11/19,11,123,7,,,,,
2013/11/19,12,129,7,,,,,
2013/11/19,13,121,8,,,,,
2013/11/19,14,124,8,,,,,
2013/11/19,15,122,7,,,,,
2013/11/19,16,123,7,,,,,
2013/11/19,17,120,7,,,,,
2013/11/19,18,120,7,,,,,
2013/11/19,19,117,6,,,,,
2013/11/19,20,122,6,,,,,
2013/11/19,21,112,3,,,,,
2013/11/19,22,60,1,,,,,
2013/11/19,23,50,1,,,,,
2013/11/19,24,55,1,,,,,
2013/11/20,01,47,1,,,,,
2013/11/20,02,46,1,,,,,
2013/11/20,03,46,1,,,,,
2013/11/20,04,50,1,,,,,
2013/11/20,05,50,0,,,,,
2013/11/20,06,80,3,,,,,
2013/11/20,07,83,4,,,,,
2013/11/20,08,102,4,,,,,
2013/11/20,09,121,4,,,,,
2013/11/20,10,126,6,,,,,
2013/11/20,11,119,6,,,,,
2013/11/20,12,122,6,,,,,
2013/11/20,13,117,6,,,,,
2013/11/20,14,123,6,,,,,
2013/11/20,15,123,6,,,,,
2013/11/20,16,121,6,,,,,
2013/11/20,17,123,8,,,,,
2013/11/20,18,120,6,,,,,
2013/11/20,19,116,7,,,,,
2013/11/20,20,125,7,,,,,
2013/11/20,21,111,2,,,,,
2013/11/20,22,59,1,,,,,
2013/11/20,23,46,2,,,,,
2013/11/20,24,56,2,,,,,
2013/11/21,01,47,1,,,,,
2013/11/21,02,44,1,,,,,
2013/11/21,03,45,1,,,,,
2013/11/21,04,48,1,,,,,
2013/11/21,05,51,0,,,,,
2013/11/21,06,65,1,,,,,
2013/11/21,07,80,4,,,,,
2013/11/21,08,95,5,,,,,
2013/11/21,09,122,6,,,,,
2013/11/21,10,122,8,,,,,
2013/11/21,11,122,8,,,,,
2013/11/21,12,130,10,,,,,
2013/11/21,13,123,10,,,,,
2013/11/21,14,127,11,,,,,
2013/11/21,15,124,6,,,,,
2013/11/21,16,120,6,,,,,
2013/11/21,17,118,6,,,,,
2013/11/21,18,121,7,,,,,
2013/11/21,19,119,7,,,,,
2013/11/21,20,126,7,,,,,
2013/11/21,21,116,6,,,,,
2013/11/21,22,62,3,,,,,
2013/11/21,23,48,2,,,,,
2013/11/21,24,55,3,,,,,
2013/11/22,01,47,2,,,,,
2013/11/22,02,43,1,,,,,
2013/11/22,03,46,1,,,,,
2013/11/22,04,49,1,,,,,
2013/11/22,05,54,0,,,,,
2013/11/22,06,71,2,,,,,
2013/11/22,07,79,5,,,,,
2013/11/22,08,103,6,,,,,
2013/11/22,09,126,6,,,,,
2013/11/22,10,126,6,,,,,
2013/11/22,11,123,6,,,,,
2013/11/22,12,126,6,,,,,
2013/11/22,13,121,6,,,,,
2013/11/22,14,123,5,,,,,
2013/11/22,15,122,6,,,,,
2013/11/22,16,122,5,,,,,
2013/11/22,17,118,5,,,,,
2013/11/22,18,119,5,,,,,
2013/11/22,19,116,5,,,,,
2013/11/22,20,124,5,,,,,
2013/11/22,21,113,1,,,,,
2013/11/22,22,60,1,,,,,
2013/11/22,23,49,1,,,,,
2013/11/22,24,54,1,,,,,
2013/11/23,01,47,1,,,,,
2013/11/23,02,44,1,,,,,
2013/11/23,03,46,1,,,,,
2013/11/23,04,49,1,,,,,
2013/11/23,05,51,0,,,,,
2013/11/23,06,72,4,,,,,
2013/11/23,07,78,5,,,,,
2013/11/23,08,101,6,,,,,
2013/11/23,09,123,4,,,,,
2013/11/23,10,125,5,,,,,
2013/11/23,11,124,6,,,,,
2013/11/23,12,127,5,,,,,
2013/11/23,13,118,6,,,,,
2013/11/23,14,122,6,,,,,
2013/11/23,15,127,9,,,,,
2013/11/23,16,125,6,,,,,
2013/11/23,17,119,5,,,,,
2013/11/23,18,118,5,,,,,
2013/11/23,19,115,5,,,,,
2013/11/23,20,123,5,,,,,
2013/11/23,21,108,1,,,,,
2013/11/23,22,57,1,,,,,
2013/11/23,23,46,2,,,,,
2013/11/23,24,56,2,,,,,
2013/11/24,01,46,1,,,,,
2013/11/24,02,45,1,,,,,
2013/11/24,03,44,1,,,,,
2013/11/24,04,48,1,,,,,
2013/11/24,05,50,0,,,,,
2013/11/24,06,65,1,,,,,
2013/11/24,07,84,4,,,,,
2013/11/24,08,99,5,,,,,
2013/11/24,09,126,4,,,,,
2013/11/24,10,121,6,,,,,
2013/11/24,11,122,6,,,,,
2013/11/24,12,127,9,,,,,
2013/11/24,13,124,13,,,,,
2013/11/24,14,127,9,,,,,
2013/11/24,15,131,8,,,,,
2013/11/24,16,121,5,,,,,
2013/11/24,17,120,7,,,,,
2013/11/24,18,117,7,,,,,
2013/11/24,19,116,7,,,,,
2013/11/24,20,128,5,,,,,
2013/11/24,21,108,2,,,,,
2013/11/24,22,60,1,,,,,
2013/11/24,23,52,1,,,,,
2013/11/24,24,54,2,,,,,
2013/11/25,01,47,1,,,,,
2013/11/25,02,45,1,,,,,
2013/11/25,03,47,1,,,,,
2013/11/25,04,50,1,,,,,
2013/11/25,05,54,0,,,,,
2013/11/25,06,71,1,,,,,
2013/11/25,07,81,4,,,,,
2013/11/25,08,102,4,,,,,
2013/11/25,09,128,6,,,,,
2013/11/25,10,129,7,,,,,
2013/11/25,11,126,8,,,,,
2013/11/25,12,130,8,,,,,
2013/11/25,13,122,8,,,,,
2013/11/25,14,126,7,,,,,
2013/11/25,15,129,8,,,,,
2013/11/25,16,126,6,,,,,
2013/11/25,17,122,8,,,,,
2013/11/25,18,120,6,,,,,
2013/11/25,19,119,7,,,,,
2013/11/25,20,124,7,,,,,
2013/11/25,21,116,4,,,,,
2013/11/25,22,64,2,,,,,
2013/11/25,23,55,2,,,,,
2013/11/25,24,56,1,,,,,
2013/11/26,01,48,0,,,,,
2013/11/26,02,44,0,,,,,
2013/11/26,03,48,0,,,,,
2013/11/26,04,50,0,,,,,
2013/11/26,05,52,0,,,,,
2013/11/26,06,74,3,,,,,
2013/11/26,07,84,4,,,,,
2013/11/26,08,102,4,,,,,
2013/11/26,09,130,4,,,,,
2013/11/26,10,129,6,,,,,
2013/11/26,11,123,8,,,,,
2013/11/26,12,125,8,,,,,
2013/11/26,13,119,6,,,,,
2013/11/26,14,120,7,,,,,
2013/11/26,15,123,6,,,,,
2013/11/26,16,117,6,,,,,
2013/11/26,17,115,6,,,,,
2013/11/26,18,120,8,,,,,
2013/11/26,19,114,6,,,,,
2013/11/26,20,124,6,,,,,
2013/11/26,21,106,1,,,,,
2013/11/26,22,56,1,,,,,
2013/11/26,23,43,1,,,,,
2013/11/26,24,54,1,,,,,
2013/11/27,01,44,1,,,,,
2013/11/27,02,44,1,,,,,
2013/11/27,03,43,1,,,,,
2013/11/27,04,47,1,,,,,
2013/11/27,05,49,1,,,,,
2013/11/27,06,62,0,,,,,
2013/11/27,07,79,5,,,,,
2013/11/27,08,101,6,,,,,
2013/11/27,09,121,6,,,,,
2013/11/27,10,121,7,,,,,
2013/11/27,11,123,11,,,,,
2013/11/27,12,122,14,,,,,
2013/11/27,13,118,15,,,,,
2013/11/27,14,121,14,,,,,
2013/11/27,15,119,10,,,,,
2013/11/27,16,122,9,,,,,
2013/11/27,17,118,8,,,,,
2013/11/27,18,117,7,,,,,
2013/11/27,19,112,8,,,,,
2013/11/27,20,125,7,,,,,
2013/11/27,21,112,7,,,,,
2013/11/27,22,59,3,,,,,
2013/11/27,23,46,1,,,,,
2013/11/27,24,52,1,,,,,
2013/11/28,01,44,1,,,,,
2013/11/28,02,44,1,,,,,
2013/11/28,03,46,1,,,,,
2013/11/28,04,49,1,,,,,
2013/11/28,05,51,0,,,,,
2013/11/28,06,66,2,,,,,
2013/11/28,07,81,4,,,,,
2013/11/28,08,95,4,,,,,
2013/11/28,09,123,5,,,,,
2013/11/28,10,121,6,,,,,
2013/11/28,11,119,8,,,,,
2013/11/28,12,122,8,,,,,
2013/11/28,13,115,9,,,,,
2013/11/28,14,121,8,,,,,
2013/11/28,15,119,8,,,,,
2013/11/28,16,125,8,,,,,
2013/11/28,17,118,9,,,,,
2013/11/28,18,118,9,,,,,
2013/11/28,19,116,10,,,,,
2013/11/28,20,123,9,,,,,
2013/11/28,21,108,5,,,,,
2013/11/28,22,61,3,,,,,
2013/11/28,23,44,2,,,,,
2013/11/28,24,53,2,,,,,
2013/11/29,01,43,1,,,,,
2013/11/29,02,42,1,,,,,
2013/11/29,03,42,1,,,,,
2013/11/29,04,48,1,,,,,
2013/11/29,05,51,0,,,,,
2013/11/29,06,62,1,,,,,
2013/11/29,07,83,6,,,,,
2013/11/29,08,98,6,,,,,
2013/11/29,09,129,14,,,,,
2013/11/29,10,131,19,,,,,
2013/11/29,11,127,19,,,,,
2013/11/29,12,134,24,,,,,
2013/11/29,13,130,26,,,,,
2013/11/29,14,131,25,,,,,
2013/11/29,15,125,20,,,,,
2013/11/29,16,126,19,,,,,
2013/11/29,17,124,20,,,,,
2013/11/29,18,123,19,,,,,
2013/11/29,19,121,19,,,,,
2013/11/29,20,129,18,,,,,
2013/11/29,21,126,29,,,,,
2013/11/29,22,57,4,,,,,
2013/11/29,23,46,3,,,,,
2013/11/29,24,53,2,,,,,
2013/11/30,01,44,1,,,,,
2013/11/30,02,42,1,,,,,
2013/11/30,03,42,1,,,,,
2013/11/30,04,46,1,,,,,
2013/11/30,05,47,0,,,,,
2013/11/30,06,76,5,,,,,
2013/11/30,07,79,5,,,,,
2013/11/30,08,101,19,,,,,
2013/11/30,09,140,36,,,,,
2013/11/30,10,142,36,,,,,
2013/11/30,11,140,35,,,,,
2013/11/30,12,145,36,,,,,
2013/11/30,13,131,26,,,,,
2013/11/30,14,133,24,,,,,
2013/11/30,15,136,23,,,,,
2013/11/30,16,136,22,,,,,
2013/11/30,17,132,25,,,,,
2013/11/30,18,132,26,,,,,
2013/11/30,19,132,26,,,,,
2013/11/30,20,137,27,,,,,
2013/11/30,21,124,20,,,,,
2013/11/30,22,61,2,,,,,
2013/11/30,23,56,2,,,,,
2013/11/30,24,57,1,,,,,
2013/12/01,01,46,1,,,,,
2013/12/01,02,42,1,,,,,
2013/12/01,03,44,1,,,,,
2013/12/01,04,47,1,,,,,
2013/12/01,05,51,0,,,,,
2013/12/01,06,74,3,,,,,
2013/12/01,07,83,4,,,,,
2013/12/01,08,103,19,,,,,
2013/12/01,09,137,30,,,,,
2013/12/01,10,139,30,,,,,
2013/12/01,11,140,28,,,,,
2013/12/01,12,138,23,,,,,
2013/12/01,13,129,22,,,,,
2013/12/01,14,135,25,,,,,
2013/12/01,15,135,24,,,,,
2013/12/01,16,134,23,,,,,
2013/12/01,17,136,26,,,,,
2013/12/01,18,134,26,,,,,
2013/12/01,19,135,26,,,,,
2013/12/01,20,141,31,,,,,
2013/12/01,21,130,28,,,,,
2013/12/01,22,63,4,,,,,
2013/12/01,23,55,4,,,,,
2013/12/01,24,55,2,,,,,
2013/12/02,01,43,1,,,,,
2013/12/02,02,43,1,,,,,
2013/12/02,03,44,1,,,,,
2013/12/02,04,50,1,,,,,
2013/12/02,05,50,0,,,,,
2013/12/02,06,60,1,,,,,
2013/12/02,07,81,5,,,,,
2013/12/02,08,109,20,,,,,
2013/12/02,09,137,32,,,,,
2013/12/02,10,136,30,,,,,
2013/12/02,11,134,30,,,,,
2013/12/02,12,137,28,,,,,
2013/12/02,13,128,24,,,,,
2013/12/02,14,132,21,,,,,
2013/12/02,15,131,20,,,,,
2013/12/02,16,130,19,,,,,
2013/12/02,17,127,20,,,,,
2013/12/02,18,130,23,,,,,
2013/12/02,19,129,24,,,,,
2013/12/02,20,138,25,,,,,
2013/12/02,21,127,23,,,,,
2013/12/02,22,65,5,,,,,
2013/12/02,23,56,2,,,,,
2013/12/02,24,54,1,,,,,
2013/12/03,01,45,1,,,,,
2013/12/03,02,43,1,,,,,
2013/12/03,03,43,1,,,,,
2013/12/03,04,49,1,,,,,
2013/12/03,05,50,0,,,,,
2013/12/03,06,74,2,,,,,
2013/12/03,07,78,3,,,,,
2013/12/03,08,102,16,,,,,
2013/12/03,09,143,34,,,,,
2013/12/03,10,144,33,,,,,
2013/12/03,11,142,30,,,,,
2013/12/03,12,142,28,,,,,
2013/12/03,13,134,23,,,,,
2013/12/03,14,131,19,,,,,
2013/12/03,15,139,21,,,,,
2013/12/03,16,136,22,,,,,
2013/12/03,17,130,22,,,,,
2013/12/03,18,132,23,,,,,
2013/12/03,19,130,24,,,,,
2013/12/03,20,137,26,,,,,
2013/12/03,21,126,23,,,,,
2013/12/03,22,59,2,,,,,
2013/12/03,23,46,2,,,,,
2013/12/03,24,57,2,,,,,
2013/12/04,01,46,1,,,,,
2013/12/04,02,46,1,,,,,
2013/12/04,03,45,1,,,,,
2013/12/04,04,50,1,,,,,
2013/12/04,05,50,0,,,,,
2013/12/04,06,63,0,,,,,
2013/12/04,07,78,5,,,,,
2013/12/04,08,110,19,,,,,
2013/12/04,09,138,32,,,,,
2013/12/04,10,140,31,,,,,
2013/12/04,11,136,30,,,,,
2013/12/04,12,136,29,,,,,
2013/12/04,13,139,31,,,,,
2013/12/04,14,136,24,,,,,
2013/12/04,15,133,24,,,,,
2013/12/04,16,130,24,,,,,
2013/12/04,17,130,24,,,,,
2013/12/04,18,133,25,,,,,
2013/12/04,19,130,27,,,,,
2013/12/04,20,138,27,,,,,
2013/12/04,21,132,27,,,,,
2013/12/04,22,66,7,,,,,
2013/12/04,23,48,1,,,,,
2013/12/04,24,53,1,,,,,
2013/12/05,01,45,1,,,,,
2013/12/05,02,45,1,,,,,
2013/12/05,03,43,1,,,,,
2013/12/05,04,48,1,,,,,
2013/12/05,05,53,0,,,,,
2013/12/05,06,66,2,,,,,
2013/12/05,07,83,6,,,,,
2013/12/05,08,101,17,,,,,
2013/12/05,09,135,31,,,,,
2013/12/05,10,143,30,,,,,
2013/12/05,11,136,30,,,,,
2013/12/05,12,138,29,,,,,
2013/12/05,13,129,25,,,,,
2013/12/05,14,130,22,,,,,
2013/12/05,15,129,21,,,,,
2013/12/05,16,132,20,,,,,
2013/12/05,17,128,21,,,,,
2013/12/05,18,130,23,,,,,
2013/12/05,19,129,25,,,,,
2013/12/05,20,136,27,,,,,
2013/12/05,21,126,23,,,,,
2013/12/05,22,62,2,,,,,
2013/12/05,23,54,1,,,,,
2013/12/05,24,54,1,,,,,
2013/12/06,01,44,1,,,,,
2013/12/06,02,45,1,,,,,
2013/12/06,03,46,1,,,,,
2013/12/06,04,49,1,,,,,
2013/12/06,05,49,0,,,,,
2013/12/06,06,70,3,,,,,
2013/12/06,07,81,6,,,,,
2013/12/06,08,110,19,,,,,
2013/12/06,09,139,33,,,,,
2013/12/06,10,140,32,,,,,
2013/12/06,11,136,29,,,,,
2013/12/06,12,139,30,,,,,
2013/12/06,13,133,29,,,,,
2013/12/06,14,135,27,,,,,
2013/12/06,15,133,23,,,,,
2013/12/06,16,130,23,,,,,
2013/12/06,17,130,24,,,,,
2013/12/06,18,127,24,,,,,
2013/12/06,19,131,28,,,,,
2013/12/06,20,136,28,,,,,
2013/12/06,21,127,26,,,,,
2013/12/06,22,66,6,,,,,
2013/12/06,23,46,1,,,,,
2013/12/06,24,54,1,,,,,
2013/12/07,01,45,1,,,,,
2013/12/07,02,43,1,,,,,
2013/12/07,03,44,1,,,,,
2013/12/07,04,49,1,,,,,
2013/12/07,05,53,0,,,,,
2013/12/07,06,73,3,,,,,
2013/12/07,07,81,4,,,,,
2013/12/07,08,104,18,,,,,
2013/12/07,09,139,35,,,,,
2013/12/07,10,138,32,,,,,
2013/12/07,11,144,33,,,,,
2013/12/07,12,139,28,,,,,
2013/12/07,13,133,26,,,,,
2013/12/07,14,133,25,,,,,
2013/12/07,15,131,23,,,,,
2013/12/07,16,133,22,,,,,
2013/12/07,17,132,25,,,,,
2013/12/07,18,134,26,,,,,
2013/12/07,19,132,25,,,,,
2013/12/07,20,142,27,,,,,
2013/12/07,21,128,23,,,,,
2013/12/07,22,60,3,,,,,
2013/12/07,23,48,2,,,,,
2013/12/07,24,57,2,,,,,
2013/12/08,01,47,1,,,,,
2013/12/08,02,44,1,,,,,
2013/12/08,03,46,1,,,,,
2013/12/08,04,50,1,,,,,
2013/12/08,05,53,0,,,,,
2013/12/08,06,73,3,,,,,
2013/12/08,07,89,4,,,,,
2013/12/08,08,106,17,,,,,
2013/12/08,09,139,27,,,,,
2013/12/08,10,138,27,,,,,
2013/12/08,11,136,23,,,,,
2013/12/08,12,140,21,,,,,
2013/12/08,13,126,20,,,,,
2013/12/08,14,134,20,,,,,
2013/12/08,15,131,21,,,,,
2013/12/08,16,130,21,,,,,
2013/12/08,17,130,22,,,,,
2013/12/08,18,129,23,,,,,
2013/12/08,19,131,26,,,,,
2013/12/08,20,138,27,,,,,
2013/12/08,21,125,25,,,,,
2013/12/08,22,61,2,,,,,
2013/12/08,23,46,1,,,,,
2013/12/08,24,54,1,,,,,
2013/12/09,01,46,1,,,,,
2013/12/09,02,45,1,,,,,
2013/12/09,03,45,1,,,,,
2013/12/09,04,48,1,,,,,
2013/12/09,05,53,1,,,,,
2013/12/09,06,65,1,,,,,
2013/12/09,07,80,5,,,,,
2013/12/09,08,110,20,,,,,
2013/12/09,09,143,37,,,,,
2013/12/09,10,141,35,,,,,
2013/12/09,11,138,34,,,,,
2013/12/09,12,141,33,,,,,
2013/12/09,13,132,32,,,,,
2013/12/09,14,139,33,,,,,
2013/12/09,15,135,28,,,,,
2013/12/09,16,136,28,,,,,
2013/12/09,17,134,28,,,,,
2013/12/09,18,134,29,,,,,
2013/12/09,19,135,30,,,,,
2013/12/09,20,140,27,,,,,
2013/12/09,21,128,23,,,,,
2013/12/09,22,67,5,,,,,
2013/12/09,23,49,1,,,,,
2013/12/09,24,56,1,,,,,
2013/12/10,01,46,1,,,,,
2013/12/10,02,47,1,,,,,
2013/12/10,03,47,1,,,,,
2013/12/10,04,51,1,,,,,
2013/12/10,05,54,0,,,,,
2013/12/10,06,75,3,,,,,
2013/12/10,07,85,4,,,,,
2013/12/10,08,107,17,,,,,
2013/12/10,09,139,27,,,,,
2013/12/10,10,143,27,,,,,
2013/12/10,11,138,26,,,,,
2013/12/10,12,138,26,,,,,
2013/12/10,13,130,25,,,,,
2013/12/10,14,133,24,,,,,
2013/12/10,15,137,24,,,,,
2013/12/10,16,139,28,,,,,
2013/12/10,17,130,28,,,,,
2013/12/10,18,138,30,,,,,
2013/12/10,19,133,29,,,,,
2013/12/10,20,142,28,,,,,
2013/12/10,21,126,24,,,,,
2013/12/10,22,61,3,,,,,
2013/12/10,23,49,4,,,,,
2013/12/10,24,59,3,,,,,
2013/12/11,01,46,1,,,,,
2013/12/11,02,44,1,,,,,
2013/12/11,03,47,1,,,,,
2013/12/11,04,50,1,,,,,
2013/12/11,05,51,0,,,,,
2013/12/11,06,66,1,,,,,
2013/12/11,07,83,4,,,,,
2013/12/11,08,111,17,,,,,
2013/12/11,09,138,28,,,,,
2013/12/11,10,141,28,,,,,
2013/12/11,11,134,28,,,,,
2013/12/11,12,137,26,,,,,
2013/12/11,13,129,26,,,,,
2013/12/11,14,137,24,,,,,
2013/12/11,15,132,24,,,,,
2013/12/11,16,133,23,,,,,
2013/12/11,17,133,28,,,,,
2013/12/11,18,133,30,,,,,
2013/12/11,19,131,29,,,,,
2013/12/11,20,138,31,,,,,
2013/12/11,21,127,25,,,,,
2013/12/11,22,66,4,,,,,
2013/12/11,23,50,4,,,,,
2013/12/11,24,52,2,,,,,
2013/12/12,01,46,1,,,,,
2013/12/12,02,44,1,,,,,
2013/12/12,03,47,1,,,,,
2013/12/12,04,52,1,,,,,
2013/12/12,05,51,2,,,,,
2013/12/12,06,73,3,,,,,
2013/12/12,07,79,4,,,,,
2013/12/12,08,104,19,,,,,
2013/12/12,09,136,34,,,,,
2013/12/12,10,136,32,,,,,
2013/12/12,11,136,32,,,,,
2013/12/12,12,140,34,,,,,
2013/12/12,13,131,33,,,,,
2013/12/12,14,135,32,,,,,
2013/12/12,15,133,31,,,,,
2013/12/12,16,131,30,,,,,
2013/12/12,17,131,31,,,,,
2013/12/12,18,134,35,,,,,
2013/12/12,19,129,35,,,,,
2013/12/12,20,141,32,,,,,
2013/12/12,21,123,29,,,,,
2013/12/12,22,68,6,,,,,
2013/12/12,23,47,3,,,,,
2013/12/12,24,54,2,,,,,
2013/12/13,01,44,1,,,,,
2013/12/13,02,41,1,,,,,
2013/12/13,03,43,1,,,,,
2013/12/13,04,47,1,,,,,
2013/12/13,05,52,0,,,,,
2013/12/13,06,76,3,,,,,
2013/12/13,07,81,4,,,,,
2013/12/13,08,103,17,,,,,
2013/12/13,09,143,38,,,,,
2013/12/13,10,139,34,,,,,
2013/12/13,11,137,31,,,,,
2013/12/13,12,143,34,,,,,
2013/12/13,13,132,32,,,,,
2013/12/13,14,138,36,,,,,
2013/12/13,15,139,31,,,,,
2013/12/13,16,138,34,,,,,
2013/12/13,17,130,34,,,,,
2013/12/13,18,133,35,,,,,
2013/12/13,19,128,35,,,,,
2013/12/13,20,138,34,,,,,
2013/12/13,21,128,32,,,,,
2013/12/13,22,66,7,,,,,
2013/12/13,23,46,2,,,,,
2013/12/13,24,55,2,,,,,
2013/12/14,01,44,1,,,,,
2013/12/14,02,43,1,,,,,
2013/12/14,03,44,1,,,,,
2013/12/14,04,48,1,,,,,
2013/12/14,05,51,0,,,,,
2013/12/14,06,77,4,,,,,
2013/12/14,07,80,5,,,,,
2013/12/14,08,103,20,,,,,
2013/12/14,09,139,35,,,,,
2013/12/14,10,137,34,,,,,
2013/12/14,11,134,34,,,,,
2013/12/14,12,142,34,,,,,
2013/12/14,13,131,32,,,,,
2013/12/14,14,134,32,,,,,
2013/12/14,15,133,32,,,,,
2013/12/14,16,139,33,,,,,
2013/12/14,17,131,32,,,,,
2013/12/14,18,136,31,,,,,
2013/12/14,19,132,32,,,,,
2013/12/14,20,141,31,,,,,
2013/12/14,21,126,26,,,,,
2013/12/14,22,64,3,,,,,
2013/12/14,23,53,1,,,,,
2013/12/14,24,55,1,,,,,
2013/12/15,01,46,1,,,,,
2013/12/15,02,44,1,,,,,
2013/12/15,03,45,1,,,,,
2013/12/15,04,51,1,,,,,
2013/12/15,05,45,1,,,,,
2013/12/15,06,74,3,,,,,
2013/12/15,07,90,6,,,,,
2013/12/15,08,105,20,,,,,
2013/12/15,09,136,34,,,,,
2013/12/15,10,142,32,,,,,
2013/12/15,11,138,31,,,,,
2013/12/15,12,142,29,,,,,
2013/12/15,13,128,25,,,,,
2013/12/15,14,130,27,,,,,
2013/12/15,15,134,24,,,,,
2013/12/15,16,134,29,,,,,
2013/12/15,17,134,30,,,,,
2013/12/15,18,134,32,,,,,
2013/12/15,19,131,30,,,,,
2013/12/15,20,140,32,,,,,
2013/12/15,21,124,27,,,,,
2013/12/15,22,61,3,,,,,
2013/12/15,23,48,4,,,,,
2013/12/15,24,55,4,,,,,
2013/12/16,01,45,1,,,,,
2013/12/16,02,43,1,,,,,
2013/12/16,03,46,1,,,,,
2013/12/16,04,49,1,,,,,
2013/12/16,05,52,0,,,,,
2013/12/16,06,71,2,,,,,
2013/12/16,07,79,6,,,,,
2013/12/16,08,107,18,,,,,
2013/12/16,09,138,33,,,,,
2013/12/16,10,133,30,,,,,
2013/12/16,11,139,31,,,,,
2013/12/16,12,133,29,,,,,
2013/12/16,13,131,30,,,,,
2013/12/16,14,132,26,,,,,
2013/12/16,15,135,29,,,,,
2013/12/16,16,137,29,,,,,
2013/12/16,17,133,29,,,,,
2013/12/16,18,131,27,,,,,
2013/12/16,19,132,31,,,,,
2013/12/16,20,138,27,,,,,
2013/12/16,21,125,25,,,,,
2013/12/16,22,63,2,,,,,
2013/12/16,23,48,1,,,,,
2013/12/16,24,54,1,,,,,
2013/12/17,01,46,1,,,,,
2013/12/17,02,44,1,,,,,
2013/12/17,03,45,1,,,,,
2013/12/17,04,49,1,,,,,
2013/12/17,05,49,0,,,,,
2013/12/17,06,77,3,,,,,
2013/12/17,07,84,4,,,,,
2013/12/17,08,102,18,,,,,
2013/12/17,09,148,34,,,,,
2013/12/17,10,142,31,,,,,
2013/12/17,11,140,31,,,,,
2013/12/17,12,140,29,,,,,
2013/12/17,13,138,31,,,,,
2013/12/17,14,132,25,,,,,
2013/12/17,15,140,28,,,,,
2013/12/17,16,140,27,,,,,
2013/12/17,17,134,27,,,,,
2013/12/17,18,131,28,,,,,
2013/12/17,19,129,26,,,,,
2013/12/17,20,137,28,,,,,
2013/12/17,21,125,23,,,,,
2013/12/17,22,66,4,,,,,
2013/12/17,23,50,2,,,,,
2013/12/17,24,55,1,,,,,
2013/12/18,01,46,1,,,,,
2013/12/18,02,44,1,,,,,
2013/12/18,03,46,1,,,,,
2013/12/18,04,49,1,,,,,
2013/12/18,05,53,0,,,,,
2013/12/18,06,70,2,,,,,
2013/12/18,07,79,4,,,,,
2013/12/18,08,108,18,,,,,
2013/12/18,09,134,26,,,,,
2013/12/18,10,138,28,,,,,
2013/12/18,11,137,31,,,,,
2013/12/18,12,136,32,,,,,
2013/12/18,13,132,31,,,,,
2013/12/18,14,144,36,,,,,
2013/12/18,15,133,27,,,,,
2013/12/18,16,139,30,,,,,
2013/12/18,17,133,31,,,,,
2013/12/18,18,132,30,,,,,
2013/12/18,19,132,31,,,,,
2013/12/18,20,141,30,,,,,
2013/12/18,21,128,29,,,,,
2013/12/18,22,68,6,,,,,
2013/12/18,23,50,2,,,,,
2013/12/18,24,55,1,,,,,
2013/12/19,01,46,1,,,,,
2013/12/19,02,45,1,,,,,
2013/12/19,03,46,1,,,,,
2013/12/19,04,49,1,,,,,
2013/12/19,05,53,0,,,,,
2013/12/19,06,66,2,,,,,
2013/12/19,07,85,4,,,,,
2013/12/19,08,107,17,,,,,
2013/12/19,09,141,31,,,,,
2013/12/19,10,141,31,,,,,
2013/12/19,11,136,31,,,,,
2013/12/19,12,140,29,,,,,
2013/12/19,13,134,30,,,,,
2013/12/19,14,133,28,,,,,
2013/12/19,15,133,26,,,,,
2013/12/19,16,137,26,,,,,
2013/12/19,17,132,25,,,,,
2013/12/19,18,133,27,,,,,
2013/12/19,19,132,28,,,,,
2013/12/19,20,140,31,,,,,
2013/12/19,21,129,28,,,,,
2013/12/19,22,64,5,,,,,
2013/12/19,23,49,2,,,,,
2013/12/19,24,56,2,,,,,
2013/12/20,01,46,1,,,,,
2013/12/20,02,44,1,,,,,
2013/12/20,03,45,1,,,,,
2013/12/20,04,50,1,,,,,
2013/12/20,05,51,0,,,,,
2013/12/20,06,75,3,,,,,
2013/12/20,07,82,5,,,,,
2013/12/20,08,105,18,,,,,
2013/12/20,09,141,34,,,,,
2013/12/20,10,141,34,,,,,
2013/12/20,11,140,34,,,,,
2013/12/20,12,140,34,,,,,
2013/12/20,13,128,29,,,,,
2013/12/20,14,135,35,,,,,
2013/12/20,15,138,35,,,,,
2013/12/20,16,137,30,,,,,
2013/12/20,17,131,32,,,,,
2013/12/20,18,132,32,,,,,
2013/12/20,19,131,32,,,,,
2013/12/20,20,140,33,,,,,
2013/12/20,21,128,27,,,,,
2013/12/20,22,62,5,,,,,
2013/12/20,23,49,3,,,,,
2013/12/20,24,54,1,,,,,
2013/12/21,01,45,1,,,,,
2013/12/21,02,42,1,,,,,
2013/12/21,03,45,1,,,,,
2013/12/21,04,47,1,,,,,
2013/12/21,05,50,0,,,,,
2013/12/21,06,78,4,,,,,
2013/12/21,07,81,5,,,,,
2013/12/21,08,106,20,,,,,
2013/12/21,09,139,33,,,,,
2013/12/21,10,139,33,,,,,
2013/12/21,11,138,32,,,,,
2013/12/21,12,141,33,,,,,
2013/12/21,13,136,35,,,,,
2013/12/21,14,138,37,,,,,
2013/12/21,15,135,30,,,,,
2013/12/21,16,138,33,,,,,
2013/12/21,17,133,33,,,,,
2013/12/21,18,135,32,,,,,
2013/12/21,19,135,32,,,,,
2013/12/21,20,140,32,,,,,
2013/12/21,21,130,30,,,,,
2013/12/21,22,64,8,,,,,
2013/12/21,23,47,3,,,,,
2013/12/21,24,54,2,,,,,
2013/12/22,01,45,1,,,,,
2013/12/22,02,43,1,,,,,
2013/12/22,03,44,1,,,,,
2013/12/22,04,48,1,,,,,
2013/12/22,05,54,1,,,,,
2013/12/22,06,81,4,,,,,
2013/12/22,07,85,4,,,,,
2013/12/22,08,101,17,,,,,
2013/12/22,09,141,32,,,,,
2013/12/22,10,138,32,,,,,
2013/12/22,11,137,32,,,,,
2013/12/22,12,142,32,,,,,
2013/12/22,13,132,34,,,,,
2013/12/22,14,140,36,,,,,
2013/12/22,15,139,31,,,,,
2013/12/22,16,140,32,,,,,
2013/12/22,17,132,31,,,,,
2013/12/22,18,138,32,,,,,
2013/12/22,19,133,32,,,,,
2013/12/22,20,140,32,,,,,
2013/12/22,21,126,29,,,,,
2013/12/22,22,62,4,,,,,
2013/12/22,23,49,2,,,,,
2013/12/22,24,56,2,,,,,
2013/12/23,01,45,1,,,,,
2013/12/23,02,44,1,,,,,
2013/12/23,03,44,1,,,,,
2013/12/23,04,55,2,,,,,
2013/12/23,05,69,4,,,,,
2013/12/23,06,83,4,,,,,
2013/12/23,07,84,5,,,,,
2013/12/23,08,109,20,,,,,
2013/12/23,09,143,36,,,,,
2013/12/23,10,138,33,,,,,
2013/12/23,11,138,31,,,,,
2013/12/23,12,139,30,,,,,
2013/12/23,13,128,28,,,,,
2013/12/23,14,138,30,,,,,
2013/12/23,15,135,30,,,,,
2013/12/23,16,138,26,,,,,
2013/12/23,17,134,27,,,,,
2013/12/23,18,133,31,,,,,
2013/12/23,19,129,31,,,,,
2013/12/23,20,137,28,,,,,
2013/12/23,21,124,24,,,,,
2013/12/23,22,62,2,,,,,
2013/12/23,23,50,1,,,,,
2013/12/23,24,55,1,,,,,
2013/12/24,01,45,1,,,,,
2013/12/24,02,44,1,,,,,
2013/12/24,03,49,2,,,,,
2013/12/24,04,70,4,,,,,
2013/12/24,05,73,4,,,,,
2013/12/24,06,81,4,,,,,
2013/12/24,07,87,4,,,,,
2013/12/24,08,111,19,,,,,
2013/12/24,09,140,31,,,,,
2013/12/24,10,142,34,,,,,
2013/12/24,11,142,30,,,,,
2013/12/24,12,148,29,,,,,
2013/12/24,13,138,27,,,,,
2013/12/24,14,141,27,,,,,
2013/12/24,15,139,24,,,,,
2013/12/24,16,138,29,,,,,
2013/12/24,17,136,29,,,,,
2013/12/24,18,138,30,,,,,
2013/12/24,19,130,31,,,,,
2013/12/24,20,137,28,,,,,
2013/12/24,21,124,26,,,,,
2013/12/24,22,60,3,,,,,
2013/12/24,23,49,3,,,,,
2013/12/24,24,56,2,,,,,
2013/12/25,01,45,1,,,,,
2013/12/25,02,44,1,,,,,
2013/12/25,03,47,1,,,,,
2013/12/25,04,50,1,,,,,
2013/12/25,05,56,2,,,,,
2013/12/25,06,86,5,,,,,
2013/12/25,07,84,6,,,,,
2013/12/25,08,109,19,,,,,
2013/12/25,09,138,30,,,,,
2013/12/25,10,134,27,,,,,
2013/12/25,11,138,29,,,,,
2013/12/25,12,140,30,,,,,
2013/12/25,13,130,28,,,,,
2013/12/25,14,131,26,,,,,
2013/12/25,15,136,24,,,,,
2013/12/25,16,136,26,,,,,
2013/12/25,17,129,28,,,,,
2013/12/25,18,133,30,,,,,
2013/12/25,19,129,32,,,,,
2013/12/25,20,138,31,,,,,
2013/12/25,21,126,29,,,,,
2013/12/25,22,62,8,,,,,
2013/12/25,23,45,3,,,,,
2013/12/25,24,53,2,,,,,
2013/12/26,01,45,1,,,,,
2013/12/26,02,42,1,,,,,
2013/12/26,03,44,1,,,,,
2013/12/26,04,47,1,,,,,
2013/12/26,05,51,0,,,,,
2013/12/26,06,73,4,,,,,
2013/12/26,07,82,4,,,,,
2013/12/26,08,106,19,,,,,
2013/12/26,09,136,33,,,,,
2013/12/26,10,139,34,,,,,
2013/12/26,11,133,33,,,,,
2013/12/26,12,139,35,,,,,
2013/12/26,13,133,38,,,,,
2013/12/26,14,135,36,,,,,
2013/12/26,15,139,35,,,,,
2013/12/26,16,137,31,,,,,
2013/12/26,17,132,31,,,,,
2013/12/26,18,135,34,,,,,
2013/12/26,19,132,32,,,,,
2013/12/26,20,140,30,,,,,
2013/12/26,21,125,28,,,,,
2013/12/26,22,59,3,,,,,
2013/12/26,23,51,2,,,,,
2013/12/26,24,55,1,,,,,
2013/12/27,01,45,1,,,,,
2013/12/27,02,44,1,,,,,
2013/12/27,03,45,1,,,,,
2013/12/27,04,49,1,,,,,
2013/12/27,05,51,0,,,,,
2013/12/27,06,69,2,,,,,
2013/12/27,07,81,4,,,,,
2013/12/27,08,108,18,,,,,
2013/12/27,09,133,30,,,,,
2013/12/27,10,140,31,,,,,
2013/12/27,11,135,29,,,,,
2013/12/27,12,138,29,,,,,
2013/12/27,13,132,28,,,,,
2013/12/27,14,136,34,,,,,
2013/12/27,15,135,33,,,,,
2013/12/27,16,134,33,,,,,
2013/12/27,17,132,33,,,,,
2013/12/27,18,136,33,,,,,
2013/12/27,19,129,33,,,,,
2013/12/27,20,142,33,,,,,
2013/12/27,21,123,29,,,,,
2013/12/27,22,60,6,,,,,
2013/12/27,23,44,1,,,,,
2013/12/27,24,51,1,,,,,
2013/12/28,01,42,1,,,,,
2013/12/28,02,41,1,,,,,
2013/12/28,03,42,1,,,,,
2013/12/28,04,47,1,,,,,
2013/12/28,05,48,0,,,,,
2013/12/28,06,76,4,,,,,
2013/12/28,07,79,4,,,,,
2013/12/28,08,106,18,,,,,
2013/12/28,09,142,36,,,,,
2013/12/28,10,141,36,,,,,
2013/12/28,11,138,33,,,,,
2013/12/28,12,143,33,,,,,
2013/12/28,13,135,38,,,,,
2013/12/28,14,135,33,,,,,
2013/12/28,15,136,34,,,,,
2013/12/28,16,134,30,,,,,
2013/12/28,17,138,36,,,,,
2013/12/28,18,134,33,,,,,
2013/12/28,19,130,33,,,,,
2013/12/28,20,140,33,,,,,
2013/12/28,21,125,29,,,,,
2013/12/28,22,57,3,,,,,
2013/12/28,23,45,2,,,,,
2013/12/28,24,53,2,,,,,
2013/12/29,01,43,1,,,,,
2013/12/29,02,42,1,,,,,
2013/12/29,03,42,1,,,,,
2013/12/29,04,46,1,,,,,
2013/12/29,05,47,1,,,,,
2013/12/29,06,82,6,,,,,
2013/12/29,07,81,4,,,,,
2013/12/29,08,110,22,,,,,
2013/12/29,09,140,37,,,,,
2013/12/29,10,144,36,,,,,
2013/12/29,11,136,34,,,,,
2013/12/29,12,139,32,,,,,
2013/12/29,13,136,32,,,,,
2013/12/29,14,135,31,,,,,
2013/12/29,15,135,33,,,,,
2013/12/29,16,137,33,,,,,
2013/12/29,17,131,33,,,,,
2013/12/29,18,134,34,,,,,
2013/12/29,19,132,35,,,,,
2013/12/29,20,139,35,,,,,
2013/12/29,21,125,31,,,,,
2013/12/29,22,60,3,,,,,
2013/12/29,23,46,2,,,,,
2013/12/29,24,51,1,,,,,
2013/12/30,01,43,1,,,,,
2013/12/30,02,41,1,,,,,
2013/12/30,03,43,1,,,,,
2013/12/30,04,53,0,,,,,
2013/12/30,05,58,3,,,,,
2013/12/30,06,82,5,,,,,
2013/12/30,07,83,4,,,,,
2013/12/30,08,103,19,,,,,
2013/12/30,09,139,33,,,,,
2013/12/30,10,140,34,,,,,
2013/12/30,11,140,36,,,,,
2013/12/30,12,138,35,,,,,
2013/12/30,13,127,28,,,,,
2013/12/30,14,134,32,,,,,
2013/12/30,15,137,31,,,,,
2013/12/30,16,132,26,,,,,
2013/12/30,17,133,30,,,,,
2013/12/30,18,135,30,,,,,
2013/12/30,19,133,32,,,,,
2013/12/30,20,138,31,,,,,
2013/12/30,21,121,24,,,,,
2013/12/30,22,60,2,,,,,
2013/12/30,23,47,1,,,,,
2013/12/30,24,53,1,,,,,
2013/12/31,01,44,1,,,,,
2013/12/31,02,42,1,,,,,
2013/12/31,03,51,2,,,,,
2013/12/31,04,77,6,,,,,
2013/12/31,05,78,5,,,,,
2013/12/31,06,84,6,,,,,
2013/12/31,07,81,4,,,,,
2013/12/31,08,102,18,,,,,
2013/12/31,09,144,36,,,,,
2013/12/31,10,137,34,,,,,
2013/12/31,11,143,35,,,,,
2013/12/31,12,138,29,,,,,
2013/12/31,13,136,29,,,,,
2013/12/31,14,138,32,,,,,
2013/12/31,15,130,25,,,,,
2013/12/31,16,131,24,,,,,
2013/12/31,17,135,27,,,,,
2013/12/31,18,133,30,,,,,
2013/12/31,19,125,30,,,,,
2013/12/31,20,103,20,,,,,
2013/12/31,21,61,2,,,,,
2013/12/31,22,49,1,,,,,
2013/12/31,23,44,1,,,,,
2013/12/31,24,51,1,,,,,
2014/01/01,01,45,1,,,,,
2014/01/01,02,43,1,,,,,
2014/01/01,03,44,1,,,,,
2014/01/01,04,48,1,,,,,
2014/01/01,05,43,1,,,,,
2014/01/01,06,48,1,,,,,
2014/01/01,07,45,1,,,,,
2014/01/01,08,56,1,,,,,
2014/01/01,09,47,1,,,,,
2014/01/01,10,45,1,,,,,
2014/01/01,11,45,1,,,,,
2014/01/01,12,54,0,,,,,
2014/01/01,13,47,0,,,,,
2014/01/01,14,47,0,,,,,
2014/01/01,15,48,0,,,,,
2014/01/01,16,54,1,,,,,
2014/01/01,17,47,1,,,,,
2014/01/01,18,49,1,,,,,
2014/01/01,19,45,1,,,,,
2014/01/01,20,59,1,,,,,
2014/01/01,21,47,1,,,,,
2014/01/01,22,43,1,,,,,
2014/01/01,23,44,1,,,,,
2014/01/01,24,53,1,,,,,
2014/01/02,01,42,1,,,,,
2014/01/02,02,42,1,,,,,
2014/01/02,03,43,1,,,,,
2014/01/02,04,48,1,,,,,
2014/01/02,05,64,5,,,,,
2014/01/02,06,65,4,,,,,
2014/01/02,07,77,4,,,,,
2014/01/02,08,88,4,,,,,
2014/01/02,09,104,25,,,,,
2014/01/02,10,141,40,,,,,
2014/01/02,11,135,35,,,,,
2014/01/02,12,140,31,,,,,
2014/01/02,13,130,29,,,,,
2014/01/02,14,133,28,,,,,
2014/01/02,15,131,28,,,,,
2014/01/02,16,132,26,,,,,
2014/01/02,17,132,29,,,,,
2014/01/02,18,132,30,,,,,
2014/01/02,19,127,30,,,,,
2014/01/02,20,91,8,,,,,
2014/01/02,21,53,2,,,,,
2014/01/02,22,46,1,,,,,
2014/01/02,23,44,1,,,,,
2014/01/02,24,54,1,,,,,
2014/01/03,01,44,1,,,,,
2014/01/03,02,44,1,,,,,
2014/01/03,03,45,1,,,,,
2014/01/03,04,49,1,,,,,
2014/01/03,05,47,0,,,,,
2014/01/03,06,67,5,,,,,
2014/01/03,07,76,8,,,,,
2014/01/03,08,85,5,,,,,
2014/01/03,09,110,26,,,,,
2014/01/03,10,142,44,,,,,
2014/01/03,11,139,37,,,,,
2014/01/03,12,139,33,,,,,
2014/01/03,13,129,29,,,,,
2014/01/03,14,136,30,,,,,
2014/01/03,15,131,27,,,,,
2014/01/03,16,131,26,,,,,
2014/01/03,17,128,27,,,,,
2014/01/03,18,127,26,,,,,
2014/01/03,19,127,29,,,,,
2014/01/03,20,88,5,,,,,
2014/01/03,21,54,1,,,,,
2014/01/03,22,47,1,,,,,
2014/01/03,23,44,1,,,,,
2014/01/03,24,54,1,,,,,
2014/01/04,01,44,1,,,,,
2014/01/04,02,43,1,,,,,
2014/01/04,03,44,1,,,,,
2014/01/04,04,48,1,,,,,
2014/01/04,05,50,0,,,,,
2014/01/04,06,76,4,,,,,
2014/01/04,07,83,4,,,,,
2014/01/04,08,103,19,,,,,
2014/01/04,09,140,37,,,,,
2014/01/04,10,135,33,,,,,
2014/01/04,11,136,35,,,,,
2014/01/04,12,134,31,,,,,
2014/01/04,13,127,28,,,,,
2014/01/04,14,133,29,,,,,
2014/01/04,15,131,27,,,,,
2014/01/04,16,135,28,,,,,
2014/01/04,17,130,29,,,,,
2014/01/04,18,129,29,,,,,
2014/01/04,19,127,30,,,,,
2014/01/04,20,138,30,,,,,
2014/01/04,21,124,27,,,,,
2014/01/04,22,62,3,,,,,
2014/01/04,23,51,2,,,,,
2014/01/04,24,55,2,,,,,
2014/01/05,01,45,1,,,,,
2014/01/05,02,44,1,,,,,
2014/01/05,03,45,1,,,,,
2014/01/05,04,48,1,,,,,
2014/01/05,05,65,5,,,,,
2014/01/05,06,79,6,,,,,
2014/01/05,07,79,5,,,,,
2014/01/05,08,104,20,,,,,
2014/01/05,09,140,34,,,,,
2014/01/05,10,137,34,,,,,
2014/01/05,11,136,33,,,,,
2014/01/05,12,138,29,,,,,
2014/01/05,13,124,28,,,,,
2014/01/05,14,131,30,,,,,
2014/01/05,15,128,29,,,,,
2014/01/05,16,129,26,,,,,
2014/01/05,17,128,30,,,,,
2014/01/05,18,130,29,,,,,
2014/01/05,19,126,32,,,,,
2014/01/05,20,137,28,,,,,
2014/01/05,21,125,28,,,,,
2014/01/05,22,59,2,,,,,
2014/01/05,23,46,3,,,,,
2014/01/05,24,57,4,,,,,
2014/01/06,01,43,1,,,,,
2014/01/06,02,41,1,,,,,
2014/01/06,03,44,1,,,,,
2014/01/06,04,48,1,,,,,
2014/01/06,05,50,1,,,,,
2014/01/06,06,72,3,,,,,
2014/01/06,07,79,7,,,,,
2014/01/06,08,110,19,,,,,
2014/01/06,09,139,35,,,,,
2014/01/06,10,139,34,,,,,
2014/01/06,11,131,29,,,,,
2014/01/06,12,138,30,,,,,
2014/01/06,13,128,27,,,,,
2014/01/06,14,129,25,,,,,
2014/01/06,15,131,26,,,,,
2014/01/06,16,131,27,,,,,
2014/01/06,17,131,28,,,,,
2014/01/06,18,131,31,,,,,
2014/01/06,19,127,30,,,,,
2014/01/06,20,138,30,,,,,
2014/01/06,21,124,28,,,,,
2014/01/06,22,61,5,,,,,
2014/01/06,23,45,1,,,,,
2014/01/06,24,52,1,,,,,
2014/01/07,01,42,1,,,,,
2014/01/07,02,44,1,,,,,
2014/01/07,03,42,1,,,,,
2014/01/07,04,46,1,,,,,
2014/01/07,05,47,0,,,,,
2014/01/07,06,75,4,,,,,
2014/01/07,07,86,13,,,,,
2014/01/07,08,101,21,,,,,
2014/01/07,09,140,36,,,,,
2014/01/07,10,138,33,,,,,
2014/01/07,11,139,35,,,,,
2014/01/07,12,145,36,,,,,
2014/01/07,13,128,28,,,,,
2014/01/07,14,132,25,,,,,
2014/01/07,15,132,25,,,,,
2014/01/07,16,130,25,,,,,
2014/01/07,17,130,25,,,,,
2014/01/07,18,133,28,,,,,
2014/01/07,19,128,30,,,,,
2014/01/07,20,141,30,,,,,
2014/01/07,21,125,27,,,,,
2014/01/07,22,59,5,,,,,
2014/01/07,23,45,2,,,,,
2014/01/07,24,53,1,,,,,
2014/01/08,01,44,1,,,,,
2014/01/08,02,43,1,,,,,
2014/01/08,03,43,1,,,,,
2014/01/08,04,53,0,,,,,
2014/01/08,05,46,1,,,,,
2014/01/08,06,61,1,,,,,
2014/01/08,07,85,4,,,,,
2014/01/08,08,113,18,,,,,
2014/01/08,09,141,33,,,,,
2014/01/08,10,141,34,,,,,
2014/01/08,11,134,32,,,,,
2014/01/08,12,141,32,,,,,
2014/01/08,13,132,33,,,,,
2014/01/08,14,133,31,,,,,
2014/01/08,15,134,30,,,,,
2014/01/08,16,137,28,,,,,
2014/01/08,17,129,28,,,,,
2014/01/08,18,133,32,,,,,
2014/01/08,19,130,28,,,,,
2014/01/08,20,138,26,,,,,
2014/01/08,21,126,26,,,,,
2014/01/08,22,60,5,,,,,
2014/01/08,23,46,1,,,,,
2014/01/08,24,54,1,,,,,
2014/01/09,01,46,1,,,,,
2014/01/09,02,45,1,,,,,
2014/01/09,03,44,1,,,,,
2014/01/09,04,49,1,,,,,
2014/01/09,05,49,0,,,,,
2014/01/09,06,80,5,,,,,
2014/01/09,07,80,4,,,,,
2014/01/09,08,105,20,,,,,
2014/01/09,09,139,34,,,,,
2014/01/09,10,135,30,,,,,
2014/01/09,11,135,29,,,,,
2014/01/09,12,137,30,,,,,
2014/01/09,13,129,31,,,,,
2014/01/09,14,134,29,,,,,
2014/01/09,15,127,27,,,,,
2014/01/09,16,133,32,,,,,
2014/01/09,17,131,32,,,,,
2014/01/09,18,131,31,,,,,
2014/01/09,19,129,31,,,,,
2014/01/09,20,136,32,,,,,
2014/01/09,21,124,30,,,,,
2014/01/09,22,63,6,,,,,
2014/01/09,23,46,1,,,,,
2014/01/09,24,51,1,,,,,
2014/01/10,01,42,1,,,,,
2014/01/10,02,41,1,,,,,
2014/01/10,03,42,1,,,,,
2014/01/10,04,47,1,,,,,
2014/01/10,05,47,0,,,,,
2014/01/10,06,67,4,,,,,
2014/01/10,07,79,6,,,,,
2014/01/10,08,111,20,,,,,
2014/01/10,09,139,36,,,,,
2014/01/10,10,140,35,,,,,
2014/01/10,11,140,35,,,,,
2014/01/10,12,141,33,,,,,
2014/01/10,13,131,34,,,,,
2014/01/10,14,135,36,,,,,
2014/01/10,15,134,32,,,,,
2014/01/10,16,133,32,,,,,
2014/01/10,17,133,34,,,,,
2014/01/10,18,134,34,,,,,
2014/01/10,19,129,34,,,,,
2014/01/10,20,138,34,,,,,
2014/01/10,21,123,30,,,,,
2014/01/10,22,54,3,,,,,
2014/01/10,23,42,1,,,,,
2014/01/10,24,50,1,,,,,
2014/01/11,01,43,1,,,,,
2014/01/11,02,41,1,,,,,
2014/01/11,03,44,1,,,,,
2014/01/11,04,47,1,,,,,
2014/01/11,05,48,0,,,,,
2014/01/11,06,74,4,,,,,
2014/01/11,07,80,5,,,,,
2014/01/11,08,107,21,,,,,
2014/01/11,09,137,36,,,,,
2014/01/11,10,141,35,,,,,
2014/01/11,11,140,35,,,,,
2014/01/11,12,139,32,,,,,
2014/01/11,13,130,30,,,,,
2014/01/11,14,131,29,,,,,
2014/01/11,15,134,30,,,,,
2014/01/11,16,130,27,,,,,
2014/01/11,17,133,32,,,,,
2014/01/11,18,133,31,,,,,
2014/01/11,19,131,33,,,,,
2014/01/11,20,139,33,,,,,
2014/01/11,21,124,30,,,,,
2014/01/11,22,63,8,,,,,
2014/01/11,23,43,2,,,,,
2014/01/11,24,52,2,,,,,
2014/01/12,01,43,1,,,,,
2014/01/12,02,42,1,,,,,
2014/01/12,03,42,1,,,,,
2014/01/12,04,45,1,,,,,
2014/01/12,05,46,0,,,,,
2014/01/12,06,72,4,,,,,
2014/01/12,07,81,11,,,,,
2014/01/12,08,104,21,,,,,
2014/01/12,09,136,35,,,,,
2014/01/12,10,138,35,,,,,
2014/01/12,11,138,34,,,,,
2014/01/12,12,141,33,,,,,
2014/01/12,13,133,31,,,,,
2014/01/12,14,129,30,,,,,
2014/01/12,15,132,29,,,,,
2014/01/12,16,134,30,,,,,
2014/01/12,17,133,32,,,,,
2014/01/12,18,132,32,,,,,
2014/01/12,19,128,31,,,,,
2014/01/12,20,136,31,,,,,
2014/01/12,21,124,26,,,,,
2014/01/12,22,62,4,,,,,
2014/01/12,23,47,2,,,,,
2014/01/12,24,54,2,,,,,
2014/01/13,01,45,1,,,,,
2014/01/13,02,42,1,,,,,
2014/01/13,03,43,1,,,,,
2014/01/13,04,51,0,,,,,
2014/01/13,05,45,1,,,,,
2014/01/13,06,74,5,,,,,
2014/01/13,07,81,8,,,,,
2014/01/13,08,109,21,,,,,
2014/01/13,09,135,33,,,,,
2014/01/13,10,138,34,,,,,
2014/01/13,11,135,30,,,,,
2014/01/13,12,140,32,,,,,
2014/01/13,13,127,30,,,,,
2014/01/13,14,128,29,,,,,
2014/01/13,15,134,29,,,,,
2014/01/13,16,135,31,,,,,
2014/01/13,17,133,33,,,,,
2014/01/13,18,132,34,,,,,
2014/01/13,19,130,33,,,,,
2014/01/13,20,138,31,,,,,
2014/01/13,21,126,29,,,,,
2014/01/13,22,59,4,,,,,
2014/01/13,23,45,1,,,,,
2014/01/13,24,51,1,,,,,
2014/01/14,01,43,1,,,,,
2014/01/14,02,41,1,,,,,
2014/01/14,03,42,1,,,,,
2014/01/14,04,46,1,,,,,
2014/01/14,05,47,0,,,,,
2014/01/14,06,75,5,,,,,
2014/01/14,07,81,6,,,,,
2014/01/14,08,103,20,,,,,
2014/01/14,09,141,34,,,,,
2014/01/14,10,140,34,,,,,
2014/01/14,11,139,36,,,,,
2014/01/14,12,142,31,,,,,
2014/01/14,13,131,30,,,,,
2014/01/14,14,133,33,,,,,
2014/01/14,15,137,29,,,,,
2014/01/14,16,132,26,,,,,
2014/01/14,17,132,28,,,,,
2014/01/14,18,132,28,,,,,
2014/01/14,19,129,28,,,,,
2014/01/14,20,139,32,,,,,
2014/01/14,21,123,28,,,,,
2014/01/14,22,61,5,,,,,
2014/01/14,23,50,4,,,,,
2014/01/14,24,55,4,,,,,
2014/01/15,01,45,1,,,,,
2014/01/15,02,43,1,,,,,
2014/01/15,03,44,1,,,,,
2014/01/15,04,47,1,,,,,
2014/01/15,05,50,0,,,,,
2014/01/15,06,79,5,,,,,
2014/01/15,07,80,4,,,,,
2014/01/15,08,104,20,,,,,
2014/01/15,09,138,34,,,,,
2014/01/15,10,136,34,,,,,
2014/01/15,11,136,33,,,,,
2014/01/15,12,138,31,,,,,
2014/01/15,13,131,31,,,,,
2014/01/15,14,137,34,,,,,
2014/01/15,15,134,27,,,,,
2014/01/15,16,133,26,,,,,
2014/01/15,17,131,27,,,,,
2014/01/15,18,133,30,,,,,
2014/01/15,19,131,31,,,,,
2014/01/15,20,140,32,,,,,
2014/01/15,21,127,29,,,,,
2014/01/15,22,62,7,,,,,
2014/01/15,23,47,3,,,,,
2014/01/15,24,53,2,,,,,
2014/01/16,01,43,1,,,,,
2014/01/16,02,41,1,,,,,
2014/01/16,03,44,1,,,,,
2014/01/16,04,47,1,,,,,
2014/01/16,05,47,0,,,,,
2014/01/16,06,65,2,,,,,
2014/01/16,07,82,4,,,,,
2014/01/16,08,109,19,,,,,
2014/01/16,09,143,37,,,,,
2014/01/16,10,138,34,,,,,
2014/01/16,11,138,32,,,,,
2014/01/16,12,139,29,,,,,
2014/01/16,13,132,33,,,,,
2014/01/16,14,134,32,,,,,
2014/01/16,15,130,28,,,,,
2014/01/16,16,132,29,,,,,
2014/01/16,17,130,28,,,,,
2014/01/16,18,129,30,,,,,
2014/01/16,19,125,27,,,,,
2014/01/16,20,138,32,,,,,
2014/01/16,21,129,30,,,,,
2014/01/16,22,61,7,,,,,
2014/01/16,23,47,2,,,,,
2014/01/16,24,56,1,,,,,
2014/01/17,01,45,1,,,,,
2014/01/17,02,42,1,,,,,
2014/01/17,03,44,1,,,,,
2014/01/17,04,47,1,,,,,
2014/01/17,05,48,0,,,,,
2014/01/17,06,64,2,,,,,
2014/01/17,07,76,4,,,,,
2014/01/17,08,114,21,,,,,
2014/01/17,09,137,33,,,,,
2014/01/17,10,138,30,,,,,
2014/01/17,11,132,29,,,,,
2014/01/17,12,136,25,,,,,
2014/01/17,13,127,25,,,,,
2014/01/17,14,132,24,,,,,
2014/01/17,15,131,23,,,,,
2014/01/17,16,130,28,,,,,
2014/01/17,17,129,28,,,,,
2014/01/17,18,133,30,,,,,
2014/01/17,19,129,31,,,,,
2014/01/17,20,136,32,,,,,
2014/01/17,21,127,30,,,,,
2014/01/17,22,57,3,,,,,
2014/01/17,23,43,1,,,,,
2014/01/17,24,54,1,,,,,
2014/01/18,01,44,1,,,,,
2014/01/18,02,43,1,,,,,
2014/01/18,03,44,1,,,,,
2014/01/18,04,48,1,,,,,
2014/01/18,05,49,0,,,,,
2014/01/18,06,73,4,,,,,
2014/01/18,07,82,5,,,,,
2014/01/18,08,109,20,,,,,
2014/01/18,09,140,36,,,,,
2014/01/18,10,136,34,,,,,
2014/01/18,11,137,34,,,,,
2014/01/18,12,145,32,,,,,
2014/01/18,13,134,31,,,,,
2014/01/18,14,134,28,,,,,
2014/01/18,15,129,26,,,,,
2014/01/18,16,139,30,,,,,
2014/01/18,17,133,31,,,,,
2014/01/18,18,134,32,,,,,
2014/01/18,19,128,33,,,,,
2014/01/18,20,136,32,,,,,
2014/01/18,21,125,30,,,,,
2014/01/18,22,60,7,,,,,
2014/01/18,23,44,2,,,,,
2014/01/18,24,53,1,,,,,
2014/01/19,01,42,1,,,,,
2014/01/19,02,42,1,,,,,
2014/01/19,03,43,1,,,,,
2014/01/19,04,47,1,,,,,
2014/01/19,05,47,0,,,,,
2014/01/19,06,67,3,,,,,
2014/01/19,07,82,7,,,,,
2014/01/19,08,107,21,,,,,
2014/01/19,09,140,37,,,,,
2014/01/19,10,138,36,,,,,
2014/01/19,11,140,36,,,,,
2014/01/19,12,142,36,,,,,
2014/01/19,13,132,33,,,,,
2014/01/19,14,135,32,,,,,
2014/01/19,15,139,33,,,,,
2014/01/19,16,133,33,,,,,
2014/01/19,17,131,33,,,,,
2014/01/19,18,140,35,,,,,
2014/01/19,19,130,35,,,,,
2014/01/19,20,134,33,,,,,
2014/01/19,21,130,32,,,,,
2014/01/19,22,61,6,,,,,
2014/01/19,23,48,2,,,,,
2014/01/19,24,53,2,,,,,
2014/01/20,01,44,1,,,,,
2014/01/20,02,40,1,,,,,
2014/01/20,03,41,1,,,,,
2014/01/20,04,50,1,,,,,
2014/01/20,05,45,1,,,,,
2014/01/20,06,73,5,,,,,
2014/01/20,07,78,7,,,,,
2014/01/20,08,102,21,,,,,
2014/01/20,09,140,36,,,,,
2014/01/20,10,137,35,,,,,
2014/01/20,11,139,37,,,,,
2014/01/20,12,151,37,,,,,
2014/01/20,13,132,36,,,,,
2014/01/20,14,140,40,,,,,
2014/01/20,15,136,37,,,,,
2014/01/20,16,139,37,,,,,
2014/01/20,17,135,33,,,,,
2014/01/20,18,135,34,,,,,
2014/01/20,19,131,33,,,,,
2014/01/20,20,140,34,,,,,
2014/01/20,21,127,31,,,,,
2014/01/20,22,58,5,,,,,
2014/01/20,23,51,2,,,,,
2014/01/20,24,53,1,,,,,
2014/01/21,01,42,1,,,,,
2014/01/21,02,41,1,,,,,
2014/01/21,03,43,1,,,,,
2014/01/21,04,46,1,,,,,
2014/01/21,05,48,0,,,,,
2014/01/21,06,75,5,,,,,
2014/01/21,07,83,8,,,,,
2014/01/21,08,107,22,,,,,
2014/01/21,09,145,37,,,,,
2014/01/21,10,140,34,,,,,
2014/01/21,11,143,32,,,,,
2014/01/21,12,142,32,,,,,
2014/01/21,13,134,30,,,,,
2014/01/21,14,137,29,,,,,
2014/01/21,15,138,33,,,,,
2014/01/21,16,133,28,,,,,
2014/01/21,17,133,32,,,,,
2014/01/21,18,140,33,,,,,
2014/01/21,19,129,33,,,,,
2014/01/21,20,142,33,,,,,
2014/01/21,21,130,31,,,,,
2014/01/21,22,61,7,,,,,
2014/01/21,23,46,5,,,,,
2014/01/21,24,56,4,,,,,
2014/01/22,01,45,1,,,,,
2014/01/22,02,42,1,,,,,
2014/01/22,03,42,1,,,,,
2014/01/22,04,46,1,,,,,
2014/01/22,05,50,0,,,,,
2014/01/22,06,59,1,,,,,
2014/01/22,07,81,5,,,,,
2014/01/22,08,109,20,,,,,
2014/01/22,09,143,36,,,,,
2014/01/22,10,143,34,,,,,
2014/01/22,11,136,33,,,,,
2014/01/22,12,139,32,,,,,
2014/01/22,13,132,31,,,,,
2014/01/22,14,134,30,,,,,
2014/01/22,15,130,29,,,,,
2014/01/22,16,135,30,,,,,
2014/01/22,17,128,29,,,,,
2014/01/22,18,137,32,,,,,
2014/01/22,19,134,33,,,,,
2014/01/22,20,142,34,,,,,
2014/01/22,21,125,29,,,,,
2014/01/22,22,61,3,,,,,
2014/01/22,23,45,1,,,,,
2014/01/22,24,53,1,,,,,
2014/01/23,01,44,1,,,,,
2014/01/23,02,41,1,,,,,
2014/01/23,03,42,1,,,,,
2014/01/23,04,46,1,,,,,
2014/01/23,05,46,0,,,,,
2014/01/23,06,64,2,,,,,
2014/01/23,07,82,6,,,,,
2014/01/23,08,105,21,,,,,
2014/01/23,09,142,36,,,,,
2014/01/23,10,138,34,,,,,
2014/01/23,11,132,29,,,,,
2014/01/23,12,140,29,,,,,
2014/01/23,13,132,29,,,,,
2014/01/23,14,134,29,,,,,
2014/01/23,15,132,27,,,,,
2014/01/23,16,132,27,,,,,
2014/01/23,17,131,25,,,,,
2014/01/23,18,133,31,,,,,
2014/01/23,19,129,32,,,,,
2014/01/23,20,142,33,,,,,
2014/01/23,21,126,29,,,,,
2014/01/23,22,59,5,,,,,
2014/01/23,23,47,3,,,,,
2014/01/23,24,55,2,,,,,
2014/01/24,01,42,1,,,,,
2014/01/24,02,41,1,,,,,
2014/01/24,03,41,1,,,,,
2014/01/24,04,47,1,,,,,
2014/01/24,05,48,0,,,,,
2014/01/24,06,65,2,,,,,
2014/01/24,07,76,6,,,,,
2014/01/24,08,105,21,,,,,
2014/01/24,09,142,36,,,,,
2014/01/24,10,137,36,,,,,
2014/01/24,11,138,36,,,,,
2014/01/24,12,140,32,,,,,
2014/01/24,13,132,27,,,,,
2014/01/24,14,132,27,,,,,
2014/01/24,15,137,24,,,,,
2014/01/24,16,130,23,,,,,
2014/01/24,17,129,26,,,,,
2014/01/24,18,135,29,,,,,
2014/01/24,19,129,30,,,,,
2014/01/24,20,139,29,,,,,
2014/01/24,21,127,28,,,,,
2014/01/24,22,61,4,,,,,
2014/01/24,23,45,1,,,,,
2014/01/24,24,53,1,,,,,
2014/01/25,01,44,1,,,,,
2014/01/25,02,43,1,,,,,
2014/01/25,03,44,1,,,,,
2014/01/25,04,46,1,,,,,
2014/01/25,05,49,0,,,,,
2014/01/25,06,74,4,,,,,
2014/01/25,07,80,4,,,,,
2014/01/25,08,106,22,,,,,
2014/01/25,09,139,33,,,,,
2014/01/25,10,143,34,,,,,
2014/01/25,11,140,31,,,,,
2014/01/25,12,152,32,,,,,
2014/01/25,13,130,29,,,,,
2014/01/25,14,135,28,,,,,
2014/01/25,15,137,27,,,,,
2014/01/25,16,136,26,,,,,
2014/01/25,17,131,24,,,,,
2014/01/25,18,134,26,,,,,
2014/01/25,19,129,27,,,,,
2014/01/25,20,139,28,,,,,
2014/01/25,21,124,24,,,,,
2014/01/25,22,60,4,,,,,
2014/01/25,23,49,3,,,,,
2014/01/25,24,56,3,,,,,
2014/01/26,01,46,1,,,,,
2014/01/26,02,45,1,,,,,
2014/01/26,03,45,1,,,,,
2014/01/26,04,49,1,,,,,
2014/01/26,05,52,0,,,,,
2014/01/26,06,66,1,,,,,
2014/01/26,07,83,4,,,,,
2014/01/26,08,110,18,,,,,
2014/01/26,09,143,31,,,,,
2014/01/26,10,137,27,,,,,
2014/01/26,11,137,27,,,,,
2014/01/26,12,144,27,,,,,
2014/01/26,13,130,25,,,,,
2014/01/26,14,136,31,,,,,
2014/01/26,15,137,29,,,,,
2014/01/26,16,137,26,,,,,
2014/01/26,17,131,30,,,,,
2014/01/26,18,132,30,,,,,
2014/01/26,19,134,34,,,,,
2014/01/26,20,138,31,,,,,
2014/01/26,21,126,28,,,,,
2014/01/26,22,71,9,,,,,
2014/01/26,23,67,9,,,,,
2014/01/26,24,98,44,,,,,
2014/01/27,01,89,41,,,,,
2014/01/27,02,88,42,,,,,
2014/01/27,03,90,41,,,,,
2014/01/27,04,94,42,,,,,
2014/01/27,05,93,39,,,,,
2014/01/27,06,97,37,,,,,
2014/01/27,07,109,38,,,,,
2014/01/27,08,131,37,,,,,
2014/01/27,09,142,36,,,,,
2014/01/27,10,140,32,,,,,
2014/01/27,11,134,29,,,,,
2014/01/27,12,139,27,,,,,
2014/01/27,13,130,29,,,,,
2014/01/27,14,130,22,,,,,
2014/01/27,15,130,21,,,,,
2014/01/27,16,128,22,,,,,
2014/01/27,17,131,27,,,,,
2014/01/27,18,135,29,,,,,
2014/01/27,19,137,31,,,,,
2014/01/27,20,140,33,,,,,
2014/01/27,21,125,28,,,,,
2014/01/27,22,66,7,,,,,
2014/01/27,23,49,2,,,,,
2014/01/27,24,52,1,,,,,
2014/01/28,01,43,1,,,,,
2014/01/28,02,41,1,,,,,
2014/01/28,03,42,1,,,,,
2014/01/28,04,47,1,,,,,
2014/01/28,05,47,0,,,,,
2014/01/28,06,72,4,,,,,
2014/01/28,07,81,4,,,,,
2014/01/28,08,104,18,,,,,
2014/01/28,09,141,36,,,,,
2014/01/28,10,147,36,,,,,
2014/01/28,11,141,33,,,,,
2014/01/28,12,144,32,,,,,
2014/01/28,13,134,29,,,,,
2014/01/28,14,132,27,,,,,
2014/01/28,15,136,27,,,,,
2014/01/28,16,136,29,,,,,
2014/01/28,17,132,28,,,,,
2014/01/28,18,132,29,,,,,
2014/01/28,19,129,28,,,,,
2014/01/28,20,139,29,,,,,
2014/01/28,21,122,23,,,,,
2014/01/28,22,55,3,,,,,
2014/01/28,23,45,1,,,,,
2014/01/28,24,53,1,,,,,
2014/01/29,01,43,1,,,,,
2014/01/29,02,41,1,,,,,
2014/01/29,03,44,1,,,,,
2014/01/29,04,45,1,,,,,
2014/01/29,05,43,1,,,,,
2014/01/29,06,64,1,,,,,
2014/01/29,07,78,5,,,,,
2014/01/29,08,109,22,,,,,
2014/01/29,09,141,34,,,,,
2014/01/29,10,141,36,,,,,
2014/01/29,11,141,33,,,,,
2014/01/29,12,143,33,,,,,
2014/01/29,13,129,28,,,,,
2014/01/29,14,136,29,,,,,
2014/01/29,15,135,23,,,,,
2014/01/29,16,133,23,,,,,
2014/01/29,17,126,23,,,,,
2014/01/29,18,136,28,,,,,
2014/01/29,19,132,30,,,,,
2014/01/29,20,141,30,,,,,
2014/01/29,21,127,27,,,,,
2014/01/29,22,62,6,,,,,
2014/01/29,23,48,3,,,,,
2014/01/29,24,54,1,,,,,
2014/01/30,01,45,1,,,,,
2014/01/30,02,44,1,,,,,
2014/01/30,03,43,1,,,,,
2014/01/30,04,47,1,,,,,
2014/01/30,05,50,0,,,,,
2014/01/30,06,65,2,,,,,
2014/01/30,07,79,4,,,,,
2014/01/30,08,105,20,,,,,
2014/01/30,09,138,32,,,,,
2014/01/30,10,140,33,,,,,
2014/01/30,11,139,31,,,,,
2014/01/30,12,142,30,,,,,
2014/01/30,13,131,30,,,,,
2014/01/30,14,132,30,,,,,
2014/01/30,15,134,27,,,,,
2014/01/30,16,139,27,,,,,
2014/01/30,17,134,27,,,,,
2014/01/30,18,137,28,,,,,
2014/01/30,19,131,26,,,,,
2014/01/30,20,138,27,,,,,
2014/01/30,21,131,26,,,,,
2014/01/30,22,66,7,,,,,
2014/01/30,23,47,2,,,,,
2014/01/30,24,55,2,,,,,
2014/01/31,01,48,1,,,,,
2014/01/31,02,44,1,,,,,
2014/01/31,03,45,1,,,,,
2014/01/31,04,48,1,,,,,
2014/01/31,05,49,0,,,,,
2014/01/31,06,62,1,,,,,
2014/01/31,07,82,5,,,,,
2014/01/31,08,114,19,,,,,
2014/01/31,09,139,30,,,,,
2014/01/31,10,136,30,,,,,
2014/01/31,11,138,27,,,,,
2014/01/31,12,137,21,,,,,
2014/01/31,13,132,21,,,,,
2014/01/31,14,131,17,,,,,
2014/01/31,15,125,17,,,,,
2014/01/31,16,131,19,,,,,
2014/01/31,17,128,20,,,,,
2014/01/31,18,131,25,,,,,
2014/01/31,19,129,27,,,,,
2014/01/31,20,136,27,,,,,
2014/01/31,21,120,22,,,,,
2014/01/31,22,59,2,,,,,
2014/01/31,23,45,1,,,,,
2014/01/31,24,53,1,,,,,
2014/02/01,01,44,1,,,,,
2014/02/01,02,42,1,,,,,
2014/02/01,03,42,1,,,,,
2014/02/01,04,47,1,,,,,
2014/02/01,05,50,1,,,,,
2014/02/01,06,78,2,,,,,
2014/02/01,07,83,5,,,,,
2014/02/01,08,105,19,,,,,
2014/02/01,09,144,34,,,,,
2014/02/01,10,140,32,,,,,
2014/02/01,11,138,29,,,,,
2014/02/01,12,143,26,,,,,
2014/02/01,13,134,23,,,,,
2014/02/01,14,131,22,,,,,
2014/02/01,15,135,23,,,,,
2014/02/01,16,131,18,,,,,
2014/02/01,17,127,19,,,,,
2014/02/01,18,129,22,,,,,
2014/02/01,19,128,25,,,,,
2014/02/01,20,135,24,,,,,
2014/02/01,21,124,24,,,,,
2014/02/01,22,64,6,,,,,
2014/02/01,23,47,2,,,,,
2014/02/01,24,55,1,,,,,
2014/02/02,01,47,1,,,,,
2014/02/02,02,45,1,,,,,
2014/02/02,03,46,1,,,,,
2014/02/02,04,49,1,,,,,
2014/02/02,05,53,1,,,,,
2014/02/02,06,77,4,,,,,
2014/02/02,07,86,5,,,,,
2014/02/02,08,108,20,,,,,
2014/02/02,09,138,29,,,,,
2014/02/02,10,139,28,,,,,
2014/02/02,11,142,28,,,,,
2014/02/02,12,145,24,,,,,
2014/02/02,13,130,23,,,,,
2014/02/02,14,136,21,,,,,
2014/02/02,15,143,18,,,,,
2014/02/02,16,134,17,,,,,
2014/02/02,17,130,17,,,,,
2014/02/02,18,131,19,,,,,
2014/02/02,19,130,21,,,,,
2014/02/02,20,138,20,,,,,
2014/02/02,21,120,17,,,,,
2014/02/02,22,62,2,,,,,
2014/02/02,23,53,1,,,,,
2014/02/02,24,57,1,,,,,
2014/02/03,01,47,1,,,,,
2014/02/03,02,46,1,,,,,
2014/02/03,03,51,1,,,,,
2014/02/03,04,69,4,,,,,
2014/02/03,05,67,4,,,,,
2014/02/03,06,75,4,,,,,
2014/02/03,07,80,4,,,,,
2014/02/03,08,106,16,,,,,
2014/02/03,09,137,26,,,,,
2014/02/03,10,136,24,,,,,
2014/02/03,11,137,23,,,,,
2014/02/03,12,138,24,,,,,
2014/02/03,13,134,23,,,,,
2014/02/03,14,135,25,,,,,
2014/02/03,15,133,21,,,,,
2014/02/03,16,138,21,,,,,
2014/02/03,17,135,20,,,,,
2014/02/03,18,133,22,,,,,
2014/02/03,19,132,24,,,,,
2014/02/03,20,137,23,,,,,
2014/02/03,21,126,22,,,,,
2014/02/03,22,66,6,,,,,
2014/02/03,23,49,2,,,,,
2014/02/03,24,57,2,,,,,
2014/02/04,01,46,1,,,,,
2014/02/04,02,46,1,,,,,
2014/02/04,03,45,1,,,,,
2014/02/04,04,49,1,,,,,
2014/02/04,05,50,0,,,,,
2014/02/04,06,75,3,,,,,
2014/02/04,07,85,5,,,,,
2014/02/04,08,108,19,,,,,
2014/02/04,09,140,32,,,,,
2014/02/04,10,133,29,,,,,
2014/02/04,11,137,30,,,,,
2014/02/04,12,140,28,,,,,
2014/02/04,13,132,31,,,,,
2014/02/04,14,134,32,,,,,
2014/02/04,15,135,28,,,,,
2014/02/04,16,134,29,,,,,
2014/02/04,17,128,30,,,,,
2014/02/04,18,135,31,,,,,
2014/02/04,19,129,33,,,,,
2014/02/04,20,138,32,,,,,
2014/02/04,21,124,29,,,,,
2014/02/04,22,59,6,,,,,
2014/02/04,23,45,2,,,,,
2014/02/04,24,54,2,,,,,
2014/02/05,01,43,1,,,,,
2014/02/05,02,40,1,,,,,
2014/02/05,03,42,1,,,,,
2014/02/05,04,48,1,,,,,
2014/02/05,05,50,0,,,,,
2014/02/05,06,58,0,,,,,
2014/02/05,07,76,5,,,,,
2014/02/05,08,113,20,,,,,
2014/02/05,09,137,35,,,,,
2014/02/05,10,140,34,,,,,
2014/02/05,11,143,35,,,,,
2014/02/05,12,138,30,,,,,
2014/02/05,13,135,36,,,,,
2014/02/05,14,133,34,,,,,
2014/02/05,15,134,32,,,,,
2014/02/05,16,132,31,,,,,
2014/02/05,17,133,30,,,,,
2014/02/05,18,132,31,,,,,
2014/02/05,19,133,31,,,,,
2014/02/05,20,136,31,,,,,
2014/02/05,21,125,31,,,,,
2014/02/05,22,59,2,,,,,
2014/02/05,23,44,1,,,,,
2014/02/05,24,52,1,,,,,
2014/02/06,01,44,1,,,,,
2014/02/06,02,41,1,,,,,
2014/02/06,03,44,1,,,,,
2014/02/06,04,47,1,,,,,
2014/02/06,05,50,0,,,,,
2014/02/06,06,58,1,,,,,
2014/02/06,07,86,5,,,,,
2014/02/06,08,106,19,,,,,
2014/02/06,09,130,33,,,,,
2014/02/06,10,138,34,,,,,
2014/02/06,11,138,35,,,,,
2014/02/06,12,145,35,,,,,
2014/02/06,13,131,33,,,,,
2014/02/06,14,134,34,,,,,
2014/02/06,15,136,37,,,,,
2014/02/06,16,135,33,,,,,
2014/02/06,17,132,32,,,,,
2014/02/06,18,132,32,,,,,
2014/02/06,19,128,32,,,,,
2014/02/06,20,137,31,,,,,
2014/02/06,21,127,31,,,,,
2014/02/06,22,57,3,,,,,
2014/02/06,23,43,1,,,,,
2014/02/06,24,53,1,,,,,
2014/02/07,01,43,1,,,,,
2014/02/07,02,42,1,,,,,
2014/02/07,03,44,1,,,,,
2014/02/07,04,47,1,,,,,
2014/02/07,05,50,0,,,,,
2014/02/07,06,61,3,,,,,
2014/02/07,07,73,5,,,,,
2014/02/07,08,107,18,,,,,
2014/02/07,09,139,35,,,,,
2014/02/07,10,137,33,,,,,
2014/02/07,11,142,31,,,,,
2014/02/07,12,137,30,,,,,
2014/02/07,13,129,28,,,,,
2014/02/07,14,134,31,,,,,
2014/02/07,15,140,35,,,,,
2014/02/07,16,131,30,,,,,
2014/02/07,17,129,30,,,,,
2014/02/07,18,134,32,,,,,
2014/02/07,19,133,32,,,,,
2014/02/07,20,138,32,,,,,
2014/02/07,21,125,29,,,,,
2014/02/07,22,58,6,,,,,
2014/02/07,23,46,5,,,,,
2014/02/07,24,55,5,,,,,
2014/02/08,01,44,2,,,,,
2014/02/08,02,41,1,,,,,
2014/02/08,03,43,1,,,,,
2014/02/08,04,47,1,,,,,
2014/02/08,05,48,1,,,,,
2014/02/08,06,73,3,,,,,
2014/02/08,07,83,6,,,,,
2014/02/08,08,110,21,,,,,
2014/02/08,09,139,36,,,,,
2014/02/08,10,136,36,,,,,
2014/02/08,11,139,34,,,,,
2014/02/08,12,141,33,,,,,
2014/02/08,13,133,35,,,,,
2014/02/08,14,137,33,,,,,
2014/02/08,15,140,34,,,,,
2014/02/08,16,133,30,,,,,
2014/02/08,17,132,31,,,,,
2014/02/08,18,135,33,,,,,
2014/02/08,19,137,33,,,,,
2014/02/08,20,141,34,,,,,
2014/02/08,21,128,30,,,,,
2014/02/08,22,57,4,,,,,
2014/02/08,23,44,1,,,,,
2014/02/08,24,53,1,,,,,
2014/02/09,01,43,1,,,,,
2014/02/09,02,42,1,,,,,
2014/02/09,03,45,1,,,,,
2014/02/09,04,51,1,,,,,
2014/02/09,05,47,1,,,,,
2014/02/09,06,72,4,,,,,
2014/02/09,07,85,11,,,,,
2014/02/09,08,110,23,,,,,
2014/02/09,09,136,34,,,,,
2014/02/09,10,141,34,,,,,
2014/02/09,11,141,31,,,,,
2014/02/09,12,146,30,,,,,
2014/02/09,13,133,31,,,,,
2014/02/09,14,138,33,,,,,
2014/02/09,15,141,34,,,,,
2014/02/09,16,132,26,,,,,
2014/02/09,17,133,29,,,,,
2014/02/09,18,133,29,,,,,
2014/02/09,19,130,31,,,,,
2014/02/09,20,137,29,,,,,
2014/02/09,21,127,28,,,,,
2014/02/09,22,56,3,,,,,
2014/02/09,23,46,2,,,,,
2014/02/09,24,54,2,,,,,
2014/02/10,01,43,1,,,,,
2014/02/10,02,42,1,,,,,
2014/02/10,03,43,1,,,,,
2014/02/10,04,49,1,,,,,
2014/02/10,05,48,0,,,,,
2014/02/10,06,64,2,,,,,
2014/02/10,07,79,6,,,,,
2014/02/10,08,113,22,,,,,
2014/02/10,09,134,34,,,,,
2014/02/10,10,136,35,,,,,
2014/02/10,11,143,39,,,,,
2014/02/10,12,148,38,,,,,
2014/02/10,13,134,38,,,,,
2014/02/10,14,133,35,,,,,
2014/02/10,15,137,33,,,,,
2014/02/10,16,136,32,,,,,
2014/02/10,17,134,31,,,,,
2014/02/10,18,132,33,,,,,
2014/02/10,19,127,33,,,,,
2014/02/10,20,141,32,,,,,
2014/02/10,21,129,30,,,,,
2014/02/10,22,57,3,,,,,
2014/02/10,23,47,2,,,,,
2014/02/10,24,55,2,,,,,
2014/02/11,01,43,1,,,,,
2014/02/11,02,41,1,,,,,
2014/02/11,03,43,1,,,,,
2014/02/11,04,47,1,,,,,
2014/02/11,05,48,1,,,,,
2014/02/11,06,75,5,,,,,
2014/02/11,07,89,14,,,,,
2014/02/11,08,111,22,,,,,
2014/02/11,09,154,39,,,,,
2014/02/11,10,147,36,,,,,
2014/02/11,11,148,38,,,,,
2014/02/11,12,152,43,,,,,
2014/02/11,13,139,41,,,,,
2014/02/11,14,139,39,,,,,
2014/02/11,15,142,38,,,,,
2014/02/11,16,140,32,,,,,
2014/02/11,17,133,34,,,,,
2014/02/11,18,136,33,,,,,
2014/02/11,19,131,33,,,,,
2014/02/11,20,139,33,,,,,
2014/02/11,21,126,30,,,,,
2014/02/11,22,59,5,,,,,
2014/02/11,23,45,4,,,,,
2014/02/11,24,56,4,,,,,
2014/02/12,01,44,1,,,,,
2014/02/12,02,41,1,,,,,
2014/02/12,03,43,1,,,,,
2014/02/12,04,48,1,,,,,
2014/02/12,05,49,0,,,,,
2014/02/12,06,61,2,,,,,
2014/02/12,07,83,12,,,,,
2014/02/12,08,111,26,,,,,
2014/02/12,09,147,44,,,,,
2014/02/12,10,142,41,,,,,
2014/02/12,11,149,41,,,,,
2014/02/12,12,146,40,,,,,
2014/02/12,13,132,32,,,,,
2014/02/12,14,127,29,,,,,
2014/02/12,15,142,34,,,,,
2014/02/12,16,137,37,,,,,
2014/02/12,17,132,31,,,,,
2014/02/12,18,130,30,,,,,
2014/02/12,19,130,30,,,,,
2014/02/12,20,136,31,,,,,
2014/02/12,21,124,26,,,,,
2014/02/12,22,58,3,,,,,
2014/02/12,23,43,1,,,,,
2014/02/12,24,53,1,,,,,
2014/02/13,01,45,1,,,,,
2014/02/13,02,42,1,,,,,
2014/02/13,03,45,1,,,,,
2014/02/13,04,46,1,,,,,
2014/02/13,05,51,0,,,,,
2014/02/13,06,66,2,,,,,
2014/02/13,07,78,4,,,,,
2014/02/13,08,105,18,,,,,
2014/02/13,09,138,36,,,,,
2014/02/13,10,141,36,,,,,
2014/02/13,11,137,33,,,,,
2014/02/13,12,144,36,,,,,
2014/02/13,13,131,38,,,,,
2014/02/13,14,141,39,,,,,
2014/02/13,15,139,37,,,,,
2014/02/13,16,135,30,,,,,
2014/02/13,17,134,32,,,,,
2014/02/13,18,135,29,,,,,
2014/02/13,19,132,31,,,,,
2014/02/13,20,138,30,,,,,
2014/02/13,21,125,26,,,,,
2014/02/13,22,56,3,,,,,
2014/02/13,23,47,2,,,,,
2014/02/13,24,53,1,,,,,
2014/02/14,01,43,1,,,,,
2014/02/14,02,42,1,,,,,
2014/02/14,03,44,1,,,,,
2014/02/14,04,47,1,,,,,
2014/02/14,05,47,0,,,,,
2014/02/14,06,61,1,,,,,
2014/02/14,07,72,4,,,,,
2014/02/14,08,115,20,,,,,
2014/02/14,09,138,34,,,,,
2014/02/14,10,133,34,,,,,
2014/02/14,11,140,35,,,,,
2014/02/14,12,145,35,,,,,
2014/02/14,13,143,42,,,,,
2014/02/14,14,138,37,,,,,
2014/02/14,15,140,35,,,,,
2014/02/14,16,133,30,,,,,
2014/02/14,17,134,31,,,,,
2014/02/14,18,133,30,,,,,
2014/02/14,19,130,29,,,,,
2014/02/14,20,139,29,,,,,
2014/02/14,21,127,26,,,,,
2014/02/14,22,57,3,,,,,
2014/02/14,23,47,2,,,,,
2014/02/14,24,52,1,,,,,
2014/02/15,01,43,1,,,,,
2014/02/15,02,44,1,,,,,
2014/02/15,03,47,1,,,,,
2014/02/15,04,48,1,,,,,
2014/02/15,05,52,0,,,,,
2014/02/15,06,72,4,,,,,
2014/02/15,07,86,5,,,,,
2014/02/15,08,111,20,,,,,
2014/02/15,09,140,31,,,,,
2014/02/15,10,138,31,,,,,
2014/02/15,11,141,31,,,,,
2014/02/15,12,149,32,,,,,
2014/02/15,13,135,34,,,,,
2014/02/15,14,131,37,,,,,
2014/02/15,15,144,39,,,,,
2014/02/15,16,136,29,,,,,
2014/02/15,17,132,30,,,,,
2014/02/15,18,132,30,,,,,
2014/02/15,19,129,31,,,,,
2014/02/15,20,139,29,,,,,
2014/02/15,21,125,27,,,,,
2014/02/15,22,57,3,,,,,
2014/02/15,23,48,2,,,,,
2014/02/15,24,54,1,,,,,
2014/02/16,01,45,1,,,,,
2014/02/16,02,43,1,,,,,
2014/02/16,03,46,1,,,,,
2014/02/16,04,48,1,,,,,
2014/02/16,05,49,0,,,,,
2014/02/16,06,65,2,,,,,
2014/02/16,07,83,5,,,,,
2014/02/16,08,116,21,,,,,
2014/02/16,09,137,33,,,,,
2014/02/16,10,138,32,,,,,
2014/02/16,11,138,31,,,,,
2014/02/16,12,145,30,,,,,
2014/02/16,13,129,28,,,,,
2014/02/16,14,137,30,,,,,
2014/02/16,15,138,30,,,,,
2014/02/16,16,133,22,,,,,
2014/02/16,17,127,26,,,,,
2014/02/16,18,133,28,,,,,
2014/02/16,19,127,29,,,,,
2014/02/16,20,138,26,,,,,
2014/02/16,21,123,25,,,,,
2014/02/16,22,58,2,,,,,
2014/02/16,23,44,1,,,,,
2014/02/16,24,53,1,,,,,
2014/02/17,01,43,1,,,,,
2014/02/17,02,42,1,,,,,
2014/02/17,03,43,1,,,,,
2014/02/17,04,46,1,,,,,
2014/02/17,05,49,0,,,,,
2014/02/17,06,60,1,,,,,
2014/02/17,07,77,5,,,,,
2014/02/17,08,113,26,,,,,
2014/02/17,09,144,40,,,,,
2014/02/17,10,140,33,,,,,
2014/02/17,11,144,34,,,,,
2014/02/17,12,139,28,,,,,
2014/02/17,13,130,27,,,,,
2014/02/17,14,137,33,,,,,
2014/02/17,15,135,31,,,,,
2014/02/17,16,133,26,,,,,
2014/02/17,17,129,27,,,,,
2014/02/17,18,136,29,,,,,
2014/02/17,19,130,28,,,,,
2014/02/17,20,134,25,,,,,
2014/02/17,21,124,24,,,,,
2014/02/17,22,62,1,,,,,
2014/02/17,23,51,1,,,,,
2014/02/17,24,52,1,,,,,
2014/02/18,01,43,1,,,,,
2014/02/18,02,44,1,,,,,
2014/02/18,03,45,1,,,,,
2014/02/18,04,49,1,,,,,
2014/02/18,05,51,1,,,,,
2014/02/18,06,75,4,,,,,
2014/02/18,07,86,4,,,,,
2014/02/18,08,108,19,,,,,
2014/02/18,09,144,36,,,,,
2014/02/18,10,144,34,,,,,
2014/02/18,11,144,38,,,,,
2014/02/18,12,149,39,,,,,
2014/02/18,13,134,34,,,,,
2014/02/18,14,139,33,,,,,
2014/02/18,15,136,29,,,,,
2014/02/18,16,136,32,,,,,
2014/02/18,17,133,32,,,,,
2014/02/18,18,135,32,,,,,
2014/02/18,19,130,29,,,,,
2014/02/18,20,136,30,,,,,
2014/02/18,21,121,26,,,,,
2014/02/18,22,56,3,,,,,
2014/02/18,23,46,2,,,,,
2014/02/18,24,54,2,,,,,
2014/02/19,01,45,1,,,,,
2014/02/19,02,42,1,,,,,
2014/02/19,03,44,1,,,,,
2014/02/19,04,47,1,,,,,
2014/02/19,05,49,1,,,,,
2014/02/19,06,61,1,,,,,
2014/02/19,07,82,5,,,,,
2014/02/19,08,114,27,,,,,
2014/02/19,09,146,42,,,,,
2014/02/19,10,145,42,,,,,
2014/02/19,11,145,41,,,,,
2014/02/19,12,145,39,,,,,
2014/02/19,13,132,34,,,,,
2014/02/19,14,147,39,,,,,
2014/02/19,15,136,35,,,,,
2014/02/19,16,135,31,,,,,
2014/02/19,17,137,34,,,,,
2014/02/19,18,137,33,,,,,
2014/02/19,19,129,34,,,,,
2014/02/19,20,145,35,,,,,
2014/02/19,21,126,29,,,,,
2014/02/19,22,64,6,,,,,
2014/02/19,23,54,3,,,,,
2014/02/19,24,56,2,,,,,
2014/02/20,01,50,4,,,,,
2014/02/20,02,48,3,,,,,
2014/02/20,03,48,3,,,,,
2014/02/20,04,51,3,,,,,
2014/02/20,05,53,0,,,,,
2014/02/20,06,75,4,,,,,
2014/02/20,07,81,5,,,,,
2014/02/20,08,106,20,,,,,
2014/02/20,09,141,33,,,,,
2014/02/20,10,138,30,,,,,
2014/02/20,11,140,28,,,,,
2014/02/20,12,137,28,,,,,
2014/02/20,13,129,25,,,,,
2014/02/20,14,139,26,,,,,
2014/02/20,15,132,25,,,,,
2014/02/20,16,134,27,,,,,
2014/02/20,17,128,28,,,,,
2014/02/20,18,138,29,,,,,
2014/02/20,19,127,27,,,,,
2014/02/20,20,139,28,,,,,
2014/02/20,21,117,20,,,,,
2014/02/20,22,62,3,,,,,
2014/02/20,23,50,3,,,,,
2014/02/20,24,55,3,,,,,
2014/02/21,01,43,1,,,,,
2014/02/21,02,44,1,,,,,
2014/02/21,03,42,1,,,,,
2014/02/21,04,46,1,,,,,
2014/02/21,05,49,0,,,,,
2014/02/21,06,60,1,,,,,
2014/02/21,07,79,5,,,,,
2014/02/21,08,118,28,,,,,
2014/02/21,09,137,35,,,,,
2014/02/21,10,143,36,,,,,
2014/02/21,11,141,32,,,,,
2014/02/21,12,139,31,,,,,
2014/02/21,13,135,31,,,,,
2014/02/21,14,140,35,,,,,
2014/02/21,15,136,33,,,,,
2014/02/21,16,133,27,,,,,
2014/02/21,17,130,27,,,,,
2014/02/21,18,133,29,,,,,
2014/02/21,19,129,30,,,,,
2014/02/21,20,139,30,,,,,
2014/02/21,21,122,25,,,,,
2014/02/21,22,61,2,,,,,
2014/02/21,23,46,4,,,,,
2014/02/21,24,56,6,,,,,
2014/02/22,01,44,1,,,,,
2014/02/22,02,43,1,,,,,
2014/02/22,03,43,1,,,,,
2014/02/22,04,47,1,,,,,
2014/02/22,05,48,1,,,,,
2014/02/22,06,75,4,,,,,
2014/02/22,07,82,4,,,,,
2014/02/22,08,107,24,,,,,
2014/02/22,09,145,38,,,,,
2014/02/22,10,136,34,,,,,
2014/02/22,11,148,33,,,,,
2014/02/22,12,142,32,,,,,
2014/02/22,13,137,29,,,,,
2014/02/22,14,139,29,,,,,
2014/02/22,15,136,29,,,,,
2014/02/22,16,134,26,,,,,
2014/02/22,17,128,24,,,,,
2014/02/22,18,139,30,,,,,
2014/02/22,19,125,26,,,,,
2014/02/22,20,142,31,,,,,
2014/02/22,21,127,27,,,,,
2014/02/22,22,58,3,,,,,
2014/02/22,23,46,1,,,,,
2014/02/22,24,53,1,,,,,
2014/02/23,01,44,1,,,,,
2014/02/23,02,42,1,,,,,
2014/02/23,03,44,1,,,,,
2014/02/23,04,47,1,,,,,
2014/02/23,05,47,0,,,,,
2014/02/23,06,61,1,,,,,
2014/02/23,07,80,5,,,,,
2014/02/23,08,111,22,,,,,
2014/02/23,09,140,32,,,,,
2014/02/23,10,139,32,,,,,
2014/02/23,11,142,28,,,,,
2014/02/23,12,139,24,,,,,
2014/02/23,13,124,21,,,,,
2014/02/23,14,132,19,,,,,
2014/02/23,15,134,21,,,,,
2014/02/23,16,133,24,,,,,
2014/02/23,17,130,27,,,,,
2014/02/23,18,134,28,,,,,
2014/02/23,19,129,29,,,,,
2014/02/23,20,137,30,,,,,
2014/02/23,21,123,25,,,,,
2014/02/23,22,61,3,,,,,
2014/02/23,23,49,2,,,,,
2014/02/23,24,54,2,,,,,
2014/02/24,01,44,1,,,,,
2014/02/24,02,43,1,,,,,
2014/02/24,03,43,1,,,,,
2014/02/24,04,47,1,,,,,
2014/02/24,05,48,0,,,,,
2014/02/24,06,57,2,,,,,
2014/02/24,07,79,6,,,,,
2014/02/24,08,105,19,,,,,
2014/02/24,09,141,34,,,,,
2014/02/24,10,140,31,,,,,
2014/02/24,11,134,27,,,,,
2014/02/24,12,139,23,,,,,
2014/02/24,13,124,20,,,,,
2014/02/24,14,132,20,,,,,
2014/02/24,15,128,18,,,,,
2014/02/24,16,128,18,,,,,
2014/02/24,17,125,20,,,,,
2014/02/24,18,132,22,,,,,
2014/02/24,19,126,23,,,,,
2014/02/24,20,136,24,,,,,
2014/02/24,21,125,24,,,,,
2014/02/24,22,61,3,,,,,
2014/02/24,23,47,2,,,,,
2014/02/24,24,55,2,,,,,
2014/02/25,01,43,1,,,,,
2014/02/25,02,43,1,,,,,
2014/02/25,03,45,1,,,,,
2014/02/25,04,47,1,,,,,
2014/02/25,05,49,0,,,,,
2014/02/25,06,73,4,,,,,
2014/02/25,07,77,4,,,,,
2014/02/25,08,113,19,,,,,
2014/02/25,09,141,34,,,,,
2014/02/25,10,140,30,,,,,
2014/02/25,11,146,30,,,,,
2014/02/25,12,144,26,,,,,
2014/02/25,13,130,21,,,,,
2014/02/25,14,136,19,,,,,
2014/02/25,15,135,18,,,,,
2014/02/25,16,136,18,,,,,
2014/02/25,17,129,20,,,,,
2014/02/25,18,132,22,,,,,
2014/02/25,19,128,25,,,,,
2014/02/25,20,136,29,,,,,
2014/02/25,21,123,26,,,,,
2014/02/25,22,58,3,,,,,
2014/02/25,23,48,3,,,,,
2014/02/25,24,57,3,,,,,
2014/02/26,01,46,1,,,,,
2014/02/26,02,44,1,,,,,
2014/02/26,03,45,1,,,,,
2014/02/26,04,47,1,,,,,
2014/02/26,05,49,1,,,,,
2014/02/26,06,66,2,,,,,
2014/02/26,07,77,5,,,,,
2014/02/26,08,108,20,,,,,
2014/02/26,09,140,34,,,,,
2014/02/26,10,135,31,,,,,
2014/02/26,11,139,28,,,,,
2014/02/26,12,138,27,,,,,
2014/02/26,13,127,27,,,,,
2014/02/26,14,133,27,,,,,
2014/02/26,15,137,25,,,,,
2014/02/26,16,132,20,,,,,
2014/02/26,17,137,21,,,,,
2014/02/26,18,128,21,,,,,
2014/02/26,19,128,23,,,,,
2014/02/26,20,133,23,,,,,
2014/02/26,21,127,23,,,,,
2014/02/26,22,63,2,,,,,
2014/02/26,23,50,1,,,,,
2014/02/26,24,55,1,,,,,
2014/02/27,01,47,1,,,,,
2014/02/27,02,44,1,,,,,
2014/02/27,03,46,1,,,,,
2014/02/27,04,50,1,,,,,
2014/02/27,05,51,1,,,,,
2014/02/27,06,64,1,,,,,
2014/02/27,07,84,5,,,,,
2014/02/27,08,109,18,,,,,
2014/02/27,09,139,28,,,,,
2014/02/27,10,134,26,,,,,
2014/02/27,11,142,26,,,,,
2014/02/27,12,139,24,,,,,
2014/02/27,13,129,22,,,,,
2014/02/27,14,139,25,,,,,
2014/02/27,15,133,19,,,,,
2014/02/27,16,137,20,,,,,
2014/02/27,17,133,19,,,,,
2014/02/27,18,133,19,,,,,
2014/02/27,19,127,19,,,,,
2014/02/27,20,136,19,,,,,
2014/02/27,21,124,19,,,,,
2014/02/27,22,61,2,,,,,
2014/02/27,23,55,1,,,,,
2014/02/27,24,55,1,,,,,
2014/02/28,01,47,1,,,,,
2014/02/28,02,46,1,,,,,
2014/02/28,03,47,1,,,,,
2014/02/28,04,49,1,,,,,
2014/02/28,05,51,0,,,,,
2014/02/28,06,63,1,,,,,
2014/02/28,07,80,4,,,,,
2014/02/28,08,113,18,,,,,
2014/02/28,09,139,28,,,,,
2014/02/28,10,139,25,,,,,
2014/02/28,11,139,21,,,,,
2014/02/28,12,141,18,,,,,
2014/02/28,13,133,18,,,,,
2014/02/28,14,127,15,,,,,
2014/02/28,15,130,15,,,,,
2014/02/28,16,133,16,,,,,
2014/02/28,17,129,16,,,,,
2014/02/28,18,134,18,,,,,
2014/02/28,19,126,20,,,,,
2014/02/28,20,136,20,,,,,
2014/02/28,21,122,15,,,,,
2014/02/28,22,66,3,,,,,
2014/02/28,23,55,1,,,,,
2014/02/28,24,56,1,,,,,
2014/03/01,01,48,1,,,,,
2014/03/01,02,45,1,,,,,
2014/03/01,03,46,1,,,,,
2014/03/01,04,52,1,,,,,
2014/03/01,05,58,2,,,,,
2014/03/01,06,80,4,,,,,
2014/03/01,07,86,5,,,,,
2014/03/01,08,108,17,,,,,
2014/03/01,09,140,29,,,,,
2014/03/01,10,139,26,,,,,
2014/03/01,11,140,26,,,,,
2014/03/01,12,145,27,,,,,
2014/03/01,13,131,24,,,,,
2014/03/01,14,135,25,,,,,
2014/03/01,15,135,24,,,,,
2014/03/01,16,137,23,,,,,
2014/03/01,17,132,22,,,,,
2014/03/01,18,132,23,,,,,
2014/03/01,19,129,21,,,,,
2014/03/01,20,138,22,,,,,
2014/03/01,21,127,21,,,,,
2014/03/01,22,64,4,,,,,
2014/03/01,23,48,1,,,,,
2014/03/01,24,56,1,,,,,
2014/03/02,01,47,1,,,,,
2014/03/02,02,44,1,,,,,
2014/03/02,03,48,1,,,,,
2014/03/02,04,52,1,,,,,
2014/03/02,05,52,0,,,,,
2014/03/02,06,68,2,,,,,
2014/03/02,07,83,4,,,,,
2014/03/02,08,109,17,,,,,
2014/03/02,09,140,25,,,,,
2014/03/02,10,138,26,,,,,
2014/03/02,11,139,21,,,,,
2014/03/02,12,144,19,,,,,
2014/03/02,13,130,16,,,,,
2014/03/02,14,129,19,,,,,
2014/03/02,15,131,17,,,,,
2014/03/02,16,134,19,,,,,
2014/03/02,17,128,18,,,,,
2014/03/02,18,130,19,,,,,
2014/03/02,19,128,22,,,,,
2014/03/02,20,134,21,,,,,
2014/03/02,21,122,22,,,,,
2014/03/02,22,59,3,,,,,
2014/03/02,23,53,2,,,,,
2014/03/02,24,57,2,,,,,
2014/03/03,01,47,1,,,,,
2014/03/03,02,43,1,,,,,
2014/03/03,03,46,1,,,,,
2014/03/03,04,50,1,,,,,
2014/03/03,05,55,2,,,,,
2014/03/03,06,72,4,,,,,
2014/03/03,07,81,5,,,,,
2014/03/03,08,107,19,,,,,
2014/03/03,09,136,29,,,,,
2014/03/03,10,135,26,,,,,
2014/03/03,11,135,26,,,,,
2014/03/03,12,143,24,,,,,
2014/03/03,13,128,20,,,,,
2014/03/03,14,131,19,,,,,
2014/03/03,15,130,21,,,,,
2014/03/03,16,130,21,,,,,
2014/03/03,17,127,23,,,,,
2014/03/03,18,129,26,,,,,
2014/03/03,19,126,26,,,,,
2014/03/03,20,135,28,,,,,
2014/03/03,21,125,26,,,,,
2014/03/03,22,62,6,,,,,
2014/03/03,23,49,2,,,,,
2014/03/03,24,54,1,,,,,
2014/03/04,01,42,1,,,,,
2014/03/04,02,41,1,,,,,
2014/03/04,03,43,1,,,,,
2014/03/04,04,47,1,,,,,
2014/03/04,05,48,0,,,,,
2014/03/04,06,72,3,,,,,
2014/03/04,07,84,5,,,,,
2014/03/04,08,109,20,,,,,
2014/03/04,09,143,35,,,,,
2014/03/04,10,144,34,,,,,
2014/03/04,11,141,30,,,,,
2014/03/04,12,139,27,,,,,
2014/03/04,13,130,27,,,,,
2014/03/04,14,132,24,,,,,
2014/03/04,15,137,25,,,,,
2014/03/04,16,129,24,,,,,
2014/03/04,17,132,23,,,,,
2014/03/04,18,130,26,,,,,
2014/03/04,19,131,27,,,,,
2014/03/04,20,135,25,,,,,
2014/03/04,21,124,21,,,,,
2014/03/04,22,60,3,,,,,
2014/03/04,23,47,2,,,,,
2014/03/04,24,55,2,,,,,
2014/03/05,01,45,1,,,,,
2014/03/05,02,44,1,,,,,
2014/03/05,03,44,1,,,,,
2014/03/05,04,55,0,,,,,
2014/03/05,05,47,1,,,,,
2014/03/05,06,62,1,,,,,
2014/03/05,07,78,4,,,,,
2014/03/05,08,110,17,,,,,
2014/03/05,09,140,30,,,,,
2014/03/05,10,137,29,,,,,
2014/03/05,11,139,29,,,,,
2014/03/05,12,143,28,,,,,
2014/03/05,13,132,28,,,,,
2014/03/05,14,137,33,,,,,
2014/03/05,15,136,28,,,,,
2014/03/05,16,134,25,,,,,
2014/03/05,17,132,25,,,,,
2014/03/05,18,132,28,,,,,
2014/03/05,19,131,29,,,,,
2014/03/05,20,140,29,,,,,
2014/03/05,21,125,26,,,,,
2014/03/05,22,57,2,,,,,
2014/03/05,23,44,1,,,,,
2014/03/05,24,53,1,,,,,
2014/03/06,01,44,1,,,,,
2014/03/06,02,44,1,,,,,
2014/03/06,03,45,1,,,,,
2014/03/06,04,47,1,,,,,
2014/03/06,05,50,0,,,,,
2014/03/06,06,64,2,,,,,
2014/03/06,07,81,5,,,,,
2014/03/06,08,109,18,,,,,
2014/03/06,09,135,31,,,,,
2014/03/06,10,138,32,,,,,
2014/03/06,11,142,28,,,,,
2014/03/06,12,135,28,,,,,
2014/03/06,13,129,27,,,,,
2014/03/06,14,136,29,,,,,
2014/03/06,15,135,31,,,,,
2014/03/06,16,135,31,,,,,
2014/03/06,17,133,32,,,,,
2014/03/06,18,134,33,,,,,
2014/03/06,19,131,33,,,,,
2014/03/06,20,137,32,,,,,
2014/03/06,21,125,28,,,,,
2014/03/06,22,59,5,,,,,
2014/03/06,23,50,2,,,,,
2014/03/06,24,53,2,,,,,
2014/03/07,01,42,1,,,,,
2014/03/07,02,42,1,,,,,
2014/03/07,03,43,1,,,,,
2014/03/07,04,46,1,,,,,
2014/03/07,05,49,0,,,,,
2014/03/07,06,59,3,,,,,
2014/03/07,07,82,6,,,,,
2014/03/07,08,110,17,,,,,
2014/03/07,09,139,31,,,,,
2014/03/07,10,134,32,,,,,
2014/03/07,11,141,28,,,,,
2014/03/07,12,141,29,,,,,
2014/03/07,13,126,28,,,,,
2014/03/07,14,134,28,,,,,
2014/03/07,15,140,32,,,,,
2014/03/07,16,135,29,,,,,
2014/03/07,17,130,30,,,,,
2014/03/07,18,131,32,,,,,
2014/03/07,19,130,33,,,,,
2014/03/07,20,137,31,,,,,
2014/03/07,21,127,32,,,,,
2014/03/07,22,60,5,,,,,
2014/03/07,23,47,1,,,,,
2014/03/07,24,52,1,,,,,
2014/03/08,01,43,1,,,,,
2014/03/08,02,43,1,,,,,
2014/03/08,03,42,1,,,,,
2014/03/08,04,46,1,,,,,
2014/03/08,05,49,0,,,,,
2014/03/08,06,75,3,,,,,
2014/03/08,07,82,4,,,,,
2014/03/08,08,111,20,,,,,
2014/03/08,09,139,35,,,,,
2014/03/08,10,137,29,,,,,
2014/03/08,11,146,30,,,,,
2014/03/08,12,143,28,,,,,
2014/03/08,13,132,29,,,,,
2014/03/08,14,133,26,,,,,
2014/03/08,15,136,26,,,,,
2014/03/08,16,136,26,,,,,
2014/03/08,17,132,28,,,,,
2014/03/08,18,130,29,,,,,
2014/03/08,19,127,29,,,,,
2014/03/08,20,138,31,,,,,
2014/03/08,21,122,26,,,,,
2014/03/08,22,59,4,,,,,
2014/03/08,23,46,4,,,,,
2014/03/08,24,54,2,,,,,
2014/03/09,01,45,1,,,,,
2014/03/09,02,43,1,,,,,
2014/03/09,03,43,1,,,,,
2014/03/09,04,53,0,,,,,
2014/03/09,05,46,1,,,,,
2014/03/09,06,64,1,,,,,
2014/03/09,07,81,5,,,,,
2014/03/09,08,114,20,,,,,
2014/03/09,09,138,33,,,,,
2014/03/09,10,143,32,,,,,
2014/03/09,11,140,26,,,,,
2014/03/09,12,141,26,,,,,
2014/03/09,13,132,22,,,,,
2014/03/09,14,131,23,,,,,
2014/03/09,15,131,19,,,,,
2014/03/09,16,129,20,,,,,
2014/03/09,17,123,22,,,,,
2014/03/09,18,132,25,,,,,
2014/03/09,19,128,28,,,,,
2014/03/09,20,138,27,,,,,
2014/03/09,21,119,21,,,,,
2014/03/09,22,61,3,,,,,
2014/03/09,23,48,2,,,,,
2014/03/09,24,54,2,,,,,
2014/03/10,01,44,1,,,,,
2014/03/10,02,44,1,,,,,
2014/03/10,03,44,1,,,,,
2014/03/10,04,52,0,,,,,
2014/03/10,05,45,1,,,,,
2014/03/10,06,71,5,,,,,
2014/03/10,07,74,4,,,,,
2014/03/10,08,104,18,,,,,
2014/03/10,09,134,30,,,,,
2014/03/10,10,134,29,,,,,
2014/03/10,11,140,31,,,,,
2014/03/10,12,140,30,,,,,
2014/03/10,13,126,31,,,,,
2014/03/10,14,138,32,,,,,
2014/03/10,15,129,29,,,,,
2014/03/10,16,135,33,,,,,
2014/03/10,17,130,33,,,,,
2014/03/10,18,134,33,,,,,
2014/03/10,19,132,33,,,,,
2014/03/10,20,141,33,,,,,
2014/03/10,21,126,30,,,,,
2014/03/10,22,61,5,,,,,
2014/03/10,23,53,2,,,,,
2014/03/10,24,53,1,,,,,
2014/03/11,01,42,1,,,,,
2014/03/11,02,43,1,,,,,
2014/03/11,03,42,1,,,,,
2014/03/11,04,46,1,,,,,
2014/03/11,05,48,0,,,,,
2014/03/11,06,74,5,,,,,
2014/03/11,07,81,10,,,,,
2014/03/11,08,113,23,,,,,
2014/03/11,09,141,34,,,,,
2014/03/11,10,146,33,,,,,
2014/03/11,11,145,31,,,,,
2014/03/11,12,143,30,,,,,
2014/03/11,13,136,24,,,,,
2014/03/11,14,134,19,,,,,
2014/03/11,15,129,18,,,,,
2014/03/11,16,137,21,,,,,
2014/03/11,17,129,21,,,,,
2014/03/11,18,129,24,,,,,
2014/03/11,19,129,27,,,,,
2014/03/11,20,139,29,,,,,
2014/03/11,21,127,26,,,,,
2014/03/11,22,60,5,,,,,
2014/03/11,23,48,4,,,,,
2014/03/11,24,55,4,,,,,
2014/03/12,01,46,3,,,,,
2014/03/12,02,43,1,,,,,
2014/03/12,03,46,1,,,,,
2014/03/12,04,54,1,,,,,
2014/03/12,05,46,1,,,,,
2014/03/12,06,60,1,,,,,
2014/03/12,07,73,5,,,,,
2014/03/12,08,107,20,,,,,
2014/03/12,09,138,34,,,,,
2014/03/12,10,141,30,,,,,
2014/03/12,11,136,26,,,,,
2014/03/12,12,140,22,,,,,
2014/03/12,13,129,18,,,,,
2014/03/12,14,133,16,,,,,
2014/03/12,15,132,16,,,,,
2014/03/12,16,134,18,,,,,
2014/03/12,17,128,18,,,,,
2014/03/12,18,130,18,,,,,
2014/03/12,19,126,22,,,,,
2014/03/12,20,134,20,,,,,
2014/03/12,21,120,17,,,,,
2014/03/12,22,62,2,,,,,
2014/03/12,23,52,1,,,,,
2014/03/12,24,55,1,,,,,
2014/03/13,01,48,1,,,,,
2014/03/13,02,48,1,,,,,
2014/03/13,03,47,1,,,,,
2014/03/13,04,56,1,,,,,
2014/03/13,05,48,1,,,,,
2014/03/13,06,69,2,,,,,
2014/03/13,07,79,5,,,,,
2014/03/13,08,106,17,,,,,
2014/03/13,09,138,28,,,,,
2014/03/13,10,139,27,,,,,
2014/03/13,11,141,27,,,,,
2014/03/13,12,141,27,,,,,
2014/03/13,13,134,28,,,,,
2014/03/13,14,138,31,,,,,
2014/03/13,15,143,33,,,,,
2014/03/13,16,135,25,,,,,
2014/03/13,17,128,26,,,,,
2014/03/13,18,130,25,,,,,
2014/03/13,19,128,26,,,,,
2014/03/13,20,132,25,,,,,
2014/03/13,21,128,23,,,,,
2014/03/13,22,59,2,,,,,
2014/03/13,23,44,1,,,,,
2014/03/13,24,54,1,,,,,
2014/03/14,01,46,1,,,,,
2014/03/14,02,44,1,,,,,
2014/03/14,03,44,1,,,,,
2014/03/14,04,48,1,,,,,
2014/03/14,05,50,0,,,,,
2014/03/14,06,64,1,,,,,
2014/03/14,07,75,4,,,,,
2014/03/14,08,110,18,,,,,
2014/03/14,09,139,27,,,,,
2014/03/14,10,134,26,,,,,
2014/03/14,11,140,26,,,,,
2014/03/14,12,137,25,,,,,
2014/03/14,13,127,19,,,,,
2014/03/14,14,133,23,,,,,
2014/03/14,15,131,22,,,,,
2014/03/14,16,128,19,,,,,
2014/03/14,17,126,24,,,,,
2014/03/14,18,130,24,,,,,
2014/03/14,19,129,28,,,,,
2014/03/14,20,138,27,,,,,
2014/03/14,21,127,26,,,,,
2014/03/14,22,65,4,,,,,
2014/03/14,23,51,1,,,,,
2014/03/14,24,54,1,,,,,
2014/03/15,01,45,1,,,,,
2014/03/15,02,44,1,,,,,
2014/03/15,03,44,1,,,,,
2014/03/15,04,48,1,,,,,
2014/03/15,05,50,0,,,,,
2014/03/15,06,76,4,,,,,
2014/03/15,07,85,5,,,,,
2014/03/15,08,104,13,,,,,
2014/03/15,09,147,39,,,,,
2014/03/15,10,149,38,,,,,
2014/03/15,11,144,32,,,,,
2014/03/15,12,144,27,,,,,
2014/03/15,13,130,23,,,,,
2014/03/15,14,135,21,,,,,
2014/03/15,15,137,21,,,,,
2014/03/15,16,132,19,,,,,
2014/03/15,17,129,20,,,,,
2014/03/15,18,133,23,,,,,
2014/03/15,19,131,26,,,,,
2014/03/15,20,137,27,,,,,
2014/03/15,21,124,23,,,,,
2014/03/15,22,60,2,,,,,
2014/03/15,23,46,1,,,,,
2014/03/15,24,56,3,,,,,
2014/03/16,01,45,1,,,,,
2014/03/16,02,44,1,,,,,
2014/03/16,03,44,1,,,,,
2014/03/16,04,48,1,,,,,
2014/03/16,05,51,0,,,,,
2014/03/16,06,66,1,,,,,
2014/03/16,07,85,5,,,,,
2014/03/16,08,107,19,,,,,
2014/03/16,09,139,35,,,,,
2014/03/16,10,139,32,,,,,
2014/03/16,11,140,28,,,,,
2014/03/16,12,143,22,,,,,
2014/03/16,13,127,18,,,,,
2014/03/16,14,134,18,,,,,
2014/03/16,15,133,18,,,,,
2014/03/16,16,132,17,,,,,
2014/03/16,17,129,19,,,,,
2014/03/16,18,129,19,,,,,
2014/03/16,19,127,21,,,,,
2014/03/16,20,136,21,,,,,
2014/03/16,21,124,22,,,,,
2014/03/16,22,63,2,,,,,
2014/03/16,23,50,2,,,,,
2014/03/16,24,57,2,,,,,
2014/03/17,01,46,1,,,,,
2014/03/17,02,44,1,,,,,
2014/03/17,03,49,0,,,,,
2014/03/17,04,51,1,,,,,
2014/03/17,05,45,1,,,,,
2014/03/17,06,64,2,,,,,
2014/03/17,07,81,5,,,,,
2014/03/17,08,111,21,,,,,
2014/03/17,09,141,34,,,,,
2014/03/17,10,139,29,,,,,
2014/03/17,11,138,23,,,,,
2014/03/17,12,144,19,,,,,
2014/03/17,13,132,15,,,,,
2014/03/17,14,136,16,,,,,
2014/03/17,15,136,15,,,,,
2014/03/17,16,132,15,,,,,
2014/03/17,17,123,15,,,,,
2014/03/17,18,134,18,,,,,
2014/03/17,19,132,18,,,,,
2014/03/17,20,140,20,,,,,
2014/03/17,21,125,18,,,,,
2014/03/17,22,68,5,,,,,
2014/03/17,23,52,1,,,,,
2014/03/17,24,56,1,,,,,
2014/03/18,01,48,1,,,,,
2014/03/18,02,46,1,,,,,
2014/03/18,03,46,1,,,,,
2014/03/18,04,51,1,,,,,
2014/03/18,05,52,0,,,,,
2014/03/18,06,78,3,,,,,
2014/03/18,07,79,5,,,,,
2014/03/18,08,108,19,,,,,
2014/03/18,09,146,32,,,,,
2014/03/18,10,145,31,,,,,
2014/03/18,11,143,31,,,,,
2014/03/18,12,146,30,,,,,
2014/03/18,13,136,26,,,,,
2014/03/18,14,140,26,,,,,
2014/03/18,15,140,23,,,,,
2014/03/18,16,142,22,,,,,
2014/03/18,17,137,23,,,,,
2014/03/18,18,137,25,,,,,
2014/03/18,19,130,23,,,,,
2014/03/18,20,139,25,,,,,
2014/03/18,21,130,24,,,,,
2014/03/18,22,65,5,,,,,
2014/03/18,23,49,2,,,,,
2014/03/18,24,57,2,,,,,
2014/03/19,01,48,2,,,,,
2014/03/19,02,47,1,,,,,
2014/03/19,03,46,1,,,,,
2014/03/19,04,50,1,,,,,
2014/03/19,05,53,0,,,,,
2014/03/19,06,62,0,,,,,
2014/03/19,07,82,4,,,,,
2014/03/19,08,111,19,,,,,
2014/03/19,09,144,30,,,,,
2014/03/19,10,136,26,,,,,
2014/03/19,11,138,20,,,,,
2014/03/19,12,135,19,,,,,
2014/03/19,13,135,19,,,,,
2014/03/19,14,134,16,,,,,
2014/03/19,15,131,15,,,,,
2014/03/19,16,126,11,,,,,
2014/03/19,17,120,4,,,,,
2014/03/19,18,121,4,,,,,
2014/03/19,19,119,4,,,,,
2014/03/19,20,121,4,,,,,
2014/03/19,21,117,4,,,,,
2014/03/19,22,64,4,,,,,
2014/03/19,23,58,2,,,,,
2014/03/19,24,60,1,,,,,
2014/03/20,01,48,1,,,,,
2014/03/20,02,46,1,,,,,
2014/03/20,03,47,1,,,,,
2014/03/20,04,51,1,,,,,
2014/03/20,05,53,0,,,,,
2014/03/20,06,82,3,,,,,
2014/03/20,07,84,5,,,,,
2014/03/20,08,108,19,,,,,
2014/03/20,09,142,31,,,,,
2014/03/20,10,135,29,,,,,
2014/03/20,11,141,27,,,,,
2014/03/20,12,144,25,,,,,
2014/03/20,13,131,23,,,,,
2014/03/20,14,135,23,,,,,
2014/03/20,15,136,23,,,,,
2014/03/20,16,141,25,,,,,
2014/03/20,17,131,24,,,,,
2014/03/20,18,132,24,,,,,
2014/03/20,19,130,26,,,,,
2014/03/20,20,139,25,,,,,
2014/03/20,21,129,25,,,,,
2014/03/20,22,65,5,,,,,
2014/03/20,23,50,1,,,,,
2014/03/20,24,55,1,,,,,
2014/03/21,01,47,1,,,,,
2014/03/21,02,44,1,,,,,
2014/03/21,03,45,1,,,,,
2014/03/21,04,51,1,,,,,
2014/03/21,05,50,1,,,,,
2014/03/21,06,80,4,,,,,
2014/03/21,07,80,4,,,,,
2014/03/21,08,109,20,,,,,
2014/03/21,09,145,34,,,,,
2014/03/21,10,138,30,,,,,
2014/03/21,11,140,32,,,,,
2014/03/21,12,133,10,,,,,
2014/03/21,13,124,13,,,,,
2014/03/21,14,123,15,,,,,
2014/03/21,15,127,13,,,,,
2014/03/21,16,120,7,,,,,
2014/03/21,17,115,7,,,,,
2014/03/21,18,118,7,,,,,
2014/03/21,19,115,7,,,,,
2014/03/21,20,124,7,,,,,
2014/03/21,21,112,6,,,,,
2014/03/21,22,62,4,,,,,
2014/03/21,23,53,3,,,,,
2014/03/21,24,55,3,,,,,
2014/03/22,01,44,1,,,,,
2014/03/22,02,43,1,,,,,
2014/03/22,03,44,1,,,,,
2014/03/22,04,47,1,,,,,
2014/03/22,05,50,0,,,,,
2014/03/22,06,78,3,,,,,
2014/03/22,07,83,4,,,,,
2014/03/22,08,103,19,,,,,
2014/03/22,09,141,36,,,,,
2014/03/22,10,142,30,,,,,
2014/03/22,11,139,29,,,,,
2014/03/22,12,142,24,,,,,
2014/03/22,13,129,22,,,,,
2014/03/22,14,134,19,,,,,
2014/03/22,15,133,19,,,,,
2014/03/22,16,135,21,,,,,
2014/03/22,17,127,21,,,,,
2014/03/22,18,129,21,,,,,
2014/03/22,19,128,26,,,,,
2014/03/22,20,138,25,,,,,
2014/03/22,21,126,26,,,,,
2014/03/22,22,61,5,,,,,
2014/03/22,23,46,1,,,,,
2014/03/22,24,54,1,,,,,
2014/03/23,01,46,1,,,,,
2014/03/23,02,44,1,,,,,
2014/03/23,03,43,1,,,,,
2014/03/23,04,46,1,,,,,
2014/03/23,05,49,0,,,,,
2014/03/23,06,66,2,,,,,
2014/03/23,07,79,5,,,,,
2014/03/23,08,110,21,,,,,
2014/03/23,09,141,33,,,,,
2014/03/23,10,137,31,,,,,
2014/03/23,11,140,25,,,,,
2014/03/23,12,142,20,,,,,
2014/03/23,13,132,19,,,,,
2014/03/23,14,135,15,,,,,
2014/03/23,15,132,6,,,,,
2014/03/23,16,134,9,,,,,
2014/03/23,17,122,9,,,,,
2014/03/23,18,133,20,,,,,
2014/03/23,19,133,27,,,,,
2014/03/23,20,141,27,,,,,
2014/03/23,21,129,29,,,,,
2014/03/23,22,65,4,,,,,
2014/03/23,23,53,1,,,,,
2014/03/23,24,57,1,,,,,
2014/03/24,01,47,1,,,,,
2014/03/24,02,45,1,,,,,
2014/03/24,03,46,1,,,,,
2014/03/24,04,56,0,,,,,
2014/03/24,05,47,1,,,,,
2014/03/24,06,65,1,,,,,
2014/03/24,07,81,4,,,,,
2014/03/24,08,111,19,,,,,
2014/03/24,09,140,31,,,,,
2014/03/24,10,139,30,,,,,
2014/03/24,11,140,23,,,,,
2014/03/24,12,142,20,,,,,
2014/03/24,13,125,9,,,,,
2014/03/24,14,127,8,,,,,
2014/03/24,15,124,5,,,,,
2014/03/24,16,124,4,,,,,
2014/03/24,17,119,4,,,,,
2014/03/24,18,124,11,,,,,
2014/03/24,19,126,21,,,,,
2014/03/24,20,136,20,,,,,
2014/03/24,21,123,20,,,,,
2014/03/24,22,66,5,,,,,
2014/03/24,23,55,1,,,,,
2014/03/24,24,57,1,,,,,
2014/03/25,01,48,1,,,,,
2014/03/25,02,44,1,,,,,
2014/03/25,03,47,1,,,,,
2014/03/25,04,51,1,,,,,
2014/03/25,05,52,0,,,,,
2014/03/25,06,78,3,,,,,
2014/03/25,07,86,4,,,,,
2014/03/25,08,108,21,,,,,
2014/03/25,09,144,31,,,,,
2014/03/25,10,146,27,,,,,
2014/03/25,11,135,11,,,,,
2014/03/25,12,132,6,,,,,
2014/03/25,13,124,7,,,,,
2014/03/25,14,132,6,,,,,
2014/03/25,15,129,6,,,,,
2014/03/25,16,126,5,,,,,
2014/03/25,17,125,4,,,,,
2014/03/25,18,121,4,,,,,
2014/03/25,19,121,4,,,,,
2014/03/25,20,128,4,,,,,
2014/03/25,21,116,2,,,,,
2014/03/25,22,65,7,,,,,
2014/03/25,23,52,4,,,,,
2014/03/25,24,59,1,,,,,
2014/03/26,01,62,19,,,,,
2014/03/26,02,68,28,,,,,
2014/03/26,03,69,27,,,,,
2014/03/26,04,75,27,,,,,
2014/03/26,05,76,27,,,,,
2014/03/26,06,90,26,,,,,
2014/03/26,07,98,28,,,,,
2014/03/26,08,129,28,,,,,
2014/03/26,09,146,28,,,,,
2014/03/26,10,142,24,,,,,
2014/03/26,11,141,25,,,,,
2014/03/26,12,143,23,,,,,
2014/03/26,13,134,24,,,,,
2014/03/26,14,138,20,,,,,
2014/03/26,15,139,20,,,,,
2014/03/26,16,136,19,,,,,
2014/03/26,17,135,18,,,,,
2014/03/26,18,134,19,,,,,
2014/03/26,19,129,19,,,,,
2014/03/26,20,142,19,,,,,
2014/03/26,21,126,17,,,,,
2014/03/26,22,64,3,,,,,
2014/03/26,23,54,1,,,,,
2014/03/26,24,60,1,,,,,
2014/03/27,01,52,0,,,,,
2014/03/27,02,49,0,,,,,
2014/03/27,03,51,0,,,,,
2014/03/27,04,54,0,,,,,
2014/03/27,05,57,0,,,,,
2014/03/27,06,72,2,,,,,
2014/03/27,07,93,6,,,,,
2014/03/27,08,115,17,,,,,
2014/03/27,09,142,25,,,,,
2014/03/27,10,140,23,,,,,
2014/03/27,11,138,14,,,,,
2014/03/27,12,133,7,,,,,
2014/03/27,13,125,7,,,,,
2014/03/27,14,132,7,,,,,
2014/03/27,15,126,7,,,,,
2014/03/27,16,128,7,,,,,
2014/03/27,17,120,7,,,,,
2014/03/27,18,123,6,,,,,
2014/03/27,19,126,12,,,,,
2014/03/27,20,146,33,,,,,
2014/03/27,21,133,28,,,,,
2014/03/27,22,61,3,,,,,
2014/03/27,23,55,1,,,,,
2014/03/27,24,56,1,,,,,
2014/03/28,01,49,1,,,,,
2014/03/28,02,47,1,,,,,
2014/03/28,03,47,1,,,,,
2014/03/28,04,48,1,,,,,
2014/03/28,05,51,0,,,,,
2014/03/28,06,78,3,,,,,
2014/03/28,07,88,5,,,,,
2014/03/28,08,109,17,,,,,
2014/03/28,09,125,4,,,,,
2014/03/28,10,128,5,,,,,
2014/03/28,11,131,4,,,,,
2014/03/28,12,140,5,,,,,
2014/03/28,13,130,7,,,,,
2014/03/28,14,141,7,,,,,
2014/03/28,15,143,9,,,,,
2014/03/28,16,135,8,,,,,
2014/03/28,17,130,7,,,,,
2014/03/28,18,126,4,,,,,
2014/03/28,19,120,4,,,,,
2014/03/28,20,130,4,,,,,
2014/03/28,21,118,4,,,,,
2014/03/28,22,65,2,,,,,
2014/03/28,23,51,0,,,,,
2014/03/28,24,58,0,,,,,
2014/03/29,01,51,0,,,,,
2014/03/29,02,47,0,,,,,
2014/03/29,03,48,1,,,,,
2014/03/29,04,52,1,,,,,
2014/03/29,05,55,0,,,,,
2014/03/29,06,80,4,,,,,
2014/03/29,07,85,5,,,,,
2014/03/29,08,109,19,,,,,
2014/03/29,09,149,27,,,,,
2014/03/29,10,139,15,,,,,
2014/03/29,11,137,8,,,,,
2014/03/29,12,141,8,,,,,
2014/03/29,13,129,7,,,,,
2014/03/29,14,134,7,,,,,
2014/03/29,15,131,7,,,,,
2014/03/29,16,133,6,,,,,
2014/03/29,17,126,5,,,,,
2014/03/29,18,124,5,,,,,
2014/03/29,19,121,5,,,,,
2014/03/29,20,132,4,,,,,
2014/03/29,21,119,4,,,,,
2014/03/29,22,64,2,,,,,
2014/03/29,23,51,1,,,,,
2014/03/29,24,58,1,,,,,
2014/03/30,01,50,1,,,,,
2014/03/30,02,52,1,,,,,
2014/03/30,03,51,0,,,,,
2014/03/30,04,56,1,,,,,
2014/03/30,05,56,0,,,,,
2014/03/30,06,84,3,,,,,
2014/03/30,07,92,6,,,,,
2014/03/30,08,110,5,,,,,
2014/03/30,09,133,6,,,,,
2014/03/30,10,134,6,,,,,
2014/03/30,11,134,6,,,,,
2014/03/30,12,138,6,,,,,
2014/03/30,13,130,6,,,,,
2014/03/30,14,133,6,,,,,
2014/03/30,15,130,6,,,,,
2014/03/30,16,129,4,,,,,
2014/03/30,17,123,4,,,,,
2014/03/30,18,123,4,,,,,
2014/03/30,19,118,4,,,,,
2014/03/30,20,128,4,,,,,
2014/03/30,21,117,4,,,,,
2014/03/30,22,65,2,,,,,
2014/03/30,23,51,1,,,,,
2014/03/30,24,59,1,,,,,
2014/03/31,01,50,1,,,,,
2014/03/31,02,48,1,,,,,
2014/03/31,03,49,0,,,,,
2014/03/31,04,52,1,,,,,
2014/03/31,05,57,0,,,,,
2014/03/31,06,71,2,,,,,
2014/03/31,07,84,6,,,,,
2014/03/31,08,106,6,,,,,
2014/03/31,09,129,6,,,,,
2014/03/31,10,128,6,,,,,
2014/03/31,11,133,6,,,,,
2014/03/31,12,136,6,,,,,
2014/03/31,13,128,7,,,,,
2014/03/31,14,127,7,,,,,
2014/03/31,15,129,8,,,,,
2014/03/31,16,125,8,,,,,
2014/03/31,17,121,6,,,,,
2014/03/31,18,122,4,,,,,
2014/03/31,19,116,4,,,,,
2014/03/31,20,127,4,,,,,
2014/03/31,21,116,3,,,,,
2014/03/31,22,64,1,,,,,
2014/03/31,23,56,1,,,,,
2014/03/31,24,58,1,,,,,
2014/04/01,01,48,1,,,,,
2014/04/01,02,47,2,,,,,
2014/04/01,03,50,3,,,,,
2014/04/01,04,57,2,,,,,
2014/04/01,05,60,1,,,,,
2014/04/01,06,70,2,,,,,
2014/04/01,07,88,4,,,,,
2014/04/01,08,99,7,,,,,
2014/04/01,09,123,6,,,,,
2014/04/01,10,123,6,,,,,
2014/04/01,11,127,6,,,,,
2014/04/01,12,134,6,,,,,
2014/04/01,13,126,8,,,,,
2014/04/01,14,134,8,,,,,
2014/04/01,15,137,9,,,,,
2014/04/01,16,132,9,,,,,
2014/04/01,17,126,9,,,,,
2014/04/01,18,121,8,,,,,
2014/04/01,19,119,7,,,,,
2014/04/01,20,126,5,,,,,
2014/04/01,21,110,2,,,,,
2014/04/01,22,58,1,,,,,
2014/04/01,23,49,1,,,,,
2014/04/01,24,57,1,,,,,
2014/04/02,01,50,1,,,,,
2014/04/02,02,47,1,,,,,
2014/04/02,03,49,1,,,,,
2014/04/02,04,51,1,,,,,
2014/04/02,05,54,0,,,,,
2014/04/02,06,67,2,,,,,
2014/04/02,07,86,6,,,,,
2014/04/02,08,101,6,,,,,
2014/04/02,09,126,6,,,,,
2014/04/02,10,129,6,,,,,
2014/04/02,11,132,7,,,,,
2014/04/02,12,132,7,,,,,
2014/04/02,13,130,8,,,,,
2014/04/02,14,135,9,,,,,
2014/04/02,15,129,7,,,,,
2014/04/02,16,131,7,,,,,
2014/04/02,17,127,8,,,,,
2014/04/02,18,128,6,,,,,
2014/04/02,19,123,7,,,,,
2014/04/02,20,130,6,,,,,
2014/04/02,21,112,2,,,,,
2014/04/02,22,61,1,,,,,
2014/04/02,23,52,1,,,,,
2014/04/02,24,58,1,,,,,
2014/04/03,01,50,1,,,,,
2014/04/03,02,50,1,,,,,
2014/04/03,03,49,1,,,,,
2014/04/03,04,53,1,,,,,
2014/04/03,05,62,1,,,,,
2014/04/03,06,84,4,,,,,
2014/04/03,07,86,6,,,,,
2014/04/03,08,99,6,,,,,
2014/04/03,09,132,6,,,,,
2014/04/03,10,133,6,,,,,
2014/04/03,11,139,7,,,,,
2014/04/03,12,136,7,,,,,
2014/04/03,13,129,8,,,,,
2014/04/03,14,135,6,,,,,
2014/04/03,15,139,7,,,,,
2014/04/03,16,127,6,,,,,
2014/04/03,17,124,6,,,,,
2014/04/03,18,120,4,,,,,
2014/04/03,19,119,4,,,,,
2014/04/03,20,128,4,,,,,
2014/04/03,21,114,4,,,,,
2014/04/03,22,64,2,,,,,
2014/04/03,23,53,1,,,,,
2014/04/03,24,57,1,,,,,
2014/04/04,01,49,1,,,,,
2014/04/04,02,50,0,,,,,
2014/04/04,03,50,1,,,,,
2014/04/04,04,53,1,,,,,
2014/04/04,05,62,1,,,,,
2014/04/04,06,86,4,,,,,
2014/04/04,07,83,5,,,,,
2014/04/04,08,102,6,,,,,
2014/04/04,09,129,6,,,,,
2014/04/04,10,120,6,,,,,
2014/04/04,11,124,6,,,,,
2014/04/04,12,128,11,,,,,
2014/04/04,13,119,12,,,,,
2014/04/04,14,124,11,,,,,
2014/04/04,15,121,9,,,,,
2014/04/04,16,120,5,,,,,
2014/04/04,17,113,5,,,,,
2014/04/04,18,116,4,,,,,
2014/04/04,19,118,4,,,,,
2014/04/04,20,124,4,,,,,
2014/04/04,21,110,6,,,,,
2014/04/04,22,63,4,,,,,
2014/04/04,23,46,2,,,,,
2014/04/04,24,56,1,,,,,
2014/04/05,01,47,1,,,,,
2014/04/05,02,44,1,,,,,
2014/04/05,03,44,1,,,,,
2014/04/05,04,49,1,,,,,
2014/04/05,05,55,2,,,,,
2014/04/05,06,83,4,,,,,
2014/04/05,07,78,5,,,,,
2014/04/05,08,99,6,,,,,
2014/04/05,09,131,9,,,,,
2014/04/05,10,128,9,,,,,
2014/04/05,11,126,9,,,,,
2014/04/05,12,136,9,,,,,
2014/04/05,13,119,9,,,,,
2014/04/05,14,119,8,,,,,
2014/04/05,15,129,8,,,,,
2014/04/05,16,125,7,,,,,
2014/04/05,17,122,6,,,,,
2014/04/05,18,121,7,,,,,
2014/04/05,19,118,6,,,,,
2014/04/05,20,120,6,,,,,
2014/04/05,21,110,5,,,,,
2014/04/05,22,63,4,,,,,
2014/04/05,23,47,1,,,,,
2014/04/05,24,56,1,,,,,
2014/04/06,01,46,1,,,,,
2014/04/06,02,46,1,,,,,
2014/04/06,03,46,1,,,,,
2014/04/06,04,48,1,,,,,
2014/04/06,05,57,1,,,,,
2014/04/06,06,79,4,,,,,
2014/04/06,07,81,4,,,,,
2014/04/06,08,100,6,,,,,
2014/04/06,09,126,7,,,,,
2014/04/06,10,123,9,,,,,
2014/04/06,11,131,9,,,,,
2014/04/06,12,137,9,,,,,
2014/04/06,13,124,11,,,,,
2014/04/06,14,118,7,,,,,
2014/04/06,15,123,8,,,,,
2014/04/06,16,124,9,,,,,
2014/04/06,17,119,8,,,,,
2014/04/06,18,119,7,,,,,
2014/04/06,19,116,7,,,,,
2014/04/06,20,126,8,,,,,
2014/04/06,21,115,6,,,,,
2014/04/06,22,62,3,,,,,
2014/04/06,23,46,1,,,,,
2014/04/06,24,53,1,,,,,
2014/04/07,01,43,1,,,,,
2014/04/07,02,42,1,,,,,
2014/04/07,03,43,1,,,,,
2014/04/07,04,46,1,,,,,
2014/04/07,05,47,0,,,,,
2014/04/07,06,64,2,,,,,
2014/04/07,07,76,5,,,,,
2014/04/07,08,94,7,,,,,
2014/04/07,09,124,8,,,,,
2014/04/07,10,123,9,,,,,
2014/04/07,11,132,9,,,,,
2014/04/07,12,128,9,,,,,
2014/04/07,13,119,8,,,,,
2014/04/07,14,130,7,,,,,
2014/04/07,15,125,4,,,,,
2014/04/07,16,120,4,,,,,
2014/04/07,17,120,4,,,,,
2014/04/07,18,118,4,,,,,
2014/04/07,19,118,4,,,,,
2014/04/07,20,121,4,,,,,
2014/04/07,21,113,4,,,,,
2014/04/07,22,63,1,,,,,
2014/04/07,23,51,1,,,,,
2014/04/07,24,56,1,,,,,
2014/04/08,01,48,1,,,,,
2014/04/08,02,45,1,,,,,
2014/04/08,03,46,1,,,,,
2014/04/08,04,48,1,,,,,
2014/04/08,05,50,0,,,,,
2014/04/08,06,77,4,,,,,
2014/04/08,07,84,4,,,,,
2014/04/08,08,103,5,,,,,
2014/04/08,09,127,6,,,,,
2014/04/08,10,131,6,,,,,
2014/04/08,11,135,6,,,,,
2014/04/08,12,143,8,,,,,
2014/04/08,13,135,9,,,,,
2014/04/08,14,139,9,,,,,
2014/04/08,15,138,8,,,,,
2014/04/08,16,136,9,,,,,
2014/04/08,17,132,8,,,,,
2014/04/08,18,129,5,,,,,
2014/04/08,19,121,4,,,,,
2014/04/08,20,127,4,,,,,
2014/04/08,21,113,2,,,,,
2014/04/08,22,61,1,,,,,
2014/04/08,23,50,1,,,,,
2014/04/08,24,58,1,,,,,
2014/04/09,01,48,1,,,,,
2014/04/09,02,47,1,,,,,
2014/04/09,03,49,1,,,,,
2014/04/09,04,52,1,,,,,
2014/04/09,05,49,1,,,,,
2014/04/09,06,72,2,,,,,
2014/04/09,07,87,6,,,,,
2014/04/09,08,105,7,,,,,
2014/04/09,09,125,7,,,,,
2014/04/09,10,131,7,,,,,
2014/04/09,11,134,7,,,,,
2014/04/09,12,140,9,,,,,
2014/04/09,13,136,9,,,,,
2014/04/09,14,140,10,,,,,
2014/04/09,15,139,11,,,,,
2014/04/09,16,141,11,,,,,
2014/04/09,17,136,10,,,,,
2014/04/09,18,128,8,,,,,
2014/04/09,19,124,6,,,,,
2014/04/09,20,129,6,,,,,
2014/04/09,21,116,5,,,,,
2014/04/09,22,66,3,,,,,
2014/04/09,23,52,1,,,,,
2014/04/09,24,59,1,,,,,
2014/04/10,01,50,1,,,,,
2014/04/10,02,47,1,,,,,
2014/04/10,03,48,1,,,,,
2014/04/10,04,52,1,,,,,
2014/04/10,05,53,0,,,,,
2014/04/10,06,70,2,,,,,
2014/04/10,07,86,4,,,,,
2014/04/10,08,100,6,,,,,
2014/04/10,09,127,6,,,,,
2014/04/10,10,131,6,,,,,
2014/04/10,11,136,6,,,,,
2014/04/10,12,143,7,,,,,
2014/04/10,13,128,8,,,,,
2014/04/10,14,131,9,,,,,
2014/04/10,15,131,6,,,,,
2014/04/10,16,125,4,,,,,
2014/04/10,17,118,4,,,,,
2014/04/10,18,118,4,,,,,
2014/04/10,19,117,4,,,,,
2014/04/10,20,124,4,,,,,
2014/04/10,21,113,3,,,,,
2014/04/10,22,60,1,,,,,
2014/04/10,23,48,1,,,,,
2014/04/10,24,57,1,,,,,
2014/04/11,01,47,1,,,,,
2014/04/11,02,46,1,,,,,
2014/04/11,03,46,1,,,,,
2014/04/11,04,52,1,,,,,
2014/04/11,05,52,1,,,,,
2014/04/11,06,68,2,,,,,
2014/04/11,07,81,4,,,,,
2014/04/11,08,99,4,,,,,
2014/04/11,09,129,6,,,,,
2014/04/11,10,126,6,,,,,
2014/04/11,11,126,6,,,,,
2014/04/11,12,135,7,,,,,
2014/04/11,13,125,8,,,,,
2014/04/11,14,125,7,,,,,
2014/04/11,15,132,6,,,,,
2014/04/11,16,126,7,,,,,
2014/04/11,17,119,7,,,,,
2014/04/11,18,122,7,,,,,
2014/04/11,19,116,4,,,,,
2014/04/11,20,120,4,,,,,
2014/04/11,21,111,4,,,,,
2014/04/11,22,62,2,,,,,
2014/04/11,23,50,1,,,,,
2014/04/11,24,54,1,,,,,
2014/04/12,01,47,1,,,,,
2014/04/12,02,47,1,,,,,
2014/04/12,03,46,1,,,,,
2014/04/12,04,50,1,,,,,
2014/04/12,05,50,1,,,,,
2014/04/12,06,76,3,,,,,
2014/04/12,07,82,4,,,,,
2014/04/12,08,102,6,,,,,
2014/04/12,09,126,6,,,,,
2014/04/12,10,131,8,,,,,
2014/04/12,11,129,7,,,,,
2014/04/12,12,140,8,,,,,
2014/04/12,13,128,9,,,,,
2014/04/12,14,124,7,,,,,
2014/04/12,15,135,7,,,,,
2014/04/12,16,126,6,,,,,
2014/04/12,17,125,5,,,,,
2014/04/12,18,123,4,,,,,
2014/04/12,19,116,4,,,,,
2014/04/12,20,122,4,,,,,
2014/04/12,21,119,4,,,,,
2014/04/12,22,63,2,,,,,
2014/04/12,23,51,1,,,,,
2014/04/12,24,57,1,,,,,
2014/04/13,01,49,1,,,,,
2014/04/13,02,49,1,,,,,
2014/04/13,03,49,1,,,,,
2014/04/13,04,51,1,,,,,
2014/04/13,05,57,1,,,,,
2014/04/13,06,78,4,,,,,
2014/04/13,07,84,6,,,,,
2014/04/13,08,102,8,,,,,
2014/04/13,09,125,8,,,,,
2014/04/13,10,122,6,,,,,
2014/04/13,11,129,6,,,,,
2014/04/13,12,130,6,,,,,
2014/04/13,13,123,9,,,,,
2014/04/13,14,123,5,,,,,
2014/04/13,15,118,4,,,,,
2014/04/13,16,122,4,,,,,
2014/04/13,17,118,4,,,,,
2014/04/13,18,119,4,,,,,
2014/04/13,19,116,4,,,,,
2014/04/13,20,122,4,,,,,
2014/04/13,21,109,3,,,,,
2014/04/13,22,61,1,,,,,
2014/04/13,23,49,1,,,,,
2014/04/13,24,56,1,,,,,
2014/04/14,01,49,1,,,,,
2014/04/14,02,45,1,,,,,
2014/04/14,03,46,1,,,,,
2014/04/14,04,49,1,,,,,
2014/04/14,05,51,0,,,,,
2014/04/14,06,70,2,,,,,
2014/04/14,07,84,6,,,,,
2014/04/14,08,111,6,,,,,
2014/04/14,09,125,6,,,,,
2014/04/14,10,123,6,,,,,
2014/04/14,11,131,6,,,,,
2014/04/14,12,131,7,,,,,
2014/04/14,13,127,8,,,,,
2014/04/14,14,133,8,,,,,
2014/04/14,15,131,7,,,,,
2014/04/14,16,122,6,,,,,
2014/04/14,17,123,7,,,,,
2014/04/14,18,119,5,,,,,
2014/04/14,19,113,4,,,,,
2014/04/14,20,120,4,,,,,
2014/04/14,21,110,4,,,,,
2014/04/14,22,60,1,,,,,
2014/04/14,23,52,1,,,,,
2014/04/14,24,57,1,,,,,
2014/04/15,01,48,1,,,,,
2014/04/15,02,45,1,,,,,
2014/04/15,03,45,1,,,,,
2014/04/15,04,47,1,,,,,
2014/04/15,05,49,0,,,,,
2014/04/15,06,74,2,,,,,
2014/04/15,07,86,4,,,,,
2014/04/15,08,105,6,,,,,
2014/04/15,09,126,6,,,,,
2014/04/15,10,131,6,,,,,
2014/04/15,11,126,6,,,,,
2014/04/15,12,136,7,,,,,
2014/04/15,13,134,8,,,,,
2014/04/15,14,135,9,,,,,
2014/04/15,15,143,10,,,,,
2014/04/15,16,136,10,,,,,
2014/04/15,17,131,10,,,,,
2014/04/15,18,129,7,,,,,
2014/04/15,19,120,7,,,,,
2014/04/15,20,130,7,,,,,
2014/04/15,21,114,3,,,,,
2014/04/15,22,61,1,,,,,
2014/04/15,23,51,1,,,,,
2014/04/15,24,58,1,,,,,
2014/04/16,01,49,1,,,,,
2014/04/16,02,49,1,,,,,
2014/04/16,03,49,1,,,,,
2014/04/16,04,50,1,,,,,
2014/04/16,05,53,1,,,,,
2014/04/16,06,71,2,,,,,
2014/04/16,07,82,6,,,,,
2014/04/16,08,105,5,,,,,
2014/04/16,09,133,7,,,,,
2014/04/16,10,124,6,,,,,
2014/04/16,11,134,7,,,,,
2014/04/16,12,132,8,,,,,
2014/04/16,13,132,7,,,,,
2014/04/16,14,135,10,,,,,
2014/04/16,15,139,11,,,,,
2014/04/16,16,133,9,,,,,
2014/04/16,17,131,9,,,,,
2014/04/16,18,124,6,,,,,
2014/04/16,19,127,7,,,,,
2014/04/16,20,126,6,,,,,
2014/04/16,21,117,4,,,,,
2014/04/16,22,64,1,,,,,
2014/04/16,23,52,1,,,,,
2014/04/16,24,59,1,,,,,
2014/04/17,01,51,1,,,,,
2014/04/17,02,48,1,,,,,
2014/04/17,03,49,1,,,,,
2014/04/17,04,54,1,,,,,
2014/04/17,05,59,1,,,,,
2014/04/17,06,89,5,,,,,
2014/04/17,07,89,6,,,,,
2014/04/17,08,99,6,,,,,
2014/04/17,09,133,6,,,,,
2014/04/17,10,140,6,,,,,
2014/04/17,11,140,9,,,,,
2014/04/17,12,146,9,,,,,
2014/04/17,13,146,7,,,,,
2014/04/17,14,149,6,,,,,
2014/04/17,15,141,5,,,,,
2014/04/17,16,138,4,,,,,
2014/04/17,17,136,8,,,,,
2014/04/17,18,132,7,,,,,
2014/04/17,19,127,7,,,,,
2014/04/17,20,130,6,,,,,
2014/04/17,21,121,4,,,,,
2014/04/17,22,67,0,,,,,
2014/04/17,23,70,0,,,,,
2014/04/17,24,72,0,,,,,
2014/04/18,01,68,0,,,,,
2014/04/18,02,67,0,,,,,
2014/04/18,03,68,1,,,,,
2014/04/18,04,73,1,,,,,
2014/04/18,05,60,0,,,,,
2014/04/18,06,75,2,,,,,
2014/04/18,07,87,6,,,,,
2014/04/18,08,110,6,,,,,
2014/04/18,09,129,6,,,,,
2014/04/18,10,129,6,,,,,
2014/04/18,11,138,6,,,,,
2014/04/18,12,138,6,,,,,
2014/04/18,13,128,6,,,,,
2014/04/18,14,132,7,,,,,
2014/04/18,15,132,6,,,,,
2014/04/18,16,129,4,,,,,
2014/04/18,17,124,5,,,,,
2014/04/18,18,126,5,,,,,
2014/04/18,19,118,5,,,,,
2014/04/18,20,128,4,,,,,
2014/04/18,21,116,2,,,,,
2014/04/18,22,62,0,,,,,
2014/04/18,23,63,1,,,,,
2014/04/18,24,63,0,,,,,
2014/04/19,01,53,0,,,,,
2014/04/19,02,47,0,,,,,
2014/04/19,03,51,0,,,,,
2014/04/19,04,53,0,,,,,
2014/04/19,05,50,1,,,,,
2014/04/19,06,83,3,,,,,
2014/04/19,07,88,6,,,,,
2014/04/19,08,106,6,,,,,
2014/04/19,09,128,6,,,,,
2014/04/19,10,134,6,,,,,
2014/04/19,11,129,6,,,,,
2014/04/19,12,139,6,,,,,
2014/04/19,13,128,7,,,,,
2014/04/19,14,131,6,,,,,
2014/04/19,15,130,6,,,,,
2014/04/19,16,126,4,,,,,
2014/04/19,17,119,4,,,,,
2014/04/19,18,121,4,,,,,
2014/04/19,19,121,4,,,,,
2014/04/19,20,126,4,,,,,
2014/04/19,21,111,4,,,,,
2014/04/19,22,64,2,,,,,
2014/04/19,23,54,1,,,,,
2014/04/19,24,56,1,,,,,
2014/04/20,01,48,1,,,,,
2014/04/20,02,44,1,,,,,
2014/04/20,03,46,1,,,,,
2014/04/20,04,51,1,,,,,
2014/04/20,05,53,1,,,,,
2014/04/20,06,78,3,,,,,
2014/04/20,07,90,5,,,,,
2014/04/20,08,99,6,,,,,
2014/04/20,09,129,6,,,,,
2014/04/20,10,128,6,,,,,
2014/04/20,11,127,8,,,,,
2014/04/20,12,131,8,,,,,
2014/04/20,13,125,13,,,,,
2014/04/20,14,127,9,,,,,
2014/04/20,15,129,7,,,,,
2014/04/20,16,120,5,,,,,
2014/04/20,17,122,5,,,,,
2014/04/20,18,118,4,,,,,
2014/04/20,19,119,4,,,,,
2014/04/20,20,126,4,,,,,
2014/04/20,21,116,4,,,,,
2014/04/20,22,66,2,,,,,
2014/04/20,23,49,1,,,,,
2014/04/20,24,59,1,,,,,
2014/04/21,01,49,1,,,,,
2014/04/21,02,48,0,,,,,
2014/04/21,03,49,1,,,,,
2014/04/21,04,53,1,,,,,
2014/04/21,05,55,0,,,,,
2014/04/21,06,65,2,,,,,
2014/04/21,07,89,6,,,,,
2014/04/21,08,104,8,,,,,
2014/04/21,09,130,8,,,,,
2014/04/21,10,125,8,,,,,
2014/04/21,11,132,7,,,,,
2014/04/21,12,131,6,,,,,
2014/04/21,13,126,7,,,,,
2014/04/21,14,128,6,,,,,
2014/04/21,15,125,4,,,,,
2014/04/21,16,124,4,,,,,
2014/04/21,17,119,4,,,,,
2014/04/21,18,124,4,,,,,
2014/04/21,19,123,4,,,,,
2014/04/21,20,130,4,,,,,
2014/04/21,21,116,3,,,,,
2014/04/21,22,62,1,,,,,
2014/04/21,23,53,1,,,,,
2014/04/21,24,58,1,,,,,
2014/04/22,01,49,1,,,,,
2014/04/22,02,48,1,,,,,
2014/04/22,03,47,1,,,,,
2014/04/22,04,56,1,,,,,
2014/04/22,05,52,0,,,,,
2014/04/22,06,78,3,,,,,
2014/04/22,07,92,6,,,,,
2014/04/22,08,107,6,,,,,
2014/04/22,09,136,6,,,,,
2014/04/22,10,135,6,,,,,
2014/04/22,11,136,6,,,,,
2014/04/22,12,135,6,,,,,
2014/04/22,13,132,6,,,,,
2014/04/22,14,127,6,,,,,
2014/04/22,15,131,6,,,,,
2014/04/22,16,128,6,,,,,
2014/04/22,17,124,7,,,,,
2014/04/22,18,120,6,,,,,
2014/04/22,19,124,7,,,,,
2014/04/22,20,128,6,,,,,
2014/04/22,21,119,6,,,,,
2014/04/22,22,62,3,,,,,
2014/04/22,23,50,1,,,,,
2014/04/22,24,58,1,,,,,
2014/04/23,01,48,1,,,,,
2014/04/23,02,46,1,,,,,
2014/04/23,03,46,1,,,,,
2014/04/23,04,53,1,,,,,
2014/04/23,05,50,1,,,,,
2014/04/23,06,69,2,,,,,
2014/04/23,07,84,6,,,,,
2014/04/23,08,99,6,,,,,
2014/04/23,09,130,6,,,,,
2014/04/23,10,134,7,,,,,
2014/04/23,11,136,6,,,,,
2014/04/23,12,135,6,,,,,
2014/04/23,13,132,6,,,,,
2014/04/23,14,138,7,,,,,
2014/04/23,15,130,7,,,,,
2014/04/23,16,130,7,,,,,
2014/04/23,17,132,7,,,,,
2014/04/23,18,124,6,,,,,
2014/04/23,19,125,6,,,,,
2014/04/23,20,127,6,,,,,
2014/04/23,21,116,4,,,,,
2014/04/23,22,62,2,,,,,
2014/04/23,23,51,1,,,,,
2014/04/23,24,58,1,,,,,
2014/04/24,01,49,1,,,,,
2014/04/24,02,47,1,,,,,
2014/04/24,03,48,1,,,,,
2014/04/24,04,54,1,,,,,
2014/04/24,05,51,1,,,,,
2014/04/24,06,71,2,,,,,
2014/04/24,07,86,6,,,,,
2014/04/24,08,107,6,,,,,
2014/04/24,09,128,6,,,,,
2014/04/24,10,136,6,,,,,
2014/04/24,11,132,6,,,,,
2014/04/24,12,140,7,,,,,
2014/04/24,13,136,7,,,,,
2014/04/24,14,140,7,,,,,
2014/04/24,15,138,7,,,,,
2014/04/24,16,137,6,,,,,
2014/04/24,17,131,5,,,,,
2014/04/24,18,123,4,,,,,
2014/04/24,19,123,4,,,,,
2014/04/24,20,128,4,,,,,
2014/04/24,21,111,2,,,,,
2014/04/24,22,64,1,,,,,
2014/04/24,23,52,1,,,,,
2014/04/24,24,59,1,,,,,
2014/04/25,01,49,1,,,,,
2014/04/25,02,49,1,,,,,
2014/04/25,03,51,1,,,,,
2014/04/25,04,53,1,,,,,
2014/04/25,05,52,1,,,,,
2014/04/25,06,74,2,,,,,
2014/04/25,07,88,7,,,,,
2014/04/25,08,103,8,,,,,
2014/04/25,09,131,8,,,,,
2014/04/25,10,135,7,,,,,
2014/04/25,11,141,9,,,,,
2014/04/25,12,142,8,,,,,
2014/04/25,13,142,9,,,,,
2014/04/25,14,147,8,,,,,
2014/04/25,15,141,6,,,,,
2014/04/25,16,138,7,,,,,
2014/04/25,17,134,7,,,,,
2014/04/25,18,133,7,,,,,
2014/04/25,19,121,5,,,,,
2014/04/25,20,128,5,,,,,
2014/04/25,21,120,4,,,,,
2014/04/25,22,62,1,,,,,
2014/04/25,23,52,1,,,,,
2014/04/25,24,57,1,,,,,
2014/04/26,01,51,1,,,,,
2014/04/26,02,49,1,,,,,
2014/04/26,03,50,1,,,,,
2014/04/26,04,58,0,,,,,
2014/04/26,05,52,1,,,,,
2014/04/26,06,83,9,,,,,
2014/04/26,07,94,6,,,,,
2014/04/26,08,106,6,,,,,
2014/04/26,09,133,6,,,,,
2014/04/26,10,140,5,,,,,
2014/04/26,11,142,6,,,,,
2014/04/26,12,152,8,,,,,
2014/04/26,13,146,7,,,,,
2014/04/26,14,146,7,,,,,
2014/04/26,15,151,7,,,,,
2014/04/26,16,139,6,,,,,
2014/04/26,17,136,9,,,,,
2014/04/26,18,133,8,,,,,
2014/04/26,19,130,7,,,,,
2014/04/26,20,133,7,,,,,
2014/04/26,21,121,4,,,,,
2014/04/26,22,67,1,,,,,
2014/04/26,23,63,1,,,,,
2014/04/26,24,68,1,,,,,
2014/04/27,01,62,1,,,,,
2014/04/27,02,63,1,,,,,
2014/04/27,03,59,1,,,,,
2014/04/27,04,67,1,,,,,
2014/04/27,05,63,0,,,,,
2014/04/27,06,84,4,,,,,
2014/04/27,07,93,7,,,,,
2014/04/27,08,107,7,,,,,
2014/04/27,09,137,13,,,,,
2014/04/27,10,146,13,,,,,
2014/04/27,11,145,14,,,,,
2014/04/27,12,145,15,,,,,
2014/04/27,13,141,16,,,,,
2014/04/27,14,141,16,,,,,
2014/04/27,15,135,9,,,,,
2014/04/27,16,130,6,,,,,
2014/04/27,17,125,6,,,,,
2014/04/27,18,123,5,,,,,
2014/04/27,19,121,4,,,,,
2014/04/27,20,127,4,,,,,
2014/04/27,21,115,3,,,,,
2014/04/27,22,65,1,,,,,
2014/04/27,23,53,0,,,,,
2014/04/27,24,62,0,,,,,
2014/04/28,01,52,0,,,,,
2014/04/28,02,51,0,,,,,
2014/04/28,03,53,0,,,,,
2014/04/28,04,54,0,,,,,
2014/04/28,05,54,1,,,,,
2014/04/28,06,76,3,,,,,
2014/04/28,07,90,6,,,,,
2014/04/28,08,109,6,,,,,
2014/04/28,09,142,23,,,,,
2014/04/28,10,142,19,,,,,
2014/04/28,11,140,18,,,,,
2014/04/28,12,137,18,,,,,
2014/04/28,13,131,17,,,,,
2014/04/28,14,137,19,,,,,
2014/04/28,15,130,17,,,,,
2014/04/28,16,128,17,,,,,
2014/04/28,17,130,18,,,,,
2014/04/28,18,129,19,,,,,
2014/04/28,19,126,19,,,,,
2014/04/28,20,134,19,,,,,
2014/04/28,21,122,14,,,,,
2014/04/28,22,65,1,,,,,
2014/04/28,23,57,1,,,,,
2014/04/28,24,60,1,,,,,
2014/04/29,01,53,1,,,,,
2014/04/29,02,51,1,,,,,
2014/04/29,03,51,1,,,,,
2014/04/29,04,56,1,,,,,
2014/04/29,05,57,0,,,,,
2014/04/29,06,87,4,,,,,
2014/04/29,07,92,6,,,,,
2014/04/29,08,116,16,,,,,
2014/04/29,09,142,19,,,,,
2014/04/29,10,146,20,,,,,
2014/04/29,11,137,17,,,,,
2014/04/29,12,137,17,,,,,
2014/04/29,13,131,18,,,,,
2014/04/29,14,137,16,,,,,
2014/04/29,15,138,18,,,,,
2014/04/29,16,134,17,,,,,
2014/04/29,17,131,17,,,,,
2014/04/29,18,131,16,,,,,
2014/04/29,19,128,16,,,,,
2014/04/29,20,135,14,,,,,
2014/04/29,21,114,2,,,,,
2014/04/29,22,66,1,,,,,
2014/04/29,23,58,0,,,,,
2014/04/29,24,62,0,,,,,
2014/04/30,01,52,0,,,,,
2014/04/30,02,51,0,,,,,
2014/04/30,03,53,0,,,,,
2014/04/30,04,56,0,,,,,
2014/04/30,05,59,0,,,,,
2014/04/30,06,74,2,,,,,
2014/04/30,07,94,6,,,,,
2014/04/30,08,107,6,,,,,
2014/04/30,09,135,6,,,,,
2014/04/30,10,136,8,,,,,
2014/04/30,11,136,8,,,,,
2014/04/30,12,137,9,,,,,
2014/04/30,13,139,10,,,,,
2014/04/30,14,139,9,,,,,
2014/04/30,15,131,8,,,,,
2014/04/30,16,127,6,,,,,
2014/04/30,17,126,8,,,,,
2014/04/30,18,126,7,,,,,
2014/04/30,19,125,7,,,,,
2014/04/30,20,130,7,,,,,
2014/04/30,21,117,5,,,,,
2014/04/30,22,67,1,,,,,
2014/04/30,23,55,1,,,,,
2014/04/30,24,61,1,,,,,
2014/05/01,01,53,1,,,,,
2014/05/01,02,53,1,,,,,
2014/05/01,03,51,0,,,,,
2014/05/01,04,57,1,,,,,
2014/05/01,05,58,0,,,,,
2014/05/01,06,84,4,,,,,
2014/05/01,07,93,6,,,,,
2014/05/01,08,112,6,,,,,
2014/05/01,09,139,7,,,,,
2014/05/01,10,146,9,,,,,
2014/05/01,11,145,10,,,,,
2014/05/01,12,141,10,,,,,
2014/05/01,13,136,9,,,,,
2014/05/01,14,142,9,,,,,
2014/05/01,15,141,9,,,,,
2014/05/01,16,135,7,,,,,
2014/05/01,17,131,7,,,,,
2014/05/01,18,128,7,,,,,
2014/05/01,19,122,5,,,,,
2014/05/01,20,131,6,,,,,
2014/05/01,21,116,2,,,,,
2014/05/01,22,63,1,,,,,
2014/05/01,23,53,1,,,,,
2014/05/01,24,61,1,,,,,
2014/05/02,01,52,1,,,,,
2014/05/02,02,50,0,,,,,
2014/05/02,03,51,1,,,,,
2014/05/02,04,55,1,,,,,
2014/05/02,05,58,0,,,,,
2014/05/02,06,73,2,,,,,
2014/05/02,07,86,6,,,,,
2014/05/02,08,108,6,,,,,
2014/05/02,09,132,6,,,,,
2014/05/02,10,136,8,,,,,
2014/05/02,11,144,9,,,,,
2014/05/02,12,152,12,,,,,
2014/05/02,13,153,12,,,,,
2014/05/02,14,159,12,,,,,
2014/05/02,15,156,11,,,,,
2014/05/02,16,144,10,,,,,
2014/05/02,17,142,11,,,,,
2014/05/02,18,139,9,,,,,
2014/05/02,19,132,7,,,,,
2014/05/02,20,135,6,,,,,
2014/05/02,21,117,3,,,,,
2014/05/02,22,66,1,,,,,
2014/05/02,23,54,1,,,,,
2014/05/02,24,59,1,,,,,
2014/05/03,01,52,1,,,,,
2014/05/03,02,51,0,,,,,
2014/05/03,03,49,0,,,,,
2014/05/03,04,56,0,,,,,
2014/05/03,05,57,0,,,,,
2014/05/03,06,80,3,,,,,
2014/05/03,07,92,6,,,,,
2014/05/03,08,108,7,,,,,
2014/05/03,09,133,7,,,,,
2014/05/03,10,137,9,,,,,
2014/05/03,11,144,10,,,,,
2014/05/03,12,140,10,,,,,
2014/05/03,13,141,10,,,,,
2014/05/03,14,148,11,,,,,
2014/05/03,15,138,10,,,,,
2014/05/03,16,132,10,,,,,
2014/05/03,17,128,9,,,,,
2014/05/03,18,122,7,,,,,
2014/05/03,19,118,7,,,,,
2014/05/03,20,126,7,,,,,
2014/05/03,21,112,5,,,,,
2014/05/03,22,61,1,,,,,
2014/05/03,23,52,1,,,,,
2014/05/03,24,59,1,,,,,
2014/05/04,01,52,1,,,,,
2014/05/04,02,48,1,,,,,
2014/05/04,03,49,1,,,,,
2014/05/04,04,52,1,,,,,
2014/05/04,05,54,0,,,,,
2014/05/04,06,81,4,,,,,
2014/05/04,07,91,6,,,,,
2014/05/04,08,106,6,,,,,
2014/05/04,09,127,6,,,,,
2014/05/04,10,133,8,,,,,
2014/05/04,11,134,10,,,,,
2014/05/04,12,140,10,,,,,
2014/05/04,13,134,10,,,,,
2014/05/04,14,148,12,,,,,
2014/05/04,15,136,12,,,,,
2014/05/04,16,132,10,,,,,
2014/05/04,17,127,8,,,,,
2014/05/04,18,123,8,,,,,
2014/05/04,19,120,8,,,,,
2014/05/04,20,128,5,,,,,
2014/05/04,21,116,6,,,,,
2014/05/04,22,63,1,,,,,
2014/05/04,23,53,1,,,,,
2014/05/04,24,60,1,,,,,
2014/05/05,01,53,1,,,,,
2014/05/05,02,51,1,,,,,
2014/05/05,03,54,1,,,,,
2014/05/05,04,56,1,,,,,
2014/05/05,05,56,0,,,,,
2014/05/05,06,82,4,,,,,
2014/05/05,07,92,6,,,,,
2014/05/05,08,101,7,,,,,
2014/05/05,09,126,7,,,,,
2014/05/05,10,126,6,,,,,
2014/05/05,11,126,6,,,,,
2014/05/05,12,131,6,,,,,
2014/05/05,13,122,6,,,,,
2014/05/05,14,125,6,,,,,
2014/05/05,15,124,6,,,,,
2014/05/05,16,125,6,,,,,
2014/05/05,17,117,6,,,,,
2014/05/05,18,116,5,,,,,
2014/05/05,19,115,4,,,,,
2014/05/05,20,124,4,,,,,
2014/05/05,21,112,4,,,,,
2014/05/05,22,63,1,,,,,
2014/05/05,23,52,1,,,,,
2014/05/05,24,59,1,,,,,
2014/05/06,01,50,1,,,,,
2014/05/06,02,47,1,,,,,
2014/05/06,03,46,1,,,,,
2014/05/06,04,50,1,,,,,
2014/05/06,05,54,1,,,,,
2014/05/06,06,81,4,,,,,
2014/05/06,07,88,5,,,,,
2014/05/06,08,105,6,,,,,
2014/05/06,09,131,6,,,,,
2014/05/06,10,132,6,,,,,
2014/05/06,11,137,8,,,,,
2014/05/06,12,137,8,,,,,
2014/05/06,13,133,7,,,,,
2014/05/06,14,135,8,,,,,
2014/05/06,15,132,8,,,,,
2014/05/06,16,130,9,,,,,
2014/05/06,17,122,7,,,,,
2014/05/06,18,119,6,,,,,
2014/05/06,19,118,7,,,,,
2014/05/06,20,126,6,,,,,
2014/05/06,21,113,5,,,,,
2014/05/06,22,64,2,,,,,
2014/05/06,23,50,1,,,,,
2014/05/06,24,59,1,,,,,
2014/05/07,01,49,1,,,,,
2014/05/07,02,48,1,,,,,
2014/05/07,03,48,1,,,,,
2014/05/07,04,53,1,,,,,
2014/05/07,05,53,0,,,,,
2014/05/07,06,71,2,,,,,
2014/05/07,07,86,6,,,,,
2014/05/07,08,108,7,,,,,
2014/05/07,09,125,6,,,,,
2014/05/07,10,122,6,,,,,
2014/05/07,11,128,8,,,,,
2014/05/07,12,133,9,,,,,
2014/05/07,13,135,10,,,,,
2014/05/07,14,141,10,,,,,
2014/05/07,15,140,10,,,,,
2014/05/07,16,134,9,,,,,
2014/05/07,17,133,9,,,,,
2014/05/07,18,124,7,,,,,
2014/05/07,19,121,7,,,,,
2014/05/07,20,128,6,,,,,
2014/05/07,21,112,2,,,,,
2014/05/07,22,61,1,,,,,
2014/05/07,23,51,1,,,,,
2014/05/07,24,58,1,,,,,
2014/05/08,01,50,1,,,,,
2014/05/08,02,48,1,,,,,
2014/05/08,03,48,1,,,,,
2014/05/08,04,52,1,,,,,
2014/05/08,05,55,1,,,,,
2014/05/08,06,72,3,,,,,
2014/05/08,07,88,6,,,,,
2014/05/08,08,101,6,,,,,
2014/05/08,09,131,6,,,,,
2014/05/08,10,133,8,,,,,
2014/05/08,11,139,10,,,,,
2014/05/08,12,139,11,,,,,
2014/05/08,13,135,11,,,,,
2014/05/08,14,143,12,,,,,
2014/05/08,15,136,10,,,,,
2014/05/08,16,129,10,,,,,
2014/05/08,17,131,9,,,,,
2014/05/08,18,128,7,,,,,
2014/05/08,19,121,7,,,,,
2014/05/08,20,125,4,,,,,
2014/05/08,21,114,2,,,,,
2014/05/08,22,62,1,,,,,
2014/05/08,23,52,1,,,,,
2014/05/08,24,60,0,,,,,
2014/05/09,01,53,0,,,,,
2014/05/09,02,49,0,,,,,
2014/05/09,03,51,0,,,,,
2014/05/09,04,55,0,,,,,
2014/05/09,05,56,0,,,,,
2014/05/09,06,73,2,,,,,
2014/05/09,07,95,6,,,,,
2014/05/09,08,104,6,,,,,
2014/05/09,09,130,6,,,,,
2014/05/09,10,134,8,,,,,
2014/05/09,11,137,10,,,,,
2014/05/09,12,136,10,,,,,
2014/05/09,13,136,10,,,,,
2014/05/09,14,141,10,,,,,
2014/05/09,15,139,10,,,,,
2014/05/09,16,131,9,,,,,
2014/05/09,17,125,8,,,,,
2014/05/09,18,118,7,,,,,
2014/05/09,19,116,7,,,,,
2014/05/09,20,127,6,,,,,
2014/05/09,21,111,1,,,,,
2014/05/09,22,63,1,,,,,
2014/05/09,23,52,1,,,,,
2014/05/09,24,57,1,,,,,
2014/05/10,01,49,1,,,,,
2014/05/10,02,48,1,,,,,
2014/05/10,03,50,1,,,,,
2014/05/10,04,53,1,,,,,
2014/05/10,05,55,1,,,,,
2014/05/10,06,82,4,,,,,
2014/05/10,07,89,6,,,,,
2014/05/10,08,106,6,,,,,
2014/05/10,09,131,6,,,,,
2014/05/10,10,135,8,,,,,
2014/05/10,11,136,9,,,,,
2014/05/10,12,142,10,,,,,
2014/05/10,13,145,10,,,,,
2014/05/10,14,148,11,,,,,
2014/05/10,15,142,11,,,,,
2014/05/10,16,139,10,,,,,
2014/05/10,17,132,10,,,,,
2014/05/10,18,128,10,,,,,
2014/05/10,19,123,9,,,,,
2014/05/10,20,128,7,,,,,
2014/05/10,21,120,8,,,,,
2014/05/10,22,67,3,,,,,
2014/05/10,23,51,1,,,,,
2014/05/10,24,59,1,,,,,
2014/05/11,01,49,1,,,,,
2014/05/11,02,49,1,,,,,
2014/05/11,03,50,1,,,,,
2014/05/11,04,59,2,,,,,
2014/05/11,05,73,4,,,,,
2014/05/11,06,82,4,,,,,
2014/05/11,07,89,7,,,,,
2014/05/11,08,109,7,,,,,
2014/05/11,09,129,7,,,,,
2014/05/11,10,137,10,,,,,
2014/05/11,11,140,11,,,,,
2014/05/11,12,150,12,,,,,
2014/05/11,13,143,12,,,,,
2014/05/11,14,148,12,,,,,
2014/05/11,15,147,12,,,,,
2014/05/11,16,140,10,,,,,
2014/05/11,17,136,10,,,,,
2014/05/11,18,131,8,,,,,
2014/05/11,19,129,8,,,,,
2014/05/11,20,132,6,,,,,
2014/05/11,21,121,7,,,,,
2014/05/11,22,68,1,,,,,
2014/05/11,23,55,1,,,,,
2014/05/11,24,61,1,,,,,
2014/05/12,01,53,1,,,,,
2014/05/12,02,51,1,,,,,
2014/05/12,03,52,1,,,,,
2014/05/12,04,60,1,,,,,
2014/05/12,05,60,0,,,,,
2014/05/12,06,72,2,,,,,
2014/05/12,07,91,6,,,,,
2014/05/12,08,108,6,,,,,
2014/05/12,09,135,7,,,,,
2014/05/12,10,131,8,,,,,
2014/05/12,11,131,9,,,,,
2014/05/12,12,132,9,,,,,
2014/05/12,13,129,10,,,,,
2014/05/12,14,131,9,,,,,
2014/05/12,15,127,9,,,,,
2014/05/12,16,123,7,,,,,
2014/05/12,17,125,7,,,,,
2014/05/12,18,124,7,,,,,
2014/05/12,19,122,7,,,,,
2014/05/12,20,129,7,,,,,
2014/05/12,21,118,4,,,,,
2014/05/12,22,66,1,,,,,
2014/05/12,23,55,1,,,,,
2014/05/12,24,60,1,,,,,
2014/05/13,01,52,1,,,,,
2014/05/13,02,51,1,,,,,
2014/05/13,03,52,0,,,,,
2014/05/13,04,56,0,,,,,
2014/05/13,05,58,0,,,,,
2014/05/13,06,83,4,,,,,
2014/05/13,07,92,6,,,,,
2014/05/13,08,115,6,,,,,
2014/05/13,09,149,8,,,,,
2014/05/13,10,155,11,,,,,
2014/05/13,11,156,12,,,,,
2014/05/13,12,160,14,,,,,
2014/05/13,13,159,14,,,,,
2014/05/13,14,168,15,,,,,
2014/05/13,15,167,16,,,,,
2014/05/13,16,157,15,,,,,
2014/05/13,17,153,15,,,,,
2014/05/13,18,143,13,,,,,
2014/05/13,19,138,11,,,,,
2014/05/13,20,139,8,,,,,
2014/05/13,21,124,6,,,,,
2014/05/13,22,68,1,,,,,
2014/05/13,23,54,1,,,,,
2014/05/13,24,62,1,,,,,
2014/05/14,01,53,1,,,,,
2014/05/14,02,52,1,,,,,
2014/05/14,03,52,1,,,,,
2014/05/14,04,59,0,,,,,
2014/05/14,05,56,0,,,,,
2014/05/14,06,74,3,,,,,
2014/05/14,07,93,6,,,,,
2014/05/14,08,109,6,,,,,
2014/05/14,09,133,7,,,,,
2014/05/14,10,134,9,,,,,
2014/05/14,11,136,10,,,,,
2014/05/14,12,136,10,,,,,
2014/05/14,13,131,9,,,,,
2014/05/14,14,138,10,,,,,
2014/05/14,15,130,10,,,,,
2014/05/14,16,128,9,,,,,
2014/05/14,17,127,8,,,,,
2014/05/14,18,129,8,,,,,
2014/05/14,19,124,9,,,,,
2014/05/14,20,134,8,,,,,
2014/05/14,21,124,6,,,,,
2014/05/14,22,66,1,,,,,
2014/05/14,23,55,1,,,,,
2014/05/14,24,62,1,,,,,
2014/05/15,01,54,1,,,,,
2014/05/15,02,52,1,,,,,
2014/05/15,03,51,1,,,,,
2014/05/15,04,59,1,,,,,
2014/05/15,05,53,1,,,,,
2014/05/15,06,90,4,,,,,
2014/05/15,07,99,6,,,,,
2014/05/15,08,113,6,,,,,
2014/05/15,09,132,6,,,,,
2014/05/15,10,129,8,,,,,
2014/05/15,11,131,8,,,,,
2014/05/15,12,128,7,,,,,
2014/05/15,13,124,7,,,,,
2014/05/15,14,133,7,,,,,
2014/05/15,15,128,6,,,,,
2014/05/15,16,127,6,,,,,
2014/05/15,17,125,6,,,,,
2014/05/15,18,125,5,,,,,
2014/05/15,19,122,5,,,,,
2014/05/15,20,129,4,,,,,
2014/05/15,21,116,3,,,,,
2014/05/15,22,61,1,,,,,
2014/05/15,23,54,1,,,,,
2014/05/15,24,60,1,,,,,
2014/05/16,01,52,1,,,,,
2014/05/16,02,50,0,,,,,
2014/05/16,03,50,0,,,,,
2014/05/16,04,54,1,,,,,
2014/05/16,05,57,0,,,,,
2014/05/16,06,72,2,,,,,
2014/05/16,07,88,6,,,,,
2014/05/16,08,107,6,,,,,
2014/05/16,09,135,6,,,,,
2014/05/16,10,137,7,,,,,
2014/05/16,11,143,10,,,,,
2014/05/16,12,143,10,,,,,
2014/05/16,13,144,12,,,,,
2014/05/16,14,149,13,,,,,
2014/05/16,15,145,12,,,,,
2014/05/16,16,140,12,,,,,
2014/05/16,17,134,11,,,,,
2014/05/16,18,128,10,,,,,
2014/05/16,19,126,10,,,,,
2014/05/16,20,128,7,,,,,
2014/05/16,21,113,3,,,,,
2014/05/16,22,62,1,,,,,
2014/05/16,23,53,1,,,,,
2014/05/16,24,59,1,,,,,
2014/05/17,01,52,1,,,,,
2014/05/17,02,51,1,,,,,
2014/05/17,03,55,0,,,,,
2014/05/17,04,60,0,,,,,
2014/05/17,05,53,1,,,,,
2014/05/17,06,82,4,,,,,
2014/05/17,07,89,6,,,,,
2014/05/17,08,110,6,,,,,
2014/05/17,09,136,6,,,,,
2014/05/17,10,141,9,,,,,
2014/05/17,11,143,10,,,,,
2014/05/17,12,151,12,,,,,
2014/05/17,13,160,13,,,,,
2014/05/17,14,161,15,,,,,
2014/05/17,15,159,14,,,,,
2014/05/17,16,147,12,,,,,
2014/05/17,17,147,11,,,,,
2014/05/17,18,133,10,,,,,
2014/05/17,19,128,9,,,,,
2014/05/17,20,134,8,,,,,
2014/05/17,21,119,6,,,,,
2014/05/17,22,62,1,,,,,
2014/05/17,23,54,1,,,,,
2014/05/17,24,61,1,,,,,
2014/05/18,01,52,1,,,,,
2014/05/18,02,52,1,,,,,
2014/05/18,03,52,1,,,,,
2014/05/18,04,55,1,,,,,
2014/05/18,05,56,0,,,,,
2014/05/18,06,73,3,,,,,
2014/05/18,07,95,6,,,,,
2014/05/18,08,112,7,,,,,
2014/05/18,09,136,9,,,,,
2014/05/18,10,145,10,,,,,
2014/05/18,11,150,10,,,,,
2014/05/18,12,155,14,,,,,
2014/05/18,13,156,14,,,,,
2014/05/18,14,157,16,,,,,
2014/05/18,15,153,18,,,,,
2014/05/18,16,145,15,,,,,
2014/05/18,17,144,13,,,,,
2014/05/18,18,140,11,,,,,
2014/05/18,19,138,9,,,,,
2014/05/18,20,136,8,,,,,
2014/05/18,21,122,7,,,,,
2014/05/18,22,65,1,,,,,
2014/05/18,23,53,1,,,,,
2014/05/18,24,61,1,,,,,
2014/05/19,01,52,1,,,,,
2014/05/19,02,52,1,,,,,
2014/05/19,03,52,1,,,,,
2014/05/19,04,56,1,,,,,
2014/05/19,05,59,0,,,,,
2014/05/19,06,72,2,,,,,
2014/05/19,07,90,6,,,,,
2014/05/19,08,110,7,,,,,
2014/05/19,09,134,9,,,,,
2014/05/19,10,143,11,,,,,
2014/05/19,11,149,13,,,,,
2014/05/19,12,151,12,,,,,
2014/05/19,13,154,15,,,,,
2014/05/19,14,160,18,,,,,
2014/05/19,15,154,15,,,,,
2014/05/19,16,150,13,,,,,
2014/05/19,17,148,12,,,,,
2014/05/19,18,139,11,,,,,
2014/05/19,19,135,10,,,,,
2014/05/19,20,135,10,,,,,
2014/05/19,21,121,7,,,,,
2014/05/19,22,67,2,,,,,
2014/05/19,23,59,1,,,,,
2014/05/19,24,61,1,,,,,
2014/05/20,01,54,1,,,,,
2014/05/20,02,51,0,,,,,
2014/05/20,03,51,0,,,,,
2014/05/20,04,55,0,,,,,
2014/05/20,05,53,0,,,,,
2014/05/20,06,88,5,,,,,
2014/05/20,07,92,6,,,,,
2014/05/20,08,114,7,,,,,
2014/05/20,09,144,9,,,,,
2014/05/20,10,153,12,,,,,
2014/05/20,11,144,11,,,,,
2014/05/20,12,141,10,,,,,
2014/05/20,13,143,10,,,,,
2014/05/20,14,145,10,,,,,
2014/05/20,15,141,10,,,,,
2014/05/20,16,132,9,,,,,
2014/05/20,17,129,8,,,,,
2014/05/20,18,128,9,,,,,
2014/05/20,19,125,9,,,,,
2014/05/20,20,132,8,,,,,
2014/05/20,21,117,4,,,,,
2014/05/20,22,64,1,,,,,
2014/05/20,23,53,1,,,,,
2014/05/20,24,60,0,,,,,
2014/05/21,01,53,0,,,,,
2014/05/21,02,51,0,,,,,
2014/05/21,03,53,0,,,,,
2014/05/21,04,57,0,,,,,
2014/05/21,05,59,0,,,,,
2014/05/21,06,76,3,,,,,
2014/05/21,07,94,6,,,,,
2014/05/21,08,114,6,,,,,
2014/05/21,09,141,6,,,,,
2014/05/21,10,134,8,,,,,
2014/05/21,11,134,8,,,,,
2014/05/21,12,138,8,,,,,
2014/05/21,13,134,9,,,,,
2014/05/21,14,143,10,,,,,
2014/05/21,15,142,11,,,,,
2014/05/21,16,139,11,,,,,
2014/05/21,17,136,10,,,,,
2014/05/21,18,128,7,,,,,
2014/05/21,19,124,6,,,,,
2014/05/21,20,129,5,,,,,
2014/05/21,21,117,3,,,,,
2014/05/21,22,62,1,,,,,
2014/05/21,23,53,1,,,,,
2014/05/21,24,58,1,,,,,
2014/05/22,01,52,0,,,,,
2014/05/22,02,50,0,,,,,
2014/05/22,03,50,0,,,,,
2014/05/22,04,56,0,,,,,
2014/05/22,05,53,0,,,,,
2014/05/22,06,73,3,,,,,
2014/05/22,07,90,6,,,,,
2014/05/22,08,112,6,,,,,
2014/05/22,09,136,5,,,,,
2014/05/22,10,141,5,,,,,
2014/05/22,11,142,9,,,,,
2014/05/22,12,148,11,,,,,
2014/05/22,13,150,13,,,,,
2014/05/22,14,154,13,,,,,
2014/05/22,15,141,9,,,,,
2014/05/22,16,134,8,,,,,
2014/05/22,17,132,7,,,,,
2014/05/22,18,126,6,,,,,
2014/05/22,19,124,8,,,,,
2014/05/22,20,132,8,,,,,
2014/05/22,21,118,5,,,,,
2014/05/22,22,62,1,,,,,
2014/05/22,23,53,1,,,,,
2014/05/22,24,59,1,,,,,
2014/05/23,01,53,1,,,,,
2014/05/23,02,52,1,,,,,
2014/05/23,03,52,0,,,,,
2014/05/23,04,55,0,,,,,
2014/05/23,05,61,0,,,,,
2014/05/23,06,75,3,,,,,
2014/05/23,07,89,6,,,,,
2014/05/23,08,108,7,,,,,
2014/05/23,09,135,7,,,,,
2014/05/23,10,129,8,,,,,
2014/05/23,11,136,10,,,,,
2014/05/23,12,139,10,,,,,
2014/05/23,13,142,10,,,,,
2014/05/23,14,149,11,,,,,
2014/05/23,15,144,11,,,,,
2014/05/23,16,137,11,,,,,
2014/05/23,17,138,10,,,,,
2014/05/23,18,129,7,,,,,
2014/05/23,19,126,7,,,,,
2014/05/23,20,134,7,,,,,
2014/05/23,21,121,6,,,,,
2014/05/23,22,63,1,,,,,
2014/05/23,23,52,1,,,,,
2014/05/23,24,60,1,,,,,
2014/05/24,01,51,0,,,,,
2014/05/24,02,51,0,,,,,
2014/05/24,03,51,0,,,,,
2014/05/24,04,54,0,,,,,
2014/05/24,05,58,0,,,,,
2014/05/24,06,82,4,,,,,
2014/05/24,07,93,6,,,,,
2014/05/24,08,110,7,,,,,
2014/05/24,09,138,9,,,,,
2014/05/24,10,145,10,,,,,
2014/05/24,11,156,10,,,,,
2014/05/24,12,158,11,,,,,
2014/05/24,13,167,12,,,,,
2014/05/24,14,169,14,,,,,
2014/05/24,15,167,15,,,,,
2014/05/24,16,153,14,,,,,
2014/05/24,17,151,12,,,,,
2014/05/24,18,145,11,,,,,
2014/05/24,19,139,10,,,,,
2014/05/24,20,141,9,,,,,
2014/05/24,21,128,8,,,,,
2014/05/24,22,70,2,,,,,
2014/05/24,23,56,1,,,,,
2014/05/24,24,63,1,,,,,
2014/05/25,01,55,1,,,,,
2014/05/25,02,54,1,,,,,
2014/05/25,03,53,0,,,,,
2014/05/25,04,59,0,,,,,
2014/05/25,05,60,0,,,,,
2014/05/25,06,84,4,,,,,
2014/05/25,07,95,6,,,,,
2014/05/25,08,121,9,,,,,
2014/05/25,09,145,9,,,,,
2014/05/25,10,163,12,,,,,
2014/05/25,11,168,14,,,,,
2014/05/25,12,161,16,,,,,
2014/05/25,13,165,17,,,,,
2014/05/25,14,169,17,,,,,
2014/05/25,15,164,13,,,,,
2014/05/25,16,156,12,,,,,
2014/05/25,17,156,13,,,,,
2014/05/25,18,146,10,,,,,
2014/05/25,19,143,9,,,,,
2014/05/25,20,146,8,,,,,
2014/05/25,21,128,6,,,,,
2014/05/25,22,73,1,,,,,
2014/05/25,23,57,1,,,,,
2014/05/25,24,65,1,,,,,
2014/05/26,01,55,1,,,,,
2014/05/26,02,54,1,,,,,
2014/05/26,03,55,1,,,,,
2014/05/26,04,58,0,,,,,
2014/05/26,05,59,0,,,,,
2014/05/26,06,76,3,,,,,
2014/05/26,07,92,6,,,,,
2014/05/26,08,110,6,,,,,
2014/05/26,09,140,7,,,,,
2014/05/26,10,138,9,,,,,
2014/05/26,11,139,9,,,,,
2014/05/26,12,139,8,,,,,
2014/05/26,13,128,7,,,,,
2014/05/26,14,138,8,,,,,
2014/05/26,15,133,9,,,,,
2014/05/26,16,127,6,,,,,
2014/05/26,17,127,6,,,,,
2014/05/26,18,125,5,,,,,
2014/05/26,19,123,5,,,,,
2014/05/26,20,133,5,,,,,
2014/05/26,21,118,4,,,,,
2014/05/26,22,68,1,,,,,
2014/05/26,23,59,1,,,,,
2014/05/26,24,61,1,,,,,
2014/05/27,01,54,1,,,,,
2014/05/27,02,53,1,,,,,
2014/05/27,03,52,0,,,,,
2014/05/27,04,58,0,,,,,
2014/05/27,05,61,0,,,,,
2014/05/27,06,86,5,,,,,
2014/05/27,07,94,6,,,,,
2014/05/27,08,115,6,,,,,
2014/05/27,09,146,8,,,,,
2014/05/27,10,151,12,,,,,
2014/05/27,11,155,13,,,,,
2014/05/27,12,159,13,,,,,
2014/05/27,13,157,12,,,,,
2014/05/27,14,163,14,,,,,
2014/05/27,15,155,12,,,,,
2014/05/27,16,147,11,,,,,
2014/05/27,17,153,11,,,,,
2014/05/27,18,143,11,,,,,
2014/05/27,19,138,10,,,,,
2014/05/27,20,138,8,,,,,
2014/05/27,21,121,3,,,,,
2014/05/27,22,67,1,,,,,
2014/05/27,23,57,1,,,,,
2014/05/27,24,62,1,,,,,
2014/05/28,01,55,1,,,,,
2014/05/28,02,55,1,,,,,
2014/05/28,03,54,1,,,,,
2014/05/28,04,57,1,,,,,
2014/05/28,05,60,0,,,,,
2014/05/28,06,77,3,,,,,
2014/05/28,07,92,6,,,,,
2014/05/28,08,114,6,,,,,
2014/05/28,09,143,8,,,,,
2014/05/28,10,145,10,,,,,
2014/05/28,11,157,13,,,,,
2014/05/28,12,160,13,,,,,
2014/05/28,13,163,15,,,,,
2014/05/28,14,173,17,,,,,
2014/05/28,15,169,20,,,,,
2014/05/28,16,163,22,,,,,
2014/05/28,17,155,15,,,,,
2014/05/28,18,146,12,,,,,
2014/05/28,19,139,10,,,,,
2014/05/28,20,144,9,,,,,
2014/05/28,21,131,6,,,,,
2014/05/28,22,70,1,,,,,
2014/05/28,23,57,1,,,,,
2014/05/28,24,62,1,,,,,
2014/05/29,01,53,1,,,,,
2014/05/29,02,54,1,,,,,
2014/05/29,03,53,1,,,,,
2014/05/29,04,58,1,,,,,
2014/05/29,05,60,0,,,,,
2014/05/29,06,75,4,,,,,
2014/05/29,07,93,6,,,,,
2014/05/29,08,119,9,,,,,
2014/05/29,09,148,10,,,,,
2014/05/29,10,156,12,,,,,
2014/05/29,11,169,16,,,,,
2014/05/29,12,167,19,,,,,
2014/05/29,13,175,21,,,,,
2014/05/29,14,179,19,,,,,
2014/05/29,15,170,17,,,,,
2014/05/29,16,163,19,,,,,
2014/05/29,17,168,18,,,,,
2014/05/29,18,152,16,,,,,
2014/05/29,19,149,13,,,,,
2014/05/29,20,147,12,,,,,
2014/05/29,21,131,5,,,,,
2014/05/29,22,70,1,,,,,
2014/05/29,23,58,1,,,,,
2014/05/29,24,64,1,,,,,
2014/05/30,01,57,1,,,,,
2014/05/30,02,55,1,,,,,
2014/05/30,03,56,1,,,,,
2014/05/30,04,59,0,,,,,
2014/05/30,05,62,0,,,,,
2014/05/30,06,77,3,,,,,
2014/05/30,07,97,7,,,,,
2014/05/30,08,121,9,,,,,
2014/05/30,09,160,13,,,,,
2014/05/30,10,168,16,,,,,
2014/05/30,11,174,22,,,,,
2014/05/30,12,182,26,,,,,
2014/05/30,13,186,26,,,,,
2014/05/30,14,172,26,,,,,
2014/05/30,15,179,30,,,,,
2014/05/30,16,161,32,,,,,
2014/05/30,17,182,29,,,,,
2014/05/30,18,167,20,,,,,
2014/05/30,19,156,12,,,,,
2014/05/30,20,155,11,,,,,
2014/05/30,21,140,7,,,,,
2014/05/30,22,76,1,,,,,
2014/05/30,23,62,1,,,,,
2014/05/30,24,67,1,,,,,
2014/05/31,01,61,1,,,,,
2014/05/31,02,57,1,,,,,
2014/05/31,03,58,1,,,,,
2014/05/31,04,61,1,,,,,
2014/05/31,05,63,1,,,,,
2014/05/31,06,91,7,,,,,
2014/05/31,07,103,10,,,,,
2014/05/31,08,122,13,,,,,
2014/05/31,09,168,15,,,,,
2014/05/31,10,182,22,,,,,
2014/05/31,11,191,28,,,,,
2014/05/31,12,193,27,,,,,
2014/05/31,13,201,26,,,,,
2014/05/31,14,205,30,,,,,
2014/05/31,15,200,29,,,,,
2014/05/31,16,185,30,,,,,
2014/05/31,17,193,30,,,,,
2014/05/31,18,181,29,,,,,
2014/05/31,19,172,26,,,,,
2014/05/31,20,168,21,,,,,
2014/05/31,21,151,14,,,,,
2014/05/31,22,82,3,,,,,
2014/05/31,23,66,4,,,,,
2014/05/31,24,66,1,,,,,
