計測日,計測時間,全体,空調,照明,動力,電灯,冷凍・冷熱,その他
2013/09/01,01,84,1,,,,,
2013/09/01,02,91,1,,,,,
2013/09/01,03,86,2,,,,,
2013/09/01,04,82,2,,,,,
2013/09/01,05,78,2,,,,,
2013/09/01,06,81,1,,,,,
2013/09/01,07,76,1,,,,,
2013/09/01,08,69,1,,,,,
2013/09/01,09,66,0,,,,,
2013/09/01,10,64,0,,,,,
2013/09/01,11,78,0,,,,,
2013/09/01,12,65,0,,,,,
2013/09/01,13,65,0,,,,,
2013/09/01,14,56,1,,,,,
2013/09/01,15,57,1,,,,,
2013/09/01,16,53,1,,,,,
2013/09/01,17,54,1,,,,,
2013/09/01,18,49,1,,,,,
2013/09/01,19,53,1,,,,,
2013/09/01,20,58,0,,,,,
2013/09/01,21,52,0,,,,,
2013/09/01,22,53,1,,,,,
2013/09/01,23,51,0,,,,,
2013/09/01,24,60,0,,,,,
2013/09/02,01,55,0,,,,,
2013/09/02,02,63,1,,,,,
2013/09/02,03,63,1,,,,,
2013/09/02,04,55,1,,,,,
2013/09/02,05,44,0,,,,,
2013/09/02,06,48,0,,,,,
2013/09/02,07,46,1,,,,,
2013/09/02,08,48,3,,,,,
2013/09/02,09,39,3,,,,,
2013/09/02,10,39,1,,,,,
2013/09/02,11,37,0,,,,,
2013/09/02,12,36,0,,,,,
2013/09/02,13,34,0,,,,,
2013/09/02,14,38,1,,,,,
2013/09/02,15,40,1,,,,,
2013/09/02,16,40,0,,,,,
2013/09/02,17,38,1,,,,,
2013/09/02,18,36,1,,,,,
2013/09/02,19,46,1,,,,,
2013/09/02,20,41,1,,,,,
2013/09/02,21,39,0,,,,,
2013/09/02,22,42,1,,,,,
2013/09/02,23,40,1,,,,,
2013/09/02,24,43,1,,,,,
2013/09/03,01,43,1,,,,,
2013/09/03,02,43,1,,,,,
2013/09/03,03,43,1,,,,,
2013/09/03,04,44,1,,,,,
2013/09/03,05,41,1,,,,,
2013/09/03,06,46,1,,,,,
2013/09/03,07,41,0,,,,,
2013/09/03,08,39,1,,,,,
2013/09/03,09,37,1,,,,,
2013/09/03,10,37,0,,,,,
2013/09/03,11,37,0,,,,,
2013/09/03,12,35,0,,,,,
2013/09/03,13,34,0,,,,,
2013/09/03,14,36,0,,,,,
2013/09/03,15,37,0,,,,,
2013/09/03,16,35,0,,,,,
2013/09/03,17,36,0,,,,,
2013/09/03,18,36,0,,,,,
2013/09/03,19,46,0,,,,,
2013/09/03,20,48,2,,,,,
2013/09/03,21,54,1,,,,,
2013/09/03,22,60,2,,,,,
2013/09/03,23,54,1,,,,,
2013/09/03,24,53,1,,,,,
2013/09/04,01,46,1,,,,,
2013/09/04,02,47,0,,,,,
2013/09/04,03,53,0,,,,,
2013/09/04,04,46,0,,,,,
2013/09/04,05,41,0,,,,,
2013/09/04,06,41,0,,,,,
2013/09/04,07,36,0,,,,,
2013/09/04,08,34,0,,,,,
2013/09/04,09,33,0,,,,,
2013/09/04,10,36,0,,,,,
2013/09/04,11,34,0,,,,,
2013/09/04,12,35,0,,,,,
2013/09/04,13,41,0,,,,,
2013/09/04,14,38,1,,,,,
2013/09/04,15,35,1,,,,,
2013/09/04,16,36,0,,,,,
2013/09/04,17,34,1,,,,,
2013/09/04,18,35,1,,,,,
2013/09/04,19,45,1,,,,,
2013/09/04,20,47,0,,,,,
2013/09/04,21,43,1,,,,,
2013/09/04,22,43,0,,,,,
2013/09/04,23,42,0,,,,,
2013/09/04,24,45,0,,,,,
2013/09/05,01,42,0,,,,,
2013/09/05,02,41,0,,,,,
2013/09/05,03,40,0,,,,,
2013/09/05,04,39,0,,,,,
2013/09/05,05,37,0,,,,,
2013/09/05,06,38,1,,,,,
2013/09/05,07,36,1,,,,,
2013/09/05,08,35,1,,,,,
2013/09/05,09,32,1,,,,,
2013/09/05,10,32,0,,,,,
2013/09/05,11,37,0,,,,,
2013/09/05,12,36,0,,,,,
2013/09/05,13,40,1,,,,,
2013/09/05,14,38,1,,,,,
2013/09/05,15,39,1,,,,,
2013/09/05,16,44,0,,,,,
2013/09/05,17,47,0,,,,,
2013/09/05,18,41,0,,,,,
2013/09/05,19,36,1,,,,,
2013/09/05,20,38,0,,,,,
2013/09/05,21,39,0,,,,,
2013/09/05,22,41,0,,,,,
2013/09/05,23,46,0,,,,,
2013/09/05,24,52,0,,,,,
2013/09/06,01,51,0,,,,,
2013/09/06,02,55,0,,,,,
2013/09/06,03,50,0,,,,,
2013/09/06,04,52,0,,,,,
2013/09/06,05,53,0,,,,,
2013/09/06,06,47,1,,,,,
2013/09/06,07,41,1,,,,,
2013/09/06,08,37,1,,,,,
2013/09/06,09,36,1,,,,,
2013/09/06,10,37,0,,,,,
2013/09/06,11,37,0,,,,,
2013/09/06,12,38,0,,,,,
2013/09/06,13,37,1,,,,,
2013/09/06,14,39,1,,,,,
2013/09/06,15,33,0,,,,,
2013/09/06,16,35,0,,,,,
2013/09/06,17,37,0,,,,,
2013/09/06,18,40,0,,,,,
2013/09/06,19,46,2,,,,,
2013/09/06,20,53,1,,,,,
2013/09/06,21,54,1,,,,,
2013/09/06,22,52,1,,,,,
2013/09/06,23,55,1,,,,,
2013/09/06,24,64,1,,,,,
2013/09/07,01,76,1,,,,,
2013/09/07,02,77,1,,,,,
2013/09/07,03,84,1,,,,,
2013/09/07,04,79,1,,,,,
2013/09/07,05,73,1,,,,,
2013/09/07,06,76,1,,,,,
2013/09/07,07,70,1,,,,,
2013/09/07,08,66,1,,,,,
2013/09/07,09,54,1,,,,,
2013/09/07,10,45,1,,,,,
2013/09/07,11,47,1,,,,,
2013/09/07,12,45,1,,,,,
2013/09/07,13,45,1,,,,,
2013/09/07,14,43,0,,,,,
2013/09/07,15,44,0,,,,,
2013/09/07,16,45,0,,,,,
2013/09/07,17,52,1,,,,,
2013/09/07,18,51,1,,,,,
2013/09/07,19,44,1,,,,,
2013/09/07,20,53,1,,,,,
2013/09/07,21,61,1,,,,,
2013/09/07,22,51,1,,,,,
2013/09/07,23,49,1,,,,,
2013/09/07,24,71,1,,,,,
2013/09/08,01,78,0,,,,,
2013/09/08,02,81,0,,,,,
2013/09/08,03,87,0,,,,,
2013/09/08,04,88,0,,,,,
2013/09/08,05,84,0,,,,,
2013/09/08,06,84,0,,,,,
2013/09/08,07,71,0,,,,,
2013/09/08,08,69,1,,,,,
2013/09/08,09,72,0,,,,,
2013/09/08,10,71,1,,,,,
2013/09/08,11,66,0,,,,,
2013/09/08,12,61,0,,,,,
2013/09/08,13,56,1,,,,,
2013/09/08,14,59,1,,,,,
2013/09/08,15,53,0,,,,,
2013/09/08,16,53,0,,,,,
2013/09/08,17,51,0,,,,,
2013/09/08,18,50,0,,,,,
2013/09/08,19,52,0,,,,,
2013/09/08,20,47,0,,,,,
2013/09/08,21,45,0,,,,,
2013/09/08,22,52,0,,,,,
2013/09/08,23,59,0,,,,,
2013/09/08,24,48,0,,,,,
2013/09/09,01,52,0,,,,,
2013/09/09,02,53,0,,,,,
2013/09/09,03,57,0,,,,,
2013/09/09,04,49,0,,,,,
2013/09/09,05,46,0,,,,,
2013/09/09,06,47,0,,,,,
2013/09/09,07,39,0,,,,,
2013/09/09,08,38,1,,,,,
2013/09/09,09,37,0,,,,,
2013/09/09,10,39,0,,,,,
2013/09/09,11,41,0,,,,,
2013/09/09,12,41,0,,,,,
2013/09/09,13,37,0,,,,,
2013/09/09,14,39,0,,,,,
2013/09/09,15,39,0,,,,,
2013/09/09,16,36,0,,,,,
2013/09/09,17,37,0,,,,,
2013/09/09,18,37,0,,,,,
2013/09/09,19,42,0,,,,,
2013/09/09,20,47,0,,,,,
2013/09/09,21,47,0,,,,,
2013/09/09,22,48,0,,,,,
2013/09/09,23,42,0,,,,,
2013/09/09,24,51,0,,,,,
2013/09/10,01,51,0,,,,,
2013/09/10,02,52,1,,,,,
2013/09/10,03,48,0,,,,,
2013/09/10,04,47,0,,,,,
2013/09/10,05,44,1,,,,,
2013/09/10,06,42,1,,,,,
2013/09/10,07,41,1,,,,,
2013/09/10,08,37,2,,,,,
2013/09/10,09,37,2,,,,,
2013/09/10,10,36,1,,,,,
2013/09/10,11,35,1,,,,,
2013/09/10,12,35,1,,,,,
2013/09/10,13,36,0,,,,,
2013/09/10,14,37,0,,,,,
2013/09/10,15,40,0,,,,,
2013/09/10,16,38,0,,,,,
2013/09/10,17,41,0,,,,,
2013/09/10,18,38,0,,,,,
2013/09/10,19,40,0,,,,,
2013/09/10,20,49,0,,,,,
2013/09/10,21,47,0,,,,,
2013/09/10,22,48,0,,,,,
2013/09/10,23,48,0,,,,,
2013/09/10,24,56,0,,,,,
2013/09/11,01,58,0,,,,,
2013/09/11,02,61,0,,,,,
2013/09/11,03,58,0,,,,,
2013/09/11,04,57,1,,,,,
2013/09/11,05,56,1,,,,,
2013/09/11,06,63,1,,,,,
2013/09/11,07,51,1,,,,,
2013/09/11,08,42,0,,,,,
2013/09/11,09,43,1,,,,,
2013/09/11,10,42,2,,,,,
2013/09/11,11,42,1,,,,,
2013/09/11,12,44,1,,,,,
2013/09/11,13,51,1,,,,,
2013/09/11,14,48,1,,,,,
2013/09/11,15,42,1,,,,,
2013/09/11,16,39,0,,,,,
2013/09/11,17,47,0,,,,,
2013/09/11,18,55,0,,,,,
2013/09/11,19,51,0,,,,,
2013/09/11,20,46,0,,,,,
2013/09/11,21,46,1,,,,,
2013/09/11,22,49,1,,,,,
2013/09/11,23,50,1,,,,,
2013/09/11,24,57,1,,,,,
2013/09/12,01,55,1,,,,,
2013/09/12,02,53,0,,,,,
2013/09/12,03,47,0,,,,,
2013/09/12,04,49,0,,,,,
2013/09/12,05,48,1,,,,,
2013/09/12,06,50,1,,,,,
2013/09/12,07,39,1,,,,,
2013/09/12,08,35,1,,,,,
2013/09/12,09,34,0,,,,,
2013/09/12,10,36,0,,,,,
2013/09/12,11,37,0,,,,,
2013/09/12,12,41,1,,,,,
2013/09/12,13,41,1,,,,,
2013/09/12,14,40,0,,,,,
2013/09/12,15,38,0,,,,,
2013/09/12,16,39,0,,,,,
2013/09/12,17,42,3,,,,,
2013/09/12,18,42,3,,,,,
2013/09/12,19,43,1,,,,,
2013/09/12,20,44,0,,,,,
2013/09/12,21,53,0,,,,,
2013/09/12,22,59,0,,,,,
2013/09/12,23,56,0,,,,,
2013/09/12,24,49,0,,,,,
2013/09/13,01,45,0,,,,,
2013/09/13,02,56,0,,,,,
2013/09/13,03,48,0,,,,,
2013/09/13,04,47,1,,,,,
2013/09/13,05,43,1,,,,,
2013/09/13,06,43,1,,,,,
2013/09/13,07,39,0,,,,,
2013/09/13,08,37,0,,,,,
2013/09/13,09,35,1,,,,,
2013/09/13,10,39,3,,,,,
2013/09/13,11,38,2,,,,,
2013/09/13,12,39,0,,,,,
2013/09/13,13,34,0,,,,,
2013/09/13,14,35,0,,,,,
2013/09/13,15,43,1,,,,,
2013/09/13,16,46,1,,,,,
2013/09/13,17,36,0,,,,,
2013/09/13,18,32,0,,,,,
2013/09/13,19,35,0,,,,,
2013/09/13,20,47,0,,,,,
2013/09/13,21,49,1,,,,,
2013/09/13,22,50,1,,,,,
2013/09/13,23,54,1,,,,,
2013/09/13,24,70,0,,,,,
2013/09/14,01,72,0,,,,,
2013/09/14,02,82,0,,,,,
2013/09/14,03,87,0,,,,,
2013/09/14,04,72,0,,,,,
2013/09/14,05,76,0,,,,,
2013/09/14,06,72,0,,,,,
2013/09/14,07,67,1,,,,,
2013/09/14,08,58,1,,,,,
2013/09/14,09,63,1,,,,,
2013/09/14,10,56,0,,,,,
2013/09/14,11,53,0,,,,,
2013/09/14,12,56,0,,,,,
2013/09/14,13,59,0,,,,,
2013/09/14,14,55,1,,,,,
2013/09/14,15,50,1,,,,,
2013/09/14,16,50,1,,,,,
2013/09/14,17,45,2,,,,,
2013/09/14,18,42,2,,,,,
2013/09/14,19,38,0,,,,,
2013/09/14,20,42,2,,,,,
2013/09/14,21,46,2,,,,,
2013/09/14,22,49,1,,,,,
2013/09/14,23,51,0,,,,,
2013/09/14,24,55,0,,,,,
2013/09/15,01,68,0,,,,,
2013/09/15,02,91,0,,,,,
2013/09/15,03,96,0,,,,,
2013/09/15,04,89,0,,,,,
2013/09/15,05,83,0,,,,,
2013/09/15,06,79,0,,,,,
2013/09/15,07,81,0,,,,,
2013/09/15,08,81,1,,,,,
2013/09/15,09,77,1,,,,,
2013/09/15,10,74,1,,,,,
2013/09/15,11,71,0,,,,,
2013/09/15,12,68,0,,,,,
2013/09/15,13,67,1,,,,,
2013/09/15,14,60,1,,,,,
2013/09/15,15,61,1,,,,,
2013/09/15,16,55,1,,,,,
2013/09/15,17,50,0,,,,,
2013/09/15,18,51,0,,,,,
2013/09/15,19,46,0,,,,,
2013/09/15,20,52,0,,,,,
2013/09/15,21,49,0,,,,,
2013/09/15,22,47,1,,,,,
2013/09/15,23,64,0,,,,,
2013/09/15,24,70,0,,,,,
2013/09/16,01,77,0,,,,,
2013/09/16,02,80,1,,,,,
2013/09/16,03,84,1,,,,,
2013/09/16,04,79,1,,,,,
2013/09/16,05,80,1,,,,,
2013/09/16,06,80,1,,,,,
2013/09/16,07,75,1,,,,,
2013/09/16,08,65,1,,,,,
2013/09/16,09,68,0,,,,,
2013/09/16,10,73,0,,,,,
2013/09/16,11,68,0,,,,,
2013/09/16,12,53,0,,,,,
2013/09/16,13,53,0,,,,,
2013/09/16,14,58,0,,,,,
2013/09/16,15,61,0,,,,,
2013/09/16,16,64,0,,,,,
2013/09/16,17,49,0,,,,,
2013/09/16,18,52,0,,,,,
2013/09/16,19,50,0,,,,,
2013/09/16,20,50,0,,,,,
2013/09/16,21,48,1,,,,,
2013/09/16,22,49,1,,,,,
2013/09/16,23,54,0,,,,,
2013/09/16,24,51,0,,,,,
2013/09/17,01,53,0,,,,,
2013/09/17,02,50,0,,,,,
2013/09/17,03,48,0,,,,,
2013/09/17,04,44,0,,,,,
2013/09/17,05,43,1,,,,,
2013/09/17,06,43,0,,,,,
2013/09/17,07,41,0,,,,,
2013/09/17,08,36,0,,,,,
2013/09/17,09,34,0,,,,,
2013/09/17,10,34,0,,,,,
2013/09/17,11,34,0,,,,,
2013/09/17,12,35,0,,,,,
2013/09/17,13,31,0,,,,,
2013/09/17,14,32,0,,,,,
2013/09/17,15,31,0,,,,,
2013/09/17,16,35,0,,,,,
2013/09/17,17,38,0,,,,,
2013/09/17,18,36,0,,,,,
2013/09/17,19,43,0,,,,,
2013/09/17,20,47,0,,,,,
2013/09/17,21,46,0,,,,,
2013/09/17,22,45,1,,,,,
2013/09/17,23,47,1,,,,,
2013/09/17,24,47,0,,,,,
2013/09/18,01,53,0,,,,,
2013/09/18,02,52,0,,,,,
2013/09/18,03,49,1,,,,,
2013/09/18,04,49,0,,,,,
2013/09/18,05,44,0,,,,,
2013/09/18,06,49,0,,,,,
2013/09/18,07,43,1,,,,,
2013/09/18,08,39,1,,,,,
2013/09/18,09,36,0,,,,,
2013/09/18,10,36,0,,,,,
2013/09/18,11,37,0,,,,,
2013/09/18,12,38,0,,,,,
2013/09/18,13,37,0,,,,,
2013/09/18,14,43,2,,,,,
2013/09/18,15,43,1,,,,,
2013/09/18,16,35,0,,,,,
2013/09/18,17,37,0,,,,,
2013/09/18,18,40,0,,,,,
2013/09/18,19,44,1,,,,,
2013/09/18,20,52,0,,,,,
2013/09/18,21,52,1,,,,,
2013/09/18,22,54,0,,,,,
2013/09/18,23,55,0,,,,,
2013/09/18,24,49,0,,,,,
2013/09/19,01,48,0,,,,,
2013/09/19,02,44,1,,,,,
2013/09/19,03,45,1,,,,,
2013/09/19,04,51,1,,,,,
2013/09/19,05,46,1,,,,,
2013/09/19,06,46,1,,,,,
2013/09/19,07,50,0,,,,,
2013/09/19,08,52,0,,,,,
2013/09/19,09,55,0,,,,,
2013/09/19,10,43,1,,,,,
2013/09/19,11,38,1,,,,,
2013/09/19,12,38,0,,,,,
2013/09/19,13,38,1,,,,,
2013/09/19,14,38,1,,,,,
2013/09/19,15,43,1,,,,,
2013/09/19,16,42,1,,,,,
2013/09/19,17,42,1,,,,,
2013/09/19,18,41,0,,,,,
2013/09/19,19,40,0,,,,,
2013/09/19,20,46,0,,,,,
2013/09/19,21,46,1,,,,,
2013/09/19,22,54,0,,,,,
2013/09/19,23,50,0,,,,,
2013/09/19,24,50,0,,,,,
2013/09/20,01,52,0,,,,,
2013/09/20,02,52,0,,,,,
2013/09/20,03,51,0,,,,,
2013/09/20,04,42,0,,,,,
2013/09/20,05,44,0,,,,,
2013/09/20,06,42,0,,,,,
2013/09/20,07,40,0,,,,,
2013/09/20,08,39,0,,,,,
2013/09/20,09,36,0,,,,,
2013/09/20,10,38,1,,,,,
2013/09/20,11,42,1,,,,,
2013/09/20,12,39,0,,,,,
2013/09/20,13,38,0,,,,,
2013/09/20,14,39,1,,,,,
2013/09/20,15,42,1,,,,,
2013/09/20,16,40,0,,,,,
2013/09/20,17,39,0,,,,,
2013/09/20,18,39,0,,,,,
2013/09/20,19,44,1,,,,,
2013/09/20,20,46,0,,,,,
2013/09/20,21,43,1,,,,,
2013/09/20,22,49,1,,,,,
2013/09/20,23,45,0,,,,,
2013/09/20,24,47,0,,,,,
2013/09/21,01,55,0,,,,,
2013/09/21,02,65,1,,,,,
2013/09/21,03,71,0,,,,,
2013/09/21,04,74,0,,,,,
2013/09/21,05,70,1,,,,,
2013/09/21,06,65,1,,,,,
2013/09/21,07,57,0,,,,,
2013/09/21,08,54,0,,,,,
2013/09/21,09,54,0,,,,,
2013/09/21,10,51,0,,,,,
2013/09/21,11,51,0,,,,,
2013/09/21,12,46,0,,,,,
2013/09/21,13,44,0,,,,,
2013/09/21,14,42,1,,,,,
2013/09/21,15,46,1,,,,,
2013/09/21,16,40,0,,,,,
2013/09/21,17,40,0,,,,,
2013/09/21,18,39,0,,,,,
2013/09/21,19,46,0,,,,,
2013/09/21,20,47,0,,,,,
2013/09/21,21,49,1,,,,,
2013/09/21,22,55,1,,,,,
2013/09/21,23,62,0,,,,,
2013/09/21,24,60,0,,,,,
2013/09/22,01,68,0,,,,,
2013/09/22,02,76,0,,,,,
2013/09/22,03,66,0,,,,,
2013/09/22,04,72,0,,,,,
2013/09/22,05,77,0,,,,,
2013/09/22,06,69,1,,,,,
2013/09/22,07,65,1,,,,,
2013/09/22,08,63,0,,,,,
2013/09/22,09,59,0,,,,,
2013/09/22,10,62,0,,,,,
2013/09/22,11,57,1,,,,,
2013/09/22,12,49,1,,,,,
2013/09/22,13,53,0,,,,,
2013/09/22,14,47,1,,,,,
2013/09/22,15,49,1,,,,,
2013/09/22,16,49,0,,,,,
2013/09/22,17,47,0,,,,,
2013/09/22,18,47,0,,,,,
2013/09/22,19,49,0,,,,,
2013/09/22,20,50,0,,,,,
2013/09/22,21,45,1,,,,,
2013/09/22,22,47,1,,,,,
2013/09/22,23,52,0,,,,,
2013/09/22,24,68,0,,,,,
2013/09/23,01,72,0,,,,,
2013/09/23,02,82,0,,,,,
2013/09/23,03,67,0,,,,,
2013/09/23,04,62,0,,,,,
2013/09/23,05,59,0,,,,,
2013/09/23,06,57,1,,,,,
2013/09/23,07,57,0,,,,,
2013/09/23,08,54,0,,,,,
2013/09/23,09,49,0,,,,,
2013/09/23,10,54,0,,,,,
2013/09/23,11,57,0,,,,,
2013/09/23,12,52,0,,,,,
2013/09/23,13,51,0,,,,,
2013/09/23,14,50,1,,,,,
2013/09/23,15,54,1,,,,,
2013/09/23,16,56,0,,,,,
2013/09/23,17,50,1,,,,,
2013/09/23,18,44,1,,,,,
2013/09/23,19,47,1,,,,,
2013/09/23,20,51,1,,,,,
2013/09/23,21,49,0,,,,,
2013/09/23,22,50,0,,,,,
2013/09/23,23,54,0,,,,,
2013/09/23,24,48,0,,,,,
2013/09/24,01,46,0,,,,,
2013/09/24,02,43,0,,,,,
2013/09/24,03,41,0,,,,,
2013/09/24,04,41,0,,,,,
2013/09/24,05,39,0,,,,,
2013/09/24,06,40,0,,,,,
2013/09/24,07,39,0,,,,,
2013/09/24,08,37,0,,,,,
2013/09/24,09,35,0,,,,,
2013/09/24,10,37,0,,,,,
2013/09/24,11,39,0,,,,,
2013/09/24,12,38,0,,,,,
2013/09/24,13,36,0,,,,,
2013/09/24,14,37,0,,,,,
2013/09/24,15,38,0,,,,,
2013/09/24,16,39,0,,,,,
2013/09/24,17,39,0,,,,,
2013/09/24,18,39,0,,,,,
2013/09/24,19,45,0,,,,,
2013/09/24,20,45,0,,,,,
2013/09/24,21,44,1,,,,,
2013/09/24,22,46,0,,,,,
2013/09/24,23,45,0,,,,,
2013/09/24,24,47,0,,,,,
2013/09/25,01,49,0,,,,,
2013/09/25,02,52,0,,,,,
2013/09/25,03,52,0,,,,,
2013/09/25,04,53,0,,,,,
2013/09/25,05,46,0,,,,,
2013/09/25,06,42,0,,,,,
2013/09/25,07,41,0,,,,,
2013/09/25,08,39,0,,,,,
2013/09/25,09,35,0,,,,,
2013/09/25,10,35,0,,,,,
2013/09/25,11,37,0,,,,,
2013/09/25,12,38,0,,,,,
2013/09/25,13,37,0,,,,,
2013/09/25,14,38,0,,,,,
2013/09/25,15,37,0,,,,,
2013/09/25,16,38,0,,,,,
2013/09/25,17,38,0,,,,,
2013/09/25,18,37,0,,,,,
2013/09/25,19,39,0,,,,,
2013/09/25,20,41,0,,,,,
2013/09/25,21,45,1,,,,,
2013/09/25,22,44,1,,,,,
2013/09/25,23,46,1,,,,,
2013/09/25,24,45,1,,,,,
2013/09/26,01,49,1,,,,,
2013/09/26,02,44,1,,,,,
2013/09/26,03,44,1,,,,,
2013/09/26,04,46,1,,,,,
2013/09/26,05,41,1,,,,,
2013/09/26,06,42,1,,,,,
2013/09/26,07,40,1,,,,,
2013/09/26,08,39,0,,,,,
2013/09/26,09,36,0,,,,,
2013/09/26,10,36,0,,,,,
2013/09/26,11,42,0,,,,,
2013/09/26,12,37,0,,,,,
2013/09/26,13,35,0,,,,,
2013/09/26,14,36,0,,,,,
2013/09/26,15,39,0,,,,,
2013/09/26,16,38,0,,,,,
2013/09/26,17,37,0,,,,,
2013/09/26,18,39,0,,,,,
2013/09/26,19,45,0,,,,,
2013/09/26,20,43,0,,,,,
2013/09/26,21,44,1,,,,,
2013/09/26,22,43,1,,,,,
2013/09/26,23,41,1,,,,,
2013/09/26,24,42,0,,,,,
2013/09/27,01,46,0,,,,,
2013/09/27,02,42,0,,,,,
2013/09/27,03,40,0,,,,,
2013/09/27,04,37,0,,,,,
2013/09/27,05,36,0,,,,,
2013/09/27,06,35,0,,,,,
2013/09/27,07,31,0,,,,,
2013/09/27,08,31,0,,,,,
2013/09/27,09,29,0,,,,,
2013/09/27,10,32,0,,,,,
2013/09/27,11,32,0,,,,,
2013/09/27,12,33,0,,,,,
2013/09/27,13,33,0,,,,,
2013/09/27,14,34,0,,,,,
2013/09/27,15,37,0,,,,,
2013/09/27,16,34,0,,,,,
2013/09/27,17,35,0,,,,,
2013/09/27,18,35,0,,,,,
2013/09/27,19,36,0,,,,,
2013/09/27,20,37,0,,,,,
2013/09/27,21,35,0,,,,,
2013/09/27,22,39,0,,,,,
2013/09/27,23,39,0,,,,,
2013/09/27,24,47,0,,,,,
2013/09/28,01,47,0,,,,,
2013/09/28,02,49,0,,,,,
2013/09/28,03,47,0,,,,,
2013/09/28,04,48,1,,,,,
2013/09/28,05,47,1,,,,,
2013/09/28,06,51,1,,,,,
2013/09/28,07,49,0,,,,,
2013/09/28,08,43,0,,,,,
2013/09/28,09,45,0,,,,,
2013/09/28,10,43,0,,,,,
2013/09/28,11,40,0,,,,,
2013/09/28,12,41,0,,,,,
2013/09/28,13,43,0,,,,,
2013/09/28,14,46,0,,,,,
2013/09/28,15,48,0,,,,,
2013/09/28,16,44,0,,,,,
2013/09/28,17,41,1,,,,,
2013/09/28,18,41,0,,,,,
2013/09/28,19,45,0,,,,,
2013/09/28,20,46,0,,,,,
2013/09/28,21,39,0,,,,,
2013/09/28,22,43,0,,,,,
2013/09/28,23,41,0,,,,,
2013/09/28,24,52,0,,,,,
2013/09/29,01,62,0,,,,,
2013/09/29,02,69,0,,,,,
2013/09/29,03,66,0,,,,,
2013/09/29,04,64,0,,,,,
2013/09/29,05,66,1,,,,,
2013/09/29,06,60,1,,,,,
2013/09/29,07,54,0,,,,,
2013/09/29,08,52,1,,,,,
2013/09/29,09,48,1,,,,,
2013/09/29,10,48,0,,,,,
2013/09/29,11,49,0,,,,,
2013/09/29,12,48,0,,,,,
2013/09/29,13,43,0,,,,,
2013/09/29,14,50,0,,,,,
2013/09/29,15,42,0,,,,,
2013/09/29,16,42,0,,,,,
2013/09/29,17,40,0,,,,,
2013/09/29,18,39,0,,,,,
2013/09/29,19,39,0,,,,,
2013/09/29,20,40,0,,,,,
2013/09/29,21,42,0,,,,,
2013/09/29,22,44,0,,,,,
2013/09/29,23,42,0,,,,,
2013/09/29,24,43,0,,,,,
2013/09/30,01,44,0,,,,,
2013/09/30,02,43,0,,,,,
2013/09/30,03,42,0,,,,,
2013/09/30,04,39,0,,,,,
2013/09/30,05,36,0,,,,,
2013/09/30,06,38,0,,,,,
2013/09/30,07,35,0,,,,,
2013/09/30,08,35,0,,,,,
2013/09/30,09,35,0,,,,,
2013/09/30,10,34,0,,,,,
2013/09/30,11,36,0,,,,,
2013/09/30,12,36,0,,,,,
2013/09/30,13,38,0,,,,,
2013/09/30,14,36,0,,,,,
2013/09/30,15,35,0,,,,,
2013/09/30,16,33,0,,,,,
2013/09/30,17,33,0,,,,,
2013/09/30,18,32,0,,,,,
2013/09/30,19,37,0,,,,,
2013/09/30,20,39,0,,,,,
2013/09/30,21,37,0,,,,,
2013/09/30,22,39,0,,,,,
2013/09/30,23,40,0,,,,,
2013/09/30,24,42,0,,,,,
2013/10/01,01,53,0,,,,,
2013/10/01,02,52,0,,,,,
2013/10/01,03,43,0,,,,,
2013/10/01,04,44,0,,,,,
2013/10/01,05,38,0,,,,,
2013/10/01,06,37,0,,,,,
2013/10/01,07,36,0,,,,,
2013/10/01,08,34,0,,,,,
2013/10/01,09,33,0,,,,,
2013/10/01,10,33,0,,,,,
2013/10/01,11,31,0,,,,,
2013/10/01,12,30,0,,,,,
2013/10/01,13,33,0,,,,,
2013/10/01,14,35,0,,,,,
2013/10/01,15,37,0,,,,,
2013/10/01,16,33,0,,,,,
2013/10/01,17,36,0,,,,,
2013/10/01,18,35,0,,,,,
2013/10/01,19,42,0,,,,,
2013/10/01,20,46,0,,,,,
2013/10/01,21,44,0,,,,,
2013/10/01,22,47,0,,,,,
2013/10/01,23,44,0,,,,,
2013/10/01,24,42,0,,,,,
2013/10/02,01,42,0,,,,,
2013/10/02,02,41,0,,,,,
2013/10/02,03,37,0,,,,,
2013/10/02,04,37,0,,,,,
2013/10/02,05,33,0,,,,,
2013/10/02,06,34,0,,,,,
2013/10/02,07,31,0,,,,,
2013/10/02,08,30,0,,,,,
2013/10/02,09,30,0,,,,,
2013/10/02,10,33,0,,,,,
2013/10/02,11,36,0,,,,,
2013/10/02,12,34,0,,,,,
2013/10/02,13,32,0,,,,,
2013/10/02,14,36,0,,,,,
2013/10/02,15,34,0,,,,,
2013/10/02,16,31,0,,,,,
2013/10/02,17,33,0,,,,,
2013/10/02,18,34,0,,,,,
2013/10/02,19,40,0,,,,,
2013/10/02,20,45,0,,,,,
2013/10/02,21,47,0,,,,,
2013/10/02,22,47,0,,,,,
2013/10/02,23,47,0,,,,,
2013/10/02,24,48,0,,,,,
2013/10/03,01,47,0,,,,,
2013/10/03,02,46,0,,,,,
2013/10/03,03,42,0,,,,,
2013/10/03,04,39,0,,,,,
2013/10/03,05,38,0,,,,,
2013/10/03,06,37,0,,,,,
2013/10/03,07,32,0,,,,,
2013/10/03,08,31,0,,,,,
2013/10/03,09,31,0,,,,,
2013/10/03,10,32,0,,,,,
2013/10/03,11,34,0,,,,,
2013/10/03,12,38,0,,,,,
2013/10/03,13,36,0,,,,,
2013/10/03,14,34,0,,,,,
2013/10/03,15,34,0,,,,,
2013/10/03,16,32,0,,,,,
2013/10/03,17,31,0,,,,,
2013/10/03,18,34,0,,,,,
2013/10/03,19,40,0,,,,,
2013/10/03,20,41,0,,,,,
2013/10/03,21,42,0,,,,,
2013/10/03,22,39,0,,,,,
2013/10/03,23,42,0,,,,,
2013/10/03,24,44,0,,,,,
2013/10/04,01,43,0,,,,,
2013/10/04,02,43,0,,,,,
2013/10/04,03,40,0,,,,,
2013/10/04,04,39,0,,,,,
2013/10/04,05,36,1,,,,,
2013/10/04,06,36,0,,,,,
2013/10/04,07,35,0,,,,,
2013/10/04,08,32,0,,,,,
2013/10/04,09,32,0,,,,,
2013/10/04,10,35,0,,,,,
2013/10/04,11,32,0,,,,,
2013/10/04,12,33,0,,,,,
2013/10/04,13,34,0,,,,,
2013/10/04,14,36,0,,,,,
2013/10/04,15,35,0,,,,,
2013/10/04,16,35,0,,,,,
2013/10/04,17,35,0,,,,,
2013/10/04,18,34,0,,,,,
2013/10/04,19,37,0,,,,,
2013/10/04,20,38,0,,,,,
2013/10/04,21,42,0,,,,,
2013/10/04,22,42,0,,,,,
2013/10/04,23,44,0,,,,,
2013/10/04,24,49,0,,,,,
2013/10/05,01,58,0,,,,,
2013/10/05,02,56,0,,,,,
2013/10/05,03,58,0,,,,,
2013/10/05,04,64,0,,,,,
2013/10/05,05,63,0,,,,,
2013/10/05,06,61,0,,,,,
2013/10/05,07,56,0,,,,,
2013/10/05,08,47,0,,,,,
2013/10/05,09,43,0,,,,,
2013/10/05,10,45,0,,,,,
2013/10/05,11,43,0,,,,,
2013/10/05,12,42,0,,,,,
2013/10/05,13,40,1,,,,,
2013/10/05,14,40,1,,,,,
2013/10/05,15,40,1,,,,,
2013/10/05,16,39,0,,,,,
2013/10/05,17,38,0,,,,,
2013/10/05,18,39,0,,,,,
2013/10/05,19,41,0,,,,,
2013/10/05,20,39,0,,,,,
2013/10/05,21,46,0,,,,,
2013/10/05,22,45,1,,,,,
2013/10/05,23,46,1,,,,,
2013/10/05,24,47,1,,,,,
2013/10/06,01,49,1,,,,,
2013/10/06,02,47,0,,,,,
2013/10/06,03,46,0,,,,,
2013/10/06,04,45,0,,,,,
2013/10/06,05,43,0,,,,,
2013/10/06,06,42,0,,,,,
2013/10/06,07,40,0,,,,,
2013/10/06,08,39,0,,,,,
2013/10/06,09,38,0,,,,,
2013/10/06,10,41,0,,,,,
2013/10/06,11,41,0,,,,,
2013/10/06,12,40,0,,,,,
2013/10/06,13,41,0,,,,,
2013/10/06,14,38,0,,,,,
2013/10/06,15,40,0,,,,,
2013/10/06,16,39,0,,,,,
2013/10/06,17,40,0,,,,,
2013/10/06,18,40,0,,,,,
2013/10/06,19,45,0,,,,,
2013/10/06,20,46,0,,,,,
2013/10/06,21,44,1,,,,,
2013/10/06,22,43,0,,,,,
2013/10/06,23,41,0,,,,,
2013/10/06,24,43,0,,,,,
2013/10/07,01,46,0,,,,,
2013/10/07,02,47,0,,,,,
2013/10/07,03,40,0,,,,,
2013/10/07,04,41,0,,,,,
2013/10/07,05,40,0,,,,,
2013/10/07,06,37,0,,,,,
2013/10/07,07,35,0,,,,,
2013/10/07,08,37,0,,,,,
2013/10/07,09,35,0,,,,,
2013/10/07,10,34,0,,,,,
2013/10/07,11,37,0,,,,,
2013/10/07,12,36,0,,,,,
2013/10/07,13,39,0,,,,,
2013/10/07,14,39,0,,,,,
2013/10/07,15,42,0,,,,,
2013/10/07,16,40,0,,,,,
2013/10/07,17,43,0,,,,,
2013/10/07,18,43,0,,,,,
2013/10/07,19,42,0,,,,,
2013/10/07,20,48,0,,,,,
2013/10/07,21,43,0,,,,,
2013/10/07,22,45,0,,,,,
2013/10/07,23,43,0,,,,,
2013/10/07,24,44,0,,,,,
2013/10/08,01,45,0,,,,,
2013/10/08,02,45,0,,,,,
2013/10/08,03,43,0,,,,,
2013/10/08,04,42,0,,,,,
2013/10/08,05,39,0,,,,,
2013/10/08,06,35,0,,,,,
2013/10/08,07,34,0,,,,,
2013/10/08,08,32,0,,,,,
2013/10/08,09,32,0,,,,,
2013/10/08,10,32,0,,,,,
2013/10/08,11,33,0,,,,,
2013/10/08,12,33,0,,,,,
2013/10/08,13,32,0,,,,,
2013/10/08,14,34,0,,,,,
2013/10/08,15,33,0,,,,,
2013/10/08,16,32,0,,,,,
2013/10/08,17,33,0,,,,,
2013/10/08,18,34,0,,,,,
2013/10/08,19,36,0,,,,,
2013/10/08,20,41,0,,,,,
2013/10/08,21,40,0,,,,,
2013/10/08,22,43,0,,,,,
2013/10/08,23,46,0,,,,,
2013/10/08,24,46,0,,,,,
2013/10/09,01,46,0,,,,,
2013/10/09,02,43,0,,,,,
2013/10/09,03,40,0,,,,,
2013/10/09,04,44,0,,,,,
2013/10/09,05,34,1,,,,,
2013/10/09,06,32,0,,,,,
2013/10/09,07,31,0,,,,,
2013/10/09,08,30,0,,,,,
2013/10/09,09,29,0,,,,,
2013/10/09,10,33,0,,,,,
2013/10/09,11,34,0,,,,,
2013/10/09,12,31,0,,,,,
2013/10/09,13,29,0,,,,,
2013/10/09,14,30,0,,,,,
2013/10/09,15,33,0,,,,,
2013/10/09,16,33,0,,,,,
2013/10/09,17,35,0,,,,,
2013/10/09,18,36,0,,,,,
2013/10/09,19,42,0,,,,,
2013/10/09,20,40,0,,,,,
2013/10/09,21,40,0,,,,,
2013/10/09,22,46,0,,,,,
2013/10/09,23,43,0,,,,,
2013/10/09,24,42,0,,,,,
2013/10/10,01,40,0,,,,,
2013/10/10,02,47,0,,,,,
2013/10/10,03,42,0,,,,,
2013/10/10,04,41,0,,,,,
2013/10/10,05,38,0,,,,,
2013/10/10,06,37,0,,,,,
2013/10/10,07,34,0,,,,,
2013/10/10,08,30,0,,,,,
2013/10/10,09,31,0,,,,,
2013/10/10,10,33,0,,,,,
2013/10/10,11,35,0,,,,,
2013/10/10,12,33,0,,,,,
2013/10/10,13,35,0,,,,,
2013/10/10,14,37,0,,,,,
2013/10/10,15,41,0,,,,,
2013/10/10,16,36,0,,,,,
2013/10/10,17,36,0,,,,,
2013/10/10,18,39,0,,,,,
2013/10/10,19,35,0,,,,,
2013/10/10,20,40,0,,,,,
2013/10/10,21,38,1,,,,,
2013/10/10,22,39,0,,,,,
2013/10/10,23,41,0,,,,,
2013/10/10,24,47,0,,,,,
2013/10/11,01,45,0,,,,,
2013/10/11,02,45,0,,,,,
2013/10/11,03,42,0,,,,,
2013/10/11,04,37,0,,,,,
2013/10/11,05,35,0,,,,,
2013/10/11,06,36,0,,,,,
2013/10/11,07,34,0,,,,,
2013/10/11,08,30,0,,,,,
2013/10/11,09,30,0,,,,,
2013/10/11,10,30,0,,,,,
2013/10/11,11,31,0,,,,,
2013/10/11,12,30,0,,,,,
2013/10/11,13,31,0,,,,,
2013/10/11,14,35,0,,,,,
2013/10/11,15,34,0,,,,,
2013/10/11,16,30,0,,,,,
2013/10/11,17,30,0,,,,,
2013/10/11,18,33,0,,,,,
2013/10/11,19,39,0,,,,,
2013/10/11,20,37,0,,,,,
2013/10/11,21,40,0,,,,,
2013/10/11,22,39,0,,,,,
2013/10/11,23,44,0,,,,,
2013/10/11,24,60,0,,,,,
2013/10/12,01,55,0,,,,,
2013/10/12,02,53,0,,,,,
2013/10/12,03,52,0,,,,,
2013/10/12,04,47,0,,,,,
2013/10/12,05,46,0,,,,,
2013/10/12,06,44,0,,,,,
2013/10/12,07,42,0,,,,,
2013/10/12,08,38,0,,,,,
2013/10/12,09,36,0,,,,,
2013/10/12,10,35,0,,,,,
2013/10/12,11,36,0,,,,,
2013/10/12,12,35,0,,,,,
2013/10/12,13,37,0,,,,,
2013/10/12,14,37,0,,,,,
2013/10/12,15,39,0,,,,,
2013/10/12,16,39,0,,,,,
2013/10/12,17,40,0,,,,,
2013/10/12,18,37,0,,,,,
2013/10/12,19,39,0,,,,,
2013/10/12,20,36,0,,,,,
2013/10/12,21,35,0,,,,,
2013/10/12,22,37,0,,,,,
2013/10/12,23,40,0,,,,,
2013/10/12,24,52,0,,,,,
2013/10/13,01,58,1,,,,,
2013/10/13,02,68,0,,,,,
2013/10/13,03,61,0,,,,,
2013/10/13,04,66,0,,,,,
2013/10/13,05,56,0,,,,,
2013/10/13,06,55,0,,,,,
2013/10/13,07,50,0,,,,,
2013/10/13,08,50,0,,,,,
2013/10/13,09,46,0,,,,,
2013/10/13,10,44,0,,,,,
2013/10/13,11,47,0,,,,,
2013/10/13,12,40,0,,,,,
2013/10/13,13,40,0,,,,,
2013/10/13,14,40,0,,,,,
2013/10/13,15,39,0,,,,,
2013/10/13,16,40,0,,,,,
2013/10/13,17,38,0,,,,,
2013/10/13,18,39,0,,,,,
2013/10/13,19,42,0,,,,,
2013/10/13,20,41,0,,,,,
2013/10/13,21,42,0,,,,,
2013/10/13,22,44,1,,,,,
2013/10/13,23,50,0,,,,,
2013/10/13,24,53,0,,,,,
2013/10/14,01,57,0,,,,,
2013/10/14,02,61,0,,,,,
2013/10/14,03,61,0,,,,,
2013/10/14,04,56,0,,,,,
2013/10/14,05,55,0,,,,,
2013/10/14,06,53,1,,,,,
2013/10/14,07,49,0,,,,,
2013/10/14,08,53,0,,,,,
2013/10/14,09,55,0,,,,,
2013/10/14,10,49,0,,,,,
2013/10/14,11,49,0,,,,,
2013/10/14,12,45,0,,,,,
2013/10/14,13,44,0,,,,,
2013/10/14,14,50,0,,,,,
2013/10/14,15,43,0,,,,,
2013/10/14,16,45,0,,,,,
2013/10/14,17,47,0,,,,,
2013/10/14,18,42,0,,,,,
2013/10/14,19,43,0,,,,,
2013/10/14,20,48,0,,,,,
2013/10/14,21,47,0,,,,,
2013/10/14,22,48,1,,,,,
2013/10/14,23,48,1,,,,,
2013/10/14,24,46,1,,,,,
2013/10/15,01,49,1,,,,,
2013/10/15,02,44,1,,,,,
2013/10/15,03,46,1,,,,,
2013/10/15,04,47,1,,,,,
2013/10/15,05,43,1,,,,,
2013/10/15,06,40,1,,,,,
2013/10/15,07,37,1,,,,,
2013/10/15,08,34,0,,,,,
2013/10/15,09,33,0,,,,,
2013/10/15,10,37,0,,,,,
2013/10/15,11,37,0,,,,,
2013/10/15,12,35,0,,,,,
2013/10/15,13,35,0,,,,,
2013/10/15,14,36,0,,,,,
2013/10/15,15,35,0,,,,,
2013/10/15,16,34,0,,,,,
2013/10/15,17,34,0,,,,,
2013/10/15,18,32,0,,,,,
2013/10/15,19,35,0,,,,,
2013/10/15,20,34,0,,,,,
2013/10/15,21,33,0,,,,,
2013/10/15,22,40,0,,,,,
2013/10/15,23,43,0,,,,,
2013/10/15,24,37,0,,,,,
2013/10/16,01,41,0,,,,,
2013/10/16,02,38,0,,,,,
2013/10/16,03,43,0,,,,,
2013/10/16,04,39,0,,,,,
2013/10/16,05,35,0,,,,,
2013/10/16,06,34,0,,,,,
2013/10/16,07,31,0,,,,,
2013/10/16,08,29,0,,,,,
2013/10/16,09,29,0,,,,,
2013/10/16,10,30,0,,,,,
2013/10/16,11,31,0,,,,,
2013/10/16,12,27,0,,,,,
2013/10/16,13,29,0,,,,,
2013/10/16,14,28,0,,,,,
2013/10/16,15,30,0,,,,,
2013/10/16,16,29,0,,,,,
2013/10/16,17,28,0,,,,,
2013/10/16,18,33,0,,,,,
2013/10/16,19,38,0,,,,,
2013/10/16,20,41,0,,,,,
2013/10/16,21,41,0,,,,,
2013/10/16,22,37,1,,,,,
2013/10/16,23,36,0,,,,,
2013/10/16,24,35,0,,,,,
2013/10/17,01,34,0,,,,,
2013/10/17,02,33,0,,,,,
2013/10/17,03,32,0,,,,,
2013/10/17,04,33,0,,,,,
2013/10/17,05,31,0,,,,,
2013/10/17,06,31,0,,,,,
2013/10/17,07,30,0,,,,,
2013/10/17,08,28,0,,,,,
2013/10/17,09,28,0,,,,,
2013/10/17,10,29,0,,,,,
2013/10/17,11,28,0,,,,,
2013/10/17,12,29,0,,,,,
2013/10/17,13,30,0,,,,,
2013/10/17,14,29,0,,,,,
2013/10/17,15,29,0,,,,,
2013/10/17,16,29,0,,,,,
2013/10/17,17,29,0,,,,,
2013/10/17,18,29,0,,,,,
2013/10/17,19,32,0,,,,,
2013/10/17,20,34,0,,,,,
2013/10/17,21,35,0,,,,,
2013/10/17,22,36,0,,,,,
2013/10/17,23,36,0,,,,,
2013/10/17,24,36,0,,,,,
2013/10/18,01,38,0,,,,,
2013/10/18,02,38,0,,,,,
2013/10/18,03,37,0,,,,,
2013/10/18,04,40,0,,,,,
2013/10/18,05,33,0,,,,,
2013/10/18,06,32,0,,,,,
2013/10/18,07,30,0,,,,,
2013/10/18,08,28,0,,,,,
2013/10/18,09,28,0,,,,,
2013/10/18,10,28,0,,,,,
2013/10/18,11,27,0,,,,,
2013/10/18,12,29,0,,,,,
2013/10/18,13,31,0,,,,,
2013/10/18,14,32,0,,,,,
2013/10/18,15,32,0,,,,,
2013/10/18,16,34,0,,,,,
2013/10/18,17,32,0,,,,,
2013/10/18,18,32,0,,,,,
2013/10/18,19,34,0,,,,,
2013/10/18,20,36,0,,,,,
2013/10/18,21,36,0,,,,,
2013/10/18,22,37,0,,,,,
2013/10/18,23,38,0,,,,,
2013/10/18,24,40,0,,,,,
2013/10/19,01,41,0,,,,,
2013/10/19,02,44,0,,,,,
2013/10/19,03,42,0,,,,,
2013/10/19,04,41,0,,,,,
2013/10/19,05,39,0,,,,,
2013/10/19,06,37,0,,,,,
2013/10/19,07,33,0,,,,,
2013/10/19,08,34,0,,,,,
2013/10/19,09,33,0,,,,,
2013/10/19,10,39,0,,,,,
2013/10/19,11,35,0,,,,,
2013/10/19,12,34,0,,,,,
2013/10/19,13,33,0,,,,,
2013/10/19,14,33,0,,,,,
2013/10/19,15,33,0,,,,,
2013/10/19,16,32,0,,,,,
2013/10/19,17,30,0,,,,,
2013/10/19,18,30,0,,,,,
2013/10/19,19,36,0,,,,,
2013/10/19,20,35,0,,,,,
2013/10/19,21,36,0,,,,,
2013/10/19,22,34,1,,,,,
2013/10/19,23,37,1,,,,,
2013/10/19,24,47,1,,,,,
2013/10/20,01,55,1,,,,,
2013/10/20,02,57,0,,,,,
2013/10/20,03,58,0,,,,,
2013/10/20,04,59,0,,,,,
2013/10/20,05,58,0,,,,,
2013/10/20,06,57,0,,,,,
2013/10/20,07,52,0,,,,,
2013/10/20,08,48,0,,,,,
2013/10/20,09,47,0,,,,,
2013/10/20,10,43,0,,,,,
2013/10/20,11,44,0,,,,,
2013/10/20,12,39,0,,,,,
2013/10/20,13,37,0,,,,,
2013/10/20,14,37,0,,,,,
2013/10/20,15,36,0,,,,,
2013/10/20,16,35,0,,,,,
2013/10/20,17,38,0,,,,,
2013/10/20,18,37,0,,,,,
2013/10/20,19,40,0,,,,,
2013/10/20,20,39,0,,,,,
2013/10/20,21,39,1,,,,,
2013/10/20,22,41,0,,,,,
2013/10/20,23,39,0,,,,,
2013/10/20,24,40,0,,,,,
2013/10/21,01,39,0,,,,,
2013/10/21,02,36,0,,,,,
2013/10/21,03,38,0,,,,,
2013/10/21,04,36,0,,,,,
2013/10/21,05,34,0,,,,,
2013/10/21,06,33,0,,,,,
2013/10/21,07,32,0,,,,,
2013/10/21,08,31,0,,,,,
2013/10/21,09,29,0,,,,,
2013/10/21,10,29,0,,,,,
2013/10/21,11,30,0,,,,,
2013/10/21,12,30,0,,,,,
2013/10/21,13,29,0,,,,,
2013/10/21,14,31,0,,,,,
2013/10/21,15,32,0,,,,,
2013/10/21,16,28,0,,,,,
2013/10/21,17,28,0,,,,,
2013/10/21,18,28,0,,,,,
2013/10/21,19,33,0,,,,,
2013/10/21,20,36,0,,,,,
2013/10/21,21,36,0,,,,,
2013/10/21,22,37,0,,,,,
2013/10/21,23,36,0,,,,,
2013/10/21,24,35,0,,,,,
2013/10/22,01,34,0,,,,,
2013/10/22,02,34,0,,,,,
2013/10/22,03,37,0,,,,,
2013/10/22,04,39,0,,,,,
2013/10/22,05,36,0,,,,,
2013/10/22,06,36,0,,,,,
2013/10/22,07,35,0,,,,,
2013/10/22,08,33,0,,,,,
2013/10/22,09,32,0,,,,,
2013/10/22,10,31,0,,,,,
2013/10/22,11,34,0,,,,,
2013/10/22,12,36,0,,,,,
2013/10/22,13,36,0,,,,,
2013/10/22,14,32,0,,,,,
2013/10/22,15,34,0,,,,,
2013/10/22,16,40,0,,,,,
2013/10/22,17,34,0,,,,,
2013/10/22,18,33,0,,,,,
2013/10/22,19,36,0,,,,,
2013/10/22,20,35,0,,,,,
2013/10/22,21,36,0,,,,,
2013/10/22,22,36,0,,,,,
2013/10/22,23,37,0,,,,,
2013/10/22,24,37,0,,,,,
2013/10/23,01,40,0,,,,,
2013/10/23,02,42,0,,,,,
2013/10/23,03,39,0,,,,,
2013/10/23,04,37,0,,,,,
2013/10/23,05,36,0,,,,,
2013/10/23,06,36,0,,,,,
2013/10/23,07,34,0,,,,,
2013/10/23,08,32,0,,,,,
2013/10/23,09,31,0,,,,,
2013/10/23,10,31,0,,,,,
2013/10/23,11,33,0,,,,,
2013/10/23,12,33,0,,,,,
2013/10/23,13,32,0,,,,,
2013/10/23,14,31,0,,,,,
2013/10/23,15,31,0,,,,,
2013/10/23,16,35,0,,,,,
2013/10/23,17,34,0,,,,,
2013/10/23,18,34,0,,,,,
2013/10/23,19,35,0,,,,,
2013/10/23,20,35,0,,,,,
2013/10/23,21,35,0,,,,,
2013/10/23,22,41,0,,,,,
2013/10/23,23,43,0,,,,,
2013/10/23,24,43,0,,,,,
2013/10/24,01,41,0,,,,,
2013/10/24,02,42,0,,,,,
2013/10/24,03,39,0,,,,,
2013/10/24,04,38,0,,,,,
2013/10/24,05,35,0,,,,,
2013/10/24,06,35,0,,,,,
2013/10/24,07,34,0,,,,,
2013/10/24,08,32,0,,,,,
2013/10/24,09,32,0,,,,,
2013/10/24,10,31,0,,,,,
2013/10/24,11,29,0,,,,,
2013/10/24,12,30,0,,,,,
2013/10/24,13,31,0,,,,,
2013/10/24,14,31,0,,,,,
2013/10/24,15,32,0,,,,,
2013/10/24,16,32,0,,,,,
2013/10/24,17,33,0,,,,,
2013/10/24,18,33,0,,,,,
2013/10/24,19,35,0,,,,,
2013/10/24,20,35,0,,,,,
2013/10/24,21,34,0,,,,,
2013/10/24,22,36,1,,,,,
2013/10/24,23,36,1,,,,,
2013/10/24,24,36,1,,,,,
2013/10/25,01,36,0,,,,,
2013/10/25,02,37,0,,,,,
2013/10/25,03,36,0,,,,,
2013/10/25,04,42,0,,,,,
2013/10/25,05,34,0,,,,,
2013/10/25,06,33,0,,,,,
2013/10/25,07,31,0,,,,,
2013/10/25,08,30,0,,,,,
2013/10/25,09,28,0,,,,,
2013/10/25,10,28,0,,,,,
2013/10/25,11,27,0,,,,,
2013/10/25,12,29,0,,,,,
2013/10/25,13,29,0,,,,,
2013/10/25,14,30,0,,,,,
2013/10/25,15,28,0,,,,,
2013/10/25,16,27,0,,,,,
2013/10/25,17,28,0,,,,,
2013/10/25,18,28,0,,,,,
2013/10/25,19,32,0,,,,,
2013/10/25,20,33,0,,,,,
2013/10/25,21,35,0,,,,,
2013/10/25,22,34,0,,,,,
2013/10/25,23,37,0,,,,,
2013/10/25,24,40,0,,,,,
2013/10/26,01,39,0,,,,,
2013/10/26,02,40,0,,,,,
2013/10/26,03,42,0,,,,,
2013/10/26,04,41,0,,,,,
2013/10/26,05,37,0,,,,,
2013/10/26,06,37,0,,,,,
2013/10/26,07,37,0,,,,,
2013/10/26,08,34,0,,,,,
2013/10/26,09,35,0,,,,,
2013/10/26,10,36,0,,,,,
2013/10/26,11,31,0,,,,,
2013/10/26,12,32,0,,,,,
2013/10/26,13,31,0,,,,,
2013/10/26,14,30,0,,,,,
2013/10/26,15,29,0,,,,,
2013/10/26,16,29,0,,,,,
2013/10/26,17,30,0,,,,,
2013/10/26,18,32,0,,,,,
2013/10/26,19,34,0,,,,,
2013/10/26,20,33,0,,,,,
2013/10/26,21,31,0,,,,,
2013/10/26,22,32,0,,,,,
2013/10/26,23,33,0,,,,,
2013/10/26,24,41,0,,,,,
2013/10/27,01,42,0,,,,,
2013/10/27,02,41,0,,,,,
2013/10/27,03,48,0,,,,,
2013/10/27,04,49,0,,,,,
2013/10/27,05,52,0,,,,,
2013/10/27,06,42,0,,,,,
2013/10/27,07,36,0,,,,,
2013/10/27,08,32,0,,,,,
2013/10/27,09,31,0,,,,,
2013/10/27,10,34,0,,,,,
2013/10/27,11,32,0,,,,,
2013/10/27,12,31,0,,,,,
2013/10/27,13,30,0,,,,,
2013/10/27,14,31,0,,,,,
2013/10/27,15,32,0,,,,,
2013/10/27,16,34,0,,,,,
2013/10/27,17,36,0,,,,,
2013/10/27,18,35,0,,,,,
2013/10/27,19,36,0,,,,,
2013/10/27,20,37,0,,,,,
2013/10/27,21,39,0,,,,,
2013/10/27,22,39,0,,,,,
2013/10/27,23,36,0,,,,,
2013/10/27,24,35,0,,,,,
2013/10/28,01,34,0,,,,,
2013/10/28,02,34,0,,,,,
2013/10/28,03,34,0,,,,,
2013/10/28,04,33,0,,,,,
2013/10/28,05,30,0,,,,,
2013/10/28,06,31,0,,,,,
2013/10/28,07,30,0,,,,,
2013/10/28,08,27,0,,,,,
2013/10/28,09,27,0,,,,,
2013/10/28,10,28,0,,,,,
2013/10/28,11,27,0,,,,,
2013/10/28,12,27,0,,,,,
2013/10/28,13,27,0,,,,,
2013/10/28,14,29,0,,,,,
2013/10/28,15,29,0,,,,,
2013/10/28,16,27,1,,,,,
2013/10/28,17,29,0,,,,,
2013/10/28,18,28,0,,,,,
2013/10/28,19,29,0,,,,,
2013/10/28,20,30,0,,,,,
2013/10/28,21,29,0,,,,,
2013/10/28,22,30,0,,,,,
2013/10/28,23,32,0,,,,,
2013/10/28,24,33,0,,,,,
2013/10/29,01,33,0,,,,,
2013/10/29,02,32,0,,,,,
2013/10/29,03,32,0,,,,,
2013/10/29,04,34,0,,,,,
2013/10/29,05,34,0,,,,,
2013/10/29,06,31,0,,,,,
2013/10/29,07,30,0,,,,,
2013/10/29,08,27,0,,,,,
2013/10/29,09,25,0,,,,,
2013/10/29,10,26,0,,,,,
2013/10/29,11,26,0,,,,,
2013/10/29,12,26,0,,,,,
2013/10/29,13,27,0,,,,,
2013/10/29,14,27,0,,,,,
2013/10/29,15,26,0,,,,,
2013/10/29,16,27,0,,,,,
2013/10/29,17,26,0,,,,,
2013/10/29,18,28,0,,,,,
2013/10/29,19,31,0,,,,,
2013/10/29,20,32,0,,,,,
2013/10/29,21,31,0,,,,,
2013/10/29,22,32,0,,,,,
2013/10/29,23,34,0,,,,,
2013/10/29,24,34,0,,,,,
2013/10/30,01,36,0,,,,,
2013/10/30,02,33,0,,,,,
2013/10/30,03,31,0,,,,,
2013/10/30,04,31,0,,,,,
2013/10/30,05,29,0,,,,,
2013/10/30,06,29,0,,,,,
2013/10/30,07,28,0,,,,,
2013/10/30,08,27,0,,,,,
2013/10/30,09,26,0,,,,,
2013/10/30,10,26,0,,,,,
2013/10/30,11,26,0,,,,,
2013/10/30,12,26,0,,,,,
2013/10/30,13,27,0,,,,,
2013/10/30,14,26,0,,,,,
2013/10/30,15,27,0,,,,,
2013/10/30,16,27,0,,,,,
2013/10/30,17,27,0,,,,,
2013/10/30,18,28,0,,,,,
2013/10/30,19,30,0,,,,,
2013/10/30,20,30,0,,,,,
2013/10/30,21,29,0,,,,,
2013/10/30,22,31,0,,,,,
2013/10/30,23,32,0,,,,,
2013/10/30,24,37,0,,,,,
2013/10/31,01,32,0,,,,,
2013/10/31,02,33,0,,,,,
2013/10/31,03,31,0,,,,,
2013/10/31,04,31,0,,,,,
2013/10/31,05,31,0,,,,,
2013/10/31,06,31,0,,,,,
2013/10/31,07,29,0,,,,,
2013/10/31,08,27,0,,,,,
2013/10/31,09,25,0,,,,,
2013/10/31,10,27,0,,,,,
2013/10/31,11,29,0,,,,,
2013/10/31,12,26,0,,,,,
2013/10/31,13,27,0,,,,,
2013/10/31,14,27,0,,,,,
2013/10/31,15,27,0,,,,,
2013/10/31,16,29,0,,,,,
2013/10/31,17,30,0,,,,,
2013/10/31,18,33,0,,,,,
2013/10/31,19,32,0,,,,,
2013/10/31,20,33,0,,,,,
2013/10/31,21,36,0,,,,,
2013/10/31,22,39,0,,,,,
2013/10/31,23,40,0,,,,,
2013/10/31,24,41,0,,,,,
2013/11/01,01,39,0,,,,,
2013/11/01,02,39,0,,,,,
2013/11/01,03,39,0,,,,,
2013/11/01,04,35,0,,,,,
2013/11/01,05,32,0,,,,,
2013/11/01,06,33,0,,,,,
2013/11/01,07,32,0,,,,,
2013/11/01,08,28,0,,,,,
2013/11/01,09,28,0,,,,,
2013/11/01,10,27,0,,,,,
2013/11/01,11,28,0,,,,,
2013/11/01,12,28,0,,,,,
2013/11/01,13,28,0,,,,,
2013/11/01,14,28,0,,,,,
2013/11/01,15,27,0,,,,,
2013/11/01,16,28,0,,,,,
2013/11/01,17,28,0,,,,,
2013/11/01,18,30,0,,,,,
2013/11/01,19,32,0,,,,,
2013/11/01,20,35,0,,,,,
2013/11/01,21,34,0,,,,,
2013/11/01,22,36,0,,,,,
2013/11/01,23,39,0,,,,,
2013/11/01,24,42,0,,,,,
2013/11/02,01,45,0,,,,,
2013/11/02,02,44,0,,,,,
2013/11/02,03,41,0,,,,,
2013/11/02,04,47,0,,,,,
2013/11/02,05,38,0,,,,,
2013/11/02,06,37,0,,,,,
2013/11/02,07,33,0,,,,,
2013/11/02,08,33,0,,,,,
2013/11/02,09,32,0,,,,,
2013/11/02,10,30,0,,,,,
2013/11/02,11,33,0,,,,,
2013/11/02,12,33,0,,,,,
2013/11/02,13,33,0,,,,,
2013/11/02,14,34,0,,,,,
2013/11/02,15,38,0,,,,,
2013/11/02,16,32,0,,,,,
2013/11/02,17,31,0,,,,,
2013/11/02,18,31,0,,,,,
2013/11/02,19,36,0,,,,,
2013/11/02,20,39,0,,,,,
2013/11/02,21,42,0,,,,,
2013/11/02,22,40,1,,,,,
2013/11/02,23,40,0,,,,,
2013/11/02,24,39,0,,,,,
2013/11/03,01,46,0,,,,,
2013/11/03,02,43,0,,,,,
2013/11/03,03,45,0,,,,,
2013/11/03,04,54,0,,,,,
2013/11/03,05,47,0,,,,,
2013/11/03,06,50,0,,,,,
2013/11/03,07,48,0,,,,,
2013/11/03,08,47,0,,,,,
2013/11/03,09,48,0,,,,,
2013/11/03,10,46,0,,,,,
2013/11/03,11,45,0,,,,,
2013/11/03,12,41,0,,,,,
2013/11/03,13,38,0,,,,,
2013/11/03,14,43,0,,,,,
2013/11/03,15,40,0,,,,,
2013/11/03,16,39,0,,,,,
2013/11/03,17,38,0,,,,,
2013/11/03,18,34,0,,,,,
2013/11/03,19,38,0,,,,,
2013/11/03,20,44,0,,,,,
2013/11/03,21,42,0,,,,,
2013/11/03,22,46,0,,,,,
2013/11/03,23,46,0,,,,,
2013/11/03,24,47,0,,,,,
2013/11/04,01,47,0,,,,,
2013/11/04,02,57,0,,,,,
2013/11/04,03,44,0,,,,,
2013/11/04,04,43,0,,,,,
2013/11/04,05,43,0,,,,,
2013/11/04,06,43,0,,,,,
2013/11/04,07,44,0,,,,,
2013/11/04,08,39,0,,,,,
2013/11/04,09,38,0,,,,,
2013/11/04,10,40,0,,,,,
2013/11/04,11,41,0,,,,,
2013/11/04,12,41,0,,,,,
2013/11/04,13,39,0,,,,,
2013/11/04,14,39,0,,,,,
2013/11/04,15,41,0,,,,,
2013/11/04,16,39,0,,,,,
2013/11/04,17,38,0,,,,,
2013/11/04,18,38,0,,,,,
2013/11/04,19,38,0,,,,,
2013/11/04,20,39,0,,,,,
2013/11/04,21,34,0,,,,,
2013/11/04,22,36,0,,,,,
2013/11/04,23,36,0,,,,,
2013/11/04,24,36,0,,,,,
2013/11/05,01,40,0,,,,,
2013/11/05,02,44,0,,,,,
2013/11/05,03,36,0,,,,,
2013/11/05,04,34,0,,,,,
2013/11/05,05,32,0,,,,,
2013/11/05,06,32,0,,,,,
2013/11/05,07,32,0,,,,,
2013/11/05,08,30,0,,,,,
2013/11/05,09,30,0,,,,,
2013/11/05,10,31,0,,,,,
2013/11/05,11,31,0,,,,,
2013/11/05,12,33,0,,,,,
2013/11/05,13,30,0,,,,,
2013/11/05,14,30,0,,,,,
2013/11/05,15,29,0,,,,,
2013/11/05,16,28,0,,,,,
2013/11/05,17,29,0,,,,,
2013/11/05,18,30,0,,,,,
2013/11/05,19,33,0,,,,,
2013/11/05,20,34,0,,,,,
2013/11/05,21,33,0,,,,,
2013/11/05,22,34,0,,,,,
2013/11/05,23,36,0,,,,,
2013/11/05,24,36,0,,,,,
2013/11/06,01,37,0,,,,,
2013/11/06,02,36,0,,,,,
2013/11/06,03,35,0,,,,,
2013/11/06,04,35,0,,,,,
2013/11/06,05,33,0,,,,,
2013/11/06,06,33,0,,,,,
2013/11/06,07,32,0,,,,,
2013/11/06,08,30,0,,,,,
2013/11/06,09,29,0,,,,,
2013/11/06,10,28,0,,,,,
2013/11/06,11,28,0,,,,,
2013/11/06,12,26,0,,,,,
2013/11/06,13,27,0,,,,,
2013/11/06,14,27,0,,,,,
2013/11/06,15,26,0,,,,,
2013/11/06,16,28,0,,,,,
2013/11/06,17,31,0,,,,,
2013/11/06,18,30,0,,,,,
2013/11/06,19,32,0,,,,,
2013/11/06,20,34,0,,,,,
2013/11/06,21,34,0,,,,,
2013/11/06,22,35,0,,,,,
2013/11/06,23,36,0,,,,,
2013/11/06,24,35,0,,,,,
2013/11/07,01,35,0,,,,,
2013/11/07,02,36,0,,,,,
2013/11/07,03,35,0,,,,,
2013/11/07,04,32,0,,,,,
2013/11/07,05,31,0,,,,,
2013/11/07,06,32,0,,,,,
2013/11/07,07,31,0,,,,,
2013/11/07,08,29,0,,,,,
2013/11/07,09,28,0,,,,,
2013/11/07,10,27,0,,,,,
2013/11/07,11,29,0,,,,,
2013/11/07,12,30,0,,,,,
2013/11/07,13,30,0,,,,,
2013/11/07,14,29,0,,,,,
2013/11/07,15,29,0,,,,,
2013/11/07,16,31,0,,,,,
2013/11/07,17,32,0,,,,,
2013/11/07,18,32,0,,,,,
2013/11/07,19,33,0,,,,,
2013/11/07,20,36,0,,,,,
2013/11/07,21,35,0,,,,,
2013/11/07,22,38,0,,,,,
2013/11/07,23,36,0,,,,,
2013/11/07,24,37,0,,,,,
2013/11/08,01,37,0,,,,,
2013/11/08,02,35,0,,,,,
2013/11/08,03,35,0,,,,,
2013/11/08,04,33,0,,,,,
2013/11/08,05,30,0,,,,,
2013/11/08,06,31,0,,,,,
2013/11/08,07,29,0,,,,,
2013/11/08,08,27,0,,,,,
2013/11/08,09,26,0,,,,,
2013/11/08,10,26,0,,,,,
2013/11/08,11,27,0,,,,,
2013/11/08,12,28,0,,,,,
2013/11/08,13,27,0,,,,,
2013/11/08,14,27,0,,,,,
2013/11/08,15,29,0,,,,,
2013/11/08,16,29,0,,,,,
2013/11/08,17,29,0,,,,,
2013/11/08,18,32,0,,,,,
2013/11/08,19,34,0,,,,,
2013/11/08,20,35,0,,,,,
2013/11/08,21,38,0,,,,,
2013/11/08,22,43,0,,,,,
2013/11/08,23,43,0,,,,,
2013/11/08,24,44,0,,,,,
2013/11/09,01,48,0,,,,,
2013/11/09,02,48,0,,,,,
2013/11/09,03,49,0,,,,,
2013/11/09,04,49,0,,,,,
2013/11/09,05,50,0,,,,,
2013/11/09,06,45,0,,,,,
2013/11/09,07,41,0,,,,,
2013/11/09,08,38,0,,,,,
2013/11/09,09,39,0,,,,,
2013/11/09,10,39,0,,,,,
2013/11/09,11,37,0,,,,,
2013/11/09,12,36,0,,,,,
2013/11/09,13,33,0,,,,,
2013/11/09,14,32,0,,,,,
2013/11/09,15,31,0,,,,,
2013/11/09,16,31,0,,,,,
2013/11/09,17,31,0,,,,,
2013/11/09,18,34,0,,,,,
2013/11/09,19,37,0,,,,,
2013/11/09,20,38,0,,,,,
2013/11/09,21,36,0,,,,,
2013/11/09,22,39,0,,,,,
2013/11/09,23,37,0,,,,,
2013/11/09,24,37,0,,,,,
2013/11/10,01,42,0,,,,,
2013/11/10,02,46,0,,,,,
2013/11/10,03,50,0,,,,,
2013/11/10,04,51,0,,,,,
2013/11/10,05,50,0,,,,,
2013/11/10,06,52,0,,,,,
2013/11/10,07,51,0,,,,,
2013/11/10,08,43,0,,,,,
2013/11/10,09,39,0,,,,,
2013/11/10,10,41,0,,,,,
2013/11/10,11,41,0,,,,,
2013/11/10,12,40,0,,,,,
2013/11/10,13,42,0,,,,,
2013/11/10,14,40,0,,,,,
2013/11/10,15,34,0,,,,,
2013/11/10,16,34,0,,,,,
2013/11/10,17,35,0,,,,,
2013/11/10,18,35,0,,,,,
2013/11/10,19,38,0,,,,,
2013/11/10,20,37,0,,,,,
2013/11/10,21,37,0,,,,,
2013/11/10,22,42,0,,,,,
2013/11/10,23,42,0,,,,,
2013/11/10,24,44,0,,,,,
2013/11/11,01,44,0,,,,,
2013/11/11,02,40,0,,,,,
2013/11/11,03,38,0,,,,,
2013/11/11,04,43,0,,,,,
2013/11/11,05,34,0,,,,,
2013/11/11,06,35,0,,,,,
2013/11/11,07,32,0,,,,,
2013/11/11,08,30,0,,,,,
2013/11/11,09,29,0,,,,,
2013/11/11,10,29,0,,,,,
2013/11/11,11,30,0,,,,,
2013/11/11,12,29,0,,,,,
2013/11/11,13,28,0,,,,,
2013/11/11,14,30,0,,,,,
2013/11/11,15,29,0,,,,,
2013/11/11,16,29,0,,,,,
2013/11/11,17,29,0,,,,,
2013/11/11,18,31,0,,,,,
2013/11/11,19,32,0,,,,,
2013/11/11,20,34,0,,,,,
2013/11/11,21,33,0,,,,,
2013/11/11,22,34,0,,,,,
2013/11/11,23,32,0,,,,,
2013/11/11,24,32,0,,,,,
2013/11/12,01,34,0,,,,,
2013/11/12,02,33,0,,,,,
2013/11/12,03,33,0,,,,,
2013/11/12,04,33,0,,,,,
2013/11/12,05,30,0,,,,,
2013/11/12,06,30,0,,,,,
2013/11/12,07,30,0,,,,,
2013/11/12,08,29,0,,,,,
2013/11/12,09,27,0,,,,,
2013/11/12,10,28,0,,,,,
2013/11/12,11,28,0,,,,,
2013/11/12,12,28,0,,,,,
2013/11/12,13,28,0,,,,,
2013/11/12,14,28,0,,,,,
2013/11/12,15,31,0,,,,,
2013/11/12,16,30,0,,,,,
2013/11/12,17,31,0,,,,,
2013/11/12,18,39,0,,,,,
2013/11/12,19,32,0,,,,,
2013/11/12,20,33,0,,,,,
2013/11/12,21,35,0,,,,,
2013/11/12,22,38,0,,,,,
2013/11/12,23,38,0,,,,,
2013/11/12,24,37,0,,,,,
2013/11/13,01,38,0,,,,,
2013/11/13,02,38,0,,,,,
2013/11/13,03,37,0,,,,,
2013/11/13,04,36,0,,,,,
2013/11/13,05,34,0,,,,,
2013/11/13,06,33,0,,,,,
2013/11/13,07,33,0,,,,,
2013/11/13,08,30,0,,,,,
2013/11/13,09,30,0,,,,,
2013/11/13,10,29,0,,,,,
2013/11/13,11,29,0,,,,,
2013/11/13,12,30,0,,,,,
2013/11/13,13,29,0,,,,,
2013/11/13,14,27,0,,,,,
2013/11/13,15,26,0,,,,,
2013/11/13,16,27,0,,,,,
2013/11/13,17,27,0,,,,,
2013/11/13,18,28,0,,,,,
2013/11/13,19,30,0,,,,,
2013/11/13,20,31,0,,,,,
2013/11/13,21,32,0,,,,,
2013/11/13,22,34,0,,,,,
2013/11/13,23,41,0,,,,,
2013/11/13,24,34,0,,,,,
2013/11/14,01,34,0,,,,,
2013/11/14,02,33,0,,,,,
2013/11/14,03,31,0,,,,,
2013/11/14,04,30,0,,,,,
2013/11/14,05,29,0,,,,,
2013/11/14,06,29,0,,,,,
2013/11/14,07,29,0,,,,,
2013/11/14,08,27,0,,,,,
2013/11/14,09,26,0,,,,,
2013/11/14,10,27,0,,,,,
2013/11/14,11,26,0,,,,,
2013/11/14,12,27,0,,,,,
2013/11/14,13,27,0,,,,,
2013/11/14,14,27,0,,,,,
2013/11/14,15,27,0,,,,,
2013/11/14,16,26,0,,,,,
2013/11/14,17,27,0,,,,,
2013/11/14,18,29,0,,,,,
2013/11/14,19,33,0,,,,,
2013/11/14,20,32,0,,,,,
2013/11/14,21,32,0,,,,,
2013/11/14,22,33,0,,,,,
2013/11/14,23,32,0,,,,,
2013/11/14,24,32,0,,,,,
2013/11/15,01,32,0,,,,,
2013/11/15,02,34,0,,,,,
2013/11/15,03,31,0,,,,,
2013/11/15,04,30,0,,,,,
2013/11/15,05,29,0,,,,,
2013/11/15,06,29,0,,,,,
2013/11/15,07,28,0,,,,,
2013/11/15,08,26,0,,,,,
2013/11/15,09,25,0,,,,,
2013/11/15,10,26,0,,,,,
2013/11/15,11,26,0,,,,,
2013/11/15,12,27,0,,,,,
2013/11/15,13,26,0,,,,,
2013/11/15,14,26,0,,,,,
2013/11/15,15,31,0,,,,,
2013/11/15,16,26,0,,,,,
2013/11/15,17,27,0,,,,,
2013/11/15,18,30,0,,,,,
2013/11/15,19,31,0,,,,,
2013/11/15,20,32,0,,,,,
2013/11/15,21,32,0,,,,,
2013/11/15,22,34,0,,,,,
2013/11/15,23,33,0,,,,,
2013/11/15,24,35,0,,,,,
2013/11/16,01,37,0,,,,,
2013/11/16,02,37,0,,,,,
2013/11/16,03,38,0,,,,,
2013/11/16,04,36,0,,,,,
2013/11/16,05,35,0,,,,,
2013/11/16,06,34,0,,,,,
2013/11/16,07,31,0,,,,,
2013/11/16,08,28,0,,,,,
2013/11/16,09,30,0,,,,,
2013/11/16,10,29,0,,,,,
2013/11/16,11,30,0,,,,,
2013/11/16,12,32,0,,,,,
2013/11/16,13,31,0,,,,,
2013/11/16,14,31,0,,,,,
2013/11/16,15,31,0,,,,,
2013/11/16,16,31,0,,,,,
2013/11/16,17,34,0,,,,,
2013/11/16,18,35,0,,,,,
2013/11/16,19,33,0,,,,,
2013/11/16,20,33,0,,,,,
2013/11/16,21,33,0,,,,,
2013/11/16,22,35,0,,,,,
2013/11/16,23,35,0,,,,,
2013/11/16,24,38,0,,,,,
2013/11/17,01,40,0,,,,,
2013/11/17,02,41,0,,,,,
2013/11/17,03,42,0,,,,,
2013/11/17,04,42,0,,,,,
2013/11/17,05,41,0,,,,,
2013/11/17,06,38,0,,,,,
2013/11/17,07,37,0,,,,,
2013/11/17,08,35,0,,,,,
2013/11/17,09,40,0,,,,,
2013/11/17,10,36,0,,,,,
2013/11/17,11,34,0,,,,,
2013/11/17,12,34,0,,,,,
2013/11/17,13,32,0,,,,,
2013/11/17,14,33,0,,,,,
2013/11/17,15,31,0,,,,,
2013/11/17,16,31,0,,,,,
2013/11/17,17,32,0,,,,,
2013/11/17,18,34,0,,,,,
2013/11/17,19,37,0,,,,,
2013/11/17,20,39,0,,,,,
2013/11/17,21,36,0,,,,,
2013/11/17,22,34,0,,,,,
2013/11/17,23,37,0,,,,,
2013/11/17,24,37,0,,,,,
2013/11/18,01,36,0,,,,,
2013/11/18,02,35,0,,,,,
2013/11/18,03,32,0,,,,,
2013/11/18,04,30,0,,,,,
2013/11/18,05,29,0,,,,,
2013/11/18,06,30,0,,,,,
2013/11/18,07,31,0,,,,,
2013/11/18,08,31,0,,,,,
2013/11/18,09,26,0,,,,,
2013/11/18,10,28,0,,,,,
2013/11/18,11,27,0,,,,,
2013/11/18,12,27,0,,,,,
2013/11/18,13,27,0,,,,,
2013/11/18,14,26,0,,,,,
2013/11/18,15,25,0,,,,,
2013/11/18,16,26,0,,,,,
2013/11/18,17,26,0,,,,,
2013/11/18,18,29,0,,,,,
2013/11/18,19,30,0,,,,,
2013/11/18,20,29,0,,,,,
2013/11/18,21,29,0,,,,,
2013/11/18,22,31,0,,,,,
2013/11/18,23,30,0,,,,,
2013/11/18,24,30,0,,,,,
2013/11/19,01,32,0,,,,,
2013/11/19,02,32,0,,,,,
2013/11/19,03,31,0,,,,,
2013/11/19,04,31,0,,,,,
2013/11/19,05,29,0,,,,,
2013/11/19,06,29,0,,,,,
2013/11/19,07,29,0,,,,,
2013/11/19,08,26,0,,,,,
2013/11/19,09,25,0,,,,,
2013/11/19,10,26,0,,,,,
2013/11/19,11,25,0,,,,,
2013/11/19,12,27,0,,,,,
2013/11/19,13,27,0,,,,,
2013/11/19,14,27,0,,,,,
2013/11/19,15,27,0,,,,,
2013/11/19,16,27,0,,,,,
2013/11/19,17,28,0,,,,,
2013/11/19,18,33,0,,,,,
2013/11/19,19,33,0,,,,,
2013/11/19,20,31,0,,,,,
2013/11/19,21,31,0,,,,,
2013/11/19,22,38,0,,,,,
2013/11/19,23,32,0,,,,,
2013/11/19,24,35,0,,,,,
2013/11/20,01,35,0,,,,,
2013/11/20,02,33,0,,,,,
2013/11/20,03,31,0,,,,,
2013/11/20,04,32,0,,,,,
2013/11/20,05,30,0,,,,,
2013/11/20,06,30,0,,,,,
2013/11/20,07,29,0,,,,,
2013/11/20,08,27,0,,,,,
2013/11/20,09,28,0,,,,,
2013/11/20,10,28,0,,,,,
2013/11/20,11,27,0,,,,,
2013/11/20,12,26,0,,,,,
2013/11/20,13,26,0,,,,,
2013/11/20,14,26,0,,,,,
2013/11/20,15,27,0,,,,,
2013/11/20,16,27,0,,,,,
2013/11/20,17,28,0,,,,,
2013/11/20,18,30,0,,,,,
2013/11/20,19,31,0,,,,,
2013/11/20,20,32,0,,,,,
2013/11/20,21,32,0,,,,,
2013/11/20,22,32,0,,,,,
2013/11/20,23,32,0,,,,,
2013/11/20,24,32,0,,,,,
2013/11/21,01,31,0,,,,,
2013/11/21,02,31,0,,,,,
2013/11/21,03,30,0,,,,,
2013/11/21,04,28,0,,,,,
2013/11/21,05,28,0,,,,,
2013/11/21,06,28,0,,,,,
2013/11/21,07,27,0,,,,,
2013/11/21,08,24,0,,,,,
2013/11/21,09,24,0,,,,,
2013/11/21,10,25,0,,,,,
2013/11/21,11,26,0,,,,,
2013/11/21,12,25,0,,,,,
2013/11/21,13,26,0,,,,,
2013/11/21,14,25,0,,,,,
2013/11/21,15,25,0,,,,,
2013/11/21,16,31,0,,,,,
2013/11/21,17,28,0,,,,,
2013/11/21,18,30,0,,,,,
2013/11/21,19,31,0,,,,,
2013/11/21,20,32,0,,,,,
2013/11/21,21,31,0,,,,,
2013/11/21,22,32,0,,,,,
2013/11/21,23,32,0,,,,,
2013/11/21,24,32,0,,,,,
2013/11/22,01,32,0,,,,,
2013/11/22,02,31,0,,,,,
2013/11/22,03,30,0,,,,,
2013/11/22,04,30,0,,,,,
2013/11/22,05,29,0,,,,,
2013/11/22,06,29,0,,,,,
2013/11/22,07,27,0,,,,,
2013/11/22,08,25,0,,,,,
2013/11/22,09,25,0,,,,,
2013/11/22,10,25,0,,,,,
2013/11/22,11,26,0,,,,,
2013/11/22,12,27,0,,,,,
2013/11/22,13,27,0,,,,,
2013/11/22,14,27,0,,,,,
2013/11/22,15,27,0,,,,,
2013/11/22,16,28,0,,,,,
2013/11/22,17,30,0,,,,,
2013/11/22,18,31,0,,,,,
2013/11/22,19,37,0,,,,,
2013/11/22,20,33,0,,,,,
2013/11/22,21,31,0,,,,,
2013/11/22,22,33,0,,,,,
2013/11/22,23,33,0,,,,,
2013/11/22,24,34,0,,,,,
2013/11/23,01,35,0,,,,,
2013/11/23,02,37,0,,,,,
2013/11/23,03,38,0,,,,,
2013/11/23,04,36,0,,,,,
2013/11/23,05,36,0,,,,,
2013/11/23,06,34,0,,,,,
2013/11/23,07,32,0,,,,,
2013/11/23,08,32,0,,,,,
2013/11/23,09,30,0,,,,,
2013/11/23,10,36,0,,,,,
2013/11/23,11,32,0,,,,,
2013/11/23,12,30,0,,,,,
2013/11/23,13,30,0,,,,,
2013/11/23,14,30,0,,,,,
2013/11/23,15,30,0,,,,,
2013/11/23,16,30,0,,,,,
2013/11/23,17,29,0,,,,,
2013/11/23,18,30,0,,,,,
2013/11/23,19,32,0,,,,,
2013/11/23,20,31,0,,,,,
2013/11/23,21,30,0,,,,,
2013/11/23,22,32,0,,,,,
2013/11/23,23,33,0,,,,,
2013/11/23,24,37,0,,,,,
2013/11/24,01,41,0,,,,,
2013/11/24,02,41,0,,,,,
2013/11/24,03,39,0,,,,,
2013/11/24,04,39,0,,,,,
2013/11/24,05,39,0,,,,,
2013/11/24,06,37,0,,,,,
2013/11/24,07,42,0,,,,,
2013/11/24,08,33,0,,,,,
2013/11/24,09,33,0,,,,,
2013/11/24,10,33,0,,,,,
2013/11/24,11,35,0,,,,,
2013/11/24,12,33,0,,,,,
2013/11/24,13,32,0,,,,,
2013/11/24,14,32,0,,,,,
2013/11/24,15,31,0,,,,,
2013/11/24,16,31,0,,,,,
2013/11/24,17,32,0,,,,,
2013/11/24,18,33,0,,,,,
2013/11/24,19,34,0,,,,,
2013/11/24,20,34,0,,,,,
2013/11/24,21,35,0,,,,,
2013/11/24,22,35,0,,,,,
2013/11/24,23,35,0,,,,,
2013/11/24,24,33,0,,,,,
2013/11/25,01,34,0,,,,,
2013/11/25,02,34,0,,,,,
2013/11/25,03,33,0,,,,,
2013/11/25,04,33,0,,,,,
2013/11/25,05,31,0,,,,,
2013/11/25,06,32,0,,,,,
2013/11/25,07,30,0,,,,,
2013/11/25,08,30,0,,,,,
2013/11/25,09,28,0,,,,,
2013/11/25,10,27,0,,,,,
2013/11/25,11,28,0,,,,,
2013/11/25,12,29,0,,,,,
2013/11/25,13,28,0,,,,,
2013/11/25,14,31,0,,,,,
2013/11/25,15,32,0,,,,,
2013/11/25,16,29,0,,,,,
2013/11/25,17,29,0,,,,,
2013/11/25,18,30,0,,,,,
2013/11/25,19,31,0,,,,,
2013/11/25,20,32,0,,,,,
2013/11/25,21,31,0,,,,,
2013/11/25,22,32,0,,,,,
2013/11/25,23,32,0,,,,,
2013/11/25,24,32,0,,,,,
2013/11/26,01,32,0,,,,,
2013/11/26,02,32,0,,,,,
2013/11/26,03,32,0,,,,,
2013/11/26,04,30,0,,,,,
2013/11/26,05,29,0,,,,,
2013/11/26,06,30,0,,,,,
2013/11/26,07,29,0,,,,,
2013/11/26,08,27,0,,,,,
2013/11/26,09,25,0,,,,,
2013/11/26,10,26,0,,,,,
2013/11/26,11,26,0,,,,,
2013/11/26,12,27,0,,,,,
2013/11/26,13,26,0,,,,,
2013/11/26,14,26,0,,,,,
2013/11/26,15,27,0,,,,,
2013/11/26,16,27,0,,,,,
2013/11/26,17,27,0,,,,,
2013/11/26,18,29,0,,,,,
2013/11/26,19,28,0,,,,,
2013/11/26,20,31,0,,,,,
2013/11/26,21,34,0,,,,,
2013/11/26,22,34,0,,,,,
2013/11/26,23,34,0,,,,,
2013/11/26,24,35,0,,,,,
2013/11/27,01,35,0,,,,,
2013/11/27,02,33,0,,,,,
2013/11/27,03,32,0,,,,,
2013/11/27,04,31,0,,,,,
2013/11/27,05,29,0,,,,,
2013/11/27,06,29,0,,,,,
2013/11/27,07,28,0,,,,,
2013/11/27,08,26,0,,,,,
2013/11/27,09,26,0,,,,,
2013/11/27,10,25,0,,,,,
2013/11/27,11,26,0,,,,,
2013/11/27,12,25,0,,,,,
2013/11/27,13,25,0,,,,,
2013/11/27,14,25,0,,,,,
2013/11/27,15,25,0,,,,,
2013/11/27,16,26,0,,,,,
2013/11/27,17,27,0,,,,,
2013/11/27,18,29,0,,,,,
2013/11/27,19,32,0,,,,,
2013/11/27,20,30,0,,,,,
2013/11/27,21,31,0,,,,,
2013/11/27,22,31,0,,,,,
2013/11/27,23,31,0,,,,,
2013/11/27,24,32,0,,,,,
2013/11/28,01,36,0,,,,,
2013/11/28,02,31,0,,,,,
2013/11/28,03,30,0,,,,,
2013/11/28,04,28,0,,,,,
2013/11/28,05,27,0,,,,,
2013/11/28,06,28,0,,,,,
2013/11/28,07,28,0,,,,,
2013/11/28,08,26,0,,,,,
2013/11/28,09,26,0,,,,,
2013/11/28,10,26,0,,,,,
2013/11/28,11,27,0,,,,,
2013/11/28,12,25,0,,,,,
2013/11/28,13,25,0,,,,,
2013/11/28,14,26,0,,,,,
2013/11/28,15,24,0,,,,,
2013/11/28,16,25,0,,,,,
2013/11/28,17,25,0,,,,,
2013/11/28,18,27,0,,,,,
2013/11/28,19,27,0,,,,,
2013/11/28,20,28,0,,,,,
2013/11/28,21,28,0,,,,,
2013/11/28,22,29,0,,,,,
2013/11/28,23,28,0,,,,,
2013/11/28,24,27,0,,,,,
2013/11/29,01,28,0,,,,,
2013/11/29,02,28,0,,,,,
2013/11/29,03,27,0,,,,,
2013/11/29,04,28,0,,,,,
2013/11/29,05,27,0,,,,,
2013/11/29,06,26,0,,,,,
2013/11/29,07,26,0,,,,,
2013/11/29,08,24,0,,,,,
2013/11/29,09,24,0,,,,,
2013/11/29,10,24,0,,,,,
2013/11/29,11,25,0,,,,,
2013/11/29,12,25,0,,,,,
2013/11/29,13,26,0,,,,,
2013/11/29,14,26,0,,,,,
2013/11/29,15,26,0,,,,,
2013/11/29,16,30,0,,,,,
2013/11/29,17,30,0,,,,,
2013/11/29,18,28,0,,,,,
2013/11/29,19,29,0,,,,,
2013/11/29,20,30,0,,,,,
2013/11/29,21,29,0,,,,,
2013/11/29,22,29,0,,,,,
2013/11/29,23,30,0,,,,,
2013/11/29,24,32,0,,,,,
2013/11/30,01,34,0,,,,,
2013/11/30,02,36,0,,,,,
2013/11/30,03,32,0,,,,,
2013/11/30,04,32,0,,,,,
2013/11/30,05,30,0,,,,,
2013/11/30,06,32,0,,,,,
2013/11/30,07,31,0,,,,,
2013/11/30,08,28,0,,,,,
2013/11/30,09,27,0,,,,,
2013/11/30,10,28,0,,,,,
2013/11/30,11,28,0,,,,,
2013/11/30,12,29,0,,,,,
2013/11/30,13,27,0,,,,,
2013/11/30,14,29,0,,,,,
2013/11/30,15,28,0,,,,,
2013/11/30,16,26,0,,,,,
2013/11/30,17,28,0,,,,,
2013/11/30,18,28,0,,,,,
2013/11/30,19,30,0,,,,,
2013/11/30,20,29,0,,,,,
2013/11/30,21,30,0,,,,,
2013/11/30,22,31,0,,,,,
2013/11/30,23,31,0,,,,,
2013/11/30,24,32,0,,,,,
2013/12/01,01,33,0,,,,,
2013/12/01,02,35,0,,,,,
2013/12/01,03,35,0,,,,,
2013/12/01,04,33,0,,,,,
2013/12/01,05,33,0,,,,,
2013/12/01,06,34,0,,,,,
2013/12/01,07,34,0,,,,,
2013/12/01,08,37,0,,,,,
2013/12/01,09,36,0,,,,,
2013/12/01,10,31,0,,,,,
2013/12/01,11,30,0,,,,,
2013/12/01,12,33,0,,,,,
2013/12/01,13,33,0,,,,,
2013/12/01,14,32,0,,,,,
2013/12/01,15,29,0,,,,,
2013/12/01,16,30,0,,,,,
2013/12/01,17,30,0,,,,,
2013/12/01,18,31,0,,,,,
2013/12/01,19,31,0,,,,,
2013/12/01,20,32,0,,,,,
2013/12/01,21,32,0,,,,,
2013/12/01,22,31,0,,,,,
2013/12/01,23,31,0,,,,,
2013/12/01,24,30,0,,,,,
2013/12/02,01,31,0,,,,,
2013/12/02,02,31,0,,,,,
2013/12/02,03,32,0,,,,,
2013/12/02,04,30,0,,,,,
2013/12/02,05,35,0,,,,,
2013/12/02,06,28,0,,,,,
2013/12/02,07,28,0,,,,,
2013/12/02,08,25,0,,,,,
2013/12/02,09,25,0,,,,,
2013/12/02,10,26,0,,,,,
2013/12/02,11,25,0,,,,,
2013/12/02,12,27,0,,,,,
2013/12/02,13,27,0,,,,,
2013/12/02,14,27,0,,,,,
2013/12/02,15,26,0,,,,,
2013/12/02,16,26,0,,,,,
2013/12/02,17,27,0,,,,,
2013/12/02,18,28,0,,,,,
2013/12/02,19,28,0,,,,,
2013/12/02,20,28,0,,,,,
2013/12/02,21,27,0,,,,,
2013/12/02,22,28,0,,,,,
2013/12/02,23,29,0,,,,,
2013/12/02,24,29,0,,,,,
2013/12/03,01,30,0,,,,,
2013/12/03,02,29,0,,,,,
2013/12/03,03,28,0,,,,,
2013/12/03,04,28,0,,,,,
2013/12/03,05,31,0,,,,,
2013/12/03,06,29,0,,,,,
2013/12/03,07,26,0,,,,,
2013/12/03,08,24,0,,,,,
2013/12/03,09,24,0,,,,,
2013/12/03,10,25,0,,,,,
2013/12/03,11,25,0,,,,,
2013/12/03,12,25,0,,,,,
2013/12/03,13,25,0,,,,,
2013/12/03,14,26,0,,,,,
2013/12/03,15,28,0,,,,,
2013/12/03,16,28,0,,,,,
2013/12/03,17,29,0,,,,,
2013/12/03,18,30,0,,,,,
2013/12/03,19,30,0,,,,,
2013/12/03,20,29,0,,,,,
2013/12/03,21,29,0,,,,,
2013/12/03,22,30,0,,,,,
2013/12/03,23,29,0,,,,,
2013/12/03,24,30,0,,,,,
2013/12/04,01,31,0,,,,,
2013/12/04,02,29,0,,,,,
2013/12/04,03,29,0,,,,,
2013/12/04,04,29,0,,,,,
2013/12/04,05,28,0,,,,,
2013/12/04,06,27,0,,,,,
2013/12/04,07,26,0,,,,,
2013/12/04,08,23,0,,,,,
2013/12/04,09,24,0,,,,,
2013/12/04,10,24,0,,,,,
2013/12/04,11,25,0,,,,,
2013/12/04,12,24,0,,,,,
2013/12/04,13,23,0,,,,,
2013/12/04,14,24,0,,,,,
2013/12/04,15,23,0,,,,,
2013/12/04,16,24,0,,,,,
2013/12/04,17,25,0,,,,,
2013/12/04,18,33,0,,,,,
2013/12/04,19,28,0,,,,,
2013/12/04,20,28,0,,,,,
2013/12/04,21,30,0,,,,,
2013/12/04,22,31,0,,,,,
2013/12/04,23,32,0,,,,,
2013/12/04,24,31,0,,,,,
2013/12/05,01,31,0,,,,,
2013/12/05,02,30,0,,,,,
2013/12/05,03,29,0,,,,,
2013/12/05,04,30,0,,,,,
2013/12/05,05,28,0,,,,,
2013/12/05,06,28,0,,,,,
2013/12/05,07,26,0,,,,,
2013/12/05,08,24,0,,,,,
2013/12/05,09,24,0,,,,,
2013/12/05,10,25,0,,,,,
2013/12/05,11,24,0,,,,,
2013/12/05,12,27,0,,,,,
2013/12/05,13,26,0,,,,,
2013/12/05,14,27,0,,,,,
2013/12/05,15,34,0,,,,,
2013/12/05,16,26,0,,,,,
2013/12/05,17,27,0,,,,,
2013/12/05,18,28,0,,,,,
2013/12/05,19,30,0,,,,,
2013/12/05,20,30,0,,,,,
2013/12/05,21,29,0,,,,,
2013/12/05,22,31,0,,,,,
2013/12/05,23,30,0,,,,,
2013/12/05,24,30,0,,,,,
2013/12/06,01,31,0,,,,,
2013/12/06,02,30,0,,,,,
2013/12/06,03,29,0,,,,,
2013/12/06,04,28,0,,,,,
2013/12/06,05,27,0,,,,,
2013/12/06,06,27,0,,,,,
2013/12/06,07,26,0,,,,,
2013/12/06,08,24,0,,,,,
2013/12/06,09,23,0,,,,,
2013/12/06,10,24,0,,,,,
2013/12/06,11,25,0,,,,,
2013/12/06,12,25,0,,,,,
2013/12/06,13,24,0,,,,,
2013/12/06,14,23,0,,,,,
2013/12/06,15,24,0,,,,,
2013/12/06,16,25,0,,,,,
2013/12/06,17,26,0,,,,,
2013/12/06,18,27,0,,,,,
2013/12/06,19,28,0,,,,,
2013/12/06,20,28,0,,,,,
2013/12/06,21,30,0,,,,,
2013/12/06,22,36,0,,,,,
2013/12/06,23,31,0,,,,,
2013/12/06,24,33,0,,,,,
2013/12/07,01,33,0,,,,,
2013/12/07,02,33,0,,,,,
2013/12/07,03,34,0,,,,,
2013/12/07,04,31,0,,,,,
2013/12/07,05,31,0,,,,,
2013/12/07,06,30,0,,,,,
2013/12/07,07,29,0,,,,,
2013/12/07,08,27,0,,,,,
2013/12/07,09,28,0,,,,,
2013/12/07,10,27,0,,,,,
2013/12/07,11,27,0,,,,,
2013/12/07,12,27,0,,,,,
2013/12/07,13,27,0,,,,,
2013/12/07,14,26,0,,,,,
2013/12/07,15,27,0,,,,,
2013/12/07,16,27,0,,,,,
2013/12/07,17,28,0,,,,,
2013/12/07,18,29,0,,,,,
2013/12/07,19,29,0,,,,,
2013/12/07,20,30,0,,,,,
2013/12/07,21,33,0,,,,,
2013/12/07,22,34,0,,,,,
2013/12/07,23,31,0,,,,,
2013/12/07,24,32,0,,,,,
2013/12/08,01,33,0,,,,,
2013/12/08,02,31,0,,,,,
2013/12/08,03,34,0,,,,,
2013/12/08,04,37,0,,,,,
2013/12/08,05,34,0,,,,,
2013/12/08,06,33,0,,,,,
2013/12/08,07,33,0,,,,,
2013/12/08,08,32,0,,,,,
2013/12/08,09,30,0,,,,,
2013/12/08,10,31,0,,,,,
2013/12/08,11,29,0,,,,,
2013/12/08,12,30,0,,,,,
2013/12/08,13,29,0,,,,,
2013/12/08,14,28,0,,,,,
2013/12/08,15,28,0,,,,,
2013/12/08,16,28,0,,,,,
2013/12/08,17,34,0,,,,,
2013/12/08,18,37,0,,,,,
2013/12/08,19,33,0,,,,,
2013/12/08,20,34,0,,,,,
2013/12/08,21,34,0,,,,,
2013/12/08,22,33,0,,,,,
2013/12/08,23,32,0,,,,,
2013/12/08,24,32,0,,,,,
2013/12/09,01,31,0,,,,,
2013/12/09,02,30,0,,,,,
2013/12/09,03,31,0,,,,,
2013/12/09,04,30,0,,,,,
2013/12/09,05,28,0,,,,,
2013/12/09,06,27,0,,,,,
2013/12/09,07,30,0,,,,,
2013/12/09,08,27,0,,,,,
2013/12/09,09,26,0,,,,,
2013/12/09,10,26,0,,,,,
2013/12/09,11,27,0,,,,,
2013/12/09,12,27,0,,,,,
2013/12/09,13,27,0,,,,,
2013/12/09,14,27,0,,,,,
2013/12/09,15,26,0,,,,,
2013/12/09,16,25,0,,,,,
2013/12/09,17,26,0,,,,,
2013/12/09,18,28,0,,,,,
2013/12/09,19,29,0,,,,,
2013/12/09,20,29,0,,,,,
2013/12/09,21,31,0,,,,,
2013/12/09,22,31,0,,,,,
2013/12/09,23,31,0,,,,,
2013/12/09,24,35,0,,,,,
2013/12/10,01,31,0,,,,,
2013/12/10,02,30,0,,,,,
2013/12/10,03,29,0,,,,,
2013/12/10,04,28,0,,,,,
2013/12/10,05,27,0,,,,,
2013/12/10,06,27,0,,,,,
2013/12/10,07,27,0,,,,,
2013/12/10,08,25,0,,,,,
2013/12/10,09,24,0,,,,,
2013/12/10,10,24,0,,,,,
2013/12/10,11,24,0,,,,,
2013/12/10,12,25,0,,,,,
2013/12/10,13,24,0,,,,,
2013/12/10,14,24,0,,,,,
2013/12/10,15,26,0,,,,,
2013/12/10,16,27,0,,,,,
2013/12/10,17,30,0,,,,,
2013/12/10,18,28,0,,,,,
2013/12/10,19,29,0,,,,,
2013/12/10,20,28,0,,,,,
2013/12/10,21,29,0,,,,,
2013/12/10,22,30,0,,,,,
2013/12/10,23,31,0,,,,,
2013/12/10,24,31,0,,,,,
2013/12/11,01,31,0,,,,,
2013/12/11,02,29,0,,,,,
2013/12/11,03,29,0,,,,,
2013/12/11,04,29,0,,,,,
2013/12/11,05,28,0,,,,,
2013/12/11,06,28,0,,,,,
2013/12/11,07,27,0,,,,,
2013/12/11,08,25,0,,,,,
2013/12/11,09,25,0,,,,,
2013/12/11,10,25,0,,,,,
2013/12/11,11,25,0,,,,,
2013/12/11,12,27,0,,,,,
2013/12/11,13,26,0,,,,,
2013/12/11,14,26,0,,,,,
2013/12/11,15,31,0,,,,,
2013/12/11,16,27,0,,,,,
2013/12/11,17,27,0,,,,,
2013/12/11,18,29,0,,,,,
2013/12/11,19,28,0,,,,,
2013/12/11,20,29,0,,,,,
2013/12/11,21,28,0,,,,,
2013/12/11,22,30,0,,,,,
2013/12/11,23,29,0,,,,,
2013/12/11,24,30,0,,,,,
2013/12/12,01,30,0,,,,,
2013/12/12,02,31,0,,,,,
2013/12/12,03,29,0,,,,,
2013/12/12,04,28,0,,,,,
2013/12/12,05,27,0,,,,,
2013/12/12,06,27,0,,,,,
2013/12/12,07,26,0,,,,,
2013/12/12,08,26,0,,,,,
2013/12/12,09,25,0,,,,,
2013/12/12,10,25,0,,,,,
2013/12/12,11,26,0,,,,,
2013/12/12,12,25,0,,,,,
2013/12/12,13,25,0,,,,,
2013/12/12,14,26,0,,,,,
2013/12/12,15,26,0,,,,,
2013/12/12,16,27,0,,,,,
2013/12/12,17,31,0,,,,,
2013/12/12,18,31,0,,,,,
2013/12/12,19,28,0,,,,,
2013/12/12,20,28,0,,,,,
2013/12/12,21,29,0,,,,,
2013/12/12,22,28,0,,,,,
2013/12/12,23,28,0,,,,,
2013/12/12,24,32,0,,,,,
2013/12/13,01,30,0,,,,,
2013/12/13,02,30,0,,,,,
2013/12/13,03,33,0,,,,,
2013/12/13,04,30,0,,,,,
2013/12/13,05,28,0,,,,,
2013/12/13,06,29,0,,,,,
2013/12/13,07,27,0,,,,,
2013/12/13,08,27,0,,,,,
2013/12/13,09,26,0,,,,,
2013/12/13,10,27,0,,,,,
2013/12/13,11,26,0,,,,,
2013/12/13,12,26,0,,,,,
2013/12/13,13,27,0,,,,,
2013/12/13,14,27,0,,,,,
2013/12/13,15,27,0,,,,,
2013/12/13,16,28,0,,,,,
2013/12/13,17,27,0,,,,,
2013/12/13,18,28,0,,,,,
2013/12/13,19,28,0,,,,,
2013/12/13,20,31,0,,,,,
2013/12/13,21,33,0,,,,,
2013/12/13,22,32,0,,,,,
2013/12/13,23,33,0,,,,,
2013/12/13,24,34,0,,,,,
2013/12/14,01,38,0,,,,,
2013/12/14,02,38,0,,,,,
2013/12/14,03,35,0,,,,,
2013/12/14,04,34,0,,,,,
2013/12/14,05,33,0,,,,,
2013/12/14,06,32,0,,,,,
2013/12/14,07,30,0,,,,,
2013/12/14,08,31,0,,,,,
2013/12/14,09,30,0,,,,,
2013/12/14,10,31,0,,,,,
2013/12/14,11,35,0,,,,,
2013/12/14,12,28,0,,,,,
2013/12/14,13,27,0,,,,,
2013/12/14,14,29,0,,,,,
2013/12/14,15,29,0,,,,,
2013/12/14,16,28,0,,,,,
2013/12/14,17,28,0,,,,,
2013/12/14,18,31,0,,,,,
2013/12/14,19,31,0,,,,,
2013/12/14,20,31,0,,,,,
2013/12/14,21,32,0,,,,,
2013/12/14,22,32,0,,,,,
2013/12/14,23,33,0,,,,,
2013/12/14,24,33,0,,,,,
2013/12/15,01,34,0,,,,,
2013/12/15,02,38,0,,,,,
2013/12/15,03,40,0,,,,,
2013/12/15,04,40,0,,,,,
2013/12/15,05,38,0,,,,,
2013/12/15,06,36,0,,,,,
2013/12/15,07,34,0,,,,,
2013/12/15,08,34,0,,,,,
2013/12/15,09,33,0,,,,,
2013/12/15,10,34,0,,,,,
2013/12/15,11,32,0,,,,,
2013/12/15,12,31,0,,,,,
2013/12/15,13,30,0,,,,,
2013/12/15,14,29,0,,,,,
2013/12/15,15,29,0,,,,,
2013/12/15,16,30,0,,,,,
2013/12/15,17,32,0,,,,,
2013/12/15,18,33,0,,,,,
2013/12/15,19,33,0,,,,,
2013/12/15,20,34,0,,,,,
2013/12/15,21,40,0,,,,,
2013/12/15,22,34,0,,,,,
2013/12/15,23,33,0,,,,,
2013/12/15,24,34,0,,,,,
2013/12/16,01,34,0,,,,,
2013/12/16,02,33,0,,,,,
2013/12/16,03,34,0,,,,,
2013/12/16,04,31,0,,,,,
2013/12/16,05,29,0,,,,,
2013/12/16,06,28,0,,,,,
2013/12/16,07,29,0,,,,,
2013/12/16,08,27,0,,,,,
2013/12/16,09,27,0,,,,,
2013/12/16,10,27,0,,,,,
2013/12/16,11,28,0,,,,,
2013/12/16,12,27,0,,,,,
2013/12/16,13,28,0,,,,,
2013/12/16,14,27,0,,,,,
2013/12/16,15,26,0,,,,,
2013/12/16,16,26,0,,,,,
2013/12/16,17,25,0,,,,,
2013/12/16,18,26,0,,,,,
2013/12/16,19,28,0,,,,,
2013/12/16,20,35,0,,,,,
2013/12/16,21,29,0,,,,,
2013/12/16,22,29,0,,,,,
2013/12/16,23,31,0,,,,,
2013/12/16,24,31,0,,,,,
2013/12/17,01,31,0,,,,,
2013/12/17,02,32,0,,,,,
2013/12/17,03,31,0,,,,,
2013/12/17,04,31,0,,,,,
2013/12/17,05,30,0,,,,,
2013/12/17,06,28,0,,,,,
2013/12/17,07,29,0,,,,,
2013/12/17,08,27,0,,,,,
2013/12/17,09,27,0,,,,,
2013/12/17,10,29,0,,,,,
2013/12/17,11,29,0,,,,,
2013/12/17,12,27,0,,,,,
2013/12/17,13,27,0,,,,,
2013/12/17,14,27,0,,,,,
2013/12/17,15,28,0,,,,,
2013/12/17,16,28,0,,,,,
2013/12/17,17,28,0,,,,,
2013/12/17,18,30,0,,,,,
2013/12/17,19,30,0,,,,,
2013/12/17,20,32,0,,,,,
2013/12/17,21,32,0,,,,,
2013/12/17,22,32,0,,,,,
2013/12/17,23,31,0,,,,,
2013/12/17,24,37,0,,,,,
2013/12/18,01,33,0,,,,,
2013/12/18,02,33,0,,,,,
2013/12/18,03,30,0,,,,,
2013/12/18,04,30,0,,,,,
2013/12/18,05,28,0,,,,,
2013/12/18,06,29,0,,,,,
2013/12/18,07,29,0,,,,,
2013/12/18,08,27,0,,,,,
2013/12/18,09,27,0,,,,,
2013/12/18,10,27,0,,,,,
2013/12/18,11,26,0,,,,,
2013/12/18,12,26,0,,,,,
2013/12/18,13,25,0,,,,,
2013/12/18,14,26,0,,,,,
2013/12/18,15,27,0,,,,,
2013/12/18,16,26,0,,,,,
2013/12/18,17,26,0,,,,,
2013/12/18,18,29,0,,,,,
2013/12/18,19,28,0,,,,,
2013/12/18,20,30,0,,,,,
2013/12/18,21,29,0,,,,,
2013/12/18,22,31,0,,,,,
2013/12/18,23,31,0,,,,,
2013/12/18,24,30,0,,,,,
2013/12/19,01,31,0,,,,,
2013/12/19,02,32,0,,,,,
2013/12/19,03,36,0,,,,,
2013/12/19,04,29,0,,,,,
2013/12/19,05,28,0,,,,,
2013/12/19,06,29,0,,,,,
2013/12/19,07,28,0,,,,,
2013/12/19,08,28,0,,,,,
2013/12/19,09,25,0,,,,,
2013/12/19,10,25,0,,,,,
2013/12/19,11,25,0,,,,,
2013/12/19,12,26,0,,,,,
2013/12/19,13,27,0,,,,,
2013/12/19,14,26,0,,,,,
2013/12/19,15,27,0,,,,,
2013/12/19,16,27,0,,,,,
2013/12/19,17,29,0,,,,,
2013/12/19,18,31,0,,,,,
2013/12/19,19,31,0,,,,,
2013/12/19,20,31,0,,,,,
2013/12/19,21,32,0,,,,,
2013/12/19,22,30,0,,,,,
2013/12/19,23,29,0,,,,,
2013/12/19,24,29,0,,,,,
2013/12/20,01,29,0,,,,,
2013/12/20,02,31,0,,,,,
2013/12/20,03,29,0,,,,,
2013/12/20,04,29,0,,,,,
2013/12/20,05,34,0,,,,,
2013/12/20,06,28,0,,,,,
2013/12/20,07,28,0,,,,,
2013/12/20,08,27,0,,,,,
2013/12/20,09,26,0,,,,,
2013/12/20,10,27,0,,,,,
2013/12/20,11,28,0,,,,,
2013/12/20,12,28,0,,,,,
2013/12/20,13,30,0,,,,,
2013/12/20,14,28,0,,,,,
2013/12/20,15,28,0,,,,,
2013/12/20,16,28,0,,,,,
2013/12/20,17,28,0,,,,,
2013/12/20,18,29,0,,,,,
2013/12/20,19,29,0,,,,,
2013/12/20,20,29,0,,,,,
2013/12/20,21,27,0,,,,,
2013/12/20,22,29,0,,,,,
2013/12/20,23,29,0,,,,,
2013/12/20,24,31,0,,,,,
2013/12/21,01,34,0,,,,,
2013/12/21,02,33,0,,,,,
2013/12/21,03,31,0,,,,,
2013/12/21,04,34,0,,,,,
2013/12/21,05,35,0,,,,,
2013/12/21,06,33,0,,,,,
2013/12/21,07,32,0,,,,,
2013/12/21,08,36,0,,,,,
2013/12/21,09,30,0,,,,,
2013/12/21,10,29,0,,,,,
2013/12/21,11,29,0,,,,,
2013/12/21,12,28,0,,,,,
2013/12/21,13,27,0,,,,,
2013/12/21,14,27,0,,,,,
2013/12/21,15,27,0,,,,,
2013/12/21,16,27,0,,,,,
2013/12/21,17,27,0,,,,,
2013/12/21,18,27,0,,,,,
2013/12/21,19,29,0,,,,,
2013/12/21,20,30,0,,,,,
2013/12/21,21,31,0,,,,,
2013/12/21,22,33,0,,,,,
2013/12/21,23,31,0,,,,,
2013/12/21,24,34,0,,,,,
2013/12/22,01,37,0,,,,,
2013/12/22,02,43,0,,,,,
2013/12/22,03,42,0,,,,,
2013/12/22,04,38,0,,,,,
2013/12/22,05,35,0,,,,,
2013/12/22,06,35,0,,,,,
2013/12/22,07,35,0,,,,,
2013/12/22,08,31,0,,,,,
2013/12/22,09,31,0,,,,,
2013/12/22,10,32,0,,,,,
2013/12/22,11,30,0,,,,,
2013/12/22,12,28,0,,,,,
2013/12/22,13,28,0,,,,,
2013/12/22,14,27,0,,,,,
2013/12/22,15,30,0,,,,,
2013/12/22,16,29,0,,,,,
2013/12/22,17,28,0,,,,,
2013/12/22,18,28,0,,,,,
2013/12/22,19,28,0,,,,,
2013/12/22,20,28,0,,,,,
2013/12/22,21,28,0,,,,,
2013/12/22,22,29,0,,,,,
2013/12/22,23,35,0,,,,,
2013/12/22,24,34,0,,,,,
2013/12/23,01,39,0,,,,,
2013/12/23,02,43,0,,,,,
2013/12/23,03,40,0,,,,,
2013/12/23,04,38,0,,,,,
2013/12/23,05,36,0,,,,,
2013/12/23,06,33,0,,,,,
2013/12/23,07,34,0,,,,,
2013/12/23,08,33,0,,,,,
2013/12/23,09,32,0,,,,,
2013/12/23,10,32,0,,,,,
2013/12/23,11,33,0,,,,,
2013/12/23,12,31,0,,,,,
2013/12/23,13,30,0,,,,,
2013/12/23,14,31,0,,,,,
2013/12/23,15,37,0,,,,,
2013/12/23,16,29,0,,,,,
2013/12/23,17,31,0,,,,,
2013/12/23,18,31,0,,,,,
2013/12/23,19,32,0,,,,,
2013/12/23,20,31,0,,,,,
2013/12/23,21,31,0,,,,,
2013/12/23,22,32,0,,,,,
2013/12/23,23,33,0,,,,,
2013/12/23,24,36,0,,,,,
2013/12/24,01,35,0,,,,,
2013/12/24,02,31,0,,,,,
2013/12/24,03,30,0,,,,,
2013/12/24,04,30,0,,,,,
2013/12/24,05,29,0,,,,,
2013/12/24,06,29,0,,,,,
2013/12/24,07,28,0,,,,,
2013/12/24,08,29,0,,,,,
2013/12/24,09,28,0,,,,,
2013/12/24,10,30,0,,,,,
2013/12/24,11,29,0,,,,,
2013/12/24,12,27,0,,,,,
2013/12/24,13,27,0,,,,,
2013/12/24,14,28,0,,,,,
2013/12/24,15,35,0,,,,,
2013/12/24,16,28,0,,,,,
2013/12/24,17,30,0,,,,,
2013/12/24,18,31,0,,,,,
2013/12/24,19,30,0,,,,,
2013/12/24,20,30,0,,,,,
2013/12/24,21,30,0,,,,,
2013/12/24,22,32,0,,,,,
2013/12/24,23,33,0,,,,,
2013/12/24,24,34,0,,,,,
2013/12/25,01,35,0,,,,,
2013/12/25,02,35,0,,,,,
2013/12/25,03,34,0,,,,,
2013/12/25,04,33,0,,,,,
2013/12/25,05,33,0,,,,,
2013/12/25,06,37,0,,,,,
2013/12/25,07,30,0,,,,,
2013/12/25,08,30,0,,,,,
2013/12/25,09,29,0,,,,,
2013/12/25,10,29,0,,,,,
2013/12/25,11,29,0,,,,,
2013/12/25,12,28,0,,,,,
2013/12/25,13,28,0,,,,,
2013/12/25,14,27,0,,,,,
2013/12/25,15,27,0,,,,,
2013/12/25,16,27,0,,,,,
2013/12/25,17,27,0,,,,,
2013/12/25,18,28,0,,,,,
2013/12/25,19,27,0,,,,,
2013/12/25,20,27,0,,,,,
2013/12/25,21,31,0,,,,,
2013/12/25,22,32,0,,,,,
2013/12/25,23,34,0,,,,,
2013/12/25,24,38,0,,,,,
2013/12/26,01,45,0,,,,,
2013/12/26,02,50,0,,,,,
2013/12/26,03,52,0,,,,,
2013/12/26,04,47,0,,,,,
2013/12/26,05,43,0,,,,,
2013/12/26,06,44,0,,,,,
2013/12/26,07,43,0,,,,,
2013/12/26,08,41,0,,,,,
2013/12/26,09,41,0,,,,,
2013/12/26,10,41,0,,,,,
2013/12/26,11,40,0,,,,,
2013/12/26,12,37,0,,,,,
2013/12/26,13,30,0,,,,,
2013/12/26,14,32,0,,,,,
2013/12/26,15,31,0,,,,,
2013/12/26,16,31,0,,,,,
2013/12/26,17,30,0,,,,,
2013/12/26,18,31,0,,,,,
2013/12/26,19,31,0,,,,,
2013/12/26,20,29,0,,,,,
2013/12/26,21,28,0,,,,,
2013/12/26,22,33,0,,,,,
2013/12/26,23,36,0,,,,,
2013/12/26,24,36,0,,,,,
2013/12/27,01,37,0,,,,,
2013/12/27,02,38,0,,,,,
2013/12/27,03,35,0,,,,,
2013/12/27,04,32,0,,,,,
2013/12/27,05,31,0,,,,,
2013/12/27,06,32,0,,,,,
2013/12/27,07,30,0,,,,,
2013/12/27,08,29,0,,,,,
2013/12/27,09,28,0,,,,,
2013/12/27,10,35,0,,,,,
2013/12/27,11,30,0,,,,,
2013/12/27,12,27,0,,,,,
2013/12/27,13,27,0,,,,,
2013/12/27,14,26,0,,,,,
2013/12/27,15,28,0,,,,,
2013/12/27,16,28,0,,,,,
2013/12/27,17,30,0,,,,,
2013/12/27,18,30,0,,,,,
2013/12/27,19,29,0,,,,,
2013/12/27,20,29,0,,,,,
2013/12/27,21,31,0,,,,,
2013/12/27,22,31,0,,,,,
2013/12/27,23,33,0,,,,,
2013/12/27,24,41,0,,,,,
2013/12/28,01,47,0,,,,,
2013/12/28,02,62,0,,,,,
2013/12/28,03,56,0,,,,,
2013/12/28,04,51,0,,,,,
2013/12/28,05,59,0,,,,,
2013/12/28,06,58,0,,,,,
2013/12/28,07,58,0,,,,,
2013/12/28,08,52,0,,,,,
2013/12/28,09,45,0,,,,,
2013/12/28,10,42,0,,,,,
2013/12/28,11,33,0,,,,,
2013/12/28,12,31,0,,,,,
2013/12/28,13,29,0,,,,,
2013/12/28,14,30,0,,,,,
2013/12/28,15,33,0,,,,,
2013/12/28,16,32,0,,,,,
2013/12/28,17,31,0,,,,,
2013/12/28,18,34,0,,,,,
2013/12/28,19,34,0,,,,,
2013/12/28,20,32,0,,,,,
2013/12/28,21,38,0,,,,,
2013/12/28,22,36,0,,,,,
2013/12/28,23,38,0,,,,,
2013/12/28,24,48,0,,,,,
2013/12/29,01,50,0,,,,,
2013/12/29,02,53,0,,,,,
2013/12/29,03,51,0,,,,,
2013/12/29,04,53,0,,,,,
2013/12/29,05,52,0,,,,,
2013/12/29,06,48,0,,,,,
2013/12/29,07,46,0,,,,,
2013/12/29,08,47,0,,,,,
2013/12/29,09,37,0,,,,,
2013/12/29,10,35,0,,,,,
2013/12/29,11,38,0,,,,,
2013/12/29,12,32,0,,,,,
2013/12/29,13,31,0,,,,,
2013/12/29,14,31,0,,,,,
2013/12/29,15,34,0,,,,,
2013/12/29,16,33,0,,,,,
2013/12/29,17,32,0,,,,,
2013/12/29,18,35,0,,,,,
2013/12/29,19,33,0,,,,,
2013/12/29,20,33,0,,,,,
2013/12/29,21,35,0,,,,,
2013/12/29,22,34,0,,,,,
2013/12/29,23,34,0,,,,,
2013/12/29,24,38,0,,,,,
2013/12/30,01,38,0,,,,,
2013/12/30,02,40,0,,,,,
2013/12/30,03,42,0,,,,,
2013/12/30,04,45,0,,,,,
2013/12/30,05,43,0,,,,,
2013/12/30,06,45,0,,,,,
2013/12/30,07,44,0,,,,,
2013/12/30,08,44,0,,,,,
2013/12/30,09,41,0,,,,,
2013/12/30,10,33,0,,,,,
2013/12/30,11,33,0,,,,,
2013/12/30,12,34,0,,,,,
2013/12/30,13,36,0,,,,,
2013/12/30,14,40,0,,,,,
2013/12/30,15,39,0,,,,,
2013/12/30,16,38,0,,,,,
2013/12/30,17,37,0,,,,,
2013/12/30,18,35,0,,,,,
2013/12/30,19,30,0,,,,,
2013/12/30,20,32,0,,,,,
2013/12/30,21,32,0,,,,,
2013/12/30,22,33,0,,,,,
2013/12/30,23,34,0,,,,,
2013/12/30,24,37,0,,,,,
2013/12/31,01,41,0,,,,,
2013/12/31,02,37,0,,,,,
2013/12/31,03,38,0,,,,,
2013/12/31,04,35,0,,,,,
2013/12/31,05,35,0,,,,,
2013/12/31,06,39,0,,,,,
2013/12/31,07,32,0,,,,,
2013/12/31,08,31,0,,,,,
2013/12/31,09,32,0,,,,,
2013/12/31,10,32,0,,,,,
2013/12/31,11,33,0,,,,,
2013/12/31,12,31,0,,,,,
2013/12/31,13,31,0,,,,,
2013/12/31,14,29,0,,,,,
2013/12/31,15,29,0,,,,,
2013/12/31,16,31,0,,,,,
2013/12/31,17,30,0,,,,,
2013/12/31,18,32,0,,,,,
2013/12/31,19,32,0,,,,,
2013/12/31,20,32,0,,,,,
2013/12/31,21,30,0,,,,,
2013/12/31,22,30,0,,,,,
2013/12/31,23,30,0,,,,,
2013/12/31,24,31,0,,,,,
2014/01/01,01,32,0,,,,,
2014/01/01,02,37,0,,,,,
2014/01/01,03,41,0,,,,,
2014/01/01,04,43,0,,,,,
2014/01/01,05,39,0,,,,,
2014/01/01,06,36,0,,,,,
2014/01/01,07,37,0,,,,,
2014/01/01,08,35,0,,,,,
2014/01/01,09,36,0,,,,,
2014/01/01,10,37,0,,,,,
2014/01/01,11,38,0,,,,,
2014/01/01,12,36,0,,,,,
2014/01/01,13,35,0,,,,,
2014/01/01,14,33,0,,,,,
2014/01/01,15,32,0,,,,,
2014/01/01,16,30,0,,,,,
2014/01/01,17,29,0,,,,,
2014/01/01,18,33,0,,,,,
2014/01/01,19,32,0,,,,,
2014/01/01,20,29,0,,,,,
2014/01/01,21,29,0,,,,,
2014/01/01,22,29,0,,,,,
2014/01/01,23,28,0,,,,,
2014/01/01,24,30,0,,,,,
2014/01/02,01,31,0,,,,,
2014/01/02,02,33,0,,,,,
2014/01/02,03,39,0,,,,,
2014/01/02,04,44,0,,,,,
2014/01/02,05,45,0,,,,,
2014/01/02,06,45,0,,,,,
2014/01/02,07,44,0,,,,,
2014/01/02,08,42,0,,,,,
2014/01/02,09,42,0,,,,,
2014/01/02,10,43,0,,,,,
2014/01/02,11,41,0,,,,,
2014/01/02,12,39,0,,,,,
2014/01/02,13,29,0,,,,,
2014/01/02,14,29,0,,,,,
2014/01/02,15,31,0,,,,,
2014/01/02,16,31,0,,,,,
2014/01/02,17,28,0,,,,,
2014/01/02,18,27,0,,,,,
2014/01/02,19,28,0,,,,,
2014/01/02,20,28,0,,,,,
2014/01/02,21,28,0,,,,,
2014/01/02,22,28,0,,,,,
2014/01/02,23,29,0,,,,,
2014/01/02,24,31,0,,,,,
2014/01/03,01,35,0,,,,,
2014/01/03,02,35,0,,,,,
2014/01/03,03,36,0,,,,,
2014/01/03,04,36,0,,,,,
2014/01/03,05,35,0,,,,,
2014/01/03,06,35,0,,,,,
2014/01/03,07,33,0,,,,,
2014/01/03,08,32,0,,,,,
2014/01/03,09,33,0,,,,,
2014/01/03,10,38,0,,,,,
2014/01/03,11,32,0,,,,,
2014/01/03,12,31,0,,,,,
2014/01/03,13,32,0,,,,,
2014/01/03,14,30,0,,,,,
2014/01/03,15,28,0,,,,,
2014/01/03,16,28,0,,,,,
2014/01/03,17,29,0,,,,,
2014/01/03,18,30,0,,,,,
2014/01/03,19,31,0,,,,,
2014/01/03,20,32,0,,,,,
2014/01/03,21,32,0,,,,,
2014/01/03,22,32,0,,,,,
2014/01/03,23,33,0,,,,,
2014/01/03,24,35,0,,,,,
2014/01/04,01,37,0,,,,,
2014/01/04,02,43,0,,,,,
2014/01/04,03,36,0,,,,,
2014/01/04,04,33,0,,,,,
2014/01/04,05,34,0,,,,,
2014/01/04,06,34,0,,,,,
2014/01/04,07,32,0,,,,,
2014/01/04,08,30,0,,,,,
2014/01/04,09,30,0,,,,,
2014/01/04,10,33,0,,,,,
2014/01/04,11,31,0,,,,,
2014/01/04,12,30,0,,,,,
2014/01/04,13,32,0,,,,,
2014/01/04,14,32,0,,,,,
2014/01/04,15,30,0,,,,,
2014/01/04,16,33,0,,,,,
2014/01/04,17,32,0,,,,,
2014/01/04,18,31,0,,,,,
2014/01/04,19,34,0,,,,,
2014/01/04,20,35,0,,,,,
2014/01/04,21,31,0,,,,,
2014/01/04,22,32,0,,,,,
2014/01/04,23,36,0,,,,,
2014/01/04,24,37,0,,,,,
2014/01/05,01,39,0,,,,,
2014/01/05,02,39,0,,,,,
2014/01/05,03,40,0,,,,,
2014/01/05,04,39,0,,,,,
2014/01/05,05,38,0,,,,,
2014/01/05,06,36,0,,,,,
2014/01/05,07,35,0,,,,,
2014/01/05,08,34,0,,,,,
2014/01/05,09,38,0,,,,,
2014/01/05,10,36,0,,,,,
2014/01/05,11,34,0,,,,,
2014/01/05,12,32,0,,,,,
2014/01/05,13,30,0,,,,,
2014/01/05,14,30,0,,,,,
2014/01/05,15,31,0,,,,,
2014/01/05,16,28,0,,,,,
2014/01/05,17,30,0,,,,,
2014/01/05,18,31,0,,,,,
2014/01/05,19,31,0,,,,,
2014/01/05,20,31,0,,,,,
2014/01/05,21,32,0,,,,,
2014/01/05,22,34,0,,,,,
2014/01/05,23,34,0,,,,,
2014/01/05,24,33,0,,,,,
2014/01/06,01,33,0,,,,,
2014/01/06,02,35,0,,,,,
2014/01/06,03,32,0,,,,,
2014/01/06,04,30,0,,,,,
2014/01/06,05,32,0,,,,,
2014/01/06,06,32,0,,,,,
2014/01/06,07,28,0,,,,,
2014/01/06,08,27,0,,,,,
2014/01/06,09,27,0,,,,,
2014/01/06,10,28,0,,,,,
2014/01/06,11,29,0,,,,,
2014/01/06,12,28,0,,,,,
2014/01/06,13,28,0,,,,,
2014/01/06,14,29,0,,,,,
2014/01/06,15,29,0,,,,,
2014/01/06,16,29,0,,,,,
2014/01/06,17,29,0,,,,,
2014/01/06,18,30,0,,,,,
2014/01/06,19,29,0,,,,,
2014/01/06,20,29,0,,,,,
2014/01/06,21,30,0,,,,,
2014/01/06,22,30,0,,,,,
2014/01/06,23,30,0,,,,,
2014/01/06,24,37,0,,,,,
2014/01/07,01,30,0,,,,,
2014/01/07,02,30,0,,,,,
2014/01/07,03,30,0,,,,,
2014/01/07,04,29,0,,,,,
2014/01/07,05,28,0,,,,,
2014/01/07,06,28,0,,,,,
2014/01/07,07,28,0,,,,,
2014/01/07,08,27,0,,,,,
2014/01/07,09,27,0,,,,,
2014/01/07,10,28,0,,,,,
2014/01/07,11,28,0,,,,,
2014/01/07,12,28,0,,,,,
2014/01/07,13,29,0,,,,,
2014/01/07,14,27,0,,,,,
2014/01/07,15,27,0,,,,,
2014/01/07,16,26,0,,,,,
2014/01/07,17,26,0,,,,,
2014/01/07,18,30,0,,,,,
2014/01/07,19,31,0,,,,,
2014/01/07,20,33,0,,,,,
2014/01/07,21,33,0,,,,,
2014/01/07,22,33,0,,,,,
2014/01/07,23,29,0,,,,,
2014/01/07,24,29,0,,,,,
2014/01/08,01,31,0,,,,,
2014/01/08,02,29,0,,,,,
2014/01/08,03,28,0,,,,,
2014/01/08,04,27,0,,,,,
2014/01/08,05,27,0,,,,,
2014/01/08,06,27,0,,,,,
2014/01/08,07,26,0,,,,,
2014/01/08,08,26,0,,,,,
2014/01/08,09,25,0,,,,,
2014/01/08,10,25,0,,,,,
2014/01/08,11,25,0,,,,,
2014/01/08,12,25,0,,,,,
2014/01/08,13,31,0,,,,,
2014/01/08,14,26,0,,,,,
2014/01/08,15,25,0,,,,,
2014/01/08,16,25,0,,,,,
2014/01/08,17,26,0,,,,,
2014/01/08,18,27,0,,,,,
2014/01/08,19,28,0,,,,,
2014/01/08,20,28,0,,,,,
2014/01/08,21,28,0,,,,,
2014/01/08,22,29,0,,,,,
2014/01/08,23,30,0,,,,,
2014/01/08,24,31,0,,,,,
2014/01/09,01,31,0,,,,,
2014/01/09,02,30,0,,,,,
2014/01/09,03,29,0,,,,,
2014/01/09,04,28,0,,,,,
2014/01/09,05,27,0,,,,,
2014/01/09,06,27,0,,,,,
2014/01/09,07,26,0,,,,,
2014/01/09,08,25,0,,,,,
2014/01/09,09,25,0,,,,,
2014/01/09,10,27,0,,,,,
2014/01/09,11,29,0,,,,,
2014/01/09,12,29,0,,,,,
2014/01/09,13,26,0,,,,,
2014/01/09,14,27,0,,,,,
2014/01/09,15,29,0,,,,,
2014/01/09,16,29,0,,,,,
2014/01/09,17,30,0,,,,,
2014/01/09,18,33,0,,,,,
2014/01/09,19,30,0,,,,,
2014/01/09,20,32,0,,,,,
2014/01/09,21,34,0,,,,,
2014/01/09,22,38,0,,,,,
2014/01/09,23,31,0,,,,,
2014/01/09,24,32,0,,,,,
2014/01/10,01,34,0,,,,,
2014/01/10,02,32,0,,,,,
2014/01/10,03,31,0,,,,,
2014/01/10,04,31,0,,,,,
2014/01/10,05,30,0,,,,,
2014/01/10,06,29,0,,,,,
2014/01/10,07,28,0,,,,,
2014/01/10,08,27,0,,,,,
2014/01/10,09,26,0,,,,,
2014/01/10,10,27,0,,,,,
2014/01/10,11,25,0,,,,,
2014/01/10,12,26,0,,,,,
2014/01/10,13,25,0,,,,,
2014/01/10,14,24,0,,,,,
2014/01/10,15,26,0,,,,,
2014/01/10,16,26,0,,,,,
2014/01/10,17,25,0,,,,,
2014/01/10,18,28,0,,,,,
2014/01/10,19,28,0,,,,,
2014/01/10,20,29,0,,,,,
2014/01/10,21,29,0,,,,,
2014/01/10,22,32,0,,,,,
2014/01/10,23,34,0,,,,,
2014/01/10,24,37,0,,,,,
2014/01/11,01,44,0,,,,,
2014/01/11,02,38,0,,,,,
2014/01/11,03,37,0,,,,,
2014/01/11,04,38,0,,,,,
2014/01/11,05,35,0,,,,,
2014/01/11,06,35,0,,,,,
2014/01/11,07,33,0,,,,,
2014/01/11,08,31,0,,,,,
2014/01/11,09,30,0,,,,,
2014/01/11,10,29,0,,,,,
2014/01/11,11,27,0,,,,,
2014/01/11,12,26,0,,,,,
2014/01/11,13,28,0,,,,,
2014/01/11,14,28,0,,,,,
2014/01/11,15,28,0,,,,,
2014/01/11,16,28,0,,,,,
2014/01/11,17,31,0,,,,,
2014/01/11,18,31,0,,,,,
2014/01/11,19,31,0,,,,,
2014/01/11,20,28,0,,,,,
2014/01/11,21,29,0,,,,,
2014/01/11,22,29,0,,,,,
2014/01/11,23,36,0,,,,,
2014/01/11,24,34,0,,,,,
2014/01/12,01,37,0,,,,,
2014/01/12,02,42,0,,,,,
2014/01/12,03,46,0,,,,,
2014/01/12,04,49,0,,,,,
2014/01/12,05,45,0,,,,,
2014/01/12,06,36,0,,,,,
2014/01/12,07,36,0,,,,,
2014/01/12,08,38,0,,,,,
2014/01/12,09,35,0,,,,,
2014/01/12,10,34,0,,,,,
2014/01/12,11,35,0,,,,,
2014/01/12,12,30,0,,,,,
2014/01/12,13,30,0,,,,,
2014/01/12,14,30,0,,,,,
2014/01/12,15,28,0,,,,,
2014/01/12,16,27,0,,,,,
2014/01/12,17,27,0,,,,,
2014/01/12,18,28,0,,,,,
2014/01/12,19,30,0,,,,,
2014/01/12,20,29,0,,,,,
2014/01/12,21,28,0,,,,,
2014/01/12,22,31,0,,,,,
2014/01/12,23,33,0,,,,,
2014/01/12,24,35,0,,,,,
2014/01/13,01,38,0,,,,,
2014/01/13,02,38,0,,,,,
2014/01/13,03,36,0,,,,,
2014/01/13,04,34,0,,,,,
2014/01/13,05,34,0,,,,,
2014/01/13,06,34,0,,,,,
2014/01/13,07,32,0,,,,,
2014/01/13,08,32,0,,,,,
2014/01/13,09,31,0,,,,,
2014/01/13,10,32,0,,,,,
2014/01/13,11,33,0,,,,,
2014/01/13,12,40,0,,,,,
2014/01/13,13,34,0,,,,,
2014/01/13,14,34,0,,,,,
2014/01/13,15,32,0,,,,,
2014/01/13,16,31,0,,,,,
2014/01/13,17,32,0,,,,,
2014/01/13,18,32,0,,,,,
2014/01/13,19,31,0,,,,,
2014/01/13,20,32,0,,,,,
2014/01/13,21,33,0,,,,,
2014/01/13,22,32,0,,,,,
2014/01/13,23,31,0,,,,,
2014/01/13,24,31,0,,,,,
2014/01/14,01,32,0,,,,,
2014/01/14,02,32,0,,,,,
2014/01/14,03,38,0,,,,,
2014/01/14,04,31,0,,,,,
2014/01/14,05,30,0,,,,,
2014/01/14,06,29,0,,,,,
2014/01/14,07,29,0,,,,,
2014/01/14,08,26,0,,,,,
2014/01/14,09,26,0,,,,,
2014/01/14,10,26,0,,,,,
2014/01/14,11,25,0,,,,,
2014/01/14,12,29,0,,,,,
2014/01/14,13,28,0,,,,,
2014/01/14,14,28,0,,,,,
2014/01/14,15,27,0,,,,,
2014/01/14,16,28,0,,,,,
2014/01/14,17,27,0,,,,,
2014/01/14,18,27,0,,,,,
2014/01/14,19,28,0,,,,,
2014/01/14,20,28,0,,,,,
2014/01/14,21,29,0,,,,,
2014/01/14,22,30,0,,,,,
2014/01/14,23,31,0,,,,,
2014/01/14,24,31,0,,,,,
2014/01/15,01,31,0,,,,,
2014/01/15,02,30,0,,,,,
2014/01/15,03,28,0,,,,,
2014/01/15,04,27,0,,,,,
2014/01/15,05,28,0,,,,,
2014/01/15,06,27,0,,,,,
2014/01/15,07,25,0,,,,,
2014/01/15,08,24,0,,,,,
2014/01/15,09,24,0,,,,,
2014/01/15,10,24,0,,,,,
2014/01/15,11,24,0,,,,,
2014/01/15,12,24,0,,,,,
2014/01/15,13,24,0,,,,,
2014/01/15,14,29,0,,,,,
2014/01/15,15,26,0,,,,,
2014/01/15,16,26,0,,,,,
2014/01/15,17,26,0,,,,,
2014/01/15,18,28,0,,,,,
2014/01/15,19,28,0,,,,,
2014/01/15,20,29,0,,,,,
2014/01/15,21,31,0,,,,,
2014/01/15,22,33,0,,,,,
2014/01/15,23,32,0,,,,,
2014/01/15,24,31,0,,,,,
2014/01/16,01,32,0,,,,,
2014/01/16,02,31,0,,,,,
2014/01/16,03,31,0,,,,,
2014/01/16,04,30,0,,,,,
2014/01/16,05,28,0,,,,,
2014/01/16,06,28,0,,,,,
2014/01/16,07,28,0,,,,,
2014/01/16,08,25,0,,,,,
2014/01/16,09,24,0,,,,,
2014/01/16,10,24,0,,,,,
2014/01/16,11,25,0,,,,,
2014/01/16,12,26,0,,,,,
2014/01/16,13,26,0,,,,,
2014/01/16,14,26,0,,,,,
2014/01/16,15,26,0,,,,,
2014/01/16,16,26,0,,,,,
2014/01/16,17,26,0,,,,,
2014/01/16,18,27,0,,,,,
2014/01/16,19,27,0,,,,,
2014/01/16,20,32,0,,,,,
2014/01/16,21,32,0,,,,,
2014/01/16,22,39,0,,,,,
2014/01/16,23,34,0,,,,,
2014/01/16,24,34,0,,,,,
2014/01/17,01,35,0,,,,,
2014/01/17,02,34,0,,,,,
2014/01/17,03,34,0,,,,,
2014/01/17,04,32,0,,,,,
2014/01/17,05,30,0,,,,,
2014/01/17,06,31,0,,,,,
2014/01/17,07,27,0,,,,,
2014/01/17,08,26,0,,,,,
2014/01/17,09,25,0,,,,,
2014/01/17,10,26,0,,,,,
2014/01/17,11,27,0,,,,,
2014/01/17,12,28,0,,,,,
2014/01/17,13,28,0,,,,,
2014/01/17,14,27,0,,,,,
2014/01/17,15,27,0,,,,,
2014/01/17,16,26,0,,,,,
2014/01/17,17,27,0,,,,,
2014/01/17,18,28,0,,,,,
2014/01/17,19,28,0,,,,,
2014/01/17,20,29,0,,,,,
2014/01/17,21,28,0,,,,,
2014/01/17,22,29,0,,,,,
2014/01/17,23,37,0,,,,,
2014/01/17,24,34,0,,,,,
2014/01/18,01,39,0,,,,,
2014/01/18,02,39,0,,,,,
2014/01/18,03,39,0,,,,,
2014/01/18,04,36,0,,,,,
2014/01/18,05,34,0,,,,,
2014/01/18,06,33,0,,,,,
2014/01/18,07,30,0,,,,,
2014/01/18,08,29,0,,,,,
2014/01/18,09,29,0,,,,,
2014/01/18,10,32,0,,,,,
2014/01/18,11,32,0,,,,,
2014/01/18,12,29,0,,,,,
2014/01/18,13,26,0,,,,,
2014/01/18,14,27,0,,,,,
2014/01/18,15,27,0,,,,,
2014/01/18,16,28,0,,,,,
2014/01/18,17,28,0,,,,,
2014/01/18,18,29,0,,,,,
2014/01/18,19,27,0,,,,,
2014/01/18,20,27,0,,,,,
2014/01/18,21,28,0,,,,,
2014/01/18,22,35,0,,,,,
2014/01/18,23,31,0,,,,,
2014/01/18,24,36,0,,,,,
2014/01/19,01,43,0,,,,,
2014/01/19,02,44,0,,,,,
2014/01/19,03,41,0,,,,,
2014/01/19,04,45,0,,,,,
2014/01/19,05,48,0,,,,,
2014/01/19,06,46,0,,,,,
2014/01/19,07,45,0,,,,,
2014/01/19,08,44,0,,,,,
2014/01/19,09,43,0,,,,,
2014/01/19,10,51,0,,,,,
2014/01/19,11,44,0,,,,,
2014/01/19,12,32,0,,,,,
2014/01/19,13,30,0,,,,,
2014/01/19,14,30,0,,,,,
2014/01/19,15,29,0,,,,,
2014/01/19,16,28,0,,,,,
2014/01/19,17,28,0,,,,,
2014/01/19,18,29,0,,,,,
2014/01/19,19,28,0,,,,,
2014/01/19,20,29,0,,,,,
2014/01/19,21,29,0,,,,,
2014/01/19,22,29,0,,,,,
2014/01/19,23,28,0,,,,,
2014/01/19,24,29,0,,,,,
2014/01/20,01,30,0,,,,,
2014/01/20,02,28,0,,,,,
2014/01/20,03,28,0,,,,,
2014/01/20,04,33,0,,,,,
2014/01/20,05,27,0,,,,,
2014/01/20,06,28,0,,,,,
2014/01/20,07,27,0,,,,,
2014/01/20,08,25,0,,,,,
2014/01/20,09,24,0,,,,,
2014/01/20,10,24,0,,,,,
2014/01/20,11,24,0,,,,,
2014/01/20,12,25,0,,,,,
2014/01/20,13,24,0,,,,,
2014/01/20,14,25,0,,,,,
2014/01/20,15,25,0,,,,,
2014/01/20,16,27,0,,,,,
2014/01/20,17,29,0,,,,,
2014/01/20,18,28,0,,,,,
2014/01/20,19,28,0,,,,,
2014/01/20,20,29,0,,,,,
2014/01/20,21,29,0,,,,,
2014/01/20,22,30,0,,,,,
2014/01/20,23,37,0,,,,,
2014/01/20,24,31,0,,,,,
2014/01/21,01,31,0,,,,,
2014/01/21,02,31,0,,,,,
2014/01/21,03,30,0,,,,,
2014/01/21,04,30,0,,,,,
2014/01/21,05,28,0,,,,,
2014/01/21,06,28,0,,,,,
2014/01/21,07,27,0,,,,,
2014/01/21,08,26,0,,,,,
2014/01/21,09,25,0,,,,,
2014/01/21,10,25,0,,,,,
2014/01/21,11,27,0,,,,,
2014/01/21,12,28,0,,,,,
2014/01/21,13,26,0,,,,,
2014/01/21,14,25,0,,,,,
2014/01/21,15,26,0,,,,,
2014/01/21,16,26,0,,,,,
2014/01/21,17,26,0,,,,,
2014/01/21,18,33,0,,,,,
2014/01/21,19,28,0,,,,,
2014/01/21,20,28,0,,,,,
2014/01/21,21,31,0,,,,,
2014/01/21,22,30,0,,,,,
2014/01/21,23,30,0,,,,,
2014/01/21,24,35,0,,,,,
2014/01/22,01,35,0,,,,,
2014/01/22,02,42,0,,,,,
2014/01/22,03,43,0,,,,,
2014/01/22,04,38,0,,,,,
2014/01/22,05,37,0,,,,,
2014/01/22,06,37,0,,,,,
2014/01/22,07,36,0,,,,,
2014/01/22,08,36,0,,,,,
2014/01/22,09,30,0,,,,,
2014/01/22,10,25,0,,,,,
2014/01/22,11,26,0,,,,,
2014/01/22,12,27,0,,,,,
2014/01/22,13,33,0,,,,,
2014/01/22,14,26,0,,,,,
2014/01/22,15,26,0,,,,,
2014/01/22,16,25,0,,,,,
2014/01/22,17,26,0,,,,,
2014/01/22,18,26,0,,,,,
2014/01/22,19,28,0,,,,,
2014/01/22,20,32,0,,,,,
2014/01/22,21,32,0,,,,,
2014/01/22,22,31,0,,,,,
2014/01/22,23,32,0,,,,,
2014/01/22,24,33,0,,,,,
2014/01/23,01,33,0,,,,,
2014/01/23,02,32,0,,,,,
2014/01/23,03,30,0,,,,,
2014/01/23,04,29,0,,,,,
2014/01/23,05,31,0,,,,,
2014/01/23,06,28,0,,,,,
2014/01/23,07,26,0,,,,,
2014/01/23,08,26,0,,,,,
2014/01/23,09,27,0,,,,,
2014/01/23,10,26,0,,,,,
2014/01/23,11,26,0,,,,,
2014/01/23,12,26,0,,,,,
2014/01/23,13,27,0,,,,,
2014/01/23,14,28,0,,,,,
2014/01/23,15,30,0,,,,,
2014/01/23,16,27,0,,,,,
2014/01/23,17,27,0,,,,,
2014/01/23,18,28,0,,,,,
2014/01/23,19,28,0,,,,,
2014/01/23,20,28,0,,,,,
2014/01/23,21,29,0,,,,,
2014/01/23,22,33,0,,,,,
2014/01/23,23,34,0,,,,,
2014/01/23,24,33,0,,,,,
2014/01/24,01,33,0,,,,,
2014/01/24,02,31,0,,,,,
2014/01/24,03,31,0,,,,,
2014/01/24,04,30,0,,,,,
2014/01/24,05,29,0,,,,,
2014/01/24,06,30,0,,,,,
2014/01/24,07,27,0,,,,,
2014/01/24,08,26,0,,,,,
2014/01/24,09,26,0,,,,,
2014/01/24,10,26,0,,,,,
2014/01/24,11,28,0,,,,,
2014/01/24,12,26,0,,,,,
2014/01/24,13,25,0,,,,,
2014/01/24,14,25,0,,,,,
2014/01/24,15,25,0,,,,,
2014/01/24,16,25,0,,,,,
2014/01/24,17,24,0,,,,,
2014/01/24,18,23,0,,,,,
2014/01/24,19,28,0,,,,,
2014/01/24,20,30,0,,,,,
2014/01/24,21,32,0,,,,,
2014/01/24,22,38,0,,,,,
2014/01/24,23,33,0,,,,,
2014/01/24,24,32,0,,,,,
2014/01/25,01,39,0,,,,,
2014/01/25,02,41,0,,,,,
2014/01/25,03,47,0,,,,,
2014/01/25,04,46,0,,,,,
2014/01/25,05,42,0,,,,,
2014/01/25,06,43,0,,,,,
2014/01/25,07,41,0,,,,,
2014/01/25,08,37,0,,,,,
2014/01/25,09,36,0,,,,,
2014/01/25,10,36,0,,,,,
2014/01/25,11,35,0,,,,,
2014/01/25,12,29,0,,,,,
2014/01/25,13,28,0,,,,,
2014/01/25,14,32,0,,,,,
2014/01/25,15,28,0,,,,,
2014/01/25,16,26,0,,,,,
2014/01/25,17,28,0,,,,,
2014/01/25,18,29,0,,,,,
2014/01/25,19,30,0,,,,,
2014/01/25,20,29,0,,,,,
2014/01/25,21,30,0,,,,,
2014/01/25,22,30,0,,,,,
2014/01/25,23,32,0,,,,,
2014/01/25,24,34,0,,,,,
2014/01/26,01,37,0,,,,,
2014/01/26,02,38,0,,,,,
2014/01/26,03,39,0,,,,,
2014/01/26,04,37,0,,,,,
2014/01/26,05,41,0,,,,,
2014/01/26,06,33,0,,,,,
2014/01/26,07,33,0,,,,,
2014/01/26,08,32,0,,,,,
2014/01/26,09,30,0,,,,,
2014/01/26,10,30,0,,,,,
2014/01/26,11,30,0,,,,,
2014/01/26,12,29,0,,,,,
2014/01/26,13,29,0,,,,,
2014/01/26,14,33,0,,,,,
2014/01/26,15,31,0,,,,,
2014/01/26,16,28,0,,,,,
2014/01/26,17,28,0,,,,,
2014/01/26,18,31,0,,,,,
2014/01/26,19,32,0,,,,,
2014/01/26,20,32,0,,,,,
2014/01/26,21,30,0,,,,,
2014/01/26,22,31,0,,,,,
2014/01/26,23,30,0,,,,,
2014/01/26,24,30,0,,,,,
2014/01/27,01,38,0,,,,,
2014/01/27,02,30,0,,,,,
2014/01/27,03,29,0,,,,,
2014/01/27,04,28,0,,,,,
2014/01/27,05,28,0,,,,,
2014/01/27,06,28,0,,,,,
2014/01/27,07,27,0,,,,,
2014/01/27,08,26,0,,,,,
2014/01/27,09,26,0,,,,,
2014/01/27,10,26,0,,,,,
2014/01/27,11,28,0,,,,,
2014/01/27,12,27,0,,,,,
2014/01/27,13,26,0,,,,,
2014/01/27,14,26,0,,,,,
2014/01/27,15,26,0,,,,,
2014/01/27,16,26,0,,,,,
2014/01/27,17,28,0,,,,,
2014/01/27,18,27,0,,,,,
2014/01/27,19,30,0,,,,,
2014/01/27,20,37,0,,,,,
2014/01/27,21,31,0,,,,,
2014/01/27,22,32,0,,,,,
2014/01/27,23,31,0,,,,,
2014/01/27,24,30,0,,,,,
2014/01/28,01,32,0,,,,,
2014/01/28,02,32,0,,,,,
2014/01/28,03,30,0,,,,,
2014/01/28,04,31,0,,,,,
2014/01/28,05,28,0,,,,,
2014/01/28,06,28,0,,,,,
2014/01/28,07,28,0,,,,,
2014/01/28,08,26,0,,,,,
2014/01/28,09,26,0,,,,,
2014/01/28,10,27,0,,,,,
2014/01/28,11,26,0,,,,,
2014/01/28,12,30,0,,,,,
2014/01/28,13,31,0,,,,,
2014/01/28,14,28,0,,,,,
2014/01/28,15,27,0,,,,,
2014/01/28,16,27,0,,,,,
2014/01/28,17,27,0,,,,,
2014/01/28,18,27,0,,,,,
2014/01/28,19,27,0,,,,,
2014/01/28,20,29,0,,,,,
2014/01/28,21,29,0,,,,,
2014/01/28,22,30,0,,,,,
2014/01/28,23,29,0,,,,,
2014/01/28,24,29,0,,,,,
2014/01/29,01,31,0,,,,,
2014/01/29,02,31,0,,,,,
2014/01/29,03,29,0,,,,,
2014/01/29,04,29,0,,,,,
2014/01/29,05,28,0,,,,,
2014/01/29,06,30,0,,,,,
2014/01/29,07,27,0,,,,,
2014/01/29,08,30,0,,,,,
2014/01/29,09,26,0,,,,,
2014/01/29,10,25,0,,,,,
2014/01/29,11,26,0,,,,,
2014/01/29,12,25,0,,,,,
2014/01/29,13,26,0,,,,,
2014/01/29,14,25,0,,,,,
2014/01/29,15,25,0,,,,,
2014/01/29,16,25,0,,,,,
2014/01/29,17,26,0,,,,,
2014/01/29,18,26,0,,,,,
2014/01/29,19,28,0,,,,,
2014/01/29,20,27,0,,,,,
2014/01/29,21,27,0,,,,,
2014/01/29,22,28,0,,,,,
2014/01/29,23,28,0,,,,,
2014/01/29,24,28,0,,,,,
2014/01/30,01,28,0,,,,,
2014/01/30,02,30,0,,,,,
2014/01/30,03,28,0,,,,,
2014/01/30,04,28,0,,,,,
2014/01/30,05,28,0,,,,,
2014/01/30,06,27,0,,,,,
2014/01/30,07,25,0,,,,,
2014/01/30,08,25,0,,,,,
2014/01/30,09,23,0,,,,,
2014/01/30,10,23,0,,,,,
2014/01/30,11,25,0,,,,,
2014/01/30,12,25,0,,,,,
2014/01/30,13,25,0,,,,,
2014/01/30,14,27,0,,,,,
2014/01/30,15,27,0,,,,,
2014/01/30,16,25,0,,,,,
2014/01/30,17,28,0,,,,,
2014/01/30,18,27,0,,,,,
2014/01/30,19,30,0,,,,,
2014/01/30,20,35,0,,,,,
2014/01/30,21,31,0,,,,,
2014/01/30,22,31,0,,,,,
2014/01/30,23,31,0,,,,,
2014/01/30,24,31,0,,,,,
2014/01/31,01,30,0,,,,,
2014/01/31,02,29,0,,,,,
2014/01/31,03,30,0,,,,,
2014/01/31,04,28,0,,,,,
2014/01/31,05,27,0,,,,,
2014/01/31,06,27,0,,,,,
2014/01/31,07,26,0,,,,,
2014/01/31,08,25,0,,,,,
2014/01/31,09,25,0,,,,,
2014/01/31,10,25,0,,,,,
2014/01/31,11,26,0,,,,,
2014/01/31,12,24,0,,,,,
2014/01/31,13,25,0,,,,,
2014/01/31,14,25,0,,,,,
2014/01/31,15,26,0,,,,,
2014/01/31,16,26,0,,,,,
2014/01/31,17,27,0,,,,,
2014/01/31,18,28,0,,,,,
2014/01/31,19,29,0,,,,,
2014/01/31,20,29,0,,,,,
2014/01/31,21,29,0,,,,,
2014/01/31,22,30,0,,,,,
2014/01/31,23,37,0,,,,,
2014/01/31,24,33,0,,,,,
2014/02/01,01,34,0,,,,,
2014/02/01,02,34,0,,,,,
2014/02/01,03,33,0,,,,,
2014/02/01,04,34,0,,,,,
2014/02/01,05,35,0,,,,,
2014/02/01,06,34,0,,,,,
2014/02/01,07,33,0,,,,,
2014/02/01,08,32,0,,,,,
2014/02/01,09,30,0,,,,,
2014/02/01,10,30,0,,,,,
2014/02/01,11,31,0,,,,,
2014/02/01,12,28,0,,,,,
2014/02/01,13,29,0,,,,,
2014/02/01,14,30,0,,,,,
2014/02/01,15,30,0,,,,,
2014/02/01,16,29,0,,,,,
2014/02/01,17,28,0,,,,,
2014/02/01,18,28,0,,,,,
2014/02/01,19,29,0,,,,,
2014/02/01,20,30,0,,,,,
2014/02/01,21,37,0,,,,,
2014/02/01,22,33,0,,,,,
2014/02/01,23,35,0,,,,,
2014/02/01,24,37,0,,,,,
2014/02/02,01,39,0,,,,,
2014/02/02,02,39,0,,,,,
2014/02/02,03,39,0,,,,,
2014/02/02,04,37,0,,,,,
2014/02/02,05,35,0,,,,,
2014/02/02,06,35,0,,,,,
2014/02/02,07,34,0,,,,,
2014/02/02,08,33,0,,,,,
2014/02/02,09,33,0,,,,,
2014/02/02,10,34,0,,,,,
2014/02/02,11,42,0,,,,,
2014/02/02,12,35,0,,,,,
2014/02/02,13,34,0,,,,,
2014/02/02,14,31,0,,,,,
2014/02/02,15,32,0,,,,,
2014/02/02,16,35,0,,,,,
2014/02/02,17,33,0,,,,,
2014/02/02,18,32,0,,,,,
2014/02/02,19,31,0,,,,,
2014/02/02,20,32,0,,,,,
2014/02/02,21,32,0,,,,,
2014/02/02,22,33,0,,,,,
2014/02/02,23,31,0,,,,,
2014/02/02,24,31,0,,,,,
2014/02/03,01,32,0,,,,,
2014/02/03,02,32,0,,,,,
2014/02/03,03,30,0,,,,,
2014/02/03,04,29,0,,,,,
2014/02/03,05,29,0,,,,,
2014/02/03,06,29,0,,,,,
2014/02/03,07,30,0,,,,,
2014/02/03,08,29,0,,,,,
2014/02/03,09,28,0,,,,,
2014/02/03,10,27,0,,,,,
2014/02/03,11,31,0,,,,,
2014/02/03,12,35,0,,,,,
2014/02/03,13,29,0,,,,,
2014/02/03,14,28,0,,,,,
2014/02/03,15,29,0,,,,,
2014/02/03,16,30,0,,,,,
2014/02/03,17,28,0,,,,,
2014/02/03,18,28,0,,,,,
2014/02/03,19,29,0,,,,,
2014/02/03,20,29,0,,,,,
2014/02/03,21,30,0,,,,,
2014/02/03,22,31,0,,,,,
2014/02/03,23,31,0,,,,,
2014/02/03,24,31,0,,,,,
2014/02/04,01,31,0,,,,,
2014/02/04,02,30,0,,,,,
2014/02/04,03,28,0,,,,,
2014/02/04,04,30,0,,,,,
2014/02/04,05,29,0,,,,,
2014/02/04,06,28,0,,,,,
2014/02/04,07,26,0,,,,,
2014/02/04,08,26,0,,,,,
2014/02/04,09,25,0,,,,,
2014/02/04,10,26,0,,,,,
2014/02/04,11,27,0,,,,,
2014/02/04,12,33,0,,,,,
2014/02/04,13,26,0,,,,,
2014/02/04,14,28,0,,,,,
2014/02/04,15,27,0,,,,,
2014/02/04,16,27,0,,,,,
2014/02/04,17,28,0,,,,,
2014/02/04,18,30,0,,,,,
2014/02/04,19,29,0,,,,,
2014/02/04,20,29,0,,,,,
2014/02/04,21,29,0,,,,,
2014/02/04,22,30,0,,,,,
2014/02/04,23,29,0,,,,,
2014/02/04,24,31,0,,,,,
2014/02/05,01,32,0,,,,,
2014/02/05,02,29,0,,,,,
2014/02/05,03,29,0,,,,,
2014/02/05,04,28,0,,,,,
2014/02/05,05,27,0,,,,,
2014/02/05,06,27,0,,,,,
2014/02/05,07,27,0,,,,,
2014/02/05,08,26,0,,,,,
2014/02/05,09,25,0,,,,,
2014/02/05,10,26,0,,,,,
2014/02/05,11,25,0,,,,,
2014/02/05,12,32,0,,,,,
2014/02/05,13,26,0,,,,,
2014/02/05,14,25,0,,,,,
2014/02/05,15,25,0,,,,,
2014/02/05,16,25,0,,,,,
2014/02/05,17,26,0,,,,,
2014/02/05,18,27,0,,,,,
2014/02/05,19,27,0,,,,,
2014/02/05,20,28,0,,,,,
2014/02/05,21,28,0,,,,,
2014/02/05,22,30,0,,,,,
2014/02/05,23,30,0,,,,,
2014/02/05,24,33,0,,,,,
2014/02/06,01,31,0,,,,,
2014/02/06,02,30,0,,,,,
2014/02/06,03,29,0,,,,,
2014/02/06,04,28,0,,,,,
2014/02/06,05,28,0,,,,,
2014/02/06,06,29,0,,,,,
2014/02/06,07,28,0,,,,,
2014/02/06,08,27,0,,,,,
2014/02/06,09,27,0,,,,,
2014/02/06,10,27,0,,,,,
2014/02/06,11,27,0,,,,,
2014/02/06,12,27,0,,,,,
2014/02/06,13,26,0,,,,,
2014/02/06,14,31,0,,,,,
2014/02/06,15,29,0,,,,,
2014/02/06,16,29,0,,,,,
2014/02/06,17,29,0,,,,,
2014/02/06,18,30,0,,,,,
2014/02/06,19,30,0,,,,,
2014/02/06,20,29,0,,,,,
2014/02/06,21,30,0,,,,,
2014/02/06,22,30,0,,,,,
2014/02/06,23,30,0,,,,,
2014/02/06,24,30,0,,,,,
2014/02/07,01,31,0,,,,,
2014/02/07,02,31,0,,,,,
2014/02/07,03,31,0,,,,,
2014/02/07,04,30,0,,,,,
2014/02/07,05,29,0,,,,,
2014/02/07,06,29,0,,,,,
2014/02/07,07,30,0,,,,,
2014/02/07,08,32,0,,,,,
2014/02/07,09,27,0,,,,,
2014/02/07,10,28,0,,,,,
2014/02/07,11,30,0,,,,,
2014/02/07,12,29,0,,,,,
2014/02/07,13,27,0,,,,,
2014/02/07,14,27,0,,,,,
2014/02/07,15,28,0,,,,,
2014/02/07,16,30,0,,,,,
2014/02/07,17,29,0,,,,,
2014/02/07,18,26,0,,,,,
2014/02/07,19,27,0,,,,,
2014/02/07,20,29,0,,,,,
2014/02/07,21,29,0,,,,,
2014/02/07,22,31,0,,,,,
2014/02/07,23,31,0,,,,,
2014/02/07,24,33,0,,,,,
2014/02/08,01,34,0,,,,,
2014/02/08,02,33,0,,,,,
2014/02/08,03,39,0,,,,,
2014/02/08,04,33,0,,,,,
2014/02/08,05,40,0,,,,,
2014/02/08,06,38,0,,,,,
2014/02/08,07,35,0,,,,,
2014/02/08,08,33,0,,,,,
2014/02/08,09,32,0,,,,,
2014/02/08,10,30,0,,,,,
2014/02/08,11,30,0,,,,,
2014/02/08,12,29,0,,,,,
2014/02/08,13,28,0,,,,,
2014/02/08,14,27,0,,,,,
2014/02/08,15,27,0,,,,,
2014/02/08,16,27,0,,,,,
2014/02/08,17,27,0,,,,,
2014/02/08,18,29,0,,,,,
2014/02/08,19,29,0,,,,,
2014/02/08,20,28,0,,,,,
2014/02/08,21,28,0,,,,,
2014/02/08,22,29,0,,,,,
2014/02/08,23,37,0,,,,,
2014/02/08,24,32,0,,,,,
2014/02/09,01,34,0,,,,,
2014/02/09,02,36,0,,,,,
2014/02/09,03,35,0,,,,,
2014/02/09,04,35,0,,,,,
2014/02/09,05,34,0,,,,,
2014/02/09,06,34,0,,,,,
2014/02/09,07,32,0,,,,,
2014/02/09,08,31,0,,,,,
2014/02/09,09,31,0,,,,,
2014/02/09,10,31,0,,,,,
2014/02/09,11,33,0,,,,,
2014/02/09,12,31,0,,,,,
2014/02/09,13,36,0,,,,,
2014/02/09,14,30,0,,,,,
2014/02/09,15,30,0,,,,,
2014/02/09,16,30,0,,,,,
2014/02/09,17,31,0,,,,,
2014/02/09,18,30,0,,,,,
2014/02/09,19,28,0,,,,,
2014/02/09,20,29,0,,,,,
2014/02/09,21,30,0,,,,,
2014/02/09,22,30,0,,,,,
2014/02/09,23,31,0,,,,,
2014/02/09,24,32,0,,,,,
2014/02/10,01,32,0,,,,,
2014/02/10,02,31,0,,,,,
2014/02/10,03,30,0,,,,,
2014/02/10,04,30,0,,,,,
2014/02/10,05,28,0,,,,,
2014/02/10,06,28,0,,,,,
2014/02/10,07,28,0,,,,,
2014/02/10,08,26,0,,,,,
2014/02/10,09,25,0,,,,,
2014/02/10,10,26,0,,,,,
2014/02/10,11,26,0,,,,,
2014/02/10,12,26,0,,,,,
2014/02/10,13,26,0,,,,,
2014/02/10,14,26,0,,,,,
2014/02/10,15,28,0,,,,,
2014/02/10,16,26,0,,,,,
2014/02/10,17,25,0,,,,,
2014/02/10,18,27,0,,,,,
2014/02/10,19,28,0,,,,,
2014/02/10,20,35,0,,,,,
2014/02/10,21,28,0,,,,,
2014/02/10,22,34,0,,,,,
2014/02/10,23,39,0,,,,,
2014/02/10,24,43,0,,,,,
2014/02/11,01,47,0,,,,,
2014/02/11,02,44,0,,,,,
2014/02/11,03,44,0,,,,,
2014/02/11,04,45,0,,,,,
2014/02/11,05,44,0,,,,,
2014/02/11,06,42,0,,,,,
2014/02/11,07,39,0,,,,,
2014/02/11,08,39,0,,,,,
2014/02/11,09,40,0,,,,,
2014/02/11,10,41,0,,,,,
2014/02/11,11,37,0,,,,,
2014/02/11,12,32,0,,,,,
2014/02/11,13,30,0,,,,,
2014/02/11,14,28,0,,,,,
2014/02/11,15,28,0,,,,,
2014/02/11,16,35,0,,,,,
2014/02/11,17,29,0,,,,,
2014/02/11,18,30,0,,,,,
2014/02/11,19,31,0,,,,,
2014/02/11,20,32,0,,,,,
2014/02/11,21,30,0,,,,,
2014/02/11,22,30,0,,,,,
2014/02/11,23,30,0,,,,,
2014/02/11,24,31,0,,,,,
2014/02/12,01,32,0,,,,,
2014/02/12,02,32,0,,,,,
2014/02/12,03,32,0,,,,,
2014/02/12,04,32,0,,,,,
2014/02/12,05,31,0,,,,,
2014/02/12,06,31,0,,,,,
2014/02/12,07,34,0,,,,,
2014/02/12,08,27,0,,,,,
2014/02/12,09,27,0,,,,,
2014/02/12,10,27,0,,,,,
2014/02/12,11,27,0,,,,,
2014/02/12,12,26,0,,,,,
2014/02/12,13,26,0,,,,,
2014/02/12,14,25,0,,,,,
2014/02/12,15,26,0,,,,,
2014/02/12,16,27,0,,,,,
2014/02/12,17,26,0,,,,,
2014/02/12,18,26,0,,,,,
2014/02/12,19,28,0,,,,,
2014/02/12,20,29,0,,,,,
2014/02/12,21,28,0,,,,,
2014/02/12,22,31,0,,,,,
2014/02/12,23,32,0,,,,,
2014/02/12,24,36,0,,,,,
2014/02/13,01,35,0,,,,,
2014/02/13,02,36,0,,,,,
2014/02/13,03,32,0,,,,,
2014/02/13,04,31,0,,,,,
2014/02/13,05,31,0,,,,,
2014/02/13,06,29,0,,,,,
2014/02/13,07,30,0,,,,,
2014/02/13,08,29,0,,,,,
2014/02/13,09,27,0,,,,,
2014/02/13,10,26,0,,,,,
2014/02/13,11,30,0,,,,,
2014/02/13,12,27,0,,,,,
2014/02/13,13,28,0,,,,,
2014/02/13,14,28,0,,,,,
2014/02/13,15,33,0,,,,,
2014/02/13,16,26,0,,,,,
2014/02/13,17,27,0,,,,,
2014/02/13,18,29,0,,,,,
2014/02/13,19,30,0,,,,,
2014/02/13,20,30,0,,,,,
2014/02/13,21,30,0,,,,,
2014/02/13,22,31,0,,,,,
2014/02/13,23,32,0,,,,,
2014/02/13,24,30,0,,,,,
2014/02/14,01,32,0,,,,,
2014/02/14,02,31,0,,,,,
2014/02/14,03,30,0,,,,,
2014/02/14,04,30,0,,,,,
2014/02/14,05,29,0,,,,,
2014/02/14,06,28,0,,,,,
2014/02/14,07,27,0,,,,,
2014/02/14,08,27,0,,,,,
2014/02/14,09,27,0,,,,,
2014/02/14,10,27,0,,,,,
2014/02/14,11,29,0,,,,,
2014/02/14,12,26,0,,,,,
2014/02/14,13,25,0,,,,,
2014/02/14,14,26,0,,,,,
2014/02/14,15,26,0,,,,,
2014/02/14,16,26,0,,,,,
2014/02/14,17,26,0,,,,,
2014/02/14,18,25,0,,,,,
2014/02/14,19,27,0,,,,,
2014/02/14,20,31,0,,,,,
2014/02/14,21,31,0,,,,,
2014/02/14,22,38,0,,,,,
2014/02/14,23,39,0,,,,,
2014/02/14,24,44,0,,,,,
2014/02/15,01,50,0,,,,,
2014/02/15,02,47,0,,,,,
2014/02/15,03,46,0,,,,,
2014/02/15,04,44,0,,,,,
2014/02/15,05,43,0,,,,,
2014/02/15,06,37,0,,,,,
2014/02/15,07,35,0,,,,,
2014/02/15,08,35,0,,,,,
2014/02/15,09,37,0,,,,,
2014/02/15,10,32,0,,,,,
2014/02/15,11,31,0,,,,,
2014/02/15,12,31,0,,,,,
2014/02/15,13,27,0,,,,,
2014/02/15,14,27,0,,,,,
2014/02/15,15,27,0,,,,,
2014/02/15,16,27,0,,,,,
2014/02/15,17,27,0,,,,,
2014/02/15,18,26,0,,,,,
2014/02/15,19,28,0,,,,,
2014/02/15,20,29,0,,,,,
2014/02/15,21,30,0,,,,,
2014/02/15,22,32,0,,,,,
2014/02/15,23,30,0,,,,,
2014/02/15,24,35,0,,,,,
2014/02/16,01,46,0,,,,,
2014/02/16,02,56,0,,,,,
2014/02/16,03,53,0,,,,,
2014/02/16,04,46,0,,,,,
2014/02/16,05,46,0,,,,,
2014/02/16,06,45,0,,,,,
2014/02/16,07,46,0,,,,,
2014/02/16,08,46,0,,,,,
2014/02/16,09,46,0,,,,,
2014/02/16,10,45,0,,,,,
2014/02/16,11,46,0,,,,,
2014/02/16,12,37,0,,,,,
2014/02/16,13,34,0,,,,,
2014/02/16,14,31,0,,,,,
2014/02/16,15,33,0,,,,,
2014/02/16,16,31,0,,,,,
2014/02/16,17,39,0,,,,,
2014/02/16,18,34,0,,,,,
2014/02/16,19,31,0,,,,,
2014/02/16,20,31,0,,,,,
2014/02/16,21,30,0,,,,,
2014/02/16,22,33,0,,,,,
2014/02/16,23,32,0,,,,,
2014/02/16,24,32,0,,,,,
2014/02/17,01,33,0,,,,,
2014/02/17,02,32,0,,,,,
2014/02/17,03,32,0,,,,,
2014/02/17,04,30,0,,,,,
2014/02/17,05,30,0,,,,,
2014/02/17,06,29,0,,,,,
2014/02/17,07,28,0,,,,,
2014/02/17,08,26,0,,,,,
2014/02/17,09,25,0,,,,,
2014/02/17,10,25,0,,,,,
2014/02/17,11,26,0,,,,,
2014/02/17,12,26,0,,,,,
2014/02/17,13,26,0,,,,,
2014/02/17,14,26,0,,,,,
2014/02/17,15,26,0,,,,,
2014/02/17,16,27,0,,,,,
2014/02/17,17,27,0,,,,,
2014/02/17,18,27,0,,,,,
2014/02/17,19,28,0,,,,,
2014/02/17,20,30,0,,,,,
2014/02/17,21,29,0,,,,,
2014/02/17,22,30,0,,,,,
2014/02/17,23,34,0,,,,,
2014/02/17,24,34,0,,,,,
2014/02/18,01,32,0,,,,,
2014/02/18,02,31,0,,,,,
2014/02/18,03,32,0,,,,,
2014/02/18,04,30,0,,,,,
2014/02/18,05,29,0,,,,,
2014/02/18,06,28,0,,,,,
2014/02/18,07,28,0,,,,,
2014/02/18,08,27,0,,,,,
2014/02/18,09,25,0,,,,,
2014/02/18,10,27,0,,,,,
2014/02/18,11,28,0,,,,,
2014/02/18,12,26,0,,,,,
2014/02/18,13,27,0,,,,,
2014/02/18,14,27,0,,,,,
2014/02/18,15,26,0,,,,,
2014/02/18,16,26,0,,,,,
2014/02/18,17,28,0,,,,,
2014/02/18,18,31,0,,,,,
2014/02/18,19,32,0,,,,,
2014/02/18,20,30,0,,,,,
2014/02/18,21,30,0,,,,,
2014/02/18,22,31,0,,,,,
2014/02/18,23,30,0,,,,,
2014/02/18,24,29,0,,,,,
2014/02/19,01,30,0,,,,,
2014/02/19,02,31,0,,,,,
2014/02/19,03,30,0,,,,,
2014/02/19,04,29,0,,,,,
2014/02/19,05,29,0,,,,,
2014/02/19,06,29,0,,,,,
2014/02/19,07,29,0,,,,,
2014/02/19,08,33,0,,,,,
2014/02/19,09,27,0,,,,,
2014/02/19,10,28,0,,,,,
2014/02/19,11,29,0,,,,,
2014/02/19,12,29,0,,,,,
2014/02/19,13,28,0,,,,,
2014/02/19,14,28,0,,,,,
2014/02/19,15,27,0,,,,,
2014/02/19,16,27,0,,,,,
2014/02/19,17,27,0,,,,,
2014/02/19,18,28,0,,,,,
2014/02/19,19,29,0,,,,,
2014/02/19,20,30,0,,,,,
2014/02/19,21,30,0,,,,,
2014/02/19,22,30,0,,,,,
2014/02/19,23,32,0,,,,,
2014/02/19,24,31,0,,,,,
2014/02/20,01,39,0,,,,,
2014/02/20,02,40,0,,,,,
2014/02/20,03,40,0,,,,,
2014/02/20,04,39,0,,,,,
2014/02/20,05,39,0,,,,,
2014/02/20,06,37,0,,,,,
2014/02/20,07,37,0,,,,,
2014/02/20,08,37,0,,,,,
2014/02/20,09,37,0,,,,,
2014/02/20,10,32,0,,,,,
2014/02/20,11,29,0,,,,,
2014/02/20,12,33,0,,,,,
2014/02/20,13,32,0,,,,,
2014/02/20,14,38,0,,,,,
2014/02/20,15,38,0,,,,,
2014/02/20,16,36,0,,,,,
2014/02/20,17,29,0,,,,,
2014/02/20,18,26,0,,,,,
2014/02/20,19,27,0,,,,,
2014/02/20,20,28,0,,,,,
2014/02/20,21,28,0,,,,,
2014/02/20,22,30,0,,,,,
2014/02/20,23,30,0,,,,,
2014/02/20,24,30,0,,,,,
2014/02/21,01,33,0,,,,,
2014/02/21,02,33,0,,,,,
2014/02/21,03,31,0,,,,,
2014/02/21,04,30,0,,,,,
2014/02/21,05,30,0,,,,,
2014/02/21,06,29,0,,,,,
2014/02/21,07,29,0,,,,,
2014/02/21,08,28,0,,,,,
2014/02/21,09,28,0,,,,,
2014/02/21,10,27,0,,,,,
2014/02/21,11,27,0,,,,,
2014/02/21,12,27,0,,,,,
2014/02/21,13,27,0,,,,,
2014/02/21,14,25,0,,,,,
2014/02/21,15,25,0,,,,,
2014/02/21,16,25,0,,,,,
2014/02/21,17,26,0,,,,,
2014/02/21,18,26,0,,,,,
2014/02/21,19,29,0,,,,,
2014/02/21,20,31,0,,,,,
2014/02/21,21,28,0,,,,,
2014/02/21,22,29,0,,,,,
2014/02/21,23,30,0,,,,,
2014/02/21,24,33,0,,,,,
2014/02/22,01,38,0,,,,,
2014/02/22,02,41,0,,,,,
2014/02/22,03,47,0,,,,,
2014/02/22,04,36,0,,,,,
2014/02/22,05,41,0,,,,,
2014/02/22,06,43,0,,,,,
2014/02/22,07,42,0,,,,,
2014/02/22,08,38,0,,,,,
2014/02/22,09,40,0,,,,,
2014/02/22,10,39,0,,,,,
2014/02/22,11,37,0,,,,,
2014/02/22,12,27,0,,,,,
2014/02/22,13,30,0,,,,,
2014/02/22,14,29,0,,,,,
2014/02/22,15,26,0,,,,,
2014/02/22,16,27,0,,,,,
2014/02/22,17,26,0,,,,,
2014/02/22,18,26,0,,,,,
2014/02/22,19,26,0,,,,,
2014/02/22,20,27,0,,,,,
2014/02/22,21,29,0,,,,,
2014/02/22,22,30,0,,,,,
2014/02/22,23,31,0,,,,,
2014/02/22,24,33,0,,,,,
2014/02/23,01,39,0,,,,,
2014/02/23,02,47,0,,,,,
2014/02/23,03,48,0,,,,,
2014/02/23,04,45,0,,,,,
2014/02/23,05,50,0,,,,,
2014/02/23,06,40,0,,,,,
2014/02/23,07,38,0,,,,,
2014/02/23,08,35,0,,,,,
2014/02/23,09,36,0,,,,,
2014/02/23,10,38,0,,,,,
2014/02/23,11,39,0,,,,,
2014/02/23,12,37,0,,,,,
2014/02/23,13,35,0,,,,,
2014/02/23,14,30,0,,,,,
2014/02/23,15,29,0,,,,,
2014/02/23,16,29,0,,,,,
2014/02/23,17,29,0,,,,,
2014/02/23,18,30,0,,,,,
2014/02/23,19,30,0,,,,,
2014/02/23,20,31,0,,,,,
2014/02/23,21,31,0,,,,,
2014/02/23,22,32,0,,,,,
2014/02/23,23,32,0,,,,,
2014/02/23,24,32,0,,,,,
2014/02/24,01,31,0,,,,,
2014/02/24,02,33,0,,,,,
2014/02/24,03,34,0,,,,,
2014/02/24,04,29,0,,,,,
2014/02/24,05,28,0,,,,,
2014/02/24,06,27,0,,,,,
2014/02/24,07,26,0,,,,,
2014/02/24,08,25,0,,,,,
2014/02/24,09,25,0,,,,,
2014/02/24,10,25,0,,,,,
2014/02/24,11,25,0,,,,,
2014/02/24,12,26,0,,,,,
2014/02/24,13,25,0,,,,,
2014/02/24,14,25,0,,,,,
2014/02/24,15,24,0,,,,,
2014/02/24,16,25,0,,,,,
2014/02/24,17,25,0,,,,,
2014/02/24,18,25,0,,,,,
2014/02/24,19,26,0,,,,,
2014/02/24,20,27,0,,,,,
2014/02/24,21,29,0,,,,,
2014/02/24,22,32,0,,,,,
2014/02/24,23,32,0,,,,,
2014/02/24,24,31,0,,,,,
2014/02/25,01,31,0,,,,,
2014/02/25,02,32,0,,,,,
2014/02/25,03,32,0,,,,,
2014/02/25,04,35,0,,,,,
2014/02/25,05,28,0,,,,,
2014/02/25,06,29,0,,,,,
2014/02/25,07,29,0,,,,,
2014/02/25,08,29,0,,,,,
2014/02/25,09,28,0,,,,,
2014/02/25,10,27,0,,,,,
2014/02/25,11,28,0,,,,,
2014/02/25,12,27,0,,,,,
2014/02/25,13,26,0,,,,,
2014/02/25,14,26,0,,,,,
2014/02/25,15,26,0,,,,,
2014/02/25,16,27,0,,,,,
2014/02/25,17,27,0,,,,,
2014/02/25,18,28,0,,,,,
2014/02/25,19,27,0,,,,,
2014/02/25,20,27,0,,,,,
2014/02/25,21,28,0,,,,,
2014/02/25,22,29,0,,,,,
2014/02/25,23,28,0,,,,,
2014/02/25,24,28,0,,,,,
2014/02/26,01,30,0,,,,,
2014/02/26,02,30,0,,,,,
2014/02/26,03,30,0,,,,,
2014/02/26,04,30,0,,,,,
2014/02/26,05,28,0,,,,,
2014/02/26,06,28,0,,,,,
2014/02/26,07,28,0,,,,,
2014/02/26,08,26,0,,,,,
2014/02/26,09,25,0,,,,,
2014/02/26,10,24,0,,,,,
2014/02/26,11,26,0,,,,,
2014/02/26,12,27,0,,,,,
2014/02/26,13,26,0,,,,,
2014/02/26,14,26,0,,,,,
2014/02/26,15,29,0,,,,,
2014/02/26,16,31,0,,,,,
2014/02/26,17,25,0,,,,,
2014/02/26,18,27,0,,,,,
2014/02/26,19,28,0,,,,,
2014/02/26,20,29,0,,,,,
2014/02/26,21,31,0,,,,,
2014/02/26,22,31,0,,,,,
2014/02/26,23,33,0,,,,,
2014/02/26,24,33,0,,,,,
2014/02/27,01,32,0,,,,,
2014/02/27,02,31,0,,,,,
2014/02/27,03,31,0,,,,,
2014/02/27,04,28,0,,,,,
2014/02/27,05,28,0,,,,,
2014/02/27,06,27,0,,,,,
2014/02/27,07,27,0,,,,,
2014/02/27,08,27,0,,,,,
2014/02/27,09,26,0,,,,,
2014/02/27,10,28,0,,,,,
2014/02/27,11,29,0,,,,,
2014/02/27,12,28,0,,,,,
2014/02/27,13,27,0,,,,,
2014/02/27,14,27,0,,,,,
2014/02/27,15,31,0,,,,,
2014/02/27,16,29,0,,,,,
2014/02/27,17,29,0,,,,,
2014/02/27,18,28,0,,,,,
2014/02/27,19,29,0,,,,,
2014/02/27,20,29,0,,,,,
2014/02/27,21,29,0,,,,,
2014/02/27,22,30,0,,,,,
2014/02/27,23,31,0,,,,,
2014/02/27,24,32,0,,,,,
2014/02/28,01,32,0,,,,,
2014/02/28,02,34,0,,,,,
2014/02/28,03,32,0,,,,,
2014/02/28,04,31,0,,,,,
2014/02/28,05,29,0,,,,,
2014/02/28,06,27,0,,,,,
2014/02/28,07,26,0,,,,,
2014/02/28,08,25,0,,,,,
2014/02/28,09,25,0,,,,,
2014/02/28,10,26,0,,,,,
2014/02/28,11,26,0,,,,,
2014/02/28,12,25,0,,,,,
2014/02/28,13,25,0,,,,,
2014/02/28,14,25,0,,,,,
2014/02/28,15,24,0,,,,,
2014/02/28,16,26,0,,,,,
2014/02/28,17,25,0,,,,,
2014/02/28,18,25,0,,,,,
2014/02/28,19,26,0,,,,,
2014/02/28,20,28,0,,,,,
2014/02/28,21,29,0,,,,,
2014/02/28,22,31,0,,,,,
2014/02/28,23,39,0,,,,,
2014/02/28,24,33,0,,,,,
2014/03/01,01,31,0,,,,,
2014/03/01,02,32,0,,,,,
2014/03/01,03,31,0,,,,,
2014/03/01,04,31,0,,,,,
2014/03/01,05,30,0,,,,,
2014/03/01,06,31,0,,,,,
2014/03/01,07,30,0,,,,,
2014/03/01,08,28,0,,,,,
2014/03/01,09,28,0,,,,,
2014/03/01,10,28,0,,,,,
2014/03/01,11,28,0,,,,,
2014/03/01,12,29,0,,,,,
2014/03/01,13,29,0,,,,,
2014/03/01,14,28,0,,,,,
2014/03/01,15,27,0,,,,,
2014/03/01,16,28,0,,,,,
2014/03/01,17,41,0,,,,,
2014/03/01,18,38,0,,,,,
2014/03/01,19,29,0,,,,,
2014/03/01,20,30,0,,,,,
2014/03/01,21,32,0,,,,,
2014/03/01,22,37,0,,,,,
2014/03/01,23,35,0,,,,,
2014/03/01,24,34,0,,,,,
2014/03/02,01,34,0,,,,,
2014/03/02,02,35,0,,,,,
2014/03/02,03,35,0,,,,,
2014/03/02,04,37,0,,,,,
2014/03/02,05,36,0,,,,,
2014/03/02,06,34,0,,,,,
2014/03/02,07,33,0,,,,,
2014/03/02,08,32,0,,,,,
2014/03/02,09,34,0,,,,,
2014/03/02,10,34,0,,,,,
2014/03/02,11,38,0,,,,,
2014/03/02,12,33,0,,,,,
2014/03/02,13,31,0,,,,,
2014/03/02,14,30,0,,,,,
2014/03/02,15,31,0,,,,,
2014/03/02,16,31,0,,,,,
2014/03/02,17,31,0,,,,,
2014/03/02,18,34,0,,,,,
2014/03/02,19,33,0,,,,,
2014/03/02,20,32,0,,,,,
2014/03/02,21,34,0,,,,,
2014/03/02,22,35,0,,,,,
2014/03/02,23,35,0,,,,,
2014/03/02,24,35,0,,,,,
2014/03/03,01,35,0,,,,,
2014/03/03,02,34,0,,,,,
2014/03/03,03,33,0,,,,,
2014/03/03,04,31,0,,,,,
2014/03/03,05,35,0,,,,,
2014/03/03,06,29,0,,,,,
2014/03/03,07,29,0,,,,,
2014/03/03,08,27,0,,,,,
2014/03/03,09,26,0,,,,,
2014/03/03,10,27,0,,,,,
2014/03/03,11,29,0,,,,,
2014/03/03,12,29,0,,,,,
2014/03/03,13,28,0,,,,,
2014/03/03,14,26,0,,,,,
2014/03/03,15,27,0,,,,,
2014/03/03,16,27,0,,,,,
2014/03/03,17,27,0,,,,,
2014/03/03,18,29,0,,,,,
2014/03/03,19,28,0,,,,,
2014/03/03,20,28,0,,,,,
2014/03/03,21,29,0,,,,,
2014/03/03,22,30,0,,,,,
2014/03/03,23,30,0,,,,,
2014/03/03,24,30,0,,,,,
2014/03/04,01,30,0,,,,,
2014/03/04,02,30,0,,,,,
2014/03/04,03,29,0,,,,,
2014/03/04,04,30,0,,,,,
2014/03/04,05,29,0,,,,,
2014/03/04,06,28,0,,,,,
2014/03/04,07,27,0,,,,,
2014/03/04,08,28,0,,,,,
2014/03/04,09,26,0,,,,,
2014/03/04,10,30,0,,,,,
2014/03/04,11,28,0,,,,,
2014/03/04,12,25,0,,,,,
2014/03/04,13,26,0,,,,,
2014/03/04,14,27,0,,,,,
2014/03/04,15,28,0,,,,,
2014/03/04,16,29,0,,,,,
2014/03/04,17,29,0,,,,,
2014/03/04,18,29,0,,,,,
2014/03/04,19,29,0,,,,,
2014/03/04,20,29,0,,,,,
2014/03/04,21,30,0,,,,,
2014/03/04,22,29,0,,,,,
2014/03/04,23,29,0,,,,,
2014/03/04,24,30,0,,,,,
2014/03/05,01,29,0,,,,,
2014/03/05,02,31,0,,,,,
2014/03/05,03,30,0,,,,,
2014/03/05,04,29,0,,,,,
2014/03/05,05,29,0,,,,,
2014/03/05,06,28,0,,,,,
2014/03/05,07,28,0,,,,,
2014/03/05,08,26,0,,,,,
2014/03/05,09,27,0,,,,,
2014/03/05,10,28,0,,,,,
2014/03/05,11,28,0,,,,,
2014/03/05,12,28,0,,,,,
2014/03/05,13,27,0,,,,,
2014/03/05,14,25,0,,,,,
2014/03/05,15,25,0,,,,,
2014/03/05,16,25,0,,,,,
2014/03/05,17,25,0,,,,,
2014/03/05,18,26,0,,,,,
2014/03/05,19,27,0,,,,,
2014/03/05,20,34,0,,,,,
2014/03/05,21,30,0,,,,,
2014/03/05,22,30,0,,,,,
2014/03/05,23,32,0,,,,,
2014/03/05,24,32,0,,,,,
2014/03/06,01,31,0,,,,,
2014/03/06,02,32,0,,,,,
2014/03/06,03,30,0,,,,,
2014/03/06,04,29,0,,,,,
2014/03/06,05,28,0,,,,,
2014/03/06,06,28,0,,,,,
2014/03/06,07,27,0,,,,,
2014/03/06,08,26,0,,,,,
2014/03/06,09,27,0,,,,,
2014/03/06,10,26,0,,,,,
2014/03/06,11,25,0,,,,,
2014/03/06,12,24,0,,,,,
2014/03/06,13,24,0,,,,,
2014/03/06,14,26,0,,,,,
2014/03/06,15,27,0,,,,,
2014/03/06,16,30,0,,,,,
2014/03/06,17,28,0,,,,,
2014/03/06,18,31,0,,,,,
2014/03/06,19,34,0,,,,,
2014/03/06,20,30,0,,,,,
2014/03/06,21,32,0,,,,,
2014/03/06,22,32,0,,,,,
2014/03/06,23,32,0,,,,,
2014/03/06,24,30,0,,,,,
2014/03/07,01,30,0,,,,,
2014/03/07,02,30,0,,,,,
2014/03/07,03,29,0,,,,,
2014/03/07,04,29,0,,,,,
2014/03/07,05,28,0,,,,,
2014/03/07,06,27,0,,,,,
2014/03/07,07,26,0,,,,,
2014/03/07,08,25,0,,,,,
2014/03/07,09,25,0,,,,,
2014/03/07,10,26,0,,,,,
2014/03/07,11,27,0,,,,,
2014/03/07,12,26,0,,,,,
2014/03/07,13,26,0,,,,,
2014/03/07,14,26,0,,,,,
2014/03/07,15,28,0,,,,,
2014/03/07,16,30,0,,,,,
2014/03/07,17,25,0,,,,,
2014/03/07,18,26,0,,,,,
2014/03/07,19,28,0,,,,,
2014/03/07,20,28,0,,,,,
2014/03/07,21,29,0,,,,,
2014/03/07,22,30,0,,,,,
2014/03/07,23,31,0,,,,,
2014/03/07,24,36,0,,,,,
2014/03/08,01,46,0,,,,,
2014/03/08,02,47,0,,,,,
2014/03/08,03,45,0,,,,,
2014/03/08,04,44,0,,,,,
2014/03/08,05,37,0,,,,,
2014/03/08,06,35,0,,,,,
2014/03/08,07,33,0,,,,,
2014/03/08,08,31,0,,,,,
2014/03/08,09,31,0,,,,,
2014/03/08,10,31,0,,,,,
2014/03/08,11,29,0,,,,,
2014/03/08,12,31,0,,,,,
2014/03/08,13,33,0,,,,,
2014/03/08,14,29,0,,,,,
2014/03/08,15,30,0,,,,,
2014/03/08,16,31,0,,,,,
2014/03/08,17,31,0,,,,,
2014/03/08,18,29,0,,,,,
2014/03/08,19,30,0,,,,,
2014/03/08,20,32,0,,,,,
2014/03/08,21,33,0,,,,,
2014/03/08,22,33,0,,,,,
2014/03/08,23,37,0,,,,,
2014/03/08,24,35,0,,,,,
2014/03/09,01,36,0,,,,,
2014/03/09,02,37,0,,,,,
2014/03/09,03,34,0,,,,,
2014/03/09,04,39,0,,,,,
2014/03/09,05,32,0,,,,,
2014/03/09,06,31,0,,,,,
2014/03/09,07,31,0,,,,,
2014/03/09,08,29,0,,,,,
2014/03/09,09,29,0,,,,,
2014/03/09,10,35,0,,,,,
2014/03/09,11,34,0,,,,,
2014/03/09,12,31,0,,,,,
2014/03/09,13,31,0,,,,,
2014/03/09,14,29,0,,,,,
2014/03/09,15,29,0,,,,,
2014/03/09,16,30,0,,,,,
2014/03/09,17,29,0,,,,,
2014/03/09,18,31,0,,,,,
2014/03/09,19,32,0,,,,,
2014/03/09,20,33,0,,,,,
2014/03/09,21,34,0,,,,,
2014/03/09,22,38,0,,,,,
2014/03/09,23,33,0,,,,,
2014/03/09,24,31,0,,,,,
2014/03/10,01,32,0,,,,,
2014/03/10,02,33,0,,,,,
2014/03/10,03,29,0,,,,,
2014/03/10,04,30,0,,,,,
2014/03/10,05,28,0,,,,,
2014/03/10,06,29,0,,,,,
2014/03/10,07,28,0,,,,,
2014/03/10,08,26,0,,,,,
2014/03/10,09,25,0,,,,,
2014/03/10,10,26,0,,,,,
2014/03/10,11,27,0,,,,,
2014/03/10,12,26,0,,,,,
2014/03/10,13,27,0,,,,,
2014/03/10,14,26,0,,,,,
2014/03/10,15,26,0,,,,,
2014/03/10,16,26,0,,,,,
2014/03/10,17,27,0,,,,,
2014/03/10,18,26,0,,,,,
2014/03/10,19,26,0,,,,,
2014/03/10,20,28,0,,,,,
2014/03/10,21,27,0,,,,,
2014/03/10,22,27,0,,,,,
2014/03/10,23,28,0,,,,,
2014/03/10,24,30,0,,,,,
2014/03/11,01,32,0,,,,,
2014/03/11,02,32,0,,,,,
2014/03/11,03,34,0,,,,,
2014/03/11,04,33,0,,,,,
2014/03/11,05,31,0,,,,,
2014/03/11,06,40,0,,,,,
2014/03/11,07,38,0,,,,,
2014/03/11,08,37,0,,,,,
2014/03/11,09,34,0,,,,,
2014/03/11,10,31,0,,,,,
2014/03/11,11,27,0,,,,,
2014/03/11,12,27,0,,,,,
2014/03/11,13,26,0,,,,,
2014/03/11,14,26,0,,,,,
2014/03/11,15,28,0,,,,,
2014/03/11,16,28,0,,,,,
2014/03/11,17,27,0,,,,,
2014/03/11,18,28,0,,,,,
2014/03/11,19,28,0,,,,,
2014/03/11,20,28,0,,,,,
2014/03/11,21,29,0,,,,,
2014/03/11,22,30,0,,,,,
2014/03/11,23,32,0,,,,,
2014/03/11,24,32,0,,,,,
2014/03/12,01,31,0,,,,,
2014/03/12,02,30,0,,,,,
2014/03/12,03,30,0,,,,,
2014/03/12,04,29,0,,,,,
2014/03/12,05,28,0,,,,,
2014/03/12,06,28,0,,,,,
2014/03/12,07,28,0,,,,,
2014/03/12,08,26,0,,,,,
2014/03/12,09,27,0,,,,,
2014/03/12,10,34,0,,,,,
2014/03/12,11,28,0,,,,,
2014/03/12,12,27,0,,,,,
2014/03/12,13,26,0,,,,,
2014/03/12,14,28,0,,,,,
2014/03/12,15,27,0,,,,,
2014/03/12,16,25,0,,,,,
2014/03/12,17,26,0,,,,,
2014/03/12,18,26,0,,,,,
2014/03/12,19,27,0,,,,,
2014/03/12,20,29,0,,,,,
2014/03/12,21,30,0,,,,,
2014/03/12,22,30,0,,,,,
2014/03/12,23,31,0,,,,,
2014/03/12,24,29,0,,,,,
2014/03/13,01,30,0,,,,,
2014/03/13,02,31,0,,,,,
2014/03/13,03,31,0,,,,,
2014/03/13,04,29,0,,,,,
2014/03/13,05,29,0,,,,,
2014/03/13,06,29,0,,,,,
2014/03/13,07,28,0,,,,,
2014/03/13,08,26,0,,,,,
2014/03/13,09,26,0,,,,,
2014/03/13,10,25,0,,,,,
2014/03/13,11,26,0,,,,,
2014/03/13,12,26,0,,,,,
2014/03/13,13,25,0,,,,,
2014/03/13,14,26,0,,,,,
2014/03/13,15,26,0,,,,,
2014/03/13,16,27,0,,,,,
2014/03/13,17,29,0,,,,,
2014/03/13,18,28,0,,,,,
2014/03/13,19,29,0,,,,,
2014/03/13,20,29,0,,,,,
2014/03/13,21,30,0,,,,,
2014/03/13,22,36,0,,,,,
2014/03/13,23,31,0,,,,,
2014/03/13,24,31,0,,,,,
2014/03/14,01,33,0,,,,,
2014/03/14,02,40,0,,,,,
2014/03/14,03,38,0,,,,,
2014/03/14,04,33,0,,,,,
2014/03/14,05,30,0,,,,,
2014/03/14,06,28,0,,,,,
2014/03/14,07,27,0,,,,,
2014/03/14,08,26,0,,,,,
2014/03/14,09,27,0,,,,,
2014/03/14,10,33,0,,,,,
2014/03/14,11,32,0,,,,,
2014/03/14,12,32,0,,,,,
2014/03/14,13,31,0,,,,,
2014/03/14,14,29,0,,,,,
2014/03/14,15,28,0,,,,,
2014/03/14,16,27,0,,,,,
2014/03/14,17,29,0,,,,,
2014/03/14,18,28,0,,,,,
2014/03/14,19,27,0,,,,,
2014/03/14,20,29,0,,,,,
2014/03/14,21,31,0,,,,,
2014/03/14,22,37,0,,,,,
2014/03/14,23,35,0,,,,,
2014/03/14,24,37,0,,,,,
2014/03/15,01,46,0,,,,,
2014/03/15,02,51,0,,,,,
2014/03/15,03,49,0,,,,,
2014/03/15,04,46,0,,,,,
2014/03/15,05,44,0,,,,,
2014/03/15,06,37,0,,,,,
2014/03/15,07,36,0,,,,,
2014/03/15,08,38,0,,,,,
2014/03/15,09,38,0,,,,,
2014/03/15,10,35,0,,,,,
2014/03/15,11,37,0,,,,,
2014/03/15,12,31,0,,,,,
2014/03/15,13,29,0,,,,,
2014/03/15,14,28,0,,,,,
2014/03/15,15,29,0,,,,,
2014/03/15,16,30,0,,,,,
2014/03/15,17,30,0,,,,,
2014/03/15,18,28,0,,,,,
2014/03/15,19,30,0,,,,,
2014/03/15,20,30,0,,,,,
2014/03/15,21,33,0,,,,,
2014/03/15,22,34,0,,,,,
2014/03/15,23,34,0,,,,,
2014/03/15,24,36,0,,,,,
2014/03/16,01,42,0,,,,,
2014/03/16,02,51,0,,,,,
2014/03/16,03,55,0,,,,,
2014/03/16,04,48,0,,,,,
2014/03/16,05,43,0,,,,,
2014/03/16,06,41,0,,,,,
2014/03/16,07,37,0,,,,,
2014/03/16,08,38,0,,,,,
2014/03/16,09,41,0,,,,,
2014/03/16,10,34,0,,,,,
2014/03/16,11,36,0,,,,,
2014/03/16,12,34,0,,,,,
2014/03/16,13,30,0,,,,,
2014/03/16,14,30,0,,,,,
2014/03/16,15,30,0,,,,,
2014/03/16,16,35,0,,,,,
2014/03/16,17,29,0,,,,,
2014/03/16,18,29,0,,,,,
2014/03/16,19,28,0,,,,,
2014/03/16,20,29,0,,,,,
2014/03/16,21,32,0,,,,,
2014/03/16,22,32,0,,,,,
2014/03/16,23,32,0,,,,,
2014/03/16,24,32,0,,,,,
2014/03/17,01,33,0,,,,,
2014/03/17,02,33,0,,,,,
2014/03/17,03,33,0,,,,,
2014/03/17,04,32,0,,,,,
2014/03/17,05,31,0,,,,,
2014/03/17,06,29,0,,,,,
2014/03/17,07,29,0,,,,,
2014/03/17,08,27,0,,,,,
2014/03/17,09,26,0,,,,,
2014/03/17,10,28,0,,,,,
2014/03/17,11,28,0,,,,,
2014/03/17,12,28,0,,,,,
2014/03/17,13,28,0,,,,,
2014/03/17,14,26,0,,,,,
2014/03/17,15,28,0,,,,,
2014/03/17,16,28,0,,,,,
2014/03/17,17,28,0,,,,,
2014/03/17,18,28,0,,,,,
2014/03/17,19,29,0,,,,,
2014/03/17,20,37,0,,,,,
2014/03/17,21,32,0,,,,,
2014/03/17,22,30,0,,,,,
2014/03/17,23,31,0,,,,,
2014/03/17,24,30,0,,,,,
2014/03/18,01,33,0,,,,,
2014/03/18,02,33,0,,,,,
2014/03/18,03,32,0,,,,,
2014/03/18,04,31,0,,,,,
2014/03/18,05,30,0,,,,,
2014/03/18,06,30,0,,,,,
2014/03/18,07,30,0,,,,,
2014/03/18,08,29,0,,,,,
2014/03/18,09,30,0,,,,,
2014/03/18,10,30,0,,,,,
2014/03/18,11,30,0,,,,,
2014/03/18,12,28,0,,,,,
2014/03/18,13,30,0,,,,,
2014/03/18,14,28,0,,,,,
2014/03/18,15,30,0,,,,,
2014/03/18,16,30,0,,,,,
2014/03/18,17,28,0,,,,,
2014/03/18,18,29,0,,,,,
2014/03/18,19,32,0,,,,,
2014/03/18,20,31,0,,,,,
2014/03/18,21,32,0,,,,,
2014/03/18,22,31,0,,,,,
2014/03/18,23,32,0,,,,,
2014/03/18,24,33,0,,,,,
2014/03/19,01,36,0,,,,,
2014/03/19,02,37,0,,,,,
2014/03/19,03,32,0,,,,,
2014/03/19,04,30,0,,,,,
2014/03/19,05,31,0,,,,,
2014/03/19,06,30,0,,,,,
2014/03/19,07,29,0,,,,,
2014/03/19,08,28,0,,,,,
2014/03/19,09,28,0,,,,,
2014/03/19,10,29,0,,,,,
2014/03/19,11,30,0,,,,,
2014/03/19,12,30,0,,,,,
2014/03/19,13,28,0,,,,,
2014/03/19,14,28,0,,,,,
2014/03/19,15,29,0,,,,,
2014/03/19,16,30,0,,,,,
2014/03/19,17,28,0,,,,,
2014/03/19,18,28,0,,,,,
2014/03/19,19,27,0,,,,,
2014/03/19,20,30,0,,,,,
2014/03/19,21,32,0,,,,,
2014/03/19,22,34,0,,,,,
2014/03/19,23,34,0,,,,,
2014/03/19,24,34,0,,,,,
2014/03/20,01,36,0,,,,,
2014/03/20,02,35,0,,,,,
2014/03/20,03,34,0,,,,,
2014/03/20,04,35,0,,,,,
2014/03/20,05,36,0,,,,,
2014/03/20,06,31,0,,,,,
2014/03/20,07,30,0,,,,,
2014/03/20,08,27,0,,,,,
2014/03/20,09,28,0,,,,,
2014/03/20,10,26,0,,,,,
2014/03/20,11,28,0,,,,,
2014/03/20,12,29,0,,,,,
2014/03/20,13,28,0,,,,,
2014/03/20,14,27,0,,,,,
2014/03/20,15,26,0,,,,,
2014/03/20,16,25,0,,,,,
2014/03/20,17,26,0,,,,,
2014/03/20,18,28,0,,,,,
2014/03/20,19,28,0,,,,,
2014/03/20,20,28,0,,,,,
2014/03/20,21,35,0,,,,,
2014/03/20,22,36,0,,,,,
2014/03/20,23,35,0,,,,,
2014/03/20,24,39,0,,,,,
2014/03/21,01,37,0,,,,,
2014/03/21,02,35,0,,,,,
2014/03/21,03,35,0,,,,,
2014/03/21,04,33,0,,,,,
2014/03/21,05,38,0,,,,,
2014/03/21,06,30,0,,,,,
2014/03/21,07,30,0,,,,,
2014/03/21,08,29,0,,,,,
2014/03/21,09,28,0,,,,,
2014/03/21,10,29,0,,,,,
2014/03/21,11,30,0,,,,,
2014/03/21,12,28,0,,,,,
2014/03/21,13,28,0,,,,,
2014/03/21,14,28,0,,,,,
2014/03/21,15,27,0,,,,,
2014/03/21,16,26,0,,,,,
2014/03/21,17,28,0,,,,,
2014/03/21,18,27,0,,,,,
2014/03/21,19,28,0,,,,,
2014/03/21,20,31,0,,,,,
2014/03/21,21,30,0,,,,,
2014/03/21,22,32,0,,,,,
2014/03/21,23,34,0,,,,,
2014/03/21,24,34,0,,,,,
2014/03/22,01,35,0,,,,,
2014/03/22,02,42,0,,,,,
2014/03/22,03,38,0,,,,,
2014/03/22,04,35,0,,,,,
2014/03/22,05,38,0,,,,,
2014/03/22,06,44,0,,,,,
2014/03/22,07,43,0,,,,,
2014/03/22,08,41,0,,,,,
2014/03/22,09,30,0,,,,,
2014/03/22,10,26,0,,,,,
2014/03/22,11,27,0,,,,,
2014/03/22,12,27,0,,,,,
2014/03/22,13,27,0,,,,,
2014/03/22,14,27,0,,,,,
2014/03/22,15,27,0,,,,,
2014/03/22,16,26,0,,,,,
2014/03/22,17,26,0,,,,,
2014/03/22,18,26,0,,,,,
2014/03/22,19,27,0,,,,,
2014/03/22,20,28,0,,,,,
2014/03/22,21,29,0,,,,,
2014/03/22,22,30,0,,,,,
2014/03/22,23,31,0,,,,,
2014/03/22,24,34,0,,,,,
2014/03/23,01,35,0,,,,,
2014/03/23,02,39,0,,,,,
2014/03/23,03,41,0,,,,,
2014/03/23,04,34,0,,,,,
2014/03/23,05,32,0,,,,,
2014/03/23,06,32,0,,,,,
2014/03/23,07,31,0,,,,,
2014/03/23,08,30,0,,,,,
2014/03/23,09,29,0,,,,,
2014/03/23,10,30,0,,,,,
2014/03/23,11,32,0,,,,,
2014/03/23,12,29,0,,,,,
2014/03/23,13,29,0,,,,,
2014/03/23,14,30,0,,,,,
2014/03/23,15,29,0,,,,,
2014/03/23,16,28,0,,,,,
2014/03/23,17,27,0,,,,,
2014/03/23,18,34,0,,,,,
2014/03/23,19,28,0,,,,,
2014/03/23,20,29,0,,,,,
2014/03/23,21,30,0,,,,,
2014/03/23,22,29,0,,,,,
2014/03/23,23,31,0,,,,,
2014/03/23,24,29,0,,,,,
2014/03/24,01,29,0,,,,,
2014/03/24,02,29,0,,,,,
2014/03/24,03,29,0,,,,,
2014/03/24,04,29,0,,,,,
2014/03/24,05,29,0,,,,,
2014/03/24,06,27,0,,,,,
2014/03/24,07,27,0,,,,,
2014/03/24,08,25,0,,,,,
2014/03/24,09,27,0,,,,,
2014/03/24,10,27,0,,,,,
2014/03/24,11,26,0,,,,,
2014/03/24,12,26,0,,,,,
2014/03/24,13,26,0,,,,,
2014/03/24,14,26,0,,,,,
2014/03/24,15,25,0,,,,,
2014/03/24,16,25,0,,,,,
2014/03/24,17,27,0,,,,,
2014/03/24,18,27,0,,,,,
2014/03/24,19,28,0,,,,,
2014/03/24,20,29,0,,,,,
2014/03/24,21,31,0,,,,,
2014/03/24,22,31,0,,,,,
2014/03/24,23,30,0,,,,,
2014/03/24,24,29,0,,,,,
2014/03/25,01,28,0,,,,,
2014/03/25,02,27,0,,,,,
2014/03/25,03,30,0,,,,,
2014/03/25,04,30,0,,,,,
2014/03/25,05,27,0,,,,,
2014/03/25,06,25,0,,,,,
2014/03/25,07,24,0,,,,,
2014/03/25,08,23,0,,,,,
2014/03/25,09,24,0,,,,,
2014/03/25,10,24,0,,,,,
2014/03/25,11,24,0,,,,,
2014/03/25,12,24,0,,,,,
2014/03/25,13,24,0,,,,,
2014/03/25,14,25,0,,,,,
2014/03/25,15,27,0,,,,,
2014/03/25,16,26,0,,,,,
2014/03/25,17,27,0,,,,,
2014/03/25,18,26,0,,,,,
2014/03/25,19,26,0,,,,,
2014/03/25,20,28,0,,,,,
2014/03/25,21,28,0,,,,,
2014/03/25,22,29,0,,,,,
2014/03/25,23,28,0,,,,,
2014/03/25,24,28,0,,,,,
2014/03/26,01,28,0,,,,,
2014/03/26,02,31,0,,,,,
2014/03/26,03,31,0,,,,,
2014/03/26,04,30,0,,,,,
2014/03/26,05,29,0,,,,,
2014/03/26,06,28,0,,,,,
2014/03/26,07,28,0,,,,,
2014/03/26,08,25,0,,,,,
2014/03/26,09,25,0,,,,,
2014/03/26,10,26,0,,,,,
2014/03/26,11,27,0,,,,,
2014/03/26,12,27,0,,,,,
2014/03/26,13,26,0,,,,,
2014/03/26,14,27,0,,,,,
2014/03/26,15,28,0,,,,,
2014/03/26,16,37,0,,,,,
2014/03/26,17,28,0,,,,,
2014/03/26,18,26,0,,,,,
2014/03/26,19,30,0,,,,,
2014/03/26,20,32,0,,,,,
2014/03/26,21,32,0,,,,,
2014/03/26,22,36,0,,,,,
2014/03/26,23,35,0,,,,,
2014/03/26,24,36,0,,,,,
2014/03/27,01,33,0,,,,,
2014/03/27,02,34,0,,,,,
2014/03/27,03,33,0,,,,,
2014/03/27,04,33,0,,,,,
2014/03/27,05,31,0,,,,,
2014/03/27,06,29,0,,,,,
2014/03/27,07,28,0,,,,,
2014/03/27,08,26,0,,,,,
2014/03/27,09,27,0,,,,,
2014/03/27,10,27,0,,,,,
2014/03/27,11,27,0,,,,,
2014/03/27,12,28,0,,,,,
2014/03/27,13,27,0,,,,,
2014/03/27,14,28,0,,,,,
2014/03/27,15,27,0,,,,,
2014/03/27,16,26,0,,,,,
2014/03/27,17,27,0,,,,,
2014/03/27,18,26,0,,,,,
2014/03/27,19,27,0,,,,,
2014/03/27,20,30,0,,,,,
2014/03/27,21,34,0,,,,,
2014/03/27,22,31,0,,,,,
2014/03/27,23,32,0,,,,,
2014/03/27,24,32,0,,,,,
2014/03/28,01,33,0,,,,,
2014/03/28,02,32,0,,,,,
2014/03/28,03,33,0,,,,,
2014/03/28,04,31,0,,,,,
2014/03/28,05,30,0,,,,,
2014/03/28,06,30,0,,,,,
2014/03/28,07,27,0,,,,,
2014/03/28,08,26,0,,,,,
2014/03/28,09,26,0,,,,,
2014/03/28,10,27,0,,,,,
2014/03/28,11,28,0,,,,,
2014/03/28,12,28,0,,,,,
2014/03/28,13,28,0,,,,,
2014/03/28,14,28,0,,,,,
2014/03/28,15,27,0,,,,,
2014/03/28,16,27,0,,,,,
2014/03/28,17,27,0,,,,,
2014/03/28,18,25,0,,,,,
2014/03/28,19,28,0,,,,,
2014/03/28,20,31,0,,,,,
2014/03/28,21,33,0,,,,,
2014/03/28,22,33,0,,,,,
2014/03/28,23,35,0,,,,,
2014/03/28,24,43,0,,,,,
2014/03/29,01,37,0,,,,,
2014/03/29,02,37,0,,,,,
2014/03/29,03,36,0,,,,,
2014/03/29,04,35,0,,,,,
2014/03/29,05,34,0,,,,,
2014/03/29,06,33,0,,,,,
2014/03/29,07,30,0,,,,,
2014/03/29,08,29,0,,,,,
2014/03/29,09,29,0,,,,,
2014/03/29,10,28,0,,,,,
2014/03/29,11,32,0,,,,,
2014/03/29,12,30,0,,,,,
2014/03/29,13,29,0,,,,,
2014/03/29,14,29,0,,,,,
2014/03/29,15,28,0,,,,,
2014/03/29,16,27,0,,,,,
2014/03/29,17,28,0,,,,,
2014/03/29,18,28,0,,,,,
2014/03/29,19,29,0,,,,,
2014/03/29,20,29,0,,,,,
2014/03/29,21,33,0,,,,,
2014/03/29,22,38,0,,,,,
2014/03/29,23,36,0,,,,,
2014/03/29,24,37,0,,,,,
2014/03/30,01,44,0,,,,,
2014/03/30,02,41,0,,,,,
2014/03/30,03,39,0,,,,,
2014/03/30,04,38,0,,,,,
2014/03/30,05,36,0,,,,,
2014/03/30,06,35,0,,,,,
2014/03/30,07,34,0,,,,,
2014/03/30,08,31,0,,,,,
2014/03/30,09,31,0,,,,,
2014/03/30,10,32,0,,,,,
2014/03/30,11,34,0,,,,,
2014/03/30,12,33,0,,,,,
2014/03/30,13,33,0,,,,,
2014/03/30,14,31,0,,,,,
2014/03/30,15,32,0,,,,,
2014/03/30,16,37,0,,,,,
2014/03/30,17,31,0,,,,,
2014/03/30,18,30,0,,,,,
2014/03/30,19,31,0,,,,,
2014/03/30,20,30,0,,,,,
2014/03/30,21,33,0,,,,,
2014/03/30,22,33,0,,,,,
2014/03/30,23,33,0,,,,,
2014/03/30,24,32,0,,,,,
2014/03/31,01,33,0,,,,,
2014/03/31,02,31,0,,,,,
2014/03/31,03,31,0,,,,,
2014/03/31,04,30,0,,,,,
2014/03/31,05,28,0,,,,,
2014/03/31,06,28,0,,,,,
2014/03/31,07,27,0,,,,,
2014/03/31,08,26,0,,,,,
2014/03/31,09,25,0,,,,,
2014/03/31,10,27,0,,,,,
2014/03/31,11,27,0,,,,,
2014/03/31,12,26,0,,,,,
2014/03/31,13,26,0,,,,,
2014/03/31,14,26,0,,,,,
2014/03/31,15,26,0,,,,,
2014/03/31,16,26,0,,,,,
2014/03/31,17,27,0,,,,,
2014/03/31,18,30,0,,,,,
2014/03/31,19,31,0,,,,,
2014/03/31,20,31,0,,,,,
2014/03/31,21,37,0,,,,,
2014/03/31,22,32,0,,,,,
2014/03/31,23,32,0,,,,,
2014/03/31,24,32,0,,,,,
2014/04/01,01,32,0,,,,,
2014/04/01,02,30,0,,,,,
2014/04/01,03,30,0,,,,,
2014/04/01,04,29,0,,,,,
2014/04/01,05,28,0,,,,,
2014/04/01,06,27,0,,,,,
2014/04/01,07,27,0,,,,,
2014/04/01,08,26,0,,,,,
2014/04/01,09,25,0,,,,,
2014/04/01,10,26,0,,,,,
2014/04/01,11,27,0,,,,,
2014/04/01,12,26,0,,,,,
2014/04/01,13,27,0,,,,,
2014/04/01,14,26,0,,,,,
2014/04/01,15,25,0,,,,,
2014/04/01,16,27,0,,,,,
2014/04/01,17,27,0,,,,,
2014/04/01,18,26,0,,,,,
2014/04/01,19,27,0,,,,,
2014/04/01,20,27,0,,,,,
2014/04/01,21,28,0,,,,,
2014/04/01,22,30,0,,,,,
2014/04/01,23,32,0,,,,,
2014/04/01,24,33,0,,,,,
2014/04/02,01,33,0,,,,,
2014/04/02,02,31,0,,,,,
2014/04/02,03,31,0,,,,,
2014/04/02,04,29,0,,,,,
2014/04/02,05,28,0,,,,,
2014/04/02,06,27,0,,,,,
2014/04/02,07,26,0,,,,,
2014/04/02,08,25,0,,,,,
2014/04/02,09,25,0,,,,,
2014/04/02,10,27,0,,,,,
2014/04/02,11,30,0,,,,,
2014/04/02,12,25,0,,,,,
2014/04/02,13,25,0,,,,,
2014/04/02,14,26,0,,,,,
2014/04/02,15,26,0,,,,,
2014/04/02,16,26,0,,,,,
2014/04/02,17,25,0,,,,,
2014/04/02,18,24,0,,,,,
2014/04/02,19,25,0,,,,,
2014/04/02,20,28,0,,,,,
2014/04/02,21,28,0,,,,,
2014/04/02,22,30,0,,,,,
2014/04/02,23,31,0,,,,,
2014/04/02,24,31,0,,,,,
2014/04/03,01,31,0,,,,,
2014/04/03,02,31,0,,,,,
2014/04/03,03,30,0,,,,,
2014/04/03,04,28,0,,,,,
2014/04/03,05,28,0,,,,,
2014/04/03,06,27,0,,,,,
2014/04/03,07,27,0,,,,,
2014/04/03,08,25,0,,,,,
2014/04/03,09,25,0,,,,,
2014/04/03,10,25,0,,,,,
2014/04/03,11,26,0,,,,,
2014/04/03,12,27,0,,,,,
2014/04/03,13,27,0,,,,,
2014/04/03,14,26,0,,,,,
2014/04/03,15,26,0,,,,,
2014/04/03,16,27,0,,,,,
2014/04/03,17,27,0,,,,,
2014/04/03,18,27,0,,,,,
2014/04/03,19,27,0,,,,,
2014/04/03,20,28,0,,,,,
2014/04/03,21,29,0,,,,,
2014/04/03,22,28,0,,,,,
2014/04/03,23,30,0,,,,,
2014/04/03,24,35,0,,,,,
2014/04/04,01,31,0,,,,,
2014/04/04,02,30,0,,,,,
2014/04/04,03,29,0,,,,,
2014/04/04,04,28,0,,,,,
2014/04/04,05,28,0,,,,,
2014/04/04,06,26,0,,,,,
2014/04/04,07,26,0,,,,,
2014/04/04,08,24,0,,,,,
2014/04/04,09,24,0,,,,,
2014/04/04,10,24,0,,,,,
2014/04/04,11,24,0,,,,,
2014/04/04,12,24,0,,,,,
2014/04/04,13,24,0,,,,,
2014/04/04,14,24,0,,,,,
2014/04/04,15,25,0,,,,,
2014/04/04,16,25,0,,,,,
2014/04/04,17,24,0,,,,,
2014/04/04,18,25,0,,,,,
2014/04/04,19,27,0,,,,,
2014/04/04,20,26,0,,,,,
2014/04/04,21,28,0,,,,,
2014/04/04,22,29,0,,,,,
2014/04/04,23,29,0,,,,,
2014/04/04,24,30,0,,,,,
2014/04/05,01,29,0,,,,,
2014/04/05,02,38,0,,,,,
2014/04/05,03,30,0,,,,,
2014/04/05,04,31,0,,,,,
2014/04/05,05,32,0,,,,,
2014/04/05,06,30,0,,,,,
2014/04/05,07,27,0,,,,,
2014/04/05,08,26,0,,,,,
2014/04/05,09,26,0,,,,,
2014/04/05,10,26,0,,,,,
2014/04/05,11,28,0,,,,,
2014/04/05,12,26,0,,,,,
2014/04/05,13,27,0,,,,,
2014/04/05,14,26,0,,,,,
2014/04/05,15,27,0,,,,,
2014/04/05,16,28,0,,,,,
2014/04/05,17,26,0,,,,,
2014/04/05,18,27,0,,,,,
2014/04/05,19,27,0,,,,,
2014/04/05,20,27,0,,,,,
2014/04/05,21,33,0,,,,,
2014/04/05,22,29,0,,,,,
2014/04/05,23,30,0,,,,,
2014/04/05,24,31,0,,,,,
2014/04/06,01,31,0,,,,,
2014/04/06,02,34,0,,,,,
2014/04/06,03,35,0,,,,,
2014/04/06,04,35,0,,,,,
2014/04/06,05,32,0,,,,,
2014/04/06,06,31,0,,,,,
2014/04/06,07,28,0,,,,,
2014/04/06,08,27,0,,,,,
2014/04/06,09,28,0,,,,,
2014/04/06,10,29,0,,,,,
2014/04/06,11,32,0,,,,,
2014/04/06,12,35,0,,,,,
2014/04/06,13,28,0,,,,,
2014/04/06,14,30,0,,,,,
2014/04/06,15,28,0,,,,,
2014/04/06,16,27,0,,,,,
2014/04/06,17,27,0,,,,,
2014/04/06,18,26,0,,,,,
2014/04/06,19,26,0,,,,,
2014/04/06,20,28,0,,,,,
2014/04/06,21,29,0,,,,,
2014/04/06,22,29,0,,,,,
2014/04/06,23,28,0,,,,,
2014/04/06,24,28,0,,,,,
2014/04/07,01,29,0,,,,,
2014/04/07,02,29,0,,,,,
2014/04/07,03,27,0,,,,,
2014/04/07,04,27,0,,,,,
2014/04/07,05,27,0,,,,,
2014/04/07,06,26,0,,,,,
2014/04/07,07,24,0,,,,,
2014/04/07,08,23,0,,,,,
2014/04/07,09,24,0,,,,,
2014/04/07,10,24,0,,,,,
2014/04/07,11,25,0,,,,,
2014/04/07,12,26,0,,,,,
2014/04/07,13,25,0,,,,,
2014/04/07,14,24,0,,,,,
2014/04/07,15,24,0,,,,,
2014/04/07,16,24,0,,,,,
2014/04/07,17,24,0,,,,,
2014/04/07,18,25,0,,,,,
2014/04/07,19,26,0,,,,,
2014/04/07,20,28,0,,,,,
2014/04/07,21,29,0,,,,,
2014/04/07,22,29,0,,,,,
2014/04/07,23,30,0,,,,,
2014/04/07,24,30,0,,,,,
2014/04/08,01,27,0,,,,,
2014/04/08,02,28,0,,,,,
2014/04/08,03,27,0,,,,,
2014/04/08,04,27,0,,,,,
2014/04/08,05,26,0,,,,,
2014/04/08,06,26,0,,,,,
2014/04/08,07,25,0,,,,,
2014/04/08,08,23,0,,,,,
2014/04/08,09,24,0,,,,,
2014/04/08,10,24,0,,,,,
2014/04/08,11,24,0,,,,,
2014/04/08,12,24,0,,,,,
2014/04/08,13,24,0,,,,,
2014/04/08,14,24,0,,,,,
2014/04/08,15,24,0,,,,,
2014/04/08,16,24,0,,,,,
2014/04/08,17,25,0,,,,,
2014/04/08,18,24,0,,,,,
2014/04/08,19,25,0,,,,,
2014/04/08,20,26,0,,,,,
2014/04/08,21,28,0,,,,,
2014/04/08,22,26,0,,,,,
2014/04/08,23,28,0,,,,,
2014/04/08,24,28,0,,,,,
2014/04/09,01,27,0,,,,,
2014/04/09,02,27,0,,,,,
2014/04/09,03,26,0,,,,,
2014/04/09,04,26,0,,,,,
2014/04/09,05,26,0,,,,,
2014/04/09,06,26,0,,,,,
2014/04/09,07,27,0,,,,,
2014/04/09,08,25,0,,,,,
2014/04/09,09,24,0,,,,,
2014/04/09,10,24,0,,,,,
2014/04/09,11,26,0,,,,,
2014/04/09,12,25,0,,,,,
2014/04/09,13,32,0,,,,,
2014/04/09,14,27,0,,,,,
2014/04/09,15,26,0,,,,,
2014/04/09,16,26,0,,,,,
2014/04/09,17,26,0,,,,,
2014/04/09,18,27,0,,,,,
2014/04/09,19,28,0,,,,,
2014/04/09,20,29,0,,,,,
2014/04/09,21,29,0,,,,,
2014/04/09,22,29,0,,,,,
2014/04/09,23,29,0,,,,,
2014/04/09,24,30,0,,,,,
2014/04/10,01,29,0,,,,,
2014/04/10,02,28,0,,,,,
2014/04/10,03,28,0,,,,,
2014/04/10,04,27,0,,,,,
2014/04/10,05,26,0,,,,,
2014/04/10,06,25,0,,,,,
2014/04/10,07,24,0,,,,,
2014/04/10,08,24,0,,,,,
2014/04/10,09,24,0,,,,,
2014/04/10,10,23,0,,,,,
2014/04/10,11,25,0,,,,,
2014/04/10,12,25,0,,,,,
2014/04/10,13,25,0,,,,,
2014/04/10,14,24,0,,,,,
2014/04/10,15,25,0,,,,,
2014/04/10,16,25,0,,,,,
2014/04/10,17,25,0,,,,,
2014/04/10,18,24,0,,,,,
2014/04/10,19,25,0,,,,,
2014/04/10,20,26,0,,,,,
2014/04/10,21,27,0,,,,,
2014/04/10,22,34,0,,,,,
2014/04/10,23,29,0,,,,,
2014/04/10,24,30,0,,,,,
2014/04/11,01,29,0,,,,,
2014/04/11,02,27,0,,,,,
2014/04/11,03,28,0,,,,,
2014/04/11,04,27,0,,,,,
2014/04/11,05,27,0,,,,,
2014/04/11,06,27,0,,,,,
2014/04/11,07,25,0,,,,,
2014/04/11,08,25,0,,,,,
2014/04/11,09,24,0,,,,,
2014/04/11,10,24,0,,,,,
2014/04/11,11,25,0,,,,,
2014/04/11,12,24,0,,,,,
2014/04/11,13,23,0,,,,,
2014/04/11,14,23,0,,,,,
2014/04/11,15,24,0,,,,,
2014/04/11,16,24,0,,,,,
2014/04/11,17,25,0,,,,,
2014/04/11,18,24,0,,,,,
2014/04/11,19,26,0,,,,,
2014/04/11,20,28,0,,,,,
2014/04/11,21,31,0,,,,,
2014/04/11,22,29,0,,,,,
2014/04/11,23,32,0,,,,,
2014/04/11,24,34,0,,,,,
2014/04/12,01,35,0,,,,,
2014/04/12,02,36,0,,,,,
2014/04/12,03,35,0,,,,,
2014/04/12,04,38,0,,,,,
2014/04/12,05,32,0,,,,,
2014/04/12,06,32,0,,,,,
2014/04/12,07,31,0,,,,,
2014/04/12,08,29,0,,,,,
2014/04/12,09,28,0,,,,,
2014/04/12,10,29,0,,,,,
2014/04/12,11,29,0,,,,,
2014/04/12,12,29,0,,,,,
2014/04/12,13,29,0,,,,,
2014/04/12,14,29,0,,,,,
2014/04/12,15,28,0,,,,,
2014/04/12,16,28,0,,,,,
2014/04/12,17,27,0,,,,,
2014/04/12,18,26,0,,,,,
2014/04/12,19,26,0,,,,,
2014/04/12,20,28,0,,,,,
2014/04/12,21,30,0,,,,,
2014/04/12,22,32,0,,,,,
2014/04/12,23,33,0,,,,,
2014/04/12,24,33,0,,,,,
2014/04/13,01,37,0,,,,,
2014/04/13,02,41,0,,,,,
2014/04/13,03,40,0,,,,,
2014/04/13,04,37,0,,,,,
2014/04/13,05,37,0,,,,,
2014/04/13,06,36,0,,,,,
2014/04/13,07,33,0,,,,,
2014/04/13,08,31,0,,,,,
2014/04/13,09,32,0,,,,,
2014/04/13,10,33,0,,,,,
2014/04/13,11,35,0,,,,,
2014/04/13,12,35,0,,,,,
2014/04/13,13,31,0,,,,,
2014/04/13,14,30,0,,,,,
2014/04/13,15,35,0,,,,,
2014/04/13,16,34,0,,,,,
2014/04/13,17,31,0,,,,,
2014/04/13,18,30,0,,,,,
2014/04/13,19,30,0,,,,,
2014/04/13,20,31,0,,,,,
2014/04/13,21,33,0,,,,,
2014/04/13,22,33,0,,,,,
2014/04/13,23,32,0,,,,,
2014/04/13,24,31,0,,,,,
2014/04/14,01,32,0,,,,,
2014/04/14,02,32,0,,,,,
2014/04/14,03,30,0,,,,,
2014/04/14,04,30,0,,,,,
2014/04/14,05,28,0,,,,,
2014/04/14,06,28,0,,,,,
2014/04/14,07,27,0,,,,,
2014/04/14,08,26,0,,,,,
2014/04/14,09,26,0,,,,,
2014/04/14,10,27,0,,,,,
2014/04/14,11,28,0,,,,,
2014/04/14,12,29,0,,,,,
2014/04/14,13,28,0,,,,,
2014/04/14,14,28,0,,,,,
2014/04/14,15,27,0,,,,,
2014/04/14,16,26,0,,,,,
2014/04/14,17,28,0,,,,,
2014/04/14,18,26,0,,,,,
2014/04/14,19,32,0,,,,,
2014/04/14,20,32,0,,,,,
2014/04/14,21,28,0,,,,,
2014/04/14,22,29,0,,,,,
2014/04/14,23,30,0,,,,,
2014/04/14,24,30,0,,,,,
2014/04/15,01,30,0,,,,,
2014/04/15,02,29,0,,,,,
2014/04/15,03,29,0,,,,,
2014/04/15,04,29,0,,,,,
2014/04/15,05,29,0,,,,,
2014/04/15,06,30,0,,,,,
2014/04/15,07,26,0,,,,,
2014/04/15,08,25,0,,,,,
2014/04/15,09,25,0,,,,,
2014/04/15,10,26,0,,,,,
2014/04/15,11,26,0,,,,,
2014/04/15,12,28,0,,,,,
2014/04/15,13,29,0,,,,,
2014/04/15,14,28,0,,,,,
2014/04/15,15,29,0,,,,,
2014/04/15,16,28,0,,,,,
2014/04/15,17,27,0,,,,,
2014/04/15,18,26,0,,,,,
2014/04/15,19,27,0,,,,,
2014/04/15,20,29,0,,,,,
2014/04/15,21,29,0,,,,,
2014/04/15,22,29,0,,,,,
2014/04/15,23,31,0,,,,,
2014/04/15,24,34,0,,,,,
2014/04/16,01,34,0,,,,,
2014/04/16,02,31,0,,,,,
2014/04/16,03,29,0,,,,,
2014/04/16,04,28,0,,,,,
2014/04/16,05,29,0,,,,,
2014/04/16,06,29,0,,,,,
2014/04/16,07,26,0,,,,,
2014/04/16,08,26,0,,,,,
2014/04/16,09,26,0,,,,,
2014/04/16,10,26,0,,,,,
2014/04/16,11,26,0,,,,,
2014/04/16,12,27,0,,,,,
2014/04/16,13,26,0,,,,,
2014/04/16,14,26,0,,,,,
2014/04/16,15,27,0,,,,,
2014/04/16,16,26,0,,,,,
2014/04/16,17,27,0,,,,,
2014/04/16,18,26,0,,,,,
2014/04/16,19,26,0,,,,,
2014/04/16,20,27,0,,,,,
2014/04/16,21,28,0,,,,,
2014/04/16,22,28,0,,,,,
2014/04/16,23,29,0,,,,,
2014/04/16,24,30,0,,,,,
2014/04/17,01,31,0,,,,,
2014/04/17,02,30,0,,,,,
2014/04/17,03,30,0,,,,,
2014/04/17,04,29,0,,,,,
2014/04/17,05,28,0,,,,,
2014/04/17,06,28,0,,,,,
2014/04/17,07,27,0,,,,,
2014/04/17,08,26,0,,,,,
2014/04/17,09,26,0,,,,,
2014/04/17,10,26,0,,,,,
2014/04/17,11,26,0,,,,,
2014/04/17,12,26,0,,,,,
2014/04/17,13,30,0,,,,,
2014/04/17,14,24,0,,,,,
2014/04/17,15,25,0,,,,,
2014/04/17,16,25,0,,,,,
2014/04/17,17,25,0,,,,,
2014/04/17,18,24,0,,,,,
2014/04/17,19,25,0,,,,,
2014/04/17,20,28,0,,,,,
2014/04/17,21,31,0,,,,,
2014/04/17,22,30,0,,,,,
2014/04/17,23,31,0,,,,,
2014/04/17,24,31,0,,,,,
2014/04/18,01,32,0,,,,,
2014/04/18,02,32,0,,,,,
2014/04/18,03,30,0,,,,,
2014/04/18,04,30,0,,,,,
2014/04/18,05,29,0,,,,,
2014/04/18,06,28,0,,,,,
2014/04/18,07,25,0,,,,,
2014/04/18,08,25,0,,,,,
2014/04/18,09,25,0,,,,,
2014/04/18,10,25,0,,,,,
2014/04/18,11,25,0,,,,,
2014/04/18,12,27,0,,,,,
2014/04/18,13,26,0,,,,,
2014/04/18,14,27,0,,,,,
2014/04/18,15,27,0,,,,,
2014/04/18,16,27,0,,,,,
2014/04/18,17,27,0,,,,,
2014/04/18,18,26,0,,,,,
2014/04/18,19,28,0,,,,,
2014/04/18,20,29,0,,,,,
2014/04/18,21,30,0,,,,,
2014/04/18,22,30,0,,,,,
2014/04/18,23,34,0,,,,,
2014/04/18,24,38,0,,,,,
2014/04/19,01,34,0,,,,,
2014/04/19,02,37,0,,,,,
2014/04/19,03,39,0,,,,,
2014/04/19,04,38,0,,,,,
2014/04/19,05,38,0,,,,,
2014/04/19,06,35,0,,,,,
2014/04/19,07,33,0,,,,,
2014/04/19,08,32,0,,,,,
2014/04/19,09,31,0,,,,,
2014/04/19,10,32,0,,,,,
2014/04/19,11,32,0,,,,,
2014/04/19,12,33,0,,,,,
2014/04/19,13,33,0,,,,,
2014/04/19,14,32,0,,,,,
2014/04/19,15,32,0,,,,,
2014/04/19,16,31,0,,,,,
2014/04/19,17,30,0,,,,,
2014/04/19,18,28,0,,,,,
2014/04/19,19,28,0,,,,,
2014/04/19,20,35,0,,,,,
2014/04/19,21,38,0,,,,,
2014/04/19,22,35,0,,,,,
2014/04/19,23,33,0,,,,,
2014/04/19,24,36,0,,,,,
2014/04/20,01,37,0,,,,,
2014/04/20,02,42,0,,,,,
2014/04/20,03,42,0,,,,,
2014/04/20,04,43,0,,,,,
2014/04/20,05,41,0,,,,,
2014/04/20,06,39,0,,,,,
2014/04/20,07,38,0,,,,,
2014/04/20,08,36,0,,,,,
2014/04/20,09,33,0,,,,,
2014/04/20,10,34,0,,,,,
2014/04/20,11,35,0,,,,,
2014/04/20,12,35,0,,,,,
2014/04/20,13,32,0,,,,,
2014/04/20,14,31,0,,,,,
2014/04/20,15,32,0,,,,,
2014/04/20,16,30,0,,,,,
2014/04/20,17,28,0,,,,,
2014/04/20,18,31,0,,,,,
2014/04/20,19,36,0,,,,,
2014/04/20,20,35,0,,,,,
2014/04/20,21,36,0,,,,,
2014/04/20,22,35,0,,,,,
2014/04/20,23,34,0,,,,,
2014/04/20,24,37,0,,,,,
2014/04/21,01,37,0,,,,,
2014/04/21,02,36,0,,,,,
2014/04/21,03,34,0,,,,,
2014/04/21,04,32,0,,,,,
2014/04/21,05,31,0,,,,,
2014/04/21,06,31,0,,,,,
2014/04/21,07,32,0,,,,,
2014/04/21,08,28,0,,,,,
2014/04/21,09,27,0,,,,,
2014/04/21,10,28,0,,,,,
2014/04/21,11,30,0,,,,,
2014/04/21,12,30,0,,,,,
2014/04/21,13,30,0,,,,,
2014/04/21,14,27,0,,,,,
2014/04/21,15,26,0,,,,,
2014/04/21,16,26,0,,,,,
2014/04/21,17,26,0,,,,,
2014/04/21,18,27,0,,,,,
2014/04/21,19,28,0,,,,,
2014/04/21,20,30,0,,,,,
2014/04/21,21,29,0,,,,,
2014/04/21,22,32,0,,,,,
2014/04/21,23,35,0,,,,,
2014/04/21,24,32,0,,,,,
2014/04/22,01,29,0,,,,,
2014/04/22,02,29,0,,,,,
2014/04/22,03,29,0,,,,,
2014/04/22,04,29,0,,,,,
2014/04/22,05,28,0,,,,,
2014/04/22,06,29,0,,,,,
2014/04/22,07,26,0,,,,,
2014/04/22,08,25,0,,,,,
2014/04/22,09,25,0,,,,,
2014/04/22,10,28,0,,,,,
2014/04/22,11,29,0,,,,,
2014/04/22,12,32,0,,,,,
2014/04/22,13,30,0,,,,,
2014/04/22,14,29,0,,,,,
2014/04/22,15,32,0,,,,,
2014/04/22,16,33,0,,,,,
2014/04/22,17,31,0,,,,,
2014/04/22,18,30,0,,,,,
2014/04/22,19,33,0,,,,,
2014/04/22,20,32,0,,,,,
2014/04/22,21,30,0,,,,,
2014/04/22,22,30,0,,,,,
2014/04/22,23,30,0,,,,,
2014/04/22,24,29,0,,,,,
2014/04/23,01,31,0,,,,,
2014/04/23,02,30,0,,,,,
2014/04/23,03,29,0,,,,,
2014/04/23,04,30,0,,,,,
2014/04/23,05,29,0,,,,,
2014/04/23,06,29,0,,,,,
2014/04/23,07,28,0,,,,,
2014/04/23,08,28,0,,,,,
2014/04/23,09,28,0,,,,,
2014/04/23,10,28,0,,,,,
2014/04/23,11,29,0,,,,,
2014/04/23,12,29,0,,,,,
2014/04/23,13,35,0,,,,,
2014/04/23,14,30,0,,,,,
2014/04/23,15,28,0,,,,,
2014/04/23,16,28,0,,,,,
2014/04/23,17,28,0,,,,,
2014/04/23,18,27,0,,,,,
2014/04/23,19,27,0,,,,,
2014/04/23,20,29,0,,,,,
2014/04/23,21,29,0,,,,,
2014/04/23,22,31,0,,,,,
2014/04/23,23,30,0,,,,,
2014/04/23,24,31,0,,,,,
2014/04/24,01,31,0,,,,,
2014/04/24,02,31,0,,,,,
2014/04/24,03,31,0,,,,,
2014/04/24,04,30,0,,,,,
2014/04/24,05,30,0,,,,,
2014/04/24,06,28,0,,,,,
2014/04/24,07,27,0,,,,,
2014/04/24,08,26,0,,,,,
2014/04/24,09,26,0,,,,,
2014/04/24,10,26,0,,,,,
2014/04/24,11,27,0,,,,,
2014/04/24,12,26,0,,,,,
2014/04/24,13,25,0,,,,,
2014/04/24,14,24,0,,,,,
2014/04/24,15,24,0,,,,,
2014/04/24,16,26,0,,,,,
2014/04/24,17,26,0,,,,,
2014/04/24,18,26,0,,,,,
2014/04/24,19,28,0,,,,,
2014/04/24,20,28,0,,,,,
2014/04/24,21,28,0,,,,,
2014/04/24,22,31,0,,,,,
2014/04/24,23,31,0,,,,,
2014/04/24,24,32,0,,,,,
2014/04/25,01,36,0,,,,,
2014/04/25,02,30,0,,,,,
2014/04/25,03,30,0,,,,,
2014/04/25,04,28,0,,,,,
2014/04/25,05,27,0,,,,,
2014/04/25,06,27,0,,,,,
2014/04/25,07,26,0,,,,,
2014/04/25,08,25,0,,,,,
2014/04/25,09,25,0,,,,,
2014/04/25,10,26,0,,,,,
2014/04/25,11,28,0,,,,,
2014/04/25,12,28,0,,,,,
2014/04/25,13,27,0,,,,,
2014/04/25,14,27,0,,,,,
2014/04/25,15,26,0,,,,,
2014/04/25,16,26,0,,,,,
2014/04/25,17,26,0,,,,,
2014/04/25,18,26,0,,,,,
2014/04/25,19,26,0,,,,,
2014/04/25,20,26,0,,,,,
2014/04/25,21,28,0,,,,,
2014/04/25,22,31,0,,,,,
2014/04/25,23,32,0,,,,,
2014/04/25,24,34,0,,,,,
2014/04/26,01,35,0,,,,,
2014/04/26,02,35,0,,,,,
2014/04/26,03,34,0,,,,,
2014/04/26,04,35,0,,,,,
2014/04/26,05,33,0,,,,,
2014/04/26,06,37,0,,,,,
2014/04/26,07,30,0,,,,,
2014/04/26,08,30,0,,,,,
2014/04/26,09,27,0,,,,,
2014/04/26,10,27,0,,,,,
2014/04/26,11,28,0,,,,,
2014/04/26,12,28,0,,,,,
2014/04/26,13,27,0,,,,,
2014/04/26,14,27,0,,,,,
2014/04/26,15,26,0,,,,,
2014/04/26,16,28,0,,,,,
2014/04/26,17,27,0,,,,,
2014/04/26,18,27,0,,,,,
2014/04/26,19,28,0,,,,,
2014/04/26,20,30,0,,,,,
2014/04/26,21,32,0,,,,,
2014/04/26,22,32,0,,,,,
2014/04/26,23,29,0,,,,,
2014/04/26,24,30,0,,,,,
2014/04/27,01,33,0,,,,,
2014/04/27,02,33,0,,,,,
2014/04/27,03,33,0,,,,,
2014/04/27,04,37,0,,,,,
2014/04/27,05,34,0,,,,,
2014/04/27,06,34,0,,,,,
2014/04/27,07,32,0,,,,,
2014/04/27,08,30,0,,,,,
2014/04/27,09,31,0,,,,,
2014/04/27,10,30,0,,,,,
2014/04/27,11,33,0,,,,,
2014/04/27,12,30,0,,,,,
2014/04/27,13,30,0,,,,,
2014/04/27,14,29,0,,,,,
2014/04/27,15,29,0,,,,,
2014/04/27,16,28,0,,,,,
2014/04/27,17,27,0,,,,,
2014/04/27,18,28,0,,,,,
2014/04/27,19,30,0,,,,,
2014/04/27,20,32,0,,,,,
2014/04/27,21,34,0,,,,,
2014/04/27,22,35,0,,,,,
2014/04/27,23,34,0,,,,,
2014/04/27,24,33,0,,,,,
2014/04/28,01,37,0,,,,,
2014/04/28,02,33,0,,,,,
2014/04/28,03,30,0,,,,,
2014/04/28,04,29,0,,,,,
2014/04/28,05,29,0,,,,,
2014/04/28,06,28,0,,,,,
2014/04/28,07,27,0,,,,,
2014/04/28,08,27,0,,,,,
2014/04/28,09,26,0,,,,,
2014/04/28,10,29,0,,,,,
2014/04/28,11,31,0,,,,,
2014/04/28,12,31,0,,,,,
2014/04/28,13,29,0,,,,,
2014/04/28,14,27,0,,,,,
2014/04/28,15,27,0,,,,,
2014/04/28,16,27,0,,,,,
2014/04/28,17,26,0,,,,,
2014/04/28,18,25,0,,,,,
2014/04/28,19,25,0,,,,,
2014/04/28,20,28,0,,,,,
2014/04/28,21,29,0,,,,,
2014/04/28,22,29,0,,,,,
2014/04/28,23,30,0,,,,,
2014/04/28,24,32,0,,,,,
2014/04/29,01,40,0,,,,,
2014/04/29,02,35,0,,,,,
2014/04/29,03,36,0,,,,,
2014/04/29,04,36,0,,,,,
2014/04/29,05,33,0,,,,,
2014/04/29,06,31,0,,,,,
2014/04/29,07,29,0,,,,,
2014/04/29,08,30,0,,,,,
2014/04/29,09,29,0,,,,,
2014/04/29,10,30,0,,,,,
2014/04/29,11,31,0,,,,,
2014/04/29,12,31,0,,,,,
2014/04/29,13,28,0,,,,,
2014/04/29,14,29,0,,,,,
2014/04/29,15,27,0,,,,,
2014/04/29,16,29,0,,,,,
2014/04/29,17,32,0,,,,,
2014/04/29,18,28,0,,,,,
2014/04/29,19,28,0,,,,,
2014/04/29,20,29,0,,,,,
2014/04/29,21,28,0,,,,,
2014/04/29,22,30,0,,,,,
2014/04/29,23,31,0,,,,,
2014/04/29,24,31,0,,,,,
2014/04/30,01,32,0,,,,,
2014/04/30,02,30,0,,,,,
2014/04/30,03,30,0,,,,,
2014/04/30,04,29,0,,,,,
2014/04/30,05,28,0,,,,,
2014/04/30,06,28,0,,,,,
2014/04/30,07,26,0,,,,,
2014/04/30,08,26,0,,,,,
2014/04/30,09,26,0,,,,,
2014/04/30,10,27,0,,,,,
2014/04/30,11,27,0,,,,,
2014/04/30,12,26,0,,,,,
2014/04/30,13,26,0,,,,,
2014/04/30,14,25,0,,,,,
2014/04/30,15,26,0,,,,,
2014/04/30,16,25,0,,,,,
2014/04/30,17,25,0,,,,,
2014/04/30,18,26,0,,,,,
2014/04/30,19,28,0,,,,,
2014/04/30,20,28,0,,,,,
2014/04/30,21,34,0,,,,,
2014/04/30,22,29,0,,,,,
2014/04/30,23,29,0,,,,,
2014/04/30,24,29,0,,,,,
2014/05/01,01,29,0,,,,,
2014/05/01,02,28,0,,,,,
2014/05/01,03,29,0,,,,,
2014/05/01,04,30,0,,,,,
2014/05/01,05,27,0,,,,,
2014/05/01,06,27,0,,,,,
2014/05/01,07,27,0,,,,,
2014/05/01,08,25,0,,,,,
2014/05/01,09,26,0,,,,,
2014/05/01,10,26,0,,,,,
2014/05/01,11,26,0,,,,,
2014/05/01,12,27,0,,,,,
2014/05/01,13,26,0,,,,,
2014/05/01,14,27,0,,,,,
2014/05/01,15,27,0,,,,,
2014/05/01,16,28,0,,,,,
2014/05/01,17,28,0,,,,,
2014/05/01,18,27,0,,,,,
2014/05/01,19,29,0,,,,,
2014/05/01,20,29,0,,,,,
2014/05/01,21,28,0,,,,,
2014/05/01,22,28,0,,,,,
2014/05/01,23,27,0,,,,,
2014/05/01,24,28,0,,,,,
2014/05/02,01,29,0,,,,,
2014/05/02,02,28,0,,,,,
2014/05/02,03,31,0,,,,,
2014/05/02,04,31,0,,,,,
2014/05/02,05,27,0,,,,,
2014/05/02,06,27,0,,,,,
2014/05/02,07,25,0,,,,,
2014/05/02,08,25,0,,,,,
2014/05/02,09,24,0,,,,,
2014/05/02,10,24,0,,,,,
2014/05/02,11,26,0,,,,,
2014/05/02,12,26,0,,,,,
2014/05/02,13,26,0,,,,,
2014/05/02,14,25,0,,,,,
2014/05/02,15,25,0,,,,,
2014/05/02,16,25,0,,,,,
2014/05/02,17,25,0,,,,,
2014/05/02,18,25,0,,,,,
2014/05/02,19,26,0,,,,,
2014/05/02,20,28,0,,,,,
2014/05/02,21,29,0,,,,,
2014/05/02,22,29,0,,,,,
2014/05/02,23,28,0,,,,,
2014/05/02,24,32,0,,,,,
2014/05/03,01,33,0,,,,,
2014/05/03,02,33,0,,,,,
2014/05/03,03,35,0,,,,,
2014/05/03,04,35,0,,,,,
2014/05/03,05,32,0,,,,,
2014/05/03,06,32,0,,,,,
2014/05/03,07,29,0,,,,,
2014/05/03,08,34,0,,,,,
2014/05/03,09,29,0,,,,,
2014/05/03,10,31,0,,,,,
2014/05/03,11,31,0,,,,,
2014/05/03,12,32,0,,,,,
2014/05/03,13,32,0,,,,,
2014/05/03,14,28,0,,,,,
2014/05/03,15,29,0,,,,,
2014/05/03,16,28,0,,,,,
2014/05/03,17,27,0,,,,,
2014/05/03,18,27,0,,,,,
2014/05/03,19,28,0,,,,,
2014/05/03,20,29,0,,,,,
2014/05/03,21,29,0,,,,,
2014/05/03,22,31,0,,,,,
2014/05/03,23,31,0,,,,,
2014/05/03,24,34,0,,,,,
2014/05/04,01,33,0,,,,,
2014/05/04,02,38,0,,,,,
2014/05/04,03,38,0,,,,,
2014/05/04,04,38,0,,,,,
2014/05/04,05,42,0,,,,,
2014/05/04,06,43,0,,,,,
2014/05/04,07,36,0,,,,,
2014/05/04,08,35,0,,,,,
2014/05/04,09,34,0,,,,,
2014/05/04,10,35,0,,,,,
2014/05/04,11,32,0,,,,,
2014/05/04,12,34,0,,,,,
2014/05/04,13,31,0,,,,,
2014/05/04,14,31,0,,,,,
2014/05/04,15,31,0,,,,,
2014/05/04,16,30,0,,,,,
2014/05/04,17,27,0,,,,,
2014/05/04,18,27,0,,,,,
2014/05/04,19,28,0,,,,,
2014/05/04,20,29,0,,,,,
2014/05/04,21,31,0,,,,,
2014/05/04,22,31,0,,,,,
2014/05/04,23,32,0,,,,,
2014/05/04,24,34,0,,,,,
2014/05/05,01,37,0,,,,,
2014/05/05,02,37,0,,,,,
2014/05/05,03,36,0,,,,,
2014/05/05,04,38,0,,,,,
2014/05/05,05,37,0,,,,,
2014/05/05,06,42,0,,,,,
2014/05/05,07,35,0,,,,,
2014/05/05,08,36,0,,,,,
2014/05/05,09,36,0,,,,,
2014/05/05,10,38,0,,,,,
2014/05/05,11,36,0,,,,,
2014/05/05,12,37,0,,,,,
2014/05/05,13,35,0,,,,,
2014/05/05,14,33,0,,,,,
2014/05/05,15,32,0,,,,,
2014/05/05,16,31,0,,,,,
2014/05/05,17,30,0,,,,,
2014/05/05,18,28,0,,,,,
2014/05/05,19,29,0,,,,,
2014/05/05,20,30,0,,,,,
2014/05/05,21,32,0,,,,,
2014/05/05,22,33,0,,,,,
2014/05/05,23,33,0,,,,,
2014/05/05,24,32,0,,,,,
2014/05/06,01,33,0,,,,,
2014/05/06,02,33,0,,,,,
2014/05/06,03,36,0,,,,,
2014/05/06,04,40,0,,,,,
2014/05/06,05,38,0,,,,,
2014/05/06,06,32,0,,,,,
2014/05/06,07,31,0,,,,,
2014/05/06,08,30,0,,,,,
2014/05/06,09,31,0,,,,,
2014/05/06,10,32,0,,,,,
2014/05/06,11,32,0,,,,,
2014/05/06,12,32,0,,,,,
2014/05/06,13,31,0,,,,,
2014/05/06,14,32,0,,,,,
2014/05/06,15,34,0,,,,,
2014/05/06,16,32,0,,,,,
2014/05/06,17,29,0,,,,,
2014/05/06,18,29,0,,,,,
2014/05/06,19,32,0,,,,,
2014/05/06,20,35,0,,,,,
2014/05/06,21,31,0,,,,,
2014/05/06,22,31,0,,,,,
2014/05/06,23,31,0,,,,,
2014/05/06,24,32,0,,,,,
2014/05/07,01,32,0,,,,,
2014/05/07,02,31,0,,,,,
2014/05/07,03,28,0,,,,,
2014/05/07,04,28,0,,,,,
2014/05/07,05,27,0,,,,,
2014/05/07,06,28,0,,,,,
2014/05/07,07,28,0,,,,,
2014/05/07,08,26,0,,,,,
2014/05/07,09,25,0,,,,,
2014/05/07,10,25,0,,,,,
2014/05/07,11,25,0,,,,,
2014/05/07,12,27,0,,,,,
2014/05/07,13,26,0,,,,,
2014/05/07,14,26,0,,,,,
2014/05/07,15,26,0,,,,,
2014/05/07,16,26,0,,,,,
2014/05/07,17,26,0,,,,,
2014/05/07,18,26,0,,,,,
2014/05/07,19,28,0,,,,,
2014/05/07,20,28,0,,,,,
2014/05/07,21,36,0,,,,,
2014/05/07,22,31,0,,,,,
2014/05/07,23,30,0,,,,,
2014/05/07,24,30,0,,,,,
2014/05/08,01,29,0,,,,,
2014/05/08,02,30,0,,,,,
2014/05/08,03,29,0,,,,,
2014/05/08,04,28,0,,,,,
2014/05/08,05,29,0,,,,,
2014/05/08,06,27,0,,,,,
2014/05/08,07,25,0,,,,,
2014/05/08,08,25,0,,,,,
2014/05/08,09,26,0,,,,,
2014/05/08,10,26,0,,,,,
2014/05/08,11,27,0,,,,,
2014/05/08,12,26,0,,,,,
2014/05/08,13,27,0,,,,,
2014/05/08,14,27,0,,,,,
2014/05/08,15,28,0,,,,,
2014/05/08,16,27,0,,,,,
2014/05/08,17,27,0,,,,,
2014/05/08,18,26,0,,,,,
2014/05/08,19,27,0,,,,,
2014/05/08,20,28,0,,,,,
2014/05/08,21,29,0,,,,,
2014/05/08,22,30,0,,,,,
2014/05/08,23,30,0,,,,,
2014/05/08,24,31,0,,,,,
2014/05/09,01,28,0,,,,,
2014/05/09,02,29,0,,,,,
2014/05/09,03,29,0,,,,,
2014/05/09,04,30,0,,,,,
2014/05/09,05,29,0,,,,,
2014/05/09,06,27,0,,,,,
2014/05/09,07,25,0,,,,,
2014/05/09,08,25,0,,,,,
2014/05/09,09,24,0,,,,,
2014/05/09,10,24,0,,,,,
2014/05/09,11,25,0,,,,,
2014/05/09,12,25,0,,,,,
2014/05/09,13,27,0,,,,,
2014/05/09,14,29,0,,,,,
2014/05/09,15,24,0,,,,,
2014/05/09,16,24,0,,,,,
2014/05/09,17,24,0,,,,,
2014/05/09,18,25,0,,,,,
2014/05/09,19,27,0,,,,,
2014/05/09,20,27,0,,,,,
2014/05/09,21,29,0,,,,,
2014/05/09,22,32,0,,,,,
2014/05/09,23,33,0,,,,,
2014/05/09,24,33,0,,,,,
2014/05/10,01,34,0,,,,,
2014/05/10,02,36,0,,,,,
2014/05/10,03,36,0,,,,,
2014/05/10,04,35,0,,,,,
2014/05/10,05,34,0,,,,,
2014/05/10,06,33,0,,,,,
2014/05/10,07,31,0,,,,,
2014/05/10,08,29,0,,,,,
2014/05/10,09,29,0,,,,,
2014/05/10,10,32,0,,,,,
2014/05/10,11,36,0,,,,,
2014/05/10,12,32,0,,,,,
2014/05/10,13,30,0,,,,,
2014/05/10,14,29,0,,,,,
2014/05/10,15,28,0,,,,,
2014/05/10,16,28,0,,,,,
2014/05/10,17,30,0,,,,,
2014/05/10,18,29,0,,,,,
2014/05/10,19,29,0,,,,,
2014/05/10,20,30,0,,,,,
2014/05/10,21,31,0,,,,,
2014/05/10,22,32,0,,,,,
2014/05/10,23,31,0,,,,,
2014/05/10,24,30,0,,,,,
2014/05/11,01,33,0,,,,,
2014/05/11,02,36,0,,,,,
2014/05/11,03,37,0,,,,,
2014/05/11,04,38,0,,,,,
2014/05/11,05,37,0,,,,,
2014/05/11,06,37,0,,,,,
2014/05/11,07,39,0,,,,,
2014/05/11,08,37,0,,,,,
2014/05/11,09,42,0,,,,,
2014/05/11,10,39,0,,,,,
2014/05/11,11,39,0,,,,,
2014/05/11,12,35,0,,,,,
2014/05/11,13,35,0,,,,,
2014/05/11,14,35,0,,,,,
2014/05/11,15,36,0,,,,,
2014/05/11,16,37,0,,,,,
2014/05/11,17,37,0,,,,,
2014/05/11,18,31,0,,,,,
2014/05/11,19,30,0,,,,,
2014/05/11,20,32,0,,,,,
2014/05/11,21,35,0,,,,,
2014/05/11,22,33,0,,,,,
2014/05/11,23,33,0,,,,,
2014/05/11,24,35,0,,,,,
2014/05/12,01,34,0,,,,,
2014/05/12,02,32,0,,,,,
2014/05/12,03,33,0,,,,,
2014/05/12,04,31,0,,,,,
2014/05/12,05,30,0,,,,,
2014/05/12,06,30,0,,,,,
2014/05/12,07,29,0,,,,,
2014/05/12,08,28,0,,,,,
2014/05/12,09,27,0,,,,,
2014/05/12,10,28,0,,,,,
2014/05/12,11,36,0,,,,,
2014/05/12,12,32,0,,,,,
2014/05/12,13,31,0,,,,,
2014/05/12,14,32,0,,,,,
2014/05/12,15,33,0,,,,,
2014/05/12,16,35,0,,,,,
2014/05/12,17,33,0,,,,,
2014/05/12,18,34,0,,,,,
2014/05/12,19,35,0,,,,,
2014/05/12,20,38,0,,,,,
2014/05/12,21,37,0,,,,,
2014/05/12,22,38,0,,,,,
2014/05/12,23,33,0,,,,,
2014/05/12,24,35,0,,,,,
2014/05/13,01,33,0,,,,,
2014/05/13,02,30,0,,,,,
2014/05/13,03,31,0,,,,,
2014/05/13,04,30,0,,,,,
2014/05/13,05,29,0,,,,,
2014/05/13,06,30,0,,,,,
2014/05/13,07,29,0,,,,,
2014/05/13,08,29,0,,,,,
2014/05/13,09,28,0,,,,,
2014/05/13,10,28,0,,,,,
2014/05/13,11,28,0,,,,,
2014/05/13,12,30,0,,,,,
2014/05/13,13,29,0,,,,,
2014/05/13,14,30,0,,,,,
2014/05/13,15,31,0,,,,,
2014/05/13,16,31,0,,,,,
2014/05/13,17,30,0,,,,,
2014/05/13,18,29,0,,,,,
2014/05/13,19,29,0,,,,,
2014/05/13,20,31,0,,,,,
2014/05/13,21,38,0,,,,,
2014/05/13,22,37,0,,,,,
2014/05/13,23,34,0,,,,,
2014/05/13,24,34,0,,,,,
2014/05/14,01,35,0,,,,,
2014/05/14,02,33,0,,,,,
2014/05/14,03,31,0,,,,,
2014/05/14,04,31,0,,,,,
2014/05/14,05,30,0,,,,,
2014/05/14,06,29,0,,,,,
2014/05/14,07,30,0,,,,,
2014/05/14,08,27,0,,,,,
2014/05/14,09,28,0,,,,,
2014/05/14,10,29,0,,,,,
2014/05/14,11,32,0,,,,,
2014/05/14,12,30,0,,,,,
2014/05/14,13,30,0,,,,,
2014/05/14,14,28,0,,,,,
2014/05/14,15,28,0,,,,,
2014/05/14,16,33,0,,,,,
2014/05/14,17,30,0,,,,,
2014/05/14,18,31,0,,,,,
2014/05/14,19,33,0,,,,,
2014/05/14,20,33,0,,,,,
2014/05/14,21,34,0,,,,,
2014/05/14,22,34,0,,,,,
2014/05/14,23,32,0,,,,,
2014/05/14,24,34,0,,,,,
2014/05/15,01,35,0,,,,,
2014/05/15,02,36,0,,,,,
2014/05/15,03,39,0,,,,,
2014/05/15,04,35,0,,,,,
2014/05/15,05,33,0,,,,,
2014/05/15,06,32,0,,,,,
2014/05/15,07,30,0,,,,,
2014/05/15,08,30,0,,,,,
2014/05/15,09,28,0,,,,,
2014/05/15,10,29,0,,,,,
2014/05/15,11,31,0,,,,,
2014/05/15,12,33,0,,,,,
2014/05/15,13,32,0,,,,,
2014/05/15,14,33,0,,,,,
2014/05/15,15,33,0,,,,,
2014/05/15,16,35,0,,,,,
2014/05/15,17,33,0,,,,,
2014/05/15,18,31,0,,,,,
2014/05/15,19,32,0,,,,,
2014/05/15,20,29,0,,,,,
2014/05/15,21,31,0,,,,,
2014/05/15,22,33,0,,,,,
2014/05/15,23,32,0,,,,,
2014/05/15,24,33,0,,,,,
2014/05/16,01,34,0,,,,,
2014/05/16,02,34,0,,,,,
2014/05/16,03,33,0,,,,,
2014/05/16,04,33,0,,,,,
2014/05/16,05,33,0,,,,,
2014/05/16,06,31,0,,,,,
2014/05/16,07,30,0,,,,,
2014/05/16,08,28,0,,,,,
2014/05/16,09,31,0,,,,,
2014/05/16,10,32,0,,,,,
2014/05/16,11,29,0,,,,,
2014/05/16,12,30,0,,,,,
2014/05/16,13,29,0,,,,,
2014/05/16,14,29,0,,,,,
2014/05/16,15,33,0,,,,,
2014/05/16,16,34,0,,,,,
2014/05/16,17,32,0,,,,,
2014/05/16,18,29,0,,,,,
2014/05/16,19,29,0,,,,,
2014/05/16,20,32,0,,,,,
2014/05/16,21,34,0,,,,,
2014/05/16,22,33,0,,,,,
2014/05/16,23,37,0,,,,,
2014/05/16,24,34,0,,,,,
2014/05/17,01,37,0,,,,,
2014/05/17,02,39,0,,,,,
2014/05/17,03,40,0,,,,,
2014/05/17,04,37,0,,,,,
2014/05/17,05,39,0,,,,,
2014/05/17,06,37,0,,,,,
2014/05/17,07,35,0,,,,,
2014/05/17,08,37,0,,,,,
2014/05/17,09,32,0,,,,,
2014/05/17,10,33,0,,,,,
2014/05/17,11,33,0,,,,,
2014/05/17,12,31,0,,,,,
2014/05/17,13,30,0,,,,,
2014/05/17,14,31,0,,,,,
2014/05/17,15,33,0,,,,,
2014/05/17,16,33,0,,,,,
2014/05/17,17,32,0,,,,,
2014/05/17,18,30,0,,,,,
2014/05/17,19,30,0,,,,,
2014/05/17,20,29,0,,,,,
2014/05/17,21,30,0,,,,,
2014/05/17,22,31,0,,,,,
2014/05/17,23,34,0,,,,,
2014/05/17,24,37,0,,,,,
2014/05/18,01,45,0,,,,,
2014/05/18,02,57,0,,,,,
2014/05/18,03,48,0,,,,,
2014/05/18,04,51,0,,,,,
2014/05/18,05,45,0,,,,,
2014/05/18,06,46,1,,,,,
2014/05/18,07,50,0,,,,,
2014/05/18,08,50,0,,,,,
2014/05/18,09,48,0,,,,,
2014/05/18,10,47,0,,,,,
2014/05/18,11,47,0,,,,,
2014/05/18,12,43,0,,,,,
2014/05/18,13,40,0,,,,,
2014/05/18,14,36,0,,,,,
2014/05/18,15,36,0,,,,,
2014/05/18,16,36,0,,,,,
2014/05/18,17,37,0,,,,,
2014/05/18,18,44,0,,,,,
2014/05/18,19,39,0,,,,,
2014/05/18,20,39,0,,,,,
2014/05/18,21,42,0,,,,,
2014/05/18,22,47,0,,,,,
2014/05/18,23,43,0,,,,,
2014/05/18,24,39,0,,,,,
2014/05/19,01,40,0,,,,,
2014/05/19,02,40,0,,,,,
2014/05/19,03,36,0,,,,,
2014/05/19,04,35,0,,,,,
2014/05/19,05,34,0,,,,,
2014/05/19,06,34,0,,,,,
2014/05/19,07,32,0,,,,,
2014/05/19,08,30,0,,,,,
2014/05/19,09,30,0,,,,,
2014/05/19,10,33,0,,,,,
2014/05/19,11,32,0,,,,,
2014/05/19,12,33,0,,,,,
2014/05/19,13,34,0,,,,,
2014/05/19,14,38,0,,,,,
2014/05/19,15,35,0,,,,,
2014/05/19,16,36,0,,,,,
2014/05/19,17,32,0,,,,,
2014/05/19,18,29,0,,,,,
2014/05/19,19,32,0,,,,,
2014/05/19,20,33,0,,,,,
2014/05/19,21,36,0,,,,,
2014/05/19,22,39,0,,,,,
2014/05/19,23,40,0,,,,,
2014/05/19,24,35,0,,,,,
2014/05/20,01,34,0,,,,,
2014/05/20,02,34,0,,,,,
2014/05/20,03,36,0,,,,,
2014/05/20,04,36,0,,,,,
2014/05/20,05,41,0,,,,,
2014/05/20,06,34,0,,,,,
2014/05/20,07,30,0,,,,,
2014/05/20,08,31,0,,,,,
2014/05/20,09,31,0,,,,,
2014/05/20,10,30,0,,,,,
2014/05/20,11,31,0,,,,,
2014/05/20,12,31,0,,,,,
2014/05/20,13,29,0,,,,,
2014/05/20,14,32,0,,,,,
2014/05/20,15,32,0,,,,,
2014/05/20,16,36,0,,,,,
2014/05/20,17,33,0,,,,,
2014/05/20,18,29,0,,,,,
2014/05/20,19,30,0,,,,,
2014/05/20,20,32,0,,,,,
2014/05/20,21,33,0,,,,,
2014/05/20,22,35,0,,,,,
2014/05/20,23,36,0,,,,,
2014/05/20,24,43,0,,,,,
2014/05/21,01,38,0,,,,,
2014/05/21,02,33,0,,,,,
2014/05/21,03,32,0,,,,,
2014/05/21,04,32,0,,,,,
2014/05/21,05,30,0,,,,,
2014/05/21,06,28,0,,,,,
2014/05/21,07,27,0,,,,,
2014/05/21,08,27,0,,,,,
2014/05/21,09,28,0,,,,,
2014/05/21,10,28,0,,,,,
2014/05/21,11,27,0,,,,,
2014/05/21,12,26,0,,,,,
2014/05/21,13,27,0,,,,,
2014/05/21,14,28,0,,,,,
2014/05/21,15,29,0,,,,,
2014/05/21,16,29,0,,,,,
2014/05/21,17,30,0,,,,,
2014/05/21,18,31,0,,,,,
2014/05/21,19,32,0,,,,,
2014/05/21,20,36,0,,,,,
2014/05/21,21,32,0,,,,,
2014/05/21,22,35,0,,,,,
2014/05/21,23,33,0,,,,,
2014/05/21,24,34,0,,,,,
2014/05/22,01,35,0,,,,,
2014/05/22,02,33,0,,,,,
2014/05/22,03,32,0,,,,,
2014/05/22,04,33,0,,,,,
2014/05/22,05,32,0,,,,,
2014/05/22,06,30,0,,,,,
2014/05/22,07,28,0,,,,,
2014/05/22,08,28,0,,,,,
2014/05/22,09,26,0,,,,,
2014/05/22,10,27,0,,,,,
2014/05/22,11,29,0,,,,,
2014/05/22,12,30,0,,,,,
2014/05/22,13,29,0,,,,,
2014/05/22,14,30,0,,,,,
2014/05/22,15,30,0,,,,,
2014/05/22,16,31,0,,,,,
2014/05/22,17,29,0,,,,,
2014/05/22,18,27,0,,,,,
2014/05/22,19,27,0,,,,,
2014/05/22,20,27,0,,,,,
2014/05/22,21,29,0,,,,,
2014/05/22,22,32,0,,,,,
2014/05/22,23,32,0,,,,,
2014/05/22,24,32,0,,,,,
2014/05/23,01,33,0,,,,,
2014/05/23,02,32,0,,,,,
2014/05/23,03,31,0,,,,,
2014/05/23,04,32,0,,,,,
2014/05/23,05,36,0,,,,,
2014/05/23,06,29,0,,,,,
2014/05/23,07,29,0,,,,,
2014/05/23,08,28,0,,,,,
2014/05/23,09,27,0,,,,,
2014/05/23,10,28,0,,,,,
2014/05/23,11,30,0,,,,,
2014/05/23,12,30,0,,,,,
2014/05/23,13,29,0,,,,,
2014/05/23,14,29,0,,,,,
2014/05/23,15,28,0,,,,,
2014/05/23,16,28,0,,,,,
2014/05/23,17,27,0,,,,,
2014/05/23,18,27,0,,,,,
2014/05/23,19,26,0,,,,,
2014/05/23,20,29,0,,,,,
2014/05/23,21,30,0,,,,,
2014/05/23,22,32,0,,,,,
2014/05/23,23,32,0,,,,,
2014/05/23,24,33,0,,,,,
2014/05/24,01,39,0,,,,,
2014/05/24,02,38,0,,,,,
2014/05/24,03,35,0,,,,,
2014/05/24,04,36,0,,,,,
2014/05/24,05,34,0,,,,,
2014/05/24,06,33,0,,,,,
2014/05/24,07,30,0,,,,,
2014/05/24,08,31,0,,,,,
2014/05/24,09,31,0,,,,,
2014/05/24,10,35,0,,,,,
2014/05/24,11,32,0,,,,,
2014/05/24,12,30,0,,,,,
2014/05/24,13,27,0,,,,,
2014/05/24,14,28,0,,,,,
2014/05/24,15,28,0,,,,,
2014/05/24,16,27,0,,,,,
2014/05/24,17,26,0,,,,,
2014/05/24,18,26,0,,,,,
2014/05/24,19,27,0,,,,,
2014/05/24,20,29,0,,,,,
2014/05/24,21,29,0,,,,,
2014/05/24,22,30,0,,,,,
2014/05/24,23,33,0,,,,,
2014/05/24,24,36,0,,,,,
2014/05/25,01,38,0,,,,,
2014/05/25,02,37,0,,,,,
2014/05/25,03,38,0,,,,,
2014/05/25,04,39,0,,,,,
2014/05/25,05,40,0,,,,,
2014/05/25,06,44,0,,,,,
2014/05/25,07,41,0,,,,,
2014/05/25,08,40,0,,,,,
2014/05/25,09,41,0,,,,,
2014/05/25,10,41,0,,,,,
2014/05/25,11,40,0,,,,,
2014/05/25,12,39,0,,,,,
2014/05/25,13,34,0,,,,,
2014/05/25,14,37,0,,,,,
2014/05/25,15,38,0,,,,,
2014/05/25,16,41,0,,,,,
2014/05/25,17,39,0,,,,,
2014/05/25,18,40,0,,,,,
2014/05/25,19,38,0,,,,,
2014/05/25,20,38,0,,,,,
2014/05/25,21,39,0,,,,,
2014/05/25,22,38,0,,,,,
2014/05/25,23,35,0,,,,,
2014/05/25,24,35,0,,,,,
2014/05/26,01,35,0,,,,,
2014/05/26,02,34,0,,,,,
2014/05/26,03,35,0,,,,,
2014/05/26,04,34,0,,,,,
2014/05/26,05,33,0,,,,,
2014/05/26,06,33,0,,,,,
2014/05/26,07,31,0,,,,,
2014/05/26,08,28,0,,,,,
2014/05/26,09,28,0,,,,,
2014/05/26,10,28,0,,,,,
2014/05/26,11,29,0,,,,,
2014/05/26,12,30,0,,,,,
2014/05/26,13,30,0,,,,,
2014/05/26,14,29,0,,,,,
2014/05/26,15,29,0,,,,,
2014/05/26,16,29,0,,,,,
2014/05/26,17,29,0,,,,,
2014/05/26,18,29,0,,,,,
2014/05/26,19,30,0,,,,,
2014/05/26,20,32,0,,,,,
2014/05/26,21,30,0,,,,,
2014/05/26,22,34,0,,,,,
2014/05/26,23,38,0,,,,,
2014/05/26,24,33,0,,,,,
2014/05/27,01,33,0,,,,,
2014/05/27,02,33,0,,,,,
2014/05/27,03,35,0,,,,,
2014/05/27,04,33,0,,,,,
2014/05/27,05,35,0,,,,,
2014/05/27,06,33,0,,,,,
2014/05/27,07,31,0,,,,,
2014/05/27,08,29,0,,,,,
2014/05/27,09,27,0,,,,,
2014/05/27,10,30,0,,,,,
2014/05/27,11,30,0,,,,,
2014/05/27,12,30,0,,,,,
2014/05/27,13,31,0,,,,,
2014/05/27,14,30,0,,,,,
2014/05/27,15,30,0,,,,,
2014/05/27,16,30,0,,,,,
2014/05/27,17,29,0,,,,,
2014/05/27,18,29,0,,,,,
2014/05/27,19,29,0,,,,,
2014/05/27,20,35,0,,,,,
2014/05/27,21,36,0,,,,,
2014/05/27,22,39,0,,,,,
2014/05/27,23,39,0,,,,,
2014/05/27,24,39,0,,,,,
2014/05/28,01,38,0,,,,,
2014/05/28,02,37,0,,,,,
2014/05/28,03,35,0,,,,,
2014/05/28,04,36,0,,,,,
2014/05/28,05,32,0,,,,,
2014/05/28,06,33,0,,,,,
2014/05/28,07,33,0,,,,,
2014/05/28,08,31,0,,,,,
2014/05/28,09,31,0,,,,,
2014/05/28,10,36,0,,,,,
2014/05/28,11,29,0,,,,,
2014/05/28,12,32,0,,,,,
2014/05/28,13,31,0,,,,,
2014/05/28,14,29,0,,,,,
2014/05/28,15,30,0,,,,,
2014/05/28,16,32,0,,,,,
2014/05/28,17,29,0,,,,,
2014/05/28,18,27,0,,,,,
2014/05/28,19,31,0,,,,,
2014/05/28,20,33,0,,,,,
2014/05/28,21,35,0,,,,,
2014/05/28,22,36,0,,,,,
2014/05/28,23,35,0,,,,,
2014/05/28,24,36,0,,,,,
2014/05/29,01,35,0,,,,,
2014/05/29,02,36,0,,,,,
2014/05/29,03,33,0,,,,,
2014/05/29,04,34,0,,,,,
2014/05/29,05,33,0,,,,,
2014/05/29,06,33,0,,,,,
2014/05/29,07,31,0,,,,,
2014/05/29,08,29,0,,,,,
2014/05/29,09,28,0,,,,,
2014/05/29,10,30,0,,,,,
2014/05/29,11,29,0,,,,,
2014/05/29,12,30,0,,,,,
2014/05/29,13,30,0,,,,,
2014/05/29,14,31,0,,,,,
2014/05/29,15,31,0,,,,,
2014/05/29,16,30,0,,,,,
2014/05/29,17,29,0,,,,,
2014/05/29,18,29,0,,,,,
2014/05/29,19,33,0,,,,,
2014/05/29,20,35,0,,,,,
2014/05/29,21,36,0,,,,,
2014/05/29,22,37,0,,,,,
2014/05/29,23,38,0,,,,,
2014/05/29,24,44,0,,,,,
2014/05/30,01,36,0,,,,,
2014/05/30,02,33,0,,,,,
2014/05/30,03,32,0,,,,,
2014/05/30,04,32,0,,,,,
2014/05/30,05,33,0,,,,,
2014/05/30,06,31,0,,,,,
2014/05/30,07,29,0,,,,,
2014/05/30,08,29,0,,,,,
2014/05/30,09,28,0,,,,,
2014/05/30,10,27,0,,,,,
2014/05/30,11,29,0,,,,,
2014/05/30,12,31,0,,,,,
2014/05/30,13,31,0,,,,,
2014/05/30,14,31,0,,,,,
2014/05/30,15,30,0,,,,,
2014/05/30,16,31,0,,,,,
2014/05/30,17,30,0,,,,,
2014/05/30,18,28,0,,,,,
2014/05/30,19,30,0,,,,,
2014/05/30,20,33,0,,,,,
2014/05/30,21,34,0,,,,,
2014/05/30,22,35,0,,,,,
2014/05/30,23,38,0,,,,,
2014/05/30,24,41,0,,,,,
2014/05/31,01,41,0,,,,,
2014/05/31,02,41,0,,,,,
2014/05/31,03,40,0,,,,,
2014/05/31,04,42,0,,,,,
2014/05/31,05,41,0,,,,,
2014/05/31,06,44,0,,,,,
2014/05/31,07,38,0,,,,,
2014/05/31,08,36,0,,,,,
2014/05/31,09,35,0,,,,,
2014/05/31,10,36,0,,,,,
2014/05/31,11,38,0,,,,,
2014/05/31,12,34,0,,,,,
2014/05/31,13,34,0,,,,,
2014/05/31,14,32,0,,,,,
2014/05/31,15,32,0,,,,,
2014/05/31,16,32,0,,,,,
2014/05/31,17,33,0,,,,,
2014/05/31,18,31,0,,,,,
2014/05/31,19,34,0,,,,,
2014/05/31,20,35,0,,,,,
2014/05/31,21,35,0,,,,,
2014/05/31,22,39,0,,,,,
2014/05/31,23,38,0,,,,,
2014/05/31,24,40,0,,,,,
2014/06/01,01,41,0,,,,,
2014/06/01,02,44,0,,,,,
2014/06/01,03,46,0,,,,,
2014/06/01,04,56,0,,,,,
2014/06/01,05,47,0,,,,,
2014/06/01,06,44,0,,,,,
2014/06/01,07,43,0,,,,,
2014/06/01,08,43,0,,,,,
2014/06/01,09,41,0,,,,,
2014/06/01,10,42,0,,,,,
2014/06/01,11,38,0,,,,,
2014/06/01,12,43,0,,,,,
2014/06/01,13,35,0,,,,,
2014/06/01,14,36,0,,,,,
2014/06/01,15,37,0,,,,,
2014/06/01,16,36,0,,,,,
2014/06/01,17,38,0,,,,,
2014/06/01,18,37,0,,,,,
2014/06/01,19,38,0,,,,,
2014/06/01,20,36,0,,,,,
2014/06/01,21,36,0,,,,,
2014/06/01,22,39,0,,,,,
2014/06/01,23,40,0,,,,,
2014/06/01,24,43,0,,,,,
2014/06/02,01,35,0,,,,,
2014/06/02,02,36,0,,,,,
2014/06/02,03,36,0,,,,,
2014/06/02,04,37,0,,,,,
2014/06/02,05,35,0,,,,,
2014/06/02,06,33,0,,,,,
2014/06/02,07,33,0,,,,,
2014/06/02,08,30,0,,,,,
2014/06/02,09,30,0,,,,,
2014/06/02,10,31,0,,,,,
2014/06/02,11,31,0,,,,,
2014/06/02,12,31,0,,,,,
2014/06/02,13,30,0,,,,,
2014/06/02,14,32,0,,,,,
2014/06/02,15,33,0,,,,,
2014/06/02,16,32,0,,,,,
2014/06/02,17,32,0,,,,,
2014/06/02,18,31,0,,,,,
2014/06/02,19,32,0,,,,,
2014/06/02,20,32,0,,,,,
2014/06/02,21,33,0,,,,,
2014/06/02,22,35,0,,,,,
2014/06/02,23,34,0,,,,,
2014/06/02,24,35,0,,,,,
2014/06/03,01,36,0,,,,,
2014/06/03,02,35,0,,,,,
2014/06/03,03,35,0,,,,,
2014/06/03,04,35,0,,,,,
2014/06/03,05,33,0,,,,,
2014/06/03,06,33,0,,,,,
2014/06/03,07,31,0,,,,,
2014/06/03,08,30,0,,,,,
2014/06/03,09,29,0,,,,,
2014/06/03,10,29,0,,,,,
2014/06/03,11,28,0,,,,,
2014/06/03,12,29,0,,,,,
2014/06/03,13,36,0,,,,,
2014/06/03,14,31,0,,,,,
2014/06/03,15,29,0,,,,,
2014/06/03,16,31,0,,,,,
2014/06/03,17,34,0,,,,,
2014/06/03,18,32,0,,,,,
2014/06/03,19,35,0,,,,,
2014/06/03,20,35,0,,,,,
2014/06/03,21,34,0,,,,,
2014/06/03,22,36,0,,,,,
2014/06/03,23,34,0,,,,,
2014/06/03,24,37,0,,,,,
2014/06/04,01,36,0,,,,,
2014/06/04,02,36,0,,,,,
2014/06/04,03,37,0,,,,,
2014/06/04,04,34,0,,,,,
2014/06/04,05,34,0,,,,,
2014/06/04,06,33,0,,,,,
2014/06/04,07,32,0,,,,,
2014/06/04,08,32,0,,,,,
2014/06/04,09,31,0,,,,,
2014/06/04,10,31,0,,,,,
2014/06/04,11,34,0,,,,,
2014/06/04,12,33,0,,,,,
2014/06/04,13,34,0,,,,,
2014/06/04,14,30,0,,,,,
2014/06/04,15,32,0,,,,,
2014/06/04,16,30,0,,,,,
2014/06/04,17,30,0,,,,,
2014/06/04,18,29,0,,,,,
2014/06/04,19,30,0,,,,,
2014/06/04,20,32,0,,,,,
2014/06/04,21,33,0,,,,,
2014/06/04,22,35,0,,,,,
2014/06/04,23,34,0,,,,,
2014/06/04,24,41,0,,,,,
2014/06/05,01,32,0,,,,,
2014/06/05,02,30,0,,,,,
2014/06/05,03,31,0,,,,,
2014/06/05,04,32,0,,,,,
2014/06/05,05,32,0,,,,,
2014/06/05,06,29,0,,,,,
2014/06/05,07,28,0,,,,,
2014/06/05,08,27,0,,,,,
2014/06/05,09,26,0,,,,,
2014/06/05,10,27,0,,,,,
2014/06/05,11,27,0,,,,,
2014/06/05,12,26,0,,,,,
2014/06/05,13,26,0,,,,,
2014/06/05,14,28,0,,,,,
2014/06/05,15,30,0,,,,,
2014/06/05,16,29,0,,,,,
2014/06/05,17,30,0,,,,,
2014/06/05,18,29,0,,,,,
2014/06/05,19,32,0,,,,,
2014/06/05,20,32,0,,,,,
2014/06/05,21,32,0,,,,,
2014/06/05,22,34,0,,,,,
2014/06/05,23,32,0,,,,,
2014/06/05,24,35,0,,,,,
2014/06/06,01,35,0,,,,,
2014/06/06,02,33,0,,,,,
2014/06/06,03,34,0,,,,,
2014/06/06,04,35,0,,,,,
2014/06/06,05,34,0,,,,,
2014/06/06,06,32,0,,,,,
2014/06/06,07,32,0,,,,,
2014/06/06,08,32,0,,,,,
2014/06/06,09,29,0,,,,,
2014/06/06,10,30,0,,,,,
2014/06/06,11,30,0,,,,,
2014/06/06,12,28,0,,,,,
2014/06/06,13,29,0,,,,,
2014/06/06,14,27,0,,,,,
2014/06/06,15,28,0,,,,,
2014/06/06,16,28,0,,,,,
2014/06/06,17,29,0,,,,,
2014/06/06,18,28,0,,,,,
2014/06/06,19,29,0,,,,,
2014/06/06,20,34,0,,,,,
2014/06/06,21,35,0,,,,,
2014/06/06,22,34,0,,,,,
2014/06/06,23,40,0,,,,,
2014/06/06,24,40,0,,,,,
2014/06/07,01,40,0,,,,,
2014/06/07,02,42,0,,,,,
2014/06/07,03,42,0,,,,,
2014/06/07,04,39,0,,,,,
2014/06/07,05,39,0,,,,,
2014/06/07,06,39,0,,,,,
2014/06/07,07,35,0,,,,,
2014/06/07,08,34,0,,,,,
2014/06/07,09,33,0,,,,,
2014/06/07,10,32,0,,,,,
2014/06/07,11,33,0,,,,,
2014/06/07,12,33,0,,,,,
2014/06/07,13,33,0,,,,,
2014/06/07,14,32,0,,,,,
2014/06/07,15,37,0,,,,,
2014/06/07,16,38,0,,,,,
2014/06/07,17,37,0,,,,,
2014/06/07,18,34,0,,,,,
2014/06/07,19,35,0,,,,,
2014/06/07,20,34,0,,,,,
2014/06/07,21,34,0,,,,,
2014/06/07,22,44,0,,,,,
2014/06/07,23,41,0,,,,,
2014/06/07,24,41,0,,,,,
2014/06/08,01,43,0,,,,,
2014/06/08,02,47,0,,,,,
2014/06/08,03,49,0,,,,,
2014/06/08,04,50,0,,,,,
2014/06/08,05,49,0,,,,,
2014/06/08,06,48,0,,,,,
2014/06/08,07,44,0,,,,,
2014/06/08,08,39,0,,,,,
2014/06/08,09,38,0,,,,,
2014/06/08,10,41,0,,,,,
2014/06/08,11,39,0,,,,,
2014/06/08,12,38,0,,,,,
2014/06/08,13,36,0,,,,,
2014/06/08,14,40,0,,,,,
2014/06/08,15,34,0,,,,,
2014/06/08,16,34,0,,,,,
2014/06/08,17,33,0,,,,,
2014/06/08,18,35,0,,,,,
2014/06/08,19,36,0,,,,,
2014/06/08,20,36,0,,,,,
2014/06/08,21,36,0,,,,,
2014/06/08,22,38,0,,,,,
2014/06/08,23,38,0,,,,,
2014/06/08,24,36,0,,,,,
2014/06/09,01,36,0,,,,,
2014/06/09,02,32,0,,,,,
2014/06/09,03,32,0,,,,,
2014/06/09,04,32,0,,,,,
2014/06/09,05,31,0,,,,,
2014/06/09,06,32,0,,,,,
2014/06/09,07,32,0,,,,,
2014/06/09,08,31,0,,,,,
2014/06/09,09,29,0,,,,,
2014/06/09,10,30,0,,,,,
2014/06/09,11,29,0,,,,,
2014/06/09,12,31,0,,,,,
2014/06/09,13,29,0,,,,,
2014/06/09,14,31,0,,,,,
2014/06/09,15,30,0,,,,,
2014/06/09,16,30,0,,,,,
2014/06/09,17,31,0,,,,,
2014/06/09,18,32,0,,,,,
2014/06/09,19,40,0,,,,,
2014/06/09,20,34,0,,,,,
2014/06/09,21,34,0,,,,,
2014/06/09,22,36,0,,,,,
2014/06/09,23,34,0,,,,,
2014/06/09,24,34,0,,,,,
2014/06/10,01,32,0,,,,,
2014/06/10,02,34,0,,,,,
2014/06/10,03,33,0,,,,,
2014/06/10,04,33,0,,,,,
2014/06/10,05,31,0,,,,,
2014/06/10,06,30,0,,,,,
2014/06/10,07,29,0,,,,,
2014/06/10,08,30,0,,,,,
2014/06/10,09,27,0,,,,,
2014/06/10,10,28,0,,,,,
2014/06/10,11,29,0,,,,,
2014/06/10,12,31,0,,,,,
2014/06/10,13,30,0,,,,,
2014/06/10,14,32,0,,,,,
2014/06/10,15,32,0,,,,,
2014/06/10,16,33,0,,,,,
2014/06/10,17,32,0,,,,,
2014/06/10,18,30,0,,,,,
2014/06/10,19,32,0,,,,,
2014/06/10,20,31,0,,,,,
2014/06/10,21,32,0,,,,,
2014/06/10,22,36,0,,,,,
2014/06/10,23,39,0,,,,,
2014/06/10,24,39,0,,,,,
2014/06/11,01,36,0,,,,,
2014/06/11,02,37,0,,,,,
2014/06/11,03,37,0,,,,,
2014/06/11,04,39,0,,,,,
2014/06/11,05,39,0,,,,,
2014/06/11,06,42,0,,,,,
2014/06/11,07,37,0,,,,,
2014/06/11,08,33,0,,,,,
2014/06/11,09,33,0,,,,,
2014/06/11,10,34,0,,,,,
2014/06/11,11,35,0,,,,,
2014/06/11,12,35,0,,,,,
2014/06/11,13,35,0,,,,,
2014/06/11,14,32,0,,,,,
2014/06/11,15,35,0,,,,,
2014/06/11,16,32,0,,,,,
2014/06/11,17,30,0,,,,,
2014/06/11,18,30,0,,,,,
2014/06/11,19,34,0,,,,,
2014/06/11,20,33,0,,,,,
2014/06/11,21,37,0,,,,,
2014/06/11,22,39,0,,,,,
2014/06/11,23,41,0,,,,,
2014/06/11,24,40,0,,,,,
2014/06/12,01,41,0,,,,,
2014/06/12,02,41,0,,,,,
2014/06/12,03,38,0,,,,,
2014/06/12,04,38,0,,,,,
2014/06/12,05,37,0,,,,,
2014/06/12,06,40,0,,,,,
2014/06/12,07,34,0,,,,,
2014/06/12,08,32,0,,,,,
2014/06/12,09,30,0,,,,,
2014/06/12,10,31,0,,,,,
2014/06/12,11,31,0,,,,,
2014/06/12,12,30,0,,,,,
2014/06/12,13,30,0,,,,,
2014/06/12,14,30,0,,,,,
2014/06/12,15,29,0,,,,,
2014/06/12,16,28,0,,,,,
2014/06/12,17,29,0,,,,,
2014/06/12,18,28,0,,,,,
2014/06/12,19,31,0,,,,,
2014/06/12,20,34,0,,,,,
2014/06/12,21,37,0,,,,,
2014/06/12,22,41,0,,,,,
2014/06/12,23,37,0,,,,,
2014/06/12,24,34,0,,,,,
2014/06/13,01,33,0,,,,,
2014/06/13,02,34,0,,,,,
2014/06/13,03,33,0,,,,,
2014/06/13,04,35,0,,,,,
2014/06/13,05,35,0,,,,,
2014/06/13,06,35,0,,,,,
2014/06/13,07,33,0,,,,,
2014/06/13,08,32,0,,,,,
2014/06/13,09,32,0,,,,,
2014/06/13,10,33,0,,,,,
2014/06/13,11,34,0,,,,,
2014/06/13,12,33,0,,,,,
2014/06/13,13,33,0,,,,,
2014/06/13,14,31,0,,,,,
2014/06/13,15,33,0,,,,,
2014/06/13,16,31,0,,,,,
2014/06/13,17,30,0,,,,,
2014/06/13,18,32,0,,,,,
2014/06/13,19,32,0,,,,,
2014/06/13,20,35,0,,,,,
2014/06/13,21,41,0,,,,,
2014/06/13,22,38,0,,,,,
2014/06/13,23,40,0,,,,,
2014/06/13,24,39,0,,,,,
2014/06/14,01,41,0,,,,,
2014/06/14,02,39,0,,,,,
2014/06/14,03,42,0,,,,,
2014/06/14,04,41,0,,,,,
2014/06/14,05,36,0,,,,,
2014/06/14,06,36,0,,,,,
2014/06/14,07,36,0,,,,,
2014/06/14,08,36,0,,,,,
2014/06/14,09,35,0,,,,,
2014/06/14,10,37,0,,,,,
2014/06/14,11,36,0,,,,,
2014/06/14,12,36,0,,,,,
2014/06/14,13,32,0,,,,,
2014/06/14,14,31,0,,,,,
2014/06/14,15,35,0,,,,,
2014/06/14,16,36,0,,,,,
2014/06/14,17,34,0,,,,,
2014/06/14,18,33,0,,,,,
2014/06/14,19,34,0,,,,,
2014/06/14,20,36,0,,,,,
2014/06/14,21,36,0,,,,,
2014/06/14,22,42,0,,,,,
2014/06/14,23,41,0,,,,,
2014/06/14,24,45,0,,,,,
2014/06/15,01,48,0,,,,,
2014/06/15,02,49,0,,,,,
2014/06/15,03,48,0,,,,,
2014/06/15,04,49,0,,,,,
2014/06/15,05,48,0,,,,,
2014/06/15,06,48,0,,,,,
2014/06/15,07,46,0,,,,,
2014/06/15,08,44,0,,,,,
2014/06/15,09,46,0,,,,,
2014/06/15,10,47,0,,,,,
2014/06/15,11,48,0,,,,,
2014/06/15,12,47,0,,,,,
2014/06/15,13,45,0,,,,,
2014/06/15,14,47,0,,,,,
2014/06/15,15,44,0,,,,,
2014/06/15,16,45,0,,,,,
2014/06/15,17,44,0,,,,,
2014/06/15,18,36,0,,,,,
2014/06/15,19,35,0,,,,,
2014/06/15,20,36,0,,,,,
2014/06/15,21,40,0,,,,,
2014/06/15,22,41,0,,,,,
2014/06/15,23,40,0,,,,,
2014/06/15,24,40,0,,,,,
2014/06/16,01,42,0,,,,,
2014/06/16,02,40,0,,,,,
2014/06/16,03,41,0,,,,,
2014/06/16,04,42,0,,,,,
2014/06/16,05,41,0,,,,,
2014/06/16,06,37,0,,,,,
2014/06/16,07,38,0,,,,,
2014/06/16,08,34,0,,,,,
2014/06/16,09,34,0,,,,,
2014/06/16,10,35,0,,,,,
2014/06/16,11,37,0,,,,,
2014/06/16,12,38,0,,,,,
2014/06/16,13,36,0,,,,,
2014/06/16,14,32,0,,,,,
2014/06/16,15,34,0,,,,,
2014/06/16,16,32,0,,,,,
2014/06/16,17,32,0,,,,,
2014/06/16,18,31,0,,,,,
2014/06/16,19,33,0,,,,,
2014/06/16,20,34,0,,,,,
2014/06/16,21,36,0,,,,,
2014/06/16,22,36,0,,,,,
2014/06/16,23,40,0,,,,,
2014/06/16,24,40,0,,,,,
2014/06/17,01,44,0,,,,,
2014/06/17,02,38,0,,,,,
2014/06/17,03,37,0,,,,,
2014/06/17,04,37,0,,,,,
2014/06/17,05,40,0,,,,,
2014/06/17,06,40,0,,,,,
2014/06/17,07,36,0,,,,,
2014/06/17,08,35,0,,,,,
2014/06/17,09,35,0,,,,,
2014/06/17,10,36,0,,,,,
2014/06/17,11,37,0,,,,,
2014/06/17,12,36,0,,,,,
2014/06/17,13,37,0,,,,,
2014/06/17,14,37,0,,,,,
2014/06/17,15,37,0,,,,,
2014/06/17,16,37,0,,,,,
2014/06/17,17,34,0,,,,,
2014/06/17,18,37,0,,,,,
2014/06/17,19,39,0,,,,,
2014/06/17,20,36,0,,,,,
2014/06/17,21,37,0,,,,,
2014/06/17,22,38,0,,,,,
2014/06/17,23,39,0,,,,,
2014/06/17,24,41,0,,,,,
2014/06/18,01,45,0,,,,,
2014/06/18,02,40,0,,,,,
2014/06/18,03,38,0,,,,,
2014/06/18,04,41,0,,,,,
2014/06/18,05,41,0,,,,,
2014/06/18,06,48,1,,,,,
2014/06/18,07,39,1,,,,,
2014/06/18,08,35,0,,,,,
2014/06/18,09,36,0,,,,,
2014/06/18,10,38,0,,,,,
2014/06/18,11,36,0,,,,,
2014/06/18,12,37,0,,,,,
2014/06/18,13,38,0,,,,,
2014/06/18,14,35,0,,,,,
2014/06/18,15,40,0,,,,,
2014/06/18,16,45,0,,,,,
2014/06/18,17,42,0,,,,,
2014/06/18,18,41,0,,,,,
2014/06/18,19,39,0,,,,,
2014/06/18,20,38,0,,,,,
2014/06/18,21,43,0,,,,,
2014/06/18,22,43,0,,,,,
2014/06/18,23,44,0,,,,,
2014/06/18,24,42,0,,,,,
2014/06/19,01,40,0,,,,,
2014/06/19,02,37,0,,,,,
2014/06/19,03,38,0,,,,,
2014/06/19,04,40,0,,,,,
2014/06/19,05,37,0,,,,,
2014/06/19,06,34,0,,,,,
2014/06/19,07,32,0,,,,,
2014/06/19,08,31,0,,,,,
2014/06/19,09,33,0,,,,,
2014/06/19,10,34,0,,,,,
2014/06/19,11,37,0,,,,,
2014/06/19,12,36,0,,,,,
2014/06/19,13,33,0,,,,,
2014/06/19,14,33,0,,,,,
2014/06/19,15,36,0,,,,,
2014/06/19,16,33,0,,,,,
2014/06/19,17,33,0,,,,,
2014/06/19,18,31,0,,,,,
2014/06/19,19,30,0,,,,,
2014/06/19,20,34,0,,,,,
2014/06/19,21,35,0,,,,,
2014/06/19,22,39,0,,,,,
2014/06/19,23,37,0,,,,,
2014/06/19,24,40,0,,,,,
2014/06/20,01,40,0,,,,,
2014/06/20,02,40,0,,,,,
2014/06/20,03,37,0,,,,,
2014/06/20,04,35,0,,,,,
2014/06/20,05,34,0,,,,,
2014/06/20,06,36,0,,,,,
2014/06/20,07,33,0,,,,,
2014/06/20,08,33,0,,,,,
2014/06/20,09,32,0,,,,,
2014/06/20,10,33,0,,,,,
2014/06/20,11,33,0,,,,,
2014/06/20,12,40,0,,,,,
2014/06/20,13,36,0,,,,,
2014/06/20,14,34,0,,,,,
2014/06/20,15,35,0,,,,,
2014/06/20,16,34,0,,,,,
2014/06/20,17,34,0,,,,,
2014/06/20,18,34,0,,,,,
2014/06/20,19,35,0,,,,,
2014/06/20,20,37,0,,,,,
2014/06/20,21,39,0,,,,,
2014/06/20,22,37,0,,,,,
2014/06/20,23,41,0,,,,,
2014/06/20,24,49,0,,,,,
2014/06/21,01,50,0,,,,,
2014/06/21,02,53,0,,,,,
2014/06/21,03,60,0,,,,,
2014/06/21,04,57,0,,,,,
2014/06/21,05,52,0,,,,,
2014/06/21,06,54,0,,,,,
2014/06/21,07,47,0,,,,,
2014/06/21,08,43,0,,,,,
2014/06/21,09,42,0,,,,,
2014/06/21,10,40,0,,,,,
2014/06/21,11,42,0,,,,,
2014/06/21,12,41,0,,,,,
2014/06/21,13,39,0,,,,,
2014/06/21,14,39,0,,,,,
2014/06/21,15,41,0,,,,,
2014/06/21,16,43,0,,,,,
2014/06/21,17,39,0,,,,,
2014/06/21,18,35,0,,,,,
2014/06/21,19,36,0,,,,,
2014/06/21,20,34,0,,,,,
2014/06/21,21,38,0,,,,,
2014/06/21,22,46,0,,,,,
2014/06/21,23,44,0,,,,,
2014/06/21,24,69,0,,,,,
2014/06/22,01,80,0,,,,,
2014/06/22,02,73,0,,,,,
2014/06/22,03,69,0,,,,,
2014/06/22,04,67,0,,,,,
2014/06/22,05,64,0,,,,,
2014/06/22,06,64,0,,,,,
2014/06/22,07,61,0,,,,,
2014/06/22,08,56,1,,,,,
2014/06/22,09,58,0,,,,,
2014/06/22,10,56,0,,,,,
2014/06/22,11,53,0,,,,,
2014/06/22,12,52,1,,,,,
2014/06/22,13,46,1,,,,,
2014/06/22,14,45,0,,,,,
2014/06/22,15,53,0,,,,,
2014/06/22,16,50,0,,,,,
2014/06/22,17,46,0,,,,,
2014/06/22,18,44,0,,,,,
2014/06/22,19,49,0,,,,,
2014/06/22,20,52,0,,,,,
2014/06/22,21,49,0,,,,,
2014/06/22,22,46,0,,,,,
2014/06/22,23,54,0,,,,,
2014/06/22,24,61,0,,,,,
2014/06/23,01,61,0,,,,,
2014/06/23,02,59,0,,,,,
2014/06/23,03,56,0,,,,,
2014/06/23,04,49,0,,,,,
2014/06/23,05,50,0,,,,,
2014/06/23,06,47,0,,,,,
2014/06/23,07,43,0,,,,,
2014/06/23,08,43,0,,,,,
2014/06/23,09,40,0,,,,,
2014/06/23,10,40,0,,,,,
2014/06/23,11,38,0,,,,,
2014/06/23,12,38,0,,,,,
2014/06/23,13,35,0,,,,,
2014/06/23,14,41,0,,,,,
2014/06/23,15,41,0,,,,,
2014/06/23,16,39,0,,,,,
2014/06/23,17,35,0,,,,,
2014/06/23,18,36,0,,,,,
2014/06/23,19,39,0,,,,,
2014/06/23,20,40,0,,,,,
2014/06/23,21,44,0,,,,,
2014/06/23,22,45,0,,,,,
2014/06/23,23,46,0,,,,,
2014/06/23,24,47,0,,,,,
2014/06/24,01,47,0,,,,,
2014/06/24,02,46,0,,,,,
2014/06/24,03,43,0,,,,,
2014/06/24,04,42,0,,,,,
2014/06/24,05,43,0,,,,,
2014/06/24,06,41,0,,,,,
2014/06/24,07,37,0,,,,,
2014/06/24,08,35,0,,,,,
2014/06/24,09,34,0,,,,,
2014/06/24,10,34,0,,,,,
2014/06/24,11,35,0,,,,,
2014/06/24,12,36,0,,,,,
2014/06/24,13,37,0,,,,,
2014/06/24,14,36,0,,,,,
2014/06/24,15,35,0,,,,,
2014/06/24,16,36,0,,,,,
2014/06/24,17,38,0,,,,,
2014/06/24,18,32,0,,,,,
2014/06/24,19,34,0,,,,,
2014/06/24,20,33,0,,,,,
2014/06/24,21,35,0,,,,,
2014/06/24,22,42,0,,,,,
2014/06/24,23,37,0,,,,,
2014/06/24,24,40,0,,,,,
2014/06/25,01,42,0,,,,,
2014/06/25,02,44,0,,,,,
2014/06/25,03,41,0,,,,,
2014/06/25,04,43,0,,,,,
2014/06/25,05,40,0,,,,,
2014/06/25,06,38,0,,,,,
2014/06/25,07,36,0,,,,,
2014/06/25,08,33,0,,,,,
2014/06/25,09,34,0,,,,,
2014/06/25,10,35,0,,,,,
2014/06/25,11,35,0,,,,,
2014/06/25,12,39,0,,,,,
2014/06/25,13,47,0,,,,,
2014/06/25,14,40,0,,,,,
2014/06/25,15,45,0,,,,,
2014/06/25,16,41,0,,,,,
2014/06/25,17,40,0,,,,,
2014/06/25,18,41,0,,,,,
2014/06/25,19,41,0,,,,,
2014/06/25,20,42,0,,,,,
2014/06/25,21,41,0,,,,,
2014/06/25,22,42,0,,,,,
2014/06/25,23,41,0,,,,,
2014/06/25,24,39,0,,,,,
2014/06/26,01,37,0,,,,,
2014/06/26,02,36,0,,,,,
2014/06/26,03,33,0,,,,,
2014/06/26,04,36,0,,,,,
2014/06/26,05,35,0,,,,,
2014/06/26,06,35,0,,,,,
2014/06/26,07,33,0,,,,,
2014/06/26,08,34,0,,,,,
2014/06/26,09,32,0,,,,,
2014/06/26,10,32,0,,,,,
2014/06/26,11,35,0,,,,,
2014/06/26,12,32,0,,,,,
2014/06/26,13,31,0,,,,,
2014/06/26,14,31,0,,,,,
2014/06/26,15,32,0,,,,,
2014/06/26,16,33,0,,,,,
2014/06/26,17,32,0,,,,,
2014/06/26,18,39,0,,,,,
2014/06/26,19,36,0,,,,,
2014/06/26,20,38,0,,,,,
2014/06/26,21,40,0,,,,,
2014/06/26,22,40,0,,,,,
2014/06/26,23,40,0,,,,,
2014/06/26,24,37,0,,,,,
2014/06/27,01,46,0,,,,,
2014/06/27,02,42,0,,,,,
2014/06/27,03,43,0,,,,,
2014/06/27,04,42,0,,,,,
2014/06/27,05,40,0,,,,,
2014/06/27,06,38,0,,,,,
2014/06/27,07,35,0,,,,,
2014/06/27,08,34,0,,,,,
2014/06/27,09,33,0,,,,,
2014/06/27,10,34,0,,,,,
2014/06/27,11,35,0,,,,,
2014/06/27,12,35,0,,,,,
2014/06/27,13,34,0,,,,,
2014/06/27,14,32,0,,,,,
2014/06/27,15,31,0,,,,,
2014/06/27,16,29,0,,,,,
2014/06/27,17,33,0,,,,,
2014/06/27,18,35,0,,,,,
2014/06/27,19,37,0,,,,,
2014/06/27,20,38,0,,,,,
2014/06/27,21,44,0,,,,,
2014/06/27,22,47,0,,,,,
2014/06/27,23,58,0,,,,,
2014/06/27,24,58,0,,,,,
2014/06/28,01,71,0,,,,,
2014/06/28,02,75,0,,,,,
2014/06/28,03,77,0,,,,,
2014/06/28,04,74,0,,,,,
2014/06/28,05,68,0,,,,,
2014/06/28,06,66,0,,,,,
2014/06/28,07,57,0,,,,,
2014/06/28,08,52,0,,,,,
2014/06/28,09,55,0,,,,,
2014/06/28,10,51,0,,,,,
2014/06/28,11,51,0,,,,,
2014/06/28,12,50,0,,,,,
2014/06/28,13,45,0,,,,,
2014/06/28,14,52,0,,,,,
2014/06/28,15,52,0,,,,,
2014/06/28,16,52,0,,,,,
2014/06/28,17,46,0,,,,,
2014/06/28,18,40,0,,,,,
2014/06/28,19,38,0,,,,,
2014/06/28,20,44,0,,,,,
2014/06/28,21,47,0,,,,,
2014/06/28,22,48,0,,,,,
2014/06/28,23,48,0,,,,,
2014/06/28,24,57,0,,,,,
2014/06/29,01,79,0,,,,,
2014/06/29,02,73,0,,,,,
2014/06/29,03,65,0,,,,,
2014/06/29,04,63,0,,,,,
2014/06/29,05,60,0,,,,,
2014/06/29,06,61,0,,,,,
2014/06/29,07,59,0,,,,,
2014/06/29,08,60,0,,,,,
2014/06/29,09,59,0,,,,,
2014/06/29,10,60,0,,,,,
2014/06/29,11,57,0,,,,,
2014/06/29,12,56,0,,,,,
2014/06/29,13,51,0,,,,,
2014/06/29,14,45,0,,,,,
2014/06/29,15,44,0,,,,,
2014/06/29,16,56,0,,,,,
2014/06/29,17,49,0,,,,,
2014/06/29,18,47,0,,,,,
2014/06/29,19,46,0,,,,,
2014/06/29,20,40,0,,,,,
2014/06/29,21,42,0,,,,,
2014/06/29,22,49,0,,,,,
2014/06/29,23,46,0,,,,,
2014/06/29,24,46,0,,,,,
2014/06/30,01,48,0,,,,,
2014/06/30,02,45,0,,,,,
2014/06/30,03,44,0,,,,,
2014/06/30,04,41,0,,,,,
2014/06/30,05,40,0,,,,,
2014/06/30,06,47,0,,,,,
2014/06/30,07,42,0,,,,,
2014/06/30,08,39,1,,,,,
2014/06/30,09,39,1,,,,,
2014/06/30,10,41,1,,,,,
2014/06/30,11,45,0,,,,,
2014/06/30,12,42,0,,,,,
2014/06/30,13,40,0,,,,,
2014/06/30,14,40,0,,,,,
2014/06/30,15,45,0,,,,,
2014/06/30,16,40,0,,,,,
2014/06/30,17,37,0,,,,,
2014/06/30,18,33,0,,,,,
2014/06/30,19,34,0,,,,,
2014/06/30,20,39,0,,,,,
2014/06/30,21,38,0,,,,,
2014/06/30,22,45,0,,,,,
2014/06/30,23,48,0,,,,,
2014/06/30,24,44,0,,,,,
2014/07/01,01,47,0,,,,,
2014/07/01,02,41,0,,,,,
2014/07/01,03,39,0,,,,,
2014/07/01,04,37,0,,,,,
2014/07/01,05,38,0,,,,,
2014/07/01,06,35,0,,,,,
2014/07/01,07,33,0,,,,,
2014/07/01,08,20,0,,,,,
2014/07/01,09,10,0,,,,,
2014/07/01,10,28,1,,,,,
2014/07/01,11,33,0,,,,,
2014/07/01,12,32,0,,,,,
2014/07/01,13,36,0,,,,,
2014/07/01,14,40,0,,,,,
2014/07/01,15,43,0,,,,,
2014/07/01,16,42,0,,,,,
2014/07/01,17,43,0,,,,,
2014/07/01,18,38,0,,,,,
2014/07/01,19,47,0,,,,,
2014/07/01,20,47,0,,,,,
2014/07/01,21,48,0,,,,,
2014/07/01,22,50,0,,,,,
2014/07/01,23,47,0,,,,,
2014/07/01,24,48,0,,,,,
2014/07/02,01,50,0,,,,,
2014/07/02,02,45,0,,,,,
2014/07/02,03,43,0,,,,,
2014/07/02,04,42,0,,,,,
2014/07/02,05,42,0,,,,,
2014/07/02,06,44,0,,,,,
2014/07/02,07,40,0,,,,,
2014/07/02,08,39,0,,,,,
2014/07/02,09,38,0,,,,,
2014/07/02,10,37,0,,,,,
2014/07/02,11,41,0,,,,,
2014/07/02,12,41,0,,,,,
2014/07/02,13,44,0,,,,,
2014/07/02,14,55,0,,,,,
2014/07/02,15,46,0,,,,,
2014/07/02,16,46,0,,,,,
2014/07/02,17,45,0,,,,,
2014/07/02,18,48,0,,,,,
2014/07/02,19,47,0,,,,,
2014/07/02,20,42,0,,,,,
2014/07/02,21,38,0,,,,,
2014/07/02,22,45,0,,,,,
2014/07/02,23,44,0,,,,,
2014/07/02,24,45,0,,,,,
2014/07/03,01,51,0,,,,,
2014/07/03,02,50,0,,,,,
2014/07/03,03,47,0,,,,,
2014/07/03,04,40,0,,,,,
2014/07/03,05,42,0,,,,,
2014/07/03,06,43,0,,,,,
2014/07/03,07,40,0,,,,,
2014/07/03,08,35,0,,,,,
2014/07/03,09,31,0,,,,,
2014/07/03,10,33,0,,,,,
2014/07/03,11,39,0,,,,,
2014/07/03,12,41,0,,,,,
2014/07/03,13,38,0,,,,,
2014/07/03,14,42,0,,,,,
2014/07/03,15,46,0,,,,,
2014/07/03,16,41,0,,,,,
2014/07/03,17,37,0,,,,,
2014/07/03,18,39,0,,,,,
2014/07/03,19,35,1,,,,,
2014/07/03,20,40,0,,,,,
2014/07/03,21,42,0,,,,,
2014/07/03,22,41,0,,,,,
2014/07/03,23,38,0,,,,,
2014/07/03,24,42,0,,,,,
2014/07/04,01,47,0,,,,,
2014/07/04,02,46,0,,,,,
2014/07/04,03,36,0,,,,,
2014/07/04,04,39,0,,,,,
2014/07/04,05,38,0,,,,,
2014/07/04,06,40,0,,,,,
2014/07/04,07,40,0,,,,,
2014/07/04,08,34,0,,,,,
2014/07/04,09,31,0,,,,,
2014/07/04,10,32,0,,,,,
2014/07/04,11,37,0,,,,,
2014/07/04,12,46,0,,,,,
2014/07/04,13,38,0,,,,,
2014/07/04,14,34,0,,,,,
2014/07/04,15,34,0,,,,,
2014/07/04,16,33,0,,,,,
2014/07/04,17,31,0,,,,,
2014/07/04,18,34,0,,,,,
2014/07/04,19,35,0,,,,,
2014/07/04,20,36,0,,,,,
2014/07/04,21,41,0,,,,,
2014/07/04,22,55,0,,,,,
2014/07/04,23,62,0,,,,,
2014/07/04,24,70,0,,,,,
2014/07/05,01,90,0,,,,,
2014/07/05,02,98,0,,,,,
2014/07/05,03,91,0,,,,,
2014/07/05,04,87,0,,,,,
2014/07/05,05,78,0,,,,,
2014/07/05,06,71,0,,,,,
2014/07/05,07,71,0,,,,,
2014/07/05,08,61,1,,,,,
2014/07/05,09,51,0,,,,,
2014/07/05,10,54,0,,,,,
2014/07/05,11,52,0,,,,,
2014/07/05,12,51,0,,,,,
2014/07/05,13,42,0,,,,,
2014/07/05,14,48,0,,,,,
2014/07/05,15,55,0,,,,,
2014/07/05,16,62,0,,,,,
2014/07/05,17,46,0,,,,,
2014/07/05,18,42,1,,,,,
2014/07/05,19,45,0,,,,,
2014/07/05,20,45,0,,,,,
2014/07/05,21,46,0,,,,,
2014/07/05,22,49,0,,,,,
2014/07/05,23,53,0,,,,,
2014/07/05,24,72,0,,,,,
2014/07/06,01,90,0,,,,,
2014/07/06,02,84,0,,,,,
2014/07/06,03,86,0,,,,,
2014/07/06,04,76,0,,,,,
2014/07/06,05,73,0,,,,,
2014/07/06,06,68,0,,,,,
2014/07/06,07,64,0,,,,,
2014/07/06,08,66,0,,,,,
2014/07/06,09,59,2,,,,,
2014/07/06,10,58,0,,,,,
2014/07/06,11,62,0,,,,,
2014/07/06,12,59,0,,,,,
2014/07/06,13,44,0,,,,,
2014/07/06,14,43,0,,,,,
2014/07/06,15,44,0,,,,,
2014/07/06,16,44,0,,,,,
2014/07/06,17,39,0,,,,,
2014/07/06,18,39,0,,,,,
2014/07/06,19,51,0,,,,,
2014/07/06,20,50,0,,,,,
2014/07/06,21,51,0,,,,,
2014/07/06,22,55,1,,,,,
2014/07/06,23,55,1,,,,,
2014/07/06,24,52,1,,,,,
2014/07/07,01,54,1,,,,,
2014/07/07,02,53,0,,,,,
2014/07/07,03,48,0,,,,,
2014/07/07,04,45,0,,,,,
2014/07/07,05,40,0,,,,,
2014/07/07,06,40,0,,,,,
2014/07/07,07,36,0,,,,,
2014/07/07,08,35,0,,,,,
2014/07/07,09,36,0,,,,,
2014/07/07,10,37,0,,,,,
2014/07/07,11,39,0,,,,,
2014/07/07,12,37,0,,,,,
2014/07/07,13,36,0,,,,,
2014/07/07,14,32,0,,,,,
2014/07/07,15,34,0,,,,,
2014/07/07,16,32,0,,,,,
2014/07/07,17,33,0,,,,,
2014/07/07,18,29,0,,,,,
2014/07/07,19,31,0,,,,,
2014/07/07,20,32,0,,,,,
2014/07/07,21,44,0,,,,,
2014/07/07,22,41,0,,,,,
2014/07/07,23,42,0,,,,,
2014/07/07,24,46,0,,,,,
2014/07/08,01,45,0,,,,,
2014/07/08,02,46,0,,,,,
2014/07/08,03,48,0,,,,,
2014/07/08,04,49,0,,,,,
2014/07/08,05,42,0,,,,,
2014/07/08,06,42,1,,,,,
2014/07/08,07,39,0,,,,,
2014/07/08,08,40,0,,,,,
2014/07/08,09,39,0,,,,,
2014/07/08,10,36,0,,,,,
2014/07/08,11,36,0,,,,,
2014/07/08,12,36,0,,,,,
2014/07/08,13,35,0,,,,,
2014/07/08,14,34,0,,,,,
2014/07/08,15,37,0,,,,,
2014/07/08,16,36,0,,,,,
2014/07/08,17,36,0,,,,,
2014/07/08,18,35,0,,,,,
2014/07/08,19,35,0,,,,,
2014/07/08,20,33,0,,,,,
2014/07/08,21,34,0,,,,,
2014/07/08,22,36,0,,,,,
2014/07/08,23,37,0,,,,,
2014/07/08,24,38,0,,,,,
2014/07/09,01,36,0,,,,,
2014/07/09,02,37,0,,,,,
2014/07/09,03,36,0,,,,,
2014/07/09,04,35,0,,,,,
2014/07/09,05,35,0,,,,,
2014/07/09,06,35,0,,,,,
2014/07/09,07,32,0,,,,,
2014/07/09,08,29,0,,,,,
2014/07/09,09,30,0,,,,,
2014/07/09,10,30,0,,,,,
2014/07/09,11,29,0,,,,,
2014/07/09,12,30,0,,,,,
2014/07/09,13,31,0,,,,,
2014/07/09,14,31,0,,,,,
2014/07/09,15,39,0,,,,,
2014/07/09,16,37,0,,,,,
2014/07/09,17,36,0,,,,,
2014/07/09,18,35,0,,,,,
2014/07/09,19,36,0,,,,,
2014/07/09,20,43,0,,,,,
2014/07/09,21,51,0,,,,,
2014/07/09,22,47,0,,,,,
2014/07/09,23,47,0,,,,,
2014/07/09,24,46,0,,,,,
2014/07/10,01,40,0,,,,,
2014/07/10,02,42,0,,,,,
2014/07/10,03,41,0,,,,,
2014/07/10,04,39,0,,,,,
2014/07/10,05,39,0,,,,,
2014/07/10,06,39,0,,,,,
2014/07/10,07,40,0,,,,,
2014/07/10,08,37,0,,,,,
2014/07/10,09,36,0,,,,,
2014/07/10,10,37,0,,,,,
2014/07/10,11,38,0,,,,,
2014/07/10,12,38,0,,,,,
2014/07/10,13,35,0,,,,,
2014/07/10,14,33,0,,,,,
2014/07/10,15,35,0,,,,,
2014/07/10,16,34,0,,,,,
2014/07/10,17,32,0,,,,,
2014/07/10,18,33,0,,,,,
2014/07/10,19,30,0,,,,,
2014/07/10,20,33,0,,,,,
2014/07/10,21,36,0,,,,,
2014/07/10,22,41,0,,,,,
2014/07/10,23,45,0,,,,,
2014/07/10,24,55,0,,,,,
2014/07/11,01,52,0,,,,,
2014/07/11,02,44,0,,,,,
2014/07/11,03,40,0,,,,,
2014/07/11,04,42,0,,,,,
2014/07/11,05,36,0,,,,,
2014/07/11,06,34,0,,,,,
2014/07/11,07,34,0,,,,,
2014/07/11,08,33,0,,,,,
2014/07/11,09,34,0,,,,,
2014/07/11,10,34,0,,,,,
2014/07/11,11,38,0,,,,,
2014/07/11,12,41,0,,,,,
2014/07/11,13,42,0,,,,,
2014/07/11,14,39,0,,,,,
2014/07/11,15,40,0,,,,,
2014/07/11,16,41,0,,,,,
2014/07/11,17,37,0,,,,,
2014/07/11,18,36,0,,,,,
2014/07/11,19,37,0,,,,,
2014/07/11,20,34,0,,,,,
2014/07/11,21,40,0,,,,,
2014/07/11,22,38,0,,,,,
2014/07/11,23,36,0,,,,,
2014/07/11,24,44,0,,,,,
2014/07/12,01,58,0,,,,,
2014/07/12,02,58,0,,,,,
2014/07/12,03,51,0,,,,,
2014/07/12,04,59,0,,,,,
2014/07/12,05,62,0,,,,,
2014/07/12,06,56,0,,,,,
2014/07/12,07,52,0,,,,,
2014/07/12,08,45,0,,,,,
2014/07/12,09,45,0,,,,,
2014/07/12,10,42,0,,,,,
2014/07/12,11,45,0,,,,,
2014/07/12,12,41,0,,,,,
2014/07/12,13,43,0,,,,,
2014/07/12,14,40,0,,,,,
2014/07/12,15,38,0,,,,,
2014/07/12,16,42,0,,,,,
2014/07/12,17,43,0,,,,,
2014/07/12,18,43,0,,,,,
2014/07/12,19,41,0,,,,,
2014/07/12,20,42,0,,,,,
2014/07/12,21,56,0,,,,,
2014/07/12,22,50,0,,,,,
2014/07/12,23,55,0,,,,,
2014/07/12,24,66,0,,,,,
2014/07/13,01,79,0,,,,,
2014/07/13,02,73,0,,,,,
2014/07/13,03,69,0,,,,,
2014/07/13,04,66,0,,,,,
2014/07/13,05,69,0,,,,,
2014/07/13,06,63,0,,,,,
2014/07/13,07,61,0,,,,,
2014/07/13,08,62,0,,,,,
2014/07/13,09,59,0,,,,,
2014/07/13,10,53,0,,,,,
2014/07/13,11,63,0,,,,,
2014/07/13,12,57,0,,,,,
2014/07/13,13,52,0,,,,,
2014/07/13,14,49,0,,,,,
2014/07/13,15,48,0,,,,,
2014/07/13,16,52,0,,,,,
2014/07/13,17,46,0,,,,,
2014/07/13,18,41,0,,,,,
2014/07/13,19,40,0,,,,,
2014/07/13,20,45,0,,,,,
2014/07/13,21,49,0,,,,,
2014/07/13,22,53,0,,,,,
2014/07/13,23,47,0,,,,,
2014/07/13,24,54,0,,,,,
2014/07/14,01,51,0,,,,,
2014/07/14,02,51,0,,,,,
2014/07/14,03,46,0,,,,,
2014/07/14,04,43,0,,,,,
2014/07/14,05,44,0,,,,,
2014/07/14,06,44,0,,,,,
2014/07/14,07,42,0,,,,,
2014/07/14,08,48,0,,,,,
2014/07/14,09,37,0,,,,,
2014/07/14,10,35,0,,,,,
2014/07/14,11,37,0,,,,,
2014/07/14,12,37,0,,,,,
2014/07/14,13,39,0,,,,,
2014/07/14,14,36,0,,,,,
2014/07/14,15,35,0,,,,,
2014/07/14,16,36,0,,,,,
2014/07/14,17,35,0,,,,,
2014/07/14,18,32,0,,,,,
2014/07/14,19,36,0,,,,,
2014/07/14,20,39,0,,,,,
2014/07/14,21,41,0,,,,,
2014/07/14,22,40,0,,,,,
2014/07/14,23,42,0,,,,,
2014/07/14,24,43,0,,,,,
2014/07/15,01,48,0,,,,,
2014/07/15,02,47,0,,,,,
2014/07/15,03,44,0,,,,,
2014/07/15,04,40,0,,,,,
2014/07/15,05,37,0,,,,,
2014/07/15,06,37,0,,,,,
2014/07/15,07,34,0,,,,,
2014/07/15,08,33,0,,,,,
2014/07/15,09,32,0,,,,,
2014/07/15,10,32,0,,,,,
2014/07/15,11,33,0,,,,,
2014/07/15,12,38,0,,,,,
2014/07/15,13,33,0,,,,,
2014/07/15,14,39,0,,,,,
2014/07/15,15,36,0,,,,,
2014/07/15,16,35,0,,,,,
2014/07/15,17,34,0,,,,,
2014/07/15,18,40,0,,,,,
2014/07/15,19,37,0,,,,,
2014/07/15,20,39,0,,,,,
2014/07/15,21,45,0,,,,,
2014/07/15,22,45,0,,,,,
2014/07/15,23,42,0,,,,,
2014/07/15,24,43,0,,,,,
2014/07/16,01,47,0,,,,,
2014/07/16,02,42,0,,,,,
2014/07/16,03,42,0,,,,,
2014/07/16,04,45,0,,,,,
2014/07/16,05,41,0,,,,,
2014/07/16,06,42,0,,,,,
2014/07/16,07,38,0,,,,,
2014/07/16,08,34,0,,,,,
2014/07/16,09,34,0,,,,,
2014/07/16,10,36,0,,,,,
2014/07/16,11,38,0,,,,,
2014/07/16,12,38,0,,,,,
2014/07/16,13,35,0,,,,,
2014/07/16,14,34,0,,,,,
2014/07/16,15,34,0,,,,,
2014/07/16,16,34,0,,,,,
2014/07/16,17,32,0,,,,,
2014/07/16,18,42,0,,,,,
2014/07/16,19,37,0,,,,,
2014/07/16,20,34,0,,,,,
2014/07/16,21,39,0,,,,,
2014/07/16,22,40,0,,,,,
2014/07/16,23,42,0,,,,,
2014/07/16,24,46,0,,,,,
2014/07/17,01,39,0,,,,,
2014/07/17,02,45,0,,,,,
2014/07/17,03,45,0,,,,,
2014/07/17,04,41,0,,,,,
2014/07/17,05,39,0,,,,,
2014/07/17,06,36,0,,,,,
2014/07/17,07,34,0,,,,,
2014/07/17,08,34,0,,,,,
2014/07/17,09,33,0,,,,,
2014/07/17,10,33,0,,,,,
2014/07/17,11,33,0,,,,,
2014/07/17,12,34,0,,,,,
2014/07/17,13,32,0,,,,,
2014/07/17,14,35,0,,,,,
2014/07/17,15,37,0,,,,,
2014/07/17,16,36,0,,,,,
2014/07/17,17,33,0,,,,,
2014/07/17,18,33,0,,,,,
2014/07/17,19,34,0,,,,,
2014/07/17,20,34,0,,,,,
2014/07/17,21,44,0,,,,,
2014/07/17,22,46,0,,,,,
2014/07/17,23,40,0,,,,,
2014/07/17,24,42,0,,,,,
2014/07/18,01,53,0,,,,,
2014/07/18,02,53,0,,,,,
2014/07/18,03,46,0,,,,,
2014/07/18,04,49,0,,,,,
2014/07/18,05,45,0,,,,,
2014/07/18,06,38,0,,,,,
2014/07/18,07,37,0,,,,,
2014/07/18,08,34,0,,,,,
2014/07/18,09,32,0,,,,,
2014/07/18,10,31,0,,,,,
2014/07/18,11,34,0,,,,,
2014/07/18,12,34,0,,,,,
2014/07/18,13,33,0,,,,,
2014/07/18,14,35,0,,,,,
2014/07/18,15,31,0,,,,,
2014/07/18,16,32,0,,,,,
2014/07/18,17,32,0,,,,,
2014/07/18,18,33,0,,,,,
2014/07/18,19,37,0,,,,,
2014/07/18,20,37,0,,,,,
2014/07/18,21,38,0,,,,,
2014/07/18,22,42,0,,,,,
2014/07/18,23,51,0,,,,,
2014/07/18,24,50,0,,,,,
2014/07/19,01,63,0,,,,,
2014/07/19,02,60,0,,,,,
2014/07/19,03,60,0,,,,,
2014/07/19,04,54,0,,,,,
2014/07/19,05,53,0,,,,,
2014/07/19,06,51,0,,,,,
2014/07/19,07,47,0,,,,,
2014/07/19,08,42,0,,,,,
2014/07/19,09,45,0,,,,,
2014/07/19,10,45,0,,,,,
2014/07/19,11,42,0,,,,,
2014/07/19,12,46,0,,,,,
2014/07/19,13,44,0,,,,,
2014/07/19,14,42,0,,,,,
2014/07/19,15,44,0,,,,,
2014/07/19,16,39,0,,,,,
2014/07/19,17,37,0,,,,,
2014/07/19,18,37,0,,,,,
2014/07/19,19,37,0,,,,,
2014/07/19,20,41,0,,,,,
2014/07/19,21,46,0,,,,,
2014/07/19,22,45,0,,,,,
2014/07/19,23,54,0,,,,,
2014/07/19,24,79,0,,,,,
2014/07/20,01,82,0,,,,,
2014/07/20,02,81,0,,,,,
2014/07/20,03,73,0,,,,,
2014/07/20,04,70,0,,,,,
2014/07/20,05,68,1,,,,,
2014/07/20,06,65,1,,,,,
2014/07/20,07,62,0,,,,,
2014/07/20,08,64,0,,,,,
2014/07/20,09,66,0,,,,,
2014/07/20,10,64,0,,,,,
2014/07/20,11,65,0,,,,,
2014/07/20,12,62,0,,,,,
2014/07/20,13,53,0,,,,,
2014/07/20,14,51,0,,,,,
2014/07/20,15,49,0,,,,,
2014/07/20,16,49,0,,,,,
2014/07/20,17,45,0,,,,,
2014/07/20,18,41,0,,,,,
2014/07/20,19,43,0,,,,,
2014/07/20,20,42,0,,,,,
2014/07/20,21,45,0,,,,,
2014/07/20,22,43,0,,,,,
2014/07/20,23,49,0,,,,,
2014/07/20,24,57,0,,,,,
2014/07/21,01,70,0,,,,,
2014/07/21,02,73,0,,,,,
2014/07/21,03,68,0,,,,,
2014/07/21,04,69,0,,,,,
2014/07/21,05,63,1,,,,,
2014/07/21,06,61,1,,,,,
2014/07/21,07,55,1,,,,,
2014/07/21,08,59,0,,,,,
2014/07/21,09,60,0,,,,,
2014/07/21,10,54,0,,,,,
2014/07/21,11,51,0,,,,,
2014/07/21,12,49,0,,,,,
2014/07/21,13,47,0,,,,,
2014/07/21,14,45,0,,,,,
2014/07/21,15,44,0,,,,,
2014/07/21,16,45,0,,,,,
2014/07/21,17,43,0,,,,,
2014/07/21,18,40,0,,,,,
2014/07/21,19,43,0,,,,,
2014/07/21,20,45,0,,,,,
2014/07/21,21,51,0,,,,,
2014/07/21,22,50,0,,,,,
2014/07/21,23,43,0,,,,,
2014/07/21,24,46,0,,,,,
2014/07/22,01,42,0,,,,,
2014/07/22,02,43,0,,,,,
2014/07/22,03,40,0,,,,,
2014/07/22,04,38,0,,,,,
2014/07/22,05,36,0,,,,,
2014/07/22,06,36,0,,,,,
2014/07/22,07,35,0,,,,,
2014/07/22,08,33,0,,,,,
2014/07/22,09,34,0,,,,,
2014/07/22,10,34,0,,,,,
2014/07/22,11,33,0,,,,,
2014/07/22,12,44,0,,,,,
2014/07/22,13,35,0,,,,,
2014/07/22,14,31,0,,,,,
2014/07/22,15,33,0,,,,,
2014/07/22,16,32,0,,,,,
2014/07/22,17,32,0,,,,,
2014/07/22,18,34,0,,,,,
2014/07/22,19,34,0,,,,,
2014/07/22,20,40,0,,,,,
2014/07/22,21,38,0,,,,,
2014/07/22,22,40,0,,,,,
2014/07/22,23,42,0,,,,,
2014/07/22,24,44,0,,,,,
2014/07/23,01,45,0,,,,,
2014/07/23,02,44,0,,,,,
2014/07/23,03,40,0,,,,,
2014/07/23,04,36,0,,,,,
2014/07/23,05,37,1,,,,,
2014/07/23,06,36,1,,,,,
2014/07/23,07,33,0,,,,,
2014/07/23,08,30,0,,,,,
2014/07/23,09,30,0,,,,,
2014/07/23,10,31,0,,,,,
2014/07/23,11,32,0,,,,,
2014/07/23,12,34,0,,,,,
2014/07/23,13,32,0,,,,,
2014/07/23,14,32,0,,,,,
2014/07/23,15,35,0,,,,,
2014/07/23,16,35,0,,,,,
2014/07/23,17,41,0,,,,,
2014/07/23,18,41,0,,,,,
2014/07/23,19,38,0,,,,,
2014/07/23,20,38,0,,,,,
2014/07/23,21,49,0,,,,,
2014/07/23,22,47,0,,,,,
2014/07/23,23,45,0,,,,,
2014/07/23,24,43,0,,,,,
2014/07/24,01,51,0,,,,,
2014/07/24,02,45,0,,,,,
2014/07/24,03,40,0,,,,,
2014/07/24,04,39,0,,,,,
2014/07/24,05,37,0,,,,,
2014/07/24,06,38,1,,,,,
2014/07/24,07,33,1,,,,,
2014/07/24,08,33,0,,,,,
2014/07/24,09,31,0,,,,,
2014/07/24,10,33,0,,,,,
2014/07/24,11,35,0,,,,,
2014/07/24,12,36,0,,,,,
2014/07/24,13,34,0,,,,,
2014/07/24,14,31,0,,,,,
2014/07/24,15,32,0,,,,,
2014/07/24,16,33,0,,,,,
2014/07/24,17,33,0,,,,,
2014/07/24,18,35,0,,,,,
2014/07/24,19,40,0,,,,,
2014/07/24,20,46,0,,,,,
2014/07/24,21,55,0,,,,,
2014/07/24,22,54,0,,,,,
2014/07/24,23,54,0,,,,,
2014/07/24,24,54,0,,,,,
2014/07/25,01,62,0,,,,,
2014/07/25,02,52,0,,,,,
2014/07/25,03,53,0,,,,,
2014/07/25,04,46,0,,,,,
2014/07/25,05,45,0,,,,,
2014/07/25,06,42,1,,,,,
2014/07/25,07,38,1,,,,,
2014/07/25,08,34,2,,,,,
2014/07/25,09,32,1,,,,,
2014/07/25,10,33,1,,,,,
2014/07/25,11,35,1,,,,,
2014/07/25,12,32,1,,,,,
2014/07/25,13,29,1,,,,,
2014/07/25,14,29,1,,,,,
2014/07/25,15,33,0,,,,,
2014/07/25,16,33,0,,,,,
2014/07/25,17,31,0,,,,,
2014/07/25,18,33,0,,,,,
2014/07/25,19,40,0,,,,,
2014/07/25,20,43,0,,,,,
2014/07/25,21,48,0,,,,,
2014/07/25,22,50,0,,,,,
2014/07/25,23,59,0,,,,,
2014/07/25,24,55,0,,,,,
2014/07/26,01,65,0,,,,,
2014/07/26,02,63,0,,,,,
2014/07/26,03,66,0,,,,,
2014/07/26,04,63,0,,,,,
2014/07/26,05,64,0,,,,,
2014/07/26,06,65,0,,,,,
2014/07/26,07,61,1,,,,,
2014/07/26,08,56,0,,,,,
2014/07/26,09,52,0,,,,,
2014/07/26,10,49,0,,,,,
2014/07/26,11,51,0,,,,,
2014/07/26,12,55,0,,,,,
2014/07/26,13,53,0,,,,,
2014/07/26,14,53,0,,,,,
2014/07/26,15,50,0,,,,,
2014/07/26,16,52,0,,,,,
2014/07/26,17,44,0,,,,,
2014/07/26,18,42,0,,,,,
2014/07/26,19,43,0,,,,,
2014/07/26,20,43,1,,,,,
2014/07/26,21,43,1,,,,,
2014/07/26,22,44,0,,,,,
2014/07/26,23,52,0,,,,,
2014/07/26,24,68,0,,,,,
2014/07/27,01,77,0,,,,,
2014/07/27,02,79,0,,,,,
2014/07/27,03,74,0,,,,,
2014/07/27,04,74,0,,,,,
2014/07/27,05,69,1,,,,,
2014/07/27,06,65,1,,,,,
2014/07/27,07,61,0,,,,,
2014/07/27,08,62,0,,,,,
2014/07/27,09,65,0,,,,,
2014/07/27,10,60,0,,,,,
2014/07/27,11,60,0,,,,,
2014/07/27,12,60,0,,,,,
2014/07/27,13,54,0,,,,,
2014/07/27,14,52,0,,,,,
2014/07/27,15,53,0,,,,,
2014/07/27,16,49,0,,,,,
2014/07/27,17,49,0,,,,,
2014/07/27,18,44,0,,,,,
2014/07/27,19,48,0,,,,,
2014/07/27,20,49,0,,,,,
2014/07/27,21,54,0,,,,,
2014/07/27,22,46,0,,,,,
2014/07/27,23,41,0,,,,,
2014/07/27,24,42,0,,,,,
2014/07/28,01,39,0,,,,,
2014/07/28,02,41,0,,,,,
2014/07/28,03,39,0,,,,,
2014/07/28,04,42,0,,,,,
2014/07/28,05,46,0,,,,,
2014/07/28,06,46,1,,,,,
2014/07/28,07,42,0,,,,,
2014/07/28,08,38,0,,,,,
2014/07/28,09,39,0,,,,,
2014/07/28,10,39,0,,,,,
2014/07/28,11,40,0,,,,,
2014/07/28,12,42,0,,,,,
2014/07/28,13,41,0,,,,,
2014/07/28,14,42,0,,,,,
2014/07/28,15,41,0,,,,,
2014/07/28,16,39,0,,,,,
2014/07/28,17,36,0,,,,,
2014/07/28,18,36,0,,,,,
2014/07/28,19,36,0,,,,,
2014/07/28,20,38,0,,,,,
2014/07/28,21,45,0,,,,,
2014/07/28,22,50,0,,,,,
2014/07/28,23,50,0,,,,,
2014/07/28,24,49,0,,,,,
2014/07/29,01,45,0,,,,,
2014/07/29,02,44,0,,,,,
2014/07/29,03,48,0,,,,,
2014/07/29,04,41,0,,,,,
2014/07/29,05,39,0,,,,,
2014/07/29,06,37,1,,,,,
2014/07/29,07,35,1,,,,,
2014/07/29,08,35,1,,,,,
2014/07/29,09,34,2,,,,,
2014/07/29,10,34,0,,,,,
2014/07/29,11,38,0,,,,,
2014/07/29,12,40,0,,,,,
2014/07/29,13,39,0,,,,,
2014/07/29,14,37,0,,,,,
2014/07/29,15,34,0,,,,,
2014/07/29,16,35,0,,,,,
2014/07/29,17,35,0,,,,,
2014/07/29,18,36,0,,,,,
2014/07/29,19,35,0,,,,,
2014/07/29,20,38,0,,,,,
2014/07/29,21,48,0,,,,,
2014/07/29,22,49,0,,,,,
2014/07/29,23,48,0,,,,,
2014/07/29,24,50,0,,,,,
2014/07/30,01,48,0,,,,,
2014/07/30,02,43,2,,,,,
2014/07/30,03,46,1,,,,,
2014/07/30,04,42,0,,,,,
2014/07/30,05,37,0,,,,,
2014/07/30,06,37,0,,,,,
2014/07/30,07,35,0,,,,,
2014/07/30,08,33,0,,,,,
2014/07/30,09,32,0,,,,,
2014/07/30,10,32,0,,,,,
2014/07/30,11,34,0,,,,,
2014/07/30,12,34,0,,,,,
2014/07/30,13,31,0,,,,,
2014/07/30,14,29,0,,,,,
2014/07/30,15,34,0,,,,,
2014/07/30,16,36,0,,,,,
2014/07/30,17,34,0,,,,,
2014/07/30,18,32,0,,,,,
2014/07/30,19,34,0,,,,,
2014/07/30,20,40,0,,,,,
2014/07/30,21,42,0,,,,,
2014/07/30,22,37,0,,,,,
2014/07/30,23,38,0,,,,,
2014/07/30,24,43,0,,,,,
2014/07/31,01,42,0,,,,,
2014/07/31,02,41,1,,,,,
2014/07/31,03,37,0,,,,,
2014/07/31,04,36,0,,,,,
2014/07/31,05,36,0,,,,,
2014/07/31,06,38,0,,,,,
2014/07/31,07,37,0,,,,,
2014/07/31,08,41,0,,,,,
2014/07/31,09,35,0,,,,,
2014/07/31,10,35,0,,,,,
2014/07/31,11,34,0,,,,,
2014/07/31,12,35,0,,,,,
2014/07/31,13,35,0,,,,,
2014/07/31,14,35,0,,,,,
2014/07/31,15,37,0,,,,,
2014/07/31,16,40,0,,,,,
2014/07/31,17,40,0,,,,,
2014/07/31,18,37,0,,,,,
2014/07/31,19,38,0,,,,,
2014/07/31,20,35,0,,,,,
2014/07/31,21,40,0,,,,,
2014/07/31,22,44,0,,,,,
2014/07/31,23,42,0,,,,,
2014/07/31,24,45,0,,,,,
2014/08/01,01,41,0,,,,,
2014/08/01,02,40,0,,,,,
2014/08/01,03,37,0,,,,,
2014/08/01,04,35,0,,,,,
2014/08/01,05,32,0,,,,,
2014/08/01,06,39,0,,,,,
2014/08/01,07,34,0,,,,,
2014/08/01,08,33,0,,,,,
2014/08/01,09,32,0,,,,,
2014/08/01,10,31,0,,,,,
2014/08/01,11,31,0,,,,,
2014/08/01,12,36,0,,,,,
2014/08/01,13,40,0,,,,,
2014/08/01,14,40,0,,,,,
2014/08/01,15,36,0,,,,,
2014/08/01,16,33,0,,,,,
2014/08/01,17,34,0,,,,,
2014/08/01,18,38,0,,,,,
2014/08/01,19,41,0,,,,,
2014/08/01,20,43,0,,,,,
2014/08/01,21,38,0,,,,,
2014/08/01,22,44,0,,,,,
2014/08/01,23,46,0,,,,,
2014/08/01,24,52,0,,,,,
2014/08/02,01,66,0,,,,,
2014/08/02,02,66,0,,,,,
2014/08/02,03,64,0,,,,,
2014/08/02,04,59,0,,,,,
2014/08/02,05,68,0,,,,,
2014/08/02,06,59,0,,,,,
2014/08/02,07,53,0,,,,,
2014/08/02,08,49,0,,,,,
2014/08/02,09,44,0,,,,,
2014/08/02,10,43,0,,,,,
2014/08/02,11,43,0,,,,,
2014/08/02,12,41,0,,,,,
2014/08/02,13,41,0,,,,,
2014/08/02,14,39,0,,,,,
2014/08/02,15,41,0,,,,,
2014/08/02,16,38,0,,,,,
2014/08/02,17,38,0,,,,,
2014/08/02,18,37,0,,,,,
2014/08/02,19,34,0,,,,,
2014/08/02,20,35,0,,,,,
2014/08/02,21,39,0,,,,,
2014/08/02,22,41,0,,,,,
2014/08/02,23,51,0,,,,,
2014/08/02,24,58,0,,,,,
2014/08/03,01,77,1,,,,,
2014/08/03,02,80,0,,,,,
2014/08/03,03,72,0,,,,,
2014/08/03,04,65,0,,,,,
2014/08/03,05,58,0,,,,,
2014/08/03,06,56,1,,,,,
2014/08/03,07,53,0,,,,,
2014/08/03,08,55,0,,,,,
2014/08/03,09,57,0,,,,,
2014/08/03,10,57,0,,,,,
2014/08/03,11,56,0,,,,,
2014/08/03,12,58,0,,,,,
2014/08/03,13,49,0,,,,,
2014/08/03,14,49,0,,,,,
2014/08/03,15,49,0,,,,,
2014/08/03,16,48,0,,,,,
2014/08/03,17,49,0,,,,,
2014/08/03,18,43,0,,,,,
2014/08/03,19,43,1,,,,,
2014/08/03,20,43,1,,,,,
2014/08/03,21,44,0,,,,,
2014/08/03,22,44,0,,,,,
2014/08/03,23,52,0,,,,,
2014/08/03,24,50,0,,,,,
2014/08/04,01,52,0,,,,,
2014/08/04,02,55,0,,,,,
2014/08/04,03,52,0,,,,,
2014/08/04,04,46,0,,,,,
2014/08/04,05,47,0,,,,,
2014/08/04,06,43,1,,,,,
2014/08/04,07,39,0,,,,,
2014/08/04,08,46,0,,,,,
2014/08/04,09,43,0,,,,,
2014/08/04,10,39,0,,,,,
2014/08/04,11,41,0,,,,,
2014/08/04,12,45,0,,,,,
2014/08/04,13,39,0,,,,,
2014/08/04,14,35,0,,,,,
2014/08/04,15,37,0,,,,,
2014/08/04,16,35,0,,,,,
2014/08/04,17,34,0,,,,,
2014/08/04,18,34,0,,,,,
2014/08/04,19,34,0,,,,,
2014/08/04,20,40,0,,,,,
2014/08/04,21,42,0,,,,,
2014/08/04,22,42,0,,,,,
2014/08/04,23,43,0,,,,,
2014/08/04,24,44,0,,,,,
2014/08/05,01,41,0,,,,,
2014/08/05,02,47,0,,,,,
2014/08/05,03,44,0,,,,,
2014/08/05,04,42,0,,,,,
2014/08/05,05,42,0,,,,,
2014/08/05,06,42,1,,,,,
2014/08/05,07,37,1,,,,,
2014/08/05,08,33,0,,,,,
2014/08/05,09,31,0,,,,,
2014/08/05,10,32,0,,,,,
2014/08/05,11,31,0,,,,,
2014/08/05,12,33,0,,,,,
2014/08/05,13,32,0,,,,,
2014/08/05,14,30,0,,,,,
2014/08/05,15,31,0,,,,,
2014/08/05,16,42,0,,,,,
2014/08/05,17,37,0,,,,,
2014/08/05,18,36,0,,,,,
2014/08/05,19,34,0,,,,,
2014/08/05,20,35,0,,,,,
2014/08/05,21,47,0,,,,,
2014/08/05,22,51,0,,,,,
2014/08/05,23,47,0,,,,,
2014/08/05,24,49,0,,,,,
2014/08/06,01,49,0,,,,,
2014/08/06,02,52,0,,,,,
2014/08/06,03,40,0,,,,,
2014/08/06,04,39,0,,,,,
2014/08/06,05,40,1,,,,,
2014/08/06,06,41,0,,,,,
2014/08/06,07,39,0,,,,,
2014/08/06,08,35,0,,,,,
2014/08/06,09,34,0,,,,,
2014/08/06,10,36,0,,,,,
2014/08/06,11,36,0,,,,,
2014/08/06,12,37,0,,,,,
2014/08/06,13,34,0,,,,,
2014/08/06,14,34,0,,,,,
2014/08/06,15,36,0,,,,,
2014/08/06,16,36,0,,,,,
2014/08/06,17,34,0,,,,,
2014/08/06,18,34,0,,,,,
2014/08/06,19,35,0,,,,,
2014/08/06,20,34,0,,,,,
2014/08/06,21,38,0,,,,,
2014/08/06,22,43,0,,,,,
2014/08/06,23,43,0,,,,,
2014/08/06,24,46,0,,,,,
2014/08/07,01,40,0,,,,,
2014/08/07,02,45,0,,,,,
2014/08/07,03,44,0,,,,,
2014/08/07,04,43,0,,,,,
2014/08/07,05,42,1,,,,,
2014/08/07,06,40,0,,,,,
2014/08/07,07,43,0,,,,,
2014/08/07,08,39,0,,,,,
2014/08/07,09,38,0,,,,,
2014/08/07,10,37,0,,,,,
2014/08/07,11,36,0,,,,,
2014/08/07,12,39,0,,,,,
2014/08/07,13,37,0,,,,,
2014/08/07,14,39,1,,,,,
2014/08/07,15,38,0,,,,,
2014/08/07,16,38,0,,,,,
2014/08/07,17,40,0,,,,,
2014/08/07,18,39,0,,,,,
2014/08/07,19,38,0,,,,,
2014/08/07,20,38,0,,,,,
2014/08/07,21,44,0,,,,,
2014/08/07,22,46,0,,,,,
2014/08/07,23,54,0,,,,,
2014/08/07,24,54,0,,,,,
2014/08/08,01,48,0,,,,,
2014/08/08,02,47,0,,,,,
2014/08/08,03,45,0,,,,,
2014/08/08,04,45,0,,,,,
2014/08/08,05,46,1,,,,,
2014/08/08,06,50,0,,,,,
2014/08/08,07,46,0,,,,,
2014/08/08,08,44,1,,,,,
2014/08/08,09,41,1,,,,,
2014/08/08,10,39,1,,,,,
2014/08/08,11,42,0,,,,,
2014/08/08,12,43,0,,,,,
2014/08/08,13,42,0,,,,,
2014/08/08,14,45,0,,,,,
2014/08/08,15,41,0,,,,,
2014/08/08,16,35,0,,,,,
2014/08/08,17,33,0,,,,,
2014/08/08,18,34,0,,,,,
2014/08/08,19,32,0,,,,,
2014/08/08,20,32,0,,,,,
2014/08/08,21,36,0,,,,,
2014/08/08,22,41,0,,,,,
2014/08/08,23,45,0,,,,,
2014/08/08,24,48,0,,,,,
2014/08/09,01,47,0,,,,,
2014/08/09,02,48,0,,,,,
2014/08/09,03,49,0,,,,,
2014/08/09,04,50,0,,,,,
2014/08/09,05,49,0,,,,,
2014/08/09,06,46,0,,,,,
2014/08/09,07,44,0,,,,,
2014/08/09,08,44,0,,,,,
2014/08/09,09,44,0,,,,,
2014/08/09,10,43,0,,,,,
2014/08/09,11,43,0,,,,,
2014/08/09,12,40,0,,,,,
2014/08/09,13,35,0,,,,,
2014/08/09,14,36,0,,,,,
2014/08/09,15,39,0,,,,,
2014/08/09,16,39,0,,,,,
2014/08/09,17,42,0,,,,,
2014/08/09,18,33,0,,,,,
2014/08/09,19,33,0,,,,,
2014/08/09,20,34,0,,,,,
2014/08/09,21,37,0,,,,,
2014/08/09,22,46,0,,,,,
2014/08/09,23,46,0,,,,,
2014/08/09,24,52,0,,,,,
2014/08/10,01,56,0,,,,,
2014/08/10,02,61,0,,,,,
2014/08/10,03,60,0,,,,,
2014/08/10,04,65,0,,,,,
2014/08/10,05,64,0,,,,,
2014/08/10,06,76,0,,,,,
2014/08/10,07,67,0,,,,,
2014/08/10,08,68,0,,,,,
2014/08/10,09,69,0,,,,,
2014/08/10,10,72,0,,,,,
2014/08/10,11,63,0,,,,,
2014/08/10,12,59,0,,,,,
2014/08/10,13,52,0,,,,,
2014/08/10,14,51,0,,,,,
2014/08/10,15,46,0,,,,,
2014/08/10,16,45,0,,,,,
2014/08/10,17,41,0,,,,,
2014/08/10,18,39,0,,,,,
2014/08/10,19,38,0,,,,,
2014/08/10,20,36,0,,,,,
2014/08/10,21,37,0,,,,,
2014/08/10,22,44,0,,,,,
2014/08/10,23,43,0,,,,,
2014/08/10,24,41,0,,,,,
2014/08/11,01,38,0,,,,,
2014/08/11,02,44,0,,,,,
2014/08/11,03,46,0,,,,,
2014/08/11,04,43,0,,,,,
2014/08/11,05,41,0,,,,,
2014/08/11,06,44,0,,,,,
2014/08/11,07,40,0,,,,,
2014/08/11,08,40,0,,,,,
2014/08/11,09,39,0,,,,,
2014/08/11,10,38,0,,,,,
2014/08/11,11,41,0,,,,,
2014/08/11,12,42,0,,,,,
2014/08/11,13,42,0,,,,,
2014/08/11,14,36,0,,,,,
2014/08/11,15,43,0,,,,,
2014/08/11,16,49,0,,,,,
2014/08/11,17,41,0,,,,,
2014/08/11,18,39,0,,,,,
2014/08/11,19,42,0,,,,,
2014/08/11,20,40,0,,,,,
2014/08/11,21,52,0,,,,,
2014/08/11,22,51,0,,,,,
2014/08/11,23,54,0,,,,,
2014/08/11,24,59,0,,,,,
2014/08/12,01,55,0,,,,,
2014/08/12,02,46,0,,,,,
2014/08/12,03,43,0,,,,,
2014/08/12,04,43,0,,,,,
2014/08/12,05,45,0,,,,,
2014/08/12,06,45,0,,,,,
2014/08/12,07,48,0,,,,,
2014/08/12,08,46,0,,,,,
2014/08/12,09,45,0,,,,,
2014/08/12,10,45,0,,,,,
2014/08/12,11,44,0,,,,,
2014/08/12,12,43,0,,,,,
2014/08/12,13,44,0,,,,,
2014/08/12,14,51,0,,,,,
2014/08/12,15,46,0,,,,,
2014/08/12,16,40,0,,,,,
2014/08/12,17,40,0,,,,,
2014/08/12,18,39,0,,,,,
2014/08/12,19,41,0,,,,,
2014/08/12,20,45,0,,,,,
2014/08/12,21,42,0,,,,,
2014/08/12,22,45,0,,,,,
2014/08/12,23,49,0,,,,,
2014/08/12,24,50,0,,,,,
2014/08/13,01,54,0,,,,,
2014/08/13,02,60,0,,,,,
2014/08/13,03,68,0,,,,,
2014/08/13,04,64,0,,,,,
2014/08/13,05,60,0,,,,,
2014/08/13,06,57,0,,,,,
2014/08/13,07,53,0,,,,,
2014/08/13,08,48,0,,,,,
2014/08/13,09,44,0,,,,,
2014/08/13,10,45,0,,,,,
2014/08/13,11,45,0,,,,,
2014/08/13,12,46,0,,,,,
2014/08/13,13,42,0,,,,,
2014/08/13,14,39,0,,,,,
2014/08/13,15,41,0,,,,,
2014/08/13,16,43,0,,,,,
2014/08/13,17,39,0,,,,,
2014/08/13,18,37,0,,,,,
2014/08/13,19,46,0,,,,,
2014/08/13,20,48,0,,,,,
2014/08/13,21,47,0,,,,,
2014/08/13,22,54,0,,,,,
2014/08/13,23,63,0,,,,,
2014/08/13,24,59,0,,,,,
2014/08/14,01,52,0,,,,,
2014/08/14,02,48,0,,,,,
2014/08/14,03,50,0,,,,,
2014/08/14,04,51,0,,,,,
2014/08/14,05,47,1,,,,,
2014/08/14,06,47,1,,,,,
2014/08/14,07,46,0,,,,,
2014/08/14,08,45,1,,,,,
2014/08/14,09,43,1,,,,,
2014/08/14,10,43,0,,,,,
2014/08/14,11,44,0,,,,,
2014/08/14,12,45,0,,,,,
2014/08/14,13,42,0,,,,,
2014/08/14,14,40,0,,,,,
2014/08/14,15,43,0,,,,,
2014/08/14,16,48,0,,,,,
2014/08/14,17,36,1,,,,,
2014/08/14,18,34,0,,,,,
2014/08/14,19,38,0,,,,,
2014/08/14,20,40,0,,,,,
2014/08/14,21,42,0,,,,,
2014/08/14,22,40,0,,,,,
2014/08/14,23,52,0,,,,,
2014/08/14,24,71,0,,,,,
2014/08/15,01,60,0,,,,,
2014/08/15,02,51,0,,,,,
2014/08/15,03,45,0,,,,,
2014/08/15,04,47,0,,,,,
2014/08/15,05,48,0,,,,,
2014/08/15,06,49,0,,,,,
2014/08/15,07,48,0,,,,,
2014/08/15,08,48,0,,,,,
2014/08/15,09,46,0,,,,,
2014/08/15,10,45,0,,,,,
2014/08/15,11,40,0,,,,,
2014/08/15,12,40,0,,,,,
2014/08/15,13,43,0,,,,,
2014/08/15,14,38,0,,,,,
2014/08/15,15,37,0,,,,,
2014/08/15,16,40,0,,,,,
2014/08/15,17,37,0,,,,,
2014/08/15,18,37,0,,,,,
2014/08/15,19,39,0,,,,,
2014/08/15,20,39,0,,,,,
2014/08/15,21,39,0,,,,,
2014/08/15,22,43,0,,,,,
2014/08/15,23,50,0,,,,,
2014/08/15,24,62,0,,,,,
2014/08/16,01,63,0,,,,,
2014/08/16,02,63,0,,,,,
2014/08/16,03,76,0,,,,,
2014/08/16,04,67,0,,,,,
2014/08/16,05,64,0,,,,,
2014/08/16,06,64,0,,,,,
2014/08/16,07,63,0,,,,,
2014/08/16,08,65,0,,,,,
2014/08/16,09,61,0,,,,,
2014/08/16,10,59,0,,,,,
2014/08/16,11,56,0,,,,,
2014/08/16,12,51,0,,,,,
2014/08/16,13,45,0,,,,,
2014/08/16,14,48,0,,,,,
2014/08/16,15,42,0,,,,,
2014/08/16,16,41,0,,,,,
2014/08/16,17,39,0,,,,,
2014/08/16,18,38,0,,,,,
2014/08/16,19,37,0,,,,,
2014/08/16,20,40,0,,,,,
2014/08/16,21,42,0,,,,,
2014/08/16,22,44,0,,,,,
2014/08/16,23,50,0,,,,,
2014/08/16,24,59,0,,,,,
2014/08/17,01,67,0,,,,,
2014/08/17,02,66,0,,,,,
2014/08/17,03,62,0,,,,,
2014/08/17,04,61,0,,,,,
2014/08/17,05,59,0,,,,,
2014/08/17,06,59,0,,,,,
2014/08/17,07,55,0,,,,,
2014/08/17,08,55,0,,,,,
2014/08/17,09,58,0,,,,,
2014/08/17,10,52,0,,,,,
2014/08/17,11,50,0,,,,,
2014/08/17,12,46,0,,,,,
2014/08/17,13,44,0,,,,,
2014/08/17,14,41,0,,,,,
2014/08/17,15,40,0,,,,,
2014/08/17,16,43,0,,,,,
2014/08/17,17,44,0,,,,,
2014/08/17,18,42,0,,,,,
2014/08/17,19,43,0,,,,,
2014/08/17,20,45,0,,,,,
2014/08/17,21,44,0,,,,,
2014/08/17,22,43,0,,,,,
2014/08/17,23,53,0,,,,,
2014/08/17,24,56,0,,,,,
2014/08/18,01,51,0,,,,,
2014/08/18,02,55,0,,,,,
2014/08/18,03,47,0,,,,,
2014/08/18,04,47,0,,,,,
2014/08/18,05,42,0,,,,,
2014/08/18,06,43,0,,,,,
2014/08/18,07,39,0,,,,,
2014/08/18,08,42,0,,,,,
2014/08/18,09,40,0,,,,,
2014/08/18,10,40,0,,,,,
2014/08/18,11,39,0,,,,,
2014/08/18,12,43,0,,,,,
2014/08/18,13,41,0,,,,,
2014/08/18,14,36,0,,,,,
2014/08/18,15,33,0,,,,,
2014/08/18,16,30,0,,,,,
2014/08/18,17,31,0,,,,,
2014/08/18,18,29,0,,,,,
2014/08/18,19,31,0,,,,,
2014/08/18,20,34,0,,,,,
2014/08/18,21,37,0,,,,,
2014/08/18,22,43,0,,,,,
2014/08/18,23,45,0,,,,,
2014/08/18,24,47,0,,,,,
2014/08/19,01,48,0,,,,,
2014/08/19,02,46,0,,,,,
2014/08/19,03,43,0,,,,,
2014/08/19,04,44,0,,,,,
2014/08/19,05,44,0,,,,,
2014/08/19,06,48,0,,,,,
2014/08/19,07,37,0,,,,,
2014/08/19,08,36,0,,,,,
2014/08/19,09,35,0,,,,,
2014/08/19,10,35,0,,,,,
2014/08/19,11,34,0,,,,,
2014/08/19,12,34,0,,,,,
2014/08/19,13,34,0,,,,,
2014/08/19,14,39,0,,,,,
2014/08/19,15,39,0,,,,,
2014/08/19,16,40,0,,,,,
2014/08/19,17,37,0,,,,,
2014/08/19,18,34,0,,,,,
2014/08/19,19,38,0,,,,,
2014/08/19,20,36,0,,,,,
2014/08/19,21,38,0,,,,,
2014/08/19,22,40,0,,,,,
2014/08/19,23,43,0,,,,,
2014/08/19,24,49,0,,,,,
2014/08/20,01,52,0,,,,,
2014/08/20,02,49,0,,,,,
2014/08/20,03,50,0,,,,,
2014/08/20,04,50,0,,,,,
2014/08/20,05,45,0,,,,,
2014/08/20,06,40,0,,,,,
2014/08/20,07,38,0,,,,,
2014/08/20,08,36,0,,,,,
2014/08/20,09,37,0,,,,,
2014/08/20,10,38,0,,,,,
2014/08/20,11,40,0,,,,,
2014/08/20,12,37,0,,,,,
2014/08/20,13,41,0,,,,,
2014/08/20,14,34,0,,,,,
2014/08/20,15,34,0,,,,,
2014/08/20,16,34,0,,,,,
2014/08/20,17,35,0,,,,,
2014/08/20,18,37,0,,,,,
2014/08/20,19,37,0,,,,,
2014/08/20,20,39,0,,,,,
2014/08/20,21,39,0,,,,,
2014/08/20,22,44,0,,,,,
2014/08/20,23,45,0,,,,,
2014/08/20,24,47,0,,,,,
2014/08/21,01,45,0,,,,,
2014/08/21,02,43,0,,,,,
2014/08/21,03,38,0,,,,,
2014/08/21,04,37,0,,,,,
2014/08/21,05,39,1,,,,,
2014/08/21,06,43,0,,,,,
2014/08/21,07,39,0,,,,,
2014/08/21,08,33,0,,,,,
2014/08/21,09,35,0,,,,,
2014/08/21,10,34,0,,,,,
2014/08/21,11,36,0,,,,,
2014/08/21,12,39,0,,,,,
2014/08/21,13,38,0,,,,,
2014/08/21,14,36,0,,,,,
2014/08/21,15,41,0,,,,,
2014/08/21,16,38,0,,,,,
2014/08/21,17,40,0,,,,,
2014/08/21,18,35,0,,,,,
2014/08/21,19,34,0,,,,,
2014/08/21,20,44,0,,,,,
2014/08/21,21,44,0,,,,,
2014/08/21,22,44,0,,,,,
2014/08/21,23,46,0,,,,,
2014/08/21,24,50,0,,,,,
2014/08/22,01,54,0,,,,,
2014/08/22,02,50,0,,,,,
2014/08/22,03,45,0,,,,,
2014/08/22,04,41,0,,,,,
2014/08/22,05,42,0,,,,,
2014/08/22,06,40,0,,,,,
2014/08/22,07,38,0,,,,,
2014/08/22,08,37,0,,,,,
2014/08/22,09,34,0,,,,,
2014/08/22,10,35,0,,,,,
2014/08/22,11,35,0,,,,,
2014/08/22,12,37,0,,,,,
2014/08/22,13,35,0,,,,,
2014/08/22,14,37,0,,,,,
2014/08/22,15,34,0,,,,,
2014/08/22,16,34,0,,,,,
2014/08/22,17,35,0,,,,,
2014/08/22,18,34,0,,,,,
2014/08/22,19,33,0,,,,,
2014/08/22,20,35,0,,,,,
2014/08/22,21,37,0,,,,,
2014/08/22,22,50,0,,,,,
2014/08/22,23,44,0,,,,,
2014/08/22,24,50,0,,,,,
2014/08/23,01,75,0,,,,,
2014/08/23,02,74,0,,,,,
2014/08/23,03,68,0,,,,,
2014/08/23,04,65,0,,,,,
2014/08/23,05,71,0,,,,,
2014/08/23,06,64,0,,,,,
2014/08/23,07,59,0,,,,,
2014/08/23,08,60,0,,,,,
2014/08/23,09,52,0,,,,,
2014/08/23,10,49,0,,,,,
2014/08/23,11,52,0,,,,,
2014/08/23,12,54,0,,,,,
2014/08/23,13,48,0,,,,,
2014/08/23,14,46,0,,,,,
2014/08/23,15,47,0,,,,,
2014/08/23,16,45,0,,,,,
2014/08/23,17,46,0,,,,,
2014/08/23,18,37,0,,,,,
2014/08/23,19,40,0,,,,,
2014/08/23,20,39,0,,,,,
2014/08/23,21,43,0,,,,,
2014/08/23,22,51,0,,,,,
2014/08/23,23,52,0,,,,,
2014/08/23,24,51,0,,,,,
2014/08/24,01,66,0,,,,,
2014/08/24,02,82,0,,,,,
2014/08/24,03,84,0,,,,,
2014/08/24,04,76,0,,,,,
2014/08/24,05,65,1,,,,,
2014/08/24,06,69,0,,,,,
2014/08/24,07,63,0,,,,,
2014/08/24,08,59,0,,,,,
2014/08/24,09,62,0,,,,,
2014/08/24,10,60,0,,,,,
2014/08/24,11,57,0,,,,,
2014/08/24,12,57,0,,,,,
2014/08/24,13,49,0,,,,,
2014/08/24,14,50,0,,,,,
2014/08/24,15,47,0,,,,,
2014/08/24,16,53,0,,,,,
2014/08/24,17,46,0,,,,,
2014/08/24,18,42,0,,,,,
2014/08/24,19,42,0,,,,,
2014/08/24,20,46,0,,,,,
2014/08/24,21,48,0,,,,,
2014/08/24,22,49,0,,,,,
2014/08/24,23,49,0,,,,,
2014/08/24,24,52,0,,,,,
2014/08/25,01,58,0,,,,,
2014/08/25,02,52,0,,,,,
2014/08/25,03,51,0,,,,,
2014/08/25,04,51,0,,,,,
2014/08/25,05,43,0,,,,,
2014/08/25,06,43,1,,,,,
2014/08/25,07,45,0,,,,,
2014/08/25,08,40,0,,,,,
2014/08/25,09,37,0,,,,,
2014/08/25,10,37,0,,,,,
2014/08/25,11,36,0,,,,,
2014/08/25,12,36,0,,,,,
2014/08/25,13,35,0,,,,,
2014/08/25,14,34,0,,,,,
2014/08/25,15,33,0,,,,,
2014/08/25,16,33,0,,,,,
2014/08/25,17,34,0,,,,,
2014/08/25,18,32,0,,,,,
2014/08/25,19,37,0,,,,,
2014/08/25,20,39,0,,,,,
2014/08/25,21,40,0,,,,,
2014/08/25,22,47,0,,,,,
2014/08/25,23,50,0,,,,,
2014/08/25,24,51,0,,,,,
2014/08/26,01,50,0,,,,,
2014/08/26,02,51,0,,,,,
2014/08/26,03,51,0,,,,,
2014/08/26,04,49,0,,,,,
2014/08/26,05,48,0,,,,,
2014/08/26,06,47,0,,,,,
2014/08/26,07,46,0,,,,,
2014/08/26,08,45,0,,,,,
2014/08/26,09,46,0,,,,,
2014/08/26,10,50,0,,,,,
2014/08/26,11,49,0,,,,,
2014/08/26,12,51,0,,,,,
2014/08/26,13,41,0,,,,,
2014/08/26,14,40,0,,,,,
2014/08/26,15,40,0,,,,,
2014/08/26,16,41,0,,,,,
2014/08/26,17,43,0,,,,,
2014/08/26,18,41,0,,,,,
2014/08/26,19,40,0,,,,,
2014/08/26,20,44,0,,,,,
2014/08/26,21,50,0,,,,,
2014/08/26,22,53,0,,,,,
2014/08/26,23,51,0,,,,,
2014/08/26,24,54,0,,,,,
2014/08/27,01,51,0,,,,,
2014/08/27,02,53,0,,,,,
2014/08/27,03,48,0,,,,,
2014/08/27,04,47,0,,,,,
2014/08/27,05,43,0,,,,,
2014/08/27,06,45,0,,,,,
2014/08/27,07,43,0,,,,,
2014/08/27,08,41,0,,,,,
2014/08/27,09,39,0,,,,,
2014/08/27,10,41,0,,,,,
2014/08/27,11,40,0,,,,,
2014/08/27,12,40,0,,,,,
2014/08/27,13,38,0,,,,,
2014/08/27,14,35,0,,,,,
2014/08/27,15,38,0,,,,,
2014/08/27,16,37,0,,,,,
2014/08/27,17,36,0,,,,,
2014/08/27,18,42,0,,,,,
2014/08/27,19,43,0,,,,,
2014/08/27,20,48,0,,,,,
2014/08/27,21,48,0,,,,,
2014/08/27,22,55,0,,,,,
2014/08/27,23,50,0,,,,,
2014/08/27,24,56,0,,,,,
2014/08/28,01,54,0,,,,,
2014/08/28,02,58,0,,,,,
2014/08/28,03,49,0,,,,,
2014/08/28,04,44,0,,,,,
2014/08/28,05,39,0,,,,,
2014/08/28,06,41,0,,,,,
2014/08/28,07,39,0,,,,,
2014/08/28,08,36,0,,,,,
2014/08/28,09,35,0,,,,,
2014/08/28,10,36,0,,,,,
2014/08/28,11,43,0,,,,,
2014/08/28,12,46,0,,,,,
2014/08/28,13,43,0,,,,,
2014/08/28,14,41,0,,,,,
2014/08/28,15,41,0,,,,,
2014/08/28,16,41,0,,,,,
2014/08/28,17,43,0,,,,,
2014/08/28,18,43,0,,,,,
2014/08/28,19,40,0,,,,,
2014/08/28,20,39,0,,,,,
2014/08/28,21,44,0,,,,,
2014/08/28,22,45,0,,,,,
2014/08/28,23,48,0,,,,,
2014/08/28,24,56,0,,,,,
2014/08/29,01,50,0,,,,,
2014/08/29,02,47,0,,,,,
2014/08/29,03,46,0,,,,,
2014/08/29,04,48,0,,,,,
2014/08/29,05,46,0,,,,,
2014/08/29,06,43,0,,,,,
2014/08/29,07,41,0,,,,,
2014/08/29,08,39,0,,,,,
2014/08/29,09,37,0,,,,,
2014/08/29,10,37,0,,,,,
2014/08/29,11,37,0,,,,,
2014/08/29,12,39,0,,,,,
2014/08/29,13,36,0,,,,,
2014/08/29,14,39,0,,,,,
2014/08/29,15,42,0,,,,,
2014/08/29,16,41,0,,,,,
2014/08/29,17,42,0,,,,,
2014/08/29,18,43,0,,,,,
2014/08/29,19,41,0,,,,,
2014/08/29,20,45,0,,,,,
2014/08/29,21,54,0,,,,,
2014/08/29,22,63,0,,,,,
2014/08/29,23,59,0,,,,,
2014/08/29,24,73,0,,,,,
2014/08/30,01,85,0,,,,,
2014/08/30,02,91,0,,,,,
2014/08/30,03,75,0,,,,,
2014/08/30,04,63,0,,,,,
2014/08/30,05,62,1,,,,,
2014/08/30,06,58,1,,,,,
2014/08/30,07,54,1,,,,,
2014/08/30,08,49,0,,,,,
2014/08/30,09,46,0,,,,,
2014/08/30,10,46,0,,,,,
2014/08/30,11,44,0,,,,,
2014/08/30,12,40,0,,,,,
2014/08/30,13,42,0,,,,,
2014/08/30,14,39,0,,,,,
2014/08/30,15,44,0,,,,,
2014/08/30,16,47,0,,,,,
2014/08/30,17,43,0,,,,,
2014/08/30,18,37,0,,,,,
2014/08/30,19,38,0,,,,,
2014/08/30,20,39,0,,,,,
2014/08/30,21,42,0,,,,,
2014/08/30,22,46,0,,,,,
2014/08/30,23,47,0,,,,,
2014/08/30,24,51,0,,,,,
2014/08/31,01,78,0,,,,,
2014/08/31,02,80,0,,,,,
2014/08/31,03,75,0,,,,,
2014/08/31,04,69,0,,,,,
2014/08/31,05,66,0,,,,,
2014/08/31,06,63,0,,,,,
2014/08/31,07,63,0,,,,,
2014/08/31,08,62,0,,,,,
2014/08/31,09,60,0,,,,,
2014/08/31,10,60,0,,,,,
2014/08/31,11,58,0,,,,,
2014/08/31,12,58,0,,,,,
2014/08/31,13,49,0,,,,,
2014/08/31,14,48,0,,,,,
2014/08/31,15,51,0,,,,,
2014/08/31,16,48,0,,,,,
2014/08/31,17,45,0,,,,,
2014/08/31,18,50,0,,,,,
2014/08/31,19,42,0,,,,,
2014/08/31,20,42,0,,,,,
2014/08/31,21,46,0,,,,,
2014/08/31,22,48,0,,,,,
2014/08/31,23,48,0,,,,,
2014/08/31,24,44,0,,,,,
