計測日,計測時間,全体,空調,照明,動力,電灯,冷凍・冷熱,その他
2013/12/01,01,48,1,,,,,
2013/12/01,02,50,1,,,,,
2013/12/01,03,44,1,,,,,
2013/12/01,04,45,1,,,,,
2013/12/01,05,44,1,,,,,
2013/12/01,06,42,1,,,,,
2013/12/01,07,43,1,,,,,
2013/12/01,08,41,1,,,,,
2013/12/01,09,45,1,,,,,
2013/12/01,10,48,1,,,,,
2013/12/01,11,46,1,,,,,
2013/12/01,12,42,1,,,,,
2013/12/01,13,50,1,,,,,
2013/12/01,14,52,1,,,,,
2013/12/01,15,60,1,,,,,
2013/12/01,16,53,1,,,,,
2013/12/01,17,76,1,,,,,
2013/12/01,18,68,1,,,,,
2013/12/01,19,72,1,,,,,
2013/12/01,20,62,1,,,,,
2013/12/01,21,64,1,,,,,
2013/12/01,22,61,1,,,,,
2013/12/01,23,60,1,,,,,
2013/12/01,24,62,1,,,,,
2013/12/02,01,67,1,,,,,
2013/12/02,02,62,1,,,,,
2013/12/02,03,63,1,,,,,
2013/12/02,04,68,1,,,,,
2013/12/02,05,71,1,,,,,
2013/12/02,06,72,1,,,,,
2013/12/02,07,75,1,,,,,
2013/12/02,08,94,2,,,,,
2013/12/02,09,111,3,,,,,
2013/12/02,10,99,5,,,,,
2013/12/02,11,97,6,,,,,
2013/12/02,12,92,6,,,,,
2013/12/02,13,91,7,,,,,
2013/12/02,14,97,5,,,,,
2013/12/02,15,102,6,,,,,
2013/12/02,16,100,5,,,,,
2013/12/02,17,96,5,,,,,
2013/12/02,18,85,4,,,,,
2013/12/02,19,75,2,,,,,
2013/12/02,20,76,2,,,,,
2013/12/02,21,73,2,,,,,
2013/12/02,22,63,1,,,,,
2013/12/02,23,60,1,,,,,
2013/12/02,24,58,1,,,,,
2013/12/03,01,57,1,,,,,
2013/12/03,02,55,1,,,,,
2013/12/03,03,53,1,,,,,
2013/12/03,04,54,1,,,,,
2013/12/03,05,59,1,,,,,
2013/12/03,06,58,1,,,,,
2013/12/03,07,58,1,,,,,
2013/12/03,08,70,1,,,,,
2013/12/03,09,89,4,,,,,
2013/12/03,10,89,4,,,,,
2013/12/03,11,88,6,,,,,
2013/12/03,12,77,7,,,,,
2013/12/03,13,80,4,,,,,
2013/12/03,14,72,2,,,,,
2013/12/03,15,89,1,,,,,
2013/12/03,16,91,2,,,,,
2013/12/03,17,87,1,,,,,
2013/12/03,18,81,1,,,,,
2013/12/03,19,76,1,,,,,
2013/12/03,20,70,1,,,,,
2013/12/03,21,77,1,,,,,
2013/12/03,22,64,1,,,,,
2013/12/03,23,64,1,,,,,
2013/12/03,24,55,1,,,,,
2013/12/04,01,55,1,,,,,
2013/12/04,02,46,1,,,,,
2013/12/04,03,48,1,,,,,
2013/12/04,04,49,1,,,,,
2013/12/04,05,57,1,,,,,
2013/12/04,06,54,1,,,,,
2013/12/04,07,54,1,,,,,
2013/12/04,08,70,1,,,,,
2013/12/04,09,88,3,,,,,
2013/12/04,10,90,8,,,,,
2013/12/04,11,86,6,,,,,
2013/12/04,12,79,4,,,,,
2013/12/04,13,79,6,,,,,
2013/12/04,14,73,5,,,,,
2013/12/04,15,83,3,,,,,
2013/12/04,16,79,3,,,,,
2013/12/04,17,83,4,,,,,
2013/12/04,18,71,2,,,,,
2013/12/04,19,66,2,,,,,
2013/12/04,20,62,2,,,,,
2013/12/04,21,60,2,,,,,
2013/12/04,22,55,2,,,,,
2013/12/04,23,57,2,,,,,
2013/12/04,24,48,2,,,,,
2013/12/05,01,51,2,,,,,
2013/12/05,02,43,2,,,,,
2013/12/05,03,47,1,,,,,
2013/12/05,04,44,2,,,,,
2013/12/05,05,49,2,,,,,
2013/12/05,06,47,2,,,,,
2013/12/05,07,57,2,,,,,
2013/12/05,08,71,2,,,,,
2013/12/05,09,87,2,,,,,
2013/12/05,10,90,4,,,,,
2013/12/05,11,93,4,,,,,
2013/12/05,12,78,3,,,,,
2013/12/05,13,72,4,,,,,
2013/12/05,14,73,3,,,,,
2013/12/05,15,80,3,,,,,
2013/12/05,16,77,4,,,,,
2013/12/05,17,78,3,,,,,
2013/12/05,18,67,2,,,,,
2013/12/05,19,65,1,,,,,
2013/12/05,20,67,1,,,,,
2013/12/05,21,59,1,,,,,
2013/12/05,22,52,1,,,,,
2013/12/05,23,49,1,,,,,
2013/12/05,24,48,1,,,,,
2013/12/06,01,47,1,,,,,
2013/12/06,02,41,1,,,,,
2013/12/06,03,44,1,,,,,
2013/12/06,04,44,1,,,,,
2013/12/06,05,60,1,,,,,
2013/12/06,06,50,1,,,,,
2013/12/06,07,58,1,,,,,
2013/12/06,08,68,1,,,,,
2013/12/06,09,88,1,,,,,
2013/12/06,10,81,2,,,,,
2013/12/06,11,84,4,,,,,
2013/12/06,12,82,5,,,,,
2013/12/06,13,74,2,,,,,
2013/12/06,14,79,3,,,,,
2013/12/06,15,90,3,,,,,
2013/12/06,16,93,3,,,,,
2013/12/06,17,92,3,,,,,
2013/12/06,18,87,2,,,,,
2013/12/06,19,87,2,,,,,
2013/12/06,20,72,1,,,,,
2013/12/06,21,74,1,,,,,
2013/12/06,22,63,1,,,,,
2013/12/06,23,61,1,,,,,
2013/12/06,24,56,1,,,,,
2013/12/07,01,56,1,,,,,
2013/12/07,02,55,1,,,,,
2013/12/07,03,53,1,,,,,
2013/12/07,04,56,1,,,,,
2013/12/07,05,62,1,,,,,
2013/12/07,06,57,1,,,,,
2013/12/07,07,69,1,,,,,
2013/12/07,08,70,1,,,,,
2013/12/07,09,84,1,,,,,
2013/12/07,10,76,2,,,,,
2013/12/07,11,78,2,,,,,
2013/12/07,12,69,2,,,,,
2013/12/07,13,71,2,,,,,
2013/12/07,14,63,2,,,,,
2013/12/07,15,76,2,,,,,
2013/12/07,16,73,1,,,,,
2013/12/07,17,72,1,,,,,
2013/12/07,18,66,1,,,,,
2013/12/07,19,69,1,,,,,
2013/12/07,20,61,1,,,,,
2013/12/07,21,69,1,,,,,
2013/12/07,22,58,1,,,,,
2013/12/07,23,53,1,,,,,
2013/12/07,24,53,1,,,,,
2013/12/08,01,52,1,,,,,
2013/12/08,02,47,1,,,,,
2013/12/08,03,48,1,,,,,
2013/12/08,04,44,1,,,,,
2013/12/08,05,49,1,,,,,
2013/12/08,06,44,1,,,,,
2013/12/08,07,45,1,,,,,
2013/12/08,08,37,1,,,,,
2013/12/08,09,51,1,,,,,
2013/12/08,10,48,2,,,,,
2013/12/08,11,51,2,,,,,
2013/12/08,12,47,2,,,,,
2013/12/08,13,58,2,,,,,
2013/12/08,14,67,2,,,,,
2013/12/08,15,61,2,,,,,
2013/12/08,16,59,2,,,,,
2013/12/08,17,68,1,,,,,
2013/12/08,18,75,1,,,,,
2013/12/08,19,73,1,,,,,
2013/12/08,20,65,1,,,,,
2013/12/08,21,69,1,,,,,
2013/12/08,22,62,1,,,,,
2013/12/08,23,70,1,,,,,
2013/12/08,24,67,1,,,,,
2013/12/09,01,68,1,,,,,
2013/12/09,02,64,1,,,,,
2013/12/09,03,66,1,,,,,
2013/12/09,04,76,1,,,,,
2013/12/09,05,81,1,,,,,
2013/12/09,06,79,1,,,,,
2013/12/09,07,92,1,,,,,
2013/12/09,08,99,1,,,,,
2013/12/09,09,114,3,,,,,
2013/12/09,10,111,6,,,,,
2013/12/09,11,114,5,,,,,
2013/12/09,12,102,6,,,,,
2013/12/09,13,104,3,,,,,
2013/12/09,14,95,3,,,,,
2013/12/09,15,110,4,,,,,
2013/12/09,16,117,4,,,,,
2013/12/09,17,108,4,,,,,
2013/12/09,18,101,4,,,,,
2013/12/09,19,93,2,,,,,
2013/12/09,20,91,2,,,,,
2013/12/09,21,80,2,,,,,
2013/12/09,22,76,2,,,,,
2013/12/09,23,74,2,,,,,
2013/12/09,24,67,2,,,,,
2013/12/10,01,71,2,,,,,
2013/12/10,02,70,2,,,,,
2013/12/10,03,69,2,,,,,
2013/12/10,04,68,1,,,,,
2013/12/10,05,72,2,,,,,
2013/12/10,06,73,1,,,,,
2013/12/10,07,73,2,,,,,
2013/12/10,08,86,2,,,,,
2013/12/10,09,106,4,,,,,
2013/12/10,10,103,6,,,,,
2013/12/10,11,101,4,,,,,
2013/12/10,12,92,1,,,,,
2013/12/10,13,92,3,,,,,
2013/12/10,14,98,5,,,,,
2013/12/10,15,99,2,,,,,
2013/12/10,16,95,2,,,,,
2013/12/10,17,102,2,,,,,
2013/12/10,18,89,3,,,,,
2013/12/10,19,91,6,,,,,
2013/12/10,20,78,3,,,,,
2013/12/10,21,76,2,,,,,
2013/12/10,22,78,2,,,,,
2013/12/10,23,71,2,,,,,
2013/12/10,24,69,2,,,,,
2013/12/11,01,65,2,,,,,
2013/12/11,02,63,2,,,,,
2013/12/11,03,63,2,,,,,
2013/12/11,04,61,2,,,,,
2013/12/11,05,76,2,,,,,
2013/12/11,06,68,2,,,,,
2013/12/11,07,72,2,,,,,
2013/12/11,08,85,3,,,,,
2013/12/11,09,100,5,,,,,
2013/12/11,10,90,4,,,,,
2013/12/11,11,84,5,,,,,
2013/12/11,12,89,6,,,,,
2013/12/11,13,87,7,,,,,
2013/12/11,14,100,5,,,,,
2013/12/11,15,94,6,,,,,
2013/12/11,16,98,7,,,,,
2013/12/11,17,100,7,,,,,
2013/12/11,18,90,7,,,,,
2013/12/11,19,85,5,,,,,
2013/12/11,20,81,6,,,,,
2013/12/11,21,75,6,,,,,
2013/12/11,22,64,4,,,,,
2013/12/11,23,63,4,,,,,
2013/12/11,24,56,2,,,,,
2013/12/12,01,58,1,,,,,
2013/12/12,02,48,1,,,,,
2013/12/12,03,51,1,,,,,
2013/12/12,04,51,1,,,,,
2013/12/12,05,63,1,,,,,
2013/12/12,06,59,1,,,,,
2013/12/12,07,58,1,,,,,
2013/12/12,08,70,3,,,,,
2013/12/12,09,93,10,,,,,
2013/12/12,10,99,10,,,,,
2013/12/12,11,99,7,,,,,
2013/12/12,12,84,6,,,,,
2013/12/12,13,84,7,,,,,
2013/12/12,14,79,6,,,,,
2013/12/12,15,92,6,,,,,
2013/12/12,16,93,6,,,,,
2013/12/12,17,96,5,,,,,
2013/12/12,18,90,6,,,,,
2013/12/12,19,83,8,,,,,
2013/12/12,20,76,9,,,,,
2013/12/12,21,81,5,,,,,
2013/12/12,22,79,4,,,,,
2013/12/12,23,72,1,,,,,
2013/12/12,24,65,1,,,,,
2013/12/13,01,68,1,,,,,
2013/12/13,02,64,1,,,,,
2013/12/13,03,71,1,,,,,
2013/12/13,04,68,1,,,,,
2013/12/13,05,74,1,,,,,
2013/12/13,06,72,1,,,,,
2013/12/13,07,78,1,,,,,
2013/12/13,08,91,6,,,,,
2013/12/13,09,100,5,,,,,
2013/12/13,10,93,4,,,,,
2013/12/13,11,101,8,,,,,
2013/12/13,12,103,2,,,,,
2013/12/13,13,84,3,,,,,
2013/12/13,14,93,5,,,,,
2013/12/13,15,99,4,,,,,
2013/12/13,16,107,4,,,,,
2013/12/13,17,114,7,,,,,
2013/12/13,18,101,2,,,,,
2013/12/13,19,88,2,,,,,
2013/12/13,20,77,2,,,,,
2013/12/13,21,83,2,,,,,
2013/12/13,22,78,2,,,,,
2013/12/13,23,76,2,,,,,
2013/12/13,24,65,2,,,,,
2013/12/14,01,69,2,,,,,
2013/12/14,02,68,2,,,,,
2013/12/14,03,62,2,,,,,
2013/12/14,04,68,2,,,,,
2013/12/14,05,76,1,,,,,
2013/12/14,06,74,1,,,,,
2013/12/14,07,83,1,,,,,
2013/12/14,08,87,1,,,,,
2013/12/14,09,111,2,,,,,
2013/12/14,10,99,1,,,,,
2013/12/14,11,97,2,,,,,
2013/12/14,12,91,1,,,,,
2013/12/14,13,92,1,,,,,
2013/12/14,14,89,3,,,,,
2013/12/14,15,89,2,,,,,
2013/12/14,16,78,2,,,,,
2013/12/14,17,70,2,,,,,
2013/12/14,18,62,2,,,,,
2013/12/14,19,76,2,,,,,
2013/12/14,20,74,2,,,,,
2013/12/14,21,71,2,,,,,
2013/12/14,22,67,2,,,,,
2013/12/14,23,65,2,,,,,
2013/12/14,24,61,2,,,,,
2013/12/15,01,60,2,,,,,
2013/12/15,02,64,2,,,,,
2013/12/15,03,65,2,,,,,
2013/12/15,04,58,2,,,,,
2013/12/15,05,60,2,,,,,
2013/12/15,06,72,2,,,,,
2013/12/15,07,70,2,,,,,
2013/12/15,08,62,2,,,,,
2013/12/15,09,66,2,,,,,
2013/12/15,10,67,2,,,,,
2013/12/15,11,69,2,,,,,
2013/12/15,12,70,2,,,,,
2013/12/15,13,74,2,,,,,
2013/12/15,14,80,2,,,,,
2013/12/15,15,87,1,,,,,
2013/12/15,16,72,1,,,,,
2013/12/15,17,77,1,,,,,
2013/12/15,18,78,1,,,,,
2013/12/15,19,89,2,,,,,
2013/12/15,20,79,1,,,,,
2013/12/15,21,75,1,,,,,
2013/12/15,22,71,1,,,,,
2013/12/15,23,70,1,,,,,
2013/12/15,24,70,1,,,,,
2013/12/16,01,83,1,,,,,
2013/12/16,02,69,1,,,,,
2013/12/16,03,74,1,,,,,
2013/12/16,04,74,1,,,,,
2013/12/16,05,89,1,,,,,
2013/12/16,06,88,1,,,,,
2013/12/16,07,89,1,,,,,
2013/12/16,08,107,1,,,,,
2013/12/16,09,123,1,,,,,
2013/12/16,10,123,5,,,,,
2013/12/16,11,127,5,,,,,
2013/12/16,12,123,6,,,,,
2013/12/16,13,125,8,,,,,
2013/12/16,14,113,7,,,,,
2013/12/16,15,115,8,,,,,
2013/12/16,16,113,7,,,,,
2013/12/16,17,114,7,,,,,
2013/12/16,18,105,8,,,,,
2013/12/16,19,111,8,,,,,
2013/12/16,20,93,6,,,,,
2013/12/16,21,89,5,,,,,
2013/12/16,22,80,4,,,,,
2013/12/16,23,78,3,,,,,
2013/12/16,24,75,3,,,,,
2013/12/17,01,80,3,,,,,
2013/12/17,02,71,2,,,,,
2013/12/17,03,76,2,,,,,
2013/12/17,04,77,2,,,,,
2013/12/17,05,95,2,,,,,
2013/12/17,06,96,2,,,,,
2013/12/17,07,92,2,,,,,
2013/12/17,08,113,2,,,,,
2013/12/17,09,138,2,,,,,
2013/12/17,10,129,3,,,,,
2013/12/17,11,129,5,,,,,
2013/12/17,12,124,6,,,,,
2013/12/17,13,114,5,,,,,
2013/12/17,14,121,5,,,,,
2013/12/17,15,117,3,,,,,
2013/12/17,16,123,5,,,,,
2013/12/17,17,121,6,,,,,
2013/12/17,18,123,5,,,,,
2013/12/17,19,119,4,,,,,
2013/12/17,20,107,4,,,,,
2013/12/17,21,103,2,,,,,
2013/12/17,22,96,3,,,,,
2013/12/17,23,81,2,,,,,
2013/12/17,24,81,2,,,,,
2013/12/18,01,83,2,,,,,
2013/12/18,02,77,2,,,,,
2013/12/18,03,72,2,,,,,
2013/12/18,04,77,2,,,,,
2013/12/18,05,88,2,,,,,
2013/12/18,06,84,2,,,,,
2013/12/18,07,98,2,,,,,
2013/12/18,08,115,2,,,,,
2013/12/18,09,124,2,,,,,
2013/12/18,10,121,3,,,,,
2013/12/18,11,104,3,,,,,
2013/12/18,12,101,4,,,,,
2013/12/18,13,96,4,,,,,
2013/12/18,14,93,4,,,,,
2013/12/18,15,102,5,,,,,
2013/12/18,16,104,4,,,,,
2013/12/18,17,108,4,,,,,
2013/12/18,18,103,4,,,,,
2013/12/18,19,95,3,,,,,
2013/12/18,20,90,2,,,,,
2013/12/18,21,85,2,,,,,
2013/12/18,22,78,2,,,,,
2013/12/18,23,80,2,,,,,
2013/12/18,24,66,2,,,,,
2013/12/19,01,73,2,,,,,
2013/12/19,02,68,2,,,,,
2013/12/19,03,69,2,,,,,
2013/12/19,04,69,2,,,,,
2013/12/19,05,79,2,,,,,
2013/12/19,06,79,2,,,,,
2013/12/19,07,72,2,,,,,
2013/12/19,08,90,2,,,,,
2013/12/19,09,114,2,,,,,
2013/12/19,10,111,2,,,,,
2013/12/19,11,109,5,,,,,
2013/12/19,12,112,6,,,,,
2013/12/19,13,103,7,,,,,
2013/12/19,14,99,4,,,,,
2013/12/19,15,100,3,,,,,
2013/12/19,16,99,3,,,,,
2013/12/19,17,108,3,,,,,
2013/12/19,18,95,3,,,,,
2013/12/19,19,102,3,,,,,
2013/12/19,20,89,3,,,,,
2013/12/19,21,93,3,,,,,
2013/12/19,22,91,3,,,,,
2013/12/19,23,81,1,,,,,
2013/12/19,24,77,1,,,,,
2013/12/20,01,81,1,,,,,
2013/12/20,02,70,1,,,,,
2013/12/20,03,82,2,,,,,
2013/12/20,04,72,1,,,,,
2013/12/20,05,91,1,,,,,
2013/12/20,06,81,1,,,,,
2013/12/20,07,80,1,,,,,
2013/12/20,08,95,6,,,,,
2013/12/20,09,121,9,,,,,
2013/12/20,10,101,3,,,,,
2013/12/20,11,102,4,,,,,
2013/12/20,12,90,4,,,,,
2013/12/20,13,94,8,,,,,
2013/12/20,14,93,6,,,,,
2013/12/20,15,88,3,,,,,
2013/12/20,16,95,6,,,,,
2013/12/20,17,98,6,,,,,
2013/12/20,18,90,3,,,,,
2013/12/20,19,98,2,,,,,
2013/12/20,20,103,2,,,,,
2013/12/20,21,109,2,,,,,
2013/12/20,22,96,2,,,,,
2013/12/20,23,99,2,,,,,
2013/12/20,24,97,2,,,,,
2013/12/21,01,95,2,,,,,
2013/12/21,02,89,2,,,,,
2013/12/21,03,92,2,,,,,
2013/12/21,04,94,2,,,,,
2013/12/21,05,104,2,,,,,
2013/12/21,06,99,2,,,,,
2013/12/21,07,87,2,,,,,
2013/12/21,08,94,2,,,,,
2013/12/21,09,108,3,,,,,
2013/12/21,10,103,4,,,,,
2013/12/21,11,91,6,,,,,
2013/12/21,12,96,6,,,,,
2013/12/21,13,90,6,,,,,
2013/12/21,14,102,10,,,,,
2013/12/21,15,100,9,,,,,
2013/12/21,16,91,10,,,,,
2013/12/21,17,88,9,,,,,
2013/12/21,18,90,8,,,,,
2013/12/21,19,85,4,,,,,
2013/12/21,20,81,3,,,,,
2013/12/21,21,83,3,,,,,
2013/12/21,22,72,1,,,,,
2013/12/21,23,71,1,,,,,
2013/12/21,24,73,1,,,,,
2013/12/22,01,68,1,,,,,
2013/12/22,02,67,1,,,,,
2013/12/22,03,72,1,,,,,
2013/12/22,04,71,1,,,,,
2013/12/22,05,67,1,,,,,
2013/12/22,06,64,1,,,,,
2013/12/22,07,63,1,,,,,
2013/12/22,08,55,1,,,,,
2013/12/22,09,74,4,,,,,
2013/12/22,10,68,4,,,,,
2013/12/22,11,76,4,,,,,
2013/12/22,12,71,5,,,,,
2013/12/22,13,87,7,,,,,
2013/12/22,14,83,7,,,,,
2013/12/22,15,82,5,,,,,
2013/12/22,16,80,3,,,,,
2013/12/22,17,89,3,,,,,
2013/12/22,18,82,2,,,,,
2013/12/22,19,81,3,,,,,
2013/12/22,20,80,3,,,,,
2013/12/22,21,80,2,,,,,
2013/12/22,22,63,1,,,,,
2013/12/22,23,73,1,,,,,
2013/12/22,24,67,1,,,,,
2013/12/23,01,64,1,,,,,
2013/12/23,02,71,1,,,,,
2013/12/23,03,70,1,,,,,
2013/12/23,04,69,1,,,,,
2013/12/23,05,75,1,,,,,
2013/12/23,06,80,1,,,,,
2013/12/23,07,77,1,,,,,
2013/12/23,08,85,1,,,,,
2013/12/23,09,94,1,,,,,
2013/12/23,10,98,6,,,,,
2013/12/23,11,89,7,,,,,
2013/12/23,12,95,9,,,,,
2013/12/23,13,102,8,,,,,
2013/12/23,14,92,6,,,,,
2013/12/23,15,91,6,,,,,
2013/12/23,16,95,6,,,,,
2013/12/23,17,101,5,,,,,
2013/12/23,18,95,3,,,,,
2013/12/23,19,92,3,,,,,
2013/12/23,20,100,3,,,,,
2013/12/23,21,97,4,,,,,
2013/12/23,22,84,2,,,,,
2013/12/23,23,82,2,,,,,
2013/12/23,24,85,1,,,,,
2013/12/24,01,87,2,,,,,
2013/12/24,02,81,2,,,,,
2013/12/24,03,81,2,,,,,
2013/12/24,04,82,2,,,,,
2013/12/24,05,87,2,,,,,
2013/12/24,06,82,2,,,,,
2013/12/24,07,77,1,,,,,
2013/12/24,08,100,4,,,,,
2013/12/24,09,118,6,,,,,
2013/12/24,10,115,10,,,,,
2013/12/24,11,118,9,,,,,
2013/12/24,12,112,9,,,,,
2013/12/24,13,113,11,,,,,
2013/12/24,14,108,7,,,,,
2013/12/24,15,96,7,,,,,
2013/12/24,16,108,7,,,,,
2013/12/24,17,106,7,,,,,
2013/12/24,18,109,6,,,,,
2013/12/24,19,99,6,,,,,
2013/12/24,20,92,6,,,,,
2013/12/24,21,98,5,,,,,
2013/12/24,22,88,5,,,,,
2013/12/24,23,84,6,,,,,
2013/12/24,24,74,3,,,,,
2013/12/25,01,71,2,,,,,
2013/12/25,02,67,2,,,,,
2013/12/25,03,61,1,,,,,
2013/12/25,04,63,2,,,,,
2013/12/25,05,67,2,,,,,
2013/12/25,06,73,1,,,,,
2013/12/25,07,73,2,,,,,
2013/12/25,08,89,6,,,,,
2013/12/25,09,109,8,,,,,
2013/12/25,10,96,5,,,,,
2013/12/25,11,95,7,,,,,
2013/12/25,12,105,6,,,,,
2013/12/25,13,105,7,,,,,
2013/12/25,14,100,5,,,,,
2013/12/25,15,94,5,,,,,
2013/12/25,16,88,6,,,,,
2013/12/25,17,102,6,,,,,
2013/12/25,18,94,6,,,,,
2013/12/25,19,97,5,,,,,
2013/12/25,20,85,5,,,,,
2013/12/25,21,91,2,,,,,
2013/12/25,22,81,2,,,,,
2013/12/25,23,77,2,,,,,
2013/12/25,24,72,1,,,,,
2013/12/26,01,67,1,,,,,
2013/12/26,02,65,1,,,,,
2013/12/26,03,70,1,,,,,
2013/12/26,04,66,1,,,,,
2013/12/26,05,73,1,,,,,
2013/12/26,06,68,1,,,,,
2013/12/26,07,75,1,,,,,
2013/12/26,08,91,2,,,,,
2013/12/26,09,115,9,,,,,
2013/12/26,10,119,11,,,,,
2013/12/26,11,115,8,,,,,
2013/12/26,12,119,7,,,,,
2013/12/26,13,106,10,,,,,
2013/12/26,14,103,10,,,,,
2013/12/26,15,110,9,,,,,
2013/12/26,16,109,6,,,,,
2013/12/26,17,115,6,,,,,
2013/12/26,18,98,7,,,,,
2013/12/26,19,107,6,,,,,
2013/12/26,20,98,4,,,,,
2013/12/26,21,102,2,,,,,
2013/12/26,22,91,1,,,,,
2013/12/26,23,87,1,,,,,
2013/12/26,24,83,1,,,,,
2013/12/27,01,78,1,,,,,
2013/12/27,02,73,1,,,,,
2013/12/27,03,78,1,,,,,
2013/12/27,04,76,1,,,,,
2013/12/27,05,84,1,,,,,
2013/12/27,06,75,1,,,,,
2013/12/27,07,78,1,,,,,
2013/12/27,08,102,11,,,,,
2013/12/27,09,125,12,,,,,
2013/12/27,10,127,12,,,,,
2013/12/27,11,127,12,,,,,
2013/12/27,12,114,11,,,,,
2013/12/27,13,117,15,,,,,
2013/12/27,14,120,16,,,,,
2013/12/27,15,115,11,,,,,
2013/12/27,16,117,11,,,,,
2013/12/27,17,123,11,,,,,
2013/12/27,18,111,10,,,,,
2013/12/27,19,121,9,,,,,
2013/12/27,20,110,7,,,,,
2013/12/27,21,96,3,,,,,
2013/12/27,22,92,2,,,,,
2013/12/27,23,86,1,,,,,
2013/12/27,24,81,1,,,,,
2013/12/28,01,78,1,,,,,
2013/12/28,02,75,1,,,,,
2013/12/28,03,75,1,,,,,
2013/12/28,04,75,1,,,,,
2013/12/28,05,84,1,,,,,
2013/12/28,06,78,1,,,,,
2013/12/28,07,75,1,,,,,
2013/12/28,08,83,1,,,,,
2013/12/28,09,97,9,,,,,
2013/12/28,10,100,13,,,,,
2013/12/28,11,96,11,,,,,
2013/12/28,12,79,10,,,,,
2013/12/28,13,89,13,,,,,
2013/12/28,14,79,8,,,,,
2013/12/28,15,81,5,,,,,
2013/12/28,16,76,7,,,,,
2013/12/28,17,79,7,,,,,
2013/12/28,18,85,8,,,,,
2013/12/28,19,88,10,,,,,
2013/12/28,20,78,8,,,,,
2013/12/28,21,68,5,,,,,
2013/12/28,22,58,1,,,,,
2013/12/28,23,57,1,,,,,
2013/12/28,24,51,1,,,,,
2013/12/29,01,51,1,,,,,
2013/12/29,02,48,1,,,,,
2013/12/29,03,43,1,,,,,
2013/12/29,04,50,1,,,,,
2013/12/29,05,54,1,,,,,
2013/12/29,06,56,1,,,,,
2013/12/29,07,47,1,,,,,
2013/12/29,08,56,1,,,,,
2013/12/29,09,61,3,,,,,
2013/12/29,10,61,3,,,,,
2013/12/29,11,69,1,,,,,
2013/12/29,12,72,10,,,,,
2013/12/29,13,76,9,,,,,
2013/12/29,14,72,9,,,,,
2013/12/29,15,72,6,,,,,
2013/12/29,16,71,4,,,,,
2013/12/29,17,81,3,,,,,
2013/12/29,18,78,3,,,,,
2013/12/29,19,91,3,,,,,
2013/12/29,20,84,3,,,,,
2013/12/29,21,84,3,,,,,
2013/12/29,22,76,4,,,,,
2013/12/29,23,74,3,,,,,
2013/12/29,24,64,1,,,,,
2013/12/30,01,67,1,,,,,
2013/12/30,02,55,1,,,,,
2013/12/30,03,65,1,,,,,
2013/12/30,04,61,1,,,,,
2013/12/30,05,69,1,,,,,
2013/12/30,06,63,1,,,,,
2013/12/30,07,67,1,,,,,
2013/12/30,08,80,7,,,,,
2013/12/30,09,98,11,,,,,
2013/12/30,10,86,2,,,,,
2013/12/30,11,93,1,,,,,
2013/12/30,12,90,7,,,,,
2013/12/30,13,76,3,,,,,
2013/12/30,14,80,3,,,,,
2013/12/30,15,81,4,,,,,
2013/12/30,16,74,4,,,,,
2013/12/30,17,80,4,,,,,
2013/12/30,18,71,1,,,,,
2013/12/30,19,71,1,,,,,
2013/12/30,20,64,1,,,,,
2013/12/30,21,65,1,,,,,
2013/12/30,22,55,1,,,,,
2013/12/30,23,52,1,,,,,
2013/12/30,24,52,1,,,,,
2013/12/31,01,46,1,,,,,
2013/12/31,02,37,1,,,,,
2013/12/31,03,46,1,,,,,
2013/12/31,04,43,1,,,,,
2013/12/31,05,50,1,,,,,
2013/12/31,06,41,1,,,,,
2013/12/31,07,51,1,,,,,
2013/12/31,08,50,1,,,,,
2013/12/31,09,65,7,,,,,
2013/12/31,10,56,6,,,,,
2013/12/31,11,57,5,,,,,
2013/12/31,12,53,5,,,,,
2013/12/31,13,58,6,,,,,
2013/12/31,14,55,6,,,,,
2013/12/31,15,61,8,,,,,
2013/12/31,16,57,8,,,,,
2013/12/31,17,66,9,,,,,
2013/12/31,18,62,7,,,,,
2013/12/31,19,75,5,,,,,
2013/12/31,20,61,2,,,,,
2013/12/31,21,52,1,,,,,
2013/12/31,22,47,1,,,,,
2013/12/31,23,50,1,,,,,
2013/12/31,24,52,1,,,,,
2014/01/01,01,50,1,,,,,
2014/01/01,02,48,1,,,,,
2014/01/01,03,49,1,,,,,
2014/01/01,04,51,1,,,,,
2014/01/01,05,51,1,,,,,
2014/01/01,06,53,1,,,,,
2014/01/01,07,61,1,,,,,
2014/01/01,08,54,1,,,,,
2014/01/01,09,65,1,,,,,
2014/01/01,10,54,1,,,,,
2014/01/01,11,49,1,,,,,
2014/01/01,12,48,1,,,,,
2014/01/01,13,49,1,,,,,
2014/01/01,14,47,1,,,,,
2014/01/01,15,50,1,,,,,
2014/01/01,16,47,1,,,,,
2014/01/01,17,48,1,,,,,
2014/01/01,18,46,1,,,,,
2014/01/01,19,49,1,,,,,
2014/01/01,20,47,1,,,,,
2014/01/01,21,50,1,,,,,
2014/01/01,22,46,1,,,,,
2014/01/01,23,45,1,,,,,
2014/01/01,24,43,1,,,,,
2014/01/02,01,42,1,,,,,
2014/01/02,02,45,1,,,,,
2014/01/02,03,43,1,,,,,
2014/01/02,04,43,1,,,,,
2014/01/02,05,44,1,,,,,
2014/01/02,06,43,1,,,,,
2014/01/02,07,42,1,,,,,
2014/01/02,08,42,1,,,,,
2014/01/02,09,44,1,,,,,
2014/01/02,10,46,1,,,,,
2014/01/02,11,44,1,,,,,
2014/01/02,12,48,1,,,,,
2014/01/02,13,48,1,,,,,
2014/01/02,14,55,1,,,,,
2014/01/02,15,59,1,,,,,
2014/01/02,16,56,1,,,,,
2014/01/02,17,53,1,,,,,
2014/01/02,18,52,1,,,,,
2014/01/02,19,50,1,,,,,
2014/01/02,20,47,1,,,,,
2014/01/02,21,53,1,,,,,
2014/01/02,22,47,1,,,,,
2014/01/02,23,54,1,,,,,
2014/01/02,24,45,1,,,,,
2014/01/03,01,47,1,,,,,
2014/01/03,02,44,1,,,,,
2014/01/03,03,45,1,,,,,
2014/01/03,04,47,1,,,,,
2014/01/03,05,49,1,,,,,
2014/01/03,06,51,1,,,,,
2014/01/03,07,70,1,,,,,
2014/01/03,08,77,1,,,,,
2014/01/03,09,66,4,,,,,
2014/01/03,10,71,5,,,,,
2014/01/03,11,74,4,,,,,
2014/01/03,12,72,4,,,,,
2014/01/03,13,76,3,,,,,
2014/01/03,14,65,3,,,,,
2014/01/03,15,70,3,,,,,
2014/01/03,16,74,4,,,,,
2014/01/03,17,76,3,,,,,
2014/01/03,18,70,3,,,,,
2014/01/03,19,71,3,,,,,
2014/01/03,20,77,3,,,,,
2014/01/03,21,62,2,,,,,
2014/01/03,22,57,1,,,,,
2014/01/03,23,52,1,,,,,
2014/01/03,24,48,1,,,,,
2014/01/04,01,47,1,,,,,
2014/01/04,02,45,1,,,,,
2014/01/04,03,49,1,,,,,
2014/01/04,04,44,1,,,,,
2014/01/04,05,56,1,,,,,
2014/01/04,06,66,1,,,,,
2014/01/04,07,73,1,,,,,
2014/01/04,08,92,1,,,,,
2014/01/04,09,82,1,,,,,
2014/01/04,10,74,1,,,,,
2014/01/04,11,70,1,,,,,
2014/01/04,12,68,1,,,,,
2014/01/04,13,73,1,,,,,
2014/01/04,14,70,1,,,,,
2014/01/04,15,69,1,,,,,
2014/01/04,16,67,1,,,,,
2014/01/04,17,65,1,,,,,
2014/01/04,18,57,1,,,,,
2014/01/04,19,58,1,,,,,
2014/01/04,20,61,1,,,,,
2014/01/04,21,58,1,,,,,
2014/01/04,22,54,1,,,,,
2014/01/04,23,50,1,,,,,
2014/01/04,24,47,1,,,,,
2014/01/05,01,46,1,,,,,
2014/01/05,02,45,1,,,,,
2014/01/05,03,44,1,,,,,
2014/01/05,04,48,1,,,,,
2014/01/05,05,50,1,,,,,
2014/01/05,06,55,1,,,,,
2014/01/05,07,60,1,,,,,
2014/01/05,08,65,1,,,,,
2014/01/05,09,75,1,,,,,
2014/01/05,10,64,1,,,,,
2014/01/05,11,62,1,,,,,
2014/01/05,12,60,1,,,,,
2014/01/05,13,56,1,,,,,
2014/01/05,14,60,1,,,,,
2014/01/05,15,59,1,,,,,
2014/01/05,16,58,1,,,,,
2014/01/05,17,62,1,,,,,
2014/01/05,18,60,1,,,,,
2014/01/05,19,56,1,,,,,
2014/01/05,20,46,1,,,,,
2014/01/05,21,49,1,,,,,
2014/01/05,22,46,1,,,,,
2014/01/05,23,43,1,,,,,
2014/01/05,24,44,1,,,,,
2014/01/06,01,44,1,,,,,
2014/01/06,02,41,1,,,,,
2014/01/06,03,43,1,,,,,
2014/01/06,04,49,1,,,,,
2014/01/06,05,55,1,,,,,
2014/01/06,06,52,1,,,,,
2014/01/06,07,50,1,,,,,
2014/01/06,08,72,11,,,,,
2014/01/06,09,94,14,,,,,
2014/01/06,10,89,9,,,,,
2014/01/06,11,86,9,,,,,
2014/01/06,12,85,5,,,,,
2014/01/06,13,85,5,,,,,
2014/01/06,14,79,3,,,,,
2014/01/06,15,83,2,,,,,
2014/01/06,16,85,2,,,,,
2014/01/06,17,88,2,,,,,
2014/01/06,18,81,2,,,,,
2014/01/06,19,78,1,,,,,
2014/01/06,20,71,2,,,,,
2014/01/06,21,74,1,,,,,
2014/01/06,22,60,1,,,,,
2014/01/06,23,61,1,,,,,
2014/01/06,24,53,1,,,,,
2014/01/07,01,53,1,,,,,
2014/01/07,02,48,1,,,,,
2014/01/07,03,47,1,,,,,
2014/01/07,04,45,1,,,,,
2014/01/07,05,52,1,,,,,
2014/01/07,06,57,1,,,,,
2014/01/07,07,56,1,,,,,
2014/01/07,08,76,8,,,,,
2014/01/07,09,93,5,,,,,
2014/01/07,10,92,5,,,,,
2014/01/07,11,92,5,,,,,
2014/01/07,12,94,5,,,,,
2014/01/07,13,87,4,,,,,
2014/01/07,14,84,4,,,,,
2014/01/07,15,95,4,,,,,
2014/01/07,16,99,7,,,,,
2014/01/07,17,93,6,,,,,
2014/01/07,18,92,4,,,,,
2014/01/07,19,84,2,,,,,
2014/01/07,20,69,2,,,,,
2014/01/07,21,71,1,,,,,
2014/01/07,22,60,1,,,,,
2014/01/07,23,58,1,,,,,
2014/01/07,24,53,1,,,,,
2014/01/08,01,47,1,,,,,
2014/01/08,02,49,1,,,,,
2014/01/08,03,49,1,,,,,
2014/01/08,04,45,1,,,,,
2014/01/08,05,57,1,,,,,
2014/01/08,06,60,1,,,,,
2014/01/08,07,75,1,,,,,
2014/01/08,08,82,1,,,,,
2014/01/08,09,101,1,,,,,
2014/01/08,10,82,2,,,,,
2014/01/08,11,87,1,,,,,
2014/01/08,12,87,1,,,,,
2014/01/08,13,89,1,,,,,
2014/01/08,14,86,1,,,,,
2014/01/08,15,100,2,,,,,
2014/01/08,16,97,2,,,,,
2014/01/08,17,103,2,,,,,
2014/01/08,18,95,3,,,,,
2014/01/08,19,91,2,,,,,
2014/01/08,20,77,1,,,,,
2014/01/08,21,72,1,,,,,
2014/01/08,22,65,1,,,,,
2014/01/08,23,60,1,,,,,
2014/01/08,24,54,1,,,,,
2014/01/09,01,53,1,,,,,
2014/01/09,02,43,1,,,,,
2014/01/09,03,49,1,,,,,
2014/01/09,04,49,1,,,,,
2014/01/09,05,59,1,,,,,
2014/01/09,06,55,1,,,,,
2014/01/09,07,56,1,,,,,
2014/01/09,08,76,7,,,,,
2014/01/09,09,103,10,,,,,
2014/01/09,10,92,8,,,,,
2014/01/09,11,92,9,,,,,
2014/01/09,12,81,7,,,,,
2014/01/09,13,84,10,,,,,
2014/01/09,14,81,11,,,,,
2014/01/09,15,88,11,,,,,
2014/01/09,16,83,11,,,,,
2014/01/09,17,88,9,,,,,
2014/01/09,18,94,10,,,,,
2014/01/09,19,85,11,,,,,
2014/01/09,20,77,8,,,,,
2014/01/09,21,79,5,,,,,
2014/01/09,22,62,3,,,,,
2014/01/09,23,61,2,,,,,
2014/01/09,24,46,1,,,,,
2014/01/10,01,47,1,,,,,
2014/01/10,02,40,1,,,,,
2014/01/10,03,45,1,,,,,
2014/01/10,04,49,1,,,,,
2014/01/10,05,53,1,,,,,
2014/01/10,06,51,1,,,,,
2014/01/10,07,54,1,,,,,
2014/01/10,08,72,10,,,,,
2014/01/10,09,90,12,,,,,
2014/01/10,10,86,11,,,,,
2014/01/10,11,89,12,,,,,
2014/01/10,12,80,10,,,,,
2014/01/10,13,77,8,,,,,
2014/01/10,14,76,6,,,,,
2014/01/10,15,82,8,,,,,
2014/01/10,16,73,5,,,,,
2014/01/10,17,82,6,,,,,
2014/01/10,18,88,8,,,,,
2014/01/10,19,81,8,,,,,
2014/01/10,20,76,7,,,,,
2014/01/10,21,66,3,,,,,
2014/01/10,22,56,1,,,,,
2014/01/10,23,58,1,,,,,
2014/01/10,24,48,1,,,,,
2014/01/11,01,55,1,,,,,
2014/01/11,02,42,1,,,,,
2014/01/11,03,46,1,,,,,
2014/01/11,04,46,1,,,,,
2014/01/11,05,54,1,,,,,
2014/01/11,06,49,1,,,,,
2014/01/11,07,53,1,,,,,
2014/01/11,08,57,1,,,,,
2014/01/11,09,69,1,,,,,
2014/01/11,10,72,1,,,,,
2014/01/11,11,79,4,,,,,
2014/01/11,12,78,3,,,,,
2014/01/11,13,79,4,,,,,
2014/01/11,14,74,4,,,,,
2014/01/11,15,75,4,,,,,
2014/01/11,16,69,3,,,,,
2014/01/11,17,73,3,,,,,
2014/01/11,18,71,3,,,,,
2014/01/11,19,72,4,,,,,
2014/01/11,20,62,3,,,,,
2014/01/11,21,64,3,,,,,
2014/01/11,22,59,3,,,,,
2014/01/11,23,58,3,,,,,
2014/01/11,24,46,2,,,,,
2014/01/12,01,50,1,,,,,
2014/01/12,02,43,1,,,,,
2014/01/12,03,42,1,,,,,
2014/01/12,04,40,1,,,,,
2014/01/12,05,45,1,,,,,
2014/01/12,06,43,1,,,,,
2014/01/12,07,40,1,,,,,
2014/01/12,08,42,1,,,,,
2014/01/12,09,41,1,,,,,
2014/01/12,10,49,2,,,,,
2014/01/12,11,60,5,,,,,
2014/01/12,12,59,7,,,,,
2014/01/12,13,57,3,,,,,
2014/01/12,14,69,1,,,,,
2014/01/12,15,67,1,,,,,
2014/01/12,16,68,1,,,,,
2014/01/12,17,63,1,,,,,
2014/01/12,18,61,1,,,,,
2014/01/12,19,63,1,,,,,
2014/01/12,20,59,1,,,,,
2014/01/12,21,56,1,,,,,
2014/01/12,22,52,1,,,,,
2014/01/12,23,48,1,,,,,
2014/01/12,24,43,1,,,,,
2014/01/13,01,44,1,,,,,
2014/01/13,02,44,1,,,,,
2014/01/13,03,40,1,,,,,
2014/01/13,04,49,1,,,,,
2014/01/13,05,54,1,,,,,
2014/01/13,06,57,1,,,,,
2014/01/13,07,56,1,,,,,
2014/01/13,08,61,1,,,,,
2014/01/13,09,85,3,,,,,
2014/01/13,10,79,4,,,,,
2014/01/13,11,83,3,,,,,
2014/01/13,12,73,2,,,,,
2014/01/13,13,79,2,,,,,
2014/01/13,14,74,1,,,,,
2014/01/13,15,78,3,,,,,
2014/01/13,16,75,3,,,,,
2014/01/13,17,75,2,,,,,
2014/01/13,18,69,2,,,,,
2014/01/13,19,89,6,,,,,
2014/01/13,20,83,8,,,,,
2014/01/13,21,75,7,,,,,
2014/01/13,22,72,7,,,,,
2014/01/13,23,68,5,,,,,
2014/01/13,24,53,2,,,,,
2014/01/14,01,54,2,,,,,
2014/01/14,02,48,2,,,,,
2014/01/14,03,55,2,,,,,
2014/01/14,04,53,2,,,,,
2014/01/14,05,60,2,,,,,
2014/01/14,06,61,2,,,,,
2014/01/14,07,63,2,,,,,
2014/01/14,08,77,5,,,,,
2014/01/14,09,108,11,,,,,
2014/01/14,10,102,10,,,,,
2014/01/14,11,107,10,,,,,
2014/01/14,12,96,8,,,,,
2014/01/14,13,94,8,,,,,
2014/01/14,14,89,6,,,,,
2014/01/14,15,94,6,,,,,
2014/01/14,16,95,8,,,,,
2014/01/14,17,92,8,,,,,
2014/01/14,18,96,7,,,,,
2014/01/14,19,89,7,,,,,
2014/01/14,20,74,1,,,,,
2014/01/14,21,72,1,,,,,
2014/01/14,22,67,3,,,,,
2014/01/14,23,64,2,,,,,
2014/01/14,24,57,2,,,,,
2014/01/15,01,55,2,,,,,
2014/01/15,02,53,2,,,,,
2014/01/15,03,49,1,,,,,
2014/01/15,04,46,1,,,,,
2014/01/15,05,57,1,,,,,
2014/01/15,06,55,1,,,,,
2014/01/15,07,59,1,,,,,
2014/01/15,08,83,10,,,,,
2014/01/15,09,92,12,,,,,
2014/01/15,10,87,11,,,,,
2014/01/15,11,87,10,,,,,
2014/01/15,12,83,8,,,,,
2014/01/15,13,84,13,,,,,
2014/01/15,14,88,11,,,,,
2014/01/15,15,85,10,,,,,
2014/01/15,16,82,11,,,,,
2014/01/15,17,84,8,,,,,
2014/01/15,18,83,6,,,,,
2014/01/15,19,78,3,,,,,
2014/01/15,20,71,3,,,,,
2014/01/15,21,71,4,,,,,
2014/01/15,22,65,3,,,,,
2014/01/15,23,59,3,,,,,
2014/01/15,24,56,3,,,,,
2014/01/16,01,50,2,,,,,
2014/01/16,02,41,1,,,,,
2014/01/16,03,45,1,,,,,
2014/01/16,04,51,1,,,,,
2014/01/16,05,53,1,,,,,
2014/01/16,06,54,1,,,,,
2014/01/16,07,47,1,,,,,
2014/01/16,08,72,10,,,,,
2014/01/16,09,95,9,,,,,
2014/01/16,10,89,7,,,,,
2014/01/16,11,97,6,,,,,
2014/01/16,12,81,4,,,,,
2014/01/16,13,77,7,,,,,
2014/01/16,14,76,4,,,,,
2014/01/16,15,89,6,,,,,
2014/01/16,16,82,5,,,,,
2014/01/16,17,80,3,,,,,
2014/01/16,18,73,4,,,,,
2014/01/16,19,70,1,,,,,
2014/01/16,20,70,1,,,,,
2014/01/16,21,66,1,,,,,
2014/01/16,22,65,3,,,,,
2014/01/16,23,58,3,,,,,
2014/01/16,24,56,3,,,,,
2014/01/17,01,52,2,,,,,
2014/01/17,02,44,1,,,,,
2014/01/17,03,41,1,,,,,
2014/01/17,04,48,1,,,,,
2014/01/17,05,49,1,,,,,
2014/01/17,06,49,1,,,,,
2014/01/17,07,56,1,,,,,
2014/01/17,08,66,4,,,,,
2014/01/17,09,89,8,,,,,
2014/01/17,10,89,8,,,,,
2014/01/17,11,94,9,,,,,
2014/01/17,12,100,9,,,,,
2014/01/17,13,85,9,,,,,
2014/01/17,14,86,6,,,,,
2014/01/17,15,89,4,,,,,
2014/01/17,16,84,2,,,,,
2014/01/17,17,85,2,,,,,
2014/01/17,18,79,2,,,,,
2014/01/17,19,91,2,,,,,
2014/01/17,20,77,1,,,,,
2014/01/17,21,79,1,,,,,
2014/01/17,22,67,1,,,,,
2014/01/17,23,72,4,,,,,
2014/01/17,24,66,4,,,,,
2014/01/18,01,54,1,,,,,
2014/01/18,02,53,1,,,,,
2014/01/18,03,51,1,,,,,
2014/01/18,04,56,1,,,,,
2014/01/18,05,61,1,,,,,
2014/01/18,06,56,1,,,,,
2014/01/18,07,66,1,,,,,
2014/01/18,08,68,1,,,,,
2014/01/18,09,89,4,,,,,
2014/01/18,10,79,5,,,,,
2014/01/18,11,76,3,,,,,
2014/01/18,12,68,3,,,,,
2014/01/18,13,72,4,,,,,
2014/01/18,14,68,2,,,,,
2014/01/18,15,71,1,,,,,
2014/01/18,16,66,1,,,,,
2014/01/18,17,75,4,,,,,
2014/01/18,18,66,3,,,,,
2014/01/18,19,70,5,,,,,
2014/01/18,20,61,3,,,,,
2014/01/18,21,62,2,,,,,
2014/01/18,22,54,2,,,,,
2014/01/18,23,49,2,,,,,
2014/01/18,24,40,1,,,,,
2014/01/19,01,42,1,,,,,
2014/01/19,02,39,1,,,,,
2014/01/19,03,37,1,,,,,
2014/01/19,04,41,1,,,,,
2014/01/19,05,39,1,,,,,
2014/01/19,06,39,1,,,,,
2014/01/19,07,39,1,,,,,
2014/01/19,08,37,1,,,,,
2014/01/19,09,39,1,,,,,
2014/01/19,10,41,1,,,,,
2014/01/19,11,47,3,,,,,
2014/01/19,12,44,1,,,,,
2014/01/19,13,50,1,,,,,
2014/01/19,14,55,1,,,,,
2014/01/19,15,57,1,,,,,
2014/01/19,16,54,1,,,,,
2014/01/19,17,53,1,,,,,
2014/01/19,18,51,1,,,,,
2014/01/19,19,57,1,,,,,
2014/01/19,20,45,1,,,,,
2014/01/19,21,54,1,,,,,
2014/01/19,22,43,1,,,,,
2014/01/19,23,47,3,,,,,
2014/01/19,24,44,4,,,,,
2014/01/20,01,49,5,,,,,
2014/01/20,02,43,4,,,,,
2014/01/20,03,49,4,,,,,
2014/01/20,04,48,4,,,,,
2014/01/20,05,56,2,,,,,
2014/01/20,06,50,1,,,,,
2014/01/20,07,55,1,,,,,
2014/01/20,08,74,8,,,,,
2014/01/20,09,102,10,,,,,
2014/01/20,10,101,11,,,,,
2014/01/20,11,101,8,,,,,
2014/01/20,12,90,10,,,,,
2014/01/20,13,85,10,,,,,
2014/01/20,14,85,7,,,,,
2014/01/20,15,86,7,,,,,
2014/01/20,16,85,6,,,,,
2014/01/20,17,89,8,,,,,
2014/01/20,18,78,6,,,,,
2014/01/20,19,73,5,,,,,
2014/01/20,20,71,4,,,,,
2014/01/20,21,70,4,,,,,
2014/01/20,22,61,4,,,,,
2014/01/20,23,67,6,,,,,
2014/01/20,24,55,6,,,,,
2014/01/21,01,60,7,,,,,
2014/01/21,02,52,6,,,,,
2014/01/21,03,56,6,,,,,
2014/01/21,04,49,5,,,,,
2014/01/21,05,51,1,,,,,
2014/01/21,06,53,1,,,,,
2014/01/21,07,55,1,,,,,
2014/01/21,08,75,7,,,,,
2014/01/21,09,96,11,,,,,
2014/01/21,10,91,12,,,,,
2014/01/21,11,95,12,,,,,
2014/01/21,12,85,14,,,,,
2014/01/21,13,92,16,,,,,
2014/01/21,14,91,10,,,,,
2014/01/21,15,98,10,,,,,
2014/01/21,16,94,10,,,,,
2014/01/21,17,100,10,,,,,
2014/01/21,18,96,12,,,,,
2014/01/21,19,85,9,,,,,
2014/01/21,20,86,7,,,,,
2014/01/21,21,83,7,,,,,
2014/01/21,22,64,5,,,,,
2014/01/21,23,56,3,,,,,
2014/01/21,24,51,4,,,,,
2014/01/22,01,43,1,,,,,
2014/01/22,02,39,1,,,,,
2014/01/22,03,42,1,,,,,
2014/01/22,04,41,1,,,,,
2014/01/22,05,53,1,,,,,
2014/01/22,06,46,1,,,,,
2014/01/22,07,55,1,,,,,
2014/01/22,08,75,11,,,,,
2014/01/22,09,88,14,,,,,
2014/01/22,10,88,13,,,,,
2014/01/22,11,84,12,,,,,
2014/01/22,12,89,15,,,,,
2014/01/22,13,76,13,,,,,
2014/01/22,14,73,8,,,,,
2014/01/22,15,79,8,,,,,
2014/01/22,16,79,11,,,,,
2014/01/22,17,83,11,,,,,
2014/01/22,18,70,6,,,,,
2014/01/22,19,72,6,,,,,
2014/01/22,20,66,5,,,,,
2014/01/22,21,71,8,,,,,
2014/01/22,22,68,8,,,,,
2014/01/22,23,59,8,,,,,
2014/01/22,24,51,8,,,,,
2014/01/23,01,57,8,,,,,
2014/01/23,02,44,4,,,,,
2014/01/23,03,44,5,,,,,
2014/01/23,04,46,4,,,,,
2014/01/23,05,57,4,,,,,
2014/01/23,06,51,4,,,,,
2014/01/23,07,50,4,,,,,
2014/01/23,08,74,12,,,,,
2014/01/23,09,99,15,,,,,
2014/01/23,10,97,13,,,,,
2014/01/23,11,100,12,,,,,
2014/01/23,12,94,11,,,,,
2014/01/23,13,86,11,,,,,
2014/01/23,14,82,7,,,,,
2014/01/23,15,94,5,,,,,
2014/01/23,16,92,5,,,,,
2014/01/23,17,87,6,,,,,
2014/01/23,18,75,6,,,,,
2014/01/23,19,71,3,,,,,
2014/01/23,20,67,2,,,,,
2014/01/23,21,59,2,,,,,
2014/01/23,22,53,1,,,,,
2014/01/23,23,51,2,,,,,
2014/01/23,24,42,2,,,,,
2014/01/24,01,42,2,,,,,
2014/01/24,02,38,2,,,,,
2014/01/24,03,42,1,,,,,
2014/01/24,04,42,2,,,,,
2014/01/24,05,49,2,,,,,
2014/01/24,06,48,2,,,,,
2014/01/24,07,51,2,,,,,
2014/01/24,08,71,10,,,,,
2014/01/24,09,91,14,,,,,
2014/01/24,10,87,9,,,,,
2014/01/24,11,87,7,,,,,
2014/01/24,12,80,6,,,,,
2014/01/24,13,79,7,,,,,
2014/01/24,14,81,5,,,,,
2014/01/24,15,87,4,,,,,
2014/01/24,16,89,4,,,,,
2014/01/24,17,92,3,,,,,
2014/01/24,18,83,3,,,,,
2014/01/24,19,82,5,,,,,
2014/01/24,20,73,3,,,,,
2014/01/24,21,67,2,,,,,
2014/01/24,22,63,2,,,,,
2014/01/24,23,64,2,,,,,
2014/01/24,24,53,2,,,,,
2014/01/25,01,55,3,,,,,
2014/01/25,02,52,2,,,,,
2014/01/25,03,57,2,,,,,
2014/01/25,04,51,2,,,,,
2014/01/25,05,58,2,,,,,
2014/01/25,06,69,2,,,,,
2014/01/25,07,75,2,,,,,
2014/01/25,08,76,2,,,,,
2014/01/25,09,85,5,,,,,
2014/01/25,10,93,4,,,,,
2014/01/25,11,92,4,,,,,
2014/01/25,12,75,3,,,,,
2014/01/25,13,74,4,,,,,
2014/01/25,14,72,2,,,,,
2014/01/25,15,80,1,,,,,
2014/01/25,16,79,2,,,,,
2014/01/25,17,75,2,,,,,
2014/01/25,18,62,1,,,,,
2014/01/25,19,72,1,,,,,
2014/01/25,20,63,1,,,,,
2014/01/25,21,70,1,,,,,
2014/01/25,22,62,1,,,,,
2014/01/25,23,58,1,,,,,
2014/01/25,24,55,1,,,,,
2014/01/26,01,51,1,,,,,
2014/01/26,02,52,1,,,,,
2014/01/26,03,47,1,,,,,
2014/01/26,04,45,1,,,,,
2014/01/26,05,49,1,,,,,
2014/01/26,06,45,1,,,,,
2014/01/26,07,44,1,,,,,
2014/01/26,08,46,1,,,,,
2014/01/26,09,47,1,,,,,
2014/01/26,10,49,1,,,,,
2014/01/26,11,53,1,,,,,
2014/01/26,12,60,1,,,,,
2014/01/26,13,64,3,,,,,
2014/01/26,14,69,3,,,,,
2014/01/26,15,72,4,,,,,
2014/01/26,16,69,3,,,,,
2014/01/26,17,69,4,,,,,
2014/01/26,18,64,3,,,,,
2014/01/26,19,64,3,,,,,
2014/01/26,20,60,3,,,,,
2014/01/26,21,60,1,,,,,
2014/01/26,22,47,1,,,,,
2014/01/26,23,50,1,,,,,
2014/01/26,24,47,1,,,,,
2014/01/27,01,48,1,,,,,
2014/01/27,02,43,1,,,,,
2014/01/27,03,45,1,,,,,
2014/01/27,04,53,1,,,,,
2014/01/27,05,60,1,,,,,
2014/01/27,06,51,1,,,,,
2014/01/27,07,57,1,,,,,
2014/01/27,08,83,8,,,,,
2014/01/27,09,92,7,,,,,
2014/01/27,10,91,5,,,,,
2014/01/27,11,92,5,,,,,
2014/01/27,12,83,5,,,,,
2014/01/27,13,83,6,,,,,
2014/01/27,14,84,3,,,,,
2014/01/27,15,79,2,,,,,
2014/01/27,16,86,4,,,,,
2014/01/27,17,84,5,,,,,
2014/01/27,18,76,2,,,,,
2014/01/27,19,80,2,,,,,
2014/01/27,20,76,2,,,,,
2014/01/27,21,73,2,,,,,
2014/01/27,22,64,2,,,,,
2014/01/27,23,67,3,,,,,
2014/01/27,24,57,4,,,,,
2014/01/28,01,56,3,,,,,
2014/01/28,02,50,3,,,,,
2014/01/28,03,56,3,,,,,
2014/01/28,04,51,2,,,,,
2014/01/28,05,54,1,,,,,
2014/01/28,06,58,1,,,,,
2014/01/28,07,63,1,,,,,
2014/01/28,08,81,5,,,,,
2014/01/28,09,99,4,,,,,
2014/01/28,10,97,5,,,,,
2014/01/28,11,94,5,,,,,
2014/01/28,12,93,7,,,,,
2014/01/28,13,82,4,,,,,
2014/01/28,14,82,4,,,,,
2014/01/28,15,91,4,,,,,
2014/01/28,16,85,2,,,,,
2014/01/28,17,89,2,,,,,
2014/01/28,18,71,2,,,,,
2014/01/28,19,67,1,,,,,
2014/01/28,20,68,2,,,,,
2014/01/28,21,66,1,,,,,
2014/01/28,22,58,2,,,,,
2014/01/28,23,57,2,,,,,
2014/01/28,24,46,1,,,,,
2014/01/29,01,51,2,,,,,
2014/01/29,02,41,2,,,,,
2014/01/29,03,46,2,,,,,
2014/01/29,04,41,2,,,,,
2014/01/29,05,56,2,,,,,
2014/01/29,06,54,2,,,,,
2014/01/29,07,65,2,,,,,
2014/01/29,08,80,6,,,,,
2014/01/29,09,95,6,,,,,
2014/01/29,10,85,6,,,,,
2014/01/29,11,85,3,,,,,
2014/01/29,12,84,3,,,,,
2014/01/29,13,76,2,,,,,
2014/01/29,14,76,2,,,,,
2014/01/29,15,87,1,,,,,
2014/01/29,16,82,1,,,,,
2014/01/29,17,90,1,,,,,
2014/01/29,18,70,1,,,,,
2014/01/29,19,71,2,,,,,
2014/01/29,20,67,2,,,,,
2014/01/29,21,71,2,,,,,
2014/01/29,22,59,2,,,,,
2014/01/29,23,58,3,,,,,
2014/01/29,24,49,3,,,,,
2014/01/30,01,50,3,,,,,
2014/01/30,02,43,3,,,,,
2014/01/30,03,42,2,,,,,
2014/01/30,04,46,2,,,,,
2014/01/30,05,52,2,,,,,
2014/01/30,06,55,2,,,,,
2014/01/30,07,60,2,,,,,
2014/01/30,08,82,2,,,,,
2014/01/30,09,91,1,,,,,
2014/01/30,10,92,1,,,,,
2014/01/30,11,91,1,,,,,
2014/01/30,12,87,1,,,,,
2014/01/30,13,84,1,,,,,
2014/01/30,14,82,1,,,,,
2014/01/30,15,98,1,,,,,
2014/01/30,16,86,2,,,,,
2014/01/30,17,84,4,,,,,
2014/01/30,18,78,3,,,,,
2014/01/30,19,66,3,,,,,
2014/01/30,20,68,3,,,,,
2014/01/30,21,64,2,,,,,
2014/01/30,22,58,2,,,,,
2014/01/30,23,55,2,,,,,
2014/01/30,24,47,2,,,,,
2014/01/31,01,47,2,,,,,
2014/01/31,02,38,1,,,,,
2014/01/31,03,46,2,,,,,
2014/01/31,04,44,2,,,,,
2014/01/31,05,59,2,,,,,
2014/01/31,06,55,2,,,,,
2014/01/31,07,71,2,,,,,
2014/01/31,08,90,3,,,,,
2014/01/31,09,84,3,,,,,
2014/01/31,10,83,1,,,,,
2014/01/31,11,98,1,,,,,
2014/01/31,12,89,1,,,,,
2014/01/31,13,87,1,,,,,
2014/01/31,14,89,1,,,,,
2014/01/31,15,102,3,,,,,
2014/01/31,16,99,4,,,,,
2014/01/31,17,101,4,,,,,
2014/01/31,18,84,3,,,,,
2014/01/31,19,75,2,,,,,
2014/01/31,20,70,2,,,,,
2014/01/31,21,70,2,,,,,
2014/01/31,22,59,2,,,,,
2014/01/31,23,63,2,,,,,
2014/01/31,24,51,1,,,,,
2014/02/01,01,55,1,,,,,
2014/02/01,02,46,1,,,,,
2014/02/01,03,53,1,,,,,
2014/02/01,04,49,1,,,,,
2014/02/01,05,80,1,,,,,
2014/02/01,06,73,1,,,,,
2014/02/01,07,78,1,,,,,
2014/02/01,08,99,1,,,,,
2014/02/01,09,89,1,,,,,
2014/02/01,10,80,2,,,,,
2014/02/01,11,81,2,,,,,
2014/02/01,12,91,2,,,,,
2014/02/01,13,81,3,,,,,
2014/02/01,14,85,3,,,,,
2014/02/01,15,76,2,,,,,
2014/02/01,16,77,2,,,,,
2014/02/01,17,77,2,,,,,
2014/02/01,18,70,1,,,,,
2014/02/01,19,70,2,,,,,
2014/02/01,20,64,1,,,,,
2014/02/01,21,61,1,,,,,
2014/02/01,22,60,1,,,,,
2014/02/01,23,58,1,,,,,
2014/02/01,24,54,1,,,,,
2014/02/02,01,55,1,,,,,
2014/02/02,02,50,1,,,,,
2014/02/02,03,46,1,,,,,
2014/02/02,04,48,1,,,,,
2014/02/02,05,46,1,,,,,
2014/02/02,06,44,1,,,,,
2014/02/02,07,44,1,,,,,
2014/02/02,08,45,1,,,,,
2014/02/02,09,44,1,,,,,
2014/02/02,10,46,2,,,,,
2014/02/02,11,47,1,,,,,
2014/02/02,12,50,2,,,,,
2014/02/02,13,56,2,,,,,
2014/02/02,14,66,2,,,,,
2014/02/02,15,67,2,,,,,
2014/02/02,16,72,4,,,,,
2014/02/02,17,92,2,,,,,
2014/02/02,18,83,2,,,,,
2014/02/02,19,87,2,,,,,
2014/02/02,20,73,1,,,,,
2014/02/02,21,72,1,,,,,
2014/02/02,22,69,2,,,,,
2014/02/02,23,71,1,,,,,
2014/02/02,24,61,1,,,,,
2014/02/03,01,66,1,,,,,
2014/02/03,02,58,2,,,,,
2014/02/03,03,70,1,,,,,
2014/02/03,04,68,1,,,,,
2014/02/03,05,79,1,,,,,
2014/02/03,06,84,1,,,,,
2014/02/03,07,103,1,,,,,
2014/02/03,08,121,2,,,,,
2014/02/03,09,117,2,,,,,
2014/02/03,10,141,5,,,,,
2014/02/03,11,137,4,,,,,
2014/02/03,12,130,5,,,,,
2014/02/03,13,116,4,,,,,
2014/02/03,14,119,4,,,,,
2014/02/03,15,120,7,,,,,
2014/02/03,16,103,5,,,,,
2014/02/03,17,109,5,,,,,
2014/02/03,18,91,7,,,,,
2014/02/03,19,84,5,,,,,
2014/02/03,20,78,5,,,,,
2014/02/03,21,72,4,,,,,
2014/02/03,22,63,3,,,,,
2014/02/03,23,58,2,,,,,
2014/02/03,24,53,2,,,,,
2014/02/04,01,58,2,,,,,
2014/02/04,02,48,2,,,,,
2014/02/04,03,52,2,,,,,
2014/02/04,04,50,2,,,,,
2014/02/04,05,65,2,,,,,
2014/02/04,06,61,2,,,,,
2014/02/04,07,72,2,,,,,
2014/02/04,08,89,2,,,,,
2014/02/04,09,106,2,,,,,
2014/02/04,10,100,1,,,,,
2014/02/04,11,95,1,,,,,
2014/02/04,12,90,1,,,,,
2014/02/04,13,89,2,,,,,
2014/02/04,14,87,1,,,,,
2014/02/04,15,96,1,,,,,
2014/02/04,16,93,3,,,,,
2014/02/04,17,101,8,,,,,
2014/02/04,18,90,7,,,,,
2014/02/04,19,80,6,,,,,
2014/02/04,20,73,4,,,,,
2014/02/04,21,73,4,,,,,
2014/02/04,22,66,2,,,,,
2014/02/04,23,63,1,,,,,
2014/02/04,24,51,1,,,,,
2014/02/05,01,53,1,,,,,
2014/02/05,02,51,1,,,,,
2014/02/05,03,46,1,,,,,
2014/02/05,04,47,1,,,,,
2014/02/05,05,54,1,,,,,
2014/02/05,06,60,1,,,,,
2014/02/05,07,62,1,,,,,
2014/02/05,08,75,5,,,,,
2014/02/05,09,90,7,,,,,
2014/02/05,10,87,10,,,,,
2014/02/05,11,85,8,,,,,
2014/02/05,12,80,5,,,,,
2014/02/05,13,79,9,,,,,
2014/02/05,14,82,5,,,,,
2014/02/05,15,78,2,,,,,
2014/02/05,16,79,3,,,,,
2014/02/05,17,85,3,,,,,
2014/02/05,18,82,1,,,,,
2014/02/05,19,78,1,,,,,
2014/02/05,20,72,2,,,,,
2014/02/05,21,74,1,,,,,
2014/02/05,22,62,1,,,,,
2014/02/05,23,66,1,,,,,
2014/02/05,24,53,1,,,,,
2014/02/06,01,51,1,,,,,
2014/02/06,02,47,1,,,,,
2014/02/06,03,52,1,,,,,
2014/02/06,04,51,1,,,,,
2014/02/06,05,58,1,,,,,
2014/02/06,06,65,1,,,,,
2014/02/06,07,69,1,,,,,
2014/02/06,08,97,5,,,,,
2014/02/06,09,99,6,,,,,
2014/02/06,10,94,5,,,,,
2014/02/06,11,104,4,,,,,
2014/02/06,12,91,3,,,,,
2014/02/06,13,86,4,,,,,
2014/02/06,14,89,3,,,,,
2014/02/06,15,95,3,,,,,
2014/02/06,16,96,3,,,,,
2014/02/06,17,103,3,,,,,
2014/02/06,18,90,3,,,,,
2014/02/06,19,80,2,,,,,
2014/02/06,20,73,2,,,,,
2014/02/06,21,71,1,,,,,
2014/02/06,22,61,1,,,,,
2014/02/06,23,61,1,,,,,
2014/02/06,24,54,1,,,,,
2014/02/07,01,59,1,,,,,
2014/02/07,02,47,1,,,,,
2014/02/07,03,54,1,,,,,
2014/02/07,04,53,1,,,,,
2014/02/07,05,65,1,,,,,
2014/02/07,06,65,1,,,,,
2014/02/07,07,75,1,,,,,
2014/02/07,08,103,1,,,,,
2014/02/07,09,112,2,,,,,
2014/02/07,10,107,2,,,,,
2014/02/07,11,103,2,,,,,
2014/02/07,12,97,2,,,,,
2014/02/07,13,90,3,,,,,
2014/02/07,14,109,3,,,,,
2014/02/07,15,110,3,,,,,
2014/02/07,16,102,6,,,,,
2014/02/07,17,113,6,,,,,
2014/02/07,18,111,4,,,,,
2014/02/07,19,114,2,,,,,
2014/02/07,20,102,1,,,,,
2014/02/07,21,90,1,,,,,
2014/02/07,22,83,1,,,,,
2014/02/07,23,75,1,,,,,
2014/02/07,24,64,1,,,,,
2014/02/08,01,62,1,,,,,
2014/02/08,02,59,1,,,,,
2014/02/08,03,62,1,,,,,
2014/02/08,04,59,1,,,,,
2014/02/08,05,70,1,,,,,
2014/02/08,06,82,1,,,,,
2014/02/08,07,92,1,,,,,
2014/02/08,08,96,1,,,,,
2014/02/08,09,102,1,,,,,
2014/02/08,10,93,1,,,,,
2014/02/08,11,96,1,,,,,
2014/02/08,12,85,1,,,,,
2014/02/08,13,79,1,,,,,
2014/02/08,14,76,1,,,,,
2014/02/08,15,82,1,,,,,
2014/02/08,16,62,1,,,,,
2014/02/08,17,59,1,,,,,
2014/02/08,18,62,1,,,,,
2014/02/08,19,59,1,,,,,
2014/02/08,20,57,3,,,,,
2014/02/08,21,55,3,,,,,
2014/02/08,22,54,3,,,,,
2014/02/08,23,55,3,,,,,
2014/02/08,24,48,2,,,,,
2014/02/09,01,42,1,,,,,
2014/02/09,02,43,1,,,,,
2014/02/09,03,44,1,,,,,
2014/02/09,04,39,1,,,,,
2014/02/09,05,39,1,,,,,
2014/02/09,06,38,1,,,,,
2014/02/09,07,39,1,,,,,
2014/02/09,08,35,1,,,,,
2014/02/09,09,37,1,,,,,
2014/02/09,10,41,2,,,,,
2014/02/09,11,44,2,,,,,
2014/02/09,12,42,2,,,,,
2014/02/09,13,52,2,,,,,
2014/02/09,14,56,2,,,,,
2014/02/09,15,59,2,,,,,
2014/02/09,16,54,2,,,,,
2014/02/09,17,57,2,,,,,
2014/02/09,18,52,2,,,,,
2014/02/09,19,56,2,,,,,
2014/02/09,20,50,2,,,,,
2014/02/09,21,49,2,,,,,
2014/02/09,22,44,2,,,,,
2014/02/09,23,43,2,,,,,
2014/02/09,24,42,2,,,,,
2014/02/10,01,42,2,,,,,
2014/02/10,02,43,2,,,,,
2014/02/10,03,40,2,,,,,
2014/02/10,04,46,2,,,,,
2014/02/10,05,58,2,,,,,
2014/02/10,06,59,2,,,,,
2014/02/10,07,57,2,,,,,
2014/02/10,08,84,5,,,,,
2014/02/10,09,111,9,,,,,
2014/02/10,10,99,7,,,,,
2014/02/10,11,103,7,,,,,
2014/02/10,12,98,7,,,,,
2014/02/10,13,99,12,,,,,
2014/02/10,14,100,12,,,,,
2014/02/10,15,98,10,,,,,
2014/02/10,16,90,9,,,,,
2014/02/10,17,98,9,,,,,
2014/02/10,18,90,9,,,,,
2014/02/10,19,95,9,,,,,
2014/02/10,20,81,5,,,,,
2014/02/10,21,77,5,,,,,
2014/02/10,22,70,5,,,,,
2014/02/10,23,74,5,,,,,
2014/02/10,24,64,5,,,,,
2014/02/11,01,62,6,,,,,
2014/02/11,02,55,5,,,,,
2014/02/11,03,53,5,,,,,
2014/02/11,04,58,5,,,,,
2014/02/11,05,61,3,,,,,
2014/02/11,06,59,1,,,,,
2014/02/11,07,58,1,,,,,
2014/02/11,08,67,1,,,,,
2014/02/11,09,68,1,,,,,
2014/02/11,10,68,1,,,,,
2014/02/11,11,78,1,,,,,
2014/02/11,12,69,2,,,,,
2014/02/11,13,67,2,,,,,
2014/02/11,14,73,1,,,,,
2014/02/11,15,76,1,,,,,
2014/02/11,16,71,1,,,,,
2014/02/11,17,71,1,,,,,
2014/02/11,18,65,1,,,,,
2014/02/11,19,72,1,,,,,
2014/02/11,20,65,1,,,,,
2014/02/11,21,64,1,,,,,
2014/02/11,22,59,1,,,,,
2014/02/11,23,51,1,,,,,
2014/02/11,24,47,1,,,,,
2014/02/12,01,45,1,,,,,
2014/02/12,02,41,1,,,,,
2014/02/12,03,46,1,,,,,
2014/02/12,04,42,1,,,,,
2014/02/12,05,57,1,,,,,
2014/02/12,06,54,1,,,,,
2014/02/12,07,62,1,,,,,
2014/02/12,08,78,4,,,,,
2014/02/12,09,96,13,,,,,
2014/02/12,10,87,13,,,,,
2014/02/12,11,100,12,,,,,
2014/02/12,12,99,10,,,,,
2014/02/12,13,94,12,,,,,
2014/02/12,14,80,4,,,,,
2014/02/12,15,85,3,,,,,
2014/02/12,16,91,3,,,,,
2014/02/12,17,97,3,,,,,
2014/02/12,18,79,4,,,,,
2014/02/12,19,87,5,,,,,
2014/02/12,20,80,5,,,,,
2014/02/12,21,69,2,,,,,
2014/02/12,22,66,2,,,,,
2014/02/12,23,61,2,,,,,
2014/02/12,24,52,2,,,,,
2014/02/13,01,49,2,,,,,
2014/02/13,02,43,2,,,,,
2014/02/13,03,47,2,,,,,
2014/02/13,04,48,2,,,,,
2014/02/13,05,62,2,,,,,
2014/02/13,06,60,2,,,,,
2014/02/13,07,69,2,,,,,
2014/02/13,08,93,5,,,,,
2014/02/13,09,116,9,,,,,
2014/02/13,10,103,10,,,,,
2014/02/13,11,109,11,,,,,
2014/02/13,12,107,9,,,,,
2014/02/13,13,98,8,,,,,
2014/02/13,14,92,3,,,,,
2014/02/13,15,91,3,,,,,
2014/02/13,16,104,3,,,,,
2014/02/13,17,94,2,,,,,
2014/02/13,18,81,3,,,,,
2014/02/13,19,82,3,,,,,
2014/02/13,20,77,4,,,,,
2014/02/13,21,75,3,,,,,
2014/02/13,22,65,1,,,,,
2014/02/13,23,54,1,,,,,
2014/02/13,24,49,1,,,,,
2014/02/14,01,52,1,,,,,
2014/02/14,02,46,1,,,,,
2014/02/14,03,49,1,,,,,
2014/02/14,04,51,1,,,,,
2014/02/14,05,62,1,,,,,
2014/02/14,06,54,1,,,,,
2014/02/14,07,58,1,,,,,
2014/02/14,08,87,6,,,,,
2014/02/14,09,105,9,,,,,
2014/02/14,10,84,4,,,,,
2014/02/14,11,88,3,,,,,
2014/02/14,12,85,4,,,,,
2014/02/14,13,85,6,,,,,
2014/02/14,14,82,4,,,,,
2014/02/14,15,80,4,,,,,
2014/02/14,16,86,6,,,,,
2014/02/14,17,102,8,,,,,
2014/02/14,18,91,7,,,,,
2014/02/14,19,102,7,,,,,
2014/02/14,20,91,8,,,,,
2014/02/14,21,89,5,,,,,
2014/02/14,22,67,1,,,,,
2014/02/14,23,75,1,,,,,
2014/02/14,24,63,1,,,,,
2014/02/15,01,61,1,,,,,
2014/02/15,02,56,1,,,,,
2014/02/15,03,59,1,,,,,
2014/02/15,04,59,1,,,,,
2014/02/15,05,67,1,,,,,
2014/02/15,06,79,1,,,,,
2014/02/15,07,73,1,,,,,
2014/02/15,08,81,1,,,,,
2014/02/15,09,95,1,,,,,
2014/02/15,10,89,1,,,,,
2014/02/15,11,90,1,,,,,
2014/02/15,12,86,1,,,,,
2014/02/15,13,91,5,,,,,
2014/02/15,14,91,6,,,,,
2014/02/15,15,88,6,,,,,
2014/02/15,16,77,6,,,,,
2014/02/15,17,78,6,,,,,
2014/02/15,18,72,3,,,,,
2014/02/15,19,73,3,,,,,
2014/02/15,20,64,3,,,,,
2014/02/15,21,68,4,,,,,
2014/02/15,22,58,4,,,,,
2014/02/15,23,50,2,,,,,
2014/02/15,24,46,1,,,,,
2014/02/16,01,47,1,,,,,
2014/02/16,02,43,1,,,,,
2014/02/16,03,45,1,,,,,
2014/02/16,04,41,1,,,,,
2014/02/16,05,44,1,,,,,
2014/02/16,06,41,1,,,,,
2014/02/16,07,41,1,,,,,
2014/02/16,08,37,1,,,,,
2014/02/16,09,45,2,,,,,
2014/02/16,10,46,4,,,,,
2014/02/16,11,48,3,,,,,
2014/02/16,12,48,3,,,,,
2014/02/16,13,51,4,,,,,
2014/02/16,14,57,1,,,,,
2014/02/16,15,59,1,,,,,
2014/02/16,16,53,1,,,,,
2014/02/16,17,68,3,,,,,
2014/02/16,18,51,1,,,,,
2014/02/16,19,57,1,,,,,
2014/02/16,20,55,1,,,,,
2014/02/16,21,51,1,,,,,
2014/02/16,22,44,1,,,,,
2014/02/16,23,43,1,,,,,
2014/02/16,24,43,1,,,,,
2014/02/17,01,41,1,,,,,
2014/02/17,02,43,1,,,,,
2014/02/17,03,41,1,,,,,
2014/02/17,04,45,1,,,,,
2014/02/17,05,52,1,,,,,
2014/02/17,06,57,1,,,,,
2014/02/17,07,66,1,,,,,
2014/02/17,08,84,5,,,,,
2014/02/17,09,108,7,,,,,
2014/02/17,10,89,4,,,,,
2014/02/17,11,99,1,,,,,
2014/02/17,12,92,1,,,,,
2014/02/17,13,87,1,,,,,
2014/02/17,14,86,1,,,,,
2014/02/17,15,89,1,,,,,
2014/02/17,16,83,1,,,,,
2014/02/17,17,89,2,,,,,
2014/02/17,18,75,2,,,,,
2014/02/17,19,77,2,,,,,
2014/02/17,20,75,2,,,,,
2014/02/17,21,70,3,,,,,
2014/02/17,22,63,3,,,,,
2014/02/17,23,55,3,,,,,
2014/02/17,24,55,3,,,,,
2014/02/18,01,51,3,,,,,
2014/02/18,02,44,3,,,,,
2014/02/18,03,49,3,,,,,
2014/02/18,04,45,2,,,,,
2014/02/18,05,55,2,,,,,
2014/02/18,06,59,2,,,,,
2014/02/18,07,60,2,,,,,
2014/02/18,08,82,2,,,,,
2014/02/18,09,92,2,,,,,
2014/02/18,10,99,1,,,,,
2014/02/18,11,102,1,,,,,
2014/02/18,12,83,1,,,,,
2014/02/18,13,87,1,,,,,
2014/02/18,14,81,1,,,,,
2014/02/18,15,95,4,,,,,
2014/02/18,16,97,7,,,,,
2014/02/18,17,89,5,,,,,
2014/02/18,18,80,5,,,,,
2014/02/18,19,77,3,,,,,
2014/02/18,20,70,2,,,,,
2014/02/18,21,73,2,,,,,
2014/02/18,22,67,2,,,,,
2014/02/18,23,58,2,,,,,
2014/02/18,24,55,2,,,,,
2014/02/19,01,47,2,,,,,
2014/02/19,02,42,2,,,,,
2014/02/19,03,47,2,,,,,
2014/02/19,04,49,2,,,,,
2014/02/19,05,52,2,,,,,
2014/02/19,06,52,2,,,,,
2014/02/19,07,62,2,,,,,
2014/02/19,08,79,2,,,,,
2014/02/19,09,83,2,,,,,
2014/02/19,10,82,1,,,,,
2014/02/19,11,91,1,,,,,
2014/02/19,12,81,1,,,,,
2014/02/19,13,72,2,,,,,
2014/02/19,14,74,2,,,,,
2014/02/19,15,79,1,,,,,
2014/02/19,16,77,1,,,,,
2014/02/19,17,82,1,,,,,
2014/02/19,18,71,2,,,,,
2014/02/19,19,71,2,,,,,
2014/02/19,20,67,2,,,,,
2014/02/19,21,63,2,,,,,
2014/02/19,22,56,2,,,,,
2014/02/19,23,52,2,,,,,
2014/02/19,24,43,1,,,,,
2014/02/20,01,47,2,,,,,
2014/02/20,02,37,2,,,,,
2014/02/20,03,44,2,,,,,
2014/02/20,04,42,2,,,,,
2014/02/20,05,52,2,,,,,
2014/02/20,06,49,2,,,,,
2014/02/20,07,54,2,,,,,
2014/02/20,08,66,2,,,,,
2014/02/20,09,85,2,,,,,
2014/02/20,10,81,2,,,,,
2014/02/20,11,89,8,,,,,
2014/02/20,12,86,10,,,,,
2014/02/20,13,78,9,,,,,
2014/02/20,14,77,3,,,,,
2014/02/20,15,81,3,,,,,
2014/02/20,16,82,3,,,,,
2014/02/20,17,83,3,,,,,
2014/02/20,18,85,3,,,,,
2014/02/20,19,74,3,,,,,
2014/02/20,20,80,8,,,,,
2014/02/20,21,70,7,,,,,
2014/02/20,22,56,4,,,,,
2014/02/20,23,57,3,,,,,
2014/02/20,24,43,1,,,,,
2014/02/21,01,42,1,,,,,
2014/02/21,02,38,1,,,,,
2014/02/21,03,38,1,,,,,
2014/02/21,04,40,1,,,,,
2014/02/21,05,55,1,,,,,
2014/02/21,06,47,1,,,,,
2014/02/21,07,48,1,,,,,
2014/02/21,08,63,6,,,,,
2014/02/21,09,83,7,,,,,
2014/02/21,10,79,4,,,,,
2014/02/21,11,85,6,,,,,
2014/02/21,12,78,7,,,,,
2014/02/21,13,78,7,,,,,
2014/02/21,14,71,6,,,,,
2014/02/21,15,84,3,,,,,
2014/02/21,16,78,3,,,,,
2014/02/21,17,87,2,,,,,
2014/02/21,18,79,2,,,,,
2014/02/21,19,84,3,,,,,
2014/02/21,20,79,3,,,,,
2014/02/21,21,72,1,,,,,
2014/02/21,22,61,1,,,,,
2014/02/21,23,57,1,,,,,
2014/02/21,24,49,1,,,,,
2014/02/22,01,50,1,,,,,
2014/02/22,02,46,1,,,,,
2014/02/22,03,49,1,,,,,
2014/02/22,04,46,1,,,,,
2014/02/22,05,59,1,,,,,
2014/02/22,06,53,1,,,,,
2014/02/22,07,53,1,,,,,
2014/02/22,08,60,1,,,,,
2014/02/22,09,72,1,,,,,
2014/02/22,10,73,1,,,,,
2014/02/22,11,73,1,,,,,
2014/02/22,12,70,1,,,,,
2014/02/22,13,69,1,,,,,
2014/02/22,14,73,1,,,,,
2014/02/22,15,77,1,,,,,
2014/02/22,16,70,1,,,,,
2014/02/22,17,68,1,,,,,
2014/02/22,18,67,1,,,,,
2014/02/22,19,64,1,,,,,
2014/02/22,20,61,1,,,,,
2014/02/22,21,58,1,,,,,
2014/02/22,22,57,1,,,,,
2014/02/22,23,52,1,,,,,
2014/02/22,24,47,1,,,,,
2014/02/23,01,48,1,,,,,
2014/02/23,02,42,1,,,,,
2014/02/23,03,43,1,,,,,
2014/02/23,04,41,1,,,,,
2014/02/23,05,40,1,,,,,
2014/02/23,06,43,1,,,,,
2014/02/23,07,38,1,,,,,
2014/02/23,08,39,1,,,,,
2014/02/23,09,42,1,,,,,
2014/02/23,10,40,1,,,,,
2014/02/23,11,47,1,,,,,
2014/02/23,12,47,1,,,,,
2014/02/23,13,49,2,,,,,
2014/02/23,14,53,2,,,,,
2014/02/23,15,57,2,,,,,
2014/02/23,16,56,2,,,,,
2014/02/23,17,54,2,,,,,
2014/02/23,18,55,1,,,,,
2014/02/23,19,52,2,,,,,
2014/02/23,20,49,2,,,,,
2014/02/23,21,49,2,,,,,
2014/02/23,22,44,2,,,,,
2014/02/23,23,44,2,,,,,
2014/02/23,24,48,2,,,,,
2014/02/24,01,47,2,,,,,
2014/02/24,02,46,2,,,,,
2014/02/24,03,46,2,,,,,
2014/02/24,04,50,2,,,,,
2014/02/24,05,62,2,,,,,
2014/02/24,06,54,2,,,,,
2014/02/24,07,66,1,,,,,
2014/02/24,08,82,8,,,,,
2014/02/24,09,104,6,,,,,
2014/02/24,10,97,5,,,,,
2014/02/24,11,96,3,,,,,
2014/02/24,12,91,2,,,,,
2014/02/24,13,84,3,,,,,
2014/02/24,14,82,2,,,,,
2014/02/24,15,98,1,,,,,
2014/02/24,16,92,1,,,,,
2014/02/24,17,93,2,,,,,
2014/02/24,18,95,1,,,,,
2014/02/24,19,85,2,,,,,
2014/02/24,20,81,1,,,,,
2014/02/24,21,81,1,,,,,
2014/02/24,22,74,3,,,,,
2014/02/24,23,69,1,,,,,
2014/02/24,24,64,1,,,,,
2014/02/25,01,59,1,,,,,
2014/02/25,02,52,1,,,,,
2014/02/25,03,55,1,,,,,
2014/02/25,04,57,1,,,,,
2014/02/25,05,66,1,,,,,
2014/02/25,06,68,1,,,,,
2014/02/25,07,75,1,,,,,
2014/02/25,08,101,4,,,,,
2014/02/25,09,110,2,,,,,
2014/02/25,10,107,1,,,,,
2014/02/25,11,110,1,,,,,
2014/02/25,12,89,1,,,,,
2014/02/25,13,91,1,,,,,
2014/02/25,14,94,1,,,,,
2014/02/25,15,104,3,,,,,
2014/02/25,16,107,3,,,,,
2014/02/25,17,108,5,,,,,
2014/02/25,18,92,4,,,,,
2014/02/25,19,86,1,,,,,
2014/02/25,20,81,1,,,,,
2014/02/25,21,77,1,,,,,
2014/02/25,22,66,1,,,,,
2014/02/25,23,63,1,,,,,
2014/02/25,24,58,1,,,,,
2014/02/26,01,56,1,,,,,
2014/02/26,02,53,1,,,,,
2014/02/26,03,53,1,,,,,
2014/02/26,04,53,1,,,,,
2014/02/26,05,67,1,,,,,
2014/02/26,06,75,1,,,,,
2014/02/26,07,80,1,,,,,
2014/02/26,08,99,1,,,,,
2014/02/26,09,96,1,,,,,
2014/02/26,10,98,1,,,,,
2014/02/26,11,95,1,,,,,
2014/02/26,12,88,2,,,,,
2014/02/26,13,92,3,,,,,
2014/02/26,14,88,3,,,,,
2014/02/26,15,93,3,,,,,
2014/02/26,16,97,4,,,,,
2014/02/26,17,97,4,,,,,
2014/02/26,18,88,4,,,,,
2014/02/26,19,86,3,,,,,
2014/02/26,20,77,2,,,,,
2014/02/26,21,75,1,,,,,
2014/02/26,22,68,1,,,,,
2014/02/26,23,61,1,,,,,
2014/02/26,24,50,1,,,,,
2014/02/27,01,55,1,,,,,
2014/02/27,02,46,1,,,,,
2014/02/27,03,50,1,,,,,
2014/02/27,04,53,1,,,,,
2014/02/27,05,60,1,,,,,
2014/02/27,06,62,1,,,,,
2014/02/27,07,78,1,,,,,
2014/02/27,08,98,1,,,,,
2014/02/27,09,107,1,,,,,
2014/02/27,10,103,1,,,,,
2014/02/27,11,110,1,,,,,
2014/02/27,12,112,1,,,,,
2014/02/27,13,98,1,,,,,
2014/02/27,14,92,1,,,,,
2014/02/27,15,102,2,,,,,
2014/02/27,16,92,1,,,,,
2014/02/27,17,108,3,,,,,
2014/02/27,18,93,4,,,,,
2014/02/27,19,89,4,,,,,
2014/02/27,20,84,3,,,,,
2014/02/27,21,76,2,,,,,
2014/02/27,22,77,2,,,,,
2014/02/27,23,72,2,,,,,
2014/02/27,24,56,2,,,,,
2014/02/28,01,50,2,,,,,
2014/02/28,02,48,1,,,,,
2014/02/28,03,48,2,,,,,
2014/02/28,04,52,1,,,,,
2014/02/28,05,64,2,,,,,
2014/02/28,06,59,2,,,,,
2014/02/28,07,71,1,,,,,
2014/02/28,08,82,2,,,,,
2014/02/28,09,100,1,,,,,
2014/02/28,10,106,2,,,,,
2014/02/28,11,113,2,,,,,
2014/02/28,12,110,3,,,,,
2014/02/28,13,106,3,,,,,
2014/02/28,14,108,3,,,,,
2014/02/28,15,97,6,,,,,
2014/02/28,16,118,5,,,,,
2014/02/28,17,103,5,,,,,
2014/02/28,18,112,5,,,,,
2014/02/28,19,114,4,,,,,
2014/02/28,20,99,2,,,,,
2014/02/28,21,105,1,,,,,
2014/02/28,22,89,1,,,,,
2014/02/28,23,85,1,,,,,
2014/02/28,24,73,1,,,,,
2014/03/01,01,76,1,,,,,
2014/03/01,02,61,1,,,,,
2014/03/01,03,69,1,,,,,
2014/03/01,04,65,1,,,,,
2014/03/01,05,78,1,,,,,
2014/03/01,06,91,1,,,,,
2014/03/01,07,84,1,,,,,
2014/03/01,08,110,1,,,,,
2014/03/01,09,111,1,,,,,
2014/03/01,10,122,1,,,,,
2014/03/01,11,111,2,,,,,
2014/03/01,12,129,6,,,,,
2014/03/01,13,108,2,,,,,
2014/03/01,14,101,4,,,,,
2014/03/01,15,105,11,,,,,
2014/03/01,16,107,12,,,,,
2014/03/01,17,91,9,,,,,
2014/03/01,18,96,3,,,,,
2014/03/01,19,74,1,,,,,
2014/03/01,20,73,1,,,,,
2014/03/01,21,70,1,,,,,
2014/03/01,22,65,1,,,,,
2014/03/01,23,61,1,,,,,
2014/03/01,24,60,1,,,,,
2014/03/02,01,57,1,,,,,
2014/03/02,02,53,1,,,,,
2014/03/02,03,53,1,,,,,
2014/03/02,04,43,1,,,,,
2014/03/02,05,55,1,,,,,
2014/03/02,06,47,1,,,,,
2014/03/02,07,46,1,,,,,
2014/03/02,08,49,1,,,,,
2014/03/02,09,49,1,,,,,
2014/03/02,10,51,1,,,,,
2014/03/02,11,52,1,,,,,
2014/03/02,12,53,1,,,,,
2014/03/02,13,54,2,,,,,
2014/03/02,14,66,1,,,,,
2014/03/02,15,70,1,,,,,
2014/03/02,16,68,2,,,,,
2014/03/02,17,71,1,,,,,
2014/03/02,18,58,1,,,,,
2014/03/02,19,66,1,,,,,
2014/03/02,20,55,1,,,,,
2014/03/02,21,52,1,,,,,
2014/03/02,22,50,1,,,,,
2014/03/02,23,47,1,,,,,
2014/03/02,24,46,1,,,,,
2014/03/03,01,46,1,,,,,
2014/03/03,02,44,1,,,,,
2014/03/03,03,47,1,,,,,
2014/03/03,04,54,1,,,,,
2014/03/03,05,56,1,,,,,
2014/03/03,06,61,1,,,,,
2014/03/03,07,75,1,,,,,
2014/03/03,08,91,1,,,,,
2014/03/03,09,109,2,,,,,
2014/03/03,10,103,5,,,,,
2014/03/03,11,108,1,,,,,
2014/03/03,12,101,1,,,,,
2014/03/03,13,98,1,,,,,
2014/03/03,14,88,3,,,,,
2014/03/03,15,102,4,,,,,
2014/03/03,16,92,4,,,,,
2014/03/03,17,97,3,,,,,
2014/03/03,18,96,3,,,,,
2014/03/03,19,94,4,,,,,
2014/03/03,20,79,4,,,,,
2014/03/03,21,82,3,,,,,
2014/03/03,22,71,2,,,,,
2014/03/03,23,65,2,,,,,
2014/03/03,24,59,2,,,,,
2014/03/04,01,58,2,,,,,
2014/03/04,02,53,2,,,,,
2014/03/04,03,56,2,,,,,
2014/03/04,04,55,2,,,,,
2014/03/04,05,66,2,,,,,
2014/03/04,06,62,2,,,,,
2014/03/04,07,67,2,,,,,
2014/03/04,08,88,4,,,,,
2014/03/04,09,110,2,,,,,
2014/03/04,10,104,2,,,,,
2014/03/04,11,115,2,,,,,
2014/03/04,12,103,4,,,,,
2014/03/04,13,102,2,,,,,
2014/03/04,14,105,2,,,,,
2014/03/04,15,100,2,,,,,
2014/03/04,16,99,2,,,,,
2014/03/04,17,113,1,,,,,
2014/03/04,18,95,1,,,,,
2014/03/04,19,88,2,,,,,
2014/03/04,20,76,2,,,,,
2014/03/04,21,75,2,,,,,
2014/03/04,22,72,2,,,,,
2014/03/04,23,61,2,,,,,
2014/03/04,24,63,2,,,,,
2014/03/05,01,62,2,,,,,
2014/03/05,02,61,2,,,,,
2014/03/05,03,57,2,,,,,
2014/03/05,04,62,1,,,,,
2014/03/05,05,63,2,,,,,
2014/03/05,06,72,2,,,,,
2014/03/05,07,81,2,,,,,
2014/03/05,08,102,2,,,,,
2014/03/05,09,98,1,,,,,
2014/03/05,10,98,2,,,,,
2014/03/05,11,98,2,,,,,
2014/03/05,12,86,1,,,,,
2014/03/05,13,84,1,,,,,
2014/03/05,14,82,2,,,,,
2014/03/05,15,89,2,,,,,
2014/03/05,16,85,1,,,,,
2014/03/05,17,93,2,,,,,
2014/03/05,18,84,1,,,,,
2014/03/05,19,81,1,,,,,
2014/03/05,20,73,1,,,,,
2014/03/05,21,71,1,,,,,
2014/03/05,22,68,1,,,,,
2014/03/05,23,62,1,,,,,
2014/03/05,24,59,1,,,,,
2014/03/06,01,58,1,,,,,
2014/03/06,02,55,1,,,,,
2014/03/06,03,60,1,,,,,
2014/03/06,04,61,2,,,,,
2014/03/06,05,72,1,,,,,
2014/03/06,06,67,1,,,,,
2014/03/06,07,77,1,,,,,
2014/03/06,08,88,1,,,,,
2014/03/06,09,99,1,,,,,
2014/03/06,10,105,1,,,,,
2014/03/06,11,98,1,,,,,
2014/03/06,12,100,1,,,,,
2014/03/06,13,87,1,,,,,
2014/03/06,14,86,1,,,,,
2014/03/06,15,93,1,,,,,
2014/03/06,16,96,1,,,,,
2014/03/06,17,85,1,,,,,
2014/03/06,18,84,1,,,,,
2014/03/06,19,93,2,,,,,
2014/03/06,20,86,2,,,,,
2014/03/06,21,83,2,,,,,
2014/03/06,22,77,2,,,,,
2014/03/06,23,73,1,,,,,
2014/03/06,24,63,1,,,,,
2014/03/07,01,62,1,,,,,
2014/03/07,02,61,1,,,,,
2014/03/07,03,66,1,,,,,
2014/03/07,04,62,1,,,,,
2014/03/07,05,69,1,,,,,
2014/03/07,06,72,1,,,,,
2014/03/07,07,73,1,,,,,
2014/03/07,08,89,3,,,,,
2014/03/07,09,104,3,,,,,
2014/03/07,10,102,3,,,,,
2014/03/07,11,101,4,,,,,
2014/03/07,12,104,6,,,,,
2014/03/07,13,112,7,,,,,
2014/03/07,14,100,10,,,,,
2014/03/07,15,109,11,,,,,
2014/03/07,16,113,11,,,,,
2014/03/07,17,121,11,,,,,
2014/03/07,18,99,7,,,,,
2014/03/07,19,99,7,,,,,
2014/03/07,20,89,5,,,,,
2014/03/07,21,82,3,,,,,
2014/03/07,22,72,2,,,,,
2014/03/07,23,72,2,,,,,
2014/03/07,24,63,2,,,,,
2014/03/08,01,65,2,,,,,
2014/03/08,02,72,1,,,,,
2014/03/08,03,78,1,,,,,
2014/03/08,04,70,1,,,,,
2014/03/08,05,82,1,,,,,
2014/03/08,06,84,1,,,,,
2014/03/08,07,86,1,,,,,
2014/03/08,08,87,1,,,,,
2014/03/08,09,104,4,,,,,
2014/03/08,10,93,5,,,,,
2014/03/08,11,97,4,,,,,
2014/03/08,12,93,5,,,,,
2014/03/08,13,86,5,,,,,
2014/03/08,14,83,5,,,,,
2014/03/08,15,82,4,,,,,
2014/03/08,16,86,4,,,,,
2014/03/08,17,93,5,,,,,
2014/03/08,18,80,2,,,,,
2014/03/08,19,80,1,,,,,
2014/03/08,20,62,1,,,,,
2014/03/08,21,59,1,,,,,
2014/03/08,22,55,1,,,,,
2014/03/08,23,52,1,,,,,
2014/03/08,24,57,1,,,,,
2014/03/09,01,52,1,,,,,
2014/03/09,02,53,1,,,,,
2014/03/09,03,53,1,,,,,
2014/03/09,04,49,1,,,,,
2014/03/09,05,50,1,,,,,
2014/03/09,06,49,1,,,,,
2014/03/09,07,48,1,,,,,
2014/03/09,08,44,1,,,,,
2014/03/09,09,54,1,,,,,
2014/03/09,10,46,1,,,,,
2014/03/09,11,53,1,,,,,
2014/03/09,12,55,1,,,,,
2014/03/09,13,65,2,,,,,
2014/03/09,14,64,1,,,,,
2014/03/09,15,74,1,,,,,
2014/03/09,16,55,1,,,,,
2014/03/09,17,61,3,,,,,
2014/03/09,18,57,4,,,,,
2014/03/09,19,58,2,,,,,
2014/03/09,20,53,1,,,,,
2014/03/09,21,54,1,,,,,
2014/03/09,22,45,1,,,,,
2014/03/09,23,50,1,,,,,
2014/03/09,24,43,1,,,,,
2014/03/10,01,46,1,,,,,
2014/03/10,02,43,1,,,,,
2014/03/10,03,44,1,,,,,
2014/03/10,04,45,1,,,,,
2014/03/10,05,50,1,,,,,
2014/03/10,06,53,1,,,,,
2014/03/10,07,56,1,,,,,
2014/03/10,08,76,7,,,,,
2014/03/10,09,97,13,,,,,
2014/03/10,10,92,10,,,,,
2014/03/10,11,94,9,,,,,
2014/03/10,12,90,8,,,,,
2014/03/10,13,91,6,,,,,
2014/03/10,14,81,3,,,,,
2014/03/10,15,83,3,,,,,
2014/03/10,16,84,2,,,,,
2014/03/10,17,83,2,,,,,
2014/03/10,18,79,2,,,,,
2014/03/10,19,85,2,,,,,
2014/03/10,20,76,4,,,,,
2014/03/10,21,75,4,,,,,
2014/03/10,22,58,1,,,,,
2014/03/10,23,57,1,,,,,
2014/03/10,24,55,1,,,,,
2014/03/11,01,53,1,,,,,
2014/03/11,02,54,1,,,,,
2014/03/11,03,60,1,,,,,
2014/03/11,04,60,1,,,,,
2014/03/11,05,71,1,,,,,
2014/03/11,06,69,1,,,,,
2014/03/11,07,63,1,,,,,
2014/03/11,08,71,3,,,,,
2014/03/11,09,96,6,,,,,
2014/03/11,10,94,8,,,,,
2014/03/11,11,89,7,,,,,
2014/03/11,12,88,5,,,,,
2014/03/11,13,78,5,,,,,
2014/03/11,14,78,2,,,,,
2014/03/11,15,89,1,,,,,
2014/03/11,16,84,2,,,,,
2014/03/11,17,86,1,,,,,
2014/03/11,18,82,2,,,,,
2014/03/11,19,85,4,,,,,
2014/03/11,20,82,3,,,,,
2014/03/11,21,76,1,,,,,
2014/03/11,22,67,1,,,,,
2014/03/11,23,68,1,,,,,
2014/03/11,24,62,1,,,,,
2014/03/12,01,59,1,,,,,
2014/03/12,02,55,1,,,,,
2014/03/12,03,60,1,,,,,
2014/03/12,04,52,1,,,,,
2014/03/12,05,65,1,,,,,
2014/03/12,06,68,1,,,,,
2014/03/12,07,74,1,,,,,
2014/03/12,08,94,1,,,,,
2014/03/12,09,96,1,,,,,
2014/03/12,10,89,1,,,,,
2014/03/12,11,91,2,,,,,
2014/03/12,12,89,1,,,,,
2014/03/12,13,80,1,,,,,
2014/03/12,14,79,1,,,,,
2014/03/12,15,90,1,,,,,
2014/03/12,16,93,2,,,,,
2014/03/12,17,89,2,,,,,
2014/03/12,18,82,2,,,,,
2014/03/12,19,76,2,,,,,
2014/03/12,20,71,2,,,,,
2014/03/12,21,69,2,,,,,
2014/03/12,22,67,1,,,,,
2014/03/12,23,62,1,,,,,
2014/03/12,24,63,1,,,,,
2014/03/13,01,61,1,,,,,
2014/03/13,02,58,1,,,,,
2014/03/13,03,57,1,,,,,
2014/03/13,04,67,1,,,,,
2014/03/13,05,75,1,,,,,
2014/03/13,06,71,1,,,,,
2014/03/13,07,84,1,,,,,
2014/03/13,08,106,1,,,,,
2014/03/13,09,104,1,,,,,
2014/03/13,10,109,2,,,,,
2014/03/13,11,109,2,,,,,
2014/03/13,12,108,2,,,,,
2014/03/13,13,92,3,,,,,
2014/03/13,14,92,2,,,,,
2014/03/13,15,101,1,,,,,
2014/03/13,16,95,1,,,,,
2014/03/13,17,86,1,,,,,
2014/03/13,18,83,2,,,,,
2014/03/13,19,81,2,,,,,
2014/03/13,20,70,2,,,,,
2014/03/13,21,77,1,,,,,
2014/03/13,22,71,1,,,,,
2014/03/13,23,66,1,,,,,
2014/03/13,24,62,1,,,,,
2014/03/14,01,61,1,,,,,
2014/03/14,02,53,1,,,,,
2014/03/14,03,58,1,,,,,
2014/03/14,04,55,1,,,,,
2014/03/14,05,61,1,,,,,
2014/03/14,06,62,1,,,,,
2014/03/14,07,67,1,,,,,
2014/03/14,08,79,4,,,,,
2014/03/14,09,93,6,,,,,
2014/03/14,10,99,9,,,,,
2014/03/14,11,101,10,,,,,
2014/03/14,12,95,9,,,,,
2014/03/14,13,88,11,,,,,
2014/03/14,14,90,9,,,,,
2014/03/14,15,92,5,,,,,
2014/03/14,16,90,4,,,,,
2014/03/14,17,92,3,,,,,
2014/03/14,18,89,1,,,,,
2014/03/14,19,84,1,,,,,
2014/03/14,20,76,2,,,,,
2014/03/14,21,83,2,,,,,
2014/03/14,22,69,1,,,,,
2014/03/14,23,69,1,,,,,
2014/03/14,24,54,1,,,,,
2014/03/15,01,59,1,,,,,
2014/03/15,02,56,1,,,,,
2014/03/15,03,60,1,,,,,
2014/03/15,04,59,1,,,,,
2014/03/15,05,63,1,,,,,
2014/03/15,06,64,1,,,,,
2014/03/15,07,66,1,,,,,
2014/03/15,08,69,1,,,,,
2014/03/15,09,87,7,,,,,
2014/03/15,10,80,7,,,,,
2014/03/15,11,93,10,,,,,
2014/03/15,12,81,7,,,,,
2014/03/15,13,77,5,,,,,
2014/03/15,14,80,5,,,,,
2014/03/15,15,84,6,,,,,
2014/03/15,16,83,4,,,,,
2014/03/15,17,72,4,,,,,
2014/03/15,18,65,4,,,,,
2014/03/15,19,64,1,,,,,
2014/03/15,20,58,1,,,,,
2014/03/15,21,56,1,,,,,
2014/03/15,22,56,1,,,,,
2014/03/15,23,53,1,,,,,
2014/03/15,24,47,1,,,,,
2014/03/16,01,53,1,,,,,
2014/03/16,02,46,1,,,,,
2014/03/16,03,45,1,,,,,
2014/03/16,04,42,1,,,,,
2014/03/16,05,41,1,,,,,
2014/03/16,06,41,1,,,,,
2014/03/16,07,40,1,,,,,
2014/03/16,08,37,1,,,,,
2014/03/16,09,41,3,,,,,
2014/03/16,10,47,5,,,,,
2014/03/16,11,45,4,,,,,
2014/03/16,12,46,2,,,,,
2014/03/16,13,52,1,,,,,
2014/03/16,14,56,1,,,,,
2014/03/16,15,55,1,,,,,
2014/03/16,16,49,1,,,,,
2014/03/16,17,48,1,,,,,
2014/03/16,18,45,1,,,,,
2014/03/16,19,47,1,,,,,
2014/03/16,20,59,1,,,,,
2014/03/16,21,50,1,,,,,
2014/03/16,22,44,1,,,,,
2014/03/16,23,45,1,,,,,
2014/03/16,24,38,1,,,,,
2014/03/17,01,41,1,,,,,
2014/03/17,02,36,1,,,,,
2014/03/17,03,40,1,,,,,
2014/03/17,04,35,1,,,,,
2014/03/17,05,46,1,,,,,
2014/03/17,06,53,1,,,,,
2014/03/17,07,62,1,,,,,
2014/03/17,08,84,4,,,,,
2014/03/17,09,96,4,,,,,
2014/03/17,10,94,1,,,,,
2014/03/17,11,100,1,,,,,
2014/03/17,12,85,1,,,,,
2014/03/17,13,87,1,,,,,
2014/03/17,14,84,1,,,,,
2014/03/17,15,108,2,,,,,
2014/03/17,16,102,2,,,,,
2014/03/17,17,93,2,,,,,
2014/03/17,18,84,2,,,,,
2014/03/17,19,78,3,,,,,
2014/03/17,20,73,3,,,,,
2014/03/17,21,68,2,,,,,
2014/03/17,22,58,2,,,,,
2014/03/17,23,59,1,,,,,
2014/03/17,24,53,2,,,,,
2014/03/18,01,53,2,,,,,
2014/03/18,02,47,2,,,,,
2014/03/18,03,47,2,,,,,
2014/03/18,04,50,2,,,,,
2014/03/18,05,58,2,,,,,
2014/03/18,06,59,2,,,,,
2014/03/18,07,74,2,,,,,
2014/03/18,08,95,2,,,,,
2014/03/18,09,102,1,,,,,
2014/03/18,10,114,1,,,,,
2014/03/18,11,112,2,,,,,
2014/03/18,12,101,1,,,,,
2014/03/18,13,96,2,,,,,
2014/03/18,14,104,6,,,,,
2014/03/18,15,107,7,,,,,
2014/03/18,16,111,9,,,,,
2014/03/18,17,106,11,,,,,
2014/03/18,18,100,7,,,,,
2014/03/18,19,82,5,,,,,
2014/03/18,20,75,4,,,,,
2014/03/18,21,68,2,,,,,
2014/03/18,22,62,1,,,,,
2014/03/18,23,58,1,,,,,
2014/03/18,24,54,1,,,,,
2014/03/19,01,55,1,,,,,
2014/03/19,02,55,1,,,,,
2014/03/19,03,51,1,,,,,
2014/03/19,04,49,1,,,,,
2014/03/19,05,63,1,,,,,
2014/03/19,06,69,1,,,,,
2014/03/19,07,83,1,,,,,
2014/03/19,08,95,1,,,,,
2014/03/19,09,102,2,,,,,
2014/03/19,10,100,3,,,,,
2014/03/19,11,96,4,,,,,
2014/03/19,12,89,3,,,,,
2014/03/19,13,94,4,,,,,
2014/03/19,14,96,7,,,,,
2014/03/19,15,98,10,,,,,
2014/03/19,16,98,12,,,,,
2014/03/19,17,97,10,,,,,
2014/03/19,18,91,7,,,,,
2014/03/19,19,82,5,,,,,
2014/03/19,20,70,2,,,,,
2014/03/19,21,68,1,,,,,
2014/03/19,22,60,1,,,,,
2014/03/19,23,60,1,,,,,
2014/03/19,24,53,1,,,,,
2014/03/20,01,53,1,,,,,
2014/03/20,02,49,1,,,,,
2014/03/20,03,50,1,,,,,
2014/03/20,04,50,1,,,,,
2014/03/20,05,60,1,,,,,
2014/03/20,06,61,1,,,,,
2014/03/20,07,82,1,,,,,
2014/03/20,08,99,1,,,,,
2014/03/20,09,116,4,,,,,
2014/03/20,10,130,8,,,,,
2014/03/20,11,110,7,,,,,
2014/03/20,12,108,4,,,,,
2014/03/20,13,99,4,,,,,
2014/03/20,14,84,6,,,,,
2014/03/20,15,85,4,,,,,
2014/03/20,16,82,3,,,,,
2014/03/20,17,87,3,,,,,
2014/03/20,18,76,3,,,,,
2014/03/20,19,80,2,,,,,
2014/03/20,20,67,2,,,,,
2014/03/20,21,68,2,,,,,
2014/03/20,22,60,2,,,,,
2014/03/20,23,55,1,,,,,
2014/03/20,24,52,2,,,,,
2014/03/21,01,49,2,,,,,
2014/03/21,02,43,1,,,,,
2014/03/21,03,40,2,,,,,
2014/03/21,04,44,2,,,,,
2014/03/21,05,50,2,,,,,
2014/03/21,06,51,2,,,,,
2014/03/21,07,56,2,,,,,
2014/03/21,08,58,2,,,,,
2014/03/21,09,72,2,,,,,
2014/03/21,10,64,1,,,,,
2014/03/21,11,64,1,,,,,
2014/03/21,12,74,1,,,,,
2014/03/21,13,69,1,,,,,
2014/03/21,14,69,1,,,,,
2014/03/21,15,71,2,,,,,
2014/03/21,16,72,1,,,,,
2014/03/21,17,76,2,,,,,
2014/03/21,18,73,3,,,,,
2014/03/21,19,78,1,,,,,
2014/03/21,20,75,2,,,,,
2014/03/21,21,76,5,,,,,
2014/03/21,22,69,4,,,,,
2014/03/21,23,63,2,,,,,
2014/03/21,24,51,1,,,,,
2014/03/22,01,58,1,,,,,
2014/03/22,02,48,1,,,,,
2014/03/22,03,55,1,,,,,
2014/03/22,04,46,1,,,,,
2014/03/22,05,58,1,,,,,
2014/03/22,06,56,1,,,,,
2014/03/22,07,65,1,,,,,
2014/03/22,08,64,1,,,,,
2014/03/22,09,77,1,,,,,
2014/03/22,10,80,2,,,,,
2014/03/22,11,81,2,,,,,
2014/03/22,12,86,2,,,,,
2014/03/22,13,84,2,,,,,
2014/03/22,14,83,4,,,,,
2014/03/22,15,88,4,,,,,
2014/03/22,16,80,4,,,,,
2014/03/22,17,75,4,,,,,
2014/03/22,18,69,3,,,,,
2014/03/22,19,68,3,,,,,
2014/03/22,20,68,3,,,,,
2014/03/22,21,63,3,,,,,
2014/03/22,22,62,4,,,,,
2014/03/22,23,53,2,,,,,
2014/03/22,24,47,1,,,,,
2014/03/23,01,52,1,,,,,
2014/03/23,02,43,1,,,,,
2014/03/23,03,44,1,,,,,
2014/03/23,04,39,1,,,,,
2014/03/23,05,45,1,,,,,
2014/03/23,06,38,1,,,,,
2014/03/23,07,42,1,,,,,
2014/03/23,08,38,2,,,,,
2014/03/23,09,48,1,,,,,
2014/03/23,10,48,2,,,,,
2014/03/23,11,49,1,,,,,
2014/03/23,12,53,1,,,,,
2014/03/23,13,56,1,,,,,
2014/03/23,14,68,2,,,,,
2014/03/23,15,63,3,,,,,
2014/03/23,16,60,2,,,,,
2014/03/23,17,54,1,,,,,
2014/03/23,18,53,1,,,,,
2014/03/23,19,57,1,,,,,
2014/03/23,20,52,1,,,,,
2014/03/23,21,52,1,,,,,
2014/03/23,22,48,1,,,,,
2014/03/23,23,45,1,,,,,
2014/03/23,24,45,1,,,,,
2014/03/24,01,44,1,,,,,
2014/03/24,02,40,1,,,,,
2014/03/24,03,38,1,,,,,
2014/03/24,04,48,1,,,,,
2014/03/24,05,50,1,,,,,
2014/03/24,06,52,1,,,,,
2014/03/24,07,58,1,,,,,
2014/03/24,08,76,1,,,,,
2014/03/24,09,87,1,,,,,
2014/03/24,10,90,2,,,,,
2014/03/24,11,96,1,,,,,
2014/03/24,12,87,1,,,,,
2014/03/24,13,86,1,,,,,
2014/03/24,14,82,3,,,,,
2014/03/24,15,91,3,,,,,
2014/03/24,16,97,3,,,,,
2014/03/24,17,85,3,,,,,
2014/03/24,18,84,3,,,,,
2014/03/24,19,76,3,,,,,
2014/03/24,20,66,2,,,,,
2014/03/24,21,72,1,,,,,
2014/03/24,22,64,1,,,,,
2014/03/24,23,58,1,,,,,
2014/03/24,24,58,1,,,,,
2014/03/25,01,54,1,,,,,
2014/03/25,02,46,1,,,,,
2014/03/25,03,53,1,,,,,
2014/03/25,04,51,1,,,,,
2014/03/25,05,57,1,,,,,
2014/03/25,06,57,1,,,,,
2014/03/25,07,61,1,,,,,
2014/03/25,08,80,1,,,,,
2014/03/25,09,99,1,,,,,
2014/03/25,10,101,3,,,,,
2014/03/25,11,105,3,,,,,
2014/03/25,12,87,4,,,,,
2014/03/25,13,100,3,,,,,
2014/03/25,14,101,4,,,,,
2014/03/25,15,103,6,,,,,
2014/03/25,16,104,7,,,,,
2014/03/25,17,106,7,,,,,
2014/03/25,18,93,6,,,,,
2014/03/25,19,79,4,,,,,
2014/03/25,20,73,3,,,,,
2014/03/25,21,72,2,,,,,
2014/03/25,22,64,1,,,,,
2014/03/25,23,62,2,,,,,
2014/03/25,24,56,2,,,,,
2014/03/26,01,61,2,,,,,
2014/03/26,02,61,2,,,,,
2014/03/26,03,54,2,,,,,
2014/03/26,04,55,2,,,,,
2014/03/26,05,60,1,,,,,
2014/03/26,06,63,2,,,,,
2014/03/26,07,80,2,,,,,
2014/03/26,08,96,2,,,,,
2014/03/26,09,101,3,,,,,
2014/03/26,10,84,4,,,,,
2014/03/26,11,95,6,,,,,
2014/03/26,12,95,10,,,,,
2014/03/26,13,95,13,,,,,
2014/03/26,14,108,14,,,,,
2014/03/26,15,122,17,,,,,
2014/03/26,16,116,15,,,,,
2014/03/26,17,114,13,,,,,
2014/03/26,18,99,9,,,,,
2014/03/26,19,84,7,,,,,
2014/03/26,20,83,7,,,,,
2014/03/26,21,80,6,,,,,
2014/03/26,22,67,3,,,,,
2014/03/26,23,64,2,,,,,
2014/03/26,24,54,1,,,,,
2014/03/27,01,57,2,,,,,
2014/03/27,02,47,1,,,,,
2014/03/27,03,52,1,,,,,
2014/03/27,04,54,2,,,,,
2014/03/27,05,63,1,,,,,
2014/03/27,06,64,1,,,,,
2014/03/27,07,87,2,,,,,
2014/03/27,08,108,2,,,,,
2014/03/27,09,116,7,,,,,
2014/03/27,10,124,8,,,,,
2014/03/27,11,126,9,,,,,
2014/03/27,12,128,9,,,,,
2014/03/27,13,122,10,,,,,
2014/03/27,14,109,8,,,,,
2014/03/27,15,113,9,,,,,
2014/03/27,16,105,9,,,,,
2014/03/27,17,112,9,,,,,
2014/03/27,18,92,9,,,,,
2014/03/27,19,91,8,,,,,
2014/03/27,20,72,2,,,,,
2014/03/27,21,72,2,,,,,
2014/03/27,22,66,2,,,,,
2014/03/27,23,66,2,,,,,
2014/03/27,24,57,2,,,,,
2014/03/28,01,56,2,,,,,
2014/03/28,02,55,2,,,,,
2014/03/28,03,50,2,,,,,
2014/03/28,04,60,2,,,,,
2014/03/28,05,62,2,,,,,
2014/03/28,06,61,2,,,,,
2014/03/28,07,78,2,,,,,
2014/03/28,08,101,2,,,,,
2014/03/28,09,116,3,,,,,
2014/03/28,10,96,5,,,,,
2014/03/28,11,112,6,,,,,
2014/03/28,12,101,7,,,,,
2014/03/28,13,100,5,,,,,
2014/03/28,14,92,7,,,,,
2014/03/28,15,105,8,,,,,
2014/03/28,16,102,10,,,,,
2014/03/28,17,94,7,,,,,
2014/03/28,18,101,7,,,,,
2014/03/28,19,95,7,,,,,
2014/03/28,20,88,4,,,,,
2014/03/28,21,83,3,,,,,
2014/03/28,22,77,1,,,,,
2014/03/28,23,75,1,,,,,
2014/03/28,24,62,1,,,,,
2014/03/29,01,64,1,,,,,
2014/03/29,02,61,1,,,,,
2014/03/29,03,61,1,,,,,
2014/03/29,04,57,1,,,,,
2014/03/29,05,79,1,,,,,
2014/03/29,06,95,1,,,,,
2014/03/29,07,92,1,,,,,
2014/03/29,08,103,1,,,,,
2014/03/29,09,110,1,,,,,
2014/03/29,10,122,4,,,,,
2014/03/29,11,113,6,,,,,
2014/03/29,12,106,7,,,,,
2014/03/29,13,125,6,,,,,
2014/03/29,14,121,8,,,,,
2014/03/29,15,119,9,,,,,
2014/03/29,16,110,9,,,,,
2014/03/29,17,90,6,,,,,
2014/03/29,18,87,4,,,,,
2014/03/29,19,87,3,,,,,
2014/03/29,20,78,2,,,,,
2014/03/29,21,73,2,,,,,
2014/03/29,22,69,1,,,,,
2014/03/29,23,68,1,,,,,
2014/03/29,24,64,1,,,,,
2014/03/30,01,61,1,,,,,
2014/03/30,02,57,1,,,,,
2014/03/30,03,59,1,,,,,
2014/03/30,04,55,1,,,,,
2014/03/30,05,55,1,,,,,
2014/03/30,06,53,1,,,,,
2014/03/30,07,56,1,,,,,
2014/03/30,08,49,1,,,,,
2014/03/30,09,56,1,,,,,
2014/03/30,10,51,2,,,,,
2014/03/30,11,55,2,,,,,
2014/03/30,12,56,2,,,,,
2014/03/30,13,65,2,,,,,
2014/03/30,14,75,4,,,,,
2014/03/30,15,63,3,,,,,
2014/03/30,16,57,1,,,,,
2014/03/30,17,77,3,,,,,
2014/03/30,18,63,2,,,,,
2014/03/30,19,66,1,,,,,
2014/03/30,20,57,1,,,,,
2014/03/30,21,63,1,,,,,
2014/03/30,22,52,1,,,,,
2014/03/30,23,51,1,,,,,
2014/03/30,24,49,1,,,,,
2014/03/31,01,47,1,,,,,
2014/03/31,02,48,1,,,,,
2014/03/31,03,47,1,,,,,
2014/03/31,04,55,1,,,,,
2014/03/31,05,57,1,,,,,
2014/03/31,06,63,1,,,,,
2014/03/31,07,59,1,,,,,
2014/03/31,08,78,1,,,,,
2014/03/31,09,88,1,,,,,
2014/03/31,10,96,2,,,,,
2014/03/31,11,91,3,,,,,
2014/03/31,12,84,4,,,,,
2014/03/31,13,87,5,,,,,
2014/03/31,14,94,7,,,,,
2014/03/31,15,98,8,,,,,
2014/03/31,16,93,7,,,,,
2014/03/31,17,99,7,,,,,
2014/03/31,18,82,6,,,,,
2014/03/31,19,78,5,,,,,
2014/03/31,20,76,4,,,,,
2014/03/31,21,70,2,,,,,
2014/03/31,22,54,2,,,,,
2014/03/31,23,53,2,,,,,
2014/03/31,24,44,2,,,,,
2014/04/01,01,49,2,,,,,
2014/04/01,02,42,2,,,,,
2014/04/01,03,48,2,,,,,
2014/04/01,04,47,2,,,,,
2014/04/01,05,55,2,,,,,
2014/04/01,06,55,2,,,,,
2014/04/01,07,72,2,,,,,
2014/04/01,08,91,2,,,,,
2014/04/01,09,95,1,,,,,
2014/04/01,10,99,1,,,,,
2014/04/01,11,98,2,,,,,
2014/04/01,12,86,2,,,,,
2014/04/01,13,87,2,,,,,
2014/04/01,14,89,3,,,,,
2014/04/01,15,90,2,,,,,
2014/04/01,16,95,4,,,,,
2014/04/01,17,95,6,,,,,
2014/04/01,18,85,5,,,,,
2014/04/01,19,77,4,,,,,
2014/04/01,20,78,4,,,,,
2014/04/01,21,70,2,,,,,
2014/04/01,22,62,2,,,,,
2014/04/01,23,58,2,,,,,
2014/04/01,24,50,2,,,,,
2014/04/02,01,57,2,,,,,
2014/04/02,02,52,2,,,,,
2014/04/02,03,50,2,,,,,
2014/04/02,04,54,2,,,,,
2014/04/02,05,53,2,,,,,
2014/04/02,06,55,2,,,,,
2014/04/02,07,74,2,,,,,
2014/04/02,08,92,2,,,,,
2014/04/02,09,107,1,,,,,
2014/04/02,10,106,3,,,,,
2014/04/02,11,105,3,,,,,
2014/04/02,12,83,4,,,,,
2014/04/02,13,85,3,,,,,
2014/04/02,14,95,4,,,,,
2014/04/02,15,95,7,,,,,
2014/04/02,16,104,9,,,,,
2014/04/02,17,105,8,,,,,
2014/04/02,18,91,5,,,,,
2014/04/02,19,90,4,,,,,
2014/04/02,20,84,3,,,,,
2014/04/02,21,80,2,,,,,
2014/04/02,22,74,2,,,,,
2014/04/02,23,69,2,,,,,
2014/04/02,24,58,1,,,,,
2014/04/03,01,56,1,,,,,
2014/04/03,02,54,1,,,,,
2014/04/03,03,56,1,,,,,
2014/04/03,04,62,1,,,,,
2014/04/03,05,64,1,,,,,
2014/04/03,06,64,1,,,,,
2014/04/03,07,66,1,,,,,
2014/04/03,08,89,2,,,,,
2014/04/03,09,110,1,,,,,
2014/04/03,10,109,2,,,,,
2014/04/03,11,109,2,,,,,
2014/04/03,12,111,5,,,,,
2014/04/03,13,100,4,,,,,
2014/04/03,14,90,5,,,,,
2014/04/03,15,92,6,,,,,
2014/04/03,16,106,5,,,,,
2014/04/03,17,106,6,,,,,
2014/04/03,18,91,5,,,,,
2014/04/03,19,95,4,,,,,
2014/04/03,20,87,3,,,,,
2014/04/03,21,81,2,,,,,
2014/04/03,22,74,2,,,,,
2014/04/03,23,74,2,,,,,
2014/04/03,24,58,2,,,,,
2014/04/04,01,62,2,,,,,
2014/04/04,02,56,2,,,,,
2014/04/04,03,56,2,,,,,
2014/04/04,04,59,2,,,,,
2014/04/04,05,64,2,,,,,
2014/04/04,06,64,2,,,,,
2014/04/04,07,70,2,,,,,
2014/04/04,08,90,2,,,,,
2014/04/04,09,101,2,,,,,
2014/04/04,10,98,2,,,,,
2014/04/04,11,100,2,,,,,
2014/04/04,12,94,3,,,,,
2014/04/04,13,90,3,,,,,
2014/04/04,14,87,3,,,,,
2014/04/04,15,82,4,,,,,
2014/04/04,16,90,3,,,,,
2014/04/04,17,93,4,,,,,
2014/04/04,18,74,3,,,,,
2014/04/04,19,86,2,,,,,
2014/04/04,20,83,2,,,,,
2014/04/04,21,78,2,,,,,
2014/04/04,22,66,2,,,,,
2014/04/04,23,60,2,,,,,
2014/04/04,24,53,2,,,,,
2014/04/05,01,55,2,,,,,
2014/04/05,02,54,2,,,,,
2014/04/05,03,53,2,,,,,
2014/04/05,04,51,2,,,,,
2014/04/05,05,59,2,,,,,
2014/04/05,06,55,2,,,,,
2014/04/05,07,59,2,,,,,
2014/04/05,08,64,2,,,,,
2014/04/05,09,69,2,,,,,
2014/04/05,10,73,2,,,,,
2014/04/05,11,75,2,,,,,
2014/04/05,12,70,2,,,,,
2014/04/05,13,63,2,,,,,
2014/04/05,14,77,1,,,,,
2014/04/05,15,74,2,,,,,
2014/04/05,16,73,2,,,,,
2014/04/05,17,70,1,,,,,
2014/04/05,18,67,2,,,,,
2014/04/05,19,68,1,,,,,
2014/04/05,20,59,2,,,,,
2014/04/05,21,61,1,,,,,
2014/04/05,22,52,1,,,,,
2014/04/05,23,49,1,,,,,
2014/04/05,24,48,1,,,,,
2014/04/06,01,46,1,,,,,
2014/04/06,02,46,1,,,,,
2014/04/06,03,39,1,,,,,
2014/04/06,04,39,1,,,,,
2014/04/06,05,38,1,,,,,
2014/04/06,06,36,1,,,,,
2014/04/06,07,38,1,,,,,
2014/04/06,08,38,1,,,,,
2014/04/06,09,42,1,,,,,
2014/04/06,10,46,2,,,,,
2014/04/06,11,47,1,,,,,
2014/04/06,12,51,1,,,,,
2014/04/06,13,61,1,,,,,
2014/04/06,14,60,1,,,,,
2014/04/06,15,57,1,,,,,
2014/04/06,16,60,1,,,,,
2014/04/06,17,64,1,,,,,
2014/04/06,18,65,1,,,,,
2014/04/06,19,61,1,,,,,
2014/04/06,20,52,1,,,,,
2014/04/06,21,44,1,,,,,
2014/04/06,22,41,1,,,,,
2014/04/06,23,40,1,,,,,
2014/04/06,24,35,1,,,,,
2014/04/07,01,36,1,,,,,
2014/04/07,02,36,1,,,,,
2014/04/07,03,35,1,,,,,
2014/04/07,04,39,1,,,,,
2014/04/07,05,48,1,,,,,
2014/04/07,06,49,1,,,,,
2014/04/07,07,55,1,,,,,
2014/04/07,08,68,2,,,,,
2014/04/07,09,89,6,,,,,
2014/04/07,10,86,7,,,,,
2014/04/07,11,86,7,,,,,
2014/04/07,12,93,11,,,,,
2014/04/07,13,98,10,,,,,
2014/04/07,14,97,4,,,,,
2014/04/07,15,89,4,,,,,
2014/04/07,16,86,2,,,,,
2014/04/07,17,88,2,,,,,
2014/04/07,18,82,2,,,,,
2014/04/07,19,71,2,,,,,
2014/04/07,20,67,2,,,,,
2014/04/07,21,68,2,,,,,
2014/04/07,22,56,2,,,,,
2014/04/07,23,57,2,,,,,
2014/04/07,24,48,2,,,,,
2014/04/08,01,48,2,,,,,
2014/04/08,02,48,2,,,,,
2014/04/08,03,48,2,,,,,
2014/04/08,04,46,2,,,,,
2014/04/08,05,59,2,,,,,
2014/04/08,06,54,2,,,,,
2014/04/08,07,64,2,,,,,
2014/04/08,08,78,2,,,,,
2014/04/08,09,100,2,,,,,
2014/04/08,10,96,1,,,,,
2014/04/08,11,93,1,,,,,
2014/04/08,12,79,1,,,,,
2014/04/08,13,97,1,,,,,
2014/04/08,14,93,3,,,,,
2014/04/08,15,102,11,,,,,
2014/04/08,16,116,9,,,,,
2014/04/08,17,110,9,,,,,
2014/04/08,18,95,6,,,,,
2014/04/08,19,86,3,,,,,
2014/04/08,20,83,1,,,,,
2014/04/08,21,72,1,,,,,
2014/04/08,22,71,1,,,,,
2014/04/08,23,72,1,,,,,
2014/04/08,24,64,1,,,,,
2014/04/09,01,62,1,,,,,
2014/04/09,02,50,1,,,,,
2014/04/09,03,48,1,,,,,
2014/04/09,04,50,1,,,,,
2014/04/09,05,57,1,,,,,
2014/04/09,06,63,1,,,,,
2014/04/09,07,72,1,,,,,
2014/04/09,08,90,1,,,,,
2014/04/09,09,103,2,,,,,
2014/04/09,10,98,3,,,,,
2014/04/09,11,87,3,,,,,
2014/04/09,12,87,3,,,,,
2014/04/09,13,97,3,,,,,
2014/04/09,14,99,3,,,,,
2014/04/09,15,92,3,,,,,
2014/04/09,16,82,4,,,,,
2014/04/09,17,88,4,,,,,
2014/04/09,18,90,4,,,,,
2014/04/09,19,84,5,,,,,
2014/04/09,20,82,3,,,,,
2014/04/09,21,78,3,,,,,
2014/04/09,22,69,3,,,,,
2014/04/09,23,63,2,,,,,
2014/04/09,24,59,1,,,,,
2014/04/10,01,56,1,,,,,
2014/04/10,02,56,1,,,,,
2014/04/10,03,53,1,,,,,
2014/04/10,04,59,1,,,,,
2014/04/10,05,68,1,,,,,
2014/04/10,06,65,1,,,,,
2014/04/10,07,81,1,,,,,
2014/04/10,08,97,1,,,,,
2014/04/10,09,105,3,,,,,
2014/04/10,10,120,4,,,,,
2014/04/10,11,114,4,,,,,
2014/04/10,12,119,4,,,,,
2014/04/10,13,97,5,,,,,
2014/04/10,14,117,13,,,,,
2014/04/10,15,105,15,,,,,
2014/04/10,16,138,18,,,,,
2014/04/10,17,130,16,,,,,
2014/04/10,18,138,14,,,,,
2014/04/10,19,108,10,,,,,
2014/04/10,20,96,3,,,,,
2014/04/10,21,94,2,,,,,
2014/04/10,22,87,2,,,,,
2014/04/10,23,80,1,,,,,
2014/04/10,24,67,1,,,,,
2014/04/11,01,76,1,,,,,
2014/04/11,02,65,1,,,,,
2014/04/11,03,63,1,,,,,
2014/04/11,04,67,1,,,,,
2014/04/11,05,72,1,,,,,
2014/04/11,06,79,1,,,,,
2014/04/11,07,85,1,,,,,
2014/04/11,08,100,1,,,,,
2014/04/11,09,113,6,,,,,
2014/04/11,10,108,10,,,,,
2014/04/11,11,100,10,,,,,
2014/04/11,12,107,10,,,,,
2014/04/11,13,113,11,,,,,
2014/04/11,14,106,11,,,,,
2014/04/11,15,114,16,,,,,
2014/04/11,16,117,17,,,,,
2014/04/11,17,126,20,,,,,
2014/04/11,18,124,16,,,,,
2014/04/11,19,115,10,,,,,
2014/04/11,20,101,6,,,,,
2014/04/11,21,92,4,,,,,
2014/04/11,22,71,2,,,,,
2014/04/11,23,71,2,,,,,
2014/04/11,24,59,2,,,,,
2014/04/12,01,61,2,,,,,
2014/04/12,02,58,2,,,,,
2014/04/12,03,55,2,,,,,
2014/04/12,04,61,1,,,,,
2014/04/12,05,76,2,,,,,
2014/04/12,06,85,2,,,,,
2014/04/12,07,86,2,,,,,
2014/04/12,08,98,2,,,,,
2014/04/12,09,105,2,,,,,
2014/04/12,10,121,4,,,,,
2014/04/12,11,121,7,,,,,
2014/04/12,12,121,10,,,,,
2014/04/12,13,129,13,,,,,
2014/04/12,14,118,11,,,,,
2014/04/12,15,102,11,,,,,
2014/04/12,16,103,10,,,,,
2014/04/12,17,92,9,,,,,
2014/04/12,18,81,8,,,,,
2014/04/12,19,80,5,,,,,
2014/04/12,20,70,3,,,,,
2014/04/12,21,70,2,,,,,
2014/04/12,22,60,1,,,,,
2014/04/12,23,63,2,,,,,
2014/04/12,24,56,2,,,,,
2014/04/13,01,58,2,,,,,
2014/04/13,02,52,2,,,,,
2014/04/13,03,51,2,,,,,
2014/04/13,04,45,2,,,,,
2014/04/13,05,45,2,,,,,
2014/04/13,06,45,2,,,,,
2014/04/13,07,49,2,,,,,
2014/04/13,08,46,2,,,,,
2014/04/13,09,50,2,,,,,
2014/04/13,10,57,2,,,,,
2014/04/13,11,60,5,,,,,
2014/04/13,12,74,7,,,,,
2014/04/13,13,87,7,,,,,
2014/04/13,14,103,8,,,,,
2014/04/13,15,101,9,,,,,
2014/04/13,16,82,9,,,,,
2014/04/13,17,99,9,,,,,
2014/04/13,18,70,9,,,,,
2014/04/13,19,83,6,,,,,
2014/04/13,20,89,3,,,,,
2014/04/13,21,66,3,,,,,
2014/04/13,22,54,2,,,,,
2014/04/13,23,50,2,,,,,
2014/04/13,24,44,2,,,,,
2014/04/14,01,46,2,,,,,
2014/04/14,02,45,2,,,,,
2014/04/14,03,47,1,,,,,
2014/04/14,04,48,2,,,,,
2014/04/14,05,58,2,,,,,
2014/04/14,06,65,2,,,,,
2014/04/14,07,84,2,,,,,
2014/04/14,08,98,2,,,,,
2014/04/14,09,109,2,,,,,
2014/04/14,10,117,6,,,,,
2014/04/14,11,117,8,,,,,
2014/04/14,12,120,9,,,,,
2014/04/14,13,119,11,,,,,
2014/04/14,14,124,11,,,,,
2014/04/14,15,121,13,,,,,
2014/04/14,16,107,12,,,,,
2014/04/14,17,105,14,,,,,
2014/04/14,18,106,14,,,,,
2014/04/14,19,93,10,,,,,
2014/04/14,20,83,4,,,,,
2014/04/14,21,80,2,,,,,
2014/04/14,22,66,2,,,,,
2014/04/14,23,61,1,,,,,
2014/04/14,24,54,1,,,,,
2014/04/15,01,61,1,,,,,
2014/04/15,02,57,1,,,,,
2014/04/15,03,49,1,,,,,
2014/04/15,04,53,1,,,,,
2014/04/15,05,59,1,,,,,
2014/04/15,06,65,1,,,,,
2014/04/15,07,79,1,,,,,
2014/04/15,08,97,1,,,,,
2014/04/15,09,105,3,,,,,
2014/04/15,10,106,5,,,,,
2014/04/15,11,103,8,,,,,
2014/04/15,12,107,11,,,,,
2014/04/15,13,109,11,,,,,
2014/04/15,14,121,11,,,,,
2014/04/15,15,113,13,,,,,
2014/04/15,16,105,15,,,,,
2014/04/15,17,110,15,,,,,
2014/04/15,18,104,11,,,,,
2014/04/15,19,92,9,,,,,
2014/04/15,20,80,5,,,,,
2014/04/15,21,75,3,,,,,
2014/04/15,22,71,3,,,,,
2014/04/15,23,65,2,,,,,
2014/04/15,24,60,2,,,,,
2014/04/16,01,60,2,,,,,
2014/04/16,02,58,2,,,,,
2014/04/16,03,56,2,,,,,
2014/04/16,04,51,2,,,,,
2014/04/16,05,59,2,,,,,
2014/04/16,06,65,2,,,,,
2014/04/16,07,78,2,,,,,
2014/04/16,08,91,3,,,,,
2014/04/16,09,93,2,,,,,
2014/04/16,10,87,2,,,,,
2014/04/16,11,83,2,,,,,
2014/04/16,12,102,3,,,,,
2014/04/16,13,98,4,,,,,
2014/04/16,14,84,8,,,,,
2014/04/16,15,96,11,,,,,
2014/04/16,16,98,14,,,,,
2014/04/16,17,109,15,,,,,
2014/04/16,18,103,12,,,,,
2014/04/16,19,86,9,,,,,
2014/04/16,20,76,5,,,,,
2014/04/16,21,65,3,,,,,
2014/04/16,22,65,3,,,,,
2014/04/16,23,60,3,,,,,
2014/04/16,24,65,3,,,,,
2014/04/17,01,60,2,,,,,
2014/04/17,02,51,2,,,,,
2014/04/17,03,52,2,,,,,
2014/04/17,04,54,1,,,,,
2014/04/17,05,63,2,,,,,
2014/04/17,06,67,2,,,,,
2014/04/17,07,82,2,,,,,
2014/04/17,08,99,2,,,,,
2014/04/17,09,109,4,,,,,
2014/04/17,10,126,8,,,,,
2014/04/17,11,118,7,,,,,
2014/04/17,12,131,8,,,,,
2014/04/17,13,130,11,,,,,
2014/04/17,14,117,10,,,,,
2014/04/17,15,115,10,,,,,
2014/04/17,16,114,12,,,,,
2014/04/17,17,122,12,,,,,
2014/04/17,18,101,10,,,,,
2014/04/17,19,93,6,,,,,
2014/04/17,20,83,4,,,,,
2014/04/17,21,79,3,,,,,
2014/04/17,22,70,2,,,,,
2014/04/17,23,70,2,,,,,
2014/04/17,24,61,2,,,,,
2014/04/18,01,60,2,,,,,
2014/04/18,02,54,2,,,,,
2014/04/18,03,50,2,,,,,
2014/04/18,04,59,2,,,,,
2014/04/18,05,63,2,,,,,
2014/04/18,06,73,2,,,,,
2014/04/18,07,85,2,,,,,
2014/04/18,08,105,2,,,,,
2014/04/18,09,116,7,,,,,
2014/04/18,10,129,13,,,,,
2014/04/18,11,131,14,,,,,
2014/04/18,12,149,15,,,,,
2014/04/18,13,128,17,,,,,
2014/04/18,14,140,17,,,,,
2014/04/18,15,130,25,,,,,
2014/04/18,16,144,26,,,,,
2014/04/18,17,150,29,,,,,
2014/04/18,18,121,20,,,,,
2014/04/18,19,110,10,,,,,
2014/04/18,20,105,5,,,,,
2014/04/18,21,79,3,,,,,
2014/04/18,22,76,3,,,,,
2014/04/18,23,63,3,,,,,
2014/04/18,24,53,3,,,,,
2014/04/19,01,55,2,,,,,
2014/04/19,02,53,2,,,,,
2014/04/19,03,52,2,,,,,
2014/04/19,04,52,2,,,,,
2014/04/19,05,72,2,,,,,
2014/04/19,06,82,2,,,,,
2014/04/19,07,90,2,,,,,
2014/04/19,08,105,3,,,,,
2014/04/19,09,110,5,,,,,
2014/04/19,10,127,10,,,,,
2014/04/19,11,120,9,,,,,
2014/04/19,12,119,9,,,,,
2014/04/19,13,118,11,,,,,
2014/04/19,14,107,12,,,,,
2014/04/19,15,101,14,,,,,
2014/04/19,16,94,13,,,,,
2014/04/19,17,91,13,,,,,
2014/04/19,18,85,9,,,,,
2014/04/19,19,90,5,,,,,
2014/04/19,20,64,4,,,,,
2014/04/19,21,66,3,,,,,
2014/04/19,22,61,3,,,,,
2014/04/19,23,55,2,,,,,
2014/04/19,24,51,2,,,,,
2014/04/20,01,45,2,,,,,
2014/04/20,02,44,2,,,,,
2014/04/20,03,43,2,,,,,
2014/04/20,04,40,2,,,,,
2014/04/20,05,46,2,,,,,
2014/04/20,06,41,2,,,,,
2014/04/20,07,42,2,,,,,
2014/04/20,08,39,2,,,,,
2014/04/20,09,44,3,,,,,
2014/04/20,10,51,5,,,,,
2014/04/20,11,69,12,,,,,
2014/04/20,12,69,13,,,,,
2014/04/20,13,98,12,,,,,
2014/04/20,14,108,12,,,,,
2014/04/20,15,93,8,,,,,
2014/04/20,16,104,8,,,,,
2014/04/20,17,77,6,,,,,
2014/04/20,18,65,6,,,,,
2014/04/20,19,62,2,,,,,
2014/04/20,20,54,1,,,,,
2014/04/20,21,56,1,,,,,
2014/04/20,22,50,1,,,,,
2014/04/20,23,49,1,,,,,
2014/04/20,24,44,1,,,,,
2014/04/21,01,43,1,,,,,
2014/04/21,02,41,1,,,,,
2014/04/21,03,44,1,,,,,
2014/04/21,04,50,1,,,,,
2014/04/21,05,54,1,,,,,
2014/04/21,06,71,1,,,,,
2014/04/21,07,81,1,,,,,
2014/04/21,08,109,3,,,,,
2014/04/21,09,125,11,,,,,
2014/04/21,10,125,12,,,,,
2014/04/21,11,126,10,,,,,
2014/04/21,12,130,11,,,,,
2014/04/21,13,118,12,,,,,
2014/04/21,14,121,14,,,,,
2014/04/21,15,121,21,,,,,
2014/04/21,16,121,19,,,,,
2014/04/21,17,115,16,,,,,
2014/04/21,18,109,14,,,,,
2014/04/21,19,89,7,,,,,
2014/04/21,20,80,3,,,,,
2014/04/21,21,74,2,,,,,
2014/04/21,22,65,1,,,,,
2014/04/21,23,64,1,,,,,
2014/04/21,24,57,1,,,,,
2014/04/22,01,57,1,,,,,
2014/04/22,02,49,1,,,,,
2014/04/22,03,51,1,,,,,
2014/04/22,04,54,1,,,,,
2014/04/22,05,63,1,,,,,
2014/04/22,06,72,1,,,,,
2014/04/22,07,86,1,,,,,
2014/04/22,08,112,2,,,,,
2014/04/22,09,123,11,,,,,
2014/04/22,10,143,14,,,,,
2014/04/22,11,133,15,,,,,
2014/04/22,12,126,14,,,,,
2014/04/22,13,147,18,,,,,
2014/04/22,14,154,22,,,,,
2014/04/22,15,137,23,,,,,
2014/04/22,16,141,19,,,,,
2014/04/22,17,135,19,,,,,
2014/04/22,18,120,16,,,,,
2014/04/22,19,99,11,,,,,
2014/04/22,20,88,6,,,,,
2014/04/22,21,88,4,,,,,
2014/04/22,22,72,2,,,,,
2014/04/22,23,69,2,,,,,
2014/04/22,24,59,1,,,,,
2014/04/23,01,54,1,,,,,
2014/04/23,02,49,1,,,,,
2014/04/23,03,49,1,,,,,
2014/04/23,04,52,1,,,,,
2014/04/23,05,65,1,,,,,
2014/04/23,06,74,1,,,,,
2014/04/23,07,80,1,,,,,
2014/04/23,08,99,1,,,,,
2014/04/23,09,109,3,,,,,
2014/04/23,10,95,5,,,,,
2014/04/23,11,101,4,,,,,
2014/04/23,12,97,5,,,,,
2014/04/23,13,102,5,,,,,
2014/04/23,14,97,5,,,,,
2014/04/23,15,109,14,,,,,
2014/04/23,16,105,10,,,,,
2014/04/23,17,108,10,,,,,
2014/04/23,18,84,6,,,,,
2014/04/23,19,83,6,,,,,
2014/04/23,20,77,4,,,,,
2014/04/23,21,85,4,,,,,
2014/04/23,22,70,3,,,,,
2014/04/23,23,58,2,,,,,
2014/04/23,24,52,1,,,,,
2014/04/24,01,48,2,,,,,
2014/04/24,02,44,2,,,,,
2014/04/24,03,47,2,,,,,
2014/04/24,04,54,2,,,,,
2014/04/24,05,59,2,,,,,
2014/04/24,06,65,2,,,,,
2014/04/24,07,77,2,,,,,
2014/04/24,08,96,2,,,,,
2014/04/24,09,106,2,,,,,
2014/04/24,10,109,2,,,,,
2014/04/24,11,115,2,,,,,
2014/04/24,12,121,2,,,,,
2014/04/24,13,94,3,,,,,
2014/04/24,14,91,4,,,,,
2014/04/24,15,83,3,,,,,
2014/04/24,16,87,3,,,,,
2014/04/24,17,109,4,,,,,
2014/04/24,18,79,2,,,,,
2014/04/24,19,77,3,,,,,
2014/04/24,20,87,2,,,,,
2014/04/24,21,86,2,,,,,
2014/04/24,22,71,1,,,,,
2014/04/24,23,71,2,,,,,
2014/04/24,24,59,1,,,,,
2014/04/25,01,54,1,,,,,
2014/04/25,02,49,1,,,,,
2014/04/25,03,47,1,,,,,
2014/04/25,04,54,1,,,,,
2014/04/25,05,60,1,,,,,
2014/04/25,06,65,1,,,,,
2014/04/25,07,83,1,,,,,
2014/04/25,08,96,1,,,,,
2014/04/25,09,103,2,,,,,
2014/04/25,10,104,3,,,,,
2014/04/25,11,104,3,,,,,
2014/04/25,12,106,3,,,,,
2014/04/25,13,109,4,,,,,
2014/04/25,14,104,6,,,,,
2014/04/25,15,102,8,,,,,
2014/04/25,16,101,8,,,,,
2014/04/25,17,101,7,,,,,
2014/04/25,18,113,4,,,,,
2014/04/25,19,114,3,,,,,
2014/04/25,20,95,1,,,,,
2014/04/25,21,87,1,,,,,
2014/04/25,22,81,1,,,,,
2014/04/25,23,80,1,,,,,
2014/04/25,24,68,1,,,,,
2014/04/26,01,73,1,,,,,
2014/04/26,02,66,1,,,,,
2014/04/26,03,71,1,,,,,
2014/04/26,04,76,1,,,,,
2014/04/26,05,91,1,,,,,
2014/04/26,06,104,1,,,,,
2014/04/26,07,100,1,,,,,
2014/04/26,08,110,1,,,,,
2014/04/26,09,115,1,,,,,
2014/04/26,10,127,2,,,,,
2014/04/26,11,125,3,,,,,
2014/04/26,12,107,5,,,,,
2014/04/26,13,110,6,,,,,
2014/04/26,14,127,6,,,,,
2014/04/26,15,96,8,,,,,
2014/04/26,16,100,7,,,,,
2014/04/26,17,80,8,,,,,
2014/04/26,18,73,6,,,,,
2014/04/26,19,74,5,,,,,
2014/04/26,20,64,2,,,,,
2014/04/26,21,66,2,,,,,
2014/04/26,22,55,2,,,,,
2014/04/26,23,57,2,,,,,
2014/04/26,24,53,2,,,,,
2014/04/27,01,50,2,,,,,
2014/04/27,02,48,2,,,,,
2014/04/27,03,47,2,,,,,
2014/04/27,04,43,2,,,,,
2014/04/27,05,42,2,,,,,
2014/04/27,06,43,2,,,,,
2014/04/27,07,41,2,,,,,
2014/04/27,08,41,2,,,,,
2014/04/27,09,42,2,,,,,
2014/04/27,10,42,2,,,,,
2014/04/27,11,45,2,,,,,
2014/04/27,12,47,2,,,,,
2014/04/27,13,68,2,,,,,
2014/04/27,14,72,4,,,,,
2014/04/27,15,72,3,,,,,
2014/04/27,16,66,4,,,,,
2014/04/27,17,70,3,,,,,
2014/04/27,18,61,2,,,,,
2014/04/27,19,68,2,,,,,
2014/04/27,20,53,2,,,,,
2014/04/27,21,52,2,,,,,
2014/04/27,22,46,2,,,,,
2014/04/27,23,45,2,,,,,
2014/04/27,24,38,2,,,,,
2014/04/28,01,47,2,,,,,
2014/04/28,02,40,2,,,,,
2014/04/28,03,41,2,,,,,
2014/04/28,04,52,2,,,,,
2014/04/28,05,64,2,,,,,
2014/04/28,06,64,2,,,,,
2014/04/28,07,83,2,,,,,
2014/04/28,08,103,2,,,,,
2014/04/28,09,112,2,,,,,
2014/04/28,10,116,6,,,,,
2014/04/28,11,111,8,,,,,
2014/04/28,12,115,9,,,,,
2014/04/28,13,114,7,,,,,
2014/04/28,14,121,8,,,,,
2014/04/28,15,108,9,,,,,
2014/04/28,16,104,8,,,,,
2014/04/28,17,102,6,,,,,
2014/04/28,18,93,7,,,,,
2014/04/28,19,102,5,,,,,
2014/04/28,20,80,3,,,,,
2014/04/28,21,88,2,,,,,
2014/04/28,22,69,2,,,,,
2014/04/28,23,64,2,,,,,
2014/04/28,24,60,2,,,,,
2014/04/29,01,56,2,,,,,
2014/04/29,02,47,2,,,,,
2014/04/29,03,48,2,,,,,
2014/04/29,04,52,2,,,,,
2014/04/29,05,54,2,,,,,
2014/04/29,06,64,2,,,,,
2014/04/29,07,73,2,,,,,
2014/04/29,08,88,2,,,,,
2014/04/29,09,89,2,,,,,
2014/04/29,10,82,2,,,,,
2014/04/29,11,89,2,,,,,
2014/04/29,12,79,2,,,,,
2014/04/29,13,96,5,,,,,
2014/04/29,14,82,7,,,,,
2014/04/29,15,83,6,,,,,
2014/04/29,16,93,6,,,,,
2014/04/29,17,90,5,,,,,
2014/04/29,18,75,4,,,,,
2014/04/29,19,91,3,,,,,
2014/04/29,20,77,2,,,,,
2014/04/29,21,70,2,,,,,
2014/04/29,22,59,2,,,,,
2014/04/29,23,57,2,,,,,
2014/04/29,24,50,2,,,,,
2014/04/30,01,49,2,,,,,
2014/04/30,02,46,2,,,,,
2014/04/30,03,41,2,,,,,
2014/04/30,04,43,1,,,,,
2014/04/30,05,53,2,,,,,
2014/04/30,06,52,2,,,,,
2014/04/30,07,76,2,,,,,
2014/04/30,08,89,2,,,,,
2014/04/30,09,91,3,,,,,
2014/04/30,10,90,5,,,,,
2014/04/30,11,83,7,,,,,
2014/04/30,12,101,8,,,,,
2014/04/30,13,92,9,,,,,
2014/04/30,14,95,10,,,,,
2014/04/30,15,90,8,,,,,
2014/04/30,16,103,7,,,,,
2014/04/30,17,97,7,,,,,
2014/04/30,18,86,6,,,,,
2014/04/30,19,77,4,,,,,
2014/04/30,20,75,4,,,,,
2014/04/30,21,72,3,,,,,
2014/04/30,22,57,2,,,,,
2014/04/30,23,56,2,,,,,
2014/04/30,24,49,2,,,,,
2014/05/01,01,51,2,,,,,
2014/05/01,02,43,2,,,,,
2014/05/01,03,46,2,,,,,
2014/05/01,04,49,2,,,,,
2014/05/01,05,62,2,,,,,
2014/05/01,06,60,2,,,,,
2014/05/01,07,74,2,,,,,
2014/05/01,08,90,2,,,,,
2014/05/01,09,102,2,,,,,
2014/05/01,10,110,4,,,,,
2014/05/01,11,102,4,,,,,
2014/05/01,12,101,5,,,,,
2014/05/01,13,92,5,,,,,
2014/05/01,14,93,5,,,,,
2014/05/01,15,104,8,,,,,
2014/05/01,16,92,8,,,,,
2014/05/01,17,107,9,,,,,
2014/05/01,18,85,8,,,,,
2014/05/01,19,75,5,,,,,
2014/05/01,20,71,4,,,,,
2014/05/01,21,85,2,,,,,
2014/05/01,22,66,1,,,,,
2014/05/01,23,57,1,,,,,
2014/05/01,24,53,1,,,,,
2014/05/02,01,49,1,,,,,
2014/05/02,02,42,1,,,,,
2014/05/02,03,42,1,,,,,
2014/05/02,04,47,1,,,,,
2014/05/02,05,57,1,,,,,
2014/05/02,06,56,1,,,,,
2014/05/02,07,71,1,,,,,
2014/05/02,08,92,1,,,,,
2014/05/02,09,95,3,,,,,
2014/05/02,10,106,6,,,,,
2014/05/02,11,112,9,,,,,
2014/05/02,12,108,8,,,,,
2014/05/02,13,113,10,,,,,
2014/05/02,14,113,10,,,,,
2014/05/02,15,102,12,,,,,
2014/05/02,16,118,13,,,,,
2014/05/02,17,119,11,,,,,
2014/05/02,18,106,12,,,,,
2014/05/02,19,89,8,,,,,
2014/05/02,20,78,5,,,,,
2014/05/02,21,75,3,,,,,
2014/05/02,22,65,1,,,,,
2014/05/02,23,61,1,,,,,
2014/05/02,24,50,1,,,,,
2014/05/03,01,51,1,,,,,
2014/05/03,02,44,1,,,,,
2014/05/03,03,46,1,,,,,
2014/05/03,04,52,1,,,,,
2014/05/03,05,59,1,,,,,
2014/05/03,06,76,1,,,,,
2014/05/03,07,72,1,,,,,
2014/05/03,08,90,1,,,,,
2014/05/03,09,89,1,,,,,
2014/05/03,10,94,2,,,,,
2014/05/03,11,86,4,,,,,
2014/05/03,12,98,5,,,,,
2014/05/03,13,89,4,,,,,
2014/05/03,14,99,4,,,,,
2014/05/03,15,82,6,,,,,
2014/05/03,16,85,3,,,,,
2014/05/03,17,91,3,,,,,
2014/05/03,18,70,3,,,,,
2014/05/03,19,67,2,,,,,
2014/05/03,20,65,1,,,,,
2014/05/03,21,58,1,,,,,
2014/05/03,22,55,1,,,,,
2014/05/03,23,58,1,,,,,
2014/05/03,24,51,1,,,,,
2014/05/04,01,58,1,,,,,
2014/05/04,02,52,1,,,,,
2014/05/04,03,49,1,,,,,
2014/05/04,04,47,1,,,,,
2014/05/04,05,52,1,,,,,
2014/05/04,06,43,1,,,,,
2014/05/04,07,49,1,,,,,
2014/05/04,08,42,1,,,,,
2014/05/04,09,54,3,,,,,
2014/05/04,10,51,3,,,,,
2014/05/04,11,60,5,,,,,
2014/05/04,12,56,5,,,,,
2014/05/04,13,78,8,,,,,
2014/05/04,14,94,10,,,,,
2014/05/04,15,103,11,,,,,
2014/05/04,16,97,8,,,,,
2014/05/04,17,89,6,,,,,
2014/05/04,18,81,5,,,,,
2014/05/04,19,68,3,,,,,
2014/05/04,20,63,3,,,,,
2014/05/04,21,58,2,,,,,
2014/05/04,22,52,1,,,,,
2014/05/04,23,54,1,,,,,
2014/05/04,24,46,1,,,,,
2014/05/05,01,51,1,,,,,
2014/05/05,02,47,1,,,,,
2014/05/05,03,49,1,,,,,
2014/05/05,04,50,1,,,,,
2014/05/05,05,77,1,,,,,
2014/05/05,06,86,1,,,,,
2014/05/05,07,94,1,,,,,
2014/05/05,08,105,1,,,,,
2014/05/05,09,107,3,,,,,
2014/05/05,10,107,5,,,,,
2014/05/05,11,111,4,,,,,
2014/05/05,12,112,5,,,,,
2014/05/05,13,108,2,,,,,
2014/05/05,14,109,3,,,,,
2014/05/05,15,100,3,,,,,
2014/05/05,16,88,4,,,,,
2014/05/05,17,80,3,,,,,
2014/05/05,18,76,3,,,,,
2014/05/05,19,71,4,,,,,
2014/05/05,20,71,2,,,,,
2014/05/05,21,78,2,,,,,
2014/05/05,22,62,2,,,,,
2014/05/05,23,60,2,,,,,
2014/05/05,24,55,2,,,,,
2014/05/06,01,57,2,,,,,
2014/05/06,02,50,2,,,,,
2014/05/06,03,48,2,,,,,
2014/05/06,04,57,2,,,,,
2014/05/06,05,66,2,,,,,
2014/05/06,06,66,2,,,,,
2014/05/06,07,81,2,,,,,
2014/05/06,08,93,1,,,,,
2014/05/06,09,88,2,,,,,
2014/05/06,10,80,2,,,,,
2014/05/06,11,83,2,,,,,
2014/05/06,12,80,4,,,,,
2014/05/06,13,84,4,,,,,
2014/05/06,14,90,3,,,,,
2014/05/06,15,78,2,,,,,
2014/05/06,16,85,1,,,,,
2014/05/06,17,83,1,,,,,
2014/05/06,18,67,1,,,,,
2014/05/06,19,70,1,,,,,
2014/05/06,20,71,1,,,,,
2014/05/06,21,64,1,,,,,
2014/05/06,22,60,1,,,,,
2014/05/06,23,57,1,,,,,
2014/05/06,24,54,1,,,,,
2014/05/07,01,51,1,,,,,
2014/05/07,02,49,1,,,,,
2014/05/07,03,54,1,,,,,
2014/05/07,04,55,1,,,,,
2014/05/07,05,64,1,,,,,
2014/05/07,06,65,1,,,,,
2014/05/07,07,85,1,,,,,
2014/05/07,08,108,1,,,,,
2014/05/07,09,110,1,,,,,
2014/05/07,10,98,3,,,,,
2014/05/07,11,109,4,,,,,
2014/05/07,12,103,7,,,,,
2014/05/07,13,99,6,,,,,
2014/05/07,14,91,4,,,,,
2014/05/07,15,95,7,,,,,
2014/05/07,16,103,7,,,,,
2014/05/07,17,98,7,,,,,
2014/05/07,18,84,8,,,,,
2014/05/07,19,85,6,,,,,
2014/05/07,20,73,5,,,,,
2014/05/07,21,71,3,,,,,
2014/05/07,22,61,3,,,,,
2014/05/07,23,54,1,,,,,
2014/05/07,24,51,1,,,,,
2014/05/08,01,45,1,,,,,
2014/05/08,02,41,1,,,,,
2014/05/08,03,40,1,,,,,
2014/05/08,04,56,1,,,,,
2014/05/08,05,59,1,,,,,
2014/05/08,06,63,1,,,,,
2014/05/08,07,88,1,,,,,
2014/05/08,08,112,3,,,,,
2014/05/08,09,118,6,,,,,
2014/05/08,10,125,7,,,,,
2014/05/08,11,117,9,,,,,
2014/05/08,12,113,8,,,,,
2014/05/08,13,110,11,,,,,
2014/05/08,14,106,13,,,,,
2014/05/08,15,113,13,,,,,
2014/05/08,16,117,16,,,,,
2014/05/08,17,116,16,,,,,
2014/05/08,18,99,19,,,,,
2014/05/08,19,88,14,,,,,
2014/05/08,20,78,10,,,,,
2014/05/08,21,75,7,,,,,
2014/05/08,22,61,2,,,,,
2014/05/08,23,55,2,,,,,
2014/05/08,24,49,2,,,,,
2014/05/09,01,44,2,,,,,
2014/05/09,02,43,2,,,,,
2014/05/09,03,43,2,,,,,
2014/05/09,04,50,2,,,,,
2014/05/09,05,59,2,,,,,
2014/05/09,06,65,2,,,,,
2014/05/09,07,83,2,,,,,
2014/05/09,08,99,2,,,,,
2014/05/09,09,110,6,,,,,
2014/05/09,10,122,9,,,,,
2014/05/09,11,114,9,,,,,
2014/05/09,12,118,11,,,,,
2014/05/09,13,111,11,,,,,
2014/05/09,14,102,10,,,,,
2014/05/09,15,97,9,,,,,
2014/05/09,16,110,14,,,,,
2014/05/09,17,105,8,,,,,
2014/05/09,18,92,9,,,,,
2014/05/09,19,114,7,,,,,
2014/05/09,20,103,7,,,,,
2014/05/09,21,87,1,,,,,
2014/05/09,22,81,1,,,,,
2014/05/09,23,80,1,,,,,
2014/05/09,24,69,1,,,,,
2014/05/10,01,66,1,,,,,
2014/05/10,02,59,1,,,,,
2014/05/10,03,59,1,,,,,
2014/05/10,04,72,1,,,,,
2014/05/10,05,79,1,,,,,
2014/05/10,06,84,1,,,,,
2014/05/10,07,96,2,,,,,
2014/05/10,08,111,1,,,,,
2014/05/10,09,119,2,,,,,
2014/05/10,10,115,4,,,,,
2014/05/10,11,96,3,,,,,
2014/05/10,12,111,3,,,,,
2014/05/10,13,116,6,,,,,
2014/05/10,14,113,6,,,,,
2014/05/10,15,82,4,,,,,
2014/05/10,16,79,2,,,,,
2014/05/10,17,79,3,,,,,
2014/05/10,18,71,2,,,,,
2014/05/10,19,66,1,,,,,
2014/05/10,20,63,1,,,,,
2014/05/10,21,60,1,,,,,
2014/05/10,22,52,1,,,,,
2014/05/10,23,49,1,,,,,
2014/05/10,24,44,1,,,,,
2014/05/11,01,44,1,,,,,
2014/05/11,02,41,1,,,,,
2014/05/11,03,43,1,,,,,
2014/05/11,04,39,1,,,,,
2014/05/11,05,39,1,,,,,
2014/05/11,06,41,1,,,,,
2014/05/11,07,46,1,,,,,
2014/05/11,08,45,1,,,,,
2014/05/11,09,59,3,,,,,
2014/05/11,10,60,7,,,,,
2014/05/11,11,60,9,,,,,
2014/05/11,12,75,10,,,,,
2014/05/11,13,97,9,,,,,
2014/05/11,14,91,13,,,,,
2014/05/11,15,92,13,,,,,
2014/05/11,16,76,12,,,,,
2014/05/11,17,87,11,,,,,
2014/05/11,18,82,10,,,,,
2014/05/11,19,63,6,,,,,
2014/05/11,20,52,3,,,,,
2014/05/11,21,52,2,,,,,
2014/05/11,22,42,2,,,,,
2014/05/11,23,46,2,,,,,
2014/05/11,24,43,2,,,,,
2014/05/12,01,41,2,,,,,
2014/05/12,02,38,2,,,,,
2014/05/12,03,40,2,,,,,
2014/05/12,04,60,2,,,,,
2014/05/12,05,77,2,,,,,
2014/05/12,06,74,2,,,,,
2014/05/12,07,97,3,,,,,
2014/05/12,08,128,10,,,,,
2014/05/12,09,152,24,,,,,
2014/05/12,10,157,29,,,,,
2014/05/12,11,158,29,,,,,
2014/05/12,12,174,30,,,,,
2014/05/12,13,165,33,,,,,
2014/05/12,14,158,31,,,,,
2014/05/12,15,170,32,,,,,
2014/05/12,16,158,35,,,,,
2014/05/12,17,148,28,,,,,
2014/05/12,18,112,23,,,,,
2014/05/12,19,95,12,,,,,
2014/05/12,20,81,10,,,,,
2014/05/12,21,79,5,,,,,
2014/05/12,22,63,4,,,,,
2014/05/12,23,59,2,,,,,
2014/05/12,24,51,2,,,,,
2014/05/13,01,51,2,,,,,
2014/05/13,02,42,2,,,,,
2014/05/13,03,48,2,,,,,
2014/05/13,04,58,2,,,,,
2014/05/13,05,68,2,,,,,
2014/05/13,06,70,2,,,,,
2014/05/13,07,97,2,,,,,
2014/05/13,08,122,3,,,,,
2014/05/13,09,133,16,,,,,
2014/05/13,10,141,18,,,,,
2014/05/13,11,126,18,,,,,
2014/05/13,12,112,19,,,,,
2014/05/13,13,123,20,,,,,
2014/05/13,14,122,22,,,,,
2014/05/13,15,147,20,,,,,
2014/05/13,16,133,17,,,,,
2014/05/13,17,124,15,,,,,
2014/05/13,18,96,12,,,,,
2014/05/13,19,85,10,,,,,
2014/05/13,20,70,3,,,,,
2014/05/13,21,81,3,,,,,
2014/05/13,22,68,3,,,,,
2014/05/13,23,70,2,,,,,
2014/05/13,24,65,1,,,,,
2014/05/14,01,58,1,,,,,
2014/05/14,02,49,1,,,,,
2014/05/14,03,55,1,,,,,
2014/05/14,04,64,1,,,,,
2014/05/14,05,82,1,,,,,
2014/05/14,06,91,2,,,,,
2014/05/14,07,105,2,,,,,
2014/05/14,08,128,4,,,,,
2014/05/14,09,130,14,,,,,
2014/05/14,10,136,17,,,,,
2014/05/14,11,129,22,,,,,
2014/05/14,12,132,24,,,,,
2014/05/14,13,122,22,,,,,
2014/05/14,14,131,28,,,,,
2014/05/14,15,153,29,,,,,
2014/05/14,16,146,26,,,,,
2014/05/14,17,138,22,,,,,
2014/05/14,18,103,17,,,,,
2014/05/14,19,92,16,,,,,
2014/05/14,20,86,9,,,,,
2014/05/14,21,77,7,,,,,
2014/05/14,22,66,2,,,,,
2014/05/14,23,59,2,,,,,
2014/05/14,24,59,2,,,,,
2014/05/15,01,61,2,,,,,
2014/05/15,02,48,2,,,,,
2014/05/15,03,53,2,,,,,
2014/05/15,04,71,2,,,,,
2014/05/15,05,88,2,,,,,
2014/05/15,06,95,3,,,,,
2014/05/15,07,116,2,,,,,
2014/05/15,08,151,8,,,,,
2014/05/15,09,164,20,,,,,
2014/05/15,10,176,22,,,,,
2014/05/15,11,146,22,,,,,
2014/05/15,12,136,22,,,,,
2014/05/15,13,134,22,,,,,
2014/05/15,14,146,22,,,,,
2014/05/15,15,149,21,,,,,
2014/05/15,16,156,17,,,,,
2014/05/15,17,118,16,,,,,
2014/05/15,18,96,13,,,,,
2014/05/15,19,82,9,,,,,
2014/05/15,20,74,4,,,,,
2014/05/15,21,71,2,,,,,
2014/05/15,22,56,1,,,,,
2014/05/15,23,51,1,,,,,
2014/05/15,24,46,1,,,,,
2014/05/16,01,55,1,,,,,
2014/05/16,02,44,1,,,,,
2014/05/16,03,46,1,,,,,
2014/05/16,04,60,1,,,,,
2014/05/16,05,66,1,,,,,
2014/05/16,06,61,1,,,,,
2014/05/16,07,80,1,,,,,
2014/05/16,08,100,2,,,,,
2014/05/16,09,116,8,,,,,
2014/05/16,10,123,16,,,,,
2014/05/16,11,112,19,,,,,
2014/05/16,12,124,18,,,,,
2014/05/16,13,111,20,,,,,
2014/05/16,14,125,21,,,,,
2014/05/16,15,138,27,,,,,
2014/05/16,16,155,29,,,,,
2014/05/16,17,140,27,,,,,
2014/05/16,18,120,20,,,,,
2014/05/16,19,99,13,,,,,
2014/05/16,20,79,8,,,,,
2014/05/16,21,85,3,,,,,
2014/05/16,22,60,5,,,,,
2014/05/16,23,60,1,,,,,
2014/05/16,24,51,1,,,,,
2014/05/17,01,52,1,,,,,
2014/05/17,02,46,1,,,,,
2014/05/17,03,53,1,,,,,
2014/05/17,04,68,1,,,,,
2014/05/17,05,78,1,,,,,
2014/05/17,06,90,1,,,,,
2014/05/17,07,101,1,,,,,
2014/05/17,08,111,1,,,,,
2014/05/17,09,118,5,,,,,
2014/05/17,10,120,10,,,,,
2014/05/17,11,118,13,,,,,
2014/05/17,12,113,14,,,,,
2014/05/17,13,119,20,,,,,
2014/05/17,14,138,19,,,,,
2014/05/17,15,128,21,,,,,
2014/05/17,16,109,21,,,,,
2014/05/17,17,94,17,,,,,
2014/05/17,18,81,12,,,,,
2014/05/17,19,69,7,,,,,
2014/05/17,20,67,6,,,,,
2014/05/17,21,72,5,,,,,
2014/05/17,22,54,2,,,,,
2014/05/17,23,53,2,,,,,
2014/05/17,24,47,2,,,,,
2014/05/18,01,46,2,,,,,
2014/05/18,02,42,2,,,,,
2014/05/18,03,42,2,,,,,
2014/05/18,04,41,2,,,,,
2014/05/18,05,44,2,,,,,
2014/05/18,06,38,2,,,,,
2014/05/18,07,43,2,,,,,
2014/05/18,08,35,2,,,,,
2014/05/18,09,47,3,,,,,
2014/05/18,10,48,8,,,,,
2014/05/18,11,53,6,,,,,
2014/05/18,12,49,6,,,,,
2014/05/18,13,71,9,,,,,
2014/05/18,14,95,6,,,,,
2014/05/18,15,89,6,,,,,
2014/05/18,16,76,3,,,,,
2014/05/18,17,82,3,,,,,
2014/05/18,18,63,3,,,,,
2014/05/18,19,69,3,,,,,
2014/05/18,20,53,2,,,,,
2014/05/18,21,58,2,,,,,
2014/05/18,22,49,2,,,,,
2014/05/18,23,50,2,,,,,
2014/05/18,24,47,2,,,,,
2014/05/19,01,58,2,,,,,
2014/05/19,02,48,2,,,,,
2014/05/19,03,50,2,,,,,
2014/05/19,04,63,2,,,,,
2014/05/19,05,89,2,,,,,
2014/05/19,06,86,2,,,,,
2014/05/19,07,114,3,,,,,
2014/05/19,08,146,7,,,,,
2014/05/19,09,170,16,,,,,
2014/05/19,10,169,20,,,,,
2014/05/19,11,144,22,,,,,
2014/05/19,12,133,25,,,,,
2014/05/19,13,132,24,,,,,
2014/05/19,14,158,27,,,,,
2014/05/19,15,163,32,,,,,
2014/05/19,16,162,35,,,,,
2014/05/19,17,148,29,,,,,
2014/05/19,18,113,23,,,,,
2014/05/19,19,100,16,,,,,
2014/05/19,20,100,12,,,,,
2014/05/19,21,89,8,,,,,
2014/05/19,22,75,5,,,,,
2014/05/19,23,71,4,,,,,
2014/05/19,24,58,2,,,,,
2014/05/20,01,62,2,,,,,
2014/05/20,02,50,2,,,,,
2014/05/20,03,54,2,,,,,
2014/05/20,04,73,2,,,,,
2014/05/20,05,82,2,,,,,
2014/05/20,06,90,2,,,,,
2014/05/20,07,111,2,,,,,
2014/05/20,08,145,5,,,,,
2014/05/20,09,158,27,,,,,
2014/05/20,10,167,30,,,,,
2014/05/20,11,170,31,,,,,
2014/05/20,12,138,31,,,,,
2014/05/20,13,145,30,,,,,
2014/05/20,14,159,26,,,,,
2014/05/20,15,154,22,,,,,
2014/05/20,16,149,21,,,,,
2014/05/20,17,143,21,,,,,
2014/05/20,18,123,15,,,,,
2014/05/20,19,100,11,,,,,
2014/05/20,20,92,10,,,,,
2014/05/20,21,90,5,,,,,
2014/05/20,22,72,3,,,,,
2014/05/20,23,71,1,,,,,
2014/05/20,24,62,1,,,,,
2014/05/21,01,70,1,,,,,
2014/05/21,02,52,1,,,,,
2014/05/21,03,55,1,,,,,
2014/05/21,04,66,1,,,,,
2014/05/21,05,79,1,,,,,
2014/05/21,06,84,1,,,,,
2014/05/21,07,100,1,,,,,
2014/05/21,08,116,3,,,,,
2014/05/21,09,133,16,,,,,
2014/05/21,10,117,23,,,,,
2014/05/21,11,116,19,,,,,
2014/05/21,12,126,16,,,,,
2014/05/21,13,111,18,,,,,
2014/05/21,14,112,23,,,,,
2014/05/21,15,136,25,,,,,
2014/05/21,16,134,31,,,,,
2014/05/21,17,136,29,,,,,
2014/05/21,18,118,24,,,,,
2014/05/21,19,107,17,,,,,
2014/05/21,20,89,10,,,,,
2014/05/21,21,79,7,,,,,
2014/05/21,22,67,3,,,,,
2014/05/21,23,59,2,,,,,
2014/05/21,24,53,2,,,,,
2014/05/22,01,59,2,,,,,
2014/05/22,02,48,2,,,,,
2014/05/22,03,52,2,,,,,
2014/05/22,04,62,2,,,,,
2014/05/22,05,69,2,,,,,
2014/05/22,06,63,2,,,,,
2014/05/22,07,82,2,,,,,
2014/05/22,08,107,2,,,,,
2014/05/22,09,124,7,,,,,
2014/05/22,10,102,11,,,,,
2014/05/22,11,120,9,,,,,
2014/05/22,12,104,8,,,,,
2014/05/22,13,107,8,,,,,
2014/05/22,14,103,9,,,,,
2014/05/22,15,110,9,,,,,
2014/05/22,16,119,8,,,,,
2014/05/22,17,102,7,,,,,
2014/05/22,18,93,6,,,,,
2014/05/22,19,85,4,,,,,
2014/05/22,20,80,2,,,,,
2014/05/22,21,83,1,,,,,
2014/05/22,22,71,1,,,,,
2014/05/22,23,65,1,,,,,
2014/05/22,24,60,1,,,,,
2014/05/23,01,61,1,,,,,
2014/05/23,02,52,1,,,,,
2014/05/23,03,52,1,,,,,
2014/05/23,04,63,1,,,,,
2014/05/23,05,61,1,,,,,
2014/05/23,06,65,1,,,,,
2014/05/23,07,73,1,,,,,
2014/05/23,08,93,1,,,,,
2014/05/23,09,109,5,,,,,
2014/05/23,10,102,7,,,,,
2014/05/23,11,89,7,,,,,
2014/05/23,12,92,7,,,,,
2014/05/23,13,97,7,,,,,
2014/05/23,14,89,7,,,,,
2014/05/23,15,118,7,,,,,
2014/05/23,16,127,9,,,,,
2014/05/23,17,116,8,,,,,
2014/05/23,18,95,7,,,,,
2014/05/23,19,92,4,,,,,
2014/05/23,20,82,2,,,,,
2014/05/23,21,78,2,,,,,
2014/05/23,22,71,2,,,,,
2014/05/23,23,71,2,,,,,
2014/05/23,24,64,2,,,,,
2014/05/24,01,65,2,,,,,
2014/05/24,02,60,2,,,,,
2014/05/24,03,68,2,,,,,
2014/05/24,04,67,2,,,,,
2014/05/24,05,71,2,,,,,
2014/05/24,06,89,2,,,,,
2014/05/24,07,97,2,,,,,
2014/05/24,08,107,2,,,,,
2014/05/24,09,121,3,,,,,
2014/05/24,10,114,5,,,,,
2014/05/24,11,115,7,,,,,
2014/05/24,12,101,9,,,,,
2014/05/24,13,107,8,,,,,
2014/05/24,14,101,7,,,,,
2014/05/24,15,101,10,,,,,
2014/05/24,16,100,14,,,,,
2014/05/24,17,85,14,,,,,
2014/05/24,18,75,11,,,,,
2014/05/24,19,68,5,,,,,
2014/05/24,20,57,2,,,,,
2014/05/24,21,54,2,,,,,
2014/05/24,22,53,2,,,,,
2014/05/24,23,53,2,,,,,
2014/05/24,24,47,2,,,,,
2014/05/25,01,44,2,,,,,
2014/05/25,02,40,2,,,,,
2014/05/25,03,37,2,,,,,
2014/05/25,04,38,2,,,,,
2014/05/25,05,41,2,,,,,
2014/05/25,06,40,2,,,,,
2014/05/25,07,39,2,,,,,
2014/05/25,08,41,2,,,,,
2014/05/25,09,43,4,,,,,
2014/05/25,10,51,5,,,,,
2014/05/25,11,59,9,,,,,
2014/05/25,12,60,10,,,,,
2014/05/25,13,87,10,,,,,
2014/05/25,14,104,10,,,,,
2014/05/25,15,103,11,,,,,
2014/05/25,16,88,9,,,,,
2014/05/25,17,86,10,,,,,
2014/05/25,18,66,10,,,,,
2014/05/25,19,67,9,,,,,
2014/05/25,20,63,7,,,,,
2014/05/25,21,56,5,,,,,
2014/05/25,22,52,6,,,,,
2014/05/25,23,52,5,,,,,
2014/05/25,24,47,5,,,,,
2014/05/26,01,46,5,,,,,
2014/05/26,02,42,5,,,,,
2014/05/26,03,49,5,,,,,
2014/05/26,04,61,5,,,,,
2014/05/26,05,81,5,,,,,
2014/05/26,06,90,5,,,,,
2014/05/26,07,103,6,,,,,
2014/05/26,08,139,8,,,,,
2014/05/26,09,157,29,,,,,
2014/05/26,10,159,33,,,,,
2014/05/26,11,174,38,,,,,
2014/05/26,12,167,37,,,,,
2014/05/26,13,174,36,,,,,
2014/05/26,14,185,37,,,,,
2014/05/26,15,171,41,,,,,
2014/05/26,16,159,33,,,,,
2014/05/26,17,133,31,,,,,
2014/05/26,18,120,24,,,,,
2014/05/26,19,95,13,,,,,
2014/05/26,20,80,5,,,,,
2014/05/26,21,86,6,,,,,
2014/05/26,22,73,4,,,,,
2014/05/26,23,70,3,,,,,
2014/05/26,24,50,2,,,,,
2014/05/27,01,50,1,,,,,
2014/05/27,02,42,1,,,,,
2014/05/27,03,47,1,,,,,
2014/05/27,04,57,1,,,,,
2014/05/27,05,79,2,,,,,
2014/05/27,06,73,2,,,,,
2014/05/27,07,92,3,,,,,
2014/05/27,08,126,7,,,,,
2014/05/27,09,140,18,,,,,
2014/05/27,10,136,19,,,,,
2014/05/27,11,127,18,,,,,
2014/05/27,12,102,19,,,,,
2014/05/27,13,121,20,,,,,
2014/05/27,14,128,19,,,,,
2014/05/27,15,132,18,,,,,
2014/05/27,16,145,21,,,,,
2014/05/27,17,126,20,,,,,
2014/05/27,18,104,18,,,,,
2014/05/27,19,95,13,,,,,
2014/05/27,20,84,11,,,,,
2014/05/27,21,86,7,,,,,
2014/05/27,22,76,5,,,,,
2014/05/27,23,74,6,,,,,
2014/05/27,24,64,4,,,,,
2014/05/28,01,66,3,,,,,
2014/05/28,02,50,3,,,,,
2014/05/28,03,48,3,,,,,
2014/05/28,04,61,3,,,,,
2014/05/28,05,75,3,,,,,
2014/05/28,06,72,3,,,,,
2014/05/28,07,98,3,,,,,
2014/05/28,08,122,5,,,,,
2014/05/28,09,128,16,,,,,
2014/05/28,10,119,19,,,,,
2014/05/28,11,116,19,,,,,
2014/05/28,12,118,23,,,,,
2014/05/28,13,141,26,,,,,
2014/05/28,14,142,29,,,,,
2014/05/28,15,142,28,,,,,
2014/05/28,16,138,26,,,,,
2014/05/28,17,124,25,,,,,
2014/05/28,18,102,20,,,,,
2014/05/28,19,95,15,,,,,
2014/05/28,20,79,8,,,,,
2014/05/28,21,80,8,,,,,
2014/05/28,22,68,5,,,,,
2014/05/28,23,66,5,,,,,
2014/05/28,24,57,2,,,,,
2014/05/29,01,51,2,,,,,
2014/05/29,02,45,2,,,,,
2014/05/29,03,51,2,,,,,
2014/05/29,04,62,2,,,,,
2014/05/29,05,75,2,,,,,
2014/05/29,06,75,1,,,,,
2014/05/29,07,96,2,,,,,
2014/05/29,08,127,5,,,,,
2014/05/29,09,142,17,,,,,
2014/05/29,10,146,20,,,,,
2014/05/29,11,147,22,,,,,
2014/05/29,12,136,24,,,,,
2014/05/29,13,131,26,,,,,
2014/05/29,14,150,26,,,,,
2014/05/29,15,159,32,,,,,
2014/05/29,16,193,39,,,,,
2014/05/29,17,186,35,,,,,
2014/05/29,18,137,26,,,,,
2014/05/29,19,108,11,,,,,
2014/05/29,20,92,7,,,,,
2014/05/29,21,96,7,,,,,
2014/05/29,22,81,2,,,,,
2014/05/29,23,83,1,,,,,
2014/05/29,24,69,1,,,,,
2014/05/30,01,65,1,,,,,
2014/05/30,02,60,1,,,,,
2014/05/30,03,61,1,,,,,
2014/05/30,04,72,1,,,,,
2014/05/30,05,76,1,,,,,
2014/05/30,06,94,2,,,,,
2014/05/30,07,103,1,,,,,
2014/05/30,08,130,5,,,,,
2014/05/30,09,155,19,,,,,
2014/05/30,10,159,22,,,,,
2014/05/30,11,147,21,,,,,
2014/05/30,12,126,21,,,,,
2014/05/30,13,152,22,,,,,
2014/05/30,14,145,24,,,,,
2014/05/30,15,164,24,,,,,
2014/05/30,16,156,24,,,,,
2014/05/30,17,144,24,,,,,
2014/05/30,18,120,18,,,,,
2014/05/30,19,106,13,,,,,
2014/05/30,20,100,9,,,,,
2014/05/30,21,103,5,,,,,
2014/05/30,22,79,3,,,,,
2014/05/30,23,74,2,,,,,
2014/05/30,24,72,2,,,,,
2014/05/31,01,69,2,,,,,
2014/05/31,02,58,2,,,,,
2014/05/31,03,66,2,,,,,
2014/05/31,04,74,2,,,,,
2014/05/31,05,84,2,,,,,
2014/05/31,06,95,2,,,,,
2014/05/31,07,105,1,,,,,
2014/05/31,08,113,2,,,,,
2014/05/31,09,132,6,,,,,
2014/05/31,10,135,14,,,,,
2014/05/31,11,129,15,,,,,
2014/05/31,12,121,16,,,,,
2014/05/31,13,120,14,,,,,
2014/05/31,14,105,16,,,,,
2014/05/31,15,110,16,,,,,
2014/05/31,16,115,14,,,,,
2014/05/31,17,108,12,,,,,
2014/05/31,18,94,6,,,,,
2014/05/31,19,86,5,,,,,
2014/05/31,20,81,4,,,,,
2014/05/31,21,78,3,,,,,
2014/05/31,22,68,2,,,,,
2014/05/31,23,69,2,,,,,
2014/05/31,24,60,2,,,,,
2014/06/01,01,59,2,,,,,
2014/06/01,02,54,2,,,,,
2014/06/01,03,55,2,,,,,
2014/06/01,04,53,2,,,,,
2014/06/01,05,59,2,,,,,
2014/06/01,06,53,2,,,,,
2014/06/01,07,58,2,,,,,
2014/06/01,08,57,2,,,,,
2014/06/01,09,61,2,,,,,
2014/06/01,10,60,3,,,,,
2014/06/01,11,68,4,,,,,
2014/06/01,12,70,6,,,,,
2014/06/01,13,94,6,,,,,
2014/06/01,14,125,5,,,,,
2014/06/01,15,119,8,,,,,
2014/06/01,16,100,7,,,,,
2014/06/01,17,83,5,,,,,
2014/06/01,18,85,5,,,,,
2014/06/01,19,73,4,,,,,
2014/06/01,20,66,2,,,,,
2014/06/01,21,65,2,,,,,
2014/06/01,22,58,2,,,,,
2014/06/01,23,65,2,,,,,
2014/06/01,24,54,2,,,,,
2014/06/02,01,57,2,,,,,
2014/06/02,02,54,2,,,,,
2014/06/02,03,58,2,,,,,
2014/06/02,04,76,2,,,,,
2014/06/02,05,91,2,,,,,
2014/06/02,06,95,2,,,,,
2014/06/02,07,125,2,,,,,
2014/06/02,08,151,5,,,,,
2014/06/02,09,182,21,,,,,
2014/06/02,10,192,23,,,,,
2014/06/02,11,187,28,,,,,
2014/06/02,12,180,29,,,,,
2014/06/02,13,170,29,,,,,
2014/06/02,14,187,33,,,,,
2014/06/02,15,180,39,,,,,
2014/06/02,16,175,40,,,,,
2014/06/02,17,178,38,,,,,
2014/06/02,18,152,35,,,,,
2014/06/02,19,120,22,,,,,
2014/06/02,20,101,15,,,,,
2014/06/02,21,105,10,,,,,
2014/06/02,22,79,3,,,,,
2014/06/02,23,79,2,,,,,
2014/06/02,24,74,1,,,,,
2014/06/03,01,64,1,,,,,
2014/06/03,02,56,1,,,,,
2014/06/03,03,55,1,,,,,
2014/06/03,04,73,1,,,,,
2014/06/03,05,95,2,,,,,
2014/06/03,06,101,3,,,,,
2014/06/03,07,130,2,,,,,
2014/06/03,08,162,7,,,,,
2014/06/03,09,189,29,,,,,
2014/06/03,10,176,34,,,,,
2014/06/03,11,176,34,,,,,
2014/06/03,12,170,37,,,,,
2014/06/03,13,175,37,,,,,
2014/06/03,14,164,33,,,,,
2014/06/03,15,164,32,,,,,
2014/06/03,16,173,27,,,,,
2014/06/03,17,152,22,,,,,
2014/06/03,18,126,22,,,,,
2014/06/03,19,105,13,,,,,
2014/06/03,20,94,10,,,,,
2014/06/03,21,101,8,,,,,
2014/06/03,22,80,6,,,,,
2014/06/03,23,78,3,,,,,
2014/06/03,24,73,4,,,,,
2014/06/04,01,71,4,,,,,
2014/06/04,02,61,1,,,,,
2014/06/04,03,69,1,,,,,
2014/06/04,04,82,2,,,,,
2014/06/04,05,102,2,,,,,
2014/06/04,06,100,2,,,,,
2014/06/04,07,116,2,,,,,
2014/06/04,08,144,7,,,,,
2014/06/04,09,172,22,,,,,
2014/06/04,10,161,24,,,,,
2014/06/04,11,154,24,,,,,
2014/06/04,12,153,21,,,,,
2014/06/04,13,146,22,,,,,
2014/06/04,14,129,24,,,,,
2014/06/04,15,145,28,,,,,
2014/06/04,16,147,26,,,,,
2014/06/04,17,146,25,,,,,
2014/06/04,18,104,20,,,,,
2014/06/04,19,81,8,,,,,
2014/06/04,20,76,6,,,,,
2014/06/04,21,72,5,,,,,
2014/06/04,22,63,5,,,,,
2014/06/04,23,62,5,,,,,
2014/06/04,24,66,4,,,,,
2014/06/05,01,57,3,,,,,
2014/06/05,02,52,2,,,,,
2014/06/05,03,55,3,,,,,
2014/06/05,04,72,3,,,,,
2014/06/05,05,83,2,,,,,
2014/06/05,06,76,2,,,,,
2014/06/05,07,98,4,,,,,
2014/06/05,08,131,9,,,,,
2014/06/05,09,141,18,,,,,
2014/06/05,10,137,21,,,,,
2014/06/05,11,130,20,,,,,
2014/06/05,12,143,23,,,,,
2014/06/05,13,132,24,,,,,
2014/06/05,14,117,19,,,,,
2014/06/05,15,132,20,,,,,
2014/06/05,16,150,20,,,,,
2014/06/05,17,147,22,,,,,
2014/06/05,18,121,18,,,,,
2014/06/05,19,93,12,,,,,
2014/06/05,20,85,7,,,,,
2014/06/05,21,80,3,,,,,
2014/06/05,22,71,1,,,,,
2014/06/05,23,70,3,,,,,
2014/06/05,24,60,1,,,,,
2014/06/06,01,70,1,,,,,
2014/06/06,02,56,1,,,,,
2014/06/06,03,57,3,,,,,
2014/06/06,04,80,1,,,,,
2014/06/06,05,83,2,,,,,
2014/06/06,06,84,2,,,,,
2014/06/06,07,105,4,,,,,
2014/06/06,08,142,7,,,,,
2014/06/06,09,143,20,,,,,
2014/06/06,10,153,23,,,,,
2014/06/06,11,155,24,,,,,
2014/06/06,12,147,25,,,,,
2014/06/06,13,130,22,,,,,
2014/06/06,14,120,23,,,,,
2014/06/06,15,136,25,,,,,
2014/06/06,16,170,26,,,,,
2014/06/06,17,157,25,,,,,
2014/06/06,18,139,25,,,,,
2014/06/06,19,114,16,,,,,
2014/06/06,20,98,8,,,,,
2014/06/06,21,106,7,,,,,
2014/06/06,22,84,4,,,,,
2014/06/06,23,87,3,,,,,
2014/06/06,24,70,1,,,,,
2014/06/07,01,68,1,,,,,
2014/06/07,02,65,1,,,,,
2014/06/07,03,72,1,,,,,
2014/06/07,04,86,1,,,,,
2014/06/07,05,99,1,,,,,
2014/06/07,06,105,1,,,,,
2014/06/07,07,109,1,,,,,
2014/06/07,08,118,1,,,,,
2014/06/07,09,135,6,,,,,
2014/06/07,10,136,16,,,,,
2014/06/07,11,144,14,,,,,
2014/06/07,12,135,15,,,,,
2014/06/07,13,133,16,,,,,
2014/06/07,14,131,14,,,,,
2014/06/07,15,103,16,,,,,
2014/06/07,16,118,14,,,,,
2014/06/07,17,96,9,,,,,
2014/06/07,18,82,6,,,,,
2014/06/07,19,71,4,,,,,
2014/06/07,20,62,2,,,,,
2014/06/07,21,68,2,,,,,
2014/06/07,22,56,2,,,,,
2014/06/07,23,57,2,,,,,
2014/06/07,24,50,2,,,,,
2014/06/08,01,45,2,,,,,
2014/06/08,02,44,2,,,,,
2014/06/08,03,44,2,,,,,
2014/06/08,04,45,2,,,,,
2014/06/08,05,47,2,,,,,
2014/06/08,06,43,2,,,,,
2014/06/08,07,44,2,,,,,
2014/06/08,08,40,2,,,,,
2014/06/08,09,44,3,,,,,
2014/06/08,10,50,3,,,,,
2014/06/08,11,50,4,,,,,
2014/06/08,12,49,3,,,,,
2014/06/08,13,74,6,,,,,
2014/06/08,14,67,7,,,,,
2014/06/08,15,83,4,,,,,
2014/06/08,16,80,4,,,,,
2014/06/08,17,75,4,,,,,
2014/06/08,18,63,3,,,,,
2014/06/08,19,58,2,,,,,
2014/06/08,20,59,2,,,,,
2014/06/08,21,59,2,,,,,
2014/06/08,22,49,2,,,,,
2014/06/08,23,52,2,,,,,
2014/06/08,24,47,2,,,,,
2014/06/09,01,55,2,,,,,
2014/06/09,02,49,2,,,,,
2014/06/09,03,49,2,,,,,
2014/06/09,04,70,2,,,,,
2014/06/09,05,82,2,,,,,
2014/06/09,06,95,2,,,,,
2014/06/09,07,116,2,,,,,
2014/06/09,08,144,6,,,,,
2014/06/09,09,180,17,,,,,
2014/06/09,10,164,21,,,,,
2014/06/09,11,176,24,,,,,
2014/06/09,12,169,24,,,,,
2014/06/09,13,168,24,,,,,
2014/06/09,14,159,26,,,,,
2014/06/09,15,148,24,,,,,
2014/06/09,16,135,21,,,,,
2014/06/09,17,153,21,,,,,
2014/06/09,18,139,19,,,,,
2014/06/09,19,117,13,,,,,
2014/06/09,20,100,8,,,,,
2014/06/09,21,91,3,,,,,
2014/06/09,22,80,3,,,,,
2014/06/09,23,81,1,,,,,
2014/06/09,24,67,1,,,,,
2014/06/10,01,77,1,,,,,
2014/06/10,02,64,1,,,,,
2014/06/10,03,63,1,,,,,
2014/06/10,04,87,1,,,,,
2014/06/10,05,101,1,,,,,
2014/06/10,06,93,1,,,,,
2014/06/10,07,119,2,,,,,
2014/06/10,08,155,6,,,,,
2014/06/10,09,169,18,,,,,
2014/06/10,10,165,22,,,,,
2014/06/10,11,167,25,,,,,
2014/06/10,12,168,30,,,,,
2014/06/10,13,170,32,,,,,
2014/06/10,14,176,33,,,,,
2014/06/10,15,172,38,,,,,
2014/06/10,16,176,37,,,,,
2014/06/10,17,151,25,,,,,
2014/06/10,18,135,22,,,,,
2014/06/10,19,114,18,,,,,
2014/06/10,20,95,11,,,,,
2014/06/10,21,88,8,,,,,
2014/06/10,22,76,4,,,,,
2014/06/10,23,79,3,,,,,
2014/06/10,24,71,3,,,,,
2014/06/11,01,72,2,,,,,
2014/06/11,02,59,2,,,,,
2014/06/11,03,63,1,,,,,
2014/06/11,04,67,1,,,,,
2014/06/11,05,94,1,,,,,
2014/06/11,06,95,1,,,,,
2014/06/11,07,123,1,,,,,
2014/06/11,08,151,10,,,,,
2014/06/11,09,168,20,,,,,
2014/06/11,10,153,25,,,,,
2014/06/11,11,153,26,,,,,
2014/06/11,12,155,26,,,,,
2014/06/11,13,152,24,,,,,
2014/06/11,14,140,27,,,,,
2014/06/11,15,151,25,,,,,
2014/06/11,16,152,26,,,,,
2014/06/11,17,154,28,,,,,
2014/06/11,18,129,27,,,,,
2014/06/11,19,108,21,,,,,
2014/06/11,20,98,16,,,,,
2014/06/11,21,91,12,,,,,
2014/06/11,22,79,8,,,,,
2014/06/11,23,79,5,,,,,
2014/06/11,24,64,3,,,,,
2014/06/12,01,69,2,,,,,
2014/06/12,02,58,4,,,,,
2014/06/12,03,63,2,,,,,
2014/06/12,04,74,2,,,,,
2014/06/12,05,97,2,,,,,
2014/06/12,06,97,3,,,,,
2014/06/12,07,118,3,,,,,
2014/06/12,08,146,10,,,,,
2014/06/12,09,172,23,,,,,
2014/06/12,10,183,25,,,,,
2014/06/12,11,186,26,,,,,
2014/06/12,12,176,26,,,,,
2014/06/12,13,154,23,,,,,
2014/06/12,14,160,24,,,,,
2014/06/12,15,165,28,,,,,
2014/06/12,16,160,31,,,,,
2014/06/12,17,167,31,,,,,
2014/06/12,18,143,28,,,,,
2014/06/12,19,110,14,,,,,
2014/06/12,20,80,3,,,,,
2014/06/12,21,82,1,,,,,
2014/06/12,22,70,1,,,,,
2014/06/12,23,68,1,,,,,
2014/06/12,24,66,1,,,,,
2014/06/13,01,60,1,,,,,
2014/06/13,02,57,1,,,,,
2014/06/13,03,55,1,,,,,
2014/06/13,04,75,1,,,,,
2014/06/13,05,80,1,,,,,
2014/06/13,06,83,2,,,,,
2014/06/13,07,99,2,,,,,
2014/06/13,08,121,5,,,,,
2014/06/13,09,154,22,,,,,
2014/06/13,10,139,21,,,,,
2014/06/13,11,157,24,,,,,
2014/06/13,12,153,23,,,,,
2014/06/13,13,151,23,,,,,
2014/06/13,14,135,20,,,,,
2014/06/13,15,128,19,,,,,
2014/06/13,16,131,18,,,,,
2014/06/13,17,135,21,,,,,
2014/06/13,18,117,13,,,,,
2014/06/13,19,113,8,,,,,
2014/06/13,20,80,6,,,,,
2014/06/13,21,75,6,,,,,
2014/06/13,22,65,4,,,,,
2014/06/13,23,59,2,,,,,
2014/06/13,24,59,2,,,,,
2014/06/14,01,58,2,,,,,
2014/06/14,02,45,2,,,,,
2014/06/14,03,52,2,,,,,
2014/06/14,04,68,2,,,,,
2014/06/14,05,90,2,,,,,
2014/06/14,06,92,3,,,,,
2014/06/14,07,103,2,,,,,
2014/06/14,08,118,3,,,,,
2014/06/14,09,121,4,,,,,
2014/06/14,10,131,9,,,,,
2014/06/14,11,111,11,,,,,
2014/06/14,12,128,11,,,,,
2014/06/14,13,116,9,,,,,
2014/06/14,14,116,11,,,,,
2014/06/14,15,95,8,,,,,
2014/06/14,16,117,9,,,,,
2014/06/14,17,91,9,,,,,
2014/06/14,18,80,7,,,,,
2014/06/14,19,74,5,,,,,
2014/06/14,20,64,3,,,,,
2014/06/14,21,65,3,,,,,
2014/06/14,22,57,2,,,,,
2014/06/14,23,57,2,,,,,
2014/06/14,24,58,2,,,,,
2014/06/15,01,54,2,,,,,
2014/06/15,02,46,2,,,,,
2014/06/15,03,52,2,,,,,
2014/06/15,04,45,2,,,,,
2014/06/15,05,53,2,,,,,
2014/06/15,06,46,2,,,,,
2014/06/15,07,51,2,,,,,
2014/06/15,08,42,2,,,,,
2014/06/15,09,53,2,,,,,
2014/06/15,10,57,5,,,,,
2014/06/15,11,61,6,,,,,
2014/06/15,12,66,6,,,,,
2014/06/15,13,85,4,,,,,
2014/06/15,14,81,8,,,,,
2014/06/15,15,100,6,,,,,
2014/06/15,16,92,6,,,,,
2014/06/15,17,93,8,,,,,
2014/06/15,18,112,7,,,,,
2014/06/15,19,77,5,,,,,
2014/06/15,20,75,3,,,,,
2014/06/15,21,73,2,,,,,
2014/06/15,22,61,2,,,,,
2014/06/15,23,62,2,,,,,
2014/06/15,24,57,2,,,,,
2014/06/16,01,62,2,,,,,
2014/06/16,02,55,2,,,,,
2014/06/16,03,59,2,,,,,
2014/06/16,04,94,3,,,,,
2014/06/16,05,102,3,,,,,
2014/06/16,06,100,3,,,,,
2014/06/16,07,135,4,,,,,
2014/06/16,08,177,15,,,,,
2014/06/16,09,199,37,,,,,
2014/06/16,10,215,37,,,,,
2014/06/16,11,203,40,,,,,
2014/06/16,12,217,43,,,,,
2014/06/16,13,200,38,,,,,
2014/06/16,14,210,37,,,,,
2014/06/16,15,205,49,,,,,
2014/06/16,16,203,43,,,,,
2014/06/16,17,193,37,,,,,
2014/06/16,18,160,28,,,,,
2014/06/16,19,129,19,,,,,
2014/06/16,20,104,11,,,,,
2014/06/16,21,105,12,,,,,
2014/06/16,22,82,5,,,,,
2014/06/16,23,81,2,,,,,
2014/06/16,24,68,2,,,,,
2014/06/17,01,77,2,,,,,
2014/06/17,02,64,2,,,,,
2014/06/17,03,65,2,,,,,
2014/06/17,04,93,3,,,,,
2014/06/17,05,108,5,,,,,
2014/06/17,06,117,4,,,,,
2014/06/17,07,133,4,,,,,
2014/06/17,08,166,15,,,,,
2014/06/17,09,201,36,,,,,
2014/06/17,10,197,39,,,,,
2014/06/17,11,201,40,,,,,
2014/06/17,12,212,43,,,,,
2014/06/17,13,209,45,,,,,
2014/06/17,14,206,49,,,,,
2014/06/17,15,208,56,,,,,
2014/06/17,16,199,55,,,,,
2014/06/17,17,196,50,,,,,
2014/06/17,18,156,41,,,,,
2014/06/17,19,118,20,,,,,
2014/06/17,20,103,13,,,,,
2014/06/17,21,99,10,,,,,
2014/06/17,22,81,6,,,,,
2014/06/17,23,82,7,,,,,
2014/06/17,24,73,6,,,,,
2014/06/18,01,73,4,,,,,
2014/06/18,02,70,6,,,,,
2014/06/18,03,67,3,,,,,
2014/06/18,04,82,2,,,,,
2014/06/18,05,102,6,,,,,
2014/06/18,06,113,4,,,,,
2014/06/18,07,133,9,,,,,
2014/06/18,08,169,17,,,,,
2014/06/18,09,184,36,,,,,
2014/06/18,10,194,42,,,,,
2014/06/18,11,171,45,,,,,
2014/06/18,12,195,45,,,,,
2014/06/18,13,176,40,,,,,
2014/06/18,14,173,47,,,,,
2014/06/18,15,171,43,,,,,
2014/06/18,16,149,30,,,,,
2014/06/18,17,159,27,,,,,
2014/06/18,18,124,22,,,,,
2014/06/18,19,106,15,,,,,
2014/06/18,20,86,8,,,,,
2014/06/18,21,86,7,,,,,
2014/06/18,22,78,4,,,,,
2014/06/18,23,75,4,,,,,
2014/06/18,24,69,4,,,,,
2014/06/19,01,72,3,,,,,
2014/06/19,02,59,2,,,,,
2014/06/19,03,59,2,,,,,
2014/06/19,04,84,3,,,,,
2014/06/19,05,99,2,,,,,
2014/06/19,06,85,4,,,,,
2014/06/19,07,123,7,,,,,
2014/06/19,08,144,8,,,,,
2014/06/19,09,152,25,,,,,
2014/06/19,10,169,25,,,,,
2014/06/19,11,164,22,,,,,
2014/06/19,12,158,22,,,,,
2014/06/19,13,153,18,,,,,
2014/06/19,14,132,17,,,,,
2014/06/19,15,144,23,,,,,
2014/06/19,16,163,23,,,,,
2014/06/19,17,156,23,,,,,
2014/06/19,18,135,20,,,,,
2014/06/19,19,110,16,,,,,
2014/06/19,20,98,10,,,,,
2014/06/19,21,94,7,,,,,
2014/06/19,22,95,8,,,,,
2014/06/19,23,87,7,,,,,
2014/06/19,24,79,5,,,,,
2014/06/20,01,70,4,,,,,
2014/06/20,02,67,2,,,,,
2014/06/20,03,64,3,,,,,
2014/06/20,04,78,2,,,,,
2014/06/20,05,101,4,,,,,
2014/06/20,06,104,3,,,,,
2014/06/20,07,126,7,,,,,
2014/06/20,08,171,17,,,,,
2014/06/20,09,199,37,,,,,
2014/06/20,10,195,40,,,,,
2014/06/20,11,195,40,,,,,
2014/06/20,12,201,39,,,,,
2014/06/20,13,207,43,,,,,
2014/06/20,14,201,40,,,,,
2014/06/20,15,190,47,,,,,
2014/06/20,16,218,50,,,,,
2014/06/20,17,195,45,,,,,
2014/06/20,18,169,30,,,,,
2014/06/20,19,130,15,,,,,
2014/06/20,20,106,9,,,,,
2014/06/20,21,97,6,,,,,
2014/06/20,22,85,3,,,,,
2014/06/20,23,84,3,,,,,
2014/06/20,24,78,1,,,,,
2014/06/21,01,71,1,,,,,
2014/06/21,02,69,1,,,,,
2014/06/21,03,68,1,,,,,
2014/06/21,04,88,3,,,,,
2014/06/21,05,108,3,,,,,
2014/06/21,06,126,4,,,,,
2014/06/21,07,135,2,,,,,
2014/06/21,08,151,2,,,,,
2014/06/21,09,187,29,,,,,
2014/06/21,10,192,25,,,,,
2014/06/21,11,173,26,,,,,
2014/06/21,12,200,27,,,,,
2014/06/21,13,178,28,,,,,
2014/06/21,14,194,24,,,,,
2014/06/21,15,167,28,,,,,
2014/06/21,16,174,20,,,,,
2014/06/21,17,141,21,,,,,
2014/06/21,18,129,18,,,,,
2014/06/21,19,112,10,,,,,
2014/06/21,20,96,8,,,,,
2014/06/21,21,86,1,,,,,
2014/06/21,22,81,1,,,,,
2014/06/21,23,78,1,,,,,
2014/06/21,24,72,1,,,,,
2014/06/22,01,75,1,,,,,
2014/06/22,02,63,1,,,,,
2014/06/22,03,66,1,,,,,
2014/06/22,04,59,1,,,,,
2014/06/22,05,60,1,,,,,
2014/06/22,06,61,1,,,,,
2014/06/22,07,63,1,,,,,
2014/06/22,08,59,1,,,,,
2014/06/22,09,64,3,,,,,
2014/06/22,10,78,14,,,,,
2014/06/22,11,82,15,,,,,
2014/06/22,12,80,14,,,,,
2014/06/22,13,107,16,,,,,
2014/06/22,14,131,18,,,,,
2014/06/22,15,113,19,,,,,
2014/06/22,16,111,16,,,,,
2014/06/22,17,114,17,,,,,
2014/06/22,18,105,17,,,,,
2014/06/22,19,95,13,,,,,
2014/06/22,20,69,7,,,,,
2014/06/22,21,61,3,,,,,
2014/06/22,22,63,3,,,,,
2014/06/22,23,58,3,,,,,
2014/06/22,24,56,3,,,,,
2014/06/23,01,54,3,,,,,
2014/06/23,02,53,3,,,,,
2014/06/23,03,56,3,,,,,
2014/06/23,04,91,6,,,,,
2014/06/23,05,97,5,,,,,
2014/06/23,06,99,6,,,,,
2014/06/23,07,124,8,,,,,
2014/06/23,08,173,23,,,,,
2014/06/23,09,208,48,,,,,
2014/06/23,10,215,52,,,,,
2014/06/23,11,206,60,,,,,
2014/06/23,12,219,57,,,,,
2014/06/23,13,201,52,,,,,
2014/06/23,14,203,49,,,,,
2014/06/23,15,181,49,,,,,
2014/06/23,16,187,47,,,,,
2014/06/23,17,197,49,,,,,
2014/06/23,18,174,37,,,,,
2014/06/23,19,135,27,,,,,
2014/06/23,20,112,15,,,,,
2014/06/23,21,88,6,,,,,
2014/06/23,22,77,3,,,,,
2014/06/23,23,74,1,,,,,
2014/06/23,24,59,1,,,,,
2014/06/24,01,63,1,,,,,
2014/06/24,02,56,1,,,,,
2014/06/24,03,57,1,,,,,
2014/06/24,04,73,3,,,,,
2014/06/24,05,100,1,,,,,
2014/06/24,06,95,4,,,,,
2014/06/24,07,111,3,,,,,
2014/06/24,08,148,9,,,,,
2014/06/24,09,172,28,,,,,
2014/06/24,10,161,26,,,,,
2014/06/24,11,159,25,,,,,
2014/06/24,12,144,21,,,,,
2014/06/24,13,150,18,,,,,
2014/06/24,14,166,27,,,,,
2014/06/24,15,158,29,,,,,
2014/06/24,16,158,24,,,,,
2014/06/24,17,156,23,,,,,
2014/06/24,18,129,18,,,,,
2014/06/24,19,91,11,,,,,
2014/06/24,20,95,11,,,,,
2014/06/24,21,85,7,,,,,
2014/06/24,22,79,4,,,,,
2014/06/24,23,71,2,,,,,
2014/06/24,24,61,2,,,,,
2014/06/25,01,61,3,,,,,
2014/06/25,02,55,2,,,,,
2014/06/25,03,59,2,,,,,
2014/06/25,04,75,4,,,,,
2014/06/25,05,119,2,,,,,
2014/06/25,06,108,5,,,,,
2014/06/25,07,134,11,,,,,
2014/06/25,08,151,15,,,,,
2014/06/25,09,165,29,,,,,
2014/06/25,10,150,26,,,,,
2014/06/25,11,157,29,,,,,
2014/06/25,12,174,30,,,,,
2014/06/25,13,167,33,,,,,
2014/06/25,14,165,28,,,,,
2014/06/25,15,158,28,,,,,
2014/06/25,16,152,26,,,,,
2014/06/25,17,140,23,,,,,
2014/06/25,18,127,20,,,,,
2014/06/25,19,92,12,,,,,
2014/06/25,20,85,6,,,,,
2014/06/25,21,85,4,,,,,
2014/06/25,22,76,4,,,,,
2014/06/25,23,80,4,,,,,
2014/06/25,24,72,2,,,,,
2014/06/26,01,66,1,,,,,
2014/06/26,02,61,3,,,,,
2014/06/26,03,64,1,,,,,
2014/06/26,04,85,2,,,,,
2014/06/26,05,98,4,,,,,
2014/06/26,06,101,4,,,,,
2014/06/26,07,128,4,,,,,
2014/06/26,08,162,14,,,,,
2014/06/26,09,183,30,,,,,
2014/06/26,10,188,33,,,,,
2014/06/26,11,199,39,,,,,
2014/06/26,12,201,40,,,,,
2014/06/26,13,193,43,,,,,
2014/06/26,14,199,43,,,,,
2014/06/26,15,187,47,,,,,
2014/06/26,16,201,49,,,,,
2014/06/26,17,189,46,,,,,
2014/06/26,18,168,36,,,,,
2014/06/26,19,131,24,,,,,
2014/06/26,20,112,19,,,,,
2014/06/26,21,98,6,,,,,
2014/06/26,22,92,4,,,,,
2014/06/26,23,89,2,,,,,
2014/06/26,24,79,3,,,,,
2014/06/27,01,69,2,,,,,
2014/06/27,02,64,2,,,,,
2014/06/27,03,60,1,,,,,
2014/06/27,04,100,3,,,,,
2014/06/27,05,108,3,,,,,
2014/06/27,06,104,4,,,,,
2014/06/27,07,121,4,,,,,
2014/06/27,08,170,18,,,,,
2014/06/27,09,211,50,,,,,
2014/06/27,10,225,54,,,,,
2014/06/27,11,210,56,,,,,
2014/06/27,12,216,56,,,,,
2014/06/27,13,214,57,,,,,
2014/06/27,14,213,51,,,,,
2014/06/27,15,201,53,,,,,
2014/06/27,16,218,47,,,,,
2014/06/27,17,203,50,,,,,
2014/06/27,18,165,37,,,,,
2014/06/27,19,138,23,,,,,
2014/06/27,20,106,12,,,,,
2014/06/27,21,93,1,,,,,
2014/06/27,22,83,1,,,,,
2014/06/27,23,90,4,,,,,
2014/06/27,24,77,1,,,,,
2014/06/28,01,76,1,,,,,
2014/06/28,02,72,1,,,,,
2014/06/28,03,72,2,,,,,
2014/06/28,04,107,6,,,,,
2014/06/28,05,114,3,,,,,
2014/06/28,06,128,4,,,,,
2014/06/28,07,146,4,,,,,
2014/06/28,08,158,4,,,,,
2014/06/28,09,185,27,,,,,
2014/06/28,10,200,33,,,,,
2014/06/28,11,188,35,,,,,
2014/06/28,12,193,35,,,,,
2014/06/28,13,188,30,,,,,
2014/06/28,14,166,24,,,,,
2014/06/28,15,173,27,,,,,
2014/06/28,16,176,19,,,,,
2014/06/28,17,179,20,,,,,
2014/06/28,18,120,6,,,,,
2014/06/28,19,94,2,,,,,
2014/06/28,20,83,1,,,,,
2014/06/28,21,81,1,,,,,
2014/06/28,22,80,1,,,,,
2014/06/28,23,75,1,,,,,
2014/06/28,24,71,1,,,,,
2014/06/29,01,70,1,,,,,
2014/06/29,02,65,1,,,,,
2014/06/29,03,66,1,,,,,
2014/06/29,04,60,1,,,,,
2014/06/29,05,64,1,,,,,
2014/06/29,06,63,1,,,,,
2014/06/29,07,61,1,,,,,
2014/06/29,08,58,1,,,,,
2014/06/29,09,75,3,,,,,
2014/06/29,10,72,8,,,,,
2014/06/29,11,75,8,,,,,
2014/06/29,12,86,8,,,,,
2014/06/29,13,116,20,,,,,
2014/06/29,14,117,12,,,,,
2014/06/29,15,137,15,,,,,
2014/06/29,16,140,19,,,,,
2014/06/29,17,125,13,,,,,
2014/06/29,18,114,7,,,,,
2014/06/29,19,85,1,,,,,
2014/06/29,20,83,1,,,,,
2014/06/29,21,76,1,,,,,
2014/06/29,22,71,1,,,,,
2014/06/29,23,72,1,,,,,
2014/06/29,24,68,1,,,,,
2014/06/30,01,72,1,,,,,
2014/06/30,02,69,1,,,,,
2014/06/30,03,66,1,,,,,
2014/06/30,04,101,3,,,,,
2014/06/30,05,111,2,,,,,
2014/06/30,06,118,5,,,,,
2014/06/30,07,146,4,,,,,
2014/06/30,08,189,23,,,,,
2014/06/30,09,214,41,,,,,
2014/06/30,10,226,45,,,,,
2014/06/30,11,206,44,,,,,
2014/06/30,12,214,38,,,,,
2014/06/30,13,200,37,,,,,
2014/06/30,14,188,39,,,,,
2014/06/30,15,192,51,,,,,
2014/06/30,16,213,52,,,,,
2014/06/30,17,200,52,,,,,
2014/06/30,18,196,45,,,,,
2014/06/30,19,145,34,,,,,
2014/06/30,20,113,16,,,,,
2014/06/30,21,102,7,,,,,
2014/06/30,22,92,1,,,,,
2014/06/30,23,86,1,,,,,
2014/06/30,24,75,1,,,,,
2014/07/01,01,73,1,,,,,
2014/07/01,02,67,1,,,,,
2014/07/01,03,69,1,,,,,
2014/07/01,04,88,3,,,,,
2014/07/01,05,107,2,,,,,
2014/07/01,06,105,4,,,,,
2014/07/01,07,130,3,,,,,
2014/07/01,08,176,14,,,,,
2014/07/01,09,220,42,,,,,
2014/07/01,10,208,46,,,,,
2014/07/01,11,218,54,,,,,
2014/07/01,12,223,53,,,,,
2014/07/01,13,216,52,,,,,
2014/07/01,14,201,50,,,,,
2014/07/01,15,207,52,,,,,
2014/07/01,16,222,51,,,,,
2014/07/01,17,217,51,,,,,
2014/07/01,18,186,47,,,,,
2014/07/01,19,138,33,,,,,
2014/07/01,20,109,19,,,,,
2014/07/01,21,106,16,,,,,
2014/07/01,22,96,11,,,,,
2014/07/01,23,97,3,,,,,
2014/07/01,24,82,1,,,,,
2014/07/02,01,70,1,,,,,
2014/07/02,02,69,1,,,,,
2014/07/02,03,71,1,,,,,
2014/07/02,04,93,3,,,,,
2014/07/02,05,105,4,,,,,
2014/07/02,06,110,5,,,,,
2014/07/02,07,136,2,,,,,
2014/07/02,08,176,14,,,,,
2014/07/02,09,224,49,,,,,
2014/07/02,10,211,52,,,,,
2014/07/02,11,221,55,,,,,
2014/07/02,12,225,55,,,,,
2014/07/02,13,224,57,,,,,
2014/07/02,14,206,53,,,,,
2014/07/02,15,222,60,,,,,
2014/07/02,16,226,54,,,,,
2014/07/02,17,215,52,,,,,
2014/07/02,18,187,47,,,,,
2014/07/02,19,140,36,,,,,
2014/07/02,20,113,11,,,,,
2014/07/02,21,101,2,,,,,
2014/07/02,22,95,1,,,,,
2014/07/02,23,85,1,,,,,
2014/07/02,24,80,1,,,,,
2014/07/03,01,69,1,,,,,
2014/07/03,02,72,1,,,,,
2014/07/03,03,72,1,,,,,
2014/07/03,04,89,3,,,,,
2014/07/03,05,108,4,,,,,
2014/07/03,06,113,4,,,,,
2014/07/03,07,128,2,,,,,
2014/07/03,08,191,24,,,,,
2014/07/03,09,212,48,,,,,
2014/07/03,10,213,51,,,,,
2014/07/03,11,227,55,,,,,
2014/07/03,12,226,52,,,,,
2014/07/03,13,221,59,,,,,
2014/07/03,14,217,53,,,,,
2014/07/03,15,216,62,,,,,
2014/07/03,16,237,56,,,,,
2014/07/03,17,229,61,,,,,
2014/07/03,18,212,56,,,,,
2014/07/03,19,158,42,,,,,
2014/07/03,20,125,25,,,,,
2014/07/03,21,116,12,,,,,
2014/07/03,22,96,9,,,,,
2014/07/03,23,87,6,,,,,
2014/07/03,24,84,6,,,,,
2014/07/04,01,89,7,,,,,
2014/07/04,02,79,7,,,,,
2014/07/04,03,79,9,,,,,
2014/07/04,04,94,6,,,,,
2014/07/04,05,106,5,,,,,
2014/07/04,06,118,5,,,,,
2014/07/04,07,131,4,,,,,
2014/07/04,08,180,18,,,,,
2014/07/04,09,218,54,,,,,
2014/07/04,10,232,60,,,,,
2014/07/04,11,223,59,,,,,
2014/07/04,12,221,52,,,,,
2014/07/04,13,200,52,,,,,
2014/07/04,14,201,53,,,,,
2014/07/04,15,204,57,,,,,
2014/07/04,16,231,59,,,,,
2014/07/04,17,219,59,,,,,
2014/07/04,18,191,49,,,,,
2014/07/04,19,177,39,,,,,
2014/07/04,20,134,18,,,,,
2014/07/04,21,125,7,,,,,
2014/07/04,22,94,1,,,,,
2014/07/04,23,90,1,,,,,
2014/07/04,24,81,1,,,,,
2014/07/05,01,75,1,,,,,
2014/07/05,02,74,1,,,,,
2014/07/05,03,77,2,,,,,
2014/07/05,04,104,4,,,,,
2014/07/05,05,120,4,,,,,
2014/07/05,06,137,5,,,,,
2014/07/05,07,137,2,,,,,
2014/07/05,08,170,9,,,,,
2014/07/05,09,213,29,,,,,
2014/07/05,10,215,46,,,,,
2014/07/05,11,211,49,,,,,
2014/07/05,12,230,44,,,,,
2014/07/05,13,228,44,,,,,
2014/07/05,14,211,36,,,,,
2014/07/05,15,177,30,,,,,
2014/07/05,16,193,32,,,,,
2014/07/05,17,162,26,,,,,
2014/07/05,18,156,26,,,,,
2014/07/05,19,116,19,,,,,
2014/07/05,20,93,7,,,,,
2014/07/05,21,95,2,,,,,
2014/07/05,22,84,1,,,,,
2014/07/05,23,79,1,,,,,
2014/07/05,24,70,1,,,,,
2014/07/06,01,72,1,,,,,
2014/07/06,02,65,1,,,,,
2014/07/06,03,64,1,,,,,
2014/07/06,04,61,1,,,,,
2014/07/06,05,60,1,,,,,
2014/07/06,06,57,1,,,,,
2014/07/06,07,58,1,,,,,
2014/07/06,08,61,6,,,,,
2014/07/06,09,77,10,,,,,
2014/07/06,10,78,15,,,,,
2014/07/06,11,89,15,,,,,
2014/07/06,12,90,21,,,,,
2014/07/06,13,125,27,,,,,
2014/07/06,14,146,41,,,,,
2014/07/06,15,153,32,,,,,
2014/07/06,16,128,15,,,,,
2014/07/06,17,133,12,,,,,
2014/07/06,18,125,12,,,,,
2014/07/06,19,100,11,,,,,
2014/07/06,20,75,7,,,,,
2014/07/06,21,70,1,,,,,
2014/07/06,22,68,1,,,,,
2014/07/06,23,68,1,,,,,
2014/07/06,24,62,1,,,,,
2014/07/07,01,68,1,,,,,
2014/07/07,02,58,1,,,,,
2014/07/07,03,62,1,,,,,
2014/07/07,04,91,5,,,,,
2014/07/07,05,102,5,,,,,
2014/07/07,06,104,6,,,,,
2014/07/07,07,141,5,,,,,
2014/07/07,08,191,26,,,,,
2014/07/07,09,248,62,,,,,
2014/07/07,10,237,62,,,,,
2014/07/07,11,217,59,,,,,
2014/07/07,12,220,60,,,,,
2014/07/07,13,231,62,,,,,
2014/07/07,14,243,49,,,,,
2014/07/07,15,221,55,,,,,
2014/07/07,16,214,52,,,,,
2014/07/07,17,222,53,,,,,
2014/07/07,18,191,48,,,,,
2014/07/07,19,152,33,,,,,
2014/07/07,20,120,20,,,,,
2014/07/07,21,90,7,,,,,
2014/07/07,22,85,6,,,,,
2014/07/07,23,84,5,,,,,
2014/07/07,24,81,5,,,,,
2014/07/08,01,74,5,,,,,
2014/07/08,02,73,5,,,,,
2014/07/08,03,72,5,,,,,
2014/07/08,04,89,7,,,,,
2014/07/08,05,101,7,,,,,
2014/07/08,06,105,7,,,,,
2014/07/08,07,131,7,,,,,
2014/07/08,08,149,15,,,,,
2014/07/08,09,161,21,,,,,
2014/07/08,10,143,18,,,,,
2014/07/08,11,129,16,,,,,
2014/07/08,12,93,8,,,,,
2014/07/08,13,88,7,,,,,
2014/07/08,14,79,8,,,,,
2014/07/08,15,76,6,,,,,
2014/07/08,16,69,5,,,,,
2014/07/08,17,77,5,,,,,
2014/07/08,18,69,5,,,,,
2014/07/08,19,76,5,,,,,
2014/07/08,20,72,5,,,,,
2014/07/08,21,73,5,,,,,
2014/07/08,22,73,5,,,,,
2014/07/08,23,70,5,,,,,
2014/07/08,24,73,5,,,,,
2014/07/09,01,72,5,,,,,
2014/07/09,02,72,5,,,,,
2014/07/09,03,69,5,,,,,
2014/07/09,04,76,4,,,,,
2014/07/09,05,100,5,,,,,
2014/07/09,06,93,6,,,,,
2014/07/09,07,115,7,,,,,
2014/07/09,08,145,9,,,,,
2014/07/09,09,199,31,,,,,
2014/07/09,10,202,32,,,,,
2014/07/09,11,167,29,,,,,
2014/07/09,12,155,25,,,,,
2014/07/09,13,151,24,,,,,
2014/07/09,14,170,28,,,,,
2014/07/09,15,154,29,,,,,
2014/07/09,16,191,32,,,,,
2014/07/09,17,168,30,,,,,
2014/07/09,18,146,29,,,,,
2014/07/09,19,111,21,,,,,
2014/07/09,20,97,11,,,,,
2014/07/09,21,83,6,,,,,
2014/07/09,22,81,7,,,,,
2014/07/09,23,75,7,,,,,
2014/07/09,24,61,4,,,,,
2014/07/10,01,71,3,,,,,
2014/07/10,02,56,2,,,,,
2014/07/10,03,55,2,,,,,
2014/07/10,04,78,3,,,,,
2014/07/10,05,100,3,,,,,
2014/07/10,06,107,5,,,,,
2014/07/10,07,118,6,,,,,
2014/07/10,08,166,15,,,,,
2014/07/10,09,187,37,,,,,
2014/07/10,10,190,39,,,,,
2014/07/10,11,185,39,,,,,
2014/07/10,12,191,41,,,,,
2014/07/10,13,206,38,,,,,
2014/07/10,14,207,42,,,,,
2014/07/10,15,175,41,,,,,
2014/07/10,16,202,42,,,,,
2014/07/10,17,208,47,,,,,
2014/07/10,18,185,43,,,,,
2014/07/10,19,130,28,,,,,
2014/07/10,20,112,20,,,,,
2014/07/10,21,96,11,,,,,
2014/07/10,22,84,7,,,,,
2014/07/10,23,82,7,,,,,
2014/07/10,24,83,3,,,,,
2014/07/11,01,88,3,,,,,
2014/07/11,02,76,2,,,,,
2014/07/11,03,75,3,,,,,
2014/07/11,04,92,2,,,,,
2014/07/11,05,105,2,,,,,
2014/07/11,06,115,5,,,,,
2014/07/11,07,141,4,,,,,
2014/07/11,08,192,17,,,,,
2014/07/11,09,223,46,,,,,
2014/07/11,10,206,50,,,,,
2014/07/11,11,211,50,,,,,
2014/07/11,12,204,49,,,,,
2014/07/11,13,194,43,,,,,
2014/07/11,14,211,49,,,,,
2014/07/11,15,189,50,,,,,
2014/07/11,16,219,53,,,,,
2014/07/11,17,225,55,,,,,
2014/07/11,18,210,49,,,,,
2014/07/11,19,135,28,,,,,
2014/07/11,20,105,12,,,,,
2014/07/11,21,99,5,,,,,
2014/07/11,22,92,1,,,,,
2014/07/11,23,86,1,,,,,
2014/07/11,24,84,1,,,,,
2014/07/12,01,85,1,,,,,
2014/07/12,02,75,1,,,,,
2014/07/12,03,75,1,,,,,
2014/07/12,04,98,3,,,,,
2014/07/12,05,123,3,,,,,
2014/07/12,06,132,4,,,,,
2014/07/12,07,151,4,,,,,
2014/07/12,08,166,5,,,,,
2014/07/12,09,176,19,,,,,
2014/07/12,10,202,30,,,,,
2014/07/12,11,202,30,,,,,
2014/07/12,12,200,34,,,,,
2014/07/12,13,208,33,,,,,
2014/07/12,14,223,26,,,,,
2014/07/12,15,205,30,,,,,
2014/07/12,16,215,28,,,,,
2014/07/12,17,222,27,,,,,
2014/07/12,18,190,15,,,,,
2014/07/12,19,144,20,,,,,
2014/07/12,20,110,10,,,,,
2014/07/12,21,109,4,,,,,
2014/07/12,22,106,4,,,,,
2014/07/12,23,96,4,,,,,
2014/07/12,24,95,3,,,,,
2014/07/13,01,84,1,,,,,
2014/07/13,02,77,1,,,,,
2014/07/13,03,81,1,,,,,
2014/07/13,04,71,1,,,,,
2014/07/13,05,79,1,,,,,
2014/07/13,06,76,1,,,,,
2014/07/13,07,105,2,,,,,
2014/07/13,08,88,6,,,,,
2014/07/13,09,106,7,,,,,
2014/07/13,10,94,13,,,,,
2014/07/13,11,91,11,,,,,
2014/07/13,12,90,9,,,,,
2014/07/13,13,98,8,,,,,
2014/07/13,14,117,18,,,,,
2014/07/13,15,126,16,,,,,
2014/07/13,16,121,17,,,,,
2014/07/13,17,121,16,,,,,
2014/07/13,18,122,13,,,,,
2014/07/13,19,109,8,,,,,
2014/07/13,20,76,6,,,,,
2014/07/13,21,83,6,,,,,
2014/07/13,22,70,5,,,,,
2014/07/13,23,71,2,,,,,
2014/07/13,24,69,2,,,,,
2014/07/14,01,70,2,,,,,
2014/07/14,02,66,2,,,,,
2014/07/14,03,69,3,,,,,
2014/07/14,04,89,3,,,,,
2014/07/14,05,116,4,,,,,
2014/07/14,06,110,6,,,,,
2014/07/14,07,135,3,,,,,
2014/07/14,08,201,28,,,,,
2014/07/14,09,228,52,,,,,
2014/07/14,10,217,58,,,,,
2014/07/14,11,207,57,,,,,
2014/07/14,12,210,55,,,,,
2014/07/14,13,224,55,,,,,
2014/07/14,14,232,58,,,,,
2014/07/14,15,193,61,,,,,
2014/07/14,16,214,61,,,,,
2014/07/14,17,217,58,,,,,
2014/07/14,18,179,46,,,,,
2014/07/14,19,139,35,,,,,
2014/07/14,20,117,24,,,,,
2014/07/14,21,96,12,,,,,
2014/07/14,22,85,9,,,,,
2014/07/14,23,86,10,,,,,
2014/07/14,24,76,10,,,,,
2014/07/15,01,75,9,,,,,
2014/07/15,02,63,8,,,,,
2014/07/15,03,60,3,,,,,
2014/07/15,04,71,3,,,,,
2014/07/15,05,99,4,,,,,
2014/07/15,06,99,4,,,,,
2014/07/15,07,121,3,,,,,
2014/07/15,08,172,23,,,,,
2014/07/15,09,210,39,,,,,
2014/07/15,10,200,47,,,,,
2014/07/15,11,190,46,,,,,
2014/07/15,12,212,47,,,,,
2014/07/15,13,201,45,,,,,
2014/07/15,14,191,46,,,,,
2014/07/15,15,174,48,,,,,
2014/07/15,16,213,49,,,,,
2014/07/15,17,220,49,,,,,
2014/07/15,18,193,46,,,,,
2014/07/15,19,150,39,,,,,
2014/07/15,20,102,14,,,,,
2014/07/15,21,102,6,,,,,
2014/07/15,22,92,2,,,,,
2014/07/15,23,84,1,,,,,
2014/07/15,24,70,1,,,,,
2014/07/16,01,75,1,,,,,
2014/07/16,02,60,1,,,,,
2014/07/16,03,62,1,,,,,
2014/07/16,04,90,3,,,,,
2014/07/16,05,105,3,,,,,
2014/07/16,06,115,6,,,,,
2014/07/16,07,130,8,,,,,
2014/07/16,08,166,22,,,,,
2014/07/16,09,198,39,,,,,
2014/07/16,10,178,47,,,,,
2014/07/16,11,185,46,,,,,
2014/07/16,12,198,49,,,,,
2014/07/16,13,199,47,,,,,
2014/07/16,14,192,49,,,,,
2014/07/16,15,181,53,,,,,
2014/07/16,16,208,61,,,,,
2014/07/16,17,204,61,,,,,
2014/07/16,18,173,56,,,,,
2014/07/16,19,133,35,,,,,
2014/07/16,20,97,15,,,,,
2014/07/16,21,93,4,,,,,
2014/07/16,22,79,3,,,,,
2014/07/16,23,72,3,,,,,
2014/07/16,24,62,2,,,,,
2014/07/17,01,57,1,,,,,
2014/07/17,02,52,1,,,,,
2014/07/17,03,60,1,,,,,
2014/07/17,04,78,3,,,,,
2014/07/17,05,88,3,,,,,
2014/07/17,06,98,5,,,,,
2014/07/17,07,123,3,,,,,
2014/07/17,08,184,24,,,,,
2014/07/17,09,201,37,,,,,
2014/07/17,10,215,51,,,,,
2014/07/17,11,209,50,,,,,
2014/07/17,12,234,51,,,,,
2014/07/17,13,201,50,,,,,
2014/07/17,14,189,51,,,,,
2014/07/17,15,196,51,,,,,
2014/07/17,16,212,46,,,,,
2014/07/17,17,191,45,,,,,
2014/07/17,18,152,37,,,,,
2014/07/17,19,116,22,,,,,
2014/07/17,20,100,11,,,,,
2014/07/17,21,97,10,,,,,
2014/07/17,22,86,1,,,,,
2014/07/17,23,80,1,,,,,
2014/07/17,24,74,1,,,,,
2014/07/18,01,71,1,,,,,
2014/07/18,02,61,1,,,,,
2014/07/18,03,59,1,,,,,
2014/07/18,04,78,3,,,,,
2014/07/18,05,99,4,,,,,
2014/07/18,06,119,4,,,,,
2014/07/18,07,133,4,,,,,
2014/07/18,08,172,18,,,,,
2014/07/18,09,222,49,,,,,
2014/07/18,10,225,58,,,,,
2014/07/18,11,196,50,,,,,
2014/07/18,12,230,50,,,,,
2014/07/18,13,211,52,,,,,
2014/07/18,14,227,51,,,,,
2014/07/18,15,202,56,,,,,
2014/07/18,16,219,57,,,,,
2014/07/18,17,210,53,,,,,
2014/07/18,18,219,46,,,,,
2014/07/18,19,168,38,,,,,
2014/07/18,20,125,18,,,,,
2014/07/18,21,117,9,,,,,
2014/07/18,22,94,7,,,,,
2014/07/18,23,90,4,,,,,
2014/07/18,24,82,3,,,,,
2014/07/19,01,79,2,,,,,
2014/07/19,02,72,3,,,,,
2014/07/19,03,76,5,,,,,
2014/07/19,04,72,4,,,,,
2014/07/19,05,112,5,,,,,
2014/07/19,06,137,5,,,,,
2014/07/19,07,137,5,,,,,
2014/07/19,08,156,6,,,,,
2014/07/19,09,189,22,,,,,
2014/07/19,10,197,30,,,,,
2014/07/19,11,199,33,,,,,
2014/07/19,12,198,27,,,,,
2014/07/19,13,202,31,,,,,
2014/07/19,14,197,36,,,,,
2014/07/19,15,155,28,,,,,
2014/07/19,16,180,29,,,,,
2014/07/19,17,166,30,,,,,
2014/07/19,18,132,22,,,,,
2014/07/19,19,110,13,,,,,
2014/07/19,20,95,9,,,,,
2014/07/19,21,87,8,,,,,
2014/07/19,22,74,7,,,,,
2014/07/19,23,69,3,,,,,
2014/07/19,24,61,4,,,,,
2014/07/20,01,67,3,,,,,
2014/07/20,02,59,5,,,,,
2014/07/20,03,58,4,,,,,
2014/07/20,04,53,4,,,,,
2014/07/20,05,56,4,,,,,
2014/07/20,06,54,3,,,,,
2014/07/20,07,62,3,,,,,
2014/07/20,08,56,9,,,,,
2014/07/20,09,72,9,,,,,
2014/07/20,10,73,9,,,,,
2014/07/20,11,76,10,,,,,
2014/07/20,12,74,9,,,,,
2014/07/20,13,99,14,,,,,
2014/07/20,14,131,12,,,,,
2014/07/20,15,123,14,,,,,
2014/07/20,16,121,10,,,,,
2014/07/20,17,129,8,,,,,
2014/07/20,18,110,4,,,,,
2014/07/20,19,87,2,,,,,
2014/07/20,20,64,1,,,,,
2014/07/20,21,68,1,,,,,
2014/07/20,22,65,1,,,,,
2014/07/20,23,64,1,,,,,
2014/07/20,24,59,1,,,,,
2014/07/21,01,63,1,,,,,
2014/07/21,02,58,1,,,,,
2014/07/21,03,58,1,,,,,
2014/07/21,04,90,5,,,,,
2014/07/21,05,104,3,,,,,
2014/07/21,06,103,6,,,,,
2014/07/21,07,129,3,,,,,
2014/07/21,08,155,7,,,,,
2014/07/21,09,181,25,,,,,
2014/07/21,10,197,38,,,,,
2014/07/21,11,186,29,,,,,
2014/07/21,12,202,36,,,,,
2014/07/21,13,194,41,,,,,
2014/07/21,14,187,38,,,,,
2014/07/21,15,159,31,,,,,
2014/07/21,16,177,30,,,,,
2014/07/21,17,172,22,,,,,
2014/07/21,18,139,6,,,,,
2014/07/21,19,107,6,,,,,
2014/07/21,20,92,4,,,,,
2014/07/21,21,88,1,,,,,
2014/07/21,22,82,1,,,,,
2014/07/21,23,84,1,,,,,
2014/07/21,24,79,1,,,,,
2014/07/22,01,80,1,,,,,
2014/07/22,02,71,1,,,,,
2014/07/22,03,72,1,,,,,
2014/07/22,04,75,3,,,,,
2014/07/22,05,115,2,,,,,
2014/07/22,06,127,5,,,,,
2014/07/22,07,141,7,,,,,
2014/07/22,08,196,26,,,,,
2014/07/22,09,236,50,,,,,
2014/07/22,10,235,53,,,,,
2014/07/22,11,229,52,,,,,
2014/07/22,12,221,53,,,,,
2014/07/22,13,225,61,,,,,
2014/07/22,14,242,57,,,,,
2014/07/22,15,221,60,,,,,
2014/07/22,16,231,55,,,,,
2014/07/22,17,234,53,,,,,
2014/07/22,18,190,46,,,,,
2014/07/22,19,151,32,,,,,
2014/07/22,20,128,26,,,,,
2014/07/22,21,116,21,,,,,
2014/07/22,22,104,16,,,,,
2014/07/22,23,93,8,,,,,
2014/07/22,24,83,8,,,,,
2014/07/23,01,71,3,,,,,
2014/07/23,02,68,2,,,,,
2014/07/23,03,68,2,,,,,
2014/07/23,04,67,2,,,,,
2014/07/23,05,118,4,,,,,
2014/07/23,06,122,6,,,,,
2014/07/23,07,133,5,,,,,
2014/07/23,08,184,25,,,,,
2014/07/23,09,224,49,,,,,
2014/07/23,10,220,51,,,,,
2014/07/23,11,210,47,,,,,
2014/07/23,12,205,49,,,,,
2014/07/23,13,211,54,,,,,
2014/07/23,14,205,56,,,,,
2014/07/23,15,207,59,,,,,
2014/07/23,16,231,53,,,,,
2014/07/23,17,201,52,,,,,
2014/07/23,18,159,40,,,,,
2014/07/23,19,127,27,,,,,
2014/07/23,20,112,17,,,,,
2014/07/23,21,111,14,,,,,
2014/07/23,22,88,7,,,,,
2014/07/23,23,85,7,,,,,
2014/07/23,24,77,7,,,,,
2014/07/24,01,72,2,,,,,
2014/07/24,02,64,1,,,,,
2014/07/24,03,66,3,,,,,
2014/07/24,04,87,2,,,,,
2014/07/24,05,105,2,,,,,
2014/07/24,06,103,2,,,,,
2014/07/24,07,137,5,,,,,
2014/07/24,08,184,21,,,,,
2014/07/24,09,214,49,,,,,
2014/07/24,10,221,43,,,,,
2014/07/24,11,221,47,,,,,
2014/07/24,12,209,46,,,,,
2014/07/24,13,208,47,,,,,
2014/07/24,14,207,49,,,,,
2014/07/24,15,197,50,,,,,
2014/07/24,16,221,49,,,,,
2014/07/24,17,226,55,,,,,
2014/07/24,18,203,47,,,,,
2014/07/24,19,146,27,,,,,
2014/07/24,20,116,14,,,,,
2014/07/24,21,107,10,,,,,
2014/07/24,22,93,9,,,,,
2014/07/24,23,85,4,,,,,
2014/07/24,24,81,4,,,,,
2014/07/25,01,68,2,,,,,
2014/07/25,02,66,2,,,,,
2014/07/25,03,66,3,,,,,
2014/07/25,04,78,6,,,,,
2014/07/25,05,113,5,,,,,
2014/07/25,06,114,5,,,,,
2014/07/25,07,140,6,,,,,
2014/07/25,08,185,25,,,,,
2014/07/25,09,225,49,,,,,
2014/07/25,10,212,53,,,,,
2014/07/25,11,211,53,,,,,
2014/07/25,12,215,50,,,,,
2014/07/25,13,215,50,,,,,
2014/07/25,14,204,51,,,,,
2014/07/25,15,214,60,,,,,
2014/07/25,16,231,59,,,,,
2014/07/25,17,223,58,,,,,
2014/07/25,18,191,45,,,,,
2014/07/25,19,116,16,,,,,
2014/07/25,20,97,11,,,,,
2014/07/25,21,85,4,,,,,
2014/07/25,22,74,3,,,,,
2014/07/25,23,68,1,,,,,
2014/07/25,24,65,1,,,,,
2014/07/26,01,63,1,,,,,
2014/07/26,02,55,1,,,,,
2014/07/26,03,65,1,,,,,
2014/07/26,04,91,4,,,,,
2014/07/26,05,104,4,,,,,
2014/07/26,06,130,4,,,,,
2014/07/26,07,123,2,,,,,
2014/07/26,08,155,8,,,,,
2014/07/26,09,191,22,,,,,
2014/07/26,10,182,35,,,,,
2014/07/26,11,174,34,,,,,
2014/07/26,12,183,34,,,,,
2014/07/26,13,180,40,,,,,
2014/07/26,14,198,39,,,,,
2014/07/26,15,152,32,,,,,
2014/07/26,16,171,24,,,,,
2014/07/26,17,158,18,,,,,
2014/07/26,18,138,18,,,,,
2014/07/26,19,103,12,,,,,
2014/07/26,20,90,10,,,,,
2014/07/26,21,90,8,,,,,
2014/07/26,22,77,1,,,,,
2014/07/26,23,70,1,,,,,
2014/07/26,24,70,1,,,,,
2014/07/27,01,66,1,,,,,
2014/07/27,02,66,1,,,,,
2014/07/27,03,63,1,,,,,
2014/07/27,04,57,1,,,,,
2014/07/27,05,63,1,,,,,
2014/07/27,06,55,1,,,,,
2014/07/27,07,61,1,,,,,
2014/07/27,08,57,3,,,,,
2014/07/27,09,74,8,,,,,
2014/07/27,10,67,8,,,,,
2014/07/27,11,76,10,,,,,
2014/07/27,12,72,8,,,,,
2014/07/27,13,120,19,,,,,
2014/07/27,14,118,17,,,,,
2014/07/27,15,123,15,,,,,
2014/07/27,16,105,12,,,,,
2014/07/27,17,101,8,,,,,
2014/07/27,18,72,4,,,,,
2014/07/27,19,69,1,,,,,
2014/07/27,20,61,1,,,,,
2014/07/27,21,59,1,,,,,
2014/07/27,22,57,1,,,,,
2014/07/27,23,60,1,,,,,
2014/07/27,24,55,1,,,,,
2014/07/28,01,58,1,,,,,
2014/07/28,02,53,1,,,,,
2014/07/28,03,53,1,,,,,
2014/07/28,04,75,5,,,,,
2014/07/28,05,97,4,,,,,
2014/07/28,06,110,4,,,,,
2014/07/28,07,124,2,,,,,
2014/07/28,08,183,28,,,,,
2014/07/28,09,232,57,,,,,
2014/07/28,10,212,57,,,,,
2014/07/28,11,202,48,,,,,
2014/07/28,12,228,55,,,,,
2014/07/28,13,227,53,,,,,
2014/07/28,14,221,52,,,,,
2014/07/28,15,216,59,,,,,
2014/07/28,16,234,58,,,,,
2014/07/28,17,225,59,,,,,
2014/07/28,18,196,48,,,,,
2014/07/28,19,141,31,,,,,
2014/07/28,20,118,13,,,,,
2014/07/28,21,114,7,,,,,
2014/07/28,22,92,3,,,,,
2014/07/28,23,79,3,,,,,
2014/07/28,24,75,2,,,,,
2014/07/29,01,75,1,,,,,
2014/07/29,02,68,1,,,,,
2014/07/29,03,69,1,,,,,
2014/07/29,04,90,3,,,,,
2014/07/29,05,117,2,,,,,
2014/07/29,06,120,4,,,,,
2014/07/29,07,126,2,,,,,
2014/07/29,08,181,23,,,,,
2014/07/29,09,221,50,,,,,
2014/07/29,10,224,53,,,,,
2014/07/29,11,221,55,,,,,
2014/07/29,12,231,54,,,,,
2014/07/29,13,218,55,,,,,
2014/07/29,14,217,53,,,,,
2014/07/29,15,186,52,,,,,
2014/07/29,16,217,58,,,,,
2014/07/29,17,211,57,,,,,
2014/07/29,18,193,44,,,,,
2014/07/29,19,121,12,,,,,
2014/07/29,20,104,6,,,,,
2014/07/29,21,103,8,,,,,
2014/07/29,22,94,4,,,,,
2014/07/29,23,79,4,,,,,
2014/07/29,24,79,3,,,,,
2014/07/30,01,70,2,,,,,
2014/07/30,02,62,1,,,,,
2014/07/30,03,62,1,,,,,
2014/07/30,04,92,4,,,,,
2014/07/30,05,121,2,,,,,
2014/07/30,06,125,2,,,,,
2014/07/30,07,107,2,,,,,
2014/07/30,08,151,20,,,,,
2014/07/30,09,213,51,,,,,
2014/07/30,10,197,47,,,,,
2014/07/30,11,177,40,,,,,
2014/07/30,12,188,42,,,,,
2014/07/30,13,188,47,,,,,
2014/07/30,14,182,46,,,,,
2014/07/30,15,194,52,,,,,
2014/07/30,16,207,54,,,,,
2014/07/30,17,196,47,,,,,
2014/07/30,18,148,30,,,,,
2014/07/30,19,127,15,,,,,
2014/07/30,20,116,9,,,,,
2014/07/30,21,108,6,,,,,
2014/07/30,22,103,5,,,,,
2014/07/30,23,89,5,,,,,
2014/07/30,24,93,5,,,,,
2014/07/31,01,89,5,,,,,
2014/07/31,02,80,3,,,,,
2014/07/31,03,71,1,,,,,
2014/07/31,04,95,3,,,,,
2014/07/31,05,119,2,,,,,
2014/07/31,06,122,2,,,,,
2014/07/31,07,122,3,,,,,
2014/07/31,08,159,15,,,,,
2014/07/31,09,201,34,,,,,
2014/07/31,10,207,38,,,,,
2014/07/31,11,195,35,,,,,
2014/07/31,12,197,31,,,,,
2014/07/31,13,200,38,,,,,
2014/07/31,14,205,37,,,,,
2014/07/31,15,196,39,,,,,
2014/07/31,16,209,44,,,,,
2014/07/31,17,206,40,,,,,
2014/07/31,18,177,34,,,,,
2014/07/31,19,136,25,,,,,
2014/07/31,20,116,18,,,,,
2014/07/31,21,114,17,,,,,
2014/07/31,22,99,12,,,,,
2014/07/31,23,95,8,,,,,
2014/07/31,24,82,10,,,,,
2014/08/01,01,89,9,,,,,
2014/08/01,02,78,6,,,,,
2014/08/01,03,72,5,,,,,
2014/08/01,04,90,8,,,,,
2014/08/01,05,124,3,,,,,
2014/08/01,06,111,7,,,,,
2014/08/01,07,142,11,,,,,
2014/08/01,08,197,22,,,,,
2014/08/01,09,220,35,,,,,
2014/08/01,10,217,36,,,,,
2014/08/01,11,193,32,,,,,
2014/08/01,12,179,27,,,,,
2014/08/01,13,180,25,,,,,
2014/08/01,14,180,29,,,,,
2014/08/01,15,175,29,,,,,
2014/08/01,16,199,31,,,,,
2014/08/01,17,188,25,,,,,
2014/08/01,18,162,23,,,,,
2014/08/01,19,131,17,,,,,
2014/08/01,20,111,11,,,,,
2014/08/01,21,97,6,,,,,
2014/08/01,22,91,4,,,,,
2014/08/01,23,81,3,,,,,
2014/08/01,24,74,3,,,,,
2014/08/02,01,83,3,,,,,
2014/08/02,02,63,3,,,,,
2014/08/02,03,74,4,,,,,
2014/08/02,04,93,4,,,,,
2014/08/02,05,113,5,,,,,
2014/08/02,06,131,5,,,,,
2014/08/02,07,136,5,,,,,
2014/08/02,08,162,6,,,,,
2014/08/02,09,173,19,,,,,
2014/08/02,10,179,28,,,,,
2014/08/02,11,165,31,,,,,
2014/08/02,12,178,30,,,,,
2014/08/02,13,184,29,,,,,
2014/08/02,14,189,30,,,,,
2014/08/02,15,162,27,,,,,
2014/08/02,16,164,16,,,,,
2014/08/02,17,166,18,,,,,
2014/08/02,18,131,10,,,,,
2014/08/02,19,103,8,,,,,
2014/08/02,20,100,5,,,,,
2014/08/02,21,100,5,,,,,
2014/08/02,22,97,3,,,,,
2014/08/02,23,95,1,,,,,
2014/08/02,24,88,1,,,,,
2014/08/03,01,80,1,,,,,
2014/08/03,02,77,4,,,,,
2014/08/03,03,70,4,,,,,
2014/08/03,04,58,3,,,,,
2014/08/03,05,47,3,,,,,
2014/08/03,06,46,3,,,,,
2014/08/03,07,73,4,,,,,
2014/08/03,08,96,7,,,,,
2014/08/03,09,106,14,,,,,
2014/08/03,10,104,20,,,,,
2014/08/03,11,103,22,,,,,
2014/08/03,12,82,24,,,,,
2014/08/03,13,101,24,,,,,
2014/08/03,14,130,24,,,,,
2014/08/03,15,142,25,,,,,
2014/08/03,16,155,18,,,,,
2014/08/03,17,160,8,,,,,
2014/08/03,18,145,9,,,,,
2014/08/03,19,130,6,,,,,
2014/08/03,20,119,2,,,,,
2014/08/03,21,109,2,,,,,
2014/08/03,22,80,1,,,,,
2014/08/03,23,74,1,,,,,
2014/08/03,24,72,1,,,,,
2014/08/04,01,67,1,,,,,
2014/08/04,02,68,1,,,,,
2014/08/04,03,68,1,,,,,
2014/08/04,04,87,2,,,,,
2014/08/04,05,120,2,,,,,
2014/08/04,06,113,4,,,,,
2014/08/04,07,131,4,,,,,
2014/08/04,08,179,20,,,,,
2014/08/04,09,217,46,,,,,
2014/08/04,10,207,37,,,,,
2014/08/04,11,198,37,,,,,
2014/08/04,12,216,38,,,,,
2014/08/04,13,213,41,,,,,
2014/08/04,14,240,38,,,,,
2014/08/04,15,219,43,,,,,
2014/08/04,16,211,40,,,,,
2014/08/04,17,239,42,,,,,
2014/08/04,18,233,37,,,,,
2014/08/04,19,194,29,,,,,
2014/08/04,20,178,14,,,,,
2014/08/04,21,142,5,,,,,
2014/08/04,22,136,2,,,,,
2014/08/04,23,135,2,,,,,
2014/08/04,24,121,2,,,,,
2014/08/05,01,133,2,,,,,
2014/08/05,02,124,2,,,,,
2014/08/05,03,126,2,,,,,
2014/08/05,04,126,4,,,,,
2014/08/05,05,148,3,,,,,
2014/08/05,06,155,4,,,,,
2014/08/05,07,158,4,,,,,
2014/08/05,08,196,15,,,,,
2014/08/05,09,250,41,,,,,
2014/08/05,10,267,40,,,,,
2014/08/05,11,252,45,,,,,
2014/08/05,12,252,44,,,,,
2014/08/05,13,255,51,,,,,
2014/08/05,14,265,44,,,,,
2014/08/05,15,242,50,,,,,
2014/08/05,16,236,52,,,,,
2014/08/05,17,225,45,,,,,
2014/08/05,18,232,43,,,,,
2014/08/05,19,189,34,,,,,
2014/08/05,20,161,17,,,,,
2014/08/05,21,145,10,,,,,
2014/08/05,22,147,9,,,,,
2014/08/05,23,143,2,,,,,
2014/08/05,24,123,1,,,,,
2014/08/06,01,99,1,,,,,
2014/08/06,02,92,1,,,,,
2014/08/06,03,101,2,,,,,
2014/08/06,04,117,3,,,,,
2014/08/06,05,127,1,,,,,
2014/08/06,06,119,2,,,,,
2014/08/06,07,143,2,,,,,
2014/08/06,08,187,18,,,,,
2014/08/06,09,238,43,,,,,
2014/08/06,10,256,45,,,,,
2014/08/06,11,250,43,,,,,
2014/08/06,12,265,45,,,,,
2014/08/06,13,242,45,,,,,
2014/08/06,14,260,42,,,,,
2014/08/06,15,239,43,,,,,
2014/08/06,16,232,43,,,,,
2014/08/06,17,226,41,,,,,
2014/08/06,18,240,37,,,,,
2014/08/06,19,190,24,,,,,
2014/08/06,20,138,9,,,,,
2014/08/06,21,127,5,,,,,
2014/08/06,22,117,2,,,,,
2014/08/06,23,101,1,,,,,
2014/08/06,24,102,1,,,,,
2014/08/07,01,89,1,,,,,
2014/08/07,02,86,1,,,,,
2014/08/07,03,90,1,,,,,
2014/08/07,04,105,3,,,,,
2014/08/07,05,134,2,,,,,
2014/08/07,06,123,5,,,,,
2014/08/07,07,149,5,,,,,
2014/08/07,08,190,19,,,,,
2014/08/07,09,227,44,,,,,
2014/08/07,10,237,42,,,,,
2014/08/07,11,224,41,,,,,
2014/08/07,12,229,41,,,,,
2014/08/07,13,227,44,,,,,
2014/08/07,14,243,42,,,,,
2014/08/07,15,221,45,,,,,
2014/08/07,16,221,45,,,,,
2014/08/07,17,223,43,,,,,
2014/08/07,18,187,37,,,,,
2014/08/07,19,154,29,,,,,
2014/08/07,20,132,19,,,,,
2014/08/07,21,125,12,,,,,
2014/08/07,22,107,8,,,,,
2014/08/07,23,95,2,,,,,
2014/08/07,24,85,1,,,,,
2014/08/08,01,88,1,,,,,
2014/08/08,02,81,1,,,,,
2014/08/08,03,85,1,,,,,
2014/08/08,04,82,3,,,,,
2014/08/08,05,121,2,,,,,
2014/08/08,06,141,6,,,,,
2014/08/08,07,141,4,,,,,
2014/08/08,08,175,14,,,,,
2014/08/08,09,212,35,,,,,
2014/08/08,10,207,36,,,,,
2014/08/08,11,196,32,,,,,
2014/08/08,12,212,35,,,,,
2014/08/08,13,208,39,,,,,
2014/08/08,14,177,29,,,,,
2014/08/08,15,179,33,,,,,
2014/08/08,16,192,30,,,,,
2014/08/08,17,199,31,,,,,
2014/08/08,18,170,27,,,,,
2014/08/08,19,139,17,,,,,
2014/08/08,20,114,10,,,,,
2014/08/08,21,98,2,,,,,
2014/08/08,22,92,1,,,,,
2014/08/08,23,90,1,,,,,
2014/08/08,24,86,1,,,,,
2014/08/09,01,92,1,,,,,
2014/08/09,02,81,1,,,,,
2014/08/09,03,85,1,,,,,
2014/08/09,04,86,3,,,,,
2014/08/09,05,122,3,,,,,
2014/08/09,06,149,5,,,,,
2014/08/09,07,140,5,,,,,
2014/08/09,08,169,10,,,,,
2014/08/09,09,178,19,,,,,
2014/08/09,10,167,24,,,,,
2014/08/09,11,160,24,,,,,
2014/08/09,12,158,25,,,,,
2014/08/09,13,153,24,,,,,
2014/08/09,14,156,23,,,,,
2014/08/09,15,157,25,,,,,
2014/08/09,16,177,26,,,,,
2014/08/09,17,152,22,,,,,
2014/08/09,18,133,21,,,,,
2014/08/09,19,104,9,,,,,
2014/08/09,20,88,3,,,,,
2014/08/09,21,80,1,,,,,
2014/08/09,22,72,1,,,,,
2014/08/09,23,70,1,,,,,
2014/08/09,24,61,1,,,,,
2014/08/10,01,68,1,,,,,
2014/08/10,02,59,1,,,,,
2014/08/10,03,58,1,,,,,
2014/08/10,04,60,1,,,,,
2014/08/10,05,57,1,,,,,
2014/08/10,06,64,3,,,,,
2014/08/10,07,89,2,,,,,
2014/08/10,08,94,3,,,,,
2014/08/10,09,94,4,,,,,
2014/08/10,10,103,12,,,,,
2014/08/10,11,110,13,,,,,
2014/08/10,12,117,21,,,,,
2014/08/10,13,104,13,,,,,
2014/08/10,14,109,11,,,,,
2014/08/10,15,96,12,,,,,
2014/08/10,16,110,12,,,,,
2014/08/10,17,128,14,,,,,
2014/08/10,18,97,11,,,,,
2014/08/10,19,84,5,,,,,
2014/08/10,20,74,3,,,,,
2014/08/10,21,74,1,,,,,
2014/08/10,22,64,1,,,,,
2014/08/10,23,63,1,,,,,
2014/08/10,24,62,1,,,,,
2014/08/11,01,62,1,,,,,
2014/08/11,02,60,1,,,,,
2014/08/11,03,64,1,,,,,
2014/08/11,04,55,1,,,,,
2014/08/11,05,83,3,,,,,
2014/08/11,06,116,3,,,,,
2014/08/11,07,129,4,,,,,
2014/08/11,08,172,19,,,,,
2014/08/11,09,198,39,,,,,
2014/08/11,10,187,42,,,,,
2014/08/11,11,199,40,,,,,
2014/08/11,12,192,46,,,,,
2014/08/11,13,175,41,,,,,
2014/08/11,14,189,46,,,,,
2014/08/11,15,179,44,,,,,
2014/08/11,16,184,43,,,,,
2014/08/11,17,179,37,,,,,
2014/08/11,18,130,30,,,,,
2014/08/11,19,105,21,,,,,
2014/08/11,20,82,4,,,,,
2014/08/11,21,76,1,,,,,
2014/08/11,22,65,1,,,,,
2014/08/11,23,63,1,,,,,
2014/08/11,24,55,1,,,,,
2014/08/12,01,58,1,,,,,
2014/08/12,02,51,1,,,,,
2014/08/12,03,54,2,,,,,
2014/08/12,04,82,3,,,,,
2014/08/12,05,91,3,,,,,
2014/08/12,06,101,4,,,,,
2014/08/12,07,128,4,,,,,
2014/08/12,08,165,17,,,,,
2014/08/12,09,197,43,,,,,
2014/08/12,10,190,47,,,,,
2014/08/12,11,189,43,,,,,
2014/08/12,12,208,44,,,,,
2014/08/12,13,187,42,,,,,
2014/08/12,14,179,42,,,,,
2014/08/12,15,168,41,,,,,
2014/08/12,16,195,36,,,,,
2014/08/12,17,196,38,,,,,
2014/08/12,18,153,28,,,,,
2014/08/12,19,122,21,,,,,
2014/08/12,20,93,9,,,,,
2014/08/12,21,84,6,,,,,
2014/08/12,22,76,3,,,,,
2014/08/12,23,73,1,,,,,
2014/08/12,24,62,2,,,,,
2014/08/13,01,70,1,,,,,
2014/08/13,02,64,1,,,,,
2014/08/13,03,66,2,,,,,
2014/08/13,04,80,4,,,,,
2014/08/13,05,112,3,,,,,
2014/08/13,06,120,8,,,,,
2014/08/13,07,127,8,,,,,
2014/08/13,08,172,20,,,,,
2014/08/13,09,188,39,,,,,
2014/08/13,10,193,42,,,,,
2014/08/13,11,185,42,,,,,
2014/08/13,12,209,42,,,,,
2014/08/13,13,185,45,,,,,
2014/08/13,14,181,42,,,,,
2014/08/13,15,178,43,,,,,
2014/08/13,16,195,47,,,,,
2014/08/13,17,214,42,,,,,
2014/08/13,18,167,31,,,,,
2014/08/13,19,139,22,,,,,
2014/08/13,20,116,15,,,,,
2014/08/13,21,108,12,,,,,
2014/08/13,22,90,7,,,,,
2014/08/13,23,87,5,,,,,
2014/08/13,24,71,5,,,,,
2014/08/14,01,70,5,,,,,
2014/08/14,02,66,5,,,,,
2014/08/14,03,71,5,,,,,
2014/08/14,04,94,7,,,,,
2014/08/14,05,116,6,,,,,
2014/08/14,06,123,6,,,,,
2014/08/14,07,134,4,,,,,
2014/08/14,08,184,18,,,,,
2014/08/14,09,207,40,,,,,
2014/08/14,10,214,40,,,,,
2014/08/14,11,208,46,,,,,
2014/08/14,12,222,47,,,,,
2014/08/14,13,196,48,,,,,
2014/08/14,14,199,52,,,,,
2014/08/14,15,184,50,,,,,
2014/08/14,16,201,41,,,,,
2014/08/14,17,173,33,,,,,
2014/08/14,18,133,23,,,,,
2014/08/14,19,116,15,,,,,
2014/08/14,20,102,12,,,,,
2014/08/14,21,92,9,,,,,
2014/08/14,22,79,5,,,,,
2014/08/14,23,76,5,,,,,
2014/08/14,24,70,3,,,,,
2014/08/15,01,58,1,,,,,
2014/08/15,02,60,1,,,,,
2014/08/15,03,58,1,,,,,
2014/08/15,04,76,3,,,,,
2014/08/15,05,100,3,,,,,
2014/08/15,06,101,4,,,,,
2014/08/15,07,125,2,,,,,
2014/08/15,08,169,17,,,,,
2014/08/15,09,202,33,,,,,
2014/08/15,10,192,40,,,,,
2014/08/15,11,181,41,,,,,
2014/08/15,12,186,40,,,,,
2014/08/15,13,186,49,,,,,
2014/08/15,14,184,40,,,,,
2014/08/15,15,169,40,,,,,
2014/08/15,16,186,36,,,,,
2014/08/15,17,191,41,,,,,
2014/08/15,18,153,29,,,,,
2014/08/15,19,116,17,,,,,
2014/08/15,20,104,10,,,,,
2014/08/15,21,95,4,,,,,
2014/08/15,22,85,1,,,,,
2014/08/15,23,77,1,,,,,
2014/08/15,24,73,1,,,,,
2014/08/16,01,69,1,,,,,
2014/08/16,02,64,1,,,,,
2014/08/16,03,73,3,,,,,
2014/08/16,04,91,2,,,,,
2014/08/16,05,103,2,,,,,
2014/08/16,06,121,4,,,,,
2014/08/16,07,129,2,,,,,
2014/08/16,08,149,4,,,,,
2014/08/16,09,166,18,,,,,
2014/08/16,10,165,22,,,,,
2014/08/16,11,157,21,,,,,
2014/08/16,12,157,19,,,,,
2014/08/16,13,147,20,,,,,
2014/08/16,14,143,20,,,,,
2014/08/16,15,138,25,,,,,
2014/08/16,16,163,24,,,,,
2014/08/16,17,128,21,,,,,
2014/08/16,18,106,12,,,,,
2014/08/16,19,77,7,,,,,
2014/08/16,20,70,1,,,,,
2014/08/16,21,71,1,,,,,
2014/08/16,22,69,1,,,,,
2014/08/16,23,63,1,,,,,
2014/08/16,24,60,1,,,,,
2014/08/17,01,59,1,,,,,
2014/08/17,02,56,1,,,,,
2014/08/17,03,55,1,,,,,
2014/08/17,04,50,1,,,,,
2014/08/17,05,60,1,,,,,
2014/08/17,06,54,1,,,,,
2014/08/17,07,59,1,,,,,
2014/08/17,08,52,1,,,,,
2014/08/17,09,63,4,,,,,
2014/08/17,10,63,7,,,,,
2014/08/17,11,64,5,,,,,
2014/08/17,12,65,7,,,,,
2014/08/17,13,90,8,,,,,
2014/08/17,14,100,7,,,,,
2014/08/17,15,99,10,,,,,
2014/08/17,16,90,7,,,,,
2014/08/17,17,96,8,,,,,
2014/08/17,18,81,8,,,,,
2014/08/17,19,63,5,,,,,
2014/08/17,20,60,5,,,,,
2014/08/17,21,65,1,,,,,
2014/08/17,22,59,1,,,,,
2014/08/17,23,58,1,,,,,
2014/08/17,24,59,1,,,,,
2014/08/18,01,59,1,,,,,
2014/08/18,02,55,1,,,,,
2014/08/18,03,56,1,,,,,
2014/08/18,04,61,2,,,,,
2014/08/18,05,103,3,,,,,
2014/08/18,06,97,3,,,,,
2014/08/18,07,125,2,,,,,
2014/08/18,08,170,16,,,,,
2014/08/18,09,202,38,,,,,
2014/08/18,10,211,40,,,,,
2014/08/18,11,207,47,,,,,
2014/08/18,12,211,47,,,,,
2014/08/18,13,195,47,,,,,
2014/08/18,14,204,52,,,,,
2014/08/18,15,183,51,,,,,
2014/08/18,16,198,47,,,,,
2014/08/18,17,197,44,,,,,
2014/08/18,18,155,37,,,,,
2014/08/18,19,123,25,,,,,
2014/08/18,20,114,17,,,,,
2014/08/18,21,97,10,,,,,
2014/08/18,22,84,3,,,,,
2014/08/18,23,76,1,,,,,
2014/08/18,24,74,1,,,,,
2014/08/19,01,67,1,,,,,
2014/08/19,02,70,1,,,,,
2014/08/19,03,64,1,,,,,
2014/08/19,04,79,3,,,,,
2014/08/19,05,110,2,,,,,
2014/08/19,06,108,3,,,,,
2014/08/19,07,127,2,,,,,
2014/08/19,08,166,13,,,,,
2014/08/19,09,208,44,,,,,
2014/08/19,10,197,44,,,,,
2014/08/19,11,185,44,,,,,
2014/08/19,12,209,46,,,,,
2014/08/19,13,189,47,,,,,
2014/08/19,14,201,46,,,,,
2014/08/19,15,193,51,,,,,
2014/08/19,16,207,45,,,,,
2014/08/19,17,198,46,,,,,
2014/08/19,18,152,35,,,,,
2014/08/19,19,115,18,,,,,
2014/08/19,20,96,5,,,,,
2014/08/19,21,93,4,,,,,
2014/08/19,22,88,3,,,,,
2014/08/19,23,72,3,,,,,
2014/08/19,24,57,1,,,,,
2014/08/20,01,57,1,,,,,
2014/08/20,02,50,1,,,,,
2014/08/20,03,56,1,,,,,
2014/08/20,04,54,3,,,,,
2014/08/20,05,85,2,,,,,
2014/08/20,06,97,2,,,,,
2014/08/20,07,130,2,,,,,
2014/08/20,08,162,13,,,,,
2014/08/20,09,201,44,,,,,
2014/08/20,10,185,46,,,,,
2014/08/20,11,188,45,,,,,
2014/08/20,12,180,46,,,,,
2014/08/20,13,190,50,,,,,
2014/08/20,14,192,46,,,,,
2014/08/20,15,194,48,,,,,
2014/08/20,16,200,55,,,,,
2014/08/20,17,191,47,,,,,
2014/08/20,18,150,37,,,,,
2014/08/20,19,115,17,,,,,
2014/08/20,20,101,9,,,,,
2014/08/20,21,96,7,,,,,
2014/08/20,22,82,3,,,,,
2014/08/20,23,85,2,,,,,
2014/08/20,24,75,3,,,,,
2014/08/21,01,72,2,,,,,
2014/08/21,02,68,3,,,,,
2014/08/21,03,77,4,,,,,
2014/08/21,04,83,3,,,,,
2014/08/21,05,108,3,,,,,
2014/08/21,06,113,3,,,,,
2014/08/21,07,133,3,,,,,
2014/08/21,08,172,18,,,,,
2014/08/21,09,211,44,,,,,
2014/08/21,10,203,44,,,,,
2014/08/21,11,200,41,,,,,
2014/08/21,12,184,40,,,,,
2014/08/21,13,185,45,,,,,
2014/08/21,14,177,43,,,,,
2014/08/21,15,189,44,,,,,
2014/08/21,16,199,40,,,,,
2014/08/21,17,180,40,,,,,
2014/08/21,18,148,31,,,,,
2014/08/21,19,122,22,,,,,
2014/08/21,20,94,12,,,,,
2014/08/21,21,93,6,,,,,
2014/08/21,22,79,3,,,,,
2014/08/21,23,78,2,,,,,
2014/08/21,24,67,3,,,,,
2014/08/22,01,67,3,,,,,
2014/08/22,02,62,2,,,,,
2014/08/22,03,58,1,,,,,
2014/08/22,04,78,4,,,,,
2014/08/22,05,97,2,,,,,
2014/08/22,06,107,4,,,,,
2014/08/22,07,130,6,,,,,
2014/08/22,08,161,17,,,,,
2014/08/22,09,214,51,,,,,
2014/08/22,10,210,49,,,,,
2014/08/22,11,201,45,,,,,
2014/08/22,12,213,45,,,,,
2014/08/22,13,190,48,,,,,
2014/08/22,14,187,47,,,,,
2014/08/22,15,186,46,,,,,
2014/08/22,16,202,46,,,,,
2014/08/22,17,186,49,,,,,
2014/08/22,18,164,41,,,,,
2014/08/22,19,127,24,,,,,
2014/08/22,20,105,16,,,,,
2014/08/22,21,101,12,,,,,
2014/08/22,22,89,8,,,,,
2014/08/22,23,84,6,,,,,
2014/08/22,24,75,5,,,,,
2014/08/23,01,73,5,,,,,
2014/08/23,02,68,5,,,,,
2014/08/23,03,75,8,,,,,
2014/08/23,04,89,7,,,,,
2014/08/23,05,113,8,,,,,
2014/08/23,06,141,8,,,,,
2014/08/23,07,137,6,,,,,
2014/08/23,08,162,9,,,,,
2014/08/23,09,179,23,,,,,
2014/08/23,10,187,29,,,,,
2014/08/23,11,173,30,,,,,
2014/08/23,12,179,31,,,,,
2014/08/23,13,162,28,,,,,
2014/08/23,14,166,28,,,,,
2014/08/23,15,159,29,,,,,
2014/08/23,16,161,25,,,,,
2014/08/23,17,140,19,,,,,
2014/08/23,18,110,10,,,,,
2014/08/23,19,93,5,,,,,
2014/08/23,20,78,5,,,,,
2014/08/23,21,78,1,,,,,
2014/08/23,22,71,1,,,,,
2014/08/23,23,71,1,,,,,
2014/08/23,24,60,1,,,,,
2014/08/24,01,62,1,,,,,
2014/08/24,02,57,1,,,,,
2014/08/24,03,58,1,,,,,
2014/08/24,04,54,1,,,,,
2014/08/24,05,59,1,,,,,
2014/08/24,06,57,1,,,,,
2014/08/24,07,55,1,,,,,
2014/08/24,08,61,1,,,,,
2014/08/24,09,69,8,,,,,
2014/08/24,10,79,17,,,,,
2014/08/24,11,88,16,,,,,
2014/08/24,12,88,17,,,,,
2014/08/24,13,124,34,,,,,
2014/08/24,14,113,31,,,,,
2014/08/24,15,127,26,,,,,
2014/08/24,16,123,25,,,,,
2014/08/24,17,95,17,,,,,
2014/08/24,18,91,10,,,,,
2014/08/24,19,74,8,,,,,
2014/08/24,20,62,3,,,,,
2014/08/24,21,65,3,,,,,
2014/08/24,22,59,3,,,,,
2014/08/24,23,63,3,,,,,
2014/08/24,24,58,3,,,,,
2014/08/25,01,63,3,,,,,
2014/08/25,02,56,3,,,,,
2014/08/25,03,61,3,,,,,
2014/08/25,04,85,7,,,,,
2014/08/25,05,95,4,,,,,
2014/08/25,06,110,7,,,,,
2014/08/25,07,133,7,,,,,
2014/08/25,08,168,18,,,,,
2014/08/25,09,218,55,,,,,
2014/08/25,10,216,52,,,,,
2014/08/25,11,215,52,,,,,
2014/08/25,12,228,53,,,,,
2014/08/25,13,213,60,,,,,
2014/08/25,14,206,55,,,,,
2014/08/25,15,205,58,,,,,
2014/08/25,16,221,65,,,,,
2014/08/25,17,219,62,,,,,
2014/08/25,18,183,55,,,,,
2014/08/25,19,124,28,,,,,
2014/08/25,20,102,15,,,,,
2014/08/25,21,99,11,,,,,
2014/08/25,22,83,7,,,,,
2014/08/25,23,76,2,,,,,
2014/08/25,24,68,1,,,,,
2014/08/26,01,67,1,,,,,
2014/08/26,02,61,1,,,,,
2014/08/26,03,61,1,,,,,
2014/08/26,04,94,3,,,,,
2014/08/26,05,97,4,,,,,
2014/08/26,06,112,4,,,,,
2014/08/26,07,129,5,,,,,
2014/08/26,08,169,23,,,,,
2014/08/26,09,212,46,,,,,
2014/08/26,10,204,49,,,,,
2014/08/26,11,199,45,,,,,
2014/08/26,12,199,46,,,,,
2014/08/26,13,188,50,,,,,
2014/08/26,14,193,47,,,,,
2014/08/26,15,189,47,,,,,
2014/08/26,16,217,52,,,,,
2014/08/26,17,218,52,,,,,
2014/08/26,18,179,45,,,,,
2014/08/26,19,134,30,,,,,
2014/08/26,20,113,15,,,,,
2014/08/26,21,105,10,,,,,
2014/08/26,22,98,8,,,,,
2014/08/26,23,94,6,,,,,
2014/08/26,24,81,5,,,,,
2014/08/27,01,81,5,,,,,
2014/08/27,02,70,5,,,,,
2014/08/27,03,72,5,,,,,
2014/08/27,04,89,5,,,,,
2014/08/27,05,101,8,,,,,
2014/08/27,06,118,9,,,,,
2014/08/27,07,140,9,,,,,
2014/08/27,08,163,24,,,,,
2014/08/27,09,188,44,,,,,
2014/08/27,10,184,45,,,,,
2014/08/27,11,183,42,,,,,
2014/08/27,12,192,50,,,,,
2014/08/27,13,183,57,,,,,
2014/08/27,14,179,52,,,,,
2014/08/27,15,174,51,,,,,
2014/08/27,16,185,52,,,,,
2014/08/27,17,176,47,,,,,
2014/08/27,18,156,44,,,,,
2014/08/27,19,121,29,,,,,
2014/08/27,20,104,20,,,,,
2014/08/27,21,98,18,,,,,
2014/08/27,22,88,14,,,,,
2014/08/27,23,78,9,,,,,
2014/08/27,24,73,8,,,,,
2014/08/28,01,68,9,,,,,
2014/08/28,02,67,8,,,,,
2014/08/28,03,67,8,,,,,
2014/08/28,04,95,14,,,,,
2014/08/28,05,103,10,,,,,
2014/08/28,06,112,8,,,,,
2014/08/28,07,134,9,,,,,
2014/08/28,08,176,23,,,,,
2014/08/28,09,217,42,,,,,
2014/08/28,10,245,52,,,,,
2014/08/28,11,237,53,,,,,
2014/08/28,12,228,50,,,,,
2014/08/28,13,204,50,,,,,
2014/08/28,14,195,47,,,,,
2014/08/28,15,191,49,,,,,
2014/08/28,16,224,55,,,,,
2014/08/28,17,219,54,,,,,
2014/08/28,18,177,39,,,,,
2014/08/28,19,125,21,,,,,
2014/08/28,20,108,17,,,,,
2014/08/28,21,107,13,,,,,
2014/08/28,22,96,9,,,,,
2014/08/28,23,86,6,,,,,
2014/08/28,24,78,6,,,,,
2014/08/29,01,79,6,,,,,
2014/08/29,02,67,5,,,,,
2014/08/29,03,73,6,,,,,
2014/08/29,04,95,8,,,,,
2014/08/29,05,95,6,,,,,
2014/08/29,06,124,8,,,,,
2014/08/29,07,137,5,,,,,
2014/08/29,08,175,17,,,,,
2014/08/29,09,214,43,,,,,
2014/08/29,10,226,53,,,,,
2014/08/29,11,208,44,,,,,
2014/08/29,12,190,37,,,,,
2014/08/29,13,186,40,,,,,
2014/08/29,14,187,46,,,,,
2014/08/29,15,189,49,,,,,
2014/08/29,16,175,39,,,,,
2014/08/29,17,177,42,,,,,
2014/08/29,18,162,39,,,,,
2014/08/29,19,136,30,,,,,
2014/08/29,20,121,21,,,,,
2014/08/29,21,108,16,,,,,
2014/08/29,22,88,9,,,,,
2014/08/29,23,89,9,,,,,
2014/08/29,24,75,8,,,,,
2014/08/30,01,72,7,,,,,
2014/08/30,02,72,10,,,,,
2014/08/30,03,83,9,,,,,
2014/08/30,04,92,7,,,,,
2014/08/30,05,96,10,,,,,
2014/08/30,06,128,8,,,,,
2014/08/30,07,127,8,,,,,
2014/08/30,08,149,13,,,,,
2014/08/30,09,165,19,,,,,
2014/08/30,10,172,22,,,,,
2014/08/30,11,163,24,,,,,
2014/08/30,12,169,22,,,,,
2014/08/30,13,158,24,,,,,
2014/08/30,14,163,27,,,,,
2014/08/30,15,144,17,,,,,
2014/08/30,16,130,16,,,,,
2014/08/30,17,120,16,,,,,
2014/08/30,18,103,11,,,,,
2014/08/30,19,95,4,,,,,
2014/08/30,20,87,3,,,,,
2014/08/30,21,93,3,,,,,
2014/08/30,22,74,2,,,,,
2014/08/30,23,72,5,,,,,
2014/08/30,24,65,4,,,,,
2014/08/31,01,65,2,,,,,
2014/08/31,02,59,2,,,,,
2014/08/31,03,67,2,,,,,
2014/08/31,04,61,6,,,,,
2014/08/31,05,62,2,,,,,
2014/08/31,06,59,2,,,,,
2014/08/31,07,61,4,,,,,
2014/08/31,08,64,11,,,,,
2014/08/31,09,76,10,,,,,
2014/08/31,10,80,12,,,,,
2014/08/31,11,92,20,,,,,
2014/08/31,12,95,26,,,,,
2014/08/31,13,116,31,,,,,
2014/08/31,14,114,31,,,,,
2014/08/31,15,146,28,,,,,
2014/08/31,16,131,26,,,,,
2014/08/31,17,129,24,,,,,
2014/08/31,18,102,21,,,,,
2014/08/31,19,100,15,,,,,
2014/08/31,20,79,6,,,,,
2014/08/31,21,83,4,,,,,
2014/08/31,22,71,4,,,,,
2014/08/31,23,69,4,,,,,
2014/08/31,24,70,4,,,,,
2014/09/01,01,68,7,,,,,
2014/09/01,02,65,3,,,,,
2014/09/01,03,65,3,,,,,
2014/09/01,04,97,5,,,,,
2014/09/01,05,103,4,,,,,
2014/09/01,06,100,4,,,,,
2014/09/01,07,129,9,,,,,
2014/09/01,08,175,23,,,,,
2014/09/01,09,222,43,,,,,
2014/09/01,10,231,48,,,,,
2014/09/01,11,218,53,,,,,
2014/09/01,12,220,50,,,,,
2014/09/01,13,207,56,,,,,
2014/09/01,14,193,49,,,,,
2014/09/01,15,189,44,,,,,
2014/09/01,16,186,45,,,,,
2014/09/01,17,190,49,,,,,
2014/09/01,18,165,46,,,,,
2014/09/01,19,129,30,,,,,
2014/09/01,20,101,17,,,,,
2014/09/01,21,97,9,,,,,
2014/09/01,22,82,8,,,,,
2014/09/01,23,81,6,,,,,
2014/09/01,24,77,6,,,,,
2014/09/02,01,70,4,,,,,
2014/09/02,02,69,3,,,,,
2014/09/02,03,76,6,,,,,
2014/09/02,04,78,5,,,,,
2014/09/02,05,105,5,,,,,
2014/09/02,06,110,7,,,,,
2014/09/02,07,131,6,,,,,
2014/09/02,08,178,23,,,,,
2014/09/02,09,206,40,,,,,
2014/09/02,10,200,48,,,,,
2014/09/02,11,211,51,,,,,
2014/09/02,12,191,48,,,,,
2014/09/02,13,193,51,,,,,
2014/09/02,14,193,44,,,,,
2014/09/02,15,193,48,,,,,
2014/09/02,16,201,45,,,,,
2014/09/02,17,202,49,,,,,
2014/09/02,18,173,41,,,,,
2014/09/02,19,132,27,,,,,
2014/09/02,20,108,14,,,,,
2014/09/02,21,103,11,,,,,
2014/09/02,22,87,4,,,,,
2014/09/02,23,86,3,,,,,
2014/09/02,24,80,3,,,,,
2014/09/03,01,74,3,,,,,
2014/09/03,02,67,3,,,,,
2014/09/03,03,72,3,,,,,
2014/09/03,04,86,6,,,,,
2014/09/03,05,110,5,,,,,
2014/09/03,06,118,3,,,,,
2014/09/03,07,121,4,,,,,
2014/09/03,08,164,20,,,,,
2014/09/03,09,200,45,,,,,
2014/09/03,10,183,44,,,,,
2014/09/03,11,194,44,,,,,
2014/09/03,12,198,47,,,,,
2014/09/03,13,189,53,,,,,
2014/09/03,14,183,47,,,,,
2014/09/03,15,186,48,,,,,
2014/09/03,16,202,56,,,,,
2014/09/03,17,193,53,,,,,
2014/09/03,18,165,41,,,,,
2014/09/03,19,141,27,,,,,
2014/09/03,20,116,12,,,,,
2014/09/03,21,117,12,,,,,
2014/09/03,22,97,9,,,,,
2014/09/03,23,88,3,,,,,
2014/09/03,24,86,3,,,,,
2014/09/04,01,77,3,,,,,
2014/09/04,02,71,3,,,,,
2014/09/04,03,74,3,,,,,
2014/09/04,04,100,4,,,,,
2014/09/04,05,109,4,,,,,
2014/09/04,06,115,5,,,,,
2014/09/04,07,126,5,,,,,
2014/09/04,08,164,18,,,,,
2014/09/04,09,202,43,,,,,
2014/09/04,10,219,49,,,,,
2014/09/04,11,224,48,,,,,
2014/09/04,12,227,43,,,,,
2014/09/04,13,196,45,,,,,
2014/09/04,14,187,40,,,,,
2014/09/04,15,168,39,,,,,
2014/09/04,16,186,32,,,,,
2014/09/04,17,164,31,,,,,
2014/09/04,18,140,28,,,,,
2014/09/04,19,118,21,,,,,
2014/09/04,20,111,18,,,,,
2014/09/04,21,107,12,,,,,
2014/09/04,22,97,7,,,,,
2014/09/04,23,84,6,,,,,
2014/09/04,24,72,5,,,,,
2014/09/05,01,70,4,,,,,
2014/09/05,02,60,4,,,,,
2014/09/05,03,63,4,,,,,
2014/09/05,04,97,7,,,,,
2014/09/05,05,90,5,,,,,
2014/09/05,06,97,5,,,,,
2014/09/05,07,125,5,,,,,
2014/09/05,08,169,20,,,,,
2014/09/05,09,189,43,,,,,
2014/09/05,10,213,52,,,,,
2014/09/05,11,206,47,,,,,
2014/09/05,12,200,45,,,,,
2014/09/05,13,189,52,,,,,
2014/09/05,14,184,51,,,,,
2014/09/05,15,199,59,,,,,
2014/09/05,16,220,59,,,,,
2014/09/05,17,186,55,,,,,
2014/09/05,18,166,42,,,,,
2014/09/05,19,127,21,,,,,
2014/09/05,20,115,10,,,,,
2014/09/05,21,107,9,,,,,
2014/09/05,22,97,9,,,,,
2014/09/05,23,93,5,,,,,
2014/09/05,24,81,3,,,,,
2014/09/06,01,74,3,,,,,
2014/09/06,02,69,3,,,,,
2014/09/06,03,71,4,,,,,
2014/09/06,04,92,6,,,,,
2014/09/06,05,102,4,,,,,
2014/09/06,06,108,4,,,,,
2014/09/06,07,119,4,,,,,
2014/09/06,08,145,14,,,,,
2014/09/06,09,139,16,,,,,
2014/09/06,10,152,16,,,,,
2014/09/06,11,154,18,,,,,
2014/09/06,12,141,18,,,,,
2014/09/06,13,134,20,,,,,
2014/09/06,14,134,19,,,,,
2014/09/06,15,133,19,,,,,
2014/09/06,16,142,13,,,,,
2014/09/06,17,121,7,,,,,
2014/09/06,18,125,7,,,,,
2014/09/06,19,97,5,,,,,
2014/09/06,20,86,3,,,,,
2014/09/06,21,71,1,,,,,
2014/09/06,22,76,2,,,,,
2014/09/06,23,77,2,,,,,
2014/09/06,24,74,2,,,,,
2014/09/07,01,63,2,,,,,
2014/09/07,02,66,2,,,,,
2014/09/07,03,67,2,,,,,
2014/09/07,04,61,2,,,,,
2014/09/07,05,53,2,,,,,
2014/09/07,06,58,2,,,,,
2014/09/07,07,58,2,,,,,
2014/09/07,08,49,2,,,,,
2014/09/07,09,68,4,,,,,
2014/09/07,10,60,9,,,,,
2014/09/07,11,73,13,,,,,
2014/09/07,12,75,15,,,,,
2014/09/07,13,91,15,,,,,
2014/09/07,14,80,15,,,,,
2014/09/07,15,94,14,,,,,
2014/09/07,16,126,15,,,,,
2014/09/07,17,122,16,,,,,
2014/09/07,18,103,14,,,,,
2014/09/07,19,92,10,,,,,
2014/09/07,20,78,8,,,,,
2014/09/07,21,83,8,,,,,
2014/09/07,22,69,4,,,,,
2014/09/07,23,76,6,,,,,
2014/09/07,24,68,4,,,,,
2014/09/08,01,74,4,,,,,
2014/09/08,02,64,5,,,,,
2014/09/08,03,71,3,,,,,
2014/09/08,04,94,7,,,,,
2014/09/08,05,101,3,,,,,
2014/09/08,06,120,6,,,,,
2014/09/08,07,125,5,,,,,
2014/09/08,08,172,19,,,,,
2014/09/08,09,204,37,,,,,
2014/09/08,10,210,39,,,,,
2014/09/08,11,199,44,,,,,
2014/09/08,12,207,48,,,,,
2014/09/08,13,205,42,,,,,
2014/09/08,14,198,42,,,,,
2014/09/08,15,198,49,,,,,
2014/09/08,16,195,55,,,,,
2014/09/08,17,204,50,,,,,
2014/09/08,18,152,36,,,,,
2014/09/08,19,126,25,,,,,
2014/09/08,20,111,10,,,,,
2014/09/08,21,101,10,,,,,
2014/09/08,22,89,9,,,,,
2014/09/08,23,88,7,,,,,
2014/09/08,24,75,6,,,,,
2014/09/09,01,75,5,,,,,
2014/09/09,02,67,4,,,,,
2014/09/09,03,69,3,,,,,
2014/09/09,04,91,5,,,,,
2014/09/09,05,101,4,,,,,
2014/09/09,06,103,3,,,,,
2014/09/09,07,107,3,,,,,
2014/09/09,08,154,17,,,,,
2014/09/09,09,183,37,,,,,
2014/09/09,10,183,38,,,,,
2014/09/09,11,166,36,,,,,
2014/09/09,12,169,36,,,,,
2014/09/09,13,178,41,,,,,
2014/09/09,14,172,38,,,,,
2014/09/09,15,179,41,,,,,
2014/09/09,16,170,41,,,,,
2014/09/09,17,183,49,,,,,
2014/09/09,18,149,34,,,,,
2014/09/09,19,120,21,,,,,
2014/09/09,20,106,13,,,,,
2014/09/09,21,102,7,,,,,
2014/09/09,22,92,8,,,,,
2014/09/09,23,88,9,,,,,
2014/09/09,24,71,3,,,,,
2014/09/10,01,73,3,,,,,
2014/09/10,02,65,3,,,,,
2014/09/10,03,64,2,,,,,
2014/09/10,04,80,2,,,,,
2014/09/10,05,87,3,,,,,
2014/09/10,06,105,5,,,,,
2014/09/10,07,119,5,,,,,
2014/09/10,08,157,14,,,,,
2014/09/10,09,157,27,,,,,
2014/09/10,10,152,30,,,,,
2014/09/10,11,165,33,,,,,
2014/09/10,12,160,37,,,,,
2014/09/10,13,141,32,,,,,
2014/09/10,14,151,29,,,,,
2014/09/10,15,147,31,,,,,
2014/09/10,16,158,36,,,,,
2014/09/10,17,178,36,,,,,
2014/09/10,18,142,29,,,,,
2014/09/10,19,118,16,,,,,
2014/09/10,20,117,15,,,,,
2014/09/10,21,107,10,,,,,
2014/09/10,22,91,4,,,,,
2014/09/10,23,83,3,,,,,
2014/09/10,24,77,3,,,,,
2014/09/11,01,84,3,,,,,
2014/09/11,02,77,3,,,,,
2014/09/11,03,74,3,,,,,
2014/09/11,04,106,5,,,,,
2014/09/11,05,120,6,,,,,
2014/09/11,06,118,5,,,,,
2014/09/11,07,136,6,,,,,
2014/09/11,08,179,13,,,,,
2014/09/11,09,196,29,,,,,
2014/09/11,10,196,31,,,,,
2014/09/11,11,179,32,,,,,
2014/09/11,12,197,35,,,,,
2014/09/11,13,181,37,,,,,
2014/09/11,14,182,35,,,,,
2014/09/11,15,179,41,,,,,
2014/09/11,16,188,38,,,,,
2014/09/11,17,177,36,,,,,
2014/09/11,18,153,30,,,,,
2014/09/11,19,111,17,,,,,
2014/09/11,20,94,7,,,,,
2014/09/11,21,100,7,,,,,
2014/09/11,22,92,7,,,,,
2014/09/11,23,82,5,,,,,
2014/09/11,24,70,5,,,,,
2014/09/12,01,73,5,,,,,
2014/09/12,02,62,5,,,,,
2014/09/12,03,69,5,,,,,
2014/09/12,04,87,6,,,,,
2014/09/12,05,102,7,,,,,
2014/09/12,06,102,5,,,,,
2014/09/12,07,120,6,,,,,
2014/09/12,08,155,16,,,,,
2014/09/12,09,202,36,,,,,
2014/09/12,10,197,42,,,,,
2014/09/12,11,191,44,,,,,
2014/09/12,12,198,48,,,,,
2014/09/12,13,181,48,,,,,
2014/09/12,14,185,48,,,,,
2014/09/12,15,190,49,,,,,
2014/09/12,16,194,48,,,,,
2014/09/12,17,185,44,,,,,
2014/09/12,18,154,39,,,,,
2014/09/12,19,118,26,,,,,
2014/09/12,20,107,15,,,,,
2014/09/12,21,102,13,,,,,
2014/09/12,22,86,7,,,,,
2014/09/12,23,84,5,,,,,
2014/09/12,24,69,5,,,,,
2014/09/13,01,65,5,,,,,
2014/09/13,02,64,5,,,,,
2014/09/13,03,71,7,,,,,
2014/09/13,04,94,6,,,,,
2014/09/13,05,103,6,,,,,
2014/09/13,06,121,6,,,,,
2014/09/13,07,124,5,,,,,
2014/09/13,08,150,8,,,,,
2014/09/13,09,167,24,,,,,
2014/09/13,10,172,29,,,,,
2014/09/13,11,163,33,,,,,
2014/09/13,12,182,40,,,,,
2014/09/13,13,175,40,,,,,
2014/09/13,14,153,39,,,,,
2014/09/13,15,154,36,,,,,
2014/09/13,16,156,34,,,,,
2014/09/13,17,137,30,,,,,
2014/09/13,18,108,16,,,,,
2014/09/13,19,96,11,,,,,
2014/09/13,20,82,10,,,,,
2014/09/13,21,79,5,,,,,
2014/09/13,22,72,7,,,,,
2014/09/13,23,68,9,,,,,
2014/09/13,24,67,5,,,,,
2014/09/14,01,68,9,,,,,
2014/09/14,02,63,7,,,,,
2014/09/14,03,65,6,,,,,
2014/09/14,04,64,9,,,,,
2014/09/14,05,65,5,,,,,
2014/09/14,06,62,8,,,,,
2014/09/14,07,66,7,,,,,
2014/09/14,08,61,7,,,,,
2014/09/14,09,69,13,,,,,
2014/09/14,10,83,22,,,,,
2014/09/14,11,101,32,,,,,
2014/09/14,12,104,31,,,,,
2014/09/14,13,115,24,,,,,
2014/09/14,14,125,26,,,,,
2014/09/14,15,147,25,,,,,
2014/09/14,16,119,22,,,,,
2014/09/14,17,138,24,,,,,
2014/09/14,18,110,22,,,,,
2014/09/14,19,94,12,,,,,
2014/09/14,20,76,10,,,,,
2014/09/14,21,79,9,,,,,
2014/09/14,22,68,6,,,,,
2014/09/14,23,71,5,,,,,
2014/09/14,24,61,5,,,,,
2014/09/15,01,69,5,,,,,
2014/09/15,02,63,5,,,,,
2014/09/15,03,64,5,,,,,
2014/09/15,04,96,11,,,,,
2014/09/15,05,108,8,,,,,
2014/09/15,06,109,9,,,,,
2014/09/15,07,132,7,,,,,
2014/09/15,08,162,12,,,,,
2014/09/15,09,148,29,,,,,
2014/09/15,10,180,38,,,,,
2014/09/15,11,172,37,,,,,
2014/09/15,12,176,42,,,,,
2014/09/15,13,169,43,,,,,
2014/09/15,14,170,42,,,,,
2014/09/15,15,170,41,,,,,
2014/09/15,16,176,40,,,,,
2014/09/15,17,138,38,,,,,
2014/09/15,18,136,29,,,,,
2014/09/15,19,116,21,,,,,
2014/09/15,20,103,11,,,,,
2014/09/15,21,91,11,,,,,
2014/09/15,22,97,12,,,,,
2014/09/15,23,97,10,,,,,
2014/09/15,24,87,8,,,,,
2014/09/16,01,70,8,,,,,
2014/09/16,02,74,8,,,,,
2014/09/16,03,71,8,,,,,
2014/09/16,04,98,11,,,,,
2014/09/16,05,99,10,,,,,
2014/09/16,06,120,10,,,,,
2014/09/16,07,113,9,,,,,
2014/09/16,08,169,25,,,,,
2014/09/16,09,178,50,,,,,
2014/09/16,10,217,49,,,,,
2014/09/16,11,199,52,,,,,
2014/09/16,12,207,57,,,,,
2014/09/16,13,196,54,,,,,
2014/09/16,14,176,48,,,,,
2014/09/16,15,198,51,,,,,
2014/09/16,16,201,46,,,,,
2014/09/16,17,178,48,,,,,
2014/09/16,18,173,46,,,,,
2014/09/16,19,141,28,,,,,
2014/09/16,20,117,17,,,,,
2014/09/16,21,114,11,,,,,
2014/09/16,22,103,7,,,,,
2014/09/16,23,96,6,,,,,
2014/09/16,24,86,5,,,,,
2014/09/17,01,80,5,,,,,
2014/09/17,02,67,5,,,,,
2014/09/17,03,67,5,,,,,
2014/09/17,04,78,8,,,,,
2014/09/17,05,108,5,,,,,
2014/09/17,06,118,5,,,,,
2014/09/17,07,118,5,,,,,
2014/09/17,08,155,24,,,,,
2014/09/17,09,172,43,,,,,
2014/09/17,10,187,44,,,,,
2014/09/17,11,177,41,,,,,
2014/09/17,12,181,42,,,,,
2014/09/17,13,165,43,,,,,
2014/09/17,14,157,38,,,,,
2014/09/17,15,184,47,,,,,
2014/09/17,16,184,47,,,,,
2014/09/17,17,167,44,,,,,
2014/09/17,18,160,33,,,,,
2014/09/17,19,129,16,,,,,
2014/09/17,20,108,12,,,,,
2014/09/17,21,102,10,,,,,
2014/09/17,22,95,9,,,,,
2014/09/17,23,87,9,,,,,
2014/09/17,24,79,8,,,,,
2014/09/18,01,85,8,,,,,
2014/09/18,02,73,5,,,,,
2014/09/18,03,73,6,,,,,
2014/09/18,04,99,8,,,,,
2014/09/18,05,101,5,,,,,
2014/09/18,06,111,6,,,,,
2014/09/18,07,126,8,,,,,
2014/09/18,08,161,21,,,,,
2014/09/18,09,183,36,,,,,
2014/09/18,10,208,40,,,,,
2014/09/18,11,196,40,,,,,
2014/09/18,12,184,40,,,,,
2014/09/18,13,183,42,,,,,
2014/09/18,14,182,42,,,,,
2014/09/18,15,193,45,,,,,
2014/09/18,16,196,42,,,,,
2014/09/18,17,170,39,,,,,
2014/09/18,18,145,32,,,,,
2014/09/18,19,137,22,,,,,
2014/09/18,20,114,15,,,,,
2014/09/18,21,95,9,,,,,
2014/09/18,22,93,11,,,,,
2014/09/18,23,87,6,,,,,
2014/09/18,24,72,6,,,,,
2014/09/19,01,74,5,,,,,
2014/09/19,02,68,4,,,,,
2014/09/19,03,64,4,,,,,
2014/09/19,04,91,6,,,,,
2014/09/19,05,86,5,,,,,
2014/09/19,06,101,6,,,,,
2014/09/19,07,110,5,,,,,
2014/09/19,08,147,19,,,,,
2014/09/19,09,179,40,,,,,
2014/09/19,10,204,45,,,,,
2014/09/19,11,204,49,,,,,
2014/09/19,12,212,49,,,,,
2014/09/19,13,198,51,,,,,
2014/09/19,14,184,46,,,,,
2014/09/19,15,187,51,,,,,
2014/09/19,16,189,44,,,,,
2014/09/19,17,178,37,,,,,
2014/09/19,18,166,32,,,,,
2014/09/19,19,136,21,,,,,
2014/09/19,20,116,12,,,,,
2014/09/19,21,109,11,,,,,
2014/09/19,22,99,10,,,,,
2014/09/19,23,105,11,,,,,
2014/09/19,24,98,11,,,,,
2014/09/20,01,83,10,,,,,
2014/09/20,02,79,6,,,,,
2014/09/20,03,81,7,,,,,
2014/09/20,04,106,7,,,,,
2014/09/20,05,117,8,,,,,
2014/09/20,06,118,8,,,,,
2014/09/20,07,128,7,,,,,
2014/09/20,08,152,9,,,,,
2014/09/20,09,165,20,,,,,
2014/09/20,10,177,26,,,,,
2014/09/20,11,179,31,,,,,
2014/09/20,12,183,32,,,,,
2014/09/20,13,182,38,,,,,
2014/09/20,14,178,33,,,,,
2014/09/20,15,166,31,,,,,
2014/09/20,16,187,32,,,,,
2014/09/20,17,139,30,,,,,
2014/09/20,18,121,19,,,,,
2014/09/20,19,111,8,,,,,
2014/09/20,20,99,5,,,,,
2014/09/20,21,90,5,,,,,
2014/09/20,22,84,5,,,,,
2014/09/20,23,81,5,,,,,
2014/09/20,24,77,5,,,,,
2014/09/21,01,75,5,,,,,
2014/09/21,02,70,5,,,,,
2014/09/21,03,76,5,,,,,
2014/09/21,04,67,5,,,,,
2014/09/21,05,67,5,,,,,
2014/09/21,06,73,5,,,,,
2014/09/21,07,71,5,,,,,
2014/09/21,08,63,5,,,,,
2014/09/21,09,75,8,,,,,
2014/09/21,10,77,12,,,,,
2014/09/21,11,86,15,,,,,
2014/09/21,12,106,25,,,,,
2014/09/21,13,120,23,,,,,
2014/09/21,14,123,19,,,,,
2014/09/21,15,118,15,,,,,
2014/09/21,16,108,15,,,,,
2014/09/21,17,111,12,,,,,
2014/09/21,18,104,10,,,,,
2014/09/21,19,99,6,,,,,
2014/09/21,20,96,5,,,,,
2014/09/21,21,90,5,,,,,
2014/09/21,22,81,5,,,,,
2014/09/21,23,83,5,,,,,
2014/09/21,24,79,5,,,,,
2014/09/22,01,78,5,,,,,
2014/09/22,02,76,5,,,,,
2014/09/22,03,85,5,,,,,
2014/09/22,04,93,9,,,,,
2014/09/22,05,105,9,,,,,
2014/09/22,06,106,9,,,,,
2014/09/22,07,126,6,,,,,
2014/09/22,08,162,24,,,,,
2014/09/22,09,195,50,,,,,
2014/09/22,10,204,51,,,,,
2014/09/22,11,209,57,,,,,
2014/09/22,12,214,55,,,,,
2014/09/22,13,203,55,,,,,
2014/09/22,14,189,52,,,,,
2014/09/22,15,204,54,,,,,
2014/09/22,16,202,48,,,,,
2014/09/22,17,170,38,,,,,
2014/09/22,18,153,27,,,,,
2014/09/22,19,131,21,,,,,
2014/09/22,20,112,11,,,,,
2014/09/22,21,104,6,,,,,
2014/09/22,22,101,5,,,,,
2014/09/22,23,97,5,,,,,
2014/09/22,24,82,5,,,,,
2014/09/23,01,74,4,,,,,
2014/09/23,02,75,4,,,,,
2014/09/23,03,72,4,,,,,
2014/09/23,04,97,5,,,,,
2014/09/23,05,90,4,,,,,
2014/09/23,06,104,5,,,,,
2014/09/23,07,119,6,,,,,
2014/09/23,08,133,8,,,,,
2014/09/23,09,144,21,,,,,
2014/09/23,10,163,30,,,,,
2014/09/23,11,165,31,,,,,
2014/09/23,12,157,33,,,,,
2014/09/23,13,149,35,,,,,
2014/09/23,14,150,29,,,,,
2014/09/23,15,152,25,,,,,
2014/09/23,16,157,20,,,,,
2014/09/23,17,132,20,,,,,
2014/09/23,18,123,14,,,,,
2014/09/23,19,109,9,,,,,
2014/09/23,20,105,5,,,,,
2014/09/23,21,96,5,,,,,
2014/09/23,22,87,5,,,,,
2014/09/23,23,81,5,,,,,
2014/09/23,24,72,5,,,,,
2014/09/24,01,75,4,,,,,
2014/09/24,02,71,5,,,,,
2014/09/24,03,69,4,,,,,
2014/09/24,04,86,4,,,,,
2014/09/24,05,104,8,,,,,
2014/09/24,06,118,8,,,,,
2014/09/24,07,120,7,,,,,
2014/09/24,08,148,21,,,,,
2014/09/24,09,159,40,,,,,
2014/09/24,10,173,46,,,,,
2014/09/24,11,183,47,,,,,
2014/09/24,12,176,46,,,,,
2014/09/24,13,173,47,,,,,
2014/09/24,14,168,47,,,,,
2014/09/24,15,164,35,,,,,
2014/09/24,16,176,38,,,,,
2014/09/24,17,166,43,,,,,
2014/09/24,18,162,42,,,,,
2014/09/24,19,148,27,,,,,
2014/09/24,20,127,18,,,,,
2014/09/24,21,128,13,,,,,
2014/09/24,22,112,11,,,,,
2014/09/24,23,106,8,,,,,
2014/09/24,24,84,4,,,,,
2014/09/25,01,84,4,,,,,
2014/09/25,02,82,4,,,,,
2014/09/25,03,75,3,,,,,
2014/09/25,04,103,6,,,,,
2014/09/25,05,100,5,,,,,
2014/09/25,06,119,5,,,,,
2014/09/25,07,122,5,,,,,
2014/09/25,08,151,16,,,,,
2014/09/25,09,167,37,,,,,
2014/09/25,10,190,38,,,,,
2014/09/25,11,183,41,,,,,
2014/09/25,12,184,39,,,,,
2014/09/25,13,165,41,,,,,
2014/09/25,14,157,39,,,,,
2014/09/25,15,169,40,,,,,
2014/09/25,16,169,37,,,,,
2014/09/25,17,156,39,,,,,
2014/09/25,18,147,29,,,,,
2014/09/25,19,119,15,,,,,
2014/09/25,20,102,8,,,,,
2014/09/25,21,97,7,,,,,
2014/09/25,22,98,5,,,,,
2014/09/25,23,91,6,,,,,
2014/09/25,24,75,3,,,,,
2014/09/26,01,77,4,,,,,
2014/09/26,02,65,5,,,,,
2014/09/26,03,68,8,,,,,
2014/09/26,04,86,6,,,,,
2014/09/26,05,90,6,,,,,
2014/09/26,06,98,5,,,,,
2014/09/26,07,112,7,,,,,
2014/09/26,08,134,13,,,,,
2014/09/26,09,164,34,,,,,
2014/09/26,10,181,38,,,,,
2014/09/26,11,179,37,,,,,
2014/09/26,12,172,35,,,,,
2014/09/26,13,152,35,,,,,
2014/09/26,14,150,35,,,,,
2014/09/26,15,168,39,,,,,
2014/09/26,16,167,40,,,,,
2014/09/26,17,162,41,,,,,
2014/09/26,18,152,33,,,,,
2014/09/26,19,118,17,,,,,
2014/09/26,20,92,11,,,,,
2014/09/26,21,90,8,,,,,
2014/09/26,22,83,5,,,,,
2014/09/26,23,81,2,,,,,
2014/09/26,24,74,2,,,,,
2014/09/27,01,65,2,,,,,
2014/09/27,02,67,2,,,,,
2014/09/27,03,70,2,,,,,
2014/09/27,04,81,3,,,,,
2014/09/27,05,85,4,,,,,
2014/09/27,06,110,4,,,,,
2014/09/27,07,113,3,,,,,
2014/09/27,08,125,6,,,,,
2014/09/27,09,138,16,,,,,
2014/09/27,10,154,24,,,,,
2014/09/27,11,144,25,,,,,
2014/09/27,12,147,25,,,,,
2014/09/27,13,137,27,,,,,
2014/09/27,14,146,27,,,,,
2014/09/27,15,138,28,,,,,
2014/09/27,16,146,25,,,,,
2014/09/27,17,126,22,,,,,
2014/09/27,18,113,18,,,,,
2014/09/27,19,103,11,,,,,
2014/09/27,20,88,8,,,,,
2014/09/27,21,83,4,,,,,
2014/09/27,22,78,3,,,,,
2014/09/27,23,72,3,,,,,
2014/09/27,24,65,3,,,,,
2014/09/28,01,66,3,,,,,
2014/09/28,02,62,3,,,,,
2014/09/28,03,68,3,,,,,
2014/09/28,04,64,3,,,,,
2014/09/28,05,61,3,,,,,
2014/09/28,06,63,3,,,,,
2014/09/28,07,63,3,,,,,
2014/09/28,08,59,3,,,,,
2014/09/28,09,68,8,,,,,
2014/09/28,10,72,11,,,,,
2014/09/28,11,78,14,,,,,
2014/09/28,12,75,15,,,,,
2014/09/28,13,91,22,,,,,
2014/09/28,14,107,21,,,,,
2014/09/28,15,123,18,,,,,
2014/09/28,16,106,17,,,,,
2014/09/28,17,114,15,,,,,
2014/09/28,18,74,6,,,,,
2014/09/28,19,77,2,,,,,
2014/09/28,20,65,1,,,,,
2014/09/28,21,68,1,,,,,
2014/09/28,22,63,1,,,,,
2014/09/28,23,65,1,,,,,
2014/09/28,24,60,1,,,,,
2014/09/29,01,60,1,,,,,
2014/09/29,02,54,1,,,,,
2014/09/29,03,64,1,,,,,
2014/09/29,04,82,4,,,,,
2014/09/29,05,84,3,,,,,
2014/09/29,06,103,2,,,,,
2014/09/29,07,107,2,,,,,
2014/09/29,08,140,15,,,,,
2014/09/29,09,164,37,,,,,
2014/09/29,10,184,39,,,,,
2014/09/29,11,176,36,,,,,
2014/09/29,12,164,36,,,,,
2014/09/29,13,166,40,,,,,
2014/09/29,14,163,46,,,,,
2014/09/29,15,170,45,,,,,
2014/09/29,16,186,43,,,,,
2014/09/29,17,160,40,,,,,
2014/09/29,18,143,31,,,,,
2014/09/29,19,120,20,,,,,
2014/09/29,20,109,13,,,,,
2014/09/29,21,103,8,,,,,
2014/09/29,22,92,5,,,,,
2014/09/29,23,85,4,,,,,
2014/09/29,24,79,4,,,,,
2014/09/30,01,67,4,,,,,
2014/09/30,02,63,3,,,,,
2014/09/30,03,63,3,,,,,
2014/09/30,04,85,6,,,,,
2014/09/30,05,92,4,,,,,
2014/09/30,06,94,4,,,,,
2014/09/30,07,103,4,,,,,
2014/09/30,08,135,12,,,,,
2014/09/30,09,162,30,,,,,
2014/09/30,10,180,37,,,,,
2014/09/30,11,166,36,,,,,
2014/09/30,12,161,34,,,,,
2014/09/30,13,156,32,,,,,
2014/09/30,14,150,35,,,,,
2014/09/30,15,159,35,,,,,
2014/09/30,16,173,39,,,,,
2014/09/30,17,154,36,,,,,
2014/09/30,18,143,31,,,,,
2014/09/30,19,129,21,,,,,
2014/09/30,20,104,8,,,,,
2014/09/30,21,98,5,,,,,
2014/09/30,22,84,3,,,,,
2014/09/30,23,85,3,,,,,
2014/09/30,24,78,3,,,,,
2014/10/01,01,76,3,,,,,
2014/10/01,02,71,2,,,,,
2014/10/01,03,74,2,,,,,
2014/10/01,04,89,2,,,,,
2014/10/01,05,87,3,,,,,
2014/10/01,06,112,3,,,,,
2014/10/01,07,113,3,,,,,
2014/10/01,08,142,15,,,,,
2014/10/01,09,151,26,,,,,
2014/10/01,10,166,31,,,,,
2014/10/01,11,177,34,,,,,
2014/10/01,12,184,36,,,,,
2014/10/01,13,168,38,,,,,
2014/10/01,14,174,38,,,,,
2014/10/01,15,181,42,,,,,
2014/10/01,16,166,41,,,,,
2014/10/01,17,161,39,,,,,
2014/10/01,18,151,32,,,,,
2014/10/01,19,146,25,,,,,
2014/10/01,20,130,19,,,,,
2014/10/01,21,111,9,,,,,
2014/10/01,22,97,4,,,,,
2014/10/01,23,98,3,,,,,
2014/10/01,24,91,4,,,,,
2014/10/02,01,82,3,,,,,
2014/10/02,02,79,3,,,,,
2014/10/02,03,78,3,,,,,
2014/10/02,04,94,9,,,,,
2014/10/02,05,91,5,,,,,
2014/10/02,06,108,4,,,,,
2014/10/02,07,116,4,,,,,
2014/10/02,08,153,17,,,,,
2014/10/02,09,176,30,,,,,
2014/10/02,10,184,29,,,,,
2014/10/02,11,176,29,,,,,
2014/10/02,12,183,30,,,,,
2014/10/02,13,166,31,,,,,
2014/10/02,14,180,35,,,,,
2014/10/02,15,183,40,,,,,
2014/10/02,16,194,45,,,,,
2014/10/02,17,184,46,,,,,
2014/10/02,18,155,35,,,,,
2014/10/02,19,138,25,,,,,
2014/10/02,20,125,16,,,,,
2014/10/02,21,104,9,,,,,
2014/10/02,22,94,5,,,,,
2014/10/02,23,91,4,,,,,
2014/10/02,24,89,3,,,,,
2014/10/03,01,79,3,,,,,
2014/10/03,02,76,3,,,,,
2014/10/03,03,77,3,,,,,
2014/10/03,04,99,9,,,,,
2014/10/03,05,101,4,,,,,
2014/10/03,06,106,5,,,,,
2014/10/03,07,115,4,,,,,
2014/10/03,08,140,14,,,,,
2014/10/03,09,181,31,,,,,
2014/10/03,10,182,34,,,,,
2014/10/03,11,185,32,,,,,
2014/10/03,12,181,27,,,,,
2014/10/03,13,171,27,,,,,
2014/10/03,14,163,26,,,,,
2014/10/03,15,167,28,,,,,
2014/10/03,16,169,34,,,,,
2014/10/03,17,172,27,,,,,
2014/10/03,18,142,21,,,,,
2014/10/03,19,119,18,,,,,
2014/10/03,20,109,13,,,,,
2014/10/03,21,112,11,,,,,
2014/10/03,22,99,7,,,,,
2014/10/03,23,94,5,,,,,
2014/10/03,24,76,5,,,,,
2014/10/04,01,82,3,,,,,
2014/10/04,02,65,2,,,,,
2014/10/04,03,68,2,,,,,
2014/10/04,04,90,3,,,,,
2014/10/04,05,105,3,,,,,
2014/10/04,06,118,3,,,,,
2014/10/04,07,124,3,,,,,
2014/10/04,08,148,5,,,,,
2014/10/04,09,161,14,,,,,
2014/10/04,10,162,20,,,,,
2014/10/04,11,143,19,,,,,
2014/10/04,12,159,17,,,,,
2014/10/04,13,150,20,,,,,
2014/10/04,14,147,18,,,,,
2014/10/04,15,120,12,,,,,
2014/10/04,16,131,10,,,,,
2014/10/04,17,118,11,,,,,
2014/10/04,18,103,10,,,,,
2014/10/04,19,96,7,,,,,
2014/10/04,20,91,4,,,,,
2014/10/04,21,84,4,,,,,
2014/10/04,22,82,4,,,,,
2014/10/04,23,81,4,,,,,
2014/10/04,24,75,4,,,,,
2014/10/05,01,75,4,,,,,
2014/10/05,02,70,3,,,,,
2014/10/05,03,73,3,,,,,
2014/10/05,04,63,3,,,,,
2014/10/05,05,74,3,,,,,
2014/10/05,06,68,3,,,,,
2014/10/05,07,64,3,,,,,
2014/10/05,08,68,3,,,,,
2014/10/05,09,80,7,,,,,
2014/10/05,10,81,13,,,,,
2014/10/05,11,83,14,,,,,
2014/10/05,12,99,19,,,,,
2014/10/05,13,110,19,,,,,
2014/10/05,14,115,20,,,,,
2014/10/05,15,111,13,,,,,
2014/10/05,16,107,12,,,,,
2014/10/05,17,107,9,,,,,
2014/10/05,18,99,6,,,,,
2014/10/05,19,85,4,,,,,
2014/10/05,20,71,4,,,,,
2014/10/05,21,80,3,,,,,
2014/10/05,22,70,3,,,,,
2014/10/05,23,68,3,,,,,
2014/10/05,24,68,3,,,,,
2014/10/06,01,71,3,,,,,
2014/10/06,02,59,3,,,,,
2014/10/06,03,66,2,,,,,
2014/10/06,04,82,2,,,,,
2014/10/06,05,99,3,,,,,
2014/10/06,06,109,2,,,,,
2014/10/06,07,127,3,,,,,
2014/10/06,08,155,8,,,,,
2014/10/06,09,183,24,,,,,
2014/10/06,10,173,27,,,,,
2014/10/06,11,171,25,,,,,
2014/10/06,12,169,26,,,,,
2014/10/06,13,157,26,,,,,
2014/10/06,14,148,26,,,,,
2014/10/06,15,151,26,,,,,
2014/10/06,16,168,27,,,,,
2014/10/06,17,156,25,,,,,
2014/10/06,18,127,20,,,,,
2014/10/06,19,116,13,,,,,
2014/10/06,20,97,10,,,,,
2014/10/06,21,90,5,,,,,
2014/10/06,22,94,3,,,,,
2014/10/06,23,81,2,,,,,
2014/10/06,24,70,2,,,,,
2014/10/07,01,75,1,,,,,
2014/10/07,02,63,1,,,,,
2014/10/07,03,65,1,,,,,
2014/10/07,04,76,1,,,,,
2014/10/07,05,91,1,,,,,
2014/10/07,06,87,1,,,,,
2014/10/07,07,111,1,,,,,
2014/10/07,08,144,7,,,,,
2014/10/07,09,156,20,,,,,
2014/10/07,10,171,20,,,,,
2014/10/07,11,159,20,,,,,
2014/10/07,12,146,21,,,,,
2014/10/07,13,166,20,,,,,
2014/10/07,14,158,22,,,,,
2014/10/07,15,163,21,,,,,
2014/10/07,16,170,23,,,,,
2014/10/07,17,161,23,,,,,
2014/10/07,18,133,18,,,,,
2014/10/07,19,113,12,,,,,
2014/10/07,20,95,7,,,,,
2014/10/07,21,92,4,,,,,
2014/10/07,22,79,2,,,,,
2014/10/07,23,76,2,,,,,
2014/10/07,24,70,1,,,,,
2014/10/08,01,66,1,,,,,
2014/10/08,02,61,1,,,,,
2014/10/08,03,60,1,,,,,
2014/10/08,04,71,1,,,,,
2014/10/08,05,104,1,,,,,
2014/10/08,06,118,1,,,,,
2014/10/08,07,114,1,,,,,
2014/10/08,08,152,7,,,,,
2014/10/08,09,164,18,,,,,
2014/10/08,10,181,21,,,,,
2014/10/08,11,165,21,,,,,
2014/10/08,12,175,22,,,,,
2014/10/08,13,164,26,,,,,
2014/10/08,14,164,22,,,,,
2014/10/08,15,160,23,,,,,
2014/10/08,16,184,23,,,,,
2014/10/08,17,162,23,,,,,
2014/10/08,18,135,18,,,,,
2014/10/08,19,115,15,,,,,
2014/10/08,20,106,12,,,,,
2014/10/08,21,102,10,,,,,
2014/10/08,22,85,6,,,,,
2014/10/08,23,90,4,,,,,
2014/10/08,24,78,4,,,,,
2014/10/09,01,77,4,,,,,
2014/10/09,02,73,7,,,,,
2014/10/09,03,74,4,,,,,
2014/10/09,04,95,6,,,,,
2014/10/09,05,110,2,,,,,
2014/10/09,06,103,4,,,,,
2014/10/09,07,133,4,,,,,
2014/10/09,08,164,5,,,,,
2014/10/09,09,191,21,,,,,
2014/10/09,10,201,23,,,,,
2014/10/09,11,193,28,,,,,
2014/10/09,12,194,27,,,,,
2014/10/09,13,176,28,,,,,
2014/10/09,14,149,23,,,,,
2014/10/09,15,140,21,,,,,
2014/10/09,16,172,25,,,,,
2014/10/09,17,182,25,,,,,
2014/10/09,18,146,22,,,,,
2014/10/09,19,126,16,,,,,
2014/10/09,20,109,10,,,,,
2014/10/09,21,101,7,,,,,
2014/10/09,22,87,7,,,,,
2014/10/09,23,86,5,,,,,
2014/10/09,24,72,2,,,,,
2014/10/10,01,74,2,,,,,
2014/10/10,02,65,2,,,,,
2014/10/10,03,63,2,,,,,
2014/10/10,04,86,2,,,,,
2014/10/10,05,94,3,,,,,
2014/10/10,06,116,3,,,,,
2014/10/10,07,123,3,,,,,
2014/10/10,08,159,9,,,,,
2014/10/10,09,198,25,,,,,
2014/10/10,10,184,26,,,,,
2014/10/10,11,181,25,,,,,
2014/10/10,12,176,24,,,,,
2014/10/10,13,151,25,,,,,
2014/10/10,14,169,27,,,,,
2014/10/10,15,150,26,,,,,
2014/10/10,16,156,26,,,,,
2014/10/10,17,145,22,,,,,
2014/10/10,18,139,19,,,,,
2014/10/10,19,107,10,,,,,
2014/10/10,20,89,6,,,,,
2014/10/10,21,91,2,,,,,
2014/10/10,22,78,2,,,,,
2014/10/10,23,81,2,,,,,
2014/10/10,24,72,2,,,,,
2014/10/11,01,69,2,,,,,
2014/10/11,02,66,2,,,,,
2014/10/11,03,66,2,,,,,
2014/10/11,04,90,2,,,,,
2014/10/11,05,106,2,,,,,
2014/10/11,06,112,2,,,,,
2014/10/11,07,106,2,,,,,
2014/10/11,08,113,2,,,,,
2014/10/11,09,92,2,,,,,
2014/10/11,10,77,2,,,,,
2014/10/11,11,73,2,,,,,
2014/10/11,12,71,2,,,,,
2014/10/11,13,65,2,,,,,
2014/10/11,14,60,2,,,,,
2014/10/11,15,63,2,,,,,
2014/10/11,16,59,2,,,,,
2014/10/11,17,62,1,,,,,
2014/10/11,18,58,1,,,,,
2014/10/11,19,65,1,,,,,
2014/10/11,20,61,1,,,,,
2014/10/11,21,66,1,,,,,
2014/10/11,22,62,1,,,,,
2014/10/11,23,64,1,,,,,
2014/10/11,24,70,1,,,,,
2014/10/12,01,75,1,,,,,
2014/10/12,02,53,1,,,,,
2014/10/12,03,62,1,,,,,
2014/10/12,04,60,1,,,,,
2014/10/12,05,59,1,,,,,
2014/10/12,06,60,1,,,,,
2014/10/12,07,62,1,,,,,
2014/10/12,08,60,1,,,,,
2014/10/12,09,60,5,,,,,
2014/10/12,10,78,6,,,,,
2014/10/12,11,82,7,,,,,
2014/10/12,12,98,10,,,,,
2014/10/12,13,141,13,,,,,
2014/10/12,14,126,11,,,,,
2014/10/12,15,143,10,,,,,
2014/10/12,16,120,13,,,,,
2014/10/12,17,109,11,,,,,
2014/10/12,18,101,7,,,,,
2014/10/12,19,82,4,,,,,
2014/10/12,20,67,1,,,,,
2014/10/12,21,66,1,,,,,
2014/10/12,22,59,1,,,,,
2014/10/12,23,66,1,,,,,
2014/10/12,24,62,1,,,,,
2014/10/13,01,60,1,,,,,
2014/10/13,02,56,1,,,,,
2014/10/13,03,57,1,,,,,
2014/10/13,04,89,1,,,,,
2014/10/13,05,87,1,,,,,
2014/10/13,06,88,1,,,,,
2014/10/13,07,105,1,,,,,
2014/10/13,08,121,2,,,,,
2014/10/13,09,126,4,,,,,
2014/10/13,10,126,7,,,,,
2014/10/13,11,116,9,,,,,
2014/10/13,12,116,11,,,,,
2014/10/13,13,102,11,,,,,
2014/10/13,14,105,12,,,,,
2014/10/13,15,118,12,,,,,
2014/10/13,16,107,11,,,,,
2014/10/13,17,98,11,,,,,
2014/10/13,18,103,10,,,,,
2014/10/13,19,81,3,,,,,
2014/10/13,20,73,3,,,,,
2014/10/13,21,63,1,,,,,
2014/10/13,22,62,1,,,,,
2014/10/13,23,64,1,,,,,
2014/10/13,24,53,1,,,,,
2014/10/14,01,59,1,,,,,
2014/10/14,02,52,1,,,,,
2014/10/14,03,48,1,,,,,
2014/10/14,04,60,1,,,,,
2014/10/14,05,63,1,,,,,
2014/10/14,06,68,3,,,,,
2014/10/14,07,81,1,,,,,
2014/10/14,08,102,2,,,,,
2014/10/14,09,119,9,,,,,
2014/10/14,10,111,12,,,,,
2014/10/14,11,129,14,,,,,
2014/10/14,12,125,15,,,,,
2014/10/14,13,116,16,,,,,
2014/10/14,14,113,16,,,,,
2014/10/14,15,121,17,,,,,
2014/10/14,16,134,19,,,,,
2014/10/14,17,126,18,,,,,
2014/10/14,18,104,13,,,,,
2014/10/14,19,96,7,,,,,
2014/10/14,20,87,6,,,,,
2014/10/14,21,83,4,,,,,
2014/10/14,22,75,3,,,,,
2014/10/14,23,71,2,,,,,
2014/10/14,24,59,1,,,,,
2014/10/15,01,55,1,,,,,
2014/10/15,02,50,1,,,,,
2014/10/15,03,50,1,,,,,
2014/10/15,04,56,1,,,,,
2014/10/15,05,71,1,,,,,
2014/10/15,06,70,1,,,,,
2014/10/15,07,82,1,,,,,
2014/10/15,08,106,2,,,,,
2014/10/15,09,116,11,,,,,
2014/10/15,10,112,15,,,,,
2014/10/15,11,121,15,,,,,
2014/10/15,12,111,17,,,,,
2014/10/15,13,121,16,,,,,
2014/10/15,14,107,16,,,,,
2014/10/15,15,108,21,,,,,
2014/10/15,16,121,20,,,,,
2014/10/15,17,130,20,,,,,
2014/10/15,18,110,16,,,,,
2014/10/15,19,93,8,,,,,
2014/10/15,20,89,7,,,,,
2014/10/15,21,87,5,,,,,
2014/10/15,22,68,1,,,,,
2014/10/15,23,67,1,,,,,
2014/10/15,24,61,1,,,,,
2014/10/16,01,62,1,,,,,
2014/10/16,02,56,1,,,,,
2014/10/16,03,61,1,,,,,
2014/10/16,04,70,1,,,,,
2014/10/16,05,76,1,,,,,
2014/10/16,06,79,1,,,,,
2014/10/16,07,104,1,,,,,
2014/10/16,08,126,4,,,,,
2014/10/16,09,145,9,,,,,
2014/10/16,10,148,14,,,,,
2014/10/16,11,142,17,,,,,
2014/10/16,12,131,18,,,,,
2014/10/16,13,135,16,,,,,
2014/10/16,14,154,17,,,,,
2014/10/16,15,134,17,,,,,
2014/10/16,16,140,18,,,,,
2014/10/16,17,142,19,,,,,
2014/10/16,18,124,13,,,,,
2014/10/16,19,107,6,,,,,
2014/10/16,20,95,5,,,,,
2014/10/16,21,85,3,,,,,
2014/10/16,22,73,1,,,,,
2014/10/16,23,74,1,,,,,
2014/10/16,24,67,1,,,,,
2014/10/17,01,71,1,,,,,
2014/10/17,02,62,1,,,,,
2014/10/17,03,60,1,,,,,
2014/10/17,04,73,1,,,,,
2014/10/17,05,68,1,,,,,
2014/10/17,06,72,1,,,,,
2014/10/17,07,90,1,,,,,
2014/10/17,08,109,3,,,,,
2014/10/17,09,126,10,,,,,
2014/10/17,10,122,13,,,,,
2014/10/17,11,129,16,,,,,
2014/10/17,12,123,14,,,,,
2014/10/17,13,125,15,,,,,
2014/10/17,14,119,18,,,,,
2014/10/17,15,118,22,,,,,
2014/10/17,16,140,23,,,,,
2014/10/17,17,134,20,,,,,
2014/10/17,18,103,15,,,,,
2014/10/17,19,104,12,,,,,
2014/10/17,20,93,6,,,,,
2014/10/17,21,81,4,,,,,
2014/10/17,22,77,3,,,,,
2014/10/17,23,69,2,,,,,
2014/10/17,24,60,1,,,,,
2014/10/18,01,64,1,,,,,
2014/10/18,02,60,1,,,,,
2014/10/18,03,59,1,,,,,
2014/10/18,04,60,1,,,,,
2014/10/18,05,74,1,,,,,
2014/10/18,06,91,1,,,,,
2014/10/18,07,100,1,,,,,
2014/10/18,08,113,1,,,,,
2014/10/18,09,119,6,,,,,
2014/10/18,10,117,8,,,,,
2014/10/18,11,110,8,,,,,
2014/10/18,12,111,8,,,,,
2014/10/18,13,110,12,,,,,
2014/10/18,14,126,13,,,,,
2014/10/18,15,117,14,,,,,
2014/10/18,16,117,16,,,,,
2014/10/18,17,113,15,,,,,
2014/10/18,18,99,10,,,,,
2014/10/18,19,90,5,,,,,
2014/10/18,20,78,5,,,,,
2014/10/18,21,75,3,,,,,
2014/10/18,22,69,2,,,,,
2014/10/18,23,65,2,,,,,
2014/10/18,24,61,2,,,,,
2014/10/19,01,62,1,,,,,
2014/10/19,02,53,1,,,,,
2014/10/19,03,53,1,,,,,
2014/10/19,04,51,1,,,,,
2014/10/19,05,54,1,,,,,
2014/10/19,06,52,1,,,,,
2014/10/19,07,49,1,,,,,
2014/10/19,08,50,1,,,,,
2014/10/19,09,64,5,,,,,
2014/10/19,10,61,7,,,,,
2014/10/19,11,65,7,,,,,
2014/10/19,12,67,6,,,,,
2014/10/19,13,87,9,,,,,
2014/10/19,14,94,10,,,,,
2014/10/19,15,89,6,,,,,
2014/10/19,16,92,8,,,,,
2014/10/19,17,94,8,,,,,
2014/10/19,18,72,7,,,,,
2014/10/19,19,70,6,,,,,
2014/10/19,20,57,5,,,,,
2014/10/19,21,69,5,,,,,
2014/10/19,22,60,4,,,,,
2014/10/19,23,60,3,,,,,
2014/10/19,24,55,2,,,,,
2014/10/20,01,59,1,,,,,
2014/10/20,02,53,1,,,,,
2014/10/20,03,55,1,,,,,
2014/10/20,04,70,1,,,,,
2014/10/20,05,76,1,,,,,
2014/10/20,06,83,1,,,,,
2014/10/20,07,102,1,,,,,
2014/10/20,08,138,7,,,,,
2014/10/20,09,172,18,,,,,
2014/10/20,10,165,21,,,,,
2014/10/20,11,177,20,,,,,
2014/10/20,12,168,22,,,,,
2014/10/20,13,159,23,,,,,
2014/10/20,14,183,27,,,,,
2014/10/20,15,166,30,,,,,
2014/10/20,16,173,29,,,,,
2014/10/20,17,154,28,,,,,
2014/10/20,18,128,20,,,,,
2014/10/20,19,108,15,,,,,
2014/10/20,20,99,9,,,,,
2014/10/20,21,97,7,,,,,
2014/10/20,22,83,5,,,,,
2014/10/20,23,75,3,,,,,
2014/10/20,24,66,2,,,,,
2014/10/21,01,60,1,,,,,
2014/10/21,02,55,1,,,,,
2014/10/21,03,59,1,,,,,
2014/10/21,04,71,1,,,,,
2014/10/21,05,86,1,,,,,
2014/10/21,06,87,1,,,,,
2014/10/21,07,105,1,,,,,
2014/10/21,08,135,6,,,,,
2014/10/21,09,169,17,,,,,
2014/10/21,10,161,22,,,,,
2014/10/21,11,164,26,,,,,
2014/10/21,12,151,26,,,,,
2014/10/21,13,153,27,,,,,
2014/10/21,14,153,26,,,,,
2014/10/21,15,157,29,,,,,
2014/10/21,16,179,26,,,,,
2014/10/21,17,151,26,,,,,
2014/10/21,18,132,21,,,,,
2014/10/21,19,109,13,,,,,
2014/10/21,20,96,9,,,,,
2014/10/21,21,93,7,,,,,
2014/10/21,22,81,6,,,,,
2014/10/21,23,82,5,,,,,
2014/10/21,24,67,5,,,,,
2014/10/22,01,65,2,,,,,
2014/10/22,02,57,1,,,,,
2014/10/22,03,59,1,,,,,
2014/10/22,04,71,1,,,,,
2014/10/22,05,104,1,,,,,
2014/10/22,06,109,1,,,,,
2014/10/22,07,111,1,,,,,
2014/10/22,08,143,4,,,,,
2014/10/22,09,172,22,,,,,
2014/10/22,10,165,25,,,,,
2014/10/22,11,166,28,,,,,
2014/10/22,12,142,25,,,,,
2014/10/22,13,147,19,,,,,
2014/10/22,14,141,19,,,,,
2014/10/22,15,131,22,,,,,
2014/10/22,16,131,19,,,,,
2014/10/22,17,140,18,,,,,
2014/10/22,18,116,16,,,,,
2014/10/22,19,115,13,,,,,
2014/10/22,20,97,8,,,,,
2014/10/22,21,96,4,,,,,
2014/10/22,22,91,2,,,,,
2014/10/22,23,93,2,,,,,
2014/10/22,24,80,1,,,,,
2014/10/23,01,78,1,,,,,
2014/10/23,02,72,1,,,,,
2014/10/23,03,73,1,,,,,
2014/10/23,04,86,1,,,,,
2014/10/23,05,105,1,,,,,
2014/10/23,06,108,1,,,,,
2014/10/23,07,117,1,,,,,
2014/10/23,08,136,4,,,,,
2014/10/23,09,149,15,,,,,
2014/10/23,10,162,19,,,,,
2014/10/23,11,152,19,,,,,
2014/10/23,12,152,18,,,,,
2014/10/23,13,157,21,,,,,
2014/10/23,14,167,21,,,,,
2014/10/23,15,157,21,,,,,
2014/10/23,16,172,23,,,,,
2014/10/23,17,154,23,,,,,
2014/10/23,18,127,20,,,,,
2014/10/23,19,109,9,,,,,
2014/10/23,20,97,5,,,,,
2014/10/23,21,90,3,,,,,
2014/10/23,22,80,2,,,,,
2014/10/23,23,77,2,,,,,
2014/10/23,24,75,1,,,,,
2014/10/24,01,69,1,,,,,
2014/10/24,02,58,1,,,,,
2014/10/24,03,62,1,,,,,
2014/10/24,04,72,1,,,,,
2014/10/24,05,90,1,,,,,
2014/10/24,06,96,1,,,,,
2014/10/24,07,105,1,,,,,
2014/10/24,08,130,4,,,,,
2014/10/24,09,159,14,,,,,
2014/10/24,10,156,18,,,,,
2014/10/24,11,146,19,,,,,
2014/10/24,12,154,22,,,,,
2014/10/24,13,151,21,,,,,
2014/10/24,14,150,22,,,,,
2014/10/24,15,149,27,,,,,
2014/10/24,16,170,25,,,,,
2014/10/24,17,159,24,,,,,
2014/10/24,18,126,19,,,,,
2014/10/24,19,110,10,,,,,
2014/10/24,20,98,8,,,,,
2014/10/24,21,89,4,,,,,
2014/10/24,22,80,5,,,,,
2014/10/24,23,83,2,,,,,
2014/10/24,24,77,2,,,,,
2014/10/25,01,77,2,,,,,
2014/10/25,02,71,1,,,,,
2014/10/25,03,68,1,,,,,
2014/10/25,04,85,1,,,,,
2014/10/25,05,109,1,,,,,
2014/10/25,06,117,1,,,,,
2014/10/25,07,122,1,,,,,
2014/10/25,08,132,1,,,,,
2014/10/25,09,149,4,,,,,
2014/10/25,10,146,11,,,,,
2014/10/25,11,138,11,,,,,
2014/10/25,12,124,13,,,,,
2014/10/25,13,122,14,,,,,
2014/10/25,14,143,19,,,,,
2014/10/25,15,136,17,,,,,
2014/10/25,16,119,14,,,,,
2014/10/25,17,119,12,,,,,
2014/10/25,18,98,8,,,,,
2014/10/25,19,95,7,,,,,
2014/10/25,20,75,5,,,,,
2014/10/25,21,78,4,,,,,
2014/10/25,22,67,2,,,,,
2014/10/25,23,61,2,,,,,
2014/10/25,24,61,2,,,,,
2014/10/26,01,64,2,,,,,
2014/10/26,02,58,2,,,,,
2014/10/26,03,54,2,,,,,
2014/10/26,04,56,2,,,,,
2014/10/26,05,55,2,,,,,
2014/10/26,06,53,2,,,,,
2014/10/26,07,57,2,,,,,
2014/10/26,08,53,2,,,,,
2014/10/26,09,61,2,,,,,
2014/10/26,10,61,3,,,,,
2014/10/26,11,63,3,,,,,
2014/10/26,12,68,6,,,,,
2014/10/26,13,96,10,,,,,
2014/10/26,14,108,13,,,,,
2014/10/26,15,115,11,,,,,
2014/10/26,16,94,8,,,,,
2014/10/26,17,104,6,,,,,
2014/10/26,18,101,11,,,,,
2014/10/26,19,89,10,,,,,
2014/10/26,20,77,10,,,,,
2014/10/26,21,77,7,,,,,
2014/10/26,22,70,6,,,,,
2014/10/26,23,66,3,,,,,
2014/10/26,24,63,1,,,,,
2014/10/27,01,73,1,,,,,
2014/10/27,02,65,1,,,,,
2014/10/27,03,68,1,,,,,
2014/10/27,04,88,1,,,,,
2014/10/27,05,105,1,,,,,
2014/10/27,06,103,1,,,,,
2014/10/27,07,124,1,,,,,
2014/10/27,08,161,7,,,,,
2014/10/27,09,166,16,,,,,
2014/10/27,10,161,21,,,,,
2014/10/27,11,169,20,,,,,
2014/10/27,12,163,21,,,,,
2014/10/27,13,150,19,,,,,
2014/10/27,14,146,20,,,,,
2014/10/27,15,164,23,,,,,
2014/10/27,16,155,22,,,,,
2014/10/27,17,140,19,,,,,
2014/10/27,18,120,16,,,,,
2014/10/27,19,115,13,,,,,
2014/10/27,20,105,9,,,,,
2014/10/27,21,96,6,,,,,
2014/10/27,22,90,5,,,,,
2014/10/27,23,83,4,,,,,
2014/10/27,24,73,2,,,,,
2014/10/28,01,65,1,,,,,
2014/10/28,02,65,1,,,,,
2014/10/28,03,67,1,,,,,
2014/10/28,04,76,1,,,,,
2014/10/28,05,88,1,,,,,
2014/10/28,06,86,1,,,,,
2014/10/28,07,102,1,,,,,
2014/10/28,08,126,3,,,,,
2014/10/28,09,136,11,,,,,
2014/10/28,10,137,15,,,,,
2014/10/28,11,142,17,,,,,
2014/10/28,12,134,18,,,,,
2014/10/28,13,127,19,,,,,
2014/10/28,14,147,17,,,,,
2014/10/28,15,140,19,,,,,
2014/10/28,16,164,21,,,,,
2014/10/28,17,153,20,,,,,
2014/10/28,18,129,15,,,,,
2014/10/28,19,104,8,,,,,
2014/10/28,20,96,4,,,,,
2014/10/28,21,102,4,,,,,
2014/10/28,22,91,2,,,,,
2014/10/28,23,85,2,,,,,
2014/10/28,24,77,2,,,,,
2014/10/29,01,69,1,,,,,
2014/10/29,02,64,1,,,,,
2014/10/29,03,67,1,,,,,
2014/10/29,04,80,1,,,,,
2014/10/29,05,87,1,,,,,
2014/10/29,06,102,1,,,,,
2014/10/29,07,108,1,,,,,
2014/10/29,08,127,2,,,,,
2014/10/29,09,126,10,,,,,
2014/10/29,10,124,15,,,,,
2014/10/29,11,146,19,,,,,
2014/10/29,12,142,19,,,,,
2014/10/29,13,132,18,,,,,
2014/10/29,14,132,17,,,,,
2014/10/29,15,153,21,,,,,
2014/10/29,16,140,20,,,,,
2014/10/29,17,130,20,,,,,
2014/10/29,18,108,11,,,,,
2014/10/29,19,93,7,,,,,
2014/10/29,20,87,5,,,,,
2014/10/29,21,82,4,,,,,
2014/10/29,22,80,3,,,,,
2014/10/29,23,72,2,,,,,
2014/10/29,24,62,2,,,,,
2014/10/30,01,65,1,,,,,
2014/10/30,02,59,1,,,,,
2014/10/30,03,62,1,,,,,
2014/10/30,04,75,1,,,,,
2014/10/30,05,80,1,,,,,
2014/10/30,06,82,1,,,,,
2014/10/30,07,107,1,,,,,
2014/10/30,08,118,1,,,,,
2014/10/30,09,138,10,,,,,
2014/10/30,10,148,13,,,,,
2014/10/30,11,140,13,,,,,
2014/10/30,12,131,14,,,,,
2014/10/30,13,119,17,,,,,
2014/10/30,14,139,22,,,,,
2014/10/30,15,139,20,,,,,
2014/10/30,16,147,19,,,,,
2014/10/30,17,127,16,,,,,
2014/10/30,18,103,11,,,,,
2014/10/30,19,96,9,,,,,
2014/10/30,20,85,5,,,,,
2014/10/30,21,84,4,,,,,
2014/10/30,22,71,3,,,,,
2014/10/30,23,64,3,,,,,
2014/10/30,24,57,3,,,,,
2014/10/31,01,56,1,,,,,
2014/10/31,02,53,1,,,,,
2014/10/31,03,56,1,,,,,
2014/10/31,04,67,1,,,,,
2014/10/31,05,86,1,,,,,
2014/10/31,06,98,1,,,,,
2014/10/31,07,109,1,,,,,
2014/10/31,08,130,5,,,,,
2014/10/31,09,130,15,,,,,
2014/10/31,10,148,22,,,,,
2014/10/31,11,150,23,,,,,
2014/10/31,12,139,22,,,,,
2014/10/31,13,139,24,,,,,
2014/10/31,14,154,26,,,,,
2014/10/31,15,158,29,,,,,
2014/10/31,16,178,33,,,,,
2014/10/31,17,173,28,,,,,
2014/10/31,18,133,22,,,,,
2014/10/31,19,116,13,,,,,
2014/10/31,20,105,9,,,,,
2014/10/31,21,100,9,,,,,
2014/10/31,22,96,8,,,,,
2014/10/31,23,78,4,,,,,
2014/10/31,24,72,2,,,,,
2014/11/01,01,69,2,,,,,
2014/11/01,02,70,2,,,,,
2014/11/01,03,75,2,,,,,
2014/11/01,04,82,2,,,,,
2014/11/01,05,122,2,,,,,
2014/11/01,06,133,2,,,,,
2014/11/01,07,129,2,,,,,
2014/11/01,08,149,3,,,,,
2014/11/01,09,147,8,,,,,
2014/11/01,10,159,20,,,,,
2014/11/01,11,171,19,,,,,
2014/11/01,12,166,25,,,,,
2014/11/01,13,159,25,,,,,
2014/11/01,14,171,25,,,,,
2014/11/01,15,158,27,,,,,
2014/11/01,16,158,25,,,,,
2014/11/01,17,136,24,,,,,
2014/11/01,18,129,17,,,,,
2014/11/01,19,96,10,,,,,
2014/11/01,20,73,6,,,,,
2014/11/01,21,70,1,,,,,
2014/11/01,22,63,1,,,,,
2014/11/01,23,63,1,,,,,
2014/11/01,24,62,1,,,,,
2014/11/02,01,62,1,,,,,
2014/11/02,02,55,1,,,,,
2014/11/02,03,54,1,,,,,
2014/11/02,04,47,1,,,,,
2014/11/02,05,54,1,,,,,
2014/11/02,06,53,1,,,,,
2014/11/02,07,54,1,,,,,
2014/11/02,08,44,1,,,,,
2014/11/02,09,64,6,,,,,
2014/11/02,10,67,7,,,,,
2014/11/02,11,78,14,,,,,
2014/11/02,12,79,14,,,,,
2014/11/02,13,109,16,,,,,
2014/11/02,14,86,12,,,,,
2014/11/02,15,101,9,,,,,
2014/11/02,16,86,7,,,,,
2014/11/02,17,82,3,,,,,
2014/11/02,18,74,3,,,,,
2014/11/02,19,68,1,,,,,
2014/11/02,20,57,1,,,,,
2014/11/02,21,59,1,,,,,
2014/11/02,22,54,1,,,,,
2014/11/02,23,55,1,,,,,
2014/11/02,24,47,1,,,,,
2014/11/03,01,55,1,,,,,
2014/11/03,02,51,1,,,,,
2014/11/03,03,49,1,,,,,
2014/11/03,04,59,1,,,,,
2014/11/03,05,64,1,,,,,
2014/11/03,06,74,1,,,,,
2014/11/03,07,84,1,,,,,
2014/11/03,08,90,1,,,,,
2014/11/03,09,92,1,,,,,
2014/11/03,10,90,1,,,,,
2014/11/03,11,96,3,,,,,
2014/11/03,12,110,2,,,,,
2014/11/03,13,109,6,,,,,
2014/11/03,14,107,8,,,,,
2014/11/03,15,109,10,,,,,
2014/11/03,16,109,6,,,,,
2014/11/03,17,95,4,,,,,
2014/11/03,18,84,2,,,,,
2014/11/03,19,84,1,,,,,
2014/11/03,20,77,1,,,,,
2014/11/03,21,73,1,,,,,
2014/11/03,22,68,1,,,,,
2014/11/03,23,69,1,,,,,
2014/11/03,24,63,1,,,,,
2014/11/04,01,60,1,,,,,
2014/11/04,02,60,1,,,,,
2014/11/04,03,63,1,,,,,
2014/11/04,04,66,1,,,,,
2014/11/04,05,74,1,,,,,
2014/11/04,06,72,1,,,,,
2014/11/04,07,80,1,,,,,
2014/11/04,08,102,1,,,,,
2014/11/04,09,113,4,,,,,
2014/11/04,10,109,8,,,,,
2014/11/04,11,112,11,,,,,
2014/11/04,12,99,10,,,,,
2014/11/04,13,98,9,,,,,
2014/11/04,14,104,11,,,,,
2014/11/04,15,109,13,,,,,
2014/11/04,16,112,11,,,,,
2014/11/04,17,97,10,,,,,
2014/11/04,18,85,7,,,,,
2014/11/04,19,82,6,,,,,
2014/11/04,20,77,2,,,,,
2014/11/04,21,74,1,,,,,
2014/11/04,22,62,1,,,,,
2014/11/04,23,61,1,,,,,
2014/11/04,24,46,1,,,,,
2014/11/05,01,50,1,,,,,
2014/11/05,02,40,1,,,,,
2014/11/05,03,43,1,,,,,
2014/11/05,04,49,1,,,,,
2014/11/05,05,57,1,,,,,
2014/11/05,06,60,1,,,,,
2014/11/05,07,76,1,,,,,
2014/11/05,08,95,1,,,,,
2014/11/05,09,102,4,,,,,
2014/11/05,10,98,7,,,,,
2014/11/05,11,99,7,,,,,
2014/11/05,12,98,9,,,,,
2014/11/05,13,87,8,,,,,
2014/11/05,14,88,12,,,,,
2014/11/05,15,102,16,,,,,
2014/11/05,16,111,17,,,,,
2014/11/05,17,109,16,,,,,
2014/11/05,18,89,11,,,,,
2014/11/05,19,78,6,,,,,
2014/11/05,20,74,3,,,,,
2014/11/05,21,71,2,,,,,
2014/11/05,22,64,2,,,,,
2014/11/05,23,65,2,,,,,
2014/11/05,24,52,1,,,,,
2014/11/06,01,47,1,,,,,
2014/11/06,02,41,1,,,,,
2014/11/06,03,48,1,,,,,
2014/11/06,04,47,1,,,,,
2014/11/06,05,59,1,,,,,
2014/11/06,06,68,1,,,,,
2014/11/06,07,70,1,,,,,
2014/11/06,08,94,1,,,,,
2014/11/06,09,104,5,,,,,
2014/11/06,10,99,7,,,,,
2014/11/06,11,107,10,,,,,
2014/11/06,12,102,11,,,,,
2014/11/06,13,91,9,,,,,
2014/11/06,14,90,12,,,,,
2014/11/06,15,95,15,,,,,
2014/11/06,16,101,16,,,,,
2014/11/06,17,104,15,,,,,
2014/11/06,18,86,12,,,,,
2014/11/06,19,81,9,,,,,
2014/11/06,20,76,5,,,,,
2014/11/06,21,75,5,,,,,
2014/11/06,22,65,3,,,,,
2014/11/06,23,58,2,,,,,
2014/11/06,24,52,1,,,,,
2014/11/07,01,48,1,,,,,
2014/11/07,02,41,1,,,,,
2014/11/07,03,47,1,,,,,
2014/11/07,04,51,1,,,,,
2014/11/07,05,55,1,,,,,
2014/11/07,06,65,1,,,,,
2014/11/07,07,77,1,,,,,
2014/11/07,08,92,2,,,,,
2014/11/07,09,94,7,,,,,
2014/11/07,10,106,10,,,,,
2014/11/07,11,105,13,,,,,
2014/11/07,12,102,12,,,,,
2014/11/07,13,97,11,,,,,
2014/11/07,14,89,12,,,,,
2014/11/07,15,97,13,,,,,
2014/11/07,16,114,14,,,,,
2014/11/07,17,112,15,,,,,
2014/11/07,18,94,12,,,,,
2014/11/07,19,90,6,,,,,
2014/11/07,20,78,5,,,,,
2014/11/07,21,74,2,,,,,
2014/11/07,22,70,2,,,,,
2014/11/07,23,62,1,,,,,
2014/11/07,24,55,1,,,,,
2014/11/08,01,53,1,,,,,
2014/11/08,02,47,1,,,,,
2014/11/08,03,55,1,,,,,
2014/11/08,04,58,1,,,,,
2014/11/08,05,79,1,,,,,
2014/11/08,06,87,1,,,,,
2014/11/08,07,94,1,,,,,
2014/11/08,08,100,1,,,,,
2014/11/08,09,110,3,,,,,
2014/11/08,10,99,5,,,,,
2014/11/08,11,93,8,,,,,
2014/11/08,12,111,7,,,,,
2014/11/08,13,101,6,,,,,
2014/11/08,14,94,6,,,,,
2014/11/08,15,103,5,,,,,
2014/11/08,16,122,5,,,,,
2014/11/08,17,112,10,,,,,
2014/11/08,18,106,6,,,,,
2014/11/08,19,91,3,,,,,
2014/11/08,20,81,4,,,,,
2014/11/08,21,78,1,,,,,
2014/11/08,22,74,3,,,,,
2014/11/08,23,72,1,,,,,
2014/11/08,24,69,1,,,,,
2014/11/09,01,71,1,,,,,
2014/11/09,02,64,1,,,,,
2014/11/09,03,69,1,,,,,
2014/11/09,04,62,1,,,,,
2014/11/09,05,64,1,,,,,
2014/11/09,06,66,1,,,,,
2014/11/09,07,67,1,,,,,
2014/11/09,08,64,1,,,,,
2014/11/09,09,67,1,,,,,
2014/11/09,10,67,2,,,,,
2014/11/09,11,71,5,,,,,
2014/11/09,12,72,6,,,,,
2014/11/09,13,90,9,,,,,
2014/11/09,14,100,8,,,,,
2014/11/09,15,98,7,,,,,
2014/11/09,16,89,9,,,,,
2014/11/09,17,86,9,,,,,
2014/11/09,18,81,7,,,,,
2014/11/09,19,79,7,,,,,
2014/11/09,20,72,6,,,,,
2014/11/09,21,73,5,,,,,
2014/11/09,22,71,1,,,,,
2014/11/09,23,64,1,,,,,
2014/11/09,24,63,1,,,,,
2014/11/10,01,64,1,,,,,
2014/11/10,02,67,1,,,,,
2014/11/10,03,66,1,,,,,
2014/11/10,04,72,1,,,,,
2014/11/10,05,79,1,,,,,
2014/11/10,06,84,1,,,,,
2014/11/10,07,101,1,,,,,
2014/11/10,08,118,2,,,,,
2014/11/10,09,116,7,,,,,
2014/11/10,10,110,9,,,,,
2014/11/10,11,108,8,,,,,
2014/11/10,12,115,11,,,,,
2014/11/10,13,106,11,,,,,
2014/11/10,14,100,13,,,,,
2014/11/10,15,103,15,,,,,
2014/11/10,16,118,15,,,,,
2014/11/10,17,108,14,,,,,
2014/11/10,18,93,10,,,,,
2014/11/10,19,93,7,,,,,
2014/11/10,20,78,4,,,,,
2014/11/10,21,77,3,,,,,
2014/11/10,22,74,2,,,,,
2014/11/10,23,71,2,,,,,
2014/11/10,24,61,2,,,,,
2014/11/11,01,61,1,,,,,
2014/11/11,02,49,1,,,,,
2014/11/11,03,51,1,,,,,
2014/11/11,04,56,1,,,,,
2014/11/11,05,62,1,,,,,
2014/11/11,06,74,1,,,,,
2014/11/11,07,83,1,,,,,
2014/11/11,08,99,1,,,,,
2014/11/11,09,112,6,,,,,
2014/11/11,10,109,10,,,,,
2014/11/11,11,111,8,,,,,
2014/11/11,12,98,8,,,,,
2014/11/11,13,95,8,,,,,
2014/11/11,14,94,13,,,,,
2014/11/11,15,101,12,,,,,
2014/11/11,16,110,10,,,,,
2014/11/11,17,110,9,,,,,
2014/11/11,18,87,6,,,,,
2014/11/11,19,85,6,,,,,
2014/11/11,20,83,4,,,,,
2014/11/11,21,87,4,,,,,
2014/11/11,22,70,2,,,,,
2014/11/11,23,68,2,,,,,
2014/11/11,24,65,2,,,,,
2014/11/12,01,66,2,,,,,
2014/11/12,02,51,2,,,,,
2014/11/12,03,56,1,,,,,
2014/11/12,04,61,1,,,,,
2014/11/12,05,72,1,,,,,
2014/11/12,06,78,1,,,,,
2014/11/12,07,85,1,,,,,
2014/11/12,08,105,1,,,,,
2014/11/12,09,97,2,,,,,
2014/11/12,10,92,7,,,,,
2014/11/12,11,95,5,,,,,
2014/11/12,12,89,8,,,,,
2014/11/12,13,91,9,,,,,
2014/11/12,14,88,8,,,,,
2014/11/12,15,97,8,,,,,
2014/11/12,16,100,7,,,,,
2014/11/12,17,95,7,,,,,
2014/11/12,18,90,6,,,,,
2014/11/12,19,87,3,,,,,
2014/11/12,20,77,1,,,,,
2014/11/12,21,80,1,,,,,
2014/11/12,22,63,1,,,,,
2014/11/12,23,60,1,,,,,
2014/11/12,24,51,1,,,,,
2014/11/13,01,60,1,,,,,
2014/11/13,02,50,1,,,,,
2014/11/13,03,54,1,,,,,
2014/11/13,04,55,1,,,,,
2014/11/13,05,71,1,,,,,
2014/11/13,06,68,1,,,,,
2014/11/13,07,79,1,,,,,
2014/11/13,08,98,1,,,,,
2014/11/13,09,105,2,,,,,
2014/11/13,10,101,3,,,,,
2014/11/13,11,111,4,,,,,
2014/11/13,12,101,4,,,,,
2014/11/13,13,92,4,,,,,
2014/11/13,14,94,6,,,,,
2014/11/13,15,103,6,,,,,
2014/11/13,16,105,6,,,,,
2014/11/13,17,108,5,,,,,
2014/11/13,18,85,3,,,,,
2014/11/13,19,85,2,,,,,
2014/11/13,20,83,1,,,,,
2014/11/13,21,77,1,,,,,
2014/11/13,22,70,2,,,,,
2014/11/13,23,66,1,,,,,
2014/11/13,24,57,1,,,,,
2014/11/14,01,56,1,,,,,
2014/11/14,02,53,1,,,,,
2014/11/14,03,52,1,,,,,
2014/11/14,04,59,1,,,,,
2014/11/14,05,63,1,,,,,
2014/11/14,06,70,1,,,,,
2014/11/14,07,79,1,,,,,
2014/11/14,08,92,1,,,,,
2014/11/14,09,98,2,,,,,
2014/11/14,10,95,2,,,,,
2014/11/14,11,101,2,,,,,
2014/11/14,12,94,2,,,,,
2014/11/14,13,94,3,,,,,
2014/11/14,14,86,3,,,,,
2014/11/14,15,98,5,,,,,
2014/11/14,16,104,5,,,,,
2014/11/14,17,100,5,,,,,
2014/11/14,18,81,2,,,,,
2014/11/14,19,77,1,,,,,
2014/11/14,20,69,1,,,,,
2014/11/14,21,65,1,,,,,
2014/11/14,22,63,1,,,,,
2014/11/14,23,62,1,,,,,
2014/11/14,24,50,1,,,,,
2014/11/15,01,53,1,,,,,
2014/11/15,02,47,1,,,,,
2014/11/15,03,52,1,,,,,
2014/11/15,04,55,1,,,,,
2014/11/15,05,65,1,,,,,
2014/11/15,06,71,1,,,,,
2014/11/15,07,76,1,,,,,
2014/11/15,08,85,1,,,,,
2014/11/15,09,84,1,,,,,
2014/11/15,10,74,2,,,,,
2014/11/15,11,76,2,,,,,
2014/11/15,12,88,2,,,,,
2014/11/15,13,79,2,,,,,
2014/11/15,14,76,2,,,,,
2014/11/15,15,72,1,,,,,
2014/11/15,16,77,3,,,,,
2014/11/15,17,71,4,,,,,
2014/11/15,18,72,2,,,,,
2014/11/15,19,70,2,,,,,
2014/11/15,20,65,1,,,,,
2014/11/15,21,61,1,,,,,
2014/11/15,22,57,1,,,,,
2014/11/15,23,54,1,,,,,
2014/11/15,24,53,1,,,,,
2014/11/16,01,51,1,,,,,
2014/11/16,02,48,1,,,,,
2014/11/16,03,45,1,,,,,
2014/11/16,04,46,1,,,,,
2014/11/16,05,47,1,,,,,
2014/11/16,06,44,1,,,,,
2014/11/16,07,50,1,,,,,
2014/11/16,08,45,1,,,,,
2014/11/16,09,48,1,,,,,
2014/11/16,10,46,2,,,,,
2014/11/16,11,53,3,,,,,
2014/11/16,12,53,2,,,,,
2014/11/16,13,66,4,,,,,
2014/11/16,14,64,4,,,,,
2014/11/16,15,64,4,,,,,
2014/11/16,16,63,5,,,,,
2014/11/16,17,62,3,,,,,
2014/11/16,18,62,4,,,,,
2014/11/16,19,65,2,,,,,
2014/11/16,20,55,1,,,,,
2014/11/16,21,58,1,,,,,
2014/11/16,22,48,1,,,,,
2014/11/16,23,52,1,,,,,
2014/11/16,24,49,1,,,,,
2014/11/17,01,51,1,,,,,
2014/11/17,02,46,1,,,,,
2014/11/17,03,47,1,,,,,
2014/11/17,04,56,1,,,,,
2014/11/17,05,70,1,,,,,
2014/11/17,06,62,1,,,,,
2014/11/17,07,83,1,,,,,
2014/11/17,08,106,1,,,,,
2014/11/17,09,114,4,,,,,
2014/11/17,10,105,7,,,,,
2014/11/17,11,108,6,,,,,
2014/11/17,12,120,8,,,,,
2014/11/17,13,98,9,,,,,
2014/11/17,14,94,8,,,,,
2014/11/17,15,104,7,,,,,
2014/11/17,16,108,9,,,,,
2014/11/17,17,107,8,,,,,
2014/11/17,18,92,5,,,,,
2014/11/17,19,81,4,,,,,
2014/11/17,20,75,2,,,,,
2014/11/17,21,72,1,,,,,
2014/11/17,22,66,1,,,,,
2014/11/17,23,59,1,,,,,
2014/11/17,24,60,1,,,,,
2014/11/18,01,59,1,,,,,
2014/11/18,02,50,1,,,,,
2014/11/18,03,51,1,,,,,
2014/11/18,04,60,1,,,,,
2014/11/18,05,66,1,,,,,
2014/11/18,06,69,1,,,,,
2014/11/18,07,79,1,,,,,
2014/11/18,08,97,1,,,,,
2014/11/18,09,104,3,,,,,
2014/11/18,10,99,3,,,,,
2014/11/18,11,109,4,,,,,
2014/11/18,12,100,4,,,,,
2014/11/18,13,82,4,,,,,
2014/11/18,14,86,4,,,,,
2014/11/18,15,92,5,,,,,
2014/11/18,16,100,5,,,,,
2014/11/18,17,89,4,,,,,
2014/11/18,18,80,2,,,,,
2014/11/18,19,82,2,,,,,
2014/11/18,20,77,2,,,,,
2014/11/18,21,68,1,,,,,
2014/11/18,22,62,1,,,,,
2014/11/18,23,59,1,,,,,
2014/11/18,24,54,1,,,,,
2014/11/19,01,56,1,,,,,
2014/11/19,02,46,1,,,,,
2014/11/19,03,47,1,,,,,
2014/11/19,04,51,1,,,,,
2014/11/19,05,57,1,,,,,
2014/11/19,06,60,1,,,,,
2014/11/19,07,76,1,,,,,
2014/11/19,08,79,1,,,,,
2014/11/19,09,89,1,,,,,
2014/11/19,10,92,2,,,,,
2014/11/19,11,91,3,,,,,
2014/11/19,12,85,3,,,,,
2014/11/19,13,77,3,,,,,
2014/11/19,14,87,6,,,,,
2014/11/19,15,84,6,,,,,
2014/11/19,16,94,7,,,,,
2014/11/19,17,95,6,,,,,
2014/11/19,18,79,3,,,,,
2014/11/19,19,71,2,,,,,
2014/11/19,20,67,2,,,,,
2014/11/19,21,65,1,,,,,
2014/11/19,22,55,1,,,,,
2014/11/19,23,59,1,,,,,
2014/11/19,24,52,1,,,,,
2014/11/20,01,54,1,,,,,
2014/11/20,02,48,1,,,,,
2014/11/20,03,51,1,,,,,
2014/11/20,04,55,1,,,,,
2014/11/20,05,62,1,,,,,
2014/11/20,06,61,1,,,,,
2014/11/20,07,74,1,,,,,
2014/11/20,08,92,1,,,,,
2014/11/20,09,99,2,,,,,
2014/11/20,10,102,6,,,,,
2014/11/20,11,110,6,,,,,
2014/11/20,12,88,7,,,,,
2014/11/20,13,87,6,,,,,
2014/11/20,14,88,8,,,,,
2014/11/20,15,91,8,,,,,
2014/11/20,16,102,7,,,,,
2014/11/20,17,93,7,,,,,
2014/11/20,18,82,5,,,,,
2014/11/20,19,81,1,,,,,
2014/11/20,20,70,1,,,,,
2014/11/20,21,73,1,,,,,
2014/11/20,22,64,1,,,,,
2014/11/20,23,62,1,,,,,
2014/11/20,24,56,1,,,,,
2014/11/21,01,55,1,,,,,
2014/11/21,02,46,1,,,,,
2014/11/21,03,51,1,,,,,
2014/11/21,04,48,1,,,,,
2014/11/21,05,61,1,,,,,
2014/11/21,06,67,1,,,,,
2014/11/21,07,74,1,,,,,
2014/11/21,08,91,1,,,,,
2014/11/21,09,94,3,,,,,
2014/11/21,10,104,5,,,,,
2014/11/21,11,107,7,,,,,
2014/11/21,12,108,8,,,,,
2014/11/21,13,102,8,,,,,
2014/11/21,14,88,8,,,,,
2014/11/21,15,95,7,,,,,
2014/11/21,16,102,9,,,,,
2014/11/21,17,105,8,,,,,
2014/11/21,18,90,6,,,,,
2014/11/21,19,76,4,,,,,
2014/11/21,20,76,1,,,,,
2014/11/21,21,74,1,,,,,
2014/11/21,22,71,1,,,,,
2014/11/21,23,68,1,,,,,
2014/11/21,24,59,1,,,,,
2014/11/22,01,65,1,,,,,
2014/11/22,02,58,1,,,,,
2014/11/22,03,61,1,,,,,
2014/11/22,04,64,1,,,,,
2014/11/22,05,80,1,,,,,
2014/11/22,06,89,1,,,,,
2014/11/22,07,91,1,,,,,
2014/11/22,08,94,1,,,,,
2014/11/22,09,112,1,,,,,
2014/11/22,10,102,4,,,,,
2014/11/22,11,109,4,,,,,
2014/11/22,12,96,5,,,,,
2014/11/22,13,94,4,,,,,
2014/11/22,14,98,5,,,,,
2014/11/22,15,102,7,,,,,
2014/11/22,16,98,8,,,,,
2014/11/22,17,87,9,,,,,
2014/11/22,18,80,6,,,,,
2014/11/22,19,78,3,,,,,
2014/11/22,20,61,1,,,,,
2014/11/22,21,61,1,,,,,
2014/11/22,22,56,1,,,,,
2014/11/22,23,55,1,,,,,
2014/11/22,24,47,1,,,,,
2014/11/23,01,45,1,,,,,
2014/11/23,02,40,1,,,,,
2014/11/23,03,44,1,,,,,
2014/11/23,04,42,1,,,,,
2014/11/23,05,45,1,,,,,
2014/11/23,06,40,1,,,,,
2014/11/23,07,47,1,,,,,
2014/11/23,08,52,1,,,,,
2014/11/23,09,47,1,,,,,
2014/11/23,10,50,2,,,,,
2014/11/23,11,53,3,,,,,
2014/11/23,12,58,6,,,,,
2014/11/23,13,79,7,,,,,
2014/11/23,14,62,8,,,,,
2014/11/23,15,63,6,,,,,
2014/11/23,16,60,4,,,,,
2014/11/23,17,67,4,,,,,
2014/11/23,18,56,2,,,,,
2014/11/23,19,52,1,,,,,
2014/11/23,20,49,1,,,,,
2014/11/23,21,51,1,,,,,
2014/11/23,22,45,1,,,,,
2014/11/23,23,49,1,,,,,
2014/11/23,24,41,1,,,,,
2014/11/24,01,47,1,,,,,
2014/11/24,02,43,1,,,,,
2014/11/24,03,47,1,,,,,
2014/11/24,04,51,1,,,,,
2014/11/24,05,57,1,,,,,
2014/11/24,06,64,1,,,,,
2014/11/24,07,78,1,,,,,
2014/11/24,08,91,1,,,,,
2014/11/24,09,95,2,,,,,
2014/11/24,10,87,4,,,,,
2014/11/24,11,100,3,,,,,
2014/11/24,12,106,4,,,,,
2014/11/24,13,103,4,,,,,
2014/11/24,14,103,4,,,,,
2014/11/24,15,80,5,,,,,
2014/11/24,16,102,6,,,,,
2014/11/24,17,86,6,,,,,
2014/11/24,18,74,1,,,,,
2014/11/24,19,79,1,,,,,
2014/11/24,20,62,1,,,,,
2014/11/24,21,63,1,,,,,
2014/11/24,22,56,1,,,,,
2014/11/24,23,58,1,,,,,
2014/11/24,24,44,1,,,,,
2014/11/25,01,48,1,,,,,
2014/11/25,02,44,1,,,,,
2014/11/25,03,42,1,,,,,
2014/11/25,04,60,1,,,,,
2014/11/25,05,55,1,,,,,
2014/11/25,06,73,1,,,,,
2014/11/25,07,84,1,,,,,
2014/11/25,08,106,2,,,,,
2014/11/25,09,120,9,,,,,
2014/11/25,10,119,13,,,,,
2014/11/25,11,121,16,,,,,
2014/11/25,12,118,17,,,,,
2014/11/25,13,124,17,,,,,
2014/11/25,14,124,20,,,,,
2014/11/25,15,140,19,,,,,
2014/11/25,16,135,19,,,,,
2014/11/25,17,138,17,,,,,
2014/11/25,18,102,14,,,,,
2014/11/25,19,91,8,,,,,
2014/11/25,20,80,5,,,,,
2014/11/25,21,76,2,,,,,
2014/11/25,22,72,1,,,,,
2014/11/25,23,63,1,,,,,
2014/11/25,24,54,1,,,,,
2014/11/26,01,56,1,,,,,
2014/11/26,02,52,1,,,,,
2014/11/26,03,52,1,,,,,
2014/11/26,04,60,1,,,,,
2014/11/26,05,74,1,,,,,
2014/11/26,06,83,1,,,,,
2014/11/26,07,92,1,,,,,
2014/11/26,08,109,4,,,,,
2014/11/26,09,97,7,,,,,
2014/11/26,10,90,10,,,,,
2014/11/26,11,102,12,,,,,
2014/11/26,12,116,12,,,,,
2014/11/26,13,111,12,,,,,
2014/11/26,14,112,16,,,,,
2014/11/26,15,116,19,,,,,
2014/11/26,16,116,15,,,,,
2014/11/26,17,118,12,,,,,
2014/11/26,18,96,8,,,,,
2014/11/26,19,85,5,,,,,
2014/11/26,20,81,5,,,,,
2014/11/26,21,79,3,,,,,
2014/11/26,22,69,2,,,,,
2014/11/26,23,63,1,,,,,
2014/11/26,24,55,1,,,,,
2014/11/27,01,57,1,,,,,
2014/11/27,02,50,1,,,,,
2014/11/27,03,51,1,,,,,
2014/11/27,04,61,1,,,,,
2014/11/27,05,64,1,,,,,
2014/11/27,06,68,1,,,,,
2014/11/27,07,80,1,,,,,
2014/11/27,08,98,2,,,,,
2014/11/27,09,112,3,,,,,
2014/11/27,10,105,5,,,,,
2014/11/27,11,112,5,,,,,
2014/11/27,12,103,5,,,,,
2014/11/27,13,90,8,,,,,
2014/11/27,14,90,9,,,,,
2014/11/27,15,100,9,,,,,
2014/11/27,16,103,10,,,,,
2014/11/27,17,98,9,,,,,
2014/11/27,18,84,6,,,,,
2014/11/27,19,78,4,,,,,
2014/11/27,20,74,2,,,,,
2014/11/27,21,81,2,,,,,
2014/11/27,22,69,2,,,,,
2014/11/27,23,64,1,,,,,
2014/11/27,24,55,1,,,,,
2014/11/28,01,53,1,,,,,
2014/11/28,02,53,1,,,,,
2014/11/28,03,49,1,,,,,
2014/11/28,04,59,1,,,,,
2014/11/28,05,73,1,,,,,
2014/11/28,06,76,1,,,,,
2014/11/28,07,87,1,,,,,
2014/11/28,08,117,3,,,,,
2014/11/28,09,125,8,,,,,
2014/11/28,10,121,10,,,,,
2014/11/28,11,117,13,,,,,
2014/11/28,12,110,12,,,,,
2014/11/28,13,113,11,,,,,
2014/11/28,14,109,13,,,,,
2014/11/28,15,114,12,,,,,
2014/11/28,16,120,10,,,,,
2014/11/28,17,127,9,,,,,
2014/11/28,18,103,6,,,,,
2014/11/28,19,88,3,,,,,
2014/11/28,20,85,3,,,,,
2014/11/28,21,76,3,,,,,
2014/11/28,22,73,1,,,,,
2014/11/28,23,75,1,,,,,
2014/11/28,24,67,1,,,,,
2014/11/29,01,60,1,,,,,
2014/11/29,02,55,1,,,,,
2014/11/29,03,59,1,,,,,
2014/11/29,04,66,1,,,,,
2014/11/29,05,75,1,,,,,
2014/11/29,06,93,1,,,,,
2014/11/29,07,94,1,,,,,
2014/11/29,08,109,1,,,,,
2014/11/29,09,110,3,,,,,
2014/11/29,10,108,4,,,,,
2014/11/29,11,106,5,,,,,
2014/11/29,12,99,8,,,,,
2014/11/29,13,104,8,,,,,
2014/11/29,14,102,8,,,,,
2014/11/29,15,101,8,,,,,
2014/11/29,16,102,5,,,,,
2014/11/29,17,92,5,,,,,
2014/11/29,18,90,3,,,,,
2014/11/29,19,79,1,,,,,
2014/11/29,20,71,1,,,,,
2014/11/29,21,67,1,,,,,
2014/11/29,22,64,1,,,,,
2014/11/29,23,61,1,,,,,
2014/11/29,24,56,1,,,,,
2014/11/30,01,58,1,,,,,
2014/11/30,02,51,1,,,,,
2014/11/30,03,49,1,,,,,
2014/11/30,04,51,1,,,,,
2014/11/30,05,49,1,,,,,
2014/11/30,06,51,1,,,,,
2014/11/30,07,51,1,,,,,
2014/11/30,08,48,1,,,,,
2014/11/30,09,52,3,,,,,
2014/11/30,10,55,4,,,,,
2014/11/30,11,60,5,,,,,
2014/11/30,12,64,4,,,,,
2014/11/30,13,83,5,,,,,
2014/11/30,14,85,9,,,,,
2014/11/30,15,91,8,,,,,
2014/11/30,16,89,13,,,,,
2014/11/30,17,92,7,,,,,
2014/11/30,18,87,4,,,,,
2014/11/30,19,86,3,,,,,
2014/11/30,20,62,2,,,,,
2014/11/30,21,60,2,,,,,
2014/11/30,22,55,1,,,,,
2014/11/30,23,56,1,,,,,
2014/11/30,24,54,1,,,,,
