32056,HACHIMORI,40,24.8,139,56.9,34.0
1,1,1,2016.0,0,0,0,0,0,0,0,5,19,41,40,45,42,41,27,11,2,0,0,0,0,0,0,0,45,8888,274,8888,1
2,1,1,2016.0,0,0,0,0,0,0,0,0,0,0,0,0,0,0,0,0,0,0,0,0,0,0,0,0,0,8888,1,8888,1
3,1,1,2016.0,0,0,0,0,0,0,0,5,19,41,39,45,42,41,27,11,2,0,0,0,0,0,0,0,45,8888,273,8888,1
4,1,1,2016.0,0,0,0,0,0,0,0,0,0,0,0,0,0,0,0,0,0,0,0,0,0,0,0,0,0,8888,0,8888,1
5,1,1,2016.0,25,26,25,21,29,17,24,21,13,21,27,30,28,29,31,35,31,36,37,37,32,42,42,39,42,13,8888,29,1
6,1,1,2016.0,13,13,13,13,14,13,14,14,14,14,14,13,13,13,13,13,13,13,13,13,13,14,12,10,14,8888,8888,8888,1
7,1,1,2016.0,69,80,100,86,71,107,81,117,83,100,73,108,108,100,90,103,104,99,90,53,45,36,25,17,117,8888,8888,81,1
8,1,1,2016.0,0,0,0,0,0,0,5,0,0,0,0,0,0,0,0,0,0,0,0,0,0,0,0,0,5,8888,5,8888,1
9,1,1,2016.0,2,2,2,2,2,2,2,3,2,3,3,3,3,3,3,2,3,3,2,2,2,2,2,2,3,8888,8888,8888,1
10,1,1,2016.0,0,0,0,0,0,0,0,9,10,10,10,10,10,10,10,10,4,0,0,0,0,0,0,0,10,8888,93,8888,1
1,1,2,2016.0,0,0,0,0,0,0,0,3,17,30,22,40,33,48,39,9,2,0,0,0,0,0,0,0,48,8888,244,8888,2
2,1,2,2016.0,0,0,0,0,0,0,0,0,0,0,0,0,0,4,3,0,0,0,0,0,0,0,0,0,4,8888,8,8888,2
3,1,2,2016.0,0,0,0,0,0,0,0,3,17,30,22,40,33,44,36,9,2,0,0,0,0,0,0,0,44,8888,237,8888,2
4,1,2,2016.0,0,0,0,0,0,0,0,0,0,0,0,0,0,1,1,0,0,0,0,0,0,0,0,0,1,8888,2,8888,2
5,1,2,2016.0,26,42,34,21,25,59,57,62,63,64,40,55,67,70,69,65,63,65,61,39,40,73,73,69,73,21,8888,54,2
6,1,2,2016.0,5,5,4,4,5,13,14,14,13,13,14,14,13,13,13,13,14,14,13,14,16,12,13,13,13,8888,8888,8888,2
7,1,2,2016.0,25,38,32,46,27,91,45,41,51,54,29,29,104,127,120,100,78,46,76,27,18,58,97,106,127,8888,8888,61,2
8,1,2,2016.0,0,0,5,35,15,0,0,0,0,0,5,0,0,0,0,0,0,0,0,0,0,0,0,0,35,8888,60,8888,2
9,1,2,2016.0,2,3,2,3,3,2,2,2,2,2,1,1,1,0,0,0,0,0,0,0,0,0,0,0,3,8888,8888,8888,2
10,1,2,2016.0,0,0,0,0,0,0,0,9,10,10,10,10,10,10,10,10,4,0,0,0,0,0,0,0,10,8888,93,8888,2
1,1,3,2016.0,0,0,0,0,0,0,0,6,30,66,25,29,33,25,16,7,2,0,0,0,0,0,0,0,66,8888,239,8888,3
2,1,3,2016.0,0,0,0,0,0,0,0,0,3,15,0,0,0,0,0,0,0,0,0,0,0,0,0,0,15,8888,18,8888,3
3,1,3,2016.0,0,0,0,0,0,0,0,6,27,51,25,29,33,25,16,7,2,0,0,0,0,0,0,0,51,8888,221,8888,3
4,1,3,2016.0,0,0,0,0,0,0,0,0,1,3,0,0,0,0,0,0,0,0,0,0,0,0,0,0,3,8888,5,8888,3
5,1,3,2016.0,69,71,70,68,64,60,62,60,64,64,61,60,58,62,61,60,57,51,51,49,46,45,25,42,71,25,8888,57,3
6,1,3,2016.0,14,14,13,14,14,14,13,13,13,14,14,14,14,14,13,13,14,14,14,13,13,13,14,13,13,8888,8888,8888,3
7,1,3,2016.0,49,66,77,56,32,29,50,40,47,28,33,39,28,38,73,64,45,49,55,68,52,52,31,51,77,8888,8888,48,3
8,1,3,2016.0,0,0,0,0,0,0,0,0,0,0,0,0,0,0,0,0,0,0,0,0,0,0,0,0,0,8888,0,8888,3
9,1,3,2016.0,0,0,0,0,0,0,0,0,0,0,0,0,0,0,0,0,0,0,0,0,0,0,0,0,0,8888,8888,8888,3
10,1,3,2016.0,0,0,0,0,0,0,0,9,10,10,10,10,10,10,10,10,4,0,0,0,0,0,0,0,10,8888,93,8888,3
1,1,4,2016.0,0,0,0,0,0,0,0,2,11,22,24,18,15,11,9,3,2,0,0,0,0,0,0,0,24,8888,119,8888,4
2,1,4,2016.0,0,0,0,0,0,0,0,0,0,0,0,0,0,0,0,0,0,0,0,0,0,0,0,0,0,8888,0,8888,4
3,1,4,2016.0,0,0,0,0,0,0,0,2,11,22,24,18,15,11,9,3,2,0,0,0,0,0,0,0,24,8888,119,8888,4
4,1,4,2016.0,0,0,0,0,0,0,0,0,0,0,0,0,0,0,0,0,0,0,0,0,0,0,0,0,0,8888,0,8888,4
5,1,4,2016.0,44,35,43,43,44,44,44,44,44,47,33,26,20,8,3,4,7,7,21,9,18,21,21,21,47,3,8888,27,4
6,1,4,2016.0,13,14,13,13,13,13,14,14,11,10,10,13,15,15,15,15,15,0,14,14,14,13,13,13,13,8888,8888,8888,4
7,1,4,2016.0,57,32,74,60,74,81,49,27,15,29,48,64,48,34,46,54,40,0,51,50,51,98,107,118,118,8888,8888,54,4
8,1,4,2016.0,0,0,0,0,0,0,0,0,0,0,0,5,15,20,15,15,5,0,0,0,0,0,0,0,20,8888,75,8888,4
9,1,4,2016.0,0,0,0,0,0,0,0,0,0,0,0,0,0,0,0,0,0,0,0,0,0,0,0,0,0,8888,8888,8888,4
10,1,4,2016.0,0,0,0,0,0,0,0,9,10,10,10,10,10,10,10,10,4,0,0,0,0,0,0,0,10,8888,93,8888,4
1,1,5,2016.0,0,0,0,0,0,0,0,6,17,34,46,53,42,42,21,10,3,0,0,0,0,0,0,0,53,8888,273,8888,5
2,1,5,2016.0,0,0,0,0,0,0,0,0,0,0,0,1,0,0,0,0,0,0,0,0,0,0,0,0,1,8888,2,8888,5
3,1,5,2016.0,0,0,0,0,0,0,0,6,17,34,46,52,42,42,20,10,3,0,0,0,0,0,0,0,52,8888,272,8888,5
4,1,5,2016.0,0,0,0,0,0,0,0,0,0,0,0,0,0,0,0,0,0,0,0,0,0,0,0,0,0,8888,0,8888,5
5,1,5,2016.0,21,16,16,17,15,11,17,16,7,9,17,14,15,17,18,16,13,12,10,7,6,6,6,2,21,2,8888,13,5
6,1,5,2016.0,12,13,13,13,13,13,13,13,13,13,13,13,13,13,13,13,13,14,14,14,13,13,13,14,13,8888,8888,8888,5
7,1,5,2016.0,109,130,126,137,146,108,127,118,148,132,140,146,125,122,120,109,104,78,86,90,95,73,74,49,148,8888,8888,112,5
8,1,5,2016.0,0,0,0,0,0,0,0,0,0,0,0,0,0,0,0,0,0,0,0,0,0,0,0,0,0,8888,0,8888,5
9,1,5,2016.0,0,0,0,0,0,0,0,0,0,0,0,0,0,0,0,0,0,0,0,0,0,0,0,0,0,8888,8888,8888,5
10,1,5,2016.0,0,0,0,0,0,0,0,9,10,10,10,10,10,10,10,10,4,0,0,0,0,0,0,0,10,8888,93,8888,5
1,1,6,2016.0,0,0,0,0,0,0,0,6,45,62,74,65,38,33,19,9,3,0,0,0,0,0,0,0,74,8888,353,8888,6
2,1,6,2016.0,0,0,0,0,0,0,0,0,13,15,12,5,0,0,0,0,0,0,0,0,0,0,0,0,15,8888,45,8888,6
3,1,6,2016.0,0,0,0,0,0,0,0,6,32,48,62,59,38,33,19,9,3,0,0,0,0,0,0,0,62,8888,308,8888,6
4,1,6,2016.0,0,0,0,0,0,0,0,0,4,3,2,1,0,0,0,0,0,0,0,0,0,0,0,0,4,8888,10,8888,6
5,1,6,2016.0,5,3,3,9,7,2,5,9,15,15,21,19,19,15,18,21,21,21,22,28,27,24,27,26,28,2,8888,16,6
6,1,6,2016.0,13,12,13,12,13,13,13,13,13,13,13,13,13,13,13,13,13,14,13,14,13,15,13,14,13,8888,8888,8888,6
7,1,6,2016.0,60,73,78,62,77,71,76,77,89,68,60,73,62,65,55,59,66,41,65,73,102,36,96,83,102,8888,8888,69,6
8,1,6,2016.0,0,0,0,0,0,0,0,0,0,0,0,0,0,0,0,0,0,0,0,0,0,0,0,0,0,8888,0,8888,6
9,1,6,2016.0,0,0,0,0,0,0,0,0,0,0,0,0,0,0,0,0,0,0,0,0,0,0,0,0,0,8888,8888,8888,6
10,1,6,2016.0,0,0,0,0,0,0,0,9,10,10,10,10,10,10,10,10,4,0,0,0,0,0,0,0,10,8888,93,8888,6
1,1,7,2016.0,0,0,0,0,0,0,0,4,16,27,50,52,34,52,18,7,3,0,0,0,0,0,0,0,52,8888,263,8888,7
2,1,7,2016.0,0,0,0,0,0,0,0,0,0,0,1,0,0,5,0,0,0,0,0,0,0,0,0,0,5,8888,6,8888,7
3,1,7,2016.0,0,0,0,0,0,0,0,4,16,27,49,52,34,48,18,7,3,0,0,0,0,0,0,0,52,8888,257,8888,7
4,1,7,2016.0,0,0,0,0,0,0,0,0,0,0,0,0,0,1,0,0,0,0,0,0,0,0,0,0,1,8888,1,8888,7
5,1,7,2016.0,26,24,24,18,19,18,16,12,15,8,15,8,-6,3,3,4,7,7,6,-3,7,6,10,9,26,-6,8888,11,7
6,1,7,2016.0,14,13,13,13,14,13,14,13,14,13,14,13,14,13,13,14,14,13,13,14,13,12,12,12,13,8888,8888,8888,7
7,1,7,2016.0,60,88,104,99,77,84,98,93,62,95,68,80,66,122,124,81,64,85,96,54,79,78,69,84,124,8888,8888,84,7
8,1,7,2016.0,0,0,0,0,0,0,0,0,0,0,0,0,0,0,5,5,0,0,0,0,0,0,0,0,5,8888,10,8888,7
9,1,7,2016.0,0,0,0,0,0,0,0,0,0,0,0,0,0,0,0,0,0,0,0,0,0,0,0,0,0,8888,8888,8888,7
10,1,7,2016.0,0,0,0,0,0,0,0,9,10,10,10,10,10,10,10,10,4,0,0,0,0,0,0,0,10,8888,94,8888,7
1,1,8,2016.0,0,0,0,0,0,0,0,7,23,35,83,92,81,33,24,9,3,0,0,0,0,0,0,0,92,8888,391,8888,8
2,1,8,2016.0,0,0,0,0,0,0,0,0,0,0,19,21,13,0,0,0,0,0,0,0,0,0,0,0,21,8888,54,8888,8
3,1,8,2016.0,0,0,0,0,0,0,0,7,23,35,64,71,68,33,24,9,3,0,0,0,0,0,0,0,71,8888,337,8888,8
4,1,8,2016.0,0,0,0,0,0,0,0,0,0,0,3,3,2,0,0,0,0,0,0,0,0,0,0,0,3,8888,9,8888,8
5,1,8,2016.0,10,11,12,12,15,12,13,16,21,18,23,21,21,23,22,23,26,27,15,21,19,17,15,16,27,10,8888,18,8
6,1,8,2016.0,12,13,13,13,13,12,13,13,13,14,13,13,13,12,13,12,13,13,13,13,13,13,13,13,13,8888,8888,8888,8
7,1,8,2016.0,95,101,104,105,81,69,76,68,94,47,66,76,57,44,55,46,47,53,128,114,107,107,112,96,128,8888,8888,81,8
8,1,8,2016.0,0,0,0,0,0,0,0,0,0,0,0,0,0,0,0,0,0,0,0,0,0,0,0,0,0,8888,0,8888,8
9,1,8,2016.0,0,0,0,0,0,0,0,0,0,0,0,0,0,0,0,0,0,0,0,0,0,0,0,0,0,8888,8888,8888,8
10,1,8,2016.0,0,0,0,0,0,0,0,9,10,10,10,10,10,10,10,10,5,0,0,0,0,0,0,0,10,8888,94,8888,8
1,1,9,2016.0,0,0,0,0,0,0,0,6,23,38,47,49,50,91,30,20,3,0,0,0,0,0,0,0,91,8888,356,8888,9
2,1,9,2016.0,0,0,0,0,0,0,0,0,0,0,0,0,0,27,0,2,0,0,0,0,0,0,0,0,27,8888,31,8888,9
3,1,9,2016.0,0,0,0,0,0,0,0,6,22,38,46,48,49,64,30,18,3,0,0,0,0,0,0,0,64,8888,325,8888,9
4,1,9,2016.0,0,0,0,0,0,0,0,0,0,0,0,0,0,4,0,1,1,0,0,0,0,0,0,0,4,8888,7,8888,9
5,1,9,2016.0,13,-2,8,8,8,9,0,8,11,7,6,4,8,8,14,13,10,14,13,13,13,7,10,6,14,-2,8888,9,9
6,1,9,2016.0,13,14,14,14,13,13,14,13,13,13,13,14,13,13,12,13,13,13,13,13,12,13,12,9,13,8888,8888,8888,9
7,1,9,2016.0,103,62,72,62,126,96,73,98,92,85,92,59,66,84,89,90,81,88,80,62,44,21,18,26,126,8888,8888,74,9
8,1,9,2016.0,0,5,0,0,0,0,0,0,0,0,0,0,0,0,0,0,0,0,0,0,0,0,0,0,5,8888,5,8888,9
9,1,9,2016.0,0,0,0,0,0,0,0,0,0,0,0,0,0,0,0,0,0,0,0,0,0,0,0,0,0,8888,8888,8888,9
10,1,9,2016.0,0,0,0,0,0,0,0,9,10,10,10,10,10,10,10,10,5,0,0,0,0,0,0,0,10,8888,94,8888,9
1,1,10,2016.0,0,0,0,0,0,0,0,4,20,38,65,64,45,35,36,14,3,0,0,0,0,0,0,0,65,8888,324,8888,10
2,1,10,2016.0,0,0,0,0,0,0,0,0,0,0,1,1,0,0,0,0,0,0,0,0,0,0,0,0,1,8888,2,8888,10
3,1,10,2016.0,0,0,0,0,0,0,0,4,20,38,64,63,45,35,36,14,3,0,0,0,0,0,0,0,64,8888,322,8888,10
4,1,10,2016.0,0,0,0,0,0,0,0,0,0,0,0,0,0,0,0,0,0,0,0,0,0,0,0,0,0,8888,1,8888,10
5,1,10,2016.0,0,-4,-7,-11,-6,5,15,8,14,16,21,19,6,12,10,8,4,4,2,0,-4,-7,-13,-17,21,-17,8888,3,10
6,1,10,2016.0,3,5,4,14,15,15,15,15,14,13,14,13,14,14,13,14,13,13,13,13,13,13,13,13,13,8888,8888,8888,10
7,1,10,2016.0,23,13,13,17,15,38,30,41,105,98,72,118,85,82,115,106,153,177,174,165,132,135,139,118,177,8888,8888,90,10
8,1,10,2016.0,0,0,0,5,5,5,0,5,0,0,0,0,0,0,0,0,0,0,0,0,0,0,0,0,5,8888,20,8888,10
9,1,10,2016.0,0,0,0,3,6,7,8,7,7,6,6,5,4,3,3,3,3,3,3,3,3,3,3,3,8,8888,8888,8888,10
10,1,10,2016.0,0,0,0,0,0,0,0,9,10,10,10,10,10,10,10,10,5,0,0,0,0,0,0,0,10,8888,94,8888,10
1,1,11,2016.0,0,0,0,0,0,0,0,6,24,42,55,52,57,76,35,14,3,0,0,0,0,0,0,0,76,8888,364,8888,11
2,1,11,2016.0,0,0,0,0,0,0,0,0,0,0,1,0,1,10,0,0,0,0,0,0,0,0,0,0,10,8888,12,8888,11
3,1,11,2016.0,0,0,0,0,0,0,0,6,24,42,54,52,56,66,35,14,3,0,0,0,0,0,0,0,66,8888,352,8888,11
4,1,11,2016.0,0,0,0,0,0,0,0,0,0,0,0,0,0,2,0,0,0,0,0,0,0,0,0,0,2,8888,2,8888,11
5,1,11,2016.0,-16,-20,-23,-25,-25,-35,-36,-25,-29,-13,-17,-9,-14,-11,-15,-14,-15,-11,-11,-14,-19,-23,-21,-26,-9,-36,8888,-19,11
6,1,11,2016.0,13,13,14,14,14,13,14,13,14,13,12,13,13,12,13,13,13,13,13,13,13,14,14,13,13,8888,8888,8888,11
7,1,11,2016.0,112,92,70,70,99,113,106,132,49,144,119,118,123,102,130,111,113,113,115,122,110,56,58,120,144,8888,8888,104,11
8,1,11,2016.0,0,0,0,5,0,5,0,5,0,0,0,0,0,0,0,0,0,0,0,0,0,0,0,0,5,8888,15,8888,11
9,1,11,2016.0,3,3,3,3,4,4,4,4,4,4,4,4,4,4,4,3,3,3,3,3,3,3,3,3,4,8888,8888,8888,11
10,1,11,2016.0,0,0,0,0,0,0,0,9,10,10,10,10,10,10,10,10,5,0,0,0,0,0,0,0,10,8888,94,8888,11
1,1,12,2016.0,0,0,0,0,0,0,0,6,20,47,50,56,52,49,41,22,4,0,0,0,0,0,0,0,56,8888,346,8888,12
2,1,12,2016.0,0,0,0,0,0,0,0,0,0,3,0,1,0,0,0,1,0,0,0,0,0,0,0,0,3,8888,7,8888,12
3,1,12,2016.0,0,0,0,0,0,0,0,6,20,44,49,55,51,48,41,21,4,0,0,0,0,0,0,0,55,8888,339,8888,12
4,1,12,2016.0,0,0,0,0,0,0,0,0,0,1,0,0,0,0,0,1,0,0,0,0,0,0,0,0,1,8888,2,8888,12
5,1,12,2016.0,-24,-18,-19,-27,-35,-20,-20,-14,-14,-10,-12,-12,-10,-13,-7,-5,-10,-11,-13,-14,-11,-14,-13,-14,-5,-35,8888,-15,12
6,1,12,2016.0,14,13,13,14,13,13,12,13,11,12,12,12,13,13,13,13,13,13,13,13,13,13,13,13,13,8888,8888,8888,12
7,1,12,2016.0,59,81,105,68,67,81,63,83,45,68,102,76,94,85,106,121,127,107,112,118,110,90,111,94,127,8888,8888,91,12
8,1,12,2016.0,0,0,0,0,5,0,0,0,0,5,0,0,0,0,0,0,0,0,0,0,0,0,0,0,5,8888,10,8888,12
9,1,12,2016.0,3,4,4,4,4,5,5,5,5,5,5,5,4,4,4,4,4,4,4,4,4,4,4,4,5,8888,8888,8888,12
10,1,12,2016.0,0,0,0,0,0,0,0,9,10,10,10,10,10,10,10,10,5,0,0,0,0,0,0,0,10,8888,95,8888,12
1,1,13,2016.0,0,0,0,0,0,0,0,7,31,59,120,168,144,129,52,16,4,0,0,0,0,0,0,0,168,8888,730,8888,13
2,1,13,2016.0,0,0,0,0,0,0,0,0,0,4,42,127,74,74,7,0,0,0,0,0,0,0,0,0,127,8888,328,8888,13
3,1,13,2016.0,0,0,0,0,0,0,0,7,31,55,78,41,71,55,45,16,4,0,0,0,0,0,0,0,78,8888,402,8888,13
4,1,13,2016.0,0,0,0,0,0,0,0,0,0,1,6,10,8,9,2,0,0,0,0,0,0,0,0,0,10,8888,36,8888,13
5,1,13,2016.0,-14,-15,-14,-18,-17,-10,-7,-6,-2,-4,0,0,4,3,3,0,-5,-5,6,-3,10,6,35,24,35,-18,8888,-1,13
6,1,13,2016.0,13,12,12,13,13,13,13,12,12,13,12,13,13,10,6,4,5,5,5,5,6,4,10,13,13,8888,8888,8888,13
7,1,13,2016.0,86,95,101,53,70,75,65,64,54,62,47,6,10,8,22,19,27,25,32,45,69,32,54,141,141,8888,8888,53,13
8,1,13,2016.0,0,0,0,0,0,0,0,0,0,0,0,0,0,0,0,0,0,0,0,0,5,0,0,0,5,8888,5,8888,13
9,1,13,2016.0,4,4,5,5,4,4,4,4,4,4,4,4,3,3,3,3,3,3,3,4,7,7,6,6,7,8888,8888,8888,13
10,1,13,2016.0,0,0,0,0,0,0,0,9,10,10,10,10,10,10,10,10,5,0,0,0,0,0,0,0,10,8888,95,8888,13
1,1,14,2016.0,0,0,0,0,0,0,0,6,36,61,68,68,42,40,31,21,4,0,0,0,0,0,0,0,68,8888,378,8888,14
2,1,14,2016.0,0,0,0,0,0,0,0,0,5,8,5,1,0,0,0,0,0,0,0,0,0,0,0,0,8,8888,19,8888,14
3,1,14,2016.0,0,0,0,0,0,0,0,6,31,53,63,67,42,40,31,21,4,0,0,0,0,0,0,0,67,8888,358,8888,14
4,1,14,2016.0,0,0,0,0,0,0,0,0,2,2,1,0,0,0,0,0,0,0,0,0,0,0,0,0,2,8888,5,8888,14
5,1,14,2016.0,18,13,9,3,1,0,-10,-8,-4,-4,0,-1,-6,-11,-9,-11,-8,-6,-12,-4,-4,-4,-3,-5,18,-12,8888,-3,14
6,1,14,2016.0,13,13,13,13,13,13,13,13,13,13,14,13,14,14,14,13,14,14,14,14,13,13,14,14,13,8888,8888,8888,14
7,1,14,2016.0,117,128,118,131,128,122,101,75,65,126,72,103,61,76,81,82,51,45,28,68,69,62,51,61,131,8888,8888,84,14
8,1,14,2016.0,0,0,0,0,0,0,0,0,0,0,0,0,0,0,0,0,0,0,0,0,0,0,0,0,0,8888,0,8888,14
9,1,14,2016.0,6,6,6,5,5,5,5,5,5,5,5,5,5,5,5,5,5,5,5,5,4,5,4,4,6,8888,8888,8888,14
10,1,14,2016.0,0,0,0,0,0,0,0,9,10,10,10,10,10,10,10,10,6,0,0,0,0,0,0,0,10,8888,95,8888,14
1,1,15,2016.0,0,0,0,0,0,0,0,7,29,44,62,89,78,104,85,33,4,0,0,0,0,0,0,0,104,8888,536,8888,15
2,1,15,2016.0,0,0,0,0,0,0,0,0,0,0,1,12,5,30,35,6,0,0,0,0,0,0,0,0,35,8888,90,8888,15
3,1,15,2016.0,0,0,0,0,0,0,0,7,29,44,61,77,73,74,50,27,4,0,0,0,0,0,0,0,77,8888,446,8888,15
4,1,15,2016.0,0,0,0,0,0,0,0,0,0,0,0,2,1,5,7,3,0,0,0,0,0,0,0,0,7,8888,19,8888,15
5,1,15,2016.0,-5,-5,-4,-9,-4,-9,-8,-9,-1,0,3,6,4,8,8,2,0,1,-2,0,1,2,4,7,8,-9,8888,0,15
6,1,15,2016.0,13,13,13,14,14,13,13,14,13,13,12,12,13,14,14,14,14,14,14,14,14,14,14,13,14,8888,8888,8888,15
7,1,15,2016.0,77,65,57,44,57,63,70,48,65,62,62,82,100,101,68,77,56,54,34,56,44,61,42,73,101,8888,8888,63,15
8,1,15,2016.0,0,0,0,0,0,0,0,0,0,0,0,0,0,0,0,0,0,0,0,0,0,0,0,0,0,8888,0,8888,15
9,1,15,2016.0,4,4,4,4,4,4,4,4,4,4,4,4,3,3,3,3,3,3,3,3,3,3,3,3,4,8888,8888,8888,15
10,1,15,2016.0,0,0,0,0,0,0,0,10,10,10,10,10,10,10,10,10,6,0,0,0,0,0,0,0,10,8888,95,8888,15
1,1,16,2016.0,0,0,0,0,0,0,0,3,22,38,61,96,92,62,33,15,4,0,0,0,0,0,0,0,96,8888,427,8888,16
2,1,16,2016.0,0,0,0,0,0,0,0,0,0,0,1,12,12,4,0,0,0,0,0,0,0,0,0,0,12,8888,30,8888,16
3,1,16,2016.0,0,0,0,0,0,0,0,3,22,38,60,84,80,57,33,15,4,0,0,0,0,0,0,0,84,8888,397,8888,16
4,1,16,2016.0,0,0,0,0,0,0,0,0,0,0,0,2,2,1,0,0,0,0,0,0,0,0,0,0,2,8888,6,8888,16
5,1,16,2016.0,4,3,4,-10,-10,-10,-3,-6,-3,0,-3,-5,-5,-4,-5,0,-7,-18,-5,-3,-4,-4,0,-1,4,-18,8888,-4,16
6,1,16,2016.0,14,14,13,15,14,15,13,14,13,13,13,13,13,14,13,13,14,14,14,14,14,13,13,14,13,8888,8888,8888,16
7,1,16,2016.0,65,54,62,27,50,41,99,38,70,107,102,100,129,84,107,91,72,77,77,70,107,110,100,66,129,8888,8888,79,16
8,1,16,2016.0,0,0,0,0,0,0,5,5,0,0,0,0,0,0,0,0,0,0,0,0,0,0,0,0,5,8888,10,8888,16
9,1,16,2016.0,3,3,3,3,4,6,5,5,5,5,5,5,5,5,5,4,4,4,4,4,4,4,4,4,6,8888,8888,8888,16
10,1,16,2016.0,0,0,0,0,0,0,0,10,10,10,10,10,10,10,10,10,6,0,0,0,0,0,0,0,10,8888,96,8888,16
1,1,17,2016.0,0,0,0,0,0,0,0,7,29,43,56,65,80,84,33,16,4,0,0,0,0,0,0,0,84,8888,416,8888,17
2,1,17,2016.0,0,0,0,0,0,0,0,0,0,0,1,1,5,16,0,0,0,0,0,0,0,0,0,0,16,8888,23,8888,17
3,1,17,2016.0,0,0,0,0,0,0,0,7,29,42,55,65,74,69,33,16,4,0,0,0,0,0,0,0,74,8888,393,8888,17
4,1,17,2016.0,0,0,0,0,0,0,0,0,0,0,0,0,1,3,0,0,0,0,0,0,0,0,0,0,3,8888,5,8888,17
5,1,17,2016.0,-1,-2,-2,-5,-2,-8,-5,-3,-2,0,-1,-2,-3,0,1,0,5,-14,-19,-17,-19,-19,-9,-18,5,-19,8888,-6,17
6,1,17,2016.0,13,14,13,13,13,14,13,13,14,13,13,13,14,13,13,13,12,16,2,3,4,4,3,1,13,8888,8888,8888,17
7,1,17,2016.0,100,58,98,106,91,56,64,64,51,62,67,81,27,44,41,51,42,16,16,21,17,19,25,14,106,8888,8888,51,17
8,1,17,2016.0,0,0,0,0,0,0,0,0,0,0,0,0,0,0,0,0,0,0,0,0,0,0,0,0,0,8888,0,8888,17
9,1,17,2016.0,4,4,4,4,4,4,4,4,4,4,4,3,3,3,3,3,3,3,3,3,3,3,3,3,4,8888,8888,8888,17
10,1,17,2016.0,0,0,0,0,0,0,0,10,10,10,10,10,10,10,10,10,6,0,0,0,0,0,0,0,10,8888,96,8888,17
1,1,18,2016.0,0,0,0,0,0,0,0,2,15,31,34,26,43,34,29,14,5,0,0,0,0,0,0,0,43,8888,234,8888,18
2,1,18,2016.0,0,0,0,0,0,0,0,0,0,0,0,0,0,0,0,0,0,0,0,0,0,0,0,0,0,8888,0,8888,18
3,1,18,2016.0,0,0,0,0,0,0,0,2,15,31,34,26,42,34,29,14,5,0,0,0,0,0,0,0,42,8888,234,8888,18
4,1,18,2016.0,0,0,0,0,0,0,0,0,0,0,0,0,0,0,0,0,0,0,0,0,0,0,0,0,0,8888,0,8888,18
5,1,18,2016.0,-16,-17,-4,3,23,34,25,20,16,20,14,16,21,24,30,31,32,28,28,33,30,25,26,28,34,-17,8888,20,18
6,1,18,2016.0,16,4,6,16,6,5,6,5,6,4,5,5,4,8,7,5,6,8,5,6,5,4,3,3,3,8888,8888,8888,18
7,1,18,2016.0,15,20,22,12,23,49,84,101,80,76,67,82,63,24,31,36,24,30,22,35,38,62,103,109,109,8888,8888,50,18
8,1,18,2016.0,0,0,0,0,0,0,0,0,0,0,0,15,5,5,0,0,5,5,0,5,0,0,0,0,15,8888,40,8888,18
9,1,18,2016.0,3,3,3,3,3,3,3,3,5,8,11,13,12,11,10,9,9,8,8,8,7,6,5,6,13,8888,8888,8888,18
10,1,18,2016.0,0,0,0,0,0,0,0,10,10,10,10,10,10,10,10,10,6,0,0,0,0,0,0,0,10,8888,96,8888,18
1,1,19,2016.0,0,0,0,0,0,0,0,5,22,61,81,109,144,94,69,38,5,0,0,0,0,0,0,0,144,8888,629,8888,19
2,1,19,2016.0,0,0,0,0,0,0,0,0,0,1,11,20,72,17,12,9,0,0,0,0,0,0,0,0,72,8888,142,8888,19
3,1,19,2016.0,0,0,0,0,0,0,0,5,22,60,70,89,72,77,57,29,5,0,0,0,0,0,0,0,89,8888,486,8888,19
4,1,19,2016.0,0,0,0,0,0,0,0,0,0,0,2,3,8,3,3,4,0,0,0,0,0,0,0,0,8,8888,23,8888,19
5,1,19,2016.0,28,32,33,33,21,16,2,11,20,31,40,32,38,38,40,33,18,6,5,25,11,-4,5,-3,40,-4,8888,21,19
6,1,19,2016.0,2,3,3,2,5,6,6,4,5,12,13,12,12,13,12,11,5,16,15,11,16,3,5,16,2,8888,8888,8888,19
7,1,19,2016.0,114,103,80,99,42,73,89,36,31,104,56,79,42,56,42,22,20,18,24,31,18,15,28,19,114,8888,8888,52,19
8,1,19,2016.0,0,0,0,0,0,0,0,5,5,0,0,0,0,0,0,0,0,0,0,0,0,0,0,15,15,8888,25,8888,19
9,1,19,2016.0,5,5,5,5,5,3,8,9,9,8,8,8,7,6,6,5,5,5,5,6,6,7,7,8,9,8888,8888,8888,19
10,1,19,2016.0,0,0,0,0,0,0,0,10,10,10,10,10,10,10,10,10,7,0,0,0,0,0,0,0,10,8888,96,8888,19
1,1,20,2016.0,0,0,0,0,0,0,0,16,43,105,159,174,116,81,43,18,5,0,0,0,0,0,0,0,174,8888,761,8888,20
2,1,20,2016.0,0,0,0,0,0,0,0,2,5,44,120,131,27,11,0,0,0,0,0,0,0,0,0,0,131,8888,340,8888,20
3,1,20,2016.0,0,0,0,0,0,0,0,14,38,62,39,42,89,70,42,18,5,0,0,0,0,0,0,0,89,8888,421,8888,20
4,1,20,2016.0,0,0,0,0,0,0,0,2,2,7,10,10,4,2,0,0,0,0,0,0,0,0,0,0,10,8888,37,8888,20
5,1,20,2016.0,2,4,29,29,-2,0,8,7,11,29,33,37,31,25,22,19,7,9,7,13,15,11,15,9,37,-2,8888,15,20
6,1,20,2016.0,10,1,14,14,2,1,16,2,1,16,15,15,15,16,16,15,15,15,16,14,14,15,14,13,13,8888,8888,8888,20
7,1,20,2016.0,32,21,57,41,22,13,22,15,41,29,42,54,41,25,49,62,61,61,57,142,62,55,58,164,164,8888,8888,51,20
8,1,20,2016.0,10,40,0,5,0,0,0,0,0,0,0,0,0,0,0,0,5,5,5,15,10,0,0,5,40,8888,100,8888,20
9,1,20,2016.0,12,18,18,17,17,17,16,16,16,16,15,14,13,12,11,11,11,11,11,11,12,12,12,12,18,8888,8888,8888,20
10,1,20,2016.0,0,0,0,0,0,0,0,10,10,10,10,10,10,10,10,10,7,0,0,0,0,0,0,0,10,8888,97,8888,20
1,1,21,2016.0,0,0,0,0,0,0,0,4,21,31,46,43,41,62,37,16,10,0,0,0,0,0,0,0,62,8888,312,8888,21
2,1,21,2016.0,0,0,0,0,0,0,0,0,0,0,0,0,0,1,0,0,0,0,0,0,0,0,0,0,1,8888,2,8888,21
3,1,21,2016.0,0,0,0,0,0,0,0,4,21,31,46,43,41,62,37,16,10,0,0,0,0,0,0,0,62,8888,310,8888,21
4,1,21,2016.0,0,0,0,0,0,0,0,0,0,0,0,0,0,0,0,0,0,0,0,0,0,0,0,0,0,8888,1,8888,21
5,1,21,2016.0,16,21,20,21,17,8,18,11,9,20,17,7,11,10,7,7,0,2,-9,-5,-8,-7,-19,-9,21,-19,8888,7,21
6,1,21,2016.0,14,14,14,13,13,15,13,13,13,13,13,13,13,13,13,13,13,13,13,13,13,13,15,12,13,8888,8888,8888,21
7,1,21,2016.0,124,111,114,101,101,51,123,131,130,116,134,119,122,105,105,102,113,109,84,77,93,83,22,73,134,8888,8888,102,21
8,1,21,2016.0,5,0,0,0,0,0,0,5,0,0,0,0,5,0,0,0,0,0,0,0,0,0,5,5,5,8888,25,8888,21
9,1,21,2016.0,13,13,13,13,13,12,14,14,14,13,13,13,13,12,12,12,12,13,13,12,12,12,12,12,14,8888,8888,8888,21
10,1,21,2016.0,0,0,0,0,0,0,0,10,10,10,10,10,10,10,10,10,7,0,0,0,0,0,0,0,10,8888,97,8888,21
1,1,22,2016.0,0,0,0,0,0,0,0,6,26,54,77,66,73,70,48,18,11,0,0,0,0,0,0,0,77,8888,449,8888,22
2,1,22,2016.0,0,0,0,0,0,0,0,0,0,1,5,1,1,5,3,0,0,0,0,0,0,0,0,0,5,8888,16,8888,22
3,1,22,2016.0,0,0,0,0,0,0,0,6,26,53,72,65,72,65,44,18,11,0,0,0,0,0,0,0,72,8888,433,8888,22
4,1,22,2016.0,0,0,0,0,0,0,0,0,0,0,1,0,0,1,1,0,0,0,0,0,0,0,0,0,1,8888,4,8888,22
5,1,22,2016.0,-10,-10,-12,-24,-15,-21,-11,-11,-12,-9,-8,-7,-8,-5,-8,-11,-15,-22,-22,-16,-15,-18,-11,-6,-5,-24,8888,-13,22
6,1,22,2016.0,13,13,13,15,13,14,13,13,13,13,13,14,13,12,13,13,13,14,13,13,12,14,13,13,13,8888,8888,8888,22
7,1,22,2016.0,75,89,99,37,96,67,83,80,76,93,86,59,89,83,93,120,122,79,89,89,69,54,90,100,122,8888,8888,84,22
8,1,22,2016.0,0,0,0,0,0,0,0,0,0,0,0,0,0,0,0,0,0,0,0,0,0,0,0,0,0,8888,0,8888,22
9,1,22,2016.0,12,12,12,12,13,13,12,12,12,12,12,12,12,12,12,12,12,12,12,12,12,12,11,12,13,8888,8888,8888,22
10,1,22,2016.0,0,0,0,0,0,0,0,10,10,10,10,10,10,10,10,10,7,0,0,0,0,0,0,0,10,8888,97,8888,22
1,1,23,2016.0,0,0,0,0,0,0,0,7,26,56,74,86,133,112,66,43,12,0,0,0,0,0,0,0,133,8888,616,8888,23
2,1,23,2016.0,0,0,0,0,0,0,0,0,0,1,5,6,39,33,12,10,1,0,0,0,0,0,0,0,39,8888,105,8888,23
3,1,23,2016.0,0,0,0,0,0,0,0,7,26,55,69,80,95,80,54,34,12,0,0,0,0,0,0,0,95,8888,511,8888,23
4,1,23,2016.0,0,0,0,0,0,0,0,0,0,0,1,1,5,5,3,4,0,0,0,0,0,0,0,0,5,8888,18,8888,23
5,1,23,2016.0,-9,-9,-16,-12,-20,-15,-13,-19,-10,-7,-7,-8,-3,-4,-3,-7,-6,-10,-10,-6,-3,-19,-19,-17,-3,-20,8888,-11,23
6,1,23,2016.0,13,13,13,13,13,13,13,13,13,12,12,12,12,12,12,13,13,12,13,12,10,5,5,6,13,8888,8888,8888,23
7,1,23,2016.0,106,115,108,94,112,93,101,94,65,47,52,54,47,51,53,46,43,35,33,31,33,21,22,24,115,8888,8888,62,23
8,1,23,2016.0,0,0,0,0,0,0,0,0,0,0,0,0,0,0,0,0,0,0,0,0,0,0,0,0,0,8888,0,8888,23
9,1,23,2016.0,12,12,12,13,13,13,13,13,13,12,12,12,12,12,12,12,12,12,12,12,12,12,12,13,13,8888,8888,8888,23
10,1,23,2016.0,0,0,0,0,0,0,0,10,10,10,10,10,10,10,10,10,7,0,0,0,0,0,0,0,10,8888,98,8888,23
1,1,24,2016.0,0,0,0,0,0,0,0,8,26,45,82,118,133,143,114,50,13,0,0,0,0,0,0,0,143,8888,730,8888,24
2,1,24,2016.0,0,0,0,0,0,0,0,0,0,0,5,29,39,73,66,15,1,0,0,0,0,0,0,0,73,8888,229,8888,24
3,1,24,2016.0,0,0,0,0,0,0,0,8,26,45,76,89,94,69,48,35,12,0,0,0,0,0,0,0,94,8888,501,8888,24
4,1,24,2016.0,0,0,0,0,0,0,0,0,0,0,1,4,5,8,9,6,1,0,0,0,0,0,0,0,9,8888,33,8888,24
5,1,24,2016.0,-24,-23,-26,-29,-6,-18,-9,0,-2,-2,4,-2,10,17,18,17,14,13,13,14,9,2,-3,3,18,-29,8888,0,24
6,1,24,2016.0,5,5,5,4,14,3,15,13,13,12,13,13,12,12,12,12,12,12,13,13,14,14,14,14,14,8888,8888,8888,24
7,1,24,2016.0,19,22,9,12,24,18,19,43,53,34,65,49,47,48,42,52,64,56,106,92,72,99,154,83,154,8888,8888,53,24
8,1,24,2016.0,0,0,0,0,0,0,0,0,0,0,0,0,0,0,0,0,0,0,0,0,0,0,15,10,15,8888,25,8888,24
9,1,24,2016.0,14,12,12,12,12,12,12,12,13,13,12,11,12,11,11,11,11,10,10,11,11,11,11,15,15,8888,8888,8888,24
10,1,24,2016.0,0,0,0,0,0,0,0,10,10,10,10,10,10,10,10,10,8,0,0,0,0,0,0,0,10,8888,98,8888,24
1,1,25,2016.0,0,0,0,0,0,0,0,5,25,33,48,50,44,42,32,32,13,0,0,0,0,0,0,0,50,8888,324,8888,25
2,1,25,2016.0,0,0,0,0,0,0,0,0,0,0,0,0,0,0,0,2,1,0,0,0,0,0,0,0,2,8888,4,8888,25
3,1,25,2016.0,0,0,0,0,0,0,0,5,25,33,47,49,44,42,32,31,12,0,0,0,0,0,0,0,49,8888,320,8888,25
4,1,25,2016.0,0,0,0,0,0,0,0,0,0,0,0,0,0,0,0,1,0,0,0,0,0,0,0,0,1,8888,1,8888,25
5,1,25,2016.0,6,9,9,7,3,1,-2,-11,-16,-7,-9,-8,-7,-14,-12,-18,-17,-18,-13,-8,-7,-2,2,9,9,-18,8888,-5,25
6,1,25,2016.0,14,14,14,14,13,13,13,13,14,13,13,13,13,13,12,13,13,13,13,13,13,13,12,12,13,8888,8888,8888,25
7,1,25,2016.0,132,135,89,120,128,142,122,140,80,153,143,124,106,116,96,99,88,78,61,57,78,56,38,79,153,8888,8888,102,25
8,1,25,2016.0,15,0,0,0,0,0,0,0,0,5,0,0,0,0,0,0,0,0,0,0,0,0,0,0,15,8888,20,8888,25
9,1,25,2016.0,15,15,15,15,15,15,15,15,15,15,15,15,15,15,15,15,14,14,14,14,14,14,14,14,15,8888,8888,8888,25
10,1,25,2016.0,0,0,0,0,0,0,0,10,10,10,10,10,10,10,10,10,8,0,0,0,0,0,0,0,10,8888,98,8888,25
1,1,26,2016.0,0,0,0,0,0,0,0,7,27,44,59,74,72,86,102,28,13,0,0,0,0,0,0,0,102,8888,513,8888,26
2,1,26,2016.0,0,0,0,0,0,0,0,0,0,0,1,1,1,11,42,0,1,0,0,0,0,0,0,0,42,8888,57,8888,26
3,1,26,2016.0,0,0,0,0,0,0,0,7,27,44,59,73,71,74,60,28,12,0,0,0,0,0,0,0,74,8888,456,8888,26
4,1,26,2016.0,0,0,0,0,0,0,0,0,0,0,0,0,0,2,7,0,0,0,0,0,0,0,0,0,7,8888,10,8888,26
5,1,26,2016.0,9,7,8,12,11,12,13,14,14,17,22,28,32,38,43,29,29,32,34,28,24,25,29,33,43,7,8888,23,26
6,1,26,2016.0,13,13,12,13,13,13,13,13,14,13,12,13,13,12,9,5,6,5,5,5,5,5,4,14,13,8888,8888,8888,26
7,1,26,2016.0,91,100,82,94,87,61,76,33,52,44,36,52,27,29,23,11,22,24,46,47,33,31,25,21,100,8888,8888,48,26
8,1,26,2016.0,0,0,0,0,0,0,0,0,0,0,0,0,0,0,0,0,0,0,0,0,0,5,0,0,5,8888,5,8888,26
9,1,26,2016.0,15,15,15,15,14,14,14,14,14,14,14,14,13,12,12,10,11,11,11,11,11,12,12,12,15,8888,8888,8888,26
10,1,26,2016.0,0,0,0,0,0,0,1,10,10,10,10,10,10,10,10,10,8,0,0,0,0,0,0,0,10,8888,98,8888,26
1,1,27,2016.0,0,0,0,0,0,0,0,7,25,45,82,82,132,118,89,36,13,0,0,0,0,0,0,0,132,8888,631,8888,27
2,1,27,2016.0,0,0,0,0,0,0,0,0,0,0,6,1,39,34,25,5,1,0,0,0,0,0,0,0,39,8888,111,8888,27
3,1,27,2016.0,0,0,0,0,0,0,0,7,25,45,77,81,93,84,64,31,13,0,0,0,0,0,0,0,93,8888,520,8888,27
4,1,27,2016.0,0,0,0,0,0,0,0,0,0,0,1,0,5,5,5,2,0,0,0,0,0,0,0,0,5,8888,19,8888,27
5,1,27,2016.0,34,51,42,32,33,29,26,26,26,28,33,30,37,36,26,21,19,16,16,14,16,18,15,19,51,14,8888,27,27
6,1,27,2016.0,13,13,13,14,13,13,14,14,14,14,13,14,13,14,13,13,13,13,13,13,14,14,13,13,13,8888,8888,8888,27
7,1,27,2016.0,27,61,106,48,85,79,59,48,52,52,68,60,66,65,87,74,69,83,89,76,70,43,47,54,106,8888,8888,65,27
8,1,27,2016.0,0,0,5,0,0,0,0,0,0,0,0,0,0,0,0,0,0,0,0,0,0,0,0,0,5,8888,5,8888,27
9,1,27,2016.0,11,11,10,10,10,10,9,10,10,10,9,9,9,9,9,9,9,9,9,9,9,9,9,9,11,8888,8888,8888,27
10,1,27,2016.0,0,0,0,0,0,0,1,10,10,10,10,10,10,10,10,10,8,0,0,0,0,0,0,0,10,8888,99,8888,27
1,1,28,2016.0,0,0,0,0,0,0,0,8,27,66,147,143,95,72,56,23,5,0,0,0,0,0,0,0,147,8888,643,8888,28
2,1,28,2016.0,0,0,0,0,0,0,0,0,0,4,62,53,13,5,4,0,0,0,0,0,0,0,0,0,62,8888,141,8888,28
3,1,28,2016.0,0,0,0,0,0,0,0,8,27,62,85,90,82,67,53,23,5,0,0,0,0,0,0,0,90,8888,502,8888,28
4,1,28,2016.0,0,0,0,0,0,0,0,0,0,1,7,6,2,1,1,0,0,0,0,0,0,0,0,0,7,8888,18,8888,28
5,1,28,2016.0,14,8,15,12,17,18,18,21,19,28,30,26,26,26,23,17,8,6,6,1,0,4,-2,0,30,-2,8888,14,28
6,1,28,2016.0,13,15,15,14,14,14,13,13,13,13,13,14,13,14,13,14,14,14,14,14,14,14,15,14,13,8888,8888,8888,28
7,1,28,2016.0,54,15,21,32,35,51,78,84,73,88,93,82,72,57,87,47,48,37,55,42,38,45,35,44,93,8888,8888,55,28
8,1,28,2016.0,0,0,0,0,0,0,0,0,0,0,0,0,0,0,0,0,0,0,0,0,0,0,0,0,0,8888,0,8888,28
9,1,28,2016.0,9,9,9,9,9,9,9,9,9,9,9,9,9,9,9,9,8,8,8,8,8,8,8,8,9,8888,8888,8888,28
10,1,28,2016.0,0,0,0,0,0,0,1,10,10,10,10,10,10,10,10,10,8,0,0,0,0,0,0,0,10,8888,99,8888,28
1,1,29,2016.0,0,0,0,0,0,0,0,15,86,126,169,161,112,63,44,23,5,0,0,0,0,0,0,0,169,8888,804,8888,29
2,1,29,2016.0,0,0,0,0,0,0,0,0,62,64,102,69,21,1,0,0,0,0,0,0,0,0,0,0,102,8888,320,8888,29
3,1,29,2016.0,0,0,0,0,0,0,0,15,24,62,66,92,91,63,43,23,5,0,0,0,0,0,0,0,92,8888,484,8888,29
4,1,29,2016.0,0,0,0,0,0,0,0,0,10,8,9,7,3,0,0,0,0,0,0,0,0,0,0,0,10,8888,38,8888,29
5,1,29,2016.0,-2,0,5,10,-2,3,-3,1,3,6,7,12,6,1,-1,-3,-6,-6,-4,-3,-4,-3,-5,-9,12,-9,8888,0,29
6,1,29,2016.0,14,14,14,14,15,14,15,14,15,15,14,15,15,15,15,16,16,16,1,1,1,1,1,1,14,8888,8888,8888,29
7,1,29,2016.0,40,38,55,70,43,41,38,48,43,36,41,29,35,34,35,33,24,35,34,30,28,29,36,29,70,8888,8888,38,29
8,1,29,2016.0,0,0,0,0,0,0,0,0,0,0,0,0,0,0,0,0,0,0,0,0,0,0,0,0,0,8888,0,8888,29
9,1,29,2016.0,8,8,8,8,8,9,9,8,8,8,8,8,8,8,8,8,8,8,8,8,8,8,8,8,9,8888,8888,8888,29
10,1,29,2016.0,0,0,0,0,0,0,1,10,10,10,10,10,10,10,10,10,9,0,0,0,0,0,0,0,10,8888,99,8888,29
1,1,30,2016.0,0,0,0,0,0,0,0,12,37,95,142,137,123,151,94,45,7,0,0,0,0,0,0,0,151,8888,842,8888,30
2,1,30,2016.0,0,0,0,0,0,0,0,0,0,21,50,41,30,78,32,8,0,0,0,0,0,0,0,0,78,8888,261,8888,30
3,1,30,2016.0,0,0,0,0,0,0,0,12,37,73,92,96,93,72,62,37,7,0,0,0,0,0,0,0,96,8888,581,8888,30
4,1,30,2016.0,0,0,0,0,0,0,0,0,0,4,6,5,4,8,6,3,0,0,0,0,0,0,0,0,8,8888,36,8888,30
5,1,30,2016.0,-10,-12,-12,-12,-12,-12,-11,-7,-1,11,12,5,5,6,12,4,2,0,-1,-4,-6,-5,-6,-7,12,-12,8888,-3,30
6,1,30,2016.0,1,1,1,1,2,2,1,16,16,13,14,13,13,12,13,13,13,13,13,13,13,13,13,14,13,8888,8888,8888,30
7,1,30,2016.0,34,33,31,25,21,25,19,16,14,38,29,48,37,41,41,50,47,57,74,80,71,70,69,61,80,8888,8888,43,30
8,1,30,2016.0,0,0,0,0,0,0,0,0,0,0,0,0,0,0,0,0,0,0,0,0,0,0,0,0,0,8888,0,8888,30
9,1,30,2016.0,8,8,8,8,8,8,8,8,8,8,8,8,8,8,8,7,7,8,7,7,7,7,7,7,8,8888,8888,8888,30
10,1,30,2016.0,0,0,0,0,0,0,1,10,10,10,10,10,10,10,10,10,9,0,0,0,0,0,0,0,10,8888,100,8888,30
1,1,31,2016.0,0,0,0,0,0,0,0,8,27,80,83,85,81,69,61,28,6,0,0,0,0,0,0,0,85,8888,529,8888,31
2,1,31,2016.0,0,0,0,0,0,0,0,0,0,10,6,6,6,1,4,0,0,0,0,0,0,0,0,0,10,8888,33,8888,31
3,1,31,2016.0,0,0,0,0,0,0,0,8,27,70,78,78,75,68,57,27,6,0,0,0,0,0,0,0,78,8888,497,8888,31
4,1,31,2016.0,0,0,0,0,0,0,0,0,0,2,1,1,1,0,1,0,0,0,0,0,0,0,0,0,2,8888,7,8888,31
5,1,31,2016.0,-4,-2,-5,-7,-8,-3,-9,-9,-10,-15,-12,-12,-19,-14,-18,-17,-17,-23,-15,-9,-7,0,3,-2,3,-23,8888,-10,31
6,1,31,2016.0,13,13,13,13,13,12,13,14,14,13,13,13,14,13,14,13,13,14,14,13,13,13,13,14,13,8888,8888,8888,31
7,1,31,2016.0,64,86,100,93,90,66,77,71,67,87,76,83,71,58,64,79,78,45,64,79,103,100,104,77,104,8888,8888,78,31
8,1,31,2016.0,0,0,0,0,0,0,0,0,0,0,0,0,0,0,0,0,0,0,0,0,0,0,0,0,0,8888,0,8888,31
9,1,31,2016.0,7,7,7,7,7,7,7,7,7,7,7,7,7,7,7,7,7,7,7,7,7,6,6,7,7,8888,8888,8888,31
10,1,31,2016.0,0,0,0,0,0,0,1,10,10,10,10,10,10,10,10,10,9,0,0,0,0,0,0,0,10,8888,100,8888,31
1,2,1,2013.0,0,0,0,0,0,0,0,13,57,119,175,189,187,163,127,71,16,0,0,0,0,0,0,0,189,8888,1118,8888,32
2,2,1,2013.0,0,0,0,0,0,0,0,0,10,56,128,138,137,116,90,44,3,0,0,0,0,0,0,0,138,8888,722,8888,32
3,2,1,2013.0,0,0,0,0,0,0,0,13,47,63,47,51,51,47,38,27,13,0,0,0,0,0,0,0,63,8888,397,8888,32
4,2,1,2013.0,0,0,0,0,0,0,0,0,3,8,10,10,10,10,10,10,3,0,0,0,0,0,0,0,10,8888,74,8888,32
5,2,1,2013.0,2,8,10,16,15,13,19,29,40,50,54,60,64,74,82,81,71,80,72,82,90,92,87,85,92,2,8888,53,32
6,2,1,2013.0,5,4,4,4,5,4,4,5,5,6,7,6,7,6,6,6,5,4,5,5,5,5,5,8,7,8888,8888,8888,32
7,2,1,2013.0,5,8,7,7,7,4,5,7,10,21,27,25,28,18,20,16,18,22,16,20,19,17,15,28,28,8888,8888,15,32
8,2,1,2013.0,0,0,0,0,0,0,0,0,0,0,0,0,0,0,0,0,0,0,0,0,0,0,0,0,0,8888,0,8888,32
9,2,1,2013.0,40,40,40,40,40,40,40,40,40,40,39,39,38,38,38,37,37,37,37,37,37,36,36,36,40,8888,8888,8888,32
10,2,1,2013.0,0,0,0,0,0,0,1,10,10,10,10,10,10,10,10,10,9,0,0,0,0,0,0,0,10,8888,101,8888,32
1,2,2,2013.0,0,0,0,0,0,0,0,3,25,26,29,30,38,31,21,16,5,0,0,0,0,0,0,0,38,8888,225,8888,33
2,2,2,2013.0,0,0,0,0,0,0,0,0,0,0,0,0,0,0,0,0,0,0,0,0,0,0,0,0,0,8888,0,8888,33
3,2,2,2013.0,0,0,0,0,0,0,0,3,25,26,29,30,38,31,21,16,5,0,0,0,0,0,0,0,38,8888,225,8888,33
4,2,2,2013.0,0,0,0,0,0,0,0,0,0,0,0,0,0,0,0,0,0,0,0,0,0,0,0,0,0,8888,0,8888,33
5,2,2,2013.0,68,75,46,48,51,52,52,83,64,50,50,46,37,32,28,21,15,12,6,7,12,9,5,0,83,0,8888,36,33
6,2,2,2013.0,5,5,5,5,5,5,5,12,13,13,13,13,13,13,13,14,14,14,14,14,13,13,13,13,13,8888,8888,8888,33
7,2,2,2013.0,14,23,20,25,16,20,12,34,17,28,31,45,44,44,33,26,29,27,31,29,31,60,25,36,60,8888,8888,29,33
8,2,2,2013.0,0,0,20,10,15,10,15,15,0,0,0,0,0,0,0,0,0,0,0,0,0,0,0,0,20,8888,85,8888,33
9,2,2,2013.0,36,35,35,35,35,35,34,33,33,31,31,30,30,30,30,30,30,30,30,30,29,29,29,29,36,8888,8888,8888,33
10,2,2,2013.0,0,0,0,0,0,0,2,10,10,10,10,10,10,10,10,10,9,0,0,0,0,0,0,0,10,8888,101,8888,33
1,2,3,2013.0,0,0,0,0,0,0,1,10,31,48,73,81,76,70,66,31,7,0,0,0,0,0,0,0,81,8888,493,8888,34
2,2,3,2013.0,0,0,0,0,0,0,0,0,0,0,1,1,1,1,4,0,0,0,0,0,0,0,0,0,4,8888,9,8888,34
3,2,3,2013.0,0,0,0,0,0,0,1,10,31,48,72,80,76,69,62,30,7,0,0,0,0,0,0,0,80,8888,485,8888,34
4,2,3,2013.0,0,0,0,0,0,0,0,0,0,0,0,0,0,0,1,0,0,0,0,0,0,0,0,0,1,8888,1,8888,34
5,2,3,2013.0,0,-6,-13,-7,-13,-14,-16,-20,-11,-16,-13,-12,-12,-9,-6,-6,-5,-5,-3,-2,2,5,7,7,7,-20,8888,-7,34
6,2,3,2013.0,13,13,13,13,13,13,13,13,13,13,13,13,13,13,13,13,13,13,13,12,13,13,13,13,13,8888,8888,8888,34
7,2,3,2013.0,49,47,91,68,59,46,71,79,42,60,39,46,42,48,41,34,48,28,36,18,35,23,27,19,91,8888,8888,46,34
8,2,3,2013.0,0,0,0,0,0,0,0,0,0,0,0,0,0,0,0,0,0,0,0,0,0,0,0,0,0,8888,0,8888,34
9,2,3,2013.0,29,29,29,29,29,29,29,29,29,29,29,29,29,29,29,29,28,28,28,28,28,28,28,28,29,8888,8888,8888,34
10,2,3,2013.0,0,0,0,0,0,0,2,10,10,10,10,10,10,10,10,10,10,0,0,0,0,0,0,0,10,8888,101,8888,34
1,2,4,2013.0,0,0,0,0,0,0,1,11,32,45,86,103,152,63,45,21,3,0,0,0,0,0,0,0,152,8888,560,8888,35
2,2,4,2013.0,0,0,0,0,0,0,0,0,0,0,1,7,44,1,0,0,0,0,0,0,0,0,0,0,44,8888,54,8888,35
3,2,4,2013.0,0,0,0,0,0,0,1,11,32,45,85,96,107,62,44,21,3,0,0,0,0,0,0,0,107,8888,506,8888,35
4,2,4,2013.0,0,0,0,0,0,0,0,0,0,0,0,1,5,0,0,0,0,0,0,0,0,0,0,0,5,8888,6,8888,35
5,2,4,2013.0,7,11,8,8,8,6,-7,6,5,5,19,29,41,34,33,15,13,41,36,32,33,10,1,0,41,-7,8888,16,35
6,2,4,2013.0,13,13,13,13,12,12,1,3,5,5,5,6,6,6,5,5,6,12,13,13,13,15,14,14,15,8888,8888,8888,35
7,2,4,2013.0,18,27,25,20,11,12,8,14,11,12,17,20,25,25,20,14,19,19,46,42,30,81,57,64,81,8888,8888,27,35
8,2,4,2013.0,0,0,0,0,0,0,0,0,0,0,0,0,0,0,0,5,15,15,5,5,0,15,0,0,15,8888,60,8888,35
9,2,4,2013.0,28,28,28,28,28,28,28,28,28,28,28,28,28,28,28,27,28,27,27,27,26,27,27,27,28,8888,8888,8888,35
10,2,4,2013.0,0,0,0,0,0,0,2,10,10,10,10,10,10,10,10,10,10,0,0,0,0,0,0,0,10,8888,102,8888,35
1,2,5,2013.0,0,0,0,0,0,0,1,13,39,60,79,77,82,59,48,29,7,0,0,0,0,0,0,0,82,8888,494,8888,36
2,2,5,2013.0,0,0,0,0,0,0,0,0,0,1,1,1,1,1,0,0,0,0,0,0,0,0,0,0,1,8888,5,8888,36
3,2,5,2013.0,0,0,0,0,0,0,1,13,38,59,78,76,81,58,47,29,7,0,0,0,0,0,0,0,81,8888,488,8888,36
4,2,5,2013.0,0,0,0,0,0,0,0,0,0,0,0,0,0,0,0,0,0,0,0,0,0,0,0,0,0,8888,1,8888,36
5,2,5,2013.0,-1,-6,-11,-17,-23,-26,-24,-18,-15,-13,-11,-9,-7,-7,-8,-11,-10,-8,-8,-9,-10,-10,-10,-8,-1,-26,8888,-12,36
6,2,5,2013.0,13,13,13,13,13,13,13,13,13,13,13,13,13,13,13,14,13,13,13,14,14,16,16,16,13,8888,8888,8888,36
7,2,5,2013.0,85,72,74,78,76,72,68,71,56,55,55,46,55,53,47,36,39,35,30,33,29,23,23,20,85,8888,8888,51,36
8,2,5,2013.0,5,0,0,0,0,0,0,0,0,0,0,0,0,0,0,0,0,0,0,0,0,0,0,0,5,8888,5,8888,36
9,2,5,2013.0,27,27,27,27,27,27,25,25,26,26,26,26,26,26,26,26,26,26,26,26,26,26,26,26,27,8888,8888,8888,36
10,2,5,2013.0,0,0,0,0,0,0,2,10,10,10,10,10,10,10,10,10,10,0,0,0,0,0,0,0,10,8888,102,8888,36
1,2,6,2013.0,0,0,0,0,0,0,1,13,39,64,100,142,74,67,44,28,7,0,0,0,0,0,0,0,142,8888,579,8888,37
2,2,6,2013.0,0,0,0,0,0,0,0,0,0,1,7,33,1,1,0,0,0,0,0,0,0,0,0,0,33,8888,44,8888,37
3,2,6,2013.0,0,0,0,0,0,0,1,13,38,63,93,109,74,66,43,28,7,0,0,0,0,0,0,0,109,8888,535,8888,37
4,2,6,2013.0,0,0,0,0,0,0,0,0,0,0,1,4,0,0,0,0,0,0,0,0,0,0,0,0,4,8888,5,8888,37
5,2,6,2013.0,-6,-4,-5,-5,-9,-8,-9,-8,3,13,23,19,21,25,21,18,5,-5,-20,-23,-17,-31,-30,-38,25,-38,8888,-3,37
6,2,6,2013.0,1,1,1,1,5,5,5,2,0,7,7,10,8,13,16,6,2,2,1,1,1,1,2,1,1,8888,8888,8888,37
7,2,6,2013.0,17,19,15,12,3,11,5,5,0,3,14,17,14,17,17,6,4,5,15,11,19,14,5,7,19,8888,8888,11,37
8,2,6,2013.0,0,0,0,0,0,0,0,0,0,0,0,0,0,0,0,0,0,0,0,0,0,0,0,0,0,8888,0,8888,37
9,2,6,2013.0,26,26,26,26,26,26,26,26,26,26,26,26,26,26,26,26,26,26,26,26,26,26,26,26,26,8888,8888,8888,37
10,2,6,2013.0,0,0,0,0,0,0,2,10,10,10,10,10,10,10,10,10,10,0,0,0,0,0,0,0,10,8888,102,8888,37
1,2,7,2013.0,0,0,0,0,0,0,1,9,25,30,36,30,32,54,39,24,5,0,0,0,0,0,0,0,54,8888,285,8888,38
2,2,7,2013.0,0,0,0,0,0,0,0,0,0,0,0,0,0,0,0,0,0,0,0,0,0,0,0,0,0,8888,1,8888,38
3,2,7,2013.0,0,0,0,0,0,0,1,9,25,30,36,30,32,53,39,24,5,0,0,0,0,0,0,0,53,8888,285,8888,38
4,2,7,2013.0,0,0,0,0,0,0,0,0,0,0,0,0,0,0,0,0,0,0,0,0,0,0,0,0,0,8888,0,8888,38
5,2,7,2013.0,-25,-5,-4,6,9,17,26,35,40,16,6,5,11,21,32,33,23,16,17,8,-5,-4,-7,-10,40,-25,8888,11,38
6,2,7,2013.0,8,4,5,5,6,5,5,5,5,5,5,0,13,11,11,11,12,12,12,12,12,12,11,12,11,8888,8888,8888,38
7,2,7,2013.0,3,14,14,24,21,19,21,25,37,26,13,2,16,48,47,52,22,19,23,16,26,67,83,52,83,8888,8888,29,38
8,2,7,2013.0,0,0,0,0,0,0,0,0,0,0,20,20,15,5,5,0,0,0,0,0,0,5,0,0,20,8888,70,8888,38
9,2,7,2013.0,26,26,26,26,26,26,26,26,26,26,28,28,28,28,28,28,27,27,27,27,27,27,27,27,28,8888,8888,8888,38
10,2,7,2013.0,0,0,0,0,0,0,2,10,10,10,10,10,10,10,10,10,10,0,0,0,0,0,0,0,10,8888,103,8888,38
1,2,8,2013.0,0,0,0,0,0,0,1,9,37,42,57,55,108,87,43,28,8,0,0,0,0,0,0,0,108,8888,475,8888,39
2,2,8,2013.0,0,0,0,0,0,0,0,0,0,0,1,0,8,6,0,0,0,0,0,0,0,0,0,0,8,8888,16,8888,39
3,2,8,2013.0,0,0,0,0,0,0,1,9,37,42,56,54,101,81,43,28,8,0,0,0,0,0,0,0,101,8888,460,8888,39
4,2,8,2013.0,0,0,0,0,0,0,0,0,0,0,0,0,1,1,0,0,0,0,0,0,0,0,0,0,1,8888,2,8888,39
5,2,8,2013.0,-23,-17,-27,-25,-11,-6,-4,7,12,-1,-8,-11,-4,-6,-15,-11,-12,-6,-20,-20,-26,-31,-28,-27,12,-31,8888,-13,39
6,2,8,2013.0,12,12,12,11,12,12,12,13,13,13,13,13,13,13,13,13,14,13,13,13,13,13,13,13,13,8888,8888,8888,39
7,2,8,2013.0,84,79,48,75,59,53,66,72,112,100,117,100,109,88,79,80,82,66,74,70,65,66,23,59,117,8888,8888,76,39
8,2,8,2013.0,0,0,0,5,0,5,0,5,0,0,0,5,0,0,0,0,0,0,10,0,0,0,5,0,10,8888,35,8888,39
9,2,8,2013.0,27,27,27,27,28,27,27,27,29,28,28,28,28,28,28,28,28,29,29,29,29,28,28,32,32,8888,8888,8888,39
10,2,8,2013.0,0,0,0,0,0,0,3,10,10,10,10,10,10,10,10,10,10,1,0,0,0,0,0,0,10,8888,103,8888,39
1,2,9,2013.0,0,0,0,0,0,0,2,14,29,84,144,161,176,134,72,39,11,0,0,0,0,0,0,0,176,8888,866,8888,40
2,2,9,2013.0,0,0,0,0,0,0,0,0,0,6,42,60,77,40,5,1,0,0,0,0,0,0,0,0,77,8888,229,8888,40
3,2,9,2013.0,0,0,0,0,0,0,2,14,29,78,102,101,99,95,67,39,11,0,0,0,0,0,0,0,102,8888,636,8888,40
4,2,9,2013.0,0,0,0,0,0,0,0,0,0,1,5,6,7,5,1,0,0,0,0,0,0,0,0,0,7,8888,25,8888,40
5,2,9,2013.0,-24,-24,-26,-28,-27,-23,-29,-29,-31,-15,-12,-9,-3,-14,-17,-22,-20,-17,-20,-19,-14,-12,-12,-8,-3,-31,8888,-19,40
6,2,9,2013.0,13,13,13,13,13,13,13,13,14,12,12,13,12,13,13,13,12,12,12,12,13,12,12,12,13,8888,8888,8888,40
7,2,9,2013.0,23,29,42,55,39,28,41,50,40,21,18,18,18,16,19,20,12,15,14,14,24,18,22,25,55,8888,8888,26,40
8,2,9,2013.0,0,0,0,0,0,0,0,0,5,0,0,0,0,0,0,0,0,0,0,0,0,0,0,0,5,8888,5,8888,40
9,2,9,2013.0,33,34,36,38,38,38,38,37,37,37,37,36,36,36,36,36,36,36,36,36,36,36,36,35,38,8888,8888,8888,40
10,2,9,2013.0,0,0,0,0,0,0,3,10,10,10,10,10,10,10,10,10,10,1,0,0,0,0,0,0,10,8888,104,8888,40
1,2,10,2013.0,0,0,0,0,0,0,2,20,50,98,137,70,85,117,74,55,12,0,0,0,0,0,0,0,137,8888,720,8888,41
2,2,10,2013.0,0,0,0,0,0,0,0,0,3,11,32,1,1,22,5,6,0,0,0,0,0,0,0,0,32,8888,80,8888,41
3,2,10,2013.0,0,0,0,0,0,0,2,19,47,87,106,69,84,96,70,49,12,0,0,0,0,0,0,0,106,8888,639,8888,41
4,2,10,2013.0,0,0,0,0,0,0,0,0,1,2,4,0,0,3,1,2,0,0,0,0,0,0,0,0,4,8888,14,8888,41
5,2,10,2013.0,-10,-9,-7,-10,-8,-11,-16,-13,0,4,8,3,4,18,7,3,1,-2,-4,-1,1,-3,-7,-11,18,-16,8888,-3,41
6,2,10,2013.0,12,13,13,13,13,13,14,13,12,13,12,12,13,12,13,12,13,13,13,13,13,13,13,13,13,8888,8888,8888,41
7,2,10,2013.0,14,17,14,19,22,20,25,30,18,13,12,11,19,11,15,8,24,30,21,18,20,23,19,22,30,8888,8888,19,41
8,2,10,2013.0,0,0,0,0,0,0,0,0,0,0,0,0,0,0,0,0,0,0,0,0,0,0,0,0,0,8888,0,8888,41
9,2,10,2013.0,35,35,35,35,35,34,34,34,34,34,34,34,33,33,33,33,33,32,33,33,33,33,33,33,35,8888,8888,8888,41
10,2,10,2013.0,0,0,0,0,0,0,3,10,10,10,10,10,10,10,10,10,10,1,0,0,0,0,0,0,10,8888,104,8888,41
1,2,11,2013.0,0,0,0,0,0,0,2,15,46,76,92,108,148,107,69,25,10,0,0,0,0,0,0,0,148,8888,698,8888,42
2,2,11,2013.0,0,0,0,0,0,0,0,0,1,1,6,8,35,13,5,0,0,0,0,0,0,0,0,0,35,8888,69,8888,42
3,2,11,2013.0,0,0,0,0,0,0,2,15,46,75,85,101,113,94,64,25,10,0,0,0,0,0,0,0,113,8888,629,8888,42
4,2,11,2013.0,0,0,0,0,0,0,0,0,0,0,1,1,4,2,1,0,0,0,0,0,0,0,0,0,4,8888,10,8888,42
5,2,11,2013.0,-12,-11,-12,-15,-24,-22,-18,-29,-30,-22,-29,-20,-11,-13,-13,-17,-15,-18,-13,-12,-20,-18,-17,-22,-11,-30,8888,-18,42
6,2,11,2013.0,13,12,12,12,12,12,12,12,13,13,13,13,13,13,13,13,13,12,12,13,13,13,12,13,13,8888,8888,8888,42
7,2,11,2013.0,27,23,22,25,18,28,27,28,55,73,68,35,29,40,45,54,29,32,31,28,39,31,26,57,73,8888,8888,36,42
8,2,11,2013.0,0,0,0,0,0,0,0,0,0,0,0,0,0,0,0,5,0,5,0,0,0,0,0,0,5,8888,10,8888,42
9,2,11,2013.0,33,33,33,33,33,33,33,33,33,33,32,32,33,33,33,33,33,33,33,34,34,35,35,35,35,8888,8888,8888,42
10,2,11,2013.0,0,0,0,0,0,0,3,10,10,10,10,10,10,10,10,10,10,1,0,0,0,0,0,0,10,8888,104,8888,42
1,2,12,2013.0,0,0,0,0,0,0,2,15,40,62,98,82,89,65,48,32,9,0,0,0,0,0,0,0,98,8888,541,8888,43
2,2,12,2013.0,0,0,0,0,0,0,0,0,0,1,7,1,1,1,0,0,0,0,0,0,0,0,0,0,7,8888,11,8888,43
3,2,12,2013.0,0,0,0,0,0,0,2,15,39,61,91,81,88,64,48,32,9,0,0,0,0,0,0,0,91,8888,530,8888,43
4,2,12,2013.0,0,0,0,0,0,0,0,0,0,0,1,0,0,0,0,0,0,0,0,0,0,0,0,0,1,8888,1,8888,43
5,2,12,2013.0,-18,-17,-16,-20,-22,-20,-22,-17,-16,-11,-8,-7,-2,-1,-2,-5,-13,-13,-11,-11,-10,-11,-16,-16,-1,-22,8888,-13,43
6,2,12,2013.0,13,13,12,12,12,12,12,13,12,13,12,12,12,12,13,11,3,4,4,4,5,14,1,14,13,8888,8888,8888,43
7,2,12,2013.0,21,18,20,20,20,17,12,16,18,17,12,11,12,11,8,6,5,7,14,15,12,5,10,11,21,8888,8888,13,43
8,2,12,2013.0,0,0,0,0,0,0,0,0,0,0,0,0,0,0,0,0,0,0,0,0,0,0,0,0,0,8888,0,8888,43
9,2,12,2013.0,35,35,35,35,35,35,35,35,35,34,34,34,34,34,34,34,33,33,33,33,33,33,33,33,35,8888,8888,8888,43
10,2,12,2013.0,0,0,0,0,0,0,3,10,10,10,10,10,10,10,10,10,10,1,0,0,0,0,0,0,10,8888,105,8888,43
1,2,13,2013.0,0,0,0,0,0,0,2,17,47,141,197,217,195,158,145,71,17,1,0,0,0,0,0,0,217,8888,1209,8888,44
2,2,13,2013.0,0,0,0,0,0,0,0,0,1,69,147,162,102,69,102,23,1,0,0,0,0,0,0,0,162,8888,676,8888,44
3,2,13,2013.0,0,0,0,0,0,0,2,17,46,72,51,55,93,90,43,48,16,1,0,0,0,0,0,0,93,8888,534,8888,44
4,2,13,2013.0,0,0,0,0,0,0,0,0,0,8,10,10,8,7,10,6,1,0,0,0,0,0,0,0,10,8888,58,8888,44
5,2,13,2013.0,-23,-23,-20,-23,-24,-17,-9,-1,9,16,26,34,33,33,33,22,19,17,15,13,13,13,10,14,34,-24,8888,7,44
6,2,13,2013.0,0,16,1,1,1,2,1,2,6,1,16,13,13,13,13,14,15,15,15,14,14,13,14,13,13,8888,8888,8888,44
7,2,13,2013.0,2,13,12,9,8,11,41,24,15,29,38,25,30,43,46,35,28,35,33,33,37,35,30,36,46,8888,8888,27,44
8,2,13,2013.0,0,0,0,0,0,0,0,0,0,0,0,0,0,0,0,0,0,0,0,0,0,0,0,0,0,8888,0,8888,44
9,2,13,2013.0,33,33,34,34,34,34,34,34,34,33,33,33,33,32,31,31,31,31,31,31,31,31,31,31,34,8888,8888,8888,44
10,2,13,2013.0,0,0,0,0,0,0,4,10,10,10,10,10,10,10,10,10,10,2,0,0,0,0,0,0,10,8888,105,8888,44
1,2,14,2013.0,0,0,0,0,0,0,3,18,51,109,156,129,79,71,70,50,16,1,0,0,0,0,0,0,156,8888,755,8888,45
2,2,14,2013.0,0,0,0,0,0,0,0,0,1,25,58,25,1,1,5,3,0,0,0,0,0,0,0,0,58,8888,118,8888,45
3,2,14,2013.0,0,0,0,0,0,0,3,18,50,84,99,105,79,70,65,47,16,1,0,0,0,0,0,0,105,8888,637,8888,45
4,2,14,2013.0,0,0,0,0,0,0,0,0,0,4,6,3,0,0,1,1,0,0,0,0,0,0,0,0,6,8888,15,8888,45
5,2,14,2013.0,12,5,4,7,8,7,9,14,21,38,39,30,17,25,27,21,30,31,34,20,14,29,23,22,39,4,8888,20,45
6,2,14,2013.0,13,13,13,13,13,13,13,13,13,13,12,12,10,9,11,12,12,12,12,13,1,14,15,15,13,8888,8888,8888,45
7,2,14,2013.0,26,22,33,29,15,30,25,31,14,10,14,15,16,15,10,8,14,32,18,20,16,31,25,18,33,8888,8888,20,45
8,2,14,2013.0,0,0,0,0,0,0,0,0,0,0,0,0,0,0,5,0,0,0,0,10,5,0,0,0,10,8888,20,8888,45
9,2,14,2013.0,31,31,30,31,31,31,31,31,31,30,30,30,30,29,29,29,29,29,29,29,29,29,29,29,31,8888,8888,8888,45
10,2,14,2013.0,0,0,0,0,0,0,4,10,10,10,10,10,10,10,10,10,10,2,0,0,0,0,0,0,10,8888,106,8888,45
1,2,15,2013.0,0,0,0,0,0,0,3,16,19,42,48,53,52,65,72,22,12,1,0,0,0,0,0,0,72,8888,403,8888,46
2,2,15,2013.0,0,0,0,0,0,0,0,0,0,0,0,0,0,1,5,0,0,0,0,0,0,0,0,0,5,8888,7,8888,46
3,2,15,2013.0,0,0,0,0,0,0,3,16,19,41,47,52,52,64,67,22,12,1,0,0,0,0,0,0,67,8888,397,8888,46
4,2,15,2013.0,0,0,0,0,0,0,0,0,0,0,0,0,0,0,1,0,0,0,0,0,0,0,0,0,1,8888,1,8888,46
5,2,15,2013.0,24,20,16,7,17,11,8,6,-1,3,2,3,10,8,15,0,0,-6,-11,-14,-20,-20,-27,-26,24,-27,8888,1,46
6,2,15,2013.0,15,16,1,2,2,4,16,4,5,0,0,0,15,14,12,7,0,16,15,15,15,16,16,15,15,8888,8888,8888,46
7,2,15,2013.0,25,20,18,8,14,9,7,11,3,0,0,0,11,15,8,3,1,25,21,35,39,30,36,40,40,8888,8888,16,46
8,2,15,2013.0,0,0,0,0,0,0,0,0,10,5,5,5,5,0,0,10,0,0,0,0,0,0,0,5,10,8888,45,8888,46
9,2,15,2013.0,29,29,29,29,29,29,29,30,30,29,29,29,29,29,30,30,28,28,31,32,29,28,29,29,32,8888,8888,8888,46
10,2,15,2013.0,0,0,0,0,0,0,4,10,10,10,10,10,10,10,10,10,10,2,0,0,0,0,0,0,10,8888,106,8888,46
1,2,16,2013.0,0,0,0,0,0,0,3,17,43,61,122,94,99,78,56,53,16,1,0,0,0,0,0,0,122,8888,643,8888,47
2,2,16,2013.0,0,0,0,0,0,0,0,0,0,1,14,7,1,1,1,3,0,0,0,0,0,0,0,0,14,8888,29,8888,47
3,2,16,2013.0,0,0,0,0,0,0,3,17,43,60,108,87,98,77,56,50,16,1,0,0,0,0,0,0,108,8888,614,8888,47
4,2,16,2013.0,0,0,0,0,0,0,0,0,0,0,2,1,0,0,0,1,0,0,0,0,0,0,0,0,2,8888,4,8888,47
5,2,16,2013.0,-34,-36,-26,-25,-27,-33,-37,-29,-39,-32,-21,-29,-30,-30,-28,-27,-31,-30,-25,-40,-25,-27,-38,-33,-21,-40,8888,-31,47
6,2,16,2013.0,16,15,14,14,14,13,14,13,13,13,13,13,14,14,14,13,13,13,13,15,13,14,15,13,13,8888,8888,8888,47
7,2,16,2013.0,34,40,55,50,47,54,53,60,55,47,49,50,74,55,49,67,77,50,71,57,50,45,51,59,77,8888,8888,54,47
8,2,16,2013.0,5,10,0,0,0,0,0,0,0,0,0,5,0,0,0,0,0,0,0,0,0,0,0,0,10,8888,20,8888,47
9,2,16,2013.0,33,33,33,33,33,33,34,36,34,34,34,35,35,35,35,34,35,35,34,35,35,35,35,35,36,8888,8888,8888,47
10,2,16,2013.0,0,0,0,0,0,0,4,10,10,10,10,10,10,10,10,10,10,2,0,0,0,0,0,0,10,8888,106,8888,47
1,2,17,2013.0,0,0,0,0,0,0,3,20,64,117,132,90,161,181,146,57,24,1,0,0,0,0,0,0,181,8888,997,8888,48
2,2,17,2013.0,0,0,0,0,0,0,0,0,4,27,24,1,39,94,82,7,3,0,0,0,0,0,0,0,94,8888,280,8888,48
3,2,17,2013.0,0,0,0,0,0,0,3,20,60,91,108,89,123,88,64,50,21,1,0,0,0,0,0,0,123,8888,717,8888,48
4,2,17,2013.0,0,0,0,0,0,0,0,0,1,4,3,0,4,8,9,2,2,0,0,0,0,0,0,0,9,8888,35,8888,48
5,2,17,2013.0,-41,-39,-33,-34,-32,-23,-26,-33,-16,-29,-11,-27,-4,3,2,-8,-10,-12,-8,-7,6,8,5,-13,8,-41,8888,-16,48
6,2,17,2013.0,15,15,15,13,14,13,13,15,13,15,13,14,13,13,13,13,13,13,12,12,11,10,10,5,13,8888,8888,8888,48
7,2,17,2013.0,34,52,44,70,43,67,39,54,54,60,35,41,58,31,19,23,17,10,10,7,19,16,17,12,70,8888,8888,35,48
8,2,17,2013.0,10,0,0,5,0,0,0,0,0,0,5,0,0,0,0,0,0,0,0,0,0,0,0,0,10,8888,20,8888,48
9,2,17,2013.0,36,36,36,36,36,36,36,35,35,35,35,35,35,35,35,34,34,34,34,34,34,34,34,34,36,8888,8888,8888,48
10,2,17,2013.0,0,0,0,0,0,0,4,10,10,10,10,10,10,10,10,10,10,2,0,0,0,0,0,0,10,8888,107,8888,48
1,2,18,2013.0,0,0,0,0,0,0,3,6,33,39,60,62,76,47,35,27,12,2,0,0,0,0,0,0,76,8888,402,8888,49
2,2,18,2013.0,0,0,0,0,0,0,0,0,0,0,1,1,1,0,0,0,0,0,0,0,0,0,0,0,1,8888,3,8888,49
3,2,18,2013.0,0,0,0,0,0,0,3,6,33,39,60,61,75,47,35,27,12,2,0,0,0,0,0,0,75,8888,400,8888,49
4,2,18,2013.0,0,0,0,0,0,0,0,0,0,0,0,0,0,0,0,0,0,0,0,0,0,0,0,0,0,8888,0,8888,49
5,2,18,2013.0,-15,-12,-8,-8,-6,-3,-9,-9,-3,3,4,8,8,6,7,12,18,24,23,17,15,9,9,4,24,-15,8888,4,49
6,2,18,2013.0,5,5,5,5,5,5,5,5,5,5,2,5,5,0,5,11,13,13,13,13,13,13,13,12,13,8888,8888,8888,49
7,2,18,2013.0,10,13,18,20,19,21,16,14,10,8,5,9,7,0,11,6,15,35,22,41,33,29,25,19,41,8888,8888,17,49
8,2,18,2013.0,0,10,0,0,0,5,25,15,5,10,5,5,0,5,5,5,0,5,0,0,0,0,0,0,25,8888,100,8888,49
9,2,18,2013.0,35,36,37,37,36,36,39,45,45,45,45,45,45,45,45,45,45,45,44,43,43,42,42,42,45,8888,8888,8888,49
10,2,18,2013.0,0,0,0,0,0,0,5,10,10,10,10,10,10,10,10,10,10,3,0,0,0,0,0,0,10,8888,107,8888,49
1,2,19,2013.0,0,0,0,0,0,0,4,17,37,53,123,79,106,120,91,37,14,2,0,0,0,0,0,0,123,8888,682,8888,50
2,2,19,2013.0,0,0,0,0,0,0,0,0,0,0,15,1,8,14,11,0,0,0,0,0,0,0,0,0,15,8888,50,8888,50
3,2,19,2013.0,0,0,0,0,0,0,4,17,37,52,108,78,98,106,80,36,14,2,0,0,0,0,0,0,108,8888,632,8888,50
4,2,19,2013.0,0,0,0,0,0,0,0,0,0,0,2,0,1,2,2,0,0,0,0,0,0,0,0,0,2,8888,8,8888,50
5,2,19,2013.0,2,3,1,4,10,12,12,5,-3,3,-4,-1,0,-10,-14,-23,-21,-25,-22,-28,-26,-26,-29,-36,12,-36,8888,-9,50
6,2,19,2013.0,12,12,12,12,12,14,13,13,13,13,13,13,13,12,13,13,13,13,13,13,13,13,13,13,13,8888,8888,8888,50
7,2,19,2013.0,19,21,26,35,48,51,57,91,54,47,65,64,30,29,37,47,50,30,28,30,32,30,44,80,91,8888,8888,44,50
8,2,19,2013.0,0,0,0,0,0,5,0,0,5,5,0,0,0,0,0,0,0,0,0,0,0,0,0,0,5,8888,15,8888,50
9,2,19,2013.0,42,42,42,41,41,42,43,44,43,43,43,43,43,42,41,41,40,40,40,40,40,40,40,40,44,8888,8888,8888,50
10,2,19,2013.0,0,0,0,0,0,0,5,10,10,10,10,10,10,10,10,10,10,3,0,0,0,0,0,0,10,8888,108,8888,50
1,2,20,2013.0,0,0,0,0,0,0,4,21,61,86,149,108,142,136,81,50,16,2,0,0,0,0,0,0,149,8888,856,8888,51
2,2,20,2013.0,0,0,0,0,0,0,0,0,4,6,35,8,27,33,5,3,0,0,0,0,0,0,0,0,35,8888,121,8888,51
3,2,20,2013.0,0,0,0,0,0,0,4,21,57,80,114,100,115,103,75,46,16,2,0,0,0,0,0,0,115,8888,734,8888,51
4,2,20,2013.0,0,0,0,0,0,0,0,0,1,1,4,1,3,4,1,1,0,0,0,0,0,0,0,0,4,8888,16,8888,51
5,2,20,2013.0,-40,-38,-35,-32,-29,-25,-25,-20,-18,-15,-18,-26,-25,-35,-43,-43,-45,-45,-50,-52,-51,-54,-52,-46,-15,-54,8888,-36,51
6,2,20,2013.0,13,12,13,13,13,13,13,13,13,13,13,13,13,13,13,13,13,13,13,13,13,13,13,13,13,8888,8888,8888,51
7,2,20,2013.0,37,33,65,75,57,70,56,31,52,53,65,45,52,41,49,38,47,51,67,74,26,41,56,52,75,8888,8888,51,51
8,2,20,2013.0,0,0,0,0,0,0,0,0,0,0,0,0,0,0,0,0,0,0,0,0,0,0,0,5,5,8888,5,8888,51
9,2,20,2013.0,40,39,39,39,39,39,39,39,39,39,39,39,40,41,41,41,41,41,41,42,41,41,41,41,42,8888,8888,8888,51
10,2,20,2013.0,0,0,0,0,0,0,5,10,10,10,10,10,10,10,10,10,10,3,0,0,0,0,0,0,10,8888,108,8888,51
1,2,21,2013.0,0,0,0,0,0,0,4,21,64,91,118,125,138,103,95,58,16,2,0,0,0,0,0,0,138,8888,836,8888,52
2,2,21,2013.0,0,0,0,0,0,0,0,0,4,6,15,17,26,7,12,4,0,0,0,0,0,0,0,0,26,8888,92,8888,52
3,2,21,2013.0,0,0,0,0,0,0,4,21,60,85,102,108,112,96,83,54,16,2,0,0,0,0,0,0,112,8888,744,8888,52
4,2,21,2013.0,0,0,0,0,0,0,0,0,1,1,2,2,3,1,2,1,0,0,0,0,0,0,0,0,3,8888,12,8888,52
5,2,21,2013.0,-44,-41,-42,-42,-42,-44,-48,-45,-38,-27,-27,-23,-25,-24,-28,-31,-42,-33,-32,-33,-31,-31,-26,-32,-23,-48,8888,-35,52
6,2,21,2013.0,13,13,13,13,13,13,13,13,13,13,13,13,13,12,13,13,13,13,13,13,13,13,13,12,13,8888,8888,8888,52
7,2,21,2013.0,87,32,55,48,67,58,75,38,47,30,51,49,34,26,50,27,51,30,31,32,38,32,34,27,87,8888,8888,44,52
8,2,21,2013.0,0,0,0,0,0,0,0,0,0,0,0,0,0,0,0,0,0,5,0,0,0,0,0,0,5,8888,5,8888,52
9,2,21,2013.0,41,41,42,41,41,42,42,41,41,42,42,41,41,41,43,43,41,41,42,41,41,41,40,40,43,8888,8888,8888,52
10,2,21,2013.0,0,0,0,0,0,0,5,10,10,10,10,10,10,10,10,10,10,3,0,0,0,0,0,0,10,8888,109,8888,52
1,2,22,2013.0,0,0,0,0,0,0,4,22,47,91,112,166,122,134,82,64,22,2,0,0,0,0,0,0,166,8888,869,8888,53
2,2,22,2013.0,0,0,0,0,0,0,0,0,1,6,8,40,9,25,6,8,0,0,0,0,0,0,0,0,40,8888,102,8888,53
3,2,22,2013.0,0,0,0,0,0,0,4,22,47,85,104,125,113,109,77,56,22,2,0,0,0,0,0,0,125,8888,767,8888,53
4,2,22,2013.0,0,0,0,0,0,0,0,0,0,1,1,4,1,3,1,2,0,0,0,0,0,0,0,0,4,8888,14,8888,53
5,2,22,2013.0,-30,-21,-21,-22,-27,-21,-22,-19,-22,-7,-5,13,12,7,2,3,-7,-11,-18,-19,-20,-11,-5,-30,13,-30,8888,-13,53
6,2,22,2013.0,13,13,13,13,13,13,13,13,12,13,12,12,13,13,13,13,14,14,16,1,2,15,12,5,13,8888,8888,8888,53
7,2,22,2013.0,41,30,26,35,35,38,27,40,26,23,22,18,33,32,36,52,49,25,16,12,5,14,13,9,52,8888,8888,27,53
8,2,22,2013.0,0,0,0,0,0,0,0,0,0,0,0,0,0,0,0,0,0,0,0,0,0,0,0,0,0,8888,0,8888,53
9,2,22,2013.0,40,40,40,40,40,40,40,40,40,41,42,42,42,42,42,42,41,41,41,41,41,41,41,45,45,8888,8888,8888,53
10,2,22,2013.0,0,0,0,0,0,0,5,10,10,10,10,10,10,10,10,10,10,3,0,0,0,0,0,0,10,8888,109,8888,53
1,2,23,2013.0,0,0,0,0,0,0,5,27,73,76,175,173,134,116,72,54,18,3,0,0,0,0,0,0,175,8888,925,8888,54
2,2,23,2013.0,0,0,0,0,0,0,0,0,13,1,50,42,26,15,1,3,0,0,0,0,0,0,0,0,50,8888,152,8888,54
3,2,23,2013.0,0,0,0,0,0,0,5,27,60,75,125,131,108,101,71,51,18,3,0,0,0,0,0,0,131,8888,773,8888,54
4,2,23,2013.0,0,0,0,0,0,0,0,0,3,0,5,4,3,2,0,1,0,0,0,0,0,0,0,0,5,8888,18,8888,54
5,2,23,2013.0,-25,-15,-15,-15,-16,-19,-22,-28,-42,-41,-8,-10,-6,-17,-20,-18,-26,-24,-25,-25,-23,-22,-18,-32,-6,-42,8888,-21,54
6,2,23,2013.0,13,14,14,13,13,13,13,13,13,16,13,13,13,13,13,12,13,13,12,12,12,13,13,3,13,8888,8888,8888,54
7,2,23,2013.0,39,36,50,68,72,75,67,58,33,27,26,36,28,29,23,23,21,22,20,24,19,22,23,17,75,8888,8888,36,54
8,2,23,2013.0,5,0,0,0,0,0,0,0,5,0,0,0,0,0,0,0,0,0,0,0,0,0,0,0,5,8888,10,8888,54
9,2,23,2013.0,45,45,45,45,46,46,45,45,45,45,45,45,45,45,45,45,45,44,44,44,44,44,44,43,46,8888,8888,8888,54
10,2,23,2013.0,0,0,0,0,0,0,6,10,10,10,10,10,10,10,10,10,10,4,0,0,0,0,0,0,10,8888,109,8888,54
1,2,24,2013.0,0,0,0,0,0,0,5,12,27,68,84,104,113,86,59,43,16,3,0,0,0,0,0,0,113,8888,619,8888,55
2,2,24,2013.0,0,0,0,0,0,0,0,0,0,1,1,1,8,7,1,0,0,0,0,0,0,0,0,0,8,8888,19,8888,55
3,2,24,2013.0,0,0,0,0,0,0,5,12,27,67,83,103,105,79,58,42,16,3,0,0,0,0,0,0,105,8888,600,8888,55
4,2,24,2013.0,0,0,0,0,0,0,0,0,0,0,0,0,1,1,0,0,0,0,0,0,0,0,0,0,1,8888,2,8888,55
5,2,24,2013.0,-31,-33,-44,-47,-14,-17,-31,-33,-44,-37,-32,-31,-31,-47,-49,-39,-39,-37,-42,-34,-32,-37,-47,-52,-14,-52,8888,-37,55
6,2,24,2013.0,4,5,6,4,10,12,14,14,15,15,14,13,13,13,14,14,13,13,14,13,13,13,1,0,14,8888,8888,8888,55
7,2,24,2013.0,6,12,12,15,32,53,93,58,77,67,69,75,73,86,64,77,87,86,60,66,65,91,5,2,93,8888,8888,55,55
8,2,24,2013.0,0,0,5,10,10,5,0,10,15,0,0,0,0,5,0,0,0,0,0,0,0,15,10,5,15,8888,90,8888,55
9,2,24,2013.0,44,43,45,47,48,49,54,52,52,52,51,51,51,51,51,51,50,50,49,49,49,49,54,57,57,8888,8888,8888,55
10,2,24,2013.0,0,0,0,0,0,0,6,10,10,10,10,10,10,10,10,10,10,4,0,0,0,0,0,0,10,8888,110,8888,55
1,2,25,2013.0,0,0,0,0,0,0,10,17,47,70,105,156,97,125,108,79,25,3,0,0,0,0,0,0,156,8888,840,8888,56
2,2,25,2013.0,0,0,0,0,0,0,0,0,0,1,1,29,1,15,12,17,0,0,0,0,0,0,0,0,29,8888,78,8888,56
3,2,25,2013.0,0,0,0,0,0,0,9,17,46,69,104,127,96,109,96,62,25,3,0,0,0,0,0,0,127,8888,762,8888,56
4,2,25,2013.0,0,0,0,0,0,0,0,0,0,0,0,3,0,2,2,4,0,0,0,0,0,0,0,0,4,8888,12,8888,56
5,2,25,2013.0,-53,-53,-29,-38,-24,-30,-36,-46,-40,-26,-23,-29,-40,-32,-35,-32,-31,-39,-47,-34,-38,-33,-31,-41,-23,-53,8888,-36,56
6,2,25,2013.0,0,0,13,13,13,13,13,16,13,13,13,13,13,14,13,13,13,13,14,13,13,13,14,15,13,8888,8888,8888,56
7,2,25,2013.0,0,0,37,82,51,45,68,29,68,63,58,66,67,48,61,75,45,52,30,54,59,30,50,34,82,8888,8888,49,56
8,2,25,2013.0,35,40,10,0,0,5,0,5,5,0,0,0,0,0,0,0,0,0,10,5,0,0,0,0,40,8888,115,8888,56
9,2,25,2013.0,60,68,68,67,67,67,66,65,65,65,66,65,65,65,64,64,63,63,63,63,63,63,63,63,68,8888,8888,8888,56
10,2,25,2013.0,0,0,0,0,0,0,6,10,10,10,10,10,10,10,10,10,10,4,0,0,0,0,0,0,10,8888,110,8888,56
1,2,26,2013.0,0,0,0,0,0,0,11,23,51,129,171,108,146,79,75,47,18,3,0,0,0,0,0,0,171,8888,859,8888,57
2,2,26,2013.0,0,0,0,0,0,0,0,0,1,30,51,1,17,1,1,1,0,0,0,0,0,0,0,0,51,8888,102,8888,57
3,2,26,2013.0,0,0,0,0,0,0,10,22,50,99,120,107,129,78,74,46,18,3,0,0,0,0,0,0,129,8888,757,8888,57
4,2,26,2013.0,0,0,0,0,0,0,0,0,0,4,5,0,2,0,0,0,0,0,0,0,0,0,0,0,5,8888,12,8888,57
5,2,26,2013.0,-24,-26,-26,-26,-22,-18,-18,-15,-11,2,9,0,2,0,3,0,-3,-2,-14,-14,-5,-6,-4,-12,9,-26,8888,-10,57
6,2,26,2013.0,13,13,13,14,14,12,13,13,12,12,12,13,12,13,13,13,13,12,2,1,5,4,5,5,14,8888,8888,8888,57
7,2,26,2013.0,30,30,40,45,26,24,33,20,17,29,13,14,14,14,15,16,12,7,7,14,13,7,10,12,45,8888,8888,19,57
8,2,26,2013.0,0,0,0,0,0,0,0,0,0,0,0,0,0,0,0,0,0,0,0,0,0,0,0,0,0,8888,0,8888,57
9,2,26,2013.0,63,63,62,62,62,61,61,61,61,60,60,60,60,60,60,60,60,59,59,59,59,59,58,58,63,8888,8888,8888,57
10,2,26,2013.0,0,0,0,0,0,0,6,10,10,10,10,10,10,10,10,10,10,4,0,0,0,0,0,0,10,8888,111,8888,57
1,2,27,2013.0,0,0,0,0,0,0,11,31,100,182,220,240,236,214,147,48,19,3,0,0,0,0,0,0,240,8888,1451,8888,58
2,2,27,2013.0,0,0,0,0,0,0,0,0,28,133,164,181,177,159,63,1,0,0,0,0,0,0,0,0,181,8888,906,8888,58
3,2,27,2013.0,0,0,0,0,0,0,11,31,72,49,56,59,59,55,84,47,18,3,0,0,0,0,0,0,84,8888,545,8888,58
4,2,27,2013.0,0,0,0,0,0,0,0,0,5,10,10,10,10,10,7,0,0,0,0,0,0,0,0,0,10,8888,63,8888,58
5,2,27,2013.0,-6,-8,-6,-5,4,8,4,30,37,55,61,68,72,73,70,54,45,30,31,36,25,15,23,18,73,-8,8888,31,58
6,2,27,2013.0,5,5,4,4,4,4,4,3,6,5,6,6,6,7,6,6,6,6,4,5,4,1,13,13,6,8888,8888,8888,58
7,2,27,2013.0,13,12,13,12,13,11,10,14,15,14,22,23,21,17,11,8,10,17,13,14,7,10,23,15,23,8888,8888,14,58
8,2,27,2013.0,0,0,0,0,0,0,0,0,0,0,0,0,0,0,0,0,0,0,0,0,0,5,0,0,5,8888,5,8888,58
9,2,27,2013.0,58,58,58,58,57,57,57,57,57,57,57,57,55,54,54,54,53,53,52,52,52,51,51,51,58,8888,8888,8888,58
10,2,27,2013.0,0,0,0,0,0,0,7,10,10,10,10,10,10,10,10,10,10,4,0,0,0,0,0,0,10,8888,111,8888,58
1,2,28,2013.0,0,0,0,0,0,0,11,25,48,69,164,233,155,128,76,42,15,4,0,0,0,0,0,0,233,8888,970,8888,59
2,2,28,2013.0,0,0,0,0,0,0,0,0,0,1,51,140,29,25,1,0,0,0,0,0,0,0,0,0,140,8888,248,8888,59
3,2,28,2013.0,0,0,0,0,0,0,11,25,48,68,114,92,126,103,76,41,15,4,0,0,0,0,0,0,126,8888,722,8888,59
4,2,28,2013.0,0,0,0,0,0,0,0,0,0,0,5,9,3,3,0,0,0,0,0,0,0,0,0,0,9,8888,20,8888,59
5,2,28,2013.0,18,18,17,18,18,21,25,27,30,30,45,53,43,42,39,32,31,25,21,23,24,19,22,17,53,17,8888,27,59
6,2,28,2013.0,12,12,12,12,12,12,13,12,12,12,12,12,12,13,15,0,13,15,16,16,16,16,5,2,12,8888,8888,8888,59
7,2,28,2013.0,16,13,15,12,17,11,14,10,27,19,11,14,11,20,12,1,8,20,19,14,19,16,6,4,27,8888,8888,14,59
8,2,28,2013.0,0,0,0,0,0,0,0,0,0,0,0,0,0,0,0,0,5,15,0,0,5,0,0,5,15,8888,30,8888,59
9,2,28,2013.0,51,51,51,51,51,51,51,51,50,49,49,48,47,47,46,45,44,45,44,45,45,45,44,44,51,8888,8888,8888,59
10,2,28,2013.0,0,0,0,0,0,0,7,10,10,10,10,10,10,10,10,10,10,5,0,0,0,0,0,0,10,8888,112,8888,59
1,3,1,2018.0,0,0,0,0,0,0,1,6,15,28,60,73,74,31,19,11,11,4,0,0,0,0,0,0,74,8888,332,8888,60
2,3,1,2018.0,0,0,0,0,0,0,0,0,0,0,1,1,1,0,0,0,0,0,0,0,0,0,0,0,1,8888,2,8888,60
3,3,1,2018.0,0,0,0,0,0,0,1,6,15,28,59,72,73,31,19,11,11,4,0,0,0,0,0,0,73,8888,330,8888,60
4,3,1,2018.0,0,0,0,0,0,0,0,0,0,0,0,0,0,0,0,0,0,0,0,0,0,0,0,0,0,8888,0,8888,60
5,3,1,2018.0,18,59,61,40,49,51,51,47,49,58,74,84,92,74,70,69,57,52,45,46,48,42,36,33,92,18,8888,54,60
6,3,1,2018.0,6,5,6,5,5,5,5,6,6,6,6,5,5,6,5,11,11,11,12,12,12,13,13,13,13,8888,8888,8888,60
7,3,1,2018.0,17,58,63,76,86,111,110,109,91,102,104,99,86,76,59,125,109,130,143,160,181,182,212,225,225,8888,8888,113,60
8,3,1,2018.0,0,0,0,0,25,40,35,30,20,15,5,5,0,10,20,45,0,0,0,0,0,0,0,0,45,8888,250,8888,60
9,3,1,2018.0,11,11,11,11,11,12,12,12,11,11,11,10,10,10,9,8,7,6,5,5,4,4,3,3,12,8888,8888,8888,60
10,3,1,2018.0,0,0,0,0,0,0,7,10,10,10,10,10,10,10,10,10,10,5,0,0,0,0,0,0,10,8888,112,8888,60
1,3,2,2018.0,0,0,0,0,0,0,3,19,41,52,67,96,91,61,59,35,16,4,0,0,0,0,0,0,96,8888,543,8888,61
2,3,2,2018.0,0,0,0,0,0,0,0,0,0,0,0,2,1,0,1,0,0,0,0,0,0,0,0,0,2,8888,5,8888,61
3,3,2,2018.0,0,0,0,0,0,0,3,19,41,51,66,94,90,60,58,34,16,4,0,0,0,0,0,0,94,8888,538,8888,61
4,3,2,2018.0,0,0,0,0,0,0,0,0,0,0,0,0,0,0,0,0,0,0,0,0,0,0,0,0,0,8888,1,8888,61
5,3,2,2018.0,23,19,11,2,0,-6,-11,-8,-16,-13,-17,-14,-15,-15,-14,-11,-8,-7,-6,0,3,3,8,9,23,-17,8888,-3,61
6,3,2,2018.0,13,13,13,13,13,13,13,13,13,13,13,13,13,13,13,13,13,13,13,13,13,13,13,13,13,8888,8888,8888,61
7,3,2,2018.0,245,225,207,222,192,200,191,177,194,181,177,172,166,169,153,137,142,118,124,123,112,105,93,108,245,8888,8888,164,61
8,3,2,2018.0,0,5,5,0,0,0,0,0,0,0,0,0,0,0,0,0,0,0,0,0,0,0,0,0,5,8888,10,8888,61
9,3,2,2018.0,3,3,3,3,3,3,3,3,3,3,3,4,4,4,4,4,4,4,4,4,4,3,3,3,4,8888,8888,8888,61
10,3,2,2018.0,0,0,0,0,0,0,7,10,10,10,10,10,10,10,10,10,10,5,0,0,0,0,0,0,10,8888,112,8888,61
1,3,3,2018.0,0,0,0,0,0,0,6,40,55,91,123,201,241,214,143,92,24,4,0,0,0,0,0,0,241,8888,1235,8888,62
2,3,3,2018.0,0,0,0,0,0,0,0,6,1,7,17,82,189,166,68,35,0,0,0,0,0,0,0,0,189,8888,571,8888,62
3,3,3,2018.0,0,0,0,0,0,0,6,34,54,85,105,119,52,49,76,57,24,4,0,0,0,0,0,0,119,8888,664,8888,62
4,3,3,2018.0,0,0,0,0,0,0,0,2,0,1,2,6,10,10,7,6,0,0,0,0,0,0,0,0,10,8888,43,8888,62
5,3,3,2018.0,15,19,22,27,29,31,39,42,52,60,66,71,74,77,82,73,66,57,50,55,57,61,64,61,82,15,8888,52,62
6,3,3,2018.0,13,13,13,13,13,12,13,13,12,11,12,12,11,9,8,7,6,5,5,5,5,5,5,5,13,8888,8888,8888,62
7,3,3,2018.0,90,85,82,94,85,58,64,39,31,41,39,47,39,31,36,35,53,31,35,43,43,37,36,39,94,8888,8888,51,62
8,3,3,2018.0,0,0,0,0,0,0,0,0,0,0,0,0,0,0,0,0,0,0,0,0,0,0,0,0,0,8888,0,8888,62
9,3,3,2018.0,3,3,3,3,3,3,3,3,3,3,3,3,3,2,1,1,1,1,1,1,1,1,1,1,3,8888,8888,8888,62
10,3,3,2018.0,0,0,0,0,0,0,8,10,10,10,10,10,10,10,10,10,10,5,0,0,0,0,0,0,10,8888,113,8888,62
1,3,4,2018.0,0,0,0,0,0,0,3,18,20,28,38,37,30,41,22,17,6,4,0,0,0,0,0,0,41,8888,264,8888,63
2,3,4,2018.0,0,0,0,0,0,0,0,0,0,0,0,0,0,0,0,0,0,0,0,0,0,0,0,0,0,8888,0,8888,63
3,3,4,2018.0,0,0,0,0,0,0,3,17,20,27,38,37,30,41,22,17,6,4,0,0,0,0,0,0,41,8888,264,8888,63
4,3,4,2018.0,0,0,0,0,0,0,0,0,0,0,0,0,0,0,0,0,0,0,0,0,0,0,0,0,0,8888,0,8888,63
5,3,4,2018.0,51,70,71,73,73,81,85,96,92,93,96,90,85,85,81,76,63,55,52,53,40,41,45,44,96,40,8888,70,63
6,3,4,2018.0,5,5,5,5,5,5,5,5,5,4,4,6,6,11,12,14,16,15,15,15,16,15,15,15,5,8888,8888,8888,63
7,3,4,2018.0,36,46,42,40,40,41,43,46,35,36,36,36,23,32,8,14,29,15,15,17,12,16,28,26,46,8888,8888,30,63
8,3,4,2018.0,0,0,0,0,0,0,0,0,0,0,0,0,0,0,0,0,0,0,0,0,0,0,0,0,0,8888,0,8888,63
9,3,4,2018.0,1,1,1,1,1,1,1,1,0,0,0,0,0,0,0,0,0,0,0,0,0,0,0,0,1,8888,8888,8888,63
10,3,4,2018.0,0,0,0,0,0,0,8,10,10,10,10,10,10,10,10,10,10,5,0,0,0,0,0,0,10,8888,113,8888,63
1,3,5,2018.0,0,0,0,0,0,0,2,12,23,20,39,34,33,20,17,18,11,5,0,0,0,0,0,0,39,8888,234,8888,64
2,3,5,2018.0,0,0,0,0,0,0,0,0,0,0,0,0,0,0,0,0,0,0,0,0,0,0,0,0,0,8888,0,8888,64
3,3,5,2018.0,0,0,0,0,0,0,2,12,23,20,39,34,33,20,17,18,11,5,0,0,0,0,0,0,39,8888,234,8888,64
4,3,5,2018.0,0,0,0,0,0,0,0,0,0,0,0,0,0,0,0,0,0,0,0,0,0,0,0,0,0,8888,0,8888,64
5,3,5,2018.0,39,29,28,23,28,33,35,40,24,17,19,12,9,3,11,7,5,1,0,0,1,-3,-7,-7,40,-7,8888,14,64
6,3,5,2018.0,15,3,16,2,1,15,15,15,2,1,2,15,13,0,1,13,13,15,15,0,0,0,15,15,2,8888,8888,8888,64
7,3,5,2018.0,20,14,12,13,14,17,24,30,78,37,38,15,40,0,23,22,16,14,4,0,0,0,48,46,78,8888,8888,22,64
8,3,5,2018.0,0,0,0,0,0,0,0,0,0,0,0,5,5,20,20,10,5,15,10,5,5,0,0,0,20,8888,100,8888,64
9,3,5,2018.0,0,0,0,0,0,0,0,0,0,0,0,0,0,0,1,3,5,7,9,9,9,9,9,9,9,8888,8888,8888,64
10,3,5,2018.0,0,0,0,0,0,0,8,10,10,10,10,10,10,10,10,10,10,6,0,0,0,0,0,0,10,8888,114,8888,64
1,3,6,2018.0,0,0,0,0,0,0,6,26,80,160,146,197,203,76,80,72,21,5,0,0,0,0,0,0,203,8888,1071,8888,65
2,3,6,2018.0,0,0,0,0,0,0,0,0,10,58,28,77,77,1,1,10,0,0,0,0,0,0,0,0,77,8888,263,8888,65
3,3,6,2018.0,0,0,0,0,0,0,6,26,70,102,118,120,126,75,79,62,21,5,0,0,0,0,0,0,126,8888,807,8888,65
4,3,6,2018.0,0,0,0,0,0,0,0,0,2,6,3,6,6,0,0,2,0,0,0,0,0,0,0,0,6,8888,27,8888,65
5,3,6,2018.0,-10,-16,-19,-15,-12,-17,-2,-5,-3,4,0,-2,-3,-9,-4,-8,-15,-23,-27,-31,-31,-37,-34,-30,4,-37,8888,-15,65
6,3,6,2018.0,15,16,16,16,15,16,14,14,14,14,14,14,14,14,13,13,14,14,14,13,14,13,14,13,13,8888,8888,8888,65
7,3,6,2018.0,40,48,41,41,42,36,74,89,81,62,73,92,57,82,109,141,102,52,75,104,76,83,69,71,141,8888,8888,72,65
8,3,6,2018.0,0,0,0,0,0,0,0,0,0,0,0,0,0,0,0,0,0,0,0,0,0,0,0,0,0,8888,0,8888,65
9,3,6,2018.0,9,9,8,8,8,8,8,8,8,7,7,6,5,5,5,4,4,4,4,4,4,4,4,4,9,8888,8888,8888,65
10,3,6,2018.0,0,0,0,0,0,0,8,10,10,10,10,10,10,10,10,10,10,6,0,0,0,0,0,0,10,8888,114,8888,65
1,3,7,2018.0,0,0,0,0,0,0,6,24,50,81,98,132,246,236,185,129,62,5,0,0,0,0,0,0,246,8888,1253,8888,66
2,3,7,2018.0,0,0,0,0,0,0,0,0,1,1,2,19,163,184,144,98,42,2,0,0,0,0,0,0,184,8888,656,8888,66
3,3,7,2018.0,0,0,0,0,0,0,6,24,49,79,96,112,83,52,42,31,19,3,0,0,0,0,0,0,112,8888,597,8888,66
4,3,7,2018.0,0,0,0,0,0,0,0,0,0,0,0,2,9,10,10,10,10,3,0,0,0,0,0,0,10,8888,54,8888,66
5,3,7,2018.0,-31,-30,-27,-26,-27,-27,-22,-20,-17,-14,-14,-5,-3,2,-1,-3,-4,-14,-15,-21,-15,-21,-15,-9,2,-31,8888,-16,66
6,3,7,2018.0,14,14,13,13,14,14,14,14,13,14,15,14,13,13,12,13,14,15,16,3,16,4,1,1,13,8888,8888,8888,66
7,3,7,2018.0,62,50,85,61,26,36,42,36,57,36,29,32,45,38,31,29,31,25,18,15,18,13,15,18,85,8888,8888,35,66
8,3,7,2018.0,0,0,0,0,0,0,0,0,0,0,0,0,0,0,0,0,0,0,0,0,0,0,0,0,0,8888,0,8888,66
9,3,7,2018.0,4,4,4,4,4,3,3,3,3,3,3,3,3,3,3,3,3,3,3,3,3,2,2,2,4,8888,8888,8888,66
10,3,7,2018.0,0,0,0,0,0,0,9,10,10,10,10,10,10,10,10,10,10,6,0,0,0,0,0,0,10,8888,115,8888,66
1,3,8,2018.0,0,0,0,0,0,0,5,26,48,71,154,218,69,67,54,33,12,3,0,0,0,0,0,0,218,8888,760,8888,67
2,3,8,2018.0,0,0,0,0,0,0,0,0,0,1,42,124,0,0,0,0,0,0,0,0,0,0,0,0,124,8888,169,8888,67
3,3,8,2018.0,0,0,0,0,0,0,5,26,48,70,112,94,69,67,53,33,12,3,0,0,0,0,0,0,112,8888,592,8888,67
4,3,8,2018.0,0,0,0,0,0,0,0,0,0,0,4,8,0,0,0,0,0,0,0,0,0,0,0,0,8,8888,12,8888,67
5,3,8,2018.0,-11,-13,-8,5,7,19,49,54,67,78,95,99,95,96,96,102,84,92,99,107,111,113,115,126,126,-13,8888,70,67
6,3,8,2018.0,1,6,6,8,15,6,6,5,6,6,6,6,6,6,6,5,5,5,6,6,5,5,5,6,6,8888,8888,8888,67
7,3,8,2018.0,12,19,25,5,11,27,52,58,65,71,66,68,67,53,40,36,48,60,90,102,93,82,67,92,102,8888,8888,55,67
8,3,8,2018.0,0,0,0,0,0,0,0,0,0,0,0,0,0,0,0,0,0,0,10,20,20,20,30,25,30,8888,125,8888,67
9,3,8,2018.0,2,2,2,2,2,2,2,2,2,2,2,1,1,1,1,0,0,0,0,0,0,0,0,0,2,8888,8888,8888,67
10,3,8,2018.0,0,0,0,0,0,0,9,10,10,10,10,10,10,10,10,10,10,6,0,0,0,0,0,0,10,8888,115,8888,67
1,3,9,2018.0,0,0,0,0,0,0,2,7,11,14,18,29,39,33,24,18,8,2,0,0,0,0,0,0,39,8888,204,8888,68
2,3,9,2018.0,0,0,0,0,0,0,0,0,0,0,0,0,0,0,0,0,0,0,0,0,0,0,0,0,0,8888,0,8888,68
3,3,9,2018.0,0,0,0,0,0,0,2,7,11,14,18,29,39,33,24,18,8,2,0,0,0,0,0,0,39,8888,204,8888,68
4,3,9,2018.0,0,0,0,0,0,0,0,0,0,0,0,0,0,0,0,0,0,0,0,0,0,0,0,0,0,8888,0,8888,68
5,3,9,2018.0,129,136,131,123,114,104,95,73,61,52,42,44,40,39,30,28,23,25,26,28,24,12,24,21,136,12,8888,59,68
6,3,9,2018.0,6,6,5,5,6,6,9,15,15,14,14,14,14,14,14,14,14,14,14,14,14,15,14,14,14,8888,8888,8888,68
7,3,9,2018.0,86,76,50,40,40,20,9,37,48,69,69,61,58,72,94,114,64,105,97,78,58,49,62,48,114,8888,8888,63,68
8,3,9,2018.0,20,5,5,20,50,60,40,45,45,45,30,10,0,0,0,0,0,0,0,0,0,0,0,0,60,8888,375,8888,68
9,3,9,2018.0,0,0,0,0,0,0,0,0,0,0,0,0,0,0,0,0,0,0,0,0,0,0,0,0,0,8888,8888,8888,68
10,3,9,2018.0,0,0,0,0,0,0,9,10,10,10,10,10,10,10,10,10,10,6,0,0,0,0,0,0,10,8888,116,8888,68
1,3,10,2018.0,0,0,0,0,0,0,6,29,64,66,85,134,81,119,61,74,45,12,0,0,0,0,0,0,134,8888,776,8888,69
2,3,10,2018.0,0,0,0,0,0,0,0,0,5,1,1,19,1,18,1,16,12,1,0,0,0,0,0,0,19,8888,74,8888,69
3,3,10,2018.0,0,0,0,0,0,0,6,29,59,66,84,114,80,101,61,58,33,11,0,0,0,0,0,0,114,8888,702,8888,69
4,3,10,2018.0,0,0,0,0,0,0,0,0,1,0,0,2,0,2,0,3,4,1,0,0,0,0,0,0,4,8888,13,8888,69
5,3,10,2018.0,18,15,15,12,9,8,11,15,18,21,26,25,22,29,20,22,19,16,13,14,16,15,20,16,29,8,8888,17,69
6,3,10,2018.0,14,15,14,15,16,16,16,15,16,14,14,14,14,14,14,14,13,13,13,12,13,13,11,10,14,8888,8888,8888,69
7,3,10,2018.0,51,31,43,39,32,27,30,32,16,32,31,42,35,38,38,38,46,44,30,26,31,19,36,23,51,8888,8888,34,69
8,3,10,2018.0,0,0,0,0,0,0,0,0,0,0,0,0,0,0,0,0,0,0,0,0,0,0,0,0,0,8888,0,8888,69
9,3,10,2018.0,0,0,0,0,0,0,0,0,0,0,0,0,0,0,0,0,0,0,0,0,0,0,0,0,0,8888,8888,8888,69
10,3,10,2018.0,0,0,0,0,0,0,9,10,10,10,10,10,10,10,10,10,10,7,0,0,0,0,0,0,10,8888,116,8888,69
1,3,11,2018.0,0,0,0,0,0,0,9,45,98,159,159,123,73,60,52,30,8,2,0,0,0,0,0,0,159,8888,817,8888,70
2,3,11,2018.0,0,0,0,0,0,0,0,7,27,65,43,9,0,0,0,0,0,0,0,0,0,0,0,0,65,8888,152,8888,70
3,3,11,2018.0,0,0,0,0,0,0,9,37,71,95,116,114,72,60,51,30,8,2,0,0,0,0,0,0,116,8888,665,8888,70
4,3,11,2018.0,0,0,0,0,0,0,0,2,4,6,4,1,0,0,0,0,0,0,0,0,0,0,0,0,6,8888,17,8888,70
5,3,11,2018.0,16,18,10,24,23,12,15,21,32,39,50,48,47,41,35,33,20,23,36,31,28,26,26,24,50,10,8888,28,70
6,3,11,2018.0,11,10,5,10,9,5,5,6,6,6,6,6,7,7,6,6,5,5,12,12,12,12,12,12,12,8888,8888,8888,70
7,3,11,2018.0,12,19,8,20,20,19,19,33,57,51,46,41,36,49,82,55,48,44,103,98,71,83,87,88,103,8888,8888,50,70
8,3,11,2018.0,0,0,0,0,0,0,0,0,0,0,0,0,0,0,0,0,10,5,15,0,0,0,0,0,15,8888,30,8888,70
9,3,11,2018.0,0,0,0,0,0,0,0,0,0,0,0,0,0,0,0,0,0,0,0,0,0,0,0,0,0,8888,8888,8888,70
10,3,11,2018.0,0,0,0,0,0,0,10,10,10,10,10,10,10,10,10,10,10,7,0,0,0,0,0,0,10,8888,116,8888,70
1,3,12,2018.0,0,0,0,0,0,0,5,23,41,98,136,199,82,109,129,54,27,9,0,0,0,0,0,0,199,8888,913,8888,71
2,3,12,2018.0,0,0,0,0,0,0,0,0,0,16,30,81,1,8,35,5,2,0,0,0,0,0,0,0,81,8888,178,8888,71
3,3,12,2018.0,0,0,0,0,0,0,5,23,41,82,107,117,81,101,94,49,25,9,0,0,0,0,0,0,117,8888,735,8888,71
4,3,12,2018.0,0,0,0,0,0,0,0,0,0,2,3,6,0,1,4,1,1,0,0,0,0,0,0,0,6,8888,17,8888,71
5,3,12,2018.0,23,17,16,9,12,16,14,15,14,13,19,21,17,23,29,22,22,21,25,25,24,27,27,29,29,9,8888,20,71
6,3,12,2018.0,12,13,13,13,13,14,13,13,13,13,14,14,13,12,12,12,12,10,9,9,9,9,8,7,13,8888,8888,8888,71
7,3,12,2018.0,103,132,128,136,108,91,71,72,97,89,62,50,65,60,56,36,28,30,34,22,36,34,24,25,136,8888,8888,66,71
8,3,12,2018.0,0,0,0,0,0,0,0,0,0,0,0,0,0,0,0,0,0,0,0,0,0,0,0,0,0,8888,0,8888,71
9,3,12,2018.0,0,0,0,0,0,0,0,0,0,0,0,0,0,0,0,0,0,0,0,0,0,0,0,0,0,8888,8888,8888,71
10,3,12,2018.0,0,0,0,0,0,0,10,10,10,10,10,10,10,10,10,10,10,7,0,0,0,0,0,0,10,8888,117,8888,71
1,3,13,2018.0,0,0,0,0,0,0,6,23,48,74,124,203,172,65,51,33,15,3,0,0,0,0,0,0,203,8888,819,8888,72
2,3,13,2018.0,0,0,0,0,0,0,0,0,0,1,8,83,47,0,0,0,0,0,0,0,0,0,0,0,83,8888,141,8888,72
3,3,13,2018.0,0,0,0,0,0,0,6,23,48,73,116,120,126,64,50,33,15,3,0,0,0,0,0,0,126,8888,679,8888,72
4,3,13,2018.0,0,0,0,0,0,0,0,0,0,0,1,6,4,0,0,0,0,0,0,0,0,0,0,0,6,8888,12,8888,72
5,3,13,2018.0,20,21,25,28,32,41,46,50,62,77,89,102,103,100,98,97,96,94,93,91,91,93,93,92,103,20,8888,72,72
6,3,13,2018.0,5,6,5,5,5,4,5,5,5,5,5,5,6,5,5,5,5,5,5,5,5,4,5,5,4,8888,8888,8888,72
7,3,13,2018.0,35,47,39,42,45,53,46,46,41,44,46,50,40,36,33,34,34,34,30,37,28,34,30,30,53,8888,8888,39,72
8,3,13,2018.0,0,0,0,0,0,0,0,0,0,0,0,0,0,0,0,0,0,0,0,0,0,0,0,0,0,8888,0,8888,72
9,3,13,2018.0,0,0,0,0,0,0,0,0,0,0,0,0,0,0,0,0,0,0,0,0,0,0,0,0,0,8888,8888,8888,72
10,3,13,2018.0,0,0,0,0,0,0,10,10,10,10,10,10,10,10,10,10,10,7,0,0,0,0,0,0,10,8888,117,8888,72
1,3,14,2018.0,0,0,0,0,0,0,5,17,29,41,41,57,60,57,136,116,39,12,0,0,0,0,0,0,136,8888,609,8888,73
2,3,14,2018.0,0,0,0,0,0,0,0,0,0,0,0,0,0,0,47,60,8,0,0,0,0,0,0,0,60,8888,117,8888,73
3,3,14,2018.0,0,0,0,0,0,0,5,17,29,41,41,57,59,57,89,56,30,11,0,0,0,0,0,0,89,8888,493,8888,73
4,3,14,2018.0,0,0,0,0,0,0,0,0,0,0,0,0,0,0,5,8,3,0,0,0,0,0,0,0,8,8888,15,8888,73
5,3,14,2018.0,92,92,97,100,97,95,94,94,93,93,88,92,94,95,96,88,83,86,84,81,78,77,82,83,100,77,8888,90,73
6,3,14,2018.0,5,4,4,7,2,2,5,4,5,6,7,6,6,6,7,6,6,6,6,6,6,6,6,6,6,8888,8888,8888,73
7,3,14,2018.0,35,30,31,21,16,17,16,24,19,28,16,31,31,30,20,38,49,39,35,46,52,52,61,53,61,8888,8888,33,73
8,3,14,2018.0,0,0,0,0,0,0,0,0,0,0,0,0,0,0,0,0,0,0,0,0,0,0,0,0,0,8888,0,8888,73
9,3,14,2018.0,0,0,0,0,0,0,0,0,0,0,0,0,0,0,0,0,0,0,0,0,0,0,0,0,0,8888,8888,8888,73
10,3,14,2018.0,0,0,0,0,0,1,10,10,10,10,10,10,10,10,10,10,10,7,0,0,0,0,0,0,10,8888,118,8888,73
1,3,15,2018.0,0,0,0,0,0,0,8,31,123,190,93,72,58,95,54,34,17,4,0,0,0,0,0,0,190,8888,780,8888,74
2,3,15,2018.0,0,0,0,0,0,0,0,0,49,120,1,0,0,2,0,0,0,0,0,0,0,0,0,0,120,8888,173,8888,74
3,3,15,2018.0,0,0,0,0,0,0,8,31,74,70,92,71,58,94,54,34,17,4,0,0,0,0,0,0,94,8888,607,8888,74
4,3,15,2018.0,0,0,0,0,0,0,0,0,6,9,0,0,0,0,0,0,0,0,0,0,0,0,0,0,9,8888,16,8888,74
5,3,15,2018.0,89,96,99,99,97,98,105,112,125,141,132,129,125,126,123,119,114,111,112,107,104,78,64,47,141,47,8888,106,74
6,3,15,2018.0,5,5,5,6,5,5,5,5,5,6,5,4,5,4,5,4,5,3,5,4,4,15,16,15,6,8888,8888,8888,74
7,3,15,2018.0,45,48,43,53,45,37,42,36,46,43,45,40,39,42,33,34,20,26,24,22,20,27,43,44,53,8888,8888,37,74
8,3,15,2018.0,0,0,0,0,0,0,0,0,0,0,0,0,0,0,0,0,0,0,0,0,0,5,5,10,10,8888,20,8888,74
9,3,15,2018.0,0,0,0,0,0,0,0,0,0,0,0,0,0,0,0,0,0,0,0,0,0,0,0,0,0,8888,8888,8888,74
10,3,15,2018.0,0,0,0,0,0,1,10,10,10,10,10,10,10,10,10,10,10,7,0,0,0,0,0,0,10,8888,118,8888,74
1,3,16,2018.0,0,0,0,0,0,0,8,32,84,145,116,198,194,210,108,62,24,6,0,0,0,0,0,0,210,8888,1187,8888,75
2,3,16,2018.0,0,0,0,0,0,0,0,0,13,39,8,80,78,119,24,5,0,0,0,0,0,0,0,0,119,8888,368,8888,75
3,3,16,2018.0,0,0,0,0,0,0,8,32,71,105,107,118,116,90,85,57,24,6,0,0,0,0,0,0,118,8888,820,8888,75
4,3,16,2018.0,0,0,0,0,0,0,0,0,2,4,1,6,6,8,3,1,0,0,0,0,0,0,0,0,8,8888,31,8888,75
5,3,16,2018.0,40,21,20,20,13,11,17,19,26,30,35,37,35,24,20,11,7,2,2,1,0,0,-3,-5,40,-5,8888,16,75
6,3,16,2018.0,15,15,15,15,15,15,15,15,15,15,14,14,14,14,14,14,15,14,14,15,14,14,14,15,15,8888,8888,8888,75
7,3,16,2018.0,59,66,56,53,43,39,47,39,53,48,50,53,62,48,53,45,44,43,42,45,37,41,39,39,66,8888,8888,48,75
8,3,16,2018.0,15,10,10,5,10,10,0,0,0,0,0,0,0,0,0,0,0,0,0,0,0,0,0,0,15,8888,60,8888,75
9,3,16,2018.0,0,0,0,0,0,0,0,0,0,0,0,0,0,0,0,0,0,0,0,0,0,0,0,0,0,8888,8888,8888,75
10,3,16,2018.0,0,0,0,0,0,1,10,10,10,10,10,10,10,10,10,10,10,8,0,0,0,0,0,0,10,8888,119,8888,75
1,3,17,2018.0,0,0,0,0,0,0,9,32,82,156,156,173,206,180,106,51,23,5,0,0,0,0,0,0,206,8888,1179,8888,76
2,3,17,2018.0,0,0,0,0,0,0,0,0,13,54,44,48,85,72,15,1,0,0,0,0,0,0,0,0,85,8888,332,8888,76
3,3,17,2018.0,0,0,0,0,0,0,9,32,70,101,112,125,121,107,91,50,23,5,0,0,0,0,0,0,125,8888,847,8888,76
4,3,17,2018.0,0,0,0,0,0,0,0,0,2,5,4,4,6,6,2,0,0,0,0,0,0,0,0,0,6,8888,28,8888,76
5,3,17,2018.0,-8,-7,-9,-9,-4,-8,-1,6,6,15,18,20,38,31,20,20,21,20,23,21,26,27,15,27,38,-9,8888,13,76
6,3,17,2018.0,15,15,15,15,15,15,15,14,13,13,13,13,12,11,11,12,12,10,11,9,10,9,4,9,13,8888,8888,8888,76
7,3,17,2018.0,31,32,32,33,30,21,32,47,70,56,55,58,43,30,30,34,30,28,37,24,35,25,12,27,70,8888,8888,36,76
8,3,17,2018.0,0,0,0,0,0,0,0,0,0,0,0,0,0,0,0,0,0,0,0,0,0,0,0,0,0,8888,0,8888,76
9,3,17,2018.0,0,0,0,0,0,0,0,0,0,0,0,0,0,0,0,0,0,0,0,0,0,0,0,0,0,8888,8888,8888,76
10,3,17,2018.0,0,0,0,0,0,1,10,10,10,10,10,10,10,10,10,10,10,8,0,0,0,0,0,0,10,8888,119,8888,76
1,3,18,2018.0,0,0,0,0,0,1,9,32,53,110,96,154,82,65,46,32,15,3,0,0,0,0,0,0,154,8888,698,8888,77
2,3,18,2018.0,0,0,0,0,0,0,0,0,0,8,1,20,1,0,0,0,0,0,0,0,0,0,0,0,20,8888,31,8888,77
3,3,18,2018.0,0,0,0,0,0,1,9,31,53,102,95,133,81,65,46,32,15,3,0,0,0,0,0,0,133,8888,667,8888,77
4,3,18,2018.0,0,0,0,0,0,0,0,0,0,1,0,2,0,0,0,0,0,0,0,0,0,0,0,0,2,8888,4,8888,77
5,3,18,2018.0,13,15,12,13,14,12,17,23,31,39,48,55,58,58,59,60,59,58,60,60,66,72,73,76,76,12,8888,44,77
6,3,18,2018.0,5,6,5,5,5,5,5,6,6,6,6,6,6,6,6,6,5,5,4,5,4,5,5,4,6,8888,8888,8888,77
7,3,18,2018.0,27,49,29,27,29,31,32,44,44,47,49,35,31,34,43,30,27,26,30,37,36,31,32,31,49,8888,8888,35,77
8,3,18,2018.0,0,0,0,0,0,0,0,0,0,0,0,0,0,0,0,0,0,0,0,0,0,0,0,0,0,8888,0,8888,77
9,3,18,2018.0,0,0,0,0,0,0,0,0,0,0,0,0,0,0,0,0,0,0,0,0,0,0,0,0,0,8888,8888,8888,77
10,3,18,2018.0,0,0,0,0,0,2,10,10,10,10,10,10,10,10,10,10,10,8,0,0,0,0,0,0,10,8888,120,8888,77
1,3,19,2018.0,0,0,0,0,0,1,11,31,109,143,112,267,157,249,204,145,75,18,0,0,0,0,0,0,267,8888,1521,8888,78
2,3,19,2018.0,0,0,0,0,0,0,0,0,30,39,8,179,45,195,160,111,51,7,0,0,0,0,0,0,195,8888,826,8888,78
3,3,19,2018.0,0,0,0,0,0,1,11,31,79,103,104,88,111,53,45,34,24,11,0,0,0,0,0,0,111,8888,695,8888,78
4,3,19,2018.0,0,0,0,0,0,0,0,0,4,4,1,9,4,10,10,10,10,4,0,0,0,0,0,0,10,8888,66,8888,78
5,3,19,2018.0,77,75,74,75,73,73,72,71,76,71,71,73,62,52,48,40,29,14,9,4,0,-2,-2,1,77,-2,8888,47,78
6,3,19,2018.0,4,11,13,13,13,13,13,13,13,14,14,14,14,15,14,14,15,15,15,15,15,15,16,16,13,8888,8888,8888,78
7,3,19,2018.0,19,27,31,22,24,47,54,38,61,42,35,38,57,51,49,59,54,48,34,45,42,41,28,35,61,8888,8888,41,78
8,3,19,2018.0,0,0,0,0,0,0,0,0,0,0,0,0,0,0,0,0,0,0,0,0,0,0,0,0,0,8888,0,8888,78
9,3,19,2018.0,0,0,0,0,0,0,0,0,0,0,0,0,0,0,0,0,0,0,0,0,0,0,0,0,0,8888,8888,8888,78
10,3,19,2018.0,0,0,0,0,0,2,10,10,10,10,10,10,10,10,10,10,10,8,0,0,0,0,0,0,10,8888,120,8888,78
1,3,20,2018.0,0,0,0,0,0,1,18,64,126,224,263,286,281,245,155,96,37,6,0,0,0,0,0,0,286,8888,1803,8888,79
2,3,20,2018.0,0,0,0,0,0,0,2,13,44,146,207,224,220,162,63,26,3,0,0,0,0,0,0,0,224,8888,1109,8888,79
3,3,20,2018.0,0,0,0,0,0,1,16,51,82,78,56,62,61,83,93,70,34,6,0,0,0,0,0,0,93,8888,693,8888,79
4,3,20,2018.0,0,0,0,0,0,0,1,3,5,9,10,10,10,9,6,4,1,0,0,0,0,0,0,0,10,8888,69,8888,79
5,3,20,2018.0,1,2,5,6,8,5,6,9,15,16,24,25,26,18,12,13,7,2,-1,4,4,5,9,-8,26,-8,8888,9,79
6,3,20,2018.0,16,16,15,16,16,16,16,15,15,14,14,14,14,14,14,14,15,16,16,15,16,15,16,4,14,8888,8888,8888,79
7,3,20,2018.0,23,25,30,35,38,38,32,36,43,44,42,41,51,52,30,35,33,26,20,21,20,20,22,17,52,8888,8888,32,79
8,3,20,2018.0,0,0,0,0,0,0,0,0,0,0,0,0,0,0,0,0,0,0,0,0,0,0,0,0,0,8888,0,8888,79
9,3,20,2018.0,0,0,0,0,0,0,0,0,0,0,0,0,0,0,0,0,0,0,0,0,0,0,0,0,0,8888,8888,8888,79
10,3,20,2018.0,0,0,0,0,0,2,10,10,10,10,10,10,10,10,10,10,10,8,0,0,0,0,0,0,10,8888,120,8888,79
1,3,21,2018.0,0,0,0,0,0,1,18,104,169,173,126,107,179,141,70,93,73,16,0,0,0,0,0,0,179,8888,1269,8888,80
2,3,21,2018.0,0,0,0,0,0,0,0,75,129,70,9,2,49,30,1,25,42,3,0,0,0,0,0,0,129,8888,434,8888,80
3,3,21,2018.0,0,0,0,0,0,1,17,29,40,103,117,105,130,111,70,67,32,13,0,0,0,0,0,0,130,8888,835,8888,80
4,3,21,2018.0,0,0,0,0,0,0,0,10,10,6,1,0,4,3,0,4,9,3,0,0,0,0,0,0,10,8888,50,8888,80
5,3,21,2018.0,-12,-16,-13,-16,-18,-16,-7,10,20,20,35,35,45,41,43,49,48,25,20,21,22,37,32,36,49,-18,8888,18,80
6,3,21,2018.0,4,3,3,4,4,2,3,13,12,14,14,14,13,7,11,13,13,2,3,3,1,15,2,5,14,8888,8888,8888,80
7,3,21,2018.0,20,23,26,18,21,6,7,7,15,30,25,30,30,12,12,24,24,17,12,13,15,9,14,4,30,8888,8888,17,80
8,3,21,2018.0,0,0,0,0,0,0,0,0,0,0,0,0,0,0,0,0,0,0,0,0,0,0,0,0,0,8888,0,8888,80
9,3,21,2018.0,0,0,0,0,0,0,0,0,0,0,0,0,0,0,0,0,0,0,0,0,0,0,0,0,0,8888,8888,8888,80
10,3,21,2018.0,0,0,0,0,0,2,10,10,10,10,10,10,10,10,10,10,10,8,0,0,0,0,0,0,10,8888,121,8888,80
1,3,22,2018.0,0,0,0,0,0,2,7,23,27,36,30,30,28,29,29,14,13,3,0,0,0,0,0,0,36,8888,271,8888,81
2,3,22,2018.0,0,0,0,0,0,0,0,0,0,0,0,0,0,0,0,0,0,0,0,0,0,0,0,0,0,8888,0,8888,81
3,3,22,2018.0,0,0,0,0,0,2,7,23,27,36,30,30,28,29,29,14,13,3,0,0,0,0,0,0,36,8888,271,8888,81
4,3,22,2018.0,0,0,0,0,0,0,0,0,0,0,0,0,0,0,0,0,0,0,0,0,0,0,0,0,0,8888,0,8888,81
5,3,22,2018.0,73,65,55,62,62,61,66,73,72,75,71,63,61,56,54,48,50,50,44,41,48,48,43,31,75,31,8888,57,81
6,3,22,2018.0,5,7,13,5,2,15,16,6,3,3,2,6,14,4,9,11,14,13,5,1,2,10,2,2,3,8888,8888,8888,81
7,3,22,2018.0,35,22,11,22,14,18,16,17,70,83,51,11,43,23,22,25,15,31,36,21,48,46,21,9,83,8888,8888,30,81
8,3,22,2018.0,0,0,0,0,0,0,0,0,0,5,10,15,15,10,0,10,0,0,0,0,0,0,0,0,15,8888,65,8888,81
9,3,22,2018.0,0,0,0,0,0,0,0,0,0,0,0,0,0,0,0,0,0,0,0,0,0,0,0,0,0,8888,8888,8888,81
10,3,22,2018.0,0,0,0,0,0,3,10,10,10,10,10,10,10,10,10,10,10,9,0,0,0,0,0,0,10,8888,121,8888,81
1,3,23,2018.0,0,0,0,0,0,2,12,29,37,70,68,73,113,209,149,86,36,12,0,0,0,0,0,0,209,8888,894,8888,82
2,3,23,2018.0,0,0,0,0,0,0,0,0,0,1,0,0,2,103,52,18,3,0,0,0,0,0,0,0,103,8888,180,8888,82
3,3,23,2018.0,0,0,0,0,0,2,12,29,37,69,68,72,111,106,97,68,33,11,0,0,0,0,0,0,111,8888,714,8888,82
4,3,23,2018.0,0,0,0,0,0,0,0,0,0,0,0,0,0,7,5,3,1,0,0,0,0,0,0,0,7,8888,17,8888,82
5,3,23,2018.0,27,27,31,28,24,23,32,34,38,43,43,45,57,62,59,52,50,49,48,41,45,43,27,41,62,23,8888,40,82
6,3,23,2018.0,3,3,6,6,4,3,4,6,6,6,7,11,13,14,14,14,14,14,14,14,14,13,15,12,13,8888,8888,8888,82
7,3,23,2018.0,4,13,20,18,13,10,11,24,38,25,17,10,69,55,54,49,68,67,55,23,35,30,15,27,69,8888,8888,31,82
8,3,23,2018.0,0,0,0,0,0,0,0,0,0,0,0,0,0,0,0,0,0,0,0,0,0,0,0,0,0,8888,0,8888,82
9,3,23,2018.0,0,0,0,0,0,0,0,0,0,0,0,0,0,0,0,0,0,0,0,0,0,0,0,0,0,8888,8888,8888,82
10,3,23,2018.0,0,0,0,0,0,3,10,10,10,10,10,10,10,10,10,10,10,9,0,0,0,0,0,0,10,8888,122,8888,82
1,3,24,2018.0,0,0,0,0,0,2,20,42,105,157,248,287,280,250,208,127,63,13,0,0,0,0,0,0,287,8888,1802,8888,83
2,3,24,2018.0,0,0,0,0,0,0,0,0,22,42,143,227,221,196,162,60,23,2,0,0,0,0,0,0,227,8888,1100,8888,83
3,3,24,2018.0,0,0,0,0,0,2,20,41,83,114,105,60,58,54,46,66,40,11,0,0,0,0,0,0,114,8888,702,8888,83
4,3,24,2018.0,0,0,0,0,0,0,0,0,3,4,8,10,10,10,10,7,6,1,0,0,0,0,0,0,10,8888,71,8888,83
5,3,24,2018.0,43,42,30,29,31,31,41,48,55,69,81,88,85,87,87,80,79,73,64,62,67,64,65,61,88,29,8888,61,83
6,3,24,2018.0,12,12,16,2,2,4,5,6,6,8,8,8,8,8,7,7,7,6,5,5,5,5,5,5,8,8888,8888,8888,83
7,3,24,2018.0,19,16,9,11,12,14,13,21,39,29,35,30,42,36,33,33,28,35,36,34,33,35,33,30,42,8888,8888,27,83
8,3,24,2018.0,0,0,0,0,0,0,0,0,0,0,0,0,0,0,0,0,0,0,0,0,0,0,0,0,0,8888,0,8888,83
9,3,24,2018.0,0,0,0,0,0,0,0,0,0,0,0,0,0,0,0,0,0,0,0,0,0,0,0,0,0,8888,8888,8888,83
10,3,24,2018.0,0,0,0,0,0,3,10,10,10,10,10,10,10,10,10,10,10,9,0,0,0,0,0,0,10,8888,122,8888,83
1,3,25,2018.0,0,0,0,0,0,3,17,86,78,73,73,86,94,164,155,106,39,8,0,0,0,0,0,0,164,8888,982,8888,84
2,3,25,2018.0,0,0,0,0,0,0,0,32,6,1,0,1,1,45,62,36,3,0,0,0,0,0,0,0,62,8888,188,8888,84
3,3,25,2018.0,0,0,0,0,0,3,17,53,72,73,72,86,93,119,94,70,36,7,0,0,0,0,0,0,119,8888,794,8888,84
4,3,25,2018.0,0,0,0,0,0,0,0,6,1,0,0,0,0,4,6,5,1,0,0,0,0,0,0,0,6,8888,22,8888,84
5,3,25,2018.0,63,64,54,59,57,70,65,76,80,83,78,86,90,99,89,92,91,90,90,91,90,92,90,87,99,54,8888,80,84
6,3,25,2018.0,5,5,5,3,5,14,14,16,14,11,9,16,12,13,14,3,4,5,5,5,5,4,4,4,12,8888,8888,8888,84
7,3,25,2018.0,34,31,33,33,19,25,20,19,11,16,19,6,44,26,15,11,18,26,31,35,32,39,29,31,44,8888,8888,25,84
8,3,25,2018.0,0,0,0,0,20,0,0,0,0,0,0,0,0,0,0,0,0,0,0,0,0,0,0,0,20,8888,20,8888,84
9,3,25,2018.0,0,0,0,0,0,0,0,0,0,0,0,0,0,0,0,0,0,0,0,0,0,0,0,0,0,8888,8888,8888,84
10,3,25,2018.0,0,0,0,0,0,4,10,10,10,10,10,10,10,10,10,10,10,9,0,0,0,0,0,0,10,8888,123,8888,84
1,3,26,2018.0,0,0,0,0,0,3,8,23,44,69,102,277,256,149,193,150,79,8,0,0,0,0,0,0,277,8888,1363,8888,85
2,3,26,2018.0,0,0,0,0,0,0,0,0,0,0,2,187,169,31,110,113,52,0,0,0,0,0,0,0,187,8888,665,8888,85
3,3,26,2018.0,0,0,0,0,0,3,8,23,44,69,101,90,87,118,83,37,28,8,0,0,0,0,0,0,118,8888,698,8888,85
4,3,26,2018.0,0,0,0,0,0,0,0,0,0,0,0,9,9,3,8,10,10,0,0,0,0,0,0,0,10,8888,49,8888,85
5,3,26,2018.0,94,90,93,93,93,90,90,89,94,97,102,110,107,108,109,104,100,96,96,94,94,94,93,94,110,89,8888,97,85
6,3,26,2018.0,6,5,5,4,4,5,5,7,6,6,6,6,6,6,6,6,6,6,6,5,6,6,6,6,6,8888,8888,8888,85
7,3,26,2018.0,39,35,36,44,30,30,21,28,34,27,37,42,40,37,46,55,50,39,40,36,39,41,44,53,55,8888,8888,38,85
8,3,26,2018.0,0,0,0,0,0,0,0,0,0,0,0,0,0,0,0,0,0,0,0,0,0,0,0,0,0,8888,0,8888,85
9,3,26,2018.0,0,0,0,0,0,0,0,0,0,0,0,0,0,0,0,0,0,0,0,0,0,0,0,0,0,8888,8888,8888,85
10,3,26,2018.0,0,0,0,0,0,4,10,10,10,10,10,10,10,10,10,10,10,9,0,0,0,0,0,0,10,8888,123,8888,85
1,3,27,2018.0,0,0,0,0,0,3,28,112,181,237,274,291,284,259,210,151,80,17,0,0,0,0,0,0,291,8888,2125,8888,86
2,3,27,2018.0,0,0,0,0,0,0,4,79,139,186,216,231,225,204,162,113,51,5,0,0,0,0,0,0,231,8888,1615,8888,86
3,3,27,2018.0,0,0,0,0,0,3,23,33,42,51,57,60,59,55,47,38,29,12,0,0,0,0,0,0,60,8888,510,8888,86
4,3,27,2018.0,0,0,0,0,0,0,2,10,10,10,10,10,10,10,10,10,10,4,0,0,0,0,0,0,10,8888,106,8888,86
5,3,27,2018.0,95,91,90,89,92,94,99,105,115,123,131,134,148,128,131,126,122,109,103,109,115,103,110,109,148,89,8888,111,86
6,3,27,2018.0,6,6,5,5,5,6,5,6,6,6,6,6,6,6,6,6,6,5,5,5,5,5,5,5,6,8888,8888,8888,86
7,3,27,2018.0,54,58,46,42,36,45,44,61,54,52,43,39,48,26,39,32,40,21,27,27,29,28,35,38,61,8888,8888,40,86
8,3,27,2018.0,0,0,0,0,0,0,0,0,0,0,0,0,0,0,0,0,0,0,0,0,0,0,0,0,0,8888,0,8888,86
9,3,27,2018.0,0,0,0,0,0,0,0,0,0,0,0,0,0,0,0,0,0,0,0,0,0,0,0,0,0,8888,8888,8888,86
10,3,27,2018.0,0,0,0,0,0,4,10,10,10,10,10,10,10,10,10,10,10,9,0,0,0,0,0,0,10,8888,124,8888,86
1,3,28,2018.0,0,0,0,0,0,3,39,114,179,233,275,290,287,256,212,143,53,9,0,0,0,0,0,0,290,8888,2094,8888,87
2,3,28,2018.0,0,0,0,0,0,0,13,81,135,181,218,230,227,201,165,90,14,0,0,0,0,0,0,0,230,8888,1556,8888,87
3,3,28,2018.0,0,0,0,0,0,3,26,33,43,51,58,60,60,55,47,54,39,9,0,0,0,0,0,0,60,8888,538,8888,87
4,3,28,2018.0,0,0,0,0,0,0,6,10,10,10,10,10,10,10,10,9,4,0,0,0,0,0,0,0,10,8888,99,8888,87
5,3,28,2018.0,115,108,112,108,109,111,117,128,133,152,155,160,166,158,152,145,135,124,127,125,127,124,121,122,166,108,8888,131,87
6,3,28,2018.0,5,5,5,5,5,5,5,6,6,6,6,6,6,6,6,5,6,5,5,5,6,5,5,5,6,8888,8888,8888,87
7,3,28,2018.0,37,32,38,31,37,40,41,59,65,57,58,60,46,43,43,42,55,38,44,36,38,40,37,40,65,8888,8888,44,87
8,3,28,2018.0,0,0,0,0,0,0,0,0,0,0,0,0,0,0,0,0,0,0,0,0,0,0,0,0,0,8888,0,8888,87
9,3,28,2018.0,0,0,0,0,0,0,0,0,0,0,0,0,0,0,0,0,0,0,0,0,0,0,0,0,0,8888,8888,8888,87
10,3,28,2018.0,0,0,0,0,0,4,10,10,10,10,10,10,10,10,10,10,10,10,0,0,0,0,0,0,10,8888,124,8888,87
1,3,29,2018.0,0,0,0,0,0,4,9,25,37,54,50,49,49,43,32,31,61,22,0,0,0,0,0,0,61,8888,465,8888,88
2,3,29,2018.0,0,0,0,0,0,0,0,0,0,0,0,0,0,0,0,0,19,9,0,0,0,0,0,0,19,8888,29,8888,88
3,3,29,2018.0,0,0,0,0,0,4,9,25,37,54,50,49,49,43,32,31,41,13,0,0,0,0,0,0,54,8888,436,8888,88
4,3,29,2018.0,0,0,0,0,0,0,0,0,0,0,0,0,0,0,0,0,5,7,0,0,0,0,0,0,7,8888,12,8888,88
5,3,29,2018.0,119,121,113,107,106,103,103,104,107,106,108,102,98,94,90,93,90,79,69,66,63,63,56,59,121,56,8888,92,88
6,3,29,2018.0,4,6,7,6,6,5,6,6,6,7,6,6,7,12,15,14,14,15,15,15,15,15,15,15,6,8888,8888,8888,88
7,3,29,2018.0,32,34,30,34,38,31,45,53,50,24,41,27,21,12,29,22,29,35,26,31,37,43,35,34,53,8888,8888,33,88
8,3,29,2018.0,0,0,0,0,0,0,0,0,0,0,0,0,0,0,0,0,0,0,0,0,0,0,0,0,0,8888,0,8888,88
9,3,29,2018.0,0,0,0,0,0,0,0,0,0,0,0,0,0,0,0,0,0,0,0,0,0,0,0,0,0,8888,8888,8888,88
10,3,29,2018.0,0,0,0,0,0,5,10,10,10,10,10,10,10,10,10,10,10,10,0,0,0,0,0,0,10,8888,124,8888,88
1,3,30,2018.0,0,0,0,0,0,4,45,121,160,249,289,308,300,203,195,157,85,24,0,0,0,0,0,0,308,8888,2139,8888,89
2,3,30,2018.0,0,0,0,0,0,0,18,88,77,195,225,238,234,83,111,119,57,12,0,0,0,0,0,0,238,8888,1458,8888,89
3,3,30,2018.0,0,0,0,0,0,4,27,33,82,54,64,70,67,119,84,37,28,11,0,0,0,0,0,0,119,8888,680,8888,89
4,3,30,2018.0,0,0,0,0,0,0,7,10,7,10,10,10,10,6,8,10,10,9,0,0,0,0,0,0,10,8888,106,8888,89
5,3,30,2018.0,61,64,61,51,47,50,58,68,74,72,76,80,72,69,67,72,65,57,41,33,51,59,61,61,80,33,8888,61,89
6,3,30,2018.0,14,14,14,14,16,15,15,14,14,14,14,14,14,14,14,14,14,14,15,15,14,13,13,13,14,8888,8888,8888,89
7,3,30,2018.0,39,61,57,32,25,29,39,40,38,47,47,42,58,50,42,44,37,23,16,20,27,50,49,54,61,8888,8888,40,89
8,3,30,2018.0,0,0,0,0,0,0,0,0,0,0,0,0,0,0,0,0,0,0,0,0,0,0,0,0,0,8888,0,8888,89
9,3,30,2018.0,0,0,0,0,0,0,0,0,0,0,0,0,0,0,0,0,0,0,0,0,0,0,0,0,0,8888,8888,8888,89
10,3,30,2018.0,0,0,0,0,0,5,10,10,10,10,10,10,10,10,10,10,10,10,0,0,0,0,0,0,10,8888,125,8888,89
1,3,31,2018.0,0,0,0,0,0,4,24,94,134,231,286,300,294,264,218,77,45,9,0,0,0,0,0,0,300,8888,1979,8888,90
2,3,31,2018.0,0,0,0,0,0,0,0,36,47,153,225,237,232,208,170,12,7,0,0,0,0,0,0,0,237,8888,1328,8888,90
3,3,31,2018.0,0,0,0,0,0,4,23,58,88,77,61,63,61,56,48,65,37,9,0,0,0,0,0,0,88,8888,651,8888,90
4,3,31,2018.0,0,0,0,0,0,0,0,6,5,9,10,10,10,10,10,2,2,0,0,0,0,0,0,0,10,8888,73,8888,90
5,3,31,2018.0,61,60,63,63,66,66,49,54,63,73,84,94,94,94,88,87,80,70,58,54,48,41,38,39,94,38,8888,66,90
6,3,31,2018.0,13,12,12,12,12,12,5,6,6,6,6,10,11,11,10,12,14,3,3,3,3,2,3,16,13,8888,8888,8888,90
7,3,31,2018.0,57,43,51,43,46,36,25,33,36,38,39,27,23,22,22,21,9,10,21,14,12,14,12,17,57,8888,8888,28,90
8,3,31,2018.0,0,0,0,0,0,0,0,0,0,0,0,0,0,0,0,0,0,0,0,0,0,0,0,0,0,8888,0,8888,90
9,3,31,2018.0,0,0,0,0,0,0,0,0,0,0,0,0,0,0,0,0,0,0,0,0,0,0,0,0,0,8888,8888,8888,90
10,3,31,2018.0,0,0,0,0,0,5,10,10,10,10,10,10,10,10,10,10,10,10,0,0,0,0,0,0,10,8888,125,8888,90
1,4,1,2017.0,0,0,0,0,0,4,30,72,180,164,133,310,287,256,217,160,90,24,0,0,0,0,0,0,310,8888,1925,8888,91
2,4,1,2017.0,0,0,0,0,0,0,5,10,113,42,21,236,223,167,165,120,61,11,0,0,0,0,0,0,236,8888,1174,8888,91
3,4,1,2017.0,0,0,0,0,0,4,25,62,66,123,112,74,64,88,51,40,28,13,0,0,0,0,0,0,123,8888,751,8888,91
4,4,1,2017.0,0,0,0,0,0,0,2,2,9,4,2,10,10,9,10,10,10,8,0,0,0,0,0,0,10,8888,84,8888,91
5,4,1,2017.0,35,38,36,34,23,20,29,42,51,55,67,66,66,67,65,67,68,53,47,46,40,36,41,26,68,20,8888,47,91
6,4,1,2017.0,1,2,3,2,4,4,4,7,7,8,12,13,13,14,14,14,15,15,3,3,3,1,16,1,13,8888,8888,8888,91
7,4,1,2017.0,17,11,11,3,7,16,11,17,24,29,25,46,52,44,37,36,14,13,25,27,24,21,17,12,52,8888,8888,22,91
8,4,1,2017.0,0,0,0,0,0,0,0,0,0,0,0,0,0,0,0,0,0,0,0,0,0,0,0,0,0,8888,0,8888,91
9,4,1,2017.0,0,0,0,0,0,0,0,0,0,0,0,0,0,0,0,0,0,0,0,0,0,0,0,0,0,8888,8888,8888,91
10,4,1,2017.0,0,0,0,0,0,5,10,10,10,10,10,10,10,10,10,10,10,10,0,0,0,0,0,0,10,8888,126,8888,91
1,4,2,2017.0,0,0,0,0,0,5,47,121,191,249,288,300,297,215,175,99,56,17,0,0,0,0,0,0,300,8888,2058,8888,92
2,4,2,2017.0,0,0,0,0,0,0,16,82,144,192,223,234,231,103,69,26,11,2,0,0,0,0,0,0,234,8888,1332,8888,92
3,4,2,2017.0,0,0,0,0,0,5,31,39,47,57,65,66,66,112,106,73,45,15,0,0,0,0,0,0,112,8888,726,8888,92
4,4,2,2017.0,0,0,0,0,0,0,6,10,10,10,10,10,10,7,6,4,3,2,0,0,0,0,0,0,10,8888,88,8888,92
5,4,2,2017.0,28,37,23,20,11,17,37,45,48,55,59,69,68,86,83,79,67,68,68,70,72,72,48,44,86,11,8888,53,92
6,4,2,2017.0,1,15,16,5,3,4,9,8,9,9,10,9,7,12,12,13,13,12,13,13,13,13,5,5,13,8888,8888,8888,92
7,4,2,2017.0,17,16,13,15,15,17,3,22,18,17,17,18,15,24,45,72,54,48,63,62,61,57,26,18,72,8888,8888,31,92
8,4,2,2017.0,0,0,0,0,0,0,0,0,0,0,0,0,0,0,0,0,0,0,0,0,0,0,0,0,0,8888,0,8888,92
9,4,2,2017.0,0,0,0,0,0,0,0,0,0,0,0,0,0,0,0,0,0,0,0,0,0,0,0,0,0,8888,8888,8888,92
10,4,2,2017.0,0,0,0,0,0,6,10,10,10,10,10,10,10,10,10,10,10,10,1,0,0,0,0,0,10,8888,126,8888,92
1,4,3,2017.0,0,0,0,0,0,5,37,72,150,142,179,174,208,194,115,49,29,8,0,0,0,0,0,0,208,8888,1362,8888,93
2,4,3,2017.0,0,0,0,0,0,0,7,10,58,29,47,34,70,75,16,0,0,0,0,0,0,0,0,0,75,8888,348,8888,93
3,4,3,2017.0,0,0,0,0,0,5,29,62,92,114,132,140,138,118,99,49,29,8,0,0,0,0,0,0,140,8888,1014,8888,93
4,4,3,2017.0,0,0,0,0,0,0,3,2,6,3,4,3,5,6,2,0,0,0,0,0,0,0,0,0,6,8888,33,8888,93
5,4,3,2017.0,44,41,43,45,46,46,49,53,65,69,82,79,101,76,87,76,72,69,71,70,70,69,59,56,101,41,8888,64,93
6,4,3,2017.0,5,6,5,5,6,6,6,6,6,6,6,7,7,9,7,8,6,3,4,3,3,15,15,16,6,8888,8888,8888,93
7,4,3,2017.0,28,23,23,25,36,39,40,44,52,57,62,45,39,34,35,49,32,30,20,24,22,15,16,11,62,8888,8888,33,93
8,4,3,2017.0,0,0,0,0,0,0,0,0,0,0,0,0,0,0,0,0,0,0,0,0,0,0,0,0,0,8888,0,8888,93
9,4,3,2017.0,0,0,0,0,0,0,0,0,0,0,0,0,0,0,0,0,0,0,0,0,0,0,0,0,0,8888,8888,8888,93
10,4,3,2017.0,0,0,0,0,0,6,10,10,10,10,10,10,10,10,10,10,10,10,1,0,0,0,0,0,10,8888,127,8888,93
1,4,4,2017.0,0,0,0,0,0,11,51,128,192,251,290,282,297,175,171,95,40,16,0,0,0,0,0,0,297,8888,1997,8888,94
2,4,4,2017.0,0,0,0,0,0,0,20,90,144,194,225,187,231,45,67,19,1,1,0,0,0,0,0,0,231,8888,1224,8888,94
3,4,4,2017.0,0,0,0,0,0,10,31,37,48,57,65,95,66,130,104,76,39,15,0,0,0,0,0,0,130,8888,773,8888,94
4,4,4,2017.0,0,0,0,0,0,0,7,10,10,10,10,9,10,4,6,3,0,1,0,0,0,0,0,0,10,8888,81,8888,94
5,4,4,2017.0,38,37,35,33,32,33,53,54,67,78,80,95,96,94,89,89,91,85,75,76,80,68,68,68,96,32,8888,67,94
6,4,4,2017.0,5,4,1,3,1,16,9,7,7,7,8,9,13,11,7,5,7,8,5,5,6,5,5,5,6,8888,8888,8888,94
7,4,4,2017.0,7,16,5,9,11,9,5,22,25,24,18,14,13,20,14,12,17,16,20,26,29,24,25,26,29,8888,8888,17,94
8,4,4,2017.0,0,0,0,0,0,0,0,0,0,0,0,0,0,0,0,0,0,0,0,0,0,0,0,0,0,8888,0,8888,94
9,4,4,2017.0,0,0,0,0,0,0,0,0,0,0,0,0,0,0,0,0,0,0,0,0,0,0,0,0,0,8888,8888,8888,94
10,4,4,2017.0,0,0,0,0,0,6,10,10,10,10,10,10,10,10,10,10,10,10,1,0,0,0,0,0,10,8888,127,8888,94
1,4,5,2017.0,0,0,0,0,0,10,52,127,196,250,284,302,295,269,221,158,81,14,0,0,0,0,0,0,302,8888,2260,8888,95
2,4,5,2017.0,0,0,0,0,0,0,21,88,148,193,221,236,230,208,168,115,41,0,0,0,0,0,0,0,236,8888,1671,8888,95
3,4,5,2017.0,0,0,0,0,0,10,31,39,48,57,63,66,65,60,52,43,41,14,0,0,0,0,0,0,66,8888,589,8888,95
4,4,5,2017.0,0,0,0,0,0,0,8,10,10,10,10,10,10,10,10,10,9,0,0,0,0,0,0,0,10,8888,107,8888,95
5,4,5,2017.0,73,74,71,71,71,78,92,103,112,122,122,132,139,148,141,146,145,128,124,120,120,124,124,122,148,71,8888,113,95
6,4,5,2017.0,5,5,5,5,5,5,5,6,6,6,6,6,6,6,6,6,6,5,5,5,5,5,5,5,6,8888,8888,8888,95
7,4,5,2017.0,31,38,35,37,32,37,42,61,60,57,53,43,53,54,48,44,46,28,29,27,31,33,32,33,61,8888,8888,41,95
8,4,5,2017.0,0,0,0,0,0,0,0,0,0,0,0,0,0,0,0,0,0,0,0,0,0,0,0,0,0,8888,0,8888,95
9,4,5,2017.0,0,0,0,0,0,0,0,0,0,0,0,0,0,0,0,0,0,0,0,0,0,0,0,0,0,8888,8888,8888,95
10,4,5,2017.0,0,0,0,0,0,7,10,10,10,10,10,10,10,10,10,10,10,10,1,0,0,0,0,0,10,8888,128,8888,95
1,4,6,2017.0,0,0,0,0,0,8,37,113,163,227,229,215,162,46,36,38,11,3,0,0,0,0,0,0,229,8888,1290,8888,96
2,4,6,2017.0,0,0,0,0,0,0,6,55,83,144,110,72,21,0,0,0,0,0,0,0,0,0,0,0,144,8888,491,8888,96
3,4,6,2017.0,0,0,0,0,0,8,31,58,80,84,119,143,141,46,36,38,11,3,0,0,0,0,0,0,143,8888,799,8888,96
4,4,6,2017.0,0,0,0,0,0,0,2,8,8,9,7,5,2,0,0,0,0,0,0,0,0,0,0,0,9,8888,41,8888,96
5,4,6,2017.0,117,113,114,114,114,122,135,153,160,164,172,189,178,146,126,111,108,113,118,122,115,111,105,104,189,104,8888,130,96
6,4,6,2017.0,5,5,5,5,5,5,5,6,6,6,6,6,6,7,5,4,5,5,4,4,5,5,4,5,6,8888,8888,8888,96
7,4,6,2017.0,31,25,34,29,30,39,36,41,50,51,54,52,36,23,14,31,30,36,43,49,52,49,46,51,54,8888,8888,39,96
8,4,6,2017.0,0,0,0,0,0,0,0,0,0,0,0,0,0,0,0,0,5,5,0,0,5,10,25,20,25,8888,70,8888,96
9,4,6,2017.0,0,0,0,0,0,0,0,0,0,0,0,0,0,0,0,0,0,0,0,0,0,0,0,0,0,8888,8888,8888,96
10,4,6,2017.0,0,0,0,0,0,7,10,10,10,10,10,10,10,10,10,10,10,10,1,0,0,0,0,0,10,8888,128,8888,96
1,4,7,2017.0,0,0,0,0,0,2,13,28,44,59,69,133,166,159,59,39,22,6,0,0,0,0,0,0,166,8888,800,8888,97
2,4,7,2017.0,0,0,0,0,0,0,0,0,0,0,0,10,21,31,0,0,0,0,0,0,0,0,0,0,31,8888,63,8888,97
3,4,7,2017.0,0,0,0,0,0,2,13,28,44,59,69,123,145,127,59,39,22,6,0,0,0,0,0,0,145,8888,736,8888,97
4,4,7,2017.0,0,0,0,0,0,0,0,0,0,0,0,1,2,3,0,0,0,0,0,0,0,0,0,0,3,8888,6,8888,97
5,4,7,2017.0,102,106,108,106,106,96,89,88,83,85,83,89,88,93,87,87,89,86,85,93,87,86,82,70,108,70,8888,91,97
6,4,7,2017.0,5,5,7,10,11,14,13,13,14,11,14,14,13,13,13,9,6,6,5,6,6,5,15,2,13,8888,8888,8888,97
7,4,7,2017.0,39,34,33,34,28,21,52,61,31,17,22,44,56,40,32,13,23,19,19,32,32,28,18,6,61,8888,8888,31,97
8,4,7,2017.0,25,10,5,5,0,0,0,0,0,0,0,0,0,0,0,0,0,0,0,0,0,0,0,0,25,8888,45,8888,97
9,4,7,2017.0,0,0,0,0,0,0,0,0,0,0,0,0,0,0,0,0,0,0,0,0,0,0,0,0,0,8888,8888,8888,97
10,4,7,2017.0,0,0,0,0,0,7,10,10,10,10,10,10,10,10,10,10,10,10,1,0,0,0,0,0,10,8888,128,8888,97
1,4,8,2017.0,0,0,0,0,0,5,26,62,182,197,54,79,80,48,39,31,19,6,0,0,0,0,0,0,197,8888,829,8888,98
2,4,8,2017.0,0,0,0,0,0,0,0,1,124,91,0,0,0,0,0,0,0,0,0,0,0,0,0,0,124,8888,217,8888,98
3,4,8,2017.0,0,0,0,0,0,5,26,61,59,106,54,79,79,48,38,31,19,6,0,0,0,0,0,0,106,8888,612,8888,98
4,4,8,2017.0,0,0,0,0,0,0,0,0,10,7,0,0,0,0,0,0,0,0,0,0,0,0,0,0,10,8888,17,8888,98
5,4,8,2017.0,71,66,70,66,72,74,91,147,164,164,154,154,157,130,126,114,112,108,104,102,98,91,87,87,164,66,8888,109,98
6,4,8,2017.0,15,5,6,6,14,3,6,5,6,6,6,6,6,13,10,10,6,6,6,13,14,14,15,16,6,8888,8888,8888,98
7,4,8,2017.0,15,13,39,20,18,8,36,40,47,57,48,34,25,7,16,12,5,9,9,10,31,22,16,16,57,8888,8888,23,98
8,4,8,2017.0,0,0,0,0,0,0,0,0,0,0,0,0,0,0,0,0,0,0,0,5,5,5,0,0,5,8888,15,8888,98
9,4,8,2017.0,0,0,0,0,0,0,0,0,0,0,0,0,0,0,0,0,0,0,0,0,0,0,0,0,0,8888,8888,8888,98
10,4,8,2017.0,0,0,0,0,0,7,10,10,10,10,10,10,10,10,10,10,10,10,2,0,0,0,0,0,10,8888,129,8888,98
1,4,9,2017.0,0,0,0,0,0,3,8,33,48,92,144,182,306,263,231,168,97,33,1,0,0,0,0,0,306,8888,1607,8888,99
2,4,9,2017.0,0,0,0,0,0,0,0,0,0,1,21,35,238,173,178,126,66,20,0,0,0,0,0,0,238,8888,858,8888,99
3,4,9,2017.0,0,0,0,0,0,3,8,33,47,91,122,147,68,90,53,42,31,14,1,0,0,0,0,0,147,8888,749,8888,99
4,4,9,2017.0,0,0,0,0,0,0,0,0,0,0,2,3,10,9,10,10,10,10,0,0,0,0,0,0,10,8888,63,8888,99
5,4,9,2017.0,84,83,79,75,75,71,72,74,78,85,82,87,92,93,92,93,81,81,75,76,71,65,67,67,93,65,8888,79,99
6,4,9,2017.0,13,14,14,14,14,15,15,15,15,14,14,15,14,14,14,14,14,14,14,14,14,15,15,15,14,8888,8888,8888,99
7,4,9,2017.0,48,36,24,16,22,31,31,33,34,30,46,55,44,47,46,40,78,72,34,47,36,30,38,39,78,8888,8888,40,99
8,4,9,2017.0,0,0,0,5,5,5,5,0,0,0,0,0,0,0,0,0,0,0,0,0,0,0,0,0,5,8888,20,8888,99
9,4,9,2017.0,0,0,0,0,0,0,0,0,0,0,0,0,0,0,0,0,0,0,0,0,0,0,0,0,0,8888,8888,8888,99
10,4,9,2017.0,0,0,0,0,0,8,10,10,10,10,10,10,10,10,10,10,10,10,2,0,0,0,0,0,10,8888,129,8888,99
1,4,10,2017.0,0,0,0,0,0,6,66,141,207,261,300,315,308,276,226,132,77,31,1,0,0,0,0,0,315,8888,2346,8888,100
2,4,10,2017.0,0,0,0,0,0,0,34,103,158,202,233,245,239,214,173,58,30,14,0,0,0,0,0,0,245,8888,1704,8888,100
3,4,10,2017.0,0,0,0,0,0,6,32,38,49,59,67,70,68,62,53,74,47,17,1,0,0,0,0,0,74,8888,643,8888,100
4,4,10,2017.0,0,0,0,0,0,0,9,10,10,10,10,10,10,10,10,7,7,8,0,0,0,0,0,0,10,8888,110,8888,100
5,4,10,2017.0,65,63,60,51,28,37,60,73,74,88,95,96,100,97,94,95,90,81,64,49,44,47,63,62,100,28,8888,70,100
6,4,10,2017.0,15,15,15,16,16,4,6,6,7,11,14,14,13,13,13,13,14,15,16,5,4,4,15,15,13,8888,8888,8888,100
7,4,10,2017.0,33,33,28,19,16,17,16,29,18,14,23,20,32,31,34,27,32,12,25,19,14,10,12,17,34,8888,8888,22,100
8,4,10,2017.0,0,0,0,0,0,0,0,0,0,0,0,0,0,0,0,0,0,0,0,0,0,0,0,0,0,8888,0,8888,100
9,4,10,2017.0,0,0,0,0,0,0,0,0,0,0,0,0,0,0,0,0,0,0,0,0,0,0,0,0,0,8888,8888,8888,100
10,4,10,2017.0,0,0,0,0,0,8,10,10,10,10,10,10,10,10,10,10,10,10,2,0,0,0,0,0,10,8888,130,8888,100
1,4,11,2017.0,0,0,0,0,0,6,60,139,186,131,114,196,56,68,56,36,18,3,1,0,0,0,0,0,196,8888,1072,8888,101
2,4,11,2017.0,0,0,0,0,0,0,24,100,103,19,2,51,0,0,0,0,0,0,0,0,0,0,0,0,103,8888,299,8888,101
3,4,11,2017.0,0,0,0,0,0,6,36,40,83,112,112,145,56,68,56,36,18,3,1,0,0,0,0,0,145,8888,773,8888,101
4,4,11,2017.0,0,0,0,0,0,0,7,10,8,2,0,4,0,0,0,0,0,0,0,0,0,0,0,0,10,8888,31,8888,101
5,4,11,2017.0,47,105,109,115,115,114,121,130,137,141,147,140,138,135,138,133,99,87,81,82,84,78,90,88,147,47,8888,111,101
6,4,11,2017.0,4,5,5,5,5,5,5,6,6,6,6,6,6,6,6,5,5,6,5,5,5,5,4,5,6,8888,8888,8888,101
7,4,11,2017.0,8,31,44,44,41,38,52,66,68,72,53,104,96,72,66,41,26,46,47,39,49,38,54,32,104,8888,8888,51,101
8,4,11,2017.0,0,0,0,0,0,0,0,0,0,0,0,0,0,0,0,0,0,15,25,20,10,15,0,0,25,8888,85,8888,101
9,4,11,2017.0,0,0,0,0,0,0,0,0,0,0,0,0,0,0,0,0,0,0,0,0,0,0,0,0,0,8888,8888,8888,101
10,4,11,2017.0,0,0,0,0,0,8,10,10,10,10,10,10,10,10,10,10,10,10,2,0,0,0,0,0,10,8888,130,8888,101
1,4,12,2017.0,0,0,0,0,0,5,11,38,103,189,166,257,240,151,172,88,61,25,1,0,0,0,0,0,257,8888,1506,8888,102
2,4,12,2017.0,0,0,0,0,0,0,0,0,16,63,34,126,96,43,57,13,12,6,0,0,0,0,0,0,126,8888,466,8888,102
3,4,12,2017.0,0,0,0,0,0,5,11,38,87,126,132,131,144,108,115,75,49,19,1,0,0,0,0,0,144,8888,1040,8888,102
4,4,12,2017.0,0,0,0,0,0,0,0,0,2,5,3,7,6,4,5,2,3,4,0,0,0,0,0,0,7,8888,40,8888,102
5,4,12,2017.0,76,71,70,72,76,74,67,63,58,73,67,74,70,55,66,59,58,54,52,52,51,53,54,37,76,37,8888,63,102
6,4,12,2017.0,15,15,15,15,14,14,14,14,15,14,14,14,13,15,13,13,13,13,13,13,13,13,12,12,13,8888,8888,8888,102
7,4,12,2017.0,25,25,26,31,32,18,47,52,55,37,70,77,104,39,142,137,142,123,130,116,110,111,122,68,142,8888,8888,77,102
8,4,12,2017.0,0,20,10,0,0,0,10,0,0,0,0,0,0,5,0,0,0,0,0,0,0,0,0,0,20,8888,45,8888,102
9,4,12,2017.0,0,0,0,0,0,0,0,0,0,0,0,0,0,0,0,0,0,0,0,0,0,0,0,0,0,8888,8888,8888,102
10,4,12,2017.0,0,0,0,0,0,8,10,10,10,10,10,10,10,10,10,10,10,10,2,0,0,0,0,0,10,8888,131,8888,102
1,4,13,2017.0,0,0,0,0,0,6,23,49,144,135,178,264,261,187,184,166,62,13,1,0,0,0,0,0,264,8888,1674,8888,103
2,4,13,2017.0,0,0,0,0,0,0,0,0,37,19,34,150,148,47,73,121,12,0,0,0,0,0,0,0,150,8888,642,8888,103
3,4,13,2017.0,0,0,0,0,0,6,23,49,107,116,143,115,113,140,111,45,50,13,1,0,0,0,0,0,143,8888,1032,8888,103
4,4,13,2017.0,0,0,0,0,0,0,0,0,4,2,3,8,8,4,6,10,3,0,0,0,0,0,0,0,10,8888,48,8888,103
5,4,13,2017.0,57,57,56,54,58,59,48,53,60,57,54,54,50,55,57,58,53,53,57,64,75,81,87,88,88,48,8888,60,103
6,4,13,2017.0,13,13,13,13,13,13,13,13,13,13,13,13,13,13,13,13,13,12,11,10,10,10,11,11,13,8888,8888,8888,103
7,4,13,2017.0,151,169,152,150,144,147,167,187,174,176,154,157,143,107,117,100,78,44,32,34,46,44,60,54,187,8888,8888,116,103
8,4,13,2017.0,0,0,0,0,0,0,0,0,0,0,0,0,0,0,0,0,0,0,0,0,0,0,0,0,0,8888,0,8888,103
9,4,13,2017.0,0,0,0,0,0,0,0,0,0,0,0,0,0,0,0,0,0,0,0,0,0,0,0,0,0,8888,8888,8888,103
10,4,13,2017.0,0,0,0,0,0,9,10,10,10,10,10,10,10,10,10,10,10,10,2,0,0,0,0,0,10,8888,131,8888,103
1,4,14,2017.0,0,0,0,0,0,6,26,64,88,174,239,96,108,114,66,62,33,11,1,0,0,0,0,0,239,8888,1090,8888,104
2,4,14,2017.0,0,0,0,0,0,0,0,1,2,45,95,1,1,2,0,1,0,0,0,0,0,0,0,0,95,8888,149,8888,104
3,4,14,2017.0,0,0,0,0,0,6,26,62,86,130,144,95,106,112,66,61,33,11,1,0,0,0,0,0,144,8888,941,8888,104
4,4,14,2017.0,0,0,0,0,0,0,0,0,0,4,6,0,0,0,0,0,0,0,0,0,0,0,0,0,6,8888,12,8888,104
5,4,14,2017.0,89,88,89,92,86,82,81,91,100,105,115,122,129,128,121,121,121,118,115,116,117,116,113,116,129,81,8888,107,104
6,4,14,2017.0,11,11,10,10,9,5,6,6,6,6,6,6,5,5,6,5,5,5,5,5,5,5,4,5,6,8888,8888,8888,104
7,4,14,2017.0,62,34,27,22,24,38,54,49,62,73,73,62,44,43,43,37,45,35,36,32,32,34,33,35,73,8888,8888,43,104
8,4,14,2017.0,0,0,0,0,0,0,0,0,0,0,0,0,0,0,0,0,0,0,0,0,0,0,0,0,0,8888,0,8888,104
9,4,14,2017.0,0,0,0,0,0,0,0,0,0,0,0,0,0,0,0,0,0,0,0,0,0,0,0,0,0,8888,8888,8888,104
10,4,14,2017.0,0,0,0,0,0,9,10,10,10,10,10,10,10,10,10,10,10,10,3,0,0,0,0,0,10,8888,131,8888,104
1,4,15,2017.0,0,0,0,0,0,3,10,19,27,27,30,45,47,48,34,27,15,5,2,0,0,0,0,0,48,8888,337,8888,105
2,4,15,2017.0,0,0,0,0,0,0,0,0,0,0,0,0,0,0,0,0,0,0,0,0,0,0,0,0,0,8888,1,8888,105
3,4,15,2017.0,0,0,0,0,0,3,10,19,26,27,30,45,47,48,34,27,15,5,2,0,0,0,0,0,48,8888,336,8888,105
4,4,15,2017.0,0,0,0,0,0,0,0,0,0,0,0,0,0,0,0,0,0,0,0,0,0,0,0,0,0,8888,0,8888,105
5,4,15,2017.0,116,121,119,124,119,115,107,105,104,102,101,103,105,107,110,114,110,109,111,110,110,112,109,109,124,101,8888,110,105
6,4,15,2017.0,4,4,5,8,5,4,7,5,8,8,8,9,8,4,5,6,6,6,6,6,6,6,5,6,8,8888,8888,8888,105
7,4,15,2017.0,38,25,20,19,28,32,41,38,56,46,55,41,39,25,23,32,37,44,42,41,47,50,42,55,56,8888,8888,38,105
8,4,15,2017.0,0,0,0,0,0,0,0,0,0,15,20,0,0,0,0,0,0,0,0,0,0,0,0,0,20,8888,35,8888,105
9,4,15,2017.0,0,0,0,0,0,0,0,0,0,0,0,0,0,0,0,0,0,0,0,0,0,0,0,0,0,8888,8888,8888,105
10,4,15,2017.0,0,0,0,0,0,9,10,10,10,10,10,10,10,10,10,10,10,10,3,0,0,0,0,0,10,8888,132,8888,105
1,4,16,2017.0,0,0,0,0,0,7,37,55,54,65,81,91,226,272,159,46,27,9,2,0,0,0,0,0,272,8888,1132,8888,106
2,4,16,2017.0,0,0,0,0,0,0,3,1,0,0,0,1,75,210,41,0,0,0,0,0,0,0,0,0,210,8888,331,8888,106
3,4,16,2017.0,0,0,0,0,0,7,34,55,54,65,81,90,151,62,118,46,27,9,2,0,0,0,0,0,151,8888,801,8888,106
4,4,16,2017.0,0,0,0,0,0,0,1,0,0,0,0,0,5,10,4,0,0,0,0,0,0,0,0,0,10,8888,20,8888,106
5,4,16,2017.0,110,110,108,112,118,118,125,123,116,116,113,117,134,132,118,113,113,104,102,96,93,94,86,79,134,79,8888,110,106
6,4,16,2017.0,6,5,5,5,5,5,5,6,7,6,6,6,6,7,6,7,6,7,6,5,5,5,4,4,6,8888,8888,8888,106
7,4,16,2017.0,61,43,43,39,45,43,44,50,44,46,49,67,49,35,34,36,43,18,18,26,22,27,19,19,67,8888,8888,38,106
8,4,16,2017.0,0,0,0,0,0,0,0,0,0,0,0,0,0,0,0,0,0,0,0,0,0,0,0,0,0,8888,0,8888,106
9,4,16,2017.0,0,0,0,0,0,0,0,0,0,0,0,0,0,0,0,0,0,0,0,0,0,0,0,0,0,8888,8888,8888,106
10,4,16,2017.0,0,0,0,0,0,9,10,10,10,10,10,10,10,10,10,10,10,10,3,0,0,0,0,0,10,8888,132,8888,106
1,4,17,2017.0,0,0,0,0,0,10,74,141,204,254,284,296,252,176,73,62,43,11,2,0,0,0,0,0,296,8888,1881,8888,107
2,4,17,2017.0,0,0,0,0,0,0,41,95,148,191,216,224,137,47,1,1,1,0,0,0,0,0,0,0,224,8888,1100,8888,107
3,4,17,2017.0,0,0,0,0,0,10,33,46,56,63,69,71,115,129,73,61,43,11,2,0,0,0,0,0,129,8888,782,8888,107
4,4,17,2017.0,0,0,0,0,0,0,10,10,10,10,10,10,8,4,0,0,0,0,0,0,0,0,0,0,10,8888,72,8888,107
5,4,17,2017.0,75,63,67,68,60,69,91,101,106,109,121,128,130,125,118,124,148,172,137,173,178,140,125,113,178,60,8888,114,107
6,4,17,2017.0,4,4,5,5,5,5,5,6,7,8,9,12,14,14,14,15,6,2,14,6,6,6,6,5,6,8888,8888,8888,107
7,4,17,2017.0,18,13,17,19,22,20,24,31,26,22,18,15,32,17,13,12,18,30,28,58,76,78,99,76,99,8888,8888,33,107
8,4,17,2017.0,0,0,0,0,0,0,0,0,0,0,0,0,0,0,0,0,0,0,0,0,0,0,0,20,20,8888,20,8888,107
9,4,17,2017.0,0,0,0,0,0,0,0,0,0,0,0,0,0,0,0,0,0,0,0,0,0,0,0,0,0,8888,8888,8888,107
10,4,17,2017.0,0,0,0,0,0,10,10,10,10,10,10,10,10,10,10,10,10,10,3,0,0,0,0,0,10,8888,133,8888,107
1,4,18,2017.0,0,0,0,0,0,2,20,35,24,33,45,47,46,44,33,27,16,6,2,0,0,0,0,0,47,8888,382,8888,108
2,4,18,2017.0,0,0,0,0,0,0,0,0,0,0,0,0,0,0,0,0,0,0,0,0,0,0,0,0,0,8888,1,8888,108
3,4,18,2017.0,0,0,0,0,0,2,20,35,24,33,45,47,46,44,33,27,16,6,2,0,0,0,0,0,47,8888,381,8888,108
4,4,18,2017.0,0,0,0,0,0,0,0,0,0,0,0,0,0,0,0,0,0,0,0,0,0,0,0,0,0,8888,0,8888,108
5,4,18,2017.0,112,116,133,126,149,148,176,158,125,118,116,109,106,101,92,90,88,85,88,80,73,73,71,70,176,70,8888,108,108
6,4,18,2017.0,5,5,5,5,5,5,5,6,6,6,6,7,7,7,9,10,10,10,10,11,12,12,12,12,5,8888,8888,8888,108
7,4,18,2017.0,114,139,146,138,144,112,105,92,108,112,125,77,88,61,55,62,72,58,60,65,59,52,49,42,146,8888,8888,89,108
8,4,18,2017.0,25,30,15,10,5,10,0,0,0,0,0,0,0,0,0,0,0,0,0,0,0,5,0,0,30,8888,100,8888,108
9,4,18,2017.0,0,0,0,0,0,0,0,0,0,0,0,0,0,0,0,0,0,0,0,0,0,0,0,0,0,8888,8888,8888,108
10,4,18,2017.0,0,0,0,0,0,10,10,10,10,10,10,10,10,10,10,10,10,10,3,0,0,0,0,0,10,8888,133,8888,108
1,4,19,2017.0,0,0,0,0,0,5,14,36,54,113,98,134,35,77,49,40,19,9,2,0,0,0,0,0,134,8888,686,8888,109
2,4,19,2017.0,0,0,0,0,0,0,0,0,0,2,1,10,0,0,0,0,0,0,0,0,0,0,0,0,10,8888,14,8888,109
3,4,19,2017.0,0,0,0,0,0,5,14,36,54,111,97,123,35,77,49,40,19,9,2,0,0,0,0,0,123,8888,672,8888,109
4,4,19,2017.0,0,0,0,0,0,0,0,0,0,0,0,1,0,0,0,0,0,0,0,0,0,0,0,0,1,8888,1,8888,109
5,4,19,2017.0,68,71,68,73,80,84,83,88,94,104,107,94,83,88,91,85,67,61,59,59,56,56,51,56,107,51,8888,76,109
6,4,19,2017.0,12,11,1,4,5,5,5,5,6,8,8,8,9,8,12,13,14,14,14,14,14,14,15,14,13,8888,8888,8888,109
7,4,19,2017.0,20,14,7,21,32,38,38,46,80,75,61,91,73,63,102,140,137,93,84,73,78,74,64,105,140,8888,8888,67,109
8,4,19,2017.0,0,0,0,0,0,0,5,5,5,0,0,0,15,0,5,0,5,0,15,0,5,0,5,0,15,8888,65,8888,109
9,4,19,2017.0,0,0,0,0,0,0,0,0,0,0,0,0,0,0,0,0,0,0,0,0,0,0,0,0,0,8888,8888,8888,109
10,4,19,2017.0,0,0,0,0,0,10,10,10,10,10,10,10,10,10,10,10,10,10,3,0,0,0,0,0,10,8888,134,8888,109
1,4,20,2017.0,0,0,0,0,0,8,34,67,143,135,307,286,289,171,119,48,31,10,2,0,0,0,0,0,307,8888,1650,8888,110
2,4,20,2017.0,0,0,0,0,0,0,0,1,37,20,240,166,192,33,8,0,0,0,0,0,0,0,0,0,240,8888,699,8888,110
3,4,20,2017.0,0,0,0,0,0,8,34,65,106,115,67,120,97,138,111,48,30,10,2,0,0,0,0,0,138,8888,951,8888,110
4,4,20,2017.0,0,0,0,0,0,0,0,0,4,2,10,8,9,3,1,0,0,0,0,0,0,0,0,0,10,8888,38,8888,110
5,4,20,2017.0,59,58,58,57,58,57,58,64,74,76,73,71,81,71,69,70,66,66,54,54,53,53,58,60,81,53,8888,63,110
6,4,20,2017.0,14,14,14,13,14,14,15,14,15,14,14,14,14,14,14,13,14,3,3,3,3,5,5,5,13,8888,8888,8888,110
7,4,20,2017.0,115,109,99,124,109,54,52,32,38,35,49,56,44,29,26,24,15,10,20,18,19,15,20,18,124,8888,8888,47,110
8,4,20,2017.0,0,0,0,0,0,0,0,0,0,0,0,0,0,0,0,0,0,0,0,0,0,0,0,0,0,8888,0,8888,110
9,4,20,2017.0,0,0,0,0,0,0,0,0,0,0,0,0,0,0,0,0,0,0,0,0,0,0,0,0,0,8888,8888,8888,110
10,4,20,2017.0,0,0,0,0,0,10,10,10,10,10,10,10,10,10,10,10,10,10,4,0,0,0,0,0,10,8888,134,8888,110
1,4,21,2017.0,0,0,0,0,0,16,87,153,221,274,311,322,315,284,238,151,45,15,3,0,0,0,0,0,322,8888,2436,8888,111
2,4,21,2017.0,0,0,0,0,0,2,56,110,169,212,243,253,247,221,183,79,1,0,0,0,0,0,0,0,253,8888,1777,8888,111
3,4,21,2017.0,0,0,0,0,0,14,30,43,52,61,68,69,68,63,55,73,45,15,3,0,0,0,0,0,73,8888,659,8888,111
4,4,21,2017.0,0,0,0,0,0,2,10,10,10,10,10,10,10,10,10,8,0,0,0,0,0,0,0,0,10,8888,100,8888,111
5,4,21,2017.0,62,61,55,44,43,49,76,82,89,100,109,114,118,119,119,114,109,106,94,94,91,96,95,97,119,43,8888,89,111
6,4,21,2017.0,1,16,15,1,16,15,8,7,12,13,13,13,14,13,12,13,13,12,3,4,5,5,5,6,14,8888,8888,8888,111
7,4,21,2017.0,18,12,9,11,7,8,3,18,15,26,27,22,33,26,14,17,19,5,12,12,18,20,22,25,33,8888,8888,17,111
8,4,21,2017.0,0,0,0,0,0,0,0,0,0,0,0,0,0,0,0,0,0,0,0,0,0,0,0,0,0,8888,0,8888,111
9,4,21,2017.0,0,0,0,0,0,0,0,0,0,0,0,0,0,0,0,0,0,0,0,0,0,0,0,0,0,8888,8888,8888,111
10,4,21,2017.0,0,0,0,0,1,10,10,10,10,10,10,10,10,10,10,10,10,10,4,0,0,0,0,0,10,8888,134,8888,111
1,4,22,2017.0,0,0,0,0,0,6,21,41,57,106,140,180,201,118,80,54,31,6,3,0,0,0,0,0,201,8888,1044,8888,112
2,4,22,2017.0,0,0,0,0,0,0,0,0,0,2,10,22,35,9,1,0,0,0,0,0,0,0,0,0,35,8888,80,8888,112
3,4,22,2017.0,0,0,0,0,0,6,21,40,57,104,131,158,165,109,79,54,31,6,3,0,0,0,0,0,165,8888,964,8888,112
4,4,22,2017.0,0,0,0,0,0,0,0,0,0,0,1,2,3,1,0,0,0,0,0,0,0,0,0,0,3,8888,7,8888,112
5,4,22,2017.0,88,82,78,77,73,75,73,69,70,72,74,78,74,72,68,67,67,57,68,68,66,57,63,61,88,57,8888,71,112
6,4,22,2017.0,12,13,13,12,12,13,13,13,13,13,14,13,13,12,12,12,13,13,13,14,13,16,16,15,13,8888,8888,8888,112
7,4,22,2017.0,66,43,72,59,40,85,111,88,98,80,38,89,75,57,43,62,81,59,83,64,82,20,28,21,111,8888,8888,64,112
8,4,22,2017.0,0,0,0,0,0,0,0,0,0,0,0,0,0,0,0,0,0,10,0,0,0,10,0,0,10,8888,20,8888,112
9,4,22,2017.0,0,0,0,0,0,0,0,0,0,0,0,0,0,0,0,0,0,0,0,0,0,0,0,0,0,8888,8888,8888,112
10,4,22,2017.0,0,0,0,0,1,10,10,10,10,10,10,10,10,10,10,10,10,10,4,0,0,0,0,0,10,8888,135,8888,112
1,4,23,2017.0,0,0,0,0,0,9,30,70,211,279,315,331,321,295,243,181,98,38,3,0,0,0,0,0,331,8888,2423,8888,113
2,4,23,2017.0,0,0,0,0,0,0,0,1,135,217,246,258,251,228,187,136,48,14,0,0,0,0,0,0,258,8888,1723,8888,113
3,4,23,2017.0,0,0,0,0,0,9,30,68,76,62,69,73,70,66,56,45,49,24,3,0,0,0,0,0,76,8888,700,8888,113
4,4,23,2017.0,0,0,0,0,0,0,0,0,9,10,10,10,10,10,10,10,8,7,0,0,0,0,0,0,10,8888,94,8888,113
5,4,23,2017.0,55,59,59,61,64,64,66,74,85,90,94,97,96,95,94,92,88,80,72,61,53,43,53,46,97,43,8888,73,113
6,4,23,2017.0,15,15,16,15,15,15,14,15,15,14,14,14,14,14,14,14,14,15,15,6,16,4,3,3,14,8888,8888,8888,113
7,4,23,2017.0,25,32,41,36,41,38,45,35,33,37,40,41,38,41,40,44,39,29,26,9,20,17,22,18,45,8888,8888,33,113
8,4,23,2017.0,10,5,5,0,5,0,0,0,0,0,0,0,0,0,0,0,0,0,0,0,0,0,0,0,10,8888,25,8888,113
9,4,23,2017.0,0,0,0,0,0,0,0,0,0,0,0,0,0,0,0,0,0,0,0,0,0,0,0,0,0,8888,8888,8888,113
10,4,23,2017.0,0,0,0,0,1,10,10,10,10,10,10,10,10,10,10,10,10,10,4,0,0,0,0,0,10,8888,135,8888,113
1,4,24,2017.0,0,0,0,0,0,21,89,158,226,280,309,322,317,288,242,174,105,42,3,0,0,0,0,0,322,8888,2577,8888,114
2,4,24,2017.0,0,0,0,0,0,4,56,114,174,218,243,254,249,224,187,127,67,22,0,0,0,0,0,0,254,8888,1938,8888,114
3,4,24,2017.0,0,0,0,0,0,17,33,44,53,62,67,68,68,63,56,48,38,20,3,0,0,0,0,0,68,8888,640,8888,114
4,4,24,2017.0,0,0,0,0,0,3,10,10,10,10,10,10,10,10,10,10,10,10,0,0,0,0,0,0,10,8888,123,8888,114
5,4,24,2017.0,44,40,46,48,48,54,71,86,114,122,133,145,149,165,167,144,134,126,101,99,105,141,155,159,167,40,8888,108,114
6,4,24,2017.0,4,5,5,5,5,5,6,6,6,8,7,7,7,7,8,9,13,13,3,5,5,5,5,5,6,8888,8888,8888,114
7,4,24,2017.0,13,17,21,22,21,21,21,41,43,31,31,29,24,19,20,12,14,13,16,17,26,25,28,43,43,8888,8888,24,114
8,4,24,2017.0,0,0,0,0,0,0,0,0,0,0,0,0,0,0,0,0,0,0,0,0,0,0,0,0,0,8888,0,8888,114
9,4,24,2017.0,0,0,0,0,0,0,0,0,0,0,0,0,0,0,0,0,0,0,0,0,0,0,0,0,0,8888,8888,8888,114
10,4,24,2017.0,0,0,0,0,1,10,10,10,10,10,10,10,10,10,10,10,10,10,4,0,0,0,0,0,10,8888,136,8888,114
1,4,25,2017.0,0,0,0,0,1,22,92,162,175,148,165,74,63,49,43,54,31,8,3,0,0,0,0,0,175,8888,1088,8888,115
2,4,25,2017.0,0,0,0,0,0,4,61,119,69,20,22,0,0,0,0,0,0,0,0,0,0,0,0,0,119,8888,295,8888,115
3,4,25,2017.0,0,0,0,0,1,17,32,43,107,128,143,73,62,49,43,53,31,8,3,0,0,0,0,0,143,8888,793,8888,115
4,4,25,2017.0,0,0,0,0,0,3,10,10,6,2,2,0,0,0,0,0,0,0,0,0,0,0,0,0,10,8888,33,8888,115
5,4,25,2017.0,122,121,143,141,140,142,155,165,161,172,160,154,152,138,136,155,153,147,124,120,120,121,122,120,172,120,8888,141,115
6,4,25,2017.0,6,6,6,5,5,5,5,6,6,6,6,5,6,5,5,5,6,6,4,6,4,3,9,14,6,8888,8888,8888,115
7,4,25,2017.0,30,40,44,39,29,30,34,48,51,52,58,37,31,44,48,35,50,30,29,18,21,15,10,12,58,8888,8888,35,115
8,4,25,2017.0,0,0,0,0,0,0,0,0,0,0,0,0,0,0,0,0,0,0,10,10,90,15,0,0,90,8888,125,8888,115
9,4,25,2017.0,0,0,0,0,0,0,0,0,0,0,0,0,0,0,0,0,0,0,0,0,0,0,0,0,0,8888,8888,8888,115
10,4,25,2017.0,0,0,0,0,2,10,10,10,10,10,10,10,10,10,10,10,10,10,4,0,0,0,0,0,10,8888,136,8888,115
1,4,26,2017.0,0,0,0,0,1,3,9,19,29,48,52,36,33,23,25,22,17,5,3,0,0,0,0,0,52,8888,326,8888,116
2,4,26,2017.0,0,0,0,0,0,0,0,0,0,0,0,0,0,0,0,0,0,0,0,0,0,0,0,0,0,8888,1,8888,116
3,4,26,2017.0,0,0,0,0,1,3,9,19,29,47,51,36,33,23,25,22,17,5,3,0,0,0,0,0,51,8888,325,8888,116
4,4,26,2017.0,0,0,0,0,0,0,0,0,0,0,0,0,0,0,0,0,0,0,0,0,0,0,0,0,0,8888,0,8888,116
5,4,26,2017.0,114,109,109,105,104,107,109,104,105,108,108,105,107,105,96,98,91,90,87,91,92,89,85,73,114,73,8888,100,116
6,4,26,2017.0,15,6,6,6,6,4,5,6,5,5,5,4,4,13,15,6,2,7,5,5,14,14,15,16,14,8888,8888,8888,116
7,4,26,2017.0,14,11,28,22,19,17,23,38,36,34,21,14,12,22,19,13,14,11,17,19,64,26,30,15,64,8888,8888,22,116
8,4,26,2017.0,0,0,0,0,0,5,25,10,5,5,0,15,20,35,15,10,0,5,0,0,15,0,0,0,35,8888,165,8888,116
9,4,26,2017.0,0,0,0,0,0,0,0,0,0,0,0,0,0,0,0,0,0,0,0,0,0,0,0,0,0,8888,8888,8888,116
10,4,26,2017.0,0,0,0,0,2,10,10,10,10,10,10,10,10,10,10,10,10,10,5,0,0,0,0,0,10,8888,136,8888,116
1,4,27,2017.0,0,0,0,0,1,23,91,153,99,141,175,268,240,125,148,114,94,37,3,0,0,0,0,0,268,8888,1711,8888,117
2,4,27,2017.0,0,0,0,0,0,4,56,92,2,9,22,133,96,9,29,22,40,12,1,0,0,0,0,0,133,8888,527,8888,117
3,4,27,2017.0,0,0,0,0,1,18,35,61,97,131,153,135,144,115,119,91,54,26,3,0,0,0,0,0,153,8888,1184,8888,117
4,4,27,2017.0,0,0,0,0,0,3,10,9,0,1,2,7,6,1,3,3,7,6,1,0,0,0,0,0,10,8888,59,8888,117
5,4,27,2017.0,43,40,48,47,54,61,85,86,91,110,111,116,111,113,110,118,113,100,94,94,97,97,95,92,118,40,8888,89,117
6,4,27,2017.0,16,1,2,3,3,3,6,6,6,12,12,12,13,12,11,11,12,12,13,12,12,12,12,13,12,8888,8888,8888,117
7,4,27,2017.0,15,19,18,19,24,29,26,31,18,38,65,53,50,37,43,41,78,88,71,55,58,74,72,71,88,8888,8888,46,117
8,4,27,2017.0,0,0,0,0,0,0,0,0,0,0,0,0,0,0,0,0,0,0,0,0,0,0,0,0,0,8888,0,8888,117
9,4,27,2017.0,0,0,0,0,0,0,0,0,0,0,0,0,0,0,0,0,0,0,0,0,0,0,0,0,0,8888,8888,8888,117
10,4,27,2017.0,0,0,0,0,2,10,10,10,10,10,10,10,10,10,10,10,10,10,5,0,0,0,0,0,10,8888,137,8888,117
1,4,28,2017.0,0,0,0,0,1,7,23,47,69,72,134,243,279,255,238,159,60,16,4,0,0,0,0,0,279,8888,1609,8888,118
2,4,28,2017.0,0,0,0,0,0,0,0,0,1,0,3,80,161,146,181,85,9,0,0,0,0,0,0,0,181,8888,666,8888,118
3,4,28,2017.0,0,0,0,0,1,7,23,47,69,71,131,164,118,110,57,75,51,16,4,0,0,0,0,0,164,8888,943,8888,118
4,4,28,2017.0,0,0,0,0,0,0,0,0,0,0,0,5,8,8,10,8,2,0,0,0,0,0,0,0,10,8888,41,8888,118
5,4,28,2017.0,94,97,98,102,102,102,103,108,111,112,114,121,127,125,126,118,118,115,115,115,117,116,120,125,127,94,8888,113,118
6,4,28,2017.0,13,12,12,12,12,12,12,12,11,11,11,9,9,9,8,8,7,6,5,5,5,5,4,4,12,8888,8888,8888,118
7,4,28,2017.0,67,72,63,59,62,49,51,45,44,48,44,34,38,52,59,43,39,38,39,42,36,40,35,38,72,8888,8888,47,118
8,4,28,2017.0,0,0,0,0,0,0,0,0,0,0,0,0,0,0,0,0,0,0,0,0,0,0,0,0,0,8888,0,8888,118
9,4,28,2017.0,0,0,0,0,0,0,0,0,0,0,0,0,0,0,0,0,0,0,0,0,0,0,0,0,0,8888,8888,8888,118
10,4,28,2017.0,0,0,0,0,2,10,10,10,10,10,10,10,10,10,10,10,10,10,5,0,0,0,0,0,10,8888,137,8888,118
1,4,29,2017.0,0,0,0,0,1,3,16,19,53,110,256,294,320,314,241,182,113,48,4,0,0,0,0,0,320,8888,1974,8888,119
2,4,29,2017.0,0,0,0,0,0,0,0,0,0,2,102,171,252,231,185,135,77,27,1,0,0,0,0,0,252,8888,1182,8888,119
3,4,29,2017.0,0,0,0,0,1,3,16,19,53,108,154,122,68,83,57,47,37,21,3,0,0,0,0,0,154,8888,792,8888,119
4,4,29,2017.0,0,0,0,0,0,0,0,0,0,0,6,8,10,10,10,10,10,10,1,0,0,0,0,0,10,8888,75,8888,119
5,4,29,2017.0,125,122,118,118,103,91,99,93,101,106,121,128,130,132,136,130,121,115,107,104,99,100,95,101,136,91,8888,112,119
6,4,29,2017.0,5,5,5,4,2,3,16,5,6,6,6,6,6,8,7,8,8,6,6,6,6,5,5,5,6,8888,8888,8888,119
7,4,29,2017.0,33,30,26,22,28,24,28,27,29,38,52,45,45,36,31,48,32,35,24,33,36,23,26,36,52,8888,8888,33,119
8,4,29,2017.0,0,0,0,0,5,20,5,10,0,0,0,0,0,5,0,0,0,0,0,0,0,0,0,0,20,8888,45,8888,119
9,4,29,2017.0,0,0,0,0,0,0,0,0,0,0,0,0,0,0,0,0,0,0,0,0,0,0,0,0,0,8888,8888,8888,119
10,4,29,2017.0,0,0,0,0,3,10,10,10,10,10,10,10,10,10,10,10,10,10,5,0,0,0,0,0,10,8888,138,8888,119
1,4,30,2017.0,0,0,0,0,2,11,28,76,131,182,284,305,163,82,68,71,34,14,4,0,0,0,0,0,305,8888,1452,8888,120
2,4,30,2017.0,0,0,0,0,0,0,0,2,17,47,186,231,11,0,0,1,0,0,0,0,0,0,0,0,231,8888,495,8888,120
3,4,30,2017.0,0,0,0,0,2,11,27,75,114,134,98,74,152,81,67,70,34,14,4,0,0,0,0,0,152,8888,957,8888,120
4,4,30,2017.0,0,0,0,0,0,0,0,0,2,4,9,10,1,0,0,0,0,0,0,0,0,0,0,0,10,8888,26,8888,120
5,4,30,2017.0,104,101,104,110,113,115,118,123,133,143,158,170,172,162,156,146,144,132,126,125,126,121,126,126,172,101,8888,131,120
6,4,30,2017.0,5,5,6,6,6,6,6,6,6,6,6,6,6,6,6,6,6,8,6,6,5,4,5,5,6,8888,8888,8888,120
7,4,30,2017.0,40,35,42,53,56,63,67,72,81,76,91,93,69,58,62,50,42,29,30,26,21,23,25,22,93,8888,8888,51,120
8,4,30,2017.0,0,0,0,0,0,0,0,0,0,0,0,0,0,0,0,0,0,0,0,0,0,0,0,0,0,8888,0,8888,120
9,4,30,2017.0,0,0,0,0,0,0,0,0,0,0,0,0,0,0,0,0,0,0,0,0,0,0,0,0,0,8888,8888,8888,120
10,4,30,2017.0,0,0,0,0,3,10,10,10,10,10,10,10,10,10,10,10,10,10,5,0,0,0,0,0,10,8888,138,8888,120
1,5,1,2018.0,0,0,0,0,2,8,22,36,58,133,254,217,127,233,189,177,105,37,4,0,0,0,0,0,254,8888,1602,8888,121
2,5,1,2018.0,0,0,0,0,0,0,0,0,0,9,100,52,2,92,73,110,56,9,0,0,0,0,0,0,110,8888,504,8888,121
3,5,1,2018.0,0,0,0,0,2,8,22,36,58,124,154,165,125,141,116,67,49,28,4,0,0,0,0,0,165,8888,1098,8888,121
4,5,1,2018.0,0,0,0,0,0,0,0,0,0,1,6,4,0,6,6,9,9,4,0,0,0,0,0,0,9,8888,45,8888,121
5,5,1,2018.0,131,125,127,133,129,131,127,109,105,123,133,132,127,136,131,131,124,117,116,112,113,116,112,108,136,105,8888,123,121
6,5,1,2018.0,6,6,5,6,7,6,7,14,13,7,7,11,11,8,7,7,13,14,15,15,16,6,16,15,6,8888,8888,8888,121
7,5,1,2018.0,45,26,36,32,19,30,18,16,14,23,30,15,15,27,17,22,23,11,19,15,9,29,10,17,45,8888,8888,22,121
8,5,1,2018.0,0,0,0,0,0,0,0,0,0,0,0,0,0,0,0,0,0,0,0,0,0,0,0,0,0,8888,0,8888,121
9,5,1,2018.0,0,0,0,0,0,0,0,0,0,0,0,0,0,0,0,0,0,0,0,0,0,0,0,0,0,8888,8888,8888,121
10,5,1,2018.0,0,0,0,0,3,10,10,10,10,10,10,10,10,10,10,10,10,10,5,0,0,0,0,0,10,8888,138,8888,121
1,5,2,2018.0,0,0,0,0,2,11,37,72,221,271,296,274,151,185,97,47,29,6,4,0,0,0,0,0,296,8888,1704,8888,122
2,5,2,2018.0,0,0,0,0,0,0,0,1,161,205,222,153,10,47,2,0,0,0,0,0,0,0,0,0,222,8888,802,8888,122
3,5,2,2018.0,0,0,0,0,2,11,37,70,60,66,74,121,141,138,95,47,29,6,4,0,0,0,0,0,141,8888,902,8888,122
4,5,2,2018.0,0,0,0,0,0,0,0,0,10,10,10,8,1,4,0,0,0,0,0,0,0,0,0,0,10,8888,42,8888,122
5,5,2,2018.0,108,106,110,111,110,117,120,123,136,146,158,166,177,191,210,174,165,158,157,156,153,154,181,188,210,106,8888,149,122
6,5,2,2018.0,4,5,16,16,1,5,13,14,14,14,14,14,14,15,3,16,6,4,3,3,2,6,5,5,5,8888,8888,8888,122
7,5,2,2018.0,14,14,12,10,13,10,16,16,17,19,26,15,13,18,11,18,13,11,22,16,12,22,67,76,76,8888,8888,20,122
8,5,2,2018.0,0,0,0,0,0,0,0,0,0,0,0,0,0,0,0,0,0,5,5,5,5,5,0,0,5,8888,25,8888,122
9,5,2,2018.0,0,0,0,0,0,0,0,0,0,0,0,0,0,0,0,0,0,0,0,0,0,0,0,0,0,8888,8888,8888,122
10,5,2,2018.0,0,0,0,0,3,10,10,10,10,10,10,10,10,10,10,10,10,10,6,0,0,0,0,0,10,8888,139,8888,122
1,5,3,2018.0,0,0,0,0,2,4,13,19,32,37,39,46,47,48,29,28,18,9,4,0,0,0,0,0,48,8888,374,8888,123
2,5,3,2018.0,0,0,0,0,0,0,0,0,0,0,0,0,0,0,0,0,0,0,0,0,0,0,0,0,0,8888,1,8888,123
3,5,3,2018.0,0,0,0,0,2,4,13,19,32,37,38,46,47,47,29,28,18,9,4,0,0,0,0,0,47,8888,373,8888,123
4,5,3,2018.0,0,0,0,0,0,0,0,0,0,0,0,0,0,0,0,0,0,0,0,0,0,0,0,0,0,8888,0,8888,123
5,5,3,2018.0,172,174,165,166,165,164,166,165,165,148,135,133,132,127,118,114,112,112,109,111,96,96,106,110,174,96,8888,136,123
6,5,3,2018.0,5,5,5,5,5,5,5,5,5,7,7,5,6,7,9,9,10,9,10,9,5,5,5,5,5,8888,8888,8888,123
7,5,3,2018.0,63,67,60,45,52,49,42,41,42,43,20,28,42,44,52,53,57,38,33,30,26,37,45,46,67,8888,8888,44,123
8,5,3,2018.0,0,10,5,20,40,30,5,15,5,5,0,0,5,0,5,0,0,0,0,0,0,0,0,0,40,8888,145,8888,123
9,5,3,2018.0,0,0,0,0,0,0,0,0,0,0,0,0,0,0,0,0,0,0,0,0,0,0,0,0,0,8888,8888,8888,123
10,5,3,2018.0,0,0,0,0,3,10,10,10,10,10,10,10,10,10,10,10,10,10,6,0,0,0,0,0,10,8888,139,8888,123
1,5,4,2018.0,0,0,0,0,2,8,24,47,62,116,251,258,286,294,211,64,35,5,4,0,0,0,0,0,294,8888,1667,8888,124
2,5,4,2018.0,0,0,0,0,0,0,0,0,0,2,99,102,165,228,100,1,0,0,0,0,0,0,0,0,228,8888,699,8888,124
3,5,4,2018.0,0,0,0,0,2,8,24,47,62,114,151,155,121,66,111,63,35,5,4,0,0,0,0,0,155,8888,968,8888,124
4,5,4,2018.0,0,0,0,0,0,0,0,0,0,0,6,6,8,10,7,0,0,0,0,0,0,0,0,0,10,8888,38,8888,124
5,5,4,2018.0,111,99,98,100,101,92,97,94,101,105,111,117,120,130,127,106,106,73,75,82,92,81,82,84,130,73,8888,99,124
6,5,4,2018.0,5,5,5,12,9,2,14,12,12,11,10,10,10,7,7,6,6,4,5,5,11,4,13,1,11,8888,8888,8888,124
7,5,4,2018.0,46,35,13,18,10,14,17,49,48,41,36,45,40,33,42,45,49,24,19,24,96,40,66,38,96,8888,8888,37,124
8,5,4,2018.0,0,5,0,0,0,0,0,0,0,0,0,0,0,0,0,0,0,35,5,5,5,15,25,5,35,8888,100,8888,124
9,5,4,2018.0,0,0,0,0,0,0,0,0,0,0,0,0,0,0,0,0,0,0,0,0,0,0,0,0,0,8888,8888,8888,124
10,5,4,2018.0,0,0,0,0,4,10,10,10,10,10,10,10,10,10,10,10,10,10,6,0,0,0,0,0,10,8888,140,8888,124
1,5,5,2018.0,0,0,0,0,3,15,82,165,204,267,288,275,255,250,186,68,68,34,5,0,0,0,0,0,288,8888,2165,8888,125
2,5,5,2018.0,0,0,0,0,0,0,29,101,97,174,166,135,101,121,59,1,10,7,0,0,0,0,0,0,174,8888,1001,8888,125
3,5,5,2018.0,0,0,0,0,2,15,53,64,108,93,122,139,154,129,127,67,59,28,5,0,0,0,0,0,154,8888,1164,8888,125
4,5,5,2018.0,0,0,0,0,0,0,6,9,7,9,8,7,6,7,5,0,2,3,0,0,0,0,0,0,9,8888,69,8888,125
5,5,5,2018.0,79,101,102,102,101,104,110,118,117,118,116,102,103,113,115,116,122,112,98,110,114,118,122,122,122,79,8888,110,125
6,5,5,2018.0,16,12,12,12,11,12,11,12,12,13,13,13,12,7,7,9,9,5,3,3,4,6,7,7,12,8888,8888,8888,125
7,5,5,2018.0,21,42,30,56,25,37,27,40,73,63,59,31,16,20,32,30,18,11,16,20,18,24,26,21,73,8888,8888,32,125
8,5,5,2018.0,0,0,0,0,0,0,0,0,0,0,0,0,0,0,0,0,0,0,0,0,0,0,0,0,0,8888,0,8888,125
9,5,5,2018.0,0,0,0,0,0,0,0,0,0,0,0,0,0,0,0,0,0,0,0,0,0,0,0,0,0,8888,8888,8888,125
10,5,5,2018.0,0,0,0,0,4,10,10,10,10,10,10,10,10,10,10,10,10,10,6,0,0,0,0,0,10,8888,140,8888,125
1,5,6,2018.0,0,0,0,0,3,9,30,58,66,78,125,61,62,66,51,34,24,10,5,0,0,0,0,0,125,8888,681,8888,126
2,5,6,2018.0,0,0,0,0,0,0,0,1,0,0,2,0,0,0,0,0,0,0,0,0,0,0,0,0,2,8888,4,8888,126
3,5,6,2018.0,0,0,0,0,3,9,30,57,65,78,123,61,62,66,51,34,24,10,5,0,0,0,0,0,123,8888,677,8888,126
4,5,6,2018.0,0,0,0,0,0,0,0,0,0,0,0,0,0,0,0,0,0,0,0,0,0,0,0,0,0,8888,0,8888,126
5,5,6,2018.0,122,125,126,131,134,135,146,151,151,154,152,146,145,146,141,135,130,126,123,130,133,119,116,118,154,116,8888,135,126
6,5,6,2018.0,6,5,5,5,6,6,5,6,6,6,6,6,4,5,7,8,11,5,3,15,15,6,3,14,6,8888,8888,8888,126
7,5,6,2018.0,24,27,26,35,53,58,42,68,63,59,62,52,40,33,30,23,26,23,26,28,24,18,15,16,68,8888,8888,36,126
8,5,6,2018.0,0,0,0,0,0,0,0,0,0,0,0,0,0,0,0,0,0,0,0,5,0,5,5,0,5,8888,15,8888,126
9,5,6,2018.0,0,0,0,0,0,0,0,0,0,0,0,0,0,0,0,0,0,0,0,0,0,0,0,0,0,8888,8888,8888,126
10,5,6,2018.0,0,0,0,0,4,10,10,10,10,10,10,10,10,10,10,10,10,10,6,0,0,0,0,0,10,8888,140,8888,126
1,5,7,2018.0,0,0,0,0,3,17,72,120,204,240,301,322,300,217,109,76,37,19,5,0,0,0,0,0,322,8888,2042,8888,127
2,5,7,2018.0,0,0,0,0,0,0,18,30,110,130,228,251,224,85,2,1,0,0,0,0,0,0,0,0,251,8888,1078,8888,127
3,5,7,2018.0,0,0,0,0,3,17,54,91,94,109,73,71,77,133,107,75,36,19,5,0,0,0,0,0,133,8888,964,8888,127
4,5,7,2018.0,0,0,0,0,0,0,4,4,8,8,10,10,10,6,0,0,0,0,0,0,0,0,0,0,10,8888,60,8888,127
5,5,7,2018.0,118,113,110,108,108,111,113,121,131,129,139,147,150,151,164,181,175,168,164,154,153,143,121,110,181,108,8888,137,127
6,5,7,2018.0,14,14,15,16,15,14,14,6,9,14,14,14,15,14,8,3,2,2,2,5,1,3,1,3,2,8888,8888,8888,127
7,5,7,2018.0,17,25,15,15,13,12,9,18,18,30,31,28,29,24,12,42,52,56,64,24,15,14,19,18,64,8888,8888,25,127
8,5,7,2018.0,0,5,0,0,0,0,0,0,0,0,0,0,0,0,0,0,0,0,0,0,0,0,0,0,5,8888,5,8888,127
9,5,7,2018.0,0,0,0,0,0,0,0,0,0,0,0,0,0,0,0,0,0,0,0,0,0,0,0,0,0,8888,8888,8888,127
10,5,7,2018.0,0,0,0,0,4,10,10,10,10,10,10,10,10,10,10,10,10,10,6,0,0,0,0,0,10,8888,141,8888,127
1,5,8,2018.0,0,0,0,0,3,34,105,175,241,290,318,330,326,299,254,193,121,54,10,0,0,0,0,0,330,8888,2754,8888,128
2,5,8,2018.0,0,0,0,0,0,10,69,129,184,225,249,259,256,232,195,144,83,30,2,0,0,0,0,0,259,8888,2067,8888,128
3,5,8,2018.0,0,0,0,0,3,24,37,47,57,65,69,71,70,67,59,48,39,25,8,0,0,0,0,0,71,8888,688,8888,128
4,5,8,2018.0,0,0,0,0,0,6,10,10,10,10,10,10,10,10,10,10,10,10,2,0,0,0,0,0,10,8888,128,8888,128
5,5,8,2018.0,119,106,114,83,111,118,128,138,154,137,145,143,144,147,155,162,164,150,146,137,138,132,110,104,164,83,8888,133,128
6,5,8,2018.0,3,2,2,4,2,3,4,3,13,14,14,14,14,13,14,14,14,13,3,3,3,3,4,1,14,8888,8888,8888,128
7,5,8,2018.0,27,25,26,15,34,19,20,38,15,30,32,36,51,42,29,25,21,14,37,30,39,31,16,13,51,8888,8888,28,128
8,5,8,2018.0,0,0,0,0,0,0,0,0,0,0,0,0,0,0,0,0,0,0,0,0,0,0,0,0,0,8888,0,8888,128
9,5,8,2018.0,0,0,0,0,0,0,0,0,0,0,0,0,0,0,0,0,0,0,0,0,0,0,0,0,0,8888,8888,8888,128
10,5,8,2018.0,0,0,0,0,4,10,10,10,10,10,10,10,10,10,10,10,10,10,7,0,0,0,0,0,10,8888,141,8888,128
1,5,9,2018.0,0,0,0,0,3,17,58,123,147,255,318,330,325,292,235,152,88,54,11,0,0,0,0,0,330,8888,2407,8888,129
2,5,9,2018.0,0,0,0,0,0,0,4,38,27,144,248,259,254,225,151,58,26,25,3,0,0,0,0,0,259,8888,1465,8888,129
3,5,9,2018.0,0,0,0,0,3,17,54,85,119,111,69,71,70,66,84,93,62,28,8,0,0,0,0,0,119,8888,942,8888,129
4,5,9,2018.0,0,0,0,0,0,0,1,5,3,8,10,10,10,10,9,6,5,9,3,0,0,0,0,0,10,8888,90,8888,129
5,5,9,2018.0,103,108,101,113,103,119,126,131,136,132,137,143,145,155,136,144,134,131,117,107,97,95,104,96,155,95,8888,121,129
6,5,9,2018.0,6,4,3,2,2,3,14,4,7,15,14,13,14,14,14,14,14,13,4,5,3,2,6,4,14,8888,8888,8888,129
7,5,9,2018.0,13,20,20,25,25,24,5,13,28,17,29,31,28,23,40,28,42,17,13,21,24,12,31,20,42,8888,8888,23,129
8,5,9,2018.0,0,0,0,0,0,0,0,0,0,0,0,0,0,0,0,0,0,0,0,0,0,0,0,0,0,8888,0,8888,129
9,5,9,2018.0,0,0,0,0,0,0,0,0,0,0,0,0,0,0,0,0,0,0,0,0,0,0,0,0,0,8888,8888,8888,129
10,5,9,2018.0,0,0,0,0,5,10,10,10,10,10,10,10,10,10,10,10,10,10,7,0,0,0,0,0,10,8888,141,8888,129
1,5,10,2018.0,0,0,0,0,3,11,32,41,63,81,158,257,152,193,69,52,56,39,10,0,0,0,0,0,257,8888,1217,8888,130
2,5,10,2018.0,0,0,0,0,0,0,0,0,0,0,10,78,10,48,0,0,1,7,0,0,0,0,0,0,78,8888,157,8888,130
3,5,10,2018.0,0,0,0,0,3,11,31,40,63,80,148,179,141,145,68,51,55,32,10,0,0,0,0,0,179,8888,1060,8888,130
4,5,10,2018.0,0,0,0,0,0,0,0,0,0,0,1,5,1,4,0,0,0,3,0,0,0,0,0,0,5,8888,14,8888,130
5,5,10,2018.0,95,102,96,96,94,106,108,106,101,103,119,122,114,121,95,93,96,90,87,89,93,93,98,98,122,87,8888,101,130
6,5,10,2018.0,5,4,5,14,3,15,13,12,8,8,13,14,15,14,14,14,14,14,13,13,13,12,12,12,14,8888,8888,8888,130
7,5,10,2018.0,10,13,15,11,9,25,24,15,16,14,21,31,39,35,73,48,29,27,67,66,44,46,60,45,73,8888,8888,33,130
8,5,10,2018.0,0,0,0,0,0,0,0,0,0,0,0,0,0,0,0,0,0,0,0,0,0,0,10,0,10,8888,10,8888,130
9,5,10,2018.0,0,0,0,0,0,0,0,0,0,0,0,0,0,0,0,0,0,0,0,0,0,0,0,0,0,8888,8888,8888,130
10,5,10,2018.0,0,0,0,0,5,10,10,10,10,10,10,10,10,10,10,10,10,10,7,0,0,0,0,0,10,8888,142,8888,130
1,5,11,2018.0,0,0,0,0,3,15,31,56,118,112,75,67,87,78,63,41,28,11,2,0,0,0,0,0,118,8888,785,8888,131
2,5,11,2018.0,0,0,0,0,0,0,0,0,8,2,0,0,0,0,0,0,0,0,0,0,0,0,0,0,8,8888,12,8888,131
3,5,11,2018.0,0,0,0,0,3,14,31,55,110,110,75,67,86,77,62,41,28,11,2,0,0,0,0,0,110,8888,772,8888,131
4,5,11,2018.0,0,0,0,0,0,0,0,0,1,0,0,0,0,0,0,0,0,0,0,0,0,0,0,0,1,8888,1,8888,131
5,5,11,2018.0,101,106,108,107,112,118,118,123,130,128,123,124,125,127,129,131,132,130,131,130,128,128,128,130,132,101,8888,123,131
6,5,11,2018.0,12,12,11,10,9,10,9,8,7,8,8,8,7,7,6,6,5,5,6,6,6,6,6,6,11,8888,8888,8888,131
7,5,11,2018.0,49,52,54,42,42,43,40,41,31,37,42,38,35,32,32,40,37,31,26,27,25,29,38,46,54,8888,8888,38,131
8,5,11,2018.0,0,0,0,0,0,0,0,0,0,0,0,5,0,0,0,0,0,0,0,0,0,0,0,0,5,8888,5,8888,131
9,5,11,2018.0,0,0,0,0,0,0,0,0,0,0,0,0,0,0,0,0,0,0,0,0,0,0,0,0,0,8888,8888,8888,131
10,5,11,2018.0,0,0,0,0,5,10,10,10,10,10,10,10,10,10,10,10,10,10,7,0,0,0,0,0,10,8888,142,8888,131
1,5,12,2018.0,0,0,0,0,4,17,64,61,89,150,136,280,296,219,124,80,57,20,4,0,0,0,0,0,296,8888,1601,8888,132
2,5,12,2018.0,0,0,0,0,0,0,9,1,1,10,3,138,194,85,18,1,5,0,0,0,0,0,0,0,194,8888,466,8888,132
3,5,12,2018.0,0,0,0,0,4,17,55,61,88,141,134,141,102,134,105,78,53,19,4,0,0,0,0,0,141,8888,1135,8888,132
4,5,12,2018.0,0,0,0,0,0,0,2,0,0,1,0,7,9,6,2,0,1,0,0,0,0,0,0,0,9,8888,28,8888,132
5,5,12,2018.0,130,127,130,130,133,134,142,138,147,149,158,171,176,172,156,155,154,152,147,149,156,149,159,161,176,127,8888,149,132
6,5,12,2018.0,6,6,6,6,6,5,6,6,6,6,6,6,6,7,5,6,6,5,5,5,5,5,5,6,6,8888,8888,8888,132
7,5,12,2018.0,53,52,54,45,49,38,47,53,51,49,49,58,44,31,29,27,30,20,23,27,34,23,25,33,58,8888,8888,39,132
8,5,12,2018.0,0,0,0,0,0,0,0,0,0,0,0,0,0,0,0,0,0,0,0,0,0,0,0,0,0,8888,0,8888,132
9,5,12,2018.0,0,0,0,0,0,0,0,0,0,0,0,0,0,0,0,0,0,0,0,0,0,0,0,0,0,8888,8888,8888,132
10,5,12,2018.0,0,0,0,0,5,10,10,10,10,10,10,10,10,10,10,10,10,10,7,0,0,0,0,0,10,8888,142,8888,132
1,5,13,2018.0,0,0,0,0,4,11,19,29,49,81,52,47,51,49,43,34,19,11,1,0,0,0,0,0,81,8888,501,8888,133
2,5,13,2018.0,0,0,0,0,0,0,0,0,0,0,0,0,0,0,0,0,0,0,0,0,0,0,0,0,0,8888,1,8888,133
3,5,13,2018.0,0,0,0,0,4,11,19,29,49,80,52,47,50,49,43,33,19,11,1,0,0,0,0,0,80,8888,500,8888,133
4,5,13,2018.0,0,0,0,0,0,0,0,0,0,0,0,0,0,0,0,0,0,0,0,0,0,0,0,0,0,8888,0,8888,133
5,5,13,2018.0,156,171,161,162,175,170,179,168,165,196,176,172,166,165,167,164,158,157,135,133,132,133,137,138,196,132,8888,160,133
6,5,13,2018.0,6,5,5,4,5,4,6,4,4,5,5,6,5,5,6,6,6,6,5,5,5,5,5,5,6,8888,8888,8888,133
7,5,13,2018.0,23,27,27,24,26,22,27,18,21,31,16,12,18,11,29,30,32,55,33,30,39,30,27,29,55,8888,8888,27,133
8,5,13,2018.0,0,0,0,0,0,0,0,0,0,0,0,0,0,0,0,0,0,0,10,10,5,5,0,0,10,8888,30,8888,133
9,5,13,2018.0,0,0,0,0,0,0,0,0,0,0,0,0,0,0,0,0,0,0,0,0,0,0,0,0,0,8888,8888,8888,133
10,5,13,2018.0,0,0,0,0,5,10,10,10,10,10,10,10,10,10,10,10,10,10,7,0,0,0,0,0,10,8888,143,8888,133
1,5,14,2018.0,0,0,0,0,4,7,15,26,36,37,40,40,42,38,32,28,19,9,2,0,0,0,0,0,42,8888,375,8888,134
2,5,14,2018.0,0,0,0,0,0,0,0,0,0,0,0,0,0,0,0,0,0,0,0,0,0,0,0,0,0,8888,1,8888,134
3,5,14,2018.0,0,0,0,0,4,7,15,26,36,37,40,40,41,38,32,27,19,9,2,0,0,0,0,0,41,8888,374,8888,134
4,5,14,2018.0,0,0,0,0,0,0,0,0,0,0,0,0,0,0,0,0,0,0,0,0,0,0,0,0,0,8888,0,8888,134
5,5,14,2018.0,138,141,139,138,135,134,131,128,133,124,121,121,114,111,102,103,104,103,106,105,111,114,114,114,141,102,8888,120,134
6,5,14,2018.0,4,6,5,4,8,3,14,14,14,14,14,14,14,14,13,12,9,6,7,5,7,7,6,6,13,8888,8888,8888,134
7,5,14,2018.0,18,8,15,9,18,4,12,26,20,37,32,29,30,24,39,27,12,19,23,33,23,20,15,38,39,8888,8888,22,134
8,5,14,2018.0,0,0,5,0,0,0,5,0,0,0,0,5,0,0,0,0,0,0,0,0,0,0,0,0,5,8888,15,8888,134
9,5,14,2018.0,0,0,0,0,0,0,0,0,0,0,0,0,0,0,0,0,0,0,0,0,0,0,0,0,0,8888,8888,8888,134
10,5,14,2018.0,0,0,0,0,5,10,10,10,10,10,10,10,10,10,10,10,10,10,8,0,0,0,0,0,10,8888,143,8888,134
1,5,15,2018.0,0,0,0,0,4,21,50,77,207,281,305,267,292,183,161,81,83,23,5,0,0,0,0,0,305,8888,2039,8888,135
2,5,15,2018.0,0,0,0,0,0,0,1,1,111,213,231,131,169,33,29,1,20,0,0,0,0,0,0,0,231,8888,941,8888,135
3,5,15,2018.0,0,0,0,0,4,21,49,76,96,67,74,137,123,149,132,80,62,23,5,0,0,0,0,0,149,8888,1098,8888,135
4,5,15,2018.0,0,0,0,0,0,0,0,0,8,10,10,7,8,3,3,0,4,0,0,0,0,0,0,0,10,8888,54,8888,135
5,5,15,2018.0,113,113,117,120,120,124,129,140,151,164,157,173,191,191,201,196,189,182,171,170,171,169,171,166,201,113,8888,158,135
6,5,15,2018.0,6,5,6,6,5,6,6,6,6,6,6,6,6,6,6,6,6,5,5,4,6,5,5,6,6,8888,8888,8888,135
7,5,15,2018.0,38,25,41,32,41,52,52,62,65,62,42,46,42,49,48,32,32,23,30,26,31,40,42,49,65,8888,8888,42,135
8,5,15,2018.0,0,0,0,0,0,0,0,0,0,0,0,0,0,0,0,0,5,0,0,0,0,0,0,0,5,8888,5,8888,135
9,5,15,2018.0,0,0,0,0,0,0,0,0,0,0,0,0,0,0,0,0,0,0,0,0,0,0,0,0,0,8888,8888,8888,135
10,5,15,2018.0,0,0,0,0,6,10,10,10,10,10,10,10,10,10,10,10,10,10,8,0,0,0,0,0,10,8888,143,8888,135
1,5,16,2018.0,0,0,0,0,4,20,75,109,202,282,319,323,316,296,248,108,58,20,4,0,0,0,0,0,323,8888,2384,8888,136
2,5,16,2018.0,0,0,0,0,0,0,18,21,95,215,249,251,245,229,187,15,1,0,0,0,0,0,0,0,251,8888,1526,8888,136
3,5,16,2018.0,0,0,0,0,4,20,57,88,107,67,70,72,72,67,61,93,57,20,4,0,0,0,0,0,107,8888,858,8888,136
4,5,16,2018.0,0,0,0,0,0,0,4,3,7,10,10,10,10,10,10,2,0,0,0,0,0,0,0,0,10,8888,77,8888,136
5,5,16,2018.0,163,166,163,164,167,170,171,179,177,182,192,197,208,227,220,212,189,195,192,199,184,181,169,167,227,163,8888,185,136
6,5,16,2018.0,6,4,5,5,6,6,6,6,6,6,6,7,6,6,6,6,7,5,5,5,5,5,5,5,6,8888,8888,8888,136
7,5,16,2018.0,43,34,37,34,47,49,74,67,53,42,52,33,52,58,65,62,36,34,30,32,34,26,29,25,74,8888,8888,44,136
8,5,16,2018.0,0,0,0,0,0,0,0,0,0,0,0,0,0,0,0,0,0,0,0,0,0,0,0,10,10,8888,10,8888,136
9,5,16,2018.0,0,0,0,0,0,0,0,0,0,0,0,0,0,0,0,0,0,0,0,0,0,0,0,0,0,8888,8888,8888,136
10,5,16,2018.0,0,0,0,0,6,10,10,10,10,10,10,10,10,10,10,10,10,10,8,0,0,0,0,0,10,8888,144,8888,136
1,5,17,2018.0,0,0,0,0,4,5,9,18,30,39,51,48,56,51,42,40,15,11,2,0,0,0,0,0,56,8888,421,8888,137
2,5,17,2018.0,0,0,0,0,0,0,0,0,0,0,0,0,0,0,0,0,0,0,0,0,0,0,0,0,0,8888,1,8888,137
3,5,17,2018.0,0,0,0,0,4,5,9,18,30,39,51,48,56,51,42,40,15,11,2,0,0,0,0,0,56,8888,421,8888,137
4,5,17,2018.0,0,0,0,0,0,0,0,0,0,0,0,0,0,0,0,0,0,0,0,0,0,0,0,0,0,8888,0,8888,137
5,5,17,2018.0,170,165,159,161,163,158,155,145,141,138,140,140,142,143,147,148,141,148,149,147,146,148,148,147,170,138,8888,150,137
6,5,17,2018.0,4,5,5,5,6,6,5,6,7,6,6,6,6,6,6,6,6,6,6,6,6,4,0,6,6,8888,8888,8888,137
7,5,17,2018.0,45,52,54,56,44,37,27,15,26,31,42,47,58,50,50,60,42,61,59,43,41,8,1,22,61,8888,8888,40,137
8,5,17,2018.0,15,35,75,45,80,105,65,20,5,5,0,5,0,0,0,0,5,0,0,5,5,5,15,55,105,8888,545,8888,137
9,5,17,2018.0,0,0,0,0,0,0,0,0,0,0,0,0,0,0,0,0,0,0,0,0,0,0,0,0,0,8888,8888,8888,137
10,5,17,2018.0,0,0,0,0,6,10,10,10,10,10,10,10,10,10,10,10,10,10,8,0,0,0,0,0,10,8888,144,8888,137
1,5,18,2018.0,0,0,0,0,4,7,9,52,34,28,44,31,24,37,23,14,11,6,2,0,0,0,0,0,52,8888,326,8888,138
2,5,18,2018.0,0,0,0,0,0,0,0,0,0,0,0,0,0,0,0,0,0,0,0,0,0,0,0,0,0,8888,1,8888,138
3,5,18,2018.0,0,0,0,0,4,7,9,52,34,27,44,31,24,37,23,14,11,6,2,0,0,0,0,0,52,8888,325,8888,138
4,5,18,2018.0,0,0,0,0,0,0,0,0,0,0,0,0,0,0,0,0,0,0,0,0,0,0,0,0,0,8888,0,8888,138
5,5,18,2018.0,153,149,146,147,145,168,171,175,177,179,188,183,182,183,178,178,174,160,164,157,153,151,152,150,188,145,8888,165,138
6,5,18,2018.0,7,4,8,6,16,6,5,5,5,6,5,5,5,5,6,5,5,6,6,6,6,6,6,4,6,8888,8888,8888,138
7,5,18,2018.0,6,5,4,12,9,41,43,58,47,53,67,35,34,42,69,56,48,66,61,58,52,35,43,48,69,8888,8888,41,138
8,5,18,2018.0,35,30,5,5,20,10,50,0,10,50,20,45,55,20,40,95,35,95,80,25,10,20,5,0,95,8888,760,8888,138
9,5,18,2018.0,0,0,0,0,0,0,0,0,0,0,0,0,0,0,0,0,0,0,0,0,0,0,0,0,0,8888,8888,8888,138
10,5,18,2018.0,0,0,0,0,6,10,10,10,10,10,10,10,10,10,10,10,10,10,8,0,0,0,0,0,10,8888,144,8888,138
1,5,19,2018.0,0,0,0,0,4,7,20,27,47,46,42,44,42,48,29,28,16,7,2,0,0,0,0,0,48,8888,410,8888,139
2,5,19,2018.0,0,0,0,0,0,0,0,0,0,0,0,0,0,0,0,0,0,0,0,0,0,0,0,0,0,8888,1,8888,139
3,5,19,2018.0,0,0,0,0,4,7,20,27,47,46,42,44,42,48,29,28,16,7,2,0,0,0,0,0,48,8888,410,8888,139
4,5,19,2018.0,0,0,0,0,0,0,0,0,0,0,0,0,0,0,0,0,0,0,0,0,0,0,0,0,0,8888,0,8888,139
5,5,19,2018.0,152,150,147,141,135,128,126,122,125,117,109,102,99,98,94,98,89,86,85,92,90,88,84,79,152,79,8888,110,139
6,5,19,2018.0,4,4,5,5,6,6,6,5,4,3,3,2,3,2,2,12,2,16,4,1,4,6,6,3,6,8888,8888,8888,139
7,5,19,2018.0,53,59,56,59,74,67,95,41,45,57,91,89,77,79,90,30,33,22,30,33,20,16,21,21,95,8888,8888,52,139
8,5,19,2018.0,0,0,0,0,0,0,0,0,0,0,0,5,5,0,10,5,5,5,0,0,0,0,0,0,10,8888,35,8888,139
9,5,19,2018.0,0,0,0,0,0,0,0,0,0,0,0,0,0,0,0,0,0,0,0,0,0,0,0,0,0,8888,8888,8888,139
10,5,19,2018.0,0,0,0,0,6,10,10,10,10,10,10,10,10,10,10,10,10,10,8,0,0,0,0,0,10,8888,145,8888,139
1,5,20,2018.0,0,0,0,0,5,39,71,184,248,297,331,340,331,301,259,198,130,63,15,0,0,0,0,0,340,8888,2815,8888,140
2,5,20,2018.0,0,0,0,0,0,10,9,135,190,231,260,269,261,234,199,148,90,35,5,0,0,0,0,0,269,8888,2077,8888,140
3,5,20,2018.0,0,0,0,0,5,29,62,48,58,66,72,72,71,67,60,50,41,28,10,0,0,0,0,0,72,8888,737,8888,140
4,5,20,2018.0,0,0,0,0,0,5,2,10,10,10,10,10,10,10,10,10,10,10,5,0,0,0,0,0,10,8888,123,8888,140
5,5,20,2018.0,88,74,63,60,61,80,103,103,104,118,139,144,145,144,145,143,130,124,115,102,91,88,89,91,145,60,8888,106,140
6,5,20,2018.0,4,4,2,1,2,4,12,8,6,12,14,14,14,14,15,14,14,14,13,16,1,3,4,4,14,8888,8888,8888,140
7,5,20,2018.0,22,12,15,19,5,10,10,18,27,25,44,42,38,42,41,29,77,49,41,20,19,18,20,20,77,8888,8888,28,140
8,5,20,2018.0,0,0,0,0,0,0,0,0,0,0,0,0,0,0,0,0,0,0,0,0,0,0,0,0,0,8888,0,8888,140
9,5,20,2018.0,0,0,0,0,0,0,0,0,0,0,0,0,0,0,0,0,0,0,0,0,0,0,0,0,0,8888,8888,8888,140
10,5,20,2018.0,0,0,0,0,6,10,10,10,10,10,10,10,10,10,10,10,10,10,9,0,0,0,0,0,10,8888,145,8888,140
1,5,21,2018.0,0,0,0,0,5,43,117,184,249,299,328,341,330,304,261,201,132,65,14,0,0,0,0,0,341,8888,2874,8888,141
2,5,21,2018.0,0,0,0,0,0,14,79,136,191,232,258,269,260,237,201,151,92,38,3,0,0,0,0,0,269,8888,2161,8888,141
3,5,21,2018.0,0,0,0,0,5,29,38,49,58,67,70,72,70,67,60,50,40,28,11,0,0,0,0,0,72,8888,713,8888,141
4,5,21,2018.0,0,0,0,0,0,6,10,10,10,10,10,10,10,10,10,10,10,10,4,0,0,0,0,0,10,8888,130,8888,141
5,5,21,2018.0,95,98,103,107,112,109,121,131,137,143,148,149,149,151,147,151,148,137,116,112,105,105,95,97,151,95,8888,124,141
6,5,21,2018.0,4,5,5,5,6,6,6,6,6,7,6,7,6,7,6,9,8,7,4,5,5,5,5,5,6,8888,8888,8888,141
7,5,21,2018.0,22,24,29,27,38,46,61,48,43,32,37,32,42,31,33,25,24,11,18,23,20,26,22,21,61,8888,8888,31,141
8,5,21,2018.0,0,0,0,0,0,0,0,0,0,0,0,0,0,0,0,0,0,0,0,0,0,0,0,0,0,8888,0,8888,141
9,5,21,2018.0,0,0,0,0,0,0,0,0,0,0,0,0,0,0,0,0,0,0,0,0,0,0,0,0,0,8888,8888,8888,141
10,5,21,2018.0,0,0,0,0,7,10,10,10,10,10,10,10,10,10,10,10,10,10,9,0,0,0,0,0,10,8888,145,8888,141
1,5,22,2018.0,0,0,0,0,5,39,114,183,242,296,329,337,335,305,258,198,129,63,16,0,0,0,0,0,337,8888,2849,8888,142
2,5,22,2018.0,0,0,0,0,0,10,74,133,182,230,258,266,264,238,198,147,87,34,6,0,0,0,0,0,266,8888,2128,8888,142
3,5,22,2018.0,0,0,0,0,5,28,40,49,59,66,70,71,72,67,60,51,43,29,9,0,0,0,0,0,72,8888,721,8888,142
4,5,22,2018.0,0,0,0,0,0,5,10,10,10,10,10,10,10,10,10,10,10,10,7,0,0,0,0,0,10,8888,132,8888,142
5,5,22,2018.0,97,99,106,104,101,114,142,149,155,160,163,166,196,191,209,221,211,202,176,173,171,165,160,157,221,97,8888,158,142
6,5,22,2018.0,5,5,5,5,5,5,6,7,6,8,13,13,14,14,15,15,14,1,4,1,2,3,15,5,13,8888,8888,8888,142
7,5,22,2018.0,20,24,27,25,22,19,15,18,28,21,29,40,24,29,34,30,17,13,5,12,13,18,17,5,40,8888,8888,21,142
8,5,22,2018.0,0,0,0,0,0,0,0,0,0,0,0,0,0,0,0,0,0,0,0,0,0,0,0,0,0,8888,0,8888,142
9,5,22,2018.0,0,0,0,0,0,0,0,0,0,0,0,0,0,0,0,0,0,0,0,0,0,0,0,0,0,8888,8888,8888,142
10,5,22,2018.0,0,0,0,0,7,10,10,10,10,10,10,10,10,10,10,10,10,10,9,0,0,0,0,0,10,8888,145,8888,142
1,5,23,2018.0,0,0,0,0,8,17,83,71,160,93,163,107,90,138,91,41,27,18,3,0,0,0,0,0,163,8888,1110,8888,143
2,5,23,2018.0,0,0,0,0,0,0,20,1,40,1,11,1,0,10,1,0,0,0,0,0,0,0,0,0,40,8888,86,8888,143
3,5,23,2018.0,0,0,0,0,8,17,62,70,120,92,152,106,89,128,90,41,27,18,3,0,0,0,0,0,152,8888,1024,8888,143
4,5,23,2018.0,0,0,0,0,0,0,4,0,4,0,1,0,0,1,0,0,0,0,0,0,0,0,0,0,4,8888,11,8888,143
5,5,23,2018.0,200,221,225,226,221,204,214,210,197,193,193,194,193,194,172,166,156,155,154,145,147,149,151,147,226,145,8888,184,143
6,5,23,2018.0,5,5,5,5,5,6,6,6,6,6,7,6,5,16,4,12,6,6,4,3,7,6,4,3,5,8888,8888,8888,143
7,5,23,2018.0,30,42,41,49,43,42,42,43,34,25,26,21,17,17,17,9,41,27,15,21,7,11,17,14,49,8888,8888,27,143
8,5,23,2018.0,0,0,0,0,0,0,0,0,0,0,0,0,0,0,0,0,0,0,0,0,0,0,0,0,0,8888,0,8888,143
9,5,23,2018.0,0,0,0,0,0,0,0,0,0,0,0,0,0,0,0,0,0,0,0,0,0,0,0,0,0,8888,8888,8888,143
10,5,23,2018.0,0,0,0,0,7,10,10,10,10,10,10,10,10,10,10,10,10,10,9,0,0,0,0,0,10,8888,146,8888,143
1,5,24,2018.0,0,0,0,0,9,19,45,171,226,296,330,341,329,304,256,203,133,68,14,0,0,0,0,0,341,8888,2744,8888,144
2,5,24,2018.0,0,0,0,0,0,0,0,103,126,230,259,269,258,237,196,152,92,40,3,0,0,0,0,0,269,8888,1966,8888,144
3,5,24,2018.0,0,0,0,0,9,19,44,69,99,66,71,71,70,67,61,50,41,28,11,0,0,0,0,0,99,8888,777,8888,144
4,5,24,2018.0,0,0,0,0,0,0,0,9,8,10,10,10,10,10,10,10,10,10,4,0,0,0,0,0,10,8888,111,8888,144
5,5,24,2018.0,142,138,135,128,133,137,132,138,151,152,153,147,146,145,144,140,143,136,123,133,130,128,129,136,153,123,8888,138,144
6,5,24,2018.0,12,1,14,15,5,8,14,14,14,14,14,14,13,13,14,13,8,6,5,5,6,5,5,5,14,8888,8888,8888,144
7,5,24,2018.0,12,14,16,19,14,15,24,21,29,29,33,54,41,50,48,40,21,33,26,29,42,37,48,49,54,8888,8888,31,144
8,5,24,2018.0,0,0,5,10,0,0,0,0,0,0,0,0,0,0,0,0,0,0,0,0,0,0,0,0,10,8888,15,8888,144
9,5,24,2018.0,0,0,0,0,0,0,0,0,0,0,0,0,0,0,0,0,0,0,0,0,0,0,0,0,0,8888,8888,8888,144
10,5,24,2018.0,0,0,0,0,7,10,10,10,10,10,10,10,10,10,10,10,10,10,9,0,0,0,0,0,10,8888,146,8888,144
1,5,25,2018.0,0,0,0,0,2,11,26,43,52,74,86,82,71,124,83,59,42,46,13,0,0,0,0,0,124,8888,813,8888,145
2,5,25,2018.0,0,0,0,0,0,0,0,0,0,0,0,0,0,2,1,0,0,9,2,0,0,0,0,0,9,8888,16,8888,145
3,5,25,2018.0,0,0,0,0,2,11,26,43,52,73,86,82,71,122,82,59,41,37,11,0,0,0,0,0,122,8888,797,8888,145
4,5,25,2018.0,0,0,0,0,0,0,0,0,0,0,0,0,0,0,0,0,0,3,3,0,0,0,0,0,3,8888,6,8888,145
5,5,25,2018.0,138,143,144,144,145,150,152,157,156,155,154,148,144,147,145,141,140,142,132,132,126,122,112,106,157,106,8888,141,145
6,5,25,2018.0,5,5,5,5,5,6,4,7,9,7,8,10,6,7,6,8,8,10,11,12,13,14,1,16,10,8888,8888,8888,145
7,5,25,2018.0,47,45,42,42,46,47,38,36,45,36,44,33,25,24,27,19,11,48,19,19,29,31,13,19,48,8888,8888,33,145
8,5,25,2018.0,0,0,0,0,0,0,0,0,0,0,0,0,0,0,0,0,0,0,0,0,0,0,0,0,0,8888,0,8888,145
9,5,25,2018.0,0,0,0,0,0,0,0,0,0,0,0,0,0,0,0,0,0,0,0,0,0,0,0,0,0,8888,8888,8888,145
10,5,25,2018.0,0,0,0,0,7,10,10,10,10,10,10,10,10,10,10,10,10,10,9,0,0,0,0,0,10,8888,146,8888,145
1,5,26,2018.0,0,0,0,0,9,47,114,189,248,301,332,343,335,308,261,202,134,65,12,0,0,0,0,0,343,8888,2900,8888,146
2,5,26,2018.0,0,0,0,0,0,17,64,141,189,234,261,271,264,240,201,151,93,32,2,0,0,0,0,0,271,8888,2159,8888,146
3,5,26,2018.0,0,0,0,0,9,30,50,48,59,67,71,72,71,68,61,51,41,34,10,0,0,0,0,0,72,8888,740,8888,146
4,5,26,2018.0,0,0,0,0,0,7,9,10,10,10,10,10,10,10,10,10,10,9,2,0,0,0,0,0,10,8888,127,8888,146
5,5,26,2018.0,98,89,101,91,84,99,124,134,132,139,148,146,149,152,161,160,158,149,140,122,116,127,128,130,161,84,8888,128,146
6,5,26,2018.0,16,15,14,4,4,4,6,8,11,12,13,13,14,14,14,14,15,15,15,4,5,5,3,15,13,8888,8888,8888,146
7,5,26,2018.0,18,13,21,21,19,15,22,19,14,22,28,62,57,55,45,34,50,48,35,10,13,15,13,14,62,8888,8888,28,146
8,5,26,2018.0,0,0,0,0,0,0,0,0,0,0,0,0,0,0,0,0,0,0,0,0,0,0,0,0,0,8888,0,8888,146
9,5,26,2018.0,0,0,0,0,0,0,0,0,0,0,0,0,0,0,0,0,0,0,0,0,0,0,0,0,0,8888,8888,8888,146
10,5,26,2018.0,0,0,0,0,7,10,10,10,10,10,10,10,10,10,10,10,10,10,9,0,0,0,0,0,10,8888,147,8888,146
1,5,27,2018.0,0,0,0,0,9,47,121,188,250,299,331,342,336,305,260,202,134,61,10,0,0,0,0,0,342,8888,2894,8888,147
2,5,27,2018.0,0,0,0,0,0,17,83,139,191,232,260,270,264,238,199,151,92,25,1,0,0,0,0,0,270,8888,2164,8888,147
3,5,27,2018.0,0,0,0,0,9,30,38,49,58,66,71,71,71,67,61,51,42,36,9,0,0,0,0,0,71,8888,730,8888,147
4,5,27,2018.0,0,0,0,0,0,7,10,10,10,10,10,10,10,10,10,10,10,8,1,0,0,0,0,0,10,8888,126,8888,147
5,5,27,2018.0,121,124,118,104,105,115,130,137,142,151,154,157,167,155,154,151,149,142,133,127,128,137,135,132,167,104,8888,136,147
6,5,27,2018.0,2,16,5,2,15,3,13,13,14,14,14,14,14,14,14,14,14,14,15,4,5,6,5,15,14,8888,8888,8888,147
7,5,27,2018.0,7,10,13,14,19,6,14,30,37,39,39,32,33,51,41,42,49,28,18,8,16,21,24,17,51,8888,8888,25,147
8,5,27,2018.0,0,0,0,0,0,0,0,0,0,0,0,0,0,0,0,0,0,0,0,0,0,0,0,0,0,8888,0,8888,147
9,5,27,2018.0,0,0,0,0,0,0,0,0,0,0,0,0,0,0,0,0,0,0,0,0,0,0,0,0,0,8888,8888,8888,147
10,5,27,2018.0,0,0,0,0,7,10,10,10,10,10,10,10,10,10,10,10,10,10,10,0,0,0,0,0,10,8888,147,8888,147
1,5,28,2018.0,0,0,0,0,9,24,59,105,206,211,323,307,268,289,256,200,134,69,15,0,0,0,0,0,323,8888,2475,8888,148
2,5,28,2018.0,0,0,0,0,0,0,1,14,97,68,253,203,131,217,195,147,92,40,4,0,0,0,0,0,253,8888,1464,8888,148
3,5,28,2018.0,0,0,0,0,9,24,57,91,108,143,70,104,136,72,61,53,42,30,11,0,0,0,0,0,143,8888,1011,8888,148
4,5,28,2018.0,0,0,0,0,0,0,0,2,7,5,10,9,7,10,10,10,10,10,5,0,0,0,0,0,10,8888,95,8888,148
5,5,28,2018.0,113,119,119,136,127,141,144,156,158,170,181,200,194,198,200,197,184,171,160,145,139,143,138,149,200,113,8888,158,148
6,5,28,2018.0,4,3,4,15,6,6,12,14,13,13,12,9,10,12,8,9,9,6,6,6,5,5,5,5,5,8888,8888,8888,148
7,5,28,2018.0,13,13,11,24,15,22,13,19,23,25,15,14,14,15,23,17,20,23,22,21,18,20,19,26,26,8888,8888,19,148
8,5,28,2018.0,0,0,0,0,0,0,0,0,0,0,0,0,0,0,0,0,0,0,0,0,0,0,0,0,0,8888,0,8888,148
9,5,28,2018.0,0,0,0,0,0,0,0,0,0,0,0,0,0,0,0,0,0,0,0,0,0,0,0,0,0,8888,8888,8888,148
10,5,28,2018.0,0,0,0,0,7,10,10,10,10,10,10,10,10,10,10,10,10,10,10,0,0,0,0,0,10,8888,147,8888,148
1,5,29,2018.0,0,0,0,0,9,49,119,188,248,296,327,335,335,306,262,204,134,70,14,0,0,0,0,0,335,8888,2897,8888,149
2,5,29,2018.0,0,0,0,0,0,18,80,140,189,230,257,264,264,239,201,153,90,41,3,0,0,0,0,0,264,8888,2169,8888,149
3,5,29,2018.0,0,0,0,0,9,31,40,49,59,66,70,71,71,68,61,51,43,29,11,0,0,0,0,0,71,8888,728,8888,149
4,5,29,2018.0,0,0,0,0,0,7,10,10,10,10,10,10,10,10,10,10,10,10,4,0,0,0,0,0,10,8888,130,8888,149
5,5,29,2018.0,150,149,149,153,156,164,175,177,189,199,192,184,184,191,190,193,192,185,176,163,162,159,164,165,199,149,8888,173,149
6,5,29,2018.0,5,5,6,6,6,6,6,6,6,7,9,14,14,13,13,14,14,14,14,5,5,7,6,15,6,8888,8888,8888,149
7,5,29,2018.0,23,21,23,34,32,31,37,41,38,24,16,28,26,28,26,23,18,13,11,3,20,17,13,15,41,8888,8888,23,149
8,5,29,2018.0,0,0,0,0,0,0,0,0,0,0,0,0,0,0,0,0,0,0,0,0,0,0,0,0,0,8888,0,8888,149
9,5,29,2018.0,0,0,0,0,0,0,0,0,0,0,0,0,0,0,0,0,0,0,0,0,0,0,0,0,0,8888,8888,8888,149
10,5,29,2018.0,0,0,0,0,7,10,10,10,10,10,10,10,10,10,10,10,10,10,10,0,0,0,0,0,10,8888,147,8888,149
1,5,30,2018.0,0,0,0,0,4,20,32,76,154,235,257,319,277,231,183,118,80,26,7,0,0,0,0,0,319,8888,2017,8888,150
2,5,30,2018.0,0,0,0,0,0,0,0,1,28,120,102,241,154,91,59,24,11,0,0,0,0,0,0,0,241,8888,832,8888,150
3,5,30,2018.0,0,0,0,0,4,20,32,75,125,115,155,78,123,140,124,94,69,25,7,0,0,0,0,0,155,8888,1185,8888,150
4,5,30,2018.0,0,0,0,0,0,0,0,0,3,8,6,10,8,6,5,3,2,0,0,0,0,0,0,0,10,8888,52,8888,150
5,5,30,2018.0,164,160,154,148,167,186,208,199,206,206,233,236,240,244,243,231,224,203,195,190,188,183,189,191,244,148,8888,199,150
6,5,30,2018.0,15,15,14,6,5,6,5,14,7,7,6,7,7,9,7,6,7,8,7,5,5,5,6,5,6,8888,8888,8888,150
7,5,30,2018.0,15,16,12,10,25,38,25,14,17,18,29,16,14,9,18,21,19,23,16,19,21,22,22,23,38,8888,8888,19,150
8,5,30,2018.0,0,0,0,0,0,0,0,0,0,0,0,0,0,0,0,0,0,0,0,0,0,0,0,0,0,8888,0,8888,150
9,5,30,2018.0,0,0,0,0,0,0,0,0,0,0,0,0,0,0,0,0,0,0,0,0,0,0,0,0,0,8888,8888,8888,150
10,5,30,2018.0,0,0,0,0,8,10,10,10,10,10,10,10,10,10,10,10,10,10,10,0,0,0,0,0,10,8888,147,8888,150
1,5,31,2018.0,0,0,0,0,2,13,36,45,75,186,110,72,94,67,47,37,29,15,2,0,0,0,0,0,186,8888,829,8888,151
2,5,31,2018.0,0,0,0,0,0,0,0,0,1,33,1,0,1,0,0,0,0,0,0,0,0,0,0,0,33,8888,36,8888,151
3,5,31,2018.0,0,0,0,0,2,13,36,45,75,153,109,72,93,66,46,37,29,15,2,0,0,0,0,0,153,8888,793,8888,151
4,5,31,2018.0,0,0,0,0,0,0,0,0,0,3,0,0,0,0,0,0,0,0,0,0,0,0,0,0,3,8888,3,8888,151
5,5,31,2018.0,191,188,185,184,180,184,184,187,190,196,173,177,184,176,167,164,163,162,157,151,146,140,130,125,196,125,8888,170,151
6,5,31,2018.0,5,5,5,10,7,6,6,6,7,12,14,15,14,15,15,15,15,14,15,15,15,15,15,15,15,8888,8888,8888,151
7,5,31,2018.0,24,14,7,16,8,22,17,18,12,22,27,25,24,20,36,27,32,22,12,18,16,32,39,24,39,8888,8888,21,151
8,5,31,2018.0,0,0,0,0,0,0,0,0,0,0,0,0,0,0,0,0,0,0,5,10,5,5,5,15,15,8888,45,8888,151
9,5,31,2018.0,0,0,0,0,0,0,0,0,0,0,0,0,0,0,0,0,0,0,0,0,0,0,0,0,0,8888,8888,8888,151
10,5,31,2018.0,0,0,0,0,8,10,10,10,10,10,10,10,10,10,10,10,10,10,10,0,0,0,0,0,10,8888,148,8888,151
1,6,1,2010.0,0,0,0,0,10,43,121,188,249,299,330,341,331,307,262,203,136,60,12,0,0,0,0,0,341,8888,2894,8888,152
2,6,1,2010.0,0,0,0,0,0,12,83,140,192,234,261,272,263,241,203,152,94,22,1,0,0,0,0,0,272,8888,2170,8888,152
3,6,1,2010.0,0,0,0,0,9,32,39,48,57,65,68,69,69,66,60,51,42,38,11,0,0,0,0,0,69,8888,724,8888,152
4,6,1,2010.0,0,0,0,0,0,5,10,10,10,10,10,10,10,10,10,10,10,7,1,0,0,0,0,0,10,8888,122,8888,152
5,6,1,2010.0,121,117,104,100,96,111,153,145,157,170,160,165,171,166,165,161,158,155,143,111,107,102,99,102,171,96,8888,135,152
6,6,1,2010.0,3,2,1,3,3,2,13,8,10,11,10,13,14,13,13,13,14,14,14,1,3,3,1,1,14,8888,8888,8888,152
7,6,1,2010.0,9,8,13,8,5,9,9,20,11,12,16,18,21,21,19,20,42,44,16,10,5,7,12,10,44,8888,8888,15,152
8,6,1,2010.0,0,0,0,0,0,0,0,0,0,0,0,0,0,0,0,0,0,0,0,0,0,0,0,0,0,8888,0,8888,152
9,6,1,2010.0,0,0,0,0,0,0,0,0,0,0,0,0,0,0,0,0,0,0,0,0,0,0,0,0,0,8888,8888,8888,152
10,6,1,2010.0,0,0,0,0,8,10,10,10,10,10,10,10,10,10,10,10,10,10,10,0,0,0,0,0,10,8888,148,8888,152
1,6,2,2010.0,0,0,0,0,9,44,119,187,247,294,332,338,330,304,233,165,124,39,12,0,0,0,0,0,338,8888,2776,8888,153
2,6,2,2010.0,0,0,0,0,0,12,78,137,189,229,263,269,262,238,144,75,66,3,0,0,0,0,0,0,269,8888,1966,8888,153
3,6,2,2010.0,0,0,0,0,8,32,41,49,58,65,69,69,69,66,89,90,57,36,12,0,0,0,0,0,90,8888,810,8888,153
4,6,2,2010.0,0,0,0,0,0,5,10,10,10,10,10,10,10,10,9,7,9,1,0,0,0,0,0,0,10,8888,111,8888,153
5,6,2,2010.0,97,96,100,91,91,110,143,157,168,174,183,178,179,189,174,173,171,160,134,116,111,109,107,107,189,91,8888,138,153
6,6,2,2010.0,1,2,1,3,2,2,11,8,8,9,8,11,11,14,13,13,13,13,3,1,1,1,1,1,8,8888,8888,8888,153
7,6,2,2010.0,13,8,15,9,9,9,6,16,21,15,21,12,12,16,11,16,10,10,5,13,16,17,16,19,21,8888,8888,13,153
8,6,2,2010.0,0,0,0,0,0,0,0,0,0,0,0,0,0,0,0,0,0,0,0,0,0,0,0,0,0,8888,0,8888,153
9,6,2,2010.0,0,0,0,0,0,0,0,0,0,0,0,0,0,0,0,0,0,0,0,0,0,0,0,0,0,8888,8888,8888,153
10,6,2,2010.0,0,0,0,0,8,10,10,10,10,10,10,10,10,10,10,10,10,10,10,0,0,0,0,0,10,8888,148,8888,153
1,6,3,2010.0,0,0,0,0,10,43,120,188,245,299,331,341,332,310,232,196,137,58,10,0,0,0,0,0,341,8888,2851,8888,154
2,6,3,2010.0,0,0,0,0,0,11,80,140,186,234,262,272,263,244,142,141,94,19,0,0,0,0,0,0,272,8888,2088,8888,154
3,6,3,2010.0,0,0,0,0,10,32,40,49,59,65,69,69,69,66,90,55,43,39,10,0,0,0,0,0,90,8888,763,8888,154
4,6,3,2010.0,0,0,0,0,0,5,10,10,10,10,10,10,10,10,9,10,10,6,0,0,0,0,0,0,10,8888,120,8888,154
5,6,3,2010.0,106,107,105,102,105,125,167,170,158,172,172,178,178,190,172,181,163,151,140,131,131,132,129,115,190,102,8888,145,154
6,6,3,2010.0,1,3,3,1,16,1,6,9,10,10,10,10,12,13,13,12,13,13,5,2,1,1,1,1,10,8888,8888,8888,154
7,6,3,2010.0,11,8,6,13,11,13,4,11,11,20,20,19,12,12,5,7,11,11,4,9,10,13,12,16,20,8888,8888,11,154
8,6,3,2010.0,0,0,0,0,0,0,0,0,0,0,0,0,0,0,0,0,0,0,0,0,0,0,0,0,0,8888,0,8888,154
9,6,3,2010.0,0,0,0,0,0,0,0,0,0,0,0,0,0,0,0,0,0,0,0,0,0,0,0,0,0,8888,8888,8888,154
10,6,3,2010.0,0,0,0,0,8,10,10,10,10,10,10,10,10,10,10,10,10,10,10,0,0,0,0,0,10,8888,148,8888,154
1,6,4,2010.0,0,0,0,0,4,23,28,134,106,161,163,47,123,199,108,37,67,26,9,0,0,0,0,0,199,8888,1235,8888,155
2,6,4,2010.0,0,0,0,0,0,0,0,41,2,10,11,0,2,33,2,0,1,0,0,0,0,0,0,0,41,8888,102,8888,155
3,6,4,2010.0,0,0,0,0,4,23,28,93,104,150,153,47,121,166,106,37,65,26,9,0,0,0,0,0,166,8888,1133,8888,155
4,6,4,2010.0,0,0,0,0,0,0,0,5,0,1,1,0,0,3,0,0,0,0,0,0,0,0,0,0,5,8888,11,8888,155
5,6,4,2010.0,109,103,106,107,119,134,119,159,157,169,159,136,159,171,159,150,159,145,137,132,129,121,127,128,171,103,8888,137,155
6,6,4,2010.0,1,1,1,1,1,5,4,7,6,8,9,3,4,11,9,5,3,4,4,3,1,1,1,1,8,8888,8888,8888,155
7,6,4,2010.0,12,15,15,10,11,4,12,17,16,19,14,8,13,14,5,6,6,7,12,8,8,11,12,11,19,8888,8888,11,155
8,6,4,2010.0,0,0,0,0,0,0,5,0,0,0,0,5,0,0,0,5,0,5,0,0,0,0,0,0,5,8888,20,8888,155
9,6,4,2010.0,0,0,0,0,0,0,0,0,0,0,0,0,0,0,0,0,0,0,0,0,0,0,0,0,0,8888,8888,8888,155
10,6,4,2010.0,0,0,0,0,8,10,10,10,10,10,10,10,10,10,10,10,10,10,10,1,0,0,0,0,10,8888,148,8888,155
1,6,5,2010.0,0,0,0,0,5,34,60,101,166,266,323,329,327,290,226,160,59,56,10,0,0,0,0,0,329,8888,2412,8888,156
2,6,5,2010.0,0,0,0,0,0,3,1,7,40,170,255,258,258,219,124,71,1,13,0,0,0,0,0,0,258,8888,1421,8888,156
3,6,5,2010.0,0,0,0,0,5,31,59,94,125,96,68,71,69,71,101,90,58,43,10,0,0,0,0,0,125,8888,991,8888,156
4,6,5,2010.0,0,0,0,0,0,1,0,1,4,9,10,10,10,10,8,7,0,4,0,0,0,0,0,0,10,8888,74,8888,156
5,6,5,2010.0,130,131,132,129,123,141,150,156,170,180,173,189,200,187,179,179,165,176,168,155,136,127,123,118,200,118,8888,155,156
6,6,5,2010.0,1,4,1,16,1,1,7,9,13,13,13,13,13,13,13,13,13,14,5,4,16,1,1,2,13,8888,8888,8888,156
7,6,5,2010.0,10,3,8,11,7,4,8,8,8,12,15,13,11,13,22,22,38,18,13,7,12,10,15,10,38,8888,8888,12,156
8,6,5,2010.0,0,0,0,0,0,0,0,0,0,0,0,0,0,0,0,0,0,0,0,0,0,0,0,0,0,8888,0,8888,156
9,6,5,2010.0,0,0,0,0,0,0,0,0,0,0,0,0,0,0,0,0,0,0,0,0,0,0,0,0,0,8888,8888,8888,156
10,6,5,2010.0,0,0,0,0,8,10,10,10,10,10,10,10,10,10,10,10,10,10,10,1,0,0,0,0,10,8888,149,8888,156
1,6,6,2010.0,0,0,0,0,7,44,118,178,250,299,335,346,335,305,263,203,139,61,12,0,0,0,0,0,346,8888,2897,8888,157
2,6,6,2010.0,0,0,0,0,0,12,76,110,193,235,265,276,266,239,204,151,96,23,0,0,0,0,0,0,276,8888,2145,8888,157
3,6,6,2010.0,0,0,0,0,7,32,42,68,58,65,70,70,69,66,60,52,43,39,12,0,0,0,0,0,70,8888,752,8888,157
4,6,6,2010.0,0,0,0,0,0,5,10,9,10,10,10,10,10,10,10,10,10,7,0,0,0,0,0,0,10,8888,121,8888,157
5,6,6,2010.0,116,115,108,106,108,123,138,153,167,158,172,175,180,190,182,173,171,169,155,135,129,125,125,125,190,106,8888,146,157
6,6,6,2010.0,2,1,1,4,4,5,6,6,8,10,8,10,13,13,13,13,13,6,2,1,1,1,2,3,6,8888,8888,8888,157
7,6,6,2010.0,8,15,15,9,9,8,15,22,22,14,15,16,15,13,13,14,13,9,3,15,13,12,10,5,22,8888,8888,13,157
8,6,6,2010.0,0,0,0,0,0,0,0,0,0,0,0,0,0,0,0,0,0,0,0,0,0,0,0,0,0,8888,0,8888,157
9,6,6,2010.0,0,0,0,0,0,0,0,0,0,0,0,0,0,0,0,0,0,0,0,0,0,0,0,0,0,8888,8888,8888,157
10,6,6,2010.0,0,0,0,0,8,10,10,10,10,10,10,10,10,10,10,10,10,10,10,1,0,0,0,0,10,8888,149,8888,157
1,6,7,2010.0,0,0,0,0,7,44,121,187,248,300,328,340,334,307,262,177,133,63,12,0,0,0,0,0,340,8888,2863,8888,158
2,6,7,2010.0,0,0,0,0,0,12,81,137,190,235,260,271,266,241,202,93,85,24,0,0,0,0,0,0,271,8888,2096,8888,158
3,6,7,2010.0,0,0,0,0,7,32,40,50,58,65,68,69,69,66,60,84,48,39,12,0,0,0,0,0,84,8888,767,8888,158
4,6,7,2010.0,0,0,0,0,0,5,10,10,10,10,10,10,10,10,10,8,10,7,0,0,0,0,0,0,10,8888,119,8888,158
5,6,7,2010.0,119,120,118,120,125,144,180,172,183,187,195,194,200,198,195,182,189,191,177,165,161,157,156,154,200,118,8888,166,158
6,6,7,2010.0,1,1,2,1,1,1,7,10,11,13,13,13,14,13,13,13,13,15,6,4,4,1,16,1,13,8888,8888,8888,158
7,6,7,2010.0,14,15,12,17,15,8,13,10,9,12,14,18,28,28,21,26,29,14,7,6,7,11,10,15,29,8888,8888,15,158
8,6,7,2010.0,0,0,0,0,0,0,0,0,0,0,0,0,0,0,0,0,0,0,0,0,0,0,0,0,0,8888,0,8888,158
9,6,7,2010.0,0,0,0,0,0,0,0,0,0,0,0,0,0,0,0,0,0,0,0,0,0,0,0,0,0,8888,8888,8888,158
10,6,7,2010.0,0,0,0,0,8,10,10,10,10,10,10,10,10,10,10,10,10,10,10,1,0,0,0,0,10,8888,149,8888,158
1,6,8,2010.0,0,0,0,0,5,44,93,185,244,267,298,291,328,292,223,186,118,59,12,0,0,0,0,0,328,8888,2644,8888,159
2,6,8,2010.0,0,0,0,0,0,12,28,134,185,171,175,168,259,221,121,111,55,19,0,0,0,0,0,0,259,8888,1659,8888,159
3,6,8,2010.0,0,0,0,0,5,32,65,51,59,96,123,123,69,71,102,75,63,40,12,0,0,0,0,0,123,8888,985,8888,159
4,6,8,2010.0,0,0,0,0,0,5,5,10,10,9,8,8,10,10,8,9,8,6,0,0,0,0,0,0,10,8888,105,8888,159
5,6,8,2010.0,150,153,150,150,159,172,176,186,194,208,219,219,222,228,233,220,221,223,190,169,177,165,157,155,233,150,8888,187,159
6,6,8,2010.0,1,1,1,2,14,0,13,14,12,13,13,14,14,14,14,14,15,14,5,4,5,2,1,1,14,8888,8888,8888,159
7,6,8,2010.0,11,12,8,9,15,1,9,15,10,12,10,20,25,23,29,23,13,8,9,8,8,10,13,12,29,8888,8888,13,159
8,6,8,2010.0,0,0,0,0,0,0,0,0,0,0,0,0,0,0,0,0,0,0,0,0,0,0,0,0,0,8888,0,8888,159
9,6,8,2010.0,0,0,0,0,0,0,0,0,0,0,0,0,0,0,0,0,0,0,0,0,0,0,0,0,0,8888,8888,8888,159
10,6,8,2010.0,0,0,0,0,8,10,10,10,10,10,10,10,10,10,10,10,10,10,10,1,0,0,0,0,10,8888,149,8888,159
1,6,9,2010.0,0,0,0,0,5,45,122,148,139,256,331,335,331,301,262,204,98,31,8,0,0,0,0,0,335,8888,2614,8888,160
2,6,9,2010.0,0,0,0,0,0,12,83,57,18,144,262,265,262,234,201,150,24,0,0,0,0,0,0,0,265,8888,1713,8888,160
3,6,9,2010.0,0,0,0,0,5,33,39,91,121,111,68,69,69,67,61,53,74,31,8,0,0,0,0,0,121,8888,901,8888,160
4,6,9,2010.0,0,0,0,0,0,5,10,6,2,8,10,10,10,10,10,10,4,0,0,0,0,0,0,0,10,8888,95,8888,160
5,6,9,2010.0,149,150,153,150,150,166,181,172,169,176,189,199,207,199,198,184,179,174,168,163,156,156,165,164,207,149,8888,172,160
6,6,9,2010.0,4,1,1,1,1,9,8,9,10,10,12,11,13,13,13,13,13,13,13,7,3,5,5,5,13,8888,8888,8888,160
7,6,9,2010.0,8,12,10,14,12,4,17,16,12,12,14,15,15,16,13,12,18,7,16,7,8,3,9,7,18,8888,8888,12,160
8,6,9,2010.0,0,0,0,0,0,0,0,0,0,0,0,0,0,0,0,0,0,0,0,0,0,0,0,0,0,8888,0,8888,160
9,6,9,2010.0,0,0,0,0,0,0,0,0,0,0,0,0,0,0,0,0,0,0,0,0,0,0,0,0,0,8888,8888,8888,160
10,6,9,2010.0,0,0,0,0,8,10,10,10,10,10,10,10,10,10,10,10,10,10,10,1,0,0,0,0,10,8888,149,8888,160
1,6,10,2010.0,0,0,0,0,2,13,32,64,77,78,99,271,202,195,180,163,133,45,9,0,0,0,0,0,271,8888,1563,8888,161
2,6,10,2010.0,0,0,0,0,0,0,0,1,1,0,1,110,22,33,43,63,76,7,0,0,0,0,0,0,110,8888,356,8888,161
3,6,10,2010.0,0,0,0,0,2,13,32,64,77,78,98,161,180,161,137,99,57,38,9,0,0,0,0,0,180,8888,1207,8888,161
4,6,10,2010.0,0,0,0,0,0,0,0,0,0,0,0,6,2,3,4,6,9,2,0,0,0,0,0,0,9,8888,32,8888,161
5,6,10,2010.0,162,161,161,157,161,163,168,177,185,180,182,203,189,191,194,193,185,181,176,167,164,162,160,154,203,154,8888,174,161
6,6,10,2010.0,16,1,5,5,5,5,5,6,7,12,10,8,10,13,13,13,13,14,4,4,5,4,4,2,14,8888,8888,8888,161
7,6,10,2010.0,13,11,6,8,11,8,9,9,13,6,13,22,15,13,19,18,21,27,7,8,7,8,9,10,27,8888,8888,12,161
8,6,10,2010.0,0,0,0,0,0,0,0,0,0,0,0,0,0,0,0,0,0,0,0,0,0,0,0,0,0,8888,0,8888,161
9,6,10,2010.0,0,0,0,0,0,0,0,0,0,0,0,0,0,0,0,0,0,0,0,0,0,0,0,0,0,8888,8888,8888,161
10,6,10,2010.0,0,0,0,0,8,10,10,10,10,10,10,10,10,10,10,10,10,10,10,1,0,0,0,0,10,8888,149,8888,161
1,6,11,2010.0,0,0,0,0,4,21,50,121,245,292,316,340,323,302,262,205,142,65,13,0,0,0,0,0,340,8888,2702,8888,162
2,6,11,2010.0,0,0,0,0,0,0,1,22,186,227,245,271,253,236,201,152,99,25,0,0,0,0,0,0,271,8888,1918,8888,162
3,6,11,2010.0,0,0,0,0,4,21,49,99,59,65,71,69,70,67,61,53,43,40,13,0,0,0,0,0,99,8888,784,8888,162
4,6,11,2010.0,0,0,0,0,0,0,0,3,10,10,10,10,10,10,10,10,10,7,0,0,0,0,0,0,10,8888,100,8888,162
5,6,11,2010.0,147,145,145,153,161,169,176,191,203,202,206,215,213,210,207,206,203,193,190,174,167,166,159,157,215,145,8888,182,162
6,6,11,2010.0,1,1,1,0,1,4,12,9,8,11,14,13,13,13,13,14,14,13,9,5,5,4,3,1,14,8888,8888,8888,162
7,6,11,2010.0,15,12,13,1,3,7,6,14,21,12,13,15,15,23,24,26,19,15,8,7,7,9,5,7,26,8888,8888,12,162
8,6,11,2010.0,0,0,0,0,0,0,0,0,0,0,0,0,0,0,0,0,0,0,0,0,0,0,0,0,0,8888,0,8888,162
9,6,11,2010.0,0,0,0,0,0,0,0,0,0,0,0,0,0,0,0,0,0,0,0,0,0,0,0,0,0,8888,8888,8888,162
10,6,11,2010.0,0,0,0,0,8,10,10,10,10,10,10,10,10,10,10,10,10,10,10,1,0,0,0,0,10,8888,149,8888,162
1,6,12,2010.0,0,0,0,0,4,45,118,176,248,296,328,341,335,309,263,206,140,65,13,0,0,0,0,0,341,8888,2886,8888,163
2,6,12,2010.0,0,0,0,0,0,10,75,107,190,231,260,272,266,243,202,153,96,23,0,0,0,0,0,0,272,8888,2130,8888,163
3,6,12,2010.0,0,0,0,0,4,34,42,69,58,65,68,69,69,66,61,53,44,42,13,0,0,0,0,0,69,8888,757,8888,163
4,6,12,2010.0,0,0,0,0,0,4,10,9,10,10,10,10,10,10,10,10,10,6,0,0,0,0,0,0,10,8888,120,8888,163
5,6,12,2010.0,150,163,170,172,160,176,191,202,206,203,209,216,215,216,212,206,203,202,190,176,167,164,161,158,216,150,8888,187,163
6,6,12,2010.0,4,5,4,5,3,5,7,7,9,9,11,13,13,13,13,13,13,15,3,3,1,1,2,2,7,8888,8888,8888,163
7,6,12,2010.0,7,8,9,9,10,7,17,19,14,18,12,11,14,15,14,14,18,15,5,6,15,10,10,10,19,8888,8888,12,163
8,6,12,2010.0,0,0,0,0,0,0,0,0,0,0,0,0,0,0,0,0,0,0,0,0,0,0,0,0,0,8888,0,8888,163
9,6,12,2010.0,0,0,0,0,0,0,0,0,0,0,0,0,0,0,0,0,0,0,0,0,0,0,0,0,0,8888,8888,8888,163
10,6,12,2010.0,0,0,0,0,8,10,10,10,10,10,10,10,10,10,10,10,10,10,10,1,0,0,0,0,10,8888,150,8888,163
1,6,13,2010.0,0,0,0,0,4,44,118,184,243,292,322,333,320,278,194,190,105,29,9,0,0,0,0,0,333,8888,2669,8888,164
2,6,13,2010.0,0,0,0,0,0,12,77,133,183,227,254,263,249,181,75,115,37,0,0,0,0,0,0,0,263,8888,1806,8888,164
3,6,13,2010.0,0,0,0,0,4,33,42,51,59,65,69,70,72,98,119,75,68,29,9,0,0,0,0,0,119,8888,863,8888,164
4,6,13,2010.0,0,0,0,0,0,5,10,10,10,10,10,10,10,9,6,9,6,0,0,0,0,0,0,0,10,8888,104,8888,164
5,6,13,2010.0,159,168,153,155,155,180,190,202,207,212,216,220,230,208,209,211,198,199,187,174,168,169,169,174,230,153,8888,188,164
6,6,13,2010.0,16,1,1,1,1,16,14,13,13,14,13,13,13,13,13,13,14,16,2,1,4,2,1,16,14,8888,8888,8888,164
7,6,13,2010.0,16,20,11,12,12,13,12,13,12,15,15,12,13,16,16,16,26,14,7,13,10,12,10,18,26,8888,8888,14,164
8,6,13,2010.0,0,0,0,0,0,0,0,0,0,0,0,0,0,0,0,0,0,0,0,0,0,0,0,0,0,8888,0,8888,164
9,6,13,2010.0,0,0,0,0,0,0,0,0,0,0,0,0,0,0,0,0,0,0,0,0,0,0,0,0,0,8888,8888,8888,164
10,6,13,2010.0,0,0,0,0,8,10,10,10,10,10,10,10,10,10,10,10,10,10,10,1,0,0,0,0,10,8888,150,8888,164
1,6,14,2010.0,0,0,0,0,3,22,49,102,136,179,212,323,320,293,229,72,76,30,8,0,0,0,0,0,323,8888,2053,8888,165
2,6,14,2010.0,0,0,0,0,0,0,1,7,9,20,69,248,248,222,127,1,6,0,0,0,0,0,0,0,248,8888,958,8888,165
3,6,14,2010.0,0,0,0,0,3,22,48,95,127,158,143,75,72,71,102,71,70,29,8,0,0,0,0,0,158,8888,1095,8888,165
4,6,14,2010.0,0,0,0,0,0,0,0,1,1,2,5,10,10,10,8,0,1,0,0,0,0,0,0,0,10,8888,49,8888,165
5,6,14,2010.0,167,170,176,179,187,197,213,229,233,233,222,225,223,228,222,224,232,226,208,191,198,212,206,201,233,167,8888,208,165
6,6,14,2010.0,4,16,16,5,16,15,3,6,6,9,13,13,13,13,14,15,13,8,5,1,4,5,3,4,14,8888,8888,8888,165
7,6,14,2010.0,6,9,14,6,14,14,7,8,16,16,14,14,16,16,23,17,7,8,6,11,6,12,8,7,23,8888,8888,11,165
8,6,14,2010.0,0,0,0,0,0,0,0,0,0,0,0,0,0,0,0,0,0,0,0,0,0,0,0,0,0,8888,0,8888,165
9,6,14,2010.0,0,0,0,0,0,0,0,0,0,0,0,0,0,0,0,0,0,0,0,0,0,0,0,0,0,8888,8888,8888,165
10,6,14,2010.0,0,0,0,0,8,10,10,10,10,10,10,10,10,10,10,10,10,10,10,2,0,0,0,0,10,8888,150,8888,165
1,6,15,2010.0,0,0,0,0,5,28,61,76,98,180,321,328,321,296,258,203,130,36,10,0,0,0,0,0,328,8888,2353,8888,166
2,6,15,2010.0,0,0,0,0,0,0,1,1,2,33,253,257,249,226,196,148,71,1,0,0,0,0,0,0,257,8888,1439,8888,166
3,6,15,2010.0,0,0,0,0,5,28,60,75,97,147,69,72,72,69,62,55,59,35,10,0,0,0,0,0,147,8888,915,8888,166
4,6,15,2010.0,0,0,0,0,0,0,0,0,0,3,10,10,10,10,10,10,9,0,0,0,0,0,0,0,10,8888,72,8888,166
5,6,15,2010.0,180,176,174,171,183,202,204,203,210,226,240,237,245,240,242,242,241,230,222,212,215,211,204,203,245,171,8888,213,166
6,6,15,2010.0,1,16,3,1,1,0,14,14,13,13,14,13,13,14,13,15,15,8,2,2,16,14,16,0,14,8888,8888,8888,166
7,6,15,2010.0,12,12,5,13,13,1,14,12,11,14,16,17,24,34,23,19,13,5,7,7,5,9,15,2,34,8888,8888,13,166
8,6,15,2010.0,0,0,0,0,0,0,0,0,0,0,0,0,0,0,0,0,0,0,0,0,0,0,0,5,5,8888,5,8888,166
9,6,15,2010.0,0,0,0,0,0,0,0,0,0,0,0,0,0,0,0,0,0,0,0,0,0,0,0,0,0,8888,8888,8888,166
10,6,15,2010.0,0,0,0,0,8,10,10,10,10,10,10,10,10,10,10,10,10,10,10,2,0,0,0,0,10,8888,150,8888,166
1,6,16,2010.0,0,0,0,0,2,6,13,16,19,27,54,56,49,41,25,18,19,8,4,0,0,0,0,0,56,8888,359,8888,167
2,6,16,2010.0,0,0,0,0,0,0,0,0,0,0,0,0,0,0,0,0,0,0,0,0,0,0,0,0,0,8888,1,8888,167
3,6,16,2010.0,0,0,0,0,2,6,13,16,19,27,54,56,49,41,24,18,19,8,4,0,0,0,0,0,56,8888,358,8888,167
4,6,16,2010.0,0,0,0,0,0,0,0,0,0,0,0,0,0,0,0,0,0,0,0,0,0,0,0,0,0,8888,0,8888,167
5,6,16,2010.0,217,217,203,200,197,198,201,202,197,202,204,199,201,199,195,192,186,180,174,169,170,173,179,179,217,169,8888,193,167
6,6,16,2010.0,3,11,14,15,15,6,1,0,0,6,16,13,11,13,13,13,13,14,12,13,16,2,10,12,13,8888,8888,8888,167
7,6,16,2010.0,9,9,6,11,13,8,4,1,2,6,19,21,3,4,18,15,13,19,11,21,9,8,10,15,21,8888,8888,11,167
8,6,16,2010.0,0,0,0,0,0,15,20,35,75,45,10,0,5,10,35,40,5,15,0,0,0,0,0,0,75,8888,310,8888,167
9,6,16,2010.0,0,0,0,0,0,0,0,0,0,0,0,0,0,0,0,0,0,0,0,0,0,0,0,0,0,8888,8888,8888,167
10,6,16,2010.0,0,0,0,0,8,10,10,10,10,10,10,10,10,10,10,10,10,10,10,2,0,0,0,0,10,8888,150,8888,167
1,6,17,2010.0,0,0,0,0,3,11,22,39,60,58,69,60,52,59,54,47,28,16,5,0,0,0,0,0,69,8888,582,8888,168
2,6,17,2010.0,0,0,0,0,0,0,0,0,0,0,0,0,0,0,0,0,0,0,0,0,0,0,0,0,0,8888,1,8888,168
3,6,17,2010.0,0,0,0,0,3,11,22,39,59,58,69,60,52,59,54,47,27,16,5,0,0,0,0,0,69,8888,581,8888,168
4,6,17,2010.0,0,0,0,0,0,0,0,0,0,0,0,0,0,0,0,0,0,0,0,0,0,0,0,0,0,8888,0,8888,168
5,6,17,2010.0,182,180,181,181,184,180,181,186,191,195,196,194,195,198,200,206,204,203,185,174,170,175,172,170,206,170,8888,187,168
6,6,17,2010.0,8,11,11,11,12,13,1,5,9,8,9,9,9,7,5,9,0,14,0,1,2,3,1,3,11,8888,8888,8888,168
7,6,17,2010.0,11,12,26,8,14,10,11,7,16,15,13,19,22,7,6,8,2,6,2,11,9,9,6,6,26,8888,8888,11,168
8,6,17,2010.0,0,0,0,0,0,0,0,0,0,0,0,0,5,0,0,0,0,0,0,0,0,0,0,0,5,8888,5,8888,168
9,6,17,2010.0,0,0,0,0,0,0,0,0,0,0,0,0,0,0,0,0,0,0,0,0,0,0,0,0,0,8888,8888,8888,168
10,6,17,2010.0,0,0,0,0,8,10,10,10,10,10,10,10,10,10,10,10,10,10,10,2,0,0,0,0,10,8888,150,8888,168
1,6,18,2010.0,0,0,0,0,4,19,37,100,193,153,208,297,282,289,256,172,68,30,8,0,0,0,0,0,297,8888,2114,8888,169
2,6,18,2010.0,0,0,0,0,0,0,0,7,76,21,35,175,141,214,191,79,1,0,0,0,0,0,0,0,214,8888,942,8888,169
3,6,18,2010.0,0,0,0,0,4,19,37,93,117,132,174,123,140,74,64,92,67,29,8,0,0,0,0,0,174,8888,1173,8888,169
4,6,18,2010.0,0,0,0,0,0,0,0,1,6,2,3,8,7,10,10,7,0,0,0,0,0,0,0,0,10,8888,55,8888,169
5,6,18,2010.0,181,188,188,186,208,202,205,203,214,213,228,229,241,233,244,236,230,226,221,202,199,196,193,195,244,181,8888,211,169
6,6,18,2010.0,4,4,4,3,5,1,0,14,13,13,13,14,11,11,14,13,13,15,16,2,2,16,1,1,1,8888,8888,8888,169
7,6,18,2010.0,9,12,10,9,11,9,2,12,13,11,10,12,10,10,11,9,7,14,15,8,7,12,17,10,17,8888,8888,10,169
8,6,18,2010.0,0,0,0,0,0,0,0,0,0,0,0,0,0,0,0,0,0,0,0,0,0,0,0,0,0,8888,0,8888,169
9,6,18,2010.0,0,0,0,0,0,0,0,0,0,0,0,0,0,0,0,0,0,0,0,0,0,0,0,0,0,8888,8888,8888,169
10,6,18,2010.0,0,0,0,0,8,10,10,10,10,10,10,10,10,10,10,10,10,10,10,2,0,0,0,0,10,8888,150,8888,169
1,6,19,2010.0,0,0,0,0,5,38,101,184,242,290,234,339,325,260,262,205,133,34,10,1,0,0,0,0,339,8888,2662,8888,170
2,6,19,2010.0,0,0,0,0,0,5,42,134,183,225,75,270,256,145,200,151,75,0,0,0,0,0,0,0,270,8888,1760,8888,170
3,6,19,2010.0,0,0,0,0,5,32,58,50,59,65,159,69,70,115,62,54,59,34,10,1,0,0,0,0,159,8888,902,8888,170
4,6,19,2010.0,0,0,0,0,0,2,7,10,10,10,5,10,10,8,10,10,9,0,0,0,0,0,0,0,10,8888,102,8888,170
5,6,19,2010.0,193,190,189,184,185,205,214,222,225,230,230,243,245,239,232,222,216,209,209,204,204,201,203,206,245,184,8888,212,170
6,6,19,2010.0,2,16,16,2,2,14,15,13,9,12,13,13,12,13,13,13,13,10,7,6,5,4,4,5,7,8888,8888,8888,170
7,6,19,2010.0,9,9,15,8,8,12,11,11,16,9,15,11,13,11,14,16,7,9,19,9,8,9,8,10,19,8888,8888,11,170
8,6,19,2010.0,0,0,0,0,0,0,0,0,0,0,0,0,0,0,0,0,0,0,0,0,0,0,0,0,0,8888,0,8888,170
9,6,19,2010.0,0,0,0,0,0,0,0,0,0,0,0,0,0,0,0,0,0,0,0,0,0,0,0,0,0,8888,8888,8888,170
10,6,19,2010.0,0,0,0,0,8,10,10,10,10,10,10,10,10,10,10,10,10,10,10,2,0,0,0,0,10,8888,150,8888,170
1,6,20,2010.0,0,0,0,0,2,10,32,55,52,59,62,65,38,48,49,39,16,15,5,1,0,0,0,0,65,8888,548,8888,171
2,6,20,2010.0,0,0,0,0,0,0,0,0,0,0,0,0,0,0,0,0,0,0,0,0,0,0,0,0,0,8888,1,8888,171
3,6,20,2010.0,0,0,0,0,2,10,32,55,52,59,62,65,38,48,49,39,16,15,5,1,0,0,0,0,65,8888,547,8888,171
4,6,20,2010.0,0,0,0,0,0,0,0,0,0,0,0,0,0,0,0,0,0,0,0,0,0,0,0,0,0,8888,0,8888,171
5,6,20,2010.0,199,205,203,206,198,196,206,221,222,225,223,229,214,211,209,206,202,202,202,202,202,204,199,198,229,196,8888,208,171
6,6,20,2010.0,5,4,5,5,5,0,4,5,5,6,6,6,10,8,7,9,8,7,7,4,5,7,12,0,8,8888,8888,8888,171
7,6,20,2010.0,7,6,7,11,9,2,11,15,11,18,13,16,6,30,25,29,18,20,19,5,9,13,9,2,30,8888,8888,13,171
8,6,20,2010.0,0,0,0,0,0,0,0,0,0,0,0,0,15,0,0,0,15,0,0,10,15,0,0,0,15,8888,55,8888,171
9,6,20,2010.0,0,0,0,0,0,0,0,0,0,0,0,0,0,0,0,0,0,0,0,0,0,0,0,0,0,8888,8888,8888,171
10,6,20,2010.0,0,0,0,0,8,10,10,10,10,10,10,10,10,10,10,10,10,10,10,2,0,0,0,0,10,8888,150,8888,171
1,6,21,2010.0,0,0,0,0,1,11,25,36,62,60,55,23,50,43,38,26,24,15,5,1,0,0,0,0,62,8888,476,8888,172
2,6,21,2010.0,0,0,0,0,0,0,0,0,0,0,0,0,0,0,0,0,0,0,0,0,0,0,0,0,0,8888,1,8888,172
3,6,21,2010.0,0,0,0,0,1,11,25,36,62,60,55,23,50,43,38,26,24,15,5,1,0,0,0,0,62,8888,475,8888,172
4,6,21,2010.0,0,0,0,0,0,0,0,0,0,0,0,0,0,0,0,0,0,0,0,0,0,0,0,0,0,8888,0,8888,172
5,6,21,2010.0,198,198,198,198,197,198,201,203,213,211,207,203,208,207,206,200,202,203,205,204,203,204,202,200,213,197,8888,203,172
6,6,21,2010.0,9,8,7,4,5,5,5,6,6,7,4,9,5,6,7,4,5,6,8,8,7,8,16,4,8,8888,8888,8888,172
7,6,21,2010.0,16,15,13,7,8,5,6,8,11,11,8,13,8,10,17,11,10,15,16,20,14,17,4,10,20,8888,8888,11,172
8,6,21,2010.0,0,0,0,0,5,0,0,0,0,0,0,85,5,10,5,5,0,0,0,0,0,0,0,0,85,8888,115,8888,172
9,6,21,2010.0,0,0,0,0,0,0,0,0,0,0,0,0,0,0,0,0,0,0,0,0,0,0,0,0,0,8888,8888,8888,172
10,6,21,2010.0,0,0,0,0,8,10,10,10,10,10,10,10,10,10,10,10,10,10,10,2,0,0,0,0,10,8888,150,8888,172
1,6,22,2010.0,0,0,0,0,3,18,42,58,65,151,240,307,318,297,246,129,63,27,9,1,0,0,0,0,318,8888,1975,8888,173
2,6,22,2010.0,0,0,0,0,0,0,0,0,0,10,76,204,245,228,175,24,1,0,0,0,0,0,0,0,245,8888,964,8888,173
3,6,22,2010.0,0,0,0,0,3,18,42,58,65,141,165,103,73,69,71,104,62,27,9,1,0,0,0,0,165,8888,1011,8888,173
4,6,22,2010.0,0,0,0,0,0,0,0,0,0,1,5,9,10,10,10,3,0,0,0,0,0,0,0,0,10,8888,48,8888,173
5,6,22,2010.0,198,196,197,195,196,206,210,218,224,243,245,245,247,252,241,242,238,233,225,220,225,229,223,225,252,195,8888,224,173
6,6,22,2010.0,4,5,5,5,4,5,6,7,6,6,8,10,11,13,12,9,7,6,4,4,5,5,4,5,6,8888,8888,8888,173
7,6,22,2010.0,11,6,9,8,9,4,12,14,11,17,16,16,14,9,9,14,13,11,7,6,4,8,10,10,17,8888,8888,10,173
8,6,22,2010.0,0,0,0,0,0,0,0,0,0,0,0,0,0,0,0,0,0,0,0,0,0,0,0,0,0,8888,0,8888,173
9,6,22,2010.0,0,0,0,0,0,0,0,0,0,0,0,0,0,0,0,0,0,0,0,0,0,0,0,0,0,8888,8888,8888,173
10,6,22,2010.0,0,0,0,0,8,10,10,10,10,10,10,10,10,10,10,10,10,10,10,2,0,0,0,0,10,8888,150,8888,173
1,6,23,2010.0,0,0,0,0,2,11,29,44,43,59,54,25,41,49,41,36,25,15,5,1,0,0,0,0,59,8888,480,8888,174
2,6,23,2010.0,0,0,0,0,0,0,0,0,0,0,0,0,0,0,0,0,0,0,0,0,0,0,0,0,0,8888,1,8888,174
3,6,23,2010.0,0,0,0,0,2,11,29,44,43,59,54,25,41,48,41,36,25,15,5,1,0,0,0,0,59,8888,479,8888,174
4,6,23,2010.0,0,0,0,0,0,0,0,0,0,0,0,0,0,0,0,0,0,0,0,0,0,0,0,0,0,8888,0,8888,174
5,6,23,2010.0,224,223,217,218,213,216,224,227,229,236,229,212,209,207,187,192,186,181,173,172,185,185,179,182,236,172,8888,204,174
6,6,23,2010.0,5,7,5,9,4,4,6,5,6,6,7,8,12,15,14,13,15,14,2,6,12,11,12,10,13,8888,8888,8888,174
7,6,23,2010.0,9,11,7,14,8,13,9,11,12,14,10,21,12,8,25,32,20,12,8,10,30,20,10,17,32,8888,8888,14,174
8,6,23,2010.0,0,0,0,0,0,0,0,0,0,0,0,85,10,0,0,0,0,0,0,0,0,0,5,15,85,8888,115,8888,174
9,6,23,2010.0,0,0,0,0,0,0,0,0,0,0,0,0,0,0,0,0,0,0,0,0,0,0,0,0,0,8888,8888,8888,174
10,6,23,2010.0,0,0,0,0,8,10,10,10,10,10,10,10,10,10,10,10,10,10,10,2,0,0,0,0,10,8888,150,8888,174
1,6,24,2010.0,0,0,0,0,1,18,39,126,131,285,297,219,218,211,203,158,87,39,9,1,0,0,0,0,297,8888,2043,8888,175
2,6,24,2010.0,0,0,0,0,0,0,0,31,9,219,197,35,35,49,80,49,11,1,0,0,0,0,0,0,219,8888,716,8888,175
3,6,24,2010.0,0,0,0,0,1,18,39,95,123,66,100,183,184,162,123,109,76,38,9,1,0,0,0,0,184,8888,1327,8888,175
4,6,24,2010.0,0,0,0,0,0,0,0,4,1,10,9,3,3,4,6,5,2,0,0,0,0,0,0,0,10,8888,46,8888,175
5,6,24,2010.0,182,185,184,176,179,174,171,162,179,193,205,200,186,194,200,191,189,185,183,182,197,197,197,196,205,162,8888,187,175
6,6,24,2010.0,9,12,12,11,12,12,13,13,13,13,13,13,11,10,8,8,5,4,11,10,9,9,9,9,13,8888,8888,8888,175
7,6,24,2010.0,24,23,19,42,23,14,35,51,20,16,18,10,50,17,20,23,9,13,23,33,11,16,18,20,51,8888,8888,23,175
8,6,24,2010.0,0,0,0,5,35,0,0,5,0,0,0,0,0,0,0,0,0,0,0,0,0,0,0,0,35,8888,45,8888,175
9,6,24,2010.0,0,0,0,0,0,0,0,0,0,0,0,0,0,0,0,0,0,0,0,0,0,0,0,0,0,8888,8888,8888,175
10,6,24,2010.0,0,0,0,0,8,10,10,10,10,10,10,10,10,10,10,10,10,10,10,2,0,0,0,0,10,8888,150,8888,175
1,6,25,2010.0,0,0,0,0,5,28,70,113,168,184,263,307,325,302,256,206,143,79,25,1,0,0,0,0,325,8888,2474,8888,176
2,6,25,2010.0,0,0,0,0,0,0,10,14,40,32,130,205,255,235,191,151,98,45,9,0,0,0,0,0,255,8888,1416,8888,176
3,6,25,2010.0,0,0,0,0,5,27,60,99,128,152,133,103,70,67,65,55,45,34,15,1,0,0,0,0,152,8888,1059,8888,176
4,6,25,2010.0,0,0,0,0,0,0,2,2,4,3,7,9,10,10,10,10,10,10,8,0,0,0,0,0,10,8888,95,8888,176
5,6,25,2010.0,195,189,190,191,193,197,204,217,221,230,241,242,239,240,226,228,220,218,197,176,171,167,165,166,242,165,8888,205,176
6,6,25,2010.0,8,5,4,5,5,5,5,6,8,8,7,8,8,9,11,12,11,11,11,15,3,4,4,4,8,8888,8888,8888,176
7,6,25,2010.0,17,4,9,10,11,12,11,16,57,41,47,42,38,34,40,33,19,32,20,10,5,19,21,27,57,8888,8888,24,176
8,6,25,2010.0,0,0,0,0,0,0,0,0,0,0,0,0,0,0,0,0,0,0,0,0,0,0,0,0,0,8888,0,8888,176
9,6,25,2010.0,0,0,0,0,0,0,0,0,0,0,0,0,0,0,0,0,0,0,0,0,0,0,0,0,0,8888,8888,8888,176
10,6,25,2010.0,0,0,0,0,8,10,10,10,10,10,10,10,10,10,10,10,10,10,10,2,0,0,0,0,10,8888,150,8888,176
1,6,26,2010.0,0,0,0,0,6,39,103,177,237,280,317,330,323,277,236,163,127,34,11,1,0,0,0,0,330,8888,2662,8888,177
2,6,26,2010.0,0,0,0,0,0,9,48,123,176,212,248,260,252,178,144,71,65,0,0,0,0,0,0,0,260,8888,1788,8888,177
3,6,26,2010.0,0,0,0,0,6,30,55,54,61,69,69,71,71,99,92,92,62,34,11,1,0,0,0,0,99,8888,874,8888,177
4,6,26,2010.0,0,0,0,0,0,4,8,10,10,10,10,10,10,9,9,7,9,0,0,0,0,0,0,0,10,8888,106,8888,177
5,6,26,2010.0,163,168,163,171,170,188,219,247,255,264,262,255,260,250,263,241,236,238,218,204,205,201,205,194,264,163,8888,218,177
6,6,26,2010.0,4,4,4,3,4,3,3,4,4,6,7,16,13,13,14,14,14,1,14,14,12,12,16,2,13,8888,8888,8888,177
7,6,26,2010.0,26,17,22,27,30,25,33,30,13,25,19,15,34,41,31,29,24,15,9,9,14,4,13,6,41,8888,8888,21,177
8,6,26,2010.0,0,0,0,0,0,0,0,0,0,0,0,0,0,0,0,0,0,0,0,0,0,0,0,0,0,8888,0,8888,177
9,6,26,2010.0,0,0,0,0,0,0,0,0,0,0,0,0,0,0,0,0,0,0,0,0,0,0,0,0,0,8888,8888,8888,177
10,6,26,2010.0,0,0,0,0,8,10,10,10,10,10,10,10,10,10,10,10,10,10,10,2,0,0,0,0,10,8888,150,8888,177
1,6,27,2010.0,0,0,0,0,3,15,24,47,88,63,78,72,89,69,85,23,18,7,3,1,0,0,0,0,89,8888,684,8888,178
2,6,27,2010.0,0,0,0,0,0,0,0,0,1,0,0,0,0,0,1,0,0,0,0,0,0,0,0,0,1,8888,3,8888,178
3,6,27,2010.0,0,0,0,0,3,15,24,47,87,63,78,71,88,69,84,23,18,7,3,1,0,0,0,0,88,8888,680,8888,178
4,6,27,2010.0,0,0,0,0,0,0,0,0,0,0,0,0,0,0,0,0,0,0,0,0,0,0,0,0,0,8888,0,8888,178
5,6,27,2010.0,196,187,183,184,187,206,216,223,217,234,248,249,237,242,232,224,227,227,226,226,226,223,224,217,249,183,8888,219,178
6,6,27,2010.0,3,5,1,1,2,4,6,11,13,9,6,7,7,6,6,5,5,5,6,5,6,5,5,7,7,8888,8888,8888,178
7,6,27,2010.0,8,4,11,6,11,7,10,10,5,11,17,17,16,16,10,9,9,10,15,9,9,9,8,21,21,8888,8888,11,178
8,6,27,2010.0,0,0,0,0,0,0,0,0,0,0,0,0,0,0,0,20,10,35,10,5,0,15,5,15,35,8888,115,8888,178
9,6,27,2010.0,0,0,0,0,0,0,0,0,0,0,0,0,0,0,0,0,0,0,0,0,0,0,0,0,0,8888,8888,8888,178
10,6,27,2010.0,0,0,0,0,8,10,10,10,10,10,10,10,10,10,10,10,10,10,10,2,0,0,0,0,10,8888,150,8888,178
1,6,28,2010.0,0,0,0,0,1,7,16,27,41,45,51,66,55,55,35,26,19,11,3,1,0,0,0,0,66,8888,458,8888,179
2,6,28,2010.0,0,0,0,0,0,0,0,0,0,0,0,0,0,0,0,0,0,0,0,0,0,0,0,0,0,8888,1,8888,179
3,6,28,2010.0,0,0,0,0,1,6,16,27,41,45,51,65,55,55,35,26,19,11,3,1,0,0,0,0,65,8888,457,8888,179
4,6,28,2010.0,0,0,0,0,0,0,0,0,0,0,0,0,0,0,0,0,0,0,0,0,0,0,0,0,0,8888,0,8888,179
5,6,28,2010.0,216,214,212,211,211,212,211,211,212,212,211,212,213,216,217,212,216,216,214,213,213,214,213,214,217,211,8888,213,179
6,6,28,2010.0,6,6,6,7,7,6,6,7,7,7,7,7,6,6,7,7,5,5,6,6,6,5,5,4,7,8888,8888,8888,179
7,6,28,2010.0,7,8,9,14,13,5,12,14,18,21,12,12,12,16,14,18,9,7,10,7,7,11,6,8,21,8888,8888,11,179
8,6,28,2010.0,10,15,15,0,5,10,5,5,0,5,0,0,0,0,10,10,5,5,10,5,10,0,0,0,15,8888,125,8888,179
9,6,28,2010.0,0,0,0,0,0,0,0,0,0,0,0,0,0,0,0,0,0,0,0,0,0,0,0,0,0,8888,8888,8888,179
10,6,28,2010.0,0,0,0,0,8,10,10,10,10,10,10,10,10,10,10,10,10,10,10,2,0,0,0,0,10,8888,150,8888,179
1,6,29,2010.0,0,0,0,0,4,18,59,100,157,211,232,168,239,145,69,56,39,17,6,1,0,0,0,0,239,8888,1520,8888,180
2,6,29,2010.0,0,0,0,0,0,0,5,7,39,67,74,11,77,10,0,0,0,0,0,0,0,0,0,0,77,8888,290,8888,180
3,6,29,2010.0,0,0,0,0,4,18,55,93,118,144,158,157,163,135,68,55,38,17,6,1,0,0,0,0,163,8888,1230,8888,180
4,6,29,2010.0,0,0,0,0,0,0,1,1,4,5,5,1,5,1,0,0,0,0,0,0,0,0,0,0,5,8888,22,8888,180
5,6,29,2010.0,214,215,214,213,217,222,233,243,234,250,247,255,255,244,239,236,237,228,226,221,220,220,220,219,255,213,8888,230,180
6,6,29,2010.0,4,4,14,3,16,4,14,1,10,11,14,14,14,14,14,13,14,3,1,0,5,4,4,5,14,8888,8888,8888,180
7,6,29,2010.0,9,6,5,7,11,6,14,9,11,8,18,21,25,20,31,15,7,7,6,2,5,4,7,3,31,8888,8888,11,180
8,6,29,2010.0,0,0,0,0,0,0,0,0,0,0,0,0,0,0,0,0,0,0,0,10,0,0,0,0,10,8888,10,8888,180
9,6,29,2010.0,0,0,0,0,0,0,0,0,0,0,0,0,0,0,0,0,0,0,0,0,0,0,0,0,0,8888,8888,8888,180
10,6,29,2010.0,0,0,0,0,8,10,10,10,10,10,10,10,10,10,10,10,10,10,10,2,0,0,0,0,10,8888,150,8888,180
1,6,30,2010.0,0,0,0,0,2,12,27,40,40,52,89,196,136,284,114,62,41,20,6,1,0,0,0,0,284,8888,1121,8888,181
2,6,30,2010.0,0,0,0,0,0,0,0,0,0,0,0,22,2,187,9,0,0,0,0,0,0,0,0,0,187,8888,221,8888,181
3,6,30,2010.0,0,0,0,0,2,12,27,40,40,52,89,173,133,97,105,61,41,20,6,1,0,0,0,0,173,8888,899,8888,181
4,6,30,2010.0,0,0,0,0,0,0,0,0,0,0,0,2,0,9,1,0,0,0,0,0,0,0,0,0,9,8888,12,8888,181
5,6,30,2010.0,219,217,216,214,215,216,217,216,213,215,218,231,236,240,224,225,220,219,221,223,228,231,231,233,240,213,8888,222,181
6,6,30,2010.0,7,8,0,13,16,16,0,0,0,8,8,7,8,11,11,12,13,16,16,16,15,15,1,16,8,8888,8888,8888,181
7,6,30,2010.0,14,11,0,7,9,6,1,2,2,6,11,17,19,16,11,8,7,8,11,6,5,9,6,15,19,8888,8888,9,181
8,6,30,2010.0,0,10,5,20,0,0,0,0,5,5,0,0,0,0,0,0,0,0,0,0,0,0,0,5,20,8888,50,8888,181
9,6,30,2010.0,0,0,0,0,0,0,0,0,0,0,0,0,0,0,0,0,0,0,0,0,0,0,0,0,0,8888,8888,8888,181
10,6,30,2010.0,0,0,0,0,8,10,10,10,10,10,10,10,10,10,10,10,10,10,10,2,0,0,0,0,10,8888,150,8888,181
1,7,1,2012.0,0,0,0,0,4,28,96,168,144,84,97,99,100,147,190,87,41,24,6,1,0,0,0,0,190,8888,1318,8888,182
2,7,1,2012.0,0,0,0,0,0,2,41,102,28,1,1,1,1,10,61,1,0,0,0,0,0,0,0,0,102,8888,249,8888,182
3,7,1,2012.0,0,0,0,0,4,26,55,66,116,84,96,98,99,137,129,85,41,24,6,1,0,0,0,0,137,8888,1069,8888,182
4,7,1,2012.0,0,0,0,0,0,1,7,9,3,0,0,0,0,1,5,0,0,0,0,0,0,0,0,0,9,8888,25,8888,182
5,7,1,2012.0,237,235,238,244,248,259,261,274,271,267,267,268,264,274,286,273,271,265,258,260,252,252,245,232,286,232,8888,258,182
6,7,1,2012.0,5,5,4,4,4,6,5,5,5,6,5,4,6,6,5,5,6,6,5,4,4,4,4,7,5,8888,8888,8888,182
7,7,1,2012.0,28,16,11,21,20,19,20,26,26,22,23,21,23,25,21,18,24,17,13,26,15,17,17,19,28,8888,8888,20,182
8,7,1,2012.0,0,0,0,0,0,0,0,0,0,0,0,0,0,0,0,0,0,0,0,0,0,0,0,0,0,8888,0,8888,182
9,7,1,2012.0,0,0,0,0,0,0,0,0,0,0,0,0,0,0,0,0,0,0,0,0,0,0,0,0,0,8888,8888,8888,182
10,7,1,2012.0,0,0,0,0,7,10,10,10,10,10,10,10,10,10,10,10,10,10,10,2,0,0,0,0,10,8888,150,8888,182
1,7,2,2012.0,0,0,0,0,2,10,26,33,37,45,99,74,72,135,71,45,33,22,6,1,0,0,0,0,135,8888,712,8888,183
2,7,2,2012.0,0,0,0,0,0,0,0,0,0,0,1,0,0,3,0,0,0,0,0,0,0,0,0,0,3,8888,5,8888,183
3,7,2,2012.0,0,0,0,0,2,10,26,33,37,45,98,74,72,132,71,45,33,22,6,1,0,0,0,0,132,8888,707,8888,183
4,7,2,2012.0,0,0,0,0,0,0,0,0,0,0,0,0,0,0,0,0,0,0,0,0,0,0,0,0,0,8888,0,8888,183
5,7,2,2012.0,247,224,230,208,201,198,202,203,195,200,205,199,204,208,205,196,196,201,197,196,197,185,187,192,247,185,8888,203,183
6,7,2,2012.0,5,4,4,1,3,4,0,6,5,5,7,8,6,8,8,7,4,3,4,5,7,4,5,5,4,8888,8888,8888,183
7,7,2,2012.0,16,25,46,15,7,10,0,10,12,13,15,13,10,13,10,13,6,6,9,8,11,11,8,8,46,8888,8888,12,183
8,7,2,2012.0,0,0,10,0,0,0,0,5,5,5,0,0,0,0,0,0,0,0,0,0,0,0,0,0,10,8888,25,8888,183
9,7,2,2012.0,0,0,0,0,0,0,0,0,0,0,0,0,0,0,0,0,0,0,0,0,0,0,0,0,0,8888,8888,8888,183
10,7,2,2012.0,0,0,0,0,7,10,10,10,10,10,10,10,10,10,10,10,10,10,10,2,0,0,0,0,10,8888,149,8888,183
1,7,3,2012.0,0,0,0,0,3,14,44,81,128,111,192,328,329,300,261,208,145,69,15,1,0,0,0,0,329,8888,2229,8888,184
2,7,3,2012.0,0,0,0,0,0,0,0,2,9,2,22,262,265,237,202,157,102,28,1,0,0,0,0,0,265,8888,1289,8888,184
3,7,3,2012.0,0,0,0,0,3,14,44,80,119,110,170,66,64,63,59,51,43,41,13,1,0,0,0,0,170,8888,941,8888,184
4,7,3,2012.0,0,0,0,0,0,0,0,0,1,0,2,10,10,10,10,10,10,7,1,0,0,0,0,0,10,8888,71,8888,184
5,7,3,2012.0,191,188,195,191,192,198,208,221,224,223,237,231,234,232,233,225,223,224,211,199,196,193,191,185,237,185,8888,210,184
6,7,3,2012.0,5,3,6,4,12,5,5,7,7,8,8,10,14,14,14,14,14,15,1,2,1,1,2,16,14,8888,8888,8888,184
7,7,3,2012.0,9,8,7,9,4,3,6,15,13,10,11,13,18,18,34,33,33,18,15,10,16,15,7,12,34,8888,8888,14,184
8,7,3,2012.0,0,0,0,0,0,0,0,0,0,0,0,0,0,0,0,0,0,0,0,0,0,0,0,0,0,8888,0,8888,184
9,7,3,2012.0,0,0,0,0,0,0,0,0,0,0,0,0,0,0,0,0,0,0,0,0,0,0,0,0,0,8888,8888,8888,184
10,7,3,2012.0,0,0,0,0,7,10,10,10,10,10,10,10,10,10,10,10,10,10,10,2,0,0,0,0,10,8888,149,8888,184
1,7,4,2012.0,0,0,0,0,8,38,111,178,239,286,319,311,329,299,263,208,142,67,16,1,0,0,0,0,329,8888,2816,8888,185
2,7,4,2012.0,0,0,0,0,0,9,72,131,185,225,256,214,265,235,205,157,98,26,0,0,0,0,0,0,265,8888,2078,8888,185
3,7,4,2012.0,0,0,0,0,8,29,40,47,54,61,63,97,64,64,58,51,44,41,15,1,0,0,0,0,97,8888,738,8888,185
4,7,4,2012.0,0,0,0,0,0,4,10,10,10,10,10,9,10,10,10,10,10,7,0,0,0,0,0,0,10,8888,121,8888,185
5,7,4,2012.0,183,180,178,176,179,201,205,215,225,238,250,251,247,231,236,235,233,227,218,213,197,205,195,216,251,176,8888,214,185
6,7,4,2012.0,2,1,2,4,1,1,10,13,10,14,14,13,13,10,10,10,7,10,0,2,4,4,3,5,7,8888,8888,8888,185
7,7,4,2012.0,6,10,7,6,11,7,12,10,12,13,13,13,13,17,13,12,18,6,1,9,5,7,3,6,18,8888,8888,10,185
8,7,4,2012.0,0,0,0,0,0,0,0,0,0,0,0,0,0,0,0,0,0,0,0,0,0,0,0,0,0,8888,0,8888,185
9,7,4,2012.0,0,0,0,0,0,0,0,0,0,0,0,0,0,0,0,0,0,0,0,0,0,0,0,0,0,8888,8888,8888,185
10,7,4,2012.0,0,0,0,0,7,10,10,10,10,10,10,10,10,10,10,10,10,10,10,2,0,0,0,0,10,8888,149,8888,185
1,7,5,2012.0,0,0,0,0,1,5,19,22,33,34,42,46,50,61,46,38,21,14,4,1,0,0,0,0,61,8888,437,8888,186
2,7,5,2012.0,0,0,0,0,0,0,0,0,0,0,0,0,0,0,0,0,0,0,0,0,0,0,0,0,0,8888,1,8888,186
3,7,5,2012.0,0,0,0,0,1,5,19,22,32,34,42,46,49,60,46,38,21,14,4,1,0,0,0,0,60,8888,436,8888,186
4,7,5,2012.0,0,0,0,0,0,0,0,0,0,0,0,0,0,0,0,0,0,0,0,0,0,0,0,0,0,8888,0,8888,186
5,7,5,2012.0,208,213,223,225,230,203,208,205,210,202,204,205,208,212,213,214,212,211,209,208,207,206,205,205,230,202,8888,210,186
6,7,5,2012.0,5,4,4,5,6,6,6,4,6,5,5,5,5,6,6,6,5,4,0,5,3,3,15,13,4,8888,8888,8888,186
7,7,5,2012.0,4,9,15,10,13,13,13,7,8,10,9,6,8,6,13,11,7,9,0,6,4,3,10,10,15,8888,8888,8,186
8,7,5,2012.0,0,0,0,0,0,50,0,5,5,10,5,5,0,0,0,0,0,0,0,0,0,5,5,10,50,8888,100,8888,186
9,7,5,2012.0,0,0,0,0,0,0,0,0,0,0,0,0,0,0,0,0,0,0,0,0,0,0,0,0,0,8888,8888,8888,186
10,7,5,2012.0,0,0,0,0,7,10,10,10,10,10,10,10,10,10,10,10,10,10,10,2,0,0,0,0,10,8888,149,8888,186
1,7,6,2012.0,0,0,0,0,8,21,56,98,115,157,309,301,255,162,179,64,41,22,7,1,0,0,0,0,309,8888,1797,8888,187
2,7,6,2012.0,0,0,0,0,0,0,1,14,8,21,242,201,107,10,44,0,0,0,0,0,0,0,0,0,242,8888,650,8888,187
3,7,6,2012.0,0,0,0,0,8,20,55,84,106,137,67,100,148,151,135,64,41,22,7,1,0,0,0,0,151,8888,1147,8888,187
4,7,6,2012.0,0,0,0,0,0,0,0,2,1,2,10,9,6,1,4,0,0,0,0,0,0,0,0,0,10,8888,34,8888,187
5,7,6,2012.0,203,200,199,197,195,201,210,212,222,225,226,235,226,231,222,221,224,219,212,203,196,191,194,191,235,191,8888,211,187
6,7,6,2012.0,1,5,16,1,0,7,7,7,7,13,14,13,13,13,13,11,6,6,0,2,16,16,4,3,14,8888,8888,8888,187
7,7,6,2012.0,11,5,7,6,2,7,10,9,13,16,21,14,11,14,14,6,8,6,0,9,12,16,5,3,21,8888,8888,9,187
8,7,6,2012.0,0,0,0,0,0,0,0,0,0,0,0,0,0,0,0,0,0,0,0,0,0,0,0,0,0,8888,0,8888,187
9,7,6,2012.0,0,0,0,0,0,0,0,0,0,0,0,0,0,0,0,0,0,0,0,0,0,0,0,0,0,8888,8888,8888,187
10,7,6,2012.0,0,0,0,0,7,10,10,10,10,10,10,10,10,10,10,10,10,10,10,2,0,0,0,0,10,8888,149,8888,187
1,7,7,2012.0,0,0,0,0,8,21,58,149,231,270,281,303,259,293,160,204,96,69,15,1,0,0,0,0,303,8888,2417,8888,188
2,7,7,2012.0,0,0,0,0,0,0,1,70,173,181,167,205,129,226,31,152,24,28,0,0,0,0,0,0,226,8888,1387,8888,188
3,7,7,2012.0,0,0,0,0,8,21,57,79,58,89,115,99,130,67,129,53,72,41,14,1,0,0,0,0,130,8888,1031,8888,188
4,7,7,2012.0,0,0,0,0,0,0,0,7,10,9,8,9,7,10,3,10,4,7,0,0,0,0,0,0,10,8888,85,8888,188
5,7,7,2012.0,193,194,190,200,202,209,215,235,234,245,243,254,242,255,257,256,246,244,237,219,208,198,190,184,257,184,8888,223,188
6,7,7,2012.0,5,3,1,14,15,16,10,13,14,11,14,13,14,13,13,14,13,9,4,16,3,1,3,1,13,8888,8888,8888,188
7,7,7,2012.0,6,5,7,12,7,7,8,11,15,15,13,21,21,13,13,19,13,9,5,13,8,20,7,11,21,8888,8888,12,188
8,7,7,2012.0,0,0,0,0,0,0,0,0,0,0,0,0,0,0,0,0,0,0,0,0,0,0,0,0,0,8888,0,8888,188
9,7,7,2012.0,0,0,0,0,0,0,0,0,0,0,0,0,0,0,0,0,0,0,0,0,0,0,0,0,0,8888,8888,8888,188
10,7,7,2012.0,0,0,0,0,7,10,10,10,10,10,10,10,10,10,10,10,10,10,10,2,0,0,0,0,10,8888,149,8888,188
1,7,8,2012.0,0,0,0,0,5,36,111,174,234,285,316,319,251,205,261,186,142,56,11,1,0,0,0,0,319,8888,2594,8888,189
2,7,8,2012.0,0,0,0,0,0,8,72,126,179,224,252,249,105,67,203,110,98,14,0,0,0,0,0,0,252,8888,1709,8888,189
3,7,8,2012.0,0,0,0,0,5,27,38,48,55,60,64,70,146,138,58,76,44,43,11,1,0,0,0,0,146,8888,885,8888,189
4,7,8,2012.0,0,0,0,0,0,4,10,10,10,10,10,10,6,5,10,9,10,4,0,0,0,0,0,0,10,8888,107,8888,189
5,7,8,2012.0,181,175,173,169,174,188,215,227,241,248,245,251,240,243,237,227,224,227,216,200,191,196,200,198,251,169,8888,212,189
6,7,8,2012.0,1,2,2,1,1,2,14,9,13,13,12,13,13,13,13,14,14,11,5,4,4,0,8,15,14,8888,8888,8888,189
7,7,8,2012.0,10,7,10,17,11,7,15,16,13,12,14,11,7,11,11,17,29,5,8,11,3,2,3,12,29,8888,8888,11,189
8,7,8,2012.0,0,0,0,0,0,0,0,0,0,0,0,0,0,0,0,0,0,0,0,0,0,0,0,0,0,8888,0,8888,189
9,7,8,2012.0,0,0,0,0,0,0,0,0,0,0,0,0,0,0,0,0,0,0,0,0,0,0,0,0,0,8888,8888,8888,189
10,7,8,2012.0,0,0,0,0,7,10,10,10,10,10,10,10,10,10,10,10,10,10,10,2,0,0,0,0,10,8888,149,8888,189
1,7,9,2012.0,0,0,0,0,5,10,21,35,44,54,63,70,54,52,40,55,25,14,5,0,0,0,0,0,70,8888,547,8888,190
2,7,9,2012.0,0,0,0,0,0,0,0,0,0,0,0,0,0,0,0,0,0,0,0,0,0,0,0,0,0,8888,1,8888,190
3,7,9,2012.0,0,0,0,0,5,10,21,35,44,54,63,70,53,52,40,55,25,14,5,0,0,0,0,0,70,8888,546,8888,190
4,7,9,2012.0,0,0,0,0,0,0,0,0,0,0,0,0,0,0,0,0,0,0,0,0,0,0,0,0,0,8888,0,8888,190
5,7,9,2012.0,199,199,197,196,197,200,201,207,203,207,213,214,209,205,205,207,204,205,197,191,191,190,191,189,214,189,8888,201,190
6,7,9,2012.0,14,14,15,1,15,0,13,9,10,10,9,7,0,12,13,11,9,7,4,2,2,2,1,4,10,8888,8888,8888,190
7,7,9,2012.0,10,8,8,9,6,0,5,10,9,11,8,10,2,5,9,8,8,6,7,8,3,3,10,4,11,8888,8888,7,190
8,7,9,2012.0,0,0,0,0,0,0,0,0,0,0,0,0,0,0,0,0,0,0,0,0,0,0,0,0,0,8888,0,8888,190
9,7,9,2012.0,0,0,0,0,0,0,0,0,0,0,0,0,0,0,0,0,0,0,0,0,0,0,0,0,0,8888,8888,8888,190
10,7,9,2012.0,0,0,0,0,7,10,10,10,10,10,10,10,10,10,10,10,10,10,10,2,0,0,0,0,10,8888,148,8888,190
1,7,10,2012.0,0,0,0,0,5,8,28,49,108,145,138,297,329,302,261,206,144,70,16,0,0,0,0,0,329,8888,2104,8888,191
2,7,10,2012.0,0,0,0,0,0,0,0,0,2,10,3,179,265,240,203,154,102,31,1,0,0,0,0,0,265,8888,1190,8888,191
3,7,10,2012.0,0,0,0,0,5,8,27,48,106,136,135,118,64,63,58,51,42,39,14,0,0,0,0,0,136,8888,914,8888,191
4,7,10,2012.0,0,0,0,0,0,0,0,0,0,1,0,8,10,10,10,10,10,8,1,0,0,0,0,0,10,8888,68,8888,191
5,7,10,2012.0,188,191,192,193,194,191,194,193,204,211,213,231,229,240,230,224,214,210,201,181,175,165,162,163,240,162,8888,200,191
6,7,10,2012.0,4,4,4,4,7,13,13,13,14,12,10,11,10,13,13,13,13,13,1,1,2,16,1,3,10,8888,8888,8888,191
7,7,10,2012.0,4,7,9,9,6,4,4,6,8,6,14,16,17,9,16,14,16,17,4,10,5,15,16,7,17,8888,8888,10,191
8,7,10,2012.0,0,0,0,0,0,5,0,0,0,0,0,0,0,0,0,0,0,0,0,0,0,0,0,0,5,8888,5,8888,191
9,7,10,2012.0,0,0,0,0,0,0,0,0,0,0,0,0,0,0,0,0,0,0,0,0,0,0,0,0,0,8888,8888,8888,191
10,7,10,2012.0,0,0,0,0,7,10,10,10,10,10,10,10,10,10,10,10,10,10,10,2,0,0,0,0,10,8888,148,8888,191
1,7,11,2012.0,0,0,0,0,4,29,101,168,230,206,112,252,225,202,255,172,58,36,10,0,0,0,0,0,255,8888,2061,8888,192
2,7,11,2012.0,0,0,0,0,0,2,53,117,173,67,1,105,74,50,195,87,1,1,0,0,0,0,0,0,195,8888,926,8888,192
3,7,11,2012.0,0,0,0,0,4,27,48,51,57,139,110,147,150,153,61,85,57,36,10,0,0,0,0,0,153,8888,1135,8888,192
4,7,11,2012.0,0,0,0,0,0,1,9,10,10,5,0,6,5,4,10,8,0,0,0,0,0,0,0,0,10,8888,68,8888,192
5,7,11,2012.0,160,161,164,171,178,203,218,231,245,238,235,249,242,249,257,269,261,249,236,233,227,257,262,232,269,160,8888,226,192
6,7,11,2012.0,1,1,2,2,3,14,15,12,13,13,14,13,14,14,14,14,14,15,1,4,1,4,4,11,14,8888,8888,8888,192
7,7,11,2012.0,17,15,11,5,5,6,10,6,11,15,22,14,15,19,23,11,8,11,4,4,13,7,10,7,23,8888,8888,11,192
8,7,11,2012.0,0,0,0,0,0,0,0,0,0,0,0,0,0,0,0,0,0,0,0,0,0,0,0,0,0,8888,0,8888,192
9,7,11,2012.0,0,0,0,0,0,0,0,0,0,0,0,0,0,0,0,0,0,0,0,0,0,0,0,0,0,8888,8888,8888,192
10,7,11,2012.0,0,0,0,0,6,10,10,10,10,10,10,10,10,10,10,10,10,10,10,2,0,0,0,0,10,8888,148,8888,192
1,7,12,2012.0,0,0,0,0,4,12,24,17,21,33,26,29,45,25,51,41,26,16,5,0,0,0,0,0,51,8888,376,8888,193
2,7,12,2012.0,0,0,0,0,0,0,0,0,0,0,0,0,0,0,0,0,0,0,0,0,0,0,0,0,0,8888,1,8888,193
3,7,12,2012.0,0,0,0,0,4,12,24,17,21,33,26,29,44,25,51,41,26,16,5,0,0,0,0,0,51,8888,375,8888,193
4,7,12,2012.0,0,0,0,0,0,0,0,0,0,0,0,0,0,0,0,0,0,0,0,0,0,0,0,0,0,8888,0,8888,193
5,7,12,2012.0,227,255,253,227,222,239,227,224,223,225,224,230,231,227,231,227,225,224,223,224,222,223,221,221,255,221,8888,228,193
6,7,12,2012.0,16,3,7,16,5,4,5,5,5,6,5,5,5,7,8,7,6,5,6,7,6,6,6,7,8,8888,8888,8888,193
7,7,12,2012.0,7,11,15,14,11,14,16,16,12,14,12,16,14,36,46,26,18,12,12,27,15,18,18,21,46,8888,8888,18,193
8,7,12,2012.0,0,0,0,0,0,0,5,20,35,20,50,45,15,55,0,0,0,0,0,0,0,0,0,0,55,8888,245,8888,193
9,7,12,2012.0,0,0,0,0,0,0,0,0,0,0,0,0,0,0,0,0,0,0,0,0,0,0,0,0,0,8888,8888,8888,193
10,7,12,2012.0,0,0,0,0,6,10,10,10,10,10,10,10,10,10,10,10,10,10,10,2,0,0,0,0,10,8888,148,8888,193
1,7,13,2012.0,0,0,0,0,4,5,23,32,34,55,58,57,58,69,61,36,29,44,10,0,0,0,0,0,69,8888,575,8888,194
2,7,13,2012.0,0,0,0,0,0,0,0,0,0,0,0,0,0,0,0,0,0,7,0,0,0,0,0,0,7,8888,8,8888,194
3,7,13,2012.0,0,0,0,0,4,5,23,32,34,55,58,57,58,69,61,36,29,37,9,0,0,0,0,0,69,8888,567,8888,194
4,7,13,2012.0,0,0,0,0,0,0,0,0,0,0,0,0,0,0,0,0,0,2,0,0,0,0,0,0,2,8888,2,8888,194
5,7,13,2012.0,218,216,215,202,202,198,199,194,195,193,190,188,189,195,193,185,185,182,173,160,160,151,150,150,218,150,8888,187,194
6,7,13,2012.0,8,8,8,11,12,13,12,12,13,13,13,13,13,13,13,13,13,13,14,1,1,1,2,2,8,8888,8888,8888,194
7,7,13,2012.0,25,29,29,29,10,3,13,18,8,8,10,13,17,14,8,15,12,6,9,15,17,16,11,6,29,8888,8888,14,194
8,7,13,2012.0,0,0,0,5,0,10,0,0,5,0,0,0,0,0,0,0,0,0,0,0,0,0,0,0,10,8888,20,8888,194
9,7,13,2012.0,0,0,0,0,0,0,0,0,0,0,0,0,0,0,0,0,0,0,0,0,0,0,0,0,0,8888,8888,8888,194
10,7,13,2012.0,0,0,0,0,6,10,10,10,10,10,10,10,10,10,10,10,10,10,10,1,0,0,0,0,10,8888,148,8888,194
1,7,14,2012.0,0,0,0,0,4,16,49,65,106,114,156,214,145,265,145,86,59,38,10,0,0,0,0,0,265,8888,1474,8888,195
2,7,14,2012.0,0,0,0,0,0,0,1,1,2,2,4,36,3,155,19,1,1,1,0,0,0,0,0,0,155,8888,225,8888,195
3,7,14,2012.0,0,0,0,0,4,16,48,65,104,112,152,178,142,110,126,84,59,37,10,0,0,0,0,0,178,8888,1249,8888,195
4,7,14,2012.0,0,0,0,0,0,0,0,0,0,0,0,3,0,8,2,0,0,0,0,0,0,0,0,0,8,8888,15,8888,195
5,7,14,2012.0,151,143,150,154,157,164,172,180,195,200,209,220,224,229,213,217,219,208,195,183,182,179,179,182,229,143,8888,188,195
6,7,14,2012.0,3,1,1,3,3,3,4,12,4,10,13,13,13,13,14,12,7,13,1,16,16,3,1,16,13,8888,8888,8888,195
7,7,14,2012.0,10,11,18,6,5,5,4,4,7,13,17,14,13,21,19,6,14,10,6,10,15,6,12,6,21,8888,8888,10,195
8,7,14,2012.0,0,0,0,0,0,0,0,0,0,0,0,0,0,0,0,0,0,0,0,0,0,0,0,0,0,8888,0,8888,195
9,7,14,2012.0,0,0,0,0,0,0,0,0,0,0,0,0,0,0,0,0,0,0,0,0,0,0,0,0,0,8888,8888,8888,195
10,7,14,2012.0,0,0,0,0,6,10,10,10,10,10,10,10,10,10,10,10,10,10,10,1,0,0,0,0,10,8888,147,8888,195
1,7,15,2012.0,0,0,0,0,4,4,14,40,53,57,66,80,70,62,59,31,26,9,3,0,0,0,0,0,80,8888,578,8888,196
2,7,15,2012.0,0,0,0,0,0,0,0,0,0,0,0,0,0,0,0,0,0,0,0,0,0,0,0,0,0,8888,1,8888,196
3,7,15,2012.0,0,0,0,0,4,4,14,40,53,57,66,79,69,62,58,31,26,9,3,0,0,0,0,0,79,8888,576,8888,196
4,7,15,2012.0,0,0,0,0,0,0,0,0,0,0,0,0,0,0,0,0,0,0,0,0,0,0,0,0,0,8888,0,8888,196
5,7,15,2012.0,183,181,182,179,181,181,183,186,190,201,201,208,207,210,212,206,204,198,193,196,196,204,206,212,212,179,8888,196,196
6,7,15,2012.0,4,15,5,1,15,0,0,0,0,7,13,8,6,6,6,0,0,11,0,1,0,5,5,5,1,8888,8888,8888,196
7,7,15,2012.0,3,3,5,5,9,1,0,1,1,12,5,11,6,9,13,2,1,7,2,23,2,9,9,9,23,8888,8888,6,196
8,7,15,2012.0,5,0,5,5,25,45,10,0,0,5,0,0,0,0,0,5,0,15,5,0,5,5,10,30,45,8888,175,8888,196
9,7,15,2012.0,0,0,0,0,0,0,0,0,0,0,0,0,0,0,0,0,0,0,0,0,0,0,0,0,0,8888,8888,8888,196
10,7,15,2012.0,0,0,0,0,6,10,10,10,10,10,10,10,10,10,10,10,10,10,10,1,0,0,0,0,10,8888,147,8888,196
1,7,16,2012.0,0,0,0,0,4,4,9,20,17,41,63,33,29,21,18,28,16,8,4,0,0,0,0,0,63,8888,317,8888,197
2,7,16,2012.0,0,0,0,0,0,0,0,0,0,0,0,0,0,0,0,0,0,0,0,0,0,0,0,0,0,8888,1,8888,197
3,7,16,2012.0,0,0,0,0,4,4,9,20,17,40,63,33,29,21,18,28,16,8,4,0,0,0,0,0,63,8888,316,8888,197
4,7,16,2012.0,0,0,0,0,0,0,0,0,0,0,0,0,0,0,0,0,0,0,0,0,0,0,0,0,0,8888,0,8888,197
5,7,16,2012.0,209,217,222,226,225,224,225,222,225,230,224,222,227,230,229,228,226,221,217,216,217,215,212,213,230,209,8888,222,197
6,7,16,2012.0,5,4,4,5,5,15,2,14,13,13,6,5,5,6,5,9,10,12,12,13,15,0,7,16,4,8888,8888,8888,197
7,7,16,2012.0,5,21,16,15,13,7,7,13,19,8,7,9,10,15,17,13,11,13,8,11,8,1,3,7,21,8888,8888,11,197
8,7,16,2012.0,20,40,135,45,130,235,35,10,100,10,0,20,55,155,95,5,10,15,0,0,0,15,0,0,235,8888,1130,8888,197
9,7,16,2012.0,0,0,0,0,0,0,0,0,0,0,0,0,0,0,0,0,0,0,0,0,0,0,0,0,0,8888,8888,8888,197
10,7,16,2012.0,0,0,0,0,6,10,10,10,10,10,10,10,10,10,10,10,10,10,10,1,0,0,0,0,10,8888,147,8888,197
1,7,17,2012.0,0,0,0,0,4,30,96,173,207,278,317,327,326,291,180,140,143,60,11,0,0,0,0,0,327,8888,2582,8888,198
2,7,17,2012.0,0,0,0,0,0,4,47,129,117,218,254,263,262,224,44,35,101,17,0,0,0,0,0,0,263,8888,1714,8888,198
3,7,17,2012.0,0,0,0,0,4,26,49,45,90,61,63,65,64,67,136,105,41,43,10,0,0,0,0,0,136,8888,868,8888,198
4,7,17,2012.0,0,0,0,0,0,2,8,10,8,10,10,10,10,10,4,4,10,5,0,0,0,0,0,0,10,8888,102,8888,198
5,7,17,2012.0,213,203,201,200,199,198,207,216,231,228,239,231,238,226,219,221,221,227,210,196,198,187,181,177,239,177,8888,211,198
6,7,17,2012.0,0,14,14,14,14,14,14,13,7,11,13,13,13,13,14,14,13,6,5,4,5,1,4,2,14,8888,8888,8888,198
7,7,17,2012.0,0,20,17,6,21,17,16,12,16,14,11,28,16,34,37,29,18,8,5,6,9,12,5,9,37,8888,8888,15,198
8,7,17,2012.0,0,0,5,0,0,0,0,0,0,0,0,0,0,0,0,0,0,0,0,0,0,0,0,0,5,8888,5,8888,198
9,7,17,2012.0,0,0,0,0,0,0,0,0,0,0,0,0,0,0,0,0,0,0,0,0,0,0,0,0,0,8888,8888,8888,198
10,7,17,2012.0,0,0,0,0,6,10,10,10,10,10,10,10,10,10,10,10,10,10,10,1,0,0,0,0,10,8888,147,8888,198
1,7,18,2012.0,0,0,0,0,4,31,104,168,231,280,310,330,325,300,257,203,139,62,13,0,0,0,0,0,330,8888,2758,8888,199
2,7,18,2012.0,0,0,0,0,0,6,67,121,177,220,245,266,261,238,199,152,96,22,0,0,0,0,0,0,266,8888,2070,8888,199
3,7,18,2012.0,0,0,0,0,4,25,37,48,54,60,65,64,64,62,58,51,43,40,12,0,0,0,0,0,65,8888,688,8888,199
4,7,18,2012.0,0,0,0,0,0,3,10,10,10,10,10,10,10,10,10,10,10,6,0,0,0,0,0,0,10,8888,120,8888,199
5,7,18,2012.0,172,170,167,171,167,183,208,214,230,241,243,243,245,243,238,235,229,232,218,198,186,177,175,167,245,167,8888,206,199
6,7,18,2012.0,16,1,1,2,1,1,13,9,13,13,13,13,13,13,13,13,13,13,15,15,2,2,1,1,13,8888,8888,8888,199
7,7,18,2012.0,17,15,13,9,15,11,5,9,13,13,18,22,31,34,35,43,38,20,20,19,9,9,15,15,43,8888,8888,19,199
8,7,18,2012.0,0,0,0,0,0,0,0,0,0,0,0,0,0,0,0,0,0,0,0,0,0,0,0,0,0,8888,0,8888,199
9,7,18,2012.0,0,0,0,0,0,0,0,0,0,0,0,0,0,0,0,0,0,0,0,0,0,0,0,0,0,8888,8888,8888,199
10,7,18,2012.0,0,0,0,0,6,10,10,10,10,10,10,10,10,10,10,10,10,10,10,1,0,0,0,0,10,8888,147,8888,199
1,7,19,2012.0,0,0,0,0,4,25,101,135,228,275,314,328,324,296,260,202,137,61,11,0,0,0,0,0,328,8888,2700,8888,200
2,7,19,2012.0,0,0,0,0,0,2,62,53,174,214,251,264,260,232,203,150,92,21,0,0,0,0,0,0,264,8888,1977,8888,200
3,7,19,2012.0,0,0,0,0,4,23,39,82,55,62,63,64,64,64,57,52,45,40,11,0,0,0,0,0,82,8888,723,8888,200
4,7,19,2012.0,0,0,0,0,0,1,10,6,10,10,10,10,10,10,10,10,10,6,0,0,0,0,0,0,10,8888,113,8888,200
5,7,19,2012.0,169,164,162,158,160,169,203,210,223,240,245,242,245,236,241,231,226,226,220,210,196,200,183,172,245,158,8888,205,200
6,7,19,2012.0,1,16,3,3,1,1,11,7,8,11,13,13,13,13,13,13,13,14,5,4,3,5,1,1,13,8888,8888,8888,200
7,7,19,2012.0,10,9,6,4,7,6,6,18,22,12,15,12,15,33,22,34,31,23,11,12,6,9,12,15,34,8888,8888,15,200
8,7,19,2012.0,0,0,0,0,0,0,0,0,0,0,0,0,0,0,0,0,0,0,0,0,0,0,0,0,0,8888,0,8888,200
9,7,19,2012.0,0,0,0,0,0,0,0,0,0,0,0,0,0,0,0,0,0,0,0,0,0,0,0,0,0,8888,8888,8888,200
10,7,19,2012.0,0,0,0,0,5,10,10,10,10,10,10,10,10,10,10,10,10,10,10,1,0,0,0,0,10,8888,146,8888,200
1,7,20,2012.0,0,0,0,0,4,29,104,166,229,277,314,327,326,301,259,203,138,60,12,0,0,0,0,0,327,8888,2749,8888,201
2,7,20,2012.0,0,0,0,0,0,6,68,118,174,216,250,263,262,239,202,153,95,21,0,0,0,0,0,0,263,8888,2068,8888,201
3,7,20,2012.0,0,0,0,0,4,23,36,48,54,61,63,64,64,62,57,50,43,39,12,0,0,0,0,0,64,8888,681,8888,201
4,7,20,2012.0,0,0,0,0,0,3,10,10,10,10,10,10,10,10,10,10,10,6,0,0,0,0,0,0,10,8888,119,8888,201
5,7,20,2012.0,172,166,160,158,189,168,211,224,233,241,244,235,247,239,234,227,222,219,201,203,206,192,200,193,247,158,8888,208,201
6,7,20,2012.0,2,2,3,2,11,3,7,5,7,6,7,13,13,13,13,13,13,12,3,9,4,11,13,12,7,8888,8888,8888,201
7,7,20,2012.0,10,12,5,9,6,8,7,16,29,22,25,29,10,18,14,13,11,6,7,10,21,15,15,16,29,8888,8888,14,201
8,7,20,2012.0,0,0,0,0,0,0,0,0,0,0,0,0,0,0,0,0,0,0,0,0,0,0,0,0,0,8888,0,8888,201
9,7,20,2012.0,0,0,0,0,0,0,0,0,0,0,0,0,0,0,0,0,0,0,0,0,0,0,0,0,0,8888,8888,8888,201
10,7,20,2012.0,0,0,0,0,5,10,10,10,10,10,10,10,10,10,10,10,10,10,10,1,0,0,0,0,10,8888,146,8888,201
1,7,21,2012.0,0,0,0,0,3,29,102,167,228,284,310,328,323,301,251,173,125,60,11,0,0,0,0,0,328,8888,2694,8888,202
2,7,21,2012.0,0,0,0,0,0,6,65,120,173,225,246,264,259,239,191,90,67,21,0,0,0,0,0,0,264,8888,1965,8888,202
3,7,21,2012.0,0,0,0,0,3,24,37,47,54,59,64,64,64,62,61,82,58,39,11,0,0,0,0,0,82,8888,729,8888,202
4,7,21,2012.0,0,0,0,0,0,3,10,10,10,10,10,10,10,10,10,8,9,6,0,0,0,0,0,0,10,8888,115,8888,202
5,7,21,2012.0,199,164,161,148,150,168,201,219,229,238,238,242,240,235,235,224,226,223,201,188,182,180,174,171,242,148,8888,201,202
6,7,21,2012.0,6,16,2,1,1,16,3,13,13,13,13,13,13,13,13,13,13,13,1,2,1,1,1,1,13,8888,8888,8888,202
7,7,21,2012.0,13,13,11,14,14,13,6,8,11,19,19,15,19,17,19,13,8,5,9,12,8,9,17,11,19,8888,8888,13,202
8,7,21,2012.0,0,0,0,0,0,0,0,0,0,0,0,0,0,0,0,0,0,0,0,0,0,0,0,0,0,8888,0,8888,202
9,7,21,2012.0,0,0,0,0,0,0,0,0,0,0,0,0,0,0,0,0,0,0,0,0,0,0,0,0,0,8888,8888,8888,202
10,7,21,2012.0,0,0,0,0,5,10,10,10,10,10,10,10,10,10,10,10,10,10,10,1,0,0,0,0,10,8888,146,8888,202
1,7,22,2012.0,0,0,0,0,3,29,102,167,229,279,315,328,325,302,259,202,137,59,12,0,0,0,0,0,328,8888,2748,8888,203
2,7,22,2012.0,0,0,0,0,0,4,66,120,175,220,252,264,261,240,202,152,94,20,0,0,0,0,0,0,264,8888,2071,8888,203
3,7,22,2012.0,0,0,0,0,3,25,36,47,54,59,63,64,64,61,57,50,43,39,12,0,0,0,0,0,64,8888,676,8888,203
4,7,22,2012.0,0,0,0,0,0,2,10,10,10,10,10,10,10,10,10,10,10,6,0,0,0,0,0,0,10,8888,119,8888,203
5,7,22,2012.0,170,167,164,160,165,176,199,210,223,235,236,239,239,237,242,242,226,221,206,194,190,199,201,203,242,160,8888,206,203
6,7,22,2012.0,1,1,1,2,2,0,6,9,12,13,13,13,13,13,13,14,13,13,2,2,1,1,0,4,13,8888,8888,8888,203
7,7,22,2012.0,10,13,10,9,7,2,9,12,9,9,14,14,18,25,15,14,18,10,8,7,11,7,2,6,25,8888,8888,11,203
8,7,22,2012.0,0,0,0,0,0,0,0,0,0,0,0,0,0,0,0,0,0,0,0,0,0,0,0,0,0,8888,0,8888,203
9,7,22,2012.0,0,0,0,0,0,0,0,0,0,0,0,0,0,0,0,0,0,0,0,0,0,0,0,0,0,8888,8888,8888,203
10,7,22,2012.0,0,0,0,0,5,10,10,10,10,10,10,10,10,10,10,10,10,10,10,1,0,0,0,0,10,8888,146,8888,203
1,7,23,2012.0,0,0,0,0,3,15,43,92,169,207,116,194,233,212,141,90,45,22,5,0,0,0,0,0,233,8888,1589,8888,204
2,7,23,2012.0,0,0,0,0,0,0,1,6,54,66,1,22,76,69,19,2,0,0,0,0,0,0,0,0,76,8888,317,8888,204
3,7,23,2012.0,0,0,0,0,3,15,43,85,116,141,115,172,157,143,123,88,45,22,5,0,0,0,0,0,172,8888,1272,8888,204
4,7,23,2012.0,0,0,0,0,0,0,0,1,5,5,0,2,5,5,2,0,0,0,0,0,0,0,0,0,5,8888,26,8888,204
5,7,23,2012.0,201,192,198,196,206,212,226,230,239,240,237,250,245,247,246,241,237,234,228,219,215,207,200,194,250,192,8888,223,204
6,7,23,2012.0,4,1,0,4,5,5,6,6,7,8,8,8,10,10,13,13,14,0,16,1,3,2,1,1,8,8888,8888,8888,204
7,7,23,2012.0,5,10,1,3,5,4,11,14,18,15,14,20,18,16,8,10,8,2,6,9,7,4,11,11,20,8888,8888,10,204
8,7,23,2012.0,0,0,0,0,0,0,0,0,0,0,0,0,0,0,0,0,0,0,0,0,0,0,0,0,0,8888,0,8888,204
9,7,23,2012.0,0,0,0,0,0,0,0,0,0,0,0,0,0,0,0,0,0,0,0,0,0,0,0,0,0,8888,8888,8888,204
10,7,23,2012.0,0,0,0,0,5,10,10,10,10,10,10,10,10,10,10,10,10,10,10,0,0,0,0,0,10,8888,145,8888,204
1,7,24,2012.0,0,0,0,0,3,8,29,56,42,53,42,52,60,41,56,50,17,13,2,0,0,0,0,0,60,8888,523,8888,205
2,7,24,2012.0,0,0,0,0,0,0,0,0,0,0,0,0,0,0,0,0,0,0,0,0,0,0,0,0,0,8888,1,8888,205
3,7,24,2012.0,0,0,0,0,3,8,29,56,42,53,41,52,60,41,56,50,17,13,2,0,0,0,0,0,60,8888,522,8888,205
4,7,24,2012.0,0,0,0,0,0,0,0,0,0,0,0,0,0,0,0,0,0,0,0,0,0,0,0,0,0,8888,0,8888,205
5,7,24,2012.0,202,200,207,221,204,207,233,237,241,229,222,224,226,224,227,233,220,217,215,217,218,220,222,227,241,200,8888,221,205
6,7,24,2012.0,2,1,3,4,1,1,4,9,6,5,4,5,3,4,4,5,4,4,4,4,5,5,5,5,4,8888,8888,8888,205
7,7,24,2012.0,9,12,7,12,13,11,3,7,9,6,6,8,8,13,18,10,14,9,12,17,6,9,7,9,18,8888,8888,10,205
8,7,24,2012.0,0,0,0,0,0,0,0,0,0,0,5,5,0,10,0,0,5,0,25,20,45,15,0,0,45,8888,130,8888,205
9,7,24,2012.0,0,0,0,0,0,0,0,0,0,0,0,0,0,0,0,0,0,0,0,0,0,0,0,0,0,8888,8888,8888,205
10,7,24,2012.0,0,0,0,0,5,10,10,10,10,10,10,10,10,10,10,10,10,10,10,0,0,0,0,0,10,8888,145,8888,205
1,7,25,2012.0,0,0,0,0,3,4,8,27,31,37,49,53,44,29,29,20,17,12,3,0,0,0,0,0,53,8888,365,8888,206
2,7,25,2012.0,0,0,0,0,0,0,0,0,0,0,0,0,0,0,0,0,0,0,0,0,0,0,0,0,0,8888,1,8888,206
3,7,25,2012.0,0,0,0,0,3,4,8,27,31,37,49,53,44,29,29,20,17,12,3,0,0,0,0,0,53,8888,365,8888,206
4,7,25,2012.0,0,0,0,0,0,0,0,0,0,0,0,0,0,0,0,0,0,0,0,0,0,0,0,0,0,8888,0,8888,206
5,7,25,2012.0,227,228,228,230,231,232,234,233,231,229,230,231,231,232,231,224,229,226,224,220,219,219,218,218,234,218,8888,227,206
6,7,25,2012.0,5,4,5,4,4,4,5,8,11,11,11,5,9,9,12,14,1,8,8,0,0,6,5,5,11,8888,8888,8888,206
7,7,25,2012.0,8,12,9,10,5,5,4,4,29,28,17,4,5,14,5,14,10,9,3,2,2,5,7,6,29,8888,8888,9,206
8,7,25,2012.0,5,0,0,0,20,15,50,0,5,0,0,0,0,25,15,20,5,0,0,5,5,0,0,0,50,8888,170,8888,206
9,7,25,2012.0,0,0,0,0,0,0,0,0,0,0,0,0,0,0,0,0,0,0,0,0,0,0,0,0,0,8888,8888,8888,206
10,7,25,2012.0,0,0,0,0,5,10,10,10,10,10,10,10,10,10,10,10,10,10,10,0,0,0,0,0,10,8888,145,8888,206
1,7,26,2012.0,0,0,0,0,3,15,43,91,104,217,228,210,116,72,70,51,32,16,4,0,0,0,0,0,228,8888,1270,8888,207
2,7,26,2012.0,0,0,0,0,0,0,1,6,2,89,74,36,1,0,0,0,0,0,0,0,0,0,0,0,89,8888,210,8888,207
3,7,26,2012.0,0,0,0,0,3,15,42,85,102,127,154,174,115,72,69,51,32,16,4,0,0,0,0,0,174,8888,1060,8888,207
4,7,26,2012.0,0,0,0,0,0,0,0,1,0,6,5,3,0,0,0,0,0,0,0,0,0,0,0,0,6,8888,16,8888,207
5,7,26,2012.0,219,218,216,207,209,216,230,240,245,249,255,255,243,243,242,244,245,241,239,240,240,241,241,240,255,207,8888,236,207
6,7,26,2012.0,5,5,5,5,4,2,1,1,12,9,8,7,8,8,7,6,6,9,5,5,5,4,4,4,8,8888,8888,8888,207
7,7,26,2012.0,6,6,3,3,11,9,8,18,7,16,23,18,13,18,13,10,8,7,7,9,8,9,9,8,23,8888,8888,10,207
8,7,26,2012.0,0,0,0,0,0,0,0,0,0,0,0,0,0,0,0,0,0,0,0,0,0,0,0,0,0,8888,0,8888,207
9,7,26,2012.0,0,0,0,0,0,0,0,0,0,0,0,0,0,0,0,0,0,0,0,0,0,0,0,0,0,8888,8888,8888,207
10,7,26,2012.0,0,0,0,0,4,10,10,10,10,10,10,10,10,10,10,10,10,10,10,0,0,0,0,0,10,8888,144,8888,207
1,7,27,2012.0,0,0,0,0,3,8,22,40,52,49,63,55,57,49,45,35,25,14,3,0,0,0,0,0,63,8888,521,8888,208
2,7,27,2012.0,0,0,0,0,0,0,0,0,0,0,0,0,0,0,0,0,0,0,0,0,0,0,0,0,0,8888,1,8888,208
3,7,27,2012.0,0,0,0,0,3,8,22,40,52,49,63,55,57,49,45,35,25,14,3,0,0,0,0,0,63,8888,520,8888,208
4,7,27,2012.0,0,0,0,0,0,0,0,0,0,0,0,0,0,0,0,0,0,0,0,0,0,0,0,0,0,8888,0,8888,208
5,7,27,2012.0,240,239,240,240,241,243,249,254,256,261,261,260,255,256,254,256,256,254,246,236,241,240,239,241,261,236,8888,248,208
6,7,27,2012.0,5,5,5,5,5,5,5,6,7,5,6,5,6,6,5,7,5,5,3,3,5,5,5,5,7,8888,8888,8888,208
7,7,27,2012.0,7,7,9,9,11,9,12,10,15,10,12,9,12,10,11,16,8,9,9,6,10,11,11,13,16,8888,8888,10,208
8,7,27,2012.0,0,0,0,0,0,0,0,0,0,0,0,0,0,0,0,0,0,0,0,0,0,0,0,0,0,8888,0,8888,208
9,7,27,2012.0,0,0,0,0,0,0,0,0,0,0,0,0,0,0,0,0,0,0,0,0,0,0,0,0,0,8888,8888,8888,208
10,7,27,2012.0,0,0,0,0,4,10,10,10,10,10,10,10,10,10,10,10,10,10,10,0,0,0,0,0,10,8888,144,8888,208
1,7,28,2012.0,0,0,0,0,3,8,26,42,60,103,125,72,70,67,56,43,27,13,3,0,0,0,0,0,125,8888,718,8888,209
2,7,28,2012.0,0,0,0,0,0,0,0,0,0,1,2,0,0,0,0,0,0,0,0,0,0,0,0,0,2,8888,5,8888,209
3,7,28,2012.0,0,0,0,0,3,8,26,42,59,102,123,72,70,67,56,43,27,13,3,0,0,0,0,0,123,8888,714,8888,209
4,7,28,2012.0,0,0,0,0,0,0,0,0,0,0,0,0,0,0,0,0,0,0,0,0,0,0,0,0,0,8888,0,8888,209
5,7,28,2012.0,245,243,241,241,241,242,247,248,247,257,257,252,255,255,257,255,252,252,248,249,249,247,247,247,257,241,8888,249,209
6,7,28,2012.0,5,5,5,5,5,5,5,5,7,7,8,8,5,8,10,5,8,7,5,7,7,7,5,11,8,8888,8888,8888,209
7,7,28,2012.0,10,11,13,10,10,9,11,12,14,11,21,12,10,16,9,9,9,8,5,13,13,13,6,8,21,8888,8888,11,209
8,7,28,2012.0,0,0,0,0,0,0,0,0,0,0,0,0,0,0,0,0,0,0,0,0,0,0,0,0,0,8888,0,8888,209
9,7,28,2012.0,0,0,0,0,0,0,0,0,0,0,0,0,0,0,0,0,0,0,0,0,0,0,0,0,0,8888,8888,8888,209
10,7,28,2012.0,0,0,0,0,4,10,10,10,10,10,10,10,10,10,10,10,10,10,10,0,0,0,0,0,10,8888,144,8888,209
1,7,29,2012.0,0,0,0,0,2,13,41,78,89,143,247,310,311,283,248,190,132,52,8,0,0,0,0,0,311,8888,2148,8888,210
2,7,29,2012.0,0,0,0,0,0,0,1,2,1,9,103,239,244,216,188,135,89,14,0,0,0,0,0,0,244,8888,1242,8888,210
3,7,29,2012.0,0,0,0,0,2,13,41,77,88,133,144,71,67,67,60,55,43,38,8,0,0,0,0,0,144,8888,906,8888,210
4,7,29,2012.0,0,0,0,0,0,0,0,0,0,1,6,10,10,10,10,10,10,5,0,0,0,0,0,0,10,8888,73,8888,210
5,7,29,2012.0,247,246,244,241,236,243,251,253,260,271,288,293,280,274,275,267,264,258,246,235,232,225,240,241,293,225,8888,255,210
6,7,29,2012.0,9,7,1,4,2,4,6,7,6,7,6,6,9,11,12,11,8,8,4,4,3,3,4,5,6,8888,8888,8888,210
7,7,29,2012.0,15,9,6,6,6,6,5,12,8,12,12,16,14,16,10,10,12,10,5,6,9,5,10,10,16,8888,8888,10,210
8,7,29,2012.0,0,0,0,0,0,0,0,0,0,0,0,0,0,0,0,0,0,0,0,0,0,0,0,0,0,8888,0,8888,210
9,7,29,2012.0,0,0,0,0,0,0,0,0,0,0,0,0,0,0,0,0,0,0,0,0,0,0,0,0,0,8888,8888,8888,210
10,7,29,2012.0,0,0,0,0,4,10,10,10,10,10,10,10,10,10,10,10,10,10,9,0,0,0,0,0,10,8888,143,8888,210
1,7,30,2012.0,0,0,0,0,2,19,51,120,214,271,304,322,312,292,252,193,133,50,10,0,0,0,0,0,322,8888,2546,8888,211
2,7,30,2012.0,0,0,0,0,0,0,4,37,155,211,240,258,246,230,195,141,92,14,0,0,0,0,0,0,258,8888,1822,8888,211
3,7,30,2012.0,0,0,0,0,2,19,47,83,59,60,64,64,66,62,57,52,41,36,10,0,0,0,0,0,83,8888,724,8888,211
4,7,30,2012.0,0,0,0,0,0,0,1,5,10,10,10,10,10,10,10,10,10,5,0,0,0,0,0,0,10,8888,100,8888,211
5,7,30,2012.0,241,243,244,241,242,250,260,271,280,289,288,295,279,287,287,277,280,276,259,266,266,261,260,256,295,241,8888,267,211
6,7,30,2012.0,5,4,4,4,4,5,6,6,7,8,8,8,10,8,11,10,8,5,4,5,4,4,4,4,8,8888,8888,8888,211
7,7,30,2012.0,9,11,12,10,10,10,6,15,19,21,14,15,19,15,7,11,14,7,9,8,11,9,10,10,21,8888,8888,12,211
8,7,30,2012.0,0,0,0,0,0,0,0,0,0,0,0,0,0,0,0,0,0,0,0,0,0,0,0,0,0,8888,0,8888,211
9,7,30,2012.0,0,0,0,0,0,0,0,0,0,0,0,0,0,0,0,0,0,0,0,0,0,0,0,0,0,8888,8888,8888,211
10,7,30,2012.0,0,0,0,0,4,10,10,10,10,10,10,10,10,10,10,10,10,10,9,0,0,0,0,0,10,8888,143,8888,211
1,7,31,2012.0,0,0,0,0,2,18,82,148,210,264,182,269,283,287,215,140,111,39,9,0,0,0,0,0,287,8888,2261,8888,212
2,7,31,2012.0,0,0,0,0,0,0,37,86,135,201,50,138,169,223,118,44,51,6,0,0,0,0,0,0,223,8888,1256,8888,212
3,7,31,2012.0,0,0,0,0,2,18,46,62,76,63,132,131,115,64,97,96,59,33,9,0,0,0,0,0,132,8888,1005,8888,212
4,7,31,2012.0,0,0,0,0,0,0,8,9,9,10,4,7,8,10,8,5,8,2,0,0,0,0,0,0,10,8888,87,8888,212
5,7,31,2012.0,259,252,254,251,253,260,273,287,296,300,298,294,301,301,309,292,288,277,259,242,236,235,230,231,309,230,8888,270,212
6,7,31,2012.0,4,4,4,4,4,5,5,6,6,7,7,9,10,10,7,9,8,12,3,1,1,3,1,3,10,8888,8888,8888,212
7,7,31,2012.0,11,11,10,13,13,9,8,14,10,12,10,8,15,13,14,14,11,3,3,15,14,4,15,7,15,8888,8888,11,212
8,7,31,2012.0,0,0,0,0,0,0,0,0,0,0,0,0,0,0,0,0,0,0,0,0,0,0,0,0,0,8888,0,8888,212
9,7,31,2012.0,0,0,0,0,0,0,0,0,0,0,0,0,0,0,0,0,0,0,0,0,0,0,0,0,0,8888,8888,8888,212
10,7,31,2012.0,0,0,0,0,4,10,10,10,10,10,10,10,10,10,10,10,10,10,9,0,0,0,0,0,10,8888,143,8888,212
1,8,1,2017.0,0,0,0,0,2,11,38,47,137,168,167,200,206,201,182,159,114,65,15,0,0,0,0,0,206,8888,1713,8888,213
2,8,1,2017.0,0,0,0,0,0,0,0,0,27,33,23,38,54,51,61,77,58,37,6,0,0,0,0,0,77,8888,464,8888,213
3,8,1,2017.0,0,0,0,0,2,11,38,47,109,136,144,162,151,150,121,83,57,28,10,0,0,0,0,0,162,8888,1248,8888,213
4,8,1,2017.0,0,0,0,0,0,0,0,0,3,3,2,3,4,4,5,7,8,10,6,0,0,0,0,0,10,8888,54,8888,213
5,8,1,2017.0,229,228,223,217,215,223,234,233,238,243,242,253,253,255,268,264,263,261,252,251,245,231,218,211,268,211,8888,240,213
6,8,1,2017.0,4,4,2,2,3,4,7,8,9,10,8,12,13,13,13,13,12,5,2,16,13,1,3,2,13,8888,8888,8888,213
7,8,1,2017.0,14,16,11,9,12,13,8,9,9,12,11,18,28,34,27,26,13,11,28,18,13,11,12,11,34,8888,8888,16,213
8,8,1,2017.0,0,0,0,0,0,0,0,0,0,0,0,0,0,0,0,0,0,0,0,0,0,0,0,0,0,8888,0,8888,213
9,8,1,2017.0,0,0,0,0,0,0,0,0,0,0,0,0,0,0,0,0,0,0,0,0,0,0,0,0,0,8888,8888,8888,213
10,8,1,2017.0,0,0,0,0,4,10,10,10,10,10,10,10,10,10,10,10,10,10,9,0,0,0,0,0,10,8888,143,8888,213
1,8,2,2017.0,0,0,0,0,2,26,92,159,220,271,307,321,316,292,247,193,127,52,7,0,0,0,0,0,321,8888,2632,8888,214
2,8,2,2017.0,0,0,0,0,0,6,57,116,170,217,250,263,258,236,193,146,87,18,0,0,0,0,0,0,263,8888,2018,8888,214
3,8,2,2017.0,0,0,0,0,2,20,35,43,50,54,57,58,58,56,54,47,41,34,7,0,0,0,0,0,58,8888,614,8888,214
4,8,2,2017.0,0,0,0,0,0,4,10,10,10,10,10,10,10,10,10,10,10,6,0,0,0,0,0,0,10,8888,120,8888,214
5,8,2,2017.0,206,205,202,198,195,202,225,238,241,245,256,261,262,267,269,275,278,268,248,249,245,236,228,223,278,195,8888,238,214
6,8,2,2017.0,1,4,3,2,5,4,0,11,12,13,14,14,14,14,13,14,14,15,3,3,3,0,1,4,13,8888,8888,8888,214
7,8,2,2017.0,18,13,18,17,9,11,1,12,14,36,27,32,30,27,37,25,33,8,24,31,28,1,6,19,37,8888,8888,20,214
8,8,2,2017.0,0,0,0,0,0,0,0,0,0,0,0,0,0,0,0,0,0,0,0,0,0,0,0,0,0,8888,0,8888,214
9,8,2,2017.0,0,0,0,0,0,0,0,0,0,0,0,0,0,0,0,0,0,0,0,0,0,0,0,0,0,8888,8888,8888,214
10,8,2,2017.0,0,0,0,0,3,10,10,10,10,10,10,10,10,10,10,10,10,10,9,0,0,0,0,0,10,8888,142,8888,214
1,8,3,2017.0,0,0,0,0,2,23,63,142,220,224,285,320,307,292,239,193,129,64,10,0,0,0,0,0,320,8888,2514,8888,215
2,8,3,2017.0,0,0,0,0,0,3,13,78,171,115,198,262,246,236,162,147,90,37,1,0,0,0,0,0,262,8888,1759,8888,215
3,8,3,2017.0,0,0,0,0,2,20,51,65,49,109,88,58,61,56,77,46,39,27,9,0,0,0,0,0,109,8888,756,8888,215
4,8,3,2017.0,0,0,0,0,0,2,3,8,10,7,9,10,10,10,9,10,10,10,1,0,0,0,0,0,10,8888,109,8888,215
5,8,3,2017.0,225,234,212,219,224,227,236,246,245,251,255,259,268,267,273,278,277,268,245,243,241,232,225,222,278,212,8888,245,215
6,8,3,2017.0,16,16,2,2,14,2,15,14,13,13,14,14,14,14,14,14,15,15,3,4,3,3,3,4,14,8888,8888,8888,215
7,8,3,2017.0,8,22,19,5,11,8,17,22,41,37,41,45,39,34,29,23,16,15,16,20,19,12,10,12,45,8888,8888,22,215
8,8,3,2017.0,0,0,0,0,0,0,0,0,0,0,0,0,0,0,0,0,0,0,0,0,0,0,0,0,0,8888,0,8888,215
9,8,3,2017.0,0,0,0,0,0,0,0,0,0,0,0,0,0,0,0,0,0,0,0,0,0,0,0,0,0,8888,8888,8888,215
10,8,3,2017.0,0,0,0,0,3,10,10,10,10,10,10,10,10,10,10,10,10,10,9,0,0,0,0,0,10,8888,142,8888,215
1,8,4,2017.0,0,0,0,0,2,25,91,102,106,244,303,292,300,289,247,126,110,58,9,0,0,0,0,0,303,8888,2304,8888,216
2,8,4,2017.0,0,0,0,0,0,6,58,20,8,147,245,200,234,232,195,33,54,26,1,0,0,0,0,0,245,8888,1459,8888,216
3,8,4,2017.0,0,0,0,0,2,19,34,81,98,97,57,92,66,57,53,93,56,32,8,0,0,0,0,0,98,8888,845,8888,216
4,8,4,2017.0,0,0,0,0,0,4,10,3,1,8,10,9,10,10,10,4,8,8,0,0,0,0,0,0,10,8888,95,8888,216
5,8,4,2017.0,223,215,210,211,212,220,239,239,246,255,259,256,266,269,276,270,271,264,247,241,239,234,229,245,276,210,8888,243,216
6,8,4,2017.0,5,3,1,1,0,16,14,13,13,12,12,14,14,14,14,14,14,15,4,3,1,3,3,3,14,8888,8888,8888,216
7,8,4,2017.0,14,16,14,14,1,7,18,23,18,18,20,35,27,33,28,18,21,8,13,14,14,13,13,21,35,8888,8888,18,216
8,8,4,2017.0,0,0,0,0,0,0,0,0,0,0,0,0,0,0,0,0,0,0,0,0,0,0,0,0,0,8888,0,8888,216
9,8,4,2017.0,0,0,0,0,0,0,0,0,0,0,0,0,0,0,0,0,0,0,0,0,0,0,0,0,0,8888,8888,8888,216
10,8,4,2017.0,0,0,0,0,3,10,10,10,10,10,10,10,10,10,10,10,10,10,9,0,0,0,0,0,10,8888,142,8888,216
1,8,5,2017.0,0,0,0,0,2,11,39,103,222,271,304,320,316,292,252,195,129,63,14,0,0,0,0,0,320,8888,2529,8888,217
2,8,5,2017.0,0,0,0,0,0,0,0,20,175,217,247,262,258,236,201,150,91,37,5,0,0,0,0,0,262,8888,1901,8888,217
3,8,5,2017.0,0,0,0,0,2,11,38,82,47,53,57,58,57,55,51,44,37,26,9,0,0,0,0,0,82,8888,628,8888,217
4,8,5,2017.0,0,0,0,0,0,0,0,3,10,10,10,10,10,10,10,10,10,10,6,0,0,0,0,0,10,8888,109,8888,217
5,8,5,2017.0,236,234,239,235,228,231,243,251,263,265,264,266,266,265,268,277,268,272,251,240,236,232,228,237,277,228,8888,250,217
6,8,5,2017.0,3,16,15,16,1,6,1,15,13,13,14,14,13,13,14,14,14,14,16,5,5,2,4,15,13,8888,8888,8888,217
7,8,5,2017.0,17,13,22,20,13,17,11,17,21,19,29,25,37,33,33,20,20,16,25,15,23,11,11,19,37,8888,8888,20,217
8,8,5,2017.0,0,0,0,0,0,0,0,0,0,0,0,0,0,0,0,0,0,0,0,0,0,0,0,0,0,8888,0,8888,217
9,8,5,2017.0,0,0,0,0,0,0,0,0,0,0,0,0,0,0,0,0,0,0,0,0,0,0,0,0,0,8888,8888,8888,217
10,8,5,2017.0,0,0,0,0,3,10,10,10,10,10,10,10,10,10,10,10,10,10,8,0,0,0,0,0,10,8888,141,8888,217
1,8,6,2017.0,0,0,0,0,2,24,91,157,220,271,307,323,317,290,250,192,126,61,13,0,0,0,0,0,323,8888,2643,8888,218
2,8,6,2017.0,0,0,0,0,0,6,59,115,172,218,251,266,260,235,199,147,87,34,5,0,0,0,0,0,266,8888,2054,8888,218
3,8,6,2017.0,0,0,0,0,2,18,32,42,48,53,56,57,57,55,51,45,39,27,8,0,0,0,0,0,57,8888,589,8888,218
4,8,6,2017.0,0,0,0,0,0,4,10,10,10,10,10,10,10,10,10,10,10,10,6,0,0,0,0,0,10,8888,130,8888,218
5,8,6,2017.0,220,224,227,223,224,231,247,253,259,260,269,279,275,276,286,292,285,284,256,252,248,247,250,244,292,220,8888,255,218
6,8,6,2017.0,16,5,16,16,2,0,13,12,12,13,13,14,14,14,14,14,14,15,2,2,0,3,5,6,14,8888,8888,8888,218
7,8,6,2017.0,14,17,18,12,16,0,4,9,15,31,27,23,36,39,30,24,22,11,15,12,2,7,15,14,39,8888,8888,17,218
8,8,6,2017.0,0,0,0,0,0,0,0,0,0,0,0,0,0,0,0,0,0,0,0,0,0,0,0,0,0,8888,0,8888,218
9,8,6,2017.0,0,0,0,0,0,0,0,0,0,0,0,0,0,0,0,0,0,0,0,0,0,0,0,0,0,8888,8888,8888,218
10,8,6,2017.0,0,0,0,0,3,10,10,10,10,10,10,10,10,10,10,10,10,10,8,0,0,0,0,0,10,8888,141,8888,218
1,8,7,2017.0,0,0,0,0,1,23,86,152,214,266,301,316,315,285,243,186,119,41,12,0,0,0,0,0,316,8888,2561,8888,219
2,8,7,2017.0,0,0,0,0,0,6,51,108,164,211,244,257,258,229,190,137,76,8,2,0,0,0,0,0,258,8888,1941,8888,219
3,8,7,2017.0,0,0,0,0,1,18,35,45,50,55,57,58,57,57,53,49,43,33,10,0,0,0,0,0,58,8888,620,8888,219
4,8,7,2017.0,0,0,0,0,0,4,10,10,10,10,10,10,10,10,10,10,10,3,3,0,0,0,0,0,10,8888,119,8888,219
5,8,7,2017.0,243,246,247,240,238,243,256,263,272,277,297,289,309,317,312,309,306,294,293,286,290,292,288,277,317,238,8888,279,219
6,8,7,2017.0,2,15,15,2,1,4,6,12,14,13,14,14,14,14,15,14,14,2,4,6,4,3,5,4,3,8888,8888,8888,219
7,8,7,2017.0,3,13,16,7,16,5,25,12,12,23,23,40,23,17,26,31,19,9,26,31,37,49,26,18,49,8888,8888,21,219
8,8,7,2017.0,0,0,0,0,0,0,0,0,0,0,0,0,0,0,0,0,0,0,0,0,0,0,0,0,0,8888,0,8888,219
9,8,7,2017.0,0,0,0,0,0,0,0,0,0,0,0,0,0,0,0,0,0,0,0,0,0,0,0,0,0,8888,8888,8888,219
10,8,7,2017.0,0,0,0,0,3,10,10,10,10,10,10,10,10,10,10,10,10,10,8,0,0,0,0,0,10,8888,141,8888,219
1,8,8,2017.0,0,0,0,0,1,25,89,153,211,263,277,143,107,83,67,26,18,7,3,0,0,0,0,0,277,8888,1473,8888,220
2,8,8,2017.0,0,0,0,0,0,6,57,109,159,208,188,10,1,1,0,0,0,0,0,0,0,0,0,0,208,8888,739,8888,220
3,8,8,2017.0,0,0,0,0,1,19,32,43,52,55,89,133,106,83,66,26,18,7,3,0,0,0,0,0,133,8888,734,8888,220
4,8,8,2017.0,0,0,0,0,0,4,10,10,10,10,9,1,0,0,0,0,0,0,0,0,0,0,0,0,10,8888,54,8888,220
5,8,8,2017.0,269,256,277,285,273,283,288,285,299,307,307,296,297,289,289,244,241,246,248,249,225,225,246,237,307,225,8888,269,220
6,8,8,2017.0,2,2,3,3,4,3,11,4,4,5,7,4,3,5,7,2,3,16,6,7,6,5,6,6,4,8888,8888,8888,220
7,8,8,2017.0,14,14,56,49,26,54,17,57,43,19,25,36,35,31,22,11,43,26,41,36,35,25,45,41,57,8888,8888,33,220
8,8,8,2017.0,0,0,0,0,0,0,0,0,0,0,0,0,0,0,0,5,15,10,0,0,10,0,0,40,40,8888,80,8888,220
9,8,8,2017.0,0,0,0,0,0,0,0,0,0,0,0,0,0,0,0,0,0,0,0,0,0,0,0,0,0,8888,8888,8888,220
10,8,8,2017.0,0,0,0,0,2,10,10,10,10,10,10,10,10,10,10,10,10,10,8,0,0,0,0,0,10,8888,140,8888,220
1,8,9,2017.0,0,0,0,0,1,3,14,42,51,53,110,155,56,67,69,38,25,13,2,0,0,0,0,0,155,8888,698,8888,221
2,8,9,2017.0,0,0,0,0,0,0,0,0,0,0,1,4,0,0,0,0,0,0,0,0,0,0,0,0,4,8888,6,8888,221
3,8,9,2017.0,0,0,0,0,1,3,14,41,51,53,109,151,56,67,68,38,25,13,2,0,0,0,0,0,151,8888,691,8888,221
4,8,9,2017.0,0,0,0,0,0,0,0,0,0,0,0,0,0,0,0,0,0,0,0,0,0,0,0,0,0,8888,1,8888,221
5,8,9,2017.0,226,214,216,208,206,211,218,219,224,223,238,247,243,242,248,235,223,221,209,207,209,206,200,199,248,199,8888,220,221
6,8,9,2017.0,4,1,0,5,4,14,12,16,4,14,4,5,13,2,6,3,3,15,11,3,16,3,3,1,14,8888,8888,8888,221
7,8,9,2017.0,33,18,2,30,28,29,25,15,22,35,13,27,27,16,7,13,14,10,10,10,19,18,20,17,35,8888,8888,19,221
8,8,9,2017.0,25,135,35,10,20,80,10,0,0,5,0,0,5,0,0,0,0,0,5,0,0,0,0,0,135,8888,330,8888,221
9,8,9,2017.0,0,0,0,0,0,0,0,0,0,0,0,0,0,0,0,0,0,0,0,0,0,0,0,0,0,8888,8888,8888,221
10,8,9,2017.0,0,0,0,0,2,10,10,10,10,10,10,10,10,10,10,10,10,10,8,0,0,0,0,0,10,8888,140,8888,221
1,8,10,2017.0,0,0,0,0,1,7,19,52,50,71,61,62,60,58,45,35,25,12,3,0,0,0,0,0,71,8888,559,8888,222
2,8,10,2017.0,0,0,0,0,0,0,0,0,0,0,0,0,0,0,0,0,0,0,0,0,0,0,0,0,0,8888,1,8888,222
3,8,10,2017.0,0,0,0,0,1,7,19,51,50,70,61,62,60,57,45,35,25,12,3,0,0,0,0,0,70,8888,557,8888,222
4,8,10,2017.0,0,0,0,0,0,0,0,0,0,0,0,0,0,0,0,0,0,0,0,0,0,0,0,0,0,8888,0,8888,222
5,8,10,2017.0,205,205,210,203,206,209,218,228,231,234,235,237,237,234,231,228,226,229,223,218,216,216,219,218,237,203,8888,221,222
6,8,10,2017.0,2,2,2,5,3,5,5,0,15,13,14,14,13,14,14,15,16,0,16,2,2,2,16,3,14,8888,8888,8888,222
7,8,10,2017.0,12,16,9,17,7,8,12,2,12,24,29,26,14,20,18,20,15,0,14,11,13,9,9,3,29,8888,8888,13,222
8,8,10,2017.0,0,0,0,0,0,0,0,0,0,0,0,0,0,0,0,0,0,0,0,0,0,0,0,0,0,8888,0,8888,222
9,8,10,2017.0,0,0,0,0,0,0,0,0,0,0,0,0,0,0,0,0,0,0,0,0,0,0,0,0,0,8888,8888,8888,222
10,8,10,2017.0,0,0,0,0,2,10,10,10,10,10,10,10,10,10,10,10,10,10,7,0,0,0,0,0,10,8888,140,8888,222
1,8,11,2017.0,0,0,0,0,1,9,26,76,104,146,294,299,306,282,203,59,36,16,3,0,0,0,0,0,306,8888,1862,8888,223
2,8,11,2017.0,0,0,0,0,0,0,0,6,2,10,236,233,247,225,104,0,0,0,0,0,0,0,0,0,247,8888,1063,8888,223
3,8,11,2017.0,0,0,0,0,1,9,26,70,102,136,59,66,59,57,100,59,36,16,3,0,0,0,0,0,136,8888,800,8888,223
4,8,11,2017.0,0,0,0,0,0,0,0,1,0,1,10,10,10,10,7,0,0,0,0,0,0,0,0,0,10,8888,49,8888,223
5,8,11,2017.0,215,216,215,218,219,220,222,230,239,246,243,249,251,255,251,254,251,244,238,243,238,241,238,233,255,215,8888,236,223
6,8,11,2017.0,4,1,8,15,15,2,6,12,13,13,13,13,13,13,13,12,5,4,2,15,4,16,15,8,13,8888,8888,8888,223
7,8,11,2017.0,12,12,4,11,8,8,6,7,24,27,43,34,35,39,30,7,4,5,11,11,17,17,19,9,43,8888,8888,17,223
8,8,11,2017.0,0,0,0,0,0,0,0,0,0,0,0,0,0,0,0,0,0,0,0,0,0,0,0,0,0,8888,0,8888,223
9,8,11,2017.0,0,0,0,0,0,0,0,0,0,0,0,0,0,0,0,0,0,0,0,0,0,0,0,0,0,8888,8888,8888,223
10,8,11,2017.0,0,0,0,0,2,10,10,10,10,10,10,10,10,10,10,10,10,10,7,0,0,0,0,0,10,8888,139,8888,223
1,8,12,2017.0,0,0,0,0,1,5,16,20,33,32,54,36,42,36,43,39,20,9,2,0,0,0,0,0,54,8888,389,8888,224
2,8,12,2017.0,0,0,0,0,0,0,0,0,0,0,0,0,0,0,0,0,0,0,0,0,0,0,0,0,0,8888,1,8888,224
3,8,12,2017.0,0,0,0,0,1,5,16,20,33,32,54,36,42,36,43,39,20,9,2,0,0,0,0,0,54,8888,388,8888,224
4,8,12,2017.0,0,0,0,0,0,0,0,0,0,0,0,0,0,0,0,0,0,0,0,0,0,0,0,0,0,8888,0,8888,224
5,8,12,2017.0,228,228,223,221,225,242,239,226,221,216,221,219,214,215,219,222,220,218,216,210,213,213,213,211,242,210,8888,221,224
6,8,12,2017.0,2,3,2,16,5,4,1,14,15,8,15,14,14,13,13,14,15,16,8,6,16,15,3,4,4,8888,8888,8888,224
7,8,12,2017.0,10,15,18,10,18,30,20,17,10,16,26,17,16,16,14,19,15,4,3,19,7,24,11,9,30,8888,8888,15,224
8,8,12,2017.0,0,0,0,0,0,0,0,5,0,10,0,20,5,10,0,0,0,0,0,5,0,0,0,0,20,8888,55,8888,224
9,8,12,2017.0,0,0,0,0,0,0,0,0,0,0,0,0,0,0,0,0,0,0,0,0,0,0,0,0,0,8888,8888,8888,224
10,8,12,2017.0,0,0,0,0,2,10,10,10,10,10,10,10,10,10,10,10,10,10,7,0,0,0,0,0,10,8888,139,8888,224
1,8,13,2017.0,0,0,0,0,1,8,27,40,97,107,141,260,301,279,183,103,70,24,8,0,0,0,0,0,301,8888,1648,8888,225
2,8,13,2017.0,0,0,0,0,0,0,0,0,2,2,3,137,240,222,77,15,10,0,1,0,0,0,0,0,240,8888,709,8888,225
3,8,13,2017.0,0,0,0,0,1,8,27,39,95,105,138,123,61,57,106,89,60,24,8,0,0,0,0,0,138,8888,939,8888,225
4,8,13,2017.0,0,0,0,0,0,0,0,0,0,0,0,7,10,10,6,2,2,0,1,0,0,0,0,0,10,8888,38,8888,225
5,8,13,2017.0,207,208,208,209,210,214,216,218,225,226,232,239,241,243,241,249,243,239,233,230,229,229,226,224,249,207,8888,227,225
6,8,13,2017.0,10,0,4,15,4,4,9,15,14,13,13,13,14,14,14,14,15,15,4,3,5,16,16,2,14,8888,8888,8888,225
7,8,13,2017.0,12,0,3,11,4,11,4,12,16,38,29,36,43,39,35,21,22,17,14,14,16,13,17,11,43,8888,8888,18,225
8,8,13,2017.0,0,5,0,5,0,0,0,0,0,0,0,0,0,0,0,0,0,0,0,0,0,0,0,0,5,8888,10,8888,225
9,8,13,2017.0,0,0,0,0,0,0,0,0,0,0,0,0,0,0,0,0,0,0,0,0,0,0,0,0,0,8888,8888,8888,225
10,8,13,2017.0,0,0,0,0,2,10,10,10,10,10,10,10,10,10,10,10,10,10,7,0,0,0,0,0,10,8888,139,8888,225
1,8,14,2017.0,0,0,0,0,0,10,34,137,180,267,274,317,313,287,245,184,119,55,11,0,0,0,0,0,317,8888,2434,8888,226
2,8,14,2017.0,0,0,0,0,0,0,0,75,91,216,168,261,257,233,196,140,83,32,4,0,0,0,0,0,261,8888,1755,8888,226
3,8,14,2017.0,0,0,0,0,0,10,34,62,89,52,106,57,56,54,49,44,36,23,7,0,0,0,0,0,106,8888,678,8888,226
4,8,14,2017.0,0,0,0,0,0,0,0,8,7,10,8,10,10,10,10,10,10,10,5,0,0,0,0,0,10,8888,108,8888,226
5,8,14,2017.0,222,222,220,221,216,214,223,232,229,241,239,239,238,235,235,245,238,232,219,219,212,214,207,203,245,203,8888,226,226
6,8,14,2017.0,2,3,4,2,15,15,1,9,13,9,10,11,12,12,12,9,7,6,5,6,5,6,4,2,6,8888,8888,8888,226
7,8,14,2017.0,4,11,10,5,25,17,10,19,14,22,22,17,22,16,16,14,18,27,20,37,24,13,15,14,37,8888,8888,17,226
8,8,14,2017.0,0,0,0,0,0,0,0,0,0,0,0,0,0,0,0,0,0,0,0,0,0,0,0,0,0,8888,0,8888,226
9,8,14,2017.0,0,0,0,0,0,0,0,0,0,0,0,0,0,0,0,0,0,0,0,0,0,0,0,0,0,8888,8888,8888,226
10,8,14,2017.0,0,0,0,0,2,10,10,10,10,10,10,10,10,10,10,10,10,10,7,0,0,0,0,0,10,8888,138,8888,226
1,8,15,2017.0,0,0,0,0,0,14,66,140,210,265,292,292,308,285,242,176,114,53,10,0,0,0,0,0,308,8888,2467,8888,227
2,8,15,2017.0,0,0,0,0,0,0,20,84,162,213,234,203,252,231,192,128,75,30,1,0,0,0,0,0,252,8888,1826,8888,227
3,8,15,2017.0,0,0,0,0,0,14,46,56,48,52,58,89,57,54,50,48,39,23,8,0,0,0,0,0,89,8888,641,8888,227
4,8,15,2017.0,0,0,0,0,0,0,5,9,10,10,10,9,10,10,10,10,10,10,1,0,0,0,0,0,10,8888,113,8888,227
5,8,15,2017.0,203,205,210,215,212,220,233,238,242,247,246,252,258,262,264,270,267,253,239,242,248,248,252,242,270,203,8888,240,227
6,8,15,2017.0,1,5,2,3,3,1,12,13,13,13,13,13,13,14,13,13,11,4,6,5,3,3,3,11,13,8888,8888,8888,227
7,8,15,2017.0,14,13,6,19,8,10,6,27,26,31,35,39,46,39,37,20,17,18,12,20,37,46,41,20,46,8888,8888,24,227
8,8,15,2017.0,0,0,0,0,0,0,0,0,0,0,0,0,0,0,0,0,0,0,0,0,0,0,0,0,0,8888,0,8888,227
9,8,15,2017.0,0,0,0,0,0,0,0,0,0,0,0,0,0,0,0,0,0,0,0,0,0,0,0,0,0,8888,8888,8888,227
10,8,15,2017.0,0,0,0,0,1,10,10,10,10,10,10,10,10,10,10,10,10,10,6,0,0,0,0,0,10,8888,138,8888,227
1,8,16,2017.0,0,0,0,0,0,16,67,146,204,206,230,286,147,159,201,93,44,19,5,0,0,0,0,0,286,8888,1823,8888,228
2,8,16,2017.0,0,0,0,0,0,3,25,103,153,89,100,196,10,21,102,14,0,0,0,0,0,0,0,0,196,8888,816,8888,228
3,8,16,2017.0,0,0,0,0,0,14,42,43,52,117,130,90,137,139,98,78,44,19,5,0,0,0,0,0,139,8888,1007,8888,228
4,8,16,2017.0,0,0,0,0,0,2,6,10,10,6,6,9,1,2,7,2,0,0,0,0,0,0,0,0,10,8888,60,8888,228
5,8,16,2017.0,222,215,214,217,209,212,238,241,249,249,251,251,252,254,255,246,244,239,240,250,248,250,249,248,255,209,8888,239,228
6,8,16,2017.0,3,3,2,3,2,2,16,13,13,14,13,13,14,13,13,16,2,2,4,3,4,3,3,4,3,8888,8888,8888,228
7,8,16,2017.0,14,13,20,19,10,18,10,14,28,20,37,33,30,29,23,17,13,14,13,27,12,38,26,16,38,8888,8888,21,228
8,8,16,2017.0,0,0,0,0,0,0,0,0,0,0,0,0,0,0,0,0,0,0,0,0,0,0,0,0,0,8888,0,8888,228
9,8,16,2017.0,0,0,0,0,0,0,0,0,0,0,0,0,0,0,0,0,0,0,0,0,0,0,0,0,0,8888,8888,8888,228
10,8,16,2017.0,0,0,0,0,1,10,10,10,10,10,10,10,10,10,10,10,10,10,6,0,0,0,0,0,10,8888,137,8888,228
1,8,17,2017.0,0,0,0,0,0,6,24,35,55,71,135,131,85,59,56,39,25,10,4,0,0,0,0,0,135,8888,737,8888,229
2,8,17,2017.0,0,0,0,0,0,0,0,0,0,0,3,2,0,0,0,0,0,0,0,0,0,0,0,0,3,8888,7,8888,229
3,8,17,2017.0,0,0,0,0,0,6,24,35,54,71,132,129,85,59,56,39,25,10,4,0,0,0,0,0,132,8888,730,8888,229
4,8,17,2017.0,0,0,0,0,0,0,0,0,0,0,0,0,0,0,0,0,0,0,0,0,0,0,0,0,0,8888,1,8888,229
5,8,17,2017.0,246,241,231,219,226,235,240,236,241,242,255,257,254,256,253,248,250,238,229,227,227,228,224,220,257,219,8888,238,229
6,8,17,2017.0,13,3,3,5,3,4,4,2,15,12,7,6,7,6,6,5,4,2,3,4,4,4,2,3,3,8888,8888,8888,229
7,8,17,2017.0,6,21,5,16,37,27,22,12,15,17,16,16,17,15,22,20,9,12,14,11,12,11,11,13,37,8888,8888,16,229
8,8,17,2017.0,0,0,0,0,0,0,0,0,0,0,0,0,0,0,0,0,0,0,0,0,0,0,0,0,0,8888,0,8888,229
9,8,17,2017.0,0,0,0,0,0,0,0,0,0,0,0,0,0,0,0,0,0,0,0,0,0,0,0,0,0,8888,8888,8888,229
10,8,17,2017.0,0,0,0,0,1,10,10,10,10,10,10,10,10,10,10,10,10,10,6,0,0,0,0,0,10,8888,137,8888,229
1,8,18,2017.0,0,0,0,0,0,9,35,91,165,230,287,144,116,221,233,178,77,31,4,0,0,0,0,0,287,8888,1823,8888,230
2,8,18,2017.0,0,0,0,0,0,0,0,12,69,135,228,10,2,96,182,134,20,5,1,0,0,0,0,0,228,8888,895,8888,230
3,8,18,2017.0,0,0,0,0,0,9,35,79,95,94,59,134,115,125,51,44,58,27,3,0,0,0,0,0,134,8888,928,8888,230
4,8,18,2017.0,0,0,0,0,0,0,0,2,6,8,10,1,0,6,10,10,4,2,2,0,0,0,0,0,10,8888,61,8888,230
5,8,18,2017.0,223,222,220,222,228,223,238,246,248,254,258,255,258,268,264,265,254,257,242,238,230,229,239,232,268,220,8888,242,230
6,8,18,2017.0,3,3,16,1,16,4,15,12,13,13,13,14,14,13,13,14,15,15,4,5,3,0,15,2,13,8888,8888,8888,230
7,8,18,2017.0,7,15,11,21,20,15,15,9,19,23,33,19,20,29,34,25,13,8,15,18,11,1,11,11,34,8888,8888,17,230
8,8,18,2017.0,0,0,0,0,0,0,0,0,0,0,0,0,0,0,0,0,0,0,0,0,0,0,0,0,0,8888,0,8888,230
9,8,18,2017.0,0,0,0,0,0,0,0,0,0,0,0,0,0,0,0,0,0,0,0,0,0,0,0,0,0,8888,8888,8888,230
10,8,18,2017.0,0,0,0,0,1,10,10,10,10,10,10,10,10,10,10,10,10,10,6,0,0,0,0,0,10,8888,137,8888,230
1,8,19,2017.0,0,0,0,0,0,11,57,100,155,148,293,293,300,280,237,177,113,27,4,0,0,0,0,0,300,8888,2194,8888,231
2,8,19,2017.0,0,0,0,0,0,0,14,26,51,19,236,205,242,225,188,133,78,2,1,0,0,0,0,0,242,8888,1422,8888,231
3,8,19,2017.0,0,0,0,0,0,11,43,74,104,129,56,88,58,54,49,44,35,25,3,0,0,0,0,0,129,8888,771,8888,231
4,8,19,2017.0,0,0,0,0,0,0,4,4,5,2,10,9,10,10,10,10,10,1,2,0,0,0,0,0,10,8888,88,8888,231
5,8,19,2017.0,228,229,228,228,229,235,241,245,245,249,253,252,258,261,266,264,267,253,235,234,228,225,227,221,267,221,8888,242,231
6,8,19,2017.0,5,5,2,0,3,6,9,9,12,13,14,14,14,14,14,13,14,5,3,1,16,4,14,3,13,8888,8888,8888,231
7,8,19,2017.0,4,8,14,1,11,9,10,13,20,31,41,37,34,22,26,43,21,23,14,17,13,17,14,21,43,8888,8888,19,231
8,8,19,2017.0,0,0,0,0,0,0,0,0,0,0,0,0,0,0,0,0,0,0,0,0,0,0,0,0,0,8888,0,8888,231
9,8,19,2017.0,0,0,0,0,0,0,0,0,0,0,0,0,0,0,0,0,0,0,0,0,0,0,0,0,0,8888,8888,8888,231
10,8,19,2017.0,0,0,0,0,1,10,10,10,10,10,10,10,10,10,10,10,10,10,5,0,0,0,0,0,10,8888,136,8888,231
1,8,20,2017.0,0,0,0,0,0,12,66,111,186,262,296,309,304,279,236,176,110,47,4,0,0,0,0,0,309,8888,2399,8888,232
2,8,20,2017.0,0,0,0,0,0,0,27,36,107,211,241,253,247,226,188,133,74,26,1,0,0,0,0,0,253,8888,1769,8888,232
3,8,20,2017.0,0,0,0,0,0,12,39,75,79,51,55,57,56,54,49,43,36,21,2,0,0,0,0,0,79,8888,631,8888,232
4,8,20,2017.0,0,0,0,0,0,0,7,5,8,10,10,10,10,10,10,10,10,10,3,0,0,0,0,0,10,8888,113,8888,232
5,8,20,2017.0,215,212,210,207,208,218,232,236,246,252,249,255,252,265,262,264,262,256,233,232,225,222,218,219,265,207,8888,235,232
6,8,20,2017.0,2,16,1,4,2,2,14,12,13,13,13,14,14,14,14,14,14,13,3,2,4,4,5,4,14,8888,8888,8888,232
7,8,20,2017.0,15,6,11,15,16,5,9,15,23,26,37,34,38,23,31,30,31,21,13,10,18,15,9,14,38,8888,8888,19,232
8,8,20,2017.0,0,0,0,0,0,0,0,0,0,0,0,0,0,0,0,0,0,0,0,0,0,0,0,0,0,8888,0,8888,232
9,8,20,2017.0,0,0,0,0,0,0,0,0,0,0,0,0,0,0,0,0,0,0,0,0,0,0,0,0,0,8888,8888,8888,232
10,8,20,2017.0,0,0,0,0,1,10,10,10,10,10,10,10,10,10,10,10,10,10,5,0,0,0,0,0,10,8888,136,8888,232
1,8,21,2017.0,0,0,0,0,0,11,61,122,187,212,277,291,303,275,233,170,76,23,4,0,0,0,0,0,303,8888,2244,8888,233
2,8,21,2017.0,0,0,0,0,0,0,18,57,108,108,213,204,247,221,183,124,20,0,0,0,0,0,0,0,247,8888,1502,8888,233
3,8,21,2017.0,0,0,0,0,0,11,43,65,79,104,64,87,56,54,50,46,57,23,4,0,0,0,0,0,104,8888,742,8888,233
4,8,21,2017.0,0,0,0,0,0,0,5,7,8,7,10,9,10,10,10,10,4,0,0,0,0,0,0,0,10,8888,90,8888,233
5,8,21,2017.0,219,214,217,211,212,232,237,246,253,257,256,262,262,263,266,257,253,248,239,235,235,232,228,228,266,211,8888,240,233
6,8,21,2017.0,5,4,3,1,1,15,7,7,7,8,8,8,11,12,12,12,12,12,2,3,3,5,5,5,8,8888,8888,8888,233
7,8,21,2017.0,18,16,17,11,14,12,11,20,17,23,18,13,23,23,22,12,13,7,13,12,19,16,18,18,23,8888,8888,16,233
8,8,21,2017.0,0,0,0,0,0,0,0,0,0,0,0,0,0,0,0,0,0,0,0,0,0,0,0,0,0,8888,0,8888,233
9,8,21,2017.0,0,0,0,0,0,0,0,0,0,0,0,0,0,0,0,0,0,0,0,0,0,0,0,0,0,8888,8888,8888,233
10,8,21,2017.0,0,0,0,0,0,10,10,10,10,10,10,10,10,10,10,10,10,10,5,0,0,0,0,0,10,8888,135,8888,233
1,8,22,2017.0,0,0,0,0,0,4,14,27,38,18,28,34,30,24,39,39,18,8,3,0,0,0,0,0,39,8888,326,8888,234
2,8,22,2017.0,0,0,0,0,0,0,0,0,0,0,0,0,0,0,0,0,0,0,0,0,0,0,0,0,0,8888,1,8888,234
3,8,22,2017.0,0,0,0,0,0,4,14,27,38,18,28,34,30,23,39,39,18,8,3,0,0,0,0,0,39,8888,325,8888,234
4,8,22,2017.0,0,0,0,0,0,0,0,0,0,0,0,0,0,0,0,0,0,0,0,0,0,0,0,0,0,8888,0,8888,234
5,8,22,2017.0,239,245,247,249,255,255,257,257,258,232,240,237,248,252,253,257,256,256,253,253,250,249,242,237,258,232,8888,249,234
6,8,22,2017.0,5,5,5,5,5,5,5,5,5,14,11,5,10,11,12,13,13,12,12,12,14,14,15,16,12,8888,8888,8888,234
7,8,22,2017.0,28,29,33,28,34,33,41,32,30,13,55,21,50,29,61,51,36,33,52,68,63,53,26,29,68,8888,8888,39,234
8,8,22,2017.0,0,0,0,0,0,0,0,0,0,245,30,20,30,45,0,0,0,0,0,0,25,0,0,0,245,8888,395,8888,234
9,8,22,2017.0,0,0,0,0,0,0,0,0,0,0,0,0,0,0,0,0,0,0,0,0,0,0,0,0,0,8888,8888,8888,234
10,8,22,2017.0,0,0,0,0,0,10,10,10,10,10,10,10,10,10,10,10,10,10,5,0,0,0,0,0,10,8888,135,8888,234
1,8,23,2017.0,0,0,0,0,0,4,19,34,52,57,45,85,71,159,201,74,32,12,3,0,0,0,0,0,201,8888,849,8888,235
2,8,23,2017.0,0,0,0,0,0,0,0,0,0,0,0,0,0,20,115,6,0,0,0,0,0,0,0,0,115,8888,143,8888,235
3,8,23,2017.0,0,0,0,0,0,4,19,34,52,57,45,84,71,139,86,68,32,12,3,0,0,0,0,0,139,8888,707,8888,235
4,8,23,2017.0,0,0,0,0,0,0,0,0,0,0,0,0,0,2,8,1,0,0,0,0,0,0,0,0,8,8888,10,8888,235
5,8,23,2017.0,235,232,230,233,230,230,234,233,244,230,227,235,238,245,253,241,239,233,228,224,230,232,235,236,253,224,8888,234,235
6,8,23,2017.0,15,16,15,14,14,15,14,13,12,15,15,13,14,7,8,6,5,4,3,4,4,5,5,5,13,8888,8888,8888,235
7,8,23,2017.0,20,18,18,22,15,18,16,33,15,23,24,24,24,13,29,15,13,15,24,20,20,23,22,28,33,8888,8888,20,235
8,8,23,2017.0,0,0,0,0,0,0,0,0,0,0,5,0,0,0,0,0,0,0,0,0,0,0,0,0,5,8888,5,8888,235
9,8,23,2017.0,0,0,0,0,0,0,0,0,0,0,0,0,0,0,0,0,0,0,0,0,0,0,0,0,0,8888,8888,8888,235
10,8,23,2017.0,0,0,0,0,0,10,10,10,10,10,10,10,10,10,10,10,10,10,5,0,0,0,0,0,10,8888,135,8888,235
1,8,24,2017.0,0,0,0,0,0,4,9,29,51,59,39,24,21,26,20,13,9,8,3,0,0,0,0,0,59,8888,316,8888,236
2,8,24,2017.0,0,0,0,0,0,0,0,0,0,0,0,0,0,0,0,0,0,0,0,0,0,0,0,0,0,8888,1,8888,236
3,8,24,2017.0,0,0,0,0,0,4,9,29,51,59,39,24,21,26,20,13,9,8,3,0,0,0,0,0,59,8888,315,8888,236
4,8,24,2017.0,0,0,0,0,0,0,0,0,0,0,0,0,0,0,0,0,0,0,0,0,0,0,0,0,0,8888,0,8888,236
5,8,24,2017.0,237,238,235,235,236,240,237,244,248,256,249,249,242,247,245,246,247,248,248,258,257,237,246,235,258,235,8888,244,236
6,8,24,2017.0,5,5,5,5,5,5,5,6,5,8,6,8,6,8,12,13,13,13,2,10,12,13,13,15,13,8888,8888,8888,236
7,8,24,2017.0,28,33,29,33,34,24,33,28,35,36,30,26,37,32,87,51,58,33,7,41,45,103,89,22,103,8888,8888,41,236
8,8,24,2017.0,0,0,0,0,0,0,10,0,0,0,10,50,110,40,45,210,90,0,5,0,0,5,0,0,210,8888,575,8888,236
9,8,24,2017.0,0,0,0,0,0,0,0,0,0,0,0,0,0,0,0,0,0,0,0,0,0,0,0,0,0,8888,8888,8888,236
10,8,24,2017.0,0,0,0,0,0,10,10,10,10,10,10,10,10,10,10,10,10,10,4,0,0,0,0,0,10,8888,134,8888,236
1,8,25,2017.0,0,0,0,0,0,5,25,72,113,169,244,240,297,270,231,171,104,43,3,0,0,0,0,0,297,8888,1987,8888,237
2,8,25,2017.0,0,0,0,0,0,0,0,5,25,44,128,105,240,216,183,130,71,23,0,0,0,0,0,0,240,8888,1170,8888,237
3,8,25,2017.0,0,0,0,0,0,5,25,67,89,125,116,135,56,54,48,41,33,20,3,0,0,0,0,0,135,8888,816,8888,237
4,8,25,2017.0,0,0,0,0,0,0,0,1,3,4,7,6,10,10,10,10,10,9,0,0,0,0,0,0,10,8888,80,8888,237
5,8,25,2017.0,230,226,232,239,240,237,238,239,244,241,252,244,250,245,247,242,236,211,196,191,193,187,199,196,252,187,8888,227,237
6,8,25,2017.0,16,5,4,15,14,14,14,14,14,14,14,14,14,13,13,14,13,2,1,3,3,3,3,4,14,8888,8888,8888,237
7,8,25,2017.0,15,19,30,29,74,58,31,39,32,66,27,36,31,41,34,28,40,15,21,16,22,19,27,23,74,8888,8888,32,237
8,8,25,2017.0,10,5,115,45,0,5,0,0,5,0,0,0,0,0,0,0,0,0,0,0,0,0,0,0,115,8888,185,8888,237
9,8,25,2017.0,0,0,0,0,0,0,0,0,0,0,0,0,0,0,0,0,0,0,0,0,0,0,0,0,0,8888,8888,8888,237
10,8,25,2017.0,0,0,0,0,0,10,10,10,10,10,10,10,10,10,10,10,10,10,4,0,0,0,0,0,10,8888,134,8888,237
1,8,26,2017.0,0,0,0,0,0,6,29,70,89,175,212,242,247,243,226,167,102,40,3,0,0,0,0,0,247,8888,1850,8888,238
2,8,26,2017.0,0,0,0,0,0,0,0,5,2,45,90,106,130,146,177,124,69,22,0,0,0,0,0,0,177,8888,914,8888,238
3,8,26,2017.0,0,0,0,0,0,6,29,65,87,130,122,136,118,97,49,43,33,18,3,0,0,0,0,0,136,8888,936,8888,238
4,8,26,2017.0,0,0,0,0,0,0,0,1,0,4,6,6,7,8,10,10,10,10,0,0,0,0,0,0,10,8888,72,8888,238
5,8,26,2017.0,201,209,211,193,195,211,207,218,222,237,241,245,248,249,247,246,237,229,232,231,232,233,231,232,249,193,8888,227,238
6,8,26,2017.0,4,4,4,5,5,4,4,5,5,6,14,13,13,13,13,13,13,14,14,14,13,14,14,14,13,8888,8888,8888,238
7,8,26,2017.0,23,25,27,25,22,26,23,27,20,24,17,81,84,78,72,76,89,53,72,77,74,60,70,63,89,8888,8888,50,238
8,8,26,2017.0,0,0,0,0,0,0,0,0,0,0,0,0,0,0,0,0,0,0,0,0,0,0,0,0,0,8888,0,8888,238
9,8,26,2017.0,0,0,0,0,0,0,0,0,0,0,0,0,0,0,0,0,0,0,0,0,0,0,0,0,0,8888,8888,8888,238
10,8,26,2017.0,0,0,0,0,0,10,10,10,10,10,10,10,10,10,10,10,10,10,4,0,0,0,0,0,10,8888,133,8888,238
1,8,27,2017.0,0,0,0,0,0,9,72,141,207,259,295,307,302,274,230,168,101,35,2,0,0,0,0,0,307,8888,2400,8888,239
2,8,27,2017.0,0,0,0,0,0,0,39,103,163,209,241,252,247,222,183,127,68,15,0,0,0,0,0,0,252,8888,1867,8888,239
3,8,27,2017.0,0,0,0,0,0,9,33,38,44,50,54,56,55,52,47,41,33,19,2,0,0,0,0,0,56,8888,534,8888,239
4,8,27,2017.0,0,0,0,0,0,0,9,10,10,10,10,10,10,10,10,10,10,9,0,0,0,0,0,0,10,8888,118,8888,239
5,8,27,2017.0,232,231,231,231,229,229,234,238,243,248,252,254,252,249,249,247,242,212,191,189,189,187,184,185,254,184,8888,226,239
6,8,27,2017.0,13,13,13,13,14,14,14,14,14,14,14,14,14,13,14,15,13,2,2,2,2,2,2,2,13,8888,8888,8888,239
7,8,27,2017.0,91,103,90,87,62,61,63,63,35,29,26,27,28,32,21,20,14,15,23,24,19,20,21,21,103,8888,8888,41,239
8,8,27,2017.0,0,0,0,0,0,0,0,0,0,0,0,0,0,0,0,0,0,0,0,0,0,0,0,0,0,8888,0,8888,239
9,8,27,2017.0,0,0,0,0,0,0,0,0,0,0,0,0,0,0,0,0,0,0,0,0,0,0,0,0,0,8888,8888,8888,239
10,8,27,2017.0,0,0,0,0,0,9,10,10,10,10,10,10,10,10,10,10,10,10,3,0,0,0,0,0,10,8888,133,8888,239
1,8,28,2017.0,0,0,0,0,0,10,39,55,88,176,238,124,80,69,57,39,21,10,2,0,0,0,0,0,238,8888,1008,8888,240
2,8,28,2017.0,0,0,0,0,0,0,3,1,2,45,124,2,0,0,0,0,0,0,0,0,0,0,0,0,124,8888,177,8888,240
3,8,28,2017.0,0,0,0,0,0,10,36,54,86,132,114,121,79,69,57,39,21,10,2,0,0,0,0,0,132,8888,831,8888,240
4,8,28,2017.0,0,0,0,0,0,0,1,0,0,4,7,0,0,0,0,0,0,0,0,0,0,0,0,0,7,8888,13,8888,240
5,8,28,2017.0,180,182,179,180,180,183,194,204,211,228,233,238,233,235,232,227,220,237,247,254,256,252,253,250,256,179,8888,220,240
6,8,28,2017.0,3,2,2,3,16,2,3,6,9,12,7,7,6,13,13,5,4,5,5,5,5,5,6,6,6,8888,8888,8888,240
7,8,28,2017.0,23,21,21,5,11,5,12,15,13,5,21,16,17,19,13,11,14,25,36,43,41,45,50,51,51,8888,8888,22,240
8,8,28,2017.0,0,0,0,0,0,0,0,0,0,0,0,0,0,0,0,0,0,0,0,0,0,0,0,0,0,8888,0,8888,240
9,8,28,2017.0,0,0,0,0,0,0,0,0,0,0,0,0,0,0,0,0,0,0,0,0,0,0,0,0,0,8888,8888,8888,240
10,8,28,2017.0,0,0,0,0,0,9,10,10,10,10,10,10,10,10,10,10,10,10,3,0,0,0,0,0,10,8888,133,8888,240
1,8,29,2017.0,0,0,0,0,0,2,20,21,29,34,29,35,50,62,49,24,9,9,2,0,0,0,0,0,62,8888,376,8888,241
2,8,29,2017.0,0,0,0,0,0,0,0,0,0,0,0,0,0,0,0,0,0,0,0,0,0,0,0,0,0,8888,1,8888,241
3,8,29,2017.0,0,0,0,0,0,2,20,21,29,34,29,35,50,62,49,24,9,9,2,0,0,0,0,0,62,8888,375,8888,241
4,8,29,2017.0,0,0,0,0,0,0,0,0,0,0,0,0,0,0,0,0,0,0,0,0,0,0,0,0,0,8888,0,8888,241
5,8,29,2017.0,250,246,221,224,204,199,207,205,201,200,202,206,209,207,204,205,203,216,211,202,196,196,196,194,250,194,8888,209,241
6,8,29,2017.0,5,5,3,14,15,16,16,16,15,1,5,5,5,2,4,4,4,8,14,16,16,16,1,16,5,8888,8888,8888,241
7,8,29,2017.0,54,42,16,48,40,45,33,25,17,25,15,17,17,11,15,20,17,22,21,31,36,34,29,28,54,8888,8888,27,241
8,8,29,2017.0,0,0,75,0,0,5,0,5,5,15,30,25,5,0,0,5,30,0,10,0,0,0,5,0,75,8888,215,8888,241
9,8,29,2017.0,0,0,0,0,0,0,0,0,0,0,0,0,0,0,0,0,0,0,0,0,0,0,0,0,0,8888,8888,8888,241
10,8,29,2017.0,0,0,0,0,0,9,10,10,10,10,10,10,10,10,10,10,10,10,3,0,0,0,0,0,10,8888,132,8888,241
1,8,30,2017.0,0,0,0,0,0,8,65,127,162,143,266,254,239,247,140,52,27,9,2,0,0,0,0,0,266,8888,1740,8888,242
2,8,30,2017.0,0,0,0,0,0,0,30,74,69,19,182,134,124,166,27,0,0,0,0,0,0,0,0,0,182,8888,825,8888,242
3,8,30,2017.0,0,0,0,0,0,8,34,53,93,124,84,120,115,81,113,51,27,9,2,0,0,0,0,0,124,8888,915,8888,242
4,8,30,2017.0,0,0,0,0,0,0,8,9,6,2,9,7,7,9,3,0,0,0,0,0,0,0,0,0,9,8888,60,8888,242
5,8,30,2017.0,190,187,180,179,167,175,179,192,194,203,201,211,210,210,206,205,188,177,175,176,176,169,174,179,211,167,8888,188,242
6,8,30,2017.0,16,16,16,16,16,16,1,16,15,12,13,12,13,12,1,8,3,2,1,1,1,2,2,1,16,8888,8888,8888,242
7,8,30,2017.0,30,35,26,31,20,28,24,19,28,34,18,17,11,15,11,12,12,18,20,22,20,21,21,20,35,8888,8888,21,242
8,8,30,2017.0,0,0,0,0,0,0,0,0,0,0,0,0,0,0,0,0,0,0,0,0,0,0,0,0,0,8888,0,8888,242
9,8,30,2017.0,0,0,0,0,0,0,0,0,0,0,0,0,0,0,0,0,0,0,0,0,0,0,0,0,0,8888,8888,8888,242
10,8,30,2017.0,0,0,0,0,0,9,10,10,10,10,10,10,10,10,10,10,10,10,3,0,0,0,0,0,10,8888,132,8888,242
1,8,31,2017.0,0,0,0,0,0,3,20,35,59,67,117,163,218,213,217,158,83,30,1,0,0,0,0,0,218,8888,1386,8888,243
2,8,31,2017.0,0,0,0,0,0,0,0,0,0,0,2,22,73,107,169,115,40,12,0,0,0,0,0,0,169,8888,541,8888,243
3,8,31,2017.0,0,0,0,0,0,3,20,35,58,67,115,141,145,105,48,43,43,18,1,0,0,0,0,0,145,8888,845,8888,243
4,8,31,2017.0,0,0,0,0,0,0,0,0,0,0,0,2,5,7,10,10,8,7,0,0,0,0,0,0,10,8888,49,8888,243
5,8,31,2017.0,170,169,169,170,166,170,176,185,186,184,198,206,212,219,223,226,220,206,201,190,186,192,186,193,226,166,8888,192,243
6,8,31,2017.0,3,2,2,4,4,5,4,5,5,5,6,6,7,7,7,12,15,15,1,5,4,16,2,16,6,8888,8888,8888,243
7,8,31,2017.0,20,19,19,19,17,17,17,10,27,19,29,23,23,23,19,19,14,21,25,13,12,11,20,17,29,8888,8888,19,243
8,8,31,2017.0,0,0,0,0,0,0,0,0,0,0,0,0,0,0,0,0,0,0,0,0,0,0,0,0,0,8888,0,8888,243
9,8,31,2017.0,0,0,0,0,0,0,0,0,0,0,0,0,0,0,0,0,0,0,0,0,0,0,0,0,0,8888,8888,8888,243
10,8,31,2017.0,0,0,0,0,0,9,10,10,10,10,10,10,10,10,10,10,10,10,2,0,0,0,0,0,10,8888,131,8888,243
1,9,1,2018.0,0,0,0,0,0,3,6,17,70,168,191,212,182,259,184,141,90,22,1,0,0,0,0,0,259,8888,1545,8888,244
2,9,1,2018.0,0,0,0,0,0,0,0,0,1,46,52,76,36,211,96,79,59,5,0,0,0,0,0,0,211,8888,661,8888,244
3,9,1,2018.0,0,0,0,0,0,3,6,17,70,122,139,136,146,49,87,61,31,17,1,0,0,0,0,0,146,8888,885,8888,244
4,9,1,2018.0,0,0,0,0,0,0,0,0,0,4,4,5,3,10,7,8,10,3,0,0,0,0,0,0,10,8888,53,8888,244
5,9,1,2018.0,198,189,188,191,200,201,198,199,208,218,225,236,240,242,238,232,224,209,210,206,197,201,185,179,242,179,8888,209,244
6,9,1,2018.0,13,16,1,4,16,3,12,14,15,15,15,14,14,14,15,15,15,15,16,1,1,16,3,3,15,8888,8888,8888,244
7,9,1,2018.0,34,15,16,16,23,17,16,9,21,18,31,25,27,32,39,39,46,30,43,20,14,24,25,17,46,8888,8888,25,244
8,9,1,2018.0,0,0,0,0,10,5,100,20,5,0,0,0,0,0,0,0,0,0,0,0,0,0,0,0,100,8888,140,8888,244
9,9,1,2018.0,0,0,0,0,0,0,0,0,0,0,0,0,0,0,0,0,0,0,0,0,0,0,0,0,0,8888,8888,8888,244
10,9,1,2018.0,0,0,0,0,0,9,10,10,10,10,10,10,10,10,10,10,10,10,2,0,0,0,0,0,10,8888,131,8888,244
1,9,2,2018.0,0,0,0,0,0,8,65,134,200,252,287,301,293,267,220,157,90,29,1,0,0,0,0,0,301,8888,2304,8888,245
2,9,2,2018.0,0,0,0,0,0,0,35,98,160,208,239,252,245,221,179,120,60,14,0,0,0,0,0,0,252,8888,1830,8888,245
3,9,2,2018.0,0,0,0,0,0,8,30,36,40,45,48,49,49,46,41,37,30,15,1,0,0,0,0,0,49,8888,474,8888,245
4,9,2,2018.0,0,0,0,0,0,0,9,10,10,10,10,10,10,10,10,10,10,9,0,0,0,0,0,0,10,8888,118,8888,245
5,9,2,2018.0,178,176,173,168,170,175,193,220,219,225,229,231,236,250,243,243,242,224,195,194,200,199,199,198,250,168,8888,207,245
6,9,2,2018.0,3,3,2,1,2,2,6,8,8,12,12,13,13,14,14,14,15,15,2,3,3,1,2,4,13,8888,8888,8888,245
7,9,2,2018.0,17,17,20,17,18,11,15,16,20,16,18,29,38,29,31,18,18,20,14,17,12,17,13,14,38,8888,8888,19,245
8,9,2,2018.0,0,0,0,0,0,0,0,0,0,0,0,0,0,0,0,0,0,0,0,0,0,0,0,0,0,8888,0,8888,245
9,9,2,2018.0,0,0,0,0,0,0,0,0,0,0,0,0,0,0,0,0,0,0,0,0,0,0,0,0,0,8888,8888,8888,245
10,9,2,2018.0,0,0,0,0,0,9,10,10,10,10,10,10,10,10,10,10,10,10,2,0,0,0,0,0,10,8888,130,8888,245
1,9,3,2018.0,0,0,0,0,0,7,43,98,151,133,116,202,283,216,66,115,57,24,1,0,0,0,0,0,283,8888,1510,8888,246
2,9,3,2018.0,0,0,0,0,0,0,6,33,65,19,2,54,233,115,0,39,12,7,0,0,0,0,0,0,233,8888,586,8888,246
3,9,3,2018.0,0,0,0,0,0,7,36,65,85,114,114,148,51,101,66,75,45,17,1,0,0,0,0,0,148,8888,924,8888,246
4,9,3,2018.0,0,0,0,0,0,0,2,5,6,2,0,4,10,7,0,5,3,5,0,0,0,0,0,0,10,8888,49,8888,246
5,9,3,2018.0,205,207,223,219,222,218,228,247,250,261,258,270,274,263,257,266,254,237,229,226,223,238,247,254,274,205,8888,241,246
6,9,3,2018.0,16,16,4,5,5,5,4,6,6,8,6,6,8,12,14,1,15,3,4,3,4,5,6,5,6,8888,8888,8888,246
7,9,3,2018.0,12,7,21,19,18,17,17,16,21,18,12,36,26,25,19,25,20,13,16,16,17,18,26,35,36,8888,8888,20,246
8,9,3,2018.0,0,0,0,0,0,0,0,0,0,0,0,0,0,0,0,0,0,0,0,0,0,0,0,0,0,8888,0,8888,246
9,9,3,2018.0,0,0,0,0,0,0,0,0,0,0,0,0,0,0,0,0,0,0,0,0,0,0,0,0,0,8888,8888,8888,246
10,9,3,2018.0,0,0,0,0,0,8,10,10,10,10,10,10,10,10,10,10,10,10,2,0,0,0,0,0,10,8888,130,8888,246
1,9,4,2018.0,0,0,0,0,0,7,61,129,194,225,236,267,172,221,109,60,67,12,0,0,0,0,0,0,267,8888,1761,8888,247
2,9,4,2018.0,0,0,0,0,0,0,31,91,152,152,141,186,36,131,17,1,25,0,0,0,0,0,0,0,186,8888,963,8888,247
3,9,4,2018.0,0,0,0,0,0,7,30,38,42,73,96,82,136,90,91,59,41,12,0,0,0,0,0,0,136,8888,798,8888,247
4,9,4,2018.0,0,0,0,0,0,0,9,10,10,9,8,9,3,8,2,0,6,0,0,0,0,0,0,0,10,8888,73,8888,247
5,9,4,2018.0,252,254,256,259,258,253,271,280,281,278,277,287,305,316,304,297,304,307,308,310,267,251,240,252,316,240,8888,278,247
6,9,4,2018.0,5,5,5,5,5,5,5,6,12,12,13,14,6,6,5,6,6,5,6,6,6,5,6,7,6,8888,8888,8888,247
7,9,4,2018.0,32,38,29,36,34,30,34,21,11,22,24,20,45,63,49,60,79,88,99,108,114,128,195,126,195,8888,8888,62,247
8,9,4,2018.0,0,0,0,0,0,0,0,0,0,0,0,0,0,0,0,0,0,0,0,0,5,35,140,5,140,8888,185,8888,247
9,9,4,2018.0,0,0,0,0,0,0,0,0,0,0,0,0,0,0,0,0,0,0,0,0,0,0,0,0,0,8888,8888,8888,247
10,9,4,2018.0,0,0,0,0,0,8,10,10,10,10,10,10,10,10,10,10,10,10,1,0,0,0,0,0,10,8888,130,8888,247
1,9,5,2018.0,0,0,0,0,0,5,12,75,168,207,197,235,142,128,116,110,32,14,0,0,0,0,0,0,235,8888,1441,8888,248
2,9,5,2018.0,0,0,0,0,0,0,0,11,88,110,52,107,10,9,17,37,0,1,0,0,0,0,0,0,110,8888,442,8888,248
3,9,5,2018.0,0,0,0,0,0,5,12,64,80,97,145,128,132,119,99,72,32,13,0,0,0,0,0,0,145,8888,999,8888,248
4,9,5,2018.0,0,0,0,0,0,0,0,2,7,7,4,6,1,1,2,5,0,1,0,0,0,0,0,0,7,8888,37,8888,248
5,9,5,2018.0,239,239,241,237,234,233,231,231,243,244,260,259,249,232,255,251,246,249,247,246,245,245,243,240,260,231,8888,243,248
6,9,5,2018.0,8,10,9,10,11,10,10,10,10,8,8,9,8,9,9,7,6,8,8,9,8,10,10,11,8,8888,8888,8888,248
7,9,5,2018.0,122,95,47,56,54,48,35,47,33,37,52,62,43,63,57,44,37,49,44,56,51,46,35,47,122,8888,8888,52,248
8,9,5,2018.0,0,0,0,0,0,0,10,0,0,0,0,0,0,0,0,0,0,0,0,0,0,0,0,0,10,8888,10,8888,248
9,9,5,2018.0,0,0,0,0,0,0,0,0,0,0,0,0,0,0,0,0,0,0,0,0,0,0,0,0,0,8888,8888,8888,248
10,9,5,2018.0,0,0,0,0,0,8,10,10,10,10,10,10,10,10,10,10,10,10,1,0,0,0,0,0,10,8888,129,8888,248
1,9,6,2018.0,0,0,0,0,0,6,32,121,192,243,274,288,280,192,107,44,24,19,0,0,0,0,0,0,288,8888,1822,8888,249
2,9,6,2018.0,0,0,0,0,0,0,0,73,151,198,224,238,229,85,8,0,2,4,0,0,0,0,0,0,238,8888,1213,8888,249
3,9,6,2018.0,0,0,0,0,0,6,31,48,41,46,50,50,50,107,99,44,22,15,0,0,0,0,0,0,107,8888,610,8888,249
4,9,6,2018.0,0,0,0,0,0,0,0,9,10,10,10,10,10,6,1,0,1,3,0,0,0,0,0,0,10,8888,70,8888,249
5,9,6,2018.0,237,236,236,232,204,224,242,247,254,259,259,259,262,254,253,224,215,234,243,245,242,239,235,233,262,204,8888,240,249
6,9,6,2018.0,11,9,10,12,13,13,10,9,9,9,9,9,9,9,8,5,6,8,9,9,10,9,7,5,9,8888,8888,8888,249
7,9,6,2018.0,46,27,41,23,9,12,40,34,45,47,55,42,50,57,53,19,20,17,40,41,35,39,16,38,57,8888,8888,35,249
8,9,6,2018.0,0,0,0,0,0,0,0,0,0,0,0,0,0,0,0,10,25,5,0,0,0,0,0,0,25,8888,40,8888,249
9,9,6,2018.0,0,0,0,0,0,0,0,0,0,0,0,0,0,0,0,0,0,0,0,0,0,0,0,0,0,8888,8888,8888,249
10,9,6,2018.0,0,0,0,0,0,8,10,10,10,10,10,10,10,10,10,10,10,10,1,0,0,0,0,0,10,8888,129,8888,249
1,9,7,2018.0,0,0,0,0,0,5,30,68,45,43,35,75,84,31,19,23,11,4,0,0,0,0,0,0,84,8888,473,8888,250
2,9,7,2018.0,0,0,0,0,0,0,0,5,0,0,0,0,1,0,0,0,0,0,0,0,0,0,0,0,5,8888,7,8888,250
3,9,7,2018.0,0,0,0,0,0,5,29,63,45,43,35,74,84,31,19,23,11,4,0,0,0,0,0,0,84,8888,466,8888,250
4,9,7,2018.0,0,0,0,0,0,0,0,1,0,0,0,0,0,0,0,0,0,0,0,0,0,0,0,0,1,8888,1,8888,250
5,9,7,2018.0,234,228,220,219,224,229,238,243,248,227,211,230,237,215,213,213,206,207,212,227,213,217,210,212,248,206,8888,222,250
6,9,7,2018.0,5,6,5,5,5,5,5,5,5,7,6,9,9,10,10,7,4,5,6,8,5,6,5,6,9,8888,8888,8888,250
7,9,7,2018.0,35,40,34,30,36,33,41,39,37,61,62,87,64,66,39,39,49,35,52,56,35,35,28,62,87,8888,8888,46,250
8,9,7,2018.0,0,5,15,0,0,0,0,0,0,0,10,0,0,15,40,5,5,0,0,0,0,0,55,75,75,8888,225,8888,250
9,9,7,2018.0,0,0,0,0,0,0,0,0,0,0,0,0,0,0,0,0,0,0,0,0,0,0,0,0,0,8888,8888,8888,250
10,9,7,2018.0,0,0,0,0,0,8,10,10,10,10,10,10,10,10,10,10,10,10,1,0,0,0,0,0,10,8888,128,8888,250
1,9,8,2018.0,0,0,0,0,0,3,18,29,89,79,123,162,170,130,156,97,31,8,0,0,0,0,0,0,170,8888,1095,8888,251
2,9,8,2018.0,0,0,0,0,0,0,0,0,7,1,3,22,35,9,55,27,0,0,0,0,0,0,0,0,55,8888,158,8888,251
3,9,8,2018.0,0,0,0,0,0,3,18,28,82,78,121,140,135,121,101,71,31,8,0,0,0,0,0,0,140,8888,937,8888,251
4,9,8,2018.0,0,0,0,0,0,0,0,0,1,0,0,2,3,1,5,4,0,0,0,0,0,0,0,0,5,8888,16,8888,251
5,9,8,2018.0,217,217,213,203,222,223,213,208,213,215,219,213,215,217,214,215,195,185,180,179,173,177,169,167,223,167,8888,203,251
6,9,8,2018.0,6,9,11,3,11,11,13,14,14,14,14,14,13,14,14,14,16,16,1,1,1,1,1,2,13,8888,8888,8888,251
7,9,8,2018.0,51,56,22,12,34,39,80,34,25,21,31,28,44,22,28,35,18,14,23,21,22,24,22,23,80,8888,8888,30,251
8,9,8,2018.0,0,50,30,5,0,5,0,0,0,0,0,0,0,0,0,0,0,0,0,0,0,0,0,0,50,8888,90,8888,251
9,9,8,2018.0,0,0,0,0,0,0,0,0,0,0,0,0,0,0,0,0,0,0,0,0,0,0,0,0,0,8888,8888,8888,251
10,9,8,2018.0,0,0,0,0,0,8,10,10,10,10,10,10,10,10,10,10,10,10,0,0,0,0,0,0,10,8888,128,8888,251
1,9,9,2018.0,0,0,0,0,0,2,8,20,59,66,65,77,40,30,24,16,9,4,0,0,0,0,0,0,77,8888,422,8888,252
2,9,9,2018.0,0,0,0,0,0,0,0,0,0,0,0,0,0,0,0,0,0,0,0,0,0,0,0,0,0,8888,2,8888,252
3,9,9,2018.0,0,0,0,0,0,2,8,20,58,66,65,77,40,30,24,16,9,4,0,0,0,0,0,0,77,8888,420,8888,252
4,9,9,2018.0,0,0,0,0,0,0,0,0,0,0,0,0,0,0,0,0,0,0,0,0,0,0,0,0,0,8888,0,8888,252
5,9,9,2018.0,170,168,167,169,157,157,153,159,173,182,188,191,175,173,161,162,158,164,164,164,167,154,154,154,191,153,8888,166,252
6,9,9,2018.0,1,2,1,2,2,2,3,4,1,8,2,12,2,4,4,5,2,16,1,1,1,1,2,3,16,8888,8888,8888,252
7,9,9,2018.0,20,17,20,14,12,10,27,21,21,9,5,7,10,16,15,12,13,31,19,20,26,14,19,19,31,8888,8888,17,252
8,9,9,2018.0,0,0,0,0,0,0,5,5,0,0,0,0,5,10,10,15,10,0,0,0,0,10,0,5,15,8888,75,8888,252
9,9,9,2018.0,0,0,0,0,0,0,0,0,0,0,0,0,0,0,0,0,0,0,0,0,0,0,0,0,0,8888,8888,8888,252
10,9,9,2018.0,0,0,0,0,0,7,10,10,10,10,10,10,10,10,10,10,10,10,0,0,0,0,0,0,10,8888,127,8888,252
1,9,10,2018.0,0,0,0,0,0,2,6,12,20,26,23,26,32,30,69,47,36,17,0,0,0,0,0,0,69,8888,343,8888,253
2,9,10,2018.0,0,0,0,0,0,0,0,0,0,0,0,0,0,0,1,0,3,4,0,0,0,0,0,0,4,8888,9,8888,253
3,9,10,2018.0,0,0,0,0,0,2,6,12,20,26,23,26,32,30,68,46,33,12,0,0,0,0,0,0,68,8888,335,8888,253
4,9,10,2018.0,0,0,0,0,0,0,0,0,0,0,0,0,0,0,0,0,1,3,0,0,0,0,0,0,3,8888,4,8888,253
5,9,10,2018.0,165,158,156,162,160,164,170,175,171,177,167,170,171,175,187,198,191,165,166,184,160,154,178,180,198,154,8888,171,253
6,9,10,2018.0,16,3,2,5,16,5,15,5,2,10,1,1,3,2,2,5,1,2,2,2,4,2,2,2,2,8888,8888,8888,253
7,9,10,2018.0,8,17,17,14,11,6,15,25,35,14,13,7,8,62,91,23,22,19,22,29,14,12,45,37,91,8888,8888,24,253
8,9,10,2018.0,10,10,0,5,15,20,30,30,25,25,50,35,20,15,0,0,0,0,0,0,0,0,0,0,50,8888,290,8888,253
9,9,10,2018.0,0,0,0,0,0,0,0,0,0,0,0,0,0,0,0,0,0,0,0,0,0,0,0,0,0,8888,8888,8888,253
10,9,10,2018.0,0,0,0,0,0,7,10,10,10,10,10,10,10,10,10,10,10,10,0,0,0,0,0,0,10,8888,127,8888,253
1,9,11,2018.0,0,0,0,0,0,9,54,127,185,244,279,269,283,254,206,142,76,19,0,0,0,0,0,0,283,8888,2147,8888,254
2,9,11,2018.0,0,0,0,0,0,0,25,94,127,201,232,191,236,210,166,107,49,8,0,0,0,0,0,0,236,8888,1647,8888,254
3,9,11,2018.0,0,0,0,0,0,9,29,33,58,43,47,78,47,44,39,35,27,10,0,0,0,0,0,0,78,8888,500,8888,254
4,9,11,2018.0,0,0,0,0,0,0,8,10,9,10,10,9,10,10,10,10,10,7,0,0,0,0,0,0,10,8888,114,8888,254
5,9,11,2018.0,179,177,169,171,141,140,157,190,194,209,210,209,209,213,213,213,206,190,188,184,181,156,150,149,213,140,8888,183,254
6,9,11,2018.0,2,3,3,2,2,2,1,1,13,7,8,13,13,13,14,14,15,15,2,3,3,2,1,4,13,8888,8888,8888,254
7,9,11,2018.0,31,34,32,29,23,19,14,4,14,20,22,31,50,46,32,30,37,22,19,32,26,16,22,16,50,8888,8888,26,254
8,9,11,2018.0,0,0,0,0,0,0,0,0,0,0,0,0,0,0,0,0,0,0,0,0,0,0,0,0,0,8888,0,8888,254
9,9,11,2018.0,0,0,0,0,0,0,0,0,0,0,0,0,0,0,0,0,0,0,0,0,0,0,0,0,0,8888,8888,8888,254
10,9,11,2018.0,0,0,0,0,0,7,10,10,10,10,10,10,10,10,10,10,10,9,0,0,0,0,0,0,10,8888,127,8888,254
1,9,12,2018.0,0,0,0,0,0,9,45,82,170,240,272,288,279,247,199,115,64,17,0,0,0,0,0,0,288,8888,2028,8888,255
2,9,12,2018.0,0,0,0,0,0,0,12,17,108,196,225,240,231,202,158,55,30,6,0,0,0,0,0,0,240,8888,1482,8888,255
3,9,12,2018.0,0,0,0,0,0,9,33,65,62,44,47,48,47,45,41,60,34,11,0,0,0,0,0,0,65,8888,547,8888,255
4,9,12,2018.0,0,0,0,0,0,0,4,3,9,10,10,10,10,10,10,7,8,6,0,0,0,0,0,0,10,8888,97,8888,255
5,9,12,2018.0,152,155,155,151,148,151,176,188,196,214,216,228,227,225,221,221,220,190,175,184,180,186,187,176,228,148,8888,188,255
6,9,12,2018.0,1,1,1,1,1,4,15,8,6,10,10,8,9,12,13,15,14,1,3,3,5,6,6,6,6,8888,8888,8888,255
7,9,12,2018.0,19,20,19,10,16,7,12,21,26,16,22,19,29,22,34,19,18,16,19,19,20,30,30,38,38,8888,8888,21,255
8,9,12,2018.0,0,0,0,0,0,0,0,0,0,0,0,0,0,0,0,0,0,0,0,0,0,0,0,0,0,8888,0,8888,255
9,9,12,2018.0,0,0,0,0,0,0,0,0,0,0,0,0,0,0,0,0,0,0,0,0,0,0,0,0,0,8888,8888,8888,255
10,9,12,2018.0,0,0,0,0,0,7,10,10,10,10,10,10,10,10,10,10,10,9,0,0,0,0,0,0,10,8888,126,8888,255
1,9,13,2018.0,0,0,0,0,0,4,26,62,177,162,270,274,269,243,195,136,32,8,0,0,0,0,0,0,274,8888,1859,8888,256
2,9,13,2018.0,0,0,0,0,0,0,0,1,119,44,222,223,219,197,153,99,0,0,0,0,0,0,0,0,223,8888,1279,8888,256
3,9,13,2018.0,0,0,0,0,0,4,25,61,59,118,47,52,50,46,42,36,32,8,0,0,0,0,0,0,118,8888,580,8888,256
4,9,13,2018.0,0,0,0,0,0,0,0,0,9,4,10,10,10,10,10,10,0,0,0,0,0,0,0,0,10,8888,74,8888,256
5,9,13,2018.0,165,157,160,155,156,152,170,186,218,220,234,237,235,232,230,226,209,191,192,199,207,208,202,208,237,152,8888,198,256
6,9,13,2018.0,3,4,15,3,3,4,5,5,6,7,7,8,9,8,7,7,4,5,5,5,5,5,5,5,4,8888,8888,8888,256
7,9,13,2018.0,36,40,11,20,24,20,22,22,26,24,27,24,26,24,23,21,15,21,20,21,28,28,20,27,40,8888,8888,24,256
8,9,13,2018.0,5,20,0,0,0,0,0,0,0,0,0,0,0,0,0,0,0,0,0,0,0,0,0,0,20,8888,25,8888,256
9,9,13,2018.0,0,0,0,0,0,0,0,0,0,0,0,0,0,0,0,0,0,0,0,0,0,0,0,0,0,8888,8888,8888,256
10,9,13,2018.0,0,0,0,0,0,7,10,10,10,10,10,10,10,10,10,10,10,9,0,0,0,0,0,0,10,8888,126,8888,256
1,9,14,2018.0,0,0,0,0,0,9,38,111,188,242,274,285,277,249,199,136,55,8,0,0,0,0,0,0,285,8888,2071,8888,257
2,9,14,2018.0,0,0,0,0,0,0,8,61,150,199,227,237,230,205,160,102,18,0,0,0,0,0,0,0,237,8888,1598,8888,257
3,9,14,2018.0,0,0,0,0,0,9,30,50,38,43,46,48,47,44,39,35,38,8,0,0,0,0,0,0,50,8888,474,8888,257
4,9,14,2018.0,0,0,0,0,0,0,3,8,10,10,10,10,10,10,10,10,5,0,0,0,0,0,0,0,10,8888,96,8888,257
5,9,14,2018.0,211,208,203,193,191,191,195,218,219,221,223,221,226,226,226,221,209,194,176,170,165,164,164,164,226,164,8888,200,257
6,9,14,2018.0,5,5,5,5,5,3,5,9,11,13,13,13,14,13,14,14,15,15,2,2,2,2,3,16,13,8888,8888,8888,257
7,9,14,2018.0,29,27,24,21,18,17,14,14,13,24,40,48,36,40,30,22,32,23,12,12,10,14,16,18,48,8888,8888,23,257
8,9,14,2018.0,0,0,0,0,0,0,0,0,0,0,0,0,0,0,0,0,0,0,0,0,0,0,0,0,0,8888,0,8888,257
9,9,14,2018.0,0,0,0,0,0,0,0,0,0,0,0,0,0,0,0,0,0,0,0,0,0,0,0,0,0,8888,8888,8888,257
10,9,14,2018.0,0,0,0,0,0,7,10,10,10,10,10,10,10,10,10,10,10,9,0,0,0,0,0,0,10,8888,125,8888,257
1,9,15,2018.0,0,0,0,0,0,3,19,48,70,73,130,174,259,234,190,113,60,9,0,0,0,0,0,0,259,8888,1382,8888,258
2,9,15,2018.0,0,0,0,0,0,0,0,1,1,1,3,35,206,186,147,58,26,0,0,0,0,0,0,0,206,8888,663,8888,258
3,9,15,2018.0,0,0,0,0,0,3,19,47,69,73,127,139,53,48,43,55,33,9,0,0,0,0,0,0,139,8888,719,8888,258
4,9,15,2018.0,0,0,0,0,0,0,0,0,0,0,0,3,10,10,10,8,7,0,0,0,0,0,0,0,10,8888,49,8888,258
5,9,15,2018.0,172,174,164,162,165,171,181,196,198,210,215,224,237,233,245,235,229,204,225,200,214,209,208,201,245,162,8888,203,258
6,9,15,2018.0,16,16,4,4,5,2,4,5,5,6,8,12,12,13,14,13,16,2,1,1,3,5,1,3,13,8888,8888,8888,258
7,9,15,2018.0,21,20,10,12,16,16,11,12,11,11,14,10,26,35,21,20,20,10,32,12,21,24,6,7,35,8888,8888,17,258
8,9,15,2018.0,0,0,0,0,0,0,0,0,0,0,0,0,0,0,0,0,0,0,0,0,0,0,0,0,0,8888,0,8888,258
9,9,15,2018.0,0,0,0,0,0,0,0,0,0,0,0,0,0,0,0,0,0,0,0,0,0,0,0,0,0,8888,8888,8888,258
10,9,15,2018.0,0,0,0,0,0,6,10,10,10,10,10,10,10,10,10,10,10,8,0,0,0,0,0,0,10,8888,125,8888,258
1,9,16,2018.0,0,0,0,0,0,9,40,81,179,200,123,185,129,145,59,43,19,4,0,0,0,0,0,0,200,8888,1217,8888,259
2,9,16,2018.0,0,0,0,0,0,0,10,17,137,118,9,51,9,30,0,0,0,0,0,0,0,0,0,0,137,8888,382,8888,259
3,9,16,2018.0,0,0,0,0,0,9,30,65,42,83,114,134,120,114,59,43,19,4,0,0,0,0,0,0,134,8888,835,8888,259
4,9,16,2018.0,0,0,0,0,0,0,4,3,10,8,1,4,1,3,0,0,0,0,0,0,0,0,0,0,10,8888,33,8888,259
5,9,16,2018.0,204,201,209,199,210,195,208,229,239,238,245,239,236,248,237,233,230,224,219,210,212,214,212,208,248,195,8888,221,259
6,9,16,2018.0,1,3,5,5,15,1,5,8,7,7,7,8,7,8,10,12,13,15,13,16,15,15,15,15,15,8888,8888,8888,259
7,9,16,2018.0,6,13,17,7,20,18,15,15,18,24,20,19,16,21,15,17,21,18,7,18,18,26,16,21,26,8888,8888,17,259
8,9,16,2018.0,0,0,0,0,0,0,0,0,0,0,0,0,0,0,0,0,0,0,0,0,0,0,0,0,0,8888,0,8888,259
9,9,16,2018.0,0,0,0,0,0,0,0,0,0,0,0,0,0,0,0,0,0,0,0,0,0,0,0,0,0,8888,8888,8888,259
10,9,16,2018.0,0,0,0,0,0,6,10,10,10,10,10,10,10,10,10,10,10,8,0,0,0,0,0,0,10,8888,124,8888,259
1,9,17,2018.0,0,0,0,0,0,8,19,35,122,189,249,285,275,243,193,131,64,16,0,0,0,0,0,0,285,8888,1830,8888,260
2,9,17,2018.0,0,0,0,0,0,0,0,0,34,85,174,238,229,200,154,97,40,7,0,0,0,0,0,0,238,8888,1258,8888,260
3,9,17,2018.0,0,0,0,0,0,8,19,35,88,104,74,47,46,43,39,34,25,8,0,0,0,0,0,0,104,8888,571,8888,260
4,9,17,2018.0,0,0,0,0,0,0,0,0,4,6,9,10,10,10,10,10,10,6,0,0,0,0,0,0,10,8888,85,8888,260
5,9,17,2018.0,208,205,203,204,205,208,213,213,217,218,221,222,224,226,222,218,212,209,200,200,196,207,205,199,226,196,8888,211,260
6,9,17,2018.0,15,15,16,16,15,14,14,14,14,13,14,13,13,13,14,14,13,14,14,14,13,13,14,14,13,8888,8888,8888,260
7,9,17,2018.0,27,27,21,23,19,19,39,35,31,52,36,44,51,44,48,43,64,32,27,34,48,73,55,29,73,8888,8888,38,260
8,9,17,2018.0,0,0,0,0,0,0,0,0,0,0,0,0,0,0,0,0,0,0,0,0,0,0,0,0,0,8888,0,8888,260
9,9,17,2018.0,0,0,0,0,0,0,0,0,0,0,0,0,0,0,0,0,0,0,0,0,0,0,0,0,0,8888,8888,8888,260
10,9,17,2018.0,0,0,0,0,0,6,10,10,10,10,10,10,10,10,10,10,10,8,0,0,0,0,0,0,10,8888,124,8888,260
1,9,18,2018.0,0,0,0,0,0,5,42,115,172,211,215,261,231,227,190,100,42,5,0,0,0,0,0,0,261,8888,1815,8888,261
2,9,18,2018.0,0,0,0,0,0,0,13,79,114,142,114,185,140,158,150,42,9,0,0,0,0,0,0,0,185,8888,1146,8888,261
3,9,18,2018.0,0,0,0,0,0,5,29,36,58,70,101,76,91,69,39,59,33,5,0,0,0,0,0,0,101,8888,669,8888,261
4,9,18,2018.0,0,0,0,0,0,0,5,10,9,9,7,9,8,9,10,6,3,0,0,0,0,0,0,0,10,8888,84,8888,261
5,9,18,2018.0,187,196,181,160,159,171,177,198,196,202,221,224,220,217,218,213,211,201,199,184,177,180,175,167,224,159,8888,193,261
6,9,18,2018.0,14,14,16,1,4,4,6,6,8,8,13,13,13,13,13,13,13,14,14,15,15,16,1,1,13,8888,8888,8888,261
7,9,18,2018.0,25,36,20,23,18,15,18,18,19,16,47,54,62,66,62,76,70,34,36,23,24,29,23,24,76,8888,8888,35,261
8,9,18,2018.0,0,0,0,0,0,0,0,0,0,0,0,0,0,0,0,0,0,0,0,0,0,0,0,0,0,8888,0,8888,261
9,9,18,2018.0,0,0,0,0,0,0,0,0,0,0,0,0,0,0,0,0,0,0,0,0,0,0,0,0,0,8888,8888,8888,261
10,9,18,2018.0,0,0,0,0,0,6,10,10,10,10,10,10,10,10,10,10,10,7,0,0,0,0,0,0,10,8888,123,8888,261
1,9,19,2018.0,0,0,0,0,0,5,47,118,178,228,248,218,231,167,118,92,45,7,0,0,0,0,0,0,248,8888,1702,8888,262
2,9,19,2018.0,0,0,0,0,0,0,21,85,138,184,175,99,141,59,33,30,12,0,0,0,0,0,0,0,184,8888,977,8888,262
3,9,19,2018.0,0,0,0,0,0,5,26,33,40,44,74,119,90,108,85,61,34,7,0,0,0,0,0,0,119,8888,725,8888,262
4,9,19,2018.0,0,0,0,0,0,0,8,10,10,10,9,6,8,5,4,5,4,0,0,0,0,0,0,0,10,8888,80,8888,262
5,9,19,2018.0,167,163,152,152,151,148,157,195,202,206,214,222,232,227,210,207,204,202,201,191,177,164,151,151,232,148,8888,185,262
6,9,19,2018.0,1,1,1,5,4,4,5,6,6,6,8,12,12,12,13,13,13,13,13,16,16,1,2,3,13,8888,8888,8888,262
7,9,19,2018.0,26,23,22,16,20,17,20,26,35,34,19,41,46,50,59,62,47,50,45,20,21,23,23,20,62,8888,8888,32,262
8,9,19,2018.0,0,0,0,0,0,0,0,0,0,0,0,0,0,0,0,0,0,0,0,0,0,0,0,0,0,8888,0,8888,262
9,9,19,2018.0,0,0,0,0,0,0,0,0,0,0,0,0,0,0,0,0,0,0,0,0,0,0,0,0,0,8888,8888,8888,262
10,9,19,2018.0,0,0,0,0,0,6,10,10,10,10,10,10,10,10,10,10,10,7,0,0,0,0,0,0,10,8888,123,8888,262
1,9,20,2018.0,0,0,0,0,0,5,25,51,72,183,220,267,260,229,185,124,60,13,0,0,0,0,0,0,267,8888,1695,8888,263
2,9,20,2018.0,0,0,0,0,0,0,0,1,1,82,118,217,213,183,146,91,38,5,0,0,0,0,0,0,217,8888,1095,8888,263
3,9,20,2018.0,0,0,0,0,0,5,25,50,71,101,102,50,47,46,39,34,23,8,0,0,0,0,0,0,102,8888,600,8888,263
4,9,20,2018.0,0,0,0,0,0,0,0,0,0,6,7,10,10,10,10,10,10,4,0,0,0,0,0,0,10,8888,78,8888,263
5,9,20,2018.0,143,153,162,157,162,164,175,186,195,205,207,215,212,223,221,213,209,192,180,157,152,152,151,160,223,143,8888,181,263
6,9,20,2018.0,3,4,4,4,4,5,5,5,6,6,7,8,8,12,12,14,14,16,16,3,2,3,4,3,14,8888,8888,8888,263
7,9,20,2018.0,19,19,19,19,21,19,19,21,23,24,21,18,14,19,24,30,20,22,23,11,15,13,18,20,30,8888,8888,20,263
8,9,20,2018.0,0,0,0,0,0,0,0,0,0,0,0,0,0,0,0,0,0,0,0,0,0,0,0,0,0,8888,0,8888,263
9,9,20,2018.0,0,0,0,0,0,0,0,0,0,0,0,0,0,0,0,0,0,0,0,0,0,0,0,0,0,8888,8888,8888,263
10,9,20,2018.0,0,0,0,0,0,6,10,10,10,10,10,10,10,10,10,10,10,7,0,0,0,0,0,0,10,8888,123,8888,263
1,9,21,2018.0,0,0,0,0,0,4,27,103,175,225,256,266,238,74,50,33,14,3,0,0,0,0,0,0,266,8888,1467,8888,264
2,9,21,2018.0,0,0,0,0,0,0,2,55,134,181,209,217,162,1,0,0,0,0,0,0,0,0,0,0,217,8888,960,8888,264
3,9,21,2018.0,0,0,0,0,0,4,24,48,40,44,47,49,76,73,50,33,14,3,0,0,0,0,0,0,76,8888,506,8888,264
4,9,21,2018.0,0,0,0,0,0,0,1,8,10,10,10,10,9,0,0,0,0,0,0,0,0,0,0,0,10,8888,57,8888,264
5,9,21,2018.0,153,151,150,153,156,173,162,183,204,210,213,219,220,220,225,224,219,220,219,182,181,188,193,170,225,150,8888,191,264
6,9,21,2018.0,3,1,1,1,1,1,5,5,13,13,13,13,13,13,4,4,4,4,5,5,5,4,4,4,4,8888,8888,8888,264
7,9,21,2018.0,16,12,17,22,21,24,12,13,19,29,34,35,26,28,10,23,23,23,26,27,41,50,31,39,50,8888,8888,25,264
8,9,21,2018.0,0,0,0,0,0,0,0,0,0,0,0,0,0,0,0,0,0,0,0,10,15,5,0,20,20,8888,50,8888,264
9,9,21,2018.0,0,0,0,0,0,0,0,0,0,0,0,0,0,0,0,0,0,0,0,0,0,0,0,0,0,8888,8888,8888,264
10,9,21,2018.0,0,0,0,0,0,6,10,10,10,10,10,10,10,10,10,10,10,7,0,0,0,0,0,0,10,8888,122,8888,264
1,9,22,2018.0,0,0,0,0,0,4,13,34,95,90,204,111,162,104,45,23,13,2,0,0,0,0,0,0,204,8888,901,8888,265
2,9,22,2018.0,0,0,0,0,0,0,0,0,14,1,92,2,33,8,0,0,0,0,0,0,0,0,0,0,92,8888,151,8888,265
3,9,22,2018.0,0,0,0,0,0,4,13,34,80,89,112,109,129,97,44,23,13,2,0,0,0,0,0,0,129,8888,750,8888,265
4,9,22,2018.0,0,0,0,0,0,0,0,0,2,0,6,0,3,1,0,0,0,0,0,0,0,0,0,0,6,8888,12,8888,265
5,9,22,2018.0,170,172,180,194,196,203,201,198,209,215,224,214,239,227,222,213,205,210,202,207,207,206,205,202,239,170,8888,205,265
6,9,22,2018.0,4,4,3,3,4,4,4,3,3,4,4,5,4,6,6,6,6,11,12,12,13,12,13,13,3,8888,8888,8888,265
7,9,22,2018.0,35,45,76,74,59,77,56,81,77,58,64,58,62,66,64,65,41,45,52,71,69,47,72,69,81,8888,8888,62,265
8,9,22,2018.0,45,30,10,0,0,0,0,0,0,0,0,0,0,0,0,0,0,5,10,10,0,0,0,0,45,8888,110,8888,265
9,9,22,2018.0,0,0,0,0,0,0,0,0,0,0,0,0,0,0,0,0,0,0,0,0,0,0,0,0,0,8888,8888,8888,265
10,9,22,2018.0,0,0,0,0,0,5,10,10,10,10,10,10,10,10,10,10,10,6,0,0,0,0,0,0,10,8888,122,8888,265
1,9,23,2018.0,0,0,0,0,0,4,38,85,153,205,261,258,261,230,182,114,50,9,0,0,0,0,0,0,261,8888,1850,8888,266
2,9,23,2018.0,0,0,0,0,0,0,12,28,88,125,216,207,216,187,144,70,24,0,0,0,0,0,0,0,216,8888,1317,8888,266
3,9,23,2018.0,0,0,0,0,0,4,27,57,66,80,45,51,45,43,38,43,27,8,0,0,0,0,0,0,80,8888,533,8888,266
4,9,23,2018.0,0,0,0,0,0,0,5,5,8,8,10,10,10,10,10,9,8,0,0,0,0,0,0,0,10,8888,93,8888,266
5,9,23,2018.0,200,202,197,196,193,192,185,204,204,215,216,218,221,225,230,227,217,193,194,193,188,192,184,183,230,183,8888,203,266
6,9,23,2018.0,13,13,14,13,14,13,16,13,13,13,13,13,9,9,8,6,6,5,5,4,4,3,4,3,13,8888,8888,8888,266
7,9,23,2018.0,36,64,46,43,44,39,15,31,22,24,18,13,15,19,22,30,23,20,23,22,21,24,20,24,64,8888,8888,27,266
8,9,23,2018.0,0,0,0,0,0,0,0,0,0,0,0,0,0,0,0,0,0,0,0,0,0,0,0,0,0,8888,0,8888,266
9,9,23,2018.0,0,0,0,0,0,0,0,0,0,0,0,0,0,0,0,0,0,0,0,0,0,0,0,0,0,8888,8888,8888,266
10,9,23,2018.0,0,0,0,0,0,5,10,10,10,10,10,10,10,10,10,10,10,6,0,0,0,0,0,0,10,8888,121,8888,266
1,9,24,2018.0,0,0,0,0,0,4,18,44,78,185,138,180,87,111,57,36,15,5,0,0,0,0,0,0,185,8888,958,8888,267
2,9,24,2018.0,0,0,0,0,0,0,0,1,1,97,20,49,1,8,0,0,0,0,0,0,0,0,0,0,97,8888,177,8888,267
3,9,24,2018.0,0,0,0,0,0,4,18,44,76,88,118,131,87,103,56,36,15,5,0,0,0,0,0,0,131,8888,781,8888,267
4,9,24,2018.0,0,0,0,0,0,0,0,0,0,7,2,4,0,1,0,0,0,0,0,0,0,0,0,0,7,8888,15,8888,267
5,9,24,2018.0,185,193,183,191,176,195,205,217,220,226,236,231,230,235,232,228,217,190,191,194,191,192,191,187,236,176,8888,206,267
6,9,24,2018.0,3,3,3,3,4,5,5,6,6,6,6,6,6,8,8,9,12,1,1,15,16,16,15,15,6,8888,8888,8888,267
7,9,24,2018.0,19,22,21,24,20,28,34,45,55,54,47,35,36,36,35,37,51,17,24,24,32,25,30,24,55,8888,8888,32,267
8,9,24,2018.0,0,0,0,0,0,0,0,0,0,0,0,0,0,0,0,0,0,10,0,0,0,0,0,0,10,8888,10,8888,267
9,9,24,2018.0,0,0,0,0,0,0,0,0,0,0,0,0,0,0,0,0,0,0,0,0,0,0,0,0,0,8888,8888,8888,267
10,9,24,2018.0,0,0,0,0,0,5,10,10,10,10,10,10,10,10,10,10,10,6,0,0,0,0,0,0,10,8888,121,8888,267
1,9,25,2018.0,0,0,0,0,0,4,13,39,70,138,96,60,62,51,33,22,10,4,0,0,0,0,0,0,138,8888,601,8888,268
2,9,25,2018.0,0,0,0,0,0,0,0,0,1,28,1,0,0,0,0,0,0,0,0,0,0,0,0,0,28,8888,32,8888,268
3,9,25,2018.0,0,0,0,0,0,4,13,38,69,110,94,60,62,51,33,22,10,4,0,0,0,0,0,0,110,8888,569,8888,268
4,9,25,2018.0,0,0,0,0,0,0,0,0,0,3,0,0,0,0,0,0,0,0,0,0,0,0,0,0,3,8888,3,8888,268
5,9,25,2018.0,184,183,180,174,175,173,172,183,188,193,189,189,190,191,177,177,173,166,164,166,169,167,167,164,193,164,8888,177,268
6,9,25,2018.0,15,16,16,16,16,16,16,16,14,14,13,13,14,15,16,16,1,2,1,16,16,16,16,16,13,8888,8888,8888,268
7,9,25,2018.0,27,25,25,20,22,22,20,14,25,37,26,39,19,17,33,34,24,20,19,24,30,25,23,23,39,8888,8888,25,268
8,9,25,2018.0,0,0,0,0,0,0,0,0,0,0,0,0,0,0,0,0,0,0,0,0,0,0,0,0,0,8888,0,8888,268
9,9,25,2018.0,0,0,0,0,0,0,0,0,0,0,0,0,0,0,0,0,0,0,0,0,0,0,0,0,0,8888,8888,8888,268
10,9,25,2018.0,0,0,0,0,0,5,10,10,10,10,10,10,10,10,10,10,10,6,0,0,0,0,0,0,10,8888,120,8888,268
1,9,26,2018.0,0,0,0,0,0,4,42,107,159,220,255,251,202,138,156,81,29,4,0,0,0,0,0,0,255,8888,1648,8888,269
2,9,26,2018.0,0,0,0,0,0,0,18,66,103,177,210,199,91,39,91,26,5,0,0,0,0,0,0,0,210,8888,1026,8888,269
3,9,26,2018.0,0,0,0,0,0,4,24,41,56,43,45,52,111,99,65,55,25,4,0,0,0,0,0,0,111,8888,622,8888,269
4,9,26,2018.0,0,0,0,0,0,0,7,9,9,10,10,10,6,4,8,5,2,0,0,0,0,0,0,0,10,8888,79,8888,269
5,9,26,2018.0,159,154,153,135,134,145,166,183,181,196,198,201,198,201,202,186,177,177,175,178,179,180,162,150,202,134,8888,174,269
6,9,26,2018.0,1,1,1,2,1,2,1,1,9,15,14,14,14,15,15,15,1,10,14,13,2,4,4,4,2,8888,8888,8888,269
7,9,26,2018.0,22,23,23,21,21,23,25,13,21,20,34,39,36,25,31,32,16,16,18,12,40,26,11,14,40,8888,8888,23,269
8,9,26,2018.0,0,0,0,0,0,0,0,0,0,0,0,0,0,0,0,0,0,0,0,0,0,0,0,0,0,8888,0,8888,269
9,9,26,2018.0,0,0,0,0,0,0,0,0,0,0,0,0,0,0,0,0,0,0,0,0,0,0,0,0,0,8888,8888,8888,269
10,9,26,2018.0,0,0,0,0,0,5,10,10,10,10,10,10,10,10,10,10,10,5,0,0,0,0,0,0,10,8888,120,8888,269
1,9,27,2018.0,0,0,0,0,0,3,8,19,29,34,55,63,42,33,26,14,7,4,0,0,0,0,0,0,63,8888,336,8888,270
2,9,27,2018.0,0,0,0,0,0,0,0,0,0,0,0,0,0,0,0,0,0,0,0,0,0,0,0,0,0,8888,1,8888,270
3,9,27,2018.0,0,0,0,0,0,3,8,19,29,34,55,63,42,33,26,14,7,4,0,0,0,0,0,0,63,8888,336,8888,270
4,9,27,2018.0,0,0,0,0,0,0,0,0,0,0,0,0,0,0,0,0,0,0,0,0,0,0,0,0,0,8888,0,8888,270
5,9,27,2018.0,183,184,183,180,180,178,177,176,177,181,183,193,191,185,181,168,162,149,148,144,141,141,138,137,193,137,8888,169,270
6,9,27,2018.0,3,3,3,3,3,3,3,3,3,2,5,8,4,5,6,3,4,1,5,1,2,3,4,3,3,8888,8888,8888,270
7,9,27,2018.0,37,47,49,46,53,56,51,52,28,25,23,13,9,14,21,12,16,17,17,22,16,22,17,17,56,8888,8888,28,270
8,9,27,2018.0,0,0,0,0,0,0,0,0,0,0,0,0,0,0,0,0,0,0,10,5,0,5,0,0,10,8888,20,8888,270
9,9,27,2018.0,0,0,0,0,0,0,0,0,0,0,0,0,0,0,0,0,0,0,0,0,0,0,0,0,0,8888,8888,8888,270
10,9,27,2018.0,0,0,0,0,0,5,10,10,10,10,10,10,10,10,10,10,10,5,0,0,0,0,0,0,10,8888,120,8888,270
1,9,28,2018.0,0,0,0,0,0,3,19,65,165,181,176,258,253,204,157,79,23,4,0,0,0,0,0,0,258,8888,1588,8888,271
2,9,28,2018.0,0,0,0,0,0,0,0,9,126,94,62,211,209,138,100,26,0,0,0,0,0,0,0,0,211,8888,977,8888,271
3,9,28,2018.0,0,0,0,0,0,3,19,55,39,86,114,47,44,66,57,53,23,4,0,0,0,0,0,0,114,8888,611,8888,271
4,9,28,2018.0,0,0,0,0,0,0,0,2,10,7,5,10,10,9,9,5,0,0,0,0,0,0,0,0,10,8888,67,8888,271
5,9,28,2018.0,136,136,140,134,135,136,144,163,170,178,190,194,197,198,202,188,175,158,167,158,169,167,165,160,202,134,8888,165,271
6,9,28,2018.0,4,5,4,3,5,1,3,4,14,13,13,13,13,14,14,14,16,1,1,15,16,15,16,1,13,8888,8888,8888,271
7,9,28,2018.0,16,17,19,19,22,18,17,11,15,17,30,40,40,34,33,30,25,16,21,16,24,28,23,21,40,8888,8888,23,271
8,9,28,2018.0,0,0,0,0,0,0,5,0,0,0,0,0,5,0,0,0,0,0,0,0,0,0,0,0,5,8888,10,8888,271
9,9,28,2018.0,0,0,0,0,0,0,0,0,0,0,0,0,0,0,0,0,0,0,0,0,0,0,0,0,0,8888,8888,8888,271
10,9,28,2018.0,0,0,0,0,0,4,10,10,10,10,10,10,10,10,10,10,10,5,0,0,0,0,0,0,10,8888,119,8888,271
1,9,29,2018.0,0,0,0,0,0,3,19,87,151,205,207,163,147,66,45,30,10,3,0,0,0,0,0,0,207,8888,1137,8888,272
2,9,29,2018.0,0,0,0,0,0,0,0,36,88,140,110,46,31,0,0,0,0,0,0,0,0,0,0,0,140,8888,453,8888,272
3,9,29,2018.0,0,0,0,0,0,3,18,51,63,65,97,117,116,66,45,30,10,3,0,0,0,0,0,0,117,8888,684,8888,272
4,9,29,2018.0,0,0,0,0,0,0,0,6,8,9,7,4,3,0,0,0,0,0,0,0,0,0,0,0,9,8888,38,8888,272
5,9,29,2018.0,146,138,144,136,133,135,149,181,188,197,193,194,194,189,182,177,165,155,163,155,170,181,182,183,197,133,8888,168,272
6,9,29,2018.0,2,1,2,2,1,4,5,10,7,8,8,13,13,15,16,2,3,3,3,4,5,5,5,5,5,8888,8888,8888,272
7,9,29,2018.0,15,18,22,19,19,12,15,8,22,22,17,12,23,16,17,12,15,18,21,14,18,24,27,27,27,8888,8888,18,272
8,9,29,2018.0,0,0,0,0,0,0,0,0,0,0,0,0,0,0,0,0,0,0,0,0,0,0,0,0,0,8888,0,8888,272
9,9,29,2018.0,0,0,0,0,0,0,0,0,0,0,0,0,0,0,0,0,0,0,0,0,0,0,0,0,0,8888,8888,8888,272
10,9,29,2018.0,0,0,0,0,0,4,10,10,10,10,10,10,10,10,10,10,10,4,0,0,0,0,0,0,10,8888,119,8888,272
1,9,30,2018.0,0,0,0,0,0,3,5,21,22,43,38,35,50,43,36,16,8,3,0,0,0,0,0,0,50,8888,322,8888,273
2,9,30,2018.0,0,0,0,0,0,0,0,0,0,0,0,0,0,0,0,0,0,0,0,0,0,0,0,0,0,8888,0,8888,273
3,9,30,2018.0,0,0,0,0,0,3,5,21,22,43,38,35,50,43,36,16,8,3,0,0,0,0,0,0,50,8888,322,8888,273
4,9,30,2018.0,0,0,0,0,0,0,0,0,0,0,0,0,0,0,0,0,0,0,0,0,0,0,0,0,0,8888,0,8888,273
5,9,30,2018.0,188,187,193,196,172,169,172,175,177,179,180,180,193,196,201,183,192,188,180,176,175,166,170,163,201,163,8888,181,273
6,9,30,2018.0,5,5,5,5,5,5,4,5,5,5,6,5,5,6,4,2,4,5,4,16,15,16,7,16,6,8888,8888,8888,273
7,9,30,2018.0,28,29,32,32,33,28,23,26,31,47,65,35,35,41,20,18,29,22,20,17,17,19,11,23,65,8888,8888,28,273
8,9,30,2018.0,0,0,0,0,0,0,10,0,15,5,5,10,5,5,0,0,0,0,0,5,0,15,0,20,20,8888,95,8888,273
9,9,30,2018.0,0,0,0,0,0,0,0,0,0,0,0,0,0,0,0,0,0,0,0,0,0,0,0,0,0,8888,8888,8888,273
10,9,30,2018.0,0,0,0,0,0,4,10,10,10,10,10,10,10,10,10,10,10,4,0,0,0,0,0,0,10,8888,118,8888,273
1,10,1,2011.0,0,0,0,0,0,3,20,37,119,101,106,140,131,85,57,33,17,3,0,0,0,0,0,0,140,8888,852,8888,274
2,10,1,2011.0,0,0,0,0,0,0,2,4,34,7,8,20,20,7,1,0,0,0,0,0,0,0,0,0,34,8888,104,8888,274
3,10,1,2011.0,0,0,0,0,0,3,18,34,85,94,98,120,111,77,57,33,17,3,0,0,0,0,0,0,120,8888,749,8888,274
4,10,1,2011.0,0,0,0,0,0,0,1,1,4,1,1,2,2,1,0,0,0,0,0,0,0,0,0,0,4,8888,13,8888,274
5,10,1,2011.0,161,162,146,147,143,143,135,121,136,142,148,153,145,143,137,136,121,123,112,97,101,97,91,96,162,91,8888,131,274
6,10,1,2011.0,14,13,14,14,14,13,14,14,13,14,13,13,13,14,14,14,15,15,16,1,16,1,1,1,13,8888,8888,8888,274
7,10,1,2011.0,39,48,37,48,48,48,46,33,49,42,37,50,40,38,28,26,35,35,20,23,19,25,21,25,50,8888,8888,36,274
8,10,1,2011.0,0,0,0,0,0,0,0,5,0,0,0,0,0,0,0,0,0,0,0,0,5,0,0,0,5,8888,10,8888,274
9,10,1,2011.0,0,0,0,0,0,0,0,0,0,0,0,0,0,0,0,0,0,0,0,0,0,0,0,0,0,8888,8888,8888,274
10,10,1,2011.0,0,0,0,0,0,4,10,10,10,10,10,10,10,10,10,10,10,4,0,0,0,0,0,0,10,8888,118,8888,274
1,10,2,2011.0,0,0,0,0,0,3,22,60,62,40,69,46,132,42,79,64,8,2,0,0,0,0,0,0,132,8888,628,8888,275
2,10,2,2011.0,0,0,0,0,0,0,2,9,1,0,0,0,20,0,6,14,0,0,0,0,0,0,0,0,20,8888,52,8888,275
3,10,2,2011.0,0,0,0,0,0,3,20,50,61,40,69,46,112,42,73,50,8,2,0,0,0,0,0,0,112,8888,576,8888,275
4,10,2,2011.0,0,0,0,0,0,0,1,2,0,0,0,0,2,0,1,3,0,0,0,0,0,0,0,0,3,8888,8,8888,275
5,10,2,2011.0,106,86,89,91,85,97,115,125,114,136,115,144,122,140,141,139,111,108,104,116,120,106,102,91,144,85,8888,113,275
6,10,2,2011.0,11,2,4,5,4,3,4,7,13,11,13,13,13,13,13,13,15,15,16,15,13,15,14,16,13,8888,8888,8888,275
7,10,2,2011.0,16,10,7,14,11,10,12,12,38,40,36,21,28,53,52,29,45,35,21,32,22,41,49,30,53,8888,8888,28,275
8,10,2,2011.0,0,0,0,0,0,0,0,0,0,10,5,15,5,5,0,0,5,0,0,0,0,25,0,0,25,8888,70,8888,275
9,10,2,2011.0,0,0,0,0,0,0,0,0,0,0,0,0,0,0,0,0,0,0,0,0,0,0,0,0,0,8888,8888,8888,275
10,10,2,2011.0,0,0,0,0,0,4,10,10,10,10,10,10,10,10,10,10,10,4,0,0,0,0,0,0,10,8888,117,8888,275
1,10,3,2011.0,0,0,0,0,0,3,10,39,59,15,122,133,176,63,38,51,21,2,0,0,0,0,0,0,176,8888,733,8888,276
2,10,3,2011.0,0,0,0,0,0,0,0,4,5,0,8,20,49,0,0,9,2,0,0,0,0,0,0,0,49,8888,98,8888,276
3,10,3,2011.0,0,0,0,0,0,3,10,35,54,15,114,113,128,63,38,42,19,2,0,0,0,0,0,0,128,8888,635,8888,276
4,10,3,2011.0,0,0,0,0,0,0,0,1,1,0,1,2,4,0,0,2,1,0,0,0,0,0,0,0,4,8888,12,8888,276
5,10,3,2011.0,115,121,105,121,93,107,96,106,101,103,106,126,128,117,102,111,104,122,117,113,131,108,108,122,131,93,8888,112,276
6,10,3,2011.0,15,14,16,13,1,15,16,15,13,13,16,15,14,15,14,16,16,15,15,16,14,1,1,15,13,8888,8888,8888,276
7,10,3,2011.0,41,36,53,42,45,30,30,43,55,16,44,39,44,36,40,25,30,39,29,29,40,28,25,27,55,8888,8888,36,276
8,10,3,2011.0,0,0,0,0,0,0,5,5,35,60,0,0,0,0,5,0,0,0,0,0,0,0,0,0,60,8888,110,8888,276
9,10,3,2011.0,0,0,0,0,0,0,0,0,0,0,0,0,0,0,0,0,0,0,0,0,0,0,0,0,0,8888,8888,8888,276
10,10,3,2011.0,0,0,0,0,0,4,10,10,10,10,10,10,10,10,10,10,10,3,0,0,0,0,0,0,10,8888,117,8888,276
1,10,4,2011.0,0,0,0,0,0,2,23,49,70,82,107,190,216,115,73,56,16,2,0,0,0,0,0,0,216,8888,1002,8888,277
2,10,4,2011.0,0,0,0,0,0,0,2,1,1,1,2,87,147,17,6,9,0,0,0,0,0,0,0,0,147,8888,274,8888,277
3,10,4,2011.0,0,0,0,0,0,2,22,48,69,81,105,103,69,98,68,47,15,2,0,0,0,0,0,0,105,8888,728,8888,277
4,10,4,2011.0,0,0,0,0,0,0,1,0,0,0,0,6,9,2,1,2,0,0,0,0,0,0,0,0,9,8888,21,8888,277
5,10,4,2011.0,105,79,84,97,85,77,103,110,115,134,136,162,173,166,177,175,169,149,125,131,129,113,130,134,177,77,8888,127,277
6,10,4,2011.0,1,1,2,12,1,2,5,4,5,5,4,6,8,3,12,11,12,12,2,4,4,3,4,5,12,8888,8888,8888,277
7,10,4,2011.0,20,7,9,16,8,8,7,7,6,8,6,18,13,3,19,28,29,34,13,12,15,7,17,7,34,8888,8888,13,277
8,10,4,2011.0,0,0,0,15,0,0,0,0,0,0,0,0,0,0,0,0,0,5,0,0,0,5,0,0,15,8888,25,8888,277
9,10,4,2011.0,0,0,0,0,0,0,0,0,0,0,0,0,0,0,0,0,0,0,0,0,0,0,0,0,0,8888,8888,8888,277
10,10,4,2011.0,0,0,0,0,0,3,10,10,10,10,10,10,10,10,10,10,10,3,0,0,0,0,0,0,10,8888,116,8888,277
1,10,5,2011.0,0,0,0,0,0,2,16,47,118,206,237,238,236,207,149,80,32,2,0,0,0,0,0,0,238,8888,1571,8888,278
2,10,5,2011.0,0,0,0,0,0,0,0,1,43,167,196,192,196,170,100,38,15,0,0,0,0,0,0,0,196,8888,1118,8888,278
3,10,5,2011.0,0,0,0,0,0,2,16,46,75,39,41,46,40,37,49,42,18,1,0,0,0,0,0,0,75,8888,453,8888,278
4,10,5,2011.0,0,0,0,0,0,0,0,0,5,10,10,10,10,10,9,7,8,1,0,0,0,0,0,0,10,8888,79,8888,278
5,10,5,2011.0,131,118,119,128,125,107,108,130,164,179,180,189,193,189,189,175,160,139,154,149,158,163,164,154,193,107,8888,153,278
6,10,5,2011.0,5,3,4,4,3,1,1,1,11,8,8,7,7,5,3,4,4,2,3,3,5,5,5,4,7,8888,8888,8888,278
7,10,5,2011.0,6,11,9,13,13,19,17,7,4,17,15,21,21,11,10,8,10,10,13,12,8,10,9,9,21,8888,8888,12,278
8,10,5,2011.0,0,15,0,5,0,0,0,0,0,0,0,0,0,0,0,0,0,0,0,0,0,0,0,0,15,8888,20,8888,278
9,10,5,2011.0,0,0,0,0,0,0,0,0,0,0,0,0,0,0,0,0,0,0,0,0,0,0,0,0,0,8888,8888,8888,278
10,10,5,2011.0,0,0,0,0,0,3,10,10,10,10,10,10,10,10,10,10,10,3,0,0,0,0,0,0,10,8888,116,8888,278
1,10,6,2011.0,0,0,0,0,0,2,4,12,27,49,186,210,210,133,52,38,12,1,0,0,0,0,0,0,210,8888,938,8888,279
2,10,6,2011.0,0,0,0,0,0,0,0,0,0,0,86,116,131,39,0,0,0,0,0,0,0,0,0,0,131,8888,372,8888,279
3,10,6,2011.0,0,0,0,0,0,2,4,12,27,49,100,95,79,94,52,38,12,1,0,0,0,0,0,0,100,8888,565,8888,279
4,10,6,2011.0,0,0,0,0,0,0,0,0,0,0,6,7,8,4,0,0,0,0,0,0,0,0,0,0,8,8888,25,8888,279
5,10,6,2011.0,158,155,162,156,151,153,142,144,145,162,179,197,197,186,179,173,165,158,159,166,151,132,124,136,197,124,8888,160,279
6,10,6,2011.0,4,4,4,5,4,4,4,5,5,3,6,4,7,7,6,5,5,5,4,13,5,2,4,5,4,8888,8888,8888,279
7,10,6,2011.0,14,11,16,11,9,24,28,15,17,15,18,12,25,23,12,8,7,10,17,15,9,24,5,20,28,8888,8888,15,279
8,10,6,2011.0,0,0,0,0,0,0,20,15,5,5,0,0,0,0,0,0,0,5,0,0,15,50,0,35,50,8888,150,8888,279
9,10,6,2011.0,0,0,0,0,0,0,0,0,0,0,0,0,0,0,0,0,0,0,0,0,0,0,0,0,0,8888,8888,8888,279
10,10,6,2011.0,0,0,0,0,0,3,10,10,10,10,10,10,10,10,10,10,10,2,0,0,0,0,0,0,10,8888,116,8888,279
1,10,7,2011.0,0,0,0,0,0,2,8,31,92,69,105,162,180,135,119,78,23,1,0,0,0,0,0,0,180,8888,1006,8888,280
2,10,7,2011.0,0,0,0,0,0,0,0,0,21,1,19,47,82,39,53,34,5,0,0,0,0,0,0,0,82,8888,301,8888,280
3,10,7,2011.0,0,0,0,0,0,2,8,31,71,68,86,115,97,96,67,44,18,1,0,0,0,0,0,0,115,8888,705,8888,280
4,10,7,2011.0,0,0,0,0,0,0,0,0,3,0,2,4,6,4,6,6,3,0,0,0,0,0,0,0,6,8888,34,8888,280
5,10,7,2011.0,160,164,159,148,154,154,146,160,167,150,169,168,174,175,173,171,161,154,150,148,151,142,134,129,175,129,8888,157,280
6,10,7,2011.0,12,12,12,13,13,13,13,13,13,13,14,14,13,13,13,13,15,15,16,16,16,16,16,1,13,8888,8888,8888,280
7,10,7,2011.0,27,40,15,10,52,38,66,100,89,75,64,60,86,64,59,46,32,27,22,22,23,21,16,18,100,8888,8888,45,280
8,10,7,2011.0,0,0,0,0,5,0,5,5,0,5,10,0,0,0,0,0,0,0,0,0,0,0,0,0,10,8888,30,8888,280
9,10,7,2011.0,0,0,0,0,0,0,0,0,0,0,0,0,0,0,0,0,0,0,0,0,0,0,0,0,0,8888,8888,8888,280
10,10,7,2011.0,0,0,0,0,0,3,10,10,10,10,10,10,10,10,10,10,10,2,0,0,0,0,0,0,10,8888,115,8888,280
1,10,8,2011.0,0,0,0,0,0,2,20,70,121,120,230,229,189,185,87,69,21,1,0,0,0,0,0,0,230,8888,1345,8888,281
2,10,8,2011.0,0,0,0,0,0,0,2,20,54,27,189,181,101,125,20,28,5,0,0,0,0,0,0,0,189,8888,751,8888,281
3,10,8,2011.0,0,0,0,0,0,2,18,50,68,93,41,48,88,60,67,41,16,1,0,0,0,0,0,0,93,8888,594,8888,281
4,10,8,2011.0,0,0,0,0,0,0,1,4,6,3,10,10,7,9,3,6,3,0,0,0,0,0,0,0,10,8888,62,8888,281
5,10,8,2011.0,133,120,109,112,106,104,122,150,149,165,174,181,184,192,167,171,150,132,125,105,98,101,113,102,192,98,8888,136,281
6,10,8,2011.0,16,1,1,1,1,1,1,7,7,5,9,8,13,13,13,13,15,16,16,1,1,1,2,1,13,8888,8888,8888,281
7,10,8,2011.0,17,11,18,14,13,15,13,5,14,10,15,16,8,11,14,30,20,20,19,18,20,17,9,15,30,8888,8888,15,281
8,10,8,2011.0,0,0,0,0,0,0,0,0,0,0,0,0,0,0,0,0,0,0,0,0,0,0,0,0,0,8888,0,8888,281
9,10,8,2011.0,0,0,0,0,0,0,0,0,0,0,0,0,0,0,0,0,0,0,0,0,0,0,0,0,0,8888,8888,8888,281
10,10,8,2011.0,0,0,0,0,0,3,10,10,10,10,10,10,10,10,10,10,10,2,0,0,0,0,0,0,10,8888,115,8888,281
1,10,9,2011.0,0,0,0,0,0,2,23,94,153,203,234,244,231,198,147,75,18,1,0,0,0,0,0,0,244,8888,1622,8888,282
2,10,9,2011.0,0,0,0,0,0,0,4,66,119,167,195,204,192,161,114,37,3,0,0,0,0,0,0,0,204,8888,1261,8888,282
3,10,9,2011.0,0,0,0,0,0,2,19,28,34,36,39,40,39,37,34,38,15,1,0,0,0,0,0,0,40,8888,362,8888,282
4,10,9,2011.0,0,0,0,0,0,0,2,10,10,10,10,10,10,10,10,8,2,0,0,0,0,0,0,0,10,8888,92,8888,282
5,10,9,2011.0,105,102,100,97,100,101,114,148,162,172,175,187,188,192,187,185,138,123,138,144,125,144,142,121,192,97,8888,141,282
6,10,9,2011.0,1,1,2,3,2,2,4,5,5,7,6,7,7,5,7,8,4,2,5,3,4,4,4,4,7,8888,8888,8888,282
7,10,9,2011.0,13,13,8,9,8,9,5,11,10,18,14,15,10,8,16,13,11,8,11,10,9,11,12,12,18,8888,8888,11,282
8,10,9,2011.0,0,0,0,0,0,0,0,0,0,0,0,0,0,0,0,0,0,0,0,0,0,0,0,0,0,8888,0,8888,282
9,10,9,2011.0,0,0,0,0,0,0,0,0,0,0,0,0,0,0,0,0,0,0,0,0,0,0,0,0,0,8888,8888,8888,282
10,10,9,2011.0,0,0,0,0,0,3,10,10,10,10,10,10,10,10,10,10,10,2,0,0,0,0,0,0,10,8888,114,8888,282
1,10,10,2011.0,0,0,0,0,0,1,14,64,109,159,190,149,159,140,83,10,10,0,0,0,0,0,0,0,190,8888,1088,8888,283
2,10,10,2011.0,0,0,0,0,0,0,0,18,39,73,102,32,45,51,13,0,0,0,0,0,0,0,0,0,102,8888,374,8888,283
3,10,10,2011.0,0,0,0,0,0,1,14,46,70,86,88,117,113,89,70,10,9,0,0,0,0,0,0,0,117,8888,714,8888,283
4,10,10,2011.0,0,0,0,0,0,0,0,4,5,6,7,3,4,5,2,0,0,0,0,0,0,0,0,0,7,8888,37,8888,283
5,10,10,2011.0,125,137,135,134,142,150,159,171,176,194,203,204,211,207,196,156,176,173,167,157,154,148,146,146,211,125,8888,165,283
6,10,10,2011.0,4,4,4,5,4,4,5,5,6,6,7,8,9,12,12,1,12,13,14,15,15,15,15,14,9,8888,8888,8888,283
7,10,10,2011.0,9,13,11,10,13,14,13,13,23,17,30,35,36,17,22,22,7,16,24,24,29,25,26,36,36,8888,8888,20,283
8,10,10,2011.0,0,0,0,0,0,0,0,0,0,0,0,0,0,0,0,30,0,0,0,0,0,0,0,0,30,8888,30,8888,283
9,10,10,2011.0,0,0,0,0,0,0,0,0,0,0,0,0,0,0,0,0,0,0,0,0,0,0,0,0,0,8888,8888,8888,283
10,10,10,2011.0,0,0,0,0,0,2,10,10,10,10,10,10,10,10,10,10,10,1,0,0,0,0,0,0,10,8888,114,8888,283
1,10,11,2011.0,0,0,0,0,0,1,17,83,74,157,209,237,225,194,145,79,14,0,0,0,0,0,0,0,237,8888,1434,8888,284
2,10,11,2011.0,0,0,0,0,0,0,0,44,6,72,131,196,185,158,112,44,0,0,0,0,0,0,0,0,196,8888,949,8888,284
3,10,11,2011.0,0,0,0,0,0,1,17,38,68,85,78,40,40,36,33,34,14,0,0,0,0,0,0,0,85,8888,485,8888,284
4,10,11,2011.0,0,0,0,0,0,0,0,8,1,6,8,10,10,10,10,9,0,0,0,0,0,0,0,0,10,8888,73,8888,284
5,10,11,2011.0,130,123,121,120,102,112,142,145,159,170,169,174,170,164,163,153,128,115,109,115,113,112,110,106,174,102,8888,134,284
6,10,11,2011.0,16,16,16,16,1,16,15,9,13,13,14,14,13,13,14,13,1,2,1,3,3,2,1,4,13,8888,8888,8888,284
7,10,11,2011.0,22,20,19,22,19,15,15,12,18,36,29,33,29,23,30,17,17,12,16,8,7,11,6,6,36,8888,8888,18,284
8,10,11,2011.0,0,0,0,0,0,0,0,0,0,0,0,0,0,0,0,0,0,0,0,0,0,0,0,0,0,8888,0,8888,284
9,10,11,2011.0,0,0,0,0,0,0,0,0,0,0,0,0,0,0,0,0,0,0,0,0,0,0,0,0,0,8888,8888,8888,284
10,10,11,2011.0,0,0,0,0,0,2,10,10,10,10,10,10,10,10,10,10,10,1,0,0,0,0,0,0,10,8888,113,8888,284
1,10,12,2011.0,0,0,0,0,0,1,16,56,124,176,203,212,192,188,121,75,16,0,0,0,0,0,0,0,212,8888,1381,8888,285
2,10,12,2011.0,0,0,0,0,0,0,0,13,63,107,126,133,104,150,62,39,3,0,0,0,0,0,0,0,150,8888,801,8888,285
3,10,12,2011.0,0,0,0,0,0,1,16,43,61,69,77,79,87,38,59,36,13,0,0,0,0,0,0,0,87,8888,580,8888,285
4,10,12,2011.0,0,0,0,0,0,0,0,3,7,8,8,8,7,10,7,8,2,0,0,0,0,0,0,0,10,8888,68,8888,285
5,10,12,2011.0,99,108,111,112,125,144,150,153,170,172,183,192,189,190,187,183,178,178,180,183,174,172,169,162,192,99,8888,161,285
6,10,12,2011.0,1,3,5,4,3,12,12,12,13,12,12,12,12,13,12,12,12,12,12,13,13,13,13,13,13,8888,8888,8888,285
7,10,12,2011.0,13,4,8,8,9,16,10,9,10,8,11,16,10,11,13,22,14,15,14,13,30,41,55,41,55,8888,8888,17,285
8,10,12,2011.0,0,0,0,0,0,0,0,0,0,0,0,0,0,0,0,0,0,0,0,0,0,0,0,0,0,8888,0,8888,285
9,10,12,2011.0,0,0,0,0,0,0,0,0,0,0,0,0,0,0,0,0,0,0,0,0,0,0,0,0,0,8888,8888,8888,285
10,10,12,2011.0,0,0,0,0,0,2,10,10,10,10,10,10,10,10,10,10,10,1,0,0,0,0,0,0,10,8888,113,8888,285
1,10,13,2011.0,0,0,0,0,0,1,16,76,148,197,228,237,221,186,139,76,14,0,0,0,0,0,0,0,237,8888,1540,8888,286
2,10,13,2011.0,0,0,0,0,0,0,0,36,115,162,189,198,182,148,106,44,1,0,0,0,0,0,0,0,198,8888,1181,8888,286
3,10,13,2011.0,0,0,0,0,0,1,16,40,33,36,38,39,39,38,33,33,13,0,0,0,0,0,0,0,40,8888,359,8888,286
4,10,13,2011.0,0,0,0,0,0,0,0,7,10,10,10,10,10,10,10,9,1,0,0,0,0,0,0,0,10,8888,87,8888,286
5,10,13,2011.0,149,144,142,111,117,107,115,138,160,171,182,192,190,179,177,160,125,104,97,96,89,85,83,89,192,83,8888,133,286
6,10,13,2011.0,15,16,16,1,1,2,2,1,5,12,12,13,13,13,13,13,1,1,1,1,1,2,1,1,16,8888,8888,8888,286
7,10,13,2011.0,20,22,20,18,21,5,11,8,8,9,10,9,14,17,13,12,17,19,21,22,14,14,17,17,22,8888,8888,15,286
8,10,13,2011.0,0,0,0,0,0,0,0,0,0,0,0,0,0,0,0,0,0,0,0,0,0,0,0,0,0,8888,0,8888,286
9,10,13,2011.0,0,0,0,0,0,0,0,0,0,0,0,0,0,0,0,0,0,0,0,0,0,0,0,0,0,8888,8888,8888,286
10,10,13,2011.0,0,0,0,0,0,2,10,10,10,10,10,10,10,10,10,10,10,1,0,0,0,0,0,0,10,8888,112,8888,286
1,10,14,2011.0,0,0,0,0,0,1,16,79,145,192,220,228,214,165,75,59,8,0,0,0,0,0,0,0,228,8888,1402,8888,287
2,10,14,2011.0,0,0,0,0,0,0,1,42,111,154,179,186,173,98,5,20,0,0,0,0,0,0,0,0,186,8888,971,8888,287
3,10,14,2011.0,0,0,0,0,0,1,15,37,34,37,40,41,41,67,69,39,8,0,0,0,0,0,0,0,69,8888,431,8888,287
4,10,14,2011.0,0,0,0,0,0,0,1,8,10,10,10,10,10,8,1,5,0,0,0,0,0,0,0,0,10,8888,74,8888,287
5,10,14,2011.0,83,77,79,85,99,95,92,133,173,196,195,198,201,204,213,172,157,149,156,181,189,186,162,162,213,77,8888,152,287
6,10,14,2011.0,1,1,1,1,3,2,1,1,7,7,9,14,13,10,5,1,1,1,1,5,3,4,5,3,3,8888,8888,8888,287
7,10,14,2011.0,16,15,11,11,11,11,18,8,9,15,13,10,15,11,5,19,18,13,10,12,16,22,13,23,23,8888,8888,14,287
8,10,14,2011.0,0,0,0,0,0,0,0,0,0,0,0,0,0,0,0,0,0,0,0,0,0,0,5,10,10,8888,15,8888,287
9,10,14,2011.0,0,0,0,0,0,0,0,0,0,0,0,0,0,0,0,0,0,0,0,0,0,0,0,0,0,8888,8888,8888,287
10,10,14,2011.0,0,0,0,0,0,2,10,10,10,10,10,10,10,10,10,10,10,0,0,0,0,0,0,0,10,8888,112,8888,287
1,10,15,2011.0,0,0,0,0,0,0,3,13,13,20,33,67,38,21,23,10,3,0,0,0,0,0,0,0,67,8888,244,8888,288
2,10,15,2011.0,0,0,0,0,0,0,0,0,0,0,0,0,0,0,0,0,0,0,0,0,0,0,0,0,0,8888,1,8888,288
3,10,15,2011.0,0,0,0,0,0,0,3,13,13,20,33,66,38,21,23,10,3,0,0,0,0,0,0,0,66,8888,243,8888,288
4,10,15,2011.0,0,0,0,0,0,0,0,0,0,0,0,0,0,0,0,0,0,0,0,0,0,0,0,0,0,8888,0,8888,288
5,10,15,2011.0,171,174,176,176,174,175,179,180,178,179,185,196,196,193,191,190,181,180,171,165,167,172,172,173,196,165,8888,179,288
6,10,15,2011.0,3,5,5,5,4,5,5,5,5,5,5,9,13,11,11,12,12,12,15,1,4,6,4,4,11,8888,8888,8888,288
7,10,15,2011.0,24,18,12,11,13,11,13,16,11,11,14,15,9,27,16,19,13,14,11,12,6,9,12,12,27,8888,8888,14,288
8,10,15,2011.0,15,35,25,65,60,20,5,5,30,25,10,0,5,15,0,5,0,0,0,0,0,0,0,0,65,8888,320,8888,288
9,10,15,2011.0,0,0,0,0,0,0,0,0,0,0,0,0,0,0,0,0,0,0,0,0,0,0,0,0,0,8888,8888,8888,288
10,10,15,2011.0,0,0,0,0,0,2,10,10,10,10,10,10,10,10,10,10,10,0,0,0,0,0,0,0,10,8888,112,8888,288
1,10,16,2011.0,0,0,0,0,0,0,9,29,62,124,149,128,173,161,78,48,9,0,0,0,0,0,0,0,173,8888,970,8888,289
2,10,16,2011.0,0,0,0,0,0,0,0,0,1,36,43,19,80,96,18,11,0,0,0,0,0,0,0,0,96,8888,304,8888,289
3,10,16,2011.0,0,0,0,0,0,0,9,29,61,88,106,109,93,66,60,38,8,0,0,0,0,0,0,0,109,8888,666,8888,289
4,10,16,2011.0,0,0,0,0,0,0,0,0,0,4,4,2,6,8,3,3,0,0,0,0,0,0,0,0,8,8888,30,8888,289
5,10,16,2011.0,173,178,177,177,173,176,176,178,195,205,191,194,195,204,182,190,185,162,181,161,181,182,183,164,205,161,8888,182,289
6,10,16,2011.0,5,5,5,4,5,5,5,7,8,11,12,11,11,11,12,12,12,12,11,13,11,11,12,13,11,8888,8888,8888,289
7,10,16,2011.0,11,12,7,14,15,13,18,27,37,51,37,36,39,55,32,25,24,16,49,11,42,58,39,10,58,8888,8888,28,289
8,10,16,2011.0,0,0,0,0,0,0,0,0,0,0,0,0,0,0,0,0,0,0,0,0,0,0,0,20,20,8888,20,8888,289
9,10,16,2011.0,0,0,0,0,0,0,0,0,0,0,0,0,0,0,0,0,0,0,0,0,0,0,0,0,0,8888,8888,8888,289
10,10,16,2011.0,0,0,0,0,0,1,10,10,10,10,10,10,10,10,10,10,10,0,0,0,0,0,0,0,10,8888,111,8888,289
1,10,17,2011.0,0,0,0,0,0,0,6,21,37,49,72,95,128,33,50,29,8,0,0,0,0,0,0,0,128,8888,527,8888,290
2,10,17,2011.0,0,0,0,0,0,0,0,0,0,0,1,8,28,0,1,0,0,0,0,0,0,0,0,0,28,8888,38,8888,290
3,10,17,2011.0,0,0,0,0,0,0,6,21,37,48,71,87,99,33,50,29,8,0,0,0,0,0,0,0,99,8888,489,8888,290
4,10,17,2011.0,0,0,0,0,0,0,0,0,0,0,0,1,3,0,0,0,0,0,0,0,0,0,0,0,3,8888,5,8888,290
5,10,17,2011.0,155,162,173,172,178,178,181,181,183,167,178,178,162,155,152,150,142,131,122,119,120,114,107,106,183,106,8888,153,290
6,10,17,2011.0,13,12,12,11,11,9,11,12,11,12,12,12,13,13,13,13,13,13,13,13,13,13,13,13,13,8888,8888,8888,290
7,10,17,2011.0,7,23,24,35,25,14,42,28,37,11,14,15,42,22,23,23,23,52,63,46,45,52,38,11,63,8888,8888,30,290
8,10,17,2011.0,5,0,0,0,0,0,0,0,0,5,0,0,0,0,0,0,0,0,0,0,0,0,0,0,5,8888,10,8888,290
9,10,17,2011.0,0,0,0,0,0,0,0,0,0,0,0,0,0,0,0,0,0,0,0,0,0,0,0,0,0,8888,8888,8888,290
10,10,17,2011.0,0,0,0,0,0,1,10,10,10,10,10,10,10,10,10,10,10,0,0,0,0,0,0,0,10,8888,111,8888,290
1,10,18,2011.0,0,0,0,0,0,0,7,24,54,75,131,194,94,77,62,32,8,0,0,0,0,0,0,0,194,8888,758,8888,291
2,10,18,2011.0,0,0,0,0,0,0,0,0,1,1,29,106,17,6,5,0,0,0,0,0,0,0,0,0,106,8888,166,8888,291
3,10,18,2011.0,0,0,0,0,0,0,7,24,53,74,102,88,76,71,57,31,8,0,0,0,0,0,0,0,102,8888,592,8888,291
4,10,18,2011.0,0,0,0,0,0,0,0,0,0,0,3,7,2,1,1,0,0,0,0,0,0,0,0,0,7,8888,15,8888,291
5,10,18,2011.0,111,109,96,102,111,113,114,116,121,121,136,128,116,118,120,119,119,120,119,119,120,123,124,126,136,96,8888,118,291
6,10,18,2011.0,13,13,13,13,13,13,13,13,13,13,13,13,13,13,12,13,12,12,12,12,12,12,13,13,13,8888,8888,8888,291
7,10,18,2011.0,29,17,19,42,23,18,26,21,20,18,21,31,19,18,11,14,11,11,12,19,10,11,14,17,42,8888,8888,19,291
8,10,18,2011.0,0,0,0,0,0,0,0,0,0,0,0,0,0,0,0,0,0,0,0,0,0,0,0,0,0,8888,0,8888,291
9,10,18,2011.0,0,0,0,0,0,0,0,0,0,0,0,0,0,0,0,0,0,0,0,0,0,0,0,0,0,8888,8888,8888,291
10,10,18,2011.0,0,0,0,0,0,1,10,10,10,10,10,10,10,10,10,10,9,0,0,0,0,0,0,0,10,8888,110,8888,291
1,10,19,2011.0,0,0,0,0,0,0,13,62,86,141,219,226,214,177,129,72,13,0,0,0,0,0,0,0,226,8888,1354,8888,292
2,10,19,2011.0,0,0,0,0,0,0,0,21,19,63,182,188,178,142,98,48,2,0,0,0,0,0,0,0,188,8888,942,8888,292
3,10,19,2011.0,0,0,0,0,0,0,13,41,67,78,37,38,37,36,31,23,11,0,0,0,0,0,0,0,78,8888,412,8888,292
4,10,19,2011.0,0,0,0,0,0,0,0,5,3,6,10,10,10,10,10,10,2,0,0,0,0,0,0,0,10,8888,76,8888,292
5,10,19,2011.0,127,129,129,114,113,113,127,135,136,147,158,180,174,167,162,150,120,101,95,93,92,86,84,83,180,83,8888,126,292
6,10,19,2011.0,13,13,13,16,16,2,15,6,7,8,10,12,13,13,13,13,1,2,1,1,1,1,1,1,13,8888,8888,8888,292
7,10,19,2011.0,18,19,11,13,20,6,8,11,10,15,14,12,13,17,21,26,20,12,13,15,13,17,15,17,26,8888,8888,15,292
8,10,19,2011.0,0,0,0,0,0,0,0,0,0,0,0,0,0,0,0,0,0,0,0,0,0,0,0,0,0,8888,0,8888,292
9,10,19,2011.0,0,0,0,0,0,0,0,0,0,0,0,0,0,0,0,0,0,0,0,0,0,0,0,0,0,8888,8888,8888,292
10,10,19,2011.0,0,0,0,0,0,1,10,10,10,10,10,10,10,10,10,10,9,0,0,0,0,0,0,0,10,8888,110,8888,292
1,10,20,2011.0,0,0,0,0,0,0,13,69,138,185,215,225,207,176,126,63,13,0,0,0,0,0,0,0,225,8888,1430,8888,293
2,10,20,2011.0,0,0,0,0,0,0,0,33,107,150,178,188,168,141,94,34,3,0,0,0,0,0,0,0,188,8888,1095,8888,293
3,10,20,2011.0,0,0,0,0,0,0,13,36,31,35,37,38,38,35,32,30,10,0,0,0,0,0,0,0,38,8888,335,8888,293
4,10,20,2011.0,0,0,0,0,0,0,0,7,10,10,10,10,10,10,10,9,3,0,0,0,0,0,0,0,10,8888,90,8888,293
5,10,20,2011.0,80,76,73,74,75,73,83,126,145,155,169,184,182,192,189,179,128,113,105,110,112,136,115,107,192,73,8888,124,293
6,10,20,2011.0,1,2,1,1,1,1,2,5,8,12,13,13,13,13,14,14,1,1,1,1,1,14,1,2,1,8888,8888,8888,293
7,10,20,2011.0,15,12,14,17,16,14,12,6,17,9,14,15,19,9,8,13,15,21,17,17,14,4,11,13,21,8888,8888,13,293
8,10,20,2011.0,0,0,0,0,0,0,0,0,0,0,0,0,0,0,0,0,0,0,0,0,0,0,0,0,0,8888,0,8888,293
9,10,20,2011.0,0,0,0,0,0,0,0,0,0,0,0,0,0,0,0,0,0,0,0,0,0,0,0,0,0,8888,8888,8888,293
10,10,20,2011.0,0,0,0,0,0,1,10,10,10,10,10,10,10,10,10,10,9,0,0,0,0,0,0,0,10,8888,109,8888,293
1,10,21,2011.0,0,0,0,0,0,0,11,68,136,164,213,222,189,174,124,67,12,0,0,0,0,0,0,0,222,8888,1380,8888,294
2,10,21,2011.0,0,0,0,0,0,0,0,32,105,106,176,185,127,139,92,43,3,0,0,0,0,0,0,0,185,8888,1008,8888,294
3,10,21,2011.0,0,0,0,0,0,0,11,36,31,58,37,38,62,35,32,24,9,0,0,0,0,0,0,0,62,8888,372,8888,294
4,10,21,2011.0,0,0,0,0,0,0,0,7,10,9,10,10,9,10,10,10,3,0,0,0,0,0,0,0,10,8888,87,8888,294
5,10,21,2011.0,118,105,100,95,97,97,116,154,183,181,190,195,196,199,192,186,142,133,135,132,170,148,133,133,199,95,8888,147,294
6,10,21,2011.0,15,1,2,1,3,1,2,16,14,12,13,13,14,13,14,14,1,1,1,1,4,14,1,1,14,8888,8888,8888,294
7,10,21,2011.0,4,14,8,18,9,16,12,15,11,7,13,12,16,12,24,23,20,13,13,12,15,8,10,11,24,8888,8888,13,294
8,10,21,2011.0,0,0,0,0,0,0,0,0,0,0,0,0,0,0,0,0,0,0,0,0,0,0,0,0,0,8888,0,8888,294
9,10,21,2011.0,0,0,0,0,0,0,0,0,0,0,0,0,0,0,0,0,0,0,0,0,0,0,0,0,0,8888,8888,8888,294
10,10,21,2011.0,0,0,0,0,0,0,10,10,10,10,10,10,10,10,10,10,9,0,0,0,0,0,0,0,10,8888,109,8888,294
1,10,22,2011.0,0,0,0,0,0,0,5,24,40,43,66,52,48,64,37,18,4,0,0,0,0,0,0,0,66,8888,402,8888,295
2,10,22,2011.0,0,0,0,0,0,0,0,0,0,0,1,0,0,1,0,0,0,0,0,0,0,0,0,0,1,8888,2,8888,295
3,10,22,2011.0,0,0,0,0,0,0,5,23,40,43,66,52,48,64,36,18,4,0,0,0,0,0,0,0,66,8888,399,8888,295
4,10,22,2011.0,0,0,0,0,0,0,0,0,0,0,0,0,0,0,0,0,0,0,0,0,0,0,0,0,0,8888,0,8888,295
5,10,22,2011.0,122,120,120,127,142,134,152,162,171,179,195,192,191,197,200,191,187,186,212,222,215,214,213,213,222,120,8888,177,295
6,10,22,2011.0,1,2,2,1,16,16,16,6,15,14,6,1,11,15,16,16,1,3,6,5,5,5,5,4,16,8888,8888,8888,295
7,10,22,2011.0,9,10,9,16,16,15,17,4,15,11,8,8,9,13,14,7,10,4,11,11,13,15,14,16,17,8888,8888,11,295
8,10,22,2011.0,0,0,0,0,0,0,0,0,0,0,0,0,0,0,0,0,0,0,0,0,0,0,0,0,0,8888,0,8888,295
9,10,22,2011.0,0,0,0,0,0,0,0,0,0,0,0,0,0,0,0,0,0,0,0,0,0,0,0,0,0,8888,8888,8888,295
10,10,22,2011.0,0,0,0,0,0,0,10,10,10,10,10,10,10,10,10,10,8,0,0,0,0,0,0,0,10,8888,109,8888,295
1,10,23,2011.0,0,0,0,0,0,0,3,21,25,25,33,37,24,37,24,12,3,0,0,0,0,0,0,0,37,8888,245,8888,296
2,10,23,2011.0,0,0,0,0,0,0,0,0,0,0,0,0,0,0,0,0,0,0,0,0,0,0,0,0,0,8888,0,8888,296
3,10,23,2011.0,0,0,0,0,0,0,3,21,25,25,33,37,23,37,24,12,3,0,0,0,0,0,0,0,37,8888,244,8888,296
4,10,23,2011.0,0,0,0,0,0,0,0,0,0,0,0,0,0,0,0,0,0,0,0,0,0,0,0,0,0,8888,0,8888,296
5,10,23,2011.0,212,209,204,192,187,187,186,181,177,170,165,160,156,155,154,153,146,147,146,145,147,136,113,112,212,112,8888,164,296
6,10,23,2011.0,5,8,5,0,6,5,0,14,13,14,14,14,13,15,15,15,15,15,16,15,15,16,2,2,15,8888,8888,8888,296
7,10,23,2011.0,12,6,9,2,5,15,2,5,14,27,21,34,32,35,31,36,38,29,30,30,26,19,13,10,38,8888,8888,20,296
8,10,23,2011.0,0,0,0,5,105,35,35,65,0,5,0,0,10,0,0,0,0,0,0,0,0,0,0,0,105,8888,260,8888,296
9,10,23,2011.0,0,0,0,0,0,0,0,0,0,0,0,0,0,0,0,0,0,0,0,0,0,0,0,0,0,8888,8888,8888,296
10,10,23,2011.0,0,0,0,0,0,0,10,10,10,10,10,10,10,10,10,10,8,0,0,0,0,0,0,0,10,8888,108,8888,296
1,10,24,2011.0,0,0,0,0,0,0,10,57,112,169,106,87,56,36,27,13,2,0,0,0,0,0,0,0,169,8888,674,8888,297
2,10,24,2011.0,0,0,0,0,0,0,0,19,57,128,17,1,0,0,0,0,0,0,0,0,0,0,0,0,128,8888,223,8888,297
3,10,24,2011.0,0,0,0,0,0,0,10,38,55,40,89,86,55,36,27,13,2,0,0,0,0,0,0,0,89,8888,451,8888,297
4,10,24,2011.0,0,0,0,0,0,0,0,5,7,10,2,0,0,0,0,0,0,0,0,0,0,0,0,0,10,8888,24,8888,297
5,10,24,2011.0,104,101,107,118,103,104,117,142,163,172,172,179,180,172,171,155,143,139,137,134,133,129,132,149,180,101,8888,140,297
6,10,24,2011.0,2,1,2,2,1,2,2,3,7,8,4,7,6,8,8,1,1,2,3,2,2,1,3,5,8,8888,8888,8888,297
7,10,24,2011.0,13,15,13,11,16,9,10,6,16,14,8,19,18,29,13,12,12,10,4,8,5,14,9,14,29,8888,8888,12,297
8,10,24,2011.0,0,0,0,0,0,0,0,0,0,0,0,0,0,0,0,0,0,5,5,0,0,0,0,0,5,8888,10,8888,297
9,10,24,2011.0,0,0,0,0,0,0,0,0,0,0,0,0,0,0,0,0,0,0,0,0,0,0,0,0,0,8888,8888,8888,297
10,10,24,2011.0,0,0,0,0,0,0,10,10,10,10,10,10,10,10,10,10,8,0,0,0,0,0,0,0,10,8888,108,8888,297
1,10,25,2011.0,0,0,0,0,0,0,2,18,10,13,54,32,27,22,17,9,2,0,0,0,0,0,0,0,54,8888,206,8888,298
2,10,25,2011.0,0,0,0,0,0,0,0,0,0,0,0,0,0,0,0,0,0,0,0,0,0,0,0,0,0,8888,0,8888,298
3,10,25,2011.0,0,0,0,0,0,0,2,18,10,13,54,32,27,22,17,9,2,0,0,0,0,0,0,0,54,8888,206,8888,298
4,10,25,2011.0,0,0,0,0,0,0,0,0,0,0,0,0,0,0,0,0,0,0,0,0,0,0,0,0,0,8888,0,8888,298
5,10,25,2011.0,150,152,157,156,151,145,150,156,146,158,163,158,148,140,130,123,113,106,105,105,104,100,104,103,163,100,8888,134,298
6,10,25,2011.0,5,5,5,5,5,5,5,5,3,12,13,13,12,13,12,12,12,12,12,12,12,12,12,13,13,8888,8888,8888,298
7,10,25,2011.0,11,10,13,13,14,12,14,20,8,6,27,24,21,21,13,22,22,18,27,19,24,20,19,23,27,8888,8888,18,298
8,10,25,2011.0,0,0,0,0,5,55,5,0,130,135,0,0,0,0,0,0,0,0,0,0,0,0,0,0,135,8888,330,8888,298
9,10,25,2011.0,0,0,0,0,0,0,0,0,0,0,0,0,0,0,0,0,0,0,0,0,0,0,0,0,0,8888,8888,8888,298
10,10,25,2011.0,0,0,0,0,0,0,10,10,10,10,10,10,10,10,10,10,8,0,0,0,0,0,0,0,10,8888,107,8888,298
1,10,26,2011.0,0,0,0,0,0,0,3,15,22,29,34,32,32,28,20,10,2,0,0,0,0,0,0,0,34,8888,226,8888,299
2,10,26,2011.0,0,0,0,0,0,0,0,0,0,0,0,0,0,0,0,0,0,0,0,0,0,0,0,0,0,8888,0,8888,299
3,10,26,2011.0,0,0,0,0,0,0,3,15,22,29,34,32,32,28,20,10,2,0,0,0,0,0,0,0,34,8888,226,8888,299
4,10,26,2011.0,0,0,0,0,0,0,0,0,0,0,0,0,0,0,0,0,0,0,0,0,0,0,0,0,0,8888,0,8888,299
5,10,26,2011.0,96,103,103,101,105,104,99,106,105,107,106,104,103,107,106,104,105,106,108,106,105,108,110,111,111,96,8888,105,299
6,10,26,2011.0,13,13,12,13,13,12,13,13,13,13,12,13,13,12,13,13,12,13,13,13,13,13,13,12,13,8888,8888,8888,299
7,10,26,2011.0,30,24,25,24,29,16,19,26,22,28,15,25,17,15,27,24,12,33,20,12,13,13,14,13,33,8888,8888,21,299
8,10,26,2011.0,5,0,0,0,0,0,0,0,0,0,0,0,0,0,0,0,0,0,0,0,0,0,0,0,5,8888,5,8888,299
9,10,26,2011.0,0,0,0,0,0,0,0,0,0,0,0,0,0,0,0,0,0,0,0,0,0,0,0,0,0,8888,8888,8888,299
10,10,26,2011.0,0,0,0,0,0,0,9,10,10,10,10,10,10,10,10,10,7,0,0,0,0,0,0,0,10,8888,107,8888,299
1,10,27,2011.0,0,0,0,0,0,0,8,57,83,148,167,205,204,170,120,61,13,0,0,0,0,0,0,0,205,8888,1235,8888,300
2,10,27,2011.0,0,0,0,0,0,0,0,23,24,79,77,146,170,139,93,40,2,0,0,0,0,0,0,0,170,8888,794,8888,300
3,10,27,2011.0,0,0,0,0,0,0,7,34,59,69,90,59,34,31,27,20,11,0,0,0,0,0,0,0,90,8888,441,8888,300
4,10,27,2011.0,0,0,0,0,0,0,0,6,4,7,6,9,10,10,10,10,2,0,0,0,0,0,0,0,10,8888,73,8888,300
5,10,27,2011.0,113,112,114,115,117,108,117,118,124,129,142,143,142,135,130,115,84,72,68,73,68,69,61,54,143,54,8888,105,300
6,10,27,2011.0,13,13,13,13,13,15,14,13,15,13,13,13,13,13,13,13,1,1,1,2,1,2,2,1,13,8888,8888,8888,300
7,10,27,2011.0,10,26,12,36,31,27,29,31,30,26,25,23,13,12,13,17,18,15,15,5,15,9,13,16,36,8888,8888,19,300
8,10,27,2011.0,0,0,0,0,0,0,0,0,0,0,0,0,0,0,0,0,0,0,0,0,0,0,0,0,0,8888,0,8888,300
9,10,27,2011.0,0,0,0,0,0,0,0,0,0,0,0,0,0,0,0,0,0,0,0,0,0,0,0,0,0,8888,8888,8888,300
10,10,27,2011.0,0,0,0,0,0,0,9,10,10,10,10,10,10,10,10,10,7,0,0,0,0,0,0,0,10,8888,107,8888,300
1,10,28,2011.0,0,0,0,0,0,0,8,60,126,170,201,205,193,160,77,29,4,0,0,0,0,0,0,0,205,8888,1233,8888,301
2,10,28,2011.0,0,0,0,0,0,0,0,28,97,135,165,167,156,126,22,0,0,0,0,0,0,0,0,0,167,8888,896,8888,301
3,10,28,2011.0,0,0,0,0,0,0,8,32,29,34,36,38,37,35,55,28,4,0,0,0,0,0,0,0,55,8888,337,8888,301
4,10,28,2011.0,0,0,0,0,0,0,0,7,10,10,10,10,10,10,4,0,0,0,0,0,0,0,0,0,10,8888,72,8888,301
5,10,28,2011.0,54,55,55,57,57,57,67,97,130,153,160,163,167,161,156,144,129,108,104,105,100,95,91,92,167,54,8888,107,301
6,10,28,2011.0,1,1,1,1,1,1,1,1,6,7,7,7,8,12,8,3,4,2,1,15,1,1,1,1,7,8888,8888,8888,301
7,10,28,2011.0,18,15,16,15,16,16,12,10,13,18,29,23,20,11,5,8,9,8,14,8,11,15,17,16,29,8888,8888,14,301
8,10,28,2011.0,0,0,0,0,0,0,0,0,0,0,0,0,0,0,0,0,0,0,0,0,0,0,0,0,0,8888,0,8888,301
9,10,28,2011.0,0,0,0,0,0,0,0,0,0,0,0,0,0,0,0,0,0,0,0,0,0,0,0,0,0,8888,8888,8888,301
10,10,28,2011.0,0,0,0,0,0,0,9,10,10,10,10,10,10,10,10,10,7,0,0,0,0,0,0,0,10,8888,106,8888,301
1,10,29,2011.0,0,0,0,0,0,0,8,58,125,142,113,145,135,161,112,56,12,0,0,0,0,0,0,0,161,8888,1066,8888,302
2,10,29,2011.0,0,0,0,0,0,0,0,27,96,75,16,53,49,128,82,36,3,0,0,0,0,0,0,0,128,8888,565,8888,302
3,10,29,2011.0,0,0,0,0,0,0,8,32,29,67,97,91,86,33,30,20,9,0,0,0,0,0,0,0,97,8888,501,8888,302
4,10,29,2011.0,0,0,0,0,0,0,0,7,10,7,2,5,5,10,10,10,3,0,0,0,0,0,0,0,10,8888,69,8888,302
5,10,29,2011.0,101,108,96,90,93,85,93,123,144,152,149,161,171,168,162,153,118,113,100,131,144,108,107,93,171,85,8888,123,302
6,10,29,2011.0,1,1,1,1,2,1,2,1,7,13,9,11,13,13,13,16,2,15,1,2,14,3,1,1,13,8888,8888,8888,302
7,10,29,2011.0,14,12,17,10,8,15,12,10,14,8,12,13,25,21,24,16,10,7,14,15,9,5,13,15,25,8888,8888,13,302
8,10,29,2011.0,0,0,0,0,0,0,0,0,0,0,0,0,0,0,0,0,0,0,0,0,0,0,0,0,0,8888,0,8888,302
9,10,29,2011.0,0,0,0,0,0,0,0,0,0,0,0,0,0,0,0,0,0,0,0,0,0,0,0,0,0,8888,8888,8888,302
10,10,29,2011.0,0,0,0,0,0,0,9,10,10,10,10,10,10,10,10,10,7,0,0,0,0,0,0,0,10,8888,106,8888,302
1,10,30,2011.0,0,0,0,0,0,0,7,40,116,152,103,90,53,36,23,11,2,0,0,0,0,0,0,0,152,8888,634,8888,303
2,10,30,2011.0,0,0,0,0,0,0,0,6,74,92,16,7,0,0,0,0,0,0,0,0,0,0,0,0,92,8888,196,8888,303
3,10,30,2011.0,0,0,0,0,0,0,7,34,42,60,87,83,53,36,23,11,2,0,0,0,0,0,0,0,87,8888,438,8888,303
4,10,30,2011.0,0,0,0,0,0,0,0,2,9,8,2,1,0,0,0,0,0,0,0,0,0,0,0,0,9,8888,22,8888,303
5,10,30,2011.0,93,96,98,98,101,104,116,143,160,163,171,162,161,156,140,126,116,112,113,108,112,114,112,107,171,93,8888,124,303
6,10,30,2011.0,2,1,2,16,1,1,1,7,8,8,8,7,6,16,1,1,1,1,3,1,2,16,1,1,8,8888,8888,8888,303
7,10,30,2011.0,6,9,13,9,13,13,14,5,20,17,23,4,7,13,11,7,17,16,6,17,9,16,12,17,23,8888,8888,12,303
8,10,30,2011.0,0,0,0,0,0,0,0,0,0,0,0,0,0,0,0,0,0,0,0,0,0,0,0,5,5,8888,5,8888,303
9,10,30,2011.0,0,0,0,0,0,0,0,0,0,0,0,0,0,0,0,0,0,0,0,0,0,0,0,0,0,8888,8888,8888,303
10,10,30,2011.0,0,0,0,0,0,0,9,10,10,10,10,10,10,10,10,10,7,0,0,0,0,0,0,0,10,8888,105,8888,303
1,10,31,2011.0,0,0,0,0,0,0,6,25,68,136,180,146,86,137,108,54,10,0,0,0,0,0,0,0,180,8888,957,8888,304
2,10,31,2011.0,0,0,0,0,0,0,0,0,11,70,122,54,7,79,78,35,1,0,0,0,0,0,0,0,122,8888,457,8888,304
3,10,31,2011.0,0,0,0,0,0,0,6,25,58,66,58,92,79,58,30,19,9,0,0,0,0,0,0,0,92,8888,500,8888,304
4,10,31,2011.0,0,0,0,0,0,0,0,0,2,7,9,5,1,8,10,10,1,0,0,0,0,0,0,0,10,8888,52,8888,304
5,10,31,2011.0,108,107,106,105,109,100,110,120,138,162,175,164,158,169,168,155,139,136,134,116,101,109,106,112,175,100,8888,129,304
6,10,31,2011.0,1,1,15,16,16,1,4,4,9,9,13,13,14,14,13,14,14,15,15,16,1,1,1,2,13,8888,8888,8888,304
7,10,31,2011.0,16,11,10,13,18,16,9,5,5,12,34,34,31,24,22,24,17,20,21,16,19,19,18,15,34,8888,8888,18,304
8,10,31,2011.0,0,0,0,0,0,0,0,0,0,0,0,0,0,0,0,0,0,0,0,0,0,0,0,0,0,8888,0,8888,304
9,10,31,2011.0,0,0,0,0,0,0,0,0,0,0,0,0,0,0,0,0,0,0,0,0,0,0,0,0,0,8888,8888,8888,304
10,10,31,2011.0,0,0,0,0,0,0,8,10,10,10,10,10,10,10,10,10,6,0,0,0,0,0,0,0,10,8888,105,8888,304
1,11,1,2017.0,0,0,0,0,0,0,5,19,87,58,55,95,41,36,26,12,5,0,0,0,0,0,0,0,95,8888,439,8888,305
2,11,1,2017.0,0,0,0,0,0,0,0,0,32,1,0,7,0,0,0,0,0,0,0,0,0,0,0,0,32,8888,40,8888,305
3,11,1,2017.0,0,0,0,0,0,0,5,19,55,58,55,88,41,36,26,12,5,0,0,0,0,0,0,0,88,8888,399,8888,305
4,11,1,2017.0,0,0,0,0,0,0,0,0,5,0,0,1,0,0,0,0,0,0,0,0,0,0,0,0,5,8888,6,8888,305
5,11,1,2017.0,117,112,113,109,119,156,159,159,160,156,154,155,152,151,153,155,157,152,161,163,163,163,137,146,163,109,8888,147,305
6,11,1,2017.0,12,9,5,4,4,11,10,10,10,9,9,9,9,8,8,8,8,9,12,12,12,12,15,14,9,8888,8888,8888,305
7,11,1,2017.0,31,22,35,25,30,62,75,64,59,66,71,79,74,63,51,55,72,57,46,45,53,46,29,27,79,8888,8888,52,305
8,11,1,2017.0,0,0,0,0,0,0,0,0,0,0,0,0,0,0,0,0,0,5,0,0,0,0,25,40,40,8888,70,8888,305
9,11,1,2017.0,0,0,0,0,0,0,0,0,0,0,0,0,0,0,0,0,0,0,0,0,0,0,0,0,0,8888,8888,8888,305
10,11,1,2017.0,0,0,0,0,0,0,8,10,10,10,10,10,10,10,10,10,6,0,0,0,0,0,0,0,10,8888,104,8888,305
1,11,2,2017.0,0,0,0,0,0,0,13,61,110,166,196,204,190,158,85,32,5,0,0,0,0,0,0,0,204,8888,1221,8888,306
2,11,2,2017.0,0,0,0,0,0,0,2,36,66,136,164,171,158,129,37,7,0,0,0,0,0,0,0,0,171,8888,905,8888,306
3,11,2,2017.0,0,0,0,0,0,0,11,25,45,30,32,33,32,29,48,25,5,0,0,0,0,0,0,0,48,8888,316,8888,306
4,11,2,2017.0,0,0,0,0,0,0,2,9,8,10,10,10,10,10,6,3,0,0,0,0,0,0,0,0,10,8888,78,8888,306
5,11,2,2017.0,148,132,131,129,125,123,120,114,128,137,148,152,148,148,145,124,109,97,101,112,101,106,114,131,152,97,8888,126,306
6,11,2,2017.0,14,15,15,16,15,15,16,6,7,10,9,13,13,13,14,2,4,1,1,16,4,16,6,4,15,8888,8888,8888,306
7,11,2,2017.0,30,29,32,32,29,33,21,8,11,14,18,26,26,27,20,14,18,18,18,20,13,11,16,22,33,8888,8888,21,306
8,11,2,2017.0,0,0,0,0,0,0,0,0,0,0,0,0,0,0,0,0,0,0,0,0,0,0,0,0,0,8888,0,8888,306
9,11,2,2017.0,0,0,0,0,0,0,0,0,0,0,0,0,0,0,0,0,0,0,0,0,0,0,0,0,0,8888,8888,8888,306
10,11,2,2017.0,0,0,0,0,0,0,8,10,10,10,10,10,10,10,10,10,6,0,0,0,0,0,0,0,10,8888,104,8888,306
1,11,3,2017.0,0,0,0,0,0,0,6,27,46,91,186,184,182,86,64,34,4,0,0,0,0,0,0,0,186,8888,911,8888,307
2,11,3,2017.0,0,0,0,0,0,0,0,0,1,14,151,128,147,13,15,10,0,0,0,0,0,0,0,0,151,8888,478,8888,307
3,11,3,2017.0,0,0,0,0,0,0,6,26,46,77,35,56,35,73,49,24,4,0,0,0,0,0,0,0,77,8888,432,8888,307
4,11,3,2017.0,0,0,0,0,0,0,0,0,0,2,10,9,10,2,3,4,0,0,0,0,0,0,0,0,10,8888,40,8888,307
5,11,3,2017.0,142,153,153,143,137,131,141,149,161,170,169,172,176,170,171,165,158,153,155,145,146,148,149,139,176,131,8888,154,307
6,11,3,2017.0,5,5,5,5,5,4,5,5,6,6,6,6,8,7,7,8,8,5,5,5,5,5,6,11,6,8888,8888,8888,307
7,11,3,2017.0,23,27,28,24,23,22,21,18,36,39,33,26,25,16,18,19,13,21,33,27,30,36,52,44,52,8888,8888,27,307
8,11,3,2017.0,0,0,0,0,0,0,0,0,0,0,0,0,0,0,0,0,0,0,0,0,0,0,10,85,85,8888,95,8888,307
9,11,3,2017.0,0,0,0,0,0,0,0,0,0,0,0,0,0,0,0,0,0,0,0,0,0,0,0,0,0,8888,8888,8888,307
10,11,3,2017.0,0,0,0,0,0,0,8,10,10,10,10,10,10,10,10,10,6,0,0,0,0,0,0,0,10,8888,104,8888,307
1,11,4,2017.0,0,0,0,0,0,0,5,17,52,99,120,80,45,80,32,14,4,0,0,0,0,0,0,0,120,8888,547,8888,308
2,11,4,2017.0,0,0,0,0,0,0,0,0,4,22,36,7,0,13,0,0,0,0,0,0,0,0,0,0,36,8888,83,8888,308
3,11,4,2017.0,0,0,0,0,0,0,5,17,48,77,83,73,44,67,32,14,4,0,0,0,0,0,0,0,83,8888,464,8888,308
4,11,4,2017.0,0,0,0,0,0,0,0,0,1,3,4,1,0,2,0,0,0,0,0,0,0,0,0,0,4,8888,11,8888,308
5,11,4,2017.0,110,99,103,106,103,99,93,96,102,100,90,90,79,85,85,84,92,88,85,85,81,83,83,79,110,79,8888,92,308
6,11,4,2017.0,15,16,15,15,15,16,16,16,16,16,16,15,16,16,16,16,14,14,14,13,14,13,13,14,13,8888,8888,8888,308
7,11,4,2017.0,68,61,40,47,47,35,45,46,34,45,36,34,50,46,34,32,43,75,81,87,48,90,99,77,99,8888,8888,54,308
8,11,4,2017.0,15,0,0,0,0,0,0,0,0,0,0,0,10,0,0,0,0,0,0,0,0,0,0,0,15,8888,25,8888,308
9,11,4,2017.0,0,0,0,0,0,0,0,0,0,0,0,0,0,0,0,0,0,0,0,0,0,0,0,0,0,8888,8888,8888,308
10,11,4,2017.0,0,0,0,0,0,0,8,10,10,10,10,10,10,10,10,10,6,0,0,0,0,0,0,0,10,8888,103,8888,308
1,11,5,2017.0,0,0,0,0,0,0,4,18,42,83,156,130,117,93,77,35,4,0,0,0,0,0,0,0,156,8888,758,8888,309
2,11,5,2017.0,0,0,0,0,0,0,0,0,0,14,84,39,35,21,28,10,0,0,0,0,0,0,0,0,84,8888,232,8888,309
3,11,5,2017.0,0,0,0,0,0,0,4,18,42,70,72,91,81,72,49,25,4,0,0,0,0,0,0,0,91,8888,526,8888,309
4,11,5,2017.0,0,0,0,0,0,0,0,0,0,2,7,4,4,3,5,4,1,0,0,0,0,0,0,0,7,8888,31,8888,309
5,11,5,2017.0,84,85,74,74,75,84,96,98,99,105,108,102,105,107,106,109,110,117,122,125,129,119,136,134,136,74,8888,104,309
6,11,5,2017.0,13,13,14,13,14,14,13,14,13,13,13,13,13,13,13,13,13,13,13,13,13,14,11,11,13,8888,8888,8888,309
7,11,5,2017.0,87,82,74,119,53,61,104,84,113,115,99,66,106,98,84,63,73,76,68,56,36,13,42,28,119,8888,8888,75,309
8,11,5,2017.0,0,0,0,10,0,15,0,0,0,0,0,0,0,0,0,0,0,0,0,0,0,0,0,5,15,8888,30,8888,309
9,11,5,2017.0,0,0,0,0,0,0,0,0,0,0,0,0,0,0,0,0,0,0,0,0,0,0,0,0,0,8888,8888,8888,309
10,11,5,2017.0,0,0,0,0,0,0,7,10,10,10,10,10,10,10,10,10,5,0,0,0,0,0,0,0,10,8888,103,8888,309
1,11,6,2017.0,0,0,0,0,0,0,10,17,73,82,86,71,119,64,57,23,4,0,0,0,0,0,0,0,119,8888,606,8888,310
2,11,6,2017.0,0,0,0,0,0,0,0,0,22,13,15,1,36,5,9,2,0,0,0,0,0,0,0,0,36,8888,104,8888,310
3,11,6,2017.0,0,0,0,0,0,0,10,17,51,69,71,70,83,59,47,21,4,0,0,0,0,0,0,0,83,8888,502,8888,310
4,11,6,2017.0,0,0,0,0,0,0,0,0,4,2,2,0,4,1,2,1,0,0,0,0,0,0,0,0,4,8888,16,8888,310
5,11,6,2017.0,140,146,146,151,151,152,154,150,153,154,152,151,160,160,159,157,160,161,161,161,163,159,160,159,163,140,8888,155,310
6,11,6,2017.0,12,11,11,11,11,11,10,10,10,10,10,9,9,9,9,8,9,9,9,10,10,12,11,12,11,8888,8888,8888,310
7,11,6,2017.0,73,91,80,82,80,75,70,73,75,68,62,60,62,61,59,47,59,57,61,47,41,38,18,47,91,8888,8888,62,310
8,11,6,2017.0,5,40,0,0,0,0,0,0,0,0,0,0,0,0,0,0,0,0,0,5,0,0,0,0,40,8888,50,8888,310
9,11,6,2017.0,0,0,0,0,0,0,0,0,0,0,0,0,0,0,0,0,0,0,0,0,0,0,0,0,0,8888,8888,8888,310
10,11,6,2017.0,0,0,0,0,0,0,7,10,10,10,10,10,10,10,10,10,5,0,0,0,0,0,0,0,10,8888,103,8888,310
1,11,7,2017.0,0,0,0,0,0,0,11,23,43,87,76,96,100,91,55,17,4,0,0,0,0,0,0,0,100,8888,601,8888,311
2,11,7,2017.0,0,0,0,0,0,0,0,0,1,13,6,16,24,21,9,0,0,0,0,0,0,0,0,0,24,8888,90,8888,311
3,11,7,2017.0,0,0,0,0,0,0,11,23,43,73,69,80,76,70,46,17,4,0,0,0,0,0,0,0,80,8888,511,8888,311
4,11,7,2017.0,0,0,0,0,0,0,0,0,0,2,1,2,3,3,2,0,0,0,0,0,0,0,0,0,3,8888,14,8888,311
5,11,7,2017.0,159,158,157,157,157,157,157,158,164,174,170,181,170,175,169,166,165,164,163,163,164,165,163,164,181,157,8888,164,311
6,11,7,2017.0,12,13,13,13,12,12,12,12,10,9,8,9,9,9,9,9,9,8,7,7,8,8,8,8,13,8888,8888,8888,311
7,11,7,2017.0,43,63,51,53,41,34,27,30,10,18,13,45,37,54,48,43,59,35,33,28,41,46,48,38,63,8888,8888,39,311
8,11,7,2017.0,0,0,0,0,0,0,0,0,0,0,0,0,0,0,0,5,0,0,0,0,0,0,0,0,5,8888,5,8888,311
9,11,7,2017.0,0,0,0,0,0,0,0,0,0,0,0,0,0,0,0,0,0,0,0,0,0,0,0,0,0,8888,8888,8888,311
10,11,7,2017.0,0,0,0,0,0,0,7,10,10,10,10,10,10,10,10,10,5,0,0,0,0,0,0,0,10,8888,102,8888,311
1,11,8,2017.0,0,0,0,0,0,0,10,16,44,54,36,16,114,41,18,18,4,0,0,0,0,0,0,0,114,8888,371,8888,312
2,11,8,2017.0,0,0,0,0,0,0,0,0,1,1,0,0,34,0,0,0,0,0,0,0,0,0,0,0,34,8888,36,8888,312
3,11,8,2017.0,0,0,0,0,0,0,10,16,43,53,36,16,79,41,18,18,4,0,0,0,0,0,0,0,79,8888,334,8888,312
4,11,8,2017.0,0,0,0,0,0,0,0,0,0,0,0,0,4,0,0,0,0,0,0,0,0,0,0,0,4,8888,4,8888,312
5,11,8,2017.0,148,147,148,144,148,136,138,141,149,151,163,164,175,157,135,143,159,153,146,140,135,135,136,133,175,133,8888,147,312
6,11,8,2017.0,5,5,4,5,6,5,5,4,5,6,8,11,10,10,4,2,12,13,14,14,14,14,14,13,13,8888,8888,8888,312
7,11,8,2017.0,35,25,29,38,42,29,35,38,47,28,66,61,52,35,24,19,30,104,65,40,30,34,86,117,117,8888,8888,46,312
8,11,8,2017.0,0,0,0,0,0,15,5,0,0,0,10,80,0,5,45,0,0,0,0,0,5,0,5,0,80,8888,170,8888,312
9,11,8,2017.0,0,0,0,0,0,0,0,0,0,0,0,0,0,0,0,0,0,0,0,0,0,0,0,0,0,8888,8888,8888,312
10,11,8,2017.0,0,0,0,0,0,0,7,10,10,10,10,10,10,10,10,10,5,0,0,0,0,0,0,0,10,8888,102,8888,312
1,11,9,2017.0,0,0,0,0,0,0,11,30,63,127,164,159,63,71,65,24,3,0,0,0,0,0,0,0,164,8888,780,8888,313
2,11,9,2017.0,0,0,0,0,0,0,0,5,15,67,102,86,1,12,19,4,0,0,0,0,0,0,0,0,102,8888,311,8888,313
3,11,9,2017.0,0,0,0,0,0,0,10,25,48,60,62,73,63,59,46,19,3,0,0,0,0,0,0,0,73,8888,469,8888,313
4,11,9,2017.0,0,0,0,0,0,0,0,2,3,7,8,7,0,2,4,2,0,0,0,0,0,0,0,0,8,8888,34,8888,313
5,11,9,2017.0,118,105,109,105,102,93,102,100,102,102,100,100,96,96,99,92,93,94,93,92,92,91,90,89,118,89,8888,98,313
6,11,9,2017.0,14,14,14,14,14,14,13,14,14,13,13,14,14,14,14,14,14,13,14,13,14,13,13,13,13,8888,8888,8888,313
7,11,9,2017.0,88,70,81,100,85,112,124,54,75,109,95,63,58,83,66,69,88,98,79,87,79,89,92,87,124,8888,8888,85,313
8,11,9,2017.0,5,0,0,0,0,0,0,0,0,0,0,0,0,0,0,0,0,0,0,0,0,0,0,0,5,8888,5,8888,313
9,11,9,2017.0,0,0,0,0,0,0,0,0,0,0,0,0,0,0,0,0,0,0,0,0,0,0,0,0,0,8888,8888,8888,313
10,11,9,2017.0,0,0,0,0,0,0,7,10,10,10,10,10,10,10,10,10,5,0,0,0,0,0,0,0,10,8888,101,8888,313
1,11,10,2017.0,0,0,0,0,0,0,5,40,84,140,165,150,93,69,60,17,3,0,0,0,0,0,0,0,165,8888,826,8888,314
2,11,10,2017.0,0,0,0,0,0,0,0,14,36,93,112,79,15,5,14,0,0,0,0,0,0,0,0,0,112,8888,368,8888,314
3,11,10,2017.0,0,0,0,0,0,0,5,26,47,47,53,71,79,63,47,17,3,0,0,0,0,0,0,0,79,8888,458,8888,314
4,11,10,2017.0,0,0,0,0,0,0,0,5,6,9,9,7,2,1,3,0,0,0,0,0,0,0,0,0,9,8888,42,8888,314
5,11,10,2017.0,90,92,93,90,76,72,100,104,110,119,117,121,120,133,126,127,119,117,125,136,140,148,157,163,163,72,8888,116,314
6,11,10,2017.0,13,13,13,13,12,15,12,12,12,12,11,6,6,8,7,7,5,5,5,5,5,5,6,6,6,8888,8888,8888,314
7,11,10,2017.0,76,67,57,62,22,15,32,34,32,28,28,43,58,40,33,31,43,54,61,67,65,67,82,77,82,8888,8888,49,314
8,11,10,2017.0,0,0,0,0,0,0,0,0,0,0,0,0,0,0,0,0,0,0,0,0,0,0,0,0,0,8888,0,8888,314
9,11,10,2017.0,0,0,0,0,0,0,0,0,0,0,0,0,0,0,0,0,0,0,0,0,0,0,0,0,0,8888,8888,8888,314
10,11,10,2017.0,0,0,0,0,0,0,6,10,10,10,10,10,10,10,10,10,5,0,0,0,0,0,0,0,10,8888,101,8888,314
1,11,11,2017.0,0,0,0,0,0,0,5,13,16,40,76,89,75,72,42,8,3,0,0,0,0,0,0,0,89,8888,439,8888,315
2,11,11,2017.0,0,0,0,0,0,0,0,0,0,0,6,15,14,12,4,0,0,0,0,0,0,0,0,0,15,8888,52,8888,315
3,11,11,2017.0,0,0,0,0,0,0,5,13,16,39,70,73,60,60,39,8,3,0,0,0,0,0,0,0,73,8888,387,8888,315
4,11,11,2017.0,0,0,0,0,0,0,0,0,0,0,1,2,2,2,1,0,0,0,0,0,0,0,0,0,2,8888,7,8888,315
5,11,11,2017.0,121,105,114,127,124,117,111,104,94,98,98,97,90,87,81,85,73,71,80,73,79,84,81,75,127,71,8888,95,315
6,11,11,2017.0,6,6,6,12,12,13,12,12,12,12,13,13,13,14,13,14,13,13,13,14,14,13,14,14,13,8888,8888,8888,315
7,11,11,2017.0,89,74,63,96,152,147,135,149,156,138,180,178,155,154,119,106,166,164,139,79,84,161,107,113,180,8888,8888,129,315
8,11,11,2017.0,20,40,50,55,5,0,0,0,5,0,0,0,5,0,0,5,10,0,5,10,0,0,0,5,55,8888,215,8888,315
9,11,11,2017.0,0,0,0,0,0,0,0,0,0,0,0,0,0,0,0,0,0,0,0,0,0,0,0,0,0,8888,8888,8888,315
10,11,11,2017.0,0,0,0,0,0,0,6,10,10,10,10,10,10,10,10,10,4,0,0,0,0,0,0,0,10,8888,101,8888,315
1,11,12,2017.0,0,0,0,0,0,0,5,14,26,39,91,93,89,105,39,13,3,0,0,0,0,0,0,0,105,8888,517,8888,316
2,11,12,2017.0,0,0,0,0,0,0,0,0,0,0,15,15,14,39,4,0,0,0,0,0,0,0,0,0,39,8888,88,8888,316
3,11,12,2017.0,0,0,0,0,0,0,5,14,26,39,77,78,75,65,36,13,3,0,0,0,0,0,0,0,78,8888,430,8888,316
4,11,12,2017.0,0,0,0,0,0,0,0,0,0,0,2,2,2,5,1,0,0,0,0,0,0,0,0,0,5,8888,12,8888,316
5,11,12,2017.0,71,80,80,80,76,73,76,78,80,80,92,82,86,80,83,82,67,67,81,90,88,85,92,93,93,67,8888,81,316
6,11,12,2017.0,13,14,14,14,13,13,14,14,14,13,14,14,13,13,13,12,14,15,12,13,13,13,11,13,13,8888,8888,8888,316
7,11,12,2017.0,131,104,91,80,136,147,55,73,52,98,38,75,89,59,50,61,25,21,34,49,41,21,42,59,147,8888,8888,68,316
8,11,12,2017.0,5,0,0,0,0,0,0,0,0,0,0,0,0,0,0,0,0,0,0,0,0,0,0,0,5,8888,5,8888,316
9,11,12,2017.0,0,0,0,0,0,0,0,0,0,0,0,0,0,0,0,0,0,0,0,0,0,0,0,0,0,8888,8888,8888,316
10,11,12,2017.0,0,0,0,0,0,0,6,10,10,10,10,10,10,10,10,10,4,0,0,0,0,0,0,0,10,8888,100,8888,316
1,11,13,2017.0,0,0,0,0,0,0,4,16,68,132,99,78,145,128,37,13,3,0,0,0,0,0,0,0,145,8888,725,8888,317
2,11,13,2017.0,0,0,0,0,0,0,0,0,20,79,23,6,78,78,0,0,0,0,0,0,0,0,0,0,79,8888,285,8888,317
3,11,13,2017.0,0,0,0,0,0,0,4,16,48,53,75,72,67,51,37,13,3,0,0,0,0,0,0,0,75,8888,439,8888,317
4,11,13,2017.0,0,0,0,0,0,0,0,0,4,8,3,1,7,8,0,0,0,0,0,0,0,0,0,0,8,8888,31,8888,317
5,11,13,2017.0,97,96,95,70,97,97,76,86,108,108,113,113,129,124,124,114,111,110,111,120,113,120,124,123,129,70,8888,107,317
6,11,13,2017.0,12,13,13,1,13,13,4,4,6,6,6,6,7,6,6,5,5,5,6,6,5,5,5,6,13,8888,8888,8888,317
7,11,13,2017.0,45,64,58,19,44,35,15,17,38,51,50,47,41,52,54,31,32,24,29,35,36,50,44,51,64,8888,8888,40,317
8,11,13,2017.0,0,0,0,0,0,0,0,0,0,0,0,0,0,0,0,0,0,0,0,0,0,0,0,0,0,8888,0,8888,317
9,11,13,2017.0,0,0,0,0,0,0,0,0,0,0,0,0,0,0,0,0,0,0,0,0,0,0,0,0,0,8888,8888,8888,317
10,11,13,2017.0,0,0,0,0,0,0,6,10,10,10,10,10,10,10,10,10,4,0,0,0,0,0,0,0,10,8888,100,8888,317
1,11,14,2017.0,0,0,0,0,0,0,4,7,14,21,33,37,26,18,30,11,3,0,0,0,0,0,0,0,37,8888,204,8888,318
2,11,14,2017.0,0,0,0,0,0,0,0,0,0,0,0,0,0,0,0,0,0,0,0,0,0,0,0,0,0,8888,0,8888,318
3,11,14,2017.0,0,0,0,0,0,0,4,7,14,21,33,37,26,18,30,11,3,0,0,0,0,0,0,0,37,8888,204,8888,318
4,11,14,2017.0,0,0,0,0,0,0,0,0,0,0,0,0,0,0,0,0,0,0,0,0,0,0,0,0,0,8888,0,8888,318
5,11,14,2017.0,120,131,123,127,111,136,156,129,141,134,135,146,133,139,131,128,116,111,108,108,104,96,92,92,156,92,8888,123,318
6,11,14,2017.0,5,5,5,5,1,7,11,5,8,6,6,13,14,13,13,13,14,14,14,14,14,14,14,13,14,8888,8888,8888,318
7,11,14,2017.0,38,46,44,43,31,16,52,15,21,19,22,57,60,56,77,68,45,31,40,38,100,67,93,81,100,8888,8888,48,318
8,11,14,2017.0,0,0,0,0,120,0,0,0,0,0,0,0,10,0,0,0,0,0,0,0,0,0,0,0,120,8888,130,8888,318
9,11,14,2017.0,0,0,0,0,0,0,0,0,0,0,0,0,0,0,0,0,0,0,0,0,0,0,0,0,0,8888,8888,8888,318
10,11,14,2017.0,0,0,0,0,0,0,6,10,10,10,10,10,10,10,10,10,4,0,0,0,0,0,0,0,10,8888,100,8888,318
1,11,15,2017.0,0,0,0,0,0,0,4,29,39,86,163,56,23,32,45,14,2,0,0,0,0,0,0,0,163,8888,494,8888,319
2,11,15,2017.0,0,0,0,0,0,0,0,7,0,20,114,0,0,0,8,0,0,0,0,0,0,0,0,0,114,8888,149,8888,319
3,11,15,2017.0,0,0,0,0,0,0,4,23,38,66,50,55,23,32,37,14,2,0,0,0,0,0,0,0,66,8888,345,8888,319
4,11,15,2017.0,0,0,0,0,0,0,0,3,0,3,9,0,0,0,2,0,0,0,0,0,0,0,0,0,9,8888,17,8888,319
5,11,15,2017.0,88,83,81,79,77,76,64,72,74,86,86,79,56,63,68,69,78,72,62,59,60,52,39,41,88,39,8888,69,319
6,11,15,2017.0,13,14,14,14,14,14,15,15,4,2,7,5,5,5,5,5,15,15,1,16,1,15,16,15,13,8888,8888,8888,319
7,11,15,2017.0,78,57,64,38,43,44,17,15,18,16,17,11,17,32,30,39,26,21,19,28,41,39,47,45,78,8888,8888,33,319
8,11,15,2017.0,0,0,0,0,0,0,0,0,0,0,0,0,15,5,0,0,25,0,5,10,0,0,10,0,25,8888,70,8888,319
9,11,15,2017.0,0,0,0,0,0,0,0,0,0,0,0,0,0,0,0,0,0,0,0,0,0,0,0,0,0,8888,8888,8888,319
10,11,15,2017.0,0,0,0,0,0,0,5,10,10,10,10,10,10,10,10,10,4,0,0,0,0,0,0,0,10,8888,99,8888,319
1,11,16,2017.0,0,0,0,0,0,0,4,34,27,91,54,69,116,54,36,13,2,0,0,0,0,0,0,0,116,8888,499,8888,320
2,11,16,2017.0,0,0,0,0,0,0,0,7,0,27,0,6,35,11,0,0,0,0,0,0,0,0,0,0,35,8888,87,8888,320
3,11,16,2017.0,0,0,0,0,0,0,4,26,27,64,53,63,81,43,35,13,2,0,0,0,0,0,0,0,81,8888,411,8888,320
4,11,16,2017.0,0,0,0,0,0,0,0,3,0,4,0,1,4,2,0,0,0,0,0,0,0,0,0,0,4,8888,15,8888,320
5,11,16,2017.0,37,33,40,48,51,60,65,65,30,53,26,58,49,28,52,53,52,52,40,46,32,50,57,49,65,26,8888,47,320
6,11,16,2017.0,16,16,1,16,15,14,13,13,16,14,16,13,13,15,13,13,13,13,13,14,15,13,13,13,13,8888,8888,8888,320
7,11,16,2017.0,45,43,44,40,37,61,71,67,30,36,27,139,151,37,111,110,128,91,63,66,47,74,88,59,151,8888,8888,69,320
8,11,16,2017.0,5,15,5,0,0,0,0,0,0,5,10,0,0,5,0,0,0,0,0,0,0,0,0,0,15,8888,45,8888,320
9,11,16,2017.0,0,0,0,0,0,0,0,0,0,0,0,0,0,0,0,0,0,0,0,0,0,0,0,0,0,8888,8888,8888,320
10,11,16,2017.0,0,0,0,0,0,0,5,10,10,10,10,10,10,10,10,10,4,0,0,0,0,0,0,0,10,8888,99,8888,320
1,11,17,2017.0,0,0,0,0,0,0,4,14,35,93,109,103,62,91,52,31,2,0,0,0,0,0,0,0,109,8888,596,8888,321
2,11,17,2017.0,0,0,0,0,0,0,0,0,0,28,33,24,1,27,12,11,0,0,0,0,0,0,0,0,33,8888,136,8888,321
3,11,17,2017.0,0,0,0,0,0,0,4,14,35,65,76,79,61,64,40,20,2,0,0,0,0,0,0,0,79,8888,461,8888,321
4,11,17,2017.0,0,0,0,0,0,0,0,0,0,4,4,3,0,4,3,5,0,0,0,0,0,0,0,0,5,8888,23,8888,321
5,11,17,2017.0,55,51,45,55,61,56,64,67,65,67,65,70,68,80,72,68,40,45,52,60,55,61,74,76,80,40,8888,61,321
6,11,17,2017.0,13,12,13,14,13,14,13,13,14,14,14,13,14,13,13,13,4,4,5,5,5,6,5,6,13,8888,8888,8888,321
7,11,17,2017.0,130,104,59,60,92,117,106,86,65,63,44,44,26,42,43,26,9,23,29,41,44,59,73,75,130,8888,8888,61,321
8,11,17,2017.0,0,0,0,5,0,0,0,0,0,0,0,0,0,0,0,0,0,0,0,0,0,0,0,0,5,8888,5,8888,321
9,11,17,2017.0,0,0,0,0,0,0,0,0,0,0,0,0,0,0,0,0,0,0,0,0,0,0,0,0,0,8888,8888,8888,321
10,11,17,2017.0,0,0,0,0,0,0,5,10,10,10,10,10,10,10,10,10,4,0,0,0,0,0,0,0,10,8888,99,8888,321
1,11,18,2017.0,0,0,0,0,0,0,3,4,11,17,24,28,25,19,28,12,2,0,0,0,0,0,0,0,28,8888,173,8888,322
2,11,18,2017.0,0,0,0,0,0,0,0,0,0,0,0,0,0,0,0,0,0,0,0,0,0,0,0,0,0,8888,0,8888,322
3,11,18,2017.0,0,0,0,0,0,0,3,4,11,17,24,28,25,19,28,12,2,0,0,0,0,0,0,0,28,8888,173,8888,322
4,11,18,2017.0,0,0,0,0,0,0,0,0,0,0,0,0,0,0,0,0,0,0,0,0,0,0,0,0,0,8888,0,8888,322
5,11,18,2017.0,79,64,73,75,87,93,92,95,91,92,93,93,84,77,72,70,67,55,58,61,58,56,41,30,95,30,8888,73,322
6,11,18,2017.0,6,5,5,6,6,12,11,10,13,13,14,14,14,14,15,14,14,1,14,13,13,12,14,15,13,8888,8888,8888,322
7,11,18,2017.0,78,57,73,79,77,74,48,33,42,65,64,39,40,50,45,47,66,44,82,91,62,61,39,54,91,8888,8888,59,322
8,11,18,2017.0,0,0,5,10,15,100,50,25,15,10,5,0,0,0,5,0,0,0,0,0,0,0,10,15,100,8888,265,8888,322
9,11,18,2017.0,0,0,0,0,0,0,0,0,0,0,0,0,0,0,0,0,0,0,0,0,0,0,0,0,0,8888,8888,8888,322
10,11,18,2017.0,0,0,0,0,0,0,5,10,10,10,10,10,10,10,10,10,3,0,0,0,0,0,0,0,10,8888,98,8888,322
1,11,19,2017.0,0,0,0,0,0,0,3,12,14,74,100,73,34,38,21,14,2,0,0,0,0,0,0,0,100,8888,387,8888,323
2,11,19,2017.0,0,0,0,0,0,0,0,0,0,18,23,6,0,0,0,0,0,0,0,0,0,0,0,0,23,8888,47,8888,323
3,11,19,2017.0,0,0,0,0,0,0,3,12,14,56,77,67,34,38,21,14,2,0,0,0,0,0,0,0,77,8888,340,8888,323
4,11,19,2017.0,0,0,0,0,0,0,0,0,0,3,3,1,0,0,0,0,0,0,0,0,0,0,0,0,3,8888,8,8888,323
5,11,19,2017.0,24,36,38,43,33,19,25,20,13,9,26,5,6,10,8,-5,-15,-17,-19,-10,-13,6,11,-7,43,-19,8888,10,323
6,11,19,2017.0,14,14,14,14,14,15,14,14,13,13,13,13,12,10,12,13,13,13,13,12,11,14,14,12,13,8888,8888,8888,323
7,11,19,2017.0,48,45,71,84,61,36,54,63,60,60,124,63,70,66,62,52,69,83,60,68,54,98,75,61,124,8888,8888,66,323
8,11,19,2017.0,15,10,0,0,0,0,10,0,10,5,0,0,5,0,0,0,0,5,0,5,5,0,0,0,15,8888,70,8888,323
9,11,19,2017.0,0,0,0,0,0,0,0,0,0,0,0,0,0,0,0,0,0,0,0,0,0,0,0,0,0,8888,8888,8888,323
10,11,19,2017.0,0,0,0,0,0,0,5,10,10,10,10,10,10,10,10,10,3,0,0,0,0,0,0,0,10,8888,98,8888,323
1,11,20,2017.0,0,0,0,0,0,0,3,24,39,59,69,102,42,101,56,16,2,0,0,0,0,0,0,0,102,8888,514,8888,324
2,11,20,2017.0,0,0,0,0,0,0,0,3,0,4,1,13,0,29,13,0,0,0,0,0,0,0,0,0,29,8888,63,8888,324
3,11,20,2017.0,0,0,0,0,0,0,3,21,39,55,68,90,42,72,44,16,2,0,0,0,0,0,0,0,90,8888,451,8888,324
4,11,20,2017.0,0,0,0,0,0,0,0,2,0,1,0,2,0,5,3,0,0,0,0,0,0,0,0,0,5,8888,14,8888,324
5,11,20,2017.0,-8,8,15,1,17,2,-8,7,-10,-10,6,22,14,30,33,35,20,7,3,4,3,4,4,19,35,-10,8888,9,324
6,11,20,2017.0,12,13,13,13,13,12,11,11,13,12,11,13,13,14,14,13,16,6,15,16,15,15,15,15,13,8888,8888,8888,324
7,11,20,2017.0,48,90,144,122,131,61,60,37,66,40,36,57,18,51,46,43,20,40,11,15,18,24,40,44,144,8888,8888,53,324
8,11,20,2017.0,5,10,10,20,0,5,0,5,0,0,0,0,5,0,0,0,0,5,0,0,30,40,70,30,70,8888,235,8888,324
9,11,20,2017.0,0,2,1,1,2,2,2,2,2,2,2,2,1,1,0,1,1,1,1,1,0,0,3,9,9,8888,8888,8888,324
10,11,20,2017.0,0,0,0,0,0,0,4,10,10,10,10,10,10,10,10,10,3,0,0,0,0,0,0,0,10,8888,98,8888,324
1,11,21,2017.0,0,0,0,0,0,0,3,9,28,28,37,52,51,31,21,10,2,0,0,0,0,0,0,0,52,8888,271,8888,325
2,11,21,2017.0,0,0,0,0,0,0,0,0,0,0,0,0,0,0,0,0,0,0,0,0,0,0,0,0,0,8888,1,8888,325
3,11,21,2017.0,0,0,0,0,0,0,3,9,28,28,37,51,51,31,21,10,2,0,0,0,0,0,0,0,51,8888,271,8888,325
4,11,21,2017.0,0,0,0,0,0,0,0,0,0,0,0,0,0,0,0,0,0,0,0,0,0,0,0,0,0,8888,0,8888,325
5,11,21,2017.0,8,8,14,21,24,13,26,32,29,21,30,37,38,41,40,47,26,42,54,30,52,54,56,53,56,8,8888,33,325
6,11,21,2017.0,15,16,15,14,14,15,14,14,14,14,14,13,14,14,14,13,14,14,13,13,11,12,11,12,13,8888,8888,8888,325
7,11,21,2017.0,47,49,47,65,66,48,61,58,91,69,53,97,72,53,39,62,30,35,49,33,33,36,50,41,97,8888,8888,54,325
8,11,21,2017.0,10,10,5,0,0,0,0,0,0,5,0,5,0,0,0,0,0,0,0,0,0,0,0,0,10,8888,35,8888,325
9,11,21,2017.0,9,9,8,7,7,6,6,6,6,5,6,5,4,3,4,4,4,4,4,4,4,4,4,4,9,8888,8888,8888,325
10,11,21,2017.0,0,0,0,0,0,0,4,10,10,10,10,10,10,10,10,10,3,0,0,0,0,0,0,0,10,8888,97,8888,325
1,11,22,2017.0,0,0,0,0,0,0,3,42,84,110,143,62,43,33,22,9,2,0,0,0,0,0,0,0,143,8888,552,8888,326
2,11,22,2017.0,0,0,0,0,0,0,0,14,22,38,40,1,0,0,0,0,0,0,0,0,0,0,0,0,40,8888,115,8888,326
3,11,22,2017.0,0,0,0,0,0,0,3,28,62,72,102,62,43,32,22,9,2,0,0,0,0,0,0,0,102,8888,436,8888,326
4,11,22,2017.0,0,0,0,0,0,0,0,10,8,6,8,0,0,0,0,0,0,0,0,0,0,0,0,0,10,8888,33,8888,326
5,11,22,2017.0,60,21,19,29,26,41,47,61,64,70,75,79,78,79,88,87,88,95,69,66,78,75,96,106,106,19,8888,67,326
6,11,22,2017.0,12,4,5,5,5,5,5,6,6,6,6,6,6,5,5,5,5,5,7,6,7,5,11,10,11,8888,8888,8888,326
7,11,22,2017.0,52,23,24,34,31,36,52,58,58,69,64,68,60,53,66,50,49,57,22,22,45,63,78,64,78,8888,8888,50,326
8,11,22,2017.0,0,0,0,0,0,0,0,0,0,0,0,0,0,0,0,0,0,0,0,0,30,30,60,25,60,8888,145,8888,326
9,11,22,2017.0,4,4,4,4,4,3,3,3,3,3,3,1,0,0,0,0,0,0,0,0,0,0,0,0,4,8888,8888,8888,326
10,11,22,2017.0,0,0,0,0,0,0,4,10,10,10,10,10,10,10,10,10,3,0,0,0,0,0,0,0,10,8888,97,8888,326
1,11,23,2017.0,0,0,0,0,0,0,2,6,16,31,40,54,26,44,24,10,2,0,0,0,0,0,0,0,54,8888,255,8888,327
2,11,23,2017.0,0,0,0,0,0,0,0,0,0,0,0,0,0,0,0,0,0,0,0,0,0,0,0,0,0,8888,1,8888,327
3,11,23,2017.0,0,0,0,0,0,0,2,6,16,31,40,53,26,44,24,10,2,0,0,0,0,0,0,0,53,8888,254,8888,327
4,11,23,2017.0,0,0,0,0,0,0,0,0,0,0,0,0,0,0,0,0,0,0,0,0,0,0,0,0,0,8888,1,8888,327
5,11,23,2017.0,102,110,96,98,83,75,70,84,86,84,91,91,86,80,68,63,59,55,55,56,57,54,49,47,110,47,8888,75,327
6,11,23,2017.0,11,9,12,13,15,16,15,14,14,14,13,13,14,14,14,15,14,14,14,14,13,13,13,13,13,8888,8888,8888,327
7,11,23,2017.0,89,62,104,65,34,33,34,40,61,43,62,70,33,38,45,47,49,58,42,78,121,129,128,105,129,8888,8888,65,327
8,11,23,2017.0,15,0,15,10,30,0,0,5,0,0,0,0,0,0,20,0,0,0,0,0,0,0,0,0,30,8888,95,8888,327
9,11,23,2017.0,0,0,0,0,0,0,0,0,0,0,0,0,0,0,0,0,0,0,0,0,0,0,0,0,0,8888,8888,8888,327
10,11,23,2017.0,0,0,0,0,0,0,4,10,10,10,10,10,10,10,10,10,3,0,0,0,0,0,0,0,10,8888,97,8888,327
1,11,24,2017.0,0,0,0,0,0,0,2,8,23,48,71,55,56,33,28,10,1,0,0,0,0,0,0,0,71,8888,335,8888,328
2,11,24,2017.0,0,0,0,0,0,0,0,0,0,1,6,0,1,0,0,0,0,0,0,0,0,0,0,0,6,8888,8,8888,328
3,11,24,2017.0,0,0,0,0,0,0,2,8,23,47,65,54,56,33,28,10,1,0,0,0,0,0,0,0,65,8888,327,8888,328
4,11,24,2017.0,0,0,0,0,0,0,0,0,0,0,1,0,0,0,0,0,0,0,0,0,0,0,0,0,1,8888,3,8888,328
5,11,24,2017.0,47,43,40,42,41,44,45,39,39,45,43,40,34,29,37,36,37,35,38,40,41,43,40,46,47,29,8888,40,328
6,11,24,2017.0,14,14,13,14,14,13,13,13,14,13,13,13,13,13,13,14,14,14,13,13,13,13,13,13,13,8888,8888,8888,328
7,11,24,2017.0,93,88,128,96,67,105,116,131,95,129,138,115,108,108,105,66,60,49,91,66,78,78,122,121,138,8888,8888,98,328
8,11,24,2017.0,0,0,0,0,0,0,0,0,0,0,0,0,0,0,0,0,0,0,0,0,0,0,0,0,0,8888,0,8888,328
9,11,24,2017.0,0,0,0,0,0,0,0,0,0,0,0,0,0,0,0,0,0,0,0,0,0,0,0,0,0,8888,8888,8888,328
10,11,24,2017.0,0,0,0,0,0,0,4,10,10,10,10,10,10,10,10,10,3,0,0,0,0,0,0,0,10,8888,96,8888,328
1,11,25,2017.0,0,0,0,0,0,0,2,9,24,61,69,61,69,94,54,21,1,0,0,0,0,0,0,0,94,8888,467,8888,329
2,11,25,2017.0,0,0,0,0,0,0,0,0,0,5,6,1,6,35,16,3,0,0,0,0,0,0,0,0,35,8888,71,8888,329
3,11,25,2017.0,0,0,0,0,0,0,2,9,24,57,63,60,64,59,39,18,1,0,0,0,0,0,0,0,64,8888,396,8888,329
4,11,25,2017.0,0,0,0,0,0,0,0,0,0,1,1,0,1,5,4,2,0,0,0,0,0,0,0,0,5,8888,15,8888,329
5,11,25,2017.0,44,43,42,40,37,35,35,32,32,37,41,38,36,33,34,37,38,37,36,38,32,33,32,40,44,32,8888,37,329
6,11,25,2017.0,14,14,14,14,14,13,13,14,13,13,13,13,13,13,13,13,13,13,13,8,6,5,5,6,13,8888,8888,8888,329
7,11,25,2017.0,72,99,97,84,123,100,132,105,120,133,124,154,148,158,122,112,90,63,25,25,48,46,54,80,158,8888,8888,96,329
8,11,25,2017.0,0,0,0,0,0,0,0,0,0,0,0,0,0,0,0,0,0,0,0,0,0,0,0,0,0,8888,0,8888,329
9,11,25,2017.0,0,0,0,0,0,0,0,0,0,0,0,0,0,0,0,0,0,0,0,0,0,0,0,0,0,8888,8888,8888,329
10,11,25,2017.0,0,0,0,0,0,0,4,10,10,10,10,10,10,10,10,10,3,0,0,0,0,0,0,0,10,8888,96,8888,329
1,11,26,2017.0,0,0,0,0,0,0,2,8,21,19,21,23,21,18,13,5,1,0,0,0,0,0,0,0,23,8888,152,8888,330
2,11,26,2017.0,0,0,0,0,0,0,0,0,0,0,0,0,0,0,0,0,0,0,0,0,0,0,0,0,0,8888,0,8888,330
3,11,26,2017.0,0,0,0,0,0,0,2,8,21,19,21,23,21,18,13,5,1,0,0,0,0,0,0,0,23,8888,152,8888,330
4,11,26,2017.0,0,0,0,0,0,0,0,0,0,0,0,0,0,0,0,0,0,0,0,0,0,0,0,0,0,8888,0,8888,330
5,11,26,2017.0,43,43,92,79,75,76,75,83,90,84,74,68,63,62,58,57,54,57,52,48,44,42,34,29,92,29,8888,62,330
6,11,26,2017.0,5,5,10,13,14,14,13,12,13,13,14,14,14,14,13,14,14,14,14,14,13,14,13,14,13,8888,8888,8888,330
7,11,26,2017.0,77,80,104,121,72,109,144,55,106,95,87,77,73,65,123,105,88,98,76,124,141,117,158,98,158,8888,8888,100,330
8,11,26,2017.0,0,5,10,20,15,10,5,0,0,0,0,0,0,0,0,0,0,0,0,0,0,0,0,0,20,8888,65,8888,330
9,11,26,2017.0,0,0,0,0,0,0,0,0,0,0,0,0,0,0,0,0,0,0,0,0,0,0,0,0,0,8888,8888,8888,330
10,11,26,2017.0,0,0,0,0,0,0,3,10,10,10,10,10,10,10,10,10,3,0,0,0,0,0,0,0,10,8888,96,8888,330
1,11,27,2017.0,0,0,0,0,0,0,2,7,21,30,47,47,47,44,57,16,1,0,0,0,0,0,0,0,57,8888,319,8888,331
2,11,27,2017.0,0,0,0,0,0,0,0,0,0,0,0,0,0,0,17,1,0,0,0,0,0,0,0,0,17,8888,20,8888,331
3,11,27,2017.0,0,0,0,0,0,0,2,7,21,30,46,47,47,44,41,14,1,0,0,0,0,0,0,0,47,8888,300,8888,331
4,11,27,2017.0,0,0,0,0,0,0,0,0,0,0,0,0,0,0,4,1,0,0,0,0,0,0,0,0,4,8888,5,8888,331
5,11,27,2017.0,26,23,20,11,14,13,10,16,8,14,21,26,30,30,32,24,17,18,23,16,12,13,14,20,32,8,8888,19,331
6,11,27,2017.0,14,13,14,14,14,13,14,14,16,1,16,13,12,11,11,6,4,6,5,5,5,5,5,5,13,8888,8888,8888,331
7,11,27,2017.0,65,87,66,48,45,79,40,43,23,24,16,15,18,21,19,14,14,18,25,28,27,27,25,31,87,8888,8888,34,331
8,11,27,2017.0,0,0,0,0,0,0,0,0,0,0,0,0,0,0,0,0,0,0,0,0,0,0,0,0,0,8888,0,8888,331
9,11,27,2017.0,0,0,0,0,0,0,0,0,0,0,0,0,0,0,0,0,0,0,0,0,0,0,0,0,0,8888,8888,8888,331
10,11,27,2017.0,0,0,0,0,0,0,3,10,10,10,10,10,10,10,10,10,3,0,0,0,0,0,0,0,10,8888,96,8888,331
1,11,28,2017.0,0,0,0,0,0,0,2,34,81,127,156,166,153,82,37,12,1,0,0,0,0,0,0,0,166,8888,851,8888,332
2,11,28,2017.0,0,0,0,0,0,0,0,19,51,101,127,137,123,24,1,0,0,0,0,0,0,0,0,0,137,8888,585,8888,332
3,11,28,2017.0,0,0,0,0,0,0,2,14,29,26,29,29,29,57,36,12,1,0,0,0,0,0,0,0,57,8888,266,8888,332
4,11,28,2017.0,0,0,0,0,0,0,0,9,9,10,10,10,10,4,0,0,0,0,0,0,0,0,0,0,10,8888,63,8888,332
5,11,28,2017.0,25,19,27,23,18,21,36,62,81,86,98,102,106,101,98,93,95,95,92,93,93,98,107,108,108,18,8888,74,332
6,11,28,2017.0,5,5,5,4,5,5,4,5,5,6,6,6,6,6,5,5,5,5,5,6,5,5,5,5,6,8888,8888,8888,332
7,11,28,2017.0,30,29,28,23,23,23,25,27,37,57,50,58,58,47,37,36,41,33,36,39,39,42,50,43,58,8888,8888,38,332
8,11,28,2017.0,0,0,0,0,0,0,0,0,0,0,0,0,0,0,0,0,0,0,0,0,0,0,0,0,0,8888,0,8888,332
9,11,28,2017.0,0,0,0,0,0,0,0,0,0,0,0,0,0,0,0,0,0,0,0,0,0,0,0,0,0,8888,8888,8888,332
10,11,28,2017.0,0,0,0,0,0,0,3,10,10,10,10,10,10,10,10,10,2,0,0,0,0,0,0,0,10,8888,95,8888,332
1,11,29,2017.0,0,0,0,0,0,0,1,9,19,55,67,75,104,40,27,10,1,0,0,0,0,0,0,0,104,8888,408,8888,333
2,11,29,2017.0,0,0,0,0,0,0,0,0,0,5,5,14,31,0,0,0,0,0,0,0,0,0,0,0,31,8888,55,8888,333
3,11,29,2017.0,0,0,0,0,0,0,1,9,19,50,62,62,73,40,27,10,1,0,0,0,0,0,0,0,73,8888,353,8888,333
4,11,29,2017.0,0,0,0,0,0,0,0,0,0,1,1,2,4,0,0,0,0,0,0,0,0,0,0,0,4,8888,9,8888,333
5,11,29,2017.0,103,109,107,106,111,108,130,130,133,133,121,112,106,91,81,74,68,62,55,51,49,41,39,34,133,34,8888,90,333
6,11,29,2017.0,5,6,5,5,5,3,12,12,12,12,13,14,13,13,13,13,13,13,13,13,13,14,14,14,13,8888,8888,8888,333
7,11,29,2017.0,37,53,45,47,39,50,54,57,50,46,124,83,108,113,99,102,116,100,101,88,79,73,61,63,124,8888,8888,74,333
8,11,29,2017.0,0,0,0,0,0,0,0,0,0,0,0,0,0,0,0,0,0,0,0,0,0,0,0,0,0,8888,0,8888,333
9,11,29,2017.0,0,0,0,0,0,0,0,0,0,0,0,0,0,0,0,0,0,0,0,0,0,0,0,0,0,8888,8888,8888,333
10,11,29,2017.0,0,0,0,0,0,0,3,10,10,10,10,10,10,10,10,10,2,0,0,0,0,0,0,0,10,8888,95,8888,333
1,11,30,2017.0,0,0,0,0,0,0,1,20,20,30,29,37,34,30,17,6,1,0,0,0,0,0,0,0,37,8888,225,8888,334
2,11,30,2017.0,0,0,0,0,0,0,0,3,0,0,0,0,0,0,0,0,0,0,0,0,0,0,0,0,3,8888,4,8888,334
3,11,30,2017.0,0,0,0,0,0,0,1,16,20,30,29,37,34,30,17,6,1,0,0,0,0,0,0,0,37,8888,221,8888,334
4,11,30,2017.0,0,0,0,0,0,0,0,2,0,0,0,0,0,0,0,0,0,0,0,0,0,0,0,0,2,8888,2,8888,334
5,11,30,2017.0,31,33,24,25,20,19,20,20,17,24,17,20,22,19,26,19,16,16,25,20,33,35,31,28,35,16,8888,23,334
6,11,30,2017.0,14,14,14,13,14,14,14,14,14,14,13,14,14,14,14,14,14,14,14,14,13,14,14,14,13,8888,8888,8888,334
7,11,30,2017.0,75,57,47,72,49,72,78,69,60,34,54,62,69,53,44,55,68,43,99,48,112,76,60,75,112,8888,8888,64,334
8,11,30,2017.0,0,0,0,0,0,0,0,0,0,0,0,0,0,0,0,0,0,0,0,0,0,0,0,0,0,8888,0,8888,334
9,11,30,2017.0,0,0,0,0,0,0,0,0,0,0,0,0,0,0,0,0,0,0,0,0,0,0,0,0,0,8888,8888,8888,334
10,11,30,2017.0,0,0,0,0,0,0,3,10,10,10,10,10,10,10,10,10,2,0,0,0,0,0,0,0,10,8888,95,8888,334
1,12,1,2010.0,0,0,0,0,0,0,1,12,67,102,68,121,133,66,45,24,1,0,0,0,0,0,0,0,133,8888,641,8888,335
2,12,1,2010.0,0,0,0,0,0,0,0,0,32,52,5,53,79,11,7,8,0,0,0,0,0,0,0,0,79,8888,248,8888,335
3,12,1,2010.0,0,0,0,0,0,0,1,12,35,51,63,68,54,55,38,16,1,0,0,0,0,0,0,0,68,8888,393,8888,335
4,12,1,2010.0,0,0,0,0,0,0,0,0,7,7,1,6,8,2,2,5,0,0,0,0,0,0,0,0,8,8888,38,8888,335
5,12,1,2010.0,31,37,47,39,31,39,68,76,88,98,97,108,124,117,116,115,101,105,76,72,92,84,81,81,124,31,8888,80,335
6,12,1,2010.0,2,16,16,16,1,2,12,12,13,13,13,13,12,12,13,13,16,15,1,1,5,4,2,14,13,8888,8888,8888,335
7,12,1,2010.0,7,19,23,19,18,7,19,12,13,15,25,22,12,15,13,38,20,13,17,13,7,4,7,5,38,8888,8888,15,335
8,12,1,2010.0,0,0,0,0,0,0,0,0,0,0,0,0,0,0,0,0,0,0,0,0,0,0,0,0,0,8888,0,8888,335
9,12,1,2010.0,0,0,0,0,0,0,0,0,0,0,0,0,0,0,0,0,0,0,0,0,0,0,0,0,0,8888,8888,8888,335
10,12,1,2010.0,0,0,0,0,0,0,2,10,10,10,10,10,10,10,10,10,2,0,0,0,0,0,0,0,10,8888,95,8888,335
1,12,2,2010.0,0,0,0,0,0,0,1,12,42,64,151,160,150,121,76,26,1,0,0,0,0,0,0,0,160,8888,804,8888,336
2,12,2,2010.0,0,0,0,0,0,0,0,0,3,11,122,130,121,93,52,10,0,0,0,0,0,0,0,0,130,8888,542,8888,336
3,12,2,2010.0,0,0,0,0,0,0,1,12,39,53,29,30,30,28,24,15,1,0,0,0,0,0,0,0,53,8888,262,8888,336
4,12,2,2010.0,0,0,0,0,0,0,0,0,1,2,10,10,10,10,10,6,0,0,0,0,0,0,0,0,10,8888,59,8888,336
5,12,2,2010.0,97,91,85,80,92,96,101,109,114,132,139,149,156,157,152,136,133,127,126,134,133,135,138,140,157,80,8888,123,336
6,12,2,2010.0,7,4,4,2,5,5,5,5,5,5,6,6,6,6,6,5,5,5,5,4,5,5,5,4,5,8888,8888,8888,336
7,12,2,2010.0,11,8,6,7,11,9,11,12,15,14,20,18,24,23,24,13,16,15,19,30,27,24,32,24,32,8888,8888,17,336
8,12,2,2010.0,0,5,5,0,0,0,0,0,0,0,0,0,0,0,0,0,0,0,0,0,0,0,0,0,5,8888,10,8888,336
9,12,2,2010.0,0,0,0,0,0,0,0,0,0,0,0,0,0,0,0,0,0,0,0,0,0,0,0,0,0,8888,8888,8888,336
10,12,2,2010.0,0,0,0,0,0,0,2,10,10,10,10,10,10,10,10,10,2,0,0,0,0,0,0,0,10,8888,95,8888,336
1,12,3,2010.0,0,0,0,0,0,0,1,3,22,33,17,24,27,21,28,14,1,0,0,0,0,0,0,0,33,8888,190,8888,337
2,12,3,2010.0,0,0,0,0,0,0,0,0,0,0,0,0,0,0,0,1,0,0,0,0,0,0,0,0,1,8888,2,8888,337
3,12,3,2010.0,0,0,0,0,0,0,1,3,22,33,17,24,27,21,27,13,1,0,0,0,0,0,0,0,33,8888,188,8888,337
4,12,3,2010.0,0,0,0,0,0,0,0,0,0,0,0,0,0,0,0,1,0,0,0,0,0,0,0,0,1,8888,1,8888,337
5,12,3,2010.0,141,144,149,152,130,123,124,128,154,166,157,160,148,145,136,130,129,103,97,103,101,91,81,73,166,73,8888,128,337
6,12,3,2010.0,4,5,5,5,5,5,5,4,4,4,5,5,5,10,12,13,12,12,12,13,13,12,12,12,4,8888,8888,8888,337
7,12,3,2010.0,29,21,27,32,22,26,30,44,62,45,33,25,23,28,15,17,9,37,18,25,41,22,33,22,62,8888,8888,29,337
8,12,3,2010.0,0,0,0,0,5,40,45,35,0,0,10,5,0,0,0,0,0,30,25,5,0,0,0,0,45,8888,200,8888,337
9,12,3,2010.0,0,0,0,0,0,0,0,0,0,0,0,0,0,0,0,0,0,0,0,0,0,0,0,0,0,8888,8888,8888,337
10,12,3,2010.0,0,0,0,0,0,0,2,10,10,10,10,10,10,10,10,10,2,0,0,0,0,0,0,0,10,8888,94,8888,337
1,12,4,2010.0,0,0,0,0,0,0,1,6,10,15,32,29,26,26,16,6,1,0,0,0,0,0,0,0,32,8888,170,8888,338
2,12,4,2010.0,0,0,0,0,0,0,0,0,0,0,0,0,0,0,0,0,0,0,0,0,0,0,0,0,0,8888,0,8888,338
3,12,4,2010.0,0,0,0,0,0,0,1,6,10,15,32,29,26,26,16,6,1,0,0,0,0,0,0,0,32,8888,170,8888,338
4,12,4,2010.0,0,0,0,0,0,0,0,0,0,0,0,0,0,0,0,0,0,0,0,0,0,0,0,0,0,8888,0,8888,338
5,12,4,2010.0,62,50,41,38,38,39,44,42,44,46,48,55,54,58,63,61,60,60,60,64,69,68,69,73,73,38,8888,54,338
6,12,4,2010.0,12,12,12,12,12,12,12,13,12,12,12,12,12,12,12,12,12,12,12,12,13,12,13,12,12,8888,8888,8888,338
7,12,4,2010.0,30,45,25,32,24,25,23,35,25,22,22,29,24,21,24,27,19,16,19,19,31,25,23,17,45,8888,8888,25,338
8,12,4,2010.0,0,5,0,0,5,5,5,0,5,10,0,0,0,0,0,0,0,0,0,0,0,0,0,0,10,8888,35,8888,338
9,12,4,2010.0,0,0,0,0,0,0,0,0,0,0,0,0,0,0,0,0,0,0,0,0,0,0,0,0,0,8888,8888,8888,338
10,12,4,2010.0,0,0,0,0,0,0,2,10,10,10,10,10,10,10,10,10,2,0,0,0,0,0,0,0,10,8888,94,8888,338
1,12,5,2010.0,0,0,0,0,0,0,1,5,16,24,34,30,35,68,34,9,1,0,0,0,0,0,0,0,68,8888,256,8888,339
2,12,5,2010.0,0,0,0,0,0,0,0,0,0,0,0,0,0,11,3,0,0,0,0,0,0,0,0,0,11,8888,14,8888,339
3,12,5,2010.0,0,0,0,0,0,0,1,5,16,24,34,30,35,58,31,9,1,0,0,0,0,0,0,0,58,8888,242,8888,339
4,12,5,2010.0,0,0,0,0,0,0,0,0,0,0,0,0,0,2,1,0,0,0,0,0,0,0,0,0,2,8888,3,8888,339
5,12,5,2010.0,74,75,85,85,85,88,92,96,101,95,100,95,108,139,130,125,130,130,128,130,122,119,115,111,139,74,8888,107,339
6,12,5,2010.0,13,13,12,13,13,13,13,13,12,3,5,2,6,11,12,12,13,12,12,13,13,13,13,13,11,8888,8888,8888,339
7,12,5,2010.0,25,15,13,20,17,13,17,17,9,7,7,5,20,45,22,8,5,13,11,14,29,26,25,17,45,8888,8888,17,339
8,12,5,2010.0,0,0,0,0,0,0,0,0,0,0,0,0,0,0,0,0,0,0,0,0,0,0,0,0,0,8888,0,8888,339
9,12,5,2010.0,0,0,0,0,0,0,0,0,0,0,0,0,0,0,0,0,0,0,0,0,0,0,0,0,0,8888,8888,8888,339
10,12,5,2010.0,0,0,0,0,0,0,2,10,10,10,10,10,10,10,10,10,2,0,0,0,0,0,0,0,10,8888,94,8888,339
1,12,6,2010.0,0,0,0,0,0,0,0,6,21,35,37,90,101,56,21,3,1,0,0,0,0,0,0,0,101,8888,372,8888,340
2,12,6,2010.0,0,0,0,0,0,0,0,0,0,0,0,14,31,4,0,0,0,0,0,0,0,0,0,0,31,8888,49,8888,340
3,12,6,2010.0,0,0,0,0,0,0,0,6,21,34,37,77,71,51,21,3,1,0,0,0,0,0,0,0,77,8888,323,8888,340
4,12,6,2010.0,0,0,0,0,0,0,0,0,0,0,0,2,4,1,0,0,0,0,0,0,0,0,0,0,4,8888,8,8888,340
5,12,6,2010.0,111,107,110,100,95,94,96,98,110,115,122,137,145,142,141,122,116,114,107,105,100,97,87,84,145,84,8888,111,340
6,12,6,2010.0,12,13,13,16,1,1,1,5,5,5,5,5,6,8,3,14,14,15,2,15,14,15,16,16,8,8888,8888,8888,340
7,12,6,2010.0,9,6,16,16,17,16,14,13,10,9,10,14,21,32,16,26,18,18,8,17,12,14,20,24,32,8888,8888,16,340
8,12,6,2010.0,0,0,0,0,0,0,0,0,0,0,0,0,0,0,0,10,0,0,0,0,0,5,5,0,10,8888,20,8888,340
9,12,6,2010.0,0,0,0,0,0,0,0,0,0,0,0,0,0,0,0,0,0,0,0,0,0,0,0,0,0,8888,8888,8888,340
10,12,6,2010.0,0,0,0,0,0,0,2,10,10,10,10,10,10,10,10,10,2,0,0,0,0,0,0,0,10,8888,94,8888,340
1,12,7,2010.0,0,0,0,0,0,0,0,3,17,24,33,29,26,21,27,9,1,0,0,0,0,0,0,0,33,8888,189,8888,341
2,12,7,2010.0,0,0,0,0,0,0,0,0,0,0,0,0,0,0,0,0,0,0,0,0,0,0,0,0,0,8888,0,8888,341
3,12,7,2010.0,0,0,0,0,0,0,0,3,17,23,33,29,26,21,27,9,1,0,0,0,0,0,0,0,33,8888,189,8888,341
4,12,7,2010.0,0,0,0,0,0,0,0,0,0,0,0,0,0,0,0,0,0,0,0,0,0,0,0,0,0,8888,0,8888,341
5,12,7,2010.0,79,78,76,66,47,45,45,44,46,48,49,43,42,37,35,33,25,27,29,31,35,38,39,36,79,25,8888,45,341
6,12,7,2010.0,1,16,14,15,15,14,2,15,14,16,15,15,15,15,15,15,1,2,3,16,16,16,15,16,15,8888,8888,8888,341
7,12,7,2010.0,17,35,35,36,34,22,4,21,33,31,36,36,31,46,34,33,25,14,6,14,17,30,31,32,46,8888,8888,27,341
8,12,7,2010.0,0,0,0,0,30,15,5,5,0,0,0,0,0,0,0,0,0,0,0,0,0,0,0,0,30,8888,55,8888,341
9,12,7,2010.0,0,0,0,0,0,0,0,0,0,0,0,0,0,0,0,0,0,0,0,0,0,0,0,0,0,8888,8888,8888,341
10,12,7,2010.0,0,0,0,0,0,0,2,10,10,10,10,10,10,10,10,10,2,0,0,0,0,0,0,0,10,8888,94,8888,341
1,12,8,2010.0,0,0,0,0,0,0,0,5,17,29,40,70,70,25,18,7,1,0,0,0,0,0,0,0,70,8888,282,8888,342
2,12,8,2010.0,0,0,0,0,0,0,0,0,0,0,0,6,12,0,0,0,0,0,0,0,0,0,0,0,12,8888,18,8888,342
3,12,8,2010.0,0,0,0,0,0,0,0,5,17,29,39,65,57,25,18,7,1,0,0,0,0,0,0,0,65,8888,264,8888,342
4,12,8,2010.0,0,0,0,0,0,0,0,0,0,0,0,1,2,0,0,0,0,0,0,0,0,0,0,0,2,8888,3,8888,342
5,12,8,2010.0,38,36,29,22,20,22,32,35,38,42,47,52,48,44,42,34,28,29,32,36,30,35,43,38,52,20,8888,35,342
6,12,8,2010.0,15,14,3,1,3,2,16,16,16,16,15,15,15,15,15,1,15,16,1,16,1,16,16,16,15,8888,8888,8888,342
7,12,8,2010.0,34,32,11,21,14,17,32,31,31,25,24,31,31,39,26,12,13,16,12,21,33,18,28,27,39,8888,8888,24,342
8,12,8,2010.0,0,0,0,0,0,5,0,0,0,0,0,0,0,0,0,0,0,5,0,0,0,0,0,0,5,8888,10,8888,342
9,12,8,2010.0,0,0,0,0,0,0,0,0,0,0,0,0,0,0,0,0,0,0,0,0,0,0,0,0,0,8888,8888,8888,342
10,12,8,2010.0,0,0,0,0,0,0,1,10,10,10,10,10,10,10,10,10,2,0,0,0,0,0,0,0,10,8888,93,8888,342
1,12,9,2010.0,0,0,0,0,0,0,0,7,22,46,42,88,31,28,18,6,1,0,0,0,0,0,0,0,88,8888,289,8888,343
2,12,9,2010.0,0,0,0,0,0,0,0,0,0,1,0,21,0,0,0,0,0,0,0,0,0,0,0,0,21,8888,22,8888,343
3,12,9,2010.0,0,0,0,0,0,0,0,7,21,46,42,67,31,28,18,6,1,0,0,0,0,0,0,0,67,8888,267,8888,343
4,12,9,2010.0,0,0,0,0,0,0,0,0,0,0,0,3,0,0,0,0,0,0,0,0,0,0,0,0,3,8888,3,8888,343
5,12,9,2010.0,25,18,16,8,5,9,18,28,36,41,49,47,46,45,44,42,42,37,36,36,32,29,36,31,49,5,8888,31,343
6,12,9,2010.0,16,1,2,2,1,3,2,2,16,6,7,4,2,2,2,11,3,1,1,4,4,2,15,16,2,8888,8888,8888,343
7,12,9,2010.0,14,11,15,10,14,11,10,13,22,31,25,21,32,29,11,8,29,31,21,13,9,10,29,27,32,8888,8888,19,343
8,12,9,2010.0,0,0,0,0,0,0,0,0,0,0,0,0,0,0,0,0,0,0,0,0,0,0,0,0,0,8888,0,8888,343
9,12,9,2010.0,0,0,0,0,0,0,0,0,0,0,0,0,0,0,0,0,0,0,0,0,0,0,0,0,0,8888,8888,8888,343
10,12,9,2010.0,0,0,0,0,0,0,1,10,10,10,10,10,10,10,10,10,2,0,0,0,0,0,0,0,10,8888,93,8888,343
1,12,10,2010.0,0,0,0,0,0,0,0,8,46,47,76,75,57,55,33,15,1,0,0,0,0,0,0,0,76,8888,411,8888,344
2,12,10,2010.0,0,0,0,0,0,0,0,0,10,4,12,13,5,4,3,1,0,0,0,0,0,0,0,0,13,8888,54,8888,344
3,12,10,2010.0,0,0,0,0,0,0,0,8,36,42,63,62,52,51,30,14,1,0,0,0,0,0,0,0,63,8888,357,8888,344
4,12,10,2010.0,0,0,0,0,0,0,0,0,3,1,2,2,1,1,1,1,0,0,0,0,0,0,0,0,3,8888,12,8888,344
5,12,10,2010.0,38,38,36,28,8,24,39,43,47,49,46,51,55,54,53,45,45,42,37,47,35,33,34,40,55,8,8888,40,344
6,12,10,2010.0,16,16,16,15,16,15,13,13,13,13,13,12,12,13,13,13,12,12,15,11,5,5,5,5,15,8888,8888,8888,344
7,12,10,2010.0,30,23,31,38,20,27,30,22,26,14,17,12,11,20,16,14,13,8,13,9,13,13,13,14,38,8888,8888,19,344
8,12,10,2010.0,0,0,0,0,0,5,0,0,0,0,0,0,0,0,0,0,0,0,0,0,0,0,0,0,5,8888,5,8888,344
9,12,10,2010.0,0,0,0,0,0,0,0,0,0,0,0,0,0,0,0,0,0,0,0,0,0,0,0,0,0,8888,8888,8888,344
10,12,10,2010.0,0,0,0,0,0,0,1,10,10,10,10,10,10,10,10,10,2,0,0,0,0,0,0,0,10,8888,93,8888,344
1,12,11,2010.0,0,0,0,0,0,0,0,4,17,19,27,11,15,49,22,7,1,0,0,0,0,0,0,0,49,8888,171,8888,345
2,12,11,2010.0,0,0,0,0,0,0,0,0,0,0,0,0,0,4,0,0,0,0,0,0,0,0,0,0,4,8888,4,8888,345
3,12,11,2010.0,0,0,0,0,0,0,0,4,17,19,27,11,15,45,22,7,1,0,0,0,0,0,0,0,45,8888,167,8888,345
4,12,11,2010.0,0,0,0,0,0,0,0,0,0,0,0,0,0,1,0,0,0,0,0,0,0,0,0,0,1,8888,1,8888,345
5,12,11,2010.0,47,50,58,67,73,86,92,98,100,95,88,87,104,116,114,96,86,88,75,68,62,53,32,29,116,29,8888,78,345
6,12,11,2010.0,5,5,5,5,5,5,5,5,5,5,7,7,8,8,12,12,13,12,13,13,13,13,13,13,13,8888,8888,8888,345
7,12,11,2010.0,17,19,23,20,24,29,27,35,32,27,31,42,47,37,19,28,27,19,29,35,39,52,69,50,69,8888,8888,32,345
8,12,11,2010.0,0,0,0,0,0,0,0,0,0,0,5,50,35,0,0,0,0,5,0,0,0,0,0,0,50,8888,95,8888,345
9,12,11,2010.0,0,0,0,0,0,0,0,0,0,0,0,0,0,0,0,0,0,0,0,0,0,0,0,0,0,8888,8888,8888,345
10,12,11,2010.0,0,0,0,0,0,0,1,10,10,10,10,10,10,10,10,10,2,0,0,0,0,0,0,0,10,8888,93,8888,345
1,12,12,2010.0,0,0,0,0,0,0,0,5,16,28,59,74,78,38,28,12,1,0,0,0,0,0,0,0,78,8888,340,8888,346
2,12,12,2010.0,0,0,0,0,0,0,0,0,0,0,5,13,13,0,0,0,0,0,0,0,0,0,0,0,13,8888,31,8888,346
3,12,12,2010.0,0,0,0,0,0,0,0,5,16,28,54,61,66,38,28,11,1,0,0,0,0,0,0,0,66,8888,309,8888,346
4,12,12,2010.0,0,0,0,0,0,0,0,0,0,0,1,2,2,0,0,0,0,0,0,0,0,0,0,0,2,8888,5,8888,346
5,12,12,2010.0,17,12,11,10,11,13,11,12,9,13,14,20,18,11,14,13,17,20,23,27,28,27,31,25,31,9,8888,17,346
6,12,12,2010.0,13,13,13,13,13,13,13,13,13,13,13,13,13,12,13,13,13,13,13,13,13,13,13,13,13,8888,8888,8888,346
7,12,12,2010.0,52,54,38,54,64,52,61,59,49,44,37,23,22,16,27,32,29,39,42,37,34,20,17,16,64,8888,8888,38,346
8,12,12,2010.0,0,0,0,0,0,0,0,0,0,0,0,0,0,0,0,0,0,0,0,0,0,0,0,0,0,8888,0,8888,346
9,12,12,2010.0,0,0,0,0,0,0,0,0,0,0,0,0,0,0,0,0,0,0,0,0,0,0,0,0,0,8888,8888,8888,346
10,12,12,2010.0,0,0,0,0,0,0,1,10,10,10,10,10,10,10,10,10,2,0,0,0,0,0,0,0,10,8888,93,8888,346
1,12,13,2010.0,0,0,0,0,0,0,0,6,23,38,47,35,26,21,14,5,1,0,0,0,0,0,0,0,47,8888,215,8888,347
2,12,13,2010.0,0,0,0,0,0,0,0,0,0,0,0,0,0,0,0,0,0,0,0,0,0,0,0,0,0,8888,1,8888,347
3,12,13,2010.0,0,0,0,0,0,0,0,6,23,38,46,35,26,21,14,5,1,0,0,0,0,0,0,0,46,8888,214,8888,347
4,12,13,2010.0,0,0,0,0,0,0,0,0,0,0,0,0,0,0,0,0,0,0,0,0,0,0,0,0,0,8888,0,8888,347
5,12,13,2010.0,9,0,-8,3,-3,-4,4,3,26,40,52,53,53,50,41,29,26,36,63,50,47,45,44,49,63,-8,8888,30,347
6,12,13,2010.0,1,1,2,5,5,4,7,1,1,16,10,2,2,4,2,1,1,2,5,2,1,15,0,16,2,8888,8888,8888,347
7,12,13,2010.0,20,18,8,10,8,10,6,14,9,15,7,5,10,4,10,16,13,5,18,26,23,19,2,17,26,8888,8888,12,347
8,12,13,2010.0,0,0,0,0,0,0,0,0,0,0,0,0,0,0,0,0,0,0,0,5,20,25,25,10,25,8888,85,8888,347
9,12,13,2010.0,0,0,0,0,0,0,0,0,0,0,0,0,0,0,0,0,0,0,0,0,0,0,0,0,0,8888,8888,8888,347
10,12,13,2010.0,0,0,0,0,0,0,1,10,10,10,10,10,10,10,10,10,2,0,0,0,0,0,0,0,10,8888,93,8888,347
1,12,14,2010.0,0,0,0,0,0,0,0,5,18,29,60,36,23,24,26,12,1,0,0,0,0,0,0,0,60,8888,235,8888,348
2,12,14,2010.0,0,0,0,0,0,0,0,0,0,0,5,0,0,0,0,0,0,0,0,0,0,0,0,0,5,8888,6,8888,348
3,12,14,2010.0,0,0,0,0,0,0,0,5,18,29,55,36,23,24,26,12,1,0,0,0,0,0,0,0,55,8888,229,8888,348
4,12,14,2010.0,0,0,0,0,0,0,0,0,0,0,1,0,0,0,0,0,0,0,0,0,0,0,0,0,1,8888,1,8888,348
5,12,14,2010.0,45,50,49,44,51,52,56,61,65,72,77,76,63,57,59,55,41,36,28,24,17,10,7,5,77,5,8888,46,348
6,12,14,2010.0,1,16,1,2,15,16,14,16,15,16,15,15,15,16,1,16,15,16,16,15,16,15,15,15,15,8888,8888,8888,348
7,12,14,2010.0,9,8,11,5,12,15,13,21,28,31,31,32,43,35,25,28,30,35,25,29,34,28,21,41,43,8888,8888,25,348
8,12,14,2010.0,0,0,0,0,0,0,0,0,0,0,0,0,5,0,0,0,0,5,10,10,10,10,5,10,10,8888,65,8888,348
9,12,14,2010.0,0,0,0,0,0,0,0,0,0,0,0,0,0,0,0,0,0,0,0,0,0,0,0,0,0,8888,8888,8888,348
10,12,14,2010.0,0,0,0,0,0,0,1,10,10,10,10,10,10,10,10,10,2,0,0,0,0,0,0,0,10,8888,93,8888,348
1,12,15,2010.0,0,0,0,0,0,0,0,5,19,51,31,35,55,29,18,7,1,0,0,0,0,0,0,0,55,8888,252,8888,349
2,12,15,2010.0,0,0,0,0,0,0,0,0,0,4,0,0,1,0,0,0,0,0,0,0,0,0,0,0,4,8888,5,8888,349
3,12,15,2010.0,0,0,0,0,0,0,0,5,19,47,31,35,54,29,18,7,1,0,0,0,0,0,0,0,54,8888,247,8888,349
4,12,15,2010.0,0,0,0,0,0,0,0,0,0,1,0,0,0,0,0,0,0,0,0,0,0,0,0,0,1,8888,2,8888,349
5,12,15,2010.0,3,17,12,6,11,7,-5,-2,-9,-2,-20,-14,-21,-26,-25,-28,-28,-25,-29,-31,-30,-29,-37,-22,17,-37,8888,-14,349
6,12,15,2010.0,15,13,13,13,13,13,13,13,13,12,13,13,13,13,13,13,13,13,14,14,14,14,16,13,13,8888,8888,8888,349
7,12,15,2010.0,28,44,68,43,46,85,82,65,67,27,37,33,51,72,35,50,43,34,27,51,46,40,31,20,85,8888,8888,47,349
8,12,15,2010.0,5,0,5,0,0,0,0,0,0,0,0,10,0,0,0,0,0,0,0,5,0,0,0,0,10,8888,25,8888,349
9,12,15,2010.0,0,0,0,0,0,0,0,0,0,0,0,0,0,0,0,0,0,0,0,0,0,1,1,1,1,8888,8888,8888,349
10,12,15,2010.0,0,0,0,0,0,0,0,10,10,10,10,10,10,10,10,10,2,0,0,0,0,0,0,0,10,8888,93,8888,349
1,12,16,2010.0,0,0,0,0,0,0,0,14,43,44,64,44,30,29,26,7,1,0,0,0,0,0,0,0,64,8888,302,8888,350
2,12,16,2010.0,0,0,0,0,0,0,0,1,5,0,4,0,0,0,0,0,0,0,0,0,0,0,0,0,5,8888,11,8888,350
3,12,16,2010.0,0,0,0,0,0,0,0,13,38,44,59,44,30,29,26,7,1,0,0,0,0,0,0,0,59,8888,291,8888,350
4,12,16,2010.0,0,0,0,0,0,0,0,1,2,0,1,0,0,0,0,0,0,0,0,0,0,0,0,0,2,8888,4,8888,350
5,12,16,2010.0,-18,-19,-17,-10,-11,-7,-1,-1,0,2,4,1,-11,-7,-7,-8,-8,-14,-14,-11,-10,-10,-10,-9,4,-19,8888,-8,350
6,12,16,2010.0,13,12,12,13,13,13,13,13,15,14,14,16,5,6,16,16,2,15,15,16,15,2,16,16,14,8888,8888,8888,350
7,12,16,2010.0,21,15,19,24,17,25,21,23,32,34,28,22,10,10,15,16,13,10,10,18,15,8,11,24,34,8888,8888,18,350
8,12,16,2010.0,0,0,0,0,0,0,0,0,0,0,0,0,0,0,0,0,0,0,5,0,0,0,0,5,5,8888,10,8888,350
9,12,16,2010.0,3,2,2,2,2,1,1,1,2,2,2,2,1,1,1,1,1,1,0,0,1,1,1,0,3,8888,8888,8888,350
10,12,16,2010.0,0,0,0,0,0,0,0,10,10,10,10,10,10,10,10,10,2,0,0,0,0,0,0,0,10,8888,93,8888,350
1,12,17,2010.0,0,0,0,0,0,0,0,11,44,79,133,160,151,82,38,12,1,0,0,0,0,0,0,0,160,8888,711,8888,351
2,12,17,2010.0,0,0,0,0,0,0,0,0,5,18,71,126,118,19,2,0,0,0,0,0,0,0,0,0,126,8888,359,8888,351
3,12,17,2010.0,0,0,0,0,0,0,0,10,38,61,62,34,33,63,36,12,1,0,0,0,0,0,0,0,63,8888,352,8888,351
4,12,17,2010.0,0,0,0,0,0,0,0,0,2,4,8,10,10,4,1,0,0,0,0,0,0,0,0,0,10,8888,40,8888,351
5,12,17,2010.0,3,2,2,-1,-4,-1,0,2,12,7,26,24,29,18,17,10,-3,2,16,29,34,32,27,8,34,-4,8888,12,351
6,12,17,2010.0,14,14,13,14,14,13,12,12,13,13,13,13,13,15,5,5,4,6,4,4,4,5,5,5,14,8888,8888,8888,351
7,12,17,2010.0,41,37,34,33,24,27,12,15,15,22,17,19,14,14,5,11,4,20,15,32,27,30,26,27,41,8888,8888,22,351
8,12,17,2010.0,5,0,0,0,0,0,0,0,0,0,0,0,0,0,0,0,0,0,0,0,0,0,0,30,30,8888,35,8888,351
9,12,17,2010.0,3,3,3,3,3,3,3,3,3,3,3,3,3,2,3,2,2,2,2,2,2,2,2,5,5,8888,8888,8888,351
10,12,17,2010.0,0,0,0,0,0,0,0,10,10,10,10,10,10,10,10,10,2,0,0,0,0,0,0,0,10,8888,92,8888,351
1,12,18,2010.0,0,0,0,0,0,0,0,7,49,60,66,136,19,38,18,6,1,0,0,0,0,0,0,0,136,8888,400,8888,352
2,12,18,2010.0,0,0,0,0,0,0,0,0,11,8,4,57,0,0,0,0,0,0,0,0,0,0,0,0,57,8888,81,8888,352
3,12,18,2010.0,0,0,0,0,0,0,0,7,38,52,62,79,19,37,18,6,1,0,0,0,0,0,0,0,79,8888,319,8888,352
4,12,18,2010.0,0,0,0,0,0,0,0,0,4,2,1,7,0,0,0,0,0,0,0,0,0,0,0,0,7,8888,14,8888,352
5,12,18,2010.0,9,14,18,20,28,44,38,43,43,39,42,44,28,20,10,6,14,22,16,8,20,23,25,27,44,6,8888,25,352
6,12,18,2010.0,5,5,5,5,10,13,13,12,12,12,13,13,14,14,15,13,14,13,13,13,13,13,13,14,13,8888,8888,8888,352
7,12,18,2010.0,18,16,15,15,9,46,51,19,21,18,18,52,69,67,39,75,37,54,53,73,30,26,41,40,75,8888,8888,38,352
8,12,18,2010.0,50,0,5,0,0,0,0,0,0,0,0,0,10,0,0,5,0,0,0,0,0,0,0,0,50,8888,70,8888,352
9,12,18,2010.0,9,10,10,9,9,9,8,8,7,8,7,6,5,5,4,5,4,4,4,4,4,4,4,3,10,8888,8888,8888,352
10,12,18,2010.0,0,0,0,0,0,0,0,10,10,10,10,10,10,10,10,10,2,0,0,0,0,0,0,0,10,8888,92,8888,352
1,12,19,2010.0,0,0,0,0,0,0,0,7,63,82,149,164,156,127,82,30,1,0,0,0,0,0,0,0,164,8888,861,8888,353
2,12,19,2010.0,0,0,0,0,0,0,0,0,31,23,117,130,123,98,59,16,0,0,0,0,0,0,0,0,130,8888,598,8888,353
3,12,19,2010.0,0,0,0,0,0,0,0,7,32,59,32,34,33,29,23,14,1,0,0,0,0,0,0,0,59,8888,263,8888,353
4,12,19,2010.0,0,0,0,0,0,0,0,0,8,5,10,10,10,10,10,9,0,0,0,0,0,0,0,0,10,8888,72,8888,353
5,12,19,2010.0,24,21,18,24,19,17,9,13,33,37,43,50,55,58,52,39,36,37,48,53,53,56,56,59,59,9,8888,38,353
6,12,19,2010.0,14,14,15,14,16,16,16,5,6,6,6,6,5,6,6,5,4,3,5,4,4,5,5,5,14,8888,8888,8888,353
7,12,19,2010.0,37,30,24,29,22,20,12,10,18,18,25,27,21,21,16,12,14,13,15,19,19,24,21,22,37,8888,8888,20,353
8,12,19,2010.0,0,0,0,0,0,0,0,0,0,0,0,0,0,0,0,0,0,0,0,0,0,0,0,0,0,8888,0,8888,353
9,12,19,2010.0,3,3,3,4,3,3,3,3,3,3,3,3,3,3,3,3,3,3,3,3,3,3,3,3,4,8888,8888,8888,353
10,12,19,2010.0,0,0,0,0,0,0,0,10,10,10,10,10,10,10,10,10,2,0,0,0,0,0,0,0,10,8888,92,8888,353
1,12,20,2010.0,0,0,0,0,0,0,0,2,6,40,88,70,99,30,29,11,1,0,0,0,0,0,0,0,99,8888,375,8888,354
2,12,20,2010.0,0,0,0,0,0,0,0,0,0,0,16,5,30,0,0,0,0,0,0,0,0,0,0,0,30,8888,52,8888,354
3,12,20,2010.0,0,0,0,0,0,0,0,2,6,39,72,65,69,29,29,11,1,0,0,0,0,0,0,0,72,8888,323,8888,354
4,12,20,2010.0,0,0,0,0,0,0,0,0,0,0,3,1,4,0,0,0,0,0,0,0,0,0,0,0,4,8888,9,8888,354
5,12,20,2010.0,66,68,72,78,83,76,60,53,72,75,93,96,94,77,72,68,68,66,65,65,66,65,61,61,96,53,8888,72,354
6,12,20,2010.0,5,5,5,5,5,5,5,7,13,14,11,12,12,13,13,13,13,13,13,13,13,13,13,13,13,8888,8888,8888,354
7,12,20,2010.0,22,22,20,29,30,30,29,44,11,15,39,40,19,23,20,22,23,28,17,17,33,36,30,46,46,8888,8888,27,354
8,12,20,2010.0,0,0,0,0,0,0,20,105,55,0,0,0,0,0,0,0,0,0,0,0,0,0,0,0,105,8888,180,8888,354
9,12,20,2010.0,3,3,3,3,3,3,3,3,3,2,2,0,0,0,0,0,0,0,0,0,0,0,0,0,3,8888,8888,8888,354
10,12,20,2010.0,0,0,0,0,0,0,0,10,10,10,10,10,10,10,10,10,2,0,0,0,0,0,0,0,10,8888,92,8888,354
1,12,21,2010.0,0,0,0,0,0,0,0,15,67,112,146,157,149,101,34,11,1,0,0,0,0,0,0,0,157,8888,794,8888,355
2,12,21,2010.0,0,0,0,0,0,0,0,3,48,89,120,130,123,52,3,0,0,0,0,0,0,0,0,0,130,8888,568,8888,355
3,12,21,2010.0,0,0,0,0,0,0,0,12,19,23,26,27,27,49,31,11,1,0,0,0,0,0,0,0,49,8888,226,8888,355
4,12,21,2010.0,0,0,0,0,0,0,0,2,10,10,10,10,10,7,1,0,0,0,0,0,0,0,0,0,10,8888,60,8888,355
5,12,21,2010.0,61,58,60,55,50,53,52,54,69,77,84,89,88,78,73,53,43,38,29,30,26,32,73,78,89,26,8888,58,355
6,12,21,2010.0,13,14,14,15,15,15,15,15,15,14,13,14,13,13,14,3,16,2,16,2,1,2,2,3,13,8888,8888,8888,355
7,12,21,2010.0,46,34,29,34,25,32,25,24,22,20,25,20,16,22,15,7,16,7,12,11,11,9,37,34,46,8888,8888,22,355
8,12,21,2010.0,0,0,0,0,0,0,0,0,0,0,0,0,0,0,0,0,0,0,0,0,0,0,0,0,0,8888,0,8888,355
9,12,21,2010.0,0,0,0,0,0,0,0,0,0,0,0,0,0,0,0,0,0,0,0,0,0,0,0,0,0,8888,8888,8888,355
10,12,21,2010.0,0,0,0,0,0,0,0,10,10,10,10,10,10,10,10,10,2,0,0,0,0,0,0,0,10,8888,92,8888,355
1,12,22,2010.0,0,0,0,0,0,0,0,3,6,10,35,32,18,9,8,6,1,0,0,0,0,0,0,0,35,8888,127,8888,356
2,12,22,2010.0,0,0,0,0,0,0,0,0,0,0,0,0,0,0,0,0,0,0,0,0,0,0,0,0,0,8888,0,8888,356
3,12,22,2010.0,0,0,0,0,0,0,0,3,6,10,35,32,18,9,8,6,1,0,0,0,0,0,0,0,35,8888,127,8888,356
4,12,22,2010.0,0,0,0,0,0,0,0,0,0,0,0,0,0,0,0,0,0,0,0,0,0,0,0,0,0,8888,0,8888,356
5,12,22,2010.0,80,86,86,83,86,82,69,64,59,57,77,70,66,58,58,69,63,58,58,62,65,64,59,56,86,56,8888,68,356
6,12,22,2010.0,2,2,2,2,3,3,2,2,3,2,3,1,16,16,16,16,2,15,14,14,7,14,14,2,2,8888,8888,8888,356
7,12,22,2010.0,41,43,50,50,43,38,42,34,34,38,29,34,37,30,18,18,20,17,17,15,17,20,17,21,50,8888,8888,30,356
8,12,22,2010.0,0,0,0,0,0,0,0,0,30,25,0,0,0,35,15,0,0,5,5,0,0,0,5,0,35,8888,120,8888,356
9,12,22,2010.0,0,0,0,0,0,0,0,0,0,0,0,0,0,0,0,0,0,0,0,0,0,0,0,0,0,8888,8888,8888,356
10,12,22,2010.0,0,0,0,0,0,0,0,10,10,10,10,10,10,10,10,10,3,0,0,0,0,0,0,0,10,8888,92,8888,356
1,12,23,2010.0,0,0,0,0,0,0,0,3,10,12,21,56,65,43,32,11,1,0,0,0,0,0,0,0,65,8888,254,8888,357
2,12,23,2010.0,0,0,0,0,0,0,0,0,0,0,0,1,12,0,3,0,0,0,0,0,0,0,0,0,12,8888,16,8888,357
3,12,23,2010.0,0,0,0,0,0,0,0,3,10,12,21,55,53,43,29,11,1,0,0,0,0,0,0,0,55,8888,238,8888,357
4,12,23,2010.0,0,0,0,0,0,0,0,0,0,0,0,0,2,0,1,0,0,0,0,0,0,0,0,0,2,8888,3,8888,357
5,12,23,2010.0,51,54,44,55,49,44,51,57,56,63,63,69,62,73,75,71,63,66,71,69,59,56,53,52,75,44,8888,59,357
6,12,23,2010.0,15,15,1,13,14,2,16,16,15,15,15,15,15,14,14,14,14,14,13,13,13,13,13,13,1,8888,8888,8888,357
7,12,23,2010.0,25,28,64,22,22,19,22,32,39,50,51,56,64,47,44,50,63,54,62,58,54,55,57,44,64,8888,8888,45,357
8,12,23,2010.0,0,0,0,5,0,0,0,0,15,20,10,0,5,0,5,5,5,0,0,0,0,0,0,0,20,8888,70,8888,357
9,12,23,2010.0,0,0,0,0,0,0,0,0,0,0,0,0,0,0,0,0,0,0,0,0,0,0,0,0,0,8888,8888,8888,357
10,12,23,2010.0,0,0,0,0,0,0,0,10,10,10,10,10,10,10,10,10,3,0,0,0,0,0,0,0,10,8888,92,8888,357
1,12,24,2010.0,0,0,0,0,0,0,0,6,18,32,32,35,34,37,20,8,1,0,0,0,0,0,0,0,37,8888,223,8888,358
2,12,24,2010.0,0,0,0,0,0,0,0,0,0,0,0,0,0,0,0,0,0,0,0,0,0,0,0,0,0,8888,1,8888,358
3,12,24,2010.0,0,0,0,0,0,0,0,6,18,32,32,35,34,36,20,8,1,0,0,0,0,0,0,0,36,8888,223,8888,358
4,12,24,2010.0,0,0,0,0,0,0,0,0,0,0,0,0,0,0,0,0,0,0,0,0,0,0,0,0,0,8888,0,8888,358
5,12,24,2010.0,48,47,46,41,42,28,15,29,14,7,6,-4,-7,-14,-21,-25,-30,-29,-30,-29,-38,-29,-24,-27,48,-38,8888,1,358
6,12,24,2010.0,13,13,13,13,13,13,13,13,13,13,12,12,12,12,12,12,13,12,12,12,12,13,12,12,13,8888,8888,8888,358
7,12,24,2010.0,62,55,68,57,55,68,32,79,46,55,25,32,28,25,36,36,37,34,30,39,53,40,36,41,79,8888,8888,45,358
8,12,24,2010.0,0,0,0,0,0,0,5,0,0,0,0,0,0,0,0,0,0,0,0,0,0,0,0,0,5,8888,5,8888,358
9,12,24,2010.0,0,0,0,0,0,0,0,0,0,0,0,0,0,0,0,0,0,0,0,0,0,0,0,0,0,8888,8888,8888,358
10,12,24,2010.0,0,0,0,0,0,0,0,10,10,10,10,10,10,10,10,10,3,0,0,0,0,0,0,0,10,8888,92,8888,358
1,12,25,2010.0,0,0,0,0,0,0,0,6,31,51,55,59,64,49,20,9,1,0,0,0,0,0,0,0,64,8888,345,8888,359
2,12,25,2010.0,0,0,0,0,0,0,0,0,2,3,1,1,4,1,0,0,0,0,0,0,0,0,0,0,4,8888,11,8888,359
3,12,25,2010.0,0,0,0,0,0,0,0,6,29,47,54,58,60,48,20,9,1,0,0,0,0,0,0,0,60,8888,334,8888,359
4,12,25,2010.0,0,0,0,0,0,0,0,0,1,1,0,0,1,0,0,0,0,0,0,0,0,0,0,0,1,8888,3,8888,359
5,12,25,2010.0,-23,-25,-18,-23,-25,-20,-20,-23,-19,-17,-12,-10,-5,-5,-14,-8,-8,-5,-7,-5,-7,-7,-12,-4,-4,-25,8888,-13,359
6,12,25,2010.0,12,13,12,12,12,12,12,12,12,12,12,12,12,12,12,12,12,12,12,12,12,12,12,12,12,8888,8888,8888,359
7,12,25,2010.0,37,50,41,42,44,49,37,51,42,52,36,35,36,31,37,42,41,31,38,35,37,40,33,36,52,8888,8888,40,359
8,12,25,2010.0,0,0,0,0,0,5,0,0,0,0,0,0,0,0,5,0,0,0,0,5,0,0,5,0,5,8888,20,8888,359
9,12,25,2010.0,0,2,3,4,3,3,3,3,3,3,3,3,3,3,3,3,3,3,3,3,3,3,6,6,6,8888,8888,8888,359
10,12,25,2010.0,0,0,0,0,0,0,0,10,10,10,10,10,10,10,10,10,3,0,0,0,0,0,0,0,10,8888,92,8888,359
1,12,26,2010.0,0,0,0,0,0,0,0,6,16,35,61,72,63,54,34,15,2,0,0,0,0,0,0,0,72,8888,358,8888,360
2,12,26,2010.0,0,0,0,0,0,0,0,0,0,0,1,5,1,1,0,0,0,0,0,0,0,0,0,0,5,8888,8,8888,360
3,12,26,2010.0,0,0,0,0,0,0,0,6,16,35,60,67,63,53,33,15,2,0,0,0,0,0,0,0,67,8888,350,8888,360
4,12,26,2010.0,0,0,0,0,0,0,0,0,0,0,0,1,0,0,0,0,0,0,0,0,0,0,0,0,1,8888,2,8888,360
5,12,26,2010.0,-2,1,1,-3,3,5,6,9,7,10,21,17,21,26,22,23,23,24,22,21,23,19,19,16,26,-3,8888,14,360
6,12,26,2010.0,13,12,12,12,12,12,12,12,12,13,12,12,13,13,13,13,13,13,13,13,13,13,15,14,13,8888,8888,8888,360
7,12,26,2010.0,42,36,37,35,34,39,29,27,28,32,33,27,21,20,21,39,31,27,33,24,24,29,27,30,42,8888,8888,30,360
8,12,26,2010.0,0,0,0,10,0,5,0,0,5,0,0,0,0,0,0,0,0,0,0,0,0,0,0,0,10,8888,20,8888,360
9,12,26,2010.0,6,6,8,7,7,7,6,7,8,9,9,9,8,8,8,8,7,7,7,7,6,6,6,8,9,8888,8888,8888,360
10,12,26,2010.0,0,0,0,0,0,0,0,9,10,10,10,10,10,10,10,10,3,0,0,0,0,0,0,0,10,8888,92,8888,360
1,12,27,2010.0,0,0,0,0,0,0,0,7,64,106,62,99,140,79,24,12,2,0,0,0,0,0,0,0,140,8888,594,8888,361
2,12,27,2010.0,0,0,0,0,0,0,0,0,32,63,1,18,75,19,0,0,0,0,0,0,0,0,0,0,75,8888,207,8888,361
3,12,27,2010.0,0,0,0,0,0,0,0,7,32,43,61,81,65,59,24,12,2,0,0,0,0,0,0,0,81,8888,387,8888,361
4,12,27,2010.0,0,0,0,0,0,0,0,0,8,9,0,3,8,4,0,0,0,0,0,0,0,0,0,0,9,8888,32,8888,361
5,12,27,2010.0,13,14,5,-1,-6,-9,-5,7,18,33,25,23,26,4,3,8,18,21,20,16,18,17,0,4,33,-9,8888,11,361
6,12,27,2010.0,16,15,16,3,3,1,2,1,16,14,14,13,13,14,15,15,13,13,13,13,13,13,15,16,13,8888,8888,8888,361
7,12,27,2010.0,25,20,26,15,5,16,11,20,26,22,30,40,30,23,21,19,15,30,25,35,35,29,37,24,40,8888,8888,24,361
8,12,27,2010.0,0,0,0,0,0,0,0,0,0,0,0,0,0,5,0,0,0,5,0,0,0,0,0,0,5,8888,10,8888,361
9,12,27,2010.0,9,9,11,10,11,10,11,11,10,11,11,11,12,11,10,11,10,10,10,10,10,9,9,9,12,8888,8888,8888,361
10,12,27,2010.0,0,0,0,0,0,0,0,9,10,10,10,10,10,10,10,10,3,0,0,0,0,0,0,0,10,8888,92,8888,361
1,12,28,2010.0,0,0,0,0,0,0,0,2,13,35,41,39,32,28,19,5,2,0,0,0,0,0,0,0,41,8888,216,8888,362
2,12,28,2010.0,0,0,0,0,0,0,0,0,0,0,0,0,0,0,0,0,0,0,0,0,0,0,0,0,0,8888,0,8888,362
3,12,28,2010.0,0,0,0,0,0,0,0,2,13,35,41,39,32,28,19,5,2,0,0,0,0,0,0,0,41,8888,215,8888,362
4,12,28,2010.0,0,0,0,0,0,0,0,0,0,0,0,0,0,0,0,0,0,0,0,0,0,0,0,0,0,8888,0,8888,362
5,12,28,2010.0,12,-1,-1,7,5,-2,-1,0,4,12,18,16,15,13,10,6,12,18,38,45,40,41,53,51,53,-2,8888,17,362
6,12,28,2010.0,14,16,1,16,5,4,0,0,0,4,6,5,5,5,1,1,1,14,3,4,4,4,4,4,14,8888,8888,8888,362
7,12,28,2010.0,29,17,10,20,15,8,0,0,0,5,9,11,6,8,9,14,6,14,25,26,28,14,24,23,29,8888,8888,13,362
8,12,28,2010.0,0,0,0,0,5,20,45,20,5,0,0,0,0,5,0,5,0,0,5,0,0,5,0,0,45,8888,115,8888,362
9,12,28,2010.0,9,9,9,9,9,9,9,10,11,11,11,11,11,10,9,9,9,9,9,9,8,8,7,6,11,8888,8888,8888,362
10,12,28,2010.0,0,0,0,0,0,0,0,9,10,10,10,10,10,10,10,10,3,0,0,0,0,0,0,0,10,8888,93,8888,362
1,12,29,2010.0,0,0,0,0,0,0,0,2,5,24,44,48,60,62,30,11,2,0,0,0,0,0,0,0,62,8888,287,8888,363
2,12,29,2010.0,0,0,0,0,0,0,0,0,0,0,0,0,1,9,0,0,0,0,0,0,0,0,0,0,9,8888,10,8888,363
3,12,29,2010.0,0,0,0,0,0,0,0,2,5,24,43,47,59,53,30,11,2,0,0,0,0,0,0,0,59,8888,277,8888,363
4,12,29,2010.0,0,0,0,0,0,0,0,0,0,0,0,0,0,2,0,0,0,0,0,0,0,0,0,0,2,8888,2,8888,363
5,12,29,2010.0,54,44,21,18,31,26,31,26,30,26,34,24,32,27,26,19,14,7,9,7,4,12,10,8,54,4,8888,22,363
6,12,29,2010.0,3,5,1,4,1,3,15,15,14,14,13,13,13,13,13,13,13,13,13,13,13,13,13,13,14,8888,8888,8888,363
7,12,29,2010.0,22,15,13,6,8,3,49,66,80,67,76,75,62,46,45,36,31,39,36,37,43,28,16,35,80,8888,8888,39,363
8,12,29,2010.0,0,0,5,0,0,10,15,10,30,5,0,0,0,0,0,0,0,0,0,0,0,0,0,0,30,8888,75,8888,363
9,12,29,2010.0,6,6,5,5,6,6,6,4,3,2,3,2,2,1,1,1,1,1,1,1,1,2,2,1,6,8888,8888,8888,363
10,12,29,2010.0,0,0,0,0,0,0,0,9,10,10,10,10,10,10,10,10,3,0,0,0,0,0,0,0,10,8888,93,8888,363
1,12,30,2010.0,0,0,0,0,0,0,0,17,46,107,147,145,71,42,35,13,2,0,0,0,0,0,0,0,147,8888,624,8888,364
2,12,30,2010.0,0,0,0,0,0,0,0,3,14,72,121,99,5,0,0,0,0,0,0,0,0,0,0,0,121,8888,314,8888,364
3,12,30,2010.0,0,0,0,0,0,0,0,14,33,35,26,46,66,42,35,13,2,0,0,0,0,0,0,0,66,8888,311,8888,364
4,12,30,2010.0,0,0,0,0,0,0,0,2,4,9,10,9,1,0,0,0,0,0,0,0,0,0,0,0,10,8888,36,8888,364
5,12,30,2010.0,6,11,11,11,10,4,-7,-9,7,19,30,34,29,28,36,25,19,35,31,41,42,43,43,34,43,-9,8888,22,364
6,12,30,2010.0,12,12,13,13,13,14,1,3,5,5,5,7,7,5,11,4,2,5,5,3,3,3,3,4,3,8888,8888,8888,364
7,12,30,2010.0,21,19,20,23,36,24,17,7,9,13,11,18,12,11,8,8,10,17,16,29,34,47,38,25,47,8888,8888,20,364
8,12,30,2010.0,0,0,0,0,0,0,0,0,0,0,0,0,0,0,0,0,0,0,0,0,0,0,0,0,0,8888,0,8888,364
9,12,30,2010.0,2,2,1,1,1,1,0,0,0,0,0,0,1,1,1,0,0,0,0,0,0,0,0,0,2,8888,8888,8888,364
10,12,30,2010.0,0,0,0,0,0,0,0,9,10,10,10,10,10,10,10,10,3,0,0,0,0,0,0,0,10,8888,93,8888,364
1,12,31,2010.0,0,0,0,0,0,0,0,2,6,10,16,36,33,38,25,9,2,0,0,0,0,0,0,0,38,8888,176,8888,365
2,12,31,2010.0,0,0,0,0,0,0,0,0,0,0,0,0,0,0,0,0,0,0,0,0,0,0,0,0,0,8888,0,8888,365
3,12,31,2010.0,0,0,0,0,0,0,0,2,6,10,16,36,33,38,25,9,2,0,0,0,0,0,0,0,38,8888,176,8888,365
4,12,31,2010.0,0,0,0,0,0,0,0,0,0,0,0,0,0,0,0,0,0,0,0,0,0,0,0,0,0,8888,0,8888,365
5,12,31,2010.0,14,37,46,35,20,13,11,8,6,5,14,15,20,28,31,30,32,28,24,23,21,20,25,24,46,5,8888,22,365
6,12,31,2010.0,3,3,3,6,5,5,2,1,16,2,5,5,3,15,2,8,11,15,1,16,4,16,12,13,3,8888,8888,8888,365
7,12,31,2010.0,46,40,46,21,19,11,6,11,8,5,15,18,35,30,38,20,34,37,16,15,16,14,13,10,46,8888,8888,22,365
8,12,31,2010.0,0,0,0,0,0,0,0,10,20,25,20,5,5,0,0,0,0,0,0,0,0,0,0,0,25,8888,85,8888,365
9,12,31,2010.0,0,0,0,0,1,4,3,5,5,6,7,8,8,7,8,8,8,7,7,7,7,7,6,7,8,8888,8888,8888,365
10,12,31,2010.0,0,0,0,0,0,0,0,9,10,10,10,10,10,10,10,10,3,0,0,0,0,0,0,0,10,8888,93,8888,365
